timestamp_utc,cell_id,enodeb_id,frequency_band,avg_rsrp_dBm,avg_rsrq_dB,avg_sinr_dB,prb_utilization_dl_pct,prb_utilization_ul_pct,active_ue_avg
2026-10-13 00:00:00,RJPN-001-1,RJPN-001,Band 1 (2100MHz),-86.9,-6.7,11.0,11.7,0.0,0.0
2026-10-13 00:00:00,RJPN-001-2,RJPN-001,Band 1 (2100MHz),-79.9,-8.7,14.3,0.0,0.0,32.7
2026-10-13 00:00:00,RJPN-001-3,RJPN-001,Band 1 (2100MHz),-97.3,-7.5,9.7,21.4,6.9,2.5
2026-10-13 00:00:00,RJPN-002-1,RJPN-002,Band 3 (1800MHz),-83.4,-6.2,14.3,7.3,5.9,23.8
2026-10-13 00:00:00,RJPN-002-2,RJPN-002,Band 3 (1800MHz),-96.3,-10.6,6.1,18.3,14.1,0.0
2026-10-13 00:00:00,RJPN-002-3,RJPN-002,Band 3 (1800MHz),-88.2,-8.1,18.7,0.3,2.7,9.7
2026-10-13 00:00:00,RJPN-003-1,RJPN-003,Band 1 (2100MHz),-86.2,-7.0,8.5,0.0,4.2,0.0
2026-10-13 00:00:00,RJPN-003-2,RJPN-003,Band 1 (2100MHz),-89.5,-7.0,13.6,4.3,5.5,4.8
2026-10-13 00:00:00,RJPN-003-3,RJPN-003,Band 1 (2100MHz),-87.2,-8.2,8.1,0.0,8.8,64.8
2026-10-13 00:00:00,RJPN-004-1,RJPN-004,Band 3 (1800MHz),-82.2,-9.7,14.3,13.7,0.0,21.7
2026-10-13 00:00:00,RJPN-004-2,RJPN-004,Band 3 (1800MHz),-85.6,-6.5,7.6,19.4,0.0,0.0
2026-10-13 00:00:00,RJPN-004-3,RJPN-004,Band 3 (1800MHz),-87.0,-5.1,10.9,0.0,15.3,0.0
2026-10-13 00:00:00,RJPN-005-1,RJPN-005,Band 1 (2100MHz),-83.9,-9.4,13.2,4.1,25.0,50.8
2026-10-13 00:00:00,RJPN-005-2,RJPN-005,Band 1 (2100MHz),-87.4,-8.8,15.6,2.1,0.7,10.9
2026-10-13 00:00:00,RJPN-005-3,RJPN-005,Band 1 (2100MHz),-87.6,-3.3,15.5,0.0,10.1,13.8
2026-10-13 00:00:00,RJPN-006-1,RJPN-006,Band 3 (1800MHz),-87.9,-8.6,15.4,27.3,0.0,0.0
2026-10-13 00:00:00,RJPN-006-2,RJPN-006,Band 3 (1800MHz),-84.9,-5.2,11.6,7.4,4.0,28.2
2026-10-13 00:00:00,RJPN-006-3,RJPN-006,Band 3 (1800MHz),-88.5,-7.6,7.4,9.4,0.0,5.0
2026-10-13 00:00:00,RJPN-007-1,RJPN-007,Band 1 (2100MHz),-81.5,-9.1,0.8,17.6,11.5,15.2
2026-10-13 00:00:00,RJPN-007-2,RJPN-007,Band 1 (2100MHz),-86.4,-8.0,18.7,21.7,0.0,0.0
2026-10-13 00:00:00,RJPN-007-3,RJPN-007,Band 1 (2100MHz),-90.0,-6.8,12.4,14.1,8.7,35.1
2026-10-13 00:00:00,RJPN-008-1,RJPN-008,Band 3 (1800MHz),-83.9,-6.2,14.8,0.0,34.5,29.5
2026-10-13 00:00:00,RJPN-008-2,RJPN-008,Band 3 (1800MHz),-82.1,-9.0,8.4,11.7,6.7,30.1
2026-10-13 00:00:00,RJPN-008-3,RJPN-008,Band 3 (1800MHz),-84.3,-5.9,9.8,15.1,10.0,0.0
2026-10-13 00:00:00,RJPN-009-1,RJPN-009,Band 1 (2100MHz),-90.6,-4.5,17.6,11.7,8.9,34.3
2026-10-13 00:00:00,RJPN-009-2,RJPN-009,Band 1 (2100MHz),-93.1,-6.7,10.5,16.3,8.8,37.0
2026-10-13 00:00:00,RJPN-009-3,RJPN-009,Band 1 (2100MHz),-75.7,-7.7,24.8,0.0,5.5,20.9
2026-10-13 00:00:00,RJPN-010-1,RJPN-010,Band 3 (1800MHz),-84.5,-6.5,16.0,10.8,0.0,17.8
2026-10-13 00:00:00,RJPN-010-2,RJPN-010,Band 3 (1800MHz),-84.8,-11.1,8.5,8.1,22.0,33.6
2026-10-13 00:00:00,RJPN-010-3,RJPN-010,Band 3 (1800MHz),-86.2,-5.5,17.3,6.6,0.0,0.0
2026-10-13 00:00:00,RJPN-011-1,RJPN-011,Band 1 (2100MHz),-80.0,-4.5,24.9,2.9,18.2,57.5
2026-10-13 00:00:00,RJPN-011-2,RJPN-011,Band 1 (2100MHz),-97.7,-15.6,9.5,0.0,26.6,0.0
2026-10-13 00:00:00,RJPN-011-3,RJPN-011,Band 1 (2100MHz),-100.5,-13.3,7.8,6.3,0.0,9.9
2026-10-13 01:00:00,RJPN-001-1,RJPN-001,Band 1 (2100MHz),-83.1,-6.3,20.4,0.0,0.0,0.0
2026-10-13 01:00:00,RJPN-001-2,RJPN-001,Band 1 (2100MHz),-82.5,-8.1,5.7,0.0,1.5,0.0
2026-10-13 01:00:00,RJPN-001-3,RJPN-001,Band 1 (2100MHz),-86.9,-9.2,8.2,11.4,0.0,6.2
2026-10-13 01:00:00,RJPN-002-1,RJPN-002,Band 3 (1800MHz),-87.8,-5.7,17.0,7.4,13.5,0.0
2026-10-13 01:00:00,RJPN-002-2,RJPN-002,Band 3 (1800MHz),-96.1,-10.4,-1.1,11.0,16.7,3.0
2026-10-13 01:00:00,RJPN-002-3,RJPN-002,Band 3 (1800MHz),-84.9,-11.1,16.0,0.0,0.0,11.2
2026-10-13 01:00:00,RJPN-003-1,RJPN-003,Band 1 (2100MHz),-80.9,-8.9,19.9,5.1,19.6,29.2
2026-10-13 01:00:00,RJPN-003-2,RJPN-003,Band 1 (2100MHz),-86.9,-7.6,14.6,12.2,11.8,0.5
2026-10-13 01:00:00,RJPN-003-3,RJPN-003,Band 1 (2100MHz),-80.9,-6.3,10.9,14.3,0.0,0.9
2026-10-13 01:00:00,RJPN-004-1,RJPN-004,Band 3 (1800MHz),-85.4,-4.4,8.8,0.0,2.7,0.0
2026-10-13 01:00:00,RJPN-004-2,RJPN-004,Band 3 (1800MHz),-92.6,-7.3,11.0,0.0,9.9,42.3
2026-10-13 01:00:00,RJPN-004-3,RJPN-004,Band 3 (1800MHz),-79.8,-4.4,22.2,15.6,15.1,0.0
2026-10-13 01:00:00,RJPN-005-1,RJPN-005,Band 1 (2100MHz),-84.4,-9.6,4.7,31.2,12.0,35.7
2026-10-13 01:00:00,RJPN-005-2,RJPN-005,Band 1 (2100MHz),-81.9,-8.2,16.7,25.5,0.0,20.5
2026-10-13 01:00:00,RJPN-005-3,RJPN-005,Band 1 (2100MHz),-80.8,-6.5,8.3,19.4,1.0,21.6
2026-10-13 01:00:00,RJPN-006-1,RJPN-006,Band 3 (1800MHz),-84.4,-5.1,15.1,0.0,7.3,0.0
2026-10-13 01:00:00,RJPN-006-2,RJPN-006,Band 3 (1800MHz),-87.4,-9.8,9.7,1.8,12.4,28.9
2026-10-13 01:00:00,RJPN-006-3,RJPN-006,Band 3 (1800MHz),-82.4,-9.9,10.9,0.0,0.3,0.0
2026-10-13 01:00:00,RJPN-007-1,RJPN-007,Band 1 (2100MHz),-88.0,-6.6,15.1,9.8,0.8,31.8
2026-10-13 01:00:00,RJPN-007-2,RJPN-007,Band 1 (2100MHz),-87.7,-10.2,7.8,38.9,0.0,14.6
2026-10-13 01:00:00,RJPN-007-3,RJPN-007,Band 1 (2100MHz),-77.6,-8.0,11.2,0.0,2.9,18.0
2026-10-13 01:00:00,RJPN-008-1,RJPN-008,Band 3 (1800MHz),-84.1,-6.5,19.2,5.7,7.3,0.0
2026-10-13 01:00:00,RJPN-008-2,RJPN-008,Band 3 (1800MHz),-84.0,-6.0,1.6,2.9,13.0,0.0
2026-10-13 01:00:00,RJPN-008-3,RJPN-008,Band 3 (1800MHz),-81.1,-7.8,16.0,25.0,21.1,22.1
2026-10-13 01:00:00,RJPN-009-1,RJPN-009,Band 1 (2100MHz),-84.7,-8.5,13.6,0.0,0.0,0.0
2026-10-13 01:00:00,RJPN-009-2,RJPN-009,Band 1 (2100MHz),-78.2,-10.7,23.8,10.1,8.5,0.0
2026-10-13 01:00:00,RJPN-009-3,RJPN-009,Band 1 (2100MHz),-74.9,-6.0,17.3,22.5,9.8,13.3
2026-10-13 01:00:00,RJPN-010-1,RJPN-010,Band 3 (1800MHz),-94.5,-4.7,19.4,0.0,3.8,71.7
2026-10-13 01:00:00,RJPN-010-2,RJPN-010,Band 3 (1800MHz),-84.6,-6.8,17.8,13.5,11.0,8.9
2026-10-13 01:00:00,RJPN-010-3,RJPN-010,Band 3 (1800MHz),-79.7,-3.8,8.6,28.8,13.1,30.3
2026-10-13 01:00:00,RJPN-011-1,RJPN-011,Band 1 (2100MHz),-81.2,-9.0,5.7,8.3,0.0,16.8
2026-10-13 01:00:00,RJPN-011-2,RJPN-011,Band 1 (2100MHz),-99.6,-10.1,-0.5,0.0,10.8,0.0
2026-10-13 01:00:00,RJPN-011-3,RJPN-011,Band 1 (2100MHz),-99.3,-10.1,2.8,0.0,0.0,21.0
2026-10-13 02:00:00,RJPN-001-1,RJPN-001,Band 1 (2100MHz),-84.2,-7.1,13.2,0.0,12.0,0.0
2026-10-13 02:00:00,RJPN-001-2,RJPN-001,Band 1 (2100MHz),-82.0,-7.9,20.0,14.2,3.8,32.3
2026-10-13 02:00:00,RJPN-001-3,RJPN-001,Band 1 (2100MHz),-80.0,-6.0,18.8,0.0,20.3,43.8
2026-10-13 02:00:00,RJPN-002-1,RJPN-002,Band 3 (1800MHz),-86.7,-7.4,10.6,27.6,4.7,22.3
2026-10-13 02:00:00,RJPN-002-2,RJPN-002,Band 3 (1800MHz),-107.5,-11.5,9.2,24.9,0.0,17.4
2026-10-13 02:00:00,RJPN-002-3,RJPN-002,Band 3 (1800MHz),-78.6,-3.6,13.9,8.1,0.0,36.9
2026-10-13 02:00:00,RJPN-003-1,RJPN-003,Band 1 (2100MHz),-82.8,-9.9,12.8,19.5,14.9,20.3
2026-10-13 02:00:00,RJPN-003-2,RJPN-003,Band 1 (2100MHz),-82.7,-6.0,10.0,7.6,6.0,2.0
2026-10-13 02:00:00,RJPN-003-3,RJPN-003,Band 1 (2100MHz),-85.4,-10.5,14.7,25.2,7.8,24.1
2026-10-13 02:00:00,RJPN-004-1,RJPN-004,Band 3 (1800MHz),-88.9,-5.3,9.0,0.0,2.2,12.9
2026-10-13 02:00:00,RJPN-004-2,RJPN-004,Band 3 (1800MHz),-82.0,-6.4,8.0,3.3,1.3,0.0
2026-10-13 02:00:00,RJPN-004-3,RJPN-004,Band 3 (1800MHz),-80.0,-7.7,16.4,25.9,0.0,0.0
2026-10-13 02:00:00,RJPN-005-1,RJPN-005,Band 1 (2100MHz),-85.3,-6.1,20.2,10.9,0.0,17.7
2026-10-13 02:00:00,RJPN-005-2,RJPN-005,Band 1 (2100MHz),-83.7,-9.4,12.4,0.0,10.5,38.1
2026-10-13 02:00:00,RJPN-005-3,RJPN-005,Band 1 (2100MHz),-87.5,-6.4,17.6,11.5,0.0,6.8
2026-10-13 02:00:00,RJPN-006-1,RJPN-006,Band 3 (1800MHz),-83.9,-10.0,14.6,2.9,22.3,40.9
2026-10-13 02:00:00,RJPN-006-2,RJPN-006,Band 3 (1800MHz),-83.3,-7.1,10.0,0.0,3.2,31.5
2026-10-13 02:00:00,RJPN-006-3,RJPN-006,Band 3 (1800MHz),-84.6,-8.6,15.4,30.6,9.3,0.0
2026-10-13 02:00:00,RJPN-007-1,RJPN-007,Band 1 (2100MHz),-85.9,-9.8,12.8,17.2,16.1,40.3
2026-10-13 02:00:00,RJPN-007-2,RJPN-007,Band 1 (2100MHz),-82.0,-9.0,17.3,18.1,5.4,26.0
2026-10-13 02:00:00,RJPN-007-3,RJPN-007,Band 1 (2100MHz),-91.3,-9.3,20.1,22.9,3.2,28.7
2026-10-13 02:00:00,RJPN-008-1,RJPN-008,Band 3 (1800MHz),-84.2,-8.0,19.6,1.6,26.4,0.5
2026-10-13 02:00:00,RJPN-008-2,RJPN-008,Band 3 (1800MHz),-87.6,-7.3,13.0,0.0,3.8,0.0
2026-10-13 02:00:00,RJPN-008-3,RJPN-008,Band 3 (1800MHz),-72.7,-6.3,8.6,0.0,0.0,0.0
2026-10-13 02:00:00,RJPN-009-1,RJPN-009,Band 1 (2100MHz),-83.8,-10.3,13.0,10.3,19.5,20.9
2026-10-13 02:00:00,RJPN-009-2,RJPN-009,Band 1 (2100MHz),-86.9,-8.9,10.6,0.0,2.2,0.0
2026-10-13 02:00:00,RJPN-009-3,RJPN-009,Band 1 (2100MHz),-88.1,-7.0,5.7,4.8,11.6,29.1
2026-10-13 02:00:00,RJPN-010-1,RJPN-010,Band 3 (1800MHz),-84.2,-10.0,12.5,2.2,7.9,0.0
2026-10-13 02:00:00,RJPN-010-2,RJPN-010,Band 3 (1800MHz),-81.5,-3.5,16.5,17.6,19.9,18.0
2026-10-13 02:00:00,RJPN-010-3,RJPN-010,Band 3 (1800MHz),-87.8,-5.0,15.6,0.0,8.7,0.0
2026-10-13 02:00:00,RJPN-011-1,RJPN-011,Band 1 (2100MHz),-83.7,-3.9,15.6,29.9,8.1,2.9
2026-10-13 02:00:00,RJPN-011-2,RJPN-011,Band 1 (2100MHz),-100.4,-9.5,0.7,12.7,0.0,14.8
2026-10-13 02:00:00,RJPN-011-3,RJPN-011,Band 1 (2100MHz),-98.6,-14.3,7.3,5.6,15.1,31.4
2026-10-13 03:00:00,RJPN-001-1,RJPN-001,Band 1 (2100MHz),-87.0,-7.3,7.9,4.4,0.0,16.2
2026-10-13 03:00:00,RJPN-001-2,RJPN-001,Band 1 (2100MHz),-85.8,-9.9,11.5,13.3,14.2,49.2
2026-10-13 03:00:00,RJPN-001-3,RJPN-001,Band 1 (2100MHz),-88.0,-8.7,6.0,13.6,7.6,16.6
2026-10-13 03:00:00,RJPN-002-1,RJPN-002,Band 3 (1800MHz),-87.4,-7.8,11.8,0.0,0.0,0.0
2026-10-13 03:00:00,RJPN-002-2,RJPN-002,Band 3 (1800MHz),-98.8,-12.0,14.6,19.3,17.8,17.7
2026-10-13 03:00:00,RJPN-002-3,RJPN-002,Band 3 (1800MHz),-83.4,-6.3,13.6,27.7,1.0,32.4
2026-10-13 03:00:00,RJPN-003-1,RJPN-003,Band 1 (2100MHz),-83.5,-7.3,3.5,6.6,5.5,32.4
2026-10-13 03:00:00,RJPN-003-2,RJPN-003,Band 1 (2100MHz),-82.4,-12.1,20.3,19.7,4.2,0.0
2026-10-13 03:00:00,RJPN-003-3,RJPN-003,Band 1 (2100MHz),-86.5,-7.2,6.8,0.0,0.0,54.0
2026-10-13 03:00:00,RJPN-004-1,RJPN-004,Band 3 (1800MHz),-84.8,-5.0,13.3,10.1,0.0,0.0
2026-10-13 03:00:00,RJPN-004-2,RJPN-004,Band 3 (1800MHz),-83.7,-12.9,21.1,3.1,8.5,0.2
2026-10-13 03:00:00,RJPN-004-3,RJPN-004,Band 3 (1800MHz),-79.9,-10.1,17.1,9.3,0.0,7.3
2026-10-13 03:00:00,RJPN-005-1,RJPN-005,Band 1 (2100MHz),-90.4,-8.2,12.6,0.0,14.1,36.4
2026-10-13 03:00:00,RJPN-005-2,RJPN-005,Band 1 (2100MHz),-82.9,-6.7,10.3,27.7,0.0,28.5
2026-10-13 03:00:00,RJPN-005-3,RJPN-005,Band 1 (2100MHz),-77.9,-6.3,15.1,17.2,0.0,19.6
2026-10-13 03:00:00,RJPN-006-1,RJPN-006,Band 3 (1800MHz),-90.5,-6.2,5.4,27.7,24.6,0.2
2026-10-13 03:00:00,RJPN-006-2,RJPN-006,Band 3 (1800MHz),-86.8,-5.6,14.3,0.0,0.0,0.0
2026-10-13 03:00:00,RJPN-006-3,RJPN-006,Band 3 (1800MHz),-81.3,-6.8,4.8,0.0,3.1,0.0
2026-10-13 03:00:00,RJPN-007-1,RJPN-007,Band 1 (2100MHz),-82.2,-6.7,7.8,14.9,12.2,62.4
2026-10-13 03:00:00,RJPN-007-2,RJPN-007,Band 1 (2100MHz),-85.8,-9.6,20.3,0.0,0.0,0.0
2026-10-13 03:00:00,RJPN-007-3,RJPN-007,Band 1 (2100MHz),-82.1,-13.0,14.7,8.3,20.7,8.4
2026-10-13 03:00:00,RJPN-008-1,RJPN-008,Band 3 (1800MHz),-85.4,-4.6,15.1,12.8,9.8,0.0
2026-10-13 03:00:00,RJPN-008-2,RJPN-008,Band 3 (1800MHz),-95.2,-11.9,16.2,12.7,0.0,7.9
2026-10-13 03:00:00,RJPN-008-3,RJPN-008,Band 3 (1800MHz),-83.3,-7.9,10.4,0.5,12.6,56.0
2026-10-13 03:00:00,RJPN-009-1,RJPN-009,Band 1 (2100MHz),-87.1,-7.8,13.3,0.0,4.9,10.3
2026-10-13 03:00:00,RJPN-009-2,RJPN-009,Band 1 (2100MHz),-88.2,-8.3,15.3,5.3,0.0,0.0
2026-10-13 03:00:00,RJPN-009-3,RJPN-009,Band 1 (2100MHz),-82.5,-6.9,7.3,21.2,16.4,53.3
2026-10-13 03:00:00,RJPN-010-1,RJPN-010,Band 3 (1800MHz),-84.7,-7.3,10.5,0.0,12.7,16.1
2026-10-13 03:00:00,RJPN-010-2,RJPN-010,Band 3 (1800MHz),-93.0,-5.5,14.1,10.2,12.0,18.5
2026-10-13 03:00:00,RJPN-010-3,RJPN-010,Band 3 (1800MHz),-85.7,-5.1,14.0,22.2,0.0,5.1
2026-10-13 03:00:00,RJPN-011-1,RJPN-011,Band 1 (2100MHz),-72.4,-7.2,16.4,10.0,0.0,19.8
2026-10-13 03:00:00,RJPN-011-2,RJPN-011,Band 1 (2100MHz),-94.5,-10.7,7.9,20.5,0.0,0.0
2026-10-13 03:00:00,RJPN-011-3,RJPN-011,Band 1 (2100MHz),-99.3,-12.0,7.9,0.0,5.9,44.9
2026-10-13 04:00:00,RJPN-001-1,RJPN-001,Band 1 (2100MHz),-87.6,-7.4,15.4,12.7,0.0,0.0
2026-10-13 04:00:00,RJPN-001-2,RJPN-001,Band 1 (2100MHz),-91.6,-10.8,13.8,5.8,0.0,0.0
2026-10-13 04:00:00,RJPN-001-3,RJPN-001,Band 1 (2100MHz),-81.6,-6.2,17.1,12.0,0.0,19.1
2026-10-13 04:00:00,RJPN-002-1,RJPN-002,Band 3 (1800MHz),-88.7,-4.7,18.1,4.6,2.1,2.0
2026-10-13 04:00:00,RJPN-002-2,RJPN-002,Band 3 (1800MHz),-97.1,-9.3,12.2,2.0,0.0,6.5
2026-10-13 04:00:00,RJPN-002-3,RJPN-002,Band 3 (1800MHz),-78.9,-9.1,19.0,6.8,5.1,24.2
2026-10-13 04:00:00,RJPN-003-1,RJPN-003,Band 1 (2100MHz),-84.6,-9.6,17.2,16.5,5.8,30.6
2026-10-13 04:00:00,RJPN-003-2,RJPN-003,Band 1 (2100MHz),-84.5,-11.2,5.4,0.0,0.0,0.0
2026-10-13 04:00:00,RJPN-003-3,RJPN-003,Band 1 (2100MHz),-88.9,-5.7,12.9,0.6,0.0,27.6
2026-10-13 04:00:00,RJPN-004-1,RJPN-004,Band 3 (1800MHz),-77.2,-7.8,23.0,3.1,8.1,0.0
2026-10-13 04:00:00,RJPN-004-2,RJPN-004,Band 3 (1800MHz),-90.7,-7.0,10.5,2.9,14.2,34.3
2026-10-13 04:00:00,RJPN-004-3,RJPN-004,Band 3 (1800MHz),-82.3,-8.2,14.9,0.0,3.7,2.5
2026-10-13 04:00:00,RJPN-005-1,RJPN-005,Band 1 (2100MHz),-82.8,-6.1,9.1,15.4,0.0,0.0
2026-10-13 04:00:00,RJPN-005-2,RJPN-005,Band 1 (2100MHz),-83.3,-7.4,15.4,8.2,4.4,19.6
2026-10-13 04:00:00,RJPN-005-3,RJPN-005,Band 1 (2100MHz),-82.2,-5.2,15.5,0.0,15.9,42.9
2026-10-13 04:00:00,RJPN-006-1,RJPN-006,Band 3 (1800MHz),-87.4,-9.4,16.0,3.4,6.3,0.0
2026-10-13 04:00:00,RJPN-006-2,RJPN-006,Band 3 (1800MHz),-85.2,-7.2,15.1,5.1,6.4,34.3
2026-10-13 04:00:00,RJPN-006-3,RJPN-006,Band 3 (1800MHz),-90.9,-6.2,19.7,1.3,0.0,0.0
2026-10-13 04:00:00,RJPN-007-1,RJPN-007,Band 1 (2100MHz),-86.2,-8.1,14.7,13.9,5.4,34.7
2026-10-13 04:00:00,RJPN-007-2,RJPN-007,Band 1 (2100MHz),-77.4,-6.8,20.7,4.9,0.0,36.3
2026-10-13 04:00:00,RJPN-007-3,RJPN-007,Band 1 (2100MHz),-89.2,-8.7,18.5,3.6,0.0,20.8
2026-10-13 04:00:00,RJPN-008-1,RJPN-008,Band 3 (1800MHz),-79.4,-9.1,15.7,14.6,1.2,25.3
2026-10-13 04:00:00,RJPN-008-2,RJPN-008,Band 3 (1800MHz),-84.4,-7.8,9.9,17.5,23.7,10.7
2026-10-13 04:00:00,RJPN-008-3,RJPN-008,Band 3 (1800MHz),-88.7,-8.5,5.2,6.6,0.5,16.0
2026-10-13 04:00:00,RJPN-009-1,RJPN-009,Band 1 (2100MHz),-86.1,-8.5,17.2,4.2,21.1,11.1
2026-10-13 04:00:00,RJPN-009-2,RJPN-009,Band 1 (2100MHz),-81.4,-6.2,15.3,7.7,0.4,0.0
2026-10-13 04:00:00,RJPN-009-3,RJPN-009,Band 1 (2100MHz),-86.5,-10.2,22.6,18.1,9.3,40.9
2026-10-13 04:00:00,RJPN-010-1,RJPN-010,Band 3 (1800MHz),-87.2,-10.1,16.1,30.1,0.0,29.7
2026-10-13 04:00:00,RJPN-010-2,RJPN-010,Band 3 (1800MHz),-86.7,-7.2,10.7,2.6,0.0,13.7
2026-10-13 04:00:00,RJPN-010-3,RJPN-010,Band 3 (1800MHz),-83.9,-11.7,14.7,0.0,13.9,21.7
2026-10-13 04:00:00,RJPN-011-1,RJPN-011,Band 1 (2100MHz),-85.3,-4.9,16.5,23.2,18.0,0.0
2026-10-13 04:00:00,RJPN-011-2,RJPN-011,Band 1 (2100MHz),-98.9,-12.6,7.6,0.0,14.8,0.0
2026-10-13 04:00:00,RJPN-011-3,RJPN-011,Band 1 (2100MHz),-98.7,-12.7,12.3,20.0,18.4,0.0
2026-10-13 05:00:00,RJPN-001-1,RJPN-001,Band 1 (2100MHz),-87.6,-3.4,15.7,0.0,6.2,3.0
2026-10-13 05:00:00,RJPN-001-2,RJPN-001,Band 1 (2100MHz),-81.5,-5.4,8.8,7.0,7.9,0.0
2026-10-13 05:00:00,RJPN-001-3,RJPN-001,Band 1 (2100MHz),-84.0,-10.2,15.3,0.0,13.8,24.9
2026-10-13 05:00:00,RJPN-002-1,RJPN-002,Band 3 (1800MHz),-86.1,-8.8,16.3,0.0,10.2,6.8
2026-10-13 05:00:00,RJPN-002-2,RJPN-002,Band 3 (1800MHz),-94.9,-11.8,7.3,0.0,11.6,0.0
2026-10-13 05:00:00,RJPN-002-3,RJPN-002,Band 3 (1800MHz),-79.3,-7.6,6.4,0.0,0.0,37.6
2026-10-13 05:00:00,RJPN-003-1,RJPN-003,Band 1 (2100MHz),-76.7,-5.0,17.6,0.0,3.1,0.0
2026-10-13 05:00:00,RJPN-003-2,RJPN-003,Band 1 (2100MHz),-83.1,-6.2,12.8,4.3,20.2,14.0
2026-10-13 05:00:00,RJPN-003-3,RJPN-003,Band 1 (2100MHz),-87.5,-9.2,14.0,12.2,0.0,20.7
2026-10-13 05:00:00,RJPN-004-1,RJPN-004,Band 3 (1800MHz),-85.1,-9.0,9.6,15.0,5.6,40.4
2026-10-13 05:00:00,RJPN-004-2,RJPN-004,Band 3 (1800MHz),-84.9,-9.4,12.4,0.0,0.0,31.2
2026-10-13 05:00:00,RJPN-004-3,RJPN-004,Band 3 (1800MHz),-89.5,-5.7,16.9,24.5,15.7,22.6
2026-10-13 05:00:00,RJPN-005-1,RJPN-005,Band 1 (2100MHz),-83.3,-7.8,14.0,16.7,12.2,23.2
2026-10-13 05:00:00,RJPN-005-2,RJPN-005,Band 1 (2100MHz),-91.7,-8.3,34.0,15.7,0.0,28.3
2026-10-13 05:00:00,RJPN-005-3,RJPN-005,Band 1 (2100MHz),-87.1,-10.3,10.3,8.9,4.7,29.4
2026-10-13 05:00:00,RJPN-006-1,RJPN-006,Band 3 (1800MHz),-83.7,-8.1,4.6,19.9,11.0,0.0
2026-10-13 05:00:00,RJPN-006-2,RJPN-006,Band 3 (1800MHz),-89.1,-7.7,11.2,6.4,0.0,5.8
2026-10-13 05:00:00,RJPN-006-3,RJPN-006,Band 3 (1800MHz),-85.6,-3.2,11.4,15.6,13.1,5.4
2026-10-13 05:00:00,RJPN-007-1,RJPN-007,Band 1 (2100MHz),-86.6,-7.7,9.0,0.0,14.1,45.9
2026-10-13 05:00:00,RJPN-007-2,RJPN-007,Band 1 (2100MHz),-89.6,-9.5,5.9,7.0,0.0,28.5
2026-10-13 05:00:00,RJPN-007-3,RJPN-007,Band 1 (2100MHz),-87.4,-5.8,9.8,0.0,2.2,26.9
2026-10-13 05:00:00,RJPN-008-1,RJPN-008,Band 3 (1800MHz),-83.8,-4.8,7.1,7.0,4.0,0.0
2026-10-13 05:00:00,RJPN-008-2,RJPN-008,Band 3 (1800MHz),-85.7,-5.7,13.2,12.4,1.3,8.7
2026-10-13 05:00:00,RJPN-008-3,RJPN-008,Band 3 (1800MHz),-80.7,-6.8,26.0,0.0,17.8,33.1
2026-10-13 05:00:00,RJPN-009-1,RJPN-009,Band 1 (2100MHz),-85.7,-8.7,9.9,0.0,3.1,11.9
2026-10-13 05:00:00,RJPN-009-2,RJPN-009,Band 1 (2100MHz),-82.2,-9.0,15.3,0.7,0.0,0.0
2026-10-13 05:00:00,RJPN-009-3,RJPN-009,Band 1 (2100MHz),-82.4,-10.6,14.6,6.1,0.0,13.8
2026-10-13 05:00:00,RJPN-010-1,RJPN-010,Band 3 (1800MHz),-82.1,-9.1,13.0,16.7,6.1,0.0
2026-10-13 05:00:00,RJPN-010-2,RJPN-010,Band 3 (1800MHz),-85.3,-9.6,10.8,0.0,8.7,11.5
2026-10-13 05:00:00,RJPN-010-3,RJPN-010,Band 3 (1800MHz),-82.8,-8.4,2.2,0.0,0.0,0.6
2026-10-13 05:00:00,RJPN-011-1,RJPN-011,Band 1 (2100MHz),-86.1,-6.1,19.3,0.0,0.0,0.0
2026-10-13 05:00:00,RJPN-011-2,RJPN-011,Band 1 (2100MHz),-98.7,-11.7,1.0,0.0,0.8,7.1
2026-10-13 05:00:00,RJPN-011-3,RJPN-011,Band 1 (2100MHz),-92.9,-11.9,7.5,0.0,10.2,0.0
2026-10-13 06:00:00,RJPN-001-1,RJPN-001,Band 1 (2100MHz),-82.4,-3.2,7.0,9.4,0.0,3.1
2026-10-13 06:00:00,RJPN-001-2,RJPN-001,Band 1 (2100MHz),-89.4,-8.5,13.2,18.2,29.3,45.9
2026-10-13 06:00:00,RJPN-001-3,RJPN-001,Band 1 (2100MHz),-89.7,-6.9,14.8,17.0,25.9,0.5
2026-10-13 06:00:00,RJPN-002-1,RJPN-002,Band 3 (1800MHz),-84.1,-10.9,7.3,18.4,15.6,40.8
2026-10-13 06:00:00,RJPN-002-2,RJPN-002,Band 3 (1800MHz),-100.8,-16.0,8.4,9.3,13.5,32.9
2026-10-13 06:00:00,RJPN-002-3,RJPN-002,Band 3 (1800MHz),-87.8,-10.4,12.6,39.0,4.3,31.1
2026-10-13 06:00:00,RJPN-003-1,RJPN-003,Band 1 (2100MHz),-93.1,-9.8,10.3,24.6,3.1,0.0
2026-10-13 06:00:00,RJPN-003-2,RJPN-003,Band 1 (2100MHz),-81.5,-6.2,5.4,15.2,0.0,31.6
2026-10-13 06:00:00,RJPN-003-3,RJPN-003,Band 1 (2100MHz),-86.5,-6.5,20.3,18.4,11.7,27.8
2026-10-13 06:00:00,RJPN-004-1,RJPN-004,Band 3 (1800MHz),-88.9,-3.3,9.1,0.0,8.9,22.2
2026-10-13 06:00:00,RJPN-004-2,RJPN-004,Band 3 (1800MHz),-82.9,-10.0,9.1,24.6,11.8,12.8
2026-10-13 06:00:00,RJPN-004-3,RJPN-004,Band 3 (1800MHz),-82.0,-8.3,16.2,14.8,0.0,30.8
2026-10-13 06:00:00,RJPN-005-1,RJPN-005,Band 1 (2100MHz),-86.4,-9.7,18.3,16.8,5.1,30.4
2026-10-13 06:00:00,RJPN-005-2,RJPN-005,Band 1 (2100MHz),-85.0,-8.0,13.8,16.9,16.1,0.0
2026-10-13 06:00:00,RJPN-005-3,RJPN-005,Band 1 (2100MHz),-88.4,-8.1,12.8,0.0,17.6,33.6
2026-10-13 06:00:00,RJPN-006-1,RJPN-006,Band 3 (1800MHz),-87.8,-10.0,7.5,9.2,0.0,3.4
2026-10-13 06:00:00,RJPN-006-2,RJPN-006,Band 3 (1800MHz),-83.0,-8.7,4.0,19.8,0.0,20.6
2026-10-13 06:00:00,RJPN-006-3,RJPN-006,Band 3 (1800MHz),-87.8,-8.1,7.4,39.9,20.2,22.9
2026-10-13 06:00:00,RJPN-007-1,RJPN-007,Band 1 (2100MHz),-80.5,-8.0,19.2,29.7,3.6,18.0
2026-10-13 06:00:00,RJPN-007-2,RJPN-007,Band 1 (2100MHz),-83.0,-5.3,11.3,16.9,8.6,30.6
2026-10-13 06:00:00,RJPN-007-3,RJPN-007,Band 1 (2100MHz),-84.1,-14.1,16.3,0.0,0.0,2.0
2026-10-13 06:00:00,RJPN-008-1,RJPN-008,Band 3 (1800MHz),-83.0,-7.1,16.5,7.5,28.1,23.8
2026-10-13 06:00:00,RJPN-008-2,RJPN-008,Band 3 (1800MHz),-83.9,-8.5,10.2,15.1,23.7,12.5
2026-10-13 06:00:00,RJPN-008-3,RJPN-008,Band 3 (1800MHz),-84.4,-7.3,12.7,20.8,3.2,17.0
2026-10-13 06:00:00,RJPN-009-1,RJPN-009,Band 1 (2100MHz),-80.9,-5.7,3.2,30.0,1.5,28.9
2026-10-13 06:00:00,RJPN-009-2,RJPN-009,Band 1 (2100MHz),-85.5,-6.3,9.1,12.0,12.5,39.4
2026-10-13 06:00:00,RJPN-009-3,RJPN-009,Band 1 (2100MHz),-81.1,-11.5,6.9,1.0,0.0,0.0
2026-10-13 06:00:00,RJPN-010-1,RJPN-010,Band 3 (1800MHz),-80.1,-7.4,17.4,7.6,3.5,54.4
2026-10-13 06:00:00,RJPN-010-2,RJPN-010,Band 3 (1800MHz),-85.4,-9.7,12.9,39.9,0.4,22.0
2026-10-13 06:00:00,RJPN-010-3,RJPN-010,Band 3 (1800MHz),-90.3,-13.1,12.7,4.4,19.1,32.2
2026-10-13 06:00:00,RJPN-011-1,RJPN-011,Band 1 (2100MHz),-87.4,-7.7,12.9,31.0,14.7,0.3
2026-10-13 06:00:00,RJPN-011-2,RJPN-011,Band 1 (2100MHz),-89.2,-11.1,5.3,19.7,4.8,49.4
2026-10-13 06:00:00,RJPN-011-3,RJPN-011,Band 1 (2100MHz),-98.1,-13.8,14.9,5.2,0.0,4.0
2026-10-13 07:00:00,RJPN-001-1,RJPN-001,Band 1 (2100MHz),-84.7,-11.9,14.8,64.3,15.0,96.2
2026-10-13 07:00:00,RJPN-001-2,RJPN-001,Band 1 (2100MHz),-92.0,-10.0,16.4,48.3,34.2,103.5
2026-10-13 07:00:00,RJPN-001-3,RJPN-001,Band 1 (2100MHz),-82.1,-7.9,16.6,43.4,38.3,92.4
2026-10-13 07:00:00,RJPN-002-1,RJPN-002,Band 3 (1800MHz),-86.6,-10.7,9.1,43.0,22.9,103.1
2026-10-13 07:00:00,RJPN-002-2,RJPN-002,Band 3 (1800MHz),-96.9,-13.8,5.6,61.6,38.0,85.8
2026-10-13 07:00:00,RJPN-002-3,RJPN-002,Band 3 (1800MHz),-83.7,-11.3,7.1,58.2,55.0,88.3
2026-10-13 07:00:00,RJPN-003-1,RJPN-003,Band 1 (2100MHz),-84.5,-12.5,15.2,32.1,26.7,112.6
2026-10-13 07:00:00,RJPN-003-2,RJPN-003,Band 1 (2100MHz),-83.3,-13.2,2.2,68.3,23.1,96.6
2026-10-13 07:00:00,RJPN-003-3,RJPN-003,Band 1 (2100MHz),-87.9,-10.0,17.9,62.6,31.9,64.5
2026-10-13 07:00:00,RJPN-004-1,RJPN-004,Band 3 (1800MHz),-79.9,-7.8,20.6,65.2,34.8,111.9
2026-10-13 07:00:00,RJPN-004-2,RJPN-004,Band 3 (1800MHz),-88.8,-7.7,14.2,51.9,43.4,137.6
2026-10-13 07:00:00,RJPN-004-3,RJPN-004,Band 3 (1800MHz),-82.3,-11.4,8.6,29.7,34.7,127.4
2026-10-13 07:00:00,RJPN-005-1,RJPN-005,Band 1 (2100MHz),-91.6,-12.8,17.5,50.4,49.9,114.0
2026-10-13 07:00:00,RJPN-005-2,RJPN-005,Band 1 (2100MHz),-85.7,-12.0,12.6,38.3,26.6,76.5
2026-10-13 07:00:00,RJPN-005-3,RJPN-005,Band 1 (2100MHz),-81.4,-10.2,17.2,53.2,39.2,76.6
2026-10-13 07:00:00,RJPN-006-1,RJPN-006,Band 3 (1800MHz),-88.2,-11.4,8.0,50.1,42.6,133.1
2026-10-13 07:00:00,RJPN-006-2,RJPN-006,Band 3 (1800MHz),-78.0,-10.8,18.2,33.1,17.8,71.8
2026-10-13 07:00:00,RJPN-006-3,RJPN-006,Band 3 (1800MHz),-90.9,-11.9,13.1,50.1,36.0,104.7
2026-10-13 07:00:00,RJPN-007-1,RJPN-007,Band 1 (2100MHz),-81.8,-10.0,15.9,57.4,35.6,69.1
2026-10-13 07:00:00,RJPN-007-2,RJPN-007,Band 1 (2100MHz),-83.2,-14.4,10.3,52.6,26.9,97.7
2026-10-13 07:00:00,RJPN-007-3,RJPN-007,Band 1 (2100MHz),-87.6,-9.7,12.3,57.0,39.3,101.4
2026-10-13 07:00:00,RJPN-008-1,RJPN-008,Band 3 (1800MHz),-85.6,-8.8,15.7,54.7,27.0,108.5
2026-10-13 07:00:00,RJPN-008-2,RJPN-008,Band 3 (1800MHz),-84.2,-9.6,1.9,57.5,34.7,107.5
2026-10-13 07:00:00,RJPN-008-3,RJPN-008,Band 3 (1800MHz),-90.5,-11.0,15.1,51.3,38.8,87.9
2026-10-13 07:00:00,RJPN-009-1,RJPN-009,Band 1 (2100MHz),-87.3,-6.6,2.8,66.0,34.3,92.4
2026-10-13 07:00:00,RJPN-009-2,RJPN-009,Band 1 (2100MHz),-82.2,-8.1,14.2,73.6,25.2,113.9
2026-10-13 07:00:00,RJPN-009-3,RJPN-009,Band 1 (2100MHz),-87.5,-10.3,10.2,48.9,35.8,126.6
2026-10-13 07:00:00,RJPN-010-1,RJPN-010,Band 3 (1800MHz),-82.1,-8.7,7.3,62.2,23.5,99.5
2026-10-13 07:00:00,RJPN-010-2,RJPN-010,Band 3 (1800MHz),-84.7,-10.5,12.9,36.7,33.6,97.1
2026-10-13 07:00:00,RJPN-010-3,RJPN-010,Band 3 (1800MHz),-95.0,-11.7,17.8,59.0,29.4,79.2
2026-10-13 07:00:00,RJPN-011-1,RJPN-011,Band 1 (2100MHz),-82.7,-10.2,8.2,38.4,20.4,142.9
2026-10-13 07:00:00,RJPN-011-2,RJPN-011,Band 1 (2100MHz),-102.7,-15.1,12.6,39.6,28.2,90.0
2026-10-13 07:00:00,RJPN-011-3,RJPN-011,Band 1 (2100MHz),-96.8,-14.2,-1.6,77.3,26.0,105.3
2026-10-13 08:00:00,RJPN-001-1,RJPN-001,Band 1 (2100MHz),-90.8,-10.1,-0.6,95.8,34.5,142.1
2026-10-13 08:00:00,RJPN-001-2,RJPN-001,Band 1 (2100MHz),-86.0,-11.9,18.7,48.2,36.1,119.6
2026-10-13 08:00:00,RJPN-001-3,RJPN-001,Band 1 (2100MHz),-87.5,-10.6,13.1,78.0,52.8,122.3
2026-10-13 08:00:00,RJPN-002-1,RJPN-002,Band 3 (1800MHz),-85.3,-10.4,8.9,70.3,44.0,98.9
2026-10-13 08:00:00,RJPN-002-2,RJPN-002,Band 3 (1800MHz),-99.8,-14.8,9.3,69.6,36.9,141.4
2026-10-13 08:00:00,RJPN-002-3,RJPN-002,Band 3 (1800MHz),-78.9,-13.7,12.0,80.8,53.8,181.5
2026-10-13 08:00:00,RJPN-003-1,RJPN-003,Band 1 (2100MHz),-87.5,-15.5,12.0,49.1,56.3,137.3
2026-10-13 08:00:00,RJPN-003-2,RJPN-003,Band 1 (2100MHz),-81.4,-12.9,-0.3,68.5,32.2,95.9
2026-10-13 08:00:00,RJPN-003-3,RJPN-003,Band 1 (2100MHz),-84.5,-12.4,21.7,64.9,43.4,120.5
2026-10-13 08:00:00,RJPN-004-1,RJPN-004,Band 3 (1800MHz),-87.3,-12.1,15.8,78.9,50.3,87.5
2026-10-13 08:00:00,RJPN-004-2,RJPN-004,Band 3 (1800MHz),-84.5,-13.6,11.9,75.4,37.1,91.7
2026-10-13 08:00:00,RJPN-004-3,RJPN-004,Band 3 (1800MHz),-88.2,-18.5,17.2,50.4,31.3,91.5
2026-10-13 08:00:00,RJPN-005-1,RJPN-005,Band 1 (2100MHz),-88.1,-15.7,10.3,74.8,46.9,114.0
2026-10-13 08:00:00,RJPN-005-2,RJPN-005,Band 1 (2100MHz),-84.9,-14.7,8.8,54.9,39.0,157.2
2026-10-13 08:00:00,RJPN-005-3,RJPN-005,Band 1 (2100MHz),-80.3,-10.3,5.9,79.5,49.5,106.6
2026-10-13 08:00:00,RJPN-006-1,RJPN-006,Band 3 (1800MHz),-83.9,-14.0,10.9,69.7,39.5,105.9
2026-10-13 08:00:00,RJPN-006-2,RJPN-006,Band 3 (1800MHz),-82.2,-13.1,18.0,59.6,44.9,65.7
2026-10-13 08:00:00,RJPN-006-3,RJPN-006,Band 3 (1800MHz),-88.2,-13.3,14.4,72.2,39.0,117.2
2026-10-13 08:00:00,RJPN-007-1,RJPN-007,Band 1 (2100MHz),-87.4,-12.3,14.6,76.6,25.3,109.9
2026-10-13 08:00:00,RJPN-007-2,RJPN-007,Band 1 (2100MHz),-79.7,-14.5,16.3,91.5,39.2,124.2
2026-10-13 08:00:00,RJPN-007-3,RJPN-007,Band 1 (2100MHz),-85.7,-11.8,23.8,75.5,32.7,149.5
2026-10-13 08:00:00,RJPN-008-1,RJPN-008,Band 3 (1800MHz),-84.9,-15.7,17.9,53.3,41.4,125.9
2026-10-13 08:00:00,RJPN-008-2,RJPN-008,Band 3 (1800MHz),-84.0,-15.8,11.4,75.6,30.0,130.7
2026-10-13 08:00:00,RJPN-008-3,RJPN-008,Band 3 (1800MHz),-89.1,-13.3,7.0,96.4,58.4,124.3
2026-10-13 08:00:00,RJPN-009-1,RJPN-009,Band 1 (2100MHz),-77.2,-9.7,20.6,75.8,36.0,122.5
2026-10-13 08:00:00,RJPN-009-2,RJPN-009,Band 1 (2100MHz),-78.1,-9.8,12.7,80.8,37.1,99.7
2026-10-13 08:00:00,RJPN-009-3,RJPN-009,Band 1 (2100MHz),-89.0,-12.2,12.4,67.7,38.8,135.4
2026-10-13 08:00:00,RJPN-010-1,RJPN-010,Band 3 (1800MHz),-83.3,-13.8,13.5,71.0,45.9,115.5
2026-10-13 08:00:00,RJPN-010-2,RJPN-010,Band 3 (1800MHz),-80.7,-12.2,17.9,58.5,51.1,95.9
2026-10-13 08:00:00,RJPN-010-3,RJPN-010,Band 3 (1800MHz),-95.2,-10.3,3.9,60.4,40.1,127.1
2026-10-13 08:00:00,RJPN-011-1,RJPN-011,Band 1 (2100MHz),-76.5,-8.5,13.9,77.3,47.9,109.9
2026-10-13 08:00:00,RJPN-011-2,RJPN-011,Band 1 (2100MHz),-95.6,-13.3,6.0,91.4,34.1,129.4
2026-10-13 08:00:00,RJPN-011-3,RJPN-011,Band 1 (2100MHz),-102.6,-18.4,7.2,99.5,43.6,110.9
2026-10-13 09:00:00,RJPN-001-1,RJPN-001,Band 1 (2100MHz),-84.9,-9.2,11.9,52.5,35.1,89.1
2026-10-13 09:00:00,RJPN-001-2,RJPN-001,Band 1 (2100MHz),-79.0,-11.2,8.0,44.9,43.5,60.0
2026-10-13 09:00:00,RJPN-001-3,RJPN-001,Band 1 (2100MHz),-83.6,-8.5,16.2,50.0,4.9,119.4
2026-10-13 09:00:00,RJPN-002-1,RJPN-002,Band 3 (1800MHz),-89.0,-11.3,14.7,48.2,43.5,84.2
2026-10-13 09:00:00,RJPN-002-2,RJPN-002,Band 3 (1800MHz),-100.0,-13.5,8.3,42.0,19.0,85.6
2026-10-13 09:00:00,RJPN-002-3,RJPN-002,Band 3 (1800MHz),-78.5,-12.7,8.4,72.6,36.3,86.6
2026-10-13 09:00:00,RJPN-003-1,RJPN-003,Band 1 (2100MHz),-84.5,-11.8,12.7,62.6,38.5,73.2
2026-10-13 09:00:00,RJPN-003-2,RJPN-003,Band 1 (2100MHz),-81.2,-10.1,14.5,61.2,30.7,101.1
2026-10-13 09:00:00,RJPN-003-3,RJPN-003,Band 1 (2100MHz),-82.8,-8.6,17.5,45.9,28.9,91.9
2026-10-13 09:00:00,RJPN-004-1,RJPN-004,Band 3 (1800MHz),-85.0,-10.2,15.6,54.4,35.0,68.1
2026-10-13 09:00:00,RJPN-004-2,RJPN-004,Band 3 (1800MHz),-81.5,-9.8,14.6,53.8,32.5,101.7
2026-10-13 09:00:00,RJPN-004-3,RJPN-004,Band 3 (1800MHz),-87.8,-12.8,19.3,58.4,29.0,60.1
2026-10-13 09:00:00,RJPN-005-1,RJPN-005,Band 1 (2100MHz),-84.9,-11.6,8.3,61.4,30.3,102.4
2026-10-13 09:00:00,RJPN-005-2,RJPN-005,Band 1 (2100MHz),-86.4,-12.2,8.4,58.5,39.1,83.3
2026-10-13 09:00:00,RJPN-005-3,RJPN-005,Band 1 (2100MHz),-79.4,-11.1,9.1,53.1,30.6,47.2
2026-10-13 09:00:00,RJPN-006-1,RJPN-006,Band 3 (1800MHz),-84.9,-6.7,10.0,67.9,38.1,79.1
2026-10-13 09:00:00,RJPN-006-2,RJPN-006,Band 3 (1800MHz),-86.3,-10.3,9.9,58.5,31.3,124.3
2026-10-13 09:00:00,RJPN-006-3,RJPN-006,Band 3 (1800MHz),-84.1,-8.1,16.0,59.8,19.8,124.3
2026-10-13 09:00:00,RJPN-007-1,RJPN-007,Band 1 (2100MHz),-87.5,-10.4,14.6,50.2,40.2,107.4
2026-10-13 09:00:00,RJPN-007-2,RJPN-007,Band 1 (2100MHz),-82.6,-12.6,22.1,38.1,11.6,67.0
2026-10-13 09:00:00,RJPN-007-3,RJPN-007,Band 1 (2100MHz),-86.6,-11.2,11.1,36.1,32.6,55.9
2026-10-13 09:00:00,RJPN-008-1,RJPN-008,Band 3 (1800MHz),-87.1,-6.3,23.0,69.5,48.2,83.6
2026-10-13 09:00:00,RJPN-008-2,RJPN-008,Band 3 (1800MHz),-93.3,-9.0,16.3,44.8,30.4,68.5
2026-10-13 09:00:00,RJPN-008-3,RJPN-008,Band 3 (1800MHz),-84.7,-10.3,20.4,78.4,31.7,100.5
2026-10-13 09:00:00,RJPN-009-1,RJPN-009,Band 1 (2100MHz),-88.3,-8.2,11.2,79.0,42.2,74.8
2026-10-13 09:00:00,RJPN-009-2,RJPN-009,Band 1 (2100MHz),-85.7,-13.1,2.0,66.7,26.9,82.1
2026-10-13 09:00:00,RJPN-009-3,RJPN-009,Band 1 (2100MHz),-84.9,-14.8,8.3,51.9,34.1,105.4
2026-10-13 09:00:00,RJPN-010-1,RJPN-010,Band 3 (1800MHz),-84.7,-11.6,10.5,72.8,29.1,103.4
2026-10-13 09:00:00,RJPN-010-2,RJPN-010,Band 3 (1800MHz),-91.3,-13.2,15.6,53.2,37.3,79.3
2026-10-13 09:00:00,RJPN-010-3,RJPN-010,Band 3 (1800MHz),-79.0,-12.8,15.7,47.6,34.8,98.9
2026-10-13 09:00:00,RJPN-011-1,RJPN-011,Band 1 (2100MHz),-88.1,-9.2,16.7,72.7,37.8,75.1
2026-10-13 09:00:00,RJPN-011-2,RJPN-011,Band 1 (2100MHz),-103.1,-13.7,4.1,61.7,31.8,82.3
2026-10-13 09:00:00,RJPN-011-3,RJPN-011,Band 1 (2100MHz),-91.0,-12.4,3.4,48.7,32.9,97.7
2026-10-13 10:00:00,RJPN-001-1,RJPN-001,Band 1 (2100MHz),-87.5,-7.8,5.3,18.7,2.9,3.0
2026-10-13 10:00:00,RJPN-001-2,RJPN-001,Band 1 (2100MHz),-90.5,-6.6,6.0,6.8,6.3,15.2
2026-10-13 10:00:00,RJPN-001-3,RJPN-001,Band 1 (2100MHz),-83.5,-8.7,16.2,4.2,29.2,38.5
2026-10-13 10:00:00,RJPN-002-1,RJPN-002,Band 3 (1800MHz),-92.0,-6.9,6.3,17.1,24.5,4.4
2026-10-13 10:00:00,RJPN-002-2,RJPN-002,Band 3 (1800MHz),-99.0,-10.8,4.4,23.3,0.6,36.5
2026-10-13 10:00:00,RJPN-002-3,RJPN-002,Band 3 (1800MHz),-85.0,-13.3,7.0,0.0,2.4,0.0
2026-10-13 10:00:00,RJPN-003-1,RJPN-003,Band 1 (2100MHz),-85.1,-5.9,14.6,16.3,2.3,0.0
2026-10-13 10:00:00,RJPN-003-2,RJPN-003,Band 1 (2100MHz),-82.5,-7.3,17.6,1.0,32.8,0.0
2026-10-13 10:00:00,RJPN-003-3,RJPN-003,Band 1 (2100MHz),-82.5,-9.2,10.4,21.3,0.0,31.4
2026-10-13 10:00:00,RJPN-004-1,RJPN-004,Band 3 (1800MHz),-75.6,-7.2,8.0,30.7,0.0,0.0
2026-10-13 10:00:00,RJPN-004-2,RJPN-004,Band 3 (1800MHz),-85.2,-10.1,11.0,35.5,0.0,6.7
2026-10-13 10:00:00,RJPN-004-3,RJPN-004,Band 3 (1800MHz),-83.8,-9.6,15.8,27.5,29.9,0.0
2026-10-13 10:00:00,RJPN-005-1,RJPN-005,Band 1 (2100MHz),-84.9,-10.3,10.2,16.4,20.3,2.4
2026-10-13 10:00:00,RJPN-005-2,RJPN-005,Band 1 (2100MHz),-88.4,-6.9,10.0,17.6,14.4,21.1
2026-10-13 10:00:00,RJPN-005-3,RJPN-005,Band 1 (2100MHz),-81.4,-12.1,2.8,22.7,15.5,19.5
2026-10-13 10:00:00,RJPN-006-1,RJPN-006,Band 3 (1800MHz),-83.2,-7.2,8.7,0.0,3.7,7.3
2026-10-13 10:00:00,RJPN-006-2,RJPN-006,Band 3 (1800MHz),-81.6,-8.2,12.9,36.4,9.5,21.0
2026-10-13 10:00:00,RJPN-006-3,RJPN-006,Band 3 (1800MHz),-88.1,-10.5,9.2,38.3,0.1,12.1
2026-10-13 10:00:00,RJPN-007-1,RJPN-007,Band 1 (2100MHz),-86.8,-6.2,13.6,12.0,2.4,40.7
2026-10-13 10:00:00,RJPN-007-2,RJPN-007,Band 1 (2100MHz),-83.1,-9.1,21.5,14.5,2.9,43.7
2026-10-13 10:00:00,RJPN-007-3,RJPN-007,Band 1 (2100MHz),-87.1,-7.3,17.2,26.9,10.9,50.6
2026-10-13 10:00:00,RJPN-008-1,RJPN-008,Band 3 (1800MHz),-74.8,-4.9,11.2,13.3,0.0,49.4
2026-10-13 10:00:00,RJPN-008-2,RJPN-008,Band 3 (1800MHz),-84.2,-9.6,7.8,19.7,1.0,3.9
2026-10-13 10:00:00,RJPN-008-3,RJPN-008,Band 3 (1800MHz),-85.7,-8.6,18.6,21.2,9.8,20.5
2026-10-13 10:00:00,RJPN-009-1,RJPN-009,Band 1 (2100MHz),-86.5,-6.7,18.1,21.5,13.2,17.7
2026-10-13 10:00:00,RJPN-009-2,RJPN-009,Band 1 (2100MHz),-83.0,-8.6,19.5,14.1,23.3,33.3
2026-10-13 10:00:00,RJPN-009-3,RJPN-009,Band 1 (2100MHz),-85.8,-6.9,5.5,5.2,15.1,41.7
2026-10-13 10:00:00,RJPN-010-1,RJPN-010,Band 3 (1800MHz),-83.5,-10.7,13.6,16.3,0.0,43.2
2026-10-13 10:00:00,RJPN-010-2,RJPN-010,Band 3 (1800MHz),-86.9,-7.1,17.4,32.5,20.3,46.8
2026-10-13 10:00:00,RJPN-010-3,RJPN-010,Band 3 (1800MHz),-84.5,-11.4,3.6,21.7,9.4,8.7
2026-10-13 10:00:00,RJPN-011-1,RJPN-011,Band 1 (2100MHz),-86.4,-9.2,12.3,0.0,28.2,14.4
2026-10-13 10:00:00,RJPN-011-2,RJPN-011,Band 1 (2100MHz),-98.7,-11.1,-1.2,21.3,26.9,20.3
2026-10-13 10:00:00,RJPN-011-3,RJPN-011,Band 1 (2100MHz),-100.4,-10.2,8.9,23.4,0.0,32.5
2026-10-13 11:00:00,RJPN-001-1,RJPN-001,Band 1 (2100MHz),-85.2,-11.9,14.0,62.6,4.2,106.0
2026-10-13 11:00:00,RJPN-001-2,RJPN-001,Band 1 (2100MHz),-85.6,-10.7,13.1,54.3,22.3,59.0
2026-10-13 11:00:00,RJPN-001-3,RJPN-001,Band 1 (2100MHz),-82.4,-9.0,4.0,44.6,22.3,85.3
2026-10-13 11:00:00,RJPN-002-1,RJPN-002,Band 3 (1800MHz),-79.4,-9.2,6.4,40.8,38.7,24.8
2026-10-13 11:00:00,RJPN-002-2,RJPN-002,Band 3 (1800MHz),-97.7,-15.4,6.0,41.8,20.5,103.9
2026-10-13 11:00:00,RJPN-002-3,RJPN-002,Band 3 (1800MHz),-79.9,-9.7,5.2,55.1,24.3,46.0
2026-10-13 11:00:00,RJPN-003-1,RJPN-003,Band 1 (2100MHz),-86.8,-8.1,7.8,50.2,27.6,73.0
2026-10-13 11:00:00,RJPN-003-2,RJPN-003,Band 1 (2100MHz),-88.6,-12.8,7.6,56.6,35.2,85.2
2026-10-13 11:00:00,RJPN-003-3,RJPN-003,Band 1 (2100MHz),-80.8,-10.5,7.8,38.2,39.6,82.7
2026-10-13 11:00:00,RJPN-004-1,RJPN-004,Band 3 (1800MHz),-81.6,-10.5,13.6,26.7,52.5,66.7
2026-10-13 11:00:00,RJPN-004-2,RJPN-004,Band 3 (1800MHz),-89.3,-9.8,14.7,36.1,24.9,78.5
2026-10-13 11:00:00,RJPN-004-3,RJPN-004,Band 3 (1800MHz),-86.2,-11.2,18.1,41.2,19.1,98.8
2026-10-13 11:00:00,RJPN-005-1,RJPN-005,Band 1 (2100MHz),-82.3,-12.7,19.7,43.6,13.1,39.3
2026-10-13 11:00:00,RJPN-005-2,RJPN-005,Band 1 (2100MHz),-86.4,-9.7,11.0,36.8,26.9,62.6
2026-10-13 11:00:00,RJPN-005-3,RJPN-005,Band 1 (2100MHz),-81.4,-5.6,16.2,29.2,32.4,56.5
2026-10-13 11:00:00,RJPN-006-1,RJPN-006,Band 3 (1800MHz),-92.0,-11.2,14.4,41.3,20.5,58.3
2026-10-13 11:00:00,RJPN-006-2,RJPN-006,Band 3 (1800MHz),-89.4,-11.5,15.3,69.0,17.3,104.5
2026-10-13 11:00:00,RJPN-006-3,RJPN-006,Band 3 (1800MHz),-81.9,-10.8,10.7,35.9,23.3,39.8
2026-10-13 11:00:00,RJPN-007-1,RJPN-007,Band 1 (2100MHz),-81.9,-7.7,0.3,28.3,31.3,90.8
2026-10-13 11:00:00,RJPN-007-2,RJPN-007,Band 1 (2100MHz),-78.9,-12.4,12.1,44.1,22.6,68.8
2026-10-13 11:00:00,RJPN-007-3,RJPN-007,Band 1 (2100MHz),-85.8,-7.6,21.5,48.3,31.5,74.9
2026-10-13 11:00:00,RJPN-008-1,RJPN-008,Band 3 (1800MHz),-85.6,-12.0,13.5,54.8,31.7,93.3
2026-10-13 11:00:00,RJPN-008-2,RJPN-008,Band 3 (1800MHz),-86.1,-10.7,9.2,39.4,15.5,98.2
2026-10-13 11:00:00,RJPN-008-3,RJPN-008,Band 3 (1800MHz),-78.9,-14.4,9.7,40.2,40.8,90.0
2026-10-13 11:00:00,RJPN-009-1,RJPN-009,Band 1 (2100MHz),-83.6,-12.2,17.7,72.9,15.1,39.7
2026-10-13 11:00:00,RJPN-009-2,RJPN-009,Band 1 (2100MHz),-82.5,-10.3,9.7,38.4,34.7,67.8
2026-10-13 11:00:00,RJPN-009-3,RJPN-009,Band 1 (2100MHz),-84.5,-12.1,23.7,59.0,31.8,95.5
2026-10-13 11:00:00,RJPN-010-1,RJPN-010,Band 3 (1800MHz),-82.8,-12.8,7.3,36.8,30.7,75.1
2026-10-13 11:00:00,RJPN-010-2,RJPN-010,Band 3 (1800MHz),-80.2,-13.6,8.4,54.6,34.9,98.2
2026-10-13 11:00:00,RJPN-010-3,RJPN-010,Band 3 (1800MHz),-85.6,-12.0,11.2,67.3,30.8,86.8
2026-10-13 11:00:00,RJPN-011-1,RJPN-011,Band 1 (2100MHz),-92.1,-12.4,17.4,54.2,27.6,100.5
2026-10-13 11:00:00,RJPN-011-2,RJPN-011,Band 1 (2100MHz),-97.6,-13.8,2.6,68.5,34.8,70.6
2026-10-13 11:00:00,RJPN-011-3,RJPN-011,Band 1 (2100MHz),-89.2,-14.2,8.2,56.3,34.3,100.5
2026-10-13 12:00:00,RJPN-001-1,RJPN-001,Band 1 (2100MHz),-80.3,-11.8,10.5,30.6,27.8,85.4
2026-10-13 12:00:00,RJPN-001-2,RJPN-001,Band 1 (2100MHz),-83.8,-11.1,16.1,31.1,32.8,81.5
2026-10-13 12:00:00,RJPN-001-3,RJPN-001,Band 1 (2100MHz),-84.2,-8.1,11.6,37.4,26.8,73.9
2026-10-13 12:00:00,RJPN-002-1,RJPN-002,Band 3 (1800MHz),-86.4,-14.0,4.8,33.0,27.0,106.9
2026-10-13 12:00:00,RJPN-002-2,RJPN-002,Band 3 (1800MHz),-91.5,-12.3,6.5,34.8,26.4,83.5
2026-10-13 12:00:00,RJPN-002-3,RJPN-002,Band 3 (1800MHz),-87.1,-11.9,14.0,54.1,44.4,87.5
2026-10-13 12:00:00,RJPN-003-1,RJPN-003,Band 1 (2100MHz),-92.0,-7.9,27.1,24.4,33.6,47.3
2026-10-13 12:00:00,RJPN-003-2,RJPN-003,Band 1 (2100MHz),-82.9,-11.3,12.8,34.3,6.5,89.2
2026-10-13 12:00:00,RJPN-003-3,RJPN-003,Band 1 (2100MHz),-81.1,-7.1,13.1,41.9,29.8,67.3
2026-10-13 12:00:00,RJPN-004-1,RJPN-004,Band 3 (1800MHz),-83.2,-9.8,22.0,63.3,34.7,49.8
2026-10-13 12:00:00,RJPN-004-2,RJPN-004,Band 3 (1800MHz),-86.6,-8.9,10.6,21.9,25.6,85.3
2026-10-13 12:00:00,RJPN-004-3,RJPN-004,Band 3 (1800MHz),-87.7,-7.1,13.2,47.8,24.9,114.3
2026-10-13 12:00:00,RJPN-005-1,RJPN-005,Band 1 (2100MHz),-82.0,-8.7,19.2,60.7,30.5,97.8
2026-10-13 12:00:00,RJPN-005-2,RJPN-005,Band 1 (2100MHz),-84.8,-11.7,5.4,75.4,22.8,95.5
2026-10-13 12:00:00,RJPN-005-3,RJPN-005,Band 1 (2100MHz),-80.6,-12.2,8.0,70.3,8.2,104.3
2026-10-13 12:00:00,RJPN-006-1,RJPN-006,Band 3 (1800MHz),-82.3,-8.1,14.3,53.0,26.1,83.3
2026-10-13 12:00:00,RJPN-006-2,RJPN-006,Band 3 (1800MHz),-82.8,-10.7,13.3,61.6,30.3,90.5
2026-10-13 12:00:00,RJPN-006-3,RJPN-006,Band 3 (1800MHz),-84.3,-11.5,8.9,34.7,37.5,59.7
2026-10-13 12:00:00,RJPN-007-1,RJPN-007,Band 1 (2100MHz),-87.1,-9.9,16.5,60.9,40.6,105.7
2026-10-13 12:00:00,RJPN-007-2,RJPN-007,Band 1 (2100MHz),-84.8,-10.8,5.0,39.9,21.9,62.5
2026-10-13 12:00:00,RJPN-007-3,RJPN-007,Band 1 (2100MHz),-82.9,-10.6,8.7,44.4,18.2,87.1
2026-10-13 12:00:00,RJPN-008-1,RJPN-008,Band 3 (1800MHz),-87.2,-13.3,12.7,72.8,32.1,38.0
2026-10-13 12:00:00,RJPN-008-2,RJPN-008,Band 3 (1800MHz),-89.5,-10.0,15.7,25.4,32.8,96.5
2026-10-13 12:00:00,RJPN-008-3,RJPN-008,Band 3 (1800MHz),-87.3,-12.0,14.2,42.9,40.6,83.5
2026-10-13 12:00:00,RJPN-009-1,RJPN-009,Band 1 (2100MHz),-86.0,-12.5,2.9,40.8,22.1,72.9
2026-10-13 12:00:00,RJPN-009-2,RJPN-009,Band 1 (2100MHz),-84.2,-10.1,14.8,38.8,19.3,39.8
2026-10-13 12:00:00,RJPN-009-3,RJPN-009,Band 1 (2100MHz),-85.9,-9.8,17.1,39.4,28.3,82.4
2026-10-13 12:00:00,RJPN-010-1,RJPN-010,Band 3 (1800MHz),-82.8,-8.1,13.5,56.7,27.5,92.3
2026-10-13 12:00:00,RJPN-010-2,RJPN-010,Band 3 (1800MHz),-85.9,-11.4,8.6,51.4,26.3,67.5
2026-10-13 12:00:00,RJPN-010-3,RJPN-010,Band 3 (1800MHz),-84.6,-11.3,14.0,52.3,31.7,83.9
2026-10-13 12:00:00,RJPN-011-1,RJPN-011,Band 1 (2100MHz),-88.7,-9.4,10.2,50.5,22.0,107.9
2026-10-13 12:00:00,RJPN-011-2,RJPN-011,Band 1 (2100MHz),-100.6,-12.8,7.6,55.6,10.0,70.3
2026-10-13 12:00:00,RJPN-011-3,RJPN-011,Band 1 (2100MHz),-106.4,-10.7,7.3,49.3,31.3,73.3
2026-10-13 13:00:00,RJPN-001-1,RJPN-001,Band 1 (2100MHz),-85.2,-10.5,20.8,37.2,26.4,78.3
2026-10-13 13:00:00,RJPN-001-2,RJPN-001,Band 1 (2100MHz),-86.2,-10.1,10.3,58.7,26.9,91.4
2026-10-13 13:00:00,RJPN-001-3,RJPN-001,Band 1 (2100MHz),-79.7,-10.6,9.1,48.7,29.4,98.7
2026-10-13 13:00:00,RJPN-002-1,RJPN-002,Band 3 (1800MHz),-80.4,-12.9,12.9,27.9,36.2,73.0
2026-10-13 13:00:00,RJPN-002-2,RJPN-002,Band 3 (1800MHz),-94.0,-16.0,5.3,54.0,30.4,74.3
2026-10-13 13:00:00,RJPN-002-3,RJPN-002,Band 3 (1800MHz),-85.0,-5.8,14.6,46.4,19.1,68.7
2026-10-13 13:00:00,RJPN-003-1,RJPN-003,Band 1 (2100MHz),-86.2,-9.6,14.3,40.4,17.4,86.1
2026-10-13 13:00:00,RJPN-003-2,RJPN-003,Band 1 (2100MHz),-93.0,-12.5,20.7,67.5,23.4,31.6
2026-10-13 13:00:00,RJPN-003-3,RJPN-003,Band 1 (2100MHz),-90.1,-9.3,11.4,36.2,18.8,78.8
2026-10-13 13:00:00,RJPN-004-1,RJPN-004,Band 3 (1800MHz),-86.7,-10.5,15.5,22.7,46.2,105.4
2026-10-13 13:00:00,RJPN-004-2,RJPN-004,Band 3 (1800MHz),-94.2,-13.2,7.7,63.6,32.1,113.7
2026-10-13 13:00:00,RJPN-004-3,RJPN-004,Band 3 (1800MHz),-75.4,-10.2,18.5,50.6,24.1,106.9
2026-10-13 13:00:00,RJPN-005-1,RJPN-005,Band 1 (2100MHz),-88.2,-14.7,21.2,52.9,20.9,106.0
2026-10-13 13:00:00,RJPN-005-2,RJPN-005,Band 1 (2100MHz),-81.3,-8.9,12.0,46.6,22.8,74.8
2026-10-13 13:00:00,RJPN-005-3,RJPN-005,Band 1 (2100MHz),-87.0,-12.9,24.1,76.0,29.6,49.8
2026-10-13 13:00:00,RJPN-006-1,RJPN-006,Band 3 (1800MHz),-83.2,-10.4,24.0,56.3,35.2,72.0
2026-10-13 13:00:00,RJPN-006-2,RJPN-006,Band 3 (1800MHz),-77.9,-13.1,6.7,57.8,23.7,76.4
2026-10-13 13:00:00,RJPN-006-3,RJPN-006,Band 3 (1800MHz),-81.5,-9.9,14.2,56.5,19.8,60.6
2026-10-13 13:00:00,RJPN-007-1,RJPN-007,Band 1 (2100MHz),-83.3,-8.3,6.2,33.8,32.7,129.2
2026-10-13 13:00:00,RJPN-007-2,RJPN-007,Band 1 (2100MHz),-88.1,-9.9,10.8,44.3,20.4,88.8
2026-10-13 13:00:00,RJPN-007-3,RJPN-007,Band 1 (2100MHz),-91.3,-11.2,26.3,43.0,11.5,73.0
2026-10-13 13:00:00,RJPN-008-1,RJPN-008,Band 3 (1800MHz),-92.1,-7.0,10.4,62.0,30.5,87.9
2026-10-13 13:00:00,RJPN-008-2,RJPN-008,Band 3 (1800MHz),-81.1,-8.5,9.6,17.6,31.8,94.6
2026-10-13 13:00:00,RJPN-008-3,RJPN-008,Band 3 (1800MHz),-88.9,-14.0,14.5,50.7,29.2,93.2
2026-10-13 13:00:00,RJPN-009-1,RJPN-009,Band 1 (2100MHz),-82.1,-11.7,13.5,47.9,24.3,76.9
2026-10-13 13:00:00,RJPN-009-2,RJPN-009,Band 1 (2100MHz),-80.2,-10.5,7.9,50.4,39.3,75.0
2026-10-13 13:00:00,RJPN-009-3,RJPN-009,Band 1 (2100MHz),-81.0,-11.2,15.9,37.1,27.4,60.8
2026-10-13 13:00:00,RJPN-010-1,RJPN-010,Band 3 (1800MHz),-88.3,-9.1,14.6,32.1,32.2,79.6
2026-10-13 13:00:00,RJPN-010-2,RJPN-010,Band 3 (1800MHz),-86.0,-10.0,17.1,56.7,29.8,39.0
2026-10-13 13:00:00,RJPN-010-3,RJPN-010,Band 3 (1800MHz),-83.0,-8.9,11.3,26.6,16.9,106.8
2026-10-13 13:00:00,RJPN-011-1,RJPN-011,Band 1 (2100MHz),-88.7,-9.9,12.2,36.8,33.4,100.6
2026-10-13 13:00:00,RJPN-011-2,RJPN-011,Band 1 (2100MHz),-98.5,-16.4,4.2,39.7,30.6,83.5
2026-10-13 13:00:00,RJPN-011-3,RJPN-011,Band 1 (2100MHz),-87.0,-16.7,3.3,46.2,17.2,59.7
2026-10-13 14:00:00,RJPN-001-1,RJPN-001,Band 1 (2100MHz),-83.7,-8.6,18.6,54.2,26.3,8.0
2026-10-13 14:00:00,RJPN-001-2,RJPN-001,Band 1 (2100MHz),-92.7,-9.5,7.5,61.8,7.7,110.5
2026-10-13 14:00:00,RJPN-001-3,RJPN-001,Band 1 (2100MHz),-90.2,-10.0,12.9,51.0,26.8,95.7
2026-10-13 14:00:00,RJPN-002-1,RJPN-002,Band 3 (1800MHz),-78.3,-8.9,8.8,58.1,28.9,88.0
2026-10-13 14:00:00,RJPN-002-2,RJPN-002,Band 3 (1800MHz),-91.8,-13.2,18.8,43.5,25.9,66.9
2026-10-13 14:00:00,RJPN-002-3,RJPN-002,Band 3 (1800MHz),-78.4,-9.6,20.9,52.3,31.8,35.9
2026-10-13 14:00:00,RJPN-003-1,RJPN-003,Band 1 (2100MHz),-80.8,-13.3,13.8,53.7,23.9,99.7
2026-10-13 14:00:00,RJPN-003-2,RJPN-003,Band 1 (2100MHz),-87.0,-10.0,10.0,43.7,38.5,68.8
2026-10-13 14:00:00,RJPN-003-3,RJPN-003,Band 1 (2100MHz),-89.1,-10.2,8.0,36.3,45.9,87.0
2026-10-13 14:00:00,RJPN-004-1,RJPN-004,Band 3 (1800MHz),-81.5,-12.4,16.3,40.6,15.7,82.7
2026-10-13 14:00:00,RJPN-004-2,RJPN-004,Band 3 (1800MHz),-86.4,-12.5,14.8,53.2,19.1,116.3
2026-10-13 14:00:00,RJPN-004-3,RJPN-004,Band 3 (1800MHz),-84.2,-11.0,15.7,78.7,37.1,71.1
2026-10-13 14:00:00,RJPN-005-1,RJPN-005,Band 1 (2100MHz),-89.0,-12.9,13.0,46.8,23.9,75.8
2026-10-13 14:00:00,RJPN-005-2,RJPN-005,Band 1 (2100MHz),-83.1,-10.1,16.6,49.3,31.0,79.0
2026-10-13 14:00:00,RJPN-005-3,RJPN-005,Band 1 (2100MHz),-81.2,-14.9,13.2,56.1,24.9,70.4
2026-10-13 14:00:00,RJPN-006-1,RJPN-006,Band 3 (1800MHz),-82.7,-8.9,12.8,51.8,36.9,116.1
2026-10-13 14:00:00,RJPN-006-2,RJPN-006,Band 3 (1800MHz),-86.7,-9.7,8.8,65.1,26.3,44.7
2026-10-13 14:00:00,RJPN-006-3,RJPN-006,Band 3 (1800MHz),-88.2,-10.2,7.8,59.9,38.9,77.0
2026-10-13 14:00:00,RJPN-007-1,RJPN-007,Band 1 (2100MHz),-82.9,-10.0,8.9,25.7,25.8,103.9
2026-10-13 14:00:00,RJPN-007-2,RJPN-007,Band 1 (2100MHz),-83.9,-8.8,0.5,45.9,19.9,54.3
2026-10-13 14:00:00,RJPN-007-3,RJPN-007,Band 1 (2100MHz),-83.7,-9.5,19.3,59.4,32.1,78.5
2026-10-13 14:00:00,RJPN-008-1,RJPN-008,Band 3 (1800MHz),-82.4,-13.2,18.8,17.5,23.1,56.8
2026-10-13 14:00:00,RJPN-008-2,RJPN-008,Band 3 (1800MHz),-84.0,-9.7,15.7,50.2,34.2,63.0
2026-10-13 14:00:00,RJPN-008-3,RJPN-008,Band 3 (1800MHz),-85.7,-8.7,13.8,52.3,25.1,91.0
2026-10-13 14:00:00,RJPN-009-1,RJPN-009,Band 1 (2100MHz),-77.9,-9.4,10.7,57.9,44.7,108.7
2026-10-13 14:00:00,RJPN-009-2,RJPN-009,Band 1 (2100MHz),-88.0,-10.4,6.6,27.5,39.4,88.2
2026-10-13 14:00:00,RJPN-009-3,RJPN-009,Band 1 (2100MHz),-83.1,-10.0,8.6,64.5,27.8,80.5
2026-10-13 14:00:00,RJPN-010-1,RJPN-010,Band 3 (1800MHz),-88.9,-8.6,13.8,45.7,35.3,93.6
2026-10-13 14:00:00,RJPN-010-2,RJPN-010,Band 3 (1800MHz),-86.8,-11.6,4.2,51.4,23.0,84.8
2026-10-13 14:00:00,RJPN-010-3,RJPN-010,Band 3 (1800MHz),-82.5,-9.0,18.9,68.5,15.2,105.4
2026-10-13 14:00:00,RJPN-011-1,RJPN-011,Band 1 (2100MHz),-85.1,-9.2,9.8,39.6,30.7,82.3
2026-10-13 14:00:00,RJPN-011-2,RJPN-011,Band 1 (2100MHz),-96.9,-13.5,8.1,71.5,38.1,44.9
2026-10-13 14:00:00,RJPN-011-3,RJPN-011,Band 1 (2100MHz),-94.7,-14.5,-1.4,52.9,31.4,104.8
2026-10-13 15:00:00,RJPN-001-1,RJPN-001,Band 1 (2100MHz),-85.6,-8.9,11.0,17.5,23.1,35.9
2026-10-13 15:00:00,RJPN-001-2,RJPN-001,Band 1 (2100MHz),-87.9,-7.9,13.0,15.0,6.0,40.9
2026-10-13 15:00:00,RJPN-001-3,RJPN-001,Band 1 (2100MHz),-77.4,-8.6,15.6,10.3,11.7,20.3
2026-10-13 15:00:00,RJPN-002-1,RJPN-002,Band 3 (1800MHz),-88.7,-7.5,18.9,24.8,12.2,24.2
2026-10-13 15:00:00,RJPN-002-2,RJPN-002,Band 3 (1800MHz),-103.8,-12.7,7.1,12.4,11.4,0.0
2026-10-13 15:00:00,RJPN-002-3,RJPN-002,Band 3 (1800MHz),-88.6,-10.3,9.8,0.0,18.2,40.0
2026-10-13 15:00:00,RJPN-003-1,RJPN-003,Band 1 (2100MHz),-83.1,-6.7,4.9,12.2,10.7,6.6
2026-10-13 15:00:00,RJPN-003-2,RJPN-003,Band 1 (2100MHz),-85.4,-5.2,14.1,12.8,6.2,28.7
2026-10-13 15:00:00,RJPN-003-3,RJPN-003,Band 1 (2100MHz),-86.6,-10.3,17.9,8.7,13.3,2.3
2026-10-13 15:00:00,RJPN-004-1,RJPN-004,Band 3 (1800MHz),-91.1,-6.8,14.1,11.5,4.2,1.5
2026-10-13 15:00:00,RJPN-004-2,RJPN-004,Band 3 (1800MHz),-81.3,-8.1,9.9,26.6,1.7,0.0
2026-10-13 15:00:00,RJPN-004-3,RJPN-004,Band 3 (1800MHz),-87.3,-4.2,16.8,19.7,16.9,52.8
2026-10-13 15:00:00,RJPN-005-1,RJPN-005,Band 1 (2100MHz),-89.3,-7.2,8.7,12.5,6.1,55.2
2026-10-13 15:00:00,RJPN-005-2,RJPN-005,Band 1 (2100MHz),-82.7,-5.8,9.6,15.2,16.0,0.0
2026-10-13 15:00:00,RJPN-005-3,RJPN-005,Band 1 (2100MHz),-85.5,-8.0,8.7,0.0,21.2,19.2
2026-10-13 15:00:00,RJPN-006-1,RJPN-006,Band 3 (1800MHz),-84.6,-10.7,16.3,25.7,8.5,31.6
2026-10-13 15:00:00,RJPN-006-2,RJPN-006,Band 3 (1800MHz),-91.0,-6.2,15.6,14.8,0.0,37.8
2026-10-13 15:00:00,RJPN-006-3,RJPN-006,Band 3 (1800MHz),-77.3,-6.9,8.8,5.3,3.2,26.7
2026-10-13 15:00:00,RJPN-007-1,RJPN-007,Band 1 (2100MHz),-85.8,-9.1,15.8,12.0,27.1,22.8
2026-10-13 15:00:00,RJPN-007-2,RJPN-007,Band 1 (2100MHz),-75.1,-11.5,8.2,42.8,22.7,0.0
2026-10-13 15:00:00,RJPN-007-3,RJPN-007,Band 1 (2100MHz),-73.3,-7.4,18.8,27.2,16.8,54.7
2026-10-13 15:00:00,RJPN-008-1,RJPN-008,Band 3 (1800MHz),-86.9,-8.2,11.6,17.8,0.0,29.5
2026-10-13 15:00:00,RJPN-008-2,RJPN-008,Band 3 (1800MHz),-82.1,-7.8,2.7,0.0,4.7,49.8
2026-10-13 15:00:00,RJPN-008-3,RJPN-008,Band 3 (1800MHz),-90.9,-8.5,18.5,0.0,13.3,35.2
2026-10-13 15:00:00,RJPN-009-1,RJPN-009,Band 1 (2100MHz),-90.5,-11.1,14.8,17.5,0.0,8.6
2026-10-13 15:00:00,RJPN-009-2,RJPN-009,Band 1 (2100MHz),-82.6,-10.6,3.2,40.9,0.0,34.5
2026-10-13 15:00:00,RJPN-009-3,RJPN-009,Band 1 (2100MHz),-85.8,-10.5,9.8,5.0,23.8,21.5
2026-10-13 15:00:00,RJPN-010-1,RJPN-010,Band 3 (1800MHz),-85.4,-6.8,13.6,19.6,13.9,5.0
2026-10-13 15:00:00,RJPN-010-2,RJPN-010,Band 3 (1800MHz),-91.1,-7.9,12.2,28.7,8.3,0.0
2026-10-13 15:00:00,RJPN-010-3,RJPN-010,Band 3 (1800MHz),-88.5,-6.8,9.4,8.8,0.0,32.5
2026-10-13 15:00:00,RJPN-011-1,RJPN-011,Band 1 (2100MHz),-87.1,-7.3,25.7,23.2,14.4,2.0
2026-10-13 15:00:00,RJPN-011-2,RJPN-011,Band 1 (2100MHz),-96.2,-11.3,1.9,25.9,16.1,14.9
2026-10-13 15:00:00,RJPN-011-3,RJPN-011,Band 1 (2100MHz),-96.1,-12.7,8.5,11.4,0.2,56.9
2026-10-13 16:00:00,RJPN-001-1,RJPN-001,Band 1 (2100MHz),-89.7,-10.7,7.2,50.2,27.0,128.1
2026-10-13 16:00:00,RJPN-001-2,RJPN-001,Band 1 (2100MHz),-83.9,-9.7,18.8,41.6,60.2,97.9
2026-10-13 16:00:00,RJPN-001-3,RJPN-001,Band 1 (2100MHz),-77.8,-10.3,12.6,60.4,31.1,92.8
2026-10-13 16:00:00,RJPN-002-1,RJPN-002,Band 3 (1800MHz),-83.1,-8.5,1.7,53.8,28.3,142.5
2026-10-13 16:00:00,RJPN-002-2,RJPN-002,Band 3 (1800MHz),-101.9,-16.9,-1.7,64.0,45.8,101.7
2026-10-13 16:00:00,RJPN-002-3,RJPN-002,Band 3 (1800MHz),-81.2,-8.6,12.3,80.1,39.7,146.6
2026-10-13 16:00:00,RJPN-003-1,RJPN-003,Band 1 (2100MHz),-81.7,-9.6,22.9,76.0,37.8,99.5
2026-10-13 16:00:00,RJPN-003-2,RJPN-003,Band 1 (2100MHz),-80.6,-7.9,12.7,63.2,30.3,139.7
2026-10-13 16:00:00,RJPN-003-3,RJPN-003,Band 1 (2100MHz),-83.9,-12.7,8.7,71.4,55.6,106.5
2026-10-13 16:00:00,RJPN-004-1,RJPN-004,Band 3 (1800MHz),-84.2,-11.6,7.7,55.6,36.5,96.5
2026-10-13 16:00:00,RJPN-004-2,RJPN-004,Band 3 (1800MHz),-80.0,-14.7,12.6,82.5,40.1,107.7
2026-10-13 16:00:00,RJPN-004-3,RJPN-004,Band 3 (1800MHz),-82.4,-11.5,14.4,66.4,39.2,77.1
2026-10-13 16:00:00,RJPN-005-1,RJPN-005,Band 1 (2100MHz),-87.9,-10.6,6.2,68.0,30.1,110.8
2026-10-13 16:00:00,RJPN-005-2,RJPN-005,Band 1 (2100MHz),-86.5,-11.1,19.4,86.5,34.6,118.7
2026-10-13 16:00:00,RJPN-005-3,RJPN-005,Band 1 (2100MHz),-94.6,-7.6,18.3,47.7,41.7,115.5
2026-10-13 16:00:00,RJPN-006-1,RJPN-006,Band 3 (1800MHz),-81.3,-9.0,10.4,68.4,39.4,114.9
2026-10-13 16:00:00,RJPN-006-2,RJPN-006,Band 3 (1800MHz),-83.7,-11.0,11.0,58.6,33.6,107.3
2026-10-13 16:00:00,RJPN-006-3,RJPN-006,Band 3 (1800MHz),-87.8,-14.0,16.3,72.9,36.5,110.6
2026-10-13 16:00:00,RJPN-007-1,RJPN-007,Band 1 (2100MHz),-87.0,-11.0,14.1,68.7,49.8,88.9
2026-10-13 16:00:00,RJPN-007-2,RJPN-007,Band 1 (2100MHz),-96.8,-8.7,20.3,59.8,46.8,115.3
2026-10-13 16:00:00,RJPN-007-3,RJPN-007,Band 1 (2100MHz),-86.7,-8.8,8.2,69.1,28.1,132.6
2026-10-13 16:00:00,RJPN-008-1,RJPN-008,Band 3 (1800MHz),-89.5,-9.9,20.3,72.5,38.8,103.4
2026-10-13 16:00:00,RJPN-008-2,RJPN-008,Band 3 (1800MHz),-83.9,-9.1,11.5,72.1,33.6,105.1
2026-10-13 16:00:00,RJPN-008-3,RJPN-008,Band 3 (1800MHz),-76.2,-11.9,8.4,82.9,40.7,105.5
2026-10-13 16:00:00,RJPN-009-1,RJPN-009,Band 1 (2100MHz),-80.4,-9.6,15.4,62.5,35.3,106.6
2026-10-13 16:00:00,RJPN-009-2,RJPN-009,Band 1 (2100MHz),-90.7,-10.4,13.4,81.3,51.7,107.6
2026-10-13 16:00:00,RJPN-009-3,RJPN-009,Band 1 (2100MHz),-92.9,-14.0,15.5,74.3,45.7,58.8
2026-10-13 16:00:00,RJPN-010-1,RJPN-010,Band 3 (1800MHz),-87.0,-11.1,16.3,53.4,35.8,78.5
2026-10-13 16:00:00,RJPN-010-2,RJPN-010,Band 3 (1800MHz),-89.9,-12.2,11.4,72.7,38.2,97.7
2026-10-13 16:00:00,RJPN-010-3,RJPN-010,Band 3 (1800MHz),-82.7,-13.2,23.4,58.5,33.2,124.5
2026-10-13 16:00:00,RJPN-011-1,RJPN-011,Band 1 (2100MHz),-82.4,-14.3,8.7,59.4,41.4,119.0
2026-10-13 16:00:00,RJPN-011-2,RJPN-011,Band 1 (2100MHz),-99.8,-16.4,3.7,43.8,36.9,131.1
2026-10-13 16:00:00,RJPN-011-3,RJPN-011,Band 1 (2100MHz),-99.0,-15.3,7.4,60.3,44.9,81.4
2026-10-13 17:00:00,RJPN-001-1,RJPN-001,Band 1 (2100MHz),-84.0,-11.1,25.3,89.0,39.6,138.0
2026-10-13 17:00:00,RJPN-001-2,RJPN-001,Band 1 (2100MHz),-85.7,-11.7,16.6,79.1,34.0,150.0
2026-10-13 17:00:00,RJPN-001-3,RJPN-001,Band 1 (2100MHz),-78.5,-11.8,14.6,75.2,50.3,110.0
2026-10-13 17:00:00,RJPN-002-1,RJPN-002,Band 3 (1800MHz),-77.6,-11.8,9.0,69.3,36.8,92.5
2026-10-13 17:00:00,RJPN-002-2,RJPN-002,Band 3 (1800MHz),-93.8,-12.9,9.9,95.8,64.6,111.7
2026-10-13 17:00:00,RJPN-002-3,RJPN-002,Band 3 (1800MHz),-85.6,-12.8,6.9,85.7,35.3,82.1
2026-10-13 17:00:00,RJPN-003-1,RJPN-003,Band 1 (2100MHz),-84.6,-12.0,7.8,77.1,46.6,147.8
2026-10-13 17:00:00,RJPN-003-2,RJPN-003,Band 1 (2100MHz),-83.0,-9.0,16.4,65.0,41.1,149.9
2026-10-13 17:00:00,RJPN-003-3,RJPN-003,Band 1 (2100MHz),-86.8,-12.0,11.0,77.9,29.5,61.8
2026-10-13 17:00:00,RJPN-004-1,RJPN-004,Band 3 (1800MHz),-80.3,-10.0,21.2,77.9,25.5,147.2
2026-10-13 17:00:00,RJPN-004-2,RJPN-004,Band 3 (1800MHz),-84.5,-14.2,13.5,76.5,46.4,131.0
2026-10-13 17:00:00,RJPN-004-3,RJPN-004,Band 3 (1800MHz),-84.6,-10.9,3.4,100.0,46.2,112.2
2026-10-13 17:00:00,RJPN-005-1,RJPN-005,Band 1 (2100MHz),-78.9,-14.0,11.3,57.6,38.2,133.3
2026-10-13 17:00:00,RJPN-005-2,RJPN-005,Band 1 (2100MHz),-95.6,-12.6,10.1,71.9,51.0,140.1
2026-10-13 17:00:00,RJPN-005-3,RJPN-005,Band 1 (2100MHz),-80.9,-10.3,9.3,57.5,35.0,92.4
2026-10-13 17:00:00,RJPN-006-1,RJPN-006,Band 3 (1800MHz),-87.8,-7.4,6.3,95.3,45.8,185.7
2026-10-13 17:00:00,RJPN-006-2,RJPN-006,Band 3 (1800MHz),-90.5,-11.2,5.9,57.2,37.6,158.0
2026-10-13 17:00:00,RJPN-006-3,RJPN-006,Band 3 (1800MHz),-93.0,-10.0,7.2,80.7,49.5,143.5
2026-10-13 17:00:00,RJPN-007-1,RJPN-007,Band 1 (2100MHz),-84.7,-10.1,14.3,60.9,49.4,119.9
2026-10-13 17:00:00,RJPN-007-2,RJPN-007,Band 1 (2100MHz),-84.5,-10.8,16.5,79.7,56.9,186.8
2026-10-13 17:00:00,RJPN-007-3,RJPN-007,Band 1 (2100MHz),-83.8,-13.8,10.2,70.6,45.2,109.1
2026-10-13 17:00:00,RJPN-008-1,RJPN-008,Band 3 (1800MHz),-91.1,-14.9,10.5,51.8,54.2,133.5
2026-10-13 17:00:00,RJPN-008-2,RJPN-008,Band 3 (1800MHz),-86.7,-14.2,21.8,91.5,47.9,110.2
2026-10-13 17:00:00,RJPN-008-3,RJPN-008,Band 3 (1800MHz),-85.2,-14.6,14.4,86.7,38.2,93.5
2026-10-13 17:00:00,RJPN-009-1,RJPN-009,Band 1 (2100MHz),-79.0,-10.6,14.6,79.1,49.9,114.9
2026-10-13 17:00:00,RJPN-009-2,RJPN-009,Band 1 (2100MHz),-80.8,-12.5,24.1,73.2,42.8,111.5
2026-10-13 17:00:00,RJPN-009-3,RJPN-009,Band 1 (2100MHz),-89.8,-11.0,12.8,78.6,53.5,78.0
2026-10-13 17:00:00,RJPN-010-1,RJPN-010,Band 3 (1800MHz),-90.1,-11.6,11.7,73.1,64.8,139.6
2026-10-13 17:00:00,RJPN-010-2,RJPN-010,Band 3 (1800MHz),-86.6,-11.8,18.1,83.7,27.1,127.2
2026-10-13 17:00:00,RJPN-010-3,RJPN-010,Band 3 (1800MHz),-78.3,-10.7,9.9,77.4,24.9,108.6
2026-10-13 17:00:00,RJPN-011-1,RJPN-011,Band 1 (2100MHz),-82.2,-8.5,17.2,69.5,44.2,102.6
2026-10-13 17:00:00,RJPN-011-2,RJPN-011,Band 1 (2100MHz),-98.6,-14.7,9.0,76.6,40.4,116.6
2026-10-13 17:00:00,RJPN-011-3,RJPN-011,Band 1 (2100MHz),-101.5,-15.3,10.6,72.5,48.7,88.9
2026-10-13 18:00:00,RJPN-001-1,RJPN-001,Band 1 (2100MHz),-83.5,-14.3,16.3,72.4,54.5,134.2
2026-10-13 18:00:00,RJPN-001-2,RJPN-001,Band 1 (2100MHz),-83.8,-14.3,13.6,69.9,34.6,118.7
2026-10-13 18:00:00,RJPN-001-3,RJPN-001,Band 1 (2100MHz),-90.2,-12.1,16.9,65.7,44.9,137.6
2026-10-13 18:00:00,RJPN-002-1,RJPN-002,Band 3 (1800MHz),-84.5,-7.7,16.0,83.9,48.6,113.3
2026-10-13 18:00:00,RJPN-002-2,RJPN-002,Band 3 (1800MHz),-102.2,-17.4,8.7,66.9,37.3,155.2
2026-10-13 18:00:00,RJPN-002-3,RJPN-002,Band 3 (1800MHz),-88.9,-13.5,13.9,88.3,41.0,151.0
2026-10-13 18:00:00,RJPN-003-1,RJPN-003,Band 1 (2100MHz),-90.8,-11.4,18.3,96.2,49.9,89.9
2026-10-13 18:00:00,RJPN-003-2,RJPN-003,Band 1 (2100MHz),-81.7,-12.6,10.5,81.9,39.0,110.6
2026-10-13 18:00:00,RJPN-003-3,RJPN-003,Band 1 (2100MHz),-85.3,-15.6,21.8,69.0,39.5,113.6
2026-10-13 18:00:00,RJPN-004-1,RJPN-004,Band 3 (1800MHz),-80.4,-12.2,16.5,66.6,43.3,105.9
2026-10-13 18:00:00,RJPN-004-2,RJPN-004,Band 3 (1800MHz),-83.8,-11.4,15.7,85.5,38.6,122.4
2026-10-13 18:00:00,RJPN-004-3,RJPN-004,Band 3 (1800MHz),-86.6,-13.1,6.0,76.1,41.5,129.0
2026-10-13 18:00:00,RJPN-005-1,RJPN-005,Band 1 (2100MHz),-87.9,-8.7,20.7,87.5,56.0,91.6
2026-10-13 18:00:00,RJPN-005-2,RJPN-005,Band 1 (2100MHz),-88.7,-11.9,2.4,79.4,53.4,101.2
2026-10-13 18:00:00,RJPN-005-3,RJPN-005,Band 1 (2100MHz),-85.5,-9.5,18.9,72.4,49.7,116.6
2026-10-13 18:00:00,RJPN-006-1,RJPN-006,Band 3 (1800MHz),-88.5,-11.5,10.5,86.0,42.3,130.4
2026-10-13 18:00:00,RJPN-006-2,RJPN-006,Band 3 (1800MHz),-88.7,-12.9,7.1,78.2,23.9,120.0
2026-10-13 18:00:00,RJPN-006-3,RJPN-006,Band 3 (1800MHz),-83.4,-11.0,16.8,78.0,34.3,153.9
2026-10-13 18:00:00,RJPN-007-1,RJPN-007,Band 1 (2100MHz),-86.3,-13.3,14.3,78.0,47.0,109.1
2026-10-13 18:00:00,RJPN-007-2,RJPN-007,Band 1 (2100MHz),-89.6,-13.5,13.1,98.8,42.6,147.1
2026-10-13 18:00:00,RJPN-007-3,RJPN-007,Band 1 (2100MHz),-90.0,-12.3,2.7,69.2,52.8,134.2
2026-10-13 18:00:00,RJPN-008-1,RJPN-008,Band 3 (1800MHz),-85.9,-12.3,8.4,73.8,30.0,143.7
2026-10-13 18:00:00,RJPN-008-2,RJPN-008,Band 3 (1800MHz),-86.7,-13.0,10.7,74.4,39.6,128.9
2026-10-13 18:00:00,RJPN-008-3,RJPN-008,Band 3 (1800MHz),-87.3,-7.7,17.8,91.0,38.9,131.2
2026-10-13 18:00:00,RJPN-009-1,RJPN-009,Band 1 (2100MHz),-92.1,-13.1,10.1,93.5,48.0,139.4
2026-10-13 18:00:00,RJPN-009-2,RJPN-009,Band 1 (2100MHz),-86.2,-14.2,11.8,73.5,41.0,117.0
2026-10-13 18:00:00,RJPN-009-3,RJPN-009,Band 1 (2100MHz),-89.6,-12.6,4.2,65.3,51.4,133.1
2026-10-13 18:00:00,RJPN-010-1,RJPN-010,Band 3 (1800MHz),-83.9,-15.5,13.6,70.3,55.8,159.8
2026-10-13 18:00:00,RJPN-010-2,RJPN-010,Band 3 (1800MHz),-79.1,-13.0,12.5,71.8,40.8,162.9
2026-10-13 18:00:00,RJPN-010-3,RJPN-010,Band 3 (1800MHz),-80.6,-8.2,21.7,83.4,44.5,145.3
2026-10-13 18:00:00,RJPN-011-1,RJPN-011,Band 1 (2100MHz),-81.2,-15.2,6.0,76.1,21.5,155.1
2026-10-13 18:00:00,RJPN-011-2,RJPN-011,Band 1 (2100MHz),-92.3,-14.2,11.3,45.8,33.5,84.3
2026-10-13 18:00:00,RJPN-011-3,RJPN-011,Band 1 (2100MHz),-91.6,-20.9,5.7,70.3,34.5,99.4
2026-10-13 19:00:00,RJPN-001-1,RJPN-001,Band 1 (2100MHz),-83.0,-10.4,10.9,78.0,47.6,91.1
2026-10-13 19:00:00,RJPN-001-2,RJPN-001,Band 1 (2100MHz),-82.7,-8.9,25.6,68.7,37.4,146.2
2026-10-13 19:00:00,RJPN-001-3,RJPN-001,Band 1 (2100MHz),-86.5,-8.0,7.0,75.2,39.6,127.2
2026-10-13 19:00:00,RJPN-002-1,RJPN-002,Band 3 (1800MHz),-79.8,-9.7,10.5,80.1,47.8,112.9
2026-10-13 19:00:00,RJPN-002-2,RJPN-002,Band 3 (1800MHz),-100.6,-16.8,-2.3,53.7,46.0,109.0
2026-10-13 19:00:00,RJPN-002-3,RJPN-002,Band 3 (1800MHz),-79.6,-11.4,13.7,81.9,47.9,163.1
2026-10-13 19:00:00,RJPN-003-1,RJPN-003,Band 1 (2100MHz),-87.6,-10.7,7.2,80.1,48.3,165.6
2026-10-13 19:00:00,RJPN-003-2,RJPN-003,Band 1 (2100MHz),-83.3,-10.2,13.6,88.2,35.0,180.8
2026-10-13 19:00:00,RJPN-003-3,RJPN-003,Band 1 (2100MHz),-82.4,-10.3,3.6,77.0,47.0,122.6
2026-10-13 19:00:00,RJPN-004-1,RJPN-004,Band 3 (1800MHz),-86.6,-14.9,11.9,65.8,44.7,130.3
2026-10-13 19:00:00,RJPN-004-2,RJPN-004,Band 3 (1800MHz),-83.6,-16.8,8.8,92.0,52.0,121.7
2026-10-13 19:00:00,RJPN-004-3,RJPN-004,Band 3 (1800MHz),-85.2,-13.9,6.0,83.2,31.2,119.1
2026-10-13 19:00:00,RJPN-005-1,RJPN-005,Band 1 (2100MHz),-88.2,-10.9,11.2,66.9,32.8,118.8
2026-10-13 19:00:00,RJPN-005-2,RJPN-005,Band 1 (2100MHz),-85.1,-12.7,18.5,87.5,51.1,115.3
2026-10-13 19:00:00,RJPN-005-3,RJPN-005,Band 1 (2100MHz),-85.2,-12.3,10.1,78.5,45.9,135.6
2026-10-13 19:00:00,RJPN-006-1,RJPN-006,Band 3 (1800MHz),-82.4,-11.5,15.2,68.2,44.5,122.3
2026-10-13 19:00:00,RJPN-006-2,RJPN-006,Band 3 (1800MHz),-88.5,-11.9,12.8,77.6,16.1,84.9
2026-10-13 19:00:00,RJPN-006-3,RJPN-006,Band 3 (1800MHz),-88.4,-10.3,10.1,52.9,53.8,118.6
2026-10-13 19:00:00,RJPN-007-1,RJPN-007,Band 1 (2100MHz),-83.9,-13.5,5.0,88.2,42.9,90.5
2026-10-13 19:00:00,RJPN-007-2,RJPN-007,Band 1 (2100MHz),-79.4,-14.7,22.0,100.0,35.8,101.8
2026-10-13 19:00:00,RJPN-007-3,RJPN-007,Band 1 (2100MHz),-81.7,-8.7,1.2,69.1,30.9,111.1
2026-10-13 19:00:00,RJPN-008-1,RJPN-008,Band 3 (1800MHz),-88.4,-15.5,14.8,60.5,53.2,120.0
2026-10-13 19:00:00,RJPN-008-2,RJPN-008,Band 3 (1800MHz),-82.4,-10.3,2.3,52.5,55.9,102.7
2026-10-13 19:00:00,RJPN-008-3,RJPN-008,Band 3 (1800MHz),-84.5,-9.2,17.4,77.7,34.3,142.3
2026-10-13 19:00:00,RJPN-009-1,RJPN-009,Band 1 (2100MHz),-83.9,-11.8,0.8,91.7,34.8,91.3
2026-10-13 19:00:00,RJPN-009-2,RJPN-009,Band 1 (2100MHz),-82.8,-10.1,14.9,88.6,35.2,158.9
2026-10-13 19:00:00,RJPN-009-3,RJPN-009,Band 1 (2100MHz),-81.1,-9.6,16.4,67.4,47.7,141.3
2026-10-13 19:00:00,RJPN-010-1,RJPN-010,Band 3 (1800MHz),-77.4,-11.3,3.0,63.8,41.1,148.3
2026-10-13 19:00:00,RJPN-010-2,RJPN-010,Band 3 (1800MHz),-81.4,-12.2,13.5,72.2,32.8,99.6
2026-10-13 19:00:00,RJPN-010-3,RJPN-010,Band 3 (1800MHz),-86.3,-11.1,12.2,61.2,51.8,158.6
2026-10-13 19:00:00,RJPN-011-1,RJPN-011,Band 1 (2100MHz),-82.2,-10.8,26.1,63.5,48.9,156.6
2026-10-13 19:00:00,RJPN-011-2,RJPN-011,Band 1 (2100MHz),-90.4,-17.5,9.4,55.4,50.8,130.3
2026-10-13 19:00:00,RJPN-011-3,RJPN-011,Band 1 (2100MHz),-94.7,-12.8,8.3,52.2,41.5,120.7
2026-10-13 20:00:00,RJPN-001-1,RJPN-001,Band 1 (2100MHz),-84.5,-13.4,20.0,84.3,41.6,115.3
2026-10-13 20:00:00,RJPN-001-2,RJPN-001,Band 1 (2100MHz),-86.7,-11.9,20.8,64.2,40.4,102.9
2026-10-13 20:00:00,RJPN-001-3,RJPN-001,Band 1 (2100MHz),-85.2,-9.8,15.2,85.2,54.3,124.7
2026-10-13 20:00:00,RJPN-002-1,RJPN-002,Band 3 (1800MHz),-88.6,-11.6,10.0,46.7,39.0,86.1
2026-10-13 20:00:00,RJPN-002-2,RJPN-002,Band 3 (1800MHz),-95.7,-15.5,15.6,48.2,44.8,125.9
2026-10-13 20:00:00,RJPN-002-3,RJPN-002,Band 3 (1800MHz),-81.3,-9.8,24.0,81.9,39.0,71.1
2026-10-13 20:00:00,RJPN-003-1,RJPN-003,Band 1 (2100MHz),-85.9,-9.4,17.4,67.8,44.1,116.9
2026-10-13 20:00:00,RJPN-003-2,RJPN-003,Band 1 (2100MHz),-86.4,-10.6,6.8,81.3,38.3,90.2
2026-10-13 20:00:00,RJPN-003-3,RJPN-003,Band 1 (2100MHz),-77.4,-12.5,22.1,70.6,53.1,87.9
2026-10-13 20:00:00,RJPN-004-1,RJPN-004,Band 3 (1800MHz),-84.4,-11.3,12.9,69.4,58.2,126.1
2026-10-13 20:00:00,RJPN-004-2,RJPN-004,Band 3 (1800MHz),-87.9,-15.2,17.4,81.7,45.1,102.5
2026-10-13 20:00:00,RJPN-004-3,RJPN-004,Band 3 (1800MHz),-85.6,-10.8,15.7,90.2,44.5,103.4
2026-10-13 20:00:00,RJPN-005-1,RJPN-005,Band 1 (2100MHz),-86.1,-14.2,16.8,67.9,30.0,109.2
2026-10-13 20:00:00,RJPN-005-2,RJPN-005,Band 1 (2100MHz),-80.0,-10.3,10.5,60.2,39.8,104.0
2026-10-13 20:00:00,RJPN-005-3,RJPN-005,Band 1 (2100MHz),-79.8,-8.5,10.4,71.5,24.6,95.4
2026-10-13 20:00:00,RJPN-006-1,RJPN-006,Band 3 (1800MHz),-90.9,-9.7,18.4,67.2,40.3,95.7
2026-10-13 20:00:00,RJPN-006-2,RJPN-006,Band 3 (1800MHz),-85.5,-9.6,25.4,78.0,39.1,113.0
2026-10-13 20:00:00,RJPN-006-3,RJPN-006,Band 3 (1800MHz),-91.8,-10.0,14.2,75.4,48.9,64.3
2026-10-13 20:00:00,RJPN-007-1,RJPN-007,Band 1 (2100MHz),-88.0,-10.3,14.2,60.7,21.6,156.3
2026-10-13 20:00:00,RJPN-007-2,RJPN-007,Band 1 (2100MHz),-90.2,-7.9,9.9,47.7,41.2,110.3
2026-10-13 20:00:00,RJPN-007-3,RJPN-007,Band 1 (2100MHz),-89.0,-9.0,10.9,72.0,34.4,101.3
2026-10-13 20:00:00,RJPN-008-1,RJPN-008,Band 3 (1800MHz),-85.1,-11.0,4.4,76.6,27.9,122.9
2026-10-13 20:00:00,RJPN-008-2,RJPN-008,Band 3 (1800MHz),-84.9,-10.8,13.5,68.4,27.8,143.5
2026-10-13 20:00:00,RJPN-008-3,RJPN-008,Band 3 (1800MHz),-90.9,-14.2,15.2,74.9,39.8,122.8
2026-10-13 20:00:00,RJPN-009-1,RJPN-009,Band 1 (2100MHz),-88.5,-9.0,14.7,62.2,23.6,137.7
2026-10-13 20:00:00,RJPN-009-2,RJPN-009,Band 1 (2100MHz),-88.2,-11.0,16.2,68.1,23.9,104.7
2026-10-13 20:00:00,RJPN-009-3,RJPN-009,Band 1 (2100MHz),-87.9,-13.8,9.4,59.5,38.1,72.3
2026-10-13 20:00:00,RJPN-010-1,RJPN-010,Band 3 (1800MHz),-89.5,-13.7,14.5,70.8,26.8,109.3
2026-10-13 20:00:00,RJPN-010-2,RJPN-010,Band 3 (1800MHz),-85.2,-9.2,8.2,64.2,49.3,113.8
2026-10-13 20:00:00,RJPN-010-3,RJPN-010,Band 3 (1800MHz),-81.6,-11.5,13.2,81.0,49.8,115.6
2026-10-13 20:00:00,RJPN-011-1,RJPN-011,Band 1 (2100MHz),-92.5,-11.0,9.0,78.0,27.6,89.9
2026-10-13 20:00:00,RJPN-011-2,RJPN-011,Band 1 (2100MHz),-102.5,-19.7,1.6,83.5,37.7,128.3
2026-10-13 20:00:00,RJPN-011-3,RJPN-011,Band 1 (2100MHz),-92.7,-12.6,13.6,73.1,32.2,115.0
2026-10-13 21:00:00,RJPN-001-1,RJPN-001,Band 1 (2100MHz),-85.8,-8.6,11.8,24.9,0.0,53.8
2026-10-13 21:00:00,RJPN-001-2,RJPN-001,Band 1 (2100MHz),-84.9,-9.7,12.5,0.4,8.4,44.4
2026-10-13 21:00:00,RJPN-001-3,RJPN-001,Band 1 (2100MHz),-78.5,-8.2,15.9,32.2,18.8,50.1
2026-10-13 21:00:00,RJPN-002-1,RJPN-002,Band 3 (1800MHz),-89.8,-7.8,0.9,20.1,0.0,33.0
2026-10-13 21:00:00,RJPN-002-2,RJPN-002,Band 3 (1800MHz),-98.4,-12.4,0.4,28.6,9.0,43.9
2026-10-13 21:00:00,RJPN-002-3,RJPN-002,Band 3 (1800MHz),-87.7,-5.6,20.0,21.3,6.6,83.7
2026-10-13 21:00:00,RJPN-003-1,RJPN-003,Band 1 (2100MHz),-79.8,-7.8,16.1,0.0,7.5,0.0
2026-10-13 21:00:00,RJPN-003-2,RJPN-003,Band 1 (2100MHz),-86.4,-8.2,11.0,3.3,0.0,28.1
2026-10-13 21:00:00,RJPN-003-3,RJPN-003,Band 1 (2100MHz),-89.6,-6.6,30.4,6.0,22.1,36.3
2026-10-13 21:00:00,RJPN-004-1,RJPN-004,Band 3 (1800MHz),-85.4,-8.7,10.6,22.3,0.0,0.0
2026-10-13 21:00:00,RJPN-004-2,RJPN-004,Band 3 (1800MHz),-89.8,-7.0,15.8,20.1,0.0,10.2
2026-10-13 21:00:00,RJPN-004-3,RJPN-004,Band 3 (1800MHz),-83.7,-9.8,15.4,0.0,6.7,54.1
2026-10-13 21:00:00,RJPN-005-1,RJPN-005,Band 1 (2100MHz),-82.6,-5.3,15.6,15.6,18.1,19.8
2026-10-13 21:00:00,RJPN-005-2,RJPN-005,Band 1 (2100MHz),-84.6,-8.1,13.1,13.8,8.9,29.7
2026-10-13 21:00:00,RJPN-005-3,RJPN-005,Band 1 (2100MHz),-90.2,-7.4,14.2,24.9,14.7,39.5
2026-10-13 21:00:00,RJPN-006-1,RJPN-006,Band 3 (1800MHz),-85.0,-7.0,9.4,26.2,0.0,36.4
2026-10-13 21:00:00,RJPN-006-2,RJPN-006,Band 3 (1800MHz),-84.1,-6.4,6.5,2.8,0.0,10.3
2026-10-13 21:00:00,RJPN-006-3,RJPN-006,Band 3 (1800MHz),-82.8,-7.6,9.1,0.0,2.4,20.1
2026-10-13 21:00:00,RJPN-007-1,RJPN-007,Band 1 (2100MHz),-88.4,-6.2,16.4,18.4,15.0,47.3
2026-10-13 21:00:00,RJPN-007-2,RJPN-007,Band 1 (2100MHz),-88.9,-7.6,11.7,22.5,23.1,35.9
2026-10-13 21:00:00,RJPN-007-3,RJPN-007,Band 1 (2100MHz),-84.2,-13.7,9.5,26.2,8.2,13.9
2026-10-13 21:00:00,RJPN-008-1,RJPN-008,Band 3 (1800MHz),-88.6,-6.7,11.0,22.4,6.1,18.9
2026-10-13 21:00:00,RJPN-008-2,RJPN-008,Band 3 (1800MHz),-83.1,-8.4,11.1,10.8,15.2,58.1
2026-10-13 21:00:00,RJPN-008-3,RJPN-008,Band 3 (1800MHz),-80.1,-5.6,17.4,17.7,7.3,7.2
2026-10-13 21:00:00,RJPN-009-1,RJPN-009,Band 1 (2100MHz),-78.9,-8.2,17.6,36.8,10.5,18.1
2026-10-13 21:00:00,RJPN-009-2,RJPN-009,Band 1 (2100MHz),-77.7,-11.3,12.3,1.3,19.7,0.0
2026-10-13 21:00:00,RJPN-009-3,RJPN-009,Band 1 (2100MHz),-88.1,-7.7,9.3,15.8,0.5,11.0
2026-10-13 21:00:00,RJPN-010-1,RJPN-010,Band 3 (1800MHz),-88.8,-7.8,16.4,19.8,0.0,19.2
2026-10-13 21:00:00,RJPN-010-2,RJPN-010,Band 3 (1800MHz),-93.7,-10.3,14.5,6.3,17.0,0.0
2026-10-13 21:00:00,RJPN-010-3,RJPN-010,Band 3 (1800MHz),-86.2,-8.4,9.9,6.4,0.0,62.7
2026-10-13 21:00:00,RJPN-011-1,RJPN-011,Band 1 (2100MHz),-85.7,-8.8,19.6,21.3,21.3,37.7
2026-10-13 21:00:00,RJPN-011-2,RJPN-011,Band 1 (2100MHz),-102.8,-13.7,2.5,0.0,18.8,16.0
2026-10-13 21:00:00,RJPN-011-3,RJPN-011,Band 1 (2100MHz),-100.4,-17.0,5.1,16.1,7.8,59.6
2026-10-13 22:00:00,RJPN-001-1,RJPN-001,Band 1 (2100MHz),-83.7,-6.8,7.8,17.4,4.3,0.0
2026-10-13 22:00:00,RJPN-001-2,RJPN-001,Band 1 (2100MHz),-82.8,-8.5,13.1,8.1,2.2,33.6
2026-10-13 22:00:00,RJPN-001-3,RJPN-001,Band 1 (2100MHz),-79.2,-9.8,15.8,0.0,1.3,0.0
2026-10-13 22:00:00,RJPN-002-1,RJPN-002,Band 3 (1800MHz),-89.8,-11.2,17.0,0.0,5.4,0.0
2026-10-13 22:00:00,RJPN-002-2,RJPN-002,Band 3 (1800MHz),-102.5,-13.3,12.9,8.9,0.2,0.0
2026-10-13 22:00:00,RJPN-002-3,RJPN-002,Band 3 (1800MHz),-79.5,-10.4,23.1,15.7,0.0,4.0
2026-10-13 22:00:00,RJPN-003-1,RJPN-003,Band 1 (2100MHz),-83.3,-7.1,14.5,28.7,15.3,15.3
2026-10-13 22:00:00,RJPN-003-2,RJPN-003,Band 1 (2100MHz),-75.5,-5.8,5.7,19.0,0.0,27.1
2026-10-13 22:00:00,RJPN-003-3,RJPN-003,Band 1 (2100MHz),-84.4,-7.8,16.0,6.1,0.5,40.3
2026-10-13 22:00:00,RJPN-004-1,RJPN-004,Band 3 (1800MHz),-90.7,-7.1,13.1,5.8,0.0,9.2
2026-10-13 22:00:00,RJPN-004-2,RJPN-004,Band 3 (1800MHz),-81.6,-5.1,10.3,0.0,6.0,40.5
2026-10-13 22:00:00,RJPN-004-3,RJPN-004,Band 3 (1800MHz),-80.5,-10.9,11.3,14.2,0.0,19.3
2026-10-13 22:00:00,RJPN-005-1,RJPN-005,Band 1 (2100MHz),-87.3,-8.5,7.3,18.1,0.3,4.4
2026-10-13 22:00:00,RJPN-005-2,RJPN-005,Band 1 (2100MHz),-86.1,-5.0,17.7,21.0,0.0,28.6
2026-10-13 22:00:00,RJPN-005-3,RJPN-005,Band 1 (2100MHz),-84.7,-6.9,20.1,27.6,17.9,34.9
2026-10-13 22:00:00,RJPN-006-1,RJPN-006,Band 3 (1800MHz),-80.1,-8.8,9.9,0.0,24.6,25.5
2026-10-13 22:00:00,RJPN-006-2,RJPN-006,Band 3 (1800MHz),-87.9,-9.0,19.4,0.0,0.0,0.0
2026-10-13 22:00:00,RJPN-006-3,RJPN-006,Band 3 (1800MHz),-82.0,-7.1,8.9,13.8,0.0,0.0
2026-10-13 22:00:00,RJPN-007-1,RJPN-007,Band 1 (2100MHz),-86.0,-7.2,15.8,0.0,0.0,33.7
2026-10-13 22:00:00,RJPN-007-2,RJPN-007,Band 1 (2100MHz),-85.1,-7.4,9.7,8.3,20.5,34.6
2026-10-13 22:00:00,RJPN-007-3,RJPN-007,Band 1 (2100MHz),-86.9,-9.4,10.4,4.0,15.5,4.4
2026-10-13 22:00:00,RJPN-008-1,RJPN-008,Band 3 (1800MHz),-87.0,-9.9,22.6,0.0,0.0,19.8
2026-10-13 22:00:00,RJPN-008-2,RJPN-008,Band 3 (1800MHz),-86.2,-8.5,9.2,0.0,4.3,13.8
2026-10-13 22:00:00,RJPN-008-3,RJPN-008,Band 3 (1800MHz),-78.5,-10.7,11.1,22.9,0.0,0.0
2026-10-13 22:00:00,RJPN-009-1,RJPN-009,Band 1 (2100MHz),-86.2,-10.8,8.1,0.0,0.0,42.1
2026-10-13 22:00:00,RJPN-009-2,RJPN-009,Band 1 (2100MHz),-82.8,-7.2,9.3,0.0,11.0,3.9
2026-10-13 22:00:00,RJPN-009-3,RJPN-009,Band 1 (2100MHz),-88.9,-3.2,10.4,15.5,9.0,18.9
2026-10-13 22:00:00,RJPN-010-1,RJPN-010,Band 3 (1800MHz),-84.9,-9.9,17.6,20.1,3.8,47.9
2026-10-13 22:00:00,RJPN-010-2,RJPN-010,Band 3 (1800MHz),-82.4,-2.8,15.7,22.5,11.7,3.1
2026-10-13 22:00:00,RJPN-010-3,RJPN-010,Band 3 (1800MHz),-88.7,-8.3,14.8,8.4,0.0,5.5
2026-10-13 22:00:00,RJPN-011-1,RJPN-011,Band 1 (2100MHz),-81.2,-4.3,12.3,4.3,8.8,25.6
2026-10-13 22:00:00,RJPN-011-2,RJPN-011,Band 1 (2100MHz),-103.0,-12.8,0.6,24.8,8.7,13.0
2026-10-13 22:00:00,RJPN-011-3,RJPN-011,Band 1 (2100MHz),-101.8,-13.5,11.8,0.0,0.0,0.0
2026-10-13 23:00:00,RJPN-001-1,RJPN-001,Band 1 (2100MHz),-87.9,-9.8,12.4,0.0,3.0,0.0
2026-10-13 23:00:00,RJPN-001-2,RJPN-001,Band 1 (2100MHz),-84.1,-7.4,14.2,31.8,20.4,11.6
2026-10-13 23:00:00,RJPN-001-3,RJPN-001,Band 1 (2100MHz),-85.8,-6.1,12.5,0.0,0.0,18.0
2026-10-13 23:00:00,RJPN-002-1,RJPN-002,Band 3 (1800MHz),-90.2,-7.2,19.2,7.3,14.4,35.0
2026-10-13 23:00:00,RJPN-002-2,RJPN-002,Band 3 (1800MHz),-99.5,-14.3,4.5,7.5,15.8,37.0
2026-10-13 23:00:00,RJPN-002-3,RJPN-002,Band 3 (1800MHz),-84.9,-7.2,21.0,3.9,6.5,23.5
2026-10-13 23:00:00,RJPN-003-1,RJPN-003,Band 1 (2100MHz),-89.0,-10.5,9.0,33.5,0.0,4.8
2026-10-13 23:00:00,RJPN-003-2,RJPN-003,Band 1 (2100MHz),-79.6,-3.9,5.9,4.2,10.3,43.4
2026-10-13 23:00:00,RJPN-003-3,RJPN-003,Band 1 (2100MHz),-85.2,-5.8,23.8,15.5,1.6,3.0
2026-10-13 23:00:00,RJPN-004-1,RJPN-004,Band 3 (1800MHz),-82.5,-7.3,11.5,16.9,7.4,3.7
2026-10-13 23:00:00,RJPN-004-2,RJPN-004,Band 3 (1800MHz),-83.5,-4.6,18.9,9.3,0.0,6.1
2026-10-13 23:00:00,RJPN-004-3,RJPN-004,Band 3 (1800MHz),-83.5,-9.1,15.8,16.2,5.7,26.0
2026-10-13 23:00:00,RJPN-005-1,RJPN-005,Band 1 (2100MHz),-86.6,-6.2,5.4,18.0,14.5,28.7
2026-10-13 23:00:00,RJPN-005-2,RJPN-005,Band 1 (2100MHz),-83.3,-8.9,16.2,0.0,8.9,38.7
2026-10-13 23:00:00,RJPN-005-3,RJPN-005,Band 1 (2100MHz),-83.9,-6.4,11.3,13.8,10.4,16.3
2026-10-13 23:00:00,RJPN-006-1,RJPN-006,Band 3 (1800MHz),-82.6,-6.6,13.3,0.0,15.3,24.4
2026-10-13 23:00:00,RJPN-006-2,RJPN-006,Band 3 (1800MHz),-85.4,-5.9,7.8,0.0,0.0,11.4
2026-10-13 23:00:00,RJPN-006-3,RJPN-006,Band 3 (1800MHz),-87.9,-13.7,16.2,10.1,0.0,17.2
2026-10-13 23:00:00,RJPN-007-1,RJPN-007,Band 1 (2100MHz),-81.8,-4.7,2.6,16.8,0.0,12.6
2026-10-13 23:00:00,RJPN-007-2,RJPN-007,Band 1 (2100MHz),-85.1,-2.7,19.4,32.6,6.1,22.5
2026-10-13 23:00:00,RJPN-007-3,RJPN-007,Band 1 (2100MHz),-83.9,-10.8,4.5,15.3,0.0,35.0
2026-10-13 23:00:00,RJPN-008-1,RJPN-008,Band 3 (1800MHz),-85.9,-6.1,10.9,0.0,16.1,0.0
2026-10-13 23:00:00,RJPN-008-2,RJPN-008,Band 3 (1800MHz),-84.7,-9.9,12.1,30.6,6.5,27.4
2026-10-13 23:00:00,RJPN-008-3,RJPN-008,Band 3 (1800MHz),-89.5,-5.0,13.2,8.5,17.8,2.8
2026-10-13 23:00:00,RJPN-009-1,RJPN-009,Band 1 (2100MHz),-85.9,-6.6,12.7,11.2,0.0,0.0
2026-10-13 23:00:00,RJPN-009-2,RJPN-009,Band 1 (2100MHz),-86.0,-8.4,18.1,9.7,0.0,0.0
2026-10-13 23:00:00,RJPN-009-3,RJPN-009,Band 1 (2100MHz),-87.2,-7.7,13.0,18.3,0.0,28.3
2026-10-13 23:00:00,RJPN-010-1,RJPN-010,Band 3 (1800MHz),-90.2,-10.8,24.1,17.8,23.9,0.0
2026-10-13 23:00:00,RJPN-010-2,RJPN-010,Band 3 (1800MHz),-86.5,-6.4,12.0,10.2,3.4,60.5
2026-10-13 23:00:00,RJPN-010-3,RJPN-010,Band 3 (1800MHz),-86.6,-7.5,14.8,4.2,2.7,0.3
2026-10-13 23:00:00,RJPN-011-1,RJPN-011,Band 1 (2100MHz),-87.4,-7.4,10.5,25.3,1.5,0.0
2026-10-13 23:00:00,RJPN-011-2,RJPN-011,Band 1 (2100MHz),-100.9,-11.0,7.8,16.7,4.5,44.2
2026-10-13 23:00:00,RJPN-011-3,RJPN-011,Band 1 (2100MHz),-96.7,-11.2,10.0,27.7,11.2,24.1
2026-10-14 00:00:00,RJPN-001-1,RJPN-001,Band 1 (2100MHz),-80.2,-5.3,6.2,0.0,0.0,56.2
2026-10-14 00:00:00,RJPN-001-2,RJPN-001,Band 1 (2100MHz),-81.0,-5.8,13.5,25.1,7.4,0.0
2026-10-14 00:00:00,RJPN-001-3,RJPN-001,Band 1 (2100MHz),-78.2,-8.8,8.5,0.0,10.9,0.0
2026-10-14 00:00:00,RJPN-002-1,RJPN-002,Band 3 (1800MHz),-87.6,-5.4,14.4,5.7,10.1,66.8
2026-10-14 00:00:00,RJPN-002-2,RJPN-002,Band 3 (1800MHz),-102.3,-11.5,2.2,30.8,1.3,16.0
2026-10-14 00:00:00,RJPN-002-3,RJPN-002,Band 3 (1800MHz),-86.1,-7.4,21.4,3.2,19.4,35.2
2026-10-14 00:00:00,RJPN-003-1,RJPN-003,Band 1 (2100MHz),-86.5,-11.7,12.2,0.0,9.4,79.1
2026-10-14 00:00:00,RJPN-003-2,RJPN-003,Band 1 (2100MHz),-85.6,-2.4,24.8,18.0,4.3,30.6
2026-10-14 00:00:00,RJPN-003-3,RJPN-003,Band 1 (2100MHz),-83.1,-13.2,13.3,11.0,11.6,20.2
2026-10-14 00:00:00,RJPN-004-1,RJPN-004,Band 3 (1800MHz),-79.9,-10.5,19.7,14.2,11.3,50.6
2026-10-14 00:00:00,RJPN-004-2,RJPN-004,Band 3 (1800MHz),-87.0,-4.7,11.7,0.0,0.0,0.0
2026-10-14 00:00:00,RJPN-004-3,RJPN-004,Band 3 (1800MHz),-82.0,-8.3,13.0,21.2,13.7,0.0
2026-10-14 00:00:00,RJPN-005-1,RJPN-005,Band 1 (2100MHz),-85.3,-8.2,13.0,0.0,6.0,67.5
2026-10-14 00:00:00,RJPN-005-2,RJPN-005,Band 1 (2100MHz),-91.4,-7.0,12.4,10.3,17.5,13.3
2026-10-14 00:00:00,RJPN-005-3,RJPN-005,Band 1 (2100MHz),-87.4,-7.2,14.5,16.9,11.7,14.6
2026-10-14 00:00:00,RJPN-006-1,RJPN-006,Band 3 (1800MHz),-86.1,-7.3,14.8,0.1,4.2,35.5
2026-10-14 00:00:00,RJPN-006-2,RJPN-006,Band 3 (1800MHz),-87.0,-4.5,14.1,0.0,1.1,0.0
2026-10-14 00:00:00,RJPN-006-3,RJPN-006,Band 3 (1800MHz),-88.2,-9.6,17.3,37.3,2.8,44.5
2026-10-14 00:00:00,RJPN-007-1,RJPN-007,Band 1 (2100MHz),-93.2,-6.8,11.6,21.1,16.3,0.0
2026-10-14 00:00:00,RJPN-007-2,RJPN-007,Band 1 (2100MHz),-83.4,-7.1,11.8,1.8,15.6,18.8
2026-10-14 00:00:00,RJPN-007-3,RJPN-007,Band 1 (2100MHz),-83.0,-9.2,10.3,21.0,11.2,39.5
2026-10-14 00:00:00,RJPN-008-1,RJPN-008,Band 3 (1800MHz),-86.3,-7.2,20.9,9.6,8.3,19.5
2026-10-14 00:00:00,RJPN-008-2,RJPN-008,Band 3 (1800MHz),-81.6,-6.9,7.1,13.4,0.0,36.9
2026-10-14 00:00:00,RJPN-008-3,RJPN-008,Band 3 (1800MHz),-88.9,-8.5,13.4,9.4,10.3,0.0
2026-10-14 00:00:00,RJPN-009-1,RJPN-009,Band 1 (2100MHz),-81.9,-7.4,12.3,22.3,2.4,0.0
2026-10-14 00:00:00,RJPN-009-2,RJPN-009,Band 1 (2100MHz),-79.6,-10.5,15.7,4.7,8.3,8.1
2026-10-14 00:00:00,RJPN-009-3,RJPN-009,Band 1 (2100MHz),-84.7,-10.4,17.5,12.7,13.2,0.0
2026-10-14 00:00:00,RJPN-010-1,RJPN-010,Band 3 (1800MHz),-86.9,-8.0,12.1,9.1,8.4,47.8
2026-10-14 00:00:00,RJPN-010-2,RJPN-010,Band 3 (1800MHz),-85.2,-8.0,11.3,25.5,0.0,33.7
2026-10-14 00:00:00,RJPN-010-3,RJPN-010,Band 3 (1800MHz),-82.6,-6.7,15.4,0.9,0.0,0.0
2026-10-14 00:00:00,RJPN-011-1,RJPN-011,Band 1 (2100MHz),-82.0,-5.3,12.0,13.2,0.0,21.5
2026-10-14 00:00:00,RJPN-011-2,RJPN-011,Band 1 (2100MHz),-100.2,-11.9,2.2,1.3,10.0,0.0
2026-10-14 00:00:00,RJPN-011-3,RJPN-011,Band 1 (2100MHz),-106.3,-8.9,1.7,13.5,30.6,34.3
2026-10-14 01:00:00,RJPN-001-1,RJPN-001,Band 1 (2100MHz),-90.8,-8.2,3.9,23.7,0.9,3.4
2026-10-14 01:00:00,RJPN-001-2,RJPN-001,Band 1 (2100MHz),-82.7,-6.7,20.1,17.2,16.8,32.8
2026-10-14 01:00:00,RJPN-001-3,RJPN-001,Band 1 (2100MHz),-86.4,-7.8,10.1,23.3,0.0,16.9
2026-10-14 01:00:00,RJPN-002-1,RJPN-002,Band 3 (1800MHz),-77.2,-10.3,15.1,15.4,4.4,31.5
2026-10-14 01:00:00,RJPN-002-2,RJPN-002,Band 3 (1800MHz),-92.4,-12.0,10.3,16.3,15.7,35.4
2026-10-14 01:00:00,RJPN-002-3,RJPN-002,Band 3 (1800MHz),-85.6,-5.5,14.8,3.8,20.5,5.2
2026-10-14 01:00:00,RJPN-003-1,RJPN-003,Band 1 (2100MHz),-82.2,-7.6,10.5,9.3,19.2,0.0
2026-10-14 01:00:00,RJPN-003-2,RJPN-003,Band 1 (2100MHz),-85.1,-7.5,7.3,29.7,0.0,0.0
2026-10-14 01:00:00,RJPN-003-3,RJPN-003,Band 1 (2100MHz),-84.1,-11.7,7.0,9.7,14.1,19.7
2026-10-14 01:00:00,RJPN-004-1,RJPN-004,Band 3 (1800MHz),-86.8,-7.8,11.3,0.0,10.0,10.9
2026-10-14 01:00:00,RJPN-004-2,RJPN-004,Band 3 (1800MHz),-79.3,-9.3,2.5,6.3,2.9,14.6
2026-10-14 01:00:00,RJPN-004-3,RJPN-004,Band 3 (1800MHz),-85.0,-5.2,18.3,7.7,7.2,15.1
2026-10-14 01:00:00,RJPN-005-1,RJPN-005,Band 1 (2100MHz),-85.3,-8.7,11.7,20.6,13.9,7.4
2026-10-14 01:00:00,RJPN-005-2,RJPN-005,Band 1 (2100MHz),-88.1,-12.9,18.1,3.2,6.5,23.0
2026-10-14 01:00:00,RJPN-005-3,RJPN-005,Band 1 (2100MHz),-85.0,-8.8,20.1,0.0,2.8,1.8
2026-10-14 01:00:00,RJPN-006-1,RJPN-006,Band 3 (1800MHz),-83.3,-7.3,14.4,0.0,6.0,0.9
2026-10-14 01:00:00,RJPN-006-2,RJPN-006,Band 3 (1800MHz),-85.2,-11.5,8.3,23.4,7.8,24.1
2026-10-14 01:00:00,RJPN-006-3,RJPN-006,Band 3 (1800MHz),-85.8,-13.7,20.3,1.5,2.4,0.0
2026-10-14 01:00:00,RJPN-007-1,RJPN-007,Band 1 (2100MHz),-87.8,-11.4,11.4,6.2,17.6,41.5
2026-10-14 01:00:00,RJPN-007-2,RJPN-007,Band 1 (2100MHz),-82.6,-7.5,11.2,9.6,31.4,2.7
2026-10-14 01:00:00,RJPN-007-3,RJPN-007,Band 1 (2100MHz),-89.8,-9.4,12.2,0.0,2.3,29.2
2026-10-14 01:00:00,RJPN-008-1,RJPN-008,Band 3 (1800MHz),-84.4,-6.6,14.8,23.9,11.7,0.0
2026-10-14 01:00:00,RJPN-008-2,RJPN-008,Band 3 (1800MHz),-81.3,-8.3,25.6,23.3,0.0,19.4
2026-10-14 01:00:00,RJPN-008-3,RJPN-008,Band 3 (1800MHz),-86.3,-8.3,6.9,5.6,0.0,31.8
2026-10-14 01:00:00,RJPN-009-1,RJPN-009,Band 1 (2100MHz),-87.8,-7.7,12.2,0.0,22.7,0.0
2026-10-14 01:00:00,RJPN-009-2,RJPN-009,Band 1 (2100MHz),-87.0,-9.6,13.4,13.1,0.0,18.2
2026-10-14 01:00:00,RJPN-009-3,RJPN-009,Band 1 (2100MHz),-83.5,-5.2,11.3,10.6,0.0,0.0
2026-10-14 01:00:00,RJPN-010-1,RJPN-010,Band 3 (1800MHz),-85.0,-8.9,6.5,8.3,0.0,0.0
2026-10-14 01:00:00,RJPN-010-2,RJPN-010,Band 3 (1800MHz),-86.7,-10.2,6.0,0.0,13.0,4.0
2026-10-14 01:00:00,RJPN-010-3,RJPN-010,Band 3 (1800MHz),-83.5,-7.1,15.8,8.7,0.0,27.6
2026-10-14 01:00:00,RJPN-011-1,RJPN-011,Band 1 (2100MHz),-91.3,-6.4,8.6,4.3,20.4,23.5
2026-10-14 01:00:00,RJPN-011-2,RJPN-011,Band 1 (2100MHz),-97.0,-9.4,5.9,28.1,17.2,35.2
2026-10-14 01:00:00,RJPN-011-3,RJPN-011,Band 1 (2100MHz),-99.1,-10.2,-2.2,5.6,0.0,13.5
2026-10-14 02:00:00,RJPN-001-1,RJPN-001,Band 1 (2100MHz),-80.7,-8.6,10.4,28.3,1.7,28.5
2026-10-14 02:00:00,RJPN-001-2,RJPN-001,Band 1 (2100MHz),-86.3,-1.5,3.2,5.7,7.4,37.3
2026-10-14 02:00:00,RJPN-001-3,RJPN-001,Band 1 (2100MHz),-88.8,-8.1,8.7,0.0,15.4,31.7
2026-10-14 02:00:00,RJPN-002-1,RJPN-002,Band 3 (1800MHz),-84.9,-9.8,5.0,16.5,2.0,1.0
2026-10-14 02:00:00,RJPN-002-2,RJPN-002,Band 3 (1800MHz),-100.1,-13.3,12.2,0.0,6.6,43.1
2026-10-14 02:00:00,RJPN-002-3,RJPN-002,Band 3 (1800MHz),-82.1,-7.4,13.3,11.2,0.0,33.3
2026-10-14 02:00:00,RJPN-003-1,RJPN-003,Band 1 (2100MHz),-83.8,-5.5,17.3,3.3,13.7,0.0
2026-10-14 02:00:00,RJPN-003-2,RJPN-003,Band 1 (2100MHz),-84.2,-8.6,12.8,0.0,11.4,32.7
2026-10-14 02:00:00,RJPN-003-3,RJPN-003,Band 1 (2100MHz),-78.8,-11.7,7.8,15.8,15.9,0.0
2026-10-14 02:00:00,RJPN-004-1,RJPN-004,Band 3 (1800MHz),-75.3,-9.1,12.4,11.0,23.8,27.2
2026-10-14 02:00:00,RJPN-004-2,RJPN-004,Band 3 (1800MHz),-89.4,-7.8,13.8,10.4,10.9,16.9
2026-10-14 02:00:00,RJPN-004-3,RJPN-004,Band 3 (1800MHz),-78.6,-7.7,12.6,19.7,20.8,0.0
2026-10-14 02:00:00,RJPN-005-1,RJPN-005,Band 1 (2100MHz),-86.6,-4.4,9.6,0.0,0.0,0.0
2026-10-14 02:00:00,RJPN-005-2,RJPN-005,Band 1 (2100MHz),-85.0,-4.7,8.7,0.0,0.0,77.2
2026-10-14 02:00:00,RJPN-005-3,RJPN-005,Band 1 (2100MHz),-82.3,-10.8,13.6,0.0,24.1,6.0
2026-10-14 02:00:00,RJPN-006-1,RJPN-006,Band 3 (1800MHz),-86.5,-10.0,14.2,0.0,0.0,19.6
2026-10-14 02:00:00,RJPN-006-2,RJPN-006,Band 3 (1800MHz),-86.7,-4.3,8.6,9.3,5.6,31.2
2026-10-14 02:00:00,RJPN-006-3,RJPN-006,Band 3 (1800MHz),-84.5,-7.2,16.8,31.6,8.8,13.7
2026-10-14 02:00:00,RJPN-007-1,RJPN-007,Band 1 (2100MHz),-84.1,-6.8,15.7,4.1,0.8,14.7
2026-10-14 02:00:00,RJPN-007-2,RJPN-007,Band 1 (2100MHz),-88.8,-5.7,16.1,0.0,3.7,0.0
2026-10-14 02:00:00,RJPN-007-3,RJPN-007,Band 1 (2100MHz),-86.8,-11.0,8.9,20.7,16.0,46.0
2026-10-14 02:00:00,RJPN-008-1,RJPN-008,Band 3 (1800MHz),-78.2,-5.9,4.8,11.1,2.3,8.1
2026-10-14 02:00:00,RJPN-008-2,RJPN-008,Band 3 (1800MHz),-80.7,-6.2,12.9,3.2,17.8,24.6
2026-10-14 02:00:00,RJPN-008-3,RJPN-008,Band 3 (1800MHz),-82.2,-9.4,11.1,10.9,21.1,0.0
2026-10-14 02:00:00,RJPN-009-1,RJPN-009,Band 1 (2100MHz),-82.9,-5.2,15.1,23.9,8.2,13.8
2026-10-14 02:00:00,RJPN-009-2,RJPN-009,Band 1 (2100MHz),-87.3,-12.8,7.9,0.0,0.0,0.0
2026-10-14 02:00:00,RJPN-009-3,RJPN-009,Band 1 (2100MHz),-84.1,-3.4,15.3,2.3,0.0,20.0
2026-10-14 02:00:00,RJPN-010-1,RJPN-010,Band 3 (1800MHz),-84.8,-8.7,5.5,0.0,5.0,7.2
2026-10-14 02:00:00,RJPN-010-2,RJPN-010,Band 3 (1800MHz),-84.3,-9.8,16.9,27.4,6.4,14.2
2026-10-14 02:00:00,RJPN-010-3,RJPN-010,Band 3 (1800MHz),-88.5,-10.1,15.4,0.0,0.0,13.5
2026-10-14 02:00:00,RJPN-011-1,RJPN-011,Band 1 (2100MHz),-87.1,-7.3,8.7,20.0,7.3,23.0
2026-10-14 02:00:00,RJPN-011-2,RJPN-011,Band 1 (2100MHz),-94.6,-8.9,5.3,0.0,10.7,1.7
2026-10-14 02:00:00,RJPN-011-3,RJPN-011,Band 1 (2100MHz),-100.6,-10.7,5.0,14.1,0.0,0.0
2026-10-14 03:00:00,RJPN-001-1,RJPN-001,Band 1 (2100MHz),-88.4,-6.8,11.9,0.7,24.7,3.9
2026-10-14 03:00:00,RJPN-001-2,RJPN-001,Band 1 (2100MHz),-80.7,-7.3,16.7,11.0,22.9,11.7
2026-10-14 03:00:00,RJPN-001-3,RJPN-001,Band 1 (2100MHz),-82.5,-11.3,6.8,10.5,28.0,0.0
2026-10-14 03:00:00,RJPN-002-1,RJPN-002,Band 3 (1800MHz),-82.7,-4.0,4.0,0.0,0.0,0.0
2026-10-14 03:00:00,RJPN-002-2,RJPN-002,Band 3 (1800MHz),-92.4,-10.6,2.6,0.6,8.1,14.8
2026-10-14 03:00:00,RJPN-002-3,RJPN-002,Band 3 (1800MHz),-86.3,-9.3,6.3,9.5,3.8,0.0
2026-10-14 03:00:00,RJPN-003-1,RJPN-003,Band 1 (2100MHz),-77.3,-10.1,4.8,14.5,0.0,0.0
2026-10-14 03:00:00,RJPN-003-2,RJPN-003,Band 1 (2100MHz),-84.7,-8.1,11.4,4.8,3.4,45.1
2026-10-14 03:00:00,RJPN-003-3,RJPN-003,Band 1 (2100MHz),-84.7,-6.5,11.5,9.9,15.5,5.3
2026-10-14 03:00:00,RJPN-004-1,RJPN-004,Band 3 (1800MHz),-83.3,-7.4,17.0,0.0,15.6,0.0
2026-10-14 03:00:00,RJPN-004-2,RJPN-004,Band 3 (1800MHz),-80.4,-6.6,12.2,0.0,6.5,0.0
2026-10-14 03:00:00,RJPN-004-3,RJPN-004,Band 3 (1800MHz),-88.5,-6.5,17.4,6.0,0.0,14.1
2026-10-14 03:00:00,RJPN-005-1,RJPN-005,Band 1 (2100MHz),-89.9,-8.4,7.3,10.9,0.0,0.0
2026-10-14 03:00:00,RJPN-005-2,RJPN-005,Band 1 (2100MHz),-90.7,-7.6,25.0,0.0,0.0,10.3
2026-10-14 03:00:00,RJPN-005-3,RJPN-005,Band 1 (2100MHz),-89.1,-5.2,9.7,9.4,5.1,40.9
2026-10-14 03:00:00,RJPN-006-1,RJPN-006,Band 3 (1800MHz),-88.6,-10.2,17.3,15.7,0.0,53.7
2026-10-14 03:00:00,RJPN-006-2,RJPN-006,Band 3 (1800MHz),-92.2,-6.0,9.9,2.7,12.4,0.0
2026-10-14 03:00:00,RJPN-006-3,RJPN-006,Band 3 (1800MHz),-87.8,-10.6,24.0,1.4,1.4,8.4
2026-10-14 03:00:00,RJPN-007-1,RJPN-007,Band 1 (2100MHz),-88.0,-5.8,13.7,0.0,18.7,27.8
2026-10-14 03:00:00,RJPN-007-2,RJPN-007,Band 1 (2100MHz),-81.2,-7.6,13.8,22.1,0.0,44.3
2026-10-14 03:00:00,RJPN-007-3,RJPN-007,Band 1 (2100MHz),-83.9,-7.3,20.2,28.6,17.8,20.0
2026-10-14 03:00:00,RJPN-008-1,RJPN-008,Band 3 (1800MHz),-92.7,-9.7,18.9,16.5,12.9,4.1
2026-10-14 03:00:00,RJPN-008-2,RJPN-008,Band 3 (1800MHz),-93.5,-7.7,12.1,0.0,9.5,13.3
2026-10-14 03:00:00,RJPN-008-3,RJPN-008,Band 3 (1800MHz),-84.0,-6.1,9.3,2.7,16.9,31.3
2026-10-14 03:00:00,RJPN-009-1,RJPN-009,Band 1 (2100MHz),-90.4,-9.0,13.3,11.9,0.0,34.0
2026-10-14 03:00:00,RJPN-009-2,RJPN-009,Band 1 (2100MHz),-81.2,-9.6,12.7,18.4,6.7,0.0
2026-10-14 03:00:00,RJPN-009-3,RJPN-009,Band 1 (2100MHz),-77.9,-11.1,9.7,0.0,1.9,26.7
2026-10-14 03:00:00,RJPN-010-1,RJPN-010,Band 3 (1800MHz),-87.0,-4.7,19.6,2.9,6.5,17.1
2026-10-14 03:00:00,RJPN-010-2,RJPN-010,Band 3 (1800MHz),-84.4,-6.9,6.3,13.5,15.0,17.1
2026-10-14 03:00:00,RJPN-010-3,RJPN-010,Band 3 (1800MHz),-93.4,-8.8,11.2,15.6,4.9,31.7
2026-10-14 03:00:00,RJPN-011-1,RJPN-011,Band 1 (2100MHz),-84.4,-6.5,14.7,6.9,5.3,0.0
2026-10-14 03:00:00,RJPN-011-2,RJPN-011,Band 1 (2100MHz),-97.1,-12.6,11.9,3.7,0.0,42.5
2026-10-14 03:00:00,RJPN-011-3,RJPN-011,Band 1 (2100MHz),-96.3,-14.8,4.1,14.0,8.6,0.0
2026-10-14 04:00:00,RJPN-001-1,RJPN-001,Band 1 (2100MHz),-89.1,-7.2,16.0,13.4,0.0,24.6
2026-10-14 04:00:00,RJPN-001-2,RJPN-001,Band 1 (2100MHz),-84.7,-6.4,16.8,14.8,0.0,56.4
2026-10-14 04:00:00,RJPN-001-3,RJPN-001,Band 1 (2100MHz),-86.4,-8.9,12.6,7.9,0.0,45.7
2026-10-14 04:00:00,RJPN-002-1,RJPN-002,Band 3 (1800MHz),-81.8,-7.6,12.5,0.3,11.3,0.0
2026-10-14 04:00:00,RJPN-002-2,RJPN-002,Band 3 (1800MHz),-95.7,-12.0,-1.9,13.3,1.7,0.0
2026-10-14 04:00:00,RJPN-002-3,RJPN-002,Band 3 (1800MHz),-86.8,-7.6,15.0,0.0,9.9,38.0
2026-10-14 04:00:00,RJPN-003-1,RJPN-003,Band 1 (2100MHz),-80.3,-5.8,18.2,10.8,0.0,33.0
2026-10-14 04:00:00,RJPN-003-2,RJPN-003,Band 1 (2100MHz),-88.3,-7.0,15.6,21.4,0.0,0.0
2026-10-14 04:00:00,RJPN-003-3,RJPN-003,Band 1 (2100MHz),-81.0,-8.9,16.6,12.9,14.3,41.6
2026-10-14 04:00:00,RJPN-004-1,RJPN-004,Band 3 (1800MHz),-77.6,-6.8,17.0,24.7,6.4,9.5
2026-10-14 04:00:00,RJPN-004-2,RJPN-004,Band 3 (1800MHz),-88.1,-6.3,11.9,0.0,0.0,37.5
2026-10-14 04:00:00,RJPN-004-3,RJPN-004,Band 3 (1800MHz),-86.4,-9.4,14.4,15.3,0.0,33.9
2026-10-14 04:00:00,RJPN-005-1,RJPN-005,Band 1 (2100MHz),-81.7,-5.0,4.8,17.7,18.8,0.0
2026-10-14 04:00:00,RJPN-005-2,RJPN-005,Band 1 (2100MHz),-87.4,-8.9,15.9,11.5,25.6,56.1
2026-10-14 04:00:00,RJPN-005-3,RJPN-005,Band 1 (2100MHz),-79.1,-8.5,19.8,34.7,0.0,0.0
2026-10-14 04:00:00,RJPN-006-1,RJPN-006,Band 3 (1800MHz),-82.0,-8.2,8.0,0.0,0.8,0.0
2026-10-14 04:00:00,RJPN-006-2,RJPN-006,Band 3 (1800MHz),-82.3,-7.5,12.2,20.4,1.2,0.0
2026-10-14 04:00:00,RJPN-006-3,RJPN-006,Band 3 (1800MHz),-85.0,-5.8,16.5,22.3,0.0,30.9
2026-10-14 04:00:00,RJPN-007-1,RJPN-007,Band 1 (2100MHz),-86.8,-7.9,11.4,0.0,1.4,0.0
2026-10-14 04:00:00,RJPN-007-2,RJPN-007,Band 1 (2100MHz),-82.1,-9.5,16.5,0.0,0.0,0.5
2026-10-14 04:00:00,RJPN-007-3,RJPN-007,Band 1 (2100MHz),-81.7,-10.6,11.7,12.8,16.5,0.0
2026-10-14 04:00:00,RJPN-008-1,RJPN-008,Band 3 (1800MHz),-88.0,-6.6,10.6,14.8,0.0,23.6
2026-10-14 04:00:00,RJPN-008-2,RJPN-008,Band 3 (1800MHz),-84.5,-8.6,5.7,20.3,0.0,7.2
2026-10-14 04:00:00,RJPN-008-3,RJPN-008,Band 3 (1800MHz),-86.8,-8.9,12.8,19.1,0.0,0.0
2026-10-14 04:00:00,RJPN-009-1,RJPN-009,Band 1 (2100MHz),-86.4,-8.8,10.2,1.9,0.0,0.0
2026-10-14 04:00:00,RJPN-009-2,RJPN-009,Band 1 (2100MHz),-84.9,-5.8,21.8,12.3,0.1,3.3
2026-10-14 04:00:00,RJPN-009-3,RJPN-009,Band 1 (2100MHz),-83.0,-6.5,9.6,9.7,0.0,55.8
2026-10-14 04:00:00,RJPN-010-1,RJPN-010,Band 3 (1800MHz),-84.4,-7.9,10.0,25.9,6.3,27.6
2026-10-14 04:00:00,RJPN-010-2,RJPN-010,Band 3 (1800MHz),-86.6,-7.7,15.8,4.0,3.2,1.3
2026-10-14 04:00:00,RJPN-010-3,RJPN-010,Band 3 (1800MHz),-81.6,-5.5,15.7,8.0,23.1,55.2
2026-10-14 04:00:00,RJPN-011-1,RJPN-011,Band 1 (2100MHz),-85.4,-5.6,16.4,21.6,0.1,22.9
2026-10-14 04:00:00,RJPN-011-2,RJPN-011,Band 1 (2100MHz),-92.3,-11.7,4.5,6.9,9.6,20.2
2026-10-14 04:00:00,RJPN-011-3,RJPN-011,Band 1 (2100MHz),-103.7,-12.0,6.6,2.7,8.0,6.7
2026-10-14 05:00:00,RJPN-001-1,RJPN-001,Band 1 (2100MHz),-87.1,-5.9,13.4,18.4,0.0,10.6
2026-10-14 05:00:00,RJPN-001-2,RJPN-001,Band 1 (2100MHz),-80.1,-7.5,14.4,0.0,0.0,0.0
2026-10-14 05:00:00,RJPN-001-3,RJPN-001,Band 1 (2100MHz),-87.3,-10.0,12.6,1.5,0.9,26.6
2026-10-14 05:00:00,RJPN-002-1,RJPN-002,Band 3 (1800MHz),-86.3,-6.1,15.3,0.0,4.9,0.0
2026-10-14 05:00:00,RJPN-002-2,RJPN-002,Band 3 (1800MHz),-98.6,-11.5,2.0,0.0,5.4,0.0
2026-10-14 05:00:00,RJPN-002-3,RJPN-002,Band 3 (1800MHz),-86.4,-8.4,10.8,10.5,1.3,7.6
2026-10-14 05:00:00,RJPN-003-1,RJPN-003,Band 1 (2100MHz),-83.8,-7.6,12.9,0.0,12.4,34.7
2026-10-14 05:00:00,RJPN-003-2,RJPN-003,Band 1 (2100MHz),-83.7,-7.2,9.1,1.6,12.9,38.6
2026-10-14 05:00:00,RJPN-003-3,RJPN-003,Band 1 (2100MHz),-90.5,-9.3,14.9,9.6,0.0,0.0
2026-10-14 05:00:00,RJPN-004-1,RJPN-004,Band 3 (1800MHz),-84.9,-3.3,9.3,10.1,0.0,5.6
2026-10-14 05:00:00,RJPN-004-2,RJPN-004,Band 3 (1800MHz),-82.4,-7.8,6.9,0.0,0.0,0.0
2026-10-14 05:00:00,RJPN-004-3,RJPN-004,Band 3 (1800MHz),-87.9,-10.1,3.8,8.6,9.5,62.7
2026-10-14 05:00:00,RJPN-005-1,RJPN-005,Band 1 (2100MHz),-79.4,-8.8,17.0,0.0,0.0,27.0
2026-10-14 05:00:00,RJPN-005-2,RJPN-005,Band 1 (2100MHz),-88.8,-9.2,12.5,10.2,1.0,14.9
2026-10-14 05:00:00,RJPN-005-3,RJPN-005,Band 1 (2100MHz),-82.9,-6.3,17.0,16.7,4.7,4.0
2026-10-14 05:00:00,RJPN-006-1,RJPN-006,Band 3 (1800MHz),-84.2,-10.6,8.8,4.3,12.3,44.1
2026-10-14 05:00:00,RJPN-006-2,RJPN-006,Band 3 (1800MHz),-90.6,-9.3,21.1,13.2,7.3,0.0
2026-10-14 05:00:00,RJPN-006-3,RJPN-006,Band 3 (1800MHz),-84.8,-6.6,15.2,22.1,2.9,0.0
2026-10-14 05:00:00,RJPN-007-1,RJPN-007,Band 1 (2100MHz),-90.3,-11.8,15.8,0.0,17.8,0.9
2026-10-14 05:00:00,RJPN-007-2,RJPN-007,Band 1 (2100MHz),-87.5,-8.9,6.5,13.5,5.1,9.4
2026-10-14 05:00:00,RJPN-007-3,RJPN-007,Band 1 (2100MHz),-84.8,-7.2,10.7,6.0,0.0,0.0
2026-10-14 05:00:00,RJPN-008-1,RJPN-008,Band 3 (1800MHz),-81.5,-7.5,5.6,0.0,0.0,4.3
2026-10-14 05:00:00,RJPN-008-2,RJPN-008,Band 3 (1800MHz),-82.0,-8.1,14.1,0.0,0.4,10.4
2026-10-14 05:00:00,RJPN-008-3,RJPN-008,Band 3 (1800MHz),-86.1,-7.0,12.9,0.5,0.0,23.8
2026-10-14 05:00:00,RJPN-009-1,RJPN-009,Band 1 (2100MHz),-89.9,-8.3,17.1,6.7,10.1,32.2
2026-10-14 05:00:00,RJPN-009-2,RJPN-009,Band 1 (2100MHz),-96.2,-9.2,17.8,34.6,0.0,26.1
2026-10-14 05:00:00,RJPN-009-3,RJPN-009,Band 1 (2100MHz),-84.6,-5.7,12.2,7.3,3.3,23.8
2026-10-14 05:00:00,RJPN-010-1,RJPN-010,Band 3 (1800MHz),-82.5,-5.5,13.1,26.5,0.0,32.1
2026-10-14 05:00:00,RJPN-010-2,RJPN-010,Band 3 (1800MHz),-87.1,-7.6,14.1,0.0,19.8,0.9
2026-10-14 05:00:00,RJPN-010-3,RJPN-010,Band 3 (1800MHz),-87.7,-7.6,13.0,12.8,4.1,13.2
2026-10-14 05:00:00,RJPN-011-1,RJPN-011,Band 1 (2100MHz),-88.8,-8.2,7.3,7.2,0.0,4.5
2026-10-14 05:00:00,RJPN-011-2,RJPN-011,Band 1 (2100MHz),-95.7,-13.3,10.8,0.0,5.8,0.0
2026-10-14 05:00:00,RJPN-011-3,RJPN-011,Band 1 (2100MHz),-101.4,-6.5,2.5,21.1,5.7,0.0
2026-10-14 06:00:00,RJPN-001-1,RJPN-001,Band 1 (2100MHz),-85.5,-8.6,16.0,1.8,16.5,0.0
2026-10-14 06:00:00,RJPN-001-2,RJPN-001,Band 1 (2100MHz),-90.7,-6.3,18.3,0.0,0.6,7.4
2026-10-14 06:00:00,RJPN-001-3,RJPN-001,Band 1 (2100MHz),-79.6,-7.6,23.3,20.1,0.0,33.0
2026-10-14 06:00:00,RJPN-002-1,RJPN-002,Band 3 (1800MHz),-81.2,-11.9,8.5,18.7,7.3,11.6
2026-10-14 06:00:00,RJPN-002-2,RJPN-002,Band 3 (1800MHz),-99.1,-16.3,-0.3,31.1,13.7,31.6
2026-10-14 06:00:00,RJPN-002-3,RJPN-002,Band 3 (1800MHz),-79.8,-7.6,14.2,25.5,0.8,1.9
2026-10-14 06:00:00,RJPN-003-1,RJPN-003,Band 1 (2100MHz),-82.9,-6.8,4.9,4.5,4.8,0.0
2026-10-14 06:00:00,RJPN-003-2,RJPN-003,Band 1 (2100MHz),-88.2,-6.2,15.4,20.8,32.9,41.8
2026-10-14 06:00:00,RJPN-003-3,RJPN-003,Band 1 (2100MHz),-84.2,-6.2,10.4,4.4,12.0,46.9
2026-10-14 06:00:00,RJPN-004-1,RJPN-004,Band 3 (1800MHz),-83.4,-7.9,11.6,8.9,2.3,15.4
2026-10-14 06:00:00,RJPN-004-2,RJPN-004,Band 3 (1800MHz),-81.9,-8.2,18.1,12.1,19.9,44.4
2026-10-14 06:00:00,RJPN-004-3,RJPN-004,Band 3 (1800MHz),-88.3,-9.5,6.9,31.2,14.5,6.4
2026-10-14 06:00:00,RJPN-005-1,RJPN-005,Band 1 (2100MHz),-80.8,-8.3,12.6,6.0,11.4,8.3
2026-10-14 06:00:00,RJPN-005-2,RJPN-005,Band 1 (2100MHz),-86.8,-7.4,24.2,34.6,22.7,47.3
2026-10-14 06:00:00,RJPN-005-3,RJPN-005,Band 1 (2100MHz),-81.6,-8.4,12.8,24.7,16.1,48.1
2026-10-14 06:00:00,RJPN-006-1,RJPN-006,Band 3 (1800MHz),-90.3,-11.1,5.6,18.8,0.9,48.8
2026-10-14 06:00:00,RJPN-006-2,RJPN-006,Band 3 (1800MHz),-89.1,-5.2,20.0,16.2,6.5,49.5
2026-10-14 06:00:00,RJPN-006-3,RJPN-006,Band 3 (1800MHz),-81.2,-8.9,12.2,18.5,0.3,20.6
2026-10-14 06:00:00,RJPN-007-1,RJPN-007,Band 1 (2100MHz),-89.0,-8.7,13.5,19.8,0.0,0.0
2026-10-14 06:00:00,RJPN-007-2,RJPN-007,Band 1 (2100MHz),-84.5,-8.1,18.0,26.9,5.0,0.0
2026-10-14 06:00:00,RJPN-007-3,RJPN-007,Band 1 (2100MHz),-78.2,-7.9,6.1,10.1,9.9,24.0
2026-10-14 06:00:00,RJPN-008-1,RJPN-008,Band 3 (1800MHz),-90.9,-5.5,15.1,13.3,15.2,0.0
2026-10-14 06:00:00,RJPN-008-2,RJPN-008,Band 3 (1800MHz),-88.4,-5.9,10.4,19.8,2.2,45.8
2026-10-14 06:00:00,RJPN-008-3,RJPN-008,Band 3 (1800MHz),-89.9,-11.2,7.7,16.3,0.0,54.5
2026-10-14 06:00:00,RJPN-009-1,RJPN-009,Band 1 (2100MHz),-87.9,-11.1,17.4,15.6,13.8,39.7
2026-10-14 06:00:00,RJPN-009-2,RJPN-009,Band 1 (2100MHz),-87.7,-11.1,9.1,22.5,16.6,33.7
2026-10-14 06:00:00,RJPN-009-3,RJPN-009,Band 1 (2100MHz),-85.1,-8.3,18.1,0.0,8.3,37.9
2026-10-14 06:00:00,RJPN-010-1,RJPN-010,Band 3 (1800MHz),-81.9,-6.7,2.7,0.0,12.1,0.0
2026-10-14 06:00:00,RJPN-010-2,RJPN-010,Band 3 (1800MHz),-84.9,-9.7,16.9,14.2,0.0,68.4
2026-10-14 06:00:00,RJPN-010-3,RJPN-010,Band 3 (1800MHz),-87.2,-4.8,3.4,6.4,7.3,0.0
2026-10-14 06:00:00,RJPN-011-1,RJPN-011,Band 1 (2100MHz),-82.7,-8.4,10.6,21.8,11.9,39.2
2026-10-14 06:00:00,RJPN-011-2,RJPN-011,Band 1 (2100MHz),-97.1,-10.6,0.5,27.5,15.4,49.1
2026-10-14 06:00:00,RJPN-011-3,RJPN-011,Band 1 (2100MHz),-101.2,-11.0,8.1,11.6,24.0,76.7
2026-10-14 07:00:00,RJPN-001-1,RJPN-001,Band 1 (2100MHz),-81.2,-10.3,18.5,69.1,37.2,101.5
2026-10-14 07:00:00,RJPN-001-2,RJPN-001,Band 1 (2100MHz),-81.1,-11.8,11.1,46.2,32.4,93.6
2026-10-14 07:00:00,RJPN-001-3,RJPN-001,Band 1 (2100MHz),-79.0,-7.1,7.7,36.0,38.8,52.5
2026-10-14 07:00:00,RJPN-002-1,RJPN-002,Band 3 (1800MHz),-88.4,-15.2,13.7,49.3,20.6,94.9
2026-10-14 07:00:00,RJPN-002-2,RJPN-002,Band 3 (1800MHz),-98.7,-14.8,7.7,55.4,49.9,110.7
2026-10-14 07:00:00,RJPN-002-3,RJPN-002,Band 3 (1800MHz),-82.5,-6.7,15.9,49.8,31.4,106.8
2026-10-14 07:00:00,RJPN-003-1,RJPN-003,Band 1 (2100MHz),-86.5,-7.8,4.5,65.1,27.6,68.1
2026-10-14 07:00:00,RJPN-003-2,RJPN-003,Band 1 (2100MHz),-86.7,-11.2,9.4,54.8,38.5,77.1
2026-10-14 07:00:00,RJPN-003-3,RJPN-003,Band 1 (2100MHz),-78.9,-12.6,9.7,69.0,31.2,74.0
2026-10-14 07:00:00,RJPN-004-1,RJPN-004,Band 3 (1800MHz),-90.4,-12.3,12.6,71.3,33.3,61.6
2026-10-14 07:00:00,RJPN-004-2,RJPN-004,Band 3 (1800MHz),-83.4,-9.1,6.8,66.1,26.9,96.7
2026-10-14 07:00:00,RJPN-004-3,RJPN-004,Band 3 (1800MHz),-90.8,-11.9,29.6,58.4,35.9,106.2
2026-10-14 07:00:00,RJPN-005-1,RJPN-005,Band 1 (2100MHz),-89.1,-11.6,11.5,35.8,25.5,125.4
2026-10-14 07:00:00,RJPN-005-2,RJPN-005,Band 1 (2100MHz),-84.3,-10.8,20.4,71.4,20.6,91.8
2026-10-14 07:00:00,RJPN-005-3,RJPN-005,Band 1 (2100MHz),-86.4,-10.2,7.1,48.5,24.7,58.9
2026-10-14 07:00:00,RJPN-006-1,RJPN-006,Band 3 (1800MHz),-80.8,-12.7,16.8,76.8,35.4,63.2
2026-10-14 07:00:00,RJPN-006-2,RJPN-006,Band 3 (1800MHz),-83.9,-12.7,19.0,74.9,34.4,68.3
2026-10-14 07:00:00,RJPN-006-3,RJPN-006,Band 3 (1800MHz),-86.1,-8.9,5.2,60.6,35.2,88.4
2026-10-14 07:00:00,RJPN-007-1,RJPN-007,Band 1 (2100MHz),-84.6,-10.6,11.0,44.2,46.5,107.7
2026-10-14 07:00:00,RJPN-007-2,RJPN-007,Band 1 (2100MHz),-82.2,-13.9,14.9,52.7,33.3,122.2
2026-10-14 07:00:00,RJPN-007-3,RJPN-007,Band 1 (2100MHz),-90.7,-14.3,12.3,29.3,23.2,63.0
2026-10-14 07:00:00,RJPN-008-1,RJPN-008,Band 3 (1800MHz),-81.6,-13.5,11.6,84.1,27.6,70.8
2026-10-14 07:00:00,RJPN-008-2,RJPN-008,Band 3 (1800MHz),-85.6,-8.1,12.0,56.8,29.8,82.8
2026-10-14 07:00:00,RJPN-008-3,RJPN-008,Band 3 (1800MHz),-80.3,-11.4,18.2,71.8,19.3,73.0
2026-10-14 07:00:00,RJPN-009-1,RJPN-009,Band 1 (2100MHz),-85.4,-8.9,11.6,69.4,33.5,80.8
2026-10-14 07:00:00,RJPN-009-2,RJPN-009,Band 1 (2100MHz),-89.4,-10.3,9.0,67.8,13.6,109.9
2026-10-14 07:00:00,RJPN-009-3,RJPN-009,Band 1 (2100MHz),-83.9,-11.3,8.4,32.8,38.1,126.2
2026-10-14 07:00:00,RJPN-010-1,RJPN-010,Band 3 (1800MHz),-82.1,-11.3,12.6,53.1,30.6,43.2
2026-10-14 07:00:00,RJPN-010-2,RJPN-010,Band 3 (1800MHz),-85.4,-7.3,12.6,69.3,43.8,90.9
2026-10-14 07:00:00,RJPN-010-3,RJPN-010,Band 3 (1800MHz),-85.2,-11.1,12.3,51.4,31.9,83.8
2026-10-14 07:00:00,RJPN-011-1,RJPN-011,Band 1 (2100MHz),-74.4,-11.4,19.9,61.1,38.0,98.0
2026-10-14 07:00:00,RJPN-011-2,RJPN-011,Band 1 (2100MHz),-97.1,-14.7,7.7,42.1,39.4,59.7
2026-10-14 07:00:00,RJPN-011-3,RJPN-011,Band 1 (2100MHz),-97.6,-16.3,0.7,59.9,24.4,103.5
2026-10-14 08:00:00,RJPN-001-1,RJPN-001,Band 1 (2100MHz),-84.5,-11.5,18.3,59.5,45.5,135.0
2026-10-14 08:00:00,RJPN-001-2,RJPN-001,Band 1 (2100MHz),-82.9,-9.4,19.4,79.4,46.5,104.6
2026-10-14 08:00:00,RJPN-001-3,RJPN-001,Band 1 (2100MHz),-83.0,-14.7,16.0,71.0,46.3,90.6
2026-10-14 08:00:00,RJPN-002-1,RJPN-002,Band 3 (1800MHz),-84.2,-12.1,19.1,81.4,22.7,64.2
2026-10-14 08:00:00,RJPN-002-2,RJPN-002,Band 3 (1800MHz),-104.5,-16.0,3.4,66.5,31.0,123.5
2026-10-14 08:00:00,RJPN-002-3,RJPN-002,Band 3 (1800MHz),-80.2,-10.3,15.6,72.8,42.4,115.7
2026-10-14 08:00:00,RJPN-003-1,RJPN-003,Band 1 (2100MHz),-88.1,-9.8,14.6,63.0,41.9,91.9
2026-10-14 08:00:00,RJPN-003-2,RJPN-003,Band 1 (2100MHz),-80.0,-10.5,19.5,85.6,43.8,137.0
2026-10-14 08:00:00,RJPN-003-3,RJPN-003,Band 1 (2100MHz),-83.8,-13.8,6.8,58.0,49.4,150.2
2026-10-14 08:00:00,RJPN-004-1,RJPN-004,Band 3 (1800MHz),-89.5,-8.9,6.8,92.1,55.5,113.7
2026-10-14 08:00:00,RJPN-004-2,RJPN-004,Band 3 (1800MHz),-79.5,-11.0,21.0,78.6,29.1,117.8
2026-10-14 08:00:00,RJPN-004-3,RJPN-004,Band 3 (1800MHz),-82.3,-12.5,11.1,85.7,53.7,53.0
2026-10-14 08:00:00,RJPN-005-1,RJPN-005,Band 1 (2100MHz),-79.3,-11.6,14.4,87.2,39.0,94.3
2026-10-14 08:00:00,RJPN-005-2,RJPN-005,Band 1 (2100MHz),-85.6,-9.1,20.2,75.3,41.6,99.6
2026-10-14 08:00:00,RJPN-005-3,RJPN-005,Band 1 (2100MHz),-88.7,-11.3,16.9,75.4,50.1,105.6
2026-10-14 08:00:00,RJPN-006-1,RJPN-006,Band 3 (1800MHz),-83.7,-9.8,14.4,75.9,62.1,132.9
2026-10-14 08:00:00,RJPN-006-2,RJPN-006,Band 3 (1800MHz),-88.2,-12.8,6.4,67.8,34.1,91.0
2026-10-14 08:00:00,RJPN-006-3,RJPN-006,Band 3 (1800MHz),-81.4,-10.2,6.2,90.0,41.2,98.6
2026-10-14 08:00:00,RJPN-007-1,RJPN-007,Band 1 (2100MHz),-85.9,-15.3,8.2,71.8,35.1,122.7
2026-10-14 08:00:00,RJPN-007-2,RJPN-007,Band 1 (2100MHz),-83.8,-15.6,7.7,80.1,49.7,104.4
2026-10-14 08:00:00,RJPN-007-3,RJPN-007,Band 1 (2100MHz),-84.8,-11.7,23.3,75.2,42.2,105.0
2026-10-14 08:00:00,RJPN-008-1,RJPN-008,Band 3 (1800MHz),-90.5,-9.1,3.2,59.2,48.0,147.6
2026-10-14 08:00:00,RJPN-008-2,RJPN-008,Band 3 (1800MHz),-94.1,-10.3,19.4,67.5,43.4,115.9
2026-10-14 08:00:00,RJPN-008-3,RJPN-008,Band 3 (1800MHz),-83.4,-13.2,8.3,85.3,36.8,121.1
2026-10-14 08:00:00,RJPN-009-1,RJPN-009,Band 1 (2100MHz),-82.5,-12.4,9.5,44.1,42.9,105.5
2026-10-14 08:00:00,RJPN-009-2,RJPN-009,Band 1 (2100MHz),-87.3,-13.3,6.2,80.0,37.4,78.9
2026-10-14 08:00:00,RJPN-009-3,RJPN-009,Band 1 (2100MHz),-86.6,-12.0,22.6,62.0,35.7,135.6
2026-10-14 08:00:00,RJPN-010-1,RJPN-010,Band 3 (1800MHz),-87.5,-11.7,14.3,47.5,45.1,155.5
2026-10-14 08:00:00,RJPN-010-2,RJPN-010,Band 3 (1800MHz),-82.7,-12.7,20.7,68.1,57.5,138.9
2026-10-14 08:00:00,RJPN-010-3,RJPN-010,Band 3 (1800MHz),-84.9,-10.0,22.6,77.7,56.6,122.3
2026-10-14 08:00:00,RJPN-011-1,RJPN-011,Band 1 (2100MHz),-87.0,-13.8,8.2,74.4,40.8,138.8
2026-10-14 08:00:00,RJPN-011-2,RJPN-011,Band 1 (2100MHz),-102.5,-17.1,7.0,56.2,45.0,121.6
2026-10-14 08:00:00,RJPN-011-3,RJPN-011,Band 1 (2100MHz),-102.4,-14.0,-1.5,62.9,37.7,93.9
2026-10-14 09:00:00,RJPN-001-1,RJPN-001,Band 1 (2100MHz),-82.0,-9.0,6.0,59.9,33.9,111.5
2026-10-14 09:00:00,RJPN-001-2,RJPN-001,Band 1 (2100MHz),-84.5,-11.7,8.9,67.2,42.8,63.1
2026-10-14 09:00:00,RJPN-001-3,RJPN-001,Band 1 (2100MHz),-84.7,-9.1,6.6,51.1,31.9,67.6
2026-10-14 09:00:00,RJPN-002-1,RJPN-002,Band 3 (1800MHz),-89.8,-7.3,18.4,49.7,29.4,130.1
2026-10-14 09:00:00,RJPN-002-2,RJPN-002,Band 3 (1800MHz),-87.6,-12.9,10.5,69.8,19.3,76.1
2026-10-14 09:00:00,RJPN-002-3,RJPN-002,Band 3 (1800MHz),-83.6,-9.6,11.6,58.2,40.1,118.8
2026-10-14 09:00:00,RJPN-003-1,RJPN-003,Band 1 (2100MHz),-82.2,-11.4,14.0,52.7,42.5,65.7
2026-10-14 09:00:00,RJPN-003-2,RJPN-003,Band 1 (2100MHz),-80.3,-9.1,13.8,46.2,38.4,86.2
2026-10-14 09:00:00,RJPN-003-3,RJPN-003,Band 1 (2100MHz),-85.0,-5.5,14.9,50.4,19.8,101.5
2026-10-14 09:00:00,RJPN-004-1,RJPN-004,Band 3 (1800MHz),-89.5,-8.7,15.5,55.1,29.7,91.7
2026-10-14 09:00:00,RJPN-004-2,RJPN-004,Band 3 (1800MHz),-83.5,-7.5,14.8,40.3,39.7,110.7
2026-10-14 09:00:00,RJPN-004-3,RJPN-004,Band 3 (1800MHz),-81.4,-8.8,17.6,57.7,44.4,94.7
2026-10-14 09:00:00,RJPN-005-1,RJPN-005,Band 1 (2100MHz),-87.6,-11.3,20.7,42.4,22.5,63.8
2026-10-14 09:00:00,RJPN-005-2,RJPN-005,Band 1 (2100MHz),-77.6,-11.9,7.0,41.4,40.3,70.3
2026-10-14 09:00:00,RJPN-005-3,RJPN-005,Band 1 (2100MHz),-85.1,-8.9,17.4,73.4,32.0,64.5
2026-10-14 09:00:00,RJPN-006-1,RJPN-006,Band 3 (1800MHz),-80.4,-12.0,7.2,31.7,32.2,67.9
2026-10-14 09:00:00,RJPN-006-2,RJPN-006,Band 3 (1800MHz),-82.8,-8.0,12.5,52.7,34.5,84.1
2026-10-14 09:00:00,RJPN-006-3,RJPN-006,Band 3 (1800MHz),-88.1,-10.9,8.5,69.6,52.4,72.4
2026-10-14 09:00:00,RJPN-007-1,RJPN-007,Band 1 (2100MHz),-84.4,-13.2,10.6,60.6,33.5,100.7
2026-10-14 09:00:00,RJPN-007-2,RJPN-007,Band 1 (2100MHz),-88.0,-10.7,11.9,33.5,30.1,52.8
2026-10-14 09:00:00,RJPN-007-3,RJPN-007,Band 1 (2100MHz),-88.4,-9.9,17.3,56.9,31.5,98.1
2026-10-14 09:00:00,RJPN-008-1,RJPN-008,Band 3 (1800MHz),-82.2,-9.2,14.7,64.1,29.1,108.9
2026-10-14 09:00:00,RJPN-008-2,RJPN-008,Band 3 (1800MHz),-80.8,-10.0,8.0,51.9,31.4,36.4
2026-10-14 09:00:00,RJPN-008-3,RJPN-008,Band 3 (1800MHz),-87.4,-7.9,9.4,67.1,29.3,147.2
2026-10-14 09:00:00,RJPN-009-1,RJPN-009,Band 1 (2100MHz),-85.6,-11.7,22.2,39.2,15.8,138.9
2026-10-14 09:00:00,RJPN-009-2,RJPN-009,Band 1 (2100MHz),-89.0,-10.1,9.0,46.6,53.2,102.4
2026-10-14 09:00:00,RJPN-009-3,RJPN-009,Band 1 (2100MHz),-88.7,-9.6,10.3,71.8,32.7,123.7
2026-10-14 09:00:00,RJPN-010-1,RJPN-010,Band 3 (1800MHz),-91.0,-10.3,9.8,55.1,30.9,129.5
2026-10-14 09:00:00,RJPN-010-2,RJPN-010,Band 3 (1800MHz),-94.7,-8.4,13.9,56.4,9.2,94.9
2026-10-14 09:00:00,RJPN-010-3,RJPN-010,Band 3 (1800MHz),-97.3,-11.5,10.3,64.6,15.9,68.6
2026-10-14 09:00:00,RJPN-011-1,RJPN-011,Band 1 (2100MHz),-85.2,-9.4,14.0,56.5,32.3,78.6
2026-10-14 09:00:00,RJPN-011-2,RJPN-011,Band 1 (2100MHz),-91.8,-14.7,6.0,53.3,33.3,96.9
2026-10-14 09:00:00,RJPN-011-3,RJPN-011,Band 1 (2100MHz),-98.2,-12.4,-1.8,50.7,42.0,77.4
2026-10-14 10:00:00,RJPN-001-1,RJPN-001,Band 1 (2100MHz),-87.5,-9.3,7.8,14.7,8.9,17.0
2026-10-14 10:00:00,RJPN-001-2,RJPN-001,Band 1 (2100MHz),-86.0,-7.5,15.7,16.5,4.6,12.4
2026-10-14 10:00:00,RJPN-001-3,RJPN-001,Band 1 (2100MHz),-89.6,-8.7,9.2,13.1,13.6,36.2
2026-10-14 10:00:00,RJPN-002-1,RJPN-002,Band 3 (1800MHz),-78.4,-7.6,-1.4,26.7,5.7,39.4
2026-10-14 10:00:00,RJPN-002-2,RJPN-002,Band 3 (1800MHz),-102.1,-11.5,14.2,15.1,0.8,9.4
2026-10-14 10:00:00,RJPN-002-3,RJPN-002,Band 3 (1800MHz),-89.3,-7.6,10.6,20.4,10.7,0.0
2026-10-14 10:00:00,RJPN-003-1,RJPN-003,Band 1 (2100MHz),-87.4,-8.3,14.3,11.7,5.5,23.8
2026-10-14 10:00:00,RJPN-003-2,RJPN-003,Band 1 (2100MHz),-90.0,-5.8,6.4,17.8,12.7,50.3
2026-10-14 10:00:00,RJPN-003-3,RJPN-003,Band 1 (2100MHz),-84.1,-11.5,2.6,29.3,19.9,74.2
2026-10-14 10:00:00,RJPN-004-1,RJPN-004,Band 3 (1800MHz),-85.5,-6.6,23.8,8.2,13.2,4.2
2026-10-14 10:00:00,RJPN-004-2,RJPN-004,Band 3 (1800MHz),-86.6,-10.3,10.4,25.0,10.0,14.4
2026-10-14 10:00:00,RJPN-004-3,RJPN-004,Band 3 (1800MHz),-86.6,-6.1,8.0,11.6,0.0,25.4
2026-10-14 10:00:00,RJPN-005-1,RJPN-005,Band 1 (2100MHz),-81.0,-7.2,13.7,21.7,0.0,57.8
2026-10-14 10:00:00,RJPN-005-2,RJPN-005,Band 1 (2100MHz),-89.2,-7.1,3.3,17.5,9.8,27.9
2026-10-14 10:00:00,RJPN-005-3,RJPN-005,Band 1 (2100MHz),-84.0,-9.3,16.9,20.0,16.7,30.9
2026-10-14 10:00:00,RJPN-006-1,RJPN-006,Band 3 (1800MHz),-85.1,-7.9,17.7,38.5,15.3,16.6
2026-10-14 10:00:00,RJPN-006-2,RJPN-006,Band 3 (1800MHz),-87.7,-8.9,21.0,17.4,12.8,19.7
2026-10-14 10:00:00,RJPN-006-3,RJPN-006,Band 3 (1800MHz),-84.7,-11.4,22.6,19.5,5.9,45.3
2026-10-14 10:00:00,RJPN-007-1,RJPN-007,Band 1 (2100MHz),-80.9,-9.3,16.2,32.5,0.0,50.9
2026-10-14 10:00:00,RJPN-007-2,RJPN-007,Band 1 (2100MHz),-86.7,-6.0,7.9,13.0,7.3,31.4
2026-10-14 10:00:00,RJPN-007-3,RJPN-007,Band 1 (2100MHz),-89.5,-7.6,14.9,29.1,23.7,40.1
2026-10-14 10:00:00,RJPN-008-1,RJPN-008,Band 3 (1800MHz),-85.7,-9.8,15.1,28.0,12.5,21.6
2026-10-14 10:00:00,RJPN-008-2,RJPN-008,Band 3 (1800MHz),-90.0,-7.1,13.8,30.6,17.1,0.0
2026-10-14 10:00:00,RJPN-008-3,RJPN-008,Band 3 (1800MHz),-86.6,-11.5,12.6,23.5,29.7,20.6
2026-10-14 10:00:00,RJPN-009-1,RJPN-009,Band 1 (2100MHz),-85.0,-5.1,20.1,15.1,0.0,21.8
2026-10-14 10:00:00,RJPN-009-2,RJPN-009,Band 1 (2100MHz),-81.2,-11.2,20.4,19.5,18.2,29.5
2026-10-14 10:00:00,RJPN-009-3,RJPN-009,Band 1 (2100MHz),-83.1,-7.5,18.6,6.9,17.8,5.2
2026-10-14 10:00:00,RJPN-010-1,RJPN-010,Band 3 (1800MHz),-82.6,-8.2,0.8,28.4,0.0,13.6
2026-10-14 10:00:00,RJPN-010-2,RJPN-010,Band 3 (1800MHz),-74.5,-7.3,21.8,15.6,0.0,0.0
2026-10-14 10:00:00,RJPN-010-3,RJPN-010,Band 3 (1800MHz),-78.8,-6.9,17.7,27.1,8.8,29.7
2026-10-14 10:00:00,RJPN-011-1,RJPN-011,Band 1 (2100MHz),-85.8,-6.9,19.0,0.0,0.0,17.3
2026-10-14 10:00:00,RJPN-011-2,RJPN-011,Band 1 (2100MHz),-94.0,-9.4,12.0,25.4,0.0,32.5
2026-10-14 10:00:00,RJPN-011-3,RJPN-011,Band 1 (2100MHz),-103.5,-18.5,-7.2,9.4,15.2,9.9
2026-10-14 11:00:00,RJPN-001-1,RJPN-001,Band 1 (2100MHz),-85.0,-8.9,26.4,57.3,33.2,150.7
2026-10-14 11:00:00,RJPN-001-2,RJPN-001,Band 1 (2100MHz),-81.0,-10.3,12.8,67.0,26.3,92.5
2026-10-14 11:00:00,RJPN-001-3,RJPN-001,Band 1 (2100MHz),-87.4,-11.0,13.4,55.2,31.7,92.4
2026-10-14 11:00:00,RJPN-002-1,RJPN-002,Band 3 (1800MHz),-82.1,-9.2,21.2,80.0,32.6,79.3
2026-10-14 11:00:00,RJPN-002-2,RJPN-002,Band 3 (1800MHz),-97.0,-16.2,3.9,58.0,20.0,97.3
2026-10-14 11:00:00,RJPN-002-3,RJPN-002,Band 3 (1800MHz),-90.3,-9.8,5.7,55.9,29.0,74.7
2026-10-14 11:00:00,RJPN-003-1,RJPN-003,Band 1 (2100MHz),-86.4,-11.8,8.5,53.7,20.9,98.3
2026-10-14 11:00:00,RJPN-003-2,RJPN-003,Band 1 (2100MHz),-90.6,-10.2,13.4,44.6,16.9,86.7
2026-10-14 11:00:00,RJPN-003-3,RJPN-003,Band 1 (2100MHz),-79.5,-8.6,17.2,47.8,29.1,59.6
2026-10-14 11:00:00,RJPN-004-1,RJPN-004,Band 3 (1800MHz),-82.2,-11.3,10.2,44.4,23.7,64.7
2026-10-14 11:00:00,RJPN-004-2,RJPN-004,Band 3 (1800MHz),-81.3,-9.6,13.4,41.5,36.1,81.1
2026-10-14 11:00:00,RJPN-004-3,RJPN-004,Band 3 (1800MHz),-91.4,-7.4,20.1,47.2,36.9,68.1
2026-10-14 11:00:00,RJPN-005-1,RJPN-005,Band 1 (2100MHz),-91.5,-13.7,15.5,43.6,38.1,88.6
2026-10-14 11:00:00,RJPN-005-2,RJPN-005,Band 1 (2100MHz),-84.9,-11.1,20.0,33.2,26.6,93.0
2026-10-14 11:00:00,RJPN-005-3,RJPN-005,Band 1 (2100MHz),-83.2,-14.4,6.4,70.8,23.3,99.9
2026-10-14 11:00:00,RJPN-006-1,RJPN-006,Band 3 (1800MHz),-86.1,-10.1,7.9,55.7,15.9,93.4
2026-10-14 11:00:00,RJPN-006-2,RJPN-006,Band 3 (1800MHz),-79.4,-10.1,19.7,54.4,25.8,79.0
2026-10-14 11:00:00,RJPN-006-3,RJPN-006,Band 3 (1800MHz),-88.7,-11.2,13.7,48.7,24.5,83.9
2026-10-14 11:00:00,RJPN-007-1,RJPN-007,Band 1 (2100MHz),-77.9,-9.1,12.4,50.5,21.8,119.3
2026-10-14 11:00:00,RJPN-007-2,RJPN-007,Band 1 (2100MHz),-89.1,-11.1,13.1,53.3,36.7,77.1
2026-10-14 11:00:00,RJPN-007-3,RJPN-007,Band 1 (2100MHz),-81.7,-8.8,19.5,40.9,20.9,30.9
2026-10-14 11:00:00,RJPN-008-1,RJPN-008,Band 3 (1800MHz),-77.2,-11.7,11.7,50.8,34.1,29.9
2026-10-14 11:00:00,RJPN-008-2,RJPN-008,Band 3 (1800MHz),-85.9,-14.5,18.5,51.0,23.4,47.4
2026-10-14 11:00:00,RJPN-008-3,RJPN-008,Band 3 (1800MHz),-94.1,-8.1,16.8,54.0,34.8,104.9
2026-10-14 11:00:00,RJPN-009-1,RJPN-009,Band 1 (2100MHz),-85.0,-10.6,18.1,36.2,27.8,79.9
2026-10-14 11:00:00,RJPN-009-2,RJPN-009,Band 1 (2100MHz),-85.1,-10.9,13.5,36.0,33.8,50.0
2026-10-14 11:00:00,RJPN-009-3,RJPN-009,Band 1 (2100MHz),-89.3,-12.7,6.5,33.9,12.6,86.7
2026-10-14 11:00:00,RJPN-010-1,RJPN-010,Band 3 (1800MHz),-80.7,-13.8,16.6,42.4,21.9,74.0
2026-10-14 11:00:00,RJPN-010-2,RJPN-010,Band 3 (1800MHz),-82.1,-9.2,20.9,62.4,30.2,72.3
2026-10-14 11:00:00,RJPN-010-3,RJPN-010,Band 3 (1800MHz),-80.4,-10.0,13.9,51.5,27.7,100.6
2026-10-14 11:00:00,RJPN-011-1,RJPN-011,Band 1 (2100MHz),-88.2,-12.9,13.1,29.7,24.9,109.4
2026-10-14 11:00:00,RJPN-011-2,RJPN-011,Band 1 (2100MHz),-98.3,-13.0,1.9,35.9,27.7,98.9
2026-10-14 11:00:00,RJPN-011-3,RJPN-011,Band 1 (2100MHz),-97.6,-14.2,-4.3,58.5,31.5,73.2
2026-10-14 12:00:00,RJPN-001-1,RJPN-001,Band 1 (2100MHz),-89.8,-11.9,15.5,50.7,47.2,80.3
2026-10-14 12:00:00,RJPN-001-2,RJPN-001,Band 1 (2100MHz),-81.1,-10.8,12.6,48.5,41.1,87.3
2026-10-14 12:00:00,RJPN-001-3,RJPN-001,Band 1 (2100MHz),-84.4,-9.7,6.2,75.5,26.6,65.1
2026-10-14 12:00:00,RJPN-002-1,RJPN-002,Band 3 (1800MHz),-92.3,-7.6,14.6,48.9,43.9,56.0
2026-10-14 12:00:00,RJPN-002-2,RJPN-002,Band 3 (1800MHz),-91.7,-16.2,11.8,47.5,32.0,89.4
2026-10-14 12:00:00,RJPN-002-3,RJPN-002,Band 3 (1800MHz),-82.9,-11.1,13.9,52.3,18.6,109.9
2026-10-14 12:00:00,RJPN-003-1,RJPN-003,Band 1 (2100MHz),-87.3,-9.8,15.8,40.5,21.9,108.2
2026-10-14 12:00:00,RJPN-003-2,RJPN-003,Band 1 (2100MHz),-86.5,-10.4,7.4,56.2,42.1,66.2
2026-10-14 12:00:00,RJPN-003-3,RJPN-003,Band 1 (2100MHz),-80.3,-12.6,12.7,58.4,44.8,99.9
2026-10-14 12:00:00,RJPN-004-1,RJPN-004,Band 3 (1800MHz),-88.9,-9.1,8.6,54.3,28.4,134.4
2026-10-14 12:00:00,RJPN-004-2,RJPN-004,Band 3 (1800MHz),-79.6,-8.2,10.4,20.6,5.2,54.2
2026-10-14 12:00:00,RJPN-004-3,RJPN-004,Band 3 (1800MHz),-90.3,-9.3,13.0,54.5,18.3,106.5
2026-10-14 12:00:00,RJPN-005-1,RJPN-005,Band 1 (2100MHz),-83.5,-11.3,14.1,49.4,26.0,118.9
2026-10-14 12:00:00,RJPN-005-2,RJPN-005,Band 1 (2100MHz),-87.3,-8.8,16.6,64.1,47.1,93.9
2026-10-14 12:00:00,RJPN-005-3,RJPN-005,Band 1 (2100MHz),-94.9,-11.1,12.8,62.8,14.4,82.7
2026-10-14 12:00:00,RJPN-006-1,RJPN-006,Band 3 (1800MHz),-89.1,-6.9,14.3,14.7,26.2,82.9
2026-10-14 12:00:00,RJPN-006-2,RJPN-006,Band 3 (1800MHz),-84.5,-12.2,8.6,61.7,36.0,83.7
2026-10-14 12:00:00,RJPN-006-3,RJPN-006,Band 3 (1800MHz),-90.7,-10.2,11.9,50.1,24.1,37.2
2026-10-14 12:00:00,RJPN-007-1,RJPN-007,Band 1 (2100MHz),-86.6,-7.7,9.2,59.2,45.1,85.3
2026-10-14 12:00:00,RJPN-007-2,RJPN-007,Band 1 (2100MHz),-85.1,-8.8,14.3,31.6,44.7,13.5
2026-10-14 12:00:00,RJPN-007-3,RJPN-007,Band 1 (2100MHz),-83.4,-8.3,10.4,59.1,44.7,86.9
2026-10-14 12:00:00,RJPN-008-1,RJPN-008,Band 3 (1800MHz),-85.1,-10.6,13.5,40.0,31.0,111.4
2026-10-14 12:00:00,RJPN-008-2,RJPN-008,Band 3 (1800MHz),-83.6,-10.1,13.5,69.4,33.7,78.0
2026-10-14 12:00:00,RJPN-008-3,RJPN-008,Band 3 (1800MHz),-88.0,-10.3,11.1,57.5,18.5,70.7
2026-10-14 12:00:00,RJPN-009-1,RJPN-009,Band 1 (2100MHz),-82.4,-9.7,8.0,46.5,30.7,62.1
2026-10-14 12:00:00,RJPN-009-2,RJPN-009,Band 1 (2100MHz),-85.8,-9.4,14.6,63.6,27.6,84.7
2026-10-14 12:00:00,RJPN-009-3,RJPN-009,Band 1 (2100MHz),-82.7,-10.2,9.6,52.9,32.0,127.4
2026-10-14 12:00:00,RJPN-010-1,RJPN-010,Band 3 (1800MHz),-80.0,-11.1,9.8,46.3,35.7,94.1
2026-10-14 12:00:00,RJPN-010-2,RJPN-010,Band 3 (1800MHz),-80.9,-11.0,4.9,39.8,27.9,52.9
2026-10-14 12:00:00,RJPN-010-3,RJPN-010,Band 3 (1800MHz),-84.5,-10.3,12.4,60.1,17.4,102.8
2026-10-14 12:00:00,RJPN-011-1,RJPN-011,Band 1 (2100MHz),-82.5,-9.8,4.6,77.4,28.8,98.0
2026-10-14 12:00:00,RJPN-011-2,RJPN-011,Band 1 (2100MHz),-101.3,-12.1,10.6,54.6,18.6,89.2
2026-10-14 12:00:00,RJPN-011-3,RJPN-011,Band 1 (2100MHz),-92.5,-11.4,9.5,47.3,33.6,92.3
2026-10-14 13:00:00,RJPN-001-1,RJPN-001,Band 1 (2100MHz),-82.1,-9.7,10.4,49.9,32.4,75.8
2026-10-14 13:00:00,RJPN-001-2,RJPN-001,Band 1 (2100MHz),-85.2,-8.2,13.7,51.9,21.0,109.8
2026-10-14 13:00:00,RJPN-001-3,RJPN-001,Band 1 (2100MHz),-85.7,-12.2,10.8,54.4,13.1,115.4
2026-10-14 13:00:00,RJPN-002-1,RJPN-002,Band 3 (1800MHz),-82.0,-10.8,11.6,33.9,28.8,85.4
2026-10-14 13:00:00,RJPN-002-2,RJPN-002,Band 3 (1800MHz),-100.0,-17.1,-2.3,49.9,22.5,94.1
2026-10-14 13:00:00,RJPN-002-3,RJPN-002,Band 3 (1800MHz),-82.9,-11.7,12.7,32.5,18.8,48.6
2026-10-14 13:00:00,RJPN-003-1,RJPN-003,Band 1 (2100MHz),-87.4,-12.0,16.1,66.8,33.7,100.3
2026-10-14 13:00:00,RJPN-003-2,RJPN-003,Band 1 (2100MHz),-85.7,-12.6,10.8,55.8,38.5,96.2
2026-10-14 13:00:00,RJPN-003-3,RJPN-003,Band 1 (2100MHz),-87.6,-7.7,18.8,42.4,29.4,71.6
2026-10-14 13:00:00,RJPN-004-1,RJPN-004,Band 3 (1800MHz),-83.2,-8.4,11.9,67.0,35.5,73.0
2026-10-14 13:00:00,RJPN-004-2,RJPN-004,Band 3 (1800MHz),-83.7,-7.3,15.1,56.7,21.7,35.8
2026-10-14 13:00:00,RJPN-004-3,RJPN-004,Band 3 (1800MHz),-88.0,-8.4,9.4,42.5,20.0,69.7
2026-10-14 13:00:00,RJPN-005-1,RJPN-005,Band 1 (2100MHz),-88.7,-7.5,16.7,61.0,18.8,80.2
2026-10-14 13:00:00,RJPN-005-2,RJPN-005,Band 1 (2100MHz),-83.8,-12.9,8.1,45.8,21.2,45.6
2026-10-14 13:00:00,RJPN-005-3,RJPN-005,Band 1 (2100MHz),-93.9,-11.4,17.8,60.7,28.3,43.0
2026-10-14 13:00:00,RJPN-006-1,RJPN-006,Band 3 (1800MHz),-89.3,-11.2,4.5,44.9,27.1,96.7
2026-10-14 13:00:00,RJPN-006-2,RJPN-006,Band 3 (1800MHz),-87.5,-9.8,18.9,63.6,44.1,83.1
2026-10-14 13:00:00,RJPN-006-3,RJPN-006,Band 3 (1800MHz),-78.9,-9.8,13.1,47.3,23.3,75.7
2026-10-14 13:00:00,RJPN-007-1,RJPN-007,Band 1 (2100MHz),-84.9,-12.0,11.7,48.8,29.1,59.4
2026-10-14 13:00:00,RJPN-007-2,RJPN-007,Band 1 (2100MHz),-88.1,-7.1,15.5,59.6,42.8,47.6
2026-10-14 13:00:00,RJPN-007-3,RJPN-007,Band 1 (2100MHz),-83.8,-8.0,20.3,48.5,21.9,106.1
2026-10-14 13:00:00,RJPN-008-1,RJPN-008,Band 3 (1800MHz),-80.4,-9.4,7.6,45.9,27.7,55.7
2026-10-14 13:00:00,RJPN-008-2,RJPN-008,Band 3 (1800MHz),-85.1,-7.2,8.4,55.0,34.4,56.5
2026-10-14 13:00:00,RJPN-008-3,RJPN-008,Band 3 (1800MHz),-86.5,-13.9,12.0,61.2,29.0,100.4
2026-10-14 13:00:00,RJPN-009-1,RJPN-009,Band 1 (2100MHz),-87.4,-8.4,13.9,80.4,34.6,92.3
2026-10-14 13:00:00,RJPN-009-2,RJPN-009,Band 1 (2100MHz),-90.2,-9.7,16.4,44.3,32.5,68.5
2026-10-14 13:00:00,RJPN-009-3,RJPN-009,Band 1 (2100MHz),-83.6,-7.7,21.0,24.1,21.7,88.4
2026-10-14 13:00:00,RJPN-010-1,RJPN-010,Band 3 (1800MHz),-85.3,-9.1,8.8,67.6,30.1,103.6
2026-10-14 13:00:00,RJPN-010-2,RJPN-010,Band 3 (1800MHz),-85.1,-7.3,15.6,47.3,18.2,51.1
2026-10-14 13:00:00,RJPN-010-3,RJPN-010,Band 3 (1800MHz),-77.0,-10.4,9.7,48.8,24.6,81.3
2026-10-14 13:00:00,RJPN-011-1,RJPN-011,Band 1 (2100MHz),-87.1,-11.1,13.5,39.3,33.6,87.9
2026-10-14 13:00:00,RJPN-011-2,RJPN-011,Band 1 (2100MHz),-98.9,-14.1,0.7,64.4,38.4,39.1
2026-10-14 13:00:00,RJPN-011-3,RJPN-011,Band 1 (2100MHz),-97.2,-13.5,7.6,46.5,29.1,76.1
2026-10-14 14:00:00,RJPN-001-1,RJPN-001,Band 1 (2100MHz),-89.5,-8.8,14.2,42.3,31.4,76.3
2026-10-14 14:00:00,RJPN-001-2,RJPN-001,Band 1 (2100MHz),-87.2,-7.8,14.5,61.3,20.2,120.1
2026-10-14 14:00:00,RJPN-001-3,RJPN-001,Band 1 (2100MHz),-89.1,-10.3,10.8,49.7,24.9,106.1
2026-10-14 14:00:00,RJPN-002-1,RJPN-002,Band 3 (1800MHz),-88.4,-12.3,11.9,55.8,39.0,95.8
2026-10-14 14:00:00,RJPN-002-2,RJPN-002,Band 3 (1800MHz),-103.6,-14.7,6.0,50.9,28.2,100.9
2026-10-14 14:00:00,RJPN-002-3,RJPN-002,Band 3 (1800MHz),-88.0,-8.3,7.5,48.9,29.7,87.3
2026-10-14 14:00:00,RJPN-003-1,RJPN-003,Band 1 (2100MHz),-85.9,-8.7,5.8,53.6,26.9,88.3
2026-10-14 14:00:00,RJPN-003-2,RJPN-003,Band 1 (2100MHz),-87.0,-12.4,15.2,38.4,28.8,71.2
2026-10-14 14:00:00,RJPN-003-3,RJPN-003,Band 1 (2100MHz),-88.7,-9.3,3.7,57.2,32.2,96.9
2026-10-14 14:00:00,RJPN-004-1,RJPN-004,Band 3 (1800MHz),-84.6,-8.7,8.8,64.1,41.3,105.2
2026-10-14 14:00:00,RJPN-004-2,RJPN-004,Band 3 (1800MHz),-77.9,-8.1,5.7,66.4,24.1,42.8
2026-10-14 14:00:00,RJPN-004-3,RJPN-004,Band 3 (1800MHz),-86.6,-9.3,6.4,58.3,23.4,90.6
2026-10-14 14:00:00,RJPN-005-1,RJPN-005,Band 1 (2100MHz),-86.6,-10.8,12.3,36.3,32.0,79.1
2026-10-14 14:00:00,RJPN-005-2,RJPN-005,Band 1 (2100MHz),-85.0,-7.6,12.6,36.6,29.2,79.7
2026-10-14 14:00:00,RJPN-005-3,RJPN-005,Band 1 (2100MHz),-81.2,-11.1,10.3,36.4,13.0,113.3
2026-10-14 14:00:00,RJPN-006-1,RJPN-006,Band 3 (1800MHz),-82.8,-9.2,17.6,51.6,36.8,70.1
2026-10-14 14:00:00,RJPN-006-2,RJPN-006,Band 3 (1800MHz),-87.4,-13.5,7.2,46.2,28.7,27.3
2026-10-14 14:00:00,RJPN-006-3,RJPN-006,Band 3 (1800MHz),-81.6,-5.9,10.1,39.7,19.4,96.8
2026-10-14 14:00:00,RJPN-007-1,RJPN-007,Band 1 (2100MHz),-94.1,-11.4,16.8,72.2,22.3,81.5
2026-10-14 14:00:00,RJPN-007-2,RJPN-007,Band 1 (2100MHz),-88.0,-10.8,9.4,42.5,23.6,124.1
2026-10-14 14:00:00,RJPN-007-3,RJPN-007,Band 1 (2100MHz),-84.5,-8.4,10.8,40.7,23.4,79.7
2026-10-14 14:00:00,RJPN-008-1,RJPN-008,Band 3 (1800MHz),-85.6,-10.5,13.7,47.7,42.1,75.9
2026-10-14 14:00:00,RJPN-008-2,RJPN-008,Band 3 (1800MHz),-84.5,-7.9,15.2,48.2,29.7,70.0
2026-10-14 14:00:00,RJPN-008-3,RJPN-008,Band 3 (1800MHz),-85.4,-7.6,3.5,50.5,21.5,89.4
2026-10-14 14:00:00,RJPN-009-1,RJPN-009,Band 1 (2100MHz),-91.0,-8.5,11.5,55.3,23.3,68.5
2026-10-14 14:00:00,RJPN-009-2,RJPN-009,Band 1 (2100MHz),-77.6,-10.8,25.5,62.6,26.0,127.6
2026-10-14 14:00:00,RJPN-009-3,RJPN-009,Band 1 (2100MHz),-84.2,-10.7,16.1,71.4,21.7,45.0
2026-10-14 14:00:00,RJPN-010-1,RJPN-010,Band 3 (1800MHz),-87.3,-11.3,9.0,43.9,8.7,107.0
2026-10-14 14:00:00,RJPN-010-2,RJPN-010,Band 3 (1800MHz),-81.1,-11.4,12.9,42.5,23.6,96.3
2026-10-14 14:00:00,RJPN-010-3,RJPN-010,Band 3 (1800MHz),-88.1,-8.9,13.2,56.7,23.6,37.1
2026-10-14 14:00:00,RJPN-011-1,RJPN-011,Band 1 (2100MHz),-83.8,-10.5,8.2,41.3,26.1,86.4
2026-10-14 14:00:00,RJPN-011-2,RJPN-011,Band 1 (2100MHz),-99.0,-13.5,14.3,50.6,29.6,93.1
2026-10-14 14:00:00,RJPN-011-3,RJPN-011,Band 1 (2100MHz),-94.3,-16.6,7.3,57.4,35.5,36.7
2026-10-14 15:00:00,RJPN-001-1,RJPN-001,Band 1 (2100MHz),-78.9,-10.6,11.5,9.1,1.5,3.2
2026-10-14 15:00:00,RJPN-001-2,RJPN-001,Band 1 (2100MHz),-76.8,-7.9,11.3,31.4,7.1,56.6
2026-10-14 15:00:00,RJPN-001-3,RJPN-001,Band 1 (2100MHz),-81.6,-8.2,19.5,0.0,17.3,24.5
2026-10-14 15:00:00,RJPN-002-1,RJPN-002,Band 3 (1800MHz),-83.1,-7.4,13.4,37.8,0.0,29.5
2026-10-14 15:00:00,RJPN-002-2,RJPN-002,Band 3 (1800MHz),-103.3,-15.6,-1.1,21.3,17.0,42.0
2026-10-14 15:00:00,RJPN-002-3,RJPN-002,Band 3 (1800MHz),-93.4,-8.1,14.3,8.0,0.0,0.0
2026-10-14 15:00:00,RJPN-003-1,RJPN-003,Band 1 (2100MHz),-88.0,-11.2,13.6,17.0,12.8,22.4
2026-10-14 15:00:00,RJPN-003-2,RJPN-003,Band 1 (2100MHz),-84.6,-7.8,15.9,4.8,13.5,28.6
2026-10-14 15:00:00,RJPN-003-3,RJPN-003,Band 1 (2100MHz),-83.4,-4.1,16.0,0.0,18.8,96.1
2026-10-14 15:00:00,RJPN-004-1,RJPN-004,Band 3 (1800MHz),-90.5,-6.6,22.5,24.4,16.5,11.6
2026-10-14 15:00:00,RJPN-004-2,RJPN-004,Band 3 (1800MHz),-86.8,-10.2,13.4,0.0,14.4,0.0
2026-10-14 15:00:00,RJPN-004-3,RJPN-004,Band 3 (1800MHz),-86.9,-9.9,15.5,14.3,1.8,0.0
2026-10-14 15:00:00,RJPN-005-1,RJPN-005,Band 1 (2100MHz),-85.7,-10.6,16.9,2.6,6.5,36.8
2026-10-14 15:00:00,RJPN-005-2,RJPN-005,Band 1 (2100MHz),-93.0,-6.5,14.8,17.6,3.4,0.0
2026-10-14 15:00:00,RJPN-005-3,RJPN-005,Band 1 (2100MHz),-86.6,-7.1,16.5,39.6,11.9,40.6
2026-10-14 15:00:00,RJPN-006-1,RJPN-006,Band 3 (1800MHz),-84.6,-7.7,24.9,8.7,1.8,8.4
2026-10-14 15:00:00,RJPN-006-2,RJPN-006,Band 3 (1800MHz),-85.0,-8.9,4.1,22.8,0.0,56.2
2026-10-14 15:00:00,RJPN-006-3,RJPN-006,Band 3 (1800MHz),-91.1,-9.0,15.6,27.2,18.4,50.5
2026-10-14 15:00:00,RJPN-007-1,RJPN-007,Band 1 (2100MHz),-81.1,-6.8,24.4,17.9,23.0,13.8
2026-10-14 15:00:00,RJPN-007-2,RJPN-007,Band 1 (2100MHz),-82.4,-9.7,12.4,15.0,15.6,60.8
2026-10-14 15:00:00,RJPN-007-3,RJPN-007,Band 1 (2100MHz),-88.9,-8.4,15.9,0.0,0.0,20.8
2026-10-14 15:00:00,RJPN-008-1,RJPN-008,Band 3 (1800MHz),-86.2,-6.1,17.7,18.7,18.0,56.5
2026-10-14 15:00:00,RJPN-008-2,RJPN-008,Band 3 (1800MHz),-85.6,-9.2,10.0,6.3,0.0,45.7
2026-10-14 15:00:00,RJPN-008-3,RJPN-008,Band 3 (1800MHz),-90.7,-4.8,12.9,27.2,19.1,27.5
2026-10-14 15:00:00,RJPN-009-1,RJPN-009,Band 1 (2100MHz),-88.5,-6.6,7.9,3.3,3.3,36.6
2026-10-14 15:00:00,RJPN-009-2,RJPN-009,Band 1 (2100MHz),-88.1,-11.6,14.1,4.0,0.0,15.4
2026-10-14 15:00:00,RJPN-009-3,RJPN-009,Band 1 (2100MHz),-85.0,-8.0,13.5,13.9,1.2,52.2
2026-10-14 15:00:00,RJPN-010-1,RJPN-010,Band 3 (1800MHz),-85.4,-10.3,3.3,20.6,6.7,4.7
2026-10-14 15:00:00,RJPN-010-2,RJPN-010,Band 3 (1800MHz),-81.4,-9.0,17.8,17.7,2.3,4.9
2026-10-14 15:00:00,RJPN-010-3,RJPN-010,Band 3 (1800MHz),-89.8,-12.6,19.0,25.3,4.9,23.5
2026-10-14 15:00:00,RJPN-011-1,RJPN-011,Band 1 (2100MHz),-78.3,-9.7,4.8,19.3,0.0,0.0
2026-10-14 15:00:00,RJPN-011-2,RJPN-011,Band 1 (2100MHz),-100.5,-7.7,-3.9,0.0,14.9,12.1
2026-10-14 15:00:00,RJPN-011-3,RJPN-011,Band 1 (2100MHz),-99.4,-9.8,-0.5,14.0,24.2,23.5
2026-10-14 16:00:00,RJPN-001-1,RJPN-001,Band 1 (2100MHz),-89.1,-15.2,18.0,49.4,41.6,95.5
2026-10-14 16:00:00,RJPN-001-2,RJPN-001,Band 1 (2100MHz),-86.0,-7.7,13.1,43.3,31.6,124.0
2026-10-14 16:00:00,RJPN-001-3,RJPN-001,Band 1 (2100MHz),-84.7,-13.5,13.8,71.1,38.9,112.4
2026-10-14 16:00:00,RJPN-002-1,RJPN-002,Band 3 (1800MHz),-84.9,-11.1,8.8,77.2,37.9,120.4
2026-10-14 16:00:00,RJPN-002-2,RJPN-002,Band 3 (1800MHz),-98.1,-14.1,-2.1,77.2,30.1,83.1
2026-10-14 16:00:00,RJPN-002-3,RJPN-002,Band 3 (1800MHz),-86.5,-13.2,14.6,79.5,38.7,142.2
2026-10-14 16:00:00,RJPN-003-1,RJPN-003,Band 1 (2100MHz),-84.5,-9.7,3.3,61.9,47.8,116.3
2026-10-14 16:00:00,RJPN-003-2,RJPN-003,Band 1 (2100MHz),-89.5,-12.4,6.6,55.0,37.7,142.7
2026-10-14 16:00:00,RJPN-003-3,RJPN-003,Band 1 (2100MHz),-82.8,-12.3,8.7,79.9,53.4,96.4
2026-10-14 16:00:00,RJPN-004-1,RJPN-004,Band 3 (1800MHz),-90.0,-12.1,16.5,71.9,36.4,134.1
2026-10-14 16:00:00,RJPN-004-2,RJPN-004,Band 3 (1800MHz),-72.5,-10.4,18.4,72.5,32.0,83.0
2026-10-14 16:00:00,RJPN-004-3,RJPN-004,Band 3 (1800MHz),-85.2,-12.3,8.5,55.8,48.6,78.2
2026-10-14 16:00:00,RJPN-005-1,RJPN-005,Band 1 (2100MHz),-87.6,-11.6,17.2,67.8,52.9,111.5
2026-10-14 16:00:00,RJPN-005-2,RJPN-005,Band 1 (2100MHz),-83.9,-13.4,11.2,68.0,46.7,98.7
2026-10-14 16:00:00,RJPN-005-3,RJPN-005,Band 1 (2100MHz),-79.7,-9.7,7.6,63.1,18.3,132.8
2026-10-14 16:00:00,RJPN-006-1,RJPN-006,Band 3 (1800MHz),-84.1,-9.8,12.8,81.7,46.3,145.8
2026-10-14 16:00:00,RJPN-006-2,RJPN-006,Band 3 (1800MHz),-83.7,-7.7,13.0,53.9,31.8,96.5
2026-10-14 16:00:00,RJPN-006-3,RJPN-006,Band 3 (1800MHz),-87.2,-9.7,14.7,58.5,45.4,114.9
2026-10-14 16:00:00,RJPN-007-1,RJPN-007,Band 1 (2100MHz),-89.3,-13.2,6.3,73.4,33.7,79.6
2026-10-14 16:00:00,RJPN-007-2,RJPN-007,Band 1 (2100MHz),-82.2,-12.5,17.9,78.9,42.1,128.7
2026-10-14 16:00:00,RJPN-007-3,RJPN-007,Band 1 (2100MHz),-95.8,-16.1,8.3,52.6,34.4,76.5
2026-10-14 16:00:00,RJPN-008-1,RJPN-008,Band 3 (1800MHz),-87.2,-13.4,18.6,69.2,40.6,108.1
2026-10-14 16:00:00,RJPN-008-2,RJPN-008,Band 3 (1800MHz),-84.4,-9.4,11.0,47.4,39.3,142.0
2026-10-14 16:00:00,RJPN-008-3,RJPN-008,Band 3 (1800MHz),-79.6,-9.3,16.0,60.4,49.2,106.9
2026-10-14 16:00:00,RJPN-009-1,RJPN-009,Band 1 (2100MHz),-84.8,-8.4,1.8,64.8,44.2,106.9
2026-10-14 16:00:00,RJPN-009-2,RJPN-009,Band 1 (2100MHz),-82.3,-8.7,17.4,60.7,43.7,113.1
2026-10-14 16:00:00,RJPN-009-3,RJPN-009,Band 1 (2100MHz),-87.1,-13.6,8.9,64.4,39.1,106.9
2026-10-14 16:00:00,RJPN-010-1,RJPN-010,Band 3 (1800MHz),-90.4,-11.6,9.0,46.8,31.9,78.0
2026-10-14 16:00:00,RJPN-010-2,RJPN-010,Band 3 (1800MHz),-83.6,-10.6,12.6,49.8,38.3,105.6
2026-10-14 16:00:00,RJPN-010-3,RJPN-010,Band 3 (1800MHz),-86.9,-12.4,15.7,76.2,32.5,114.4
2026-10-14 16:00:00,RJPN-011-1,RJPN-011,Band 1 (2100MHz),-81.6,-10.9,2.1,99.6,39.4,96.1
2026-10-14 16:00:00,RJPN-011-2,RJPN-011,Band 1 (2100MHz),-100.9,-12.6,3.2,64.8,41.8,90.8
2026-10-14 16:00:00,RJPN-011-3,RJPN-011,Band 1 (2100MHz),-89.2,-14.1,-1.0,81.8,28.3,97.3
2026-10-14 17:00:00,RJPN-001-1,RJPN-001,Band 1 (2100MHz),-80.9,-12.5,7.7,66.0,50.7,130.2
2026-10-14 17:00:00,RJPN-001-2,RJPN-001,Band 1 (2100MHz),-82.1,-9.7,12.7,89.7,42.9,121.5
2026-10-14 17:00:00,RJPN-001-3,RJPN-001,Band 1 (2100MHz),-87.5,-10.3,12.8,85.1,47.4,118.3
2026-10-14 17:00:00,RJPN-002-1,RJPN-002,Band 3 (1800MHz),-85.4,-11.0,15.4,61.5,58.8,112.7
2026-10-14 17:00:00,RJPN-002-2,RJPN-002,Band 3 (1800MHz),-100.8,-17.9,8.3,58.8,43.0,127.0
2026-10-14 17:00:00,RJPN-002-3,RJPN-002,Band 3 (1800MHz),-82.1,-14.3,14.0,67.6,35.5,93.9
2026-10-14 17:00:00,RJPN-003-1,RJPN-003,Band 1 (2100MHz),-90.7,-9.4,11.1,63.0,39.0,120.6
2026-10-14 17:00:00,RJPN-003-2,RJPN-003,Band 1 (2100MHz),-82.4,-9.7,17.8,60.0,39.4,125.7
2026-10-14 17:00:00,RJPN-003-3,RJPN-003,Band 1 (2100MHz),-86.1,-14.0,18.6,68.8,40.7,142.8
2026-10-14 17:00:00,RJPN-004-1,RJPN-004,Band 3 (1800MHz),-81.5,-10.8,6.9,73.3,32.9,104.9
2026-10-14 17:00:00,RJPN-004-2,RJPN-004,Band 3 (1800MHz),-84.6,-10.2,16.5,81.1,39.3,104.0
2026-10-14 17:00:00,RJPN-004-3,RJPN-004,Band 3 (1800MHz),-81.1,-13.4,11.3,73.1,23.8,171.1
2026-10-14 17:00:00,RJPN-005-1,RJPN-005,Band 1 (2100MHz),-92.0,-13.0,22.2,65.9,46.2,130.2
2026-10-14 17:00:00,RJPN-005-2,RJPN-005,Band 1 (2100MHz),-89.7,-11.3,11.0,70.8,24.1,138.2
2026-10-14 17:00:00,RJPN-005-3,RJPN-005,Band 1 (2100MHz),-84.1,-8.8,20.6,61.2,32.4,127.4
2026-10-14 17:00:00,RJPN-006-1,RJPN-006,Band 3 (1800MHz),-88.6,-15.1,15.1,46.6,47.0,110.9
2026-10-14 17:00:00,RJPN-006-2,RJPN-006,Band 3 (1800MHz),-77.8,-10.5,18.2,76.8,43.6,93.1
2026-10-14 17:00:00,RJPN-006-3,RJPN-006,Band 3 (1800MHz),-91.3,-7.7,12.7,66.4,52.2,133.8
2026-10-14 17:00:00,RJPN-007-1,RJPN-007,Band 1 (2100MHz),-85.8,-13.9,6.7,62.5,38.5,162.1
2026-10-14 17:00:00,RJPN-007-2,RJPN-007,Band 1 (2100MHz),-89.3,-10.6,6.8,88.4,44.1,102.4
2026-10-14 17:00:00,RJPN-007-3,RJPN-007,Band 1 (2100MHz),-87.4,-9.0,20.0,90.9,60.6,126.8
2026-10-14 17:00:00,RJPN-008-1,RJPN-008,Band 3 (1800MHz),-79.4,-12.3,11.7,66.5,35.4,116.0
2026-10-14 17:00:00,RJPN-008-2,RJPN-008,Band 3 (1800MHz),-87.8,-11.3,9.0,59.0,36.3,136.1
2026-10-14 17:00:00,RJPN-008-3,RJPN-008,Band 3 (1800MHz),-91.7,-12.4,11.5,60.7,48.7,126.5
2026-10-14 17:00:00,RJPN-009-1,RJPN-009,Band 1 (2100MHz),-81.7,-11.2,14.2,87.4,49.6,119.9
2026-10-14 17:00:00,RJPN-009-2,RJPN-009,Band 1 (2100MHz),-81.8,-10.7,13.9,71.2,38.5,112.5
2026-10-14 17:00:00,RJPN-009-3,RJPN-009,Band 1 (2100MHz),-78.1,-12.0,18.8,74.2,51.6,117.6
2026-10-14 17:00:00,RJPN-010-1,RJPN-010,Band 3 (1800MHz),-86.7,-15.5,13.7,69.9,46.5,74.0
2026-10-14 17:00:00,RJPN-010-2,RJPN-010,Band 3 (1800MHz),-86.5,-10.5,13.0,77.1,43.7,136.0
2026-10-14 17:00:00,RJPN-010-3,RJPN-010,Band 3 (1800MHz),-85.4,-8.7,9.7,72.5,45.6,139.2
2026-10-14 17:00:00,RJPN-011-1,RJPN-011,Band 1 (2100MHz),-88.0,-12.4,9.0,78.5,24.5,142.2
2026-10-14 17:00:00,RJPN-011-2,RJPN-011,Band 1 (2100MHz),-106.4,-19.3,1.0,84.5,34.7,115.3
2026-10-14 17:00:00,RJPN-011-3,RJPN-011,Band 1 (2100MHz),-100.7,-14.3,-0.5,80.9,35.1,137.4
2026-10-14 18:00:00,RJPN-001-1,RJPN-001,Band 1 (2100MHz),-85.6,-10.5,22.4,81.4,39.8,138.9
2026-10-14 18:00:00,RJPN-001-2,RJPN-001,Band 1 (2100MHz),-91.7,-11.7,25.1,71.0,56.5,140.9
2026-10-14 18:00:00,RJPN-001-3,RJPN-001,Band 1 (2100MHz),-81.6,-12.2,15.9,70.9,62.5,109.4
2026-10-14 18:00:00,RJPN-002-1,RJPN-002,Band 3 (1800MHz),-80.9,-15.7,21.7,83.8,49.6,102.0
2026-10-14 18:00:00,RJPN-002-2,RJPN-002,Band 3 (1800MHz),-101.4,-15.2,3.3,68.5,36.8,126.6
2026-10-14 18:00:00,RJPN-002-3,RJPN-002,Band 3 (1800MHz),-83.6,-13.0,9.3,62.7,40.5,116.6
2026-10-14 18:00:00,RJPN-003-1,RJPN-003,Band 1 (2100MHz),-86.3,-10.8,19.1,69.6,61.1,175.5
2026-10-14 18:00:00,RJPN-003-2,RJPN-003,Band 1 (2100MHz),-88.2,-10.7,15.7,75.3,32.3,111.5
2026-10-14 18:00:00,RJPN-003-3,RJPN-003,Band 1 (2100MHz),-88.9,-12.3,11.2,43.4,46.7,129.0
2026-10-14 18:00:00,RJPN-004-1,RJPN-004,Band 3 (1800MHz),-84.0,-10.6,15.9,63.2,35.1,142.0
2026-10-14 18:00:00,RJPN-004-2,RJPN-004,Band 3 (1800MHz),-86.0,-12.2,5.1,85.9,39.9,130.9
2026-10-14 18:00:00,RJPN-004-3,RJPN-004,Band 3 (1800MHz),-88.7,-9.2,18.2,69.6,42.9,171.6
2026-10-14 18:00:00,RJPN-005-1,RJPN-005,Band 1 (2100MHz),-83.2,-12.0,6.7,63.1,31.3,157.6
2026-10-14 18:00:00,RJPN-005-2,RJPN-005,Band 1 (2100MHz),-83.3,-14.2,21.3,86.5,46.3,119.2
2026-10-14 18:00:00,RJPN-005-3,RJPN-005,Band 1 (2100MHz),-83.8,-13.9,9.8,81.6,41.4,164.3
2026-10-14 18:00:00,RJPN-006-1,RJPN-006,Band 3 (1800MHz),-83.9,-12.2,24.1,68.7,48.2,159.5
2026-10-14 18:00:00,RJPN-006-2,RJPN-006,Band 3 (1800MHz),-85.5,-11.7,9.8,91.5,40.1,125.4
2026-10-14 18:00:00,RJPN-006-3,RJPN-006,Band 3 (1800MHz),-88.5,-10.4,13.9,79.4,45.4,167.3
2026-10-14 18:00:00,RJPN-007-1,RJPN-007,Band 1 (2100MHz),-82.4,-12.8,15.5,83.0,44.2,161.5
2026-10-14 18:00:00,RJPN-007-2,RJPN-007,Band 1 (2100MHz),-83.7,-10.1,15.9,82.8,28.1,140.5
2026-10-14 18:00:00,RJPN-007-3,RJPN-007,Band 1 (2100MHz),-86.8,-10.4,2.8,81.4,46.5,129.7
2026-10-14 18:00:00,RJPN-008-1,RJPN-008,Band 3 (1800MHz),-84.0,-13.0,1.6,77.6,33.8,112.1
2026-10-14 18:00:00,RJPN-008-2,RJPN-008,Band 3 (1800MHz),-87.5,-12.2,16.3,90.3,51.4,130.7
2026-10-14 18:00:00,RJPN-008-3,RJPN-008,Band 3 (1800MHz),-83.7,-9.4,24.5,73.7,45.2,106.7
2026-10-14 18:00:00,RJPN-009-1,RJPN-009,Band 1 (2100MHz),-81.1,-12.9,8.6,75.7,37.2,140.8
2026-10-14 18:00:00,RJPN-009-2,RJPN-009,Band 1 (2100MHz),-78.4,-6.6,14.3,57.4,50.9,99.9
2026-10-14 18:00:00,RJPN-009-3,RJPN-009,Band 1 (2100MHz),-82.0,-14.4,8.1,90.4,40.2,99.7
2026-10-14 18:00:00,RJPN-010-1,RJPN-010,Band 3 (1800MHz),-82.6,-11.6,13.8,69.8,50.5,111.8
2026-10-14 18:00:00,RJPN-010-2,RJPN-010,Band 3 (1800MHz),-85.1,-13.1,14.4,73.3,44.0,119.1
2026-10-14 18:00:00,RJPN-010-3,RJPN-010,Band 3 (1800MHz),-79.1,-10.8,12.3,46.9,55.6,149.9
2026-10-14 18:00:00,RJPN-011-1,RJPN-011,Band 1 (2100MHz),-91.0,-12.9,4.2,82.6,51.8,126.8
2026-10-14 18:00:00,RJPN-011-2,RJPN-011,Band 1 (2100MHz),-93.8,-17.0,1.6,65.9,36.9,119.7
2026-10-14 18:00:00,RJPN-011-3,RJPN-011,Band 1 (2100MHz),-97.1,-19.7,-8.4,85.8,24.1,132.9
2026-10-14 19:00:00,RJPN-001-1,RJPN-001,Band 1 (2100MHz),-89.0,-7.2,14.4,95.5,30.4,115.0
2026-10-14 19:00:00,RJPN-001-2,RJPN-001,Band 1 (2100MHz),-95.4,-13.5,13.3,69.6,56.1,142.1
2026-10-14 19:00:00,RJPN-001-3,RJPN-001,Band 1 (2100MHz),-85.7,-9.3,9.3,80.5,24.4,115.3
2026-10-14 19:00:00,RJPN-002-1,RJPN-002,Band 3 (1800MHz),-81.2,-11.7,19.2,65.7,39.2,165.1
2026-10-14 19:00:00,RJPN-002-2,RJPN-002,Band 3 (1800MHz),-96.9,-12.4,4.4,74.7,52.7,130.3
2026-10-14 19:00:00,RJPN-002-3,RJPN-002,Band 3 (1800MHz),-86.5,-9.3,8.2,90.6,40.1,66.4
2026-10-14 19:00:00,RJPN-003-1,RJPN-003,Band 1 (2100MHz),-76.4,-11.9,14.1,53.7,27.3,155.9
2026-10-14 19:00:00,RJPN-003-2,RJPN-003,Band 1 (2100MHz),-82.2,-8.9,15.4,78.9,52.9,126.5
2026-10-14 19:00:00,RJPN-003-3,RJPN-003,Band 1 (2100MHz),-80.2,-9.3,11.7,70.7,43.1,137.0
2026-10-14 19:00:00,RJPN-004-1,RJPN-004,Band 3 (1800MHz),-84.8,-11.4,10.7,78.5,31.5,139.5
2026-10-14 19:00:00,RJPN-004-2,RJPN-004,Band 3 (1800MHz),-86.8,-9.8,13.3,74.8,36.6,119.6
2026-10-14 19:00:00,RJPN-004-3,RJPN-004,Band 3 (1800MHz),-78.9,-8.1,14.7,71.9,38.7,56.3
2026-10-14 19:00:00,RJPN-005-1,RJPN-005,Band 1 (2100MHz),-89.2,-14.0,11.0,79.9,52.7,111.3
2026-10-14 19:00:00,RJPN-005-2,RJPN-005,Band 1 (2100MHz),-82.0,-12.8,15.6,70.1,42.7,86.6
2026-10-14 19:00:00,RJPN-005-3,RJPN-005,Band 1 (2100MHz),-80.1,-14.3,10.9,72.0,42.9,156.2
2026-10-14 19:00:00,RJPN-006-1,RJPN-006,Band 3 (1800MHz),-83.6,-14.0,3.0,77.9,29.5,102.5
2026-10-14 19:00:00,RJPN-006-2,RJPN-006,Band 3 (1800MHz),-90.1,-13.2,17.0,89.0,27.1,126.9
2026-10-14 19:00:00,RJPN-006-3,RJPN-006,Band 3 (1800MHz),-85.0,-10.6,8.1,89.4,50.3,140.5
2026-10-14 19:00:00,RJPN-007-1,RJPN-007,Band 1 (2100MHz),-83.0,-13.8,23.0,59.9,39.7,136.0
2026-10-14 19:00:00,RJPN-007-2,RJPN-007,Band 1 (2100MHz),-85.1,-13.0,15.4,67.3,41.3,105.4
2026-10-14 19:00:00,RJPN-007-3,RJPN-007,Band 1 (2100MHz),-85.0,-10.8,15.2,73.8,41.3,96.7
2026-10-14 19:00:00,RJPN-008-1,RJPN-008,Band 3 (1800MHz),-86.2,-10.9,14.4,62.7,37.9,120.9
2026-10-14 19:00:00,RJPN-008-2,RJPN-008,Band 3 (1800MHz),-80.8,-9.0,12.3,65.7,30.9,133.1
2026-10-14 19:00:00,RJPN-008-3,RJPN-008,Band 3 (1800MHz),-86.3,-11.7,14.5,66.4,36.7,104.4
2026-10-14 19:00:00,RJPN-009-1,RJPN-009,Band 1 (2100MHz),-86.3,-16.0,17.7,77.6,43.2,90.9
2026-10-14 19:00:00,RJPN-009-2,RJPN-009,Band 1 (2100MHz),-83.9,-13.6,13.2,84.9,46.3,99.6
2026-10-14 19:00:00,RJPN-009-3,RJPN-009,Band 1 (2100MHz),-87.7,-14.1,15.5,68.0,43.0,124.5
2026-10-14 19:00:00,RJPN-010-1,RJPN-010,Band 3 (1800MHz),-86.9,-13.5,13.6,53.7,31.9,103.4
2026-10-14 19:00:00,RJPN-010-2,RJPN-010,Band 3 (1800MHz),-80.3,-15.4,10.2,87.5,25.3,110.0
2026-10-14 19:00:00,RJPN-010-3,RJPN-010,Band 3 (1800MHz),-79.4,-11.7,15.4,62.5,54.0,123.1
2026-10-14 19:00:00,RJPN-011-1,RJPN-011,Band 1 (2100MHz),-83.0,-12.8,17.6,66.3,49.5,135.2
2026-10-14 19:00:00,RJPN-011-2,RJPN-011,Band 1 (2100MHz),-101.7,-14.3,4.3,80.2,50.6,125.8
2026-10-14 19:00:00,RJPN-011-3,RJPN-011,Band 1 (2100MHz),-104.5,-17.6,17.2,61.7,62.0,96.4
2026-10-14 20:00:00,RJPN-001-1,RJPN-001,Band 1 (2100MHz),-87.3,-12.3,7.2,75.9,37.6,128.8
2026-10-14 20:00:00,RJPN-001-2,RJPN-001,Band 1 (2100MHz),-78.4,-10.6,15.0,52.1,40.5,94.0
2026-10-14 20:00:00,RJPN-001-3,RJPN-001,Band 1 (2100MHz),-88.1,-10.4,11.6,87.2,42.3,111.5
2026-10-14 20:00:00,RJPN-002-1,RJPN-002,Band 3 (1800MHz),-87.5,-13.6,14.7,52.3,40.3,124.1
2026-10-14 20:00:00,RJPN-002-2,RJPN-002,Band 3 (1800MHz),-98.2,-18.2,8.7,64.4,47.7,142.3
2026-10-14 20:00:00,RJPN-002-3,RJPN-002,Band 3 (1800MHz),-79.8,-9.4,11.0,68.0,39.3,121.6
2026-10-14 20:00:00,RJPN-003-1,RJPN-003,Band 1 (2100MHz),-80.6,-9.8,12.7,65.6,43.0,133.5
2026-10-14 20:00:00,RJPN-003-2,RJPN-003,Band 1 (2100MHz),-85.8,-9.8,13.3,61.7,15.3,112.6
2026-10-14 20:00:00,RJPN-003-3,RJPN-003,Band 1 (2100MHz),-86.8,-13.2,23.3,59.2,47.8,124.2
2026-10-14 20:00:00,RJPN-004-1,RJPN-004,Band 3 (1800MHz),-89.7,-11.4,9.1,67.4,23.4,108.5
2026-10-14 20:00:00,RJPN-004-2,RJPN-004,Band 3 (1800MHz),-88.4,-9.3,15.9,72.2,46.0,108.5
2026-10-14 20:00:00,RJPN-004-3,RJPN-004,Band 3 (1800MHz),-81.7,-10.7,9.8,21.3,46.1,93.5
2026-10-14 20:00:00,RJPN-005-1,RJPN-005,Band 1 (2100MHz),-76.1,-9.7,17.1,68.7,32.6,97.9
2026-10-14 20:00:00,RJPN-005-2,RJPN-005,Band 1 (2100MHz),-86.6,-15.1,5.8,70.0,34.9,100.1
2026-10-14 20:00:00,RJPN-005-3,RJPN-005,Band 1 (2100MHz),-85.5,-14.5,12.7,46.2,39.5,127.5
2026-10-14 20:00:00,RJPN-006-1,RJPN-006,Band 3 (1800MHz),-82.5,-9.7,10.7,62.0,56.6,79.2
2026-10-14 20:00:00,RJPN-006-2,RJPN-006,Band 3 (1800MHz),-91.6,-10.8,23.6,65.2,51.9,93.9
2026-10-14 20:00:00,RJPN-006-3,RJPN-006,Band 3 (1800MHz),-84.8,-10.9,12.6,79.2,42.8,108.7
2026-10-14 20:00:00,RJPN-007-1,RJPN-007,Band 1 (2100MHz),-88.5,-8.6,9.1,75.3,37.0,91.3
2026-10-14 20:00:00,RJPN-007-2,RJPN-007,Band 1 (2100MHz),-82.5,-9.0,6.4,69.6,24.1,148.5
2026-10-14 20:00:00,RJPN-007-3,RJPN-007,Band 1 (2100MHz),-84.7,-7.7,10.0,47.1,36.4,100.9
2026-10-14 20:00:00,RJPN-008-1,RJPN-008,Band 3 (1800MHz),-80.7,-11.9,10.5,37.2,40.0,122.7
2026-10-14 20:00:00,RJPN-008-2,RJPN-008,Band 3 (1800MHz),-86.7,-6.2,11.0,64.2,43.5,80.3
2026-10-14 20:00:00,RJPN-008-3,RJPN-008,Band 3 (1800MHz),-78.6,-8.9,14.1,78.2,44.4,80.8
2026-10-14 20:00:00,RJPN-009-1,RJPN-009,Band 1 (2100MHz),-87.4,-11.6,10.3,42.2,34.9,90.5
2026-10-14 20:00:00,RJPN-009-2,RJPN-009,Band 1 (2100MHz),-83.6,-10.1,10.0,56.8,51.1,113.3
2026-10-14 20:00:00,RJPN-009-3,RJPN-009,Band 1 (2100MHz),-77.0,-11.1,17.5,81.8,37.6,78.4
2026-10-14 20:00:00,RJPN-010-1,RJPN-010,Band 3 (1800MHz),-84.2,-10.9,12.9,74.3,26.1,106.3
2026-10-14 20:00:00,RJPN-010-2,RJPN-010,Band 3 (1800MHz),-89.6,-13.9,10.2,69.8,28.9,105.1
2026-10-14 20:00:00,RJPN-010-3,RJPN-010,Band 3 (1800MHz),-80.6,-10.4,12.6,51.8,45.3,72.4
2026-10-14 20:00:00,RJPN-011-1,RJPN-011,Band 1 (2100MHz),-91.7,-8.2,11.1,62.2,41.9,81.8
2026-10-14 20:00:00,RJPN-011-2,RJPN-011,Band 1 (2100MHz),-109.0,-14.4,-0.5,68.6,35.8,86.3
2026-10-14 20:00:00,RJPN-011-3,RJPN-011,Band 1 (2100MHz),-92.2,-13.9,-4.8,68.6,28.2,109.3
2026-10-14 21:00:00,RJPN-001-1,RJPN-001,Band 1 (2100MHz),-79.3,-11.7,9.2,11.3,6.9,45.9
2026-10-14 21:00:00,RJPN-001-2,RJPN-001,Band 1 (2100MHz),-91.2,-8.0,12.1,24.0,13.1,55.4
2026-10-14 21:00:00,RJPN-001-3,RJPN-001,Band 1 (2100MHz),-94.4,-6.6,18.1,23.3,0.0,3.5
2026-10-14 21:00:00,RJPN-002-1,RJPN-002,Band 3 (1800MHz),-89.5,-7.2,6.2,5.6,1.9,32.6
2026-10-14 21:00:00,RJPN-002-2,RJPN-002,Band 3 (1800MHz),-93.9,-15.1,5.4,11.0,5.4,24.0
2026-10-14 21:00:00,RJPN-002-3,RJPN-002,Band 3 (1800MHz),-81.7,-10.6,7.1,17.2,18.9,37.6
2026-10-14 21:00:00,RJPN-003-1,RJPN-003,Band 1 (2100MHz),-83.9,-5.4,14.5,7.4,17.9,40.0
2026-10-14 21:00:00,RJPN-003-2,RJPN-003,Band 1 (2100MHz),-83.7,-8.9,13.5,23.2,4.8,30.9
2026-10-14 21:00:00,RJPN-003-3,RJPN-003,Band 1 (2100MHz),-84.7,-7.2,10.5,4.6,0.0,27.5
2026-10-14 21:00:00,RJPN-004-1,RJPN-004,Band 3 (1800MHz),-86.6,-9.4,16.4,17.2,7.0,13.3
2026-10-14 21:00:00,RJPN-004-2,RJPN-004,Band 3 (1800MHz),-85.4,-4.3,11.0,16.8,0.0,55.8
2026-10-14 21:00:00,RJPN-004-3,RJPN-004,Band 3 (1800MHz),-81.2,-5.8,21.2,23.7,0.0,29.3
2026-10-14 21:00:00,RJPN-005-1,RJPN-005,Band 1 (2100MHz),-81.0,-8.6,9.2,3.9,0.0,19.2
2026-10-14 21:00:00,RJPN-005-2,RJPN-005,Band 1 (2100MHz),-91.2,-8.1,14.2,14.7,13.5,60.8
2026-10-14 21:00:00,RJPN-005-3,RJPN-005,Band 1 (2100MHz),-88.1,-8.4,14.7,3.9,0.0,18.7
2026-10-14 21:00:00,RJPN-006-1,RJPN-006,Band 3 (1800MHz),-81.8,-6.4,12.7,7.3,11.6,21.5
2026-10-14 21:00:00,RJPN-006-2,RJPN-006,Band 3 (1800MHz),-87.9,-9.1,15.2,30.2,8.2,28.9
2026-10-14 21:00:00,RJPN-006-3,RJPN-006,Band 3 (1800MHz),-81.6,-7.7,19.2,10.5,5.1,34.0
2026-10-14 21:00:00,RJPN-007-1,RJPN-007,Band 1 (2100MHz),-90.8,-9.6,17.3,24.3,0.5,34.1
2026-10-14 21:00:00,RJPN-007-2,RJPN-007,Band 1 (2100MHz),-88.5,-7.1,6.5,11.7,17.1,13.2
2026-10-14 21:00:00,RJPN-007-3,RJPN-007,Band 1 (2100MHz),-83.7,-8.9,6.5,15.7,13.8,34.9
2026-10-14 21:00:00,RJPN-008-1,RJPN-008,Band 3 (1800MHz),-85.7,-9.3,6.7,14.2,13.7,43.8
2026-10-14 21:00:00,RJPN-008-2,RJPN-008,Band 3 (1800MHz),-84.0,-10.6,13.0,31.6,16.1,15.7
2026-10-14 21:00:00,RJPN-008-3,RJPN-008,Band 3 (1800MHz),-84.9,-8.7,16.3,2.1,0.3,40.4
2026-10-14 21:00:00,RJPN-009-1,RJPN-009,Band 1 (2100MHz),-86.7,-6.2,13.2,26.1,2.9,10.0
2026-10-14 21:00:00,RJPN-009-2,RJPN-009,Band 1 (2100MHz),-85.4,-10.6,18.5,6.8,21.5,13.0
2026-10-14 21:00:00,RJPN-009-3,RJPN-009,Band 1 (2100MHz),-86.2,-13.1,16.5,17.6,23.6,44.7
2026-10-14 21:00:00,RJPN-010-1,RJPN-010,Band 3 (1800MHz),-90.7,-6.4,6.1,33.1,18.5,23.2
2026-10-14 21:00:00,RJPN-010-2,RJPN-010,Band 3 (1800MHz),-79.8,-8.9,12.2,25.2,17.9,23.5
2026-10-14 21:00:00,RJPN-010-3,RJPN-010,Band 3 (1800MHz),-87.3,-10.6,4.6,31.7,3.4,34.2
2026-10-14 21:00:00,RJPN-011-1,RJPN-011,Band 1 (2100MHz),-86.6,-7.8,17.3,17.5,10.0,0.0
2026-10-14 21:00:00,RJPN-011-2,RJPN-011,Band 1 (2100MHz),-105.3,-12.2,0.2,0.0,8.8,0.0
2026-10-14 21:00:00,RJPN-011-3,RJPN-011,Band 1 (2100MHz),-93.5,-11.7,7.3,36.5,20.6,39.7
2026-10-14 22:00:00,RJPN-001-1,RJPN-001,Band 1 (2100MHz),-84.2,-9.6,12.4,21.5,1.2,20.3
2026-10-14 22:00:00,RJPN-001-2,RJPN-001,Band 1 (2100MHz),-84.0,-7.7,14.8,0.0,0.0,56.0
2026-10-14 22:00:00,RJPN-001-3,RJPN-001,Band 1 (2100MHz),-89.9,-7.0,13.4,10.2,13.8,8.7
2026-10-14 22:00:00,RJPN-002-1,RJPN-002,Band 3 (1800MHz),-86.0,-10.1,16.5,1.6,13.1,0.0
2026-10-14 22:00:00,RJPN-002-2,RJPN-002,Band 3 (1800MHz),-100.2,-8.3,9.2,23.2,19.9,0.0
2026-10-14 22:00:00,RJPN-002-3,RJPN-002,Band 3 (1800MHz),-91.9,-7.5,20.1,9.0,16.7,0.0
2026-10-14 22:00:00,RJPN-003-1,RJPN-003,Band 1 (2100MHz),-87.2,-6.4,18.7,0.0,0.0,0.0
2026-10-14 22:00:00,RJPN-003-2,RJPN-003,Band 1 (2100MHz),-85.0,-14.0,8.2,24.2,0.0,0.0
2026-10-14 22:00:00,RJPN-003-3,RJPN-003,Band 1 (2100MHz),-83.3,-9.8,15.8,15.8,13.0,14.8
2026-10-14 22:00:00,RJPN-004-1,RJPN-004,Band 3 (1800MHz),-85.9,-6.3,17.9,23.7,21.2,14.2
2026-10-14 22:00:00,RJPN-004-2,RJPN-004,Band 3 (1800MHz),-84.4,-7.3,12.6,8.9,25.4,12.9
2026-10-14 22:00:00,RJPN-004-3,RJPN-004,Band 3 (1800MHz),-85.0,-8.4,17.5,14.6,10.9,8.9
2026-10-14 22:00:00,RJPN-005-1,RJPN-005,Band 1 (2100MHz),-89.1,-5.2,6.6,0.0,7.0,0.0
2026-10-14 22:00:00,RJPN-005-2,RJPN-005,Band 1 (2100MHz),-90.1,-3.3,11.2,9.5,0.0,0.0
2026-10-14 22:00:00,RJPN-005-3,RJPN-005,Band 1 (2100MHz),-82.3,-13.1,9.0,19.2,14.9,21.7
2026-10-14 22:00:00,RJPN-006-1,RJPN-006,Band 3 (1800MHz),-86.2,-8.2,10.4,4.4,0.9,25.3
2026-10-14 22:00:00,RJPN-006-2,RJPN-006,Band 3 (1800MHz),-87.2,-5.9,10.9,0.0,11.8,36.2
2026-10-14 22:00:00,RJPN-006-3,RJPN-006,Band 3 (1800MHz),-91.6,-3.9,7.4,19.9,2.4,28.4
2026-10-14 22:00:00,RJPN-007-1,RJPN-007,Band 1 (2100MHz),-92.6,-9.5,12.9,0.0,17.0,0.0
2026-10-14 22:00:00,RJPN-007-2,RJPN-007,Band 1 (2100MHz),-82.9,-10.5,20.2,7.7,1.9,25.1
2026-10-14 22:00:00,RJPN-007-3,RJPN-007,Band 1 (2100MHz),-87.3,-4.5,21.9,9.8,4.9,24.1
2026-10-14 22:00:00,RJPN-008-1,RJPN-008,Band 3 (1800MHz),-89.1,-6.1,14.2,0.0,0.0,14.6
2026-10-14 22:00:00,RJPN-008-2,RJPN-008,Band 3 (1800MHz),-88.5,-7.3,16.0,0.0,16.2,0.0
2026-10-14 22:00:00,RJPN-008-3,RJPN-008,Band 3 (1800MHz),-83.5,-10.8,14.6,15.1,1.5,31.1
2026-10-14 22:00:00,RJPN-009-1,RJPN-009,Band 1 (2100MHz),-92.0,-7.6,12.5,2.3,0.0,18.3
2026-10-14 22:00:00,RJPN-009-2,RJPN-009,Band 1 (2100MHz),-87.1,-5.8,17.6,0.0,16.5,0.0
2026-10-14 22:00:00,RJPN-009-3,RJPN-009,Band 1 (2100MHz),-87.8,-9.6,8.7,30.3,0.0,35.4
2026-10-14 22:00:00,RJPN-010-1,RJPN-010,Band 3 (1800MHz),-78.1,-7.1,5.7,14.8,0.0,40.1
2026-10-14 22:00:00,RJPN-010-2,RJPN-010,Band 3 (1800MHz),-88.7,-11.3,27.0,15.9,16.1,26.6
2026-10-14 22:00:00,RJPN-010-3,RJPN-010,Band 3 (1800MHz),-89.0,-6.4,5.1,2.1,0.0,9.2
2026-10-14 22:00:00,RJPN-011-1,RJPN-011,Band 1 (2100MHz),-82.7,-9.8,13.5,5.9,3.6,0.0
2026-10-14 22:00:00,RJPN-011-2,RJPN-011,Band 1 (2100MHz),-95.6,-10.3,-6.4,5.8,6.0,16.3
2026-10-14 22:00:00,RJPN-011-3,RJPN-011,Band 1 (2100MHz),-101.1,-12.5,2.5,0.0,10.8,0.0
2026-10-14 23:00:00,RJPN-001-1,RJPN-001,Band 1 (2100MHz),-87.7,-6.3,9.7,13.9,0.0,3.1
2026-10-14 23:00:00,RJPN-001-2,RJPN-001,Band 1 (2100MHz),-78.1,-6.3,11.4,18.2,15.7,0.0
2026-10-14 23:00:00,RJPN-001-3,RJPN-001,Band 1 (2100MHz),-83.5,-7.5,20.2,0.0,6.2,3.9
2026-10-14 23:00:00,RJPN-002-1,RJPN-002,Band 3 (1800MHz),-79.5,-3.5,13.6,0.0,0.0,5.6
2026-10-14 23:00:00,RJPN-002-2,RJPN-002,Band 3 (1800MHz),-98.0,-14.7,5.0,20.6,6.2,0.0
2026-10-14 23:00:00,RJPN-002-3,RJPN-002,Band 3 (1800MHz),-88.0,-10.2,14.9,18.5,15.0,0.0
2026-10-14 23:00:00,RJPN-003-1,RJPN-003,Band 1 (2100MHz),-85.8,-9.3,19.0,25.8,3.5,27.9
2026-10-14 23:00:00,RJPN-003-2,RJPN-003,Band 1 (2100MHz),-84.1,-8.6,7.2,0.0,9.2,10.9
2026-10-14 23:00:00,RJPN-003-3,RJPN-003,Band 1 (2100MHz),-88.0,-8.4,13.5,0.0,18.0,31.6
2026-10-14 23:00:00,RJPN-004-1,RJPN-004,Band 3 (1800MHz),-83.7,-6.8,6.2,12.5,8.9,2.3
2026-10-14 23:00:00,RJPN-004-2,RJPN-004,Band 3 (1800MHz),-81.4,-12.6,13.9,1.6,10.1,12.9
2026-10-14 23:00:00,RJPN-004-3,RJPN-004,Band 3 (1800MHz),-77.8,-8.1,11.3,0.0,0.0,12.1
2026-10-14 23:00:00,RJPN-005-1,RJPN-005,Band 1 (2100MHz),-77.7,-8.4,6.9,20.6,0.8,8.5
2026-10-14 23:00:00,RJPN-005-2,RJPN-005,Band 1 (2100MHz),-86.6,-9.5,7.6,15.5,0.0,4.2
2026-10-14 23:00:00,RJPN-005-3,RJPN-005,Band 1 (2100MHz),-84.2,-9.4,8.7,18.9,12.1,18.4
2026-10-14 23:00:00,RJPN-006-1,RJPN-006,Band 3 (1800MHz),-82.5,-7.5,13.1,1.6,0.3,0.0
2026-10-14 23:00:00,RJPN-006-2,RJPN-006,Band 3 (1800MHz),-84.7,-8.7,9.9,0.0,0.0,41.1
2026-10-14 23:00:00,RJPN-006-3,RJPN-006,Band 3 (1800MHz),-84.2,-7.2,6.1,0.0,16.0,18.5
2026-10-14 23:00:00,RJPN-007-1,RJPN-007,Band 1 (2100MHz),-85.6,-9.2,16.8,0.0,1.8,22.6
2026-10-14 23:00:00,RJPN-007-2,RJPN-007,Band 1 (2100MHz),-87.8,-5.4,7.2,0.0,3.8,0.0
2026-10-14 23:00:00,RJPN-007-3,RJPN-007,Band 1 (2100MHz),-86.7,-3.7,7.3,15.0,6.0,19.2
2026-10-14 23:00:00,RJPN-008-1,RJPN-008,Band 3 (1800MHz),-86.6,-5.1,4.1,0.0,0.0,1.4
2026-10-14 23:00:00,RJPN-008-2,RJPN-008,Band 3 (1800MHz),-81.3,-8.1,9.1,0.0,7.5,27.0
2026-10-14 23:00:00,RJPN-008-3,RJPN-008,Band 3 (1800MHz),-78.9,-8.5,15.0,15.8,19.0,0.0
2026-10-14 23:00:00,RJPN-009-1,RJPN-009,Band 1 (2100MHz),-81.7,-9.1,8.0,4.2,0.0,18.4
2026-10-14 23:00:00,RJPN-009-2,RJPN-009,Band 1 (2100MHz),-92.0,-6.6,12.0,13.6,15.9,10.6
2026-10-14 23:00:00,RJPN-009-3,RJPN-009,Band 1 (2100MHz),-82.8,-8.8,1.6,5.2,17.7,0.0
2026-10-14 23:00:00,RJPN-010-1,RJPN-010,Band 3 (1800MHz),-83.6,-6.2,10.0,13.6,0.0,56.0
2026-10-14 23:00:00,RJPN-010-2,RJPN-010,Band 3 (1800MHz),-92.6,-10.8,5.4,22.8,5.6,64.4
2026-10-14 23:00:00,RJPN-010-3,RJPN-010,Band 3 (1800MHz),-84.0,-10.9,8.5,3.1,0.0,50.4
2026-10-14 23:00:00,RJPN-011-1,RJPN-011,Band 1 (2100MHz),-86.8,-8.8,8.1,0.0,16.8,30.0
2026-10-14 23:00:00,RJPN-011-2,RJPN-011,Band 1 (2100MHz),-98.7,-13.0,-2.6,0.0,4.8,0.0
2026-10-14 23:00:00,RJPN-011-3,RJPN-011,Band 1 (2100MHz),-94.6,-15.0,3.6,28.4,1.5,3.7
2026-10-15 00:00:00,RJPN-001-1,RJPN-001,Band 1 (2100MHz),-82.9,-4.8,13.0,6.3,4.3,28.6
2026-10-15 00:00:00,RJPN-001-2,RJPN-001,Band 1 (2100MHz),-82.1,-10.4,10.1,8.5,7.0,67.0
2026-10-15 00:00:00,RJPN-001-3,RJPN-001,Band 1 (2100MHz),-87.0,-7.4,18.3,21.7,5.2,21.9
2026-10-15 00:00:00,RJPN-002-1,RJPN-002,Band 3 (1800MHz),-84.8,-6.0,18.2,31.4,2.0,14.5
2026-10-15 00:00:00,RJPN-002-2,RJPN-002,Band 3 (1800MHz),-95.5,-12.6,9.4,0.0,10.9,18.1
2026-10-15 00:00:00,RJPN-002-3,RJPN-002,Band 3 (1800MHz),-83.3,-7.2,10.4,0.0,0.0,0.0
2026-10-15 00:00:00,RJPN-003-1,RJPN-003,Band 1 (2100MHz),-88.5,-2.7,6.1,16.6,0.0,12.4
2026-10-15 00:00:00,RJPN-003-2,RJPN-003,Band 1 (2100MHz),-86.0,-9.6,13.1,17.6,0.0,0.0
2026-10-15 00:00:00,RJPN-003-3,RJPN-003,Band 1 (2100MHz),-78.7,-6.1,20.7,9.3,19.5,42.8
2026-10-15 00:00:00,RJPN-004-1,RJPN-004,Band 3 (1800MHz),-80.8,-3.8,0.7,3.3,4.2,25.6
2026-10-15 00:00:00,RJPN-004-2,RJPN-004,Band 3 (1800MHz),-89.4,-9.4,11.2,30.9,6.8,34.3
2026-10-15 00:00:00,RJPN-004-3,RJPN-004,Band 3 (1800MHz),-79.4,-7.6,6.6,10.6,0.0,43.5
2026-10-15 00:00:00,RJPN-005-1,RJPN-005,Band 1 (2100MHz),-84.0,-10.6,10.8,20.0,0.0,12.4
2026-10-15 00:00:00,RJPN-005-2,RJPN-005,Band 1 (2100MHz),-91.3,-8.3,4.5,7.3,15.0,0.0
2026-10-15 00:00:00,RJPN-005-3,RJPN-005,Band 1 (2100MHz),-83.9,-10.2,15.1,11.6,4.4,3.4
2026-10-15 00:00:00,RJPN-006-1,RJPN-006,Band 3 (1800MHz),-89.8,-9.5,2.4,1.8,0.0,52.8
2026-10-15 00:00:00,RJPN-006-2,RJPN-006,Band 3 (1800MHz),-84.9,-8.6,20.3,5.1,0.0,13.4
2026-10-15 00:00:00,RJPN-006-3,RJPN-006,Band 3 (1800MHz),-85.7,-7.7,9.9,25.5,0.0,4.6
2026-10-15 00:00:00,RJPN-007-1,RJPN-007,Band 1 (2100MHz),-84.9,-5.3,12.3,5.6,3.7,0.0
2026-10-15 00:00:00,RJPN-007-2,RJPN-007,Band 1 (2100MHz),-85.7,-7.5,9.8,14.5,13.6,29.4
2026-10-15 00:00:00,RJPN-007-3,RJPN-007,Band 1 (2100MHz),-88.9,-6.1,19.2,0.0,10.9,0.0
2026-10-15 00:00:00,RJPN-008-1,RJPN-008,Band 3 (1800MHz),-89.8,-5.1,13.6,0.0,0.0,23.6
2026-10-15 00:00:00,RJPN-008-2,RJPN-008,Band 3 (1800MHz),-92.6,-9.2,13.5,17.5,0.0,0.0
2026-10-15 00:00:00,RJPN-008-3,RJPN-008,Band 3 (1800MHz),-80.0,-12.4,12.3,11.1,8.7,0.0
2026-10-15 00:00:00,RJPN-009-1,RJPN-009,Band 1 (2100MHz),-86.9,-9.3,12.7,12.0,10.9,37.5
2026-10-15 00:00:00,RJPN-009-2,RJPN-009,Band 1 (2100MHz),-79.4,-10.3,15.5,13.1,3.5,31.6
2026-10-15 00:00:00,RJPN-009-3,RJPN-009,Band 1 (2100MHz),-82.3,-6.5,11.1,0.9,0.0,0.0
2026-10-15 00:00:00,RJPN-010-1,RJPN-010,Band 3 (1800MHz),-81.3,-8.9,12.5,0.0,10.7,0.0
2026-10-15 00:00:00,RJPN-010-2,RJPN-010,Band 3 (1800MHz),-83.6,-7.3,14.8,7.5,0.0,0.0
2026-10-15 00:00:00,RJPN-010-3,RJPN-010,Band 3 (1800MHz),-81.6,-11.1,12.4,0.0,5.2,54.4
2026-10-15 00:00:00,RJPN-011-1,RJPN-011,Band 1 (2100MHz),-90.1,-8.1,7.8,14.2,0.0,7.9
2026-10-15 00:00:00,RJPN-011-2,RJPN-011,Band 1 (2100MHz),-95.3,-15.7,4.2,3.5,7.3,20.9
2026-10-15 00:00:00,RJPN-011-3,RJPN-011,Band 1 (2100MHz),-103.9,-11.6,2.7,0.0,0.0,40.7
2026-10-15 01:00:00,RJPN-001-1,RJPN-001,Band 1 (2100MHz),-86.6,-7.3,16.3,2.5,0.0,80.3
2026-10-15 01:00:00,RJPN-001-2,RJPN-001,Band 1 (2100MHz),-84.6,-9.4,7.3,28.4,8.0,16.4
2026-10-15 01:00:00,RJPN-001-3,RJPN-001,Band 1 (2100MHz),-85.9,-7.8,14.0,10.9,2.9,18.2
2026-10-15 01:00:00,RJPN-002-1,RJPN-002,Band 3 (1800MHz),-82.6,-8.2,11.9,23.1,0.0,40.0
2026-10-15 01:00:00,RJPN-002-2,RJPN-002,Band 3 (1800MHz),-98.7,-9.2,11.1,0.0,0.0,71.0
2026-10-15 01:00:00,RJPN-002-3,RJPN-002,Band 3 (1800MHz),-90.1,-7.3,9.8,16.7,0.0,0.0
2026-10-15 01:00:00,RJPN-003-1,RJPN-003,Band 1 (2100MHz),-84.8,-6.9,17.8,14.6,14.2,0.0
2026-10-15 01:00:00,RJPN-003-2,RJPN-003,Band 1 (2100MHz),-87.8,-10.2,8.3,0.0,0.0,0.0
2026-10-15 01:00:00,RJPN-003-3,RJPN-003,Band 1 (2100MHz),-82.1,-8.5,6.1,0.0,17.7,0.0
2026-10-15 01:00:00,RJPN-004-1,RJPN-004,Band 3 (1800MHz),-70.9,-9.3,21.7,0.0,0.0,31.2
2026-10-15 01:00:00,RJPN-004-2,RJPN-004,Band 3 (1800MHz),-89.5,-9.0,21.7,15.1,9.1,0.0
2026-10-15 01:00:00,RJPN-004-3,RJPN-004,Band 3 (1800MHz),-90.5,-8.6,18.3,0.0,0.0,12.0
2026-10-15 01:00:00,RJPN-005-1,RJPN-005,Band 1 (2100MHz),-79.9,-5.8,1.4,26.8,0.0,16.7
2026-10-15 01:00:00,RJPN-005-2,RJPN-005,Band 1 (2100MHz),-83.9,-9.7,15.9,0.0,0.0,0.0
2026-10-15 01:00:00,RJPN-005-3,RJPN-005,Band 1 (2100MHz),-85.1,-6.7,13.5,0.0,8.2,0.0
2026-10-15 01:00:00,RJPN-006-1,RJPN-006,Band 3 (1800MHz),-83.2,-9.5,20.0,0.0,8.5,26.5
2026-10-15 01:00:00,RJPN-006-2,RJPN-006,Band 3 (1800MHz),-85.4,-7.7,9.9,0.0,11.6,11.7
2026-10-15 01:00:00,RJPN-006-3,RJPN-006,Band 3 (1800MHz),-87.1,-8.1,17.2,3.9,0.0,7.6
2026-10-15 01:00:00,RJPN-007-1,RJPN-007,Band 1 (2100MHz),-86.0,-6.4,2.1,23.8,0.0,1.8
2026-10-15 01:00:00,RJPN-007-2,RJPN-007,Band 1 (2100MHz),-80.1,-7.2,20.5,7.3,7.3,85.6
2026-10-15 01:00:00,RJPN-007-3,RJPN-007,Band 1 (2100MHz),-83.5,-8.2,10.4,12.5,3.1,0.0
2026-10-15 01:00:00,RJPN-008-1,RJPN-008,Band 3 (1800MHz),-88.8,-7.1,17.6,21.8,2.6,15.6
2026-10-15 01:00:00,RJPN-008-2,RJPN-008,Band 3 (1800MHz),-91.9,-8.8,13.0,25.9,9.0,17.6
2026-10-15 01:00:00,RJPN-008-3,RJPN-008,Band 3 (1800MHz),-78.1,-9.0,12.7,0.0,26.7,0.0
2026-10-15 01:00:00,RJPN-009-1,RJPN-009,Band 1 (2100MHz),-87.8,-10.2,5.8,15.6,8.4,19.5
2026-10-15 01:00:00,RJPN-009-2,RJPN-009,Band 1 (2100MHz),-84.4,-11.3,21.9,5.4,2.9,7.6
2026-10-15 01:00:00,RJPN-009-3,RJPN-009,Band 1 (2100MHz),-83.1,-7.6,9.8,13.8,0.0,61.9
2026-10-15 01:00:00,RJPN-010-1,RJPN-010,Band 3 (1800MHz),-77.1,-4.9,10.4,0.0,0.0,0.0
2026-10-15 01:00:00,RJPN-010-2,RJPN-010,Band 3 (1800MHz),-81.9,-8.6,10.1,4.1,3.0,17.8
2026-10-15 01:00:00,RJPN-010-3,RJPN-010,Band 3 (1800MHz),-94.8,-10.2,2.6,21.9,18.9,5.7
2026-10-15 01:00:00,RJPN-011-1,RJPN-011,Band 1 (2100MHz),-80.9,-7.3,10.8,16.6,0.0,1.6
2026-10-15 01:00:00,RJPN-011-2,RJPN-011,Band 1 (2100MHz),-102.0,-12.3,-0.6,0.0,2.8,19.1
2026-10-15 01:00:00,RJPN-011-3,RJPN-011,Band 1 (2100MHz),-96.4,-11.2,4.7,11.0,8.3,4.2
2026-10-15 02:00:00,RJPN-001-1,RJPN-001,Band 1 (2100MHz),-90.2,-10.1,9.4,13.7,8.2,0.0
2026-10-15 02:00:00,RJPN-001-2,RJPN-001,Band 1 (2100MHz),-83.9,-7.7,17.8,11.0,10.9,27.3
2026-10-15 02:00:00,RJPN-001-3,RJPN-001,Band 1 (2100MHz),-88.6,-7.4,11.3,12.6,28.4,10.3
2026-10-15 02:00:00,RJPN-002-1,RJPN-002,Band 3 (1800MHz),-74.7,-2.5,13.7,0.0,5.4,4.9
2026-10-15 02:00:00,RJPN-002-2,RJPN-002,Band 3 (1800MHz),-90.3,-11.2,9.0,16.0,9.5,12.2
2026-10-15 02:00:00,RJPN-002-3,RJPN-002,Band 3 (1800MHz),-87.4,-9.6,17.1,5.9,13.2,50.0
2026-10-15 02:00:00,RJPN-003-1,RJPN-003,Band 1 (2100MHz),-85.3,-11.0,16.3,1.8,17.7,14.8
2026-10-15 02:00:00,RJPN-003-2,RJPN-003,Band 1 (2100MHz),-82.9,-8.2,10.3,23.8,12.3,39.9
2026-10-15 02:00:00,RJPN-003-3,RJPN-003,Band 1 (2100MHz),-85.3,-7.2,5.5,0.0,10.4,0.0
2026-10-15 02:00:00,RJPN-004-1,RJPN-004,Band 3 (1800MHz),-84.0,-6.7,8.6,0.0,14.9,34.8
2026-10-15 02:00:00,RJPN-004-2,RJPN-004,Band 3 (1800MHz),-85.0,-7.2,12.6,4.9,18.8,12.1
2026-10-15 02:00:00,RJPN-004-3,RJPN-004,Band 3 (1800MHz),-82.9,-7.8,14.9,0.0,13.6,23.4
2026-10-15 02:00:00,RJPN-005-1,RJPN-005,Band 1 (2100MHz),-87.8,-3.0,24.0,0.0,28.7,0.0
2026-10-15 02:00:00,RJPN-005-2,RJPN-005,Band 1 (2100MHz),-88.4,-9.0,10.5,2.9,1.0,11.7
2026-10-15 02:00:00,RJPN-005-3,RJPN-005,Band 1 (2100MHz),-88.7,-9.0,13.7,12.0,4.3,0.0
2026-10-15 02:00:00,RJPN-006-1,RJPN-006,Band 3 (1800MHz),-89.9,-6.3,17.7,19.3,9.9,11.8
2026-10-15 02:00:00,RJPN-006-2,RJPN-006,Band 3 (1800MHz),-85.6,-13.3,18.9,13.5,15.4,3.6
2026-10-15 02:00:00,RJPN-006-3,RJPN-006,Band 3 (1800MHz),-85.5,-11.3,11.5,7.1,6.3,37.9
2026-10-15 02:00:00,RJPN-007-1,RJPN-007,Band 1 (2100MHz),-83.7,-5.8,16.2,0.0,0.0,24.6
2026-10-15 02:00:00,RJPN-007-2,RJPN-007,Band 1 (2100MHz),-84.8,-11.0,9.7,20.7,7.0,38.7
2026-10-15 02:00:00,RJPN-007-3,RJPN-007,Band 1 (2100MHz),-78.7,-6.2,6.7,17.5,15.8,11.5
2026-10-15 02:00:00,RJPN-008-1,RJPN-008,Band 3 (1800MHz),-83.3,-12.1,10.2,6.6,0.0,5.5
2026-10-15 02:00:00,RJPN-008-2,RJPN-008,Band 3 (1800MHz),-83.7,-7.9,17.2,8.4,0.0,29.0
2026-10-15 02:00:00,RJPN-008-3,RJPN-008,Band 3 (1800MHz),-85.4,-12.1,16.7,23.3,0.0,10.2
2026-10-15 02:00:00,RJPN-009-1,RJPN-009,Band 1 (2100MHz),-87.2,-7.3,2.4,5.4,12.7,14.7
2026-10-15 02:00:00,RJPN-009-2,RJPN-009,Band 1 (2100MHz),-84.7,-7.6,9.1,6.4,9.0,45.0
2026-10-15 02:00:00,RJPN-009-3,RJPN-009,Band 1 (2100MHz),-78.2,-10.1,17.2,13.8,3.6,27.7
2026-10-15 02:00:00,RJPN-010-1,RJPN-010,Band 3 (1800MHz),-84.2,-9.2,14.2,11.8,0.0,0.0
2026-10-15 02:00:00,RJPN-010-2,RJPN-010,Band 3 (1800MHz),-86.9,-8.8,15.7,0.0,0.0,35.3
2026-10-15 02:00:00,RJPN-010-3,RJPN-010,Band 3 (1800MHz),-90.3,-5.8,6.7,3.0,0.0,35.4
2026-10-15 02:00:00,RJPN-011-1,RJPN-011,Band 1 (2100MHz),-80.3,-7.7,10.6,7.8,6.8,0.0
2026-10-15 02:00:00,RJPN-011-2,RJPN-011,Band 1 (2100MHz),-101.5,-11.4,7.5,5.1,0.0,50.0
2026-10-15 02:00:00,RJPN-011-3,RJPN-011,Band 1 (2100MHz),-94.4,-10.2,2.6,15.5,0.0,2.2
2026-10-15 03:00:00,RJPN-001-1,RJPN-001,Band 1 (2100MHz),-86.8,-7.2,9.3,0.5,2.4,41.6
2026-10-15 03:00:00,RJPN-001-2,RJPN-001,Band 1 (2100MHz),-81.8,-7.5,10.4,19.2,0.0,20.5
2026-10-15 03:00:00,RJPN-001-3,RJPN-001,Band 1 (2100MHz),-83.6,-7.9,8.6,31.2,16.1,50.4
2026-10-15 03:00:00,RJPN-002-1,RJPN-002,Band 3 (1800MHz),-75.9,-10.4,10.4,0.0,2.1,0.0
2026-10-15 03:00:00,RJPN-002-2,RJPN-002,Band 3 (1800MHz),-99.4,-7.7,2.0,1.8,0.0,32.0
2026-10-15 03:00:00,RJPN-002-3,RJPN-002,Band 3 (1800MHz),-86.8,-8.0,17.9,14.5,1.6,11.7
2026-10-15 03:00:00,RJPN-003-1,RJPN-003,Band 1 (2100MHz),-75.8,-6.8,10.2,2.9,0.0,60.4
2026-10-15 03:00:00,RJPN-003-2,RJPN-003,Band 1 (2100MHz),-80.2,-6.3,9.9,6.5,1.7,0.0
2026-10-15 03:00:00,RJPN-003-3,RJPN-003,Band 1 (2100MHz),-90.4,-6.5,2.2,10.5,13.1,15.2
2026-10-15 03:00:00,RJPN-004-1,RJPN-004,Band 3 (1800MHz),-85.8,-5.3,11.7,10.9,16.9,13.0
2026-10-15 03:00:00,RJPN-004-2,RJPN-004,Band 3 (1800MHz),-90.1,-8.2,15.9,11.4,0.0,19.9
2026-10-15 03:00:00,RJPN-004-3,RJPN-004,Band 3 (1800MHz),-82.4,-7.5,21.8,14.4,11.6,44.7
2026-10-15 03:00:00,RJPN-005-1,RJPN-005,Band 1 (2100MHz),-90.2,-9.2,10.8,9.9,0.0,10.6
2026-10-15 03:00:00,RJPN-005-2,RJPN-005,Band 1 (2100MHz),-83.6,-5.1,12.9,0.0,7.4,0.0
2026-10-15 03:00:00,RJPN-005-3,RJPN-005,Band 1 (2100MHz),-84.3,-2.8,10.0,24.0,24.5,0.0
2026-10-15 03:00:00,RJPN-006-1,RJPN-006,Band 3 (1800MHz),-80.0,-10.4,13.4,7.5,14.1,47.3
2026-10-15 03:00:00,RJPN-006-2,RJPN-006,Band 3 (1800MHz),-85.0,-10.1,11.1,0.0,22.1,4.9
2026-10-15 03:00:00,RJPN-006-3,RJPN-006,Band 3 (1800MHz),-88.5,-9.6,15.0,0.5,13.3,42.7
2026-10-15 03:00:00,RJPN-007-1,RJPN-007,Band 1 (2100MHz),-86.3,-11.4,15.4,11.2,1.3,40.8
2026-10-15 03:00:00,RJPN-007-2,RJPN-007,Band 1 (2100MHz),-85.3,-4.7,17.5,26.4,8.6,24.5
2026-10-15 03:00:00,RJPN-007-3,RJPN-007,Band 1 (2100MHz),-83.1,-8.6,15.7,0.0,0.8,22.7
2026-10-15 03:00:00,RJPN-008-1,RJPN-008,Band 3 (1800MHz),-86.6,-8.7,19.3,0.0,5.3,6.4
2026-10-15 03:00:00,RJPN-008-2,RJPN-008,Band 3 (1800MHz),-83.8,-6.8,19.3,0.0,19.8,0.0
2026-10-15 03:00:00,RJPN-008-3,RJPN-008,Band 3 (1800MHz),-91.1,-9.1,7.4,0.0,13.3,0.0
2026-10-15 03:00:00,RJPN-009-1,RJPN-009,Band 1 (2100MHz),-74.7,-7.2,5.3,14.9,8.6,0.0
2026-10-15 03:00:00,RJPN-009-2,RJPN-009,Band 1 (2100MHz),-86.5,-9.6,2.5,20.2,10.0,28.2
2026-10-15 03:00:00,RJPN-009-3,RJPN-009,Band 1 (2100MHz),-85.7,-7.8,14.8,0.0,8.7,0.0
2026-10-15 03:00:00,RJPN-010-1,RJPN-010,Band 3 (1800MHz),-90.2,-7.9,12.6,0.0,3.8,0.0
2026-10-15 03:00:00,RJPN-010-2,RJPN-010,Band 3 (1800MHz),-90.3,-6.4,13.6,10.8,9.9,16.1
2026-10-15 03:00:00,RJPN-010-3,RJPN-010,Band 3 (1800MHz),-81.6,-9.0,27.4,0.0,0.0,28.1
2026-10-15 03:00:00,RJPN-011-1,RJPN-011,Band 1 (2100MHz),-80.9,-8.4,7.3,21.9,0.3,6.9
2026-10-15 03:00:00,RJPN-011-2,RJPN-011,Band 1 (2100MHz),-100.1,-11.7,-2.7,23.6,14.8,0.0
2026-10-15 03:00:00,RJPN-011-3,RJPN-011,Band 1 (2100MHz),-100.6,-12.7,-1.7,1.8,18.4,13.9
2026-10-15 04:00:00,RJPN-001-1,RJPN-001,Band 1 (2100MHz),-81.5,-9.5,5.6,12.6,17.4,0.0
2026-10-15 04:00:00,RJPN-001-2,RJPN-001,Band 1 (2100MHz),-83.6,-3.0,14.3,2.6,0.0,32.7
2026-10-15 04:00:00,RJPN-001-3,RJPN-001,Band 1 (2100MHz),-93.1,-5.8,17.0,0.0,15.8,22.0
2026-10-15 04:00:00,RJPN-002-1,RJPN-002,Band 3 (1800MHz),-83.6,-5.3,14.9,1.2,14.7,7.4
2026-10-15 04:00:00,RJPN-002-2,RJPN-002,Band 3 (1800MHz),-97.2,-10.2,0.0,11.4,6.9,0.0
2026-10-15 04:00:00,RJPN-002-3,RJPN-002,Band 3 (1800MHz),-83.8,-7.0,11.1,0.0,0.0,46.0
2026-10-15 04:00:00,RJPN-003-1,RJPN-003,Band 1 (2100MHz),-84.4,-9.6,9.1,7.3,15.0,39.0
2026-10-15 04:00:00,RJPN-003-2,RJPN-003,Band 1 (2100MHz),-83.6,-5.4,9.8,13.9,0.0,6.2
2026-10-15 04:00:00,RJPN-003-3,RJPN-003,Band 1 (2100MHz),-82.5,-8.4,19.2,0.0,8.2,17.3
2026-10-15 04:00:00,RJPN-004-1,RJPN-004,Band 3 (1800MHz),-91.1,-8.5,10.8,0.0,0.0,0.0
2026-10-15 04:00:00,RJPN-004-2,RJPN-004,Band 3 (1800MHz),-86.7,-6.5,12.3,6.3,0.0,12.7
2026-10-15 04:00:00,RJPN-004-3,RJPN-004,Band 3 (1800MHz),-88.3,-9.4,24.3,0.0,6.1,14.7
2026-10-15 04:00:00,RJPN-005-1,RJPN-005,Band 1 (2100MHz),-79.4,-9.3,10.0,18.2,0.0,0.0
2026-10-15 04:00:00,RJPN-005-2,RJPN-005,Band 1 (2100MHz),-84.9,-2.5,18.1,6.9,5.4,0.0
2026-10-15 04:00:00,RJPN-005-3,RJPN-005,Band 1 (2100MHz),-83.6,-7.3,12.0,3.2,2.8,0.0
2026-10-15 04:00:00,RJPN-006-1,RJPN-006,Band 3 (1800MHz),-86.9,-4.5,7.6,4.4,0.0,12.8
2026-10-15 04:00:00,RJPN-006-2,RJPN-006,Band 3 (1800MHz),-86.6,-8.2,20.8,2.7,17.0,32.4
2026-10-15 04:00:00,RJPN-006-3,RJPN-006,Band 3 (1800MHz),-85.8,-7.4,10.6,3.8,15.7,34.7
2026-10-15 04:00:00,RJPN-007-1,RJPN-007,Band 1 (2100MHz),-94.8,-8.6,11.0,0.0,0.0,12.2
2026-10-15 04:00:00,RJPN-007-2,RJPN-007,Band 1 (2100MHz),-83.9,-7.0,9.5,0.0,1.7,7.8
2026-10-15 04:00:00,RJPN-007-3,RJPN-007,Band 1 (2100MHz),-88.0,-8.8,8.2,1.6,4.1,24.3
2026-10-15 04:00:00,RJPN-008-1,RJPN-008,Band 3 (1800MHz),-84.9,-5.5,23.0,0.0,0.0,24.5
2026-10-15 04:00:00,RJPN-008-2,RJPN-008,Band 3 (1800MHz),-79.9,-7.5,18.1,5.0,0.0,39.5
2026-10-15 04:00:00,RJPN-008-3,RJPN-008,Band 3 (1800MHz),-85.9,-7.1,3.3,0.0,4.7,21.8
2026-10-15 04:00:00,RJPN-009-1,RJPN-009,Band 1 (2100MHz),-80.5,-8.0,22.4,0.0,10.7,38.3
2026-10-15 04:00:00,RJPN-009-2,RJPN-009,Band 1 (2100MHz),-87.5,-3.7,4.0,49.9,5.4,0.0
2026-10-15 04:00:00,RJPN-009-3,RJPN-009,Band 1 (2100MHz),-83.0,-8.9,9.7,0.0,9.4,0.0
2026-10-15 04:00:00,RJPN-010-1,RJPN-010,Band 3 (1800MHz),-86.2,-7.4,15.7,7.6,0.0,11.7
2026-10-15 04:00:00,RJPN-010-2,RJPN-010,Band 3 (1800MHz),-86.6,-8.9,18.2,0.0,3.9,0.0
2026-10-15 04:00:00,RJPN-010-3,RJPN-010,Band 3 (1800MHz),-82.9,-1.9,11.1,11.7,3.8,21.6
2026-10-15 04:00:00,RJPN-011-1,RJPN-011,Band 1 (2100MHz),-83.1,-8.4,13.8,14.8,13.4,0.0
2026-10-15 04:00:00,RJPN-011-2,RJPN-011,Band 1 (2100MHz),-102.8,-14.7,8.0,6.0,0.0,0.0
2026-10-15 04:00:00,RJPN-011-3,RJPN-011,Band 1 (2100MHz),-93.3,-14.5,11.3,0.0,1.6,1.1
2026-10-15 05:00:00,RJPN-001-1,RJPN-001,Band 1 (2100MHz),-88.0,-7.8,13.4,15.9,5.6,14.6
2026-10-15 05:00:00,RJPN-001-2,RJPN-001,Band 1 (2100MHz),-80.5,-4.0,15.0,4.7,19.3,49.0
2026-10-15 05:00:00,RJPN-001-3,RJPN-001,Band 1 (2100MHz),-79.8,-7.6,20.2,18.2,10.8,17.5
2026-10-15 05:00:00,RJPN-002-1,RJPN-002,Band 3 (1800MHz),-90.3,-7.9,18.8,12.0,0.0,0.0
2026-10-15 05:00:00,RJPN-002-2,RJPN-002,Band 3 (1800MHz),-95.4,-11.0,4.1,0.0,24.2,1.3
2026-10-15 05:00:00,RJPN-002-3,RJPN-002,Band 3 (1800MHz),-89.2,-8.3,12.2,0.2,0.0,6.7
2026-10-15 05:00:00,RJPN-003-1,RJPN-003,Band 1 (2100MHz),-79.0,-7.8,15.6,17.9,4.1,15.0
2026-10-15 05:00:00,RJPN-003-2,RJPN-003,Band 1 (2100MHz),-85.0,-7.3,6.6,0.5,0.0,18.2
2026-10-15 05:00:00,RJPN-003-3,RJPN-003,Band 1 (2100MHz),-83.8,-5.2,12.3,3.3,33.7,0.0
2026-10-15 05:00:00,RJPN-004-1,RJPN-004,Band 3 (1800MHz),-83.9,-9.3,12.3,8.3,5.8,9.3
2026-10-15 05:00:00,RJPN-004-2,RJPN-004,Band 3 (1800MHz),-84.8,-5.7,8.4,17.4,0.3,5.8
2026-10-15 05:00:00,RJPN-004-3,RJPN-004,Band 3 (1800MHz),-84.3,-6.7,18.4,12.7,12.3,25.2
2026-10-15 05:00:00,RJPN-005-1,RJPN-005,Band 1 (2100MHz),-87.0,-7.0,5.4,10.0,9.6,0.0
2026-10-15 05:00:00,RJPN-005-2,RJPN-005,Band 1 (2100MHz),-84.5,-8.8,8.4,31.2,22.6,34.9
2026-10-15 05:00:00,RJPN-005-3,RJPN-005,Band 1 (2100MHz),-77.8,-9.1,6.4,0.0,0.0,38.5
2026-10-15 05:00:00,RJPN-006-1,RJPN-006,Band 3 (1800MHz),-91.6,-8.0,5.0,7.0,8.2,0.8
2026-10-15 05:00:00,RJPN-006-2,RJPN-006,Band 3 (1800MHz),-87.9,-11.2,15.8,8.9,0.5,28.9
2026-10-15 05:00:00,RJPN-006-3,RJPN-006,Band 3 (1800MHz),-96.5,-7.9,13.9,0.0,0.0,0.0
2026-10-15 05:00:00,RJPN-007-1,RJPN-007,Band 1 (2100MHz),-86.7,-8.0,14.1,0.0,10.4,0.0
2026-10-15 05:00:00,RJPN-007-2,RJPN-007,Band 1 (2100MHz),-75.7,-11.2,16.5,25.5,6.0,0.0
2026-10-15 05:00:00,RJPN-007-3,RJPN-007,Band 1 (2100MHz),-91.2,-7.2,4.1,35.3,0.0,37.7
2026-10-15 05:00:00,RJPN-008-1,RJPN-008,Band 3 (1800MHz),-86.1,-8.3,15.3,4.7,10.9,29.0
2026-10-15 05:00:00,RJPN-008-2,RJPN-008,Band 3 (1800MHz),-77.7,-11.2,12.7,9.1,7.6,0.0
2026-10-15 05:00:00,RJPN-008-3,RJPN-008,Band 3 (1800MHz),-83.9,-10.3,12.2,21.4,15.8,29.8
2026-10-15 05:00:00,RJPN-009-1,RJPN-009,Band 1 (2100MHz),-80.1,-9.7,7.1,5.9,14.0,8.3
2026-10-15 05:00:00,RJPN-009-2,RJPN-009,Band 1 (2100MHz),-80.4,-10.0,10.8,0.0,8.1,0.0
2026-10-15 05:00:00,RJPN-009-3,RJPN-009,Band 1 (2100MHz),-86.8,-10.4,13.4,22.6,4.3,2.6
2026-10-15 05:00:00,RJPN-010-1,RJPN-010,Band 3 (1800MHz),-86.6,-5.8,9.5,24.3,0.0,20.5
2026-10-15 05:00:00,RJPN-010-2,RJPN-010,Band 3 (1800MHz),-87.4,-6.5,16.7,14.5,5.6,48.1
2026-10-15 05:00:00,RJPN-010-3,RJPN-010,Band 3 (1800MHz),-84.2,-11.2,8.4,0.0,9.7,53.7
2026-10-15 05:00:00,RJPN-011-1,RJPN-011,Band 1 (2100MHz),-92.1,-6.9,1.2,0.0,21.7,32.5
2026-10-15 05:00:00,RJPN-011-2,RJPN-011,Band 1 (2100MHz),-92.4,-11.6,2.8,13.8,6.9,23.4
2026-10-15 05:00:00,RJPN-011-3,RJPN-011,Band 1 (2100MHz),-105.3,-9.9,-3.9,2.5,0.0,49.4
2026-10-15 06:00:00,RJPN-001-1,RJPN-001,Band 1 (2100MHz),-88.1,-11.5,22.1,3.6,8.8,28.5
2026-10-15 06:00:00,RJPN-001-2,RJPN-001,Band 1 (2100MHz),-84.7,-9.7,14.0,8.6,0.0,35.3
2026-10-15 06:00:00,RJPN-001-3,RJPN-001,Band 1 (2100MHz),-83.7,-6.2,4.8,13.3,11.3,67.3
2026-10-15 06:00:00,RJPN-002-1,RJPN-002,Band 3 (1800MHz),-83.5,-10.2,16.8,7.4,11.4,0.0
2026-10-15 06:00:00,RJPN-002-2,RJPN-002,Band 3 (1800MHz),-100.9,-14.2,3.2,0.0,13.8,0.0
2026-10-15 06:00:00,RJPN-002-3,RJPN-002,Band 3 (1800MHz),-84.4,-11.0,3.3,19.8,6.9,16.9
2026-10-15 06:00:00,RJPN-003-1,RJPN-003,Band 1 (2100MHz),-83.8,-8.6,14.1,16.4,11.7,15.8
2026-10-15 06:00:00,RJPN-003-2,RJPN-003,Band 1 (2100MHz),-83.4,-8.2,12.4,14.6,5.3,50.0
2026-10-15 06:00:00,RJPN-003-3,RJPN-003,Band 1 (2100MHz),-85.6,-8.0,19.9,21.5,4.1,37.1
2026-10-15 06:00:00,RJPN-004-1,RJPN-004,Band 3 (1800MHz),-90.5,-9.1,13.0,6.5,9.3,44.3
2026-10-15 06:00:00,RJPN-004-2,RJPN-004,Band 3 (1800MHz),-86.6,-7.7,12.1,4.8,1.2,34.4
2026-10-15 06:00:00,RJPN-004-3,RJPN-004,Band 3 (1800MHz),-86.3,-10.0,14.9,17.8,12.7,25.7
2026-10-15 06:00:00,RJPN-005-1,RJPN-005,Band 1 (2100MHz),-74.3,-11.6,20.9,20.5,3.4,66.5
2026-10-15 06:00:00,RJPN-005-2,RJPN-005,Band 1 (2100MHz),-83.8,-8.1,14.5,29.4,3.4,0.0
2026-10-15 06:00:00,RJPN-005-3,RJPN-005,Band 1 (2100MHz),-84.9,-8.6,11.8,0.0,12.8,42.3
2026-10-15 06:00:00,RJPN-006-1,RJPN-006,Band 3 (1800MHz),-85.2,-5.8,16.7,12.6,9.7,45.6
2026-10-15 06:00:00,RJPN-006-2,RJPN-006,Band 3 (1800MHz),-85.2,-7.6,3.8,0.0,7.4,33.0
2026-10-15 06:00:00,RJPN-006-3,RJPN-006,Band 3 (1800MHz),-85.0,-6.5,12.7,0.0,12.7,21.9
2026-10-15 06:00:00,RJPN-007-1,RJPN-007,Band 1 (2100MHz),-85.5,-3.8,6.3,26.7,16.9,3.8
2026-10-15 06:00:00,RJPN-007-2,RJPN-007,Band 1 (2100MHz),-79.2,-9.5,8.5,15.5,25.0,10.4
2026-10-15 06:00:00,RJPN-007-3,RJPN-007,Band 1 (2100MHz),-80.1,-6.9,14.3,33.7,6.7,0.0
2026-10-15 06:00:00,RJPN-008-1,RJPN-008,Band 3 (1800MHz),-85.2,-8.3,15.0,0.0,12.6,13.4
2026-10-15 06:00:00,RJPN-008-2,RJPN-008,Band 3 (1800MHz),-81.8,-7.7,12.5,38.8,25.2,15.8
2026-10-15 06:00:00,RJPN-008-3,RJPN-008,Band 3 (1800MHz),-83.2,-5.4,17.6,27.9,0.0,34.2
2026-10-15 06:00:00,RJPN-009-1,RJPN-009,Band 1 (2100MHz),-86.0,-10.0,14.8,28.2,2.2,57.3
2026-10-15 06:00:00,RJPN-009-2,RJPN-009,Band 1 (2100MHz),-87.7,-5.9,14.8,18.5,6.4,7.9
2026-10-15 06:00:00,RJPN-009-3,RJPN-009,Band 1 (2100MHz),-88.4,-5.0,13.0,25.6,8.8,18.5
2026-10-15 06:00:00,RJPN-010-1,RJPN-010,Band 3 (1800MHz),-74.1,-10.0,12.4,28.7,8.3,8.8
2026-10-15 06:00:00,RJPN-010-2,RJPN-010,Band 3 (1800MHz),-83.2,-9.3,9.0,16.6,0.0,48.0
2026-10-15 06:00:00,RJPN-010-3,RJPN-010,Band 3 (1800MHz),-91.4,-6.4,16.8,41.1,0.0,18.3
2026-10-15 06:00:00,RJPN-011-1,RJPN-011,Band 1 (2100MHz),-83.1,-9.0,11.5,9.9,5.3,62.7
2026-10-15 06:00:00,RJPN-011-2,RJPN-011,Band 1 (2100MHz),-93.8,-14.7,1.2,24.2,11.7,24.1
2026-10-15 06:00:00,RJPN-011-3,RJPN-011,Band 1 (2100MHz),-98.0,-12.2,2.6,11.1,4.7,41.5
2026-10-15 07:00:00,RJPN-001-1,RJPN-001,Band 1 (2100MHz),-74.2,-8.8,5.3,48.9,25.1,87.7
2026-10-15 07:00:00,RJPN-001-2,RJPN-001,Band 1 (2100MHz),-92.7,-7.4,5.9,59.1,21.6,78.8
2026-10-15 07:00:00,RJPN-001-3,RJPN-001,Band 1 (2100MHz),-79.1,-9.3,5.0,57.0,38.7,84.3
2026-10-15 07:00:00,RJPN-002-1,RJPN-002,Band 3 (1800MHz),-88.0,-8.6,11.6,38.1,35.2,136.6
2026-10-15 07:00:00,RJPN-002-2,RJPN-002,Band 3 (1800MHz),-94.4,-16.0,5.8,58.8,39.2,121.9
2026-10-15 07:00:00,RJPN-002-3,RJPN-002,Band 3 (1800MHz),-83.2,-10.0,4.3,41.0,21.0,63.4
2026-10-15 07:00:00,RJPN-003-1,RJPN-003,Band 1 (2100MHz),-88.1,-9.3,5.8,59.0,7.4,77.4
2026-10-15 07:00:00,RJPN-003-2,RJPN-003,Band 1 (2100MHz),-87.4,-8.7,12.6,59.5,28.8,99.0
2026-10-15 07:00:00,RJPN-003-3,RJPN-003,Band 1 (2100MHz),-78.9,-8.8,11.1,35.6,28.5,82.2
2026-10-15 07:00:00,RJPN-004-1,RJPN-004,Band 3 (1800MHz),-82.8,-10.5,11.0,38.4,20.0,97.0
2026-10-15 07:00:00,RJPN-004-2,RJPN-004,Band 3 (1800MHz),-79.0,-7.9,19.8,28.9,37.7,85.1
2026-10-15 07:00:00,RJPN-004-3,RJPN-004,Band 3 (1800MHz),-79.2,-11.9,11.0,45.0,15.2,95.2
2026-10-15 07:00:00,RJPN-005-1,RJPN-005,Band 1 (2100MHz),-83.9,-12.3,14.9,61.9,34.5,67.3
2026-10-15 07:00:00,RJPN-005-2,RJPN-005,Band 1 (2100MHz),-80.2,-9.1,20.7,66.5,42.1,66.8
2026-10-15 07:00:00,RJPN-005-3,RJPN-005,Band 1 (2100MHz),-83.9,-10.7,5.4,71.1,22.4,93.9
2026-10-15 07:00:00,RJPN-006-1,RJPN-006,Band 3 (1800MHz),-87.2,-12.4,9.4,47.3,29.9,118.4
2026-10-15 07:00:00,RJPN-006-2,RJPN-006,Band 3 (1800MHz),-79.7,-14.3,8.0,36.4,27.1,122.3
2026-10-15 07:00:00,RJPN-006-3,RJPN-006,Band 3 (1800MHz),-78.0,-12.9,9.3,51.1,30.8,135.4
2026-10-15 07:00:00,RJPN-007-1,RJPN-007,Band 1 (2100MHz),-94.4,-11.2,9.8,25.2,28.4,71.0
2026-10-15 07:00:00,RJPN-007-2,RJPN-007,Band 1 (2100MHz),-93.2,-11.5,13.1,67.8,38.8,83.4
2026-10-15 07:00:00,RJPN-007-3,RJPN-007,Band 1 (2100MHz),-82.2,-9.0,1.6,41.0,36.4,89.9
2026-10-15 07:00:00,RJPN-008-1,RJPN-008,Band 3 (1800MHz),-85.1,-9.6,15.4,53.1,42.4,108.9
2026-10-15 07:00:00,RJPN-008-2,RJPN-008,Band 3 (1800MHz),-90.3,-12.7,18.6,66.4,8.8,57.4
2026-10-15 07:00:00,RJPN-008-3,RJPN-008,Band 3 (1800MHz),-83.7,-12.6,15.2,34.8,24.6,95.9
2026-10-15 07:00:00,RJPN-009-1,RJPN-009,Band 1 (2100MHz),-89.4,-9.1,-1.9,67.5,23.1,59.2
2026-10-15 07:00:00,RJPN-009-2,RJPN-009,Band 1 (2100MHz),-91.8,-8.3,20.2,45.4,19.0,107.3
2026-10-15 07:00:00,RJPN-009-3,RJPN-009,Band 1 (2100MHz),-78.2,-10.9,10.7,56.1,36.5,105.8
2026-10-15 07:00:00,RJPN-010-1,RJPN-010,Band 3 (1800MHz),-83.2,-11.2,-1.3,62.8,50.0,83.7
2026-10-15 07:00:00,RJPN-010-2,RJPN-010,Band 3 (1800MHz),-87.2,-11.7,15.1,76.2,19.8,136.5
2026-10-15 07:00:00,RJPN-010-3,RJPN-010,Band 3 (1800MHz),-81.2,-12.4,10.5,70.9,29.5,97.7
2026-10-15 07:00:00,RJPN-011-1,RJPN-011,Band 1 (2100MHz),-90.5,-13.1,19.5,63.8,35.8,96.3
2026-10-15 07:00:00,RJPN-011-2,RJPN-011,Band 1 (2100MHz),-96.9,-14.6,10.3,47.7,48.2,83.2
2026-10-15 07:00:00,RJPN-011-3,RJPN-011,Band 1 (2100MHz),-99.2,-13.6,10.4,64.5,34.3,100.4
2026-10-15 08:00:00,RJPN-001-1,RJPN-001,Band 1 (2100MHz),-80.6,-6.7,15.0,93.4,43.2,135.2
2026-10-15 08:00:00,RJPN-001-2,RJPN-001,Band 1 (2100MHz),-80.4,-9.0,8.9,74.8,37.3,94.4
2026-10-15 08:00:00,RJPN-001-3,RJPN-001,Band 1 (2100MHz),-82.7,-11.2,10.5,70.2,42.0,152.4
2026-10-15 08:00:00,RJPN-002-1,RJPN-002,Band 3 (1800MHz),-84.9,-9.1,15.1,65.3,38.3,133.0
2026-10-15 08:00:00,RJPN-002-2,RJPN-002,Band 3 (1800MHz),-94.8,-13.5,12.1,81.4,52.8,113.3
2026-10-15 08:00:00,RJPN-002-3,RJPN-002,Band 3 (1800MHz),-83.4,-13.2,10.7,73.9,43.9,102.1
2026-10-15 08:00:00,RJPN-003-1,RJPN-003,Band 1 (2100MHz),-78.5,-11.5,4.6,78.2,34.9,90.8
2026-10-15 08:00:00,RJPN-003-2,RJPN-003,Band 1 (2100MHz),-87.3,-12.7,7.0,97.7,27.9,104.8
2026-10-15 08:00:00,RJPN-003-3,RJPN-003,Band 1 (2100MHz),-82.5,-10.5,17.2,70.5,52.9,151.5
2026-10-15 08:00:00,RJPN-004-1,RJPN-004,Band 3 (1800MHz),-85.1,-12.7,15.5,81.3,34.8,99.7
2026-10-15 08:00:00,RJPN-004-2,RJPN-004,Band 3 (1800MHz),-78.1,-12.0,14.2,66.3,54.4,122.5
2026-10-15 08:00:00,RJPN-004-3,RJPN-004,Band 3 (1800MHz),-88.6,-12.3,10.1,94.1,35.1,154.6
2026-10-15 08:00:00,RJPN-005-1,RJPN-005,Band 1 (2100MHz),-79.8,-14.9,13.9,79.0,42.3,120.8
2026-10-15 08:00:00,RJPN-005-2,RJPN-005,Band 1 (2100MHz),-81.9,-9.9,10.9,77.5,40.9,121.2
2026-10-15 08:00:00,RJPN-005-3,RJPN-005,Band 1 (2100MHz),-86.3,-11.6,11.2,69.5,37.4,107.4
2026-10-15 08:00:00,RJPN-006-1,RJPN-006,Band 3 (1800MHz),-83.9,-10.8,6.2,50.1,34.5,107.3
2026-10-15 08:00:00,RJPN-006-2,RJPN-006,Band 3 (1800MHz),-85.0,-8.1,5.2,68.9,50.0,135.3
2026-10-15 08:00:00,RJPN-006-3,RJPN-006,Band 3 (1800MHz),-82.6,-10.1,20.9,72.6,33.3,129.0
2026-10-15 08:00:00,RJPN-007-1,RJPN-007,Band 1 (2100MHz),-79.2,-12.1,17.1,62.1,50.4,117.9
2026-10-15 08:00:00,RJPN-007-2,RJPN-007,Band 1 (2100MHz),-89.2,-12.5,15.7,71.0,38.4,107.0
2026-10-15 08:00:00,RJPN-007-3,RJPN-007,Band 1 (2100MHz),-86.4,-10.7,14.3,66.5,47.4,114.5
2026-10-15 08:00:00,RJPN-008-1,RJPN-008,Band 3 (1800MHz),-87.2,-11.0,9.1,87.3,44.9,111.1
2026-10-15 08:00:00,RJPN-008-2,RJPN-008,Band 3 (1800MHz),-88.9,-14.6,17.5,86.3,40.4,89.0
2026-10-15 08:00:00,RJPN-008-3,RJPN-008,Band 3 (1800MHz),-85.8,-14.3,23.2,72.5,26.0,121.7
2026-10-15 08:00:00,RJPN-009-1,RJPN-009,Band 1 (2100MHz),-91.2,-12.9,20.3,79.6,35.9,107.8
2026-10-15 08:00:00,RJPN-009-2,RJPN-009,Band 1 (2100MHz),-82.8,-8.3,12.0,63.6,37.9,141.1
2026-10-15 08:00:00,RJPN-009-3,RJPN-009,Band 1 (2100MHz),-81.0,-11.9,8.5,57.7,51.5,66.8
2026-10-15 08:00:00,RJPN-010-1,RJPN-010,Band 3 (1800MHz),-85.2,-10.1,5.7,51.8,31.4,97.1
2026-10-15 08:00:00,RJPN-010-2,RJPN-010,Band 3 (1800MHz),-86.7,-13.0,9.2,74.1,36.2,117.0
2026-10-15 08:00:00,RJPN-010-3,RJPN-010,Band 3 (1800MHz),-87.8,-11.4,14.0,82.5,48.0,97.2
2026-10-15 08:00:00,RJPN-011-1,RJPN-011,Band 1 (2100MHz),-82.4,-12.1,7.5,69.4,47.9,105.6
2026-10-15 08:00:00,RJPN-011-2,RJPN-011,Band 1 (2100MHz),-95.0,-15.3,6.0,59.6,34.2,100.2
2026-10-15 08:00:00,RJPN-011-3,RJPN-011,Band 1 (2100MHz),-98.7,-15.1,-0.5,73.0,39.2,100.2
2026-10-15 09:00:00,RJPN-001-1,RJPN-001,Band 1 (2100MHz),-87.3,-8.9,19.4,64.9,31.0,123.3
2026-10-15 09:00:00,RJPN-001-2,RJPN-001,Band 1 (2100MHz),-82.8,-12.6,-1.0,68.2,16.8,100.6
2026-10-15 09:00:00,RJPN-001-3,RJPN-001,Band 1 (2100MHz),-88.9,-6.6,20.9,56.8,16.6,94.8
2026-10-15 09:00:00,RJPN-002-1,RJPN-002,Band 3 (1800MHz),-92.0,-12.0,7.2,59.8,17.3,126.2
2026-10-15 09:00:00,RJPN-002-2,RJPN-002,Band 3 (1800MHz),-95.3,-14.4,5.0,52.5,27.9,83.5
2026-10-15 09:00:00,RJPN-002-3,RJPN-002,Band 3 (1800MHz),-83.9,-8.4,6.1,64.8,35.5,105.0
2026-10-15 09:00:00,RJPN-003-1,RJPN-003,Band 1 (2100MHz),-79.2,-10.4,15.3,41.6,24.6,62.4
2026-10-15 09:00:00,RJPN-003-2,RJPN-003,Band 1 (2100MHz),-83.5,-10.2,6.0,40.6,24.4,92.5
2026-10-15 09:00:00,RJPN-003-3,RJPN-003,Band 1 (2100MHz),-95.4,-11.2,12.5,68.9,27.6,77.3
2026-10-15 09:00:00,RJPN-004-1,RJPN-004,Band 3 (1800MHz),-85.7,-14.1,21.3,62.2,34.9,50.7
2026-10-15 09:00:00,RJPN-004-2,RJPN-004,Band 3 (1800MHz),-83.4,-8.7,19.6,76.2,17.2,98.7
2026-10-15 09:00:00,RJPN-004-3,RJPN-004,Band 3 (1800MHz),-89.0,-9.7,17.1,76.4,19.2,48.5
2026-10-15 09:00:00,RJPN-005-1,RJPN-005,Band 1 (2100MHz),-86.5,-8.7,1.8,70.6,32.1,98.5
2026-10-15 09:00:00,RJPN-005-2,RJPN-005,Band 1 (2100MHz),-91.2,-9.1,19.1,60.1,35.4,95.0
2026-10-15 09:00:00,RJPN-005-3,RJPN-005,Band 1 (2100MHz),-88.8,-10.2,15.1,49.0,35.7,114.4
2026-10-15 09:00:00,RJPN-006-1,RJPN-006,Band 3 (1800MHz),-83.5,-9.3,16.3,63.5,29.2,83.2
2026-10-15 09:00:00,RJPN-006-2,RJPN-006,Band 3 (1800MHz),-79.7,-9.4,14.0,77.5,46.0,65.4
2026-10-15 09:00:00,RJPN-006-3,RJPN-006,Band 3 (1800MHz),-88.8,-10.9,7.6,65.9,19.7,101.1
2026-10-15 09:00:00,RJPN-007-1,RJPN-007,Band 1 (2100MHz),-85.7,-14.0,11.3,83.8,23.6,59.8
2026-10-15 09:00:00,RJPN-007-2,RJPN-007,Band 1 (2100MHz),-91.0,-6.7,13.4,26.4,32.7,116.8
2026-10-15 09:00:00,RJPN-007-3,RJPN-007,Band 1 (2100MHz),-82.5,-9.1,4.7,65.8,10.3,84.5
2026-10-15 09:00:00,RJPN-008-1,RJPN-008,Band 3 (1800MHz),-79.2,-13.6,-0.4,70.6,37.6,49.3
2026-10-15 09:00:00,RJPN-008-2,RJPN-008,Band 3 (1800MHz),-83.1,-10.3,14.2,54.7,30.4,93.0
2026-10-15 09:00:00,RJPN-008-3,RJPN-008,Band 3 (1800MHz),-80.2,-9.2,11.6,50.8,32.2,120.7
2026-10-15 09:00:00,RJPN-009-1,RJPN-009,Band 1 (2100MHz),-93.6,-9.8,23.6,79.1,26.0,81.5
2026-10-15 09:00:00,RJPN-009-2,RJPN-009,Band 1 (2100MHz),-83.5,-11.9,15.5,70.4,33.5,59.1
2026-10-15 09:00:00,RJPN-009-3,RJPN-009,Band 1 (2100MHz),-79.4,-13.0,11.1,30.3,23.2,55.1
2026-10-15 09:00:00,RJPN-010-1,RJPN-010,Band 3 (1800MHz),-86.6,-13.6,7.3,51.0,3.4,86.0
2026-10-15 09:00:00,RJPN-010-2,RJPN-010,Band 3 (1800MHz),-84.7,-7.3,13.9,56.3,41.2,97.7
2026-10-15 09:00:00,RJPN-010-3,RJPN-010,Band 3 (1800MHz),-86.6,-12.3,19.7,53.3,37.6,69.5
2026-10-15 09:00:00,RJPN-011-1,RJPN-011,Band 1 (2100MHz),-82.9,-9.2,15.0,73.0,41.8,80.3
2026-10-15 09:00:00,RJPN-011-2,RJPN-011,Band 1 (2100MHz),-101.1,-10.6,4.1,56.5,35.7,70.2
2026-10-15 09:00:00,RJPN-011-3,RJPN-011,Band 1 (2100MHz),-97.8,-15.3,12.0,45.7,17.9,135.2
2026-10-15 10:00:00,RJPN-001-1,RJPN-001,Band 1 (2100MHz),-79.3,-7.4,21.0,19.0,11.9,34.0
2026-10-15 10:00:00,RJPN-001-2,RJPN-001,Band 1 (2100MHz),-86.3,-11.3,19.6,5.6,21.4,41.5
2026-10-15 10:00:00,RJPN-001-3,RJPN-001,Band 1 (2100MHz),-87.9,-11.0,20.9,7.9,16.0,21.1
2026-10-15 10:00:00,RJPN-002-1,RJPN-002,Band 3 (1800MHz),-93.1,-8.5,14.1,0.0,0.0,0.0
2026-10-15 10:00:00,RJPN-002-2,RJPN-002,Band 3 (1800MHz),-101.8,-15.1,3.5,33.7,0.0,22.5
2026-10-15 10:00:00,RJPN-002-3,RJPN-002,Band 3 (1800MHz),-83.9,-5.2,14.1,23.0,15.8,12.6
2026-10-15 10:00:00,RJPN-003-1,RJPN-003,Band 1 (2100MHz),-80.7,-6.6,6.6,12.9,0.0,30.5
2026-10-15 10:00:00,RJPN-003-2,RJPN-003,Band 1 (2100MHz),-84.6,-8.5,15.4,9.0,15.1,54.9
2026-10-15 10:00:00,RJPN-003-3,RJPN-003,Band 1 (2100MHz),-84.7,-9.3,10.1,28.5,14.1,0.6
2026-10-15 10:00:00,RJPN-004-1,RJPN-004,Band 3 (1800MHz),-92.8,-5.4,12.7,6.6,14.4,24.3
2026-10-15 10:00:00,RJPN-004-2,RJPN-004,Band 3 (1800MHz),-81.4,-9.9,13.7,12.6,0.0,58.1
2026-10-15 10:00:00,RJPN-004-3,RJPN-004,Band 3 (1800MHz),-82.1,-9.4,15.4,19.5,9.1,53.2
2026-10-15 10:00:00,RJPN-005-1,RJPN-005,Band 1 (2100MHz),-83.9,-10.7,17.7,10.4,11.1,9.8
2026-10-15 10:00:00,RJPN-005-2,RJPN-005,Band 1 (2100MHz),-81.6,-9.6,7.3,23.2,6.6,36.9
2026-10-15 10:00:00,RJPN-005-3,RJPN-005,Band 1 (2100MHz),-89.9,-8.6,9.2,32.1,13.5,26.8
2026-10-15 10:00:00,RJPN-006-1,RJPN-006,Band 3 (1800MHz),-93.3,-6.1,15.0,35.3,0.0,42.6
2026-10-15 10:00:00,RJPN-006-2,RJPN-006,Band 3 (1800MHz),-78.3,-8.9,14.8,6.0,0.0,34.7
2026-10-15 10:00:00,RJPN-006-3,RJPN-006,Band 3 (1800MHz),-86.5,-11.0,11.6,6.0,7.2,0.0
2026-10-15 10:00:00,RJPN-007-1,RJPN-007,Band 1 (2100MHz),-86.3,-8.9,18.9,23.1,17.2,66.6
2026-10-15 10:00:00,RJPN-007-2,RJPN-007,Band 1 (2100MHz),-77.5,-11.2,19.4,28.3,3.9,67.8
2026-10-15 10:00:00,RJPN-007-3,RJPN-007,Band 1 (2100MHz),-88.2,-8.1,7.4,5.6,0.5,35.8
2026-10-15 10:00:00,RJPN-008-1,RJPN-008,Band 3 (1800MHz),-86.5,-8.0,9.1,38.1,20.2,0.0
2026-10-15 10:00:00,RJPN-008-2,RJPN-008,Band 3 (1800MHz),-86.1,-12.5,16.6,0.0,1.4,0.0
2026-10-15 10:00:00,RJPN-008-3,RJPN-008,Band 3 (1800MHz),-80.3,-8.7,13.1,28.2,9.8,67.5
2026-10-15 10:00:00,RJPN-009-1,RJPN-009,Band 1 (2100MHz),-80.5,-7.3,19.5,26.9,21.5,28.3
2026-10-15 10:00:00,RJPN-009-2,RJPN-009,Band 1 (2100MHz),-85.8,-12.3,14.0,33.8,16.4,0.0
2026-10-15 10:00:00,RJPN-009-3,RJPN-009,Band 1 (2100MHz),-79.0,-11.9,10.7,33.5,5.2,46.6
2026-10-15 10:00:00,RJPN-010-1,RJPN-010,Band 3 (1800MHz),-82.1,-7.3,6.9,35.6,7.4,0.0
2026-10-15 10:00:00,RJPN-010-2,RJPN-010,Band 3 (1800MHz),-93.9,-7.7,17.2,31.5,18.5,24.5
2026-10-15 10:00:00,RJPN-010-3,RJPN-010,Band 3 (1800MHz),-85.3,-8.9,9.5,15.1,10.1,23.2
2026-10-15 10:00:00,RJPN-011-1,RJPN-011,Band 1 (2100MHz),-84.1,-11.4,16.4,28.1,5.8,7.2
2026-10-15 10:00:00,RJPN-011-2,RJPN-011,Band 1 (2100MHz),-102.1,-14.8,-2.2,0.0,10.9,25.5
2026-10-15 10:00:00,RJPN-011-3,RJPN-011,Band 1 (2100MHz),-95.1,-10.1,1.3,15.8,18.0,51.6
2026-10-15 11:00:00,RJPN-001-1,RJPN-001,Band 1 (2100MHz),-86.3,-7.4,9.6,28.8,14.9,86.7
2026-10-15 11:00:00,RJPN-001-2,RJPN-001,Band 1 (2100MHz),-77.5,-11.2,14.3,44.7,20.3,65.8
2026-10-15 11:00:00,RJPN-001-3,RJPN-001,Band 1 (2100MHz),-86.3,-4.8,14.5,47.3,21.2,63.0
2026-10-15 11:00:00,RJPN-002-1,RJPN-002,Band 3 (1800MHz),-94.1,-10.0,13.2,61.6,25.7,95.2
2026-10-15 11:00:00,RJPN-002-2,RJPN-002,Band 3 (1800MHz),-92.2,-16.0,3.0,70.1,30.3,82.3
2026-10-15 11:00:00,RJPN-002-3,RJPN-002,Band 3 (1800MHz),-88.6,-12.5,15.4,48.0,48.4,105.6
2026-10-15 11:00:00,RJPN-003-1,RJPN-003,Band 1 (2100MHz),-90.2,-10.3,10.7,43.3,18.5,117.5
2026-10-15 11:00:00,RJPN-003-2,RJPN-003,Band 1 (2100MHz),-85.8,-9.0,13.6,32.5,27.3,32.1
2026-10-15 11:00:00,RJPN-003-3,RJPN-003,Band 1 (2100MHz),-88.4,-10.0,9.1,52.4,30.9,54.4
2026-10-15 11:00:00,RJPN-004-1,RJPN-004,Band 3 (1800MHz),-87.3,-12.2,18.5,53.9,41.9,52.4
2026-10-15 11:00:00,RJPN-004-2,RJPN-004,Band 3 (1800MHz),-85.8,-11.7,12.5,44.3,31.0,99.9
2026-10-15 11:00:00,RJPN-004-3,RJPN-004,Band 3 (1800MHz),-81.4,-9.3,5.7,42.2,20.5,108.4
2026-10-15 11:00:00,RJPN-005-1,RJPN-005,Band 1 (2100MHz),-87.2,-9.5,28.0,37.7,11.3,104.4
2026-10-15 11:00:00,RJPN-005-2,RJPN-005,Band 1 (2100MHz),-88.9,-11.8,5.2,46.2,33.5,63.5
2026-10-15 11:00:00,RJPN-005-3,RJPN-005,Band 1 (2100MHz),-82.2,-13.1,15.8,38.6,35.6,138.9
2026-10-15 11:00:00,RJPN-006-1,RJPN-006,Band 3 (1800MHz),-87.2,-11.2,-0.7,21.9,30.6,108.0
2026-10-15 11:00:00,RJPN-006-2,RJPN-006,Band 3 (1800MHz),-88.9,-11.2,15.6,43.8,34.3,100.4
2026-10-15 11:00:00,RJPN-006-3,RJPN-006,Band 3 (1800MHz),-78.0,-11.5,7.8,65.1,32.5,97.8
2026-10-15 11:00:00,RJPN-007-1,RJPN-007,Band 1 (2100MHz),-81.4,-11.8,11.3,54.0,27.5,62.4
2026-10-15 11:00:00,RJPN-007-2,RJPN-007,Band 1 (2100MHz),-87.2,-9.4,15.2,55.8,24.3,62.0
2026-10-15 11:00:00,RJPN-007-3,RJPN-007,Band 1 (2100MHz),-85.2,-7.0,2.0,47.2,33.2,65.8
2026-10-15 11:00:00,RJPN-008-1,RJPN-008,Band 3 (1800MHz),-88.8,-11.7,18.9,64.4,30.9,62.2
2026-10-15 11:00:00,RJPN-008-2,RJPN-008,Band 3 (1800MHz),-87.2,-10.1,14.6,41.8,25.5,105.4
2026-10-15 11:00:00,RJPN-008-3,RJPN-008,Band 3 (1800MHz),-86.9,-13.1,16.5,50.5,31.4,42.7
2026-10-15 11:00:00,RJPN-009-1,RJPN-009,Band 1 (2100MHz),-78.6,-12.1,9.7,36.4,23.4,122.8
2026-10-15 11:00:00,RJPN-009-2,RJPN-009,Band 1 (2100MHz),-91.9,-10.2,10.6,48.2,19.0,77.7
2026-10-15 11:00:00,RJPN-009-3,RJPN-009,Band 1 (2100MHz),-82.9,-11.3,19.2,55.4,37.4,66.5
2026-10-15 11:00:00,RJPN-010-1,RJPN-010,Band 3 (1800MHz),-85.4,-9.3,6.7,50.2,26.9,101.4
2026-10-15 11:00:00,RJPN-010-2,RJPN-010,Band 3 (1800MHz),-85.6,-12.4,19.2,20.5,21.9,73.8
2026-10-15 11:00:00,RJPN-010-3,RJPN-010,Band 3 (1800MHz),-81.7,-6.9,18.4,46.0,28.6,84.3
2026-10-15 11:00:00,RJPN-011-1,RJPN-011,Band 1 (2100MHz),-86.1,-12.1,8.1,39.0,28.8,22.3
2026-10-15 11:00:00,RJPN-011-2,RJPN-011,Band 1 (2100MHz),-102.2,-15.7,3.2,54.8,24.8,102.6
2026-10-15 11:00:00,RJPN-011-3,RJPN-011,Band 1 (2100MHz),-95.6,-16.2,9.7,36.6,33.3,73.4
2026-10-15 12:00:00,RJPN-001-1,RJPN-001,Band 1 (2100MHz),-84.4,-7.0,8.4,46.8,26.5,93.1
2026-10-15 12:00:00,RJPN-001-2,RJPN-001,Band 1 (2100MHz),-86.2,-10.2,12.3,48.2,36.2,60.5
2026-10-15 12:00:00,RJPN-001-3,RJPN-001,Band 1 (2100MHz),-86.5,-7.8,12.0,61.5,25.1,127.2
2026-10-15 12:00:00,RJPN-002-1,RJPN-002,Band 3 (1800MHz),-84.6,-6.5,14.6,45.0,34.0,129.0
2026-10-15 12:00:00,RJPN-002-2,RJPN-002,Band 3 (1800MHz),-99.8,-13.9,-5.0,65.4,23.9,73.2
2026-10-15 12:00:00,RJPN-002-3,RJPN-002,Band 3 (1800MHz),-81.3,-11.5,19.9,44.7,36.8,105.6
2026-10-15 12:00:00,RJPN-003-1,RJPN-003,Band 1 (2100MHz),-87.1,-10.5,4.4,67.2,24.8,71.1
2026-10-15 12:00:00,RJPN-003-2,RJPN-003,Band 1 (2100MHz),-76.4,-12.7,20.4,40.4,36.7,93.6
2026-10-15 12:00:00,RJPN-003-3,RJPN-003,Band 1 (2100MHz),-86.1,-8.8,12.6,39.0,36.2,111.3
2026-10-15 12:00:00,RJPN-004-1,RJPN-004,Band 3 (1800MHz),-86.0,-12.9,19.3,46.9,16.5,63.5
2026-10-15 12:00:00,RJPN-004-2,RJPN-004,Band 3 (1800MHz),-88.3,-8.5,11.7,58.7,21.4,73.0
2026-10-15 12:00:00,RJPN-004-3,RJPN-004,Band 3 (1800MHz),-81.9,-11.1,15.4,50.7,17.1,73.3
2026-10-15 12:00:00,RJPN-005-1,RJPN-005,Band 1 (2100MHz),-89.2,-10.7,10.1,45.0,31.9,72.6
2026-10-15 12:00:00,RJPN-005-2,RJPN-005,Band 1 (2100MHz),-87.7,-6.5,11.7,65.2,37.7,59.4
2026-10-15 12:00:00,RJPN-005-3,RJPN-005,Band 1 (2100MHz),-80.3,-9.2,15.9,62.2,27.8,95.4
2026-10-15 12:00:00,RJPN-006-1,RJPN-006,Band 3 (1800MHz),-81.8,-8.0,25.3,36.7,35.2,47.3
2026-10-15 12:00:00,RJPN-006-2,RJPN-006,Band 3 (1800MHz),-88.6,-14.3,18.7,73.2,38.9,66.0
2026-10-15 12:00:00,RJPN-006-3,RJPN-006,Band 3 (1800MHz),-89.5,-12.5,16.6,52.8,29.2,60.8
2026-10-15 12:00:00,RJPN-007-1,RJPN-007,Band 1 (2100MHz),-88.7,-8.8,17.0,57.9,27.8,145.8
2026-10-15 12:00:00,RJPN-007-2,RJPN-007,Band 1 (2100MHz),-90.7,-10.7,16.7,51.0,31.2,66.9
2026-10-15 12:00:00,RJPN-007-3,RJPN-007,Band 1 (2100MHz),-88.2,-9.3,18.0,46.3,28.0,48.1
2026-10-15 12:00:00,RJPN-008-1,RJPN-008,Band 3 (1800MHz),-74.5,-6.9,12.7,47.7,36.2,64.8
2026-10-15 12:00:00,RJPN-008-2,RJPN-008,Band 3 (1800MHz),-84.4,-8.8,7.9,48.8,31.1,96.8
2026-10-15 12:00:00,RJPN-008-3,RJPN-008,Band 3 (1800MHz),-87.4,-10.6,18.2,45.7,42.9,75.3
2026-10-15 12:00:00,RJPN-009-1,RJPN-009,Band 1 (2100MHz),-86.0,-10.4,18.6,38.2,19.4,89.7
2026-10-15 12:00:00,RJPN-009-2,RJPN-009,Band 1 (2100MHz),-82.3,-13.9,25.6,64.3,33.6,75.7
2026-10-15 12:00:00,RJPN-009-3,RJPN-009,Band 1 (2100MHz),-87.1,-10.4,11.7,61.1,23.7,98.2
2026-10-15 12:00:00,RJPN-010-1,RJPN-010,Band 3 (1800MHz),-84.1,-12.6,20.4,32.5,30.1,41.1
2026-10-15 12:00:00,RJPN-010-2,RJPN-010,Band 3 (1800MHz),-88.7,-6.0,11.9,56.7,17.5,66.3
2026-10-15 12:00:00,RJPN-010-3,RJPN-010,Band 3 (1800MHz),-89.6,-9.0,9.6,44.4,25.3,92.5
2026-10-15 12:00:00,RJPN-011-1,RJPN-011,Band 1 (2100MHz),-88.3,-9.1,11.3,59.7,35.3,54.8
2026-10-15 12:00:00,RJPN-011-2,RJPN-011,Band 1 (2100MHz),-92.9,-17.1,1.5,39.6,33.3,125.9
2026-10-15 12:00:00,RJPN-011-3,RJPN-011,Band 1 (2100MHz),-104.6,-12.3,8.8,27.2,10.8,82.3
2026-10-15 13:00:00,RJPN-001-1,RJPN-001,Band 1 (2100MHz),-85.5,-9.9,11.1,56.1,30.9,70.8
2026-10-15 13:00:00,RJPN-001-2,RJPN-001,Band 1 (2100MHz),-87.9,-14.4,12.3,42.0,32.5,81.9
2026-10-15 13:00:00,RJPN-001-3,RJPN-001,Band 1 (2100MHz),-88.0,-8.2,7.0,49.0,24.4,105.1
2026-10-15 13:00:00,RJPN-002-1,RJPN-002,Band 3 (1800MHz),-85.0,-12.6,17.4,71.4,30.4,28.6
2026-10-15 13:00:00,RJPN-002-2,RJPN-002,Band 3 (1800MHz),-99.9,-13.6,2.4,31.8,34.4,76.9
2026-10-15 13:00:00,RJPN-002-3,RJPN-002,Band 3 (1800MHz),-88.4,-15.1,18.2,53.3,32.9,106.4
2026-10-15 13:00:00,RJPN-003-1,RJPN-003,Band 1 (2100MHz),-81.2,-13.2,17.9,43.1,32.4,98.6
2026-10-15 13:00:00,RJPN-003-2,RJPN-003,Band 1 (2100MHz),-80.1,-10.5,8.3,61.3,28.9,78.0
2026-10-15 13:00:00,RJPN-003-3,RJPN-003,Band 1 (2100MHz),-78.4,-10.7,7.5,42.4,42.4,68.7
2026-10-15 13:00:00,RJPN-004-1,RJPN-004,Band 3 (1800MHz),-84.9,-12.7,14.2,38.3,23.1,110.8
2026-10-15 13:00:00,RJPN-004-2,RJPN-004,Band 3 (1800MHz),-82.7,-10.5,11.0,77.1,22.3,99.3
2026-10-15 13:00:00,RJPN-004-3,RJPN-004,Band 3 (1800MHz),-91.0,-14.7,20.5,57.2,31.0,103.6
2026-10-15 13:00:00,RJPN-005-1,RJPN-005,Band 1 (2100MHz),-78.4,-10.0,15.6,68.9,27.0,78.3
2026-10-15 13:00:00,RJPN-005-2,RJPN-005,Band 1 (2100MHz),-84.7,-8.4,15.7,43.1,29.2,91.5
2026-10-15 13:00:00,RJPN-005-3,RJPN-005,Band 1 (2100MHz),-86.6,-6.4,13.3,41.1,39.5,105.5
2026-10-15 13:00:00,RJPN-006-1,RJPN-006,Band 3 (1800MHz),-87.7,-14.6,21.1,41.8,14.1,86.4
2026-10-15 13:00:00,RJPN-006-2,RJPN-006,Band 3 (1800MHz),-77.6,-10.6,16.8,67.3,47.9,101.5
2026-10-15 13:00:00,RJPN-006-3,RJPN-006,Band 3 (1800MHz),-79.9,-10.3,8.9,65.5,34.5,89.1
2026-10-15 13:00:00,RJPN-007-1,RJPN-007,Band 1 (2100MHz),-89.9,-9.7,16.7,54.0,34.7,89.5
2026-10-15 13:00:00,RJPN-007-2,RJPN-007,Band 1 (2100MHz),-81.6,-10.0,9.7,37.3,27.6,67.1
2026-10-15 13:00:00,RJPN-007-3,RJPN-007,Band 1 (2100MHz),-86.7,-10.9,14.5,61.5,25.1,94.6
2026-10-15 13:00:00,RJPN-008-1,RJPN-008,Band 3 (1800MHz),-80.1,-10.0,13.4,34.6,36.6,105.4
2026-10-15 13:00:00,RJPN-008-2,RJPN-008,Band 3 (1800MHz),-87.7,-8.9,19.3,64.6,31.3,79.1
2026-10-15 13:00:00,RJPN-008-3,RJPN-008,Band 3 (1800MHz),-91.7,-9.3,16.0,64.2,40.5,66.0
2026-10-15 13:00:00,RJPN-009-1,RJPN-009,Band 1 (2100MHz),-84.6,-13.6,17.9,30.9,26.3,116.1
2026-10-15 13:00:00,RJPN-009-2,RJPN-009,Band 1 (2100MHz),-89.1,-13.1,7.6,49.3,35.4,59.1
2026-10-15 13:00:00,RJPN-009-3,RJPN-009,Band 1 (2100MHz),-82.5,-8.2,16.3,37.6,29.6,113.9
2026-10-15 13:00:00,RJPN-010-1,RJPN-010,Band 3 (1800MHz),-84.5,-10.4,14.9,49.9,23.2,12.8
2026-10-15 13:00:00,RJPN-010-2,RJPN-010,Band 3 (1800MHz),-80.5,-8.7,24.9,60.0,40.2,76.7
2026-10-15 13:00:00,RJPN-010-3,RJPN-010,Band 3 (1800MHz),-83.0,-10.3,13.0,41.4,28.7,89.0
2026-10-15 13:00:00,RJPN-011-1,RJPN-011,Band 1 (2100MHz),-78.4,-12.3,11.9,39.0,25.3,76.3
2026-10-15 13:00:00,RJPN-011-2,RJPN-011,Band 1 (2100MHz),-96.0,-11.3,3.5,41.6,25.2,65.2
2026-10-15 13:00:00,RJPN-011-3,RJPN-011,Band 1 (2100MHz),-90.5,-15.9,4.7,49.8,28.8,101.8
2026-10-15 14:00:00,RJPN-001-1,RJPN-001,Band 1 (2100MHz),-82.6,-7.9,20.3,46.8,28.8,94.1
2026-10-15 14:00:00,RJPN-001-2,RJPN-001,Band 1 (2100MHz),-84.1,-12.0,8.8,58.9,23.0,79.7
2026-10-15 14:00:00,RJPN-001-3,RJPN-001,Band 1 (2100MHz),-82.8,-12.3,11.9,44.2,46.4,31.8
2026-10-15 14:00:00,RJPN-002-1,RJPN-002,Band 3 (1800MHz),-91.0,-7.7,12.2,53.8,30.5,87.7
2026-10-15 14:00:00,RJPN-002-2,RJPN-002,Band 3 (1800MHz),-89.2,-14.8,15.6,41.3,21.8,123.7
2026-10-15 14:00:00,RJPN-002-3,RJPN-002,Band 3 (1800MHz),-89.9,-11.7,7.4,43.3,33.7,84.7
2026-10-15 14:00:00,RJPN-003-1,RJPN-003,Band 1 (2100MHz),-84.0,-9.0,16.2,40.2,21.9,95.0
2026-10-15 14:00:00,RJPN-003-2,RJPN-003,Band 1 (2100MHz),-87.1,-10.5,12.9,48.8,23.5,90.4
2026-10-15 14:00:00,RJPN-003-3,RJPN-003,Band 1 (2100MHz),-85.7,-8.8,15.4,47.4,29.6,106.3
2026-10-15 14:00:00,RJPN-004-1,RJPN-004,Band 3 (1800MHz),-85.7,-10.1,9.8,45.6,17.3,65.2
2026-10-15 14:00:00,RJPN-004-2,RJPN-004,Band 3 (1800MHz),-88.0,-9.0,16.3,41.7,33.0,90.3
2026-10-15 14:00:00,RJPN-004-3,RJPN-004,Band 3 (1800MHz),-77.2,-9.0,16.3,35.7,28.0,110.0
2026-10-15 14:00:00,RJPN-005-1,RJPN-005,Band 1 (2100MHz),-92.6,-13.2,21.8,49.2,24.9,64.6
2026-10-15 14:00:00,RJPN-005-2,RJPN-005,Band 1 (2100MHz),-87.3,-8.5,5.0,48.3,30.3,69.0
2026-10-15 14:00:00,RJPN-005-3,RJPN-005,Band 1 (2100MHz),-87.9,-12.0,17.0,44.3,28.8,107.6
2026-10-15 14:00:00,RJPN-006-1,RJPN-006,Band 3 (1800MHz),-84.2,-12.1,14.9,34.3,9.7,114.9
2026-10-15 14:00:00,RJPN-006-2,RJPN-006,Band 3 (1800MHz),-84.7,-12.4,14.5,51.4,25.0,103.1
2026-10-15 14:00:00,RJPN-006-3,RJPN-006,Band 3 (1800MHz),-82.0,-8.2,16.0,57.6,22.3,88.1
2026-10-15 14:00:00,RJPN-007-1,RJPN-007,Band 1 (2100MHz),-85.8,-8.2,24.7,64.8,13.9,59.8
2026-10-15 14:00:00,RJPN-007-2,RJPN-007,Band 1 (2100MHz),-84.6,-8.8,15.2,31.5,32.5,84.3
2026-10-15 14:00:00,RJPN-007-3,RJPN-007,Band 1 (2100MHz),-80.7,-14.8,17.2,28.3,26.8,113.8
2026-10-15 14:00:00,RJPN-008-1,RJPN-008,Band 3 (1800MHz),-92.5,-8.0,18.9,50.6,20.8,60.8
2026-10-15 14:00:00,RJPN-008-2,RJPN-008,Band 3 (1800MHz),-75.7,-8.9,2.3,49.3,47.9,60.3
2026-10-15 14:00:00,RJPN-008-3,RJPN-008,Band 3 (1800MHz),-83.9,-11.3,12.0,57.6,33.7,49.8
2026-10-15 14:00:00,RJPN-009-1,RJPN-009,Band 1 (2100MHz),-81.8,-7.6,11.5,37.3,38.3,102.7
2026-10-15 14:00:00,RJPN-009-2,RJPN-009,Band 1 (2100MHz),-89.6,-11.6,15.0,49.8,44.4,85.9
2026-10-15 14:00:00,RJPN-009-3,RJPN-009,Band 1 (2100MHz),-90.2,-11.2,14.1,52.5,30.5,62.7
2026-10-15 14:00:00,RJPN-010-1,RJPN-010,Band 3 (1800MHz),-84.7,-9.8,12.1,58.2,32.7,78.3
2026-10-15 14:00:00,RJPN-010-2,RJPN-010,Band 3 (1800MHz),-90.5,-10.5,15.1,46.4,25.9,93.5
2026-10-15 14:00:00,RJPN-010-3,RJPN-010,Band 3 (1800MHz),-86.5,-14.0,16.0,46.3,19.0,102.1
2026-10-15 14:00:00,RJPN-011-1,RJPN-011,Band 1 (2100MHz),-88.3,-9.0,14.0,29.6,29.5,90.5
2026-10-15 14:00:00,RJPN-011-2,RJPN-011,Band 1 (2100MHz),-104.1,-12.4,6.5,54.2,31.3,86.4
2026-10-15 14:00:00,RJPN-011-3,RJPN-011,Band 1 (2100MHz),-91.4,-17.1,7.2,38.2,26.5,79.8
2026-10-15 15:00:00,RJPN-001-1,RJPN-001,Band 1 (2100MHz),-86.5,-8.8,11.7,22.3,16.1,15.6
2026-10-15 15:00:00,RJPN-001-2,RJPN-001,Band 1 (2100MHz),-81.3,-10.3,12.3,17.9,24.4,27.1
2026-10-15 15:00:00,RJPN-001-3,RJPN-001,Band 1 (2100MHz),-80.5,-9.5,14.8,0.0,7.2,80.3
2026-10-15 15:00:00,RJPN-002-1,RJPN-002,Band 3 (1800MHz),-89.1,-6.9,11.2,34.3,5.3,0.0
2026-10-15 15:00:00,RJPN-002-2,RJPN-002,Band 3 (1800MHz),-99.0,-12.1,5.4,12.4,4.3,40.8
2026-10-15 15:00:00,RJPN-002-3,RJPN-002,Band 3 (1800MHz),-84.6,-7.1,9.6,27.5,8.3,39.6
2026-10-15 15:00:00,RJPN-003-1,RJPN-003,Band 1 (2100MHz),-90.1,-9.3,10.2,19.1,14.2,2.3
2026-10-15 15:00:00,RJPN-003-2,RJPN-003,Band 1 (2100MHz),-80.5,-7.4,16.5,5.5,13.7,3.3
2026-10-15 15:00:00,RJPN-003-3,RJPN-003,Band 1 (2100MHz),-89.6,-8.3,14.7,34.0,11.8,17.8
2026-10-15 15:00:00,RJPN-004-1,RJPN-004,Band 3 (1800MHz),-87.8,-10.4,14.7,35.6,9.3,0.0
2026-10-15 15:00:00,RJPN-004-2,RJPN-004,Band 3 (1800MHz),-83.1,-8.9,15.0,6.6,11.8,36.5
2026-10-15 15:00:00,RJPN-004-3,RJPN-004,Band 3 (1800MHz),-93.3,-9.0,10.6,9.9,14.4,49.0
2026-10-15 15:00:00,RJPN-005-1,RJPN-005,Band 1 (2100MHz),-86.7,-8.4,10.2,16.9,13.0,31.5
2026-10-15 15:00:00,RJPN-005-2,RJPN-005,Band 1 (2100MHz),-79.0,-7.0,8.5,31.3,15.3,39.1
2026-10-15 15:00:00,RJPN-005-3,RJPN-005,Band 1 (2100MHz),-84.6,-8.0,9.0,14.4,5.7,27.8
2026-10-15 15:00:00,RJPN-006-1,RJPN-006,Band 3 (1800MHz),-83.2,-7.4,29.3,15.8,7.8,25.8
2026-10-15 15:00:00,RJPN-006-2,RJPN-006,Band 3 (1800MHz),-81.2,-7.1,22.5,23.6,0.0,6.8
2026-10-15 15:00:00,RJPN-006-3,RJPN-006,Band 3 (1800MHz),-88.1,-11.6,14.0,17.5,6.9,43.6
2026-10-15 15:00:00,RJPN-007-1,RJPN-007,Band 1 (2100MHz),-85.2,-8.2,18.7,0.6,16.4,40.4
2026-10-15 15:00:00,RJPN-007-2,RJPN-007,Band 1 (2100MHz),-87.0,-7.4,21.4,26.5,5.0,10.0
2026-10-15 15:00:00,RJPN-007-3,RJPN-007,Band 1 (2100MHz),-87.7,-7.2,6.4,28.8,9.5,0.0
2026-10-15 15:00:00,RJPN-008-1,RJPN-008,Band 3 (1800MHz),-82.7,-8.6,10.7,34.2,14.4,24.0
2026-10-15 15:00:00,RJPN-008-2,RJPN-008,Band 3 (1800MHz),-81.1,-2.9,18.1,7.1,11.5,31.5
2026-10-15 15:00:00,RJPN-008-3,RJPN-008,Band 3 (1800MHz),-87.8,-8.7,7.8,18.8,0.0,2.7
2026-10-15 15:00:00,RJPN-009-1,RJPN-009,Band 1 (2100MHz),-85.6,-9.5,5.0,30.2,28.5,30.9
2026-10-15 15:00:00,RJPN-009-2,RJPN-009,Band 1 (2100MHz),-87.3,-8.9,11.2,40.2,16.1,12.5
2026-10-15 15:00:00,RJPN-009-3,RJPN-009,Band 1 (2100MHz),-87.6,-7.3,11.4,38.1,1.8,26.7
2026-10-15 15:00:00,RJPN-010-1,RJPN-010,Band 3 (1800MHz),-85.8,-10.3,13.2,19.5,4.1,34.8
2026-10-15 15:00:00,RJPN-010-2,RJPN-010,Band 3 (1800MHz),-82.4,-8.1,11.6,0.0,6.9,29.5
2026-10-15 15:00:00,RJPN-010-3,RJPN-010,Band 3 (1800MHz),-82.0,-7.9,13.4,0.0,4.3,37.0
2026-10-15 15:00:00,RJPN-011-1,RJPN-011,Band 1 (2100MHz),-84.8,-7.4,12.5,0.0,12.4,12.2
2026-10-15 15:00:00,RJPN-011-2,RJPN-011,Band 1 (2100MHz),-99.7,-12.5,5.6,19.7,22.5,47.2
2026-10-15 15:00:00,RJPN-011-3,RJPN-011,Band 1 (2100MHz),-96.7,-13.0,2.8,26.3,9.8,15.7
2026-10-15 16:00:00,RJPN-001-1,RJPN-001,Band 1 (2100MHz),-82.4,-10.6,14.8,89.5,48.7,93.8
2026-10-15 16:00:00,RJPN-001-2,RJPN-001,Band 1 (2100MHz),-86.6,-11.2,16.8,71.9,49.2,107.6
2026-10-15 16:00:00,RJPN-001-3,RJPN-001,Band 1 (2100MHz),-87.6,-10.4,7.9,83.4,50.3,106.9
2026-10-15 16:00:00,RJPN-002-1,RJPN-002,Band 3 (1800MHz),-86.9,-8.7,17.4,54.5,47.5,126.6
2026-10-15 16:00:00,RJPN-002-2,RJPN-002,Band 3 (1800MHz),-101.4,-17.7,2.2,59.5,35.1,112.2
2026-10-15 16:00:00,RJPN-002-3,RJPN-002,Band 3 (1800MHz),-84.4,-10.9,14.3,80.5,47.4,112.7
2026-10-15 16:00:00,RJPN-003-1,RJPN-003,Band 1 (2100MHz),-88.3,-11.8,16.0,71.3,51.3,134.2
2026-10-15 16:00:00,RJPN-003-2,RJPN-003,Band 1 (2100MHz),-83.9,-12.3,14.4,52.5,59.7,143.3
2026-10-15 16:00:00,RJPN-003-3,RJPN-003,Band 1 (2100MHz),-83.8,-16.6,14.2,68.3,36.3,91.6
2026-10-15 16:00:00,RJPN-004-1,RJPN-004,Band 3 (1800MHz),-87.6,-9.3,24.3,69.1,42.0,94.1
2026-10-15 16:00:00,RJPN-004-2,RJPN-004,Band 3 (1800MHz),-82.8,-9.5,16.0,71.4,35.1,77.3
2026-10-15 16:00:00,RJPN-004-3,RJPN-004,Band 3 (1800MHz),-88.0,-9.2,16.3,62.3,42.5,117.7
2026-10-15 16:00:00,RJPN-005-1,RJPN-005,Band 1 (2100MHz),-83.9,-10.9,18.0,72.8,32.2,130.0
2026-10-15 16:00:00,RJPN-005-2,RJPN-005,Band 1 (2100MHz),-79.2,-9.9,14.8,53.7,28.3,118.9
2026-10-15 16:00:00,RJPN-005-3,RJPN-005,Band 1 (2100MHz),-87.8,-8.7,6.6,28.8,33.7,139.4
2026-10-15 16:00:00,RJPN-006-1,RJPN-006,Band 3 (1800MHz),-84.7,-7.3,13.8,45.3,33.0,84.8
2026-10-15 16:00:00,RJPN-006-2,RJPN-006,Band 3 (1800MHz),-88.3,-12.2,17.2,67.8,37.3,93.8
2026-10-15 16:00:00,RJPN-006-3,RJPN-006,Band 3 (1800MHz),-84.7,-13.4,15.0,61.2,30.9,114.9
2026-10-15 16:00:00,RJPN-007-1,RJPN-007,Band 1 (2100MHz),-90.3,-9.5,10.2,85.7,30.1,135.9
2026-10-15 16:00:00,RJPN-007-2,RJPN-007,Band 1 (2100MHz),-84.6,-12.7,11.3,44.6,25.4,142.8
2026-10-15 16:00:00,RJPN-007-3,RJPN-007,Band 1 (2100MHz),-81.6,-12.2,10.1,66.1,41.3,131.5
2026-10-15 16:00:00,RJPN-008-1,RJPN-008,Band 3 (1800MHz),-86.6,-11.8,10.5,71.0,41.4,90.0
2026-10-15 16:00:00,RJPN-008-2,RJPN-008,Band 3 (1800MHz),-84.4,-9.4,9.9,70.4,44.8,128.6
2026-10-15 16:00:00,RJPN-008-3,RJPN-008,Band 3 (1800MHz),-86.9,-8.2,12.8,69.3,32.3,131.1
2026-10-15 16:00:00,RJPN-009-1,RJPN-009,Band 1 (2100MHz),-82.6,-11.0,21.8,64.8,56.1,84.1
2026-10-15 16:00:00,RJPN-009-2,RJPN-009,Band 1 (2100MHz),-85.5,-11.7,7.3,46.5,26.7,93.3
2026-10-15 16:00:00,RJPN-009-3,RJPN-009,Band 1 (2100MHz),-75.5,-11.3,17.2,70.2,30.3,126.7
2026-10-15 16:00:00,RJPN-010-1,RJPN-010,Band 3 (1800MHz),-83.1,-14.3,12.0,72.9,46.8,63.0
2026-10-15 16:00:00,RJPN-010-2,RJPN-010,Band 3 (1800MHz),-81.8,-10.2,11.6,83.5,28.4,127.1
2026-10-15 16:00:00,RJPN-010-3,RJPN-010,Band 3 (1800MHz),-85.6,-11.2,17.5,75.8,45.9,83.8
2026-10-15 16:00:00,RJPN-011-1,RJPN-011,Band 1 (2100MHz),-87.4,-8.8,9.2,68.7,21.0,114.2
2026-10-15 16:00:00,RJPN-011-2,RJPN-011,Band 1 (2100MHz),-94.9,-15.5,3.6,67.3,46.7,82.4
2026-10-15 16:00:00,RJPN-011-3,RJPN-011,Band 1 (2100MHz),-98.3,-17.3,-2.0,50.7,45.5,93.3
2026-10-15 17:00:00,RJPN-001-1,RJPN-001,Band 1 (2100MHz),-86.0,-10.3,10.9,62.3,47.2,91.3
2026-10-15 17:00:00,RJPN-001-2,RJPN-001,Band 1 (2100MHz),-81.0,-10.0,11.1,75.8,44.3,118.8
2026-10-15 17:00:00,RJPN-001-3,RJPN-001,Band 1 (2100MHz),-80.3,-14.6,8.3,100.0,38.7,107.3
2026-10-15 17:00:00,RJPN-002-1,RJPN-002,Band 3 (1800MHz),-83.5,-12.6,13.5,100.0,52.6,159.8
2026-10-15 17:00:00,RJPN-002-2,RJPN-002,Band 3 (1800MHz),-100.1,-12.4,4.2,62.1,34.7,91.2
2026-10-15 17:00:00,RJPN-002-3,RJPN-002,Band 3 (1800MHz),-81.2,-11.8,7.3,76.7,55.2,100.2
2026-10-15 17:00:00,RJPN-003-1,RJPN-003,Band 1 (2100MHz),-83.7,-12.4,14.8,62.4,42.0,118.4
2026-10-15 17:00:00,RJPN-003-2,RJPN-003,Band 1 (2100MHz),-86.0,-13.8,5.2,67.6,49.4,98.8
2026-10-15 17:00:00,RJPN-003-3,RJPN-003,Band 1 (2100MHz),-81.1,-11.3,12.4,66.7,43.5,94.1
2026-10-15 17:00:00,RJPN-004-1,RJPN-004,Band 3 (1800MHz),-84.5,-9.3,9.6,93.7,30.4,111.7
2026-10-15 17:00:00,RJPN-004-2,RJPN-004,Band 3 (1800MHz),-87.9,-6.1,10.7,72.9,39.5,124.2
2026-10-15 17:00:00,RJPN-004-3,RJPN-004,Band 3 (1800MHz),-84.6,-11.1,18.2,84.1,37.8,107.4
2026-10-15 17:00:00,RJPN-005-1,RJPN-005,Band 1 (2100MHz),-82.7,-12.0,15.8,69.4,50.6,161.7
2026-10-15 17:00:00,RJPN-005-2,RJPN-005,Band 1 (2100MHz),-83.0,-11.3,10.2,89.9,31.5,152.2
2026-10-15 17:00:00,RJPN-005-3,RJPN-005,Band 1 (2100MHz),-88.2,-12.1,18.2,64.8,50.2,100.7
2026-10-15 17:00:00,RJPN-006-1,RJPN-006,Band 3 (1800MHz),-85.1,-8.5,1.5,66.0,42.8,128.9
2026-10-15 17:00:00,RJPN-006-2,RJPN-006,Band 3 (1800MHz),-83.1,-10.7,8.3,75.3,59.3,124.8
2026-10-15 17:00:00,RJPN-006-3,RJPN-006,Band 3 (1800MHz),-89.1,-13.0,11.0,70.7,31.1,91.1
2026-10-15 17:00:00,RJPN-007-1,RJPN-007,Band 1 (2100MHz),-83.1,-11.0,17.4,87.3,41.8,107.2
2026-10-15 17:00:00,RJPN-007-2,RJPN-007,Band 1 (2100MHz),-92.2,-13.6,13.6,77.5,34.8,129.0
2026-10-15 17:00:00,RJPN-007-3,RJPN-007,Band 1 (2100MHz),-81.7,-12.5,7.2,95.1,43.3,88.3
2026-10-15 17:00:00,RJPN-008-1,RJPN-008,Band 3 (1800MHz),-92.8,-7.9,7.4,55.6,40.7,120.0
2026-10-15 17:00:00,RJPN-008-2,RJPN-008,Band 3 (1800MHz),-89.8,-10.2,18.3,66.3,44.0,144.8
2026-10-15 17:00:00,RJPN-008-3,RJPN-008,Band 3 (1800MHz),-87.2,-11.2,14.6,57.1,35.3,99.6
2026-10-15 17:00:00,RJPN-009-1,RJPN-009,Band 1 (2100MHz),-80.7,-12.5,7.8,65.9,42.7,94.6
2026-10-15 17:00:00,RJPN-009-2,RJPN-009,Band 1 (2100MHz),-85.6,-12.4,8.7,66.9,38.7,93.0
2026-10-15 17:00:00,RJPN-009-3,RJPN-009,Band 1 (2100MHz),-77.8,-10.5,16.8,75.2,32.7,110.0
2026-10-15 17:00:00,RJPN-010-1,RJPN-010,Band 3 (1800MHz),-84.0,-9.9,17.6,81.3,31.6,129.6
2026-10-15 17:00:00,RJPN-010-2,RJPN-010,Band 3 (1800MHz),-85.3,-9.5,9.6,94.2,31.6,132.2
2026-10-15 17:00:00,RJPN-010-3,RJPN-010,Band 3 (1800MHz),-85.0,-14.2,11.5,68.8,30.4,99.5
2026-10-15 17:00:00,RJPN-011-1,RJPN-011,Band 1 (2100MHz),-84.3,-12.4,4.0,75.9,36.8,115.6
2026-10-15 17:00:00,RJPN-011-2,RJPN-011,Band 1 (2100MHz),-101.8,-13.9,-1.4,75.1,40.3,106.6
2026-10-15 17:00:00,RJPN-011-3,RJPN-011,Band 1 (2100MHz),-97.9,-17.2,4.8,74.3,37.8,74.6
2026-10-15 18:00:00,RJPN-001-1,RJPN-001,Band 1 (2100MHz),-75.4,-14.0,10.9,63.0,32.1,159.0
2026-10-15 18:00:00,RJPN-001-2,RJPN-001,Band 1 (2100MHz),-82.5,-11.4,9.9,73.4,49.2,83.7
2026-10-15 18:00:00,RJPN-001-3,RJPN-001,Band 1 (2100MHz),-90.0,-11.6,13.0,74.8,46.9,135.2
2026-10-15 18:00:00,RJPN-002-1,RJPN-002,Band 3 (1800MHz),-83.8,-9.4,9.0,79.3,35.3,157.3
2026-10-15 18:00:00,RJPN-002-2,RJPN-002,Band 3 (1800MHz),-98.3,-15.5,7.1,69.8,20.3,164.4
2026-10-15 18:00:00,RJPN-002-3,RJPN-002,Band 3 (1800MHz),-93.8,-10.3,9.4,75.6,54.9,122.0
2026-10-15 18:00:00,RJPN-003-1,RJPN-003,Band 1 (2100MHz),-91.6,-14.0,13.1,62.2,41.7,122.2
2026-10-15 18:00:00,RJPN-003-2,RJPN-003,Band 1 (2100MHz),-83.1,-10.2,16.6,91.3,37.5,103.1
2026-10-15 18:00:00,RJPN-003-3,RJPN-003,Band 1 (2100MHz),-89.9,-11.5,17.9,72.5,46.6,145.0
2026-10-15 18:00:00,RJPN-004-1,RJPN-004,Band 3 (1800MHz),-83.4,-9.9,11.7,69.4,52.7,132.7
2026-10-15 18:00:00,RJPN-004-2,RJPN-004,Band 3 (1800MHz),-87.7,-11.5,12.6,71.0,42.5,99.7
2026-10-15 18:00:00,RJPN-004-3,RJPN-004,Band 3 (1800MHz),-83.8,-10.0,10.7,69.8,30.6,121.4
2026-10-15 18:00:00,RJPN-005-1,RJPN-005,Band 1 (2100MHz),-90.5,-10.9,9.9,74.7,33.7,153.5
2026-10-15 18:00:00,RJPN-005-2,RJPN-005,Band 1 (2100MHz),-86.1,-9.0,17.2,88.4,47.4,125.4
2026-10-15 18:00:00,RJPN-005-3,RJPN-005,Band 1 (2100MHz),-91.4,-11.4,19.1,70.2,55.3,136.0
2026-10-15 18:00:00,RJPN-006-1,RJPN-006,Band 3 (1800MHz),-87.9,-12.3,11.0,53.3,49.7,101.6
2026-10-15 18:00:00,RJPN-006-2,RJPN-006,Band 3 (1800MHz),-82.1,-7.6,14.6,94.5,46.1,155.4
2026-10-15 18:00:00,RJPN-006-3,RJPN-006,Band 3 (1800MHz),-85.6,-10.2,23.5,64.6,46.1,133.5
2026-10-15 18:00:00,RJPN-007-1,RJPN-007,Band 1 (2100MHz),-85.5,-9.7,10.9,99.3,52.8,112.2
2026-10-15 18:00:00,RJPN-007-2,RJPN-007,Band 1 (2100MHz),-87.4,-11.6,14.4,70.4,41.5,116.8
2026-10-15 18:00:00,RJPN-007-3,RJPN-007,Band 1 (2100MHz),-87.7,-11.2,17.4,69.6,46.4,111.3
2026-10-15 18:00:00,RJPN-008-1,RJPN-008,Band 3 (1800MHz),-91.2,-12.9,8.6,84.9,36.6,118.8
2026-10-15 18:00:00,RJPN-008-2,RJPN-008,Band 3 (1800MHz),-90.4,-10.2,21.7,82.4,49.9,100.5
2026-10-15 18:00:00,RJPN-008-3,RJPN-008,Band 3 (1800MHz),-88.9,-15.1,5.8,77.7,20.2,108.4
2026-10-15 18:00:00,RJPN-009-1,RJPN-009,Band 1 (2100MHz),-82.1,-10.7,11.5,81.3,35.1,115.6
2026-10-15 18:00:00,RJPN-009-2,RJPN-009,Band 1 (2100MHz),-82.7,-12.1,8.9,79.9,48.3,121.5
2026-10-15 18:00:00,RJPN-009-3,RJPN-009,Band 1 (2100MHz),-90.0,-13.0,18.8,52.0,47.8,169.5
2026-10-15 18:00:00,RJPN-010-1,RJPN-010,Band 3 (1800MHz),-80.8,-9.1,19.0,40.5,28.3,148.3
2026-10-15 18:00:00,RJPN-010-2,RJPN-010,Band 3 (1800MHz),-82.7,-13.4,14.6,50.5,46.8,98.5
2026-10-15 18:00:00,RJPN-010-3,RJPN-010,Band 3 (1800MHz),-79.2,-11.7,10.5,61.7,36.9,137.2
2026-10-15 18:00:00,RJPN-011-1,RJPN-011,Band 1 (2100MHz),-92.0,-9.8,3.7,76.8,53.5,125.3
2026-10-15 18:00:00,RJPN-011-2,RJPN-011,Band 1 (2100MHz),-98.1,-16.4,4.4,97.6,66.1,102.0
2026-10-15 18:00:00,RJPN-011-3,RJPN-011,Band 1 (2100MHz),-99.8,-14.6,0.6,93.0,37.1,132.3
2026-10-15 19:00:00,RJPN-001-1,RJPN-001,Band 1 (2100MHz),-89.7,-10.3,19.7,69.0,51.6,56.3
2026-10-15 19:00:00,RJPN-001-2,RJPN-001,Band 1 (2100MHz),-83.8,-11.2,17.0,47.6,50.9,129.6
2026-10-15 19:00:00,RJPN-001-3,RJPN-001,Band 1 (2100MHz),-88.4,-9.1,6.8,52.2,52.9,119.8
2026-10-15 19:00:00,RJPN-002-1,RJPN-002,Band 3 (1800MHz),-83.8,-12.6,6.5,81.4,57.7,117.4
2026-10-15 19:00:00,RJPN-002-2,RJPN-002,Band 3 (1800MHz),-97.3,-14.9,-5.4,63.3,41.0,151.5
2026-10-15 19:00:00,RJPN-002-3,RJPN-002,Band 3 (1800MHz),-85.5,-10.3,13.0,65.4,41.2,114.2
2026-10-15 19:00:00,RJPN-003-1,RJPN-003,Band 1 (2100MHz),-90.5,-12.9,12.8,42.6,38.6,137.2
2026-10-15 19:00:00,RJPN-003-2,RJPN-003,Band 1 (2100MHz),-78.6,-8.9,25.8,60.1,43.5,117.4
2026-10-15 19:00:00,RJPN-003-3,RJPN-003,Band 1 (2100MHz),-90.2,-12.2,15.9,89.2,31.7,155.3
2026-10-15 19:00:00,RJPN-004-1,RJPN-004,Band 3 (1800MHz),-86.5,-9.0,14.9,74.5,47.1,128.5
2026-10-15 19:00:00,RJPN-004-2,RJPN-004,Band 3 (1800MHz),-79.3,-11.6,16.3,66.2,45.0,109.8
2026-10-15 19:00:00,RJPN-004-3,RJPN-004,Band 3 (1800MHz),-82.8,-15.9,13.6,73.5,33.9,130.8
2026-10-15 19:00:00,RJPN-005-1,RJPN-005,Band 1 (2100MHz),-83.6,-14.6,5.5,70.0,33.2,124.2
2026-10-15 19:00:00,RJPN-005-2,RJPN-005,Band 1 (2100MHz),-86.0,-12.5,10.8,99.9,61.6,112.0
2026-10-15 19:00:00,RJPN-005-3,RJPN-005,Band 1 (2100MHz),-84.3,-13.3,9.8,65.8,49.1,121.7
2026-10-15 19:00:00,RJPN-006-1,RJPN-006,Band 3 (1800MHz),-82.5,-8.3,7.0,82.8,41.8,119.1
2026-10-15 19:00:00,RJPN-006-2,RJPN-006,Band 3 (1800MHz),-89.5,-10.9,14.9,75.6,40.3,133.2
2026-10-15 19:00:00,RJPN-006-3,RJPN-006,Band 3 (1800MHz),-80.8,-15.0,8.4,68.4,57.6,103.6
2026-10-15 19:00:00,RJPN-007-1,RJPN-007,Band 1 (2100MHz),-83.5,-11.5,13.3,84.2,49.3,119.4
2026-10-15 19:00:00,RJPN-007-2,RJPN-007,Band 1 (2100MHz),-84.1,-8.9,9.2,83.4,43.7,113.9
2026-10-15 19:00:00,RJPN-007-3,RJPN-007,Band 1 (2100MHz),-88.6,-10.8,8.9,56.7,31.8,151.4
2026-10-15 19:00:00,RJPN-008-1,RJPN-008,Band 3 (1800MHz),-85.3,-12.5,4.0,70.8,33.0,140.3
2026-10-15 19:00:00,RJPN-008-2,RJPN-008,Band 3 (1800MHz),-86.3,-11.7,8.3,68.2,36.9,98.8
2026-10-15 19:00:00,RJPN-008-3,RJPN-008,Band 3 (1800MHz),-86.8,-11.3,9.1,49.3,42.2,136.3
2026-10-15 19:00:00,RJPN-009-1,RJPN-009,Band 1 (2100MHz),-73.0,-9.6,25.5,91.3,23.9,129.9
2026-10-15 19:00:00,RJPN-009-2,RJPN-009,Band 1 (2100MHz),-91.7,-14.1,7.4,81.5,52.8,128.1
2026-10-15 19:00:00,RJPN-009-3,RJPN-009,Band 1 (2100MHz),-87.0,-12.5,6.3,82.5,36.8,118.1
2026-10-15 19:00:00,RJPN-010-1,RJPN-010,Band 3 (1800MHz),-90.9,-11.4,2.9,71.5,30.7,103.2
2026-10-15 19:00:00,RJPN-010-2,RJPN-010,Band 3 (1800MHz),-90.6,-10.0,15.9,59.6,51.5,108.2
2026-10-15 19:00:00,RJPN-010-3,RJPN-010,Band 3 (1800MHz),-86.4,-10.1,18.1,58.5,55.5,122.3
2026-10-15 19:00:00,RJPN-011-1,RJPN-011,Band 1 (2100MHz),-87.0,-11.8,9.5,59.3,39.2,82.8
2026-10-15 19:00:00,RJPN-011-2,RJPN-011,Band 1 (2100MHz),-100.9,-18.8,1.9,93.0,48.1,114.4
2026-10-15 19:00:00,RJPN-011-3,RJPN-011,Band 1 (2100MHz),-102.0,-13.7,7.5,79.4,45.7,113.5
2026-10-15 20:00:00,RJPN-001-1,RJPN-001,Band 1 (2100MHz),-77.3,-9.0,21.1,73.0,34.5,110.3
2026-10-15 20:00:00,RJPN-001-2,RJPN-001,Band 1 (2100MHz),-86.8,-13.0,0.2,48.4,30.5,126.8
2026-10-15 20:00:00,RJPN-001-3,RJPN-001,Band 1 (2100MHz),-84.9,-10.1,12.3,81.2,41.7,123.4
2026-10-15 20:00:00,RJPN-002-1,RJPN-002,Band 3 (1800MHz),-83.9,-7.2,23.6,59.9,42.3,100.7
2026-10-15 20:00:00,RJPN-002-2,RJPN-002,Band 3 (1800MHz),-98.5,-12.9,-3.7,73.4,16.8,84.4
2026-10-15 20:00:00,RJPN-002-3,RJPN-002,Band 3 (1800MHz),-87.1,-9.3,8.8,88.8,28.0,129.3
2026-10-15 20:00:00,RJPN-003-1,RJPN-003,Band 1 (2100MHz),-91.9,-13.0,15.1,59.6,41.9,112.8
2026-10-15 20:00:00,RJPN-003-2,RJPN-003,Band 1 (2100MHz),-85.4,-11.7,12.9,46.6,47.6,115.0
2026-10-15 20:00:00,RJPN-003-3,RJPN-003,Band 1 (2100MHz),-85.9,-11.3,8.4,66.6,36.4,116.5
2026-10-15 20:00:00,RJPN-004-1,RJPN-004,Band 3 (1800MHz),-94.0,-9.7,19.7,56.5,28.0,99.9
2026-10-15 20:00:00,RJPN-004-2,RJPN-004,Band 3 (1800MHz),-81.3,-12.8,12.3,51.9,46.2,118.7
2026-10-15 20:00:00,RJPN-004-3,RJPN-004,Band 3 (1800MHz),-87.2,-6.6,8.4,70.7,40.3,100.4
2026-10-15 20:00:00,RJPN-005-1,RJPN-005,Band 1 (2100MHz),-84.9,-10.7,2.7,29.3,44.9,120.9
2026-10-15 20:00:00,RJPN-005-2,RJPN-005,Band 1 (2100MHz),-83.2,-6.9,7.6,52.3,39.3,101.4
2026-10-15 20:00:00,RJPN-005-3,RJPN-005,Band 1 (2100MHz),-88.8,-10.9,11.1,63.6,42.5,103.5
2026-10-15 20:00:00,RJPN-006-1,RJPN-006,Band 3 (1800MHz),-85.2,-9.4,9.8,62.3,31.6,97.0
2026-10-15 20:00:00,RJPN-006-2,RJPN-006,Band 3 (1800MHz),-82.3,-12.7,19.8,55.4,45.2,80.9
2026-10-15 20:00:00,RJPN-006-3,RJPN-006,Band 3 (1800MHz),-83.1,-9.1,-2.9,58.2,56.0,60.2
2026-10-15 20:00:00,RJPN-007-1,RJPN-007,Band 1 (2100MHz),-77.8,-10.5,8.9,45.9,46.4,84.9
2026-10-15 20:00:00,RJPN-007-2,RJPN-007,Band 1 (2100MHz),-81.7,-14.1,9.7,61.6,34.5,107.2
2026-10-15 20:00:00,RJPN-007-3,RJPN-007,Band 1 (2100MHz),-83.5,-12.1,16.1,52.4,35.5,104.6
2026-10-15 20:00:00,RJPN-008-1,RJPN-008,Band 3 (1800MHz),-81.0,-11.0,12.8,57.3,37.3,75.1
2026-10-15 20:00:00,RJPN-008-2,RJPN-008,Band 3 (1800MHz),-82.3,-14.1,15.9,45.8,47.3,83.3
2026-10-15 20:00:00,RJPN-008-3,RJPN-008,Band 3 (1800MHz),-84.8,-8.3,7.3,85.7,51.9,89.0
2026-10-15 20:00:00,RJPN-009-1,RJPN-009,Band 1 (2100MHz),-82.3,-9.8,8.3,48.7,38.4,101.5
2026-10-15 20:00:00,RJPN-009-2,RJPN-009,Band 1 (2100MHz),-80.3,-9.0,5.0,64.6,53.4,133.3
2026-10-15 20:00:00,RJPN-009-3,RJPN-009,Band 1 (2100MHz),-83.7,-9.2,9.7,84.8,35.3,98.4
2026-10-15 20:00:00,RJPN-010-1,RJPN-010,Band 3 (1800MHz),-90.3,-8.0,17.6,60.8,31.8,87.3
2026-10-15 20:00:00,RJPN-010-2,RJPN-010,Band 3 (1800MHz),-84.8,-11.3,8.7,53.3,49.2,87.7
2026-10-15 20:00:00,RJPN-010-3,RJPN-010,Band 3 (1800MHz),-85.3,-12.1,16.0,75.5,50.5,158.5
2026-10-15 20:00:00,RJPN-011-1,RJPN-011,Band 1 (2100MHz),-80.1,-12.3,12.1,65.7,44.5,79.1
2026-10-15 20:00:00,RJPN-011-2,RJPN-011,Band 1 (2100MHz),-99.9,-13.3,5.0,54.9,26.1,111.4
2026-10-15 20:00:00,RJPN-011-3,RJPN-011,Band 1 (2100MHz),-100.2,-13.8,6.0,78.9,20.0,103.9
2026-10-15 21:00:00,RJPN-001-1,RJPN-001,Band 1 (2100MHz),-86.5,-7.1,19.9,17.9,4.0,49.6
2026-10-15 21:00:00,RJPN-001-2,RJPN-001,Band 1 (2100MHz),-86.9,-10.4,9.7,31.7,13.3,56.3
2026-10-15 21:00:00,RJPN-001-3,RJPN-001,Band 1 (2100MHz),-86.9,-5.9,23.7,6.2,6.0,33.7
2026-10-15 21:00:00,RJPN-002-1,RJPN-002,Band 3 (1800MHz),-84.4,-6.6,5.7,24.2,3.2,38.0
2026-10-15 21:00:00,RJPN-002-2,RJPN-002,Band 3 (1800MHz),-95.5,-14.1,6.8,22.1,30.6,68.4
2026-10-15 21:00:00,RJPN-002-3,RJPN-002,Band 3 (1800MHz),-85.1,-9.4,11.8,38.9,18.5,29.3
2026-10-15 21:00:00,RJPN-003-1,RJPN-003,Band 1 (2100MHz),-90.8,-7.6,15.3,27.9,13.0,24.3
2026-10-15 21:00:00,RJPN-003-2,RJPN-003,Band 1 (2100MHz),-92.6,-10.7,9.5,39.7,12.3,21.9
2026-10-15 21:00:00,RJPN-003-3,RJPN-003,Band 1 (2100MHz),-91.4,-6.8,13.6,0.0,0.0,5.5
2026-10-15 21:00:00,RJPN-004-1,RJPN-004,Band 3 (1800MHz),-82.7,-10.7,17.2,22.1,12.2,48.1
2026-10-15 21:00:00,RJPN-004-2,RJPN-004,Band 3 (1800MHz),-88.3,-9.9,15.3,23.9,4.9,24.8
2026-10-15 21:00:00,RJPN-004-3,RJPN-004,Band 3 (1800MHz),-87.7,-8.9,3.8,21.1,8.1,23.1
2026-10-15 21:00:00,RJPN-005-1,RJPN-005,Band 1 (2100MHz),-92.2,-8.0,12.5,12.3,15.2,43.3
2026-10-15 21:00:00,RJPN-005-2,RJPN-005,Band 1 (2100MHz),-84.1,-6.6,12.1,11.4,9.8,31.1
2026-10-15 21:00:00,RJPN-005-3,RJPN-005,Band 1 (2100MHz),-87.3,-5.9,6.2,1.8,23.1,32.0
2026-10-15 21:00:00,RJPN-006-1,RJPN-006,Band 3 (1800MHz),-81.0,-10.3,4.1,27.9,13.8,11.3
2026-10-15 21:00:00,RJPN-006-2,RJPN-006,Band 3 (1800MHz),-89.5,-12.2,17.0,16.9,15.1,21.8
2026-10-15 21:00:00,RJPN-006-3,RJPN-006,Band 3 (1800MHz),-85.0,-10.1,14.1,6.7,20.8,5.0
2026-10-15 21:00:00,RJPN-007-1,RJPN-007,Band 1 (2100MHz),-90.3,-5.1,22.9,34.4,7.1,21.3
2026-10-15 21:00:00,RJPN-007-2,RJPN-007,Band 1 (2100MHz),-87.9,-6.6,8.9,15.1,17.4,46.0
2026-10-15 21:00:00,RJPN-007-3,RJPN-007,Band 1 (2100MHz),-82.5,-9.6,9.2,11.8,18.2,36.7
2026-10-15 21:00:00,RJPN-008-1,RJPN-008,Band 3 (1800MHz),-86.4,-8.6,17.8,11.3,20.9,57.9
2026-10-15 21:00:00,RJPN-008-2,RJPN-008,Band 3 (1800MHz),-81.8,-7.0,10.7,16.5,4.9,8.0
2026-10-15 21:00:00,RJPN-008-3,RJPN-008,Band 3 (1800MHz),-86.2,-6.6,17.9,24.4,4.8,24.2
2026-10-15 21:00:00,RJPN-009-1,RJPN-009,Band 1 (2100MHz),-86.6,-8.2,12.7,13.5,8.3,18.0
2026-10-15 21:00:00,RJPN-009-2,RJPN-009,Band 1 (2100MHz),-81.7,-9.6,14.9,0.0,17.4,27.6
2026-10-15 21:00:00,RJPN-009-3,RJPN-009,Band 1 (2100MHz),-82.3,-15.0,12.7,17.1,5.3,0.0
2026-10-15 21:00:00,RJPN-010-1,RJPN-010,Band 3 (1800MHz),-79.8,-11.2,9.7,28.0,0.0,34.5
2026-10-15 21:00:00,RJPN-010-2,RJPN-010,Band 3 (1800MHz),-90.0,-10.2,12.2,16.8,26.6,19.2
2026-10-15 21:00:00,RJPN-010-3,RJPN-010,Band 3 (1800MHz),-88.1,-8.7,13.2,18.0,20.0,1.6
2026-10-15 21:00:00,RJPN-011-1,RJPN-011,Band 1 (2100MHz),-80.2,-10.1,16.2,0.0,9.3,40.9
2026-10-15 21:00:00,RJPN-011-2,RJPN-011,Band 1 (2100MHz),-98.5,-12.9,-0.8,38.3,11.4,9.9
2026-10-15 21:00:00,RJPN-011-3,RJPN-011,Band 1 (2100MHz),-98.0,-15.9,12.2,6.9,14.4,18.8
2026-10-15 22:00:00,RJPN-001-1,RJPN-001,Band 1 (2100MHz),-85.5,-5.8,13.2,5.9,7.8,1.1
2026-10-15 22:00:00,RJPN-001-2,RJPN-001,Band 1 (2100MHz),-87.8,-7.8,16.9,10.1,0.0,43.1
2026-10-15 22:00:00,RJPN-001-3,RJPN-001,Band 1 (2100MHz),-83.5,-6.0,15.6,5.9,13.0,15.4
2026-10-15 22:00:00,RJPN-002-1,RJPN-002,Band 3 (1800MHz),-80.3,-7.1,9.5,0.2,6.3,17.2
2026-10-15 22:00:00,RJPN-002-2,RJPN-002,Band 3 (1800MHz),-99.1,-12.7,2.1,21.1,14.1,0.0
2026-10-15 22:00:00,RJPN-002-3,RJPN-002,Band 3 (1800MHz),-87.2,-9.8,10.7,4.4,0.0,0.0
2026-10-15 22:00:00,RJPN-003-1,RJPN-003,Band 1 (2100MHz),-81.1,-7.9,9.7,6.2,0.0,37.5
2026-10-15 22:00:00,RJPN-003-2,RJPN-003,Band 1 (2100MHz),-87.4,-8.9,7.0,20.8,16.4,44.4
2026-10-15 22:00:00,RJPN-003-3,RJPN-003,Band 1 (2100MHz),-83.3,-10.2,8.0,0.0,0.0,8.9
2026-10-15 22:00:00,RJPN-004-1,RJPN-004,Band 3 (1800MHz),-87.3,-6.7,16.6,13.4,0.0,7.4
2026-10-15 22:00:00,RJPN-004-2,RJPN-004,Band 3 (1800MHz),-87.6,-7.1,14.9,1.8,7.3,33.2
2026-10-15 22:00:00,RJPN-004-3,RJPN-004,Band 3 (1800MHz),-82.2,-5.5,10.1,0.0,4.8,36.4
2026-10-15 22:00:00,RJPN-005-1,RJPN-005,Band 1 (2100MHz),-92.1,-8.9,13.9,9.8,3.6,0.0
2026-10-15 22:00:00,RJPN-005-2,RJPN-005,Band 1 (2100MHz),-92.0,-4.4,7.9,0.0,13.6,20.6
2026-10-15 22:00:00,RJPN-005-3,RJPN-005,Band 1 (2100MHz),-84.5,-8.1,17.2,2.1,0.0,0.0
2026-10-15 22:00:00,RJPN-006-1,RJPN-006,Band 3 (1800MHz),-82.8,-9.3,10.9,0.0,9.5,17.1
2026-10-15 22:00:00,RJPN-006-2,RJPN-006,Band 3 (1800MHz),-85.8,-6.1,8.4,6.5,16.2,0.8
2026-10-15 22:00:00,RJPN-006-3,RJPN-006,Band 3 (1800MHz),-82.9,-6.8,15.2,10.9,32.6,0.0
2026-10-15 22:00:00,RJPN-007-1,RJPN-007,Band 1 (2100MHz),-81.7,-6.0,9.6,4.5,12.0,11.5
2026-10-15 22:00:00,RJPN-007-2,RJPN-007,Band 1 (2100MHz),-82.3,-8.1,10.5,16.9,9.0,6.1
2026-10-15 22:00:00,RJPN-007-3,RJPN-007,Band 1 (2100MHz),-82.5,-9.4,11.6,8.1,6.9,4.2
2026-10-15 22:00:00,RJPN-008-1,RJPN-008,Band 3 (1800MHz),-81.3,-6.3,15.9,0.0,15.7,36.0
2026-10-15 22:00:00,RJPN-008-2,RJPN-008,Band 3 (1800MHz),-87.8,-6.7,5.5,10.1,5.2,3.2
2026-10-15 22:00:00,RJPN-008-3,RJPN-008,Band 3 (1800MHz),-86.8,-10.5,14.2,16.7,11.2,10.0
2026-10-15 22:00:00,RJPN-009-1,RJPN-009,Band 1 (2100MHz),-89.7,-4.0,15.8,23.6,15.3,0.0
2026-10-15 22:00:00,RJPN-009-2,RJPN-009,Band 1 (2100MHz),-88.6,-8.5,12.2,16.3,4.0,18.7
2026-10-15 22:00:00,RJPN-009-3,RJPN-009,Band 1 (2100MHz),-83.8,-6.3,10.4,16.7,0.0,0.0
2026-10-15 22:00:00,RJPN-010-1,RJPN-010,Band 3 (1800MHz),-89.5,-10.0,9.2,0.0,13.9,1.3
2026-10-15 22:00:00,RJPN-010-2,RJPN-010,Band 3 (1800MHz),-87.3,-7.1,13.9,1.5,22.4,0.0
2026-10-15 22:00:00,RJPN-010-3,RJPN-010,Band 3 (1800MHz),-88.6,-8.6,11.0,7.6,0.0,43.4
2026-10-15 22:00:00,RJPN-011-1,RJPN-011,Band 1 (2100MHz),-80.9,-4.7,10.0,11.0,0.0,23.2
2026-10-15 22:00:00,RJPN-011-2,RJPN-011,Band 1 (2100MHz),-101.6,-10.2,1.6,14.4,7.7,25.5
2026-10-15 22:00:00,RJPN-011-3,RJPN-011,Band 1 (2100MHz),-97.8,-14.4,0.6,14.5,4.0,0.0
2026-10-15 23:00:00,RJPN-001-1,RJPN-001,Band 1 (2100MHz),-84.5,-9.6,19.2,6.4,0.0,3.5
2026-10-15 23:00:00,RJPN-001-2,RJPN-001,Band 1 (2100MHz),-83.8,-9.1,15.7,0.0,32.3,0.0
2026-10-15 23:00:00,RJPN-001-3,RJPN-001,Band 1 (2100MHz),-78.4,-7.5,8.8,3.2,11.4,0.0
2026-10-15 23:00:00,RJPN-002-1,RJPN-002,Band 3 (1800MHz),-81.2,-9.2,14.5,1.5,14.5,32.2
2026-10-15 23:00:00,RJPN-002-2,RJPN-002,Band 3 (1800MHz),-93.0,-13.3,-0.9,14.4,26.1,0.0
2026-10-15 23:00:00,RJPN-002-3,RJPN-002,Band 3 (1800MHz),-84.6,-6.9,10.1,2.6,0.0,46.1
2026-10-15 23:00:00,RJPN-003-1,RJPN-003,Band 1 (2100MHz),-90.0,-8.8,14.7,0.0,8.1,17.7
2026-10-15 23:00:00,RJPN-003-2,RJPN-003,Band 1 (2100MHz),-90.5,-7.7,12.6,7.8,10.1,23.6
2026-10-15 23:00:00,RJPN-003-3,RJPN-003,Band 1 (2100MHz),-92.5,-11.4,12.2,5.9,1.8,22.2
2026-10-15 23:00:00,RJPN-004-1,RJPN-004,Band 3 (1800MHz),-86.4,-7.7,21.0,0.0,14.9,12.7
2026-10-15 23:00:00,RJPN-004-2,RJPN-004,Band 3 (1800MHz),-83.8,-9.2,12.9,32.3,0.0,19.0
2026-10-15 23:00:00,RJPN-004-3,RJPN-004,Band 3 (1800MHz),-79.9,-5.4,11.3,0.0,36.0,0.0
2026-10-15 23:00:00,RJPN-005-1,RJPN-005,Band 1 (2100MHz),-86.0,-6.5,5.4,0.0,6.5,0.0
2026-10-15 23:00:00,RJPN-005-2,RJPN-005,Band 1 (2100MHz),-84.8,-6.4,11.0,0.0,0.0,2.6
2026-10-15 23:00:00,RJPN-005-3,RJPN-005,Band 1 (2100MHz),-80.8,-10.0,9.9,12.0,0.0,0.0
2026-10-15 23:00:00,RJPN-006-1,RJPN-006,Band 3 (1800MHz),-88.1,-3.5,7.2,14.2,6.5,26.0
2026-10-15 23:00:00,RJPN-006-2,RJPN-006,Band 3 (1800MHz),-86.3,-13.2,12.6,4.2,0.0,22.1
2026-10-15 23:00:00,RJPN-006-3,RJPN-006,Band 3 (1800MHz),-91.6,-7.0,10.3,17.3,8.4,34.3
2026-10-15 23:00:00,RJPN-007-1,RJPN-007,Band 1 (2100MHz),-83.1,-6.4,14.5,11.9,13.2,0.0
2026-10-15 23:00:00,RJPN-007-2,RJPN-007,Band 1 (2100MHz),-89.2,-6.9,7.5,15.2,6.1,18.5
2026-10-15 23:00:00,RJPN-007-3,RJPN-007,Band 1 (2100MHz),-80.2,-10.0,13.4,15.4,0.0,0.0
2026-10-15 23:00:00,RJPN-008-1,RJPN-008,Band 3 (1800MHz),-85.5,-9.5,12.9,3.1,8.4,33.5
2026-10-15 23:00:00,RJPN-008-2,RJPN-008,Band 3 (1800MHz),-82.7,-9.5,11.4,1.4,0.0,25.4
2026-10-15 23:00:00,RJPN-008-3,RJPN-008,Band 3 (1800MHz),-80.2,-9.6,11.5,0.0,6.0,15.6
2026-10-15 23:00:00,RJPN-009-1,RJPN-009,Band 1 (2100MHz),-90.2,-8.0,19.5,14.7,5.0,24.6
2026-10-15 23:00:00,RJPN-009-2,RJPN-009,Band 1 (2100MHz),-83.8,-7.1,10.1,7.5,0.0,0.0
2026-10-15 23:00:00,RJPN-009-3,RJPN-009,Band 1 (2100MHz),-89.1,-8.5,20.9,29.7,0.0,9.1
2026-10-15 23:00:00,RJPN-010-1,RJPN-010,Band 3 (1800MHz),-87.7,-7.7,11.6,14.2,5.6,38.1
2026-10-15 23:00:00,RJPN-010-2,RJPN-010,Band 3 (1800MHz),-83.1,-10.0,8.6,2.8,9.3,0.0
2026-10-15 23:00:00,RJPN-010-3,RJPN-010,Band 3 (1800MHz),-85.5,-10.2,-1.1,0.0,16.0,27.8
2026-10-15 23:00:00,RJPN-011-1,RJPN-011,Band 1 (2100MHz),-81.8,-11.0,18.0,0.0,5.1,1.1
2026-10-15 23:00:00,RJPN-011-2,RJPN-011,Band 1 (2100MHz),-96.0,-10.8,5.5,0.0,0.0,19.7
2026-10-15 23:00:00,RJPN-011-3,RJPN-011,Band 1 (2100MHz),-99.1,-6.5,9.8,17.3,5.9,23.8
2026-10-16 00:00:00,RJPN-001-1,RJPN-001,Band 1 (2100MHz),-82.3,-8.2,9.4,5.0,0.0,3.3
2026-10-16 00:00:00,RJPN-001-2,RJPN-001,Band 1 (2100MHz),-83.6,-7.6,14.6,0.0,4.3,0.0
2026-10-16 00:00:00,RJPN-001-3,RJPN-001,Band 1 (2100MHz),-85.6,-8.8,13.2,23.7,20.1,33.1
2026-10-16 00:00:00,RJPN-002-1,RJPN-002,Band 3 (1800MHz),-92.9,-9.8,12.1,17.4,0.0,3.7
2026-10-16 00:00:00,RJPN-002-2,RJPN-002,Band 3 (1800MHz),-102.2,-11.7,-2.4,0.0,5.5,31.0
2026-10-16 00:00:00,RJPN-002-3,RJPN-002,Band 3 (1800MHz),-86.1,-9.0,9.6,0.0,23.7,0.0
2026-10-16 00:00:00,RJPN-003-1,RJPN-003,Band 1 (2100MHz),-79.3,-9.7,17.7,12.8,2.9,72.4
2026-10-16 00:00:00,RJPN-003-2,RJPN-003,Band 1 (2100MHz),-84.8,-9.9,5.2,10.1,0.0,0.0
2026-10-16 00:00:00,RJPN-003-3,RJPN-003,Band 1 (2100MHz),-88.0,-4.9,13.0,0.0,0.0,0.0
2026-10-16 00:00:00,RJPN-004-1,RJPN-004,Band 3 (1800MHz),-88.2,-9.3,7.9,18.8,14.1,6.0
2026-10-16 00:00:00,RJPN-004-2,RJPN-004,Band 3 (1800MHz),-89.0,-9.6,15.9,0.0,23.1,73.8
2026-10-16 00:00:00,RJPN-004-3,RJPN-004,Band 3 (1800MHz),-81.9,-9.9,21.5,0.0,2.5,29.9
2026-10-16 00:00:00,RJPN-005-1,RJPN-005,Band 1 (2100MHz),-86.3,-5.0,7.3,8.7,0.0,0.9
2026-10-16 00:00:00,RJPN-005-2,RJPN-005,Band 1 (2100MHz),-90.1,-5.5,13.5,21.8,13.8,0.0
2026-10-16 00:00:00,RJPN-005-3,RJPN-005,Band 1 (2100MHz),-87.0,-9.2,9.9,0.0,1.0,36.0
2026-10-16 00:00:00,RJPN-006-1,RJPN-006,Band 3 (1800MHz),-78.7,-5.8,9.1,28.2,9.8,0.0
2026-10-16 00:00:00,RJPN-006-2,RJPN-006,Band 3 (1800MHz),-89.0,-6.2,11.2,28.1,0.0,4.8
2026-10-16 00:00:00,RJPN-006-3,RJPN-006,Band 3 (1800MHz),-81.2,-7.5,7.3,10.0,0.0,40.4
2026-10-16 00:00:00,RJPN-007-1,RJPN-007,Band 1 (2100MHz),-87.8,-5.4,16.8,0.0,10.0,2.8
2026-10-16 00:00:00,RJPN-007-2,RJPN-007,Band 1 (2100MHz),-78.7,-9.1,13.0,23.3,3.5,0.0
2026-10-16 00:00:00,RJPN-007-3,RJPN-007,Band 1 (2100MHz),-85.2,-10.2,9.2,16.6,5.9,30.8
2026-10-16 00:00:00,RJPN-008-1,RJPN-008,Band 3 (1800MHz),-85.7,-9.7,9.2,0.0,0.0,22.4
2026-10-16 00:00:00,RJPN-008-2,RJPN-008,Band 3 (1800MHz),-91.2,-6.0,5.1,0.0,0.0,0.0
2026-10-16 00:00:00,RJPN-008-3,RJPN-008,Band 3 (1800MHz),-79.5,-11.5,15.4,0.0,0.0,18.1
2026-10-16 00:00:00,RJPN-009-1,RJPN-009,Band 1 (2100MHz),-86.9,-7.9,13.5,8.8,0.0,0.0
2026-10-16 00:00:00,RJPN-009-2,RJPN-009,Band 1 (2100MHz),-80.6,-8.0,16.1,25.4,1.4,0.0
2026-10-16 00:00:00,RJPN-009-3,RJPN-009,Band 1 (2100MHz),-87.6,-8.5,12.5,0.0,1.2,0.0
2026-10-16 00:00:00,RJPN-010-1,RJPN-010,Band 3 (1800MHz),-88.3,-9.1,11.2,9.6,3.0,38.9
2026-10-16 00:00:00,RJPN-010-2,RJPN-010,Band 3 (1800MHz),-76.6,-11.2,10.2,20.8,8.0,0.0
2026-10-16 00:00:00,RJPN-010-3,RJPN-010,Band 3 (1800MHz),-86.5,-6.6,14.2,0.0,0.0,6.2
2026-10-16 00:00:00,RJPN-011-1,RJPN-011,Band 1 (2100MHz),-89.8,-6.0,26.2,26.3,0.0,0.0
2026-10-16 00:00:00,RJPN-011-2,RJPN-011,Band 1 (2100MHz),-99.0,-13.3,8.4,1.8,0.0,0.0
2026-10-16 00:00:00,RJPN-011-3,RJPN-011,Band 1 (2100MHz),-95.2,-12.9,6.0,10.3,0.0,5.6
2026-10-16 01:00:00,RJPN-001-1,RJPN-001,Band 1 (2100MHz),-93.0,-5.4,15.8,9.3,0.0,13.6
2026-10-16 01:00:00,RJPN-001-2,RJPN-001,Band 1 (2100MHz),-83.6,-9.9,0.5,5.1,0.0,52.0
2026-10-16 01:00:00,RJPN-001-3,RJPN-001,Band 1 (2100MHz),-85.1,-4.6,17.1,0.0,4.4,0.0
2026-10-16 01:00:00,RJPN-002-1,RJPN-002,Band 3 (1800MHz),-83.8,-10.1,13.4,9.7,5.6,19.1
2026-10-16 01:00:00,RJPN-002-2,RJPN-002,Band 3 (1800MHz),-102.2,-9.1,-5.1,19.7,6.0,9.3
2026-10-16 01:00:00,RJPN-002-3,RJPN-002,Band 3 (1800MHz),-87.9,-9.8,18.6,6.0,7.5,37.2
2026-10-16 01:00:00,RJPN-003-1,RJPN-003,Band 1 (2100MHz),-80.8,-7.4,15.0,23.0,0.0,0.0
2026-10-16 01:00:00,RJPN-003-2,RJPN-003,Band 1 (2100MHz),-91.6,-8.1,9.1,3.7,14.4,26.8
2026-10-16 01:00:00,RJPN-003-3,RJPN-003,Band 1 (2100MHz),-91.7,-7.6,11.7,0.0,6.8,3.7
2026-10-16 01:00:00,RJPN-004-1,RJPN-004,Band 3 (1800MHz),-82.4,-7.7,15.9,0.0,26.3,53.3
2026-10-16 01:00:00,RJPN-004-2,RJPN-004,Band 3 (1800MHz),-91.4,-6.8,17.5,13.2,7.7,28.1
2026-10-16 01:00:00,RJPN-004-3,RJPN-004,Band 3 (1800MHz),-92.2,-6.7,15.6,26.9,13.2,0.0
2026-10-16 01:00:00,RJPN-005-1,RJPN-005,Band 1 (2100MHz),-84.9,-7.4,9.1,12.7,11.3,0.2
2026-10-16 01:00:00,RJPN-005-2,RJPN-005,Band 1 (2100MHz),-85.5,-9.4,13.9,0.7,1.1,28.4
2026-10-16 01:00:00,RJPN-005-3,RJPN-005,Band 1 (2100MHz),-79.2,-9.9,13.4,3.5,0.0,29.1
2026-10-16 01:00:00,RJPN-006-1,RJPN-006,Band 3 (1800MHz),-83.5,-10.8,0.4,3.6,0.0,16.4
2026-10-16 01:00:00,RJPN-006-2,RJPN-006,Band 3 (1800MHz),-80.3,-7.8,8.0,22.8,4.0,15.2
2026-10-16 01:00:00,RJPN-006-3,RJPN-006,Band 3 (1800MHz),-81.3,-10.7,14.9,3.9,0.0,57.7
2026-10-16 01:00:00,RJPN-007-1,RJPN-007,Band 1 (2100MHz),-78.7,-6.1,10.5,2.2,9.3,0.0
2026-10-16 01:00:00,RJPN-007-2,RJPN-007,Band 1 (2100MHz),-89.3,-8.9,22.2,19.8,14.9,0.0
2026-10-16 01:00:00,RJPN-007-3,RJPN-007,Band 1 (2100MHz),-87.4,-9.1,11.5,14.4,1.8,31.5
2026-10-16 01:00:00,RJPN-008-1,RJPN-008,Band 3 (1800MHz),-85.8,-7.6,9.5,0.0,6.4,2.1
2026-10-16 01:00:00,RJPN-008-2,RJPN-008,Band 3 (1800MHz),-83.5,-7.3,15.2,12.2,12.1,33.1
2026-10-16 01:00:00,RJPN-008-3,RJPN-008,Band 3 (1800MHz),-87.1,-7.0,13.9,0.0,13.4,0.0
2026-10-16 01:00:00,RJPN-009-1,RJPN-009,Band 1 (2100MHz),-81.8,-4.1,2.2,12.0,0.0,20.9
2026-10-16 01:00:00,RJPN-009-2,RJPN-009,Band 1 (2100MHz),-89.8,-11.5,14.8,0.0,4.7,0.0
2026-10-16 01:00:00,RJPN-009-3,RJPN-009,Band 1 (2100MHz),-81.2,-7.6,13.0,15.3,11.3,5.7
2026-10-16 01:00:00,RJPN-010-1,RJPN-010,Band 3 (1800MHz),-78.5,-6.0,10.9,0.0,0.0,10.6
2026-10-16 01:00:00,RJPN-010-2,RJPN-010,Band 3 (1800MHz),-84.6,-7.1,13.9,15.4,0.0,41.3
2026-10-16 01:00:00,RJPN-010-3,RJPN-010,Band 3 (1800MHz),-90.2,-7.0,8.3,20.3,0.0,50.8
2026-10-16 01:00:00,RJPN-011-1,RJPN-011,Band 1 (2100MHz),-86.0,-5.4,13.1,8.9,13.3,42.9
2026-10-16 01:00:00,RJPN-011-2,RJPN-011,Band 1 (2100MHz),-95.9,-8.8,6.3,0.3,0.0,0.0
2026-10-16 01:00:00,RJPN-011-3,RJPN-011,Band 1 (2100MHz),-103.7,-13.7,12.3,0.0,2.0,56.5
2026-10-16 02:00:00,RJPN-001-1,RJPN-001,Band 1 (2100MHz),-91.3,-7.9,17.1,8.8,12.2,45.1
2026-10-16 02:00:00,RJPN-001-2,RJPN-001,Band 1 (2100MHz),-79.4,-7.3,17.2,3.3,0.0,32.1
2026-10-16 02:00:00,RJPN-001-3,RJPN-001,Band 1 (2100MHz),-79.1,-7.5,15.4,13.7,14.8,0.0
2026-10-16 02:00:00,RJPN-002-1,RJPN-002,Band 3 (1800MHz),-81.7,-7.7,17.2,29.3,0.0,38.3
2026-10-16 02:00:00,RJPN-002-2,RJPN-002,Band 3 (1800MHz),-101.6,-13.0,11.7,23.0,0.0,0.0
2026-10-16 02:00:00,RJPN-002-3,RJPN-002,Band 3 (1800MHz),-71.2,-9.6,16.1,1.7,8.8,18.5
2026-10-16 02:00:00,RJPN-003-1,RJPN-003,Band 1 (2100MHz),-85.7,-8.1,11.5,21.3,0.0,0.0
2026-10-16 02:00:00,RJPN-003-2,RJPN-003,Band 1 (2100MHz),-85.6,-8.1,11.3,0.0,0.0,0.0
2026-10-16 02:00:00,RJPN-003-3,RJPN-003,Band 1 (2100MHz),-85.4,-9.5,11.9,9.7,16.6,0.0
2026-10-16 02:00:00,RJPN-004-1,RJPN-004,Band 3 (1800MHz),-82.5,-6.7,8.4,6.9,0.0,47.5
2026-10-16 02:00:00,RJPN-004-2,RJPN-004,Band 3 (1800MHz),-89.1,-8.2,13.8,20.9,1.6,17.1
2026-10-16 02:00:00,RJPN-004-3,RJPN-004,Band 3 (1800MHz),-83.2,-12.1,9.9,4.2,10.6,15.7
2026-10-16 02:00:00,RJPN-005-1,RJPN-005,Band 1 (2100MHz),-80.8,-8.7,9.7,0.0,8.9,10.4
2026-10-16 02:00:00,RJPN-005-2,RJPN-005,Band 1 (2100MHz),-82.6,-7.2,9.7,18.3,9.4,23.5
2026-10-16 02:00:00,RJPN-005-3,RJPN-005,Band 1 (2100MHz),-80.5,-7.8,13.1,44.9,12.8,2.3
2026-10-16 02:00:00,RJPN-006-1,RJPN-006,Band 3 (1800MHz),-87.4,-3.9,12.2,0.0,8.7,0.0
2026-10-16 02:00:00,RJPN-006-2,RJPN-006,Band 3 (1800MHz),-85.3,-9.7,6.8,0.0,0.0,0.0
2026-10-16 02:00:00,RJPN-006-3,RJPN-006,Band 3 (1800MHz),-82.0,-9.2,13.5,0.0,0.0,0.0
2026-10-16 02:00:00,RJPN-007-1,RJPN-007,Band 1 (2100MHz),-80.7,-7.0,5.6,10.5,3.8,11.9
2026-10-16 02:00:00,RJPN-007-2,RJPN-007,Band 1 (2100MHz),-82.3,-8.1,13.5,2.9,0.0,29.7
2026-10-16 02:00:00,RJPN-007-3,RJPN-007,Band 1 (2100MHz),-81.7,-9.5,17.0,27.5,15.7,17.5
2026-10-16 02:00:00,RJPN-008-1,RJPN-008,Band 3 (1800MHz),-82.4,-9.7,19.8,8.3,9.5,62.9
2026-10-16 02:00:00,RJPN-008-2,RJPN-008,Band 3 (1800MHz),-77.1,-6.1,8.9,26.1,14.3,38.3
2026-10-16 02:00:00,RJPN-008-3,RJPN-008,Band 3 (1800MHz),-81.2,-10.4,11.9,14.3,0.0,0.0
2026-10-16 02:00:00,RJPN-009-1,RJPN-009,Band 1 (2100MHz),-85.0,-5.6,15.1,15.8,6.8,8.5
2026-10-16 02:00:00,RJPN-009-2,RJPN-009,Band 1 (2100MHz),-85.7,-8.0,12.2,4.7,3.4,1.5
2026-10-16 02:00:00,RJPN-009-3,RJPN-009,Band 1 (2100MHz),-83.9,-8.9,18.1,0.0,6.2,0.0
2026-10-16 02:00:00,RJPN-010-1,RJPN-010,Band 3 (1800MHz),-85.5,-8.7,13.6,14.2,5.3,38.9
2026-10-16 02:00:00,RJPN-010-2,RJPN-010,Band 3 (1800MHz),-84.5,-9.3,13.3,26.8,6.9,3.1
2026-10-16 02:00:00,RJPN-010-3,RJPN-010,Band 3 (1800MHz),-85.7,-9.6,16.1,33.5,11.4,18.0
2026-10-16 02:00:00,RJPN-011-1,RJPN-011,Band 1 (2100MHz),-82.0,-6.1,12.5,3.0,0.0,21.1
2026-10-16 02:00:00,RJPN-011-2,RJPN-011,Band 1 (2100MHz),-87.7,-12.8,5.2,0.3,13.1,17.3
2026-10-16 02:00:00,RJPN-011-3,RJPN-011,Band 1 (2100MHz),-98.3,-16.1,1.6,14.5,0.0,0.0
2026-10-16 03:00:00,RJPN-001-1,RJPN-001,Band 1 (2100MHz),-82.5,-8.3,4.8,0.0,0.0,13.4
2026-10-16 03:00:00,RJPN-001-2,RJPN-001,Band 1 (2100MHz),-86.2,-8.3,13.2,0.8,0.0,32.1
2026-10-16 03:00:00,RJPN-001-3,RJPN-001,Band 1 (2100MHz),-87.4,-7.5,15.7,3.4,1.4,4.9
2026-10-16 03:00:00,RJPN-002-1,RJPN-002,Band 3 (1800MHz),-89.9,-7.3,28.7,0.0,8.9,32.9
2026-10-16 03:00:00,RJPN-002-2,RJPN-002,Band 3 (1800MHz),-94.8,-8.6,-2.4,3.9,6.8,0.0
2026-10-16 03:00:00,RJPN-002-3,RJPN-002,Band 3 (1800MHz),-80.4,-10.8,13.0,18.2,14.0,0.0
2026-10-16 03:00:00,RJPN-003-1,RJPN-003,Band 1 (2100MHz),-88.9,-8.2,13.8,13.6,10.0,31.8
2026-10-16 03:00:00,RJPN-003-2,RJPN-003,Band 1 (2100MHz),-85.2,-8.1,4.5,30.0,1.0,29.0
2026-10-16 03:00:00,RJPN-003-3,RJPN-003,Band 1 (2100MHz),-85.0,-8.2,18.5,27.1,0.0,0.0
2026-10-16 03:00:00,RJPN-004-1,RJPN-004,Band 3 (1800MHz),-90.1,-8.4,16.5,2.9,19.8,35.7
2026-10-16 03:00:00,RJPN-004-2,RJPN-004,Band 3 (1800MHz),-85.1,-10.2,1.0,19.5,3.5,40.8
2026-10-16 03:00:00,RJPN-004-3,RJPN-004,Band 3 (1800MHz),-91.7,-8.2,12.3,0.0,2.3,9.5
2026-10-16 03:00:00,RJPN-005-1,RJPN-005,Band 1 (2100MHz),-81.6,-6.2,15.9,15.9,0.0,31.1
2026-10-16 03:00:00,RJPN-005-2,RJPN-005,Band 1 (2100MHz),-89.8,-8.5,6.2,9.1,9.2,25.5
2026-10-16 03:00:00,RJPN-005-3,RJPN-005,Band 1 (2100MHz),-89.8,-9.3,14.5,14.1,0.0,41.5
2026-10-16 03:00:00,RJPN-006-1,RJPN-006,Band 3 (1800MHz),-92.3,-5.5,19.4,0.9,10.7,20.7
2026-10-16 03:00:00,RJPN-006-2,RJPN-006,Band 3 (1800MHz),-80.8,-7.2,24.7,4.0,13.2,20.8
2026-10-16 03:00:00,RJPN-006-3,RJPN-006,Band 3 (1800MHz),-88.1,-6.1,7.6,7.3,17.9,0.0
2026-10-16 03:00:00,RJPN-007-1,RJPN-007,Band 1 (2100MHz),-80.2,-10.2,12.8,33.5,0.0,1.8
2026-10-16 03:00:00,RJPN-007-2,RJPN-007,Band 1 (2100MHz),-86.2,-6.9,14.5,0.0,0.0,33.1
2026-10-16 03:00:00,RJPN-007-3,RJPN-007,Band 1 (2100MHz),-91.4,-9.3,13.1,18.0,5.5,0.0
2026-10-16 03:00:00,RJPN-008-1,RJPN-008,Band 3 (1800MHz),-90.5,-10.5,17.3,14.3,0.0,0.0
2026-10-16 03:00:00,RJPN-008-2,RJPN-008,Band 3 (1800MHz),-86.9,-7.1,24.1,24.5,0.0,0.0
2026-10-16 03:00:00,RJPN-008-3,RJPN-008,Band 3 (1800MHz),-86.4,-9.0,13.3,0.4,7.3,0.0
2026-10-16 03:00:00,RJPN-009-1,RJPN-009,Band 1 (2100MHz),-87.4,-8.8,20.4,6.3,1.2,21.0
2026-10-16 03:00:00,RJPN-009-2,RJPN-009,Band 1 (2100MHz),-81.5,-8.9,8.4,37.1,2.1,0.0
2026-10-16 03:00:00,RJPN-009-3,RJPN-009,Band 1 (2100MHz),-79.6,-3.7,11.1,6.2,0.0,16.0
2026-10-16 03:00:00,RJPN-010-1,RJPN-010,Band 3 (1800MHz),-88.8,-7.0,11.5,0.0,0.0,0.0
2026-10-16 03:00:00,RJPN-010-2,RJPN-010,Band 3 (1800MHz),-85.7,-7.1,-0.1,1.3,13.2,0.0
2026-10-16 03:00:00,RJPN-010-3,RJPN-010,Band 3 (1800MHz),-85.4,-9.4,15.1,13.5,13.0,29.2
2026-10-16 03:00:00,RJPN-011-1,RJPN-011,Band 1 (2100MHz),-84.4,-4.8,16.5,0.0,0.0,0.0
2026-10-16 03:00:00,RJPN-011-2,RJPN-011,Band 1 (2100MHz),-96.5,-11.5,3.1,14.5,10.7,22.8
2026-10-16 03:00:00,RJPN-011-3,RJPN-011,Band 1 (2100MHz),-101.4,-11.1,16.5,24.5,0.0,18.3
2026-10-16 04:00:00,RJPN-001-1,RJPN-001,Band 1 (2100MHz),-94.8,-11.1,15.2,5.0,11.8,7.1
2026-10-16 04:00:00,RJPN-001-2,RJPN-001,Band 1 (2100MHz),-85.2,-11.1,15.1,17.3,7.3,12.1
2026-10-16 04:00:00,RJPN-001-3,RJPN-001,Band 1 (2100MHz),-85.6,-10.1,16.5,16.2,1.0,15.4
2026-10-16 04:00:00,RJPN-002-1,RJPN-002,Band 3 (1800MHz),-86.4,-6.7,15.5,8.4,11.7,23.2
2026-10-16 04:00:00,RJPN-002-2,RJPN-002,Band 3 (1800MHz),-98.2,-9.4,4.2,17.6,0.0,18.0
2026-10-16 04:00:00,RJPN-002-3,RJPN-002,Band 3 (1800MHz),-83.9,-4.4,9.0,0.0,1.2,0.0
2026-10-16 04:00:00,RJPN-003-1,RJPN-003,Band 1 (2100MHz),-80.4,-7.8,10.5,20.1,6.6,18.7
2026-10-16 04:00:00,RJPN-003-2,RJPN-003,Band 1 (2100MHz),-84.7,-6.1,11.2,35.6,15.1,14.1
2026-10-16 04:00:00,RJPN-003-3,RJPN-003,Band 1 (2100MHz),-86.7,-8.2,11.7,18.3,1.1,29.1
2026-10-16 04:00:00,RJPN-004-1,RJPN-004,Band 3 (1800MHz),-82.3,-10.6,15.4,16.8,0.0,0.0
2026-10-16 04:00:00,RJPN-004-2,RJPN-004,Band 3 (1800MHz),-81.9,-5.0,13.1,0.0,23.9,39.0
2026-10-16 04:00:00,RJPN-004-3,RJPN-004,Band 3 (1800MHz),-84.9,-9.4,1.3,14.4,12.1,12.6
2026-10-16 04:00:00,RJPN-005-1,RJPN-005,Band 1 (2100MHz),-83.7,-8.4,8.3,0.0,0.0,18.8
2026-10-16 04:00:00,RJPN-005-2,RJPN-005,Band 1 (2100MHz),-82.5,-6.5,11.4,2.2,20.7,14.3
2026-10-16 04:00:00,RJPN-005-3,RJPN-005,Band 1 (2100MHz),-83.1,-7.4,11.5,11.3,0.0,15.2
2026-10-16 04:00:00,RJPN-006-1,RJPN-006,Band 3 (1800MHz),-79.5,-9.6,5.9,0.1,0.0,23.8
2026-10-16 04:00:00,RJPN-006-2,RJPN-006,Band 3 (1800MHz),-80.1,-8.5,16.0,0.0,6.4,14.5
2026-10-16 04:00:00,RJPN-006-3,RJPN-006,Band 3 (1800MHz),-84.7,-5.2,13.6,15.7,16.1,25.2
2026-10-16 04:00:00,RJPN-007-1,RJPN-007,Band 1 (2100MHz),-81.6,-4.9,13.6,0.6,7.1,46.7
2026-10-16 04:00:00,RJPN-007-2,RJPN-007,Band 1 (2100MHz),-84.3,-6.3,10.4,10.3,4.1,22.1
2026-10-16 04:00:00,RJPN-007-3,RJPN-007,Band 1 (2100MHz),-84.4,-8.6,6.0,0.0,0.0,0.0
2026-10-16 04:00:00,RJPN-008-1,RJPN-008,Band 3 (1800MHz),-83.5,-9.7,12.9,0.0,11.7,26.4
2026-10-16 04:00:00,RJPN-008-2,RJPN-008,Band 3 (1800MHz),-80.5,-9.4,19.8,29.2,0.0,54.1
2026-10-16 04:00:00,RJPN-008-3,RJPN-008,Band 3 (1800MHz),-87.2,-5.2,13.5,0.1,16.3,18.7
2026-10-16 04:00:00,RJPN-009-1,RJPN-009,Band 1 (2100MHz),-85.4,-8.8,23.4,7.8,6.2,11.7
2026-10-16 04:00:00,RJPN-009-2,RJPN-009,Band 1 (2100MHz),-90.4,-9.4,7.6,18.7,1.0,8.1
2026-10-16 04:00:00,RJPN-009-3,RJPN-009,Band 1 (2100MHz),-80.3,-8.6,18.7,0.0,0.0,0.0
2026-10-16 04:00:00,RJPN-010-1,RJPN-010,Band 3 (1800MHz),-82.1,-5.6,10.5,37.6,10.0,18.2
2026-10-16 04:00:00,RJPN-010-2,RJPN-010,Band 3 (1800MHz),-92.8,-7.7,13.4,6.7,23.4,0.0
2026-10-16 04:00:00,RJPN-010-3,RJPN-010,Band 3 (1800MHz),-88.3,-2.8,5.6,20.4,0.0,0.0
2026-10-16 04:00:00,RJPN-011-1,RJPN-011,Band 1 (2100MHz),-84.7,-8.5,13.9,33.8,0.4,0.0
2026-10-16 04:00:00,RJPN-011-2,RJPN-011,Band 1 (2100MHz),-94.6,-8.4,12.2,0.0,2.8,43.8
2026-10-16 04:00:00,RJPN-011-3,RJPN-011,Band 1 (2100MHz),-100.4,-11.3,-2.5,8.8,10.8,31.8
2026-10-16 05:00:00,RJPN-001-1,RJPN-001,Band 1 (2100MHz),-88.6,-3.6,7.9,18.2,0.0,0.5
2026-10-16 05:00:00,RJPN-001-2,RJPN-001,Band 1 (2100MHz),-76.4,-8.5,9.5,11.9,0.0,0.0
2026-10-16 05:00:00,RJPN-001-3,RJPN-001,Band 1 (2100MHz),-81.9,-10.0,10.4,10.8,0.0,15.3
2026-10-16 05:00:00,RJPN-002-1,RJPN-002,Band 3 (1800MHz),-89.0,-6.6,12.0,0.0,11.3,2.7
2026-10-16 05:00:00,RJPN-002-2,RJPN-002,Band 3 (1800MHz),-102.2,-8.3,1.0,6.7,0.7,0.0
2026-10-16 05:00:00,RJPN-002-3,RJPN-002,Band 3 (1800MHz),-82.3,-10.4,19.9,2.2,8.8,3.2
2026-10-16 05:00:00,RJPN-003-1,RJPN-003,Band 1 (2100MHz),-88.6,-9.3,15.4,7.2,13.6,3.7
2026-10-16 05:00:00,RJPN-003-2,RJPN-003,Band 1 (2100MHz),-89.1,-5.4,10.6,1.9,0.0,46.1
2026-10-16 05:00:00,RJPN-003-3,RJPN-003,Band 1 (2100MHz),-86.6,-9.3,9.9,0.0,10.3,48.2
2026-10-16 05:00:00,RJPN-004-1,RJPN-004,Band 3 (1800MHz),-81.6,-6.0,19.2,9.5,18.2,17.7
2026-10-16 05:00:00,RJPN-004-2,RJPN-004,Band 3 (1800MHz),-90.6,-12.6,15.3,36.0,6.8,0.0
2026-10-16 05:00:00,RJPN-004-3,RJPN-004,Band 3 (1800MHz),-87.2,-8.1,17.6,18.4,5.8,10.0
2026-10-16 05:00:00,RJPN-005-1,RJPN-005,Band 1 (2100MHz),-81.9,-8.2,14.9,18.5,0.0,20.3
2026-10-16 05:00:00,RJPN-005-2,RJPN-005,Band 1 (2100MHz),-84.0,-9.6,11.0,15.0,0.0,25.4
2026-10-16 05:00:00,RJPN-005-3,RJPN-005,Band 1 (2100MHz),-88.2,-8.1,14.7,0.0,0.1,0.0
2026-10-16 05:00:00,RJPN-006-1,RJPN-006,Band 3 (1800MHz),-80.5,-7.2,2.6,3.6,0.0,0.0
2026-10-16 05:00:00,RJPN-006-2,RJPN-006,Band 3 (1800MHz),-83.4,-8.4,16.1,1.9,0.0,42.7
2026-10-16 05:00:00,RJPN-006-3,RJPN-006,Band 3 (1800MHz),-90.4,-9.2,19.4,4.7,4.7,5.6
2026-10-16 05:00:00,RJPN-007-1,RJPN-007,Band 1 (2100MHz),-88.0,-8.0,17.1,8.7,5.0,28.1
2026-10-16 05:00:00,RJPN-007-2,RJPN-007,Band 1 (2100MHz),-84.5,-7.3,13.5,11.8,17.2,0.0
2026-10-16 05:00:00,RJPN-007-3,RJPN-007,Band 1 (2100MHz),-80.2,-5.4,19.2,11.6,0.0,55.6
2026-10-16 05:00:00,RJPN-008-1,RJPN-008,Band 3 (1800MHz),-80.7,-6.5,12.5,0.0,0.0,0.0
2026-10-16 05:00:00,RJPN-008-2,RJPN-008,Band 3 (1800MHz),-82.9,-6.1,4.4,0.0,1.0,0.0
2026-10-16 05:00:00,RJPN-008-3,RJPN-008,Band 3 (1800MHz),-87.4,-8.1,15.4,0.0,11.3,65.8
2026-10-16 05:00:00,RJPN-009-1,RJPN-009,Band 1 (2100MHz),-88.0,-5.1,11.7,19.4,0.0,49.2
2026-10-16 05:00:00,RJPN-009-2,RJPN-009,Band 1 (2100MHz),-89.2,-12.1,14.2,14.3,18.3,9.7
2026-10-16 05:00:00,RJPN-009-3,RJPN-009,Band 1 (2100MHz),-89.5,-9.9,7.6,0.0,0.0,13.0
2026-10-16 05:00:00,RJPN-010-1,RJPN-010,Band 3 (1800MHz),-85.8,-10.0,22.2,10.7,5.3,55.3
2026-10-16 05:00:00,RJPN-010-2,RJPN-010,Band 3 (1800MHz),-87.3,-9.8,14.0,11.9,7.6,7.6
2026-10-16 05:00:00,RJPN-010-3,RJPN-010,Band 3 (1800MHz),-86.6,-6.2,20.0,0.0,0.0,1.7
2026-10-16 05:00:00,RJPN-011-1,RJPN-011,Band 1 (2100MHz),-86.4,-5.6,16.4,0.0,17.6,14.9
2026-10-16 05:00:00,RJPN-011-2,RJPN-011,Band 1 (2100MHz),-97.8,-9.1,2.3,0.0,22.1,0.0
2026-10-16 05:00:00,RJPN-011-3,RJPN-011,Band 1 (2100MHz),-103.6,-13.9,-0.0,7.3,7.5,0.0
2026-10-16 06:00:00,RJPN-001-1,RJPN-001,Band 1 (2100MHz),-82.9,-6.6,9.2,7.0,29.9,47.1
2026-10-16 06:00:00,RJPN-001-2,RJPN-001,Band 1 (2100MHz),-84.6,-10.3,2.7,7.3,5.1,14.0
2026-10-16 06:00:00,RJPN-001-3,RJPN-001,Band 1 (2100MHz),-85.6,-10.0,13.8,17.9,0.0,48.1
2026-10-16 06:00:00,RJPN-002-1,RJPN-002,Band 3 (1800MHz),-77.7,-9.1,8.9,13.3,2.9,12.3
2026-10-16 06:00:00,RJPN-002-2,RJPN-002,Band 3 (1800MHz),-93.0,-11.8,14.0,14.5,0.0,13.9
2026-10-16 06:00:00,RJPN-002-3,RJPN-002,Band 3 (1800MHz),-85.9,-6.9,16.2,5.3,14.8,19.6
2026-10-16 06:00:00,RJPN-003-1,RJPN-003,Band 1 (2100MHz),-83.1,-8.6,10.5,3.6,0.0,1.0
2026-10-16 06:00:00,RJPN-003-2,RJPN-003,Band 1 (2100MHz),-81.8,-9.6,15.7,9.9,2.2,38.8
2026-10-16 06:00:00,RJPN-003-3,RJPN-003,Band 1 (2100MHz),-90.3,-9.5,17.4,19.5,4.4,0.0
2026-10-16 06:00:00,RJPN-004-1,RJPN-004,Band 3 (1800MHz),-81.1,-6.6,15.5,26.1,16.1,11.2
2026-10-16 06:00:00,RJPN-004-2,RJPN-004,Band 3 (1800MHz),-79.7,-8.9,18.4,11.6,12.4,52.3
2026-10-16 06:00:00,RJPN-004-3,RJPN-004,Band 3 (1800MHz),-90.1,-6.5,3.4,13.3,4.6,32.9
2026-10-16 06:00:00,RJPN-005-1,RJPN-005,Band 1 (2100MHz),-89.6,-6.9,11.4,21.6,19.8,0.5
2026-10-16 06:00:00,RJPN-005-2,RJPN-005,Band 1 (2100MHz),-83.4,-8.6,11.1,3.7,8.3,47.1
2026-10-16 06:00:00,RJPN-005-3,RJPN-005,Band 1 (2100MHz),-84.9,-4.6,25.3,16.2,13.2,37.3
2026-10-16 06:00:00,RJPN-006-1,RJPN-006,Band 3 (1800MHz),-81.0,-7.7,8.8,22.2,12.1,26.1
2026-10-16 06:00:00,RJPN-006-2,RJPN-006,Band 3 (1800MHz),-87.3,-10.5,7.3,19.5,16.2,39.4
2026-10-16 06:00:00,RJPN-006-3,RJPN-006,Band 3 (1800MHz),-84.6,-9.8,16.0,8.3,15.8,7.8
2026-10-16 06:00:00,RJPN-007-1,RJPN-007,Band 1 (2100MHz),-85.7,-9.2,20.1,29.3,9.8,5.7
2026-10-16 06:00:00,RJPN-007-2,RJPN-007,Band 1 (2100MHz),-88.7,-9.4,11.9,0.0,21.6,28.1
2026-10-16 06:00:00,RJPN-007-3,RJPN-007,Band 1 (2100MHz),-92.7,-7.6,16.9,37.2,6.6,39.3
2026-10-16 06:00:00,RJPN-008-1,RJPN-008,Band 3 (1800MHz),-76.9,-9.5,14.9,28.7,5.4,0.0
2026-10-16 06:00:00,RJPN-008-2,RJPN-008,Band 3 (1800MHz),-84.3,-8.6,27.7,31.0,14.7,53.5
2026-10-16 06:00:00,RJPN-008-3,RJPN-008,Band 3 (1800MHz),-78.7,-6.0,10.3,30.1,6.1,29.0
2026-10-16 06:00:00,RJPN-009-1,RJPN-009,Band 1 (2100MHz),-87.2,-8.0,14.9,29.5,26.2,16.3
2026-10-16 06:00:00,RJPN-009-2,RJPN-009,Band 1 (2100MHz),-80.0,-8.5,12.5,14.6,18.5,47.6
2026-10-16 06:00:00,RJPN-009-3,RJPN-009,Band 1 (2100MHz),-86.7,-8.6,17.8,22.3,10.2,42.3
2026-10-16 06:00:00,RJPN-010-1,RJPN-010,Band 3 (1800MHz),-78.6,-9.6,21.4,5.9,5.6,14.7
2026-10-16 06:00:00,RJPN-010-2,RJPN-010,Band 3 (1800MHz),-90.8,-5.6,20.3,11.8,0.0,26.8
2026-10-16 06:00:00,RJPN-010-3,RJPN-010,Band 3 (1800MHz),-86.7,-9.5,11.8,4.3,15.0,14.9
2026-10-16 06:00:00,RJPN-011-1,RJPN-011,Band 1 (2100MHz),-84.6,-5.0,14.1,0.0,8.8,93.3
2026-10-16 06:00:00,RJPN-011-2,RJPN-011,Band 1 (2100MHz),-97.4,-13.9,8.8,28.4,15.8,67.7
2026-10-16 06:00:00,RJPN-011-3,RJPN-011,Band 1 (2100MHz),-95.5,-11.2,7.9,16.5,4.3,44.5
2026-10-16 07:00:00,RJPN-001-1,RJPN-001,Band 1 (2100MHz),-88.3,-12.9,8.7,73.7,36.6,119.0
2026-10-16 07:00:00,RJPN-001-2,RJPN-001,Band 1 (2100MHz),-81.7,-10.4,12.1,57.0,30.9,89.0
2026-10-16 07:00:00,RJPN-001-3,RJPN-001,Band 1 (2100MHz),-86.3,-9.4,11.9,94.1,27.9,92.1
2026-10-16 07:00:00,RJPN-002-1,RJPN-002,Band 3 (1800MHz),-80.5,-8.8,15.0,26.1,24.1,124.2
2026-10-16 07:00:00,RJPN-002-2,RJPN-002,Band 3 (1800MHz),-93.7,-13.9,1.1,66.2,34.0,101.6
2026-10-16 07:00:00,RJPN-002-3,RJPN-002,Band 3 (1800MHz),-90.1,-10.1,14.0,68.3,36.1,47.8
2026-10-16 07:00:00,RJPN-003-1,RJPN-003,Band 1 (2100MHz),-88.7,-10.0,9.4,57.2,16.3,93.2
2026-10-16 07:00:00,RJPN-003-2,RJPN-003,Band 1 (2100MHz),-83.1,-12.4,7.9,74.7,18.6,83.8
2026-10-16 07:00:00,RJPN-003-3,RJPN-003,Band 1 (2100MHz),-80.6,-8.1,12.3,59.0,30.6,106.9
2026-10-16 07:00:00,RJPN-004-1,RJPN-004,Band 3 (1800MHz),-89.3,-10.1,13.4,51.3,34.1,83.2
2026-10-16 07:00:00,RJPN-004-2,RJPN-004,Band 3 (1800MHz),-85.5,-8.2,14.1,57.5,36.6,78.1
2026-10-16 07:00:00,RJPN-004-3,RJPN-004,Band 3 (1800MHz),-81.6,-11.8,5.3,75.4,33.0,58.5
2026-10-16 07:00:00,RJPN-005-1,RJPN-005,Band 1 (2100MHz),-91.4,-10.4,7.1,46.7,30.7,100.5
2026-10-16 07:00:00,RJPN-005-2,RJPN-005,Band 1 (2100MHz),-82.9,-10.2,13.2,68.4,42.8,123.3
2026-10-16 07:00:00,RJPN-005-3,RJPN-005,Band 1 (2100MHz),-87.5,-8.5,14.2,66.9,32.5,72.0
2026-10-16 07:00:00,RJPN-006-1,RJPN-006,Band 3 (1800MHz),-88.5,-9.7,20.5,68.3,34.6,129.1
2026-10-16 07:00:00,RJPN-006-2,RJPN-006,Band 3 (1800MHz),-88.8,-7.4,15.5,59.3,26.2,72.0
2026-10-16 07:00:00,RJPN-006-3,RJPN-006,Band 3 (1800MHz),-84.9,-8.7,15.7,49.3,21.8,64.1
2026-10-16 07:00:00,RJPN-007-1,RJPN-007,Band 1 (2100MHz),-89.1,-8.5,12.8,56.9,29.4,52.6
2026-10-16 07:00:00,RJPN-007-2,RJPN-007,Band 1 (2100MHz),-84.5,-11.1,15.2,60.3,23.0,118.8
2026-10-16 07:00:00,RJPN-007-3,RJPN-007,Band 1 (2100MHz),-83.8,-11.5,15.5,48.7,34.8,107.3
2026-10-16 07:00:00,RJPN-008-1,RJPN-008,Band 3 (1800MHz),-87.7,-5.6,21.8,41.1,51.8,95.0
2026-10-16 07:00:00,RJPN-008-2,RJPN-008,Band 3 (1800MHz),-84.2,-7.4,16.2,56.6,49.1,115.7
2026-10-16 07:00:00,RJPN-008-3,RJPN-008,Band 3 (1800MHz),-79.2,-7.4,7.8,58.1,32.3,103.0
2026-10-16 07:00:00,RJPN-009-1,RJPN-009,Band 1 (2100MHz),-80.1,-10.3,2.0,56.1,41.3,72.2
2026-10-16 07:00:00,RJPN-009-2,RJPN-009,Band 1 (2100MHz),-79.2,-8.6,18.1,39.7,18.6,92.5
2026-10-16 07:00:00,RJPN-009-3,RJPN-009,Band 1 (2100MHz),-83.6,-10.6,13.0,40.1,33.0,75.4
2026-10-16 07:00:00,RJPN-010-1,RJPN-010,Band 3 (1800MHz),-89.9,-12.4,8.5,87.6,33.0,80.0
2026-10-16 07:00:00,RJPN-010-2,RJPN-010,Band 3 (1800MHz),-86.5,-8.1,21.8,83.0,37.2,75.8
2026-10-16 07:00:00,RJPN-010-3,RJPN-010,Band 3 (1800MHz),-84.6,-9.9,17.1,49.3,30.0,80.7
2026-10-16 07:00:00,RJPN-011-1,RJPN-011,Band 1 (2100MHz),-76.3,-10.0,13.6,44.8,23.4,127.5
2026-10-16 07:00:00,RJPN-011-2,RJPN-011,Band 1 (2100MHz),-97.9,-15.9,0.8,53.2,20.3,65.2
2026-10-16 07:00:00,RJPN-011-3,RJPN-011,Band 1 (2100MHz),-97.0,-17.1,0.3,55.4,36.3,72.0
2026-10-16 08:00:00,RJPN-001-1,RJPN-001,Band 1 (2100MHz),-83.5,-10.8,17.6,72.8,48.4,143.7
2026-10-16 08:00:00,RJPN-001-2,RJPN-001,Band 1 (2100MHz),-92.8,-11.8,19.9,62.7,29.7,132.0
2026-10-16 08:00:00,RJPN-001-3,RJPN-001,Band 1 (2100MHz),-87.9,-11.4,7.9,71.0,33.2,102.8
2026-10-16 08:00:00,RJPN-002-1,RJPN-002,Band 3 (1800MHz),-83.1,-9.1,23.2,75.9,42.0,155.5
2026-10-16 08:00:00,RJPN-002-2,RJPN-002,Band 3 (1800MHz),-101.5,-17.1,5.9,70.2,24.1,113.2
2026-10-16 08:00:00,RJPN-002-3,RJPN-002,Band 3 (1800MHz),-82.6,-8.8,17.0,65.6,62.8,137.1
2026-10-16 08:00:00,RJPN-003-1,RJPN-003,Band 1 (2100MHz),-83.0,-10.3,9.2,49.3,39.4,122.2
2026-10-16 08:00:00,RJPN-003-2,RJPN-003,Band 1 (2100MHz),-86.9,-8.3,21.0,64.7,29.8,90.3
2026-10-16 08:00:00,RJPN-003-3,RJPN-003,Band 1 (2100MHz),-85.2,-10.5,17.1,84.4,39.9,118.1
2026-10-16 08:00:00,RJPN-004-1,RJPN-004,Band 3 (1800MHz),-86.3,-12.9,19.2,67.8,50.3,94.2
2026-10-16 08:00:00,RJPN-004-2,RJPN-004,Band 3 (1800MHz),-80.9,-9.7,9.7,83.8,39.0,128.5
2026-10-16 08:00:00,RJPN-004-3,RJPN-004,Band 3 (1800MHz),-87.1,-12.5,15.5,94.0,38.4,148.8
2026-10-16 08:00:00,RJPN-005-1,RJPN-005,Band 1 (2100MHz),-90.6,-14.0,12.5,60.7,30.0,135.2
2026-10-16 08:00:00,RJPN-005-2,RJPN-005,Band 1 (2100MHz),-81.9,-10.2,2.8,61.9,36.6,115.7
2026-10-16 08:00:00,RJPN-005-3,RJPN-005,Band 1 (2100MHz),-83.2,-10.1,4.1,76.3,56.8,116.3
2026-10-16 08:00:00,RJPN-006-1,RJPN-006,Band 3 (1800MHz),-85.9,-9.3,16.2,61.6,45.9,94.2
2026-10-16 08:00:00,RJPN-006-2,RJPN-006,Band 3 (1800MHz),-85.6,-7.6,7.2,84.1,45.9,93.4
2026-10-16 08:00:00,RJPN-006-3,RJPN-006,Band 3 (1800MHz),-86.9,-9.8,13.5,63.3,52.9,123.7
2026-10-16 08:00:00,RJPN-007-1,RJPN-007,Band 1 (2100MHz),-87.0,-11.3,0.1,68.0,44.5,108.5
2026-10-16 08:00:00,RJPN-007-2,RJPN-007,Band 1 (2100MHz),-84.9,-11.6,15.3,70.8,57.4,124.7
2026-10-16 08:00:00,RJPN-007-3,RJPN-007,Band 1 (2100MHz),-79.6,-10.4,10.6,86.9,32.1,110.0
2026-10-16 08:00:00,RJPN-008-1,RJPN-008,Band 3 (1800MHz),-82.6,-9.9,14.4,76.2,29.2,146.8
2026-10-16 08:00:00,RJPN-008-2,RJPN-008,Band 3 (1800MHz),-81.9,-11.9,15.9,73.8,33.9,109.2
2026-10-16 08:00:00,RJPN-008-3,RJPN-008,Band 3 (1800MHz),-88.2,-13.4,8.8,76.0,54.0,122.0
2026-10-16 08:00:00,RJPN-009-1,RJPN-009,Band 1 (2100MHz),-87.5,-13.0,10.7,56.8,57.5,146.7
2026-10-16 08:00:00,RJPN-009-2,RJPN-009,Band 1 (2100MHz),-91.2,-12.8,17.4,54.1,25.3,108.3
2026-10-16 08:00:00,RJPN-009-3,RJPN-009,Band 1 (2100MHz),-83.6,-15.0,10.2,65.8,49.2,125.7
2026-10-16 08:00:00,RJPN-010-1,RJPN-010,Band 3 (1800MHz),-81.5,-13.0,7.8,89.0,46.0,166.4
2026-10-16 08:00:00,RJPN-010-2,RJPN-010,Band 3 (1800MHz),-88.1,-14.1,12.2,62.7,31.7,138.3
2026-10-16 08:00:00,RJPN-010-3,RJPN-010,Band 3 (1800MHz),-83.5,-11.9,7.9,70.1,42.9,109.7
2026-10-16 08:00:00,RJPN-011-1,RJPN-011,Band 1 (2100MHz),-87.0,-14.7,12.0,45.5,25.2,115.8
2026-10-16 08:00:00,RJPN-011-2,RJPN-011,Band 1 (2100MHz),-97.2,-19.5,9.5,64.2,36.9,169.7
2026-10-16 08:00:00,RJPN-011-3,RJPN-011,Band 1 (2100MHz),-101.0,-15.9,0.9,72.9,52.5,100.4
2026-10-16 09:00:00,RJPN-001-1,RJPN-001,Band 1 (2100MHz),-85.6,-10.2,11.1,55.7,30.3,80.5
2026-10-16 09:00:00,RJPN-001-2,RJPN-001,Band 1 (2100MHz),-87.1,-13.3,14.6,39.2,37.5,98.7
2026-10-16 09:00:00,RJPN-001-3,RJPN-001,Band 1 (2100MHz),-83.6,-9.8,9.3,59.0,34.7,66.8
2026-10-16 09:00:00,RJPN-002-1,RJPN-002,Band 3 (1800MHz),-84.0,-7.3,7.8,49.5,21.0,105.2
2026-10-16 09:00:00,RJPN-002-2,RJPN-002,Band 3 (1800MHz),-95.7,-12.2,-1.5,55.8,40.6,91.4
2026-10-16 09:00:00,RJPN-002-3,RJPN-002,Band 3 (1800MHz),-86.6,-9.1,10.8,40.4,17.0,96.3
2026-10-16 09:00:00,RJPN-003-1,RJPN-003,Band 1 (2100MHz),-83.2,-10.5,4.4,67.0,32.9,130.2
2026-10-16 09:00:00,RJPN-003-2,RJPN-003,Band 1 (2100MHz),-84.8,-10.7,-1.2,59.8,35.5,58.0
2026-10-16 09:00:00,RJPN-003-3,RJPN-003,Band 1 (2100MHz),-83.3,-6.8,15.3,49.8,31.3,57.7
2026-10-16 09:00:00,RJPN-004-1,RJPN-004,Band 3 (1800MHz),-82.9,-13.4,2.9,41.5,33.4,108.8
2026-10-16 09:00:00,RJPN-004-2,RJPN-004,Band 3 (1800MHz),-85.3,-11.2,7.7,76.3,33.5,100.4
2026-10-16 09:00:00,RJPN-004-3,RJPN-004,Band 3 (1800MHz),-85.1,-9.4,9.2,91.2,30.4,132.2
2026-10-16 09:00:00,RJPN-005-1,RJPN-005,Band 1 (2100MHz),-80.9,-10.8,9.6,83.8,39.3,147.9
2026-10-16 09:00:00,RJPN-005-2,RJPN-005,Band 1 (2100MHz),-89.2,-11.5,16.6,44.2,29.6,91.0
2026-10-16 09:00:00,RJPN-005-3,RJPN-005,Band 1 (2100MHz),-84.7,-9.8,17.1,61.5,29.9,102.2
2026-10-16 09:00:00,RJPN-006-1,RJPN-006,Band 3 (1800MHz),-89.7,-13.3,7.6,57.8,44.1,82.4
2026-10-16 09:00:00,RJPN-006-2,RJPN-006,Band 3 (1800MHz),-86.6,-11.0,14.7,47.8,39.0,85.0
2026-10-16 09:00:00,RJPN-006-3,RJPN-006,Band 3 (1800MHz),-93.7,-9.5,19.0,50.3,22.2,108.3
2026-10-16 09:00:00,RJPN-007-1,RJPN-007,Band 1 (2100MHz),-84.2,-11.0,13.5,63.4,36.6,93.0
2026-10-16 09:00:00,RJPN-007-2,RJPN-007,Band 1 (2100MHz),-83.6,-9.5,5.9,53.1,38.0,90.0
2026-10-16 09:00:00,RJPN-007-3,RJPN-007,Band 1 (2100MHz),-81.0,-10.2,14.2,53.3,37.0,89.9
2026-10-16 09:00:00,RJPN-008-1,RJPN-008,Band 3 (1800MHz),-88.5,-9.9,10.3,65.9,32.8,91.8
2026-10-16 09:00:00,RJPN-008-2,RJPN-008,Band 3 (1800MHz),-79.0,-13.2,8.0,45.1,24.4,94.2
2026-10-16 09:00:00,RJPN-008-3,RJPN-008,Band 3 (1800MHz),-90.4,-11.5,12.6,72.1,41.5,33.2
2026-10-16 09:00:00,RJPN-009-1,RJPN-009,Band 1 (2100MHz),-90.7,-9.2,17.2,44.4,23.4,61.6
2026-10-16 09:00:00,RJPN-009-2,RJPN-009,Band 1 (2100MHz),-80.5,-11.5,3.3,58.0,19.3,91.3
2026-10-16 09:00:00,RJPN-009-3,RJPN-009,Band 1 (2100MHz),-84.6,-7.7,17.2,49.1,42.7,88.7
2026-10-16 09:00:00,RJPN-010-1,RJPN-010,Band 3 (1800MHz),-84.0,-9.3,5.8,55.9,28.7,104.4
2026-10-16 09:00:00,RJPN-010-2,RJPN-010,Band 3 (1800MHz),-85.7,-12.5,22.0,48.8,24.8,85.1
2026-10-16 09:00:00,RJPN-010-3,RJPN-010,Band 3 (1800MHz),-84.3,-9.8,16.5,56.0,17.7,98.4
2026-10-16 09:00:00,RJPN-011-1,RJPN-011,Band 1 (2100MHz),-90.1,-10.3,14.2,59.0,19.4,105.8
2026-10-16 09:00:00,RJPN-011-2,RJPN-011,Band 1 (2100MHz),-94.8,-12.4,5.5,76.3,24.8,95.2
2026-10-16 09:00:00,RJPN-011-3,RJPN-011,Band 1 (2100MHz),-103.3,-12.7,11.5,54.6,18.3,81.9
2026-10-16 10:00:00,RJPN-001-1,RJPN-001,Band 1 (2100MHz),-81.5,-6.3,20.7,2.0,17.7,51.1
2026-10-16 10:00:00,RJPN-001-2,RJPN-001,Band 1 (2100MHz),-85.3,-7.1,9.7,0.0,5.4,3.8
2026-10-16 10:00:00,RJPN-001-3,RJPN-001,Band 1 (2100MHz),-84.5,-2.4,11.0,23.9,3.0,16.4
2026-10-16 10:00:00,RJPN-002-1,RJPN-002,Band 3 (1800MHz),-83.5,-8.1,22.0,5.1,12.8,36.5
2026-10-16 10:00:00,RJPN-002-2,RJPN-002,Band 3 (1800MHz),-91.7,-14.4,-0.6,19.1,11.9,12.7
2026-10-16 10:00:00,RJPN-002-3,RJPN-002,Band 3 (1800MHz),-81.4,-6.8,12.0,8.8,0.0,0.0
2026-10-16 10:00:00,RJPN-003-1,RJPN-003,Band 1 (2100MHz),-81.0,-10.8,15.2,24.3,0.9,33.2
2026-10-16 10:00:00,RJPN-003-2,RJPN-003,Band 1 (2100MHz),-83.5,-9.8,9.8,14.6,2.3,53.2
2026-10-16 10:00:00,RJPN-003-3,RJPN-003,Band 1 (2100MHz),-86.1,-10.4,16.6,9.0,5.1,27.0
2026-10-16 10:00:00,RJPN-004-1,RJPN-004,Band 3 (1800MHz),-89.1,-12.0,7.9,23.7,3.2,0.0
2026-10-16 10:00:00,RJPN-004-2,RJPN-004,Band 3 (1800MHz),-78.6,-6.5,11.0,0.0,21.5,50.0
2026-10-16 10:00:00,RJPN-004-3,RJPN-004,Band 3 (1800MHz),-78.6,-6.6,9.1,14.3,3.4,13.8
2026-10-16 10:00:00,RJPN-005-1,RJPN-005,Band 1 (2100MHz),-80.7,-9.6,4.7,17.4,0.1,42.7
2026-10-16 10:00:00,RJPN-005-2,RJPN-005,Band 1 (2100MHz),-80.4,-9.4,20.6,6.7,5.1,22.6
2026-10-16 10:00:00,RJPN-005-3,RJPN-005,Band 1 (2100MHz),-87.4,-10.3,-1.8,33.3,11.3,46.3
2026-10-16 10:00:00,RJPN-006-1,RJPN-006,Band 3 (1800MHz),-86.2,-9.3,14.0,22.2,4.0,9.2
2026-10-16 10:00:00,RJPN-006-2,RJPN-006,Band 3 (1800MHz),-90.2,-6.0,23.8,6.8,4.7,48.4
2026-10-16 10:00:00,RJPN-006-3,RJPN-006,Band 3 (1800MHz),-85.1,-7.1,16.3,3.2,5.8,8.0
2026-10-16 10:00:00,RJPN-007-1,RJPN-007,Band 1 (2100MHz),-76.7,-8.3,11.8,1.8,2.9,25.8
2026-10-16 10:00:00,RJPN-007-2,RJPN-007,Band 1 (2100MHz),-84.3,-10.6,17.6,17.5,15.7,62.3
2026-10-16 10:00:00,RJPN-007-3,RJPN-007,Band 1 (2100MHz),-91.4,-8.3,8.6,0.0,19.7,30.1
2026-10-16 10:00:00,RJPN-008-1,RJPN-008,Band 3 (1800MHz),-92.8,-5.0,20.8,17.9,20.0,10.8
2026-10-16 10:00:00,RJPN-008-2,RJPN-008,Band 3 (1800MHz),-83.2,-8.8,14.7,22.6,13.0,23.6
2026-10-16 10:00:00,RJPN-008-3,RJPN-008,Band 3 (1800MHz),-84.5,-9.5,17.1,14.4,0.8,17.1
2026-10-16 10:00:00,RJPN-009-1,RJPN-009,Band 1 (2100MHz),-86.4,-4.4,21.1,13.7,11.9,41.5
2026-10-16 10:00:00,RJPN-009-2,RJPN-009,Band 1 (2100MHz),-72.2,-7.1,-2.4,18.0,15.7,21.8
2026-10-16 10:00:00,RJPN-009-3,RJPN-009,Band 1 (2100MHz),-90.2,-5.5,-7.5,29.6,3.4,39.0
2026-10-16 10:00:00,RJPN-010-1,RJPN-010,Band 3 (1800MHz),-73.9,-8.3,12.0,26.8,14.3,0.0
2026-10-16 10:00:00,RJPN-010-2,RJPN-010,Band 3 (1800MHz),-86.2,-9.8,14.2,39.9,4.4,45.7
2026-10-16 10:00:00,RJPN-010-3,RJPN-010,Band 3 (1800MHz),-80.2,-8.4,16.1,8.7,0.0,37.4
2026-10-16 10:00:00,RJPN-011-1,RJPN-011,Band 1 (2100MHz),-85.7,-7.4,10.8,6.1,16.0,16.3
2026-10-16 10:00:00,RJPN-011-2,RJPN-011,Band 1 (2100MHz),-98.2,-11.9,4.6,15.0,22.3,42.3
2026-10-16 10:00:00,RJPN-011-3,RJPN-011,Band 1 (2100MHz),-99.7,-14.5,10.2,4.1,12.4,48.4
2026-10-16 11:00:00,RJPN-001-1,RJPN-001,Band 1 (2100MHz),-84.0,-12.7,13.1,55.7,19.2,83.7
2026-10-16 11:00:00,RJPN-001-2,RJPN-001,Band 1 (2100MHz),-86.4,-10.0,16.7,38.1,27.7,72.3
2026-10-16 11:00:00,RJPN-001-3,RJPN-001,Band 1 (2100MHz),-86.6,-12.9,14.8,40.0,34.7,70.6
2026-10-16 11:00:00,RJPN-002-1,RJPN-002,Band 3 (1800MHz),-84.0,-11.5,6.1,53.2,29.7,66.7
2026-10-16 11:00:00,RJPN-002-2,RJPN-002,Band 3 (1800MHz),-100.0,-15.3,12.3,55.6,36.6,76.4
2026-10-16 11:00:00,RJPN-002-3,RJPN-002,Band 3 (1800MHz),-83.7,-12.0,14.5,33.3,15.8,122.1
2026-10-16 11:00:00,RJPN-003-1,RJPN-003,Band 1 (2100MHz),-76.6,-6.5,18.6,58.0,28.8,65.2
2026-10-16 11:00:00,RJPN-003-2,RJPN-003,Band 1 (2100MHz),-84.9,-9.7,11.9,46.5,34.3,108.1
2026-10-16 11:00:00,RJPN-003-3,RJPN-003,Band 1 (2100MHz),-79.8,-6.5,15.9,70.3,29.2,44.7
2026-10-16 11:00:00,RJPN-004-1,RJPN-004,Band 3 (1800MHz),-92.8,-13.2,11.4,66.9,39.3,109.0
2026-10-16 11:00:00,RJPN-004-2,RJPN-004,Band 3 (1800MHz),-84.3,-9.0,15.4,62.0,28.1,98.1
2026-10-16 11:00:00,RJPN-004-3,RJPN-004,Band 3 (1800MHz),-84.8,-9.8,13.7,61.8,40.4,66.9
2026-10-16 11:00:00,RJPN-005-1,RJPN-005,Band 1 (2100MHz),-88.7,-11.4,7.5,51.3,14.9,93.8
2026-10-16 11:00:00,RJPN-005-2,RJPN-005,Band 1 (2100MHz),-82.5,-12.6,17.7,43.3,25.6,100.6
2026-10-16 11:00:00,RJPN-005-3,RJPN-005,Band 1 (2100MHz),-76.4,-9.7,15.2,41.5,38.6,36.4
2026-10-16 11:00:00,RJPN-006-1,RJPN-006,Band 3 (1800MHz),-91.1,-11.5,12.3,54.0,22.8,86.4
2026-10-16 11:00:00,RJPN-006-2,RJPN-006,Band 3 (1800MHz),-80.9,-8.2,17.2,35.4,20.0,79.0
2026-10-16 11:00:00,RJPN-006-3,RJPN-006,Band 3 (1800MHz),-92.0,-8.7,16.9,30.0,26.5,90.4
2026-10-16 11:00:00,RJPN-007-1,RJPN-007,Band 1 (2100MHz),-79.3,-13.0,10.6,63.8,31.9,59.5
2026-10-16 11:00:00,RJPN-007-2,RJPN-007,Band 1 (2100MHz),-87.1,-10.0,10.1,54.9,28.8,51.4
2026-10-16 11:00:00,RJPN-007-3,RJPN-007,Band 1 (2100MHz),-89.6,-12.4,25.3,78.0,23.7,55.4
2026-10-16 11:00:00,RJPN-008-1,RJPN-008,Band 3 (1800MHz),-83.7,-12.4,17.0,53.7,41.7,88.6
2026-10-16 11:00:00,RJPN-008-2,RJPN-008,Band 3 (1800MHz),-80.8,-12.3,8.1,46.3,25.3,81.6
2026-10-16 11:00:00,RJPN-008-3,RJPN-008,Band 3 (1800MHz),-82.1,-13.0,13.5,33.5,23.0,86.4
2026-10-16 11:00:00,RJPN-009-1,RJPN-009,Band 1 (2100MHz),-85.2,-6.5,15.9,46.9,12.4,91.2
2026-10-16 11:00:00,RJPN-009-2,RJPN-009,Band 1 (2100MHz),-83.3,-11.5,15.3,38.1,26.6,110.8
2026-10-16 11:00:00,RJPN-009-3,RJPN-009,Band 1 (2100MHz),-81.2,-11.7,7.4,58.7,24.3,89.4
2026-10-16 11:00:00,RJPN-010-1,RJPN-010,Band 3 (1800MHz),-82.8,-10.1,20.6,47.9,38.5,91.1
2026-10-16 11:00:00,RJPN-010-2,RJPN-010,Band 3 (1800MHz),-81.8,-13.6,15.4,45.5,30.2,73.3
2026-10-16 11:00:00,RJPN-010-3,RJPN-010,Band 3 (1800MHz),-86.3,-9.1,15.5,47.5,44.5,101.1
2026-10-16 11:00:00,RJPN-011-1,RJPN-011,Band 1 (2100MHz),-88.5,-9.5,14.2,46.9,25.2,82.1
2026-10-16 11:00:00,RJPN-011-2,RJPN-011,Band 1 (2100MHz),-96.6,-15.4,6.2,51.8,27.4,76.2
2026-10-16 11:00:00,RJPN-011-3,RJPN-011,Band 1 (2100MHz),-100.1,-11.2,12.9,29.2,27.1,80.7
2026-10-16 12:00:00,RJPN-001-1,RJPN-001,Band 1 (2100MHz),-87.6,-9.9,12.1,60.3,36.9,54.9
2026-10-16 12:00:00,RJPN-001-2,RJPN-001,Band 1 (2100MHz),-79.1,-10.4,14.5,39.8,23.2,72.8
2026-10-16 12:00:00,RJPN-001-3,RJPN-001,Band 1 (2100MHz),-88.2,-8.2,15.9,37.9,25.2,56.7
2026-10-16 12:00:00,RJPN-002-1,RJPN-002,Band 3 (1800MHz),-77.1,-10.3,21.5,52.3,36.8,98.5
2026-10-16 12:00:00,RJPN-002-2,RJPN-002,Band 3 (1800MHz),-99.5,-12.6,5.2,49.9,38.9,58.8
2026-10-16 12:00:00,RJPN-002-3,RJPN-002,Band 3 (1800MHz),-81.7,-11.3,12.0,31.9,37.6,69.7
2026-10-16 12:00:00,RJPN-003-1,RJPN-003,Band 1 (2100MHz),-84.3,-9.5,16.1,59.8,45.7,98.8
2026-10-16 12:00:00,RJPN-003-2,RJPN-003,Band 1 (2100MHz),-80.2,-10.9,7.2,61.5,40.2,80.7
2026-10-16 12:00:00,RJPN-003-3,RJPN-003,Band 1 (2100MHz),-78.9,-10.5,22.3,50.8,18.7,67.8
2026-10-16 12:00:00,RJPN-004-1,RJPN-004,Band 3 (1800MHz),-83.1,-10.4,9.4,36.7,16.0,126.7
2026-10-16 12:00:00,RJPN-004-2,RJPN-004,Band 3 (1800MHz),-80.7,-11.5,16.6,41.4,35.7,110.2
2026-10-16 12:00:00,RJPN-004-3,RJPN-004,Band 3 (1800MHz),-84.4,-11.6,10.9,36.7,9.2,113.9
2026-10-16 12:00:00,RJPN-005-1,RJPN-005,Band 1 (2100MHz),-87.4,-10.6,6.6,41.4,32.9,99.7
2026-10-16 12:00:00,RJPN-005-2,RJPN-005,Band 1 (2100MHz),-83.6,-8.9,9.1,33.5,35.8,104.0
2026-10-16 12:00:00,RJPN-005-3,RJPN-005,Band 1 (2100MHz),-86.7,-8.8,13.9,64.1,27.6,73.8
2026-10-16 12:00:00,RJPN-006-1,RJPN-006,Band 3 (1800MHz),-83.2,-9.0,3.2,37.4,26.8,71.7
2026-10-16 12:00:00,RJPN-006-2,RJPN-006,Band 3 (1800MHz),-86.1,-10.7,11.0,58.7,5.9,101.3
2026-10-16 12:00:00,RJPN-006-3,RJPN-006,Band 3 (1800MHz),-89.1,-8.2,11.1,48.7,38.8,102.2
2026-10-16 12:00:00,RJPN-007-1,RJPN-007,Band 1 (2100MHz),-90.9,-7.8,9.1,51.1,50.7,101.4
2026-10-16 12:00:00,RJPN-007-2,RJPN-007,Band 1 (2100MHz),-77.4,-13.1,12.6,41.4,45.0,68.2
2026-10-16 12:00:00,RJPN-007-3,RJPN-007,Band 1 (2100MHz),-84.1,-8.6,10.1,54.1,36.6,49.2
2026-10-16 12:00:00,RJPN-008-1,RJPN-008,Band 3 (1800MHz),-87.5,-9.0,11.5,20.6,34.5,81.2
2026-10-16 12:00:00,RJPN-008-2,RJPN-008,Band 3 (1800MHz),-84.7,-5.8,18.3,27.8,33.0,48.2
2026-10-16 12:00:00,RJPN-008-3,RJPN-008,Band 3 (1800MHz),-86.8,-7.5,7.8,49.4,40.5,92.1
2026-10-16 12:00:00,RJPN-009-1,RJPN-009,Band 1 (2100MHz),-82.3,-9.3,16.4,60.8,21.4,75.9
2026-10-16 12:00:00,RJPN-009-2,RJPN-009,Band 1 (2100MHz),-85.2,-7.4,10.5,52.7,23.7,65.9
2026-10-16 12:00:00,RJPN-009-3,RJPN-009,Band 1 (2100MHz),-88.9,-13.9,2.3,37.1,26.4,95.0
2026-10-16 12:00:00,RJPN-010-1,RJPN-010,Band 3 (1800MHz),-88.4,-8.1,6.5,43.9,29.7,106.4
2026-10-16 12:00:00,RJPN-010-2,RJPN-010,Band 3 (1800MHz),-85.0,-9.5,11.0,55.5,24.4,107.7
2026-10-16 12:00:00,RJPN-010-3,RJPN-010,Band 3 (1800MHz),-96.9,-7.3,17.6,51.9,34.9,86.7
2026-10-16 12:00:00,RJPN-011-1,RJPN-011,Band 1 (2100MHz),-80.3,-10.4,1.6,44.6,20.3,109.3
2026-10-16 12:00:00,RJPN-011-2,RJPN-011,Band 1 (2100MHz),-103.5,-14.8,5.9,53.8,16.7,53.3
2026-10-16 12:00:00,RJPN-011-3,RJPN-011,Band 1 (2100MHz),-94.1,-15.7,-0.1,44.2,44.9,67.7
2026-10-16 13:00:00,RJPN-001-1,RJPN-001,Band 1 (2100MHz),-84.3,-13.0,16.1,50.0,48.0,86.8
2026-10-16 13:00:00,RJPN-001-2,RJPN-001,Band 1 (2100MHz),-94.5,-8.7,6.0,62.4,47.0,49.2
2026-10-16 13:00:00,RJPN-001-3,RJPN-001,Band 1 (2100MHz),-94.9,-7.4,16.6,55.4,16.6,96.4
2026-10-16 13:00:00,RJPN-002-1,RJPN-002,Band 3 (1800MHz),-85.2,-11.9,8.8,61.2,18.5,108.6
2026-10-16 13:00:00,RJPN-002-2,RJPN-002,Band 3 (1800MHz),-105.3,-16.7,3.8,64.3,26.1,86.5
2026-10-16 13:00:00,RJPN-002-3,RJPN-002,Band 3 (1800MHz),-84.0,-10.8,6.9,48.5,24.3,99.8
2026-10-16 13:00:00,RJPN-003-1,RJPN-003,Band 1 (2100MHz),-84.0,-11.4,13.8,31.0,9.2,120.6
2026-10-16 13:00:00,RJPN-003-2,RJPN-003,Band 1 (2100MHz),-84.4,-12.9,10.3,58.2,36.9,82.4
2026-10-16 13:00:00,RJPN-003-3,RJPN-003,Band 1 (2100MHz),-87.5,-10.4,18.1,47.2,42.5,62.6
2026-10-16 13:00:00,RJPN-004-1,RJPN-004,Band 3 (1800MHz),-85.3,-9.5,14.8,29.8,34.0,113.2
2026-10-16 13:00:00,RJPN-004-2,RJPN-004,Band 3 (1800MHz),-86.4,-10.4,14.3,57.7,28.7,114.8
2026-10-16 13:00:00,RJPN-004-3,RJPN-004,Band 3 (1800MHz),-87.1,-9.6,5.9,45.7,17.2,114.0
2026-10-16 13:00:00,RJPN-005-1,RJPN-005,Band 1 (2100MHz),-88.1,-12.9,2.5,58.6,27.0,89.1
2026-10-16 13:00:00,RJPN-005-2,RJPN-005,Band 1 (2100MHz),-86.7,-8.6,15.2,51.2,23.7,75.6
2026-10-16 13:00:00,RJPN-005-3,RJPN-005,Band 1 (2100MHz),-85.7,-9.3,17.0,50.7,30.3,111.8
2026-10-16 13:00:00,RJPN-006-1,RJPN-006,Band 3 (1800MHz),-88.1,-12.7,16.1,50.9,26.6,65.6
2026-10-16 13:00:00,RJPN-006-2,RJPN-006,Band 3 (1800MHz),-84.5,-12.3,9.6,60.2,44.6,82.6
2026-10-16 13:00:00,RJPN-006-3,RJPN-006,Band 3 (1800MHz),-82.8,-10.7,4.5,54.1,28.7,47.2
2026-10-16 13:00:00,RJPN-007-1,RJPN-007,Band 1 (2100MHz),-85.7,-13.1,22.7,62.8,27.6,55.5
2026-10-16 13:00:00,RJPN-007-2,RJPN-007,Band 1 (2100MHz),-88.3,-11.4,16.7,64.3,24.8,67.5
2026-10-16 13:00:00,RJPN-007-3,RJPN-007,Band 1 (2100MHz),-84.4,-12.5,9.6,48.8,32.2,86.2
2026-10-16 13:00:00,RJPN-008-1,RJPN-008,Band 3 (1800MHz),-89.1,-10.2,17.6,55.3,36.2,80.4
2026-10-16 13:00:00,RJPN-008-2,RJPN-008,Band 3 (1800MHz),-88.0,-11.7,10.4,57.5,21.9,58.2
2026-10-16 13:00:00,RJPN-008-3,RJPN-008,Band 3 (1800MHz),-84.9,-7.8,19.5,55.0,34.3,73.1
2026-10-16 13:00:00,RJPN-009-1,RJPN-009,Band 1 (2100MHz),-82.9,-9.0,12.1,36.6,19.7,100.2
2026-10-16 13:00:00,RJPN-009-2,RJPN-009,Band 1 (2100MHz),-82.6,-8.3,14.0,49.5,24.9,49.4
2026-10-16 13:00:00,RJPN-009-3,RJPN-009,Band 1 (2100MHz),-82.0,-10.8,10.8,52.3,17.6,82.1
2026-10-16 13:00:00,RJPN-010-1,RJPN-010,Band 3 (1800MHz),-83.7,-6.9,14.9,44.1,26.0,87.9
2026-10-16 13:00:00,RJPN-010-2,RJPN-010,Band 3 (1800MHz),-91.9,-13.0,16.8,42.4,29.1,112.8
2026-10-16 13:00:00,RJPN-010-3,RJPN-010,Band 3 (1800MHz),-85.0,-12.9,20.0,49.6,29.3,88.5
2026-10-16 13:00:00,RJPN-011-1,RJPN-011,Band 1 (2100MHz),-81.6,-8.7,-1.3,28.8,29.0,93.4
2026-10-16 13:00:00,RJPN-011-2,RJPN-011,Band 1 (2100MHz),-99.3,-14.7,10.3,60.7,25.6,81.4
2026-10-16 13:00:00,RJPN-011-3,RJPN-011,Band 1 (2100MHz),-92.9,-10.2,6.7,46.4,43.1,89.2
2026-10-16 14:00:00,RJPN-001-1,RJPN-001,Band 1 (2100MHz),-86.0,-12.9,9.8,55.6,19.1,89.1
2026-10-16 14:00:00,RJPN-001-2,RJPN-001,Band 1 (2100MHz),-86.6,-6.7,12.3,64.9,25.8,57.4
2026-10-16 14:00:00,RJPN-001-3,RJPN-001,Band 1 (2100MHz),-85.0,-10.4,10.0,43.5,32.1,68.9
2026-10-16 14:00:00,RJPN-002-1,RJPN-002,Band 3 (1800MHz),-89.8,-11.6,14.2,57.9,34.1,65.8
2026-10-16 14:00:00,RJPN-002-2,RJPN-002,Band 3 (1800MHz),-97.6,-13.7,5.4,49.0,19.5,61.7
2026-10-16 14:00:00,RJPN-002-3,RJPN-002,Band 3 (1800MHz),-83.9,-9.7,26.6,60.5,28.5,60.1
2026-10-16 14:00:00,RJPN-003-1,RJPN-003,Band 1 (2100MHz),-88.9,-10.5,16.6,29.7,39.2,87.6
2026-10-16 14:00:00,RJPN-003-2,RJPN-003,Band 1 (2100MHz),-89.2,-10.6,10.8,52.1,14.3,77.7
2026-10-16 14:00:00,RJPN-003-3,RJPN-003,Band 1 (2100MHz),-84.6,-10.9,7.9,54.4,10.4,111.1
2026-10-16 14:00:00,RJPN-004-1,RJPN-004,Band 3 (1800MHz),-87.6,-11.5,11.7,42.1,27.0,72.3
2026-10-16 14:00:00,RJPN-004-2,RJPN-004,Band 3 (1800MHz),-79.4,-13.0,20.2,47.4,29.1,67.7
2026-10-16 14:00:00,RJPN-004-3,RJPN-004,Band 3 (1800MHz),-81.0,-13.4,22.0,54.9,31.1,81.2
2026-10-16 14:00:00,RJPN-005-1,RJPN-005,Band 1 (2100MHz),-84.1,-7.8,16.3,61.5,22.5,109.1
2026-10-16 14:00:00,RJPN-005-2,RJPN-005,Band 1 (2100MHz),-88.4,-10.0,2.1,40.1,25.8,104.5
2026-10-16 14:00:00,RJPN-005-3,RJPN-005,Band 1 (2100MHz),-82.6,-12.6,16.5,35.1,20.3,116.1
2026-10-16 14:00:00,RJPN-006-1,RJPN-006,Band 3 (1800MHz),-88.0,-9.6,25.4,58.0,14.6,77.4
2026-10-16 14:00:00,RJPN-006-2,RJPN-006,Band 3 (1800MHz),-79.9,-13.0,15.5,40.5,22.8,72.6
2026-10-16 14:00:00,RJPN-006-3,RJPN-006,Band 3 (1800MHz),-82.2,-11.7,19.6,44.3,32.9,95.8
2026-10-16 14:00:00,RJPN-007-1,RJPN-007,Band 1 (2100MHz),-79.9,-8.1,1.7,35.8,30.3,79.0
2026-10-16 14:00:00,RJPN-007-2,RJPN-007,Band 1 (2100MHz),-84.2,-10.9,16.2,71.6,43.1,81.5
2026-10-16 14:00:00,RJPN-007-3,RJPN-007,Band 1 (2100MHz),-85.2,-12.6,17.8,49.0,30.9,53.6
2026-10-16 14:00:00,RJPN-008-1,RJPN-008,Band 3 (1800MHz),-89.5,-10.4,11.4,47.9,28.0,67.5
2026-10-16 14:00:00,RJPN-008-2,RJPN-008,Band 3 (1800MHz),-80.7,-7.6,16.8,47.7,44.1,123.1
2026-10-16 14:00:00,RJPN-008-3,RJPN-008,Band 3 (1800MHz),-83.7,-9.1,11.0,35.0,25.2,81.5
2026-10-16 14:00:00,RJPN-009-1,RJPN-009,Band 1 (2100MHz),-86.6,-11.8,16.4,40.7,46.5,36.0
2026-10-16 14:00:00,RJPN-009-2,RJPN-009,Band 1 (2100MHz),-87.1,-7.5,15.6,66.6,39.6,73.8
2026-10-16 14:00:00,RJPN-009-3,RJPN-009,Band 1 (2100MHz),-82.7,-11.1,15.2,55.8,31.4,84.6
2026-10-16 14:00:00,RJPN-010-1,RJPN-010,Band 3 (1800MHz),-86.7,-9.1,2.9,55.9,18.8,126.6
2026-10-16 14:00:00,RJPN-010-2,RJPN-010,Band 3 (1800MHz),-85.1,-12.0,9.3,50.9,26.0,91.3
2026-10-16 14:00:00,RJPN-010-3,RJPN-010,Band 3 (1800MHz),-83.3,-7.3,19.1,60.0,32.1,88.4
2026-10-16 14:00:00,RJPN-011-1,RJPN-011,Band 1 (2100MHz),-81.6,-7.7,9.1,47.0,23.7,71.9
2026-10-16 14:00:00,RJPN-011-2,RJPN-011,Band 1 (2100MHz),-101.4,-11.7,1.3,64.2,13.5,39.1
2026-10-16 14:00:00,RJPN-011-3,RJPN-011,Band 1 (2100MHz),-96.7,-13.0,4.5,28.4,36.7,107.0
2026-10-16 15:00:00,RJPN-001-1,RJPN-001,Band 1 (2100MHz),-82.4,-5.1,19.7,16.3,24.4,11.2
2026-10-16 15:00:00,RJPN-001-2,RJPN-001,Band 1 (2100MHz),-82.3,-8.2,20.4,16.1,1.7,55.4
2026-10-16 15:00:00,RJPN-001-3,RJPN-001,Band 1 (2100MHz),-86.1,-8.2,6.8,40.1,4.2,32.4
2026-10-16 15:00:00,RJPN-002-1,RJPN-002,Band 3 (1800MHz),-86.3,-11.1,11.0,16.0,2.0,31.0
2026-10-16 15:00:00,RJPN-002-2,RJPN-002,Band 3 (1800MHz),-103.1,-10.6,0.9,14.9,4.0,29.6
2026-10-16 15:00:00,RJPN-002-3,RJPN-002,Band 3 (1800MHz),-86.3,-6.7,14.9,17.3,0.0,0.9
2026-10-16 15:00:00,RJPN-003-1,RJPN-003,Band 1 (2100MHz),-84.4,-8.1,5.9,31.0,11.7,15.8
2026-10-16 15:00:00,RJPN-003-2,RJPN-003,Band 1 (2100MHz),-78.0,-8.2,8.0,21.4,7.7,33.9
2026-10-16 15:00:00,RJPN-003-3,RJPN-003,Band 1 (2100MHz),-86.0,-3.6,2.6,20.7,20.6,41.7
2026-10-16 15:00:00,RJPN-004-1,RJPN-004,Band 3 (1800MHz),-84.2,-8.3,14.6,1.7,3.7,53.6
2026-10-16 15:00:00,RJPN-004-2,RJPN-004,Band 3 (1800MHz),-85.1,-7.9,7.5,36.0,10.0,51.1
2026-10-16 15:00:00,RJPN-004-3,RJPN-004,Band 3 (1800MHz),-84.2,-6.8,21.1,3.7,18.7,54.9
2026-10-16 15:00:00,RJPN-005-1,RJPN-005,Band 1 (2100MHz),-91.1,-6.8,16.2,17.8,5.0,41.2
2026-10-16 15:00:00,RJPN-005-2,RJPN-005,Band 1 (2100MHz),-88.9,-8.0,12.5,13.5,0.0,18.2
2026-10-16 15:00:00,RJPN-005-3,RJPN-005,Band 1 (2100MHz),-83.9,-8.1,12.2,20.6,16.3,22.2
2026-10-16 15:00:00,RJPN-006-1,RJPN-006,Band 3 (1800MHz),-88.6,-9.8,12.0,16.3,20.7,0.0
2026-10-16 15:00:00,RJPN-006-2,RJPN-006,Band 3 (1800MHz),-81.6,-10.5,15.1,26.7,13.2,20.6
2026-10-16 15:00:00,RJPN-006-3,RJPN-006,Band 3 (1800MHz),-87.6,-8.0,11.5,19.0,0.1,49.5
2026-10-16 15:00:00,RJPN-007-1,RJPN-007,Band 1 (2100MHz),-77.7,-6.0,13.1,38.5,11.3,14.7
2026-10-16 15:00:00,RJPN-007-2,RJPN-007,Band 1 (2100MHz),-92.2,-8.9,10.9,16.8,11.2,0.0
2026-10-16 15:00:00,RJPN-007-3,RJPN-007,Band 1 (2100MHz),-82.4,-10.5,10.6,14.3,11.3,25.3
2026-10-16 15:00:00,RJPN-008-1,RJPN-008,Band 3 (1800MHz),-82.6,-9.5,7.8,12.8,0.0,22.0
2026-10-16 15:00:00,RJPN-008-2,RJPN-008,Band 3 (1800MHz),-89.6,-9.0,21.0,22.3,26.3,32.3
2026-10-16 15:00:00,RJPN-008-3,RJPN-008,Band 3 (1800MHz),-88.7,-9.7,10.7,0.7,9.1,16.6
2026-10-16 15:00:00,RJPN-009-1,RJPN-009,Band 1 (2100MHz),-80.5,-9.4,5.5,2.6,11.3,40.9
2026-10-16 15:00:00,RJPN-009-2,RJPN-009,Band 1 (2100MHz),-94.1,-7.8,9.8,17.1,11.0,33.5
2026-10-16 15:00:00,RJPN-009-3,RJPN-009,Band 1 (2100MHz),-87.6,-7.3,4.3,25.0,0.5,15.9
2026-10-16 15:00:00,RJPN-010-1,RJPN-010,Band 3 (1800MHz),-84.8,-4.3,14.5,9.0,18.9,0.0
2026-10-16 15:00:00,RJPN-010-2,RJPN-010,Band 3 (1800MHz),-90.7,-6.3,13.1,25.3,19.2,55.0
2026-10-16 15:00:00,RJPN-010-3,RJPN-010,Band 3 (1800MHz),-79.2,-8.8,11.0,10.1,1.7,33.6
2026-10-16 15:00:00,RJPN-011-1,RJPN-011,Band 1 (2100MHz),-85.9,-3.8,10.1,17.2,0.0,46.7
2026-10-16 15:00:00,RJPN-011-2,RJPN-011,Band 1 (2100MHz),-91.2,-11.9,10.8,6.5,16.6,6.6
2026-10-16 15:00:00,RJPN-011-3,RJPN-011,Band 1 (2100MHz),-101.9,-12.6,8.8,39.3,17.3,32.9
2026-10-16 16:00:00,RJPN-001-1,RJPN-001,Band 1 (2100MHz),-89.6,-10.1,16.5,70.4,37.0,92.5
2026-10-16 16:00:00,RJPN-001-2,RJPN-001,Band 1 (2100MHz),-87.2,-13.2,13.6,72.3,42.3,90.6
2026-10-16 16:00:00,RJPN-001-3,RJPN-001,Band 1 (2100MHz),-80.8,-12.1,15.6,71.4,39.2,112.1
2026-10-16 16:00:00,RJPN-002-1,RJPN-002,Band 3 (1800MHz),-83.4,-9.0,8.4,67.3,33.1,103.6
2026-10-16 16:00:00,RJPN-002-2,RJPN-002,Band 3 (1800MHz),-102.1,-14.3,-1.2,66.3,29.6,114.8
2026-10-16 16:00:00,RJPN-002-3,RJPN-002,Band 3 (1800MHz),-89.1,-13.1,9.3,46.1,44.9,134.2
2026-10-16 16:00:00,RJPN-003-1,RJPN-003,Band 1 (2100MHz),-83.1,-12.7,20.4,91.3,49.4,105.3
2026-10-16 16:00:00,RJPN-003-2,RJPN-003,Band 1 (2100MHz),-88.4,-6.9,3.5,68.3,42.3,121.5
2026-10-16 16:00:00,RJPN-003-3,RJPN-003,Band 1 (2100MHz),-83.5,-13.9,3.6,49.9,50.5,130.7
2026-10-16 16:00:00,RJPN-004-1,RJPN-004,Band 3 (1800MHz),-90.8,-10.1,10.3,56.7,41.9,104.1
2026-10-16 16:00:00,RJPN-004-2,RJPN-004,Band 3 (1800MHz),-82.6,-13.4,22.2,88.9,40.1,135.2
2026-10-16 16:00:00,RJPN-004-3,RJPN-004,Band 3 (1800MHz),-85.0,-10.6,21.9,62.0,51.5,111.5
2026-10-16 16:00:00,RJPN-005-1,RJPN-005,Band 1 (2100MHz),-90.4,-12.0,15.2,53.9,43.2,122.1
2026-10-16 16:00:00,RJPN-005-2,RJPN-005,Band 1 (2100MHz),-89.2,-10.4,14.9,62.3,23.9,90.6
2026-10-16 16:00:00,RJPN-005-3,RJPN-005,Band 1 (2100MHz),-71.1,-10.6,11.1,70.9,43.0,141.3
2026-10-16 16:00:00,RJPN-006-1,RJPN-006,Band 3 (1800MHz),-88.5,-11.9,12.4,26.9,48.0,93.3
2026-10-16 16:00:00,RJPN-006-2,RJPN-006,Band 3 (1800MHz),-89.5,-9.7,15.9,76.5,36.5,111.5
2026-10-16 16:00:00,RJPN-006-3,RJPN-006,Band 3 (1800MHz),-82.7,-8.0,12.4,71.0,40.9,123.8
2026-10-16 16:00:00,RJPN-007-1,RJPN-007,Band 1 (2100MHz),-82.9,-10.6,14.7,76.7,45.4,104.6
2026-10-16 16:00:00,RJPN-007-2,RJPN-007,Band 1 (2100MHz),-87.6,-11.2,7.0,89.6,33.9,55.5
2026-10-16 16:00:00,RJPN-007-3,RJPN-007,Band 1 (2100MHz),-87.0,-11.6,8.6,72.6,54.9,136.4
2026-10-16 16:00:00,RJPN-008-1,RJPN-008,Band 3 (1800MHz),-84.7,-12.0,11.6,61.2,38.8,131.9
2026-10-16 16:00:00,RJPN-008-2,RJPN-008,Band 3 (1800MHz),-86.5,-12.0,16.2,58.3,44.9,104.9
2026-10-16 16:00:00,RJPN-008-3,RJPN-008,Band 3 (1800MHz),-91.9,-8.8,7.5,60.4,32.4,138.8
2026-10-16 16:00:00,RJPN-009-1,RJPN-009,Band 1 (2100MHz),-85.2,-10.2,11.6,62.2,38.9,98.4
2026-10-16 16:00:00,RJPN-009-2,RJPN-009,Band 1 (2100MHz),-80.9,-10.2,4.1,63.8,33.5,87.8
2026-10-16 16:00:00,RJPN-009-3,RJPN-009,Band 1 (2100MHz),-84.5,-7.8,9.2,66.0,28.7,87.0
2026-10-16 16:00:00,RJPN-010-1,RJPN-010,Band 3 (1800MHz),-85.2,-11.0,10.4,66.5,48.4,109.5
2026-10-16 16:00:00,RJPN-010-2,RJPN-010,Band 3 (1800MHz),-89.6,-13.4,9.7,74.5,33.7,99.9
2026-10-16 16:00:00,RJPN-010-3,RJPN-010,Band 3 (1800MHz),-81.5,-9.2,11.2,67.5,50.0,87.6
2026-10-16 16:00:00,RJPN-011-1,RJPN-011,Band 1 (2100MHz),-87.7,-8.4,19.0,59.8,49.9,143.7
2026-10-16 16:00:00,RJPN-011-2,RJPN-011,Band 1 (2100MHz),-96.4,-15.9,1.6,57.5,51.0,93.9
2026-10-16 16:00:00,RJPN-011-3,RJPN-011,Band 1 (2100MHz),-102.6,-16.5,9.2,71.6,36.5,90.8
2026-10-16 17:00:00,RJPN-001-1,RJPN-001,Band 1 (2100MHz),-85.6,-15.5,22.0,60.5,48.8,69.3
2026-10-16 17:00:00,RJPN-001-2,RJPN-001,Band 1 (2100MHz),-80.2,-12.7,9.1,95.1,37.4,109.7
2026-10-16 17:00:00,RJPN-001-3,RJPN-001,Band 1 (2100MHz),-82.4,-10.8,10.5,71.8,46.3,132.4
2026-10-16 17:00:00,RJPN-002-1,RJPN-002,Band 3 (1800MHz),-80.1,-15.5,18.4,89.8,40.0,66.9
2026-10-16 17:00:00,RJPN-002-2,RJPN-002,Band 3 (1800MHz),-99.8,-16.1,-3.3,96.9,49.6,87.7
2026-10-16 17:00:00,RJPN-002-3,RJPN-002,Band 3 (1800MHz),-88.1,-12.1,14.9,87.5,45.2,109.0
2026-10-16 17:00:00,RJPN-003-1,RJPN-003,Band 1 (2100MHz),-80.3,-8.5,15.6,57.7,31.7,96.8
2026-10-16 17:00:00,RJPN-003-2,RJPN-003,Band 1 (2100MHz),-88.0,-11.3,7.9,53.2,46.7,111.7
2026-10-16 17:00:00,RJPN-003-3,RJPN-003,Band 1 (2100MHz),-89.8,-10.1,10.9,61.9,46.7,113.1
2026-10-16 17:00:00,RJPN-004-1,RJPN-004,Band 3 (1800MHz),-85.4,-12.3,15.3,77.3,36.2,107.0
2026-10-16 17:00:00,RJPN-004-2,RJPN-004,Band 3 (1800MHz),-80.7,-9.4,18.3,84.0,59.7,91.7
2026-10-16 17:00:00,RJPN-004-3,RJPN-004,Band 3 (1800MHz),-85.2,-11.1,6.8,69.4,52.3,150.8
2026-10-16 17:00:00,RJPN-005-1,RJPN-005,Band 1 (2100MHz),-82.2,-15.3,10.0,100.0,31.3,150.2
2026-10-16 17:00:00,RJPN-005-2,RJPN-005,Band 1 (2100MHz),-84.1,-11.8,12.9,85.4,55.9,108.1
2026-10-16 17:00:00,RJPN-005-3,RJPN-005,Band 1 (2100MHz),-87.2,-11.1,18.1,77.8,48.4,135.1
2026-10-16 17:00:00,RJPN-006-1,RJPN-006,Band 3 (1800MHz),-85.0,-11.8,14.8,62.8,39.1,133.9
2026-10-16 17:00:00,RJPN-006-2,RJPN-006,Band 3 (1800MHz),-85.6,-10.8,6.5,72.7,44.5,106.8
2026-10-16 17:00:00,RJPN-006-3,RJPN-006,Band 3 (1800MHz),-80.9,-8.7,11.2,63.6,45.4,114.9
2026-10-16 17:00:00,RJPN-007-1,RJPN-007,Band 1 (2100MHz),-84.7,-11.6,15.3,89.2,42.0,135.9
2026-10-16 17:00:00,RJPN-007-2,RJPN-007,Band 1 (2100MHz),-91.7,-14.4,17.0,64.9,45.5,132.2
2026-10-16 17:00:00,RJPN-007-3,RJPN-007,Band 1 (2100MHz),-89.0,-10.8,17.6,75.2,41.9,147.7
2026-10-16 17:00:00,RJPN-008-1,RJPN-008,Band 3 (1800MHz),-82.4,-10.4,17.1,89.4,55.0,119.3
2026-10-16 17:00:00,RJPN-008-2,RJPN-008,Band 3 (1800MHz),-84.8,-8.8,6.1,100.0,51.9,151.2
2026-10-16 17:00:00,RJPN-008-3,RJPN-008,Band 3 (1800MHz),-81.9,-9.0,19.8,76.1,50.1,156.2
2026-10-16 17:00:00,RJPN-009-1,RJPN-009,Band 1 (2100MHz),-83.6,-15.0,5.5,80.9,52.8,124.4
2026-10-16 17:00:00,RJPN-009-2,RJPN-009,Band 1 (2100MHz),-85.6,-12.8,15.8,66.9,34.0,127.9
2026-10-16 17:00:00,RJPN-009-3,RJPN-009,Band 1 (2100MHz),-82.6,-11.7,8.3,85.6,43.6,99.4
2026-10-16 17:00:00,RJPN-010-1,RJPN-010,Band 3 (1800MHz),-80.8,-14.3,5.1,71.5,55.3,124.9
2026-10-16 17:00:00,RJPN-010-2,RJPN-010,Band 3 (1800MHz),-85.6,-11.6,10.9,78.3,48.3,135.6
2026-10-16 17:00:00,RJPN-010-3,RJPN-010,Band 3 (1800MHz),-80.7,-12.5,10.6,80.8,47.2,80.2
2026-10-16 17:00:00,RJPN-011-1,RJPN-011,Band 1 (2100MHz),-78.7,-9.0,16.1,73.8,50.3,153.1
2026-10-16 17:00:00,RJPN-011-2,RJPN-011,Band 1 (2100MHz),-89.8,-16.4,-1.9,95.7,28.1,152.6
2026-10-16 17:00:00,RJPN-011-3,RJPN-011,Band 1 (2100MHz),-102.9,-11.4,-6.2,81.3,30.8,133.5
2026-10-16 18:00:00,RJPN-001-1,RJPN-001,Band 1 (2100MHz),-92.2,-10.0,11.3,75.7,49.7,120.6
2026-10-16 18:00:00,RJPN-001-2,RJPN-001,Band 1 (2100MHz),-84.1,-11.3,16.3,88.6,48.7,136.8
2026-10-16 18:00:00,RJPN-001-3,RJPN-001,Band 1 (2100MHz),-87.9,-13.5,9.9,85.7,39.5,116.8
2026-10-16 18:00:00,RJPN-002-1,RJPN-002,Band 3 (1800MHz),-84.1,-11.3,6.5,74.7,63.3,78.9
2026-10-16 18:00:00,RJPN-002-2,RJPN-002,Band 3 (1800MHz),-99.1,-15.7,5.2,80.9,44.0,113.7
2026-10-16 18:00:00,RJPN-002-3,RJPN-002,Band 3 (1800MHz),-82.3,-10.4,4.8,86.3,33.9,100.8
2026-10-16 18:00:00,RJPN-003-1,RJPN-003,Band 1 (2100MHz),-91.3,-11.5,24.6,73.4,26.3,122.3
2026-10-16 18:00:00,RJPN-003-2,RJPN-003,Band 1 (2100MHz),-85.3,-13.9,20.9,85.6,35.7,143.6
2026-10-16 18:00:00,RJPN-003-3,RJPN-003,Band 1 (2100MHz),-90.1,-11.0,9.2,82.1,34.9,138.8
2026-10-16 18:00:00,RJPN-004-1,RJPN-004,Band 3 (1800MHz),-82.3,-10.5,6.5,87.3,41.9,112.8
2026-10-16 18:00:00,RJPN-004-2,RJPN-004,Band 3 (1800MHz),-84.8,-12.9,8.6,90.3,54.3,110.8
2026-10-16 18:00:00,RJPN-004-3,RJPN-004,Band 3 (1800MHz),-93.2,-14.1,6.2,78.7,38.9,117.4
2026-10-16 18:00:00,RJPN-005-1,RJPN-005,Band 1 (2100MHz),-84.1,-13.4,13.1,75.2,50.1,89.1
2026-10-16 18:00:00,RJPN-005-2,RJPN-005,Band 1 (2100MHz),-79.8,-9.8,16.0,59.7,23.0,48.1
2026-10-16 18:00:00,RJPN-005-3,RJPN-005,Band 1 (2100MHz),-84.1,-14.7,12.0,94.3,56.2,128.6
2026-10-16 18:00:00,RJPN-006-1,RJPN-006,Band 3 (1800MHz),-82.7,-11.6,18.4,64.3,50.6,157.8
2026-10-16 18:00:00,RJPN-006-2,RJPN-006,Band 3 (1800MHz),-85.7,-8.5,15.9,61.9,52.2,142.4
2026-10-16 18:00:00,RJPN-006-3,RJPN-006,Band 3 (1800MHz),-95.1,-13.0,18.3,69.6,64.7,140.2
2026-10-16 18:00:00,RJPN-007-1,RJPN-007,Band 1 (2100MHz),-88.1,-8.1,4.4,69.5,36.9,202.6
2026-10-16 18:00:00,RJPN-007-2,RJPN-007,Band 1 (2100MHz),-86.5,-13.1,12.1,74.9,57.1,138.1
2026-10-16 18:00:00,RJPN-007-3,RJPN-007,Band 1 (2100MHz),-81.9,-10.7,18.1,71.0,55.3,142.7
2026-10-16 18:00:00,RJPN-008-1,RJPN-008,Band 3 (1800MHz),-86.6,-14.8,4.7,76.0,39.1,90.5
2026-10-16 18:00:00,RJPN-008-2,RJPN-008,Band 3 (1800MHz),-84.3,-7.9,16.9,72.5,58.5,117.2
2026-10-16 18:00:00,RJPN-008-3,RJPN-008,Band 3 (1800MHz),-84.3,-15.2,14.1,89.3,34.8,120.5
2026-10-16 18:00:00,RJPN-009-1,RJPN-009,Band 1 (2100MHz),-87.3,-13.3,16.0,69.1,54.2,155.0
2026-10-16 18:00:00,RJPN-009-2,RJPN-009,Band 1 (2100MHz),-78.5,-11.4,19.3,72.7,40.8,127.2
2026-10-16 18:00:00,RJPN-009-3,RJPN-009,Band 1 (2100MHz),-81.9,-9.8,18.7,58.1,40.6,139.4
2026-10-16 18:00:00,RJPN-010-1,RJPN-010,Band 3 (1800MHz),-87.4,-8.1,18.3,80.2,42.1,123.3
2026-10-16 18:00:00,RJPN-010-2,RJPN-010,Band 3 (1800MHz),-81.2,-11.4,14.4,84.4,34.9,73.9
2026-10-16 18:00:00,RJPN-010-3,RJPN-010,Band 3 (1800MHz),-83.9,-9.0,14.3,79.7,30.5,140.7
2026-10-16 18:00:00,RJPN-011-1,RJPN-011,Band 1 (2100MHz),-86.9,-10.5,16.9,95.5,36.4,114.8
2026-10-16 18:00:00,RJPN-011-2,RJPN-011,Band 1 (2100MHz),-97.1,-18.9,-1.3,66.7,37.1,83.7
2026-10-16 18:00:00,RJPN-011-3,RJPN-011,Band 1 (2100MHz),-104.0,-14.6,4.1,70.2,45.4,120.4
2026-10-16 19:00:00,RJPN-001-1,RJPN-001,Band 1 (2100MHz),-89.5,-13.8,18.5,81.4,55.7,142.3
2026-10-16 19:00:00,RJPN-001-2,RJPN-001,Band 1 (2100MHz),-85.3,-10.6,14.1,90.5,41.7,80.7
2026-10-16 19:00:00,RJPN-001-3,RJPN-001,Band 1 (2100MHz),-90.5,-9.0,15.1,61.8,42.1,113.5
2026-10-16 19:00:00,RJPN-002-1,RJPN-002,Band 3 (1800MHz),-86.9,-14.8,6.7,73.9,43.6,97.8
2026-10-16 19:00:00,RJPN-002-2,RJPN-002,Band 3 (1800MHz),-98.4,-17.4,9.1,97.9,55.3,133.8
2026-10-16 19:00:00,RJPN-002-3,RJPN-002,Band 3 (1800MHz),-84.1,-9.4,16.0,65.2,34.0,120.7
2026-10-16 19:00:00,RJPN-003-1,RJPN-003,Band 1 (2100MHz),-83.6,-13.9,12.2,79.8,48.8,133.7
2026-10-16 19:00:00,RJPN-003-2,RJPN-003,Band 1 (2100MHz),-87.5,-11.2,12.2,59.4,46.9,138.1
2026-10-16 19:00:00,RJPN-003-3,RJPN-003,Band 1 (2100MHz),-88.8,-17.0,12.4,83.6,36.3,126.0
2026-10-16 19:00:00,RJPN-004-1,RJPN-004,Band 3 (1800MHz),-78.8,-12.3,12.4,74.3,37.9,130.9
2026-10-16 19:00:00,RJPN-004-2,RJPN-004,Band 3 (1800MHz),-90.3,-9.2,13.5,77.3,43.5,113.1
2026-10-16 19:00:00,RJPN-004-3,RJPN-004,Band 3 (1800MHz),-84.2,-12.5,12.3,48.4,54.1,125.3
2026-10-16 19:00:00,RJPN-005-1,RJPN-005,Band 1 (2100MHz),-81.9,-13.4,12.3,54.8,40.2,135.9
2026-10-16 19:00:00,RJPN-005-2,RJPN-005,Band 1 (2100MHz),-81.3,-10.6,13.7,84.8,45.5,170.1
2026-10-16 19:00:00,RJPN-005-3,RJPN-005,Band 1 (2100MHz),-84.0,-9.8,7.1,72.9,32.2,63.5
2026-10-16 19:00:00,RJPN-006-1,RJPN-006,Band 3 (1800MHz),-84.4,-12.6,11.3,73.7,36.3,108.6
2026-10-16 19:00:00,RJPN-006-2,RJPN-006,Band 3 (1800MHz),-86.7,-11.9,15.9,57.1,31.9,159.3
2026-10-16 19:00:00,RJPN-006-3,RJPN-006,Band 3 (1800MHz),-83.3,-12.6,22.5,92.0,41.4,113.5
2026-10-16 19:00:00,RJPN-007-1,RJPN-007,Band 1 (2100MHz),-81.3,-9.1,10.2,67.9,43.9,106.9
2026-10-16 19:00:00,RJPN-007-2,RJPN-007,Band 1 (2100MHz),-85.3,-12.7,7.6,66.0,44.5,123.0
2026-10-16 19:00:00,RJPN-007-3,RJPN-007,Band 1 (2100MHz),-85.3,-9.7,14.6,74.3,28.7,110.9
2026-10-16 19:00:00,RJPN-008-1,RJPN-008,Band 3 (1800MHz),-84.8,-11.4,13.2,80.3,47.0,89.7
2026-10-16 19:00:00,RJPN-008-2,RJPN-008,Band 3 (1800MHz),-86.0,-12.0,13.8,69.7,24.8,139.2
2026-10-16 19:00:00,RJPN-008-3,RJPN-008,Band 3 (1800MHz),-80.3,-13.6,2.8,79.7,44.7,119.4
2026-10-16 19:00:00,RJPN-009-1,RJPN-009,Band 1 (2100MHz),-90.1,-11.1,10.1,56.1,39.6,122.6
2026-10-16 19:00:00,RJPN-009-2,RJPN-009,Band 1 (2100MHz),-78.1,-13.1,18.2,80.8,46.1,119.1
2026-10-16 19:00:00,RJPN-009-3,RJPN-009,Band 1 (2100MHz),-74.5,-13.5,16.8,79.4,30.9,112.0
2026-10-16 19:00:00,RJPN-010-1,RJPN-010,Band 3 (1800MHz),-83.1,-13.7,17.6,91.7,27.0,77.2
2026-10-16 19:00:00,RJPN-010-2,RJPN-010,Band 3 (1800MHz),-89.7,-11.3,19.4,71.2,36.9,102.1
2026-10-16 19:00:00,RJPN-010-3,RJPN-010,Band 3 (1800MHz),-88.4,-14.2,15.2,87.7,37.6,135.3
2026-10-16 19:00:00,RJPN-011-1,RJPN-011,Band 1 (2100MHz),-77.8,-9.6,9.2,86.6,45.9,89.2
2026-10-16 19:00:00,RJPN-011-2,RJPN-011,Band 1 (2100MHz),-102.8,-15.5,7.8,74.5,34.4,104.9
2026-10-16 19:00:00,RJPN-011-3,RJPN-011,Band 1 (2100MHz),-96.4,-15.8,11.0,74.5,43.8,174.8
2026-10-16 20:00:00,RJPN-001-1,RJPN-001,Band 1 (2100MHz),-87.2,-9.1,11.9,66.6,28.6,106.2
2026-10-16 20:00:00,RJPN-001-2,RJPN-001,Band 1 (2100MHz),-87.4,-11.3,20.9,63.3,38.9,92.9
2026-10-16 20:00:00,RJPN-001-3,RJPN-001,Band 1 (2100MHz),-81.8,-8.5,11.5,74.8,26.0,104.8
2026-10-16 20:00:00,RJPN-002-1,RJPN-002,Band 3 (1800MHz),-86.2,-11.2,19.0,94.1,30.0,138.2
2026-10-16 20:00:00,RJPN-002-2,RJPN-002,Band 3 (1800MHz),-102.2,-14.9,2.1,74.6,33.8,121.6
2026-10-16 20:00:00,RJPN-002-3,RJPN-002,Band 3 (1800MHz),-87.0,-12.9,4.3,60.4,33.3,124.6
2026-10-16 20:00:00,RJPN-003-1,RJPN-003,Band 1 (2100MHz),-86.7,-9.1,8.2,60.0,33.4,60.7
2026-10-16 20:00:00,RJPN-003-2,RJPN-003,Band 1 (2100MHz),-84.2,-7.7,14.3,65.2,28.2,121.6
2026-10-16 20:00:00,RJPN-003-3,RJPN-003,Band 1 (2100MHz),-81.7,-12.6,10.1,52.7,46.4,105.8
2026-10-16 20:00:00,RJPN-004-1,RJPN-004,Band 3 (1800MHz),-85.6,-8.8,5.5,48.4,43.1,131.1
2026-10-16 20:00:00,RJPN-004-2,RJPN-004,Band 3 (1800MHz),-79.1,-12.5,14.9,54.3,41.8,130.1
2026-10-16 20:00:00,RJPN-004-3,RJPN-004,Band 3 (1800MHz),-93.6,-12.8,22.9,58.3,51.6,85.4
2026-10-16 20:00:00,RJPN-005-1,RJPN-005,Band 1 (2100MHz),-88.0,-13.3,14.9,60.7,32.5,108.7
2026-10-16 20:00:00,RJPN-005-2,RJPN-005,Band 1 (2100MHz),-89.9,-14.1,11.0,70.6,39.7,89.7
2026-10-16 20:00:00,RJPN-005-3,RJPN-005,Band 1 (2100MHz),-91.0,-9.6,11.5,67.7,39.8,100.5
2026-10-16 20:00:00,RJPN-006-1,RJPN-006,Band 3 (1800MHz),-92.6,-13.0,20.5,100.0,33.2,59.9
2026-10-16 20:00:00,RJPN-006-2,RJPN-006,Band 3 (1800MHz),-92.5,-14.1,15.9,54.9,29.8,102.3
2026-10-16 20:00:00,RJPN-006-3,RJPN-006,Band 3 (1800MHz),-89.2,-12.7,8.4,56.3,43.1,88.8
2026-10-16 20:00:00,RJPN-007-1,RJPN-007,Band 1 (2100MHz),-79.8,-11.9,13.3,59.4,10.9,61.9
2026-10-16 20:00:00,RJPN-007-2,RJPN-007,Band 1 (2100MHz),-79.5,-10.2,18.6,93.4,54.7,153.1
2026-10-16 20:00:00,RJPN-007-3,RJPN-007,Band 1 (2100MHz),-90.6,-11.7,11.4,69.5,24.7,96.5
2026-10-16 20:00:00,RJPN-008-1,RJPN-008,Band 3 (1800MHz),-85.3,-14.3,7.6,55.4,28.1,114.8
2026-10-16 20:00:00,RJPN-008-2,RJPN-008,Band 3 (1800MHz),-79.9,-11.7,17.0,51.7,38.6,109.9
2026-10-16 20:00:00,RJPN-008-3,RJPN-008,Band 3 (1800MHz),-87.1,-13.2,7.8,72.1,32.6,105.2
2026-10-16 20:00:00,RJPN-009-1,RJPN-009,Band 1 (2100MHz),-90.0,-14.8,7.4,63.3,31.4,114.2
2026-10-16 20:00:00,RJPN-009-2,RJPN-009,Band 1 (2100MHz),-80.3,-10.2,10.3,74.6,36.5,97.7
2026-10-16 20:00:00,RJPN-009-3,RJPN-009,Band 1 (2100MHz),-90.6,-11.5,8.1,51.0,43.0,116.8
2026-10-16 20:00:00,RJPN-010-1,RJPN-010,Band 3 (1800MHz),-80.1,-12.8,19.8,75.9,35.1,125.4
2026-10-16 20:00:00,RJPN-010-2,RJPN-010,Band 3 (1800MHz),-90.1,-11.3,15.4,64.6,11.9,112.6
2026-10-16 20:00:00,RJPN-010-3,RJPN-010,Band 3 (1800MHz),-101.9,-10.9,13.1,74.9,39.5,136.4
2026-10-16 20:00:00,RJPN-011-1,RJPN-011,Band 1 (2100MHz),-86.4,-12.2,22.2,46.7,57.1,114.5
2026-10-16 20:00:00,RJPN-011-2,RJPN-011,Band 1 (2100MHz),-94.9,-14.0,-1.2,61.4,36.5,135.0
2026-10-16 20:00:00,RJPN-011-3,RJPN-011,Band 1 (2100MHz),-97.9,-12.2,5.1,57.7,38.1,119.5
2026-10-16 21:00:00,RJPN-001-1,RJPN-001,Band 1 (2100MHz),-83.8,-8.4,17.0,28.6,1.9,30.8
2026-10-16 21:00:00,RJPN-001-2,RJPN-001,Band 1 (2100MHz),-91.5,-5.8,5.2,29.5,4.2,0.0
2026-10-16 21:00:00,RJPN-001-3,RJPN-001,Band 1 (2100MHz),-86.5,-10.6,10.1,5.4,5.4,19.2
2026-10-16 21:00:00,RJPN-002-1,RJPN-002,Band 3 (1800MHz),-81.1,-7.0,11.2,17.5,0.9,42.9
2026-10-16 21:00:00,RJPN-002-2,RJPN-002,Band 3 (1800MHz),-95.9,-12.5,4.2,12.7,13.2,35.2
2026-10-16 21:00:00,RJPN-002-3,RJPN-002,Band 3 (1800MHz),-93.6,-6.8,12.5,14.8,11.8,28.2
2026-10-16 21:00:00,RJPN-003-1,RJPN-003,Band 1 (2100MHz),-87.1,-8.4,5.8,11.9,10.9,4.4
2026-10-16 21:00:00,RJPN-003-2,RJPN-003,Band 1 (2100MHz),-88.3,-10.7,5.9,18.7,7.8,21.1
2026-10-16 21:00:00,RJPN-003-3,RJPN-003,Band 1 (2100MHz),-81.2,-5.9,11.8,42.6,16.3,57.4
2026-10-16 21:00:00,RJPN-004-1,RJPN-004,Band 3 (1800MHz),-83.8,-8.8,22.1,12.4,0.0,19.4
2026-10-16 21:00:00,RJPN-004-2,RJPN-004,Band 3 (1800MHz),-84.0,-9.4,20.0,12.5,12.3,0.0
2026-10-16 21:00:00,RJPN-004-3,RJPN-004,Band 3 (1800MHz),-82.4,-8.6,30.8,0.0,17.6,0.0
2026-10-16 21:00:00,RJPN-005-1,RJPN-005,Band 1 (2100MHz),-87.1,-10.3,18.7,16.4,5.5,21.5
2026-10-16 21:00:00,RJPN-005-2,RJPN-005,Band 1 (2100MHz),-77.2,-5.6,8.5,22.9,27.3,54.3
2026-10-16 21:00:00,RJPN-005-3,RJPN-005,Band 1 (2100MHz),-84.5,-8.5,7.3,10.9,14.3,62.4
2026-10-16 21:00:00,RJPN-006-1,RJPN-006,Band 3 (1800MHz),-88.2,-9.1,9.3,5.3,32.0,18.5
2026-10-16 21:00:00,RJPN-006-2,RJPN-006,Band 3 (1800MHz),-83.1,-5.5,22.8,8.9,23.4,27.2
2026-10-16 21:00:00,RJPN-006-3,RJPN-006,Band 3 (1800MHz),-87.8,-5.3,14.9,0.7,19.6,37.2
2026-10-16 21:00:00,RJPN-007-1,RJPN-007,Band 1 (2100MHz),-81.7,-8.3,6.3,20.6,7.1,15.8
2026-10-16 21:00:00,RJPN-007-2,RJPN-007,Band 1 (2100MHz),-89.4,-8.6,8.9,13.9,3.2,37.5
2026-10-16 21:00:00,RJPN-007-3,RJPN-007,Band 1 (2100MHz),-76.4,-8.7,9.3,0.0,19.4,32.1
2026-10-16 21:00:00,RJPN-008-1,RJPN-008,Band 3 (1800MHz),-87.8,-5.8,2.8,0.0,5.2,24.4
2026-10-16 21:00:00,RJPN-008-2,RJPN-008,Band 3 (1800MHz),-84.1,-9.1,17.9,4.4,9.4,65.6
2026-10-16 21:00:00,RJPN-008-3,RJPN-008,Band 3 (1800MHz),-85.9,-9.4,18.8,13.1,0.6,57.5
2026-10-16 21:00:00,RJPN-009-1,RJPN-009,Band 1 (2100MHz),-88.0,-7.2,10.1,23.8,4.1,57.1
2026-10-16 21:00:00,RJPN-009-2,RJPN-009,Band 1 (2100MHz),-86.0,-9.6,13.9,3.0,3.2,19.8
2026-10-16 21:00:00,RJPN-009-3,RJPN-009,Band 1 (2100MHz),-77.4,-6.6,18.7,7.7,1.3,28.5
2026-10-16 21:00:00,RJPN-010-1,RJPN-010,Band 3 (1800MHz),-87.3,-11.8,7.2,42.4,0.0,41.4
2026-10-16 21:00:00,RJPN-010-2,RJPN-010,Band 3 (1800MHz),-80.0,-6.0,14.6,28.3,9.6,0.0
2026-10-16 21:00:00,RJPN-010-3,RJPN-010,Band 3 (1800MHz),-88.8,-8.7,11.2,21.9,0.0,0.0
2026-10-16 21:00:00,RJPN-011-1,RJPN-011,Band 1 (2100MHz),-83.1,-11.6,14.7,1.1,4.8,0.0
2026-10-16 21:00:00,RJPN-011-2,RJPN-011,Band 1 (2100MHz),-99.2,-14.8,1.8,0.8,9.0,44.6
2026-10-16 21:00:00,RJPN-011-3,RJPN-011,Band 1 (2100MHz),-101.3,-12.1,5.9,5.6,13.3,5.3
2026-10-16 22:00:00,RJPN-001-1,RJPN-001,Band 1 (2100MHz),-82.4,-8.2,15.3,10.6,0.0,0.0
2026-10-16 22:00:00,RJPN-001-2,RJPN-001,Band 1 (2100MHz),-83.1,-2.7,14.0,26.7,20.0,0.0
2026-10-16 22:00:00,RJPN-001-3,RJPN-001,Band 1 (2100MHz),-87.1,-5.5,9.2,15.6,1.0,13.4
2026-10-16 22:00:00,RJPN-002-1,RJPN-002,Band 3 (1800MHz),-81.2,-5.7,15.3,7.7,0.3,8.7
2026-10-16 22:00:00,RJPN-002-2,RJPN-002,Band 3 (1800MHz),-96.0,-13.4,7.1,15.0,0.7,25.7
2026-10-16 22:00:00,RJPN-002-3,RJPN-002,Band 3 (1800MHz),-84.2,-9.3,17.6,0.0,0.0,31.2
2026-10-16 22:00:00,RJPN-003-1,RJPN-003,Band 1 (2100MHz),-89.1,-6.4,5.9,10.6,11.1,4.5
2026-10-16 22:00:00,RJPN-003-2,RJPN-003,Band 1 (2100MHz),-91.0,-8.3,14.2,14.7,8.9,25.4
2026-10-16 22:00:00,RJPN-003-3,RJPN-003,Band 1 (2100MHz),-82.7,-9.0,10.5,28.1,5.2,26.3
2026-10-16 22:00:00,RJPN-004-1,RJPN-004,Band 3 (1800MHz),-88.6,-8.7,6.1,17.5,0.0,41.8
2026-10-16 22:00:00,RJPN-004-2,RJPN-004,Band 3 (1800MHz),-83.6,-5.7,10.9,27.3,13.1,9.5
2026-10-16 22:00:00,RJPN-004-3,RJPN-004,Band 3 (1800MHz),-79.5,-6.3,12.8,16.5,9.1,23.2
2026-10-16 22:00:00,RJPN-005-1,RJPN-005,Band 1 (2100MHz),-85.6,-9.4,16.0,0.0,10.1,38.8
2026-10-16 22:00:00,RJPN-005-2,RJPN-005,Band 1 (2100MHz),-86.8,-4.3,16.1,1.0,0.0,0.0
2026-10-16 22:00:00,RJPN-005-3,RJPN-005,Band 1 (2100MHz),-84.2,-5.5,12.7,0.0,15.9,0.0
2026-10-16 22:00:00,RJPN-006-1,RJPN-006,Band 3 (1800MHz),-84.6,-9.1,17.0,0.0,1.3,0.0
2026-10-16 22:00:00,RJPN-006-2,RJPN-006,Band 3 (1800MHz),-85.1,-4.5,1.3,0.0,5.2,51.0
2026-10-16 22:00:00,RJPN-006-3,RJPN-006,Band 3 (1800MHz),-82.7,-7.1,12.4,20.6,17.4,9.6
2026-10-16 22:00:00,RJPN-007-1,RJPN-007,Band 1 (2100MHz),-82.3,-6.8,10.0,9.8,6.6,38.5
2026-10-16 22:00:00,RJPN-007-2,RJPN-007,Band 1 (2100MHz),-83.5,-7.1,11.7,31.9,6.2,34.8
2026-10-16 22:00:00,RJPN-007-3,RJPN-007,Band 1 (2100MHz),-86.6,-9.4,11.3,8.1,6.9,0.0
2026-10-16 22:00:00,RJPN-008-1,RJPN-008,Band 3 (1800MHz),-86.9,-6.2,11.2,33.9,11.2,15.5
2026-10-16 22:00:00,RJPN-008-2,RJPN-008,Band 3 (1800MHz),-81.9,-7.8,16.1,10.7,7.1,22.4
2026-10-16 22:00:00,RJPN-008-3,RJPN-008,Band 3 (1800MHz),-76.4,-9.8,16.4,1.5,2.0,33.2
2026-10-16 22:00:00,RJPN-009-1,RJPN-009,Band 1 (2100MHz),-80.9,-5.4,14.6,0.0,0.0,24.7
2026-10-16 22:00:00,RJPN-009-2,RJPN-009,Band 1 (2100MHz),-85.1,-11.1,14.7,22.7,14.5,28.9
2026-10-16 22:00:00,RJPN-009-3,RJPN-009,Band 1 (2100MHz),-80.2,-11.1,11.8,10.9,10.2,5.2
2026-10-16 22:00:00,RJPN-010-1,RJPN-010,Band 3 (1800MHz),-88.5,-10.9,8.0,15.5,0.0,27.7
2026-10-16 22:00:00,RJPN-010-2,RJPN-010,Band 3 (1800MHz),-84.3,-7.6,10.4,6.9,0.0,1.4
2026-10-16 22:00:00,RJPN-010-3,RJPN-010,Band 3 (1800MHz),-84.5,-6.6,12.5,23.7,0.0,13.8
2026-10-16 22:00:00,RJPN-011-1,RJPN-011,Band 1 (2100MHz),-85.3,-8.0,8.7,0.0,7.6,0.0
2026-10-16 22:00:00,RJPN-011-2,RJPN-011,Band 1 (2100MHz),-99.4,-10.5,11.9,11.7,0.0,17.7
2026-10-16 22:00:00,RJPN-011-3,RJPN-011,Band 1 (2100MHz),-90.1,-9.1,3.1,14.2,10.9,0.0
2026-10-16 23:00:00,RJPN-001-1,RJPN-001,Band 1 (2100MHz),-82.9,-11.6,13.8,24.4,17.2,0.0
2026-10-16 23:00:00,RJPN-001-2,RJPN-001,Band 1 (2100MHz),-82.4,-8.4,12.0,0.0,0.0,42.4
2026-10-16 23:00:00,RJPN-001-3,RJPN-001,Band 1 (2100MHz),-84.0,-8.4,18.3,0.0,3.5,0.0
2026-10-16 23:00:00,RJPN-002-1,RJPN-002,Band 3 (1800MHz),-80.6,-9.6,10.6,0.0,21.6,13.6
2026-10-16 23:00:00,RJPN-002-2,RJPN-002,Band 3 (1800MHz),-93.2,-14.5,-5.9,10.7,2.5,38.5
2026-10-16 23:00:00,RJPN-002-3,RJPN-002,Band 3 (1800MHz),-87.3,-8.5,13.9,0.0,16.2,4.0
2026-10-16 23:00:00,RJPN-003-1,RJPN-003,Band 1 (2100MHz),-80.7,-8.3,18.3,4.3,0.0,35.6
2026-10-16 23:00:00,RJPN-003-2,RJPN-003,Band 1 (2100MHz),-89.6,-6.2,17.8,0.0,12.3,45.1
2026-10-16 23:00:00,RJPN-003-3,RJPN-003,Band 1 (2100MHz),-82.0,-7.6,17.7,0.0,1.6,20.9
2026-10-16 23:00:00,RJPN-004-1,RJPN-004,Band 3 (1800MHz),-88.1,-5.9,14.0,0.0,0.0,24.5
2026-10-16 23:00:00,RJPN-004-2,RJPN-004,Band 3 (1800MHz),-82.6,-13.3,11.8,4.1,20.7,41.3
2026-10-16 23:00:00,RJPN-004-3,RJPN-004,Band 3 (1800MHz),-92.0,-8.6,10.5,16.9,11.2,0.0
2026-10-16 23:00:00,RJPN-005-1,RJPN-005,Band 1 (2100MHz),-89.3,-9.0,11.9,0.0,7.7,1.3
2026-10-16 23:00:00,RJPN-005-2,RJPN-005,Band 1 (2100MHz),-84.7,-10.2,10.3,7.1,3.8,0.0
2026-10-16 23:00:00,RJPN-005-3,RJPN-005,Band 1 (2100MHz),-88.7,-7.6,12.1,25.5,0.0,33.3
2026-10-16 23:00:00,RJPN-006-1,RJPN-006,Band 3 (1800MHz),-85.6,-7.6,14.5,23.6,8.6,0.0
2026-10-16 23:00:00,RJPN-006-2,RJPN-006,Band 3 (1800MHz),-92.0,-9.4,15.1,0.0,11.1,34.3
2026-10-16 23:00:00,RJPN-006-3,RJPN-006,Band 3 (1800MHz),-86.4,-9.2,19.9,0.0,0.0,0.0
2026-10-16 23:00:00,RJPN-007-1,RJPN-007,Band 1 (2100MHz),-82.9,-9.7,14.9,14.1,0.0,18.1
2026-10-16 23:00:00,RJPN-007-2,RJPN-007,Band 1 (2100MHz),-88.9,-8.0,11.5,11.4,12.7,0.0
2026-10-16 23:00:00,RJPN-007-3,RJPN-007,Band 1 (2100MHz),-84.8,-9.8,12.4,1.2,11.7,18.1
2026-10-16 23:00:00,RJPN-008-1,RJPN-008,Band 3 (1800MHz),-85.2,-7.5,16.5,0.0,0.0,13.2
2026-10-16 23:00:00,RJPN-008-2,RJPN-008,Band 3 (1800MHz),-85.3,-8.6,18.2,0.0,6.0,0.0
2026-10-16 23:00:00,RJPN-008-3,RJPN-008,Band 3 (1800MHz),-80.1,-10.6,13.3,30.0,9.1,1.7
2026-10-16 23:00:00,RJPN-009-1,RJPN-009,Band 1 (2100MHz),-77.6,-7.3,15.9,7.8,7.4,8.5
2026-10-16 23:00:00,RJPN-009-2,RJPN-009,Band 1 (2100MHz),-86.1,-3.8,9.6,4.7,0.0,21.0
2026-10-16 23:00:00,RJPN-009-3,RJPN-009,Band 1 (2100MHz),-86.5,-11.2,15.3,12.8,13.1,0.0
2026-10-16 23:00:00,RJPN-010-1,RJPN-010,Band 3 (1800MHz),-85.8,-6.7,11.7,14.4,5.8,12.6
2026-10-16 23:00:00,RJPN-010-2,RJPN-010,Band 3 (1800MHz),-93.3,-10.7,11.4,6.4,5.8,9.2
2026-10-16 23:00:00,RJPN-010-3,RJPN-010,Band 3 (1800MHz),-84.6,-8.6,13.3,0.0,1.9,11.5
2026-10-16 23:00:00,RJPN-011-1,RJPN-011,Band 1 (2100MHz),-82.9,-6.8,19.6,25.7,15.6,17.6
2026-10-16 23:00:00,RJPN-011-2,RJPN-011,Band 1 (2100MHz),-97.9,-12.0,3.9,10.1,3.9,50.9
2026-10-16 23:00:00,RJPN-011-3,RJPN-011,Band 1 (2100MHz),-97.6,-11.5,1.7,13.8,16.9,8.9
2026-10-17 00:00:00,RJPN-001-1,RJPN-001,Band 1 (2100MHz),-82.5,-10.1,5.4,8.7,0.0,0.0
2026-10-17 00:00:00,RJPN-001-2,RJPN-001,Band 1 (2100MHz),-82.0,-5.6,13.8,17.6,2.3,0.0
2026-10-17 00:00:00,RJPN-001-3,RJPN-001,Band 1 (2100MHz),-85.5,-6.2,5.2,21.7,5.3,31.7
2026-10-17 00:00:00,RJPN-002-1,RJPN-002,Band 3 (1800MHz),-88.5,-7.5,14.7,0.0,4.2,13.5
2026-10-17 00:00:00,RJPN-002-2,RJPN-002,Band 3 (1800MHz),-103.4,-11.8,4.2,19.1,9.3,38.5
2026-10-17 00:00:00,RJPN-002-3,RJPN-002,Band 3 (1800MHz),-86.4,-9.0,11.5,0.0,0.0,0.0
2026-10-17 00:00:00,RJPN-003-1,RJPN-003,Band 1 (2100MHz),-91.2,-6.9,17.1,0.0,4.4,9.8
2026-10-17 00:00:00,RJPN-003-2,RJPN-003,Band 1 (2100MHz),-87.2,-9.4,5.3,8.5,2.7,53.0
2026-10-17 00:00:00,RJPN-003-3,RJPN-003,Band 1 (2100MHz),-93.2,-5.8,9.2,10.2,0.0,45.5
2026-10-17 00:00:00,RJPN-004-1,RJPN-004,Band 3 (1800MHz),-85.8,-9.1,30.7,6.2,0.0,0.6
2026-10-17 00:00:00,RJPN-004-2,RJPN-004,Band 3 (1800MHz),-83.5,-6.8,13.1,0.0,22.4,36.7
2026-10-17 00:00:00,RJPN-004-3,RJPN-004,Band 3 (1800MHz),-87.0,-8.3,13.6,0.0,11.4,2.9
2026-10-17 00:00:00,RJPN-005-1,RJPN-005,Band 1 (2100MHz),-83.6,-7.0,0.6,19.3,0.0,31.1
2026-10-17 00:00:00,RJPN-005-2,RJPN-005,Band 1 (2100MHz),-85.1,-8.6,7.3,0.0,3.0,4.1
2026-10-17 00:00:00,RJPN-005-3,RJPN-005,Band 1 (2100MHz),-82.7,-5.6,16.4,15.9,4.4,0.4
2026-10-17 00:00:00,RJPN-006-1,RJPN-006,Band 3 (1800MHz),-84.7,-8.0,16.3,0.0,0.0,2.1
2026-10-17 00:00:00,RJPN-006-2,RJPN-006,Band 3 (1800MHz),-83.5,-12.1,12.9,0.0,4.8,22.9
2026-10-17 00:00:00,RJPN-006-3,RJPN-006,Band 3 (1800MHz),-79.9,-8.2,15.1,9.3,4.8,39.9
2026-10-17 00:00:00,RJPN-007-1,RJPN-007,Band 1 (2100MHz),-87.2,-5.6,11.6,16.6,0.0,37.7
2026-10-17 00:00:00,RJPN-007-2,RJPN-007,Band 1 (2100MHz),-88.9,-8.4,18.9,7.8,2.6,12.6
2026-10-17 00:00:00,RJPN-007-3,RJPN-007,Band 1 (2100MHz),-84.4,-2.5,7.8,20.4,3.6,15.6
2026-10-17 00:00:00,RJPN-008-1,RJPN-008,Band 3 (1800MHz),-88.8,-6.6,12.8,0.0,4.3,0.0
2026-10-17 00:00:00,RJPN-008-2,RJPN-008,Band 3 (1800MHz),-89.7,-9.8,6.9,5.9,1.7,0.0
2026-10-17 00:00:00,RJPN-008-3,RJPN-008,Band 3 (1800MHz),-83.3,-6.8,11.1,27.3,0.0,0.0
2026-10-17 00:00:00,RJPN-009-1,RJPN-009,Band 1 (2100MHz),-81.3,-8.1,14.0,0.0,0.2,24.8
2026-10-17 00:00:00,RJPN-009-2,RJPN-009,Band 1 (2100MHz),-82.4,-8.8,12.3,20.2,2.4,8.6
2026-10-17 00:00:00,RJPN-009-3,RJPN-009,Band 1 (2100MHz),-87.7,-11.4,19.0,11.2,24.9,41.6
2026-10-17 00:00:00,RJPN-010-1,RJPN-010,Band 3 (1800MHz),-83.1,-8.9,13.6,11.0,10.1,2.6
2026-10-17 00:00:00,RJPN-010-2,RJPN-010,Band 3 (1800MHz),-85.9,-6.3,14.8,26.8,0.0,16.1
2026-10-17 00:00:00,RJPN-010-3,RJPN-010,Band 3 (1800MHz),-89.1,-9.7,21.9,10.0,9.5,44.8
2026-10-17 00:00:00,RJPN-011-1,RJPN-011,Band 1 (2100MHz),-90.1,-4.3,12.4,0.0,1.1,0.0
2026-10-17 00:00:00,RJPN-011-2,RJPN-011,Band 1 (2100MHz),-99.0,-14.2,1.1,37.3,6.0,22.9
2026-10-17 00:00:00,RJPN-011-3,RJPN-011,Band 1 (2100MHz),-93.3,-12.6,7.5,3.5,5.2,34.5
2026-10-17 01:00:00,RJPN-001-1,RJPN-001,Band 1 (2100MHz),-84.3,-11.5,15.1,0.0,0.0,30.6
2026-10-17 01:00:00,RJPN-001-2,RJPN-001,Band 1 (2100MHz),-81.7,-8.6,12.5,0.0,0.0,11.6
2026-10-17 01:00:00,RJPN-001-3,RJPN-001,Band 1 (2100MHz),-83.9,-9.1,12.6,21.0,0.0,12.5
2026-10-17 01:00:00,RJPN-002-1,RJPN-002,Band 3 (1800MHz),-84.0,-7.8,15.9,21.4,13.2,55.2
2026-10-17 01:00:00,RJPN-002-2,RJPN-002,Band 3 (1800MHz),-97.7,-7.7,7.8,7.7,2.2,20.1
2026-10-17 01:00:00,RJPN-002-3,RJPN-002,Band 3 (1800MHz),-81.8,-4.9,8.5,19.8,0.0,15.5
2026-10-17 01:00:00,RJPN-003-1,RJPN-003,Band 1 (2100MHz),-86.3,-8.1,9.6,4.7,20.6,23.4
2026-10-17 01:00:00,RJPN-003-2,RJPN-003,Band 1 (2100MHz),-78.2,-6.4,18.8,16.0,14.1,0.0
2026-10-17 01:00:00,RJPN-003-3,RJPN-003,Band 1 (2100MHz),-93.3,-6.4,11.4,16.2,15.4,19.3
2026-10-17 01:00:00,RJPN-004-1,RJPN-004,Band 3 (1800MHz),-90.5,-5.7,15.1,7.7,0.0,0.0
2026-10-17 01:00:00,RJPN-004-2,RJPN-004,Band 3 (1800MHz),-87.9,-7.5,18.4,0.0,20.9,33.5
2026-10-17 01:00:00,RJPN-004-3,RJPN-004,Band 3 (1800MHz),-81.4,-10.2,10.8,16.6,18.3,60.7
2026-10-17 01:00:00,RJPN-005-1,RJPN-005,Band 1 (2100MHz),-92.0,-7.6,13.0,9.3,8.6,0.0
2026-10-17 01:00:00,RJPN-005-2,RJPN-005,Band 1 (2100MHz),-84.5,-6.2,14.5,17.9,0.0,15.3
2026-10-17 01:00:00,RJPN-005-3,RJPN-005,Band 1 (2100MHz),-83.4,-8.4,15.8,20.5,8.0,35.2
2026-10-17 01:00:00,RJPN-006-1,RJPN-006,Band 3 (1800MHz),-82.3,-6.7,13.9,16.5,0.0,11.3
2026-10-17 01:00:00,RJPN-006-2,RJPN-006,Band 3 (1800MHz),-86.4,-8.1,9.6,0.0,0.0,38.9
2026-10-17 01:00:00,RJPN-006-3,RJPN-006,Band 3 (1800MHz),-82.9,-10.6,14.7,17.3,16.5,30.9
2026-10-17 01:00:00,RJPN-007-1,RJPN-007,Band 1 (2100MHz),-84.3,-7.8,6.7,0.0,13.4,0.0
2026-10-17 01:00:00,RJPN-007-2,RJPN-007,Band 1 (2100MHz),-88.5,-9.0,16.0,3.3,11.3,35.0
2026-10-17 01:00:00,RJPN-007-3,RJPN-007,Band 1 (2100MHz),-87.9,-7.7,14.9,0.4,9.2,0.0
2026-10-17 01:00:00,RJPN-008-1,RJPN-008,Band 3 (1800MHz),-83.1,-7.8,13.6,8.4,11.7,9.2
2026-10-17 01:00:00,RJPN-008-2,RJPN-008,Band 3 (1800MHz),-86.5,-8.0,12.4,0.0,5.6,29.2
2026-10-17 01:00:00,RJPN-008-3,RJPN-008,Band 3 (1800MHz),-78.4,-9.5,7.8,26.8,10.1,14.0
2026-10-17 01:00:00,RJPN-009-1,RJPN-009,Band 1 (2100MHz),-78.9,-4.4,10.5,0.0,0.0,10.8
2026-10-17 01:00:00,RJPN-009-2,RJPN-009,Band 1 (2100MHz),-87.4,-9.4,9.4,0.0,0.0,0.0
2026-10-17 01:00:00,RJPN-009-3,RJPN-009,Band 1 (2100MHz),-82.7,-8.3,9.2,0.0,12.5,25.2
2026-10-17 01:00:00,RJPN-010-1,RJPN-010,Band 3 (1800MHz),-85.7,-7.9,10.9,26.4,12.1,17.6
2026-10-17 01:00:00,RJPN-010-2,RJPN-010,Band 3 (1800MHz),-84.1,-9.7,19.3,28.7,35.9,13.5
2026-10-17 01:00:00,RJPN-010-3,RJPN-010,Band 3 (1800MHz),-84.9,-8.2,14.5,7.5,0.0,4.1
2026-10-17 01:00:00,RJPN-011-1,RJPN-011,Band 1 (2100MHz),-88.4,-6.6,21.9,4.5,2.6,4.0
2026-10-17 01:00:00,RJPN-011-2,RJPN-011,Band 1 (2100MHz),-97.2,-12.2,2.3,14.5,0.0,42.6
2026-10-17 01:00:00,RJPN-011-3,RJPN-011,Band 1 (2100MHz),-95.9,-10.0,4.7,21.3,6.3,0.0
2026-10-17 02:00:00,RJPN-001-1,RJPN-001,Band 1 (2100MHz),-76.7,-6.7,18.0,0.0,0.1,13.7
2026-10-17 02:00:00,RJPN-001-2,RJPN-001,Band 1 (2100MHz),-89.4,-4.3,17.1,17.7,6.7,0.0
2026-10-17 02:00:00,RJPN-001-3,RJPN-001,Band 1 (2100MHz),-88.2,-5.8,18.3,15.1,11.8,0.0
2026-10-17 02:00:00,RJPN-002-1,RJPN-002,Band 3 (1800MHz),-91.5,-12.4,18.8,0.0,16.3,0.0
2026-10-17 02:00:00,RJPN-002-2,RJPN-002,Band 3 (1800MHz),-99.3,-12.8,8.1,13.3,5.8,12.7
2026-10-17 02:00:00,RJPN-002-3,RJPN-002,Band 3 (1800MHz),-86.3,-7.6,6.1,0.0,16.2,0.0
2026-10-17 02:00:00,RJPN-003-1,RJPN-003,Band 1 (2100MHz),-79.3,-8.0,-0.1,5.5,9.1,38.2
2026-10-17 02:00:00,RJPN-003-2,RJPN-003,Band 1 (2100MHz),-89.3,-7.7,3.9,26.0,4.1,0.0
2026-10-17 02:00:00,RJPN-003-3,RJPN-003,Band 1 (2100MHz),-89.4,-7.6,10.2,0.0,0.1,11.7
2026-10-17 02:00:00,RJPN-004-1,RJPN-004,Band 3 (1800MHz),-81.2,-7.3,11.2,0.0,5.6,8.4
2026-10-17 02:00:00,RJPN-004-2,RJPN-004,Band 3 (1800MHz),-84.4,-8.5,17.3,8.2,2.8,29.8
2026-10-17 02:00:00,RJPN-004-3,RJPN-004,Band 3 (1800MHz),-86.3,-10.2,13.2,18.1,0.8,0.0
2026-10-17 02:00:00,RJPN-005-1,RJPN-005,Band 1 (2100MHz),-89.6,-6.1,18.5,2.6,0.0,27.6
2026-10-17 02:00:00,RJPN-005-2,RJPN-005,Band 1 (2100MHz),-88.0,-6.0,13.5,2.0,0.0,31.3
2026-10-17 02:00:00,RJPN-005-3,RJPN-005,Band 1 (2100MHz),-80.4,-7.2,5.9,0.0,4.4,16.5
2026-10-17 02:00:00,RJPN-006-1,RJPN-006,Band 3 (1800MHz),-87.7,-9.3,14.9,18.4,20.9,0.0
2026-10-17 02:00:00,RJPN-006-2,RJPN-006,Band 3 (1800MHz),-86.6,-8.1,2.2,0.0,10.8,16.1
2026-10-17 02:00:00,RJPN-006-3,RJPN-006,Band 3 (1800MHz),-85.7,-8.7,11.9,0.0,0.5,9.6
2026-10-17 02:00:00,RJPN-007-1,RJPN-007,Band 1 (2100MHz),-90.0,-8.6,15.0,14.4,0.0,6.0
2026-10-17 02:00:00,RJPN-007-2,RJPN-007,Band 1 (2100MHz),-87.2,-6.6,6.0,11.2,5.2,0.0
2026-10-17 02:00:00,RJPN-007-3,RJPN-007,Band 1 (2100MHz),-83.4,-12.9,13.7,10.1,10.3,29.0
2026-10-17 02:00:00,RJPN-008-1,RJPN-008,Band 3 (1800MHz),-82.3,-7.6,18.0,20.1,8.5,10.4
2026-10-17 02:00:00,RJPN-008-2,RJPN-008,Band 3 (1800MHz),-89.7,-10.6,9.0,28.2,0.0,30.3
2026-10-17 02:00:00,RJPN-008-3,RJPN-008,Band 3 (1800MHz),-88.2,-9.0,8.2,3.6,0.0,25.2
2026-10-17 02:00:00,RJPN-009-1,RJPN-009,Band 1 (2100MHz),-82.5,-11.4,7.3,0.0,0.0,69.7
2026-10-17 02:00:00,RJPN-009-2,RJPN-009,Band 1 (2100MHz),-89.0,-8.2,18.7,22.0,21.5,18.8
2026-10-17 02:00:00,RJPN-009-3,RJPN-009,Band 1 (2100MHz),-84.8,-4.3,9.3,0.9,11.2,54.6
2026-10-17 02:00:00,RJPN-010-1,RJPN-010,Band 3 (1800MHz),-92.7,-9.7,18.3,7.6,1.2,23.2
2026-10-17 02:00:00,RJPN-010-2,RJPN-010,Band 3 (1800MHz),-85.7,-4.1,15.1,0.9,0.0,32.5
2026-10-17 02:00:00,RJPN-010-3,RJPN-010,Band 3 (1800MHz),-86.2,-7.8,-0.3,14.9,13.0,0.0
2026-10-17 02:00:00,RJPN-011-1,RJPN-011,Band 1 (2100MHz),-87.3,-6.8,15.6,0.0,0.0,14.1
2026-10-17 02:00:00,RJPN-011-2,RJPN-011,Band 1 (2100MHz),-98.7,-12.5,5.2,7.6,20.8,5.9
2026-10-17 02:00:00,RJPN-011-3,RJPN-011,Band 1 (2100MHz),-99.8,-9.8,10.1,5.6,2.9,19.8
2026-10-17 03:00:00,RJPN-001-1,RJPN-001,Band 1 (2100MHz),-79.6,-9.0,16.4,3.4,18.8,0.0
2026-10-17 03:00:00,RJPN-001-2,RJPN-001,Band 1 (2100MHz),-88.3,-9.6,13.0,27.8,2.6,20.6
2026-10-17 03:00:00,RJPN-001-3,RJPN-001,Band 1 (2100MHz),-81.8,-4.6,14.5,22.8,8.7,27.7
2026-10-17 03:00:00,RJPN-002-1,RJPN-002,Band 3 (1800MHz),-91.0,-6.7,5.0,4.7,8.9,0.0
2026-10-17 03:00:00,RJPN-002-2,RJPN-002,Band 3 (1800MHz),-87.9,-14.1,-1.7,11.1,6.2,9.7
2026-10-17 03:00:00,RJPN-002-3,RJPN-002,Band 3 (1800MHz),-82.3,-10.0,14.2,8.2,8.5,14.3
2026-10-17 03:00:00,RJPN-003-1,RJPN-003,Band 1 (2100MHz),-79.7,-7.0,12.0,14.8,6.6,35.0
2026-10-17 03:00:00,RJPN-003-2,RJPN-003,Band 1 (2100MHz),-84.0,-6.9,7.2,0.0,1.1,4.6
2026-10-17 03:00:00,RJPN-003-3,RJPN-003,Band 1 (2100MHz),-83.2,-7.3,15.0,0.0,11.6,0.0
2026-10-17 03:00:00,RJPN-004-1,RJPN-004,Band 3 (1800MHz),-78.0,-10.2,12.0,0.0,8.9,29.9
2026-10-17 03:00:00,RJPN-004-2,RJPN-004,Band 3 (1800MHz),-83.2,-6.0,14.8,9.4,5.2,0.0
2026-10-17 03:00:00,RJPN-004-3,RJPN-004,Band 3 (1800MHz),-87.3,-8.7,10.0,0.0,2.6,5.0
2026-10-17 03:00:00,RJPN-005-1,RJPN-005,Band 1 (2100MHz),-87.4,-9.1,10.3,8.2,15.2,28.1
2026-10-17 03:00:00,RJPN-005-2,RJPN-005,Band 1 (2100MHz),-81.4,-6.2,13.3,3.5,4.1,4.9
2026-10-17 03:00:00,RJPN-005-3,RJPN-005,Band 1 (2100MHz),-87.0,-3.6,17.4,13.8,4.3,47.6
2026-10-17 03:00:00,RJPN-006-1,RJPN-006,Band 3 (1800MHz),-80.7,-7.1,11.2,0.7,0.0,2.2
2026-10-17 03:00:00,RJPN-006-2,RJPN-006,Band 3 (1800MHz),-79.1,-5.2,14.3,7.3,0.2,17.8
2026-10-17 03:00:00,RJPN-006-3,RJPN-006,Band 3 (1800MHz),-81.5,-8.9,8.6,2.9,15.0,23.0
2026-10-17 03:00:00,RJPN-007-1,RJPN-007,Band 1 (2100MHz),-86.5,-5.6,18.6,13.8,7.8,0.0
2026-10-17 03:00:00,RJPN-007-2,RJPN-007,Band 1 (2100MHz),-82.6,-10.2,11.6,0.0,10.8,22.5
2026-10-17 03:00:00,RJPN-007-3,RJPN-007,Band 1 (2100MHz),-84.2,-5.2,8.2,7.5,1.2,9.7
2026-10-17 03:00:00,RJPN-008-1,RJPN-008,Band 3 (1800MHz),-78.6,-8.1,14.4,7.6,3.4,0.0
2026-10-17 03:00:00,RJPN-008-2,RJPN-008,Band 3 (1800MHz),-79.7,-7.4,13.3,14.7,6.7,19.7
2026-10-17 03:00:00,RJPN-008-3,RJPN-008,Band 3 (1800MHz),-83.3,-10.0,6.0,0.0,0.0,29.0
2026-10-17 03:00:00,RJPN-009-1,RJPN-009,Band 1 (2100MHz),-88.3,-7.8,11.2,12.6,17.4,48.1
2026-10-17 03:00:00,RJPN-009-2,RJPN-009,Band 1 (2100MHz),-83.7,-7.7,10.5,8.6,18.5,1.8
2026-10-17 03:00:00,RJPN-009-3,RJPN-009,Band 1 (2100MHz),-83.3,-7.0,19.2,11.6,22.8,7.3
2026-10-17 03:00:00,RJPN-010-1,RJPN-010,Band 3 (1800MHz),-87.7,-7.2,7.1,0.0,6.0,0.0
2026-10-17 03:00:00,RJPN-010-2,RJPN-010,Band 3 (1800MHz),-88.5,-9.8,13.0,11.6,20.0,33.8
2026-10-17 03:00:00,RJPN-010-3,RJPN-010,Band 3 (1800MHz),-82.3,-7.6,13.4,0.0,6.8,7.3
2026-10-17 03:00:00,RJPN-011-1,RJPN-011,Band 1 (2100MHz),-84.4,-8.6,12.3,2.3,5.2,13.0
2026-10-17 03:00:00,RJPN-011-2,RJPN-011,Band 1 (2100MHz),-95.5,-15.8,5.9,5.1,0.0,31.0
2026-10-17 03:00:00,RJPN-011-3,RJPN-011,Band 1 (2100MHz),-104.4,-12.5,7.5,10.1,4.4,23.7
2026-10-17 04:00:00,RJPN-001-1,RJPN-001,Band 1 (2100MHz),-81.3,-7.5,13.1,8.0,9.9,0.0
2026-10-17 04:00:00,RJPN-001-2,RJPN-001,Band 1 (2100MHz),-87.7,-8.5,14.8,11.1,11.4,2.7
2026-10-17 04:00:00,RJPN-001-3,RJPN-001,Band 1 (2100MHz),-81.9,-4.9,18.8,13.2,9.9,10.9
2026-10-17 04:00:00,RJPN-002-1,RJPN-002,Band 3 (1800MHz),-84.7,-7.6,10.7,9.2,2.6,26.9
2026-10-17 04:00:00,RJPN-002-2,RJPN-002,Band 3 (1800MHz),-98.1,-10.0,-4.2,2.0,8.7,4.6
2026-10-17 04:00:00,RJPN-002-3,RJPN-002,Band 3 (1800MHz),-94.6,-7.5,6.1,0.0,4.9,12.1
2026-10-17 04:00:00,RJPN-003-1,RJPN-003,Band 1 (2100MHz),-88.6,-6.1,19.4,8.0,0.0,4.6
2026-10-17 04:00:00,RJPN-003-2,RJPN-003,Band 1 (2100MHz),-84.1,-8.1,13.1,17.7,7.8,23.7
2026-10-17 04:00:00,RJPN-003-3,RJPN-003,Band 1 (2100MHz),-91.5,-8.0,11.4,7.0,15.7,9.8
2026-10-17 04:00:00,RJPN-004-1,RJPN-004,Band 3 (1800MHz),-91.0,-9.7,16.2,9.0,0.0,20.8
2026-10-17 04:00:00,RJPN-004-2,RJPN-004,Band 3 (1800MHz),-86.9,-5.0,19.1,0.0,2.0,23.9
2026-10-17 04:00:00,RJPN-004-3,RJPN-004,Band 3 (1800MHz),-73.1,-9.7,19.6,0.0,2.4,0.0
2026-10-17 04:00:00,RJPN-005-1,RJPN-005,Band 1 (2100MHz),-87.0,-9.4,15.9,24.7,2.9,0.6
2026-10-17 04:00:00,RJPN-005-2,RJPN-005,Band 1 (2100MHz),-83.7,-8.6,13.1,0.0,7.0,2.5
2026-10-17 04:00:00,RJPN-005-3,RJPN-005,Band 1 (2100MHz),-78.8,-4.8,13.3,18.7,6.4,40.6
2026-10-17 04:00:00,RJPN-006-1,RJPN-006,Band 3 (1800MHz),-88.6,-6.8,6.2,1.6,6.2,0.0
2026-10-17 04:00:00,RJPN-006-2,RJPN-006,Band 3 (1800MHz),-86.4,-7.4,12.0,9.5,0.0,0.0
2026-10-17 04:00:00,RJPN-006-3,RJPN-006,Band 3 (1800MHz),-79.8,-8.8,11.7,0.0,13.5,0.0
2026-10-17 04:00:00,RJPN-007-1,RJPN-007,Band 1 (2100MHz),-91.0,-10.3,15.9,9.3,0.0,23.5
2026-10-17 04:00:00,RJPN-007-2,RJPN-007,Band 1 (2100MHz),-90.5,-5.8,19.1,26.8,0.0,0.0
2026-10-17 04:00:00,RJPN-007-3,RJPN-007,Band 1 (2100MHz),-81.6,-6.6,20.9,26.1,0.0,2.5
2026-10-17 04:00:00,RJPN-008-1,RJPN-008,Band 3 (1800MHz),-86.8,-8.2,12.4,21.0,15.3,0.0
2026-10-17 04:00:00,RJPN-008-2,RJPN-008,Band 3 (1800MHz),-84.9,-5.9,25.3,14.5,3.5,5.2
2026-10-17 04:00:00,RJPN-008-3,RJPN-008,Band 3 (1800MHz),-88.0,-9.7,14.3,6.2,14.2,27.0
2026-10-17 04:00:00,RJPN-009-1,RJPN-009,Band 1 (2100MHz),-83.9,-5.4,11.2,11.7,3.5,38.4
2026-10-17 04:00:00,RJPN-009-2,RJPN-009,Band 1 (2100MHz),-87.3,-7.8,3.0,31.1,0.0,7.1
2026-10-17 04:00:00,RJPN-009-3,RJPN-009,Band 1 (2100MHz),-90.4,-9.6,19.9,16.7,0.0,10.6
2026-10-17 04:00:00,RJPN-010-1,RJPN-010,Band 3 (1800MHz),-85.3,-11.2,11.8,6.6,2.2,3.8
2026-10-17 04:00:00,RJPN-010-2,RJPN-010,Band 3 (1800MHz),-86.0,-7.5,4.1,25.1,0.0,10.2
2026-10-17 04:00:00,RJPN-010-3,RJPN-010,Band 3 (1800MHz),-84.8,-8.0,15.7,10.1,6.6,26.5
2026-10-17 04:00:00,RJPN-011-1,RJPN-011,Band 1 (2100MHz),-86.6,-10.3,19.8,27.6,0.0,2.4
2026-10-17 04:00:00,RJPN-011-2,RJPN-011,Band 1 (2100MHz),-99.0,-13.7,0.4,0.0,0.0,10.0
2026-10-17 04:00:00,RJPN-011-3,RJPN-011,Band 1 (2100MHz),-95.1,-14.2,9.4,14.0,0.0,54.4
2026-10-17 05:00:00,RJPN-001-1,RJPN-001,Band 1 (2100MHz),-81.6,-6.0,19.2,24.2,9.2,30.7
2026-10-17 05:00:00,RJPN-001-2,RJPN-001,Band 1 (2100MHz),-82.3,-11.0,12.2,17.4,1.6,6.2
2026-10-17 05:00:00,RJPN-001-3,RJPN-001,Band 1 (2100MHz),-85.8,-9.8,15.0,32.7,4.2,0.6
2026-10-17 05:00:00,RJPN-002-1,RJPN-002,Band 3 (1800MHz),-87.2,-7.7,17.5,17.7,0.0,27.2
2026-10-17 05:00:00,RJPN-002-2,RJPN-002,Band 3 (1800MHz),-95.2,-13.5,6.1,0.0,15.1,34.9
2026-10-17 05:00:00,RJPN-002-3,RJPN-002,Band 3 (1800MHz),-76.6,-5.8,15.0,7.0,0.0,0.0
2026-10-17 05:00:00,RJPN-003-1,RJPN-003,Band 1 (2100MHz),-87.2,-5.6,12.5,0.0,5.1,8.0
2026-10-17 05:00:00,RJPN-003-2,RJPN-003,Band 1 (2100MHz),-82.3,-10.2,6.2,6.0,6.0,8.3
2026-10-17 05:00:00,RJPN-003-3,RJPN-003,Band 1 (2100MHz),-86.6,-11.1,18.2,7.7,0.0,0.0
2026-10-17 05:00:00,RJPN-004-1,RJPN-004,Band 3 (1800MHz),-80.4,-7.9,19.3,3.8,0.0,33.3
2026-10-17 05:00:00,RJPN-004-2,RJPN-004,Band 3 (1800MHz),-95.3,-5.8,7.4,21.5,6.9,19.4
2026-10-17 05:00:00,RJPN-004-3,RJPN-004,Band 3 (1800MHz),-88.6,-6.7,24.1,7.6,31.4,0.0
2026-10-17 05:00:00,RJPN-005-1,RJPN-005,Band 1 (2100MHz),-82.8,-5.8,4.9,5.7,3.4,0.0
2026-10-17 05:00:00,RJPN-005-2,RJPN-005,Band 1 (2100MHz),-84.4,-8.8,10.2,14.4,2.4,33.6
2026-10-17 05:00:00,RJPN-005-3,RJPN-005,Band 1 (2100MHz),-87.6,-8.9,22.0,9.3,0.0,0.0
2026-10-17 05:00:00,RJPN-006-1,RJPN-006,Band 3 (1800MHz),-91.0,-5.7,16.6,0.0,15.2,7.1
2026-10-17 05:00:00,RJPN-006-2,RJPN-006,Band 3 (1800MHz),-77.6,-7.5,1.9,16.9,6.8,0.0
2026-10-17 05:00:00,RJPN-006-3,RJPN-006,Band 3 (1800MHz),-84.2,-9.5,11.2,21.6,15.7,20.7
2026-10-17 05:00:00,RJPN-007-1,RJPN-007,Band 1 (2100MHz),-91.9,-5.1,11.3,6.9,0.0,0.0
2026-10-17 05:00:00,RJPN-007-2,RJPN-007,Band 1 (2100MHz),-82.8,-9.8,8.9,5.4,8.7,20.0
2026-10-17 05:00:00,RJPN-007-3,RJPN-007,Band 1 (2100MHz),-84.3,-7.1,17.7,0.7,18.4,0.0
2026-10-17 05:00:00,RJPN-008-1,RJPN-008,Band 3 (1800MHz),-85.7,-8.1,16.4,3.5,2.6,35.9
2026-10-17 05:00:00,RJPN-008-2,RJPN-008,Band 3 (1800MHz),-83.0,-6.8,17.1,13.8,16.4,20.0
2026-10-17 05:00:00,RJPN-008-3,RJPN-008,Band 3 (1800MHz),-86.7,-9.8,6.6,22.2,3.9,0.0
2026-10-17 05:00:00,RJPN-009-1,RJPN-009,Band 1 (2100MHz),-77.6,-4.2,13.7,16.2,3.9,21.5
2026-10-17 05:00:00,RJPN-009-2,RJPN-009,Band 1 (2100MHz),-84.3,-8.4,19.0,17.2,0.0,0.0
2026-10-17 05:00:00,RJPN-009-3,RJPN-009,Band 1 (2100MHz),-84.4,-10.9,4.1,13.9,4.3,0.6
2026-10-17 05:00:00,RJPN-010-1,RJPN-010,Band 3 (1800MHz),-85.9,-8.3,13.2,9.0,6.3,19.4
2026-10-17 05:00:00,RJPN-010-2,RJPN-010,Band 3 (1800MHz),-87.2,-9.2,10.2,0.0,0.0,47.3
2026-10-17 05:00:00,RJPN-010-3,RJPN-010,Band 3 (1800MHz),-75.4,-6.3,16.4,29.8,0.0,14.3
2026-10-17 05:00:00,RJPN-011-1,RJPN-011,Band 1 (2100MHz),-80.8,-7.7,0.1,15.6,13.1,0.0
2026-10-17 05:00:00,RJPN-011-2,RJPN-011,Band 1 (2100MHz),-103.8,-14.0,-3.1,11.6,8.6,17.8
2026-10-17 05:00:00,RJPN-011-3,RJPN-011,Band 1 (2100MHz),-96.9,-8.9,8.7,24.1,0.0,7.2
2026-10-17 06:00:00,RJPN-001-1,RJPN-001,Band 1 (2100MHz),-88.1,-9.3,23.8,11.1,5.3,19.2
2026-10-17 06:00:00,RJPN-001-2,RJPN-001,Band 1 (2100MHz),-85.4,-4.7,11.8,19.0,22.7,38.8
2026-10-17 06:00:00,RJPN-001-3,RJPN-001,Band 1 (2100MHz),-83.2,-11.2,4.1,29.1,14.0,37.7
2026-10-17 06:00:00,RJPN-002-1,RJPN-002,Band 3 (1800MHz),-81.1,-7.2,4.6,2.2,24.1,45.7
2026-10-17 06:00:00,RJPN-002-2,RJPN-002,Band 3 (1800MHz),-100.6,-12.4,3.5,20.5,2.7,18.4
2026-10-17 06:00:00,RJPN-002-3,RJPN-002,Band 3 (1800MHz),-82.9,-6.3,6.9,5.7,1.3,38.1
2026-10-17 06:00:00,RJPN-003-1,RJPN-003,Band 1 (2100MHz),-82.0,-10.6,7.6,22.0,0.4,14.5
2026-10-17 06:00:00,RJPN-003-2,RJPN-003,Band 1 (2100MHz),-89.2,-7.9,18.5,0.0,19.0,15.5
2026-10-17 06:00:00,RJPN-003-3,RJPN-003,Band 1 (2100MHz),-89.6,-5.3,13.8,25.6,11.0,52.7
2026-10-17 06:00:00,RJPN-004-1,RJPN-004,Band 3 (1800MHz),-88.9,-12.4,1.8,12.4,0.0,23.1
2026-10-17 06:00:00,RJPN-004-2,RJPN-004,Band 3 (1800MHz),-90.1,-3.6,16.7,39.7,32.5,41.4
2026-10-17 06:00:00,RJPN-004-3,RJPN-004,Band 3 (1800MHz),-86.6,-9.4,9.6,12.1,19.8,0.0
2026-10-17 06:00:00,RJPN-005-1,RJPN-005,Band 1 (2100MHz),-92.3,-9.7,12.9,13.3,18.5,19.8
2026-10-17 06:00:00,RJPN-005-2,RJPN-005,Band 1 (2100MHz),-87.7,-11.4,15.2,24.4,14.0,0.0
2026-10-17 06:00:00,RJPN-005-3,RJPN-005,Band 1 (2100MHz),-84.5,-7.1,12.9,16.5,0.0,23.7
2026-10-17 06:00:00,RJPN-006-1,RJPN-006,Band 3 (1800MHz),-79.6,-7.9,18.8,15.6,0.0,38.1
2026-10-17 06:00:00,RJPN-006-2,RJPN-006,Band 3 (1800MHz),-86.0,-7.5,11.1,25.6,11.0,22.3
2026-10-17 06:00:00,RJPN-006-3,RJPN-006,Band 3 (1800MHz),-88.4,-8.7,13.9,6.9,4.9,29.5
2026-10-17 06:00:00,RJPN-007-1,RJPN-007,Band 1 (2100MHz),-87.0,-12.1,21.7,24.3,1.4,36.6
2026-10-17 06:00:00,RJPN-007-2,RJPN-007,Band 1 (2100MHz),-86.3,-10.6,21.1,37.0,3.9,30.4
2026-10-17 06:00:00,RJPN-007-3,RJPN-007,Band 1 (2100MHz),-87.1,-9.9,9.3,41.1,9.4,12.3
2026-10-17 06:00:00,RJPN-008-1,RJPN-008,Band 3 (1800MHz),-80.7,-9.3,14.6,28.1,8.8,63.6
2026-10-17 06:00:00,RJPN-008-2,RJPN-008,Band 3 (1800MHz),-81.8,-7.0,6.2,6.1,0.0,9.3
2026-10-17 06:00:00,RJPN-008-3,RJPN-008,Band 3 (1800MHz),-87.7,-11.0,14.1,10.1,4.7,32.9
2026-10-17 06:00:00,RJPN-009-1,RJPN-009,Band 1 (2100MHz),-85.7,-6.4,10.7,0.0,20.7,38.4
2026-10-17 06:00:00,RJPN-009-2,RJPN-009,Band 1 (2100MHz),-80.0,-10.0,9.9,19.8,0.0,72.9
2026-10-17 06:00:00,RJPN-009-3,RJPN-009,Band 1 (2100MHz),-81.6,-7.0,6.2,30.8,0.0,36.9
2026-10-17 06:00:00,RJPN-010-1,RJPN-010,Band 3 (1800MHz),-79.6,-10.0,5.6,22.2,19.9,43.0
2026-10-17 06:00:00,RJPN-010-2,RJPN-010,Band 3 (1800MHz),-78.5,-9.8,7.7,30.0,15.0,38.4
2026-10-17 06:00:00,RJPN-010-3,RJPN-010,Band 3 (1800MHz),-84.6,-9.4,20.4,19.7,8.8,7.0
2026-10-17 06:00:00,RJPN-011-1,RJPN-011,Band 1 (2100MHz),-82.5,-10.2,7.4,2.0,8.8,39.6
2026-10-17 06:00:00,RJPN-011-2,RJPN-011,Band 1 (2100MHz),-95.7,-15.0,6.2,10.3,9.0,1.0
2026-10-17 06:00:00,RJPN-011-3,RJPN-011,Band 1 (2100MHz),-102.2,-15.4,0.3,5.5,24.1,21.2
2026-10-17 07:00:00,RJPN-001-1,RJPN-001,Band 1 (2100MHz),-82.5,-9.2,14.7,52.2,31.5,60.5
2026-10-17 07:00:00,RJPN-001-2,RJPN-001,Band 1 (2100MHz),-86.6,-8.8,16.4,52.0,38.3,114.2
2026-10-17 07:00:00,RJPN-001-3,RJPN-001,Band 1 (2100MHz),-87.3,-12.1,20.6,42.2,16.2,123.1
2026-10-17 07:00:00,RJPN-002-1,RJPN-002,Band 3 (1800MHz),-83.1,-11.7,13.3,63.2,44.2,117.2
2026-10-17 07:00:00,RJPN-002-2,RJPN-002,Band 3 (1800MHz),-93.7,-17.4,6.4,60.2,38.5,127.7
2026-10-17 07:00:00,RJPN-002-3,RJPN-002,Band 3 (1800MHz),-86.7,-8.0,13.2,58.8,28.8,90.1
2026-10-17 07:00:00,RJPN-003-1,RJPN-003,Band 1 (2100MHz),-85.2,-9.3,17.8,52.7,24.1,110.1
2026-10-17 07:00:00,RJPN-003-2,RJPN-003,Band 1 (2100MHz),-78.2,-8.0,9.4,53.7,32.1,105.3
2026-10-17 07:00:00,RJPN-003-3,RJPN-003,Band 1 (2100MHz),-81.6,-8.6,10.3,42.6,28.1,96.8
2026-10-17 07:00:00,RJPN-004-1,RJPN-004,Band 3 (1800MHz),-84.0,-13.1,7.3,78.8,32.7,71.6
2026-10-17 07:00:00,RJPN-004-2,RJPN-004,Band 3 (1800MHz),-87.5,-11.1,7.0,48.0,22.7,120.6
2026-10-17 07:00:00,RJPN-004-3,RJPN-004,Band 3 (1800MHz),-82.6,-14.7,4.9,66.7,32.4,140.7
2026-10-17 07:00:00,RJPN-005-1,RJPN-005,Band 1 (2100MHz),-80.4,-11.0,10.1,48.8,13.4,60.6
2026-10-17 07:00:00,RJPN-005-2,RJPN-005,Band 1 (2100MHz),-84.7,-10.6,18.1,60.3,20.4,94.2
2026-10-17 07:00:00,RJPN-005-3,RJPN-005,Band 1 (2100MHz),-79.3,-9.0,11.3,70.8,26.9,144.9
2026-10-17 07:00:00,RJPN-006-1,RJPN-006,Band 3 (1800MHz),-81.1,-10.7,9.8,51.8,31.0,82.4
2026-10-17 07:00:00,RJPN-006-2,RJPN-006,Band 3 (1800MHz),-80.4,-12.7,17.9,59.1,24.9,79.2
2026-10-17 07:00:00,RJPN-006-3,RJPN-006,Band 3 (1800MHz),-90.7,-7.7,14.9,32.6,26.4,79.4
2026-10-17 07:00:00,RJPN-007-1,RJPN-007,Band 1 (2100MHz),-85.2,-9.7,10.9,72.5,37.5,93.1
2026-10-17 07:00:00,RJPN-007-2,RJPN-007,Band 1 (2100MHz),-82.7,-10.3,4.5,52.0,22.7,108.2
2026-10-17 07:00:00,RJPN-007-3,RJPN-007,Band 1 (2100MHz),-94.0,-12.0,12.4,67.8,36.9,99.5
2026-10-17 07:00:00,RJPN-008-1,RJPN-008,Band 3 (1800MHz),-85.3,-10.9,13.4,54.6,43.3,47.5
2026-10-17 07:00:00,RJPN-008-2,RJPN-008,Band 3 (1800MHz),-88.9,-11.4,15.4,54.4,24.9,100.8
2026-10-17 07:00:00,RJPN-008-3,RJPN-008,Band 3 (1800MHz),-83.1,-12.4,0.8,57.2,39.2,95.9
2026-10-17 07:00:00,RJPN-009-1,RJPN-009,Band 1 (2100MHz),-86.1,-7.2,6.4,56.5,36.3,84.1
2026-10-17 07:00:00,RJPN-009-2,RJPN-009,Band 1 (2100MHz),-83.8,-13.4,18.4,53.1,24.5,118.1
2026-10-17 07:00:00,RJPN-009-3,RJPN-009,Band 1 (2100MHz),-81.9,-11.2,8.6,66.7,23.1,95.9
2026-10-17 07:00:00,RJPN-010-1,RJPN-010,Band 3 (1800MHz),-82.1,-9.6,7.3,75.2,39.7,66.0
2026-10-17 07:00:00,RJPN-010-2,RJPN-010,Band 3 (1800MHz),-87.8,-14.0,11.3,40.8,34.7,102.6
2026-10-17 07:00:00,RJPN-010-3,RJPN-010,Band 3 (1800MHz),-88.5,-9.4,13.8,55.7,30.1,72.3
2026-10-17 07:00:00,RJPN-011-1,RJPN-011,Band 1 (2100MHz),-88.1,-12.3,21.2,72.6,12.2,95.6
2026-10-17 07:00:00,RJPN-011-2,RJPN-011,Band 1 (2100MHz),-97.3,-13.5,5.9,64.3,21.5,101.8
2026-10-17 07:00:00,RJPN-011-3,RJPN-011,Band 1 (2100MHz),-96.6,-11.2,0.3,73.3,29.5,107.1
2026-10-17 08:00:00,RJPN-001-1,RJPN-001,Band 1 (2100MHz),-79.7,-10.9,6.7,70.2,38.0,120.4
2026-10-17 08:00:00,RJPN-001-2,RJPN-001,Band 1 (2100MHz),-88.5,-6.0,16.6,74.7,37.0,131.5
2026-10-17 08:00:00,RJPN-001-3,RJPN-001,Band 1 (2100MHz),-81.0,-13.0,13.1,71.9,55.7,114.5
2026-10-17 08:00:00,RJPN-002-1,RJPN-002,Band 3 (1800MHz),-84.4,-12.4,16.0,67.9,39.3,108.3
2026-10-17 08:00:00,RJPN-002-2,RJPN-002,Band 3 (1800MHz),-102.2,-12.3,9.6,75.6,32.3,142.7
2026-10-17 08:00:00,RJPN-002-3,RJPN-002,Band 3 (1800MHz),-74.7,-12.6,11.0,76.6,52.4,108.9
2026-10-17 08:00:00,RJPN-003-1,RJPN-003,Band 1 (2100MHz),-86.2,-12.3,16.8,49.8,35.2,135.8
2026-10-17 08:00:00,RJPN-003-2,RJPN-003,Band 1 (2100MHz),-84.8,-11.7,12.5,59.9,47.9,113.5
2026-10-17 08:00:00,RJPN-003-3,RJPN-003,Band 1 (2100MHz),-85.3,-9.5,14.9,58.0,44.2,130.7
2026-10-17 08:00:00,RJPN-004-1,RJPN-004,Band 3 (1800MHz),-84.1,-13.9,9.4,95.0,37.9,106.9
2026-10-17 08:00:00,RJPN-004-2,RJPN-004,Band 3 (1800MHz),-79.8,-13.2,11.6,68.2,46.6,110.8
2026-10-17 08:00:00,RJPN-004-3,RJPN-004,Band 3 (1800MHz),-83.7,-14.0,7.7,73.7,43.5,121.5
2026-10-17 08:00:00,RJPN-005-1,RJPN-005,Band 1 (2100MHz),-81.9,-14.1,3.0,76.4,38.8,151.8
2026-10-17 08:00:00,RJPN-005-2,RJPN-005,Band 1 (2100MHz),-86.5,-10.6,10.8,64.3,54.0,129.5
2026-10-17 08:00:00,RJPN-005-3,RJPN-005,Band 1 (2100MHz),-80.8,-10.7,15.5,59.8,41.6,96.0
2026-10-17 08:00:00,RJPN-006-1,RJPN-006,Band 3 (1800MHz),-87.0,-10.3,14.8,79.2,41.1,76.1
2026-10-17 08:00:00,RJPN-006-2,RJPN-006,Band 3 (1800MHz),-75.7,-9.1,10.3,68.6,43.5,115.0
2026-10-17 08:00:00,RJPN-006-3,RJPN-006,Band 3 (1800MHz),-90.0,-15.0,14.5,77.4,24.1,118.0
2026-10-17 08:00:00,RJPN-007-1,RJPN-007,Band 1 (2100MHz),-81.7,-14.9,12.5,49.9,50.8,95.3
2026-10-17 08:00:00,RJPN-007-2,RJPN-007,Band 1 (2100MHz),-87.2,-14.1,12.8,84.5,34.0,89.0
2026-10-17 08:00:00,RJPN-007-3,RJPN-007,Band 1 (2100MHz),-87.8,-10.7,14.6,100.0,28.2,98.2
2026-10-17 08:00:00,RJPN-008-1,RJPN-008,Band 3 (1800MHz),-85.2,-10.2,10.6,91.5,54.6,103.7
2026-10-17 08:00:00,RJPN-008-2,RJPN-008,Band 3 (1800MHz),-93.7,-11.9,19.6,73.4,50.6,139.5
2026-10-17 08:00:00,RJPN-008-3,RJPN-008,Band 3 (1800MHz),-80.7,-11.3,16.0,88.2,39.4,140.8
2026-10-17 08:00:00,RJPN-009-1,RJPN-009,Band 1 (2100MHz),-88.5,-11.1,10.9,69.0,48.9,113.1
2026-10-17 08:00:00,RJPN-009-2,RJPN-009,Band 1 (2100MHz),-84.5,-13.1,10.0,63.6,44.0,141.0
2026-10-17 08:00:00,RJPN-009-3,RJPN-009,Band 1 (2100MHz),-86.2,-9.4,10.5,42.4,37.2,84.9
2026-10-17 08:00:00,RJPN-010-1,RJPN-010,Band 3 (1800MHz),-87.6,-10.3,20.9,59.2,19.1,123.8
2026-10-17 08:00:00,RJPN-010-2,RJPN-010,Band 3 (1800MHz),-84.0,-10.2,16.0,73.0,38.6,132.0
2026-10-17 08:00:00,RJPN-010-3,RJPN-010,Band 3 (1800MHz),-88.0,-10.4,11.0,59.9,35.7,110.9
2026-10-17 08:00:00,RJPN-011-1,RJPN-011,Band 1 (2100MHz),-82.2,-8.5,8.9,53.1,48.3,108.1
2026-10-17 08:00:00,RJPN-011-2,RJPN-011,Band 1 (2100MHz),-91.3,-16.0,3.8,73.2,34.1,124.5
2026-10-17 08:00:00,RJPN-011-3,RJPN-011,Band 1 (2100MHz),-96.4,-13.9,9.7,80.2,27.0,69.8
2026-10-17 09:00:00,RJPN-001-1,RJPN-001,Band 1 (2100MHz),-80.0,-10.4,14.1,72.2,31.5,99.0
2026-10-17 09:00:00,RJPN-001-2,RJPN-001,Band 1 (2100MHz),-86.1,-7.3,15.4,82.1,36.0,83.7
2026-10-17 09:00:00,RJPN-001-3,RJPN-001,Band 1 (2100MHz),-81.6,-12.2,6.6,65.6,37.0,48.7
2026-10-17 09:00:00,RJPN-002-1,RJPN-002,Band 3 (1800MHz),-81.4,-10.0,12.9,65.3,54.9,97.7
2026-10-17 09:00:00,RJPN-002-2,RJPN-002,Band 3 (1800MHz),-98.3,-14.1,8.3,55.0,29.9,61.1
2026-10-17 09:00:00,RJPN-002-3,RJPN-002,Band 3 (1800MHz),-84.7,-11.7,10.0,51.9,30.5,88.3
2026-10-17 09:00:00,RJPN-003-1,RJPN-003,Band 1 (2100MHz),-86.0,-9.2,14.7,56.4,39.7,101.2
2026-10-17 09:00:00,RJPN-003-2,RJPN-003,Band 1 (2100MHz),-73.6,-9.1,18.2,37.4,37.9,71.0
2026-10-17 09:00:00,RJPN-003-3,RJPN-003,Band 1 (2100MHz),-88.1,-10.7,19.4,45.5,32.0,90.5
2026-10-17 09:00:00,RJPN-004-1,RJPN-004,Band 3 (1800MHz),-81.6,-7.9,5.9,60.9,25.4,95.7
2026-10-17 09:00:00,RJPN-004-2,RJPN-004,Band 3 (1800MHz),-83.4,-12.9,7.6,65.9,37.6,117.9
2026-10-17 09:00:00,RJPN-004-3,RJPN-004,Band 3 (1800MHz),-86.9,-5.3,13.4,55.1,23.3,83.2
2026-10-17 09:00:00,RJPN-005-1,RJPN-005,Band 1 (2100MHz),-79.8,-10.2,11.4,73.3,21.2,98.5
2026-10-17 09:00:00,RJPN-005-2,RJPN-005,Band 1 (2100MHz),-89.6,-14.6,10.4,30.2,31.5,91.3
2026-10-17 09:00:00,RJPN-005-3,RJPN-005,Band 1 (2100MHz),-87.1,-11.9,11.8,72.3,32.7,94.5
2026-10-17 09:00:00,RJPN-006-1,RJPN-006,Band 3 (1800MHz),-85.7,-10.5,19.2,55.7,34.8,113.3
2026-10-17 09:00:00,RJPN-006-2,RJPN-006,Band 3 (1800MHz),-82.2,-9.0,25.1,49.6,28.8,98.0
2026-10-17 09:00:00,RJPN-006-3,RJPN-006,Band 3 (1800MHz),-80.9,-13.1,9.8,56.7,32.4,105.0
2026-10-17 09:00:00,RJPN-007-1,RJPN-007,Band 1 (2100MHz),-92.2,-11.8,18.0,49.7,24.6,104.9
2026-10-17 09:00:00,RJPN-007-2,RJPN-007,Band 1 (2100MHz),-91.3,-14.4,22.9,51.0,37.1,89.4
2026-10-17 09:00:00,RJPN-007-3,RJPN-007,Band 1 (2100MHz),-87.1,-8.5,14.2,59.8,19.6,89.4
2026-10-17 09:00:00,RJPN-008-1,RJPN-008,Band 3 (1800MHz),-82.9,-11.9,10.9,63.9,15.0,91.0
2026-10-17 09:00:00,RJPN-008-2,RJPN-008,Band 3 (1800MHz),-81.1,-11.0,3.9,36.2,39.2,121.6
2026-10-17 09:00:00,RJPN-008-3,RJPN-008,Band 3 (1800MHz),-94.2,-10.8,22.0,53.9,29.8,46.2
2026-10-17 09:00:00,RJPN-009-1,RJPN-009,Band 1 (2100MHz),-80.5,-11.4,7.9,51.2,34.0,107.8
2026-10-17 09:00:00,RJPN-009-2,RJPN-009,Band 1 (2100MHz),-84.2,-14.3,7.6,50.7,48.5,102.9
2026-10-17 09:00:00,RJPN-009-3,RJPN-009,Band 1 (2100MHz),-83.8,-10.3,12.5,78.7,43.0,103.6
2026-10-17 09:00:00,RJPN-010-1,RJPN-010,Band 3 (1800MHz),-84.1,-5.4,15.6,75.7,35.5,113.3
2026-10-17 09:00:00,RJPN-010-2,RJPN-010,Band 3 (1800MHz),-85.1,-10.6,9.0,76.5,34.7,80.3
2026-10-17 09:00:00,RJPN-010-3,RJPN-010,Band 3 (1800MHz),-82.0,-11.4,14.1,74.4,23.7,116.2
2026-10-17 09:00:00,RJPN-011-1,RJPN-011,Band 1 (2100MHz),-82.1,-12.0,14.7,71.3,41.0,94.7
2026-10-17 09:00:00,RJPN-011-2,RJPN-011,Band 1 (2100MHz),-105.8,-12.2,3.0,52.9,19.9,91.2
2026-10-17 09:00:00,RJPN-011-3,RJPN-011,Band 1 (2100MHz),-93.8,-17.2,2.3,64.2,29.5,105.0
2026-10-17 10:00:00,RJPN-001-1,RJPN-001,Band 1 (2100MHz),-81.5,-9.6,12.5,24.0,0.0,42.2
2026-10-17 10:00:00,RJPN-001-2,RJPN-001,Band 1 (2100MHz),-80.0,-10.7,15.0,19.8,0.0,14.9
2026-10-17 10:00:00,RJPN-001-3,RJPN-001,Band 1 (2100MHz),-77.9,-6.4,13.4,6.7,7.1,61.1
2026-10-17 10:00:00,RJPN-002-1,RJPN-002,Band 3 (1800MHz),-91.4,-8.1,12.4,24.2,14.1,19.3
2026-10-17 10:00:00,RJPN-002-2,RJPN-002,Band 3 (1800MHz),-105.6,-13.3,0.3,18.9,28.0,34.1
2026-10-17 10:00:00,RJPN-002-3,RJPN-002,Band 3 (1800MHz),-81.8,-7.1,8.9,33.5,8.4,34.7
2026-10-17 10:00:00,RJPN-003-1,RJPN-003,Band 1 (2100MHz),-82.8,-8.8,14.3,20.7,21.5,14.9
2026-10-17 10:00:00,RJPN-003-2,RJPN-003,Band 1 (2100MHz),-87.1,-5.6,8.7,21.7,19.0,18.6
2026-10-17 10:00:00,RJPN-003-3,RJPN-003,Band 1 (2100MHz),-85.0,-7.7,16.4,19.7,23.3,0.0
2026-10-17 10:00:00,RJPN-004-1,RJPN-004,Band 3 (1800MHz),-88.3,-10.0,-0.8,21.8,7.0,16.7
2026-10-17 10:00:00,RJPN-004-2,RJPN-004,Band 3 (1800MHz),-83.8,-7.5,18.5,3.1,22.3,0.2
2026-10-17 10:00:00,RJPN-004-3,RJPN-004,Band 3 (1800MHz),-83.8,-8.9,10.9,0.0,8.3,49.2
2026-10-17 10:00:00,RJPN-005-1,RJPN-005,Band 1 (2100MHz),-89.2,-8.4,18.3,11.3,11.0,42.5
2026-10-17 10:00:00,RJPN-005-2,RJPN-005,Band 1 (2100MHz),-79.3,-9.3,9.3,32.4,22.7,33.0
2026-10-17 10:00:00,RJPN-005-3,RJPN-005,Band 1 (2100MHz),-83.3,-10.1,13.3,25.1,2.5,6.9
2026-10-17 10:00:00,RJPN-006-1,RJPN-006,Band 3 (1800MHz),-88.3,-5.0,10.5,20.1,0.0,33.4
2026-10-17 10:00:00,RJPN-006-2,RJPN-006,Band 3 (1800MHz),-77.5,-7.1,1.2,4.5,9.2,38.0
2026-10-17 10:00:00,RJPN-006-3,RJPN-006,Band 3 (1800MHz),-81.5,-8.1,13.9,30.6,21.5,24.2
2026-10-17 10:00:00,RJPN-007-1,RJPN-007,Band 1 (2100MHz),-92.2,-7.7,14.3,7.7,0.0,36.9
2026-10-17 10:00:00,RJPN-007-2,RJPN-007,Band 1 (2100MHz),-85.1,-9.7,14.3,0.0,5.1,0.0
2026-10-17 10:00:00,RJPN-007-3,RJPN-007,Band 1 (2100MHz),-89.4,-9.7,10.3,35.5,15.3,49.7
2026-10-17 10:00:00,RJPN-008-1,RJPN-008,Band 3 (1800MHz),-88.4,-9.4,12.6,20.0,28.1,16.3
2026-10-17 10:00:00,RJPN-008-2,RJPN-008,Band 3 (1800MHz),-84.4,-12.7,12.4,22.5,14.2,0.0
2026-10-17 10:00:00,RJPN-008-3,RJPN-008,Band 3 (1800MHz),-89.8,-10.9,6.8,5.0,25.3,28.2
2026-10-17 10:00:00,RJPN-009-1,RJPN-009,Band 1 (2100MHz),-82.8,-9.6,15.4,4.5,25.3,0.0
2026-10-17 10:00:00,RJPN-009-2,RJPN-009,Band 1 (2100MHz),-84.5,-9.0,19.8,9.8,14.5,0.0
2026-10-17 10:00:00,RJPN-009-3,RJPN-009,Band 1 (2100MHz),-89.1,-5.6,9.8,5.9,1.2,14.7
2026-10-17 10:00:00,RJPN-010-1,RJPN-010,Band 3 (1800MHz),-86.3,-6.3,8.6,16.0,17.2,12.3
2026-10-17 10:00:00,RJPN-010-2,RJPN-010,Band 3 (1800MHz),-85.2,-3.7,20.5,9.7,0.0,54.2
2026-10-17 10:00:00,RJPN-010-3,RJPN-010,Band 3 (1800MHz),-80.9,-10.5,15.4,20.8,5.4,0.5
2026-10-17 10:00:00,RJPN-011-1,RJPN-011,Band 1 (2100MHz),-88.8,-7.7,21.2,3.5,16.0,29.7
2026-10-17 10:00:00,RJPN-011-2,RJPN-011,Band 1 (2100MHz),-102.1,-10.4,9.4,9.4,1.3,0.0
2026-10-17 10:00:00,RJPN-011-3,RJPN-011,Band 1 (2100MHz),-91.6,-9.4,-0.6,10.5,0.0,3.2
2026-10-17 11:00:00,RJPN-001-1,RJPN-001,Band 1 (2100MHz),-83.6,-6.9,9.8,62.6,31.1,72.0
2026-10-17 11:00:00,RJPN-001-2,RJPN-001,Band 1 (2100MHz),-80.7,-6.2,13.0,41.4,36.1,38.4
2026-10-17 11:00:00,RJPN-001-3,RJPN-001,Band 1 (2100MHz),-86.8,-10.0,18.1,53.4,29.9,50.4
2026-10-17 11:00:00,RJPN-002-1,RJPN-002,Band 3 (1800MHz),-87.3,-10.2,21.9,57.0,29.2,87.0
2026-10-17 11:00:00,RJPN-002-2,RJPN-002,Band 3 (1800MHz),-94.1,-13.3,3.4,39.7,24.1,91.8
2026-10-17 11:00:00,RJPN-002-3,RJPN-002,Band 3 (1800MHz),-81.6,-9.0,18.8,39.4,28.1,98.9
2026-10-17 11:00:00,RJPN-003-1,RJPN-003,Band 1 (2100MHz),-85.8,-7.7,4.6,66.5,27.2,52.3
2026-10-17 11:00:00,RJPN-003-2,RJPN-003,Band 1 (2100MHz),-87.4,-10.6,11.0,63.1,35.4,112.1
2026-10-17 11:00:00,RJPN-003-3,RJPN-003,Band 1 (2100MHz),-93.3,-9.7,5.5,66.9,37.0,68.8
2026-10-17 11:00:00,RJPN-004-1,RJPN-004,Band 3 (1800MHz),-83.3,-6.3,14.0,41.8,27.6,69.9
2026-10-17 11:00:00,RJPN-004-2,RJPN-004,Band 3 (1800MHz),-88.7,-6.9,10.5,40.5,27.0,44.0
2026-10-17 11:00:00,RJPN-004-3,RJPN-004,Band 3 (1800MHz),-82.7,-8.3,11.8,59.3,36.7,44.9
2026-10-17 11:00:00,RJPN-005-1,RJPN-005,Band 1 (2100MHz),-81.9,-6.6,14.0,50.4,29.0,92.8
2026-10-17 11:00:00,RJPN-005-2,RJPN-005,Band 1 (2100MHz),-81.1,-11.4,16.0,48.7,18.4,64.5
2026-10-17 11:00:00,RJPN-005-3,RJPN-005,Band 1 (2100MHz),-83.8,-9.4,13.1,36.1,37.6,70.5
2026-10-17 11:00:00,RJPN-006-1,RJPN-006,Band 3 (1800MHz),-88.9,-12.9,9.1,55.8,35.8,91.0
2026-10-17 11:00:00,RJPN-006-2,RJPN-006,Band 3 (1800MHz),-85.2,-9.6,13.5,45.7,13.1,96.5
2026-10-17 11:00:00,RJPN-006-3,RJPN-006,Band 3 (1800MHz),-82.1,-13.3,11.7,43.3,17.7,63.8
2026-10-17 11:00:00,RJPN-007-1,RJPN-007,Band 1 (2100MHz),-79.0,-7.6,11.0,60.4,27.8,95.8
2026-10-17 11:00:00,RJPN-007-2,RJPN-007,Band 1 (2100MHz),-89.1,-9.0,20.5,44.4,19.3,55.5
2026-10-17 11:00:00,RJPN-007-3,RJPN-007,Band 1 (2100MHz),-89.1,-6.9,12.9,42.7,27.7,63.6
2026-10-17 11:00:00,RJPN-008-1,RJPN-008,Band 3 (1800MHz),-86.0,-14.0,11.3,52.7,30.1,92.7
2026-10-17 11:00:00,RJPN-008-2,RJPN-008,Band 3 (1800MHz),-81.5,-8.9,16.4,37.9,29.9,81.6
2026-10-17 11:00:00,RJPN-008-3,RJPN-008,Band 3 (1800MHz),-92.5,-10.3,18.8,61.7,19.6,80.7
2026-10-17 11:00:00,RJPN-009-1,RJPN-009,Band 1 (2100MHz),-85.9,-10.8,7.4,54.0,23.9,88.7
2026-10-17 11:00:00,RJPN-009-2,RJPN-009,Band 1 (2100MHz),-88.9,-11.4,5.7,70.6,22.4,108.4
2026-10-17 11:00:00,RJPN-009-3,RJPN-009,Band 1 (2100MHz),-82.3,-10.8,18.9,33.2,28.8,80.9
2026-10-17 11:00:00,RJPN-010-1,RJPN-010,Band 3 (1800MHz),-90.0,-9.0,4.1,43.6,42.4,76.4
2026-10-17 11:00:00,RJPN-010-2,RJPN-010,Band 3 (1800MHz),-90.0,-9.6,11.0,43.2,26.0,77.7
2026-10-17 11:00:00,RJPN-010-3,RJPN-010,Band 3 (1800MHz),-94.1,-10.1,17.4,60.2,45.6,89.1
2026-10-17 11:00:00,RJPN-011-1,RJPN-011,Band 1 (2100MHz),-84.2,-10.2,7.5,52.8,8.7,82.6
2026-10-17 11:00:00,RJPN-011-2,RJPN-011,Band 1 (2100MHz),-100.7,-14.2,13.2,36.7,24.0,101.5
2026-10-17 11:00:00,RJPN-011-3,RJPN-011,Band 1 (2100MHz),-101.5,-14.7,13.5,42.8,20.1,87.9
2026-10-17 12:00:00,RJPN-001-1,RJPN-001,Band 1 (2100MHz),-83.1,-10.0,13.8,45.3,39.5,103.8
2026-10-17 12:00:00,RJPN-001-2,RJPN-001,Band 1 (2100MHz),-82.9,-11.8,16.5,46.4,27.6,104.6
2026-10-17 12:00:00,RJPN-001-3,RJPN-001,Band 1 (2100MHz),-83.2,-5.9,16.6,45.6,10.4,109.9
2026-10-17 12:00:00,RJPN-002-1,RJPN-002,Band 3 (1800MHz),-86.7,-9.5,9.4,46.8,26.6,89.2
2026-10-17 12:00:00,RJPN-002-2,RJPN-002,Band 3 (1800MHz),-101.6,-16.6,3.7,26.8,41.9,100.3
2026-10-17 12:00:00,RJPN-002-3,RJPN-002,Band 3 (1800MHz),-86.1,-8.0,10.0,61.6,22.3,83.9
2026-10-17 12:00:00,RJPN-003-1,RJPN-003,Band 1 (2100MHz),-84.9,-9.5,17.3,43.7,32.4,87.8
2026-10-17 12:00:00,RJPN-003-2,RJPN-003,Band 1 (2100MHz),-88.5,-10.7,12.6,60.0,26.8,76.6
2026-10-17 12:00:00,RJPN-003-3,RJPN-003,Band 1 (2100MHz),-88.2,-12.7,23.9,41.8,26.4,73.1
2026-10-17 12:00:00,RJPN-004-1,RJPN-004,Band 3 (1800MHz),-85.6,-11.9,18.4,49.4,25.6,90.8
2026-10-17 12:00:00,RJPN-004-2,RJPN-004,Band 3 (1800MHz),-83.6,-7.7,5.6,41.8,32.3,65.1
2026-10-17 12:00:00,RJPN-004-3,RJPN-004,Band 3 (1800MHz),-86.4,-9.3,7.8,61.0,20.5,130.6
2026-10-17 12:00:00,RJPN-005-1,RJPN-005,Band 1 (2100MHz),-92.8,-9.6,7.1,37.2,25.5,70.9
2026-10-17 12:00:00,RJPN-005-2,RJPN-005,Band 1 (2100MHz),-87.1,-10.9,16.0,38.7,24.6,108.7
2026-10-17 12:00:00,RJPN-005-3,RJPN-005,Band 1 (2100MHz),-88.8,-11.2,10.3,78.9,21.5,26.2
2026-10-17 12:00:00,RJPN-006-1,RJPN-006,Band 3 (1800MHz),-89.7,-10.5,6.2,44.7,30.5,61.2
2026-10-17 12:00:00,RJPN-006-2,RJPN-006,Band 3 (1800MHz),-83.5,-12.9,11.4,36.9,37.2,79.4
2026-10-17 12:00:00,RJPN-006-3,RJPN-006,Band 3 (1800MHz),-83.1,-10.5,8.6,41.8,44.0,51.5
2026-10-17 12:00:00,RJPN-007-1,RJPN-007,Band 1 (2100MHz),-80.4,-9.2,17.9,46.5,18.3,87.0
2026-10-17 12:00:00,RJPN-007-2,RJPN-007,Band 1 (2100MHz),-90.4,-5.1,18.5,39.7,27.0,91.3
2026-10-17 12:00:00,RJPN-007-3,RJPN-007,Band 1 (2100MHz),-88.4,-10.8,8.0,43.8,36.9,81.6
2026-10-17 12:00:00,RJPN-008-1,RJPN-008,Band 3 (1800MHz),-85.9,-14.8,15.1,46.9,33.2,75.6
2026-10-17 12:00:00,RJPN-008-2,RJPN-008,Band 3 (1800MHz),-82.4,-8.7,16.8,50.1,20.8,114.4
2026-10-17 12:00:00,RJPN-008-3,RJPN-008,Band 3 (1800MHz),-86.8,-7.8,12.4,57.9,22.6,67.6
2026-10-17 12:00:00,RJPN-009-1,RJPN-009,Band 1 (2100MHz),-86.0,-8.1,16.7,43.8,28.2,46.8
2026-10-17 12:00:00,RJPN-009-2,RJPN-009,Band 1 (2100MHz),-82.5,-14.1,8.2,49.1,43.6,76.0
2026-10-17 12:00:00,RJPN-009-3,RJPN-009,Band 1 (2100MHz),-87.1,-6.5,8.7,51.5,30.1,104.3
2026-10-17 12:00:00,RJPN-010-1,RJPN-010,Band 3 (1800MHz),-93.7,-12.9,18.1,72.9,30.1,84.2
2026-10-17 12:00:00,RJPN-010-2,RJPN-010,Band 3 (1800MHz),-89.1,-7.1,11.3,61.7,45.2,105.2
2026-10-17 12:00:00,RJPN-010-3,RJPN-010,Band 3 (1800MHz),-85.4,-9.5,8.8,47.4,34.5,103.3
2026-10-17 12:00:00,RJPN-011-1,RJPN-011,Band 1 (2100MHz),-88.7,-13.1,16.0,52.5,25.6,105.4
2026-10-17 12:00:00,RJPN-011-2,RJPN-011,Band 1 (2100MHz),-97.1,-13.8,-0.9,51.8,32.1,38.2
2026-10-17 12:00:00,RJPN-011-3,RJPN-011,Band 1 (2100MHz),-99.7,-15.1,12.9,43.6,31.7,81.9
2026-10-17 13:00:00,RJPN-001-1,RJPN-001,Band 1 (2100MHz),-85.8,-7.6,13.6,44.6,35.0,37.9
2026-10-17 13:00:00,RJPN-001-2,RJPN-001,Band 1 (2100MHz),-81.3,-9.8,17.3,55.4,29.0,97.5
2026-10-17 13:00:00,RJPN-001-3,RJPN-001,Band 1 (2100MHz),-87.0,-6.9,19.3,75.7,24.5,75.7
2026-10-17 13:00:00,RJPN-002-1,RJPN-002,Band 3 (1800MHz),-87.8,-13.3,7.3,56.1,32.1,92.3
2026-10-17 13:00:00,RJPN-002-2,RJPN-002,Band 3 (1800MHz),-96.0,-13.9,12.0,58.6,24.6,113.9
2026-10-17 13:00:00,RJPN-002-3,RJPN-002,Band 3 (1800MHz),-92.5,-7.4,1.7,24.1,26.9,91.9
2026-10-17 13:00:00,RJPN-003-1,RJPN-003,Band 1 (2100MHz),-89.5,-10.1,24.0,40.5,16.2,36.0
2026-10-17 13:00:00,RJPN-003-2,RJPN-003,Band 1 (2100MHz),-76.9,-10.6,19.4,36.0,25.8,97.8
2026-10-17 13:00:00,RJPN-003-3,RJPN-003,Band 1 (2100MHz),-83.1,-11.1,13.0,49.2,13.3,68.6
2026-10-17 13:00:00,RJPN-004-1,RJPN-004,Band 3 (1800MHz),-86.1,-10.4,12.3,51.1,22.1,86.7
2026-10-17 13:00:00,RJPN-004-2,RJPN-004,Band 3 (1800MHz),-87.5,-11.3,8.6,45.4,35.0,73.4
2026-10-17 13:00:00,RJPN-004-3,RJPN-004,Band 3 (1800MHz),-82.1,-9.6,8.0,64.2,23.4,91.2
2026-10-17 13:00:00,RJPN-005-1,RJPN-005,Band 1 (2100MHz),-81.6,-11.1,9.2,44.9,32.2,53.0
2026-10-17 13:00:00,RJPN-005-2,RJPN-005,Band 1 (2100MHz),-84.3,-10.3,7.9,42.9,27.1,49.8
2026-10-17 13:00:00,RJPN-005-3,RJPN-005,Band 1 (2100MHz),-81.6,-10.0,6.9,50.3,34.3,87.2
2026-10-17 13:00:00,RJPN-006-1,RJPN-006,Band 3 (1800MHz),-89.2,-9.6,17.2,50.3,28.0,81.1
2026-10-17 13:00:00,RJPN-006-2,RJPN-006,Band 3 (1800MHz),-86.9,-11.3,16.0,47.8,32.7,110.0
2026-10-17 13:00:00,RJPN-006-3,RJPN-006,Band 3 (1800MHz),-93.5,-8.8,15.1,48.8,26.1,34.2
2026-10-17 13:00:00,RJPN-007-1,RJPN-007,Band 1 (2100MHz),-92.1,-8.7,21.0,19.9,4.1,83.4
2026-10-17 13:00:00,RJPN-007-2,RJPN-007,Band 1 (2100MHz),-89.0,-13.6,8.2,57.7,27.9,112.0
2026-10-17 13:00:00,RJPN-007-3,RJPN-007,Band 1 (2100MHz),-86.6,-11.4,16.7,64.7,37.6,100.2
2026-10-17 13:00:00,RJPN-008-1,RJPN-008,Band 3 (1800MHz),-90.1,-15.4,8.7,33.3,35.8,76.3
2026-10-17 13:00:00,RJPN-008-2,RJPN-008,Band 3 (1800MHz),-89.3,-11.3,4.9,44.1,31.7,104.5
2026-10-17 13:00:00,RJPN-008-3,RJPN-008,Band 3 (1800MHz),-89.8,-8.5,12.0,67.1,30.0,55.2
2026-10-17 13:00:00,RJPN-009-1,RJPN-009,Band 1 (2100MHz),-84.3,-12.7,8.9,54.1,35.2,47.5
2026-10-17 13:00:00,RJPN-009-2,RJPN-009,Band 1 (2100MHz),-82.5,-11.3,10.3,51.4,20.6,83.2
2026-10-17 13:00:00,RJPN-009-3,RJPN-009,Band 1 (2100MHz),-82.4,-11.7,16.7,56.2,31.6,90.5
2026-10-17 13:00:00,RJPN-010-1,RJPN-010,Band 3 (1800MHz),-84.7,-10.9,6.5,62.9,36.4,111.5
2026-10-17 13:00:00,RJPN-010-2,RJPN-010,Band 3 (1800MHz),-85.3,-7.4,4.3,40.3,33.6,75.4
2026-10-17 13:00:00,RJPN-010-3,RJPN-010,Band 3 (1800MHz),-83.4,-10.2,8.9,50.7,32.0,13.4
2026-10-17 13:00:00,RJPN-011-1,RJPN-011,Band 1 (2100MHz),-81.6,-9.6,14.1,44.8,31.9,79.7
2026-10-17 13:00:00,RJPN-011-2,RJPN-011,Band 1 (2100MHz),-100.0,-14.6,5.8,59.4,19.0,89.5
2026-10-17 13:00:00,RJPN-011-3,RJPN-011,Band 1 (2100MHz),-102.2,-19.0,4.0,49.8,16.4,33.5
2026-10-17 14:00:00,RJPN-001-1,RJPN-001,Band 1 (2100MHz),-86.1,-5.6,13.4,51.8,20.5,60.9
2026-10-17 14:00:00,RJPN-001-2,RJPN-001,Band 1 (2100MHz),-88.3,-8.6,18.5,44.7,24.5,93.1
2026-10-17 14:00:00,RJPN-001-3,RJPN-001,Band 1 (2100MHz),-84.1,-9.8,5.5,60.6,26.0,89.1
2026-10-17 14:00:00,RJPN-002-1,RJPN-002,Band 3 (1800MHz),-84.8,-9.8,15.7,39.8,46.8,47.7
2026-10-17 14:00:00,RJPN-002-2,RJPN-002,Band 3 (1800MHz),-96.9,-13.1,3.7,36.1,28.6,109.5
2026-10-17 14:00:00,RJPN-002-3,RJPN-002,Band 3 (1800MHz),-78.5,-10.7,14.7,63.5,36.7,106.9
2026-10-17 14:00:00,RJPN-003-1,RJPN-003,Band 1 (2100MHz),-88.5,-9.2,4.7,59.0,19.5,90.4
2026-10-17 14:00:00,RJPN-003-2,RJPN-003,Band 1 (2100MHz),-87.1,-11.3,10.6,49.6,22.9,89.3
2026-10-17 14:00:00,RJPN-003-3,RJPN-003,Band 1 (2100MHz),-82.7,-12.4,15.7,44.4,34.5,62.1
2026-10-17 14:00:00,RJPN-004-1,RJPN-004,Band 3 (1800MHz),-77.1,-10.1,13.9,59.4,22.7,90.9
2026-10-17 14:00:00,RJPN-004-2,RJPN-004,Band 3 (1800MHz),-82.2,-9.2,19.6,61.2,32.8,78.7
2026-10-17 14:00:00,RJPN-004-3,RJPN-004,Band 3 (1800MHz),-84.7,-7.9,8.6,39.4,22.8,74.2
2026-10-17 14:00:00,RJPN-005-1,RJPN-005,Band 1 (2100MHz),-82.1,-8.6,17.9,19.1,29.0,81.8
2026-10-17 14:00:00,RJPN-005-2,RJPN-005,Band 1 (2100MHz),-85.4,-11.3,14.9,68.4,55.7,50.0
2026-10-17 14:00:00,RJPN-005-3,RJPN-005,Band 1 (2100MHz),-87.1,-8.6,5.8,51.3,26.0,76.9
2026-10-17 14:00:00,RJPN-006-1,RJPN-006,Band 3 (1800MHz),-85.0,-15.1,13.0,36.1,26.8,67.9
2026-10-17 14:00:00,RJPN-006-2,RJPN-006,Band 3 (1800MHz),-86.4,-11.1,6.3,37.2,30.4,108.8
2026-10-17 14:00:00,RJPN-006-3,RJPN-006,Band 3 (1800MHz),-79.2,-11.0,13.2,58.4,11.5,71.4
2026-10-17 14:00:00,RJPN-007-1,RJPN-007,Band 1 (2100MHz),-82.7,-7.5,7.9,55.6,21.5,54.5
2026-10-17 14:00:00,RJPN-007-2,RJPN-007,Band 1 (2100MHz),-83.5,-8.2,19.4,45.1,17.7,96.4
2026-10-17 14:00:00,RJPN-007-3,RJPN-007,Band 1 (2100MHz),-84.3,-10.7,20.5,50.1,26.0,85.5
2026-10-17 14:00:00,RJPN-008-1,RJPN-008,Band 3 (1800MHz),-81.5,-13.2,11.2,45.9,34.3,79.2
2026-10-17 14:00:00,RJPN-008-2,RJPN-008,Band 3 (1800MHz),-86.9,-7.5,4.3,41.3,37.4,32.9
2026-10-17 14:00:00,RJPN-008-3,RJPN-008,Band 3 (1800MHz),-80.8,-9.0,11.3,58.6,48.7,149.4
2026-10-17 14:00:00,RJPN-009-1,RJPN-009,Band 1 (2100MHz),-81.6,-11.4,6.9,82.9,24.0,113.9
2026-10-17 14:00:00,RJPN-009-2,RJPN-009,Band 1 (2100MHz),-81.4,-9.0,6.6,41.3,19.4,73.8
2026-10-17 14:00:00,RJPN-009-3,RJPN-009,Band 1 (2100MHz),-84.5,-7.9,12.1,50.4,23.0,92.6
2026-10-17 14:00:00,RJPN-010-1,RJPN-010,Band 3 (1800MHz),-95.8,-11.4,5.9,39.7,21.3,81.8
2026-10-17 14:00:00,RJPN-010-2,RJPN-010,Band 3 (1800MHz),-84.0,-12.3,8.7,55.7,38.0,59.4
2026-10-17 14:00:00,RJPN-010-3,RJPN-010,Band 3 (1800MHz),-85.0,-10.2,10.7,47.0,10.3,61.2
2026-10-17 14:00:00,RJPN-011-1,RJPN-011,Band 1 (2100MHz),-87.2,-12.7,17.9,53.3,25.5,72.4
2026-10-17 14:00:00,RJPN-011-2,RJPN-011,Band 1 (2100MHz),-99.2,-16.7,5.9,61.6,22.5,82.0
2026-10-17 14:00:00,RJPN-011-3,RJPN-011,Band 1 (2100MHz),-102.6,-12.5,9.7,53.6,37.3,100.8
2026-10-17 15:00:00,RJPN-001-1,RJPN-001,Band 1 (2100MHz),-87.8,-9.4,11.2,18.1,7.9,38.7
2026-10-17 15:00:00,RJPN-001-2,RJPN-001,Band 1 (2100MHz),-77.6,-6.0,9.9,15.6,5.8,16.6
2026-10-17 15:00:00,RJPN-001-3,RJPN-001,Band 1 (2100MHz),-85.2,-5.5,6.3,29.4,5.9,21.4
2026-10-17 15:00:00,RJPN-002-1,RJPN-002,Band 3 (1800MHz),-85.2,-9.8,12.2,6.7,0.0,26.1
2026-10-17 15:00:00,RJPN-002-2,RJPN-002,Band 3 (1800MHz),-100.9,-12.2,5.1,4.1,16.2,31.8
2026-10-17 15:00:00,RJPN-002-3,RJPN-002,Band 3 (1800MHz),-87.7,-7.7,5.9,37.7,20.7,48.4
2026-10-17 15:00:00,RJPN-003-1,RJPN-003,Band 1 (2100MHz),-86.6,-6.7,16.0,9.7,11.7,51.8
2026-10-17 15:00:00,RJPN-003-2,RJPN-003,Band 1 (2100MHz),-81.0,-7.4,19.6,20.9,6.8,38.1
2026-10-17 15:00:00,RJPN-003-3,RJPN-003,Band 1 (2100MHz),-91.1,-8.7,13.6,3.7,1.0,19.6
2026-10-17 15:00:00,RJPN-004-1,RJPN-004,Band 3 (1800MHz),-83.9,-9.7,14.7,32.7,17.3,57.6
2026-10-17 15:00:00,RJPN-004-2,RJPN-004,Band 3 (1800MHz),-93.6,-11.0,16.1,20.7,3.3,62.9
2026-10-17 15:00:00,RJPN-004-3,RJPN-004,Band 3 (1800MHz),-81.2,-7.1,24.0,15.7,6.2,42.4
2026-10-17 15:00:00,RJPN-005-1,RJPN-005,Band 1 (2100MHz),-84.9,-5.9,8.2,1.3,0.0,25.0
2026-10-17 15:00:00,RJPN-005-2,RJPN-005,Band 1 (2100MHz),-86.2,-8.4,11.1,13.6,8.0,3.2
2026-10-17 15:00:00,RJPN-005-3,RJPN-005,Band 1 (2100MHz),-80.7,-7.4,7.9,16.0,2.5,51.4
2026-10-17 15:00:00,RJPN-006-1,RJPN-006,Band 3 (1800MHz),-87.2,-9.1,24.7,7.1,0.0,34.1
2026-10-17 15:00:00,RJPN-006-2,RJPN-006,Band 3 (1800MHz),-76.0,-8.3,15.8,32.1,11.6,0.0
2026-10-17 15:00:00,RJPN-006-3,RJPN-006,Band 3 (1800MHz),-82.7,-6.5,6.3,29.7,3.6,38.0
2026-10-17 15:00:00,RJPN-007-1,RJPN-007,Band 1 (2100MHz),-82.5,-8.5,13.8,5.7,7.3,29.2
2026-10-17 15:00:00,RJPN-007-2,RJPN-007,Band 1 (2100MHz),-87.0,-6.5,12.9,2.2,11.0,14.9
2026-10-17 15:00:00,RJPN-007-3,RJPN-007,Band 1 (2100MHz),-91.9,-8.3,19.1,6.2,19.9,11.1
2026-10-17 15:00:00,RJPN-008-1,RJPN-008,Band 3 (1800MHz),-89.1,-2.7,21.1,14.3,16.3,36.8
2026-10-17 15:00:00,RJPN-008-2,RJPN-008,Band 3 (1800MHz),-85.9,-9.6,6.9,0.5,17.6,0.0
2026-10-17 15:00:00,RJPN-008-3,RJPN-008,Band 3 (1800MHz),-89.8,-6.4,12.6,4.6,13.4,39.9
2026-10-17 15:00:00,RJPN-009-1,RJPN-009,Band 1 (2100MHz),-82.8,-9.1,22.1,0.0,24.0,8.9
2026-10-17 15:00:00,RJPN-009-2,RJPN-009,Band 1 (2100MHz),-82.4,-8.5,17.9,11.7,5.2,50.5
2026-10-17 15:00:00,RJPN-009-3,RJPN-009,Band 1 (2100MHz),-86.3,-11.2,15.5,30.3,12.5,41.4
2026-10-17 15:00:00,RJPN-010-1,RJPN-010,Band 3 (1800MHz),-89.7,-8.8,10.5,7.2,0.0,13.2
2026-10-17 15:00:00,RJPN-010-2,RJPN-010,Band 3 (1800MHz),-88.7,-7.3,12.7,8.0,3.7,43.7
2026-10-17 15:00:00,RJPN-010-3,RJPN-010,Band 3 (1800MHz),-87.7,-10.1,11.9,21.9,18.0,36.7
2026-10-17 15:00:00,RJPN-011-1,RJPN-011,Band 1 (2100MHz),-90.1,-7.6,10.3,0.0,12.0,8.5
2026-10-17 15:00:00,RJPN-011-2,RJPN-011,Band 1 (2100MHz),-92.9,-7.7,3.0,14.1,9.6,5.9
2026-10-17 15:00:00,RJPN-011-3,RJPN-011,Band 1 (2100MHz),-93.7,-11.1,7.3,40.8,7.0,26.8
2026-10-17 16:00:00,RJPN-001-1,RJPN-001,Band 1 (2100MHz),-85.4,-12.4,9.9,60.1,24.2,139.8
2026-10-17 16:00:00,RJPN-001-2,RJPN-001,Band 1 (2100MHz),-86.6,-10.9,7.6,41.8,41.1,92.3
2026-10-17 16:00:00,RJPN-001-3,RJPN-001,Band 1 (2100MHz),-85.9,-8.9,13.4,97.3,55.2,148.2
2026-10-17 16:00:00,RJPN-002-1,RJPN-002,Band 3 (1800MHz),-83.4,-9.4,6.9,78.6,30.5,105.5
2026-10-17 16:00:00,RJPN-002-2,RJPN-002,Band 3 (1800MHz),-99.0,-15.6,9.6,77.7,47.6,87.3
2026-10-17 16:00:00,RJPN-002-3,RJPN-002,Band 3 (1800MHz),-88.9,-11.7,9.5,69.8,34.0,95.3
2026-10-17 16:00:00,RJPN-003-1,RJPN-003,Band 1 (2100MHz),-82.5,-12.1,17.4,65.8,54.6,107.9
2026-10-17 16:00:00,RJPN-003-2,RJPN-003,Band 1 (2100MHz),-87.9,-12.7,14.2,58.1,44.4,112.1
2026-10-17 16:00:00,RJPN-003-3,RJPN-003,Band 1 (2100MHz),-87.0,-13.2,10.0,90.2,42.9,113.5
2026-10-17 16:00:00,RJPN-004-1,RJPN-004,Band 3 (1800MHz),-83.3,-14.3,12.2,74.1,36.3,128.0
2026-10-17 16:00:00,RJPN-004-2,RJPN-004,Band 3 (1800MHz),-96.8,-8.7,19.2,38.4,21.8,99.9
2026-10-17 16:00:00,RJPN-004-3,RJPN-004,Band 3 (1800MHz),-91.4,-14.0,13.4,63.8,33.0,103.8
2026-10-17 16:00:00,RJPN-005-1,RJPN-005,Band 1 (2100MHz),-81.4,-9.3,15.7,61.8,30.8,125.8
2026-10-17 16:00:00,RJPN-005-2,RJPN-005,Band 1 (2100MHz),-85.3,-9.6,11.2,64.6,36.1,83.9
2026-10-17 16:00:00,RJPN-005-3,RJPN-005,Band 1 (2100MHz),-78.5,-9.6,11.7,55.1,32.5,87.0
2026-10-17 16:00:00,RJPN-006-1,RJPN-006,Band 3 (1800MHz),-90.2,-10.3,9.2,94.0,36.8,141.7
2026-10-17 16:00:00,RJPN-006-2,RJPN-006,Band 3 (1800MHz),-87.0,-9.1,24.6,56.0,40.6,83.7
2026-10-17 16:00:00,RJPN-006-3,RJPN-006,Band 3 (1800MHz),-82.3,-10.2,7.4,61.8,43.7,128.6
2026-10-17 16:00:00,RJPN-007-1,RJPN-007,Band 1 (2100MHz),-88.0,-10.2,10.4,40.3,43.7,145.1
2026-10-17 16:00:00,RJPN-007-2,RJPN-007,Band 1 (2100MHz),-89.9,-9.8,16.5,78.1,43.7,62.5
2026-10-17 16:00:00,RJPN-007-3,RJPN-007,Band 1 (2100MHz),-81.6,-10.0,8.4,68.5,23.3,116.9
2026-10-17 16:00:00,RJPN-008-1,RJPN-008,Band 3 (1800MHz),-89.7,-9.6,13.3,68.4,36.9,110.0
2026-10-17 16:00:00,RJPN-008-2,RJPN-008,Band 3 (1800MHz),-78.4,-11.2,4.1,80.0,33.9,100.5
2026-10-17 16:00:00,RJPN-008-3,RJPN-008,Band 3 (1800MHz),-74.8,-10.8,8.1,65.4,35.3,119.5
2026-10-17 16:00:00,RJPN-009-1,RJPN-009,Band 1 (2100MHz),-82.5,-11.9,18.1,61.4,38.0,99.6
2026-10-17 16:00:00,RJPN-009-2,RJPN-009,Band 1 (2100MHz),-80.1,-11.9,6.8,63.3,33.7,95.7
2026-10-17 16:00:00,RJPN-009-3,RJPN-009,Band 1 (2100MHz),-87.2,-12.5,20.5,68.1,18.6,109.2
2026-10-17 16:00:00,RJPN-010-1,RJPN-010,Band 3 (1800MHz),-82.5,-9.2,13.0,71.3,45.5,127.4
2026-10-17 16:00:00,RJPN-010-2,RJPN-010,Band 3 (1800MHz),-85.5,-13.3,24.9,85.6,42.5,128.7
2026-10-17 16:00:00,RJPN-010-3,RJPN-010,Band 3 (1800MHz),-83.8,-12.7,4.2,63.2,42.2,117.4
2026-10-17 16:00:00,RJPN-011-1,RJPN-011,Band 1 (2100MHz),-86.4,-13.4,14.1,59.7,69.1,105.9
2026-10-17 16:00:00,RJPN-011-2,RJPN-011,Band 1 (2100MHz),-94.3,-15.6,8.5,40.9,45.1,94.6
2026-10-17 16:00:00,RJPN-011-3,RJPN-011,Band 1 (2100MHz),-95.6,-15.9,5.2,47.9,49.2,71.6
2026-10-17 17:00:00,RJPN-001-1,RJPN-001,Band 1 (2100MHz),-86.8,-11.8,9.9,74.6,38.2,133.9
2026-10-17 17:00:00,RJPN-001-2,RJPN-001,Band 1 (2100MHz),-90.8,-12.9,6.6,60.7,55.7,121.3
2026-10-17 17:00:00,RJPN-001-3,RJPN-001,Band 1 (2100MHz),-91.2,-13.8,14.8,75.1,53.5,134.2
2026-10-17 17:00:00,RJPN-002-1,RJPN-002,Band 3 (1800MHz),-80.6,-12.7,15.6,92.2,54.6,97.9
2026-10-17 17:00:00,RJPN-002-2,RJPN-002,Band 3 (1800MHz),-100.0,-20.8,6.9,82.2,33.7,74.7
2026-10-17 17:00:00,RJPN-002-3,RJPN-002,Band 3 (1800MHz),-88.8,-11.2,14.1,65.0,53.2,121.5
2026-10-17 17:00:00,RJPN-003-1,RJPN-003,Band 1 (2100MHz),-83.9,-12.5,18.0,90.8,43.9,84.4
2026-10-17 17:00:00,RJPN-003-2,RJPN-003,Band 1 (2100MHz),-79.1,-14.4,21.0,89.5,58.0,163.5
2026-10-17 17:00:00,RJPN-003-3,RJPN-003,Band 1 (2100MHz),-82.9,-14.7,7.2,74.9,32.7,92.5
2026-10-17 17:00:00,RJPN-004-1,RJPN-004,Band 3 (1800MHz),-86.4,-12.4,13.7,78.4,56.1,122.0
2026-10-17 17:00:00,RJPN-004-2,RJPN-004,Band 3 (1800MHz),-84.2,-12.7,14.8,58.4,40.5,140.4
2026-10-17 17:00:00,RJPN-004-3,RJPN-004,Band 3 (1800MHz),-78.8,-12.9,9.8,69.0,44.8,107.7
2026-10-17 17:00:00,RJPN-005-1,RJPN-005,Band 1 (2100MHz),-91.8,-12.9,14.8,88.3,33.6,157.5
2026-10-17 17:00:00,RJPN-005-2,RJPN-005,Band 1 (2100MHz),-78.9,-8.7,17.6,88.4,40.7,161.3
2026-10-17 17:00:00,RJPN-005-3,RJPN-005,Band 1 (2100MHz),-88.4,-13.5,11.9,65.4,47.5,128.2
2026-10-17 17:00:00,RJPN-006-1,RJPN-006,Band 3 (1800MHz),-88.4,-13.1,11.8,80.9,66.5,133.3
2026-10-17 17:00:00,RJPN-006-2,RJPN-006,Band 3 (1800MHz),-85.4,-12.5,12.5,95.3,25.8,141.4
2026-10-17 17:00:00,RJPN-006-3,RJPN-006,Band 3 (1800MHz),-86.8,-13.8,31.4,64.5,45.3,89.5
2026-10-17 17:00:00,RJPN-007-1,RJPN-007,Band 1 (2100MHz),-76.9,-7.9,13.0,83.1,52.5,145.0
2026-10-17 17:00:00,RJPN-007-2,RJPN-007,Band 1 (2100MHz),-83.2,-5.8,11.4,77.5,40.0,128.9
2026-10-17 17:00:00,RJPN-007-3,RJPN-007,Band 1 (2100MHz),-80.7,-12.3,9.5,74.3,42.4,125.0
2026-10-17 17:00:00,RJPN-008-1,RJPN-008,Band 3 (1800MHz),-89.7,-10.5,4.4,67.7,41.7,104.6
2026-10-17 17:00:00,RJPN-008-2,RJPN-008,Band 3 (1800MHz),-89.0,-13.7,0.8,63.4,48.3,135.6
2026-10-17 17:00:00,RJPN-008-3,RJPN-008,Band 3 (1800MHz),-91.5,-8.8,6.1,47.0,37.5,98.2
2026-10-17 17:00:00,RJPN-009-1,RJPN-009,Band 1 (2100MHz),-81.1,-10.4,12.1,73.7,47.4,127.8
2026-10-17 17:00:00,RJPN-009-2,RJPN-009,Band 1 (2100MHz),-86.6,-11.9,7.1,69.7,48.5,143.6
2026-10-17 17:00:00,RJPN-009-3,RJPN-009,Band 1 (2100MHz),-86.0,-14.7,21.4,93.1,54.3,108.5
2026-10-17 17:00:00,RJPN-010-1,RJPN-010,Band 3 (1800MHz),-87.7,-13.0,13.5,86.3,48.0,123.3
2026-10-17 17:00:00,RJPN-010-2,RJPN-010,Band 3 (1800MHz),-80.4,-12.4,15.8,54.6,44.5,112.4
2026-10-17 17:00:00,RJPN-010-3,RJPN-010,Band 3 (1800MHz),-91.5,-8.3,11.8,58.8,51.0,143.5
2026-10-17 17:00:00,RJPN-011-1,RJPN-011,Band 1 (2100MHz),-85.7,-11.8,14.9,86.9,43.1,168.0
2026-10-17 17:00:00,RJPN-011-2,RJPN-011,Band 1 (2100MHz),-93.5,-16.9,2.1,67.1,39.4,93.8
2026-10-17 17:00:00,RJPN-011-3,RJPN-011,Band 1 (2100MHz),-99.0,-17.0,1.1,71.3,41.6,102.2
2026-10-17 18:00:00,RJPN-001-1,RJPN-001,Band 1 (2100MHz),-89.9,-10.8,19.0,68.0,35.7,156.1
2026-10-17 18:00:00,RJPN-001-2,RJPN-001,Band 1 (2100MHz),-91.0,-9.9,19.1,82.0,49.8,128.1
2026-10-17 18:00:00,RJPN-001-3,RJPN-001,Band 1 (2100MHz),-88.7,-12.7,14.0,87.5,37.2,134.5
2026-10-17 18:00:00,RJPN-002-1,RJPN-002,Band 3 (1800MHz),-88.5,-12.2,17.1,100.0,47.6,121.5
2026-10-17 18:00:00,RJPN-002-2,RJPN-002,Band 3 (1800MHz),-100.0,-16.8,13.6,77.1,36.1,172.8
2026-10-17 18:00:00,RJPN-002-3,RJPN-002,Band 3 (1800MHz),-81.3,-9.8,7.8,97.5,27.2,167.6
2026-10-17 18:00:00,RJPN-003-1,RJPN-003,Band 1 (2100MHz),-79.3,-12.3,5.7,67.5,41.8,119.6
2026-10-17 18:00:00,RJPN-003-2,RJPN-003,Band 1 (2100MHz),-78.4,-13.7,8.4,81.9,45.1,109.1
2026-10-17 18:00:00,RJPN-003-3,RJPN-003,Band 1 (2100MHz),-92.5,-10.9,10.1,89.9,37.8,135.1
2026-10-17 18:00:00,RJPN-004-1,RJPN-004,Band 3 (1800MHz),-85.1,-11.7,16.4,71.3,34.7,96.9
2026-10-17 18:00:00,RJPN-004-2,RJPN-004,Band 3 (1800MHz),-87.9,-10.2,13.1,91.2,53.6,128.7
2026-10-17 18:00:00,RJPN-004-3,RJPN-004,Band 3 (1800MHz),-92.5,-12.8,3.3,72.5,35.2,94.3
2026-10-17 18:00:00,RJPN-005-1,RJPN-005,Band 1 (2100MHz),-89.0,-12.5,14.7,99.1,38.4,161.9
2026-10-17 18:00:00,RJPN-005-2,RJPN-005,Band 1 (2100MHz),-80.6,-9.6,10.1,73.3,33.2,162.7
2026-10-17 18:00:00,RJPN-005-3,RJPN-005,Band 1 (2100MHz),-87.8,-8.9,8.9,78.0,47.0,127.9
2026-10-17 18:00:00,RJPN-006-1,RJPN-006,Band 3 (1800MHz),-88.4,-13.3,18.0,51.8,64.8,112.6
2026-10-17 18:00:00,RJPN-006-2,RJPN-006,Band 3 (1800MHz),-87.1,-10.1,11.7,69.8,45.7,145.8
2026-10-17 18:00:00,RJPN-006-3,RJPN-006,Band 3 (1800MHz),-92.3,-7.8,8.8,93.5,40.3,132.9
2026-10-17 18:00:00,RJPN-007-1,RJPN-007,Band 1 (2100MHz),-88.4,-11.3,8.5,57.4,42.3,128.9
2026-10-17 18:00:00,RJPN-007-2,RJPN-007,Band 1 (2100MHz),-77.6,-15.2,5.3,81.1,38.7,145.2
2026-10-17 18:00:00,RJPN-007-3,RJPN-007,Band 1 (2100MHz),-92.0,-9.6,10.0,96.4,45.0,150.4
2026-10-17 18:00:00,RJPN-008-1,RJPN-008,Band 3 (1800MHz),-88.7,-14.2,13.3,92.3,49.7,133.8
2026-10-17 18:00:00,RJPN-008-2,RJPN-008,Band 3 (1800MHz),-91.2,-17.1,10.9,88.0,48.1,151.0
2026-10-17 18:00:00,RJPN-008-3,RJPN-008,Band 3 (1800MHz),-81.6,-10.6,11.1,87.6,39.0,138.8
2026-10-17 18:00:00,RJPN-009-1,RJPN-009,Band 1 (2100MHz),-83.7,-11.4,9.0,87.8,34.8,144.2
2026-10-17 18:00:00,RJPN-009-2,RJPN-009,Band 1 (2100MHz),-84.2,-12.9,26.3,66.3,53.9,160.3
2026-10-17 18:00:00,RJPN-009-3,RJPN-009,Band 1 (2100MHz),-86.9,-13.1,13.8,71.4,54.0,153.6
2026-10-17 18:00:00,RJPN-010-1,RJPN-010,Band 3 (1800MHz),-85.3,-8.3,7.8,58.0,29.5,130.2
2026-10-17 18:00:00,RJPN-010-2,RJPN-010,Band 3 (1800MHz),-84.4,-10.6,15.9,63.1,48.4,126.3
2026-10-17 18:00:00,RJPN-010-3,RJPN-010,Band 3 (1800MHz),-86.2,-9.2,12.3,100.0,45.6,132.2
2026-10-17 18:00:00,RJPN-011-1,RJPN-011,Band 1 (2100MHz),-81.2,-13.5,13.4,72.6,44.3,137.3
2026-10-17 18:00:00,RJPN-011-2,RJPN-011,Band 1 (2100MHz),-96.8,-18.8,0.2,76.3,59.5,131.8
2026-10-17 18:00:00,RJPN-011-3,RJPN-011,Band 1 (2100MHz),-98.4,-15.6,8.9,77.4,26.9,135.2
2026-10-17 19:00:00,RJPN-001-1,RJPN-001,Band 1 (2100MHz),-85.3,-10.7,18.7,79.4,42.4,82.5
2026-10-17 19:00:00,RJPN-001-2,RJPN-001,Band 1 (2100MHz),-84.9,-9.3,15.0,64.8,28.6,99.4
2026-10-17 19:00:00,RJPN-001-3,RJPN-001,Band 1 (2100MHz),-76.7,-11.8,4.9,69.5,39.8,73.3
2026-10-17 19:00:00,RJPN-002-1,RJPN-002,Band 3 (1800MHz),-83.7,-12.5,14.0,66.0,40.9,132.9
2026-10-17 19:00:00,RJPN-002-2,RJPN-002,Band 3 (1800MHz),-94.5,-12.7,0.2,66.7,40.7,134.1
2026-10-17 19:00:00,RJPN-002-3,RJPN-002,Band 3 (1800MHz),-87.6,-10.4,21.6,68.0,41.0,156.4
2026-10-17 19:00:00,RJPN-003-1,RJPN-003,Band 1 (2100MHz),-84.4,-15.4,15.0,74.0,38.8,126.0
2026-10-17 19:00:00,RJPN-003-2,RJPN-003,Band 1 (2100MHz),-83.5,-13.4,14.7,76.1,55.9,112.9
2026-10-17 19:00:00,RJPN-003-3,RJPN-003,Band 1 (2100MHz),-87.4,-9.6,10.6,69.0,48.4,151.9
2026-10-17 19:00:00,RJPN-004-1,RJPN-004,Band 3 (1800MHz),-91.9,-10.4,13.0,74.8,35.8,118.9
2026-10-17 19:00:00,RJPN-004-2,RJPN-004,Band 3 (1800MHz),-80.5,-14.9,9.2,92.4,44.1,100.9
2026-10-17 19:00:00,RJPN-004-3,RJPN-004,Band 3 (1800MHz),-85.8,-10.3,8.2,97.3,48.5,164.2
2026-10-17 19:00:00,RJPN-005-1,RJPN-005,Band 1 (2100MHz),-84.0,-12.2,16.5,60.6,47.0,127.2
2026-10-17 19:00:00,RJPN-005-2,RJPN-005,Band 1 (2100MHz),-92.3,-9.4,14.3,94.0,57.2,127.3
2026-10-17 19:00:00,RJPN-005-3,RJPN-005,Band 1 (2100MHz),-87.3,-10.7,9.3,84.8,34.8,118.0
2026-10-17 19:00:00,RJPN-006-1,RJPN-006,Band 3 (1800MHz),-93.7,-14.1,10.7,49.8,44.5,118.8
2026-10-17 19:00:00,RJPN-006-2,RJPN-006,Band 3 (1800MHz),-85.8,-8.9,19.0,52.8,54.6,112.4
2026-10-17 19:00:00,RJPN-006-3,RJPN-006,Band 3 (1800MHz),-90.8,-8.7,12.6,70.5,39.5,116.3
2026-10-17 19:00:00,RJPN-007-1,RJPN-007,Band 1 (2100MHz),-87.2,-12.4,16.3,70.6,38.8,129.6
2026-10-17 19:00:00,RJPN-007-2,RJPN-007,Band 1 (2100MHz),-83.3,-8.7,12.8,55.5,67.8,131.3
2026-10-17 19:00:00,RJPN-007-3,RJPN-007,Band 1 (2100MHz),-83.2,-7.8,5.8,97.8,36.2,103.4
2026-10-17 19:00:00,RJPN-008-1,RJPN-008,Band 3 (1800MHz),-85.6,-10.6,15.5,75.7,43.7,113.3
2026-10-17 19:00:00,RJPN-008-2,RJPN-008,Band 3 (1800MHz),-85.3,-12.2,19.4,83.2,48.6,134.3
2026-10-17 19:00:00,RJPN-008-3,RJPN-008,Band 3 (1800MHz),-88.6,-10.2,12.7,63.7,53.2,99.0
2026-10-17 19:00:00,RJPN-009-1,RJPN-009,Band 1 (2100MHz),-84.9,-11.9,3.5,72.9,47.0,101.0
2026-10-17 19:00:00,RJPN-009-2,RJPN-009,Band 1 (2100MHz),-85.8,-11.0,5.5,88.2,22.4,120.0
2026-10-17 19:00:00,RJPN-009-3,RJPN-009,Band 1 (2100MHz),-75.1,-9.5,11.6,73.2,52.8,99.3
2026-10-17 19:00:00,RJPN-010-1,RJPN-010,Band 3 (1800MHz),-90.2,-10.8,14.4,57.9,39.8,116.9
2026-10-17 19:00:00,RJPN-010-2,RJPN-010,Band 3 (1800MHz),-87.2,-10.6,10.2,55.3,31.8,137.9
2026-10-17 19:00:00,RJPN-010-3,RJPN-010,Band 3 (1800MHz),-80.8,-12.1,5.8,67.2,30.3,110.1
2026-10-17 19:00:00,RJPN-011-1,RJPN-011,Band 1 (2100MHz),-78.4,-10.1,6.1,70.6,34.2,123.2
2026-10-17 19:00:00,RJPN-011-2,RJPN-011,Band 1 (2100MHz),-92.7,-16.8,2.6,60.1,49.1,145.3
2026-10-17 19:00:00,RJPN-011-3,RJPN-011,Band 1 (2100MHz),-100.9,-18.3,4.3,74.1,45.7,105.6
2026-10-17 20:00:00,RJPN-001-1,RJPN-001,Band 1 (2100MHz),-86.2,-14.2,9.1,73.0,23.3,97.3
2026-10-17 20:00:00,RJPN-001-2,RJPN-001,Band 1 (2100MHz),-82.1,-12.1,6.9,67.5,41.0,108.1
2026-10-17 20:00:00,RJPN-001-3,RJPN-001,Band 1 (2100MHz),-84.0,-8.2,16.5,67.7,41.4,72.7
2026-10-17 20:00:00,RJPN-002-1,RJPN-002,Band 3 (1800MHz),-84.7,-15.5,6.0,81.8,45.3,125.0
2026-10-17 20:00:00,RJPN-002-2,RJPN-002,Band 3 (1800MHz),-96.3,-10.0,5.4,62.1,20.2,103.8
2026-10-17 20:00:00,RJPN-002-3,RJPN-002,Band 3 (1800MHz),-80.6,-13.3,1.4,70.8,32.9,93.4
2026-10-17 20:00:00,RJPN-003-1,RJPN-003,Band 1 (2100MHz),-87.2,-7.0,11.3,54.2,49.6,101.4
2026-10-17 20:00:00,RJPN-003-2,RJPN-003,Band 1 (2100MHz),-85.5,-9.2,9.3,66.7,34.2,126.1
2026-10-17 20:00:00,RJPN-003-3,RJPN-003,Band 1 (2100MHz),-91.2,-14.8,15.7,70.0,26.3,105.5
2026-10-17 20:00:00,RJPN-004-1,RJPN-004,Band 3 (1800MHz),-83.4,-13.0,20.5,78.0,31.4,145.5
2026-10-17 20:00:00,RJPN-004-2,RJPN-004,Band 3 (1800MHz),-81.7,-12.1,19.6,100.0,44.2,102.1
2026-10-17 20:00:00,RJPN-004-3,RJPN-004,Band 3 (1800MHz),-81.8,-9.3,20.4,44.0,32.6,117.6
2026-10-17 20:00:00,RJPN-005-1,RJPN-005,Band 1 (2100MHz),-90.1,-14.5,14.8,45.0,50.3,139.1
2026-10-17 20:00:00,RJPN-005-2,RJPN-005,Band 1 (2100MHz),-84.3,-10.1,11.2,67.2,30.0,139.7
2026-10-17 20:00:00,RJPN-005-3,RJPN-005,Band 1 (2100MHz),-82.2,-12.9,14.5,70.4,61.1,97.2
2026-10-17 20:00:00,RJPN-006-1,RJPN-006,Band 3 (1800MHz),-83.8,-9.2,17.7,35.8,37.6,109.8
2026-10-17 20:00:00,RJPN-006-2,RJPN-006,Band 3 (1800MHz),-83.1,-9.9,12.5,74.7,45.9,108.0
2026-10-17 20:00:00,RJPN-006-3,RJPN-006,Band 3 (1800MHz),-88.0,-11.7,14.2,72.2,23.6,120.5
2026-10-17 20:00:00,RJPN-007-1,RJPN-007,Band 1 (2100MHz),-82.5,-10.2,9.7,74.7,48.6,93.7
2026-10-17 20:00:00,RJPN-007-2,RJPN-007,Band 1 (2100MHz),-76.4,-12.0,12.1,61.1,36.0,90.7
2026-10-17 20:00:00,RJPN-007-3,RJPN-007,Band 1 (2100MHz),-91.2,-9.3,10.2,74.8,40.1,107.7
2026-10-17 20:00:00,RJPN-008-1,RJPN-008,Band 3 (1800MHz),-82.8,-9.0,11.2,93.2,33.9,54.2
2026-10-17 20:00:00,RJPN-008-2,RJPN-008,Band 3 (1800MHz),-82.4,-11.0,24.5,69.3,38.2,114.9
2026-10-17 20:00:00,RJPN-008-3,RJPN-008,Band 3 (1800MHz),-89.2,-14.5,6.0,75.2,35.3,93.3
2026-10-17 20:00:00,RJPN-009-1,RJPN-009,Band 1 (2100MHz),-85.4,-8.8,14.7,68.0,37.1,107.9
2026-10-17 20:00:00,RJPN-009-2,RJPN-009,Band 1 (2100MHz),-91.2,-13.8,12.7,81.9,45.0,106.9
2026-10-17 20:00:00,RJPN-009-3,RJPN-009,Band 1 (2100MHz),-86.2,-10.3,17.3,70.3,31.6,113.5
2026-10-17 20:00:00,RJPN-010-1,RJPN-010,Band 3 (1800MHz),-81.5,-9.9,11.8,30.9,46.5,116.8
2026-10-17 20:00:00,RJPN-010-2,RJPN-010,Band 3 (1800MHz),-84.3,-9.0,16.4,55.7,26.7,106.7
2026-10-17 20:00:00,RJPN-010-3,RJPN-010,Band 3 (1800MHz),-84.4,-11.5,1.7,53.4,28.1,114.3
2026-10-17 20:00:00,RJPN-011-1,RJPN-011,Band 1 (2100MHz),-79.0,-10.6,20.7,57.7,35.3,96.5
2026-10-17 20:00:00,RJPN-011-2,RJPN-011,Band 1 (2100MHz),-95.8,-17.8,16.7,55.0,42.7,139.3
2026-10-17 20:00:00,RJPN-011-3,RJPN-011,Band 1 (2100MHz),-98.2,-17.8,6.7,66.2,35.6,139.4
2026-10-17 21:00:00,RJPN-001-1,RJPN-001,Band 1 (2100MHz),-85.9,-9.7,13.1,17.7,6.2,33.0
2026-10-17 21:00:00,RJPN-001-2,RJPN-001,Band 1 (2100MHz),-80.8,-7.0,2.1,26.0,9.8,34.0
2026-10-17 21:00:00,RJPN-001-3,RJPN-001,Band 1 (2100MHz),-90.0,-8.0,2.5,19.8,8.7,24.6
2026-10-17 21:00:00,RJPN-002-1,RJPN-002,Band 3 (1800MHz),-86.2,-5.0,1.9,11.1,4.4,36.2
2026-10-17 21:00:00,RJPN-002-2,RJPN-002,Band 3 (1800MHz),-93.4,-12.3,4.1,26.9,2.0,55.2
2026-10-17 21:00:00,RJPN-002-3,RJPN-002,Band 3 (1800MHz),-76.5,-10.7,12.6,22.3,17.3,26.0
2026-10-17 21:00:00,RJPN-003-1,RJPN-003,Band 1 (2100MHz),-79.8,-9.2,5.2,28.8,0.0,32.3
2026-10-17 21:00:00,RJPN-003-2,RJPN-003,Band 1 (2100MHz),-78.1,-6.4,8.4,35.5,11.2,14.4
2026-10-17 21:00:00,RJPN-003-3,RJPN-003,Band 1 (2100MHz),-82.6,-7.7,16.5,20.0,0.2,24.6
2026-10-17 21:00:00,RJPN-004-1,RJPN-004,Band 3 (1800MHz),-93.1,-11.6,13.7,13.4,20.2,27.1
2026-10-17 21:00:00,RJPN-004-2,RJPN-004,Band 3 (1800MHz),-85.0,-5.4,15.3,13.7,14.2,19.1
2026-10-17 21:00:00,RJPN-004-3,RJPN-004,Band 3 (1800MHz),-81.0,-10.5,13.9,0.0,17.4,35.0
2026-10-17 21:00:00,RJPN-005-1,RJPN-005,Band 1 (2100MHz),-86.1,-13.2,10.2,35.1,9.9,0.0
2026-10-17 21:00:00,RJPN-005-2,RJPN-005,Band 1 (2100MHz),-81.1,-6.3,15.1,20.5,0.0,0.0
2026-10-17 21:00:00,RJPN-005-3,RJPN-005,Band 1 (2100MHz),-83.7,-8.5,16.3,22.1,13.2,17.3
2026-10-17 21:00:00,RJPN-006-1,RJPN-006,Band 3 (1800MHz),-82.9,-5.8,16.5,13.6,3.0,30.4
2026-10-17 21:00:00,RJPN-006-2,RJPN-006,Band 3 (1800MHz),-81.4,-7.9,1.1,35.0,21.0,0.0
2026-10-17 21:00:00,RJPN-006-3,RJPN-006,Band 3 (1800MHz),-89.1,-6.5,15.1,22.4,19.8,0.0
2026-10-17 21:00:00,RJPN-007-1,RJPN-007,Band 1 (2100MHz),-83.8,-8.3,11.1,21.0,17.6,21.1
2026-10-17 21:00:00,RJPN-007-2,RJPN-007,Band 1 (2100MHz),-83.9,-7.9,8.3,0.0,4.0,28.7
2026-10-17 21:00:00,RJPN-007-3,RJPN-007,Band 1 (2100MHz),-84.9,-11.9,6.4,26.5,15.3,8.2
2026-10-17 21:00:00,RJPN-008-1,RJPN-008,Band 3 (1800MHz),-84.8,-5.7,9.3,11.6,10.1,49.2
2026-10-17 21:00:00,RJPN-008-2,RJPN-008,Band 3 (1800MHz),-83.0,-11.5,9.1,15.9,6.9,56.4
2026-10-17 21:00:00,RJPN-008-3,RJPN-008,Band 3 (1800MHz),-88.6,-6.9,12.2,13.1,10.6,0.0
2026-10-17 21:00:00,RJPN-009-1,RJPN-009,Band 1 (2100MHz),-84.3,-9.0,23.8,25.7,0.0,57.1
2026-10-17 21:00:00,RJPN-009-2,RJPN-009,Band 1 (2100MHz),-81.3,-3.3,3.8,0.0,4.6,31.0
2026-10-17 21:00:00,RJPN-009-3,RJPN-009,Band 1 (2100MHz),-86.6,-2.8,20.8,0.0,20.1,38.1
2026-10-17 21:00:00,RJPN-010-1,RJPN-010,Band 3 (1800MHz),-88.1,-6.4,2.4,26.4,2.2,62.4
2026-10-17 21:00:00,RJPN-010-2,RJPN-010,Band 3 (1800MHz),-81.6,-8.7,13.7,18.7,0.0,0.0
2026-10-17 21:00:00,RJPN-010-3,RJPN-010,Band 3 (1800MHz),-80.7,-5.4,14.4,27.1,0.5,32.9
2026-10-17 21:00:00,RJPN-011-1,RJPN-011,Band 1 (2100MHz),-85.5,-9.6,8.6,3.5,17.8,13.2
2026-10-17 21:00:00,RJPN-011-2,RJPN-011,Band 1 (2100MHz),-90.6,-11.8,3.7,21.5,23.0,3.2
2026-10-17 21:00:00,RJPN-011-3,RJPN-011,Band 1 (2100MHz),-98.5,-12.3,6.6,15.2,7.6,36.6
2026-10-17 22:00:00,RJPN-001-1,RJPN-001,Band 1 (2100MHz),-90.4,-8.0,13.2,3.2,10.8,12.9
2026-10-17 22:00:00,RJPN-001-2,RJPN-001,Band 1 (2100MHz),-79.3,-5.8,10.1,8.9,8.5,0.0
2026-10-17 22:00:00,RJPN-001-3,RJPN-001,Band 1 (2100MHz),-79.4,-7.0,14.9,0.0,21.5,9.3
2026-10-17 22:00:00,RJPN-002-1,RJPN-002,Band 3 (1800MHz),-85.6,-5.0,14.1,14.0,0.0,18.8
2026-10-17 22:00:00,RJPN-002-2,RJPN-002,Band 3 (1800MHz),-104.4,-10.3,0.2,6.7,0.0,52.0
2026-10-17 22:00:00,RJPN-002-3,RJPN-002,Band 3 (1800MHz),-88.1,-9.4,15.2,0.0,0.0,32.1
2026-10-17 22:00:00,RJPN-003-1,RJPN-003,Band 1 (2100MHz),-84.8,-4.5,9.9,0.0,0.0,0.0
2026-10-17 22:00:00,RJPN-003-2,RJPN-003,Band 1 (2100MHz),-88.5,-12.0,18.9,20.7,11.0,35.4
2026-10-17 22:00:00,RJPN-003-3,RJPN-003,Band 1 (2100MHz),-82.0,-8.8,5.1,0.0,0.0,32.0
2026-10-17 22:00:00,RJPN-004-1,RJPN-004,Band 3 (1800MHz),-85.2,-9.3,16.1,0.0,1.8,5.5
2026-10-17 22:00:00,RJPN-004-2,RJPN-004,Band 3 (1800MHz),-84.2,-7.9,11.9,10.5,1.0,51.4
2026-10-17 22:00:00,RJPN-004-3,RJPN-004,Band 3 (1800MHz),-89.8,-11.3,13.5,0.0,12.0,35.2
2026-10-17 22:00:00,RJPN-005-1,RJPN-005,Band 1 (2100MHz),-91.5,-11.1,10.5,16.6,1.4,3.3
2026-10-17 22:00:00,RJPN-005-2,RJPN-005,Band 1 (2100MHz),-89.8,-10.8,15.0,13.3,5.8,9.9
2026-10-17 22:00:00,RJPN-005-3,RJPN-005,Band 1 (2100MHz),-92.2,-7.3,10.8,9.6,4.7,49.9
2026-10-17 22:00:00,RJPN-006-1,RJPN-006,Band 3 (1800MHz),-88.3,-5.2,14.2,1.6,7.5,2.8
2026-10-17 22:00:00,RJPN-006-2,RJPN-006,Band 3 (1800MHz),-98.2,-6.2,14.4,19.3,32.3,0.4
2026-10-17 22:00:00,RJPN-006-3,RJPN-006,Band 3 (1800MHz),-84.0,-7.6,13.6,9.8,5.9,0.0
2026-10-17 22:00:00,RJPN-007-1,RJPN-007,Band 1 (2100MHz),-92.2,-10.0,13.9,11.9,0.0,25.9
2026-10-17 22:00:00,RJPN-007-2,RJPN-007,Band 1 (2100MHz),-77.3,-2.9,5.7,11.6,12.1,20.3
2026-10-17 22:00:00,RJPN-007-3,RJPN-007,Band 1 (2100MHz),-88.4,-7.0,21.6,7.8,0.0,0.0
2026-10-17 22:00:00,RJPN-008-1,RJPN-008,Band 3 (1800MHz),-80.6,-12.0,15.3,19.1,4.9,20.7
2026-10-17 22:00:00,RJPN-008-2,RJPN-008,Band 3 (1800MHz),-82.1,-10.1,13.6,6.6,12.4,61.8
2026-10-17 22:00:00,RJPN-008-3,RJPN-008,Band 3 (1800MHz),-88.0,-7.4,10.6,19.5,0.0,10.4
2026-10-17 22:00:00,RJPN-009-1,RJPN-009,Band 1 (2100MHz),-88.1,-6.4,10.9,13.4,0.0,0.0
2026-10-17 22:00:00,RJPN-009-2,RJPN-009,Band 1 (2100MHz),-81.7,-10.4,11.3,13.0,17.4,0.0
2026-10-17 22:00:00,RJPN-009-3,RJPN-009,Band 1 (2100MHz),-85.3,-7.5,11.0,0.0,0.0,22.6
2026-10-17 22:00:00,RJPN-010-1,RJPN-010,Band 3 (1800MHz),-89.6,-7.2,6.0,28.2,9.4,0.0
2026-10-17 22:00:00,RJPN-010-2,RJPN-010,Band 3 (1800MHz),-91.6,-6.9,15.3,5.6,5.8,20.7
2026-10-17 22:00:00,RJPN-010-3,RJPN-010,Band 3 (1800MHz),-84.2,-8.8,17.6,15.3,10.6,59.5
2026-10-17 22:00:00,RJPN-011-1,RJPN-011,Band 1 (2100MHz),-83.6,-6.1,10.5,5.2,16.0,1.5
2026-10-17 22:00:00,RJPN-011-2,RJPN-011,Band 1 (2100MHz),-91.7,-13.7,7.6,12.3,3.1,0.7
2026-10-17 22:00:00,RJPN-011-3,RJPN-011,Band 1 (2100MHz),-94.8,-11.9,4.9,0.0,11.7,34.5
2026-10-17 23:00:00,RJPN-001-1,RJPN-001,Band 1 (2100MHz),-92.0,-4.2,4.7,9.8,1.5,34.4
2026-10-17 23:00:00,RJPN-001-2,RJPN-001,Band 1 (2100MHz),-80.4,-9.0,12.1,32.0,0.0,19.1
2026-10-17 23:00:00,RJPN-001-3,RJPN-001,Band 1 (2100MHz),-86.4,-6.1,21.0,0.0,0.0,23.7
2026-10-17 23:00:00,RJPN-002-1,RJPN-002,Band 3 (1800MHz),-85.6,-8.7,12.6,20.6,9.1,0.0
2026-10-17 23:00:00,RJPN-002-2,RJPN-002,Band 3 (1800MHz),-103.7,-10.3,-4.5,5.5,11.8,0.0
2026-10-17 23:00:00,RJPN-002-3,RJPN-002,Band 3 (1800MHz),-89.4,-6.8,14.1,23.1,3.9,24.2
2026-10-17 23:00:00,RJPN-003-1,RJPN-003,Band 1 (2100MHz),-78.6,-8.4,12.3,0.0,12.5,37.4
2026-10-17 23:00:00,RJPN-003-2,RJPN-003,Band 1 (2100MHz),-82.7,-5.4,16.6,15.7,0.0,1.9
2026-10-17 23:00:00,RJPN-003-3,RJPN-003,Band 1 (2100MHz),-75.6,-7.9,12.4,15.1,11.6,18.6
2026-10-17 23:00:00,RJPN-004-1,RJPN-004,Band 3 (1800MHz),-81.4,-8.9,13.7,31.0,7.1,28.4
2026-10-17 23:00:00,RJPN-004-2,RJPN-004,Band 3 (1800MHz),-89.4,-8.0,15.3,21.3,4.9,0.0
2026-10-17 23:00:00,RJPN-004-3,RJPN-004,Band 3 (1800MHz),-82.5,-10.4,20.3,8.5,2.2,10.6
2026-10-17 23:00:00,RJPN-005-1,RJPN-005,Band 1 (2100MHz),-86.8,-9.1,12.2,2.1,2.0,26.4
2026-10-17 23:00:00,RJPN-005-2,RJPN-005,Band 1 (2100MHz),-91.3,-6.4,21.4,6.1,0.0,5.9
2026-10-17 23:00:00,RJPN-005-3,RJPN-005,Band 1 (2100MHz),-95.1,-9.4,18.4,0.0,5.1,31.6
2026-10-17 23:00:00,RJPN-006-1,RJPN-006,Band 3 (1800MHz),-88.5,-10.5,8.9,6.1,0.6,0.0
2026-10-17 23:00:00,RJPN-006-2,RJPN-006,Band 3 (1800MHz),-79.8,-7.8,17.2,6.6,20.7,46.2
2026-10-17 23:00:00,RJPN-006-3,RJPN-006,Band 3 (1800MHz),-85.1,-6.8,12.9,2.8,6.1,45.9
2026-10-17 23:00:00,RJPN-007-1,RJPN-007,Band 1 (2100MHz),-86.2,-7.7,15.2,16.1,0.0,28.4
2026-10-17 23:00:00,RJPN-007-2,RJPN-007,Band 1 (2100MHz),-84.6,-8.5,10.1,19.4,0.0,0.0
2026-10-17 23:00:00,RJPN-007-3,RJPN-007,Band 1 (2100MHz),-86.9,-10.1,15.5,13.0,0.0,0.0
2026-10-17 23:00:00,RJPN-008-1,RJPN-008,Band 3 (1800MHz),-86.2,-10.3,8.2,19.9,2.3,6.7
2026-10-17 23:00:00,RJPN-008-2,RJPN-008,Band 3 (1800MHz),-85.9,-12.6,13.1,0.0,15.3,23.7
2026-10-17 23:00:00,RJPN-008-3,RJPN-008,Band 3 (1800MHz),-89.9,-6.9,10.6,1.5,1.5,19.1
2026-10-17 23:00:00,RJPN-009-1,RJPN-009,Band 1 (2100MHz),-83.2,-7.9,12.0,17.5,18.4,0.0
2026-10-17 23:00:00,RJPN-009-2,RJPN-009,Band 1 (2100MHz),-80.6,-10.6,24.4,6.2,7.5,44.7
2026-10-17 23:00:00,RJPN-009-3,RJPN-009,Band 1 (2100MHz),-89.1,-7.4,2.3,7.8,15.0,7.5
2026-10-17 23:00:00,RJPN-010-1,RJPN-010,Band 3 (1800MHz),-83.2,-3.9,6.1,12.1,9.5,10.4
2026-10-17 23:00:00,RJPN-010-2,RJPN-010,Band 3 (1800MHz),-84.0,-7.8,3.3,8.9,0.0,33.8
2026-10-17 23:00:00,RJPN-010-3,RJPN-010,Band 3 (1800MHz),-90.2,-10.4,9.1,6.5,12.6,43.6
2026-10-17 23:00:00,RJPN-011-1,RJPN-011,Band 1 (2100MHz),-84.8,-9.4,9.5,0.0,19.9,22.2
2026-10-17 23:00:00,RJPN-011-2,RJPN-011,Band 1 (2100MHz),-106.1,-11.6,5.8,10.8,8.3,18.2
2026-10-17 23:00:00,RJPN-011-3,RJPN-011,Band 1 (2100MHz),-103.0,-11.0,8.6,2.0,13.5,0.0
2026-10-18 00:00:00,RJPN-001-1,RJPN-001,Band 1 (2100MHz),-86.1,-8.6,17.7,14.5,0.0,2.8
2026-10-18 00:00:00,RJPN-001-2,RJPN-001,Band 1 (2100MHz),-80.0,-7.2,15.1,6.8,0.0,1.7
2026-10-18 00:00:00,RJPN-001-3,RJPN-001,Band 1 (2100MHz),-81.5,-11.2,16.5,11.3,4.0,42.8
2026-10-18 00:00:00,RJPN-002-1,RJPN-002,Band 3 (1800MHz),-89.2,-7.4,11.1,0.0,7.3,16.2
2026-10-18 00:00:00,RJPN-002-2,RJPN-002,Band 3 (1800MHz),-101.8,-12.3,0.8,0.0,9.6,13.4
2026-10-18 00:00:00,RJPN-002-3,RJPN-002,Band 3 (1800MHz),-86.4,-6.4,15.1,3.4,0.0,14.8
2026-10-18 00:00:00,RJPN-003-1,RJPN-003,Band 1 (2100MHz),-84.8,-8.8,16.5,0.0,13.7,22.4
2026-10-18 00:00:00,RJPN-003-2,RJPN-003,Band 1 (2100MHz),-93.8,-6.2,11.8,18.8,2.8,0.0
2026-10-18 00:00:00,RJPN-003-3,RJPN-003,Band 1 (2100MHz),-80.4,-7.3,23.0,25.3,22.9,46.7
2026-10-18 00:00:00,RJPN-004-1,RJPN-004,Band 3 (1800MHz),-79.7,-8.2,8.9,0.0,8.8,8.2
2026-10-18 00:00:00,RJPN-004-2,RJPN-004,Band 3 (1800MHz),-80.9,-7.8,6.8,3.1,1.9,19.4
2026-10-18 00:00:00,RJPN-004-3,RJPN-004,Band 3 (1800MHz),-82.4,-5.8,9.0,1.4,13.2,10.2
2026-10-18 00:00:00,RJPN-005-1,RJPN-005,Band 1 (2100MHz),-80.0,-8.8,18.3,0.0,8.0,31.6
2026-10-18 00:00:00,RJPN-005-2,RJPN-005,Band 1 (2100MHz),-84.5,-10.8,5.9,0.0,9.5,19.4
2026-10-18 00:00:00,RJPN-005-3,RJPN-005,Band 1 (2100MHz),-84.4,-8.5,20.7,5.6,0.0,16.7
2026-10-18 00:00:00,RJPN-006-1,RJPN-006,Band 3 (1800MHz),-80.2,-8.0,24.5,10.0,10.1,8.5
2026-10-18 00:00:00,RJPN-006-2,RJPN-006,Band 3 (1800MHz),-84.8,-10.1,16.7,17.5,0.0,0.0
2026-10-18 00:00:00,RJPN-006-3,RJPN-006,Band 3 (1800MHz),-82.7,-9.2,19.6,4.4,5.9,10.3
2026-10-18 00:00:00,RJPN-007-1,RJPN-007,Band 1 (2100MHz),-84.2,-9.1,20.3,12.6,9.1,44.3
2026-10-18 00:00:00,RJPN-007-2,RJPN-007,Band 1 (2100MHz),-81.2,-4.9,17.1,5.5,0.0,11.9
2026-10-18 00:00:00,RJPN-007-3,RJPN-007,Band 1 (2100MHz),-87.9,-8.0,19.1,14.0,1.2,38.2
2026-10-18 00:00:00,RJPN-008-1,RJPN-008,Band 3 (1800MHz),-85.5,-10.5,15.1,18.8,0.0,10.3
2026-10-18 00:00:00,RJPN-008-2,RJPN-008,Band 3 (1800MHz),-86.6,-6.9,20.4,0.0,0.0,41.1
2026-10-18 00:00:00,RJPN-008-3,RJPN-008,Band 3 (1800MHz),-82.1,-7.2,18.8,0.0,6.5,0.0
2026-10-18 00:00:00,RJPN-009-1,RJPN-009,Band 1 (2100MHz),-81.1,-9.3,10.8,0.0,20.0,22.4
2026-10-18 00:00:00,RJPN-009-2,RJPN-009,Band 1 (2100MHz),-92.3,-9.7,12.8,9.2,0.0,19.3
2026-10-18 00:00:00,RJPN-009-3,RJPN-009,Band 1 (2100MHz),-84.6,-5.9,15.1,5.5,0.0,23.6
2026-10-18 00:00:00,RJPN-010-1,RJPN-010,Band 3 (1800MHz),-79.4,-10.3,13.3,4.8,0.0,26.0
2026-10-18 00:00:00,RJPN-010-2,RJPN-010,Band 3 (1800MHz),-85.6,-6.8,5.5,22.0,4.6,46.3
2026-10-18 00:00:00,RJPN-010-3,RJPN-010,Band 3 (1800MHz),-82.3,-7.6,9.5,9.4,3.6,43.8
2026-10-18 00:00:00,RJPN-011-1,RJPN-011,Band 1 (2100MHz),-86.7,-4.5,6.7,1.9,15.5,0.0
2026-10-18 00:00:00,RJPN-011-2,RJPN-011,Band 1 (2100MHz),-95.7,-12.4,-2.1,0.0,9.8,28.6
2026-10-18 00:00:00,RJPN-011-3,RJPN-011,Band 1 (2100MHz),-104.1,-8.4,9.0,22.2,13.2,8.6
2026-10-18 01:00:00,RJPN-001-1,RJPN-001,Band 1 (2100MHz),-78.1,-5.9,13.5,0.0,10.0,59.0
2026-10-18 01:00:00,RJPN-001-2,RJPN-001,Band 1 (2100MHz),-79.2,-10.7,6.1,26.6,6.5,16.4
2026-10-18 01:00:00,RJPN-001-3,RJPN-001,Band 1 (2100MHz),-90.8,-7.7,6.7,6.8,6.7,0.0
2026-10-18 01:00:00,RJPN-002-1,RJPN-002,Band 3 (1800MHz),-83.2,-10.5,13.3,14.3,5.4,7.7
2026-10-18 01:00:00,RJPN-002-2,RJPN-002,Band 3 (1800MHz),-97.2,-12.6,13.3,6.8,0.0,27.3
2026-10-18 01:00:00,RJPN-002-3,RJPN-002,Band 3 (1800MHz),-88.0,-4.6,22.7,0.0,12.6,19.9
2026-10-18 01:00:00,RJPN-003-1,RJPN-003,Band 1 (2100MHz),-84.7,-3.7,19.1,8.2,5.8,0.0
2026-10-18 01:00:00,RJPN-003-2,RJPN-003,Band 1 (2100MHz),-86.6,-9.8,12.5,0.0,12.6,50.5
2026-10-18 01:00:00,RJPN-003-3,RJPN-003,Band 1 (2100MHz),-94.2,-9.8,13.5,19.0,3.4,37.6
2026-10-18 01:00:00,RJPN-004-1,RJPN-004,Band 3 (1800MHz),-83.1,-8.4,6.0,23.6,9.1,0.0
2026-10-18 01:00:00,RJPN-004-2,RJPN-004,Band 3 (1800MHz),-88.4,-5.6,12.3,7.3,6.9,37.2
2026-10-18 01:00:00,RJPN-004-3,RJPN-004,Band 3 (1800MHz),-87.6,-7.6,13.8,14.8,15.3,0.0
2026-10-18 01:00:00,RJPN-005-1,RJPN-005,Band 1 (2100MHz),-91.9,-7.5,11.5,0.0,5.7,0.0
2026-10-18 01:00:00,RJPN-005-2,RJPN-005,Band 1 (2100MHz),-85.5,-8.0,12.0,21.4,9.8,40.5
2026-10-18 01:00:00,RJPN-005-3,RJPN-005,Band 1 (2100MHz),-84.9,-5.0,17.3,5.3,0.0,55.8
2026-10-18 01:00:00,RJPN-006-1,RJPN-006,Band 3 (1800MHz),-84.3,-14.1,17.0,29.7,4.3,0.0
2026-10-18 01:00:00,RJPN-006-2,RJPN-006,Band 3 (1800MHz),-95.2,-4.3,19.8,6.9,0.0,50.9
2026-10-18 01:00:00,RJPN-006-3,RJPN-006,Band 3 (1800MHz),-84.4,-5.5,15.1,13.8,12.9,32.1
2026-10-18 01:00:00,RJPN-007-1,RJPN-007,Band 1 (2100MHz),-83.7,-5.5,14.2,16.5,0.0,44.1
2026-10-18 01:00:00,RJPN-007-2,RJPN-007,Band 1 (2100MHz),-79.9,-6.4,8.5,20.5,8.1,7.9
2026-10-18 01:00:00,RJPN-007-3,RJPN-007,Band 1 (2100MHz),-85.3,-7.5,17.2,24.6,0.0,36.5
2026-10-18 01:00:00,RJPN-008-1,RJPN-008,Band 3 (1800MHz),-84.4,-6.7,19.1,7.2,5.1,24.1
2026-10-18 01:00:00,RJPN-008-2,RJPN-008,Band 3 (1800MHz),-85.7,-7.2,13.7,15.1,14.0,53.0
2026-10-18 01:00:00,RJPN-008-3,RJPN-008,Band 3 (1800MHz),-88.7,-8.0,13.6,15.8,3.4,11.8
2026-10-18 01:00:00,RJPN-009-1,RJPN-009,Band 1 (2100MHz),-77.2,-8.4,10.9,19.7,0.0,9.1
2026-10-18 01:00:00,RJPN-009-2,RJPN-009,Band 1 (2100MHz),-84.7,-8.1,14.2,29.9,0.0,32.1
2026-10-18 01:00:00,RJPN-009-3,RJPN-009,Band 1 (2100MHz),-88.9,-8.0,4.0,6.5,2.9,0.0
2026-10-18 01:00:00,RJPN-010-1,RJPN-010,Band 3 (1800MHz),-89.6,-7.5,11.2,33.4,27.5,33.0
2026-10-18 01:00:00,RJPN-010-2,RJPN-010,Band 3 (1800MHz),-81.9,-5.2,7.0,0.0,4.9,60.7
2026-10-18 01:00:00,RJPN-010-3,RJPN-010,Band 3 (1800MHz),-90.2,-2.6,10.3,7.4,8.0,39.4
2026-10-18 01:00:00,RJPN-011-1,RJPN-011,Band 1 (2100MHz),-93.0,-4.9,13.5,4.4,13.3,0.0
2026-10-18 01:00:00,RJPN-011-2,RJPN-011,Band 1 (2100MHz),-103.6,-14.2,10.4,0.0,0.0,2.9
2026-10-18 01:00:00,RJPN-011-3,RJPN-011,Band 1 (2100MHz),-100.2,-11.4,-2.5,0.0,29.2,2.8
2026-10-18 02:00:00,RJPN-001-1,RJPN-001,Band 1 (2100MHz),-79.7,-9.3,6.7,6.2,10.4,0.0
2026-10-18 02:00:00,RJPN-001-2,RJPN-001,Band 1 (2100MHz),-89.8,-13.6,7.1,0.0,9.7,0.0
2026-10-18 02:00:00,RJPN-001-3,RJPN-001,Band 1 (2100MHz),-82.0,-8.1,13.7,15.2,0.0,0.0
2026-10-18 02:00:00,RJPN-002-1,RJPN-002,Band 3 (1800MHz),-86.3,-6.3,6.7,0.0,15.2,0.0
2026-10-18 02:00:00,RJPN-002-2,RJPN-002,Band 3 (1800MHz),-104.7,-12.8,4.1,0.0,7.0,9.6
2026-10-18 02:00:00,RJPN-002-3,RJPN-002,Band 3 (1800MHz),-82.6,-9.1,17.0,0.0,18.9,5.8
2026-10-18 02:00:00,RJPN-003-1,RJPN-003,Band 1 (2100MHz),-87.3,-8.2,21.2,7.3,10.9,29.8
2026-10-18 02:00:00,RJPN-003-2,RJPN-003,Band 1 (2100MHz),-86.0,-6.5,11.1,7.6,17.5,18.6
2026-10-18 02:00:00,RJPN-003-3,RJPN-003,Band 1 (2100MHz),-84.6,-9.3,10.8,9.2,11.9,12.6
2026-10-18 02:00:00,RJPN-004-1,RJPN-004,Band 3 (1800MHz),-78.9,-9.7,20.7,10.9,13.1,0.0
2026-10-18 02:00:00,RJPN-004-2,RJPN-004,Band 3 (1800MHz),-86.2,-4.3,22.0,15.6,0.0,0.0
2026-10-18 02:00:00,RJPN-004-3,RJPN-004,Band 3 (1800MHz),-90.4,-9.0,14.2,1.4,14.8,9.4
2026-10-18 02:00:00,RJPN-005-1,RJPN-005,Band 1 (2100MHz),-88.5,-5.1,14.1,0.5,0.0,41.6
2026-10-18 02:00:00,RJPN-005-2,RJPN-005,Band 1 (2100MHz),-88.3,-7.3,21.9,3.3,13.3,0.0
2026-10-18 02:00:00,RJPN-005-3,RJPN-005,Band 1 (2100MHz),-86.8,-4.3,22.6,18.7,10.2,50.1
2026-10-18 02:00:00,RJPN-006-1,RJPN-006,Band 3 (1800MHz),-82.0,-7.9,10.3,22.9,17.7,0.0
2026-10-18 02:00:00,RJPN-006-2,RJPN-006,Band 3 (1800MHz),-82.7,-7.2,28.2,3.9,0.0,25.3
2026-10-18 02:00:00,RJPN-006-3,RJPN-006,Band 3 (1800MHz),-86.5,-8.1,8.4,6.0,0.0,0.0
2026-10-18 02:00:00,RJPN-007-1,RJPN-007,Band 1 (2100MHz),-82.2,-11.2,12.5,8.7,14.0,0.0
2026-10-18 02:00:00,RJPN-007-2,RJPN-007,Band 1 (2100MHz),-85.1,-8.3,15.1,18.6,4.8,20.7
2026-10-18 02:00:00,RJPN-007-3,RJPN-007,Band 1 (2100MHz),-80.2,-7.6,13.7,6.4,4.6,0.0
2026-10-18 02:00:00,RJPN-008-1,RJPN-008,Band 3 (1800MHz),-86.7,-6.6,14.3,14.2,0.0,0.0
2026-10-18 02:00:00,RJPN-008-2,RJPN-008,Band 3 (1800MHz),-90.4,-6.4,12.0,0.0,4.9,0.0
2026-10-18 02:00:00,RJPN-008-3,RJPN-008,Band 3 (1800MHz),-85.9,-9.6,11.2,7.9,0.0,2.5
2026-10-18 02:00:00,RJPN-009-1,RJPN-009,Band 1 (2100MHz),-81.0,-4.2,10.3,13.6,26.3,32.7
2026-10-18 02:00:00,RJPN-009-2,RJPN-009,Band 1 (2100MHz),-82.5,-4.4,8.0,17.4,16.6,7.7
2026-10-18 02:00:00,RJPN-009-3,RJPN-009,Band 1 (2100MHz),-90.8,-12.3,5.1,0.0,15.4,13.8
2026-10-18 02:00:00,RJPN-010-1,RJPN-010,Band 3 (1800MHz),-92.1,-6.9,9.5,11.3,3.5,0.0
2026-10-18 02:00:00,RJPN-010-2,RJPN-010,Band 3 (1800MHz),-82.8,-4.1,11.3,15.3,3.9,6.1
2026-10-18 02:00:00,RJPN-010-3,RJPN-010,Band 3 (1800MHz),-84.8,-9.1,16.2,4.0,19.3,7.2
2026-10-18 02:00:00,RJPN-011-1,RJPN-011,Band 1 (2100MHz),-87.8,-5.5,14.6,1.0,6.2,18.0
2026-10-18 02:00:00,RJPN-011-2,RJPN-011,Band 1 (2100MHz),-104.9,-17.7,1.2,5.3,2.3,0.0
2026-10-18 02:00:00,RJPN-011-3,RJPN-011,Band 1 (2100MHz),-96.4,-10.3,-4.6,8.2,2.1,7.2
2026-10-18 03:00:00,RJPN-001-1,RJPN-001,Band 1 (2100MHz),-94.0,-7.4,18.1,0.0,0.0,3.1
2026-10-18 03:00:00,RJPN-001-2,RJPN-001,Band 1 (2100MHz),-83.9,-6.9,11.1,8.5,9.2,3.9
2026-10-18 03:00:00,RJPN-001-3,RJPN-001,Band 1 (2100MHz),-86.9,-5.5,8.6,8.3,0.0,10.1
2026-10-18 03:00:00,RJPN-002-1,RJPN-002,Band 3 (1800MHz),-82.8,-7.7,9.7,0.0,0.0,0.0
2026-10-18 03:00:00,RJPN-002-2,RJPN-002,Band 3 (1800MHz),-104.0,-12.5,-7.0,0.0,9.3,10.5
2026-10-18 03:00:00,RJPN-002-3,RJPN-002,Band 3 (1800MHz),-89.1,-8.0,6.1,10.1,0.0,49.4
2026-10-18 03:00:00,RJPN-003-1,RJPN-003,Band 1 (2100MHz),-87.5,-10.9,27.7,0.0,15.2,0.0
2026-10-18 03:00:00,RJPN-003-2,RJPN-003,Band 1 (2100MHz),-80.1,-6.5,2.5,25.5,0.0,31.9
2026-10-18 03:00:00,RJPN-003-3,RJPN-003,Band 1 (2100MHz),-84.1,-7.1,16.0,8.3,5.3,45.9
2026-10-18 03:00:00,RJPN-004-1,RJPN-004,Band 3 (1800MHz),-87.2,-3.3,12.0,21.0,6.8,14.8
2026-10-18 03:00:00,RJPN-004-2,RJPN-004,Band 3 (1800MHz),-86.0,-8.9,22.0,0.0,19.5,1.2
2026-10-18 03:00:00,RJPN-004-3,RJPN-004,Band 3 (1800MHz),-81.7,-7.6,2.9,2.5,0.0,25.3
2026-10-18 03:00:00,RJPN-005-1,RJPN-005,Band 1 (2100MHz),-80.9,-8.6,15.7,19.2,4.9,0.0
2026-10-18 03:00:00,RJPN-005-2,RJPN-005,Band 1 (2100MHz),-81.5,-9.8,11.1,13.0,25.6,27.1
2026-10-18 03:00:00,RJPN-005-3,RJPN-005,Band 1 (2100MHz),-84.7,-7.2,9.0,2.9,16.4,25.0
2026-10-18 03:00:00,RJPN-006-1,RJPN-006,Band 3 (1800MHz),-82.1,-10.5,16.2,1.4,17.6,19.5
2026-10-18 03:00:00,RJPN-006-2,RJPN-006,Band 3 (1800MHz),-84.2,-2.9,10.8,14.6,1.8,37.9
2026-10-18 03:00:00,RJPN-006-3,RJPN-006,Band 3 (1800MHz),-85.2,-7.7,14.6,0.0,16.1,30.0
2026-10-18 03:00:00,RJPN-007-1,RJPN-007,Band 1 (2100MHz),-83.0,-6.3,7.5,14.1,2.1,38.7
2026-10-18 03:00:00,RJPN-007-2,RJPN-007,Band 1 (2100MHz),-70.7,-9.3,6.6,8.7,18.5,17.1
2026-10-18 03:00:00,RJPN-007-3,RJPN-007,Band 1 (2100MHz),-88.9,-9.0,24.1,19.7,0.8,0.0
2026-10-18 03:00:00,RJPN-008-1,RJPN-008,Band 3 (1800MHz),-89.6,-10.0,21.2,10.2,3.0,0.0
2026-10-18 03:00:00,RJPN-008-2,RJPN-008,Band 3 (1800MHz),-79.8,-6.2,5.2,0.0,0.0,35.5
2026-10-18 03:00:00,RJPN-008-3,RJPN-008,Band 3 (1800MHz),-85.2,-9.6,17.0,21.0,0.0,0.0
2026-10-18 03:00:00,RJPN-009-1,RJPN-009,Band 1 (2100MHz),-86.8,-7.9,11.4,22.4,0.0,0.0
2026-10-18 03:00:00,RJPN-009-2,RJPN-009,Band 1 (2100MHz),-92.4,-6.6,20.2,0.0,13.5,40.7
2026-10-18 03:00:00,RJPN-009-3,RJPN-009,Band 1 (2100MHz),-90.5,-5.9,8.5,2.5,17.4,21.9
2026-10-18 03:00:00,RJPN-010-1,RJPN-010,Band 3 (1800MHz),-86.2,-11.3,14.9,5.5,4.2,7.7
2026-10-18 03:00:00,RJPN-010-2,RJPN-010,Band 3 (1800MHz),-85.6,-3.3,16.4,19.5,8.2,6.1
2026-10-18 03:00:00,RJPN-010-3,RJPN-010,Band 3 (1800MHz),-89.2,-9.8,17.0,19.4,6.4,16.4
2026-10-18 03:00:00,RJPN-011-1,RJPN-011,Band 1 (2100MHz),-85.0,-7.2,1.4,0.0,7.9,0.0
2026-10-18 03:00:00,RJPN-011-2,RJPN-011,Band 1 (2100MHz),-98.1,-14.5,5.4,13.3,7.1,15.0
2026-10-18 03:00:00,RJPN-011-3,RJPN-011,Band 1 (2100MHz),-101.3,-11.9,0.9,0.0,16.7,38.4
2026-10-18 04:00:00,RJPN-001-1,RJPN-001,Band 1 (2100MHz),-87.9,-12.0,9.5,24.3,16.2,27.1
2026-10-18 04:00:00,RJPN-001-2,RJPN-001,Band 1 (2100MHz),-86.0,-7.5,12.2,0.0,0.0,32.3
2026-10-18 04:00:00,RJPN-001-3,RJPN-001,Band 1 (2100MHz),-84.5,-9.9,15.1,24.4,17.0,25.7
2026-10-18 04:00:00,RJPN-002-1,RJPN-002,Band 3 (1800MHz),-85.4,-8.5,13.0,13.6,0.0,26.2
2026-10-18 04:00:00,RJPN-002-2,RJPN-002,Band 3 (1800MHz),-104.0,-10.9,4.7,0.0,0.3,46.8
2026-10-18 04:00:00,RJPN-002-3,RJPN-002,Band 3 (1800MHz),-94.2,-6.5,13.6,16.9,22.0,47.1
2026-10-18 04:00:00,RJPN-003-1,RJPN-003,Band 1 (2100MHz),-88.0,-9.0,14.3,7.1,6.1,37.0
2026-10-18 04:00:00,RJPN-003-2,RJPN-003,Band 1 (2100MHz),-88.2,-8.0,17.5,8.5,6.6,22.2
2026-10-18 04:00:00,RJPN-003-3,RJPN-003,Band 1 (2100MHz),-82.5,-9.6,10.8,6.9,5.2,47.6
2026-10-18 04:00:00,RJPN-004-1,RJPN-004,Band 3 (1800MHz),-82.2,-7.5,10.0,5.1,5.2,18.4
2026-10-18 04:00:00,RJPN-004-2,RJPN-004,Band 3 (1800MHz),-83.7,-5.8,8.2,2.3,4.7,25.2
2026-10-18 04:00:00,RJPN-004-3,RJPN-004,Band 3 (1800MHz),-81.7,-9.0,11.9,1.6,9.4,19.9
2026-10-18 04:00:00,RJPN-005-1,RJPN-005,Band 1 (2100MHz),-87.8,-7.9,13.4,13.9,5.6,4.7
2026-10-18 04:00:00,RJPN-005-2,RJPN-005,Band 1 (2100MHz),-83.0,-9.5,11.8,10.1,16.5,0.0
2026-10-18 04:00:00,RJPN-005-3,RJPN-005,Band 1 (2100MHz),-82.4,-10.0,13.5,11.0,25.5,23.6
2026-10-18 04:00:00,RJPN-006-1,RJPN-006,Band 3 (1800MHz),-92.1,-7.6,21.3,7.0,13.5,23.8
2026-10-18 04:00:00,RJPN-006-2,RJPN-006,Band 3 (1800MHz),-87.1,-10.2,11.0,26.3,15.7,42.8
2026-10-18 04:00:00,RJPN-006-3,RJPN-006,Band 3 (1800MHz),-82.6,-4.9,12.5,1.0,8.0,23.4
2026-10-18 04:00:00,RJPN-007-1,RJPN-007,Band 1 (2100MHz),-84.7,-3.9,19.5,13.7,0.0,4.3
2026-10-18 04:00:00,RJPN-007-2,RJPN-007,Band 1 (2100MHz),-86.3,-7.3,11.4,0.0,0.0,19.3
2026-10-18 04:00:00,RJPN-007-3,RJPN-007,Band 1 (2100MHz),-90.3,-5.0,13.7,17.8,0.0,59.7
2026-10-18 04:00:00,RJPN-008-1,RJPN-008,Band 3 (1800MHz),-85.2,-7.6,11.3,12.9,0.8,24.9
2026-10-18 04:00:00,RJPN-008-2,RJPN-008,Band 3 (1800MHz),-82.3,-10.8,17.4,6.1,11.7,0.0
2026-10-18 04:00:00,RJPN-008-3,RJPN-008,Band 3 (1800MHz),-89.1,-9.0,11.1,0.0,2.6,14.3
2026-10-18 04:00:00,RJPN-009-1,RJPN-009,Band 1 (2100MHz),-82.7,-10.6,17.3,28.0,10.0,9.2
2026-10-18 04:00:00,RJPN-009-2,RJPN-009,Band 1 (2100MHz),-82.6,-10.0,10.3,4.7,21.1,43.5
2026-10-18 04:00:00,RJPN-009-3,RJPN-009,Band 1 (2100MHz),-88.6,-11.0,9.0,0.0,0.8,37.3
2026-10-18 04:00:00,RJPN-010-1,RJPN-010,Band 3 (1800MHz),-85.4,-9.5,5.3,0.0,0.0,6.8
2026-10-18 04:00:00,RJPN-010-2,RJPN-010,Band 3 (1800MHz),-81.8,-8.2,20.6,7.2,9.7,19.2
2026-10-18 04:00:00,RJPN-010-3,RJPN-010,Band 3 (1800MHz),-84.3,-9.6,14.4,20.3,0.0,12.2
2026-10-18 04:00:00,RJPN-011-1,RJPN-011,Band 1 (2100MHz),-83.2,-4.5,15.6,4.8,2.5,0.0
2026-10-18 04:00:00,RJPN-011-2,RJPN-011,Band 1 (2100MHz),-101.0,-11.1,5.4,0.0,5.9,5.5
2026-10-18 04:00:00,RJPN-011-3,RJPN-011,Band 1 (2100MHz),-94.7,-7.1,1.9,5.7,4.9,46.6
2026-10-18 05:00:00,RJPN-001-1,RJPN-001,Band 1 (2100MHz),-93.0,-11.1,8.2,39.1,0.0,2.5
2026-10-18 05:00:00,RJPN-001-2,RJPN-001,Band 1 (2100MHz),-99.5,-8.5,4.9,21.1,0.0,0.0
2026-10-18 05:00:00,RJPN-001-3,RJPN-001,Band 1 (2100MHz),-85.2,-6.8,14.1,11.5,10.0,22.5
2026-10-18 05:00:00,RJPN-002-1,RJPN-002,Band 3 (1800MHz),-86.0,-7.8,18.0,0.0,0.4,55.5
2026-10-18 05:00:00,RJPN-002-2,RJPN-002,Band 3 (1800MHz),-100.2,-14.2,3.8,0.0,0.8,0.0
2026-10-18 05:00:00,RJPN-002-3,RJPN-002,Band 3 (1800MHz),-79.7,-6.7,10.6,6.5,0.0,16.6
2026-10-18 05:00:00,RJPN-003-1,RJPN-003,Band 1 (2100MHz),-90.7,-6.7,20.2,40.8,11.1,0.6
2026-10-18 05:00:00,RJPN-003-2,RJPN-003,Band 1 (2100MHz),-80.0,-9.6,20.4,3.0,0.0,25.9
2026-10-18 05:00:00,RJPN-003-3,RJPN-003,Band 1 (2100MHz),-80.9,-11.3,4.0,9.6,0.0,23.4
2026-10-18 05:00:00,RJPN-004-1,RJPN-004,Band 3 (1800MHz),-76.1,-6.5,18.4,11.3,0.0,0.0
2026-10-18 05:00:00,RJPN-004-2,RJPN-004,Band 3 (1800MHz),-92.8,-7.8,4.3,24.1,6.0,22.4
2026-10-18 05:00:00,RJPN-004-3,RJPN-004,Band 3 (1800MHz),-87.2,-7.7,20.9,0.0,0.0,18.8
2026-10-18 05:00:00,RJPN-005-1,RJPN-005,Band 1 (2100MHz),-94.8,-4.0,15.8,29.9,14.8,29.6
2026-10-18 05:00:00,RJPN-005-2,RJPN-005,Band 1 (2100MHz),-85.8,-8.2,23.7,14.6,13.2,4.8
2026-10-18 05:00:00,RJPN-005-3,RJPN-005,Band 1 (2100MHz),-82.3,-10.8,14.5,0.0,4.5,7.7
2026-10-18 05:00:00,RJPN-006-1,RJPN-006,Band 3 (1800MHz),-92.2,-8.5,10.3,4.6,11.7,20.7
2026-10-18 05:00:00,RJPN-006-2,RJPN-006,Band 3 (1800MHz),-83.5,-8.6,9.6,9.5,8.6,17.7
2026-10-18 05:00:00,RJPN-006-3,RJPN-006,Band 3 (1800MHz),-90.5,-8.5,19.0,10.1,13.7,33.4
2026-10-18 05:00:00,RJPN-007-1,RJPN-007,Band 1 (2100MHz),-86.2,-11.0,17.6,2.7,10.9,0.0
2026-10-18 05:00:00,RJPN-007-2,RJPN-007,Band 1 (2100MHz),-85.3,-9.0,11.3,0.0,0.0,0.0
2026-10-18 05:00:00,RJPN-007-3,RJPN-007,Band 1 (2100MHz),-86.2,-10.1,11.0,14.4,14.5,11.4
2026-10-18 05:00:00,RJPN-008-1,RJPN-008,Band 3 (1800MHz),-84.4,-5.8,7.5,0.0,0.4,52.7
2026-10-18 05:00:00,RJPN-008-2,RJPN-008,Band 3 (1800MHz),-90.7,-8.2,11.9,13.6,0.0,4.7
2026-10-18 05:00:00,RJPN-008-3,RJPN-008,Band 3 (1800MHz),-81.3,-9.5,24.9,27.8,0.0,2.2
2026-10-18 05:00:00,RJPN-009-1,RJPN-009,Band 1 (2100MHz),-86.7,-7.6,16.7,24.7,18.7,39.7
2026-10-18 05:00:00,RJPN-009-2,RJPN-009,Band 1 (2100MHz),-92.9,-8.4,22.2,5.7,11.4,0.0
2026-10-18 05:00:00,RJPN-009-3,RJPN-009,Band 1 (2100MHz),-84.2,-7.7,16.3,0.0,3.8,14.9
2026-10-18 05:00:00,RJPN-010-1,RJPN-010,Band 3 (1800MHz),-89.7,-7.1,13.8,5.4,4.7,1.6
2026-10-18 05:00:00,RJPN-010-2,RJPN-010,Band 3 (1800MHz),-85.3,-9.0,14.6,24.5,0.0,0.0
2026-10-18 05:00:00,RJPN-010-3,RJPN-010,Band 3 (1800MHz),-83.7,-10.3,8.5,11.1,4.2,46.0
2026-10-18 05:00:00,RJPN-011-1,RJPN-011,Band 1 (2100MHz),-88.5,-7.2,10.5,1.5,13.4,0.0
2026-10-18 05:00:00,RJPN-011-2,RJPN-011,Band 1 (2100MHz),-89.8,-12.5,2.3,16.7,8.3,0.0
2026-10-18 05:00:00,RJPN-011-3,RJPN-011,Band 1 (2100MHz),-100.7,-9.1,5.8,0.0,14.4,0.0
2026-10-18 06:00:00,RJPN-001-1,RJPN-001,Band 1 (2100MHz),-81.5,-8.8,7.0,12.5,0.0,19.2
2026-10-18 06:00:00,RJPN-001-2,RJPN-001,Band 1 (2100MHz),-84.2,-12.4,15.9,18.0,13.8,69.4
2026-10-18 06:00:00,RJPN-001-3,RJPN-001,Band 1 (2100MHz),-79.8,-3.1,5.7,24.2,25.4,36.2
2026-10-18 06:00:00,RJPN-002-1,RJPN-002,Band 3 (1800MHz),-87.8,-8.2,16.7,1.9,16.6,35.9
2026-10-18 06:00:00,RJPN-002-2,RJPN-002,Band 3 (1800MHz),-101.2,-10.3,2.4,31.5,2.6,51.1
2026-10-18 06:00:00,RJPN-002-3,RJPN-002,Band 3 (1800MHz),-91.6,-10.8,9.3,41.1,9.2,2.5
2026-10-18 06:00:00,RJPN-003-1,RJPN-003,Band 1 (2100MHz),-81.8,-10.6,12.5,22.8,13.8,33.4
2026-10-18 06:00:00,RJPN-003-2,RJPN-003,Band 1 (2100MHz),-84.9,-5.7,11.0,8.6,4.3,54.1
2026-10-18 06:00:00,RJPN-003-3,RJPN-003,Band 1 (2100MHz),-79.6,-9.0,5.9,31.6,21.8,0.0
2026-10-18 06:00:00,RJPN-004-1,RJPN-004,Band 3 (1800MHz),-83.4,-11.2,4.2,13.9,4.2,23.6
2026-10-18 06:00:00,RJPN-004-2,RJPN-004,Band 3 (1800MHz),-84.9,-9.5,18.1,32.1,15.3,37.4
2026-10-18 06:00:00,RJPN-004-3,RJPN-004,Band 3 (1800MHz),-88.0,-10.5,20.1,20.4,0.0,31.1
2026-10-18 06:00:00,RJPN-005-1,RJPN-005,Band 1 (2100MHz),-77.2,-11.5,16.4,19.2,9.4,0.0
2026-10-18 06:00:00,RJPN-005-2,RJPN-005,Band 1 (2100MHz),-86.3,-10.5,4.1,18.4,15.7,42.1
2026-10-18 06:00:00,RJPN-005-3,RJPN-005,Band 1 (2100MHz),-89.4,-8.9,10.6,31.3,18.9,46.5
2026-10-18 06:00:00,RJPN-006-1,RJPN-006,Band 3 (1800MHz),-81.9,-10.3,17.1,14.2,22.1,13.0
2026-10-18 06:00:00,RJPN-006-2,RJPN-006,Band 3 (1800MHz),-82.4,-7.9,4.5,5.3,6.6,48.8
2026-10-18 06:00:00,RJPN-006-3,RJPN-006,Band 3 (1800MHz),-93.5,-6.0,19.1,23.4,1.6,67.0
2026-10-18 06:00:00,RJPN-007-1,RJPN-007,Band 1 (2100MHz),-81.4,-7.4,5.8,26.4,0.5,84.3
2026-10-18 06:00:00,RJPN-007-2,RJPN-007,Band 1 (2100MHz),-81.4,-7.8,21.5,14.8,11.5,27.7
2026-10-18 06:00:00,RJPN-007-3,RJPN-007,Band 1 (2100MHz),-88.4,-11.2,5.0,9.2,15.5,43.0
2026-10-18 06:00:00,RJPN-008-1,RJPN-008,Band 3 (1800MHz),-84.7,-5.4,8.8,14.5,0.0,0.0
2026-10-18 06:00:00,RJPN-008-2,RJPN-008,Band 3 (1800MHz),-82.7,-12.1,13.0,41.8,6.1,23.5
2026-10-18 06:00:00,RJPN-008-3,RJPN-008,Band 3 (1800MHz),-75.0,-6.7,3.3,33.6,2.3,61.2
2026-10-18 06:00:00,RJPN-009-1,RJPN-009,Band 1 (2100MHz),-86.1,-6.5,17.1,17.0,4.9,18.4
2026-10-18 06:00:00,RJPN-009-2,RJPN-009,Band 1 (2100MHz),-84.6,-7.2,8.1,2.5,0.0,34.6
2026-10-18 06:00:00,RJPN-009-3,RJPN-009,Band 1 (2100MHz),-84.3,-12.3,6.1,14.1,0.0,57.1
2026-10-18 06:00:00,RJPN-010-1,RJPN-010,Band 3 (1800MHz),-91.1,-6.0,9.5,0.0,46.6,0.0
2026-10-18 06:00:00,RJPN-010-2,RJPN-010,Band 3 (1800MHz),-86.9,-6.8,10.5,0.0,22.2,46.8
2026-10-18 06:00:00,RJPN-010-3,RJPN-010,Band 3 (1800MHz),-92.4,-10.2,11.7,11.5,3.0,10.7
2026-10-18 06:00:00,RJPN-011-1,RJPN-011,Band 1 (2100MHz),-81.4,-10.8,10.6,2.7,9.9,4.1
2026-10-18 06:00:00,RJPN-011-2,RJPN-011,Band 1 (2100MHz),-98.9,-10.6,5.6,6.4,26.7,31.8
2026-10-18 06:00:00,RJPN-011-3,RJPN-011,Band 1 (2100MHz),-94.7,-13.0,2.8,18.0,6.8,0.0
2026-10-18 07:00:00,RJPN-001-1,RJPN-001,Band 1 (2100MHz),-84.2,-10.1,13.4,46.0,34.6,50.6
2026-10-18 07:00:00,RJPN-001-2,RJPN-001,Band 1 (2100MHz),-90.4,-13.7,10.1,52.3,34.6,106.3
2026-10-18 07:00:00,RJPN-001-3,RJPN-001,Band 1 (2100MHz),-89.0,-8.7,12.1,52.9,20.8,94.4
2026-10-18 07:00:00,RJPN-002-1,RJPN-002,Band 3 (1800MHz),-83.4,-8.6,7.7,62.8,24.6,94.6
2026-10-18 07:00:00,RJPN-002-2,RJPN-002,Band 3 (1800MHz),-102.4,-13.5,8.0,62.5,41.1,116.9
2026-10-18 07:00:00,RJPN-002-3,RJPN-002,Band 3 (1800MHz),-92.2,-10.4,11.7,64.4,25.3,93.6
2026-10-18 07:00:00,RJPN-003-1,RJPN-003,Band 1 (2100MHz),-79.0,-14.1,4.6,56.2,39.5,111.8
2026-10-18 07:00:00,RJPN-003-2,RJPN-003,Band 1 (2100MHz),-83.8,-10.3,0.9,45.9,31.7,112.2
2026-10-18 07:00:00,RJPN-003-3,RJPN-003,Band 1 (2100MHz),-86.1,-12.8,8.0,42.4,31.9,100.8
2026-10-18 07:00:00,RJPN-004-1,RJPN-004,Band 3 (1800MHz),-86.6,-11.0,14.1,39.4,28.2,107.9
2026-10-18 07:00:00,RJPN-004-2,RJPN-004,Band 3 (1800MHz),-83.3,-7.0,5.3,81.2,27.5,119.7
2026-10-18 07:00:00,RJPN-004-3,RJPN-004,Band 3 (1800MHz),-89.2,-12.2,10.8,62.4,30.0,104.7
2026-10-18 07:00:00,RJPN-005-1,RJPN-005,Band 1 (2100MHz),-80.9,-11.6,17.8,50.6,19.8,74.5
2026-10-18 07:00:00,RJPN-005-2,RJPN-005,Band 1 (2100MHz),-86.6,-11.6,18.5,59.6,30.5,70.2
2026-10-18 07:00:00,RJPN-005-3,RJPN-005,Band 1 (2100MHz),-86.7,-9.8,10.8,65.5,39.7,75.6
2026-10-18 07:00:00,RJPN-006-1,RJPN-006,Band 3 (1800MHz),-85.7,-12.5,5.8,53.4,36.9,101.4
2026-10-18 07:00:00,RJPN-006-2,RJPN-006,Band 3 (1800MHz),-80.5,-10.7,17.5,35.8,46.4,105.9
2026-10-18 07:00:00,RJPN-006-3,RJPN-006,Band 3 (1800MHz),-79.7,-9.4,13.5,51.1,32.2,97.0
2026-10-18 07:00:00,RJPN-007-1,RJPN-007,Band 1 (2100MHz),-86.2,-9.7,9.3,50.0,34.4,110.2
2026-10-18 07:00:00,RJPN-007-2,RJPN-007,Band 1 (2100MHz),-84.5,-8.9,3.4,51.2,31.3,103.7
2026-10-18 07:00:00,RJPN-007-3,RJPN-007,Band 1 (2100MHz),-79.0,-10.3,5.7,73.8,34.4,113.0
2026-10-18 07:00:00,RJPN-008-1,RJPN-008,Band 3 (1800MHz),-86.8,-7.9,13.0,60.2,9.8,55.2
2026-10-18 07:00:00,RJPN-008-2,RJPN-008,Band 3 (1800MHz),-84.2,-9.2,3.1,67.3,34.7,80.3
2026-10-18 07:00:00,RJPN-008-3,RJPN-008,Band 3 (1800MHz),-93.6,-10.8,11.2,68.6,43.9,87.0
2026-10-18 07:00:00,RJPN-009-1,RJPN-009,Band 1 (2100MHz),-80.9,-11.7,8.4,89.2,36.2,94.6
2026-10-18 07:00:00,RJPN-009-2,RJPN-009,Band 1 (2100MHz),-84.0,-12.7,8.1,46.6,44.3,78.0
2026-10-18 07:00:00,RJPN-009-3,RJPN-009,Band 1 (2100MHz),-84.8,-6.9,22.5,37.9,44.9,94.1
2026-10-18 07:00:00,RJPN-010-1,RJPN-010,Band 3 (1800MHz),-83.2,-11.7,14.3,65.9,40.6,112.8
2026-10-18 07:00:00,RJPN-010-2,RJPN-010,Band 3 (1800MHz),-82.3,-11.4,17.2,51.7,39.6,96.1
2026-10-18 07:00:00,RJPN-010-3,RJPN-010,Band 3 (1800MHz),-85.5,-11.2,12.4,37.9,38.4,77.1
2026-10-18 07:00:00,RJPN-011-1,RJPN-011,Band 1 (2100MHz),-88.9,-10.4,15.9,48.8,26.3,109.4
2026-10-18 07:00:00,RJPN-011-2,RJPN-011,Band 1 (2100MHz),-99.4,-12.3,4.6,68.5,16.7,64.7
2026-10-18 07:00:00,RJPN-011-3,RJPN-011,Band 1 (2100MHz),-101.3,-16.4,1.3,57.8,22.3,70.8
2026-10-18 08:00:00,RJPN-001-1,RJPN-001,Band 1 (2100MHz),-84.0,-13.0,2.5,100.0,35.0,102.0
2026-10-18 08:00:00,RJPN-001-2,RJPN-001,Band 1 (2100MHz),-81.9,-9.7,14.1,88.8,39.0,136.2
2026-10-18 08:00:00,RJPN-001-3,RJPN-001,Band 1 (2100MHz),-82.1,-10.6,23.2,84.8,41.3,136.2
2026-10-18 08:00:00,RJPN-002-1,RJPN-002,Band 3 (1800MHz),-77.2,-15.8,19.7,61.8,42.5,114.2
2026-10-18 08:00:00,RJPN-002-2,RJPN-002,Band 3 (1800MHz),-98.9,-15.9,1.0,47.3,26.7,138.9
2026-10-18 08:00:00,RJPN-002-3,RJPN-002,Band 3 (1800MHz),-86.4,-14.8,14.7,74.3,40.9,88.1
2026-10-18 08:00:00,RJPN-003-1,RJPN-003,Band 1 (2100MHz),-83.7,-11.3,19.3,74.3,37.7,126.5
2026-10-18 08:00:00,RJPN-003-2,RJPN-003,Band 1 (2100MHz),-82.0,-13.2,20.2,85.5,42.5,117.7
2026-10-18 08:00:00,RJPN-003-3,RJPN-003,Band 1 (2100MHz),-80.0,-13.4,13.1,71.6,42.3,153.0
2026-10-18 08:00:00,RJPN-004-1,RJPN-004,Band 3 (1800MHz),-87.1,-12.8,3.0,67.9,24.4,153.1
2026-10-18 08:00:00,RJPN-004-2,RJPN-004,Band 3 (1800MHz),-85.8,-12.0,12.4,72.5,38.4,129.9
2026-10-18 08:00:00,RJPN-004-3,RJPN-004,Band 3 (1800MHz),-84.5,-12.0,10.7,51.5,40.3,118.7
2026-10-18 08:00:00,RJPN-005-1,RJPN-005,Band 1 (2100MHz),-86.7,-10.9,9.3,61.2,46.8,126.9
2026-10-18 08:00:00,RJPN-005-2,RJPN-005,Band 1 (2100MHz),-89.8,-12.8,18.0,79.4,31.3,143.5
2026-10-18 08:00:00,RJPN-005-3,RJPN-005,Band 1 (2100MHz),-85.0,-12.4,11.0,70.3,41.3,134.1
2026-10-18 08:00:00,RJPN-006-1,RJPN-006,Band 3 (1800MHz),-82.5,-9.0,13.1,98.7,36.3,157.2
2026-10-18 08:00:00,RJPN-006-2,RJPN-006,Band 3 (1800MHz),-79.2,-16.3,14.4,79.6,46.6,88.4
2026-10-18 08:00:00,RJPN-006-3,RJPN-006,Band 3 (1800MHz),-82.6,-14.1,12.8,77.4,61.2,127.9
2026-10-18 08:00:00,RJPN-007-1,RJPN-007,Band 1 (2100MHz),-86.7,-12.2,9.7,48.0,58.0,115.5
2026-10-18 08:00:00,RJPN-007-2,RJPN-007,Band 1 (2100MHz),-80.1,-12.6,9.7,49.7,44.2,141.1
2026-10-18 08:00:00,RJPN-007-3,RJPN-007,Band 1 (2100MHz),-82.5,-11.9,18.2,61.2,40.8,106.2
2026-10-18 08:00:00,RJPN-008-1,RJPN-008,Band 3 (1800MHz),-80.4,-8.5,21.7,73.2,35.1,149.9
2026-10-18 08:00:00,RJPN-008-2,RJPN-008,Band 3 (1800MHz),-84.9,-10.3,18.4,68.4,46.0,79.2
2026-10-18 08:00:00,RJPN-008-3,RJPN-008,Band 3 (1800MHz),-81.7,-10.7,14.4,96.9,32.1,151.6
2026-10-18 08:00:00,RJPN-009-1,RJPN-009,Band 1 (2100MHz),-80.4,-10.5,8.8,86.8,62.1,118.4
2026-10-18 08:00:00,RJPN-009-2,RJPN-009,Band 1 (2100MHz),-84.4,-12.3,11.6,81.2,32.0,97.1
2026-10-18 08:00:00,RJPN-009-3,RJPN-009,Band 1 (2100MHz),-83.0,-12.4,11.3,71.2,61.9,120.9
2026-10-18 08:00:00,RJPN-010-1,RJPN-010,Band 3 (1800MHz),-79.8,-11.1,18.0,74.7,57.7,118.5
2026-10-18 08:00:00,RJPN-010-2,RJPN-010,Band 3 (1800MHz),-77.7,-8.5,15.2,68.8,40.0,112.2
2026-10-18 08:00:00,RJPN-010-3,RJPN-010,Band 3 (1800MHz),-82.1,-12.0,16.7,75.6,38.3,103.5
2026-10-18 08:00:00,RJPN-011-1,RJPN-011,Band 1 (2100MHz),-83.9,-6.6,16.9,82.7,36.0,95.8
2026-10-18 08:00:00,RJPN-011-2,RJPN-011,Band 1 (2100MHz),-92.5,-14.4,-3.2,76.4,42.7,127.4
2026-10-18 08:00:00,RJPN-011-3,RJPN-011,Band 1 (2100MHz),-99.4,-15.2,0.2,74.6,43.3,130.4
2026-10-18 09:00:00,RJPN-001-1,RJPN-001,Band 1 (2100MHz),-89.8,-10.2,7.9,69.3,22.2,99.6
2026-10-18 09:00:00,RJPN-001-2,RJPN-001,Band 1 (2100MHz),-84.6,-10.5,10.9,46.2,36.2,67.9
2026-10-18 09:00:00,RJPN-001-3,RJPN-001,Band 1 (2100MHz),-85.9,-12.4,14.6,45.4,35.0,101.3
2026-10-18 09:00:00,RJPN-002-1,RJPN-002,Band 3 (1800MHz),-85.3,-5.5,6.7,26.6,28.6,115.0
2026-10-18 09:00:00,RJPN-002-2,RJPN-002,Band 3 (1800MHz),-100.3,-16.7,3.4,24.0,26.7,71.6
2026-10-18 09:00:00,RJPN-002-3,RJPN-002,Band 3 (1800MHz),-85.6,-10.0,14.6,52.3,29.4,60.5
2026-10-18 09:00:00,RJPN-003-1,RJPN-003,Band 1 (2100MHz),-89.3,-10.8,15.6,41.3,35.4,104.8
2026-10-18 09:00:00,RJPN-003-2,RJPN-003,Band 1 (2100MHz),-81.7,-9.9,10.0,50.8,38.4,83.5
2026-10-18 09:00:00,RJPN-003-3,RJPN-003,Band 1 (2100MHz),-81.7,-11.0,12.6,57.7,24.3,144.2
2026-10-18 09:00:00,RJPN-004-1,RJPN-004,Band 3 (1800MHz),-84.9,-11.1,4.2,55.1,30.7,98.5
2026-10-18 09:00:00,RJPN-004-2,RJPN-004,Band 3 (1800MHz),-84.0,-11.3,14.4,80.7,28.2,87.7
2026-10-18 09:00:00,RJPN-004-3,RJPN-004,Band 3 (1800MHz),-84.4,-11.2,6.6,63.2,23.6,120.9
2026-10-18 09:00:00,RJPN-005-1,RJPN-005,Band 1 (2100MHz),-81.0,-12.1,16.4,65.3,32.6,107.7
2026-10-18 09:00:00,RJPN-005-2,RJPN-005,Band 1 (2100MHz),-85.7,-12.2,16.4,60.2,41.0,52.3
2026-10-18 09:00:00,RJPN-005-3,RJPN-005,Band 1 (2100MHz),-87.3,-9.8,8.0,35.1,24.3,120.5
2026-10-18 09:00:00,RJPN-006-1,RJPN-006,Band 3 (1800MHz),-76.2,-10.5,13.1,50.6,38.1,32.1
2026-10-18 09:00:00,RJPN-006-2,RJPN-006,Band 3 (1800MHz),-75.3,-8.0,11.9,35.4,32.0,77.4
2026-10-18 09:00:00,RJPN-006-3,RJPN-006,Band 3 (1800MHz),-86.3,-8.8,6.7,78.3,21.7,70.1
2026-10-18 09:00:00,RJPN-007-1,RJPN-007,Band 1 (2100MHz),-88.1,-8.3,6.4,46.9,33.6,79.1
2026-10-18 09:00:00,RJPN-007-2,RJPN-007,Band 1 (2100MHz),-79.3,-8.7,11.2,71.9,37.5,79.0
2026-10-18 09:00:00,RJPN-007-3,RJPN-007,Band 1 (2100MHz),-80.4,-12.3,18.6,49.1,49.4,76.9
2026-10-18 09:00:00,RJPN-008-1,RJPN-008,Band 3 (1800MHz),-84.9,-12.4,6.5,47.5,36.6,114.9
2026-10-18 09:00:00,RJPN-008-2,RJPN-008,Band 3 (1800MHz),-89.6,-11.1,12.5,48.9,33.5,82.0
2026-10-18 09:00:00,RJPN-008-3,RJPN-008,Band 3 (1800MHz),-84.3,-12.0,19.5,48.8,40.3,56.5
2026-10-18 09:00:00,RJPN-009-1,RJPN-009,Band 1 (2100MHz),-83.1,-9.6,17.4,49.3,24.8,71.7
2026-10-18 09:00:00,RJPN-009-2,RJPN-009,Band 1 (2100MHz),-90.9,-10.9,16.1,38.2,45.3,82.2
2026-10-18 09:00:00,RJPN-009-3,RJPN-009,Band 1 (2100MHz),-79.0,-13.3,16.9,63.7,40.2,87.6
2026-10-18 09:00:00,RJPN-010-1,RJPN-010,Band 3 (1800MHz),-82.2,-9.4,12.7,36.0,24.6,76.7
2026-10-18 09:00:00,RJPN-010-2,RJPN-010,Band 3 (1800MHz),-80.4,-12.7,12.5,51.4,31.3,81.9
2026-10-18 09:00:00,RJPN-010-3,RJPN-010,Band 3 (1800MHz),-85.3,-9.3,14.5,65.4,32.0,130.2
2026-10-18 09:00:00,RJPN-011-1,RJPN-011,Band 1 (2100MHz),-83.5,-10.2,8.6,47.3,27.3,75.3
2026-10-18 09:00:00,RJPN-011-2,RJPN-011,Band 1 (2100MHz),-98.9,-16.6,2.2,56.8,33.8,82.5
2026-10-18 09:00:00,RJPN-011-3,RJPN-011,Band 1 (2100MHz),-97.1,-9.8,16.3,73.7,23.8,99.7
2026-10-18 10:00:00,RJPN-001-1,RJPN-001,Band 1 (2100MHz),-80.9,-8.6,9.2,11.0,2.1,51.7
2026-10-18 10:00:00,RJPN-001-2,RJPN-001,Band 1 (2100MHz),-80.6,-11.1,18.9,6.8,15.1,7.7
2026-10-18 10:00:00,RJPN-001-3,RJPN-001,Band 1 (2100MHz),-81.9,-8.1,15.8,34.1,14.8,20.8
2026-10-18 10:00:00,RJPN-002-1,RJPN-002,Band 3 (1800MHz),-80.6,-8.9,8.9,12.1,12.6,0.0
2026-10-18 10:00:00,RJPN-002-2,RJPN-002,Band 3 (1800MHz),-95.5,-13.2,5.7,12.1,19.8,8.6
2026-10-18 10:00:00,RJPN-002-3,RJPN-002,Band 3 (1800MHz),-82.0,-6.1,16.4,15.5,7.9,0.0
2026-10-18 10:00:00,RJPN-003-1,RJPN-003,Band 1 (2100MHz),-80.1,-10.0,19.8,32.9,16.6,10.2
2026-10-18 10:00:00,RJPN-003-2,RJPN-003,Band 1 (2100MHz),-85.3,-7.0,3.5,31.7,9.2,54.7
2026-10-18 10:00:00,RJPN-003-3,RJPN-003,Band 1 (2100MHz),-82.5,-6.9,17.4,26.1,10.5,36.0
2026-10-18 10:00:00,RJPN-004-1,RJPN-004,Band 3 (1800MHz),-90.1,-10.6,12.8,31.9,11.8,45.1
2026-10-18 10:00:00,RJPN-004-2,RJPN-004,Band 3 (1800MHz),-79.7,-6.1,7.1,38.1,11.4,24.5
2026-10-18 10:00:00,RJPN-004-3,RJPN-004,Band 3 (1800MHz),-83.0,-6.4,21.0,25.7,19.8,23.4
2026-10-18 10:00:00,RJPN-005-1,RJPN-005,Band 1 (2100MHz),-79.1,-10.2,2.9,21.5,21.6,14.3
2026-10-18 10:00:00,RJPN-005-2,RJPN-005,Band 1 (2100MHz),-77.7,-5.8,5.6,23.1,12.3,0.0
2026-10-18 10:00:00,RJPN-005-3,RJPN-005,Band 1 (2100MHz),-83.7,-8.1,2.5,3.9,12.1,7.3
2026-10-18 10:00:00,RJPN-006-1,RJPN-006,Band 3 (1800MHz),-84.4,-6.3,9.5,0.7,8.8,14.9
2026-10-18 10:00:00,RJPN-006-2,RJPN-006,Band 3 (1800MHz),-84.8,-9.9,14.1,10.4,23.5,18.6
2026-10-18 10:00:00,RJPN-006-3,RJPN-006,Band 3 (1800MHz),-88.6,-6.7,7.3,23.4,0.0,0.0
2026-10-18 10:00:00,RJPN-007-1,RJPN-007,Band 1 (2100MHz),-82.1,-7.5,20.0,13.8,6.1,53.2
2026-10-18 10:00:00,RJPN-007-2,RJPN-007,Band 1 (2100MHz),-88.1,-4.8,16.1,0.0,27.9,12.0
2026-10-18 10:00:00,RJPN-007-3,RJPN-007,Band 1 (2100MHz),-84.0,-10.2,7.7,28.7,5.5,0.0
2026-10-18 10:00:00,RJPN-008-1,RJPN-008,Band 3 (1800MHz),-93.6,-6.4,12.4,9.7,11.2,36.4
2026-10-18 10:00:00,RJPN-008-2,RJPN-008,Band 3 (1800MHz),-82.5,-9.3,8.7,24.2,5.8,35.8
2026-10-18 10:00:00,RJPN-008-3,RJPN-008,Band 3 (1800MHz),-86.3,-4.6,19.8,13.5,0.0,28.0
2026-10-18 10:00:00,RJPN-009-1,RJPN-009,Band 1 (2100MHz),-79.9,-10.6,15.2,31.4,10.4,38.8
2026-10-18 10:00:00,RJPN-009-2,RJPN-009,Band 1 (2100MHz),-86.7,-9.8,13.8,6.7,18.9,30.2
2026-10-18 10:00:00,RJPN-009-3,RJPN-009,Band 1 (2100MHz),-92.3,-7.1,9.4,10.0,0.2,8.2
2026-10-18 10:00:00,RJPN-010-1,RJPN-010,Band 3 (1800MHz),-88.4,-8.6,5.3,17.8,17.1,9.5
2026-10-18 10:00:00,RJPN-010-2,RJPN-010,Band 3 (1800MHz),-89.1,-7.7,13.7,9.6,28.6,36.3
2026-10-18 10:00:00,RJPN-010-3,RJPN-010,Band 3 (1800MHz),-79.5,-10.2,24.0,3.0,16.7,19.8
2026-10-18 10:00:00,RJPN-011-1,RJPN-011,Band 1 (2100MHz),-92.9,-10.0,4.2,29.1,33.6,12.9
2026-10-18 10:00:00,RJPN-011-2,RJPN-011,Band 1 (2100MHz),-96.8,-14.2,1.1,35.6,12.6,35.0
2026-10-18 10:00:00,RJPN-011-3,RJPN-011,Band 1 (2100MHz),-101.9,-13.9,6.4,5.1,6.8,0.0
2026-10-18 11:00:00,RJPN-001-1,RJPN-001,Band 1 (2100MHz),-83.4,-7.2,8.0,50.8,33.1,114.9
2026-10-18 11:00:00,RJPN-001-2,RJPN-001,Band 1 (2100MHz),-84.4,-12.0,11.3,33.7,22.5,86.3
2026-10-18 11:00:00,RJPN-001-3,RJPN-001,Band 1 (2100MHz),-84.7,-8.3,12.1,44.9,31.3,103.1
2026-10-18 11:00:00,RJPN-002-1,RJPN-002,Band 3 (1800MHz),-89.6,-12.3,7.6,46.0,30.0,66.9
2026-10-18 11:00:00,RJPN-002-2,RJPN-002,Band 3 (1800MHz),-96.0,-15.1,3.0,47.2,46.6,86.0
2026-10-18 11:00:00,RJPN-002-3,RJPN-002,Band 3 (1800MHz),-82.8,-11.3,11.8,65.5,28.4,69.8
2026-10-18 11:00:00,RJPN-003-1,RJPN-003,Band 1 (2100MHz),-79.4,-8.1,15.5,45.6,25.4,43.3
2026-10-18 11:00:00,RJPN-003-2,RJPN-003,Band 1 (2100MHz),-83.4,-11.7,16.2,51.8,15.6,92.7
2026-10-18 11:00:00,RJPN-003-3,RJPN-003,Band 1 (2100MHz),-85.4,-13.7,7.4,31.6,28.9,81.2
2026-10-18 11:00:00,RJPN-004-1,RJPN-004,Band 3 (1800MHz),-82.0,-9.7,14.7,54.3,46.2,58.4
2026-10-18 11:00:00,RJPN-004-2,RJPN-004,Band 3 (1800MHz),-82.8,-9.8,11.1,41.9,42.8,48.7
2026-10-18 11:00:00,RJPN-004-3,RJPN-004,Band 3 (1800MHz),-82.9,-8.0,12.7,69.1,24.9,53.6
2026-10-18 11:00:00,RJPN-005-1,RJPN-005,Band 1 (2100MHz),-84.7,-10.7,18.6,60.4,36.9,30.4
2026-10-18 11:00:00,RJPN-005-2,RJPN-005,Band 1 (2100MHz),-88.7,-8.9,14.3,46.8,43.0,84.0
2026-10-18 11:00:00,RJPN-005-3,RJPN-005,Band 1 (2100MHz),-81.3,-8.9,19.9,66.3,21.1,123.8
2026-10-18 11:00:00,RJPN-006-1,RJPN-006,Band 3 (1800MHz),-87.0,-9.9,7.0,58.0,16.1,69.6
2026-10-18 11:00:00,RJPN-006-2,RJPN-006,Band 3 (1800MHz),-81.2,-10.8,16.1,45.6,26.8,81.8
2026-10-18 11:00:00,RJPN-006-3,RJPN-006,Band 3 (1800MHz),-91.9,-11.0,20.8,53.3,37.3,92.4
2026-10-18 11:00:00,RJPN-007-1,RJPN-007,Band 1 (2100MHz),-85.8,-10.8,21.2,57.7,22.3,54.6
2026-10-18 11:00:00,RJPN-007-2,RJPN-007,Band 1 (2100MHz),-85.7,-9.4,18.3,56.6,16.2,93.8
2026-10-18 11:00:00,RJPN-007-3,RJPN-007,Band 1 (2100MHz),-88.9,-9.8,12.2,78.7,16.9,92.0
2026-10-18 11:00:00,RJPN-008-1,RJPN-008,Band 3 (1800MHz),-83.0,-9.8,16.7,51.3,10.5,67.7
2026-10-18 11:00:00,RJPN-008-2,RJPN-008,Band 3 (1800MHz),-83.5,-14.3,2.6,57.6,37.9,67.1
2026-10-18 11:00:00,RJPN-008-3,RJPN-008,Band 3 (1800MHz),-85.2,-11.5,9.7,66.9,20.1,56.3
2026-10-18 11:00:00,RJPN-009-1,RJPN-009,Band 1 (2100MHz),-88.4,-10.0,12.5,64.1,25.5,63.5
2026-10-18 11:00:00,RJPN-009-2,RJPN-009,Band 1 (2100MHz),-90.1,-10.5,12.2,48.5,16.2,96.7
2026-10-18 11:00:00,RJPN-009-3,RJPN-009,Band 1 (2100MHz),-88.3,-10.6,15.0,57.4,16.6,81.8
2026-10-18 11:00:00,RJPN-010-1,RJPN-010,Band 3 (1800MHz),-90.2,-7.9,3.5,55.7,16.0,109.2
2026-10-18 11:00:00,RJPN-010-2,RJPN-010,Band 3 (1800MHz),-87.7,-11.2,7.2,57.9,11.2,61.7
2026-10-18 11:00:00,RJPN-010-3,RJPN-010,Band 3 (1800MHz),-90.5,-8.5,15.1,46.5,43.3,139.0
2026-10-18 11:00:00,RJPN-011-1,RJPN-011,Band 1 (2100MHz),-87.8,-11.9,9.2,49.7,35.2,96.0
2026-10-18 11:00:00,RJPN-011-2,RJPN-011,Band 1 (2100MHz),-101.3,-13.4,6.9,49.9,39.5,75.3
2026-10-18 11:00:00,RJPN-011-3,RJPN-011,Band 1 (2100MHz),-94.0,-17.5,7.0,53.1,18.0,86.4
2026-10-18 12:00:00,RJPN-001-1,RJPN-001,Band 1 (2100MHz),-89.7,-8.5,7.4,24.0,26.8,107.2
2026-10-18 12:00:00,RJPN-001-2,RJPN-001,Band 1 (2100MHz),-84.7,-9.7,12.0,58.4,33.5,91.6
2026-10-18 12:00:00,RJPN-001-3,RJPN-001,Band 1 (2100MHz),-79.6,-10.4,10.3,42.1,40.2,77.7
2026-10-18 12:00:00,RJPN-002-1,RJPN-002,Band 3 (1800MHz),-83.0,-8.7,7.8,51.9,20.0,42.5
2026-10-18 12:00:00,RJPN-002-2,RJPN-002,Band 3 (1800MHz),-91.4,-14.6,9.7,73.6,12.1,77.8
2026-10-18 12:00:00,RJPN-002-3,RJPN-002,Band 3 (1800MHz),-82.8,-10.3,11.6,41.5,31.8,85.3
2026-10-18 12:00:00,RJPN-003-1,RJPN-003,Band 1 (2100MHz),-85.0,-9.1,7.7,40.8,42.3,68.0
2026-10-18 12:00:00,RJPN-003-2,RJPN-003,Band 1 (2100MHz),-90.5,-10.7,11.9,51.3,24.8,91.5
2026-10-18 12:00:00,RJPN-003-3,RJPN-003,Band 1 (2100MHz),-78.1,-9.0,6.2,50.7,17.1,58.3
2026-10-18 12:00:00,RJPN-004-1,RJPN-004,Band 3 (1800MHz),-83.5,-7.6,2.9,35.6,21.3,81.9
2026-10-18 12:00:00,RJPN-004-2,RJPN-004,Band 3 (1800MHz),-80.4,-10.4,15.1,42.7,18.3,95.2
2026-10-18 12:00:00,RJPN-004-3,RJPN-004,Band 3 (1800MHz),-84.6,-10.5,5.9,50.7,29.3,93.2
2026-10-18 12:00:00,RJPN-005-1,RJPN-005,Band 1 (2100MHz),-76.2,-10.8,14.5,70.0,32.9,60.0
2026-10-18 12:00:00,RJPN-005-2,RJPN-005,Band 1 (2100MHz),-92.8,-9.0,16.7,47.0,33.0,63.4
2026-10-18 12:00:00,RJPN-005-3,RJPN-005,Band 1 (2100MHz),-84.3,-11.7,9.2,66.0,38.4,74.9
2026-10-18 12:00:00,RJPN-006-1,RJPN-006,Band 3 (1800MHz),-77.6,-11.1,19.3,55.8,26.9,91.5
2026-10-18 12:00:00,RJPN-006-2,RJPN-006,Band 3 (1800MHz),-91.7,-11.0,10.1,63.4,20.8,46.4
2026-10-18 12:00:00,RJPN-006-3,RJPN-006,Band 3 (1800MHz),-92.3,-11.2,6.9,71.5,27.3,51.7
2026-10-18 12:00:00,RJPN-007-1,RJPN-007,Band 1 (2100MHz),-89.6,-4.3,6.8,46.7,20.9,66.4
2026-10-18 12:00:00,RJPN-007-2,RJPN-007,Band 1 (2100MHz),-83.5,-10.6,18.9,45.0,39.2,108.0
2026-10-18 12:00:00,RJPN-007-3,RJPN-007,Band 1 (2100MHz),-89.1,-10.1,15.3,43.3,24.2,64.7
2026-10-18 12:00:00,RJPN-008-1,RJPN-008,Band 3 (1800MHz),-82.5,-11.8,12.4,45.5,17.2,63.9
2026-10-18 12:00:00,RJPN-008-2,RJPN-008,Band 3 (1800MHz),-84.0,-11.6,11.8,70.5,26.0,77.7
2026-10-18 12:00:00,RJPN-008-3,RJPN-008,Band 3 (1800MHz),-84.3,-9.9,9.1,23.2,48.7,90.5
2026-10-18 12:00:00,RJPN-009-1,RJPN-009,Band 1 (2100MHz),-82.5,-11.6,10.6,57.6,26.9,79.5
2026-10-18 12:00:00,RJPN-009-2,RJPN-009,Band 1 (2100MHz),-78.0,-9.5,19.1,26.8,25.0,46.1
2026-10-18 12:00:00,RJPN-009-3,RJPN-009,Band 1 (2100MHz),-91.8,-7.8,14.9,53.7,37.5,87.8
2026-10-18 12:00:00,RJPN-010-1,RJPN-010,Band 3 (1800MHz),-83.8,-9.6,11.7,35.4,40.2,96.6
2026-10-18 12:00:00,RJPN-010-2,RJPN-010,Band 3 (1800MHz),-79.9,-14.7,7.8,42.6,29.8,48.9
2026-10-18 12:00:00,RJPN-010-3,RJPN-010,Band 3 (1800MHz),-85.9,-10.7,10.9,47.7,31.5,71.7
2026-10-18 12:00:00,RJPN-011-1,RJPN-011,Band 1 (2100MHz),-87.8,-8.9,17.0,60.7,25.5,92.2
2026-10-18 12:00:00,RJPN-011-2,RJPN-011,Band 1 (2100MHz),-97.1,-15.8,4.6,39.4,44.0,84.4
2026-10-18 12:00:00,RJPN-011-3,RJPN-011,Band 1 (2100MHz),-94.9,-14.2,4.0,54.1,23.6,85.7
2026-10-18 13:00:00,RJPN-001-1,RJPN-001,Band 1 (2100MHz),-84.4,-7.6,15.0,44.3,26.8,77.1
2026-10-18 13:00:00,RJPN-001-2,RJPN-001,Band 1 (2100MHz),-86.0,-11.7,10.9,46.9,27.4,48.4
2026-10-18 13:00:00,RJPN-001-3,RJPN-001,Band 1 (2100MHz),-83.2,-9.8,5.7,77.6,36.9,68.5
2026-10-18 13:00:00,RJPN-002-1,RJPN-002,Band 3 (1800MHz),-84.5,-10.1,18.0,53.1,24.2,65.0
2026-10-18 13:00:00,RJPN-002-2,RJPN-002,Band 3 (1800MHz),-90.1,-15.1,0.0,37.5,52.1,59.8
2026-10-18 13:00:00,RJPN-002-3,RJPN-002,Band 3 (1800MHz),-82.1,-10.7,10.5,34.7,28.9,68.3
2026-10-18 13:00:00,RJPN-003-1,RJPN-003,Band 1 (2100MHz),-77.3,-9.7,6.6,40.6,31.8,44.8
2026-10-18 13:00:00,RJPN-003-2,RJPN-003,Band 1 (2100MHz),-85.7,-10.0,16.4,35.3,41.3,74.4
2026-10-18 13:00:00,RJPN-003-3,RJPN-003,Band 1 (2100MHz),-87.2,-12.0,9.9,45.4,34.8,92.7
2026-10-18 13:00:00,RJPN-004-1,RJPN-004,Band 3 (1800MHz),-76.6,-14.2,11.2,51.2,6.2,87.9
2026-10-18 13:00:00,RJPN-004-2,RJPN-004,Band 3 (1800MHz),-85.0,-8.5,17.0,81.6,27.3,83.0
2026-10-18 13:00:00,RJPN-004-3,RJPN-004,Band 3 (1800MHz),-81.2,-10.0,0.4,76.9,34.5,95.1
2026-10-18 13:00:00,RJPN-005-1,RJPN-005,Band 1 (2100MHz),-82.5,-9.8,23.8,59.0,44.9,50.8
2026-10-18 13:00:00,RJPN-005-2,RJPN-005,Band 1 (2100MHz),-76.9,-12.1,14.1,47.0,24.8,71.8
2026-10-18 13:00:00,RJPN-005-3,RJPN-005,Band 1 (2100MHz),-86.8,-10.3,18.2,69.4,31.7,61.6
2026-10-18 13:00:00,RJPN-006-1,RJPN-006,Band 3 (1800MHz),-84.9,-10.0,22.8,57.1,24.2,66.2
2026-10-18 13:00:00,RJPN-006-2,RJPN-006,Band 3 (1800MHz),-81.7,-11.0,15.1,69.5,28.4,70.9
2026-10-18 13:00:00,RJPN-006-3,RJPN-006,Band 3 (1800MHz),-80.6,-9.9,6.6,64.3,27.0,105.7
2026-10-18 13:00:00,RJPN-007-1,RJPN-007,Band 1 (2100MHz),-85.3,-9.8,7.1,48.7,31.9,68.1
2026-10-18 13:00:00,RJPN-007-2,RJPN-007,Band 1 (2100MHz),-84.5,-13.5,14.1,37.1,33.0,45.1
2026-10-18 13:00:00,RJPN-007-3,RJPN-007,Band 1 (2100MHz),-88.7,-11.9,16.9,47.8,31.4,109.1
2026-10-18 13:00:00,RJPN-008-1,RJPN-008,Band 3 (1800MHz),-84.6,-8.8,12.0,56.2,26.8,53.1
2026-10-18 13:00:00,RJPN-008-2,RJPN-008,Band 3 (1800MHz),-88.4,-7.5,19.7,46.3,17.0,111.1
2026-10-18 13:00:00,RJPN-008-3,RJPN-008,Band 3 (1800MHz),-86.8,-11.2,19.5,48.6,21.4,94.8
2026-10-18 13:00:00,RJPN-009-1,RJPN-009,Band 1 (2100MHz),-80.7,-11.2,7.7,48.6,22.4,116.0
2026-10-18 13:00:00,RJPN-009-2,RJPN-009,Band 1 (2100MHz),-83.2,-8.4,13.2,53.6,8.6,117.5
2026-10-18 13:00:00,RJPN-009-3,RJPN-009,Band 1 (2100MHz),-79.5,-7.8,16.7,39.1,42.0,117.2
2026-10-18 13:00:00,RJPN-010-1,RJPN-010,Band 3 (1800MHz),-80.2,-12.2,13.2,39.5,34.1,105.5
2026-10-18 13:00:00,RJPN-010-2,RJPN-010,Band 3 (1800MHz),-88.3,-4.8,25.9,48.8,20.3,99.2
2026-10-18 13:00:00,RJPN-010-3,RJPN-010,Band 3 (1800MHz),-91.9,-8.4,10.4,58.0,45.6,77.8
2026-10-18 13:00:00,RJPN-011-1,RJPN-011,Band 1 (2100MHz),-88.6,-7.5,8.7,43.8,22.9,92.2
2026-10-18 13:00:00,RJPN-011-2,RJPN-011,Band 1 (2100MHz),-99.0,-11.7,12.2,42.5,29.9,112.0
2026-10-18 13:00:00,RJPN-011-3,RJPN-011,Band 1 (2100MHz),-94.0,-13.9,12.8,58.4,38.0,85.2
2026-10-18 14:00:00,RJPN-001-1,RJPN-001,Band 1 (2100MHz),-87.9,-6.6,13.6,35.4,28.7,92.8
2026-10-18 14:00:00,RJPN-001-2,RJPN-001,Band 1 (2100MHz),-81.4,-10.0,22.9,51.6,35.7,56.6
2026-10-18 14:00:00,RJPN-001-3,RJPN-001,Band 1 (2100MHz),-90.2,-15.1,10.9,29.1,24.1,72.9
2026-10-18 14:00:00,RJPN-002-1,RJPN-002,Band 3 (1800MHz),-93.0,-9.9,4.2,57.6,46.2,67.9
2026-10-18 14:00:00,RJPN-002-2,RJPN-002,Band 3 (1800MHz),-103.3,-12.2,-3.9,14.8,30.3,76.9
2026-10-18 14:00:00,RJPN-002-3,RJPN-002,Band 3 (1800MHz),-92.6,-10.4,14.8,58.9,24.1,96.2
2026-10-18 14:00:00,RJPN-003-1,RJPN-003,Band 1 (2100MHz),-85.4,-6.9,8.8,72.2,9.1,122.5
2026-10-18 14:00:00,RJPN-003-2,RJPN-003,Band 1 (2100MHz),-86.9,-10.5,14.9,45.2,24.6,67.6
2026-10-18 14:00:00,RJPN-003-3,RJPN-003,Band 1 (2100MHz),-92.8,-10.3,3.5,49.8,41.4,62.5
2026-10-18 14:00:00,RJPN-004-1,RJPN-004,Band 3 (1800MHz),-82.4,-12.6,14.7,57.6,33.4,116.9
2026-10-18 14:00:00,RJPN-004-2,RJPN-004,Band 3 (1800MHz),-85.0,-13.7,10.9,49.2,28.7,84.9
2026-10-18 14:00:00,RJPN-004-3,RJPN-004,Band 3 (1800MHz),-77.8,-10.9,8.0,55.8,43.2,56.2
2026-10-18 14:00:00,RJPN-005-1,RJPN-005,Band 1 (2100MHz),-85.3,-10.8,12.6,50.4,31.9,105.1
2026-10-18 14:00:00,RJPN-005-2,RJPN-005,Band 1 (2100MHz),-83.0,-11.4,13.2,53.1,20.3,55.9
2026-10-18 14:00:00,RJPN-005-3,RJPN-005,Band 1 (2100MHz),-91.5,-10.6,13.1,26.8,31.1,79.4
2026-10-18 14:00:00,RJPN-006-1,RJPN-006,Band 3 (1800MHz),-91.5,-11.6,12.6,67.2,40.7,51.7
2026-10-18 14:00:00,RJPN-006-2,RJPN-006,Band 3 (1800MHz),-89.2,-13.4,13.1,57.9,26.7,64.2
2026-10-18 14:00:00,RJPN-006-3,RJPN-006,Band 3 (1800MHz),-86.3,-9.0,16.3,27.1,14.9,126.3
2026-10-18 14:00:00,RJPN-007-1,RJPN-007,Band 1 (2100MHz),-90.4,-11.1,13.3,51.6,27.2,99.0
2026-10-18 14:00:00,RJPN-007-2,RJPN-007,Band 1 (2100MHz),-77.1,-11.1,18.1,63.6,29.7,70.9
2026-10-18 14:00:00,RJPN-007-3,RJPN-007,Band 1 (2100MHz),-85.9,-11.4,9.5,48.4,18.3,57.3
2026-10-18 14:00:00,RJPN-008-1,RJPN-008,Band 3 (1800MHz),-89.9,-10.6,12.8,55.2,21.4,76.8
2026-10-18 14:00:00,RJPN-008-2,RJPN-008,Band 3 (1800MHz),-86.1,-10.0,20.1,53.8,17.8,85.5
2026-10-18 14:00:00,RJPN-008-3,RJPN-008,Band 3 (1800MHz),-84.5,-9.7,13.6,50.4,25.2,103.3
2026-10-18 14:00:00,RJPN-009-1,RJPN-009,Band 1 (2100MHz),-87.8,-8.6,11.9,40.1,9.7,78.9
2026-10-18 14:00:00,RJPN-009-2,RJPN-009,Band 1 (2100MHz),-86.9,-11.5,13.8,46.3,35.2,73.1
2026-10-18 14:00:00,RJPN-009-3,RJPN-009,Band 1 (2100MHz),-89.8,-8.5,11.2,56.1,12.8,63.9
2026-10-18 14:00:00,RJPN-010-1,RJPN-010,Band 3 (1800MHz),-81.2,-5.9,11.4,54.1,26.7,97.4
2026-10-18 14:00:00,RJPN-010-2,RJPN-010,Band 3 (1800MHz),-91.5,-11.7,5.9,49.3,26.6,70.3
2026-10-18 14:00:00,RJPN-010-3,RJPN-010,Band 3 (1800MHz),-81.9,-6.9,17.7,42.3,41.6,92.0
2026-10-18 14:00:00,RJPN-011-1,RJPN-011,Band 1 (2100MHz),-79.8,-8.8,9.1,54.7,33.2,100.7
2026-10-18 14:00:00,RJPN-011-2,RJPN-011,Band 1 (2100MHz),-101.3,-11.3,13.8,43.9,9.5,44.3
2026-10-18 14:00:00,RJPN-011-3,RJPN-011,Band 1 (2100MHz),-98.2,-17.3,0.8,36.2,31.3,43.7
2026-10-18 15:00:00,RJPN-001-1,RJPN-001,Band 1 (2100MHz),-84.9,-8.3,1.9,16.4,4.1,52.0
2026-10-18 15:00:00,RJPN-001-2,RJPN-001,Band 1 (2100MHz),-89.3,-11.4,10.7,9.6,0.0,51.6
2026-10-18 15:00:00,RJPN-001-3,RJPN-001,Band 1 (2100MHz),-87.3,-9.1,15.8,23.0,0.0,4.6
2026-10-18 15:00:00,RJPN-002-1,RJPN-002,Band 3 (1800MHz),-84.2,-8.8,17.7,19.3,18.0,57.4
2026-10-18 15:00:00,RJPN-002-2,RJPN-002,Band 3 (1800MHz),-96.1,-11.0,-0.6,13.0,19.1,54.2
2026-10-18 15:00:00,RJPN-002-3,RJPN-002,Band 3 (1800MHz),-81.1,-8.5,13.7,0.0,0.0,45.8
2026-10-18 15:00:00,RJPN-003-1,RJPN-003,Band 1 (2100MHz),-85.7,-6.9,18.6,0.0,9.8,1.7
2026-10-18 15:00:00,RJPN-003-2,RJPN-003,Band 1 (2100MHz),-88.7,-8.6,5.4,18.6,3.2,22.0
2026-10-18 15:00:00,RJPN-003-3,RJPN-003,Band 1 (2100MHz),-81.2,-6.0,3.3,28.5,22.1,24.5
2026-10-18 15:00:00,RJPN-004-1,RJPN-004,Band 3 (1800MHz),-92.6,-10.2,14.3,19.5,0.0,0.0
2026-10-18 15:00:00,RJPN-004-2,RJPN-004,Band 3 (1800MHz),-84.8,-5.1,5.8,14.7,17.6,44.7
2026-10-18 15:00:00,RJPN-004-3,RJPN-004,Band 3 (1800MHz),-86.4,-7.0,21.8,0.4,4.1,63.1
2026-10-18 15:00:00,RJPN-005-1,RJPN-005,Band 1 (2100MHz),-79.8,-9.3,11.4,13.6,9.7,34.6
2026-10-18 15:00:00,RJPN-005-2,RJPN-005,Band 1 (2100MHz),-86.8,-8.6,14.3,2.0,20.1,6.5
2026-10-18 15:00:00,RJPN-005-3,RJPN-005,Band 1 (2100MHz),-86.7,-7.5,13.0,27.5,0.0,12.7
2026-10-18 15:00:00,RJPN-006-1,RJPN-006,Band 3 (1800MHz),-86.7,-10.3,20.8,34.8,0.0,32.7
2026-10-18 15:00:00,RJPN-006-2,RJPN-006,Band 3 (1800MHz),-80.4,-7.8,7.8,12.6,7.6,43.1
2026-10-18 15:00:00,RJPN-006-3,RJPN-006,Band 3 (1800MHz),-82.3,-10.8,15.1,1.9,7.9,19.4
2026-10-18 15:00:00,RJPN-007-1,RJPN-007,Band 1 (2100MHz),-76.2,-10.5,9.2,17.7,4.9,13.3
2026-10-18 15:00:00,RJPN-007-2,RJPN-007,Band 1 (2100MHz),-77.7,-7.9,21.7,8.2,4.0,37.4
2026-10-18 15:00:00,RJPN-007-3,RJPN-007,Band 1 (2100MHz),-78.4,-9.3,8.6,10.2,15.3,46.8
2026-10-18 15:00:00,RJPN-008-1,RJPN-008,Band 3 (1800MHz),-80.6,-7.6,26.0,6.8,19.3,5.0
2026-10-18 15:00:00,RJPN-008-2,RJPN-008,Band 3 (1800MHz),-84.3,-10.6,14.4,16.9,1.3,10.9
2026-10-18 15:00:00,RJPN-008-3,RJPN-008,Band 3 (1800MHz),-86.7,-13.0,14.8,6.8,19.2,42.0
2026-10-18 15:00:00,RJPN-009-1,RJPN-009,Band 1 (2100MHz),-87.0,-7.8,4.0,10.8,10.7,58.3
2026-10-18 15:00:00,RJPN-009-2,RJPN-009,Band 1 (2100MHz),-81.8,-11.4,14.0,15.5,13.6,27.7
2026-10-18 15:00:00,RJPN-009-3,RJPN-009,Band 1 (2100MHz),-83.6,-11.3,11.1,35.5,3.5,44.4
2026-10-18 15:00:00,RJPN-010-1,RJPN-010,Band 3 (1800MHz),-87.4,-8.4,19.5,27.5,0.0,45.7
2026-10-18 15:00:00,RJPN-010-2,RJPN-010,Band 3 (1800MHz),-86.9,-7.0,16.5,8.2,6.2,0.0
2026-10-18 15:00:00,RJPN-010-3,RJPN-010,Band 3 (1800MHz),-87.5,-4.8,9.7,9.7,8.6,7.7
2026-10-18 15:00:00,RJPN-011-1,RJPN-011,Band 1 (2100MHz),-82.9,-8.7,16.5,19.8,15.5,1.0
2026-10-18 15:00:00,RJPN-011-2,RJPN-011,Band 1 (2100MHz),-99.6,-15.9,7.8,22.1,25.0,42.6
2026-10-18 15:00:00,RJPN-011-3,RJPN-011,Band 1 (2100MHz),-99.7,-12.9,5.1,12.5,6.2,14.8
2026-10-18 16:00:00,RJPN-001-1,RJPN-001,Band 1 (2100MHz),-80.5,-11.3,8.2,55.0,49.2,73.6
2026-10-18 16:00:00,RJPN-001-2,RJPN-001,Band 1 (2100MHz),-93.2,-13.5,16.2,86.1,40.7,81.4
2026-10-18 16:00:00,RJPN-001-3,RJPN-001,Band 1 (2100MHz),-86.4,-10.4,9.1,58.6,50.0,110.7
2026-10-18 16:00:00,RJPN-002-1,RJPN-002,Band 3 (1800MHz),-79.3,-10.9,11.3,82.6,29.1,123.9
2026-10-18 16:00:00,RJPN-002-2,RJPN-002,Band 3 (1800MHz),-99.9,-14.3,4.7,71.3,51.6,96.7
2026-10-18 16:00:00,RJPN-002-3,RJPN-002,Band 3 (1800MHz),-83.8,-8.6,10.7,58.8,42.1,99.9
2026-10-18 16:00:00,RJPN-003-1,RJPN-003,Band 1 (2100MHz),-79.5,-12.2,11.4,37.8,41.6,92.1
2026-10-18 16:00:00,RJPN-003-2,RJPN-003,Band 1 (2100MHz),-80.3,-11.8,13.3,56.7,46.5,100.7
2026-10-18 16:00:00,RJPN-003-3,RJPN-003,Band 1 (2100MHz),-86.0,-12.8,14.9,58.2,28.2,100.0
2026-10-18 16:00:00,RJPN-004-1,RJPN-004,Band 3 (1800MHz),-85.6,-14.8,17.9,65.3,22.3,89.2
2026-10-18 16:00:00,RJPN-004-2,RJPN-004,Band 3 (1800MHz),-88.4,-10.1,17.0,78.2,56.5,93.3
2026-10-18 16:00:00,RJPN-004-3,RJPN-004,Band 3 (1800MHz),-88.1,-9.5,15.6,73.1,37.6,133.4
2026-10-18 16:00:00,RJPN-005-1,RJPN-005,Band 1 (2100MHz),-88.2,-11.6,8.2,69.5,39.6,114.0
2026-10-18 16:00:00,RJPN-005-2,RJPN-005,Band 1 (2100MHz),-88.7,-8.8,14.3,52.3,49.3,124.7
2026-10-18 16:00:00,RJPN-005-3,RJPN-005,Band 1 (2100MHz),-82.9,-9.4,12.0,79.1,45.6,121.9
2026-10-18 16:00:00,RJPN-006-1,RJPN-006,Band 3 (1800MHz),-84.9,-13.2,5.2,85.2,21.4,114.0
2026-10-18 16:00:00,RJPN-006-2,RJPN-006,Band 3 (1800MHz),-87.9,-12.5,7.1,59.7,53.9,105.6
2026-10-18 16:00:00,RJPN-006-3,RJPN-006,Band 3 (1800MHz),-84.2,-11.6,4.6,69.3,39.9,114.5
2026-10-18 16:00:00,RJPN-007-1,RJPN-007,Band 1 (2100MHz),-92.0,-13.0,17.4,62.3,28.8,70.4
2026-10-18 16:00:00,RJPN-007-2,RJPN-007,Band 1 (2100MHz),-86.2,-12.3,17.1,32.5,36.4,105.3
2026-10-18 16:00:00,RJPN-007-3,RJPN-007,Band 1 (2100MHz),-88.0,-8.9,18.9,45.7,47.9,126.1
2026-10-18 16:00:00,RJPN-008-1,RJPN-008,Band 3 (1800MHz),-85.0,-11.2,18.9,52.0,41.4,140.4
2026-10-18 16:00:00,RJPN-008-2,RJPN-008,Band 3 (1800MHz),-84.1,-12.8,15.8,66.4,35.1,89.4
2026-10-18 16:00:00,RJPN-008-3,RJPN-008,Band 3 (1800MHz),-83.0,-13.0,12.8,76.8,44.8,99.3
2026-10-18 16:00:00,RJPN-009-1,RJPN-009,Band 1 (2100MHz),-75.2,-10.5,14.6,49.9,43.1,83.1
2026-10-18 16:00:00,RJPN-009-2,RJPN-009,Band 1 (2100MHz),-91.4,-12.9,11.1,76.1,36.8,121.0
2026-10-18 16:00:00,RJPN-009-3,RJPN-009,Band 1 (2100MHz),-86.8,-9.9,16.3,61.1,38.8,119.6
2026-10-18 16:00:00,RJPN-010-1,RJPN-010,Band 3 (1800MHz),-83.8,-8.7,15.3,56.0,42.9,106.0
2026-10-18 16:00:00,RJPN-010-2,RJPN-010,Band 3 (1800MHz),-90.5,-11.5,18.9,63.0,34.3,128.9
2026-10-18 16:00:00,RJPN-010-3,RJPN-010,Band 3 (1800MHz),-81.9,-10.1,14.3,62.5,30.2,129.2
2026-10-18 16:00:00,RJPN-011-1,RJPN-011,Band 1 (2100MHz),-82.9,-11.5,5.5,91.6,32.7,125.6
2026-10-18 16:00:00,RJPN-011-2,RJPN-011,Band 1 (2100MHz),-98.7,-16.1,11.7,56.1,29.4,75.4
2026-10-18 16:00:00,RJPN-011-3,RJPN-011,Band 1 (2100MHz),-101.7,-17.5,3.2,36.7,35.5,83.1
2026-10-18 17:00:00,RJPN-001-1,RJPN-001,Band 1 (2100MHz),-80.0,-13.2,15.3,58.5,36.5,155.0
2026-10-18 17:00:00,RJPN-001-2,RJPN-001,Band 1 (2100MHz),-89.4,-14.5,4.3,78.4,50.2,149.3
2026-10-18 17:00:00,RJPN-001-3,RJPN-001,Band 1 (2100MHz),-82.8,-13.9,12.7,83.8,44.7,147.9
2026-10-18 17:00:00,RJPN-002-1,RJPN-002,Band 3 (1800MHz),-87.1,-8.1,11.4,82.6,55.5,121.8
2026-10-18 17:00:00,RJPN-002-2,RJPN-002,Band 3 (1800MHz),-98.0,-14.5,17.4,68.5,27.6,107.9
2026-10-18 17:00:00,RJPN-002-3,RJPN-002,Band 3 (1800MHz),-90.5,-9.4,12.7,74.0,42.4,111.1
2026-10-18 17:00:00,RJPN-003-1,RJPN-003,Band 1 (2100MHz),-85.4,-8.3,14.4,74.8,44.2,73.2
2026-10-18 17:00:00,RJPN-003-2,RJPN-003,Band 1 (2100MHz),-85.5,-11.7,19.3,66.4,54.4,100.4
2026-10-18 17:00:00,RJPN-003-3,RJPN-003,Band 1 (2100MHz),-85.3,-12.1,12.4,80.2,45.1,130.7
2026-10-18 17:00:00,RJPN-004-1,RJPN-004,Band 3 (1800MHz),-83.7,-13.5,4.8,68.2,40.2,138.0
2026-10-18 17:00:00,RJPN-004-2,RJPN-004,Band 3 (1800MHz),-84.0,-7.4,15.1,78.2,38.6,115.0
2026-10-18 17:00:00,RJPN-004-3,RJPN-004,Band 3 (1800MHz),-84.8,-11.1,10.0,74.6,55.2,111.4
2026-10-18 17:00:00,RJPN-005-1,RJPN-005,Band 1 (2100MHz),-81.6,-14.4,16.8,68.9,41.3,105.2
2026-10-18 17:00:00,RJPN-005-2,RJPN-005,Band 1 (2100MHz),-92.0,-13.4,14.4,82.1,39.5,151.4
2026-10-18 17:00:00,RJPN-005-3,RJPN-005,Band 1 (2100MHz),-81.2,-15.4,15.4,76.0,35.3,118.9
2026-10-18 17:00:00,RJPN-006-1,RJPN-006,Band 3 (1800MHz),-93.7,-8.7,9.7,70.6,44.8,122.0
2026-10-18 17:00:00,RJPN-006-2,RJPN-006,Band 3 (1800MHz),-87.8,-10.6,11.4,75.6,34.3,138.3
2026-10-18 17:00:00,RJPN-006-3,RJPN-006,Band 3 (1800MHz),-78.3,-12.0,22.1,82.4,33.8,148.3
2026-10-18 17:00:00,RJPN-007-1,RJPN-007,Band 1 (2100MHz),-91.8,-13.0,11.1,65.1,38.4,113.5
2026-10-18 17:00:00,RJPN-007-2,RJPN-007,Band 1 (2100MHz),-87.2,-10.7,10.4,65.7,44.8,107.9
2026-10-18 17:00:00,RJPN-007-3,RJPN-007,Band 1 (2100MHz),-81.0,-13.8,3.6,57.5,42.4,125.2
2026-10-18 17:00:00,RJPN-008-1,RJPN-008,Band 3 (1800MHz),-87.8,-15.2,14.2,82.9,38.6,122.3
2026-10-18 17:00:00,RJPN-008-2,RJPN-008,Band 3 (1800MHz),-74.0,-11.1,19.7,78.4,50.5,102.3
2026-10-18 17:00:00,RJPN-008-3,RJPN-008,Band 3 (1800MHz),-82.9,-12.4,12.6,57.3,64.6,131.4
2026-10-18 17:00:00,RJPN-009-1,RJPN-009,Band 1 (2100MHz),-87.2,-14.0,8.5,66.7,34.4,116.0
2026-10-18 17:00:00,RJPN-009-2,RJPN-009,Band 1 (2100MHz),-88.1,-10.3,17.9,44.8,54.7,92.4
2026-10-18 17:00:00,RJPN-009-3,RJPN-009,Band 1 (2100MHz),-84.4,-12.2,18.8,65.9,49.5,124.2
2026-10-18 17:00:00,RJPN-010-1,RJPN-010,Band 3 (1800MHz),-79.5,-11.9,3.4,71.5,41.7,115.1
2026-10-18 17:00:00,RJPN-010-2,RJPN-010,Band 3 (1800MHz),-85.5,-9.0,11.8,65.3,38.8,108.4
2026-10-18 17:00:00,RJPN-010-3,RJPN-010,Band 3 (1800MHz),-90.0,-12.5,20.1,78.5,32.9,146.2
2026-10-18 17:00:00,RJPN-011-1,RJPN-011,Band 1 (2100MHz),-84.0,-12.9,11.6,77.9,46.3,80.5
2026-10-18 17:00:00,RJPN-011-2,RJPN-011,Band 1 (2100MHz),-101.1,-14.0,11.5,82.0,44.9,74.8
2026-10-18 17:00:00,RJPN-011-3,RJPN-011,Band 1 (2100MHz),-98.5,-12.3,4.5,95.2,53.6,112.1
2026-10-18 18:00:00,RJPN-001-1,RJPN-001,Band 1 (2100MHz),-94.8,-13.4,20.3,76.7,43.4,149.1
2026-10-18 18:00:00,RJPN-001-2,RJPN-001,Band 1 (2100MHz),-86.7,-13.8,8.7,64.7,14.4,129.7
2026-10-18 18:00:00,RJPN-001-3,RJPN-001,Band 1 (2100MHz),-87.1,-11.4,21.5,58.2,49.0,170.5
2026-10-18 18:00:00,RJPN-002-1,RJPN-002,Band 3 (1800MHz),-85.4,-10.5,6.4,100.0,40.5,129.3
2026-10-18 18:00:00,RJPN-002-2,RJPN-002,Band 3 (1800MHz),-94.0,-17.0,16.3,83.5,54.7,157.6
2026-10-18 18:00:00,RJPN-002-3,RJPN-002,Band 3 (1800MHz),-93.1,-9.4,18.5,73.2,58.2,137.0
2026-10-18 18:00:00,RJPN-003-1,RJPN-003,Band 1 (2100MHz),-81.9,-15.8,9.2,81.6,47.9,162.7
2026-10-18 18:00:00,RJPN-003-2,RJPN-003,Band 1 (2100MHz),-86.0,-11.2,14.6,79.3,40.7,101.5
2026-10-18 18:00:00,RJPN-003-3,RJPN-003,Band 1 (2100MHz),-86.0,-13.9,15.1,78.5,24.3,134.0
2026-10-18 18:00:00,RJPN-004-1,RJPN-004,Band 3 (1800MHz),-86.4,-12.5,14.4,67.7,32.8,125.3
2026-10-18 18:00:00,RJPN-004-2,RJPN-004,Band 3 (1800MHz),-86.6,-14.7,11.2,100.0,46.5,75.4
2026-10-18 18:00:00,RJPN-004-3,RJPN-004,Band 3 (1800MHz),-90.8,-7.7,16.6,75.4,53.5,116.4
2026-10-18 18:00:00,RJPN-005-1,RJPN-005,Band 1 (2100MHz),-84.7,-11.6,17.5,88.4,35.9,112.3
2026-10-18 18:00:00,RJPN-005-2,RJPN-005,Band 1 (2100MHz),-86.9,-11.7,13.8,72.7,61.1,131.0
2026-10-18 18:00:00,RJPN-005-3,RJPN-005,Band 1 (2100MHz),-79.0,-11.0,16.0,72.6,43.1,173.4
2026-10-18 18:00:00,RJPN-006-1,RJPN-006,Band 3 (1800MHz),-84.5,-12.8,15.2,73.7,48.2,144.4
2026-10-18 18:00:00,RJPN-006-2,RJPN-006,Band 3 (1800MHz),-81.9,-12.0,14.0,87.1,44.0,130.5
2026-10-18 18:00:00,RJPN-006-3,RJPN-006,Band 3 (1800MHz),-81.1,-12.4,14.5,83.2,54.6,126.1
2026-10-18 18:00:00,RJPN-007-1,RJPN-007,Band 1 (2100MHz),-84.1,-6.9,8.9,61.7,47.1,153.1
2026-10-18 18:00:00,RJPN-007-2,RJPN-007,Band 1 (2100MHz),-88.0,-8.9,17.8,75.3,45.6,128.8
2026-10-18 18:00:00,RJPN-007-3,RJPN-007,Band 1 (2100MHz),-80.0,-9.7,13.3,100.0,39.8,157.0
2026-10-18 18:00:00,RJPN-008-1,RJPN-008,Band 3 (1800MHz),-82.3,-14.8,17.0,91.0,44.7,130.3
2026-10-18 18:00:00,RJPN-008-2,RJPN-008,Band 3 (1800MHz),-81.7,-14.1,6.3,69.0,47.9,125.9
2026-10-18 18:00:00,RJPN-008-3,RJPN-008,Band 3 (1800MHz),-79.6,-9.9,19.7,61.4,41.0,99.5
2026-10-18 18:00:00,RJPN-009-1,RJPN-009,Band 1 (2100MHz),-93.6,-13.3,9.9,84.6,57.8,146.0
2026-10-18 18:00:00,RJPN-009-2,RJPN-009,Band 1 (2100MHz),-86.4,-11.4,8.1,58.5,45.7,136.3
2026-10-18 18:00:00,RJPN-009-3,RJPN-009,Band 1 (2100MHz),-87.6,-11.7,13.8,89.3,43.0,102.2
2026-10-18 18:00:00,RJPN-010-1,RJPN-010,Band 3 (1800MHz),-77.9,-13.8,6.5,76.8,43.0,146.2
2026-10-18 18:00:00,RJPN-010-2,RJPN-010,Band 3 (1800MHz),-81.6,-11.0,17.8,81.4,36.2,137.6
2026-10-18 18:00:00,RJPN-010-3,RJPN-010,Band 3 (1800MHz),-85.3,-12.7,16.7,37.9,48.2,113.0
2026-10-18 18:00:00,RJPN-011-1,RJPN-011,Band 1 (2100MHz),-74.3,-14.5,11.3,68.6,26.0,140.8
2026-10-18 18:00:00,RJPN-011-2,RJPN-011,Band 1 (2100MHz),-90.9,-17.0,8.8,77.4,38.1,175.0
2026-10-18 18:00:00,RJPN-011-3,RJPN-011,Band 1 (2100MHz),-91.9,-20.4,9.6,68.7,44.4,140.9
2026-10-18 19:00:00,RJPN-001-1,RJPN-001,Band 1 (2100MHz),-89.1,-8.9,17.0,72.4,45.4,108.2
2026-10-18 19:00:00,RJPN-001-2,RJPN-001,Band 1 (2100MHz),-83.7,-7.5,14.5,70.7,37.9,67.0
2026-10-18 19:00:00,RJPN-001-3,RJPN-001,Band 1 (2100MHz),-80.3,-15.2,14.1,80.4,30.8,113.1
2026-10-18 19:00:00,RJPN-002-1,RJPN-002,Band 3 (1800MHz),-87.4,-10.9,13.6,73.2,56.0,121.5
2026-10-18 19:00:00,RJPN-002-2,RJPN-002,Band 3 (1800MHz),-103.9,-16.0,1.8,79.9,39.5,108.7
2026-10-18 19:00:00,RJPN-002-3,RJPN-002,Band 3 (1800MHz),-89.5,-15.3,10.8,83.6,53.5,106.6
2026-10-18 19:00:00,RJPN-003-1,RJPN-003,Band 1 (2100MHz),-88.1,-11.5,9.4,49.3,32.6,116.1
2026-10-18 19:00:00,RJPN-003-2,RJPN-003,Band 1 (2100MHz),-79.3,-9.3,13.8,65.6,44.3,121.4
2026-10-18 19:00:00,RJPN-003-3,RJPN-003,Band 1 (2100MHz),-90.6,-11.2,8.5,66.6,47.3,99.9
2026-10-18 19:00:00,RJPN-004-1,RJPN-004,Band 3 (1800MHz),-92.2,-9.7,3.0,87.6,41.5,124.7
2026-10-18 19:00:00,RJPN-004-2,RJPN-004,Band 3 (1800MHz),-85.7,-10.1,9.7,37.2,59.9,110.1
2026-10-18 19:00:00,RJPN-004-3,RJPN-004,Band 3 (1800MHz),-86.5,-14.1,14.6,94.2,37.2,125.0
2026-10-18 19:00:00,RJPN-005-1,RJPN-005,Band 1 (2100MHz),-79.0,-13.5,19.8,53.4,36.9,124.7
2026-10-18 19:00:00,RJPN-005-2,RJPN-005,Band 1 (2100MHz),-84.3,-12.0,5.1,66.6,50.9,146.4
2026-10-18 19:00:00,RJPN-005-3,RJPN-005,Band 1 (2100MHz),-85.7,-11.8,6.3,73.4,38.7,100.0
2026-10-18 19:00:00,RJPN-006-1,RJPN-006,Band 3 (1800MHz),-86.0,-10.4,17.4,83.8,41.1,103.7
2026-10-18 19:00:00,RJPN-006-2,RJPN-006,Band 3 (1800MHz),-84.8,-10.9,17.0,79.2,39.5,114.4
2026-10-18 19:00:00,RJPN-006-3,RJPN-006,Band 3 (1800MHz),-80.5,-10.6,16.0,73.3,56.0,108.7
2026-10-18 19:00:00,RJPN-007-1,RJPN-007,Band 1 (2100MHz),-83.2,-7.7,12.0,79.6,29.2,136.6
2026-10-18 19:00:00,RJPN-007-2,RJPN-007,Band 1 (2100MHz),-82.8,-11.1,12.5,69.2,47.8,103.3
2026-10-18 19:00:00,RJPN-007-3,RJPN-007,Band 1 (2100MHz),-89.5,-12.4,14.4,68.1,31.7,127.2
2026-10-18 19:00:00,RJPN-008-1,RJPN-008,Band 3 (1800MHz),-79.2,-12.8,15.9,87.0,39.7,93.9
2026-10-18 19:00:00,RJPN-008-2,RJPN-008,Band 3 (1800MHz),-79.6,-11.3,19.7,80.2,40.4,114.9
2026-10-18 19:00:00,RJPN-008-3,RJPN-008,Band 3 (1800MHz),-89.5,-9.0,17.2,81.0,41.0,114.1
2026-10-18 19:00:00,RJPN-009-1,RJPN-009,Band 1 (2100MHz),-85.3,-11.0,12.9,78.2,58.8,153.5
2026-10-18 19:00:00,RJPN-009-2,RJPN-009,Band 1 (2100MHz),-85.8,-13.9,15.9,82.5,24.6,113.5
2026-10-18 19:00:00,RJPN-009-3,RJPN-009,Band 1 (2100MHz),-91.0,-14.8,18.2,68.0,26.4,133.0
2026-10-18 19:00:00,RJPN-010-1,RJPN-010,Band 3 (1800MHz),-82.5,-11.2,20.8,82.8,56.1,152.2
2026-10-18 19:00:00,RJPN-010-2,RJPN-010,Band 3 (1800MHz),-85.9,-11.4,15.5,89.9,41.7,115.2
2026-10-18 19:00:00,RJPN-010-3,RJPN-010,Band 3 (1800MHz),-79.5,-12.7,18.9,58.3,40.1,128.5
2026-10-18 19:00:00,RJPN-011-1,RJPN-011,Band 1 (2100MHz),-88.1,-12.0,11.9,53.2,47.5,105.5
2026-10-18 19:00:00,RJPN-011-2,RJPN-011,Band 1 (2100MHz),-102.4,-15.8,4.3,77.8,28.0,137.6
2026-10-18 19:00:00,RJPN-011-3,RJPN-011,Band 1 (2100MHz),-88.4,-11.3,11.3,66.1,42.5,120.4
2026-10-18 20:00:00,RJPN-001-1,RJPN-001,Band 1 (2100MHz),-93.3,-9.1,2.8,60.1,35.1,101.1
2026-10-18 20:00:00,RJPN-001-2,RJPN-001,Band 1 (2100MHz),-84.3,-9.5,16.3,47.9,43.7,129.2
2026-10-18 20:00:00,RJPN-001-3,RJPN-001,Band 1 (2100MHz),-86.1,-14.5,10.8,83.3,31.5,99.0
2026-10-18 20:00:00,RJPN-002-1,RJPN-002,Band 3 (1800MHz),-89.5,-9.3,26.4,59.4,34.3,121.1
2026-10-18 20:00:00,RJPN-002-2,RJPN-002,Band 3 (1800MHz),-101.8,-13.0,9.6,67.1,46.7,115.5
2026-10-18 20:00:00,RJPN-002-3,RJPN-002,Band 3 (1800MHz),-83.8,-9.9,10.1,81.0,66.5,116.9
2026-10-18 20:00:00,RJPN-003-1,RJPN-003,Band 1 (2100MHz),-87.1,-13.8,13.7,51.6,36.8,106.3
2026-10-18 20:00:00,RJPN-003-2,RJPN-003,Band 1 (2100MHz),-88.0,-10.5,19.4,80.0,37.5,115.5
2026-10-18 20:00:00,RJPN-003-3,RJPN-003,Band 1 (2100MHz),-82.4,-6.8,15.8,71.7,26.4,128.0
2026-10-18 20:00:00,RJPN-004-1,RJPN-004,Band 3 (1800MHz),-80.9,-12.9,23.6,57.6,38.9,112.0
2026-10-18 20:00:00,RJPN-004-2,RJPN-004,Band 3 (1800MHz),-85.2,-13.2,10.4,63.9,21.4,113.4
2026-10-18 20:00:00,RJPN-004-3,RJPN-004,Band 3 (1800MHz),-80.5,-13.0,17.0,62.6,38.9,100.0
2026-10-18 20:00:00,RJPN-005-1,RJPN-005,Band 1 (2100MHz),-89.6,-9.8,10.7,60.1,27.2,120.9
2026-10-18 20:00:00,RJPN-005-2,RJPN-005,Band 1 (2100MHz),-88.3,-13.0,13.0,73.2,45.3,146.1
2026-10-18 20:00:00,RJPN-005-3,RJPN-005,Band 1 (2100MHz),-92.2,-10.3,12.2,76.4,38.2,82.8
2026-10-18 20:00:00,RJPN-006-1,RJPN-006,Band 3 (1800MHz),-84.3,-10.0,12.3,63.4,38.2,128.9
2026-10-18 20:00:00,RJPN-006-2,RJPN-006,Band 3 (1800MHz),-89.3,-9.5,14.4,65.0,39.4,105.1
2026-10-18 20:00:00,RJPN-006-3,RJPN-006,Band 3 (1800MHz),-88.1,-8.7,23.9,88.0,51.4,67.3
2026-10-18 20:00:00,RJPN-007-1,RJPN-007,Band 1 (2100MHz),-83.9,-9.6,29.1,56.1,24.5,154.8
2026-10-18 20:00:00,RJPN-007-2,RJPN-007,Band 1 (2100MHz),-88.4,-9.3,10.9,69.5,33.3,106.5
2026-10-18 20:00:00,RJPN-007-3,RJPN-007,Band 1 (2100MHz),-77.6,-13.9,13.9,58.5,41.9,123.6
2026-10-18 20:00:00,RJPN-008-1,RJPN-008,Band 3 (1800MHz),-76.2,-12.6,8.5,60.5,41.2,99.4
2026-10-18 20:00:00,RJPN-008-2,RJPN-008,Band 3 (1800MHz),-83.5,-11.2,14.1,60.5,42.9,105.6
2026-10-18 20:00:00,RJPN-008-3,RJPN-008,Band 3 (1800MHz),-93.2,-8.8,3.2,59.0,47.6,124.7
2026-10-18 20:00:00,RJPN-009-1,RJPN-009,Band 1 (2100MHz),-83.4,-10.4,4.9,56.9,42.5,85.7
2026-10-18 20:00:00,RJPN-009-2,RJPN-009,Band 1 (2100MHz),-90.3,-11.0,7.2,74.1,28.1,123.4
2026-10-18 20:00:00,RJPN-009-3,RJPN-009,Band 1 (2100MHz),-88.6,-15.2,15.1,73.5,27.3,75.3
2026-10-18 20:00:00,RJPN-010-1,RJPN-010,Band 3 (1800MHz),-88.8,-9.0,9.0,78.6,26.9,120.3
2026-10-18 20:00:00,RJPN-010-2,RJPN-010,Band 3 (1800MHz),-82.4,-10.4,13.2,62.5,52.0,82.8
2026-10-18 20:00:00,RJPN-010-3,RJPN-010,Band 3 (1800MHz),-83.5,-11.6,10.4,61.2,31.0,86.4
2026-10-18 20:00:00,RJPN-011-1,RJPN-011,Band 1 (2100MHz),-86.1,-5.1,18.2,69.3,47.3,117.5
2026-10-18 20:00:00,RJPN-011-2,RJPN-011,Band 1 (2100MHz),-96.0,-17.5,10.0,55.6,47.3,87.7
2026-10-18 20:00:00,RJPN-011-3,RJPN-011,Band 1 (2100MHz),-99.7,-12.6,2.0,92.4,29.9,95.0
2026-10-18 21:00:00,RJPN-001-1,RJPN-001,Band 1 (2100MHz),-84.7,-10.7,12.6,19.8,18.0,3.4
2026-10-18 21:00:00,RJPN-001-2,RJPN-001,Band 1 (2100MHz),-86.7,-7.2,12.9,18.5,7.4,0.0
2026-10-18 21:00:00,RJPN-001-3,RJPN-001,Band 1 (2100MHz),-93.8,-6.2,14.9,14.9,10.5,44.9
2026-10-18 21:00:00,RJPN-002-1,RJPN-002,Band 3 (1800MHz),-84.8,-9.5,-0.9,13.1,20.6,31.9
2026-10-18 21:00:00,RJPN-002-2,RJPN-002,Band 3 (1800MHz),-107.7,-14.9,10.0,30.9,5.0,40.4
2026-10-18 21:00:00,RJPN-002-3,RJPN-002,Band 3 (1800MHz),-86.4,-8.3,16.0,9.7,20.3,67.6
2026-10-18 21:00:00,RJPN-003-1,RJPN-003,Band 1 (2100MHz),-84.9,-6.7,6.7,3.1,21.7,0.0
2026-10-18 21:00:00,RJPN-003-2,RJPN-003,Band 1 (2100MHz),-81.0,-7.7,11.8,13.8,12.9,17.7
2026-10-18 21:00:00,RJPN-003-3,RJPN-003,Band 1 (2100MHz),-79.5,-8.4,17.4,28.4,22.4,65.8
2026-10-18 21:00:00,RJPN-004-1,RJPN-004,Band 3 (1800MHz),-83.8,-7.4,15.4,9.4,16.4,32.1
2026-10-18 21:00:00,RJPN-004-2,RJPN-004,Band 3 (1800MHz),-85.4,-5.5,12.8,21.9,11.8,30.2
2026-10-18 21:00:00,RJPN-004-3,RJPN-004,Band 3 (1800MHz),-80.8,-10.5,17.0,23.6,14.7,46.2
2026-10-18 21:00:00,RJPN-005-1,RJPN-005,Band 1 (2100MHz),-81.9,-5.1,15.8,36.4,9.9,20.4
2026-10-18 21:00:00,RJPN-005-2,RJPN-005,Band 1 (2100MHz),-85.6,-8.6,4.6,10.8,8.9,44.6
2026-10-18 21:00:00,RJPN-005-3,RJPN-005,Band 1 (2100MHz),-88.6,-8.6,17.1,31.4,19.5,0.0
2026-10-18 21:00:00,RJPN-006-1,RJPN-006,Band 3 (1800MHz),-87.7,-6.3,11.8,14.9,15.9,9.0
2026-10-18 21:00:00,RJPN-006-2,RJPN-006,Band 3 (1800MHz),-79.6,-6.7,9.1,26.3,4.2,50.7
2026-10-18 21:00:00,RJPN-006-3,RJPN-006,Band 3 (1800MHz),-82.0,-8.2,7.4,0.0,0.4,38.0
2026-10-18 21:00:00,RJPN-007-1,RJPN-007,Band 1 (2100MHz),-85.2,-10.7,3.0,10.6,0.7,21.3
2026-10-18 21:00:00,RJPN-007-2,RJPN-007,Band 1 (2100MHz),-87.1,-9.0,6.5,30.5,14.5,33.4
2026-10-18 21:00:00,RJPN-007-3,RJPN-007,Band 1 (2100MHz),-85.1,-9.8,7.4,13.3,17.2,0.0
2026-10-18 21:00:00,RJPN-008-1,RJPN-008,Band 3 (1800MHz),-89.2,-10.1,7.9,30.6,7.7,29.6
2026-10-18 21:00:00,RJPN-008-2,RJPN-008,Band 3 (1800MHz),-89.0,-4.5,12.9,18.5,5.5,30.5
2026-10-18 21:00:00,RJPN-008-3,RJPN-008,Band 3 (1800MHz),-82.5,-9.7,6.6,24.8,19.0,45.5
2026-10-18 21:00:00,RJPN-009-1,RJPN-009,Band 1 (2100MHz),-87.4,-11.1,2.0,4.9,14.9,15.1
2026-10-18 21:00:00,RJPN-009-2,RJPN-009,Band 1 (2100MHz),-90.5,-6.3,6.5,34.5,4.6,36.2
2026-10-18 21:00:00,RJPN-009-3,RJPN-009,Band 1 (2100MHz),-82.4,-7.9,7.4,0.0,15.2,5.1
2026-10-18 21:00:00,RJPN-010-1,RJPN-010,Band 3 (1800MHz),-92.3,-9.1,8.7,26.0,15.3,40.0
2026-10-18 21:00:00,RJPN-010-2,RJPN-010,Band 3 (1800MHz),-83.2,-7.5,14.6,7.1,8.8,27.2
2026-10-18 21:00:00,RJPN-010-3,RJPN-010,Band 3 (1800MHz),-85.3,-8.9,16.1,16.3,13.1,16.8
2026-10-18 21:00:00,RJPN-011-1,RJPN-011,Band 1 (2100MHz),-82.6,-8.9,12.4,32.0,2.8,56.8
2026-10-18 21:00:00,RJPN-011-2,RJPN-011,Band 1 (2100MHz),-99.9,-10.5,15.1,0.4,13.0,57.3
2026-10-18 21:00:00,RJPN-011-3,RJPN-011,Band 1 (2100MHz),-97.6,-13.1,2.0,10.0,9.3,11.2
2026-10-18 22:00:00,RJPN-001-1,RJPN-001,Band 1 (2100MHz),-87.8,-9.0,21.4,11.1,13.6,44.3
2026-10-18 22:00:00,RJPN-001-2,RJPN-001,Band 1 (2100MHz),-81.5,-7.3,10.3,28.5,0.0,0.0
2026-10-18 22:00:00,RJPN-001-3,RJPN-001,Band 1 (2100MHz),-82.3,-9.8,20.5,0.0,17.3,3.8
2026-10-18 22:00:00,RJPN-002-1,RJPN-002,Band 3 (1800MHz),-87.0,-11.0,16.5,13.0,3.5,0.0
2026-10-18 22:00:00,RJPN-002-2,RJPN-002,Band 3 (1800MHz),-93.0,-10.2,0.5,10.0,14.2,0.0
2026-10-18 22:00:00,RJPN-002-3,RJPN-002,Band 3 (1800MHz),-89.9,-7.4,19.0,6.0,0.8,0.0
2026-10-18 22:00:00,RJPN-003-1,RJPN-003,Band 1 (2100MHz),-82.4,-6.1,4.8,8.5,0.0,35.9
2026-10-18 22:00:00,RJPN-003-2,RJPN-003,Band 1 (2100MHz),-84.8,-3.5,8.0,0.2,13.4,0.0
2026-10-18 22:00:00,RJPN-003-3,RJPN-003,Band 1 (2100MHz),-82.8,-6.9,11.0,19.3,0.0,3.8
2026-10-18 22:00:00,RJPN-004-1,RJPN-004,Band 3 (1800MHz),-86.1,-5.6,9.0,20.7,0.0,0.0
2026-10-18 22:00:00,RJPN-004-2,RJPN-004,Band 3 (1800MHz),-83.4,-5.7,2.0,9.4,4.3,21.3
2026-10-18 22:00:00,RJPN-004-3,RJPN-004,Band 3 (1800MHz),-88.1,-9.9,23.3,4.3,9.3,0.0
2026-10-18 22:00:00,RJPN-005-1,RJPN-005,Band 1 (2100MHz),-85.3,-8.2,17.8,7.2,0.0,0.0
2026-10-18 22:00:00,RJPN-005-2,RJPN-005,Band 1 (2100MHz),-83.1,-6.0,18.0,11.4,0.0,50.4
2026-10-18 22:00:00,RJPN-005-3,RJPN-005,Band 1 (2100MHz),-81.2,-9.8,2.6,9.5,2.1,56.1
2026-10-18 22:00:00,RJPN-006-1,RJPN-006,Band 3 (1800MHz),-84.8,-4.3,25.0,18.2,2.7,7.6
2026-10-18 22:00:00,RJPN-006-2,RJPN-006,Band 3 (1800MHz),-88.8,-5.7,11.5,0.0,0.0,0.0
2026-10-18 22:00:00,RJPN-006-3,RJPN-006,Band 3 (1800MHz),-86.5,-8.5,12.0,0.0,7.1,0.0
2026-10-18 22:00:00,RJPN-007-1,RJPN-007,Band 1 (2100MHz),-84.6,-7.1,16.9,20.9,2.0,27.9
2026-10-18 22:00:00,RJPN-007-2,RJPN-007,Band 1 (2100MHz),-80.3,-7.8,10.0,0.0,1.7,20.5
2026-10-18 22:00:00,RJPN-007-3,RJPN-007,Band 1 (2100MHz),-85.7,-8.9,4.5,0.0,2.8,0.0
2026-10-18 22:00:00,RJPN-008-1,RJPN-008,Band 3 (1800MHz),-85.8,-6.8,21.6,0.0,0.0,31.8
2026-10-18 22:00:00,RJPN-008-2,RJPN-008,Band 3 (1800MHz),-77.5,-9.4,8.6,8.7,0.0,37.9
2026-10-18 22:00:00,RJPN-008-3,RJPN-008,Band 3 (1800MHz),-88.5,-6.8,15.4,0.0,0.6,15.0
2026-10-18 22:00:00,RJPN-009-1,RJPN-009,Band 1 (2100MHz),-90.7,-9.6,11.4,0.9,3.6,20.8
2026-10-18 22:00:00,RJPN-009-2,RJPN-009,Band 1 (2100MHz),-86.0,-8.8,16.1,31.4,11.7,23.9
2026-10-18 22:00:00,RJPN-009-3,RJPN-009,Band 1 (2100MHz),-89.7,-8.9,14.2,0.0,17.5,28.7
2026-10-18 22:00:00,RJPN-010-1,RJPN-010,Band 3 (1800MHz),-87.5,-9.8,9.1,0.0,9.8,15.1
2026-10-18 22:00:00,RJPN-010-2,RJPN-010,Band 3 (1800MHz),-74.2,-7.5,16.4,2.6,0.0,2.8
2026-10-18 22:00:00,RJPN-010-3,RJPN-010,Band 3 (1800MHz),-84.1,-3.2,4.4,1.4,5.3,19.3
2026-10-18 22:00:00,RJPN-011-1,RJPN-011,Band 1 (2100MHz),-85.2,-3.6,15.8,17.6,7.8,35.7
2026-10-18 22:00:00,RJPN-011-2,RJPN-011,Band 1 (2100MHz),-97.1,-14.8,8.3,0.0,0.2,0.0
2026-10-18 22:00:00,RJPN-011-3,RJPN-011,Band 1 (2100MHz),-94.5,-10.8,-2.5,16.8,0.0,9.2
2026-10-18 23:00:00,RJPN-001-1,RJPN-001,Band 1 (2100MHz),-77.4,-8.4,10.8,14.5,1.4,66.8
2026-10-18 23:00:00,RJPN-001-2,RJPN-001,Band 1 (2100MHz),-87.7,-8.8,14.0,0.0,0.3,22.1
2026-10-18 23:00:00,RJPN-001-3,RJPN-001,Band 1 (2100MHz),-88.5,-12.9,13.5,1.4,0.5,44.5
2026-10-18 23:00:00,RJPN-002-1,RJPN-002,Band 3 (1800MHz),-82.4,-11.6,22.1,6.5,0.0,59.5
2026-10-18 23:00:00,RJPN-002-2,RJPN-002,Band 3 (1800MHz),-102.2,-10.8,0.9,0.0,2.6,23.2
2026-10-18 23:00:00,RJPN-002-3,RJPN-002,Band 3 (1800MHz),-83.5,-8.4,16.6,1.1,0.0,47.4
2026-10-18 23:00:00,RJPN-003-1,RJPN-003,Band 1 (2100MHz),-83.8,-7.3,14.3,0.0,10.3,23.5
2026-10-18 23:00:00,RJPN-003-2,RJPN-003,Band 1 (2100MHz),-84.1,-10.5,22.8,3.1,5.0,0.0
2026-10-18 23:00:00,RJPN-003-3,RJPN-003,Band 1 (2100MHz),-80.5,-6.4,18.8,9.8,16.1,12.4
2026-10-18 23:00:00,RJPN-004-1,RJPN-004,Band 3 (1800MHz),-89.3,-11.7,8.4,0.0,2.6,8.8
2026-10-18 23:00:00,RJPN-004-2,RJPN-004,Band 3 (1800MHz),-86.5,-6.7,25.5,15.6,0.0,0.0
2026-10-18 23:00:00,RJPN-004-3,RJPN-004,Band 3 (1800MHz),-88.0,-6.5,11.8,0.0,2.1,21.4
2026-10-18 23:00:00,RJPN-005-1,RJPN-005,Band 1 (2100MHz),-86.7,-8.3,17.6,0.0,1.7,25.1
2026-10-18 23:00:00,RJPN-005-2,RJPN-005,Band 1 (2100MHz),-84.0,-9.9,4.9,22.4,10.9,22.4
2026-10-18 23:00:00,RJPN-005-3,RJPN-005,Band 1 (2100MHz),-87.5,-4.1,16.2,10.0,13.2,22.2
2026-10-18 23:00:00,RJPN-006-1,RJPN-006,Band 3 (1800MHz),-83.1,-9.0,10.6,20.2,4.9,21.4
2026-10-18 23:00:00,RJPN-006-2,RJPN-006,Band 3 (1800MHz),-90.9,-7.7,5.5,8.0,1.1,0.0
2026-10-18 23:00:00,RJPN-006-3,RJPN-006,Band 3 (1800MHz),-85.8,-4.2,20.6,0.0,0.3,43.2
2026-10-18 23:00:00,RJPN-007-1,RJPN-007,Band 1 (2100MHz),-83.4,-10.7,16.3,0.0,7.1,0.0
2026-10-18 23:00:00,RJPN-007-2,RJPN-007,Band 1 (2100MHz),-84.4,-5.1,10.4,27.3,0.0,0.0
2026-10-18 23:00:00,RJPN-007-3,RJPN-007,Band 1 (2100MHz),-87.3,-5.2,10.5,7.0,8.3,0.0
2026-10-18 23:00:00,RJPN-008-1,RJPN-008,Band 3 (1800MHz),-83.8,-6.8,17.9,2.5,1.9,1.3
2026-10-18 23:00:00,RJPN-008-2,RJPN-008,Band 3 (1800MHz),-85.2,-7.4,9.9,21.9,2.2,0.0
2026-10-18 23:00:00,RJPN-008-3,RJPN-008,Band 3 (1800MHz),-86.5,-3.5,8.8,15.2,0.0,13.2
2026-10-18 23:00:00,RJPN-009-1,RJPN-009,Band 1 (2100MHz),-86.0,-8.5,10.2,0.0,6.8,47.0
2026-10-18 23:00:00,RJPN-009-2,RJPN-009,Band 1 (2100MHz),-82.3,-10.1,11.4,24.8,0.0,0.0
2026-10-18 23:00:00,RJPN-009-3,RJPN-009,Band 1 (2100MHz),-86.8,-5.5,16.7,30.2,1.6,24.7
2026-10-18 23:00:00,RJPN-010-1,RJPN-010,Band 3 (1800MHz),-88.6,-10.0,7.8,25.5,10.6,34.9
2026-10-18 23:00:00,RJPN-010-2,RJPN-010,Band 3 (1800MHz),-87.5,-7.9,7.5,15.7,7.0,11.4
2026-10-18 23:00:00,RJPN-010-3,RJPN-010,Band 3 (1800MHz),-83.1,-5.7,17.3,5.3,0.0,18.2
2026-10-18 23:00:00,RJPN-011-1,RJPN-011,Band 1 (2100MHz),-86.7,-4.6,13.7,1.0,6.6,0.0
2026-10-18 23:00:00,RJPN-011-2,RJPN-011,Band 1 (2100MHz),-103.3,-9.6,5.3,27.2,0.0,2.5
2026-10-18 23:00:00,RJPN-011-3,RJPN-011,Band 1 (2100MHz),-101.4,-12.0,-0.4,38.1,11.8,0.0
2026-10-19 00:00:00,RJPN-001-1,RJPN-001,Band 1 (2100MHz),-84.2,-10.3,9.7,4.6,11.2,0.0
2026-10-19 00:00:00,RJPN-001-2,RJPN-001,Band 1 (2100MHz),-89.1,-8.2,8.3,17.2,0.0,0.0
2026-10-19 00:00:00,RJPN-001-3,RJPN-001,Band 1 (2100MHz),-86.0,-7.3,8.6,9.4,1.1,27.0
2026-10-19 00:00:00,RJPN-002-1,RJPN-002,Band 3 (1800MHz),-85.6,-6.9,6.8,2.2,25.7,0.0
2026-10-19 00:00:00,RJPN-002-2,RJPN-002,Band 3 (1800MHz),-94.3,-13.3,6.5,5.5,0.0,5.6
2026-10-19 00:00:00,RJPN-002-3,RJPN-002,Band 3 (1800MHz),-92.0,-11.7,5.1,0.0,12.1,2.9
2026-10-19 00:00:00,RJPN-003-1,RJPN-003,Band 1 (2100MHz),-95.0,-8.6,15.5,9.7,1.5,0.0
2026-10-19 00:00:00,RJPN-003-2,RJPN-003,Band 1 (2100MHz),-86.0,-7.6,13.5,6.6,27.5,26.4
2026-10-19 00:00:00,RJPN-003-3,RJPN-003,Band 1 (2100MHz),-87.1,-9.6,3.8,8.9,0.3,50.7
2026-10-19 00:00:00,RJPN-004-1,RJPN-004,Band 3 (1800MHz),-91.9,-7.6,10.4,0.0,13.8,0.0
2026-10-19 00:00:00,RJPN-004-2,RJPN-004,Band 3 (1800MHz),-85.2,-7.8,10.2,2.8,6.1,24.9
2026-10-19 00:00:00,RJPN-004-3,RJPN-004,Band 3 (1800MHz),-84.9,-9.2,15.1,24.6,8.1,20.8
2026-10-19 00:00:00,RJPN-005-1,RJPN-005,Band 1 (2100MHz),-83.4,-6.1,13.8,7.7,2.0,5.1
2026-10-19 00:00:00,RJPN-005-2,RJPN-005,Band 1 (2100MHz),-83.6,-5.9,23.8,0.0,3.1,0.0
2026-10-19 00:00:00,RJPN-005-3,RJPN-005,Band 1 (2100MHz),-82.0,-5.4,9.0,0.0,18.1,24.1
2026-10-19 00:00:00,RJPN-006-1,RJPN-006,Band 3 (1800MHz),-86.2,-7.9,10.3,36.2,3.1,0.0
2026-10-19 00:00:00,RJPN-006-2,RJPN-006,Band 3 (1800MHz),-78.4,-10.6,5.3,0.0,9.2,46.4
2026-10-19 00:00:00,RJPN-006-3,RJPN-006,Band 3 (1800MHz),-86.5,-7.6,1.6,13.9,13.1,40.9
2026-10-19 00:00:00,RJPN-007-1,RJPN-007,Band 1 (2100MHz),-83.4,-9.1,17.1,1.0,12.6,12.2
2026-10-19 00:00:00,RJPN-007-2,RJPN-007,Band 1 (2100MHz),-86.1,-6.9,15.5,0.0,15.9,23.4
2026-10-19 00:00:00,RJPN-007-3,RJPN-007,Band 1 (2100MHz),-74.9,-9.4,13.3,0.0,10.6,16.5
2026-10-19 00:00:00,RJPN-008-1,RJPN-008,Band 3 (1800MHz),-89.0,-6.5,6.8,11.5,6.7,0.0
2026-10-19 00:00:00,RJPN-008-2,RJPN-008,Band 3 (1800MHz),-86.3,-2.7,20.4,17.0,5.3,0.0
2026-10-19 00:00:00,RJPN-008-3,RJPN-008,Band 3 (1800MHz),-88.8,-8.1,17.7,29.8,5.3,33.7
2026-10-19 00:00:00,RJPN-009-1,RJPN-009,Band 1 (2100MHz),-88.9,-6.6,17.7,11.1,4.7,25.6
2026-10-19 00:00:00,RJPN-009-2,RJPN-009,Band 1 (2100MHz),-87.6,-9.8,20.2,16.0,0.0,0.0
2026-10-19 00:00:00,RJPN-009-3,RJPN-009,Band 1 (2100MHz),-87.4,-9.3,11.4,12.8,1.4,0.0
2026-10-19 00:00:00,RJPN-010-1,RJPN-010,Band 3 (1800MHz),-89.8,-7.9,22.3,14.4,0.0,0.0
2026-10-19 00:00:00,RJPN-010-2,RJPN-010,Band 3 (1800MHz),-82.1,-10.1,9.9,16.0,0.0,9.7
2026-10-19 00:00:00,RJPN-010-3,RJPN-010,Band 3 (1800MHz),-77.4,-7.8,15.5,13.7,4.6,0.0
2026-10-19 00:00:00,RJPN-011-1,RJPN-011,Band 1 (2100MHz),-74.6,-5.8,7.6,1.3,0.0,0.0
2026-10-19 00:00:00,RJPN-011-2,RJPN-011,Band 1 (2100MHz),-94.2,-16.2,2.0,20.2,0.0,0.0
2026-10-19 00:00:00,RJPN-011-3,RJPN-011,Band 1 (2100MHz),-96.7,-10.7,3.2,3.1,5.1,11.4
2026-10-19 01:00:00,RJPN-001-1,RJPN-001,Band 1 (2100MHz),-85.3,-7.3,15.0,15.2,12.2,0.0
2026-10-19 01:00:00,RJPN-001-2,RJPN-001,Band 1 (2100MHz),-87.3,-10.7,10.1,10.7,7.1,9.9
2026-10-19 01:00:00,RJPN-001-3,RJPN-001,Band 1 (2100MHz),-84.2,-9.1,10.2,0.0,18.0,17.4
2026-10-19 01:00:00,RJPN-002-1,RJPN-002,Band 3 (1800MHz),-87.0,-8.4,15.0,15.0,12.0,11.7
2026-10-19 01:00:00,RJPN-002-2,RJPN-002,Band 3 (1800MHz),-98.4,-15.8,10.8,7.5,1.8,17.8
2026-10-19 01:00:00,RJPN-002-3,RJPN-002,Band 3 (1800MHz),-91.6,-11.8,10.9,0.6,1.2,55.2
2026-10-19 01:00:00,RJPN-003-1,RJPN-003,Band 1 (2100MHz),-91.2,-7.7,10.6,16.4,0.0,9.0
2026-10-19 01:00:00,RJPN-003-2,RJPN-003,Band 1 (2100MHz),-85.3,-8.4,12.2,11.7,0.0,17.9
2026-10-19 01:00:00,RJPN-003-3,RJPN-003,Band 1 (2100MHz),-80.5,-7.1,6.9,18.5,1.4,16.6
2026-10-19 01:00:00,RJPN-004-1,RJPN-004,Band 3 (1800MHz),-92.3,-9.5,16.5,8.6,7.2,24.8
2026-10-19 01:00:00,RJPN-004-2,RJPN-004,Band 3 (1800MHz),-87.2,-6.6,14.2,4.8,11.4,0.0
2026-10-19 01:00:00,RJPN-004-3,RJPN-004,Band 3 (1800MHz),-89.6,-7.4,11.3,23.4,0.0,35.0
2026-10-19 01:00:00,RJPN-005-1,RJPN-005,Band 1 (2100MHz),-89.9,-7.4,15.6,23.6,0.0,0.0
2026-10-19 01:00:00,RJPN-005-2,RJPN-005,Band 1 (2100MHz),-85.0,-6.3,12.4,31.8,7.4,0.0
2026-10-19 01:00:00,RJPN-005-3,RJPN-005,Band 1 (2100MHz),-85.6,-9.2,10.3,22.4,10.6,25.6
2026-10-19 01:00:00,RJPN-006-1,RJPN-006,Band 3 (1800MHz),-91.6,-8.1,21.2,0.7,2.9,53.8
2026-10-19 01:00:00,RJPN-006-2,RJPN-006,Band 3 (1800MHz),-85.4,-7.8,14.5,13.1,10.0,57.4
2026-10-19 01:00:00,RJPN-006-3,RJPN-006,Band 3 (1800MHz),-86.4,-3.6,16.4,0.0,16.5,13.4
2026-10-19 01:00:00,RJPN-007-1,RJPN-007,Band 1 (2100MHz),-86.4,-6.1,11.0,0.0,0.0,29.0
2026-10-19 01:00:00,RJPN-007-2,RJPN-007,Band 1 (2100MHz),-85.1,-7.6,9.5,0.8,0.0,15.5
2026-10-19 01:00:00,RJPN-007-3,RJPN-007,Band 1 (2100MHz),-87.2,-10.2,9.5,19.3,0.0,42.0
2026-10-19 01:00:00,RJPN-008-1,RJPN-008,Band 3 (1800MHz),-88.3,-7.5,1.9,16.4,11.3,0.0
2026-10-19 01:00:00,RJPN-008-2,RJPN-008,Band 3 (1800MHz),-87.0,-9.3,13.1,0.0,13.2,31.4
2026-10-19 01:00:00,RJPN-008-3,RJPN-008,Band 3 (1800MHz),-89.1,-9.4,16.5,10.4,8.1,0.0
2026-10-19 01:00:00,RJPN-009-1,RJPN-009,Band 1 (2100MHz),-85.5,-5.5,7.4,10.2,14.7,12.3
2026-10-19 01:00:00,RJPN-009-2,RJPN-009,Band 1 (2100MHz),-82.8,-6.4,12.1,3.4,0.0,0.0
2026-10-19 01:00:00,RJPN-009-3,RJPN-009,Band 1 (2100MHz),-81.2,-6.7,15.3,0.0,17.1,17.1
2026-10-19 01:00:00,RJPN-010-1,RJPN-010,Band 3 (1800MHz),-86.2,-6.1,15.5,10.4,10.7,0.0
2026-10-19 01:00:00,RJPN-010-2,RJPN-010,Band 3 (1800MHz),-81.2,-5.2,21.7,9.1,4.1,0.0
2026-10-19 01:00:00,RJPN-010-3,RJPN-010,Band 3 (1800MHz),-85.6,-5.0,15.8,14.1,9.0,34.8
2026-10-19 01:00:00,RJPN-011-1,RJPN-011,Band 1 (2100MHz),-84.8,-9.1,21.6,7.8,0.0,18.3
2026-10-19 01:00:00,RJPN-011-2,RJPN-011,Band 1 (2100MHz),-99.1,-9.3,2.9,19.4,1.8,16.7
2026-10-19 01:00:00,RJPN-011-3,RJPN-011,Band 1 (2100MHz),-95.4,-12.0,7.1,12.9,12.4,60.2
2026-10-19 02:00:00,RJPN-001-1,RJPN-001,Band 1 (2100MHz),-87.1,-8.6,17.4,26.5,2.7,0.0
2026-10-19 02:00:00,RJPN-001-2,RJPN-001,Band 1 (2100MHz),-87.6,-7.2,4.8,0.0,4.2,0.0
2026-10-19 02:00:00,RJPN-001-3,RJPN-001,Band 1 (2100MHz),-88.0,-8.2,18.1,3.6,0.0,2.9
2026-10-19 02:00:00,RJPN-002-1,RJPN-002,Band 3 (1800MHz),-83.1,-8.0,11.8,11.9,0.0,42.3
2026-10-19 02:00:00,RJPN-002-2,RJPN-002,Band 3 (1800MHz),-96.3,-10.8,2.4,20.1,5.0,38.5
2026-10-19 02:00:00,RJPN-002-3,RJPN-002,Band 3 (1800MHz),-83.8,-12.3,12.9,17.9,18.4,56.5
2026-10-19 02:00:00,RJPN-003-1,RJPN-003,Band 1 (2100MHz),-83.8,-9.3,19.9,8.6,0.0,24.0
2026-10-19 02:00:00,RJPN-003-2,RJPN-003,Band 1 (2100MHz),-88.2,-8.1,20.3,0.0,6.0,0.0
2026-10-19 02:00:00,RJPN-003-3,RJPN-003,Band 1 (2100MHz),-82.7,-5.4,20.0,9.0,3.2,24.8
2026-10-19 02:00:00,RJPN-004-1,RJPN-004,Band 3 (1800MHz),-86.1,-9.5,23.0,28.6,20.0,0.0
2026-10-19 02:00:00,RJPN-004-2,RJPN-004,Band 3 (1800MHz),-85.8,-5.6,16.7,11.7,0.0,5.7
2026-10-19 02:00:00,RJPN-004-3,RJPN-004,Band 3 (1800MHz),-74.4,-9.3,15.3,10.8,10.0,16.6
2026-10-19 02:00:00,RJPN-005-1,RJPN-005,Band 1 (2100MHz),-86.3,-10.2,12.0,15.5,6.5,32.8
2026-10-19 02:00:00,RJPN-005-2,RJPN-005,Band 1 (2100MHz),-82.2,-8.8,16.2,4.0,0.0,40.3
2026-10-19 02:00:00,RJPN-005-3,RJPN-005,Band 1 (2100MHz),-78.6,-5.1,10.2,23.0,4.7,43.4
2026-10-19 02:00:00,RJPN-006-1,RJPN-006,Band 3 (1800MHz),-85.0,-10.2,18.1,3.2,0.0,5.1
2026-10-19 02:00:00,RJPN-006-2,RJPN-006,Band 3 (1800MHz),-81.9,-9.2,11.0,8.3,0.0,9.2
2026-10-19 02:00:00,RJPN-006-3,RJPN-006,Band 3 (1800MHz),-81.9,-11.7,14.8,0.0,6.8,9.5
2026-10-19 02:00:00,RJPN-007-1,RJPN-007,Band 1 (2100MHz),-81.7,-6.3,12.4,0.0,2.0,13.9
2026-10-19 02:00:00,RJPN-007-2,RJPN-007,Band 1 (2100MHz),-85.3,-7.5,14.5,0.1,6.9,34.4
2026-10-19 02:00:00,RJPN-007-3,RJPN-007,Band 1 (2100MHz),-82.5,-5.6,9.3,0.0,7.3,0.0
2026-10-19 02:00:00,RJPN-008-1,RJPN-008,Band 3 (1800MHz),-86.2,-8.1,9.6,12.4,0.0,32.5
2026-10-19 02:00:00,RJPN-008-2,RJPN-008,Band 3 (1800MHz),-87.7,-9.4,10.3,0.0,9.3,4.8
2026-10-19 02:00:00,RJPN-008-3,RJPN-008,Band 3 (1800MHz),-77.8,-7.1,17.4,5.3,8.8,19.3
2026-10-19 02:00:00,RJPN-009-1,RJPN-009,Band 1 (2100MHz),-89.8,-5.4,10.7,12.8,8.2,27.0
2026-10-19 02:00:00,RJPN-009-2,RJPN-009,Band 1 (2100MHz),-87.0,-7.0,8.0,12.2,10.4,29.4
2026-10-19 02:00:00,RJPN-009-3,RJPN-009,Band 1 (2100MHz),-83.8,-8.9,9.2,15.0,7.4,37.8
2026-10-19 02:00:00,RJPN-010-1,RJPN-010,Band 3 (1800MHz),-82.4,-8.5,8.9,6.2,5.4,10.4
2026-10-19 02:00:00,RJPN-010-2,RJPN-010,Band 3 (1800MHz),-91.3,-5.2,8.9,30.4,9.2,14.5
2026-10-19 02:00:00,RJPN-010-3,RJPN-010,Band 3 (1800MHz),-82.7,-8.8,0.5,8.8,0.0,33.7
2026-10-19 02:00:00,RJPN-011-1,RJPN-011,Band 1 (2100MHz),-82.6,-6.8,17.4,5.8,7.5,1.2
2026-10-19 02:00:00,RJPN-011-2,RJPN-011,Band 1 (2100MHz),-100.4,-8.7,8.7,23.1,0.0,27.4
2026-10-19 02:00:00,RJPN-011-3,RJPN-011,Band 1 (2100MHz),-92.7,-11.4,-0.4,5.0,0.0,31.9
2026-10-19 03:00:00,RJPN-001-1,RJPN-001,Band 1 (2100MHz),-83.8,-9.1,18.9,18.9,6.3,0.0
2026-10-19 03:00:00,RJPN-001-2,RJPN-001,Band 1 (2100MHz),-92.0,-6.5,14.1,5.8,0.6,29.8
2026-10-19 03:00:00,RJPN-001-3,RJPN-001,Band 1 (2100MHz),-85.3,-10.0,9.9,20.3,0.0,2.0
2026-10-19 03:00:00,RJPN-002-1,RJPN-002,Band 3 (1800MHz),-89.1,-6.9,5.4,16.5,12.3,57.3
2026-10-19 03:00:00,RJPN-002-2,RJPN-002,Band 3 (1800MHz),-104.2,-12.4,10.8,31.6,0.0,26.8
2026-10-19 03:00:00,RJPN-002-3,RJPN-002,Band 3 (1800MHz),-79.9,-7.6,13.3,3.6,9.0,38.4
2026-10-19 03:00:00,RJPN-003-1,RJPN-003,Band 1 (2100MHz),-78.6,-7.6,14.9,0.0,0.0,9.2
2026-10-19 03:00:00,RJPN-003-2,RJPN-003,Band 1 (2100MHz),-68.6,-7.1,4.7,13.0,0.0,10.3
2026-10-19 03:00:00,RJPN-003-3,RJPN-003,Band 1 (2100MHz),-85.2,-4.7,7.5,6.1,6.9,18.7
2026-10-19 03:00:00,RJPN-004-1,RJPN-004,Band 3 (1800MHz),-80.9,-7.3,19.5,6.2,10.7,8.1
2026-10-19 03:00:00,RJPN-004-2,RJPN-004,Band 3 (1800MHz),-79.7,-8.6,4.4,14.4,0.0,24.0
2026-10-19 03:00:00,RJPN-004-3,RJPN-004,Band 3 (1800MHz),-81.6,-8.0,11.6,0.0,14.8,17.4
2026-10-19 03:00:00,RJPN-005-1,RJPN-005,Band 1 (2100MHz),-88.0,-7.1,5.6,0.0,0.0,38.8
2026-10-19 03:00:00,RJPN-005-2,RJPN-005,Band 1 (2100MHz),-88.9,-6.0,13.2,2.6,4.2,0.0
2026-10-19 03:00:00,RJPN-005-3,RJPN-005,Band 1 (2100MHz),-82.2,-6.7,13.9,20.3,8.6,0.0
2026-10-19 03:00:00,RJPN-006-1,RJPN-006,Band 3 (1800MHz),-86.4,-7.4,1.9,15.7,0.0,25.5
2026-10-19 03:00:00,RJPN-006-2,RJPN-006,Band 3 (1800MHz),-82.8,-7.0,16.4,9.8,5.1,0.0
2026-10-19 03:00:00,RJPN-006-3,RJPN-006,Band 3 (1800MHz),-82.1,-7.0,7.5,9.3,18.5,13.2
2026-10-19 03:00:00,RJPN-007-1,RJPN-007,Band 1 (2100MHz),-81.4,-8.1,13.2,0.0,14.5,8.7
2026-10-19 03:00:00,RJPN-007-2,RJPN-007,Band 1 (2100MHz),-84.5,-6.2,15.5,13.0,8.3,0.0
2026-10-19 03:00:00,RJPN-007-3,RJPN-007,Band 1 (2100MHz),-81.6,-8.5,10.0,0.0,5.8,7.8
2026-10-19 03:00:00,RJPN-008-1,RJPN-008,Band 3 (1800MHz),-90.2,-8.5,14.6,19.7,2.2,12.6
2026-10-19 03:00:00,RJPN-008-2,RJPN-008,Band 3 (1800MHz),-83.8,-7.9,12.6,10.6,3.4,9.6
2026-10-19 03:00:00,RJPN-008-3,RJPN-008,Band 3 (1800MHz),-83.3,-9.8,3.9,0.0,11.6,0.0
2026-10-19 03:00:00,RJPN-009-1,RJPN-009,Band 1 (2100MHz),-84.9,-9.4,8.2,23.5,0.0,0.0
2026-10-19 03:00:00,RJPN-009-2,RJPN-009,Band 1 (2100MHz),-81.7,-8.4,16.4,19.3,4.6,0.0
2026-10-19 03:00:00,RJPN-009-3,RJPN-009,Band 1 (2100MHz),-79.1,-12.9,9.0,20.5,0.0,22.5
2026-10-19 03:00:00,RJPN-010-1,RJPN-010,Band 3 (1800MHz),-78.3,-7.9,14.3,0.0,1.6,13.6
2026-10-19 03:00:00,RJPN-010-2,RJPN-010,Band 3 (1800MHz),-84.7,-4.7,16.1,9.2,13.1,0.0
2026-10-19 03:00:00,RJPN-010-3,RJPN-010,Band 3 (1800MHz),-86.0,-5.5,5.7,0.0,4.0,0.0
2026-10-19 03:00:00,RJPN-011-1,RJPN-011,Band 1 (2100MHz),-85.0,-9.0,10.2,9.4,0.0,27.9
2026-10-19 03:00:00,RJPN-011-2,RJPN-011,Band 1 (2100MHz),-90.8,-9.4,2.9,2.8,11.8,58.0
2026-10-19 03:00:00,RJPN-011-3,RJPN-011,Band 1 (2100MHz),-96.9,-11.1,-6.3,27.6,6.6,14.5
2026-10-19 04:00:00,RJPN-001-1,RJPN-001,Band 1 (2100MHz),-83.5,-9.4,19.4,5.4,13.0,66.0
2026-10-19 04:00:00,RJPN-001-2,RJPN-001,Band 1 (2100MHz),-90.7,-10.1,11.5,6.5,5.7,11.0
2026-10-19 04:00:00,RJPN-001-3,RJPN-001,Band 1 (2100MHz),-86.2,-6.9,16.8,28.2,9.2,0.0
2026-10-19 04:00:00,RJPN-002-1,RJPN-002,Band 3 (1800MHz),-89.8,-6.4,7.9,0.0,11.6,0.0
2026-10-19 04:00:00,RJPN-002-2,RJPN-002,Band 3 (1800MHz),-91.2,-11.2,8.5,30.8,17.7,0.0
2026-10-19 04:00:00,RJPN-002-3,RJPN-002,Band 3 (1800MHz),-87.5,-9.2,14.3,6.5,9.5,25.9
2026-10-19 04:00:00,RJPN-003-1,RJPN-003,Band 1 (2100MHz),-79.7,-12.0,15.1,51.9,11.1,0.0
2026-10-19 04:00:00,RJPN-003-2,RJPN-003,Band 1 (2100MHz),-87.3,-8.8,8.1,11.8,8.8,42.4
2026-10-19 04:00:00,RJPN-003-3,RJPN-003,Band 1 (2100MHz),-85.8,-9.1,17.6,1.3,25.2,0.2
2026-10-19 04:00:00,RJPN-004-1,RJPN-004,Band 3 (1800MHz),-87.5,-4.7,21.6,34.8,16.8,29.4
2026-10-19 04:00:00,RJPN-004-2,RJPN-004,Band 3 (1800MHz),-90.2,-7.2,11.6,0.0,8.2,15.5
2026-10-19 04:00:00,RJPN-004-3,RJPN-004,Band 3 (1800MHz),-85.4,-4.3,14.5,0.0,0.9,0.0
2026-10-19 04:00:00,RJPN-005-1,RJPN-005,Band 1 (2100MHz),-80.4,-6.2,14.1,3.4,5.6,9.8
2026-10-19 04:00:00,RJPN-005-2,RJPN-005,Band 1 (2100MHz),-89.1,-7.0,11.5,12.3,13.6,29.8
2026-10-19 04:00:00,RJPN-005-3,RJPN-005,Band 1 (2100MHz),-80.8,-11.5,15.2,0.0,1.6,0.0
2026-10-19 04:00:00,RJPN-006-1,RJPN-006,Band 3 (1800MHz),-86.3,-6.3,13.4,16.0,2.7,26.7
2026-10-19 04:00:00,RJPN-006-2,RJPN-006,Band 3 (1800MHz),-85.3,-2.9,14.7,13.3,18.8,26.6
2026-10-19 04:00:00,RJPN-006-3,RJPN-006,Band 3 (1800MHz),-90.4,-7.5,8.4,0.0,29.5,11.1
2026-10-19 04:00:00,RJPN-007-1,RJPN-007,Band 1 (2100MHz),-85.2,-9.1,13.3,27.7,0.9,56.2
2026-10-19 04:00:00,RJPN-007-2,RJPN-007,Band 1 (2100MHz),-85.8,-5.3,16.9,14.6,0.0,3.8
2026-10-19 04:00:00,RJPN-007-3,RJPN-007,Band 1 (2100MHz),-83.7,-10.3,11.8,23.5,0.0,35.5
2026-10-19 04:00:00,RJPN-008-1,RJPN-008,Band 3 (1800MHz),-89.6,-7.6,20.6,2.5,0.0,13.6
2026-10-19 04:00:00,RJPN-008-2,RJPN-008,Band 3 (1800MHz),-89.1,-6.1,3.0,29.3,5.6,24.0
2026-10-19 04:00:00,RJPN-008-3,RJPN-008,Band 3 (1800MHz),-86.3,-12.5,7.8,12.1,7.3,16.7
2026-10-19 04:00:00,RJPN-009-1,RJPN-009,Band 1 (2100MHz),-80.0,-8.2,9.8,18.6,0.0,3.5
2026-10-19 04:00:00,RJPN-009-2,RJPN-009,Band 1 (2100MHz),-80.7,-6.3,-0.1,13.4,5.2,20.4
2026-10-19 04:00:00,RJPN-009-3,RJPN-009,Band 1 (2100MHz),-78.4,-6.8,19.1,30.0,23.3,40.7
2026-10-19 04:00:00,RJPN-010-1,RJPN-010,Band 3 (1800MHz),-93.4,-10.6,18.7,9.0,2.5,18.8
2026-10-19 04:00:00,RJPN-010-2,RJPN-010,Band 3 (1800MHz),-89.5,-7.0,11.5,27.9,23.2,28.8
2026-10-19 04:00:00,RJPN-010-3,RJPN-010,Band 3 (1800MHz),-90.1,-6.3,12.5,45.0,5.7,33.9
2026-10-19 04:00:00,RJPN-011-1,RJPN-011,Band 1 (2100MHz),-89.2,-7.6,9.4,0.0,14.1,24.3
2026-10-19 04:00:00,RJPN-011-2,RJPN-011,Band 1 (2100MHz),-95.5,-12.5,5.8,3.9,0.0,45.0
2026-10-19 04:00:00,RJPN-011-3,RJPN-011,Band 1 (2100MHz),-89.4,-11.9,9.6,3.9,18.0,0.0
2026-10-19 05:00:00,RJPN-001-1,RJPN-001,Band 1 (2100MHz),-86.1,-9.0,8.8,14.0,0.0,42.4
2026-10-19 05:00:00,RJPN-001-2,RJPN-001,Band 1 (2100MHz),-87.3,-8.4,7.3,29.2,10.9,13.4
2026-10-19 05:00:00,RJPN-001-3,RJPN-001,Band 1 (2100MHz),-78.6,-7.4,17.3,8.9,0.0,11.5
2026-10-19 05:00:00,RJPN-002-1,RJPN-002,Band 3 (1800MHz),-87.3,-9.2,16.0,32.7,5.5,0.0
2026-10-19 05:00:00,RJPN-002-2,RJPN-002,Band 3 (1800MHz),-99.9,-17.0,0.2,4.7,6.3,11.5
2026-10-19 05:00:00,RJPN-002-3,RJPN-002,Band 3 (1800MHz),-91.1,-7.4,8.9,30.7,0.0,0.0
2026-10-19 05:00:00,RJPN-003-1,RJPN-003,Band 1 (2100MHz),-77.4,-10.7,10.0,7.5,0.0,5.3
2026-10-19 05:00:00,RJPN-003-2,RJPN-003,Band 1 (2100MHz),-86.7,-10.1,3.7,0.0,0.0,18.1
2026-10-19 05:00:00,RJPN-003-3,RJPN-003,Band 1 (2100MHz),-82.9,-7.1,3.8,3.2,0.0,46.8
2026-10-19 05:00:00,RJPN-004-1,RJPN-004,Band 3 (1800MHz),-85.7,-6.5,7.3,26.9,9.9,23.6
2026-10-19 05:00:00,RJPN-004-2,RJPN-004,Band 3 (1800MHz),-86.1,-7.2,15.3,10.6,12.5,7.0
2026-10-19 05:00:00,RJPN-004-3,RJPN-004,Band 3 (1800MHz),-84.5,-9.7,9.6,11.9,16.9,6.8
2026-10-19 05:00:00,RJPN-005-1,RJPN-005,Band 1 (2100MHz),-82.0,-9.1,15.1,19.4,0.0,10.1
2026-10-19 05:00:00,RJPN-005-2,RJPN-005,Band 1 (2100MHz),-78.9,-7.0,16.7,15.2,0.0,0.0
2026-10-19 05:00:00,RJPN-005-3,RJPN-005,Band 1 (2100MHz),-91.5,-11.2,18.6,16.8,0.0,8.4
2026-10-19 05:00:00,RJPN-006-1,RJPN-006,Band 3 (1800MHz),-81.2,-6.0,17.4,11.3,0.0,0.0
2026-10-19 05:00:00,RJPN-006-2,RJPN-006,Band 3 (1800MHz),-88.2,-8.4,11.5,6.2,0.0,53.5
2026-10-19 05:00:00,RJPN-006-3,RJPN-006,Band 3 (1800MHz),-83.1,-8.4,8.8,2.0,13.4,6.9
2026-10-19 05:00:00,RJPN-007-1,RJPN-007,Band 1 (2100MHz),-89.9,-4.7,6.8,10.1,7.7,0.0
2026-10-19 05:00:00,RJPN-007-2,RJPN-007,Band 1 (2100MHz),-86.4,-9.6,12.0,28.1,0.0,19.8
2026-10-19 05:00:00,RJPN-007-3,RJPN-007,Band 1 (2100MHz),-88.1,-5.6,8.7,0.0,25.6,52.5
2026-10-19 05:00:00,RJPN-008-1,RJPN-008,Band 3 (1800MHz),-85.9,-6.5,18.9,10.4,0.8,17.7
2026-10-19 05:00:00,RJPN-008-2,RJPN-008,Band 3 (1800MHz),-79.3,-9.7,18.0,2.5,9.7,17.6
2026-10-19 05:00:00,RJPN-008-3,RJPN-008,Band 3 (1800MHz),-85.4,-8.5,12.9,0.0,9.1,8.7
2026-10-19 05:00:00,RJPN-009-1,RJPN-009,Band 1 (2100MHz),-80.9,-5.3,3.5,23.2,15.9,1.5
2026-10-19 05:00:00,RJPN-009-2,RJPN-009,Band 1 (2100MHz),-83.9,-9.5,25.0,33.7,0.0,25.1
2026-10-19 05:00:00,RJPN-009-3,RJPN-009,Band 1 (2100MHz),-90.6,-11.6,15.8,11.8,9.6,0.0
2026-10-19 05:00:00,RJPN-010-1,RJPN-010,Band 3 (1800MHz),-86.8,-8.2,14.0,22.4,13.9,34.3
2026-10-19 05:00:00,RJPN-010-2,RJPN-010,Band 3 (1800MHz),-85.0,-2.1,25.2,24.7,8.8,69.4
2026-10-19 05:00:00,RJPN-010-3,RJPN-010,Band 3 (1800MHz),-93.6,-7.8,14.0,0.0,13.1,12.6
2026-10-19 05:00:00,RJPN-011-1,RJPN-011,Band 1 (2100MHz),-81.6,-4.5,16.3,10.6,0.0,35.1
2026-10-19 05:00:00,RJPN-011-2,RJPN-011,Band 1 (2100MHz),-94.3,-15.1,13.5,0.0,9.9,29.1
2026-10-19 05:00:00,RJPN-011-3,RJPN-011,Band 1 (2100MHz),-102.7,-13.3,-1.3,0.3,9.8,18.0
2026-10-19 06:00:00,RJPN-001-1,RJPN-001,Band 1 (2100MHz),-73.2,-11.6,18.3,27.9,1.4,59.7
2026-10-19 06:00:00,RJPN-001-2,RJPN-001,Band 1 (2100MHz),-82.3,-8.0,14.0,28.9,6.8,18.8
2026-10-19 06:00:00,RJPN-001-3,RJPN-001,Band 1 (2100MHz),-88.4,-6.8,10.9,22.2,14.4,32.4
2026-10-19 06:00:00,RJPN-002-1,RJPN-002,Band 3 (1800MHz),-88.4,-9.2,13.2,20.4,10.0,49.1
2026-10-19 06:00:00,RJPN-002-2,RJPN-002,Band 3 (1800MHz),-98.4,-14.1,4.5,18.2,4.1,31.3
2026-10-19 06:00:00,RJPN-002-3,RJPN-002,Band 3 (1800MHz),-82.4,-11.0,7.8,8.6,0.0,41.8
2026-10-19 06:00:00,RJPN-003-1,RJPN-003,Band 1 (2100MHz),-85.8,-9.1,4.7,12.9,11.9,30.1
2026-10-19 06:00:00,RJPN-003-2,RJPN-003,Band 1 (2100MHz),-85.1,-10.2,14.1,16.2,6.7,57.2
2026-10-19 06:00:00,RJPN-003-3,RJPN-003,Band 1 (2100MHz),-86.1,-9.7,11.8,25.3,1.5,34.4
2026-10-19 06:00:00,RJPN-004-1,RJPN-004,Band 3 (1800MHz),-82.7,-11.0,11.5,32.7,25.0,28.1
2026-10-19 06:00:00,RJPN-004-2,RJPN-004,Band 3 (1800MHz),-81.9,-8.9,10.0,11.7,10.5,46.2
2026-10-19 06:00:00,RJPN-004-3,RJPN-004,Band 3 (1800MHz),-87.7,-6.6,8.4,25.8,0.0,50.3
2026-10-19 06:00:00,RJPN-005-1,RJPN-005,Band 1 (2100MHz),-83.6,-10.2,9.5,20.3,16.8,38.4
2026-10-19 06:00:00,RJPN-005-2,RJPN-005,Band 1 (2100MHz),-82.8,-8.3,9.3,18.8,6.5,0.0
2026-10-19 06:00:00,RJPN-005-3,RJPN-005,Band 1 (2100MHz),-91.5,-6.8,18.9,2.4,20.6,4.8
2026-10-19 06:00:00,RJPN-006-1,RJPN-006,Band 3 (1800MHz),-82.5,-8.9,17.0,16.3,9.0,23.1
2026-10-19 06:00:00,RJPN-006-2,RJPN-006,Band 3 (1800MHz),-85.6,-8.2,15.0,34.6,16.0,67.1
2026-10-19 06:00:00,RJPN-006-3,RJPN-006,Band 3 (1800MHz),-81.2,-7.1,13.2,23.5,5.5,47.0
2026-10-19 06:00:00,RJPN-007-1,RJPN-007,Band 1 (2100MHz),-85.2,-11.8,20.6,0.0,6.5,28.2
2026-10-19 06:00:00,RJPN-007-2,RJPN-007,Band 1 (2100MHz),-87.7,-6.1,22.8,5.5,12.0,16.4
2026-10-19 06:00:00,RJPN-007-3,RJPN-007,Band 1 (2100MHz),-81.6,-7.1,11.6,7.4,17.1,63.8
2026-10-19 06:00:00,RJPN-008-1,RJPN-008,Band 3 (1800MHz),-89.7,-5.1,12.9,0.0,3.9,24.0
2026-10-19 06:00:00,RJPN-008-2,RJPN-008,Band 3 (1800MHz),-88.6,-9.8,9.9,0.0,9.8,31.0
2026-10-19 06:00:00,RJPN-008-3,RJPN-008,Band 3 (1800MHz),-85.1,-11.7,12.3,0.0,5.4,14.3
2026-10-19 06:00:00,RJPN-009-1,RJPN-009,Band 1 (2100MHz),-82.0,-10.6,12.9,26.7,4.3,43.8
2026-10-19 06:00:00,RJPN-009-2,RJPN-009,Band 1 (2100MHz),-84.6,-8.2,7.9,10.9,9.8,15.0
2026-10-19 06:00:00,RJPN-009-3,RJPN-009,Band 1 (2100MHz),-86.3,-7.4,-0.1,10.8,2.0,16.2
2026-10-19 06:00:00,RJPN-010-1,RJPN-010,Band 3 (1800MHz),-82.8,-5.2,13.8,34.8,9.0,38.9
2026-10-19 06:00:00,RJPN-010-2,RJPN-010,Band 3 (1800MHz),-87.5,-7.0,3.6,3.9,25.7,50.7
2026-10-19 06:00:00,RJPN-010-3,RJPN-010,Band 3 (1800MHz),-88.4,-6.7,15.7,31.2,0.0,37.6
2026-10-19 06:00:00,RJPN-011-1,RJPN-011,Band 1 (2100MHz),-82.6,-9.5,14.8,33.2,0.0,43.2
2026-10-19 06:00:00,RJPN-011-2,RJPN-011,Band 1 (2100MHz),-104.9,-12.8,3.8,36.7,0.0,0.0
2026-10-19 06:00:00,RJPN-011-3,RJPN-011,Band 1 (2100MHz),-99.0,-14.0,5.8,11.9,26.8,43.4
2026-10-19 07:00:00,RJPN-001-1,RJPN-001,Band 1 (2100MHz),-80.3,-11.6,12.0,57.4,38.0,84.0
2026-10-19 07:00:00,RJPN-001-2,RJPN-001,Band 1 (2100MHz),-81.1,-12.6,8.3,44.8,19.0,79.2
2026-10-19 07:00:00,RJPN-001-3,RJPN-001,Band 1 (2100MHz),-84.7,-8.6,14.5,67.6,36.3,100.2
2026-10-19 07:00:00,RJPN-002-1,RJPN-002,Band 3 (1800MHz),-86.3,-7.7,11.2,56.8,32.8,142.4
2026-10-19 07:00:00,RJPN-002-2,RJPN-002,Band 3 (1800MHz),-97.6,-16.4,-3.0,63.7,26.6,104.0
2026-10-19 07:00:00,RJPN-002-3,RJPN-002,Band 3 (1800MHz),-83.5,-12.2,4.3,59.8,42.0,81.2
2026-10-19 07:00:00,RJPN-003-1,RJPN-003,Band 1 (2100MHz),-85.7,-8.6,23.9,41.4,18.6,123.9
2026-10-19 07:00:00,RJPN-003-2,RJPN-003,Band 1 (2100MHz),-80.4,-9.4,4.5,59.8,28.4,118.7
2026-10-19 07:00:00,RJPN-003-3,RJPN-003,Band 1 (2100MHz),-79.6,-13.8,11.9,68.5,42.8,87.8
2026-10-19 07:00:00,RJPN-004-1,RJPN-004,Band 3 (1800MHz),-84.9,-9.1,14.5,49.0,35.9,100.9
2026-10-19 07:00:00,RJPN-004-2,RJPN-004,Band 3 (1800MHz),-89.4,-11.8,7.7,66.0,35.8,86.6
2026-10-19 07:00:00,RJPN-004-3,RJPN-004,Band 3 (1800MHz),-84.3,-11.6,11.7,80.2,29.8,80.0
2026-10-19 07:00:00,RJPN-005-1,RJPN-005,Band 1 (2100MHz),-88.8,-10.9,12.4,53.4,22.4,77.5
2026-10-19 07:00:00,RJPN-005-2,RJPN-005,Band 1 (2100MHz),-89.4,-6.8,13.6,68.4,18.9,124.5
2026-10-19 07:00:00,RJPN-005-3,RJPN-005,Band 1 (2100MHz),-81.7,-9.0,9.6,63.0,17.5,84.0
2026-10-19 07:00:00,RJPN-006-1,RJPN-006,Band 3 (1800MHz),-91.8,-9.5,14.8,47.0,19.6,74.2
2026-10-19 07:00:00,RJPN-006-2,RJPN-006,Band 3 (1800MHz),-80.6,-12.7,17.9,62.9,39.0,79.1
2026-10-19 07:00:00,RJPN-006-3,RJPN-006,Band 3 (1800MHz),-85.0,-13.5,-0.2,60.8,33.5,127.8
2026-10-19 07:00:00,RJPN-007-1,RJPN-007,Band 1 (2100MHz),-90.1,-11.3,11.4,69.6,42.2,54.7
2026-10-19 07:00:00,RJPN-007-2,RJPN-007,Band 1 (2100MHz),-86.7,-11.1,13.6,67.6,24.9,85.8
2026-10-19 07:00:00,RJPN-007-3,RJPN-007,Band 1 (2100MHz),-81.6,-11.0,8.8,50.0,32.8,95.7
2026-10-19 07:00:00,RJPN-008-1,RJPN-008,Band 3 (1800MHz),-85.2,-14.2,19.0,56.5,20.1,70.0
2026-10-19 07:00:00,RJPN-008-2,RJPN-008,Band 3 (1800MHz),-85.0,-9.0,7.0,68.4,43.8,113.2
2026-10-19 07:00:00,RJPN-008-3,RJPN-008,Band 3 (1800MHz),-81.2,-9.4,15.9,66.9,30.9,142.9
2026-10-19 07:00:00,RJPN-009-1,RJPN-009,Band 1 (2100MHz),-87.9,-12.3,17.5,44.1,26.5,100.8
2026-10-19 07:00:00,RJPN-009-2,RJPN-009,Band 1 (2100MHz),-87.3,-10.4,16.0,40.6,19.0,50.3
2026-10-19 07:00:00,RJPN-009-3,RJPN-009,Band 1 (2100MHz),-85.8,-12.5,4.3,53.4,31.3,109.2
2026-10-19 07:00:00,RJPN-010-1,RJPN-010,Band 3 (1800MHz),-90.0,-11.6,6.1,53.3,39.4,76.5
2026-10-19 07:00:00,RJPN-010-2,RJPN-010,Band 3 (1800MHz),-85.6,-13.2,21.1,60.8,23.5,109.9
2026-10-19 07:00:00,RJPN-010-3,RJPN-010,Band 3 (1800MHz),-86.5,-9.0,7.2,37.0,32.6,80.0
2026-10-19 07:00:00,RJPN-011-1,RJPN-011,Band 1 (2100MHz),-88.5,-9.2,18.8,77.0,33.8,105.6
2026-10-19 07:00:00,RJPN-011-2,RJPN-011,Band 1 (2100MHz),-97.4,-15.2,7.4,61.3,30.4,124.9
2026-10-19 07:00:00,RJPN-011-3,RJPN-011,Band 1 (2100MHz),-107.7,-15.3,-2.5,65.3,31.2,82.7
2026-10-19 08:00:00,RJPN-001-1,RJPN-001,Band 1 (2100MHz),-84.8,-10.9,13.7,59.0,48.1,120.4
2026-10-19 08:00:00,RJPN-001-2,RJPN-001,Band 1 (2100MHz),-89.8,-9.4,10.2,94.0,40.6,152.6
2026-10-19 08:00:00,RJPN-001-3,RJPN-001,Band 1 (2100MHz),-83.6,-8.1,19.8,86.8,42.2,147.8
2026-10-19 08:00:00,RJPN-002-1,RJPN-002,Band 3 (1800MHz),-88.3,-13.3,3.7,72.5,49.3,109.4
2026-10-19 08:00:00,RJPN-002-2,RJPN-002,Band 3 (1800MHz),-99.0,-15.2,-3.2,79.1,43.7,96.7
2026-10-19 08:00:00,RJPN-002-3,RJPN-002,Band 3 (1800MHz),-83.9,-12.3,14.6,67.1,45.7,157.2
2026-10-19 08:00:00,RJPN-003-1,RJPN-003,Band 1 (2100MHz),-84.1,-9.3,7.7,88.6,28.5,173.1
2026-10-19 08:00:00,RJPN-003-2,RJPN-003,Band 1 (2100MHz),-83.4,-9.0,10.6,73.3,52.0,98.9
2026-10-19 08:00:00,RJPN-003-3,RJPN-003,Band 1 (2100MHz),-82.5,-14.2,11.2,64.3,46.9,79.2
2026-10-19 08:00:00,RJPN-004-1,RJPN-004,Band 3 (1800MHz),-84.4,-13.2,14.3,84.1,38.8,104.4
2026-10-19 08:00:00,RJPN-004-2,RJPN-004,Band 3 (1800MHz),-81.6,-6.9,11.7,85.9,43.7,89.0
2026-10-19 08:00:00,RJPN-004-3,RJPN-004,Band 3 (1800MHz),-79.0,-9.8,16.6,65.9,45.8,102.4
2026-10-19 08:00:00,RJPN-005-1,RJPN-005,Band 1 (2100MHz),-85.5,-8.7,2.7,64.1,45.4,96.4
2026-10-19 08:00:00,RJPN-005-2,RJPN-005,Band 1 (2100MHz),-82.4,-8.3,21.0,48.1,38.7,169.8
2026-10-19 08:00:00,RJPN-005-3,RJPN-005,Band 1 (2100MHz),-80.1,-11.3,15.3,54.6,33.0,114.1
2026-10-19 08:00:00,RJPN-006-1,RJPN-006,Band 3 (1800MHz),-85.0,-10.7,12.5,76.5,45.7,120.3
2026-10-19 08:00:00,RJPN-006-2,RJPN-006,Band 3 (1800MHz),-86.0,-13.3,10.9,47.7,43.4,123.5
2026-10-19 08:00:00,RJPN-006-3,RJPN-006,Band 3 (1800MHz),-85.5,-12.1,17.8,59.8,37.7,121.5
2026-10-19 08:00:00,RJPN-007-1,RJPN-007,Band 1 (2100MHz),-88.3,-10.4,14.7,56.7,42.1,61.6
2026-10-19 08:00:00,RJPN-007-2,RJPN-007,Band 1 (2100MHz),-87.9,-11.4,7.5,75.9,40.1,81.5
2026-10-19 08:00:00,RJPN-007-3,RJPN-007,Band 1 (2100MHz),-88.0,-11.6,8.2,64.3,18.1,102.4
2026-10-19 08:00:00,RJPN-008-1,RJPN-008,Band 3 (1800MHz),-87.4,-9.9,9.1,74.6,44.6,123.0
2026-10-19 08:00:00,RJPN-008-2,RJPN-008,Band 3 (1800MHz),-81.7,-8.1,16.2,68.8,48.5,105.0
2026-10-19 08:00:00,RJPN-008-3,RJPN-008,Band 3 (1800MHz),-85.8,-9.1,9.1,94.6,52.4,102.9
2026-10-19 08:00:00,RJPN-009-1,RJPN-009,Band 1 (2100MHz),-82.7,-15.5,10.6,65.6,25.2,130.4
2026-10-19 08:00:00,RJPN-009-2,RJPN-009,Band 1 (2100MHz),-85.2,-11.0,15.2,82.3,39.1,105.8
2026-10-19 08:00:00,RJPN-009-3,RJPN-009,Band 1 (2100MHz),-77.8,-13.0,12.8,70.9,28.2,147.8
2026-10-19 08:00:00,RJPN-010-1,RJPN-010,Band 3 (1800MHz),-78.6,-14.0,14.3,59.3,53.6,117.6
2026-10-19 08:00:00,RJPN-010-2,RJPN-010,Band 3 (1800MHz),-85.0,-13.9,15.0,77.5,47.9,110.6
2026-10-19 08:00:00,RJPN-010-3,RJPN-010,Band 3 (1800MHz),-87.1,-10.4,8.8,72.4,32.4,97.0
2026-10-19 08:00:00,RJPN-011-1,RJPN-011,Band 1 (2100MHz),-84.5,-6.2,8.0,66.9,30.3,112.7
2026-10-19 08:00:00,RJPN-011-2,RJPN-011,Band 1 (2100MHz),-95.2,-17.0,6.1,79.6,53.7,105.9
2026-10-19 08:00:00,RJPN-011-3,RJPN-011,Band 1 (2100MHz),-99.5,-16.2,4.0,81.1,44.7,140.9
2026-10-19 09:00:00,RJPN-001-1,RJPN-001,Band 1 (2100MHz),-82.1,-6.3,1.0,60.0,34.4,84.0
2026-10-19 09:00:00,RJPN-001-2,RJPN-001,Band 1 (2100MHz),-85.1,-9.6,18.0,33.5,20.4,113.8
2026-10-19 09:00:00,RJPN-001-3,RJPN-001,Band 1 (2100MHz),-81.0,-9.8,12.1,44.4,30.4,100.8
2026-10-19 09:00:00,RJPN-002-1,RJPN-002,Band 3 (1800MHz),-87.1,-7.2,13.4,53.0,16.4,46.5
2026-10-19 09:00:00,RJPN-002-2,RJPN-002,Band 3 (1800MHz),-93.8,-13.7,6.4,44.7,34.7,62.8
2026-10-19 09:00:00,RJPN-002-3,RJPN-002,Band 3 (1800MHz),-79.5,-11.1,17.4,61.3,23.7,55.2
2026-10-19 09:00:00,RJPN-003-1,RJPN-003,Band 1 (2100MHz),-84.7,-12.9,18.0,46.3,44.1,91.2
2026-10-19 09:00:00,RJPN-003-2,RJPN-003,Band 1 (2100MHz),-76.8,-8.1,6.2,61.8,30.5,118.3
2026-10-19 09:00:00,RJPN-003-3,RJPN-003,Band 1 (2100MHz),-87.0,-8.7,15.5,63.7,25.1,92.2
2026-10-19 09:00:00,RJPN-004-1,RJPN-004,Band 3 (1800MHz),-77.1,-8.6,4.7,41.8,35.1,107.3
2026-10-19 09:00:00,RJPN-004-2,RJPN-004,Band 3 (1800MHz),-82.7,-12.6,19.0,49.6,34.4,73.3
2026-10-19 09:00:00,RJPN-004-3,RJPN-004,Band 3 (1800MHz),-80.8,-12.5,13.3,64.5,21.6,79.9
2026-10-19 09:00:00,RJPN-005-1,RJPN-005,Band 1 (2100MHz),-91.8,-10.3,14.3,48.1,14.1,32.5
2026-10-19 09:00:00,RJPN-005-2,RJPN-005,Band 1 (2100MHz),-87.0,-10.3,11.3,58.1,37.6,61.5
2026-10-19 09:00:00,RJPN-005-3,RJPN-005,Band 1 (2100MHz),-86.6,-9.3,15.9,67.9,33.6,73.0
2026-10-19 09:00:00,RJPN-006-1,RJPN-006,Band 3 (1800MHz),-88.2,-11.5,13.1,55.8,48.1,85.4
2026-10-19 09:00:00,RJPN-006-2,RJPN-006,Band 3 (1800MHz),-80.8,-11.8,5.7,49.7,41.4,100.1
2026-10-19 09:00:00,RJPN-006-3,RJPN-006,Band 3 (1800MHz),-86.4,-10.2,12.6,68.8,35.9,95.5
2026-10-19 09:00:00,RJPN-007-1,RJPN-007,Band 1 (2100MHz),-78.5,-10.6,13.5,45.5,24.7,102.0
2026-10-19 09:00:00,RJPN-007-2,RJPN-007,Band 1 (2100MHz),-84.2,-12.4,16.3,56.9,24.4,111.7
2026-10-19 09:00:00,RJPN-007-3,RJPN-007,Band 1 (2100MHz),-92.2,-11.7,9.4,47.4,39.7,127.1
2026-10-19 09:00:00,RJPN-008-1,RJPN-008,Band 3 (1800MHz),-81.9,-14.0,12.7,69.1,33.3,84.1
2026-10-19 09:00:00,RJPN-008-2,RJPN-008,Band 3 (1800MHz),-83.6,-7.5,17.1,47.3,30.8,91.1
2026-10-19 09:00:00,RJPN-008-3,RJPN-008,Band 3 (1800MHz),-87.7,-9.5,10.9,47.2,34.7,48.7
2026-10-19 09:00:00,RJPN-009-1,RJPN-009,Band 1 (2100MHz),-86.8,-8.4,19.8,77.8,32.7,40.8
2026-10-19 09:00:00,RJPN-009-2,RJPN-009,Band 1 (2100MHz),-87.1,-13.9,21.4,47.5,24.1,102.0
2026-10-19 09:00:00,RJPN-009-3,RJPN-009,Band 1 (2100MHz),-84.2,-10.8,15.6,54.6,25.5,81.7
2026-10-19 09:00:00,RJPN-010-1,RJPN-010,Band 3 (1800MHz),-88.2,-10.9,13.7,56.4,18.0,111.2
2026-10-19 09:00:00,RJPN-010-2,RJPN-010,Band 3 (1800MHz),-82.7,-11.5,10.0,79.0,22.4,71.6
2026-10-19 09:00:00,RJPN-010-3,RJPN-010,Band 3 (1800MHz),-81.1,-7.9,11.3,52.2,22.3,105.1
2026-10-19 09:00:00,RJPN-011-1,RJPN-011,Band 1 (2100MHz),-82.1,-8.8,17.6,49.0,52.6,128.4
2026-10-19 09:00:00,RJPN-011-2,RJPN-011,Band 1 (2100MHz),-93.0,-16.1,9.4,70.6,32.0,89.4
2026-10-19 09:00:00,RJPN-011-3,RJPN-011,Band 1 (2100MHz),-100.5,-15.8,-2.5,38.8,33.3,89.7
2026-10-19 10:00:00,RJPN-001-1,RJPN-001,Band 1 (2100MHz),-93.3,-9.5,16.5,30.0,7.0,27.5
2026-10-19 10:00:00,RJPN-001-2,RJPN-001,Band 1 (2100MHz),-81.5,-6.7,12.7,15.7,10.9,0.0
2026-10-19 10:00:00,RJPN-001-3,RJPN-001,Band 1 (2100MHz),-93.9,-8.3,6.5,18.2,0.0,0.0
2026-10-19 10:00:00,RJPN-002-1,RJPN-002,Band 3 (1800MHz),-85.5,-11.0,15.9,14.1,15.0,71.7
2026-10-19 10:00:00,RJPN-002-2,RJPN-002,Band 3 (1800MHz),-95.7,-15.9,4.6,31.1,3.4,21.7
2026-10-19 10:00:00,RJPN-002-3,RJPN-002,Band 3 (1800MHz),-77.7,-9.4,14.2,30.8,5.4,1.0
2026-10-19 10:00:00,RJPN-003-1,RJPN-003,Band 1 (2100MHz),-81.9,-11.2,20.4,0.0,10.5,17.4
2026-10-19 10:00:00,RJPN-003-2,RJPN-003,Band 1 (2100MHz),-80.1,-6.2,8.5,35.3,1.0,25.5
2026-10-19 10:00:00,RJPN-003-3,RJPN-003,Band 1 (2100MHz),-88.3,-5.8,11.8,35.3,31.5,0.0
2026-10-19 10:00:00,RJPN-004-1,RJPN-004,Band 3 (1800MHz),-85.2,-9.1,15.9,26.2,17.9,24.2
2026-10-19 10:00:00,RJPN-004-2,RJPN-004,Band 3 (1800MHz),-82.9,-7.3,16.0,30.7,29.0,36.9
2026-10-19 10:00:00,RJPN-004-3,RJPN-004,Band 3 (1800MHz),-84.4,-7.6,15.3,27.8,3.3,45.5
2026-10-19 10:00:00,RJPN-005-1,RJPN-005,Band 1 (2100MHz),-92.7,-11.1,8.3,0.0,16.2,48.7
2026-10-19 10:00:00,RJPN-005-2,RJPN-005,Band 1 (2100MHz),-87.7,-7.9,17.1,5.1,5.2,15.9
2026-10-19 10:00:00,RJPN-005-3,RJPN-005,Band 1 (2100MHz),-86.5,-15.0,12.4,0.0,4.5,25.4
2026-10-19 10:00:00,RJPN-006-1,RJPN-006,Band 3 (1800MHz),-87.3,-8.3,16.6,16.4,6.3,28.5
2026-10-19 10:00:00,RJPN-006-2,RJPN-006,Band 3 (1800MHz),-82.0,-6.3,15.5,29.6,1.1,3.8
2026-10-19 10:00:00,RJPN-006-3,RJPN-006,Band 3 (1800MHz),-86.4,-7.7,2.4,18.8,29.5,27.1
2026-10-19 10:00:00,RJPN-007-1,RJPN-007,Band 1 (2100MHz),-84.4,-9.2,9.1,22.1,3.5,3.1
2026-10-19 10:00:00,RJPN-007-2,RJPN-007,Band 1 (2100MHz),-83.6,-6.2,19.5,27.2,25.3,38.5
2026-10-19 10:00:00,RJPN-007-3,RJPN-007,Band 1 (2100MHz),-90.4,-11.8,12.4,12.1,9.7,39.9
2026-10-19 10:00:00,RJPN-008-1,RJPN-008,Band 3 (1800MHz),-78.7,-8.7,15.6,20.5,10.4,39.1
2026-10-19 10:00:00,RJPN-008-2,RJPN-008,Band 3 (1800MHz),-86.2,-8.4,18.4,36.0,22.6,68.5
2026-10-19 10:00:00,RJPN-008-3,RJPN-008,Band 3 (1800MHz),-83.6,-8.0,8.8,0.0,10.8,25.0
2026-10-19 10:00:00,RJPN-009-1,RJPN-009,Band 1 (2100MHz),-80.9,-10.0,13.1,20.4,12.8,45.9
2026-10-19 10:00:00,RJPN-009-2,RJPN-009,Band 1 (2100MHz),-85.6,-8.7,17.7,0.0,6.0,0.0
2026-10-19 10:00:00,RJPN-009-3,RJPN-009,Band 1 (2100MHz),-91.4,-9.6,10.1,14.4,0.3,47.2
2026-10-19 10:00:00,RJPN-010-1,RJPN-010,Band 3 (1800MHz),-81.8,-6.2,14.1,4.0,9.5,12.6
2026-10-19 10:00:00,RJPN-010-2,RJPN-010,Band 3 (1800MHz),-90.9,-9.9,14.9,14.9,0.0,47.0
2026-10-19 10:00:00,RJPN-010-3,RJPN-010,Band 3 (1800MHz),-86.4,-11.1,6.3,23.6,0.0,81.6
2026-10-19 10:00:00,RJPN-011-1,RJPN-011,Band 1 (2100MHz),-86.1,-7.1,18.6,25.7,1.0,26.1
2026-10-19 10:00:00,RJPN-011-2,RJPN-011,Band 1 (2100MHz),-95.3,-11.1,-2.2,0.0,11.3,14.3
2026-10-19 10:00:00,RJPN-011-3,RJPN-011,Band 1 (2100MHz),-93.4,-9.8,12.0,26.6,6.4,12.2
2026-10-19 11:00:00,RJPN-001-1,RJPN-001,Band 1 (2100MHz),-83.5,-11.4,20.3,65.7,35.4,104.1
2026-10-19 11:00:00,RJPN-001-2,RJPN-001,Band 1 (2100MHz),-80.3,-11.3,18.9,41.0,30.0,83.1
2026-10-19 11:00:00,RJPN-001-3,RJPN-001,Band 1 (2100MHz),-81.4,-13.2,21.9,66.3,43.6,85.4
2026-10-19 11:00:00,RJPN-002-1,RJPN-002,Band 3 (1800MHz),-86.5,-9.2,8.8,41.4,14.5,108.0
2026-10-19 11:00:00,RJPN-002-2,RJPN-002,Band 3 (1800MHz),-99.4,-15.7,16.9,43.3,25.9,50.0
2026-10-19 11:00:00,RJPN-002-3,RJPN-002,Band 3 (1800MHz),-83.2,-12.3,12.0,64.3,31.8,104.4
2026-10-19 11:00:00,RJPN-003-1,RJPN-003,Band 1 (2100MHz),-90.4,-6.5,17.2,56.4,23.1,98.0
2026-10-19 11:00:00,RJPN-003-2,RJPN-003,Band 1 (2100MHz),-83.6,-10.1,6.2,53.2,27.5,111.3
2026-10-19 11:00:00,RJPN-003-3,RJPN-003,Band 1 (2100MHz),-76.4,-10.4,18.8,64.9,49.7,35.3
2026-10-19 11:00:00,RJPN-004-1,RJPN-004,Band 3 (1800MHz),-84.9,-11.8,4.8,23.3,32.3,101.4
2026-10-19 11:00:00,RJPN-004-2,RJPN-004,Band 3 (1800MHz),-86.1,-13.0,20.9,67.4,26.6,100.1
2026-10-19 11:00:00,RJPN-004-3,RJPN-004,Band 3 (1800MHz),-87.2,-10.3,5.8,44.4,16.3,8.2
2026-10-19 11:00:00,RJPN-005-1,RJPN-005,Band 1 (2100MHz),-84.3,-14.9,8.4,53.4,28.2,127.5
2026-10-19 11:00:00,RJPN-005-2,RJPN-005,Band 1 (2100MHz),-86.5,-6.5,16.9,40.7,41.5,66.3
2026-10-19 11:00:00,RJPN-005-3,RJPN-005,Band 1 (2100MHz),-80.3,-11.8,11.5,35.6,14.7,58.6
2026-10-19 11:00:00,RJPN-006-1,RJPN-006,Band 3 (1800MHz),-92.6,-7.1,13.1,54.8,45.2,72.2
2026-10-19 11:00:00,RJPN-006-2,RJPN-006,Band 3 (1800MHz),-78.1,-12.6,9.8,63.6,16.2,83.7
2026-10-19 11:00:00,RJPN-006-3,RJPN-006,Band 3 (1800MHz),-82.8,-9.5,13.3,60.7,26.3,81.0
2026-10-19 11:00:00,RJPN-007-1,RJPN-007,Band 1 (2100MHz),-82.9,-11.5,0.7,46.7,11.9,60.3
2026-10-19 11:00:00,RJPN-007-2,RJPN-007,Band 1 (2100MHz),-84.0,-11.6,4.4,63.8,18.6,105.8
2026-10-19 11:00:00,RJPN-007-3,RJPN-007,Band 1 (2100MHz),-90.3,-8.3,10.2,45.3,34.0,28.2
2026-10-19 11:00:00,RJPN-008-1,RJPN-008,Band 3 (1800MHz),-84.4,-10.6,12.8,64.0,30.0,120.9
2026-10-19 11:00:00,RJPN-008-2,RJPN-008,Band 3 (1800MHz),-80.2,-10.7,3.2,55.6,34.7,40.1
2026-10-19 11:00:00,RJPN-008-3,RJPN-008,Band 3 (1800MHz),-84.3,-12.1,13.0,45.2,35.1,123.2
2026-10-19 11:00:00,RJPN-009-1,RJPN-009,Band 1 (2100MHz),-84.6,-11.2,14.8,50.1,25.5,70.1
2026-10-19 11:00:00,RJPN-009-2,RJPN-009,Band 1 (2100MHz),-85.5,-10.7,6.9,48.0,10.8,70.6
2026-10-19 11:00:00,RJPN-009-3,RJPN-009,Band 1 (2100MHz),-85.0,-10.5,16.4,60.0,12.8,78.5
2026-10-19 11:00:00,RJPN-010-1,RJPN-010,Band 3 (1800MHz),-81.6,-10.1,11.9,58.9,36.6,80.4
2026-10-19 11:00:00,RJPN-010-2,RJPN-010,Band 3 (1800MHz),-83.1,-11.3,17.6,55.1,19.2,70.5
2026-10-19 11:00:00,RJPN-010-3,RJPN-010,Band 3 (1800MHz),-81.0,-7.9,16.7,54.5,5.4,64.8
2026-10-19 11:00:00,RJPN-011-1,RJPN-011,Band 1 (2100MHz),-81.5,-9.6,14.9,49.9,35.0,46.5
2026-10-19 11:00:00,RJPN-011-2,RJPN-011,Band 1 (2100MHz),-101.7,-14.5,0.1,56.0,16.5,49.0
2026-10-19 11:00:00,RJPN-011-3,RJPN-011,Band 1 (2100MHz),-102.8,-16.7,12.2,35.6,27.1,66.6
2026-10-19 12:00:00,RJPN-001-1,RJPN-001,Band 1 (2100MHz),-92.1,-9.3,9.5,64.7,16.9,72.0
2026-10-19 12:00:00,RJPN-001-2,RJPN-001,Band 1 (2100MHz),-94.4,-11.8,18.3,46.7,25.4,69.7
2026-10-19 12:00:00,RJPN-001-3,RJPN-001,Band 1 (2100MHz),-94.6,-12.8,20.8,38.9,18.1,81.3
2026-10-19 12:00:00,RJPN-002-1,RJPN-002,Band 3 (1800MHz),-81.5,-6.8,10.6,32.8,37.2,105.3
2026-10-19 12:00:00,RJPN-002-2,RJPN-002,Band 3 (1800MHz),-106.7,-14.5,7.8,48.3,23.5,56.8
2026-10-19 12:00:00,RJPN-002-3,RJPN-002,Band 3 (1800MHz),-78.1,-9.5,14.4,58.1,30.1,99.3
2026-10-19 12:00:00,RJPN-003-1,RJPN-003,Band 1 (2100MHz),-82.9,-12.2,9.6,31.2,32.2,83.9
2026-10-19 12:00:00,RJPN-003-2,RJPN-003,Band 1 (2100MHz),-92.8,-9.3,0.5,44.5,29.2,96.1
2026-10-19 12:00:00,RJPN-003-3,RJPN-003,Band 1 (2100MHz),-82.8,-11.6,17.2,40.5,31.0,93.9
2026-10-19 12:00:00,RJPN-004-1,RJPN-004,Band 3 (1800MHz),-90.0,-11.8,13.3,28.3,42.2,50.2
2026-10-19 12:00:00,RJPN-004-2,RJPN-004,Band 3 (1800MHz),-83.6,-5.6,8.5,85.5,27.9,53.1
2026-10-19 12:00:00,RJPN-004-3,RJPN-004,Band 3 (1800MHz),-92.6,-8.4,16.3,34.3,39.6,58.1
2026-10-19 12:00:00,RJPN-005-1,RJPN-005,Band 1 (2100MHz),-84.6,-10.1,11.1,30.1,18.2,116.9
2026-10-19 12:00:00,RJPN-005-2,RJPN-005,Band 1 (2100MHz),-85.6,-9.6,17.8,44.7,41.8,83.1
2026-10-19 12:00:00,RJPN-005-3,RJPN-005,Band 1 (2100MHz),-84.3,-11.0,14.6,84.2,27.2,82.2
2026-10-19 12:00:00,RJPN-006-1,RJPN-006,Band 3 (1800MHz),-82.5,-11.5,15.3,48.5,26.5,119.9
2026-10-19 12:00:00,RJPN-006-2,RJPN-006,Band 3 (1800MHz),-92.6,-14.0,15.7,59.1,32.8,117.9
2026-10-19 12:00:00,RJPN-006-3,RJPN-006,Band 3 (1800MHz),-94.5,-11.3,15.3,49.0,21.9,62.3
2026-10-19 12:00:00,RJPN-007-1,RJPN-007,Band 1 (2100MHz),-84.9,-4.9,15.9,45.4,19.6,86.0
2026-10-19 12:00:00,RJPN-007-2,RJPN-007,Band 1 (2100MHz),-89.8,-10.9,8.0,50.1,36.5,43.7
2026-10-19 12:00:00,RJPN-007-3,RJPN-007,Band 1 (2100MHz),-87.5,-9.8,13.9,51.4,36.7,78.2
2026-10-19 12:00:00,RJPN-008-1,RJPN-008,Band 3 (1800MHz),-83.2,-11.7,21.9,56.7,44.1,80.9
2026-10-19 12:00:00,RJPN-008-2,RJPN-008,Band 3 (1800MHz),-91.2,-8.0,11.4,61.7,22.8,47.0
2026-10-19 12:00:00,RJPN-008-3,RJPN-008,Band 3 (1800MHz),-90.8,-11.2,9.4,46.4,28.7,60.6
2026-10-19 12:00:00,RJPN-009-1,RJPN-009,Band 1 (2100MHz),-80.1,-7.4,7.0,33.4,42.6,71.1
2026-10-19 12:00:00,RJPN-009-2,RJPN-009,Band 1 (2100MHz),-87.8,-14.5,10.0,45.5,25.2,61.1
2026-10-19 12:00:00,RJPN-009-3,RJPN-009,Band 1 (2100MHz),-76.6,-13.4,8.7,52.3,41.5,88.1
2026-10-19 12:00:00,RJPN-010-1,RJPN-010,Band 3 (1800MHz),-86.4,-8.8,16.4,56.8,49.5,49.5
2026-10-19 12:00:00,RJPN-010-2,RJPN-010,Band 3 (1800MHz),-80.0,-11.2,7.7,36.3,32.2,68.2
2026-10-19 12:00:00,RJPN-010-3,RJPN-010,Band 3 (1800MHz),-87.7,-9.2,9.6,50.1,22.3,84.6
2026-10-19 12:00:00,RJPN-011-1,RJPN-011,Band 1 (2100MHz),-88.2,-8.5,20.6,53.5,41.7,112.9
2026-10-19 12:00:00,RJPN-011-2,RJPN-011,Band 1 (2100MHz),-90.2,-13.4,1.2,40.4,23.8,72.2
2026-10-19 12:00:00,RJPN-011-3,RJPN-011,Band 1 (2100MHz),-95.8,-14.7,12.6,38.8,19.9,93.1
2026-10-19 13:00:00,RJPN-001-1,RJPN-001,Band 1 (2100MHz),-86.4,-7.7,19.4,44.5,31.6,62.7
2026-10-19 13:00:00,RJPN-001-2,RJPN-001,Band 1 (2100MHz),-85.5,-13.5,10.9,42.2,16.6,86.0
2026-10-19 13:00:00,RJPN-001-3,RJPN-001,Band 1 (2100MHz),-89.0,-8.3,3.0,63.1,37.7,48.3
2026-10-19 13:00:00,RJPN-002-1,RJPN-002,Band 3 (1800MHz),-81.2,-6.6,9.7,60.4,35.5,57.2
2026-10-19 13:00:00,RJPN-002-2,RJPN-002,Band 3 (1800MHz),-93.2,-14.0,16.6,57.6,32.7,65.2
2026-10-19 13:00:00,RJPN-002-3,RJPN-002,Band 3 (1800MHz),-88.7,-8.6,16.6,40.5,43.1,99.1
2026-10-19 13:00:00,RJPN-003-1,RJPN-003,Band 1 (2100MHz),-78.6,-7.7,5.3,51.0,34.1,85.6
2026-10-19 13:00:00,RJPN-003-2,RJPN-003,Band 1 (2100MHz),-87.1,-7.2,13.2,44.0,27.3,80.0
2026-10-19 13:00:00,RJPN-003-3,RJPN-003,Band 1 (2100MHz),-79.4,-8.5,12.7,46.3,28.0,61.6
2026-10-19 13:00:00,RJPN-004-1,RJPN-004,Band 3 (1800MHz),-84.1,-8.0,14.5,46.4,3.9,102.1
2026-10-19 13:00:00,RJPN-004-2,RJPN-004,Band 3 (1800MHz),-83.3,-13.1,25.3,49.4,23.4,86.3
2026-10-19 13:00:00,RJPN-004-3,RJPN-004,Band 3 (1800MHz),-86.0,-7.4,14.1,43.3,39.5,64.0
2026-10-19 13:00:00,RJPN-005-1,RJPN-005,Band 1 (2100MHz),-84.2,-7.1,10.1,48.2,30.8,72.7
2026-10-19 13:00:00,RJPN-005-2,RJPN-005,Band 1 (2100MHz),-80.1,-10.5,11.0,68.3,47.4,73.4
2026-10-19 13:00:00,RJPN-005-3,RJPN-005,Band 1 (2100MHz),-84.7,-12.3,11.2,43.4,25.2,63.5
2026-10-19 13:00:00,RJPN-006-1,RJPN-006,Band 3 (1800MHz),-87.1,-11.4,6.9,57.1,27.3,65.0
2026-10-19 13:00:00,RJPN-006-2,RJPN-006,Band 3 (1800MHz),-85.6,-12.1,16.7,35.2,24.7,96.8
2026-10-19 13:00:00,RJPN-006-3,RJPN-006,Band 3 (1800MHz),-89.9,-12.9,17.3,60.5,31.7,66.2
2026-10-19 13:00:00,RJPN-007-1,RJPN-007,Band 1 (2100MHz),-86.0,-9.9,14.2,45.5,6.0,123.0
2026-10-19 13:00:00,RJPN-007-2,RJPN-007,Band 1 (2100MHz),-85.0,-11.5,20.6,54.9,38.8,74.9
2026-10-19 13:00:00,RJPN-007-3,RJPN-007,Band 1 (2100MHz),-82.9,-8.6,14.4,57.8,14.9,85.5
2026-10-19 13:00:00,RJPN-008-1,RJPN-008,Band 3 (1800MHz),-87.1,-8.5,21.3,45.9,28.5,56.7
2026-10-19 13:00:00,RJPN-008-2,RJPN-008,Band 3 (1800MHz),-81.9,-13.9,18.2,30.1,18.8,46.5
2026-10-19 13:00:00,RJPN-008-3,RJPN-008,Band 3 (1800MHz),-83.8,-8.8,8.7,63.1,12.7,90.5
2026-10-19 13:00:00,RJPN-009-1,RJPN-009,Band 1 (2100MHz),-86.7,-8.4,16.8,31.9,26.4,66.2
2026-10-19 13:00:00,RJPN-009-2,RJPN-009,Band 1 (2100MHz),-90.2,-9.6,9.8,52.5,25.8,96.6
2026-10-19 13:00:00,RJPN-009-3,RJPN-009,Band 1 (2100MHz),-82.5,-10.3,10.0,68.8,35.4,73.0
2026-10-19 13:00:00,RJPN-010-1,RJPN-010,Band 3 (1800MHz),-90.6,-10.6,7.6,63.9,19.9,52.6
2026-10-19 13:00:00,RJPN-010-2,RJPN-010,Band 3 (1800MHz),-78.3,-13.2,11.6,58.9,38.8,103.7
2026-10-19 13:00:00,RJPN-010-3,RJPN-010,Band 3 (1800MHz),-83.9,-12.2,13.0,28.8,30.4,76.9
2026-10-19 13:00:00,RJPN-011-1,RJPN-011,Band 1 (2100MHz),-81.3,-10.9,20.1,28.3,28.0,84.4
2026-10-19 13:00:00,RJPN-011-2,RJPN-011,Band 1 (2100MHz),-96.8,-15.4,9.3,43.6,14.4,72.8
2026-10-19 13:00:00,RJPN-011-3,RJPN-011,Band 1 (2100MHz),-100.6,-15.7,7.1,50.9,26.3,74.8
2026-10-19 14:00:00,RJPN-001-1,RJPN-001,Band 1 (2100MHz),-83.2,-11.9,16.0,55.6,37.6,60.6
2026-10-19 14:00:00,RJPN-001-2,RJPN-001,Band 1 (2100MHz),-84.5,-11.0,14.2,62.7,32.0,77.5
2026-10-19 14:00:00,RJPN-001-3,RJPN-001,Band 1 (2100MHz),-87.9,-10.6,14.8,43.1,24.5,80.0
2026-10-19 14:00:00,RJPN-002-1,RJPN-002,Band 3 (1800MHz),-88.0,-15.0,20.4,79.5,23.8,123.7
2026-10-19 14:00:00,RJPN-002-2,RJPN-002,Band 3 (1800MHz),-98.6,-10.9,9.4,49.4,7.4,97.3
2026-10-19 14:00:00,RJPN-002-3,RJPN-002,Band 3 (1800MHz),-84.7,-12.1,11.1,64.2,18.1,60.4
2026-10-19 14:00:00,RJPN-003-1,RJPN-003,Band 1 (2100MHz),-89.5,-8.9,13.8,63.3,36.3,119.9
2026-10-19 14:00:00,RJPN-003-2,RJPN-003,Band 1 (2100MHz),-80.1,-6.5,10.7,69.0,39.0,67.8
2026-10-19 14:00:00,RJPN-003-3,RJPN-003,Band 1 (2100MHz),-88.1,-11.2,13.2,54.1,25.0,63.7
2026-10-19 14:00:00,RJPN-004-1,RJPN-004,Band 3 (1800MHz),-87.1,-9.3,13.8,65.2,30.3,74.1
2026-10-19 14:00:00,RJPN-004-2,RJPN-004,Band 3 (1800MHz),-82.3,-10.5,15.3,59.5,38.4,106.7
2026-10-19 14:00:00,RJPN-004-3,RJPN-004,Band 3 (1800MHz),-82.0,-10.8,8.1,51.5,29.7,113.5
2026-10-19 14:00:00,RJPN-005-1,RJPN-005,Band 1 (2100MHz),-90.6,-12.0,16.4,51.2,34.0,88.1
2026-10-19 14:00:00,RJPN-005-2,RJPN-005,Band 1 (2100MHz),-82.7,-12.2,14.6,63.7,14.4,100.7
2026-10-19 14:00:00,RJPN-005-3,RJPN-005,Band 1 (2100MHz),-80.0,-8.6,9.2,28.6,23.0,82.0
2026-10-19 14:00:00,RJPN-006-1,RJPN-006,Band 3 (1800MHz),-83.0,-14.1,10.1,63.3,23.5,41.2
2026-10-19 14:00:00,RJPN-006-2,RJPN-006,Band 3 (1800MHz),-90.6,-8.5,12.9,39.9,20.6,90.1
2026-10-19 14:00:00,RJPN-006-3,RJPN-006,Band 3 (1800MHz),-86.0,-9.4,3.7,72.3,15.4,97.7
2026-10-19 14:00:00,RJPN-007-1,RJPN-007,Band 1 (2100MHz),-81.0,-10.1,14.2,53.3,18.9,88.5
2026-10-19 14:00:00,RJPN-007-2,RJPN-007,Band 1 (2100MHz),-83.4,-10.5,19.4,42.4,22.6,61.4
2026-10-19 14:00:00,RJPN-007-3,RJPN-007,Band 1 (2100MHz),-86.1,-11.8,11.5,34.0,11.8,78.3
2026-10-19 14:00:00,RJPN-008-1,RJPN-008,Band 3 (1800MHz),-79.2,-13.1,12.4,63.4,25.4,62.9
2026-10-19 14:00:00,RJPN-008-2,RJPN-008,Band 3 (1800MHz),-81.1,-10.5,11.4,49.5,41.8,96.8
2026-10-19 14:00:00,RJPN-008-3,RJPN-008,Band 3 (1800MHz),-85.1,-8.8,14.5,57.2,38.4,109.8
2026-10-19 14:00:00,RJPN-009-1,RJPN-009,Band 1 (2100MHz),-82.0,-11.6,10.1,49.7,19.0,127.0
2026-10-19 14:00:00,RJPN-009-2,RJPN-009,Band 1 (2100MHz),-82.9,-9.1,17.6,88.6,27.6,93.6
2026-10-19 14:00:00,RJPN-009-3,RJPN-009,Band 1 (2100MHz),-82.4,-6.7,12.7,64.7,29.8,102.1
2026-10-19 14:00:00,RJPN-010-1,RJPN-010,Band 3 (1800MHz),-75.9,-12.6,8.0,64.3,26.2,76.4
2026-10-19 14:00:00,RJPN-010-2,RJPN-010,Band 3 (1800MHz),-84.1,-10.5,10.4,54.4,30.3,77.3
2026-10-19 14:00:00,RJPN-010-3,RJPN-010,Band 3 (1800MHz),-88.9,-14.1,14.4,66.4,25.6,95.9
2026-10-19 14:00:00,RJPN-011-1,RJPN-011,Band 1 (2100MHz),-83.0,-7.4,18.2,68.6,32.6,112.1
2026-10-19 14:00:00,RJPN-011-2,RJPN-011,Band 1 (2100MHz),-97.5,-14.5,5.7,68.8,20.4,76.2
2026-10-19 14:00:00,RJPN-011-3,RJPN-011,Band 1 (2100MHz),-103.0,-15.6,0.7,64.4,33.6,53.9
2026-10-19 15:00:00,RJPN-001-1,RJPN-001,Band 1 (2100MHz),-87.4,-7.6,8.8,27.0,5.6,68.1
2026-10-19 15:00:00,RJPN-001-2,RJPN-001,Band 1 (2100MHz),-82.8,-7.9,13.4,33.7,13.7,34.2
2026-10-19 15:00:00,RJPN-001-3,RJPN-001,Band 1 (2100MHz),-87.6,-5.8,23.6,0.0,13.9,41.8
2026-10-19 15:00:00,RJPN-002-1,RJPN-002,Band 3 (1800MHz),-83.8,-5.4,12.5,7.8,22.9,63.9
2026-10-19 15:00:00,RJPN-002-2,RJPN-002,Band 3 (1800MHz),-91.1,-10.0,-7.5,21.2,9.0,40.0
2026-10-19 15:00:00,RJPN-002-3,RJPN-002,Band 3 (1800MHz),-86.6,-11.7,0.2,7.5,0.0,15.9
2026-10-19 15:00:00,RJPN-003-1,RJPN-003,Band 1 (2100MHz),-87.8,-8.3,10.3,4.2,8.9,13.3
2026-10-19 15:00:00,RJPN-003-2,RJPN-003,Band 1 (2100MHz),-95.1,-8.0,11.3,19.1,19.8,3.7
2026-10-19 15:00:00,RJPN-003-3,RJPN-003,Band 1 (2100MHz),-85.9,-10.2,10.8,22.2,18.8,0.0
2026-10-19 15:00:00,RJPN-004-1,RJPN-004,Band 3 (1800MHz),-92.4,-8.9,15.8,34.4,8.7,32.6
2026-10-19 15:00:00,RJPN-004-2,RJPN-004,Band 3 (1800MHz),-87.6,-7.9,2.1,29.6,23.5,2.7
2026-10-19 15:00:00,RJPN-004-3,RJPN-004,Band 3 (1800MHz),-88.2,-7.6,11.6,16.3,24.8,53.9
2026-10-19 15:00:00,RJPN-005-1,RJPN-005,Band 1 (2100MHz),-83.4,-11.5,18.6,21.4,11.5,77.2
2026-10-19 15:00:00,RJPN-005-2,RJPN-005,Band 1 (2100MHz),-84.6,-6.0,3.2,27.9,11.5,44.1
2026-10-19 15:00:00,RJPN-005-3,RJPN-005,Band 1 (2100MHz),-82.0,-8.7,15.3,35.5,23.8,10.6
2026-10-19 15:00:00,RJPN-006-1,RJPN-006,Band 3 (1800MHz),-78.4,-6.7,2.1,29.4,3.6,9.7
2026-10-19 15:00:00,RJPN-006-2,RJPN-006,Band 3 (1800MHz),-82.3,-5.4,8.1,28.0,0.0,37.4
2026-10-19 15:00:00,RJPN-006-3,RJPN-006,Band 3 (1800MHz),-88.5,-9.1,5.3,12.0,11.0,39.8
2026-10-19 15:00:00,RJPN-007-1,RJPN-007,Band 1 (2100MHz),-80.4,-8.2,17.0,39.4,7.6,9.5
2026-10-19 15:00:00,RJPN-007-2,RJPN-007,Band 1 (2100MHz),-79.5,-9.8,14.0,14.7,0.3,26.1
2026-10-19 15:00:00,RJPN-007-3,RJPN-007,Band 1 (2100MHz),-80.8,-9.8,13.8,24.7,0.0,30.3
2026-10-19 15:00:00,RJPN-008-1,RJPN-008,Band 3 (1800MHz),-83.2,-6.7,3.4,24.1,13.4,39.2
2026-10-19 15:00:00,RJPN-008-2,RJPN-008,Band 3 (1800MHz),-87.8,-10.2,14.9,5.8,0.0,0.0
2026-10-19 15:00:00,RJPN-008-3,RJPN-008,Band 3 (1800MHz),-80.6,-9.6,10.1,6.9,0.0,13.1
2026-10-19 15:00:00,RJPN-009-1,RJPN-009,Band 1 (2100MHz),-84.7,-6.2,19.0,3.4,7.2,2.2
2026-10-19 15:00:00,RJPN-009-2,RJPN-009,Band 1 (2100MHz),-79.5,-10.0,20.3,30.7,9.3,30.9
2026-10-19 15:00:00,RJPN-009-3,RJPN-009,Band 1 (2100MHz),-90.1,-7.0,15.4,18.7,10.3,14.5
2026-10-19 15:00:00,RJPN-010-1,RJPN-010,Band 3 (1800MHz),-80.2,-11.8,10.7,0.0,4.0,65.5
2026-10-19 15:00:00,RJPN-010-2,RJPN-010,Band 3 (1800MHz),-78.3,-6.1,11.6,14.5,3.6,21.3
2026-10-19 15:00:00,RJPN-010-3,RJPN-010,Band 3 (1800MHz),-76.1,-6.3,4.6,22.1,6.1,20.7
2026-10-19 15:00:00,RJPN-011-1,RJPN-011,Band 1 (2100MHz),-82.5,-8.8,9.9,22.1,0.0,0.0
2026-10-19 15:00:00,RJPN-011-2,RJPN-011,Band 1 (2100MHz),-102.4,-9.4,5.4,39.1,0.0,19.8
2026-10-19 15:00:00,RJPN-011-3,RJPN-011,Band 1 (2100MHz),-97.0,-11.3,13.0,9.6,27.7,41.9
2026-10-19 16:00:00,RJPN-001-1,RJPN-001,Band 1 (2100MHz),-78.7,-10.7,9.0,59.2,35.6,149.2
2026-10-19 16:00:00,RJPN-001-2,RJPN-001,Band 1 (2100MHz),-83.1,-11.9,7.4,53.4,36.5,101.4
2026-10-19 16:00:00,RJPN-001-3,RJPN-001,Band 1 (2100MHz),-80.2,-13.6,9.4,66.3,53.9,86.5
2026-10-19 16:00:00,RJPN-002-1,RJPN-002,Band 3 (1800MHz),-83.9,-11.5,3.7,52.4,33.0,96.4
2026-10-19 16:00:00,RJPN-002-2,RJPN-002,Band 3 (1800MHz),-102.3,-18.7,8.3,53.5,32.8,116.3
2026-10-19 16:00:00,RJPN-002-3,RJPN-002,Band 3 (1800MHz),-88.2,-11.0,7.9,81.4,56.2,108.5
2026-10-19 16:00:00,RJPN-003-1,RJPN-003,Band 1 (2100MHz),-83.7,-11.9,4.9,71.0,41.7,78.3
2026-10-19 16:00:00,RJPN-003-2,RJPN-003,Band 1 (2100MHz),-86.7,-11.5,18.7,39.1,38.5,119.8
2026-10-19 16:00:00,RJPN-003-3,RJPN-003,Band 1 (2100MHz),-87.4,-10.7,21.3,70.6,47.5,113.2
2026-10-19 16:00:00,RJPN-004-1,RJPN-004,Band 3 (1800MHz),-89.7,-11.7,8.7,64.8,49.6,124.0
2026-10-19 16:00:00,RJPN-004-2,RJPN-004,Band 3 (1800MHz),-78.0,-6.9,16.2,84.6,27.2,130.0
2026-10-19 16:00:00,RJPN-004-3,RJPN-004,Band 3 (1800MHz),-84.3,-13.0,21.7,50.2,47.0,93.9
2026-10-19 16:00:00,RJPN-005-1,RJPN-005,Band 1 (2100MHz),-85.0,-11.4,22.3,38.3,46.0,128.3
2026-10-19 16:00:00,RJPN-005-2,RJPN-005,Band 1 (2100MHz),-87.7,-8.4,20.3,56.5,49.3,111.8
2026-10-19 16:00:00,RJPN-005-3,RJPN-005,Band 1 (2100MHz),-81.2,-11.5,17.3,67.6,36.9,105.2
2026-10-19 16:00:00,RJPN-006-1,RJPN-006,Band 3 (1800MHz),-90.3,-13.5,11.9,45.7,46.2,84.9
2026-10-19 16:00:00,RJPN-006-2,RJPN-006,Band 3 (1800MHz),-82.9,-14.3,17.6,68.0,34.8,82.4
2026-10-19 16:00:00,RJPN-006-3,RJPN-006,Band 3 (1800MHz),-93.0,-10.5,-3.6,74.7,19.1,141.4
2026-10-19 16:00:00,RJPN-007-1,RJPN-007,Band 1 (2100MHz),-88.1,-7.3,9.3,67.7,21.0,109.3
2026-10-19 16:00:00,RJPN-007-2,RJPN-007,Band 1 (2100MHz),-81.3,-7.4,17.6,44.6,39.3,124.9
2026-10-19 16:00:00,RJPN-007-3,RJPN-007,Band 1 (2100MHz),-92.2,-11.1,12.9,47.6,36.0,115.2
2026-10-19 16:00:00,RJPN-008-1,RJPN-008,Band 3 (1800MHz),-86.5,-12.0,15.6,69.9,35.3,83.8
2026-10-19 16:00:00,RJPN-008-2,RJPN-008,Band 3 (1800MHz),-90.9,-11.5,17.8,62.2,42.7,110.3
2026-10-19 16:00:00,RJPN-008-3,RJPN-008,Band 3 (1800MHz),-85.9,-10.6,15.4,78.7,28.0,109.7
2026-10-19 16:00:00,RJPN-009-1,RJPN-009,Band 1 (2100MHz),-89.0,-8.5,15.5,95.8,21.3,151.1
2026-10-19 16:00:00,RJPN-009-2,RJPN-009,Band 1 (2100MHz),-83.1,-7.6,17.3,84.6,43.1,121.5
2026-10-19 16:00:00,RJPN-009-3,RJPN-009,Band 1 (2100MHz),-83.0,-8.8,6.3,51.0,35.9,106.6
2026-10-19 16:00:00,RJPN-010-1,RJPN-010,Band 3 (1800MHz),-85.8,-11.0,14.2,65.2,19.9,121.9
2026-10-19 16:00:00,RJPN-010-2,RJPN-010,Band 3 (1800MHz),-84.2,-10.7,21.6,47.4,35.8,121.4
2026-10-19 16:00:00,RJPN-010-3,RJPN-010,Band 3 (1800MHz),-87.4,-11.1,16.5,57.8,42.4,104.3
2026-10-19 16:00:00,RJPN-011-1,RJPN-011,Band 1 (2100MHz),-83.4,-6.9,11.0,39.9,22.7,106.3
2026-10-19 16:00:00,RJPN-011-2,RJPN-011,Band 1 (2100MHz),-101.5,-16.7,5.8,62.2,30.3,113.3
2026-10-19 16:00:00,RJPN-011-3,RJPN-011,Band 1 (2100MHz),-94.7,-16.1,12.6,51.0,52.8,126.4
2026-10-19 17:00:00,RJPN-001-1,RJPN-001,Band 1 (2100MHz),-89.7,-11.1,19.0,66.5,50.4,90.6
2026-10-19 17:00:00,RJPN-001-2,RJPN-001,Band 1 (2100MHz),-83.9,-12.2,7.7,82.1,37.6,180.8
2026-10-19 17:00:00,RJPN-001-3,RJPN-001,Band 1 (2100MHz),-81.2,-11.1,19.7,68.1,45.0,118.2
2026-10-19 17:00:00,RJPN-002-1,RJPN-002,Band 3 (1800MHz),-82.2,-14.5,22.9,90.7,59.3,130.8
2026-10-19 17:00:00,RJPN-002-2,RJPN-002,Band 3 (1800MHz),-97.8,-17.8,-0.8,69.2,33.7,130.4
2026-10-19 17:00:00,RJPN-002-3,RJPN-002,Band 3 (1800MHz),-84.6,-11.8,5.0,61.9,35.7,95.3
2026-10-19 17:00:00,RJPN-003-1,RJPN-003,Band 1 (2100MHz),-82.9,-14.8,12.8,79.9,36.8,97.0
2026-10-19 17:00:00,RJPN-003-2,RJPN-003,Band 1 (2100MHz),-90.2,-12.8,0.7,94.1,45.6,89.7
2026-10-19 17:00:00,RJPN-003-3,RJPN-003,Band 1 (2100MHz),-86.6,-9.8,13.3,58.9,18.2,139.7
2026-10-19 17:00:00,RJPN-004-1,RJPN-004,Band 3 (1800MHz),-86.3,-11.5,7.9,64.1,46.7,110.9
2026-10-19 17:00:00,RJPN-004-2,RJPN-004,Band 3 (1800MHz),-89.3,-13.4,21.5,76.4,51.0,114.3
2026-10-19 17:00:00,RJPN-004-3,RJPN-004,Band 3 (1800MHz),-88.3,-12.3,25.6,77.6,55.6,122.1
2026-10-19 17:00:00,RJPN-005-1,RJPN-005,Band 1 (2100MHz),-84.8,-14.3,3.9,83.5,38.3,110.6
2026-10-19 17:00:00,RJPN-005-2,RJPN-005,Band 1 (2100MHz),-80.8,-11.0,9.2,88.1,28.2,111.6
2026-10-19 17:00:00,RJPN-005-3,RJPN-005,Band 1 (2100MHz),-86.1,-12.5,15.0,56.0,36.2,124.0
2026-10-19 17:00:00,RJPN-006-1,RJPN-006,Band 3 (1800MHz),-83.7,-11.7,9.5,67.1,52.3,103.7
2026-10-19 17:00:00,RJPN-006-2,RJPN-006,Band 3 (1800MHz),-89.8,-13.2,9.4,65.5,41.7,124.5
2026-10-19 17:00:00,RJPN-006-3,RJPN-006,Band 3 (1800MHz),-89.1,-9.5,4.1,89.7,52.8,130.2
2026-10-19 17:00:00,RJPN-007-1,RJPN-007,Band 1 (2100MHz),-87.8,-13.0,15.2,62.0,22.4,142.1
2026-10-19 17:00:00,RJPN-007-2,RJPN-007,Band 1 (2100MHz),-89.2,-12.9,14.0,82.5,39.6,146.0
2026-10-19 17:00:00,RJPN-007-3,RJPN-007,Band 1 (2100MHz),-90.5,-9.9,9.5,70.7,33.7,128.9
2026-10-19 17:00:00,RJPN-008-1,RJPN-008,Band 3 (1800MHz),-85.0,-13.1,20.5,75.8,37.6,82.0
2026-10-19 17:00:00,RJPN-008-2,RJPN-008,Band 3 (1800MHz),-89.4,-7.4,20.2,100.0,23.1,114.8
2026-10-19 17:00:00,RJPN-008-3,RJPN-008,Band 3 (1800MHz),-84.7,-8.3,10.7,86.8,35.1,120.5
2026-10-19 17:00:00,RJPN-009-1,RJPN-009,Band 1 (2100MHz),-87.8,-11.0,8.3,77.1,37.0,117.4
2026-10-19 17:00:00,RJPN-009-2,RJPN-009,Band 1 (2100MHz),-86.9,-11.5,19.0,53.0,58.2,112.8
2026-10-19 17:00:00,RJPN-009-3,RJPN-009,Band 1 (2100MHz),-83.6,-12.0,19.9,70.8,39.6,98.7
2026-10-19 17:00:00,RJPN-010-1,RJPN-010,Band 3 (1800MHz),-84.7,-7.8,15.2,82.9,54.6,131.7
2026-10-19 17:00:00,RJPN-010-2,RJPN-010,Band 3 (1800MHz),-84.5,-13.0,9.5,52.5,39.1,81.1
2026-10-19 17:00:00,RJPN-010-3,RJPN-010,Band 3 (1800MHz),-88.2,-12.6,13.4,65.0,37.0,130.6
2026-10-19 17:00:00,RJPN-011-1,RJPN-011,Band 1 (2100MHz),-85.1,-11.7,12.3,78.7,26.6,142.2
2026-10-19 17:00:00,RJPN-011-2,RJPN-011,Band 1 (2100MHz),-103.0,-13.1,1.5,79.2,33.2,93.7
2026-10-19 17:00:00,RJPN-011-3,RJPN-011,Band 1 (2100MHz),-99.5,-14.3,-2.6,73.5,48.0,101.2
2026-10-19 18:00:00,RJPN-001-1,RJPN-001,Band 1 (2100MHz),-83.9,-9.8,8.0,94.6,46.2,73.3
2026-10-19 18:00:00,RJPN-001-2,RJPN-001,Band 1 (2100MHz),-81.5,-10.7,11.8,61.5,40.0,108.3
2026-10-19 18:00:00,RJPN-001-3,RJPN-001,Band 1 (2100MHz),-83.0,-11.6,9.3,89.1,59.9,97.2
2026-10-19 18:00:00,RJPN-002-1,RJPN-002,Band 3 (1800MHz),-86.5,-10.9,12.0,70.0,52.5,151.5
2026-10-19 18:00:00,RJPN-002-2,RJPN-002,Band 3 (1800MHz),-89.8,-18.6,2.1,85.9,52.9,133.3
2026-10-19 18:00:00,RJPN-002-3,RJPN-002,Band 3 (1800MHz),-85.3,-9.4,12.6,91.8,51.3,49.7
2026-10-19 18:00:00,RJPN-003-1,RJPN-003,Band 1 (2100MHz),-89.7,-14.1,14.8,58.9,35.3,114.0
2026-10-19 18:00:00,RJPN-003-2,RJPN-003,Band 1 (2100MHz),-86.0,-9.4,11.2,84.0,67.3,129.1
2026-10-19 18:00:00,RJPN-003-3,RJPN-003,Band 1 (2100MHz),-85.5,-11.9,9.2,92.7,57.8,116.4
2026-10-19 18:00:00,RJPN-004-1,RJPN-004,Band 3 (1800MHz),-81.7,-18.1,18.3,78.9,45.5,127.3
2026-10-19 18:00:00,RJPN-004-2,RJPN-004,Band 3 (1800MHz),-89.0,-8.9,7.9,77.1,32.0,117.7
2026-10-19 18:00:00,RJPN-004-3,RJPN-004,Band 3 (1800MHz),-86.1,-8.8,12.5,70.7,45.4,110.5
2026-10-19 18:00:00,RJPN-005-1,RJPN-005,Band 1 (2100MHz),-89.7,-10.0,13.3,69.4,35.8,100.3
2026-10-19 18:00:00,RJPN-005-2,RJPN-005,Band 1 (2100MHz),-90.9,-10.0,17.4,59.7,39.9,110.3
2026-10-19 18:00:00,RJPN-005-3,RJPN-005,Band 1 (2100MHz),-83.6,-13.6,12.8,82.5,49.2,114.0
2026-10-19 18:00:00,RJPN-006-1,RJPN-006,Band 3 (1800MHz),-84.7,-11.8,23.0,54.8,46.8,170.5
2026-10-19 18:00:00,RJPN-006-2,RJPN-006,Band 3 (1800MHz),-84.4,-11.9,17.2,85.4,51.9,135.3
2026-10-19 18:00:00,RJPN-006-3,RJPN-006,Band 3 (1800MHz),-79.8,-11.2,11.5,79.2,42.3,150.1
2026-10-19 18:00:00,RJPN-007-1,RJPN-007,Band 1 (2100MHz),-83.3,-10.3,16.5,71.3,32.2,127.6
2026-10-19 18:00:00,RJPN-007-2,RJPN-007,Band 1 (2100MHz),-86.7,-10.3,9.4,86.5,35.9,141.1
2026-10-19 18:00:00,RJPN-007-3,RJPN-007,Band 1 (2100MHz),-85.2,-10.4,10.8,98.7,45.5,117.5
2026-10-19 18:00:00,RJPN-008-1,RJPN-008,Band 3 (1800MHz),-84.5,-12.9,19.5,45.5,40.3,105.8
2026-10-19 18:00:00,RJPN-008-2,RJPN-008,Band 3 (1800MHz),-89.7,-13.3,11.1,98.1,43.7,137.0
2026-10-19 18:00:00,RJPN-008-3,RJPN-008,Band 3 (1800MHz),-78.9,-11.5,19.2,60.5,24.6,121.6
2026-10-19 18:00:00,RJPN-009-1,RJPN-009,Band 1 (2100MHz),-81.6,-13.3,14.9,100.0,37.5,106.9
2026-10-19 18:00:00,RJPN-009-2,RJPN-009,Band 1 (2100MHz),-89.6,-12.8,7.0,93.6,43.2,123.4
2026-10-19 18:00:00,RJPN-009-3,RJPN-009,Band 1 (2100MHz),-87.5,-11.6,12.4,73.1,54.2,147.4
2026-10-19 18:00:00,RJPN-010-1,RJPN-010,Band 3 (1800MHz),-80.8,-14.0,21.9,60.9,57.1,117.2
2026-10-19 18:00:00,RJPN-010-2,RJPN-010,Band 3 (1800MHz),-75.3,-8.3,15.2,69.1,42.7,140.4
2026-10-19 18:00:00,RJPN-010-3,RJPN-010,Band 3 (1800MHz),-86.4,-11.3,22.0,64.3,38.8,129.8
2026-10-19 18:00:00,RJPN-011-1,RJPN-011,Band 1 (2100MHz),-83.5,-11.6,17.5,76.3,34.7,140.9
2026-10-19 18:00:00,RJPN-011-2,RJPN-011,Band 1 (2100MHz),-95.5,-15.6,12.3,62.1,43.9,137.0
2026-10-19 18:00:00,RJPN-011-3,RJPN-011,Band 1 (2100MHz),-100.7,-14.8,-1.7,59.1,36.6,125.5
2026-10-19 19:00:00,RJPN-001-1,RJPN-001,Band 1 (2100MHz),-80.0,-12.6,15.7,64.0,39.1,80.7
2026-10-19 19:00:00,RJPN-001-2,RJPN-001,Band 1 (2100MHz),-85.9,-16.5,18.3,68.2,43.0,113.5
2026-10-19 19:00:00,RJPN-001-3,RJPN-001,Band 1 (2100MHz),-91.2,-10.8,7.4,57.3,32.4,148.0
2026-10-19 19:00:00,RJPN-002-1,RJPN-002,Band 3 (1800MHz),-82.4,-11.5,21.7,81.9,43.9,118.7
2026-10-19 19:00:00,RJPN-002-2,RJPN-002,Band 3 (1800MHz),-100.0,-14.8,11.8,71.0,32.9,160.2
2026-10-19 19:00:00,RJPN-002-3,RJPN-002,Band 3 (1800MHz),-81.6,-11.2,12.3,100.0,46.2,123.6
2026-10-19 19:00:00,RJPN-003-1,RJPN-003,Band 1 (2100MHz),-86.9,-8.6,10.2,72.8,42.0,159.0
2026-10-19 19:00:00,RJPN-003-2,RJPN-003,Band 1 (2100MHz),-90.6,-8.7,13.1,83.8,33.0,116.6
2026-10-19 19:00:00,RJPN-003-3,RJPN-003,Band 1 (2100MHz),-83.3,-14.7,1.1,49.4,16.1,95.8
2026-10-19 19:00:00,RJPN-004-1,RJPN-004,Band 3 (1800MHz),-88.1,-12.8,13.3,70.3,67.2,81.3
2026-10-19 19:00:00,RJPN-004-2,RJPN-004,Band 3 (1800MHz),-84.5,-12.1,10.0,100.0,43.0,100.2
2026-10-19 19:00:00,RJPN-004-3,RJPN-004,Band 3 (1800MHz),-86.5,-11.0,9.3,83.6,37.6,118.9
2026-10-19 19:00:00,RJPN-005-1,RJPN-005,Band 1 (2100MHz),-86.2,-11.4,15.1,85.8,61.1,94.9
2026-10-19 19:00:00,RJPN-005-2,RJPN-005,Band 1 (2100MHz),-93.0,-15.3,11.2,53.2,56.8,127.5
2026-10-19 19:00:00,RJPN-005-3,RJPN-005,Band 1 (2100MHz),-89.1,-14.8,14.3,86.1,61.1,121.3
2026-10-19 19:00:00,RJPN-006-1,RJPN-006,Band 3 (1800MHz),-89.0,-10.1,5.9,69.1,36.7,136.4
2026-10-19 19:00:00,RJPN-006-2,RJPN-006,Band 3 (1800MHz),-89.7,-12.1,16.5,84.3,43.8,118.2
2026-10-19 19:00:00,RJPN-006-3,RJPN-006,Band 3 (1800MHz),-81.8,-12.3,4.4,83.8,35.0,100.5
2026-10-19 19:00:00,RJPN-007-1,RJPN-007,Band 1 (2100MHz),-78.0,-9.7,7.7,76.9,28.8,92.4
2026-10-19 19:00:00,RJPN-007-2,RJPN-007,Band 1 (2100MHz),-87.6,-11.8,13.0,74.9,38.1,153.2
2026-10-19 19:00:00,RJPN-007-3,RJPN-007,Band 1 (2100MHz),-93.7,-13.1,18.6,53.7,36.1,147.7
2026-10-19 19:00:00,RJPN-008-1,RJPN-008,Band 3 (1800MHz),-83.7,-14.1,8.2,98.4,39.6,166.2
2026-10-19 19:00:00,RJPN-008-2,RJPN-008,Band 3 (1800MHz),-81.5,-11.0,9.8,71.5,38.3,106.5
2026-10-19 19:00:00,RJPN-008-3,RJPN-008,Band 3 (1800MHz),-85.0,-12.7,22.5,87.6,43.8,137.3
2026-10-19 19:00:00,RJPN-009-1,RJPN-009,Band 1 (2100MHz),-88.5,-13.6,9.6,43.0,52.6,103.4
2026-10-19 19:00:00,RJPN-009-2,RJPN-009,Band 1 (2100MHz),-84.3,-12.7,13.3,79.3,44.5,81.1
2026-10-19 19:00:00,RJPN-009-3,RJPN-009,Band 1 (2100MHz),-87.8,-11.1,17.1,57.2,38.8,150.2
2026-10-19 19:00:00,RJPN-010-1,RJPN-010,Band 3 (1800MHz),-86.9,-13.2,10.2,100.0,49.7,78.8
2026-10-19 19:00:00,RJPN-010-2,RJPN-010,Band 3 (1800MHz),-87.5,-10.4,9.0,68.6,59.6,111.5
2026-10-19 19:00:00,RJPN-010-3,RJPN-010,Band 3 (1800MHz),-85.8,-15.2,10.6,76.0,44.3,108.9
2026-10-19 19:00:00,RJPN-011-1,RJPN-011,Band 1 (2100MHz),-81.2,-13.7,9.1,59.6,46.8,133.5
2026-10-19 19:00:00,RJPN-011-2,RJPN-011,Band 1 (2100MHz),-96.6,-16.2,-4.0,86.4,52.7,109.8
2026-10-19 19:00:00,RJPN-011-3,RJPN-011,Band 1 (2100MHz),-104.1,-16.8,1.1,94.8,14.1,118.2
2026-10-19 20:00:00,RJPN-001-1,RJPN-001,Band 1 (2100MHz),-82.2,-8.4,8.6,64.8,38.8,91.7
2026-10-19 20:00:00,RJPN-001-2,RJPN-001,Band 1 (2100MHz),-77.1,-10.8,23.6,78.7,35.8,112.4
2026-10-19 20:00:00,RJPN-001-3,RJPN-001,Band 1 (2100MHz),-91.2,-7.8,6.9,64.7,21.3,108.6
2026-10-19 20:00:00,RJPN-002-1,RJPN-002,Band 3 (1800MHz),-80.7,-10.6,6.3,38.5,38.1,129.2
2026-10-19 20:00:00,RJPN-002-2,RJPN-002,Band 3 (1800MHz),-97.5,-17.0,5.6,72.4,50.4,112.1
2026-10-19 20:00:00,RJPN-002-3,RJPN-002,Band 3 (1800MHz),-83.1,-13.6,21.5,72.2,37.8,97.0
2026-10-19 20:00:00,RJPN-003-1,RJPN-003,Band 1 (2100MHz),-84.2,-10.2,14.8,75.0,46.1,131.3
2026-10-19 20:00:00,RJPN-003-2,RJPN-003,Band 1 (2100MHz),-83.0,-11.1,11.2,96.4,44.4,99.5
2026-10-19 20:00:00,RJPN-003-3,RJPN-003,Band 1 (2100MHz),-85.0,-10.8,12.5,76.8,52.6,117.4
2026-10-19 20:00:00,RJPN-004-1,RJPN-004,Band 3 (1800MHz),-84.5,-7.4,9.6,81.6,17.9,138.3
2026-10-19 20:00:00,RJPN-004-2,RJPN-004,Band 3 (1800MHz),-78.5,-10.2,20.4,59.2,46.8,106.6
2026-10-19 20:00:00,RJPN-004-3,RJPN-004,Band 3 (1800MHz),-85.9,-9.2,5.9,97.9,38.8,99.0
2026-10-19 20:00:00,RJPN-005-1,RJPN-005,Band 1 (2100MHz),-85.9,-9.0,9.3,48.9,25.1,60.7
2026-10-19 20:00:00,RJPN-005-2,RJPN-005,Band 1 (2100MHz),-93.9,-10.0,5.3,58.3,26.1,126.2
2026-10-19 20:00:00,RJPN-005-3,RJPN-005,Band 1 (2100MHz),-84.6,-10.3,11.6,58.6,47.6,153.7
2026-10-19 20:00:00,RJPN-006-1,RJPN-006,Band 3 (1800MHz),-89.7,-13.3,6.9,38.2,26.4,68.9
2026-10-19 20:00:00,RJPN-006-2,RJPN-006,Band 3 (1800MHz),-83.5,-11.8,12.0,55.6,46.8,104.8
2026-10-19 20:00:00,RJPN-006-3,RJPN-006,Band 3 (1800MHz),-88.2,-11.4,5.4,70.6,47.4,66.8
2026-10-19 20:00:00,RJPN-007-1,RJPN-007,Band 1 (2100MHz),-88.1,-12.3,8.4,62.3,31.2,129.4
2026-10-19 20:00:00,RJPN-007-2,RJPN-007,Band 1 (2100MHz),-92.9,-12.7,7.6,55.0,26.5,130.2
2026-10-19 20:00:00,RJPN-007-3,RJPN-007,Band 1 (2100MHz),-89.1,-12.6,14.9,89.8,34.4,130.7
2026-10-19 20:00:00,RJPN-008-1,RJPN-008,Band 3 (1800MHz),-78.5,-11.2,13.1,77.7,48.3,129.3
2026-10-19 20:00:00,RJPN-008-2,RJPN-008,Band 3 (1800MHz),-80.9,-9.4,6.4,70.6,28.1,135.9
2026-10-19 20:00:00,RJPN-008-3,RJPN-008,Band 3 (1800MHz),-85.4,-12.8,15.2,39.1,42.3,128.7
2026-10-19 20:00:00,RJPN-009-1,RJPN-009,Band 1 (2100MHz),-83.0,-9.7,21.7,83.6,31.2,146.9
2026-10-19 20:00:00,RJPN-009-2,RJPN-009,Band 1 (2100MHz),-88.1,-15.3,11.5,71.5,45.1,101.0
2026-10-19 20:00:00,RJPN-009-3,RJPN-009,Band 1 (2100MHz),-80.5,-10.3,16.0,60.1,47.5,113.7
2026-10-19 20:00:00,RJPN-010-1,RJPN-010,Band 3 (1800MHz),-83.8,-11.6,15.9,64.2,25.0,148.3
2026-10-19 20:00:00,RJPN-010-2,RJPN-010,Band 3 (1800MHz),-88.1,-10.0,9.5,53.9,42.3,112.3
2026-10-19 20:00:00,RJPN-010-3,RJPN-010,Band 3 (1800MHz),-79.4,-9.5,11.7,57.3,43.6,110.4
2026-10-19 20:00:00,RJPN-011-1,RJPN-011,Band 1 (2100MHz),-89.0,-10.0,13.2,78.6,39.9,110.3
2026-10-19 20:00:00,RJPN-011-2,RJPN-011,Band 1 (2100MHz),-97.2,-16.7,1.5,68.0,45.5,89.8
2026-10-19 20:00:00,RJPN-011-3,RJPN-011,Band 1 (2100MHz),-96.8,-15.3,13.3,74.6,35.3,91.7
2026-10-19 21:00:00,RJPN-001-1,RJPN-001,Band 1 (2100MHz),-83.5,-9.5,13.1,8.8,12.9,29.0
2026-10-19 21:00:00,RJPN-001-2,RJPN-001,Band 1 (2100MHz),-81.8,-9.0,9.0,0.0,2.6,0.0
2026-10-19 21:00:00,RJPN-001-3,RJPN-001,Band 1 (2100MHz),-82.4,-3.7,17.2,0.9,21.4,41.5
2026-10-19 21:00:00,RJPN-002-1,RJPN-002,Band 3 (1800MHz),-88.0,-9.8,19.7,14.2,13.6,36.9
2026-10-19 21:00:00,RJPN-002-2,RJPN-002,Band 3 (1800MHz),-100.1,-14.6,-2.0,23.9,11.4,12.0
2026-10-19 21:00:00,RJPN-002-3,RJPN-002,Band 3 (1800MHz),-81.7,-7.0,9.1,8.6,15.1,23.5
2026-10-19 21:00:00,RJPN-003-1,RJPN-003,Band 1 (2100MHz),-88.3,-7.6,14.0,10.7,31.8,0.0
2026-10-19 21:00:00,RJPN-003-2,RJPN-003,Band 1 (2100MHz),-84.7,-6.7,13.9,10.7,12.0,4.9
2026-10-19 21:00:00,RJPN-003-3,RJPN-003,Band 1 (2100MHz),-81.7,-8.2,6.3,0.0,16.3,26.3
2026-10-19 21:00:00,RJPN-004-1,RJPN-004,Band 3 (1800MHz),-89.2,-8.7,4.6,5.7,0.0,29.9
2026-10-19 21:00:00,RJPN-004-2,RJPN-004,Band 3 (1800MHz),-81.4,-6.0,2.9,20.7,0.8,45.6
2026-10-19 21:00:00,RJPN-004-3,RJPN-004,Band 3 (1800MHz),-82.0,-11.4,14.1,10.6,1.1,33.0
2026-10-19 21:00:00,RJPN-005-1,RJPN-005,Band 1 (2100MHz),-88.7,-6.6,21.3,25.3,9.4,34.8
2026-10-19 21:00:00,RJPN-005-2,RJPN-005,Band 1 (2100MHz),-82.9,-6.7,15.6,18.4,3.6,65.8
2026-10-19 21:00:00,RJPN-005-3,RJPN-005,Band 1 (2100MHz),-85.8,-10.3,12.8,17.3,8.0,29.5
2026-10-19 21:00:00,RJPN-006-1,RJPN-006,Band 3 (1800MHz),-84.8,-8.6,17.8,22.0,18.4,21.2
2026-10-19 21:00:00,RJPN-006-2,RJPN-006,Band 3 (1800MHz),-80.7,-8.1,12.9,27.3,0.0,46.0
2026-10-19 21:00:00,RJPN-006-3,RJPN-006,Band 3 (1800MHz),-87.7,-8.2,13.2,23.8,0.9,30.9
2026-10-19 21:00:00,RJPN-007-1,RJPN-007,Band 1 (2100MHz),-89.1,-12.5,8.8,24.6,0.5,61.0
2026-10-19 21:00:00,RJPN-007-2,RJPN-007,Band 1 (2100MHz),-82.0,-9.0,15.0,32.2,26.4,6.3
2026-10-19 21:00:00,RJPN-007-3,RJPN-007,Band 1 (2100MHz),-91.2,-10.9,16.8,0.0,15.3,15.5
2026-10-19 21:00:00,RJPN-008-1,RJPN-008,Band 3 (1800MHz),-90.8,-8.9,12.0,20.3,0.0,38.4
2026-10-19 21:00:00,RJPN-008-2,RJPN-008,Band 3 (1800MHz),-93.2,-4.4,22.9,13.6,18.5,16.2
2026-10-19 21:00:00,RJPN-008-3,RJPN-008,Band 3 (1800MHz),-80.0,-7.3,17.9,17.2,17.7,94.5
2026-10-19 21:00:00,RJPN-009-1,RJPN-009,Band 1 (2100MHz),-85.1,-8.3,19.4,10.4,17.6,14.1
2026-10-19 21:00:00,RJPN-009-2,RJPN-009,Band 1 (2100MHz),-79.5,-8.2,6.2,4.3,13.7,17.8
2026-10-19 21:00:00,RJPN-009-3,RJPN-009,Band 1 (2100MHz),-91.4,-8.2,12.4,0.0,11.8,15.4
2026-10-19 21:00:00,RJPN-010-1,RJPN-010,Band 3 (1800MHz),-88.2,-12.7,17.7,0.0,0.0,14.4
2026-10-19 21:00:00,RJPN-010-2,RJPN-010,Band 3 (1800MHz),-88.0,-9.8,12.9,0.7,13.6,34.1
2026-10-19 21:00:00,RJPN-010-3,RJPN-010,Band 3 (1800MHz),-90.6,-7.7,7.9,16.8,4.2,11.4
2026-10-19 21:00:00,RJPN-011-1,RJPN-011,Band 1 (2100MHz),-85.8,-7.3,15.9,24.7,15.0,32.0
2026-10-19 21:00:00,RJPN-011-2,RJPN-011,Band 1 (2100MHz),-97.6,-12.2,-3.0,19.4,15.0,71.9
2026-10-19 21:00:00,RJPN-011-3,RJPN-011,Band 1 (2100MHz),-99.9,-9.6,-2.6,17.0,19.3,0.0
2026-10-19 22:00:00,RJPN-001-1,RJPN-001,Band 1 (2100MHz),-87.9,-11.4,15.7,23.8,0.0,18.2
2026-10-19 22:00:00,RJPN-001-2,RJPN-001,Band 1 (2100MHz),-75.4,-10.9,9.3,8.6,8.1,32.5
2026-10-19 22:00:00,RJPN-001-3,RJPN-001,Band 1 (2100MHz),-87.4,-8.0,9.4,8.0,16.2,18.8
2026-10-19 22:00:00,RJPN-002-1,RJPN-002,Band 3 (1800MHz),-75.9,-4.9,1.0,17.3,11.1,0.0
2026-10-19 22:00:00,RJPN-002-2,RJPN-002,Band 3 (1800MHz),-106.1,-14.3,1.0,2.5,8.8,13.7
2026-10-19 22:00:00,RJPN-002-3,RJPN-002,Band 3 (1800MHz),-84.3,-8.2,9.0,2.1,5.7,40.4
2026-10-19 22:00:00,RJPN-003-1,RJPN-003,Band 1 (2100MHz),-83.9,-8.2,15.1,6.2,12.0,31.1
2026-10-19 22:00:00,RJPN-003-2,RJPN-003,Band 1 (2100MHz),-80.9,-8.8,8.7,0.0,2.8,6.1
2026-10-19 22:00:00,RJPN-003-3,RJPN-003,Band 1 (2100MHz),-84.4,-10.7,14.9,2.1,1.9,42.6
2026-10-19 22:00:00,RJPN-004-1,RJPN-004,Band 3 (1800MHz),-82.2,-11.3,11.2,6.4,4.1,25.6
2026-10-19 22:00:00,RJPN-004-2,RJPN-004,Band 3 (1800MHz),-80.5,-2.4,8.2,0.0,18.1,7.0
2026-10-19 22:00:00,RJPN-004-3,RJPN-004,Band 3 (1800MHz),-85.7,-8.0,15.6,15.0,0.0,0.0
2026-10-19 22:00:00,RJPN-005-1,RJPN-005,Band 1 (2100MHz),-90.8,-7.3,13.3,9.6,2.3,17.6
2026-10-19 22:00:00,RJPN-005-2,RJPN-005,Band 1 (2100MHz),-79.7,-9.4,7.9,0.0,12.0,36.1
2026-10-19 22:00:00,RJPN-005-3,RJPN-005,Band 1 (2100MHz),-76.1,-4.2,17.3,0.0,8.1,0.0
2026-10-19 22:00:00,RJPN-006-1,RJPN-006,Band 3 (1800MHz),-82.3,-9.4,8.0,3.9,16.1,11.3
2026-10-19 22:00:00,RJPN-006-2,RJPN-006,Band 3 (1800MHz),-88.4,-8.3,22.7,33.5,4.7,0.0
2026-10-19 22:00:00,RJPN-006-3,RJPN-006,Band 3 (1800MHz),-78.6,-9.1,11.0,3.1,12.8,43.6
2026-10-19 22:00:00,RJPN-007-1,RJPN-007,Band 1 (2100MHz),-90.9,-8.6,8.9,0.0,5.3,0.0
2026-10-19 22:00:00,RJPN-007-2,RJPN-007,Band 1 (2100MHz),-83.3,-8.0,12.0,10.4,17.9,0.0
2026-10-19 22:00:00,RJPN-007-3,RJPN-007,Band 1 (2100MHz),-86.7,-8.1,20.8,0.7,25.0,45.3
2026-10-19 22:00:00,RJPN-008-1,RJPN-008,Band 3 (1800MHz),-91.0,-5.1,14.7,9.6,9.5,0.0
2026-10-19 22:00:00,RJPN-008-2,RJPN-008,Band 3 (1800MHz),-89.7,-10.9,14.5,28.8,0.0,0.0
2026-10-19 22:00:00,RJPN-008-3,RJPN-008,Band 3 (1800MHz),-83.0,-6.5,7.9,11.0,8.4,0.0
2026-10-19 22:00:00,RJPN-009-1,RJPN-009,Band 1 (2100MHz),-85.0,-10.4,6.0,0.0,8.0,37.8
2026-10-19 22:00:00,RJPN-009-2,RJPN-009,Band 1 (2100MHz),-79.8,-5.5,14.9,40.8,0.0,14.8
2026-10-19 22:00:00,RJPN-009-3,RJPN-009,Band 1 (2100MHz),-82.8,-7.1,8.7,1.3,14.2,0.0
2026-10-19 22:00:00,RJPN-010-1,RJPN-010,Band 3 (1800MHz),-84.5,-6.9,5.4,0.0,0.0,12.3
2026-10-19 22:00:00,RJPN-010-2,RJPN-010,Band 3 (1800MHz),-82.2,-7.2,4.2,8.7,0.0,18.8
2026-10-19 22:00:00,RJPN-010-3,RJPN-010,Band 3 (1800MHz),-85.4,-11.0,16.5,15.2,10.0,23.6
2026-10-19 22:00:00,RJPN-011-1,RJPN-011,Band 1 (2100MHz),-82.6,-10.4,6.7,0.0,0.0,40.6
2026-10-19 22:00:00,RJPN-011-2,RJPN-011,Band 1 (2100MHz),-102.8,-9.5,5.1,17.8,5.8,50.0
2026-10-19 22:00:00,RJPN-011-3,RJPN-011,Band 1 (2100MHz),-91.7,-13.7,9.9,0.0,9.9,0.0
2026-10-19 23:00:00,RJPN-001-1,RJPN-001,Band 1 (2100MHz),-90.4,-8.6,10.9,13.6,15.4,22.6
2026-10-19 23:00:00,RJPN-001-2,RJPN-001,Band 1 (2100MHz),-81.0,-4.9,8.7,0.0,22.3,0.0
2026-10-19 23:00:00,RJPN-001-3,RJPN-001,Band 1 (2100MHz),-80.8,-6.6,8.1,14.3,23.4,0.0
2026-10-19 23:00:00,RJPN-002-1,RJPN-002,Band 3 (1800MHz),-82.3,-7.4,16.7,1.2,16.8,15.2
2026-10-19 23:00:00,RJPN-002-2,RJPN-002,Band 3 (1800MHz),-99.3,-10.0,8.7,0.0,9.9,4.4
2026-10-19 23:00:00,RJPN-002-3,RJPN-002,Band 3 (1800MHz),-82.8,-5.1,15.6,0.0,6.4,0.5
2026-10-19 23:00:00,RJPN-003-1,RJPN-003,Band 1 (2100MHz),-84.9,-6.4,10.9,4.5,15.4,14.3
2026-10-19 23:00:00,RJPN-003-2,RJPN-003,Band 1 (2100MHz),-90.0,-7.9,7.6,22.8,0.0,39.4
2026-10-19 23:00:00,RJPN-003-3,RJPN-003,Band 1 (2100MHz),-82.5,-8.4,12.6,16.3,9.7,0.6
2026-10-19 23:00:00,RJPN-004-1,RJPN-004,Band 3 (1800MHz),-89.7,-10.9,12.0,0.0,6.1,23.0
2026-10-19 23:00:00,RJPN-004-2,RJPN-004,Band 3 (1800MHz),-87.6,-10.1,12.0,6.5,0.0,16.3
2026-10-19 23:00:00,RJPN-004-3,RJPN-004,Band 3 (1800MHz),-85.4,-6.0,20.8,4.6,5.8,17.3
2026-10-19 23:00:00,RJPN-005-1,RJPN-005,Band 1 (2100MHz),-88.8,-7.8,12.4,0.0,8.5,30.3
2026-10-19 23:00:00,RJPN-005-2,RJPN-005,Band 1 (2100MHz),-84.5,-8.4,14.0,8.2,17.7,10.7
2026-10-19 23:00:00,RJPN-005-3,RJPN-005,Band 1 (2100MHz),-86.1,-4.8,19.0,8.3,0.0,28.0
2026-10-19 23:00:00,RJPN-006-1,RJPN-006,Band 3 (1800MHz),-85.8,-3.8,12.9,12.1,8.3,26.4
2026-10-19 23:00:00,RJPN-006-2,RJPN-006,Band 3 (1800MHz),-87.7,-4.8,16.7,0.0,5.3,9.4
2026-10-19 23:00:00,RJPN-006-3,RJPN-006,Band 3 (1800MHz),-90.8,-10.3,18.1,20.2,21.0,0.0
2026-10-19 23:00:00,RJPN-007-1,RJPN-007,Band 1 (2100MHz),-83.1,-8.0,20.0,0.7,0.0,6.3
2026-10-19 23:00:00,RJPN-007-2,RJPN-007,Band 1 (2100MHz),-83.7,-3.3,16.2,12.0,0.8,0.0
2026-10-19 23:00:00,RJPN-007-3,RJPN-007,Band 1 (2100MHz),-87.3,-3.7,8.7,0.0,16.2,30.2
2026-10-19 23:00:00,RJPN-008-1,RJPN-008,Band 3 (1800MHz),-86.0,-9.0,15.3,6.3,14.9,13.5
2026-10-19 23:00:00,RJPN-008-2,RJPN-008,Band 3 (1800MHz),-86.5,-7.2,12.3,7.5,0.0,0.0
2026-10-19 23:00:00,RJPN-008-3,RJPN-008,Band 3 (1800MHz),-79.5,-8.0,13.3,6.7,6.3,0.0
2026-10-19 23:00:00,RJPN-009-1,RJPN-009,Band 1 (2100MHz),-85.1,-5.3,10.7,34.1,8.8,43.6
2026-10-19 23:00:00,RJPN-009-2,RJPN-009,Band 1 (2100MHz),-81.1,-10.3,4.5,0.0,0.0,26.1
2026-10-19 23:00:00,RJPN-009-3,RJPN-009,Band 1 (2100MHz),-92.3,-10.3,23.5,28.6,26.5,1.7
2026-10-19 23:00:00,RJPN-010-1,RJPN-010,Band 3 (1800MHz),-89.4,-8.3,20.2,17.4,0.0,21.6
2026-10-19 23:00:00,RJPN-010-2,RJPN-010,Band 3 (1800MHz),-80.9,-11.6,3.5,4.7,12.6,4.2
2026-10-19 23:00:00,RJPN-010-3,RJPN-010,Band 3 (1800MHz),-86.2,-6.7,1.7,1.9,13.2,22.5
2026-10-19 23:00:00,RJPN-011-1,RJPN-011,Band 1 (2100MHz),-79.2,-11.0,6.0,12.0,0.0,0.0
2026-10-19 23:00:00,RJPN-011-2,RJPN-011,Band 1 (2100MHz),-100.9,-13.4,8.2,15.8,6.7,22.4
2026-10-19 23:00:00,RJPN-011-3,RJPN-011,Band 1 (2100MHz),-99.4,-13.8,-0.3,0.0,0.0,55.1
2026-10-20 00:00:00,RJPN-001-1,RJPN-001,Band 1 (2100MHz),-82.6,-7.1,4.8,13.2,3.8,11.5
2026-10-20 00:00:00,RJPN-001-2,RJPN-001,Band 1 (2100MHz),-88.7,-10.1,27.4,1.6,0.0,2.9
2026-10-20 00:00:00,RJPN-001-3,RJPN-001,Band 1 (2100MHz),-83.6,-10.3,13.4,2.6,15.8,20.9
2026-10-20 00:00:00,RJPN-002-1,RJPN-002,Band 3 (1800MHz),-84.8,-10.2,8.7,0.0,18.0,0.0
2026-10-20 00:00:00,RJPN-002-2,RJPN-002,Band 3 (1800MHz),-90.7,-10.9,5.8,3.9,0.0,25.7
2026-10-20 00:00:00,RJPN-002-3,RJPN-002,Band 3 (1800MHz),-81.8,-6.7,29.4,6.3,6.4,0.0
2026-10-20 00:00:00,RJPN-003-1,RJPN-003,Band 1 (2100MHz),-83.2,-9.2,19.6,7.0,0.9,81.7
2026-10-20 00:00:00,RJPN-003-2,RJPN-003,Band 1 (2100MHz),-87.1,-8.7,9.7,11.6,8.0,31.8
2026-10-20 00:00:00,RJPN-003-3,RJPN-003,Band 1 (2100MHz),-87.6,-6.0,5.6,0.0,6.4,16.7
2026-10-20 00:00:00,RJPN-004-1,RJPN-004,Band 3 (1800MHz),-87.6,-7.9,14.9,23.1,0.0,51.3
2026-10-20 00:00:00,RJPN-004-2,RJPN-004,Band 3 (1800MHz),-92.3,-7.6,20.7,12.2,0.0,22.6
2026-10-20 00:00:00,RJPN-004-3,RJPN-004,Band 3 (1800MHz),-82.4,-8.6,8.2,14.2,11.5,25.1
2026-10-20 00:00:00,RJPN-005-1,RJPN-005,Band 1 (2100MHz),-87.8,-7.7,11.4,8.6,0.0,0.0
2026-10-20 00:00:00,RJPN-005-2,RJPN-005,Band 1 (2100MHz),-80.9,-10.1,19.6,13.5,8.4,19.5
2026-10-20 00:00:00,RJPN-005-3,RJPN-005,Band 1 (2100MHz),-90.9,-8.0,11.6,5.5,0.0,23.3
2026-10-20 00:00:00,RJPN-006-1,RJPN-006,Band 3 (1800MHz),-89.0,-8.0,5.4,10.1,15.4,2.7
2026-10-20 00:00:00,RJPN-006-2,RJPN-006,Band 3 (1800MHz),-88.3,-7.2,4.4,4.3,0.0,0.0
2026-10-20 00:00:00,RJPN-006-3,RJPN-006,Band 3 (1800MHz),-76.6,-7.2,5.1,20.7,0.6,0.0
2026-10-20 00:00:00,RJPN-007-1,RJPN-007,Band 1 (2100MHz),-83.3,-10.0,7.6,3.7,0.0,0.0
2026-10-20 00:00:00,RJPN-007-2,RJPN-007,Band 1 (2100MHz),-80.3,-7.4,12.2,0.0,21.1,24.6
2026-10-20 00:00:00,RJPN-007-3,RJPN-007,Band 1 (2100MHz),-88.9,-9.7,18.8,4.5,0.0,18.1
2026-10-20 00:00:00,RJPN-008-1,RJPN-008,Band 3 (1800MHz),-86.6,-6.4,15.0,9.5,14.9,4.2
2026-10-20 00:00:00,RJPN-008-2,RJPN-008,Band 3 (1800MHz),-82.7,-6.8,18.0,8.2,0.0,28.3
2026-10-20 00:00:00,RJPN-008-3,RJPN-008,Band 3 (1800MHz),-84.5,-8.3,5.6,0.0,10.0,0.0
2026-10-20 00:00:00,RJPN-009-1,RJPN-009,Band 1 (2100MHz),-87.3,-6.4,8.1,0.0,18.2,0.0
2026-10-20 00:00:00,RJPN-009-2,RJPN-009,Band 1 (2100MHz),-88.4,-3.6,18.2,17.1,8.0,0.0
2026-10-20 00:00:00,RJPN-009-3,RJPN-009,Band 1 (2100MHz),-86.0,-9.3,5.7,0.0,5.6,19.4
2026-10-20 00:00:00,RJPN-010-1,RJPN-010,Band 3 (1800MHz),-88.0,-7.4,14.2,0.0,0.0,0.0
2026-10-20 00:00:00,RJPN-010-2,RJPN-010,Band 3 (1800MHz),-84.7,-10.2,15.5,10.2,0.0,67.1
2026-10-20 00:00:00,RJPN-010-3,RJPN-010,Band 3 (1800MHz),-87.1,-1.9,5.3,8.4,2.0,7.1
2026-10-20 00:00:00,RJPN-011-1,RJPN-011,Band 1 (2100MHz),-82.5,-8.9,12.0,28.0,22.9,0.0
2026-10-20 00:00:00,RJPN-011-2,RJPN-011,Band 1 (2100MHz),-106.3,-10.5,9.7,18.2,7.2,6.1
2026-10-20 00:00:00,RJPN-011-3,RJPN-011,Band 1 (2100MHz),-100.7,-13.5,10.5,0.5,24.2,18.4
2026-10-20 01:00:00,RJPN-001-1,RJPN-001,Band 1 (2100MHz),-88.1,-10.1,17.3,8.7,7.0,5.3
2026-10-20 01:00:00,RJPN-001-2,RJPN-001,Band 1 (2100MHz),-87.1,-9.4,11.9,0.0,2.5,34.9
2026-10-20 01:00:00,RJPN-001-3,RJPN-001,Band 1 (2100MHz),-85.3,-7.7,11.3,25.0,20.4,43.5
2026-10-20 01:00:00,RJPN-002-1,RJPN-002,Band 3 (1800MHz),-81.4,-9.6,9.4,25.3,11.1,0.0
2026-10-20 01:00:00,RJPN-002-2,RJPN-002,Band 3 (1800MHz),-98.1,-9.6,11.1,0.0,17.9,0.1
2026-10-20 01:00:00,RJPN-002-3,RJPN-002,Band 3 (1800MHz),-83.8,-8.7,10.8,18.0,0.8,5.0
2026-10-20 01:00:00,RJPN-003-1,RJPN-003,Band 1 (2100MHz),-91.0,-6.4,16.8,0.7,12.2,15.9
2026-10-20 01:00:00,RJPN-003-2,RJPN-003,Band 1 (2100MHz),-93.1,-9.6,14.8,12.7,4.7,24.8
2026-10-20 01:00:00,RJPN-003-3,RJPN-003,Band 1 (2100MHz),-83.8,-5.4,18.1,42.8,7.4,9.6
2026-10-20 01:00:00,RJPN-004-1,RJPN-004,Band 3 (1800MHz),-79.1,-9.3,6.6,0.0,22.2,0.0
2026-10-20 01:00:00,RJPN-004-2,RJPN-004,Band 3 (1800MHz),-89.2,-9.0,16.5,12.1,0.0,21.2
2026-10-20 01:00:00,RJPN-004-3,RJPN-004,Band 3 (1800MHz),-87.1,-3.9,18.8,16.9,2.2,5.6
2026-10-20 01:00:00,RJPN-005-1,RJPN-005,Band 1 (2100MHz),-83.0,-9.6,15.4,5.0,15.5,16.3
2026-10-20 01:00:00,RJPN-005-2,RJPN-005,Band 1 (2100MHz),-85.0,-11.6,3.9,5.7,13.1,34.3
2026-10-20 01:00:00,RJPN-005-3,RJPN-005,Band 1 (2100MHz),-82.0,-7.6,12.0,17.3,17.5,23.6
2026-10-20 01:00:00,RJPN-006-1,RJPN-006,Band 3 (1800MHz),-84.1,-8.9,15.7,21.3,5.0,0.0
2026-10-20 01:00:00,RJPN-006-2,RJPN-006,Band 3 (1800MHz),-79.9,-12.2,16.3,20.0,15.8,44.4
2026-10-20 01:00:00,RJPN-006-3,RJPN-006,Band 3 (1800MHz),-81.1,-8.7,7.5,34.6,4.6,0.0
2026-10-20 01:00:00,RJPN-007-1,RJPN-007,Band 1 (2100MHz),-98.1,-10.9,8.2,10.3,17.4,0.0
2026-10-20 01:00:00,RJPN-007-2,RJPN-007,Band 1 (2100MHz),-94.7,-9.1,18.2,9.3,0.0,34.8
2026-10-20 01:00:00,RJPN-007-3,RJPN-007,Band 1 (2100MHz),-80.4,-5.9,10.5,12.1,0.0,32.1
2026-10-20 01:00:00,RJPN-008-1,RJPN-008,Band 3 (1800MHz),-81.2,-6.4,14.1,0.0,8.5,46.7
2026-10-20 01:00:00,RJPN-008-2,RJPN-008,Band 3 (1800MHz),-74.8,-7.9,10.7,14.2,17.1,0.0
2026-10-20 01:00:00,RJPN-008-3,RJPN-008,Band 3 (1800MHz),-87.6,-7.8,16.8,20.0,0.0,33.4
2026-10-20 01:00:00,RJPN-009-1,RJPN-009,Band 1 (2100MHz),-84.9,-5.7,14.1,18.4,0.8,43.4
2026-10-20 01:00:00,RJPN-009-2,RJPN-009,Band 1 (2100MHz),-82.0,-10.6,9.8,18.6,3.6,15.3
2026-10-20 01:00:00,RJPN-009-3,RJPN-009,Band 1 (2100MHz),-81.3,-8.9,7.3,24.5,0.0,0.0
2026-10-20 01:00:00,RJPN-010-1,RJPN-010,Band 3 (1800MHz),-76.4,-6.0,9.3,0.0,10.4,20.4
2026-10-20 01:00:00,RJPN-010-2,RJPN-010,Band 3 (1800MHz),-88.2,-11.9,17.9,16.9,0.0,33.5
2026-10-20 01:00:00,RJPN-010-3,RJPN-010,Band 3 (1800MHz),-79.6,-6.1,16.2,36.7,23.6,10.5
2026-10-20 01:00:00,RJPN-011-1,RJPN-011,Band 1 (2100MHz),-85.1,-7.8,4.8,24.2,4.0,39.5
2026-10-20 01:00:00,RJPN-011-2,RJPN-011,Band 1 (2100MHz),-89.0,-11.4,7.4,22.8,0.7,16.6
2026-10-20 01:00:00,RJPN-011-3,RJPN-011,Band 1 (2100MHz),-96.7,-7.7,8.7,0.0,3.8,7.0
2026-10-20 02:00:00,RJPN-001-1,RJPN-001,Band 1 (2100MHz),-86.4,-9.3,14.0,0.0,0.0,16.7
2026-10-20 02:00:00,RJPN-001-2,RJPN-001,Band 1 (2100MHz),-90.6,-10.2,16.3,10.6,13.1,0.0
2026-10-20 02:00:00,RJPN-001-3,RJPN-001,Band 1 (2100MHz),-89.8,-9.7,16.4,0.0,19.0,30.0
2026-10-20 02:00:00,RJPN-002-1,RJPN-002,Band 3 (1800MHz),-86.2,-10.5,9.8,8.4,5.5,0.0
2026-10-20 02:00:00,RJPN-002-2,RJPN-002,Band 3 (1800MHz),-94.1,-9.4,2.3,17.6,7.8,8.5
2026-10-20 02:00:00,RJPN-002-3,RJPN-002,Band 3 (1800MHz),-87.2,-8.9,14.8,46.2,0.0,0.0
2026-10-20 02:00:00,RJPN-003-1,RJPN-003,Band 1 (2100MHz),-84.1,-10.3,11.7,27.8,4.4,29.3
2026-10-20 02:00:00,RJPN-003-2,RJPN-003,Band 1 (2100MHz),-82.2,-9.4,17.1,0.0,4.2,22.3
2026-10-20 02:00:00,RJPN-003-3,RJPN-003,Band 1 (2100MHz),-87.4,-9.2,13.7,0.0,5.8,37.1
2026-10-20 02:00:00,RJPN-004-1,RJPN-004,Band 3 (1800MHz),-81.6,-8.6,2.9,23.7,2.8,32.5
2026-10-20 02:00:00,RJPN-004-2,RJPN-004,Band 3 (1800MHz),-84.9,-5.8,5.7,0.7,0.0,8.3
2026-10-20 02:00:00,RJPN-004-3,RJPN-004,Band 3 (1800MHz),-84.7,-6.2,11.9,16.7,14.4,33.4
2026-10-20 02:00:00,RJPN-005-1,RJPN-005,Band 1 (2100MHz),-83.4,-9.6,7.9,0.0,5.6,0.0
2026-10-20 02:00:00,RJPN-005-2,RJPN-005,Band 1 (2100MHz),-88.0,-8.7,14.3,0.0,12.2,32.0
2026-10-20 02:00:00,RJPN-005-3,RJPN-005,Band 1 (2100MHz),-82.1,-9.8,12.9,26.6,0.0,0.0
2026-10-20 02:00:00,RJPN-006-1,RJPN-006,Band 3 (1800MHz),-85.1,-8.4,14.4,20.6,27.4,19.4
2026-10-20 02:00:00,RJPN-006-2,RJPN-006,Band 3 (1800MHz),-82.7,-7.4,7.5,27.4,0.0,7.3
2026-10-20 02:00:00,RJPN-006-3,RJPN-006,Band 3 (1800MHz),-91.1,-8.9,18.6,0.0,6.9,0.0
2026-10-20 02:00:00,RJPN-007-1,RJPN-007,Band 1 (2100MHz),-84.4,-4.9,10.9,14.1,0.0,0.0
2026-10-20 02:00:00,RJPN-007-2,RJPN-007,Band 1 (2100MHz),-78.2,-7.7,15.2,7.7,7.5,10.5
2026-10-20 02:00:00,RJPN-007-3,RJPN-007,Band 1 (2100MHz),-91.6,-5.7,11.1,6.3,10.2,44.0
2026-10-20 02:00:00,RJPN-008-1,RJPN-008,Band 3 (1800MHz),-87.5,-7.4,13.1,13.7,0.0,0.0
2026-10-20 02:00:00,RJPN-008-2,RJPN-008,Band 3 (1800MHz),-81.9,-6.7,9.7,0.0,6.1,31.6
2026-10-20 02:00:00,RJPN-008-3,RJPN-008,Band 3 (1800MHz),-88.8,-8.7,16.8,0.0,8.5,8.6
2026-10-20 02:00:00,RJPN-009-1,RJPN-009,Band 1 (2100MHz),-82.2,-4.1,12.1,5.2,21.0,0.0
2026-10-20 02:00:00,RJPN-009-2,RJPN-009,Band 1 (2100MHz),-85.1,-8.9,20.0,13.6,0.0,24.0
2026-10-20 02:00:00,RJPN-009-3,RJPN-009,Band 1 (2100MHz),-81.3,-9.9,11.9,14.6,0.0,30.5
2026-10-20 02:00:00,RJPN-010-1,RJPN-010,Band 3 (1800MHz),-84.5,-6.4,18.7,4.0,8.0,0.0
2026-10-20 02:00:00,RJPN-010-2,RJPN-010,Band 3 (1800MHz),-88.9,-7.8,14.1,0.6,0.0,0.0
2026-10-20 02:00:00,RJPN-010-3,RJPN-010,Band 3 (1800MHz),-85.0,-7.2,12.8,5.8,3.3,16.5
2026-10-20 02:00:00,RJPN-011-1,RJPN-011,Band 1 (2100MHz),-82.0,-10.8,10.8,22.9,9.1,53.4
2026-10-20 02:00:00,RJPN-011-2,RJPN-011,Band 1 (2100MHz),-88.6,-11.6,5.6,23.2,5.2,63.7
2026-10-20 02:00:00,RJPN-011-3,RJPN-011,Band 1 (2100MHz),-102.0,-10.4,5.6,0.1,0.0,19.1
2026-10-20 03:00:00,RJPN-001-1,RJPN-001,Band 1 (2100MHz),-91.9,-2.6,8.8,15.8,4.1,8.5
2026-10-20 03:00:00,RJPN-001-2,RJPN-001,Band 1 (2100MHz),-86.6,-8.0,2.4,0.0,0.0,0.0
2026-10-20 03:00:00,RJPN-001-3,RJPN-001,Band 1 (2100MHz),-82.3,-8.9,14.8,22.1,0.0,9.0
2026-10-20 03:00:00,RJPN-002-1,RJPN-002,Band 3 (1800MHz),-84.1,-8.5,11.4,0.3,0.0,0.0
2026-10-20 03:00:00,RJPN-002-2,RJPN-002,Band 3 (1800MHz),-91.5,-15.3,3.0,20.5,15.7,10.8
2026-10-20 03:00:00,RJPN-002-3,RJPN-002,Band 3 (1800MHz),-93.1,-4.0,13.3,14.3,8.7,18.0
2026-10-20 03:00:00,RJPN-003-1,RJPN-003,Band 1 (2100MHz),-85.7,-10.1,13.8,19.0,8.6,21.3
2026-10-20 03:00:00,RJPN-003-2,RJPN-003,Band 1 (2100MHz),-81.6,-7.2,14.0,16.8,3.6,0.0
2026-10-20 03:00:00,RJPN-003-3,RJPN-003,Band 1 (2100MHz),-85.5,-6.4,3.8,16.7,8.0,8.9
2026-10-20 03:00:00,RJPN-004-1,RJPN-004,Band 3 (1800MHz),-93.3,-8.6,11.3,5.8,0.0,15.2
2026-10-20 03:00:00,RJPN-004-2,RJPN-004,Band 3 (1800MHz),-89.6,-7.1,9.6,8.6,15.2,23.4
2026-10-20 03:00:00,RJPN-004-3,RJPN-004,Band 3 (1800MHz),-79.3,-9.3,17.0,2.1,6.7,0.0
2026-10-20 03:00:00,RJPN-005-1,RJPN-005,Band 1 (2100MHz),-89.6,-10.7,16.6,9.6,4.5,50.7
2026-10-20 03:00:00,RJPN-005-2,RJPN-005,Band 1 (2100MHz),-80.5,-10.6,10.1,31.6,11.8,0.0
2026-10-20 03:00:00,RJPN-005-3,RJPN-005,Band 1 (2100MHz),-86.2,-10.2,15.0,20.4,0.0,49.7
2026-10-20 03:00:00,RJPN-006-1,RJPN-006,Band 3 (1800MHz),-89.5,-9.8,7.2,14.0,0.0,5.9
2026-10-20 03:00:00,RJPN-006-2,RJPN-006,Band 3 (1800MHz),-85.4,-5.7,8.8,0.0,0.0,7.0
2026-10-20 03:00:00,RJPN-006-3,RJPN-006,Band 3 (1800MHz),-82.2,-8.1,10.3,24.6,8.5,0.0
2026-10-20 03:00:00,RJPN-007-1,RJPN-007,Band 1 (2100MHz),-83.8,-8.2,10.4,0.0,6.0,32.7
2026-10-20 03:00:00,RJPN-007-2,RJPN-007,Band 1 (2100MHz),-76.2,-7.0,15.2,26.6,17.7,2.1
2026-10-20 03:00:00,RJPN-007-3,RJPN-007,Band 1 (2100MHz),-93.5,-11.1,10.0,0.0,13.0,58.5
2026-10-20 03:00:00,RJPN-008-1,RJPN-008,Band 3 (1800MHz),-83.7,-7.2,16.9,0.7,11.0,0.0
2026-10-20 03:00:00,RJPN-008-2,RJPN-008,Band 3 (1800MHz),-89.7,-6.8,16.7,44.1,3.0,0.0
2026-10-20 03:00:00,RJPN-008-3,RJPN-008,Band 3 (1800MHz),-89.2,-5.7,12.2,0.0,8.0,0.0
2026-10-20 03:00:00,RJPN-009-1,RJPN-009,Band 1 (2100MHz),-88.3,-8.5,13.2,9.5,2.5,14.9
2026-10-20 03:00:00,RJPN-009-2,RJPN-009,Band 1 (2100MHz),-88.6,-13.2,21.3,0.0,10.0,56.0
2026-10-20 03:00:00,RJPN-009-3,RJPN-009,Band 1 (2100MHz),-77.9,-6.5,15.9,50.7,0.0,56.1
2026-10-20 03:00:00,RJPN-010-1,RJPN-010,Band 3 (1800MHz),-85.9,-11.2,18.6,44.2,6.7,19.5
2026-10-20 03:00:00,RJPN-010-2,RJPN-010,Band 3 (1800MHz),-82.2,-7.8,17.5,9.2,8.8,16.0
2026-10-20 03:00:00,RJPN-010-3,RJPN-010,Band 3 (1800MHz),-82.6,-6.6,9.7,0.0,13.3,10.0
2026-10-20 03:00:00,RJPN-011-1,RJPN-011,Band 1 (2100MHz),-74.4,-9.8,12.7,10.8,8.4,25.8
2026-10-20 03:00:00,RJPN-011-2,RJPN-011,Band 1 (2100MHz),-110.1,-12.0,2.3,28.6,15.0,14.0
2026-10-20 03:00:00,RJPN-011-3,RJPN-011,Band 1 (2100MHz),-98.5,-11.8,5.9,20.0,0.0,0.0
2026-10-20 04:00:00,RJPN-001-1,RJPN-001,Band 1 (2100MHz),-94.0,-12.6,14.4,8.3,11.8,35.8
2026-10-20 04:00:00,RJPN-001-2,RJPN-001,Band 1 (2100MHz),-92.4,-7.1,5.7,16.0,13.0,26.2
2026-10-20 04:00:00,RJPN-001-3,RJPN-001,Band 1 (2100MHz),-90.3,-6.6,11.6,8.6,20.6,23.1
2026-10-20 04:00:00,RJPN-002-1,RJPN-002,Band 3 (1800MHz),-94.0,-9.4,7.3,14.2,4.5,31.2
2026-10-20 04:00:00,RJPN-002-2,RJPN-002,Band 3 (1800MHz),-99.9,-11.5,10.3,0.0,17.8,0.0
2026-10-20 04:00:00,RJPN-002-3,RJPN-002,Band 3 (1800MHz),-85.6,-9.9,9.6,0.0,0.0,41.8
2026-10-20 04:00:00,RJPN-003-1,RJPN-003,Band 1 (2100MHz),-86.1,-11.3,10.3,17.4,5.5,31.7
2026-10-20 04:00:00,RJPN-003-2,RJPN-003,Band 1 (2100MHz),-78.9,-7.3,13.8,0.7,2.1,23.2
2026-10-20 04:00:00,RJPN-003-3,RJPN-003,Band 1 (2100MHz),-89.8,-9.9,20.3,7.5,22.3,0.0
2026-10-20 04:00:00,RJPN-004-1,RJPN-004,Band 3 (1800MHz),-82.2,-7.4,16.3,0.0,3.1,0.0
2026-10-20 04:00:00,RJPN-004-2,RJPN-004,Band 3 (1800MHz),-84.4,-8.4,13.9,2.8,13.9,8.1
2026-10-20 04:00:00,RJPN-004-3,RJPN-004,Band 3 (1800MHz),-90.6,-7.1,11.9,1.6,11.3,0.0
2026-10-20 04:00:00,RJPN-005-1,RJPN-005,Band 1 (2100MHz),-86.2,-11.0,10.1,0.0,9.8,0.0
2026-10-20 04:00:00,RJPN-005-2,RJPN-005,Band 1 (2100MHz),-78.4,-11.7,11.5,2.1,6.2,4.3
2026-10-20 04:00:00,RJPN-005-3,RJPN-005,Band 1 (2100MHz),-86.3,-7.5,7.1,20.9,5.2,11.3
2026-10-20 04:00:00,RJPN-006-1,RJPN-006,Band 3 (1800MHz),-82.5,-3.9,12.1,21.2,5.5,29.6
2026-10-20 04:00:00,RJPN-006-2,RJPN-006,Band 3 (1800MHz),-85.3,-7.4,9.9,5.1,7.1,35.7
2026-10-20 04:00:00,RJPN-006-3,RJPN-006,Band 3 (1800MHz),-86.9,-5.8,20.3,7.0,4.1,32.2
2026-10-20 04:00:00,RJPN-007-1,RJPN-007,Band 1 (2100MHz),-82.7,-7.4,11.3,2.6,0.0,16.1
2026-10-20 04:00:00,RJPN-007-2,RJPN-007,Band 1 (2100MHz),-95.7,-7.3,14.9,25.3,0.0,2.5
2026-10-20 04:00:00,RJPN-007-3,RJPN-007,Band 1 (2100MHz),-86.0,-9.3,12.3,13.6,3.9,13.5
2026-10-20 04:00:00,RJPN-008-1,RJPN-008,Band 3 (1800MHz),-86.9,-9.4,10.7,33.8,10.7,6.1
2026-10-20 04:00:00,RJPN-008-2,RJPN-008,Band 3 (1800MHz),-85.8,-7.1,16.0,5.2,8.3,0.0
2026-10-20 04:00:00,RJPN-008-3,RJPN-008,Band 3 (1800MHz),-88.1,-7.4,23.2,29.7,9.4,35.2
2026-10-20 04:00:00,RJPN-009-1,RJPN-009,Band 1 (2100MHz),-82.3,-7.0,16.0,8.5,24.2,0.0
2026-10-20 04:00:00,RJPN-009-2,RJPN-009,Band 1 (2100MHz),-85.5,-7.0,7.0,17.2,0.0,0.0
2026-10-20 04:00:00,RJPN-009-3,RJPN-009,Band 1 (2100MHz),-80.5,-7.5,15.9,7.3,5.9,8.6
2026-10-20 04:00:00,RJPN-010-1,RJPN-010,Band 3 (1800MHz),-92.7,-10.3,6.7,6.9,0.0,5.1
2026-10-20 04:00:00,RJPN-010-2,RJPN-010,Band 3 (1800MHz),-90.6,-7.5,9.2,14.7,0.0,5.4
2026-10-20 04:00:00,RJPN-010-3,RJPN-010,Band 3 (1800MHz),-90.3,-7.6,10.8,5.0,0.0,17.7
2026-10-20 04:00:00,RJPN-011-1,RJPN-011,Band 1 (2100MHz),-87.8,-8.4,15.0,11.3,17.3,16.4
2026-10-20 04:00:00,RJPN-011-2,RJPN-011,Band 1 (2100MHz),-101.3,-13.0,6.2,3.7,15.2,33.5
2026-10-20 04:00:00,RJPN-011-3,RJPN-011,Band 1 (2100MHz),-95.9,-10.7,9.7,6.9,0.4,5.6
2026-10-20 05:00:00,RJPN-001-1,RJPN-001,Band 1 (2100MHz),-83.4,-6.6,17.0,10.4,0.0,56.2
2026-10-20 05:00:00,RJPN-001-2,RJPN-001,Band 1 (2100MHz),-83.1,-6.8,23.5,19.0,14.9,20.2
2026-10-20 05:00:00,RJPN-001-3,RJPN-001,Band 1 (2100MHz),-87.9,-7.2,12.4,0.0,3.1,0.0
2026-10-20 05:00:00,RJPN-002-1,RJPN-002,Band 3 (1800MHz),-81.8,-7.6,22.6,9.6,0.0,36.4
2026-10-20 05:00:00,RJPN-002-2,RJPN-002,Band 3 (1800MHz),-105.3,-11.8,-5.3,7.4,9.1,11.3
2026-10-20 05:00:00,RJPN-002-3,RJPN-002,Band 3 (1800MHz),-86.5,-8.8,23.1,21.8,9.4,0.0
2026-10-20 05:00:00,RJPN-003-1,RJPN-003,Band 1 (2100MHz),-87.7,-8.9,3.1,5.1,1.0,23.6
2026-10-20 05:00:00,RJPN-003-2,RJPN-003,Band 1 (2100MHz),-86.3,-8.5,14.5,0.0,2.5,7.5
2026-10-20 05:00:00,RJPN-003-3,RJPN-003,Band 1 (2100MHz),-84.2,-6.4,14.0,0.0,7.8,4.4
2026-10-20 05:00:00,RJPN-004-1,RJPN-004,Band 3 (1800MHz),-96.6,-10.2,2.5,22.9,7.4,0.0
2026-10-20 05:00:00,RJPN-004-2,RJPN-004,Band 3 (1800MHz),-88.6,-8.6,15.8,20.1,14.9,40.4
2026-10-20 05:00:00,RJPN-004-3,RJPN-004,Band 3 (1800MHz),-84.2,-10.3,18.8,13.6,11.0,19.3
2026-10-20 05:00:00,RJPN-005-1,RJPN-005,Band 1 (2100MHz),-85.4,-11.2,19.7,0.0,0.0,15.2
2026-10-20 05:00:00,RJPN-005-2,RJPN-005,Band 1 (2100MHz),-81.0,-10.6,17.1,20.2,0.0,46.7
2026-10-20 05:00:00,RJPN-005-3,RJPN-005,Band 1 (2100MHz),-85.3,-8.0,5.5,3.5,0.0,15.3
2026-10-20 05:00:00,RJPN-006-1,RJPN-006,Band 3 (1800MHz),-76.9,-8.0,14.0,0.0,9.8,7.9
2026-10-20 05:00:00,RJPN-006-2,RJPN-006,Band 3 (1800MHz),-82.5,-7.2,12.2,9.8,3.2,6.5
2026-10-20 05:00:00,RJPN-006-3,RJPN-006,Band 3 (1800MHz),-91.3,-8.7,27.9,0.0,0.0,9.0
2026-10-20 05:00:00,RJPN-007-1,RJPN-007,Band 1 (2100MHz),-80.1,-7.6,8.2,24.6,6.1,34.9
2026-10-20 05:00:00,RJPN-007-2,RJPN-007,Band 1 (2100MHz),-88.7,-10.9,17.1,1.2,0.0,0.0
2026-10-20 05:00:00,RJPN-007-3,RJPN-007,Band 1 (2100MHz),-87.9,-5.9,11.2,4.8,13.9,0.0
2026-10-20 05:00:00,RJPN-008-1,RJPN-008,Band 3 (1800MHz),-89.0,-11.5,21.5,10.7,3.4,29.4
2026-10-20 05:00:00,RJPN-008-2,RJPN-008,Band 3 (1800MHz),-80.6,-10.9,19.3,11.6,3.5,20.8
2026-10-20 05:00:00,RJPN-008-3,RJPN-008,Band 3 (1800MHz),-86.1,-5.9,14.4,0.0,14.3,3.8
2026-10-20 05:00:00,RJPN-009-1,RJPN-009,Band 1 (2100MHz),-85.6,-3.8,26.6,0.0,9.3,0.0
2026-10-20 05:00:00,RJPN-009-2,RJPN-009,Band 1 (2100MHz),-80.4,-8.2,8.7,9.1,17.8,2.3
2026-10-20 05:00:00,RJPN-009-3,RJPN-009,Band 1 (2100MHz),-83.6,-4.5,15.1,24.3,7.0,0.0
2026-10-20 05:00:00,RJPN-010-1,RJPN-010,Band 3 (1800MHz),-86.7,-9.7,14.3,1.4,0.0,8.4
2026-10-20 05:00:00,RJPN-010-2,RJPN-010,Band 3 (1800MHz),-85.1,-6.0,10.9,13.9,12.7,0.0
2026-10-20 05:00:00,RJPN-010-3,RJPN-010,Band 3 (1800MHz),-79.0,-6.1,12.1,0.0,10.9,0.0
2026-10-20 05:00:00,RJPN-011-1,RJPN-011,Band 1 (2100MHz),-87.1,-13.0,19.1,6.4,1.7,9.6
2026-10-20 05:00:00,RJPN-011-2,RJPN-011,Band 1 (2100MHz),-102.0,-12.0,-1.1,6.7,0.0,18.4
2026-10-20 05:00:00,RJPN-011-3,RJPN-011,Band 1 (2100MHz),-98.1,-10.5,5.4,22.9,8.7,0.0
2026-10-20 06:00:00,RJPN-001-1,RJPN-001,Band 1 (2100MHz),-90.4,-6.2,17.9,25.8,19.9,66.7
2026-10-20 06:00:00,RJPN-001-2,RJPN-001,Band 1 (2100MHz),-92.8,-8.4,10.6,28.3,6.9,42.9
2026-10-20 06:00:00,RJPN-001-3,RJPN-001,Band 1 (2100MHz),-85.2,-8.4,18.8,32.1,22.9,25.2
2026-10-20 06:00:00,RJPN-002-1,RJPN-002,Band 3 (1800MHz),-90.0,-8.0,8.0,18.8,0.6,33.7
2026-10-20 06:00:00,RJPN-002-2,RJPN-002,Band 3 (1800MHz),-97.3,-13.5,6.9,17.2,11.6,85.3
2026-10-20 06:00:00,RJPN-002-3,RJPN-002,Band 3 (1800MHz),-89.8,-10.2,24.8,18.5,12.1,34.3
2026-10-20 06:00:00,RJPN-003-1,RJPN-003,Band 1 (2100MHz),-88.8,-8.1,15.4,5.7,11.2,59.9
2026-10-20 06:00:00,RJPN-003-2,RJPN-003,Band 1 (2100MHz),-86.1,-8.3,8.0,14.3,19.7,13.2
2026-10-20 06:00:00,RJPN-003-3,RJPN-003,Band 1 (2100MHz),-81.7,-5.1,8.0,14.6,0.0,41.2
2026-10-20 06:00:00,RJPN-004-1,RJPN-004,Band 3 (1800MHz),-92.0,-6.5,17.7,0.0,20.0,0.0
2026-10-20 06:00:00,RJPN-004-2,RJPN-004,Band 3 (1800MHz),-90.0,-8.7,19.8,12.1,11.0,34.9
2026-10-20 06:00:00,RJPN-004-3,RJPN-004,Band 3 (1800MHz),-86.4,-8.7,12.6,20.7,23.7,16.4
2026-10-20 06:00:00,RJPN-005-1,RJPN-005,Band 1 (2100MHz),-90.1,-5.4,10.0,0.0,3.9,28.4
2026-10-20 06:00:00,RJPN-005-2,RJPN-005,Band 1 (2100MHz),-90.9,-5.5,9.2,9.1,19.2,34.3
2026-10-20 06:00:00,RJPN-005-3,RJPN-005,Band 1 (2100MHz),-78.3,-10.1,17.8,23.0,12.5,25.2
2026-10-20 06:00:00,RJPN-006-1,RJPN-006,Band 3 (1800MHz),-85.7,-9.1,13.9,23.3,15.1,61.8
2026-10-20 06:00:00,RJPN-006-2,RJPN-006,Band 3 (1800MHz),-73.3,-8.4,9.7,0.0,0.0,37.7
2026-10-20 06:00:00,RJPN-006-3,RJPN-006,Band 3 (1800MHz),-84.2,-10.2,11.7,37.1,0.0,8.3
2026-10-20 06:00:00,RJPN-007-1,RJPN-007,Band 1 (2100MHz),-82.4,-6.8,15.3,19.4,7.9,33.3
2026-10-20 06:00:00,RJPN-007-2,RJPN-007,Band 1 (2100MHz),-83.1,-10.9,5.6,11.6,13.6,1.4
2026-10-20 06:00:00,RJPN-007-3,RJPN-007,Band 1 (2100MHz),-77.6,-8.8,14.6,28.5,0.0,61.5
2026-10-20 06:00:00,RJPN-008-1,RJPN-008,Band 3 (1800MHz),-84.9,-8.6,6.1,20.2,16.9,59.5
2026-10-20 06:00:00,RJPN-008-2,RJPN-008,Band 3 (1800MHz),-83.6,-10.0,13.3,24.7,12.3,62.8
2026-10-20 06:00:00,RJPN-008-3,RJPN-008,Band 3 (1800MHz),-84.3,-9.9,10.2,3.8,0.0,14.5
2026-10-20 06:00:00,RJPN-009-1,RJPN-009,Band 1 (2100MHz),-80.3,-4.9,18.3,20.2,15.8,30.6
2026-10-20 06:00:00,RJPN-009-2,RJPN-009,Band 1 (2100MHz),-83.2,-8.5,8.2,11.6,12.5,33.5
2026-10-20 06:00:00,RJPN-009-3,RJPN-009,Band 1 (2100MHz),-81.9,-8.6,17.4,32.9,11.0,13.3
2026-10-20 06:00:00,RJPN-010-1,RJPN-010,Band 3 (1800MHz),-88.3,-9.4,2.9,8.5,12.0,42.6
2026-10-20 06:00:00,RJPN-010-2,RJPN-010,Band 3 (1800MHz),-84.3,-8.7,14.5,28.7,1.8,22.1
2026-10-20 06:00:00,RJPN-010-3,RJPN-010,Band 3 (1800MHz),-90.9,-9.3,4.9,17.2,8.2,44.5
2026-10-20 06:00:00,RJPN-011-1,RJPN-011,Band 1 (2100MHz),-80.3,-9.0,9.4,25.5,11.8,12.2
2026-10-20 06:00:00,RJPN-011-2,RJPN-011,Band 1 (2100MHz),-104.4,-12.0,1.4,22.1,17.3,2.8
2026-10-20 06:00:00,RJPN-011-3,RJPN-011,Band 1 (2100MHz),-92.4,-11.6,0.0,0.0,15.2,0.0
2026-10-20 07:00:00,RJPN-001-1,RJPN-001,Band 1 (2100MHz),-81.0,-9.0,1.1,61.4,25.5,93.9
2026-10-20 07:00:00,RJPN-001-2,RJPN-001,Band 1 (2100MHz),-85.3,-6.4,16.4,78.2,28.5,65.3
2026-10-20 07:00:00,RJPN-001-3,RJPN-001,Band 1 (2100MHz),-84.9,-12.6,10.9,50.6,19.5,63.3
2026-10-20 07:00:00,RJPN-002-1,RJPN-002,Band 3 (1800MHz),-95.3,-10.8,12.9,53.0,25.6,107.1
2026-10-20 07:00:00,RJPN-002-2,RJPN-002,Band 3 (1800MHz),-92.7,-14.7,5.6,67.2,35.6,89.4
2026-10-20 07:00:00,RJPN-002-3,RJPN-002,Band 3 (1800MHz),-82.1,-8.9,2.6,73.0,41.4,96.1
2026-10-20 07:00:00,RJPN-003-1,RJPN-003,Band 1 (2100MHz),-84.3,-10.3,17.9,72.5,25.2,66.2
2026-10-20 07:00:00,RJPN-003-2,RJPN-003,Band 1 (2100MHz),-82.5,-10.6,14.8,49.5,19.5,125.7
2026-10-20 07:00:00,RJPN-003-3,RJPN-003,Band 1 (2100MHz),-86.7,-10.1,0.0,45.7,17.9,90.5
2026-10-20 07:00:00,RJPN-004-1,RJPN-004,Band 3 (1800MHz),-92.2,-12.7,17.3,51.4,38.5,91.0
2026-10-20 07:00:00,RJPN-004-2,RJPN-004,Band 3 (1800MHz),-83.8,-9.3,5.6,52.8,31.3,94.9
2026-10-20 07:00:00,RJPN-004-3,RJPN-004,Band 3 (1800MHz),-86.3,-10.8,7.9,57.0,30.8,107.4
2026-10-20 07:00:00,RJPN-005-1,RJPN-005,Band 1 (2100MHz),-84.4,-13.9,19.1,55.1,29.2,107.1
2026-10-20 07:00:00,RJPN-005-2,RJPN-005,Band 1 (2100MHz),-81.9,-9.3,7.6,48.8,25.3,103.6
2026-10-20 07:00:00,RJPN-005-3,RJPN-005,Band 1 (2100MHz),-88.6,-11.2,3.4,72.7,18.4,53.1
2026-10-20 07:00:00,RJPN-006-1,RJPN-006,Band 3 (1800MHz),-80.2,-13.9,16.0,46.4,25.7,81.4
2026-10-20 07:00:00,RJPN-006-2,RJPN-006,Band 3 (1800MHz),-80.2,-11.0,11.3,50.5,38.9,103.9
2026-10-20 07:00:00,RJPN-006-3,RJPN-006,Band 3 (1800MHz),-91.7,-10.9,13.5,71.0,49.8,110.0
2026-10-20 07:00:00,RJPN-007-1,RJPN-007,Band 1 (2100MHz),-84.8,-9.7,14.3,53.7,36.6,105.3
2026-10-20 07:00:00,RJPN-007-2,RJPN-007,Band 1 (2100MHz),-85.1,-10.2,14.9,31.0,32.6,114.9
2026-10-20 07:00:00,RJPN-007-3,RJPN-007,Band 1 (2100MHz),-84.3,-8.1,10.1,65.0,47.2,63.1
2026-10-20 07:00:00,RJPN-008-1,RJPN-008,Band 3 (1800MHz),-83.3,-9.5,10.9,35.1,26.3,88.5
2026-10-20 07:00:00,RJPN-008-2,RJPN-008,Band 3 (1800MHz),-81.9,-10.6,7.7,30.1,24.5,94.5
2026-10-20 07:00:00,RJPN-008-3,RJPN-008,Band 3 (1800MHz),-74.8,-9.7,7.6,62.0,36.2,101.9
2026-10-20 07:00:00,RJPN-009-1,RJPN-009,Band 1 (2100MHz),-82.4,-14.4,22.2,50.0,33.3,60.2
2026-10-20 07:00:00,RJPN-009-2,RJPN-009,Band 1 (2100MHz),-75.5,-10.8,14.1,36.1,52.8,73.3
2026-10-20 07:00:00,RJPN-009-3,RJPN-009,Band 1 (2100MHz),-86.4,-12.5,13.0,54.1,30.9,50.8
2026-10-20 07:00:00,RJPN-010-1,RJPN-010,Band 3 (1800MHz),-82.9,-13.0,11.7,58.5,41.7,84.8
2026-10-20 07:00:00,RJPN-010-2,RJPN-010,Band 3 (1800MHz),-71.6,-7.6,13.5,67.4,27.9,58.7
2026-10-20 07:00:00,RJPN-010-3,RJPN-010,Band 3 (1800MHz),-89.2,-12.6,12.9,48.5,35.8,69.7
2026-10-20 07:00:00,RJPN-011-1,RJPN-011,Band 1 (2100MHz),-85.6,-11.4,8.6,44.4,19.0,95.0
2026-10-20 07:00:00,RJPN-011-2,RJPN-011,Band 1 (2100MHz),-100.9,-16.1,9.3,66.2,20.0,114.6
2026-10-20 07:00:00,RJPN-011-3,RJPN-011,Band 1 (2100MHz),-99.7,-15.1,-4.5,51.9,33.7,83.6
2026-10-20 08:00:00,RJPN-001-1,RJPN-001,Band 1 (2100MHz),-87.1,-9.2,5.4,64.4,49.0,195.3
2026-10-20 08:00:00,RJPN-001-2,RJPN-001,Band 1 (2100MHz),-85.2,-13.4,15.7,78.9,45.1,83.9
2026-10-20 08:00:00,RJPN-001-3,RJPN-001,Band 1 (2100MHz),-86.3,-13.6,11.4,63.4,50.4,65.9
2026-10-20 08:00:00,RJPN-002-1,RJPN-002,Band 3 (1800MHz),-91.3,-13.9,5.8,90.3,37.0,132.8
2026-10-20 08:00:00,RJPN-002-2,RJPN-002,Band 3 (1800MHz),-94.0,-17.6,3.4,79.0,33.5,126.0
2026-10-20 08:00:00,RJPN-002-3,RJPN-002,Band 3 (1800MHz),-80.8,-11.7,4.7,61.8,53.3,158.5
2026-10-20 08:00:00,RJPN-003-1,RJPN-003,Band 1 (2100MHz),-90.9,-10.6,11.9,65.1,37.1,115.9
2026-10-20 08:00:00,RJPN-003-2,RJPN-003,Band 1 (2100MHz),-89.7,-10.8,16.9,68.5,45.3,147.3
2026-10-20 08:00:00,RJPN-003-3,RJPN-003,Band 1 (2100MHz),-80.2,-10.0,23.8,92.1,56.3,113.5
2026-10-20 08:00:00,RJPN-004-1,RJPN-004,Band 3 (1800MHz),-82.5,-14.1,19.7,83.4,29.5,130.1
2026-10-20 08:00:00,RJPN-004-2,RJPN-004,Band 3 (1800MHz),-79.6,-14.7,18.4,66.9,44.7,144.6
2026-10-20 08:00:00,RJPN-004-3,RJPN-004,Band 3 (1800MHz),-78.4,-13.6,11.7,90.2,35.3,124.2
2026-10-20 08:00:00,RJPN-005-1,RJPN-005,Band 1 (2100MHz),-90.8,-10.3,18.4,68.3,48.1,126.6
2026-10-20 08:00:00,RJPN-005-2,RJPN-005,Band 1 (2100MHz),-88.6,-10.7,16.4,70.7,42.5,128.4
2026-10-20 08:00:00,RJPN-005-3,RJPN-005,Band 1 (2100MHz),-88.6,-13.2,6.8,70.6,33.7,115.8
2026-10-20 08:00:00,RJPN-006-1,RJPN-006,Band 3 (1800MHz),-85.3,-11.7,9.0,48.5,49.3,104.5
2026-10-20 08:00:00,RJPN-006-2,RJPN-006,Band 3 (1800MHz),-90.8,-13.0,10.0,85.6,38.6,134.0
2026-10-20 08:00:00,RJPN-006-3,RJPN-006,Band 3 (1800MHz),-81.5,-13.1,11.6,90.5,40.5,64.3
2026-10-20 08:00:00,RJPN-007-1,RJPN-007,Band 1 (2100MHz),-89.9,-11.3,12.5,67.0,22.9,139.7
2026-10-20 08:00:00,RJPN-007-2,RJPN-007,Band 1 (2100MHz),-82.3,-8.0,9.2,69.0,57.8,118.2
2026-10-20 08:00:00,RJPN-007-3,RJPN-007,Band 1 (2100MHz),-80.5,-9.8,9.0,88.6,38.4,124.1
2026-10-20 08:00:00,RJPN-008-1,RJPN-008,Band 3 (1800MHz),-79.8,-9.7,10.4,65.3,49.4,133.5
2026-10-20 08:00:00,RJPN-008-2,RJPN-008,Band 3 (1800MHz),-87.7,-10.3,18.0,86.9,33.5,91.4
2026-10-20 08:00:00,RJPN-008-3,RJPN-008,Band 3 (1800MHz),-85.4,-16.0,13.6,73.2,59.4,103.1
2026-10-20 08:00:00,RJPN-009-1,RJPN-009,Band 1 (2100MHz),-84.7,-10.8,6.3,68.5,46.1,123.8
2026-10-20 08:00:00,RJPN-009-2,RJPN-009,Band 1 (2100MHz),-83.5,-14.2,22.0,72.6,38.4,119.5
2026-10-20 08:00:00,RJPN-009-3,RJPN-009,Band 1 (2100MHz),-84.1,-10.8,6.3,76.8,41.8,113.7
2026-10-20 08:00:00,RJPN-010-1,RJPN-010,Band 3 (1800MHz),-87.9,-13.4,18.7,63.6,44.9,128.3
2026-10-20 08:00:00,RJPN-010-2,RJPN-010,Band 3 (1800MHz),-86.7,-13.4,13.9,65.5,33.8,116.5
2026-10-20 08:00:00,RJPN-010-3,RJPN-010,Band 3 (1800MHz),-82.6,-10.1,26.7,75.4,48.2,136.5
2026-10-20 08:00:00,RJPN-011-1,RJPN-011,Band 1 (2100MHz),-83.4,-14.3,13.4,85.8,42.7,128.4
2026-10-20 08:00:00,RJPN-011-2,RJPN-011,Band 1 (2100MHz),-93.4,-12.3,12.9,100.0,24.3,96.4
2026-10-20 08:00:00,RJPN-011-3,RJPN-011,Band 1 (2100MHz),-96.2,-15.5,4.1,100.0,33.1,148.3
2026-10-20 09:00:00,RJPN-001-1,RJPN-001,Band 1 (2100MHz),-83.4,-7.6,9.5,49.3,39.3,111.6
2026-10-20 09:00:00,RJPN-001-2,RJPN-001,Band 1 (2100MHz),-81.6,-9.7,6.6,39.3,23.6,122.1
2026-10-20 09:00:00,RJPN-001-3,RJPN-001,Band 1 (2100MHz),-87.2,-6.6,4.9,49.5,26.1,80.4
2026-10-20 09:00:00,RJPN-002-1,RJPN-002,Band 3 (1800MHz),-84.1,-12.6,20.7,45.6,35.7,87.8
2026-10-20 09:00:00,RJPN-002-2,RJPN-002,Band 3 (1800MHz),-107.1,-14.1,6.7,69.9,13.0,129.8
2026-10-20 09:00:00,RJPN-002-3,RJPN-002,Band 3 (1800MHz),-89.9,-12.3,11.8,82.8,33.2,75.4
2026-10-20 09:00:00,RJPN-003-1,RJPN-003,Band 1 (2100MHz),-88.4,-5.3,17.5,50.0,42.0,85.9
2026-10-20 09:00:00,RJPN-003-2,RJPN-003,Band 1 (2100MHz),-84.8,-11.9,16.8,51.0,29.5,54.9
2026-10-20 09:00:00,RJPN-003-3,RJPN-003,Band 1 (2100MHz),-85.4,-8.8,15.7,48.9,32.4,98.9
2026-10-20 09:00:00,RJPN-004-1,RJPN-004,Band 3 (1800MHz),-83.3,-10.7,9.1,69.2,54.9,101.9
2026-10-20 09:00:00,RJPN-004-2,RJPN-004,Band 3 (1800MHz),-86.7,-11.4,7.4,36.2,30.4,123.6
2026-10-20 09:00:00,RJPN-004-3,RJPN-004,Band 3 (1800MHz),-85.2,-11.8,8.5,58.4,52.0,78.4
2026-10-20 09:00:00,RJPN-005-1,RJPN-005,Band 1 (2100MHz),-85.4,-11.2,20.2,53.3,33.4,103.7
2026-10-20 09:00:00,RJPN-005-2,RJPN-005,Band 1 (2100MHz),-87.2,-12.3,7.2,60.2,21.6,85.3
2026-10-20 09:00:00,RJPN-005-3,RJPN-005,Band 1 (2100MHz),-84.3,-10.1,10.9,42.1,19.9,144.5
2026-10-20 09:00:00,RJPN-006-1,RJPN-006,Band 3 (1800MHz),-81.7,-13.5,12.8,43.8,41.1,37.0
2026-10-20 09:00:00,RJPN-006-2,RJPN-006,Band 3 (1800MHz),-84.4,-15.1,13.0,57.9,32.8,83.9
2026-10-20 09:00:00,RJPN-006-3,RJPN-006,Band 3 (1800MHz),-84.8,-9.9,11.9,57.0,38.4,75.2
2026-10-20 09:00:00,RJPN-007-1,RJPN-007,Band 1 (2100MHz),-89.9,-11.4,10.6,60.6,43.9,48.3
2026-10-20 09:00:00,RJPN-007-2,RJPN-007,Band 1 (2100MHz),-86.1,-13.9,12.4,61.2,40.3,81.3
2026-10-20 09:00:00,RJPN-007-3,RJPN-007,Band 1 (2100MHz),-96.0,-9.1,16.9,56.7,40.1,96.5
2026-10-20 09:00:00,RJPN-008-1,RJPN-008,Band 3 (1800MHz),-90.2,-10.8,15.8,52.0,16.6,105.5
2026-10-20 09:00:00,RJPN-008-2,RJPN-008,Band 3 (1800MHz),-84.0,-10.8,16.7,38.9,50.4,119.3
2026-10-20 09:00:00,RJPN-008-3,RJPN-008,Band 3 (1800MHz),-80.5,-9.8,8.7,46.4,25.6,115.6
2026-10-20 09:00:00,RJPN-009-1,RJPN-009,Band 1 (2100MHz),-87.1,-10.5,15.7,71.8,39.3,94.4
2026-10-20 09:00:00,RJPN-009-2,RJPN-009,Band 1 (2100MHz),-84.6,-10.0,13.9,40.2,50.3,86.1
2026-10-20 09:00:00,RJPN-009-3,RJPN-009,Band 1 (2100MHz),-84.4,-10.0,5.7,34.2,21.7,104.8
2026-10-20 09:00:00,RJPN-010-1,RJPN-010,Band 3 (1800MHz),-82.6,-8.6,14.7,57.0,26.2,101.5
2026-10-20 09:00:00,RJPN-010-2,RJPN-010,Band 3 (1800MHz),-87.4,-10.4,15.5,35.2,23.5,125.1
2026-10-20 09:00:00,RJPN-010-3,RJPN-010,Band 3 (1800MHz),-85.4,-13.1,14.6,54.2,26.6,78.8
2026-10-20 09:00:00,RJPN-011-1,RJPN-011,Band 1 (2100MHz),-85.1,-10.0,16.1,43.2,29.4,93.4
2026-10-20 09:00:00,RJPN-011-2,RJPN-011,Band 1 (2100MHz),-96.4,-14.5,-2.4,50.2,47.5,108.4
2026-10-20 09:00:00,RJPN-011-3,RJPN-011,Band 1 (2100MHz),-100.7,-17.0,9.0,53.6,12.0,82.6
2026-10-20 10:00:00,RJPN-001-1,RJPN-001,Band 1 (2100MHz),-87.6,-4.6,10.7,14.0,8.7,9.8
2026-10-20 10:00:00,RJPN-001-2,RJPN-001,Band 1 (2100MHz),-84.4,-6.7,17.9,26.4,23.6,7.6
2026-10-20 10:00:00,RJPN-001-3,RJPN-001,Band 1 (2100MHz),-86.1,-8.8,11.4,20.4,27.6,22.6
2026-10-20 10:00:00,RJPN-002-1,RJPN-002,Band 3 (1800MHz),-92.6,-8.1,11.9,21.7,1.9,32.9
2026-10-20 10:00:00,RJPN-002-2,RJPN-002,Band 3 (1800MHz),-103.2,-13.2,4.9,23.4,15.2,33.9
2026-10-20 10:00:00,RJPN-002-3,RJPN-002,Band 3 (1800MHz),-81.5,-9.4,9.1,22.9,7.3,33.8
2026-10-20 10:00:00,RJPN-003-1,RJPN-003,Band 1 (2100MHz),-83.0,-9.6,5.3,36.8,14.0,33.8
2026-10-20 10:00:00,RJPN-003-2,RJPN-003,Band 1 (2100MHz),-82.2,-7.0,15.7,39.1,0.0,22.1
2026-10-20 10:00:00,RJPN-003-3,RJPN-003,Band 1 (2100MHz),-88.7,-9.2,8.8,35.5,11.3,0.7
2026-10-20 10:00:00,RJPN-004-1,RJPN-004,Band 3 (1800MHz),-87.7,-7.2,11.3,27.8,11.8,25.9
2026-10-20 10:00:00,RJPN-004-2,RJPN-004,Band 3 (1800MHz),-88.7,-10.6,15.7,15.0,22.8,17.4
2026-10-20 10:00:00,RJPN-004-3,RJPN-004,Band 3 (1800MHz),-84.4,-9.2,8.8,9.7,1.7,35.4
2026-10-20 10:00:00,RJPN-005-1,RJPN-005,Band 1 (2100MHz),-84.1,-6.6,10.4,30.9,6.7,42.2
2026-10-20 10:00:00,RJPN-005-2,RJPN-005,Band 1 (2100MHz),-85.4,-10.7,16.8,18.3,8.1,42.0
2026-10-20 10:00:00,RJPN-005-3,RJPN-005,Band 1 (2100MHz),-78.4,-7.9,17.1,15.6,0.0,19.4
2026-10-20 10:00:00,RJPN-006-1,RJPN-006,Band 3 (1800MHz),-89.0,-11.7,7.2,8.9,20.8,19.5
2026-10-20 10:00:00,RJPN-006-2,RJPN-006,Band 3 (1800MHz),-77.8,-8.6,19.1,7.9,28.7,12.4
2026-10-20 10:00:00,RJPN-006-3,RJPN-006,Band 3 (1800MHz),-81.4,-6.6,13.7,19.8,13.6,18.7
2026-10-20 10:00:00,RJPN-007-1,RJPN-007,Band 1 (2100MHz),-91.1,-11.8,7.1,0.0,5.4,18.7
2026-10-20 10:00:00,RJPN-007-2,RJPN-007,Band 1 (2100MHz),-84.8,-7.1,16.4,33.9,9.1,1.4
2026-10-20 10:00:00,RJPN-007-3,RJPN-007,Band 1 (2100MHz),-86.7,-7.5,4.2,25.0,13.3,42.6
2026-10-20 10:00:00,RJPN-008-1,RJPN-008,Band 3 (1800MHz),-82.9,-7.2,16.4,15.8,11.0,24.6
2026-10-20 10:00:00,RJPN-008-2,RJPN-008,Band 3 (1800MHz),-79.4,-6.4,17.7,16.2,11.0,3.7
2026-10-20 10:00:00,RJPN-008-3,RJPN-008,Band 3 (1800MHz),-81.9,-10.4,13.7,9.3,0.2,18.7
2026-10-20 10:00:00,RJPN-009-1,RJPN-009,Band 1 (2100MHz),-86.7,-5.8,13.0,15.8,18.9,25.8
2026-10-20 10:00:00,RJPN-009-2,RJPN-009,Band 1 (2100MHz),-72.7,-3.2,14.6,29.8,6.3,0.0
2026-10-20 10:00:00,RJPN-009-3,RJPN-009,Band 1 (2100MHz),-78.8,-9.9,14.0,10.7,13.1,59.0
2026-10-20 10:00:00,RJPN-010-1,RJPN-010,Band 3 (1800MHz),-87.6,-9.3,11.2,0.0,22.2,37.6
2026-10-20 10:00:00,RJPN-010-2,RJPN-010,Band 3 (1800MHz),-82.0,-5.7,12.7,39.9,8.0,21.7
2026-10-20 10:00:00,RJPN-010-3,RJPN-010,Band 3 (1800MHz),-85.8,-9.8,15.1,8.6,2.2,17.3
2026-10-20 10:00:00,RJPN-011-1,RJPN-011,Band 1 (2100MHz),-80.2,-7.0,17.8,20.2,25.2,6.7
2026-10-20 10:00:00,RJPN-011-2,RJPN-011,Band 1 (2100MHz),-100.4,-11.4,6.8,37.7,21.7,7.6
2026-10-20 10:00:00,RJPN-011-3,RJPN-011,Band 1 (2100MHz),-105.2,-13.3,12.3,32.7,0.0,0.0
2026-10-20 11:00:00,RJPN-001-1,RJPN-001,Band 1 (2100MHz),-80.2,-10.2,10.6,62.9,29.4,42.3
2026-10-20 11:00:00,RJPN-001-2,RJPN-001,Band 1 (2100MHz),-79.4,-9.3,7.3,70.4,26.7,84.1
2026-10-20 11:00:00,RJPN-001-3,RJPN-001,Band 1 (2100MHz),-82.6,-7.8,19.9,54.8,28.5,111.3
2026-10-20 11:00:00,RJPN-002-1,RJPN-002,Band 3 (1800MHz),-87.2,-9.5,10.4,21.2,13.9,64.0
2026-10-20 11:00:00,RJPN-002-2,RJPN-002,Band 3 (1800MHz),-99.8,-14.7,4.4,48.6,30.4,60.4
2026-10-20 11:00:00,RJPN-002-3,RJPN-002,Band 3 (1800MHz),-86.7,-10.2,14.0,69.5,18.5,100.0
2026-10-20 11:00:00,RJPN-003-1,RJPN-003,Band 1 (2100MHz),-81.9,-9.7,17.4,54.4,38.5,90.3
2026-10-20 11:00:00,RJPN-003-2,RJPN-003,Band 1 (2100MHz),-78.6,-8.4,10.2,54.0,44.2,100.9
2026-10-20 11:00:00,RJPN-003-3,RJPN-003,Band 1 (2100MHz),-78.7,-9.4,17.2,41.5,23.5,61.1
2026-10-20 11:00:00,RJPN-004-1,RJPN-004,Band 3 (1800MHz),-87.1,-11.4,3.3,37.0,29.0,100.1
2026-10-20 11:00:00,RJPN-004-2,RJPN-004,Band 3 (1800MHz),-81.9,-11.9,20.3,58.1,26.9,73.6
2026-10-20 11:00:00,RJPN-004-3,RJPN-004,Band 3 (1800MHz),-84.1,-12.1,14.8,48.8,31.7,91.0
2026-10-20 11:00:00,RJPN-005-1,RJPN-005,Band 1 (2100MHz),-87.8,-12.0,11.2,62.3,17.0,74.5
2026-10-20 11:00:00,RJPN-005-2,RJPN-005,Band 1 (2100MHz),-85.8,-11.9,12.1,42.0,35.8,32.7
2026-10-20 11:00:00,RJPN-005-3,RJPN-005,Band 1 (2100MHz),-85.5,-10.2,3.2,59.4,54.9,105.1
2026-10-20 11:00:00,RJPN-006-1,RJPN-006,Band 3 (1800MHz),-87.2,-8.4,17.6,38.2,22.7,99.4
2026-10-20 11:00:00,RJPN-006-2,RJPN-006,Band 3 (1800MHz),-89.2,-11.4,11.1,37.3,42.1,62.1
2026-10-20 11:00:00,RJPN-006-3,RJPN-006,Band 3 (1800MHz),-81.3,-9.5,8.3,59.9,25.8,80.2
2026-10-20 11:00:00,RJPN-007-1,RJPN-007,Band 1 (2100MHz),-79.7,-8.7,14.9,48.8,21.1,94.4
2026-10-20 11:00:00,RJPN-007-2,RJPN-007,Band 1 (2100MHz),-82.0,-11.0,8.2,61.5,15.7,107.3
2026-10-20 11:00:00,RJPN-007-3,RJPN-007,Band 1 (2100MHz),-83.9,-10.0,10.9,29.7,23.7,78.8
2026-10-20 11:00:00,RJPN-008-1,RJPN-008,Band 3 (1800MHz),-83.8,-8.5,11.0,55.0,30.5,55.4
2026-10-20 11:00:00,RJPN-008-2,RJPN-008,Band 3 (1800MHz),-84.5,-11.0,11.5,64.1,30.4,66.0
2026-10-20 11:00:00,RJPN-008-3,RJPN-008,Band 3 (1800MHz),-80.7,-9.1,21.9,36.3,26.5,120.2
2026-10-20 11:00:00,RJPN-009-1,RJPN-009,Band 1 (2100MHz),-84.0,-12.8,3.3,44.1,18.3,56.1
2026-10-20 11:00:00,RJPN-009-2,RJPN-009,Band 1 (2100MHz),-81.8,-12.7,16.0,50.2,29.8,61.4
2026-10-20 11:00:00,RJPN-009-3,RJPN-009,Band 1 (2100MHz),-82.6,-11.3,3.8,38.0,22.6,96.7
2026-10-20 11:00:00,RJPN-010-1,RJPN-010,Band 3 (1800MHz),-85.8,-5.8,11.2,47.0,41.3,99.7
2026-10-20 11:00:00,RJPN-010-2,RJPN-010,Band 3 (1800MHz),-85.1,-9.2,10.6,36.2,23.3,52.0
2026-10-20 11:00:00,RJPN-010-3,RJPN-010,Band 3 (1800MHz),-78.9,-9.8,13.5,55.3,29.3,68.3
2026-10-20 11:00:00,RJPN-011-1,RJPN-011,Band 1 (2100MHz),-83.8,-11.3,14.9,53.1,18.0,100.1
2026-10-20 11:00:00,RJPN-011-2,RJPN-011,Band 1 (2100MHz),-93.4,-10.9,10.8,30.1,46.4,85.3
2026-10-20 11:00:00,RJPN-011-3,RJPN-011,Band 1 (2100MHz),-100.7,-10.7,3.7,52.8,17.6,73.5
2026-10-20 12:00:00,RJPN-001-1,RJPN-001,Band 1 (2100MHz),-86.7,-9.8,15.0,36.2,46.0,77.1
2026-10-20 12:00:00,RJPN-001-2,RJPN-001,Band 1 (2100MHz),-85.1,-7.6,12.8,56.8,23.6,79.9
2026-10-20 12:00:00,RJPN-001-3,RJPN-001,Band 1 (2100MHz),-83.6,-11.7,19.2,57.2,35.0,96.6
2026-10-20 12:00:00,RJPN-002-1,RJPN-002,Band 3 (1800MHz),-84.6,-9.4,15.8,42.1,10.5,115.0
2026-10-20 12:00:00,RJPN-002-2,RJPN-002,Band 3 (1800MHz),-93.1,-10.5,0.5,44.8,18.1,121.8
2026-10-20 12:00:00,RJPN-002-3,RJPN-002,Band 3 (1800MHz),-88.4,-7.3,19.9,52.8,35.2,88.0
2026-10-20 12:00:00,RJPN-003-1,RJPN-003,Band 1 (2100MHz),-82.7,-5.6,16.3,46.0,39.4,83.4
2026-10-20 12:00:00,RJPN-003-2,RJPN-003,Band 1 (2100MHz),-81.3,-13.8,11.2,60.0,50.8,80.1
2026-10-20 12:00:00,RJPN-003-3,RJPN-003,Band 1 (2100MHz),-88.3,-9.2,7.0,70.9,39.7,21.4
2026-10-20 12:00:00,RJPN-004-1,RJPN-004,Band 3 (1800MHz),-83.3,-9.2,13.4,40.2,25.0,90.9
2026-10-20 12:00:00,RJPN-004-2,RJPN-004,Band 3 (1800MHz),-86.0,-11.3,12.8,35.4,33.9,40.7
2026-10-20 12:00:00,RJPN-004-3,RJPN-004,Band 3 (1800MHz),-83.1,-6.9,12.5,56.3,23.8,106.6
2026-10-20 12:00:00,RJPN-005-1,RJPN-005,Band 1 (2100MHz),-87.1,-11.5,9.9,45.4,23.8,93.8
2026-10-20 12:00:00,RJPN-005-2,RJPN-005,Band 1 (2100MHz),-82.9,-8.8,6.4,25.4,20.6,54.0
2026-10-20 12:00:00,RJPN-005-3,RJPN-005,Band 1 (2100MHz),-85.6,-8.1,16.3,36.1,36.3,98.6
2026-10-20 12:00:00,RJPN-006-1,RJPN-006,Band 3 (1800MHz),-82.6,-8.9,1.3,15.4,28.6,89.4
2026-10-20 12:00:00,RJPN-006-2,RJPN-006,Band 3 (1800MHz),-82.9,-9.9,10.8,55.3,33.3,95.2
2026-10-20 12:00:00,RJPN-006-3,RJPN-006,Band 3 (1800MHz),-87.3,-6.8,3.4,53.7,19.6,44.3
2026-10-20 12:00:00,RJPN-007-1,RJPN-007,Band 1 (2100MHz),-81.6,-9.3,18.8,41.3,30.0,104.4
2026-10-20 12:00:00,RJPN-007-2,RJPN-007,Band 1 (2100MHz),-88.5,-9.1,9.4,45.2,18.5,62.2
2026-10-20 12:00:00,RJPN-007-3,RJPN-007,Band 1 (2100MHz),-90.0,-11.1,11.6,61.2,16.0,70.9
2026-10-20 12:00:00,RJPN-008-1,RJPN-008,Band 3 (1800MHz),-83.6,-10.6,9.9,45.9,24.8,93.9
2026-10-20 12:00:00,RJPN-008-2,RJPN-008,Band 3 (1800MHz),-83.4,-9.5,9.6,36.8,24.5,66.5
2026-10-20 12:00:00,RJPN-008-3,RJPN-008,Band 3 (1800MHz),-81.0,-13.3,11.7,37.7,37.4,121.8
2026-10-20 12:00:00,RJPN-009-1,RJPN-009,Band 1 (2100MHz),-85.6,-7.9,14.6,42.8,32.7,86.9
2026-10-20 12:00:00,RJPN-009-2,RJPN-009,Band 1 (2100MHz),-78.9,-9.2,3.7,35.9,30.5,110.4
2026-10-20 12:00:00,RJPN-009-3,RJPN-009,Band 1 (2100MHz),-90.3,-10.9,15.7,59.7,17.5,50.9
2026-10-20 12:00:00,RJPN-010-1,RJPN-010,Band 3 (1800MHz),-93.9,-8.7,14.0,38.1,29.0,50.6
2026-10-20 12:00:00,RJPN-010-2,RJPN-010,Band 3 (1800MHz),-88.9,-8.1,13.2,63.4,24.8,64.2
2026-10-20 12:00:00,RJPN-010-3,RJPN-010,Band 3 (1800MHz),-82.4,-11.1,5.8,43.0,37.1,71.5
2026-10-20 12:00:00,RJPN-011-1,RJPN-011,Band 1 (2100MHz),-80.1,-9.5,12.0,50.1,34.1,74.6
2026-10-20 12:00:00,RJPN-011-2,RJPN-011,Band 1 (2100MHz),-100.3,-13.9,3.5,58.0,15.1,109.3
2026-10-20 12:00:00,RJPN-011-3,RJPN-011,Band 1 (2100MHz),-92.8,-10.9,2.4,59.1,30.3,41.8
2026-10-20 13:00:00,RJPN-001-1,RJPN-001,Band 1 (2100MHz),-83.7,-10.0,18.7,44.3,27.7,84.4
2026-10-20 13:00:00,RJPN-001-2,RJPN-001,Band 1 (2100MHz),-86.0,-10.8,10.6,55.0,49.8,81.1
2026-10-20 13:00:00,RJPN-001-3,RJPN-001,Band 1 (2100MHz),-88.1,-8.0,13.1,76.0,31.6,70.8
2026-10-20 13:00:00,RJPN-002-1,RJPN-002,Band 3 (1800MHz),-84.4,-11.5,1.0,43.0,12.2,71.7
2026-10-20 13:00:00,RJPN-002-2,RJPN-002,Band 3 (1800MHz),-101.9,-14.3,5.5,30.4,21.0,107.4
2026-10-20 13:00:00,RJPN-002-3,RJPN-002,Band 3 (1800MHz),-90.1,-8.7,5.3,69.8,32.8,82.9
2026-10-20 13:00:00,RJPN-003-1,RJPN-003,Band 1 (2100MHz),-84.1,-11.4,20.8,67.5,52.2,87.2
2026-10-20 13:00:00,RJPN-003-2,RJPN-003,Band 1 (2100MHz),-86.2,-9.8,13.1,50.6,15.9,68.4
2026-10-20 13:00:00,RJPN-003-3,RJPN-003,Band 1 (2100MHz),-82.6,-8.0,13.3,41.6,28.0,61.8
2026-10-20 13:00:00,RJPN-004-1,RJPN-004,Band 3 (1800MHz),-83.2,-8.2,12.4,60.6,24.7,77.5
2026-10-20 13:00:00,RJPN-004-2,RJPN-004,Band 3 (1800MHz),-77.6,-10.3,8.7,34.9,16.9,102.1
2026-10-20 13:00:00,RJPN-004-3,RJPN-004,Band 3 (1800MHz),-79.0,-8.5,7.8,58.8,36.1,80.8
2026-10-20 13:00:00,RJPN-005-1,RJPN-005,Band 1 (2100MHz),-82.5,-8.2,11.2,29.8,35.8,86.6
2026-10-20 13:00:00,RJPN-005-2,RJPN-005,Band 1 (2100MHz),-85.2,-13.7,16.3,41.2,35.4,77.6
2026-10-20 13:00:00,RJPN-005-3,RJPN-005,Band 1 (2100MHz),-86.5,-7.2,3.6,50.3,43.5,59.5
2026-10-20 13:00:00,RJPN-006-1,RJPN-006,Band 3 (1800MHz),-82.3,-6.5,11.5,45.0,20.9,60.8
2026-10-20 13:00:00,RJPN-006-2,RJPN-006,Band 3 (1800MHz),-86.4,-11.9,11.1,48.5,45.7,97.0
2026-10-20 13:00:00,RJPN-006-3,RJPN-006,Band 3 (1800MHz),-89.0,-9.0,17.5,49.8,29.9,57.2
2026-10-20 13:00:00,RJPN-007-1,RJPN-007,Band 1 (2100MHz),-86.0,-10.2,15.2,50.6,19.0,97.1
2026-10-20 13:00:00,RJPN-007-2,RJPN-007,Band 1 (2100MHz),-79.7,-11.7,12.6,49.1,43.5,74.0
2026-10-20 13:00:00,RJPN-007-3,RJPN-007,Band 1 (2100MHz),-85.4,-9.7,5.0,69.5,22.9,144.8
2026-10-20 13:00:00,RJPN-008-1,RJPN-008,Band 3 (1800MHz),-85.3,-13.0,12.8,38.2,27.9,65.9
2026-10-20 13:00:00,RJPN-008-2,RJPN-008,Band 3 (1800MHz),-87.1,-7.7,18.9,34.8,20.3,102.6
2026-10-20 13:00:00,RJPN-008-3,RJPN-008,Band 3 (1800MHz),-88.4,-9.8,13.0,34.9,44.3,109.1
2026-10-20 13:00:00,RJPN-009-1,RJPN-009,Band 1 (2100MHz),-89.5,-12.8,21.0,25.8,28.8,82.3
2026-10-20 13:00:00,RJPN-009-2,RJPN-009,Band 1 (2100MHz),-82.7,-11.0,14.3,58.6,32.1,100.1
2026-10-20 13:00:00,RJPN-009-3,RJPN-009,Band 1 (2100MHz),-86.2,-9.8,5.8,42.0,37.2,78.9
2026-10-20 13:00:00,RJPN-010-1,RJPN-010,Band 3 (1800MHz),-80.6,-7.8,14.2,57.0,50.1,119.0
2026-10-20 13:00:00,RJPN-010-2,RJPN-010,Band 3 (1800MHz),-88.2,-7.1,15.6,71.4,27.1,55.0
2026-10-20 13:00:00,RJPN-010-3,RJPN-010,Band 3 (1800MHz),-82.8,-9.4,16.0,55.7,28.1,90.1
2026-10-20 13:00:00,RJPN-011-1,RJPN-011,Band 1 (2100MHz),-84.6,-11.5,12.9,57.2,23.2,28.4
2026-10-20 13:00:00,RJPN-011-2,RJPN-011,Band 1 (2100MHz),-97.1,-14.9,8.0,51.8,26.0,67.6
2026-10-20 13:00:00,RJPN-011-3,RJPN-011,Band 1 (2100MHz),-100.3,-17.0,-6.1,61.7,38.5,40.2
2026-10-20 14:00:00,RJPN-001-1,RJPN-001,Band 1 (2100MHz),-85.2,-11.7,11.1,43.0,14.0,83.6
2026-10-20 14:00:00,RJPN-001-2,RJPN-001,Band 1 (2100MHz),-82.9,-11.1,15.3,54.5,29.7,19.7
2026-10-20 14:00:00,RJPN-001-3,RJPN-001,Band 1 (2100MHz),-79.3,-12.7,9.2,59.1,29.1,89.2
2026-10-20 14:00:00,RJPN-002-1,RJPN-002,Band 3 (1800MHz),-91.7,-9.2,11.8,74.4,54.7,76.0
2026-10-20 14:00:00,RJPN-002-2,RJPN-002,Band 3 (1800MHz),-95.6,-14.8,5.4,38.2,37.2,26.6
2026-10-20 14:00:00,RJPN-002-3,RJPN-002,Band 3 (1800MHz),-86.4,-7.5,15.0,31.1,14.5,68.9
2026-10-20 14:00:00,RJPN-003-1,RJPN-003,Band 1 (2100MHz),-89.2,-9.5,21.7,55.5,19.4,120.3
2026-10-20 14:00:00,RJPN-003-2,RJPN-003,Band 1 (2100MHz),-81.7,-12.5,5.8,62.3,21.5,77.9
2026-10-20 14:00:00,RJPN-003-3,RJPN-003,Band 1 (2100MHz),-86.6,-9.8,10.5,51.3,37.2,122.4
2026-10-20 14:00:00,RJPN-004-1,RJPN-004,Band 3 (1800MHz),-81.5,-11.1,8.6,66.9,22.7,52.7
2026-10-20 14:00:00,RJPN-004-2,RJPN-004,Band 3 (1800MHz),-87.5,-8.6,10.5,43.4,30.5,62.5
2026-10-20 14:00:00,RJPN-004-3,RJPN-004,Band 3 (1800MHz),-79.0,-9.2,16.2,40.9,35.4,55.2
2026-10-20 14:00:00,RJPN-005-1,RJPN-005,Band 1 (2100MHz),-74.9,-13.8,19.3,51.8,30.6,111.4
2026-10-20 14:00:00,RJPN-005-2,RJPN-005,Band 1 (2100MHz),-82.2,-10.8,5.7,41.8,35.9,68.5
2026-10-20 14:00:00,RJPN-005-3,RJPN-005,Band 1 (2100MHz),-88.1,-10.5,13.0,33.7,34.8,92.5
2026-10-20 14:00:00,RJPN-006-1,RJPN-006,Band 3 (1800MHz),-84.9,-9.7,10.9,59.0,32.5,51.5
2026-10-20 14:00:00,RJPN-006-2,RJPN-006,Band 3 (1800MHz),-84.1,-11.1,4.5,39.8,25.0,134.2
2026-10-20 14:00:00,RJPN-006-3,RJPN-006,Band 3 (1800MHz),-85.3,-12.2,11.2,39.4,25.7,68.6
2026-10-20 14:00:00,RJPN-007-1,RJPN-007,Band 1 (2100MHz),-92.6,-9.3,17.9,62.4,27.4,85.7
2026-10-20 14:00:00,RJPN-007-2,RJPN-007,Band 1 (2100MHz),-71.0,-12.0,8.9,46.2,28.8,59.5
2026-10-20 14:00:00,RJPN-007-3,RJPN-007,Band 1 (2100MHz),-96.9,-12.2,11.0,49.8,31.8,87.2
2026-10-20 14:00:00,RJPN-008-1,RJPN-008,Band 3 (1800MHz),-80.5,-11.3,20.1,52.7,22.7,86.8
2026-10-20 14:00:00,RJPN-008-2,RJPN-008,Band 3 (1800MHz),-86.3,-11.2,13.1,44.1,26.4,78.1
2026-10-20 14:00:00,RJPN-008-3,RJPN-008,Band 3 (1800MHz),-84.4,-11.8,18.8,42.7,16.1,67.5
2026-10-20 14:00:00,RJPN-009-1,RJPN-009,Band 1 (2100MHz),-86.1,-11.6,14.5,45.4,19.9,78.3
2026-10-20 14:00:00,RJPN-009-2,RJPN-009,Band 1 (2100MHz),-83.2,-9.4,11.7,45.0,21.1,75.1
2026-10-20 14:00:00,RJPN-009-3,RJPN-009,Band 1 (2100MHz),-85.4,-11.4,7.6,45.6,16.0,126.1
2026-10-20 14:00:00,RJPN-010-1,RJPN-010,Band 3 (1800MHz),-84.0,-9.3,17.6,54.4,33.5,61.0
2026-10-20 14:00:00,RJPN-010-2,RJPN-010,Band 3 (1800MHz),-78.4,-10.9,9.8,69.1,34.2,77.4
2026-10-20 14:00:00,RJPN-010-3,RJPN-010,Band 3 (1800MHz),-89.1,-9.8,17.4,36.4,38.8,35.4
2026-10-20 14:00:00,RJPN-011-1,RJPN-011,Band 1 (2100MHz),-80.3,-7.7,16.7,61.7,33.4,90.4
2026-10-20 14:00:00,RJPN-011-2,RJPN-011,Band 1 (2100MHz),-95.2,-15.0,-0.0,32.2,26.1,47.7
2026-10-20 14:00:00,RJPN-011-3,RJPN-011,Band 1 (2100MHz),-93.2,-11.6,12.6,68.7,38.8,77.8
2026-10-20 15:00:00,RJPN-001-1,RJPN-001,Band 1 (2100MHz),-76.3,-10.0,11.1,11.3,18.1,17.5
2026-10-20 15:00:00,RJPN-001-2,RJPN-001,Band 1 (2100MHz),-87.4,-12.6,9.0,20.7,10.2,32.6
2026-10-20 15:00:00,RJPN-001-3,RJPN-001,Band 1 (2100MHz),-87.5,-7.2,11.1,26.1,9.2,13.3
2026-10-20 15:00:00,RJPN-002-1,RJPN-002,Band 3 (1800MHz),-82.5,-8.7,10.3,0.2,3.5,63.0
2026-10-20 15:00:00,RJPN-002-2,RJPN-002,Band 3 (1800MHz),-104.7,-11.0,10.2,0.0,21.6,24.5
2026-10-20 15:00:00,RJPN-002-3,RJPN-002,Band 3 (1800MHz),-88.5,-8.8,11.6,23.2,11.1,31.5
2026-10-20 15:00:00,RJPN-003-1,RJPN-003,Band 1 (2100MHz),-94.4,-5.5,19.6,13.4,0.9,30.8
2026-10-20 15:00:00,RJPN-003-2,RJPN-003,Band 1 (2100MHz),-83.3,-8.5,19.4,32.7,15.6,31.2
2026-10-20 15:00:00,RJPN-003-3,RJPN-003,Band 1 (2100MHz),-79.2,-4.8,10.7,11.8,8.2,0.0
2026-10-20 15:00:00,RJPN-004-1,RJPN-004,Band 3 (1800MHz),-84.9,-7.8,8.0,7.7,10.5,13.2
2026-10-20 15:00:00,RJPN-004-2,RJPN-004,Band 3 (1800MHz),-80.1,-8.9,11.3,22.2,0.0,19.6
2026-10-20 15:00:00,RJPN-004-3,RJPN-004,Band 3 (1800MHz),-90.0,-9.2,6.9,23.7,21.8,18.0
2026-10-20 15:00:00,RJPN-005-1,RJPN-005,Band 1 (2100MHz),-85.1,-9.0,11.2,11.8,0.2,62.4
2026-10-20 15:00:00,RJPN-005-2,RJPN-005,Band 1 (2100MHz),-92.4,-10.4,11.0,3.0,3.9,0.0
2026-10-20 15:00:00,RJPN-005-3,RJPN-005,Band 1 (2100MHz),-82.2,-6.8,15.6,15.5,28.8,52.9
2026-10-20 15:00:00,RJPN-006-1,RJPN-006,Band 3 (1800MHz),-80.5,-7.9,15.8,12.8,17.7,0.0
2026-10-20 15:00:00,RJPN-006-2,RJPN-006,Band 3 (1800MHz),-84.5,-9.8,16.5,19.7,2.9,71.1
2026-10-20 15:00:00,RJPN-006-3,RJPN-006,Band 3 (1800MHz),-82.6,-9.4,4.8,39.0,12.8,30.0
2026-10-20 15:00:00,RJPN-007-1,RJPN-007,Band 1 (2100MHz),-84.0,-7.8,13.7,13.7,9.2,3.3
2026-10-20 15:00:00,RJPN-007-2,RJPN-007,Band 1 (2100MHz),-79.5,-11.5,19.6,15.7,14.8,66.9
2026-10-20 15:00:00,RJPN-007-3,RJPN-007,Band 1 (2100MHz),-89.1,-9.8,7.2,0.0,15.8,15.3
2026-10-20 15:00:00,RJPN-008-1,RJPN-008,Band 3 (1800MHz),-85.2,-8.1,4.0,35.6,1.0,10.2
2026-10-20 15:00:00,RJPN-008-2,RJPN-008,Band 3 (1800MHz),-91.4,-6.2,8.5,18.5,2.8,0.0
2026-10-20 15:00:00,RJPN-008-3,RJPN-008,Band 3 (1800MHz),-78.2,-5.8,14.5,14.7,4.5,17.7
2026-10-20 15:00:00,RJPN-009-1,RJPN-009,Band 1 (2100MHz),-84.2,-7.8,18.9,24.7,9.7,29.9
2026-10-20 15:00:00,RJPN-009-2,RJPN-009,Band 1 (2100MHz),-87.3,-7.5,18.5,26.0,12.9,0.0
2026-10-20 15:00:00,RJPN-009-3,RJPN-009,Band 1 (2100MHz),-82.3,-9.9,7.6,0.0,10.2,33.8
2026-10-20 15:00:00,RJPN-010-1,RJPN-010,Band 3 (1800MHz),-87.9,-7.3,10.9,1.0,0.0,0.0
2026-10-20 15:00:00,RJPN-010-2,RJPN-010,Band 3 (1800MHz),-89.8,-7.5,15.5,11.7,12.9,31.5
2026-10-20 15:00:00,RJPN-010-3,RJPN-010,Band 3 (1800MHz),-84.9,-4.9,10.6,0.6,0.0,8.4
2026-10-20 15:00:00,RJPN-011-1,RJPN-011,Band 1 (2100MHz),-88.8,-9.7,17.3,26.0,14.9,54.0
2026-10-20 15:00:00,RJPN-011-2,RJPN-011,Band 1 (2100MHz),-100.1,-13.5,5.7,16.1,17.4,16.0
2026-10-20 15:00:00,RJPN-011-3,RJPN-011,Band 1 (2100MHz),-107.7,-10.4,3.5,15.6,27.0,18.6
2026-10-20 16:00:00,RJPN-001-1,RJPN-001,Band 1 (2100MHz),-81.1,-12.8,21.6,57.3,36.8,83.8
2026-10-20 16:00:00,RJPN-001-2,RJPN-001,Band 1 (2100MHz),-84.2,-10.9,15.2,68.1,21.5,120.3
2026-10-20 16:00:00,RJPN-001-3,RJPN-001,Band 1 (2100MHz),-85.9,-8.4,13.3,72.3,38.4,128.7
2026-10-20 16:00:00,RJPN-002-1,RJPN-002,Band 3 (1800MHz),-83.3,-12.5,16.3,77.2,39.8,121.0
2026-10-20 16:00:00,RJPN-002-2,RJPN-002,Band 3 (1800MHz),-92.3,-15.3,11.9,74.0,33.1,90.8
2026-10-20 16:00:00,RJPN-002-3,RJPN-002,Band 3 (1800MHz),-83.5,-11.1,8.9,72.0,33.5,132.5
2026-10-20 16:00:00,RJPN-003-1,RJPN-003,Band 1 (2100MHz),-81.3,-9.0,16.4,71.2,44.8,112.2
2026-10-20 16:00:00,RJPN-003-2,RJPN-003,Band 1 (2100MHz),-83.7,-12.1,6.6,64.0,36.9,93.9
2026-10-20 16:00:00,RJPN-003-3,RJPN-003,Band 1 (2100MHz),-85.6,-8.7,16.7,52.6,38.9,76.6
2026-10-20 16:00:00,RJPN-004-1,RJPN-004,Band 3 (1800MHz),-80.7,-12.0,5.8,63.3,26.1,111.3
2026-10-20 16:00:00,RJPN-004-2,RJPN-004,Band 3 (1800MHz),-83.5,-9.5,6.8,70.4,45.7,131.9
2026-10-20 16:00:00,RJPN-004-3,RJPN-004,Band 3 (1800MHz),-82.6,-11.9,19.1,91.4,35.6,108.7
2026-10-20 16:00:00,RJPN-005-1,RJPN-005,Band 1 (2100MHz),-89.9,-10.6,13.0,70.7,43.2,92.9
2026-10-20 16:00:00,RJPN-005-2,RJPN-005,Band 1 (2100MHz),-85.4,-9.1,10.9,52.5,31.5,61.8
2026-10-20 16:00:00,RJPN-005-3,RJPN-005,Band 1 (2100MHz),-91.5,-9.2,9.2,62.7,27.2,132.6
2026-10-20 16:00:00,RJPN-006-1,RJPN-006,Band 3 (1800MHz),-93.7,-10.9,8.4,100.0,38.8,105.3
2026-10-20 16:00:00,RJPN-006-2,RJPN-006,Band 3 (1800MHz),-89.2,-6.7,9.0,63.7,41.3,97.5
2026-10-20 16:00:00,RJPN-006-3,RJPN-006,Band 3 (1800MHz),-76.2,-10.2,16.0,57.9,38.9,142.5
2026-10-20 16:00:00,RJPN-007-1,RJPN-007,Band 1 (2100MHz),-77.2,-15.7,21.3,81.3,39.1,105.4
2026-10-20 16:00:00,RJPN-007-2,RJPN-007,Band 1 (2100MHz),-84.7,-8.7,13.7,66.8,39.1,127.4
2026-10-20 16:00:00,RJPN-007-3,RJPN-007,Band 1 (2100MHz),-86.8,-8.1,14.6,64.5,28.7,105.7
2026-10-20 16:00:00,RJPN-008-1,RJPN-008,Band 3 (1800MHz),-87.4,-9.9,0.1,67.8,37.2,105.7
2026-10-20 16:00:00,RJPN-008-2,RJPN-008,Band 3 (1800MHz),-85.5,-12.7,13.1,71.6,27.4,108.7
2026-10-20 16:00:00,RJPN-008-3,RJPN-008,Band 3 (1800MHz),-92.6,-12.9,8.8,67.4,29.6,114.8
2026-10-20 16:00:00,RJPN-009-1,RJPN-009,Band 1 (2100MHz),-89.9,-9.2,10.5,66.8,25.3,107.8
2026-10-20 16:00:00,RJPN-009-2,RJPN-009,Band 1 (2100MHz),-87.4,-9.2,13.7,69.9,30.3,103.7
2026-10-20 16:00:00,RJPN-009-3,RJPN-009,Band 1 (2100MHz),-80.7,-12.5,1.4,71.7,49.4,104.4
2026-10-20 16:00:00,RJPN-010-1,RJPN-010,Band 3 (1800MHz),-82.7,-11.9,15.4,56.5,26.7,141.2
2026-10-20 16:00:00,RJPN-010-2,RJPN-010,Band 3 (1800MHz),-82.9,-15.6,10.0,74.4,51.0,113.1
2026-10-20 16:00:00,RJPN-010-3,RJPN-010,Band 3 (1800MHz),-78.6,-13.8,14.0,70.6,41.0,82.0
2026-10-20 16:00:00,RJPN-011-1,RJPN-011,Band 1 (2100MHz),-86.6,-6.7,18.3,58.3,37.2,76.4
2026-10-20 16:00:00,RJPN-011-2,RJPN-011,Band 1 (2100MHz),-94.4,-12.3,5.6,63.1,41.8,89.3
2026-10-20 16:00:00,RJPN-011-3,RJPN-011,Band 1 (2100MHz),-93.7,-17.7,2.8,75.6,29.8,146.9
2026-10-20 17:00:00,RJPN-001-1,RJPN-001,Band 1 (2100MHz),-90.6,-12.3,17.4,55.6,24.2,120.8
2026-10-20 17:00:00,RJPN-001-2,RJPN-001,Band 1 (2100MHz),-87.1,-9.4,2.9,50.6,41.9,115.8
2026-10-20 17:00:00,RJPN-001-3,RJPN-001,Band 1 (2100MHz),-93.9,-10.0,13.4,50.5,28.2,117.3
2026-10-20 17:00:00,RJPN-002-1,RJPN-002,Band 3 (1800MHz),-85.8,-10.5,13.6,88.8,50.9,138.4
2026-10-20 17:00:00,RJPN-002-2,RJPN-002,Band 3 (1800MHz),-98.7,-14.5,5.3,89.1,30.1,130.4
2026-10-20 17:00:00,RJPN-002-3,RJPN-002,Band 3 (1800MHz),-88.9,-9.5,14.5,84.4,32.0,112.7
2026-10-20 17:00:00,RJPN-003-1,RJPN-003,Band 1 (2100MHz),-86.0,-12.4,9.9,64.0,60.1,134.0
2026-10-20 17:00:00,RJPN-003-2,RJPN-003,Band 1 (2100MHz),-85.4,-10.1,11.9,69.3,58.7,78.0
2026-10-20 17:00:00,RJPN-003-3,RJPN-003,Band 1 (2100MHz),-85.4,-12.0,18.1,72.5,52.9,107.3
2026-10-20 17:00:00,RJPN-004-1,RJPN-004,Band 3 (1800MHz),-92.0,-15.1,19.7,58.1,51.6,92.8
2026-10-20 17:00:00,RJPN-004-2,RJPN-004,Band 3 (1800MHz),-85.7,-9.7,9.0,65.8,38.1,117.7
2026-10-20 17:00:00,RJPN-004-3,RJPN-004,Band 3 (1800MHz),-85.3,-10.9,14.6,82.7,46.9,109.0
2026-10-20 17:00:00,RJPN-005-1,RJPN-005,Band 1 (2100MHz),-88.2,-14.2,13.0,63.3,40.6,77.3
2026-10-20 17:00:00,RJPN-005-2,RJPN-005,Band 1 (2100MHz),-81.7,-11.3,5.2,69.0,50.8,141.8
2026-10-20 17:00:00,RJPN-005-3,RJPN-005,Band 1 (2100MHz),-82.8,-12.0,14.4,62.3,56.2,124.1
2026-10-20 17:00:00,RJPN-006-1,RJPN-006,Band 3 (1800MHz),-83.8,-12.2,3.2,87.3,39.4,119.3
2026-10-20 17:00:00,RJPN-006-2,RJPN-006,Band 3 (1800MHz),-88.2,-10.5,17.7,86.3,42.5,112.1
2026-10-20 17:00:00,RJPN-006-3,RJPN-006,Band 3 (1800MHz),-96.1,-11.4,21.4,86.9,31.3,162.0
2026-10-20 17:00:00,RJPN-007-1,RJPN-007,Band 1 (2100MHz),-90.6,-10.1,8.4,50.0,43.1,121.6
2026-10-20 17:00:00,RJPN-007-2,RJPN-007,Band 1 (2100MHz),-79.6,-15.4,12.5,65.3,47.0,103.0
2026-10-20 17:00:00,RJPN-007-3,RJPN-007,Band 1 (2100MHz),-85.8,-10.2,17.0,85.5,22.9,148.9
2026-10-20 17:00:00,RJPN-008-1,RJPN-008,Band 3 (1800MHz),-87.2,-14.4,16.2,100.0,42.7,111.0
2026-10-20 17:00:00,RJPN-008-2,RJPN-008,Band 3 (1800MHz),-82.1,-12.1,8.1,71.3,37.7,114.0
2026-10-20 17:00:00,RJPN-008-3,RJPN-008,Band 3 (1800MHz),-88.1,-12.8,18.7,70.3,41.5,121.7
2026-10-20 17:00:00,RJPN-009-1,RJPN-009,Band 1 (2100MHz),-82.5,-9.9,14.3,69.2,37.9,99.6
2026-10-20 17:00:00,RJPN-009-2,RJPN-009,Band 1 (2100MHz),-84.3,-12.9,16.9,74.6,55.7,96.7
2026-10-20 17:00:00,RJPN-009-3,RJPN-009,Band 1 (2100MHz),-85.8,-14.2,2.6,54.5,50.9,130.6
2026-10-20 17:00:00,RJPN-010-1,RJPN-010,Band 3 (1800MHz),-76.9,-16.4,17.9,76.5,37.4,104.8
2026-10-20 17:00:00,RJPN-010-2,RJPN-010,Band 3 (1800MHz),-84.6,-12.4,10.9,62.2,60.6,79.1
2026-10-20 17:00:00,RJPN-010-3,RJPN-010,Band 3 (1800MHz),-84.0,-13.4,6.2,71.7,50.4,91.2
2026-10-20 17:00:00,RJPN-011-1,RJPN-011,Band 1 (2100MHz),-86.0,-8.6,13.0,64.6,23.2,153.5
2026-10-20 17:00:00,RJPN-011-2,RJPN-011,Band 1 (2100MHz),-98.0,-13.1,1.8,81.4,35.2,139.1
2026-10-20 17:00:00,RJPN-011-3,RJPN-011,Band 1 (2100MHz),-96.4,-17.0,1.2,87.4,39.2,150.7
2026-10-20 18:00:00,RJPN-001-1,RJPN-001,Band 1 (2100MHz),-87.1,-15.7,9.8,53.9,40.7,129.7
2026-10-20 18:00:00,RJPN-001-2,RJPN-001,Band 1 (2100MHz),-81.8,-14.5,10.4,71.3,43.5,143.3
2026-10-20 18:00:00,RJPN-001-3,RJPN-001,Band 1 (2100MHz),-78.6,-12.0,11.2,87.9,47.1,128.4
2026-10-20 18:00:00,RJPN-002-1,RJPN-002,Band 3 (1800MHz),-86.1,-9.9,14.9,50.7,54.4,95.3
2026-10-20 18:00:00,RJPN-002-2,RJPN-002,Band 3 (1800MHz),-97.2,-14.7,0.5,81.6,59.7,119.6
2026-10-20 18:00:00,RJPN-002-3,RJPN-002,Band 3 (1800MHz),-85.7,-12.1,18.8,74.2,45.6,183.6
2026-10-20 18:00:00,RJPN-003-1,RJPN-003,Band 1 (2100MHz),-86.1,-13.1,5.2,78.1,38.4,155.8
2026-10-20 18:00:00,RJPN-003-2,RJPN-003,Band 1 (2100MHz),-86.9,-10.9,9.1,65.7,48.5,131.0
2026-10-20 18:00:00,RJPN-003-3,RJPN-003,Band 1 (2100MHz),-88.9,-15.3,12.6,70.7,48.2,129.5
2026-10-20 18:00:00,RJPN-004-1,RJPN-004,Band 3 (1800MHz),-88.9,-9.1,15.1,77.7,59.8,135.7
2026-10-20 18:00:00,RJPN-004-2,RJPN-004,Band 3 (1800MHz),-91.9,-14.0,10.3,65.7,39.5,97.8
2026-10-20 18:00:00,RJPN-004-3,RJPN-004,Band 3 (1800MHz),-85.6,-12.1,17.4,69.3,31.7,117.2
2026-10-20 18:00:00,RJPN-005-1,RJPN-005,Band 1 (2100MHz),-91.8,-12.6,11.2,49.9,44.5,152.1
2026-10-20 18:00:00,RJPN-005-2,RJPN-005,Band 1 (2100MHz),-80.0,-10.7,6.5,75.8,51.5,114.5
2026-10-20 18:00:00,RJPN-005-3,RJPN-005,Band 1 (2100MHz),-86.2,-10.8,18.3,93.1,50.9,95.0
2026-10-20 18:00:00,RJPN-006-1,RJPN-006,Band 3 (1800MHz),-87.6,-10.6,13.7,74.3,48.9,153.9
2026-10-20 18:00:00,RJPN-006-2,RJPN-006,Band 3 (1800MHz),-85.0,-10.1,10.0,61.5,43.7,118.0
2026-10-20 18:00:00,RJPN-006-3,RJPN-006,Band 3 (1800MHz),-88.1,-12.2,19.9,73.9,48.0,132.6
2026-10-20 18:00:00,RJPN-007-1,RJPN-007,Band 1 (2100MHz),-84.6,-14.3,8.4,100.0,51.3,129.1
2026-10-20 18:00:00,RJPN-007-2,RJPN-007,Band 1 (2100MHz),-82.8,-15.8,13.6,90.7,57.7,160.3
2026-10-20 18:00:00,RJPN-007-3,RJPN-007,Band 1 (2100MHz),-87.1,-15.1,12.6,79.3,59.6,134.0
2026-10-20 18:00:00,RJPN-008-1,RJPN-008,Band 3 (1800MHz),-94.0,-9.9,4.7,84.7,38.3,106.1
2026-10-20 18:00:00,RJPN-008-2,RJPN-008,Band 3 (1800MHz),-80.6,-10.5,18.7,70.2,38.8,115.2
2026-10-20 18:00:00,RJPN-008-3,RJPN-008,Band 3 (1800MHz),-84.9,-14.1,15.9,77.9,45.8,136.0
2026-10-20 18:00:00,RJPN-009-1,RJPN-009,Band 1 (2100MHz),-79.7,-12.6,15.9,77.0,56.9,167.4
2026-10-20 18:00:00,RJPN-009-2,RJPN-009,Band 1 (2100MHz),-91.1,-11.1,19.9,72.0,62.3,116.3
2026-10-20 18:00:00,RJPN-009-3,RJPN-009,Band 1 (2100MHz),-82.2,-12.2,18.4,91.0,59.9,167.8
2026-10-20 18:00:00,RJPN-010-1,RJPN-010,Band 3 (1800MHz),-89.0,-12.0,19.4,87.5,31.3,101.7
2026-10-20 18:00:00,RJPN-010-2,RJPN-010,Band 3 (1800MHz),-89.1,-11.1,14.7,67.0,35.8,111.2
2026-10-20 18:00:00,RJPN-010-3,RJPN-010,Band 3 (1800MHz),-83.7,-13.2,13.8,84.5,53.1,129.8
2026-10-20 18:00:00,RJPN-011-1,RJPN-011,Band 1 (2100MHz),-82.6,-8.2,10.9,73.1,50.6,130.2
2026-10-20 18:00:00,RJPN-011-2,RJPN-011,Band 1 (2100MHz),-109.5,-14.9,6.2,93.1,47.9,133.6
2026-10-20 18:00:00,RJPN-011-3,RJPN-011,Band 1 (2100MHz),-91.9,-16.2,-1.9,98.7,74.4,92.1
2026-10-20 19:00:00,RJPN-001-1,RJPN-001,Band 1 (2100MHz),-85.3,-15.6,16.6,77.3,62.5,136.0
2026-10-20 19:00:00,RJPN-001-2,RJPN-001,Band 1 (2100MHz),-80.3,-11.1,19.3,67.1,48.8,89.6
2026-10-20 19:00:00,RJPN-001-3,RJPN-001,Band 1 (2100MHz),-77.5,-12.1,16.6,68.8,29.4,114.4
2026-10-20 19:00:00,RJPN-002-1,RJPN-002,Band 3 (1800MHz),-87.8,-11.5,6.6,58.6,44.5,110.5
2026-10-20 19:00:00,RJPN-002-2,RJPN-002,Band 3 (1800MHz),-95.6,-14.2,9.7,86.9,35.4,96.4
2026-10-20 19:00:00,RJPN-002-3,RJPN-002,Band 3 (1800MHz),-95.5,-15.4,3.7,83.3,45.2,130.5
2026-10-20 19:00:00,RJPN-003-1,RJPN-003,Band 1 (2100MHz),-86.7,-13.1,7.1,68.9,55.3,147.0
2026-10-20 19:00:00,RJPN-003-2,RJPN-003,Band 1 (2100MHz),-74.0,-9.7,13.4,61.3,35.5,130.5
2026-10-20 19:00:00,RJPN-003-3,RJPN-003,Band 1 (2100MHz),-84.7,-10.8,25.2,50.1,31.1,101.2
2026-10-20 19:00:00,RJPN-004-1,RJPN-004,Band 3 (1800MHz),-91.4,-18.1,15.9,78.9,51.3,129.9
2026-10-20 19:00:00,RJPN-004-2,RJPN-004,Band 3 (1800MHz),-84.7,-9.3,10.2,84.2,42.3,131.5
2026-10-20 19:00:00,RJPN-004-3,RJPN-004,Band 3 (1800MHz),-84.2,-8.2,12.5,91.9,57.5,141.5
2026-10-20 19:00:00,RJPN-005-1,RJPN-005,Band 1 (2100MHz),-85.4,-11.6,16.9,80.1,35.0,138.0
2026-10-20 19:00:00,RJPN-005-2,RJPN-005,Band 1 (2100MHz),-87.7,-10.0,15.2,75.1,47.6,149.9
2026-10-20 19:00:00,RJPN-005-3,RJPN-005,Band 1 (2100MHz),-82.9,-9.3,16.8,79.4,38.3,133.1
2026-10-20 19:00:00,RJPN-006-1,RJPN-006,Band 3 (1800MHz),-84.1,-11.8,10.3,77.6,46.9,98.3
2026-10-20 19:00:00,RJPN-006-2,RJPN-006,Band 3 (1800MHz),-84.4,-9.8,10.7,79.7,47.8,105.1
2026-10-20 19:00:00,RJPN-006-3,RJPN-006,Band 3 (1800MHz),-82.1,-8.1,3.0,65.8,44.0,86.0
2026-10-20 19:00:00,RJPN-007-1,RJPN-007,Band 1 (2100MHz),-87.3,-15.0,20.5,84.2,47.7,128.9
2026-10-20 19:00:00,RJPN-007-2,RJPN-007,Band 1 (2100MHz),-85.9,-7.5,15.8,82.7,28.6,111.1
2026-10-20 19:00:00,RJPN-007-3,RJPN-007,Band 1 (2100MHz),-91.0,-10.8,18.0,71.1,60.5,131.3
2026-10-20 19:00:00,RJPN-008-1,RJPN-008,Band 3 (1800MHz),-85.9,-9.2,16.9,75.8,54.7,150.2
2026-10-20 19:00:00,RJPN-008-2,RJPN-008,Band 3 (1800MHz),-87.1,-11.8,11.0,72.7,27.6,142.0
2026-10-20 19:00:00,RJPN-008-3,RJPN-008,Band 3 (1800MHz),-84.5,-13.9,13.8,73.2,39.1,173.7
2026-10-20 19:00:00,RJPN-009-1,RJPN-009,Band 1 (2100MHz),-89.5,-9.9,9.6,65.6,43.2,120.9
2026-10-20 19:00:00,RJPN-009-2,RJPN-009,Band 1 (2100MHz),-82.0,-9.7,16.9,62.5,44.5,141.4
2026-10-20 19:00:00,RJPN-009-3,RJPN-009,Band 1 (2100MHz),-83.0,-10.5,8.3,59.0,40.4,113.1
2026-10-20 19:00:00,RJPN-010-1,RJPN-010,Band 3 (1800MHz),-84.3,-12.4,14.2,73.3,42.7,144.4
2026-10-20 19:00:00,RJPN-010-2,RJPN-010,Band 3 (1800MHz),-77.7,-11.2,20.9,94.2,41.6,93.3
2026-10-20 19:00:00,RJPN-010-3,RJPN-010,Band 3 (1800MHz),-85.0,-13.6,5.0,67.5,34.0,133.3
2026-10-20 19:00:00,RJPN-011-1,RJPN-011,Band 1 (2100MHz),-87.3,-10.5,13.8,65.0,24.5,121.9
2026-10-20 19:00:00,RJPN-011-2,RJPN-011,Band 1 (2100MHz),-97.3,-14.4,-5.7,63.5,45.0,141.4
2026-10-20 19:00:00,RJPN-011-3,RJPN-011,Band 1 (2100MHz),-93.2,-15.4,6.0,79.2,43.6,124.2
2026-10-20 20:00:00,RJPN-001-1,RJPN-001,Band 1 (2100MHz),-81.9,-11.1,14.2,54.9,31.9,110.9
2026-10-20 20:00:00,RJPN-001-2,RJPN-001,Band 1 (2100MHz),-83.2,-12.5,14.4,77.8,48.2,91.0
2026-10-20 20:00:00,RJPN-001-3,RJPN-001,Band 1 (2100MHz),-82.0,-11.6,11.9,71.9,48.0,113.3
2026-10-20 20:00:00,RJPN-002-1,RJPN-002,Band 3 (1800MHz),-85.7,-10.2,4.7,74.2,42.1,105.2
2026-10-20 20:00:00,RJPN-002-2,RJPN-002,Band 3 (1800MHz),-93.3,-13.5,9.2,59.2,28.3,107.3
2026-10-20 20:00:00,RJPN-002-3,RJPN-002,Band 3 (1800MHz),-89.1,-11.5,18.5,34.6,48.1,116.0
2026-10-20 20:00:00,RJPN-003-1,RJPN-003,Band 1 (2100MHz),-83.1,-11.2,7.9,53.3,30.5,128.9
2026-10-20 20:00:00,RJPN-003-2,RJPN-003,Band 1 (2100MHz),-83.6,-11.6,14.2,52.8,51.2,97.3
2026-10-20 20:00:00,RJPN-003-3,RJPN-003,Band 1 (2100MHz),-82.9,-10.5,17.2,93.4,43.2,70.5
2026-10-20 20:00:00,RJPN-004-1,RJPN-004,Band 3 (1800MHz),-89.2,-12.3,6.7,67.6,52.8,158.2
2026-10-20 20:00:00,RJPN-004-2,RJPN-004,Band 3 (1800MHz),-84.9,-12.2,14.2,62.6,23.7,85.1
2026-10-20 20:00:00,RJPN-004-3,RJPN-004,Band 3 (1800MHz),-80.9,-12.3,11.6,81.2,31.5,163.1
2026-10-20 20:00:00,RJPN-005-1,RJPN-005,Band 1 (2100MHz),-85.9,-10.9,19.8,77.4,42.4,104.7
2026-10-20 20:00:00,RJPN-005-2,RJPN-005,Band 1 (2100MHz),-77.6,-13.0,26.5,71.9,41.1,179.1
2026-10-20 20:00:00,RJPN-005-3,RJPN-005,Band 1 (2100MHz),-83.4,-9.8,11.9,69.9,46.2,143.3
2026-10-20 20:00:00,RJPN-006-1,RJPN-006,Band 3 (1800MHz),-78.2,-11.3,12.1,74.3,53.5,72.0
2026-10-20 20:00:00,RJPN-006-2,RJPN-006,Band 3 (1800MHz),-87.1,-9.4,14.5,71.5,28.3,136.9
2026-10-20 20:00:00,RJPN-006-3,RJPN-006,Band 3 (1800MHz),-84.4,-10.7,16.4,59.5,31.3,112.9
2026-10-20 20:00:00,RJPN-007-1,RJPN-007,Band 1 (2100MHz),-83.7,-13.1,7.3,51.0,43.0,102.0
2026-10-20 20:00:00,RJPN-007-2,RJPN-007,Band 1 (2100MHz),-92.8,-10.4,16.3,47.1,48.5,80.4
2026-10-20 20:00:00,RJPN-007-3,RJPN-007,Band 1 (2100MHz),-86.9,-12.5,19.0,72.2,40.6,114.1
2026-10-20 20:00:00,RJPN-008-1,RJPN-008,Band 3 (1800MHz),-90.1,-10.2,16.4,83.6,35.0,109.9
2026-10-20 20:00:00,RJPN-008-2,RJPN-008,Band 3 (1800MHz),-88.0,-11.3,7.3,54.3,34.3,114.1
2026-10-20 20:00:00,RJPN-008-3,RJPN-008,Band 3 (1800MHz),-91.0,-12.9,14.5,52.6,48.0,126.2
2026-10-20 20:00:00,RJPN-009-1,RJPN-009,Band 1 (2100MHz),-83.9,-11.5,14.0,64.3,43.3,103.1
2026-10-20 20:00:00,RJPN-009-2,RJPN-009,Band 1 (2100MHz),-89.5,-12.7,17.8,55.7,50.0,141.5
2026-10-20 20:00:00,RJPN-009-3,RJPN-009,Band 1 (2100MHz),-88.7,-14.5,14.7,78.8,51.5,137.5
2026-10-20 20:00:00,RJPN-010-1,RJPN-010,Band 3 (1800MHz),-87.1,-11.2,5.3,70.7,48.5,57.9
2026-10-20 20:00:00,RJPN-010-2,RJPN-010,Band 3 (1800MHz),-79.0,-15.0,16.0,43.7,42.9,73.5
2026-10-20 20:00:00,RJPN-010-3,RJPN-010,Band 3 (1800MHz),-86.8,-10.6,20.7,61.7,43.0,63.5
2026-10-20 20:00:00,RJPN-011-1,RJPN-011,Band 1 (2100MHz),-82.8,-10.8,17.1,63.1,41.5,128.3
2026-10-20 20:00:00,RJPN-011-2,RJPN-011,Band 1 (2100MHz),-98.9,-13.5,6.0,45.6,34.1,138.8
2026-10-20 20:00:00,RJPN-011-3,RJPN-011,Band 1 (2100MHz),-103.1,-10.0,5.1,64.8,40.1,87.4
2026-10-20 21:00:00,RJPN-001-1,RJPN-001,Band 1 (2100MHz),-81.6,-10.2,10.2,4.8,22.3,3.5
2026-10-20 21:00:00,RJPN-001-2,RJPN-001,Band 1 (2100MHz),-87.1,-9.8,18.9,24.9,0.0,39.4
2026-10-20 21:00:00,RJPN-001-3,RJPN-001,Band 1 (2100MHz),-87.2,-8.0,15.2,20.2,4.4,11.8
2026-10-20 21:00:00,RJPN-002-1,RJPN-002,Band 3 (1800MHz),-81.0,-8.4,14.1,0.0,11.2,0.0
2026-10-20 21:00:00,RJPN-002-2,RJPN-002,Band 3 (1800MHz),-98.8,-14.0,2.3,20.2,4.2,36.2
2026-10-20 21:00:00,RJPN-002-3,RJPN-002,Band 3 (1800MHz),-83.5,-6.9,15.0,8.9,6.0,17.9
2026-10-20 21:00:00,RJPN-003-1,RJPN-003,Band 1 (2100MHz),-85.4,-10.3,6.1,0.0,1.7,7.7
2026-10-20 21:00:00,RJPN-003-2,RJPN-003,Band 1 (2100MHz),-78.0,-10.3,16.7,19.3,14.3,29.2
2026-10-20 21:00:00,RJPN-003-3,RJPN-003,Band 1 (2100MHz),-84.7,-10.1,17.5,25.6,10.7,45.2
2026-10-20 21:00:00,RJPN-004-1,RJPN-004,Band 3 (1800MHz),-93.3,-6.4,6.5,14.8,12.9,13.7
2026-10-20 21:00:00,RJPN-004-2,RJPN-004,Band 3 (1800MHz),-84.5,-9.2,9.4,6.3,16.3,16.8
2026-10-20 21:00:00,RJPN-004-3,RJPN-004,Band 3 (1800MHz),-90.7,-5.6,12.2,23.4,0.0,13.6
2026-10-20 21:00:00,RJPN-005-1,RJPN-005,Band 1 (2100MHz),-80.4,-9.6,15.5,22.5,13.6,40.4
2026-10-20 21:00:00,RJPN-005-2,RJPN-005,Band 1 (2100MHz),-88.7,-6.3,15.0,22.6,24.4,39.9
2026-10-20 21:00:00,RJPN-005-3,RJPN-005,Band 1 (2100MHz),-77.0,-11.5,10.0,16.0,10.7,64.4
2026-10-20 21:00:00,RJPN-006-1,RJPN-006,Band 3 (1800MHz),-83.0,-11.0,16.7,12.8,0.0,56.3
2026-10-20 21:00:00,RJPN-006-2,RJPN-006,Band 3 (1800MHz),-83.1,-10.3,14.7,13.5,8.6,26.8
2026-10-20 21:00:00,RJPN-006-3,RJPN-006,Band 3 (1800MHz),-84.7,-7.0,14.4,23.1,0.0,19.3
2026-10-20 21:00:00,RJPN-007-1,RJPN-007,Band 1 (2100MHz),-80.0,-8.1,7.6,4.2,5.3,11.5
2026-10-20 21:00:00,RJPN-007-2,RJPN-007,Band 1 (2100MHz),-80.9,-4.9,11.9,33.2,27.0,21.9
2026-10-20 21:00:00,RJPN-007-3,RJPN-007,Band 1 (2100MHz),-85.3,-6.9,19.6,5.8,6.5,0.0
2026-10-20 21:00:00,RJPN-008-1,RJPN-008,Band 3 (1800MHz),-86.6,-10.2,12.7,10.2,1.6,50.9
2026-10-20 21:00:00,RJPN-008-2,RJPN-008,Band 3 (1800MHz),-85.2,-7.7,14.8,15.7,6.0,61.5
2026-10-20 21:00:00,RJPN-008-3,RJPN-008,Band 3 (1800MHz),-84.0,-10.4,21.2,19.0,20.9,38.6
2026-10-20 21:00:00,RJPN-009-1,RJPN-009,Band 1 (2100MHz),-88.9,-8.0,20.5,22.8,14.5,12.2
2026-10-20 21:00:00,RJPN-009-2,RJPN-009,Band 1 (2100MHz),-87.4,-9.5,17.8,31.8,11.6,34.3
2026-10-20 21:00:00,RJPN-009-3,RJPN-009,Band 1 (2100MHz),-83.3,-3.9,12.9,0.0,6.7,19.1
2026-10-20 21:00:00,RJPN-010-1,RJPN-010,Band 3 (1800MHz),-84.7,-9.1,10.2,4.8,11.1,40.0
2026-10-20 21:00:00,RJPN-010-2,RJPN-010,Band 3 (1800MHz),-87.4,-9.0,5.6,7.6,15.8,23.5
2026-10-20 21:00:00,RJPN-010-3,RJPN-010,Band 3 (1800MHz),-78.2,-9.6,10.7,31.3,0.0,57.6
2026-10-20 21:00:00,RJPN-011-1,RJPN-011,Band 1 (2100MHz),-86.2,-6.1,6.0,10.2,10.7,46.4
2026-10-20 21:00:00,RJPN-011-2,RJPN-011,Band 1 (2100MHz),-98.1,-10.1,7.9,5.4,23.7,41.7
2026-10-20 21:00:00,RJPN-011-3,RJPN-011,Band 1 (2100MHz),-98.8,-11.6,10.1,13.9,23.8,44.8
2026-10-20 22:00:00,RJPN-001-1,RJPN-001,Band 1 (2100MHz),-89.2,-5.7,14.0,0.0,0.0,23.2
2026-10-20 22:00:00,RJPN-001-2,RJPN-001,Band 1 (2100MHz),-88.5,-12.0,9.7,5.7,3.2,56.6
2026-10-20 22:00:00,RJPN-001-3,RJPN-001,Band 1 (2100MHz),-83.3,-8.3,13.3,15.8,12.7,58.2
2026-10-20 22:00:00,RJPN-002-1,RJPN-002,Band 3 (1800MHz),-89.5,-5.0,23.6,17.8,3.1,39.2
2026-10-20 22:00:00,RJPN-002-2,RJPN-002,Band 3 (1800MHz),-104.2,-15.3,14.1,2.8,10.0,11.4
2026-10-20 22:00:00,RJPN-002-3,RJPN-002,Band 3 (1800MHz),-84.0,-8.7,17.2,0.0,8.4,58.9
2026-10-20 22:00:00,RJPN-003-1,RJPN-003,Band 1 (2100MHz),-88.6,-6.8,10.2,17.3,9.8,0.0
2026-10-20 22:00:00,RJPN-003-2,RJPN-003,Band 1 (2100MHz),-83.7,-7.8,11.5,26.3,19.0,0.0
2026-10-20 22:00:00,RJPN-003-3,RJPN-003,Band 1 (2100MHz),-85.5,-7.4,18.1,16.8,0.0,12.6
2026-10-20 22:00:00,RJPN-004-1,RJPN-004,Band 3 (1800MHz),-90.6,-5.4,12.8,0.0,3.2,0.0
2026-10-20 22:00:00,RJPN-004-2,RJPN-004,Band 3 (1800MHz),-93.4,-8.7,12.0,22.2,1.4,0.0
2026-10-20 22:00:00,RJPN-004-3,RJPN-004,Band 3 (1800MHz),-82.5,-8.9,11.1,5.5,12.2,58.2
2026-10-20 22:00:00,RJPN-005-1,RJPN-005,Band 1 (2100MHz),-83.8,-7.5,16.1,0.0,0.7,6.6
2026-10-20 22:00:00,RJPN-005-2,RJPN-005,Band 1 (2100MHz),-83.9,-9.4,11.5,3.9,3.4,23.0
2026-10-20 22:00:00,RJPN-005-3,RJPN-005,Band 1 (2100MHz),-86.4,-7.0,7.1,31.6,0.0,29.9
2026-10-20 22:00:00,RJPN-006-1,RJPN-006,Band 3 (1800MHz),-86.2,-8.1,7.2,0.0,0.0,10.3
2026-10-20 22:00:00,RJPN-006-2,RJPN-006,Band 3 (1800MHz),-81.4,-8.9,20.4,23.6,2.0,31.4
2026-10-20 22:00:00,RJPN-006-3,RJPN-006,Band 3 (1800MHz),-85.7,-9.2,10.6,12.4,7.3,18.4
2026-10-20 22:00:00,RJPN-007-1,RJPN-007,Band 1 (2100MHz),-88.3,-2.8,9.3,3.7,10.3,15.7
2026-10-20 22:00:00,RJPN-007-2,RJPN-007,Band 1 (2100MHz),-88.9,-8.5,10.5,9.4,16.1,0.0
2026-10-20 22:00:00,RJPN-007-3,RJPN-007,Band 1 (2100MHz),-89.1,-10.0,10.1,13.9,0.0,16.6
2026-10-20 22:00:00,RJPN-008-1,RJPN-008,Band 3 (1800MHz),-87.3,-3.0,23.0,27.8,2.3,0.0
2026-10-20 22:00:00,RJPN-008-2,RJPN-008,Band 3 (1800MHz),-83.0,-7.5,12.3,0.0,16.1,7.7
2026-10-20 22:00:00,RJPN-008-3,RJPN-008,Band 3 (1800MHz),-76.3,-9.0,16.3,30.9,0.0,48.4
2026-10-20 22:00:00,RJPN-009-1,RJPN-009,Band 1 (2100MHz),-82.3,-11.3,15.4,6.3,14.8,0.0
2026-10-20 22:00:00,RJPN-009-2,RJPN-009,Band 1 (2100MHz),-79.6,-8.9,15.7,20.7,9.2,7.4
2026-10-20 22:00:00,RJPN-009-3,RJPN-009,Band 1 (2100MHz),-85.3,-6.8,13.3,13.6,0.0,38.5
2026-10-20 22:00:00,RJPN-010-1,RJPN-010,Band 3 (1800MHz),-76.1,-5.9,12.6,1.9,7.6,0.0
2026-10-20 22:00:00,RJPN-010-2,RJPN-010,Band 3 (1800MHz),-92.0,-6.0,20.9,0.0,4.2,8.2
2026-10-20 22:00:00,RJPN-010-3,RJPN-010,Band 3 (1800MHz),-88.1,-7.2,16.4,0.0,0.0,8.1
2026-10-20 22:00:00,RJPN-011-1,RJPN-011,Band 1 (2100MHz),-85.4,-5.2,12.9,8.0,8.8,23.0
2026-10-20 22:00:00,RJPN-011-2,RJPN-011,Band 1 (2100MHz),-90.4,-13.2,16.4,6.3,13.2,27.9
2026-10-20 22:00:00,RJPN-011-3,RJPN-011,Band 1 (2100MHz),-94.1,-11.7,2.5,7.0,4.3,12.6
2026-10-20 23:00:00,RJPN-001-1,RJPN-001,Band 1 (2100MHz),-87.1,-10.0,10.8,16.4,6.7,21.3
2026-10-20 23:00:00,RJPN-001-2,RJPN-001,Band 1 (2100MHz),-88.9,-5.3,6.6,26.2,0.0,20.1
2026-10-20 23:00:00,RJPN-001-3,RJPN-001,Band 1 (2100MHz),-81.5,-7.5,11.8,13.1,8.9,4.3
2026-10-20 23:00:00,RJPN-002-1,RJPN-002,Band 3 (1800MHz),-88.3,-6.5,1.2,1.7,0.0,31.9
2026-10-20 23:00:00,RJPN-002-2,RJPN-002,Band 3 (1800MHz),-98.8,-10.1,4.1,28.3,24.7,0.0
2026-10-20 23:00:00,RJPN-002-3,RJPN-002,Band 3 (1800MHz),-93.5,-9.2,13.6,7.0,14.2,0.0
2026-10-20 23:00:00,RJPN-003-1,RJPN-003,Band 1 (2100MHz),-93.4,-8.0,15.3,3.0,3.1,0.0
2026-10-20 23:00:00,RJPN-003-2,RJPN-003,Band 1 (2100MHz),-83.4,-8.4,4.5,6.5,7.5,30.7
2026-10-20 23:00:00,RJPN-003-3,RJPN-003,Band 1 (2100MHz),-85.6,-7.4,17.9,0.0,15.8,0.2
2026-10-20 23:00:00,RJPN-004-1,RJPN-004,Band 3 (1800MHz),-87.9,-6.2,21.7,10.6,4.3,0.0
2026-10-20 23:00:00,RJPN-004-2,RJPN-004,Band 3 (1800MHz),-84.6,-10.4,1.5,15.0,5.5,10.4
2026-10-20 23:00:00,RJPN-004-3,RJPN-004,Band 3 (1800MHz),-78.6,-6.3,7.5,5.2,0.0,1.2
2026-10-20 23:00:00,RJPN-005-1,RJPN-005,Band 1 (2100MHz),-81.4,-6.5,14.5,0.0,2.3,0.0
2026-10-20 23:00:00,RJPN-005-2,RJPN-005,Band 1 (2100MHz),-83.9,-10.0,17.6,0.0,8.2,26.9
2026-10-20 23:00:00,RJPN-005-3,RJPN-005,Band 1 (2100MHz),-82.1,-8.7,17.2,18.5,6.9,0.0
2026-10-20 23:00:00,RJPN-006-1,RJPN-006,Band 3 (1800MHz),-84.5,-9.9,17.1,1.7,1.9,0.0
2026-10-20 23:00:00,RJPN-006-2,RJPN-006,Band 3 (1800MHz),-88.8,-10.7,8.5,18.8,0.0,8.0
2026-10-20 23:00:00,RJPN-006-3,RJPN-006,Band 3 (1800MHz),-86.3,-9.8,9.8,14.3,4.2,13.2
2026-10-20 23:00:00,RJPN-007-1,RJPN-007,Band 1 (2100MHz),-89.3,-8.6,22.9,7.6,15.5,28.3
2026-10-20 23:00:00,RJPN-007-2,RJPN-007,Band 1 (2100MHz),-76.0,-8.3,8.8,6.6,0.0,25.2
2026-10-20 23:00:00,RJPN-007-3,RJPN-007,Band 1 (2100MHz),-89.5,-6.3,11.8,22.6,15.8,41.1
2026-10-20 23:00:00,RJPN-008-1,RJPN-008,Band 3 (1800MHz),-83.0,-5.7,18.1,0.0,14.2,45.3
2026-10-20 23:00:00,RJPN-008-2,RJPN-008,Band 3 (1800MHz),-83.5,-8.1,13.1,5.3,0.0,3.9
2026-10-20 23:00:00,RJPN-008-3,RJPN-008,Band 3 (1800MHz),-80.1,-9.9,15.2,18.4,0.0,35.0
2026-10-20 23:00:00,RJPN-009-1,RJPN-009,Band 1 (2100MHz),-84.2,-10.3,12.2,0.5,0.0,0.0
2026-10-20 23:00:00,RJPN-009-2,RJPN-009,Band 1 (2100MHz),-88.0,-8.7,9.3,11.8,19.3,29.8
2026-10-20 23:00:00,RJPN-009-3,RJPN-009,Band 1 (2100MHz),-85.8,-5.7,10.9,5.4,25.1,24.4
2026-10-20 23:00:00,RJPN-010-1,RJPN-010,Band 3 (1800MHz),-83.3,-5.9,22.4,30.8,8.2,21.6
2026-10-20 23:00:00,RJPN-010-2,RJPN-010,Band 3 (1800MHz),-88.1,-8.1,14.1,2.3,3.0,2.4
2026-10-20 23:00:00,RJPN-010-3,RJPN-010,Band 3 (1800MHz),-84.4,-7.2,13.9,0.0,0.0,0.0
2026-10-20 23:00:00,RJPN-011-1,RJPN-011,Band 1 (2100MHz),-83.5,-7.9,8.6,10.9,0.0,0.0
2026-10-20 23:00:00,RJPN-011-2,RJPN-011,Band 1 (2100MHz),-98.5,-10.6,-0.8,22.2,3.2,2.8
2026-10-20 23:00:00,RJPN-011-3,RJPN-011,Band 1 (2100MHz),-102.4,-9.7,20.6,0.0,0.0,8.0
2026-10-21 00:00:00,RJPN-001-1,RJPN-001,Band 1 (2100MHz),-76.6,-8.7,19.2,2.2,13.9,0.0
2026-10-21 00:00:00,RJPN-001-2,RJPN-001,Band 1 (2100MHz),-84.3,-7.3,8.7,29.7,2.5,31.9
2026-10-21 00:00:00,RJPN-001-3,RJPN-001,Band 1 (2100MHz),-82.7,-6.0,13.6,7.6,0.0,56.1
2026-10-21 00:00:00,RJPN-002-1,RJPN-002,Band 3 (1800MHz),-89.1,-6.4,14.6,0.0,23.5,23.3
2026-10-21 00:00:00,RJPN-002-2,RJPN-002,Band 3 (1800MHz),-102.3,-10.1,-0.0,23.1,0.0,39.9
2026-10-21 00:00:00,RJPN-002-3,RJPN-002,Band 3 (1800MHz),-85.1,-6.4,13.2,15.9,0.8,30.6
2026-10-21 00:00:00,RJPN-003-1,RJPN-003,Band 1 (2100MHz),-80.9,-8.7,6.9,0.0,0.0,7.4
2026-10-21 00:00:00,RJPN-003-2,RJPN-003,Band 1 (2100MHz),-84.5,-10.9,11.3,6.5,0.0,27.2
2026-10-21 00:00:00,RJPN-003-3,RJPN-003,Band 1 (2100MHz),-85.8,-6.7,9.6,18.6,10.3,0.0
2026-10-21 00:00:00,RJPN-004-1,RJPN-004,Band 3 (1800MHz),-84.6,-6.4,17.5,7.3,15.8,0.0
2026-10-21 00:00:00,RJPN-004-2,RJPN-004,Band 3 (1800MHz),-81.0,-4.7,8.6,0.0,0.0,0.0
2026-10-21 00:00:00,RJPN-004-3,RJPN-004,Band 3 (1800MHz),-91.5,-6.1,12.6,2.2,10.8,3.7
2026-10-21 00:00:00,RJPN-005-1,RJPN-005,Band 1 (2100MHz),-84.6,-8.3,5.6,7.2,7.2,20.5
2026-10-21 00:00:00,RJPN-005-2,RJPN-005,Band 1 (2100MHz),-88.6,-13.0,17.3,14.7,0.0,34.0
2026-10-21 00:00:00,RJPN-005-3,RJPN-005,Band 1 (2100MHz),-87.2,-10.2,11.4,32.7,10.2,0.0
2026-10-21 00:00:00,RJPN-006-1,RJPN-006,Band 3 (1800MHz),-85.9,-9.3,9.7,11.2,9.0,9.8
2026-10-21 00:00:00,RJPN-006-2,RJPN-006,Band 3 (1800MHz),-86.6,-5.9,8.4,12.8,0.0,0.0
2026-10-21 00:00:00,RJPN-006-3,RJPN-006,Band 3 (1800MHz),-83.3,-7.0,6.4,37.5,0.0,6.0
2026-10-21 00:00:00,RJPN-007-1,RJPN-007,Band 1 (2100MHz),-84.4,-6.6,17.1,5.9,7.5,0.0
2026-10-21 00:00:00,RJPN-007-2,RJPN-007,Band 1 (2100MHz),-81.3,-6.6,14.1,0.0,16.9,50.8
2026-10-21 00:00:00,RJPN-007-3,RJPN-007,Band 1 (2100MHz),-88.2,-7.8,8.4,12.5,0.0,33.5
2026-10-21 00:00:00,RJPN-008-1,RJPN-008,Band 3 (1800MHz),-85.0,-8.1,8.3,0.0,0.0,72.8
2026-10-21 00:00:00,RJPN-008-2,RJPN-008,Band 3 (1800MHz),-82.5,-4.4,11.3,23.2,11.3,5.3
2026-10-21 00:00:00,RJPN-008-3,RJPN-008,Band 3 (1800MHz),-83.1,-10.0,10.6,0.0,5.8,0.0
2026-10-21 00:00:00,RJPN-009-1,RJPN-009,Band 1 (2100MHz),-85.7,-11.9,12.0,9.0,10.1,0.0
2026-10-21 00:00:00,RJPN-009-2,RJPN-009,Band 1 (2100MHz),-85.1,-9.5,9.0,23.4,11.0,0.0
2026-10-21 00:00:00,RJPN-009-3,RJPN-009,Band 1 (2100MHz),-86.1,-8.5,18.0,3.5,6.0,23.6
2026-10-21 00:00:00,RJPN-010-1,RJPN-010,Band 3 (1800MHz),-83.5,-7.8,14.7,8.4,2.9,13.8
2026-10-21 00:00:00,RJPN-010-2,RJPN-010,Band 3 (1800MHz),-86.2,-9.3,11.3,11.3,2.0,14.1
2026-10-21 00:00:00,RJPN-010-3,RJPN-010,Band 3 (1800MHz),-87.8,-7.5,3.2,0.0,16.9,3.5
2026-10-21 00:00:00,RJPN-011-1,RJPN-011,Band 1 (2100MHz),-87.1,-8.5,22.0,10.8,0.0,19.8
2026-10-21 00:00:00,RJPN-011-2,RJPN-011,Band 1 (2100MHz),-93.8,-11.0,5.7,9.4,12.9,24.4
2026-10-21 00:00:00,RJPN-011-3,RJPN-011,Band 1 (2100MHz),-99.7,-13.4,4.7,4.3,0.0,26.5
2026-10-21 01:00:00,RJPN-001-1,RJPN-001,Band 1 (2100MHz),-85.5,-6.4,19.3,0.0,9.3,30.5
2026-10-21 01:00:00,RJPN-001-2,RJPN-001,Band 1 (2100MHz),-81.0,-7.1,13.5,0.0,16.7,30.0
2026-10-21 01:00:00,RJPN-001-3,RJPN-001,Band 1 (2100MHz),-77.9,-6.9,6.7,4.7,11.5,0.0
2026-10-21 01:00:00,RJPN-002-1,RJPN-002,Band 3 (1800MHz),-87.5,-8.6,12.7,0.0,3.3,13.4
2026-10-21 01:00:00,RJPN-002-2,RJPN-002,Band 3 (1800MHz),-100.7,-9.6,2.2,17.7,0.0,0.1
2026-10-21 01:00:00,RJPN-002-3,RJPN-002,Band 3 (1800MHz),-81.6,-7.8,7.1,0.0,5.6,0.0
2026-10-21 01:00:00,RJPN-003-1,RJPN-003,Band 1 (2100MHz),-81.2,-7.8,17.4,17.5,7.8,11.2
2026-10-21 01:00:00,RJPN-003-2,RJPN-003,Band 1 (2100MHz),-88.6,-8.6,8.3,0.2,3.5,11.8
2026-10-21 01:00:00,RJPN-003-3,RJPN-003,Band 1 (2100MHz),-83.3,-8.1,14.6,22.5,3.9,28.4
2026-10-21 01:00:00,RJPN-004-1,RJPN-004,Band 3 (1800MHz),-84.3,-8.1,24.7,22.7,0.0,13.9
2026-10-21 01:00:00,RJPN-004-2,RJPN-004,Band 3 (1800MHz),-87.0,-6.0,22.6,0.0,0.0,0.0
2026-10-21 01:00:00,RJPN-004-3,RJPN-004,Band 3 (1800MHz),-86.8,-10.4,15.1,30.7,10.1,14.0
2026-10-21 01:00:00,RJPN-005-1,RJPN-005,Band 1 (2100MHz),-81.1,-8.1,16.8,18.9,5.9,3.6
2026-10-21 01:00:00,RJPN-005-2,RJPN-005,Band 1 (2100MHz),-93.1,-9.3,15.5,16.8,0.0,0.0
2026-10-21 01:00:00,RJPN-005-3,RJPN-005,Band 1 (2100MHz),-86.7,-9.2,11.0,24.8,14.9,14.0
2026-10-21 01:00:00,RJPN-006-1,RJPN-006,Band 3 (1800MHz),-84.1,-8.1,3.5,2.0,16.7,31.7
2026-10-21 01:00:00,RJPN-006-2,RJPN-006,Band 3 (1800MHz),-89.6,-9.1,11.1,0.0,0.0,0.0
2026-10-21 01:00:00,RJPN-006-3,RJPN-006,Band 3 (1800MHz),-84.0,-7.7,4.7,1.7,4.4,0.0
2026-10-21 01:00:00,RJPN-007-1,RJPN-007,Band 1 (2100MHz),-81.7,-11.2,23.1,7.2,5.7,53.9
2026-10-21 01:00:00,RJPN-007-2,RJPN-007,Band 1 (2100MHz),-89.5,-5.1,13.8,0.0,0.0,33.0
2026-10-21 01:00:00,RJPN-007-3,RJPN-007,Band 1 (2100MHz),-79.0,-7.8,16.0,0.0,0.0,26.1
2026-10-21 01:00:00,RJPN-008-1,RJPN-008,Band 3 (1800MHz),-88.0,-4.7,9.1,7.1,6.4,1.6
2026-10-21 01:00:00,RJPN-008-2,RJPN-008,Band 3 (1800MHz),-90.1,-5.4,13.1,4.0,0.0,19.1
2026-10-21 01:00:00,RJPN-008-3,RJPN-008,Band 3 (1800MHz),-87.6,-10.9,15.4,26.0,6.6,10.0
2026-10-21 01:00:00,RJPN-009-1,RJPN-009,Band 1 (2100MHz),-87.5,-8.0,9.6,12.7,0.0,0.0
2026-10-21 01:00:00,RJPN-009-2,RJPN-009,Band 1 (2100MHz),-83.9,-4.3,9.9,5.7,22.6,19.8
2026-10-21 01:00:00,RJPN-009-3,RJPN-009,Band 1 (2100MHz),-81.0,-7.2,12.6,5.6,2.7,0.0
2026-10-21 01:00:00,RJPN-010-1,RJPN-010,Band 3 (1800MHz),-82.1,-8.7,10.1,16.0,1.7,0.0
2026-10-21 01:00:00,RJPN-010-2,RJPN-010,Band 3 (1800MHz),-81.0,-11.0,15.1,0.0,5.7,32.4
2026-10-21 01:00:00,RJPN-010-3,RJPN-010,Band 3 (1800MHz),-92.1,-8.1,17.8,0.0,5.9,31.7
2026-10-21 01:00:00,RJPN-011-1,RJPN-011,Band 1 (2100MHz),-87.7,-8.1,19.0,12.7,20.3,13.8
2026-10-21 01:00:00,RJPN-011-2,RJPN-011,Band 1 (2100MHz),-103.6,-11.2,7.5,0.8,14.8,19.7
2026-10-21 01:00:00,RJPN-011-3,RJPN-011,Band 1 (2100MHz),-96.0,-11.2,11.3,0.0,5.1,19.7
2026-10-21 02:00:00,RJPN-001-1,RJPN-001,Band 1 (2100MHz),-84.0,-7.8,14.3,48.1,0.0,28.7
2026-10-21 02:00:00,RJPN-001-2,RJPN-001,Band 1 (2100MHz),-90.2,-8.6,6.2,0.0,0.0,44.4
2026-10-21 02:00:00,RJPN-001-3,RJPN-001,Band 1 (2100MHz),-90.4,-14.0,16.7,12.4,14.0,0.0
2026-10-21 02:00:00,RJPN-002-1,RJPN-002,Band 3 (1800MHz),-87.8,-6.3,12.4,0.0,8.4,38.5
2026-10-21 02:00:00,RJPN-002-2,RJPN-002,Band 3 (1800MHz),-96.8,-12.1,-1.1,15.4,0.0,4.3
2026-10-21 02:00:00,RJPN-002-3,RJPN-002,Band 3 (1800MHz),-86.6,-9.6,19.9,0.7,6.9,0.0
2026-10-21 02:00:00,RJPN-003-1,RJPN-003,Band 1 (2100MHz),-87.6,-7.8,13.2,7.9,3.9,21.5
2026-10-21 02:00:00,RJPN-003-2,RJPN-003,Band 1 (2100MHz),-86.8,-9.7,10.9,11.3,12.5,0.0
2026-10-21 02:00:00,RJPN-003-3,RJPN-003,Band 1 (2100MHz),-89.9,-4.4,9.8,14.9,0.0,5.8
2026-10-21 02:00:00,RJPN-004-1,RJPN-004,Band 3 (1800MHz),-83.1,-11.8,10.2,2.1,0.0,0.0
2026-10-21 02:00:00,RJPN-004-2,RJPN-004,Band 3 (1800MHz),-79.5,-8.2,19.4,25.6,17.0,54.9
2026-10-21 02:00:00,RJPN-004-3,RJPN-004,Band 3 (1800MHz),-82.4,-10.3,15.3,0.7,0.0,39.8
2026-10-21 02:00:00,RJPN-005-1,RJPN-005,Band 1 (2100MHz),-90.7,-6.3,7.0,2.6,12.1,33.3
2026-10-21 02:00:00,RJPN-005-2,RJPN-005,Band 1 (2100MHz),-84.0,-7.5,16.5,27.5,0.4,0.0
2026-10-21 02:00:00,RJPN-005-3,RJPN-005,Band 1 (2100MHz),-87.0,-8.7,14.9,12.4,0.0,19.6
2026-10-21 02:00:00,RJPN-006-1,RJPN-006,Band 3 (1800MHz),-82.8,-8.2,6.6,0.0,0.0,39.1
2026-10-21 02:00:00,RJPN-006-2,RJPN-006,Band 3 (1800MHz),-89.0,-6.3,6.7,5.0,11.9,0.0
2026-10-21 02:00:00,RJPN-006-3,RJPN-006,Band 3 (1800MHz),-85.4,-9.4,16.8,4.0,0.0,20.0
2026-10-21 02:00:00,RJPN-007-1,RJPN-007,Band 1 (2100MHz),-86.3,-8.8,19.7,13.8,0.0,18.5
2026-10-21 02:00:00,RJPN-007-2,RJPN-007,Band 1 (2100MHz),-84.6,-9.7,9.0,0.0,6.0,39.1
2026-10-21 02:00:00,RJPN-007-3,RJPN-007,Band 1 (2100MHz),-77.9,-7.7,17.3,10.9,7.5,35.6
2026-10-21 02:00:00,RJPN-008-1,RJPN-008,Band 3 (1800MHz),-83.9,-9.8,17.9,0.0,0.0,19.2
2026-10-21 02:00:00,RJPN-008-2,RJPN-008,Band 3 (1800MHz),-88.0,-10.0,8.7,17.5,16.8,0.0
2026-10-21 02:00:00,RJPN-008-3,RJPN-008,Band 3 (1800MHz),-85.2,-11.0,12.1,4.9,6.5,18.7
2026-10-21 02:00:00,RJPN-009-1,RJPN-009,Band 1 (2100MHz),-88.9,-10.5,4.8,15.0,15.2,6.7
2026-10-21 02:00:00,RJPN-009-2,RJPN-009,Band 1 (2100MHz),-83.5,-6.8,11.8,30.4,0.0,24.2
2026-10-21 02:00:00,RJPN-009-3,RJPN-009,Band 1 (2100MHz),-86.1,-10.7,14.2,15.5,2.1,31.4
2026-10-21 02:00:00,RJPN-010-1,RJPN-010,Band 3 (1800MHz),-84.4,-10.7,19.7,24.0,0.0,6.5
2026-10-21 02:00:00,RJPN-010-2,RJPN-010,Band 3 (1800MHz),-87.2,-7.2,13.9,0.0,4.7,33.4
2026-10-21 02:00:00,RJPN-010-3,RJPN-010,Band 3 (1800MHz),-94.4,-7.6,22.0,17.7,9.5,0.0
2026-10-21 02:00:00,RJPN-011-1,RJPN-011,Band 1 (2100MHz),-90.7,-7.0,14.2,10.0,5.8,12.8
2026-10-21 02:00:00,RJPN-011-2,RJPN-011,Band 1 (2100MHz),-86.3,-12.6,10.7,0.0,15.3,4.5
2026-10-21 02:00:00,RJPN-011-3,RJPN-011,Band 1 (2100MHz),-109.3,-16.4,1.1,0.0,16.3,7.1
2026-10-21 03:00:00,RJPN-001-1,RJPN-001,Band 1 (2100MHz),-82.8,-10.2,11.9,1.7,1.9,21.5
2026-10-21 03:00:00,RJPN-001-2,RJPN-001,Band 1 (2100MHz),-88.9,-8.4,8.9,5.9,10.2,54.6
2026-10-21 03:00:00,RJPN-001-3,RJPN-001,Band 1 (2100MHz),-83.3,-5.5,5.8,0.0,0.0,0.0
2026-10-21 03:00:00,RJPN-002-1,RJPN-002,Band 3 (1800MHz),-81.7,-6.6,10.5,0.0,0.0,0.5
2026-10-21 03:00:00,RJPN-002-2,RJPN-002,Band 3 (1800MHz),-100.3,-8.5,9.0,21.2,0.0,1.3
2026-10-21 03:00:00,RJPN-002-3,RJPN-002,Band 3 (1800MHz),-84.2,-7.9,16.4,13.7,12.7,42.2
2026-10-21 03:00:00,RJPN-003-1,RJPN-003,Band 1 (2100MHz),-79.6,-6.3,14.7,4.8,0.0,26.5
2026-10-21 03:00:00,RJPN-003-2,RJPN-003,Band 1 (2100MHz),-92.3,-7.9,14.9,9.2,0.0,20.8
2026-10-21 03:00:00,RJPN-003-3,RJPN-003,Band 1 (2100MHz),-86.1,-7.5,14.2,0.0,0.0,0.0
2026-10-21 03:00:00,RJPN-004-1,RJPN-004,Band 3 (1800MHz),-77.9,-9.5,15.9,4.9,0.0,66.1
2026-10-21 03:00:00,RJPN-004-2,RJPN-004,Band 3 (1800MHz),-79.6,-8.8,15.2,0.0,12.8,27.4
2026-10-21 03:00:00,RJPN-004-3,RJPN-004,Band 3 (1800MHz),-79.8,-6.1,16.4,0.0,15.8,0.0
2026-10-21 03:00:00,RJPN-005-1,RJPN-005,Band 1 (2100MHz),-81.3,-9.2,21.0,5.2,0.0,7.7
2026-10-21 03:00:00,RJPN-005-2,RJPN-005,Band 1 (2100MHz),-78.0,-6.4,9.8,0.0,0.0,27.5
2026-10-21 03:00:00,RJPN-005-3,RJPN-005,Band 1 (2100MHz),-92.3,-9.0,4.6,25.3,14.5,26.3
2026-10-21 03:00:00,RJPN-006-1,RJPN-006,Band 3 (1800MHz),-85.9,-7.0,18.8,0.0,20.7,0.0
2026-10-21 03:00:00,RJPN-006-2,RJPN-006,Band 3 (1800MHz),-82.8,-6.1,12.1,7.2,11.0,0.0
2026-10-21 03:00:00,RJPN-006-3,RJPN-006,Band 3 (1800MHz),-88.0,-11.3,20.5,6.7,0.0,0.0
2026-10-21 03:00:00,RJPN-007-1,RJPN-007,Band 1 (2100MHz),-84.0,-5.1,15.8,14.8,21.4,48.5
2026-10-21 03:00:00,RJPN-007-2,RJPN-007,Band 1 (2100MHz),-83.8,-6.7,11.8,18.4,0.0,0.0
2026-10-21 03:00:00,RJPN-007-3,RJPN-007,Band 1 (2100MHz),-83.8,-6.6,18.7,7.4,7.9,29.5
2026-10-21 03:00:00,RJPN-008-1,RJPN-008,Band 3 (1800MHz),-80.8,-8.4,13.4,0.0,0.0,1.6
2026-10-21 03:00:00,RJPN-008-2,RJPN-008,Band 3 (1800MHz),-81.4,-9.0,14.5,0.0,10.4,1.3
2026-10-21 03:00:00,RJPN-008-3,RJPN-008,Band 3 (1800MHz),-87.4,-6.6,16.5,0.0,0.0,1.1
2026-10-21 03:00:00,RJPN-009-1,RJPN-009,Band 1 (2100MHz),-80.1,-9.0,17.6,8.8,1.9,9.1
2026-10-21 03:00:00,RJPN-009-2,RJPN-009,Band 1 (2100MHz),-85.3,-10.1,15.4,6.9,5.8,17.1
2026-10-21 03:00:00,RJPN-009-3,RJPN-009,Band 1 (2100MHz),-73.8,-6.5,11.6,31.0,12.3,30.8
2026-10-21 03:00:00,RJPN-010-1,RJPN-010,Band 3 (1800MHz),-78.1,-7.6,12.3,5.4,0.0,24.8
2026-10-21 03:00:00,RJPN-010-2,RJPN-010,Band 3 (1800MHz),-81.5,-9.5,3.1,14.1,0.0,13.3
2026-10-21 03:00:00,RJPN-010-3,RJPN-010,Band 3 (1800MHz),-85.0,-6.0,7.4,24.5,4.0,0.0
2026-10-21 03:00:00,RJPN-011-1,RJPN-011,Band 1 (2100MHz),-83.5,-4.4,14.2,3.1,0.0,60.6
2026-10-21 03:00:00,RJPN-011-2,RJPN-011,Band 1 (2100MHz),-100.7,-11.2,-0.0,20.6,0.0,0.0
2026-10-21 03:00:00,RJPN-011-3,RJPN-011,Band 1 (2100MHz),-105.9,-11.9,7.9,16.9,4.0,21.4
2026-10-21 04:00:00,RJPN-001-1,RJPN-001,Band 1 (2100MHz),-84.1,-11.0,8.7,0.0,0.0,55.6
2026-10-21 04:00:00,RJPN-001-2,RJPN-001,Band 1 (2100MHz),-93.0,-11.6,15.2,0.0,1.4,43.2
2026-10-21 04:00:00,RJPN-001-3,RJPN-001,Band 1 (2100MHz),-87.2,-10.5,1.8,3.7,8.1,0.0
2026-10-21 04:00:00,RJPN-002-1,RJPN-002,Band 3 (1800MHz),-84.6,-9.0,16.4,30.3,8.8,37.5
2026-10-21 04:00:00,RJPN-002-2,RJPN-002,Band 3 (1800MHz),-94.8,-12.7,5.5,9.4,13.3,5.5
2026-10-21 04:00:00,RJPN-002-3,RJPN-002,Band 3 (1800MHz),-82.3,-9.2,16.6,23.5,0.0,14.8
2026-10-21 04:00:00,RJPN-003-1,RJPN-003,Band 1 (2100MHz),-87.4,-11.6,12.6,3.2,16.2,0.0
2026-10-21 04:00:00,RJPN-003-2,RJPN-003,Band 1 (2100MHz),-86.1,-9.5,12.1,0.0,0.0,23.7
2026-10-21 04:00:00,RJPN-003-3,RJPN-003,Band 1 (2100MHz),-83.2,-9.4,15.9,18.2,7.3,28.6
2026-10-21 04:00:00,RJPN-004-1,RJPN-004,Band 3 (1800MHz),-88.0,-8.1,8.2,0.0,0.0,8.2
2026-10-21 04:00:00,RJPN-004-2,RJPN-004,Band 3 (1800MHz),-92.0,-6.8,12.5,21.3,3.4,17.5
2026-10-21 04:00:00,RJPN-004-3,RJPN-004,Band 3 (1800MHz),-81.2,-9.5,17.7,0.0,8.3,14.9
2026-10-21 04:00:00,RJPN-005-1,RJPN-005,Band 1 (2100MHz),-84.1,-4.7,13.9,4.2,1.1,28.9
2026-10-21 04:00:00,RJPN-005-2,RJPN-005,Band 1 (2100MHz),-89.2,-4.8,14.6,19.3,0.0,19.8
2026-10-21 04:00:00,RJPN-005-3,RJPN-005,Band 1 (2100MHz),-88.4,-10.2,14.1,0.0,12.2,12.2
2026-10-21 04:00:00,RJPN-006-1,RJPN-006,Band 3 (1800MHz),-92.9,-4.1,11.7,24.4,23.1,0.0
2026-10-21 04:00:00,RJPN-006-2,RJPN-006,Band 3 (1800MHz),-85.9,-10.9,14.7,1.0,0.0,0.0
2026-10-21 04:00:00,RJPN-006-3,RJPN-006,Band 3 (1800MHz),-82.0,-5.9,15.1,0.0,0.0,34.4
2026-10-21 04:00:00,RJPN-007-1,RJPN-007,Band 1 (2100MHz),-81.0,-8.7,15.1,6.7,5.8,0.0
2026-10-21 04:00:00,RJPN-007-2,RJPN-007,Band 1 (2100MHz),-81.3,-4.7,11.3,0.0,0.0,15.3
2026-10-21 04:00:00,RJPN-007-3,RJPN-007,Band 1 (2100MHz),-80.0,-6.3,14.7,0.0,18.2,9.0
2026-10-21 04:00:00,RJPN-008-1,RJPN-008,Band 3 (1800MHz),-91.0,-4.3,19.4,11.3,12.0,0.0
2026-10-21 04:00:00,RJPN-008-2,RJPN-008,Band 3 (1800MHz),-81.7,-6.9,18.5,14.5,5.6,37.4
2026-10-21 04:00:00,RJPN-008-3,RJPN-008,Band 3 (1800MHz),-89.1,-8.8,21.6,5.3,9.7,28.0
2026-10-21 04:00:00,RJPN-009-1,RJPN-009,Band 1 (2100MHz),-93.5,-7.5,8.5,0.0,1.6,34.1
2026-10-21 04:00:00,RJPN-009-2,RJPN-009,Band 1 (2100MHz),-83.2,-9.3,7.3,8.6,0.0,21.3
2026-10-21 04:00:00,RJPN-009-3,RJPN-009,Band 1 (2100MHz),-88.4,-8.4,6.7,0.3,14.8,47.0
2026-10-21 04:00:00,RJPN-010-1,RJPN-010,Band 3 (1800MHz),-84.0,-7.3,18.6,7.2,9.9,42.6
2026-10-21 04:00:00,RJPN-010-2,RJPN-010,Band 3 (1800MHz),-85.6,-6.9,4.0,0.7,0.0,24.1
2026-10-21 04:00:00,RJPN-010-3,RJPN-010,Band 3 (1800MHz),-76.4,-5.2,13.5,0.0,2.3,0.0
2026-10-21 04:00:00,RJPN-011-1,RJPN-011,Band 1 (2100MHz),-91.7,-7.1,16.1,18.8,7.1,16.6
2026-10-21 04:00:00,RJPN-011-2,RJPN-011,Band 1 (2100MHz),-97.6,-10.2,4.1,0.0,0.0,52.8
2026-10-21 04:00:00,RJPN-011-3,RJPN-011,Band 1 (2100MHz),-91.3,-10.3,13.6,5.3,0.0,0.0
2026-10-21 05:00:00,RJPN-001-1,RJPN-001,Band 1 (2100MHz),-84.1,-8.8,10.8,0.0,17.9,15.1
2026-10-21 05:00:00,RJPN-001-2,RJPN-001,Band 1 (2100MHz),-88.0,-9.9,19.2,6.0,8.4,10.2
2026-10-21 05:00:00,RJPN-001-3,RJPN-001,Band 1 (2100MHz),-78.2,-9.2,13.9,22.9,18.5,5.1
2026-10-21 05:00:00,RJPN-002-1,RJPN-002,Band 3 (1800MHz),-88.6,-6.5,8.7,0.0,10.1,74.0
2026-10-21 05:00:00,RJPN-002-2,RJPN-002,Band 3 (1800MHz),-100.4,-11.0,11.7,1.5,23.4,0.0
2026-10-21 05:00:00,RJPN-002-3,RJPN-002,Band 3 (1800MHz),-79.7,-8.6,7.4,30.8,2.6,0.0
2026-10-21 05:00:00,RJPN-003-1,RJPN-003,Band 1 (2100MHz),-79.2,-6.8,3.2,13.4,0.0,14.3
2026-10-21 05:00:00,RJPN-003-2,RJPN-003,Band 1 (2100MHz),-83.0,-9.9,6.1,0.0,3.5,2.6
2026-10-21 05:00:00,RJPN-003-3,RJPN-003,Band 1 (2100MHz),-92.5,-9.2,18.3,8.8,3.9,49.2
2026-10-21 05:00:00,RJPN-004-1,RJPN-004,Band 3 (1800MHz),-88.1,-4.8,-2.8,10.5,6.3,30.9
2026-10-21 05:00:00,RJPN-004-2,RJPN-004,Band 3 (1800MHz),-82.2,-5.3,11.6,27.4,7.2,9.5
2026-10-21 05:00:00,RJPN-004-3,RJPN-004,Band 3 (1800MHz),-84.7,-6.9,19.6,0.0,0.0,19.3
2026-10-21 05:00:00,RJPN-005-1,RJPN-005,Band 1 (2100MHz),-90.9,-7.3,14.0,14.7,9.1,0.0
2026-10-21 05:00:00,RJPN-005-2,RJPN-005,Band 1 (2100MHz),-78.2,-12.8,8.7,0.0,9.0,34.3
2026-10-21 05:00:00,RJPN-005-3,RJPN-005,Band 1 (2100MHz),-85.7,-10.1,14.7,2.6,0.0,0.0
2026-10-21 05:00:00,RJPN-006-1,RJPN-006,Band 3 (1800MHz),-86.9,-11.5,9.4,5.1,0.0,11.9
2026-10-21 05:00:00,RJPN-006-2,RJPN-006,Band 3 (1800MHz),-83.8,-7.3,5.4,37.0,0.0,0.0
2026-10-21 05:00:00,RJPN-006-3,RJPN-006,Band 3 (1800MHz),-83.3,-8.2,10.0,0.0,0.0,0.6
2026-10-21 05:00:00,RJPN-007-1,RJPN-007,Band 1 (2100MHz),-84.2,-8.6,5.3,2.1,0.0,17.1
2026-10-21 05:00:00,RJPN-007-2,RJPN-007,Band 1 (2100MHz),-86.1,-8.2,16.3,15.4,13.8,0.0
2026-10-21 05:00:00,RJPN-007-3,RJPN-007,Band 1 (2100MHz),-93.7,-5.7,21.7,0.0,10.3,65.1
2026-10-21 05:00:00,RJPN-008-1,RJPN-008,Band 3 (1800MHz),-82.9,-9.2,9.9,17.7,6.3,5.0
2026-10-21 05:00:00,RJPN-008-2,RJPN-008,Band 3 (1800MHz),-90.6,-5.2,17.0,0.0,3.9,10.9
2026-10-21 05:00:00,RJPN-008-3,RJPN-008,Band 3 (1800MHz),-93.1,-9.3,9.8,21.4,0.0,14.9
2026-10-21 05:00:00,RJPN-009-1,RJPN-009,Band 1 (2100MHz),-75.0,-5.7,21.8,13.9,6.7,15.1
2026-10-21 05:00:00,RJPN-009-2,RJPN-009,Band 1 (2100MHz),-93.1,-8.2,12.9,0.0,0.0,22.7
2026-10-21 05:00:00,RJPN-009-3,RJPN-009,Band 1 (2100MHz),-88.6,-8.3,17.5,19.8,0.0,24.5
2026-10-21 05:00:00,RJPN-010-1,RJPN-010,Band 3 (1800MHz),-89.4,-8.0,12.4,8.2,0.0,9.0
2026-10-21 05:00:00,RJPN-010-2,RJPN-010,Band 3 (1800MHz),-84.7,-9.9,4.0,25.0,0.0,0.0
2026-10-21 05:00:00,RJPN-010-3,RJPN-010,Band 3 (1800MHz),-82.0,-12.4,12.1,5.4,6.2,44.3
2026-10-21 05:00:00,RJPN-011-1,RJPN-011,Band 1 (2100MHz),-84.7,-9.7,21.9,14.7,11.6,13.3
2026-10-21 05:00:00,RJPN-011-2,RJPN-011,Band 1 (2100MHz),-91.4,-6.8,4.4,2.8,6.7,0.0
2026-10-21 05:00:00,RJPN-011-3,RJPN-011,Band 1 (2100MHz),-94.5,-10.8,8.8,12.5,6.4,50.3
2026-10-21 06:00:00,RJPN-001-1,RJPN-001,Band 1 (2100MHz),-79.3,-7.3,24.4,10.7,8.4,0.0
2026-10-21 06:00:00,RJPN-001-2,RJPN-001,Band 1 (2100MHz),-77.7,-5.0,11.8,18.2,23.6,45.7
2026-10-21 06:00:00,RJPN-001-3,RJPN-001,Band 1 (2100MHz),-86.8,-8.5,11.5,6.9,16.8,39.3
2026-10-21 06:00:00,RJPN-002-1,RJPN-002,Band 3 (1800MHz),-89.9,-8.5,14.8,30.2,9.9,58.8
2026-10-21 06:00:00,RJPN-002-2,RJPN-002,Band 3 (1800MHz),-99.6,-11.9,12.9,0.3,20.0,51.5
2026-10-21 06:00:00,RJPN-002-3,RJPN-002,Band 3 (1800MHz),-85.7,-8.6,21.3,30.0,2.0,42.2
2026-10-21 06:00:00,RJPN-003-1,RJPN-003,Band 1 (2100MHz),-88.4,-7.7,5.7,26.8,0.0,23.5
2026-10-21 06:00:00,RJPN-003-2,RJPN-003,Band 1 (2100MHz),-94.0,-7.5,2.6,5.9,15.2,11.8
2026-10-21 06:00:00,RJPN-003-3,RJPN-003,Band 1 (2100MHz),-85.7,-9.7,6.9,0.0,7.8,55.6
2026-10-21 06:00:00,RJPN-004-1,RJPN-004,Band 3 (1800MHz),-87.6,-9.0,14.6,11.4,27.7,32.9
2026-10-21 06:00:00,RJPN-004-2,RJPN-004,Band 3 (1800MHz),-88.2,-8.0,13.3,15.1,6.9,28.7
2026-10-21 06:00:00,RJPN-004-3,RJPN-004,Band 3 (1800MHz),-85.2,-10.5,7.5,17.4,21.9,32.4
2026-10-21 06:00:00,RJPN-005-1,RJPN-005,Band 1 (2100MHz),-85.1,-6.9,20.6,11.3,12.3,0.0
2026-10-21 06:00:00,RJPN-005-2,RJPN-005,Band 1 (2100MHz),-85.0,-8.3,18.0,25.3,7.6,32.5
2026-10-21 06:00:00,RJPN-005-3,RJPN-005,Band 1 (2100MHz),-86.2,-7.6,9.8,19.7,0.0,14.9
2026-10-21 06:00:00,RJPN-006-1,RJPN-006,Band 3 (1800MHz),-81.2,-9.1,7.6,11.0,18.4,44.2
2026-10-21 06:00:00,RJPN-006-2,RJPN-006,Band 3 (1800MHz),-84.5,-10.3,9.7,18.2,5.1,49.5
2026-10-21 06:00:00,RJPN-006-3,RJPN-006,Band 3 (1800MHz),-87.0,-6.4,15.8,0.0,3.1,34.3
2026-10-21 06:00:00,RJPN-007-1,RJPN-007,Band 1 (2100MHz),-83.0,-8.3,17.1,5.9,0.0,41.7
2026-10-21 06:00:00,RJPN-007-2,RJPN-007,Band 1 (2100MHz),-88.2,-11.0,12.2,28.9,3.3,0.0
2026-10-21 06:00:00,RJPN-007-3,RJPN-007,Band 1 (2100MHz),-78.5,-9.8,7.7,41.0,13.2,50.8
2026-10-21 06:00:00,RJPN-008-1,RJPN-008,Band 3 (1800MHz),-77.9,-7.9,19.5,11.7,5.3,11.1
2026-10-21 06:00:00,RJPN-008-2,RJPN-008,Band 3 (1800MHz),-78.6,-6.2,-1.9,12.9,0.0,5.4
2026-10-21 06:00:00,RJPN-008-3,RJPN-008,Band 3 (1800MHz),-84.0,-8.9,17.2,25.4,22.1,26.2
2026-10-21 06:00:00,RJPN-009-1,RJPN-009,Band 1 (2100MHz),-83.8,-4.5,9.5,3.5,18.7,56.5
2026-10-21 06:00:00,RJPN-009-2,RJPN-009,Band 1 (2100MHz),-81.0,-7.6,8.1,0.0,0.0,20.1
2026-10-21 06:00:00,RJPN-009-3,RJPN-009,Band 1 (2100MHz),-82.2,-8.3,6.4,15.3,21.6,10.5
2026-10-21 06:00:00,RJPN-010-1,RJPN-010,Band 3 (1800MHz),-88.9,-5.0,-0.5,35.5,0.6,38.6
2026-10-21 06:00:00,RJPN-010-2,RJPN-010,Band 3 (1800MHz),-88.1,-10.0,13.5,21.2,0.7,10.9
2026-10-21 06:00:00,RJPN-010-3,RJPN-010,Band 3 (1800MHz),-84.5,-9.0,9.2,27.2,2.9,57.9
2026-10-21 06:00:00,RJPN-011-1,RJPN-011,Band 1 (2100MHz),-84.3,-11.1,11.6,0.0,2.2,14.6
2026-10-21 06:00:00,RJPN-011-2,RJPN-011,Band 1 (2100MHz),-99.7,-15.3,2.8,1.2,26.5,44.9
2026-10-21 06:00:00,RJPN-011-3,RJPN-011,Band 1 (2100MHz),-99.6,-15.0,16.5,0.0,16.8,57.5
2026-10-21 07:00:00,RJPN-001-1,RJPN-001,Band 1 (2100MHz),-93.3,-11.8,11.0,43.8,22.4,102.9
2026-10-21 07:00:00,RJPN-001-2,RJPN-001,Band 1 (2100MHz),-83.5,-5.4,4.1,43.4,34.0,108.8
2026-10-21 07:00:00,RJPN-001-3,RJPN-001,Band 1 (2100MHz),-89.8,-11.4,9.3,43.0,26.7,109.1
2026-10-21 07:00:00,RJPN-002-1,RJPN-002,Band 3 (1800MHz),-91.1,-9.5,16.0,67.5,23.6,86.2
2026-10-21 07:00:00,RJPN-002-2,RJPN-002,Band 3 (1800MHz),-94.4,-12.3,9.0,71.9,38.5,61.8
2026-10-21 07:00:00,RJPN-002-3,RJPN-002,Band 3 (1800MHz),-84.4,-12.1,17.4,60.0,29.3,86.7
2026-10-21 07:00:00,RJPN-003-1,RJPN-003,Band 1 (2100MHz),-86.2,-11.5,10.0,40.1,36.0,125.8
2026-10-21 07:00:00,RJPN-003-2,RJPN-003,Band 1 (2100MHz),-84.0,-10.4,13.1,57.9,21.2,96.2
2026-10-21 07:00:00,RJPN-003-3,RJPN-003,Band 1 (2100MHz),-77.9,-9.3,13.2,60.8,28.2,120.0
2026-10-21 07:00:00,RJPN-004-1,RJPN-004,Band 3 (1800MHz),-79.7,-11.0,12.4,78.6,26.7,74.2
2026-10-21 07:00:00,RJPN-004-2,RJPN-004,Band 3 (1800MHz),-85.1,-11.3,9.8,65.0,26.0,101.8
2026-10-21 07:00:00,RJPN-004-3,RJPN-004,Band 3 (1800MHz),-91.5,-11.3,10.5,51.8,36.2,137.8
2026-10-21 07:00:00,RJPN-005-1,RJPN-005,Band 1 (2100MHz),-86.7,-8.9,15.5,68.0,31.4,132.4
2026-10-21 07:00:00,RJPN-005-2,RJPN-005,Band 1 (2100MHz),-83.7,-13.8,13.9,53.4,24.4,97.9
2026-10-21 07:00:00,RJPN-005-3,RJPN-005,Band 1 (2100MHz),-71.5,-10.4,15.5,56.3,31.7,83.7
2026-10-21 07:00:00,RJPN-006-1,RJPN-006,Band 3 (1800MHz),-82.6,-8.9,9.0,59.4,37.6,122.7
2026-10-21 07:00:00,RJPN-006-2,RJPN-006,Band 3 (1800MHz),-82.6,-10.1,15.4,44.9,37.1,93.1
2026-10-21 07:00:00,RJPN-006-3,RJPN-006,Band 3 (1800MHz),-86.2,-9.3,8.7,52.8,39.1,112.7
2026-10-21 07:00:00,RJPN-007-1,RJPN-007,Band 1 (2100MHz),-87.9,-9.3,10.8,67.3,33.5,129.1
2026-10-21 07:00:00,RJPN-007-2,RJPN-007,Band 1 (2100MHz),-82.4,-5.9,24.9,74.9,39.2,65.3
2026-10-21 07:00:00,RJPN-007-3,RJPN-007,Band 1 (2100MHz),-86.6,-9.9,12.3,28.1,39.2,98.6
2026-10-21 07:00:00,RJPN-008-1,RJPN-008,Band 3 (1800MHz),-83.5,-14.4,8.0,44.4,52.0,96.0
2026-10-21 07:00:00,RJPN-008-2,RJPN-008,Band 3 (1800MHz),-91.5,-9.8,9.3,54.8,26.4,94.1
2026-10-21 07:00:00,RJPN-008-3,RJPN-008,Band 3 (1800MHz),-79.2,-11.7,12.3,49.7,23.9,103.9
2026-10-21 07:00:00,RJPN-009-1,RJPN-009,Band 1 (2100MHz),-88.6,-9.0,9.5,56.7,7.8,93.8
2026-10-21 07:00:00,RJPN-009-2,RJPN-009,Band 1 (2100MHz),-94.0,-14.0,19.9,53.3,52.3,71.1
2026-10-21 07:00:00,RJPN-009-3,RJPN-009,Band 1 (2100MHz),-87.3,-12.0,6.4,76.9,35.9,67.6
2026-10-21 07:00:00,RJPN-010-1,RJPN-010,Band 3 (1800MHz),-83.0,-11.9,18.1,53.6,36.2,94.6
2026-10-21 07:00:00,RJPN-010-2,RJPN-010,Band 3 (1800MHz),-81.5,-9.4,12.9,56.4,22.0,89.1
2026-10-21 07:00:00,RJPN-010-3,RJPN-010,Band 3 (1800MHz),-78.7,-8.4,7.3,54.7,29.1,91.2
2026-10-21 07:00:00,RJPN-011-1,RJPN-011,Band 1 (2100MHz),-86.1,-7.5,12.9,48.0,37.5,80.9
2026-10-21 07:00:00,RJPN-011-2,RJPN-011,Band 1 (2100MHz),-99.0,-15.2,8.9,54.7,12.3,82.9
2026-10-21 07:00:00,RJPN-011-3,RJPN-011,Band 1 (2100MHz),-99.3,-15.0,5.6,60.5,40.1,98.6
2026-10-21 08:00:00,RJPN-001-1,RJPN-001,Band 1 (2100MHz),-81.3,-11.1,17.1,80.5,40.6,151.6
2026-10-21 08:00:00,RJPN-001-2,RJPN-001,Band 1 (2100MHz),-83.6,-12.7,10.9,59.6,59.9,113.7
2026-10-21 08:00:00,RJPN-001-3,RJPN-001,Band 1 (2100MHz),-86.1,-12.0,7.5,66.9,28.4,125.1
2026-10-21 08:00:00,RJPN-002-1,RJPN-002,Band 3 (1800MHz),-82.3,-12.5,9.6,64.0,44.1,92.5
2026-10-21 08:00:00,RJPN-002-2,RJPN-002,Band 3 (1800MHz),-91.2,-14.3,10.8,77.6,38.9,140.1
2026-10-21 08:00:00,RJPN-002-3,RJPN-002,Band 3 (1800MHz),-85.9,-12.7,9.6,77.4,44.7,174.0
2026-10-21 08:00:00,RJPN-003-1,RJPN-003,Band 1 (2100MHz),-86.0,-12.1,8.6,82.4,59.6,131.4
2026-10-21 08:00:00,RJPN-003-2,RJPN-003,Band 1 (2100MHz),-81.4,-7.3,14.2,91.5,50.7,122.4
2026-10-21 08:00:00,RJPN-003-3,RJPN-003,Band 1 (2100MHz),-84.0,-11.6,11.5,83.9,39.5,122.4
2026-10-21 08:00:00,RJPN-004-1,RJPN-004,Band 3 (1800MHz),-78.8,-10.1,14.4,71.0,41.9,123.7
2026-10-21 08:00:00,RJPN-004-2,RJPN-004,Band 3 (1800MHz),-86.0,-14.8,13.9,55.9,47.9,124.6
2026-10-21 08:00:00,RJPN-004-3,RJPN-004,Band 3 (1800MHz),-91.4,-10.5,17.4,63.0,54.5,120.9
2026-10-21 08:00:00,RJPN-005-1,RJPN-005,Band 1 (2100MHz),-89.1,-12.8,17.4,61.0,61.5,125.6
2026-10-21 08:00:00,RJPN-005-2,RJPN-005,Band 1 (2100MHz),-84.4,-11.6,14.3,80.4,34.3,146.8
2026-10-21 08:00:00,RJPN-005-3,RJPN-005,Band 1 (2100MHz),-86.1,-12.4,17.4,70.8,43.5,126.7
2026-10-21 08:00:00,RJPN-006-1,RJPN-006,Band 3 (1800MHz),-85.5,-14.6,6.4,72.8,22.0,70.9
2026-10-21 08:00:00,RJPN-006-2,RJPN-006,Band 3 (1800MHz),-89.9,-12.6,14.9,83.7,52.0,93.0
2026-10-21 08:00:00,RJPN-006-3,RJPN-006,Band 3 (1800MHz),-90.0,-9.8,14.7,69.0,50.0,137.8
2026-10-21 08:00:00,RJPN-007-1,RJPN-007,Band 1 (2100MHz),-83.6,-9.9,13.5,68.9,45.7,81.6
2026-10-21 08:00:00,RJPN-007-2,RJPN-007,Band 1 (2100MHz),-87.1,-11.9,20.0,76.1,53.0,88.8
2026-10-21 08:00:00,RJPN-007-3,RJPN-007,Band 1 (2100MHz),-85.7,-15.3,16.8,60.8,42.0,135.3
2026-10-21 08:00:00,RJPN-008-1,RJPN-008,Band 3 (1800MHz),-89.7,-10.8,12.9,68.5,46.6,135.4
2026-10-21 08:00:00,RJPN-008-2,RJPN-008,Band 3 (1800MHz),-84.6,-8.7,11.0,95.9,56.1,90.3
2026-10-21 08:00:00,RJPN-008-3,RJPN-008,Band 3 (1800MHz),-88.8,-13.6,11.6,77.5,44.5,101.7
2026-10-21 08:00:00,RJPN-009-1,RJPN-009,Band 1 (2100MHz),-86.3,-11.7,13.3,100.0,31.9,117.3
2026-10-21 08:00:00,RJPN-009-2,RJPN-009,Band 1 (2100MHz),-80.6,-11.9,8.3,80.8,45.0,172.1
2026-10-21 08:00:00,RJPN-009-3,RJPN-009,Band 1 (2100MHz),-85.0,-9.2,12.7,95.6,57.6,123.9
2026-10-21 08:00:00,RJPN-010-1,RJPN-010,Band 3 (1800MHz),-86.6,-9.6,18.5,73.0,41.0,139.7
2026-10-21 08:00:00,RJPN-010-2,RJPN-010,Band 3 (1800MHz),-86.7,-7.6,15.8,85.3,42.7,147.6
2026-10-21 08:00:00,RJPN-010-3,RJPN-010,Band 3 (1800MHz),-84.9,-10.1,19.3,61.2,31.3,65.1
2026-10-21 08:00:00,RJPN-011-1,RJPN-011,Band 1 (2100MHz),-86.1,-14.6,14.7,57.8,35.8,150.1
2026-10-21 08:00:00,RJPN-011-2,RJPN-011,Band 1 (2100MHz),-99.0,-13.2,2.8,79.8,35.5,112.9
2026-10-21 08:00:00,RJPN-011-3,RJPN-011,Band 1 (2100MHz),-107.5,-15.0,6.1,78.5,33.3,126.7
2026-10-21 09:00:00,RJPN-001-1,RJPN-001,Band 1 (2100MHz),-84.3,-9.4,15.9,58.8,29.1,78.9
2026-10-21 09:00:00,RJPN-001-2,RJPN-001,Band 1 (2100MHz),-79.0,-12.9,12.2,67.8,25.8,95.3
2026-10-21 09:00:00,RJPN-001-3,RJPN-001,Band 1 (2100MHz),-81.0,-9.0,6.5,59.3,30.4,86.2
2026-10-21 09:00:00,RJPN-002-1,RJPN-002,Band 3 (1800MHz),-92.2,-10.1,13.7,73.5,47.0,83.2
2026-10-21 09:00:00,RJPN-002-2,RJPN-002,Band 3 (1800MHz),-94.2,-14.0,-0.2,53.3,49.1,112.0
2026-10-21 09:00:00,RJPN-002-3,RJPN-002,Band 3 (1800MHz),-80.0,-9.6,13.1,51.4,22.3,83.6
2026-10-21 09:00:00,RJPN-003-1,RJPN-003,Band 1 (2100MHz),-80.7,-14.0,20.4,41.3,39.3,79.3
2026-10-21 09:00:00,RJPN-003-2,RJPN-003,Band 1 (2100MHz),-83.5,-11.1,20.3,52.9,10.7,82.3
2026-10-21 09:00:00,RJPN-003-3,RJPN-003,Band 1 (2100MHz),-83.1,-10.4,11.2,67.0,13.8,63.6
2026-10-21 09:00:00,RJPN-004-1,RJPN-004,Band 3 (1800MHz),-88.6,-10.6,14.8,40.7,37.7,58.5
2026-10-21 09:00:00,RJPN-004-2,RJPN-004,Band 3 (1800MHz),-83.0,-9.1,10.9,62.1,21.0,53.5
2026-10-21 09:00:00,RJPN-004-3,RJPN-004,Band 3 (1800MHz),-87.6,-7.6,12.8,67.5,27.8,79.8
2026-10-21 09:00:00,RJPN-005-1,RJPN-005,Band 1 (2100MHz),-87.8,-7.4,13.5,57.7,41.2,60.0
2026-10-21 09:00:00,RJPN-005-2,RJPN-005,Band 1 (2100MHz),-86.5,-10.9,20.5,32.4,13.0,90.4
2026-10-21 09:00:00,RJPN-005-3,RJPN-005,Band 1 (2100MHz),-87.1,-10.2,21.3,51.8,3.3,105.4
2026-10-21 09:00:00,RJPN-006-1,RJPN-006,Band 3 (1800MHz),-82.2,-6.6,21.0,26.3,8.3,86.8
2026-10-21 09:00:00,RJPN-006-2,RJPN-006,Band 3 (1800MHz),-81.6,-11.7,10.8,52.4,41.0,84.4
2026-10-21 09:00:00,RJPN-006-3,RJPN-006,Band 3 (1800MHz),-85.1,-8.1,15.5,60.1,37.2,107.1
2026-10-21 09:00:00,RJPN-007-1,RJPN-007,Band 1 (2100MHz),-81.3,-11.4,17.6,48.6,28.2,68.5
2026-10-21 09:00:00,RJPN-007-2,RJPN-007,Band 1 (2100MHz),-86.3,-8.5,16.5,48.2,51.9,98.3
2026-10-21 09:00:00,RJPN-007-3,RJPN-007,Band 1 (2100MHz),-87.6,-8.6,12.7,46.9,44.3,120.0
2026-10-21 09:00:00,RJPN-008-1,RJPN-008,Band 3 (1800MHz),-85.9,-11.6,20.3,51.4,38.7,111.6
2026-10-21 09:00:00,RJPN-008-2,RJPN-008,Band 3 (1800MHz),-86.4,-10.9,18.3,52.7,30.6,83.6
2026-10-21 09:00:00,RJPN-008-3,RJPN-008,Band 3 (1800MHz),-83.0,-10.4,17.4,46.8,15.0,84.9
2026-10-21 09:00:00,RJPN-009-1,RJPN-009,Band 1 (2100MHz),-85.9,-11.4,11.0,50.1,31.1,118.8
2026-10-21 09:00:00,RJPN-009-2,RJPN-009,Band 1 (2100MHz),-81.0,-10.8,8.2,60.2,35.0,81.5
2026-10-21 09:00:00,RJPN-009-3,RJPN-009,Band 1 (2100MHz),-81.9,-11.7,8.2,51.0,40.9,96.7
2026-10-21 09:00:00,RJPN-010-1,RJPN-010,Band 3 (1800MHz),-79.0,-6.8,7.2,47.9,26.5,70.9
2026-10-21 09:00:00,RJPN-010-2,RJPN-010,Band 3 (1800MHz),-90.4,-10.2,14.3,54.6,14.5,114.4
2026-10-21 09:00:00,RJPN-010-3,RJPN-010,Band 3 (1800MHz),-88.5,-12.8,14.6,66.7,37.0,70.6
2026-10-21 09:00:00,RJPN-011-1,RJPN-011,Band 1 (2100MHz),-87.1,-11.0,23.1,51.9,24.9,31.7
2026-10-21 09:00:00,RJPN-011-2,RJPN-011,Band 1 (2100MHz),-95.9,-15.4,6.8,64.0,29.6,58.4
2026-10-21 09:00:00,RJPN-011-3,RJPN-011,Band 1 (2100MHz),-95.1,-12.9,4.8,48.9,36.8,126.7
2026-10-21 10:00:00,RJPN-001-1,RJPN-001,Band 1 (2100MHz),-81.1,-9.0,20.9,0.1,0.0,21.8
2026-10-21 10:00:00,RJPN-001-2,RJPN-001,Band 1 (2100MHz),-88.2,-2.7,11.8,25.9,11.2,12.9
2026-10-21 10:00:00,RJPN-001-3,RJPN-001,Band 1 (2100MHz),-86.5,-8.5,14.9,23.5,11.2,0.0
2026-10-21 10:00:00,RJPN-002-1,RJPN-002,Band 3 (1800MHz),-81.5,-4.4,16.4,18.3,10.0,78.4
2026-10-21 10:00:00,RJPN-002-2,RJPN-002,Band 3 (1800MHz),-98.2,-13.2,2.5,0.0,6.2,9.8
2026-10-21 10:00:00,RJPN-002-3,RJPN-002,Band 3 (1800MHz),-85.3,-6.2,15.5,35.8,0.0,8.8
2026-10-21 10:00:00,RJPN-003-1,RJPN-003,Band 1 (2100MHz),-85.9,-5.6,16.4,7.6,0.0,23.0
2026-10-21 10:00:00,RJPN-003-2,RJPN-003,Band 1 (2100MHz),-74.5,-6.6,21.8,2.2,7.8,18.9
2026-10-21 10:00:00,RJPN-003-3,RJPN-003,Band 1 (2100MHz),-87.3,-7.1,9.3,0.0,9.1,18.9
2026-10-21 10:00:00,RJPN-004-1,RJPN-004,Band 3 (1800MHz),-89.9,-8.8,12.3,21.5,13.7,42.3
2026-10-21 10:00:00,RJPN-004-2,RJPN-004,Band 3 (1800MHz),-85.9,-7.0,9.1,13.1,9.2,6.1
2026-10-21 10:00:00,RJPN-004-3,RJPN-004,Band 3 (1800MHz),-87.2,-7.7,23.9,9.2,27.1,43.5
2026-10-21 10:00:00,RJPN-005-1,RJPN-005,Band 1 (2100MHz),-79.3,-6.1,14.3,18.0,27.1,10.2
2026-10-21 10:00:00,RJPN-005-2,RJPN-005,Band 1 (2100MHz),-91.7,-6.3,10.1,16.3,17.6,25.3
2026-10-21 10:00:00,RJPN-005-3,RJPN-005,Band 1 (2100MHz),-88.1,-10.2,16.1,18.7,15.7,16.1
2026-10-21 10:00:00,RJPN-006-1,RJPN-006,Band 3 (1800MHz),-91.2,-5.3,10.1,34.2,0.0,15.7
2026-10-21 10:00:00,RJPN-006-2,RJPN-006,Band 3 (1800MHz),-85.3,-8.4,18.5,14.7,12.7,40.1
2026-10-21 10:00:00,RJPN-006-3,RJPN-006,Band 3 (1800MHz),-89.5,-11.2,17.3,7.4,12.1,36.5
2026-10-21 10:00:00,RJPN-007-1,RJPN-007,Band 1 (2100MHz),-80.9,-10.3,10.6,26.1,6.8,0.0
2026-10-21 10:00:00,RJPN-007-2,RJPN-007,Band 1 (2100MHz),-85.4,-6.1,14.8,34.0,0.0,14.0
2026-10-21 10:00:00,RJPN-007-3,RJPN-007,Band 1 (2100MHz),-85.6,-10.5,18.1,22.1,11.8,14.8
2026-10-21 10:00:00,RJPN-008-1,RJPN-008,Band 3 (1800MHz),-89.6,-9.5,10.4,19.0,0.0,11.4
2026-10-21 10:00:00,RJPN-008-2,RJPN-008,Band 3 (1800MHz),-84.9,-12.0,19.2,12.9,5.4,19.6
2026-10-21 10:00:00,RJPN-008-3,RJPN-008,Band 3 (1800MHz),-78.5,-7.2,8.5,24.8,13.4,54.6
2026-10-21 10:00:00,RJPN-009-1,RJPN-009,Band 1 (2100MHz),-85.9,-10.3,15.6,6.5,13.8,38.1
2026-10-21 10:00:00,RJPN-009-2,RJPN-009,Band 1 (2100MHz),-81.7,-13.5,10.0,22.8,16.7,39.8
2026-10-21 10:00:00,RJPN-009-3,RJPN-009,Band 1 (2100MHz),-84.5,-6.8,5.6,24.6,6.9,0.0
2026-10-21 10:00:00,RJPN-010-1,RJPN-010,Band 3 (1800MHz),-84.3,-5.0,8.9,19.7,13.1,45.2
2026-10-21 10:00:00,RJPN-010-2,RJPN-010,Band 3 (1800MHz),-87.9,-8.3,6.9,10.9,22.3,41.7
2026-10-21 10:00:00,RJPN-010-3,RJPN-010,Band 3 (1800MHz),-84.8,-9.4,18.8,21.7,13.5,6.9
2026-10-21 10:00:00,RJPN-011-1,RJPN-011,Band 1 (2100MHz),-85.1,-8.3,4.7,20.6,0.0,52.4
2026-10-21 10:00:00,RJPN-011-2,RJPN-011,Band 1 (2100MHz),-91.0,-12.7,2.2,10.6,12.9,0.0
2026-10-21 10:00:00,RJPN-011-3,RJPN-011,Band 1 (2100MHz),-94.8,-11.7,3.1,27.6,11.4,23.6
2026-10-21 11:00:00,RJPN-001-1,RJPN-001,Band 1 (2100MHz),-86.0,-9.3,10.9,64.0,18.2,112.0
2026-10-21 11:00:00,RJPN-001-2,RJPN-001,Band 1 (2100MHz),-89.4,-10.3,16.9,55.9,29.2,79.1
2026-10-21 11:00:00,RJPN-001-3,RJPN-001,Band 1 (2100MHz),-86.5,-13.8,13.5,44.3,33.1,74.5
2026-10-21 11:00:00,RJPN-002-1,RJPN-002,Band 3 (1800MHz),-88.7,-9.2,20.3,49.8,27.2,121.7
2026-10-21 11:00:00,RJPN-002-2,RJPN-002,Band 3 (1800MHz),-98.6,-13.1,5.3,47.4,14.0,76.7
2026-10-21 11:00:00,RJPN-002-3,RJPN-002,Band 3 (1800MHz),-83.1,-8.5,1.6,40.6,11.7,73.0
2026-10-21 11:00:00,RJPN-003-1,RJPN-003,Band 1 (2100MHz),-84.1,-9.7,11.6,52.5,38.0,77.6
2026-10-21 11:00:00,RJPN-003-2,RJPN-003,Band 1 (2100MHz),-88.5,-10.5,11.1,63.8,39.2,74.3
2026-10-21 11:00:00,RJPN-003-3,RJPN-003,Band 1 (2100MHz),-88.8,-8.2,10.7,46.4,32.6,75.6
2026-10-21 11:00:00,RJPN-004-1,RJPN-004,Band 3 (1800MHz),-88.8,-11.8,12.6,35.8,34.8,66.9
2026-10-21 11:00:00,RJPN-004-2,RJPN-004,Band 3 (1800MHz),-76.3,-9.1,17.9,40.1,37.7,99.1
2026-10-21 11:00:00,RJPN-004-3,RJPN-004,Band 3 (1800MHz),-88.6,-10.2,9.7,48.9,16.9,79.9
2026-10-21 11:00:00,RJPN-005-1,RJPN-005,Band 1 (2100MHz),-91.5,-8.1,20.4,49.1,27.3,44.0
2026-10-21 11:00:00,RJPN-005-2,RJPN-005,Band 1 (2100MHz),-84.8,-10.9,17.5,55.5,23.6,96.6
2026-10-21 11:00:00,RJPN-005-3,RJPN-005,Band 1 (2100MHz),-87.5,-11.7,12.8,46.9,16.3,71.3
2026-10-21 11:00:00,RJPN-006-1,RJPN-006,Band 3 (1800MHz),-85.7,-12.9,18.8,53.7,19.6,92.2
2026-10-21 11:00:00,RJPN-006-2,RJPN-006,Band 3 (1800MHz),-90.1,-12.6,16.8,15.2,39.3,72.4
2026-10-21 11:00:00,RJPN-006-3,RJPN-006,Band 3 (1800MHz),-86.2,-10.8,7.0,59.1,32.0,72.6
2026-10-21 11:00:00,RJPN-007-1,RJPN-007,Band 1 (2100MHz),-84.4,-10.8,13.7,71.7,23.7,100.1
2026-10-21 11:00:00,RJPN-007-2,RJPN-007,Band 1 (2100MHz),-86.9,-11.6,6.7,44.1,30.2,99.1
2026-10-21 11:00:00,RJPN-007-3,RJPN-007,Band 1 (2100MHz),-86.8,-9.2,16.2,51.7,36.2,42.0
2026-10-21 11:00:00,RJPN-008-1,RJPN-008,Band 3 (1800MHz),-85.3,-10.2,5.5,45.1,24.7,63.0
2026-10-21 11:00:00,RJPN-008-2,RJPN-008,Band 3 (1800MHz),-83.7,-12.3,17.8,50.2,28.2,67.8
2026-10-21 11:00:00,RJPN-008-3,RJPN-008,Band 3 (1800MHz),-81.3,-11.2,15.7,32.6,40.9,85.9
2026-10-21 11:00:00,RJPN-009-1,RJPN-009,Band 1 (2100MHz),-91.8,-12.7,11.6,50.8,28.7,76.8
2026-10-21 11:00:00,RJPN-009-2,RJPN-009,Band 1 (2100MHz),-81.9,-9.0,9.0,30.0,26.1,47.4
2026-10-21 11:00:00,RJPN-009-3,RJPN-009,Band 1 (2100MHz),-86.4,-12.1,8.7,39.8,40.9,83.6
2026-10-21 11:00:00,RJPN-010-1,RJPN-010,Band 3 (1800MHz),-86.3,-9.5,18.9,37.5,28.0,73.3
2026-10-21 11:00:00,RJPN-010-2,RJPN-010,Band 3 (1800MHz),-78.7,-4.9,14.2,49.8,33.5,70.7
2026-10-21 11:00:00,RJPN-010-3,RJPN-010,Band 3 (1800MHz),-80.7,-11.2,18.8,48.0,34.0,97.2
2026-10-21 11:00:00,RJPN-011-1,RJPN-011,Band 1 (2100MHz),-89.4,-13.4,10.8,53.0,35.4,51.4
2026-10-21 11:00:00,RJPN-011-2,RJPN-011,Band 1 (2100MHz),-95.7,-13.4,0.4,47.3,30.6,86.2
2026-10-21 11:00:00,RJPN-011-3,RJPN-011,Band 1 (2100MHz),-99.9,-15.7,2.7,50.8,33.2,95.9
2026-10-21 12:00:00,RJPN-001-1,RJPN-001,Band 1 (2100MHz),-83.1,-8.7,5.4,46.9,23.4,106.6
2026-10-21 12:00:00,RJPN-001-2,RJPN-001,Band 1 (2100MHz),-85.1,-9.4,4.9,47.0,32.8,98.3
2026-10-21 12:00:00,RJPN-001-3,RJPN-001,Band 1 (2100MHz),-86.2,-12.6,5.7,42.4,24.3,76.7
2026-10-21 12:00:00,RJPN-002-1,RJPN-002,Band 3 (1800MHz),-83.1,-8.4,17.8,67.1,25.4,116.3
2026-10-21 12:00:00,RJPN-002-2,RJPN-002,Band 3 (1800MHz),-96.6,-14.5,-6.1,49.6,37.4,103.3
2026-10-21 12:00:00,RJPN-002-3,RJPN-002,Band 3 (1800MHz),-82.8,-6.4,13.4,57.9,15.2,74.2
2026-10-21 12:00:00,RJPN-003-1,RJPN-003,Band 1 (2100MHz),-85.1,-11.7,13.5,35.7,22.6,65.5
2026-10-21 12:00:00,RJPN-003-2,RJPN-003,Band 1 (2100MHz),-82.7,-12.8,6.3,35.6,25.0,102.7
2026-10-21 12:00:00,RJPN-003-3,RJPN-003,Band 1 (2100MHz),-81.7,-6.9,16.3,52.1,13.9,98.1
2026-10-21 12:00:00,RJPN-004-1,RJPN-004,Band 3 (1800MHz),-78.9,-10.3,6.1,29.3,27.3,91.4
2026-10-21 12:00:00,RJPN-004-2,RJPN-004,Band 3 (1800MHz),-86.5,-9.2,13.4,34.4,32.9,76.3
2026-10-21 12:00:00,RJPN-004-3,RJPN-004,Band 3 (1800MHz),-92.9,-8.8,17.9,58.8,23.4,76.0
2026-10-21 12:00:00,RJPN-005-1,RJPN-005,Band 1 (2100MHz),-85.8,-13.7,9.7,40.2,16.8,85.9
2026-10-21 12:00:00,RJPN-005-2,RJPN-005,Band 1 (2100MHz),-83.2,-11.1,16.4,48.3,6.1,79.6
2026-10-21 12:00:00,RJPN-005-3,RJPN-005,Band 1 (2100MHz),-86.6,-8.1,13.4,47.5,34.2,68.0
2026-10-21 12:00:00,RJPN-006-1,RJPN-006,Band 3 (1800MHz),-82.4,-13.8,15.5,37.1,35.6,54.6
2026-10-21 12:00:00,RJPN-006-2,RJPN-006,Band 3 (1800MHz),-86.3,-11.7,0.8,51.5,45.1,104.5
2026-10-21 12:00:00,RJPN-006-3,RJPN-006,Band 3 (1800MHz),-84.7,-7.4,21.2,38.6,19.5,92.6
2026-10-21 12:00:00,RJPN-007-1,RJPN-007,Band 1 (2100MHz),-86.7,-13.0,5.3,36.3,19.2,92.0
2026-10-21 12:00:00,RJPN-007-2,RJPN-007,Band 1 (2100MHz),-82.4,-11.1,9.7,53.4,12.9,116.8
2026-10-21 12:00:00,RJPN-007-3,RJPN-007,Band 1 (2100MHz),-96.7,-8.0,11.7,46.9,32.1,135.5
2026-10-21 12:00:00,RJPN-008-1,RJPN-008,Band 3 (1800MHz),-90.6,-7.1,13.4,57.0,24.9,100.9
2026-10-21 12:00:00,RJPN-008-2,RJPN-008,Band 3 (1800MHz),-88.9,-12.2,16.8,59.1,37.1,77.0
2026-10-21 12:00:00,RJPN-008-3,RJPN-008,Band 3 (1800MHz),-84.3,-11.2,8.3,44.2,36.0,70.7
2026-10-21 12:00:00,RJPN-009-1,RJPN-009,Band 1 (2100MHz),-91.9,-12.1,17.8,51.5,14.7,125.5
2026-10-21 12:00:00,RJPN-009-2,RJPN-009,Band 1 (2100MHz),-82.1,-10.6,17.3,34.7,10.3,89.6
2026-10-21 12:00:00,RJPN-009-3,RJPN-009,Band 1 (2100MHz),-80.2,-9.8,8.5,40.9,24.5,54.8
2026-10-21 12:00:00,RJPN-010-1,RJPN-010,Band 3 (1800MHz),-87.0,-9.8,15.1,49.3,41.3,104.0
2026-10-21 12:00:00,RJPN-010-2,RJPN-010,Band 3 (1800MHz),-89.6,-11.5,10.4,63.2,37.1,64.9
2026-10-21 12:00:00,RJPN-010-3,RJPN-010,Band 3 (1800MHz),-90.6,-8.6,13.6,50.4,26.1,65.4
2026-10-21 12:00:00,RJPN-011-1,RJPN-011,Band 1 (2100MHz),-88.9,-12.3,15.9,52.8,15.8,68.2
2026-10-21 12:00:00,RJPN-011-2,RJPN-011,Band 1 (2100MHz),-98.5,-11.4,5.8,59.8,27.8,98.1
2026-10-21 12:00:00,RJPN-011-3,RJPN-011,Band 1 (2100MHz),-104.6,-11.0,4.8,65.4,30.4,99.0
2026-10-21 13:00:00,RJPN-001-1,RJPN-001,Band 1 (2100MHz),-81.4,-6.3,14.6,29.5,23.2,88.8
2026-10-21 13:00:00,RJPN-001-2,RJPN-001,Band 1 (2100MHz),-86.6,-9.9,10.9,72.9,19.0,49.4
2026-10-21 13:00:00,RJPN-001-3,RJPN-001,Band 1 (2100MHz),-86.2,-9.0,9.6,45.1,39.2,101.2
2026-10-21 13:00:00,RJPN-002-1,RJPN-002,Band 3 (1800MHz),-87.0,-13.4,17.7,31.9,24.2,89.5
2026-10-21 13:00:00,RJPN-002-2,RJPN-002,Band 3 (1800MHz),-104.6,-14.5,-3.0,61.4,28.4,82.6
2026-10-21 13:00:00,RJPN-002-3,RJPN-002,Band 3 (1800MHz),-85.2,-8.7,19.0,43.6,34.2,47.7
2026-10-21 13:00:00,RJPN-003-1,RJPN-003,Band 1 (2100MHz),-92.5,-11.4,14.6,57.0,27.5,107.0
2026-10-21 13:00:00,RJPN-003-2,RJPN-003,Band 1 (2100MHz),-78.7,-11.3,16.7,59.2,26.3,83.5
2026-10-21 13:00:00,RJPN-003-3,RJPN-003,Band 1 (2100MHz),-86.3,-6.2,16.2,53.3,16.8,96.3
2026-10-21 13:00:00,RJPN-004-1,RJPN-004,Band 3 (1800MHz),-89.8,-11.3,5.9,28.3,28.2,80.5
2026-10-21 13:00:00,RJPN-004-2,RJPN-004,Band 3 (1800MHz),-82.1,-12.8,22.5,32.7,21.6,72.5
2026-10-21 13:00:00,RJPN-004-3,RJPN-004,Band 3 (1800MHz),-86.6,-9.5,15.7,38.3,35.6,53.8
2026-10-21 13:00:00,RJPN-005-1,RJPN-005,Band 1 (2100MHz),-88.9,-11.7,16.1,39.6,21.5,55.8
2026-10-21 13:00:00,RJPN-005-2,RJPN-005,Band 1 (2100MHz),-85.7,-10.5,7.0,44.3,28.7,65.8
2026-10-21 13:00:00,RJPN-005-3,RJPN-005,Band 1 (2100MHz),-82.4,-7.8,10.1,39.3,23.1,111.6
2026-10-21 13:00:00,RJPN-006-1,RJPN-006,Band 3 (1800MHz),-83.5,-12.1,7.0,33.9,38.6,108.4
2026-10-21 13:00:00,RJPN-006-2,RJPN-006,Band 3 (1800MHz),-86.8,-8.0,13.8,50.4,26.4,73.7
2026-10-21 13:00:00,RJPN-006-3,RJPN-006,Band 3 (1800MHz),-87.4,-7.2,14.2,45.6,28.6,80.4
2026-10-21 13:00:00,RJPN-007-1,RJPN-007,Band 1 (2100MHz),-89.8,-7.8,12.6,35.1,27.4,73.8
2026-10-21 13:00:00,RJPN-007-2,RJPN-007,Band 1 (2100MHz),-86.2,-8.3,17.3,64.0,46.0,112.5
2026-10-21 13:00:00,RJPN-007-3,RJPN-007,Band 1 (2100MHz),-78.6,-10.6,21.2,51.6,27.6,100.2
2026-10-21 13:00:00,RJPN-008-1,RJPN-008,Band 3 (1800MHz),-84.7,-10.7,16.6,49.5,20.2,148.8
2026-10-21 13:00:00,RJPN-008-2,RJPN-008,Band 3 (1800MHz),-87.2,-11.0,2.7,48.7,27.8,83.9
2026-10-21 13:00:00,RJPN-008-3,RJPN-008,Band 3 (1800MHz),-89.6,-13.3,13.7,42.3,23.4,66.1
2026-10-21 13:00:00,RJPN-009-1,RJPN-009,Band 1 (2100MHz),-85.2,-6.7,14.9,47.0,14.8,84.7
2026-10-21 13:00:00,RJPN-009-2,RJPN-009,Band 1 (2100MHz),-86.2,-11.0,16.7,44.0,27.2,89.0
2026-10-21 13:00:00,RJPN-009-3,RJPN-009,Band 1 (2100MHz),-83.1,-11.1,15.2,51.5,28.2,111.5
2026-10-21 13:00:00,RJPN-010-1,RJPN-010,Band 3 (1800MHz),-88.4,-8.0,21.6,27.9,35.0,54.2
2026-10-21 13:00:00,RJPN-010-2,RJPN-010,Band 3 (1800MHz),-85.4,-12.2,8.8,69.8,33.5,84.2
2026-10-21 13:00:00,RJPN-010-3,RJPN-010,Band 3 (1800MHz),-83.3,-9.7,17.9,44.2,36.2,42.7
2026-10-21 13:00:00,RJPN-011-1,RJPN-011,Band 1 (2100MHz),-82.1,-12.8,10.5,43.0,33.0,71.3
2026-10-21 13:00:00,RJPN-011-2,RJPN-011,Band 1 (2100MHz),-102.7,-14.1,8.4,29.2,31.5,112.0
2026-10-21 13:00:00,RJPN-011-3,RJPN-011,Band 1 (2100MHz),-98.0,-11.8,6.5,37.5,23.2,91.6
2026-10-21 14:00:00,RJPN-001-1,RJPN-001,Band 1 (2100MHz),-91.4,-10.3,17.5,43.4,35.4,78.3
2026-10-21 14:00:00,RJPN-001-2,RJPN-001,Band 1 (2100MHz),-84.3,-12.3,13.7,42.5,14.5,67.5
2026-10-21 14:00:00,RJPN-001-3,RJPN-001,Band 1 (2100MHz),-88.4,-9.9,14.6,61.7,32.1,86.6
2026-10-21 14:00:00,RJPN-002-1,RJPN-002,Band 3 (1800MHz),-92.6,-8.4,17.8,61.3,26.2,109.8
2026-10-21 14:00:00,RJPN-002-2,RJPN-002,Band 3 (1800MHz),-100.0,-14.9,5.8,35.7,36.8,118.8
2026-10-21 14:00:00,RJPN-002-3,RJPN-002,Band 3 (1800MHz),-92.0,-11.8,13.5,47.9,19.8,73.8
2026-10-21 14:00:00,RJPN-003-1,RJPN-003,Band 1 (2100MHz),-80.4,-10.5,14.5,26.3,29.0,80.4
2026-10-21 14:00:00,RJPN-003-2,RJPN-003,Band 1 (2100MHz),-85.7,-13.3,13.7,58.7,33.3,58.6
2026-10-21 14:00:00,RJPN-003-3,RJPN-003,Band 1 (2100MHz),-80.8,-8.2,11.1,29.8,30.9,106.9
2026-10-21 14:00:00,RJPN-004-1,RJPN-004,Band 3 (1800MHz),-82.0,-11.0,9.7,56.9,13.2,91.1
2026-10-21 14:00:00,RJPN-004-2,RJPN-004,Band 3 (1800MHz),-88.6,-7.8,17.8,44.4,28.9,45.5
2026-10-21 14:00:00,RJPN-004-3,RJPN-004,Band 3 (1800MHz),-82.9,-11.8,14.4,40.3,34.3,93.1
2026-10-21 14:00:00,RJPN-005-1,RJPN-005,Band 1 (2100MHz),-82.9,-10.0,10.3,47.9,34.8,85.4
2026-10-21 14:00:00,RJPN-005-2,RJPN-005,Band 1 (2100MHz),-88.9,-8.3,6.7,45.7,41.9,78.5
2026-10-21 14:00:00,RJPN-005-3,RJPN-005,Band 1 (2100MHz),-90.4,-11.7,7.2,63.1,26.4,38.2
2026-10-21 14:00:00,RJPN-006-1,RJPN-006,Band 3 (1800MHz),-78.3,-8.1,8.3,55.6,35.8,82.5
2026-10-21 14:00:00,RJPN-006-2,RJPN-006,Band 3 (1800MHz),-82.1,-7.6,21.9,69.6,35.0,123.2
2026-10-21 14:00:00,RJPN-006-3,RJPN-006,Band 3 (1800MHz),-81.5,-10.1,7.0,45.7,35.1,88.3
2026-10-21 14:00:00,RJPN-007-1,RJPN-007,Band 1 (2100MHz),-84.9,-6.3,15.7,48.6,19.7,75.2
2026-10-21 14:00:00,RJPN-007-2,RJPN-007,Band 1 (2100MHz),-88.9,-12.1,8.7,63.2,22.8,67.9
2026-10-21 14:00:00,RJPN-007-3,RJPN-007,Band 1 (2100MHz),-80.2,-11.2,6.5,50.9,14.7,81.2
2026-10-21 14:00:00,RJPN-008-1,RJPN-008,Band 3 (1800MHz),-85.7,-10.7,8.2,62.9,41.2,78.1
2026-10-21 14:00:00,RJPN-008-2,RJPN-008,Band 3 (1800MHz),-80.5,-10.9,8.6,70.2,28.7,114.1
2026-10-21 14:00:00,RJPN-008-3,RJPN-008,Band 3 (1800MHz),-88.8,-10.0,9.8,62.6,39.2,58.0
2026-10-21 14:00:00,RJPN-009-1,RJPN-009,Band 1 (2100MHz),-88.8,-11.0,4.3,50.9,25.8,72.9
2026-10-21 14:00:00,RJPN-009-2,RJPN-009,Band 1 (2100MHz),-84.7,-8.6,7.0,39.3,37.0,75.9
2026-10-21 14:00:00,RJPN-009-3,RJPN-009,Band 1 (2100MHz),-84.9,-8.6,17.8,28.6,27.9,56.2
2026-10-21 14:00:00,RJPN-010-1,RJPN-010,Band 3 (1800MHz),-89.8,-11.3,13.8,34.2,38.5,61.8
2026-10-21 14:00:00,RJPN-010-2,RJPN-010,Band 3 (1800MHz),-84.8,-13.5,3.5,39.0,36.8,114.9
2026-10-21 14:00:00,RJPN-010-3,RJPN-010,Band 3 (1800MHz),-86.3,-8.5,9.8,56.8,42.6,86.0
2026-10-21 14:00:00,RJPN-011-1,RJPN-011,Band 1 (2100MHz),-77.8,-6.8,18.6,39.7,27.0,77.8
2026-10-21 14:00:00,RJPN-011-2,RJPN-011,Band 1 (2100MHz),-98.5,-12.0,2.1,41.1,34.6,42.6
2026-10-21 14:00:00,RJPN-011-3,RJPN-011,Band 1 (2100MHz),-101.3,-10.8,7.0,48.4,23.8,98.1
2026-10-21 15:00:00,RJPN-001-1,RJPN-001,Band 1 (2100MHz),-78.3,-9.2,11.8,36.4,17.1,20.9
2026-10-21 15:00:00,RJPN-001-2,RJPN-001,Band 1 (2100MHz),-84.9,-9.2,11.7,26.6,1.3,25.5
2026-10-21 15:00:00,RJPN-001-3,RJPN-001,Band 1 (2100MHz),-84.3,-10.1,8.2,15.5,4.3,8.6
2026-10-21 15:00:00,RJPN-002-1,RJPN-002,Band 3 (1800MHz),-93.1,-9.4,3.6,23.2,25.2,30.5
2026-10-21 15:00:00,RJPN-002-2,RJPN-002,Band 3 (1800MHz),-91.3,-12.9,13.4,19.9,0.0,42.4
2026-10-21 15:00:00,RJPN-002-3,RJPN-002,Band 3 (1800MHz),-76.9,-8.2,12.5,17.7,9.4,21.7
2026-10-21 15:00:00,RJPN-003-1,RJPN-003,Band 1 (2100MHz),-87.7,-9.3,18.8,5.9,25.5,70.5
2026-10-21 15:00:00,RJPN-003-2,RJPN-003,Band 1 (2100MHz),-89.6,-9.1,12.0,18.4,3.2,7.8
2026-10-21 15:00:00,RJPN-003-3,RJPN-003,Band 1 (2100MHz),-91.7,-6.9,22.4,3.0,2.4,54.2
2026-10-21 15:00:00,RJPN-004-1,RJPN-004,Band 3 (1800MHz),-84.7,-7.0,14.8,4.8,17.5,0.0
2026-10-21 15:00:00,RJPN-004-2,RJPN-004,Band 3 (1800MHz),-80.8,-7.6,8.9,22.2,7.3,6.4
2026-10-21 15:00:00,RJPN-004-3,RJPN-004,Band 3 (1800MHz),-91.2,-9.5,11.5,15.3,0.0,13.1
2026-10-21 15:00:00,RJPN-005-1,RJPN-005,Band 1 (2100MHz),-87.1,-5.7,13.9,2.7,28.1,44.5
2026-10-21 15:00:00,RJPN-005-2,RJPN-005,Band 1 (2100MHz),-82.1,-9.1,13.6,12.5,15.4,11.6
2026-10-21 15:00:00,RJPN-005-3,RJPN-005,Band 1 (2100MHz),-79.7,-11.5,11.7,0.0,5.2,48.0
2026-10-21 15:00:00,RJPN-006-1,RJPN-006,Band 3 (1800MHz),-85.9,-9.0,8.9,0.0,0.0,41.6
2026-10-21 15:00:00,RJPN-006-2,RJPN-006,Band 3 (1800MHz),-87.5,-9.0,6.0,13.5,12.9,12.5
2026-10-21 15:00:00,RJPN-006-3,RJPN-006,Band 3 (1800MHz),-91.4,-9.2,4.0,16.7,21.4,53.0
2026-10-21 15:00:00,RJPN-007-1,RJPN-007,Band 1 (2100MHz),-80.0,-9.1,26.9,22.6,4.9,43.3
2026-10-21 15:00:00,RJPN-007-2,RJPN-007,Band 1 (2100MHz),-91.2,-5.8,9.0,12.3,22.4,32.4
2026-10-21 15:00:00,RJPN-007-3,RJPN-007,Band 1 (2100MHz),-80.4,-9.0,20.3,9.8,11.9,0.0
2026-10-21 15:00:00,RJPN-008-1,RJPN-008,Band 3 (1800MHz),-83.2,-6.5,17.4,42.0,12.9,49.6
2026-10-21 15:00:00,RJPN-008-2,RJPN-008,Band 3 (1800MHz),-86.7,-9.3,12.0,9.0,18.1,21.1
2026-10-21 15:00:00,RJPN-008-3,RJPN-008,Band 3 (1800MHz),-84.5,-7.6,13.2,23.3,0.6,65.2
2026-10-21 15:00:00,RJPN-009-1,RJPN-009,Band 1 (2100MHz),-86.8,-7.8,11.9,31.6,2.8,0.0
2026-10-21 15:00:00,RJPN-009-2,RJPN-009,Band 1 (2100MHz),-93.0,-9.2,16.2,17.9,17.6,57.8
2026-10-21 15:00:00,RJPN-009-3,RJPN-009,Band 1 (2100MHz),-82.7,-9.5,23.5,32.7,14.7,40.4
2026-10-21 15:00:00,RJPN-010-1,RJPN-010,Band 3 (1800MHz),-79.1,-10.4,10.9,10.9,0.0,20.7
2026-10-21 15:00:00,RJPN-010-2,RJPN-010,Band 3 (1800MHz),-83.1,-7.5,15.9,19.0,0.0,52.9
2026-10-21 15:00:00,RJPN-010-3,RJPN-010,Band 3 (1800MHz),-79.7,-5.4,9.0,17.0,6.1,28.5
2026-10-21 15:00:00,RJPN-011-1,RJPN-011,Band 1 (2100MHz),-88.6,-9.4,15.6,28.8,15.1,57.3
2026-10-21 15:00:00,RJPN-011-2,RJPN-011,Band 1 (2100MHz),-96.2,-9.2,8.5,22.0,6.8,54.6
2026-10-21 15:00:00,RJPN-011-3,RJPN-011,Band 1 (2100MHz),-95.6,-8.8,4.9,0.0,5.6,32.4
2026-10-21 16:00:00,RJPN-001-1,RJPN-001,Band 1 (2100MHz),-84.2,-10.1,13.3,64.0,29.5,122.7
2026-10-21 16:00:00,RJPN-001-2,RJPN-001,Band 1 (2100MHz),-87.3,-11.9,6.4,72.4,23.1,91.2
2026-10-21 16:00:00,RJPN-001-3,RJPN-001,Band 1 (2100MHz),-90.8,-11.5,14.6,61.7,51.0,122.1
2026-10-21 16:00:00,RJPN-002-1,RJPN-002,Band 3 (1800MHz),-84.3,-14.0,12.4,52.8,23.5,104.3
2026-10-21 16:00:00,RJPN-002-2,RJPN-002,Band 3 (1800MHz),-97.8,-15.1,-2.8,72.4,38.3,127.7
2026-10-21 16:00:00,RJPN-002-3,RJPN-002,Band 3 (1800MHz),-87.6,-14.9,14.0,54.7,37.7,105.8
2026-10-21 16:00:00,RJPN-003-1,RJPN-003,Band 1 (2100MHz),-88.8,-12.7,8.4,36.8,36.4,55.4
2026-10-21 16:00:00,RJPN-003-2,RJPN-003,Band 1 (2100MHz),-88.2,-16.1,7.6,68.2,19.6,80.2
2026-10-21 16:00:00,RJPN-003-3,RJPN-003,Band 1 (2100MHz),-80.3,-10.2,10.6,58.4,50.1,70.3
2026-10-21 16:00:00,RJPN-004-1,RJPN-004,Band 3 (1800MHz),-81.3,-12.1,17.8,50.3,42.3,114.0
2026-10-21 16:00:00,RJPN-004-2,RJPN-004,Band 3 (1800MHz),-78.1,-12.2,10.9,68.8,47.9,80.0
2026-10-21 16:00:00,RJPN-004-3,RJPN-004,Band 3 (1800MHz),-85.0,-12.4,13.3,52.6,31.9,86.8
2026-10-21 16:00:00,RJPN-005-1,RJPN-005,Band 1 (2100MHz),-77.6,-11.2,7.7,95.4,27.3,78.5
2026-10-21 16:00:00,RJPN-005-2,RJPN-005,Band 1 (2100MHz),-79.3,-13.3,18.3,30.7,38.6,110.3
2026-10-21 16:00:00,RJPN-005-3,RJPN-005,Band 1 (2100MHz),-94.0,-7.7,10.8,49.6,26.2,114.9
2026-10-21 16:00:00,RJPN-006-1,RJPN-006,Band 3 (1800MHz),-86.9,-9.4,14.8,59.5,44.7,85.7
2026-10-21 16:00:00,RJPN-006-2,RJPN-006,Band 3 (1800MHz),-82.7,-8.8,17.8,76.0,48.1,125.5
2026-10-21 16:00:00,RJPN-006-3,RJPN-006,Band 3 (1800MHz),-89.0,-12.3,18.3,55.9,37.8,124.8
2026-10-21 16:00:00,RJPN-007-1,RJPN-007,Band 1 (2100MHz),-86.5,-10.3,15.4,56.3,33.2,76.9
2026-10-21 16:00:00,RJPN-007-2,RJPN-007,Band 1 (2100MHz),-95.2,-12.7,5.9,63.6,25.0,99.6
2026-10-21 16:00:00,RJPN-007-3,RJPN-007,Band 1 (2100MHz),-87.7,-11.1,7.5,51.0,36.3,85.8
2026-10-21 16:00:00,RJPN-008-1,RJPN-008,Band 3 (1800MHz),-85.8,-7.4,14.8,64.9,40.0,129.1
2026-10-21 16:00:00,RJPN-008-2,RJPN-008,Band 3 (1800MHz),-88.2,-10.9,21.4,74.6,28.8,154.1
2026-10-21 16:00:00,RJPN-008-3,RJPN-008,Band 3 (1800MHz),-88.4,-13.0,16.1,64.5,33.4,116.5
2026-10-21 16:00:00,RJPN-009-1,RJPN-009,Band 1 (2100MHz),-87.0,-14.1,18.3,62.8,46.3,82.8
2026-10-21 16:00:00,RJPN-009-2,RJPN-009,Band 1 (2100MHz),-81.3,-13.1,11.1,59.0,56.1,89.3
2026-10-21 16:00:00,RJPN-009-3,RJPN-009,Band 1 (2100MHz),-74.9,-12.7,13.8,71.4,38.0,88.0
2026-10-21 16:00:00,RJPN-010-1,RJPN-010,Band 3 (1800MHz),-90.7,-12.2,7.0,71.6,40.1,86.9
2026-10-21 16:00:00,RJPN-010-2,RJPN-010,Band 3 (1800MHz),-86.9,-13.9,6.7,56.7,47.8,77.9
2026-10-21 16:00:00,RJPN-010-3,RJPN-010,Band 3 (1800MHz),-84.1,-11.8,11.7,87.9,48.7,87.0
2026-10-21 16:00:00,RJPN-011-1,RJPN-011,Band 1 (2100MHz),-82.8,-11.4,14.1,62.7,53.5,122.0
2026-10-21 16:00:00,RJPN-011-2,RJPN-011,Band 1 (2100MHz),-99.1,-13.8,-7.1,73.2,41.7,103.2
2026-10-21 16:00:00,RJPN-011-3,RJPN-011,Band 1 (2100MHz),-103.8,-12.9,11.6,80.4,31.7,121.4
2026-10-21 17:00:00,RJPN-001-1,RJPN-001,Band 1 (2100MHz),-92.4,-13.4,10.6,66.2,44.1,116.8
2026-10-21 17:00:00,RJPN-001-2,RJPN-001,Band 1 (2100MHz),-88.4,-11.3,9.3,79.8,55.7,138.0
2026-10-21 17:00:00,RJPN-001-3,RJPN-001,Band 1 (2100MHz),-81.9,-11.5,9.9,71.5,45.5,134.5
2026-10-21 17:00:00,RJPN-002-1,RJPN-002,Band 3 (1800MHz),-81.7,-13.0,10.0,77.5,50.7,118.8
2026-10-21 17:00:00,RJPN-002-2,RJPN-002,Band 3 (1800MHz),-93.3,-11.1,13.4,66.9,34.5,150.4
2026-10-21 17:00:00,RJPN-002-3,RJPN-002,Band 3 (1800MHz),-85.4,-15.4,13.4,65.6,41.8,116.8
2026-10-21 17:00:00,RJPN-003-1,RJPN-003,Band 1 (2100MHz),-82.2,-15.4,16.2,71.2,54.7,129.2
2026-10-21 17:00:00,RJPN-003-2,RJPN-003,Band 1 (2100MHz),-78.8,-12.4,14.6,92.9,37.7,143.2
2026-10-21 17:00:00,RJPN-003-3,RJPN-003,Band 1 (2100MHz),-87.1,-14.9,10.4,89.1,39.3,118.4
2026-10-21 17:00:00,RJPN-004-1,RJPN-004,Band 3 (1800MHz),-85.2,-8.3,17.5,84.3,46.0,134.7
2026-10-21 17:00:00,RJPN-004-2,RJPN-004,Band 3 (1800MHz),-84.9,-10.1,14.0,72.6,26.8,116.8
2026-10-21 17:00:00,RJPN-004-3,RJPN-004,Band 3 (1800MHz),-84.6,-9.0,14.7,81.1,37.8,129.3
2026-10-21 17:00:00,RJPN-005-1,RJPN-005,Band 1 (2100MHz),-98.2,-14.0,16.6,75.5,44.4,94.6
2026-10-21 17:00:00,RJPN-005-2,RJPN-005,Band 1 (2100MHz),-89.9,-11.7,12.3,77.2,44.9,141.5
2026-10-21 17:00:00,RJPN-005-3,RJPN-005,Band 1 (2100MHz),-81.4,-17.3,19.8,53.6,36.8,75.3
2026-10-21 17:00:00,RJPN-006-1,RJPN-006,Band 3 (1800MHz),-86.2,-10.4,15.6,75.0,45.6,124.8
2026-10-21 17:00:00,RJPN-006-2,RJPN-006,Band 3 (1800MHz),-86.7,-11.7,11.2,69.5,46.4,174.1
2026-10-21 17:00:00,RJPN-006-3,RJPN-006,Band 3 (1800MHz),-83.3,-13.2,9.6,80.1,52.7,167.2
2026-10-21 17:00:00,RJPN-007-1,RJPN-007,Band 1 (2100MHz),-94.8,-10.5,20.8,78.2,54.5,126.8
2026-10-21 17:00:00,RJPN-007-2,RJPN-007,Band 1 (2100MHz),-79.1,-12.8,21.7,85.0,42.8,137.6
2026-10-21 17:00:00,RJPN-007-3,RJPN-007,Band 1 (2100MHz),-90.0,-9.2,13.2,74.3,42.1,132.0
2026-10-21 17:00:00,RJPN-008-1,RJPN-008,Band 3 (1800MHz),-87.4,-10.2,-0.9,68.5,45.6,88.2
2026-10-21 17:00:00,RJPN-008-2,RJPN-008,Band 3 (1800MHz),-85.9,-14.1,12.4,58.4,45.7,108.0
2026-10-21 17:00:00,RJPN-008-3,RJPN-008,Band 3 (1800MHz),-80.7,-9.5,12.8,85.6,46.5,113.0
2026-10-21 17:00:00,RJPN-009-1,RJPN-009,Band 1 (2100MHz),-81.0,-10.4,23.7,79.4,49.9,97.0
2026-10-21 17:00:00,RJPN-009-2,RJPN-009,Band 1 (2100MHz),-86.2,-9.3,7.9,72.0,37.0,146.6
2026-10-21 17:00:00,RJPN-009-3,RJPN-009,Band 1 (2100MHz),-88.2,-10.3,0.9,83.5,36.3,136.2
2026-10-21 17:00:00,RJPN-010-1,RJPN-010,Band 3 (1800MHz),-83.4,-13.1,6.1,78.8,31.7,96.3
2026-10-21 17:00:00,RJPN-010-2,RJPN-010,Band 3 (1800MHz),-84.3,-9.7,16.0,84.0,34.4,148.6
2026-10-21 17:00:00,RJPN-010-3,RJPN-010,Band 3 (1800MHz),-80.6,-13.2,20.5,68.3,29.5,135.9
2026-10-21 17:00:00,RJPN-011-1,RJPN-011,Band 1 (2100MHz),-84.3,-8.2,21.9,78.5,41.1,152.6
2026-10-21 17:00:00,RJPN-011-2,RJPN-011,Band 1 (2100MHz),-100.0,-14.4,-1.0,61.9,35.9,116.6
2026-10-21 17:00:00,RJPN-011-3,RJPN-011,Band 1 (2100MHz),-100.3,-12.7,5.3,87.6,55.1,123.7
2026-10-21 18:00:00,RJPN-001-1,RJPN-001,Band 1 (2100MHz),-82.4,-10.7,13.2,85.3,42.8,168.0
2026-10-21 18:00:00,RJPN-001-2,RJPN-001,Band 1 (2100MHz),-85.1,-14.8,11.6,77.5,53.3,136.8
2026-10-21 18:00:00,RJPN-001-3,RJPN-001,Band 1 (2100MHz),-79.5,-9.1,6.2,84.1,53.0,121.3
2026-10-21 18:00:00,RJPN-002-1,RJPN-002,Band 3 (1800MHz),-86.6,-8.8,13.5,66.8,49.9,127.4
2026-10-21 18:00:00,RJPN-002-2,RJPN-002,Band 3 (1800MHz),-94.5,-15.7,3.6,67.6,38.8,166.7
2026-10-21 18:00:00,RJPN-002-3,RJPN-002,Band 3 (1800MHz),-84.2,-13.5,3.2,81.0,31.6,145.3
2026-10-21 18:00:00,RJPN-003-1,RJPN-003,Band 1 (2100MHz),-88.3,-8.6,4.5,83.7,25.6,112.6
2026-10-21 18:00:00,RJPN-003-2,RJPN-003,Band 1 (2100MHz),-82.6,-13.7,12.9,59.9,57.8,148.9
2026-10-21 18:00:00,RJPN-003-3,RJPN-003,Band 1 (2100MHz),-92.2,-12.7,10.8,85.4,19.0,94.3
2026-10-21 18:00:00,RJPN-004-1,RJPN-004,Band 3 (1800MHz),-85.2,-12.9,25.2,74.9,59.5,165.1
2026-10-21 18:00:00,RJPN-004-2,RJPN-004,Band 3 (1800MHz),-83.5,-10.9,12.0,77.2,35.4,133.8
2026-10-21 18:00:00,RJPN-004-3,RJPN-004,Band 3 (1800MHz),-83.1,-14.5,11.3,95.7,57.6,90.8
2026-10-21 18:00:00,RJPN-005-1,RJPN-005,Band 1 (2100MHz),-83.2,-12.6,6.6,79.8,50.1,147.1
2026-10-21 18:00:00,RJPN-005-2,RJPN-005,Band 1 (2100MHz),-87.8,-11.9,8.2,94.7,34.9,153.4
2026-10-21 18:00:00,RJPN-005-3,RJPN-005,Band 1 (2100MHz),-79.6,-10.4,13.1,93.9,47.2,113.0
2026-10-21 18:00:00,RJPN-006-1,RJPN-006,Band 3 (1800MHz),-77.1,-10.2,13.6,77.9,33.4,123.7
2026-10-21 18:00:00,RJPN-006-2,RJPN-006,Band 3 (1800MHz),-81.0,-10.8,26.2,78.4,37.9,112.3
2026-10-21 18:00:00,RJPN-006-3,RJPN-006,Band 3 (1800MHz),-87.5,-11.9,11.6,60.2,33.0,137.5
2026-10-21 18:00:00,RJPN-007-1,RJPN-007,Band 1 (2100MHz),-92.4,-13.5,15.7,87.4,45.7,84.6
2026-10-21 18:00:00,RJPN-007-2,RJPN-007,Band 1 (2100MHz),-84.3,-11.8,15.4,54.1,38.6,112.2
2026-10-21 18:00:00,RJPN-007-3,RJPN-007,Band 1 (2100MHz),-82.2,-12.0,9.4,69.9,43.0,113.2
2026-10-21 18:00:00,RJPN-008-1,RJPN-008,Band 3 (1800MHz),-81.6,-9.6,15.0,97.2,42.8,121.6
2026-10-21 18:00:00,RJPN-008-2,RJPN-008,Band 3 (1800MHz),-88.0,-11.2,12.0,77.1,48.3,100.8
2026-10-21 18:00:00,RJPN-008-3,RJPN-008,Band 3 (1800MHz),-85.9,-10.5,13.8,67.1,39.8,86.1
2026-10-21 18:00:00,RJPN-009-1,RJPN-009,Band 1 (2100MHz),-89.8,-15.6,9.6,75.9,45.3,134.9
2026-10-21 18:00:00,RJPN-009-2,RJPN-009,Band 1 (2100MHz),-85.3,-9.7,17.0,60.9,50.8,144.5
2026-10-21 18:00:00,RJPN-009-3,RJPN-009,Band 1 (2100MHz),-77.0,-10.5,11.3,73.5,31.1,131.2
2026-10-21 18:00:00,RJPN-010-1,RJPN-010,Band 3 (1800MHz),-88.4,-12.3,15.2,73.9,57.7,132.6
2026-10-21 18:00:00,RJPN-010-2,RJPN-010,Band 3 (1800MHz),-89.9,-14.3,10.2,76.6,63.7,116.8
2026-10-21 18:00:00,RJPN-010-3,RJPN-010,Band 3 (1800MHz),-86.5,-11.0,5.8,76.5,44.9,123.2
2026-10-21 18:00:00,RJPN-011-1,RJPN-011,Band 1 (2100MHz),-80.0,-10.7,6.5,64.0,54.1,124.6
2026-10-21 18:00:00,RJPN-011-2,RJPN-011,Band 1 (2100MHz),-99.3,-17.9,9.2,86.6,45.3,142.9
2026-10-21 18:00:00,RJPN-011-3,RJPN-011,Band 1 (2100MHz),-101.8,-11.1,-3.8,99.2,47.8,109.1
2026-10-21 19:00:00,RJPN-001-1,RJPN-001,Band 1 (2100MHz),-89.3,-14.4,17.3,51.6,48.8,99.3
2026-10-21 19:00:00,RJPN-001-2,RJPN-001,Band 1 (2100MHz),-81.9,-12.6,11.1,65.3,49.5,149.9
2026-10-21 19:00:00,RJPN-001-3,RJPN-001,Band 1 (2100MHz),-86.2,-9.6,19.7,63.2,46.8,110.4
2026-10-21 19:00:00,RJPN-002-1,RJPN-002,Band 3 (1800MHz),-89.0,-13.8,6.0,57.6,54.2,135.6
2026-10-21 19:00:00,RJPN-002-2,RJPN-002,Band 3 (1800MHz),-92.7,-15.0,6.9,72.2,46.4,132.3
2026-10-21 19:00:00,RJPN-002-3,RJPN-002,Band 3 (1800MHz),-82.8,-11.6,5.3,66.9,59.6,119.5
2026-10-21 19:00:00,RJPN-003-1,RJPN-003,Band 1 (2100MHz),-84.3,-11.7,8.3,100.0,48.3,111.8
2026-10-21 19:00:00,RJPN-003-2,RJPN-003,Band 1 (2100MHz),-80.1,-12.7,8.8,79.9,40.5,93.1
2026-10-21 19:00:00,RJPN-003-3,RJPN-003,Band 1 (2100MHz),-87.7,-7.5,18.3,68.0,51.8,202.3
2026-10-21 19:00:00,RJPN-004-1,RJPN-004,Band 3 (1800MHz),-86.0,-11.6,11.4,81.5,39.0,148.7
2026-10-21 19:00:00,RJPN-004-2,RJPN-004,Band 3 (1800MHz),-86.2,-9.1,15.2,65.6,34.1,105.8
2026-10-21 19:00:00,RJPN-004-3,RJPN-004,Band 3 (1800MHz),-84.5,-9.1,9.1,80.6,54.2,122.2
2026-10-21 19:00:00,RJPN-005-1,RJPN-005,Band 1 (2100MHz),-87.6,-12.7,19.2,70.3,30.0,111.4
2026-10-21 19:00:00,RJPN-005-2,RJPN-005,Band 1 (2100MHz),-77.7,-9.6,10.0,47.2,45.7,130.5
2026-10-21 19:00:00,RJPN-005-3,RJPN-005,Band 1 (2100MHz),-82.4,-16.4,8.0,64.0,40.6,117.0
2026-10-21 19:00:00,RJPN-006-1,RJPN-006,Band 3 (1800MHz),-88.0,-15.5,22.9,91.2,52.9,111.3
2026-10-21 19:00:00,RJPN-006-2,RJPN-006,Band 3 (1800MHz),-83.6,-13.9,16.6,62.6,50.8,121.1
2026-10-21 19:00:00,RJPN-006-3,RJPN-006,Band 3 (1800MHz),-88.4,-12.5,12.9,81.1,50.2,109.7
2026-10-21 19:00:00,RJPN-007-1,RJPN-007,Band 1 (2100MHz),-91.1,-12.7,2.5,83.1,45.5,86.7
2026-10-21 19:00:00,RJPN-007-2,RJPN-007,Band 1 (2100MHz),-82.0,-10.2,10.1,89.5,37.6,148.7
2026-10-21 19:00:00,RJPN-007-3,RJPN-007,Band 1 (2100MHz),-86.6,-13.3,12.5,70.6,32.1,118.6
2026-10-21 19:00:00,RJPN-008-1,RJPN-008,Band 3 (1800MHz),-83.4,-12.5,13.2,67.7,39.4,121.0
2026-10-21 19:00:00,RJPN-008-2,RJPN-008,Band 3 (1800MHz),-84.6,-9.0,12.0,71.8,29.6,157.3
2026-10-21 19:00:00,RJPN-008-3,RJPN-008,Band 3 (1800MHz),-83.7,-10.1,17.0,60.3,50.5,89.5
2026-10-21 19:00:00,RJPN-009-1,RJPN-009,Band 1 (2100MHz),-81.6,-13.6,8.7,94.6,58.9,115.3
2026-10-21 19:00:00,RJPN-009-2,RJPN-009,Band 1 (2100MHz),-88.5,-10.5,14.0,84.5,41.1,130.5
2026-10-21 19:00:00,RJPN-009-3,RJPN-009,Band 1 (2100MHz),-89.5,-15.8,3.6,65.8,55.6,107.3
2026-10-21 19:00:00,RJPN-010-1,RJPN-010,Band 3 (1800MHz),-87.8,-15.0,5.8,70.2,43.3,133.4
2026-10-21 19:00:00,RJPN-010-2,RJPN-010,Band 3 (1800MHz),-86.7,-14.5,21.4,73.5,44.1,106.1
2026-10-21 19:00:00,RJPN-010-3,RJPN-010,Band 3 (1800MHz),-85.0,-8.4,14.3,64.8,51.2,117.1
2026-10-21 19:00:00,RJPN-011-1,RJPN-011,Band 1 (2100MHz),-79.5,-14.0,8.3,78.0,40.1,115.9
2026-10-21 19:00:00,RJPN-011-2,RJPN-011,Band 1 (2100MHz),-107.2,-16.8,8.4,75.7,39.1,93.2
2026-10-21 19:00:00,RJPN-011-3,RJPN-011,Band 1 (2100MHz),-97.2,-17.8,6.1,78.2,46.8,110.3
2026-10-21 20:00:00,RJPN-001-1,RJPN-001,Band 1 (2100MHz),-78.0,-9.6,8.2,89.5,50.4,79.7
2026-10-21 20:00:00,RJPN-001-2,RJPN-001,Band 1 (2100MHz),-86.9,-10.4,14.8,48.8,35.8,105.8
2026-10-21 20:00:00,RJPN-001-3,RJPN-001,Band 1 (2100MHz),-82.7,-11.3,15.9,51.8,42.7,91.7
2026-10-21 20:00:00,RJPN-002-1,RJPN-002,Band 3 (1800MHz),-79.0,-7.6,15.1,71.2,45.4,110.6
2026-10-21 20:00:00,RJPN-002-2,RJPN-002,Band 3 (1800MHz),-93.2,-14.4,8.6,71.0,43.4,121.2
2026-10-21 20:00:00,RJPN-002-3,RJPN-002,Band 3 (1800MHz),-80.5,-12.5,17.5,95.4,36.6,134.6
2026-10-21 20:00:00,RJPN-003-1,RJPN-003,Band 1 (2100MHz),-74.2,-10.1,10.5,83.2,33.3,88.8
2026-10-21 20:00:00,RJPN-003-2,RJPN-003,Band 1 (2100MHz),-82.2,-10.8,4.0,64.4,46.6,128.4
2026-10-21 20:00:00,RJPN-003-3,RJPN-003,Band 1 (2100MHz),-82.3,-8.9,13.3,61.1,40.7,116.1
2026-10-21 20:00:00,RJPN-004-1,RJPN-004,Band 3 (1800MHz),-80.4,-11.4,15.9,54.1,21.2,90.4
2026-10-21 20:00:00,RJPN-004-2,RJPN-004,Band 3 (1800MHz),-81.9,-10.2,10.8,69.8,35.2,93.9
2026-10-21 20:00:00,RJPN-004-3,RJPN-004,Band 3 (1800MHz),-83.8,-12.5,-2.3,57.3,45.9,87.6
2026-10-21 20:00:00,RJPN-005-1,RJPN-005,Band 1 (2100MHz),-86.5,-10.1,7.1,56.5,42.6,92.4
2026-10-21 20:00:00,RJPN-005-2,RJPN-005,Band 1 (2100MHz),-85.1,-10.5,9.6,81.3,30.7,78.9
2026-10-21 20:00:00,RJPN-005-3,RJPN-005,Band 1 (2100MHz),-81.7,-11.6,8.9,57.5,45.0,104.5
2026-10-21 20:00:00,RJPN-006-1,RJPN-006,Band 3 (1800MHz),-86.2,-12.9,16.3,50.7,40.0,98.3
2026-10-21 20:00:00,RJPN-006-2,RJPN-006,Band 3 (1800MHz),-77.0,-12.4,14.4,59.6,46.6,85.3
2026-10-21 20:00:00,RJPN-006-3,RJPN-006,Band 3 (1800MHz),-80.6,-11.2,13.2,63.5,24.2,121.3
2026-10-21 20:00:00,RJPN-007-1,RJPN-007,Band 1 (2100MHz),-81.9,-13.1,-1.8,82.3,23.4,117.8
2026-10-21 20:00:00,RJPN-007-2,RJPN-007,Band 1 (2100MHz),-82.6,-11.2,21.3,60.1,26.2,92.1
2026-10-21 20:00:00,RJPN-007-3,RJPN-007,Band 1 (2100MHz),-82.1,-14.8,19.6,85.1,40.4,115.5
2026-10-21 20:00:00,RJPN-008-1,RJPN-008,Band 3 (1800MHz),-82.6,-12.1,9.6,60.5,34.9,167.0
2026-10-21 20:00:00,RJPN-008-2,RJPN-008,Band 3 (1800MHz),-83.1,-13.5,19.0,75.5,25.9,106.4
2026-10-21 20:00:00,RJPN-008-3,RJPN-008,Band 3 (1800MHz),-86.0,-10.7,8.2,62.8,32.1,92.8
2026-10-21 20:00:00,RJPN-009-1,RJPN-009,Band 1 (2100MHz),-87.0,-11.6,26.8,72.3,45.4,80.3
2026-10-21 20:00:00,RJPN-009-2,RJPN-009,Band 1 (2100MHz),-83.3,-9.6,10.4,64.6,33.7,94.5
2026-10-21 20:00:00,RJPN-009-3,RJPN-009,Band 1 (2100MHz),-87.5,-10.4,12.8,56.0,35.5,75.8
2026-10-21 20:00:00,RJPN-010-1,RJPN-010,Band 3 (1800MHz),-86.1,-10.2,10.3,61.0,35.8,77.5
2026-10-21 20:00:00,RJPN-010-2,RJPN-010,Band 3 (1800MHz),-85.1,-11.1,7.4,62.9,28.7,99.1
2026-10-21 20:00:00,RJPN-010-3,RJPN-010,Band 3 (1800MHz),-85.1,-10.4,7.7,60.5,37.7,127.3
2026-10-21 20:00:00,RJPN-011-1,RJPN-011,Band 1 (2100MHz),-82.7,-13.9,14.3,73.0,41.3,117.5
2026-10-21 20:00:00,RJPN-011-2,RJPN-011,Band 1 (2100MHz),-95.6,-13.3,-4.9,62.3,34.7,133.8
2026-10-21 20:00:00,RJPN-011-3,RJPN-011,Band 1 (2100MHz),-99.8,-18.6,4.2,48.5,61.5,63.3
2026-10-21 21:00:00,RJPN-001-1,RJPN-001,Band 1 (2100MHz),-90.7,-8.8,10.0,5.3,8.7,4.7
2026-10-21 21:00:00,RJPN-001-2,RJPN-001,Band 1 (2100MHz),-90.8,-5.8,11.1,18.6,5.9,18.9
2026-10-21 21:00:00,RJPN-001-3,RJPN-001,Band 1 (2100MHz),-82.3,-5.6,11.8,12.7,5.3,24.1
2026-10-21 21:00:00,RJPN-002-1,RJPN-002,Band 3 (1800MHz),-86.4,-5.5,25.1,27.2,19.2,5.8
2026-10-21 21:00:00,RJPN-002-2,RJPN-002,Band 3 (1800MHz),-94.7,-12.8,13.6,24.6,7.7,6.7
2026-10-21 21:00:00,RJPN-002-3,RJPN-002,Band 3 (1800MHz),-85.2,-8.4,9.6,2.2,19.2,14.6
2026-10-21 21:00:00,RJPN-003-1,RJPN-003,Band 1 (2100MHz),-78.8,-7.9,12.7,0.8,12.2,15.1
2026-10-21 21:00:00,RJPN-003-2,RJPN-003,Band 1 (2100MHz),-86.3,-5.7,8.2,13.6,5.1,0.0
2026-10-21 21:00:00,RJPN-003-3,RJPN-003,Band 1 (2100MHz),-85.4,-8.4,8.0,34.6,19.3,29.8
2026-10-21 21:00:00,RJPN-004-1,RJPN-004,Band 3 (1800MHz),-81.0,-7.1,18.6,21.2,18.4,1.3
2026-10-21 21:00:00,RJPN-004-2,RJPN-004,Band 3 (1800MHz),-88.1,-5.6,7.4,0.0,5.1,31.2
2026-10-21 21:00:00,RJPN-004-3,RJPN-004,Band 3 (1800MHz),-86.4,-7.1,17.6,15.9,15.2,4.4
2026-10-21 21:00:00,RJPN-005-1,RJPN-005,Band 1 (2100MHz),-86.6,-11.7,10.1,8.6,0.0,2.8
2026-10-21 21:00:00,RJPN-005-2,RJPN-005,Band 1 (2100MHz),-80.0,-5.2,11.7,2.5,16.7,26.9
2026-10-21 21:00:00,RJPN-005-3,RJPN-005,Band 1 (2100MHz),-80.2,-7.3,15.9,0.0,4.7,26.0
2026-10-21 21:00:00,RJPN-006-1,RJPN-006,Band 3 (1800MHz),-88.7,-7.6,17.6,7.1,12.1,0.0
2026-10-21 21:00:00,RJPN-006-2,RJPN-006,Band 3 (1800MHz),-81.3,-8.2,5.9,29.6,12.9,13.8
2026-10-21 21:00:00,RJPN-006-3,RJPN-006,Band 3 (1800MHz),-82.5,-6.6,12.7,10.8,0.0,23.6
2026-10-21 21:00:00,RJPN-007-1,RJPN-007,Band 1 (2100MHz),-93.9,-7.8,16.9,14.3,6.8,47.7
2026-10-21 21:00:00,RJPN-007-2,RJPN-007,Band 1 (2100MHz),-82.5,-8.8,19.9,4.6,7.7,17.2
2026-10-21 21:00:00,RJPN-007-3,RJPN-007,Band 1 (2100MHz),-91.3,-8.0,14.6,34.0,4.3,19.1
2026-10-21 21:00:00,RJPN-008-1,RJPN-008,Band 3 (1800MHz),-83.2,-10.2,15.3,13.9,0.0,53.2
2026-10-21 21:00:00,RJPN-008-2,RJPN-008,Band 3 (1800MHz),-83.5,-8.2,16.1,0.0,16.6,29.4
2026-10-21 21:00:00,RJPN-008-3,RJPN-008,Band 3 (1800MHz),-87.5,-10.0,8.6,36.4,17.3,7.6
2026-10-21 21:00:00,RJPN-009-1,RJPN-009,Band 1 (2100MHz),-80.4,-9.5,22.6,14.4,5.6,68.3
2026-10-21 21:00:00,RJPN-009-2,RJPN-009,Band 1 (2100MHz),-89.4,-11.1,3.1,0.0,35.3,52.2
2026-10-21 21:00:00,RJPN-009-3,RJPN-009,Band 1 (2100MHz),-84.9,-8.5,20.7,36.9,19.9,0.0
2026-10-21 21:00:00,RJPN-010-1,RJPN-010,Band 3 (1800MHz),-81.9,-11.5,19.6,6.0,16.8,23.7
2026-10-21 21:00:00,RJPN-010-2,RJPN-010,Band 3 (1800MHz),-83.6,-6.8,14.0,27.5,9.5,37.7
2026-10-21 21:00:00,RJPN-010-3,RJPN-010,Band 3 (1800MHz),-90.5,-5.1,9.5,3.7,8.7,28.2
2026-10-21 21:00:00,RJPN-011-1,RJPN-011,Band 1 (2100MHz),-82.4,-6.2,8.8,10.1,15.8,0.0
2026-10-21 21:00:00,RJPN-011-2,RJPN-011,Band 1 (2100MHz),-100.9,-12.1,4.3,41.5,10.2,0.1
2026-10-21 21:00:00,RJPN-011-3,RJPN-011,Band 1 (2100MHz),-100.6,-14.0,5.6,14.0,6.9,2.9
2026-10-21 22:00:00,RJPN-001-1,RJPN-001,Band 1 (2100MHz),-87.0,-10.6,7.2,0.0,12.8,38.5
2026-10-21 22:00:00,RJPN-001-2,RJPN-001,Band 1 (2100MHz),-87.5,-10.3,9.7,17.5,3.4,46.0
2026-10-21 22:00:00,RJPN-001-3,RJPN-001,Band 1 (2100MHz),-84.3,-7.4,10.9,5.9,18.9,17.5
2026-10-21 22:00:00,RJPN-002-1,RJPN-002,Band 3 (1800MHz),-89.6,-8.2,13.7,0.0,11.2,12.9
2026-10-21 22:00:00,RJPN-002-2,RJPN-002,Band 3 (1800MHz),-99.0,-15.4,3.8,0.0,14.6,27.8
2026-10-21 22:00:00,RJPN-002-3,RJPN-002,Band 3 (1800MHz),-80.9,-8.3,10.0,3.4,2.0,9.7
2026-10-21 22:00:00,RJPN-003-1,RJPN-003,Band 1 (2100MHz),-90.0,-6.6,0.1,20.5,0.1,0.0
2026-10-21 22:00:00,RJPN-003-2,RJPN-003,Band 1 (2100MHz),-82.3,-3.9,9.8,13.0,0.3,24.9
2026-10-21 22:00:00,RJPN-003-3,RJPN-003,Band 1 (2100MHz),-79.6,-10.0,5.0,12.0,4.4,7.2
2026-10-21 22:00:00,RJPN-004-1,RJPN-004,Band 3 (1800MHz),-85.8,-6.9,18.6,10.8,0.0,1.8
2026-10-21 22:00:00,RJPN-004-2,RJPN-004,Band 3 (1800MHz),-80.0,-5.2,7.1,9.8,0.0,2.4
2026-10-21 22:00:00,RJPN-004-3,RJPN-004,Band 3 (1800MHz),-86.0,-8.1,18.1,7.9,0.0,16.7
2026-10-21 22:00:00,RJPN-005-1,RJPN-005,Band 1 (2100MHz),-88.7,-9.1,13.6,19.9,5.1,0.0
2026-10-21 22:00:00,RJPN-005-2,RJPN-005,Band 1 (2100MHz),-82.0,-10.2,17.6,11.1,0.0,8.4
2026-10-21 22:00:00,RJPN-005-3,RJPN-005,Band 1 (2100MHz),-83.2,-8.8,16.3,4.5,0.0,0.0
2026-10-21 22:00:00,RJPN-006-1,RJPN-006,Band 3 (1800MHz),-87.0,-8.1,1.5,10.3,11.7,25.8
2026-10-21 22:00:00,RJPN-006-2,RJPN-006,Band 3 (1800MHz),-85.3,-9.8,10.8,24.8,1.2,23.2
2026-10-21 22:00:00,RJPN-006-3,RJPN-006,Band 3 (1800MHz),-87.9,-6.6,5.3,3.9,0.0,0.0
2026-10-21 22:00:00,RJPN-007-1,RJPN-007,Band 1 (2100MHz),-87.3,-11.0,14.7,22.9,16.3,5.5
2026-10-21 22:00:00,RJPN-007-2,RJPN-007,Band 1 (2100MHz),-84.1,-7.4,15.8,20.3,21.1,4.2
2026-10-21 22:00:00,RJPN-007-3,RJPN-007,Band 1 (2100MHz),-85.2,-7.5,10.6,12.9,13.0,19.4
2026-10-21 22:00:00,RJPN-008-1,RJPN-008,Band 3 (1800MHz),-82.8,-8.6,8.6,12.0,0.0,0.6
2026-10-21 22:00:00,RJPN-008-2,RJPN-008,Band 3 (1800MHz),-78.8,-10.0,9.9,2.9,13.8,6.1
2026-10-21 22:00:00,RJPN-008-3,RJPN-008,Band 3 (1800MHz),-84.0,-11.5,17.1,0.0,16.4,0.0
2026-10-21 22:00:00,RJPN-009-1,RJPN-009,Band 1 (2100MHz),-85.4,-8.9,13.6,8.2,11.3,41.0
2026-10-21 22:00:00,RJPN-009-2,RJPN-009,Band 1 (2100MHz),-83.3,-7.8,14.7,19.6,9.8,37.4
2026-10-21 22:00:00,RJPN-009-3,RJPN-009,Band 1 (2100MHz),-83.8,-5.9,0.8,20.1,6.6,26.1
2026-10-21 22:00:00,RJPN-010-1,RJPN-010,Band 3 (1800MHz),-78.4,-9.2,6.9,19.9,11.5,28.2
2026-10-21 22:00:00,RJPN-010-2,RJPN-010,Band 3 (1800MHz),-87.7,-6.4,13.1,12.9,18.6,28.7
2026-10-21 22:00:00,RJPN-010-3,RJPN-010,Band 3 (1800MHz),-78.8,-13.0,18.2,0.0,7.1,41.5
2026-10-21 22:00:00,RJPN-011-1,RJPN-011,Band 1 (2100MHz),-80.8,-9.4,15.9,0.0,0.0,0.0
2026-10-21 22:00:00,RJPN-011-2,RJPN-011,Band 1 (2100MHz),-101.2,-12.4,5.8,25.0,0.8,0.4
2026-10-21 22:00:00,RJPN-011-3,RJPN-011,Band 1 (2100MHz),-101.9,-12.3,5.3,9.0,0.0,14.6
2026-10-21 23:00:00,RJPN-001-1,RJPN-001,Band 1 (2100MHz),-78.1,-10.7,6.6,3.5,19.2,6.9
2026-10-21 23:00:00,RJPN-001-2,RJPN-001,Band 1 (2100MHz),-90.7,-9.6,17.3,24.5,2.3,6.7
2026-10-21 23:00:00,RJPN-001-3,RJPN-001,Band 1 (2100MHz),-92.3,-6.7,6.1,11.0,20.5,4.9
2026-10-21 23:00:00,RJPN-002-1,RJPN-002,Band 3 (1800MHz),-85.8,-7.1,9.6,9.6,12.9,0.0
2026-10-21 23:00:00,RJPN-002-2,RJPN-002,Band 3 (1800MHz),-92.0,-9.0,-8.7,0.0,0.0,31.9
2026-10-21 23:00:00,RJPN-002-3,RJPN-002,Band 3 (1800MHz),-85.9,-7.8,17.8,6.8,0.0,0.0
2026-10-21 23:00:00,RJPN-003-1,RJPN-003,Band 1 (2100MHz),-92.6,-6.9,12.6,12.2,0.0,0.0
2026-10-21 23:00:00,RJPN-003-2,RJPN-003,Band 1 (2100MHz),-75.7,-6.1,9.8,0.0,0.0,14.1
2026-10-21 23:00:00,RJPN-003-3,RJPN-003,Band 1 (2100MHz),-86.3,-9.0,19.8,0.0,0.0,6.6
2026-10-21 23:00:00,RJPN-004-1,RJPN-004,Band 3 (1800MHz),-84.7,-9.1,8.4,16.1,0.0,0.0
2026-10-21 23:00:00,RJPN-004-2,RJPN-004,Band 3 (1800MHz),-84.0,-8.9,14.0,9.9,0.0,10.1
2026-10-21 23:00:00,RJPN-004-3,RJPN-004,Band 3 (1800MHz),-83.5,-9.5,16.8,0.0,0.0,35.6
2026-10-21 23:00:00,RJPN-005-1,RJPN-005,Band 1 (2100MHz),-83.3,-6.0,11.1,24.2,11.9,24.3
2026-10-21 23:00:00,RJPN-005-2,RJPN-005,Band 1 (2100MHz),-85.9,-7.9,17.4,10.7,0.0,21.1
2026-10-21 23:00:00,RJPN-005-3,RJPN-005,Band 1 (2100MHz),-81.9,-10.1,6.7,6.4,3.7,25.2
2026-10-21 23:00:00,RJPN-006-1,RJPN-006,Band 3 (1800MHz),-78.8,-9.8,11.4,26.6,9.0,0.0
2026-10-21 23:00:00,RJPN-006-2,RJPN-006,Band 3 (1800MHz),-81.7,-10.5,16.5,30.9,27.5,27.9
2026-10-21 23:00:00,RJPN-006-3,RJPN-006,Band 3 (1800MHz),-89.9,-6.8,20.6,22.1,5.5,8.0
2026-10-21 23:00:00,RJPN-007-1,RJPN-007,Band 1 (2100MHz),-86.7,-9.6,13.2,21.8,7.6,14.7
2026-10-21 23:00:00,RJPN-007-2,RJPN-007,Band 1 (2100MHz),-82.3,-7.6,19.1,3.9,10.2,0.0
2026-10-21 23:00:00,RJPN-007-3,RJPN-007,Band 1 (2100MHz),-83.7,-6.7,10.0,9.4,0.8,3.4
2026-10-21 23:00:00,RJPN-008-1,RJPN-008,Band 3 (1800MHz),-80.0,-4.7,22.2,14.2,6.0,34.3
2026-10-21 23:00:00,RJPN-008-2,RJPN-008,Band 3 (1800MHz),-78.6,-8.7,15.9,2.1,18.8,0.0
2026-10-21 23:00:00,RJPN-008-3,RJPN-008,Band 3 (1800MHz),-76.3,-11.4,12.2,17.6,2.2,0.0
2026-10-21 23:00:00,RJPN-009-1,RJPN-009,Band 1 (2100MHz),-80.1,-7.9,8.7,9.7,0.0,34.7
2026-10-21 23:00:00,RJPN-009-2,RJPN-009,Band 1 (2100MHz),-77.6,-5.0,-1.3,15.1,1.7,6.4
2026-10-21 23:00:00,RJPN-009-3,RJPN-009,Band 1 (2100MHz),-82.4,-7.5,19.6,1.4,1.5,0.0
2026-10-21 23:00:00,RJPN-010-1,RJPN-010,Band 3 (1800MHz),-85.7,-11.7,17.1,16.8,9.3,12.1
2026-10-21 23:00:00,RJPN-010-2,RJPN-010,Band 3 (1800MHz),-77.7,-12.3,20.7,0.0,0.0,4.4
2026-10-21 23:00:00,RJPN-010-3,RJPN-010,Band 3 (1800MHz),-83.9,-5.3,11.2,11.3,8.6,24.1
2026-10-21 23:00:00,RJPN-011-1,RJPN-011,Band 1 (2100MHz),-83.4,-6.9,9.0,15.3,18.3,25.5
2026-10-21 23:00:00,RJPN-011-2,RJPN-011,Band 1 (2100MHz),-98.1,-13.8,6.9,0.0,0.0,33.5
2026-10-21 23:00:00,RJPN-011-3,RJPN-011,Band 1 (2100MHz),-91.4,-9.1,-0.5,11.4,1.0,0.0
2026-10-22 00:00:00,RJPN-001-1,RJPN-001,Band 1 (2100MHz),-80.9,-6.8,6.5,0.0,0.0,0.0
2026-10-22 00:00:00,RJPN-001-2,RJPN-001,Band 1 (2100MHz),-77.5,-2.4,8.7,25.4,10.2,19.1
2026-10-22 00:00:00,RJPN-001-3,RJPN-001,Band 1 (2100MHz),-86.2,-4.8,12.0,9.5,0.0,14.2
2026-10-22 00:00:00,RJPN-002-1,RJPN-002,Band 3 (1800MHz),-86.0,-7.7,14.0,0.0,0.0,0.0
2026-10-22 00:00:00,RJPN-002-2,RJPN-002,Band 3 (1800MHz),-97.6,-12.5,3.2,0.4,0.0,13.3
2026-10-22 00:00:00,RJPN-002-3,RJPN-002,Band 3 (1800MHz),-86.5,-6.7,0.8,12.4,9.2,27.8
2026-10-22 00:00:00,RJPN-003-1,RJPN-003,Band 1 (2100MHz),-84.5,-10.3,16.2,24.8,18.7,17.4
2026-10-22 00:00:00,RJPN-003-2,RJPN-003,Band 1 (2100MHz),-89.8,-7.9,15.7,0.5,0.0,10.9
2026-10-22 00:00:00,RJPN-003-3,RJPN-003,Band 1 (2100MHz),-88.9,-4.9,12.3,23.5,11.8,10.8
2026-10-22 00:00:00,RJPN-004-1,RJPN-004,Band 3 (1800MHz),-91.3,-11.0,14.8,0.0,11.8,0.0
2026-10-22 00:00:00,RJPN-004-2,RJPN-004,Band 3 (1800MHz),-85.1,-4.1,13.9,7.8,0.0,32.4
2026-10-22 00:00:00,RJPN-004-3,RJPN-004,Band 3 (1800MHz),-80.4,-9.3,13.9,0.0,0.0,30.5
2026-10-22 00:00:00,RJPN-005-1,RJPN-005,Band 1 (2100MHz),-78.2,-9.0,9.4,5.3,15.6,0.0
2026-10-22 00:00:00,RJPN-005-2,RJPN-005,Band 1 (2100MHz),-87.9,-5.6,12.3,29.1,22.7,49.3
2026-10-22 00:00:00,RJPN-005-3,RJPN-005,Band 1 (2100MHz),-82.4,-7.3,6.2,26.4,25.9,18.8
2026-10-22 00:00:00,RJPN-006-1,RJPN-006,Band 3 (1800MHz),-95.4,-7.1,2.8,6.4,8.9,38.8
2026-10-22 00:00:00,RJPN-006-2,RJPN-006,Band 3 (1800MHz),-84.7,-7.9,12.3,0.0,0.0,0.0
2026-10-22 00:00:00,RJPN-006-3,RJPN-006,Band 3 (1800MHz),-88.8,-7.2,10.4,0.0,5.6,33.2
2026-10-22 00:00:00,RJPN-007-1,RJPN-007,Band 1 (2100MHz),-83.7,-6.0,14.9,15.3,10.2,1.0
2026-10-22 00:00:00,RJPN-007-2,RJPN-007,Band 1 (2100MHz),-87.7,-6.6,16.9,6.3,6.8,16.4
2026-10-22 00:00:00,RJPN-007-3,RJPN-007,Band 1 (2100MHz),-76.6,-4.2,13.0,3.8,0.0,40.0
2026-10-22 00:00:00,RJPN-008-1,RJPN-008,Band 3 (1800MHz),-89.1,-7.0,8.1,0.0,14.6,3.4
2026-10-22 00:00:00,RJPN-008-2,RJPN-008,Band 3 (1800MHz),-89.6,-6.6,22.1,0.0,1.2,42.2
2026-10-22 00:00:00,RJPN-008-3,RJPN-008,Band 3 (1800MHz),-85.9,-6.1,13.2,8.7,4.4,11.8
2026-10-22 00:00:00,RJPN-009-1,RJPN-009,Band 1 (2100MHz),-86.0,-1.2,7.7,4.0,0.0,27.0
2026-10-22 00:00:00,RJPN-009-2,RJPN-009,Band 1 (2100MHz),-86.6,-9.4,13.4,8.0,10.9,23.5
2026-10-22 00:00:00,RJPN-009-3,RJPN-009,Band 1 (2100MHz),-87.5,-5.6,6.4,3.9,18.8,0.0
2026-10-22 00:00:00,RJPN-010-1,RJPN-010,Band 3 (1800MHz),-88.2,-8.2,12.8,8.9,8.9,3.2
2026-10-22 00:00:00,RJPN-010-2,RJPN-010,Band 3 (1800MHz),-81.6,-9.3,7.4,10.7,5.5,7.7
2026-10-22 00:00:00,RJPN-010-3,RJPN-010,Band 3 (1800MHz),-87.2,-6.7,10.3,16.6,0.0,0.0
2026-10-22 00:00:00,RJPN-011-1,RJPN-011,Band 1 (2100MHz),-87.3,-6.1,9.7,0.0,4.9,31.5
2026-10-22 00:00:00,RJPN-011-2,RJPN-011,Band 1 (2100MHz),-91.9,-15.4,5.1,29.9,0.0,8.7
2026-10-22 00:00:00,RJPN-011-3,RJPN-011,Band 1 (2100MHz),-94.8,-11.7,13.4,0.0,15.1,0.0
2026-10-22 01:00:00,RJPN-001-1,RJPN-001,Band 1 (2100MHz),-80.9,-6.6,12.6,21.6,0.0,0.0
2026-10-22 01:00:00,RJPN-001-2,RJPN-001,Band 1 (2100MHz),-83.0,-5.6,18.6,13.4,9.9,33.9
2026-10-22 01:00:00,RJPN-001-3,RJPN-001,Band 1 (2100MHz),-87.9,-6.8,13.8,6.1,11.1,42.8
2026-10-22 01:00:00,RJPN-002-1,RJPN-002,Band 3 (1800MHz),-84.4,-9.2,8.6,2.0,16.4,0.0
2026-10-22 01:00:00,RJPN-002-2,RJPN-002,Band 3 (1800MHz),-92.0,-8.8,2.3,14.4,3.1,15.5
2026-10-22 01:00:00,RJPN-002-3,RJPN-002,Band 3 (1800MHz),-78.9,-8.4,11.4,0.0,0.0,34.3
2026-10-22 01:00:00,RJPN-003-1,RJPN-003,Band 1 (2100MHz),-84.7,-10.9,20.1,30.8,0.0,12.8
2026-10-22 01:00:00,RJPN-003-2,RJPN-003,Band 1 (2100MHz),-83.4,-6.3,11.2,5.5,19.2,19.9
2026-10-22 01:00:00,RJPN-003-3,RJPN-003,Band 1 (2100MHz),-81.1,-4.0,15.5,0.0,16.4,44.1
2026-10-22 01:00:00,RJPN-004-1,RJPN-004,Band 3 (1800MHz),-92.8,-8.7,13.5,6.3,21.8,1.1
2026-10-22 01:00:00,RJPN-004-2,RJPN-004,Band 3 (1800MHz),-89.7,-10.7,19.8,0.0,8.3,38.3
2026-10-22 01:00:00,RJPN-004-3,RJPN-004,Band 3 (1800MHz),-83.0,-9.9,16.1,22.0,7.0,28.8
2026-10-22 01:00:00,RJPN-005-1,RJPN-005,Band 1 (2100MHz),-89.6,-4.5,21.2,12.9,0.0,41.2
2026-10-22 01:00:00,RJPN-005-2,RJPN-005,Band 1 (2100MHz),-85.8,-8.3,7.7,16.1,1.5,0.6
2026-10-22 01:00:00,RJPN-005-3,RJPN-005,Band 1 (2100MHz),-82.5,-9.4,11.2,28.4,0.2,7.7
2026-10-22 01:00:00,RJPN-006-1,RJPN-006,Band 3 (1800MHz),-81.4,-8.1,9.0,18.3,20.8,3.0
2026-10-22 01:00:00,RJPN-006-2,RJPN-006,Band 3 (1800MHz),-84.1,-6.8,14.8,0.0,10.7,5.0
2026-10-22 01:00:00,RJPN-006-3,RJPN-006,Band 3 (1800MHz),-82.1,-9.4,13.1,20.7,1.1,25.4
2026-10-22 01:00:00,RJPN-007-1,RJPN-007,Band 1 (2100MHz),-84.3,-9.5,12.6,10.1,19.2,31.3
2026-10-22 01:00:00,RJPN-007-2,RJPN-007,Band 1 (2100MHz),-85.8,-5.1,10.3,11.7,0.0,8.0
2026-10-22 01:00:00,RJPN-007-3,RJPN-007,Band 1 (2100MHz),-85.3,-6.2,11.7,7.5,9.0,23.4
2026-10-22 01:00:00,RJPN-008-1,RJPN-008,Band 3 (1800MHz),-83.6,-8.6,14.2,5.9,8.3,42.5
2026-10-22 01:00:00,RJPN-008-2,RJPN-008,Band 3 (1800MHz),-87.5,-6.9,13.4,0.0,11.7,0.0
2026-10-22 01:00:00,RJPN-008-3,RJPN-008,Band 3 (1800MHz),-90.0,-6.2,14.0,18.3,0.0,70.1
2026-10-22 01:00:00,RJPN-009-1,RJPN-009,Band 1 (2100MHz),-85.1,-2.0,13.4,5.3,0.0,67.3
2026-10-22 01:00:00,RJPN-009-2,RJPN-009,Band 1 (2100MHz),-86.4,-7.5,8.0,20.8,9.1,22.3
2026-10-22 01:00:00,RJPN-009-3,RJPN-009,Band 1 (2100MHz),-87.9,-8.0,19.9,9.3,16.5,0.0
2026-10-22 01:00:00,RJPN-010-1,RJPN-010,Band 3 (1800MHz),-86.8,-9.0,18.4,14.9,3.2,33.6
2026-10-22 01:00:00,RJPN-010-2,RJPN-010,Band 3 (1800MHz),-84.6,-8.1,6.5,11.5,4.1,0.0
2026-10-22 01:00:00,RJPN-010-3,RJPN-010,Band 3 (1800MHz),-89.2,-7.6,14.0,0.0,5.0,27.9
2026-10-22 01:00:00,RJPN-011-1,RJPN-011,Band 1 (2100MHz),-90.3,-5.4,11.6,32.0,0.0,32.0
2026-10-22 01:00:00,RJPN-011-2,RJPN-011,Band 1 (2100MHz),-100.8,-11.1,11.8,18.8,8.2,28.2
2026-10-22 01:00:00,RJPN-011-3,RJPN-011,Band 1 (2100MHz),-93.7,-10.6,0.5,36.1,2.0,8.7
2026-10-22 02:00:00,RJPN-001-1,RJPN-001,Band 1 (2100MHz),-87.2,-6.8,8.4,5.3,3.0,21.6
2026-10-22 02:00:00,RJPN-001-2,RJPN-001,Band 1 (2100MHz),-87.1,-8.0,9.6,18.8,0.0,19.0
2026-10-22 02:00:00,RJPN-001-3,RJPN-001,Band 1 (2100MHz),-77.9,-7.5,17.0,0.0,0.0,0.0
2026-10-22 02:00:00,RJPN-002-1,RJPN-002,Band 3 (1800MHz),-79.0,-8.2,16.0,16.2,12.1,22.6
2026-10-22 02:00:00,RJPN-002-2,RJPN-002,Band 3 (1800MHz),-97.9,-7.8,3.2,29.5,6.7,0.0
2026-10-22 02:00:00,RJPN-002-3,RJPN-002,Band 3 (1800MHz),-89.1,-10.0,14.2,0.0,0.5,22.9
2026-10-22 02:00:00,RJPN-003-1,RJPN-003,Band 1 (2100MHz),-89.3,-4.7,19.0,18.9,0.0,38.0
2026-10-22 02:00:00,RJPN-003-2,RJPN-003,Band 1 (2100MHz),-88.8,-6.7,12.8,10.0,4.5,18.3
2026-10-22 02:00:00,RJPN-003-3,RJPN-003,Band 1 (2100MHz),-82.9,-5.5,14.4,2.5,0.0,0.8
2026-10-22 02:00:00,RJPN-004-1,RJPN-004,Band 3 (1800MHz),-84.4,-4.6,12.0,18.6,7.6,65.2
2026-10-22 02:00:00,RJPN-004-2,RJPN-004,Band 3 (1800MHz),-87.5,-7.8,11.9,0.0,0.0,57.5
2026-10-22 02:00:00,RJPN-004-3,RJPN-004,Band 3 (1800MHz),-89.6,-10.2,10.3,10.2,13.4,0.0
2026-10-22 02:00:00,RJPN-005-1,RJPN-005,Band 1 (2100MHz),-82.7,-13.2,8.7,6.9,0.0,37.8
2026-10-22 02:00:00,RJPN-005-2,RJPN-005,Band 1 (2100MHz),-88.7,-7.3,15.4,19.8,8.7,22.6
2026-10-22 02:00:00,RJPN-005-3,RJPN-005,Band 1 (2100MHz),-85.9,-6.5,5.7,30.5,2.7,21.5
2026-10-22 02:00:00,RJPN-006-1,RJPN-006,Band 3 (1800MHz),-82.2,-9.3,9.7,22.4,13.7,18.8
2026-10-22 02:00:00,RJPN-006-2,RJPN-006,Band 3 (1800MHz),-86.3,-5.5,9.0,12.3,17.8,23.2
2026-10-22 02:00:00,RJPN-006-3,RJPN-006,Band 3 (1800MHz),-86.3,-11.4,16.2,0.0,6.8,24.1
2026-10-22 02:00:00,RJPN-007-1,RJPN-007,Band 1 (2100MHz),-89.4,-10.6,12.7,11.4,3.5,27.8
2026-10-22 02:00:00,RJPN-007-2,RJPN-007,Band 1 (2100MHz),-79.7,-7.1,15.4,16.1,0.0,0.0
2026-10-22 02:00:00,RJPN-007-3,RJPN-007,Band 1 (2100MHz),-86.0,-8.9,2.1,0.0,4.5,0.0
2026-10-22 02:00:00,RJPN-008-1,RJPN-008,Band 3 (1800MHz),-85.4,-8.6,11.7,0.0,5.6,39.0
2026-10-22 02:00:00,RJPN-008-2,RJPN-008,Band 3 (1800MHz),-85.0,-5.9,14.3,39.4,0.0,14.0
2026-10-22 02:00:00,RJPN-008-3,RJPN-008,Band 3 (1800MHz),-86.3,-8.8,10.2,15.0,13.6,30.2
2026-10-22 02:00:00,RJPN-009-1,RJPN-009,Band 1 (2100MHz),-85.1,-11.4,13.3,4.3,0.0,21.9
2026-10-22 02:00:00,RJPN-009-2,RJPN-009,Band 1 (2100MHz),-84.5,-7.4,19.7,32.6,2.5,19.1
2026-10-22 02:00:00,RJPN-009-3,RJPN-009,Band 1 (2100MHz),-90.1,-6.9,9.2,11.0,0.4,0.1
2026-10-22 02:00:00,RJPN-010-1,RJPN-010,Band 3 (1800MHz),-85.3,-9.9,15.5,17.3,0.9,8.3
2026-10-22 02:00:00,RJPN-010-2,RJPN-010,Band 3 (1800MHz),-89.0,-9.0,7.3,0.0,6.1,35.6
2026-10-22 02:00:00,RJPN-010-3,RJPN-010,Band 3 (1800MHz),-91.8,-8.7,15.5,8.3,0.0,0.0
2026-10-22 02:00:00,RJPN-011-1,RJPN-011,Band 1 (2100MHz),-76.2,-8.9,8.0,0.0,9.4,11.7
2026-10-22 02:00:00,RJPN-011-2,RJPN-011,Band 1 (2100MHz),-95.7,-12.6,2.0,0.0,10.3,0.0
2026-10-22 02:00:00,RJPN-011-3,RJPN-011,Band 1 (2100MHz),-93.5,-11.8,-8.4,19.6,0.0,0.0
2026-10-22 03:00:00,RJPN-001-1,RJPN-001,Band 1 (2100MHz),-88.7,-7.9,9.2,7.0,0.0,30.2
2026-10-22 03:00:00,RJPN-001-2,RJPN-001,Band 1 (2100MHz),-84.9,-5.4,12.1,5.9,0.0,0.0
2026-10-22 03:00:00,RJPN-001-3,RJPN-001,Band 1 (2100MHz),-84.8,-6.8,12.1,0.0,4.2,0.0
2026-10-22 03:00:00,RJPN-002-1,RJPN-002,Band 3 (1800MHz),-89.5,-5.9,7.3,0.0,5.7,15.8
2026-10-22 03:00:00,RJPN-002-2,RJPN-002,Band 3 (1800MHz),-99.1,-13.0,10.8,2.1,14.2,0.0
2026-10-22 03:00:00,RJPN-002-3,RJPN-002,Band 3 (1800MHz),-77.9,-8.4,13.7,19.8,0.5,57.0
2026-10-22 03:00:00,RJPN-003-1,RJPN-003,Band 1 (2100MHz),-88.8,-5.7,10.9,1.1,5.3,0.0
2026-10-22 03:00:00,RJPN-003-2,RJPN-003,Band 1 (2100MHz),-88.4,-11.3,13.0,20.7,0.0,5.2
2026-10-22 03:00:00,RJPN-003-3,RJPN-003,Band 1 (2100MHz),-86.2,-5.6,12.1,4.2,7.7,37.3
2026-10-22 03:00:00,RJPN-004-1,RJPN-004,Band 3 (1800MHz),-84.0,-9.7,18.4,2.9,0.0,6.2
2026-10-22 03:00:00,RJPN-004-2,RJPN-004,Band 3 (1800MHz),-74.4,-9.1,6.8,19.4,10.4,27.6
2026-10-22 03:00:00,RJPN-004-3,RJPN-004,Band 3 (1800MHz),-81.9,-5.9,15.5,0.0,10.3,0.0
2026-10-22 03:00:00,RJPN-005-1,RJPN-005,Band 1 (2100MHz),-86.3,-5.9,11.0,0.0,1.2,34.5
2026-10-22 03:00:00,RJPN-005-2,RJPN-005,Band 1 (2100MHz),-75.6,-7.3,11.4,0.0,15.4,9.9
2026-10-22 03:00:00,RJPN-005-3,RJPN-005,Band 1 (2100MHz),-84.6,-10.7,8.6,7.1,9.6,0.0
2026-10-22 03:00:00,RJPN-006-1,RJPN-006,Band 3 (1800MHz),-88.6,-5.2,5.0,2.6,0.4,0.0
2026-10-22 03:00:00,RJPN-006-2,RJPN-006,Band 3 (1800MHz),-84.2,-6.6,18.5,16.7,0.0,18.9
2026-10-22 03:00:00,RJPN-006-3,RJPN-006,Band 3 (1800MHz),-88.8,-7.8,12.4,3.0,9.9,15.8
2026-10-22 03:00:00,RJPN-007-1,RJPN-007,Band 1 (2100MHz),-83.3,-8.4,-3.8,3.3,5.4,21.7
2026-10-22 03:00:00,RJPN-007-2,RJPN-007,Band 1 (2100MHz),-85.0,-7.2,-0.0,18.5,0.3,27.7
2026-10-22 03:00:00,RJPN-007-3,RJPN-007,Band 1 (2100MHz),-84.4,-9.9,12.7,17.0,6.8,32.6
2026-10-22 03:00:00,RJPN-008-1,RJPN-008,Band 3 (1800MHz),-87.1,-7.9,3.2,11.7,0.0,28.6
2026-10-22 03:00:00,RJPN-008-2,RJPN-008,Band 3 (1800MHz),-85.0,-5.9,9.8,24.3,6.6,18.2
2026-10-22 03:00:00,RJPN-008-3,RJPN-008,Band 3 (1800MHz),-82.2,-8.9,10.2,10.4,0.0,0.0
2026-10-22 03:00:00,RJPN-009-1,RJPN-009,Band 1 (2100MHz),-84.3,-9.2,14.5,0.0,1.2,21.2
2026-10-22 03:00:00,RJPN-009-2,RJPN-009,Band 1 (2100MHz),-89.9,-10.7,9.8,3.4,13.9,62.3
2026-10-22 03:00:00,RJPN-009-3,RJPN-009,Band 1 (2100MHz),-85.1,-7.8,13.7,6.9,10.0,19.4
2026-10-22 03:00:00,RJPN-010-1,RJPN-010,Band 3 (1800MHz),-84.7,-9.6,8.9,0.0,0.0,7.4
2026-10-22 03:00:00,RJPN-010-2,RJPN-010,Band 3 (1800MHz),-84.5,-9.3,3.9,6.3,15.8,56.8
2026-10-22 03:00:00,RJPN-010-3,RJPN-010,Band 3 (1800MHz),-85.5,-9.8,15.6,0.0,14.7,0.0
2026-10-22 03:00:00,RJPN-011-1,RJPN-011,Band 1 (2100MHz),-81.6,-8.8,21.9,6.5,0.0,28.5
2026-10-22 03:00:00,RJPN-011-2,RJPN-011,Band 1 (2100MHz),-101.6,-11.9,8.0,6.2,12.4,11.5
2026-10-22 03:00:00,RJPN-011-3,RJPN-011,Band 1 (2100MHz),-92.5,-11.5,-4.4,16.6,13.8,0.0
2026-10-22 04:00:00,RJPN-001-1,RJPN-001,Band 1 (2100MHz),-87.4,-8.1,7.6,0.0,14.2,2.1
2026-10-22 04:00:00,RJPN-001-2,RJPN-001,Band 1 (2100MHz),-86.5,-5.9,9.9,28.0,0.0,0.0
2026-10-22 04:00:00,RJPN-001-3,RJPN-001,Band 1 (2100MHz),-84.2,-7.2,17.3,0.0,1.1,6.7
2026-10-22 04:00:00,RJPN-002-1,RJPN-002,Band 3 (1800MHz),-83.3,-8.5,13.8,14.0,8.4,0.0
2026-10-22 04:00:00,RJPN-002-2,RJPN-002,Band 3 (1800MHz),-101.9,-9.7,11.2,9.4,5.4,0.0
2026-10-22 04:00:00,RJPN-002-3,RJPN-002,Band 3 (1800MHz),-82.7,-8.3,16.7,0.0,0.6,17.9
2026-10-22 04:00:00,RJPN-003-1,RJPN-003,Band 1 (2100MHz),-86.5,-9.1,11.7,29.6,19.9,0.0
2026-10-22 04:00:00,RJPN-003-2,RJPN-003,Band 1 (2100MHz),-83.6,-7.9,12.0,0.0,9.6,5.8
2026-10-22 04:00:00,RJPN-003-3,RJPN-003,Band 1 (2100MHz),-85.1,-6.0,13.8,8.0,5.4,20.8
2026-10-22 04:00:00,RJPN-004-1,RJPN-004,Band 3 (1800MHz),-83.3,-6.9,9.7,10.8,11.3,22.8
2026-10-22 04:00:00,RJPN-004-2,RJPN-004,Band 3 (1800MHz),-87.7,-11.1,18.1,15.6,19.3,11.7
2026-10-22 04:00:00,RJPN-004-3,RJPN-004,Band 3 (1800MHz),-86.2,-6.3,17.1,0.0,0.0,13.7
2026-10-22 04:00:00,RJPN-005-1,RJPN-005,Band 1 (2100MHz),-95.1,-8.1,20.0,17.6,0.0,17.6
2026-10-22 04:00:00,RJPN-005-2,RJPN-005,Band 1 (2100MHz),-83.1,-11.1,7.1,0.0,0.0,18.9
2026-10-22 04:00:00,RJPN-005-3,RJPN-005,Band 1 (2100MHz),-79.1,-8.8,9.6,11.4,3.8,0.0
2026-10-22 04:00:00,RJPN-006-1,RJPN-006,Band 3 (1800MHz),-88.1,-7.6,6.3,8.7,15.1,3.3
2026-10-22 04:00:00,RJPN-006-2,RJPN-006,Band 3 (1800MHz),-91.3,-9.7,14.0,10.8,7.8,42.5
2026-10-22 04:00:00,RJPN-006-3,RJPN-006,Band 3 (1800MHz),-81.8,-8.4,10.8,0.0,13.1,11.6
2026-10-22 04:00:00,RJPN-007-1,RJPN-007,Band 1 (2100MHz),-75.6,-10.7,9.9,2.0,9.8,0.0
2026-10-22 04:00:00,RJPN-007-2,RJPN-007,Band 1 (2100MHz),-86.1,-7.3,12.3,6.9,0.0,0.0
2026-10-22 04:00:00,RJPN-007-3,RJPN-007,Band 1 (2100MHz),-85.3,-7.0,17.6,11.9,1.4,0.0
2026-10-22 04:00:00,RJPN-008-1,RJPN-008,Band 3 (1800MHz),-83.0,-12.4,8.6,12.0,5.3,22.3
2026-10-22 04:00:00,RJPN-008-2,RJPN-008,Band 3 (1800MHz),-88.7,-6.8,15.6,13.0,0.0,16.2
2026-10-22 04:00:00,RJPN-008-3,RJPN-008,Band 3 (1800MHz),-89.2,-11.6,7.9,4.8,17.4,6.3
2026-10-22 04:00:00,RJPN-009-1,RJPN-009,Band 1 (2100MHz),-82.7,-9.5,13.4,16.4,9.8,3.0
2026-10-22 04:00:00,RJPN-009-2,RJPN-009,Band 1 (2100MHz),-93.2,-7.4,7.0,5.5,5.3,21.1
2026-10-22 04:00:00,RJPN-009-3,RJPN-009,Band 1 (2100MHz),-83.8,-6.3,5.7,12.4,11.7,14.1
2026-10-22 04:00:00,RJPN-010-1,RJPN-010,Band 3 (1800MHz),-78.5,-7.4,7.3,3.0,22.1,0.0
2026-10-22 04:00:00,RJPN-010-2,RJPN-010,Band 3 (1800MHz),-81.2,-4.0,10.6,20.6,2.2,0.0
2026-10-22 04:00:00,RJPN-010-3,RJPN-010,Band 3 (1800MHz),-85.1,-5.4,9.9,2.6,16.9,0.0
2026-10-22 04:00:00,RJPN-011-1,RJPN-011,Band 1 (2100MHz),-76.2,-10.6,16.1,10.6,11.1,38.9
2026-10-22 04:00:00,RJPN-011-2,RJPN-011,Band 1 (2100MHz),-99.1,-16.1,13.7,0.0,0.0,25.2
2026-10-22 04:00:00,RJPN-011-3,RJPN-011,Band 1 (2100MHz),-96.9,-9.9,-1.8,0.0,12.9,0.0
2026-10-22 05:00:00,RJPN-001-1,RJPN-001,Band 1 (2100MHz),-82.6,-9.2,16.2,0.0,0.0,12.0
2026-10-22 05:00:00,RJPN-001-2,RJPN-001,Band 1 (2100MHz),-86.6,-11.6,8.4,23.8,5.1,9.3
2026-10-22 05:00:00,RJPN-001-3,RJPN-001,Band 1 (2100MHz),-92.0,-5.3,8.0,0.0,1.6,26.5
2026-10-22 05:00:00,RJPN-002-1,RJPN-002,Band 3 (1800MHz),-86.4,-9.1,15.0,6.8,0.0,0.0
2026-10-22 05:00:00,RJPN-002-2,RJPN-002,Band 3 (1800MHz),-99.5,-9.7,0.1,5.7,2.0,0.0
2026-10-22 05:00:00,RJPN-002-3,RJPN-002,Band 3 (1800MHz),-85.8,-7.3,8.2,0.0,0.0,7.7
2026-10-22 05:00:00,RJPN-003-1,RJPN-003,Band 1 (2100MHz),-82.2,-6.5,20.9,10.1,7.7,29.7
2026-10-22 05:00:00,RJPN-003-2,RJPN-003,Band 1 (2100MHz),-83.8,-11.6,18.4,10.9,13.1,0.0
2026-10-22 05:00:00,RJPN-003-3,RJPN-003,Band 1 (2100MHz),-82.6,-8.4,13.9,33.6,13.8,0.0
2026-10-22 05:00:00,RJPN-004-1,RJPN-004,Band 3 (1800MHz),-83.9,-9.4,24.9,22.9,5.0,18.5
2026-10-22 05:00:00,RJPN-004-2,RJPN-004,Band 3 (1800MHz),-89.8,-7.2,13.7,18.6,12.0,32.7
2026-10-22 05:00:00,RJPN-004-3,RJPN-004,Band 3 (1800MHz),-90.9,-7.3,13.0,0.0,4.7,20.8
2026-10-22 05:00:00,RJPN-005-1,RJPN-005,Band 1 (2100MHz),-87.0,-3.8,11.3,16.1,14.7,19.8
2026-10-22 05:00:00,RJPN-005-2,RJPN-005,Band 1 (2100MHz),-86.6,-7.0,14.2,12.0,0.0,6.8
2026-10-22 05:00:00,RJPN-005-3,RJPN-005,Band 1 (2100MHz),-87.9,-8.3,8.3,21.7,0.0,0.0
2026-10-22 05:00:00,RJPN-006-1,RJPN-006,Band 3 (1800MHz),-88.7,-8.7,4.6,3.3,0.0,0.0
2026-10-22 05:00:00,RJPN-006-2,RJPN-006,Band 3 (1800MHz),-83.7,-9.6,17.3,11.8,0.0,8.9
2026-10-22 05:00:00,RJPN-006-3,RJPN-006,Band 3 (1800MHz),-83.7,-8.6,18.7,5.6,0.2,28.9
2026-10-22 05:00:00,RJPN-007-1,RJPN-007,Band 1 (2100MHz),-82.0,-6.3,9.6,1.9,6.1,0.0
2026-10-22 05:00:00,RJPN-007-2,RJPN-007,Band 1 (2100MHz),-82.5,-8.3,12.5,0.0,15.2,20.6
2026-10-22 05:00:00,RJPN-007-3,RJPN-007,Band 1 (2100MHz),-84.4,-9.0,16.7,31.4,1.1,5.2
2026-10-22 05:00:00,RJPN-008-1,RJPN-008,Band 3 (1800MHz),-86.8,-7.6,16.0,16.1,6.0,14.3
2026-10-22 05:00:00,RJPN-008-2,RJPN-008,Band 3 (1800MHz),-89.7,-2.6,16.2,2.8,0.0,24.4
2026-10-22 05:00:00,RJPN-008-3,RJPN-008,Band 3 (1800MHz),-87.2,-7.7,4.2,9.1,0.0,16.6
2026-10-22 05:00:00,RJPN-009-1,RJPN-009,Band 1 (2100MHz),-86.3,-8.7,18.6,0.7,16.2,19.1
2026-10-22 05:00:00,RJPN-009-2,RJPN-009,Band 1 (2100MHz),-88.9,-4.9,15.4,13.7,0.0,52.6
2026-10-22 05:00:00,RJPN-009-3,RJPN-009,Band 1 (2100MHz),-77.8,-7.8,5.4,10.2,3.0,22.8
2026-10-22 05:00:00,RJPN-010-1,RJPN-010,Band 3 (1800MHz),-81.6,-9.0,9.7,20.0,10.4,46.8
2026-10-22 05:00:00,RJPN-010-2,RJPN-010,Band 3 (1800MHz),-82.5,-5.8,13.5,0.0,12.1,33.2
2026-10-22 05:00:00,RJPN-010-3,RJPN-010,Band 3 (1800MHz),-84.7,-6.6,9.1,0.0,16.4,18.9
2026-10-22 05:00:00,RJPN-011-1,RJPN-011,Band 1 (2100MHz),-81.4,-10.0,24.6,17.6,8.1,0.0
2026-10-22 05:00:00,RJPN-011-2,RJPN-011,Band 1 (2100MHz),-107.8,-9.9,8.3,0.2,7.2,24.0
2026-10-22 05:00:00,RJPN-011-3,RJPN-011,Band 1 (2100MHz),-92.4,-13.5,7.5,0.4,0.0,20.4
2026-10-22 06:00:00,RJPN-001-1,RJPN-001,Band 1 (2100MHz),-82.2,-3.9,13.2,55.0,16.0,0.0
2026-10-22 06:00:00,RJPN-001-2,RJPN-001,Band 1 (2100MHz),-86.3,-8.4,9.5,22.5,15.0,0.0
2026-10-22 06:00:00,RJPN-001-3,RJPN-001,Band 1 (2100MHz),-89.7,-7.4,23.9,32.7,15.1,40.9
2026-10-22 06:00:00,RJPN-002-1,RJPN-002,Band 3 (1800MHz),-89.3,-9.6,10.0,21.3,4.4,20.6
2026-10-22 06:00:00,RJPN-002-2,RJPN-002,Band 3 (1800MHz),-93.7,-16.9,9.9,28.6,9.7,0.0
2026-10-22 06:00:00,RJPN-002-3,RJPN-002,Band 3 (1800MHz),-84.4,-7.6,13.8,24.4,12.4,13.0
2026-10-22 06:00:00,RJPN-003-1,RJPN-003,Band 1 (2100MHz),-78.7,-9.6,16.0,10.9,21.5,43.3
2026-10-22 06:00:00,RJPN-003-2,RJPN-003,Band 1 (2100MHz),-86.6,-9.3,22.5,25.6,0.9,48.9
2026-10-22 06:00:00,RJPN-003-3,RJPN-003,Band 1 (2100MHz),-85.5,-10.0,8.8,4.0,20.1,6.1
2026-10-22 06:00:00,RJPN-004-1,RJPN-004,Band 3 (1800MHz),-86.2,-6.1,14.5,13.7,24.1,17.0
2026-10-22 06:00:00,RJPN-004-2,RJPN-004,Band 3 (1800MHz),-84.0,-9.8,7.3,12.9,3.9,15.8
2026-10-22 06:00:00,RJPN-004-3,RJPN-004,Band 3 (1800MHz),-81.5,-8.8,9.9,6.9,0.0,0.0
2026-10-22 06:00:00,RJPN-005-1,RJPN-005,Band 1 (2100MHz),-92.7,-5.9,5.9,19.9,3.3,29.8
2026-10-22 06:00:00,RJPN-005-2,RJPN-005,Band 1 (2100MHz),-85.3,-10.6,21.2,0.0,20.9,36.2
2026-10-22 06:00:00,RJPN-005-3,RJPN-005,Band 1 (2100MHz),-81.0,-10.1,19.2,8.9,5.3,5.6
2026-10-22 06:00:00,RJPN-006-1,RJPN-006,Band 3 (1800MHz),-83.0,-5.8,21.4,23.8,3.9,35.9
2026-10-22 06:00:00,RJPN-006-2,RJPN-006,Band 3 (1800MHz),-85.0,-10.9,18.8,14.4,18.6,34.6
2026-10-22 06:00:00,RJPN-006-3,RJPN-006,Band 3 (1800MHz),-86.4,-11.7,13.9,12.2,17.9,46.5
2026-10-22 06:00:00,RJPN-007-1,RJPN-007,Band 1 (2100MHz),-81.3,-10.1,17.2,0.0,8.6,8.8
2026-10-22 06:00:00,RJPN-007-2,RJPN-007,Band 1 (2100MHz),-82.5,-7.8,18.1,21.3,11.3,0.0
2026-10-22 06:00:00,RJPN-007-3,RJPN-007,Band 1 (2100MHz),-79.0,-8.7,18.2,13.0,7.5,35.9
2026-10-22 06:00:00,RJPN-008-1,RJPN-008,Band 3 (1800MHz),-84.0,-7.7,14.7,8.2,0.0,29.9
2026-10-22 06:00:00,RJPN-008-2,RJPN-008,Band 3 (1800MHz),-91.1,-4.0,11.1,9.7,5.0,16.4
2026-10-22 06:00:00,RJPN-008-3,RJPN-008,Band 3 (1800MHz),-78.2,-11.1,5.2,20.1,18.6,27.5
2026-10-22 06:00:00,RJPN-009-1,RJPN-009,Band 1 (2100MHz),-86.8,-10.5,2.6,0.0,9.1,54.7
2026-10-22 06:00:00,RJPN-009-2,RJPN-009,Band 1 (2100MHz),-86.5,-8.5,11.9,21.7,12.6,0.0
2026-10-22 06:00:00,RJPN-009-3,RJPN-009,Band 1 (2100MHz),-85.6,-9.2,9.0,8.6,12.4,37.4
2026-10-22 06:00:00,RJPN-010-1,RJPN-010,Band 3 (1800MHz),-84.6,-6.6,10.3,12.8,1.1,33.3
2026-10-22 06:00:00,RJPN-010-2,RJPN-010,Band 3 (1800MHz),-83.5,-9.5,11.3,33.3,4.9,37.7
2026-10-22 06:00:00,RJPN-010-3,RJPN-010,Band 3 (1800MHz),-84.3,-9.6,20.1,0.1,24.5,57.6
2026-10-22 06:00:00,RJPN-011-1,RJPN-011,Band 1 (2100MHz),-79.0,-7.1,5.8,30.2,10.4,0.0
2026-10-22 06:00:00,RJPN-011-2,RJPN-011,Band 1 (2100MHz),-93.4,-12.4,3.5,21.4,1.5,43.5
2026-10-22 06:00:00,RJPN-011-3,RJPN-011,Band 1 (2100MHz),-100.2,-11.1,-0.8,11.4,15.0,19.6
2026-10-22 07:00:00,RJPN-001-1,RJPN-001,Band 1 (2100MHz),-86.9,-7.8,5.6,66.5,26.1,114.2
2026-10-22 07:00:00,RJPN-001-2,RJPN-001,Band 1 (2100MHz),-79.6,-13.0,14.2,49.9,25.4,105.0
2026-10-22 07:00:00,RJPN-001-3,RJPN-001,Band 1 (2100MHz),-87.4,-11.2,15.6,87.3,44.9,87.6
2026-10-22 07:00:00,RJPN-002-1,RJPN-002,Band 3 (1800MHz),-81.6,-10.0,12.3,67.8,37.3,76.9
2026-10-22 07:00:00,RJPN-002-2,RJPN-002,Band 3 (1800MHz),-96.9,-14.1,-1.7,34.5,30.1,100.8
2026-10-22 07:00:00,RJPN-002-3,RJPN-002,Band 3 (1800MHz),-86.8,-8.0,12.2,53.1,30.3,96.6
2026-10-22 07:00:00,RJPN-003-1,RJPN-003,Band 1 (2100MHz),-88.0,-13.2,16.4,45.9,25.9,62.6
2026-10-22 07:00:00,RJPN-003-2,RJPN-003,Band 1 (2100MHz),-81.5,-8.9,13.4,53.0,30.9,77.5
2026-10-22 07:00:00,RJPN-003-3,RJPN-003,Band 1 (2100MHz),-82.1,-10.5,6.7,70.7,36.6,82.9
2026-10-22 07:00:00,RJPN-004-1,RJPN-004,Band 3 (1800MHz),-76.7,-9.5,11.6,48.7,28.1,101.4
2026-10-22 07:00:00,RJPN-004-2,RJPN-004,Band 3 (1800MHz),-87.2,-12.5,17.9,46.7,9.2,100.4
2026-10-22 07:00:00,RJPN-004-3,RJPN-004,Band 3 (1800MHz),-85.3,-10.0,19.9,67.1,35.3,64.9
2026-10-22 07:00:00,RJPN-005-1,RJPN-005,Band 1 (2100MHz),-86.8,-11.4,23.1,75.5,29.1,89.6
2026-10-22 07:00:00,RJPN-005-2,RJPN-005,Band 1 (2100MHz),-88.6,-7.6,14.3,48.3,50.7,86.2
2026-10-22 07:00:00,RJPN-005-3,RJPN-005,Band 1 (2100MHz),-77.7,-8.2,11.5,46.3,26.2,92.0
2026-10-22 07:00:00,RJPN-006-1,RJPN-006,Band 3 (1800MHz),-93.2,-13.2,12.4,57.8,38.7,98.6
2026-10-22 07:00:00,RJPN-006-2,RJPN-006,Band 3 (1800MHz),-83.2,-9.9,9.6,70.0,26.5,107.4
2026-10-22 07:00:00,RJPN-006-3,RJPN-006,Band 3 (1800MHz),-84.7,-6.1,7.1,47.3,34.2,84.8
2026-10-22 07:00:00,RJPN-007-1,RJPN-007,Band 1 (2100MHz),-86.6,-10.7,25.4,48.4,19.0,77.3
2026-10-22 07:00:00,RJPN-007-2,RJPN-007,Band 1 (2100MHz),-85.9,-10.2,17.9,48.7,33.1,97.4
2026-10-22 07:00:00,RJPN-007-3,RJPN-007,Band 1 (2100MHz),-86.9,-12.2,6.8,47.7,39.4,88.4
2026-10-22 07:00:00,RJPN-008-1,RJPN-008,Band 3 (1800MHz),-84.6,-7.9,9.1,65.1,31.0,100.6
2026-10-22 07:00:00,RJPN-008-2,RJPN-008,Band 3 (1800MHz),-79.8,-13.1,13.7,49.0,26.6,104.4
2026-10-22 07:00:00,RJPN-008-3,RJPN-008,Band 3 (1800MHz),-83.9,-8.3,15.5,66.5,32.9,104.7
2026-10-22 07:00:00,RJPN-009-1,RJPN-009,Band 1 (2100MHz),-81.1,-12.7,11.8,30.9,33.8,82.4
2026-10-22 07:00:00,RJPN-009-2,RJPN-009,Band 1 (2100MHz),-86.7,-14.3,8.8,55.1,47.6,110.5
2026-10-22 07:00:00,RJPN-009-3,RJPN-009,Band 1 (2100MHz),-84.0,-10.3,8.5,55.0,32.7,64.1
2026-10-22 07:00:00,RJPN-010-1,RJPN-010,Band 3 (1800MHz),-89.0,-11.4,16.3,59.2,29.7,66.7
2026-10-22 07:00:00,RJPN-010-2,RJPN-010,Band 3 (1800MHz),-86.5,-12.6,11.7,54.1,29.9,125.3
2026-10-22 07:00:00,RJPN-010-3,RJPN-010,Band 3 (1800MHz),-81.2,-11.8,14.7,48.9,27.3,80.3
2026-10-22 07:00:00,RJPN-011-1,RJPN-011,Band 1 (2100MHz),-83.3,-12.4,11.5,53.0,25.4,49.4
2026-10-22 07:00:00,RJPN-011-2,RJPN-011,Band 1 (2100MHz),-102.1,-13.0,7.3,54.1,49.7,45.5
2026-10-22 07:00:00,RJPN-011-3,RJPN-011,Band 1 (2100MHz),-93.0,-12.0,16.0,33.0,19.1,65.9
2026-10-22 08:00:00,RJPN-001-1,RJPN-001,Band 1 (2100MHz),-85.9,-9.6,7.1,69.9,51.3,128.5
2026-10-22 08:00:00,RJPN-001-2,RJPN-001,Band 1 (2100MHz),-83.6,-11.1,15.4,58.2,51.1,97.5
2026-10-22 08:00:00,RJPN-001-3,RJPN-001,Band 1 (2100MHz),-90.5,-12.5,5.6,58.8,36.2,126.6
2026-10-22 08:00:00,RJPN-002-1,RJPN-002,Band 3 (1800MHz),-86.8,-11.5,19.1,70.5,45.6,104.9
2026-10-22 08:00:00,RJPN-002-2,RJPN-002,Band 3 (1800MHz),-97.6,-13.9,-8.6,85.6,22.6,120.7
2026-10-22 08:00:00,RJPN-002-3,RJPN-002,Band 3 (1800MHz),-86.4,-13.0,13.9,48.4,55.0,118.5
2026-10-22 08:00:00,RJPN-003-1,RJPN-003,Band 1 (2100MHz),-80.8,-7.8,17.7,58.8,41.1,163.9
2026-10-22 08:00:00,RJPN-003-2,RJPN-003,Band 1 (2100MHz),-92.8,-11.7,18.8,76.2,42.6,160.5
2026-10-22 08:00:00,RJPN-003-3,RJPN-003,Band 1 (2100MHz),-84.9,-10.2,18.0,68.8,39.0,90.9
2026-10-22 08:00:00,RJPN-004-1,RJPN-004,Band 3 (1800MHz),-87.8,-12.5,15.3,76.2,47.3,122.9
2026-10-22 08:00:00,RJPN-004-2,RJPN-004,Band 3 (1800MHz),-84.8,-14.3,10.9,73.8,39.8,105.2
2026-10-22 08:00:00,RJPN-004-3,RJPN-004,Band 3 (1800MHz),-89.2,-8.8,9.1,68.6,43.5,91.8
2026-10-22 08:00:00,RJPN-005-1,RJPN-005,Band 1 (2100MHz),-84.5,-13.6,21.7,81.4,27.2,124.9
2026-10-22 08:00:00,RJPN-005-2,RJPN-005,Band 1 (2100MHz),-80.0,-11.0,13.0,59.1,43.4,112.7
2026-10-22 08:00:00,RJPN-005-3,RJPN-005,Band 1 (2100MHz),-81.7,-13.7,7.2,73.7,44.9,122.4
2026-10-22 08:00:00,RJPN-006-1,RJPN-006,Band 3 (1800MHz),-87.5,-8.0,3.2,51.8,40.3,124.2
2026-10-22 08:00:00,RJPN-006-2,RJPN-006,Band 3 (1800MHz),-78.4,-9.5,13.0,69.7,35.9,85.4
2026-10-22 08:00:00,RJPN-006-3,RJPN-006,Band 3 (1800MHz),-85.1,-8.5,15.8,83.5,58.3,116.6
2026-10-22 08:00:00,RJPN-007-1,RJPN-007,Band 1 (2100MHz),-80.6,-11.3,22.0,66.7,41.5,125.2
2026-10-22 08:00:00,RJPN-007-2,RJPN-007,Band 1 (2100MHz),-81.8,-11.5,11.8,73.3,42.2,109.4
2026-10-22 08:00:00,RJPN-007-3,RJPN-007,Band 1 (2100MHz),-83.6,-10.7,7.2,78.2,43.6,110.7
2026-10-22 08:00:00,RJPN-008-1,RJPN-008,Band 3 (1800MHz),-85.8,-8.9,17.0,72.0,55.5,119.0
2026-10-22 08:00:00,RJPN-008-2,RJPN-008,Band 3 (1800MHz),-81.1,-8.9,4.6,65.1,35.4,95.2
2026-10-22 08:00:00,RJPN-008-3,RJPN-008,Band 3 (1800MHz),-85.7,-14.1,20.5,80.8,45.0,143.8
2026-10-22 08:00:00,RJPN-009-1,RJPN-009,Band 1 (2100MHz),-90.8,-13.1,16.2,90.0,59.0,115.5
2026-10-22 08:00:00,RJPN-009-2,RJPN-009,Band 1 (2100MHz),-90.0,-11.5,9.6,59.6,38.7,105.3
2026-10-22 08:00:00,RJPN-009-3,RJPN-009,Band 1 (2100MHz),-92.4,-12.9,15.7,85.5,41.0,123.1
2026-10-22 08:00:00,RJPN-010-1,RJPN-010,Band 3 (1800MHz),-84.9,-13.2,6.9,64.4,36.8,134.4
2026-10-22 08:00:00,RJPN-010-2,RJPN-010,Band 3 (1800MHz),-86.7,-9.8,17.1,70.2,45.7,126.1
2026-10-22 08:00:00,RJPN-010-3,RJPN-010,Band 3 (1800MHz),-88.0,-10.6,6.8,57.7,37.7,138.6
2026-10-22 08:00:00,RJPN-011-1,RJPN-011,Band 1 (2100MHz),-86.3,-8.6,6.2,87.9,43.6,120.9
2026-10-22 08:00:00,RJPN-011-2,RJPN-011,Band 1 (2100MHz),-91.9,-14.9,7.0,53.8,34.6,133.8
2026-10-22 08:00:00,RJPN-011-3,RJPN-011,Band 1 (2100MHz),-98.0,-16.7,-2.9,79.5,31.7,138.2
2026-10-22 09:00:00,RJPN-001-1,RJPN-001,Band 1 (2100MHz),-84.1,-9.7,10.8,54.1,46.5,87.9
2026-10-22 09:00:00,RJPN-001-2,RJPN-001,Band 1 (2100MHz),-79.7,-12.6,4.4,60.3,45.7,118.0
2026-10-22 09:00:00,RJPN-001-3,RJPN-001,Band 1 (2100MHz),-84.6,-9.5,10.7,65.3,26.2,101.7
2026-10-22 09:00:00,RJPN-002-1,RJPN-002,Band 3 (1800MHz),-89.0,-7.7,15.5,63.9,45.3,124.1
2026-10-22 09:00:00,RJPN-002-2,RJPN-002,Band 3 (1800MHz),-103.5,-15.9,4.4,47.0,34.9,69.8
2026-10-22 09:00:00,RJPN-002-3,RJPN-002,Band 3 (1800MHz),-94.5,-10.9,16.1,58.3,43.4,109.0
2026-10-22 09:00:00,RJPN-003-1,RJPN-003,Band 1 (2100MHz),-85.3,-10.1,8.4,63.0,11.9,122.4
2026-10-22 09:00:00,RJPN-003-2,RJPN-003,Band 1 (2100MHz),-89.7,-8.0,4.9,55.6,31.6,101.8
2026-10-22 09:00:00,RJPN-003-3,RJPN-003,Band 1 (2100MHz),-88.5,-10.7,6.0,59.9,26.1,80.6
2026-10-22 09:00:00,RJPN-004-1,RJPN-004,Band 3 (1800MHz),-82.8,-9.8,9.5,71.0,35.0,66.9
2026-10-22 09:00:00,RJPN-004-2,RJPN-004,Band 3 (1800MHz),-85.0,-10.3,3.8,70.5,39.4,74.9
2026-10-22 09:00:00,RJPN-004-3,RJPN-004,Band 3 (1800MHz),-80.6,-10.9,13.5,72.3,40.8,149.2
2026-10-22 09:00:00,RJPN-005-1,RJPN-005,Band 1 (2100MHz),-89.4,-11.8,10.4,66.8,48.2,103.5
2026-10-22 09:00:00,RJPN-005-2,RJPN-005,Band 1 (2100MHz),-88.3,-8.9,13.2,60.3,30.0,109.9
2026-10-22 09:00:00,RJPN-005-3,RJPN-005,Band 1 (2100MHz),-86.0,-10.2,11.0,62.8,27.1,141.7
2026-10-22 09:00:00,RJPN-006-1,RJPN-006,Band 3 (1800MHz),-86.4,-10.1,14.2,55.5,38.9,55.5
2026-10-22 09:00:00,RJPN-006-2,RJPN-006,Band 3 (1800MHz),-91.0,-10.2,16.2,44.1,32.6,79.7
2026-10-22 09:00:00,RJPN-006-3,RJPN-006,Band 3 (1800MHz),-79.7,-10.9,2.9,49.1,44.8,119.6
2026-10-22 09:00:00,RJPN-007-1,RJPN-007,Band 1 (2100MHz),-81.8,-7.8,22.4,74.8,34.9,126.6
2026-10-22 09:00:00,RJPN-007-2,RJPN-007,Band 1 (2100MHz),-83.0,-13.3,13.1,51.0,24.8,61.5
2026-10-22 09:00:00,RJPN-007-3,RJPN-007,Band 1 (2100MHz),-81.0,-13.6,20.2,51.2,25.6,114.0
2026-10-22 09:00:00,RJPN-008-1,RJPN-008,Band 3 (1800MHz),-88.1,-11.0,11.9,75.8,37.4,88.8
2026-10-22 09:00:00,RJPN-008-2,RJPN-008,Band 3 (1800MHz),-82.3,-10.6,11.0,63.3,35.9,88.9
2026-10-22 09:00:00,RJPN-008-3,RJPN-008,Band 3 (1800MHz),-86.5,-13.2,10.7,43.1,34.3,96.2
2026-10-22 09:00:00,RJPN-009-1,RJPN-009,Band 1 (2100MHz),-84.0,-9.2,13.6,58.3,19.5,92.9
2026-10-22 09:00:00,RJPN-009-2,RJPN-009,Band 1 (2100MHz),-87.4,-10.1,15.5,55.8,41.0,148.6
2026-10-22 09:00:00,RJPN-009-3,RJPN-009,Band 1 (2100MHz),-86.5,-10.4,13.7,61.9,19.8,84.3
2026-10-22 09:00:00,RJPN-010-1,RJPN-010,Band 3 (1800MHz),-82.7,-12.2,17.2,62.2,29.7,102.1
2026-10-22 09:00:00,RJPN-010-2,RJPN-010,Band 3 (1800MHz),-76.7,-11.6,13.4,69.1,34.5,109.1
2026-10-22 09:00:00,RJPN-010-3,RJPN-010,Band 3 (1800MHz),-85.4,-9.3,11.5,57.8,20.8,105.1
2026-10-22 09:00:00,RJPN-011-1,RJPN-011,Band 1 (2100MHz),-81.9,-9.0,9.6,72.2,24.2,65.6
2026-10-22 09:00:00,RJPN-011-2,RJPN-011,Band 1 (2100MHz),-95.6,-12.3,2.0,57.8,30.2,89.3
2026-10-22 09:00:00,RJPN-011-3,RJPN-011,Band 1 (2100MHz),-101.1,-16.1,-0.8,49.1,40.9,106.1
2026-10-22 10:00:00,RJPN-001-1,RJPN-001,Band 1 (2100MHz),-93.9,-9.7,21.4,38.0,0.0,6.0
2026-10-22 10:00:00,RJPN-001-2,RJPN-001,Band 1 (2100MHz),-84.8,-7.3,10.7,6.9,5.2,38.0
2026-10-22 10:00:00,RJPN-001-3,RJPN-001,Band 1 (2100MHz),-87.5,-5.9,16.7,13.8,9.6,73.8
2026-10-22 10:00:00,RJPN-002-1,RJPN-002,Band 3 (1800MHz),-76.9,-10.2,11.0,13.2,29.5,8.9
2026-10-22 10:00:00,RJPN-002-2,RJPN-002,Band 3 (1800MHz),-104.0,-14.1,11.1,11.7,20.1,17.8
2026-10-22 10:00:00,RJPN-002-3,RJPN-002,Band 3 (1800MHz),-84.5,-8.8,5.1,44.6,14.3,39.7
2026-10-22 10:00:00,RJPN-003-1,RJPN-003,Band 1 (2100MHz),-82.6,-9.9,16.1,0.0,0.0,53.1
2026-10-22 10:00:00,RJPN-003-2,RJPN-003,Band 1 (2100MHz),-84.7,-7.1,14.1,16.6,26.9,27.7
2026-10-22 10:00:00,RJPN-003-3,RJPN-003,Band 1 (2100MHz),-85.9,-7.3,14.2,3.8,17.1,14.5
2026-10-22 10:00:00,RJPN-004-1,RJPN-004,Band 3 (1800MHz),-78.6,-11.4,9.7,10.6,0.0,13.7
2026-10-22 10:00:00,RJPN-004-2,RJPN-004,Band 3 (1800MHz),-82.6,-6.5,15.4,21.8,24.3,19.8
2026-10-22 10:00:00,RJPN-004-3,RJPN-004,Band 3 (1800MHz),-78.3,-5.9,12.4,33.5,29.9,20.6
2026-10-22 10:00:00,RJPN-005-1,RJPN-005,Band 1 (2100MHz),-79.4,-8.8,13.7,26.8,10.2,56.6
2026-10-22 10:00:00,RJPN-005-2,RJPN-005,Band 1 (2100MHz),-82.6,-8.2,13.2,26.0,2.3,13.8
2026-10-22 10:00:00,RJPN-005-3,RJPN-005,Band 1 (2100MHz),-83.7,-13.5,13.3,25.6,3.4,0.0
2026-10-22 10:00:00,RJPN-006-1,RJPN-006,Band 3 (1800MHz),-87.5,-5.7,18.9,17.0,0.0,66.2
2026-10-22 10:00:00,RJPN-006-2,RJPN-006,Band 3 (1800MHz),-88.5,-9.2,13.0,20.5,31.4,49.4
2026-10-22 10:00:00,RJPN-006-3,RJPN-006,Band 3 (1800MHz),-86.3,-10.1,14.5,15.5,0.0,21.6
2026-10-22 10:00:00,RJPN-007-1,RJPN-007,Band 1 (2100MHz),-83.0,-12.0,13.4,8.3,7.7,34.9
2026-10-22 10:00:00,RJPN-007-2,RJPN-007,Band 1 (2100MHz),-88.5,-7.6,9.1,5.6,5.8,21.9
2026-10-22 10:00:00,RJPN-007-3,RJPN-007,Band 1 (2100MHz),-89.4,-11.2,8.1,20.9,12.8,28.6
2026-10-22 10:00:00,RJPN-008-1,RJPN-008,Band 3 (1800MHz),-80.4,-8.5,17.8,15.4,0.8,37.1
2026-10-22 10:00:00,RJPN-008-2,RJPN-008,Band 3 (1800MHz),-77.3,-9.1,6.2,19.8,7.4,23.5
2026-10-22 10:00:00,RJPN-008-3,RJPN-008,Band 3 (1800MHz),-89.8,-8.9,12.8,15.7,2.6,0.0
2026-10-22 10:00:00,RJPN-009-1,RJPN-009,Band 1 (2100MHz),-84.4,-6.4,10.5,18.1,17.9,43.1
2026-10-22 10:00:00,RJPN-009-2,RJPN-009,Band 1 (2100MHz),-81.8,-8.5,14.9,19.6,12.0,0.0
2026-10-22 10:00:00,RJPN-009-3,RJPN-009,Band 1 (2100MHz),-86.1,-7.9,14.5,1.6,21.2,47.2
2026-10-22 10:00:00,RJPN-010-1,RJPN-010,Band 3 (1800MHz),-87.9,-8.7,20.1,0.0,9.5,26.1
2026-10-22 10:00:00,RJPN-010-2,RJPN-010,Band 3 (1800MHz),-75.5,-8.6,16.9,22.7,0.0,26.3
2026-10-22 10:00:00,RJPN-010-3,RJPN-010,Band 3 (1800MHz),-88.0,-11.0,13.2,20.4,17.9,14.8
2026-10-22 10:00:00,RJPN-011-1,RJPN-011,Band 1 (2100MHz),-90.1,-8.2,9.4,33.0,24.2,59.5
2026-10-22 10:00:00,RJPN-011-2,RJPN-011,Band 1 (2100MHz),-97.0,-13.2,6.9,12.7,20.6,25.5
2026-10-22 10:00:00,RJPN-011-3,RJPN-011,Band 1 (2100MHz),-91.4,-11.5,4.9,13.5,9.0,38.9
2026-10-22 11:00:00,RJPN-001-1,RJPN-001,Band 1 (2100MHz),-80.2,-7.1,10.3,55.3,51.5,78.9
2026-10-22 11:00:00,RJPN-001-2,RJPN-001,Band 1 (2100MHz),-82.4,-11.3,19.4,49.5,27.5,75.8
2026-10-22 11:00:00,RJPN-001-3,RJPN-001,Band 1 (2100MHz),-88.2,-10.3,15.8,18.8,18.4,83.3
2026-10-22 11:00:00,RJPN-002-1,RJPN-002,Band 3 (1800MHz),-91.9,-11.7,14.6,31.3,32.5,99.6
2026-10-22 11:00:00,RJPN-002-2,RJPN-002,Band 3 (1800MHz),-94.0,-14.8,6.7,36.5,33.1,75.7
2026-10-22 11:00:00,RJPN-002-3,RJPN-002,Band 3 (1800MHz),-86.0,-11.1,16.7,32.4,33.2,97.7
2026-10-22 11:00:00,RJPN-003-1,RJPN-003,Band 1 (2100MHz),-82.2,-11.4,13.1,42.8,40.8,56.5
2026-10-22 11:00:00,RJPN-003-2,RJPN-003,Band 1 (2100MHz),-84.0,-10.8,23.3,50.8,35.4,64.3
2026-10-22 11:00:00,RJPN-003-3,RJPN-003,Band 1 (2100MHz),-78.2,-12.0,20.0,40.1,46.4,99.6
2026-10-22 11:00:00,RJPN-004-1,RJPN-004,Band 3 (1800MHz),-87.2,-12.4,7.4,56.1,18.6,97.6
2026-10-22 11:00:00,RJPN-004-2,RJPN-004,Band 3 (1800MHz),-85.4,-11.3,16.1,50.6,26.2,87.2
2026-10-22 11:00:00,RJPN-004-3,RJPN-004,Band 3 (1800MHz),-88.5,-11.2,10.9,42.8,33.0,67.3
2026-10-22 11:00:00,RJPN-005-1,RJPN-005,Band 1 (2100MHz),-84.3,-9.8,11.7,29.8,29.9,86.1
2026-10-22 11:00:00,RJPN-005-2,RJPN-005,Band 1 (2100MHz),-90.3,-10.7,14.7,50.1,43.7,67.4
2026-10-22 11:00:00,RJPN-005-3,RJPN-005,Band 1 (2100MHz),-86.7,-7.9,8.6,48.2,22.7,79.0
2026-10-22 11:00:00,RJPN-006-1,RJPN-006,Band 3 (1800MHz),-87.6,-9.3,8.8,40.0,34.6,29.7
2026-10-22 11:00:00,RJPN-006-2,RJPN-006,Band 3 (1800MHz),-89.8,-10.2,10.2,62.9,50.3,89.9
2026-10-22 11:00:00,RJPN-006-3,RJPN-006,Band 3 (1800MHz),-83.7,-6.4,17.4,54.9,31.4,100.6
2026-10-22 11:00:00,RJPN-007-1,RJPN-007,Band 1 (2100MHz),-82.9,-10.7,20.1,44.4,35.8,87.7
2026-10-22 11:00:00,RJPN-007-2,RJPN-007,Band 1 (2100MHz),-88.7,-12.7,25.2,67.0,12.5,94.5
2026-10-22 11:00:00,RJPN-007-3,RJPN-007,Band 1 (2100MHz),-78.1,-10.6,8.5,57.7,30.5,78.6
2026-10-22 11:00:00,RJPN-008-1,RJPN-008,Band 3 (1800MHz),-89.5,-10.5,14.5,58.4,37.0,85.7
2026-10-22 11:00:00,RJPN-008-2,RJPN-008,Band 3 (1800MHz),-89.6,-10.6,8.2,38.6,28.7,80.8
2026-10-22 11:00:00,RJPN-008-3,RJPN-008,Band 3 (1800MHz),-83.9,-9.9,8.1,55.3,31.8,82.1
2026-10-22 11:00:00,RJPN-009-1,RJPN-009,Band 1 (2100MHz),-87.0,-9.2,13.2,74.3,36.4,106.0
2026-10-22 11:00:00,RJPN-009-2,RJPN-009,Band 1 (2100MHz),-92.2,-10.9,19.1,34.6,18.7,70.7
2026-10-22 11:00:00,RJPN-009-3,RJPN-009,Band 1 (2100MHz),-81.0,-9.0,6.9,62.6,30.4,101.4
2026-10-22 11:00:00,RJPN-010-1,RJPN-010,Band 3 (1800MHz),-82.0,-14.4,5.2,47.3,25.7,53.6
2026-10-22 11:00:00,RJPN-010-2,RJPN-010,Band 3 (1800MHz),-80.5,-7.1,16.9,49.3,31.6,78.8
2026-10-22 11:00:00,RJPN-010-3,RJPN-010,Band 3 (1800MHz),-83.3,-4.7,24.1,67.2,40.7,87.4
2026-10-22 11:00:00,RJPN-011-1,RJPN-011,Band 1 (2100MHz),-84.7,-12.7,5.1,58.9,29.7,97.0
2026-10-22 11:00:00,RJPN-011-2,RJPN-011,Band 1 (2100MHz),-104.7,-15.9,-0.1,37.9,40.4,122.9
2026-10-22 11:00:00,RJPN-011-3,RJPN-011,Band 1 (2100MHz),-101.9,-10.2,5.6,76.5,50.0,57.2
2026-10-22 12:00:00,RJPN-001-1,RJPN-001,Band 1 (2100MHz),-90.0,-11.4,16.8,48.1,22.5,87.1
2026-10-22 12:00:00,RJPN-001-2,RJPN-001,Band 1 (2100MHz),-80.6,-12.0,12.4,47.6,46.5,72.9
2026-10-22 12:00:00,RJPN-001-3,RJPN-001,Band 1 (2100MHz),-86.3,-11.5,18.8,61.2,29.5,60.1
2026-10-22 12:00:00,RJPN-002-1,RJPN-002,Band 3 (1800MHz),-79.5,-10.6,13.7,74.8,21.4,70.4
2026-10-22 12:00:00,RJPN-002-2,RJPN-002,Band 3 (1800MHz),-98.3,-14.2,0.1,46.8,32.7,143.7
2026-10-22 12:00:00,RJPN-002-3,RJPN-002,Band 3 (1800MHz),-83.4,-7.8,16.5,63.5,27.2,91.0
2026-10-22 12:00:00,RJPN-003-1,RJPN-003,Band 1 (2100MHz),-78.1,-11.0,12.7,41.0,28.2,102.0
2026-10-22 12:00:00,RJPN-003-2,RJPN-003,Band 1 (2100MHz),-92.5,-9.7,4.2,33.9,22.1,108.3
2026-10-22 12:00:00,RJPN-003-3,RJPN-003,Band 1 (2100MHz),-80.9,-8.4,21.7,45.4,32.0,115.7
2026-10-22 12:00:00,RJPN-004-1,RJPN-004,Band 3 (1800MHz),-83.5,-12.3,13.9,49.8,33.8,71.6
2026-10-22 12:00:00,RJPN-004-2,RJPN-004,Band 3 (1800MHz),-80.4,-9.9,14.6,48.0,33.6,82.7
2026-10-22 12:00:00,RJPN-004-3,RJPN-004,Band 3 (1800MHz),-93.3,-12.4,5.7,73.5,34.9,71.7
2026-10-22 12:00:00,RJPN-005-1,RJPN-005,Band 1 (2100MHz),-82.4,-9.2,8.3,46.7,31.4,102.5
2026-10-22 12:00:00,RJPN-005-2,RJPN-005,Band 1 (2100MHz),-85.6,-8.6,6.4,53.9,31.5,49.6
2026-10-22 12:00:00,RJPN-005-3,RJPN-005,Band 1 (2100MHz),-85.6,-10.7,8.6,50.6,22.6,59.8
2026-10-22 12:00:00,RJPN-006-1,RJPN-006,Band 3 (1800MHz),-83.5,-12.1,12.8,60.9,33.8,107.5
2026-10-22 12:00:00,RJPN-006-2,RJPN-006,Band 3 (1800MHz),-82.7,-8.4,14.2,42.8,26.4,119.2
2026-10-22 12:00:00,RJPN-006-3,RJPN-006,Band 3 (1800MHz),-92.5,-9.1,9.0,47.5,26.0,56.9
2026-10-22 12:00:00,RJPN-007-1,RJPN-007,Band 1 (2100MHz),-82.5,-9.1,15.3,41.3,23.2,109.8
2026-10-22 12:00:00,RJPN-007-2,RJPN-007,Band 1 (2100MHz),-84.8,-9.3,23.3,62.2,23.6,68.6
2026-10-22 12:00:00,RJPN-007-3,RJPN-007,Band 1 (2100MHz),-86.4,-12.4,8.9,51.6,29.5,113.8
2026-10-22 12:00:00,RJPN-008-1,RJPN-008,Band 3 (1800MHz),-80.2,-9.2,6.6,45.4,38.0,124.1
2026-10-22 12:00:00,RJPN-008-2,RJPN-008,Band 3 (1800MHz),-88.6,-12.7,12.0,39.9,20.8,91.1
2026-10-22 12:00:00,RJPN-008-3,RJPN-008,Band 3 (1800MHz),-93.2,-11.7,18.9,63.2,34.3,95.1
2026-10-22 12:00:00,RJPN-009-1,RJPN-009,Band 1 (2100MHz),-88.7,-12.0,20.5,49.4,36.7,75.4
2026-10-22 12:00:00,RJPN-009-2,RJPN-009,Band 1 (2100MHz),-84.2,-10.4,14.7,44.3,24.2,134.2
2026-10-22 12:00:00,RJPN-009-3,RJPN-009,Band 1 (2100MHz),-94.3,-8.2,17.3,75.6,28.7,84.3
2026-10-22 12:00:00,RJPN-010-1,RJPN-010,Band 3 (1800MHz),-78.5,-9.9,5.7,42.5,30.9,112.3
2026-10-22 12:00:00,RJPN-010-2,RJPN-010,Band 3 (1800MHz),-88.4,-8.4,16.4,42.0,37.3,55.9
2026-10-22 12:00:00,RJPN-010-3,RJPN-010,Band 3 (1800MHz),-87.1,-12.1,15.5,43.2,42.2,88.3
2026-10-22 12:00:00,RJPN-011-1,RJPN-011,Band 1 (2100MHz),-82.3,-8.6,10.3,59.1,20.2,97.5
2026-10-22 12:00:00,RJPN-011-2,RJPN-011,Band 1 (2100MHz),-101.6,-13.9,11.7,56.3,22.6,81.7
2026-10-22 12:00:00,RJPN-011-3,RJPN-011,Band 1 (2100MHz),-96.6,-11.9,6.0,43.7,19.3,98.2
2026-10-22 13:00:00,RJPN-001-1,RJPN-001,Band 1 (2100MHz),-84.5,-10.7,21.4,41.4,30.8,95.6
2026-10-22 13:00:00,RJPN-001-2,RJPN-001,Band 1 (2100MHz),-84.4,-10.6,11.9,32.4,28.1,92.8
2026-10-22 13:00:00,RJPN-001-3,RJPN-001,Band 1 (2100MHz),-90.5,-11.4,17.8,47.2,35.3,90.7
2026-10-22 13:00:00,RJPN-002-1,RJPN-002,Band 3 (1800MHz),-90.6,-12.4,8.5,64.9,27.6,101.2
2026-10-22 13:00:00,RJPN-002-2,RJPN-002,Band 3 (1800MHz),-105.6,-15.8,6.0,50.6,21.2,74.8
2026-10-22 13:00:00,RJPN-002-3,RJPN-002,Band 3 (1800MHz),-83.3,-8.2,16.5,68.0,21.6,93.8
2026-10-22 13:00:00,RJPN-003-1,RJPN-003,Band 1 (2100MHz),-81.4,-7.7,21.4,47.4,21.8,83.6
2026-10-22 13:00:00,RJPN-003-2,RJPN-003,Band 1 (2100MHz),-81.8,-12.1,9.3,44.9,22.8,118.5
2026-10-22 13:00:00,RJPN-003-3,RJPN-003,Band 1 (2100MHz),-83.0,-10.6,8.6,74.0,22.1,87.8
2026-10-22 13:00:00,RJPN-004-1,RJPN-004,Band 3 (1800MHz),-84.2,-10.7,11.9,38.5,22.3,76.4
2026-10-22 13:00:00,RJPN-004-2,RJPN-004,Band 3 (1800MHz),-90.0,-13.6,12.9,66.6,42.8,69.9
2026-10-22 13:00:00,RJPN-004-3,RJPN-004,Band 3 (1800MHz),-85.7,-11.2,23.8,35.9,46.5,83.3
2026-10-22 13:00:00,RJPN-005-1,RJPN-005,Band 1 (2100MHz),-85.7,-8.3,5.8,48.8,12.6,57.7
2026-10-22 13:00:00,RJPN-005-2,RJPN-005,Band 1 (2100MHz),-83.9,-10.9,8.3,52.5,38.7,114.2
2026-10-22 13:00:00,RJPN-005-3,RJPN-005,Band 1 (2100MHz),-74.7,-11.0,8.4,29.6,12.6,92.6
2026-10-22 13:00:00,RJPN-006-1,RJPN-006,Band 3 (1800MHz),-76.8,-10.1,18.8,71.0,35.2,42.4
2026-10-22 13:00:00,RJPN-006-2,RJPN-006,Band 3 (1800MHz),-85.2,-8.8,22.8,46.9,25.1,75.7
2026-10-22 13:00:00,RJPN-006-3,RJPN-006,Band 3 (1800MHz),-87.5,-8.0,6.3,67.2,39.4,53.1
2026-10-22 13:00:00,RJPN-007-1,RJPN-007,Band 1 (2100MHz),-79.8,-6.5,18.8,44.0,23.7,74.8
2026-10-22 13:00:00,RJPN-007-2,RJPN-007,Band 1 (2100MHz),-85.1,-9.9,15.5,47.3,30.9,116.0
2026-10-22 13:00:00,RJPN-007-3,RJPN-007,Band 1 (2100MHz),-92.0,-9.4,17.7,49.6,27.7,108.3
2026-10-22 13:00:00,RJPN-008-1,RJPN-008,Band 3 (1800MHz),-81.0,-11.0,18.5,48.0,17.9,81.8
2026-10-22 13:00:00,RJPN-008-2,RJPN-008,Band 3 (1800MHz),-85.9,-10.6,13.0,74.9,26.8,78.2
2026-10-22 13:00:00,RJPN-008-3,RJPN-008,Band 3 (1800MHz),-84.5,-9.7,16.2,40.8,27.7,62.0
2026-10-22 13:00:00,RJPN-009-1,RJPN-009,Band 1 (2100MHz),-86.4,-8.4,6.7,56.1,19.6,89.2
2026-10-22 13:00:00,RJPN-009-2,RJPN-009,Band 1 (2100MHz),-86.3,-7.3,1.1,45.2,26.6,108.7
2026-10-22 13:00:00,RJPN-009-3,RJPN-009,Band 1 (2100MHz),-85.0,-10.4,12.5,37.0,24.7,75.7
2026-10-22 13:00:00,RJPN-010-1,RJPN-010,Band 3 (1800MHz),-87.1,-8.9,16.7,42.7,30.4,99.6
2026-10-22 13:00:00,RJPN-010-2,RJPN-010,Band 3 (1800MHz),-89.3,-11.4,11.2,48.8,29.0,52.7
2026-10-22 13:00:00,RJPN-010-3,RJPN-010,Band 3 (1800MHz),-89.1,-11.6,14.1,42.9,28.5,77.9
2026-10-22 13:00:00,RJPN-011-1,RJPN-011,Band 1 (2100MHz),-90.4,-11.0,9.0,65.3,33.7,99.3
2026-10-22 13:00:00,RJPN-011-2,RJPN-011,Band 1 (2100MHz),-102.5,-12.8,1.1,57.9,26.2,107.6
2026-10-22 13:00:00,RJPN-011-3,RJPN-011,Band 1 (2100MHz),-94.8,-16.3,6.2,41.0,32.1,67.8
2026-10-22 14:00:00,RJPN-001-1,RJPN-001,Band 1 (2100MHz),-80.7,-9.6,15.5,63.3,22.2,72.3
2026-10-22 14:00:00,RJPN-001-2,RJPN-001,Band 1 (2100MHz),-77.6,-9.4,10.2,62.8,25.0,82.6
2026-10-22 14:00:00,RJPN-001-3,RJPN-001,Band 1 (2100MHz),-83.6,-9.3,19.3,61.8,23.6,87.6
2026-10-22 14:00:00,RJPN-002-1,RJPN-002,Band 3 (1800MHz),-90.2,-10.0,9.7,35.3,20.7,72.5
2026-10-22 14:00:00,RJPN-002-2,RJPN-002,Band 3 (1800MHz),-92.9,-14.7,5.3,41.4,38.3,47.5
2026-10-22 14:00:00,RJPN-002-3,RJPN-002,Band 3 (1800MHz),-83.8,-11.1,12.9,39.3,28.9,85.2
2026-10-22 14:00:00,RJPN-003-1,RJPN-003,Band 1 (2100MHz),-90.8,-10.1,13.2,68.5,34.2,96.3
2026-10-22 14:00:00,RJPN-003-2,RJPN-003,Band 1 (2100MHz),-78.8,-12.9,16.1,44.1,17.9,76.9
2026-10-22 14:00:00,RJPN-003-3,RJPN-003,Band 1 (2100MHz),-90.4,-8.2,12.4,42.3,40.4,88.9
2026-10-22 14:00:00,RJPN-004-1,RJPN-004,Band 3 (1800MHz),-80.9,-13.8,27.8,69.7,33.4,42.8
2026-10-22 14:00:00,RJPN-004-2,RJPN-004,Band 3 (1800MHz),-92.5,-10.0,10.1,30.4,22.0,106.7
2026-10-22 14:00:00,RJPN-004-3,RJPN-004,Band 3 (1800MHz),-86.5,-12.0,22.2,71.0,36.9,125.1
2026-10-22 14:00:00,RJPN-005-1,RJPN-005,Band 1 (2100MHz),-83.4,-6.5,12.8,72.4,31.8,93.2
2026-10-22 14:00:00,RJPN-005-2,RJPN-005,Band 1 (2100MHz),-87.3,-11.5,11.0,55.5,49.8,62.3
2026-10-22 14:00:00,RJPN-005-3,RJPN-005,Band 1 (2100MHz),-87.2,-9.2,7.6,42.4,34.3,72.5
2026-10-22 14:00:00,RJPN-006-1,RJPN-006,Band 3 (1800MHz),-81.8,-4.8,13.5,46.5,29.4,59.4
2026-10-22 14:00:00,RJPN-006-2,RJPN-006,Band 3 (1800MHz),-80.1,-10.9,13.6,55.5,30.3,28.1
2026-10-22 14:00:00,RJPN-006-3,RJPN-006,Band 3 (1800MHz),-86.7,-9.4,15.8,67.4,12.0,106.1
2026-10-22 14:00:00,RJPN-007-1,RJPN-007,Band 1 (2100MHz),-84.8,-10.6,15.7,81.8,28.5,97.4
2026-10-22 14:00:00,RJPN-007-2,RJPN-007,Band 1 (2100MHz),-82.5,-7.5,15.7,64.4,24.8,33.2
2026-10-22 14:00:00,RJPN-007-3,RJPN-007,Band 1 (2100MHz),-83.4,-10.4,17.7,43.9,21.0,94.2
2026-10-22 14:00:00,RJPN-008-1,RJPN-008,Band 3 (1800MHz),-91.3,-9.0,8.8,48.1,29.2,100.4
2026-10-22 14:00:00,RJPN-008-2,RJPN-008,Band 3 (1800MHz),-84.0,-8.3,15.9,57.4,37.8,60.7
2026-10-22 14:00:00,RJPN-008-3,RJPN-008,Band 3 (1800MHz),-82.1,-11.8,9.5,64.9,27.1,87.9
2026-10-22 14:00:00,RJPN-009-1,RJPN-009,Band 1 (2100MHz),-80.6,-12.9,7.9,65.4,13.6,62.7
2026-10-22 14:00:00,RJPN-009-2,RJPN-009,Band 1 (2100MHz),-85.5,-7.0,9.3,60.5,26.9,67.4
2026-10-22 14:00:00,RJPN-009-3,RJPN-009,Band 1 (2100MHz),-84.9,-13.8,15.6,44.0,41.4,69.4
2026-10-22 14:00:00,RJPN-010-1,RJPN-010,Band 3 (1800MHz),-81.6,-10.5,19.1,62.1,37.7,80.9
2026-10-22 14:00:00,RJPN-010-2,RJPN-010,Band 3 (1800MHz),-86.0,-7.8,12.9,41.9,37.3,93.4
2026-10-22 14:00:00,RJPN-010-3,RJPN-010,Band 3 (1800MHz),-90.3,-12.7,1.7,50.7,33.5,86.1
2026-10-22 14:00:00,RJPN-011-1,RJPN-011,Band 1 (2100MHz),-82.8,-12.9,7.7,38.2,25.4,81.5
2026-10-22 14:00:00,RJPN-011-2,RJPN-011,Band 1 (2100MHz),-101.9,-16.7,14.0,40.4,22.7,48.8
2026-10-22 14:00:00,RJPN-011-3,RJPN-011,Band 1 (2100MHz),-97.4,-13.8,-2.4,50.0,42.8,82.3
2026-10-22 15:00:00,RJPN-001-1,RJPN-001,Band 1 (2100MHz),-90.3,-10.2,19.6,23.3,0.0,32.6
2026-10-22 15:00:00,RJPN-001-2,RJPN-001,Band 1 (2100MHz),-83.1,-8.2,12.9,10.7,9.4,53.2
2026-10-22 15:00:00,RJPN-001-3,RJPN-001,Band 1 (2100MHz),-87.9,-7.3,12.2,8.8,22.3,0.0
2026-10-22 15:00:00,RJPN-002-1,RJPN-002,Band 3 (1800MHz),-83.4,-8.2,7.3,39.2,0.0,28.8
2026-10-22 15:00:00,RJPN-002-2,RJPN-002,Band 3 (1800MHz),-98.0,-11.1,7.2,7.7,14.9,22.2
2026-10-22 15:00:00,RJPN-002-3,RJPN-002,Band 3 (1800MHz),-83.1,-9.4,23.7,17.4,19.9,42.1
2026-10-22 15:00:00,RJPN-003-1,RJPN-003,Band 1 (2100MHz),-84.6,-10.9,10.8,24.6,0.0,14.7
2026-10-22 15:00:00,RJPN-003-2,RJPN-003,Band 1 (2100MHz),-81.2,-8.5,14.3,0.0,19.2,55.7
2026-10-22 15:00:00,RJPN-003-3,RJPN-003,Band 1 (2100MHz),-85.3,-6.3,21.4,28.0,11.2,17.3
2026-10-22 15:00:00,RJPN-004-1,RJPN-004,Band 3 (1800MHz),-82.5,-8.9,5.8,11.5,14.9,16.3
2026-10-22 15:00:00,RJPN-004-2,RJPN-004,Band 3 (1800MHz),-86.6,-5.4,9.1,5.7,6.2,68.2
2026-10-22 15:00:00,RJPN-004-3,RJPN-004,Band 3 (1800MHz),-84.3,-3.8,7.2,16.5,1.0,10.3
2026-10-22 15:00:00,RJPN-005-1,RJPN-005,Band 1 (2100MHz),-87.1,-10.2,15.6,11.3,17.3,55.3
2026-10-22 15:00:00,RJPN-005-2,RJPN-005,Band 1 (2100MHz),-87.7,-12.5,10.8,23.2,26.5,9.1
2026-10-22 15:00:00,RJPN-005-3,RJPN-005,Band 1 (2100MHz),-81.4,-9.3,15.2,8.6,6.4,35.7
2026-10-22 15:00:00,RJPN-006-1,RJPN-006,Band 3 (1800MHz),-87.1,-8.2,25.5,19.3,18.3,16.7
2026-10-22 15:00:00,RJPN-006-2,RJPN-006,Band 3 (1800MHz),-85.4,-5.7,8.9,18.9,21.9,31.0
2026-10-22 15:00:00,RJPN-006-3,RJPN-006,Band 3 (1800MHz),-86.4,-9.5,7.7,26.0,0.0,17.8
2026-10-22 15:00:00,RJPN-007-1,RJPN-007,Band 1 (2100MHz),-78.2,-11.9,12.7,19.4,26.5,0.0
2026-10-22 15:00:00,RJPN-007-2,RJPN-007,Band 1 (2100MHz),-77.5,-10.1,5.0,19.9,29.3,0.0
2026-10-22 15:00:00,RJPN-007-3,RJPN-007,Band 1 (2100MHz),-78.9,-6.2,14.0,16.1,7.2,26.1
2026-10-22 15:00:00,RJPN-008-1,RJPN-008,Band 3 (1800MHz),-85.7,-11.9,14.9,29.3,12.3,45.8
2026-10-22 15:00:00,RJPN-008-2,RJPN-008,Band 3 (1800MHz),-75.3,-8.9,9.1,8.1,3.2,44.2
2026-10-22 15:00:00,RJPN-008-3,RJPN-008,Band 3 (1800MHz),-84.3,-5.9,13.3,23.2,7.3,0.0
2026-10-22 15:00:00,RJPN-009-1,RJPN-009,Band 1 (2100MHz),-89.5,-8.7,8.6,44.8,4.5,52.7
2026-10-22 15:00:00,RJPN-009-2,RJPN-009,Band 1 (2100MHz),-79.2,-8.8,8.6,37.6,3.1,52.6
2026-10-22 15:00:00,RJPN-009-3,RJPN-009,Band 1 (2100MHz),-86.6,-6.6,11.2,20.0,14.7,70.7
2026-10-22 15:00:00,RJPN-010-1,RJPN-010,Band 3 (1800MHz),-93.5,-9.3,10.5,14.8,3.9,30.0
2026-10-22 15:00:00,RJPN-010-2,RJPN-010,Band 3 (1800MHz),-85.6,-8.4,15.7,18.0,10.5,37.0
2026-10-22 15:00:00,RJPN-010-3,RJPN-010,Band 3 (1800MHz),-90.3,-7.6,11.0,31.9,0.0,5.8
2026-10-22 15:00:00,RJPN-011-1,RJPN-011,Band 1 (2100MHz),-82.5,-8.5,17.7,0.0,20.0,0.0
2026-10-22 15:00:00,RJPN-011-2,RJPN-011,Band 1 (2100MHz),-102.9,-13.2,-1.1,8.9,4.6,38.2
2026-10-22 15:00:00,RJPN-011-3,RJPN-011,Band 1 (2100MHz),-102.0,-10.6,-3.2,14.8,0.0,24.9
2026-10-22 16:00:00,RJPN-001-1,RJPN-001,Band 1 (2100MHz),-88.3,-11.3,10.2,73.2,36.5,92.9
2026-10-22 16:00:00,RJPN-001-2,RJPN-001,Band 1 (2100MHz),-92.7,-8.7,9.6,58.3,36.8,128.8
2026-10-22 16:00:00,RJPN-001-3,RJPN-001,Band 1 (2100MHz),-84.2,-10.5,14.6,68.2,33.9,119.2
2026-10-22 16:00:00,RJPN-002-1,RJPN-002,Band 3 (1800MHz),-87.5,-14.8,7.1,80.6,46.5,142.9
2026-10-22 16:00:00,RJPN-002-2,RJPN-002,Band 3 (1800MHz),-100.0,-13.5,5.4,64.8,40.0,118.5
2026-10-22 16:00:00,RJPN-002-3,RJPN-002,Band 3 (1800MHz),-75.8,-8.8,16.9,81.1,33.8,113.2
2026-10-22 16:00:00,RJPN-003-1,RJPN-003,Band 1 (2100MHz),-79.9,-10.2,8.9,75.2,32.5,85.7
2026-10-22 16:00:00,RJPN-003-2,RJPN-003,Band 1 (2100MHz),-81.6,-10.5,15.9,48.8,40.5,128.0
2026-10-22 16:00:00,RJPN-003-3,RJPN-003,Band 1 (2100MHz),-85.6,-12.7,8.7,79.1,38.3,134.9
2026-10-22 16:00:00,RJPN-004-1,RJPN-004,Band 3 (1800MHz),-91.6,-7.9,8.3,79.1,46.9,109.2
2026-10-22 16:00:00,RJPN-004-2,RJPN-004,Band 3 (1800MHz),-86.1,-13.5,9.5,74.4,40.1,109.4
2026-10-22 16:00:00,RJPN-004-3,RJPN-004,Band 3 (1800MHz),-78.8,-11.3,9.3,66.1,52.9,62.7
2026-10-22 16:00:00,RJPN-005-1,RJPN-005,Band 1 (2100MHz),-84.5,-8.1,13.2,50.9,49.1,80.4
2026-10-22 16:00:00,RJPN-005-2,RJPN-005,Band 1 (2100MHz),-86.0,-13.7,5.8,49.3,51.4,113.4
2026-10-22 16:00:00,RJPN-005-3,RJPN-005,Band 1 (2100MHz),-85.0,-10.7,7.6,73.0,35.5,77.3
2026-10-22 16:00:00,RJPN-006-1,RJPN-006,Band 3 (1800MHz),-84.6,-10.5,8.5,76.2,29.1,71.4
2026-10-22 16:00:00,RJPN-006-2,RJPN-006,Band 3 (1800MHz),-84.0,-11.9,12.8,77.9,38.5,111.2
2026-10-22 16:00:00,RJPN-006-3,RJPN-006,Band 3 (1800MHz),-76.9,-9.7,4.1,54.8,42.3,145.3
2026-10-22 16:00:00,RJPN-007-1,RJPN-007,Band 1 (2100MHz),-79.4,-11.9,13.4,80.5,49.4,108.2
2026-10-22 16:00:00,RJPN-007-2,RJPN-007,Band 1 (2100MHz),-71.1,-14.3,19.9,77.9,21.7,113.7
2026-10-22 16:00:00,RJPN-007-3,RJPN-007,Band 1 (2100MHz),-81.7,-9.4,17.5,56.9,41.4,97.1
2026-10-22 16:00:00,RJPN-008-1,RJPN-008,Band 3 (1800MHz),-78.3,-14.0,13.6,40.6,28.3,91.2
2026-10-22 16:00:00,RJPN-008-2,RJPN-008,Band 3 (1800MHz),-89.9,-12.9,5.0,59.2,28.2,157.7
2026-10-22 16:00:00,RJPN-008-3,RJPN-008,Band 3 (1800MHz),-77.3,-11.9,11.1,79.1,50.9,107.7
2026-10-22 16:00:00,RJPN-009-1,RJPN-009,Band 1 (2100MHz),-86.8,-14.9,12.5,88.2,55.9,70.6
2026-10-22 16:00:00,RJPN-009-2,RJPN-009,Band 1 (2100MHz),-81.0,-13.1,14.9,73.3,40.1,93.9
2026-10-22 16:00:00,RJPN-009-3,RJPN-009,Band 1 (2100MHz),-89.1,-12.7,12.1,53.4,23.5,110.6
2026-10-22 16:00:00,RJPN-010-1,RJPN-010,Band 3 (1800MHz),-83.6,-10.0,14.8,74.1,42.1,76.6
2026-10-22 16:00:00,RJPN-010-2,RJPN-010,Band 3 (1800MHz),-95.0,-9.0,11.9,62.5,28.9,131.1
2026-10-22 16:00:00,RJPN-010-3,RJPN-010,Band 3 (1800MHz),-80.2,-8.3,12.0,78.8,39.9,111.3
2026-10-22 16:00:00,RJPN-011-1,RJPN-011,Band 1 (2100MHz),-83.4,-11.4,16.9,70.0,33.3,103.0
2026-10-22 16:00:00,RJPN-011-2,RJPN-011,Band 1 (2100MHz),-102.3,-16.7,1.5,62.7,51.2,130.2
2026-10-22 16:00:00,RJPN-011-3,RJPN-011,Band 1 (2100MHz),-99.7,-19.4,4.0,71.1,38.1,109.4
2026-10-22 17:00:00,RJPN-001-1,RJPN-001,Band 1 (2100MHz),-83.4,-10.3,11.3,93.7,49.6,96.1
2026-10-22 17:00:00,RJPN-001-2,RJPN-001,Band 1 (2100MHz),-86.1,-14.0,13.0,65.6,56.0,101.9
2026-10-22 17:00:00,RJPN-001-3,RJPN-001,Band 1 (2100MHz),-78.5,-9.9,9.3,60.7,73.7,91.3
2026-10-22 17:00:00,RJPN-002-1,RJPN-002,Band 3 (1800MHz),-80.5,-11.4,11.7,44.4,41.2,119.7
2026-10-22 17:00:00,RJPN-002-2,RJPN-002,Band 3 (1800MHz),-97.2,-15.7,4.8,64.8,38.1,119.4
2026-10-22 17:00:00,RJPN-002-3,RJPN-002,Band 3 (1800MHz),-79.0,-11.4,1.4,85.3,36.1,125.2
2026-10-22 17:00:00,RJPN-003-1,RJPN-003,Band 1 (2100MHz),-87.8,-10.8,13.8,62.1,32.4,143.0
2026-10-22 17:00:00,RJPN-003-2,RJPN-003,Band 1 (2100MHz),-86.4,-13.4,17.6,57.5,45.4,110.0
2026-10-22 17:00:00,RJPN-003-3,RJPN-003,Band 1 (2100MHz),-87.3,-12.0,11.2,77.0,33.4,126.7
2026-10-22 17:00:00,RJPN-004-1,RJPN-004,Band 3 (1800MHz),-87.6,-15.2,8.0,100.0,58.0,113.4
2026-10-22 17:00:00,RJPN-004-2,RJPN-004,Band 3 (1800MHz),-80.3,-12.8,14.4,90.5,59.6,84.6
2026-10-22 17:00:00,RJPN-004-3,RJPN-004,Band 3 (1800MHz),-82.5,-13.6,6.3,86.1,39.0,134.1
2026-10-22 17:00:00,RJPN-005-1,RJPN-005,Band 1 (2100MHz),-78.3,-13.9,21.9,67.4,46.9,123.5
2026-10-22 17:00:00,RJPN-005-2,RJPN-005,Band 1 (2100MHz),-81.7,-8.3,12.7,93.8,34.4,130.7
2026-10-22 17:00:00,RJPN-005-3,RJPN-005,Band 1 (2100MHz),-83.0,-11.6,24.7,77.1,27.7,98.7
2026-10-22 17:00:00,RJPN-006-1,RJPN-006,Band 3 (1800MHz),-84.6,-12.8,17.3,57.9,36.4,84.8
2026-10-22 17:00:00,RJPN-006-2,RJPN-006,Band 3 (1800MHz),-85.6,-10.3,10.3,74.8,39.0,134.5
2026-10-22 17:00:00,RJPN-006-3,RJPN-006,Band 3 (1800MHz),-84.7,-9.6,18.3,81.2,55.8,148.8
2026-10-22 17:00:00,RJPN-007-1,RJPN-007,Band 1 (2100MHz),-88.3,-9.7,13.4,74.8,45.3,94.4
2026-10-22 17:00:00,RJPN-007-2,RJPN-007,Band 1 (2100MHz),-90.1,-14.3,16.9,48.6,40.5,97.8
2026-10-22 17:00:00,RJPN-007-3,RJPN-007,Band 1 (2100MHz),-83.3,-9.7,11.1,75.3,48.5,102.9
2026-10-22 17:00:00,RJPN-008-1,RJPN-008,Band 3 (1800MHz),-81.4,-11.5,14.8,85.7,42.9,149.5
2026-10-22 17:00:00,RJPN-008-2,RJPN-008,Band 3 (1800MHz),-83.7,-7.8,14.0,85.9,42.3,105.3
2026-10-22 17:00:00,RJPN-008-3,RJPN-008,Band 3 (1800MHz),-89.6,-13.6,17.7,77.0,58.5,103.5
2026-10-22 17:00:00,RJPN-009-1,RJPN-009,Band 1 (2100MHz),-81.9,-9.5,20.8,51.1,63.2,138.4
2026-10-22 17:00:00,RJPN-009-2,RJPN-009,Band 1 (2100MHz),-82.5,-10.6,14.8,66.8,45.2,83.6
2026-10-22 17:00:00,RJPN-009-3,RJPN-009,Band 1 (2100MHz),-88.4,-13.1,5.7,80.6,38.8,150.8
2026-10-22 17:00:00,RJPN-010-1,RJPN-010,Band 3 (1800MHz),-83.4,-12.9,10.7,88.4,30.6,163.4
2026-10-22 17:00:00,RJPN-010-2,RJPN-010,Band 3 (1800MHz),-83.4,-10.2,9.6,66.2,40.6,119.5
2026-10-22 17:00:00,RJPN-010-3,RJPN-010,Band 3 (1800MHz),-86.4,-12.0,19.7,70.7,38.5,154.4
2026-10-22 17:00:00,RJPN-011-1,RJPN-011,Band 1 (2100MHz),-87.8,-12.1,17.1,68.3,44.5,144.9
2026-10-22 17:00:00,RJPN-011-2,RJPN-011,Band 1 (2100MHz),-98.0,-16.9,-10.0,77.0,28.8,123.5
2026-10-22 17:00:00,RJPN-011-3,RJPN-011,Band 1 (2100MHz),-94.4,-14.7,-0.1,52.0,50.6,84.6
2026-10-22 18:00:00,RJPN-001-1,RJPN-001,Band 1 (2100MHz),-83.6,-15.4,10.4,87.7,41.1,132.5
2026-10-22 18:00:00,RJPN-001-2,RJPN-001,Band 1 (2100MHz),-86.0,-9.5,15.7,90.7,55.7,126.2
2026-10-22 18:00:00,RJPN-001-3,RJPN-001,Band 1 (2100MHz),-77.1,-9.5,3.1,79.9,58.0,194.4
2026-10-22 18:00:00,RJPN-002-1,RJPN-002,Band 3 (1800MHz),-85.4,-11.9,16.9,88.1,46.4,112.4
2026-10-22 18:00:00,RJPN-002-2,RJPN-002,Band 3 (1800MHz),-99.2,-17.2,0.5,72.6,41.7,147.4
2026-10-22 18:00:00,RJPN-002-3,RJPN-002,Band 3 (1800MHz),-80.7,-13.2,23.3,60.9,45.9,113.4
2026-10-22 18:00:00,RJPN-003-1,RJPN-003,Band 1 (2100MHz),-86.1,-12.2,15.3,77.9,52.6,140.2
2026-10-22 18:00:00,RJPN-003-2,RJPN-003,Band 1 (2100MHz),-91.7,-10.9,16.3,72.5,48.5,102.3
2026-10-22 18:00:00,RJPN-003-3,RJPN-003,Band 1 (2100MHz),-86.5,-11.4,12.3,61.1,56.3,139.5
2026-10-22 18:00:00,RJPN-004-1,RJPN-004,Band 3 (1800MHz),-89.2,-12.2,8.6,89.0,62.1,76.3
2026-10-22 18:00:00,RJPN-004-2,RJPN-004,Band 3 (1800MHz),-84.7,-11.9,8.5,92.8,58.3,120.4
2026-10-22 18:00:00,RJPN-004-3,RJPN-004,Band 3 (1800MHz),-80.8,-14.8,-4.4,80.4,38.7,101.8
2026-10-22 18:00:00,RJPN-005-1,RJPN-005,Band 1 (2100MHz),-91.3,-12.4,3.5,69.7,36.7,131.3
2026-10-22 18:00:00,RJPN-005-2,RJPN-005,Band 1 (2100MHz),-87.5,-12.7,16.7,81.4,47.0,157.7
2026-10-22 18:00:00,RJPN-005-3,RJPN-005,Band 1 (2100MHz),-86.2,-13.2,7.7,73.6,39.5,168.0
2026-10-22 18:00:00,RJPN-006-1,RJPN-006,Band 3 (1800MHz),-90.1,-14.1,6.8,77.2,55.1,126.9
2026-10-22 18:00:00,RJPN-006-2,RJPN-006,Band 3 (1800MHz),-84.9,-14.7,10.4,79.2,50.9,114.8
2026-10-22 18:00:00,RJPN-006-3,RJPN-006,Band 3 (1800MHz),-81.1,-9.7,11.7,74.9,43.2,106.0
2026-10-22 18:00:00,RJPN-007-1,RJPN-007,Band 1 (2100MHz),-89.8,-10.3,10.5,82.3,58.6,107.6
2026-10-22 18:00:00,RJPN-007-2,RJPN-007,Band 1 (2100MHz),-84.9,-14.3,10.7,85.5,53.6,149.6
2026-10-22 18:00:00,RJPN-007-3,RJPN-007,Band 1 (2100MHz),-91.7,-13.8,12.0,78.9,45.9,90.9
2026-10-22 18:00:00,RJPN-008-1,RJPN-008,Band 3 (1800MHz),-88.3,-12.7,14.4,75.1,49.3,148.5
2026-10-22 18:00:00,RJPN-008-2,RJPN-008,Band 3 (1800MHz),-82.4,-10.9,10.5,82.0,47.3,134.2
2026-10-22 18:00:00,RJPN-008-3,RJPN-008,Band 3 (1800MHz),-83.3,-13.0,7.6,71.6,35.3,132.7
2026-10-22 18:00:00,RJPN-009-1,RJPN-009,Band 1 (2100MHz),-85.0,-12.6,13.7,94.4,45.7,90.4
2026-10-22 18:00:00,RJPN-009-2,RJPN-009,Band 1 (2100MHz),-84.7,-8.3,11.9,63.8,42.9,106.6
2026-10-22 18:00:00,RJPN-009-3,RJPN-009,Band 1 (2100MHz),-81.0,-10.8,11.9,91.5,45.1,143.0
2026-10-22 18:00:00,RJPN-010-1,RJPN-010,Band 3 (1800MHz),-77.6,-11.3,10.2,88.1,43.9,125.0
2026-10-22 18:00:00,RJPN-010-2,RJPN-010,Band 3 (1800MHz),-91.1,-13.4,1.8,77.2,60.3,93.1
2026-10-22 18:00:00,RJPN-010-3,RJPN-010,Band 3 (1800MHz),-88.1,-14.2,11.1,69.4,47.7,123.7
2026-10-22 18:00:00,RJPN-011-1,RJPN-011,Band 1 (2100MHz),-79.4,-9.6,15.2,100.0,25.3,135.9
2026-10-22 18:00:00,RJPN-011-2,RJPN-011,Band 1 (2100MHz),-96.8,-16.9,-3.2,91.5,43.5,102.6
2026-10-22 18:00:00,RJPN-011-3,RJPN-011,Band 1 (2100MHz),-96.6,-15.1,2.0,74.7,64.9,133.5
2026-10-22 19:00:00,RJPN-001-1,RJPN-001,Band 1 (2100MHz),-87.8,-10.5,13.9,53.4,42.3,101.2
2026-10-22 19:00:00,RJPN-001-2,RJPN-001,Band 1 (2100MHz),-83.5,-13.1,5.7,73.7,43.3,106.9
2026-10-22 19:00:00,RJPN-001-3,RJPN-001,Band 1 (2100MHz),-83.2,-11.4,18.1,96.0,25.1,76.4
2026-10-22 19:00:00,RJPN-002-1,RJPN-002,Band 3 (1800MHz),-85.9,-10.2,16.1,73.5,32.3,114.8
2026-10-22 19:00:00,RJPN-002-2,RJPN-002,Band 3 (1800MHz),-95.0,-16.6,10.8,80.0,29.7,130.4
2026-10-22 19:00:00,RJPN-002-3,RJPN-002,Band 3 (1800MHz),-81.1,-13.2,12.7,51.8,35.3,150.4
2026-10-22 19:00:00,RJPN-003-1,RJPN-003,Band 1 (2100MHz),-85.3,-11.7,10.6,90.7,59.1,176.7
2026-10-22 19:00:00,RJPN-003-2,RJPN-003,Band 1 (2100MHz),-86.4,-11.4,3.7,68.6,45.2,105.1
2026-10-22 19:00:00,RJPN-003-3,RJPN-003,Band 1 (2100MHz),-84.3,-12.5,5.1,88.1,31.7,110.9
2026-10-22 19:00:00,RJPN-004-1,RJPN-004,Band 3 (1800MHz),-87.3,-8.8,12.2,67.5,38.5,147.4
2026-10-22 19:00:00,RJPN-004-2,RJPN-004,Band 3 (1800MHz),-87.0,-7.2,15.2,100.0,23.6,121.1
2026-10-22 19:00:00,RJPN-004-3,RJPN-004,Band 3 (1800MHz),-87.8,-12.9,10.1,82.8,55.5,115.1
2026-10-22 19:00:00,RJPN-005-1,RJPN-005,Band 1 (2100MHz),-82.9,-12.1,10.8,64.1,32.6,127.3
2026-10-22 19:00:00,RJPN-005-2,RJPN-005,Band 1 (2100MHz),-80.6,-12.1,6.5,49.8,55.4,124.6
2026-10-22 19:00:00,RJPN-005-3,RJPN-005,Band 1 (2100MHz),-85.3,-13.2,14.2,93.2,50.3,118.2
2026-10-22 19:00:00,RJPN-006-1,RJPN-006,Band 3 (1800MHz),-81.1,-13.1,10.2,61.5,53.8,153.7
2026-10-22 19:00:00,RJPN-006-2,RJPN-006,Band 3 (1800MHz),-74.9,-10.5,8.6,91.8,28.9,109.0
2026-10-22 19:00:00,RJPN-006-3,RJPN-006,Band 3 (1800MHz),-88.4,-13.3,11.1,54.0,27.3,115.4
2026-10-22 19:00:00,RJPN-007-1,RJPN-007,Band 1 (2100MHz),-82.6,-9.9,11.9,91.6,37.4,117.6
2026-10-22 19:00:00,RJPN-007-2,RJPN-007,Band 1 (2100MHz),-79.6,-11.8,13.3,70.5,52.6,147.9
2026-10-22 19:00:00,RJPN-007-3,RJPN-007,Band 1 (2100MHz),-82.9,-10.9,9.5,88.9,51.3,158.3
2026-10-22 19:00:00,RJPN-008-1,RJPN-008,Band 3 (1800MHz),-81.6,-11.8,17.5,52.1,46.0,166.2
2026-10-22 19:00:00,RJPN-008-2,RJPN-008,Band 3 (1800MHz),-81.2,-11.6,9.5,57.3,38.1,153.1
2026-10-22 19:00:00,RJPN-008-3,RJPN-008,Band 3 (1800MHz),-82.2,-14.3,13.3,66.7,43.6,120.9
2026-10-22 19:00:00,RJPN-009-1,RJPN-009,Band 1 (2100MHz),-89.6,-15.2,11.7,59.1,52.1,137.1
2026-10-22 19:00:00,RJPN-009-2,RJPN-009,Band 1 (2100MHz),-81.4,-14.4,17.1,73.7,48.3,105.4
2026-10-22 19:00:00,RJPN-009-3,RJPN-009,Band 1 (2100MHz),-88.6,-18.0,11.3,67.8,29.9,127.9
2026-10-22 19:00:00,RJPN-010-1,RJPN-010,Band 3 (1800MHz),-92.2,-9.9,7.2,53.5,46.6,110.8
2026-10-22 19:00:00,RJPN-010-2,RJPN-010,Band 3 (1800MHz),-84.7,-11.7,11.3,75.8,51.1,122.8
2026-10-22 19:00:00,RJPN-010-3,RJPN-010,Band 3 (1800MHz),-87.1,-13.8,12.1,68.6,61.5,108.4
2026-10-22 19:00:00,RJPN-011-1,RJPN-011,Band 1 (2100MHz),-85.5,-11.3,16.0,51.3,53.6,78.4
2026-10-22 19:00:00,RJPN-011-2,RJPN-011,Band 1 (2100MHz),-107.6,-16.3,5.8,75.3,34.2,95.0
2026-10-22 19:00:00,RJPN-011-3,RJPN-011,Band 1 (2100MHz),-92.8,-14.6,0.8,77.4,48.9,146.9
2026-10-22 20:00:00,RJPN-001-1,RJPN-001,Band 1 (2100MHz),-89.8,-8.9,18.0,77.0,41.4,99.3
2026-10-22 20:00:00,RJPN-001-2,RJPN-001,Band 1 (2100MHz),-80.8,-8.6,0.6,78.2,44.7,87.2
2026-10-22 20:00:00,RJPN-001-3,RJPN-001,Band 1 (2100MHz),-87.1,-10.6,7.4,80.8,52.9,104.5
2026-10-22 20:00:00,RJPN-002-1,RJPN-002,Band 3 (1800MHz),-88.5,-9.5,15.0,54.4,41.3,78.3
2026-10-22 20:00:00,RJPN-002-2,RJPN-002,Band 3 (1800MHz),-104.0,-15.4,1.5,73.7,44.8,88.4
2026-10-22 20:00:00,RJPN-002-3,RJPN-002,Band 3 (1800MHz),-86.0,-12.0,9.6,49.3,41.5,125.2
2026-10-22 20:00:00,RJPN-003-1,RJPN-003,Band 1 (2100MHz),-78.4,-8.4,20.9,51.0,46.4,72.8
2026-10-22 20:00:00,RJPN-003-2,RJPN-003,Band 1 (2100MHz),-87.8,-10.9,4.8,60.4,31.5,89.9
2026-10-22 20:00:00,RJPN-003-3,RJPN-003,Band 1 (2100MHz),-79.2,-11.9,15.6,75.0,45.8,145.7
2026-10-22 20:00:00,RJPN-004-1,RJPN-004,Band 3 (1800MHz),-90.5,-8.6,19.9,69.0,38.6,69.3
2026-10-22 20:00:00,RJPN-004-2,RJPN-004,Band 3 (1800MHz),-87.2,-10.3,19.0,61.6,45.0,104.7
2026-10-22 20:00:00,RJPN-004-3,RJPN-004,Band 3 (1800MHz),-83.2,-13.0,19.8,59.3,48.8,78.0
2026-10-22 20:00:00,RJPN-005-1,RJPN-005,Band 1 (2100MHz),-87.7,-12.4,10.7,62.2,38.1,105.4
2026-10-22 20:00:00,RJPN-005-2,RJPN-005,Band 1 (2100MHz),-85.0,-13.0,4.2,36.7,33.4,106.5
2026-10-22 20:00:00,RJPN-005-3,RJPN-005,Band 1 (2100MHz),-87.7,-11.6,11.8,69.3,39.6,91.5
2026-10-22 20:00:00,RJPN-006-1,RJPN-006,Band 3 (1800MHz),-85.2,-10.7,4.2,77.4,31.0,150.0
2026-10-22 20:00:00,RJPN-006-2,RJPN-006,Band 3 (1800MHz),-88.4,-10.6,11.3,52.0,26.9,123.7
2026-10-22 20:00:00,RJPN-006-3,RJPN-006,Band 3 (1800MHz),-85.5,-12.8,13.9,71.4,34.5,110.3
2026-10-22 20:00:00,RJPN-007-1,RJPN-007,Band 1 (2100MHz),-88.6,-10.9,11.6,58.0,29.7,82.3
2026-10-22 20:00:00,RJPN-007-2,RJPN-007,Band 1 (2100MHz),-86.1,-14.1,5.2,70.0,36.7,92.2
2026-10-22 20:00:00,RJPN-007-3,RJPN-007,Band 1 (2100MHz),-90.8,-12.8,16.4,68.3,37.1,104.4
2026-10-22 20:00:00,RJPN-008-1,RJPN-008,Band 3 (1800MHz),-89.4,-9.4,8.8,47.3,39.4,131.4
2026-10-22 20:00:00,RJPN-008-2,RJPN-008,Band 3 (1800MHz),-93.9,-12.0,13.9,79.1,45.6,88.7
2026-10-22 20:00:00,RJPN-008-3,RJPN-008,Band 3 (1800MHz),-85.3,-10.1,12.3,71.8,37.8,99.5
2026-10-22 20:00:00,RJPN-009-1,RJPN-009,Band 1 (2100MHz),-80.9,-9.0,11.9,83.3,31.9,61.5
2026-10-22 20:00:00,RJPN-009-2,RJPN-009,Band 1 (2100MHz),-87.5,-10.8,16.6,73.4,36.7,116.4
2026-10-22 20:00:00,RJPN-009-3,RJPN-009,Band 1 (2100MHz),-85.5,-15.1,7.2,68.2,28.4,85.5
2026-10-22 20:00:00,RJPN-010-1,RJPN-010,Band 3 (1800MHz),-83.4,-8.5,13.4,80.5,44.3,85.9
2026-10-22 20:00:00,RJPN-010-2,RJPN-010,Band 3 (1800MHz),-88.4,-14.1,19.1,86.6,42.6,93.9
2026-10-22 20:00:00,RJPN-010-3,RJPN-010,Band 3 (1800MHz),-88.5,-15.1,9.1,77.2,29.6,157.8
2026-10-22 20:00:00,RJPN-011-1,RJPN-011,Band 1 (2100MHz),-84.5,-15.8,10.6,55.2,21.9,112.9
2026-10-22 20:00:00,RJPN-011-2,RJPN-011,Band 1 (2100MHz),-99.6,-16.1,5.3,47.6,16.9,116.4
2026-10-22 20:00:00,RJPN-011-3,RJPN-011,Band 1 (2100MHz),-94.2,-15.9,5.5,62.4,45.1,111.7
2026-10-22 21:00:00,RJPN-001-1,RJPN-001,Band 1 (2100MHz),-85.1,-9.2,18.3,7.1,15.9,36.8
2026-10-22 21:00:00,RJPN-001-2,RJPN-001,Band 1 (2100MHz),-80.8,-7.0,11.9,36.4,14.7,17.3
2026-10-22 21:00:00,RJPN-001-3,RJPN-001,Band 1 (2100MHz),-87.5,-9.4,8.9,7.0,15.7,47.6
2026-10-22 21:00:00,RJPN-002-1,RJPN-002,Band 3 (1800MHz),-82.7,-8.6,19.7,25.5,4.7,47.7
2026-10-22 21:00:00,RJPN-002-2,RJPN-002,Band 3 (1800MHz),-97.5,-11.0,3.2,37.5,3.0,41.9
2026-10-22 21:00:00,RJPN-002-3,RJPN-002,Band 3 (1800MHz),-90.2,-8.2,22.9,34.2,8.6,59.6
2026-10-22 21:00:00,RJPN-003-1,RJPN-003,Band 1 (2100MHz),-93.6,-9.8,3.8,22.0,13.4,0.0
2026-10-22 21:00:00,RJPN-003-2,RJPN-003,Band 1 (2100MHz),-91.2,-9.0,13.6,30.2,12.2,14.6
2026-10-22 21:00:00,RJPN-003-3,RJPN-003,Band 1 (2100MHz),-82.6,-11.6,6.4,0.0,0.1,0.0
2026-10-22 21:00:00,RJPN-004-1,RJPN-004,Band 3 (1800MHz),-86.5,-10.7,10.4,24.3,17.6,0.0
2026-10-22 21:00:00,RJPN-004-2,RJPN-004,Band 3 (1800MHz),-85.2,-10.4,6.6,27.2,0.3,65.8
2026-10-22 21:00:00,RJPN-004-3,RJPN-004,Band 3 (1800MHz),-83.9,-11.9,9.5,23.3,21.1,26.5
2026-10-22 21:00:00,RJPN-005-1,RJPN-005,Band 1 (2100MHz),-78.9,-10.5,11.9,0.9,4.4,36.8
2026-10-22 21:00:00,RJPN-005-2,RJPN-005,Band 1 (2100MHz),-80.7,-8.3,18.0,18.0,0.0,15.7
2026-10-22 21:00:00,RJPN-005-3,RJPN-005,Band 1 (2100MHz),-86.8,-8.0,20.8,22.9,10.1,49.3
2026-10-22 21:00:00,RJPN-006-1,RJPN-006,Band 3 (1800MHz),-80.7,-8.6,11.7,4.8,6.5,12.9
2026-10-22 21:00:00,RJPN-006-2,RJPN-006,Band 3 (1800MHz),-88.1,-8.4,20.9,14.1,24.6,18.4
2026-10-22 21:00:00,RJPN-006-3,RJPN-006,Band 3 (1800MHz),-84.7,-5.4,20.6,19.5,21.7,15.8
2026-10-22 21:00:00,RJPN-007-1,RJPN-007,Band 1 (2100MHz),-89.4,-9.6,2.4,34.9,7.0,25.2
2026-10-22 21:00:00,RJPN-007-2,RJPN-007,Band 1 (2100MHz),-91.7,-9.5,21.7,0.0,0.0,39.3
2026-10-22 21:00:00,RJPN-007-3,RJPN-007,Band 1 (2100MHz),-86.4,-5.6,16.2,41.3,5.3,31.2
2026-10-22 21:00:00,RJPN-008-1,RJPN-008,Band 3 (1800MHz),-83.9,-6.7,16.3,0.1,12.9,34.5
2026-10-22 21:00:00,RJPN-008-2,RJPN-008,Band 3 (1800MHz),-89.0,-11.2,10.9,41.0,20.7,54.2
2026-10-22 21:00:00,RJPN-008-3,RJPN-008,Band 3 (1800MHz),-80.7,-8.2,4.9,18.1,4.4,47.1
2026-10-22 21:00:00,RJPN-009-1,RJPN-009,Band 1 (2100MHz),-84.3,-9.1,14.8,38.3,13.4,21.1
2026-10-22 21:00:00,RJPN-009-2,RJPN-009,Band 1 (2100MHz),-88.0,-9.6,11.4,20.9,24.4,14.6
2026-10-22 21:00:00,RJPN-009-3,RJPN-009,Band 1 (2100MHz),-88.6,-8.6,15.6,10.8,9.6,47.1
2026-10-22 21:00:00,RJPN-010-1,RJPN-010,Band 3 (1800MHz),-83.8,-9.1,6.8,5.6,3.6,60.6
2026-10-22 21:00:00,RJPN-010-2,RJPN-010,Band 3 (1800MHz),-86.2,-8.5,9.1,18.1,10.9,47.1
2026-10-22 21:00:00,RJPN-010-3,RJPN-010,Band 3 (1800MHz),-90.4,-10.8,19.6,8.5,0.0,16.2
2026-10-22 21:00:00,RJPN-011-1,RJPN-011,Band 1 (2100MHz),-73.5,-7.0,14.0,22.2,0.0,20.7
2026-10-22 21:00:00,RJPN-011-2,RJPN-011,Band 1 (2100MHz),-106.4,-10.2,5.2,5.1,14.2,18.4
2026-10-22 21:00:00,RJPN-011-3,RJPN-011,Band 1 (2100MHz),-96.7,-11.4,-0.4,35.4,16.5,10.7
2026-10-22 22:00:00,RJPN-001-1,RJPN-001,Band 1 (2100MHz),-86.5,-8.5,19.3,1.3,0.0,45.0
2026-10-22 22:00:00,RJPN-001-2,RJPN-001,Band 1 (2100MHz),-85.1,-9.5,12.8,2.5,4.2,58.2
2026-10-22 22:00:00,RJPN-001-3,RJPN-001,Band 1 (2100MHz),-88.3,-10.6,14.7,11.3,4.3,12.2
2026-10-22 22:00:00,RJPN-002-1,RJPN-002,Band 3 (1800MHz),-85.0,-9.0,11.1,17.4,8.8,10.2
2026-10-22 22:00:00,RJPN-002-2,RJPN-002,Band 3 (1800MHz),-92.8,-11.3,0.8,8.6,8.3,65.8
2026-10-22 22:00:00,RJPN-002-3,RJPN-002,Band 3 (1800MHz),-82.9,-7.1,10.8,1.6,0.0,20.8
2026-10-22 22:00:00,RJPN-003-1,RJPN-003,Band 1 (2100MHz),-84.9,-7.6,23.9,0.0,1.3,27.5
2026-10-22 22:00:00,RJPN-003-2,RJPN-003,Band 1 (2100MHz),-90.9,-9.1,10.3,13.4,2.9,57.7
2026-10-22 22:00:00,RJPN-003-3,RJPN-003,Band 1 (2100MHz),-85.7,-4.3,10.2,5.4,0.0,23.9
2026-10-22 22:00:00,RJPN-004-1,RJPN-004,Band 3 (1800MHz),-83.2,-12.6,9.1,20.6,13.1,5.2
2026-10-22 22:00:00,RJPN-004-2,RJPN-004,Band 3 (1800MHz),-80.8,-9.0,12.6,11.1,20.8,27.7
2026-10-22 22:00:00,RJPN-004-3,RJPN-004,Band 3 (1800MHz),-90.4,-8.3,8.9,4.1,4.7,3.1
2026-10-22 22:00:00,RJPN-005-1,RJPN-005,Band 1 (2100MHz),-88.4,-3.0,11.0,6.8,0.0,1.4
2026-10-22 22:00:00,RJPN-005-2,RJPN-005,Band 1 (2100MHz),-80.8,-7.0,19.2,3.4,21.8,0.0
2026-10-22 22:00:00,RJPN-005-3,RJPN-005,Band 1 (2100MHz),-82.0,-7.2,7.7,7.3,5.9,6.1
2026-10-22 22:00:00,RJPN-006-1,RJPN-006,Band 3 (1800MHz),-92.5,-6.7,14.4,25.3,2.5,8.5
2026-10-22 22:00:00,RJPN-006-2,RJPN-006,Band 3 (1800MHz),-89.4,-4.6,14.7,8.4,19.4,15.0
2026-10-22 22:00:00,RJPN-006-3,RJPN-006,Band 3 (1800MHz),-86.5,-5.2,18.0,0.0,2.6,7.9
2026-10-22 22:00:00,RJPN-007-1,RJPN-007,Band 1 (2100MHz),-84.5,-6.1,10.6,8.7,2.3,13.5
2026-10-22 22:00:00,RJPN-007-2,RJPN-007,Band 1 (2100MHz),-84.6,-5.5,11.9,14.6,4.9,0.0
2026-10-22 22:00:00,RJPN-007-3,RJPN-007,Band 1 (2100MHz),-86.6,-6.9,9.9,19.6,0.0,0.0
2026-10-22 22:00:00,RJPN-008-1,RJPN-008,Band 3 (1800MHz),-88.2,-7.1,6.5,0.0,15.9,21.6
2026-10-22 22:00:00,RJPN-008-2,RJPN-008,Band 3 (1800MHz),-83.6,-3.9,17.0,0.0,3.9,21.4
2026-10-22 22:00:00,RJPN-008-3,RJPN-008,Band 3 (1800MHz),-81.5,-7.7,10.7,0.0,6.3,0.0
2026-10-22 22:00:00,RJPN-009-1,RJPN-009,Band 1 (2100MHz),-81.6,-6.8,13.8,4.7,16.2,4.1
2026-10-22 22:00:00,RJPN-009-2,RJPN-009,Band 1 (2100MHz),-88.1,-10.7,14.0,20.2,12.9,3.7
2026-10-22 22:00:00,RJPN-009-3,RJPN-009,Band 1 (2100MHz),-85.6,-8.3,15.9,0.0,0.0,23.2
2026-10-22 22:00:00,RJPN-010-1,RJPN-010,Band 3 (1800MHz),-86.0,-8.9,14.5,10.2,5.9,30.0
2026-10-22 22:00:00,RJPN-010-2,RJPN-010,Band 3 (1800MHz),-80.4,-10.2,13.0,5.5,34.1,12.0
2026-10-22 22:00:00,RJPN-010-3,RJPN-010,Band 3 (1800MHz),-86.2,-7.1,18.6,23.3,0.0,0.0
2026-10-22 22:00:00,RJPN-011-1,RJPN-011,Band 1 (2100MHz),-89.4,-8.6,18.6,10.8,5.9,20.2
2026-10-22 22:00:00,RJPN-011-2,RJPN-011,Band 1 (2100MHz),-97.1,-14.5,-0.3,0.0,0.0,60.6
2026-10-22 22:00:00,RJPN-011-3,RJPN-011,Band 1 (2100MHz),-102.0,-17.5,4.3,14.9,0.0,15.7
2026-10-22 23:00:00,RJPN-001-1,RJPN-001,Band 1 (2100MHz),-86.8,-9.3,13.1,0.0,4.1,14.6
2026-10-22 23:00:00,RJPN-001-2,RJPN-001,Band 1 (2100MHz),-81.5,-8.6,10.9,21.2,0.0,0.0
2026-10-22 23:00:00,RJPN-001-3,RJPN-001,Band 1 (2100MHz),-86.9,-9.6,13.1,0.0,0.0,0.0
2026-10-22 23:00:00,RJPN-002-1,RJPN-002,Band 3 (1800MHz),-87.0,-11.4,-1.8,0.0,0.0,0.0
2026-10-22 23:00:00,RJPN-002-2,RJPN-002,Band 3 (1800MHz),-101.3,-7.7,4.8,15.6,0.0,0.0
2026-10-22 23:00:00,RJPN-002-3,RJPN-002,Band 3 (1800MHz),-83.7,-7.5,7.5,28.5,15.1,0.0
2026-10-22 23:00:00,RJPN-003-1,RJPN-003,Band 1 (2100MHz),-83.9,-8.5,22.6,16.7,10.9,48.7
2026-10-22 23:00:00,RJPN-003-2,RJPN-003,Band 1 (2100MHz),-82.6,-10.1,13.1,0.5,5.7,25.5
2026-10-22 23:00:00,RJPN-003-3,RJPN-003,Band 1 (2100MHz),-94.3,-7.5,8.1,0.0,0.0,36.7
2026-10-22 23:00:00,RJPN-004-1,RJPN-004,Band 3 (1800MHz),-88.2,-6.9,13.0,10.3,1.5,19.1
2026-10-22 23:00:00,RJPN-004-2,RJPN-004,Band 3 (1800MHz),-85.9,-8.7,21.0,0.0,16.1,37.0
2026-10-22 23:00:00,RJPN-004-3,RJPN-004,Band 3 (1800MHz),-84.7,-10.0,10.5,18.7,6.4,21.3
2026-10-22 23:00:00,RJPN-005-1,RJPN-005,Band 1 (2100MHz),-75.0,-11.1,14.3,8.3,0.0,0.0
2026-10-22 23:00:00,RJPN-005-2,RJPN-005,Band 1 (2100MHz),-85.4,-9.6,13.9,3.3,12.8,22.5
2026-10-22 23:00:00,RJPN-005-3,RJPN-005,Band 1 (2100MHz),-81.2,-8.7,13.4,0.0,15.0,39.6
2026-10-22 23:00:00,RJPN-006-1,RJPN-006,Band 3 (1800MHz),-79.0,-5.2,16.9,9.3,0.0,0.0
2026-10-22 23:00:00,RJPN-006-2,RJPN-006,Band 3 (1800MHz),-79.3,-8.5,8.7,6.8,0.0,56.4
2026-10-22 23:00:00,RJPN-006-3,RJPN-006,Band 3 (1800MHz),-84.0,-8.7,8.4,0.0,24.0,35.5
2026-10-22 23:00:00,RJPN-007-1,RJPN-007,Band 1 (2100MHz),-86.6,-3.7,10.4,14.3,4.4,18.8
2026-10-22 23:00:00,RJPN-007-2,RJPN-007,Band 1 (2100MHz),-84.9,-8.4,10.2,24.6,11.9,0.0
2026-10-22 23:00:00,RJPN-007-3,RJPN-007,Band 1 (2100MHz),-82.1,-7.1,12.1,21.9,22.9,24.9
2026-10-22 23:00:00,RJPN-008-1,RJPN-008,Band 3 (1800MHz),-83.3,-7.3,9.5,0.0,9.2,0.0
2026-10-22 23:00:00,RJPN-008-2,RJPN-008,Band 3 (1800MHz),-92.5,-12.9,14.5,4.8,0.0,41.7
2026-10-22 23:00:00,RJPN-008-3,RJPN-008,Band 3 (1800MHz),-86.8,-7.9,6.3,15.9,21.3,5.8
2026-10-22 23:00:00,RJPN-009-1,RJPN-009,Band 1 (2100MHz),-86.6,-7.3,5.6,18.5,0.0,0.0
2026-10-22 23:00:00,RJPN-009-2,RJPN-009,Band 1 (2100MHz),-89.8,-7.9,17.3,9.8,15.5,31.3
2026-10-22 23:00:00,RJPN-009-3,RJPN-009,Band 1 (2100MHz),-84.2,-10.5,19.6,0.0,0.0,28.5
2026-10-22 23:00:00,RJPN-010-1,RJPN-010,Band 3 (1800MHz),-83.2,-8.5,12.4,9.5,2.4,3.8
2026-10-22 23:00:00,RJPN-010-2,RJPN-010,Band 3 (1800MHz),-90.1,-7.1,3.7,14.8,0.0,0.0
2026-10-22 23:00:00,RJPN-010-3,RJPN-010,Band 3 (1800MHz),-86.7,-6.8,13.7,8.6,21.6,24.7
2026-10-22 23:00:00,RJPN-011-1,RJPN-011,Band 1 (2100MHz),-80.6,-6.5,11.0,11.7,0.9,3.2
2026-10-22 23:00:00,RJPN-011-2,RJPN-011,Band 1 (2100MHz),-99.4,-9.2,4.3,18.4,7.6,0.0
2026-10-22 23:00:00,RJPN-011-3,RJPN-011,Band 1 (2100MHz),-98.4,-11.4,1.0,3.6,17.4,0.0
