timestamp_utc,cell_id,enodeb_id,frequency_band,avg_rsrp_dBm,avg_rsrq_dB,avg_sinr_dB,prb_utilization_dl_pct,prb_utilization_ul_pct,active_ue_avg
2026-07-15 00:00:00,TKYO-001-1,TKYO-001,Band 1 (2100MHz),-86.7,-10.8,1.2,24.0,0.0,0.0
2026-07-15 00:00:00,TKYO-001-2,TKYO-001,Band 1 (2100MHz),-81.8,-7.7,14.7,8.4,6.8,20.5
2026-07-15 00:00:00,TKYO-001-3,TKYO-001,Band 1 (2100MHz),-81.9,-7.3,16.7,0.3,18.7,28.5
2026-07-15 00:00:00,TKYO-002-1,TKYO-002,Band 41 (2500MHz),-90.7,-7.6,1.6,2.5,3.5,0.8
2026-07-15 00:00:00,TKYO-002-2,TKYO-002,Band 41 (2500MHz),-83.1,-6.8,4.4,9.1,13.1,46.2
2026-07-15 00:00:00,TKYO-002-3,TKYO-002,Band 41 (2500MHz),-81.1,-7.9,5.3,13.0,0.0,31.0
2026-07-15 00:00:00,TKYO-003-1,TKYO-003,Band 1 (2100MHz),-82.1,-7.6,9.3,0.0,15.0,53.3
2026-07-15 00:00:00,TKYO-003-2,TKYO-003,Band 1 (2100MHz),-95.8,-10.1,-5.8,8.4,0.0,29.4
2026-07-15 00:00:00,TKYO-003-3,TKYO-003,Band 1 (2100MHz),-85.9,-5.4,3.7,8.3,18.5,23.6
2026-07-15 00:00:00,TKYO-004-1,TKYO-004,Band 41 (2500MHz),-77.5,-8.6,9.3,0.0,14.3,25.5
2026-07-15 00:00:00,TKYO-004-2,TKYO-004,Band 41 (2500MHz),-85.2,-7.1,-4.9,14.2,0.0,39.5
2026-07-15 00:00:00,TKYO-004-3,TKYO-004,Band 41 (2500MHz),-82.1,-5.9,8.2,0.0,0.0,0.0
2026-07-15 00:00:00,TKYO-005-1,TKYO-005,Band 1 (2100MHz),-82.9,-10.4,8.4,0.0,19.2,41.8
2026-07-15 00:00:00,TKYO-005-2,TKYO-005,Band 1 (2100MHz),-81.6,-9.4,2.6,0.0,10.4,0.0
2026-07-15 00:00:00,TKYO-005-3,TKYO-005,Band 1 (2100MHz),-98.3,-13.9,-4.7,0.7,21.0,9.1
2026-07-15 00:00:00,TKYO-006-1,TKYO-006,Band 41 (2500MHz),-80.7,-5.9,4.3,0.0,1.7,0.0
2026-07-15 00:00:00,TKYO-006-2,TKYO-006,Band 41 (2500MHz),-88.4,-11.1,2.1,30.5,13.2,24.2
2026-07-15 00:00:00,TKYO-006-3,TKYO-006,Band 41 (2500MHz),-95.2,-9.2,9.3,2.4,6.0,46.2
2026-07-15 00:00:00,TKYO-007-1,TKYO-007,Band 1 (2100MHz),-80.0,-8.8,19.7,10.3,1.7,30.4
2026-07-15 00:00:00,TKYO-007-2,TKYO-007,Band 1 (2100MHz),-79.3,-9.9,16.5,12.6,8.7,5.4
2026-07-15 00:00:00,TKYO-007-3,TKYO-007,Band 1 (2100MHz),-86.1,-9.9,4.3,25.8,28.1,57.6
2026-07-15 00:00:00,TKYO-008-1,TKYO-008,Band 41 (2500MHz),-84.4,-10.8,1.5,13.2,9.1,9.2
2026-07-15 00:00:00,TKYO-008-2,TKYO-008,Band 41 (2500MHz),-82.2,-9.0,4.3,7.7,5.6,23.5
2026-07-15 00:00:00,TKYO-008-3,TKYO-008,Band 41 (2500MHz),-85.7,-7.4,-3.0,0.0,10.6,9.1
2026-07-15 00:00:00,TKYO-009-1,TKYO-009,Band 1 (2100MHz),-76.9,-7.7,6.9,0.0,17.9,64.2
2026-07-15 00:00:00,TKYO-009-2,TKYO-009,Band 1 (2100MHz),-87.1,-5.8,11.7,39.5,21.1,0.0
2026-07-15 00:00:00,TKYO-009-3,TKYO-009,Band 1 (2100MHz),-77.0,-11.9,3.1,7.9,22.5,0.0
2026-07-15 00:00:00,TKYO-010-1,TKYO-010,Band 41 (2500MHz),-92.9,-6.2,-1.5,25.9,3.3,28.2
2026-07-15 00:00:00,TKYO-010-2,TKYO-010,Band 41 (2500MHz),-87.2,-6.2,7.9,17.4,8.9,20.7
2026-07-15 00:00:00,TKYO-010-3,TKYO-010,Band 41 (2500MHz),-88.6,-10.3,5.1,7.1,1.1,0.0
2026-07-15 00:00:00,TKYO-011-1,TKYO-011,Band 1 (2100MHz),-88.4,-6.6,6.9,7.5,11.9,18.3
2026-07-15 00:00:00,TKYO-011-2,TKYO-011,Band 1 (2100MHz),-84.9,-7.0,4.8,7.9,23.7,41.7
2026-07-15 00:00:00,TKYO-011-3,TKYO-011,Band 1 (2100MHz),-93.1,-5.7,10.3,7.8,6.4,12.8
2026-07-15 00:00:00,TKYO-012-1,TKYO-012,Band 41 (2500MHz),-85.2,-6.0,15.3,12.6,12.0,11.1
2026-07-15 00:00:00,TKYO-012-2,TKYO-012,Band 41 (2500MHz),-82.2,-9.5,-1.7,5.9,13.4,24.6
2026-07-15 00:00:00,TKYO-012-3,TKYO-012,Band 41 (2500MHz),-80.2,-7.9,6.4,0.0,23.7,43.3
2026-07-15 00:00:00,TKYO-013-1,TKYO-013,Band 1 (2100MHz),-90.5,-8.6,10.2,13.5,16.6,0.0
2026-07-15 00:00:00,TKYO-013-2,TKYO-013,Band 1 (2100MHz),-99.8,-11.8,-0.7,9.0,9.6,17.6
2026-07-15 00:00:00,TKYO-013-3,TKYO-013,Band 1 (2100MHz),-75.7,-8.7,8.2,27.3,2.2,24.3
2026-07-15 00:00:00,TKYO-014-1,TKYO-014,Band 41 (2500MHz),-85.6,-10.9,-1.3,23.3,0.0,18.2
2026-07-15 00:00:00,TKYO-014-2,TKYO-014,Band 41 (2500MHz),-101.6,-9.6,-2.3,25.9,19.3,0.0
2026-07-15 00:00:00,TKYO-014-3,TKYO-014,Band 41 (2500MHz),-81.4,-9.3,13.5,8.8,6.3,4.5
2026-07-15 00:00:00,TKYO-015-1,TKYO-015,Band 1 (2100MHz),-86.5,-10.8,4.9,0.9,12.3,28.1
2026-07-15 00:00:00,TKYO-015-2,TKYO-015,Band 1 (2100MHz),-79.6,-10.8,10.4,19.8,8.7,31.0
2026-07-15 00:00:00,TKYO-015-3,TKYO-015,Band 1 (2100MHz),-79.1,-6.1,14.2,5.8,6.9,5.8
2026-07-15 00:00:00,TKYO-016-1,TKYO-016,Band 41 (2500MHz),-89.7,-6.1,7.0,5.4,20.0,36.8
2026-07-15 00:00:00,TKYO-016-2,TKYO-016,Band 41 (2500MHz),-85.5,-8.4,4.2,13.8,23.4,23.1
2026-07-15 00:00:00,TKYO-016-3,TKYO-016,Band 41 (2500MHz),-81.1,-11.4,15.1,8.9,0.0,2.1
2026-07-15 01:00:00,TKYO-001-1,TKYO-001,Band 1 (2100MHz),-83.8,-5.7,3.6,0.0,3.6,50.2
2026-07-15 01:00:00,TKYO-001-2,TKYO-001,Band 1 (2100MHz),-87.7,-9.3,13.6,0.0,2.6,29.2
2026-07-15 01:00:00,TKYO-001-3,TKYO-001,Band 1 (2100MHz),-85.0,-2.8,5.3,26.7,12.3,20.6
2026-07-15 01:00:00,TKYO-002-1,TKYO-002,Band 41 (2500MHz),-85.0,-8.5,7.1,10.7,0.0,27.5
2026-07-15 01:00:00,TKYO-002-2,TKYO-002,Band 41 (2500MHz),-87.0,-7.6,10.6,13.0,14.9,37.6
2026-07-15 01:00:00,TKYO-002-3,TKYO-002,Band 41 (2500MHz),-74.9,-8.4,5.4,13.8,12.2,43.5
2026-07-15 01:00:00,TKYO-003-1,TKYO-003,Band 1 (2100MHz),-85.6,-9.7,9.1,16.8,8.0,21.3
2026-07-15 01:00:00,TKYO-003-2,TKYO-003,Band 1 (2100MHz),-94.4,-12.0,6.2,27.4,13.8,71.9
2026-07-15 01:00:00,TKYO-003-3,TKYO-003,Band 1 (2100MHz),-81.7,-5.9,12.7,0.0,0.6,0.0
2026-07-15 01:00:00,TKYO-004-1,TKYO-004,Band 41 (2500MHz),-85.2,-6.8,12.4,5.8,12.2,46.8
2026-07-15 01:00:00,TKYO-004-2,TKYO-004,Band 41 (2500MHz),-88.5,-8.5,3.8,15.6,0.0,10.2
2026-07-15 01:00:00,TKYO-004-3,TKYO-004,Band 41 (2500MHz),-88.1,-8.2,13.4,16.4,6.7,73.6
2026-07-15 01:00:00,TKYO-005-1,TKYO-005,Band 1 (2100MHz),-83.1,-6.4,6.5,0.2,11.8,64.6
2026-07-15 01:00:00,TKYO-005-2,TKYO-005,Band 1 (2100MHz),-85.3,-10.7,6.2,3.2,0.0,24.5
2026-07-15 01:00:00,TKYO-005-3,TKYO-005,Band 1 (2100MHz),-99.0,-12.9,3.4,0.2,0.0,19.6
2026-07-15 01:00:00,TKYO-006-1,TKYO-006,Band 41 (2500MHz),-83.0,-6.9,9.5,22.7,8.9,0.0
2026-07-15 01:00:00,TKYO-006-2,TKYO-006,Band 41 (2500MHz),-81.8,-8.6,10.7,0.0,14.1,0.0
2026-07-15 01:00:00,TKYO-006-3,TKYO-006,Band 41 (2500MHz),-86.4,-7.5,1.4,25.9,0.0,16.4
2026-07-15 01:00:00,TKYO-007-1,TKYO-007,Band 1 (2100MHz),-85.3,-10.9,7.3,30.1,8.2,3.8
2026-07-15 01:00:00,TKYO-007-2,TKYO-007,Band 1 (2100MHz),-85.6,-6.5,6.0,24.5,0.0,55.0
2026-07-15 01:00:00,TKYO-007-3,TKYO-007,Band 1 (2100MHz),-100.7,-7.9,-1.1,10.4,0.0,4.7
2026-07-15 01:00:00,TKYO-008-1,TKYO-008,Band 41 (2500MHz),-88.4,-6.7,-0.1,0.0,9.3,0.0
2026-07-15 01:00:00,TKYO-008-2,TKYO-008,Band 41 (2500MHz),-82.8,-8.4,0.0,28.0,5.4,0.0
2026-07-15 01:00:00,TKYO-008-3,TKYO-008,Band 41 (2500MHz),-81.6,-9.8,6.5,16.0,0.3,17.7
2026-07-15 01:00:00,TKYO-009-1,TKYO-009,Band 1 (2100MHz),-82.4,-6.9,13.7,21.7,13.0,24.4
2026-07-15 01:00:00,TKYO-009-2,TKYO-009,Band 1 (2100MHz),-83.6,-12.4,11.8,0.0,11.5,11.7
2026-07-15 01:00:00,TKYO-009-3,TKYO-009,Band 1 (2100MHz),-84.6,-7.1,8.9,51.5,6.7,12.1
2026-07-15 01:00:00,TKYO-010-1,TKYO-010,Band 41 (2500MHz),-90.2,-6.7,-0.5,41.1,9.1,0.0
2026-07-15 01:00:00,TKYO-010-2,TKYO-010,Band 41 (2500MHz),-85.9,-8.5,9.5,0.0,0.0,44.2
2026-07-15 01:00:00,TKYO-010-3,TKYO-010,Band 41 (2500MHz),-89.1,-4.5,9.6,8.8,2.6,2.8
2026-07-15 01:00:00,TKYO-011-1,TKYO-011,Band 1 (2100MHz),-82.1,-9.1,0.8,16.0,1.7,33.3
2026-07-15 01:00:00,TKYO-011-2,TKYO-011,Band 1 (2100MHz),-77.7,-8.0,7.0,8.2,9.0,32.9
2026-07-15 01:00:00,TKYO-011-3,TKYO-011,Band 1 (2100MHz),-80.2,-5.9,18.5,12.5,12.3,0.0
2026-07-15 01:00:00,TKYO-012-1,TKYO-012,Band 41 (2500MHz),-94.7,-8.3,4.3,23.5,8.0,11.7
2026-07-15 01:00:00,TKYO-012-2,TKYO-012,Band 41 (2500MHz),-83.8,-7.0,5.5,25.1,0.0,0.0
2026-07-15 01:00:00,TKYO-012-3,TKYO-012,Band 41 (2500MHz),-86.8,-8.5,4.9,4.2,10.4,23.0
2026-07-15 01:00:00,TKYO-013-1,TKYO-013,Band 1 (2100MHz),-81.1,-8.4,13.1,2.4,16.2,0.0
2026-07-15 01:00:00,TKYO-013-2,TKYO-013,Band 1 (2100MHz),-99.1,-10.4,-3.4,0.7,11.5,0.0
2026-07-15 01:00:00,TKYO-013-3,TKYO-013,Band 1 (2100MHz),-88.0,-7.4,5.2,34.2,16.2,25.6
2026-07-15 01:00:00,TKYO-014-1,TKYO-014,Band 41 (2500MHz),-78.8,-7.9,1.2,24.7,2.6,25.7
2026-07-15 01:00:00,TKYO-014-2,TKYO-014,Band 41 (2500MHz),-100.5,-11.8,-2.6,25.0,9.8,23.7
2026-07-15 01:00:00,TKYO-014-3,TKYO-014,Band 41 (2500MHz),-83.7,-10.2,10.2,47.2,0.4,0.0
2026-07-15 01:00:00,TKYO-015-1,TKYO-015,Band 1 (2100MHz),-83.0,-10.4,2.8,1.6,7.0,51.6
2026-07-15 01:00:00,TKYO-015-2,TKYO-015,Band 1 (2100MHz),-87.3,-3.0,13.4,2.9,8.9,21.6
2026-07-15 01:00:00,TKYO-015-3,TKYO-015,Band 1 (2100MHz),-87.4,-7.8,11.1,26.5,1.8,37.9
2026-07-15 01:00:00,TKYO-016-1,TKYO-016,Band 41 (2500MHz),-87.3,-7.3,4.1,4.7,4.1,0.0
2026-07-15 01:00:00,TKYO-016-2,TKYO-016,Band 41 (2500MHz),-74.8,-8.3,5.3,0.8,10.4,0.0
2026-07-15 01:00:00,TKYO-016-3,TKYO-016,Band 41 (2500MHz),-89.3,-8.7,11.6,8.4,0.0,4.1
2026-07-15 02:00:00,TKYO-001-1,TKYO-001,Band 1 (2100MHz),-78.6,-4.1,11.2,0.0,2.1,15.1
2026-07-15 02:00:00,TKYO-001-2,TKYO-001,Band 1 (2100MHz),-85.4,-7.9,-1.5,10.2,1.8,0.0
2026-07-15 02:00:00,TKYO-001-3,TKYO-001,Band 1 (2100MHz),-86.3,-3.9,6.8,5.8,0.0,31.5
2026-07-15 02:00:00,TKYO-002-1,TKYO-002,Band 41 (2500MHz),-90.5,-8.4,9.4,10.5,0.0,1.0
2026-07-15 02:00:00,TKYO-002-2,TKYO-002,Band 41 (2500MHz),-86.5,-9.8,4.0,6.1,18.2,34.9
2026-07-15 02:00:00,TKYO-002-3,TKYO-002,Band 41 (2500MHz),-81.2,-11.7,13.0,20.1,0.0,13.8
2026-07-15 02:00:00,TKYO-003-1,TKYO-003,Band 1 (2100MHz),-81.3,-8.0,2.2,0.0,0.0,4.1
2026-07-15 02:00:00,TKYO-003-2,TKYO-003,Band 1 (2100MHz),-102.5,-12.7,5.5,0.0,3.4,0.0
2026-07-15 02:00:00,TKYO-003-3,TKYO-003,Band 1 (2100MHz),-91.7,-9.7,10.0,33.8,1.6,23.8
2026-07-15 02:00:00,TKYO-004-1,TKYO-004,Band 41 (2500MHz),-88.0,-9.3,4.0,18.9,12.4,9.0
2026-07-15 02:00:00,TKYO-004-2,TKYO-004,Band 41 (2500MHz),-87.3,-9.9,4.9,18.1,17.5,28.0
2026-07-15 02:00:00,TKYO-004-3,TKYO-004,Band 41 (2500MHz),-72.9,-10.0,2.6,21.6,0.0,23.6
2026-07-15 02:00:00,TKYO-005-1,TKYO-005,Band 1 (2100MHz),-87.9,-5.4,9.3,0.0,6.7,81.4
2026-07-15 02:00:00,TKYO-005-2,TKYO-005,Band 1 (2100MHz),-82.1,-8.8,3.7,9.2,7.2,0.0
2026-07-15 02:00:00,TKYO-005-3,TKYO-005,Band 1 (2100MHz),-101.0,-13.9,4.3,0.0,5.9,69.2
2026-07-15 02:00:00,TKYO-006-1,TKYO-006,Band 41 (2500MHz),-81.5,-8.7,2.6,0.0,6.0,32.7
2026-07-15 02:00:00,TKYO-006-2,TKYO-006,Band 41 (2500MHz),-81.3,-7.4,9.1,4.9,0.0,18.5
2026-07-15 02:00:00,TKYO-006-3,TKYO-006,Band 41 (2500MHz),-84.5,-9.8,6.8,14.1,14.6,14.6
2026-07-15 02:00:00,TKYO-007-1,TKYO-007,Band 1 (2100MHz),-84.8,-6.7,12.2,25.7,0.2,9.2
2026-07-15 02:00:00,TKYO-007-2,TKYO-007,Band 1 (2100MHz),-93.0,-8.3,10.7,9.7,0.0,0.0
2026-07-15 02:00:00,TKYO-007-3,TKYO-007,Band 1 (2100MHz),-97.4,-11.4,3.3,13.6,8.1,0.0
2026-07-15 02:00:00,TKYO-008-1,TKYO-008,Band 41 (2500MHz),-89.0,-6.1,7.5,4.3,0.0,8.9
2026-07-15 02:00:00,TKYO-008-2,TKYO-008,Band 41 (2500MHz),-80.4,-9.2,12.9,12.5,0.0,13.4
2026-07-15 02:00:00,TKYO-008-3,TKYO-008,Band 41 (2500MHz),-89.7,-5.3,12.2,18.2,17.5,33.1
2026-07-15 02:00:00,TKYO-009-1,TKYO-009,Band 1 (2100MHz),-84.3,-5.0,11.1,0.0,15.6,0.0
2026-07-15 02:00:00,TKYO-009-2,TKYO-009,Band 1 (2100MHz),-81.1,-7.4,9.1,2.0,5.9,4.0
2026-07-15 02:00:00,TKYO-009-3,TKYO-009,Band 1 (2100MHz),-87.4,-8.2,5.8,17.4,11.4,39.0
2026-07-15 02:00:00,TKYO-010-1,TKYO-010,Band 41 (2500MHz),-89.7,-10.6,11.2,36.6,16.7,3.6
2026-07-15 02:00:00,TKYO-010-2,TKYO-010,Band 41 (2500MHz),-81.4,-8.9,14.5,6.5,14.6,24.8
2026-07-15 02:00:00,TKYO-010-3,TKYO-010,Band 41 (2500MHz),-84.1,-11.1,6.7,0.0,12.4,21.6
2026-07-15 02:00:00,TKYO-011-1,TKYO-011,Band 1 (2100MHz),-87.9,-4.8,9.1,11.9,6.7,30.9
2026-07-15 02:00:00,TKYO-011-2,TKYO-011,Band 1 (2100MHz),-79.6,-11.3,15.6,28.9,3.7,34.3
2026-07-15 02:00:00,TKYO-011-3,TKYO-011,Band 1 (2100MHz),-92.1,-12.1,13.2,22.1,4.4,0.0
2026-07-15 02:00:00,TKYO-012-1,TKYO-012,Band 41 (2500MHz),-87.0,-8.2,-2.7,16.9,11.7,36.4
2026-07-15 02:00:00,TKYO-012-2,TKYO-012,Band 41 (2500MHz),-92.9,-5.7,8.6,0.0,0.0,45.5
2026-07-15 02:00:00,TKYO-012-3,TKYO-012,Band 41 (2500MHz),-86.0,-6.6,6.0,2.2,6.4,13.0
2026-07-15 02:00:00,TKYO-013-1,TKYO-013,Band 1 (2100MHz),-88.6,-9.0,11.2,0.0,7.8,23.3
2026-07-15 02:00:00,TKYO-013-2,TKYO-013,Band 1 (2100MHz),-103.5,-8.3,-0.7,11.5,9.9,0.6
2026-07-15 02:00:00,TKYO-013-3,TKYO-013,Band 1 (2100MHz),-82.1,-6.9,6.4,15.0,0.0,0.0
2026-07-15 02:00:00,TKYO-014-1,TKYO-014,Band 41 (2500MHz),-84.1,-9.8,5.6,0.1,7.3,0.0
2026-07-15 02:00:00,TKYO-014-2,TKYO-014,Band 41 (2500MHz),-100.6,-9.8,-8.7,14.9,4.4,7.8
2026-07-15 02:00:00,TKYO-014-3,TKYO-014,Band 41 (2500MHz),-82.5,-6.9,1.2,16.1,9.1,35.7
2026-07-15 02:00:00,TKYO-015-1,TKYO-015,Band 1 (2100MHz),-83.9,-6.7,7.5,16.7,10.3,37.0
2026-07-15 02:00:00,TKYO-015-2,TKYO-015,Band 1 (2100MHz),-77.0,-9.6,13.2,7.9,0.0,28.6
2026-07-15 02:00:00,TKYO-015-3,TKYO-015,Band 1 (2100MHz),-83.7,-8.9,19.1,20.1,0.0,0.0
2026-07-15 02:00:00,TKYO-016-1,TKYO-016,Band 41 (2500MHz),-84.4,-7.1,15.9,21.3,1.4,43.4
2026-07-15 02:00:00,TKYO-016-2,TKYO-016,Band 41 (2500MHz),-82.3,-9.4,4.9,17.8,5.3,0.0
2026-07-15 02:00:00,TKYO-016-3,TKYO-016,Band 41 (2500MHz),-80.7,-6.2,10.2,15.0,2.7,0.0
2026-07-15 03:00:00,TKYO-001-1,TKYO-001,Band 1 (2100MHz),-85.5,-7.6,10.9,0.0,0.0,9.1
2026-07-15 03:00:00,TKYO-001-2,TKYO-001,Band 1 (2100MHz),-88.7,-10.6,9.7,0.0,17.5,0.0
2026-07-15 03:00:00,TKYO-001-3,TKYO-001,Band 1 (2100MHz),-83.7,-9.9,8.0,2.7,21.9,7.2
2026-07-15 03:00:00,TKYO-002-1,TKYO-002,Band 41 (2500MHz),-77.2,-9.2,6.0,0.0,0.0,27.2
2026-07-15 03:00:00,TKYO-002-2,TKYO-002,Band 41 (2500MHz),-78.6,-8.1,-3.0,7.3,16.5,1.2
2026-07-15 03:00:00,TKYO-002-3,TKYO-002,Band 41 (2500MHz),-80.9,-7.8,10.7,10.5,13.8,11.2
2026-07-15 03:00:00,TKYO-003-1,TKYO-003,Band 1 (2100MHz),-88.4,-10.5,1.4,30.0,19.8,22.4
2026-07-15 03:00:00,TKYO-003-2,TKYO-003,Band 1 (2100MHz),-98.1,-11.7,-6.1,6.3,13.8,27.8
2026-07-15 03:00:00,TKYO-003-3,TKYO-003,Band 1 (2100MHz),-83.8,-10.3,8.3,4.7,0.0,28.9
2026-07-15 03:00:00,TKYO-004-1,TKYO-004,Band 41 (2500MHz),-82.2,-6.4,-5.3,0.0,29.3,60.6
2026-07-15 03:00:00,TKYO-004-2,TKYO-004,Band 41 (2500MHz),-87.7,-6.9,9.4,28.9,18.6,13.1
2026-07-15 03:00:00,TKYO-004-3,TKYO-004,Band 41 (2500MHz),-82.0,-9.7,4.3,0.0,19.9,31.8
2026-07-15 03:00:00,TKYO-005-1,TKYO-005,Band 1 (2100MHz),-84.2,-8.1,4.2,8.4,0.0,50.1
2026-07-15 03:00:00,TKYO-005-2,TKYO-005,Band 1 (2100MHz),-86.3,-5.0,10.2,26.9,10.0,34.9
2026-07-15 03:00:00,TKYO-005-3,TKYO-005,Band 1 (2100MHz),-97.2,-13.1,-1.5,26.0,16.5,6.7
2026-07-15 03:00:00,TKYO-006-1,TKYO-006,Band 41 (2500MHz),-88.1,-6.4,12.6,11.5,5.6,21.5
2026-07-15 03:00:00,TKYO-006-2,TKYO-006,Band 41 (2500MHz),-84.2,-8.2,12.5,8.3,15.4,23.6
2026-07-15 03:00:00,TKYO-006-3,TKYO-006,Band 41 (2500MHz),-82.2,-10.9,8.7,37.7,16.6,11.4
2026-07-15 03:00:00,TKYO-007-1,TKYO-007,Band 1 (2100MHz),-81.4,-6.5,11.1,34.1,7.9,42.9
2026-07-15 03:00:00,TKYO-007-2,TKYO-007,Band 1 (2100MHz),-85.8,-11.9,7.4,14.8,1.6,0.0
2026-07-15 03:00:00,TKYO-007-3,TKYO-007,Band 1 (2100MHz),-98.5,-13.1,0.5,21.4,0.0,0.0
2026-07-15 03:00:00,TKYO-008-1,TKYO-008,Band 41 (2500MHz),-82.9,-8.3,4.5,14.9,13.0,10.4
2026-07-15 03:00:00,TKYO-008-2,TKYO-008,Band 41 (2500MHz),-85.8,-10.4,2.7,6.2,5.4,0.0
2026-07-15 03:00:00,TKYO-008-3,TKYO-008,Band 41 (2500MHz),-86.2,-10.2,1.8,13.4,15.8,23.9
2026-07-15 03:00:00,TKYO-009-1,TKYO-009,Band 1 (2100MHz),-79.9,-11.8,7.2,2.8,0.0,30.2
2026-07-15 03:00:00,TKYO-009-2,TKYO-009,Band 1 (2100MHz),-86.3,-3.9,0.6,15.5,23.0,43.0
2026-07-15 03:00:00,TKYO-009-3,TKYO-009,Band 1 (2100MHz),-78.1,-8.4,12.8,10.9,1.7,33.4
2026-07-15 03:00:00,TKYO-010-1,TKYO-010,Band 41 (2500MHz),-87.6,-9.8,8.7,10.4,10.5,57.4
2026-07-15 03:00:00,TKYO-010-2,TKYO-010,Band 41 (2500MHz),-82.1,-7.4,-1.9,9.9,0.0,23.3
2026-07-15 03:00:00,TKYO-010-3,TKYO-010,Band 41 (2500MHz),-83.0,-4.7,3.2,11.7,5.2,26.6
2026-07-15 03:00:00,TKYO-011-1,TKYO-011,Band 1 (2100MHz),-80.8,-6.2,7.6,19.9,32.8,21.4
2026-07-15 03:00:00,TKYO-011-2,TKYO-011,Band 1 (2100MHz),-80.5,-9.8,8.5,8.2,9.3,17.5
2026-07-15 03:00:00,TKYO-011-3,TKYO-011,Band 1 (2100MHz),-86.8,-6.8,10.1,15.6,9.5,25.6
2026-07-15 03:00:00,TKYO-012-1,TKYO-012,Band 41 (2500MHz),-83.8,-6.4,7.4,16.7,3.9,0.0
2026-07-15 03:00:00,TKYO-012-2,TKYO-012,Band 41 (2500MHz),-85.4,-9.6,6.4,23.3,9.5,28.9
2026-07-15 03:00:00,TKYO-012-3,TKYO-012,Band 41 (2500MHz),-78.5,-7.2,-4.4,14.9,2.9,3.3
2026-07-15 03:00:00,TKYO-013-1,TKYO-013,Band 1 (2100MHz),-82.0,-6.3,4.6,31.3,14.6,0.0
2026-07-15 03:00:00,TKYO-013-2,TKYO-013,Band 1 (2100MHz),-99.1,-13.5,4.1,0.0,13.4,3.4
2026-07-15 03:00:00,TKYO-013-3,TKYO-013,Band 1 (2100MHz),-82.0,-7.1,3.9,24.3,2.8,0.0
2026-07-15 03:00:00,TKYO-014-1,TKYO-014,Band 41 (2500MHz),-87.8,-6.0,6.0,19.0,0.0,12.5
2026-07-15 03:00:00,TKYO-014-2,TKYO-014,Band 41 (2500MHz),-92.5,-14.2,-9.7,16.8,8.1,10.0
2026-07-15 03:00:00,TKYO-014-3,TKYO-014,Band 41 (2500MHz),-77.7,-5.3,10.2,0.0,15.7,23.1
2026-07-15 03:00:00,TKYO-015-1,TKYO-015,Band 1 (2100MHz),-79.5,-7.5,12.8,19.7,0.0,9.0
2026-07-15 03:00:00,TKYO-015-2,TKYO-015,Band 1 (2100MHz),-86.8,-10.4,7.6,1.0,0.0,10.9
2026-07-15 03:00:00,TKYO-015-3,TKYO-015,Band 1 (2100MHz),-86.0,-8.8,6.4,0.7,3.4,29.6
2026-07-15 03:00:00,TKYO-016-1,TKYO-016,Band 41 (2500MHz),-83.8,-6.2,12.9,5.6,11.7,50.7
2026-07-15 03:00:00,TKYO-016-2,TKYO-016,Band 41 (2500MHz),-88.9,-7.4,8.4,11.9,14.0,0.0
2026-07-15 03:00:00,TKYO-016-3,TKYO-016,Band 41 (2500MHz),-78.0,-4.7,7.0,2.1,5.0,15.4
2026-07-15 04:00:00,TKYO-001-1,TKYO-001,Band 1 (2100MHz),-85.1,-7.2,15.8,25.5,0.4,0.0
2026-07-15 04:00:00,TKYO-001-2,TKYO-001,Band 1 (2100MHz),-84.3,-11.6,3.7,14.6,0.0,63.0
2026-07-15 04:00:00,TKYO-001-3,TKYO-001,Band 1 (2100MHz),-75.2,-11.6,15.9,19.5,8.1,0.0
2026-07-15 04:00:00,TKYO-002-1,TKYO-002,Band 41 (2500MHz),-80.0,-6.8,-0.3,8.7,3.1,13.5
2026-07-15 04:00:00,TKYO-002-2,TKYO-002,Band 41 (2500MHz),-84.4,-9.2,9.9,5.0,4.6,44.1
2026-07-15 04:00:00,TKYO-002-3,TKYO-002,Band 41 (2500MHz),-85.4,-5.9,6.1,21.9,21.0,0.0
2026-07-15 04:00:00,TKYO-003-1,TKYO-003,Band 1 (2100MHz),-89.9,-6.0,6.1,3.9,18.1,28.9
2026-07-15 04:00:00,TKYO-003-2,TKYO-003,Band 1 (2100MHz),-96.1,-13.4,-10.0,4.9,0.0,12.4
2026-07-15 04:00:00,TKYO-003-3,TKYO-003,Band 1 (2100MHz),-83.5,-7.1,11.0,8.7,0.0,0.0
2026-07-15 04:00:00,TKYO-004-1,TKYO-004,Band 41 (2500MHz),-79.5,-7.1,13.4,20.2,2.7,29.0
2026-07-15 04:00:00,TKYO-004-2,TKYO-004,Band 41 (2500MHz),-87.6,-7.4,5.3,0.0,15.4,5.1
2026-07-15 04:00:00,TKYO-004-3,TKYO-004,Band 41 (2500MHz),-85.2,-10.9,14.0,12.4,10.0,3.0
2026-07-15 04:00:00,TKYO-005-1,TKYO-005,Band 1 (2100MHz),-92.4,-7.7,-2.4,10.5,20.8,16.1
2026-07-15 04:00:00,TKYO-005-2,TKYO-005,Band 1 (2100MHz),-82.3,-7.1,3.8,3.5,19.7,2.1
2026-07-15 04:00:00,TKYO-005-3,TKYO-005,Band 1 (2100MHz),-94.5,-13.9,-2.9,22.5,0.0,9.6
2026-07-15 04:00:00,TKYO-006-1,TKYO-006,Band 41 (2500MHz),-87.0,-7.8,-0.8,1.8,0.8,36.6
2026-07-15 04:00:00,TKYO-006-2,TKYO-006,Band 41 (2500MHz),-84.5,-8.5,-3.9,7.8,26.5,29.7
2026-07-15 04:00:00,TKYO-006-3,TKYO-006,Band 41 (2500MHz),-77.2,-7.4,13.2,10.9,8.7,6.6
2026-07-15 04:00:00,TKYO-007-1,TKYO-007,Band 1 (2100MHz),-87.9,-7.9,8.3,11.2,2.4,0.0
2026-07-15 04:00:00,TKYO-007-2,TKYO-007,Band 1 (2100MHz),-80.0,-7.8,12.2,0.0,9.4,19.0
2026-07-15 04:00:00,TKYO-007-3,TKYO-007,Band 1 (2100MHz),-98.3,-12.7,0.8,10.2,5.0,60.1
2026-07-15 04:00:00,TKYO-008-1,TKYO-008,Band 41 (2500MHz),-87.3,-9.0,7.7,0.0,13.2,11.0
2026-07-15 04:00:00,TKYO-008-2,TKYO-008,Band 41 (2500MHz),-76.9,-10.0,1.5,13.7,0.0,0.0
2026-07-15 04:00:00,TKYO-008-3,TKYO-008,Band 41 (2500MHz),-86.3,-10.7,5.3,12.6,0.0,12.5
2026-07-15 04:00:00,TKYO-009-1,TKYO-009,Band 1 (2100MHz),-82.4,-6.4,3.9,0.0,0.0,0.0
2026-07-15 04:00:00,TKYO-009-2,TKYO-009,Band 1 (2100MHz),-82.6,-6.3,7.0,33.2,15.6,10.9
2026-07-15 04:00:00,TKYO-009-3,TKYO-009,Band 1 (2100MHz),-79.5,-10.1,19.9,5.5,14.8,0.0
2026-07-15 04:00:00,TKYO-010-1,TKYO-010,Band 41 (2500MHz),-86.7,-8.7,0.7,2.8,4.7,39.8
2026-07-15 04:00:00,TKYO-010-2,TKYO-010,Band 41 (2500MHz),-86.1,-8.2,-2.1,3.8,0.0,0.0
2026-07-15 04:00:00,TKYO-010-3,TKYO-010,Band 41 (2500MHz),-80.1,-5.5,0.7,8.8,1.1,48.1
2026-07-15 04:00:00,TKYO-011-1,TKYO-011,Band 1 (2100MHz),-82.6,-10.6,3.9,27.4,15.5,14.8
2026-07-15 04:00:00,TKYO-011-2,TKYO-011,Band 1 (2100MHz),-92.0,-7.2,7.6,0.6,13.0,1.5
2026-07-15 04:00:00,TKYO-011-3,TKYO-011,Band 1 (2100MHz),-80.1,-9.6,6.7,7.6,0.5,31.6
2026-07-15 04:00:00,TKYO-012-1,TKYO-012,Band 41 (2500MHz),-77.8,-6.1,6.7,3.0,0.4,25.7
2026-07-15 04:00:00,TKYO-012-2,TKYO-012,Band 41 (2500MHz),-84.9,-7.1,6.1,14.2,11.6,21.2
2026-07-15 04:00:00,TKYO-012-3,TKYO-012,Band 41 (2500MHz),-90.8,-7.4,9.0,0.0,10.5,14.2
2026-07-15 04:00:00,TKYO-013-1,TKYO-013,Band 1 (2100MHz),-84.5,-11.6,12.3,6.6,8.3,18.9
2026-07-15 04:00:00,TKYO-013-2,TKYO-013,Band 1 (2100MHz),-97.8,-11.3,4.0,0.0,0.0,0.0
2026-07-15 04:00:00,TKYO-013-3,TKYO-013,Band 1 (2100MHz),-78.6,-11.8,9.3,16.4,0.0,0.0
2026-07-15 04:00:00,TKYO-014-1,TKYO-014,Band 41 (2500MHz),-86.4,-9.2,2.6,2.0,22.3,4.3
2026-07-15 04:00:00,TKYO-014-2,TKYO-014,Band 41 (2500MHz),-90.1,-14.3,-5.9,0.0,0.0,50.5
2026-07-15 04:00:00,TKYO-014-3,TKYO-014,Band 41 (2500MHz),-79.1,-8.7,-6.2,1.8,1.3,28.6
2026-07-15 04:00:00,TKYO-015-1,TKYO-015,Band 1 (2100MHz),-83.2,-11.3,10.5,0.0,0.0,28.2
2026-07-15 04:00:00,TKYO-015-2,TKYO-015,Band 1 (2100MHz),-89.9,-6.0,12.6,14.6,15.8,9.7
2026-07-15 04:00:00,TKYO-015-3,TKYO-015,Band 1 (2100MHz),-80.6,-9.6,5.8,27.9,12.3,20.6
2026-07-15 04:00:00,TKYO-016-1,TKYO-016,Band 41 (2500MHz),-79.3,-8.2,7.9,14.9,1.3,15.6
2026-07-15 04:00:00,TKYO-016-2,TKYO-016,Band 41 (2500MHz),-86.1,-7.5,3.3,7.2,6.0,11.6
2026-07-15 04:00:00,TKYO-016-3,TKYO-016,Band 41 (2500MHz),-81.4,-9.1,10.2,12.7,8.5,15.0
2026-07-15 05:00:00,TKYO-001-1,TKYO-001,Band 1 (2100MHz),-81.7,-9.1,8.1,18.7,9.4,20.8
2026-07-15 05:00:00,TKYO-001-2,TKYO-001,Band 1 (2100MHz),-81.7,-8.2,7.9,16.1,12.7,15.0
2026-07-15 05:00:00,TKYO-001-3,TKYO-001,Band 1 (2100MHz),-86.6,-6.3,3.3,33.4,9.7,11.3
2026-07-15 05:00:00,TKYO-002-1,TKYO-002,Band 41 (2500MHz),-83.1,-10.8,4.7,34.5,0.0,1.5
2026-07-15 05:00:00,TKYO-002-2,TKYO-002,Band 41 (2500MHz),-82.8,-6.8,5.2,11.0,14.6,0.0
2026-07-15 05:00:00,TKYO-002-3,TKYO-002,Band 41 (2500MHz),-86.2,-10.1,13.8,0.0,10.5,29.0
2026-07-15 05:00:00,TKYO-003-1,TKYO-003,Band 1 (2100MHz),-82.7,-9.6,5.4,0.0,0.0,26.8
2026-07-15 05:00:00,TKYO-003-2,TKYO-003,Band 1 (2100MHz),-89.3,-12.2,-1.5,17.2,0.0,26.5
2026-07-15 05:00:00,TKYO-003-3,TKYO-003,Band 1 (2100MHz),-81.0,-7.6,11.9,4.8,18.5,15.2
2026-07-15 05:00:00,TKYO-004-1,TKYO-004,Band 41 (2500MHz),-78.8,-9.3,21.9,15.3,24.4,2.8
2026-07-15 05:00:00,TKYO-004-2,TKYO-004,Band 41 (2500MHz),-84.5,-7.9,8.7,8.4,6.3,38.5
2026-07-15 05:00:00,TKYO-004-3,TKYO-004,Band 41 (2500MHz),-81.9,-8.3,7.4,4.4,0.0,35.2
2026-07-15 05:00:00,TKYO-005-1,TKYO-005,Band 1 (2100MHz),-87.9,-8.7,7.0,0.0,9.9,43.4
2026-07-15 05:00:00,TKYO-005-2,TKYO-005,Band 1 (2100MHz),-84.8,-6.0,16.6,0.7,17.9,21.2
2026-07-15 05:00:00,TKYO-005-3,TKYO-005,Band 1 (2100MHz),-90.9,-14.7,6.4,3.4,29.3,13.0
2026-07-15 05:00:00,TKYO-006-1,TKYO-006,Band 41 (2500MHz),-87.2,-5.6,2.4,14.9,10.3,26.9
2026-07-15 05:00:00,TKYO-006-2,TKYO-006,Band 41 (2500MHz),-93.2,-9.3,4.8,5.1,2.4,0.4
2026-07-15 05:00:00,TKYO-006-3,TKYO-006,Band 41 (2500MHz),-90.6,-11.8,8.2,13.0,2.3,18.2
2026-07-15 05:00:00,TKYO-007-1,TKYO-007,Band 1 (2100MHz),-85.2,-5.7,9.3,0.0,1.1,5.5
2026-07-15 05:00:00,TKYO-007-2,TKYO-007,Band 1 (2100MHz),-86.1,-9.6,13.6,5.6,7.7,54.1
2026-07-15 05:00:00,TKYO-007-3,TKYO-007,Band 1 (2100MHz),-104.2,-12.5,7.9,11.7,7.2,23.1
2026-07-15 05:00:00,TKYO-008-1,TKYO-008,Band 41 (2500MHz),-79.3,-8.3,-8.6,42.7,10.6,0.0
2026-07-15 05:00:00,TKYO-008-2,TKYO-008,Band 41 (2500MHz),-78.1,-9.2,-1.3,48.1,3.3,23.1
2026-07-15 05:00:00,TKYO-008-3,TKYO-008,Band 41 (2500MHz),-86.4,-7.7,3.5,3.5,1.6,0.0
2026-07-15 05:00:00,TKYO-009-1,TKYO-009,Band 1 (2100MHz),-82.9,-3.2,-3.8,22.7,20.7,58.5
2026-07-15 05:00:00,TKYO-009-2,TKYO-009,Band 1 (2100MHz),-83.0,-7.7,23.2,0.0,20.2,7.4
2026-07-15 05:00:00,TKYO-009-3,TKYO-009,Band 1 (2100MHz),-83.3,-8.4,8.3,1.5,10.5,7.3
2026-07-15 05:00:00,TKYO-010-1,TKYO-010,Band 41 (2500MHz),-85.6,-10.6,15.2,2.0,0.0,46.0
2026-07-15 05:00:00,TKYO-010-2,TKYO-010,Band 41 (2500MHz),-85.2,-8.3,7.1,11.0,15.6,30.0
2026-07-15 05:00:00,TKYO-010-3,TKYO-010,Band 41 (2500MHz),-88.6,-5.6,11.3,0.0,13.5,23.0
2026-07-15 05:00:00,TKYO-011-1,TKYO-011,Band 1 (2100MHz),-83.8,-6.7,1.1,12.3,23.5,14.9
2026-07-15 05:00:00,TKYO-011-2,TKYO-011,Band 1 (2100MHz),-83.2,-8.7,20.6,5.5,13.6,3.4
2026-07-15 05:00:00,TKYO-011-3,TKYO-011,Band 1 (2100MHz),-86.6,-12.1,10.2,0.0,10.9,29.7
2026-07-15 05:00:00,TKYO-012-1,TKYO-012,Band 41 (2500MHz),-80.8,-9.6,14.3,11.6,1.9,1.2
2026-07-15 05:00:00,TKYO-012-2,TKYO-012,Band 41 (2500MHz),-80.0,-6.5,3.3,18.6,0.0,13.3
2026-07-15 05:00:00,TKYO-012-3,TKYO-012,Band 41 (2500MHz),-73.3,-7.8,-6.1,2.7,21.7,16.5
2026-07-15 05:00:00,TKYO-013-1,TKYO-013,Band 1 (2100MHz),-83.6,-11.1,1.5,27.4,1.8,0.0
2026-07-15 05:00:00,TKYO-013-2,TKYO-013,Band 1 (2100MHz),-100.9,-13.0,1.4,13.1,16.8,23.1
2026-07-15 05:00:00,TKYO-013-3,TKYO-013,Band 1 (2100MHz),-81.4,-7.8,5.2,32.1,13.0,0.0
2026-07-15 05:00:00,TKYO-014-1,TKYO-014,Band 41 (2500MHz),-82.8,-6.1,11.6,0.0,0.0,30.4
2026-07-15 05:00:00,TKYO-014-2,TKYO-014,Band 41 (2500MHz),-97.6,-11.3,-1.6,5.5,0.0,29.6
2026-07-15 05:00:00,TKYO-014-3,TKYO-014,Band 41 (2500MHz),-80.5,-6.4,3.6,0.0,8.6,20.7
2026-07-15 05:00:00,TKYO-015-1,TKYO-015,Band 1 (2100MHz),-88.3,-11.5,14.9,16.0,14.4,3.6
2026-07-15 05:00:00,TKYO-015-2,TKYO-015,Band 1 (2100MHz),-83.4,-10.2,7.1,10.9,5.2,20.3
2026-07-15 05:00:00,TKYO-015-3,TKYO-015,Band 1 (2100MHz),-87.9,-9.3,17.7,10.5,13.6,5.0
2026-07-15 05:00:00,TKYO-016-1,TKYO-016,Band 41 (2500MHz),-84.1,-7.6,0.9,11.2,12.4,61.7
2026-07-15 05:00:00,TKYO-016-2,TKYO-016,Band 41 (2500MHz),-86.5,-10.7,11.3,5.2,3.1,0.0
2026-07-15 05:00:00,TKYO-016-3,TKYO-016,Band 41 (2500MHz),-80.5,-9.5,8.7,32.1,5.8,16.9
2026-07-15 06:00:00,TKYO-001-1,TKYO-001,Band 1 (2100MHz),-89.7,-7.0,4.9,20.0,18.7,59.5
2026-07-15 06:00:00,TKYO-001-2,TKYO-001,Band 1 (2100MHz),-90.8,-6.6,10.5,25.9,6.0,6.0
2026-07-15 06:00:00,TKYO-001-3,TKYO-001,Band 1 (2100MHz),-90.0,-7.1,9.6,3.6,7.2,25.6
2026-07-15 06:00:00,TKYO-002-1,TKYO-002,Band 41 (2500MHz),-80.9,-11.8,5.4,23.0,10.5,2.0
2026-07-15 06:00:00,TKYO-002-2,TKYO-002,Band 41 (2500MHz),-87.9,-9.6,7.9,10.2,17.2,50.5
2026-07-15 06:00:00,TKYO-002-3,TKYO-002,Band 41 (2500MHz),-87.1,-10.5,7.4,16.6,22.8,35.9
2026-07-15 06:00:00,TKYO-003-1,TKYO-003,Band 1 (2100MHz),-88.9,-6.4,1.2,58.2,26.9,29.0
2026-07-15 06:00:00,TKYO-003-2,TKYO-003,Band 1 (2100MHz),-89.2,-14.8,3.3,29.4,12.4,48.6
2026-07-15 06:00:00,TKYO-003-3,TKYO-003,Band 1 (2100MHz),-85.0,-10.6,7.8,14.9,14.5,36.2
2026-07-15 06:00:00,TKYO-004-1,TKYO-004,Band 41 (2500MHz),-81.2,-10.1,7.1,23.7,12.9,70.2
2026-07-15 06:00:00,TKYO-004-2,TKYO-004,Band 41 (2500MHz),-87.0,-9.5,6.2,24.6,39.9,34.3
2026-07-15 06:00:00,TKYO-004-3,TKYO-004,Band 41 (2500MHz),-84.3,-7.0,-0.5,19.8,11.2,12.7
2026-07-15 06:00:00,TKYO-005-1,TKYO-005,Band 1 (2100MHz),-84.7,-9.3,3.8,6.5,18.4,67.3
2026-07-15 06:00:00,TKYO-005-2,TKYO-005,Band 1 (2100MHz),-83.6,-7.5,12.6,28.1,8.1,70.5
2026-07-15 06:00:00,TKYO-005-3,TKYO-005,Band 1 (2100MHz),-97.1,-8.9,6.3,31.3,35.2,31.3
2026-07-15 06:00:00,TKYO-006-1,TKYO-006,Band 41 (2500MHz),-77.0,-11.7,11.7,34.6,22.4,50.4
2026-07-15 06:00:00,TKYO-006-2,TKYO-006,Band 41 (2500MHz),-86.7,-6.6,2.5,1.3,18.3,68.4
2026-07-15 06:00:00,TKYO-006-3,TKYO-006,Band 41 (2500MHz),-85.3,-14.8,5.8,21.1,21.7,54.9
2026-07-15 06:00:00,TKYO-007-1,TKYO-007,Band 1 (2100MHz),-88.1,-9.9,6.3,18.4,13.7,16.6
2026-07-15 06:00:00,TKYO-007-2,TKYO-007,Band 1 (2100MHz),-87.9,-8.2,8.7,35.2,23.1,7.9
2026-07-15 06:00:00,TKYO-007-3,TKYO-007,Band 1 (2100MHz),-102.3,-14.0,-0.0,24.9,8.8,56.9
2026-07-15 06:00:00,TKYO-008-1,TKYO-008,Band 41 (2500MHz),-86.5,-9.4,9.8,1.5,12.1,60.9
2026-07-15 06:00:00,TKYO-008-2,TKYO-008,Band 41 (2500MHz),-77.6,-6.8,-0.2,25.0,16.8,15.5
2026-07-15 06:00:00,TKYO-008-3,TKYO-008,Band 41 (2500MHz),-78.8,-8.8,4.9,21.5,19.9,6.3
2026-07-15 06:00:00,TKYO-009-1,TKYO-009,Band 1 (2100MHz),-89.3,-8.2,6.9,7.3,4.2,8.2
2026-07-15 06:00:00,TKYO-009-2,TKYO-009,Band 1 (2100MHz),-89.0,-6.3,6.4,28.1,28.4,52.9
2026-07-15 06:00:00,TKYO-009-3,TKYO-009,Band 1 (2100MHz),-80.4,-6.5,1.7,9.3,20.0,25.4
2026-07-15 06:00:00,TKYO-010-1,TKYO-010,Band 41 (2500MHz),-83.2,-12.7,4.7,43.7,13.8,86.6
2026-07-15 06:00:00,TKYO-010-2,TKYO-010,Band 41 (2500MHz),-89.4,-11.0,4.3,9.8,27.4,35.3
2026-07-15 06:00:00,TKYO-010-3,TKYO-010,Band 41 (2500MHz),-83.9,-9.9,4.9,23.5,30.9,60.0
2026-07-15 06:00:00,TKYO-011-1,TKYO-011,Band 1 (2100MHz),-92.4,-10.5,10.1,41.0,26.0,42.0
2026-07-15 06:00:00,TKYO-011-2,TKYO-011,Band 1 (2100MHz),-88.6,-7.8,12.7,14.2,1.6,46.0
2026-07-15 06:00:00,TKYO-011-3,TKYO-011,Band 1 (2100MHz),-76.7,-11.1,6.4,30.3,43.9,17.6
2026-07-15 06:00:00,TKYO-012-1,TKYO-012,Band 41 (2500MHz),-82.0,-11.9,6.8,40.3,1.0,23.7
2026-07-15 06:00:00,TKYO-012-2,TKYO-012,Band 41 (2500MHz),-88.9,-13.1,6.6,24.2,17.0,21.8
2026-07-15 06:00:00,TKYO-012-3,TKYO-012,Band 41 (2500MHz),-81.6,-10.7,9.7,15.8,11.8,29.2
2026-07-15 06:00:00,TKYO-013-1,TKYO-013,Band 1 (2100MHz),-83.8,-7.2,17.6,33.4,9.1,50.7
2026-07-15 06:00:00,TKYO-013-2,TKYO-013,Band 1 (2100MHz),-96.6,-14.0,0.2,16.8,22.6,78.2
2026-07-15 06:00:00,TKYO-013-3,TKYO-013,Band 1 (2100MHz),-84.8,-6.8,5.1,0.8,13.7,17.8
2026-07-15 06:00:00,TKYO-014-1,TKYO-014,Band 41 (2500MHz),-84.7,-5.8,-5.6,14.4,12.7,16.5
2026-07-15 06:00:00,TKYO-014-2,TKYO-014,Band 41 (2500MHz),-89.5,-8.7,-5.3,22.7,3.8,23.8
2026-07-15 06:00:00,TKYO-014-3,TKYO-014,Band 41 (2500MHz),-86.6,-8.2,4.1,10.6,12.3,34.5
2026-07-15 06:00:00,TKYO-015-1,TKYO-015,Band 1 (2100MHz),-87.1,-6.9,8.8,21.3,11.1,20.0
2026-07-15 06:00:00,TKYO-015-2,TKYO-015,Band 1 (2100MHz),-76.3,-8.7,12.2,27.6,22.8,61.9
2026-07-15 06:00:00,TKYO-015-3,TKYO-015,Band 1 (2100MHz),-81.1,-11.2,4.8,36.2,0.0,50.6
2026-07-15 06:00:00,TKYO-016-1,TKYO-016,Band 41 (2500MHz),-83.4,-8.8,-0.4,14.1,15.0,56.3
2026-07-15 06:00:00,TKYO-016-2,TKYO-016,Band 41 (2500MHz),-76.1,-10.8,5.3,34.2,15.5,56.4
2026-07-15 06:00:00,TKYO-016-3,TKYO-016,Band 41 (2500MHz),-82.9,-8.7,13.0,9.3,14.8,68.3
2026-07-15 07:00:00,TKYO-001-1,TKYO-001,Band 1 (2100MHz),-85.5,-9.4,16.6,78.6,64.5,118.1
2026-07-15 07:00:00,TKYO-001-2,TKYO-001,Band 1 (2100MHz),-81.6,-12.3,18.3,37.0,52.1,150.4
2026-07-15 07:00:00,TKYO-001-3,TKYO-001,Band 1 (2100MHz),-81.9,-10.6,4.3,70.5,30.5,138.5
2026-07-15 07:00:00,TKYO-002-1,TKYO-002,Band 41 (2500MHz),-78.7,-11.0,3.4,68.6,46.1,139.3
2026-07-15 07:00:00,TKYO-002-2,TKYO-002,Band 41 (2500MHz),-85.0,-10.9,5.9,92.2,35.9,165.4
2026-07-15 07:00:00,TKYO-002-3,TKYO-002,Band 41 (2500MHz),-86.8,-7.2,1.8,91.8,36.6,114.4
2026-07-15 07:00:00,TKYO-003-1,TKYO-003,Band 1 (2100MHz),-86.4,-11.2,14.0,89.2,39.0,161.7
2026-07-15 07:00:00,TKYO-003-2,TKYO-003,Band 1 (2100MHz),-96.1,-12.0,7.8,90.6,46.3,111.3
2026-07-15 07:00:00,TKYO-003-3,TKYO-003,Band 1 (2100MHz),-84.3,-9.1,7.7,73.3,39.0,145.7
2026-07-15 07:00:00,TKYO-004-1,TKYO-004,Band 41 (2500MHz),-81.1,-12.8,5.8,75.8,45.0,128.0
2026-07-15 07:00:00,TKYO-004-2,TKYO-004,Band 41 (2500MHz),-84.8,-14.5,3.6,68.9,47.6,145.3
2026-07-15 07:00:00,TKYO-004-3,TKYO-004,Band 41 (2500MHz),-84.0,-13.3,6.6,55.5,41.4,127.7
2026-07-15 07:00:00,TKYO-005-1,TKYO-005,Band 1 (2100MHz),-85.4,-10.7,8.1,88.8,53.2,139.6
2026-07-15 07:00:00,TKYO-005-2,TKYO-005,Band 1 (2100MHz),-82.3,-12.4,14.2,85.8,41.9,65.4
2026-07-15 07:00:00,TKYO-005-3,TKYO-005,Band 1 (2100MHz),-97.1,-17.6,1.2,86.2,28.8,145.0
2026-07-15 07:00:00,TKYO-006-1,TKYO-006,Band 41 (2500MHz),-80.9,-13.0,1.8,74.7,49.3,123.6
2026-07-15 07:00:00,TKYO-006-2,TKYO-006,Band 41 (2500MHz),-83.6,-14.5,4.4,96.7,37.1,119.0
2026-07-15 07:00:00,TKYO-006-3,TKYO-006,Band 41 (2500MHz),-88.4,-10.6,9.7,76.4,36.7,129.0
2026-07-15 07:00:00,TKYO-007-1,TKYO-007,Band 1 (2100MHz),-77.3,-7.5,13.5,61.7,50.4,96.1
2026-07-15 07:00:00,TKYO-007-2,TKYO-007,Band 1 (2100MHz),-78.0,-12.9,11.2,100.0,33.4,110.0
2026-07-15 07:00:00,TKYO-007-3,TKYO-007,Band 1 (2100MHz),-98.3,-12.8,1.5,82.2,55.3,97.3
2026-07-15 07:00:00,TKYO-008-1,TKYO-008,Band 41 (2500MHz),-85.6,-12.2,6.5,74.2,40.3,112.1
2026-07-15 07:00:00,TKYO-008-2,TKYO-008,Band 41 (2500MHz),-87.5,-12.9,7.4,96.2,26.8,140.3
2026-07-15 07:00:00,TKYO-008-3,TKYO-008,Band 41 (2500MHz),-79.5,-9.9,7.8,95.8,38.5,101.7
2026-07-15 07:00:00,TKYO-009-1,TKYO-009,Band 1 (2100MHz),-75.4,-14.1,5.0,78.1,36.4,100.7
2026-07-15 07:00:00,TKYO-009-2,TKYO-009,Band 1 (2100MHz),-84.6,-12.0,2.3,84.7,64.0,145.1
2026-07-15 07:00:00,TKYO-009-3,TKYO-009,Band 1 (2100MHz),-82.2,-12.6,14.4,90.9,33.5,97.3
2026-07-15 07:00:00,TKYO-010-1,TKYO-010,Band 41 (2500MHz),-80.3,-14.3,8.0,99.3,38.8,132.0
2026-07-15 07:00:00,TKYO-010-2,TKYO-010,Band 41 (2500MHz),-86.8,-10.8,-3.3,93.3,45.4,119.1
2026-07-15 07:00:00,TKYO-010-3,TKYO-010,Band 41 (2500MHz),-87.6,-11.8,6.5,74.6,29.9,97.4
2026-07-15 07:00:00,TKYO-011-1,TKYO-011,Band 1 (2100MHz),-82.5,-11.3,15.4,72.1,50.9,96.0
2026-07-15 07:00:00,TKYO-011-2,TKYO-011,Band 1 (2100MHz),-79.9,-8.7,4.4,90.8,34.2,119.9
2026-07-15 07:00:00,TKYO-011-3,TKYO-011,Band 1 (2100MHz),-76.9,-9.6,8.2,71.8,48.0,141.5
2026-07-15 07:00:00,TKYO-012-1,TKYO-012,Band 41 (2500MHz),-78.6,-13.9,0.3,63.5,52.0,135.6
2026-07-15 07:00:00,TKYO-012-2,TKYO-012,Band 41 (2500MHz),-88.7,-12.5,3.3,71.6,47.7,145.8
2026-07-15 07:00:00,TKYO-012-3,TKYO-012,Band 41 (2500MHz),-82.8,-11.1,-1.5,93.5,41.7,104.2
2026-07-15 07:00:00,TKYO-013-1,TKYO-013,Band 1 (2100MHz),-94.0,-12.2,6.3,67.9,45.0,84.5
2026-07-15 07:00:00,TKYO-013-2,TKYO-013,Band 1 (2100MHz),-96.0,-14.3,1.3,79.9,33.2,101.9
2026-07-15 07:00:00,TKYO-013-3,TKYO-013,Band 1 (2100MHz),-79.5,-10.2,3.6,84.4,36.9,76.4
2026-07-15 07:00:00,TKYO-014-1,TKYO-014,Band 41 (2500MHz),-78.4,-15.1,6.6,71.1,39.5,121.4
2026-07-15 07:00:00,TKYO-014-2,TKYO-014,Band 41 (2500MHz),-94.1,-18.3,-10.0,79.9,50.2,119.6
2026-07-15 07:00:00,TKYO-014-3,TKYO-014,Band 41 (2500MHz),-90.0,-10.5,9.3,85.4,47.1,140.8
2026-07-15 07:00:00,TKYO-015-1,TKYO-015,Band 1 (2100MHz),-79.6,-10.4,4.1,77.2,50.0,151.0
2026-07-15 07:00:00,TKYO-015-2,TKYO-015,Band 1 (2100MHz),-83.2,-14.9,10.3,77.1,41.7,92.6
2026-07-15 07:00:00,TKYO-015-3,TKYO-015,Band 1 (2100MHz),-92.8,-14.6,6.8,71.9,67.5,168.9
2026-07-15 07:00:00,TKYO-016-1,TKYO-016,Band 41 (2500MHz),-79.0,-11.3,16.0,79.3,52.0,169.1
2026-07-15 07:00:00,TKYO-016-2,TKYO-016,Band 41 (2500MHz),-86.3,-11.3,1.6,69.1,53.0,126.7
2026-07-15 07:00:00,TKYO-016-3,TKYO-016,Band 41 (2500MHz),-85.6,-15.4,5.0,78.4,45.9,100.1
2026-07-15 08:00:00,TKYO-001-1,TKYO-001,Band 1 (2100MHz),-82.9,-13.2,10.1,100.0,55.2,132.2
2026-07-15 08:00:00,TKYO-001-2,TKYO-001,Band 1 (2100MHz),-85.8,-13.9,20.6,100.0,58.9,157.7
2026-07-15 08:00:00,TKYO-001-3,TKYO-001,Band 1 (2100MHz),-80.2,-11.0,7.6,100.0,54.0,132.1
2026-07-15 08:00:00,TKYO-002-1,TKYO-002,Band 41 (2500MHz),-83.1,-13.3,8.6,94.9,76.0,228.9
2026-07-15 08:00:00,TKYO-002-2,TKYO-002,Band 41 (2500MHz),-77.8,-11.1,2.9,96.3,51.6,146.9
2026-07-15 08:00:00,TKYO-002-3,TKYO-002,Band 41 (2500MHz),-89.4,-13.0,9.4,100.0,64.0,140.4
2026-07-15 08:00:00,TKYO-003-1,TKYO-003,Band 1 (2100MHz),-78.3,-14.4,0.8,100.0,39.0,160.8
2026-07-15 08:00:00,TKYO-003-2,TKYO-003,Band 1 (2100MHz),-89.6,-15.8,-0.3,100.0,53.4,166.1
2026-07-15 08:00:00,TKYO-003-3,TKYO-003,Band 1 (2100MHz),-80.5,-11.4,5.2,100.0,47.8,163.2
2026-07-15 08:00:00,TKYO-004-1,TKYO-004,Band 41 (2500MHz),-88.7,-12.3,11.1,96.5,57.0,166.0
2026-07-15 08:00:00,TKYO-004-2,TKYO-004,Band 41 (2500MHz),-84.6,-15.0,8.1,87.8,73.7,176.8
2026-07-15 08:00:00,TKYO-004-3,TKYO-004,Band 41 (2500MHz),-80.3,-14.3,0.3,98.5,51.3,148.6
2026-07-15 08:00:00,TKYO-005-1,TKYO-005,Band 1 (2100MHz),-88.0,-15.6,-1.1,93.5,62.2,136.0
2026-07-15 08:00:00,TKYO-005-2,TKYO-005,Band 1 (2100MHz),-88.9,-9.8,12.9,100.0,57.2,148.2
2026-07-15 08:00:00,TKYO-005-3,TKYO-005,Band 1 (2100MHz),-92.9,-17.7,0.4,100.0,51.6,199.7
2026-07-15 08:00:00,TKYO-006-1,TKYO-006,Band 41 (2500MHz),-83.7,-14.5,3.3,97.6,55.4,130.0
2026-07-15 08:00:00,TKYO-006-2,TKYO-006,Band 41 (2500MHz),-73.5,-15.1,2.0,88.9,56.0,151.7
2026-07-15 08:00:00,TKYO-006-3,TKYO-006,Band 41 (2500MHz),-86.0,-11.9,2.9,77.1,49.2,141.3
2026-07-15 08:00:00,TKYO-007-1,TKYO-007,Band 1 (2100MHz),-86.9,-12.7,-0.6,100.0,53.0,195.4
2026-07-15 08:00:00,TKYO-007-2,TKYO-007,Band 1 (2100MHz),-76.2,-15.2,8.7,96.3,59.6,153.1
2026-07-15 08:00:00,TKYO-007-3,TKYO-007,Band 1 (2100MHz),-95.0,-19.4,2.3,100.0,64.1,172.4
2026-07-15 08:00:00,TKYO-008-1,TKYO-008,Band 41 (2500MHz),-80.4,-14.8,3.7,100.0,59.9,195.5
2026-07-15 08:00:00,TKYO-008-2,TKYO-008,Band 41 (2500MHz),-87.5,-15.6,0.7,98.6,76.3,154.2
2026-07-15 08:00:00,TKYO-008-3,TKYO-008,Band 41 (2500MHz),-87.0,-13.0,9.7,99.8,75.0,161.4
2026-07-15 08:00:00,TKYO-009-1,TKYO-009,Band 1 (2100MHz),-83.5,-13.7,14.8,91.0,61.3,135.2
2026-07-15 08:00:00,TKYO-009-2,TKYO-009,Band 1 (2100MHz),-82.8,-10.0,9.8,62.7,38.3,177.5
2026-07-15 08:00:00,TKYO-009-3,TKYO-009,Band 1 (2100MHz),-81.9,-17.9,11.8,81.4,56.1,177.4
2026-07-15 08:00:00,TKYO-010-1,TKYO-010,Band 41 (2500MHz),-86.3,-13.4,3.0,79.3,52.2,175.4
2026-07-15 08:00:00,TKYO-010-2,TKYO-010,Band 41 (2500MHz),-84.8,-15.6,4.9,100.0,56.2,141.4
2026-07-15 08:00:00,TKYO-010-3,TKYO-010,Band 41 (2500MHz),-80.5,-11.8,5.0,100.0,45.8,177.0
2026-07-15 08:00:00,TKYO-011-1,TKYO-011,Band 1 (2100MHz),-85.7,-14.2,14.5,93.1,61.5,170.2
2026-07-15 08:00:00,TKYO-011-2,TKYO-011,Band 1 (2100MHz),-84.3,-9.9,6.0,90.3,59.1,210.1
2026-07-15 08:00:00,TKYO-011-3,TKYO-011,Band 1 (2100MHz),-83.1,-10.5,13.6,92.4,61.7,187.3
2026-07-15 08:00:00,TKYO-012-1,TKYO-012,Band 41 (2500MHz),-85.6,-13.0,4.7,91.5,57.4,159.8
2026-07-15 08:00:00,TKYO-012-2,TKYO-012,Band 41 (2500MHz),-90.1,-13.1,7.5,100.0,81.1,172.6
2026-07-15 08:00:00,TKYO-012-3,TKYO-012,Band 41 (2500MHz),-85.8,-13.7,9.0,89.7,64.7,156.2
2026-07-15 08:00:00,TKYO-013-1,TKYO-013,Band 1 (2100MHz),-84.9,-14.7,4.9,92.6,52.0,155.2
2026-07-15 08:00:00,TKYO-013-2,TKYO-013,Band 1 (2100MHz),-97.6,-16.7,1.9,98.6,55.2,177.4
2026-07-15 08:00:00,TKYO-013-3,TKYO-013,Band 1 (2100MHz),-85.2,-16.1,10.4,84.9,68.1,124.9
2026-07-15 08:00:00,TKYO-014-1,TKYO-014,Band 41 (2500MHz),-86.9,-12.5,6.5,87.9,71.3,150.5
2026-07-15 08:00:00,TKYO-014-2,TKYO-014,Band 41 (2500MHz),-98.1,-17.0,-5.5,98.6,55.3,142.6
2026-07-15 08:00:00,TKYO-014-3,TKYO-014,Band 41 (2500MHz),-80.9,-11.9,1.1,100.0,63.6,178.4
2026-07-15 08:00:00,TKYO-015-1,TKYO-015,Band 1 (2100MHz),-86.8,-12.5,10.7,71.6,52.0,136.2
2026-07-15 08:00:00,TKYO-015-2,TKYO-015,Band 1 (2100MHz),-82.2,-8.7,8.4,100.0,67.9,170.3
2026-07-15 08:00:00,TKYO-015-3,TKYO-015,Band 1 (2100MHz),-83.2,-12.1,10.1,100.0,54.9,177.0
2026-07-15 08:00:00,TKYO-016-1,TKYO-016,Band 41 (2500MHz),-87.4,-14.2,16.6,100.0,80.1,192.2
2026-07-15 08:00:00,TKYO-016-2,TKYO-016,Band 41 (2500MHz),-73.8,-14.4,7.6,99.1,54.8,137.8
2026-07-15 08:00:00,TKYO-016-3,TKYO-016,Band 41 (2500MHz),-83.2,-13.5,3.1,91.5,73.5,138.5
2026-07-15 09:00:00,TKYO-001-1,TKYO-001,Band 1 (2100MHz),-83.7,-12.5,13.1,65.8,54.0,140.2
2026-07-15 09:00:00,TKYO-001-2,TKYO-001,Band 1 (2100MHz),-88.0,-15.4,14.5,68.9,48.9,98.6
2026-07-15 09:00:00,TKYO-001-3,TKYO-001,Band 1 (2100MHz),-76.7,-13.2,9.7,69.6,44.7,119.0
2026-07-15 09:00:00,TKYO-002-1,TKYO-002,Band 41 (2500MHz),-88.8,-13.5,-3.4,76.8,46.4,121.0
2026-07-15 09:00:00,TKYO-002-2,TKYO-002,Band 41 (2500MHz),-80.9,-12.6,4.4,60.0,45.4,120.3
2026-07-15 09:00:00,TKYO-002-3,TKYO-002,Band 41 (2500MHz),-85.8,-10.5,2.5,66.9,52.5,114.0
2026-07-15 09:00:00,TKYO-003-1,TKYO-003,Band 1 (2100MHz),-90.7,-9.5,8.2,81.7,53.7,102.5
2026-07-15 09:00:00,TKYO-003-2,TKYO-003,Band 1 (2100MHz),-91.0,-12.5,-6.4,91.9,39.3,107.1
2026-07-15 09:00:00,TKYO-003-3,TKYO-003,Band 1 (2100MHz),-90.2,-13.5,2.3,90.6,65.8,120.3
2026-07-15 09:00:00,TKYO-004-1,TKYO-004,Band 41 (2500MHz),-87.6,-13.9,5.5,78.8,15.1,156.6
2026-07-15 09:00:00,TKYO-004-2,TKYO-004,Band 41 (2500MHz),-86.0,-9.3,1.1,88.4,35.7,164.0
2026-07-15 09:00:00,TKYO-004-3,TKYO-004,Band 41 (2500MHz),-85.6,-6.8,5.2,65.4,39.4,89.1
2026-07-15 09:00:00,TKYO-005-1,TKYO-005,Band 1 (2100MHz),-81.7,-11.8,7.8,89.9,42.0,136.8
2026-07-15 09:00:00,TKYO-005-2,TKYO-005,Band 1 (2100MHz),-87.3,-8.7,10.7,59.9,39.9,128.5
2026-07-15 09:00:00,TKYO-005-3,TKYO-005,Band 1 (2100MHz),-93.9,-12.3,6.0,65.5,33.5,137.5
2026-07-15 09:00:00,TKYO-006-1,TKYO-006,Band 41 (2500MHz),-85.3,-14.5,0.6,78.0,45.3,112.4
2026-07-15 09:00:00,TKYO-006-2,TKYO-006,Band 41 (2500MHz),-75.8,-11.8,-2.6,86.4,48.1,132.9
2026-07-15 09:00:00,TKYO-006-3,TKYO-006,Band 41 (2500MHz),-81.9,-12.8,7.1,88.9,43.2,153.4
2026-07-15 09:00:00,TKYO-007-1,TKYO-007,Band 1 (2100MHz),-85.2,-12.2,19.9,98.7,43.9,148.3
2026-07-15 09:00:00,TKYO-007-2,TKYO-007,Band 1 (2100MHz),-84.2,-10.2,10.9,71.0,50.2,136.2
2026-07-15 09:00:00,TKYO-007-3,TKYO-007,Band 1 (2100MHz),-99.7,-12.4,2.8,80.9,22.9,155.8
2026-07-15 09:00:00,TKYO-008-1,TKYO-008,Band 41 (2500MHz),-91.0,-10.9,6.1,81.5,34.4,126.3
2026-07-15 09:00:00,TKYO-008-2,TKYO-008,Band 41 (2500MHz),-85.3,-12.5,5.6,73.8,44.6,162.7
2026-07-15 09:00:00,TKYO-008-3,TKYO-008,Band 41 (2500MHz),-74.4,-14.6,18.1,66.4,43.9,114.3
2026-07-15 09:00:00,TKYO-009-1,TKYO-009,Band 1 (2100MHz),-88.8,-10.3,14.5,76.2,41.8,77.2
2026-07-15 09:00:00,TKYO-009-2,TKYO-009,Band 1 (2100MHz),-91.7,-10.0,7.6,65.6,50.3,160.0
2026-07-15 09:00:00,TKYO-009-3,TKYO-009,Band 1 (2100MHz),-80.6,-12.7,7.2,72.5,48.0,95.8
2026-07-15 09:00:00,TKYO-010-1,TKYO-010,Band 41 (2500MHz),-91.7,-12.5,-6.8,82.0,31.9,153.5
2026-07-15 09:00:00,TKYO-010-2,TKYO-010,Band 41 (2500MHz),-82.0,-13.4,9.9,71.7,37.8,139.5
2026-07-15 09:00:00,TKYO-010-3,TKYO-010,Band 41 (2500MHz),-82.9,-9.7,5.1,68.6,43.5,128.1
2026-07-15 09:00:00,TKYO-011-1,TKYO-011,Band 1 (2100MHz),-85.3,-11.5,19.3,60.4,38.2,111.7
2026-07-15 09:00:00,TKYO-011-2,TKYO-011,Band 1 (2100MHz),-79.9,-11.2,0.7,97.4,48.9,145.3
2026-07-15 09:00:00,TKYO-011-3,TKYO-011,Band 1 (2100MHz),-83.3,-10.6,16.1,82.5,34.5,125.5
2026-07-15 09:00:00,TKYO-012-1,TKYO-012,Band 41 (2500MHz),-86.5,-12.6,7.7,48.0,67.2,150.7
2026-07-15 09:00:00,TKYO-012-2,TKYO-012,Band 41 (2500MHz),-88.4,-14.4,8.5,74.7,28.9,117.7
2026-07-15 09:00:00,TKYO-012-3,TKYO-012,Band 41 (2500MHz),-87.7,-10.2,10.7,92.2,47.1,121.1
2026-07-15 09:00:00,TKYO-013-1,TKYO-013,Band 1 (2100MHz),-79.9,-10.6,12.6,85.1,45.9,126.2
2026-07-15 09:00:00,TKYO-013-2,TKYO-013,Band 1 (2100MHz),-100.5,-17.9,-0.9,73.0,39.8,101.3
2026-07-15 09:00:00,TKYO-013-3,TKYO-013,Band 1 (2100MHz),-87.9,-12.1,14.8,86.8,35.9,106.2
2026-07-15 09:00:00,TKYO-014-1,TKYO-014,Band 41 (2500MHz),-86.5,-9.8,5.0,69.0,53.6,130.0
2026-07-15 09:00:00,TKYO-014-2,TKYO-014,Band 41 (2500MHz),-99.7,-14.7,-7.4,83.4,43.5,174.0
2026-07-15 09:00:00,TKYO-014-3,TKYO-014,Band 41 (2500MHz),-84.8,-13.4,-4.9,83.1,42.3,123.4
2026-07-15 09:00:00,TKYO-015-1,TKYO-015,Band 1 (2100MHz),-82.8,-7.4,3.6,93.4,31.9,151.8
2026-07-15 09:00:00,TKYO-015-2,TKYO-015,Band 1 (2100MHz),-83.1,-10.9,12.9,90.7,49.7,136.0
2026-07-15 09:00:00,TKYO-015-3,TKYO-015,Band 1 (2100MHz),-84.7,-10.5,8.5,82.1,45.7,104.2
2026-07-15 09:00:00,TKYO-016-1,TKYO-016,Band 41 (2500MHz),-85.4,-16.6,-5.2,80.8,48.2,139.1
2026-07-15 09:00:00,TKYO-016-2,TKYO-016,Band 41 (2500MHz),-91.0,-10.4,14.6,88.5,38.9,146.6
2026-07-15 09:00:00,TKYO-016-3,TKYO-016,Band 41 (2500MHz),-76.9,-14.7,0.1,79.5,48.9,81.3
2026-07-15 10:00:00,TKYO-001-1,TKYO-001,Band 1 (2100MHz),-82.5,-7.7,16.5,33.2,19.3,55.5
2026-07-15 10:00:00,TKYO-001-2,TKYO-001,Band 1 (2100MHz),-83.8,-4.8,7.7,4.4,10.9,27.9
2026-07-15 10:00:00,TKYO-001-3,TKYO-001,Band 1 (2100MHz),-81.6,-10.3,2.3,33.7,8.9,38.4
2026-07-15 10:00:00,TKYO-002-1,TKYO-002,Band 41 (2500MHz),-83.1,-8.0,9.2,10.0,24.0,37.6
2026-07-15 10:00:00,TKYO-002-2,TKYO-002,Band 41 (2500MHz),-89.6,-10.0,5.5,45.5,16.9,50.3
2026-07-15 10:00:00,TKYO-002-3,TKYO-002,Band 41 (2500MHz),-82.9,-8.6,8.0,25.5,20.4,46.5
2026-07-15 10:00:00,TKYO-003-1,TKYO-003,Band 1 (2100MHz),-78.8,-11.3,13.5,36.1,11.8,80.2
2026-07-15 10:00:00,TKYO-003-2,TKYO-003,Band 1 (2100MHz),-102.8,-13.5,-0.6,38.4,16.7,22.4
2026-07-15 10:00:00,TKYO-003-3,TKYO-003,Band 1 (2100MHz),-81.4,-11.1,4.6,0.0,18.1,33.3
2026-07-15 10:00:00,TKYO-004-1,TKYO-004,Band 41 (2500MHz),-86.1,-5.0,4.3,18.4,23.3,7.0
2026-07-15 10:00:00,TKYO-004-2,TKYO-004,Band 41 (2500MHz),-83.8,-6.4,-3.8,18.0,9.2,40.3
2026-07-15 10:00:00,TKYO-004-3,TKYO-004,Band 41 (2500MHz),-88.2,-10.5,8.2,50.8,12.1,18.1
2026-07-15 10:00:00,TKYO-005-1,TKYO-005,Band 1 (2100MHz),-87.3,-9.1,11.2,23.0,16.7,36.5
2026-07-15 10:00:00,TKYO-005-2,TKYO-005,Band 1 (2100MHz),-82.1,-9.3,14.8,20.1,0.0,21.5
2026-07-15 10:00:00,TKYO-005-3,TKYO-005,Band 1 (2100MHz),-96.4,-15.3,3.7,24.1,12.2,36.3
2026-07-15 10:00:00,TKYO-006-1,TKYO-006,Band 41 (2500MHz),-79.5,-7.5,-1.7,41.2,24.0,29.8
2026-07-15 10:00:00,TKYO-006-2,TKYO-006,Band 41 (2500MHz),-78.0,-9.8,7.8,47.8,9.3,42.3
2026-07-15 10:00:00,TKYO-006-3,TKYO-006,Band 41 (2500MHz),-86.2,-10.5,-2.5,18.8,30.7,40.5
2026-07-15 10:00:00,TKYO-007-1,TKYO-007,Band 1 (2100MHz),-87.3,-8.2,-1.9,42.3,1.2,41.9
2026-07-15 10:00:00,TKYO-007-2,TKYO-007,Band 1 (2100MHz),-89.2,-8.0,6.0,27.5,11.7,29.4
2026-07-15 10:00:00,TKYO-007-3,TKYO-007,Band 1 (2100MHz),-102.5,-11.2,-3.8,29.4,24.5,18.8
2026-07-15 10:00:00,TKYO-008-1,TKYO-008,Band 41 (2500MHz),-88.5,-8.2,4.1,0.6,1.3,16.7
2026-07-15 10:00:00,TKYO-008-2,TKYO-008,Band 41 (2500MHz),-90.2,-9.2,5.3,20.4,17.9,14.7
2026-07-15 10:00:00,TKYO-008-3,TKYO-008,Band 41 (2500MHz),-84.5,-6.3,9.5,44.2,0.0,18.1
2026-07-15 10:00:00,TKYO-009-1,TKYO-009,Band 1 (2100MHz),-83.6,-15.3,7.6,26.0,1.5,29.0
2026-07-15 10:00:00,TKYO-009-2,TKYO-009,Band 1 (2100MHz),-91.2,-11.2,7.5,17.6,13.5,67.3
2026-07-15 10:00:00,TKYO-009-3,TKYO-009,Band 1 (2100MHz),-79.3,-7.1,6.7,23.2,10.9,15.8
2026-07-15 10:00:00,TKYO-010-1,TKYO-010,Band 41 (2500MHz),-82.9,-9.0,11.9,23.5,1.2,16.4
2026-07-15 10:00:00,TKYO-010-2,TKYO-010,Band 41 (2500MHz),-80.5,-10.6,2.5,34.4,4.9,36.6
2026-07-15 10:00:00,TKYO-010-3,TKYO-010,Band 41 (2500MHz),-87.7,-6.1,1.0,5.0,11.4,5.4
2026-07-15 10:00:00,TKYO-011-1,TKYO-011,Band 1 (2100MHz),-81.8,-7.9,8.5,29.6,23.2,48.8
2026-07-15 10:00:00,TKYO-011-2,TKYO-011,Band 1 (2100MHz),-82.9,-10.3,6.1,26.0,4.5,42.8
2026-07-15 10:00:00,TKYO-011-3,TKYO-011,Band 1 (2100MHz),-80.8,-5.6,14.1,7.0,3.8,37.1
2026-07-15 10:00:00,TKYO-012-1,TKYO-012,Band 41 (2500MHz),-84.9,-10.6,12.3,33.5,14.4,34.2
2026-07-15 10:00:00,TKYO-012-2,TKYO-012,Band 41 (2500MHz),-83.9,-11.5,2.7,22.8,12.0,48.3
2026-07-15 10:00:00,TKYO-012-3,TKYO-012,Band 41 (2500MHz),-83.3,-10.1,7.6,39.9,17.2,62.2
2026-07-15 10:00:00,TKYO-013-1,TKYO-013,Band 1 (2100MHz),-85.1,-9.7,7.5,3.2,21.6,37.0
2026-07-15 10:00:00,TKYO-013-2,TKYO-013,Band 1 (2100MHz),-101.0,-9.7,-0.8,23.1,14.5,53.2
2026-07-15 10:00:00,TKYO-013-3,TKYO-013,Band 1 (2100MHz),-81.0,-7.8,3.1,27.6,9.0,31.4
2026-07-15 10:00:00,TKYO-014-1,TKYO-014,Band 41 (2500MHz),-92.6,-8.1,8.2,26.2,13.2,46.7
2026-07-15 10:00:00,TKYO-014-2,TKYO-014,Band 41 (2500MHz),-95.0,-12.9,2.1,33.8,16.3,28.1
2026-07-15 10:00:00,TKYO-014-3,TKYO-014,Band 41 (2500MHz),-77.9,-10.2,-0.6,39.0,8.7,29.1
2026-07-15 10:00:00,TKYO-015-1,TKYO-015,Band 1 (2100MHz),-78.3,-10.8,3.1,31.9,14.8,21.1
2026-07-15 10:00:00,TKYO-015-2,TKYO-015,Band 1 (2100MHz),-82.0,-11.7,5.5,18.6,16.8,68.7
2026-07-15 10:00:00,TKYO-015-3,TKYO-015,Band 1 (2100MHz),-82.1,-10.4,3.7,39.6,28.0,19.1
2026-07-15 10:00:00,TKYO-016-1,TKYO-016,Band 41 (2500MHz),-87.9,-9.8,10.8,22.8,16.2,23.0
2026-07-15 10:00:00,TKYO-016-2,TKYO-016,Band 41 (2500MHz),-84.1,-4.5,0.4,14.0,19.8,14.2
2026-07-15 10:00:00,TKYO-016-3,TKYO-016,Band 41 (2500MHz),-78.9,-12.0,5.9,33.5,20.9,28.5
2026-07-15 11:00:00,TKYO-001-1,TKYO-001,Band 1 (2100MHz),-84.1,-10.0,0.0,71.5,38.0,52.7
2026-07-15 11:00:00,TKYO-001-2,TKYO-001,Band 1 (2100MHz),-79.8,-10.1,14.4,60.5,39.1,115.6
2026-07-15 11:00:00,TKYO-001-3,TKYO-001,Band 1 (2100MHz),-87.2,-8.8,8.4,66.6,53.1,88.6
2026-07-15 11:00:00,TKYO-002-1,TKYO-002,Band 41 (2500MHz),-91.2,-11.2,8.0,87.4,43.9,101.0
2026-07-15 11:00:00,TKYO-002-2,TKYO-002,Band 41 (2500MHz),-83.6,-16.2,4.6,55.9,16.9,163.1
2026-07-15 11:00:00,TKYO-002-3,TKYO-002,Band 41 (2500MHz),-86.0,-8.9,3.8,68.5,45.0,130.3
2026-07-15 11:00:00,TKYO-003-1,TKYO-003,Band 1 (2100MHz),-84.3,-13.2,15.7,79.5,21.0,135.9
2026-07-15 11:00:00,TKYO-003-2,TKYO-003,Band 1 (2100MHz),-98.9,-19.3,5.3,58.2,46.1,124.7
2026-07-15 11:00:00,TKYO-003-3,TKYO-003,Band 1 (2100MHz),-84.4,-9.2,10.3,75.0,26.6,116.0
2026-07-15 11:00:00,TKYO-004-1,TKYO-004,Band 41 (2500MHz),-76.3,-12.6,10.4,81.1,32.7,151.0
2026-07-15 11:00:00,TKYO-004-2,TKYO-004,Band 41 (2500MHz),-90.0,-13.6,7.6,57.3,43.0,135.6
2026-07-15 11:00:00,TKYO-004-3,TKYO-004,Band 41 (2500MHz),-85.5,-9.4,4.6,70.2,58.4,115.7
2026-07-15 11:00:00,TKYO-005-1,TKYO-005,Band 1 (2100MHz),-77.7,-15.7,15.0,66.5,44.3,112.2
2026-07-15 11:00:00,TKYO-005-2,TKYO-005,Band 1 (2100MHz),-77.9,-13.1,-0.4,66.3,36.7,75.8
2026-07-15 11:00:00,TKYO-005-3,TKYO-005,Band 1 (2100MHz),-93.3,-16.9,3.2,52.7,35.6,112.5
2026-07-15 11:00:00,TKYO-006-1,TKYO-006,Band 41 (2500MHz),-77.9,-10.3,10.7,59.7,46.4,96.2
2026-07-15 11:00:00,TKYO-006-2,TKYO-006,Band 41 (2500MHz),-88.5,-12.4,7.5,52.7,41.0,125.6
2026-07-15 11:00:00,TKYO-006-3,TKYO-006,Band 41 (2500MHz),-89.0,-16.7,8.9,77.6,49.4,124.4
2026-07-15 11:00:00,TKYO-007-1,TKYO-007,Band 1 (2100MHz),-83.4,-6.3,13.6,52.6,42.0,125.6
2026-07-15 11:00:00,TKYO-007-2,TKYO-007,Band 1 (2100MHz),-81.6,-13.6,2.5,65.0,28.7,126.2
2026-07-15 11:00:00,TKYO-007-3,TKYO-007,Band 1 (2100MHz),-102.7,-16.1,4.1,57.9,33.7,102.2
2026-07-15 11:00:00,TKYO-008-1,TKYO-008,Band 41 (2500MHz),-96.8,-13.7,1.7,51.3,45.4,111.9
2026-07-15 11:00:00,TKYO-008-2,TKYO-008,Band 41 (2500MHz),-80.0,-11.1,3.5,70.8,32.9,108.1
2026-07-15 11:00:00,TKYO-008-3,TKYO-008,Band 41 (2500MHz),-80.5,-10.6,3.9,63.6,33.4,108.2
2026-07-15 11:00:00,TKYO-009-1,TKYO-009,Band 1 (2100MHz),-80.1,-14.9,10.4,53.5,46.7,79.6
2026-07-15 11:00:00,TKYO-009-2,TKYO-009,Band 1 (2100MHz),-93.3,-11.3,10.2,91.4,13.7,113.4
2026-07-15 11:00:00,TKYO-009-3,TKYO-009,Band 1 (2100MHz),-84.9,-11.6,-2.4,84.8,38.5,122.4
2026-07-15 11:00:00,TKYO-010-1,TKYO-010,Band 41 (2500MHz),-81.2,-9.3,14.0,69.3,19.0,121.7
2026-07-15 11:00:00,TKYO-010-2,TKYO-010,Band 41 (2500MHz),-85.0,-7.5,2.9,88.2,37.3,112.4
2026-07-15 11:00:00,TKYO-010-3,TKYO-010,Band 41 (2500MHz),-81.7,-11.6,1.7,68.5,40.1,107.2
2026-07-15 11:00:00,TKYO-011-1,TKYO-011,Band 1 (2100MHz),-85.2,-10.7,10.1,60.2,31.8,112.0
2026-07-15 11:00:00,TKYO-011-2,TKYO-011,Band 1 (2100MHz),-94.6,-9.6,6.8,64.1,49.0,116.5
2026-07-15 11:00:00,TKYO-011-3,TKYO-011,Band 1 (2100MHz),-83.7,-13.4,10.8,84.7,46.0,117.8
2026-07-15 11:00:00,TKYO-012-1,TKYO-012,Band 41 (2500MHz),-80.5,-10.9,1.6,65.0,21.9,126.0
2026-07-15 11:00:00,TKYO-012-2,TKYO-012,Band 41 (2500MHz),-81.4,-9.8,2.2,69.9,52.6,99.1
2026-07-15 11:00:00,TKYO-012-3,TKYO-012,Band 41 (2500MHz),-86.1,-10.6,5.1,100.0,44.2,122.3
2026-07-15 11:00:00,TKYO-013-1,TKYO-013,Band 1 (2100MHz),-91.4,-10.0,12.4,80.7,21.9,90.2
2026-07-15 11:00:00,TKYO-013-2,TKYO-013,Band 1 (2100MHz),-92.1,-14.2,-7.3,53.9,26.7,129.8
2026-07-15 11:00:00,TKYO-013-3,TKYO-013,Band 1 (2100MHz),-86.4,-10.7,5.4,80.2,31.3,130.9
2026-07-15 11:00:00,TKYO-014-1,TKYO-014,Band 41 (2500MHz),-84.0,-11.2,9.8,65.1,53.7,125.0
2026-07-15 11:00:00,TKYO-014-2,TKYO-014,Band 41 (2500MHz),-97.9,-14.0,-1.7,74.6,37.8,108.6
2026-07-15 11:00:00,TKYO-014-3,TKYO-014,Band 41 (2500MHz),-82.9,-8.5,4.2,75.1,34.7,127.4
2026-07-15 11:00:00,TKYO-015-1,TKYO-015,Band 1 (2100MHz),-85.8,-7.9,8.3,81.8,26.9,102.9
2026-07-15 11:00:00,TKYO-015-2,TKYO-015,Band 1 (2100MHz),-80.6,-8.4,15.4,71.3,40.3,141.6
2026-07-15 11:00:00,TKYO-015-3,TKYO-015,Band 1 (2100MHz),-83.0,-13.7,10.9,69.4,46.4,86.5
2026-07-15 11:00:00,TKYO-016-1,TKYO-016,Band 41 (2500MHz),-84.7,-8.2,7.0,95.0,42.5,85.1
2026-07-15 11:00:00,TKYO-016-2,TKYO-016,Band 41 (2500MHz),-77.7,-10.3,2.3,75.5,33.4,91.7
2026-07-15 11:00:00,TKYO-016-3,TKYO-016,Band 41 (2500MHz),-89.6,-7.3,2.9,50.1,33.7,98.0
2026-07-15 12:00:00,TKYO-001-1,TKYO-001,Band 1 (2100MHz),-85.8,-10.8,6.6,79.9,52.9,104.5
2026-07-15 12:00:00,TKYO-001-2,TKYO-001,Band 1 (2100MHz),-83.9,-13.5,7.2,72.4,43.1,77.0
2026-07-15 12:00:00,TKYO-001-3,TKYO-001,Band 1 (2100MHz),-87.4,-13.7,13.0,60.7,50.2,141.9
2026-07-15 12:00:00,TKYO-002-1,TKYO-002,Band 41 (2500MHz),-87.8,-11.6,0.2,85.2,43.1,110.3
2026-07-15 12:00:00,TKYO-002-2,TKYO-002,Band 41 (2500MHz),-83.4,-8.4,5.1,47.0,37.8,101.6
2026-07-15 12:00:00,TKYO-002-3,TKYO-002,Band 41 (2500MHz),-88.6,-8.6,10.2,60.7,24.7,149.7
2026-07-15 12:00:00,TKYO-003-1,TKYO-003,Band 1 (2100MHz),-84.4,-11.3,8.0,60.6,30.4,104.0
2026-07-15 12:00:00,TKYO-003-2,TKYO-003,Band 1 (2100MHz),-96.0,-14.5,-3.0,53.5,48.8,136.5
2026-07-15 12:00:00,TKYO-003-3,TKYO-003,Band 1 (2100MHz),-81.0,-12.6,8.2,66.6,31.8,100.1
2026-07-15 12:00:00,TKYO-004-1,TKYO-004,Band 41 (2500MHz),-90.1,-11.0,5.8,56.5,35.3,112.0
2026-07-15 12:00:00,TKYO-004-2,TKYO-004,Band 41 (2500MHz),-92.1,-8.1,5.2,79.8,33.0,101.1
2026-07-15 12:00:00,TKYO-004-3,TKYO-004,Band 41 (2500MHz),-81.5,-8.9,12.0,69.2,46.8,128.7
2026-07-15 12:00:00,TKYO-005-1,TKYO-005,Band 1 (2100MHz),-87.3,-10.5,10.2,76.3,41.7,119.8
2026-07-15 12:00:00,TKYO-005-2,TKYO-005,Band 1 (2100MHz),-81.0,-11.1,5.7,52.2,39.3,89.1
2026-07-15 12:00:00,TKYO-005-3,TKYO-005,Band 1 (2100MHz),-100.3,-18.8,-2.2,64.6,36.5,131.6
2026-07-15 12:00:00,TKYO-006-1,TKYO-006,Band 41 (2500MHz),-78.5,-10.2,13.9,89.3,43.3,113.2
2026-07-15 12:00:00,TKYO-006-2,TKYO-006,Band 41 (2500MHz),-82.8,-10.6,4.6,59.6,57.1,103.8
2026-07-15 12:00:00,TKYO-006-3,TKYO-006,Band 41 (2500MHz),-77.2,-11.2,6.7,64.2,51.4,113.5
2026-07-15 12:00:00,TKYO-007-1,TKYO-007,Band 1 (2100MHz),-75.6,-10.1,1.4,57.9,49.6,130.9
2026-07-15 12:00:00,TKYO-007-2,TKYO-007,Band 1 (2100MHz),-87.3,-10.5,6.0,51.1,45.1,129.2
2026-07-15 12:00:00,TKYO-007-3,TKYO-007,Band 1 (2100MHz),-95.0,-18.2,1.9,62.4,26.1,139.2
2026-07-15 12:00:00,TKYO-008-1,TKYO-008,Band 41 (2500MHz),-84.9,-13.3,14.0,65.2,40.4,94.1
2026-07-15 12:00:00,TKYO-008-2,TKYO-008,Band 41 (2500MHz),-86.2,-14.4,10.1,60.9,47.1,64.5
2026-07-15 12:00:00,TKYO-008-3,TKYO-008,Band 41 (2500MHz),-84.6,-8.5,5.5,52.0,44.1,104.0
2026-07-15 12:00:00,TKYO-009-1,TKYO-009,Band 1 (2100MHz),-83.9,-14.6,4.5,83.0,24.2,132.3
2026-07-15 12:00:00,TKYO-009-2,TKYO-009,Band 1 (2100MHz),-88.4,-11.5,8.8,70.2,53.5,133.8
2026-07-15 12:00:00,TKYO-009-3,TKYO-009,Band 1 (2100MHz),-81.4,-9.5,6.7,88.9,55.5,103.5
2026-07-15 12:00:00,TKYO-010-1,TKYO-010,Band 41 (2500MHz),-85.0,-12.7,8.7,82.6,48.4,127.7
2026-07-15 12:00:00,TKYO-010-2,TKYO-010,Band 41 (2500MHz),-84.4,-10.7,9.2,65.8,43.3,124.9
2026-07-15 12:00:00,TKYO-010-3,TKYO-010,Band 41 (2500MHz),-86.3,-11.0,2.1,76.6,36.8,100.0
2026-07-15 12:00:00,TKYO-011-1,TKYO-011,Band 1 (2100MHz),-74.9,-13.6,2.9,85.5,34.2,131.1
2026-07-15 12:00:00,TKYO-011-2,TKYO-011,Band 1 (2100MHz),-82.2,-14.7,10.4,75.0,27.5,129.9
2026-07-15 12:00:00,TKYO-011-3,TKYO-011,Band 1 (2100MHz),-88.2,-10.7,6.3,82.7,41.5,112.9
2026-07-15 12:00:00,TKYO-012-1,TKYO-012,Band 41 (2500MHz),-84.8,-14.1,7.4,79.6,44.3,131.8
2026-07-15 12:00:00,TKYO-012-2,TKYO-012,Band 41 (2500MHz),-69.7,-12.0,7.2,69.5,37.0,155.6
2026-07-15 12:00:00,TKYO-012-3,TKYO-012,Band 41 (2500MHz),-86.4,-10.8,4.8,73.6,25.8,144.3
2026-07-15 12:00:00,TKYO-013-1,TKYO-013,Band 1 (2100MHz),-85.3,-9.1,3.0,83.3,30.8,132.7
2026-07-15 12:00:00,TKYO-013-2,TKYO-013,Band 1 (2100MHz),-95.7,-19.1,2.5,72.8,43.2,149.9
2026-07-15 12:00:00,TKYO-013-3,TKYO-013,Band 1 (2100MHz),-85.3,-11.5,0.9,47.5,37.0,129.8
2026-07-15 12:00:00,TKYO-014-1,TKYO-014,Band 41 (2500MHz),-89.5,-13.1,6.6,58.8,35.3,94.5
2026-07-15 12:00:00,TKYO-014-2,TKYO-014,Band 41 (2500MHz),-100.8,-18.4,-8.0,96.2,46.6,117.4
2026-07-15 12:00:00,TKYO-014-3,TKYO-014,Band 41 (2500MHz),-80.9,-10.6,5.5,77.6,25.1,120.9
2026-07-15 12:00:00,TKYO-015-1,TKYO-015,Band 1 (2100MHz),-90.7,-10.4,14.3,73.5,34.5,133.0
2026-07-15 12:00:00,TKYO-015-2,TKYO-015,Band 1 (2100MHz),-71.3,-13.5,7.0,62.5,52.5,107.3
2026-07-15 12:00:00,TKYO-015-3,TKYO-015,Band 1 (2100MHz),-84.0,-13.0,3.6,59.3,43.4,127.7
2026-07-15 12:00:00,TKYO-016-1,TKYO-016,Band 41 (2500MHz),-81.6,-9.7,8.9,100.0,35.4,134.1
2026-07-15 12:00:00,TKYO-016-2,TKYO-016,Band 41 (2500MHz),-80.6,-11.3,4.1,62.7,43.0,139.5
2026-07-15 12:00:00,TKYO-016-3,TKYO-016,Band 41 (2500MHz),-80.6,-11.6,4.3,62.0,41.6,148.2
2026-07-15 13:00:00,TKYO-001-1,TKYO-001,Band 1 (2100MHz),-87.2,-10.7,9.6,65.8,23.9,85.0
2026-07-15 13:00:00,TKYO-001-2,TKYO-001,Band 1 (2100MHz),-82.5,-11.2,13.4,69.0,58.0,153.8
2026-07-15 13:00:00,TKYO-001-3,TKYO-001,Band 1 (2100MHz),-78.9,-9.6,8.1,59.2,38.2,117.5
2026-07-15 13:00:00,TKYO-002-1,TKYO-002,Band 41 (2500MHz),-86.5,-6.5,-0.6,84.3,46.1,140.2
2026-07-15 13:00:00,TKYO-002-2,TKYO-002,Band 41 (2500MHz),-89.8,-11.8,3.3,56.4,31.9,74.5
2026-07-15 13:00:00,TKYO-002-3,TKYO-002,Band 41 (2500MHz),-88.1,-10.9,11.9,81.8,36.3,74.1
2026-07-15 13:00:00,TKYO-003-1,TKYO-003,Band 1 (2100MHz),-88.5,-11.3,0.4,83.4,33.4,95.2
2026-07-15 13:00:00,TKYO-003-2,TKYO-003,Band 1 (2100MHz),-100.7,-13.1,0.5,75.2,54.3,129.8
2026-07-15 13:00:00,TKYO-003-3,TKYO-003,Band 1 (2100MHz),-86.2,-9.0,-1.5,67.5,26.8,112.8
2026-07-15 13:00:00,TKYO-004-1,TKYO-004,Band 41 (2500MHz),-80.8,-12.1,7.2,69.6,42.1,110.0
2026-07-15 13:00:00,TKYO-004-2,TKYO-004,Band 41 (2500MHz),-81.9,-11.2,11.1,77.5,49.7,112.2
2026-07-15 13:00:00,TKYO-004-3,TKYO-004,Band 41 (2500MHz),-79.5,-11.0,14.1,57.8,35.5,101.0
2026-07-15 13:00:00,TKYO-005-1,TKYO-005,Band 1 (2100MHz),-82.1,-14.3,11.4,79.1,32.1,155.5
2026-07-15 13:00:00,TKYO-005-2,TKYO-005,Band 1 (2100MHz),-88.2,-14.3,9.7,47.4,35.9,111.1
2026-07-15 13:00:00,TKYO-005-3,TKYO-005,Band 1 (2100MHz),-95.7,-15.8,10.8,72.2,48.4,128.3
2026-07-15 13:00:00,TKYO-006-1,TKYO-006,Band 41 (2500MHz),-80.1,-9.6,16.9,59.3,33.9,93.0
2026-07-15 13:00:00,TKYO-006-2,TKYO-006,Band 41 (2500MHz),-82.5,-11.7,13.8,84.8,42.1,105.3
2026-07-15 13:00:00,TKYO-006-3,TKYO-006,Band 41 (2500MHz),-79.8,-11.3,13.8,72.6,34.9,127.1
2026-07-15 13:00:00,TKYO-007-1,TKYO-007,Band 1 (2100MHz),-86.5,-11.2,14.0,66.8,34.3,102.4
2026-07-15 13:00:00,TKYO-007-2,TKYO-007,Band 1 (2100MHz),-86.8,-12.4,7.9,78.3,55.8,101.5
2026-07-15 13:00:00,TKYO-007-3,TKYO-007,Band 1 (2100MHz),-98.4,-16.6,5.3,86.8,52.8,102.7
2026-07-15 13:00:00,TKYO-008-1,TKYO-008,Band 41 (2500MHz),-77.0,-8.9,1.2,67.8,24.9,143.2
2026-07-15 13:00:00,TKYO-008-2,TKYO-008,Band 41 (2500MHz),-88.2,-9.6,7.4,73.0,22.8,108.3
2026-07-15 13:00:00,TKYO-008-3,TKYO-008,Band 41 (2500MHz),-81.5,-13.4,7.0,84.5,39.7,114.9
2026-07-15 13:00:00,TKYO-009-1,TKYO-009,Band 1 (2100MHz),-78.3,-13.4,4.6,54.3,41.7,154.9
2026-07-15 13:00:00,TKYO-009-2,TKYO-009,Band 1 (2100MHz),-84.6,-10.3,6.8,67.5,49.9,114.7
2026-07-15 13:00:00,TKYO-009-3,TKYO-009,Band 1 (2100MHz),-87.9,-11.6,6.2,59.2,63.1,129.4
2026-07-15 13:00:00,TKYO-010-1,TKYO-010,Band 41 (2500MHz),-83.4,-10.2,6.1,43.1,46.7,131.3
2026-07-15 13:00:00,TKYO-010-2,TKYO-010,Band 41 (2500MHz),-84.1,-10.2,5.7,80.1,49.7,105.0
2026-07-15 13:00:00,TKYO-010-3,TKYO-010,Band 41 (2500MHz),-84.5,-13.8,7.0,94.1,41.2,141.5
2026-07-15 13:00:00,TKYO-011-1,TKYO-011,Band 1 (2100MHz),-87.5,-10.3,15.6,93.1,42.0,116.6
2026-07-15 13:00:00,TKYO-011-2,TKYO-011,Band 1 (2100MHz),-76.2,-10.4,-0.6,63.5,25.9,143.0
2026-07-15 13:00:00,TKYO-011-3,TKYO-011,Band 1 (2100MHz),-85.3,-9.7,11.2,57.7,36.4,157.2
2026-07-15 13:00:00,TKYO-012-1,TKYO-012,Band 41 (2500MHz),-85.6,-8.2,5.5,70.7,49.4,106.3
2026-07-15 13:00:00,TKYO-012-2,TKYO-012,Band 41 (2500MHz),-89.8,-12.8,8.0,45.3,58.7,125.5
2026-07-15 13:00:00,TKYO-012-3,TKYO-012,Band 41 (2500MHz),-86.9,-12.8,3.1,72.1,35.2,140.6
2026-07-15 13:00:00,TKYO-013-1,TKYO-013,Band 1 (2100MHz),-83.6,-9.9,13.6,65.8,41.2,117.4
2026-07-15 13:00:00,TKYO-013-2,TKYO-013,Band 1 (2100MHz),-94.9,-19.2,-1.7,79.6,25.4,159.7
2026-07-15 13:00:00,TKYO-013-3,TKYO-013,Band 1 (2100MHz),-77.3,-10.5,1.5,90.1,36.9,133.2
2026-07-15 13:00:00,TKYO-014-1,TKYO-014,Band 41 (2500MHz),-81.6,-11.2,6.7,65.0,50.1,135.4
2026-07-15 13:00:00,TKYO-014-2,TKYO-014,Band 41 (2500MHz),-98.2,-14.3,-7.9,49.4,40.0,123.9
2026-07-15 13:00:00,TKYO-014-3,TKYO-014,Band 41 (2500MHz),-86.9,-11.8,4.2,54.6,53.8,156.8
2026-07-15 13:00:00,TKYO-015-1,TKYO-015,Band 1 (2100MHz),-82.4,-12.2,3.0,75.7,25.2,121.7
2026-07-15 13:00:00,TKYO-015-2,TKYO-015,Band 1 (2100MHz),-85.9,-10.8,1.9,70.8,35.9,108.2
2026-07-15 13:00:00,TKYO-015-3,TKYO-015,Band 1 (2100MHz),-83.6,-9.2,11.1,80.0,36.8,90.6
2026-07-15 13:00:00,TKYO-016-1,TKYO-016,Band 41 (2500MHz),-81.6,-11.0,3.4,64.9,25.7,93.1
2026-07-15 13:00:00,TKYO-016-2,TKYO-016,Band 41 (2500MHz),-81.4,-13.0,4.3,64.8,52.0,79.3
2026-07-15 13:00:00,TKYO-016-3,TKYO-016,Band 41 (2500MHz),-81.3,-9.6,4.0,55.2,36.5,65.4
2026-07-15 14:00:00,TKYO-001-1,TKYO-001,Band 1 (2100MHz),-85.1,-13.4,8.6,58.6,39.4,111.8
2026-07-15 14:00:00,TKYO-001-2,TKYO-001,Band 1 (2100MHz),-84.8,-13.4,3.2,64.5,37.7,80.7
2026-07-15 14:00:00,TKYO-001-3,TKYO-001,Band 1 (2100MHz),-90.3,-11.8,3.6,74.4,35.4,86.4
2026-07-15 14:00:00,TKYO-002-1,TKYO-002,Band 41 (2500MHz),-88.6,-7.4,8.0,94.4,39.6,67.8
2026-07-15 14:00:00,TKYO-002-2,TKYO-002,Band 41 (2500MHz),-78.8,-9.6,-1.2,88.0,51.5,122.5
2026-07-15 14:00:00,TKYO-002-3,TKYO-002,Band 41 (2500MHz),-83.6,-9.6,3.3,88.5,45.6,127.9
2026-07-15 14:00:00,TKYO-003-1,TKYO-003,Band 1 (2100MHz),-90.9,-10.4,14.0,67.2,64.8,103.2
2026-07-15 14:00:00,TKYO-003-2,TKYO-003,Band 1 (2100MHz),-96.2,-14.9,-1.3,88.7,42.1,100.9
2026-07-15 14:00:00,TKYO-003-3,TKYO-003,Band 1 (2100MHz),-89.5,-12.3,4.8,65.9,29.0,116.2
2026-07-15 14:00:00,TKYO-004-1,TKYO-004,Band 41 (2500MHz),-87.4,-11.9,5.4,75.1,40.0,104.5
2026-07-15 14:00:00,TKYO-004-2,TKYO-004,Band 41 (2500MHz),-85.0,-15.5,4.0,71.5,49.7,134.6
2026-07-15 14:00:00,TKYO-004-3,TKYO-004,Band 41 (2500MHz),-78.4,-8.2,16.2,58.7,39.5,133.6
2026-07-15 14:00:00,TKYO-005-1,TKYO-005,Band 1 (2100MHz),-84.4,-13.9,12.1,50.3,65.7,91.8
2026-07-15 14:00:00,TKYO-005-2,TKYO-005,Band 1 (2100MHz),-83.4,-9.0,7.0,69.1,34.4,119.0
2026-07-15 14:00:00,TKYO-005-3,TKYO-005,Band 1 (2100MHz),-103.7,-18.0,-6.5,67.3,41.2,73.9
2026-07-15 14:00:00,TKYO-006-1,TKYO-006,Band 41 (2500MHz),-84.0,-8.8,3.2,76.6,54.7,136.6
2026-07-15 14:00:00,TKYO-006-2,TKYO-006,Band 41 (2500MHz),-86.6,-7.9,3.1,73.6,37.5,94.6
2026-07-15 14:00:00,TKYO-006-3,TKYO-006,Band 41 (2500MHz),-85.6,-12.4,10.0,77.3,45.5,104.1
2026-07-15 14:00:00,TKYO-007-1,TKYO-007,Band 1 (2100MHz),-84.9,-8.5,10.3,80.8,47.2,130.2
2026-07-15 14:00:00,TKYO-007-2,TKYO-007,Band 1 (2100MHz),-84.9,-11.3,11.4,77.0,49.8,101.4
2026-07-15 14:00:00,TKYO-007-3,TKYO-007,Band 1 (2100MHz),-99.1,-11.5,-0.8,60.6,35.3,113.9
2026-07-15 14:00:00,TKYO-008-1,TKYO-008,Band 41 (2500MHz),-82.8,-12.4,4.7,55.4,42.4,89.6
2026-07-15 14:00:00,TKYO-008-2,TKYO-008,Band 41 (2500MHz),-86.8,-11.2,0.3,58.8,48.6,144.5
2026-07-15 14:00:00,TKYO-008-3,TKYO-008,Band 41 (2500MHz),-84.0,-10.8,10.4,60.5,36.8,111.9
2026-07-15 14:00:00,TKYO-009-1,TKYO-009,Band 1 (2100MHz),-79.4,-9.8,9.4,97.1,35.7,140.5
2026-07-15 14:00:00,TKYO-009-2,TKYO-009,Band 1 (2100MHz),-88.1,-12.0,12.4,77.1,40.5,132.2
2026-07-15 14:00:00,TKYO-009-3,TKYO-009,Band 1 (2100MHz),-88.6,-9.9,9.4,88.2,24.0,44.5
2026-07-15 14:00:00,TKYO-010-1,TKYO-010,Band 41 (2500MHz),-85.5,-10.5,5.3,68.0,33.2,101.2
2026-07-15 14:00:00,TKYO-010-2,TKYO-010,Band 41 (2500MHz),-90.4,-9.6,7.8,53.2,26.8,110.6
2026-07-15 14:00:00,TKYO-010-3,TKYO-010,Band 41 (2500MHz),-87.1,-8.2,-1.2,81.9,47.6,105.3
2026-07-15 14:00:00,TKYO-011-1,TKYO-011,Band 1 (2100MHz),-79.0,-13.5,13.0,63.3,43.6,119.0
2026-07-15 14:00:00,TKYO-011-2,TKYO-011,Band 1 (2100MHz),-85.7,-12.3,-4.1,78.2,48.1,67.0
2026-07-15 14:00:00,TKYO-011-3,TKYO-011,Band 1 (2100MHz),-89.4,-13.8,14.6,51.8,44.6,125.7
2026-07-15 14:00:00,TKYO-012-1,TKYO-012,Band 41 (2500MHz),-77.7,-10.5,6.9,62.1,40.5,96.8
2026-07-15 14:00:00,TKYO-012-2,TKYO-012,Band 41 (2500MHz),-82.5,-9.8,-7.5,73.6,34.1,122.5
2026-07-15 14:00:00,TKYO-012-3,TKYO-012,Band 41 (2500MHz),-85.9,-10.0,10.0,68.6,33.1,141.1
2026-07-15 14:00:00,TKYO-013-1,TKYO-013,Band 1 (2100MHz),-79.7,-10.4,3.2,68.5,42.9,91.7
2026-07-15 14:00:00,TKYO-013-2,TKYO-013,Band 1 (2100MHz),-105.2,-16.3,0.8,62.7,28.0,85.6
2026-07-15 14:00:00,TKYO-013-3,TKYO-013,Band 1 (2100MHz),-80.9,-9.0,13.0,66.8,39.7,74.9
2026-07-15 14:00:00,TKYO-014-1,TKYO-014,Band 41 (2500MHz),-82.7,-11.9,1.0,98.6,39.1,103.7
2026-07-15 14:00:00,TKYO-014-2,TKYO-014,Band 41 (2500MHz),-97.9,-15.6,-5.8,38.7,47.3,82.4
2026-07-15 14:00:00,TKYO-014-3,TKYO-014,Band 41 (2500MHz),-87.9,-11.8,6.0,49.9,51.9,105.2
2026-07-15 14:00:00,TKYO-015-1,TKYO-015,Band 1 (2100MHz),-83.1,-9.6,7.2,86.8,45.8,151.0
2026-07-15 14:00:00,TKYO-015-2,TKYO-015,Band 1 (2100MHz),-78.8,-15.8,14.7,53.8,35.8,106.4
2026-07-15 14:00:00,TKYO-015-3,TKYO-015,Band 1 (2100MHz),-87.5,-7.8,5.5,63.4,50.5,111.5
2026-07-15 14:00:00,TKYO-016-1,TKYO-016,Band 41 (2500MHz),-73.4,-11.5,11.8,46.1,45.9,117.7
2026-07-15 14:00:00,TKYO-016-2,TKYO-016,Band 41 (2500MHz),-81.8,-8.6,7.3,86.8,36.5,113.9
2026-07-15 14:00:00,TKYO-016-3,TKYO-016,Band 41 (2500MHz),-81.7,-11.0,8.1,66.3,50.7,82.5
2026-07-15 15:00:00,TKYO-001-1,TKYO-001,Band 1 (2100MHz),-80.0,-9.0,16.3,32.5,21.9,41.1
2026-07-15 15:00:00,TKYO-001-2,TKYO-001,Band 1 (2100MHz),-86.1,-11.5,4.5,17.3,11.5,65.4
2026-07-15 15:00:00,TKYO-001-3,TKYO-001,Band 1 (2100MHz),-86.9,-12.1,7.5,28.8,26.8,47.3
2026-07-15 15:00:00,TKYO-002-1,TKYO-002,Band 41 (2500MHz),-82.3,-10.1,5.7,9.5,11.9,55.8
2026-07-15 15:00:00,TKYO-002-2,TKYO-002,Band 41 (2500MHz),-82.9,-5.9,5.1,20.5,0.0,22.4
2026-07-15 15:00:00,TKYO-002-3,TKYO-002,Band 41 (2500MHz),-87.9,-7.9,0.9,42.4,22.0,0.0
2026-07-15 15:00:00,TKYO-003-1,TKYO-003,Band 1 (2100MHz),-84.6,-5.6,11.2,30.8,8.3,0.0
2026-07-15 15:00:00,TKYO-003-2,TKYO-003,Band 1 (2100MHz),-95.7,-11.7,0.9,42.0,20.0,24.1
2026-07-15 15:00:00,TKYO-003-3,TKYO-003,Band 1 (2100MHz),-84.5,-7.9,5.4,44.5,3.1,27.7
2026-07-15 15:00:00,TKYO-004-1,TKYO-004,Band 41 (2500MHz),-86.2,-11.6,2.1,27.4,0.0,39.3
2026-07-15 15:00:00,TKYO-004-2,TKYO-004,Band 41 (2500MHz),-85.5,-10.9,3.1,8.4,14.3,15.4
2026-07-15 15:00:00,TKYO-004-3,TKYO-004,Band 41 (2500MHz),-81.4,-6.5,4.2,23.3,19.6,74.8
2026-07-15 15:00:00,TKYO-005-1,TKYO-005,Band 1 (2100MHz),-76.1,-4.6,7.6,48.2,18.7,21.5
2026-07-15 15:00:00,TKYO-005-2,TKYO-005,Band 1 (2100MHz),-77.2,-9.9,2.8,4.2,15.9,40.1
2026-07-15 15:00:00,TKYO-005-3,TKYO-005,Band 1 (2100MHz),-101.0,-9.3,-3.1,26.1,0.0,3.7
2026-07-15 15:00:00,TKYO-006-1,TKYO-006,Band 41 (2500MHz),-80.4,-9.4,-3.2,32.3,7.2,43.2
2026-07-15 15:00:00,TKYO-006-2,TKYO-006,Band 41 (2500MHz),-84.3,-8.9,2.1,25.9,6.7,62.8
2026-07-15 15:00:00,TKYO-006-3,TKYO-006,Band 41 (2500MHz),-90.0,-10.5,10.9,31.4,5.7,49.7
2026-07-15 15:00:00,TKYO-007-1,TKYO-007,Band 1 (2100MHz),-86.0,-10.7,12.6,12.2,8.4,37.5
2026-07-15 15:00:00,TKYO-007-2,TKYO-007,Band 1 (2100MHz),-80.4,-7.2,2.9,17.0,10.6,27.6
2026-07-15 15:00:00,TKYO-007-3,TKYO-007,Band 1 (2100MHz),-88.4,-11.9,-2.0,0.2,3.9,41.6
2026-07-15 15:00:00,TKYO-008-1,TKYO-008,Band 41 (2500MHz),-84.0,-5.2,3.0,17.1,2.8,28.1
2026-07-15 15:00:00,TKYO-008-2,TKYO-008,Band 41 (2500MHz),-90.5,-6.2,1.6,52.2,14.8,52.6
2026-07-15 15:00:00,TKYO-008-3,TKYO-008,Band 41 (2500MHz),-85.8,-7.8,-0.4,14.5,13.5,0.0
2026-07-15 15:00:00,TKYO-009-1,TKYO-009,Band 1 (2100MHz),-83.6,-7.7,8.7,16.2,2.0,14.5
2026-07-15 15:00:00,TKYO-009-2,TKYO-009,Band 1 (2100MHz),-89.0,-5.7,6.7,32.1,18.0,30.0
2026-07-15 15:00:00,TKYO-009-3,TKYO-009,Band 1 (2100MHz),-81.8,-9.9,12.0,23.6,10.5,33.4
2026-07-15 15:00:00,TKYO-010-1,TKYO-010,Band 41 (2500MHz),-83.5,-7.6,1.0,13.9,25.4,36.7
2026-07-15 15:00:00,TKYO-010-2,TKYO-010,Band 41 (2500MHz),-93.0,-6.7,6.4,20.2,2.0,24.7
2026-07-15 15:00:00,TKYO-010-3,TKYO-010,Band 41 (2500MHz),-86.3,-10.3,9.9,15.1,7.4,27.4
2026-07-15 15:00:00,TKYO-011-1,TKYO-011,Band 1 (2100MHz),-84.5,-7.1,17.1,40.9,6.7,23.2
2026-07-15 15:00:00,TKYO-011-2,TKYO-011,Band 1 (2100MHz),-78.8,-14.3,14.7,4.9,15.7,23.9
2026-07-15 15:00:00,TKYO-011-3,TKYO-011,Band 1 (2100MHz),-94.5,-8.9,20.4,27.8,14.5,3.4
2026-07-15 15:00:00,TKYO-012-1,TKYO-012,Band 41 (2500MHz),-85.3,-9.1,10.3,32.1,9.7,31.5
2026-07-15 15:00:00,TKYO-012-2,TKYO-012,Band 41 (2500MHz),-84.1,-10.8,-0.4,25.6,12.6,46.2
2026-07-15 15:00:00,TKYO-012-3,TKYO-012,Band 41 (2500MHz),-85.1,-8.5,1.8,20.7,3.5,20.6
2026-07-15 15:00:00,TKYO-013-1,TKYO-013,Band 1 (2100MHz),-83.8,-9.1,15.4,33.2,7.2,52.6
2026-07-15 15:00:00,TKYO-013-2,TKYO-013,Band 1 (2100MHz),-98.3,-12.0,6.8,21.5,19.3,31.0
2026-07-15 15:00:00,TKYO-013-3,TKYO-013,Band 1 (2100MHz),-79.3,-10.1,2.8,14.9,14.4,34.3
2026-07-15 15:00:00,TKYO-014-1,TKYO-014,Band 41 (2500MHz),-80.9,-7.8,7.0,29.5,17.2,35.2
2026-07-15 15:00:00,TKYO-014-2,TKYO-014,Band 41 (2500MHz),-95.8,-6.9,-6.4,36.6,17.4,21.4
2026-07-15 15:00:00,TKYO-014-3,TKYO-014,Band 41 (2500MHz),-82.8,-5.6,-0.0,36.2,10.1,74.2
2026-07-15 15:00:00,TKYO-015-1,TKYO-015,Band 1 (2100MHz),-87.9,-10.4,15.8,50.3,16.3,42.7
2026-07-15 15:00:00,TKYO-015-2,TKYO-015,Band 1 (2100MHz),-78.0,-10.7,9.8,42.4,6.4,27.6
2026-07-15 15:00:00,TKYO-015-3,TKYO-015,Band 1 (2100MHz),-86.4,-8.6,-0.4,12.8,6.9,19.8
2026-07-15 15:00:00,TKYO-016-1,TKYO-016,Band 41 (2500MHz),-88.7,-7.4,6.6,17.5,24.4,44.2
2026-07-15 15:00:00,TKYO-016-2,TKYO-016,Band 41 (2500MHz),-89.0,-9.3,3.4,20.0,21.6,38.9
2026-07-15 15:00:00,TKYO-016-3,TKYO-016,Band 41 (2500MHz),-77.3,-7.7,2.0,43.6,26.5,43.4
2026-07-15 16:00:00,TKYO-001-1,TKYO-001,Band 1 (2100MHz),-90.6,-10.8,2.1,100.0,56.9,179.2
2026-07-15 16:00:00,TKYO-001-2,TKYO-001,Band 1 (2100MHz),-77.6,-12.7,18.3,90.7,69.3,151.4
2026-07-15 16:00:00,TKYO-001-3,TKYO-001,Band 1 (2100MHz),-88.5,-14.6,4.9,90.3,64.0,175.5
2026-07-15 16:00:00,TKYO-002-1,TKYO-002,Band 41 (2500MHz),-83.3,-13.5,-1.5,91.6,49.8,116.5
2026-07-15 16:00:00,TKYO-002-2,TKYO-002,Band 41 (2500MHz),-79.5,-11.9,-0.5,75.3,57.0,196.9
2026-07-15 16:00:00,TKYO-002-3,TKYO-002,Band 41 (2500MHz),-82.4,-13.7,-3.6,98.1,64.0,163.0
2026-07-15 16:00:00,TKYO-003-1,TKYO-003,Band 1 (2100MHz),-89.0,-12.3,10.5,100.0,54.4,160.2
2026-07-15 16:00:00,TKYO-003-2,TKYO-003,Band 1 (2100MHz),-94.9,-15.0,-2.1,99.2,54.1,155.9
2026-07-15 16:00:00,TKYO-003-3,TKYO-003,Band 1 (2100MHz),-82.8,-13.3,-0.2,85.7,44.5,165.1
2026-07-15 16:00:00,TKYO-004-1,TKYO-004,Band 41 (2500MHz),-88.9,-11.0,-0.2,77.9,60.3,165.0
2026-07-15 16:00:00,TKYO-004-2,TKYO-004,Band 41 (2500MHz),-80.0,-13.9,-1.8,99.7,47.2,164.6
2026-07-15 16:00:00,TKYO-004-3,TKYO-004,Band 41 (2500MHz),-83.8,-16.1,3.7,97.1,63.0,186.5
2026-07-15 16:00:00,TKYO-005-1,TKYO-005,Band 1 (2100MHz),-85.6,-14.7,16.4,87.3,50.6,155.1
2026-07-15 16:00:00,TKYO-005-2,TKYO-005,Band 1 (2100MHz),-81.3,-11.4,13.5,70.3,54.3,177.7
2026-07-15 16:00:00,TKYO-005-3,TKYO-005,Band 1 (2100MHz),-97.9,-16.1,2.8,85.0,58.2,127.4
2026-07-15 16:00:00,TKYO-006-1,TKYO-006,Band 41 (2500MHz),-85.1,-8.8,3.6,84.2,51.6,139.7
2026-07-15 16:00:00,TKYO-006-2,TKYO-006,Band 41 (2500MHz),-83.6,-11.9,18.3,70.3,54.8,161.9
2026-07-15 16:00:00,TKYO-006-3,TKYO-006,Band 41 (2500MHz),-83.9,-13.6,9.6,97.1,56.8,172.3
2026-07-15 16:00:00,TKYO-007-1,TKYO-007,Band 1 (2100MHz),-83.8,-9.1,7.0,89.0,63.5,127.1
2026-07-15 16:00:00,TKYO-007-2,TKYO-007,Band 1 (2100MHz),-85.6,-13.3,4.1,94.6,49.0,148.3
2026-07-15 16:00:00,TKYO-007-3,TKYO-007,Band 1 (2100MHz),-101.8,-16.4,8.8,75.6,67.2,166.2
2026-07-15 16:00:00,TKYO-008-1,TKYO-008,Band 41 (2500MHz),-88.1,-12.8,12.4,85.7,40.1,132.2
2026-07-15 16:00:00,TKYO-008-2,TKYO-008,Band 41 (2500MHz),-90.9,-13.1,1.2,100.0,56.5,177.1
2026-07-15 16:00:00,TKYO-008-3,TKYO-008,Band 41 (2500MHz),-85.9,-11.6,5.3,72.2,72.8,152.2
2026-07-15 16:00:00,TKYO-009-1,TKYO-009,Band 1 (2100MHz),-79.8,-14.8,-4.7,91.6,58.6,129.6
2026-07-15 16:00:00,TKYO-009-2,TKYO-009,Band 1 (2100MHz),-87.2,-14.2,13.8,86.3,48.9,108.1
2026-07-15 16:00:00,TKYO-009-3,TKYO-009,Band 1 (2100MHz),-88.0,-16.0,10.4,100.0,48.6,106.1
2026-07-15 16:00:00,TKYO-010-1,TKYO-010,Band 41 (2500MHz),-79.5,-13.2,-0.1,100.0,64.0,137.5
2026-07-15 16:00:00,TKYO-010-2,TKYO-010,Band 41 (2500MHz),-80.5,-12.4,2.3,100.0,24.8,192.1
2026-07-15 16:00:00,TKYO-010-3,TKYO-010,Band 41 (2500MHz),-77.0,-12.0,8.3,83.5,58.1,171.2
2026-07-15 16:00:00,TKYO-011-1,TKYO-011,Band 1 (2100MHz),-89.0,-14.0,18.7,91.6,54.0,154.5
2026-07-15 16:00:00,TKYO-011-2,TKYO-011,Band 1 (2100MHz),-84.0,-9.8,12.4,95.8,46.3,113.5
2026-07-15 16:00:00,TKYO-011-3,TKYO-011,Band 1 (2100MHz),-83.5,-12.2,1.0,83.9,66.2,157.2
2026-07-15 16:00:00,TKYO-012-1,TKYO-012,Band 41 (2500MHz),-81.9,-12.5,2.9,88.0,49.8,165.8
2026-07-15 16:00:00,TKYO-012-2,TKYO-012,Band 41 (2500MHz),-81.6,-13.0,2.9,90.5,66.3,148.5
2026-07-15 16:00:00,TKYO-012-3,TKYO-012,Band 41 (2500MHz),-80.8,-14.2,-7.9,93.0,51.0,149.2
2026-07-15 16:00:00,TKYO-013-1,TKYO-013,Band 1 (2100MHz),-87.3,-14.4,14.1,80.8,53.7,154.8
2026-07-15 16:00:00,TKYO-013-2,TKYO-013,Band 1 (2100MHz),-95.6,-14.5,7.6,92.9,58.2,149.2
2026-07-15 16:00:00,TKYO-013-3,TKYO-013,Band 1 (2100MHz),-84.0,-12.2,11.9,81.2,60.7,102.6
2026-07-15 16:00:00,TKYO-014-1,TKYO-014,Band 41 (2500MHz),-81.4,-11.7,12.3,92.6,59.2,168.4
2026-07-15 16:00:00,TKYO-014-2,TKYO-014,Band 41 (2500MHz),-96.6,-15.8,0.6,95.2,53.6,171.2
2026-07-15 16:00:00,TKYO-014-3,TKYO-014,Band 41 (2500MHz),-88.2,-11.5,8.3,94.6,53.0,190.9
2026-07-15 16:00:00,TKYO-015-1,TKYO-015,Band 1 (2100MHz),-84.6,-13.9,13.6,81.3,58.7,146.0
2026-07-15 16:00:00,TKYO-015-2,TKYO-015,Band 1 (2100MHz),-84.7,-12.8,6.1,100.0,58.2,145.8
2026-07-15 16:00:00,TKYO-015-3,TKYO-015,Band 1 (2100MHz),-82.5,-13.8,6.7,65.1,63.6,125.2
2026-07-15 16:00:00,TKYO-016-1,TKYO-016,Band 41 (2500MHz),-85.3,-10.3,8.0,88.9,51.7,183.0
2026-07-15 16:00:00,TKYO-016-2,TKYO-016,Band 41 (2500MHz),-81.2,-13.6,13.2,84.0,46.0,126.3
2026-07-15 16:00:00,TKYO-016-3,TKYO-016,Band 41 (2500MHz),-84.1,-12.9,3.4,99.6,50.7,145.3
2026-07-15 17:00:00,TKYO-001-1,TKYO-001,Band 1 (2100MHz),-84.8,-11.0,3.9,100.0,58.7,229.6
2026-07-15 17:00:00,TKYO-001-2,TKYO-001,Band 1 (2100MHz),-85.9,-14.0,4.7,100.0,57.9,210.9
2026-07-15 17:00:00,TKYO-001-3,TKYO-001,Band 1 (2100MHz),-80.2,-14.8,10.1,100.0,67.8,170.1
2026-07-15 17:00:00,TKYO-002-1,TKYO-002,Band 41 (2500MHz),-81.6,-13.6,8.9,100.0,52.9,147.1
2026-07-15 17:00:00,TKYO-002-2,TKYO-002,Band 41 (2500MHz),-82.7,-12.0,9.7,93.7,58.9,154.1
2026-07-15 17:00:00,TKYO-002-3,TKYO-002,Band 41 (2500MHz),-88.8,-11.3,9.2,91.6,81.0,193.1
2026-07-15 17:00:00,TKYO-003-1,TKYO-003,Band 1 (2100MHz),-84.8,-17.3,3.0,100.0,61.1,165.0
2026-07-15 17:00:00,TKYO-003-2,TKYO-003,Band 1 (2100MHz),-103.9,-18.5,3.0,100.0,74.3,190.2
2026-07-15 17:00:00,TKYO-003-3,TKYO-003,Band 1 (2100MHz),-83.4,-12.7,11.7,100.0,57.5,121.2
2026-07-15 17:00:00,TKYO-004-1,TKYO-004,Band 41 (2500MHz),-83.5,-13.6,1.5,100.0,59.7,171.3
2026-07-15 17:00:00,TKYO-004-2,TKYO-004,Band 41 (2500MHz),-85.2,-13.1,9.8,91.5,66.9,171.7
2026-07-15 17:00:00,TKYO-004-3,TKYO-004,Band 41 (2500MHz),-85.7,-11.0,-4.1,100.0,74.0,137.0
2026-07-15 17:00:00,TKYO-005-1,TKYO-005,Band 1 (2100MHz),-85.0,-9.6,17.6,100.0,60.3,202.4
2026-07-15 17:00:00,TKYO-005-2,TKYO-005,Band 1 (2100MHz),-83.7,-13.2,15.5,100.0,56.4,158.4
2026-07-15 17:00:00,TKYO-005-3,TKYO-005,Band 1 (2100MHz),-93.6,-18.2,0.1,100.0,71.8,182.6
2026-07-15 17:00:00,TKYO-006-1,TKYO-006,Band 41 (2500MHz),-84.2,-18.0,8.3,86.7,63.9,152.3
2026-07-15 17:00:00,TKYO-006-2,TKYO-006,Band 41 (2500MHz),-79.1,-14.9,10.2,94.8,64.4,167.2
2026-07-15 17:00:00,TKYO-006-3,TKYO-006,Band 41 (2500MHz),-89.6,-13.2,2.8,100.0,60.1,188.5
2026-07-15 17:00:00,TKYO-007-1,TKYO-007,Band 1 (2100MHz),-91.6,-12.4,9.8,94.9,70.0,186.4
2026-07-15 17:00:00,TKYO-007-2,TKYO-007,Band 1 (2100MHz),-71.9,-14.1,3.0,99.5,43.6,151.7
2026-07-15 17:00:00,TKYO-007-3,TKYO-007,Band 1 (2100MHz),-93.0,-19.8,5.4,100.0,55.1,177.6
2026-07-15 17:00:00,TKYO-008-1,TKYO-008,Band 41 (2500MHz),-77.7,-11.2,-2.7,100.0,56.7,125.7
2026-07-15 17:00:00,TKYO-008-2,TKYO-008,Band 41 (2500MHz),-84.8,-10.7,5.3,100.0,62.3,135.3
2026-07-15 17:00:00,TKYO-008-3,TKYO-008,Band 41 (2500MHz),-79.1,-10.6,7.4,100.0,48.7,135.5
2026-07-15 17:00:00,TKYO-009-1,TKYO-009,Band 1 (2100MHz),-87.6,-13.9,6.0,91.8,45.0,157.2
2026-07-15 17:00:00,TKYO-009-2,TKYO-009,Band 1 (2100MHz),-89.7,-11.3,6.2,100.0,57.1,186.1
2026-07-15 17:00:00,TKYO-009-3,TKYO-009,Band 1 (2100MHz),-85.4,-14.0,5.6,100.0,63.3,179.6
2026-07-15 17:00:00,TKYO-010-1,TKYO-010,Band 41 (2500MHz),-82.8,-12.2,4.9,100.0,62.5,195.8
2026-07-15 17:00:00,TKYO-010-2,TKYO-010,Band 41 (2500MHz),-84.6,-11.6,-2.1,100.0,55.7,166.8
2026-07-15 17:00:00,TKYO-010-3,TKYO-010,Band 41 (2500MHz),-85.6,-11.0,-3.2,88.8,62.5,153.0
2026-07-15 17:00:00,TKYO-011-1,TKYO-011,Band 1 (2100MHz),-81.7,-9.6,5.6,100.0,63.5,168.3
2026-07-15 17:00:00,TKYO-011-2,TKYO-011,Band 1 (2100MHz),-81.7,-11.7,14.0,76.2,60.8,168.2
2026-07-15 17:00:00,TKYO-011-3,TKYO-011,Band 1 (2100MHz),-89.2,-9.9,14.2,97.3,54.6,148.7
2026-07-15 17:00:00,TKYO-012-1,TKYO-012,Band 41 (2500MHz),-89.0,-7.9,-0.8,100.0,62.5,152.3
2026-07-15 17:00:00,TKYO-012-2,TKYO-012,Band 41 (2500MHz),-85.5,-16.8,0.2,100.0,74.9,190.2
2026-07-15 17:00:00,TKYO-012-3,TKYO-012,Band 41 (2500MHz),-85.5,-14.1,16.8,98.9,62.3,152.1
2026-07-15 17:00:00,TKYO-013-1,TKYO-013,Band 1 (2100MHz),-79.7,-12.8,16.9,100.0,60.0,173.2
2026-07-15 17:00:00,TKYO-013-2,TKYO-013,Band 1 (2100MHz),-104.6,-17.0,3.0,100.0,53.5,178.1
2026-07-15 17:00:00,TKYO-013-3,TKYO-013,Band 1 (2100MHz),-86.4,-13.3,8.7,100.0,56.8,146.3
2026-07-15 17:00:00,TKYO-014-1,TKYO-014,Band 41 (2500MHz),-85.9,-13.3,4.0,100.0,60.7,157.5
2026-07-15 17:00:00,TKYO-014-2,TKYO-014,Band 41 (2500MHz),-88.4,-13.7,-0.8,100.0,68.6,143.0
2026-07-15 17:00:00,TKYO-014-3,TKYO-014,Band 41 (2500MHz),-81.0,-12.8,3.8,100.0,40.1,180.1
2026-07-15 17:00:00,TKYO-015-1,TKYO-015,Band 1 (2100MHz),-83.0,-14.0,11.8,89.0,63.9,149.2
2026-07-15 17:00:00,TKYO-015-2,TKYO-015,Band 1 (2100MHz),-91.8,-12.2,12.7,100.0,52.4,128.2
2026-07-15 17:00:00,TKYO-015-3,TKYO-015,Band 1 (2100MHz),-78.8,-15.6,6.4,88.9,54.7,186.8
2026-07-15 17:00:00,TKYO-016-1,TKYO-016,Band 41 (2500MHz),-85.1,-11.8,4.9,100.0,42.8,190.6
2026-07-15 17:00:00,TKYO-016-2,TKYO-016,Band 41 (2500MHz),-80.9,-12.8,8.1,91.9,64.0,146.7
2026-07-15 17:00:00,TKYO-016-3,TKYO-016,Band 41 (2500MHz),-86.6,-14.2,1.6,85.5,56.8,162.8
2026-07-15 18:00:00,TKYO-001-1,TKYO-001,Band 1 (2100MHz),-84.3,-13.3,9.1,100.0,72.0,174.9
2026-07-15 18:00:00,TKYO-001-2,TKYO-001,Band 1 (2100MHz),-85.6,-12.0,5.2,100.0,55.7,168.4
2026-07-15 18:00:00,TKYO-001-3,TKYO-001,Band 1 (2100MHz),-81.2,-12.2,16.7,87.0,57.7,192.8
2026-07-15 18:00:00,TKYO-002-1,TKYO-002,Band 41 (2500MHz),-89.8,-8.5,3.8,100.0,58.9,179.6
2026-07-15 18:00:00,TKYO-002-2,TKYO-002,Band 41 (2500MHz),-88.3,-10.6,10.3,100.0,70.6,177.3
2026-07-15 18:00:00,TKYO-002-3,TKYO-002,Band 41 (2500MHz),-82.1,-17.1,6.5,97.8,55.4,182.3
2026-07-15 18:00:00,TKYO-003-1,TKYO-003,Band 1 (2100MHz),-83.3,-12.7,3.5,100.0,61.7,203.7
2026-07-15 18:00:00,TKYO-003-2,TKYO-003,Band 1 (2100MHz),-99.3,-16.3,-4.7,100.0,80.3,189.7
2026-07-15 18:00:00,TKYO-003-3,TKYO-003,Band 1 (2100MHz),-84.6,-12.9,1.9,100.0,46.2,137.2
2026-07-15 18:00:00,TKYO-004-1,TKYO-004,Band 41 (2500MHz),-81.0,-16.0,0.6,96.2,52.4,196.3
2026-07-15 18:00:00,TKYO-004-2,TKYO-004,Band 41 (2500MHz),-82.8,-11.6,0.7,99.5,60.5,155.0
2026-07-15 18:00:00,TKYO-004-3,TKYO-004,Band 41 (2500MHz),-83.7,-20.2,-1.7,99.2,65.2,161.7
2026-07-15 18:00:00,TKYO-005-1,TKYO-005,Band 1 (2100MHz),-86.6,-12.1,9.9,100.0,54.5,218.8
2026-07-15 18:00:00,TKYO-005-2,TKYO-005,Band 1 (2100MHz),-89.6,-13.7,4.9,97.0,60.2,210.8
2026-07-15 18:00:00,TKYO-005-3,TKYO-005,Band 1 (2100MHz),-92.2,-18.2,-2.8,99.8,63.3,178.2
2026-07-15 18:00:00,TKYO-006-1,TKYO-006,Band 41 (2500MHz),-79.4,-13.2,4.3,100.0,54.6,193.3
2026-07-15 18:00:00,TKYO-006-2,TKYO-006,Band 41 (2500MHz),-83.9,-14.1,5.2,100.0,64.7,138.4
2026-07-15 18:00:00,TKYO-006-3,TKYO-006,Band 41 (2500MHz),-80.5,-8.7,-6.2,100.0,69.2,143.8
2026-07-15 18:00:00,TKYO-007-1,TKYO-007,Band 1 (2100MHz),-80.6,-14.8,18.0,100.0,69.3,174.5
2026-07-15 18:00:00,TKYO-007-2,TKYO-007,Band 1 (2100MHz),-81.2,-14.1,11.3,100.0,65.2,148.8
2026-07-15 18:00:00,TKYO-007-3,TKYO-007,Band 1 (2100MHz),-99.9,-15.1,-1.7,84.9,65.1,147.8
2026-07-15 18:00:00,TKYO-008-1,TKYO-008,Band 41 (2500MHz),-85.5,-10.3,7.0,100.0,60.0,180.2
2026-07-15 18:00:00,TKYO-008-2,TKYO-008,Band 41 (2500MHz),-87.4,-14.7,5.7,100.0,63.3,170.8
2026-07-15 18:00:00,TKYO-008-3,TKYO-008,Band 41 (2500MHz),-88.1,-18.0,3.9,100.0,55.3,134.9
2026-07-15 18:00:00,TKYO-009-1,TKYO-009,Band 1 (2100MHz),-82.0,-16.8,8.9,100.0,61.2,188.4
2026-07-15 18:00:00,TKYO-009-2,TKYO-009,Band 1 (2100MHz),-78.3,-12.5,5.4,100.0,70.0,171.8
2026-07-15 18:00:00,TKYO-009-3,TKYO-009,Band 1 (2100MHz),-80.7,-16.4,11.1,100.0,61.0,170.0
2026-07-15 18:00:00,TKYO-010-1,TKYO-010,Band 41 (2500MHz),-84.7,-16.3,5.5,100.0,62.3,204.2
2026-07-15 18:00:00,TKYO-010-2,TKYO-010,Band 41 (2500MHz),-82.8,-18.2,3.5,100.0,63.7,167.2
2026-07-15 18:00:00,TKYO-010-3,TKYO-010,Band 41 (2500MHz),-85.1,-14.5,12.9,100.0,59.8,176.9
2026-07-15 18:00:00,TKYO-011-1,TKYO-011,Band 1 (2100MHz),-79.6,-13.0,11.6,94.4,53.8,191.8
2026-07-15 18:00:00,TKYO-011-2,TKYO-011,Band 1 (2100MHz),-76.9,-14.6,5.5,100.0,56.8,199.1
2026-07-15 18:00:00,TKYO-011-3,TKYO-011,Band 1 (2100MHz),-82.2,-12.5,7.1,99.4,51.1,159.7
2026-07-15 18:00:00,TKYO-012-1,TKYO-012,Band 41 (2500MHz),-87.1,-15.8,2.9,96.4,84.3,171.4
2026-07-15 18:00:00,TKYO-012-2,TKYO-012,Band 41 (2500MHz),-80.1,-10.9,4.5,100.0,55.8,137.9
2026-07-15 18:00:00,TKYO-012-3,TKYO-012,Band 41 (2500MHz),-86.7,-13.4,3.3,100.0,48.9,132.1
2026-07-15 18:00:00,TKYO-013-1,TKYO-013,Band 1 (2100MHz),-85.0,-14.1,12.3,100.0,50.3,228.2
2026-07-15 18:00:00,TKYO-013-2,TKYO-013,Band 1 (2100MHz),-99.4,-19.5,3.9,100.0,71.2,179.8
2026-07-15 18:00:00,TKYO-013-3,TKYO-013,Band 1 (2100MHz),-77.5,-14.8,12.7,99.5,61.2,204.5
2026-07-15 18:00:00,TKYO-014-1,TKYO-014,Band 41 (2500MHz),-83.2,-10.3,11.1,100.0,67.4,142.7
2026-07-15 18:00:00,TKYO-014-2,TKYO-014,Band 41 (2500MHz),-95.4,-16.9,-1.3,100.0,52.5,134.5
2026-07-15 18:00:00,TKYO-014-3,TKYO-014,Band 41 (2500MHz),-79.8,-16.3,5.3,100.0,63.0,153.3
2026-07-15 18:00:00,TKYO-015-1,TKYO-015,Band 1 (2100MHz),-91.5,-12.7,13.0,100.0,69.5,181.5
2026-07-15 18:00:00,TKYO-015-2,TKYO-015,Band 1 (2100MHz),-81.1,-13.3,13.1,100.0,63.4,171.8
2026-07-15 18:00:00,TKYO-015-3,TKYO-015,Band 1 (2100MHz),-84.5,-13.9,11.4,100.0,65.5,229.4
2026-07-15 18:00:00,TKYO-016-1,TKYO-016,Band 41 (2500MHz),-88.1,-11.8,10.6,100.0,71.5,180.4
2026-07-15 18:00:00,TKYO-016-2,TKYO-016,Band 41 (2500MHz),-89.5,-11.4,9.0,100.0,51.9,213.0
2026-07-15 18:00:00,TKYO-016-3,TKYO-016,Band 41 (2500MHz),-79.4,-18.8,8.8,100.0,67.3,178.2
2026-07-15 19:00:00,TKYO-001-1,TKYO-001,Band 1 (2100MHz),-88.9,-15.6,7.4,93.1,63.4,145.2
2026-07-15 19:00:00,TKYO-001-2,TKYO-001,Band 1 (2100MHz),-80.0,-11.9,17.2,95.3,62.4,171.9
2026-07-15 19:00:00,TKYO-001-3,TKYO-001,Band 1 (2100MHz),-83.1,-11.6,16.3,97.2,72.3,185.4
2026-07-15 19:00:00,TKYO-002-1,TKYO-002,Band 41 (2500MHz),-80.5,-13.8,11.0,96.7,82.8,191.6
2026-07-15 19:00:00,TKYO-002-2,TKYO-002,Band 41 (2500MHz),-86.9,-14.4,2.0,100.0,73.2,123.7
2026-07-15 19:00:00,TKYO-002-3,TKYO-002,Band 41 (2500MHz),-82.1,-14.2,4.1,100.0,54.8,188.2
2026-07-15 19:00:00,TKYO-003-1,TKYO-003,Band 1 (2100MHz),-76.5,-14.1,7.6,98.0,63.7,199.7
2026-07-15 19:00:00,TKYO-003-2,TKYO-003,Band 1 (2100MHz),-95.3,-17.7,-1.6,99.4,52.7,145.1
2026-07-15 19:00:00,TKYO-003-3,TKYO-003,Band 1 (2100MHz),-83.4,-13.7,12.8,95.7,47.4,160.6
2026-07-15 19:00:00,TKYO-004-1,TKYO-004,Band 41 (2500MHz),-82.9,-10.1,2.4,100.0,64.8,219.6
2026-07-15 19:00:00,TKYO-004-2,TKYO-004,Band 41 (2500MHz),-83.8,-11.8,1.7,100.0,51.7,157.8
2026-07-15 19:00:00,TKYO-004-3,TKYO-004,Band 41 (2500MHz),-84.2,-10.4,-3.2,96.1,48.1,197.0
2026-07-15 19:00:00,TKYO-005-1,TKYO-005,Band 1 (2100MHz),-80.0,-15.9,11.5,100.0,63.4,117.2
2026-07-15 19:00:00,TKYO-005-2,TKYO-005,Band 1 (2100MHz),-76.6,-15.5,6.7,78.3,78.3,147.4
2026-07-15 19:00:00,TKYO-005-3,TKYO-005,Band 1 (2100MHz),-97.9,-20.2,2.7,90.3,75.9,141.7
2026-07-15 19:00:00,TKYO-006-1,TKYO-006,Band 41 (2500MHz),-82.7,-10.2,6.1,100.0,54.0,172.0
2026-07-15 19:00:00,TKYO-006-2,TKYO-006,Band 41 (2500MHz),-84.0,-17.5,12.0,100.0,64.3,167.3
2026-07-15 19:00:00,TKYO-006-3,TKYO-006,Band 41 (2500MHz),-85.3,-11.6,5.9,100.0,67.0,143.6
2026-07-15 19:00:00,TKYO-007-1,TKYO-007,Band 1 (2100MHz),-82.2,-10.8,3.6,100.0,50.2,164.3
2026-07-15 19:00:00,TKYO-007-2,TKYO-007,Band 1 (2100MHz),-87.6,-17.0,5.6,88.2,64.2,166.7
2026-07-15 19:00:00,TKYO-007-3,TKYO-007,Band 1 (2100MHz),-98.2,-14.8,-3.3,76.7,61.3,191.1
2026-07-15 19:00:00,TKYO-008-1,TKYO-008,Band 41 (2500MHz),-86.8,-11.6,10.2,100.0,65.4,174.0
2026-07-15 19:00:00,TKYO-008-2,TKYO-008,Band 41 (2500MHz),-79.7,-13.4,4.3,97.6,61.1,161.7
2026-07-15 19:00:00,TKYO-008-3,TKYO-008,Band 41 (2500MHz),-86.4,-14.8,8.6,93.3,56.0,148.5
2026-07-15 19:00:00,TKYO-009-1,TKYO-009,Band 1 (2100MHz),-93.9,-14.0,6.6,94.9,65.6,187.8
2026-07-15 19:00:00,TKYO-009-2,TKYO-009,Band 1 (2100MHz),-81.5,-12.8,15.2,100.0,58.5,161.3
2026-07-15 19:00:00,TKYO-009-3,TKYO-009,Band 1 (2100MHz),-83.0,-12.0,4.1,88.4,44.7,132.0
2026-07-15 19:00:00,TKYO-010-1,TKYO-010,Band 41 (2500MHz),-77.7,-14.5,1.8,100.0,44.7,174.2
2026-07-15 19:00:00,TKYO-010-2,TKYO-010,Band 41 (2500MHz),-80.5,-11.7,2.9,96.9,58.1,173.7
2026-07-15 19:00:00,TKYO-010-3,TKYO-010,Band 41 (2500MHz),-83.8,-11.0,3.3,100.0,52.9,179.6
2026-07-15 19:00:00,TKYO-011-1,TKYO-011,Band 1 (2100MHz),-90.4,-11.3,14.1,100.0,77.7,132.8
2026-07-15 19:00:00,TKYO-011-2,TKYO-011,Band 1 (2100MHz),-80.4,-12.0,7.0,100.0,66.1,158.2
2026-07-15 19:00:00,TKYO-011-3,TKYO-011,Band 1 (2100MHz),-85.3,-12.6,-0.3,100.0,56.3,144.5
2026-07-15 19:00:00,TKYO-012-1,TKYO-012,Band 41 (2500MHz),-81.0,-11.6,9.6,100.0,61.3,175.1
2026-07-15 19:00:00,TKYO-012-2,TKYO-012,Band 41 (2500MHz),-85.2,-12.9,1.5,85.0,60.2,168.6
2026-07-15 19:00:00,TKYO-012-3,TKYO-012,Band 41 (2500MHz),-81.6,-11.4,2.3,100.0,64.8,177.4
2026-07-15 19:00:00,TKYO-013-1,TKYO-013,Band 1 (2100MHz),-82.9,-13.1,18.3,100.0,61.2,182.9
2026-07-15 19:00:00,TKYO-013-2,TKYO-013,Band 1 (2100MHz),-103.4,-16.9,1.2,89.7,67.7,214.1
2026-07-15 19:00:00,TKYO-013-3,TKYO-013,Band 1 (2100MHz),-93.5,-9.3,1.7,91.2,57.3,161.6
2026-07-15 19:00:00,TKYO-014-1,TKYO-014,Band 41 (2500MHz),-86.9,-13.2,1.2,100.0,69.3,157.6
2026-07-15 19:00:00,TKYO-014-2,TKYO-014,Band 41 (2500MHz),-99.0,-17.7,2.8,100.0,60.5,175.7
2026-07-15 19:00:00,TKYO-014-3,TKYO-014,Band 41 (2500MHz),-84.7,-10.7,8.5,100.0,55.1,168.3
2026-07-15 19:00:00,TKYO-015-1,TKYO-015,Band 1 (2100MHz),-79.7,-12.5,1.7,100.0,58.3,173.3
2026-07-15 19:00:00,TKYO-015-2,TKYO-015,Band 1 (2100MHz),-89.8,-13.1,12.7,100.0,47.6,156.5
2026-07-15 19:00:00,TKYO-015-3,TKYO-015,Band 1 (2100MHz),-88.7,-13.1,2.4,100.0,62.6,170.0
2026-07-15 19:00:00,TKYO-016-1,TKYO-016,Band 41 (2500MHz),-84.3,-9.7,-0.7,100.0,54.6,212.5
2026-07-15 19:00:00,TKYO-016-2,TKYO-016,Band 41 (2500MHz),-75.4,-16.5,6.1,100.0,60.3,157.9
2026-07-15 19:00:00,TKYO-016-3,TKYO-016,Band 41 (2500MHz),-90.6,-11.6,3.5,94.0,64.6,140.9
2026-07-15 20:00:00,TKYO-001-1,TKYO-001,Band 1 (2100MHz),-80.9,-12.3,14.1,83.6,60.6,190.1
2026-07-15 20:00:00,TKYO-001-2,TKYO-001,Band 1 (2100MHz),-81.8,-12.1,3.5,88.9,66.6,157.6
2026-07-15 20:00:00,TKYO-001-3,TKYO-001,Band 1 (2100MHz),-81.6,-13.1,3.6,100.0,47.9,148.2
2026-07-15 20:00:00,TKYO-002-1,TKYO-002,Band 41 (2500MHz),-82.8,-13.5,6.2,81.7,53.2,92.1
2026-07-15 20:00:00,TKYO-002-2,TKYO-002,Band 41 (2500MHz),-80.2,-14.7,10.3,91.9,44.3,109.0
2026-07-15 20:00:00,TKYO-002-3,TKYO-002,Band 41 (2500MHz),-86.5,-10.7,15.7,92.4,55.2,126.6
2026-07-15 20:00:00,TKYO-003-1,TKYO-003,Band 1 (2100MHz),-81.1,-11.2,14.2,88.0,64.1,150.7
2026-07-15 20:00:00,TKYO-003-2,TKYO-003,Band 1 (2100MHz),-99.6,-16.9,-5.4,92.7,50.5,144.9
2026-07-15 20:00:00,TKYO-003-3,TKYO-003,Band 1 (2100MHz),-82.3,-12.8,3.0,87.5,63.2,145.1
2026-07-15 20:00:00,TKYO-004-1,TKYO-004,Band 41 (2500MHz),-87.5,-8.2,0.7,93.1,55.7,126.9
2026-07-15 20:00:00,TKYO-004-2,TKYO-004,Band 41 (2500MHz),-87.8,-11.2,6.9,100.0,45.9,119.9
2026-07-15 20:00:00,TKYO-004-3,TKYO-004,Band 41 (2500MHz),-78.0,-13.3,-1.8,64.4,57.4,162.0
2026-07-15 20:00:00,TKYO-005-1,TKYO-005,Band 1 (2100MHz),-84.3,-11.9,9.1,95.6,60.9,162.5
2026-07-15 20:00:00,TKYO-005-2,TKYO-005,Band 1 (2100MHz),-79.5,-11.9,15.9,100.0,63.9,143.3
2026-07-15 20:00:00,TKYO-005-3,TKYO-005,Band 1 (2100MHz),-101.4,-21.2,-4.1,96.9,49.4,127.4
2026-07-15 20:00:00,TKYO-006-1,TKYO-006,Band 41 (2500MHz),-87.2,-14.1,8.9,100.0,65.2,127.1
2026-07-15 20:00:00,TKYO-006-2,TKYO-006,Band 41 (2500MHz),-87.2,-11.4,6.9,80.4,46.7,116.8
2026-07-15 20:00:00,TKYO-006-3,TKYO-006,Band 41 (2500MHz),-87.7,-14.3,7.5,100.0,47.7,144.1
2026-07-15 20:00:00,TKYO-007-1,TKYO-007,Band 1 (2100MHz),-77.7,-13.8,14.4,81.5,72.9,153.8
2026-07-15 20:00:00,TKYO-007-2,TKYO-007,Band 1 (2100MHz),-80.9,-13.9,15.1,85.0,54.7,123.7
2026-07-15 20:00:00,TKYO-007-3,TKYO-007,Band 1 (2100MHz),-95.2,-18.1,2.2,87.8,62.1,167.7
2026-07-15 20:00:00,TKYO-008-1,TKYO-008,Band 41 (2500MHz),-80.9,-11.9,7.6,91.8,65.8,161.9
2026-07-15 20:00:00,TKYO-008-2,TKYO-008,Band 41 (2500MHz),-85.2,-11.3,-0.6,100.0,38.3,148.2
2026-07-15 20:00:00,TKYO-008-3,TKYO-008,Band 41 (2500MHz),-88.0,-16.6,13.0,65.4,53.9,120.3
2026-07-15 20:00:00,TKYO-009-1,TKYO-009,Band 1 (2100MHz),-84.5,-12.1,12.5,83.0,53.2,183.7
2026-07-15 20:00:00,TKYO-009-2,TKYO-009,Band 1 (2100MHz),-85.9,-11.9,5.9,88.5,54.4,140.6
2026-07-15 20:00:00,TKYO-009-3,TKYO-009,Band 1 (2100MHz),-87.2,-12.4,4.6,93.3,57.7,158.5
2026-07-15 20:00:00,TKYO-010-1,TKYO-010,Band 41 (2500MHz),-77.0,-9.7,5.1,92.7,42.6,148.8
2026-07-15 20:00:00,TKYO-010-2,TKYO-010,Band 41 (2500MHz),-87.4,-14.4,3.8,93.4,45.5,160.2
2026-07-15 20:00:00,TKYO-010-3,TKYO-010,Band 41 (2500MHz),-79.4,-17.6,6.0,88.1,59.3,161.1
2026-07-15 20:00:00,TKYO-011-1,TKYO-011,Band 1 (2100MHz),-84.0,-13.0,4.3,69.4,46.5,160.2
2026-07-15 20:00:00,TKYO-011-2,TKYO-011,Band 1 (2100MHz),-93.5,-10.9,4.0,100.0,58.0,158.9
2026-07-15 20:00:00,TKYO-011-3,TKYO-011,Band 1 (2100MHz),-83.3,-14.0,0.5,91.3,44.3,162.2
2026-07-15 20:00:00,TKYO-012-1,TKYO-012,Band 41 (2500MHz),-82.5,-12.0,5.7,92.1,52.0,144.6
2026-07-15 20:00:00,TKYO-012-2,TKYO-012,Band 41 (2500MHz),-85.9,-11.9,0.1,93.9,57.7,143.2
2026-07-15 20:00:00,TKYO-012-3,TKYO-012,Band 41 (2500MHz),-87.9,-14.9,7.4,82.4,60.5,142.0
2026-07-15 20:00:00,TKYO-013-1,TKYO-013,Band 1 (2100MHz),-80.0,-12.5,12.2,82.3,54.1,180.0
2026-07-15 20:00:00,TKYO-013-2,TKYO-013,Band 1 (2100MHz),-101.1,-15.0,3.7,91.6,67.4,147.4
2026-07-15 20:00:00,TKYO-013-3,TKYO-013,Band 1 (2100MHz),-82.0,-10.7,8.8,89.0,60.1,129.5
2026-07-15 20:00:00,TKYO-014-1,TKYO-014,Band 41 (2500MHz),-85.5,-10.4,5.0,98.4,41.3,153.7
2026-07-15 20:00:00,TKYO-014-2,TKYO-014,Band 41 (2500MHz),-99.1,-13.7,-4.8,100.0,61.9,135.4
2026-07-15 20:00:00,TKYO-014-3,TKYO-014,Band 41 (2500MHz),-84.5,-12.3,12.4,98.6,63.3,142.6
2026-07-15 20:00:00,TKYO-015-1,TKYO-015,Band 1 (2100MHz),-79.6,-12.7,11.7,64.9,63.5,141.7
2026-07-15 20:00:00,TKYO-015-2,TKYO-015,Band 1 (2100MHz),-82.8,-11.8,2.8,100.0,46.2,163.9
2026-07-15 20:00:00,TKYO-015-3,TKYO-015,Band 1 (2100MHz),-82.2,-13.1,10.4,88.8,40.1,143.4
2026-07-15 20:00:00,TKYO-016-1,TKYO-016,Band 41 (2500MHz),-88.5,-13.6,18.4,75.4,52.3,169.0
2026-07-15 20:00:00,TKYO-016-2,TKYO-016,Band 41 (2500MHz),-82.2,-13.6,7.4,92.8,60.9,139.5
2026-07-15 20:00:00,TKYO-016-3,TKYO-016,Band 41 (2500MHz),-84.9,-12.1,14.5,87.4,42.5,152.1
2026-07-15 21:00:00,TKYO-001-1,TKYO-001,Band 1 (2100MHz),-87.6,-7.4,9.8,28.4,25.2,48.5
2026-07-15 21:00:00,TKYO-001-2,TKYO-001,Band 1 (2100MHz),-82.4,-10.7,11.4,31.2,18.5,56.9
2026-07-15 21:00:00,TKYO-001-3,TKYO-001,Band 1 (2100MHz),-86.4,-10.2,4.5,32.7,20.6,91.2
2026-07-15 21:00:00,TKYO-002-1,TKYO-002,Band 41 (2500MHz),-84.9,-8.8,0.8,30.1,0.0,33.4
2026-07-15 21:00:00,TKYO-002-2,TKYO-002,Band 41 (2500MHz),-78.6,-10.7,15.7,16.7,12.3,15.1
2026-07-15 21:00:00,TKYO-002-3,TKYO-002,Band 41 (2500MHz),-83.4,-10.3,0.2,37.1,0.0,52.2
2026-07-15 21:00:00,TKYO-003-1,TKYO-003,Band 1 (2100MHz),-88.5,-11.3,8.9,18.1,19.0,45.4
2026-07-15 21:00:00,TKYO-003-2,TKYO-003,Band 1 (2100MHz),-97.8,-13.6,6.7,35.6,31.8,8.0
2026-07-15 21:00:00,TKYO-003-3,TKYO-003,Band 1 (2100MHz),-89.7,-11.0,9.6,26.0,19.8,26.9
2026-07-15 21:00:00,TKYO-004-1,TKYO-004,Band 41 (2500MHz),-88.2,-10.3,11.5,24.4,6.7,61.2
2026-07-15 21:00:00,TKYO-004-2,TKYO-004,Band 41 (2500MHz),-85.9,-8.7,3.4,21.5,12.3,94.1
2026-07-15 21:00:00,TKYO-004-3,TKYO-004,Band 41 (2500MHz),-80.0,-9.3,9.0,18.0,15.3,45.9
2026-07-15 21:00:00,TKYO-005-1,TKYO-005,Band 1 (2100MHz),-79.2,-9.7,14.6,25.4,7.8,21.1
2026-07-15 21:00:00,TKYO-005-2,TKYO-005,Band 1 (2100MHz),-83.3,-9.5,6.8,2.8,13.0,6.0
2026-07-15 21:00:00,TKYO-005-3,TKYO-005,Band 1 (2100MHz),-99.1,-8.3,1.0,17.5,1.4,64.1
2026-07-15 21:00:00,TKYO-006-1,TKYO-006,Band 41 (2500MHz),-87.4,-9.1,2.4,32.3,0.0,36.5
2026-07-15 21:00:00,TKYO-006-2,TKYO-006,Band 41 (2500MHz),-87.7,-7.1,1.9,29.8,0.9,61.7
2026-07-15 21:00:00,TKYO-006-3,TKYO-006,Band 41 (2500MHz),-82.1,-8.3,5.4,0.1,3.1,14.5
2026-07-15 21:00:00,TKYO-007-1,TKYO-007,Band 1 (2100MHz),-82.8,-7.4,10.6,9.8,4.2,36.9
2026-07-15 21:00:00,TKYO-007-2,TKYO-007,Band 1 (2100MHz),-87.7,-11.9,6.4,43.0,26.0,45.2
2026-07-15 21:00:00,TKYO-007-3,TKYO-007,Band 1 (2100MHz),-93.4,-10.6,-1.0,28.9,9.4,36.6
2026-07-15 21:00:00,TKYO-008-1,TKYO-008,Band 41 (2500MHz),-84.9,-9.0,-0.6,20.4,12.9,20.2
2026-07-15 21:00:00,TKYO-008-2,TKYO-008,Band 41 (2500MHz),-80.0,-4.2,11.5,21.9,18.1,34.3
2026-07-15 21:00:00,TKYO-008-3,TKYO-008,Band 41 (2500MHz),-85.0,-8.2,5.4,38.6,18.7,33.4
2026-07-15 21:00:00,TKYO-009-1,TKYO-009,Band 1 (2100MHz),-82.7,-9.7,4.9,39.0,14.5,52.9
2026-07-15 21:00:00,TKYO-009-2,TKYO-009,Band 1 (2100MHz),-88.0,-9.8,10.4,26.2,0.0,27.2
2026-07-15 21:00:00,TKYO-009-3,TKYO-009,Band 1 (2100MHz),-87.4,-9.8,2.2,20.1,23.5,25.1
2026-07-15 21:00:00,TKYO-010-1,TKYO-010,Band 41 (2500MHz),-82.1,-6.7,8.9,12.1,0.0,26.1
2026-07-15 21:00:00,TKYO-010-2,TKYO-010,Band 41 (2500MHz),-85.8,-10.4,8.9,13.7,8.1,42.8
2026-07-15 21:00:00,TKYO-010-3,TKYO-010,Band 41 (2500MHz),-86.0,-10.1,5.7,24.5,7.8,63.0
2026-07-15 21:00:00,TKYO-011-1,TKYO-011,Band 1 (2100MHz),-86.1,-9.4,15.9,39.8,1.3,12.4
2026-07-15 21:00:00,TKYO-011-2,TKYO-011,Band 1 (2100MHz),-84.5,-9.8,7.0,28.5,7.1,59.9
2026-07-15 21:00:00,TKYO-011-3,TKYO-011,Band 1 (2100MHz),-88.1,-10.0,2.1,23.4,2.6,47.1
2026-07-15 21:00:00,TKYO-012-1,TKYO-012,Band 41 (2500MHz),-84.3,-5.6,7.4,12.4,24.7,46.9
2026-07-15 21:00:00,TKYO-012-2,TKYO-012,Band 41 (2500MHz),-87.4,-10.3,11.2,39.9,2.5,29.4
2026-07-15 21:00:00,TKYO-012-3,TKYO-012,Band 41 (2500MHz),-84.8,-6.8,13.1,39.3,0.0,12.1
2026-07-15 21:00:00,TKYO-013-1,TKYO-013,Band 1 (2100MHz),-83.0,-8.0,7.8,13.7,2.1,35.9
2026-07-15 21:00:00,TKYO-013-2,TKYO-013,Band 1 (2100MHz),-93.9,-14.8,4.8,10.3,29.4,16.5
2026-07-15 21:00:00,TKYO-013-3,TKYO-013,Band 1 (2100MHz),-80.1,-8.2,0.2,37.4,21.3,50.8
2026-07-15 21:00:00,TKYO-014-1,TKYO-014,Band 41 (2500MHz),-86.6,-7.4,4.2,26.3,15.8,117.0
2026-07-15 21:00:00,TKYO-014-2,TKYO-014,Band 41 (2500MHz),-94.2,-11.8,-7.7,18.7,2.3,39.6
2026-07-15 21:00:00,TKYO-014-3,TKYO-014,Band 41 (2500MHz),-90.2,-6.7,4.2,6.9,0.0,21.0
2026-07-15 21:00:00,TKYO-015-1,TKYO-015,Band 1 (2100MHz),-93.1,-7.6,2.0,22.6,18.8,37.4
2026-07-15 21:00:00,TKYO-015-2,TKYO-015,Band 1 (2100MHz),-80.6,-4.7,3.4,42.6,15.9,29.3
2026-07-15 21:00:00,TKYO-015-3,TKYO-015,Band 1 (2100MHz),-80.2,-9.6,7.9,0.0,24.2,28.4
2026-07-15 21:00:00,TKYO-016-1,TKYO-016,Band 41 (2500MHz),-81.2,-6.3,5.5,35.8,4.8,72.8
2026-07-15 21:00:00,TKYO-016-2,TKYO-016,Band 41 (2500MHz),-82.5,-8.4,1.3,28.4,5.5,25.4
2026-07-15 21:00:00,TKYO-016-3,TKYO-016,Band 41 (2500MHz),-85.9,-10.7,-4.4,24.7,22.2,18.0
2026-07-15 22:00:00,TKYO-001-1,TKYO-001,Band 1 (2100MHz),-87.2,-4.1,6.7,29.2,8.2,24.7
2026-07-15 22:00:00,TKYO-001-2,TKYO-001,Band 1 (2100MHz),-91.2,-11.7,8.7,12.5,18.7,30.6
2026-07-15 22:00:00,TKYO-001-3,TKYO-001,Band 1 (2100MHz),-79.9,-9.0,9.0,11.0,4.8,40.0
2026-07-15 22:00:00,TKYO-002-1,TKYO-002,Band 41 (2500MHz),-81.8,-3.8,16.1,0.0,17.5,0.0
2026-07-15 22:00:00,TKYO-002-2,TKYO-002,Band 41 (2500MHz),-83.2,-9.8,6.8,0.0,2.1,26.9
2026-07-15 22:00:00,TKYO-002-3,TKYO-002,Band 41 (2500MHz),-79.0,-9.0,2.2,8.6,7.0,16.5
2026-07-15 22:00:00,TKYO-003-1,TKYO-003,Band 1 (2100MHz),-74.3,-4.5,4.9,10.0,6.2,10.5
2026-07-15 22:00:00,TKYO-003-2,TKYO-003,Band 1 (2100MHz),-99.5,-9.8,-0.3,14.3,0.0,10.3
2026-07-15 22:00:00,TKYO-003-3,TKYO-003,Band 1 (2100MHz),-87.2,-7.4,-1.7,18.5,15.9,0.0
2026-07-15 22:00:00,TKYO-004-1,TKYO-004,Band 41 (2500MHz),-83.2,-12.8,5.0,0.8,11.5,0.0
2026-07-15 22:00:00,TKYO-004-2,TKYO-004,Band 41 (2500MHz),-93.6,-8.3,11.1,17.9,0.0,2.2
2026-07-15 22:00:00,TKYO-004-3,TKYO-004,Band 41 (2500MHz),-85.8,-5.5,-2.5,3.6,6.4,52.4
2026-07-15 22:00:00,TKYO-005-1,TKYO-005,Band 1 (2100MHz),-88.0,-5.9,8.9,6.7,10.6,23.8
2026-07-15 22:00:00,TKYO-005-2,TKYO-005,Band 1 (2100MHz),-88.6,-9.7,11.8,12.2,5.8,9.0
2026-07-15 22:00:00,TKYO-005-3,TKYO-005,Band 1 (2100MHz),-101.8,-11.6,0.8,1.8,4.4,53.9
2026-07-15 22:00:00,TKYO-006-1,TKYO-006,Band 41 (2500MHz),-85.0,-8.3,6.3,18.8,4.6,35.8
2026-07-15 22:00:00,TKYO-006-2,TKYO-006,Band 41 (2500MHz),-90.2,-6.1,3.4,23.2,12.2,39.6
2026-07-15 22:00:00,TKYO-006-3,TKYO-006,Band 41 (2500MHz),-80.4,-7.6,9.7,19.8,0.0,30.5
2026-07-15 22:00:00,TKYO-007-1,TKYO-007,Band 1 (2100MHz),-78.2,-8.5,11.2,20.2,0.0,15.0
2026-07-15 22:00:00,TKYO-007-2,TKYO-007,Band 1 (2100MHz),-85.2,-10.8,11.3,17.7,8.9,40.8
2026-07-15 22:00:00,TKYO-007-3,TKYO-007,Band 1 (2100MHz),-95.3,-12.4,-2.5,17.2,4.2,2.4
2026-07-15 22:00:00,TKYO-008-1,TKYO-008,Band 41 (2500MHz),-85.3,-9.4,5.3,4.7,28.7,29.3
2026-07-15 22:00:00,TKYO-008-2,TKYO-008,Band 41 (2500MHz),-87.6,-7.8,-0.4,19.0,18.8,29.1
2026-07-15 22:00:00,TKYO-008-3,TKYO-008,Band 41 (2500MHz),-90.2,-10.5,7.5,23.3,13.3,18.0
2026-07-15 22:00:00,TKYO-009-1,TKYO-009,Band 1 (2100MHz),-78.2,-4.9,9.7,13.7,24.9,0.3
2026-07-15 22:00:00,TKYO-009-2,TKYO-009,Band 1 (2100MHz),-85.6,-7.4,11.6,12.0,0.0,30.6
2026-07-15 22:00:00,TKYO-009-3,TKYO-009,Band 1 (2100MHz),-86.0,-3.7,9.9,14.0,15.3,16.1
2026-07-15 22:00:00,TKYO-010-1,TKYO-010,Band 41 (2500MHz),-80.8,-5.0,10.4,5.3,7.6,15.6
2026-07-15 22:00:00,TKYO-010-2,TKYO-010,Band 41 (2500MHz),-86.1,-5.6,5.1,29.7,0.0,54.6
2026-07-15 22:00:00,TKYO-010-3,TKYO-010,Band 41 (2500MHz),-83.9,-4.1,10.3,20.5,2.0,5.0
2026-07-15 22:00:00,TKYO-011-1,TKYO-011,Band 1 (2100MHz),-91.4,-8.0,15.5,10.2,11.1,18.1
2026-07-15 22:00:00,TKYO-011-2,TKYO-011,Band 1 (2100MHz),-81.6,-7.6,13.7,5.9,13.0,35.4
2026-07-15 22:00:00,TKYO-011-3,TKYO-011,Band 1 (2100MHz),-79.8,-9.4,8.7,28.8,9.6,18.8
2026-07-15 22:00:00,TKYO-012-1,TKYO-012,Band 41 (2500MHz),-81.2,-9.0,4.6,1.4,11.5,23.6
2026-07-15 22:00:00,TKYO-012-2,TKYO-012,Band 41 (2500MHz),-88.7,-5.6,7.7,27.5,12.8,11.1
2026-07-15 22:00:00,TKYO-012-3,TKYO-012,Band 41 (2500MHz),-84.4,-5.7,8.1,23.1,27.0,61.6
2026-07-15 22:00:00,TKYO-013-1,TKYO-013,Band 1 (2100MHz),-84.1,-7.7,5.9,43.9,5.6,38.8
2026-07-15 22:00:00,TKYO-013-2,TKYO-013,Band 1 (2100MHz),-101.1,-12.2,6.6,0.0,12.9,2.6
2026-07-15 22:00:00,TKYO-013-3,TKYO-013,Band 1 (2100MHz),-84.5,-4.7,3.3,20.2,8.9,60.7
2026-07-15 22:00:00,TKYO-014-1,TKYO-014,Band 41 (2500MHz),-83.9,-8.0,-4.0,11.4,19.8,6.5
2026-07-15 22:00:00,TKYO-014-2,TKYO-014,Band 41 (2500MHz),-99.3,-10.6,2.6,42.9,5.7,21.8
2026-07-15 22:00:00,TKYO-014-3,TKYO-014,Band 41 (2500MHz),-76.5,-9.1,6.5,14.3,0.0,17.8
2026-07-15 22:00:00,TKYO-015-1,TKYO-015,Band 1 (2100MHz),-83.6,-8.6,17.3,0.0,14.8,28.1
2026-07-15 22:00:00,TKYO-015-2,TKYO-015,Band 1 (2100MHz),-88.0,-8.2,3.2,44.6,12.9,32.2
2026-07-15 22:00:00,TKYO-015-3,TKYO-015,Band 1 (2100MHz),-82.8,-7.6,3.6,19.2,0.0,18.6
2026-07-15 22:00:00,TKYO-016-1,TKYO-016,Band 41 (2500MHz),-87.6,-9.0,-1.6,4.2,32.8,61.9
2026-07-15 22:00:00,TKYO-016-2,TKYO-016,Band 41 (2500MHz),-82.7,-7.8,8.3,15.4,0.0,24.6
2026-07-15 22:00:00,TKYO-016-3,TKYO-016,Band 41 (2500MHz),-83.6,-7.2,5.3,21.9,26.0,46.7
2026-07-15 23:00:00,TKYO-001-1,TKYO-001,Band 1 (2100MHz),-80.7,-6.5,9.5,24.9,15.4,0.0
2026-07-15 23:00:00,TKYO-001-2,TKYO-001,Band 1 (2100MHz),-80.5,-7.0,7.4,18.0,13.9,13.9
2026-07-15 23:00:00,TKYO-001-3,TKYO-001,Band 1 (2100MHz),-88.4,-5.6,15.7,12.9,4.3,36.9
2026-07-15 23:00:00,TKYO-002-1,TKYO-002,Band 41 (2500MHz),-85.6,-7.3,-0.4,4.1,9.6,0.0
2026-07-15 23:00:00,TKYO-002-2,TKYO-002,Band 41 (2500MHz),-85.1,-6.3,2.3,4.9,6.9,3.3
2026-07-15 23:00:00,TKYO-002-3,TKYO-002,Band 41 (2500MHz),-84.4,-12.8,7.6,14.2,0.0,35.9
2026-07-15 23:00:00,TKYO-003-1,TKYO-003,Band 1 (2100MHz),-81.8,-6.3,4.8,2.3,9.6,0.0
2026-07-15 23:00:00,TKYO-003-2,TKYO-003,Band 1 (2100MHz),-96.4,-10.3,3.5,4.4,3.3,0.0
2026-07-15 23:00:00,TKYO-003-3,TKYO-003,Band 1 (2100MHz),-86.5,-10.0,-0.8,1.6,16.0,0.0
2026-07-15 23:00:00,TKYO-004-1,TKYO-004,Band 41 (2500MHz),-77.7,-7.0,-0.7,10.3,12.7,17.8
2026-07-15 23:00:00,TKYO-004-2,TKYO-004,Band 41 (2500MHz),-89.0,-9.1,7.9,27.5,2.4,23.5
2026-07-15 23:00:00,TKYO-004-3,TKYO-004,Band 41 (2500MHz),-81.3,-9.1,3.3,3.2,22.4,41.6
2026-07-15 23:00:00,TKYO-005-1,TKYO-005,Band 1 (2100MHz),-91.6,-9.0,13.8,2.9,1.1,5.6
2026-07-15 23:00:00,TKYO-005-2,TKYO-005,Band 1 (2100MHz),-80.3,-6.9,9.1,4.6,0.0,6.9
2026-07-15 23:00:00,TKYO-005-3,TKYO-005,Band 1 (2100MHz),-101.9,-11.7,-3.6,0.0,14.0,16.5
2026-07-15 23:00:00,TKYO-006-1,TKYO-006,Band 41 (2500MHz),-81.4,-7.5,-7.8,0.0,20.1,8.8
2026-07-15 23:00:00,TKYO-006-2,TKYO-006,Band 41 (2500MHz),-79.9,-6.9,2.5,0.0,7.9,47.9
2026-07-15 23:00:00,TKYO-006-3,TKYO-006,Band 41 (2500MHz),-82.9,-7.5,0.7,17.3,11.1,0.0
2026-07-15 23:00:00,TKYO-007-1,TKYO-007,Band 1 (2100MHz),-88.6,-9.1,9.7,20.2,27.8,26.8
2026-07-15 23:00:00,TKYO-007-2,TKYO-007,Band 1 (2100MHz),-87.8,-10.8,8.0,24.6,13.5,33.8
2026-07-15 23:00:00,TKYO-007-3,TKYO-007,Band 1 (2100MHz),-89.0,-12.0,-2.2,8.0,5.9,33.3
2026-07-15 23:00:00,TKYO-008-1,TKYO-008,Band 41 (2500MHz),-78.5,-6.5,7.5,25.2,8.5,43.9
2026-07-15 23:00:00,TKYO-008-2,TKYO-008,Band 41 (2500MHz),-79.9,-7.3,3.2,13.9,9.5,34.7
2026-07-15 23:00:00,TKYO-008-3,TKYO-008,Band 41 (2500MHz),-86.2,-9.8,0.5,3.9,0.0,33.0
2026-07-15 23:00:00,TKYO-009-1,TKYO-009,Band 1 (2100MHz),-89.4,-6.0,-1.6,17.1,12.0,23.2
2026-07-15 23:00:00,TKYO-009-2,TKYO-009,Band 1 (2100MHz),-87.6,-7.7,15.3,28.2,9.5,13.6
2026-07-15 23:00:00,TKYO-009-3,TKYO-009,Band 1 (2100MHz),-92.3,-9.5,10.8,53.1,1.3,35.4
2026-07-15 23:00:00,TKYO-010-1,TKYO-010,Band 41 (2500MHz),-86.4,-10.3,4.2,21.8,8.5,0.0
2026-07-15 23:00:00,TKYO-010-2,TKYO-010,Band 41 (2500MHz),-86.4,-6.9,0.4,0.0,23.5,0.0
2026-07-15 23:00:00,TKYO-010-3,TKYO-010,Band 41 (2500MHz),-88.1,-8.3,5.5,26.0,0.0,11.8
2026-07-15 23:00:00,TKYO-011-1,TKYO-011,Band 1 (2100MHz),-86.8,-7.1,4.4,8.4,0.0,31.9
2026-07-15 23:00:00,TKYO-011-2,TKYO-011,Band 1 (2100MHz),-87.9,-8.9,7.5,0.0,0.0,21.7
2026-07-15 23:00:00,TKYO-011-3,TKYO-011,Band 1 (2100MHz),-90.7,-9.1,9.1,14.0,15.7,17.9
2026-07-15 23:00:00,TKYO-012-1,TKYO-012,Band 41 (2500MHz),-91.4,-11.9,5.0,5.4,4.8,19.7
2026-07-15 23:00:00,TKYO-012-2,TKYO-012,Band 41 (2500MHz),-86.0,-7.8,1.1,5.4,0.0,28.7
2026-07-15 23:00:00,TKYO-012-3,TKYO-012,Band 41 (2500MHz),-83.9,-7.4,2.8,17.3,19.6,0.0
2026-07-15 23:00:00,TKYO-013-1,TKYO-013,Band 1 (2100MHz),-80.5,-5.5,16.3,16.9,9.8,1.4
2026-07-15 23:00:00,TKYO-013-2,TKYO-013,Band 1 (2100MHz),-92.6,-10.4,3.9,47.3,2.0,59.3
2026-07-15 23:00:00,TKYO-013-3,TKYO-013,Band 1 (2100MHz),-82.9,-5.5,7.6,9.5,2.6,47.3
2026-07-15 23:00:00,TKYO-014-1,TKYO-014,Band 41 (2500MHz),-88.8,-7.8,4.1,0.0,1.3,26.6
2026-07-15 23:00:00,TKYO-014-2,TKYO-014,Band 41 (2500MHz),-94.8,-10.8,2.5,34.1,4.6,17.7
2026-07-15 23:00:00,TKYO-014-3,TKYO-014,Band 41 (2500MHz),-72.8,-9.4,1.9,4.6,7.3,10.8
2026-07-15 23:00:00,TKYO-015-1,TKYO-015,Band 1 (2100MHz),-84.8,-6.4,12.1,2.7,14.3,14.8
2026-07-15 23:00:00,TKYO-015-2,TKYO-015,Band 1 (2100MHz),-73.6,-5.4,5.4,1.6,10.6,23.2
2026-07-15 23:00:00,TKYO-015-3,TKYO-015,Band 1 (2100MHz),-86.1,-7.8,-3.6,17.4,0.0,58.0
2026-07-15 23:00:00,TKYO-016-1,TKYO-016,Band 41 (2500MHz),-86.3,-8.8,2.7,17.5,20.0,23.0
2026-07-15 23:00:00,TKYO-016-2,TKYO-016,Band 41 (2500MHz),-89.0,-12.5,0.8,14.8,12.3,39.8
2026-07-15 23:00:00,TKYO-016-3,TKYO-016,Band 41 (2500MHz),-88.0,-3.4,17.7,27.3,16.3,0.0
2026-07-16 00:00:00,TKYO-001-1,TKYO-001,Band 1 (2100MHz),-84.5,-9.3,0.6,14.1,0.0,15.4
2026-07-16 00:00:00,TKYO-001-2,TKYO-001,Band 1 (2100MHz),-77.9,-7.2,13.3,7.4,0.0,0.0
2026-07-16 00:00:00,TKYO-001-3,TKYO-001,Band 1 (2100MHz),-84.0,-5.6,12.6,34.8,4.8,12.9
2026-07-16 00:00:00,TKYO-002-1,TKYO-002,Band 41 (2500MHz),-81.5,-8.0,5.2,15.7,26.1,22.7
2026-07-16 00:00:00,TKYO-002-2,TKYO-002,Band 41 (2500MHz),-86.7,-10.8,0.5,10.2,15.8,0.0
2026-07-16 00:00:00,TKYO-002-3,TKYO-002,Band 41 (2500MHz),-80.8,-9.0,14.0,9.0,6.6,56.9
2026-07-16 00:00:00,TKYO-003-1,TKYO-003,Band 1 (2100MHz),-76.8,-11.1,0.6,0.0,20.5,17.5
2026-07-16 00:00:00,TKYO-003-2,TKYO-003,Band 1 (2100MHz),-101.5,-10.0,6.0,7.3,11.2,17.5
2026-07-16 00:00:00,TKYO-003-3,TKYO-003,Band 1 (2100MHz),-73.3,-6.7,3.2,0.0,7.9,26.6
2026-07-16 00:00:00,TKYO-004-1,TKYO-004,Band 41 (2500MHz),-88.1,-7.4,6.9,6.3,16.0,56.0
2026-07-16 00:00:00,TKYO-004-2,TKYO-004,Band 41 (2500MHz),-86.6,-10.4,8.0,0.0,0.0,0.0
2026-07-16 00:00:00,TKYO-004-3,TKYO-004,Band 41 (2500MHz),-83.0,-2.4,10.1,13.9,0.0,21.4
2026-07-16 00:00:00,TKYO-005-1,TKYO-005,Band 1 (2100MHz),-92.8,-7.0,12.3,4.7,10.6,5.3
2026-07-16 00:00:00,TKYO-005-2,TKYO-005,Band 1 (2100MHz),-79.5,-7.3,2.2,1.9,0.0,0.0
2026-07-16 00:00:00,TKYO-005-3,TKYO-005,Band 1 (2100MHz),-106.4,-11.9,-3.7,16.4,2.6,7.5
2026-07-16 00:00:00,TKYO-006-1,TKYO-006,Band 41 (2500MHz),-87.8,-4.5,-4.7,18.4,0.0,6.5
2026-07-16 00:00:00,TKYO-006-2,TKYO-006,Band 41 (2500MHz),-80.9,-7.7,6.5,0.0,23.1,28.1
2026-07-16 00:00:00,TKYO-006-3,TKYO-006,Band 41 (2500MHz),-85.9,-6.6,8.9,27.1,1.7,4.3
2026-07-16 00:00:00,TKYO-007-1,TKYO-007,Band 1 (2100MHz),-83.5,-12.4,7.9,0.0,3.5,16.7
2026-07-16 00:00:00,TKYO-007-2,TKYO-007,Band 1 (2100MHz),-86.2,-10.6,11.4,13.3,12.4,40.0
2026-07-16 00:00:00,TKYO-007-3,TKYO-007,Band 1 (2100MHz),-100.7,-11.0,-2.9,15.0,28.9,23.5
2026-07-16 00:00:00,TKYO-008-1,TKYO-008,Band 41 (2500MHz),-89.6,-7.7,-0.2,0.0,16.8,19.8
2026-07-16 00:00:00,TKYO-008-2,TKYO-008,Band 41 (2500MHz),-86.5,-6.9,1.6,27.4,0.0,54.9
2026-07-16 00:00:00,TKYO-008-3,TKYO-008,Band 41 (2500MHz),-94.0,-12.5,5.7,3.6,27.0,0.0
2026-07-16 00:00:00,TKYO-009-1,TKYO-009,Band 1 (2100MHz),-77.0,-12.3,3.2,13.3,14.4,0.0
2026-07-16 00:00:00,TKYO-009-2,TKYO-009,Band 1 (2100MHz),-86.0,-9.1,6.7,20.3,10.1,26.8
2026-07-16 00:00:00,TKYO-009-3,TKYO-009,Band 1 (2100MHz),-83.5,-10.1,1.0,12.0,9.7,45.2
2026-07-16 00:00:00,TKYO-010-1,TKYO-010,Band 41 (2500MHz),-84.8,-10.1,4.4,0.0,7.0,52.6
2026-07-16 00:00:00,TKYO-010-2,TKYO-010,Band 41 (2500MHz),-76.0,-8.7,3.3,0.0,2.5,26.1
2026-07-16 00:00:00,TKYO-010-3,TKYO-010,Band 41 (2500MHz),-79.8,-6.3,15.5,20.7,17.4,0.0
2026-07-16 00:00:00,TKYO-011-1,TKYO-011,Band 1 (2100MHz),-81.2,-10.9,2.0,20.9,11.2,16.3
2026-07-16 00:00:00,TKYO-011-2,TKYO-011,Band 1 (2100MHz),-83.8,-8.3,7.9,0.0,9.2,2.6
2026-07-16 00:00:00,TKYO-011-3,TKYO-011,Band 1 (2100MHz),-86.6,-14.0,8.1,30.1,13.5,0.0
2026-07-16 00:00:00,TKYO-012-1,TKYO-012,Band 41 (2500MHz),-86.5,-8.7,4.1,14.3,18.6,32.2
2026-07-16 00:00:00,TKYO-012-2,TKYO-012,Band 41 (2500MHz),-86.7,-6.8,5.3,11.4,11.7,0.0
2026-07-16 00:00:00,TKYO-012-3,TKYO-012,Band 41 (2500MHz),-85.6,-5.8,8.5,25.2,2.2,24.1
2026-07-16 00:00:00,TKYO-013-1,TKYO-013,Band 1 (2100MHz),-89.9,-11.0,8.2,9.7,0.0,20.0
2026-07-16 00:00:00,TKYO-013-2,TKYO-013,Band 1 (2100MHz),-90.8,-10.0,8.5,4.9,0.9,33.1
2026-07-16 00:00:00,TKYO-013-3,TKYO-013,Band 1 (2100MHz),-80.0,-6.8,14.0,3.0,11.1,28.6
2026-07-16 00:00:00,TKYO-014-1,TKYO-014,Band 41 (2500MHz),-84.4,-4.3,-4.9,14.0,3.3,4.3
2026-07-16 00:00:00,TKYO-014-2,TKYO-014,Band 41 (2500MHz),-98.0,-10.1,-10.0,26.8,4.4,20.3
2026-07-16 00:00:00,TKYO-014-3,TKYO-014,Band 41 (2500MHz),-83.4,-7.7,12.0,13.1,4.2,30.1
2026-07-16 00:00:00,TKYO-015-1,TKYO-015,Band 1 (2100MHz),-83.2,-8.4,11.3,5.0,0.0,0.0
2026-07-16 00:00:00,TKYO-015-2,TKYO-015,Band 1 (2100MHz),-86.8,-9.5,5.2,14.1,0.0,33.2
2026-07-16 00:00:00,TKYO-015-3,TKYO-015,Band 1 (2100MHz),-83.3,-4.7,0.7,9.2,12.1,4.2
2026-07-16 00:00:00,TKYO-016-1,TKYO-016,Band 41 (2500MHz),-84.6,-6.1,5.7,24.7,0.0,0.0
2026-07-16 00:00:00,TKYO-016-2,TKYO-016,Band 41 (2500MHz),-89.8,-7.7,4.0,11.9,14.5,37.6
2026-07-16 00:00:00,TKYO-016-3,TKYO-016,Band 41 (2500MHz),-85.7,-11.3,3.3,0.0,2.6,22.7
2026-07-16 01:00:00,TKYO-001-1,TKYO-001,Band 1 (2100MHz),-78.1,-9.1,12.9,41.4,10.5,0.0
2026-07-16 01:00:00,TKYO-001-2,TKYO-001,Band 1 (2100MHz),-85.1,-5.6,1.0,24.8,4.4,56.2
2026-07-16 01:00:00,TKYO-001-3,TKYO-001,Band 1 (2100MHz),-87.4,-4.9,14.0,8.9,0.1,0.0
2026-07-16 01:00:00,TKYO-002-1,TKYO-002,Band 41 (2500MHz),-86.0,-8.1,12.1,0.0,0.0,40.9
2026-07-16 01:00:00,TKYO-002-2,TKYO-002,Band 41 (2500MHz),-86.1,-8.6,-1.6,15.5,3.9,25.2
2026-07-16 01:00:00,TKYO-002-3,TKYO-002,Band 41 (2500MHz),-80.5,-6.8,-2.1,1.0,19.8,41.0
2026-07-16 01:00:00,TKYO-003-1,TKYO-003,Band 1 (2100MHz),-78.9,-6.9,17.2,13.9,0.0,52.4
2026-07-16 01:00:00,TKYO-003-2,TKYO-003,Band 1 (2100MHz),-98.3,-12.3,8.9,14.4,0.0,51.5
2026-07-16 01:00:00,TKYO-003-3,TKYO-003,Band 1 (2100MHz),-84.2,-6.1,12.8,24.0,10.9,43.1
2026-07-16 01:00:00,TKYO-004-1,TKYO-004,Band 41 (2500MHz),-83.1,-5.8,6.1,21.3,2.9,0.0
2026-07-16 01:00:00,TKYO-004-2,TKYO-004,Band 41 (2500MHz),-88.6,-10.3,-0.8,17.2,4.6,0.0
2026-07-16 01:00:00,TKYO-004-3,TKYO-004,Band 41 (2500MHz),-83.4,-4.9,3.6,13.8,18.9,0.0
2026-07-16 01:00:00,TKYO-005-1,TKYO-005,Band 1 (2100MHz),-81.5,-8.7,22.9,19.2,3.2,11.1
2026-07-16 01:00:00,TKYO-005-2,TKYO-005,Band 1 (2100MHz),-76.0,-6.5,11.9,7.1,8.5,0.0
2026-07-16 01:00:00,TKYO-005-3,TKYO-005,Band 1 (2100MHz),-99.9,-14.8,-0.7,16.4,25.6,0.0
2026-07-16 01:00:00,TKYO-006-1,TKYO-006,Band 41 (2500MHz),-76.0,-8.7,7.3,4.5,3.6,39.0
2026-07-16 01:00:00,TKYO-006-2,TKYO-006,Band 41 (2500MHz),-91.3,-5.7,3.9,26.6,0.0,0.0
2026-07-16 01:00:00,TKYO-006-3,TKYO-006,Band 41 (2500MHz),-85.3,-9.7,-0.6,24.1,13.7,82.0
2026-07-16 01:00:00,TKYO-007-1,TKYO-007,Band 1 (2100MHz),-81.6,-13.1,0.1,16.3,3.2,59.4
2026-07-16 01:00:00,TKYO-007-2,TKYO-007,Band 1 (2100MHz),-84.5,-8.9,8.6,19.3,0.0,4.5
2026-07-16 01:00:00,TKYO-007-3,TKYO-007,Band 1 (2100MHz),-104.7,-14.6,-6.0,11.3,0.0,0.0
2026-07-16 01:00:00,TKYO-008-1,TKYO-008,Band 41 (2500MHz),-93.2,-7.5,2.7,22.7,0.0,30.0
2026-07-16 01:00:00,TKYO-008-2,TKYO-008,Band 41 (2500MHz),-83.0,-6.3,13.2,12.0,3.7,34.2
2026-07-16 01:00:00,TKYO-008-3,TKYO-008,Band 41 (2500MHz),-79.8,-8.4,11.3,40.7,0.0,33.1
2026-07-16 01:00:00,TKYO-009-1,TKYO-009,Band 1 (2100MHz),-91.9,-10.3,9.5,4.5,3.3,23.3
2026-07-16 01:00:00,TKYO-009-2,TKYO-009,Band 1 (2100MHz),-88.3,-9.0,9.4,5.7,0.0,0.0
2026-07-16 01:00:00,TKYO-009-3,TKYO-009,Band 1 (2100MHz),-78.1,-3.2,11.9,26.6,26.5,16.9
2026-07-16 01:00:00,TKYO-010-1,TKYO-010,Band 41 (2500MHz),-84.5,-9.5,8.0,36.8,1.1,1.5
2026-07-16 01:00:00,TKYO-010-2,TKYO-010,Band 41 (2500MHz),-84.2,-8.5,13.6,11.8,17.8,21.5
2026-07-16 01:00:00,TKYO-010-3,TKYO-010,Band 41 (2500MHz),-91.1,-6.5,-1.8,0.0,11.3,12.4
2026-07-16 01:00:00,TKYO-011-1,TKYO-011,Band 1 (2100MHz),-76.3,-6.9,15.0,9.6,16.6,0.0
2026-07-16 01:00:00,TKYO-011-2,TKYO-011,Band 1 (2100MHz),-86.8,-5.2,5.7,12.1,10.5,35.1
2026-07-16 01:00:00,TKYO-011-3,TKYO-011,Band 1 (2100MHz),-82.5,-7.4,11.2,34.5,2.7,0.0
2026-07-16 01:00:00,TKYO-012-1,TKYO-012,Band 41 (2500MHz),-82.3,-6.5,20.5,21.6,1.2,12.9
2026-07-16 01:00:00,TKYO-012-2,TKYO-012,Band 41 (2500MHz),-91.8,-7.1,15.3,23.2,3.5,0.0
2026-07-16 01:00:00,TKYO-012-3,TKYO-012,Band 41 (2500MHz),-85.1,-6.9,9.3,18.1,15.4,0.0
2026-07-16 01:00:00,TKYO-013-1,TKYO-013,Band 1 (2100MHz),-90.5,-5.4,2.4,10.3,0.0,27.4
2026-07-16 01:00:00,TKYO-013-2,TKYO-013,Band 1 (2100MHz),-96.6,-8.6,8.2,0.0,23.5,26.2
2026-07-16 01:00:00,TKYO-013-3,TKYO-013,Band 1 (2100MHz),-87.0,-9.0,13.9,17.8,6.2,9.0
2026-07-16 01:00:00,TKYO-014-1,TKYO-014,Band 41 (2500MHz),-76.8,-8.1,12.5,19.3,4.5,12.0
2026-07-16 01:00:00,TKYO-014-2,TKYO-014,Band 41 (2500MHz),-95.8,-9.6,-6.6,28.6,19.5,23.6
2026-07-16 01:00:00,TKYO-014-3,TKYO-014,Band 41 (2500MHz),-87.9,-5.9,11.8,23.1,13.5,10.1
2026-07-16 01:00:00,TKYO-015-1,TKYO-015,Band 1 (2100MHz),-92.8,-11.8,11.3,0.0,12.1,0.0
2026-07-16 01:00:00,TKYO-015-2,TKYO-015,Band 1 (2100MHz),-87.2,-8.4,10.2,0.0,0.0,47.5
2026-07-16 01:00:00,TKYO-015-3,TKYO-015,Band 1 (2100MHz),-86.0,-5.9,14.1,17.9,9.3,71.2
2026-07-16 01:00:00,TKYO-016-1,TKYO-016,Band 41 (2500MHz),-84.4,-10.5,-0.5,14.0,0.0,44.5
2026-07-16 01:00:00,TKYO-016-2,TKYO-016,Band 41 (2500MHz),-90.6,-9.0,12.5,0.0,2.8,28.3
2026-07-16 01:00:00,TKYO-016-3,TKYO-016,Band 41 (2500MHz),-86.7,-4.4,-1.1,18.8,12.7,12.9
2026-07-16 02:00:00,TKYO-001-1,TKYO-001,Band 1 (2100MHz),-93.5,-8.8,5.1,0.0,10.7,37.0
2026-07-16 02:00:00,TKYO-001-2,TKYO-001,Band 1 (2100MHz),-76.7,-9.0,5.8,16.1,3.9,0.0
2026-07-16 02:00:00,TKYO-001-3,TKYO-001,Band 1 (2100MHz),-83.0,-10.4,4.5,11.7,2.3,28.3
2026-07-16 02:00:00,TKYO-002-1,TKYO-002,Band 41 (2500MHz),-89.7,-4.0,-0.2,16.2,6.0,39.4
2026-07-16 02:00:00,TKYO-002-2,TKYO-002,Band 41 (2500MHz),-85.4,-7.8,6.3,18.2,0.0,17.0
2026-07-16 02:00:00,TKYO-002-3,TKYO-002,Band 41 (2500MHz),-79.2,-9.0,2.5,6.5,8.4,7.0
2026-07-16 02:00:00,TKYO-003-1,TKYO-003,Band 1 (2100MHz),-76.4,-8.4,11.1,0.0,17.5,0.0
2026-07-16 02:00:00,TKYO-003-2,TKYO-003,Band 1 (2100MHz),-90.0,-10.4,-0.7,1.3,0.0,17.8
2026-07-16 02:00:00,TKYO-003-3,TKYO-003,Band 1 (2100MHz),-83.6,-7.8,12.2,21.6,6.5,0.0
2026-07-16 02:00:00,TKYO-004-1,TKYO-004,Band 41 (2500MHz),-82.5,-12.2,1.9,28.3,4.0,46.0
2026-07-16 02:00:00,TKYO-004-2,TKYO-004,Band 41 (2500MHz),-75.4,-8.2,4.2,9.6,5.2,11.6
2026-07-16 02:00:00,TKYO-004-3,TKYO-004,Band 41 (2500MHz),-88.7,-9.1,8.1,16.4,7.2,33.3
2026-07-16 02:00:00,TKYO-005-1,TKYO-005,Band 1 (2100MHz),-82.9,-10.5,8.0,2.0,0.0,21.4
2026-07-16 02:00:00,TKYO-005-2,TKYO-005,Band 1 (2100MHz),-80.1,-7.9,7.3,11.1,4.1,0.0
2026-07-16 02:00:00,TKYO-005-3,TKYO-005,Band 1 (2100MHz),-94.0,-13.3,-4.5,21.4,10.9,0.0
2026-07-16 02:00:00,TKYO-006-1,TKYO-006,Band 41 (2500MHz),-83.8,-8.3,9.5,8.2,3.9,50.8
2026-07-16 02:00:00,TKYO-006-2,TKYO-006,Band 41 (2500MHz),-76.1,-10.4,-2.1,32.2,16.1,0.0
2026-07-16 02:00:00,TKYO-006-3,TKYO-006,Band 41 (2500MHz),-79.2,-10.8,6.9,0.0,0.0,18.6
2026-07-16 02:00:00,TKYO-007-1,TKYO-007,Band 1 (2100MHz),-83.3,-7.3,3.8,21.3,14.3,14.9
2026-07-16 02:00:00,TKYO-007-2,TKYO-007,Band 1 (2100MHz),-81.2,-7.5,8.1,30.9,0.0,0.0
2026-07-16 02:00:00,TKYO-007-3,TKYO-007,Band 1 (2100MHz),-91.9,-15.5,5.9,6.5,15.9,41.4
2026-07-16 02:00:00,TKYO-008-1,TKYO-008,Band 41 (2500MHz),-90.3,-8.3,3.1,10.9,9.0,0.8
2026-07-16 02:00:00,TKYO-008-2,TKYO-008,Band 41 (2500MHz),-85.1,-8.2,9.9,11.5,15.0,43.0
2026-07-16 02:00:00,TKYO-008-3,TKYO-008,Band 41 (2500MHz),-83.0,-5.3,10.3,15.0,6.5,0.0
2026-07-16 02:00:00,TKYO-009-1,TKYO-009,Band 1 (2100MHz),-83.3,-10.8,16.1,5.8,5.6,47.8
2026-07-16 02:00:00,TKYO-009-2,TKYO-009,Band 1 (2100MHz),-84.8,-7.7,15.5,1.2,0.0,6.8
2026-07-16 02:00:00,TKYO-009-3,TKYO-009,Band 1 (2100MHz),-83.4,-7.0,1.3,18.0,9.2,11.0
2026-07-16 02:00:00,TKYO-010-1,TKYO-010,Band 41 (2500MHz),-89.2,-5.9,8.6,10.8,0.0,71.3
2026-07-16 02:00:00,TKYO-010-2,TKYO-010,Band 41 (2500MHz),-87.6,-6.8,7.7,10.1,18.2,65.7
2026-07-16 02:00:00,TKYO-010-3,TKYO-010,Band 41 (2500MHz),-89.8,-8.2,7.6,0.0,10.1,21.5
2026-07-16 02:00:00,TKYO-011-1,TKYO-011,Band 1 (2100MHz),-80.1,-8.4,-0.5,2.9,8.9,18.2
2026-07-16 02:00:00,TKYO-011-2,TKYO-011,Band 1 (2100MHz),-83.0,-10.1,10.2,21.0,5.9,35.2
2026-07-16 02:00:00,TKYO-011-3,TKYO-011,Band 1 (2100MHz),-85.1,-8.3,9.1,17.3,4.3,0.0
2026-07-16 02:00:00,TKYO-012-1,TKYO-012,Band 41 (2500MHz),-84.4,-6.0,10.6,21.5,11.7,9.6
2026-07-16 02:00:00,TKYO-012-2,TKYO-012,Band 41 (2500MHz),-80.8,-9.5,0.6,4.4,14.5,33.2
2026-07-16 02:00:00,TKYO-012-3,TKYO-012,Band 41 (2500MHz),-82.0,-11.6,-1.1,25.6,18.5,0.0
2026-07-16 02:00:00,TKYO-013-1,TKYO-013,Band 1 (2100MHz),-79.4,-5.7,12.2,20.4,13.6,44.0
2026-07-16 02:00:00,TKYO-013-2,TKYO-013,Band 1 (2100MHz),-97.7,-15.4,1.2,8.0,3.4,1.2
2026-07-16 02:00:00,TKYO-013-3,TKYO-013,Band 1 (2100MHz),-84.1,-11.6,6.6,19.8,24.1,5.4
2026-07-16 02:00:00,TKYO-014-1,TKYO-014,Band 41 (2500MHz),-84.3,-9.7,7.0,15.5,2.6,28.1
2026-07-16 02:00:00,TKYO-014-2,TKYO-014,Band 41 (2500MHz),-97.6,-10.4,-1.2,11.1,12.4,0.0
2026-07-16 02:00:00,TKYO-014-3,TKYO-014,Band 41 (2500MHz),-84.5,-8.0,6.6,32.4,5.0,2.1
2026-07-16 02:00:00,TKYO-015-1,TKYO-015,Band 1 (2100MHz),-81.2,-7.2,10.6,0.0,8.4,0.0
2026-07-16 02:00:00,TKYO-015-2,TKYO-015,Band 1 (2100MHz),-77.6,-5.7,11.1,2.0,9.2,36.6
2026-07-16 02:00:00,TKYO-015-3,TKYO-015,Band 1 (2100MHz),-81.6,-9.4,6.8,27.2,0.9,0.0
2026-07-16 02:00:00,TKYO-016-1,TKYO-016,Band 41 (2500MHz),-84.4,-8.6,7.5,6.5,32.2,0.0
2026-07-16 02:00:00,TKYO-016-2,TKYO-016,Band 41 (2500MHz),-85.7,-9.0,14.3,4.1,15.1,52.3
2026-07-16 02:00:00,TKYO-016-3,TKYO-016,Band 41 (2500MHz),-90.0,-9.7,5.2,0.0,11.1,24.4
2026-07-16 03:00:00,TKYO-001-1,TKYO-001,Band 1 (2100MHz),-89.6,-7.4,11.4,0.0,3.1,20.4
2026-07-16 03:00:00,TKYO-001-2,TKYO-001,Band 1 (2100MHz),-78.8,-10.2,17.0,9.1,27.1,45.5
2026-07-16 03:00:00,TKYO-001-3,TKYO-001,Band 1 (2100MHz),-85.8,-10.0,5.5,18.5,0.0,0.0
2026-07-16 03:00:00,TKYO-002-1,TKYO-002,Band 41 (2500MHz),-87.6,-7.2,10.2,23.6,16.0,7.4
2026-07-16 03:00:00,TKYO-002-2,TKYO-002,Band 41 (2500MHz),-88.4,-8.2,0.2,0.0,13.1,65.9
2026-07-16 03:00:00,TKYO-002-3,TKYO-002,Band 41 (2500MHz),-83.6,-10.9,5.6,23.3,6.7,13.5
2026-07-16 03:00:00,TKYO-003-1,TKYO-003,Band 1 (2100MHz),-80.3,-8.8,8.4,0.0,1.3,30.7
2026-07-16 03:00:00,TKYO-003-2,TKYO-003,Band 1 (2100MHz),-98.2,-10.9,4.5,25.2,0.0,8.1
2026-07-16 03:00:00,TKYO-003-3,TKYO-003,Band 1 (2100MHz),-87.7,-8.2,12.8,0.0,23.4,47.1
2026-07-16 03:00:00,TKYO-004-1,TKYO-004,Band 41 (2500MHz),-93.7,-6.9,-1.2,22.1,5.6,9.2
2026-07-16 03:00:00,TKYO-004-2,TKYO-004,Band 41 (2500MHz),-82.0,-5.8,-2.0,7.5,3.6,0.0
2026-07-16 03:00:00,TKYO-004-3,TKYO-004,Band 41 (2500MHz),-74.8,-7.0,6.8,0.0,16.8,0.0
2026-07-16 03:00:00,TKYO-005-1,TKYO-005,Band 1 (2100MHz),-76.8,-7.7,4.0,2.1,9.1,55.8
2026-07-16 03:00:00,TKYO-005-2,TKYO-005,Band 1 (2100MHz),-89.7,-6.2,7.7,20.0,0.0,56.3
2026-07-16 03:00:00,TKYO-005-3,TKYO-005,Band 1 (2100MHz),-97.1,-12.2,-1.1,2.0,11.5,0.0
2026-07-16 03:00:00,TKYO-006-1,TKYO-006,Band 41 (2500MHz),-83.0,-6.4,6.7,1.1,20.5,19.3
2026-07-16 03:00:00,TKYO-006-2,TKYO-006,Band 41 (2500MHz),-79.2,-7.4,7.3,9.8,11.2,16.3
2026-07-16 03:00:00,TKYO-006-3,TKYO-006,Band 41 (2500MHz),-77.0,-7.0,0.4,8.1,0.0,0.0
2026-07-16 03:00:00,TKYO-007-1,TKYO-007,Band 1 (2100MHz),-84.6,-4.9,10.8,30.2,21.0,24.0
2026-07-16 03:00:00,TKYO-007-2,TKYO-007,Band 1 (2100MHz),-79.5,-5.1,14.5,0.1,2.8,55.0
2026-07-16 03:00:00,TKYO-007-3,TKYO-007,Band 1 (2100MHz),-91.2,-11.5,-0.2,0.0,9.7,19.6
2026-07-16 03:00:00,TKYO-008-1,TKYO-008,Band 41 (2500MHz),-78.5,-7.4,8.3,3.5,8.0,19.2
2026-07-16 03:00:00,TKYO-008-2,TKYO-008,Band 41 (2500MHz),-86.4,-6.7,4.0,2.0,3.7,24.2
2026-07-16 03:00:00,TKYO-008-3,TKYO-008,Band 41 (2500MHz),-81.8,-7.8,6.3,15.1,0.2,0.0
2026-07-16 03:00:00,TKYO-009-1,TKYO-009,Band 1 (2100MHz),-88.1,-7.6,9.1,8.4,18.1,0.0
2026-07-16 03:00:00,TKYO-009-2,TKYO-009,Band 1 (2100MHz),-83.4,-10.7,2.1,19.8,0.5,4.5
2026-07-16 03:00:00,TKYO-009-3,TKYO-009,Band 1 (2100MHz),-80.0,-9.8,6.6,0.0,0.0,31.0
2026-07-16 03:00:00,TKYO-010-1,TKYO-010,Band 41 (2500MHz),-89.3,-8.9,9.6,24.6,8.3,21.8
2026-07-16 03:00:00,TKYO-010-2,TKYO-010,Band 41 (2500MHz),-82.2,-7.1,3.5,13.9,20.2,0.0
2026-07-16 03:00:00,TKYO-010-3,TKYO-010,Band 41 (2500MHz),-85.6,-9.5,9.2,11.5,10.3,0.0
2026-07-16 03:00:00,TKYO-011-1,TKYO-011,Band 1 (2100MHz),-83.5,-8.9,9.3,30.3,12.2,44.3
2026-07-16 03:00:00,TKYO-011-2,TKYO-011,Band 1 (2100MHz),-86.7,-10.9,6.5,0.0,7.6,23.6
2026-07-16 03:00:00,TKYO-011-3,TKYO-011,Band 1 (2100MHz),-85.2,-13.0,-3.5,20.6,4.3,4.4
2026-07-16 03:00:00,TKYO-012-1,TKYO-012,Band 41 (2500MHz),-82.5,-10.0,5.3,21.5,2.5,33.4
2026-07-16 03:00:00,TKYO-012-2,TKYO-012,Band 41 (2500MHz),-89.1,-8.1,6.1,0.0,20.1,39.4
2026-07-16 03:00:00,TKYO-012-3,TKYO-012,Band 41 (2500MHz),-84.2,-8.0,-0.8,39.2,0.0,38.4
2026-07-16 03:00:00,TKYO-013-1,TKYO-013,Band 1 (2100MHz),-76.4,-7.0,8.1,10.7,0.0,70.0
2026-07-16 03:00:00,TKYO-013-2,TKYO-013,Band 1 (2100MHz),-97.2,-14.8,-9.0,0.2,0.0,0.0
2026-07-16 03:00:00,TKYO-013-3,TKYO-013,Band 1 (2100MHz),-85.1,-10.9,6.5,5.1,2.4,10.1
2026-07-16 03:00:00,TKYO-014-1,TKYO-014,Band 41 (2500MHz),-88.9,-7.8,0.1,16.1,9.4,1.3
2026-07-16 03:00:00,TKYO-014-2,TKYO-014,Band 41 (2500MHz),-92.6,-10.9,-8.8,24.3,0.0,20.7
2026-07-16 03:00:00,TKYO-014-3,TKYO-014,Band 41 (2500MHz),-83.2,-10.0,-5.6,0.0,0.0,29.7
2026-07-16 03:00:00,TKYO-015-1,TKYO-015,Band 1 (2100MHz),-90.6,-6.5,9.1,0.0,0.2,45.6
2026-07-16 03:00:00,TKYO-015-2,TKYO-015,Band 1 (2100MHz),-84.7,-8.3,6.1,0.0,17.8,0.0
2026-07-16 03:00:00,TKYO-015-3,TKYO-015,Band 1 (2100MHz),-83.0,-8.8,10.1,8.7,0.0,6.8
2026-07-16 03:00:00,TKYO-016-1,TKYO-016,Band 41 (2500MHz),-79.4,-9.2,13.0,17.9,0.0,0.0
2026-07-16 03:00:00,TKYO-016-2,TKYO-016,Band 41 (2500MHz),-83.6,-10.5,9.7,0.0,11.1,23.4
2026-07-16 03:00:00,TKYO-016-3,TKYO-016,Band 41 (2500MHz),-81.3,-8.3,13.3,13.0,10.2,27.3
2026-07-16 04:00:00,TKYO-001-1,TKYO-001,Band 1 (2100MHz),-84.0,-5.6,9.2,8.8,0.0,0.0
2026-07-16 04:00:00,TKYO-001-2,TKYO-001,Band 1 (2100MHz),-77.4,-10.5,8.9,0.0,15.6,56.4
2026-07-16 04:00:00,TKYO-001-3,TKYO-001,Band 1 (2100MHz),-84.6,-6.2,6.4,0.0,10.6,19.9
2026-07-16 04:00:00,TKYO-002-1,TKYO-002,Band 41 (2500MHz),-85.9,-9.2,13.5,5.2,17.5,23.3
2026-07-16 04:00:00,TKYO-002-2,TKYO-002,Band 41 (2500MHz),-87.1,-10.1,4.7,22.2,0.0,34.9
2026-07-16 04:00:00,TKYO-002-3,TKYO-002,Band 41 (2500MHz),-83.0,-6.2,8.2,20.6,11.4,0.0
2026-07-16 04:00:00,TKYO-003-1,TKYO-003,Band 1 (2100MHz),-78.3,-11.0,4.5,13.1,6.4,71.0
2026-07-16 04:00:00,TKYO-003-2,TKYO-003,Band 1 (2100MHz),-101.7,-11.4,2.8,0.0,12.3,14.2
2026-07-16 04:00:00,TKYO-003-3,TKYO-003,Band 1 (2100MHz),-83.4,-10.6,11.7,15.2,0.0,29.1
2026-07-16 04:00:00,TKYO-004-1,TKYO-004,Band 41 (2500MHz),-78.0,-6.3,4.0,21.4,5.7,0.0
2026-07-16 04:00:00,TKYO-004-2,TKYO-004,Band 41 (2500MHz),-86.6,-6.7,2.0,14.6,0.0,11.3
2026-07-16 04:00:00,TKYO-004-3,TKYO-004,Band 41 (2500MHz),-87.6,-5.9,3.8,0.0,11.8,15.3
2026-07-16 04:00:00,TKYO-005-1,TKYO-005,Band 1 (2100MHz),-89.7,-10.1,18.5,0.0,7.5,23.7
2026-07-16 04:00:00,TKYO-005-2,TKYO-005,Band 1 (2100MHz),-87.3,-7.6,9.5,0.0,3.7,53.4
2026-07-16 04:00:00,TKYO-005-3,TKYO-005,Band 1 (2100MHz),-93.4,-12.5,2.8,0.0,3.7,14.1
2026-07-16 04:00:00,TKYO-006-1,TKYO-006,Band 41 (2500MHz),-88.6,-8.6,5.6,30.2,7.5,4.9
2026-07-16 04:00:00,TKYO-006-2,TKYO-006,Band 41 (2500MHz),-80.3,-6.4,-10.0,0.0,2.9,0.0
2026-07-16 04:00:00,TKYO-006-3,TKYO-006,Band 41 (2500MHz),-87.2,-9.2,6.1,0.0,13.5,33.8
2026-07-16 04:00:00,TKYO-007-1,TKYO-007,Band 1 (2100MHz),-86.2,-6.9,6.6,9.3,4.2,29.0
2026-07-16 04:00:00,TKYO-007-2,TKYO-007,Band 1 (2100MHz),-77.3,-5.5,4.7,0.5,15.1,0.4
2026-07-16 04:00:00,TKYO-007-3,TKYO-007,Band 1 (2100MHz),-105.0,-15.1,-3.4,15.1,0.0,33.2
2026-07-16 04:00:00,TKYO-008-1,TKYO-008,Band 41 (2500MHz),-76.5,-11.7,1.8,28.4,10.3,6.4
2026-07-16 04:00:00,TKYO-008-2,TKYO-008,Band 41 (2500MHz),-88.9,-7.4,8.3,27.1,0.0,8.2
2026-07-16 04:00:00,TKYO-008-3,TKYO-008,Band 41 (2500MHz),-81.4,-12.6,9.4,11.1,10.3,27.0
2026-07-16 04:00:00,TKYO-009-1,TKYO-009,Band 1 (2100MHz),-82.5,-5.9,12.6,0.0,16.5,55.6
2026-07-16 04:00:00,TKYO-009-2,TKYO-009,Band 1 (2100MHz),-84.2,-6.2,6.9,5.8,1.1,4.6
2026-07-16 04:00:00,TKYO-009-3,TKYO-009,Band 1 (2100MHz),-83.4,-10.4,12.3,0.0,7.9,0.0
2026-07-16 04:00:00,TKYO-010-1,TKYO-010,Band 41 (2500MHz),-82.4,-8.9,8.0,0.0,22.2,0.0
2026-07-16 04:00:00,TKYO-010-2,TKYO-010,Band 41 (2500MHz),-82.0,-8.2,8.9,7.0,5.0,31.4
2026-07-16 04:00:00,TKYO-010-3,TKYO-010,Band 41 (2500MHz),-84.0,-3.5,10.2,8.5,0.0,3.5
2026-07-16 04:00:00,TKYO-011-1,TKYO-011,Band 1 (2100MHz),-85.5,-7.0,4.0,0.0,0.8,10.8
2026-07-16 04:00:00,TKYO-011-2,TKYO-011,Band 1 (2100MHz),-85.3,-6.0,13.6,19.4,7.8,46.0
2026-07-16 04:00:00,TKYO-011-3,TKYO-011,Band 1 (2100MHz),-77.5,-5.0,8.1,0.0,10.5,8.1
2026-07-16 04:00:00,TKYO-012-1,TKYO-012,Band 41 (2500MHz),-79.1,-8.7,6.2,16.9,7.3,0.0
2026-07-16 04:00:00,TKYO-012-2,TKYO-012,Band 41 (2500MHz),-86.8,-6.6,13.4,33.7,2.0,33.2
2026-07-16 04:00:00,TKYO-012-3,TKYO-012,Band 41 (2500MHz),-86.5,-8.0,-3.0,34.5,0.0,35.7
2026-07-16 04:00:00,TKYO-013-1,TKYO-013,Band 1 (2100MHz),-76.1,-8.6,11.0,4.9,5.1,40.9
2026-07-16 04:00:00,TKYO-013-2,TKYO-013,Band 1 (2100MHz),-99.0,-11.8,5.1,6.8,2.3,10.4
2026-07-16 04:00:00,TKYO-013-3,TKYO-013,Band 1 (2100MHz),-85.7,-6.8,6.6,10.0,10.1,39.9
2026-07-16 04:00:00,TKYO-014-1,TKYO-014,Band 41 (2500MHz),-78.5,-6.1,-3.2,16.3,5.2,37.5
2026-07-16 04:00:00,TKYO-014-2,TKYO-014,Band 41 (2500MHz),-93.4,-9.3,0.0,9.1,8.4,29.4
2026-07-16 04:00:00,TKYO-014-3,TKYO-014,Band 41 (2500MHz),-91.2,-7.3,2.7,3.6,21.4,1.8
2026-07-16 04:00:00,TKYO-015-1,TKYO-015,Band 1 (2100MHz),-72.8,-10.5,2.4,24.1,0.0,8.0
2026-07-16 04:00:00,TKYO-015-2,TKYO-015,Band 1 (2100MHz),-87.7,-9.0,9.6,2.8,9.8,46.1
2026-07-16 04:00:00,TKYO-015-3,TKYO-015,Band 1 (2100MHz),-82.3,-9.9,3.5,14.4,7.8,0.0
2026-07-16 04:00:00,TKYO-016-1,TKYO-016,Band 41 (2500MHz),-79.4,-11.0,0.8,14.2,5.3,0.0
2026-07-16 04:00:00,TKYO-016-2,TKYO-016,Band 41 (2500MHz),-78.4,-9.1,-0.1,7.7,11.3,13.9
2026-07-16 04:00:00,TKYO-016-3,TKYO-016,Band 41 (2500MHz),-89.9,-7.9,3.0,4.9,16.5,0.0
2026-07-16 05:00:00,TKYO-001-1,TKYO-001,Band 1 (2100MHz),-84.4,-7.2,12.2,0.0,11.7,7.7
2026-07-16 05:00:00,TKYO-001-2,TKYO-001,Band 1 (2100MHz),-84.8,-7.4,11.0,16.8,0.0,11.6
2026-07-16 05:00:00,TKYO-001-3,TKYO-001,Band 1 (2100MHz),-81.4,-3.8,12.9,0.0,14.1,20.1
2026-07-16 05:00:00,TKYO-002-1,TKYO-002,Band 41 (2500MHz),-89.0,-9.2,-0.3,4.4,1.3,0.0
2026-07-16 05:00:00,TKYO-002-2,TKYO-002,Band 41 (2500MHz),-79.9,-7.8,5.6,15.2,2.9,30.1
2026-07-16 05:00:00,TKYO-002-3,TKYO-002,Band 41 (2500MHz),-84.8,-7.1,5.0,24.3,2.7,8.1
2026-07-16 05:00:00,TKYO-003-1,TKYO-003,Band 1 (2100MHz),-87.6,-9.0,1.4,14.4,13.3,72.3
2026-07-16 05:00:00,TKYO-003-2,TKYO-003,Band 1 (2100MHz),-97.5,-9.3,2.5,13.8,4.8,46.2
2026-07-16 05:00:00,TKYO-003-3,TKYO-003,Band 1 (2100MHz),-83.1,-7.7,7.8,17.1,4.6,26.3
2026-07-16 05:00:00,TKYO-004-1,TKYO-004,Band 41 (2500MHz),-86.3,-7.7,4.0,17.3,15.0,0.0
2026-07-16 05:00:00,TKYO-004-2,TKYO-004,Band 41 (2500MHz),-84.7,-7.0,-1.1,19.6,8.4,0.0
2026-07-16 05:00:00,TKYO-004-3,TKYO-004,Band 41 (2500MHz),-84.8,-5.7,9.0,4.7,0.0,26.8
2026-07-16 05:00:00,TKYO-005-1,TKYO-005,Band 1 (2100MHz),-82.9,-9.6,5.2,17.1,11.0,11.3
2026-07-16 05:00:00,TKYO-005-2,TKYO-005,Band 1 (2100MHz),-88.9,-10.7,9.6,17.7,0.0,0.0
2026-07-16 05:00:00,TKYO-005-3,TKYO-005,Band 1 (2100MHz),-96.5,-13.1,-1.3,17.8,9.4,4.1
2026-07-16 05:00:00,TKYO-006-1,TKYO-006,Band 41 (2500MHz),-80.5,-7.3,4.1,0.0,0.0,18.4
2026-07-16 05:00:00,TKYO-006-2,TKYO-006,Band 41 (2500MHz),-78.0,-8.3,-3.9,15.8,0.0,1.8
2026-07-16 05:00:00,TKYO-006-3,TKYO-006,Band 41 (2500MHz),-89.7,-9.9,2.4,0.0,2.7,0.0
2026-07-16 05:00:00,TKYO-007-1,TKYO-007,Band 1 (2100MHz),-83.9,-7.2,5.6,0.0,0.0,48.3
2026-07-16 05:00:00,TKYO-007-2,TKYO-007,Band 1 (2100MHz),-84.0,-7.9,9.6,7.1,4.0,31.8
2026-07-16 05:00:00,TKYO-007-3,TKYO-007,Band 1 (2100MHz),-96.9,-10.0,-1.7,0.0,0.0,6.7
2026-07-16 05:00:00,TKYO-008-1,TKYO-008,Band 41 (2500MHz),-85.7,-7.6,0.4,15.2,6.6,7.3
2026-07-16 05:00:00,TKYO-008-2,TKYO-008,Band 41 (2500MHz),-83.7,-10.7,-3.1,20.7,21.2,49.0
2026-07-16 05:00:00,TKYO-008-3,TKYO-008,Band 41 (2500MHz),-88.8,-9.7,10.3,0.0,0.0,27.1
2026-07-16 05:00:00,TKYO-009-1,TKYO-009,Band 1 (2100MHz),-76.5,-4.4,9.1,30.6,11.0,15.9
2026-07-16 05:00:00,TKYO-009-2,TKYO-009,Band 1 (2100MHz),-87.5,-9.2,-1.5,0.5,0.0,4.7
2026-07-16 05:00:00,TKYO-009-3,TKYO-009,Band 1 (2100MHz),-85.8,-6.8,8.1,0.0,11.9,48.9
2026-07-16 05:00:00,TKYO-010-1,TKYO-010,Band 41 (2500MHz),-86.1,-8.0,-3.2,2.8,20.7,32.4
2026-07-16 05:00:00,TKYO-010-2,TKYO-010,Band 41 (2500MHz),-78.6,-7.2,3.5,7.4,0.9,8.3
2026-07-16 05:00:00,TKYO-010-3,TKYO-010,Band 41 (2500MHz),-85.6,-9.7,1.6,0.0,0.0,8.9
2026-07-16 05:00:00,TKYO-011-1,TKYO-011,Band 1 (2100MHz),-85.8,-6.6,10.6,6.2,0.0,0.0
2026-07-16 05:00:00,TKYO-011-2,TKYO-011,Band 1 (2100MHz),-78.9,-8.0,12.0,14.3,6.1,9.8
2026-07-16 05:00:00,TKYO-011-3,TKYO-011,Band 1 (2100MHz),-80.9,-9.2,13.1,20.6,6.8,8.4
2026-07-16 05:00:00,TKYO-012-1,TKYO-012,Band 41 (2500MHz),-84.3,-3.8,9.9,0.0,3.9,8.6
2026-07-16 05:00:00,TKYO-012-2,TKYO-012,Band 41 (2500MHz),-81.8,-8.2,4.3,11.6,14.7,45.4
2026-07-16 05:00:00,TKYO-012-3,TKYO-012,Band 41 (2500MHz),-73.7,-11.2,-1.2,1.5,3.2,0.0
2026-07-16 05:00:00,TKYO-013-1,TKYO-013,Band 1 (2100MHz),-88.1,-8.9,2.5,0.0,0.0,0.5
2026-07-16 05:00:00,TKYO-013-2,TKYO-013,Band 1 (2100MHz),-91.3,-13.4,-1.1,10.4,4.6,0.5
2026-07-16 05:00:00,TKYO-013-3,TKYO-013,Band 1 (2100MHz),-93.2,-6.7,5.4,0.0,0.3,40.2
2026-07-16 05:00:00,TKYO-014-1,TKYO-014,Band 41 (2500MHz),-79.8,-9.5,10.3,21.6,0.0,29.2
2026-07-16 05:00:00,TKYO-014-2,TKYO-014,Band 41 (2500MHz),-95.4,-17.1,2.3,5.5,23.8,0.0
2026-07-16 05:00:00,TKYO-014-3,TKYO-014,Band 41 (2500MHz),-78.3,-7.4,-3.3,13.0,0.2,9.5
2026-07-16 05:00:00,TKYO-015-1,TKYO-015,Band 1 (2100MHz),-81.4,-13.4,10.7,8.4,8.4,18.1
2026-07-16 05:00:00,TKYO-015-2,TKYO-015,Band 1 (2100MHz),-81.6,-7.0,6.5,8.6,6.4,32.7
2026-07-16 05:00:00,TKYO-015-3,TKYO-015,Band 1 (2100MHz),-94.5,-7.7,6.3,0.0,0.0,32.2
2026-07-16 05:00:00,TKYO-016-1,TKYO-016,Band 41 (2500MHz),-81.6,-7.4,8.2,25.9,5.3,24.1
2026-07-16 05:00:00,TKYO-016-2,TKYO-016,Band 41 (2500MHz),-87.6,-10.9,-8.6,31.5,16.3,79.3
2026-07-16 05:00:00,TKYO-016-3,TKYO-016,Band 41 (2500MHz),-86.1,-7.5,3.7,11.7,0.0,36.4
2026-07-16 06:00:00,TKYO-001-1,TKYO-001,Band 1 (2100MHz),-77.3,-9.2,2.8,11.7,7.5,19.8
2026-07-16 06:00:00,TKYO-001-2,TKYO-001,Band 1 (2100MHz),-77.1,-10.6,6.7,26.9,14.9,29.1
2026-07-16 06:00:00,TKYO-001-3,TKYO-001,Band 1 (2100MHz),-84.2,-7.7,11.4,21.5,20.6,0.0
2026-07-16 06:00:00,TKYO-002-1,TKYO-002,Band 41 (2500MHz),-86.7,-10.1,9.1,20.3,12.2,23.5
2026-07-16 06:00:00,TKYO-002-2,TKYO-002,Band 41 (2500MHz),-80.3,-8.6,28.1,29.1,1.3,52.0
2026-07-16 06:00:00,TKYO-002-3,TKYO-002,Band 41 (2500MHz),-85.2,-9.9,4.8,23.9,10.7,36.2
2026-07-16 06:00:00,TKYO-003-1,TKYO-003,Band 1 (2100MHz),-88.2,-6.5,3.7,25.8,12.9,28.2
2026-07-16 06:00:00,TKYO-003-2,TKYO-003,Band 1 (2100MHz),-95.7,-12.5,2.8,8.4,9.4,58.8
2026-07-16 06:00:00,TKYO-003-3,TKYO-003,Band 1 (2100MHz),-78.2,-9.5,1.5,32.5,10.1,33.5
2026-07-16 06:00:00,TKYO-004-1,TKYO-004,Band 41 (2500MHz),-81.6,-8.3,16.4,1.6,14.0,48.6
2026-07-16 06:00:00,TKYO-004-2,TKYO-004,Band 41 (2500MHz),-86.2,-8.0,2.8,17.9,6.9,78.4
2026-07-16 06:00:00,TKYO-004-3,TKYO-004,Band 41 (2500MHz),-80.1,-7.3,8.2,33.3,2.4,0.3
2026-07-16 06:00:00,TKYO-005-1,TKYO-005,Band 1 (2100MHz),-76.7,-8.2,-1.5,0.0,19.9,30.1
2026-07-16 06:00:00,TKYO-005-2,TKYO-005,Band 1 (2100MHz),-85.7,-6.4,5.4,0.0,9.3,29.8
2026-07-16 06:00:00,TKYO-005-3,TKYO-005,Band 1 (2100MHz),-102.9,-11.8,-1.3,11.1,17.2,41.3
2026-07-16 06:00:00,TKYO-006-1,TKYO-006,Band 41 (2500MHz),-82.6,-7.1,4.7,40.3,12.3,37.1
2026-07-16 06:00:00,TKYO-006-2,TKYO-006,Band 41 (2500MHz),-81.9,-10.7,-1.7,24.2,29.2,25.8
2026-07-16 06:00:00,TKYO-006-3,TKYO-006,Band 41 (2500MHz),-88.4,-11.2,6.3,32.7,10.5,20.3
2026-07-16 06:00:00,TKYO-007-1,TKYO-007,Band 1 (2100MHz),-84.0,-8.2,11.2,40.8,4.5,16.2
2026-07-16 06:00:00,TKYO-007-2,TKYO-007,Band 1 (2100MHz),-82.5,-10.1,10.0,23.0,15.6,35.2
2026-07-16 06:00:00,TKYO-007-3,TKYO-007,Band 1 (2100MHz),-95.8,-14.0,3.5,20.1,21.7,91.1
2026-07-16 06:00:00,TKYO-008-1,TKYO-008,Band 41 (2500MHz),-78.5,-8.3,11.4,38.0,16.0,50.4
2026-07-16 06:00:00,TKYO-008-2,TKYO-008,Band 41 (2500MHz),-87.6,-11.1,13.9,29.3,10.2,60.1
2026-07-16 06:00:00,TKYO-008-3,TKYO-008,Band 41 (2500MHz),-82.7,-9.2,1.9,24.9,24.6,59.8
2026-07-16 06:00:00,TKYO-009-1,TKYO-009,Band 1 (2100MHz),-89.9,-6.1,13.3,7.7,17.2,39.2
2026-07-16 06:00:00,TKYO-009-2,TKYO-009,Band 1 (2100MHz),-77.7,-10.0,2.5,24.8,10.7,65.7
2026-07-16 06:00:00,TKYO-009-3,TKYO-009,Band 1 (2100MHz),-77.8,-9.3,6.9,31.4,15.6,18.9
2026-07-16 06:00:00,TKYO-010-1,TKYO-010,Band 41 (2500MHz),-86.6,-11.0,12.9,23.8,25.7,3.8
2026-07-16 06:00:00,TKYO-010-2,TKYO-010,Band 41 (2500MHz),-84.0,-10.1,1.4,5.9,19.9,0.0
2026-07-16 06:00:00,TKYO-010-3,TKYO-010,Band 41 (2500MHz),-81.1,-8.1,5.0,28.4,16.8,53.8
2026-07-16 06:00:00,TKYO-011-1,TKYO-011,Band 1 (2100MHz),-84.0,-7.4,7.3,13.8,24.0,33.7
2026-07-16 06:00:00,TKYO-011-2,TKYO-011,Band 1 (2100MHz),-84.9,-6.5,13.2,25.3,11.4,45.0
2026-07-16 06:00:00,TKYO-011-3,TKYO-011,Band 1 (2100MHz),-87.5,-7.3,-1.1,18.1,0.0,7.6
2026-07-16 06:00:00,TKYO-012-1,TKYO-012,Band 41 (2500MHz),-81.6,-5.7,1.3,33.3,0.0,47.2
2026-07-16 06:00:00,TKYO-012-2,TKYO-012,Band 41 (2500MHz),-80.6,-9.0,4.1,47.6,5.3,22.0
2026-07-16 06:00:00,TKYO-012-3,TKYO-012,Band 41 (2500MHz),-80.7,-7.2,8.8,23.2,36.2,61.2
2026-07-16 06:00:00,TKYO-013-1,TKYO-013,Band 1 (2100MHz),-84.8,-7.9,7.6,47.5,23.6,58.1
2026-07-16 06:00:00,TKYO-013-2,TKYO-013,Band 1 (2100MHz),-96.3,-15.7,1.7,27.7,0.3,35.7
2026-07-16 06:00:00,TKYO-013-3,TKYO-013,Band 1 (2100MHz),-82.0,-9.8,8.3,18.8,5.4,59.9
2026-07-16 06:00:00,TKYO-014-1,TKYO-014,Band 41 (2500MHz),-84.6,-9.0,9.3,36.9,19.0,24.4
2026-07-16 06:00:00,TKYO-014-2,TKYO-014,Band 41 (2500MHz),-95.5,-12.0,-4.8,22.4,9.6,65.5
2026-07-16 06:00:00,TKYO-014-3,TKYO-014,Band 41 (2500MHz),-76.3,-9.5,11.5,35.8,6.0,35.8
2026-07-16 06:00:00,TKYO-015-1,TKYO-015,Band 1 (2100MHz),-83.9,-11.7,10.3,22.9,14.5,47.5
2026-07-16 06:00:00,TKYO-015-2,TKYO-015,Band 1 (2100MHz),-89.6,-8.5,9.8,28.6,19.1,58.6
2026-07-16 06:00:00,TKYO-015-3,TKYO-015,Band 1 (2100MHz),-77.4,-9.2,1.6,30.2,19.2,36.6
2026-07-16 06:00:00,TKYO-016-1,TKYO-016,Band 41 (2500MHz),-82.5,-13.2,-4.4,18.7,5.1,0.0
2026-07-16 06:00:00,TKYO-016-2,TKYO-016,Band 41 (2500MHz),-83.5,-10.5,-2.1,13.6,1.7,65.0
2026-07-16 06:00:00,TKYO-016-3,TKYO-016,Band 41 (2500MHz),-79.6,-8.6,2.2,33.0,12.1,41.0
2026-07-16 07:00:00,TKYO-001-1,TKYO-001,Band 1 (2100MHz),-89.9,-11.0,8.4,95.3,29.3,182.1
2026-07-16 07:00:00,TKYO-001-2,TKYO-001,Band 1 (2100MHz),-81.5,-10.2,9.4,82.0,43.0,164.1
2026-07-16 07:00:00,TKYO-001-3,TKYO-001,Band 1 (2100MHz),-88.1,-10.1,5.8,81.1,40.5,117.2
2026-07-16 07:00:00,TKYO-002-1,TKYO-002,Band 41 (2500MHz),-83.4,-7.8,3.0,92.4,33.7,134.9
2026-07-16 07:00:00,TKYO-002-2,TKYO-002,Band 41 (2500MHz),-84.4,-10.8,1.9,82.5,37.9,132.4
2026-07-16 07:00:00,TKYO-002-3,TKYO-002,Band 41 (2500MHz),-83.2,-11.8,2.4,74.8,39.8,123.2
2026-07-16 07:00:00,TKYO-003-1,TKYO-003,Band 1 (2100MHz),-76.2,-8.6,3.4,86.5,33.5,106.9
2026-07-16 07:00:00,TKYO-003-2,TKYO-003,Band 1 (2100MHz),-100.8,-17.2,-8.0,100.0,34.9,122.5
2026-07-16 07:00:00,TKYO-003-3,TKYO-003,Band 1 (2100MHz),-86.0,-9.2,9.8,84.6,40.7,125.5
2026-07-16 07:00:00,TKYO-004-1,TKYO-004,Band 41 (2500MHz),-84.2,-13.2,4.4,87.8,32.5,129.1
2026-07-16 07:00:00,TKYO-004-2,TKYO-004,Band 41 (2500MHz),-89.7,-12.2,8.3,81.0,45.7,116.2
2026-07-16 07:00:00,TKYO-004-3,TKYO-004,Band 41 (2500MHz),-83.5,-11.3,4.6,77.8,37.5,151.0
2026-07-16 07:00:00,TKYO-005-1,TKYO-005,Band 1 (2100MHz),-81.8,-11.4,9.1,79.2,49.8,156.9
2026-07-16 07:00:00,TKYO-005-2,TKYO-005,Band 1 (2100MHz),-91.4,-12.0,8.6,76.7,42.9,105.0
2026-07-16 07:00:00,TKYO-005-3,TKYO-005,Band 1 (2100MHz),-95.0,-14.7,9.2,61.9,37.0,122.9
2026-07-16 07:00:00,TKYO-006-1,TKYO-006,Band 41 (2500MHz),-87.9,-9.5,10.1,77.9,47.8,152.3
2026-07-16 07:00:00,TKYO-006-2,TKYO-006,Band 41 (2500MHz),-81.9,-10.3,1.7,87.2,49.0,105.6
2026-07-16 07:00:00,TKYO-006-3,TKYO-006,Band 41 (2500MHz),-79.9,-13.6,1.4,70.4,62.2,117.1
2026-07-16 07:00:00,TKYO-007-1,TKYO-007,Band 1 (2100MHz),-84.4,-12.2,15.8,77.2,52.2,129.1
2026-07-16 07:00:00,TKYO-007-2,TKYO-007,Band 1 (2100MHz),-81.5,-14.1,5.4,54.0,29.2,120.1
2026-07-16 07:00:00,TKYO-007-3,TKYO-007,Band 1 (2100MHz),-90.6,-14.3,-1.8,87.9,47.4,125.0
2026-07-16 07:00:00,TKYO-008-1,TKYO-008,Band 41 (2500MHz),-85.3,-12.9,7.4,69.4,49.0,135.8
2026-07-16 07:00:00,TKYO-008-2,TKYO-008,Band 41 (2500MHz),-81.5,-12.4,7.8,70.7,45.9,136.0
2026-07-16 07:00:00,TKYO-008-3,TKYO-008,Band 41 (2500MHz),-76.8,-10.3,3.7,53.1,30.5,158.6
2026-07-16 07:00:00,TKYO-009-1,TKYO-009,Band 1 (2100MHz),-80.3,-10.1,12.1,88.4,56.7,140.5
2026-07-16 07:00:00,TKYO-009-2,TKYO-009,Band 1 (2100MHz),-76.7,-12.0,2.3,95.0,29.3,120.6
2026-07-16 07:00:00,TKYO-009-3,TKYO-009,Band 1 (2100MHz),-89.2,-14.1,13.6,71.9,50.3,147.1
2026-07-16 07:00:00,TKYO-010-1,TKYO-010,Band 41 (2500MHz),-79.4,-11.8,6.1,68.9,43.7,105.4
2026-07-16 07:00:00,TKYO-010-2,TKYO-010,Band 41 (2500MHz),-85.8,-13.3,-2.2,76.6,31.2,127.8
2026-07-16 07:00:00,TKYO-010-3,TKYO-010,Band 41 (2500MHz),-84.0,-13.3,5.3,91.4,40.4,136.1
2026-07-16 07:00:00,TKYO-011-1,TKYO-011,Band 1 (2100MHz),-84.6,-13.7,13.1,76.1,60.7,118.8
2026-07-16 07:00:00,TKYO-011-2,TKYO-011,Band 1 (2100MHz),-87.0,-12.2,9.7,79.0,51.6,158.8
2026-07-16 07:00:00,TKYO-011-3,TKYO-011,Band 1 (2100MHz),-82.6,-14.3,15.1,50.4,35.2,129.3
2026-07-16 07:00:00,TKYO-012-1,TKYO-012,Band 41 (2500MHz),-87.3,-13.0,5.1,70.6,39.7,154.0
2026-07-16 07:00:00,TKYO-012-2,TKYO-012,Band 41 (2500MHz),-80.9,-13.1,-2.4,66.1,53.9,88.4
2026-07-16 07:00:00,TKYO-012-3,TKYO-012,Band 41 (2500MHz),-79.9,-13.2,12.7,50.6,51.9,57.5
2026-07-16 07:00:00,TKYO-013-1,TKYO-013,Band 1 (2100MHz),-92.1,-14.4,6.7,91.1,54.2,127.3
2026-07-16 07:00:00,TKYO-013-2,TKYO-013,Band 1 (2100MHz),-98.4,-17.7,-0.2,77.0,59.4,125.1
2026-07-16 07:00:00,TKYO-013-3,TKYO-013,Band 1 (2100MHz),-73.4,-10.3,3.0,93.9,45.2,100.8
2026-07-16 07:00:00,TKYO-014-1,TKYO-014,Band 41 (2500MHz),-86.9,-9.6,9.9,77.1,51.2,131.3
2026-07-16 07:00:00,TKYO-014-2,TKYO-014,Band 41 (2500MHz),-93.5,-16.2,-4.4,80.8,54.8,113.9
2026-07-16 07:00:00,TKYO-014-3,TKYO-014,Band 41 (2500MHz),-86.8,-10.5,4.3,65.5,48.8,128.6
2026-07-16 07:00:00,TKYO-015-1,TKYO-015,Band 1 (2100MHz),-96.7,-10.6,6.0,68.5,47.5,136.6
2026-07-16 07:00:00,TKYO-015-2,TKYO-015,Band 1 (2100MHz),-81.5,-12.0,11.9,100.0,50.5,138.9
2026-07-16 07:00:00,TKYO-015-3,TKYO-015,Band 1 (2100MHz),-86.0,-11.9,3.4,68.9,65.0,162.8
2026-07-16 07:00:00,TKYO-016-1,TKYO-016,Band 41 (2500MHz),-86.0,-12.2,12.4,66.8,41.6,127.9
2026-07-16 07:00:00,TKYO-016-2,TKYO-016,Band 41 (2500MHz),-82.8,-9.2,-0.4,80.6,33.2,117.8
2026-07-16 07:00:00,TKYO-016-3,TKYO-016,Band 41 (2500MHz),-81.1,-12.6,2.3,87.3,33.6,141.8
2026-07-16 08:00:00,TKYO-001-1,TKYO-001,Band 1 (2100MHz),-86.0,-15.2,13.4,100.0,64.5,143.3
2026-07-16 08:00:00,TKYO-001-2,TKYO-001,Band 1 (2100MHz),-87.4,-10.6,14.5,84.6,50.6,151.3
2026-07-16 08:00:00,TKYO-001-3,TKYO-001,Band 1 (2100MHz),-75.5,-11.3,6.7,100.0,66.6,181.1
2026-07-16 08:00:00,TKYO-002-1,TKYO-002,Band 41 (2500MHz),-83.1,-10.4,3.7,85.8,70.0,142.6
2026-07-16 08:00:00,TKYO-002-2,TKYO-002,Band 41 (2500MHz),-88.7,-12.2,6.8,100.0,55.5,193.8
2026-07-16 08:00:00,TKYO-002-3,TKYO-002,Band 41 (2500MHz),-84.4,-10.5,10.6,91.5,62.0,157.0
2026-07-16 08:00:00,TKYO-003-1,TKYO-003,Band 1 (2100MHz),-76.5,-14.6,3.0,97.9,58.6,145.6
2026-07-16 08:00:00,TKYO-003-2,TKYO-003,Band 1 (2100MHz),-100.6,-17.6,-1.0,100.0,70.3,142.5
2026-07-16 08:00:00,TKYO-003-3,TKYO-003,Band 1 (2100MHz),-91.3,-11.0,10.8,84.0,60.7,169.0
2026-07-16 08:00:00,TKYO-004-1,TKYO-004,Band 41 (2500MHz),-83.2,-13.1,3.7,82.3,53.5,162.9
2026-07-16 08:00:00,TKYO-004-2,TKYO-004,Band 41 (2500MHz),-83.2,-13.7,2.9,100.0,62.8,130.7
2026-07-16 08:00:00,TKYO-004-3,TKYO-004,Band 41 (2500MHz),-87.6,-14.7,-0.1,96.1,75.2,141.4
2026-07-16 08:00:00,TKYO-005-1,TKYO-005,Band 1 (2100MHz),-89.6,-15.4,7.0,93.6,59.9,227.3
2026-07-16 08:00:00,TKYO-005-2,TKYO-005,Band 1 (2100MHz),-81.1,-11.1,5.3,100.0,44.1,144.7
2026-07-16 08:00:00,TKYO-005-3,TKYO-005,Band 1 (2100MHz),-99.0,-15.3,3.0,88.8,69.0,165.4
2026-07-16 08:00:00,TKYO-006-1,TKYO-006,Band 41 (2500MHz),-89.3,-15.7,9.8,100.0,64.0,180.2
2026-07-16 08:00:00,TKYO-006-2,TKYO-006,Band 41 (2500MHz),-89.9,-16.1,6.8,80.7,61.0,139.9
2026-07-16 08:00:00,TKYO-006-3,TKYO-006,Band 41 (2500MHz),-82.6,-14.3,7.0,98.9,44.0,190.7
2026-07-16 08:00:00,TKYO-007-1,TKYO-007,Band 1 (2100MHz),-81.3,-11.1,6.5,88.3,52.8,182.6
2026-07-16 08:00:00,TKYO-007-2,TKYO-007,Band 1 (2100MHz),-90.5,-14.4,8.6,92.4,43.7,155.6
2026-07-16 08:00:00,TKYO-007-3,TKYO-007,Band 1 (2100MHz),-90.6,-18.2,6.3,100.0,38.1,196.0
2026-07-16 08:00:00,TKYO-008-1,TKYO-008,Band 41 (2500MHz),-82.4,-11.4,-4.3,100.0,39.7,191.2
2026-07-16 08:00:00,TKYO-008-2,TKYO-008,Band 41 (2500MHz),-78.3,-13.5,-3.0,100.0,63.5,210.1
2026-07-16 08:00:00,TKYO-008-3,TKYO-008,Band 41 (2500MHz),-80.2,-9.7,15.7,100.0,76.7,162.8
2026-07-16 08:00:00,TKYO-009-1,TKYO-009,Band 1 (2100MHz),-84.6,-9.5,12.4,100.0,41.2,178.7
2026-07-16 08:00:00,TKYO-009-2,TKYO-009,Band 1 (2100MHz),-81.7,-7.4,9.5,100.0,73.0,166.0
2026-07-16 08:00:00,TKYO-009-3,TKYO-009,Band 1 (2100MHz),-88.1,-11.1,7.3,86.0,68.4,124.9
2026-07-16 08:00:00,TKYO-010-1,TKYO-010,Band 41 (2500MHz),-83.3,-17.6,7.9,100.0,55.9,144.4
2026-07-16 08:00:00,TKYO-010-2,TKYO-010,Band 41 (2500MHz),-86.3,-13.5,7.6,91.6,54.0,139.2
2026-07-16 08:00:00,TKYO-010-3,TKYO-010,Band 41 (2500MHz),-82.1,-8.7,-0.3,90.5,56.2,165.3
2026-07-16 08:00:00,TKYO-011-1,TKYO-011,Band 1 (2100MHz),-86.3,-9.3,2.0,100.0,52.1,141.8
2026-07-16 08:00:00,TKYO-011-2,TKYO-011,Band 1 (2100MHz),-84.9,-13.6,5.1,100.0,54.6,160.3
2026-07-16 08:00:00,TKYO-011-3,TKYO-011,Band 1 (2100MHz),-86.7,-12.2,18.1,100.0,73.8,159.3
2026-07-16 08:00:00,TKYO-012-1,TKYO-012,Band 41 (2500MHz),-78.8,-13.5,-5.2,89.9,49.6,201.4
2026-07-16 08:00:00,TKYO-012-2,TKYO-012,Band 41 (2500MHz),-73.8,-13.3,6.5,100.0,44.8,154.1
2026-07-16 08:00:00,TKYO-012-3,TKYO-012,Band 41 (2500MHz),-86.8,-11.0,8.5,100.0,73.3,175.3
2026-07-16 08:00:00,TKYO-013-1,TKYO-013,Band 1 (2100MHz),-81.8,-11.3,2.4,74.9,43.1,176.7
2026-07-16 08:00:00,TKYO-013-2,TKYO-013,Band 1 (2100MHz),-103.0,-15.2,-6.2,100.0,59.4,158.0
2026-07-16 08:00:00,TKYO-013-3,TKYO-013,Band 1 (2100MHz),-78.7,-11.6,11.9,95.5,58.3,180.3
2026-07-16 08:00:00,TKYO-014-1,TKYO-014,Band 41 (2500MHz),-82.3,-14.2,5.7,97.6,51.6,188.6
2026-07-16 08:00:00,TKYO-014-2,TKYO-014,Band 41 (2500MHz),-91.8,-14.9,-10.0,100.0,62.0,141.9
2026-07-16 08:00:00,TKYO-014-3,TKYO-014,Band 41 (2500MHz),-82.8,-13.9,15.6,96.4,40.7,166.4
2026-07-16 08:00:00,TKYO-015-1,TKYO-015,Band 1 (2100MHz),-89.6,-11.0,16.9,100.0,54.0,156.7
2026-07-16 08:00:00,TKYO-015-2,TKYO-015,Band 1 (2100MHz),-85.6,-13.8,-0.1,100.0,56.1,167.2
2026-07-16 08:00:00,TKYO-015-3,TKYO-015,Band 1 (2100MHz),-83.8,-10.4,5.6,88.7,64.1,157.9
2026-07-16 08:00:00,TKYO-016-1,TKYO-016,Band 41 (2500MHz),-83.3,-11.1,12.7,95.4,56.2,159.5
2026-07-16 08:00:00,TKYO-016-2,TKYO-016,Band 41 (2500MHz),-80.2,-12.0,2.4,100.0,57.6,159.1
2026-07-16 08:00:00,TKYO-016-3,TKYO-016,Band 41 (2500MHz),-81.6,-14.4,6.0,91.8,67.0,146.3
2026-07-16 09:00:00,TKYO-001-1,TKYO-001,Band 1 (2100MHz),-80.6,-8.7,7.4,70.3,48.9,144.5
2026-07-16 09:00:00,TKYO-001-2,TKYO-001,Band 1 (2100MHz),-89.3,-11.9,14.7,100.0,43.8,112.2
2026-07-16 09:00:00,TKYO-001-3,TKYO-001,Band 1 (2100MHz),-86.8,-14.2,10.6,76.8,33.8,133.1
2026-07-16 09:00:00,TKYO-002-1,TKYO-002,Band 41 (2500MHz),-82.6,-13.5,4.3,97.0,37.6,141.3
2026-07-16 09:00:00,TKYO-002-2,TKYO-002,Band 41 (2500MHz),-86.6,-13.7,1.4,87.7,59.0,130.5
2026-07-16 09:00:00,TKYO-002-3,TKYO-002,Band 41 (2500MHz),-83.2,-11.9,3.5,76.2,39.9,128.3
2026-07-16 09:00:00,TKYO-003-1,TKYO-003,Band 1 (2100MHz),-85.3,-13.5,8.4,90.8,49.3,128.0
2026-07-16 09:00:00,TKYO-003-2,TKYO-003,Band 1 (2100MHz),-93.4,-15.7,-3.0,86.3,57.1,140.3
2026-07-16 09:00:00,TKYO-003-3,TKYO-003,Band 1 (2100MHz),-81.7,-14.5,8.2,53.1,32.4,131.9
2026-07-16 09:00:00,TKYO-004-1,TKYO-004,Band 41 (2500MHz),-85.8,-12.9,7.1,87.8,54.7,107.7
2026-07-16 09:00:00,TKYO-004-2,TKYO-004,Band 41 (2500MHz),-81.8,-11.9,2.1,93.5,34.9,113.4
2026-07-16 09:00:00,TKYO-004-3,TKYO-004,Band 41 (2500MHz),-79.1,-10.5,0.7,74.8,47.6,109.9
2026-07-16 09:00:00,TKYO-005-1,TKYO-005,Band 1 (2100MHz),-86.6,-13.3,12.4,83.0,70.4,147.0
2026-07-16 09:00:00,TKYO-005-2,TKYO-005,Band 1 (2100MHz),-87.1,-12.4,14.7,90.8,49.9,83.8
2026-07-16 09:00:00,TKYO-005-3,TKYO-005,Band 1 (2100MHz),-92.9,-17.8,-2.4,68.9,41.1,133.6
2026-07-16 09:00:00,TKYO-006-1,TKYO-006,Band 41 (2500MHz),-78.1,-11.3,1.5,90.8,51.3,73.4
2026-07-16 09:00:00,TKYO-006-2,TKYO-006,Band 41 (2500MHz),-84.4,-8.8,-6.2,77.6,35.1,140.4
2026-07-16 09:00:00,TKYO-006-3,TKYO-006,Band 41 (2500MHz),-88.9,-11.2,4.9,68.8,30.8,92.2
2026-07-16 09:00:00,TKYO-007-1,TKYO-007,Band 1 (2100MHz),-85.9,-10.3,12.1,89.1,44.4,150.2
2026-07-16 09:00:00,TKYO-007-2,TKYO-007,Band 1 (2100MHz),-80.9,-8.4,16.3,73.4,31.1,144.0
2026-07-16 09:00:00,TKYO-007-3,TKYO-007,Band 1 (2100MHz),-96.3,-12.8,-4.4,89.6,33.2,135.4
2026-07-16 09:00:00,TKYO-008-1,TKYO-008,Band 41 (2500MHz),-80.0,-10.1,3.8,76.1,50.4,129.6
2026-07-16 09:00:00,TKYO-008-2,TKYO-008,Band 41 (2500MHz),-81.0,-8.2,7.3,67.1,58.5,121.6
2026-07-16 09:00:00,TKYO-008-3,TKYO-008,Band 41 (2500MHz),-85.3,-12.3,10.8,83.0,54.8,112.8
2026-07-16 09:00:00,TKYO-009-1,TKYO-009,Band 1 (2100MHz),-82.4,-9.5,4.0,89.2,45.9,118.3
2026-07-16 09:00:00,TKYO-009-2,TKYO-009,Band 1 (2100MHz),-87.0,-9.9,1.7,74.4,56.2,105.4
2026-07-16 09:00:00,TKYO-009-3,TKYO-009,Band 1 (2100MHz),-87.3,-11.8,-1.3,75.5,47.7,142.1
2026-07-16 09:00:00,TKYO-010-1,TKYO-010,Band 41 (2500MHz),-81.7,-11.1,6.1,82.6,28.3,114.9
2026-07-16 09:00:00,TKYO-010-2,TKYO-010,Band 41 (2500MHz),-81.0,-12.8,6.1,50.9,49.9,85.4
2026-07-16 09:00:00,TKYO-010-3,TKYO-010,Band 41 (2500MHz),-84.6,-14.5,9.6,84.5,44.8,146.7
2026-07-16 09:00:00,TKYO-011-1,TKYO-011,Band 1 (2100MHz),-80.4,-14.9,1.8,77.7,39.7,122.9
2026-07-16 09:00:00,TKYO-011-2,TKYO-011,Band 1 (2100MHz),-81.7,-12.0,9.2,88.9,38.3,111.4
2026-07-16 09:00:00,TKYO-011-3,TKYO-011,Band 1 (2100MHz),-88.0,-12.1,3.2,62.4,38.4,138.7
2026-07-16 09:00:00,TKYO-012-1,TKYO-012,Band 41 (2500MHz),-87.8,-15.0,11.4,72.3,36.5,111.1
2026-07-16 09:00:00,TKYO-012-2,TKYO-012,Band 41 (2500MHz),-77.1,-14.0,5.9,70.4,59.8,121.8
2026-07-16 09:00:00,TKYO-012-3,TKYO-012,Band 41 (2500MHz),-81.5,-10.2,4.4,91.0,37.2,124.9
2026-07-16 09:00:00,TKYO-013-1,TKYO-013,Band 1 (2100MHz),-87.9,-15.9,18.8,67.2,57.9,108.9
2026-07-16 09:00:00,TKYO-013-2,TKYO-013,Band 1 (2100MHz),-92.5,-13.2,-1.5,64.0,53.0,133.7
2026-07-16 09:00:00,TKYO-013-3,TKYO-013,Band 1 (2100MHz),-84.7,-13.8,12.7,77.9,60.5,125.2
2026-07-16 09:00:00,TKYO-014-1,TKYO-014,Band 41 (2500MHz),-88.3,-13.0,2.0,79.6,33.7,124.5
2026-07-16 09:00:00,TKYO-014-2,TKYO-014,Band 41 (2500MHz),-94.9,-16.9,-2.1,83.6,36.2,92.3
2026-07-16 09:00:00,TKYO-014-3,TKYO-014,Band 41 (2500MHz),-85.2,-14.1,5.2,75.5,51.1,132.6
2026-07-16 09:00:00,TKYO-015-1,TKYO-015,Band 1 (2100MHz),-87.4,-14.4,7.6,78.4,49.4,83.9
2026-07-16 09:00:00,TKYO-015-2,TKYO-015,Band 1 (2100MHz),-87.3,-9.3,12.7,69.6,36.8,145.2
2026-07-16 09:00:00,TKYO-015-3,TKYO-015,Band 1 (2100MHz),-87.8,-9.9,13.2,64.4,65.6,158.0
2026-07-16 09:00:00,TKYO-016-1,TKYO-016,Band 41 (2500MHz),-92.7,-12.6,9.0,77.3,35.0,133.2
2026-07-16 09:00:00,TKYO-016-2,TKYO-016,Band 41 (2500MHz),-79.3,-12.5,12.5,55.6,34.0,122.3
2026-07-16 09:00:00,TKYO-016-3,TKYO-016,Band 41 (2500MHz),-90.3,-12.0,6.2,76.7,43.6,124.7
2026-07-16 10:00:00,TKYO-001-1,TKYO-001,Band 1 (2100MHz),-82.9,-10.1,6.5,20.4,8.1,72.1
2026-07-16 10:00:00,TKYO-001-2,TKYO-001,Band 1 (2100MHz),-90.5,-9.2,8.8,14.8,13.4,40.6
2026-07-16 10:00:00,TKYO-001-3,TKYO-001,Band 1 (2100MHz),-77.2,-10.2,7.8,21.9,14.3,15.6
2026-07-16 10:00:00,TKYO-002-1,TKYO-002,Band 41 (2500MHz),-80.0,-8.6,2.7,11.2,12.4,30.8
2026-07-16 10:00:00,TKYO-002-2,TKYO-002,Band 41 (2500MHz),-90.4,-13.8,1.0,22.2,14.7,21.7
2026-07-16 10:00:00,TKYO-002-3,TKYO-002,Band 41 (2500MHz),-75.4,-4.0,2.9,34.3,11.5,40.1
2026-07-16 10:00:00,TKYO-003-1,TKYO-003,Band 1 (2100MHz),-80.0,-6.0,8.2,34.8,27.4,20.2
2026-07-16 10:00:00,TKYO-003-2,TKYO-003,Band 1 (2100MHz),-94.3,-14.4,2.1,24.3,10.0,56.0
2026-07-16 10:00:00,TKYO-003-3,TKYO-003,Band 1 (2100MHz),-84.6,-9.9,5.3,12.3,10.8,16.9
2026-07-16 10:00:00,TKYO-004-1,TKYO-004,Band 41 (2500MHz),-87.6,-9.4,3.9,26.0,9.9,46.4
2026-07-16 10:00:00,TKYO-004-2,TKYO-004,Band 41 (2500MHz),-86.3,-10.1,6.3,21.0,9.1,41.1
2026-07-16 10:00:00,TKYO-004-3,TKYO-004,Band 41 (2500MHz),-83.8,-7.9,-2.3,0.0,0.6,54.8
2026-07-16 10:00:00,TKYO-005-1,TKYO-005,Band 1 (2100MHz),-76.9,-5.7,7.5,12.0,24.9,66.1
2026-07-16 10:00:00,TKYO-005-2,TKYO-005,Band 1 (2100MHz),-80.2,-6.9,9.7,19.1,0.5,65.8
2026-07-16 10:00:00,TKYO-005-3,TKYO-005,Band 1 (2100MHz),-93.6,-13.7,0.6,28.9,19.2,32.8
2026-07-16 10:00:00,TKYO-006-1,TKYO-006,Band 41 (2500MHz),-85.3,-4.9,2.2,26.5,0.0,44.7
2026-07-16 10:00:00,TKYO-006-2,TKYO-006,Band 41 (2500MHz),-87.0,-7.3,5.5,36.2,17.4,42.4
2026-07-16 10:00:00,TKYO-006-3,TKYO-006,Band 41 (2500MHz),-82.4,-7.8,12.3,24.6,10.3,22.4
2026-07-16 10:00:00,TKYO-007-1,TKYO-007,Band 1 (2100MHz),-94.5,-6.7,8.2,17.7,15.6,38.0
2026-07-16 10:00:00,TKYO-007-2,TKYO-007,Band 1 (2100MHz),-80.1,-12.6,3.4,26.6,11.4,15.2
2026-07-16 10:00:00,TKYO-007-3,TKYO-007,Band 1 (2100MHz),-94.9,-11.7,-2.1,37.2,15.1,40.0
2026-07-16 10:00:00,TKYO-008-1,TKYO-008,Band 41 (2500MHz),-87.9,-10.3,10.8,22.6,0.0,72.3
2026-07-16 10:00:00,TKYO-008-2,TKYO-008,Band 41 (2500MHz),-78.1,-6.4,-0.6,27.1,6.5,56.8
2026-07-16 10:00:00,TKYO-008-3,TKYO-008,Band 41 (2500MHz),-81.9,-9.5,6.9,18.8,10.9,18.6
2026-07-16 10:00:00,TKYO-009-1,TKYO-009,Band 1 (2100MHz),-86.8,-5.9,2.8,19.5,0.0,48.3
2026-07-16 10:00:00,TKYO-009-2,TKYO-009,Band 1 (2100MHz),-79.0,-11.4,15.8,9.8,13.9,57.5
2026-07-16 10:00:00,TKYO-009-3,TKYO-009,Band 1 (2100MHz),-86.4,-9.8,7.8,17.6,5.5,47.0
2026-07-16 10:00:00,TKYO-010-1,TKYO-010,Band 41 (2500MHz),-85.5,-10.5,14.4,23.9,6.7,54.2
2026-07-16 10:00:00,TKYO-010-2,TKYO-010,Band 41 (2500MHz),-84.2,-7.6,0.8,20.6,22.4,41.1
2026-07-16 10:00:00,TKYO-010-3,TKYO-010,Band 41 (2500MHz),-87.9,-14.3,-5.3,9.7,1.0,37.3
2026-07-16 10:00:00,TKYO-011-1,TKYO-011,Band 1 (2100MHz),-86.9,-10.7,13.0,9.8,2.4,21.3
2026-07-16 10:00:00,TKYO-011-2,TKYO-011,Band 1 (2100MHz),-88.5,-8.5,17.5,31.4,18.7,55.3
2026-07-16 10:00:00,TKYO-011-3,TKYO-011,Band 1 (2100MHz),-80.2,-7.9,9.5,13.2,23.3,14.2
2026-07-16 10:00:00,TKYO-012-1,TKYO-012,Band 41 (2500MHz),-81.2,-9.1,-0.1,13.0,13.2,48.0
2026-07-16 10:00:00,TKYO-012-2,TKYO-012,Band 41 (2500MHz),-80.3,-6.9,3.4,10.4,0.0,27.3
2026-07-16 10:00:00,TKYO-012-3,TKYO-012,Band 41 (2500MHz),-80.2,-7.9,4.1,42.9,23.0,0.0
2026-07-16 10:00:00,TKYO-013-1,TKYO-013,Band 1 (2100MHz),-82.8,-10.3,12.2,16.5,22.8,0.0
2026-07-16 10:00:00,TKYO-013-2,TKYO-013,Band 1 (2100MHz),-93.2,-10.2,5.6,40.8,10.5,72.3
2026-07-16 10:00:00,TKYO-013-3,TKYO-013,Band 1 (2100MHz),-75.4,-9.3,15.8,24.9,19.0,2.0
2026-07-16 10:00:00,TKYO-014-1,TKYO-014,Band 41 (2500MHz),-89.6,-6.3,9.3,25.4,0.0,25.0
2026-07-16 10:00:00,TKYO-014-2,TKYO-014,Band 41 (2500MHz),-88.7,-13.1,-4.9,23.5,13.4,65.9
2026-07-16 10:00:00,TKYO-014-3,TKYO-014,Band 41 (2500MHz),-79.8,-10.2,4.9,25.7,21.5,43.5
2026-07-16 10:00:00,TKYO-015-1,TKYO-015,Band 1 (2100MHz),-86.5,-4.2,11.4,19.2,30.3,46.0
2026-07-16 10:00:00,TKYO-015-2,TKYO-015,Band 1 (2100MHz),-86.7,-6.2,11.1,27.9,15.1,14.1
2026-07-16 10:00:00,TKYO-015-3,TKYO-015,Band 1 (2100MHz),-82.6,-4.6,2.4,13.8,16.7,54.8
2026-07-16 10:00:00,TKYO-016-1,TKYO-016,Band 41 (2500MHz),-88.5,-8.4,2.5,18.2,0.0,38.5
2026-07-16 10:00:00,TKYO-016-2,TKYO-016,Band 41 (2500MHz),-87.4,-13.4,12.6,28.3,14.4,12.2
2026-07-16 10:00:00,TKYO-016-3,TKYO-016,Band 41 (2500MHz),-86.5,-8.7,1.3,27.7,16.1,43.1
2026-07-16 11:00:00,TKYO-001-1,TKYO-001,Band 1 (2100MHz),-75.3,-10.8,10.7,71.8,35.8,92.9
2026-07-16 11:00:00,TKYO-001-2,TKYO-001,Band 1 (2100MHz),-82.3,-8.1,7.7,41.4,32.7,135.3
2026-07-16 11:00:00,TKYO-001-3,TKYO-001,Band 1 (2100MHz),-82.3,-7.6,3.0,65.1,40.9,136.0
2026-07-16 11:00:00,TKYO-002-1,TKYO-002,Band 41 (2500MHz),-90.2,-13.2,5.3,92.4,32.7,105.3
2026-07-16 11:00:00,TKYO-002-2,TKYO-002,Band 41 (2500MHz),-78.8,-14.8,18.6,70.6,34.8,145.2
2026-07-16 11:00:00,TKYO-002-3,TKYO-002,Band 41 (2500MHz),-86.7,-11.8,13.6,69.0,35.0,80.8
2026-07-16 11:00:00,TKYO-003-1,TKYO-003,Band 1 (2100MHz),-76.0,-11.9,3.5,52.0,51.4,131.9
2026-07-16 11:00:00,TKYO-003-2,TKYO-003,Band 1 (2100MHz),-92.2,-14.8,-2.0,72.8,33.1,98.0
2026-07-16 11:00:00,TKYO-003-3,TKYO-003,Band 1 (2100MHz),-81.6,-11.2,8.3,84.5,56.0,124.4
2026-07-16 11:00:00,TKYO-004-1,TKYO-004,Band 41 (2500MHz),-78.3,-13.6,-0.1,39.7,60.8,79.9
2026-07-16 11:00:00,TKYO-004-2,TKYO-004,Band 41 (2500MHz),-78.9,-14.4,7.4,65.7,62.3,115.6
2026-07-16 11:00:00,TKYO-004-3,TKYO-004,Band 41 (2500MHz),-83.2,-10.9,8.6,69.7,29.0,127.6
2026-07-16 11:00:00,TKYO-005-1,TKYO-005,Band 1 (2100MHz),-85.7,-12.1,9.0,86.9,53.4,110.6
2026-07-16 11:00:00,TKYO-005-2,TKYO-005,Band 1 (2100MHz),-80.1,-11.4,6.5,73.7,45.6,110.1
2026-07-16 11:00:00,TKYO-005-3,TKYO-005,Band 1 (2100MHz),-97.3,-17.5,-10.0,60.9,21.4,149.2
2026-07-16 11:00:00,TKYO-006-1,TKYO-006,Band 41 (2500MHz),-87.8,-12.9,-1.1,79.4,34.6,143.1
2026-07-16 11:00:00,TKYO-006-2,TKYO-006,Band 41 (2500MHz),-78.0,-12.7,0.0,40.5,29.7,142.3
2026-07-16 11:00:00,TKYO-006-3,TKYO-006,Band 41 (2500MHz),-79.1,-9.0,6.3,52.7,35.7,135.5
2026-07-16 11:00:00,TKYO-007-1,TKYO-007,Band 1 (2100MHz),-85.5,-13.2,14.3,67.9,57.3,144.4
2026-07-16 11:00:00,TKYO-007-2,TKYO-007,Band 1 (2100MHz),-89.8,-17.2,10.8,46.1,45.4,119.0
2026-07-16 11:00:00,TKYO-007-3,TKYO-007,Band 1 (2100MHz),-89.4,-13.4,1.1,68.4,46.1,86.4
2026-07-16 11:00:00,TKYO-008-1,TKYO-008,Band 41 (2500MHz),-79.2,-13.7,9.2,80.0,40.3,115.9
2026-07-16 11:00:00,TKYO-008-2,TKYO-008,Band 41 (2500MHz),-84.0,-9.4,2.4,72.4,31.3,134.3
2026-07-16 11:00:00,TKYO-008-3,TKYO-008,Band 41 (2500MHz),-76.5,-12.9,8.9,47.5,41.7,105.7
2026-07-16 11:00:00,TKYO-009-1,TKYO-009,Band 1 (2100MHz),-96.1,-9.3,5.4,71.9,64.9,123.8
2026-07-16 11:00:00,TKYO-009-2,TKYO-009,Band 1 (2100MHz),-85.3,-13.3,8.7,60.4,48.4,81.0
2026-07-16 11:00:00,TKYO-009-3,TKYO-009,Band 1 (2100MHz),-79.3,-10.9,9.7,70.9,48.5,96.2
2026-07-16 11:00:00,TKYO-010-1,TKYO-010,Band 41 (2500MHz),-80.8,-12.6,5.2,69.8,39.5,72.4
2026-07-16 11:00:00,TKYO-010-2,TKYO-010,Band 41 (2500MHz),-81.2,-13.5,5.5,61.4,39.6,114.5
2026-07-16 11:00:00,TKYO-010-3,TKYO-010,Band 41 (2500MHz),-86.8,-11.2,2.8,66.4,22.1,150.7
2026-07-16 11:00:00,TKYO-011-1,TKYO-011,Band 1 (2100MHz),-82.9,-13.2,9.1,70.6,38.4,144.0
2026-07-16 11:00:00,TKYO-011-2,TKYO-011,Band 1 (2100MHz),-76.9,-11.4,8.3,92.8,48.4,115.2
2026-07-16 11:00:00,TKYO-011-3,TKYO-011,Band 1 (2100MHz),-76.0,-8.5,8.6,64.3,49.6,123.7
2026-07-16 11:00:00,TKYO-012-1,TKYO-012,Band 41 (2500MHz),-89.6,-10.8,12.5,76.1,37.7,93.5
2026-07-16 11:00:00,TKYO-012-2,TKYO-012,Band 41 (2500MHz),-89.3,-10.6,0.6,62.1,46.8,151.7
2026-07-16 11:00:00,TKYO-012-3,TKYO-012,Band 41 (2500MHz),-85.8,-9.2,3.3,69.0,22.3,115.6
2026-07-16 11:00:00,TKYO-013-1,TKYO-013,Band 1 (2100MHz),-84.5,-12.1,3.1,60.0,46.8,82.5
2026-07-16 11:00:00,TKYO-013-2,TKYO-013,Band 1 (2100MHz),-97.6,-15.4,6.8,76.2,38.4,99.5
2026-07-16 11:00:00,TKYO-013-3,TKYO-013,Band 1 (2100MHz),-89.6,-16.0,2.5,86.6,46.9,135.8
2026-07-16 11:00:00,TKYO-014-1,TKYO-014,Band 41 (2500MHz),-87.0,-12.1,11.0,63.8,42.6,118.2
2026-07-16 11:00:00,TKYO-014-2,TKYO-014,Band 41 (2500MHz),-97.8,-15.4,-4.1,55.8,41.2,64.9
2026-07-16 11:00:00,TKYO-014-3,TKYO-014,Band 41 (2500MHz),-87.3,-10.9,7.3,83.7,40.6,101.4
2026-07-16 11:00:00,TKYO-015-1,TKYO-015,Band 1 (2100MHz),-84.6,-9.9,9.7,62.9,47.5,123.4
2026-07-16 11:00:00,TKYO-015-2,TKYO-015,Band 1 (2100MHz),-88.1,-11.7,6.9,72.9,28.6,126.7
2026-07-16 11:00:00,TKYO-015-3,TKYO-015,Band 1 (2100MHz),-82.5,-11.9,17.0,80.3,48.1,115.9
2026-07-16 11:00:00,TKYO-016-1,TKYO-016,Band 41 (2500MHz),-80.3,-13.0,9.3,51.1,50.1,115.4
2026-07-16 11:00:00,TKYO-016-2,TKYO-016,Band 41 (2500MHz),-79.8,-7.5,2.8,49.4,18.5,78.3
2026-07-16 11:00:00,TKYO-016-3,TKYO-016,Band 41 (2500MHz),-78.4,-12.0,7.3,68.9,55.2,87.8
2026-07-16 12:00:00,TKYO-001-1,TKYO-001,Band 1 (2100MHz),-82.6,-9.5,4.9,92.2,23.1,92.3
2026-07-16 12:00:00,TKYO-001-2,TKYO-001,Band 1 (2100MHz),-87.8,-11.2,8.0,58.5,28.4,88.6
2026-07-16 12:00:00,TKYO-001-3,TKYO-001,Band 1 (2100MHz),-88.8,-13.5,16.9,76.4,41.8,114.1
2026-07-16 12:00:00,TKYO-002-1,TKYO-002,Band 41 (2500MHz),-86.6,-11.9,11.7,72.8,45.0,112.7
2026-07-16 12:00:00,TKYO-002-2,TKYO-002,Band 41 (2500MHz),-69.8,-12.5,11.8,74.1,46.6,170.8
2026-07-16 12:00:00,TKYO-002-3,TKYO-002,Band 41 (2500MHz),-87.4,-8.0,-4.5,42.6,37.6,140.0
2026-07-16 12:00:00,TKYO-003-1,TKYO-003,Band 1 (2100MHz),-80.1,-9.5,8.5,63.1,43.3,137.1
2026-07-16 12:00:00,TKYO-003-2,TKYO-003,Band 1 (2100MHz),-92.5,-18.2,5.2,53.4,30.8,96.0
2026-07-16 12:00:00,TKYO-003-3,TKYO-003,Band 1 (2100MHz),-88.6,-12.9,4.2,59.2,34.8,104.1
2026-07-16 12:00:00,TKYO-004-1,TKYO-004,Band 41 (2500MHz),-72.3,-15.5,9.7,63.2,37.3,84.8
2026-07-16 12:00:00,TKYO-004-2,TKYO-004,Band 41 (2500MHz),-85.1,-10.1,2.1,73.3,38.3,127.5
2026-07-16 12:00:00,TKYO-004-3,TKYO-004,Band 41 (2500MHz),-82.2,-14.2,6.7,45.7,44.6,99.6
2026-07-16 12:00:00,TKYO-005-1,TKYO-005,Band 1 (2100MHz),-86.6,-7.7,11.8,67.4,38.1,112.2
2026-07-16 12:00:00,TKYO-005-2,TKYO-005,Band 1 (2100MHz),-77.9,-11.3,1.2,72.1,38.5,92.5
2026-07-16 12:00:00,TKYO-005-3,TKYO-005,Band 1 (2100MHz),-95.7,-15.5,0.7,64.1,28.4,137.3
2026-07-16 12:00:00,TKYO-006-1,TKYO-006,Band 41 (2500MHz),-81.7,-13.2,7.1,74.6,29.2,138.4
2026-07-16 12:00:00,TKYO-006-2,TKYO-006,Band 41 (2500MHz),-83.9,-12.5,9.0,100.0,34.1,132.6
2026-07-16 12:00:00,TKYO-006-3,TKYO-006,Band 41 (2500MHz),-81.0,-9.5,-2.4,63.1,32.0,116.9
2026-07-16 12:00:00,TKYO-007-1,TKYO-007,Band 1 (2100MHz),-83.0,-10.9,12.5,61.9,49.3,128.8
2026-07-16 12:00:00,TKYO-007-2,TKYO-007,Band 1 (2100MHz),-82.7,-14.7,6.7,47.3,50.3,126.7
2026-07-16 12:00:00,TKYO-007-3,TKYO-007,Band 1 (2100MHz),-97.5,-15.4,3.5,80.2,57.8,145.1
2026-07-16 12:00:00,TKYO-008-1,TKYO-008,Band 41 (2500MHz),-85.5,-9.5,3.1,94.1,28.1,109.7
2026-07-16 12:00:00,TKYO-008-2,TKYO-008,Band 41 (2500MHz),-86.5,-6.4,14.2,82.1,17.5,114.2
2026-07-16 12:00:00,TKYO-008-3,TKYO-008,Band 41 (2500MHz),-94.1,-13.2,4.7,58.4,56.6,135.0
2026-07-16 12:00:00,TKYO-009-1,TKYO-009,Band 1 (2100MHz),-84.5,-11.5,5.9,65.9,38.3,125.8
2026-07-16 12:00:00,TKYO-009-2,TKYO-009,Band 1 (2100MHz),-76.9,-14.2,1.5,68.7,35.2,155.2
2026-07-16 12:00:00,TKYO-009-3,TKYO-009,Band 1 (2100MHz),-82.1,-11.2,9.9,75.0,37.3,131.1
2026-07-16 12:00:00,TKYO-010-1,TKYO-010,Band 41 (2500MHz),-81.2,-14.1,9.2,81.1,52.1,126.3
2026-07-16 12:00:00,TKYO-010-2,TKYO-010,Band 41 (2500MHz),-86.7,-10.0,-0.9,54.6,34.5,100.4
2026-07-16 12:00:00,TKYO-010-3,TKYO-010,Band 41 (2500MHz),-87.4,-11.2,14.4,74.4,46.9,110.6
2026-07-16 12:00:00,TKYO-011-1,TKYO-011,Band 1 (2100MHz),-83.1,-12.1,8.5,56.4,29.9,94.1
2026-07-16 12:00:00,TKYO-011-2,TKYO-011,Band 1 (2100MHz),-78.6,-11.3,9.6,69.8,62.5,122.4
2026-07-16 12:00:00,TKYO-011-3,TKYO-011,Band 1 (2100MHz),-79.7,-8.7,10.3,69.0,25.5,99.8
2026-07-16 12:00:00,TKYO-012-1,TKYO-012,Band 41 (2500MHz),-80.7,-10.6,5.8,74.6,39.7,62.1
2026-07-16 12:00:00,TKYO-012-2,TKYO-012,Band 41 (2500MHz),-86.1,-10.9,-0.0,59.1,42.0,123.5
2026-07-16 12:00:00,TKYO-012-3,TKYO-012,Band 41 (2500MHz),-88.2,-13.5,7.9,70.2,45.5,138.7
2026-07-16 12:00:00,TKYO-013-1,TKYO-013,Band 1 (2100MHz),-92.2,-13.2,7.8,81.0,42.4,112.9
2026-07-16 12:00:00,TKYO-013-2,TKYO-013,Band 1 (2100MHz),-94.0,-17.7,-7.6,84.8,45.9,146.2
2026-07-16 12:00:00,TKYO-013-3,TKYO-013,Band 1 (2100MHz),-86.8,-14.0,4.7,66.8,41.4,75.8
2026-07-16 12:00:00,TKYO-014-1,TKYO-014,Band 41 (2500MHz),-83.0,-7.4,10.6,88.5,46.2,113.5
2026-07-16 12:00:00,TKYO-014-2,TKYO-014,Band 41 (2500MHz),-95.8,-14.1,-3.8,88.4,50.8,87.8
2026-07-16 12:00:00,TKYO-014-3,TKYO-014,Band 41 (2500MHz),-83.1,-9.6,5.7,90.8,44.5,89.3
2026-07-16 12:00:00,TKYO-015-1,TKYO-015,Band 1 (2100MHz),-83.2,-7.5,15.3,65.4,42.3,141.5
2026-07-16 12:00:00,TKYO-015-2,TKYO-015,Band 1 (2100MHz),-75.8,-10.3,8.3,73.6,43.5,113.7
2026-07-16 12:00:00,TKYO-015-3,TKYO-015,Band 1 (2100MHz),-82.2,-11.8,9.0,90.7,39.5,97.5
2026-07-16 12:00:00,TKYO-016-1,TKYO-016,Band 41 (2500MHz),-79.8,-13.6,2.7,66.6,48.5,117.2
2026-07-16 12:00:00,TKYO-016-2,TKYO-016,Band 41 (2500MHz),-87.5,-9.3,17.0,64.9,40.6,95.4
2026-07-16 12:00:00,TKYO-016-3,TKYO-016,Band 41 (2500MHz),-79.4,-13.0,11.8,52.6,38.4,85.4
2026-07-16 13:00:00,TKYO-001-1,TKYO-001,Band 1 (2100MHz),-75.7,-15.2,14.5,67.7,39.7,88.3
2026-07-16 13:00:00,TKYO-001-2,TKYO-001,Band 1 (2100MHz),-84.8,-11.3,1.8,54.2,33.6,101.4
2026-07-16 13:00:00,TKYO-001-3,TKYO-001,Band 1 (2100MHz),-75.7,-12.8,4.7,82.0,46.5,100.9
2026-07-16 13:00:00,TKYO-002-1,TKYO-002,Band 41 (2500MHz),-87.0,-10.4,13.0,90.1,35.5,119.9
2026-07-16 13:00:00,TKYO-002-2,TKYO-002,Band 41 (2500MHz),-91.0,-9.5,7.7,71.4,48.8,129.1
2026-07-16 13:00:00,TKYO-002-3,TKYO-002,Band 41 (2500MHz),-77.3,-11.2,6.3,84.3,36.1,103.3
2026-07-16 13:00:00,TKYO-003-1,TKYO-003,Band 1 (2100MHz),-86.5,-14.6,6.8,53.6,42.5,99.5
2026-07-16 13:00:00,TKYO-003-2,TKYO-003,Band 1 (2100MHz),-98.8,-16.4,-0.0,87.1,34.7,104.9
2026-07-16 13:00:00,TKYO-003-3,TKYO-003,Band 1 (2100MHz),-86.1,-11.7,15.2,73.8,33.1,130.7
2026-07-16 13:00:00,TKYO-004-1,TKYO-004,Band 41 (2500MHz),-90.8,-12.0,5.0,65.6,16.6,109.0
2026-07-16 13:00:00,TKYO-004-2,TKYO-004,Band 41 (2500MHz),-94.2,-15.8,2.9,45.9,27.9,120.6
2026-07-16 13:00:00,TKYO-004-3,TKYO-004,Band 41 (2500MHz),-86.8,-13.8,1.3,57.5,42.9,143.3
2026-07-16 13:00:00,TKYO-005-1,TKYO-005,Band 1 (2100MHz),-80.5,-16.2,6.3,78.9,45.7,103.2
2026-07-16 13:00:00,TKYO-005-2,TKYO-005,Band 1 (2100MHz),-81.8,-10.1,4.6,61.4,36.5,106.2
2026-07-16 13:00:00,TKYO-005-3,TKYO-005,Band 1 (2100MHz),-89.1,-13.9,0.9,74.5,29.2,100.9
2026-07-16 13:00:00,TKYO-006-1,TKYO-006,Band 41 (2500MHz),-86.0,-14.7,14.1,81.1,23.4,99.8
2026-07-16 13:00:00,TKYO-006-2,TKYO-006,Band 41 (2500MHz),-82.0,-11.7,6.7,57.7,26.0,65.6
2026-07-16 13:00:00,TKYO-006-3,TKYO-006,Band 41 (2500MHz),-91.1,-9.7,4.1,76.6,49.2,108.8
2026-07-16 13:00:00,TKYO-007-1,TKYO-007,Band 1 (2100MHz),-93.7,-10.8,12.4,63.5,45.4,78.4
2026-07-16 13:00:00,TKYO-007-2,TKYO-007,Band 1 (2100MHz),-85.1,-10.3,3.4,69.5,39.2,119.9
2026-07-16 13:00:00,TKYO-007-3,TKYO-007,Band 1 (2100MHz),-95.6,-16.1,-5.3,92.9,36.0,132.8
2026-07-16 13:00:00,TKYO-008-1,TKYO-008,Band 41 (2500MHz),-76.0,-12.0,-0.4,82.0,38.5,134.3
2026-07-16 13:00:00,TKYO-008-2,TKYO-008,Band 41 (2500MHz),-85.3,-11.0,12.5,80.1,53.8,122.8
2026-07-16 13:00:00,TKYO-008-3,TKYO-008,Band 41 (2500MHz),-81.8,-5.0,4.3,71.2,34.1,97.9
2026-07-16 13:00:00,TKYO-009-1,TKYO-009,Band 1 (2100MHz),-84.9,-12.1,15.1,72.0,44.0,103.2
2026-07-16 13:00:00,TKYO-009-2,TKYO-009,Band 1 (2100MHz),-80.4,-9.8,8.4,91.6,46.8,114.6
2026-07-16 13:00:00,TKYO-009-3,TKYO-009,Band 1 (2100MHz),-86.2,-12.7,16.6,78.2,51.8,111.6
2026-07-16 13:00:00,TKYO-010-1,TKYO-010,Band 41 (2500MHz),-83.4,-11.0,12.0,95.2,27.8,151.1
2026-07-16 13:00:00,TKYO-010-2,TKYO-010,Band 41 (2500MHz),-84.9,-12.5,3.4,61.7,31.8,99.5
2026-07-16 13:00:00,TKYO-010-3,TKYO-010,Band 41 (2500MHz),-79.7,-12.4,3.5,62.4,43.5,139.5
2026-07-16 13:00:00,TKYO-011-1,TKYO-011,Band 1 (2100MHz),-82.6,-10.5,6.1,79.8,52.7,166.5
2026-07-16 13:00:00,TKYO-011-2,TKYO-011,Band 1 (2100MHz),-79.4,-10.5,9.8,67.1,43.1,107.8
2026-07-16 13:00:00,TKYO-011-3,TKYO-011,Band 1 (2100MHz),-85.2,-14.9,-2.1,66.3,35.7,143.2
2026-07-16 13:00:00,TKYO-012-1,TKYO-012,Band 41 (2500MHz),-84.8,-11.7,10.2,66.2,40.8,114.7
2026-07-16 13:00:00,TKYO-012-2,TKYO-012,Band 41 (2500MHz),-85.9,-8.6,10.6,58.4,45.7,87.4
2026-07-16 13:00:00,TKYO-012-3,TKYO-012,Band 41 (2500MHz),-88.7,-11.9,-6.7,66.4,35.9,138.6
2026-07-16 13:00:00,TKYO-013-1,TKYO-013,Band 1 (2100MHz),-77.0,-10.5,5.8,91.4,27.2,169.0
2026-07-16 13:00:00,TKYO-013-2,TKYO-013,Band 1 (2100MHz),-102.6,-14.9,1.8,74.4,45.9,107.1
2026-07-16 13:00:00,TKYO-013-3,TKYO-013,Band 1 (2100MHz),-75.3,-13.0,1.7,60.4,48.4,122.1
2026-07-16 13:00:00,TKYO-014-1,TKYO-014,Band 41 (2500MHz),-74.4,-11.1,3.3,67.9,40.3,97.1
2026-07-16 13:00:00,TKYO-014-2,TKYO-014,Band 41 (2500MHz),-98.0,-8.9,-2.6,89.4,30.0,120.8
2026-07-16 13:00:00,TKYO-014-3,TKYO-014,Band 41 (2500MHz),-85.0,-12.0,-3.4,73.5,46.3,145.3
2026-07-16 13:00:00,TKYO-015-1,TKYO-015,Band 1 (2100MHz),-89.3,-5.5,9.5,59.6,23.7,140.5
2026-07-16 13:00:00,TKYO-015-2,TKYO-015,Band 1 (2100MHz),-82.5,-12.6,10.9,80.1,40.6,78.6
2026-07-16 13:00:00,TKYO-015-3,TKYO-015,Band 1 (2100MHz),-81.5,-12.8,14.0,65.4,47.9,108.5
2026-07-16 13:00:00,TKYO-016-1,TKYO-016,Band 41 (2500MHz),-81.9,-11.7,8.3,70.7,26.7,105.3
2026-07-16 13:00:00,TKYO-016-2,TKYO-016,Band 41 (2500MHz),-85.5,-11.6,9.0,75.7,22.0,118.5
2026-07-16 13:00:00,TKYO-016-3,TKYO-016,Band 41 (2500MHz),-81.2,-11.9,-2.3,30.9,34.9,121.0
2026-07-16 14:00:00,TKYO-001-1,TKYO-001,Band 1 (2100MHz),-79.5,-10.8,8.9,76.7,45.8,92.2
2026-07-16 14:00:00,TKYO-001-2,TKYO-001,Band 1 (2100MHz),-85.7,-11.8,15.8,61.4,33.9,102.5
2026-07-16 14:00:00,TKYO-001-3,TKYO-001,Band 1 (2100MHz),-79.9,-13.0,2.4,75.4,33.5,110.1
2026-07-16 14:00:00,TKYO-002-1,TKYO-002,Band 41 (2500MHz),-87.9,-10.1,-0.9,78.3,37.8,119.7
2026-07-16 14:00:00,TKYO-002-2,TKYO-002,Band 41 (2500MHz),-84.3,-13.2,12.6,90.3,52.1,116.5
2026-07-16 14:00:00,TKYO-002-3,TKYO-002,Band 41 (2500MHz),-87.3,-12.0,3.2,56.1,31.0,130.1
2026-07-16 14:00:00,TKYO-003-1,TKYO-003,Band 1 (2100MHz),-84.7,-10.8,10.2,65.9,44.0,135.2
2026-07-16 14:00:00,TKYO-003-2,TKYO-003,Band 1 (2100MHz),-92.9,-17.1,1.9,72.3,38.9,147.3
2026-07-16 14:00:00,TKYO-003-3,TKYO-003,Band 1 (2100MHz),-90.2,-9.4,1.7,69.4,42.9,97.7
2026-07-16 14:00:00,TKYO-004-1,TKYO-004,Band 41 (2500MHz),-82.7,-10.3,7.7,77.4,35.1,94.7
2026-07-16 14:00:00,TKYO-004-2,TKYO-004,Band 41 (2500MHz),-82.3,-11.4,13.7,58.0,42.1,103.9
2026-07-16 14:00:00,TKYO-004-3,TKYO-004,Band 41 (2500MHz),-82.4,-10.3,4.4,69.6,36.4,148.1
2026-07-16 14:00:00,TKYO-005-1,TKYO-005,Band 1 (2100MHz),-83.1,-14.0,1.1,90.7,34.2,124.8
2026-07-16 14:00:00,TKYO-005-2,TKYO-005,Band 1 (2100MHz),-76.5,-13.3,12.2,71.3,31.4,104.1
2026-07-16 14:00:00,TKYO-005-3,TKYO-005,Band 1 (2100MHz),-97.7,-14.6,-6.0,67.5,38.7,94.7
2026-07-16 14:00:00,TKYO-006-1,TKYO-006,Band 41 (2500MHz),-96.4,-9.7,11.9,73.7,46.3,115.1
2026-07-16 14:00:00,TKYO-006-2,TKYO-006,Band 41 (2500MHz),-90.3,-8.1,14.0,67.3,46.5,65.3
2026-07-16 14:00:00,TKYO-006-3,TKYO-006,Band 41 (2500MHz),-89.7,-9.5,9.0,71.6,36.9,127.1
2026-07-16 14:00:00,TKYO-007-1,TKYO-007,Band 1 (2100MHz),-83.5,-8.6,7.3,76.9,40.8,93.8
2026-07-16 14:00:00,TKYO-007-2,TKYO-007,Band 1 (2100MHz),-86.5,-10.8,5.4,78.8,46.4,94.1
2026-07-16 14:00:00,TKYO-007-3,TKYO-007,Band 1 (2100MHz),-99.8,-18.2,-3.5,62.9,60.7,80.9
2026-07-16 14:00:00,TKYO-008-1,TKYO-008,Band 41 (2500MHz),-86.0,-10.5,6.4,73.6,26.4,114.8
2026-07-16 14:00:00,TKYO-008-2,TKYO-008,Band 41 (2500MHz),-80.7,-11.2,3.5,94.4,36.3,52.8
2026-07-16 14:00:00,TKYO-008-3,TKYO-008,Band 41 (2500MHz),-86.5,-9.9,4.0,63.6,43.5,74.6
2026-07-16 14:00:00,TKYO-009-1,TKYO-009,Band 1 (2100MHz),-85.9,-11.9,5.4,71.0,41.2,132.9
2026-07-16 14:00:00,TKYO-009-2,TKYO-009,Band 1 (2100MHz),-78.7,-9.0,17.2,72.3,18.5,148.7
2026-07-16 14:00:00,TKYO-009-3,TKYO-009,Band 1 (2100MHz),-82.2,-14.3,2.7,73.5,45.7,97.8
2026-07-16 14:00:00,TKYO-010-1,TKYO-010,Band 41 (2500MHz),-82.0,-9.7,11.3,56.4,37.0,90.2
2026-07-16 14:00:00,TKYO-010-2,TKYO-010,Band 41 (2500MHz),-81.5,-11.8,3.7,71.6,59.1,132.6
2026-07-16 14:00:00,TKYO-010-3,TKYO-010,Band 41 (2500MHz),-88.2,-12.3,-0.9,60.9,30.1,128.0
2026-07-16 14:00:00,TKYO-011-1,TKYO-011,Band 1 (2100MHz),-90.7,-13.2,12.1,52.1,37.5,79.8
2026-07-16 14:00:00,TKYO-011-2,TKYO-011,Band 1 (2100MHz),-86.9,-11.9,13.5,71.0,25.3,132.8
2026-07-16 14:00:00,TKYO-011-3,TKYO-011,Band 1 (2100MHz),-82.2,-10.5,9.5,55.4,46.0,91.7
2026-07-16 14:00:00,TKYO-012-1,TKYO-012,Band 41 (2500MHz),-88.2,-10.8,9.4,55.7,41.5,113.6
2026-07-16 14:00:00,TKYO-012-2,TKYO-012,Band 41 (2500MHz),-81.0,-10.8,6.3,65.2,50.4,64.6
2026-07-16 14:00:00,TKYO-012-3,TKYO-012,Band 41 (2500MHz),-77.7,-9.3,11.6,60.1,44.0,104.3
2026-07-16 14:00:00,TKYO-013-1,TKYO-013,Band 1 (2100MHz),-82.8,-10.9,14.3,67.8,50.9,119.0
2026-07-16 14:00:00,TKYO-013-2,TKYO-013,Band 1 (2100MHz),-95.3,-14.6,-3.0,89.1,32.8,119.7
2026-07-16 14:00:00,TKYO-013-3,TKYO-013,Band 1 (2100MHz),-92.7,-11.8,11.0,60.9,60.0,133.5
2026-07-16 14:00:00,TKYO-014-1,TKYO-014,Band 41 (2500MHz),-77.2,-10.6,7.8,64.2,38.5,121.0
2026-07-16 14:00:00,TKYO-014-2,TKYO-014,Band 41 (2500MHz),-96.1,-16.2,-7.2,67.9,45.8,113.6
2026-07-16 14:00:00,TKYO-014-3,TKYO-014,Band 41 (2500MHz),-88.3,-11.4,8.5,73.5,41.2,117.0
2026-07-16 14:00:00,TKYO-015-1,TKYO-015,Band 1 (2100MHz),-82.6,-15.3,10.0,70.5,45.6,102.3
2026-07-16 14:00:00,TKYO-015-2,TKYO-015,Band 1 (2100MHz),-87.9,-11.7,-7.1,53.8,45.1,128.5
2026-07-16 14:00:00,TKYO-015-3,TKYO-015,Band 1 (2100MHz),-88.0,-12.8,10.1,63.0,20.6,148.6
2026-07-16 14:00:00,TKYO-016-1,TKYO-016,Band 41 (2500MHz),-79.4,-11.6,-1.3,78.1,23.4,111.6
2026-07-16 14:00:00,TKYO-016-2,TKYO-016,Band 41 (2500MHz),-84.2,-12.8,2.6,50.8,30.2,99.7
2026-07-16 14:00:00,TKYO-016-3,TKYO-016,Band 41 (2500MHz),-78.3,-10.6,2.5,49.7,35.1,76.7
2026-07-16 15:00:00,TKYO-001-1,TKYO-001,Band 1 (2100MHz),-84.9,-9.9,5.9,13.2,20.4,29.4
2026-07-16 15:00:00,TKYO-001-2,TKYO-001,Band 1 (2100MHz),-78.5,-5.6,3.5,26.4,0.0,33.8
2026-07-16 15:00:00,TKYO-001-3,TKYO-001,Band 1 (2100MHz),-87.1,-8.9,17.9,0.0,9.1,52.0
2026-07-16 15:00:00,TKYO-002-1,TKYO-002,Band 41 (2500MHz),-84.0,-9.0,10.6,10.6,20.7,50.4
2026-07-16 15:00:00,TKYO-002-2,TKYO-002,Band 41 (2500MHz),-88.1,-10.0,4.3,32.5,26.8,10.7
2026-07-16 15:00:00,TKYO-002-3,TKYO-002,Band 41 (2500MHz),-85.3,-8.7,11.8,28.8,17.9,50.8
2026-07-16 15:00:00,TKYO-003-1,TKYO-003,Band 1 (2100MHz),-84.3,-9.2,14.1,14.1,14.0,26.4
2026-07-16 15:00:00,TKYO-003-2,TKYO-003,Band 1 (2100MHz),-93.1,-11.6,-4.6,11.1,14.4,53.7
2026-07-16 15:00:00,TKYO-003-3,TKYO-003,Band 1 (2100MHz),-77.6,-5.9,6.4,13.8,7.7,50.4
2026-07-16 15:00:00,TKYO-004-1,TKYO-004,Band 41 (2500MHz),-82.5,-7.9,2.0,16.9,18.4,58.0
2026-07-16 15:00:00,TKYO-004-2,TKYO-004,Band 41 (2500MHz),-88.3,-9.0,5.3,0.0,13.9,37.3
2026-07-16 15:00:00,TKYO-004-3,TKYO-004,Band 41 (2500MHz),-85.6,-9.5,12.0,15.5,7.7,63.8
2026-07-16 15:00:00,TKYO-005-1,TKYO-005,Band 1 (2100MHz),-81.2,-9.2,0.6,25.1,11.4,66.0
2026-07-16 15:00:00,TKYO-005-2,TKYO-005,Band 1 (2100MHz),-89.0,-6.7,2.4,55.3,0.0,46.9
2026-07-16 15:00:00,TKYO-005-3,TKYO-005,Band 1 (2100MHz),-89.4,-13.1,1.4,16.1,20.5,47.0
2026-07-16 15:00:00,TKYO-006-1,TKYO-006,Band 41 (2500MHz),-82.5,-8.1,6.2,17.7,16.2,0.0
2026-07-16 15:00:00,TKYO-006-2,TKYO-006,Band 41 (2500MHz),-84.5,-8.3,11.1,24.3,15.4,21.4
2026-07-16 15:00:00,TKYO-006-3,TKYO-006,Band 41 (2500MHz),-86.0,-9.8,-1.0,8.2,1.4,24.7
2026-07-16 15:00:00,TKYO-007-1,TKYO-007,Band 1 (2100MHz),-86.6,-9.0,10.6,57.6,20.0,8.9
2026-07-16 15:00:00,TKYO-007-2,TKYO-007,Band 1 (2100MHz),-81.8,-8.1,5.8,2.1,15.7,33.6
2026-07-16 15:00:00,TKYO-007-3,TKYO-007,Band 1 (2100MHz),-103.5,-13.5,4.4,22.3,16.1,57.6
2026-07-16 15:00:00,TKYO-008-1,TKYO-008,Band 41 (2500MHz),-82.4,-5.8,-0.6,27.4,22.0,30.1
2026-07-16 15:00:00,TKYO-008-2,TKYO-008,Band 41 (2500MHz),-88.0,-8.0,11.5,15.4,17.9,53.6
2026-07-16 15:00:00,TKYO-008-3,TKYO-008,Band 41 (2500MHz),-83.5,-7.0,8.9,40.2,5.0,37.3
2026-07-16 15:00:00,TKYO-009-1,TKYO-009,Band 1 (2100MHz),-84.6,-10.8,9.4,20.7,11.2,6.9
2026-07-16 15:00:00,TKYO-009-2,TKYO-009,Band 1 (2100MHz),-90.3,-5.6,0.5,10.0,16.9,41.8
2026-07-16 15:00:00,TKYO-009-3,TKYO-009,Band 1 (2100MHz),-79.0,-11.3,5.5,32.1,0.6,62.3
2026-07-16 15:00:00,TKYO-010-1,TKYO-010,Band 41 (2500MHz),-81.5,-7.7,3.8,10.9,21.3,29.6
2026-07-16 15:00:00,TKYO-010-2,TKYO-010,Band 41 (2500MHz),-82.7,-7.8,-2.1,16.6,17.4,51.4
2026-07-16 15:00:00,TKYO-010-3,TKYO-010,Band 41 (2500MHz),-86.4,-9.1,9.1,21.3,1.1,43.1
2026-07-16 15:00:00,TKYO-011-1,TKYO-011,Band 1 (2100MHz),-79.2,-9.1,2.9,17.0,10.8,9.9
2026-07-16 15:00:00,TKYO-011-2,TKYO-011,Band 1 (2100MHz),-88.7,-7.0,10.2,30.3,21.2,70.0
2026-07-16 15:00:00,TKYO-011-3,TKYO-011,Band 1 (2100MHz),-90.6,-9.4,7.3,31.1,7.6,19.4
2026-07-16 15:00:00,TKYO-012-1,TKYO-012,Band 41 (2500MHz),-79.7,-7.7,14.1,51.5,24.9,72.2
2026-07-16 15:00:00,TKYO-012-2,TKYO-012,Band 41 (2500MHz),-86.0,-12.0,9.1,24.8,12.8,40.1
2026-07-16 15:00:00,TKYO-012-3,TKYO-012,Band 41 (2500MHz),-86.8,-8.4,5.8,18.6,4.6,42.9
2026-07-16 15:00:00,TKYO-013-1,TKYO-013,Band 1 (2100MHz),-85.7,-9.0,6.1,11.9,16.2,39.8
2026-07-16 15:00:00,TKYO-013-2,TKYO-013,Band 1 (2100MHz),-103.3,-12.0,0.6,4.5,0.0,29.3
2026-07-16 15:00:00,TKYO-013-3,TKYO-013,Band 1 (2100MHz),-89.3,-9.0,-3.0,12.1,7.4,26.3
2026-07-16 15:00:00,TKYO-014-1,TKYO-014,Band 41 (2500MHz),-87.0,-9.3,3.4,26.1,12.6,11.0
2026-07-16 15:00:00,TKYO-014-2,TKYO-014,Band 41 (2500MHz),-97.1,-12.8,3.3,31.5,8.5,58.0
2026-07-16 15:00:00,TKYO-014-3,TKYO-014,Band 41 (2500MHz),-90.5,-10.3,11.8,8.5,27.1,42.5
2026-07-16 15:00:00,TKYO-015-1,TKYO-015,Band 1 (2100MHz),-92.6,-10.0,9.4,20.2,14.4,15.0
2026-07-16 15:00:00,TKYO-015-2,TKYO-015,Band 1 (2100MHz),-83.5,-10.4,4.0,26.1,15.7,110.2
2026-07-16 15:00:00,TKYO-015-3,TKYO-015,Band 1 (2100MHz),-80.2,-3.7,14.6,27.0,1.0,19.4
2026-07-16 15:00:00,TKYO-016-1,TKYO-016,Band 41 (2500MHz),-88.0,-10.1,3.9,37.6,12.5,49.4
2026-07-16 15:00:00,TKYO-016-2,TKYO-016,Band 41 (2500MHz),-81.7,-12.0,11.5,24.7,16.9,49.3
2026-07-16 15:00:00,TKYO-016-3,TKYO-016,Band 41 (2500MHz),-83.9,-6.8,4.5,39.4,43.5,69.3
2026-07-16 16:00:00,TKYO-001-1,TKYO-001,Band 1 (2100MHz),-83.7,-12.1,11.3,100.0,41.2,111.3
2026-07-16 16:00:00,TKYO-001-2,TKYO-001,Band 1 (2100MHz),-85.4,-12.1,17.3,85.0,46.7,144.0
2026-07-16 16:00:00,TKYO-001-3,TKYO-001,Band 1 (2100MHz),-83.9,-12.2,6.5,82.3,71.4,135.3
2026-07-16 16:00:00,TKYO-002-1,TKYO-002,Band 41 (2500MHz),-79.8,-14.6,-0.7,100.0,55.5,164.9
2026-07-16 16:00:00,TKYO-002-2,TKYO-002,Band 41 (2500MHz),-87.3,-12.9,5.3,93.9,59.1,165.2
2026-07-16 16:00:00,TKYO-002-3,TKYO-002,Band 41 (2500MHz),-79.0,-12.7,0.1,92.8,42.5,157.8
2026-07-16 16:00:00,TKYO-003-1,TKYO-003,Band 1 (2100MHz),-78.4,-10.9,8.1,72.1,60.6,121.9
2026-07-16 16:00:00,TKYO-003-2,TKYO-003,Band 1 (2100MHz),-91.9,-21.2,5.4,83.7,52.0,139.7
2026-07-16 16:00:00,TKYO-003-3,TKYO-003,Band 1 (2100MHz),-84.7,-14.8,2.2,81.1,62.1,137.9
2026-07-16 16:00:00,TKYO-004-1,TKYO-004,Band 41 (2500MHz),-84.8,-12.7,6.4,82.7,46.2,151.4
2026-07-16 16:00:00,TKYO-004-2,TKYO-004,Band 41 (2500MHz),-78.0,-15.8,11.9,85.5,42.5,184.1
2026-07-16 16:00:00,TKYO-004-3,TKYO-004,Band 41 (2500MHz),-81.5,-14.0,0.3,91.4,76.2,162.1
2026-07-16 16:00:00,TKYO-005-1,TKYO-005,Band 1 (2100MHz),-85.0,-13.8,2.0,92.4,58.4,139.2
2026-07-16 16:00:00,TKYO-005-2,TKYO-005,Band 1 (2100MHz),-84.5,-11.8,7.7,94.9,55.2,115.2
2026-07-16 16:00:00,TKYO-005-3,TKYO-005,Band 1 (2100MHz),-96.7,-17.1,-8.6,96.7,36.0,149.3
2026-07-16 16:00:00,TKYO-006-1,TKYO-006,Band 41 (2500MHz),-85.0,-11.9,14.9,78.5,57.5,173.7
2026-07-16 16:00:00,TKYO-006-2,TKYO-006,Band 41 (2500MHz),-84.7,-12.4,7.1,98.1,34.7,189.8
2026-07-16 16:00:00,TKYO-006-3,TKYO-006,Band 41 (2500MHz),-86.2,-11.5,1.9,98.1,47.3,171.4
2026-07-16 16:00:00,TKYO-007-1,TKYO-007,Band 1 (2100MHz),-79.9,-11.1,13.5,92.4,50.8,175.6
2026-07-16 16:00:00,TKYO-007-2,TKYO-007,Band 1 (2100MHz),-80.0,-12.5,15.9,80.1,51.0,173.3
2026-07-16 16:00:00,TKYO-007-3,TKYO-007,Band 1 (2100MHz),-94.1,-18.0,6.2,67.4,76.2,180.6
2026-07-16 16:00:00,TKYO-008-1,TKYO-008,Band 41 (2500MHz),-84.8,-12.8,2.9,93.2,38.9,147.9
2026-07-16 16:00:00,TKYO-008-2,TKYO-008,Band 41 (2500MHz),-80.5,-9.4,1.1,78.4,47.3,121.1
2026-07-16 16:00:00,TKYO-008-3,TKYO-008,Band 41 (2500MHz),-86.1,-11.9,5.7,98.1,52.6,164.0
2026-07-16 16:00:00,TKYO-009-1,TKYO-009,Band 1 (2100MHz),-81.0,-10.5,9.7,100.0,46.4,158.1
2026-07-16 16:00:00,TKYO-009-2,TKYO-009,Band 1 (2100MHz),-90.4,-11.0,15.7,88.5,48.9,201.6
2026-07-16 16:00:00,TKYO-009-3,TKYO-009,Band 1 (2100MHz),-87.9,-14.2,10.6,69.7,61.4,163.4
2026-07-16 16:00:00,TKYO-010-1,TKYO-010,Band 41 (2500MHz),-80.9,-11.7,12.5,77.4,48.9,158.2
2026-07-16 16:00:00,TKYO-010-2,TKYO-010,Band 41 (2500MHz),-86.4,-11.0,14.6,100.0,31.5,128.7
2026-07-16 16:00:00,TKYO-010-3,TKYO-010,Band 41 (2500MHz),-85.3,-13.3,6.5,95.8,55.5,174.4
2026-07-16 16:00:00,TKYO-011-1,TKYO-011,Band 1 (2100MHz),-82.2,-12.3,9.2,63.4,55.4,149.6
2026-07-16 16:00:00,TKYO-011-2,TKYO-011,Band 1 (2100MHz),-81.5,-13.7,4.8,83.9,39.0,137.4
2026-07-16 16:00:00,TKYO-011-3,TKYO-011,Band 1 (2100MHz),-84.4,-12.7,0.6,89.5,64.1,168.6
2026-07-16 16:00:00,TKYO-012-1,TKYO-012,Band 41 (2500MHz),-86.5,-16.5,3.1,82.7,48.5,128.0
2026-07-16 16:00:00,TKYO-012-2,TKYO-012,Band 41 (2500MHz),-93.2,-14.5,10.4,84.9,43.0,175.6
2026-07-16 16:00:00,TKYO-012-3,TKYO-012,Band 41 (2500MHz),-86.1,-12.9,4.7,98.5,52.8,169.2
2026-07-16 16:00:00,TKYO-013-1,TKYO-013,Band 1 (2100MHz),-84.6,-10.7,11.3,69.8,62.8,202.0
2026-07-16 16:00:00,TKYO-013-2,TKYO-013,Band 1 (2100MHz),-99.2,-15.6,-2.3,90.7,54.2,133.6
2026-07-16 16:00:00,TKYO-013-3,TKYO-013,Band 1 (2100MHz),-89.3,-11.8,10.7,82.3,36.9,147.5
2026-07-16 16:00:00,TKYO-014-1,TKYO-014,Band 41 (2500MHz),-84.9,-12.1,3.7,90.4,43.5,153.7
2026-07-16 16:00:00,TKYO-014-2,TKYO-014,Band 41 (2500MHz),-96.2,-16.4,0.4,85.6,49.2,140.7
2026-07-16 16:00:00,TKYO-014-3,TKYO-014,Band 41 (2500MHz),-83.2,-12.2,9.3,78.5,36.9,143.7
2026-07-16 16:00:00,TKYO-015-1,TKYO-015,Band 1 (2100MHz),-83.7,-13.3,9.5,100.0,46.9,141.3
2026-07-16 16:00:00,TKYO-015-2,TKYO-015,Band 1 (2100MHz),-89.1,-12.7,13.1,100.0,53.3,155.2
2026-07-16 16:00:00,TKYO-015-3,TKYO-015,Band 1 (2100MHz),-79.9,-14.1,17.4,73.6,52.6,147.4
2026-07-16 16:00:00,TKYO-016-1,TKYO-016,Band 41 (2500MHz),-84.9,-13.2,-4.2,83.6,34.8,169.9
2026-07-16 16:00:00,TKYO-016-2,TKYO-016,Band 41 (2500MHz),-85.9,-14.4,2.6,91.2,49.9,164.9
2026-07-16 16:00:00,TKYO-016-3,TKYO-016,Band 41 (2500MHz),-84.5,-11.2,3.8,100.0,43.0,155.4
2026-07-16 17:00:00,TKYO-001-1,TKYO-001,Band 1 (2100MHz),-87.2,-12.1,11.2,100.0,66.9,191.1
2026-07-16 17:00:00,TKYO-001-2,TKYO-001,Band 1 (2100MHz),-81.6,-11.5,5.2,97.3,72.9,164.6
2026-07-16 17:00:00,TKYO-001-3,TKYO-001,Band 1 (2100MHz),-81.9,-8.0,10.6,100.0,59.5,184.2
2026-07-16 17:00:00,TKYO-002-1,TKYO-002,Band 41 (2500MHz),-82.5,-9.0,14.3,90.5,78.5,144.9
2026-07-16 17:00:00,TKYO-002-2,TKYO-002,Band 41 (2500MHz),-79.2,-13.0,2.1,95.1,62.3,157.6
2026-07-16 17:00:00,TKYO-002-3,TKYO-002,Band 41 (2500MHz),-85.4,-14.6,12.7,95.7,60.2,183.7
2026-07-16 17:00:00,TKYO-003-1,TKYO-003,Band 1 (2100MHz),-83.1,-13.1,5.8,88.4,59.2,160.5
2026-07-16 17:00:00,TKYO-003-2,TKYO-003,Band 1 (2100MHz),-108.3,-17.5,2.5,99.2,64.1,177.2
2026-07-16 17:00:00,TKYO-003-3,TKYO-003,Band 1 (2100MHz),-76.2,-11.3,3.2,96.1,67.2,177.0
2026-07-16 17:00:00,TKYO-004-1,TKYO-004,Band 41 (2500MHz),-84.8,-13.6,12.4,100.0,60.5,189.3
2026-07-16 17:00:00,TKYO-004-2,TKYO-004,Band 41 (2500MHz),-85.1,-17.5,2.6,85.1,59.4,149.7
2026-07-16 17:00:00,TKYO-004-3,TKYO-004,Band 41 (2500MHz),-83.9,-13.2,-2.1,100.0,58.7,176.0
2026-07-16 17:00:00,TKYO-005-1,TKYO-005,Band 1 (2100MHz),-88.0,-9.7,7.1,100.0,67.5,127.9
2026-07-16 17:00:00,TKYO-005-2,TKYO-005,Band 1 (2100MHz),-90.3,-11.8,5.7,100.0,78.0,139.8
2026-07-16 17:00:00,TKYO-005-3,TKYO-005,Band 1 (2100MHz),-92.4,-15.6,-8.3,100.0,65.3,184.9
2026-07-16 17:00:00,TKYO-006-1,TKYO-006,Band 41 (2500MHz),-82.6,-13.4,11.7,92.9,43.0,97.1
2026-07-16 17:00:00,TKYO-006-2,TKYO-006,Band 41 (2500MHz),-86.4,-11.9,16.5,100.0,64.3,174.2
2026-07-16 17:00:00,TKYO-006-3,TKYO-006,Band 41 (2500MHz),-76.4,-13.1,10.5,93.2,44.5,121.2
2026-07-16 17:00:00,TKYO-007-1,TKYO-007,Band 1 (2100MHz),-86.1,-12.5,5.7,87.2,58.4,175.9
2026-07-16 17:00:00,TKYO-007-2,TKYO-007,Band 1 (2100MHz),-86.0,-13.3,7.6,100.0,63.6,179.5
2026-07-16 17:00:00,TKYO-007-3,TKYO-007,Band 1 (2100MHz),-93.1,-15.9,-1.1,99.4,66.4,210.4
2026-07-16 17:00:00,TKYO-008-1,TKYO-008,Band 41 (2500MHz),-82.9,-9.5,5.2,98.9,64.5,171.6
2026-07-16 17:00:00,TKYO-008-2,TKYO-008,Band 41 (2500MHz),-81.6,-11.5,1.0,88.2,54.5,201.1
2026-07-16 17:00:00,TKYO-008-3,TKYO-008,Band 41 (2500MHz),-80.1,-17.1,7.2,100.0,61.2,210.8
2026-07-16 17:00:00,TKYO-009-1,TKYO-009,Band 1 (2100MHz),-84.5,-13.0,3.1,100.0,58.3,228.8
2026-07-16 17:00:00,TKYO-009-2,TKYO-009,Band 1 (2100MHz),-88.8,-11.4,-2.4,100.0,58.2,128.7
2026-07-16 17:00:00,TKYO-009-3,TKYO-009,Band 1 (2100MHz),-84.1,-14.1,17.5,100.0,59.7,144.3
2026-07-16 17:00:00,TKYO-010-1,TKYO-010,Band 41 (2500MHz),-82.6,-15.3,2.5,89.9,49.8,155.7
2026-07-16 17:00:00,TKYO-010-2,TKYO-010,Band 41 (2500MHz),-79.5,-13.5,2.8,100.0,79.0,165.6
2026-07-16 17:00:00,TKYO-010-3,TKYO-010,Band 41 (2500MHz),-85.3,-12.2,5.1,100.0,70.5,184.9
2026-07-16 17:00:00,TKYO-011-1,TKYO-011,Band 1 (2100MHz),-90.7,-8.7,18.2,100.0,47.0,157.3
2026-07-16 17:00:00,TKYO-011-2,TKYO-011,Band 1 (2100MHz),-82.5,-13.0,1.6,91.9,63.5,176.9
2026-07-16 17:00:00,TKYO-011-3,TKYO-011,Band 1 (2100MHz),-87.3,-11.5,7.2,85.2,66.5,147.5
2026-07-16 17:00:00,TKYO-012-1,TKYO-012,Band 41 (2500MHz),-88.5,-14.0,9.1,93.6,59.9,141.4
2026-07-16 17:00:00,TKYO-012-2,TKYO-012,Band 41 (2500MHz),-81.3,-12.6,-2.5,100.0,60.6,168.1
2026-07-16 17:00:00,TKYO-012-3,TKYO-012,Band 41 (2500MHz),-81.1,-9.8,3.5,100.0,43.1,150.3
2026-07-16 17:00:00,TKYO-013-1,TKYO-013,Band 1 (2100MHz),-89.3,-10.3,2.1,100.0,66.2,180.2
2026-07-16 17:00:00,TKYO-013-2,TKYO-013,Band 1 (2100MHz),-93.7,-15.0,-0.6,88.9,60.8,158.2
2026-07-16 17:00:00,TKYO-013-3,TKYO-013,Band 1 (2100MHz),-85.1,-14.0,4.6,87.8,54.4,192.6
2026-07-16 17:00:00,TKYO-014-1,TKYO-014,Band 41 (2500MHz),-90.8,-12.6,5.4,100.0,69.6,147.2
2026-07-16 17:00:00,TKYO-014-2,TKYO-014,Band 41 (2500MHz),-94.4,-16.4,-5.3,100.0,63.0,187.8
2026-07-16 17:00:00,TKYO-014-3,TKYO-014,Band 41 (2500MHz),-80.8,-12.0,3.4,100.0,64.1,131.9
2026-07-16 17:00:00,TKYO-015-1,TKYO-015,Band 1 (2100MHz),-82.3,-11.8,5.0,100.0,64.6,166.2
2026-07-16 17:00:00,TKYO-015-2,TKYO-015,Band 1 (2100MHz),-83.8,-7.0,12.0,100.0,67.6,181.4
2026-07-16 17:00:00,TKYO-015-3,TKYO-015,Band 1 (2100MHz),-85.0,-12.8,-3.0,100.0,62.7,170.9
2026-07-16 17:00:00,TKYO-016-1,TKYO-016,Band 41 (2500MHz),-89.5,-13.7,6.5,100.0,61.0,215.0
2026-07-16 17:00:00,TKYO-016-2,TKYO-016,Band 41 (2500MHz),-84.6,-15.3,13.5,100.0,45.7,183.4
2026-07-16 17:00:00,TKYO-016-3,TKYO-016,Band 41 (2500MHz),-84.5,-16.2,-0.2,100.0,65.8,169.0
2026-07-16 18:00:00,TKYO-001-1,TKYO-001,Band 1 (2100MHz),-83.8,-12.7,11.8,96.6,62.1,177.2
2026-07-16 18:00:00,TKYO-001-2,TKYO-001,Band 1 (2100MHz),-84.0,-13.3,5.2,100.0,58.1,179.8
2026-07-16 18:00:00,TKYO-001-3,TKYO-001,Band 1 (2100MHz),-83.2,-12.7,11.3,100.0,64.5,169.8
2026-07-16 18:00:00,TKYO-002-1,TKYO-002,Band 41 (2500MHz),-87.3,-11.6,0.1,98.4,50.4,184.0
2026-07-16 18:00:00,TKYO-002-2,TKYO-002,Band 41 (2500MHz),-84.0,-14.5,4.5,100.0,68.5,180.0
2026-07-16 18:00:00,TKYO-002-3,TKYO-002,Band 41 (2500MHz),-84.2,-14.2,10.6,97.3,66.0,183.2
2026-07-16 18:00:00,TKYO-003-1,TKYO-003,Band 1 (2100MHz),-87.4,-15.3,7.6,100.0,52.1,123.0
2026-07-16 18:00:00,TKYO-003-2,TKYO-003,Band 1 (2100MHz),-95.8,-18.2,-6.4,88.0,55.0,152.6
2026-07-16 18:00:00,TKYO-003-3,TKYO-003,Band 1 (2100MHz),-82.5,-11.4,10.3,89.9,52.1,195.7
2026-07-16 18:00:00,TKYO-004-1,TKYO-004,Band 41 (2500MHz),-80.8,-14.5,6.9,100.0,77.9,172.3
2026-07-16 18:00:00,TKYO-004-2,TKYO-004,Band 41 (2500MHz),-89.9,-10.7,11.5,94.5,60.2,177.3
2026-07-16 18:00:00,TKYO-004-3,TKYO-004,Band 41 (2500MHz),-92.2,-12.9,7.1,100.0,72.3,176.1
2026-07-16 18:00:00,TKYO-005-1,TKYO-005,Band 1 (2100MHz),-84.4,-17.4,12.8,88.5,61.4,141.4
2026-07-16 18:00:00,TKYO-005-2,TKYO-005,Band 1 (2100MHz),-86.7,-13.2,9.9,100.0,69.1,193.6
2026-07-16 18:00:00,TKYO-005-3,TKYO-005,Band 1 (2100MHz),-99.7,-21.1,2.4,96.1,57.8,173.7
2026-07-16 18:00:00,TKYO-006-1,TKYO-006,Band 41 (2500MHz),-81.0,-9.6,3.0,100.0,58.1,181.4
2026-07-16 18:00:00,TKYO-006-2,TKYO-006,Band 41 (2500MHz),-83.6,-15.5,0.4,100.0,61.8,169.4
2026-07-16 18:00:00,TKYO-006-3,TKYO-006,Band 41 (2500MHz),-79.2,-13.4,6.8,96.9,68.5,161.9
2026-07-16 18:00:00,TKYO-007-1,TKYO-007,Band 1 (2100MHz),-87.3,-8.1,7.6,100.0,64.8,212.8
2026-07-16 18:00:00,TKYO-007-2,TKYO-007,Band 1 (2100MHz),-76.6,-13.6,4.8,100.0,68.4,156.2
2026-07-16 18:00:00,TKYO-007-3,TKYO-007,Band 1 (2100MHz),-94.0,-19.9,1.5,100.0,56.0,162.2
2026-07-16 18:00:00,TKYO-008-1,TKYO-008,Band 41 (2500MHz),-78.1,-13.4,14.5,100.0,63.0,201.6
2026-07-16 18:00:00,TKYO-008-2,TKYO-008,Band 41 (2500MHz),-90.1,-12.2,8.0,97.0,71.4,169.8
2026-07-16 18:00:00,TKYO-008-3,TKYO-008,Band 41 (2500MHz),-92.1,-10.7,8.1,91.9,53.7,168.8
2026-07-16 18:00:00,TKYO-009-1,TKYO-009,Band 1 (2100MHz),-84.5,-18.4,4.0,100.0,68.7,173.4
2026-07-16 18:00:00,TKYO-009-2,TKYO-009,Band 1 (2100MHz),-83.7,-13.0,8.5,100.0,66.5,208.6
2026-07-16 18:00:00,TKYO-009-3,TKYO-009,Band 1 (2100MHz),-81.0,-14.3,5.1,100.0,59.4,160.6
2026-07-16 18:00:00,TKYO-010-1,TKYO-010,Band 41 (2500MHz),-83.5,-14.0,9.6,100.0,55.1,160.0
2026-07-16 18:00:00,TKYO-010-2,TKYO-010,Band 41 (2500MHz),-84.3,-13.5,0.5,100.0,64.4,178.3
2026-07-16 18:00:00,TKYO-010-3,TKYO-010,Band 41 (2500MHz),-80.2,-13.8,9.1,100.0,58.7,152.0
2026-07-16 18:00:00,TKYO-011-1,TKYO-011,Band 1 (2100MHz),-86.0,-15.8,8.5,100.0,60.4,148.8
2026-07-16 18:00:00,TKYO-011-2,TKYO-011,Band 1 (2100MHz),-84.8,-13.6,13.7,100.0,67.0,164.8
2026-07-16 18:00:00,TKYO-011-3,TKYO-011,Band 1 (2100MHz),-85.8,-12.8,9.1,100.0,73.3,194.3
2026-07-16 18:00:00,TKYO-012-1,TKYO-012,Band 41 (2500MHz),-84.5,-16.6,7.4,93.2,63.2,195.9
2026-07-16 18:00:00,TKYO-012-2,TKYO-012,Band 41 (2500MHz),-84.9,-11.5,3.3,100.0,66.3,182.6
2026-07-16 18:00:00,TKYO-012-3,TKYO-012,Band 41 (2500MHz),-83.3,-17.1,-0.5,98.2,57.3,232.4
2026-07-16 18:00:00,TKYO-013-1,TKYO-013,Band 1 (2100MHz),-83.0,-13.3,6.2,100.0,69.8,158.1
2026-07-16 18:00:00,TKYO-013-2,TKYO-013,Band 1 (2100MHz),-95.7,-18.6,-1.3,100.0,66.8,205.8
2026-07-16 18:00:00,TKYO-013-3,TKYO-013,Band 1 (2100MHz),-84.6,-12.1,5.3,96.8,63.0,163.8
2026-07-16 18:00:00,TKYO-014-1,TKYO-014,Band 41 (2500MHz),-86.8,-11.9,-2.5,100.0,66.0,147.0
2026-07-16 18:00:00,TKYO-014-2,TKYO-014,Band 41 (2500MHz),-93.4,-15.0,3.9,100.0,54.3,173.2
2026-07-16 18:00:00,TKYO-014-3,TKYO-014,Band 41 (2500MHz),-81.6,-16.0,-1.9,100.0,71.1,188.9
2026-07-16 18:00:00,TKYO-015-1,TKYO-015,Band 1 (2100MHz),-84.2,-11.0,14.9,100.0,53.2,186.9
2026-07-16 18:00:00,TKYO-015-2,TKYO-015,Band 1 (2100MHz),-82.7,-14.9,10.1,100.0,60.7,178.9
2026-07-16 18:00:00,TKYO-015-3,TKYO-015,Band 1 (2100MHz),-80.5,-9.4,10.5,100.0,49.9,159.1
2026-07-16 18:00:00,TKYO-016-1,TKYO-016,Band 41 (2500MHz),-90.2,-17.7,3.1,100.0,67.8,175.8
2026-07-16 18:00:00,TKYO-016-2,TKYO-016,Band 41 (2500MHz),-80.2,-9.3,5.1,100.0,54.4,152.6
2026-07-16 18:00:00,TKYO-016-3,TKYO-016,Band 41 (2500MHz),-81.7,-12.0,4.1,100.0,70.7,186.8
2026-07-16 19:00:00,TKYO-001-1,TKYO-001,Band 1 (2100MHz),-89.3,-14.4,5.7,100.0,65.4,146.4
2026-07-16 19:00:00,TKYO-001-2,TKYO-001,Band 1 (2100MHz),-79.4,-12.2,9.1,89.1,51.1,184.5
2026-07-16 19:00:00,TKYO-001-3,TKYO-001,Band 1 (2100MHz),-80.7,-13.7,15.4,100.0,73.1,186.2
2026-07-16 19:00:00,TKYO-002-1,TKYO-002,Band 41 (2500MHz),-80.0,-13.7,9.1,100.0,49.9,144.7
2026-07-16 19:00:00,TKYO-002-2,TKYO-002,Band 41 (2500MHz),-80.8,-12.4,-2.3,100.0,48.3,186.4
2026-07-16 19:00:00,TKYO-002-3,TKYO-002,Band 41 (2500MHz),-86.7,-12.2,5.9,100.0,74.1,195.6
2026-07-16 19:00:00,TKYO-003-1,TKYO-003,Band 1 (2100MHz),-81.0,-17.2,12.6,82.2,53.3,161.0
2026-07-16 19:00:00,TKYO-003-2,TKYO-003,Band 1 (2100MHz),-99.1,-16.9,-7.4,100.0,48.9,139.6
2026-07-16 19:00:00,TKYO-003-3,TKYO-003,Band 1 (2100MHz),-86.8,-10.8,11.3,100.0,63.8,188.2
2026-07-16 19:00:00,TKYO-004-1,TKYO-004,Band 41 (2500MHz),-77.7,-11.2,9.0,98.3,53.7,172.3
2026-07-16 19:00:00,TKYO-004-2,TKYO-004,Band 41 (2500MHz),-90.0,-12.2,5.8,100.0,42.6,182.9
2026-07-16 19:00:00,TKYO-004-3,TKYO-004,Band 41 (2500MHz),-91.5,-10.7,9.1,100.0,69.5,154.2
2026-07-16 19:00:00,TKYO-005-1,TKYO-005,Band 1 (2100MHz),-77.9,-13.8,6.2,96.1,62.2,159.5
2026-07-16 19:00:00,TKYO-005-2,TKYO-005,Band 1 (2100MHz),-83.6,-11.9,7.8,100.0,70.8,194.7
2026-07-16 19:00:00,TKYO-005-3,TKYO-005,Band 1 (2100MHz),-90.6,-16.0,8.2,100.0,56.3,145.5
2026-07-16 19:00:00,TKYO-006-1,TKYO-006,Band 41 (2500MHz),-87.9,-13.3,8.2,98.9,62.0,168.6
2026-07-16 19:00:00,TKYO-006-2,TKYO-006,Band 41 (2500MHz),-79.4,-13.3,1.4,97.9,48.6,172.3
2026-07-16 19:00:00,TKYO-006-3,TKYO-006,Band 41 (2500MHz),-84.9,-12.8,-8.2,96.2,42.6,209.6
2026-07-16 19:00:00,TKYO-007-1,TKYO-007,Band 1 (2100MHz),-81.4,-11.3,12.8,100.0,59.1,173.8
2026-07-16 19:00:00,TKYO-007-2,TKYO-007,Band 1 (2100MHz),-83.6,-14.8,1.6,78.5,47.8,156.7
2026-07-16 19:00:00,TKYO-007-3,TKYO-007,Band 1 (2100MHz),-103.2,-15.6,0.2,100.0,50.8,154.5
2026-07-16 19:00:00,TKYO-008-1,TKYO-008,Band 41 (2500MHz),-83.4,-12.5,4.3,97.2,56.5,157.5
2026-07-16 19:00:00,TKYO-008-2,TKYO-008,Band 41 (2500MHz),-85.2,-15.8,-1.8,100.0,56.1,156.6
2026-07-16 19:00:00,TKYO-008-3,TKYO-008,Band 41 (2500MHz),-84.1,-10.4,1.2,97.3,69.5,165.7
2026-07-16 19:00:00,TKYO-009-1,TKYO-009,Band 1 (2100MHz),-79.8,-15.3,12.4,100.0,44.6,151.2
2026-07-16 19:00:00,TKYO-009-2,TKYO-009,Band 1 (2100MHz),-83.9,-9.5,13.8,100.0,58.7,199.7
2026-07-16 19:00:00,TKYO-009-3,TKYO-009,Band 1 (2100MHz),-82.6,-14.6,6.1,100.0,61.9,168.6
2026-07-16 19:00:00,TKYO-010-1,TKYO-010,Band 41 (2500MHz),-94.5,-11.8,14.4,100.0,67.4,179.5
2026-07-16 19:00:00,TKYO-010-2,TKYO-010,Band 41 (2500MHz),-82.5,-15.9,6.5,100.0,45.1,177.3
2026-07-16 19:00:00,TKYO-010-3,TKYO-010,Band 41 (2500MHz),-87.4,-17.6,-0.1,89.7,76.8,136.4
2026-07-16 19:00:00,TKYO-011-1,TKYO-011,Band 1 (2100MHz),-86.4,-12.1,9.9,100.0,67.3,199.5
2026-07-16 19:00:00,TKYO-011-2,TKYO-011,Band 1 (2100MHz),-90.1,-15.7,6.2,92.0,57.9,171.5
2026-07-16 19:00:00,TKYO-011-3,TKYO-011,Band 1 (2100MHz),-82.9,-14.5,7.9,100.0,71.1,134.8
2026-07-16 19:00:00,TKYO-012-1,TKYO-012,Band 41 (2500MHz),-85.9,-16.6,9.5,100.0,58.3,149.6
2026-07-16 19:00:00,TKYO-012-2,TKYO-012,Band 41 (2500MHz),-82.3,-12.9,13.9,100.0,53.5,179.9
2026-07-16 19:00:00,TKYO-012-3,TKYO-012,Band 41 (2500MHz),-81.2,-11.7,6.0,87.1,62.0,199.3
2026-07-16 19:00:00,TKYO-013-1,TKYO-013,Band 1 (2100MHz),-85.4,-13.3,9.9,100.0,67.8,202.7
2026-07-16 19:00:00,TKYO-013-2,TKYO-013,Band 1 (2100MHz),-95.2,-18.0,2.2,100.0,56.3,191.9
2026-07-16 19:00:00,TKYO-013-3,TKYO-013,Band 1 (2100MHz),-77.5,-15.8,9.9,88.8,64.6,158.9
2026-07-16 19:00:00,TKYO-014-1,TKYO-014,Band 41 (2500MHz),-86.6,-16.8,7.1,100.0,56.8,185.8
2026-07-16 19:00:00,TKYO-014-2,TKYO-014,Band 41 (2500MHz),-92.2,-17.0,0.8,100.0,51.6,172.2
2026-07-16 19:00:00,TKYO-014-3,TKYO-014,Band 41 (2500MHz),-85.3,-15.5,-1.1,93.2,84.5,174.1
2026-07-16 19:00:00,TKYO-015-1,TKYO-015,Band 1 (2100MHz),-82.3,-13.7,12.5,100.0,67.9,156.4
2026-07-16 19:00:00,TKYO-015-2,TKYO-015,Band 1 (2100MHz),-79.2,-17.3,10.4,77.9,55.7,158.3
2026-07-16 19:00:00,TKYO-015-3,TKYO-015,Band 1 (2100MHz),-86.7,-12.7,9.3,100.0,65.0,191.0
2026-07-16 19:00:00,TKYO-016-1,TKYO-016,Band 41 (2500MHz),-83.4,-14.9,7.5,100.0,55.7,195.2
2026-07-16 19:00:00,TKYO-016-2,TKYO-016,Band 41 (2500MHz),-81.7,-12.5,14.7,100.0,77.2,155.3
2026-07-16 19:00:00,TKYO-016-3,TKYO-016,Band 41 (2500MHz),-77.5,-13.9,1.4,100.0,71.5,178.7
2026-07-16 20:00:00,TKYO-001-1,TKYO-001,Band 1 (2100MHz),-87.1,-13.0,4.2,58.4,39.1,143.1
2026-07-16 20:00:00,TKYO-001-2,TKYO-001,Band 1 (2100MHz),-85.3,-12.1,10.2,87.3,60.5,153.3
2026-07-16 20:00:00,TKYO-001-3,TKYO-001,Band 1 (2100MHz),-84.2,-12.3,11.8,78.6,36.9,126.4
2026-07-16 20:00:00,TKYO-002-1,TKYO-002,Band 41 (2500MHz),-80.9,-10.9,7.5,86.6,63.1,114.8
2026-07-16 20:00:00,TKYO-002-2,TKYO-002,Band 41 (2500MHz),-84.5,-11.3,2.7,100.0,49.8,164.9
2026-07-16 20:00:00,TKYO-002-3,TKYO-002,Band 41 (2500MHz),-88.5,-12.8,7.6,100.0,61.9,125.5
2026-07-16 20:00:00,TKYO-003-1,TKYO-003,Band 1 (2100MHz),-85.7,-10.2,5.0,87.1,49.7,127.2
2026-07-16 20:00:00,TKYO-003-2,TKYO-003,Band 1 (2100MHz),-92.2,-14.5,2.8,100.0,42.7,172.4
2026-07-16 20:00:00,TKYO-003-3,TKYO-003,Band 1 (2100MHz),-83.5,-11.1,10.0,100.0,51.3,135.2
2026-07-16 20:00:00,TKYO-004-1,TKYO-004,Band 41 (2500MHz),-74.5,-12.9,11.0,93.2,61.0,191.7
2026-07-16 20:00:00,TKYO-004-2,TKYO-004,Band 41 (2500MHz),-82.1,-16.4,8.0,62.8,47.3,127.4
2026-07-16 20:00:00,TKYO-004-3,TKYO-004,Band 41 (2500MHz),-87.0,-14.2,11.9,100.0,40.0,151.6
2026-07-16 20:00:00,TKYO-005-1,TKYO-005,Band 1 (2100MHz),-89.3,-12.5,2.3,75.7,53.9,161.9
2026-07-16 20:00:00,TKYO-005-2,TKYO-005,Band 1 (2100MHz),-83.9,-14.9,11.1,100.0,62.9,167.0
2026-07-16 20:00:00,TKYO-005-3,TKYO-005,Band 1 (2100MHz),-86.6,-17.3,6.6,77.9,52.5,188.3
2026-07-16 20:00:00,TKYO-006-1,TKYO-006,Band 41 (2500MHz),-88.5,-11.2,5.1,87.6,61.4,155.6
2026-07-16 20:00:00,TKYO-006-2,TKYO-006,Band 41 (2500MHz),-89.1,-12.4,4.4,88.5,46.7,183.6
2026-07-16 20:00:00,TKYO-006-3,TKYO-006,Band 41 (2500MHz),-88.1,-14.1,3.3,73.1,55.7,98.9
2026-07-16 20:00:00,TKYO-007-1,TKYO-007,Band 1 (2100MHz),-79.8,-10.2,20.6,100.0,68.0,137.9
2026-07-16 20:00:00,TKYO-007-2,TKYO-007,Band 1 (2100MHz),-82.7,-13.3,5.6,99.1,50.5,130.1
2026-07-16 20:00:00,TKYO-007-3,TKYO-007,Band 1 (2100MHz),-98.3,-17.7,-0.2,91.4,61.3,177.7
2026-07-16 20:00:00,TKYO-008-1,TKYO-008,Band 41 (2500MHz),-87.5,-12.7,3.4,100.0,42.8,178.3
2026-07-16 20:00:00,TKYO-008-2,TKYO-008,Band 41 (2500MHz),-88.1,-13.3,5.8,100.0,50.2,128.9
2026-07-16 20:00:00,TKYO-008-3,TKYO-008,Band 41 (2500MHz),-80.5,-13.3,15.9,90.3,54.6,118.9
2026-07-16 20:00:00,TKYO-009-1,TKYO-009,Band 1 (2100MHz),-83.6,-12.9,7.5,76.8,52.0,169.5
2026-07-16 20:00:00,TKYO-009-2,TKYO-009,Band 1 (2100MHz),-82.3,-11.3,13.0,93.6,58.0,163.5
2026-07-16 20:00:00,TKYO-009-3,TKYO-009,Band 1 (2100MHz),-81.7,-11.5,3.2,100.0,55.5,137.3
2026-07-16 20:00:00,TKYO-010-1,TKYO-010,Band 41 (2500MHz),-79.9,-12.2,3.6,91.5,56.6,139.9
2026-07-16 20:00:00,TKYO-010-2,TKYO-010,Band 41 (2500MHz),-86.0,-6.0,0.5,85.7,46.7,192.9
2026-07-16 20:00:00,TKYO-010-3,TKYO-010,Band 41 (2500MHz),-82.8,-13.4,1.3,90.5,49.1,151.9
2026-07-16 20:00:00,TKYO-011-1,TKYO-011,Band 1 (2100MHz),-81.8,-17.9,10.9,91.6,43.9,157.1
2026-07-16 20:00:00,TKYO-011-2,TKYO-011,Band 1 (2100MHz),-88.5,-12.3,7.5,92.4,49.4,143.9
2026-07-16 20:00:00,TKYO-011-3,TKYO-011,Band 1 (2100MHz),-82.4,-11.8,4.7,86.8,43.2,158.8
2026-07-16 20:00:00,TKYO-012-1,TKYO-012,Band 41 (2500MHz),-87.1,-11.5,-1.8,93.2,39.8,144.0
2026-07-16 20:00:00,TKYO-012-2,TKYO-012,Band 41 (2500MHz),-76.2,-11.8,7.7,93.2,50.9,184.1
2026-07-16 20:00:00,TKYO-012-3,TKYO-012,Band 41 (2500MHz),-87.3,-12.6,4.8,89.8,57.6,148.3
2026-07-16 20:00:00,TKYO-013-1,TKYO-013,Band 1 (2100MHz),-90.2,-12.9,12.8,70.3,46.6,172.6
2026-07-16 20:00:00,TKYO-013-2,TKYO-013,Band 1 (2100MHz),-98.1,-17.7,2.4,62.0,55.3,146.5
2026-07-16 20:00:00,TKYO-013-3,TKYO-013,Band 1 (2100MHz),-84.9,-13.5,10.1,89.3,51.3,110.8
2026-07-16 20:00:00,TKYO-014-1,TKYO-014,Band 41 (2500MHz),-86.1,-16.5,10.8,88.4,42.5,165.8
2026-07-16 20:00:00,TKYO-014-2,TKYO-014,Band 41 (2500MHz),-95.6,-16.3,-1.9,100.0,50.1,153.3
2026-07-16 20:00:00,TKYO-014-3,TKYO-014,Band 41 (2500MHz),-81.2,-13.6,2.9,92.8,63.1,151.6
2026-07-16 20:00:00,TKYO-015-1,TKYO-015,Band 1 (2100MHz),-82.9,-14.7,3.8,91.8,43.4,110.0
2026-07-16 20:00:00,TKYO-015-2,TKYO-015,Band 1 (2100MHz),-81.3,-16.2,7.7,95.7,73.6,158.4
2026-07-16 20:00:00,TKYO-015-3,TKYO-015,Band 1 (2100MHz),-86.9,-14.0,25.0,96.0,56.6,122.0
2026-07-16 20:00:00,TKYO-016-1,TKYO-016,Band 41 (2500MHz),-90.5,-13.7,8.2,85.2,63.4,148.6
2026-07-16 20:00:00,TKYO-016-2,TKYO-016,Band 41 (2500MHz),-84.1,-11.7,-0.0,88.1,53.9,167.1
2026-07-16 20:00:00,TKYO-016-3,TKYO-016,Band 41 (2500MHz),-82.7,-13.1,5.2,76.7,63.5,168.5
2026-07-16 21:00:00,TKYO-001-1,TKYO-001,Band 1 (2100MHz),-87.4,-11.2,5.0,17.1,5.6,36.3
2026-07-16 21:00:00,TKYO-001-2,TKYO-001,Band 1 (2100MHz),-81.3,-10.3,10.7,24.8,11.4,41.6
2026-07-16 21:00:00,TKYO-001-3,TKYO-001,Band 1 (2100MHz),-91.2,-6.9,2.0,42.7,15.9,18.8
2026-07-16 21:00:00,TKYO-002-1,TKYO-002,Band 41 (2500MHz),-85.0,-9.4,9.5,30.1,16.6,60.1
2026-07-16 21:00:00,TKYO-002-2,TKYO-002,Band 41 (2500MHz),-85.0,-4.2,5.9,49.3,11.1,19.6
2026-07-16 21:00:00,TKYO-002-3,TKYO-002,Band 41 (2500MHz),-86.5,-7.0,-0.8,13.1,13.7,55.2
2026-07-16 21:00:00,TKYO-003-1,TKYO-003,Band 1 (2100MHz),-83.3,-7.5,12.6,13.0,17.3,71.3
2026-07-16 21:00:00,TKYO-003-2,TKYO-003,Band 1 (2100MHz),-88.9,-12.2,4.1,27.9,8.3,38.6
2026-07-16 21:00:00,TKYO-003-3,TKYO-003,Band 1 (2100MHz),-78.0,-12.4,17.0,36.8,32.1,37.9
2026-07-16 21:00:00,TKYO-004-1,TKYO-004,Band 41 (2500MHz),-80.3,-6.4,7.5,12.4,20.3,0.0
2026-07-16 21:00:00,TKYO-004-2,TKYO-004,Band 41 (2500MHz),-82.9,-6.1,-2.8,0.0,20.0,51.8
2026-07-16 21:00:00,TKYO-004-3,TKYO-004,Band 41 (2500MHz),-83.5,-4.9,2.6,47.9,11.8,30.6
2026-07-16 21:00:00,TKYO-005-1,TKYO-005,Band 1 (2100MHz),-85.3,-11.0,8.3,6.9,0.0,20.2
2026-07-16 21:00:00,TKYO-005-2,TKYO-005,Band 1 (2100MHz),-75.9,-7.2,11.7,0.0,3.7,17.0
2026-07-16 21:00:00,TKYO-005-3,TKYO-005,Band 1 (2100MHz),-95.7,-14.9,-1.2,9.9,18.4,47.2
2026-07-16 21:00:00,TKYO-006-1,TKYO-006,Band 41 (2500MHz),-94.8,-10.6,2.9,6.7,31.6,37.6
2026-07-16 21:00:00,TKYO-006-2,TKYO-006,Band 41 (2500MHz),-76.2,-8.2,-0.2,18.8,13.0,5.9
2026-07-16 21:00:00,TKYO-006-3,TKYO-006,Band 41 (2500MHz),-84.3,-7.4,10.4,12.5,7.6,44.1
2026-07-16 21:00:00,TKYO-007-1,TKYO-007,Band 1 (2100MHz),-84.5,-10.0,8.5,31.6,23.1,27.9
2026-07-16 21:00:00,TKYO-007-2,TKYO-007,Band 1 (2100MHz),-88.4,-8.6,14.1,30.6,5.8,62.0
2026-07-16 21:00:00,TKYO-007-3,TKYO-007,Band 1 (2100MHz),-98.4,-12.5,-2.5,27.3,10.0,28.5
2026-07-16 21:00:00,TKYO-008-1,TKYO-008,Band 41 (2500MHz),-87.3,-9.6,10.3,18.4,6.8,42.2
2026-07-16 21:00:00,TKYO-008-2,TKYO-008,Band 41 (2500MHz),-80.1,-12.2,2.4,33.6,0.0,36.5
2026-07-16 21:00:00,TKYO-008-3,TKYO-008,Band 41 (2500MHz),-89.6,-8.1,7.9,31.2,4.0,20.9
2026-07-16 21:00:00,TKYO-009-1,TKYO-009,Band 1 (2100MHz),-93.7,-12.2,5.6,10.1,13.8,4.1
2026-07-16 21:00:00,TKYO-009-2,TKYO-009,Band 1 (2100MHz),-81.5,-8.3,15.5,38.2,10.8,29.4
2026-07-16 21:00:00,TKYO-009-3,TKYO-009,Band 1 (2100MHz),-86.0,-9.0,9.5,0.0,19.3,45.1
2026-07-16 21:00:00,TKYO-010-1,TKYO-010,Band 41 (2500MHz),-82.7,-9.0,8.8,26.0,26.0,36.0
2026-07-16 21:00:00,TKYO-010-2,TKYO-010,Band 41 (2500MHz),-84.0,-7.0,6.6,30.4,13.1,53.0
2026-07-16 21:00:00,TKYO-010-3,TKYO-010,Band 41 (2500MHz),-78.5,-8.7,15.3,40.0,27.8,29.1
2026-07-16 21:00:00,TKYO-011-1,TKYO-011,Band 1 (2100MHz),-83.5,-10.4,13.7,21.8,7.9,0.0
2026-07-16 21:00:00,TKYO-011-2,TKYO-011,Band 1 (2100MHz),-89.4,-7.7,8.8,24.5,14.2,16.9
2026-07-16 21:00:00,TKYO-011-3,TKYO-011,Band 1 (2100MHz),-84.5,-8.2,8.4,30.0,15.9,43.9
2026-07-16 21:00:00,TKYO-012-1,TKYO-012,Band 41 (2500MHz),-84.5,-9.0,4.7,12.6,15.1,23.5
2026-07-16 21:00:00,TKYO-012-2,TKYO-012,Band 41 (2500MHz),-80.0,-9.2,8.0,17.3,3.3,40.4
2026-07-16 21:00:00,TKYO-012-3,TKYO-012,Band 41 (2500MHz),-85.6,-11.0,8.6,10.9,24.8,3.0
2026-07-16 21:00:00,TKYO-013-1,TKYO-013,Band 1 (2100MHz),-87.0,-10.4,10.3,13.6,9.9,15.7
2026-07-16 21:00:00,TKYO-013-2,TKYO-013,Band 1 (2100MHz),-95.9,-12.4,-2.9,19.6,4.0,75.2
2026-07-16 21:00:00,TKYO-013-3,TKYO-013,Band 1 (2100MHz),-88.7,-9.8,8.6,37.7,20.6,19.2
2026-07-16 21:00:00,TKYO-014-1,TKYO-014,Band 41 (2500MHz),-79.8,-7.8,6.8,34.9,27.5,70.8
2026-07-16 21:00:00,TKYO-014-2,TKYO-014,Band 41 (2500MHz),-98.7,-15.6,-0.0,3.8,7.6,50.8
2026-07-16 21:00:00,TKYO-014-3,TKYO-014,Band 41 (2500MHz),-77.7,-6.7,7.9,27.8,25.1,46.4
2026-07-16 21:00:00,TKYO-015-1,TKYO-015,Band 1 (2100MHz),-90.1,-8.3,6.0,31.5,9.8,7.6
2026-07-16 21:00:00,TKYO-015-2,TKYO-015,Band 1 (2100MHz),-82.6,-11.6,7.6,23.2,13.0,41.3
2026-07-16 21:00:00,TKYO-015-3,TKYO-015,Band 1 (2100MHz),-83.0,-8.1,7.2,15.6,19.7,30.1
2026-07-16 21:00:00,TKYO-016-1,TKYO-016,Band 41 (2500MHz),-82.7,-3.8,0.9,14.5,7.3,53.3
2026-07-16 21:00:00,TKYO-016-2,TKYO-016,Band 41 (2500MHz),-79.8,-9.4,13.9,54.7,28.7,75.1
2026-07-16 21:00:00,TKYO-016-3,TKYO-016,Band 41 (2500MHz),-90.7,-9.6,11.8,35.9,0.0,45.6
2026-07-16 22:00:00,TKYO-001-1,TKYO-001,Band 1 (2100MHz),-87.8,-5.2,5.8,0.0,9.7,20.5
2026-07-16 22:00:00,TKYO-001-2,TKYO-001,Band 1 (2100MHz),-88.7,-4.8,9.7,36.4,0.0,23.3
2026-07-16 22:00:00,TKYO-001-3,TKYO-001,Band 1 (2100MHz),-78.0,-7.8,20.1,20.1,3.0,0.0
2026-07-16 22:00:00,TKYO-002-1,TKYO-002,Band 41 (2500MHz),-83.4,-7.5,6.5,20.9,15.5,27.0
2026-07-16 22:00:00,TKYO-002-2,TKYO-002,Band 41 (2500MHz),-85.1,-9.5,1.2,10.7,25.0,41.8
2026-07-16 22:00:00,TKYO-002-3,TKYO-002,Band 41 (2500MHz),-76.7,-7.2,0.3,6.8,0.0,0.0
2026-07-16 22:00:00,TKYO-003-1,TKYO-003,Band 1 (2100MHz),-80.6,-4.1,6.5,10.8,0.0,22.4
2026-07-16 22:00:00,TKYO-003-2,TKYO-003,Band 1 (2100MHz),-95.0,-13.3,0.7,7.5,24.0,25.0
2026-07-16 22:00:00,TKYO-003-3,TKYO-003,Band 1 (2100MHz),-80.9,-11.3,5.9,11.0,6.7,12.0
2026-07-16 22:00:00,TKYO-004-1,TKYO-004,Band 41 (2500MHz),-77.8,-6.6,13.9,23.0,0.0,0.0
2026-07-16 22:00:00,TKYO-004-2,TKYO-004,Band 41 (2500MHz),-88.2,-8.8,14.6,0.0,0.0,59.2
2026-07-16 22:00:00,TKYO-004-3,TKYO-004,Band 41 (2500MHz),-84.9,-8.3,0.3,12.4,0.0,25.6
2026-07-16 22:00:00,TKYO-005-1,TKYO-005,Band 1 (2100MHz),-84.4,-8.0,5.0,20.9,13.2,16.9
2026-07-16 22:00:00,TKYO-005-2,TKYO-005,Band 1 (2100MHz),-80.2,-11.2,3.6,14.7,14.7,0.0
2026-07-16 22:00:00,TKYO-005-3,TKYO-005,Band 1 (2100MHz),-104.1,-15.1,1.5,0.0,9.5,6.2
2026-07-16 22:00:00,TKYO-006-1,TKYO-006,Band 41 (2500MHz),-85.5,-7.8,8.9,0.0,20.1,36.2
2026-07-16 22:00:00,TKYO-006-2,TKYO-006,Band 41 (2500MHz),-84.1,-8.3,10.6,6.4,13.2,32.2
2026-07-16 22:00:00,TKYO-006-3,TKYO-006,Band 41 (2500MHz),-81.0,-12.9,7.9,0.0,18.4,21.5
2026-07-16 22:00:00,TKYO-007-1,TKYO-007,Band 1 (2100MHz),-82.5,-8.8,4.3,14.7,8.8,22.5
2026-07-16 22:00:00,TKYO-007-2,TKYO-007,Band 1 (2100MHz),-79.1,-9.3,1.7,8.1,12.4,12.3
2026-07-16 22:00:00,TKYO-007-3,TKYO-007,Band 1 (2100MHz),-95.4,-12.7,-8.2,0.0,16.9,4.0
2026-07-16 22:00:00,TKYO-008-1,TKYO-008,Band 41 (2500MHz),-86.2,-6.1,8.5,0.0,0.0,25.2
2026-07-16 22:00:00,TKYO-008-2,TKYO-008,Band 41 (2500MHz),-88.0,-8.8,14.3,11.9,0.0,0.5
2026-07-16 22:00:00,TKYO-008-3,TKYO-008,Band 41 (2500MHz),-81.3,-5.9,15.2,22.4,9.0,0.0
2026-07-16 22:00:00,TKYO-009-1,TKYO-009,Band 1 (2100MHz),-84.3,-8.5,6.3,11.6,11.7,45.1
2026-07-16 22:00:00,TKYO-009-2,TKYO-009,Band 1 (2100MHz),-82.7,-9.2,13.8,0.0,21.6,34.5
2026-07-16 22:00:00,TKYO-009-3,TKYO-009,Band 1 (2100MHz),-77.9,-11.2,8.6,1.2,19.1,37.9
2026-07-16 22:00:00,TKYO-010-1,TKYO-010,Band 41 (2500MHz),-81.9,-8.7,5.9,13.4,6.1,0.0
2026-07-16 22:00:00,TKYO-010-2,TKYO-010,Band 41 (2500MHz),-91.2,-10.0,3.0,14.2,13.9,35.7
2026-07-16 22:00:00,TKYO-010-3,TKYO-010,Band 41 (2500MHz),-83.7,-9.9,-5.2,11.5,14.5,46.4
2026-07-16 22:00:00,TKYO-011-1,TKYO-011,Band 1 (2100MHz),-89.8,-6.5,0.6,17.4,0.0,14.4
2026-07-16 22:00:00,TKYO-011-2,TKYO-011,Band 1 (2100MHz),-93.7,-7.3,15.8,0.0,1.3,0.0
2026-07-16 22:00:00,TKYO-011-3,TKYO-011,Band 1 (2100MHz),-83.4,-5.2,13.1,1.6,13.2,0.0
2026-07-16 22:00:00,TKYO-012-1,TKYO-012,Band 41 (2500MHz),-90.3,-7.0,4.5,21.2,14.9,69.1
2026-07-16 22:00:00,TKYO-012-2,TKYO-012,Band 41 (2500MHz),-84.8,-8.8,7.6,56.4,13.1,50.1
2026-07-16 22:00:00,TKYO-012-3,TKYO-012,Band 41 (2500MHz),-79.3,-7.9,0.8,17.4,17.9,30.0
2026-07-16 22:00:00,TKYO-013-1,TKYO-013,Band 1 (2100MHz),-76.2,-9.2,17.7,0.0,1.6,22.3
2026-07-16 22:00:00,TKYO-013-2,TKYO-013,Band 1 (2100MHz),-96.4,-14.3,0.1,26.0,0.7,8.6
2026-07-16 22:00:00,TKYO-013-3,TKYO-013,Band 1 (2100MHz),-81.7,-9.4,11.1,8.6,11.6,36.7
2026-07-16 22:00:00,TKYO-014-1,TKYO-014,Band 41 (2500MHz),-87.0,-7.1,1.7,13.4,0.1,0.0
2026-07-16 22:00:00,TKYO-014-2,TKYO-014,Band 41 (2500MHz),-98.7,-9.7,-2.8,0.0,9.9,36.7
2026-07-16 22:00:00,TKYO-014-3,TKYO-014,Band 41 (2500MHz),-96.8,-7.5,3.8,3.6,4.2,0.0
2026-07-16 22:00:00,TKYO-015-1,TKYO-015,Band 1 (2100MHz),-83.9,-9.4,14.3,6.1,0.0,11.6
2026-07-16 22:00:00,TKYO-015-2,TKYO-015,Band 1 (2100MHz),-79.3,-6.6,-0.9,0.0,3.8,8.0
2026-07-16 22:00:00,TKYO-015-3,TKYO-015,Band 1 (2100MHz),-88.7,-7.2,-5.2,0.0,21.9,6.4
2026-07-16 22:00:00,TKYO-016-1,TKYO-016,Band 41 (2500MHz),-76.3,-6.6,5.2,21.8,7.6,17.0
2026-07-16 22:00:00,TKYO-016-2,TKYO-016,Band 41 (2500MHz),-83.9,-9.4,-2.1,8.9,9.6,6.3
2026-07-16 22:00:00,TKYO-016-3,TKYO-016,Band 41 (2500MHz),-89.1,-10.2,1.6,3.4,23.2,1.7
2026-07-16 23:00:00,TKYO-001-1,TKYO-001,Band 1 (2100MHz),-85.2,-9.7,6.2,0.0,11.9,0.0
2026-07-16 23:00:00,TKYO-001-2,TKYO-001,Band 1 (2100MHz),-82.4,-10.5,8.4,6.1,0.0,34.7
2026-07-16 23:00:00,TKYO-001-3,TKYO-001,Band 1 (2100MHz),-80.9,-7.7,5.2,34.6,7.3,51.9
2026-07-16 23:00:00,TKYO-002-1,TKYO-002,Band 41 (2500MHz),-90.5,-9.4,7.6,4.9,0.0,48.9
2026-07-16 23:00:00,TKYO-002-2,TKYO-002,Band 41 (2500MHz),-85.3,-6.6,14.0,11.4,18.6,0.0
2026-07-16 23:00:00,TKYO-002-3,TKYO-002,Band 41 (2500MHz),-89.2,-8.1,12.3,34.6,6.6,35.4
2026-07-16 23:00:00,TKYO-003-1,TKYO-003,Band 1 (2100MHz),-89.6,-9.0,2.9,0.0,17.9,16.1
2026-07-16 23:00:00,TKYO-003-2,TKYO-003,Band 1 (2100MHz),-100.9,-10.8,-6.3,16.5,4.3,38.6
2026-07-16 23:00:00,TKYO-003-3,TKYO-003,Band 1 (2100MHz),-78.4,-9.5,4.4,0.0,16.9,72.1
2026-07-16 23:00:00,TKYO-004-1,TKYO-004,Band 41 (2500MHz),-83.6,-8.6,10.9,21.3,4.8,32.9
2026-07-16 23:00:00,TKYO-004-2,TKYO-004,Band 41 (2500MHz),-78.1,-9.0,0.1,20.1,8.4,54.7
2026-07-16 23:00:00,TKYO-004-3,TKYO-004,Band 41 (2500MHz),-81.6,-9.1,4.8,21.2,11.6,4.9
2026-07-16 23:00:00,TKYO-005-1,TKYO-005,Band 1 (2100MHz),-91.7,-4.7,19.9,18.5,16.7,42.5
2026-07-16 23:00:00,TKYO-005-2,TKYO-005,Band 1 (2100MHz),-78.6,-6.7,6.3,18.1,22.1,7.5
2026-07-16 23:00:00,TKYO-005-3,TKYO-005,Band 1 (2100MHz),-93.5,-12.8,-5.5,0.0,11.1,0.6
2026-07-16 23:00:00,TKYO-006-1,TKYO-006,Band 41 (2500MHz),-79.8,-9.9,6.8,15.6,11.9,3.6
2026-07-16 23:00:00,TKYO-006-2,TKYO-006,Band 41 (2500MHz),-83.2,-4.4,7.9,0.0,1.4,0.0
2026-07-16 23:00:00,TKYO-006-3,TKYO-006,Band 41 (2500MHz),-82.9,-10.5,0.1,26.3,22.9,43.2
2026-07-16 23:00:00,TKYO-007-1,TKYO-007,Band 1 (2100MHz),-77.2,-7.0,12.6,29.0,6.4,15.1
2026-07-16 23:00:00,TKYO-007-2,TKYO-007,Band 1 (2100MHz),-82.2,-8.4,9.2,15.0,3.8,37.1
2026-07-16 23:00:00,TKYO-007-3,TKYO-007,Band 1 (2100MHz),-98.2,-11.4,4.5,11.4,24.1,17.9
2026-07-16 23:00:00,TKYO-008-1,TKYO-008,Band 41 (2500MHz),-86.9,-10.3,7.0,17.9,8.4,3.9
2026-07-16 23:00:00,TKYO-008-2,TKYO-008,Band 41 (2500MHz),-88.2,-4.3,8.8,1.7,13.4,29.4
2026-07-16 23:00:00,TKYO-008-3,TKYO-008,Band 41 (2500MHz),-84.8,-7.4,11.3,14.1,27.1,27.1
2026-07-16 23:00:00,TKYO-009-1,TKYO-009,Band 1 (2100MHz),-82.4,-8.7,7.2,16.3,8.6,74.9
2026-07-16 23:00:00,TKYO-009-2,TKYO-009,Band 1 (2100MHz),-82.8,-6.2,4.3,11.2,4.9,24.2
2026-07-16 23:00:00,TKYO-009-3,TKYO-009,Band 1 (2100MHz),-79.8,-4.8,17.7,33.4,5.8,34.3
2026-07-16 23:00:00,TKYO-010-1,TKYO-010,Band 41 (2500MHz),-86.8,-10.2,12.0,17.5,17.7,1.7
2026-07-16 23:00:00,TKYO-010-2,TKYO-010,Band 41 (2500MHz),-85.1,-8.4,10.3,1.4,9.5,0.0
2026-07-16 23:00:00,TKYO-010-3,TKYO-010,Band 41 (2500MHz),-81.9,-10.5,-5.9,21.2,17.9,44.1
2026-07-16 23:00:00,TKYO-011-1,TKYO-011,Band 1 (2100MHz),-81.1,-6.8,-0.5,26.0,4.1,2.6
2026-07-16 23:00:00,TKYO-011-2,TKYO-011,Band 1 (2100MHz),-72.8,-10.9,6.1,9.5,14.6,0.0
2026-07-16 23:00:00,TKYO-011-3,TKYO-011,Band 1 (2100MHz),-86.4,-4.5,12.1,32.7,2.0,32.3
2026-07-16 23:00:00,TKYO-012-1,TKYO-012,Band 41 (2500MHz),-85.7,-9.0,1.5,20.9,9.9,18.0
2026-07-16 23:00:00,TKYO-012-2,TKYO-012,Band 41 (2500MHz),-81.2,-10.4,-1.2,17.7,0.0,44.2
2026-07-16 23:00:00,TKYO-012-3,TKYO-012,Band 41 (2500MHz),-83.3,-9.5,2.2,18.6,17.0,0.0
2026-07-16 23:00:00,TKYO-013-1,TKYO-013,Band 1 (2100MHz),-81.0,-8.4,2.8,25.6,9.8,0.0
2026-07-16 23:00:00,TKYO-013-2,TKYO-013,Band 1 (2100MHz),-98.0,-12.2,1.0,34.3,15.4,10.9
2026-07-16 23:00:00,TKYO-013-3,TKYO-013,Band 1 (2100MHz),-83.8,-8.4,16.8,17.1,18.3,35.8
2026-07-16 23:00:00,TKYO-014-1,TKYO-014,Band 41 (2500MHz),-81.1,-8.4,1.2,12.7,19.1,0.0
2026-07-16 23:00:00,TKYO-014-2,TKYO-014,Band 41 (2500MHz),-94.0,-10.2,-2.1,1.5,0.0,25.1
2026-07-16 23:00:00,TKYO-014-3,TKYO-014,Band 41 (2500MHz),-89.7,-12.1,2.7,10.2,0.0,0.0
2026-07-16 23:00:00,TKYO-015-1,TKYO-015,Band 1 (2100MHz),-85.3,-7.2,11.4,9.0,11.1,0.0
2026-07-16 23:00:00,TKYO-015-2,TKYO-015,Band 1 (2100MHz),-86.1,-8.9,7.7,0.0,13.3,7.7
2026-07-16 23:00:00,TKYO-015-3,TKYO-015,Band 1 (2100MHz),-89.1,-5.2,6.0,15.3,8.7,26.2
2026-07-16 23:00:00,TKYO-016-1,TKYO-016,Band 41 (2500MHz),-81.7,-11.0,5.8,0.0,0.0,11.6
2026-07-16 23:00:00,TKYO-016-2,TKYO-016,Band 41 (2500MHz),-93.3,-8.3,4.5,0.0,9.2,36.2
2026-07-16 23:00:00,TKYO-016-3,TKYO-016,Band 41 (2500MHz),-86.8,-9.6,-3.1,35.6,8.6,18.9
2026-07-17 00:00:00,TKYO-001-1,TKYO-001,Band 1 (2100MHz),-83.4,-9.1,4.4,39.0,3.7,21.2
2026-07-17 00:00:00,TKYO-001-2,TKYO-001,Band 1 (2100MHz),-87.1,-7.0,7.1,26.4,0.0,41.3
2026-07-17 00:00:00,TKYO-001-3,TKYO-001,Band 1 (2100MHz),-87.1,-7.9,6.5,11.7,5.8,67.4
2026-07-17 00:00:00,TKYO-002-1,TKYO-002,Band 41 (2500MHz),-86.4,-9.6,2.2,17.1,0.0,35.3
2026-07-17 00:00:00,TKYO-002-2,TKYO-002,Band 41 (2500MHz),-86.3,-10.8,6.6,28.8,12.0,28.1
2026-07-17 00:00:00,TKYO-002-3,TKYO-002,Band 41 (2500MHz),-92.5,-5.9,-3.4,7.1,15.9,0.0
2026-07-17 00:00:00,TKYO-003-1,TKYO-003,Band 1 (2100MHz),-81.8,-5.1,14.7,11.1,21.2,30.3
2026-07-17 00:00:00,TKYO-003-2,TKYO-003,Band 1 (2100MHz),-99.8,-14.2,1.9,11.6,0.0,0.0
2026-07-17 00:00:00,TKYO-003-3,TKYO-003,Band 1 (2100MHz),-86.4,-8.5,10.7,3.7,0.0,34.4
2026-07-17 00:00:00,TKYO-004-1,TKYO-004,Band 41 (2500MHz),-76.0,-3.8,5.2,46.3,11.8,15.2
2026-07-17 00:00:00,TKYO-004-2,TKYO-004,Band 41 (2500MHz),-80.9,-11.1,10.3,7.7,10.7,36.6
2026-07-17 00:00:00,TKYO-004-3,TKYO-004,Band 41 (2500MHz),-88.3,-9.8,5.1,1.4,24.3,29.1
2026-07-17 00:00:00,TKYO-005-1,TKYO-005,Band 1 (2100MHz),-85.0,-6.2,3.7,20.5,19.9,14.4
2026-07-17 00:00:00,TKYO-005-2,TKYO-005,Band 1 (2100MHz),-90.2,-10.9,-0.9,12.3,4.9,10.9
2026-07-17 00:00:00,TKYO-005-3,TKYO-005,Band 1 (2100MHz),-89.1,-12.1,-0.7,2.2,17.6,26.4
2026-07-17 00:00:00,TKYO-006-1,TKYO-006,Band 41 (2500MHz),-89.6,-8.2,5.1,22.7,13.1,23.3
2026-07-17 00:00:00,TKYO-006-2,TKYO-006,Band 41 (2500MHz),-80.3,-6.9,-0.1,16.6,10.8,38.9
2026-07-17 00:00:00,TKYO-006-3,TKYO-006,Band 41 (2500MHz),-80.9,-7.5,3.7,6.2,8.3,0.0
2026-07-17 00:00:00,TKYO-007-1,TKYO-007,Band 1 (2100MHz),-82.5,-9.4,15.0,33.3,2.9,21.5
2026-07-17 00:00:00,TKYO-007-2,TKYO-007,Band 1 (2100MHz),-88.8,-8.7,8.9,24.3,0.0,41.4
2026-07-17 00:00:00,TKYO-007-3,TKYO-007,Band 1 (2100MHz),-98.7,-12.2,-3.2,11.4,13.7,14.8
2026-07-17 00:00:00,TKYO-008-1,TKYO-008,Band 41 (2500MHz),-91.7,-6.2,8.3,25.4,12.7,28.9
2026-07-17 00:00:00,TKYO-008-2,TKYO-008,Band 41 (2500MHz),-82.9,-5.8,4.2,0.0,11.4,0.0
2026-07-17 00:00:00,TKYO-008-3,TKYO-008,Band 41 (2500MHz),-92.0,-6.8,6.4,29.1,2.5,0.2
2026-07-17 00:00:00,TKYO-009-1,TKYO-009,Band 1 (2100MHz),-77.7,-5.5,2.8,24.3,0.0,27.8
2026-07-17 00:00:00,TKYO-009-2,TKYO-009,Band 1 (2100MHz),-89.1,-5.8,11.9,1.6,16.8,21.9
2026-07-17 00:00:00,TKYO-009-3,TKYO-009,Band 1 (2100MHz),-83.0,-7.4,15.7,0.0,13.1,19.3
2026-07-17 00:00:00,TKYO-010-1,TKYO-010,Band 41 (2500MHz),-85.2,-10.1,7.3,2.4,0.0,7.7
2026-07-17 00:00:00,TKYO-010-2,TKYO-010,Band 41 (2500MHz),-83.2,-8.3,7.0,3.1,1.1,25.4
2026-07-17 00:00:00,TKYO-010-3,TKYO-010,Band 41 (2500MHz),-81.2,-9.1,2.9,14.4,6.0,17.4
2026-07-17 00:00:00,TKYO-011-1,TKYO-011,Band 1 (2100MHz),-82.1,-6.2,11.2,0.0,9.6,0.0
2026-07-17 00:00:00,TKYO-011-2,TKYO-011,Band 1 (2100MHz),-84.1,-6.7,21.5,26.7,6.3,48.8
2026-07-17 00:00:00,TKYO-011-3,TKYO-011,Band 1 (2100MHz),-92.2,-7.5,13.0,15.3,0.0,9.7
2026-07-17 00:00:00,TKYO-012-1,TKYO-012,Band 41 (2500MHz),-84.5,-10.1,7.9,7.8,0.0,0.0
2026-07-17 00:00:00,TKYO-012-2,TKYO-012,Band 41 (2500MHz),-85.9,-6.1,4.8,18.9,22.3,56.8
2026-07-17 00:00:00,TKYO-012-3,TKYO-012,Band 41 (2500MHz),-74.2,-8.4,7.4,25.0,14.2,20.0
2026-07-17 00:00:00,TKYO-013-1,TKYO-013,Band 1 (2100MHz),-82.3,-9.6,3.7,9.1,5.0,21.6
2026-07-17 00:00:00,TKYO-013-2,TKYO-013,Band 1 (2100MHz),-95.1,-14.8,-6.6,18.0,0.6,10.4
2026-07-17 00:00:00,TKYO-013-3,TKYO-013,Band 1 (2100MHz),-88.2,-5.8,10.9,1.2,1.7,43.5
2026-07-17 00:00:00,TKYO-014-1,TKYO-014,Band 41 (2500MHz),-80.6,-8.6,11.9,19.0,0.0,19.3
2026-07-17 00:00:00,TKYO-014-2,TKYO-014,Band 41 (2500MHz),-105.0,-16.7,-1.7,10.2,0.0,61.2
2026-07-17 00:00:00,TKYO-014-3,TKYO-014,Band 41 (2500MHz),-78.0,-9.4,9.5,35.9,6.6,50.6
2026-07-17 00:00:00,TKYO-015-1,TKYO-015,Band 1 (2100MHz),-87.1,-7.3,9.4,15.1,0.0,2.4
2026-07-17 00:00:00,TKYO-015-2,TKYO-015,Band 1 (2100MHz),-85.8,-10.4,-6.0,7.4,2.6,0.0
2026-07-17 00:00:00,TKYO-015-3,TKYO-015,Band 1 (2100MHz),-84.1,-11.0,16.3,15.4,6.5,0.0
2026-07-17 00:00:00,TKYO-016-1,TKYO-016,Band 41 (2500MHz),-80.7,-8.6,4.1,28.6,8.3,15.8
2026-07-17 00:00:00,TKYO-016-2,TKYO-016,Band 41 (2500MHz),-84.1,-12.2,14.1,24.2,11.6,53.2
2026-07-17 00:00:00,TKYO-016-3,TKYO-016,Band 41 (2500MHz),-80.0,-3.7,7.1,26.6,17.1,16.9
2026-07-17 01:00:00,TKYO-001-1,TKYO-001,Band 1 (2100MHz),-84.1,-8.3,9.9,41.5,7.0,0.0
2026-07-17 01:00:00,TKYO-001-2,TKYO-001,Band 1 (2100MHz),-82.4,-10.8,9.8,0.0,12.6,0.4
2026-07-17 01:00:00,TKYO-001-3,TKYO-001,Band 1 (2100MHz),-84.3,-6.0,16.3,9.0,6.6,19.0
2026-07-17 01:00:00,TKYO-002-1,TKYO-002,Band 41 (2500MHz),-85.7,-9.1,5.8,6.1,9.2,52.4
2026-07-17 01:00:00,TKYO-002-2,TKYO-002,Band 41 (2500MHz),-85.1,-9.5,8.1,6.2,18.0,40.6
2026-07-17 01:00:00,TKYO-002-3,TKYO-002,Band 41 (2500MHz),-82.8,-9.8,5.6,6.3,9.7,0.0
2026-07-17 01:00:00,TKYO-003-1,TKYO-003,Band 1 (2100MHz),-87.0,-7.8,14.8,5.0,0.0,0.0
2026-07-17 01:00:00,TKYO-003-2,TKYO-003,Band 1 (2100MHz),-100.1,-13.7,1.0,19.4,16.2,0.0
2026-07-17 01:00:00,TKYO-003-3,TKYO-003,Band 1 (2100MHz),-82.3,-11.5,13.2,23.5,0.0,20.9
2026-07-17 01:00:00,TKYO-004-1,TKYO-004,Band 41 (2500MHz),-80.9,-6.7,5.7,7.7,20.6,49.3
2026-07-17 01:00:00,TKYO-004-2,TKYO-004,Band 41 (2500MHz),-85.6,-6.8,3.3,11.3,11.4,47.4
2026-07-17 01:00:00,TKYO-004-3,TKYO-004,Band 41 (2500MHz),-85.9,-4.0,7.9,29.2,14.7,2.1
2026-07-17 01:00:00,TKYO-005-1,TKYO-005,Band 1 (2100MHz),-84.4,-7.9,17.4,16.7,0.0,0.0
2026-07-17 01:00:00,TKYO-005-2,TKYO-005,Band 1 (2100MHz),-81.9,-8.1,4.1,13.4,0.0,42.3
2026-07-17 01:00:00,TKYO-005-3,TKYO-005,Band 1 (2100MHz),-98.7,-7.4,-4.4,0.7,0.0,6.1
2026-07-17 01:00:00,TKYO-006-1,TKYO-006,Band 41 (2500MHz),-84.9,-7.6,8.8,0.0,0.0,29.9
2026-07-17 01:00:00,TKYO-006-2,TKYO-006,Band 41 (2500MHz),-88.5,-7.7,-5.7,0.0,9.2,26.7
2026-07-17 01:00:00,TKYO-006-3,TKYO-006,Band 41 (2500MHz),-89.4,-8.1,3.3,9.5,10.0,32.6
2026-07-17 01:00:00,TKYO-007-1,TKYO-007,Band 1 (2100MHz),-90.3,-8.6,9.6,0.0,13.4,52.8
2026-07-17 01:00:00,TKYO-007-2,TKYO-007,Band 1 (2100MHz),-84.6,-7.2,9.7,6.0,3.6,83.1
2026-07-17 01:00:00,TKYO-007-3,TKYO-007,Band 1 (2100MHz),-94.5,-11.0,-1.9,11.9,3.7,20.6
2026-07-17 01:00:00,TKYO-008-1,TKYO-008,Band 41 (2500MHz),-86.7,-7.0,1.1,11.4,14.7,42.8
2026-07-17 01:00:00,TKYO-008-2,TKYO-008,Band 41 (2500MHz),-79.8,-5.6,5.7,16.5,0.0,26.5
2026-07-17 01:00:00,TKYO-008-3,TKYO-008,Band 41 (2500MHz),-86.1,-7.7,4.2,0.0,12.8,12.9
2026-07-17 01:00:00,TKYO-009-1,TKYO-009,Band 1 (2100MHz),-86.4,-5.4,13.4,2.5,5.9,59.2
2026-07-17 01:00:00,TKYO-009-2,TKYO-009,Band 1 (2100MHz),-86.7,-6.8,-1.8,0.0,28.4,32.5
2026-07-17 01:00:00,TKYO-009-3,TKYO-009,Band 1 (2100MHz),-85.5,-6.2,16.3,12.0,13.1,2.0
2026-07-17 01:00:00,TKYO-010-1,TKYO-010,Band 41 (2500MHz),-93.1,-8.9,8.6,0.0,0.0,12.9
2026-07-17 01:00:00,TKYO-010-2,TKYO-010,Band 41 (2500MHz),-86.5,-6.9,3.3,13.0,0.9,38.2
2026-07-17 01:00:00,TKYO-010-3,TKYO-010,Band 41 (2500MHz),-91.9,-7.3,-1.8,0.0,10.9,46.4
2026-07-17 01:00:00,TKYO-011-1,TKYO-011,Band 1 (2100MHz),-87.7,-8.3,8.6,29.8,2.2,38.7
2026-07-17 01:00:00,TKYO-011-2,TKYO-011,Band 1 (2100MHz),-84.4,-7.1,3.9,0.0,11.1,46.6
2026-07-17 01:00:00,TKYO-011-3,TKYO-011,Band 1 (2100MHz),-85.2,-6.4,8.9,20.8,5.2,0.0
2026-07-17 01:00:00,TKYO-012-1,TKYO-012,Band 41 (2500MHz),-86.2,-7.4,5.5,40.5,0.0,12.0
2026-07-17 01:00:00,TKYO-012-2,TKYO-012,Band 41 (2500MHz),-84.6,-11.4,9.0,10.6,19.8,1.0
2026-07-17 01:00:00,TKYO-012-3,TKYO-012,Band 41 (2500MHz),-86.8,-9.6,3.2,9.1,11.0,0.0
2026-07-17 01:00:00,TKYO-013-1,TKYO-013,Band 1 (2100MHz),-79.3,-11.5,7.2,9.4,0.0,32.6
2026-07-17 01:00:00,TKYO-013-2,TKYO-013,Band 1 (2100MHz),-94.7,-13.3,-7.9,5.5,8.8,16.4
2026-07-17 01:00:00,TKYO-013-3,TKYO-013,Band 1 (2100MHz),-90.2,-7.9,7.9,7.4,17.2,6.6
2026-07-17 01:00:00,TKYO-014-1,TKYO-014,Band 41 (2500MHz),-83.9,-8.8,2.3,16.7,5.3,43.4
2026-07-17 01:00:00,TKYO-014-2,TKYO-014,Band 41 (2500MHz),-94.4,-11.8,1.4,10.8,8.7,0.0
2026-07-17 01:00:00,TKYO-014-3,TKYO-014,Band 41 (2500MHz),-86.9,-4.2,5.9,15.6,2.7,0.0
2026-07-17 01:00:00,TKYO-015-1,TKYO-015,Band 1 (2100MHz),-82.9,-8.8,14.6,14.4,10.5,17.7
2026-07-17 01:00:00,TKYO-015-2,TKYO-015,Band 1 (2100MHz),-80.5,-7.9,3.3,11.6,11.2,35.1
2026-07-17 01:00:00,TKYO-015-3,TKYO-015,Band 1 (2100MHz),-88.6,-4.7,3.9,10.3,0.0,35.3
2026-07-17 01:00:00,TKYO-016-1,TKYO-016,Band 41 (2500MHz),-84.8,-11.9,10.6,28.4,12.3,23.0
2026-07-17 01:00:00,TKYO-016-2,TKYO-016,Band 41 (2500MHz),-79.7,-7.0,8.1,23.9,0.0,13.8
2026-07-17 01:00:00,TKYO-016-3,TKYO-016,Band 41 (2500MHz),-81.9,-8.2,12.0,14.0,8.1,22.8
2026-07-17 02:00:00,TKYO-001-1,TKYO-001,Band 1 (2100MHz),-79.6,-6.8,8.1,23.9,0.0,44.4
2026-07-17 02:00:00,TKYO-001-2,TKYO-001,Band 1 (2100MHz),-84.7,-8.7,2.7,0.0,18.7,19.6
2026-07-17 02:00:00,TKYO-001-3,TKYO-001,Band 1 (2100MHz),-83.0,-8.5,4.1,18.7,17.9,44.8
2026-07-17 02:00:00,TKYO-002-1,TKYO-002,Band 41 (2500MHz),-80.6,-9.8,18.0,0.0,7.3,0.0
2026-07-17 02:00:00,TKYO-002-2,TKYO-002,Band 41 (2500MHz),-91.4,-6.6,12.1,13.9,9.3,35.2
2026-07-17 02:00:00,TKYO-002-3,TKYO-002,Band 41 (2500MHz),-79.0,-9.0,8.9,4.5,0.0,0.0
2026-07-17 02:00:00,TKYO-003-1,TKYO-003,Band 1 (2100MHz),-81.1,-5.7,12.4,0.0,5.8,26.3
2026-07-17 02:00:00,TKYO-003-2,TKYO-003,Band 1 (2100MHz),-93.4,-12.5,2.5,0.0,31.4,0.0
2026-07-17 02:00:00,TKYO-003-3,TKYO-003,Band 1 (2100MHz),-83.9,-5.8,6.5,27.2,18.8,41.1
2026-07-17 02:00:00,TKYO-004-1,TKYO-004,Band 41 (2500MHz),-81.5,-8.8,3.7,39.3,10.2,27.3
2026-07-17 02:00:00,TKYO-004-2,TKYO-004,Band 41 (2500MHz),-81.2,-6.3,8.0,6.3,0.0,24.6
2026-07-17 02:00:00,TKYO-004-3,TKYO-004,Band 41 (2500MHz),-88.7,-8.7,-0.8,13.3,8.2,39.6
2026-07-17 02:00:00,TKYO-005-1,TKYO-005,Band 1 (2100MHz),-85.0,-5.3,6.5,12.2,0.0,0.0
2026-07-17 02:00:00,TKYO-005-2,TKYO-005,Band 1 (2100MHz),-79.1,-9.3,13.5,28.4,6.9,36.1
2026-07-17 02:00:00,TKYO-005-3,TKYO-005,Band 1 (2100MHz),-93.7,-16.9,3.1,11.4,16.7,12.6
2026-07-17 02:00:00,TKYO-006-1,TKYO-006,Band 41 (2500MHz),-84.0,-7.6,7.5,5.6,15.0,5.2
2026-07-17 02:00:00,TKYO-006-2,TKYO-006,Band 41 (2500MHz),-80.8,-10.0,1.5,1.3,6.5,44.0
2026-07-17 02:00:00,TKYO-006-3,TKYO-006,Band 41 (2500MHz),-88.2,-4.2,-0.6,0.0,0.0,0.0
2026-07-17 02:00:00,TKYO-007-1,TKYO-007,Band 1 (2100MHz),-81.3,-10.4,2.1,5.2,0.0,12.2
2026-07-17 02:00:00,TKYO-007-2,TKYO-007,Band 1 (2100MHz),-81.8,-6.9,10.5,9.0,15.3,0.0
2026-07-17 02:00:00,TKYO-007-3,TKYO-007,Band 1 (2100MHz),-98.2,-13.2,-0.4,13.1,21.3,27.3
2026-07-17 02:00:00,TKYO-008-1,TKYO-008,Band 41 (2500MHz),-82.0,-10.0,9.6,3.1,12.3,0.0
2026-07-17 02:00:00,TKYO-008-2,TKYO-008,Band 41 (2500MHz),-79.1,-9.3,10.8,2.2,2.8,12.9
2026-07-17 02:00:00,TKYO-008-3,TKYO-008,Band 41 (2500MHz),-82.7,-8.7,0.4,12.4,4.4,14.1
2026-07-17 02:00:00,TKYO-009-1,TKYO-009,Band 1 (2100MHz),-91.2,-6.7,5.4,24.4,2.7,36.9
2026-07-17 02:00:00,TKYO-009-2,TKYO-009,Band 1 (2100MHz),-88.4,-6.3,6.7,14.7,0.0,0.0
2026-07-17 02:00:00,TKYO-009-3,TKYO-009,Band 1 (2100MHz),-85.9,-9.7,11.0,9.8,7.0,0.0
2026-07-17 02:00:00,TKYO-010-1,TKYO-010,Band 41 (2500MHz),-90.9,-13.1,5.9,2.5,5.3,0.0
2026-07-17 02:00:00,TKYO-010-2,TKYO-010,Band 41 (2500MHz),-84.5,-8.8,4.5,26.9,4.2,6.3
2026-07-17 02:00:00,TKYO-010-3,TKYO-010,Band 41 (2500MHz),-86.1,-11.5,5.2,17.8,6.0,44.9
2026-07-17 02:00:00,TKYO-011-1,TKYO-011,Band 1 (2100MHz),-79.7,-8.8,7.2,17.9,19.1,0.0
2026-07-17 02:00:00,TKYO-011-2,TKYO-011,Band 1 (2100MHz),-91.1,-6.5,10.0,0.0,5.5,34.6
2026-07-17 02:00:00,TKYO-011-3,TKYO-011,Band 1 (2100MHz),-85.3,-6.4,0.7,15.0,7.3,0.0
2026-07-17 02:00:00,TKYO-012-1,TKYO-012,Band 41 (2500MHz),-86.4,-8.4,-1.3,11.3,13.1,52.6
2026-07-17 02:00:00,TKYO-012-2,TKYO-012,Band 41 (2500MHz),-83.3,-7.5,13.6,13.7,9.6,2.6
2026-07-17 02:00:00,TKYO-012-3,TKYO-012,Band 41 (2500MHz),-82.6,-7.4,7.7,24.6,8.9,43.7
2026-07-17 02:00:00,TKYO-013-1,TKYO-013,Band 1 (2100MHz),-82.2,-6.6,14.3,18.6,6.7,0.0
2026-07-17 02:00:00,TKYO-013-2,TKYO-013,Band 1 (2100MHz),-99.7,-15.5,10.2,13.8,0.0,87.5
2026-07-17 02:00:00,TKYO-013-3,TKYO-013,Band 1 (2100MHz),-83.0,-5.8,13.4,0.0,13.2,0.0
2026-07-17 02:00:00,TKYO-014-1,TKYO-014,Band 41 (2500MHz),-82.0,-6.0,11.7,0.0,13.2,0.0
2026-07-17 02:00:00,TKYO-014-2,TKYO-014,Band 41 (2500MHz),-88.3,-13.1,0.1,15.1,11.2,0.0
2026-07-17 02:00:00,TKYO-014-3,TKYO-014,Band 41 (2500MHz),-83.5,-8.4,2.9,28.9,5.5,0.0
2026-07-17 02:00:00,TKYO-015-1,TKYO-015,Band 1 (2100MHz),-86.6,-7.2,8.6,15.1,20.4,0.0
2026-07-17 02:00:00,TKYO-015-2,TKYO-015,Band 1 (2100MHz),-89.8,-5.0,4.9,4.8,1.2,44.3
2026-07-17 02:00:00,TKYO-015-3,TKYO-015,Band 1 (2100MHz),-92.0,-5.6,7.2,12.4,20.1,0.0
2026-07-17 02:00:00,TKYO-016-1,TKYO-016,Band 41 (2500MHz),-84.0,-6.4,7.0,15.3,1.7,8.1
2026-07-17 02:00:00,TKYO-016-2,TKYO-016,Band 41 (2500MHz),-86.4,-6.3,6.8,20.2,22.3,50.3
2026-07-17 02:00:00,TKYO-016-3,TKYO-016,Band 41 (2500MHz),-89.6,-6.4,-2.1,3.2,0.0,0.0
2026-07-17 03:00:00,TKYO-001-1,TKYO-001,Band 1 (2100MHz),-81.3,-7.3,-1.7,27.2,5.9,16.2
2026-07-17 03:00:00,TKYO-001-2,TKYO-001,Band 1 (2100MHz),-82.0,-10.2,7.2,5.3,0.6,1.2
2026-07-17 03:00:00,TKYO-001-3,TKYO-001,Band 1 (2100MHz),-87.6,-4.3,-2.5,14.7,2.8,10.1
2026-07-17 03:00:00,TKYO-002-1,TKYO-002,Band 41 (2500MHz),-86.7,-8.1,5.5,36.4,22.3,37.9
2026-07-17 03:00:00,TKYO-002-2,TKYO-002,Band 41 (2500MHz),-81.7,-7.5,8.5,15.2,14.2,29.1
2026-07-17 03:00:00,TKYO-002-3,TKYO-002,Band 41 (2500MHz),-82.4,-6.8,-2.2,18.2,9.1,0.0
2026-07-17 03:00:00,TKYO-003-1,TKYO-003,Band 1 (2100MHz),-91.8,-8.1,1.3,12.0,9.7,35.9
2026-07-17 03:00:00,TKYO-003-2,TKYO-003,Band 1 (2100MHz),-94.3,-15.0,5.7,10.3,12.4,1.1
2026-07-17 03:00:00,TKYO-003-3,TKYO-003,Band 1 (2100MHz),-87.4,-4.9,9.2,2.2,12.2,9.9
2026-07-17 03:00:00,TKYO-004-1,TKYO-004,Band 41 (2500MHz),-82.3,-8.1,1.7,12.4,0.0,12.5
2026-07-17 03:00:00,TKYO-004-2,TKYO-004,Band 41 (2500MHz),-93.0,-9.5,0.8,0.0,20.8,33.6
2026-07-17 03:00:00,TKYO-004-3,TKYO-004,Band 41 (2500MHz),-87.4,-4.2,9.3,20.0,7.0,0.0
2026-07-17 03:00:00,TKYO-005-1,TKYO-005,Band 1 (2100MHz),-87.5,-5.2,17.1,9.5,0.0,30.4
2026-07-17 03:00:00,TKYO-005-2,TKYO-005,Band 1 (2100MHz),-83.1,-9.0,9.3,0.0,0.0,28.3
2026-07-17 03:00:00,TKYO-005-3,TKYO-005,Band 1 (2100MHz),-96.9,-9.8,5.9,23.0,9.9,19.9
2026-07-17 03:00:00,TKYO-006-1,TKYO-006,Band 41 (2500MHz),-76.8,-8.9,8.7,13.2,0.0,8.8
2026-07-17 03:00:00,TKYO-006-2,TKYO-006,Band 41 (2500MHz),-84.0,-6.4,9.3,0.0,10.2,16.7
2026-07-17 03:00:00,TKYO-006-3,TKYO-006,Band 41 (2500MHz),-87.3,-6.4,9.9,21.8,0.0,0.0
2026-07-17 03:00:00,TKYO-007-1,TKYO-007,Band 1 (2100MHz),-93.4,-6.4,10.2,0.0,15.7,42.8
2026-07-17 03:00:00,TKYO-007-2,TKYO-007,Band 1 (2100MHz),-79.3,-8.6,17.1,12.7,7.8,39.2
2026-07-17 03:00:00,TKYO-007-3,TKYO-007,Band 1 (2100MHz),-96.2,-12.3,-6.2,9.0,0.0,0.0
2026-07-17 03:00:00,TKYO-008-1,TKYO-008,Band 41 (2500MHz),-83.8,-9.3,12.5,3.4,0.0,41.9
2026-07-17 03:00:00,TKYO-008-2,TKYO-008,Band 41 (2500MHz),-81.3,-10.5,7.4,0.0,9.8,2.0
2026-07-17 03:00:00,TKYO-008-3,TKYO-008,Band 41 (2500MHz),-85.1,-11.6,4.1,0.0,12.7,19.7
2026-07-17 03:00:00,TKYO-009-1,TKYO-009,Band 1 (2100MHz),-85.0,-9.4,18.2,31.4,16.5,24.5
2026-07-17 03:00:00,TKYO-009-2,TKYO-009,Band 1 (2100MHz),-83.6,-10.1,7.7,13.9,18.0,18.0
2026-07-17 03:00:00,TKYO-009-3,TKYO-009,Band 1 (2100MHz),-86.5,-5.0,6.5,9.4,10.5,26.8
2026-07-17 03:00:00,TKYO-010-1,TKYO-010,Band 41 (2500MHz),-92.4,-12.7,7.7,8.4,7.8,29.3
2026-07-17 03:00:00,TKYO-010-2,TKYO-010,Band 41 (2500MHz),-85.7,-6.4,6.2,27.1,12.8,0.0
2026-07-17 03:00:00,TKYO-010-3,TKYO-010,Band 41 (2500MHz),-76.5,-7.8,4.5,21.4,0.0,21.1
2026-07-17 03:00:00,TKYO-011-1,TKYO-011,Band 1 (2100MHz),-86.4,-9.6,9.5,12.5,3.5,23.2
2026-07-17 03:00:00,TKYO-011-2,TKYO-011,Band 1 (2100MHz),-84.8,-9.7,15.6,17.8,1.8,14.0
2026-07-17 03:00:00,TKYO-011-3,TKYO-011,Band 1 (2100MHz),-82.6,-8.7,11.1,3.7,9.3,19.1
2026-07-17 03:00:00,TKYO-012-1,TKYO-012,Band 41 (2500MHz),-85.1,-9.6,12.5,2.3,16.2,33.2
2026-07-17 03:00:00,TKYO-012-2,TKYO-012,Band 41 (2500MHz),-85.8,-6.8,0.2,8.2,19.3,0.0
2026-07-17 03:00:00,TKYO-012-3,TKYO-012,Band 41 (2500MHz),-83.0,-7.1,9.9,1.8,0.0,9.3
2026-07-17 03:00:00,TKYO-013-1,TKYO-013,Band 1 (2100MHz),-88.3,-8.6,6.2,0.0,23.4,23.3
2026-07-17 03:00:00,TKYO-013-2,TKYO-013,Band 1 (2100MHz),-100.0,-13.0,-7.1,10.0,9.7,38.9
2026-07-17 03:00:00,TKYO-013-3,TKYO-013,Band 1 (2100MHz),-80.2,-5.6,7.0,16.4,12.4,50.5
2026-07-17 03:00:00,TKYO-014-1,TKYO-014,Band 41 (2500MHz),-83.7,-7.9,1.8,0.0,15.2,0.0
2026-07-17 03:00:00,TKYO-014-2,TKYO-014,Band 41 (2500MHz),-97.3,-14.1,-0.6,17.0,3.5,16.2
2026-07-17 03:00:00,TKYO-014-3,TKYO-014,Band 41 (2500MHz),-86.9,-7.2,4.6,14.1,7.2,11.2
2026-07-17 03:00:00,TKYO-015-1,TKYO-015,Band 1 (2100MHz),-83.7,-10.3,3.9,28.9,0.0,1.1
2026-07-17 03:00:00,TKYO-015-2,TKYO-015,Band 1 (2100MHz),-79.4,-8.8,3.3,9.7,10.7,22.9
2026-07-17 03:00:00,TKYO-015-3,TKYO-015,Band 1 (2100MHz),-83.1,-5.6,8.0,0.0,16.9,1.4
2026-07-17 03:00:00,TKYO-016-1,TKYO-016,Band 41 (2500MHz),-82.3,-8.9,1.1,11.1,7.1,16.3
2026-07-17 03:00:00,TKYO-016-2,TKYO-016,Band 41 (2500MHz),-76.0,-7.0,-2.3,18.4,4.7,29.1
2026-07-17 03:00:00,TKYO-016-3,TKYO-016,Band 41 (2500MHz),-81.0,-6.5,5.8,0.0,0.0,50.6
2026-07-17 04:00:00,TKYO-001-1,TKYO-001,Band 1 (2100MHz),-83.2,-10.4,4.4,39.1,0.0,44.9
2026-07-17 04:00:00,TKYO-001-2,TKYO-001,Band 1 (2100MHz),-93.0,-7.9,10.1,31.0,2.8,32.6
2026-07-17 04:00:00,TKYO-001-3,TKYO-001,Band 1 (2100MHz),-78.2,-8.2,9.6,0.0,27.8,40.7
2026-07-17 04:00:00,TKYO-002-1,TKYO-002,Band 41 (2500MHz),-82.4,-4.9,-2.0,26.0,1.0,29.4
2026-07-17 04:00:00,TKYO-002-2,TKYO-002,Band 41 (2500MHz),-84.5,-10.0,12.2,2.0,4.9,31.4
2026-07-17 04:00:00,TKYO-002-3,TKYO-002,Band 41 (2500MHz),-84.2,-8.1,9.7,24.2,3.1,44.5
2026-07-17 04:00:00,TKYO-003-1,TKYO-003,Band 1 (2100MHz),-82.0,-7.7,7.9,3.8,21.0,39.5
2026-07-17 04:00:00,TKYO-003-2,TKYO-003,Band 1 (2100MHz),-93.3,-11.7,-4.7,2.8,5.4,0.0
2026-07-17 04:00:00,TKYO-003-3,TKYO-003,Band 1 (2100MHz),-83.7,-5.4,6.6,22.5,0.0,3.5
2026-07-17 04:00:00,TKYO-004-1,TKYO-004,Band 41 (2500MHz),-87.9,-9.8,12.3,30.1,14.3,32.0
2026-07-17 04:00:00,TKYO-004-2,TKYO-004,Band 41 (2500MHz),-83.0,-11.0,7.8,13.8,7.8,34.9
2026-07-17 04:00:00,TKYO-004-3,TKYO-004,Band 41 (2500MHz),-83.1,-7.3,-1.5,12.4,0.0,16.5
2026-07-17 04:00:00,TKYO-005-1,TKYO-005,Band 1 (2100MHz),-77.2,-9.6,13.2,0.0,9.9,37.2
2026-07-17 04:00:00,TKYO-005-2,TKYO-005,Band 1 (2100MHz),-76.7,-8.4,9.2,8.2,0.0,33.1
2026-07-17 04:00:00,TKYO-005-3,TKYO-005,Band 1 (2100MHz),-100.7,-11.6,4.7,31.2,2.2,24.5
2026-07-17 04:00:00,TKYO-006-1,TKYO-006,Band 41 (2500MHz),-84.2,-13.4,5.5,10.4,1.3,7.2
2026-07-17 04:00:00,TKYO-006-2,TKYO-006,Band 41 (2500MHz),-89.3,-5.1,5.7,27.3,0.0,39.2
2026-07-17 04:00:00,TKYO-006-3,TKYO-006,Band 41 (2500MHz),-88.3,-10.6,7.7,2.7,21.3,55.0
2026-07-17 04:00:00,TKYO-007-1,TKYO-007,Band 1 (2100MHz),-79.2,-9.1,9.5,20.2,29.9,11.1
2026-07-17 04:00:00,TKYO-007-2,TKYO-007,Band 1 (2100MHz),-84.9,-7.2,11.9,28.7,0.0,0.0
2026-07-17 04:00:00,TKYO-007-3,TKYO-007,Band 1 (2100MHz),-98.7,-13.6,3.6,2.1,0.0,20.1
2026-07-17 04:00:00,TKYO-008-1,TKYO-008,Band 41 (2500MHz),-82.0,-7.2,1.7,0.0,16.8,24.2
2026-07-17 04:00:00,TKYO-008-2,TKYO-008,Band 41 (2500MHz),-76.8,-8.1,6.9,24.0,0.0,25.7
2026-07-17 04:00:00,TKYO-008-3,TKYO-008,Band 41 (2500MHz),-84.3,-9.9,9.1,0.3,9.8,0.0
2026-07-17 04:00:00,TKYO-009-1,TKYO-009,Band 1 (2100MHz),-81.5,-3.2,7.5,3.1,12.8,0.0
2026-07-17 04:00:00,TKYO-009-2,TKYO-009,Band 1 (2100MHz),-93.8,-9.1,3.9,1.8,22.7,20.6
2026-07-17 04:00:00,TKYO-009-3,TKYO-009,Band 1 (2100MHz),-82.9,-1.7,8.2,1.6,28.5,59.7
2026-07-17 04:00:00,TKYO-010-1,TKYO-010,Band 41 (2500MHz),-75.9,-7.9,2.8,0.0,3.4,56.2
2026-07-17 04:00:00,TKYO-010-2,TKYO-010,Band 41 (2500MHz),-91.1,-9.3,9.2,23.4,2.3,31.4
2026-07-17 04:00:00,TKYO-010-3,TKYO-010,Band 41 (2500MHz),-91.0,-10.3,7.2,0.6,3.7,0.8
2026-07-17 04:00:00,TKYO-011-1,TKYO-011,Band 1 (2100MHz),-78.4,-4.9,3.4,27.6,1.1,0.0
2026-07-17 04:00:00,TKYO-011-2,TKYO-011,Band 1 (2100MHz),-81.7,-13.1,2.0,2.2,13.4,42.4
2026-07-17 04:00:00,TKYO-011-3,TKYO-011,Band 1 (2100MHz),-88.8,-7.7,11.5,3.4,10.7,17.8
2026-07-17 04:00:00,TKYO-012-1,TKYO-012,Band 41 (2500MHz),-89.5,-8.1,6.2,8.6,0.0,0.0
2026-07-17 04:00:00,TKYO-012-2,TKYO-012,Band 41 (2500MHz),-87.4,-10.3,3.1,10.8,20.7,1.0
2026-07-17 04:00:00,TKYO-012-3,TKYO-012,Band 41 (2500MHz),-79.7,-6.8,10.2,20.5,10.3,27.4
2026-07-17 04:00:00,TKYO-013-1,TKYO-013,Band 1 (2100MHz),-81.8,-7.8,5.6,10.9,5.7,0.3
2026-07-17 04:00:00,TKYO-013-2,TKYO-013,Band 1 (2100MHz),-100.9,-15.7,13.8,6.5,16.3,0.0
2026-07-17 04:00:00,TKYO-013-3,TKYO-013,Band 1 (2100MHz),-84.8,-6.0,8.2,7.2,14.1,0.0
2026-07-17 04:00:00,TKYO-014-1,TKYO-014,Band 41 (2500MHz),-76.1,-10.0,0.7,20.3,0.0,42.7
2026-07-17 04:00:00,TKYO-014-2,TKYO-014,Band 41 (2500MHz),-96.4,-13.5,-1.0,18.1,11.8,20.1
2026-07-17 04:00:00,TKYO-014-3,TKYO-014,Band 41 (2500MHz),-88.1,-7.4,2.1,0.0,6.6,35.3
2026-07-17 04:00:00,TKYO-015-1,TKYO-015,Band 1 (2100MHz),-82.2,-7.7,14.0,11.3,0.0,35.7
2026-07-17 04:00:00,TKYO-015-2,TKYO-015,Band 1 (2100MHz),-83.5,-3.4,-3.2,16.4,3.8,0.7
2026-07-17 04:00:00,TKYO-015-3,TKYO-015,Band 1 (2100MHz),-91.3,-5.8,17.9,10.4,0.0,31.7
2026-07-17 04:00:00,TKYO-016-1,TKYO-016,Band 41 (2500MHz),-84.0,-8.9,-4.2,12.6,0.0,0.0
2026-07-17 04:00:00,TKYO-016-2,TKYO-016,Band 41 (2500MHz),-85.8,-4.9,5.2,5.8,11.4,73.3
2026-07-17 04:00:00,TKYO-016-3,TKYO-016,Band 41 (2500MHz),-89.1,-9.1,2.1,10.3,9.2,14.1
2026-07-17 05:00:00,TKYO-001-1,TKYO-001,Band 1 (2100MHz),-79.1,-7.4,7.0,10.2,20.2,16.6
2026-07-17 05:00:00,TKYO-001-2,TKYO-001,Band 1 (2100MHz),-85.5,-4.0,14.1,28.0,5.6,0.0
2026-07-17 05:00:00,TKYO-001-3,TKYO-001,Band 1 (2100MHz),-81.7,-9.0,5.7,29.2,12.0,0.0
2026-07-17 05:00:00,TKYO-002-1,TKYO-002,Band 41 (2500MHz),-82.8,-7.3,6.1,3.4,7.4,44.1
2026-07-17 05:00:00,TKYO-002-2,TKYO-002,Band 41 (2500MHz),-92.2,-4.3,5.4,14.6,0.0,0.0
2026-07-17 05:00:00,TKYO-002-3,TKYO-002,Band 41 (2500MHz),-82.7,-11.0,4.3,35.2,12.5,16.3
2026-07-17 05:00:00,TKYO-003-1,TKYO-003,Band 1 (2100MHz),-81.5,-10.4,10.7,0.0,18.0,0.0
2026-07-17 05:00:00,TKYO-003-2,TKYO-003,Band 1 (2100MHz),-98.3,-14.8,-6.9,50.7,9.8,11.5
2026-07-17 05:00:00,TKYO-003-3,TKYO-003,Band 1 (2100MHz),-83.0,-7.7,3.5,0.0,3.9,0.0
2026-07-17 05:00:00,TKYO-004-1,TKYO-004,Band 41 (2500MHz),-81.0,-11.7,5.2,14.0,0.0,2.6
2026-07-17 05:00:00,TKYO-004-2,TKYO-004,Band 41 (2500MHz),-81.8,-8.7,11.6,9.5,8.9,0.0
2026-07-17 05:00:00,TKYO-004-3,TKYO-004,Band 41 (2500MHz),-80.2,-10.5,6.6,9.1,15.7,32.7
2026-07-17 05:00:00,TKYO-005-1,TKYO-005,Band 1 (2100MHz),-85.7,-2.9,14.7,0.0,0.0,18.0
2026-07-17 05:00:00,TKYO-005-2,TKYO-005,Band 1 (2100MHz),-86.9,-8.9,16.6,24.8,10.2,18.7
2026-07-17 05:00:00,TKYO-005-3,TKYO-005,Band 1 (2100MHz),-94.5,-9.9,-3.8,0.0,7.1,30.9
2026-07-17 05:00:00,TKYO-006-1,TKYO-006,Band 41 (2500MHz),-81.2,-10.4,0.4,0.0,4.4,13.7
2026-07-17 05:00:00,TKYO-006-2,TKYO-006,Band 41 (2500MHz),-78.2,-7.6,0.7,35.3,8.8,0.0
2026-07-17 05:00:00,TKYO-006-3,TKYO-006,Band 41 (2500MHz),-82.3,-8.4,15.6,3.1,4.3,11.1
2026-07-17 05:00:00,TKYO-007-1,TKYO-007,Band 1 (2100MHz),-81.0,-7.4,18.3,22.1,0.0,25.3
2026-07-17 05:00:00,TKYO-007-2,TKYO-007,Band 1 (2100MHz),-76.9,-6.9,14.3,37.6,10.0,46.5
2026-07-17 05:00:00,TKYO-007-3,TKYO-007,Band 1 (2100MHz),-96.8,-11.5,-2.6,9.8,0.0,46.2
2026-07-17 05:00:00,TKYO-008-1,TKYO-008,Band 41 (2500MHz),-80.6,-5.6,2.6,2.5,16.1,0.0
2026-07-17 05:00:00,TKYO-008-2,TKYO-008,Band 41 (2500MHz),-78.7,-9.2,5.3,7.0,20.1,16.4
2026-07-17 05:00:00,TKYO-008-3,TKYO-008,Band 41 (2500MHz),-77.4,-10.4,5.4,24.4,4.3,23.3
2026-07-17 05:00:00,TKYO-009-1,TKYO-009,Band 1 (2100MHz),-83.6,-6.5,11.9,0.0,7.7,30.3
2026-07-17 05:00:00,TKYO-009-2,TKYO-009,Band 1 (2100MHz),-86.8,-11.0,11.3,11.0,19.7,48.1
2026-07-17 05:00:00,TKYO-009-3,TKYO-009,Band 1 (2100MHz),-82.5,-11.5,8.1,5.4,23.0,23.5
2026-07-17 05:00:00,TKYO-010-1,TKYO-010,Band 41 (2500MHz),-79.4,-8.9,5.1,0.0,15.4,26.0
2026-07-17 05:00:00,TKYO-010-2,TKYO-010,Band 41 (2500MHz),-81.4,-7.9,5.6,32.2,0.3,34.1
2026-07-17 05:00:00,TKYO-010-3,TKYO-010,Band 41 (2500MHz),-85.3,-10.2,11.3,9.9,23.9,29.4
2026-07-17 05:00:00,TKYO-011-1,TKYO-011,Band 1 (2100MHz),-79.4,-6.8,0.8,8.1,13.0,54.7
2026-07-17 05:00:00,TKYO-011-2,TKYO-011,Band 1 (2100MHz),-91.5,-11.7,-1.2,1.3,3.6,9.5
2026-07-17 05:00:00,TKYO-011-3,TKYO-011,Band 1 (2100MHz),-92.0,-5.9,9.3,3.4,0.0,0.0
2026-07-17 05:00:00,TKYO-012-1,TKYO-012,Band 41 (2500MHz),-82.7,-11.6,5.4,4.6,0.0,52.2
2026-07-17 05:00:00,TKYO-012-2,TKYO-012,Band 41 (2500MHz),-80.2,-7.9,1.6,8.4,0.0,13.4
2026-07-17 05:00:00,TKYO-012-3,TKYO-012,Band 41 (2500MHz),-83.5,-8.2,6.5,7.6,8.3,36.4
2026-07-17 05:00:00,TKYO-013-1,TKYO-013,Band 1 (2100MHz),-83.5,-5.3,14.1,0.0,0.0,28.5
2026-07-17 05:00:00,TKYO-013-2,TKYO-013,Band 1 (2100MHz),-100.8,-16.0,10.7,14.5,0.0,3.4
2026-07-17 05:00:00,TKYO-013-3,TKYO-013,Band 1 (2100MHz),-78.1,-10.1,7.1,17.3,14.9,0.4
2026-07-17 05:00:00,TKYO-014-1,TKYO-014,Band 41 (2500MHz),-88.7,-11.5,0.9,10.7,0.0,17.9
2026-07-17 05:00:00,TKYO-014-2,TKYO-014,Band 41 (2500MHz),-103.9,-12.9,-1.7,5.1,7.7,0.0
2026-07-17 05:00:00,TKYO-014-3,TKYO-014,Band 41 (2500MHz),-80.8,-13.8,9.2,0.6,0.0,43.3
2026-07-17 05:00:00,TKYO-015-1,TKYO-015,Band 1 (2100MHz),-82.0,-8.2,11.6,19.0,0.0,13.3
2026-07-17 05:00:00,TKYO-015-2,TKYO-015,Band 1 (2100MHz),-83.5,-7.6,9.0,0.1,0.0,6.1
2026-07-17 05:00:00,TKYO-015-3,TKYO-015,Band 1 (2100MHz),-87.3,-9.5,16.5,24.7,0.0,50.8
2026-07-17 05:00:00,TKYO-016-1,TKYO-016,Band 41 (2500MHz),-82.1,-11.5,3.2,1.2,0.0,0.0
2026-07-17 05:00:00,TKYO-016-2,TKYO-016,Band 41 (2500MHz),-85.5,-10.7,1.4,23.6,5.8,14.1
2026-07-17 05:00:00,TKYO-016-3,TKYO-016,Band 41 (2500MHz),-79.4,-7.6,2.5,0.0,5.2,22.6
2026-07-17 06:00:00,TKYO-001-1,TKYO-001,Band 1 (2100MHz),-84.1,-6.9,12.5,43.2,2.4,1.7
2026-07-17 06:00:00,TKYO-001-2,TKYO-001,Band 1 (2100MHz),-82.5,-6.0,4.8,25.7,7.0,45.9
2026-07-17 06:00:00,TKYO-001-3,TKYO-001,Band 1 (2100MHz),-90.6,-11.9,4.7,3.8,0.0,61.0
2026-07-17 06:00:00,TKYO-002-1,TKYO-002,Band 41 (2500MHz),-80.0,-6.8,8.9,15.5,10.9,20.9
2026-07-17 06:00:00,TKYO-002-2,TKYO-002,Band 41 (2500MHz),-78.0,-10.0,12.7,34.4,9.8,24.2
2026-07-17 06:00:00,TKYO-002-3,TKYO-002,Band 41 (2500MHz),-84.7,-8.1,7.8,44.1,18.5,80.2
2026-07-17 06:00:00,TKYO-003-1,TKYO-003,Band 1 (2100MHz),-85.2,-8.7,8.6,43.9,13.5,67.4
2026-07-17 06:00:00,TKYO-003-2,TKYO-003,Band 1 (2100MHz),-99.8,-12.7,4.9,3.0,0.5,29.7
2026-07-17 06:00:00,TKYO-003-3,TKYO-003,Band 1 (2100MHz),-86.0,-6.4,14.0,20.4,4.3,17.5
2026-07-17 06:00:00,TKYO-004-1,TKYO-004,Band 41 (2500MHz),-81.6,-7.3,4.1,26.9,23.8,0.0
2026-07-17 06:00:00,TKYO-004-2,TKYO-004,Band 41 (2500MHz),-76.2,-9.3,10.6,26.1,0.0,40.2
2026-07-17 06:00:00,TKYO-004-3,TKYO-004,Band 41 (2500MHz),-81.9,-9.7,9.2,8.6,11.7,28.7
2026-07-17 06:00:00,TKYO-005-1,TKYO-005,Band 1 (2100MHz),-84.0,-7.5,14.0,29.5,20.6,11.9
2026-07-17 06:00:00,TKYO-005-2,TKYO-005,Band 1 (2100MHz),-86.4,-7.7,12.1,11.5,14.1,27.8
2026-07-17 06:00:00,TKYO-005-3,TKYO-005,Band 1 (2100MHz),-97.0,-15.9,-1.5,17.1,27.2,19.6
2026-07-17 06:00:00,TKYO-006-1,TKYO-006,Band 41 (2500MHz),-82.7,-9.0,2.2,24.0,1.6,9.4
2026-07-17 06:00:00,TKYO-006-2,TKYO-006,Band 41 (2500MHz),-83.2,-6.5,7.2,10.6,12.2,69.9
2026-07-17 06:00:00,TKYO-006-3,TKYO-006,Band 41 (2500MHz),-86.9,-6.9,3.4,35.2,13.9,28.2
2026-07-17 06:00:00,TKYO-007-1,TKYO-007,Band 1 (2100MHz),-84.0,-7.9,5.0,41.4,8.6,13.3
2026-07-17 06:00:00,TKYO-007-2,TKYO-007,Band 1 (2100MHz),-79.4,-9.8,8.3,10.2,14.8,46.5
2026-07-17 06:00:00,TKYO-007-3,TKYO-007,Band 1 (2100MHz),-93.5,-16.4,-3.0,51.3,21.7,71.7
2026-07-17 06:00:00,TKYO-008-1,TKYO-008,Band 41 (2500MHz),-81.7,-10.4,11.4,17.5,35.6,44.2
2026-07-17 06:00:00,TKYO-008-2,TKYO-008,Band 41 (2500MHz),-79.2,-12.5,16.5,27.0,17.5,0.0
2026-07-17 06:00:00,TKYO-008-3,TKYO-008,Band 41 (2500MHz),-90.9,-11.7,7.9,30.8,12.7,79.5
2026-07-17 06:00:00,TKYO-009-1,TKYO-009,Band 1 (2100MHz),-79.3,-8.6,1.9,49.1,23.5,38.3
2026-07-17 06:00:00,TKYO-009-2,TKYO-009,Band 1 (2100MHz),-84.0,-4.7,4.5,19.7,26.7,67.2
2026-07-17 06:00:00,TKYO-009-3,TKYO-009,Band 1 (2100MHz),-81.9,-10.4,14.3,35.0,27.6,25.4
2026-07-17 06:00:00,TKYO-010-1,TKYO-010,Band 41 (2500MHz),-81.6,-8.2,7.2,26.2,23.1,70.0
2026-07-17 06:00:00,TKYO-010-2,TKYO-010,Band 41 (2500MHz),-78.1,-7.6,11.4,22.3,15.5,50.4
2026-07-17 06:00:00,TKYO-010-3,TKYO-010,Band 41 (2500MHz),-81.6,-7.4,5.4,29.1,16.8,48.6
2026-07-17 06:00:00,TKYO-011-1,TKYO-011,Band 1 (2100MHz),-84.7,-10.1,17.8,19.8,14.6,53.4
2026-07-17 06:00:00,TKYO-011-2,TKYO-011,Band 1 (2100MHz),-80.4,-6.2,8.4,16.2,26.3,36.3
2026-07-17 06:00:00,TKYO-011-3,TKYO-011,Band 1 (2100MHz),-86.9,-10.2,12.2,21.9,20.0,35.2
2026-07-17 06:00:00,TKYO-012-1,TKYO-012,Band 41 (2500MHz),-80.4,-11.5,0.2,38.7,11.0,23.7
2026-07-17 06:00:00,TKYO-012-2,TKYO-012,Band 41 (2500MHz),-85.8,-11.6,6.4,13.5,10.4,3.2
2026-07-17 06:00:00,TKYO-012-3,TKYO-012,Band 41 (2500MHz),-76.9,-7.8,5.7,19.2,6.4,58.9
2026-07-17 06:00:00,TKYO-013-1,TKYO-013,Band 1 (2100MHz),-91.1,-9.9,15.5,12.4,0.4,56.0
2026-07-17 06:00:00,TKYO-013-2,TKYO-013,Band 1 (2100MHz),-97.3,-12.9,-7.3,44.5,31.2,10.0
2026-07-17 06:00:00,TKYO-013-3,TKYO-013,Band 1 (2100MHz),-82.2,-9.1,4.9,24.5,13.3,46.1
2026-07-17 06:00:00,TKYO-014-1,TKYO-014,Band 41 (2500MHz),-81.2,-7.1,9.1,13.5,14.3,39.5
2026-07-17 06:00:00,TKYO-014-2,TKYO-014,Band 41 (2500MHz),-102.3,-13.5,1.1,31.4,24.0,0.0
2026-07-17 06:00:00,TKYO-014-3,TKYO-014,Band 41 (2500MHz),-79.5,-6.9,9.5,28.7,23.5,41.4
2026-07-17 06:00:00,TKYO-015-1,TKYO-015,Band 1 (2100MHz),-87.7,-10.1,7.6,21.4,23.1,34.8
2026-07-17 06:00:00,TKYO-015-2,TKYO-015,Band 1 (2100MHz),-83.7,-7.6,12.0,10.8,9.1,37.7
2026-07-17 06:00:00,TKYO-015-3,TKYO-015,Band 1 (2100MHz),-85.1,-5.6,10.7,11.7,0.0,34.9
2026-07-17 06:00:00,TKYO-016-1,TKYO-016,Band 41 (2500MHz),-87.2,-8.2,11.2,38.5,17.5,68.0
2026-07-17 06:00:00,TKYO-016-2,TKYO-016,Band 41 (2500MHz),-85.5,-7.9,11.1,31.7,23.0,45.2
2026-07-17 06:00:00,TKYO-016-3,TKYO-016,Band 41 (2500MHz),-82.6,-7.8,16.1,18.3,0.0,61.7
2026-07-17 07:00:00,TKYO-001-1,TKYO-001,Band 1 (2100MHz),-81.1,-9.0,9.5,40.8,50.3,104.9
2026-07-17 07:00:00,TKYO-001-2,TKYO-001,Band 1 (2100MHz),-89.5,-9.2,7.8,79.6,49.0,123.3
2026-07-17 07:00:00,TKYO-001-3,TKYO-001,Band 1 (2100MHz),-81.9,-12.0,6.8,99.4,47.7,138.8
2026-07-17 07:00:00,TKYO-002-1,TKYO-002,Band 41 (2500MHz),-84.5,-13.4,8.7,71.2,40.1,125.1
2026-07-17 07:00:00,TKYO-002-2,TKYO-002,Band 41 (2500MHz),-85.2,-11.0,7.0,70.6,51.1,131.0
2026-07-17 07:00:00,TKYO-002-3,TKYO-002,Band 41 (2500MHz),-87.0,-12.3,-0.1,76.8,44.3,113.7
2026-07-17 07:00:00,TKYO-003-1,TKYO-003,Band 1 (2100MHz),-82.2,-10.8,11.5,75.9,43.8,112.5
2026-07-17 07:00:00,TKYO-003-2,TKYO-003,Band 1 (2100MHz),-90.3,-16.7,-7.2,75.0,32.6,138.3
2026-07-17 07:00:00,TKYO-003-3,TKYO-003,Band 1 (2100MHz),-87.0,-9.9,9.6,65.0,30.5,108.4
2026-07-17 07:00:00,TKYO-004-1,TKYO-004,Band 41 (2500MHz),-78.6,-8.1,3.4,54.0,47.6,105.1
2026-07-17 07:00:00,TKYO-004-2,TKYO-004,Band 41 (2500MHz),-84.1,-15.0,6.4,57.6,38.0,131.2
2026-07-17 07:00:00,TKYO-004-3,TKYO-004,Band 41 (2500MHz),-86.4,-12.1,9.3,89.1,52.7,117.5
2026-07-17 07:00:00,TKYO-005-1,TKYO-005,Band 1 (2100MHz),-90.0,-12.1,4.6,77.8,55.2,148.5
2026-07-17 07:00:00,TKYO-005-2,TKYO-005,Band 1 (2100MHz),-89.3,-9.3,2.0,77.1,41.9,90.5
2026-07-17 07:00:00,TKYO-005-3,TKYO-005,Band 1 (2100MHz),-101.2,-15.1,1.8,72.5,72.3,118.6
2026-07-17 07:00:00,TKYO-006-1,TKYO-006,Band 41 (2500MHz),-74.0,-10.5,12.7,100.0,49.3,119.6
2026-07-17 07:00:00,TKYO-006-2,TKYO-006,Band 41 (2500MHz),-86.1,-11.2,-3.7,60.3,45.7,126.6
2026-07-17 07:00:00,TKYO-006-3,TKYO-006,Band 41 (2500MHz),-79.6,-11.0,1.9,90.6,52.0,165.3
2026-07-17 07:00:00,TKYO-007-1,TKYO-007,Band 1 (2100MHz),-88.6,-13.3,8.7,88.6,52.7,92.7
2026-07-17 07:00:00,TKYO-007-2,TKYO-007,Band 1 (2100MHz),-88.1,-9.2,7.2,87.8,38.3,173.9
2026-07-17 07:00:00,TKYO-007-3,TKYO-007,Band 1 (2100MHz),-94.6,-18.4,1.9,83.3,48.3,116.8
2026-07-17 07:00:00,TKYO-008-1,TKYO-008,Band 41 (2500MHz),-81.3,-11.6,10.2,67.7,28.9,98.3
2026-07-17 07:00:00,TKYO-008-2,TKYO-008,Band 41 (2500MHz),-85.6,-12.0,11.2,48.4,40.6,138.3
2026-07-17 07:00:00,TKYO-008-3,TKYO-008,Band 41 (2500MHz),-80.0,-11.1,8.0,66.9,42.2,136.1
2026-07-17 07:00:00,TKYO-009-1,TKYO-009,Band 1 (2100MHz),-76.7,-9.8,10.7,76.0,45.0,123.2
2026-07-17 07:00:00,TKYO-009-2,TKYO-009,Band 1 (2100MHz),-83.5,-11.3,4.1,76.6,41.4,100.3
2026-07-17 07:00:00,TKYO-009-3,TKYO-009,Band 1 (2100MHz),-89.2,-12.4,8.4,65.9,49.7,188.4
2026-07-17 07:00:00,TKYO-010-1,TKYO-010,Band 41 (2500MHz),-82.0,-8.9,8.6,72.6,56.0,111.7
2026-07-17 07:00:00,TKYO-010-2,TKYO-010,Band 41 (2500MHz),-80.8,-13.4,-4.1,75.9,40.3,143.4
2026-07-17 07:00:00,TKYO-010-3,TKYO-010,Band 41 (2500MHz),-78.0,-15.1,6.6,81.5,48.2,103.7
2026-07-17 07:00:00,TKYO-011-1,TKYO-011,Band 1 (2100MHz),-84.0,-10.4,12.2,91.2,40.5,148.0
2026-07-17 07:00:00,TKYO-011-2,TKYO-011,Band 1 (2100MHz),-78.3,-12.6,15.3,66.1,47.7,139.5
2026-07-17 07:00:00,TKYO-011-3,TKYO-011,Band 1 (2100MHz),-81.7,-12.4,0.6,80.6,48.9,99.1
2026-07-17 07:00:00,TKYO-012-1,TKYO-012,Band 41 (2500MHz),-81.7,-12.2,4.2,80.9,51.9,64.7
2026-07-17 07:00:00,TKYO-012-2,TKYO-012,Band 41 (2500MHz),-84.2,-10.3,-3.6,89.6,34.1,126.4
2026-07-17 07:00:00,TKYO-012-3,TKYO-012,Band 41 (2500MHz),-80.2,-11.0,5.3,72.4,55.3,140.8
2026-07-17 07:00:00,TKYO-013-1,TKYO-013,Band 1 (2100MHz),-85.8,-13.5,13.7,69.6,38.7,125.8
2026-07-17 07:00:00,TKYO-013-2,TKYO-013,Band 1 (2100MHz),-92.6,-14.0,-5.4,77.4,43.1,111.1
2026-07-17 07:00:00,TKYO-013-3,TKYO-013,Band 1 (2100MHz),-83.8,-14.9,-2.5,100.0,46.0,134.8
2026-07-17 07:00:00,TKYO-014-1,TKYO-014,Band 41 (2500MHz),-80.3,-12.3,9.1,60.0,50.5,155.6
2026-07-17 07:00:00,TKYO-014-2,TKYO-014,Band 41 (2500MHz),-97.6,-20.8,1.0,66.7,43.3,127.1
2026-07-17 07:00:00,TKYO-014-3,TKYO-014,Band 41 (2500MHz),-83.7,-11.5,10.3,54.7,38.4,133.2
2026-07-17 07:00:00,TKYO-015-1,TKYO-015,Band 1 (2100MHz),-84.0,-10.5,8.7,71.7,35.7,100.4
2026-07-17 07:00:00,TKYO-015-2,TKYO-015,Band 1 (2100MHz),-78.2,-13.5,11.3,91.8,55.2,82.7
2026-07-17 07:00:00,TKYO-015-3,TKYO-015,Band 1 (2100MHz),-86.9,-9.9,1.8,71.1,41.6,127.2
2026-07-17 07:00:00,TKYO-016-1,TKYO-016,Band 41 (2500MHz),-85.0,-12.7,1.4,73.1,43.8,137.8
2026-07-17 07:00:00,TKYO-016-2,TKYO-016,Band 41 (2500MHz),-83.7,-11.6,4.0,71.4,47.9,130.5
2026-07-17 07:00:00,TKYO-016-3,TKYO-016,Band 41 (2500MHz),-88.9,-11.5,5.4,74.0,50.4,123.2
2026-07-17 08:00:00,TKYO-001-1,TKYO-001,Band 1 (2100MHz),-84.8,-14.0,10.4,100.0,53.9,151.9
2026-07-17 08:00:00,TKYO-001-2,TKYO-001,Band 1 (2100MHz),-83.6,-12.0,16.3,95.9,60.3,178.4
2026-07-17 08:00:00,TKYO-001-3,TKYO-001,Band 1 (2100MHz),-86.0,-14.3,5.4,100.0,62.4,172.6
2026-07-17 08:00:00,TKYO-002-1,TKYO-002,Band 41 (2500MHz),-78.9,-13.6,0.0,100.0,63.2,178.3
2026-07-17 08:00:00,TKYO-002-2,TKYO-002,Band 41 (2500MHz),-77.7,-11.5,4.6,86.1,66.3,143.0
2026-07-17 08:00:00,TKYO-002-3,TKYO-002,Band 41 (2500MHz),-80.1,-13.8,9.1,100.0,71.3,148.9
2026-07-17 08:00:00,TKYO-003-1,TKYO-003,Band 1 (2100MHz),-85.7,-12.9,14.2,100.0,75.5,182.2
2026-07-17 08:00:00,TKYO-003-2,TKYO-003,Band 1 (2100MHz),-100.7,-16.3,-5.1,99.1,60.6,181.2
2026-07-17 08:00:00,TKYO-003-3,TKYO-003,Band 1 (2100MHz),-83.3,-14.7,16.3,100.0,51.2,182.4
2026-07-17 08:00:00,TKYO-004-1,TKYO-004,Band 41 (2500MHz),-86.0,-9.8,6.3,100.0,54.2,163.9
2026-07-17 08:00:00,TKYO-004-2,TKYO-004,Band 41 (2500MHz),-82.9,-17.4,5.8,91.8,70.5,207.6
2026-07-17 08:00:00,TKYO-004-3,TKYO-004,Band 41 (2500MHz),-88.6,-10.9,1.1,99.5,54.0,171.0
2026-07-17 08:00:00,TKYO-005-1,TKYO-005,Band 1 (2100MHz),-83.0,-11.0,1.9,100.0,52.4,210.1
2026-07-17 08:00:00,TKYO-005-2,TKYO-005,Band 1 (2100MHz),-84.5,-8.1,19.8,100.0,63.4,193.7
2026-07-17 08:00:00,TKYO-005-3,TKYO-005,Band 1 (2100MHz),-100.9,-14.5,7.7,86.0,61.9,143.6
2026-07-17 08:00:00,TKYO-006-1,TKYO-006,Band 41 (2500MHz),-81.7,-15.5,11.5,100.0,41.2,161.3
2026-07-17 08:00:00,TKYO-006-2,TKYO-006,Band 41 (2500MHz),-84.0,-13.4,4.9,86.5,59.9,148.3
2026-07-17 08:00:00,TKYO-006-3,TKYO-006,Band 41 (2500MHz),-81.8,-11.8,0.7,92.5,57.4,164.3
2026-07-17 08:00:00,TKYO-007-1,TKYO-007,Band 1 (2100MHz),-81.6,-12.4,11.5,100.0,57.3,184.2
2026-07-17 08:00:00,TKYO-007-2,TKYO-007,Band 1 (2100MHz),-82.3,-14.1,3.8,88.0,57.6,187.8
2026-07-17 08:00:00,TKYO-007-3,TKYO-007,Band 1 (2100MHz),-95.2,-17.5,3.2,96.0,53.7,144.7
2026-07-17 08:00:00,TKYO-008-1,TKYO-008,Band 41 (2500MHz),-85.4,-15.7,7.8,100.0,66.4,175.6
2026-07-17 08:00:00,TKYO-008-2,TKYO-008,Band 41 (2500MHz),-87.8,-11.4,7.9,95.6,57.3,138.3
2026-07-17 08:00:00,TKYO-008-3,TKYO-008,Band 41 (2500MHz),-87.0,-13.3,8.5,73.9,68.7,151.2
2026-07-17 08:00:00,TKYO-009-1,TKYO-009,Band 1 (2100MHz),-85.6,-14.7,14.0,94.9,53.8,213.8
2026-07-17 08:00:00,TKYO-009-2,TKYO-009,Band 1 (2100MHz),-82.1,-15.1,1.5,99.1,55.2,174.0
2026-07-17 08:00:00,TKYO-009-3,TKYO-009,Band 1 (2100MHz),-88.6,-13.4,10.7,100.0,65.8,158.2
2026-07-17 08:00:00,TKYO-010-1,TKYO-010,Band 41 (2500MHz),-88.3,-9.2,-7.8,73.6,56.7,156.7
2026-07-17 08:00:00,TKYO-010-2,TKYO-010,Band 41 (2500MHz),-75.2,-14.0,10.9,91.2,57.3,174.5
2026-07-17 08:00:00,TKYO-010-3,TKYO-010,Band 41 (2500MHz),-78.2,-12.1,4.6,90.0,53.7,138.0
2026-07-17 08:00:00,TKYO-011-1,TKYO-011,Band 1 (2100MHz),-85.1,-9.7,11.1,100.0,54.8,162.1
2026-07-17 08:00:00,TKYO-011-2,TKYO-011,Band 1 (2100MHz),-82.6,-14.7,13.5,96.3,53.9,190.0
2026-07-17 08:00:00,TKYO-011-3,TKYO-011,Band 1 (2100MHz),-85.2,-10.1,5.5,86.0,55.9,167.1
2026-07-17 08:00:00,TKYO-012-1,TKYO-012,Band 41 (2500MHz),-84.6,-11.4,13.0,100.0,52.1,195.2
2026-07-17 08:00:00,TKYO-012-2,TKYO-012,Band 41 (2500MHz),-80.9,-13.4,6.5,79.6,58.6,145.7
2026-07-17 08:00:00,TKYO-012-3,TKYO-012,Band 41 (2500MHz),-74.3,-11.9,-4.3,100.0,61.1,171.9
2026-07-17 08:00:00,TKYO-013-1,TKYO-013,Band 1 (2100MHz),-84.8,-12.0,4.3,100.0,56.6,136.5
2026-07-17 08:00:00,TKYO-013-2,TKYO-013,Band 1 (2100MHz),-103.7,-19.5,4.4,100.0,65.3,147.2
2026-07-17 08:00:00,TKYO-013-3,TKYO-013,Band 1 (2100MHz),-80.3,-14.7,13.4,100.0,47.4,174.5
2026-07-17 08:00:00,TKYO-014-1,TKYO-014,Band 41 (2500MHz),-84.6,-12.2,12.1,76.6,64.3,170.2
2026-07-17 08:00:00,TKYO-014-2,TKYO-014,Band 41 (2500MHz),-101.1,-11.4,-2.5,100.0,68.3,170.2
2026-07-17 08:00:00,TKYO-014-3,TKYO-014,Band 41 (2500MHz),-79.3,-9.5,15.3,100.0,51.1,198.2
2026-07-17 08:00:00,TKYO-015-1,TKYO-015,Band 1 (2100MHz),-86.8,-16.1,3.9,98.4,64.5,156.8
2026-07-17 08:00:00,TKYO-015-2,TKYO-015,Band 1 (2100MHz),-87.9,-12.5,5.0,91.1,49.3,194.3
2026-07-17 08:00:00,TKYO-015-3,TKYO-015,Band 1 (2100MHz),-90.7,-13.4,4.7,100.0,66.7,136.3
2026-07-17 08:00:00,TKYO-016-1,TKYO-016,Band 41 (2500MHz),-84.6,-15.5,4.7,100.0,53.9,156.3
2026-07-17 08:00:00,TKYO-016-2,TKYO-016,Band 41 (2500MHz),-87.4,-13.0,1.9,100.0,56.8,183.3
2026-07-17 08:00:00,TKYO-016-3,TKYO-016,Band 41 (2500MHz),-86.9,-14.7,-4.7,100.0,49.7,150.2
2026-07-17 09:00:00,TKYO-001-1,TKYO-001,Band 1 (2100MHz),-83.2,-10.7,14.9,92.2,56.7,125.7
2026-07-17 09:00:00,TKYO-001-2,TKYO-001,Band 1 (2100MHz),-86.2,-11.5,2.7,69.6,48.2,129.4
2026-07-17 09:00:00,TKYO-001-3,TKYO-001,Band 1 (2100MHz),-87.1,-10.6,23.5,72.3,52.9,115.4
2026-07-17 09:00:00,TKYO-002-1,TKYO-002,Band 41 (2500MHz),-83.0,-10.7,-1.8,63.8,55.2,98.9
2026-07-17 09:00:00,TKYO-002-2,TKYO-002,Band 41 (2500MHz),-84.5,-13.4,5.1,61.4,42.8,109.6
2026-07-17 09:00:00,TKYO-002-3,TKYO-002,Band 41 (2500MHz),-85.0,-12.7,-1.7,79.2,37.9,142.5
2026-07-17 09:00:00,TKYO-003-1,TKYO-003,Band 1 (2100MHz),-85.9,-14.6,10.3,91.1,64.7,130.7
2026-07-17 09:00:00,TKYO-003-2,TKYO-003,Band 1 (2100MHz),-96.4,-15.2,-1.9,72.4,49.8,154.9
2026-07-17 09:00:00,TKYO-003-3,TKYO-003,Band 1 (2100MHz),-76.2,-14.7,4.0,82.9,55.4,154.8
2026-07-17 09:00:00,TKYO-004-1,TKYO-004,Band 41 (2500MHz),-76.9,-12.2,-2.5,65.1,48.7,111.4
2026-07-17 09:00:00,TKYO-004-2,TKYO-004,Band 41 (2500MHz),-79.7,-12.4,-1.8,77.5,49.8,150.8
2026-07-17 09:00:00,TKYO-004-3,TKYO-004,Band 41 (2500MHz),-82.3,-8.3,7.0,70.0,32.1,109.0
2026-07-17 09:00:00,TKYO-005-1,TKYO-005,Band 1 (2100MHz),-84.2,-9.6,4.2,51.2,40.9,131.3
2026-07-17 09:00:00,TKYO-005-2,TKYO-005,Band 1 (2100MHz),-82.0,-8.8,3.1,72.3,49.6,112.7
2026-07-17 09:00:00,TKYO-005-3,TKYO-005,Band 1 (2100MHz),-99.5,-16.4,5.0,80.1,47.5,148.8
2026-07-17 09:00:00,TKYO-006-1,TKYO-006,Band 41 (2500MHz),-87.5,-12.3,11.0,51.6,50.5,91.5
2026-07-17 09:00:00,TKYO-006-2,TKYO-006,Band 41 (2500MHz),-82.5,-12.1,4.7,82.2,47.1,111.1
2026-07-17 09:00:00,TKYO-006-3,TKYO-006,Band 41 (2500MHz),-90.9,-12.6,3.8,78.6,27.8,137.5
2026-07-17 09:00:00,TKYO-007-1,TKYO-007,Band 1 (2100MHz),-81.6,-13.2,10.0,90.5,60.3,109.8
2026-07-17 09:00:00,TKYO-007-2,TKYO-007,Band 1 (2100MHz),-84.9,-10.5,6.2,75.7,41.6,122.6
2026-07-17 09:00:00,TKYO-007-3,TKYO-007,Band 1 (2100MHz),-99.0,-12.3,1.2,90.8,40.7,125.1
2026-07-17 09:00:00,TKYO-008-1,TKYO-008,Band 41 (2500MHz),-87.3,-12.0,-0.5,84.5,51.8,119.5
2026-07-17 09:00:00,TKYO-008-2,TKYO-008,Band 41 (2500MHz),-82.7,-12.4,2.8,76.4,47.0,125.4
2026-07-17 09:00:00,TKYO-008-3,TKYO-008,Band 41 (2500MHz),-83.6,-11.1,5.0,67.9,46.0,127.6
2026-07-17 09:00:00,TKYO-009-1,TKYO-009,Band 1 (2100MHz),-82.6,-10.6,9.5,93.4,51.4,153.9
2026-07-17 09:00:00,TKYO-009-2,TKYO-009,Band 1 (2100MHz),-86.5,-11.4,11.7,86.3,35.8,134.2
2026-07-17 09:00:00,TKYO-009-3,TKYO-009,Band 1 (2100MHz),-83.0,-12.4,4.7,63.6,27.7,142.5
2026-07-17 09:00:00,TKYO-010-1,TKYO-010,Band 41 (2500MHz),-83.7,-11.9,2.4,59.4,36.9,144.0
2026-07-17 09:00:00,TKYO-010-2,TKYO-010,Band 41 (2500MHz),-89.2,-12.0,2.2,83.3,50.6,110.4
2026-07-17 09:00:00,TKYO-010-3,TKYO-010,Band 41 (2500MHz),-81.1,-11.9,-4.0,91.9,42.2,116.1
2026-07-17 09:00:00,TKYO-011-1,TKYO-011,Band 1 (2100MHz),-80.8,-10.6,7.5,59.7,44.4,85.8
2026-07-17 09:00:00,TKYO-011-2,TKYO-011,Band 1 (2100MHz),-93.3,-12.2,4.2,67.8,48.1,156.0
2026-07-17 09:00:00,TKYO-011-3,TKYO-011,Band 1 (2100MHz),-77.4,-7.3,12.6,92.0,49.4,121.7
2026-07-17 09:00:00,TKYO-012-1,TKYO-012,Band 41 (2500MHz),-85.2,-11.8,2.0,77.9,45.1,128.9
2026-07-17 09:00:00,TKYO-012-2,TKYO-012,Band 41 (2500MHz),-83.5,-9.8,5.3,69.6,43.5,153.3
2026-07-17 09:00:00,TKYO-012-3,TKYO-012,Band 41 (2500MHz),-93.0,-11.9,7.7,81.9,34.5,112.7
2026-07-17 09:00:00,TKYO-013-1,TKYO-013,Band 1 (2100MHz),-81.8,-12.4,11.3,62.9,53.9,119.2
2026-07-17 09:00:00,TKYO-013-2,TKYO-013,Band 1 (2100MHz),-101.1,-14.2,-5.3,78.7,48.2,114.7
2026-07-17 09:00:00,TKYO-013-3,TKYO-013,Band 1 (2100MHz),-80.8,-10.9,2.3,66.9,38.9,156.4
2026-07-17 09:00:00,TKYO-014-1,TKYO-014,Band 41 (2500MHz),-83.1,-14.6,2.8,83.4,56.1,106.2
2026-07-17 09:00:00,TKYO-014-2,TKYO-014,Band 41 (2500MHz),-100.0,-13.5,-2.3,75.4,32.9,88.2
2026-07-17 09:00:00,TKYO-014-3,TKYO-014,Band 41 (2500MHz),-79.8,-11.7,9.5,77.7,55.2,144.8
2026-07-17 09:00:00,TKYO-015-1,TKYO-015,Band 1 (2100MHz),-83.7,-9.7,10.0,71.7,38.8,114.0
2026-07-17 09:00:00,TKYO-015-2,TKYO-015,Band 1 (2100MHz),-85.8,-8.7,7.7,95.4,29.9,131.2
2026-07-17 09:00:00,TKYO-015-3,TKYO-015,Band 1 (2100MHz),-75.7,-11.8,-6.2,84.0,58.7,123.3
2026-07-17 09:00:00,TKYO-016-1,TKYO-016,Band 41 (2500MHz),-86.0,-15.6,9.1,69.9,50.1,124.6
2026-07-17 09:00:00,TKYO-016-2,TKYO-016,Band 41 (2500MHz),-85.3,-6.6,4.0,88.8,44.8,139.1
2026-07-17 09:00:00,TKYO-016-3,TKYO-016,Band 41 (2500MHz),-89.0,-9.9,2.6,100.0,35.8,136.1
2026-07-17 10:00:00,TKYO-001-1,TKYO-001,Band 1 (2100MHz),-87.7,-6.8,13.9,27.0,27.5,26.4
2026-07-17 10:00:00,TKYO-001-2,TKYO-001,Band 1 (2100MHz),-83.1,-9.1,3.4,0.0,0.7,50.3
2026-07-17 10:00:00,TKYO-001-3,TKYO-001,Band 1 (2100MHz),-80.4,-6.4,9.5,34.9,12.5,34.6
2026-07-17 10:00:00,TKYO-002-1,TKYO-002,Band 41 (2500MHz),-83.0,-10.1,-0.9,20.6,8.5,24.0
2026-07-17 10:00:00,TKYO-002-2,TKYO-002,Band 41 (2500MHz),-85.1,-9.8,5.8,9.7,16.2,0.0
2026-07-17 10:00:00,TKYO-002-3,TKYO-002,Band 41 (2500MHz),-81.0,-10.6,10.0,29.7,23.2,77.7
2026-07-17 10:00:00,TKYO-003-1,TKYO-003,Band 1 (2100MHz),-79.4,-9.9,8.1,33.3,5.4,1.1
2026-07-17 10:00:00,TKYO-003-2,TKYO-003,Band 1 (2100MHz),-99.5,-11.7,0.5,26.6,13.8,71.5
2026-07-17 10:00:00,TKYO-003-3,TKYO-003,Band 1 (2100MHz),-83.6,-9.6,4.8,30.1,4.6,14.7
2026-07-17 10:00:00,TKYO-004-1,TKYO-004,Band 41 (2500MHz),-79.5,-10.7,14.0,18.8,6.1,17.3
2026-07-17 10:00:00,TKYO-004-2,TKYO-004,Band 41 (2500MHz),-87.6,-7.7,2.1,28.3,28.1,82.9
2026-07-17 10:00:00,TKYO-004-3,TKYO-004,Band 41 (2500MHz),-83.9,-5.9,9.6,18.5,12.3,47.8
2026-07-17 10:00:00,TKYO-005-1,TKYO-005,Band 1 (2100MHz),-82.3,-10.9,6.0,29.6,16.4,19.3
2026-07-17 10:00:00,TKYO-005-2,TKYO-005,Band 1 (2100MHz),-82.7,-7.4,11.7,7.1,5.0,62.3
2026-07-17 10:00:00,TKYO-005-3,TKYO-005,Band 1 (2100MHz),-97.4,-14.9,3.8,7.8,14.1,47.7
2026-07-17 10:00:00,TKYO-006-1,TKYO-006,Band 41 (2500MHz),-86.3,-7.2,7.4,32.6,14.4,37.9
2026-07-17 10:00:00,TKYO-006-2,TKYO-006,Band 41 (2500MHz),-83.9,-11.1,7.7,26.2,8.2,18.1
2026-07-17 10:00:00,TKYO-006-3,TKYO-006,Band 41 (2500MHz),-84.3,-7.2,3.8,13.5,9.7,3.0
2026-07-17 10:00:00,TKYO-007-1,TKYO-007,Band 1 (2100MHz),-84.8,-8.0,6.9,13.4,15.6,49.8
2026-07-17 10:00:00,TKYO-007-2,TKYO-007,Band 1 (2100MHz),-86.1,-8.5,10.8,34.0,13.9,44.0
2026-07-17 10:00:00,TKYO-007-3,TKYO-007,Band 1 (2100MHz),-97.7,-14.0,1.1,26.8,10.0,45.2
2026-07-17 10:00:00,TKYO-008-1,TKYO-008,Band 41 (2500MHz),-84.1,-9.1,1.9,20.4,7.3,62.5
2026-07-17 10:00:00,TKYO-008-2,TKYO-008,Band 41 (2500MHz),-84.3,-4.9,5.4,37.5,3.5,9.5
2026-07-17 10:00:00,TKYO-008-3,TKYO-008,Band 41 (2500MHz),-82.9,-7.5,3.1,21.3,15.1,50.3
2026-07-17 10:00:00,TKYO-009-1,TKYO-009,Band 1 (2100MHz),-85.5,-11.2,15.4,25.2,10.0,62.8
2026-07-17 10:00:00,TKYO-009-2,TKYO-009,Band 1 (2100MHz),-89.0,-9.5,3.2,23.2,0.0,13.4
2026-07-17 10:00:00,TKYO-009-3,TKYO-009,Band 1 (2100MHz),-82.5,-4.9,9.3,22.5,11.9,63.2
2026-07-17 10:00:00,TKYO-010-1,TKYO-010,Band 41 (2500MHz),-81.5,-8.3,9.0,27.8,22.0,13.3
2026-07-17 10:00:00,TKYO-010-2,TKYO-010,Band 41 (2500MHz),-85.7,-9.9,-1.7,5.5,14.7,43.3
2026-07-17 10:00:00,TKYO-010-3,TKYO-010,Band 41 (2500MHz),-84.5,-8.2,11.9,30.7,6.0,50.3
2026-07-17 10:00:00,TKYO-011-1,TKYO-011,Band 1 (2100MHz),-76.8,-7.2,2.7,25.4,26.6,53.9
2026-07-17 10:00:00,TKYO-011-2,TKYO-011,Band 1 (2100MHz),-88.5,-8.8,8.0,14.2,18.7,40.1
2026-07-17 10:00:00,TKYO-011-3,TKYO-011,Band 1 (2100MHz),-85.5,-10.1,13.8,40.2,4.5,36.1
2026-07-17 10:00:00,TKYO-012-1,TKYO-012,Band 41 (2500MHz),-79.6,-10.3,-3.2,39.8,27.3,34.2
2026-07-17 10:00:00,TKYO-012-2,TKYO-012,Band 41 (2500MHz),-79.8,-7.4,4.8,5.7,18.9,52.5
2026-07-17 10:00:00,TKYO-012-3,TKYO-012,Band 41 (2500MHz),-89.4,-12.8,6.5,50.6,1.7,54.3
2026-07-17 10:00:00,TKYO-013-1,TKYO-013,Band 1 (2100MHz),-88.7,-8.4,10.3,28.1,2.6,26.4
2026-07-17 10:00:00,TKYO-013-2,TKYO-013,Band 1 (2100MHz),-96.2,-9.5,5.0,13.1,28.8,35.9
2026-07-17 10:00:00,TKYO-013-3,TKYO-013,Band 1 (2100MHz),-89.2,-6.4,7.1,26.3,25.0,90.3
2026-07-17 10:00:00,TKYO-014-1,TKYO-014,Band 41 (2500MHz),-85.0,-10.9,12.3,15.7,13.5,31.6
2026-07-17 10:00:00,TKYO-014-2,TKYO-014,Band 41 (2500MHz),-98.9,-8.7,-3.1,13.6,29.8,68.0
2026-07-17 10:00:00,TKYO-014-3,TKYO-014,Band 41 (2500MHz),-91.0,-7.0,4.9,10.0,12.1,63.4
2026-07-17 10:00:00,TKYO-015-1,TKYO-015,Band 1 (2100MHz),-90.0,-5.9,13.3,4.7,8.8,44.2
2026-07-17 10:00:00,TKYO-015-2,TKYO-015,Band 1 (2100MHz),-86.7,-10.4,14.9,4.8,1.7,12.2
2026-07-17 10:00:00,TKYO-015-3,TKYO-015,Band 1 (2100MHz),-77.7,-10.5,14.8,25.3,7.0,20.2
2026-07-17 10:00:00,TKYO-016-1,TKYO-016,Band 41 (2500MHz),-83.8,-9.3,9.4,23.1,8.6,15.4
2026-07-17 10:00:00,TKYO-016-2,TKYO-016,Band 41 (2500MHz),-78.4,-5.8,-0.1,4.6,15.5,13.7
2026-07-17 10:00:00,TKYO-016-3,TKYO-016,Band 41 (2500MHz),-84.6,-6.0,6.6,5.1,23.2,40.9
2026-07-17 11:00:00,TKYO-001-1,TKYO-001,Band 1 (2100MHz),-84.4,-14.9,9.7,71.4,25.2,129.8
2026-07-17 11:00:00,TKYO-001-2,TKYO-001,Band 1 (2100MHz),-88.1,-13.2,13.6,50.8,34.1,127.8
2026-07-17 11:00:00,TKYO-001-3,TKYO-001,Band 1 (2100MHz),-83.7,-10.9,8.8,55.8,37.5,134.7
2026-07-17 11:00:00,TKYO-002-1,TKYO-002,Band 41 (2500MHz),-81.0,-11.1,6.5,61.6,25.6,135.1
2026-07-17 11:00:00,TKYO-002-2,TKYO-002,Band 41 (2500MHz),-82.3,-11.3,8.7,65.0,50.4,110.4
2026-07-17 11:00:00,TKYO-002-3,TKYO-002,Band 41 (2500MHz),-84.9,-12.7,9.8,56.5,24.5,172.7
2026-07-17 11:00:00,TKYO-003-1,TKYO-003,Band 1 (2100MHz),-75.4,-13.8,3.2,76.3,56.4,125.7
2026-07-17 11:00:00,TKYO-003-2,TKYO-003,Band 1 (2100MHz),-97.6,-15.3,0.4,65.9,45.5,92.0
2026-07-17 11:00:00,TKYO-003-3,TKYO-003,Band 1 (2100MHz),-83.5,-10.4,5.3,62.9,17.2,130.1
2026-07-17 11:00:00,TKYO-004-1,TKYO-004,Band 41 (2500MHz),-84.3,-8.6,6.2,80.8,39.1,108.3
2026-07-17 11:00:00,TKYO-004-2,TKYO-004,Band 41 (2500MHz),-82.0,-9.3,3.5,73.5,36.3,90.7
2026-07-17 11:00:00,TKYO-004-3,TKYO-004,Band 41 (2500MHz),-81.3,-10.8,17.5,67.7,35.7,133.3
2026-07-17 11:00:00,TKYO-005-1,TKYO-005,Band 1 (2100MHz),-80.7,-8.1,2.2,73.6,41.2,115.3
2026-07-17 11:00:00,TKYO-005-2,TKYO-005,Band 1 (2100MHz),-82.7,-8.4,11.4,62.5,20.4,125.9
2026-07-17 11:00:00,TKYO-005-3,TKYO-005,Band 1 (2100MHz),-102.9,-14.5,-3.3,78.2,38.2,113.5
2026-07-17 11:00:00,TKYO-006-1,TKYO-006,Band 41 (2500MHz),-84.4,-13.2,0.1,80.7,42.6,51.3
2026-07-17 11:00:00,TKYO-006-2,TKYO-006,Band 41 (2500MHz),-90.9,-11.1,3.5,73.3,38.1,96.0
2026-07-17 11:00:00,TKYO-006-3,TKYO-006,Band 41 (2500MHz),-81.8,-13.7,1.5,67.6,48.5,73.5
2026-07-17 11:00:00,TKYO-007-1,TKYO-007,Band 1 (2100MHz),-80.1,-11.0,9.4,67.2,35.0,137.8
2026-07-17 11:00:00,TKYO-007-2,TKYO-007,Band 1 (2100MHz),-83.8,-15.2,12.1,75.0,52.1,124.9
2026-07-17 11:00:00,TKYO-007-3,TKYO-007,Band 1 (2100MHz),-99.1,-18.1,-6.7,56.8,25.4,104.7
2026-07-17 11:00:00,TKYO-008-1,TKYO-008,Band 41 (2500MHz),-81.6,-11.4,6.9,64.2,39.9,94.0
2026-07-17 11:00:00,TKYO-008-2,TKYO-008,Band 41 (2500MHz),-82.1,-13.6,3.8,68.7,48.5,129.2
2026-07-17 11:00:00,TKYO-008-3,TKYO-008,Band 41 (2500MHz),-84.3,-7.0,1.6,68.2,37.7,89.7
2026-07-17 11:00:00,TKYO-009-1,TKYO-009,Band 1 (2100MHz),-81.0,-9.3,3.9,85.4,37.1,122.0
2026-07-17 11:00:00,TKYO-009-2,TKYO-009,Band 1 (2100MHz),-77.0,-7.7,18.9,67.7,40.7,86.2
2026-07-17 11:00:00,TKYO-009-3,TKYO-009,Band 1 (2100MHz),-82.2,-12.6,5.6,49.2,42.1,90.7
2026-07-17 11:00:00,TKYO-010-1,TKYO-010,Band 41 (2500MHz),-83.9,-10.5,1.8,72.6,25.3,106.0
2026-07-17 11:00:00,TKYO-010-2,TKYO-010,Band 41 (2500MHz),-83.2,-13.8,0.3,64.3,28.2,96.8
2026-07-17 11:00:00,TKYO-010-3,TKYO-010,Band 41 (2500MHz),-85.4,-12.2,1.4,84.3,41.8,106.8
2026-07-17 11:00:00,TKYO-011-1,TKYO-011,Band 1 (2100MHz),-85.0,-12.9,3.2,34.3,51.5,117.4
2026-07-17 11:00:00,TKYO-011-2,TKYO-011,Band 1 (2100MHz),-83.8,-10.7,11.8,61.2,34.6,157.2
2026-07-17 11:00:00,TKYO-011-3,TKYO-011,Band 1 (2100MHz),-77.5,-7.5,13.9,82.6,49.2,111.0
2026-07-17 11:00:00,TKYO-012-1,TKYO-012,Band 41 (2500MHz),-93.0,-8.4,10.1,61.1,41.2,129.3
2026-07-17 11:00:00,TKYO-012-2,TKYO-012,Band 41 (2500MHz),-82.6,-8.1,20.7,56.1,33.5,131.5
2026-07-17 11:00:00,TKYO-012-3,TKYO-012,Band 41 (2500MHz),-90.8,-11.3,5.8,82.7,38.0,103.2
2026-07-17 11:00:00,TKYO-013-1,TKYO-013,Band 1 (2100MHz),-87.5,-17.3,8.3,79.7,31.2,84.8
2026-07-17 11:00:00,TKYO-013-2,TKYO-013,Band 1 (2100MHz),-92.1,-15.8,8.8,58.4,35.2,86.0
2026-07-17 11:00:00,TKYO-013-3,TKYO-013,Band 1 (2100MHz),-87.5,-6.9,7.3,62.0,51.1,159.5
2026-07-17 11:00:00,TKYO-014-1,TKYO-014,Band 41 (2500MHz),-89.0,-9.8,8.7,71.8,31.0,116.4
2026-07-17 11:00:00,TKYO-014-2,TKYO-014,Band 41 (2500MHz),-91.8,-14.3,-4.2,67.0,45.0,142.9
2026-07-17 11:00:00,TKYO-014-3,TKYO-014,Band 41 (2500MHz),-84.7,-11.8,2.4,63.3,26.8,85.9
2026-07-17 11:00:00,TKYO-015-1,TKYO-015,Band 1 (2100MHz),-85.6,-11.9,1.7,80.0,40.5,126.8
2026-07-17 11:00:00,TKYO-015-2,TKYO-015,Band 1 (2100MHz),-86.5,-9.1,7.5,77.3,43.4,102.2
2026-07-17 11:00:00,TKYO-015-3,TKYO-015,Band 1 (2100MHz),-86.6,-9.1,9.7,71.4,49.5,132.5
2026-07-17 11:00:00,TKYO-016-1,TKYO-016,Band 41 (2500MHz),-82.6,-14.2,18.3,75.9,37.3,69.7
2026-07-17 11:00:00,TKYO-016-2,TKYO-016,Band 41 (2500MHz),-85.4,-4.8,8.0,72.4,33.3,114.4
2026-07-17 11:00:00,TKYO-016-3,TKYO-016,Band 41 (2500MHz),-73.4,-10.6,3.1,64.1,46.2,143.7
2026-07-17 12:00:00,TKYO-001-1,TKYO-001,Band 1 (2100MHz),-79.0,-11.7,14.0,78.9,32.7,107.1
2026-07-17 12:00:00,TKYO-001-2,TKYO-001,Band 1 (2100MHz),-89.2,-12.1,5.6,61.1,38.3,122.0
2026-07-17 12:00:00,TKYO-001-3,TKYO-001,Band 1 (2100MHz),-83.3,-8.5,1.3,73.7,55.9,123.5
2026-07-17 12:00:00,TKYO-002-1,TKYO-002,Band 41 (2500MHz),-78.3,-12.1,-0.8,66.7,29.4,92.1
2026-07-17 12:00:00,TKYO-002-2,TKYO-002,Band 41 (2500MHz),-82.9,-10.5,9.4,67.4,46.6,116.2
2026-07-17 12:00:00,TKYO-002-3,TKYO-002,Band 41 (2500MHz),-88.3,-8.1,2.4,47.5,39.8,154.4
2026-07-17 12:00:00,TKYO-003-1,TKYO-003,Band 1 (2100MHz),-89.7,-12.1,5.0,63.6,38.0,67.7
2026-07-17 12:00:00,TKYO-003-2,TKYO-003,Band 1 (2100MHz),-99.0,-16.0,-1.0,68.6,38.7,121.7
2026-07-17 12:00:00,TKYO-003-3,TKYO-003,Band 1 (2100MHz),-92.3,-10.4,12.0,80.3,34.7,144.6
2026-07-17 12:00:00,TKYO-004-1,TKYO-004,Band 41 (2500MHz),-77.3,-9.6,-0.9,79.2,47.8,153.3
2026-07-17 12:00:00,TKYO-004-2,TKYO-004,Band 41 (2500MHz),-86.0,-12.7,5.4,68.9,68.7,127.2
2026-07-17 12:00:00,TKYO-004-3,TKYO-004,Band 41 (2500MHz),-79.6,-10.4,6.7,77.6,51.8,99.1
2026-07-17 12:00:00,TKYO-005-1,TKYO-005,Band 1 (2100MHz),-77.9,-8.8,11.4,64.8,32.3,94.0
2026-07-17 12:00:00,TKYO-005-2,TKYO-005,Band 1 (2100MHz),-78.7,-9.2,1.1,69.9,24.5,134.4
2026-07-17 12:00:00,TKYO-005-3,TKYO-005,Band 1 (2100MHz),-99.7,-18.2,10.9,77.6,39.4,148.9
2026-07-17 12:00:00,TKYO-006-1,TKYO-006,Band 41 (2500MHz),-79.5,-12.6,4.3,59.9,49.5,124.6
2026-07-17 12:00:00,TKYO-006-2,TKYO-006,Band 41 (2500MHz),-81.6,-11.7,6.1,74.9,26.1,120.7
2026-07-17 12:00:00,TKYO-006-3,TKYO-006,Band 41 (2500MHz),-92.6,-10.9,2.7,49.0,48.7,117.1
2026-07-17 12:00:00,TKYO-007-1,TKYO-007,Band 1 (2100MHz),-82.0,-13.5,15.9,70.0,58.4,131.6
2026-07-17 12:00:00,TKYO-007-2,TKYO-007,Band 1 (2100MHz),-85.6,-10.7,8.7,67.6,40.2,98.6
2026-07-17 12:00:00,TKYO-007-3,TKYO-007,Band 1 (2100MHz),-96.4,-11.2,3.2,60.6,37.6,117.4
2026-07-17 12:00:00,TKYO-008-1,TKYO-008,Band 41 (2500MHz),-91.0,-11.6,0.1,61.0,45.1,133.4
2026-07-17 12:00:00,TKYO-008-2,TKYO-008,Band 41 (2500MHz),-84.5,-11.4,-2.1,65.1,40.7,125.1
2026-07-17 12:00:00,TKYO-008-3,TKYO-008,Band 41 (2500MHz),-84.1,-12.6,-0.9,71.1,37.3,107.1
2026-07-17 12:00:00,TKYO-009-1,TKYO-009,Band 1 (2100MHz),-80.2,-11.8,15.8,84.8,47.7,116.7
2026-07-17 12:00:00,TKYO-009-2,TKYO-009,Band 1 (2100MHz),-81.1,-11.4,9.0,99.2,17.8,104.5
2026-07-17 12:00:00,TKYO-009-3,TKYO-009,Band 1 (2100MHz),-86.8,-10.6,7.0,73.8,45.3,163.6
2026-07-17 12:00:00,TKYO-010-1,TKYO-010,Band 41 (2500MHz),-80.4,-13.4,14.3,69.6,33.8,161.9
2026-07-17 12:00:00,TKYO-010-2,TKYO-010,Band 41 (2500MHz),-84.6,-12.8,4.0,75.1,32.9,107.6
2026-07-17 12:00:00,TKYO-010-3,TKYO-010,Band 41 (2500MHz),-81.4,-10.9,4.6,80.5,33.5,149.9
2026-07-17 12:00:00,TKYO-011-1,TKYO-011,Band 1 (2100MHz),-85.7,-11.7,3.9,79.5,23.0,96.5
2026-07-17 12:00:00,TKYO-011-2,TKYO-011,Band 1 (2100MHz),-87.2,-12.5,9.7,74.0,24.7,138.8
2026-07-17 12:00:00,TKYO-011-3,TKYO-011,Band 1 (2100MHz),-82.4,-7.5,13.5,35.8,38.4,135.5
2026-07-17 12:00:00,TKYO-012-1,TKYO-012,Band 41 (2500MHz),-83.8,-12.1,11.2,72.3,33.0,138.5
2026-07-17 12:00:00,TKYO-012-2,TKYO-012,Band 41 (2500MHz),-78.6,-11.8,6.3,76.7,40.8,86.2
2026-07-17 12:00:00,TKYO-012-3,TKYO-012,Band 41 (2500MHz),-75.9,-10.3,0.9,86.7,36.1,139.5
2026-07-17 12:00:00,TKYO-013-1,TKYO-013,Band 1 (2100MHz),-82.9,-11.2,9.9,88.8,29.2,93.2
2026-07-17 12:00:00,TKYO-013-2,TKYO-013,Band 1 (2100MHz),-96.6,-17.0,-1.8,68.2,50.8,73.2
2026-07-17 12:00:00,TKYO-013-3,TKYO-013,Band 1 (2100MHz),-84.4,-8.4,9.4,71.3,34.5,96.9
2026-07-17 12:00:00,TKYO-014-1,TKYO-014,Band 41 (2500MHz),-77.4,-11.6,11.1,90.3,67.3,89.6
2026-07-17 12:00:00,TKYO-014-2,TKYO-014,Band 41 (2500MHz),-91.2,-17.5,6.1,73.2,39.3,138.1
2026-07-17 12:00:00,TKYO-014-3,TKYO-014,Band 41 (2500MHz),-85.0,-6.1,7.8,49.9,45.4,159.4
2026-07-17 12:00:00,TKYO-015-1,TKYO-015,Band 1 (2100MHz),-86.5,-14.1,10.4,67.2,48.0,115.8
2026-07-17 12:00:00,TKYO-015-2,TKYO-015,Band 1 (2100MHz),-83.4,-12.9,9.3,64.4,36.0,57.5
2026-07-17 12:00:00,TKYO-015-3,TKYO-015,Band 1 (2100MHz),-82.4,-10.2,6.4,59.7,44.0,145.8
2026-07-17 12:00:00,TKYO-016-1,TKYO-016,Band 41 (2500MHz),-84.7,-7.4,0.3,79.4,38.2,125.8
2026-07-17 12:00:00,TKYO-016-2,TKYO-016,Band 41 (2500MHz),-90.2,-14.5,1.8,52.4,38.9,111.6
2026-07-17 12:00:00,TKYO-016-3,TKYO-016,Band 41 (2500MHz),-82.8,-11.3,8.6,66.5,38.0,109.2
2026-07-17 13:00:00,TKYO-001-1,TKYO-001,Band 1 (2100MHz),-87.8,-10.8,0.3,54.0,53.0,112.0
2026-07-17 13:00:00,TKYO-001-2,TKYO-001,Band 1 (2100MHz),-90.4,-11.6,8.2,71.9,48.6,102.6
2026-07-17 13:00:00,TKYO-001-3,TKYO-001,Band 1 (2100MHz),-77.4,-11.0,12.5,71.9,37.6,139.2
2026-07-17 13:00:00,TKYO-002-1,TKYO-002,Band 41 (2500MHz),-84.7,-13.8,3.2,58.1,30.1,95.2
2026-07-17 13:00:00,TKYO-002-2,TKYO-002,Band 41 (2500MHz),-86.0,-10.6,6.4,70.6,41.7,107.5
2026-07-17 13:00:00,TKYO-002-3,TKYO-002,Band 41 (2500MHz),-89.9,-12.0,-3.7,59.2,37.2,143.9
2026-07-17 13:00:00,TKYO-003-1,TKYO-003,Band 1 (2100MHz),-75.3,-11.3,9.1,100.0,39.9,125.5
2026-07-17 13:00:00,TKYO-003-2,TKYO-003,Band 1 (2100MHz),-87.7,-15.0,-1.1,61.4,31.1,129.4
2026-07-17 13:00:00,TKYO-003-3,TKYO-003,Band 1 (2100MHz),-76.7,-11.6,4.0,68.2,29.1,102.4
2026-07-17 13:00:00,TKYO-004-1,TKYO-004,Band 41 (2500MHz),-84.0,-11.7,7.6,81.1,31.9,99.9
2026-07-17 13:00:00,TKYO-004-2,TKYO-004,Band 41 (2500MHz),-83.1,-13.8,6.5,60.9,43.4,116.4
2026-07-17 13:00:00,TKYO-004-3,TKYO-004,Band 41 (2500MHz),-82.2,-12.9,11.0,75.1,37.6,110.5
2026-07-17 13:00:00,TKYO-005-1,TKYO-005,Band 1 (2100MHz),-84.5,-12.1,4.2,83.4,50.7,78.5
2026-07-17 13:00:00,TKYO-005-2,TKYO-005,Band 1 (2100MHz),-83.6,-11.5,13.8,70.9,37.1,64.8
2026-07-17 13:00:00,TKYO-005-3,TKYO-005,Band 1 (2100MHz),-93.2,-13.9,1.6,55.3,32.2,110.4
2026-07-17 13:00:00,TKYO-006-1,TKYO-006,Band 41 (2500MHz),-80.2,-13.7,4.2,56.9,31.9,98.8
2026-07-17 13:00:00,TKYO-006-2,TKYO-006,Band 41 (2500MHz),-77.1,-10.0,-0.5,67.4,47.7,97.1
2026-07-17 13:00:00,TKYO-006-3,TKYO-006,Band 41 (2500MHz),-80.3,-13.3,12.3,60.2,33.4,126.9
2026-07-17 13:00:00,TKYO-007-1,TKYO-007,Band 1 (2100MHz),-84.3,-8.9,9.1,69.0,32.3,101.7
2026-07-17 13:00:00,TKYO-007-2,TKYO-007,Band 1 (2100MHz),-80.8,-12.8,17.0,55.5,39.3,129.9
2026-07-17 13:00:00,TKYO-007-3,TKYO-007,Band 1 (2100MHz),-98.0,-18.1,9.2,82.8,35.0,64.3
2026-07-17 13:00:00,TKYO-008-1,TKYO-008,Band 41 (2500MHz),-78.6,-10.9,1.0,63.1,39.1,95.2
2026-07-17 13:00:00,TKYO-008-2,TKYO-008,Band 41 (2500MHz),-83.6,-9.6,2.6,69.0,35.0,133.7
2026-07-17 13:00:00,TKYO-008-3,TKYO-008,Band 41 (2500MHz),-84.4,-8.8,-7.2,60.3,44.7,119.5
2026-07-17 13:00:00,TKYO-009-1,TKYO-009,Band 1 (2100MHz),-80.3,-11.9,2.0,55.0,38.1,136.8
2026-07-17 13:00:00,TKYO-009-2,TKYO-009,Band 1 (2100MHz),-84.0,-6.7,8.0,65.1,37.7,96.0
2026-07-17 13:00:00,TKYO-009-3,TKYO-009,Band 1 (2100MHz),-85.6,-15.8,3.3,59.2,52.6,94.1
2026-07-17 13:00:00,TKYO-010-1,TKYO-010,Band 41 (2500MHz),-88.3,-11.1,4.5,88.5,37.1,108.2
2026-07-17 13:00:00,TKYO-010-2,TKYO-010,Band 41 (2500MHz),-82.6,-10.1,6.4,44.5,35.8,66.3
2026-07-17 13:00:00,TKYO-010-3,TKYO-010,Band 41 (2500MHz),-80.6,-15.5,12.3,55.7,36.7,125.4
2026-07-17 13:00:00,TKYO-011-1,TKYO-011,Band 1 (2100MHz),-85.6,-12.2,6.0,79.8,40.0,91.0
2026-07-17 13:00:00,TKYO-011-2,TKYO-011,Band 1 (2100MHz),-81.5,-10.9,-1.0,63.1,44.5,99.4
2026-07-17 13:00:00,TKYO-011-3,TKYO-011,Band 1 (2100MHz),-78.9,-12.5,6.1,86.4,29.5,127.3
2026-07-17 13:00:00,TKYO-012-1,TKYO-012,Band 41 (2500MHz),-77.7,-12.4,3.9,83.7,37.6,135.1
2026-07-17 13:00:00,TKYO-012-2,TKYO-012,Band 41 (2500MHz),-93.3,-10.6,4.9,80.8,29.7,108.9
2026-07-17 13:00:00,TKYO-012-3,TKYO-012,Band 41 (2500MHz),-81.0,-11.1,5.3,72.8,42.7,79.0
2026-07-17 13:00:00,TKYO-013-1,TKYO-013,Band 1 (2100MHz),-76.8,-14.4,10.4,49.6,33.7,150.3
2026-07-17 13:00:00,TKYO-013-2,TKYO-013,Band 1 (2100MHz),-95.2,-12.8,1.3,54.1,32.2,123.3
2026-07-17 13:00:00,TKYO-013-3,TKYO-013,Band 1 (2100MHz),-89.0,-13.0,11.7,78.7,32.3,99.9
2026-07-17 13:00:00,TKYO-014-1,TKYO-014,Band 41 (2500MHz),-81.5,-13.0,10.7,89.9,23.4,104.9
2026-07-17 13:00:00,TKYO-014-2,TKYO-014,Band 41 (2500MHz),-96.7,-13.8,0.9,70.3,45.7,142.4
2026-07-17 13:00:00,TKYO-014-3,TKYO-014,Band 41 (2500MHz),-77.8,-11.4,8.5,78.7,47.6,117.1
2026-07-17 13:00:00,TKYO-015-1,TKYO-015,Band 1 (2100MHz),-82.2,-14.4,8.1,86.9,35.6,116.5
2026-07-17 13:00:00,TKYO-015-2,TKYO-015,Band 1 (2100MHz),-86.6,-8.6,15.4,75.9,29.3,71.6
2026-07-17 13:00:00,TKYO-015-3,TKYO-015,Band 1 (2100MHz),-89.1,-10.8,10.2,67.8,37.2,124.8
2026-07-17 13:00:00,TKYO-016-1,TKYO-016,Band 41 (2500MHz),-85.1,-10.4,3.5,63.5,47.6,121.7
2026-07-17 13:00:00,TKYO-016-2,TKYO-016,Band 41 (2500MHz),-85.7,-10.5,-3.8,60.7,43.3,123.1
2026-07-17 13:00:00,TKYO-016-3,TKYO-016,Band 41 (2500MHz),-81.1,-7.7,6.4,77.5,31.6,136.9
2026-07-17 14:00:00,TKYO-001-1,TKYO-001,Band 1 (2100MHz),-77.7,-10.6,8.6,68.2,39.5,130.5
2026-07-17 14:00:00,TKYO-001-2,TKYO-001,Band 1 (2100MHz),-81.4,-9.3,9.1,61.0,39.8,94.3
2026-07-17 14:00:00,TKYO-001-3,TKYO-001,Band 1 (2100MHz),-86.6,-9.7,9.6,76.9,48.7,118.9
2026-07-17 14:00:00,TKYO-002-1,TKYO-002,Band 41 (2500MHz),-89.4,-11.5,7.1,46.3,37.9,69.0
2026-07-17 14:00:00,TKYO-002-2,TKYO-002,Band 41 (2500MHz),-83.7,-13.4,-1.9,66.9,28.3,100.3
2026-07-17 14:00:00,TKYO-002-3,TKYO-002,Band 41 (2500MHz),-80.7,-11.6,0.2,83.7,43.6,97.5
2026-07-17 14:00:00,TKYO-003-1,TKYO-003,Band 1 (2100MHz),-88.7,-9.8,2.0,79.3,35.2,112.4
2026-07-17 14:00:00,TKYO-003-2,TKYO-003,Band 1 (2100MHz),-97.2,-16.5,-2.6,63.4,19.4,105.0
2026-07-17 14:00:00,TKYO-003-3,TKYO-003,Band 1 (2100MHz),-84.0,-13.3,8.1,52.4,51.2,106.4
2026-07-17 14:00:00,TKYO-004-1,TKYO-004,Band 41 (2500MHz),-87.4,-11.5,13.3,76.7,51.3,106.3
2026-07-17 14:00:00,TKYO-004-2,TKYO-004,Band 41 (2500MHz),-85.1,-13.3,5.0,48.4,40.8,99.5
2026-07-17 14:00:00,TKYO-004-3,TKYO-004,Band 41 (2500MHz),-79.2,-12.4,10.4,49.1,39.8,110.2
2026-07-17 14:00:00,TKYO-005-1,TKYO-005,Band 1 (2100MHz),-87.4,-11.1,8.4,71.7,45.8,96.2
2026-07-17 14:00:00,TKYO-005-2,TKYO-005,Band 1 (2100MHz),-75.8,-14.2,8.9,65.2,45.0,94.8
2026-07-17 14:00:00,TKYO-005-3,TKYO-005,Band 1 (2100MHz),-97.5,-14.3,5.4,69.6,48.5,111.7
2026-07-17 14:00:00,TKYO-006-1,TKYO-006,Band 41 (2500MHz),-84.1,-12.4,3.9,58.8,53.6,91.8
2026-07-17 14:00:00,TKYO-006-2,TKYO-006,Band 41 (2500MHz),-90.0,-13.7,4.6,92.2,45.7,98.8
2026-07-17 14:00:00,TKYO-006-3,TKYO-006,Band 41 (2500MHz),-83.2,-13.1,-1.2,83.3,33.7,105.0
2026-07-17 14:00:00,TKYO-007-1,TKYO-007,Band 1 (2100MHz),-77.9,-14.9,10.9,67.0,30.1,112.6
2026-07-17 14:00:00,TKYO-007-2,TKYO-007,Band 1 (2100MHz),-80.9,-12.6,7.2,69.6,57.4,85.3
2026-07-17 14:00:00,TKYO-007-3,TKYO-007,Band 1 (2100MHz),-88.5,-18.2,6.6,68.3,39.9,115.7
2026-07-17 14:00:00,TKYO-008-1,TKYO-008,Band 41 (2500MHz),-89.2,-8.8,5.3,53.0,34.2,103.1
2026-07-17 14:00:00,TKYO-008-2,TKYO-008,Band 41 (2500MHz),-79.6,-11.8,7.9,46.3,46.8,100.2
2026-07-17 14:00:00,TKYO-008-3,TKYO-008,Band 41 (2500MHz),-83.5,-11.4,6.4,77.5,38.5,128.2
2026-07-17 14:00:00,TKYO-009-1,TKYO-009,Band 1 (2100MHz),-85.3,-10.8,18.8,69.6,38.9,164.9
2026-07-17 14:00:00,TKYO-009-2,TKYO-009,Band 1 (2100MHz),-88.8,-9.9,8.3,60.6,27.5,108.9
2026-07-17 14:00:00,TKYO-009-3,TKYO-009,Band 1 (2100MHz),-82.1,-11.1,11.0,77.4,43.5,92.6
2026-07-17 14:00:00,TKYO-010-1,TKYO-010,Band 41 (2500MHz),-85.6,-10.6,9.1,55.9,37.7,100.9
2026-07-17 14:00:00,TKYO-010-2,TKYO-010,Band 41 (2500MHz),-81.4,-15.0,8.8,72.9,44.3,113.9
2026-07-17 14:00:00,TKYO-010-3,TKYO-010,Band 41 (2500MHz),-85.5,-10.2,7.7,76.5,32.7,126.9
2026-07-17 14:00:00,TKYO-011-1,TKYO-011,Band 1 (2100MHz),-91.9,-10.6,-2.3,61.9,53.1,96.1
2026-07-17 14:00:00,TKYO-011-2,TKYO-011,Band 1 (2100MHz),-80.1,-10.0,0.8,84.9,47.3,93.2
2026-07-17 14:00:00,TKYO-011-3,TKYO-011,Band 1 (2100MHz),-77.0,-14.3,13.6,48.3,35.1,96.6
2026-07-17 14:00:00,TKYO-012-1,TKYO-012,Band 41 (2500MHz),-89.0,-9.5,8.0,84.3,28.7,136.8
2026-07-17 14:00:00,TKYO-012-2,TKYO-012,Band 41 (2500MHz),-81.6,-12.7,5.5,65.6,44.5,135.2
2026-07-17 14:00:00,TKYO-012-3,TKYO-012,Band 41 (2500MHz),-84.6,-11.7,2.2,77.9,48.2,116.3
2026-07-17 14:00:00,TKYO-013-1,TKYO-013,Band 1 (2100MHz),-90.6,-11.6,7.6,83.6,43.6,100.4
2026-07-17 14:00:00,TKYO-013-2,TKYO-013,Band 1 (2100MHz),-96.0,-13.6,10.3,71.8,51.2,107.1
2026-07-17 14:00:00,TKYO-013-3,TKYO-013,Band 1 (2100MHz),-81.7,-9.1,6.9,62.2,41.4,143.3
2026-07-17 14:00:00,TKYO-014-1,TKYO-014,Band 41 (2500MHz),-84.0,-10.5,11.9,80.1,42.9,144.3
2026-07-17 14:00:00,TKYO-014-2,TKYO-014,Band 41 (2500MHz),-99.1,-17.0,2.0,89.8,42.9,82.4
2026-07-17 14:00:00,TKYO-014-3,TKYO-014,Band 41 (2500MHz),-80.6,-12.7,10.1,64.4,45.6,137.2
2026-07-17 14:00:00,TKYO-015-1,TKYO-015,Band 1 (2100MHz),-81.3,-14.5,4.8,69.5,31.0,101.7
2026-07-17 14:00:00,TKYO-015-2,TKYO-015,Band 1 (2100MHz),-85.0,-12.1,13.0,69.4,32.0,96.2
2026-07-17 14:00:00,TKYO-015-3,TKYO-015,Band 1 (2100MHz),-81.2,-13.8,9.2,64.8,44.7,120.9
2026-07-17 14:00:00,TKYO-016-1,TKYO-016,Band 41 (2500MHz),-79.9,-10.4,3.0,52.9,20.3,130.1
2026-07-17 14:00:00,TKYO-016-2,TKYO-016,Band 41 (2500MHz),-86.8,-12.2,10.9,73.8,37.2,120.3
2026-07-17 14:00:00,TKYO-016-3,TKYO-016,Band 41 (2500MHz),-82.9,-8.7,-3.6,65.9,43.0,122.6
2026-07-17 15:00:00,TKYO-001-1,TKYO-001,Band 1 (2100MHz),-90.5,-12.0,20.7,14.7,13.0,11.2
2026-07-17 15:00:00,TKYO-001-2,TKYO-001,Band 1 (2100MHz),-76.0,-8.2,8.3,18.0,14.8,0.0
2026-07-17 15:00:00,TKYO-001-3,TKYO-001,Band 1 (2100MHz),-79.7,-9.3,7.5,10.9,20.1,4.0
2026-07-17 15:00:00,TKYO-002-1,TKYO-002,Band 41 (2500MHz),-85.9,-9.5,15.0,27.5,17.4,48.5
2026-07-17 15:00:00,TKYO-002-2,TKYO-002,Band 41 (2500MHz),-89.6,-8.0,8.9,23.9,33.1,57.7
2026-07-17 15:00:00,TKYO-002-3,TKYO-002,Band 41 (2500MHz),-83.9,-6.8,-3.4,43.8,14.9,22.0
2026-07-17 15:00:00,TKYO-003-1,TKYO-003,Band 1 (2100MHz),-87.7,-9.0,0.3,8.6,4.6,56.1
2026-07-17 15:00:00,TKYO-003-2,TKYO-003,Band 1 (2100MHz),-98.3,-14.8,2.8,7.0,25.3,50.7
2026-07-17 15:00:00,TKYO-003-3,TKYO-003,Band 1 (2100MHz),-81.9,-5.9,4.7,37.1,24.3,50.7
2026-07-17 15:00:00,TKYO-004-1,TKYO-004,Band 41 (2500MHz),-82.8,-5.2,6.1,29.4,16.5,46.1
2026-07-17 15:00:00,TKYO-004-2,TKYO-004,Band 41 (2500MHz),-86.0,-10.7,5.1,6.6,15.6,82.7
2026-07-17 15:00:00,TKYO-004-3,TKYO-004,Band 41 (2500MHz),-78.6,-6.8,8.6,15.6,25.6,49.0
2026-07-17 15:00:00,TKYO-005-1,TKYO-005,Band 1 (2100MHz),-81.2,-13.5,12.7,24.1,20.5,7.6
2026-07-17 15:00:00,TKYO-005-2,TKYO-005,Band 1 (2100MHz),-91.5,-8.8,-1.1,11.1,6.7,47.3
2026-07-17 15:00:00,TKYO-005-3,TKYO-005,Band 1 (2100MHz),-93.9,-14.9,1.9,19.4,10.6,21.5
2026-07-17 15:00:00,TKYO-006-1,TKYO-006,Band 41 (2500MHz),-81.8,-10.9,0.3,15.5,0.0,7.5
2026-07-17 15:00:00,TKYO-006-2,TKYO-006,Band 41 (2500MHz),-82.5,-9.6,1.4,26.9,13.3,66.2
2026-07-17 15:00:00,TKYO-006-3,TKYO-006,Band 41 (2500MHz),-92.7,-10.1,9.7,20.8,16.3,57.6
2026-07-17 15:00:00,TKYO-007-1,TKYO-007,Band 1 (2100MHz),-86.7,-8.0,7.5,16.1,9.2,13.7
2026-07-17 15:00:00,TKYO-007-2,TKYO-007,Band 1 (2100MHz),-82.9,-9.5,16.6,20.4,2.1,33.9
2026-07-17 15:00:00,TKYO-007-3,TKYO-007,Band 1 (2100MHz),-99.3,-13.3,-3.0,28.8,21.0,53.9
2026-07-17 15:00:00,TKYO-008-1,TKYO-008,Band 41 (2500MHz),-80.6,-6.4,9.5,14.3,30.9,51.9
2026-07-17 15:00:00,TKYO-008-2,TKYO-008,Band 41 (2500MHz),-84.7,-7.4,3.6,23.5,16.3,27.5
2026-07-17 15:00:00,TKYO-008-3,TKYO-008,Band 41 (2500MHz),-85.0,-10.8,5.2,29.5,1.4,50.2
2026-07-17 15:00:00,TKYO-009-1,TKYO-009,Band 1 (2100MHz),-80.6,-7.0,14.3,16.4,12.0,29.4
2026-07-17 15:00:00,TKYO-009-2,TKYO-009,Band 1 (2100MHz),-77.8,-7.8,16.1,18.2,13.3,51.3
2026-07-17 15:00:00,TKYO-009-3,TKYO-009,Band 1 (2100MHz),-86.0,-10.5,7.2,28.2,11.9,47.7
2026-07-17 15:00:00,TKYO-010-1,TKYO-010,Band 41 (2500MHz),-83.9,-9.5,15.5,38.0,2.2,48.7
2026-07-17 15:00:00,TKYO-010-2,TKYO-010,Band 41 (2500MHz),-82.8,-8.9,4.4,8.4,31.7,47.9
2026-07-17 15:00:00,TKYO-010-3,TKYO-010,Band 41 (2500MHz),-77.4,-11.8,4.3,26.6,12.9,47.4
2026-07-17 15:00:00,TKYO-011-1,TKYO-011,Band 1 (2100MHz),-86.5,-7.2,12.1,20.8,10.6,14.5
2026-07-17 15:00:00,TKYO-011-2,TKYO-011,Band 1 (2100MHz),-95.2,-7.6,14.7,9.1,13.2,52.1
2026-07-17 15:00:00,TKYO-011-3,TKYO-011,Band 1 (2100MHz),-80.6,-9.6,11.6,32.4,4.3,47.0
2026-07-17 15:00:00,TKYO-012-1,TKYO-012,Band 41 (2500MHz),-78.3,-7.4,1.8,15.6,12.2,35.8
2026-07-17 15:00:00,TKYO-012-2,TKYO-012,Band 41 (2500MHz),-83.8,-8.6,11.0,29.0,18.6,37.5
2026-07-17 15:00:00,TKYO-012-3,TKYO-012,Band 41 (2500MHz),-87.7,-8.1,1.2,0.0,21.7,74.7
2026-07-17 15:00:00,TKYO-013-1,TKYO-013,Band 1 (2100MHz),-84.1,-9.7,10.3,39.7,20.6,80.6
2026-07-17 15:00:00,TKYO-013-2,TKYO-013,Band 1 (2100MHz),-95.0,-14.5,-5.1,5.3,23.2,31.2
2026-07-17 15:00:00,TKYO-013-3,TKYO-013,Band 1 (2100MHz),-82.6,-9.7,11.0,19.3,0.0,62.2
2026-07-17 15:00:00,TKYO-014-1,TKYO-014,Band 41 (2500MHz),-82.6,-3.9,7.6,21.2,9.7,51.0
2026-07-17 15:00:00,TKYO-014-2,TKYO-014,Band 41 (2500MHz),-106.7,-11.9,-1.6,11.7,7.9,36.1
2026-07-17 15:00:00,TKYO-014-3,TKYO-014,Band 41 (2500MHz),-88.3,-10.5,1.9,10.4,22.6,20.7
2026-07-17 15:00:00,TKYO-015-1,TKYO-015,Band 1 (2100MHz),-75.7,-8.7,6.9,5.7,16.8,45.3
2026-07-17 15:00:00,TKYO-015-2,TKYO-015,Band 1 (2100MHz),-83.9,-5.9,14.7,27.5,28.0,48.5
2026-07-17 15:00:00,TKYO-015-3,TKYO-015,Band 1 (2100MHz),-80.9,-12.4,12.0,2.9,21.6,15.7
2026-07-17 15:00:00,TKYO-016-1,TKYO-016,Band 41 (2500MHz),-91.7,-9.4,12.2,14.6,18.5,22.0
2026-07-17 15:00:00,TKYO-016-2,TKYO-016,Band 41 (2500MHz),-88.8,-8.9,8.5,32.2,20.8,27.3
2026-07-17 15:00:00,TKYO-016-3,TKYO-016,Band 41 (2500MHz),-84.3,-3.6,6.4,19.3,30.6,24.4
2026-07-17 16:00:00,TKYO-001-1,TKYO-001,Band 1 (2100MHz),-77.7,-12.7,7.7,89.5,40.3,171.8
2026-07-17 16:00:00,TKYO-001-2,TKYO-001,Band 1 (2100MHz),-88.5,-11.2,7.9,83.4,34.8,130.5
2026-07-17 16:00:00,TKYO-001-3,TKYO-001,Band 1 (2100MHz),-83.4,-13.4,0.0,100.0,40.4,151.1
2026-07-17 16:00:00,TKYO-002-1,TKYO-002,Band 41 (2500MHz),-87.7,-12.9,4.7,99.8,56.0,132.2
2026-07-17 16:00:00,TKYO-002-2,TKYO-002,Band 41 (2500MHz),-85.5,-14.5,-2.9,71.4,57.8,102.8
2026-07-17 16:00:00,TKYO-002-3,TKYO-002,Band 41 (2500MHz),-80.1,-13.5,1.2,100.0,53.2,150.6
2026-07-17 16:00:00,TKYO-003-1,TKYO-003,Band 1 (2100MHz),-88.4,-14.5,7.4,100.0,52.1,141.3
2026-07-17 16:00:00,TKYO-003-2,TKYO-003,Band 1 (2100MHz),-96.6,-17.2,9.2,100.0,46.3,181.3
2026-07-17 16:00:00,TKYO-003-3,TKYO-003,Band 1 (2100MHz),-84.8,-15.8,12.3,73.0,57.2,163.0
2026-07-17 16:00:00,TKYO-004-1,TKYO-004,Band 41 (2500MHz),-82.8,-12.6,5.8,96.3,50.7,157.5
2026-07-17 16:00:00,TKYO-004-2,TKYO-004,Band 41 (2500MHz),-86.3,-14.4,1.3,72.5,58.2,165.0
2026-07-17 16:00:00,TKYO-004-3,TKYO-004,Band 41 (2500MHz),-80.5,-13.9,8.6,99.9,57.3,123.0
2026-07-17 16:00:00,TKYO-005-1,TKYO-005,Band 1 (2100MHz),-83.0,-15.5,-2.2,93.2,48.8,82.9
2026-07-17 16:00:00,TKYO-005-2,TKYO-005,Band 1 (2100MHz),-82.2,-13.4,7.9,73.1,52.1,150.6
2026-07-17 16:00:00,TKYO-005-3,TKYO-005,Band 1 (2100MHz),-90.5,-16.4,4.1,85.4,64.8,134.5
2026-07-17 16:00:00,TKYO-006-1,TKYO-006,Band 41 (2500MHz),-82.0,-13.5,-0.4,80.2,53.5,185.5
2026-07-17 16:00:00,TKYO-006-2,TKYO-006,Band 41 (2500MHz),-86.3,-12.4,3.3,87.6,48.0,168.6
2026-07-17 16:00:00,TKYO-006-3,TKYO-006,Band 41 (2500MHz),-87.6,-10.6,1.2,92.8,54.1,125.7
2026-07-17 16:00:00,TKYO-007-1,TKYO-007,Band 1 (2100MHz),-87.6,-14.7,11.3,91.5,44.9,159.6
2026-07-17 16:00:00,TKYO-007-2,TKYO-007,Band 1 (2100MHz),-77.9,-12.0,7.8,81.2,47.9,146.9
2026-07-17 16:00:00,TKYO-007-3,TKYO-007,Band 1 (2100MHz),-103.0,-16.2,-7.5,83.6,34.8,182.6
2026-07-17 16:00:00,TKYO-008-1,TKYO-008,Band 41 (2500MHz),-84.5,-12.3,-4.3,95.1,47.2,172.7
2026-07-17 16:00:00,TKYO-008-2,TKYO-008,Band 41 (2500MHz),-88.4,-8.3,8.6,85.9,57.7,117.9
2026-07-17 16:00:00,TKYO-008-3,TKYO-008,Band 41 (2500MHz),-78.1,-12.6,4.9,97.5,64.4,194.9
2026-07-17 16:00:00,TKYO-009-1,TKYO-009,Band 1 (2100MHz),-91.0,-11.8,7.3,100.0,45.3,149.3
2026-07-17 16:00:00,TKYO-009-2,TKYO-009,Band 1 (2100MHz),-85.1,-10.2,8.9,98.8,60.2,172.0
2026-07-17 16:00:00,TKYO-009-3,TKYO-009,Band 1 (2100MHz),-83.3,-13.0,13.0,89.9,53.1,167.9
2026-07-17 16:00:00,TKYO-010-1,TKYO-010,Band 41 (2500MHz),-78.7,-12.6,0.8,100.0,55.8,117.2
2026-07-17 16:00:00,TKYO-010-2,TKYO-010,Band 41 (2500MHz),-84.4,-13.2,13.3,84.0,57.5,98.1
2026-07-17 16:00:00,TKYO-010-3,TKYO-010,Band 41 (2500MHz),-76.5,-10.5,-0.7,74.8,53.0,134.3
2026-07-17 16:00:00,TKYO-011-1,TKYO-011,Band 1 (2100MHz),-84.6,-11.4,10.9,89.2,69.3,166.7
2026-07-17 16:00:00,TKYO-011-2,TKYO-011,Band 1 (2100MHz),-84.1,-12.5,10.3,100.0,64.4,159.8
2026-07-17 16:00:00,TKYO-011-3,TKYO-011,Band 1 (2100MHz),-91.8,-8.9,11.2,72.8,47.2,177.3
2026-07-17 16:00:00,TKYO-012-1,TKYO-012,Band 41 (2500MHz),-87.1,-8.2,1.2,100.0,63.2,141.8
2026-07-17 16:00:00,TKYO-012-2,TKYO-012,Band 41 (2500MHz),-80.0,-12.0,4.2,98.7,60.8,126.8
2026-07-17 16:00:00,TKYO-012-3,TKYO-012,Band 41 (2500MHz),-88.9,-11.1,6.3,87.8,66.3,184.9
2026-07-17 16:00:00,TKYO-013-1,TKYO-013,Band 1 (2100MHz),-85.2,-15.3,10.3,71.8,49.1,130.1
2026-07-17 16:00:00,TKYO-013-2,TKYO-013,Band 1 (2100MHz),-97.2,-15.6,4.9,100.0,51.9,166.7
2026-07-17 16:00:00,TKYO-013-3,TKYO-013,Band 1 (2100MHz),-86.1,-12.6,16.4,83.9,55.5,151.8
2026-07-17 16:00:00,TKYO-014-1,TKYO-014,Band 41 (2500MHz),-82.8,-12.4,3.6,100.0,40.0,149.9
2026-07-17 16:00:00,TKYO-014-2,TKYO-014,Band 41 (2500MHz),-93.5,-14.3,2.2,91.9,36.3,135.5
2026-07-17 16:00:00,TKYO-014-3,TKYO-014,Band 41 (2500MHz),-80.4,-13.7,10.6,100.0,54.9,163.6
2026-07-17 16:00:00,TKYO-015-1,TKYO-015,Band 1 (2100MHz),-86.8,-13.4,3.4,89.8,47.9,152.0
2026-07-17 16:00:00,TKYO-015-2,TKYO-015,Band 1 (2100MHz),-80.0,-12.5,5.4,69.3,64.4,120.4
2026-07-17 16:00:00,TKYO-015-3,TKYO-015,Band 1 (2100MHz),-88.0,-10.6,0.4,93.7,40.5,192.5
2026-07-17 16:00:00,TKYO-016-1,TKYO-016,Band 41 (2500MHz),-85.8,-12.2,6.1,82.6,52.8,151.8
2026-07-17 16:00:00,TKYO-016-2,TKYO-016,Band 41 (2500MHz),-83.6,-13.2,8.2,100.0,48.6,157.0
2026-07-17 16:00:00,TKYO-016-3,TKYO-016,Band 41 (2500MHz),-81.4,-14.7,4.6,66.6,57.8,222.2
2026-07-17 17:00:00,TKYO-001-1,TKYO-001,Band 1 (2100MHz),-84.2,-13.0,2.4,100.0,54.7,167.8
2026-07-17 17:00:00,TKYO-001-2,TKYO-001,Band 1 (2100MHz),-84.0,-12.3,6.9,100.0,56.7,154.6
2026-07-17 17:00:00,TKYO-001-3,TKYO-001,Band 1 (2100MHz),-83.8,-15.2,2.1,93.3,53.9,150.4
2026-07-17 17:00:00,TKYO-002-1,TKYO-002,Band 41 (2500MHz),-88.9,-12.9,8.7,83.5,61.7,134.0
2026-07-17 17:00:00,TKYO-002-2,TKYO-002,Band 41 (2500MHz),-80.4,-11.8,19.3,98.9,54.7,169.6
2026-07-17 17:00:00,TKYO-002-3,TKYO-002,Band 41 (2500MHz),-87.3,-13.3,8.4,100.0,85.8,150.4
2026-07-17 17:00:00,TKYO-003-1,TKYO-003,Band 1 (2100MHz),-80.2,-12.6,9.9,100.0,42.2,170.3
2026-07-17 17:00:00,TKYO-003-2,TKYO-003,Band 1 (2100MHz),-101.7,-15.1,4.0,100.0,61.8,190.4
2026-07-17 17:00:00,TKYO-003-3,TKYO-003,Band 1 (2100MHz),-83.9,-14.9,-2.9,90.1,59.9,175.8
2026-07-17 17:00:00,TKYO-004-1,TKYO-004,Band 41 (2500MHz),-83.4,-10.5,6.3,99.4,61.7,168.6
2026-07-17 17:00:00,TKYO-004-2,TKYO-004,Band 41 (2500MHz),-87.8,-15.3,2.9,93.2,64.6,208.2
2026-07-17 17:00:00,TKYO-004-3,TKYO-004,Band 41 (2500MHz),-83.6,-16.8,-1.0,100.0,51.2,167.9
2026-07-17 17:00:00,TKYO-005-1,TKYO-005,Band 1 (2100MHz),-72.5,-13.0,7.1,86.5,59.3,119.9
2026-07-17 17:00:00,TKYO-005-2,TKYO-005,Band 1 (2100MHz),-82.8,-15.7,8.9,100.0,66.0,193.4
2026-07-17 17:00:00,TKYO-005-3,TKYO-005,Band 1 (2100MHz),-97.6,-22.9,-2.5,100.0,43.1,179.1
2026-07-17 17:00:00,TKYO-006-1,TKYO-006,Band 41 (2500MHz),-90.2,-14.5,12.2,98.9,66.3,180.1
2026-07-17 17:00:00,TKYO-006-2,TKYO-006,Band 41 (2500MHz),-86.8,-11.2,8.2,100.0,42.0,168.7
2026-07-17 17:00:00,TKYO-006-3,TKYO-006,Band 41 (2500MHz),-84.6,-13.9,11.1,94.0,55.4,213.5
2026-07-17 17:00:00,TKYO-007-1,TKYO-007,Band 1 (2100MHz),-77.9,-12.7,11.4,100.0,77.2,158.8
2026-07-17 17:00:00,TKYO-007-2,TKYO-007,Band 1 (2100MHz),-81.7,-16.4,6.1,100.0,57.9,212.6
2026-07-17 17:00:00,TKYO-007-3,TKYO-007,Band 1 (2100MHz),-98.0,-16.5,12.7,76.7,59.9,188.5
2026-07-17 17:00:00,TKYO-008-1,TKYO-008,Band 41 (2500MHz),-80.2,-13.5,4.3,100.0,56.0,209.5
2026-07-17 17:00:00,TKYO-008-2,TKYO-008,Band 41 (2500MHz),-79.5,-14.5,1.3,85.1,55.0,169.5
2026-07-17 17:00:00,TKYO-008-3,TKYO-008,Band 41 (2500MHz),-82.7,-12.3,9.4,100.0,61.6,151.2
2026-07-17 17:00:00,TKYO-009-1,TKYO-009,Band 1 (2100MHz),-83.4,-14.9,13.9,100.0,59.0,200.4
2026-07-17 17:00:00,TKYO-009-2,TKYO-009,Band 1 (2100MHz),-77.8,-14.0,15.3,100.0,63.3,161.7
2026-07-17 17:00:00,TKYO-009-3,TKYO-009,Band 1 (2100MHz),-74.0,-13.9,-0.6,100.0,66.9,158.8
2026-07-17 17:00:00,TKYO-010-1,TKYO-010,Band 41 (2500MHz),-85.9,-13.9,6.8,93.3,49.6,172.4
2026-07-17 17:00:00,TKYO-010-2,TKYO-010,Band 41 (2500MHz),-81.2,-10.9,16.6,80.9,48.9,181.9
2026-07-17 17:00:00,TKYO-010-3,TKYO-010,Band 41 (2500MHz),-83.4,-14.7,-4.3,100.0,55.5,168.1
2026-07-17 17:00:00,TKYO-011-1,TKYO-011,Band 1 (2100MHz),-88.6,-9.7,3.4,100.0,51.1,165.3
2026-07-17 17:00:00,TKYO-011-2,TKYO-011,Band 1 (2100MHz),-79.9,-18.5,5.6,82.9,68.7,177.9
2026-07-17 17:00:00,TKYO-011-3,TKYO-011,Band 1 (2100MHz),-82.6,-10.3,9.1,78.9,55.7,140.3
2026-07-17 17:00:00,TKYO-012-1,TKYO-012,Band 41 (2500MHz),-86.0,-12.6,1.9,91.7,61.8,149.3
2026-07-17 17:00:00,TKYO-012-2,TKYO-012,Band 41 (2500MHz),-82.5,-12.5,3.1,95.9,71.5,186.4
2026-07-17 17:00:00,TKYO-012-3,TKYO-012,Band 41 (2500MHz),-83.6,-15.3,3.1,86.0,73.6,163.6
2026-07-17 17:00:00,TKYO-013-1,TKYO-013,Band 1 (2100MHz),-81.1,-13.9,7.6,100.0,65.9,160.3
2026-07-17 17:00:00,TKYO-013-2,TKYO-013,Band 1 (2100MHz),-110.6,-17.7,1.4,100.0,53.5,161.5
2026-07-17 17:00:00,TKYO-013-3,TKYO-013,Band 1 (2100MHz),-83.6,-13.8,10.7,100.0,57.8,171.7
2026-07-17 17:00:00,TKYO-014-1,TKYO-014,Band 41 (2500MHz),-87.0,-12.4,4.0,100.0,51.1,188.8
2026-07-17 17:00:00,TKYO-014-2,TKYO-014,Band 41 (2500MHz),-98.2,-19.2,-10.0,100.0,46.8,217.6
2026-07-17 17:00:00,TKYO-014-3,TKYO-014,Band 41 (2500MHz),-89.2,-8.4,-3.7,100.0,73.8,152.3
2026-07-17 17:00:00,TKYO-015-1,TKYO-015,Band 1 (2100MHz),-82.4,-15.9,7.7,86.6,57.7,167.9
2026-07-17 17:00:00,TKYO-015-2,TKYO-015,Band 1 (2100MHz),-76.8,-13.2,-0.8,94.0,60.8,202.0
2026-07-17 17:00:00,TKYO-015-3,TKYO-015,Band 1 (2100MHz),-81.5,-13.2,14.6,100.0,58.0,162.7
2026-07-17 17:00:00,TKYO-016-1,TKYO-016,Band 41 (2500MHz),-87.9,-12.0,4.1,100.0,43.7,153.1
2026-07-17 17:00:00,TKYO-016-2,TKYO-016,Band 41 (2500MHz),-82.7,-15.1,6.4,100.0,57.4,219.3
2026-07-17 17:00:00,TKYO-016-3,TKYO-016,Band 41 (2500MHz),-89.8,-14.3,3.1,100.0,63.4,204.8
2026-07-17 18:00:00,TKYO-001-1,TKYO-001,Band 1 (2100MHz),-83.8,-13.0,10.2,100.0,67.7,188.6
2026-07-17 18:00:00,TKYO-001-2,TKYO-001,Band 1 (2100MHz),-85.5,-11.6,8.7,100.0,83.6,164.6
2026-07-17 18:00:00,TKYO-001-3,TKYO-001,Band 1 (2100MHz),-79.5,-10.7,10.0,86.1,67.0,164.3
2026-07-17 18:00:00,TKYO-002-1,TKYO-002,Band 41 (2500MHz),-79.4,-11.2,9.7,100.0,51.9,189.5
2026-07-17 18:00:00,TKYO-002-2,TKYO-002,Band 41 (2500MHz),-93.7,-14.6,8.2,100.0,68.7,157.9
2026-07-17 18:00:00,TKYO-002-3,TKYO-002,Band 41 (2500MHz),-82.9,-10.9,1.4,95.3,65.2,154.3
2026-07-17 18:00:00,TKYO-003-1,TKYO-003,Band 1 (2100MHz),-83.0,-14.2,0.5,99.8,59.4,220.1
2026-07-17 18:00:00,TKYO-003-2,TKYO-003,Band 1 (2100MHz),-92.4,-14.0,-0.4,100.0,66.6,185.6
2026-07-17 18:00:00,TKYO-003-3,TKYO-003,Band 1 (2100MHz),-85.3,-17.7,15.0,97.3,79.4,186.4
2026-07-17 18:00:00,TKYO-004-1,TKYO-004,Band 41 (2500MHz),-79.3,-12.5,13.0,92.2,53.3,174.9
2026-07-17 18:00:00,TKYO-004-2,TKYO-004,Band 41 (2500MHz),-84.4,-11.4,5.1,100.0,69.8,174.9
2026-07-17 18:00:00,TKYO-004-3,TKYO-004,Band 41 (2500MHz),-78.9,-14.2,2.1,100.0,49.3,149.4
2026-07-17 18:00:00,TKYO-005-1,TKYO-005,Band 1 (2100MHz),-84.8,-12.3,7.8,100.0,64.5,218.5
2026-07-17 18:00:00,TKYO-005-2,TKYO-005,Band 1 (2100MHz),-83.5,-13.2,16.6,100.0,54.0,146.0
2026-07-17 18:00:00,TKYO-005-3,TKYO-005,Band 1 (2100MHz),-101.2,-19.9,-1.5,100.0,69.3,208.1
2026-07-17 18:00:00,TKYO-006-1,TKYO-006,Band 41 (2500MHz),-84.5,-10.8,-0.1,74.5,61.4,152.2
2026-07-17 18:00:00,TKYO-006-2,TKYO-006,Band 41 (2500MHz),-77.2,-11.7,12.4,94.2,49.8,169.0
2026-07-17 18:00:00,TKYO-006-3,TKYO-006,Band 41 (2500MHz),-86.5,-12.3,8.1,83.6,62.5,178.1
2026-07-17 18:00:00,TKYO-007-1,TKYO-007,Band 1 (2100MHz),-83.8,-12.4,12.2,90.1,60.3,155.2
2026-07-17 18:00:00,TKYO-007-2,TKYO-007,Band 1 (2100MHz),-83.5,-11.8,12.0,100.0,61.8,151.2
2026-07-17 18:00:00,TKYO-007-3,TKYO-007,Band 1 (2100MHz),-98.2,-17.7,1.0,100.0,66.2,170.9
2026-07-17 18:00:00,TKYO-008-1,TKYO-008,Band 41 (2500MHz),-88.0,-13.5,8.4,100.0,67.1,183.6
2026-07-17 18:00:00,TKYO-008-2,TKYO-008,Band 41 (2500MHz),-86.3,-12.2,5.2,94.5,55.6,163.5
2026-07-17 18:00:00,TKYO-008-3,TKYO-008,Band 41 (2500MHz),-84.3,-14.0,4.8,100.0,48.7,147.3
2026-07-17 18:00:00,TKYO-009-1,TKYO-009,Band 1 (2100MHz),-78.6,-13.9,11.6,100.0,55.4,168.4
2026-07-17 18:00:00,TKYO-009-2,TKYO-009,Band 1 (2100MHz),-87.7,-15.2,12.1,100.0,64.7,156.2
2026-07-17 18:00:00,TKYO-009-3,TKYO-009,Band 1 (2100MHz),-83.6,-13.1,8.2,95.7,62.4,194.7
2026-07-17 18:00:00,TKYO-010-1,TKYO-010,Band 41 (2500MHz),-86.9,-10.8,9.1,100.0,57.8,190.7
2026-07-17 18:00:00,TKYO-010-2,TKYO-010,Band 41 (2500MHz),-79.9,-13.5,9.2,100.0,66.3,153.6
2026-07-17 18:00:00,TKYO-010-3,TKYO-010,Band 41 (2500MHz),-80.1,-14.9,8.4,98.9,69.5,181.6
2026-07-17 18:00:00,TKYO-011-1,TKYO-011,Band 1 (2100MHz),-83.2,-14.9,11.0,100.0,60.7,186.7
2026-07-17 18:00:00,TKYO-011-2,TKYO-011,Band 1 (2100MHz),-80.0,-14.3,7.6,100.0,76.3,168.8
2026-07-17 18:00:00,TKYO-011-3,TKYO-011,Band 1 (2100MHz),-86.4,-12.2,11.8,100.0,66.2,161.4
2026-07-17 18:00:00,TKYO-012-1,TKYO-012,Band 41 (2500MHz),-82.8,-11.8,7.8,100.0,74.4,160.6
2026-07-17 18:00:00,TKYO-012-2,TKYO-012,Band 41 (2500MHz),-86.8,-13.5,14.1,82.0,58.0,158.1
2026-07-17 18:00:00,TKYO-012-3,TKYO-012,Band 41 (2500MHz),-80.8,-11.8,8.7,100.0,53.3,179.5
2026-07-17 18:00:00,TKYO-013-1,TKYO-013,Band 1 (2100MHz),-81.8,-12.2,8.0,100.0,56.0,161.9
2026-07-17 18:00:00,TKYO-013-2,TKYO-013,Band 1 (2100MHz),-90.5,-16.1,-1.0,85.0,74.7,198.0
2026-07-17 18:00:00,TKYO-013-3,TKYO-013,Band 1 (2100MHz),-87.8,-14.8,25.0,100.0,58.1,191.2
2026-07-17 18:00:00,TKYO-014-1,TKYO-014,Band 41 (2500MHz),-82.9,-13.2,7.3,92.8,51.9,178.1
2026-07-17 18:00:00,TKYO-014-2,TKYO-014,Band 41 (2500MHz),-103.2,-18.1,-0.5,100.0,70.0,189.2
2026-07-17 18:00:00,TKYO-014-3,TKYO-014,Band 41 (2500MHz),-78.8,-14.1,12.5,100.0,69.6,183.8
2026-07-17 18:00:00,TKYO-015-1,TKYO-015,Band 1 (2100MHz),-87.5,-13.5,17.2,100.0,77.0,155.6
2026-07-17 18:00:00,TKYO-015-2,TKYO-015,Band 1 (2100MHz),-85.3,-17.9,11.5,81.6,59.4,177.7
2026-07-17 18:00:00,TKYO-015-3,TKYO-015,Band 1 (2100MHz),-83.2,-15.6,7.3,100.0,85.0,148.5
2026-07-17 18:00:00,TKYO-016-1,TKYO-016,Band 41 (2500MHz),-79.2,-12.3,-9.8,100.0,64.7,155.5
2026-07-17 18:00:00,TKYO-016-2,TKYO-016,Band 41 (2500MHz),-83.7,-8.9,7.3,87.0,56.8,187.1
2026-07-17 18:00:00,TKYO-016-3,TKYO-016,Band 41 (2500MHz),-86.7,-13.4,8.7,100.0,50.2,148.1
2026-07-17 19:00:00,TKYO-001-1,TKYO-001,Band 1 (2100MHz),-86.8,-12.5,3.2,84.4,64.1,127.1
2026-07-17 19:00:00,TKYO-001-2,TKYO-001,Band 1 (2100MHz),-81.9,-12.5,9.9,80.6,83.4,145.4
2026-07-17 19:00:00,TKYO-001-3,TKYO-001,Band 1 (2100MHz),-88.7,-13.8,10.1,99.7,61.5,170.1
2026-07-17 19:00:00,TKYO-002-1,TKYO-002,Band 41 (2500MHz),-78.5,-11.5,7.9,100.0,55.8,169.5
2026-07-17 19:00:00,TKYO-002-2,TKYO-002,Band 41 (2500MHz),-91.1,-13.1,3.7,100.0,58.2,170.8
2026-07-17 19:00:00,TKYO-002-3,TKYO-002,Band 41 (2500MHz),-82.2,-12.9,15.2,100.0,75.4,158.0
2026-07-17 19:00:00,TKYO-003-1,TKYO-003,Band 1 (2100MHz),-84.5,-13.2,1.4,92.1,62.3,152.4
2026-07-17 19:00:00,TKYO-003-2,TKYO-003,Band 1 (2100MHz),-99.2,-19.0,7.7,94.6,57.9,203.9
2026-07-17 19:00:00,TKYO-003-3,TKYO-003,Band 1 (2100MHz),-77.8,-12.9,1.1,100.0,46.5,164.5
2026-07-17 19:00:00,TKYO-004-1,TKYO-004,Band 41 (2500MHz),-82.1,-13.9,10.9,93.8,44.8,192.8
2026-07-17 19:00:00,TKYO-004-2,TKYO-004,Band 41 (2500MHz),-86.4,-12.4,9.4,100.0,54.2,150.8
2026-07-17 19:00:00,TKYO-004-3,TKYO-004,Band 41 (2500MHz),-78.7,-12.1,10.0,100.0,53.4,182.2
2026-07-17 19:00:00,TKYO-005-1,TKYO-005,Band 1 (2100MHz),-85.1,-15.3,11.1,100.0,65.0,183.2
2026-07-17 19:00:00,TKYO-005-2,TKYO-005,Band 1 (2100MHz),-87.9,-13.3,9.9,100.0,70.4,124.6
2026-07-17 19:00:00,TKYO-005-3,TKYO-005,Band 1 (2100MHz),-96.4,-14.5,4.8,87.1,61.3,218.0
2026-07-17 19:00:00,TKYO-006-1,TKYO-006,Band 41 (2500MHz),-76.6,-12.1,6.2,100.0,66.7,199.1
2026-07-17 19:00:00,TKYO-006-2,TKYO-006,Band 41 (2500MHz),-84.1,-14.2,9.6,98.1,58.8,175.1
2026-07-17 19:00:00,TKYO-006-3,TKYO-006,Band 41 (2500MHz),-82.2,-12.1,5.7,100.0,56.5,152.8
2026-07-17 19:00:00,TKYO-007-1,TKYO-007,Band 1 (2100MHz),-87.4,-11.5,11.0,100.0,63.4,164.7
2026-07-17 19:00:00,TKYO-007-2,TKYO-007,Band 1 (2100MHz),-83.0,-14.7,7.3,100.0,70.2,178.8
2026-07-17 19:00:00,TKYO-007-3,TKYO-007,Band 1 (2100MHz),-98.2,-17.1,4.3,100.0,61.0,209.5
2026-07-17 19:00:00,TKYO-008-1,TKYO-008,Band 41 (2500MHz),-76.8,-8.8,5.8,100.0,48.8,133.3
2026-07-17 19:00:00,TKYO-008-2,TKYO-008,Band 41 (2500MHz),-84.7,-14.9,7.0,87.2,63.7,194.2
2026-07-17 19:00:00,TKYO-008-3,TKYO-008,Band 41 (2500MHz),-78.4,-15.5,12.2,84.6,58.3,148.3
2026-07-17 19:00:00,TKYO-009-1,TKYO-009,Band 1 (2100MHz),-84.4,-10.2,9.8,100.0,55.4,203.3
2026-07-17 19:00:00,TKYO-009-2,TKYO-009,Band 1 (2100MHz),-86.5,-12.3,14.9,97.3,79.1,190.1
2026-07-17 19:00:00,TKYO-009-3,TKYO-009,Band 1 (2100MHz),-84.7,-13.9,7.0,100.0,70.6,183.1
2026-07-17 19:00:00,TKYO-010-1,TKYO-010,Band 41 (2500MHz),-81.0,-14.1,13.6,100.0,70.8,171.2
2026-07-17 19:00:00,TKYO-010-2,TKYO-010,Band 41 (2500MHz),-82.6,-13.3,-1.4,100.0,54.9,153.1
2026-07-17 19:00:00,TKYO-010-3,TKYO-010,Band 41 (2500MHz),-78.5,-11.8,16.1,100.0,62.1,141.3
2026-07-17 19:00:00,TKYO-011-1,TKYO-011,Band 1 (2100MHz),-82.7,-12.8,4.6,100.0,70.5,165.3
2026-07-17 19:00:00,TKYO-011-2,TKYO-011,Band 1 (2100MHz),-91.2,-13.1,12.7,87.5,60.8,175.1
2026-07-17 19:00:00,TKYO-011-3,TKYO-011,Band 1 (2100MHz),-81.0,-11.0,6.6,100.0,60.7,177.2
2026-07-17 19:00:00,TKYO-012-1,TKYO-012,Band 41 (2500MHz),-85.1,-14.0,10.6,100.0,48.0,176.1
2026-07-17 19:00:00,TKYO-012-2,TKYO-012,Band 41 (2500MHz),-82.4,-12.6,1.5,97.4,62.6,155.6
2026-07-17 19:00:00,TKYO-012-3,TKYO-012,Band 41 (2500MHz),-86.8,-14.6,2.2,100.0,78.6,170.1
2026-07-17 19:00:00,TKYO-013-1,TKYO-013,Band 1 (2100MHz),-84.2,-14.6,5.5,100.0,61.4,150.5
2026-07-17 19:00:00,TKYO-013-2,TKYO-013,Band 1 (2100MHz),-103.3,-17.6,1.6,86.1,47.2,201.1
2026-07-17 19:00:00,TKYO-013-3,TKYO-013,Band 1 (2100MHz),-83.1,-15.9,9.6,98.5,63.4,187.9
2026-07-17 19:00:00,TKYO-014-1,TKYO-014,Band 41 (2500MHz),-83.2,-11.0,14.1,99.6,60.5,190.3
2026-07-17 19:00:00,TKYO-014-2,TKYO-014,Band 41 (2500MHz),-100.1,-16.1,1.2,99.6,41.6,168.9
2026-07-17 19:00:00,TKYO-014-3,TKYO-014,Band 41 (2500MHz),-84.5,-14.0,10.7,100.0,56.6,202.4
2026-07-17 19:00:00,TKYO-015-1,TKYO-015,Band 1 (2100MHz),-90.0,-14.0,4.1,87.5,77.7,172.7
2026-07-17 19:00:00,TKYO-015-2,TKYO-015,Band 1 (2100MHz),-88.5,-13.4,18.5,94.9,50.6,154.3
2026-07-17 19:00:00,TKYO-015-3,TKYO-015,Band 1 (2100MHz),-86.5,-11.2,9.3,100.0,64.3,239.9
2026-07-17 19:00:00,TKYO-016-1,TKYO-016,Band 41 (2500MHz),-90.1,-13.8,6.5,83.2,64.1,212.8
2026-07-17 19:00:00,TKYO-016-2,TKYO-016,Band 41 (2500MHz),-88.9,-13.1,13.9,78.7,70.9,132.7
2026-07-17 19:00:00,TKYO-016-3,TKYO-016,Band 41 (2500MHz),-79.9,-17.1,9.0,100.0,58.3,202.4
2026-07-17 20:00:00,TKYO-001-1,TKYO-001,Band 1 (2100MHz),-85.8,-15.2,10.8,96.8,45.3,138.0
2026-07-17 20:00:00,TKYO-001-2,TKYO-001,Band 1 (2100MHz),-84.4,-10.5,4.2,63.7,54.6,112.3
2026-07-17 20:00:00,TKYO-001-3,TKYO-001,Band 1 (2100MHz),-89.1,-12.8,8.4,67.4,46.9,101.5
2026-07-17 20:00:00,TKYO-002-1,TKYO-002,Band 41 (2500MHz),-88.2,-13.0,7.0,100.0,48.9,122.0
2026-07-17 20:00:00,TKYO-002-2,TKYO-002,Band 41 (2500MHz),-87.0,-13.9,5.2,86.0,51.4,136.9
2026-07-17 20:00:00,TKYO-002-3,TKYO-002,Band 41 (2500MHz),-76.9,-11.9,8.6,93.6,54.2,165.5
2026-07-17 20:00:00,TKYO-003-1,TKYO-003,Band 1 (2100MHz),-83.8,-13.1,7.1,98.8,67.7,159.0
2026-07-17 20:00:00,TKYO-003-2,TKYO-003,Band 1 (2100MHz),-93.7,-17.9,-6.2,79.9,51.8,146.8
2026-07-17 20:00:00,TKYO-003-3,TKYO-003,Band 1 (2100MHz),-84.9,-13.0,7.3,96.7,53.2,139.9
2026-07-17 20:00:00,TKYO-004-1,TKYO-004,Band 41 (2500MHz),-90.4,-13.5,3.8,100.0,48.2,135.7
2026-07-17 20:00:00,TKYO-004-2,TKYO-004,Band 41 (2500MHz),-78.8,-17.4,9.1,88.7,62.2,138.8
2026-07-17 20:00:00,TKYO-004-3,TKYO-004,Band 41 (2500MHz),-84.2,-13.1,3.8,100.0,67.6,158.1
2026-07-17 20:00:00,TKYO-005-1,TKYO-005,Band 1 (2100MHz),-84.3,-9.4,15.8,96.3,62.1,140.9
2026-07-17 20:00:00,TKYO-005-2,TKYO-005,Band 1 (2100MHz),-86.4,-11.6,7.3,100.0,63.3,154.9
2026-07-17 20:00:00,TKYO-005-3,TKYO-005,Band 1 (2100MHz),-100.7,-18.4,5.8,96.1,52.7,135.2
2026-07-17 20:00:00,TKYO-006-1,TKYO-006,Band 41 (2500MHz),-89.4,-14.1,6.1,92.8,52.1,170.4
2026-07-17 20:00:00,TKYO-006-2,TKYO-006,Band 41 (2500MHz),-81.2,-12.2,11.0,69.8,61.3,145.2
2026-07-17 20:00:00,TKYO-006-3,TKYO-006,Band 41 (2500MHz),-80.8,-11.6,6.5,99.7,47.9,168.3
2026-07-17 20:00:00,TKYO-007-1,TKYO-007,Band 1 (2100MHz),-74.1,-10.0,15.3,100.0,50.0,153.6
2026-07-17 20:00:00,TKYO-007-2,TKYO-007,Band 1 (2100MHz),-81.4,-11.6,14.2,96.7,45.2,154.3
2026-07-17 20:00:00,TKYO-007-3,TKYO-007,Band 1 (2100MHz),-99.0,-13.1,-3.1,88.5,52.8,98.3
2026-07-17 20:00:00,TKYO-008-1,TKYO-008,Band 41 (2500MHz),-85.6,-14.5,2.8,95.5,47.8,142.9
2026-07-17 20:00:00,TKYO-008-2,TKYO-008,Band 41 (2500MHz),-83.9,-10.3,10.6,79.1,41.7,159.1
2026-07-17 20:00:00,TKYO-008-3,TKYO-008,Band 41 (2500MHz),-88.3,-11.8,8.9,91.0,43.9,124.8
2026-07-17 20:00:00,TKYO-009-1,TKYO-009,Band 1 (2100MHz),-80.2,-11.7,5.8,100.0,65.7,150.6
2026-07-17 20:00:00,TKYO-009-2,TKYO-009,Band 1 (2100MHz),-77.5,-13.4,6.7,88.4,51.3,174.2
2026-07-17 20:00:00,TKYO-009-3,TKYO-009,Band 1 (2100MHz),-89.6,-11.5,5.8,80.8,39.4,163.9
2026-07-17 20:00:00,TKYO-010-1,TKYO-010,Band 41 (2500MHz),-88.2,-16.6,6.0,100.0,56.3,117.4
2026-07-17 20:00:00,TKYO-010-2,TKYO-010,Band 41 (2500MHz),-85.7,-11.6,8.9,99.5,55.6,153.4
2026-07-17 20:00:00,TKYO-010-3,TKYO-010,Band 41 (2500MHz),-83.9,-11.6,11.9,89.2,67.1,140.8
2026-07-17 20:00:00,TKYO-011-1,TKYO-011,Band 1 (2100MHz),-85.7,-12.9,9.6,65.4,42.2,137.7
2026-07-17 20:00:00,TKYO-011-2,TKYO-011,Band 1 (2100MHz),-83.8,-11.8,0.6,89.8,48.0,147.3
2026-07-17 20:00:00,TKYO-011-3,TKYO-011,Band 1 (2100MHz),-77.9,-11.7,12.7,65.5,56.9,152.0
2026-07-17 20:00:00,TKYO-012-1,TKYO-012,Band 41 (2500MHz),-82.2,-10.8,0.1,94.9,74.9,160.2
2026-07-17 20:00:00,TKYO-012-2,TKYO-012,Band 41 (2500MHz),-88.1,-12.2,6.0,88.3,43.2,141.9
2026-07-17 20:00:00,TKYO-012-3,TKYO-012,Band 41 (2500MHz),-84.2,-12.5,-1.2,100.0,50.5,125.6
2026-07-17 20:00:00,TKYO-013-1,TKYO-013,Band 1 (2100MHz),-80.5,-12.4,1.1,88.5,49.9,128.4
2026-07-17 20:00:00,TKYO-013-2,TKYO-013,Band 1 (2100MHz),-104.4,-15.6,1.5,98.2,54.5,157.0
2026-07-17 20:00:00,TKYO-013-3,TKYO-013,Band 1 (2100MHz),-80.0,-12.9,-4.5,84.6,51.2,155.7
2026-07-17 20:00:00,TKYO-014-1,TKYO-014,Band 41 (2500MHz),-81.4,-12.8,-0.2,97.5,48.7,147.4
2026-07-17 20:00:00,TKYO-014-2,TKYO-014,Band 41 (2500MHz),-94.7,-16.0,-4.3,100.0,51.0,144.2
2026-07-17 20:00:00,TKYO-014-3,TKYO-014,Band 41 (2500MHz),-84.9,-15.8,6.2,90.0,59.3,143.7
2026-07-17 20:00:00,TKYO-015-1,TKYO-015,Band 1 (2100MHz),-82.4,-14.0,7.6,100.0,47.9,106.1
2026-07-17 20:00:00,TKYO-015-2,TKYO-015,Band 1 (2100MHz),-80.6,-14.0,10.1,93.0,44.3,145.9
2026-07-17 20:00:00,TKYO-015-3,TKYO-015,Band 1 (2100MHz),-74.5,-10.8,11.9,100.0,53.3,159.2
2026-07-17 20:00:00,TKYO-016-1,TKYO-016,Band 41 (2500MHz),-86.3,-14.5,-10.0,88.8,48.1,153.3
2026-07-17 20:00:00,TKYO-016-2,TKYO-016,Band 41 (2500MHz),-87.5,-12.2,3.8,89.1,64.0,146.1
2026-07-17 20:00:00,TKYO-016-3,TKYO-016,Band 41 (2500MHz),-83.2,-9.8,7.9,89.2,50.8,152.1
2026-07-17 21:00:00,TKYO-001-1,TKYO-001,Band 1 (2100MHz),-91.4,-11.0,8.0,17.8,15.6,68.9
2026-07-17 21:00:00,TKYO-001-2,TKYO-001,Band 1 (2100MHz),-89.7,-7.8,3.8,11.7,20.0,35.4
2026-07-17 21:00:00,TKYO-001-3,TKYO-001,Band 1 (2100MHz),-85.4,-11.2,10.3,23.2,19.5,44.9
2026-07-17 21:00:00,TKYO-002-1,TKYO-002,Band 41 (2500MHz),-84.1,-10.7,-3.3,40.3,22.9,50.9
2026-07-17 21:00:00,TKYO-002-2,TKYO-002,Band 41 (2500MHz),-80.2,-8.5,0.5,20.1,18.9,25.7
2026-07-17 21:00:00,TKYO-002-3,TKYO-002,Band 41 (2500MHz),-87.5,-10.4,9.4,36.9,18.5,39.6
2026-07-17 21:00:00,TKYO-003-1,TKYO-003,Band 1 (2100MHz),-79.0,-14.0,17.5,32.5,8.2,21.2
2026-07-17 21:00:00,TKYO-003-2,TKYO-003,Band 1 (2100MHz),-101.1,-14.1,5.8,13.9,15.4,45.6
2026-07-17 21:00:00,TKYO-003-3,TKYO-003,Band 1 (2100MHz),-85.3,-7.7,12.3,33.2,26.6,21.3
2026-07-17 21:00:00,TKYO-004-1,TKYO-004,Band 41 (2500MHz),-82.4,-7.5,-2.7,31.9,11.3,25.5
2026-07-17 21:00:00,TKYO-004-2,TKYO-004,Band 41 (2500MHz),-92.4,-8.8,2.7,5.8,20.4,33.9
2026-07-17 21:00:00,TKYO-004-3,TKYO-004,Band 41 (2500MHz),-82.1,-10.2,-3.0,19.4,7.7,68.7
2026-07-17 21:00:00,TKYO-005-1,TKYO-005,Band 1 (2100MHz),-80.5,-8.9,7.4,5.7,5.0,47.2
2026-07-17 21:00:00,TKYO-005-2,TKYO-005,Band 1 (2100MHz),-83.5,-7.3,7.5,45.6,6.4,28.8
2026-07-17 21:00:00,TKYO-005-3,TKYO-005,Band 1 (2100MHz),-92.7,-11.9,-0.7,21.2,3.6,29.4
2026-07-17 21:00:00,TKYO-006-1,TKYO-006,Band 41 (2500MHz),-84.0,-6.7,3.6,34.5,6.2,56.4
2026-07-17 21:00:00,TKYO-006-2,TKYO-006,Band 41 (2500MHz),-92.7,-9.7,-0.6,28.1,13.2,82.6
2026-07-17 21:00:00,TKYO-006-3,TKYO-006,Band 41 (2500MHz),-91.8,-6.3,3.6,0.0,10.0,63.3
2026-07-17 21:00:00,TKYO-007-1,TKYO-007,Band 1 (2100MHz),-81.1,-8.5,4.3,14.2,17.4,50.3
2026-07-17 21:00:00,TKYO-007-2,TKYO-007,Band 1 (2100MHz),-88.3,-4.8,11.9,7.2,22.5,70.4
2026-07-17 21:00:00,TKYO-007-3,TKYO-007,Band 1 (2100MHz),-94.2,-13.3,-5.6,34.1,5.5,53.7
2026-07-17 21:00:00,TKYO-008-1,TKYO-008,Band 41 (2500MHz),-82.8,-9.9,5.3,18.7,6.2,17.0
2026-07-17 21:00:00,TKYO-008-2,TKYO-008,Band 41 (2500MHz),-90.9,-7.6,15.2,26.7,14.9,30.3
2026-07-17 21:00:00,TKYO-008-3,TKYO-008,Band 41 (2500MHz),-83.7,-8.8,-1.0,26.7,14.8,27.1
2026-07-17 21:00:00,TKYO-009-1,TKYO-009,Band 1 (2100MHz),-76.7,-6.9,3.9,9.5,16.8,35.9
2026-07-17 21:00:00,TKYO-009-2,TKYO-009,Band 1 (2100MHz),-88.5,-11.0,9.9,27.5,8.2,51.6
2026-07-17 21:00:00,TKYO-009-3,TKYO-009,Band 1 (2100MHz),-88.8,-6.1,14.9,20.7,18.3,42.0
2026-07-17 21:00:00,TKYO-010-1,TKYO-010,Band 41 (2500MHz),-91.3,-6.4,9.5,45.9,8.0,41.0
2026-07-17 21:00:00,TKYO-010-2,TKYO-010,Band 41 (2500MHz),-88.2,-7.5,12.8,41.9,16.7,26.5
2026-07-17 21:00:00,TKYO-010-3,TKYO-010,Band 41 (2500MHz),-87.8,-6.7,0.4,14.4,5.3,73.2
2026-07-17 21:00:00,TKYO-011-1,TKYO-011,Band 1 (2100MHz),-77.8,-9.0,11.3,36.1,2.7,83.3
2026-07-17 21:00:00,TKYO-011-2,TKYO-011,Band 1 (2100MHz),-79.7,-9.6,1.6,19.5,10.4,53.8
2026-07-17 21:00:00,TKYO-011-3,TKYO-011,Band 1 (2100MHz),-88.8,-8.0,11.1,6.8,22.3,27.1
2026-07-17 21:00:00,TKYO-012-1,TKYO-012,Band 41 (2500MHz),-86.8,-8.1,8.1,33.1,4.9,0.0
2026-07-17 21:00:00,TKYO-012-2,TKYO-012,Band 41 (2500MHz),-84.3,-7.6,0.2,30.0,5.1,38.9
2026-07-17 21:00:00,TKYO-012-3,TKYO-012,Band 41 (2500MHz),-87.8,-8.3,6.7,40.8,19.0,36.1
2026-07-17 21:00:00,TKYO-013-1,TKYO-013,Band 1 (2100MHz),-85.5,-3.1,5.9,5.9,11.2,38.0
2026-07-17 21:00:00,TKYO-013-2,TKYO-013,Band 1 (2100MHz),-99.5,-13.2,4.9,3.9,5.3,0.0
2026-07-17 21:00:00,TKYO-013-3,TKYO-013,Band 1 (2100MHz),-84.2,-6.1,5.7,5.1,3.9,11.9
2026-07-17 21:00:00,TKYO-014-1,TKYO-014,Band 41 (2500MHz),-85.8,-8.1,3.1,46.3,4.3,64.9
2026-07-17 21:00:00,TKYO-014-2,TKYO-014,Band 41 (2500MHz),-103.3,-9.8,-6.1,0.0,19.2,48.0
2026-07-17 21:00:00,TKYO-014-3,TKYO-014,Band 41 (2500MHz),-85.4,-6.2,-0.5,0.0,20.8,45.6
2026-07-17 21:00:00,TKYO-015-1,TKYO-015,Band 1 (2100MHz),-78.5,-12.6,7.0,27.8,6.6,56.0
2026-07-17 21:00:00,TKYO-015-2,TKYO-015,Band 1 (2100MHz),-79.8,-10.0,20.0,26.9,34.5,31.7
2026-07-17 21:00:00,TKYO-015-3,TKYO-015,Band 1 (2100MHz),-89.2,-6.2,3.0,23.8,22.6,0.0
2026-07-17 21:00:00,TKYO-016-1,TKYO-016,Band 41 (2500MHz),-91.9,-11.1,5.1,21.8,7.6,57.2
2026-07-17 21:00:00,TKYO-016-2,TKYO-016,Band 41 (2500MHz),-90.5,-10.1,4.2,40.6,10.8,68.8
2026-07-17 21:00:00,TKYO-016-3,TKYO-016,Band 41 (2500MHz),-85.3,-11.2,7.9,10.5,8.1,35.9
2026-07-17 22:00:00,TKYO-001-1,TKYO-001,Band 1 (2100MHz),-79.7,-4.0,9.3,29.2,9.7,37.9
2026-07-17 22:00:00,TKYO-001-2,TKYO-001,Band 1 (2100MHz),-81.5,-9.9,5.4,14.0,5.5,13.6
2026-07-17 22:00:00,TKYO-001-3,TKYO-001,Band 1 (2100MHz),-81.5,-6.8,6.2,32.3,4.4,48.9
2026-07-17 22:00:00,TKYO-002-1,TKYO-002,Band 41 (2500MHz),-83.5,-6.1,7.6,7.7,5.7,16.4
2026-07-17 22:00:00,TKYO-002-2,TKYO-002,Band 41 (2500MHz),-87.8,-8.2,10.2,0.8,2.6,42.3
2026-07-17 22:00:00,TKYO-002-3,TKYO-002,Band 41 (2500MHz),-78.1,-6.9,6.3,0.0,14.6,7.2
2026-07-17 22:00:00,TKYO-003-1,TKYO-003,Band 1 (2100MHz),-83.9,-7.1,-0.8,26.8,11.0,61.7
2026-07-17 22:00:00,TKYO-003-2,TKYO-003,Band 1 (2100MHz),-94.2,-9.5,0.1,20.2,22.3,0.4
2026-07-17 22:00:00,TKYO-003-3,TKYO-003,Band 1 (2100MHz),-76.1,-5.9,8.1,15.8,10.1,28.6
2026-07-17 22:00:00,TKYO-004-1,TKYO-004,Band 41 (2500MHz),-82.0,-9.1,2.3,28.8,20.1,46.0
2026-07-17 22:00:00,TKYO-004-2,TKYO-004,Band 41 (2500MHz),-81.4,-8.0,10.8,19.5,19.2,51.6
2026-07-17 22:00:00,TKYO-004-3,TKYO-004,Band 41 (2500MHz),-82.1,-5.3,5.4,31.2,0.0,54.1
2026-07-17 22:00:00,TKYO-005-1,TKYO-005,Band 1 (2100MHz),-81.1,-5.1,2.5,13.3,0.0,21.0
2026-07-17 22:00:00,TKYO-005-2,TKYO-005,Band 1 (2100MHz),-83.9,-10.0,12.4,7.0,10.7,34.8
2026-07-17 22:00:00,TKYO-005-3,TKYO-005,Band 1 (2100MHz),-103.5,-8.7,6.2,12.4,2.2,38.0
2026-07-17 22:00:00,TKYO-006-1,TKYO-006,Band 41 (2500MHz),-84.5,-9.7,9.1,7.9,0.0,36.4
2026-07-17 22:00:00,TKYO-006-2,TKYO-006,Band 41 (2500MHz),-87.7,-5.6,-4.4,14.1,15.3,0.0
2026-07-17 22:00:00,TKYO-006-3,TKYO-006,Band 41 (2500MHz),-82.4,-8.3,10.4,0.0,14.6,54.8
2026-07-17 22:00:00,TKYO-007-1,TKYO-007,Band 1 (2100MHz),-83.4,-7.8,5.6,0.0,16.3,0.0
2026-07-17 22:00:00,TKYO-007-2,TKYO-007,Band 1 (2100MHz),-85.6,-7.0,8.9,0.1,5.8,41.3
2026-07-17 22:00:00,TKYO-007-3,TKYO-007,Band 1 (2100MHz),-98.0,-13.6,-2.6,0.0,0.0,0.8
2026-07-17 22:00:00,TKYO-008-1,TKYO-008,Band 41 (2500MHz),-80.2,-9.5,10.4,17.7,0.0,22.8
2026-07-17 22:00:00,TKYO-008-2,TKYO-008,Band 41 (2500MHz),-85.8,-8.6,5.9,0.0,19.1,8.9
2026-07-17 22:00:00,TKYO-008-3,TKYO-008,Band 41 (2500MHz),-89.5,-7.9,7.5,34.4,10.3,4.0
2026-07-17 22:00:00,TKYO-009-1,TKYO-009,Band 1 (2100MHz),-88.9,-9.5,10.5,19.3,0.0,2.0
2026-07-17 22:00:00,TKYO-009-2,TKYO-009,Band 1 (2100MHz),-92.7,-6.8,14.3,7.4,2.1,16.0
2026-07-17 22:00:00,TKYO-009-3,TKYO-009,Band 1 (2100MHz),-88.8,-5.8,7.4,18.6,8.0,9.3
2026-07-17 22:00:00,TKYO-010-1,TKYO-010,Band 41 (2500MHz),-86.0,-9.4,4.9,9.6,4.7,27.7
2026-07-17 22:00:00,TKYO-010-2,TKYO-010,Band 41 (2500MHz),-81.2,-6.1,4.1,32.8,0.0,65.9
2026-07-17 22:00:00,TKYO-010-3,TKYO-010,Band 41 (2500MHz),-83.4,-9.0,5.7,29.2,27.0,31.0
2026-07-17 22:00:00,TKYO-011-1,TKYO-011,Band 1 (2100MHz),-83.1,-5.1,7.9,1.8,0.9,1.1
2026-07-17 22:00:00,TKYO-011-2,TKYO-011,Band 1 (2100MHz),-87.0,-7.3,4.4,20.9,16.0,16.3
2026-07-17 22:00:00,TKYO-011-3,TKYO-011,Band 1 (2100MHz),-84.1,-7.4,4.8,10.5,10.4,6.8
2026-07-17 22:00:00,TKYO-012-1,TKYO-012,Band 41 (2500MHz),-79.6,-8.1,4.0,9.6,8.5,39.6
2026-07-17 22:00:00,TKYO-012-2,TKYO-012,Band 41 (2500MHz),-90.8,-4.7,7.1,17.8,3.4,7.7
2026-07-17 22:00:00,TKYO-012-3,TKYO-012,Band 41 (2500MHz),-92.0,-7.8,7.7,0.0,2.4,24.9
2026-07-17 22:00:00,TKYO-013-1,TKYO-013,Band 1 (2100MHz),-82.0,-7.8,6.0,14.2,7.8,0.0
2026-07-17 22:00:00,TKYO-013-2,TKYO-013,Band 1 (2100MHz),-95.8,-12.2,-5.0,11.4,6.1,38.8
2026-07-17 22:00:00,TKYO-013-3,TKYO-013,Band 1 (2100MHz),-85.8,-6.5,13.9,12.1,3.6,1.0
2026-07-17 22:00:00,TKYO-014-1,TKYO-014,Band 41 (2500MHz),-86.9,-6.4,9.0,10.8,15.7,7.2
2026-07-17 22:00:00,TKYO-014-2,TKYO-014,Band 41 (2500MHz),-101.0,-9.5,-0.1,1.3,8.5,0.0
2026-07-17 22:00:00,TKYO-014-3,TKYO-014,Band 41 (2500MHz),-81.5,-8.8,9.4,8.3,18.7,45.0
2026-07-17 22:00:00,TKYO-015-1,TKYO-015,Band 1 (2100MHz),-78.5,-9.5,2.3,7.6,14.2,21.5
2026-07-17 22:00:00,TKYO-015-2,TKYO-015,Band 1 (2100MHz),-78.3,-9.4,10.6,8.6,15.7,14.8
2026-07-17 22:00:00,TKYO-015-3,TKYO-015,Band 1 (2100MHz),-77.5,-10.1,7.6,22.7,5.6,38.0
2026-07-17 22:00:00,TKYO-016-1,TKYO-016,Band 41 (2500MHz),-83.4,-8.1,-5.2,21.5,6.7,65.6
2026-07-17 22:00:00,TKYO-016-2,TKYO-016,Band 41 (2500MHz),-87.4,-7.9,5.2,0.0,0.0,0.0
2026-07-17 22:00:00,TKYO-016-3,TKYO-016,Band 41 (2500MHz),-86.3,-8.2,8.7,28.8,18.9,3.7
2026-07-17 23:00:00,TKYO-001-1,TKYO-001,Band 1 (2100MHz),-79.8,-8.1,6.0,2.9,15.8,0.0
2026-07-17 23:00:00,TKYO-001-2,TKYO-001,Band 1 (2100MHz),-88.6,-11.9,13.1,27.7,2.5,37.2
2026-07-17 23:00:00,TKYO-001-3,TKYO-001,Band 1 (2100MHz),-86.2,-9.1,15.9,0.0,9.9,11.9
2026-07-17 23:00:00,TKYO-002-1,TKYO-002,Band 41 (2500MHz),-80.1,-8.9,5.9,21.5,2.6,51.8
2026-07-17 23:00:00,TKYO-002-2,TKYO-002,Band 41 (2500MHz),-89.9,-8.8,5.8,16.0,12.9,0.0
2026-07-17 23:00:00,TKYO-002-3,TKYO-002,Band 41 (2500MHz),-83.0,-7.6,6.8,7.5,5.6,47.9
2026-07-17 23:00:00,TKYO-003-1,TKYO-003,Band 1 (2100MHz),-82.2,-7.4,2.0,7.9,0.0,2.4
2026-07-17 23:00:00,TKYO-003-2,TKYO-003,Band 1 (2100MHz),-88.6,-12.5,11.0,19.7,0.0,35.6
2026-07-17 23:00:00,TKYO-003-3,TKYO-003,Band 1 (2100MHz),-88.6,-10.0,4.5,4.2,11.7,42.7
2026-07-17 23:00:00,TKYO-004-1,TKYO-004,Band 41 (2500MHz),-84.6,-10.0,6.9,3.9,10.7,0.0
2026-07-17 23:00:00,TKYO-004-2,TKYO-004,Band 41 (2500MHz),-82.3,-9.3,2.7,0.0,0.0,0.0
2026-07-17 23:00:00,TKYO-004-3,TKYO-004,Band 41 (2500MHz),-80.8,-8.7,7.5,0.0,9.7,5.3
2026-07-17 23:00:00,TKYO-005-1,TKYO-005,Band 1 (2100MHz),-90.2,-10.6,9.3,29.5,3.4,17.3
2026-07-17 23:00:00,TKYO-005-2,TKYO-005,Band 1 (2100MHz),-80.2,-6.5,11.3,30.6,0.0,13.7
2026-07-17 23:00:00,TKYO-005-3,TKYO-005,Band 1 (2100MHz),-101.4,-15.2,2.6,17.5,2.0,33.2
2026-07-17 23:00:00,TKYO-006-1,TKYO-006,Band 41 (2500MHz),-85.6,-11.9,9.2,14.0,13.9,35.4
2026-07-17 23:00:00,TKYO-006-2,TKYO-006,Band 41 (2500MHz),-88.2,-7.2,17.1,0.0,3.7,70.8
2026-07-17 23:00:00,TKYO-006-3,TKYO-006,Band 41 (2500MHz),-88.4,-9.2,8.8,12.7,0.0,17.1
2026-07-17 23:00:00,TKYO-007-1,TKYO-007,Band 1 (2100MHz),-82.1,-9.1,9.3,23.2,0.0,29.0
2026-07-17 23:00:00,TKYO-007-2,TKYO-007,Band 1 (2100MHz),-80.7,-4.5,10.8,13.4,4.6,20.4
2026-07-17 23:00:00,TKYO-007-3,TKYO-007,Band 1 (2100MHz),-97.3,-8.6,-6.4,0.0,2.3,51.8
2026-07-17 23:00:00,TKYO-008-1,TKYO-008,Band 41 (2500MHz),-77.7,-11.5,3.1,30.1,0.0,16.8
2026-07-17 23:00:00,TKYO-008-2,TKYO-008,Band 41 (2500MHz),-84.3,-9.0,-4.1,22.7,4.4,10.3
2026-07-17 23:00:00,TKYO-008-3,TKYO-008,Band 41 (2500MHz),-82.0,-11.8,7.9,20.6,20.1,6.5
2026-07-17 23:00:00,TKYO-009-1,TKYO-009,Band 1 (2100MHz),-80.9,-6.3,7.6,0.0,3.6,0.0
2026-07-17 23:00:00,TKYO-009-2,TKYO-009,Band 1 (2100MHz),-76.6,-10.6,8.5,13.7,6.2,41.4
2026-07-17 23:00:00,TKYO-009-3,TKYO-009,Band 1 (2100MHz),-80.6,-8.6,6.4,24.2,2.7,49.5
2026-07-17 23:00:00,TKYO-010-1,TKYO-010,Band 41 (2500MHz),-87.3,-9.7,7.0,35.7,3.2,16.0
2026-07-17 23:00:00,TKYO-010-2,TKYO-010,Band 41 (2500MHz),-79.4,-6.7,15.3,32.0,6.2,45.5
2026-07-17 23:00:00,TKYO-010-3,TKYO-010,Band 41 (2500MHz),-88.0,-6.2,1.6,15.0,0.0,5.0
2026-07-17 23:00:00,TKYO-011-1,TKYO-011,Band 1 (2100MHz),-82.1,-5.7,7.0,0.0,0.0,9.5
2026-07-17 23:00:00,TKYO-011-2,TKYO-011,Band 1 (2100MHz),-84.5,-9.9,7.6,0.0,0.0,0.0
2026-07-17 23:00:00,TKYO-011-3,TKYO-011,Band 1 (2100MHz),-82.4,-8.5,16.0,10.9,7.5,27.7
2026-07-17 23:00:00,TKYO-012-1,TKYO-012,Band 41 (2500MHz),-87.9,-10.8,3.0,19.1,4.9,1.1
2026-07-17 23:00:00,TKYO-012-2,TKYO-012,Band 41 (2500MHz),-84.1,-10.0,8.0,0.5,16.0,27.6
2026-07-17 23:00:00,TKYO-012-3,TKYO-012,Band 41 (2500MHz),-75.0,-9.5,12.0,16.8,0.0,0.0
2026-07-17 23:00:00,TKYO-013-1,TKYO-013,Band 1 (2100MHz),-86.4,-8.6,10.0,1.2,1.3,35.6
2026-07-17 23:00:00,TKYO-013-2,TKYO-013,Band 1 (2100MHz),-94.7,-12.3,-2.3,17.8,17.6,0.0
2026-07-17 23:00:00,TKYO-013-3,TKYO-013,Band 1 (2100MHz),-85.4,-8.8,16.6,26.3,11.4,57.6
2026-07-17 23:00:00,TKYO-014-1,TKYO-014,Band 41 (2500MHz),-85.4,-11.1,4.8,4.2,8.2,0.0
2026-07-17 23:00:00,TKYO-014-2,TKYO-014,Band 41 (2500MHz),-95.2,-14.0,-7.8,13.0,1.1,59.5
2026-07-17 23:00:00,TKYO-014-3,TKYO-014,Band 41 (2500MHz),-78.0,-8.6,5.8,11.0,4.2,31.1
2026-07-17 23:00:00,TKYO-015-1,TKYO-015,Band 1 (2100MHz),-74.0,-9.4,6.9,11.3,2.9,25.8
2026-07-17 23:00:00,TKYO-015-2,TKYO-015,Band 1 (2100MHz),-83.2,-7.8,13.6,0.0,26.6,32.5
2026-07-17 23:00:00,TKYO-015-3,TKYO-015,Band 1 (2100MHz),-89.5,-7.6,12.6,11.4,19.5,0.0
2026-07-17 23:00:00,TKYO-016-1,TKYO-016,Band 41 (2500MHz),-79.7,-6.7,13.3,38.2,0.0,17.5
2026-07-17 23:00:00,TKYO-016-2,TKYO-016,Band 41 (2500MHz),-82.1,-8.8,1.1,11.9,3.8,57.9
2026-07-17 23:00:00,TKYO-016-3,TKYO-016,Band 41 (2500MHz),-81.4,-9.2,7.7,31.6,0.0,17.4
2026-07-18 00:00:00,TKYO-001-1,TKYO-001,Band 1 (2100MHz),-87.0,-10.4,13.3,12.5,22.5,36.1
2026-07-18 00:00:00,TKYO-001-2,TKYO-001,Band 1 (2100MHz),-81.7,-8.1,14.2,3.0,0.0,31.3
2026-07-18 00:00:00,TKYO-001-3,TKYO-001,Band 1 (2100MHz),-78.7,-7.9,5.7,0.0,0.0,33.3
2026-07-18 00:00:00,TKYO-002-1,TKYO-002,Band 41 (2500MHz),-96.5,-8.3,5.7,11.0,21.4,2.9
2026-07-18 00:00:00,TKYO-002-2,TKYO-002,Band 41 (2500MHz),-85.4,-8.1,18.2,20.0,8.4,29.3
2026-07-18 00:00:00,TKYO-002-3,TKYO-002,Band 41 (2500MHz),-83.4,-8.6,-0.6,20.4,9.3,6.0
2026-07-18 00:00:00,TKYO-003-1,TKYO-003,Band 1 (2100MHz),-87.5,-13.1,8.7,3.8,0.0,0.0
2026-07-18 00:00:00,TKYO-003-2,TKYO-003,Band 1 (2100MHz),-100.7,-11.0,5.3,24.4,11.6,43.4
2026-07-18 00:00:00,TKYO-003-3,TKYO-003,Band 1 (2100MHz),-83.2,-11.3,12.5,13.3,8.3,15.3
2026-07-18 00:00:00,TKYO-004-1,TKYO-004,Band 41 (2500MHz),-82.5,-6.1,-0.1,8.5,0.0,55.7
2026-07-18 00:00:00,TKYO-004-2,TKYO-004,Band 41 (2500MHz),-83.0,-7.3,8.2,13.2,9.8,4.3
2026-07-18 00:00:00,TKYO-004-3,TKYO-004,Band 41 (2500MHz),-84.3,-7.4,10.6,3.1,0.6,0.0
2026-07-18 00:00:00,TKYO-005-1,TKYO-005,Band 1 (2100MHz),-81.9,-11.3,13.5,13.0,0.0,0.0
2026-07-18 00:00:00,TKYO-005-2,TKYO-005,Band 1 (2100MHz),-82.6,-7.2,8.8,19.4,1.1,40.0
2026-07-18 00:00:00,TKYO-005-3,TKYO-005,Band 1 (2100MHz),-99.9,-12.5,-6.4,17.1,8.9,0.0
2026-07-18 00:00:00,TKYO-006-1,TKYO-006,Band 41 (2500MHz),-77.5,-12.4,12.2,3.7,4.6,11.0
2026-07-18 00:00:00,TKYO-006-2,TKYO-006,Band 41 (2500MHz),-88.8,-10.7,-0.2,16.9,8.0,12.1
2026-07-18 00:00:00,TKYO-006-3,TKYO-006,Band 41 (2500MHz),-80.8,-9.8,-0.2,0.0,8.8,45.4
2026-07-18 00:00:00,TKYO-007-1,TKYO-007,Band 1 (2100MHz),-84.3,-7.6,10.6,17.3,13.1,0.0
2026-07-18 00:00:00,TKYO-007-2,TKYO-007,Band 1 (2100MHz),-78.7,-7.9,6.0,0.0,7.9,55.2
2026-07-18 00:00:00,TKYO-007-3,TKYO-007,Band 1 (2100MHz),-100.7,-12.1,4.2,23.2,12.8,29.0
2026-07-18 00:00:00,TKYO-008-1,TKYO-008,Band 41 (2500MHz),-87.8,-7.9,14.1,0.0,7.7,2.3
2026-07-18 00:00:00,TKYO-008-2,TKYO-008,Band 41 (2500MHz),-81.9,-11.0,4.0,0.0,5.2,0.0
2026-07-18 00:00:00,TKYO-008-3,TKYO-008,Band 41 (2500MHz),-85.7,-10.8,7.1,31.7,12.6,0.0
2026-07-18 00:00:00,TKYO-009-1,TKYO-009,Band 1 (2100MHz),-89.8,-7.0,13.6,7.0,0.7,21.3
2026-07-18 00:00:00,TKYO-009-2,TKYO-009,Band 1 (2100MHz),-86.5,-12.5,6.8,0.0,0.0,32.5
2026-07-18 00:00:00,TKYO-009-3,TKYO-009,Band 1 (2100MHz),-81.7,-8.2,11.9,23.0,8.8,18.6
2026-07-18 00:00:00,TKYO-010-1,TKYO-010,Band 41 (2500MHz),-82.7,-6.3,12.4,34.7,3.8,0.0
2026-07-18 00:00:00,TKYO-010-2,TKYO-010,Band 41 (2500MHz),-78.3,-8.5,3.7,20.5,10.5,0.0
2026-07-18 00:00:00,TKYO-010-3,TKYO-010,Band 41 (2500MHz),-83.6,-6.1,8.4,0.0,1.3,36.7
2026-07-18 00:00:00,TKYO-011-1,TKYO-011,Band 1 (2100MHz),-85.4,-7.4,12.7,4.8,0.8,0.5
2026-07-18 00:00:00,TKYO-011-2,TKYO-011,Band 1 (2100MHz),-82.8,-8.7,7.0,9.8,0.0,35.2
2026-07-18 00:00:00,TKYO-011-3,TKYO-011,Band 1 (2100MHz),-80.5,-9.0,11.2,3.2,0.0,19.0
2026-07-18 00:00:00,TKYO-012-1,TKYO-012,Band 41 (2500MHz),-82.1,-7.7,2.3,0.0,0.0,23.9
2026-07-18 00:00:00,TKYO-012-2,TKYO-012,Band 41 (2500MHz),-91.1,-8.3,4.4,11.5,12.1,13.8
2026-07-18 00:00:00,TKYO-012-3,TKYO-012,Band 41 (2500MHz),-90.8,-12.2,12.4,0.0,7.6,42.9
2026-07-18 00:00:00,TKYO-013-1,TKYO-013,Band 1 (2100MHz),-83.8,-8.9,2.8,35.4,0.0,8.4
2026-07-18 00:00:00,TKYO-013-2,TKYO-013,Band 1 (2100MHz),-98.5,-12.7,0.1,26.4,17.0,21.0
2026-07-18 00:00:00,TKYO-013-3,TKYO-013,Band 1 (2100MHz),-85.8,-4.4,0.5,15.0,3.8,0.0
2026-07-18 00:00:00,TKYO-014-1,TKYO-014,Band 41 (2500MHz),-82.2,-10.8,7.1,4.1,31.9,0.0
2026-07-18 00:00:00,TKYO-014-2,TKYO-014,Band 41 (2500MHz),-98.2,-10.9,-5.7,0.0,7.1,7.2
2026-07-18 00:00:00,TKYO-014-3,TKYO-014,Band 41 (2500MHz),-92.8,-9.8,1.0,0.0,9.8,2.1
2026-07-18 00:00:00,TKYO-015-1,TKYO-015,Band 1 (2100MHz),-85.2,-9.4,4.3,26.9,0.0,5.3
2026-07-18 00:00:00,TKYO-015-2,TKYO-015,Band 1 (2100MHz),-84.8,-12.0,4.7,8.3,0.0,3.1
2026-07-18 00:00:00,TKYO-015-3,TKYO-015,Band 1 (2100MHz),-89.5,-6.4,2.4,11.9,13.2,7.5
2026-07-18 00:00:00,TKYO-016-1,TKYO-016,Band 41 (2500MHz),-84.1,-9.4,4.4,31.8,7.3,9.8
2026-07-18 00:00:00,TKYO-016-2,TKYO-016,Band 41 (2500MHz),-79.4,-7.1,4.7,0.0,12.1,39.0
2026-07-18 00:00:00,TKYO-016-3,TKYO-016,Band 41 (2500MHz),-78.6,-5.7,8.9,7.0,6.7,43.2
2026-07-18 01:00:00,TKYO-001-1,TKYO-001,Band 1 (2100MHz),-86.3,-7.3,16.3,15.9,8.0,34.8
2026-07-18 01:00:00,TKYO-001-2,TKYO-001,Band 1 (2100MHz),-85.3,-11.1,10.5,0.6,8.9,0.0
2026-07-18 01:00:00,TKYO-001-3,TKYO-001,Band 1 (2100MHz),-87.8,-9.9,10.2,0.2,5.8,33.6
2026-07-18 01:00:00,TKYO-002-1,TKYO-002,Band 41 (2500MHz),-80.1,-6.2,5.9,29.2,5.4,21.2
2026-07-18 01:00:00,TKYO-002-2,TKYO-002,Band 41 (2500MHz),-81.0,-6.8,0.4,0.0,7.9,0.0
2026-07-18 01:00:00,TKYO-002-3,TKYO-002,Band 41 (2500MHz),-83.1,-8.7,5.0,16.6,13.8,16.9
2026-07-18 01:00:00,TKYO-003-1,TKYO-003,Band 1 (2100MHz),-78.5,-9.0,12.1,18.7,8.4,0.0
2026-07-18 01:00:00,TKYO-003-2,TKYO-003,Band 1 (2100MHz),-100.8,-10.4,-1.9,19.7,5.3,16.2
2026-07-18 01:00:00,TKYO-003-3,TKYO-003,Band 1 (2100MHz),-77.9,-6.2,10.7,5.7,17.5,64.3
2026-07-18 01:00:00,TKYO-004-1,TKYO-004,Band 41 (2500MHz),-87.9,-9.5,0.5,7.4,6.7,54.3
2026-07-18 01:00:00,TKYO-004-2,TKYO-004,Band 41 (2500MHz),-76.2,-6.9,6.2,5.9,23.6,10.3
2026-07-18 01:00:00,TKYO-004-3,TKYO-004,Band 41 (2500MHz),-86.0,-9.5,6.6,0.0,15.8,41.4
2026-07-18 01:00:00,TKYO-005-1,TKYO-005,Band 1 (2100MHz),-84.2,-7.1,11.8,3.3,5.7,32.0
2026-07-18 01:00:00,TKYO-005-2,TKYO-005,Band 1 (2100MHz),-83.3,-8.1,12.2,0.0,0.0,29.3
2026-07-18 01:00:00,TKYO-005-3,TKYO-005,Band 1 (2100MHz),-100.7,-13.1,-6.7,0.0,0.0,26.5
2026-07-18 01:00:00,TKYO-006-1,TKYO-006,Band 41 (2500MHz),-87.1,-6.6,-5.7,0.0,4.8,3.2
2026-07-18 01:00:00,TKYO-006-2,TKYO-006,Band 41 (2500MHz),-80.9,-9.8,2.4,22.9,11.6,49.3
2026-07-18 01:00:00,TKYO-006-3,TKYO-006,Band 41 (2500MHz),-82.1,-13.0,8.3,0.0,24.3,44.6
2026-07-18 01:00:00,TKYO-007-1,TKYO-007,Band 1 (2100MHz),-86.6,-11.9,8.6,19.3,0.0,21.2
2026-07-18 01:00:00,TKYO-007-2,TKYO-007,Band 1 (2100MHz),-81.5,-9.0,4.0,15.6,8.7,27.8
2026-07-18 01:00:00,TKYO-007-3,TKYO-007,Band 1 (2100MHz),-99.4,-11.3,-4.1,17.8,0.0,14.9
2026-07-18 01:00:00,TKYO-008-1,TKYO-008,Band 41 (2500MHz),-85.6,-6.0,8.6,4.2,11.7,53.5
2026-07-18 01:00:00,TKYO-008-2,TKYO-008,Band 41 (2500MHz),-84.7,-6.0,14.2,15.4,0.0,8.1
2026-07-18 01:00:00,TKYO-008-3,TKYO-008,Band 41 (2500MHz),-77.3,-8.8,4.5,9.7,23.1,39.0
2026-07-18 01:00:00,TKYO-009-1,TKYO-009,Band 1 (2100MHz),-76.9,-8.7,9.5,34.2,14.6,0.0
2026-07-18 01:00:00,TKYO-009-2,TKYO-009,Band 1 (2100MHz),-90.1,-8.8,9.7,11.9,3.2,61.5
2026-07-18 01:00:00,TKYO-009-3,TKYO-009,Band 1 (2100MHz),-81.0,-5.2,12.7,8.3,7.9,35.1
2026-07-18 01:00:00,TKYO-010-1,TKYO-010,Band 41 (2500MHz),-83.1,-6.3,13.2,0.0,9.8,11.1
2026-07-18 01:00:00,TKYO-010-2,TKYO-010,Band 41 (2500MHz),-83.8,-7.3,4.0,17.6,10.9,0.0
2026-07-18 01:00:00,TKYO-010-3,TKYO-010,Band 41 (2500MHz),-87.4,-6.5,4.5,1.9,0.0,0.0
2026-07-18 01:00:00,TKYO-011-1,TKYO-011,Band 1 (2100MHz),-84.7,-7.1,12.3,18.2,5.1,37.2
2026-07-18 01:00:00,TKYO-011-2,TKYO-011,Band 1 (2100MHz),-91.2,-10.2,13.0,0.0,0.0,37.8
2026-07-18 01:00:00,TKYO-011-3,TKYO-011,Band 1 (2100MHz),-88.0,-5.9,8.9,11.2,4.5,0.0
2026-07-18 01:00:00,TKYO-012-1,TKYO-012,Band 41 (2500MHz),-82.2,-8.2,10.8,4.6,17.3,9.7
2026-07-18 01:00:00,TKYO-012-2,TKYO-012,Band 41 (2500MHz),-81.3,-6.2,13.7,19.8,0.0,9.2
2026-07-18 01:00:00,TKYO-012-3,TKYO-012,Band 41 (2500MHz),-85.1,-6.9,14.0,17.1,9.3,0.0
2026-07-18 01:00:00,TKYO-013-1,TKYO-013,Band 1 (2100MHz),-79.4,-8.1,11.2,4.8,15.3,0.0
2026-07-18 01:00:00,TKYO-013-2,TKYO-013,Band 1 (2100MHz),-97.0,-8.2,-0.4,14.9,11.9,54.4
2026-07-18 01:00:00,TKYO-013-3,TKYO-013,Band 1 (2100MHz),-89.7,-7.6,15.4,7.6,7.0,42.5
2026-07-18 01:00:00,TKYO-014-1,TKYO-014,Band 41 (2500MHz),-78.4,-8.7,10.1,21.5,24.9,46.4
2026-07-18 01:00:00,TKYO-014-2,TKYO-014,Band 41 (2500MHz),-99.1,-9.5,-5.9,10.7,0.0,28.1
2026-07-18 01:00:00,TKYO-014-3,TKYO-014,Band 41 (2500MHz),-85.8,-9.0,5.7,17.2,3.9,53.9
2026-07-18 01:00:00,TKYO-015-1,TKYO-015,Band 1 (2100MHz),-85.3,-7.3,4.2,13.6,0.0,1.4
2026-07-18 01:00:00,TKYO-015-2,TKYO-015,Band 1 (2100MHz),-87.3,-7.3,7.2,13.1,12.7,35.8
2026-07-18 01:00:00,TKYO-015-3,TKYO-015,Band 1 (2100MHz),-81.6,-11.0,13.6,6.2,5.6,17.8
2026-07-18 01:00:00,TKYO-016-1,TKYO-016,Band 41 (2500MHz),-78.0,-9.3,7.3,13.6,12.9,4.2
2026-07-18 01:00:00,TKYO-016-2,TKYO-016,Band 41 (2500MHz),-83.4,-4.2,5.5,0.0,4.6,29.0
2026-07-18 01:00:00,TKYO-016-3,TKYO-016,Band 41 (2500MHz),-88.3,-7.1,8.6,14.6,7.5,3.3
2026-07-18 02:00:00,TKYO-001-1,TKYO-001,Band 1 (2100MHz),-88.3,-5.8,1.4,0.0,0.0,5.5
2026-07-18 02:00:00,TKYO-001-2,TKYO-001,Band 1 (2100MHz),-87.3,-9.2,11.0,8.6,10.1,0.0
2026-07-18 02:00:00,TKYO-001-3,TKYO-001,Band 1 (2100MHz),-85.3,-7.9,11.1,7.4,7.8,24.3
2026-07-18 02:00:00,TKYO-002-1,TKYO-002,Band 41 (2500MHz),-86.0,-7.1,7.8,12.9,0.0,0.0
2026-07-18 02:00:00,TKYO-002-2,TKYO-002,Band 41 (2500MHz),-79.6,-8.6,1.0,3.7,0.0,0.0
2026-07-18 02:00:00,TKYO-002-3,TKYO-002,Band 41 (2500MHz),-88.8,-7.1,3.8,0.0,5.3,0.0
2026-07-18 02:00:00,TKYO-003-1,TKYO-003,Band 1 (2100MHz),-84.0,-6.6,15.3,0.0,1.0,28.7
2026-07-18 02:00:00,TKYO-003-2,TKYO-003,Band 1 (2100MHz),-97.9,-10.0,15.2,8.8,0.0,40.8
2026-07-18 02:00:00,TKYO-003-3,TKYO-003,Band 1 (2100MHz),-81.7,-9.0,12.5,1.4,0.0,11.4
2026-07-18 02:00:00,TKYO-004-1,TKYO-004,Band 41 (2500MHz),-80.6,-7.9,4.9,7.6,17.1,0.0
2026-07-18 02:00:00,TKYO-004-2,TKYO-004,Band 41 (2500MHz),-78.3,-10.8,4.1,18.1,17.2,27.3
2026-07-18 02:00:00,TKYO-004-3,TKYO-004,Band 41 (2500MHz),-83.9,-8.1,10.1,7.2,7.2,15.9
2026-07-18 02:00:00,TKYO-005-1,TKYO-005,Band 1 (2100MHz),-86.0,-8.3,5.6,32.5,11.4,15.0
2026-07-18 02:00:00,TKYO-005-2,TKYO-005,Band 1 (2100MHz),-81.0,-8.9,17.7,6.1,12.8,47.3
2026-07-18 02:00:00,TKYO-005-3,TKYO-005,Band 1 (2100MHz),-101.1,-9.3,6.0,21.0,7.5,17.5
2026-07-18 02:00:00,TKYO-006-1,TKYO-006,Band 41 (2500MHz),-80.2,-12.1,-0.9,19.0,0.2,0.0
2026-07-18 02:00:00,TKYO-006-2,TKYO-006,Band 41 (2500MHz),-78.9,-7.6,13.7,22.8,0.0,1.6
2026-07-18 02:00:00,TKYO-006-3,TKYO-006,Band 41 (2500MHz),-82.4,-9.2,14.6,10.1,23.4,27.4
2026-07-18 02:00:00,TKYO-007-1,TKYO-007,Band 1 (2100MHz),-89.4,-6.9,10.1,12.4,9.1,10.8
2026-07-18 02:00:00,TKYO-007-2,TKYO-007,Band 1 (2100MHz),-90.2,-11.3,1.4,0.0,11.4,28.7
2026-07-18 02:00:00,TKYO-007-3,TKYO-007,Band 1 (2100MHz),-98.2,-13.2,-7.3,4.5,9.0,0.0
2026-07-18 02:00:00,TKYO-008-1,TKYO-008,Band 41 (2500MHz),-80.6,-10.6,7.0,24.6,7.1,7.3
2026-07-18 02:00:00,TKYO-008-2,TKYO-008,Band 41 (2500MHz),-84.3,-8.9,7.4,8.8,10.6,16.0
2026-07-18 02:00:00,TKYO-008-3,TKYO-008,Band 41 (2500MHz),-82.6,-8.7,6.9,5.3,1.8,29.3
2026-07-18 02:00:00,TKYO-009-1,TKYO-009,Band 1 (2100MHz),-74.2,-6.1,12.0,0.8,17.3,40.1
2026-07-18 02:00:00,TKYO-009-2,TKYO-009,Band 1 (2100MHz),-87.6,-9.6,5.7,21.3,12.1,29.4
2026-07-18 02:00:00,TKYO-009-3,TKYO-009,Band 1 (2100MHz),-88.9,-8.2,11.3,2.7,2.7,1.7
2026-07-18 02:00:00,TKYO-010-1,TKYO-010,Band 41 (2500MHz),-89.1,-9.7,7.1,0.0,0.0,9.1
2026-07-18 02:00:00,TKYO-010-2,TKYO-010,Band 41 (2500MHz),-84.1,-9.7,12.0,0.0,12.2,16.4
2026-07-18 02:00:00,TKYO-010-3,TKYO-010,Band 41 (2500MHz),-87.7,-10.8,2.2,19.3,0.9,54.8
2026-07-18 02:00:00,TKYO-011-1,TKYO-011,Band 1 (2100MHz),-88.0,-7.6,10.2,6.4,16.5,36.8
2026-07-18 02:00:00,TKYO-011-2,TKYO-011,Band 1 (2100MHz),-85.0,-8.0,10.9,20.4,0.0,13.0
2026-07-18 02:00:00,TKYO-011-3,TKYO-011,Band 1 (2100MHz),-89.2,-6.1,5.2,5.9,0.0,8.9
2026-07-18 02:00:00,TKYO-012-1,TKYO-012,Band 41 (2500MHz),-83.3,-6.4,1.6,5.9,0.0,3.4
2026-07-18 02:00:00,TKYO-012-2,TKYO-012,Band 41 (2500MHz),-72.2,-9.9,4.7,0.0,31.4,12.3
2026-07-18 02:00:00,TKYO-012-3,TKYO-012,Band 41 (2500MHz),-82.2,-7.5,0.7,13.1,15.0,22.4
2026-07-18 02:00:00,TKYO-013-1,TKYO-013,Band 1 (2100MHz),-89.0,-10.7,14.4,0.0,7.7,55.9
2026-07-18 02:00:00,TKYO-013-2,TKYO-013,Band 1 (2100MHz),-96.7,-13.5,4.1,11.6,0.0,29.4
2026-07-18 02:00:00,TKYO-013-3,TKYO-013,Band 1 (2100MHz),-85.3,-6.9,5.7,9.1,6.5,0.0
2026-07-18 02:00:00,TKYO-014-1,TKYO-014,Band 41 (2500MHz),-85.6,-6.9,1.6,8.9,7.6,0.0
2026-07-18 02:00:00,TKYO-014-2,TKYO-014,Band 41 (2500MHz),-94.9,-12.5,4.2,24.7,0.6,0.0
2026-07-18 02:00:00,TKYO-014-3,TKYO-014,Band 41 (2500MHz),-81.1,-7.4,10.8,19.2,9.6,11.7
2026-07-18 02:00:00,TKYO-015-1,TKYO-015,Band 1 (2100MHz),-84.6,-9.2,6.1,1.7,0.0,12.3
2026-07-18 02:00:00,TKYO-015-2,TKYO-015,Band 1 (2100MHz),-94.7,-9.9,3.7,14.2,13.4,28.4
2026-07-18 02:00:00,TKYO-015-3,TKYO-015,Band 1 (2100MHz),-84.0,-8.5,7.0,0.0,8.9,34.8
2026-07-18 02:00:00,TKYO-016-1,TKYO-016,Band 41 (2500MHz),-85.2,-3.0,6.6,3.9,11.4,4.2
2026-07-18 02:00:00,TKYO-016-2,TKYO-016,Band 41 (2500MHz),-74.3,-6.8,1.4,1.9,0.0,25.4
2026-07-18 02:00:00,TKYO-016-3,TKYO-016,Band 41 (2500MHz),-84.9,-11.2,5.4,18.1,0.0,0.0
2026-07-18 03:00:00,TKYO-001-1,TKYO-001,Band 1 (2100MHz),-87.9,-6.4,1.8,9.6,1.1,0.0
2026-07-18 03:00:00,TKYO-001-2,TKYO-001,Band 1 (2100MHz),-86.1,-9.6,14.1,14.3,16.4,11.3
2026-07-18 03:00:00,TKYO-001-3,TKYO-001,Band 1 (2100MHz),-79.6,-7.8,12.7,6.6,13.7,13.2
2026-07-18 03:00:00,TKYO-002-1,TKYO-002,Band 41 (2500MHz),-87.4,-8.4,8.3,0.0,11.2,37.7
2026-07-18 03:00:00,TKYO-002-2,TKYO-002,Band 41 (2500MHz),-83.5,-10.6,1.7,6.3,0.0,6.6
2026-07-18 03:00:00,TKYO-002-3,TKYO-002,Band 41 (2500MHz),-83.0,-8.4,2.2,28.4,10.8,55.7
2026-07-18 03:00:00,TKYO-003-1,TKYO-003,Band 1 (2100MHz),-86.0,-8.4,3.9,28.0,31.4,3.0
2026-07-18 03:00:00,TKYO-003-2,TKYO-003,Band 1 (2100MHz),-97.8,-10.0,4.5,23.8,7.5,32.0
2026-07-18 03:00:00,TKYO-003-3,TKYO-003,Band 1 (2100MHz),-80.1,-10.6,9.1,0.0,13.3,17.9
2026-07-18 03:00:00,TKYO-004-1,TKYO-004,Band 41 (2500MHz),-85.5,-8.4,9.4,12.5,5.0,41.7
2026-07-18 03:00:00,TKYO-004-2,TKYO-004,Band 41 (2500MHz),-89.1,-11.5,3.8,22.1,0.0,4.6
2026-07-18 03:00:00,TKYO-004-3,TKYO-004,Band 41 (2500MHz),-85.0,-11.3,12.3,9.1,8.5,36.4
2026-07-18 03:00:00,TKYO-005-1,TKYO-005,Band 1 (2100MHz),-87.1,-6.3,9.5,18.6,14.5,0.0
2026-07-18 03:00:00,TKYO-005-2,TKYO-005,Band 1 (2100MHz),-82.6,-6.7,9.8,40.7,5.2,13.5
2026-07-18 03:00:00,TKYO-005-3,TKYO-005,Band 1 (2100MHz),-103.6,-11.6,-1.3,17.0,0.0,0.0
2026-07-18 03:00:00,TKYO-006-1,TKYO-006,Band 41 (2500MHz),-85.2,-7.1,8.0,0.0,13.7,24.2
2026-07-18 03:00:00,TKYO-006-2,TKYO-006,Band 41 (2500MHz),-74.2,-10.0,10.6,0.0,16.1,62.8
2026-07-18 03:00:00,TKYO-006-3,TKYO-006,Band 41 (2500MHz),-82.4,-8.4,6.3,2.3,3.0,4.4
2026-07-18 03:00:00,TKYO-007-1,TKYO-007,Band 1 (2100MHz),-85.8,-9.6,9.3,37.9,2.2,21.1
2026-07-18 03:00:00,TKYO-007-2,TKYO-007,Band 1 (2100MHz),-93.1,-10.6,18.4,30.2,11.1,83.8
2026-07-18 03:00:00,TKYO-007-3,TKYO-007,Band 1 (2100MHz),-94.9,-9.6,3.5,17.2,0.0,49.2
2026-07-18 03:00:00,TKYO-008-1,TKYO-008,Band 41 (2500MHz),-75.3,-9.5,13.0,13.8,0.0,79.3
2026-07-18 03:00:00,TKYO-008-2,TKYO-008,Band 41 (2500MHz),-88.1,-7.8,9.3,9.9,5.1,17.3
2026-07-18 03:00:00,TKYO-008-3,TKYO-008,Band 41 (2500MHz),-85.0,-7.2,15.8,18.9,3.4,2.4
2026-07-18 03:00:00,TKYO-009-1,TKYO-009,Band 1 (2100MHz),-85.9,-6.3,7.7,0.6,0.0,21.5
2026-07-18 03:00:00,TKYO-009-2,TKYO-009,Band 1 (2100MHz),-84.9,-8.2,-3.3,34.1,0.0,0.0
2026-07-18 03:00:00,TKYO-009-3,TKYO-009,Band 1 (2100MHz),-80.9,-8.0,10.9,9.6,0.0,1.9
2026-07-18 03:00:00,TKYO-010-1,TKYO-010,Band 41 (2500MHz),-82.3,-10.4,10.7,10.8,12.9,10.4
2026-07-18 03:00:00,TKYO-010-2,TKYO-010,Band 41 (2500MHz),-82.4,-9.6,9.0,19.6,0.5,0.0
2026-07-18 03:00:00,TKYO-010-3,TKYO-010,Band 41 (2500MHz),-81.8,-7.5,9.5,0.0,0.0,5.9
2026-07-18 03:00:00,TKYO-011-1,TKYO-011,Band 1 (2100MHz),-75.7,-9.3,7.7,32.8,20.5,2.7
2026-07-18 03:00:00,TKYO-011-2,TKYO-011,Band 1 (2100MHz),-86.6,-8.3,8.9,13.6,6.3,1.8
2026-07-18 03:00:00,TKYO-011-3,TKYO-011,Band 1 (2100MHz),-79.8,-11.2,11.5,1.1,4.9,36.6
2026-07-18 03:00:00,TKYO-012-1,TKYO-012,Band 41 (2500MHz),-85.1,-7.7,8.5,8.3,16.7,16.6
2026-07-18 03:00:00,TKYO-012-2,TKYO-012,Band 41 (2500MHz),-88.5,-11.8,14.2,0.0,5.4,45.5
2026-07-18 03:00:00,TKYO-012-3,TKYO-012,Band 41 (2500MHz),-87.0,-4.9,7.2,4.2,0.0,0.9
2026-07-18 03:00:00,TKYO-013-1,TKYO-013,Band 1 (2100MHz),-83.3,-8.2,2.2,3.6,9.9,0.0
2026-07-18 03:00:00,TKYO-013-2,TKYO-013,Band 1 (2100MHz),-99.9,-10.1,-1.3,11.0,2.7,20.8
2026-07-18 03:00:00,TKYO-013-3,TKYO-013,Band 1 (2100MHz),-84.7,-8.5,12.8,4.3,17.2,19.1
2026-07-18 03:00:00,TKYO-014-1,TKYO-014,Band 41 (2500MHz),-84.3,-7.3,6.5,22.0,0.3,0.0
2026-07-18 03:00:00,TKYO-014-2,TKYO-014,Band 41 (2500MHz),-95.9,-11.1,-5.8,0.0,15.7,6.0
2026-07-18 03:00:00,TKYO-014-3,TKYO-014,Band 41 (2500MHz),-88.2,-4.8,-0.9,13.4,4.9,40.8
2026-07-18 03:00:00,TKYO-015-1,TKYO-015,Band 1 (2100MHz),-82.1,-6.2,11.1,20.7,8.3,22.8
2026-07-18 03:00:00,TKYO-015-2,TKYO-015,Band 1 (2100MHz),-86.2,-7.9,10.3,3.9,0.9,0.0
2026-07-18 03:00:00,TKYO-015-3,TKYO-015,Band 1 (2100MHz),-81.2,-9.0,10.7,26.5,14.4,0.0
2026-07-18 03:00:00,TKYO-016-1,TKYO-016,Band 41 (2500MHz),-72.5,-5.6,19.8,6.9,13.4,0.0
2026-07-18 03:00:00,TKYO-016-2,TKYO-016,Band 41 (2500MHz),-84.4,-8.4,5.7,0.0,9.9,46.9
2026-07-18 03:00:00,TKYO-016-3,TKYO-016,Band 41 (2500MHz),-86.8,-7.1,4.7,0.0,17.6,43.4
2026-07-18 04:00:00,TKYO-001-1,TKYO-001,Band 1 (2100MHz),-81.7,-7.6,5.1,20.8,15.4,22.7
2026-07-18 04:00:00,TKYO-001-2,TKYO-001,Band 1 (2100MHz),-81.4,-10.4,4.8,26.2,15.4,43.4
2026-07-18 04:00:00,TKYO-001-3,TKYO-001,Band 1 (2100MHz),-80.0,-8.1,10.8,23.0,8.7,56.5
2026-07-18 04:00:00,TKYO-002-1,TKYO-002,Band 41 (2500MHz),-84.6,-6.9,4.2,10.1,0.0,0.9
2026-07-18 04:00:00,TKYO-002-2,TKYO-002,Band 41 (2500MHz),-83.1,-10.1,8.5,0.0,2.8,32.6
2026-07-18 04:00:00,TKYO-002-3,TKYO-002,Band 41 (2500MHz),-90.3,-5.5,-3.0,11.7,6.3,65.0
2026-07-18 04:00:00,TKYO-003-1,TKYO-003,Band 1 (2100MHz),-76.5,-8.3,9.9,27.8,15.8,29.3
2026-07-18 04:00:00,TKYO-003-2,TKYO-003,Band 1 (2100MHz),-99.2,-8.4,-2.4,5.8,29.9,8.1
2026-07-18 04:00:00,TKYO-003-3,TKYO-003,Band 1 (2100MHz),-84.6,-10.3,9.2,33.6,4.7,10.6
2026-07-18 04:00:00,TKYO-004-1,TKYO-004,Band 41 (2500MHz),-85.6,-9.9,15.6,2.6,0.0,0.0
2026-07-18 04:00:00,TKYO-004-2,TKYO-004,Band 41 (2500MHz),-82.0,-3.7,-2.4,20.2,0.0,31.9
2026-07-18 04:00:00,TKYO-004-3,TKYO-004,Band 41 (2500MHz),-81.7,-6.7,3.3,33.7,6.6,40.2
2026-07-18 04:00:00,TKYO-005-1,TKYO-005,Band 1 (2100MHz),-84.9,-7.4,3.8,0.0,18.6,33.3
2026-07-18 04:00:00,TKYO-005-2,TKYO-005,Band 1 (2100MHz),-86.5,-8.5,2.9,16.0,4.6,32.3
2026-07-18 04:00:00,TKYO-005-3,TKYO-005,Band 1 (2100MHz),-95.6,-13.3,2.3,22.2,18.1,42.7
2026-07-18 04:00:00,TKYO-006-1,TKYO-006,Band 41 (2500MHz),-83.5,-9.7,7.4,14.7,0.0,51.2
2026-07-18 04:00:00,TKYO-006-2,TKYO-006,Band 41 (2500MHz),-84.4,-9.9,9.5,6.2,9.5,23.9
2026-07-18 04:00:00,TKYO-006-3,TKYO-006,Band 41 (2500MHz),-85.1,-11.6,4.3,0.9,22.6,38.2
2026-07-18 04:00:00,TKYO-007-1,TKYO-007,Band 1 (2100MHz),-91.6,-7.7,13.0,0.0,8.1,0.0
2026-07-18 04:00:00,TKYO-007-2,TKYO-007,Band 1 (2100MHz),-76.2,-8.3,10.8,37.7,6.2,0.0
2026-07-18 04:00:00,TKYO-007-3,TKYO-007,Band 1 (2100MHz),-94.2,-13.3,0.8,13.7,4.0,52.0
2026-07-18 04:00:00,TKYO-008-1,TKYO-008,Band 41 (2500MHz),-85.4,-9.4,9.8,25.6,9.4,25.1
2026-07-18 04:00:00,TKYO-008-2,TKYO-008,Band 41 (2500MHz),-83.8,-12.3,12.3,15.9,9.7,17.8
2026-07-18 04:00:00,TKYO-008-3,TKYO-008,Band 41 (2500MHz),-90.9,-9.2,14.2,30.5,3.5,61.8
2026-07-18 04:00:00,TKYO-009-1,TKYO-009,Band 1 (2100MHz),-77.7,-8.7,-2.1,11.3,0.0,58.5
2026-07-18 04:00:00,TKYO-009-2,TKYO-009,Band 1 (2100MHz),-82.2,-4.4,1.2,25.4,9.4,12.1
2026-07-18 04:00:00,TKYO-009-3,TKYO-009,Band 1 (2100MHz),-88.7,-7.9,-2.8,0.0,13.8,54.6
2026-07-18 04:00:00,TKYO-010-1,TKYO-010,Band 41 (2500MHz),-85.9,-4.4,1.0,0.0,0.0,1.3
2026-07-18 04:00:00,TKYO-010-2,TKYO-010,Band 41 (2500MHz),-81.5,-8.0,8.1,17.8,10.9,39.9
2026-07-18 04:00:00,TKYO-010-3,TKYO-010,Band 41 (2500MHz),-77.5,-6.1,-1.0,12.8,1.9,54.4
2026-07-18 04:00:00,TKYO-011-1,TKYO-011,Band 1 (2100MHz),-83.7,-12.7,1.7,0.0,0.0,25.9
2026-07-18 04:00:00,TKYO-011-2,TKYO-011,Band 1 (2100MHz),-83.3,-8.8,11.8,7.9,16.5,29.4
2026-07-18 04:00:00,TKYO-011-3,TKYO-011,Band 1 (2100MHz),-86.3,-9.3,5.9,21.1,6.5,48.1
2026-07-18 04:00:00,TKYO-012-1,TKYO-012,Band 41 (2500MHz),-80.5,-8.9,-0.6,8.2,0.0,2.6
2026-07-18 04:00:00,TKYO-012-2,TKYO-012,Band 41 (2500MHz),-88.7,-12.5,6.1,16.0,6.5,8.5
2026-07-18 04:00:00,TKYO-012-3,TKYO-012,Band 41 (2500MHz),-82.3,-7.6,2.0,34.3,8.5,23.8
2026-07-18 04:00:00,TKYO-013-1,TKYO-013,Band 1 (2100MHz),-86.7,-5.0,0.0,6.3,6.3,31.6
2026-07-18 04:00:00,TKYO-013-2,TKYO-013,Band 1 (2100MHz),-94.2,-12.2,4.6,0.0,14.9,35.7
2026-07-18 04:00:00,TKYO-013-3,TKYO-013,Band 1 (2100MHz),-85.8,-8.4,6.9,6.7,0.0,41.4
2026-07-18 04:00:00,TKYO-014-1,TKYO-014,Band 41 (2500MHz),-88.5,-8.3,-0.7,0.3,4.3,14.0
2026-07-18 04:00:00,TKYO-014-2,TKYO-014,Band 41 (2500MHz),-99.3,-12.7,-7.5,31.8,13.3,0.0
2026-07-18 04:00:00,TKYO-014-3,TKYO-014,Band 41 (2500MHz),-79.5,-9.9,5.3,0.0,0.0,56.0
2026-07-18 04:00:00,TKYO-015-1,TKYO-015,Band 1 (2100MHz),-82.7,-10.4,2.0,19.3,13.5,31.1
2026-07-18 04:00:00,TKYO-015-2,TKYO-015,Band 1 (2100MHz),-83.6,-7.8,14.2,17.1,4.5,30.0
2026-07-18 04:00:00,TKYO-015-3,TKYO-015,Band 1 (2100MHz),-84.9,-10.9,5.8,0.0,12.2,0.0
2026-07-18 04:00:00,TKYO-016-1,TKYO-016,Band 41 (2500MHz),-78.4,-7.3,5.6,0.8,0.0,57.7
2026-07-18 04:00:00,TKYO-016-2,TKYO-016,Band 41 (2500MHz),-90.9,-10.8,-0.6,12.7,1.2,45.9
2026-07-18 04:00:00,TKYO-016-3,TKYO-016,Band 41 (2500MHz),-86.6,-5.3,-1.5,0.0,17.9,27.3
2026-07-18 05:00:00,TKYO-001-1,TKYO-001,Band 1 (2100MHz),-87.0,-9.2,8.9,9.8,8.5,0.0
2026-07-18 05:00:00,TKYO-001-2,TKYO-001,Band 1 (2100MHz),-80.4,-9.0,12.0,12.8,13.9,2.1
2026-07-18 05:00:00,TKYO-001-3,TKYO-001,Band 1 (2100MHz),-89.4,-9.6,7.8,15.0,0.3,0.0
2026-07-18 05:00:00,TKYO-002-1,TKYO-002,Band 41 (2500MHz),-84.7,-8.6,12.2,12.3,21.2,0.0
2026-07-18 05:00:00,TKYO-002-2,TKYO-002,Band 41 (2500MHz),-87.4,-7.0,-1.9,9.7,0.0,36.4
2026-07-18 05:00:00,TKYO-002-3,TKYO-002,Band 41 (2500MHz),-85.0,-9.7,9.9,0.0,0.0,15.4
2026-07-18 05:00:00,TKYO-003-1,TKYO-003,Band 1 (2100MHz),-90.2,-5.3,7.6,5.9,3.8,59.1
2026-07-18 05:00:00,TKYO-003-2,TKYO-003,Band 1 (2100MHz),-96.8,-12.9,4.1,9.2,10.9,0.0
2026-07-18 05:00:00,TKYO-003-3,TKYO-003,Band 1 (2100MHz),-82.9,-9.5,12.4,24.4,0.0,0.0
2026-07-18 05:00:00,TKYO-004-1,TKYO-004,Band 41 (2500MHz),-83.3,-8.8,8.0,0.0,0.0,37.7
2026-07-18 05:00:00,TKYO-004-2,TKYO-004,Band 41 (2500MHz),-78.5,-8.6,4.1,10.2,13.4,0.0
2026-07-18 05:00:00,TKYO-004-3,TKYO-004,Band 41 (2500MHz),-81.1,-5.9,10.0,2.1,0.0,23.1
2026-07-18 05:00:00,TKYO-005-1,TKYO-005,Band 1 (2100MHz),-86.3,-8.7,15.1,0.0,3.3,30.0
2026-07-18 05:00:00,TKYO-005-2,TKYO-005,Band 1 (2100MHz),-88.0,-8.2,12.7,20.2,9.9,0.0
2026-07-18 05:00:00,TKYO-005-3,TKYO-005,Band 1 (2100MHz),-98.7,-13.6,-0.1,0.4,1.8,1.0
2026-07-18 05:00:00,TKYO-006-1,TKYO-006,Band 41 (2500MHz),-83.0,-11.2,6.9,17.6,12.6,54.0
2026-07-18 05:00:00,TKYO-006-2,TKYO-006,Band 41 (2500MHz),-83.3,-11.7,1.4,15.2,2.2,12.1
2026-07-18 05:00:00,TKYO-006-3,TKYO-006,Band 41 (2500MHz),-88.5,-12.2,9.9,0.0,0.0,0.0
2026-07-18 05:00:00,TKYO-007-1,TKYO-007,Band 1 (2100MHz),-83.3,-8.3,7.7,4.6,16.6,60.1
2026-07-18 05:00:00,TKYO-007-2,TKYO-007,Band 1 (2100MHz),-85.5,-11.8,14.2,2.2,4.3,13.1
2026-07-18 05:00:00,TKYO-007-3,TKYO-007,Band 1 (2100MHz),-92.1,-9.0,-0.7,20.5,0.0,40.6
2026-07-18 05:00:00,TKYO-008-1,TKYO-008,Band 41 (2500MHz),-85.7,-6.2,3.2,21.0,13.5,64.7
2026-07-18 05:00:00,TKYO-008-2,TKYO-008,Band 41 (2500MHz),-78.7,-7.5,2.8,15.1,33.4,56.5
2026-07-18 05:00:00,TKYO-008-3,TKYO-008,Band 41 (2500MHz),-81.9,-6.5,8.8,12.6,8.0,8.5
2026-07-18 05:00:00,TKYO-009-1,TKYO-009,Band 1 (2100MHz),-81.0,-3.7,8.6,5.4,9.0,59.7
2026-07-18 05:00:00,TKYO-009-2,TKYO-009,Band 1 (2100MHz),-80.8,-8.2,8.8,24.5,13.3,12.1
2026-07-18 05:00:00,TKYO-009-3,TKYO-009,Band 1 (2100MHz),-77.7,-6.7,15.8,6.9,4.4,19.2
2026-07-18 05:00:00,TKYO-010-1,TKYO-010,Band 41 (2500MHz),-79.1,-7.6,10.5,0.2,8.5,29.2
2026-07-18 05:00:00,TKYO-010-2,TKYO-010,Band 41 (2500MHz),-84.5,-8.1,3.0,0.0,12.4,31.4
2026-07-18 05:00:00,TKYO-010-3,TKYO-010,Band 41 (2500MHz),-84.8,-8.8,12.2,16.6,13.3,6.9
2026-07-18 05:00:00,TKYO-011-1,TKYO-011,Band 1 (2100MHz),-87.0,-7.1,4.1,32.0,17.7,22.6
2026-07-18 05:00:00,TKYO-011-2,TKYO-011,Band 1 (2100MHz),-91.6,-9.8,10.5,27.9,22.6,30.7
2026-07-18 05:00:00,TKYO-011-3,TKYO-011,Band 1 (2100MHz),-91.8,-11.6,6.7,25.3,2.3,33.8
2026-07-18 05:00:00,TKYO-012-1,TKYO-012,Band 41 (2500MHz),-80.2,-9.4,8.6,26.3,1.6,33.3
2026-07-18 05:00:00,TKYO-012-2,TKYO-012,Band 41 (2500MHz),-85.2,-5.6,14.8,18.5,5.5,27.0
2026-07-18 05:00:00,TKYO-012-3,TKYO-012,Band 41 (2500MHz),-84.9,-7.5,9.0,0.0,4.8,8.7
2026-07-18 05:00:00,TKYO-013-1,TKYO-013,Band 1 (2100MHz),-80.8,-9.6,9.8,0.0,10.1,5.7
2026-07-18 05:00:00,TKYO-013-2,TKYO-013,Band 1 (2100MHz),-93.6,-11.3,8.9,11.5,8.2,39.4
2026-07-18 05:00:00,TKYO-013-3,TKYO-013,Band 1 (2100MHz),-86.3,-9.3,4.6,22.3,16.0,21.2
2026-07-18 05:00:00,TKYO-014-1,TKYO-014,Band 41 (2500MHz),-75.8,-8.1,5.3,19.4,1.0,0.0
2026-07-18 05:00:00,TKYO-014-2,TKYO-014,Band 41 (2500MHz),-90.3,-9.1,-4.6,12.0,24.9,0.0
2026-07-18 05:00:00,TKYO-014-3,TKYO-014,Band 41 (2500MHz),-78.8,-10.1,8.3,0.0,3.5,32.0
2026-07-18 05:00:00,TKYO-015-1,TKYO-015,Band 1 (2100MHz),-91.7,-6.0,17.7,0.0,2.9,10.5
2026-07-18 05:00:00,TKYO-015-2,TKYO-015,Band 1 (2100MHz),-83.0,-7.9,3.9,0.0,26.9,10.7
2026-07-18 05:00:00,TKYO-015-3,TKYO-015,Band 1 (2100MHz),-83.1,-9.5,10.7,2.1,14.9,0.0
2026-07-18 05:00:00,TKYO-016-1,TKYO-016,Band 41 (2500MHz),-84.7,-5.8,2.0,11.3,5.2,5.8
2026-07-18 05:00:00,TKYO-016-2,TKYO-016,Band 41 (2500MHz),-79.7,-9.9,-10.0,27.4,4.9,31.9
2026-07-18 05:00:00,TKYO-016-3,TKYO-016,Band 41 (2500MHz),-89.6,-8.0,8.2,28.1,3.4,10.0
2026-07-18 06:00:00,TKYO-001-1,TKYO-001,Band 1 (2100MHz),-90.5,-5.4,9.2,6.0,10.4,20.5
2026-07-18 06:00:00,TKYO-001-2,TKYO-001,Band 1 (2100MHz),-90.0,-9.6,2.6,38.3,0.0,55.8
2026-07-18 06:00:00,TKYO-001-3,TKYO-001,Band 1 (2100MHz),-90.6,-8.6,2.4,3.8,11.1,31.1
2026-07-18 06:00:00,TKYO-002-1,TKYO-002,Band 41 (2500MHz),-76.4,-6.8,10.2,8.8,11.0,57.5
2026-07-18 06:00:00,TKYO-002-2,TKYO-002,Band 41 (2500MHz),-89.2,-11.0,7.0,29.5,13.5,19.9
2026-07-18 06:00:00,TKYO-002-3,TKYO-002,Band 41 (2500MHz),-77.6,-5.7,5.7,31.5,13.8,78.9
2026-07-18 06:00:00,TKYO-003-1,TKYO-003,Band 1 (2100MHz),-88.2,-7.6,5.2,25.9,5.5,16.0
2026-07-18 06:00:00,TKYO-003-2,TKYO-003,Band 1 (2100MHz),-94.4,-11.7,1.7,10.3,26.9,44.2
2026-07-18 06:00:00,TKYO-003-3,TKYO-003,Band 1 (2100MHz),-83.4,-6.7,5.4,24.9,0.0,37.8
2026-07-18 06:00:00,TKYO-004-1,TKYO-004,Band 41 (2500MHz),-78.7,-9.2,4.4,21.4,16.2,63.1
2026-07-18 06:00:00,TKYO-004-2,TKYO-004,Band 41 (2500MHz),-76.4,-9.2,9.0,14.2,19.3,51.2
2026-07-18 06:00:00,TKYO-004-3,TKYO-004,Band 41 (2500MHz),-89.3,-7.4,5.7,13.8,13.1,75.6
2026-07-18 06:00:00,TKYO-005-1,TKYO-005,Band 1 (2100MHz),-87.6,-12.0,10.1,40.7,19.7,29.3
2026-07-18 06:00:00,TKYO-005-2,TKYO-005,Band 1 (2100MHz),-84.1,-8.9,4.4,31.0,13.6,33.9
2026-07-18 06:00:00,TKYO-005-3,TKYO-005,Band 1 (2100MHz),-103.4,-16.7,10.4,21.3,10.9,19.2
2026-07-18 06:00:00,TKYO-006-1,TKYO-006,Band 41 (2500MHz),-85.3,-8.4,-0.3,5.0,23.1,24.8
2026-07-18 06:00:00,TKYO-006-2,TKYO-006,Band 41 (2500MHz),-88.0,-8.9,2.9,3.0,7.6,34.0
2026-07-18 06:00:00,TKYO-006-3,TKYO-006,Band 41 (2500MHz),-82.6,-9.3,2.6,34.4,23.4,0.0
2026-07-18 06:00:00,TKYO-007-1,TKYO-007,Band 1 (2100MHz),-85.0,-9.5,6.0,36.0,17.9,59.5
2026-07-18 06:00:00,TKYO-007-2,TKYO-007,Band 1 (2100MHz),-73.4,-7.8,11.1,4.2,13.7,6.5
2026-07-18 06:00:00,TKYO-007-3,TKYO-007,Band 1 (2100MHz),-92.0,-11.6,-5.9,9.2,12.1,68.3
2026-07-18 06:00:00,TKYO-008-1,TKYO-008,Band 41 (2500MHz),-83.2,-9.1,8.8,30.2,25.7,90.9
2026-07-18 06:00:00,TKYO-008-2,TKYO-008,Band 41 (2500MHz),-81.1,-9.3,13.7,15.4,8.9,58.1
2026-07-18 06:00:00,TKYO-008-3,TKYO-008,Band 41 (2500MHz),-87.7,-9.8,6.0,41.1,7.4,87.2
2026-07-18 06:00:00,TKYO-009-1,TKYO-009,Band 1 (2100MHz),-80.6,-9.4,11.1,23.2,1.7,17.4
2026-07-18 06:00:00,TKYO-009-2,TKYO-009,Band 1 (2100MHz),-79.6,-9.7,6.0,25.0,13.3,62.8
2026-07-18 06:00:00,TKYO-009-3,TKYO-009,Band 1 (2100MHz),-82.3,-10.4,20.3,31.2,6.4,82.7
2026-07-18 06:00:00,TKYO-010-1,TKYO-010,Band 41 (2500MHz),-87.8,-8.5,0.8,26.4,4.4,74.2
2026-07-18 06:00:00,TKYO-010-2,TKYO-010,Band 41 (2500MHz),-83.3,-7.6,6.8,28.1,22.7,33.3
2026-07-18 06:00:00,TKYO-010-3,TKYO-010,Band 41 (2500MHz),-85.3,-8.9,8.9,45.4,28.7,0.0
2026-07-18 06:00:00,TKYO-011-1,TKYO-011,Band 1 (2100MHz),-82.0,-7.4,18.5,2.8,8.3,74.1
2026-07-18 06:00:00,TKYO-011-2,TKYO-011,Band 1 (2100MHz),-83.5,-7.1,8.5,11.4,13.2,22.8
2026-07-18 06:00:00,TKYO-011-3,TKYO-011,Band 1 (2100MHz),-89.9,-7.6,13.6,27.8,6.3,41.2
2026-07-18 06:00:00,TKYO-012-1,TKYO-012,Band 41 (2500MHz),-82.6,-7.3,0.9,25.0,5.0,62.7
2026-07-18 06:00:00,TKYO-012-2,TKYO-012,Band 41 (2500MHz),-87.4,-8.1,11.9,7.0,16.8,45.3
2026-07-18 06:00:00,TKYO-012-3,TKYO-012,Band 41 (2500MHz),-80.5,-9.7,12.8,17.2,16.3,0.0
2026-07-18 06:00:00,TKYO-013-1,TKYO-013,Band 1 (2100MHz),-77.1,-6.6,6.4,34.5,5.7,71.3
2026-07-18 06:00:00,TKYO-013-2,TKYO-013,Band 1 (2100MHz),-100.5,-11.0,-3.6,30.7,20.1,59.0
2026-07-18 06:00:00,TKYO-013-3,TKYO-013,Band 1 (2100MHz),-86.7,-10.2,12.9,11.2,19.3,6.9
2026-07-18 06:00:00,TKYO-014-1,TKYO-014,Band 41 (2500MHz),-80.3,-11.7,4.2,22.2,4.0,42.4
2026-07-18 06:00:00,TKYO-014-2,TKYO-014,Band 41 (2500MHz),-105.4,-9.4,-5.2,17.0,11.2,10.0
2026-07-18 06:00:00,TKYO-014-3,TKYO-014,Band 41 (2500MHz),-80.8,-11.3,10.5,36.6,32.4,39.8
2026-07-18 06:00:00,TKYO-015-1,TKYO-015,Band 1 (2100MHz),-83.0,-7.4,7.4,3.1,34.0,17.9
2026-07-18 06:00:00,TKYO-015-2,TKYO-015,Band 1 (2100MHz),-83.7,-10.6,9.9,37.0,1.3,23.0
2026-07-18 06:00:00,TKYO-015-3,TKYO-015,Band 1 (2100MHz),-84.9,-9.0,3.4,27.2,2.6,62.1
2026-07-18 06:00:00,TKYO-016-1,TKYO-016,Band 41 (2500MHz),-88.1,-11.4,2.8,13.1,6.2,46.4
2026-07-18 06:00:00,TKYO-016-2,TKYO-016,Band 41 (2500MHz),-81.8,-10.0,4.6,29.2,6.2,77.6
2026-07-18 06:00:00,TKYO-016-3,TKYO-016,Band 41 (2500MHz),-86.6,-8.0,7.7,34.3,15.1,101.3
2026-07-18 07:00:00,TKYO-001-1,TKYO-001,Band 1 (2100MHz),-86.7,-13.1,5.5,83.0,46.2,93.1
2026-07-18 07:00:00,TKYO-001-2,TKYO-001,Band 1 (2100MHz),-82.0,-9.8,1.9,72.1,32.8,128.9
2026-07-18 07:00:00,TKYO-001-3,TKYO-001,Band 1 (2100MHz),-82.3,-14.0,10.6,82.0,26.7,155.5
2026-07-18 07:00:00,TKYO-002-1,TKYO-002,Band 41 (2500MHz),-85.9,-11.5,-3.3,55.0,38.6,129.0
2026-07-18 07:00:00,TKYO-002-2,TKYO-002,Band 41 (2500MHz),-79.5,-14.0,5.9,81.3,36.4,130.2
2026-07-18 07:00:00,TKYO-002-3,TKYO-002,Band 41 (2500MHz),-89.1,-12.5,0.3,91.1,36.1,129.2
2026-07-18 07:00:00,TKYO-003-1,TKYO-003,Band 1 (2100MHz),-87.3,-13.0,12.3,65.2,53.2,138.0
2026-07-18 07:00:00,TKYO-003-2,TKYO-003,Band 1 (2100MHz),-102.7,-11.0,-7.4,91.9,57.0,113.8
2026-07-18 07:00:00,TKYO-003-3,TKYO-003,Band 1 (2100MHz),-85.4,-15.5,-0.2,71.8,63.1,151.1
2026-07-18 07:00:00,TKYO-004-1,TKYO-004,Band 41 (2500MHz),-79.5,-11.4,3.3,70.0,51.7,138.8
2026-07-18 07:00:00,TKYO-004-2,TKYO-004,Band 41 (2500MHz),-84.4,-10.2,10.8,71.0,49.8,151.6
2026-07-18 07:00:00,TKYO-004-3,TKYO-004,Band 41 (2500MHz),-86.5,-8.5,3.6,66.2,52.4,121.4
2026-07-18 07:00:00,TKYO-005-1,TKYO-005,Band 1 (2100MHz),-80.0,-9.4,9.5,87.0,41.6,104.6
2026-07-18 07:00:00,TKYO-005-2,TKYO-005,Band 1 (2100MHz),-86.2,-8.6,13.1,75.1,45.2,135.9
2026-07-18 07:00:00,TKYO-005-3,TKYO-005,Band 1 (2100MHz),-100.3,-14.6,8.7,67.8,59.2,123.6
2026-07-18 07:00:00,TKYO-006-1,TKYO-006,Band 41 (2500MHz),-86.9,-13.7,-0.9,94.1,54.2,158.9
2026-07-18 07:00:00,TKYO-006-2,TKYO-006,Band 41 (2500MHz),-81.8,-14.8,0.5,76.2,47.0,125.1
2026-07-18 07:00:00,TKYO-006-3,TKYO-006,Band 41 (2500MHz),-82.4,-10.7,6.7,97.2,57.8,143.0
2026-07-18 07:00:00,TKYO-007-1,TKYO-007,Band 1 (2100MHz),-80.8,-12.8,10.1,91.5,51.4,100.4
2026-07-18 07:00:00,TKYO-007-2,TKYO-007,Band 1 (2100MHz),-82.6,-9.6,8.4,71.2,52.4,129.6
2026-07-18 07:00:00,TKYO-007-3,TKYO-007,Band 1 (2100MHz),-95.6,-15.5,-6.5,59.3,42.0,108.0
2026-07-18 07:00:00,TKYO-008-1,TKYO-008,Band 41 (2500MHz),-84.5,-8.7,3.9,74.6,52.6,170.1
2026-07-18 07:00:00,TKYO-008-2,TKYO-008,Band 41 (2500MHz),-86.9,-10.2,13.7,70.3,42.9,124.9
2026-07-18 07:00:00,TKYO-008-3,TKYO-008,Band 41 (2500MHz),-86.7,-11.1,12.7,76.9,33.9,129.0
2026-07-18 07:00:00,TKYO-009-1,TKYO-009,Band 1 (2100MHz),-80.9,-11.2,7.5,70.4,46.6,126.4
2026-07-18 07:00:00,TKYO-009-2,TKYO-009,Band 1 (2100MHz),-86.4,-13.3,15.0,80.6,36.3,91.5
2026-07-18 07:00:00,TKYO-009-3,TKYO-009,Band 1 (2100MHz),-83.0,-14.4,1.1,92.1,50.8,106.5
2026-07-18 07:00:00,TKYO-010-1,TKYO-010,Band 41 (2500MHz),-79.0,-13.1,4.8,57.2,26.2,120.1
2026-07-18 07:00:00,TKYO-010-2,TKYO-010,Band 41 (2500MHz),-88.8,-10.0,2.9,74.6,63.0,98.6
2026-07-18 07:00:00,TKYO-010-3,TKYO-010,Band 41 (2500MHz),-79.7,-12.8,5.0,90.5,33.4,73.1
2026-07-18 07:00:00,TKYO-011-1,TKYO-011,Band 1 (2100MHz),-78.6,-11.8,14.3,88.8,43.0,152.9
2026-07-18 07:00:00,TKYO-011-2,TKYO-011,Band 1 (2100MHz),-79.4,-11.2,10.9,78.6,46.7,72.8
2026-07-18 07:00:00,TKYO-011-3,TKYO-011,Band 1 (2100MHz),-83.9,-14.2,0.7,96.0,47.4,121.0
2026-07-18 07:00:00,TKYO-012-1,TKYO-012,Band 41 (2500MHz),-92.9,-14.3,-0.2,82.9,45.3,115.8
2026-07-18 07:00:00,TKYO-012-2,TKYO-012,Band 41 (2500MHz),-87.2,-8.4,5.6,70.3,32.5,76.8
2026-07-18 07:00:00,TKYO-012-3,TKYO-012,Band 41 (2500MHz),-82.9,-10.1,8.6,63.9,42.7,82.9
2026-07-18 07:00:00,TKYO-013-1,TKYO-013,Band 1 (2100MHz),-86.2,-11.6,10.0,76.3,53.2,123.3
2026-07-18 07:00:00,TKYO-013-2,TKYO-013,Band 1 (2100MHz),-97.5,-14.0,0.3,85.9,35.9,137.7
2026-07-18 07:00:00,TKYO-013-3,TKYO-013,Band 1 (2100MHz),-84.1,-11.7,15.6,95.8,49.0,79.9
2026-07-18 07:00:00,TKYO-014-1,TKYO-014,Band 41 (2500MHz),-80.7,-12.5,-0.3,66.6,49.1,79.1
2026-07-18 07:00:00,TKYO-014-2,TKYO-014,Band 41 (2500MHz),-99.1,-15.2,-9.4,85.8,40.0,116.6
2026-07-18 07:00:00,TKYO-014-3,TKYO-014,Band 41 (2500MHz),-85.0,-13.7,9.4,77.9,50.9,111.3
2026-07-18 07:00:00,TKYO-015-1,TKYO-015,Band 1 (2100MHz),-78.2,-11.1,14.7,86.8,48.9,93.0
2026-07-18 07:00:00,TKYO-015-2,TKYO-015,Band 1 (2100MHz),-81.7,-13.6,-2.7,81.8,52.5,93.7
2026-07-18 07:00:00,TKYO-015-3,TKYO-015,Band 1 (2100MHz),-80.1,-8.8,4.9,66.8,46.1,139.6
2026-07-18 07:00:00,TKYO-016-1,TKYO-016,Band 41 (2500MHz),-82.2,-13.3,4.2,71.4,41.8,119.2
2026-07-18 07:00:00,TKYO-016-2,TKYO-016,Band 41 (2500MHz),-93.6,-13.2,11.3,77.0,37.6,121.0
2026-07-18 07:00:00,TKYO-016-3,TKYO-016,Band 41 (2500MHz),-87.9,-14.8,5.9,89.6,42.1,138.7
2026-07-18 08:00:00,TKYO-001-1,TKYO-001,Band 1 (2100MHz),-88.2,-18.7,4.1,100.0,51.3,180.6
2026-07-18 08:00:00,TKYO-001-2,TKYO-001,Band 1 (2100MHz),-77.3,-12.6,5.9,94.1,51.9,137.3
2026-07-18 08:00:00,TKYO-001-3,TKYO-001,Band 1 (2100MHz),-85.4,-10.6,8.8,99.9,56.6,185.5
2026-07-18 08:00:00,TKYO-002-1,TKYO-002,Band 41 (2500MHz),-86.9,-10.9,4.8,95.6,60.3,182.9
2026-07-18 08:00:00,TKYO-002-2,TKYO-002,Band 41 (2500MHz),-83.0,-10.6,10.1,100.0,47.6,168.2
2026-07-18 08:00:00,TKYO-002-3,TKYO-002,Band 41 (2500MHz),-88.0,-14.3,-2.4,100.0,73.1,169.4
2026-07-18 08:00:00,TKYO-003-1,TKYO-003,Band 1 (2100MHz),-82.8,-12.9,8.3,86.8,57.7,168.2
2026-07-18 08:00:00,TKYO-003-2,TKYO-003,Band 1 (2100MHz),-93.6,-18.0,4.5,95.0,49.7,159.2
2026-07-18 08:00:00,TKYO-003-3,TKYO-003,Band 1 (2100MHz),-83.5,-11.5,2.2,98.8,54.2,139.0
2026-07-18 08:00:00,TKYO-004-1,TKYO-004,Band 41 (2500MHz),-85.9,-13.2,1.2,100.0,62.2,125.9
2026-07-18 08:00:00,TKYO-004-2,TKYO-004,Band 41 (2500MHz),-75.5,-14.4,-5.2,95.8,60.5,173.1
2026-07-18 08:00:00,TKYO-004-3,TKYO-004,Band 41 (2500MHz),-88.1,-11.2,16.1,93.3,43.7,204.9
2026-07-18 08:00:00,TKYO-005-1,TKYO-005,Band 1 (2100MHz),-86.8,-16.7,6.4,100.0,66.7,162.3
2026-07-18 08:00:00,TKYO-005-2,TKYO-005,Band 1 (2100MHz),-84.5,-13.4,10.7,100.0,51.9,187.1
2026-07-18 08:00:00,TKYO-005-3,TKYO-005,Band 1 (2100MHz),-94.0,-16.8,5.3,99.4,57.5,172.6
2026-07-18 08:00:00,TKYO-006-1,TKYO-006,Band 41 (2500MHz),-83.3,-15.7,14.3,100.0,75.2,155.1
2026-07-18 08:00:00,TKYO-006-2,TKYO-006,Band 41 (2500MHz),-81.1,-12.9,7.7,100.0,30.6,157.1
2026-07-18 08:00:00,TKYO-006-3,TKYO-006,Band 41 (2500MHz),-86.2,-13.3,8.7,100.0,57.2,144.1
2026-07-18 08:00:00,TKYO-007-1,TKYO-007,Band 1 (2100MHz),-83.4,-16.3,9.3,82.4,54.5,174.7
2026-07-18 08:00:00,TKYO-007-2,TKYO-007,Band 1 (2100MHz),-87.6,-10.1,3.6,99.1,65.7,157.3
2026-07-18 08:00:00,TKYO-007-3,TKYO-007,Band 1 (2100MHz),-101.6,-14.5,1.6,100.0,69.5,146.1
2026-07-18 08:00:00,TKYO-008-1,TKYO-008,Band 41 (2500MHz),-80.2,-15.2,5.3,100.0,66.0,147.5
2026-07-18 08:00:00,TKYO-008-2,TKYO-008,Band 41 (2500MHz),-91.5,-8.6,6.8,97.3,49.2,141.3
2026-07-18 08:00:00,TKYO-008-3,TKYO-008,Band 41 (2500MHz),-84.4,-11.8,7.2,93.1,49.6,196.5
2026-07-18 08:00:00,TKYO-009-1,TKYO-009,Band 1 (2100MHz),-81.2,-14.2,15.2,100.0,62.5,102.2
2026-07-18 08:00:00,TKYO-009-2,TKYO-009,Band 1 (2100MHz),-84.6,-12.2,11.0,99.5,61.3,145.8
2026-07-18 08:00:00,TKYO-009-3,TKYO-009,Band 1 (2100MHz),-87.5,-14.5,16.0,93.6,55.0,208.0
2026-07-18 08:00:00,TKYO-010-1,TKYO-010,Band 41 (2500MHz),-88.7,-10.3,-6.6,98.3,49.4,180.9
2026-07-18 08:00:00,TKYO-010-2,TKYO-010,Band 41 (2500MHz),-85.6,-13.1,5.3,99.0,64.4,172.2
2026-07-18 08:00:00,TKYO-010-3,TKYO-010,Band 41 (2500MHz),-84.4,-15.0,6.7,86.8,55.2,211.1
2026-07-18 08:00:00,TKYO-011-1,TKYO-011,Band 1 (2100MHz),-77.5,-12.9,13.4,87.3,52.3,174.5
2026-07-18 08:00:00,TKYO-011-2,TKYO-011,Band 1 (2100MHz),-84.0,-11.7,8.8,100.0,46.9,156.5
2026-07-18 08:00:00,TKYO-011-3,TKYO-011,Band 1 (2100MHz),-85.6,-14.1,0.5,100.0,61.4,197.3
2026-07-18 08:00:00,TKYO-012-1,TKYO-012,Band 41 (2500MHz),-92.8,-11.9,11.6,99.2,58.5,130.2
2026-07-18 08:00:00,TKYO-012-2,TKYO-012,Band 41 (2500MHz),-86.6,-15.3,5.8,100.0,72.0,188.2
2026-07-18 08:00:00,TKYO-012-3,TKYO-012,Band 41 (2500MHz),-84.2,-15.8,3.0,98.4,60.9,125.8
2026-07-18 08:00:00,TKYO-013-1,TKYO-013,Band 1 (2100MHz),-90.5,-10.6,4.1,100.0,69.6,187.0
2026-07-18 08:00:00,TKYO-013-2,TKYO-013,Band 1 (2100MHz),-97.5,-17.7,-6.5,93.5,65.9,158.5
2026-07-18 08:00:00,TKYO-013-3,TKYO-013,Band 1 (2100MHz),-91.6,-11.1,4.1,73.7,50.5,129.7
2026-07-18 08:00:00,TKYO-014-1,TKYO-014,Band 41 (2500MHz),-90.6,-16.3,-6.5,100.0,59.2,160.6
2026-07-18 08:00:00,TKYO-014-2,TKYO-014,Band 41 (2500MHz),-94.2,-13.7,3.8,90.4,53.2,133.2
2026-07-18 08:00:00,TKYO-014-3,TKYO-014,Band 41 (2500MHz),-87.8,-11.5,10.8,88.0,54.2,154.2
2026-07-18 08:00:00,TKYO-015-1,TKYO-015,Band 1 (2100MHz),-90.7,-12.8,2.6,92.5,59.8,159.5
2026-07-18 08:00:00,TKYO-015-2,TKYO-015,Band 1 (2100MHz),-81.9,-11.0,6.1,87.9,54.6,146.2
2026-07-18 08:00:00,TKYO-015-3,TKYO-015,Band 1 (2100MHz),-86.7,-14.2,17.4,100.0,67.1,171.9
2026-07-18 08:00:00,TKYO-016-1,TKYO-016,Band 41 (2500MHz),-82.2,-13.3,4.4,88.7,49.3,156.1
2026-07-18 08:00:00,TKYO-016-2,TKYO-016,Band 41 (2500MHz),-83.7,-13.5,5.1,87.7,64.7,155.9
2026-07-18 08:00:00,TKYO-016-3,TKYO-016,Band 41 (2500MHz),-85.5,-14.1,-0.6,94.6,65.5,178.4
2026-07-18 09:00:00,TKYO-001-1,TKYO-001,Band 1 (2100MHz),-79.1,-10.3,11.0,100.0,51.5,95.6
2026-07-18 09:00:00,TKYO-001-2,TKYO-001,Band 1 (2100MHz),-77.3,-7.7,17.8,99.2,36.4,136.8
2026-07-18 09:00:00,TKYO-001-3,TKYO-001,Band 1 (2100MHz),-88.4,-11.3,13.7,80.2,50.1,119.3
2026-07-18 09:00:00,TKYO-002-1,TKYO-002,Band 41 (2500MHz),-79.0,-11.2,6.6,75.9,36.6,103.1
2026-07-18 09:00:00,TKYO-002-2,TKYO-002,Band 41 (2500MHz),-80.9,-10.4,11.7,75.5,39.1,117.7
2026-07-18 09:00:00,TKYO-002-3,TKYO-002,Band 41 (2500MHz),-84.2,-11.7,13.3,77.6,46.7,128.3
2026-07-18 09:00:00,TKYO-003-1,TKYO-003,Band 1 (2100MHz),-83.0,-15.7,12.2,65.6,43.5,132.4
2026-07-18 09:00:00,TKYO-003-2,TKYO-003,Band 1 (2100MHz),-99.3,-15.6,3.9,75.0,56.1,115.9
2026-07-18 09:00:00,TKYO-003-3,TKYO-003,Band 1 (2100MHz),-83.9,-10.7,0.0,87.3,52.3,156.1
2026-07-18 09:00:00,TKYO-004-1,TKYO-004,Band 41 (2500MHz),-80.4,-15.6,-3.0,71.6,55.2,104.9
2026-07-18 09:00:00,TKYO-004-2,TKYO-004,Band 41 (2500MHz),-78.7,-7.7,11.7,70.1,35.8,122.7
2026-07-18 09:00:00,TKYO-004-3,TKYO-004,Band 41 (2500MHz),-81.4,-12.6,4.9,89.2,69.9,129.0
2026-07-18 09:00:00,TKYO-005-1,TKYO-005,Band 1 (2100MHz),-78.2,-12.7,9.5,72.6,30.2,141.4
2026-07-18 09:00:00,TKYO-005-2,TKYO-005,Band 1 (2100MHz),-86.7,-10.2,5.0,52.2,63.6,124.8
2026-07-18 09:00:00,TKYO-005-3,TKYO-005,Band 1 (2100MHz),-98.9,-12.0,1.0,58.9,38.5,146.7
2026-07-18 09:00:00,TKYO-006-1,TKYO-006,Band 41 (2500MHz),-79.3,-12.7,7.8,68.6,50.8,112.2
2026-07-18 09:00:00,TKYO-006-2,TKYO-006,Band 41 (2500MHz),-77.8,-10.1,-2.4,81.6,50.7,123.4
2026-07-18 09:00:00,TKYO-006-3,TKYO-006,Band 41 (2500MHz),-88.6,-15.1,7.6,92.2,45.4,115.8
2026-07-18 09:00:00,TKYO-007-1,TKYO-007,Band 1 (2100MHz),-85.5,-12.0,6.1,61.9,43.1,112.6
2026-07-18 09:00:00,TKYO-007-2,TKYO-007,Band 1 (2100MHz),-81.5,-16.8,12.6,68.4,35.3,165.3
2026-07-18 09:00:00,TKYO-007-3,TKYO-007,Band 1 (2100MHz),-100.6,-14.7,-3.9,73.7,43.5,151.5
2026-07-18 09:00:00,TKYO-008-1,TKYO-008,Band 41 (2500MHz),-87.7,-8.7,3.5,84.4,43.3,113.4
2026-07-18 09:00:00,TKYO-008-2,TKYO-008,Band 41 (2500MHz),-81.5,-10.8,0.8,77.4,37.0,123.1
2026-07-18 09:00:00,TKYO-008-3,TKYO-008,Band 41 (2500MHz),-86.7,-11.3,5.8,68.7,44.4,149.1
2026-07-18 09:00:00,TKYO-009-1,TKYO-009,Band 1 (2100MHz),-90.3,-9.3,8.5,77.3,49.0,112.3
2026-07-18 09:00:00,TKYO-009-2,TKYO-009,Band 1 (2100MHz),-83.1,-11.5,8.9,95.5,46.5,114.9
2026-07-18 09:00:00,TKYO-009-3,TKYO-009,Band 1 (2100MHz),-79.8,-14.2,13.1,85.6,45.1,94.1
2026-07-18 09:00:00,TKYO-010-1,TKYO-010,Band 41 (2500MHz),-86.4,-11.2,5.4,83.5,48.4,116.7
2026-07-18 09:00:00,TKYO-010-2,TKYO-010,Band 41 (2500MHz),-86.7,-13.9,10.3,87.1,50.1,168.9
2026-07-18 09:00:00,TKYO-010-3,TKYO-010,Band 41 (2500MHz),-83.0,-10.9,5.9,76.8,49.3,121.4
2026-07-18 09:00:00,TKYO-011-1,TKYO-011,Band 1 (2100MHz),-91.4,-5.1,10.5,67.8,45.7,119.7
2026-07-18 09:00:00,TKYO-011-2,TKYO-011,Band 1 (2100MHz),-82.6,-13.9,6.6,72.6,45.0,115.4
2026-07-18 09:00:00,TKYO-011-3,TKYO-011,Band 1 (2100MHz),-81.3,-6.9,14.9,77.7,44.2,117.1
2026-07-18 09:00:00,TKYO-012-1,TKYO-012,Band 41 (2500MHz),-78.5,-14.0,11.0,92.4,52.9,115.9
2026-07-18 09:00:00,TKYO-012-2,TKYO-012,Band 41 (2500MHz),-81.2,-13.7,1.8,66.6,64.1,155.5
2026-07-18 09:00:00,TKYO-012-3,TKYO-012,Band 41 (2500MHz),-79.5,-11.5,5.4,82.1,44.1,73.4
2026-07-18 09:00:00,TKYO-013-1,TKYO-013,Band 1 (2100MHz),-85.1,-14.6,14.2,97.5,65.0,144.9
2026-07-18 09:00:00,TKYO-013-2,TKYO-013,Band 1 (2100MHz),-94.8,-15.8,-1.0,80.4,40.8,126.4
2026-07-18 09:00:00,TKYO-013-3,TKYO-013,Band 1 (2100MHz),-81.2,-12.8,13.7,67.1,69.1,120.2
2026-07-18 09:00:00,TKYO-014-1,TKYO-014,Band 41 (2500MHz),-84.7,-12.0,11.7,83.7,52.8,142.8
2026-07-18 09:00:00,TKYO-014-2,TKYO-014,Band 41 (2500MHz),-97.3,-15.7,3.4,59.0,42.8,115.2
2026-07-18 09:00:00,TKYO-014-3,TKYO-014,Band 41 (2500MHz),-85.1,-13.8,0.9,59.3,41.4,112.5
2026-07-18 09:00:00,TKYO-015-1,TKYO-015,Band 1 (2100MHz),-82.4,-15.3,-0.8,99.1,41.9,136.1
2026-07-18 09:00:00,TKYO-015-2,TKYO-015,Band 1 (2100MHz),-88.5,-11.7,5.8,70.8,48.1,141.0
2026-07-18 09:00:00,TKYO-015-3,TKYO-015,Band 1 (2100MHz),-84.7,-13.0,5.7,91.3,54.0,137.0
2026-07-18 09:00:00,TKYO-016-1,TKYO-016,Band 41 (2500MHz),-82.5,-12.5,1.1,82.6,29.5,66.5
2026-07-18 09:00:00,TKYO-016-2,TKYO-016,Band 41 (2500MHz),-81.3,-15.4,14.1,68.7,47.6,149.2
2026-07-18 09:00:00,TKYO-016-3,TKYO-016,Band 41 (2500MHz),-85.7,-12.5,3.6,90.8,38.2,130.2
2026-07-18 10:00:00,TKYO-001-1,TKYO-001,Band 1 (2100MHz),-87.5,-13.1,6.8,23.6,13.9,75.9
2026-07-18 10:00:00,TKYO-001-2,TKYO-001,Band 1 (2100MHz),-89.4,-6.2,8.6,34.8,14.9,17.9
2026-07-18 10:00:00,TKYO-001-3,TKYO-001,Band 1 (2100MHz),-81.0,-8.5,8.9,17.5,5.1,33.8
2026-07-18 10:00:00,TKYO-002-1,TKYO-002,Band 41 (2500MHz),-82.2,-7.5,3.0,7.9,19.6,62.4
2026-07-18 10:00:00,TKYO-002-2,TKYO-002,Band 41 (2500MHz),-87.0,-9.5,5.8,13.4,17.2,21.6
2026-07-18 10:00:00,TKYO-002-3,TKYO-002,Band 41 (2500MHz),-83.4,-10.3,6.1,24.1,28.0,21.7
2026-07-18 10:00:00,TKYO-003-1,TKYO-003,Band 1 (2100MHz),-80.9,-13.6,11.3,9.0,18.5,54.1
2026-07-18 10:00:00,TKYO-003-2,TKYO-003,Band 1 (2100MHz),-92.5,-14.8,5.1,38.3,18.1,56.4
2026-07-18 10:00:00,TKYO-003-3,TKYO-003,Band 1 (2100MHz),-80.3,-11.2,10.1,11.3,5.1,68.6
2026-07-18 10:00:00,TKYO-004-1,TKYO-004,Band 41 (2500MHz),-87.8,-10.8,10.4,39.5,21.1,39.9
2026-07-18 10:00:00,TKYO-004-2,TKYO-004,Band 41 (2500MHz),-81.0,-9.0,0.0,13.9,5.3,41.9
2026-07-18 10:00:00,TKYO-004-3,TKYO-004,Band 41 (2500MHz),-88.8,-10.9,6.8,18.6,6.4,51.3
2026-07-18 10:00:00,TKYO-005-1,TKYO-005,Band 1 (2100MHz),-89.1,-6.5,16.5,52.5,8.3,69.3
2026-07-18 10:00:00,TKYO-005-2,TKYO-005,Band 1 (2100MHz),-83.0,-11.5,10.2,27.3,17.0,18.4
2026-07-18 10:00:00,TKYO-005-3,TKYO-005,Band 1 (2100MHz),-97.8,-11.9,-6.0,31.0,12.9,39.3
2026-07-18 10:00:00,TKYO-006-1,TKYO-006,Band 41 (2500MHz),-86.7,-10.4,4.7,30.9,9.7,40.5
2026-07-18 10:00:00,TKYO-006-2,TKYO-006,Band 41 (2500MHz),-85.8,-5.9,11.8,46.2,3.4,21.6
2026-07-18 10:00:00,TKYO-006-3,TKYO-006,Band 41 (2500MHz),-82.3,-9.1,6.4,19.5,17.4,34.5
2026-07-18 10:00:00,TKYO-007-1,TKYO-007,Band 1 (2100MHz),-81.1,-9.4,12.7,3.5,16.3,67.1
2026-07-18 10:00:00,TKYO-007-2,TKYO-007,Band 1 (2100MHz),-84.8,-8.0,-1.9,6.7,18.9,40.3
2026-07-18 10:00:00,TKYO-007-3,TKYO-007,Band 1 (2100MHz),-106.8,-11.8,-10.0,32.7,18.3,42.5
2026-07-18 10:00:00,TKYO-008-1,TKYO-008,Band 41 (2500MHz),-85.4,-7.8,6.2,25.5,9.8,68.1
2026-07-18 10:00:00,TKYO-008-2,TKYO-008,Band 41 (2500MHz),-87.7,-8.3,3.7,25.1,5.3,55.0
2026-07-18 10:00:00,TKYO-008-3,TKYO-008,Band 41 (2500MHz),-94.1,-13.6,5.1,34.9,3.9,25.2
2026-07-18 10:00:00,TKYO-009-1,TKYO-009,Band 1 (2100MHz),-90.0,-8.7,9.0,14.1,20.1,44.4
2026-07-18 10:00:00,TKYO-009-2,TKYO-009,Band 1 (2100MHz),-88.7,-8.2,10.9,2.5,7.0,56.5
2026-07-18 10:00:00,TKYO-009-3,TKYO-009,Band 1 (2100MHz),-88.5,-9.6,6.5,31.6,12.4,17.4
2026-07-18 10:00:00,TKYO-010-1,TKYO-010,Band 41 (2500MHz),-85.6,-12.8,-2.8,26.8,8.2,17.7
2026-07-18 10:00:00,TKYO-010-2,TKYO-010,Band 41 (2500MHz),-80.9,-8.3,4.9,23.6,2.0,79.0
2026-07-18 10:00:00,TKYO-010-3,TKYO-010,Band 41 (2500MHz),-84.4,-8.2,7.9,28.0,16.5,49.2
2026-07-18 10:00:00,TKYO-011-1,TKYO-011,Band 1 (2100MHz),-80.0,-9.5,9.0,15.3,21.8,40.4
2026-07-18 10:00:00,TKYO-011-2,TKYO-011,Band 1 (2100MHz),-86.2,-6.9,3.0,4.4,14.8,7.6
2026-07-18 10:00:00,TKYO-011-3,TKYO-011,Band 1 (2100MHz),-78.1,-7.6,15.6,34.7,15.6,40.2
2026-07-18 10:00:00,TKYO-012-1,TKYO-012,Band 41 (2500MHz),-76.0,-7.8,-5.5,26.3,12.2,5.6
2026-07-18 10:00:00,TKYO-012-2,TKYO-012,Band 41 (2500MHz),-76.8,-8.1,12.9,27.8,4.2,33.1
2026-07-18 10:00:00,TKYO-012-3,TKYO-012,Band 41 (2500MHz),-83.8,-7.7,3.0,32.7,22.3,86.9
2026-07-18 10:00:00,TKYO-013-1,TKYO-013,Band 1 (2100MHz),-82.2,-9.5,9.6,18.8,16.0,43.6
2026-07-18 10:00:00,TKYO-013-2,TKYO-013,Band 1 (2100MHz),-94.0,-13.9,-3.4,6.6,18.2,71.5
2026-07-18 10:00:00,TKYO-013-3,TKYO-013,Band 1 (2100MHz),-82.7,-11.4,7.7,27.9,14.5,43.6
2026-07-18 10:00:00,TKYO-014-1,TKYO-014,Band 41 (2500MHz),-87.9,-5.8,13.3,5.7,20.9,37.8
2026-07-18 10:00:00,TKYO-014-2,TKYO-014,Band 41 (2500MHz),-91.0,-14.0,9.2,47.9,16.8,0.0
2026-07-18 10:00:00,TKYO-014-3,TKYO-014,Band 41 (2500MHz),-82.5,-8.9,13.8,23.6,21.3,75.3
2026-07-18 10:00:00,TKYO-015-1,TKYO-015,Band 1 (2100MHz),-81.4,-9.7,0.6,23.8,6.2,0.0
2026-07-18 10:00:00,TKYO-015-2,TKYO-015,Band 1 (2100MHz),-89.0,-11.4,11.7,30.4,11.2,12.4
2026-07-18 10:00:00,TKYO-015-3,TKYO-015,Band 1 (2100MHz),-82.8,-10.4,11.6,13.9,3.7,41.9
2026-07-18 10:00:00,TKYO-016-1,TKYO-016,Band 41 (2500MHz),-84.9,-8.1,2.0,20.3,0.0,52.0
2026-07-18 10:00:00,TKYO-016-2,TKYO-016,Band 41 (2500MHz),-84.3,-8.3,7.6,32.8,8.6,18.9
2026-07-18 10:00:00,TKYO-016-3,TKYO-016,Band 41 (2500MHz),-84.4,-8.4,10.4,30.5,6.3,7.2
2026-07-18 11:00:00,TKYO-001-1,TKYO-001,Band 1 (2100MHz),-79.0,-12.0,4.4,63.3,25.8,121.7
2026-07-18 11:00:00,TKYO-001-2,TKYO-001,Band 1 (2100MHz),-91.9,-10.9,12.2,50.3,40.0,111.4
2026-07-18 11:00:00,TKYO-001-3,TKYO-001,Band 1 (2100MHz),-89.0,-9.5,15.0,92.6,50.7,139.0
2026-07-18 11:00:00,TKYO-002-1,TKYO-002,Band 41 (2500MHz),-80.5,-11.9,5.6,43.4,60.4,135.9
2026-07-18 11:00:00,TKYO-002-2,TKYO-002,Band 41 (2500MHz),-80.9,-12.2,5.3,60.3,31.2,137.9
2026-07-18 11:00:00,TKYO-002-3,TKYO-002,Band 41 (2500MHz),-88.4,-8.5,14.3,74.2,57.8,121.3
2026-07-18 11:00:00,TKYO-003-1,TKYO-003,Band 1 (2100MHz),-81.9,-11.5,-3.3,73.8,52.4,73.2
2026-07-18 11:00:00,TKYO-003-2,TKYO-003,Band 1 (2100MHz),-86.4,-13.1,7.7,70.9,38.3,92.5
2026-07-18 11:00:00,TKYO-003-3,TKYO-003,Band 1 (2100MHz),-86.7,-12.2,3.6,73.0,38.2,122.1
2026-07-18 11:00:00,TKYO-004-1,TKYO-004,Band 41 (2500MHz),-77.8,-10.6,2.9,83.3,39.5,74.9
2026-07-18 11:00:00,TKYO-004-2,TKYO-004,Band 41 (2500MHz),-81.1,-9.6,12.9,70.9,51.3,93.5
2026-07-18 11:00:00,TKYO-004-3,TKYO-004,Band 41 (2500MHz),-88.5,-12.6,11.0,82.9,45.7,120.9
2026-07-18 11:00:00,TKYO-005-1,TKYO-005,Band 1 (2100MHz),-82.6,-10.5,0.5,61.4,49.5,120.0
2026-07-18 11:00:00,TKYO-005-2,TKYO-005,Band 1 (2100MHz),-85.1,-12.5,2.8,68.8,46.9,113.5
2026-07-18 11:00:00,TKYO-005-3,TKYO-005,Band 1 (2100MHz),-100.2,-17.9,3.8,70.2,47.8,84.5
2026-07-18 11:00:00,TKYO-006-1,TKYO-006,Band 41 (2500MHz),-81.5,-11.0,1.8,80.9,57.9,87.3
2026-07-18 11:00:00,TKYO-006-2,TKYO-006,Band 41 (2500MHz),-85.4,-12.5,5.6,64.0,26.6,114.2
2026-07-18 11:00:00,TKYO-006-3,TKYO-006,Band 41 (2500MHz),-81.3,-10.1,2.9,77.2,52.9,104.3
2026-07-18 11:00:00,TKYO-007-1,TKYO-007,Band 1 (2100MHz),-78.4,-7.7,3.1,68.0,38.8,134.7
2026-07-18 11:00:00,TKYO-007-2,TKYO-007,Band 1 (2100MHz),-83.3,-15.0,14.8,60.1,44.2,101.7
2026-07-18 11:00:00,TKYO-007-3,TKYO-007,Band 1 (2100MHz),-96.9,-16.2,2.7,100.0,48.5,115.5
2026-07-18 11:00:00,TKYO-008-1,TKYO-008,Band 41 (2500MHz),-85.9,-12.1,4.2,54.9,28.6,96.3
2026-07-18 11:00:00,TKYO-008-2,TKYO-008,Band 41 (2500MHz),-83.2,-7.1,12.3,66.5,49.4,66.5
2026-07-18 11:00:00,TKYO-008-3,TKYO-008,Band 41 (2500MHz),-76.1,-11.8,-4.0,75.1,34.8,113.0
2026-07-18 11:00:00,TKYO-009-1,TKYO-009,Band 1 (2100MHz),-78.3,-9.0,8.4,91.3,47.5,93.2
2026-07-18 11:00:00,TKYO-009-2,TKYO-009,Band 1 (2100MHz),-84.4,-14.5,5.4,60.9,51.7,151.7
2026-07-18 11:00:00,TKYO-009-3,TKYO-009,Band 1 (2100MHz),-80.1,-13.7,0.6,72.7,37.6,49.4
2026-07-18 11:00:00,TKYO-010-1,TKYO-010,Band 41 (2500MHz),-81.7,-10.3,12.9,57.0,30.5,105.2
2026-07-18 11:00:00,TKYO-010-2,TKYO-010,Band 41 (2500MHz),-78.4,-11.3,0.8,60.9,45.8,140.3
2026-07-18 11:00:00,TKYO-010-3,TKYO-010,Band 41 (2500MHz),-79.5,-16.6,-5.1,51.3,40.9,135.1
2026-07-18 11:00:00,TKYO-011-1,TKYO-011,Band 1 (2100MHz),-87.4,-13.7,-3.1,79.0,48.5,93.8
2026-07-18 11:00:00,TKYO-011-2,TKYO-011,Band 1 (2100MHz),-81.9,-10.5,6.0,57.7,32.5,138.9
2026-07-18 11:00:00,TKYO-011-3,TKYO-011,Band 1 (2100MHz),-78.5,-12.0,16.0,76.4,43.5,102.8
2026-07-18 11:00:00,TKYO-012-1,TKYO-012,Band 41 (2500MHz),-84.9,-10.4,7.9,64.6,34.8,70.9
2026-07-18 11:00:00,TKYO-012-2,TKYO-012,Band 41 (2500MHz),-79.7,-11.4,11.0,80.1,28.2,135.3
2026-07-18 11:00:00,TKYO-012-3,TKYO-012,Band 41 (2500MHz),-79.2,-8.9,4.4,62.4,49.2,109.0
2026-07-18 11:00:00,TKYO-013-1,TKYO-013,Band 1 (2100MHz),-84.1,-5.7,3.1,86.5,42.4,81.3
2026-07-18 11:00:00,TKYO-013-2,TKYO-013,Band 1 (2100MHz),-102.3,-14.1,-4.0,74.1,40.5,109.6
2026-07-18 11:00:00,TKYO-013-3,TKYO-013,Band 1 (2100MHz),-85.4,-9.8,13.9,66.8,28.2,132.0
2026-07-18 11:00:00,TKYO-014-1,TKYO-014,Band 41 (2500MHz),-87.4,-11.4,11.4,77.8,51.0,77.0
2026-07-18 11:00:00,TKYO-014-2,TKYO-014,Band 41 (2500MHz),-95.0,-17.7,1.4,76.2,43.4,123.8
2026-07-18 11:00:00,TKYO-014-3,TKYO-014,Band 41 (2500MHz),-84.3,-10.5,4.8,57.7,44.5,120.1
2026-07-18 11:00:00,TKYO-015-1,TKYO-015,Band 1 (2100MHz),-88.7,-10.9,14.9,51.6,42.5,132.8
2026-07-18 11:00:00,TKYO-015-2,TKYO-015,Band 1 (2100MHz),-85.3,-12.2,8.4,78.5,44.9,108.3
2026-07-18 11:00:00,TKYO-015-3,TKYO-015,Band 1 (2100MHz),-82.7,-11.4,8.4,73.8,56.2,117.0
2026-07-18 11:00:00,TKYO-016-1,TKYO-016,Band 41 (2500MHz),-81.4,-13.5,9.9,56.8,30.0,125.6
2026-07-18 11:00:00,TKYO-016-2,TKYO-016,Band 41 (2500MHz),-92.5,-10.1,2.1,79.4,53.2,91.1
2026-07-18 11:00:00,TKYO-016-3,TKYO-016,Band 41 (2500MHz),-83.8,-7.2,7.7,60.7,47.5,98.4
2026-07-18 12:00:00,TKYO-001-1,TKYO-001,Band 1 (2100MHz),-83.0,-15.8,15.6,64.2,58.0,108.7
2026-07-18 12:00:00,TKYO-001-2,TKYO-001,Band 1 (2100MHz),-85.0,-10.7,13.6,80.6,29.7,123.7
2026-07-18 12:00:00,TKYO-001-3,TKYO-001,Band 1 (2100MHz),-80.9,-14.2,7.5,58.6,39.6,138.5
2026-07-18 12:00:00,TKYO-002-1,TKYO-002,Band 41 (2500MHz),-86.8,-11.4,1.5,67.8,30.4,101.6
2026-07-18 12:00:00,TKYO-002-2,TKYO-002,Band 41 (2500MHz),-82.1,-10.7,-1.8,62.5,41.0,150.2
2026-07-18 12:00:00,TKYO-002-3,TKYO-002,Band 41 (2500MHz),-84.9,-12.5,-4.3,66.7,40.7,126.6
2026-07-18 12:00:00,TKYO-003-1,TKYO-003,Band 1 (2100MHz),-85.2,-10.1,7.2,82.7,41.3,117.6
2026-07-18 12:00:00,TKYO-003-2,TKYO-003,Band 1 (2100MHz),-99.4,-14.8,-0.9,89.2,56.9,137.6
2026-07-18 12:00:00,TKYO-003-3,TKYO-003,Band 1 (2100MHz),-83.3,-7.5,7.7,51.8,33.3,120.3
2026-07-18 12:00:00,TKYO-004-1,TKYO-004,Band 41 (2500MHz),-82.5,-11.1,-0.8,82.5,41.4,113.2
2026-07-18 12:00:00,TKYO-004-2,TKYO-004,Band 41 (2500MHz),-75.4,-15.8,3.4,85.3,48.4,123.5
2026-07-18 12:00:00,TKYO-004-3,TKYO-004,Band 41 (2500MHz),-87.3,-13.3,7.8,68.6,38.2,116.7
2026-07-18 12:00:00,TKYO-005-1,TKYO-005,Band 1 (2100MHz),-87.5,-4.6,6.5,86.3,36.6,120.3
2026-07-18 12:00:00,TKYO-005-2,TKYO-005,Band 1 (2100MHz),-81.8,-9.6,3.2,62.0,28.5,86.7
2026-07-18 12:00:00,TKYO-005-3,TKYO-005,Band 1 (2100MHz),-95.7,-14.1,3.5,75.5,34.4,73.6
2026-07-18 12:00:00,TKYO-006-1,TKYO-006,Band 41 (2500MHz),-81.3,-12.5,9.0,63.6,49.1,108.8
2026-07-18 12:00:00,TKYO-006-2,TKYO-006,Band 41 (2500MHz),-82.4,-12.3,5.8,52.5,49.2,127.3
2026-07-18 12:00:00,TKYO-006-3,TKYO-006,Band 41 (2500MHz),-77.7,-9.6,2.6,84.5,44.5,80.9
2026-07-18 12:00:00,TKYO-007-1,TKYO-007,Band 1 (2100MHz),-83.7,-14.8,8.0,57.9,46.9,85.8
2026-07-18 12:00:00,TKYO-007-2,TKYO-007,Band 1 (2100MHz),-84.1,-9.5,11.6,81.6,43.7,107.9
2026-07-18 12:00:00,TKYO-007-3,TKYO-007,Band 1 (2100MHz),-98.8,-19.8,2.6,71.9,33.0,134.8
2026-07-18 12:00:00,TKYO-008-1,TKYO-008,Band 41 (2500MHz),-85.4,-14.2,12.6,54.0,39.9,106.2
2026-07-18 12:00:00,TKYO-008-2,TKYO-008,Band 41 (2500MHz),-84.0,-14.8,8.1,71.6,50.7,140.4
2026-07-18 12:00:00,TKYO-008-3,TKYO-008,Band 41 (2500MHz),-92.8,-5.1,0.0,55.9,40.8,72.8
2026-07-18 12:00:00,TKYO-009-1,TKYO-009,Band 1 (2100MHz),-80.5,-12.9,17.6,85.6,45.9,127.0
2026-07-18 12:00:00,TKYO-009-2,TKYO-009,Band 1 (2100MHz),-86.6,-15.1,7.5,75.2,20.7,127.3
2026-07-18 12:00:00,TKYO-009-3,TKYO-009,Band 1 (2100MHz),-81.4,-10.8,17.7,57.3,32.0,172.5
2026-07-18 12:00:00,TKYO-010-1,TKYO-010,Band 41 (2500MHz),-82.4,-14.2,5.0,42.9,43.8,101.5
2026-07-18 12:00:00,TKYO-010-2,TKYO-010,Band 41 (2500MHz),-86.7,-10.1,4.3,44.9,46.0,108.1
2026-07-18 12:00:00,TKYO-010-3,TKYO-010,Band 41 (2500MHz),-75.9,-12.4,5.7,74.3,57.0,106.4
2026-07-18 12:00:00,TKYO-011-1,TKYO-011,Band 1 (2100MHz),-84.5,-8.3,4.5,77.7,48.4,132.2
2026-07-18 12:00:00,TKYO-011-2,TKYO-011,Band 1 (2100MHz),-85.2,-11.4,11.1,46.4,50.4,93.9
2026-07-18 12:00:00,TKYO-011-3,TKYO-011,Band 1 (2100MHz),-80.6,-12.2,5.4,54.9,48.0,113.5
2026-07-18 12:00:00,TKYO-012-1,TKYO-012,Band 41 (2500MHz),-90.6,-10.2,7.5,71.4,39.0,93.6
2026-07-18 12:00:00,TKYO-012-2,TKYO-012,Band 41 (2500MHz),-82.0,-9.0,5.7,71.6,47.5,97.4
2026-07-18 12:00:00,TKYO-012-3,TKYO-012,Band 41 (2500MHz),-79.8,-10.7,4.4,83.3,47.4,100.8
2026-07-18 12:00:00,TKYO-013-1,TKYO-013,Band 1 (2100MHz),-84.5,-10.5,11.6,63.8,33.1,115.4
2026-07-18 12:00:00,TKYO-013-2,TKYO-013,Band 1 (2100MHz),-90.3,-12.7,-7.3,77.9,27.2,95.4
2026-07-18 12:00:00,TKYO-013-3,TKYO-013,Band 1 (2100MHz),-89.8,-11.8,14.5,47.3,28.9,104.8
2026-07-18 12:00:00,TKYO-014-1,TKYO-014,Band 41 (2500MHz),-78.6,-9.5,11.4,51.3,34.6,87.2
2026-07-18 12:00:00,TKYO-014-2,TKYO-014,Band 41 (2500MHz),-95.4,-16.9,-4.6,64.9,42.3,119.5
2026-07-18 12:00:00,TKYO-014-3,TKYO-014,Band 41 (2500MHz),-86.6,-12.0,13.0,89.0,28.3,106.9
2026-07-18 12:00:00,TKYO-015-1,TKYO-015,Band 1 (2100MHz),-76.9,-12.5,4.8,70.1,46.3,85.8
2026-07-18 12:00:00,TKYO-015-2,TKYO-015,Band 1 (2100MHz),-83.3,-12.2,16.9,83.3,20.6,113.7
2026-07-18 12:00:00,TKYO-015-3,TKYO-015,Band 1 (2100MHz),-86.9,-13.6,5.3,39.3,24.8,84.1
2026-07-18 12:00:00,TKYO-016-1,TKYO-016,Band 41 (2500MHz),-81.0,-12.4,2.1,65.5,39.3,111.3
2026-07-18 12:00:00,TKYO-016-2,TKYO-016,Band 41 (2500MHz),-84.7,-7.3,0.3,76.4,46.1,138.1
2026-07-18 12:00:00,TKYO-016-3,TKYO-016,Band 41 (2500MHz),-85.7,-9.0,4.7,65.5,35.0,93.3
2026-07-18 13:00:00,TKYO-001-1,TKYO-001,Band 1 (2100MHz),-78.7,-10.3,3.1,71.1,49.0,130.2
2026-07-18 13:00:00,TKYO-001-2,TKYO-001,Band 1 (2100MHz),-79.0,-9.4,2.9,60.6,36.7,140.3
2026-07-18 13:00:00,TKYO-001-3,TKYO-001,Band 1 (2100MHz),-87.4,-8.8,6.8,83.9,45.4,156.1
2026-07-18 13:00:00,TKYO-002-1,TKYO-002,Band 41 (2500MHz),-79.6,-8.5,6.7,70.4,44.4,124.3
2026-07-18 13:00:00,TKYO-002-2,TKYO-002,Band 41 (2500MHz),-84.4,-11.4,5.6,69.8,33.8,64.0
2026-07-18 13:00:00,TKYO-002-3,TKYO-002,Band 41 (2500MHz),-84.1,-12.2,19.3,97.0,47.2,133.7
2026-07-18 13:00:00,TKYO-003-1,TKYO-003,Band 1 (2100MHz),-83.6,-10.0,10.7,80.4,48.8,92.1
2026-07-18 13:00:00,TKYO-003-2,TKYO-003,Band 1 (2100MHz),-100.7,-15.5,5.8,42.2,59.0,90.4
2026-07-18 13:00:00,TKYO-003-3,TKYO-003,Band 1 (2100MHz),-85.1,-8.3,7.3,81.8,44.6,124.9
2026-07-18 13:00:00,TKYO-004-1,TKYO-004,Band 41 (2500MHz),-87.8,-9.5,5.0,52.5,40.4,122.5
2026-07-18 13:00:00,TKYO-004-2,TKYO-004,Band 41 (2500MHz),-85.0,-11.1,3.9,65.5,21.2,90.6
2026-07-18 13:00:00,TKYO-004-3,TKYO-004,Band 41 (2500MHz),-84.1,-11.0,-1.5,70.5,51.3,78.2
2026-07-18 13:00:00,TKYO-005-1,TKYO-005,Band 1 (2100MHz),-83.3,-9.3,12.5,92.0,45.0,111.6
2026-07-18 13:00:00,TKYO-005-2,TKYO-005,Band 1 (2100MHz),-92.7,-13.2,6.2,64.2,42.5,147.5
2026-07-18 13:00:00,TKYO-005-3,TKYO-005,Band 1 (2100MHz),-100.5,-14.8,2.8,68.0,32.8,72.2
2026-07-18 13:00:00,TKYO-006-1,TKYO-006,Band 41 (2500MHz),-82.0,-10.1,2.6,61.8,52.5,112.4
2026-07-18 13:00:00,TKYO-006-2,TKYO-006,Band 41 (2500MHz),-87.8,-11.1,9.0,75.1,45.7,133.0
2026-07-18 13:00:00,TKYO-006-3,TKYO-006,Band 41 (2500MHz),-85.4,-10.5,5.1,71.3,40.4,74.5
2026-07-18 13:00:00,TKYO-007-1,TKYO-007,Band 1 (2100MHz),-82.9,-10.2,5.2,57.7,41.1,120.2
2026-07-18 13:00:00,TKYO-007-2,TKYO-007,Band 1 (2100MHz),-88.0,-8.6,2.8,79.8,41.5,102.3
2026-07-18 13:00:00,TKYO-007-3,TKYO-007,Band 1 (2100MHz),-99.1,-13.3,6.5,58.4,26.1,100.6
2026-07-18 13:00:00,TKYO-008-1,TKYO-008,Band 41 (2500MHz),-86.0,-11.1,11.3,61.8,19.9,117.3
2026-07-18 13:00:00,TKYO-008-2,TKYO-008,Band 41 (2500MHz),-83.2,-12.3,3.5,61.4,61.4,135.3
2026-07-18 13:00:00,TKYO-008-3,TKYO-008,Band 41 (2500MHz),-78.4,-10.0,0.8,69.3,46.6,130.1
2026-07-18 13:00:00,TKYO-009-1,TKYO-009,Band 1 (2100MHz),-93.9,-11.5,6.9,65.1,40.1,94.1
2026-07-18 13:00:00,TKYO-009-2,TKYO-009,Band 1 (2100MHz),-85.3,-13.6,4.5,86.1,48.5,96.5
2026-07-18 13:00:00,TKYO-009-3,TKYO-009,Band 1 (2100MHz),-85.4,-11.5,12.5,58.8,35.5,160.2
2026-07-18 13:00:00,TKYO-010-1,TKYO-010,Band 41 (2500MHz),-82.0,-13.1,8.3,54.2,38.6,141.5
2026-07-18 13:00:00,TKYO-010-2,TKYO-010,Band 41 (2500MHz),-86.5,-13.0,5.1,61.9,40.1,87.4
2026-07-18 13:00:00,TKYO-010-3,TKYO-010,Band 41 (2500MHz),-90.7,-11.4,8.2,64.1,34.0,106.1
2026-07-18 13:00:00,TKYO-011-1,TKYO-011,Band 1 (2100MHz),-84.2,-9.5,9.4,76.8,30.8,144.1
2026-07-18 13:00:00,TKYO-011-2,TKYO-011,Band 1 (2100MHz),-82.2,-13.6,14.0,54.1,37.9,146.1
2026-07-18 13:00:00,TKYO-011-3,TKYO-011,Band 1 (2100MHz),-78.8,-10.1,15.4,71.4,39.3,169.2
2026-07-18 13:00:00,TKYO-012-1,TKYO-012,Band 41 (2500MHz),-81.6,-6.5,5.9,77.8,34.9,109.5
2026-07-18 13:00:00,TKYO-012-2,TKYO-012,Band 41 (2500MHz),-79.5,-12.0,11.3,54.1,22.1,143.0
2026-07-18 13:00:00,TKYO-012-3,TKYO-012,Band 41 (2500MHz),-90.6,-9.7,13.9,55.9,55.1,109.7
2026-07-18 13:00:00,TKYO-013-1,TKYO-013,Band 1 (2100MHz),-80.0,-7.9,9.1,65.4,34.3,112.3
2026-07-18 13:00:00,TKYO-013-2,TKYO-013,Band 1 (2100MHz),-92.3,-16.2,-9.9,76.2,38.8,135.6
2026-07-18 13:00:00,TKYO-013-3,TKYO-013,Band 1 (2100MHz),-89.4,-11.9,4.0,70.3,41.7,152.4
2026-07-18 13:00:00,TKYO-014-1,TKYO-014,Band 41 (2500MHz),-87.8,-14.2,12.5,68.8,37.8,97.4
2026-07-18 13:00:00,TKYO-014-2,TKYO-014,Band 41 (2500MHz),-98.2,-13.9,-1.0,83.6,58.3,122.6
2026-07-18 13:00:00,TKYO-014-3,TKYO-014,Band 41 (2500MHz),-82.5,-10.0,0.5,70.7,43.7,104.3
2026-07-18 13:00:00,TKYO-015-1,TKYO-015,Band 1 (2100MHz),-88.6,-15.4,6.5,55.2,40.9,94.4
2026-07-18 13:00:00,TKYO-015-2,TKYO-015,Band 1 (2100MHz),-85.0,-10.1,12.3,74.5,47.9,136.4
2026-07-18 13:00:00,TKYO-015-3,TKYO-015,Band 1 (2100MHz),-80.8,-13.4,15.3,74.5,36.0,82.2
2026-07-18 13:00:00,TKYO-016-1,TKYO-016,Band 41 (2500MHz),-82.6,-9.3,6.3,61.6,43.3,137.8
2026-07-18 13:00:00,TKYO-016-2,TKYO-016,Band 41 (2500MHz),-82.0,-10.2,7.6,71.2,36.7,93.3
2026-07-18 13:00:00,TKYO-016-3,TKYO-016,Band 41 (2500MHz),-77.9,-12.7,8.7,59.6,47.0,125.7
2026-07-18 14:00:00,TKYO-001-1,TKYO-001,Band 1 (2100MHz),-84.3,-12.4,12.5,54.6,47.4,118.9
2026-07-18 14:00:00,TKYO-001-2,TKYO-001,Band 1 (2100MHz),-82.1,-15.1,4.7,50.6,41.2,107.4
2026-07-18 14:00:00,TKYO-001-3,TKYO-001,Band 1 (2100MHz),-77.9,-12.4,6.0,77.9,34.5,139.4
2026-07-18 14:00:00,TKYO-002-1,TKYO-002,Band 41 (2500MHz),-77.6,-9.9,14.0,81.9,52.9,117.2
2026-07-18 14:00:00,TKYO-002-2,TKYO-002,Band 41 (2500MHz),-83.1,-9.1,3.2,54.9,37.7,114.2
2026-07-18 14:00:00,TKYO-002-3,TKYO-002,Band 41 (2500MHz),-84.5,-13.7,10.0,69.1,36.9,93.7
2026-07-18 14:00:00,TKYO-003-1,TKYO-003,Band 1 (2100MHz),-81.2,-12.0,2.1,57.9,47.1,120.3
2026-07-18 14:00:00,TKYO-003-2,TKYO-003,Band 1 (2100MHz),-100.9,-15.6,8.4,70.2,32.6,104.0
2026-07-18 14:00:00,TKYO-003-3,TKYO-003,Band 1 (2100MHz),-88.0,-8.7,13.3,48.9,35.7,103.2
2026-07-18 14:00:00,TKYO-004-1,TKYO-004,Band 41 (2500MHz),-78.8,-11.9,11.4,82.3,37.0,80.2
2026-07-18 14:00:00,TKYO-004-2,TKYO-004,Band 41 (2500MHz),-98.0,-14.2,8.4,76.0,34.5,75.0
2026-07-18 14:00:00,TKYO-004-3,TKYO-004,Band 41 (2500MHz),-78.3,-11.1,7.8,83.0,53.9,150.2
2026-07-18 14:00:00,TKYO-005-1,TKYO-005,Band 1 (2100MHz),-85.8,-14.2,8.7,60.4,28.0,113.2
2026-07-18 14:00:00,TKYO-005-2,TKYO-005,Band 1 (2100MHz),-79.1,-14.0,10.4,70.9,48.4,123.8
2026-07-18 14:00:00,TKYO-005-3,TKYO-005,Band 1 (2100MHz),-97.9,-18.5,2.8,84.2,40.1,148.1
2026-07-18 14:00:00,TKYO-006-1,TKYO-006,Band 41 (2500MHz),-82.2,-10.5,3.2,66.9,24.9,62.5
2026-07-18 14:00:00,TKYO-006-2,TKYO-006,Band 41 (2500MHz),-86.2,-14.5,1.4,73.4,36.7,131.1
2026-07-18 14:00:00,TKYO-006-3,TKYO-006,Band 41 (2500MHz),-78.4,-11.3,4.4,73.4,31.6,97.8
2026-07-18 14:00:00,TKYO-007-1,TKYO-007,Band 1 (2100MHz),-82.0,-11.6,11.9,59.2,38.7,131.4
2026-07-18 14:00:00,TKYO-007-2,TKYO-007,Band 1 (2100MHz),-81.0,-9.5,10.6,62.3,36.0,93.5
2026-07-18 14:00:00,TKYO-007-3,TKYO-007,Band 1 (2100MHz),-94.1,-13.2,1.9,52.6,31.1,105.3
2026-07-18 14:00:00,TKYO-008-1,TKYO-008,Band 41 (2500MHz),-90.4,-10.7,7.1,60.0,46.4,90.7
2026-07-18 14:00:00,TKYO-008-2,TKYO-008,Band 41 (2500MHz),-85.1,-9.8,5.3,85.0,23.9,131.8
2026-07-18 14:00:00,TKYO-008-3,TKYO-008,Band 41 (2500MHz),-76.4,-13.1,8.4,78.3,35.1,104.2
2026-07-18 14:00:00,TKYO-009-1,TKYO-009,Band 1 (2100MHz),-88.2,-7.7,9.1,64.7,36.3,124.5
2026-07-18 14:00:00,TKYO-009-2,TKYO-009,Band 1 (2100MHz),-81.6,-10.5,11.2,59.4,37.0,98.9
2026-07-18 14:00:00,TKYO-009-3,TKYO-009,Band 1 (2100MHz),-93.2,-7.4,9.0,73.9,43.2,121.2
2026-07-18 14:00:00,TKYO-010-1,TKYO-010,Band 41 (2500MHz),-83.0,-9.7,6.9,65.9,41.4,139.6
2026-07-18 14:00:00,TKYO-010-2,TKYO-010,Band 41 (2500MHz),-88.1,-10.9,11.4,90.2,31.5,107.0
2026-07-18 14:00:00,TKYO-010-3,TKYO-010,Band 41 (2500MHz),-81.4,-10.4,3.7,72.2,46.0,126.0
2026-07-18 14:00:00,TKYO-011-1,TKYO-011,Band 1 (2100MHz),-81.7,-11.5,6.9,75.4,36.3,141.4
2026-07-18 14:00:00,TKYO-011-2,TKYO-011,Band 1 (2100MHz),-80.3,-13.1,8.2,80.1,44.8,112.0
2026-07-18 14:00:00,TKYO-011-3,TKYO-011,Band 1 (2100MHz),-80.2,-14.1,9.0,46.5,36.3,97.6
2026-07-18 14:00:00,TKYO-012-1,TKYO-012,Band 41 (2500MHz),-82.1,-11.5,-0.4,46.2,42.0,123.1
2026-07-18 14:00:00,TKYO-012-2,TKYO-012,Band 41 (2500MHz),-81.1,-12.9,8.2,77.5,32.4,126.0
2026-07-18 14:00:00,TKYO-012-3,TKYO-012,Band 41 (2500MHz),-86.5,-12.2,2.3,64.3,28.9,111.8
2026-07-18 14:00:00,TKYO-013-1,TKYO-013,Band 1 (2100MHz),-85.6,-13.8,1.2,77.3,21.1,126.4
2026-07-18 14:00:00,TKYO-013-2,TKYO-013,Band 1 (2100MHz),-94.4,-13.3,0.3,51.1,49.5,115.5
2026-07-18 14:00:00,TKYO-013-3,TKYO-013,Band 1 (2100MHz),-85.8,-10.9,5.0,84.6,51.0,98.5
2026-07-18 14:00:00,TKYO-014-1,TKYO-014,Band 41 (2500MHz),-84.3,-11.9,5.5,78.8,33.6,110.6
2026-07-18 14:00:00,TKYO-014-2,TKYO-014,Band 41 (2500MHz),-95.7,-17.4,4.8,74.0,38.5,86.2
2026-07-18 14:00:00,TKYO-014-3,TKYO-014,Band 41 (2500MHz),-86.6,-8.4,-0.8,67.9,32.4,134.5
2026-07-18 14:00:00,TKYO-015-1,TKYO-015,Band 1 (2100MHz),-86.5,-10.3,5.5,84.2,32.2,108.1
2026-07-18 14:00:00,TKYO-015-2,TKYO-015,Band 1 (2100MHz),-79.4,-12.1,9.5,51.9,49.2,91.8
2026-07-18 14:00:00,TKYO-015-3,TKYO-015,Band 1 (2100MHz),-85.5,-11.7,1.5,61.8,49.1,103.7
2026-07-18 14:00:00,TKYO-016-1,TKYO-016,Band 41 (2500MHz),-83.2,-9.4,6.8,80.3,41.2,124.7
2026-07-18 14:00:00,TKYO-016-2,TKYO-016,Band 41 (2500MHz),-81.9,-15.9,7.4,71.2,53.8,134.1
2026-07-18 14:00:00,TKYO-016-3,TKYO-016,Band 41 (2500MHz),-86.0,-8.7,12.0,69.0,43.1,32.3
2026-07-18 15:00:00,TKYO-001-1,TKYO-001,Band 1 (2100MHz),-86.9,-9.2,8.5,36.5,13.5,54.5
2026-07-18 15:00:00,TKYO-001-2,TKYO-001,Band 1 (2100MHz),-95.2,-4.2,9.9,23.3,20.3,87.1
2026-07-18 15:00:00,TKYO-001-3,TKYO-001,Band 1 (2100MHz),-80.2,-10.1,9.5,22.9,6.6,44.0
2026-07-18 15:00:00,TKYO-002-1,TKYO-002,Band 41 (2500MHz),-85.8,-6.9,5.5,24.7,12.5,13.1
2026-07-18 15:00:00,TKYO-002-2,TKYO-002,Band 41 (2500MHz),-81.6,-13.3,0.3,36.8,6.2,33.1
2026-07-18 15:00:00,TKYO-002-3,TKYO-002,Band 41 (2500MHz),-88.5,-8.3,-2.5,0.1,12.5,30.8
2026-07-18 15:00:00,TKYO-003-1,TKYO-003,Band 1 (2100MHz),-78.8,-8.9,3.1,5.8,31.0,39.7
2026-07-18 15:00:00,TKYO-003-2,TKYO-003,Band 1 (2100MHz),-101.5,-13.8,-1.2,15.2,9.1,20.5
2026-07-18 15:00:00,TKYO-003-3,TKYO-003,Band 1 (2100MHz),-83.8,-11.6,7.4,30.5,3.6,30.1
2026-07-18 15:00:00,TKYO-004-1,TKYO-004,Band 41 (2500MHz),-83.9,-10.0,11.3,33.4,0.0,52.8
2026-07-18 15:00:00,TKYO-004-2,TKYO-004,Band 41 (2500MHz),-81.0,-10.0,1.5,4.9,3.5,40.9
2026-07-18 15:00:00,TKYO-004-3,TKYO-004,Band 41 (2500MHz),-77.2,-7.3,2.7,39.5,17.0,14.5
2026-07-18 15:00:00,TKYO-005-1,TKYO-005,Band 1 (2100MHz),-82.6,-9.4,5.0,25.0,16.0,34.8
2026-07-18 15:00:00,TKYO-005-2,TKYO-005,Band 1 (2100MHz),-80.5,-12.4,10.3,0.4,11.9,0.0
2026-07-18 15:00:00,TKYO-005-3,TKYO-005,Band 1 (2100MHz),-92.1,-12.2,-0.0,24.5,19.7,47.3
2026-07-18 15:00:00,TKYO-006-1,TKYO-006,Band 41 (2500MHz),-83.2,-6.7,16.2,27.6,16.0,30.0
2026-07-18 15:00:00,TKYO-006-2,TKYO-006,Band 41 (2500MHz),-91.3,-8.0,1.8,31.1,0.0,0.0
2026-07-18 15:00:00,TKYO-006-3,TKYO-006,Band 41 (2500MHz),-83.5,-8.4,4.8,16.3,14.8,19.6
2026-07-18 15:00:00,TKYO-007-1,TKYO-007,Band 1 (2100MHz),-80.5,-7.9,9.4,37.8,7.6,72.3
2026-07-18 15:00:00,TKYO-007-2,TKYO-007,Band 1 (2100MHz),-87.1,-6.9,11.7,14.9,14.6,14.7
2026-07-18 15:00:00,TKYO-007-3,TKYO-007,Band 1 (2100MHz),-96.2,-12.7,3.0,2.7,31.0,20.0
2026-07-18 15:00:00,TKYO-008-1,TKYO-008,Band 41 (2500MHz),-83.1,-7.9,0.2,22.3,16.3,50.8
2026-07-18 15:00:00,TKYO-008-2,TKYO-008,Band 41 (2500MHz),-82.8,-7.5,3.0,9.0,6.9,63.6
2026-07-18 15:00:00,TKYO-008-3,TKYO-008,Band 41 (2500MHz),-88.9,-8.9,12.2,43.1,17.9,57.8
2026-07-18 15:00:00,TKYO-009-1,TKYO-009,Band 1 (2100MHz),-85.1,-7.2,3.5,24.3,8.0,23.4
2026-07-18 15:00:00,TKYO-009-2,TKYO-009,Band 1 (2100MHz),-78.0,-10.4,0.2,27.9,21.2,45.8
2026-07-18 15:00:00,TKYO-009-3,TKYO-009,Band 1 (2100MHz),-80.8,-12.1,8.2,20.6,16.1,42.0
2026-07-18 15:00:00,TKYO-010-1,TKYO-010,Band 41 (2500MHz),-83.2,-5.6,2.4,8.6,4.6,34.3
2026-07-18 15:00:00,TKYO-010-2,TKYO-010,Band 41 (2500MHz),-83.9,-11.1,2.3,11.0,9.8,67.0
2026-07-18 15:00:00,TKYO-010-3,TKYO-010,Band 41 (2500MHz),-85.6,-9.9,4.2,31.7,18.4,69.0
2026-07-18 15:00:00,TKYO-011-1,TKYO-011,Band 1 (2100MHz),-82.0,-8.7,12.2,12.6,20.4,41.0
2026-07-18 15:00:00,TKYO-011-2,TKYO-011,Band 1 (2100MHz),-88.7,-11.6,14.0,25.5,10.4,60.6
2026-07-18 15:00:00,TKYO-011-3,TKYO-011,Band 1 (2100MHz),-89.3,-8.3,11.8,56.2,26.4,53.4
2026-07-18 15:00:00,TKYO-012-1,TKYO-012,Band 41 (2500MHz),-79.6,-7.0,9.6,2.8,4.9,73.9
2026-07-18 15:00:00,TKYO-012-2,TKYO-012,Band 41 (2500MHz),-82.3,-7.5,1.5,23.5,35.7,45.4
2026-07-18 15:00:00,TKYO-012-3,TKYO-012,Band 41 (2500MHz),-84.6,-9.7,3.2,32.5,21.7,24.0
2026-07-18 15:00:00,TKYO-013-1,TKYO-013,Band 1 (2100MHz),-77.8,-9.8,8.3,40.3,0.0,26.2
2026-07-18 15:00:00,TKYO-013-2,TKYO-013,Band 1 (2100MHz),-95.8,-13.9,7.3,28.2,1.6,20.4
2026-07-18 15:00:00,TKYO-013-3,TKYO-013,Band 1 (2100MHz),-86.9,-10.9,11.1,9.6,11.3,13.5
2026-07-18 15:00:00,TKYO-014-1,TKYO-014,Band 41 (2500MHz),-80.0,-8.1,10.8,12.9,45.1,47.6
2026-07-18 15:00:00,TKYO-014-2,TKYO-014,Band 41 (2500MHz),-94.8,-14.8,3.1,20.9,18.5,18.3
2026-07-18 15:00:00,TKYO-014-3,TKYO-014,Band 41 (2500MHz),-79.7,-7.2,10.2,33.9,19.7,67.5
2026-07-18 15:00:00,TKYO-015-1,TKYO-015,Band 1 (2100MHz),-83.9,-13.1,19.4,0.0,2.4,40.7
2026-07-18 15:00:00,TKYO-015-2,TKYO-015,Band 1 (2100MHz),-79.9,-10.1,17.5,5.5,8.8,56.2
2026-07-18 15:00:00,TKYO-015-3,TKYO-015,Band 1 (2100MHz),-86.7,-9.0,4.3,28.5,19.9,34.5
2026-07-18 15:00:00,TKYO-016-1,TKYO-016,Band 41 (2500MHz),-84.8,-6.4,3.4,19.5,7.2,46.3
2026-07-18 15:00:00,TKYO-016-2,TKYO-016,Band 41 (2500MHz),-82.3,-8.5,9.8,0.0,13.0,35.8
2026-07-18 15:00:00,TKYO-016-3,TKYO-016,Band 41 (2500MHz),-85.7,-9.9,6.1,23.6,6.8,46.8
2026-07-18 16:00:00,TKYO-001-1,TKYO-001,Band 1 (2100MHz),-82.9,-14.9,12.9,74.6,76.5,144.7
2026-07-18 16:00:00,TKYO-001-2,TKYO-001,Band 1 (2100MHz),-80.4,-11.4,-4.4,98.0,44.7,199.6
2026-07-18 16:00:00,TKYO-001-3,TKYO-001,Band 1 (2100MHz),-82.9,-8.6,14.1,95.5,44.8,139.2
2026-07-18 16:00:00,TKYO-002-1,TKYO-002,Band 41 (2500MHz),-86.3,-10.4,3.7,76.7,49.7,138.3
2026-07-18 16:00:00,TKYO-002-2,TKYO-002,Band 41 (2500MHz),-87.3,-9.8,-2.0,86.7,55.6,145.7
2026-07-18 16:00:00,TKYO-002-3,TKYO-002,Band 41 (2500MHz),-80.3,-14.3,8.3,100.0,46.6,124.9
2026-07-18 16:00:00,TKYO-003-1,TKYO-003,Band 1 (2100MHz),-78.6,-13.2,1.3,87.1,56.3,143.7
2026-07-18 16:00:00,TKYO-003-2,TKYO-003,Band 1 (2100MHz),-97.2,-20.1,2.3,83.7,65.1,159.2
2026-07-18 16:00:00,TKYO-003-3,TKYO-003,Band 1 (2100MHz),-82.2,-14.4,6.6,80.3,42.7,163.2
2026-07-18 16:00:00,TKYO-004-1,TKYO-004,Band 41 (2500MHz),-83.7,-8.1,7.8,100.0,45.4,119.8
2026-07-18 16:00:00,TKYO-004-2,TKYO-004,Band 41 (2500MHz),-82.9,-11.2,4.1,93.0,75.9,143.7
2026-07-18 16:00:00,TKYO-004-3,TKYO-004,Band 41 (2500MHz),-83.6,-12.1,0.6,79.7,56.7,177.9
2026-07-18 16:00:00,TKYO-005-1,TKYO-005,Band 1 (2100MHz),-86.2,-13.6,3.4,100.0,50.2,119.0
2026-07-18 16:00:00,TKYO-005-2,TKYO-005,Band 1 (2100MHz),-84.6,-12.1,0.2,100.0,62.4,118.6
2026-07-18 16:00:00,TKYO-005-3,TKYO-005,Band 1 (2100MHz),-95.2,-17.2,-4.9,86.5,49.8,159.2
2026-07-18 16:00:00,TKYO-006-1,TKYO-006,Band 41 (2500MHz),-90.7,-14.1,8.2,83.8,49.9,126.3
2026-07-18 16:00:00,TKYO-006-2,TKYO-006,Band 41 (2500MHz),-84.3,-13.3,5.3,86.0,48.2,111.6
2026-07-18 16:00:00,TKYO-006-3,TKYO-006,Band 41 (2500MHz),-75.6,-13.5,-7.2,95.9,37.9,139.2
2026-07-18 16:00:00,TKYO-007-1,TKYO-007,Band 1 (2100MHz),-79.1,-13.9,6.2,95.6,60.5,160.3
2026-07-18 16:00:00,TKYO-007-2,TKYO-007,Band 1 (2100MHz),-83.3,-14.2,1.7,100.0,56.5,159.9
2026-07-18 16:00:00,TKYO-007-3,TKYO-007,Band 1 (2100MHz),-98.8,-16.0,-0.6,76.3,62.1,163.8
2026-07-18 16:00:00,TKYO-008-1,TKYO-008,Band 41 (2500MHz),-91.2,-12.3,16.6,93.0,47.0,117.8
2026-07-18 16:00:00,TKYO-008-2,TKYO-008,Band 41 (2500MHz),-84.3,-13.1,5.6,93.7,60.3,135.2
2026-07-18 16:00:00,TKYO-008-3,TKYO-008,Band 41 (2500MHz),-91.6,-13.3,9.7,74.6,54.5,164.0
2026-07-18 16:00:00,TKYO-009-1,TKYO-009,Band 1 (2100MHz),-83.3,-9.6,8.2,92.8,53.9,139.6
2026-07-18 16:00:00,TKYO-009-2,TKYO-009,Band 1 (2100MHz),-80.8,-9.4,9.2,100.0,52.3,161.3
2026-07-18 16:00:00,TKYO-009-3,TKYO-009,Band 1 (2100MHz),-87.7,-11.6,10.3,83.1,66.6,97.5
2026-07-18 16:00:00,TKYO-010-1,TKYO-010,Band 41 (2500MHz),-78.8,-11.6,5.7,100.0,60.2,163.9
2026-07-18 16:00:00,TKYO-010-2,TKYO-010,Band 41 (2500MHz),-77.2,-9.4,4.5,77.4,66.6,140.6
2026-07-18 16:00:00,TKYO-010-3,TKYO-010,Band 41 (2500MHz),-88.6,-17.2,5.2,89.4,52.8,193.3
2026-07-18 16:00:00,TKYO-011-1,TKYO-011,Band 1 (2100MHz),-88.4,-11.5,-0.8,83.9,35.4,145.8
2026-07-18 16:00:00,TKYO-011-2,TKYO-011,Band 1 (2100MHz),-77.6,-8.7,9.3,92.4,36.3,145.4
2026-07-18 16:00:00,TKYO-011-3,TKYO-011,Band 1 (2100MHz),-78.1,-11.7,11.1,100.0,56.7,159.8
2026-07-18 16:00:00,TKYO-012-1,TKYO-012,Band 41 (2500MHz),-86.8,-9.8,2.2,100.0,55.3,132.7
2026-07-18 16:00:00,TKYO-012-2,TKYO-012,Band 41 (2500MHz),-81.9,-13.3,3.1,100.0,37.3,176.3
2026-07-18 16:00:00,TKYO-012-3,TKYO-012,Band 41 (2500MHz),-85.3,-9.4,6.8,72.6,51.6,165.7
2026-07-18 16:00:00,TKYO-013-1,TKYO-013,Band 1 (2100MHz),-87.0,-14.7,8.1,79.5,52.5,140.8
2026-07-18 16:00:00,TKYO-013-2,TKYO-013,Band 1 (2100MHz),-97.9,-15.3,-2.4,95.8,61.8,128.0
2026-07-18 16:00:00,TKYO-013-3,TKYO-013,Band 1 (2100MHz),-78.5,-11.9,2.3,87.9,44.1,116.4
2026-07-18 16:00:00,TKYO-014-1,TKYO-014,Band 41 (2500MHz),-88.6,-14.2,17.6,87.1,64.2,158.0
2026-07-18 16:00:00,TKYO-014-2,TKYO-014,Band 41 (2500MHz),-88.4,-17.4,-3.3,82.1,47.2,147.7
2026-07-18 16:00:00,TKYO-014-3,TKYO-014,Band 41 (2500MHz),-80.3,-11.7,1.3,70.4,47.7,157.7
2026-07-18 16:00:00,TKYO-015-1,TKYO-015,Band 1 (2100MHz),-84.1,-12.1,10.8,80.4,58.4,133.3
2026-07-18 16:00:00,TKYO-015-2,TKYO-015,Band 1 (2100MHz),-84.6,-14.8,7.2,100.0,53.8,161.9
2026-07-18 16:00:00,TKYO-015-3,TKYO-015,Band 1 (2100MHz),-84.4,-12.3,3.7,82.4,46.8,173.9
2026-07-18 16:00:00,TKYO-016-1,TKYO-016,Band 41 (2500MHz),-83.9,-12.8,3.7,92.0,42.5,149.2
2026-07-18 16:00:00,TKYO-016-2,TKYO-016,Band 41 (2500MHz),-88.3,-9.5,3.2,92.5,66.3,156.6
2026-07-18 16:00:00,TKYO-016-3,TKYO-016,Band 41 (2500MHz),-79.9,-12.8,2.0,99.3,53.1,118.1
2026-07-18 17:00:00,TKYO-001-1,TKYO-001,Band 1 (2100MHz),-87.4,-11.8,17.8,100.0,58.7,136.4
2026-07-18 17:00:00,TKYO-001-2,TKYO-001,Band 1 (2100MHz),-79.8,-14.7,4.1,72.0,65.7,165.2
2026-07-18 17:00:00,TKYO-001-3,TKYO-001,Band 1 (2100MHz),-85.9,-16.0,8.7,97.4,63.8,172.4
2026-07-18 17:00:00,TKYO-002-1,TKYO-002,Band 41 (2500MHz),-87.0,-17.0,14.0,100.0,46.1,162.2
2026-07-18 17:00:00,TKYO-002-2,TKYO-002,Band 41 (2500MHz),-80.2,-16.7,3.3,100.0,55.9,163.7
2026-07-18 17:00:00,TKYO-002-3,TKYO-002,Band 41 (2500MHz),-84.5,-15.3,6.9,84.2,61.4,130.8
2026-07-18 17:00:00,TKYO-003-1,TKYO-003,Band 1 (2100MHz),-88.1,-9.1,8.0,100.0,50.5,144.7
2026-07-18 17:00:00,TKYO-003-2,TKYO-003,Band 1 (2100MHz),-97.0,-16.3,-6.7,100.0,59.7,170.6
2026-07-18 17:00:00,TKYO-003-3,TKYO-003,Band 1 (2100MHz),-83.3,-9.5,6.9,100.0,58.7,149.3
2026-07-18 17:00:00,TKYO-004-1,TKYO-004,Band 41 (2500MHz),-85.7,-15.0,5.8,100.0,52.4,129.5
2026-07-18 17:00:00,TKYO-004-2,TKYO-004,Band 41 (2500MHz),-80.0,-15.5,6.5,99.4,59.2,161.0
2026-07-18 17:00:00,TKYO-004-3,TKYO-004,Band 41 (2500MHz),-87.6,-14.4,17.1,100.0,69.0,142.9
2026-07-18 17:00:00,TKYO-005-1,TKYO-005,Band 1 (2100MHz),-88.1,-14.6,3.1,100.0,58.4,163.2
2026-07-18 17:00:00,TKYO-005-2,TKYO-005,Band 1 (2100MHz),-85.8,-10.6,13.8,87.2,63.6,146.0
2026-07-18 17:00:00,TKYO-005-3,TKYO-005,Band 1 (2100MHz),-96.0,-16.3,5.6,100.0,42.5,147.7
2026-07-18 17:00:00,TKYO-006-1,TKYO-006,Band 41 (2500MHz),-86.3,-14.7,4.7,89.8,73.1,144.4
2026-07-18 17:00:00,TKYO-006-2,TKYO-006,Band 41 (2500MHz),-83.3,-13.2,1.0,100.0,46.5,165.8
2026-07-18 17:00:00,TKYO-006-3,TKYO-006,Band 41 (2500MHz),-83.2,-11.0,6.0,100.0,59.5,177.5
2026-07-18 17:00:00,TKYO-007-1,TKYO-007,Band 1 (2100MHz),-87.6,-17.2,9.7,99.0,59.2,176.5
2026-07-18 17:00:00,TKYO-007-2,TKYO-007,Band 1 (2100MHz),-74.6,-15.7,6.0,100.0,60.9,146.6
2026-07-18 17:00:00,TKYO-007-3,TKYO-007,Band 1 (2100MHz),-99.8,-16.4,-4.1,100.0,57.5,163.9
2026-07-18 17:00:00,TKYO-008-1,TKYO-008,Band 41 (2500MHz),-87.8,-14.8,7.0,100.0,57.8,156.5
2026-07-18 17:00:00,TKYO-008-2,TKYO-008,Band 41 (2500MHz),-77.0,-12.6,3.0,88.8,57.2,176.2
2026-07-18 17:00:00,TKYO-008-3,TKYO-008,Band 41 (2500MHz),-81.8,-13.6,-2.4,100.0,47.1,173.2
2026-07-18 17:00:00,TKYO-009-1,TKYO-009,Band 1 (2100MHz),-84.1,-12.3,10.0,91.5,69.6,171.4
2026-07-18 17:00:00,TKYO-009-2,TKYO-009,Band 1 (2100MHz),-80.8,-10.5,10.3,100.0,59.9,201.1
2026-07-18 17:00:00,TKYO-009-3,TKYO-009,Band 1 (2100MHz),-82.8,-10.2,9.1,100.0,73.4,175.9
2026-07-18 17:00:00,TKYO-010-1,TKYO-010,Band 41 (2500MHz),-87.2,-15.0,1.9,91.2,59.1,134.7
2026-07-18 17:00:00,TKYO-010-2,TKYO-010,Band 41 (2500MHz),-85.7,-12.4,0.7,97.3,67.1,170.7
2026-07-18 17:00:00,TKYO-010-3,TKYO-010,Band 41 (2500MHz),-83.0,-15.5,6.0,100.0,54.8,177.7
2026-07-18 17:00:00,TKYO-011-1,TKYO-011,Band 1 (2100MHz),-87.4,-10.2,12.1,95.8,49.9,194.5
2026-07-18 17:00:00,TKYO-011-2,TKYO-011,Band 1 (2100MHz),-90.6,-11.1,19.8,100.0,59.4,169.5
2026-07-18 17:00:00,TKYO-011-3,TKYO-011,Band 1 (2100MHz),-76.5,-14.6,7.0,100.0,55.6,176.4
2026-07-18 17:00:00,TKYO-012-1,TKYO-012,Band 41 (2500MHz),-88.0,-14.5,-0.4,100.0,66.1,179.2
2026-07-18 17:00:00,TKYO-012-2,TKYO-012,Band 41 (2500MHz),-94.9,-14.8,9.7,100.0,50.5,179.7
2026-07-18 17:00:00,TKYO-012-3,TKYO-012,Band 41 (2500MHz),-82.4,-14.1,7.6,86.0,69.4,194.5
2026-07-18 17:00:00,TKYO-013-1,TKYO-013,Band 1 (2100MHz),-88.9,-15.0,11.6,90.1,51.9,175.2
2026-07-18 17:00:00,TKYO-013-2,TKYO-013,Band 1 (2100MHz),-100.3,-18.3,2.2,96.9,61.4,195.6
2026-07-18 17:00:00,TKYO-013-3,TKYO-013,Band 1 (2100MHz),-85.2,-12.4,7.5,95.3,67.6,193.7
2026-07-18 17:00:00,TKYO-014-1,TKYO-014,Band 41 (2500MHz),-84.0,-12.3,6.1,85.0,67.9,189.4
2026-07-18 17:00:00,TKYO-014-2,TKYO-014,Band 41 (2500MHz),-100.9,-16.3,-2.4,90.8,56.5,155.0
2026-07-18 17:00:00,TKYO-014-3,TKYO-014,Band 41 (2500MHz),-86.8,-14.1,0.7,100.0,60.5,159.3
2026-07-18 17:00:00,TKYO-015-1,TKYO-015,Band 1 (2100MHz),-85.3,-11.8,17.0,100.0,46.8,177.7
2026-07-18 17:00:00,TKYO-015-2,TKYO-015,Band 1 (2100MHz),-92.4,-13.1,12.5,93.7,62.1,192.1
2026-07-18 17:00:00,TKYO-015-3,TKYO-015,Band 1 (2100MHz),-86.0,-13.0,4.0,100.0,65.0,153.6
2026-07-18 17:00:00,TKYO-016-1,TKYO-016,Band 41 (2500MHz),-92.9,-9.8,10.3,100.0,53.1,171.7
2026-07-18 17:00:00,TKYO-016-2,TKYO-016,Band 41 (2500MHz),-80.2,-12.5,-1.9,100.0,47.6,215.4
2026-07-18 17:00:00,TKYO-016-3,TKYO-016,Band 41 (2500MHz),-89.2,-15.0,-4.1,100.0,51.4,188.2
2026-07-18 18:00:00,TKYO-001-1,TKYO-001,Band 1 (2100MHz),-81.2,-10.8,9.9,100.0,61.7,177.9
2026-07-18 18:00:00,TKYO-001-2,TKYO-001,Band 1 (2100MHz),-83.9,-18.1,14.0,100.0,69.4,148.2
2026-07-18 18:00:00,TKYO-001-3,TKYO-001,Band 1 (2100MHz),-78.9,-14.1,10.7,100.0,64.7,189.7
2026-07-18 18:00:00,TKYO-002-1,TKYO-002,Band 41 (2500MHz),-81.0,-10.3,5.4,100.0,60.7,195.8
2026-07-18 18:00:00,TKYO-002-2,TKYO-002,Band 41 (2500MHz),-85.4,-14.7,3.6,100.0,57.6,193.8
2026-07-18 18:00:00,TKYO-002-3,TKYO-002,Band 41 (2500MHz),-86.3,-14.4,3.9,97.1,64.2,174.1
2026-07-18 18:00:00,TKYO-003-1,TKYO-003,Band 1 (2100MHz),-82.2,-14.7,16.4,96.0,54.9,183.3
2026-07-18 18:00:00,TKYO-003-2,TKYO-003,Band 1 (2100MHz),-96.2,-17.4,1.7,98.9,68.6,189.3
2026-07-18 18:00:00,TKYO-003-3,TKYO-003,Band 1 (2100MHz),-87.9,-13.3,4.9,92.6,59.0,217.8
2026-07-18 18:00:00,TKYO-004-1,TKYO-004,Band 41 (2500MHz),-83.0,-11.3,13.6,100.0,74.9,204.5
2026-07-18 18:00:00,TKYO-004-2,TKYO-004,Band 41 (2500MHz),-92.1,-13.5,9.4,100.0,65.8,210.3
2026-07-18 18:00:00,TKYO-004-3,TKYO-004,Band 41 (2500MHz),-88.1,-14.5,-0.3,82.3,63.5,142.1
2026-07-18 18:00:00,TKYO-005-1,TKYO-005,Band 1 (2100MHz),-84.3,-12.3,0.7,100.0,54.1,146.2
2026-07-18 18:00:00,TKYO-005-2,TKYO-005,Band 1 (2100MHz),-91.0,-10.0,8.0,100.0,60.0,185.7
2026-07-18 18:00:00,TKYO-005-3,TKYO-005,Band 1 (2100MHz),-99.9,-16.0,-2.1,100.0,61.8,170.6
2026-07-18 18:00:00,TKYO-006-1,TKYO-006,Band 41 (2500MHz),-84.9,-11.4,9.2,100.0,69.3,211.0
2026-07-18 18:00:00,TKYO-006-2,TKYO-006,Band 41 (2500MHz),-85.9,-12.9,7.8,100.0,52.6,174.0
2026-07-18 18:00:00,TKYO-006-3,TKYO-006,Band 41 (2500MHz),-82.4,-14.0,3.7,100.0,59.8,130.5
2026-07-18 18:00:00,TKYO-007-1,TKYO-007,Band 1 (2100MHz),-81.8,-12.3,12.5,100.0,57.6,199.3
2026-07-18 18:00:00,TKYO-007-2,TKYO-007,Band 1 (2100MHz),-90.0,-12.2,18.1,92.9,54.9,162.1
2026-07-18 18:00:00,TKYO-007-3,TKYO-007,Band 1 (2100MHz),-99.2,-15.6,-0.4,100.0,69.4,148.3
2026-07-18 18:00:00,TKYO-008-1,TKYO-008,Band 41 (2500MHz),-84.0,-13.7,12.1,95.9,67.7,179.1
2026-07-18 18:00:00,TKYO-008-2,TKYO-008,Band 41 (2500MHz),-86.2,-13.6,10.8,93.7,49.3,189.1
2026-07-18 18:00:00,TKYO-008-3,TKYO-008,Band 41 (2500MHz),-89.5,-12.6,8.8,100.0,53.6,187.8
2026-07-18 18:00:00,TKYO-009-1,TKYO-009,Band 1 (2100MHz),-79.0,-13.9,3.7,100.0,64.2,181.9
2026-07-18 18:00:00,TKYO-009-2,TKYO-009,Band 1 (2100MHz),-88.0,-15.0,15.7,86.2,67.9,212.2
2026-07-18 18:00:00,TKYO-009-3,TKYO-009,Band 1 (2100MHz),-83.7,-12.4,11.5,100.0,67.5,176.0
2026-07-18 18:00:00,TKYO-010-1,TKYO-010,Band 41 (2500MHz),-78.3,-11.3,0.3,100.0,69.0,181.2
2026-07-18 18:00:00,TKYO-010-2,TKYO-010,Band 41 (2500MHz),-85.9,-14.1,5.3,93.3,44.2,200.3
2026-07-18 18:00:00,TKYO-010-3,TKYO-010,Band 41 (2500MHz),-76.9,-9.7,10.3,100.0,64.7,159.3
2026-07-18 18:00:00,TKYO-011-1,TKYO-011,Band 1 (2100MHz),-82.5,-15.8,8.4,100.0,76.4,168.7
2026-07-18 18:00:00,TKYO-011-2,TKYO-011,Band 1 (2100MHz),-86.6,-11.1,11.2,100.0,64.5,165.0
2026-07-18 18:00:00,TKYO-011-3,TKYO-011,Band 1 (2100MHz),-78.9,-14.4,1.7,95.5,52.1,175.7
2026-07-18 18:00:00,TKYO-012-1,TKYO-012,Band 41 (2500MHz),-88.8,-14.4,2.6,89.7,49.7,147.4
2026-07-18 18:00:00,TKYO-012-2,TKYO-012,Band 41 (2500MHz),-86.8,-16.3,-0.5,100.0,60.3,171.2
2026-07-18 18:00:00,TKYO-012-3,TKYO-012,Band 41 (2500MHz),-86.6,-14.0,13.1,100.0,69.7,160.2
2026-07-18 18:00:00,TKYO-013-1,TKYO-013,Band 1 (2100MHz),-78.2,-13.0,4.1,100.0,53.0,162.1
2026-07-18 18:00:00,TKYO-013-2,TKYO-013,Band 1 (2100MHz),-101.5,-14.6,-2.7,100.0,55.1,160.2
2026-07-18 18:00:00,TKYO-013-3,TKYO-013,Band 1 (2100MHz),-84.2,-12.4,12.8,72.8,64.2,192.8
2026-07-18 18:00:00,TKYO-014-1,TKYO-014,Band 41 (2500MHz),-74.8,-12.7,9.6,100.0,54.2,165.8
2026-07-18 18:00:00,TKYO-014-2,TKYO-014,Band 41 (2500MHz),-96.4,-19.6,-4.7,83.5,66.9,142.1
2026-07-18 18:00:00,TKYO-014-3,TKYO-014,Band 41 (2500MHz),-83.7,-16.1,10.1,100.0,46.0,167.7
2026-07-18 18:00:00,TKYO-015-1,TKYO-015,Band 1 (2100MHz),-83.9,-12.9,10.8,100.0,61.7,177.1
2026-07-18 18:00:00,TKYO-015-2,TKYO-015,Band 1 (2100MHz),-83.5,-15.2,0.4,100.0,58.9,181.9
2026-07-18 18:00:00,TKYO-015-3,TKYO-015,Band 1 (2100MHz),-77.7,-15.1,-6.5,100.0,66.2,123.9
2026-07-18 18:00:00,TKYO-016-1,TKYO-016,Band 41 (2500MHz),-81.3,-10.7,3.3,100.0,68.6,178.1
2026-07-18 18:00:00,TKYO-016-2,TKYO-016,Band 41 (2500MHz),-83.7,-10.7,12.8,97.8,59.0,172.1
2026-07-18 18:00:00,TKYO-016-3,TKYO-016,Band 41 (2500MHz),-87.7,-14.3,-3.2,100.0,66.1,196.7
2026-07-18 19:00:00,TKYO-001-1,TKYO-001,Band 1 (2100MHz),-83.6,-8.8,5.3,100.0,66.4,155.8
2026-07-18 19:00:00,TKYO-001-2,TKYO-001,Band 1 (2100MHz),-87.7,-15.2,9.3,100.0,63.6,182.0
2026-07-18 19:00:00,TKYO-001-3,TKYO-001,Band 1 (2100MHz),-83.9,-17.4,0.0,100.0,54.4,172.5
2026-07-18 19:00:00,TKYO-002-1,TKYO-002,Band 41 (2500MHz),-87.4,-9.8,10.7,92.1,60.8,157.7
2026-07-18 19:00:00,TKYO-002-2,TKYO-002,Band 41 (2500MHz),-82.6,-13.7,7.9,100.0,75.2,162.2
2026-07-18 19:00:00,TKYO-002-3,TKYO-002,Band 41 (2500MHz),-80.8,-14.9,7.5,100.0,48.9,154.0
2026-07-18 19:00:00,TKYO-003-1,TKYO-003,Band 1 (2100MHz),-85.0,-7.6,17.4,100.0,53.5,180.2
2026-07-18 19:00:00,TKYO-003-2,TKYO-003,Band 1 (2100MHz),-97.1,-19.3,9.3,98.5,76.0,137.8
2026-07-18 19:00:00,TKYO-003-3,TKYO-003,Band 1 (2100MHz),-82.1,-13.3,6.1,100.0,69.1,182.2
2026-07-18 19:00:00,TKYO-004-1,TKYO-004,Band 41 (2500MHz),-87.7,-14.4,1.4,100.0,70.3,202.7
2026-07-18 19:00:00,TKYO-004-2,TKYO-004,Band 41 (2500MHz),-83.7,-15.3,3.2,100.0,64.0,172.4
2026-07-18 19:00:00,TKYO-004-3,TKYO-004,Band 41 (2500MHz),-85.1,-10.7,8.7,100.0,56.7,185.8
2026-07-18 19:00:00,TKYO-005-1,TKYO-005,Band 1 (2100MHz),-89.6,-12.8,10.9,100.0,43.8,170.8
2026-07-18 19:00:00,TKYO-005-2,TKYO-005,Band 1 (2100MHz),-86.1,-10.3,11.0,100.0,55.7,199.6
2026-07-18 19:00:00,TKYO-005-3,TKYO-005,Band 1 (2100MHz),-97.5,-21.3,7.1,100.0,57.7,228.6
2026-07-18 19:00:00,TKYO-006-1,TKYO-006,Band 41 (2500MHz),-76.9,-11.3,8.8,100.0,53.8,149.6
2026-07-18 19:00:00,TKYO-006-2,TKYO-006,Band 41 (2500MHz),-84.0,-12.5,7.5,89.8,46.0,167.5
2026-07-18 19:00:00,TKYO-006-3,TKYO-006,Band 41 (2500MHz),-76.8,-15.8,8.7,90.1,58.4,167.9
2026-07-18 19:00:00,TKYO-007-1,TKYO-007,Band 1 (2100MHz),-83.2,-13.8,6.3,100.0,48.1,177.1
2026-07-18 19:00:00,TKYO-007-2,TKYO-007,Band 1 (2100MHz),-80.5,-12.4,13.7,100.0,70.9,193.3
2026-07-18 19:00:00,TKYO-007-3,TKYO-007,Band 1 (2100MHz),-99.5,-14.3,10.1,100.0,66.8,162.4
2026-07-18 19:00:00,TKYO-008-1,TKYO-008,Band 41 (2500MHz),-82.6,-10.8,1.0,100.0,59.1,198.8
2026-07-18 19:00:00,TKYO-008-2,TKYO-008,Band 41 (2500MHz),-84.1,-13.5,4.7,87.3,43.8,154.7
2026-07-18 19:00:00,TKYO-008-3,TKYO-008,Band 41 (2500MHz),-83.5,-11.6,-2.2,100.0,75.4,176.6
2026-07-18 19:00:00,TKYO-009-1,TKYO-009,Band 1 (2100MHz),-81.3,-14.9,3.2,97.3,71.1,133.7
2026-07-18 19:00:00,TKYO-009-2,TKYO-009,Band 1 (2100MHz),-90.5,-14.7,-2.5,89.1,45.2,164.2
2026-07-18 19:00:00,TKYO-009-3,TKYO-009,Band 1 (2100MHz),-84.6,-16.8,4.2,100.0,53.9,156.4
2026-07-18 19:00:00,TKYO-010-1,TKYO-010,Band 41 (2500MHz),-76.1,-9.4,2.2,100.0,61.1,154.3
2026-07-18 19:00:00,TKYO-010-2,TKYO-010,Band 41 (2500MHz),-84.9,-13.9,4.7,91.7,53.1,200.6
2026-07-18 19:00:00,TKYO-010-3,TKYO-010,Band 41 (2500MHz),-80.6,-13.5,7.5,100.0,50.7,170.0
2026-07-18 19:00:00,TKYO-011-1,TKYO-011,Band 1 (2100MHz),-81.8,-13.5,16.8,88.8,60.0,162.7
2026-07-18 19:00:00,TKYO-011-2,TKYO-011,Band 1 (2100MHz),-83.1,-11.1,9.5,100.0,47.1,154.1
2026-07-18 19:00:00,TKYO-011-3,TKYO-011,Band 1 (2100MHz),-87.4,-13.4,15.4,100.0,57.8,192.4
2026-07-18 19:00:00,TKYO-012-1,TKYO-012,Band 41 (2500MHz),-84.6,-13.2,5.5,100.0,50.0,149.0
2026-07-18 19:00:00,TKYO-012-2,TKYO-012,Band 41 (2500MHz),-87.2,-15.0,10.3,100.0,70.5,202.2
2026-07-18 19:00:00,TKYO-012-3,TKYO-012,Band 41 (2500MHz),-82.8,-20.5,4.6,100.0,60.9,216.8
2026-07-18 19:00:00,TKYO-013-1,TKYO-013,Band 1 (2100MHz),-90.2,-9.0,9.7,100.0,69.7,145.8
2026-07-18 19:00:00,TKYO-013-2,TKYO-013,Band 1 (2100MHz),-104.0,-15.8,-3.3,80.0,64.8,166.5
2026-07-18 19:00:00,TKYO-013-3,TKYO-013,Band 1 (2100MHz),-86.9,-11.6,12.4,100.0,55.3,149.4
2026-07-18 19:00:00,TKYO-014-1,TKYO-014,Band 41 (2500MHz),-79.3,-12.2,2.2,100.0,53.7,174.6
2026-07-18 19:00:00,TKYO-014-2,TKYO-014,Band 41 (2500MHz),-96.0,-18.0,-1.0,100.0,56.4,225.2
2026-07-18 19:00:00,TKYO-014-3,TKYO-014,Band 41 (2500MHz),-89.1,-16.1,8.7,89.0,57.0,157.4
2026-07-18 19:00:00,TKYO-015-1,TKYO-015,Band 1 (2100MHz),-86.4,-11.7,5.4,100.0,65.2,151.8
2026-07-18 19:00:00,TKYO-015-2,TKYO-015,Band 1 (2100MHz),-82.6,-13.4,5.7,100.0,62.8,188.0
2026-07-18 19:00:00,TKYO-015-3,TKYO-015,Band 1 (2100MHz),-83.8,-12.2,1.7,100.0,59.8,136.9
2026-07-18 19:00:00,TKYO-016-1,TKYO-016,Band 41 (2500MHz),-84.2,-9.4,3.8,100.0,71.1,177.2
2026-07-18 19:00:00,TKYO-016-2,TKYO-016,Band 41 (2500MHz),-87.3,-12.2,4.5,86.7,51.2,155.9
2026-07-18 19:00:00,TKYO-016-3,TKYO-016,Band 41 (2500MHz),-75.3,-13.5,12.0,100.0,57.3,195.1
2026-07-18 20:00:00,TKYO-001-1,TKYO-001,Band 1 (2100MHz),-83.0,-11.7,3.9,94.2,45.2,160.3
2026-07-18 20:00:00,TKYO-001-2,TKYO-001,Band 1 (2100MHz),-85.5,-11.1,10.7,100.0,54.3,150.0
2026-07-18 20:00:00,TKYO-001-3,TKYO-001,Band 1 (2100MHz),-83.6,-12.0,12.4,73.7,62.6,170.6
2026-07-18 20:00:00,TKYO-002-1,TKYO-002,Band 41 (2500MHz),-81.9,-12.1,7.6,80.3,58.4,117.8
2026-07-18 20:00:00,TKYO-002-2,TKYO-002,Band 41 (2500MHz),-86.7,-8.8,15.3,90.6,63.9,165.3
2026-07-18 20:00:00,TKYO-002-3,TKYO-002,Band 41 (2500MHz),-89.1,-17.0,12.6,91.5,46.7,145.1
2026-07-18 20:00:00,TKYO-003-1,TKYO-003,Band 1 (2100MHz),-79.8,-11.6,8.7,100.0,44.1,153.1
2026-07-18 20:00:00,TKYO-003-2,TKYO-003,Band 1 (2100MHz),-97.5,-13.9,-3.8,93.8,61.1,146.7
2026-07-18 20:00:00,TKYO-003-3,TKYO-003,Band 1 (2100MHz),-82.3,-12.0,6.0,89.9,47.7,159.0
2026-07-18 20:00:00,TKYO-004-1,TKYO-004,Band 41 (2500MHz),-91.9,-13.2,6.5,87.5,66.3,133.8
2026-07-18 20:00:00,TKYO-004-2,TKYO-004,Band 41 (2500MHz),-89.0,-11.9,-1.3,84.6,50.6,148.3
2026-07-18 20:00:00,TKYO-004-3,TKYO-004,Band 41 (2500MHz),-79.6,-11.5,11.5,90.3,51.8,99.5
2026-07-18 20:00:00,TKYO-005-1,TKYO-005,Band 1 (2100MHz),-86.9,-13.1,7.0,82.9,58.8,132.5
2026-07-18 20:00:00,TKYO-005-2,TKYO-005,Band 1 (2100MHz),-79.7,-14.1,4.7,75.8,47.5,139.0
2026-07-18 20:00:00,TKYO-005-3,TKYO-005,Band 1 (2100MHz),-94.6,-15.3,0.1,91.0,62.8,168.8
2026-07-18 20:00:00,TKYO-006-1,TKYO-006,Band 41 (2500MHz),-84.8,-9.5,1.2,99.8,37.8,153.6
2026-07-18 20:00:00,TKYO-006-2,TKYO-006,Band 41 (2500MHz),-79.7,-14.4,7.0,85.2,36.8,136.9
2026-07-18 20:00:00,TKYO-006-3,TKYO-006,Band 41 (2500MHz),-85.3,-17.1,5.2,100.0,41.1,133.4
2026-07-18 20:00:00,TKYO-007-1,TKYO-007,Band 1 (2100MHz),-87.0,-15.0,11.7,100.0,63.7,175.9
2026-07-18 20:00:00,TKYO-007-2,TKYO-007,Band 1 (2100MHz),-82.0,-10.9,10.7,81.3,41.8,125.4
2026-07-18 20:00:00,TKYO-007-3,TKYO-007,Band 1 (2100MHz),-94.3,-15.9,-2.5,93.2,58.9,148.0
2026-07-18 20:00:00,TKYO-008-1,TKYO-008,Band 41 (2500MHz),-82.7,-12.6,10.2,98.8,50.8,143.2
2026-07-18 20:00:00,TKYO-008-2,TKYO-008,Band 41 (2500MHz),-82.6,-12.3,-4.5,74.1,48.1,132.3
2026-07-18 20:00:00,TKYO-008-3,TKYO-008,Band 41 (2500MHz),-77.8,-16.3,15.7,100.0,56.4,117.0
2026-07-18 20:00:00,TKYO-009-1,TKYO-009,Band 1 (2100MHz),-88.3,-12.8,8.4,91.8,47.5,142.4
2026-07-18 20:00:00,TKYO-009-2,TKYO-009,Band 1 (2100MHz),-82.0,-12.5,16.8,75.0,44.3,199.1
2026-07-18 20:00:00,TKYO-009-3,TKYO-009,Band 1 (2100MHz),-84.6,-8.5,9.2,93.9,50.1,164.6
2026-07-18 20:00:00,TKYO-010-1,TKYO-010,Band 41 (2500MHz),-85.0,-12.9,10.9,74.7,58.3,151.5
2026-07-18 20:00:00,TKYO-010-2,TKYO-010,Band 41 (2500MHz),-88.1,-13.2,-3.4,89.1,53.7,160.5
2026-07-18 20:00:00,TKYO-010-3,TKYO-010,Band 41 (2500MHz),-82.1,-15.7,6.9,100.0,66.8,151.2
2026-07-18 20:00:00,TKYO-011-1,TKYO-011,Band 1 (2100MHz),-75.3,-12.9,12.2,100.0,51.9,182.0
2026-07-18 20:00:00,TKYO-011-2,TKYO-011,Band 1 (2100MHz),-80.9,-13.4,12.9,94.8,52.7,168.9
2026-07-18 20:00:00,TKYO-011-3,TKYO-011,Band 1 (2100MHz),-78.6,-11.4,11.5,96.5,60.3,162.3
2026-07-18 20:00:00,TKYO-012-1,TKYO-012,Band 41 (2500MHz),-78.0,-9.5,1.4,96.8,53.5,169.0
2026-07-18 20:00:00,TKYO-012-2,TKYO-012,Band 41 (2500MHz),-86.1,-11.1,-3.4,100.0,70.4,140.2
2026-07-18 20:00:00,TKYO-012-3,TKYO-012,Band 41 (2500MHz),-82.6,-13.2,-0.7,100.0,51.8,191.1
2026-07-18 20:00:00,TKYO-013-1,TKYO-013,Band 1 (2100MHz),-82.2,-11.8,2.6,100.0,46.9,154.4
2026-07-18 20:00:00,TKYO-013-2,TKYO-013,Band 1 (2100MHz),-100.0,-17.5,2.8,92.9,62.9,166.4
2026-07-18 20:00:00,TKYO-013-3,TKYO-013,Band 1 (2100MHz),-87.0,-15.7,6.0,89.2,50.0,143.0
2026-07-18 20:00:00,TKYO-014-1,TKYO-014,Band 41 (2500MHz),-84.8,-11.6,3.8,79.0,60.1,160.1
2026-07-18 20:00:00,TKYO-014-2,TKYO-014,Band 41 (2500MHz),-99.0,-14.3,0.5,64.0,32.8,128.7
2026-07-18 20:00:00,TKYO-014-3,TKYO-014,Band 41 (2500MHz),-93.1,-10.7,-5.5,73.0,65.5,164.5
2026-07-18 20:00:00,TKYO-015-1,TKYO-015,Band 1 (2100MHz),-81.8,-10.2,5.3,91.1,57.7,151.4
2026-07-18 20:00:00,TKYO-015-2,TKYO-015,Band 1 (2100MHz),-82.3,-9.8,18.5,68.3,45.0,180.4
2026-07-18 20:00:00,TKYO-015-3,TKYO-015,Band 1 (2100MHz),-81.9,-12.3,12.1,100.0,49.6,187.5
2026-07-18 20:00:00,TKYO-016-1,TKYO-016,Band 41 (2500MHz),-88.1,-14.8,11.2,100.0,32.5,170.0
2026-07-18 20:00:00,TKYO-016-2,TKYO-016,Band 41 (2500MHz),-85.5,-14.0,8.3,89.2,55.2,125.5
2026-07-18 20:00:00,TKYO-016-3,TKYO-016,Band 41 (2500MHz),-84.2,-16.0,7.9,100.0,48.2,204.2
2026-07-18 21:00:00,TKYO-001-1,TKYO-001,Band 1 (2100MHz),-86.4,-8.2,13.8,1.2,0.1,0.0
2026-07-18 21:00:00,TKYO-001-2,TKYO-001,Band 1 (2100MHz),-86.8,-8.6,10.7,34.2,2.5,60.1
2026-07-18 21:00:00,TKYO-001-3,TKYO-001,Band 1 (2100MHz),-84.7,-9.2,21.2,18.5,26.1,49.3
2026-07-18 21:00:00,TKYO-002-1,TKYO-002,Band 41 (2500MHz),-88.4,-8.6,6.9,22.7,11.0,15.0
2026-07-18 21:00:00,TKYO-002-2,TKYO-002,Band 41 (2500MHz),-82.4,-6.0,0.1,24.2,21.1,41.5
2026-07-18 21:00:00,TKYO-002-3,TKYO-002,Band 41 (2500MHz),-82.2,-6.6,13.4,0.0,20.5,43.1
2026-07-18 21:00:00,TKYO-003-1,TKYO-003,Band 1 (2100MHz),-84.0,-9.1,5.0,24.0,2.2,30.7
2026-07-18 21:00:00,TKYO-003-2,TKYO-003,Band 1 (2100MHz),-95.2,-14.9,1.1,19.1,8.9,3.7
2026-07-18 21:00:00,TKYO-003-3,TKYO-003,Band 1 (2100MHz),-78.2,-5.5,9.9,25.3,19.6,4.8
2026-07-18 21:00:00,TKYO-004-1,TKYO-004,Band 41 (2500MHz),-73.2,-10.5,6.1,16.2,25.8,43.3
2026-07-18 21:00:00,TKYO-004-2,TKYO-004,Band 41 (2500MHz),-80.6,-7.8,5.0,11.8,17.0,36.1
2026-07-18 21:00:00,TKYO-004-3,TKYO-004,Band 41 (2500MHz),-82.8,-5.7,5.1,29.3,15.8,0.0
2026-07-18 21:00:00,TKYO-005-1,TKYO-005,Band 1 (2100MHz),-79.6,-10.0,2.3,29.4,18.3,41.3
2026-07-18 21:00:00,TKYO-005-2,TKYO-005,Band 1 (2100MHz),-85.2,-8.2,14.0,35.6,19.6,34.2
2026-07-18 21:00:00,TKYO-005-3,TKYO-005,Band 1 (2100MHz),-96.7,-12.6,-3.2,23.2,33.0,20.0
2026-07-18 21:00:00,TKYO-006-1,TKYO-006,Band 41 (2500MHz),-86.8,-7.1,12.7,26.8,11.6,17.8
2026-07-18 21:00:00,TKYO-006-2,TKYO-006,Band 41 (2500MHz),-79.0,-9.2,3.2,20.2,7.1,21.0
2026-07-18 21:00:00,TKYO-006-3,TKYO-006,Band 41 (2500MHz),-84.0,-9.2,5.9,20.9,6.8,32.4
2026-07-18 21:00:00,TKYO-007-1,TKYO-007,Band 1 (2100MHz),-80.0,-8.1,5.8,26.7,2.2,27.7
2026-07-18 21:00:00,TKYO-007-2,TKYO-007,Band 1 (2100MHz),-75.6,-11.3,7.1,41.1,10.2,63.5
2026-07-18 21:00:00,TKYO-007-3,TKYO-007,Band 1 (2100MHz),-92.7,-10.8,-7.2,22.7,0.0,30.9
2026-07-18 21:00:00,TKYO-008-1,TKYO-008,Band 41 (2500MHz),-86.7,-8.5,-0.0,36.6,12.3,59.0
2026-07-18 21:00:00,TKYO-008-2,TKYO-008,Band 41 (2500MHz),-87.3,-9.3,4.1,36.4,30.7,56.3
2026-07-18 21:00:00,TKYO-008-3,TKYO-008,Band 41 (2500MHz),-90.9,-8.0,2.2,31.0,0.0,0.0
2026-07-18 21:00:00,TKYO-009-1,TKYO-009,Band 1 (2100MHz),-75.0,-8.0,13.4,24.5,18.4,51.3
2026-07-18 21:00:00,TKYO-009-2,TKYO-009,Band 1 (2100MHz),-85.8,-11.6,5.2,19.2,11.8,19.6
2026-07-18 21:00:00,TKYO-009-3,TKYO-009,Band 1 (2100MHz),-80.7,-9.2,15.5,5.2,13.8,43.4
2026-07-18 21:00:00,TKYO-010-1,TKYO-010,Band 41 (2500MHz),-89.6,-9.5,2.5,28.6,6.5,42.2
2026-07-18 21:00:00,TKYO-010-2,TKYO-010,Band 41 (2500MHz),-81.0,-9.3,3.0,26.8,15.9,19.4
2026-07-18 21:00:00,TKYO-010-3,TKYO-010,Band 41 (2500MHz),-79.1,-7.8,14.8,26.1,16.2,38.5
2026-07-18 21:00:00,TKYO-011-1,TKYO-011,Band 1 (2100MHz),-83.3,-8.5,7.1,20.6,5.6,66.0
2026-07-18 21:00:00,TKYO-011-2,TKYO-011,Band 1 (2100MHz),-81.5,-8.1,2.1,6.9,4.7,58.5
2026-07-18 21:00:00,TKYO-011-3,TKYO-011,Band 1 (2100MHz),-84.9,-8.7,14.5,13.0,0.0,60.1
2026-07-18 21:00:00,TKYO-012-1,TKYO-012,Band 41 (2500MHz),-83.9,-9.6,2.5,23.6,0.0,73.5
2026-07-18 21:00:00,TKYO-012-2,TKYO-012,Band 41 (2500MHz),-91.7,-10.0,11.9,16.9,25.4,49.2
2026-07-18 21:00:00,TKYO-012-3,TKYO-012,Band 41 (2500MHz),-83.0,-9.4,9.1,18.2,0.0,42.6
2026-07-18 21:00:00,TKYO-013-1,TKYO-013,Band 1 (2100MHz),-84.1,-11.3,13.5,18.2,24.1,60.6
2026-07-18 21:00:00,TKYO-013-2,TKYO-013,Band 1 (2100MHz),-100.8,-11.8,-0.8,5.8,19.9,35.1
2026-07-18 21:00:00,TKYO-013-3,TKYO-013,Band 1 (2100MHz),-88.9,-10.3,3.1,21.7,12.4,39.7
2026-07-18 21:00:00,TKYO-014-1,TKYO-014,Band 41 (2500MHz),-84.1,-7.0,-1.8,11.2,19.7,16.9
2026-07-18 21:00:00,TKYO-014-2,TKYO-014,Band 41 (2500MHz),-99.6,-11.5,-10.0,25.5,12.8,15.0
2026-07-18 21:00:00,TKYO-014-3,TKYO-014,Band 41 (2500MHz),-77.9,-12.3,10.5,33.0,20.2,26.5
2026-07-18 21:00:00,TKYO-015-1,TKYO-015,Band 1 (2100MHz),-82.9,-7.5,-1.8,25.8,4.4,33.2
2026-07-18 21:00:00,TKYO-015-2,TKYO-015,Band 1 (2100MHz),-79.8,-10.2,-2.9,11.7,7.9,9.4
2026-07-18 21:00:00,TKYO-015-3,TKYO-015,Band 1 (2100MHz),-86.1,-5.3,11.2,4.6,4.5,27.2
2026-07-18 21:00:00,TKYO-016-1,TKYO-016,Band 41 (2500MHz),-83.9,-7.8,3.5,14.1,6.2,47.6
2026-07-18 21:00:00,TKYO-016-2,TKYO-016,Band 41 (2500MHz),-84.1,-4.8,3.4,39.5,25.4,9.0
2026-07-18 21:00:00,TKYO-016-3,TKYO-016,Band 41 (2500MHz),-85.0,-9.4,-0.2,22.1,20.3,42.2
2026-07-18 22:00:00,TKYO-001-1,TKYO-001,Band 1 (2100MHz),-79.8,-5.3,7.6,13.6,13.7,41.9
2026-07-18 22:00:00,TKYO-001-2,TKYO-001,Band 1 (2100MHz),-85.9,-7.4,12.8,0.0,1.5,18.6
2026-07-18 22:00:00,TKYO-001-3,TKYO-001,Band 1 (2100MHz),-85.1,-5.8,7.7,0.0,9.4,7.2
2026-07-18 22:00:00,TKYO-002-1,TKYO-002,Band 41 (2500MHz),-88.3,-8.9,6.1,12.1,0.0,38.2
2026-07-18 22:00:00,TKYO-002-2,TKYO-002,Band 41 (2500MHz),-87.0,-4.8,9.6,0.0,19.2,25.9
2026-07-18 22:00:00,TKYO-002-3,TKYO-002,Band 41 (2500MHz),-84.0,-8.1,5.5,25.7,3.1,31.7
2026-07-18 22:00:00,TKYO-003-1,TKYO-003,Band 1 (2100MHz),-86.3,-10.9,17.6,7.4,7.1,7.4
2026-07-18 22:00:00,TKYO-003-2,TKYO-003,Band 1 (2100MHz),-100.7,-13.4,0.6,9.6,9.7,31.6
2026-07-18 22:00:00,TKYO-003-3,TKYO-003,Band 1 (2100MHz),-87.1,-6.1,10.6,5.6,11.8,41.8
2026-07-18 22:00:00,TKYO-004-1,TKYO-004,Band 41 (2500MHz),-82.7,-9.8,13.2,6.7,4.0,9.5
2026-07-18 22:00:00,TKYO-004-2,TKYO-004,Band 41 (2500MHz),-79.0,-9.1,2.3,19.0,0.0,0.0
2026-07-18 22:00:00,TKYO-004-3,TKYO-004,Band 41 (2500MHz),-86.4,-7.8,17.2,15.5,0.0,29.2
2026-07-18 22:00:00,TKYO-005-1,TKYO-005,Band 1 (2100MHz),-81.0,-6.7,2.1,8.6,3.1,11.9
2026-07-18 22:00:00,TKYO-005-2,TKYO-005,Band 1 (2100MHz),-85.6,-8.0,5.8,15.7,9.2,41.7
2026-07-18 22:00:00,TKYO-005-3,TKYO-005,Band 1 (2100MHz),-97.5,-14.0,5.3,0.0,13.9,39.1
2026-07-18 22:00:00,TKYO-006-1,TKYO-006,Band 41 (2500MHz),-78.2,-6.3,5.7,25.7,0.0,24.7
2026-07-18 22:00:00,TKYO-006-2,TKYO-006,Band 41 (2500MHz),-85.9,-8.2,11.7,34.2,3.6,28.8
2026-07-18 22:00:00,TKYO-006-3,TKYO-006,Band 41 (2500MHz),-84.8,-9.5,-2.7,32.1,22.0,0.0
2026-07-18 22:00:00,TKYO-007-1,TKYO-007,Band 1 (2100MHz),-88.1,-9.5,15.4,11.9,9.7,24.4
2026-07-18 22:00:00,TKYO-007-2,TKYO-007,Band 1 (2100MHz),-82.9,-6.7,12.5,21.4,16.7,17.4
2026-07-18 22:00:00,TKYO-007-3,TKYO-007,Band 1 (2100MHz),-98.1,-10.5,-0.8,0.0,3.0,0.0
2026-07-18 22:00:00,TKYO-008-1,TKYO-008,Band 41 (2500MHz),-87.3,-10.1,13.1,22.2,18.2,35.8
2026-07-18 22:00:00,TKYO-008-2,TKYO-008,Band 41 (2500MHz),-89.6,-8.4,2.0,19.0,3.9,1.9
2026-07-18 22:00:00,TKYO-008-3,TKYO-008,Band 41 (2500MHz),-86.1,-5.6,0.5,11.6,9.1,7.5
2026-07-18 22:00:00,TKYO-009-1,TKYO-009,Band 1 (2100MHz),-78.3,-6.9,-1.3,18.0,24.6,9.2
2026-07-18 22:00:00,TKYO-009-2,TKYO-009,Band 1 (2100MHz),-78.7,-9.5,4.7,25.4,10.4,19.9
2026-07-18 22:00:00,TKYO-009-3,TKYO-009,Band 1 (2100MHz),-82.2,-7.2,12.1,17.8,9.7,0.4
2026-07-18 22:00:00,TKYO-010-1,TKYO-010,Band 41 (2500MHz),-78.8,-7.5,5.2,0.0,4.3,27.6
2026-07-18 22:00:00,TKYO-010-2,TKYO-010,Band 41 (2500MHz),-86.6,-3.1,2.4,0.0,3.4,6.8
2026-07-18 22:00:00,TKYO-010-3,TKYO-010,Band 41 (2500MHz),-82.9,-9.3,7.9,20.5,8.6,36.1
2026-07-18 22:00:00,TKYO-011-1,TKYO-011,Band 1 (2100MHz),-83.8,-10.7,10.6,27.1,22.4,10.7
2026-07-18 22:00:00,TKYO-011-2,TKYO-011,Band 1 (2100MHz),-88.0,-4.7,2.0,24.8,13.9,9.4
2026-07-18 22:00:00,TKYO-011-3,TKYO-011,Band 1 (2100MHz),-74.8,-6.8,10.7,14.2,12.9,0.0
2026-07-18 22:00:00,TKYO-012-1,TKYO-012,Band 41 (2500MHz),-80.0,-7.2,1.1,13.5,0.0,0.0
2026-07-18 22:00:00,TKYO-012-2,TKYO-012,Band 41 (2500MHz),-92.8,-10.1,4.6,19.4,4.8,0.0
2026-07-18 22:00:00,TKYO-012-3,TKYO-012,Band 41 (2500MHz),-78.4,-5.5,8.1,12.4,6.5,0.0
2026-07-18 22:00:00,TKYO-013-1,TKYO-013,Band 1 (2100MHz),-87.6,-5.9,15.7,15.7,22.2,0.0
2026-07-18 22:00:00,TKYO-013-2,TKYO-013,Band 1 (2100MHz),-100.6,-13.2,-7.9,45.6,14.6,47.2
2026-07-18 22:00:00,TKYO-013-3,TKYO-013,Band 1 (2100MHz),-75.7,-5.8,7.2,22.1,7.8,41.8
2026-07-18 22:00:00,TKYO-014-1,TKYO-014,Band 41 (2500MHz),-82.5,-8.0,2.3,12.8,8.9,0.0
2026-07-18 22:00:00,TKYO-014-2,TKYO-014,Band 41 (2500MHz),-98.5,-14.3,-8.8,5.2,12.3,14.3
2026-07-18 22:00:00,TKYO-014-3,TKYO-014,Band 41 (2500MHz),-84.7,-6.6,2.8,9.3,0.0,29.6
2026-07-18 22:00:00,TKYO-015-1,TKYO-015,Band 1 (2100MHz),-83.8,-7.0,16.8,0.0,7.2,14.9
2026-07-18 22:00:00,TKYO-015-2,TKYO-015,Band 1 (2100MHz),-82.4,-8.1,12.9,37.9,0.0,22.1
2026-07-18 22:00:00,TKYO-015-3,TKYO-015,Band 1 (2100MHz),-80.1,-8.7,2.6,0.0,17.0,21.8
2026-07-18 22:00:00,TKYO-016-1,TKYO-016,Band 41 (2500MHz),-89.1,-4.8,9.2,18.9,10.5,20.0
2026-07-18 22:00:00,TKYO-016-2,TKYO-016,Band 41 (2500MHz),-84.0,-8.9,9.5,23.3,11.0,41.0
2026-07-18 22:00:00,TKYO-016-3,TKYO-016,Band 41 (2500MHz),-86.4,-6.7,10.5,11.5,0.0,28.4
2026-07-18 23:00:00,TKYO-001-1,TKYO-001,Band 1 (2100MHz),-85.1,-9.0,5.1,19.6,19.5,30.4
2026-07-18 23:00:00,TKYO-001-2,TKYO-001,Band 1 (2100MHz),-84.6,-11.0,7.4,9.7,0.0,19.3
2026-07-18 23:00:00,TKYO-001-3,TKYO-001,Band 1 (2100MHz),-84.7,-8.6,5.4,16.2,0.0,48.3
2026-07-18 23:00:00,TKYO-002-1,TKYO-002,Band 41 (2500MHz),-89.6,-6.6,3.5,15.9,10.9,6.3
2026-07-18 23:00:00,TKYO-002-2,TKYO-002,Band 41 (2500MHz),-84.5,-7.3,12.7,13.8,16.9,0.0
2026-07-18 23:00:00,TKYO-002-3,TKYO-002,Band 41 (2500MHz),-83.7,-5.9,4.9,9.5,13.3,66.7
2026-07-18 23:00:00,TKYO-003-1,TKYO-003,Band 1 (2100MHz),-84.6,-10.1,-2.9,11.2,10.2,17.7
2026-07-18 23:00:00,TKYO-003-2,TKYO-003,Band 1 (2100MHz),-95.0,-11.5,12.8,0.0,7.2,2.1
2026-07-18 23:00:00,TKYO-003-3,TKYO-003,Band 1 (2100MHz),-93.3,-8.7,5.0,0.0,21.3,33.2
2026-07-18 23:00:00,TKYO-004-1,TKYO-004,Band 41 (2500MHz),-85.6,-6.2,8.1,6.6,0.0,12.8
2026-07-18 23:00:00,TKYO-004-2,TKYO-004,Band 41 (2500MHz),-80.7,-7.8,-1.5,33.4,0.0,50.0
2026-07-18 23:00:00,TKYO-004-3,TKYO-004,Band 41 (2500MHz),-85.1,-10.1,8.5,2.4,1.4,0.0
2026-07-18 23:00:00,TKYO-005-1,TKYO-005,Band 1 (2100MHz),-87.1,-8.5,4.0,0.0,0.0,37.4
2026-07-18 23:00:00,TKYO-005-2,TKYO-005,Band 1 (2100MHz),-83.5,-5.3,5.6,19.1,5.2,18.5
2026-07-18 23:00:00,TKYO-005-3,TKYO-005,Band 1 (2100MHz),-96.8,-14.7,1.9,24.8,12.0,10.6
2026-07-18 23:00:00,TKYO-006-1,TKYO-006,Band 41 (2500MHz),-71.2,-7.0,7.3,11.4,11.8,25.8
2026-07-18 23:00:00,TKYO-006-2,TKYO-006,Band 41 (2500MHz),-86.2,-11.3,6.7,11.8,14.2,21.3
2026-07-18 23:00:00,TKYO-006-3,TKYO-006,Band 41 (2500MHz),-82.4,-5.8,4.2,9.2,0.0,22.2
2026-07-18 23:00:00,TKYO-007-1,TKYO-007,Band 1 (2100MHz),-86.5,-7.8,9.5,5.1,7.4,64.5
2026-07-18 23:00:00,TKYO-007-2,TKYO-007,Band 1 (2100MHz),-83.1,-7.1,-5.3,10.4,14.0,64.9
2026-07-18 23:00:00,TKYO-007-3,TKYO-007,Band 1 (2100MHz),-100.7,-14.2,2.2,6.0,4.2,0.0
2026-07-18 23:00:00,TKYO-008-1,TKYO-008,Band 41 (2500MHz),-91.6,-8.6,3.0,10.7,11.9,14.4
2026-07-18 23:00:00,TKYO-008-2,TKYO-008,Band 41 (2500MHz),-86.8,-10.4,14.7,10.6,1.2,0.0
2026-07-18 23:00:00,TKYO-008-3,TKYO-008,Band 41 (2500MHz),-80.7,-6.3,6.4,20.2,5.2,21.8
2026-07-18 23:00:00,TKYO-009-1,TKYO-009,Band 1 (2100MHz),-79.0,-3.5,10.2,0.0,0.0,52.4
2026-07-18 23:00:00,TKYO-009-2,TKYO-009,Band 1 (2100MHz),-84.0,-8.7,9.0,11.7,0.0,30.8
2026-07-18 23:00:00,TKYO-009-3,TKYO-009,Band 1 (2100MHz),-87.2,-3.8,10.2,39.8,22.6,25.4
2026-07-18 23:00:00,TKYO-010-1,TKYO-010,Band 41 (2500MHz),-77.5,-6.0,3.1,17.9,12.6,29.3
2026-07-18 23:00:00,TKYO-010-2,TKYO-010,Band 41 (2500MHz),-84.0,-8.1,7.0,5.0,0.0,67.7
2026-07-18 23:00:00,TKYO-010-3,TKYO-010,Band 41 (2500MHz),-88.4,-7.8,10.5,25.0,20.8,26.0
2026-07-18 23:00:00,TKYO-011-1,TKYO-011,Band 1 (2100MHz),-87.9,-10.1,6.4,0.0,2.1,9.1
2026-07-18 23:00:00,TKYO-011-2,TKYO-011,Band 1 (2100MHz),-84.9,-3.4,9.3,0.0,0.0,36.0
2026-07-18 23:00:00,TKYO-011-3,TKYO-011,Band 1 (2100MHz),-84.4,-7.9,13.9,20.6,17.8,38.7
2026-07-18 23:00:00,TKYO-012-1,TKYO-012,Band 41 (2500MHz),-80.8,-4.0,0.6,8.6,0.0,28.2
2026-07-18 23:00:00,TKYO-012-2,TKYO-012,Band 41 (2500MHz),-92.5,-10.3,2.3,15.5,6.1,2.8
2026-07-18 23:00:00,TKYO-012-3,TKYO-012,Band 41 (2500MHz),-85.6,-8.7,9.9,31.0,17.7,27.5
2026-07-18 23:00:00,TKYO-013-1,TKYO-013,Band 1 (2100MHz),-83.0,-8.3,17.0,9.9,9.8,27.2
2026-07-18 23:00:00,TKYO-013-2,TKYO-013,Band 1 (2100MHz),-95.0,-12.1,5.5,7.0,16.4,0.0
2026-07-18 23:00:00,TKYO-013-3,TKYO-013,Band 1 (2100MHz),-84.4,-6.4,4.0,18.8,10.7,21.5
2026-07-18 23:00:00,TKYO-014-1,TKYO-014,Band 41 (2500MHz),-86.8,-5.9,12.6,27.2,5.4,0.0
2026-07-18 23:00:00,TKYO-014-2,TKYO-014,Band 41 (2500MHz),-93.8,-13.0,-6.9,1.3,0.0,32.6
2026-07-18 23:00:00,TKYO-014-3,TKYO-014,Band 41 (2500MHz),-87.0,-6.5,9.1,32.9,0.0,0.0
2026-07-18 23:00:00,TKYO-015-1,TKYO-015,Band 1 (2100MHz),-77.6,-6.7,15.2,0.0,0.0,38.7
2026-07-18 23:00:00,TKYO-015-2,TKYO-015,Band 1 (2100MHz),-94.6,-6.8,6.3,17.9,0.0,14.9
2026-07-18 23:00:00,TKYO-015-3,TKYO-015,Band 1 (2100MHz),-81.3,-7.0,7.2,0.0,1.0,20.3
2026-07-18 23:00:00,TKYO-016-1,TKYO-016,Band 41 (2500MHz),-86.5,-8.3,4.5,10.7,13.5,0.0
2026-07-18 23:00:00,TKYO-016-2,TKYO-016,Band 41 (2500MHz),-83.9,-8.9,-0.0,11.3,8.3,20.3
2026-07-18 23:00:00,TKYO-016-3,TKYO-016,Band 41 (2500MHz),-84.8,-6.1,2.3,20.7,10.8,0.0
2026-07-19 00:00:00,TKYO-001-1,TKYO-001,Band 1 (2100MHz),-80.0,-5.3,5.0,6.8,0.0,20.2
2026-07-19 00:00:00,TKYO-001-2,TKYO-001,Band 1 (2100MHz),-81.5,-8.2,5.7,12.4,16.1,16.2
2026-07-19 00:00:00,TKYO-001-3,TKYO-001,Band 1 (2100MHz),-83.3,-11.6,10.6,12.5,12.1,6.6
2026-07-19 00:00:00,TKYO-002-1,TKYO-002,Band 41 (2500MHz),-79.9,-8.0,-5.5,0.0,0.0,7.3
2026-07-19 00:00:00,TKYO-002-2,TKYO-002,Band 41 (2500MHz),-83.2,-7.7,-0.9,12.4,26.2,42.6
2026-07-19 00:00:00,TKYO-002-3,TKYO-002,Band 41 (2500MHz),-79.1,-6.3,-1.7,31.2,16.0,0.0
2026-07-19 00:00:00,TKYO-003-1,TKYO-003,Band 1 (2100MHz),-76.8,-7.8,15.4,28.8,21.4,0.0
2026-07-19 00:00:00,TKYO-003-2,TKYO-003,Band 1 (2100MHz),-98.6,-15.6,3.3,0.0,11.7,2.7
2026-07-19 00:00:00,TKYO-003-3,TKYO-003,Band 1 (2100MHz),-87.7,-10.1,3.4,14.4,1.5,3.5
2026-07-19 00:00:00,TKYO-004-1,TKYO-004,Band 41 (2500MHz),-89.1,-10.6,7.3,0.0,0.0,60.4
2026-07-19 00:00:00,TKYO-004-2,TKYO-004,Band 41 (2500MHz),-91.5,-8.6,6.8,0.0,14.1,5.5
2026-07-19 00:00:00,TKYO-004-3,TKYO-004,Band 41 (2500MHz),-84.6,-7.7,1.3,20.8,4.4,6.6
2026-07-19 00:00:00,TKYO-005-1,TKYO-005,Band 1 (2100MHz),-86.8,-6.3,8.8,7.4,0.0,19.1
2026-07-19 00:00:00,TKYO-005-2,TKYO-005,Band 1 (2100MHz),-79.3,-9.0,20.2,11.2,18.1,9.7
2026-07-19 00:00:00,TKYO-005-3,TKYO-005,Band 1 (2100MHz),-96.6,-12.5,2.6,7.1,5.1,0.0
2026-07-19 00:00:00,TKYO-006-1,TKYO-006,Band 41 (2500MHz),-84.8,-7.4,6.7,14.0,0.0,53.9
2026-07-19 00:00:00,TKYO-006-2,TKYO-006,Band 41 (2500MHz),-81.2,-7.1,7.3,6.7,25.0,27.1
2026-07-19 00:00:00,TKYO-006-3,TKYO-006,Band 41 (2500MHz),-84.2,-8.4,4.1,0.0,22.0,0.0
2026-07-19 00:00:00,TKYO-007-1,TKYO-007,Band 1 (2100MHz),-84.1,-8.0,10.6,9.2,5.8,1.5
2026-07-19 00:00:00,TKYO-007-2,TKYO-007,Band 1 (2100MHz),-85.4,-6.3,5.0,8.3,9.3,20.7
2026-07-19 00:00:00,TKYO-007-3,TKYO-007,Band 1 (2100MHz),-94.2,-14.5,-5.6,18.0,8.6,0.0
2026-07-19 00:00:00,TKYO-008-1,TKYO-008,Band 41 (2500MHz),-80.8,-9.3,5.9,0.0,0.0,7.4
2026-07-19 00:00:00,TKYO-008-2,TKYO-008,Band 41 (2500MHz),-75.5,-10.3,9.5,0.0,4.6,32.6
2026-07-19 00:00:00,TKYO-008-3,TKYO-008,Band 41 (2500MHz),-82.1,-9.6,13.3,17.7,10.4,52.5
2026-07-19 00:00:00,TKYO-009-1,TKYO-009,Band 1 (2100MHz),-87.8,-6.8,14.2,26.3,12.5,0.0
2026-07-19 00:00:00,TKYO-009-2,TKYO-009,Band 1 (2100MHz),-88.8,-10.1,9.4,19.6,0.2,11.1
2026-07-19 00:00:00,TKYO-009-3,TKYO-009,Band 1 (2100MHz),-84.7,-13.3,1.6,13.8,0.0,17.4
2026-07-19 00:00:00,TKYO-010-1,TKYO-010,Band 41 (2500MHz),-82.6,-9.2,5.9,27.6,8.0,19.5
2026-07-19 00:00:00,TKYO-010-2,TKYO-010,Band 41 (2500MHz),-87.5,-5.5,5.8,8.9,0.0,47.6
2026-07-19 00:00:00,TKYO-010-3,TKYO-010,Band 41 (2500MHz),-82.0,-5.9,8.0,38.1,0.0,33.1
2026-07-19 00:00:00,TKYO-011-1,TKYO-011,Band 1 (2100MHz),-84.8,-8.4,18.0,4.8,0.0,10.0
2026-07-19 00:00:00,TKYO-011-2,TKYO-011,Band 1 (2100MHz),-83.1,-10.3,-1.3,14.8,10.2,0.0
2026-07-19 00:00:00,TKYO-011-3,TKYO-011,Band 1 (2100MHz),-86.0,-4.3,13.2,24.9,5.2,51.3
2026-07-19 00:00:00,TKYO-012-1,TKYO-012,Band 41 (2500MHz),-84.4,-6.8,16.2,3.5,15.6,0.0
2026-07-19 00:00:00,TKYO-012-2,TKYO-012,Band 41 (2500MHz),-85.2,-9.3,5.1,11.3,0.9,40.0
2026-07-19 00:00:00,TKYO-012-3,TKYO-012,Band 41 (2500MHz),-87.0,-10.9,2.1,17.0,0.0,3.0
2026-07-19 00:00:00,TKYO-013-1,TKYO-013,Band 1 (2100MHz),-90.8,-8.2,18.4,0.0,0.0,29.5
2026-07-19 00:00:00,TKYO-013-2,TKYO-013,Band 1 (2100MHz),-93.2,-8.2,-1.8,22.8,3.4,43.2
2026-07-19 00:00:00,TKYO-013-3,TKYO-013,Band 1 (2100MHz),-85.0,-8.7,0.4,20.5,5.8,55.2
2026-07-19 00:00:00,TKYO-014-1,TKYO-014,Band 41 (2500MHz),-85.3,-9.9,2.7,15.4,0.0,27.2
2026-07-19 00:00:00,TKYO-014-2,TKYO-014,Band 41 (2500MHz),-94.7,-12.6,-0.5,27.6,6.2,1.9
2026-07-19 00:00:00,TKYO-014-3,TKYO-014,Band 41 (2500MHz),-78.9,-7.4,15.3,11.8,6.5,17.1
2026-07-19 00:00:00,TKYO-015-1,TKYO-015,Band 1 (2100MHz),-87.0,-7.0,8.8,4.3,0.0,0.0
2026-07-19 00:00:00,TKYO-015-2,TKYO-015,Band 1 (2100MHz),-91.8,-5.9,12.9,7.2,20.4,55.1
2026-07-19 00:00:00,TKYO-015-3,TKYO-015,Band 1 (2100MHz),-90.9,-5.5,17.6,18.2,0.0,0.0
2026-07-19 00:00:00,TKYO-016-1,TKYO-016,Band 41 (2500MHz),-85.8,-10.7,15.8,0.0,1.2,17.9
2026-07-19 00:00:00,TKYO-016-2,TKYO-016,Band 41 (2500MHz),-84.3,-5.1,4.9,31.7,15.5,46.6
2026-07-19 00:00:00,TKYO-016-3,TKYO-016,Band 41 (2500MHz),-79.3,-7.7,6.6,9.8,25.6,5.6
2026-07-19 01:00:00,TKYO-001-1,TKYO-001,Band 1 (2100MHz),-85.4,-11.4,11.8,2.7,0.0,50.5
2026-07-19 01:00:00,TKYO-001-2,TKYO-001,Band 1 (2100MHz),-78.3,-9.2,1.7,20.9,13.6,26.1
2026-07-19 01:00:00,TKYO-001-3,TKYO-001,Band 1 (2100MHz),-80.5,-9.7,3.3,21.0,6.9,32.6
2026-07-19 01:00:00,TKYO-002-1,TKYO-002,Band 41 (2500MHz),-87.5,-8.1,0.3,25.5,3.2,29.1
2026-07-19 01:00:00,TKYO-002-2,TKYO-002,Band 41 (2500MHz),-85.7,-9.1,0.6,24.8,10.0,10.7
2026-07-19 01:00:00,TKYO-002-3,TKYO-002,Band 41 (2500MHz),-79.3,-6.9,11.1,19.2,8.0,0.0
2026-07-19 01:00:00,TKYO-003-1,TKYO-003,Band 1 (2100MHz),-81.5,-9.1,16.7,18.9,8.1,24.0
2026-07-19 01:00:00,TKYO-003-2,TKYO-003,Band 1 (2100MHz),-93.2,-9.7,6.7,0.0,0.0,10.4
2026-07-19 01:00:00,TKYO-003-3,TKYO-003,Band 1 (2100MHz),-81.1,-6.0,13.5,4.5,12.1,28.5
2026-07-19 01:00:00,TKYO-004-1,TKYO-004,Band 41 (2500MHz),-81.9,-5.9,3.5,0.0,16.7,0.0
2026-07-19 01:00:00,TKYO-004-2,TKYO-004,Band 41 (2500MHz),-89.2,-11.4,-1.9,13.2,10.3,20.9
2026-07-19 01:00:00,TKYO-004-3,TKYO-004,Band 41 (2500MHz),-90.2,-10.4,10.9,0.0,9.3,8.1
2026-07-19 01:00:00,TKYO-005-1,TKYO-005,Band 1 (2100MHz),-85.8,-7.1,8.8,0.0,12.7,16.8
2026-07-19 01:00:00,TKYO-005-2,TKYO-005,Band 1 (2100MHz),-80.0,-8.3,11.2,9.3,4.6,21.9
2026-07-19 01:00:00,TKYO-005-3,TKYO-005,Band 1 (2100MHz),-95.2,-11.4,-3.6,0.7,0.0,0.0
2026-07-19 01:00:00,TKYO-006-1,TKYO-006,Band 41 (2500MHz),-78.6,-2.6,0.1,14.6,18.9,20.2
2026-07-19 01:00:00,TKYO-006-2,TKYO-006,Band 41 (2500MHz),-81.6,-7.6,6.2,0.0,0.0,48.7
2026-07-19 01:00:00,TKYO-006-3,TKYO-006,Band 41 (2500MHz),-87.8,-11.9,0.8,19.9,1.6,2.7
2026-07-19 01:00:00,TKYO-007-1,TKYO-007,Band 1 (2100MHz),-86.2,-8.3,10.2,9.9,7.1,0.0
2026-07-19 01:00:00,TKYO-007-2,TKYO-007,Band 1 (2100MHz),-83.8,-9.2,19.1,2.6,7.7,65.2
2026-07-19 01:00:00,TKYO-007-3,TKYO-007,Band 1 (2100MHz),-95.3,-14.0,0.9,0.0,2.9,29.4
2026-07-19 01:00:00,TKYO-008-1,TKYO-008,Band 41 (2500MHz),-90.8,-8.9,8.7,32.8,1.6,32.3
2026-07-19 01:00:00,TKYO-008-2,TKYO-008,Band 41 (2500MHz),-82.7,-4.8,14.0,19.5,11.5,0.0
2026-07-19 01:00:00,TKYO-008-3,TKYO-008,Band 41 (2500MHz),-84.1,-5.7,4.9,2.4,4.0,25.3
2026-07-19 01:00:00,TKYO-009-1,TKYO-009,Band 1 (2100MHz),-86.5,-12.1,15.2,0.0,4.7,8.4
2026-07-19 01:00:00,TKYO-009-2,TKYO-009,Band 1 (2100MHz),-75.0,-8.5,10.7,15.8,3.8,28.8
2026-07-19 01:00:00,TKYO-009-3,TKYO-009,Band 1 (2100MHz),-89.1,-5.6,7.1,4.1,12.4,27.3
2026-07-19 01:00:00,TKYO-010-1,TKYO-010,Band 41 (2500MHz),-80.4,-3.0,8.0,19.3,10.8,24.6
2026-07-19 01:00:00,TKYO-010-2,TKYO-010,Band 41 (2500MHz),-86.0,-5.4,8.6,12.0,6.9,0.0
2026-07-19 01:00:00,TKYO-010-3,TKYO-010,Band 41 (2500MHz),-91.7,-8.1,5.1,0.0,0.0,21.9
2026-07-19 01:00:00,TKYO-011-1,TKYO-011,Band 1 (2100MHz),-83.3,-9.7,12.0,12.8,12.5,23.3
2026-07-19 01:00:00,TKYO-011-2,TKYO-011,Band 1 (2100MHz),-88.8,-8.0,-0.2,7.0,0.0,19.2
2026-07-19 01:00:00,TKYO-011-3,TKYO-011,Band 1 (2100MHz),-88.8,-6.3,1.4,0.0,6.8,28.1
2026-07-19 01:00:00,TKYO-012-1,TKYO-012,Band 41 (2500MHz),-86.1,-10.9,0.9,4.7,15.6,14.3
2026-07-19 01:00:00,TKYO-012-2,TKYO-012,Band 41 (2500MHz),-87.5,-8.5,13.1,9.4,15.7,0.0
2026-07-19 01:00:00,TKYO-012-3,TKYO-012,Band 41 (2500MHz),-90.6,-8.0,6.1,4.7,4.1,48.8
2026-07-19 01:00:00,TKYO-013-1,TKYO-013,Band 1 (2100MHz),-79.9,-8.8,11.0,0.0,4.2,15.8
2026-07-19 01:00:00,TKYO-013-2,TKYO-013,Band 1 (2100MHz),-93.1,-12.6,1.1,17.1,7.8,0.0
2026-07-19 01:00:00,TKYO-013-3,TKYO-013,Band 1 (2100MHz),-88.5,-10.3,12.8,16.9,6.6,0.0
2026-07-19 01:00:00,TKYO-014-1,TKYO-014,Band 41 (2500MHz),-84.6,-10.3,7.3,0.0,10.3,22.6
2026-07-19 01:00:00,TKYO-014-2,TKYO-014,Band 41 (2500MHz),-100.2,-10.7,-10.0,0.0,19.0,30.3
2026-07-19 01:00:00,TKYO-014-3,TKYO-014,Band 41 (2500MHz),-83.3,-7.9,-0.8,29.4,6.1,53.2
2026-07-19 01:00:00,TKYO-015-1,TKYO-015,Band 1 (2100MHz),-84.4,-6.9,4.7,17.0,1.0,59.6
2026-07-19 01:00:00,TKYO-015-2,TKYO-015,Band 1 (2100MHz),-76.5,-9.2,7.0,0.4,0.0,0.0
2026-07-19 01:00:00,TKYO-015-3,TKYO-015,Band 1 (2100MHz),-83.7,-10.3,7.6,15.3,17.1,37.1
2026-07-19 01:00:00,TKYO-016-1,TKYO-016,Band 41 (2500MHz),-93.8,-8.2,1.2,6.3,16.1,20.7
2026-07-19 01:00:00,TKYO-016-2,TKYO-016,Band 41 (2500MHz),-85.8,-8.3,8.8,10.3,10.5,0.0
2026-07-19 01:00:00,TKYO-016-3,TKYO-016,Band 41 (2500MHz),-87.0,-8.0,7.5,23.8,0.0,3.2
2026-07-19 02:00:00,TKYO-001-1,TKYO-001,Band 1 (2100MHz),-81.1,-11.5,3.6,0.0,0.0,0.0
2026-07-19 02:00:00,TKYO-001-2,TKYO-001,Band 1 (2100MHz),-79.5,-5.3,9.7,0.4,0.0,1.3
2026-07-19 02:00:00,TKYO-001-3,TKYO-001,Band 1 (2100MHz),-88.6,-10.2,9.9,0.0,1.3,18.8
2026-07-19 02:00:00,TKYO-002-1,TKYO-002,Band 41 (2500MHz),-82.7,-9.0,12.6,27.4,11.7,21.2
2026-07-19 02:00:00,TKYO-002-2,TKYO-002,Band 41 (2500MHz),-83.7,-8.5,-3.1,23.4,9.6,0.5
2026-07-19 02:00:00,TKYO-002-3,TKYO-002,Band 41 (2500MHz),-87.5,-4.1,11.4,14.0,16.0,50.7
2026-07-19 02:00:00,TKYO-003-1,TKYO-003,Band 1 (2100MHz),-84.0,-7.2,8.5,2.4,4.9,9.5
2026-07-19 02:00:00,TKYO-003-2,TKYO-003,Band 1 (2100MHz),-98.7,-12.9,-2.1,0.0,0.0,0.0
2026-07-19 02:00:00,TKYO-003-3,TKYO-003,Band 1 (2100MHz),-75.4,-6.7,4.2,14.7,7.6,0.0
2026-07-19 02:00:00,TKYO-004-1,TKYO-004,Band 41 (2500MHz),-86.9,-4.6,-2.8,0.0,18.8,0.0
2026-07-19 02:00:00,TKYO-004-2,TKYO-004,Band 41 (2500MHz),-90.5,-8.5,6.5,0.7,15.9,0.0
2026-07-19 02:00:00,TKYO-004-3,TKYO-004,Band 41 (2500MHz),-85.3,-11.4,-0.1,13.2,15.6,30.5
2026-07-19 02:00:00,TKYO-005-1,TKYO-005,Band 1 (2100MHz),-74.9,-10.3,4.8,13.9,23.6,3.3
2026-07-19 02:00:00,TKYO-005-2,TKYO-005,Band 1 (2100MHz),-78.6,-5.8,10.1,0.0,0.0,7.3
2026-07-19 02:00:00,TKYO-005-3,TKYO-005,Band 1 (2100MHz),-100.9,-14.0,-3.4,36.9,13.9,35.5
2026-07-19 02:00:00,TKYO-006-1,TKYO-006,Band 41 (2500MHz),-86.1,-8.5,3.2,11.4,20.6,22.7
2026-07-19 02:00:00,TKYO-006-2,TKYO-006,Band 41 (2500MHz),-85.8,-8.1,5.3,2.3,6.2,22.2
2026-07-19 02:00:00,TKYO-006-3,TKYO-006,Band 41 (2500MHz),-86.9,-10.7,3.2,6.0,14.2,0.0
2026-07-19 02:00:00,TKYO-007-1,TKYO-007,Band 1 (2100MHz),-87.7,-2.7,12.2,17.4,12.1,42.9
2026-07-19 02:00:00,TKYO-007-2,TKYO-007,Band 1 (2100MHz),-86.1,-10.7,7.4,36.3,0.0,14.2
2026-07-19 02:00:00,TKYO-007-3,TKYO-007,Band 1 (2100MHz),-98.9,-14.3,-2.2,6.6,23.6,5.8
2026-07-19 02:00:00,TKYO-008-1,TKYO-008,Band 41 (2500MHz),-84.8,-8.6,-2.5,0.0,0.0,31.3
2026-07-19 02:00:00,TKYO-008-2,TKYO-008,Band 41 (2500MHz),-90.7,-10.2,0.9,20.6,21.5,0.0
2026-07-19 02:00:00,TKYO-008-3,TKYO-008,Band 41 (2500MHz),-83.0,-9.3,9.3,23.2,1.6,6.5
2026-07-19 02:00:00,TKYO-009-1,TKYO-009,Band 1 (2100MHz),-79.0,-7.1,9.4,0.0,11.0,35.7
2026-07-19 02:00:00,TKYO-009-2,TKYO-009,Band 1 (2100MHz),-82.9,-8.9,4.7,14.1,14.1,46.0
2026-07-19 02:00:00,TKYO-009-3,TKYO-009,Band 1 (2100MHz),-79.6,-7.1,11.0,21.8,0.0,48.5
2026-07-19 02:00:00,TKYO-010-1,TKYO-010,Band 41 (2500MHz),-84.1,-12.2,14.4,0.6,0.0,10.4
2026-07-19 02:00:00,TKYO-010-2,TKYO-010,Band 41 (2500MHz),-79.4,-6.6,7.1,24.8,11.6,51.8
2026-07-19 02:00:00,TKYO-010-3,TKYO-010,Band 41 (2500MHz),-85.1,-10.8,4.5,0.0,5.2,16.5
2026-07-19 02:00:00,TKYO-011-1,TKYO-011,Band 1 (2100MHz),-84.6,-8.9,7.2,25.4,5.8,10.3
2026-07-19 02:00:00,TKYO-011-2,TKYO-011,Band 1 (2100MHz),-80.9,-7.7,7.7,11.7,0.0,75.2
2026-07-19 02:00:00,TKYO-011-3,TKYO-011,Band 1 (2100MHz),-88.3,-8.0,4.9,0.0,16.8,0.0
2026-07-19 02:00:00,TKYO-012-1,TKYO-012,Band 41 (2500MHz),-91.5,-7.3,-4.7,15.7,5.7,0.0
2026-07-19 02:00:00,TKYO-012-2,TKYO-012,Band 41 (2500MHz),-82.9,-6.1,-2.0,2.4,8.0,65.6
2026-07-19 02:00:00,TKYO-012-3,TKYO-012,Band 41 (2500MHz),-88.7,-6.7,6.1,19.6,4.6,12.1
2026-07-19 02:00:00,TKYO-013-1,TKYO-013,Band 1 (2100MHz),-82.5,-7.4,-1.4,15.6,9.4,67.4
2026-07-19 02:00:00,TKYO-013-2,TKYO-013,Band 1 (2100MHz),-100.3,-13.7,-4.0,1.9,17.5,38.5
2026-07-19 02:00:00,TKYO-013-3,TKYO-013,Band 1 (2100MHz),-84.9,-6.6,14.5,13.2,0.0,20.8
2026-07-19 02:00:00,TKYO-014-1,TKYO-014,Band 41 (2500MHz),-79.2,-10.0,1.4,0.0,9.8,47.5
2026-07-19 02:00:00,TKYO-014-2,TKYO-014,Band 41 (2500MHz),-100.7,-10.0,-2.2,0.0,3.4,9.1
2026-07-19 02:00:00,TKYO-014-3,TKYO-014,Band 41 (2500MHz),-81.6,-9.0,13.8,18.1,11.0,58.4
2026-07-19 02:00:00,TKYO-015-1,TKYO-015,Band 1 (2100MHz),-88.0,-11.4,7.1,8.1,14.2,48.6
2026-07-19 02:00:00,TKYO-015-2,TKYO-015,Band 1 (2100MHz),-82.4,-10.1,14.6,19.8,16.9,66.4
2026-07-19 02:00:00,TKYO-015-3,TKYO-015,Band 1 (2100MHz),-81.7,-3.9,-0.5,0.0,4.2,3.4
2026-07-19 02:00:00,TKYO-016-1,TKYO-016,Band 41 (2500MHz),-80.1,-3.7,6.3,5.5,4.4,2.6
2026-07-19 02:00:00,TKYO-016-2,TKYO-016,Band 41 (2500MHz),-80.4,-5.9,1.5,2.5,16.2,0.0
2026-07-19 02:00:00,TKYO-016-3,TKYO-016,Band 41 (2500MHz),-74.7,-7.5,10.9,9.8,25.7,15.2
2026-07-19 03:00:00,TKYO-001-1,TKYO-001,Band 1 (2100MHz),-83.0,-6.8,8.6,22.5,7.9,29.0
2026-07-19 03:00:00,TKYO-001-2,TKYO-001,Band 1 (2100MHz),-80.0,-8.8,5.2,9.7,0.1,51.4
2026-07-19 03:00:00,TKYO-001-3,TKYO-001,Band 1 (2100MHz),-88.6,-6.8,7.0,29.9,0.0,57.2
2026-07-19 03:00:00,TKYO-002-1,TKYO-002,Band 41 (2500MHz),-82.7,-7.7,0.7,24.2,0.0,1.8
2026-07-19 03:00:00,TKYO-002-2,TKYO-002,Band 41 (2500MHz),-87.6,-4.1,6.4,15.3,13.2,16.8
2026-07-19 03:00:00,TKYO-002-3,TKYO-002,Band 41 (2500MHz),-82.9,-8.9,6.0,2.4,0.1,7.7
2026-07-19 03:00:00,TKYO-003-1,TKYO-003,Band 1 (2100MHz),-84.4,-9.7,12.0,11.4,5.7,7.2
2026-07-19 03:00:00,TKYO-003-2,TKYO-003,Band 1 (2100MHz),-94.0,-15.8,-1.4,18.1,14.1,40.7
2026-07-19 03:00:00,TKYO-003-3,TKYO-003,Band 1 (2100MHz),-82.6,-8.6,5.7,28.8,2.0,40.2
2026-07-19 03:00:00,TKYO-004-1,TKYO-004,Band 41 (2500MHz),-83.6,-8.2,6.3,29.8,0.0,0.0
2026-07-19 03:00:00,TKYO-004-2,TKYO-004,Band 41 (2500MHz),-81.0,-4.7,6.8,31.4,7.1,7.0
2026-07-19 03:00:00,TKYO-004-3,TKYO-004,Band 41 (2500MHz),-84.5,-10.8,5.6,13.3,7.4,9.5
2026-07-19 03:00:00,TKYO-005-1,TKYO-005,Band 1 (2100MHz),-82.5,-10.1,8.3,20.9,8.5,0.0
2026-07-19 03:00:00,TKYO-005-2,TKYO-005,Band 1 (2100MHz),-79.9,-7.1,13.4,26.2,6.7,40.9
2026-07-19 03:00:00,TKYO-005-3,TKYO-005,Band 1 (2100MHz),-97.6,-12.4,-0.6,22.6,9.9,21.5
2026-07-19 03:00:00,TKYO-006-1,TKYO-006,Band 41 (2500MHz),-82.5,-8.0,10.6,1.7,6.8,0.0
2026-07-19 03:00:00,TKYO-006-2,TKYO-006,Band 41 (2500MHz),-83.2,-8.1,4.1,7.0,9.1,18.9
2026-07-19 03:00:00,TKYO-006-3,TKYO-006,Band 41 (2500MHz),-79.8,-8.8,7.3,16.7,10.2,35.6
2026-07-19 03:00:00,TKYO-007-1,TKYO-007,Band 1 (2100MHz),-80.1,-4.2,5.7,4.4,11.4,24.9
2026-07-19 03:00:00,TKYO-007-2,TKYO-007,Band 1 (2100MHz),-89.7,-8.0,7.3,12.5,1.4,0.0
2026-07-19 03:00:00,TKYO-007-3,TKYO-007,Band 1 (2100MHz),-98.4,-10.0,0.3,4.3,6.5,26.6
2026-07-19 03:00:00,TKYO-008-1,TKYO-008,Band 41 (2500MHz),-84.9,-6.6,4.5,13.9,26.1,15.6
2026-07-19 03:00:00,TKYO-008-2,TKYO-008,Band 41 (2500MHz),-89.2,-10.1,4.6,0.0,18.8,0.0
2026-07-19 03:00:00,TKYO-008-3,TKYO-008,Band 41 (2500MHz),-93.9,-8.0,0.6,1.1,0.0,62.2
2026-07-19 03:00:00,TKYO-009-1,TKYO-009,Band 1 (2100MHz),-81.7,-7.9,7.7,23.3,7.2,44.3
2026-07-19 03:00:00,TKYO-009-2,TKYO-009,Band 1 (2100MHz),-80.1,-10.3,13.3,18.5,9.5,15.4
2026-07-19 03:00:00,TKYO-009-3,TKYO-009,Band 1 (2100MHz),-78.3,-10.3,10.1,4.0,12.2,41.7
2026-07-19 03:00:00,TKYO-010-1,TKYO-010,Band 41 (2500MHz),-81.6,-7.8,3.6,7.1,0.0,15.1
2026-07-19 03:00:00,TKYO-010-2,TKYO-010,Band 41 (2500MHz),-87.7,-7.5,5.7,24.9,16.5,12.4
2026-07-19 03:00:00,TKYO-010-3,TKYO-010,Band 41 (2500MHz),-89.0,-11.5,8.4,0.7,26.2,0.0
2026-07-19 03:00:00,TKYO-011-1,TKYO-011,Band 1 (2100MHz),-83.2,-8.9,3.6,29.0,0.0,37.1
2026-07-19 03:00:00,TKYO-011-2,TKYO-011,Band 1 (2100MHz),-85.8,-7.7,2.8,22.6,12.2,23.5
2026-07-19 03:00:00,TKYO-011-3,TKYO-011,Band 1 (2100MHz),-92.2,-3.5,7.3,25.1,1.9,38.4
2026-07-19 03:00:00,TKYO-012-1,TKYO-012,Band 41 (2500MHz),-86.1,-4.4,4.0,20.7,8.3,25.0
2026-07-19 03:00:00,TKYO-012-2,TKYO-012,Band 41 (2500MHz),-84.1,-9.4,7.9,11.7,0.0,54.6
2026-07-19 03:00:00,TKYO-012-3,TKYO-012,Band 41 (2500MHz),-79.4,-9.3,7.4,0.0,0.0,67.7
2026-07-19 03:00:00,TKYO-013-1,TKYO-013,Band 1 (2100MHz),-87.4,-10.2,11.2,0.0,2.6,0.0
2026-07-19 03:00:00,TKYO-013-2,TKYO-013,Band 1 (2100MHz),-98.9,-11.9,0.4,5.6,18.6,38.3
2026-07-19 03:00:00,TKYO-013-3,TKYO-013,Band 1 (2100MHz),-85.3,-10.9,-1.5,4.2,18.2,23.2
2026-07-19 03:00:00,TKYO-014-1,TKYO-014,Band 41 (2500MHz),-83.2,-10.9,2.5,9.8,9.3,0.0
2026-07-19 03:00:00,TKYO-014-2,TKYO-014,Band 41 (2500MHz),-100.5,-10.4,2.9,18.7,4.8,25.6
2026-07-19 03:00:00,TKYO-014-3,TKYO-014,Band 41 (2500MHz),-79.8,-7.4,6.1,0.0,22.8,49.9
2026-07-19 03:00:00,TKYO-015-1,TKYO-015,Band 1 (2100MHz),-88.1,-5.3,3.9,0.0,14.7,29.2
2026-07-19 03:00:00,TKYO-015-2,TKYO-015,Band 1 (2100MHz),-81.4,-5.7,-0.2,11.1,0.0,25.9
2026-07-19 03:00:00,TKYO-015-3,TKYO-015,Band 1 (2100MHz),-80.4,-8.1,5.7,13.3,12.6,20.6
2026-07-19 03:00:00,TKYO-016-1,TKYO-016,Band 41 (2500MHz),-86.1,-7.9,8.4,31.5,17.8,7.9
2026-07-19 03:00:00,TKYO-016-2,TKYO-016,Band 41 (2500MHz),-90.3,-5.9,12.6,5.4,24.0,0.0
2026-07-19 03:00:00,TKYO-016-3,TKYO-016,Band 41 (2500MHz),-87.0,-7.9,1.2,0.0,2.6,34.4
2026-07-19 04:00:00,TKYO-001-1,TKYO-001,Band 1 (2100MHz),-84.1,-5.3,19.6,6.3,0.9,52.7
2026-07-19 04:00:00,TKYO-001-2,TKYO-001,Band 1 (2100MHz),-82.8,-6.9,15.0,0.0,8.5,29.3
2026-07-19 04:00:00,TKYO-001-3,TKYO-001,Band 1 (2100MHz),-85.4,-8.2,7.7,11.9,20.3,26.8
2026-07-19 04:00:00,TKYO-002-1,TKYO-002,Band 41 (2500MHz),-85.9,-9.8,-1.9,16.1,10.2,5.5
2026-07-19 04:00:00,TKYO-002-2,TKYO-002,Band 41 (2500MHz),-84.2,-5.0,5.2,0.0,11.5,0.0
2026-07-19 04:00:00,TKYO-002-3,TKYO-002,Band 41 (2500MHz),-84.2,-12.7,10.0,23.4,4.3,0.0
2026-07-19 04:00:00,TKYO-003-1,TKYO-003,Band 1 (2100MHz),-84.9,-9.0,1.1,13.2,6.3,2.0
2026-07-19 04:00:00,TKYO-003-2,TKYO-003,Band 1 (2100MHz),-97.6,-10.7,-1.9,26.2,4.7,47.2
2026-07-19 04:00:00,TKYO-003-3,TKYO-003,Band 1 (2100MHz),-79.6,-7.9,11.1,21.0,0.0,32.3
2026-07-19 04:00:00,TKYO-004-1,TKYO-004,Band 41 (2500MHz),-84.2,-7.1,13.5,5.8,6.1,0.0
2026-07-19 04:00:00,TKYO-004-2,TKYO-004,Band 41 (2500MHz),-80.4,-7.6,5.5,33.6,0.0,24.8
2026-07-19 04:00:00,TKYO-004-3,TKYO-004,Band 41 (2500MHz),-87.9,-8.9,13.2,21.8,0.0,21.0
2026-07-19 04:00:00,TKYO-005-1,TKYO-005,Band 1 (2100MHz),-85.5,-7.8,6.2,0.0,3.8,51.0
2026-07-19 04:00:00,TKYO-005-2,TKYO-005,Band 1 (2100MHz),-86.8,-8.3,10.9,12.2,0.0,30.5
2026-07-19 04:00:00,TKYO-005-3,TKYO-005,Band 1 (2100MHz),-98.0,-10.2,0.6,11.9,10.7,28.7
2026-07-19 04:00:00,TKYO-006-1,TKYO-006,Band 41 (2500MHz),-82.8,-7.9,9.6,0.0,1.5,15.0
2026-07-19 04:00:00,TKYO-006-2,TKYO-006,Band 41 (2500MHz),-82.3,-10.7,-2.9,0.0,4.1,3.0
2026-07-19 04:00:00,TKYO-006-3,TKYO-006,Band 41 (2500MHz),-88.8,-6.9,-1.1,5.5,13.6,5.9
2026-07-19 04:00:00,TKYO-007-1,TKYO-007,Band 1 (2100MHz),-80.2,-3.1,7.8,37.6,0.0,22.5
2026-07-19 04:00:00,TKYO-007-2,TKYO-007,Band 1 (2100MHz),-82.5,-7.9,14.4,20.7,0.0,45.7
2026-07-19 04:00:00,TKYO-007-3,TKYO-007,Band 1 (2100MHz),-96.6,-12.6,-3.6,32.7,10.4,20.8
2026-07-19 04:00:00,TKYO-008-1,TKYO-008,Band 41 (2500MHz),-89.0,-8.9,7.7,27.7,16.0,7.4
2026-07-19 04:00:00,TKYO-008-2,TKYO-008,Band 41 (2500MHz),-86.1,-6.9,4.8,0.0,0.0,18.6
2026-07-19 04:00:00,TKYO-008-3,TKYO-008,Band 41 (2500MHz),-81.4,-7.7,10.1,16.2,16.7,0.0
2026-07-19 04:00:00,TKYO-009-1,TKYO-009,Band 1 (2100MHz),-78.2,-7.1,5.5,1.4,0.0,37.1
2026-07-19 04:00:00,TKYO-009-2,TKYO-009,Band 1 (2100MHz),-89.0,-8.9,10.8,0.0,15.9,26.2
2026-07-19 04:00:00,TKYO-009-3,TKYO-009,Band 1 (2100MHz),-86.2,-9.8,10.0,23.7,0.0,61.6
2026-07-19 04:00:00,TKYO-010-1,TKYO-010,Band 41 (2500MHz),-85.7,-5.3,-0.2,24.4,14.6,24.1
2026-07-19 04:00:00,TKYO-010-2,TKYO-010,Band 41 (2500MHz),-92.2,-6.5,4.0,9.8,1.5,4.2
2026-07-19 04:00:00,TKYO-010-3,TKYO-010,Band 41 (2500MHz),-81.9,-7.4,12.3,25.3,8.5,3.5
2026-07-19 04:00:00,TKYO-011-1,TKYO-011,Band 1 (2100MHz),-79.5,-7.5,12.4,19.4,0.0,67.6
2026-07-19 04:00:00,TKYO-011-2,TKYO-011,Band 1 (2100MHz),-76.0,-6.6,4.4,24.7,11.1,33.2
2026-07-19 04:00:00,TKYO-011-3,TKYO-011,Band 1 (2100MHz),-76.8,-7.7,11.1,20.9,14.1,14.8
2026-07-19 04:00:00,TKYO-012-1,TKYO-012,Band 41 (2500MHz),-80.4,-7.1,15.1,22.6,0.0,27.1
2026-07-19 04:00:00,TKYO-012-2,TKYO-012,Band 41 (2500MHz),-88.2,-11.6,2.8,5.1,9.9,29.2
2026-07-19 04:00:00,TKYO-012-3,TKYO-012,Band 41 (2500MHz),-91.7,-7.4,3.1,7.5,1.1,33.5
2026-07-19 04:00:00,TKYO-013-1,TKYO-013,Band 1 (2100MHz),-87.4,-6.9,14.8,22.5,11.2,43.2
2026-07-19 04:00:00,TKYO-013-2,TKYO-013,Band 1 (2100MHz),-98.5,-10.2,-5.3,0.0,5.3,18.4
2026-07-19 04:00:00,TKYO-013-3,TKYO-013,Band 1 (2100MHz),-85.5,-11.9,7.2,13.8,0.0,35.2
2026-07-19 04:00:00,TKYO-014-1,TKYO-014,Band 41 (2500MHz),-85.7,-12.2,13.7,16.3,0.0,11.9
2026-07-19 04:00:00,TKYO-014-2,TKYO-014,Band 41 (2500MHz),-97.3,-12.7,-7.8,24.7,4.1,3.2
2026-07-19 04:00:00,TKYO-014-3,TKYO-014,Band 41 (2500MHz),-86.3,-9.4,9.5,0.0,15.2,56.7
2026-07-19 04:00:00,TKYO-015-1,TKYO-015,Band 1 (2100MHz),-82.0,-6.8,11.3,22.2,18.3,34.9
2026-07-19 04:00:00,TKYO-015-2,TKYO-015,Band 1 (2100MHz),-81.6,-9.6,11.3,13.4,0.0,13.9
2026-07-19 04:00:00,TKYO-015-3,TKYO-015,Band 1 (2100MHz),-82.6,-7.9,3.9,26.7,6.8,0.0
2026-07-19 04:00:00,TKYO-016-1,TKYO-016,Band 41 (2500MHz),-82.9,-9.6,0.7,10.9,6.7,32.4
2026-07-19 04:00:00,TKYO-016-2,TKYO-016,Band 41 (2500MHz),-92.6,-8.2,-0.8,0.0,4.3,45.7
2026-07-19 04:00:00,TKYO-016-3,TKYO-016,Band 41 (2500MHz),-82.4,-6.5,-1.8,0.0,6.9,0.0
2026-07-19 05:00:00,TKYO-001-1,TKYO-001,Band 1 (2100MHz),-87.2,-10.8,12.0,6.2,15.9,8.5
2026-07-19 05:00:00,TKYO-001-2,TKYO-001,Band 1 (2100MHz),-82.1,-5.3,8.3,9.6,3.1,14.8
2026-07-19 05:00:00,TKYO-001-3,TKYO-001,Band 1 (2100MHz),-87.7,-6.0,9.1,22.4,10.8,0.0
2026-07-19 05:00:00,TKYO-002-1,TKYO-002,Band 41 (2500MHz),-81.6,-8.9,4.2,26.8,1.5,33.9
2026-07-19 05:00:00,TKYO-002-2,TKYO-002,Band 41 (2500MHz),-84.6,-9.4,2.9,20.0,0.0,18.8
2026-07-19 05:00:00,TKYO-002-3,TKYO-002,Band 41 (2500MHz),-89.5,-10.3,2.7,23.4,12.1,38.1
2026-07-19 05:00:00,TKYO-003-1,TKYO-003,Band 1 (2100MHz),-85.2,-5.7,7.3,8.6,12.8,45.8
2026-07-19 05:00:00,TKYO-003-2,TKYO-003,Band 1 (2100MHz),-99.2,-11.3,-0.7,9.8,0.0,17.4
2026-07-19 05:00:00,TKYO-003-3,TKYO-003,Band 1 (2100MHz),-80.1,-7.1,3.6,0.0,1.0,28.8
2026-07-19 05:00:00,TKYO-004-1,TKYO-004,Band 41 (2500MHz),-76.4,-7.2,1.1,20.4,21.7,33.5
2026-07-19 05:00:00,TKYO-004-2,TKYO-004,Band 41 (2500MHz),-83.6,-1.2,9.1,21.8,8.5,0.0
2026-07-19 05:00:00,TKYO-004-3,TKYO-004,Band 41 (2500MHz),-84.3,-7.3,4.8,0.0,0.0,3.9
2026-07-19 05:00:00,TKYO-005-1,TKYO-005,Band 1 (2100MHz),-85.0,-8.4,5.1,20.5,0.0,32.3
2026-07-19 05:00:00,TKYO-005-2,TKYO-005,Band 1 (2100MHz),-86.7,-7.8,10.9,1.7,27.6,0.0
2026-07-19 05:00:00,TKYO-005-3,TKYO-005,Band 1 (2100MHz),-98.1,-10.1,8.7,0.0,0.0,8.7
2026-07-19 05:00:00,TKYO-006-1,TKYO-006,Band 41 (2500MHz),-83.1,-10.2,11.4,32.5,0.0,10.7
2026-07-19 05:00:00,TKYO-006-2,TKYO-006,Band 41 (2500MHz),-83.2,-9.4,16.2,21.5,18.6,7.9
2026-07-19 05:00:00,TKYO-006-3,TKYO-006,Band 41 (2500MHz),-91.0,-7.2,6.1,26.4,12.2,32.1
2026-07-19 05:00:00,TKYO-007-1,TKYO-007,Band 1 (2100MHz),-91.7,-2.8,11.0,32.8,6.6,22.3
2026-07-19 05:00:00,TKYO-007-2,TKYO-007,Band 1 (2100MHz),-87.9,-4.6,8.1,3.0,12.3,23.0
2026-07-19 05:00:00,TKYO-007-3,TKYO-007,Band 1 (2100MHz),-106.7,-9.7,6.6,14.7,21.1,40.9
2026-07-19 05:00:00,TKYO-008-1,TKYO-008,Band 41 (2500MHz),-86.3,-12.5,6.0,1.3,0.0,0.0
2026-07-19 05:00:00,TKYO-008-2,TKYO-008,Band 41 (2500MHz),-79.9,-10.0,-2.4,4.6,0.0,19.9
2026-07-19 05:00:00,TKYO-008-3,TKYO-008,Band 41 (2500MHz),-83.3,-8.3,4.4,8.3,3.5,25.0
2026-07-19 05:00:00,TKYO-009-1,TKYO-009,Band 1 (2100MHz),-89.5,-6.6,2.1,5.0,5.8,13.3
2026-07-19 05:00:00,TKYO-009-2,TKYO-009,Band 1 (2100MHz),-88.5,-10.7,4.0,2.1,12.6,16.8
2026-07-19 05:00:00,TKYO-009-3,TKYO-009,Band 1 (2100MHz),-76.6,-7.8,2.7,0.0,5.9,5.8
2026-07-19 05:00:00,TKYO-010-1,TKYO-010,Band 41 (2500MHz),-79.1,-8.0,15.0,17.3,0.0,25.0
2026-07-19 05:00:00,TKYO-010-2,TKYO-010,Band 41 (2500MHz),-86.5,-4.8,11.4,5.9,20.7,39.9
2026-07-19 05:00:00,TKYO-010-3,TKYO-010,Band 41 (2500MHz),-82.6,-5.4,-0.5,16.8,2.0,16.7
2026-07-19 05:00:00,TKYO-011-1,TKYO-011,Band 1 (2100MHz),-84.5,-8.7,11.7,14.7,5.7,5.4
2026-07-19 05:00:00,TKYO-011-2,TKYO-011,Band 1 (2100MHz),-82.5,-10.8,-6.3,11.5,10.3,0.0
2026-07-19 05:00:00,TKYO-011-3,TKYO-011,Band 1 (2100MHz),-80.7,-6.2,7.1,8.9,14.1,0.0
2026-07-19 05:00:00,TKYO-012-1,TKYO-012,Band 41 (2500MHz),-80.5,-8.2,5.8,22.4,0.0,10.9
2026-07-19 05:00:00,TKYO-012-2,TKYO-012,Band 41 (2500MHz),-80.1,-8.1,-1.2,12.6,8.1,8.9
2026-07-19 05:00:00,TKYO-012-3,TKYO-012,Band 41 (2500MHz),-89.5,-6.1,6.4,0.2,11.8,12.4
2026-07-19 05:00:00,TKYO-013-1,TKYO-013,Band 1 (2100MHz),-81.5,-9.4,-1.9,8.3,8.9,11.5
2026-07-19 05:00:00,TKYO-013-2,TKYO-013,Band 1 (2100MHz),-96.1,-13.3,-1.7,12.0,6.4,36.0
2026-07-19 05:00:00,TKYO-013-3,TKYO-013,Band 1 (2100MHz),-79.5,-6.5,8.1,0.0,0.0,11.4
2026-07-19 05:00:00,TKYO-014-1,TKYO-014,Band 41 (2500MHz),-85.7,-8.4,0.6,4.2,0.0,17.1
2026-07-19 05:00:00,TKYO-014-2,TKYO-014,Band 41 (2500MHz),-97.9,-12.4,-10.0,25.6,36.3,0.0
2026-07-19 05:00:00,TKYO-014-3,TKYO-014,Band 41 (2500MHz),-78.0,-7.7,3.0,6.8,0.0,0.0
2026-07-19 05:00:00,TKYO-015-1,TKYO-015,Band 1 (2100MHz),-86.8,-7.8,11.3,17.4,12.4,0.0
2026-07-19 05:00:00,TKYO-015-2,TKYO-015,Band 1 (2100MHz),-82.3,-5.7,10.3,15.9,5.3,29.7
2026-07-19 05:00:00,TKYO-015-3,TKYO-015,Band 1 (2100MHz),-81.8,-8.9,10.2,17.0,16.0,11.8
2026-07-19 05:00:00,TKYO-016-1,TKYO-016,Band 41 (2500MHz),-82.6,-9.3,10.0,5.5,3.3,0.0
2026-07-19 05:00:00,TKYO-016-2,TKYO-016,Band 41 (2500MHz),-87.4,-8.6,3.3,12.7,0.0,28.5
2026-07-19 05:00:00,TKYO-016-3,TKYO-016,Band 41 (2500MHz),-79.6,-8.6,2.1,24.4,13.1,43.9
2026-07-19 06:00:00,TKYO-001-1,TKYO-001,Band 1 (2100MHz),-82.6,-5.9,13.0,25.1,8.1,39.5
2026-07-19 06:00:00,TKYO-001-2,TKYO-001,Band 1 (2100MHz),-87.7,-6.4,13.4,25.6,30.4,42.2
2026-07-19 06:00:00,TKYO-001-3,TKYO-001,Band 1 (2100MHz),-78.7,-7.8,-1.2,6.0,14.1,58.0
2026-07-19 06:00:00,TKYO-002-1,TKYO-002,Band 41 (2500MHz),-85.6,-11.6,5.2,33.9,3.2,27.7
2026-07-19 06:00:00,TKYO-002-2,TKYO-002,Band 41 (2500MHz),-82.1,-5.5,8.6,17.5,0.0,34.8
2026-07-19 06:00:00,TKYO-002-3,TKYO-002,Band 41 (2500MHz),-87.3,-7.9,0.4,35.4,5.1,35.5
2026-07-19 06:00:00,TKYO-003-1,TKYO-003,Band 1 (2100MHz),-79.3,-6.0,9.4,16.2,13.2,59.9
2026-07-19 06:00:00,TKYO-003-2,TKYO-003,Band 1 (2100MHz),-91.5,-14.4,5.5,40.9,34.3,54.6
2026-07-19 06:00:00,TKYO-003-3,TKYO-003,Band 1 (2100MHz),-82.9,-6.5,5.6,22.8,19.0,25.0
2026-07-19 06:00:00,TKYO-004-1,TKYO-004,Band 41 (2500MHz),-80.9,-8.1,4.9,17.2,4.6,19.9
2026-07-19 06:00:00,TKYO-004-2,TKYO-004,Band 41 (2500MHz),-87.1,-8.4,1.6,25.8,1.5,16.4
2026-07-19 06:00:00,TKYO-004-3,TKYO-004,Band 41 (2500MHz),-86.8,-12.4,9.0,21.8,0.0,2.5
2026-07-19 06:00:00,TKYO-005-1,TKYO-005,Band 1 (2100MHz),-84.1,-9.3,12.4,30.2,18.4,63.8
2026-07-19 06:00:00,TKYO-005-2,TKYO-005,Band 1 (2100MHz),-87.7,-11.0,19.3,18.1,8.1,17.1
2026-07-19 06:00:00,TKYO-005-3,TKYO-005,Band 1 (2100MHz),-95.6,-15.3,-2.5,5.9,5.6,70.5
2026-07-19 06:00:00,TKYO-006-1,TKYO-006,Band 41 (2500MHz),-83.7,-12.1,-0.4,13.4,0.0,27.7
2026-07-19 06:00:00,TKYO-006-2,TKYO-006,Band 41 (2500MHz),-84.2,-6.8,8.2,28.5,17.4,21.3
2026-07-19 06:00:00,TKYO-006-3,TKYO-006,Band 41 (2500MHz),-80.4,-6.1,1.3,10.3,9.3,56.5
2026-07-19 06:00:00,TKYO-007-1,TKYO-007,Band 1 (2100MHz),-87.0,-8.9,0.8,21.6,20.7,24.8
2026-07-19 06:00:00,TKYO-007-2,TKYO-007,Band 1 (2100MHz),-85.7,-11.4,8.9,27.8,4.9,35.0
2026-07-19 06:00:00,TKYO-007-3,TKYO-007,Band 1 (2100MHz),-97.6,-10.1,1.6,36.5,12.8,32.6
2026-07-19 06:00:00,TKYO-008-1,TKYO-008,Band 41 (2500MHz),-87.9,-9.4,1.0,20.0,12.1,77.2
2026-07-19 06:00:00,TKYO-008-2,TKYO-008,Band 41 (2500MHz),-87.9,-7.4,15.8,8.3,0.0,36.4
2026-07-19 06:00:00,TKYO-008-3,TKYO-008,Band 41 (2500MHz),-77.2,-11.9,3.7,13.9,7.3,45.0
2026-07-19 06:00:00,TKYO-009-1,TKYO-009,Band 1 (2100MHz),-86.8,-8.2,18.4,17.5,16.4,62.3
2026-07-19 06:00:00,TKYO-009-2,TKYO-009,Band 1 (2100MHz),-88.1,-8.0,11.4,19.1,14.8,30.3
2026-07-19 06:00:00,TKYO-009-3,TKYO-009,Band 1 (2100MHz),-80.5,-7.9,6.7,33.4,11.7,16.6
2026-07-19 06:00:00,TKYO-010-1,TKYO-010,Band 41 (2500MHz),-82.5,-8.7,5.7,39.4,1.7,21.3
2026-07-19 06:00:00,TKYO-010-2,TKYO-010,Band 41 (2500MHz),-79.7,-7.9,9.8,16.7,17.3,0.0
2026-07-19 06:00:00,TKYO-010-3,TKYO-010,Band 41 (2500MHz),-84.5,-7.3,4.6,12.4,0.0,0.0
2026-07-19 06:00:00,TKYO-011-1,TKYO-011,Band 1 (2100MHz),-79.4,-8.1,14.2,11.7,10.2,23.4
2026-07-19 06:00:00,TKYO-011-2,TKYO-011,Band 1 (2100MHz),-82.7,-6.8,10.4,22.5,4.3,37.0
2026-07-19 06:00:00,TKYO-011-3,TKYO-011,Band 1 (2100MHz),-84.7,-13.0,8.2,40.9,4.4,10.3
2026-07-19 06:00:00,TKYO-012-1,TKYO-012,Band 41 (2500MHz),-76.9,-8.6,0.0,14.9,20.8,96.1
2026-07-19 06:00:00,TKYO-012-2,TKYO-012,Band 41 (2500MHz),-78.9,-7.8,9.8,22.0,30.1,42.6
2026-07-19 06:00:00,TKYO-012-3,TKYO-012,Band 41 (2500MHz),-83.1,-10.2,-4.0,30.6,7.2,3.7
2026-07-19 06:00:00,TKYO-013-1,TKYO-013,Band 1 (2100MHz),-86.9,-11.3,7.4,27.8,24.6,53.9
2026-07-19 06:00:00,TKYO-013-2,TKYO-013,Band 1 (2100MHz),-96.2,-12.8,-6.8,31.7,26.8,25.9
2026-07-19 06:00:00,TKYO-013-3,TKYO-013,Band 1 (2100MHz),-87.4,-8.3,5.9,26.2,2.8,74.5
2026-07-19 06:00:00,TKYO-014-1,TKYO-014,Band 41 (2500MHz),-83.6,-6.9,2.4,39.3,26.2,45.2
2026-07-19 06:00:00,TKYO-014-2,TKYO-014,Band 41 (2500MHz),-104.0,-11.7,0.3,26.5,4.6,63.8
2026-07-19 06:00:00,TKYO-014-3,TKYO-014,Band 41 (2500MHz),-88.0,-11.2,6.8,32.7,19.6,31.3
2026-07-19 06:00:00,TKYO-015-1,TKYO-015,Band 1 (2100MHz),-76.7,-11.0,15.8,17.0,21.7,13.4
2026-07-19 06:00:00,TKYO-015-2,TKYO-015,Band 1 (2100MHz),-82.5,-9.8,13.8,7.2,8.3,17.0
2026-07-19 06:00:00,TKYO-015-3,TKYO-015,Band 1 (2100MHz),-83.8,-8.0,3.5,37.1,15.0,33.6
2026-07-19 06:00:00,TKYO-016-1,TKYO-016,Band 41 (2500MHz),-80.5,-11.2,13.0,31.1,8.1,23.5
2026-07-19 06:00:00,TKYO-016-2,TKYO-016,Band 41 (2500MHz),-84.0,-10.4,1.5,51.3,23.6,27.9
2026-07-19 06:00:00,TKYO-016-3,TKYO-016,Band 41 (2500MHz),-82.1,-8.8,-2.2,23.9,17.6,19.2
2026-07-19 07:00:00,TKYO-001-1,TKYO-001,Band 1 (2100MHz),-93.3,-12.1,6.5,96.7,44.9,102.6
2026-07-19 07:00:00,TKYO-001-2,TKYO-001,Band 1 (2100MHz),-83.1,-13.4,16.2,67.7,49.4,146.0
2026-07-19 07:00:00,TKYO-001-3,TKYO-001,Band 1 (2100MHz),-86.4,-12.0,7.7,80.8,61.1,137.8
2026-07-19 07:00:00,TKYO-002-1,TKYO-002,Band 41 (2500MHz),-81.6,-11.7,2.5,71.5,55.3,128.5
2026-07-19 07:00:00,TKYO-002-2,TKYO-002,Band 41 (2500MHz),-88.5,-13.1,9.4,95.4,43.4,159.1
2026-07-19 07:00:00,TKYO-002-3,TKYO-002,Band 41 (2500MHz),-86.7,-10.5,6.7,69.9,48.1,109.3
2026-07-19 07:00:00,TKYO-003-1,TKYO-003,Band 1 (2100MHz),-81.1,-13.3,2.9,79.4,47.8,145.2
2026-07-19 07:00:00,TKYO-003-2,TKYO-003,Band 1 (2100MHz),-101.0,-15.2,-4.7,81.8,33.1,152.7
2026-07-19 07:00:00,TKYO-003-3,TKYO-003,Band 1 (2100MHz),-79.1,-13.0,11.9,94.0,39.7,127.5
2026-07-19 07:00:00,TKYO-004-1,TKYO-004,Band 41 (2500MHz),-85.0,-10.6,1.8,77.1,37.2,123.4
2026-07-19 07:00:00,TKYO-004-2,TKYO-004,Band 41 (2500MHz),-86.0,-14.1,5.1,79.8,42.7,126.7
2026-07-19 07:00:00,TKYO-004-3,TKYO-004,Band 41 (2500MHz),-84.7,-8.3,7.2,77.2,45.1,129.0
2026-07-19 07:00:00,TKYO-005-1,TKYO-005,Band 1 (2100MHz),-85.3,-10.1,8.7,70.5,41.9,129.1
2026-07-19 07:00:00,TKYO-005-2,TKYO-005,Band 1 (2100MHz),-87.6,-12.7,6.5,58.2,42.4,101.3
2026-07-19 07:00:00,TKYO-005-3,TKYO-005,Band 1 (2100MHz),-95.8,-17.1,2.2,94.9,40.3,82.0
2026-07-19 07:00:00,TKYO-006-1,TKYO-006,Band 41 (2500MHz),-81.0,-13.7,5.5,67.2,51.0,141.6
2026-07-19 07:00:00,TKYO-006-2,TKYO-006,Band 41 (2500MHz),-87.5,-11.4,3.0,93.7,48.6,144.7
2026-07-19 07:00:00,TKYO-006-3,TKYO-006,Band 41 (2500MHz),-77.3,-12.0,-1.8,71.2,57.3,153.3
2026-07-19 07:00:00,TKYO-007-1,TKYO-007,Band 1 (2100MHz),-79.2,-10.0,5.4,99.2,46.1,116.3
2026-07-19 07:00:00,TKYO-007-2,TKYO-007,Band 1 (2100MHz),-81.5,-9.9,3.9,98.7,45.0,116.3
2026-07-19 07:00:00,TKYO-007-3,TKYO-007,Band 1 (2100MHz),-94.1,-16.4,5.2,99.9,51.7,94.1
2026-07-19 07:00:00,TKYO-008-1,TKYO-008,Band 41 (2500MHz),-83.8,-9.4,15.0,82.1,40.0,141.1
2026-07-19 07:00:00,TKYO-008-2,TKYO-008,Band 41 (2500MHz),-86.3,-10.2,7.7,75.9,51.0,148.3
2026-07-19 07:00:00,TKYO-008-3,TKYO-008,Band 41 (2500MHz),-86.6,-9.8,2.1,92.5,42.7,148.8
2026-07-19 07:00:00,TKYO-009-1,TKYO-009,Band 1 (2100MHz),-82.8,-14.5,9.3,94.4,54.7,120.7
2026-07-19 07:00:00,TKYO-009-2,TKYO-009,Band 1 (2100MHz),-84.1,-11.7,6.1,59.7,42.6,147.5
2026-07-19 07:00:00,TKYO-009-3,TKYO-009,Band 1 (2100MHz),-84.1,-14.9,11.0,71.3,38.7,109.5
2026-07-19 07:00:00,TKYO-010-1,TKYO-010,Band 41 (2500MHz),-82.5,-10.3,2.9,85.6,51.9,106.2
2026-07-19 07:00:00,TKYO-010-2,TKYO-010,Band 41 (2500MHz),-80.6,-11.1,4.7,73.8,39.2,122.3
2026-07-19 07:00:00,TKYO-010-3,TKYO-010,Band 41 (2500MHz),-80.0,-12.6,1.6,72.9,43.7,107.7
2026-07-19 07:00:00,TKYO-011-1,TKYO-011,Band 1 (2100MHz),-83.2,-11.6,8.8,76.1,55.7,146.6
2026-07-19 07:00:00,TKYO-011-2,TKYO-011,Band 1 (2100MHz),-83.6,-13.8,12.1,80.6,51.3,149.4
2026-07-19 07:00:00,TKYO-011-3,TKYO-011,Band 1 (2100MHz),-83.1,-8.9,7.7,84.3,32.3,173.1
2026-07-19 07:00:00,TKYO-012-1,TKYO-012,Band 41 (2500MHz),-79.9,-12.5,1.2,96.2,45.5,124.6
2026-07-19 07:00:00,TKYO-012-2,TKYO-012,Band 41 (2500MHz),-89.2,-11.7,-7.8,74.5,40.8,138.9
2026-07-19 07:00:00,TKYO-012-3,TKYO-012,Band 41 (2500MHz),-81.2,-11.1,-2.9,78.1,45.1,101.7
2026-07-19 07:00:00,TKYO-013-1,TKYO-013,Band 1 (2100MHz),-87.6,-17.3,9.9,76.2,37.9,120.0
2026-07-19 07:00:00,TKYO-013-2,TKYO-013,Band 1 (2100MHz),-101.8,-15.9,1.6,71.7,57.0,148.1
2026-07-19 07:00:00,TKYO-013-3,TKYO-013,Band 1 (2100MHz),-74.3,-7.5,11.2,46.5,48.6,122.4
2026-07-19 07:00:00,TKYO-014-1,TKYO-014,Band 41 (2500MHz),-83.3,-13.2,3.1,56.0,40.6,84.9
2026-07-19 07:00:00,TKYO-014-2,TKYO-014,Band 41 (2500MHz),-96.6,-16.0,-1.1,82.5,53.7,138.0
2026-07-19 07:00:00,TKYO-014-3,TKYO-014,Band 41 (2500MHz),-76.6,-11.7,8.6,54.8,65.6,96.7
2026-07-19 07:00:00,TKYO-015-1,TKYO-015,Band 1 (2100MHz),-85.6,-10.7,3.2,61.4,60.4,132.4
2026-07-19 07:00:00,TKYO-015-2,TKYO-015,Band 1 (2100MHz),-76.8,-11.7,8.7,86.9,34.2,106.4
2026-07-19 07:00:00,TKYO-015-3,TKYO-015,Band 1 (2100MHz),-95.0,-10.4,6.7,79.6,30.9,105.0
2026-07-19 07:00:00,TKYO-016-1,TKYO-016,Band 41 (2500MHz),-87.4,-14.3,2.7,81.2,42.8,96.4
2026-07-19 07:00:00,TKYO-016-2,TKYO-016,Band 41 (2500MHz),-89.9,-10.4,2.1,71.4,29.6,113.0
2026-07-19 07:00:00,TKYO-016-3,TKYO-016,Band 41 (2500MHz),-85.7,-15.3,5.6,66.7,42.2,97.5
2026-07-19 08:00:00,TKYO-001-1,TKYO-001,Band 1 (2100MHz),-85.8,-14.1,6.4,86.8,63.3,141.7
2026-07-19 08:00:00,TKYO-001-2,TKYO-001,Band 1 (2100MHz),-82.3,-9.3,4.8,100.0,59.5,155.3
2026-07-19 08:00:00,TKYO-001-3,TKYO-001,Band 1 (2100MHz),-91.7,-13.9,-1.1,100.0,57.8,162.1
2026-07-19 08:00:00,TKYO-002-1,TKYO-002,Band 41 (2500MHz),-92.7,-13.6,9.4,100.0,52.7,161.9
2026-07-19 08:00:00,TKYO-002-2,TKYO-002,Band 41 (2500MHz),-90.7,-9.6,-3.8,100.0,51.6,132.0
2026-07-19 08:00:00,TKYO-002-3,TKYO-002,Band 41 (2500MHz),-84.4,-12.9,3.6,100.0,38.9,173.2
2026-07-19 08:00:00,TKYO-003-1,TKYO-003,Band 1 (2100MHz),-79.4,-11.2,7.4,100.0,50.5,182.8
2026-07-19 08:00:00,TKYO-003-2,TKYO-003,Band 1 (2100MHz),-96.2,-20.9,2.1,93.0,70.7,163.0
2026-07-19 08:00:00,TKYO-003-3,TKYO-003,Band 1 (2100MHz),-78.0,-15.7,12.0,100.0,70.4,180.1
2026-07-19 08:00:00,TKYO-004-1,TKYO-004,Band 41 (2500MHz),-84.5,-14.0,6.8,100.0,58.0,176.8
2026-07-19 08:00:00,TKYO-004-2,TKYO-004,Band 41 (2500MHz),-81.6,-8.4,1.7,100.0,67.0,178.2
2026-07-19 08:00:00,TKYO-004-3,TKYO-004,Band 41 (2500MHz),-86.5,-11.3,14.6,86.1,49.4,183.3
2026-07-19 08:00:00,TKYO-005-1,TKYO-005,Band 1 (2100MHz),-82.1,-11.7,13.4,86.7,68.6,136.8
2026-07-19 08:00:00,TKYO-005-2,TKYO-005,Band 1 (2100MHz),-84.5,-12.9,2.7,90.4,58.3,153.8
2026-07-19 08:00:00,TKYO-005-3,TKYO-005,Band 1 (2100MHz),-98.2,-16.9,9.8,98.2,59.4,160.5
2026-07-19 08:00:00,TKYO-006-1,TKYO-006,Band 41 (2500MHz),-86.7,-13.9,-1.4,93.9,64.5,150.1
2026-07-19 08:00:00,TKYO-006-2,TKYO-006,Band 41 (2500MHz),-80.0,-9.6,4.1,100.0,69.6,151.2
2026-07-19 08:00:00,TKYO-006-3,TKYO-006,Band 41 (2500MHz),-82.9,-10.0,5.1,100.0,67.7,206.7
2026-07-19 08:00:00,TKYO-007-1,TKYO-007,Band 1 (2100MHz),-92.1,-11.7,14.9,95.1,70.0,132.3
2026-07-19 08:00:00,TKYO-007-2,TKYO-007,Band 1 (2100MHz),-82.7,-13.3,7.5,100.0,57.4,170.6
2026-07-19 08:00:00,TKYO-007-3,TKYO-007,Band 1 (2100MHz),-100.3,-17.6,-1.4,94.8,77.8,164.8
2026-07-19 08:00:00,TKYO-008-1,TKYO-008,Band 41 (2500MHz),-85.4,-15.9,2.2,92.6,57.9,135.1
2026-07-19 08:00:00,TKYO-008-2,TKYO-008,Band 41 (2500MHz),-86.3,-15.5,10.8,92.3,56.8,105.5
2026-07-19 08:00:00,TKYO-008-3,TKYO-008,Band 41 (2500MHz),-74.0,-14.5,3.8,93.5,55.2,179.2
2026-07-19 08:00:00,TKYO-009-1,TKYO-009,Band 1 (2100MHz),-78.0,-13.2,8.8,100.0,61.9,176.1
2026-07-19 08:00:00,TKYO-009-2,TKYO-009,Band 1 (2100MHz),-78.4,-16.1,7.4,100.0,62.4,168.9
2026-07-19 08:00:00,TKYO-009-3,TKYO-009,Band 1 (2100MHz),-90.8,-12.6,-2.3,90.2,67.0,139.2
2026-07-19 08:00:00,TKYO-010-1,TKYO-010,Band 41 (2500MHz),-82.5,-14.9,9.8,95.2,43.7,142.0
2026-07-19 08:00:00,TKYO-010-2,TKYO-010,Band 41 (2500MHz),-77.1,-13.7,-0.1,89.1,58.5,166.0
2026-07-19 08:00:00,TKYO-010-3,TKYO-010,Band 41 (2500MHz),-79.4,-11.6,5.0,100.0,64.8,130.6
2026-07-19 08:00:00,TKYO-011-1,TKYO-011,Band 1 (2100MHz),-74.0,-14.8,11.2,99.6,45.9,163.3
2026-07-19 08:00:00,TKYO-011-2,TKYO-011,Band 1 (2100MHz),-83.2,-14.9,10.0,85.3,65.5,138.8
2026-07-19 08:00:00,TKYO-011-3,TKYO-011,Band 1 (2100MHz),-88.7,-14.3,16.0,100.0,58.5,179.3
2026-07-19 08:00:00,TKYO-012-1,TKYO-012,Band 41 (2500MHz),-84.1,-14.5,11.3,97.8,56.1,184.3
2026-07-19 08:00:00,TKYO-012-2,TKYO-012,Band 41 (2500MHz),-83.8,-13.2,7.9,64.1,45.6,177.7
2026-07-19 08:00:00,TKYO-012-3,TKYO-012,Band 41 (2500MHz),-80.2,-14.1,-2.2,99.7,42.1,140.9
2026-07-19 08:00:00,TKYO-013-1,TKYO-013,Band 1 (2100MHz),-86.4,-12.2,9.6,84.5,65.1,192.9
2026-07-19 08:00:00,TKYO-013-2,TKYO-013,Band 1 (2100MHz),-99.1,-17.6,-9.1,86.1,60.7,143.8
2026-07-19 08:00:00,TKYO-013-3,TKYO-013,Band 1 (2100MHz),-81.9,-12.6,14.0,100.0,41.1,166.3
2026-07-19 08:00:00,TKYO-014-1,TKYO-014,Band 41 (2500MHz),-86.9,-13.9,-1.5,100.0,76.3,173.9
2026-07-19 08:00:00,TKYO-014-2,TKYO-014,Band 41 (2500MHz),-96.0,-16.1,-4.7,100.0,56.5,147.1
2026-07-19 08:00:00,TKYO-014-3,TKYO-014,Band 41 (2500MHz),-80.6,-12.1,5.0,100.0,52.1,162.6
2026-07-19 08:00:00,TKYO-015-1,TKYO-015,Band 1 (2100MHz),-86.8,-14.0,9.0,100.0,69.9,178.7
2026-07-19 08:00:00,TKYO-015-2,TKYO-015,Band 1 (2100MHz),-79.5,-11.6,9.6,100.0,37.2,186.6
2026-07-19 08:00:00,TKYO-015-3,TKYO-015,Band 1 (2100MHz),-85.3,-8.4,3.7,95.5,74.4,174.9
2026-07-19 08:00:00,TKYO-016-1,TKYO-016,Band 41 (2500MHz),-87.5,-12.6,2.6,89.8,35.2,191.8
2026-07-19 08:00:00,TKYO-016-2,TKYO-016,Band 41 (2500MHz),-78.6,-11.6,6.3,100.0,52.2,112.6
2026-07-19 08:00:00,TKYO-016-3,TKYO-016,Band 41 (2500MHz),-79.5,-11.9,8.1,100.0,62.9,162.7
2026-07-19 09:00:00,TKYO-001-1,TKYO-001,Band 1 (2100MHz),-81.1,-10.7,6.5,93.0,50.6,153.8
2026-07-19 09:00:00,TKYO-001-2,TKYO-001,Band 1 (2100MHz),-86.0,-10.4,17.8,77.5,40.6,65.9
2026-07-19 09:00:00,TKYO-001-3,TKYO-001,Band 1 (2100MHz),-81.3,-12.7,7.7,62.8,47.4,119.7
2026-07-19 09:00:00,TKYO-002-1,TKYO-002,Band 41 (2500MHz),-92.6,-11.3,10.3,94.4,44.6,112.4
2026-07-19 09:00:00,TKYO-002-2,TKYO-002,Band 41 (2500MHz),-88.2,-16.3,6.4,84.1,42.0,108.0
2026-07-19 09:00:00,TKYO-002-3,TKYO-002,Band 41 (2500MHz),-86.7,-12.6,7.0,96.8,51.7,111.7
2026-07-19 09:00:00,TKYO-003-1,TKYO-003,Band 1 (2100MHz),-87.6,-9.8,11.2,84.8,30.8,148.5
2026-07-19 09:00:00,TKYO-003-2,TKYO-003,Band 1 (2100MHz),-95.6,-16.8,3.2,85.6,37.1,110.1
2026-07-19 09:00:00,TKYO-003-3,TKYO-003,Band 1 (2100MHz),-80.7,-10.7,10.5,53.8,58.3,152.5
2026-07-19 09:00:00,TKYO-004-1,TKYO-004,Band 41 (2500MHz),-84.8,-10.0,5.6,57.0,58.6,154.1
2026-07-19 09:00:00,TKYO-004-2,TKYO-004,Band 41 (2500MHz),-83.2,-15.0,3.7,62.8,36.0,155.3
2026-07-19 09:00:00,TKYO-004-3,TKYO-004,Band 41 (2500MHz),-84.9,-9.1,2.7,95.0,33.9,138.9
2026-07-19 09:00:00,TKYO-005-1,TKYO-005,Band 1 (2100MHz),-87.2,-14.4,13.8,83.5,42.0,96.4
2026-07-19 09:00:00,TKYO-005-2,TKYO-005,Band 1 (2100MHz),-87.4,-11.0,10.8,90.5,31.3,136.2
2026-07-19 09:00:00,TKYO-005-3,TKYO-005,Band 1 (2100MHz),-94.5,-13.8,-1.2,75.4,40.5,146.2
2026-07-19 09:00:00,TKYO-006-1,TKYO-006,Band 41 (2500MHz),-85.7,-10.9,6.6,76.6,25.2,102.4
2026-07-19 09:00:00,TKYO-006-2,TKYO-006,Band 41 (2500MHz),-78.7,-10.6,13.6,69.9,74.2,110.6
2026-07-19 09:00:00,TKYO-006-3,TKYO-006,Band 41 (2500MHz),-81.9,-14.3,4.3,73.7,38.6,136.2
2026-07-19 09:00:00,TKYO-007-1,TKYO-007,Band 1 (2100MHz),-89.1,-10.9,3.9,86.8,44.6,150.4
2026-07-19 09:00:00,TKYO-007-2,TKYO-007,Band 1 (2100MHz),-72.6,-14.2,4.6,71.6,43.6,170.0
2026-07-19 09:00:00,TKYO-007-3,TKYO-007,Band 1 (2100MHz),-95.0,-15.4,-5.0,80.2,55.7,115.5
2026-07-19 09:00:00,TKYO-008-1,TKYO-008,Band 41 (2500MHz),-83.0,-9.0,6.9,81.1,38.7,120.6
2026-07-19 09:00:00,TKYO-008-2,TKYO-008,Band 41 (2500MHz),-88.6,-16.1,4.0,74.6,53.9,107.1
2026-07-19 09:00:00,TKYO-008-3,TKYO-008,Band 41 (2500MHz),-84.6,-12.1,-2.0,82.6,36.3,84.6
2026-07-19 09:00:00,TKYO-009-1,TKYO-009,Band 1 (2100MHz),-86.1,-10.6,1.6,72.7,39.3,102.4
2026-07-19 09:00:00,TKYO-009-2,TKYO-009,Band 1 (2100MHz),-79.2,-9.6,13.8,76.8,48.4,120.8
2026-07-19 09:00:00,TKYO-009-3,TKYO-009,Band 1 (2100MHz),-82.1,-12.0,7.2,70.3,38.7,177.6
2026-07-19 09:00:00,TKYO-010-1,TKYO-010,Band 41 (2500MHz),-92.4,-13.5,3.8,82.7,40.4,72.4
2026-07-19 09:00:00,TKYO-010-2,TKYO-010,Band 41 (2500MHz),-84.7,-12.1,-3.2,100.0,58.2,83.4
2026-07-19 09:00:00,TKYO-010-3,TKYO-010,Band 41 (2500MHz),-84.5,-10.6,8.4,74.5,32.3,152.7
2026-07-19 09:00:00,TKYO-011-1,TKYO-011,Band 1 (2100MHz),-88.2,-9.0,8.7,98.8,35.7,139.3
2026-07-19 09:00:00,TKYO-011-2,TKYO-011,Band 1 (2100MHz),-81.0,-14.2,3.0,32.7,47.8,145.0
2026-07-19 09:00:00,TKYO-011-3,TKYO-011,Band 1 (2100MHz),-79.8,-9.9,11.1,83.6,45.0,106.1
2026-07-19 09:00:00,TKYO-012-1,TKYO-012,Band 41 (2500MHz),-85.0,-10.7,6.3,54.6,45.1,80.9
2026-07-19 09:00:00,TKYO-012-2,TKYO-012,Band 41 (2500MHz),-82.3,-12.1,8.5,92.5,40.0,159.5
2026-07-19 09:00:00,TKYO-012-3,TKYO-012,Band 41 (2500MHz),-84.5,-12.5,4.7,70.4,47.4,145.1
2026-07-19 09:00:00,TKYO-013-1,TKYO-013,Band 1 (2100MHz),-84.9,-9.8,-0.3,89.0,51.0,146.8
2026-07-19 09:00:00,TKYO-013-2,TKYO-013,Band 1 (2100MHz),-97.4,-14.4,-5.3,69.1,43.3,107.3
2026-07-19 09:00:00,TKYO-013-3,TKYO-013,Band 1 (2100MHz),-81.9,-13.7,5.3,79.3,51.7,145.9
2026-07-19 09:00:00,TKYO-014-1,TKYO-014,Band 41 (2500MHz),-86.9,-12.7,11.2,85.2,53.2,162.0
2026-07-19 09:00:00,TKYO-014-2,TKYO-014,Band 41 (2500MHz),-98.1,-16.1,0.5,88.8,37.3,109.3
2026-07-19 09:00:00,TKYO-014-3,TKYO-014,Band 41 (2500MHz),-89.3,-13.8,8.4,73.1,67.1,116.9
2026-07-19 09:00:00,TKYO-015-1,TKYO-015,Band 1 (2100MHz),-83.4,-12.8,9.7,87.7,58.5,102.3
2026-07-19 09:00:00,TKYO-015-2,TKYO-015,Band 1 (2100MHz),-91.8,-9.2,2.2,59.7,38.9,111.3
2026-07-19 09:00:00,TKYO-015-3,TKYO-015,Band 1 (2100MHz),-84.2,-11.0,13.0,61.3,36.0,134.5
2026-07-19 09:00:00,TKYO-016-1,TKYO-016,Band 41 (2500MHz),-78.0,-12.4,6.4,79.6,44.3,81.6
2026-07-19 09:00:00,TKYO-016-2,TKYO-016,Band 41 (2500MHz),-84.7,-10.4,9.9,75.1,52.6,113.2
2026-07-19 09:00:00,TKYO-016-3,TKYO-016,Band 41 (2500MHz),-85.3,-13.4,1.7,86.0,39.6,120.6
2026-07-19 10:00:00,TKYO-001-1,TKYO-001,Band 1 (2100MHz),-83.3,-7.7,6.9,23.2,16.7,37.4
2026-07-19 10:00:00,TKYO-001-2,TKYO-001,Band 1 (2100MHz),-80.3,-7.6,12.9,34.5,10.1,51.8
2026-07-19 10:00:00,TKYO-001-3,TKYO-001,Band 1 (2100MHz),-81.7,-11.5,5.5,16.7,4.9,46.5
2026-07-19 10:00:00,TKYO-002-1,TKYO-002,Band 41 (2500MHz),-90.7,-9.2,-1.4,0.2,17.3,7.0
2026-07-19 10:00:00,TKYO-002-2,TKYO-002,Band 41 (2500MHz),-84.2,-6.1,7.1,39.5,1.3,13.6
2026-07-19 10:00:00,TKYO-002-3,TKYO-002,Band 41 (2500MHz),-88.1,-10.2,8.1,23.1,22.0,36.4
2026-07-19 10:00:00,TKYO-003-1,TKYO-003,Band 1 (2100MHz),-91.5,-9.3,6.4,20.5,19.7,67.6
2026-07-19 10:00:00,TKYO-003-2,TKYO-003,Band 1 (2100MHz),-95.4,-12.8,-10.0,30.6,11.7,67.7
2026-07-19 10:00:00,TKYO-003-3,TKYO-003,Band 1 (2100MHz),-83.4,-10.3,13.3,26.6,26.3,60.1
2026-07-19 10:00:00,TKYO-004-1,TKYO-004,Band 41 (2500MHz),-83.1,-10.2,10.8,31.2,5.8,26.1
2026-07-19 10:00:00,TKYO-004-2,TKYO-004,Band 41 (2500MHz),-76.3,-9.6,8.5,13.2,17.2,12.8
2026-07-19 10:00:00,TKYO-004-3,TKYO-004,Band 41 (2500MHz),-87.5,-9.6,8.6,22.1,14.1,0.0
2026-07-19 10:00:00,TKYO-005-1,TKYO-005,Band 1 (2100MHz),-79.4,-9.1,4.8,2.7,11.8,40.4
2026-07-19 10:00:00,TKYO-005-2,TKYO-005,Band 1 (2100MHz),-84.7,-8.7,6.1,11.2,18.9,35.8
2026-07-19 10:00:00,TKYO-005-3,TKYO-005,Band 1 (2100MHz),-100.4,-13.0,-5.3,41.0,4.0,40.3
2026-07-19 10:00:00,TKYO-006-1,TKYO-006,Band 41 (2500MHz),-75.9,-8.0,4.1,19.1,0.0,43.7
2026-07-19 10:00:00,TKYO-006-2,TKYO-006,Band 41 (2500MHz),-83.0,-4.9,10.0,20.2,14.3,22.7
2026-07-19 10:00:00,TKYO-006-3,TKYO-006,Band 41 (2500MHz),-84.7,-3.2,10.0,11.8,13.0,34.2
2026-07-19 10:00:00,TKYO-007-1,TKYO-007,Band 1 (2100MHz),-88.4,-15.7,15.6,14.3,18.1,24.7
2026-07-19 10:00:00,TKYO-007-2,TKYO-007,Band 1 (2100MHz),-91.4,-6.6,15.0,16.5,20.0,55.3
2026-07-19 10:00:00,TKYO-007-3,TKYO-007,Band 1 (2100MHz),-92.7,-12.2,-2.9,19.1,15.7,88.1
2026-07-19 10:00:00,TKYO-008-1,TKYO-008,Band 41 (2500MHz),-87.1,-9.7,5.3,17.0,1.1,27.5
2026-07-19 10:00:00,TKYO-008-2,TKYO-008,Band 41 (2500MHz),-86.4,-7.1,4.3,22.6,0.0,46.6
2026-07-19 10:00:00,TKYO-008-3,TKYO-008,Band 41 (2500MHz),-71.3,-10.5,-5.6,18.5,9.8,40.6
2026-07-19 10:00:00,TKYO-009-1,TKYO-009,Band 1 (2100MHz),-82.2,-10.1,6.9,6.8,0.0,46.9
2026-07-19 10:00:00,TKYO-009-2,TKYO-009,Band 1 (2100MHz),-91.9,-9.0,10.8,15.6,24.7,37.3
2026-07-19 10:00:00,TKYO-009-3,TKYO-009,Band 1 (2100MHz),-77.9,-10.4,11.5,52.0,19.4,20.7
2026-07-19 10:00:00,TKYO-010-1,TKYO-010,Band 41 (2500MHz),-86.5,-7.2,3.6,37.3,13.7,54.0
2026-07-19 10:00:00,TKYO-010-2,TKYO-010,Band 41 (2500MHz),-82.0,-9.9,4.2,19.5,6.2,91.4
2026-07-19 10:00:00,TKYO-010-3,TKYO-010,Band 41 (2500MHz),-92.4,-8.2,-5.5,30.6,1.2,26.1
2026-07-19 10:00:00,TKYO-011-1,TKYO-011,Band 1 (2100MHz),-84.0,-11.3,10.8,17.2,29.5,50.2
2026-07-19 10:00:00,TKYO-011-2,TKYO-011,Band 1 (2100MHz),-82.0,-4.8,7.7,32.0,10.2,16.3
2026-07-19 10:00:00,TKYO-011-3,TKYO-011,Band 1 (2100MHz),-84.5,-6.2,8.0,31.0,5.9,63.0
2026-07-19 10:00:00,TKYO-012-1,TKYO-012,Band 41 (2500MHz),-83.2,-12.2,6.5,0.0,0.0,34.6
2026-07-19 10:00:00,TKYO-012-2,TKYO-012,Band 41 (2500MHz),-87.0,-10.7,12.8,11.9,5.8,64.3
2026-07-19 10:00:00,TKYO-012-3,TKYO-012,Band 41 (2500MHz),-83.1,-7.4,14.9,28.3,17.6,66.1
2026-07-19 10:00:00,TKYO-013-1,TKYO-013,Band 1 (2100MHz),-80.3,-11.1,0.7,14.8,10.3,28.2
2026-07-19 10:00:00,TKYO-013-2,TKYO-013,Band 1 (2100MHz),-103.9,-11.8,6.7,27.4,26.6,0.0
2026-07-19 10:00:00,TKYO-013-3,TKYO-013,Band 1 (2100MHz),-87.9,-5.9,5.6,17.4,5.3,73.6
2026-07-19 10:00:00,TKYO-014-1,TKYO-014,Band 41 (2500MHz),-90.1,-7.3,5.9,32.0,3.3,61.7
2026-07-19 10:00:00,TKYO-014-2,TKYO-014,Band 41 (2500MHz),-93.1,-11.8,-7.5,4.8,29.6,36.6
2026-07-19 10:00:00,TKYO-014-3,TKYO-014,Band 41 (2500MHz),-89.4,-10.5,3.3,0.0,1.6,34.2
2026-07-19 10:00:00,TKYO-015-1,TKYO-015,Band 1 (2100MHz),-80.7,-7.3,13.4,14.1,18.2,10.4
2026-07-19 10:00:00,TKYO-015-2,TKYO-015,Band 1 (2100MHz),-83.3,-7.2,13.6,21.1,31.4,26.4
2026-07-19 10:00:00,TKYO-015-3,TKYO-015,Band 1 (2100MHz),-82.6,-7.4,17.1,10.0,7.3,71.8
2026-07-19 10:00:00,TKYO-016-1,TKYO-016,Band 41 (2500MHz),-86.3,-9.7,-2.0,41.8,18.1,47.6
2026-07-19 10:00:00,TKYO-016-2,TKYO-016,Band 41 (2500MHz),-84.4,-8.7,6.4,35.1,25.2,59.6
2026-07-19 10:00:00,TKYO-016-3,TKYO-016,Band 41 (2500MHz),-83.9,-6.3,15.2,24.5,11.8,69.5
2026-07-19 11:00:00,TKYO-001-1,TKYO-001,Band 1 (2100MHz),-81.9,-11.1,5.7,62.2,45.5,104.3
2026-07-19 11:00:00,TKYO-001-2,TKYO-001,Band 1 (2100MHz),-86.5,-11.0,3.8,56.8,47.2,99.2
2026-07-19 11:00:00,TKYO-001-3,TKYO-001,Band 1 (2100MHz),-87.2,-15.3,1.7,60.1,29.1,59.6
2026-07-19 11:00:00,TKYO-002-1,TKYO-002,Band 41 (2500MHz),-86.6,-12.3,2.4,81.6,39.6,133.0
2026-07-19 11:00:00,TKYO-002-2,TKYO-002,Band 41 (2500MHz),-85.1,-11.2,10.3,55.9,41.7,104.5
2026-07-19 11:00:00,TKYO-002-3,TKYO-002,Band 41 (2500MHz),-84.2,-13.8,7.2,59.9,49.5,105.4
2026-07-19 11:00:00,TKYO-003-1,TKYO-003,Band 1 (2100MHz),-86.9,-10.5,8.1,87.9,31.2,133.6
2026-07-19 11:00:00,TKYO-003-2,TKYO-003,Band 1 (2100MHz),-105.2,-16.3,-0.3,63.7,34.5,109.7
2026-07-19 11:00:00,TKYO-003-3,TKYO-003,Band 1 (2100MHz),-91.3,-14.2,2.2,87.7,30.6,100.8
2026-07-19 11:00:00,TKYO-004-1,TKYO-004,Band 41 (2500MHz),-75.4,-9.4,8.1,56.1,45.4,128.3
2026-07-19 11:00:00,TKYO-004-2,TKYO-004,Band 41 (2500MHz),-80.1,-9.4,-2.0,68.9,40.9,142.6
2026-07-19 11:00:00,TKYO-004-3,TKYO-004,Band 41 (2500MHz),-89.8,-10.0,0.1,73.5,38.2,63.1
2026-07-19 11:00:00,TKYO-005-1,TKYO-005,Band 1 (2100MHz),-89.4,-14.4,13.3,87.4,46.9,172.6
2026-07-19 11:00:00,TKYO-005-2,TKYO-005,Band 1 (2100MHz),-78.5,-11.3,-3.0,67.7,41.1,132.2
2026-07-19 11:00:00,TKYO-005-3,TKYO-005,Band 1 (2100MHz),-96.8,-13.8,2.1,63.1,38.6,124.0
2026-07-19 11:00:00,TKYO-006-1,TKYO-006,Band 41 (2500MHz),-90.6,-11.7,-1.6,62.6,18.6,110.8
2026-07-19 11:00:00,TKYO-006-2,TKYO-006,Band 41 (2500MHz),-81.4,-9.6,-0.4,69.1,38.1,131.1
2026-07-19 11:00:00,TKYO-006-3,TKYO-006,Band 41 (2500MHz),-76.2,-12.2,1.8,52.1,31.6,106.1
2026-07-19 11:00:00,TKYO-007-1,TKYO-007,Band 1 (2100MHz),-84.4,-10.8,5.8,52.5,44.1,112.0
2026-07-19 11:00:00,TKYO-007-2,TKYO-007,Band 1 (2100MHz),-90.5,-10.5,3.0,44.4,49.4,112.2
2026-07-19 11:00:00,TKYO-007-3,TKYO-007,Band 1 (2100MHz),-96.6,-12.7,2.4,75.3,47.4,148.9
2026-07-19 11:00:00,TKYO-008-1,TKYO-008,Band 41 (2500MHz),-80.4,-9.6,-0.7,65.0,47.7,84.1
2026-07-19 11:00:00,TKYO-008-2,TKYO-008,Band 41 (2500MHz),-81.3,-11.3,2.1,55.6,56.6,138.8
2026-07-19 11:00:00,TKYO-008-3,TKYO-008,Band 41 (2500MHz),-88.7,-14.9,13.9,47.8,46.7,99.3
2026-07-19 11:00:00,TKYO-009-1,TKYO-009,Band 1 (2100MHz),-80.6,-10.9,13.5,83.1,32.5,145.4
2026-07-19 11:00:00,TKYO-009-2,TKYO-009,Band 1 (2100MHz),-81.9,-13.9,9.7,71.1,39.3,131.6
2026-07-19 11:00:00,TKYO-009-3,TKYO-009,Band 1 (2100MHz),-82.3,-8.6,4.0,87.5,42.2,107.2
2026-07-19 11:00:00,TKYO-010-1,TKYO-010,Band 41 (2500MHz),-89.8,-7.6,8.2,80.1,38.5,143.1
2026-07-19 11:00:00,TKYO-010-2,TKYO-010,Band 41 (2500MHz),-78.7,-14.6,8.6,47.1,35.8,100.7
2026-07-19 11:00:00,TKYO-010-3,TKYO-010,Band 41 (2500MHz),-80.1,-12.6,11.8,93.3,34.8,135.1
2026-07-19 11:00:00,TKYO-011-1,TKYO-011,Band 1 (2100MHz),-80.2,-7.8,10.9,64.0,50.1,111.8
2026-07-19 11:00:00,TKYO-011-2,TKYO-011,Band 1 (2100MHz),-82.8,-9.4,-2.4,79.3,46.0,88.7
2026-07-19 11:00:00,TKYO-011-3,TKYO-011,Band 1 (2100MHz),-83.9,-11.3,0.2,68.5,50.0,86.5
2026-07-19 11:00:00,TKYO-012-1,TKYO-012,Band 41 (2500MHz),-80.1,-13.3,-0.3,64.2,63.7,102.1
2026-07-19 11:00:00,TKYO-012-2,TKYO-012,Band 41 (2500MHz),-86.7,-14.6,5.8,60.3,36.2,83.3
2026-07-19 11:00:00,TKYO-012-3,TKYO-012,Band 41 (2500MHz),-86.5,-7.7,15.6,74.6,32.5,122.2
2026-07-19 11:00:00,TKYO-013-1,TKYO-013,Band 1 (2100MHz),-93.6,-8.6,8.5,67.9,25.6,106.7
2026-07-19 11:00:00,TKYO-013-2,TKYO-013,Band 1 (2100MHz),-98.7,-15.7,-1.1,65.8,36.4,123.6
2026-07-19 11:00:00,TKYO-013-3,TKYO-013,Band 1 (2100MHz),-80.6,-10.7,10.8,55.2,30.5,127.6
2026-07-19 11:00:00,TKYO-014-1,TKYO-014,Band 41 (2500MHz),-82.7,-15.1,10.0,60.1,58.0,112.7
2026-07-19 11:00:00,TKYO-014-2,TKYO-014,Band 41 (2500MHz),-103.9,-17.3,-2.4,46.7,45.0,119.5
2026-07-19 11:00:00,TKYO-014-3,TKYO-014,Band 41 (2500MHz),-88.8,-11.2,13.7,60.5,43.9,89.6
2026-07-19 11:00:00,TKYO-015-1,TKYO-015,Band 1 (2100MHz),-81.9,-11.4,8.2,67.9,42.9,112.8
2026-07-19 11:00:00,TKYO-015-2,TKYO-015,Band 1 (2100MHz),-80.3,-9.0,8.0,61.5,25.9,70.6
2026-07-19 11:00:00,TKYO-015-3,TKYO-015,Band 1 (2100MHz),-80.0,-11.9,14.6,50.4,45.0,62.9
2026-07-19 11:00:00,TKYO-016-1,TKYO-016,Band 41 (2500MHz),-82.6,-13.4,4.0,61.6,60.7,113.2
2026-07-19 11:00:00,TKYO-016-2,TKYO-016,Band 41 (2500MHz),-85.0,-10.2,10.0,58.9,39.8,113.0
2026-07-19 11:00:00,TKYO-016-3,TKYO-016,Band 41 (2500MHz),-87.1,-11.9,8.7,68.6,30.8,117.7
2026-07-19 12:00:00,TKYO-001-1,TKYO-001,Band 1 (2100MHz),-84.0,-14.3,6.5,68.1,45.2,121.2
2026-07-19 12:00:00,TKYO-001-2,TKYO-001,Band 1 (2100MHz),-85.3,-9.9,11.0,77.1,38.6,111.0
2026-07-19 12:00:00,TKYO-001-3,TKYO-001,Band 1 (2100MHz),-91.8,-13.2,0.3,57.8,38.0,106.8
2026-07-19 12:00:00,TKYO-002-1,TKYO-002,Band 41 (2500MHz),-75.5,-15.9,8.4,64.3,36.7,157.5
2026-07-19 12:00:00,TKYO-002-2,TKYO-002,Band 41 (2500MHz),-84.6,-10.0,2.4,78.3,37.6,118.6
2026-07-19 12:00:00,TKYO-002-3,TKYO-002,Band 41 (2500MHz),-81.0,-13.1,10.4,59.1,41.0,81.7
2026-07-19 12:00:00,TKYO-003-1,TKYO-003,Band 1 (2100MHz),-86.0,-10.9,6.7,68.2,40.3,98.0
2026-07-19 12:00:00,TKYO-003-2,TKYO-003,Band 1 (2100MHz),-95.0,-16.0,6.1,63.5,54.1,133.7
2026-07-19 12:00:00,TKYO-003-3,TKYO-003,Band 1 (2100MHz),-84.5,-9.3,3.4,79.1,32.0,78.8
2026-07-19 12:00:00,TKYO-004-1,TKYO-004,Band 41 (2500MHz),-74.8,-10.5,11.6,68.2,44.2,159.0
2026-07-19 12:00:00,TKYO-004-2,TKYO-004,Band 41 (2500MHz),-92.6,-11.9,12.9,76.2,41.5,86.8
2026-07-19 12:00:00,TKYO-004-3,TKYO-004,Band 41 (2500MHz),-86.7,-12.9,2.9,74.6,21.2,111.2
2026-07-19 12:00:00,TKYO-005-1,TKYO-005,Band 1 (2100MHz),-80.5,-10.1,10.9,79.7,38.5,129.7
2026-07-19 12:00:00,TKYO-005-2,TKYO-005,Band 1 (2100MHz),-73.8,-12.4,12.2,67.8,46.5,129.1
2026-07-19 12:00:00,TKYO-005-3,TKYO-005,Band 1 (2100MHz),-97.6,-13.9,5.5,94.6,34.9,77.3
2026-07-19 12:00:00,TKYO-006-1,TKYO-006,Band 41 (2500MHz),-80.6,-12.4,-2.8,63.1,26.1,98.3
2026-07-19 12:00:00,TKYO-006-2,TKYO-006,Band 41 (2500MHz),-87.6,-9.5,-1.1,85.4,46.1,75.9
2026-07-19 12:00:00,TKYO-006-3,TKYO-006,Band 41 (2500MHz),-81.9,-12.9,2.5,69.8,39.5,97.2
2026-07-19 12:00:00,TKYO-007-1,TKYO-007,Band 1 (2100MHz),-85.9,-11.0,12.8,67.6,44.2,130.6
2026-07-19 12:00:00,TKYO-007-2,TKYO-007,Band 1 (2100MHz),-76.9,-11.9,9.6,56.9,39.2,95.7
2026-07-19 12:00:00,TKYO-007-3,TKYO-007,Band 1 (2100MHz),-93.0,-17.1,2.7,84.3,44.6,113.2
2026-07-19 12:00:00,TKYO-008-1,TKYO-008,Band 41 (2500MHz),-81.6,-10.2,-3.1,59.5,29.0,132.5
2026-07-19 12:00:00,TKYO-008-2,TKYO-008,Band 41 (2500MHz),-86.6,-12.8,4.2,65.2,49.5,102.3
2026-07-19 12:00:00,TKYO-008-3,TKYO-008,Band 41 (2500MHz),-83.8,-11.8,2.0,59.0,54.2,149.9
2026-07-19 12:00:00,TKYO-009-1,TKYO-009,Band 1 (2100MHz),-82.6,-9.6,1.3,79.2,34.9,117.4
2026-07-19 12:00:00,TKYO-009-2,TKYO-009,Band 1 (2100MHz),-82.1,-10.0,9.6,91.0,57.6,125.0
2026-07-19 12:00:00,TKYO-009-3,TKYO-009,Band 1 (2100MHz),-82.1,-13.2,-0.3,78.2,47.2,123.5
2026-07-19 12:00:00,TKYO-010-1,TKYO-010,Band 41 (2500MHz),-81.6,-10.2,3.0,79.0,30.6,113.8
2026-07-19 12:00:00,TKYO-010-2,TKYO-010,Band 41 (2500MHz),-84.0,-10.6,2.4,79.6,62.0,82.0
2026-07-19 12:00:00,TKYO-010-3,TKYO-010,Band 41 (2500MHz),-76.4,-12.9,5.5,60.6,38.8,139.8
2026-07-19 12:00:00,TKYO-011-1,TKYO-011,Band 1 (2100MHz),-80.9,-12.7,5.6,69.2,29.5,92.5
2026-07-19 12:00:00,TKYO-011-2,TKYO-011,Band 1 (2100MHz),-78.6,-11.2,11.3,80.6,58.3,123.2
2026-07-19 12:00:00,TKYO-011-3,TKYO-011,Band 1 (2100MHz),-84.9,-11.8,6.7,77.2,37.5,143.3
2026-07-19 12:00:00,TKYO-012-1,TKYO-012,Band 41 (2500MHz),-91.1,-8.5,1.0,83.1,39.1,84.5
2026-07-19 12:00:00,TKYO-012-2,TKYO-012,Band 41 (2500MHz),-85.6,-12.4,1.9,65.8,33.2,117.9
2026-07-19 12:00:00,TKYO-012-3,TKYO-012,Band 41 (2500MHz),-79.6,-10.5,4.8,59.7,46.0,130.0
2026-07-19 12:00:00,TKYO-013-1,TKYO-013,Band 1 (2100MHz),-80.2,-15.2,-1.8,52.2,32.5,132.9
2026-07-19 12:00:00,TKYO-013-2,TKYO-013,Band 1 (2100MHz),-88.0,-18.8,2.8,66.2,37.8,177.1
2026-07-19 12:00:00,TKYO-013-3,TKYO-013,Band 1 (2100MHz),-86.2,-7.6,9.2,49.6,44.3,119.3
2026-07-19 12:00:00,TKYO-014-1,TKYO-014,Band 41 (2500MHz),-89.6,-12.1,6.3,61.5,44.9,91.6
2026-07-19 12:00:00,TKYO-014-2,TKYO-014,Band 41 (2500MHz),-93.8,-17.4,0.4,67.8,31.2,144.6
2026-07-19 12:00:00,TKYO-014-3,TKYO-014,Band 41 (2500MHz),-85.9,-14.5,3.1,48.3,45.9,111.0
2026-07-19 12:00:00,TKYO-015-1,TKYO-015,Band 1 (2100MHz),-92.0,-15.9,3.1,86.6,43.4,125.0
2026-07-19 12:00:00,TKYO-015-2,TKYO-015,Band 1 (2100MHz),-88.5,-8.9,9.9,60.0,54.8,125.8
2026-07-19 12:00:00,TKYO-015-3,TKYO-015,Band 1 (2100MHz),-90.2,-9.6,13.6,70.5,28.0,153.3
2026-07-19 12:00:00,TKYO-016-1,TKYO-016,Band 41 (2500MHz),-89.0,-11.5,9.4,69.5,33.5,90.7
2026-07-19 12:00:00,TKYO-016-2,TKYO-016,Band 41 (2500MHz),-77.0,-11.6,2.4,65.2,35.6,102.3
2026-07-19 12:00:00,TKYO-016-3,TKYO-016,Band 41 (2500MHz),-81.2,-10.9,1.2,85.3,46.9,133.8
2026-07-19 13:00:00,TKYO-001-1,TKYO-001,Band 1 (2100MHz),-80.7,-10.0,0.9,75.6,52.0,112.6
2026-07-19 13:00:00,TKYO-001-2,TKYO-001,Band 1 (2100MHz),-86.0,-10.6,3.0,57.0,51.8,108.8
2026-07-19 13:00:00,TKYO-001-3,TKYO-001,Band 1 (2100MHz),-79.9,-12.6,12.8,72.2,51.5,131.6
2026-07-19 13:00:00,TKYO-002-1,TKYO-002,Band 41 (2500MHz),-86.9,-12.3,9.8,82.3,49.8,152.5
2026-07-19 13:00:00,TKYO-002-2,TKYO-002,Band 41 (2500MHz),-85.4,-12.6,11.0,54.5,25.9,122.2
2026-07-19 13:00:00,TKYO-002-3,TKYO-002,Band 41 (2500MHz),-85.2,-8.6,5.6,81.6,44.1,121.5
2026-07-19 13:00:00,TKYO-003-1,TKYO-003,Band 1 (2100MHz),-85.2,-9.6,10.4,62.2,38.6,124.1
2026-07-19 13:00:00,TKYO-003-2,TKYO-003,Band 1 (2100MHz),-91.0,-10.5,5.0,57.1,31.0,114.3
2026-07-19 13:00:00,TKYO-003-3,TKYO-003,Band 1 (2100MHz),-82.4,-7.8,3.9,65.9,51.1,108.4
2026-07-19 13:00:00,TKYO-004-1,TKYO-004,Band 41 (2500MHz),-74.9,-10.8,6.4,83.7,39.7,96.5
2026-07-19 13:00:00,TKYO-004-2,TKYO-004,Band 41 (2500MHz),-85.1,-12.3,8.5,57.5,43.1,137.4
2026-07-19 13:00:00,TKYO-004-3,TKYO-004,Band 41 (2500MHz),-75.7,-12.3,12.3,63.2,41.7,124.2
2026-07-19 13:00:00,TKYO-005-1,TKYO-005,Band 1 (2100MHz),-83.1,-11.9,5.6,60.8,38.2,101.8
2026-07-19 13:00:00,TKYO-005-2,TKYO-005,Band 1 (2100MHz),-86.2,-8.6,10.1,69.3,41.8,113.7
2026-07-19 13:00:00,TKYO-005-3,TKYO-005,Band 1 (2100MHz),-102.3,-17.1,12.9,74.2,50.4,134.0
2026-07-19 13:00:00,TKYO-006-1,TKYO-006,Band 41 (2500MHz),-89.2,-9.9,-0.8,79.4,35.6,126.2
2026-07-19 13:00:00,TKYO-006-2,TKYO-006,Band 41 (2500MHz),-80.2,-13.6,1.9,66.9,47.6,106.7
2026-07-19 13:00:00,TKYO-006-3,TKYO-006,Band 41 (2500MHz),-83.4,-8.7,5.9,68.6,32.0,142.7
2026-07-19 13:00:00,TKYO-007-1,TKYO-007,Band 1 (2100MHz),-82.1,-6.8,13.6,47.1,37.7,80.1
2026-07-19 13:00:00,TKYO-007-2,TKYO-007,Band 1 (2100MHz),-84.8,-8.6,7.1,55.3,48.4,116.5
2026-07-19 13:00:00,TKYO-007-3,TKYO-007,Band 1 (2100MHz),-100.8,-11.0,9.1,49.0,47.8,136.5
2026-07-19 13:00:00,TKYO-008-1,TKYO-008,Band 41 (2500MHz),-87.3,-11.3,12.9,68.8,53.2,158.2
2026-07-19 13:00:00,TKYO-008-2,TKYO-008,Band 41 (2500MHz),-79.8,-13.7,2.3,82.7,36.4,133.8
2026-07-19 13:00:00,TKYO-008-3,TKYO-008,Band 41 (2500MHz),-83.0,-11.5,10.1,64.5,30.5,158.2
2026-07-19 13:00:00,TKYO-009-1,TKYO-009,Band 1 (2100MHz),-89.0,-10.5,7.7,73.8,41.7,125.1
2026-07-19 13:00:00,TKYO-009-2,TKYO-009,Band 1 (2100MHz),-81.5,-13.6,7.3,76.8,43.5,101.4
2026-07-19 13:00:00,TKYO-009-3,TKYO-009,Band 1 (2100MHz),-84.0,-12.1,6.4,77.0,30.9,139.5
2026-07-19 13:00:00,TKYO-010-1,TKYO-010,Band 41 (2500MHz),-80.9,-8.9,-2.2,91.4,44.1,106.4
2026-07-19 13:00:00,TKYO-010-2,TKYO-010,Band 41 (2500MHz),-77.5,-8.2,11.1,68.1,49.9,108.5
2026-07-19 13:00:00,TKYO-010-3,TKYO-010,Band 41 (2500MHz),-83.6,-11.8,3.1,93.1,49.0,115.2
2026-07-19 13:00:00,TKYO-011-1,TKYO-011,Band 1 (2100MHz),-78.7,-9.4,9.0,84.7,34.6,109.3
2026-07-19 13:00:00,TKYO-011-2,TKYO-011,Band 1 (2100MHz),-80.8,-14.8,10.5,96.8,38.8,88.3
2026-07-19 13:00:00,TKYO-011-3,TKYO-011,Band 1 (2100MHz),-82.0,-10.6,10.6,93.7,48.4,115.9
2026-07-19 13:00:00,TKYO-012-1,TKYO-012,Band 41 (2500MHz),-82.4,-10.7,-4.1,68.4,33.4,104.3
2026-07-19 13:00:00,TKYO-012-2,TKYO-012,Band 41 (2500MHz),-81.2,-11.9,5.8,59.9,34.2,114.2
2026-07-19 13:00:00,TKYO-012-3,TKYO-012,Band 41 (2500MHz),-81.8,-8.3,2.7,85.5,52.7,104.1
2026-07-19 13:00:00,TKYO-013-1,TKYO-013,Band 1 (2100MHz),-80.6,-11.8,21.6,71.1,45.4,143.1
2026-07-19 13:00:00,TKYO-013-2,TKYO-013,Band 1 (2100MHz),-110.3,-16.3,-5.2,52.6,28.6,114.1
2026-07-19 13:00:00,TKYO-013-3,TKYO-013,Band 1 (2100MHz),-83.2,-14.3,2.1,71.3,29.6,104.0
2026-07-19 13:00:00,TKYO-014-1,TKYO-014,Band 41 (2500MHz),-91.3,-12.6,8.8,74.9,37.0,133.6
2026-07-19 13:00:00,TKYO-014-2,TKYO-014,Band 41 (2500MHz),-98.2,-15.5,-2.5,49.3,42.7,133.6
2026-07-19 13:00:00,TKYO-014-3,TKYO-014,Band 41 (2500MHz),-89.6,-11.7,-4.5,63.3,47.3,92.9
2026-07-19 13:00:00,TKYO-015-1,TKYO-015,Band 1 (2100MHz),-78.9,-11.0,6.3,71.5,39.6,123.9
2026-07-19 13:00:00,TKYO-015-2,TKYO-015,Band 1 (2100MHz),-87.2,-11.1,3.0,68.2,36.9,85.4
2026-07-19 13:00:00,TKYO-015-3,TKYO-015,Band 1 (2100MHz),-80.6,-11.2,6.2,74.4,35.9,95.4
2026-07-19 13:00:00,TKYO-016-1,TKYO-016,Band 41 (2500MHz),-82.8,-11.7,9.2,66.3,55.4,118.9
2026-07-19 13:00:00,TKYO-016-2,TKYO-016,Band 41 (2500MHz),-84.8,-9.1,4.0,98.5,34.7,123.2
2026-07-19 13:00:00,TKYO-016-3,TKYO-016,Band 41 (2500MHz),-78.6,-10.7,2.6,75.1,34.0,93.9
2026-07-19 14:00:00,TKYO-001-1,TKYO-001,Band 1 (2100MHz),-73.3,-10.3,6.8,59.6,36.6,108.2
2026-07-19 14:00:00,TKYO-001-2,TKYO-001,Band 1 (2100MHz),-85.7,-10.5,9.5,63.6,43.0,96.9
2026-07-19 14:00:00,TKYO-001-3,TKYO-001,Band 1 (2100MHz),-80.4,-11.5,9.6,84.1,49.1,79.8
2026-07-19 14:00:00,TKYO-002-1,TKYO-002,Band 41 (2500MHz),-85.0,-11.4,2.5,88.8,32.2,110.0
2026-07-19 14:00:00,TKYO-002-2,TKYO-002,Band 41 (2500MHz),-82.2,-9.3,0.8,75.9,27.0,103.2
2026-07-19 14:00:00,TKYO-002-3,TKYO-002,Band 41 (2500MHz),-83.1,-10.9,16.8,63.3,31.0,96.0
2026-07-19 14:00:00,TKYO-003-1,TKYO-003,Band 1 (2100MHz),-83.7,-12.3,14.0,56.5,55.5,114.9
2026-07-19 14:00:00,TKYO-003-2,TKYO-003,Band 1 (2100MHz),-92.9,-14.0,10.8,58.0,37.1,102.4
2026-07-19 14:00:00,TKYO-003-3,TKYO-003,Band 1 (2100MHz),-89.5,-11.0,-3.4,49.3,47.2,138.9
2026-07-19 14:00:00,TKYO-004-1,TKYO-004,Band 41 (2500MHz),-81.6,-11.6,-4.7,64.0,39.5,147.3
2026-07-19 14:00:00,TKYO-004-2,TKYO-004,Band 41 (2500MHz),-82.3,-11.1,6.9,56.6,20.3,159.4
2026-07-19 14:00:00,TKYO-004-3,TKYO-004,Band 41 (2500MHz),-84.9,-14.0,6.2,67.8,29.4,123.6
2026-07-19 14:00:00,TKYO-005-1,TKYO-005,Band 1 (2100MHz),-84.8,-15.9,11.9,39.3,32.6,103.8
2026-07-19 14:00:00,TKYO-005-2,TKYO-005,Band 1 (2100MHz),-81.1,-8.9,-1.8,78.8,49.9,101.3
2026-07-19 14:00:00,TKYO-005-3,TKYO-005,Band 1 (2100MHz),-94.2,-15.1,6.9,81.4,33.4,53.7
2026-07-19 14:00:00,TKYO-006-1,TKYO-006,Band 41 (2500MHz),-87.7,-12.1,13.1,70.4,50.2,82.5
2026-07-19 14:00:00,TKYO-006-2,TKYO-006,Band 41 (2500MHz),-90.9,-10.2,3.2,58.4,40.1,115.5
2026-07-19 14:00:00,TKYO-006-3,TKYO-006,Band 41 (2500MHz),-83.0,-11.2,6.2,72.2,49.2,151.6
2026-07-19 14:00:00,TKYO-007-1,TKYO-007,Band 1 (2100MHz),-84.0,-12.0,4.4,62.7,44.5,70.8
2026-07-19 14:00:00,TKYO-007-2,TKYO-007,Band 1 (2100MHz),-84.7,-13.5,13.3,94.2,53.7,106.3
2026-07-19 14:00:00,TKYO-007-3,TKYO-007,Band 1 (2100MHz),-94.9,-14.7,3.5,81.0,31.8,99.3
2026-07-19 14:00:00,TKYO-008-1,TKYO-008,Band 41 (2500MHz),-82.0,-12.9,3.8,47.3,42.1,94.4
2026-07-19 14:00:00,TKYO-008-2,TKYO-008,Band 41 (2500MHz),-80.7,-9.7,-0.1,76.2,30.0,108.9
2026-07-19 14:00:00,TKYO-008-3,TKYO-008,Band 41 (2500MHz),-77.0,-14.4,4.6,62.3,51.5,112.6
2026-07-19 14:00:00,TKYO-009-1,TKYO-009,Band 1 (2100MHz),-89.2,-11.8,8.8,65.6,57.4,111.1
2026-07-19 14:00:00,TKYO-009-2,TKYO-009,Band 1 (2100MHz),-88.8,-12.7,-0.8,75.7,46.8,98.2
2026-07-19 14:00:00,TKYO-009-3,TKYO-009,Band 1 (2100MHz),-86.4,-13.5,17.2,85.3,42.7,114.0
2026-07-19 14:00:00,TKYO-010-1,TKYO-010,Band 41 (2500MHz),-81.3,-10.4,13.2,61.9,38.2,150.5
2026-07-19 14:00:00,TKYO-010-2,TKYO-010,Band 41 (2500MHz),-85.7,-7.7,1.2,66.7,35.7,126.9
2026-07-19 14:00:00,TKYO-010-3,TKYO-010,Band 41 (2500MHz),-84.0,-9.0,1.3,83.7,46.3,106.0
2026-07-19 14:00:00,TKYO-011-1,TKYO-011,Band 1 (2100MHz),-78.5,-11.7,9.3,56.5,38.7,122.2
2026-07-19 14:00:00,TKYO-011-2,TKYO-011,Band 1 (2100MHz),-80.0,-14.9,8.1,61.3,44.2,132.5
2026-07-19 14:00:00,TKYO-011-3,TKYO-011,Band 1 (2100MHz),-80.7,-9.1,-2.5,68.9,28.0,82.4
2026-07-19 14:00:00,TKYO-012-1,TKYO-012,Band 41 (2500MHz),-80.0,-9.3,17.9,62.5,19.7,73.0
2026-07-19 14:00:00,TKYO-012-2,TKYO-012,Band 41 (2500MHz),-88.0,-11.4,-8.4,69.8,33.1,103.8
2026-07-19 14:00:00,TKYO-012-3,TKYO-012,Band 41 (2500MHz),-82.9,-8.9,4.0,74.2,38.0,113.7
2026-07-19 14:00:00,TKYO-013-1,TKYO-013,Band 1 (2100MHz),-85.4,-8.8,-2.1,83.7,34.9,92.6
2026-07-19 14:00:00,TKYO-013-2,TKYO-013,Band 1 (2100MHz),-91.5,-17.5,0.9,71.2,39.6,88.0
2026-07-19 14:00:00,TKYO-013-3,TKYO-013,Band 1 (2100MHz),-89.5,-12.5,5.4,66.5,53.3,122.3
2026-07-19 14:00:00,TKYO-014-1,TKYO-014,Band 41 (2500MHz),-79.3,-9.6,1.8,72.1,37.2,154.6
2026-07-19 14:00:00,TKYO-014-2,TKYO-014,Band 41 (2500MHz),-96.6,-19.5,-6.3,94.9,30.0,106.2
2026-07-19 14:00:00,TKYO-014-3,TKYO-014,Band 41 (2500MHz),-85.6,-9.8,-2.9,53.4,31.3,132.6
2026-07-19 14:00:00,TKYO-015-1,TKYO-015,Band 1 (2100MHz),-81.0,-10.0,5.2,78.7,34.1,119.4
2026-07-19 14:00:00,TKYO-015-2,TKYO-015,Band 1 (2100MHz),-82.2,-13.3,5.0,79.1,39.7,94.7
2026-07-19 14:00:00,TKYO-015-3,TKYO-015,Band 1 (2100MHz),-90.9,-14.7,4.7,67.7,29.9,127.2
2026-07-19 14:00:00,TKYO-016-1,TKYO-016,Band 41 (2500MHz),-82.6,-11.1,-5.0,73.3,57.6,151.0
2026-07-19 14:00:00,TKYO-016-2,TKYO-016,Band 41 (2500MHz),-76.9,-12.5,8.8,60.9,45.1,101.9
2026-07-19 14:00:00,TKYO-016-3,TKYO-016,Band 41 (2500MHz),-84.0,-12.2,11.6,71.3,31.9,98.9
2026-07-19 15:00:00,TKYO-001-1,TKYO-001,Band 1 (2100MHz),-87.8,-2.7,5.9,27.6,9.7,63.2
2026-07-19 15:00:00,TKYO-001-2,TKYO-001,Band 1 (2100MHz),-81.8,-5.3,11.0,19.3,7.7,35.2
2026-07-19 15:00:00,TKYO-001-3,TKYO-001,Band 1 (2100MHz),-77.1,-8.0,13.2,32.1,0.0,44.0
2026-07-19 15:00:00,TKYO-002-1,TKYO-002,Band 41 (2500MHz),-84.2,-9.4,4.3,33.1,23.3,33.6
2026-07-19 15:00:00,TKYO-002-2,TKYO-002,Band 41 (2500MHz),-89.6,-8.0,5.6,9.2,11.9,57.4
2026-07-19 15:00:00,TKYO-002-3,TKYO-002,Band 41 (2500MHz),-81.8,-10.6,11.4,24.5,23.4,51.8
2026-07-19 15:00:00,TKYO-003-1,TKYO-003,Band 1 (2100MHz),-87.1,-12.1,9.3,27.6,11.2,48.2
2026-07-19 15:00:00,TKYO-003-2,TKYO-003,Band 1 (2100MHz),-101.7,-14.7,-9.9,41.5,9.3,41.7
2026-07-19 15:00:00,TKYO-003-3,TKYO-003,Band 1 (2100MHz),-82.8,-7.9,15.6,30.4,23.3,70.0
2026-07-19 15:00:00,TKYO-004-1,TKYO-004,Band 41 (2500MHz),-91.4,-9.0,20.8,35.0,1.5,54.6
2026-07-19 15:00:00,TKYO-004-2,TKYO-004,Band 41 (2500MHz),-88.2,-9.7,7.4,28.9,23.2,53.1
2026-07-19 15:00:00,TKYO-004-3,TKYO-004,Band 41 (2500MHz),-85.2,-9.6,8.1,30.6,8.7,29.2
2026-07-19 15:00:00,TKYO-005-1,TKYO-005,Band 1 (2100MHz),-82.3,-7.1,4.9,1.2,17.2,16.0
2026-07-19 15:00:00,TKYO-005-2,TKYO-005,Band 1 (2100MHz),-81.1,-8.2,11.7,28.0,26.1,20.9
2026-07-19 15:00:00,TKYO-005-3,TKYO-005,Band 1 (2100MHz),-96.3,-11.0,2.1,13.4,2.6,23.9
2026-07-19 15:00:00,TKYO-006-1,TKYO-006,Band 41 (2500MHz),-84.5,-7.5,9.6,23.4,5.9,24.3
2026-07-19 15:00:00,TKYO-006-2,TKYO-006,Band 41 (2500MHz),-81.6,-8.5,0.5,37.0,5.9,16.8
2026-07-19 15:00:00,TKYO-006-3,TKYO-006,Band 41 (2500MHz),-77.1,-10.5,10.2,36.5,12.8,83.7
2026-07-19 15:00:00,TKYO-007-1,TKYO-007,Band 1 (2100MHz),-89.8,-10.9,3.2,28.9,15.3,17.1
2026-07-19 15:00:00,TKYO-007-2,TKYO-007,Band 1 (2100MHz),-84.9,-4.3,8.8,31.5,9.4,61.7
2026-07-19 15:00:00,TKYO-007-3,TKYO-007,Band 1 (2100MHz),-98.7,-11.8,1.6,5.0,4.5,27.7
2026-07-19 15:00:00,TKYO-008-1,TKYO-008,Band 41 (2500MHz),-78.6,-6.1,11.0,19.2,7.2,31.9
2026-07-19 15:00:00,TKYO-008-2,TKYO-008,Band 41 (2500MHz),-83.1,-9.8,10.0,18.5,2.3,58.8
2026-07-19 15:00:00,TKYO-008-3,TKYO-008,Band 41 (2500MHz),-89.6,-8.9,1.5,32.5,32.0,28.0
2026-07-19 15:00:00,TKYO-009-1,TKYO-009,Band 1 (2100MHz),-86.9,-15.1,4.5,37.6,13.2,34.9
2026-07-19 15:00:00,TKYO-009-2,TKYO-009,Band 1 (2100MHz),-84.6,-8.6,7.2,9.0,19.9,48.6
2026-07-19 15:00:00,TKYO-009-3,TKYO-009,Band 1 (2100MHz),-82.9,-6.7,14.1,32.4,13.0,26.3
2026-07-19 15:00:00,TKYO-010-1,TKYO-010,Band 41 (2500MHz),-81.6,-8.0,0.2,15.7,4.6,28.8
2026-07-19 15:00:00,TKYO-010-2,TKYO-010,Band 41 (2500MHz),-87.4,-8.0,9.6,27.8,0.0,47.2
2026-07-19 15:00:00,TKYO-010-3,TKYO-010,Band 41 (2500MHz),-85.3,-7.8,7.1,20.7,15.1,13.3
2026-07-19 15:00:00,TKYO-011-1,TKYO-011,Band 1 (2100MHz),-81.0,-11.8,9.4,9.8,6.1,53.4
2026-07-19 15:00:00,TKYO-011-2,TKYO-011,Band 1 (2100MHz),-84.3,-11.4,6.9,47.3,15.9,22.0
2026-07-19 15:00:00,TKYO-011-3,TKYO-011,Band 1 (2100MHz),-80.1,-8.0,7.0,52.7,1.5,38.2
2026-07-19 15:00:00,TKYO-012-1,TKYO-012,Band 41 (2500MHz),-82.3,-7.9,3.2,30.0,13.3,52.3
2026-07-19 15:00:00,TKYO-012-2,TKYO-012,Band 41 (2500MHz),-84.3,-8.9,2.8,23.6,9.0,29.2
2026-07-19 15:00:00,TKYO-012-3,TKYO-012,Band 41 (2500MHz),-88.2,-8.9,6.3,20.4,24.4,90.5
2026-07-19 15:00:00,TKYO-013-1,TKYO-013,Band 1 (2100MHz),-84.2,-8.3,13.6,21.6,12.5,46.4
2026-07-19 15:00:00,TKYO-013-2,TKYO-013,Band 1 (2100MHz),-101.9,-10.5,0.2,35.9,28.0,59.4
2026-07-19 15:00:00,TKYO-013-3,TKYO-013,Band 1 (2100MHz),-80.9,-8.6,17.5,6.2,17.6,42.2
2026-07-19 15:00:00,TKYO-014-1,TKYO-014,Band 41 (2500MHz),-86.3,-12.3,1.2,18.9,29.2,81.0
2026-07-19 15:00:00,TKYO-014-2,TKYO-014,Band 41 (2500MHz),-97.4,-12.8,2.0,30.8,0.0,57.3
2026-07-19 15:00:00,TKYO-014-3,TKYO-014,Band 41 (2500MHz),-90.9,-8.9,13.9,7.6,0.0,25.5
2026-07-19 15:00:00,TKYO-015-1,TKYO-015,Band 1 (2100MHz),-86.4,-9.2,3.1,24.3,10.7,33.3
2026-07-19 15:00:00,TKYO-015-2,TKYO-015,Band 1 (2100MHz),-84.0,-7.5,18.0,35.3,14.9,57.6
2026-07-19 15:00:00,TKYO-015-3,TKYO-015,Band 1 (2100MHz),-84.2,-13.8,6.5,12.9,8.5,21.4
2026-07-19 15:00:00,TKYO-016-1,TKYO-016,Band 41 (2500MHz),-84.3,-6.7,-4.7,32.1,4.7,45.5
2026-07-19 15:00:00,TKYO-016-2,TKYO-016,Band 41 (2500MHz),-93.5,-5.9,0.4,33.3,7.8,9.3
2026-07-19 15:00:00,TKYO-016-3,TKYO-016,Band 41 (2500MHz),-82.4,-10.4,3.9,19.5,9.5,26.7
2026-07-19 16:00:00,TKYO-001-1,TKYO-001,Band 1 (2100MHz),-75.4,-11.2,14.3,100.0,57.7,134.6
2026-07-19 16:00:00,TKYO-001-2,TKYO-001,Band 1 (2100MHz),-92.1,-10.7,3.4,83.0,54.9,166.4
2026-07-19 16:00:00,TKYO-001-3,TKYO-001,Band 1 (2100MHz),-83.9,-13.6,0.9,100.0,48.5,159.4
2026-07-19 16:00:00,TKYO-002-1,TKYO-002,Band 41 (2500MHz),-86.3,-13.4,10.1,100.0,68.7,132.4
2026-07-19 16:00:00,TKYO-002-2,TKYO-002,Band 41 (2500MHz),-81.7,-13.2,2.7,100.0,49.9,124.4
2026-07-19 16:00:00,TKYO-002-3,TKYO-002,Band 41 (2500MHz),-81.9,-17.4,-7.5,100.0,62.4,168.4
2026-07-19 16:00:00,TKYO-003-1,TKYO-003,Band 1 (2100MHz),-84.9,-10.8,2.9,81.5,61.1,162.6
2026-07-19 16:00:00,TKYO-003-2,TKYO-003,Band 1 (2100MHz),-101.4,-16.1,4.0,93.2,56.1,134.8
2026-07-19 16:00:00,TKYO-003-3,TKYO-003,Band 1 (2100MHz),-88.3,-11.5,6.6,77.0,69.7,118.4
2026-07-19 16:00:00,TKYO-004-1,TKYO-004,Band 41 (2500MHz),-86.3,-15.1,3.8,100.0,69.2,174.8
2026-07-19 16:00:00,TKYO-004-2,TKYO-004,Band 41 (2500MHz),-84.0,-10.7,-2.5,75.3,49.6,185.0
2026-07-19 16:00:00,TKYO-004-3,TKYO-004,Band 41 (2500MHz),-80.0,-10.5,3.2,88.2,62.8,130.9
2026-07-19 16:00:00,TKYO-005-1,TKYO-005,Band 1 (2100MHz),-88.5,-15.5,8.5,87.5,60.5,172.3
2026-07-19 16:00:00,TKYO-005-2,TKYO-005,Band 1 (2100MHz),-83.0,-14.2,2.2,78.2,50.9,131.8
2026-07-19 16:00:00,TKYO-005-3,TKYO-005,Band 1 (2100MHz),-102.9,-18.3,3.9,94.1,69.1,129.8
2026-07-19 16:00:00,TKYO-006-1,TKYO-006,Band 41 (2500MHz),-81.8,-10.0,4.6,88.6,57.3,125.3
2026-07-19 16:00:00,TKYO-006-2,TKYO-006,Band 41 (2500MHz),-83.4,-13.5,3.9,78.3,50.6,154.0
2026-07-19 16:00:00,TKYO-006-3,TKYO-006,Band 41 (2500MHz),-87.5,-9.0,6.7,100.0,47.0,154.8
2026-07-19 16:00:00,TKYO-007-1,TKYO-007,Band 1 (2100MHz),-85.7,-16.6,4.9,98.8,51.3,164.9
2026-07-19 16:00:00,TKYO-007-2,TKYO-007,Band 1 (2100MHz),-80.2,-9.2,10.8,98.2,39.5,138.4
2026-07-19 16:00:00,TKYO-007-3,TKYO-007,Band 1 (2100MHz),-97.0,-16.3,1.2,73.3,48.1,162.5
2026-07-19 16:00:00,TKYO-008-1,TKYO-008,Band 41 (2500MHz),-84.8,-9.7,9.9,90.8,53.0,169.2
2026-07-19 16:00:00,TKYO-008-2,TKYO-008,Band 41 (2500MHz),-86.4,-13.5,6.1,77.7,51.4,149.2
2026-07-19 16:00:00,TKYO-008-3,TKYO-008,Band 41 (2500MHz),-78.5,-14.0,8.2,95.3,50.4,142.2
2026-07-19 16:00:00,TKYO-009-1,TKYO-009,Band 1 (2100MHz),-89.6,-14.6,13.6,91.1,47.7,115.9
2026-07-19 16:00:00,TKYO-009-2,TKYO-009,Band 1 (2100MHz),-80.0,-11.7,4.6,79.1,50.0,174.2
2026-07-19 16:00:00,TKYO-009-3,TKYO-009,Band 1 (2100MHz),-82.5,-11.2,17.5,100.0,53.4,161.8
2026-07-19 16:00:00,TKYO-010-1,TKYO-010,Band 41 (2500MHz),-80.5,-13.4,2.0,100.0,56.7,138.0
2026-07-19 16:00:00,TKYO-010-2,TKYO-010,Band 41 (2500MHz),-81.9,-12.6,6.7,100.0,54.2,192.4
2026-07-19 16:00:00,TKYO-010-3,TKYO-010,Band 41 (2500MHz),-87.8,-10.5,6.3,98.8,42.2,107.4
2026-07-19 16:00:00,TKYO-011-1,TKYO-011,Band 1 (2100MHz),-78.7,-11.9,4.5,78.7,52.1,142.2
2026-07-19 16:00:00,TKYO-011-2,TKYO-011,Band 1 (2100MHz),-88.2,-14.5,-1.4,90.2,49.8,166.2
2026-07-19 16:00:00,TKYO-011-3,TKYO-011,Band 1 (2100MHz),-79.0,-12.4,9.2,78.5,55.5,182.2
2026-07-19 16:00:00,TKYO-012-1,TKYO-012,Band 41 (2500MHz),-83.9,-10.9,11.3,91.9,38.7,93.9
2026-07-19 16:00:00,TKYO-012-2,TKYO-012,Band 41 (2500MHz),-86.1,-13.3,12.3,95.7,64.2,165.1
2026-07-19 16:00:00,TKYO-012-3,TKYO-012,Band 41 (2500MHz),-87.5,-11.0,13.8,91.4,42.2,165.1
2026-07-19 16:00:00,TKYO-013-1,TKYO-013,Band 1 (2100MHz),-81.0,-11.3,10.8,93.7,67.1,135.1
2026-07-19 16:00:00,TKYO-013-2,TKYO-013,Band 1 (2100MHz),-105.0,-18.9,1.8,98.6,67.6,143.1
2026-07-19 16:00:00,TKYO-013-3,TKYO-013,Band 1 (2100MHz),-82.8,-14.8,10.7,100.0,51.3,178.0
2026-07-19 16:00:00,TKYO-014-1,TKYO-014,Band 41 (2500MHz),-87.6,-15.4,4.2,100.0,79.9,166.0
2026-07-19 16:00:00,TKYO-014-2,TKYO-014,Band 41 (2500MHz),-96.3,-18.3,3.0,93.4,57.5,122.8
2026-07-19 16:00:00,TKYO-014-3,TKYO-014,Band 41 (2500MHz),-76.0,-14.9,9.7,88.8,60.9,156.9
2026-07-19 16:00:00,TKYO-015-1,TKYO-015,Band 1 (2100MHz),-84.7,-13.5,7.9,100.0,60.1,129.1
2026-07-19 16:00:00,TKYO-015-2,TKYO-015,Band 1 (2100MHz),-85.5,-12.1,10.2,92.6,54.4,161.6
2026-07-19 16:00:00,TKYO-015-3,TKYO-015,Band 1 (2100MHz),-80.1,-13.7,10.5,94.5,39.5,161.6
2026-07-19 16:00:00,TKYO-016-1,TKYO-016,Band 41 (2500MHz),-83.4,-12.5,13.7,100.0,54.0,152.4
2026-07-19 16:00:00,TKYO-016-2,TKYO-016,Band 41 (2500MHz),-90.1,-12.7,13.1,81.3,54.9,188.5
2026-07-19 16:00:00,TKYO-016-3,TKYO-016,Band 41 (2500MHz),-80.4,-10.4,11.5,100.0,55.9,155.9
2026-07-19 17:00:00,TKYO-001-1,TKYO-001,Band 1 (2100MHz),-82.2,-15.7,12.7,100.0,55.3,184.6
2026-07-19 17:00:00,TKYO-001-2,TKYO-001,Band 1 (2100MHz),-85.3,-14.5,5.3,98.0,48.0,190.9
2026-07-19 17:00:00,TKYO-001-3,TKYO-001,Band 1 (2100MHz),-83.5,-12.4,8.2,100.0,55.7,168.4
2026-07-19 17:00:00,TKYO-002-1,TKYO-002,Band 41 (2500MHz),-85.9,-12.2,1.3,100.0,67.7,143.3
2026-07-19 17:00:00,TKYO-002-2,TKYO-002,Band 41 (2500MHz),-84.8,-14.4,3.1,100.0,52.7,145.3
2026-07-19 17:00:00,TKYO-002-3,TKYO-002,Band 41 (2500MHz),-82.1,-10.1,6.6,100.0,46.1,179.0
2026-07-19 17:00:00,TKYO-003-1,TKYO-003,Band 1 (2100MHz),-79.4,-11.9,8.5,100.0,57.6,172.8
2026-07-19 17:00:00,TKYO-003-2,TKYO-003,Band 1 (2100MHz),-99.8,-18.6,4.1,100.0,61.1,185.1
2026-07-19 17:00:00,TKYO-003-3,TKYO-003,Band 1 (2100MHz),-90.7,-11.7,9.5,97.1,51.9,175.9
2026-07-19 17:00:00,TKYO-004-1,TKYO-004,Band 41 (2500MHz),-81.2,-14.1,9.5,100.0,62.7,186.8
2026-07-19 17:00:00,TKYO-004-2,TKYO-004,Band 41 (2500MHz),-85.5,-12.7,7.4,95.5,65.4,196.3
2026-07-19 17:00:00,TKYO-004-3,TKYO-004,Band 41 (2500MHz),-80.8,-14.1,9.1,100.0,56.0,189.6
2026-07-19 17:00:00,TKYO-005-1,TKYO-005,Band 1 (2100MHz),-82.4,-10.9,1.5,100.0,55.8,170.2
2026-07-19 17:00:00,TKYO-005-2,TKYO-005,Band 1 (2100MHz),-89.4,-16.3,6.7,99.9,57.4,206.4
2026-07-19 17:00:00,TKYO-005-3,TKYO-005,Band 1 (2100MHz),-91.3,-19.3,1.2,84.2,78.2,205.9
2026-07-19 17:00:00,TKYO-006-1,TKYO-006,Band 41 (2500MHz),-83.9,-13.0,9.4,100.0,62.8,167.7
2026-07-19 17:00:00,TKYO-006-2,TKYO-006,Band 41 (2500MHz),-81.8,-7.6,2.9,90.4,55.0,186.5
2026-07-19 17:00:00,TKYO-006-3,TKYO-006,Band 41 (2500MHz),-86.0,-13.6,2.1,100.0,57.4,161.3
2026-07-19 17:00:00,TKYO-007-1,TKYO-007,Band 1 (2100MHz),-83.5,-10.2,-3.2,100.0,66.7,168.2
2026-07-19 17:00:00,TKYO-007-2,TKYO-007,Band 1 (2100MHz),-79.5,-15.9,6.8,100.0,34.2,204.7
2026-07-19 17:00:00,TKYO-007-3,TKYO-007,Band 1 (2100MHz),-103.2,-16.1,3.9,100.0,52.0,135.5
2026-07-19 17:00:00,TKYO-008-1,TKYO-008,Band 41 (2500MHz),-90.9,-12.1,6.4,100.0,47.1,175.2
2026-07-19 17:00:00,TKYO-008-2,TKYO-008,Band 41 (2500MHz),-82.5,-14.7,6.2,100.0,60.6,194.5
2026-07-19 17:00:00,TKYO-008-3,TKYO-008,Band 41 (2500MHz),-82.3,-12.6,1.2,100.0,57.2,177.0
2026-07-19 17:00:00,TKYO-009-1,TKYO-009,Band 1 (2100MHz),-83.8,-11.8,6.9,84.4,66.0,194.2
2026-07-19 17:00:00,TKYO-009-2,TKYO-009,Band 1 (2100MHz),-85.7,-17.1,12.9,100.0,63.3,166.0
2026-07-19 17:00:00,TKYO-009-3,TKYO-009,Band 1 (2100MHz),-75.2,-12.0,20.5,100.0,46.4,168.9
2026-07-19 17:00:00,TKYO-010-1,TKYO-010,Band 41 (2500MHz),-87.4,-12.4,12.8,78.3,59.5,160.5
2026-07-19 17:00:00,TKYO-010-2,TKYO-010,Band 41 (2500MHz),-78.1,-10.2,5.6,79.1,57.3,136.2
2026-07-19 17:00:00,TKYO-010-3,TKYO-010,Band 41 (2500MHz),-77.1,-13.9,8.1,100.0,67.5,159.3
2026-07-19 17:00:00,TKYO-011-1,TKYO-011,Band 1 (2100MHz),-79.8,-12.8,3.7,95.6,54.2,180.7
2026-07-19 17:00:00,TKYO-011-2,TKYO-011,Band 1 (2100MHz),-80.9,-13.3,9.1,100.0,54.6,152.4
2026-07-19 17:00:00,TKYO-011-3,TKYO-011,Band 1 (2100MHz),-84.6,-12.8,3.3,100.0,63.7,179.8
2026-07-19 17:00:00,TKYO-012-1,TKYO-012,Band 41 (2500MHz),-85.7,-14.6,13.5,100.0,67.2,189.5
2026-07-19 17:00:00,TKYO-012-2,TKYO-012,Band 41 (2500MHz),-86.3,-10.1,3.0,96.9,52.2,172.9
2026-07-19 17:00:00,TKYO-012-3,TKYO-012,Band 41 (2500MHz),-88.3,-16.2,4.8,68.4,70.4,169.0
2026-07-19 17:00:00,TKYO-013-1,TKYO-013,Band 1 (2100MHz),-87.9,-13.9,15.9,100.0,68.8,139.5
2026-07-19 17:00:00,TKYO-013-2,TKYO-013,Band 1 (2100MHz),-97.6,-17.2,-3.0,94.2,49.4,186.8
2026-07-19 17:00:00,TKYO-013-3,TKYO-013,Band 1 (2100MHz),-90.0,-13.7,5.1,100.0,67.8,188.8
2026-07-19 17:00:00,TKYO-014-1,TKYO-014,Band 41 (2500MHz),-88.3,-14.9,14.3,90.9,54.9,126.0
2026-07-19 17:00:00,TKYO-014-2,TKYO-014,Band 41 (2500MHz),-97.6,-19.5,7.4,100.0,53.0,170.0
2026-07-19 17:00:00,TKYO-014-3,TKYO-014,Band 41 (2500MHz),-85.7,-12.4,6.0,100.0,53.8,143.3
2026-07-19 17:00:00,TKYO-015-1,TKYO-015,Band 1 (2100MHz),-74.7,-10.4,16.3,100.0,48.8,156.6
2026-07-19 17:00:00,TKYO-015-2,TKYO-015,Band 1 (2100MHz),-80.4,-12.9,11.1,100.0,62.2,144.4
2026-07-19 17:00:00,TKYO-015-3,TKYO-015,Band 1 (2100MHz),-88.4,-12.2,2.8,100.0,35.4,179.9
2026-07-19 17:00:00,TKYO-016-1,TKYO-016,Band 41 (2500MHz),-74.0,-13.0,10.5,100.0,68.2,202.2
2026-07-19 17:00:00,TKYO-016-2,TKYO-016,Band 41 (2500MHz),-82.8,-12.0,3.0,100.0,60.1,143.1
2026-07-19 17:00:00,TKYO-016-3,TKYO-016,Band 41 (2500MHz),-83.8,-14.8,0.5,100.0,65.3,158.1
2026-07-19 18:00:00,TKYO-001-1,TKYO-001,Band 1 (2100MHz),-77.9,-14.2,12.1,94.5,70.2,163.4
2026-07-19 18:00:00,TKYO-001-2,TKYO-001,Band 1 (2100MHz),-80.4,-13.7,11.3,100.0,66.5,140.7
2026-07-19 18:00:00,TKYO-001-3,TKYO-001,Band 1 (2100MHz),-86.9,-14.5,7.4,100.0,61.5,211.4
2026-07-19 18:00:00,TKYO-002-1,TKYO-002,Band 41 (2500MHz),-81.7,-10.3,5.2,100.0,64.5,198.8
2026-07-19 18:00:00,TKYO-002-2,TKYO-002,Band 41 (2500MHz),-81.5,-12.7,-3.7,100.0,56.9,218.6
2026-07-19 18:00:00,TKYO-002-3,TKYO-002,Band 41 (2500MHz),-76.0,-13.1,8.8,100.0,80.3,204.1
2026-07-19 18:00:00,TKYO-003-1,TKYO-003,Band 1 (2100MHz),-85.8,-7.5,15.8,100.0,61.9,188.4
2026-07-19 18:00:00,TKYO-003-2,TKYO-003,Band 1 (2100MHz),-97.1,-18.7,5.8,100.0,64.5,204.0
2026-07-19 18:00:00,TKYO-003-3,TKYO-003,Band 1 (2100MHz),-86.7,-13.6,7.8,100.0,60.2,137.7
2026-07-19 18:00:00,TKYO-004-1,TKYO-004,Band 41 (2500MHz),-88.4,-16.3,15.5,100.0,57.6,165.7
2026-07-19 18:00:00,TKYO-004-2,TKYO-004,Band 41 (2500MHz),-85.9,-13.6,2.3,100.0,69.5,190.8
2026-07-19 18:00:00,TKYO-004-3,TKYO-004,Band 41 (2500MHz),-84.0,-15.3,3.2,100.0,78.2,211.6
2026-07-19 18:00:00,TKYO-005-1,TKYO-005,Band 1 (2100MHz),-84.7,-11.7,11.2,100.0,61.6,186.8
2026-07-19 18:00:00,TKYO-005-2,TKYO-005,Band 1 (2100MHz),-89.9,-14.3,6.7,100.0,66.3,162.3
2026-07-19 18:00:00,TKYO-005-3,TKYO-005,Band 1 (2100MHz),-98.9,-19.5,-1.9,100.0,57.5,135.7
2026-07-19 18:00:00,TKYO-006-1,TKYO-006,Band 41 (2500MHz),-89.6,-15.2,-6.6,100.0,71.7,191.9
2026-07-19 18:00:00,TKYO-006-2,TKYO-006,Band 41 (2500MHz),-82.4,-13.3,0.4,100.0,63.9,198.0
2026-07-19 18:00:00,TKYO-006-3,TKYO-006,Band 41 (2500MHz),-78.9,-11.9,7.1,100.0,74.5,204.0
2026-07-19 18:00:00,TKYO-007-1,TKYO-007,Band 1 (2100MHz),-84.4,-13.1,8.3,100.0,66.2,160.7
2026-07-19 18:00:00,TKYO-007-2,TKYO-007,Band 1 (2100MHz),-80.6,-14.6,5.4,94.7,61.2,174.7
2026-07-19 18:00:00,TKYO-007-3,TKYO-007,Band 1 (2100MHz),-100.8,-22.4,-4.3,100.0,66.5,191.8
2026-07-19 18:00:00,TKYO-008-1,TKYO-008,Band 41 (2500MHz),-82.3,-14.9,4.7,100.0,52.4,172.5
2026-07-19 18:00:00,TKYO-008-2,TKYO-008,Band 41 (2500MHz),-87.0,-14.1,6.0,100.0,63.8,165.3
2026-07-19 18:00:00,TKYO-008-3,TKYO-008,Band 41 (2500MHz),-85.1,-15.9,11.5,100.0,44.1,212.1
2026-07-19 18:00:00,TKYO-009-1,TKYO-009,Band 1 (2100MHz),-86.7,-12.4,8.3,100.0,86.9,220.0
2026-07-19 18:00:00,TKYO-009-2,TKYO-009,Band 1 (2100MHz),-86.5,-10.3,7.5,97.4,92.7,169.0
2026-07-19 18:00:00,TKYO-009-3,TKYO-009,Band 1 (2100MHz),-87.9,-13.0,10.5,98.8,64.3,152.7
2026-07-19 18:00:00,TKYO-010-1,TKYO-010,Band 41 (2500MHz),-89.9,-16.6,9.0,100.0,48.3,169.7
2026-07-19 18:00:00,TKYO-010-2,TKYO-010,Band 41 (2500MHz),-82.7,-12.2,6.1,100.0,56.9,156.7
2026-07-19 18:00:00,TKYO-010-3,TKYO-010,Band 41 (2500MHz),-80.8,-12.5,12.7,94.1,66.7,183.0
2026-07-19 18:00:00,TKYO-011-1,TKYO-011,Band 1 (2100MHz),-88.3,-14.0,7.8,100.0,77.5,181.2
2026-07-19 18:00:00,TKYO-011-2,TKYO-011,Band 1 (2100MHz),-88.5,-15.0,3.6,89.8,74.0,192.6
2026-07-19 18:00:00,TKYO-011-3,TKYO-011,Band 1 (2100MHz),-78.6,-13.1,16.5,100.0,60.2,203.6
2026-07-19 18:00:00,TKYO-012-1,TKYO-012,Band 41 (2500MHz),-87.0,-12.4,4.6,100.0,54.2,196.7
2026-07-19 18:00:00,TKYO-012-2,TKYO-012,Band 41 (2500MHz),-91.2,-15.3,5.9,97.6,60.9,178.6
2026-07-19 18:00:00,TKYO-012-3,TKYO-012,Band 41 (2500MHz),-86.4,-13.5,4.2,83.7,62.3,209.2
2026-07-19 18:00:00,TKYO-013-1,TKYO-013,Band 1 (2100MHz),-83.7,-11.9,7.5,100.0,66.1,168.2
2026-07-19 18:00:00,TKYO-013-2,TKYO-013,Band 1 (2100MHz),-92.4,-17.8,1.1,100.0,54.6,209.8
2026-07-19 18:00:00,TKYO-013-3,TKYO-013,Band 1 (2100MHz),-87.4,-16.7,5.2,100.0,60.1,160.9
2026-07-19 18:00:00,TKYO-014-1,TKYO-014,Band 41 (2500MHz),-84.8,-12.0,10.7,100.0,71.2,168.6
2026-07-19 18:00:00,TKYO-014-2,TKYO-014,Band 41 (2500MHz),-92.8,-21.1,-7.7,100.0,70.7,168.0
2026-07-19 18:00:00,TKYO-014-3,TKYO-014,Band 41 (2500MHz),-84.6,-12.9,5.8,100.0,62.1,181.9
2026-07-19 18:00:00,TKYO-015-1,TKYO-015,Band 1 (2100MHz),-88.8,-14.5,18.7,100.0,72.8,148.7
2026-07-19 18:00:00,TKYO-015-2,TKYO-015,Band 1 (2100MHz),-84.8,-11.5,7.4,100.0,65.7,123.3
2026-07-19 18:00:00,TKYO-015-3,TKYO-015,Band 1 (2100MHz),-88.4,-10.8,6.7,99.4,76.5,156.6
2026-07-19 18:00:00,TKYO-016-1,TKYO-016,Band 41 (2500MHz),-86.1,-15.3,-7.4,100.0,69.7,164.1
2026-07-19 18:00:00,TKYO-016-2,TKYO-016,Band 41 (2500MHz),-79.1,-16.7,-1.9,100.0,72.5,211.7
2026-07-19 18:00:00,TKYO-016-3,TKYO-016,Band 41 (2500MHz),-81.8,-14.6,8.5,100.0,47.3,199.8
2026-07-19 19:00:00,TKYO-001-1,TKYO-001,Band 1 (2100MHz),-80.3,-13.4,8.6,81.8,54.3,163.0
2026-07-19 19:00:00,TKYO-001-2,TKYO-001,Band 1 (2100MHz),-83.4,-14.2,19.3,100.0,54.7,192.1
2026-07-19 19:00:00,TKYO-001-3,TKYO-001,Band 1 (2100MHz),-76.6,-14.2,-1.6,89.6,52.6,137.3
2026-07-19 19:00:00,TKYO-002-1,TKYO-002,Band 41 (2500MHz),-82.6,-12.8,6.3,100.0,69.3,128.5
2026-07-19 19:00:00,TKYO-002-2,TKYO-002,Band 41 (2500MHz),-79.2,-14.2,10.2,100.0,45.1,164.1
2026-07-19 19:00:00,TKYO-002-3,TKYO-002,Band 41 (2500MHz),-77.8,-15.8,2.1,100.0,67.2,190.9
2026-07-19 19:00:00,TKYO-003-1,TKYO-003,Band 1 (2100MHz),-88.2,-13.3,11.5,100.0,52.4,130.1
2026-07-19 19:00:00,TKYO-003-2,TKYO-003,Band 1 (2100MHz),-95.0,-18.1,-9.5,100.0,65.6,195.2
2026-07-19 19:00:00,TKYO-003-3,TKYO-003,Band 1 (2100MHz),-89.0,-13.7,4.5,100.0,52.4,117.6
2026-07-19 19:00:00,TKYO-004-1,TKYO-004,Band 41 (2500MHz),-85.0,-14.5,3.1,88.9,66.4,159.6
2026-07-19 19:00:00,TKYO-004-2,TKYO-004,Band 41 (2500MHz),-86.5,-16.6,11.0,100.0,55.1,190.4
2026-07-19 19:00:00,TKYO-004-3,TKYO-004,Band 41 (2500MHz),-87.5,-9.2,-1.3,100.0,64.8,167.8
2026-07-19 19:00:00,TKYO-005-1,TKYO-005,Band 1 (2100MHz),-78.0,-14.2,9.0,100.0,53.6,161.8
2026-07-19 19:00:00,TKYO-005-2,TKYO-005,Band 1 (2100MHz),-82.5,-10.2,0.7,100.0,72.1,165.2
2026-07-19 19:00:00,TKYO-005-3,TKYO-005,Band 1 (2100MHz),-96.0,-18.1,3.8,100.0,64.8,189.6
2026-07-19 19:00:00,TKYO-006-1,TKYO-006,Band 41 (2500MHz),-87.2,-10.5,3.8,100.0,62.9,125.0
2026-07-19 19:00:00,TKYO-006-2,TKYO-006,Band 41 (2500MHz),-82.6,-12.8,2.1,83.1,50.1,144.5
2026-07-19 19:00:00,TKYO-006-3,TKYO-006,Band 41 (2500MHz),-90.2,-14.2,6.9,96.2,56.0,195.8
2026-07-19 19:00:00,TKYO-007-1,TKYO-007,Band 1 (2100MHz),-77.8,-16.1,9.5,100.0,62.8,180.1
2026-07-19 19:00:00,TKYO-007-2,TKYO-007,Band 1 (2100MHz),-83.8,-12.6,11.3,100.0,61.7,147.4
2026-07-19 19:00:00,TKYO-007-3,TKYO-007,Band 1 (2100MHz),-94.0,-17.9,2.3,96.2,74.4,169.2
2026-07-19 19:00:00,TKYO-008-1,TKYO-008,Band 41 (2500MHz),-84.7,-14.2,8.2,100.0,67.1,148.8
2026-07-19 19:00:00,TKYO-008-2,TKYO-008,Band 41 (2500MHz),-82.3,-13.6,9.0,100.0,77.6,142.2
2026-07-19 19:00:00,TKYO-008-3,TKYO-008,Band 41 (2500MHz),-84.9,-15.5,2.8,99.4,41.3,213.9
2026-07-19 19:00:00,TKYO-009-1,TKYO-009,Band 1 (2100MHz),-86.4,-14.6,22.7,89.8,67.6,144.3
2026-07-19 19:00:00,TKYO-009-2,TKYO-009,Band 1 (2100MHz),-78.7,-11.7,6.5,100.0,69.9,193.6
2026-07-19 19:00:00,TKYO-009-3,TKYO-009,Band 1 (2100MHz),-92.3,-11.4,11.4,100.0,61.0,153.9
2026-07-19 19:00:00,TKYO-010-1,TKYO-010,Band 41 (2500MHz),-86.5,-11.9,3.1,100.0,57.7,174.3
2026-07-19 19:00:00,TKYO-010-2,TKYO-010,Band 41 (2500MHz),-84.2,-12.7,4.5,98.9,62.2,178.0
2026-07-19 19:00:00,TKYO-010-3,TKYO-010,Band 41 (2500MHz),-83.4,-14.6,7.4,88.7,70.5,164.0
2026-07-19 19:00:00,TKYO-011-1,TKYO-011,Band 1 (2100MHz),-86.7,-12.4,13.4,80.6,61.7,179.2
2026-07-19 19:00:00,TKYO-011-2,TKYO-011,Band 1 (2100MHz),-77.7,-10.0,10.0,100.0,65.2,137.5
2026-07-19 19:00:00,TKYO-011-3,TKYO-011,Band 1 (2100MHz),-80.4,-15.4,15.3,100.0,55.6,163.6
2026-07-19 19:00:00,TKYO-012-1,TKYO-012,Band 41 (2500MHz),-85.9,-13.4,14.1,100.0,52.6,173.6
2026-07-19 19:00:00,TKYO-012-2,TKYO-012,Band 41 (2500MHz),-83.1,-11.6,2.3,100.0,53.4,131.5
2026-07-19 19:00:00,TKYO-012-3,TKYO-012,Band 41 (2500MHz),-84.7,-11.0,6.6,100.0,55.1,161.6
2026-07-19 19:00:00,TKYO-013-1,TKYO-013,Band 1 (2100MHz),-80.9,-10.0,7.7,75.7,34.8,146.2
2026-07-19 19:00:00,TKYO-013-2,TKYO-013,Band 1 (2100MHz),-91.5,-19.2,13.6,100.0,68.3,208.4
2026-07-19 19:00:00,TKYO-013-3,TKYO-013,Band 1 (2100MHz),-88.1,-13.3,9.1,100.0,74.2,204.0
2026-07-19 19:00:00,TKYO-014-1,TKYO-014,Band 41 (2500MHz),-92.7,-12.1,7.1,72.5,60.3,174.6
2026-07-19 19:00:00,TKYO-014-2,TKYO-014,Band 41 (2500MHz),-94.4,-16.2,-1.9,100.0,63.6,174.9
2026-07-19 19:00:00,TKYO-014-3,TKYO-014,Band 41 (2500MHz),-84.4,-15.6,9.1,100.0,61.8,156.3
2026-07-19 19:00:00,TKYO-015-1,TKYO-015,Band 1 (2100MHz),-92.3,-14.4,9.2,93.6,59.0,185.7
2026-07-19 19:00:00,TKYO-015-2,TKYO-015,Band 1 (2100MHz),-79.1,-13.5,1.6,100.0,63.0,186.7
2026-07-19 19:00:00,TKYO-015-3,TKYO-015,Band 1 (2100MHz),-82.1,-12.5,9.5,100.0,48.7,154.3
2026-07-19 19:00:00,TKYO-016-1,TKYO-016,Band 41 (2500MHz),-89.5,-13.9,4.9,100.0,57.7,194.5
2026-07-19 19:00:00,TKYO-016-2,TKYO-016,Band 41 (2500MHz),-84.8,-16.1,11.6,97.6,58.9,192.5
2026-07-19 19:00:00,TKYO-016-3,TKYO-016,Band 41 (2500MHz),-83.4,-12.9,6.9,100.0,65.8,173.3
2026-07-19 20:00:00,TKYO-001-1,TKYO-001,Band 1 (2100MHz),-87.8,-12.1,3.2,100.0,66.3,151.6
2026-07-19 20:00:00,TKYO-001-2,TKYO-001,Band 1 (2100MHz),-80.3,-13.5,1.7,80.5,58.4,131.7
2026-07-19 20:00:00,TKYO-001-3,TKYO-001,Band 1 (2100MHz),-78.8,-10.8,14.1,96.0,36.0,161.5
2026-07-19 20:00:00,TKYO-002-1,TKYO-002,Band 41 (2500MHz),-81.9,-11.7,7.3,86.6,51.6,142.6
2026-07-19 20:00:00,TKYO-002-2,TKYO-002,Band 41 (2500MHz),-82.4,-13.5,19.7,96.0,64.0,163.5
2026-07-19 20:00:00,TKYO-002-3,TKYO-002,Band 41 (2500MHz),-81.5,-11.3,8.8,100.0,47.3,129.2
2026-07-19 20:00:00,TKYO-003-1,TKYO-003,Band 1 (2100MHz),-74.9,-11.8,16.1,93.5,38.6,164.6
2026-07-19 20:00:00,TKYO-003-2,TKYO-003,Band 1 (2100MHz),-99.9,-18.8,-7.3,96.7,58.1,146.4
2026-07-19 20:00:00,TKYO-003-3,TKYO-003,Band 1 (2100MHz),-85.8,-13.2,11.3,100.0,60.7,159.6
2026-07-19 20:00:00,TKYO-004-1,TKYO-004,Band 41 (2500MHz),-82.3,-17.2,8.9,100.0,67.4,150.7
2026-07-19 20:00:00,TKYO-004-2,TKYO-004,Band 41 (2500MHz),-90.1,-11.9,8.1,100.0,62.6,171.1
2026-07-19 20:00:00,TKYO-004-3,TKYO-004,Band 41 (2500MHz),-83.1,-13.2,7.0,93.5,49.5,170.9
2026-07-19 20:00:00,TKYO-005-1,TKYO-005,Band 1 (2100MHz),-81.1,-14.3,-2.5,88.8,56.3,139.3
2026-07-19 20:00:00,TKYO-005-2,TKYO-005,Band 1 (2100MHz),-82.4,-11.8,5.7,100.0,54.3,184.0
2026-07-19 20:00:00,TKYO-005-3,TKYO-005,Band 1 (2100MHz),-90.5,-18.0,-0.8,83.6,56.4,125.7
2026-07-19 20:00:00,TKYO-006-1,TKYO-006,Band 41 (2500MHz),-83.6,-12.0,9.1,90.9,56.0,199.7
2026-07-19 20:00:00,TKYO-006-2,TKYO-006,Band 41 (2500MHz),-76.2,-13.6,3.4,95.8,44.4,142.9
2026-07-19 20:00:00,TKYO-006-3,TKYO-006,Band 41 (2500MHz),-84.2,-12.1,5.2,92.6,47.9,107.9
2026-07-19 20:00:00,TKYO-007-1,TKYO-007,Band 1 (2100MHz),-85.2,-13.8,17.2,82.5,69.0,132.7
2026-07-19 20:00:00,TKYO-007-2,TKYO-007,Band 1 (2100MHz),-81.0,-13.0,12.2,97.3,51.9,142.8
2026-07-19 20:00:00,TKYO-007-3,TKYO-007,Band 1 (2100MHz),-95.3,-14.9,2.5,78.3,79.8,139.5
2026-07-19 20:00:00,TKYO-008-1,TKYO-008,Band 41 (2500MHz),-81.3,-13.7,9.5,88.7,58.6,195.5
2026-07-19 20:00:00,TKYO-008-2,TKYO-008,Band 41 (2500MHz),-76.0,-12.3,13.5,89.0,54.1,155.4
2026-07-19 20:00:00,TKYO-008-3,TKYO-008,Band 41 (2500MHz),-86.3,-13.1,8.3,100.0,43.6,141.8
2026-07-19 20:00:00,TKYO-009-1,TKYO-009,Band 1 (2100MHz),-76.0,-11.0,-0.4,100.0,44.7,138.3
2026-07-19 20:00:00,TKYO-009-2,TKYO-009,Band 1 (2100MHz),-89.4,-17.2,11.6,78.8,43.0,151.5
2026-07-19 20:00:00,TKYO-009-3,TKYO-009,Band 1 (2100MHz),-80.6,-14.0,13.8,82.2,57.0,188.7
2026-07-19 20:00:00,TKYO-010-1,TKYO-010,Band 41 (2500MHz),-80.5,-15.9,0.3,93.8,50.8,175.9
2026-07-19 20:00:00,TKYO-010-2,TKYO-010,Band 41 (2500MHz),-83.1,-7.0,5.7,100.0,55.3,176.6
2026-07-19 20:00:00,TKYO-010-3,TKYO-010,Band 41 (2500MHz),-82.8,-12.7,-1.6,95.2,55.0,172.1
2026-07-19 20:00:00,TKYO-011-1,TKYO-011,Band 1 (2100MHz),-85.1,-13.6,10.5,100.0,54.3,167.4
2026-07-19 20:00:00,TKYO-011-2,TKYO-011,Band 1 (2100MHz),-84.7,-13.0,10.4,84.8,58.2,125.1
2026-07-19 20:00:00,TKYO-011-3,TKYO-011,Band 1 (2100MHz),-82.9,-13.9,4.3,72.3,65.0,167.3
2026-07-19 20:00:00,TKYO-012-1,TKYO-012,Band 41 (2500MHz),-80.6,-12.9,4.1,77.0,41.7,159.8
2026-07-19 20:00:00,TKYO-012-2,TKYO-012,Band 41 (2500MHz),-76.9,-13.3,5.4,100.0,52.1,150.4
2026-07-19 20:00:00,TKYO-012-3,TKYO-012,Band 41 (2500MHz),-85.4,-15.2,9.0,100.0,44.2,146.0
2026-07-19 20:00:00,TKYO-013-1,TKYO-013,Band 1 (2100MHz),-84.2,-14.8,12.9,100.0,49.9,157.3
2026-07-19 20:00:00,TKYO-013-2,TKYO-013,Band 1 (2100MHz),-97.8,-13.2,2.3,86.3,55.0,127.0
2026-07-19 20:00:00,TKYO-013-3,TKYO-013,Band 1 (2100MHz),-83.3,-13.5,14.2,86.4,54.1,139.0
2026-07-19 20:00:00,TKYO-014-1,TKYO-014,Band 41 (2500MHz),-83.2,-10.8,8.4,96.3,48.0,143.2
2026-07-19 20:00:00,TKYO-014-2,TKYO-014,Band 41 (2500MHz),-106.2,-18.5,-10.0,95.3,57.2,164.7
2026-07-19 20:00:00,TKYO-014-3,TKYO-014,Band 41 (2500MHz),-80.4,-12.7,12.9,90.7,66.1,131.9
2026-07-19 20:00:00,TKYO-015-1,TKYO-015,Band 1 (2100MHz),-89.5,-9.7,4.9,98.9,59.5,148.3
2026-07-19 20:00:00,TKYO-015-2,TKYO-015,Band 1 (2100MHz),-84.5,-12.1,3.5,94.4,47.4,159.9
2026-07-19 20:00:00,TKYO-015-3,TKYO-015,Band 1 (2100MHz),-84.6,-11.7,16.4,91.5,70.2,148.6
2026-07-19 20:00:00,TKYO-016-1,TKYO-016,Band 41 (2500MHz),-83.8,-10.4,3.1,81.9,50.9,137.3
2026-07-19 20:00:00,TKYO-016-2,TKYO-016,Band 41 (2500MHz),-84.2,-10.1,11.5,87.0,56.4,143.7
2026-07-19 20:00:00,TKYO-016-3,TKYO-016,Band 41 (2500MHz),-84.8,-10.5,0.5,94.3,52.4,168.6
2026-07-19 21:00:00,TKYO-001-1,TKYO-001,Band 1 (2100MHz),-77.0,-12.2,6.7,17.2,0.0,65.1
2026-07-19 21:00:00,TKYO-001-2,TKYO-001,Band 1 (2100MHz),-79.7,-7.6,7.6,36.2,28.5,43.4
2026-07-19 21:00:00,TKYO-001-3,TKYO-001,Band 1 (2100MHz),-79.7,-6.5,8.2,29.4,25.2,62.2
2026-07-19 21:00:00,TKYO-002-1,TKYO-002,Band 41 (2500MHz),-80.2,-10.1,-3.3,30.5,0.9,17.8
2026-07-19 21:00:00,TKYO-002-2,TKYO-002,Band 41 (2500MHz),-88.3,-6.8,9.5,33.3,0.0,47.3
2026-07-19 21:00:00,TKYO-002-3,TKYO-002,Band 41 (2500MHz),-78.9,-10.5,4.3,1.5,6.6,0.0
2026-07-19 21:00:00,TKYO-003-1,TKYO-003,Band 1 (2100MHz),-82.2,-11.2,7.8,28.6,28.8,17.2
2026-07-19 21:00:00,TKYO-003-2,TKYO-003,Band 1 (2100MHz),-92.6,-12.5,-4.0,17.8,13.8,63.2
2026-07-19 21:00:00,TKYO-003-3,TKYO-003,Band 1 (2100MHz),-89.5,-13.3,3.4,36.0,10.3,33.0
2026-07-19 21:00:00,TKYO-004-1,TKYO-004,Band 41 (2500MHz),-82.7,-9.2,6.8,32.0,3.3,10.5
2026-07-19 21:00:00,TKYO-004-2,TKYO-004,Band 41 (2500MHz),-82.9,-8.6,-6.3,10.4,15.1,51.0
2026-07-19 21:00:00,TKYO-004-3,TKYO-004,Band 41 (2500MHz),-84.3,-8.7,8.9,27.9,17.7,42.0
2026-07-19 21:00:00,TKYO-005-1,TKYO-005,Band 1 (2100MHz),-84.3,-8.4,4.6,22.5,24.5,22.6
2026-07-19 21:00:00,TKYO-005-2,TKYO-005,Band 1 (2100MHz),-86.2,-10.3,15.2,18.7,6.7,66.2
2026-07-19 21:00:00,TKYO-005-3,TKYO-005,Band 1 (2100MHz),-100.5,-15.2,9.4,28.8,6.9,37.5
2026-07-19 21:00:00,TKYO-006-1,TKYO-006,Band 41 (2500MHz),-87.4,-8.9,6.0,12.7,5.7,10.1
2026-07-19 21:00:00,TKYO-006-2,TKYO-006,Band 41 (2500MHz),-73.6,-5.7,-2.7,15.3,6.6,0.0
2026-07-19 21:00:00,TKYO-006-3,TKYO-006,Band 41 (2500MHz),-82.1,-6.2,6.8,11.6,18.4,54.8
2026-07-19 21:00:00,TKYO-007-1,TKYO-007,Band 1 (2100MHz),-82.8,-9.4,12.0,10.2,13.7,62.9
2026-07-19 21:00:00,TKYO-007-2,TKYO-007,Band 1 (2100MHz),-92.9,-8.3,18.6,30.3,5.1,44.5
2026-07-19 21:00:00,TKYO-007-3,TKYO-007,Band 1 (2100MHz),-91.5,-11.0,-8.6,5.0,0.0,25.1
2026-07-19 21:00:00,TKYO-008-1,TKYO-008,Band 41 (2500MHz),-78.8,-7.3,3.2,34.4,10.4,9.3
2026-07-19 21:00:00,TKYO-008-2,TKYO-008,Band 41 (2500MHz),-82.3,-9.3,6.1,17.6,7.2,12.9
2026-07-19 21:00:00,TKYO-008-3,TKYO-008,Band 41 (2500MHz),-80.1,-7.5,7.2,25.3,19.7,29.0
2026-07-19 21:00:00,TKYO-009-1,TKYO-009,Band 1 (2100MHz),-83.3,-8.8,8.5,12.6,24.1,43.6
2026-07-19 21:00:00,TKYO-009-2,TKYO-009,Band 1 (2100MHz),-86.5,-5.7,12.6,28.2,21.5,12.5
2026-07-19 21:00:00,TKYO-009-3,TKYO-009,Band 1 (2100MHz),-81.8,-7.2,14.1,24.7,7.5,87.7
2026-07-19 21:00:00,TKYO-010-1,TKYO-010,Band 41 (2500MHz),-83.2,-12.7,11.9,39.2,10.0,27.4
2026-07-19 21:00:00,TKYO-010-2,TKYO-010,Band 41 (2500MHz),-81.2,-8.7,9.7,27.3,9.2,12.5
2026-07-19 21:00:00,TKYO-010-3,TKYO-010,Band 41 (2500MHz),-89.4,-12.5,12.7,40.3,22.8,67.6
2026-07-19 21:00:00,TKYO-011-1,TKYO-011,Band 1 (2100MHz),-84.7,-7.8,3.0,28.7,31.3,34.3
2026-07-19 21:00:00,TKYO-011-2,TKYO-011,Band 1 (2100MHz),-83.4,-6.5,19.8,17.4,9.1,33.7
2026-07-19 21:00:00,TKYO-011-3,TKYO-011,Band 1 (2100MHz),-82.4,-8.6,0.6,21.6,20.2,0.0
2026-07-19 21:00:00,TKYO-012-1,TKYO-012,Band 41 (2500MHz),-81.2,-11.1,10.6,37.9,28.0,55.1
2026-07-19 21:00:00,TKYO-012-2,TKYO-012,Band 41 (2500MHz),-76.3,-6.9,6.8,4.9,21.0,30.7
2026-07-19 21:00:00,TKYO-012-3,TKYO-012,Band 41 (2500MHz),-83.7,-5.9,-2.9,0.0,0.0,48.6
2026-07-19 21:00:00,TKYO-013-1,TKYO-013,Band 1 (2100MHz),-82.0,-10.7,10.2,32.9,0.0,15.8
2026-07-19 21:00:00,TKYO-013-2,TKYO-013,Band 1 (2100MHz),-96.5,-7.9,-0.4,19.7,23.3,30.2
2026-07-19 21:00:00,TKYO-013-3,TKYO-013,Band 1 (2100MHz),-92.9,-11.3,7.8,19.7,16.3,50.3
2026-07-19 21:00:00,TKYO-014-1,TKYO-014,Band 41 (2500MHz),-80.4,-12.3,2.6,27.4,3.3,27.2
2026-07-19 21:00:00,TKYO-014-2,TKYO-014,Band 41 (2500MHz),-87.6,-13.1,-0.5,38.2,22.2,51.6
2026-07-19 21:00:00,TKYO-014-3,TKYO-014,Band 41 (2500MHz),-87.3,-11.2,10.8,8.8,12.5,26.1
2026-07-19 21:00:00,TKYO-015-1,TKYO-015,Band 1 (2100MHz),-80.3,-10.6,-0.4,16.7,21.1,48.9
2026-07-19 21:00:00,TKYO-015-2,TKYO-015,Band 1 (2100MHz),-85.3,-10.5,4.2,20.5,9.0,27.6
2026-07-19 21:00:00,TKYO-015-3,TKYO-015,Band 1 (2100MHz),-84.1,-10.8,7.1,14.6,20.6,85.2
2026-07-19 21:00:00,TKYO-016-1,TKYO-016,Band 41 (2500MHz),-82.4,-6.2,1.6,48.1,2.3,35.5
2026-07-19 21:00:00,TKYO-016-2,TKYO-016,Band 41 (2500MHz),-82.6,-10.3,-0.1,28.8,5.7,57.8
2026-07-19 21:00:00,TKYO-016-3,TKYO-016,Band 41 (2500MHz),-79.3,-12.0,10.4,7.4,3.2,84.0
2026-07-19 22:00:00,TKYO-001-1,TKYO-001,Band 1 (2100MHz),-87.4,-9.8,7.4,7.2,0.0,52.9
2026-07-19 22:00:00,TKYO-001-2,TKYO-001,Band 1 (2100MHz),-78.8,-8.3,11.4,18.5,0.1,26.3
2026-07-19 22:00:00,TKYO-001-3,TKYO-001,Band 1 (2100MHz),-79.9,-8.4,11.6,10.2,12.2,28.0
2026-07-19 22:00:00,TKYO-002-1,TKYO-002,Band 41 (2500MHz),-84.3,-10.1,8.6,19.8,8.7,22.3
2026-07-19 22:00:00,TKYO-002-2,TKYO-002,Band 41 (2500MHz),-75.8,-6.7,4.9,13.7,2.2,0.0
2026-07-19 22:00:00,TKYO-002-3,TKYO-002,Band 41 (2500MHz),-86.0,-8.9,7.2,0.0,0.0,34.8
2026-07-19 22:00:00,TKYO-003-1,TKYO-003,Band 1 (2100MHz),-87.6,-8.0,11.9,35.7,10.8,49.0
2026-07-19 22:00:00,TKYO-003-2,TKYO-003,Band 1 (2100MHz),-93.2,-11.1,-5.9,19.1,13.9,0.6
2026-07-19 22:00:00,TKYO-003-3,TKYO-003,Band 1 (2100MHz),-81.7,-9.7,3.2,18.7,14.0,4.3
2026-07-19 22:00:00,TKYO-004-1,TKYO-004,Band 41 (2500MHz),-81.3,-10.6,13.0,38.7,20.2,31.9
2026-07-19 22:00:00,TKYO-004-2,TKYO-004,Band 41 (2500MHz),-82.9,-9.3,4.0,0.0,7.2,21.8
2026-07-19 22:00:00,TKYO-004-3,TKYO-004,Band 41 (2500MHz),-76.8,-5.6,9.2,24.5,3.7,2.2
2026-07-19 22:00:00,TKYO-005-1,TKYO-005,Band 1 (2100MHz),-88.2,-12.0,6.6,17.1,8.0,30.0
2026-07-19 22:00:00,TKYO-005-2,TKYO-005,Band 1 (2100MHz),-83.4,-4.2,12.9,29.9,0.0,0.0
2026-07-19 22:00:00,TKYO-005-3,TKYO-005,Band 1 (2100MHz),-99.1,-9.9,1.7,11.0,2.3,9.8
2026-07-19 22:00:00,TKYO-006-1,TKYO-006,Band 41 (2500MHz),-84.5,-8.6,8.4,22.8,9.7,17.8
2026-07-19 22:00:00,TKYO-006-2,TKYO-006,Band 41 (2500MHz),-85.4,-11.7,7.4,6.6,10.2,16.4
2026-07-19 22:00:00,TKYO-006-3,TKYO-006,Band 41 (2500MHz),-89.4,-10.8,-4.0,0.0,9.3,44.5
2026-07-19 22:00:00,TKYO-007-1,TKYO-007,Band 1 (2100MHz),-79.7,-10.2,8.9,24.2,10.9,10.8
2026-07-19 22:00:00,TKYO-007-2,TKYO-007,Band 1 (2100MHz),-86.8,-9.1,3.4,18.3,5.4,18.9
2026-07-19 22:00:00,TKYO-007-3,TKYO-007,Band 1 (2100MHz),-100.8,-8.9,-4.0,8.1,12.0,31.4
2026-07-19 22:00:00,TKYO-008-1,TKYO-008,Band 41 (2500MHz),-87.0,-6.8,-1.9,7.2,31.2,41.5
2026-07-19 22:00:00,TKYO-008-2,TKYO-008,Band 41 (2500MHz),-81.6,-7.7,6.6,23.5,17.6,34.4
2026-07-19 22:00:00,TKYO-008-3,TKYO-008,Band 41 (2500MHz),-81.0,-7.7,5.5,20.0,7.2,47.0
2026-07-19 22:00:00,TKYO-009-1,TKYO-009,Band 1 (2100MHz),-86.9,-8.6,7.5,15.1,8.3,4.5
2026-07-19 22:00:00,TKYO-009-2,TKYO-009,Band 1 (2100MHz),-90.6,-9.3,6.8,11.0,15.7,27.1
2026-07-19 22:00:00,TKYO-009-3,TKYO-009,Band 1 (2100MHz),-82.3,-5.7,7.4,13.8,5.7,34.6
2026-07-19 22:00:00,TKYO-010-1,TKYO-010,Band 41 (2500MHz),-79.3,-9.8,2.7,22.3,1.9,6.2
2026-07-19 22:00:00,TKYO-010-2,TKYO-010,Band 41 (2500MHz),-78.1,-7.2,2.0,4.2,0.0,0.0
2026-07-19 22:00:00,TKYO-010-3,TKYO-010,Band 41 (2500MHz),-82.8,-6.4,3.9,23.6,9.5,23.2
2026-07-19 22:00:00,TKYO-011-1,TKYO-011,Band 1 (2100MHz),-79.2,-7.4,12.2,6.5,14.3,66.7
2026-07-19 22:00:00,TKYO-011-2,TKYO-011,Band 1 (2100MHz),-85.8,-6.3,12.6,18.6,10.3,22.6
2026-07-19 22:00:00,TKYO-011-3,TKYO-011,Band 1 (2100MHz),-85.3,-7.3,4.2,13.1,0.0,50.2
2026-07-19 22:00:00,TKYO-012-1,TKYO-012,Band 41 (2500MHz),-82.0,-7.7,3.7,0.0,0.0,0.0
2026-07-19 22:00:00,TKYO-012-2,TKYO-012,Band 41 (2500MHz),-85.0,-7.0,10.0,0.6,2.6,47.3
2026-07-19 22:00:00,TKYO-012-3,TKYO-012,Band 41 (2500MHz),-83.1,-6.6,3.2,1.4,0.0,42.3
2026-07-19 22:00:00,TKYO-013-1,TKYO-013,Band 1 (2100MHz),-84.6,-6.2,19.4,0.0,12.3,21.5
2026-07-19 22:00:00,TKYO-013-2,TKYO-013,Band 1 (2100MHz),-91.4,-10.6,4.2,24.0,11.1,51.7
2026-07-19 22:00:00,TKYO-013-3,TKYO-013,Band 1 (2100MHz),-89.4,-6.0,8.3,10.0,0.0,39.1
2026-07-19 22:00:00,TKYO-014-1,TKYO-014,Band 41 (2500MHz),-84.1,-7.1,5.7,16.9,3.8,0.0
2026-07-19 22:00:00,TKYO-014-2,TKYO-014,Band 41 (2500MHz),-98.7,-14.8,-2.6,20.8,24.8,65.5
2026-07-19 22:00:00,TKYO-014-3,TKYO-014,Band 41 (2500MHz),-85.4,-10.7,3.4,19.9,2.9,13.9
2026-07-19 22:00:00,TKYO-015-1,TKYO-015,Band 1 (2100MHz),-80.5,-7.4,11.1,0.0,10.2,36.5
2026-07-19 22:00:00,TKYO-015-2,TKYO-015,Band 1 (2100MHz),-86.4,-8.2,7.8,25.1,0.0,35.8
2026-07-19 22:00:00,TKYO-015-3,TKYO-015,Band 1 (2100MHz),-81.8,-8.2,8.6,11.6,19.8,0.0
2026-07-19 22:00:00,TKYO-016-1,TKYO-016,Band 41 (2500MHz),-73.2,-9.2,6.0,14.3,4.6,46.8
2026-07-19 22:00:00,TKYO-016-2,TKYO-016,Band 41 (2500MHz),-83.3,-8.1,11.1,6.3,11.3,62.2
2026-07-19 22:00:00,TKYO-016-3,TKYO-016,Band 41 (2500MHz),-87.6,-12.1,2.2,2.6,0.0,26.1
2026-07-19 23:00:00,TKYO-001-1,TKYO-001,Band 1 (2100MHz),-83.3,-8.4,9.7,11.3,20.7,0.0
2026-07-19 23:00:00,TKYO-001-2,TKYO-001,Band 1 (2100MHz),-82.4,-10.2,2.5,27.8,2.5,0.0
2026-07-19 23:00:00,TKYO-001-3,TKYO-001,Band 1 (2100MHz),-83.3,-8.1,10.8,19.5,11.9,19.0
2026-07-19 23:00:00,TKYO-002-1,TKYO-002,Band 41 (2500MHz),-87.4,-10.4,5.9,0.0,11.3,39.6
2026-07-19 23:00:00,TKYO-002-2,TKYO-002,Band 41 (2500MHz),-90.1,-5.4,8.2,16.8,9.6,29.1
2026-07-19 23:00:00,TKYO-002-3,TKYO-002,Band 41 (2500MHz),-87.8,-7.6,9.7,16.1,15.2,46.2
2026-07-19 23:00:00,TKYO-003-1,TKYO-003,Band 1 (2100MHz),-82.3,-8.4,8.9,17.5,0.0,0.0
2026-07-19 23:00:00,TKYO-003-2,TKYO-003,Band 1 (2100MHz),-103.0,-13.4,-2.5,6.2,14.9,0.0
2026-07-19 23:00:00,TKYO-003-3,TKYO-003,Band 1 (2100MHz),-87.4,-6.2,14.8,14.7,5.6,26.5
2026-07-19 23:00:00,TKYO-004-1,TKYO-004,Band 41 (2500MHz),-86.0,-12.2,13.4,2.2,7.3,0.0
2026-07-19 23:00:00,TKYO-004-2,TKYO-004,Band 41 (2500MHz),-86.0,-10.7,0.9,15.4,22.2,0.7
2026-07-19 23:00:00,TKYO-004-3,TKYO-004,Band 41 (2500MHz),-85.1,-8.5,9.3,13.6,0.0,38.2
2026-07-19 23:00:00,TKYO-005-1,TKYO-005,Band 1 (2100MHz),-82.5,-8.9,8.7,0.0,22.7,2.5
2026-07-19 23:00:00,TKYO-005-2,TKYO-005,Band 1 (2100MHz),-82.3,-6.8,5.0,0.0,0.0,33.6
2026-07-19 23:00:00,TKYO-005-3,TKYO-005,Band 1 (2100MHz),-94.8,-11.2,-0.2,4.8,0.0,17.4
2026-07-19 23:00:00,TKYO-006-1,TKYO-006,Band 41 (2500MHz),-82.4,-7.3,5.4,0.0,0.0,8.4
2026-07-19 23:00:00,TKYO-006-2,TKYO-006,Band 41 (2500MHz),-81.1,-13.7,14.1,26.4,0.0,12.9
2026-07-19 23:00:00,TKYO-006-3,TKYO-006,Band 41 (2500MHz),-75.9,-8.8,15.2,19.9,12.1,18.3
2026-07-19 23:00:00,TKYO-007-1,TKYO-007,Band 1 (2100MHz),-83.0,-10.9,6.3,4.4,8.7,14.5
2026-07-19 23:00:00,TKYO-007-2,TKYO-007,Band 1 (2100MHz),-86.8,-6.6,9.9,18.7,17.1,0.0
2026-07-19 23:00:00,TKYO-007-3,TKYO-007,Band 1 (2100MHz),-100.5,-12.6,0.2,19.6,10.9,3.4
2026-07-19 23:00:00,TKYO-008-1,TKYO-008,Band 41 (2500MHz),-83.6,-6.2,2.0,36.3,7.6,55.9
2026-07-19 23:00:00,TKYO-008-2,TKYO-008,Band 41 (2500MHz),-84.2,-8.9,1.2,14.8,0.0,0.0
2026-07-19 23:00:00,TKYO-008-3,TKYO-008,Band 41 (2500MHz),-77.6,-8.1,11.5,48.2,14.3,46.7
2026-07-19 23:00:00,TKYO-009-1,TKYO-009,Band 1 (2100MHz),-76.5,-3.7,4.3,0.0,6.0,44.3
2026-07-19 23:00:00,TKYO-009-2,TKYO-009,Band 1 (2100MHz),-83.1,-7.8,2.9,0.0,15.5,10.2
2026-07-19 23:00:00,TKYO-009-3,TKYO-009,Band 1 (2100MHz),-82.0,-8.4,8.7,0.0,4.3,27.8
2026-07-19 23:00:00,TKYO-010-1,TKYO-010,Band 41 (2500MHz),-87.2,-7.5,-5.9,0.0,6.4,10.3
2026-07-19 23:00:00,TKYO-010-2,TKYO-010,Band 41 (2500MHz),-83.3,-9.2,13.3,8.0,0.0,51.1
2026-07-19 23:00:00,TKYO-010-3,TKYO-010,Band 41 (2500MHz),-76.7,-6.6,3.8,23.3,0.1,28.7
2026-07-19 23:00:00,TKYO-011-1,TKYO-011,Band 1 (2100MHz),-88.8,-8.2,10.1,19.1,3.2,0.0
2026-07-19 23:00:00,TKYO-011-2,TKYO-011,Band 1 (2100MHz),-82.9,-9.9,7.0,13.0,6.8,2.6
2026-07-19 23:00:00,TKYO-011-3,TKYO-011,Band 1 (2100MHz),-77.7,-9.0,8.2,14.5,22.9,29.2
2026-07-19 23:00:00,TKYO-012-1,TKYO-012,Band 41 (2500MHz),-90.0,-7.8,6.8,9.2,0.0,31.7
2026-07-19 23:00:00,TKYO-012-2,TKYO-012,Band 41 (2500MHz),-89.8,-6.7,-2.5,8.3,0.3,22.8
2026-07-19 23:00:00,TKYO-012-3,TKYO-012,Band 41 (2500MHz),-79.3,-6.9,7.2,9.1,0.0,9.9
2026-07-19 23:00:00,TKYO-013-1,TKYO-013,Band 1 (2100MHz),-79.5,-7.8,-1.6,40.1,4.3,44.4
2026-07-19 23:00:00,TKYO-013-2,TKYO-013,Band 1 (2100MHz),-94.9,-11.3,4.8,22.3,25.7,0.0
2026-07-19 23:00:00,TKYO-013-3,TKYO-013,Band 1 (2100MHz),-87.0,-9.0,15.1,0.0,12.0,0.0
2026-07-19 23:00:00,TKYO-014-1,TKYO-014,Band 41 (2500MHz),-88.2,-8.2,-2.6,0.0,0.0,24.3
2026-07-19 23:00:00,TKYO-014-2,TKYO-014,Band 41 (2500MHz),-95.2,-13.5,-4.5,0.0,7.5,0.0
2026-07-19 23:00:00,TKYO-014-3,TKYO-014,Band 41 (2500MHz),-80.5,-8.7,4.6,8.6,2.0,4.7
2026-07-19 23:00:00,TKYO-015-1,TKYO-015,Band 1 (2100MHz),-88.3,-6.0,14.0,0.0,2.4,18.7
2026-07-19 23:00:00,TKYO-015-2,TKYO-015,Band 1 (2100MHz),-77.0,-5.1,4.2,0.0,24.7,27.2
2026-07-19 23:00:00,TKYO-015-3,TKYO-015,Band 1 (2100MHz),-77.9,-9.3,9.7,3.0,5.7,0.0
2026-07-19 23:00:00,TKYO-016-1,TKYO-016,Band 41 (2500MHz),-90.3,-7.1,5.6,0.0,4.4,7.3
2026-07-19 23:00:00,TKYO-016-2,TKYO-016,Band 41 (2500MHz),-82.4,-3.5,4.3,0.6,8.9,3.1
2026-07-19 23:00:00,TKYO-016-3,TKYO-016,Band 41 (2500MHz),-77.1,-9.2,14.9,22.7,5.1,0.0
2026-07-20 00:00:00,TKYO-001-1,TKYO-001,Band 1 (2100MHz),-82.4,-6.6,12.0,23.0,1.1,14.3
2026-07-20 00:00:00,TKYO-001-2,TKYO-001,Band 1 (2100MHz),-86.5,-6.6,3.3,0.0,3.1,12.3
2026-07-20 00:00:00,TKYO-001-3,TKYO-001,Band 1 (2100MHz),-81.1,-7.8,6.5,10.8,7.4,23.1
2026-07-20 00:00:00,TKYO-002-1,TKYO-002,Band 41 (2500MHz),-82.2,-8.2,5.3,11.8,13.0,0.0
2026-07-20 00:00:00,TKYO-002-2,TKYO-002,Band 41 (2500MHz),-81.9,-9.4,-2.0,22.3,14.4,14.4
2026-07-20 00:00:00,TKYO-002-3,TKYO-002,Band 41 (2500MHz),-81.9,-6.6,5.3,27.7,0.0,5.0
2026-07-20 00:00:00,TKYO-003-1,TKYO-003,Band 1 (2100MHz),-80.1,-8.4,4.5,4.2,4.6,35.3
2026-07-20 00:00:00,TKYO-003-2,TKYO-003,Band 1 (2100MHz),-98.5,-16.7,7.3,7.6,13.2,12.3
2026-07-20 00:00:00,TKYO-003-3,TKYO-003,Band 1 (2100MHz),-83.0,-4.7,12.4,9.4,15.3,42.8
2026-07-20 00:00:00,TKYO-004-1,TKYO-004,Band 41 (2500MHz),-88.4,-7.5,10.3,9.3,13.8,0.0
2026-07-20 00:00:00,TKYO-004-2,TKYO-004,Band 41 (2500MHz),-87.2,-8.8,3.2,7.5,1.8,50.0
2026-07-20 00:00:00,TKYO-004-3,TKYO-004,Band 41 (2500MHz),-82.2,-10.7,7.4,19.4,20.1,42.0
2026-07-20 00:00:00,TKYO-005-1,TKYO-005,Band 1 (2100MHz),-72.9,-7.4,2.6,4.8,1.9,57.5
2026-07-20 00:00:00,TKYO-005-2,TKYO-005,Band 1 (2100MHz),-87.3,-7.9,14.0,0.0,5.0,37.4
2026-07-20 00:00:00,TKYO-005-3,TKYO-005,Band 1 (2100MHz),-94.6,-16.0,-2.8,23.3,4.3,0.0
2026-07-20 00:00:00,TKYO-006-1,TKYO-006,Band 41 (2500MHz),-80.3,-7.7,7.4,21.2,4.1,21.7
2026-07-20 00:00:00,TKYO-006-2,TKYO-006,Band 41 (2500MHz),-85.6,-8.2,3.8,9.4,0.0,23.5
2026-07-20 00:00:00,TKYO-006-3,TKYO-006,Band 41 (2500MHz),-82.5,-10.8,-1.4,0.0,14.5,58.7
2026-07-20 00:00:00,TKYO-007-1,TKYO-007,Band 1 (2100MHz),-85.6,-8.9,11.2,5.4,0.0,0.0
2026-07-20 00:00:00,TKYO-007-2,TKYO-007,Band 1 (2100MHz),-88.8,-12.1,8.7,23.4,1.7,26.5
2026-07-20 00:00:00,TKYO-007-3,TKYO-007,Band 1 (2100MHz),-96.5,-13.6,-3.4,19.1,14.7,27.3
2026-07-20 00:00:00,TKYO-008-1,TKYO-008,Band 41 (2500MHz),-81.7,-6.3,5.6,2.0,0.0,16.7
2026-07-20 00:00:00,TKYO-008-2,TKYO-008,Band 41 (2500MHz),-82.0,-8.0,0.6,3.7,8.7,42.6
2026-07-20 00:00:00,TKYO-008-3,TKYO-008,Band 41 (2500MHz),-88.4,-8.7,4.5,11.3,11.7,25.8
2026-07-20 00:00:00,TKYO-009-1,TKYO-009,Band 1 (2100MHz),-86.6,-7.4,3.9,6.9,0.0,28.2
2026-07-20 00:00:00,TKYO-009-2,TKYO-009,Band 1 (2100MHz),-87.1,-9.4,5.4,3.3,3.7,28.4
2026-07-20 00:00:00,TKYO-009-3,TKYO-009,Band 1 (2100MHz),-84.5,-7.2,8.4,20.9,7.5,37.5
2026-07-20 00:00:00,TKYO-010-1,TKYO-010,Band 41 (2500MHz),-83.5,-7.7,5.4,0.0,0.0,23.7
2026-07-20 00:00:00,TKYO-010-2,TKYO-010,Band 41 (2500MHz),-84.8,-6.5,9.5,8.8,0.0,38.6
2026-07-20 00:00:00,TKYO-010-3,TKYO-010,Band 41 (2500MHz),-84.6,-9.1,12.9,2.7,0.9,16.3
2026-07-20 00:00:00,TKYO-011-1,TKYO-011,Band 1 (2100MHz),-79.7,-8.0,11.3,49.5,0.0,0.1
2026-07-20 00:00:00,TKYO-011-2,TKYO-011,Band 1 (2100MHz),-85.5,-8.7,13.7,1.6,14.0,22.5
2026-07-20 00:00:00,TKYO-011-3,TKYO-011,Band 1 (2100MHz),-91.1,-5.0,4.3,0.0,13.3,0.0
2026-07-20 00:00:00,TKYO-012-1,TKYO-012,Band 41 (2500MHz),-81.0,-6.7,4.8,29.5,0.0,45.9
2026-07-20 00:00:00,TKYO-012-2,TKYO-012,Band 41 (2500MHz),-81.3,-8.3,5.1,11.2,28.2,0.0
2026-07-20 00:00:00,TKYO-012-3,TKYO-012,Band 41 (2500MHz),-84.3,-9.5,8.7,7.3,0.0,4.9
2026-07-20 00:00:00,TKYO-013-1,TKYO-013,Band 1 (2100MHz),-86.1,-4.6,7.8,0.0,19.3,10.6
2026-07-20 00:00:00,TKYO-013-2,TKYO-013,Band 1 (2100MHz),-100.9,-10.9,-4.1,1.3,10.2,15.0
2026-07-20 00:00:00,TKYO-013-3,TKYO-013,Band 1 (2100MHz),-85.1,-8.3,12.3,0.0,5.5,59.8
2026-07-20 00:00:00,TKYO-014-1,TKYO-014,Band 41 (2500MHz),-82.1,-5.9,5.4,0.0,0.0,20.2
2026-07-20 00:00:00,TKYO-014-2,TKYO-014,Band 41 (2500MHz),-97.5,-12.4,3.7,6.8,3.2,35.4
2026-07-20 00:00:00,TKYO-014-3,TKYO-014,Band 41 (2500MHz),-92.7,-7.9,-2.6,23.3,4.5,41.7
2026-07-20 00:00:00,TKYO-015-1,TKYO-015,Band 1 (2100MHz),-73.8,-10.8,6.5,0.0,9.0,40.0
2026-07-20 00:00:00,TKYO-015-2,TKYO-015,Band 1 (2100MHz),-87.2,-11.1,19.4,24.4,17.8,0.0
2026-07-20 00:00:00,TKYO-015-3,TKYO-015,Band 1 (2100MHz),-87.1,-7.5,4.4,34.0,0.0,22.4
2026-07-20 00:00:00,TKYO-016-1,TKYO-016,Band 41 (2500MHz),-85.5,-5.3,-3.3,21.0,10.8,8.8
2026-07-20 00:00:00,TKYO-016-2,TKYO-016,Band 41 (2500MHz),-92.0,-7.8,4.5,3.6,0.0,0.0
2026-07-20 00:00:00,TKYO-016-3,TKYO-016,Band 41 (2500MHz),-84.1,-7.3,5.9,3.6,9.5,17.1
2026-07-20 01:00:00,TKYO-001-1,TKYO-001,Band 1 (2100MHz),-88.3,-8.5,11.3,0.0,1.2,62.0
2026-07-20 01:00:00,TKYO-001-2,TKYO-001,Band 1 (2100MHz),-85.3,-8.4,9.9,31.9,0.0,38.6
2026-07-20 01:00:00,TKYO-001-3,TKYO-001,Band 1 (2100MHz),-83.8,-9.2,14.7,4.6,4.9,39.8
2026-07-20 01:00:00,TKYO-002-1,TKYO-002,Band 41 (2500MHz),-92.7,-5.1,18.8,0.0,2.3,0.0
2026-07-20 01:00:00,TKYO-002-2,TKYO-002,Band 41 (2500MHz),-93.6,-6.4,0.8,0.0,0.0,11.9
2026-07-20 01:00:00,TKYO-002-3,TKYO-002,Band 41 (2500MHz),-84.3,-10.5,4.3,8.0,0.0,9.2
2026-07-20 01:00:00,TKYO-003-1,TKYO-003,Band 1 (2100MHz),-77.8,-8.5,9.9,0.3,14.2,17.1
2026-07-20 01:00:00,TKYO-003-2,TKYO-003,Band 1 (2100MHz),-103.5,-10.2,8.0,9.1,0.0,67.4
2026-07-20 01:00:00,TKYO-003-3,TKYO-003,Band 1 (2100MHz),-86.5,-7.2,13.2,14.6,0.0,69.0
2026-07-20 01:00:00,TKYO-004-1,TKYO-004,Band 41 (2500MHz),-80.7,-3.6,5.6,37.1,14.2,0.0
2026-07-20 01:00:00,TKYO-004-2,TKYO-004,Band 41 (2500MHz),-79.9,-7.6,2.5,4.1,9.7,34.9
2026-07-20 01:00:00,TKYO-004-3,TKYO-004,Band 41 (2500MHz),-96.5,-8.7,-1.6,17.5,0.0,8.4
2026-07-20 01:00:00,TKYO-005-1,TKYO-005,Band 1 (2100MHz),-87.2,-7.7,0.6,24.1,0.0,0.7
2026-07-20 01:00:00,TKYO-005-2,TKYO-005,Band 1 (2100MHz),-81.9,-7.3,18.0,0.0,0.0,0.0
2026-07-20 01:00:00,TKYO-005-3,TKYO-005,Band 1 (2100MHz),-101.8,-17.9,2.5,23.0,13.0,1.5
2026-07-20 01:00:00,TKYO-006-1,TKYO-006,Band 41 (2500MHz),-86.1,-9.2,3.0,9.8,0.0,0.0
2026-07-20 01:00:00,TKYO-006-2,TKYO-006,Band 41 (2500MHz),-86.9,-7.9,9.6,23.7,3.9,38.2
2026-07-20 01:00:00,TKYO-006-3,TKYO-006,Band 41 (2500MHz),-78.5,-6.8,2.5,9.5,8.3,0.0
2026-07-20 01:00:00,TKYO-007-1,TKYO-007,Band 1 (2100MHz),-86.3,-8.0,4.5,16.1,19.7,0.0
2026-07-20 01:00:00,TKYO-007-2,TKYO-007,Band 1 (2100MHz),-87.3,-9.5,4.2,6.6,8.7,36.3
2026-07-20 01:00:00,TKYO-007-3,TKYO-007,Band 1 (2100MHz),-101.2,-14.2,-10.0,0.0,28.9,26.1
2026-07-20 01:00:00,TKYO-008-1,TKYO-008,Band 41 (2500MHz),-90.7,-8.2,6.7,8.3,13.6,0.0
2026-07-20 01:00:00,TKYO-008-2,TKYO-008,Band 41 (2500MHz),-78.4,-6.5,13.0,29.3,8.8,19.6
2026-07-20 01:00:00,TKYO-008-3,TKYO-008,Band 41 (2500MHz),-87.8,-10.1,4.5,0.0,5.3,6.0
2026-07-20 01:00:00,TKYO-009-1,TKYO-009,Band 1 (2100MHz),-84.2,-7.5,6.7,1.9,10.0,0.0
2026-07-20 01:00:00,TKYO-009-2,TKYO-009,Band 1 (2100MHz),-82.7,-4.7,5.7,44.5,16.9,30.1
2026-07-20 01:00:00,TKYO-009-3,TKYO-009,Band 1 (2100MHz),-86.7,-9.1,-0.1,22.4,11.7,2.9
2026-07-20 01:00:00,TKYO-010-1,TKYO-010,Band 41 (2500MHz),-83.7,-7.8,6.9,9.7,20.1,37.4
2026-07-20 01:00:00,TKYO-010-2,TKYO-010,Band 41 (2500MHz),-88.6,-8.0,7.8,13.5,0.9,0.0
2026-07-20 01:00:00,TKYO-010-3,TKYO-010,Band 41 (2500MHz),-85.4,-7.7,2.3,25.7,8.1,20.5
2026-07-20 01:00:00,TKYO-011-1,TKYO-011,Band 1 (2100MHz),-80.3,-10.1,5.6,16.6,8.7,34.5
2026-07-20 01:00:00,TKYO-011-2,TKYO-011,Band 1 (2100MHz),-80.4,-9.0,0.6,5.2,0.0,19.8
2026-07-20 01:00:00,TKYO-011-3,TKYO-011,Band 1 (2100MHz),-85.3,-7.8,8.0,0.0,19.1,36.2
2026-07-20 01:00:00,TKYO-012-1,TKYO-012,Band 41 (2500MHz),-73.2,-6.2,3.3,10.8,16.5,0.0
2026-07-20 01:00:00,TKYO-012-2,TKYO-012,Band 41 (2500MHz),-83.4,-2.4,0.2,17.1,0.0,8.8
2026-07-20 01:00:00,TKYO-012-3,TKYO-012,Band 41 (2500MHz),-76.4,-5.8,12.4,11.2,11.2,10.7
2026-07-20 01:00:00,TKYO-013-1,TKYO-013,Band 1 (2100MHz),-84.7,-6.8,5.4,11.9,19.6,0.0
2026-07-20 01:00:00,TKYO-013-2,TKYO-013,Band 1 (2100MHz),-91.9,-13.1,-0.5,17.6,5.0,8.4
2026-07-20 01:00:00,TKYO-013-3,TKYO-013,Band 1 (2100MHz),-85.4,-10.8,6.3,9.9,8.4,16.8
2026-07-20 01:00:00,TKYO-014-1,TKYO-014,Band 41 (2500MHz),-76.6,-9.9,9.1,0.0,0.0,6.4
2026-07-20 01:00:00,TKYO-014-2,TKYO-014,Band 41 (2500MHz),-97.4,-13.5,0.1,4.8,8.9,0.0
2026-07-20 01:00:00,TKYO-014-3,TKYO-014,Band 41 (2500MHz),-88.5,-2.8,4.9,8.3,24.7,42.3
2026-07-20 01:00:00,TKYO-015-1,TKYO-015,Band 1 (2100MHz),-81.5,-7.8,13.9,22.5,0.0,0.0
2026-07-20 01:00:00,TKYO-015-2,TKYO-015,Band 1 (2100MHz),-83.0,-5.2,5.6,8.0,0.0,0.0
2026-07-20 01:00:00,TKYO-015-3,TKYO-015,Band 1 (2100MHz),-82.9,-8.1,10.0,13.6,8.1,0.0
2026-07-20 01:00:00,TKYO-016-1,TKYO-016,Band 41 (2500MHz),-83.3,-9.6,2.5,23.3,1.8,16.0
2026-07-20 01:00:00,TKYO-016-2,TKYO-016,Band 41 (2500MHz),-89.5,-9.5,3.1,15.6,3.6,42.4
2026-07-20 01:00:00,TKYO-016-3,TKYO-016,Band 41 (2500MHz),-82.5,-6.0,11.4,11.1,0.0,30.5
2026-07-20 02:00:00,TKYO-001-1,TKYO-001,Band 1 (2100MHz),-90.7,-11.5,10.1,10.7,8.7,42.0
2026-07-20 02:00:00,TKYO-001-2,TKYO-001,Band 1 (2100MHz),-85.7,-10.0,-0.6,3.8,20.3,15.5
2026-07-20 02:00:00,TKYO-001-3,TKYO-001,Band 1 (2100MHz),-80.0,-9.1,8.9,6.6,4.9,12.7
2026-07-20 02:00:00,TKYO-002-1,TKYO-002,Band 41 (2500MHz),-89.0,-5.7,8.1,5.0,6.3,35.5
2026-07-20 02:00:00,TKYO-002-2,TKYO-002,Band 41 (2500MHz),-87.2,-8.8,7.3,4.4,11.7,0.0
2026-07-20 02:00:00,TKYO-002-3,TKYO-002,Band 41 (2500MHz),-79.9,-9.4,0.7,0.0,5.7,19.4
2026-07-20 02:00:00,TKYO-003-1,TKYO-003,Band 1 (2100MHz),-85.2,-8.1,8.1,29.9,4.4,7.8
2026-07-20 02:00:00,TKYO-003-2,TKYO-003,Band 1 (2100MHz),-97.1,-11.9,6.1,20.9,0.0,0.0
2026-07-20 02:00:00,TKYO-003-3,TKYO-003,Band 1 (2100MHz),-91.8,-7.5,4.7,8.0,2.1,1.4
2026-07-20 02:00:00,TKYO-004-1,TKYO-004,Band 41 (2500MHz),-85.9,-4.5,-4.2,7.3,29.8,53.7
2026-07-20 02:00:00,TKYO-004-2,TKYO-004,Band 41 (2500MHz),-81.6,-4.3,3.3,44.6,0.3,8.0
2026-07-20 02:00:00,TKYO-004-3,TKYO-004,Band 41 (2500MHz),-87.5,-7.2,10.2,21.4,12.4,11.8
2026-07-20 02:00:00,TKYO-005-1,TKYO-005,Band 1 (2100MHz),-90.2,-5.6,3.3,15.8,0.0,48.1
2026-07-20 02:00:00,TKYO-005-2,TKYO-005,Band 1 (2100MHz),-84.8,-3.0,16.1,1.2,6.5,42.1
2026-07-20 02:00:00,TKYO-005-3,TKYO-005,Band 1 (2100MHz),-102.4,-8.6,3.9,21.9,6.9,61.0
2026-07-20 02:00:00,TKYO-006-1,TKYO-006,Band 41 (2500MHz),-80.1,-6.1,2.9,0.0,15.3,0.0
2026-07-20 02:00:00,TKYO-006-2,TKYO-006,Band 41 (2500MHz),-80.0,-8.7,1.4,0.6,0.0,46.2
2026-07-20 02:00:00,TKYO-006-3,TKYO-006,Band 41 (2500MHz),-87.4,-12.5,1.7,16.3,15.3,32.0
2026-07-20 02:00:00,TKYO-007-1,TKYO-007,Band 1 (2100MHz),-85.1,-9.1,9.6,17.7,0.0,5.5
2026-07-20 02:00:00,TKYO-007-2,TKYO-007,Band 1 (2100MHz),-79.2,-7.6,4.4,14.0,0.0,2.7
2026-07-20 02:00:00,TKYO-007-3,TKYO-007,Band 1 (2100MHz),-101.7,-14.2,2.7,20.1,14.3,19.8
2026-07-20 02:00:00,TKYO-008-1,TKYO-008,Band 41 (2500MHz),-82.5,-8.3,2.4,26.3,0.0,35.5
2026-07-20 02:00:00,TKYO-008-2,TKYO-008,Band 41 (2500MHz),-84.6,-7.2,0.2,8.8,15.3,0.0
2026-07-20 02:00:00,TKYO-008-3,TKYO-008,Band 41 (2500MHz),-81.9,-10.4,5.2,0.0,17.2,7.9
2026-07-20 02:00:00,TKYO-009-1,TKYO-009,Band 1 (2100MHz),-83.4,-6.1,5.6,16.4,16.0,0.0
2026-07-20 02:00:00,TKYO-009-2,TKYO-009,Band 1 (2100MHz),-76.4,-7.8,13.4,7.9,1.6,6.2
2026-07-20 02:00:00,TKYO-009-3,TKYO-009,Band 1 (2100MHz),-87.2,-7.8,10.6,18.3,11.6,17.6
2026-07-20 02:00:00,TKYO-010-1,TKYO-010,Band 41 (2500MHz),-86.1,-6.3,10.0,1.4,18.2,6.4
2026-07-20 02:00:00,TKYO-010-2,TKYO-010,Band 41 (2500MHz),-78.7,-3.0,16.0,12.4,0.0,41.1
2026-07-20 02:00:00,TKYO-010-3,TKYO-010,Band 41 (2500MHz),-87.1,-7.2,7.3,0.0,15.6,25.0
2026-07-20 02:00:00,TKYO-011-1,TKYO-011,Band 1 (2100MHz),-78.9,-7.1,9.8,25.7,21.9,33.7
2026-07-20 02:00:00,TKYO-011-2,TKYO-011,Band 1 (2100MHz),-82.0,-3.5,3.0,0.0,0.0,14.4
2026-07-20 02:00:00,TKYO-011-3,TKYO-011,Band 1 (2100MHz),-84.4,-9.8,8.3,16.4,16.6,0.0
2026-07-20 02:00:00,TKYO-012-1,TKYO-012,Band 41 (2500MHz),-77.3,-8.7,-7.7,0.0,29.3,22.5
2026-07-20 02:00:00,TKYO-012-2,TKYO-012,Band 41 (2500MHz),-80.9,-11.2,15.8,0.0,13.9,16.4
2026-07-20 02:00:00,TKYO-012-3,TKYO-012,Band 41 (2500MHz),-80.4,-7.5,7.8,10.2,8.3,12.7
2026-07-20 02:00:00,TKYO-013-1,TKYO-013,Band 1 (2100MHz),-81.9,-8.5,17.2,9.2,12.7,0.0
2026-07-20 02:00:00,TKYO-013-2,TKYO-013,Band 1 (2100MHz),-92.5,-10.0,0.8,0.0,5.8,43.6
2026-07-20 02:00:00,TKYO-013-3,TKYO-013,Band 1 (2100MHz),-79.7,-9.0,6.5,12.7,9.5,31.0
2026-07-20 02:00:00,TKYO-014-1,TKYO-014,Band 41 (2500MHz),-77.0,-9.8,8.2,0.0,3.3,11.5
2026-07-20 02:00:00,TKYO-014-2,TKYO-014,Band 41 (2500MHz),-94.1,-11.0,-2.4,20.5,9.0,5.3
2026-07-20 02:00:00,TKYO-014-3,TKYO-014,Band 41 (2500MHz),-81.3,-8.1,2.1,8.5,10.5,6.8
2026-07-20 02:00:00,TKYO-015-1,TKYO-015,Band 1 (2100MHz),-83.2,-9.6,11.6,2.0,1.9,12.4
2026-07-20 02:00:00,TKYO-015-2,TKYO-015,Band 1 (2100MHz),-88.4,-6.5,6.8,0.0,5.4,24.6
2026-07-20 02:00:00,TKYO-015-3,TKYO-015,Band 1 (2100MHz),-94.8,-7.7,0.1,0.0,7.8,47.6
2026-07-20 02:00:00,TKYO-016-1,TKYO-016,Band 41 (2500MHz),-86.8,-9.9,5.9,36.7,0.0,5.7
2026-07-20 02:00:00,TKYO-016-2,TKYO-016,Band 41 (2500MHz),-89.8,-7.1,7.2,0.0,0.0,33.0
2026-07-20 02:00:00,TKYO-016-3,TKYO-016,Band 41 (2500MHz),-84.5,-6.9,1.7,16.6,0.0,61.7
2026-07-20 03:00:00,TKYO-001-1,TKYO-001,Band 1 (2100MHz),-80.2,-5.7,10.3,0.0,0.0,40.6
2026-07-20 03:00:00,TKYO-001-2,TKYO-001,Band 1 (2100MHz),-84.4,-10.1,12.6,8.6,0.0,11.7
2026-07-20 03:00:00,TKYO-001-3,TKYO-001,Band 1 (2100MHz),-79.9,-11.0,12.8,6.0,0.0,54.3
2026-07-20 03:00:00,TKYO-002-1,TKYO-002,Band 41 (2500MHz),-82.8,-3.3,9.5,24.1,0.0,27.9
2026-07-20 03:00:00,TKYO-002-2,TKYO-002,Band 41 (2500MHz),-82.9,-13.2,8.4,22.3,1.7,34.7
2026-07-20 03:00:00,TKYO-002-3,TKYO-002,Band 41 (2500MHz),-79.8,-10.1,9.4,16.2,12.5,0.0
2026-07-20 03:00:00,TKYO-003-1,TKYO-003,Band 1 (2100MHz),-87.1,-7.9,23.0,20.6,10.7,26.5
2026-07-20 03:00:00,TKYO-003-2,TKYO-003,Band 1 (2100MHz),-94.8,-11.8,1.2,0.0,2.1,30.9
2026-07-20 03:00:00,TKYO-003-3,TKYO-003,Band 1 (2100MHz),-81.3,-8.1,12.7,5.7,2.1,0.0
2026-07-20 03:00:00,TKYO-004-1,TKYO-004,Band 41 (2500MHz),-83.9,-9.5,-1.0,5.4,15.9,0.0
2026-07-20 03:00:00,TKYO-004-2,TKYO-004,Band 41 (2500MHz),-88.1,-6.2,11.1,4.5,6.4,19.3
2026-07-20 03:00:00,TKYO-004-3,TKYO-004,Band 41 (2500MHz),-83.2,-9.8,-0.6,9.8,4.8,14.3
2026-07-20 03:00:00,TKYO-005-1,TKYO-005,Band 1 (2100MHz),-88.9,-4.8,13.3,10.0,10.1,36.5
2026-07-20 03:00:00,TKYO-005-2,TKYO-005,Band 1 (2100MHz),-84.0,-6.9,6.0,32.2,1.5,0.0
2026-07-20 03:00:00,TKYO-005-3,TKYO-005,Band 1 (2100MHz),-92.3,-11.2,-2.3,29.8,20.5,22.4
2026-07-20 03:00:00,TKYO-006-1,TKYO-006,Band 41 (2500MHz),-80.0,-11.6,12.3,17.8,8.3,25.9
2026-07-20 03:00:00,TKYO-006-2,TKYO-006,Band 41 (2500MHz),-84.7,-7.4,3.0,27.1,2.3,38.4
2026-07-20 03:00:00,TKYO-006-3,TKYO-006,Band 41 (2500MHz),-86.3,-7.2,10.8,0.0,9.4,13.7
2026-07-20 03:00:00,TKYO-007-1,TKYO-007,Band 1 (2100MHz),-83.7,-6.9,7.0,10.8,14.3,5.8
2026-07-20 03:00:00,TKYO-007-2,TKYO-007,Band 1 (2100MHz),-92.4,-10.2,9.6,37.6,18.8,0.0
2026-07-20 03:00:00,TKYO-007-3,TKYO-007,Band 1 (2100MHz),-98.9,-8.6,8.1,24.5,5.8,31.7
2026-07-20 03:00:00,TKYO-008-1,TKYO-008,Band 41 (2500MHz),-85.9,-8.6,7.0,0.0,1.2,21.9
2026-07-20 03:00:00,TKYO-008-2,TKYO-008,Band 41 (2500MHz),-93.5,-9.0,7.4,24.8,20.4,32.2
2026-07-20 03:00:00,TKYO-008-3,TKYO-008,Band 41 (2500MHz),-78.5,-11.0,-5.2,16.2,12.4,15.4
2026-07-20 03:00:00,TKYO-009-1,TKYO-009,Band 1 (2100MHz),-82.2,-10.6,4.4,16.5,9.0,8.2
2026-07-20 03:00:00,TKYO-009-2,TKYO-009,Band 1 (2100MHz),-83.6,-7.7,-2.1,0.0,0.0,22.1
2026-07-20 03:00:00,TKYO-009-3,TKYO-009,Band 1 (2100MHz),-86.8,-8.9,4.5,17.0,5.8,2.5
2026-07-20 03:00:00,TKYO-010-1,TKYO-010,Band 41 (2500MHz),-82.2,-7.1,4.4,15.1,0.2,6.8
2026-07-20 03:00:00,TKYO-010-2,TKYO-010,Band 41 (2500MHz),-86.0,-12.3,-1.8,3.7,11.7,0.6
2026-07-20 03:00:00,TKYO-010-3,TKYO-010,Band 41 (2500MHz),-85.5,-11.0,4.1,1.4,3.8,10.8
2026-07-20 03:00:00,TKYO-011-1,TKYO-011,Band 1 (2100MHz),-80.7,-9.8,10.8,8.6,9.7,22.3
2026-07-20 03:00:00,TKYO-011-2,TKYO-011,Band 1 (2100MHz),-78.4,-9.8,2.9,11.7,4.5,70.3
2026-07-20 03:00:00,TKYO-011-3,TKYO-011,Band 1 (2100MHz),-86.4,-9.5,18.4,13.8,10.5,39.9
2026-07-20 03:00:00,TKYO-012-1,TKYO-012,Band 41 (2500MHz),-77.3,-5.3,4.7,0.0,10.4,37.5
2026-07-20 03:00:00,TKYO-012-2,TKYO-012,Band 41 (2500MHz),-87.3,-10.2,7.6,15.0,14.1,8.7
2026-07-20 03:00:00,TKYO-012-3,TKYO-012,Band 41 (2500MHz),-82.9,-2.3,5.0,24.7,3.2,7.5
2026-07-20 03:00:00,TKYO-013-1,TKYO-013,Band 1 (2100MHz),-72.4,-7.6,5.8,0.0,11.4,0.9
2026-07-20 03:00:00,TKYO-013-2,TKYO-013,Band 1 (2100MHz),-101.8,-12.6,-6.2,0.0,8.2,49.7
2026-07-20 03:00:00,TKYO-013-3,TKYO-013,Band 1 (2100MHz),-87.7,-10.0,15.2,34.8,12.8,29.4
2026-07-20 03:00:00,TKYO-014-1,TKYO-014,Band 41 (2500MHz),-83.2,-7.6,5.9,17.2,1.4,31.2
2026-07-20 03:00:00,TKYO-014-2,TKYO-014,Band 41 (2500MHz),-94.6,-13.8,2.5,10.6,15.2,1.7
2026-07-20 03:00:00,TKYO-014-3,TKYO-014,Band 41 (2500MHz),-79.8,-2.4,8.4,25.3,8.5,23.7
2026-07-20 03:00:00,TKYO-015-1,TKYO-015,Band 1 (2100MHz),-87.3,-10.3,9.7,22.7,5.2,14.9
2026-07-20 03:00:00,TKYO-015-2,TKYO-015,Band 1 (2100MHz),-80.3,-9.3,10.4,0.0,6.0,39.3
2026-07-20 03:00:00,TKYO-015-3,TKYO-015,Band 1 (2100MHz),-83.4,-6.5,9.6,3.3,0.0,71.0
2026-07-20 03:00:00,TKYO-016-1,TKYO-016,Band 41 (2500MHz),-87.3,-7.4,5.2,7.7,2.7,0.0
2026-07-20 03:00:00,TKYO-016-2,TKYO-016,Band 41 (2500MHz),-86.1,-4.2,7.3,21.3,9.6,0.0
2026-07-20 03:00:00,TKYO-016-3,TKYO-016,Band 41 (2500MHz),-90.3,-8.2,13.4,17.4,5.6,0.0
2026-07-20 04:00:00,TKYO-001-1,TKYO-001,Band 1 (2100MHz),-78.1,-6.5,7.1,25.7,13.8,22.4
2026-07-20 04:00:00,TKYO-001-2,TKYO-001,Band 1 (2100MHz),-87.6,-7.4,1.4,29.1,0.1,20.0
2026-07-20 04:00:00,TKYO-001-3,TKYO-001,Band 1 (2100MHz),-93.0,-8.8,17.0,20.7,23.3,26.0
2026-07-20 04:00:00,TKYO-002-1,TKYO-002,Band 41 (2500MHz),-82.7,-10.0,0.9,9.4,13.9,34.8
2026-07-20 04:00:00,TKYO-002-2,TKYO-002,Band 41 (2500MHz),-81.5,-11.1,-2.3,0.0,10.7,22.1
2026-07-20 04:00:00,TKYO-002-3,TKYO-002,Band 41 (2500MHz),-84.5,-9.4,5.9,0.0,13.9,17.7
2026-07-20 04:00:00,TKYO-003-1,TKYO-003,Band 1 (2100MHz),-78.1,-8.4,5.0,26.2,7.2,34.5
2026-07-20 04:00:00,TKYO-003-2,TKYO-003,Band 1 (2100MHz),-94.1,-10.7,-2.4,16.9,0.0,11.5
2026-07-20 04:00:00,TKYO-003-3,TKYO-003,Band 1 (2100MHz),-87.1,-7.1,0.2,7.1,5.9,38.6
2026-07-20 04:00:00,TKYO-004-1,TKYO-004,Band 41 (2500MHz),-87.2,-11.3,1.0,0.8,0.0,26.5
2026-07-20 04:00:00,TKYO-004-2,TKYO-004,Band 41 (2500MHz),-75.7,-8.0,7.0,8.4,7.1,35.0
2026-07-20 04:00:00,TKYO-004-3,TKYO-004,Band 41 (2500MHz),-80.7,-9.2,9.0,3.3,0.0,14.7
2026-07-20 04:00:00,TKYO-005-1,TKYO-005,Band 1 (2100MHz),-87.0,-4.4,10.1,31.5,2.9,0.0
2026-07-20 04:00:00,TKYO-005-2,TKYO-005,Band 1 (2100MHz),-80.1,-7.2,4.5,19.9,0.0,30.9
2026-07-20 04:00:00,TKYO-005-3,TKYO-005,Band 1 (2100MHz),-90.8,-9.7,0.1,0.0,2.7,34.4
2026-07-20 04:00:00,TKYO-006-1,TKYO-006,Band 41 (2500MHz),-81.8,-6.7,12.6,0.0,7.5,42.4
2026-07-20 04:00:00,TKYO-006-2,TKYO-006,Band 41 (2500MHz),-87.4,-7.4,0.3,14.5,11.2,0.0
2026-07-20 04:00:00,TKYO-006-3,TKYO-006,Band 41 (2500MHz),-85.2,-2.5,4.1,31.8,16.9,2.2
2026-07-20 04:00:00,TKYO-007-1,TKYO-007,Band 1 (2100MHz),-80.3,-11.4,10.4,0.0,1.4,8.7
2026-07-20 04:00:00,TKYO-007-2,TKYO-007,Band 1 (2100MHz),-85.1,-10.8,-0.1,14.7,3.8,61.7
2026-07-20 04:00:00,TKYO-007-3,TKYO-007,Band 1 (2100MHz),-99.3,-12.6,0.0,0.0,17.0,27.3
2026-07-20 04:00:00,TKYO-008-1,TKYO-008,Band 41 (2500MHz),-92.1,-10.7,3.4,1.2,12.1,20.0
2026-07-20 04:00:00,TKYO-008-2,TKYO-008,Band 41 (2500MHz),-82.0,-5.5,4.0,16.4,25.4,3.4
2026-07-20 04:00:00,TKYO-008-3,TKYO-008,Band 41 (2500MHz),-86.4,-9.2,3.2,8.8,12.9,0.0
2026-07-20 04:00:00,TKYO-009-1,TKYO-009,Band 1 (2100MHz),-78.6,-11.4,5.5,0.0,8.5,42.6
2026-07-20 04:00:00,TKYO-009-2,TKYO-009,Band 1 (2100MHz),-89.1,-7.2,10.6,15.2,5.2,0.0
2026-07-20 04:00:00,TKYO-009-3,TKYO-009,Band 1 (2100MHz),-89.2,-5.2,9.4,10.3,0.0,29.0
2026-07-20 04:00:00,TKYO-010-1,TKYO-010,Band 41 (2500MHz),-91.0,-6.3,2.1,14.5,9.8,14.1
2026-07-20 04:00:00,TKYO-010-2,TKYO-010,Band 41 (2500MHz),-81.6,-6.7,2.0,7.1,7.1,50.0
2026-07-20 04:00:00,TKYO-010-3,TKYO-010,Band 41 (2500MHz),-86.5,-6.8,7.4,4.9,0.0,10.7
2026-07-20 04:00:00,TKYO-011-1,TKYO-011,Band 1 (2100MHz),-82.9,-9.3,-1.6,26.3,0.0,77.3
2026-07-20 04:00:00,TKYO-011-2,TKYO-011,Band 1 (2100MHz),-80.2,-9.3,7.9,0.0,22.6,0.0
2026-07-20 04:00:00,TKYO-011-3,TKYO-011,Band 1 (2100MHz),-89.1,-9.5,5.6,0.0,8.3,7.5
2026-07-20 04:00:00,TKYO-012-1,TKYO-012,Band 41 (2500MHz),-84.0,-9.8,-2.6,7.4,0.0,57.0
2026-07-20 04:00:00,TKYO-012-2,TKYO-012,Band 41 (2500MHz),-78.6,-8.9,-0.9,17.7,13.0,65.1
2026-07-20 04:00:00,TKYO-012-3,TKYO-012,Band 41 (2500MHz),-85.3,-8.3,4.3,10.9,16.5,21.4
2026-07-20 04:00:00,TKYO-013-1,TKYO-013,Band 1 (2100MHz),-86.2,-6.9,10.0,17.7,8.3,28.7
2026-07-20 04:00:00,TKYO-013-2,TKYO-013,Band 1 (2100MHz),-93.3,-13.3,1.9,24.6,10.6,32.0
2026-07-20 04:00:00,TKYO-013-3,TKYO-013,Band 1 (2100MHz),-87.3,-6.5,8.7,7.4,4.6,52.8
2026-07-20 04:00:00,TKYO-014-1,TKYO-014,Band 41 (2500MHz),-82.0,-10.7,2.5,0.0,0.0,0.0
2026-07-20 04:00:00,TKYO-014-2,TKYO-014,Band 41 (2500MHz),-104.0,-12.1,1.1,10.2,3.7,12.2
2026-07-20 04:00:00,TKYO-014-3,TKYO-014,Band 41 (2500MHz),-87.1,-6.5,6.6,5.0,1.4,22.5
2026-07-20 04:00:00,TKYO-015-1,TKYO-015,Band 1 (2100MHz),-84.2,-5.0,11.9,31.0,18.8,37.8
2026-07-20 04:00:00,TKYO-015-2,TKYO-015,Band 1 (2100MHz),-80.9,-7.5,5.7,20.2,23.3,10.2
2026-07-20 04:00:00,TKYO-015-3,TKYO-015,Band 1 (2100MHz),-88.1,-8.7,5.2,10.9,11.3,75.6
2026-07-20 04:00:00,TKYO-016-1,TKYO-016,Band 41 (2500MHz),-83.8,-7.0,0.9,11.4,8.6,0.0
2026-07-20 04:00:00,TKYO-016-2,TKYO-016,Band 41 (2500MHz),-82.6,-9.8,12.1,24.3,2.8,0.0
2026-07-20 04:00:00,TKYO-016-3,TKYO-016,Band 41 (2500MHz),-74.9,-9.3,9.1,22.4,3.5,54.5
2026-07-20 05:00:00,TKYO-001-1,TKYO-001,Band 1 (2100MHz),-87.8,-6.9,6.6,13.2,4.2,0.0
2026-07-20 05:00:00,TKYO-001-2,TKYO-001,Band 1 (2100MHz),-84.0,-9.3,11.5,14.6,9.3,0.0
2026-07-20 05:00:00,TKYO-001-3,TKYO-001,Band 1 (2100MHz),-81.9,-9.0,11.1,24.0,11.6,27.1
2026-07-20 05:00:00,TKYO-002-1,TKYO-002,Band 41 (2500MHz),-87.4,-10.9,11.0,16.9,0.0,0.0
2026-07-20 05:00:00,TKYO-002-2,TKYO-002,Band 41 (2500MHz),-85.9,-8.2,4.9,13.6,15.8,46.9
2026-07-20 05:00:00,TKYO-002-3,TKYO-002,Band 41 (2500MHz),-88.6,-8.6,1.9,10.9,15.5,55.5
2026-07-20 05:00:00,TKYO-003-1,TKYO-003,Band 1 (2100MHz),-76.5,-9.2,1.7,15.9,0.0,0.0
2026-07-20 05:00:00,TKYO-003-2,TKYO-003,Band 1 (2100MHz),-92.9,-11.6,-3.1,28.8,0.0,25.6
2026-07-20 05:00:00,TKYO-003-3,TKYO-003,Band 1 (2100MHz),-86.7,-11.2,11.2,27.8,3.7,0.0
2026-07-20 05:00:00,TKYO-004-1,TKYO-004,Band 41 (2500MHz),-89.2,-7.4,10.5,3.4,0.0,9.7
2026-07-20 05:00:00,TKYO-004-2,TKYO-004,Band 41 (2500MHz),-80.0,-12.0,9.0,0.0,1.3,31.6
2026-07-20 05:00:00,TKYO-004-3,TKYO-004,Band 41 (2500MHz),-91.1,-8.4,16.3,11.2,0.0,37.0
2026-07-20 05:00:00,TKYO-005-1,TKYO-005,Band 1 (2100MHz),-89.8,-9.0,14.1,11.2,7.2,48.2
2026-07-20 05:00:00,TKYO-005-2,TKYO-005,Band 1 (2100MHz),-85.9,-8.5,-3.0,14.1,21.4,0.0
2026-07-20 05:00:00,TKYO-005-3,TKYO-005,Band 1 (2100MHz),-91.1,-8.5,7.0,21.6,0.0,7.8
2026-07-20 05:00:00,TKYO-006-1,TKYO-006,Band 41 (2500MHz),-81.9,-8.6,0.6,8.1,0.0,17.6
2026-07-20 05:00:00,TKYO-006-2,TKYO-006,Band 41 (2500MHz),-83.1,-8.3,10.3,1.7,19.6,25.1
2026-07-20 05:00:00,TKYO-006-3,TKYO-006,Band 41 (2500MHz),-88.4,-10.2,-0.3,29.2,10.8,30.7
2026-07-20 05:00:00,TKYO-007-1,TKYO-007,Band 1 (2100MHz),-84.0,-10.1,4.8,23.6,2.9,10.2
2026-07-20 05:00:00,TKYO-007-2,TKYO-007,Band 1 (2100MHz),-82.6,-6.3,10.2,19.2,22.2,0.6
2026-07-20 05:00:00,TKYO-007-3,TKYO-007,Band 1 (2100MHz),-93.2,-9.4,-4.1,17.1,0.0,0.0
2026-07-20 05:00:00,TKYO-008-1,TKYO-008,Band 41 (2500MHz),-83.4,-10.2,4.5,17.5,17.1,5.9
2026-07-20 05:00:00,TKYO-008-2,TKYO-008,Band 41 (2500MHz),-88.8,-7.7,4.2,0.0,9.6,17.9
2026-07-20 05:00:00,TKYO-008-3,TKYO-008,Band 41 (2500MHz),-87.0,-8.2,-1.9,0.0,24.4,15.8
2026-07-20 05:00:00,TKYO-009-1,TKYO-009,Band 1 (2100MHz),-83.7,-4.6,6.7,15.7,11.2,0.0
2026-07-20 05:00:00,TKYO-009-2,TKYO-009,Band 1 (2100MHz),-84.6,-6.4,8.6,15.2,13.9,11.6
2026-07-20 05:00:00,TKYO-009-3,TKYO-009,Band 1 (2100MHz),-84.5,-7.8,14.6,8.6,0.0,5.0
2026-07-20 05:00:00,TKYO-010-1,TKYO-010,Band 41 (2500MHz),-82.3,-6.0,7.0,1.3,1.9,24.1
2026-07-20 05:00:00,TKYO-010-2,TKYO-010,Band 41 (2500MHz),-86.4,-8.8,0.5,15.5,24.4,47.3
2026-07-20 05:00:00,TKYO-010-3,TKYO-010,Band 41 (2500MHz),-83.5,-7.9,2.5,6.5,3.5,47.6
2026-07-20 05:00:00,TKYO-011-1,TKYO-011,Band 1 (2100MHz),-82.3,-8.0,7.1,24.6,0.0,0.0
2026-07-20 05:00:00,TKYO-011-2,TKYO-011,Band 1 (2100MHz),-82.1,-7.0,8.9,9.8,5.8,9.9
2026-07-20 05:00:00,TKYO-011-3,TKYO-011,Band 1 (2100MHz),-88.6,-8.6,6.5,2.0,2.4,26.7
2026-07-20 05:00:00,TKYO-012-1,TKYO-012,Band 41 (2500MHz),-83.8,-8.6,2.2,21.4,11.5,38.2
2026-07-20 05:00:00,TKYO-012-2,TKYO-012,Band 41 (2500MHz),-85.1,-9.0,3.7,17.4,3.8,0.0
2026-07-20 05:00:00,TKYO-012-3,TKYO-012,Band 41 (2500MHz),-81.3,-3.7,10.4,2.8,9.5,15.8
2026-07-20 05:00:00,TKYO-013-1,TKYO-013,Band 1 (2100MHz),-87.6,-10.0,14.4,13.8,10.8,49.9
2026-07-20 05:00:00,TKYO-013-2,TKYO-013,Band 1 (2100MHz),-101.4,-12.6,2.9,0.0,19.3,67.5
2026-07-20 05:00:00,TKYO-013-3,TKYO-013,Band 1 (2100MHz),-81.8,-5.9,8.6,0.0,11.5,26.8
2026-07-20 05:00:00,TKYO-014-1,TKYO-014,Band 41 (2500MHz),-85.1,-4.4,19.4,0.0,0.0,32.0
2026-07-20 05:00:00,TKYO-014-2,TKYO-014,Band 41 (2500MHz),-98.1,-12.2,2.5,4.1,11.8,6.3
2026-07-20 05:00:00,TKYO-014-3,TKYO-014,Band 41 (2500MHz),-88.5,-6.9,11.9,11.4,12.9,0.0
2026-07-20 05:00:00,TKYO-015-1,TKYO-015,Band 1 (2100MHz),-88.7,-8.0,6.1,0.0,13.9,0.0
2026-07-20 05:00:00,TKYO-015-2,TKYO-015,Band 1 (2100MHz),-80.0,-8.0,10.1,31.2,8.5,5.5
2026-07-20 05:00:00,TKYO-015-3,TKYO-015,Band 1 (2100MHz),-81.5,-6.1,16.5,8.3,5.5,19.7
2026-07-20 05:00:00,TKYO-016-1,TKYO-016,Band 41 (2500MHz),-85.0,-8.1,11.0,9.2,0.0,0.0
2026-07-20 05:00:00,TKYO-016-2,TKYO-016,Band 41 (2500MHz),-83.3,-9.5,-0.7,7.2,0.8,11.9
2026-07-20 05:00:00,TKYO-016-3,TKYO-016,Band 41 (2500MHz),-81.7,-11.7,-2.6,2.7,3.7,16.5
2026-07-20 06:00:00,TKYO-001-1,TKYO-001,Band 1 (2100MHz),-85.0,-7.6,5.2,28.4,0.0,44.3
2026-07-20 06:00:00,TKYO-001-2,TKYO-001,Band 1 (2100MHz),-82.6,-4.3,13.5,13.2,1.6,87.0
2026-07-20 06:00:00,TKYO-001-3,TKYO-001,Band 1 (2100MHz),-93.9,-8.5,4.4,19.3,6.5,27.8
2026-07-20 06:00:00,TKYO-002-1,TKYO-002,Band 41 (2500MHz),-80.9,-8.6,5.8,7.2,2.5,36.7
2026-07-20 06:00:00,TKYO-002-2,TKYO-002,Band 41 (2500MHz),-90.3,-10.1,11.0,37.4,10.9,2.9
2026-07-20 06:00:00,TKYO-002-3,TKYO-002,Band 41 (2500MHz),-80.5,-8.2,6.4,17.5,3.5,28.6
2026-07-20 06:00:00,TKYO-003-1,TKYO-003,Band 1 (2100MHz),-87.1,-9.3,9.0,46.0,29.9,42.3
2026-07-20 06:00:00,TKYO-003-2,TKYO-003,Band 1 (2100MHz),-98.8,-16.7,13.0,26.9,12.5,0.0
2026-07-20 06:00:00,TKYO-003-3,TKYO-003,Band 1 (2100MHz),-81.4,-8.3,7.3,6.8,0.0,49.9
2026-07-20 06:00:00,TKYO-004-1,TKYO-004,Band 41 (2500MHz),-78.2,-8.6,4.5,26.6,22.4,51.8
2026-07-20 06:00:00,TKYO-004-2,TKYO-004,Band 41 (2500MHz),-78.0,-5.3,3.6,24.0,6.9,68.7
2026-07-20 06:00:00,TKYO-004-3,TKYO-004,Band 41 (2500MHz),-80.6,-4.3,7.6,42.2,1.5,70.6
2026-07-20 06:00:00,TKYO-005-1,TKYO-005,Band 1 (2100MHz),-82.4,-10.3,12.3,22.0,13.8,9.7
2026-07-20 06:00:00,TKYO-005-2,TKYO-005,Band 1 (2100MHz),-86.7,-9.2,13.6,23.2,27.4,0.0
2026-07-20 06:00:00,TKYO-005-3,TKYO-005,Band 1 (2100MHz),-94.2,-10.8,-0.3,25.8,1.6,68.9
2026-07-20 06:00:00,TKYO-006-1,TKYO-006,Band 41 (2500MHz),-84.0,-11.0,6.6,17.7,20.5,29.5
2026-07-20 06:00:00,TKYO-006-2,TKYO-006,Band 41 (2500MHz),-90.1,-9.1,10.9,15.4,23.0,49.0
2026-07-20 06:00:00,TKYO-006-3,TKYO-006,Band 41 (2500MHz),-82.5,-6.5,1.0,29.1,12.3,25.6
2026-07-20 06:00:00,TKYO-007-1,TKYO-007,Band 1 (2100MHz),-83.0,-7.4,6.9,29.3,4.9,81.0
2026-07-20 06:00:00,TKYO-007-2,TKYO-007,Band 1 (2100MHz),-79.1,-8.6,11.7,17.4,11.9,23.1
2026-07-20 06:00:00,TKYO-007-3,TKYO-007,Band 1 (2100MHz),-93.3,-9.4,5.2,23.9,19.5,72.0
2026-07-20 06:00:00,TKYO-008-1,TKYO-008,Band 41 (2500MHz),-79.9,-9.9,9.9,29.4,16.4,66.6
2026-07-20 06:00:00,TKYO-008-2,TKYO-008,Band 41 (2500MHz),-84.5,-8.2,-4.0,10.4,7.6,29.7
2026-07-20 06:00:00,TKYO-008-3,TKYO-008,Band 41 (2500MHz),-85.6,-4.5,5.9,35.1,10.7,36.6
2026-07-20 06:00:00,TKYO-009-1,TKYO-009,Band 1 (2100MHz),-81.7,-7.3,14.0,15.8,21.9,52.2
2026-07-20 06:00:00,TKYO-009-2,TKYO-009,Band 1 (2100MHz),-87.7,-13.1,15.6,16.7,3.1,42.1
2026-07-20 06:00:00,TKYO-009-3,TKYO-009,Band 1 (2100MHz),-90.3,-11.6,6.6,17.9,16.2,5.4
2026-07-20 06:00:00,TKYO-010-1,TKYO-010,Band 41 (2500MHz),-81.4,-8.6,13.5,37.7,14.9,32.7
2026-07-20 06:00:00,TKYO-010-2,TKYO-010,Band 41 (2500MHz),-84.4,-10.0,6.2,31.9,12.0,65.6
2026-07-20 06:00:00,TKYO-010-3,TKYO-010,Band 41 (2500MHz),-79.6,-11.4,5.6,31.5,10.3,62.8
2026-07-20 06:00:00,TKYO-011-1,TKYO-011,Band 1 (2100MHz),-85.4,-7.0,14.1,17.0,0.0,41.3
2026-07-20 06:00:00,TKYO-011-2,TKYO-011,Band 1 (2100MHz),-83.9,-5.0,18.8,36.0,21.8,53.8
2026-07-20 06:00:00,TKYO-011-3,TKYO-011,Band 1 (2100MHz),-82.6,-10.3,21.9,21.0,10.5,38.1
2026-07-20 06:00:00,TKYO-012-1,TKYO-012,Band 41 (2500MHz),-83.3,-11.1,13.7,23.9,7.3,47.3
2026-07-20 06:00:00,TKYO-012-2,TKYO-012,Band 41 (2500MHz),-76.8,-6.5,-2.3,16.1,13.1,29.8
2026-07-20 06:00:00,TKYO-012-3,TKYO-012,Band 41 (2500MHz),-83.7,-8.5,5.0,26.7,16.6,0.0
2026-07-20 06:00:00,TKYO-013-1,TKYO-013,Band 1 (2100MHz),-79.1,-7.5,10.7,0.0,1.9,26.5
2026-07-20 06:00:00,TKYO-013-2,TKYO-013,Band 1 (2100MHz),-95.7,-13.8,2.3,39.5,14.6,0.0
2026-07-20 06:00:00,TKYO-013-3,TKYO-013,Band 1 (2100MHz),-81.2,-6.3,3.0,24.3,6.4,28.2
2026-07-20 06:00:00,TKYO-014-1,TKYO-014,Band 41 (2500MHz),-90.2,-11.6,11.2,36.7,9.4,47.5
2026-07-20 06:00:00,TKYO-014-2,TKYO-014,Band 41 (2500MHz),-100.3,-13.9,-1.3,10.8,12.0,30.4
2026-07-20 06:00:00,TKYO-014-3,TKYO-014,Band 41 (2500MHz),-75.5,-5.2,7.4,16.8,37.0,51.6
2026-07-20 06:00:00,TKYO-015-1,TKYO-015,Band 1 (2100MHz),-79.5,-8.6,4.8,30.6,8.8,69.2
2026-07-20 06:00:00,TKYO-015-2,TKYO-015,Band 1 (2100MHz),-80.5,-6.3,4.0,36.3,20.2,47.6
2026-07-20 06:00:00,TKYO-015-3,TKYO-015,Band 1 (2100MHz),-82.3,-11.0,1.7,13.9,9.5,42.1
2026-07-20 06:00:00,TKYO-016-1,TKYO-016,Band 41 (2500MHz),-85.6,-7.0,12.4,4.0,8.5,16.6
2026-07-20 06:00:00,TKYO-016-2,TKYO-016,Band 41 (2500MHz),-86.0,-8.9,-1.5,16.9,3.5,10.0
2026-07-20 06:00:00,TKYO-016-3,TKYO-016,Band 41 (2500MHz),-81.7,-6.7,1.6,33.2,10.8,18.6
2026-07-20 07:00:00,TKYO-001-1,TKYO-001,Band 1 (2100MHz),-81.9,-15.1,14.9,76.9,47.5,152.5
2026-07-20 07:00:00,TKYO-001-2,TKYO-001,Band 1 (2100MHz),-78.4,-12.7,8.7,67.8,47.4,123.2
2026-07-20 07:00:00,TKYO-001-3,TKYO-001,Band 1 (2100MHz),-77.4,-9.1,13.1,81.2,39.6,122.9
2026-07-20 07:00:00,TKYO-002-1,TKYO-002,Band 41 (2500MHz),-79.2,-11.2,4.0,79.7,48.2,80.5
2026-07-20 07:00:00,TKYO-002-2,TKYO-002,Band 41 (2500MHz),-89.7,-12.9,10.6,71.0,53.6,160.5
2026-07-20 07:00:00,TKYO-002-3,TKYO-002,Band 41 (2500MHz),-82.6,-12.3,7.8,78.7,43.0,110.3
2026-07-20 07:00:00,TKYO-003-1,TKYO-003,Band 1 (2100MHz),-86.8,-10.8,15.3,86.5,35.3,119.5
2026-07-20 07:00:00,TKYO-003-2,TKYO-003,Band 1 (2100MHz),-100.6,-14.8,-8.1,83.5,43.7,133.5
2026-07-20 07:00:00,TKYO-003-3,TKYO-003,Band 1 (2100MHz),-77.8,-15.3,13.2,70.8,44.9,100.5
2026-07-20 07:00:00,TKYO-004-1,TKYO-004,Band 41 (2500MHz),-87.0,-13.2,-5.1,54.2,44.8,75.3
2026-07-20 07:00:00,TKYO-004-2,TKYO-004,Band 41 (2500MHz),-83.1,-11.0,12.7,95.1,42.2,131.9
2026-07-20 07:00:00,TKYO-004-3,TKYO-004,Band 41 (2500MHz),-84.5,-9.7,5.1,61.2,44.8,130.3
2026-07-20 07:00:00,TKYO-005-1,TKYO-005,Band 1 (2100MHz),-87.7,-11.9,15.0,77.7,39.3,119.1
2026-07-20 07:00:00,TKYO-005-2,TKYO-005,Band 1 (2100MHz),-87.4,-10.6,7.4,66.2,40.1,131.8
2026-07-20 07:00:00,TKYO-005-3,TKYO-005,Band 1 (2100MHz),-96.7,-19.6,-5.1,66.1,44.8,136.5
2026-07-20 07:00:00,TKYO-006-1,TKYO-006,Band 41 (2500MHz),-80.4,-8.3,8.0,100.0,42.1,103.9
2026-07-20 07:00:00,TKYO-006-2,TKYO-006,Band 41 (2500MHz),-79.9,-10.9,1.1,88.7,52.1,91.7
2026-07-20 07:00:00,TKYO-006-3,TKYO-006,Band 41 (2500MHz),-88.5,-12.5,3.8,74.2,44.7,106.3
2026-07-20 07:00:00,TKYO-007-1,TKYO-007,Band 1 (2100MHz),-82.7,-14.0,8.2,73.7,46.6,151.1
2026-07-20 07:00:00,TKYO-007-2,TKYO-007,Band 1 (2100MHz),-93.9,-13.2,10.1,72.8,46.4,122.0
2026-07-20 07:00:00,TKYO-007-3,TKYO-007,Band 1 (2100MHz),-98.5,-16.6,-5.3,86.7,41.6,147.0
2026-07-20 07:00:00,TKYO-008-1,TKYO-008,Band 41 (2500MHz),-87.0,-10.1,-0.2,66.5,53.9,133.4
2026-07-20 07:00:00,TKYO-008-2,TKYO-008,Band 41 (2500MHz),-82.9,-8.9,7.2,70.1,59.7,140.1
2026-07-20 07:00:00,TKYO-008-3,TKYO-008,Band 41 (2500MHz),-83.3,-11.5,9.3,84.2,45.9,121.9
2026-07-20 07:00:00,TKYO-009-1,TKYO-009,Band 1 (2100MHz),-81.7,-12.2,4.5,53.8,36.0,104.7
2026-07-20 07:00:00,TKYO-009-2,TKYO-009,Band 1 (2100MHz),-85.4,-14.0,-2.4,65.0,27.5,146.6
2026-07-20 07:00:00,TKYO-009-3,TKYO-009,Band 1 (2100MHz),-87.8,-9.8,6.4,87.3,35.4,151.9
2026-07-20 07:00:00,TKYO-010-1,TKYO-010,Band 41 (2500MHz),-82.3,-12.0,12.8,96.7,59.2,101.8
2026-07-20 07:00:00,TKYO-010-2,TKYO-010,Band 41 (2500MHz),-86.6,-12.1,6.7,68.4,49.3,109.0
2026-07-20 07:00:00,TKYO-010-3,TKYO-010,Band 41 (2500MHz),-78.7,-8.7,6.0,73.8,25.5,153.2
2026-07-20 07:00:00,TKYO-011-1,TKYO-011,Band 1 (2100MHz),-83.7,-10.6,10.8,84.5,40.4,130.3
2026-07-20 07:00:00,TKYO-011-2,TKYO-011,Band 1 (2100MHz),-80.4,-13.3,9.5,70.3,47.2,109.1
2026-07-20 07:00:00,TKYO-011-3,TKYO-011,Band 1 (2100MHz),-87.2,-10.3,15.7,73.4,31.0,118.3
2026-07-20 07:00:00,TKYO-012-1,TKYO-012,Band 41 (2500MHz),-91.3,-15.4,2.1,67.9,38.8,130.0
2026-07-20 07:00:00,TKYO-012-2,TKYO-012,Band 41 (2500MHz),-81.9,-9.1,8.3,68.9,35.4,76.3
2026-07-20 07:00:00,TKYO-012-3,TKYO-012,Band 41 (2500MHz),-86.2,-9.6,12.4,74.8,41.4,97.1
2026-07-20 07:00:00,TKYO-013-1,TKYO-013,Band 1 (2100MHz),-86.1,-10.6,8.1,96.9,39.5,138.4
2026-07-20 07:00:00,TKYO-013-2,TKYO-013,Band 1 (2100MHz),-102.5,-15.5,3.8,56.2,43.6,126.5
2026-07-20 07:00:00,TKYO-013-3,TKYO-013,Band 1 (2100MHz),-82.4,-10.7,5.1,64.5,41.4,130.4
2026-07-20 07:00:00,TKYO-014-1,TKYO-014,Band 41 (2500MHz),-87.5,-11.2,18.0,74.1,30.1,149.1
2026-07-20 07:00:00,TKYO-014-2,TKYO-014,Band 41 (2500MHz),-90.6,-14.8,-8.6,90.0,51.2,159.1
2026-07-20 07:00:00,TKYO-014-3,TKYO-014,Band 41 (2500MHz),-76.5,-9.7,0.8,70.0,29.5,114.6
2026-07-20 07:00:00,TKYO-015-1,TKYO-015,Band 1 (2100MHz),-77.4,-9.9,13.0,80.9,51.4,101.6
2026-07-20 07:00:00,TKYO-015-2,TKYO-015,Band 1 (2100MHz),-81.7,-9.3,5.4,70.2,27.4,88.0
2026-07-20 07:00:00,TKYO-015-3,TKYO-015,Band 1 (2100MHz),-81.7,-15.9,4.3,79.4,34.9,81.4
2026-07-20 07:00:00,TKYO-016-1,TKYO-016,Band 41 (2500MHz),-83.0,-8.2,4.5,70.1,40.1,105.0
2026-07-20 07:00:00,TKYO-016-2,TKYO-016,Band 41 (2500MHz),-83.3,-9.4,5.7,64.3,50.4,144.7
2026-07-20 07:00:00,TKYO-016-3,TKYO-016,Band 41 (2500MHz),-85.0,-12.9,6.7,79.8,54.2,112.4
2026-07-20 08:00:00,TKYO-001-1,TKYO-001,Band 1 (2100MHz),-91.6,-13.9,1.2,100.0,76.1,169.6
2026-07-20 08:00:00,TKYO-001-2,TKYO-001,Band 1 (2100MHz),-84.0,-14.5,10.9,100.0,57.0,177.4
2026-07-20 08:00:00,TKYO-001-3,TKYO-001,Band 1 (2100MHz),-82.4,-17.8,0.2,86.1,65.4,176.8
2026-07-20 08:00:00,TKYO-002-1,TKYO-002,Band 41 (2500MHz),-90.5,-16.9,13.2,100.0,57.9,167.8
2026-07-20 08:00:00,TKYO-002-2,TKYO-002,Band 41 (2500MHz),-83.4,-8.8,1.1,93.9,67.3,144.8
2026-07-20 08:00:00,TKYO-002-3,TKYO-002,Band 41 (2500MHz),-86.8,-12.5,2.4,94.8,55.4,187.6
2026-07-20 08:00:00,TKYO-003-1,TKYO-003,Band 1 (2100MHz),-80.6,-14.3,6.4,100.0,70.3,142.0
2026-07-20 08:00:00,TKYO-003-2,TKYO-003,Band 1 (2100MHz),-93.8,-14.1,-5.9,100.0,62.3,149.7
2026-07-20 08:00:00,TKYO-003-3,TKYO-003,Band 1 (2100MHz),-86.8,-11.3,16.6,93.6,50.5,168.6
2026-07-20 08:00:00,TKYO-004-1,TKYO-004,Band 41 (2500MHz),-82.0,-13.1,9.7,82.8,60.8,164.5
2026-07-20 08:00:00,TKYO-004-2,TKYO-004,Band 41 (2500MHz),-80.5,-15.3,9.6,85.5,68.1,116.8
2026-07-20 08:00:00,TKYO-004-3,TKYO-004,Band 41 (2500MHz),-82.6,-11.7,12.9,100.0,55.5,131.0
2026-07-20 08:00:00,TKYO-005-1,TKYO-005,Band 1 (2100MHz),-87.9,-12.3,15.8,86.5,61.3,174.0
2026-07-20 08:00:00,TKYO-005-2,TKYO-005,Band 1 (2100MHz),-77.8,-13.2,4.4,91.7,58.3,152.1
2026-07-20 08:00:00,TKYO-005-3,TKYO-005,Band 1 (2100MHz),-91.7,-18.9,4.3,100.0,66.9,152.0
2026-07-20 08:00:00,TKYO-006-1,TKYO-006,Band 41 (2500MHz),-80.6,-9.4,6.1,100.0,44.0,209.1
2026-07-20 08:00:00,TKYO-006-2,TKYO-006,Band 41 (2500MHz),-82.3,-16.8,6.8,87.9,54.6,180.6
2026-07-20 08:00:00,TKYO-006-3,TKYO-006,Band 41 (2500MHz),-81.8,-12.4,1.7,100.0,54.2,132.8
2026-07-20 08:00:00,TKYO-007-1,TKYO-007,Band 1 (2100MHz),-83.5,-9.3,12.9,81.6,51.8,175.6
2026-07-20 08:00:00,TKYO-007-2,TKYO-007,Band 1 (2100MHz),-87.2,-9.8,13.6,100.0,68.9,175.9
2026-07-20 08:00:00,TKYO-007-3,TKYO-007,Band 1 (2100MHz),-98.1,-16.8,2.8,100.0,47.9,200.9
2026-07-20 08:00:00,TKYO-008-1,TKYO-008,Band 41 (2500MHz),-79.5,-15.6,11.2,94.8,60.3,179.6
2026-07-20 08:00:00,TKYO-008-2,TKYO-008,Band 41 (2500MHz),-81.8,-9.8,5.6,100.0,61.4,194.8
2026-07-20 08:00:00,TKYO-008-3,TKYO-008,Band 41 (2500MHz),-81.5,-12.3,7.7,84.2,61.0,170.8
2026-07-20 08:00:00,TKYO-009-1,TKYO-009,Band 1 (2100MHz),-80.0,-12.9,14.5,100.0,54.7,134.7
2026-07-20 08:00:00,TKYO-009-2,TKYO-009,Band 1 (2100MHz),-83.6,-9.2,1.4,100.0,54.5,181.9
2026-07-20 08:00:00,TKYO-009-3,TKYO-009,Band 1 (2100MHz),-82.7,-13.5,1.8,79.7,58.4,194.6
2026-07-20 08:00:00,TKYO-010-1,TKYO-010,Band 41 (2500MHz),-83.9,-16.0,4.0,85.8,44.4,162.0
2026-07-20 08:00:00,TKYO-010-2,TKYO-010,Band 41 (2500MHz),-81.2,-11.0,3.5,100.0,65.4,187.6
2026-07-20 08:00:00,TKYO-010-3,TKYO-010,Band 41 (2500MHz),-83.3,-12.7,4.5,100.0,45.4,138.8
2026-07-20 08:00:00,TKYO-011-1,TKYO-011,Band 1 (2100MHz),-83.1,-14.0,6.9,100.0,51.8,190.8
2026-07-20 08:00:00,TKYO-011-2,TKYO-011,Band 1 (2100MHz),-83.5,-13.5,11.0,100.0,57.2,150.7
2026-07-20 08:00:00,TKYO-011-3,TKYO-011,Band 1 (2100MHz),-81.6,-12.8,14.9,86.3,37.9,161.1
2026-07-20 08:00:00,TKYO-012-1,TKYO-012,Band 41 (2500MHz),-88.7,-13.9,-3.7,83.7,56.5,159.0
2026-07-20 08:00:00,TKYO-012-2,TKYO-012,Band 41 (2500MHz),-79.8,-15.5,10.8,93.9,37.8,204.5
2026-07-20 08:00:00,TKYO-012-3,TKYO-012,Band 41 (2500MHz),-81.4,-12.5,6.0,97.9,65.0,144.9
2026-07-20 08:00:00,TKYO-013-1,TKYO-013,Band 1 (2100MHz),-84.0,-10.4,2.6,100.0,59.9,155.5
2026-07-20 08:00:00,TKYO-013-2,TKYO-013,Band 1 (2100MHz),-94.3,-17.0,10.5,100.0,54.9,142.3
2026-07-20 08:00:00,TKYO-013-3,TKYO-013,Band 1 (2100MHz),-84.2,-15.2,12.0,86.6,37.2,183.6
2026-07-20 08:00:00,TKYO-014-1,TKYO-014,Band 41 (2500MHz),-78.2,-13.3,1.6,100.0,61.3,171.8
2026-07-20 08:00:00,TKYO-014-2,TKYO-014,Band 41 (2500MHz),-93.1,-16.0,-4.6,100.0,65.1,198.2
2026-07-20 08:00:00,TKYO-014-3,TKYO-014,Band 41 (2500MHz),-81.4,-12.4,6.2,99.1,59.1,114.3
2026-07-20 08:00:00,TKYO-015-1,TKYO-015,Band 1 (2100MHz),-81.0,-10.6,1.0,100.0,49.0,173.5
2026-07-20 08:00:00,TKYO-015-2,TKYO-015,Band 1 (2100MHz),-83.7,-14.5,6.8,93.0,61.9,157.4
2026-07-20 08:00:00,TKYO-015-3,TKYO-015,Band 1 (2100MHz),-87.6,-12.7,8.3,100.0,53.1,158.4
2026-07-20 08:00:00,TKYO-016-1,TKYO-016,Band 41 (2500MHz),-83.5,-11.5,-4.7,100.0,52.8,133.3
2026-07-20 08:00:00,TKYO-016-2,TKYO-016,Band 41 (2500MHz),-85.4,-11.7,9.3,95.9,54.6,141.6
2026-07-20 08:00:00,TKYO-016-3,TKYO-016,Band 41 (2500MHz),-93.4,-10.9,0.1,88.0,50.9,185.3
2026-07-20 09:00:00,TKYO-001-1,TKYO-001,Band 1 (2100MHz),-72.6,-11.1,9.0,79.0,44.1,159.2
2026-07-20 09:00:00,TKYO-001-2,TKYO-001,Band 1 (2100MHz),-88.9,-11.5,10.8,89.4,41.8,151.4
2026-07-20 09:00:00,TKYO-001-3,TKYO-001,Band 1 (2100MHz),-90.8,-7.5,5.2,92.8,46.2,137.9
2026-07-20 09:00:00,TKYO-002-1,TKYO-002,Band 41 (2500MHz),-89.1,-14.5,9.6,75.3,38.8,82.2
2026-07-20 09:00:00,TKYO-002-2,TKYO-002,Band 41 (2500MHz),-82.2,-13.3,-3.1,77.9,40.1,125.6
2026-07-20 09:00:00,TKYO-002-3,TKYO-002,Band 41 (2500MHz),-82.6,-10.5,0.6,76.1,58.1,149.1
2026-07-20 09:00:00,TKYO-003-1,TKYO-003,Band 1 (2100MHz),-80.2,-11.2,12.4,91.4,48.4,118.2
2026-07-20 09:00:00,TKYO-003-2,TKYO-003,Band 1 (2100MHz),-99.7,-17.0,-7.6,63.9,59.6,114.1
2026-07-20 09:00:00,TKYO-003-3,TKYO-003,Band 1 (2100MHz),-80.2,-9.5,13.3,61.2,69.9,99.3
2026-07-20 09:00:00,TKYO-004-1,TKYO-004,Band 41 (2500MHz),-88.1,-9.6,-6.2,77.1,32.5,81.7
2026-07-20 09:00:00,TKYO-004-2,TKYO-004,Band 41 (2500MHz),-83.2,-15.3,7.2,59.0,36.6,98.8
2026-07-20 09:00:00,TKYO-004-3,TKYO-004,Band 41 (2500MHz),-85.3,-11.3,7.0,63.2,55.6,108.0
2026-07-20 09:00:00,TKYO-005-1,TKYO-005,Band 1 (2100MHz),-83.3,-9.7,0.7,96.3,53.6,160.2
2026-07-20 09:00:00,TKYO-005-2,TKYO-005,Band 1 (2100MHz),-82.7,-14.2,10.3,91.0,43.7,122.0
2026-07-20 09:00:00,TKYO-005-3,TKYO-005,Band 1 (2100MHz),-93.2,-12.4,3.2,96.3,41.4,119.4
2026-07-20 09:00:00,TKYO-006-1,TKYO-006,Band 41 (2500MHz),-80.8,-14.2,9.0,82.9,32.9,104.5
2026-07-20 09:00:00,TKYO-006-2,TKYO-006,Band 41 (2500MHz),-80.6,-10.5,3.9,83.5,50.8,137.4
2026-07-20 09:00:00,TKYO-006-3,TKYO-006,Band 41 (2500MHz),-83.7,-11.8,8.2,87.1,56.9,98.6
2026-07-20 09:00:00,TKYO-007-1,TKYO-007,Band 1 (2100MHz),-86.8,-16.5,-0.1,77.5,48.6,133.1
2026-07-20 09:00:00,TKYO-007-2,TKYO-007,Band 1 (2100MHz),-86.9,-15.2,6.1,73.2,54.1,113.3
2026-07-20 09:00:00,TKYO-007-3,TKYO-007,Band 1 (2100MHz),-98.2,-19.2,-9.1,82.1,31.2,102.5
2026-07-20 09:00:00,TKYO-008-1,TKYO-008,Band 41 (2500MHz),-89.1,-11.5,7.9,57.2,45.1,163.9
2026-07-20 09:00:00,TKYO-008-2,TKYO-008,Band 41 (2500MHz),-85.4,-8.8,12.3,71.0,40.8,81.5
2026-07-20 09:00:00,TKYO-008-3,TKYO-008,Band 41 (2500MHz),-77.0,-8.2,5.0,90.6,40.4,138.2
2026-07-20 09:00:00,TKYO-009-1,TKYO-009,Band 1 (2100MHz),-82.9,-11.4,9.3,78.6,51.4,107.6
2026-07-20 09:00:00,TKYO-009-2,TKYO-009,Band 1 (2100MHz),-82.7,-9.2,7.7,100.0,51.0,130.9
2026-07-20 09:00:00,TKYO-009-3,TKYO-009,Band 1 (2100MHz),-79.6,-12.7,6.7,84.6,49.2,106.8
2026-07-20 09:00:00,TKYO-010-1,TKYO-010,Band 41 (2500MHz),-89.1,-15.4,-0.0,69.2,46.5,132.4
2026-07-20 09:00:00,TKYO-010-2,TKYO-010,Band 41 (2500MHz),-85.3,-7.5,-6.1,81.1,32.2,95.8
2026-07-20 09:00:00,TKYO-010-3,TKYO-010,Band 41 (2500MHz),-87.6,-11.9,4.1,92.7,35.1,119.4
2026-07-20 09:00:00,TKYO-011-1,TKYO-011,Band 1 (2100MHz),-74.8,-12.1,4.6,86.1,47.8,163.5
2026-07-20 09:00:00,TKYO-011-2,TKYO-011,Band 1 (2100MHz),-78.9,-11.6,0.7,80.2,41.1,86.1
2026-07-20 09:00:00,TKYO-011-3,TKYO-011,Band 1 (2100MHz),-85.7,-9.3,11.9,68.1,64.2,112.4
2026-07-20 09:00:00,TKYO-012-1,TKYO-012,Band 41 (2500MHz),-83.7,-11.8,8.6,83.9,43.6,94.4
2026-07-20 09:00:00,TKYO-012-2,TKYO-012,Band 41 (2500MHz),-86.5,-14.7,6.8,92.3,37.3,86.8
2026-07-20 09:00:00,TKYO-012-3,TKYO-012,Band 41 (2500MHz),-85.6,-13.9,2.4,80.9,32.5,146.5
2026-07-20 09:00:00,TKYO-013-1,TKYO-013,Band 1 (2100MHz),-79.0,-11.5,4.2,59.1,44.8,170.5
2026-07-20 09:00:00,TKYO-013-2,TKYO-013,Band 1 (2100MHz),-100.4,-16.9,0.8,80.0,57.3,127.9
2026-07-20 09:00:00,TKYO-013-3,TKYO-013,Band 1 (2100MHz),-90.5,-9.3,8.5,66.6,41.9,129.2
2026-07-20 09:00:00,TKYO-014-1,TKYO-014,Band 41 (2500MHz),-81.6,-10.5,7.9,61.2,40.4,112.0
2026-07-20 09:00:00,TKYO-014-2,TKYO-014,Band 41 (2500MHz),-92.6,-12.4,-4.7,72.1,33.2,129.1
2026-07-20 09:00:00,TKYO-014-3,TKYO-014,Band 41 (2500MHz),-83.2,-11.0,12.9,90.4,49.3,98.4
2026-07-20 09:00:00,TKYO-015-1,TKYO-015,Band 1 (2100MHz),-86.5,-10.1,7.0,89.4,47.6,156.3
2026-07-20 09:00:00,TKYO-015-2,TKYO-015,Band 1 (2100MHz),-85.4,-15.7,8.3,82.6,40.9,146.4
2026-07-20 09:00:00,TKYO-015-3,TKYO-015,Band 1 (2100MHz),-89.9,-10.6,6.0,72.6,47.2,143.0
2026-07-20 09:00:00,TKYO-016-1,TKYO-016,Band 41 (2500MHz),-84.8,-8.9,-0.6,71.6,42.8,127.8
2026-07-20 09:00:00,TKYO-016-2,TKYO-016,Band 41 (2500MHz),-84.5,-11.9,8.8,71.7,44.6,137.3
2026-07-20 09:00:00,TKYO-016-3,TKYO-016,Band 41 (2500MHz),-84.4,-10.6,3.5,85.4,58.3,74.7
2026-07-20 10:00:00,TKYO-001-1,TKYO-001,Band 1 (2100MHz),-85.0,-9.8,11.1,32.8,26.4,58.9
2026-07-20 10:00:00,TKYO-001-2,TKYO-001,Band 1 (2100MHz),-87.6,-7.9,3.8,34.2,16.1,42.2
2026-07-20 10:00:00,TKYO-001-3,TKYO-001,Band 1 (2100MHz),-85.3,-5.3,10.7,8.3,31.5,44.1
2026-07-20 10:00:00,TKYO-002-1,TKYO-002,Band 41 (2500MHz),-85.8,-7.9,-1.7,27.1,14.4,21.7
2026-07-20 10:00:00,TKYO-002-2,TKYO-002,Band 41 (2500MHz),-87.9,-9.7,10.8,27.9,0.0,20.6
2026-07-20 10:00:00,TKYO-002-3,TKYO-002,Band 41 (2500MHz),-84.4,-9.6,10.6,15.6,5.6,36.0
2026-07-20 10:00:00,TKYO-003-1,TKYO-003,Band 1 (2100MHz),-80.3,-9.5,3.5,28.7,12.2,27.3
2026-07-20 10:00:00,TKYO-003-2,TKYO-003,Band 1 (2100MHz),-105.1,-11.6,-6.3,8.4,12.4,29.7
2026-07-20 10:00:00,TKYO-003-3,TKYO-003,Band 1 (2100MHz),-91.1,-8.0,7.8,17.0,0.0,16.8
2026-07-20 10:00:00,TKYO-004-1,TKYO-004,Band 41 (2500MHz),-85.3,-7.7,0.3,31.1,16.4,21.6
2026-07-20 10:00:00,TKYO-004-2,TKYO-004,Band 41 (2500MHz),-80.8,-10.9,8.2,18.1,11.2,52.3
2026-07-20 10:00:00,TKYO-004-3,TKYO-004,Band 41 (2500MHz),-76.8,-8.0,8.3,16.6,13.8,44.4
2026-07-20 10:00:00,TKYO-005-1,TKYO-005,Band 1 (2100MHz),-86.5,-6.8,0.8,16.9,2.3,85.0
2026-07-20 10:00:00,TKYO-005-2,TKYO-005,Band 1 (2100MHz),-87.7,-10.5,3.4,43.3,20.1,78.2
2026-07-20 10:00:00,TKYO-005-3,TKYO-005,Band 1 (2100MHz),-100.0,-12.1,8.6,31.2,11.5,22.4
2026-07-20 10:00:00,TKYO-006-1,TKYO-006,Band 41 (2500MHz),-78.1,-6.6,-3.5,19.5,23.1,0.0
2026-07-20 10:00:00,TKYO-006-2,TKYO-006,Band 41 (2500MHz),-82.1,-7.9,4.4,0.0,11.2,111.7
2026-07-20 10:00:00,TKYO-006-3,TKYO-006,Band 41 (2500MHz),-77.8,-8.1,7.6,27.3,7.7,43.5
2026-07-20 10:00:00,TKYO-007-1,TKYO-007,Band 1 (2100MHz),-77.8,-7.3,4.0,0.0,17.0,42.8
2026-07-20 10:00:00,TKYO-007-2,TKYO-007,Band 1 (2100MHz),-85.5,-9.9,12.4,29.8,20.0,31.6
2026-07-20 10:00:00,TKYO-007-3,TKYO-007,Band 1 (2100MHz),-89.0,-14.0,6.2,50.9,23.2,57.9
2026-07-20 10:00:00,TKYO-008-1,TKYO-008,Band 41 (2500MHz),-91.3,-12.4,5.1,42.8,28.9,19.9
2026-07-20 10:00:00,TKYO-008-2,TKYO-008,Band 41 (2500MHz),-80.2,-5.8,7.6,25.5,21.5,67.4
2026-07-20 10:00:00,TKYO-008-3,TKYO-008,Band 41 (2500MHz),-81.0,-10.8,2.3,24.9,24.0,42.7
2026-07-20 10:00:00,TKYO-009-1,TKYO-009,Band 1 (2100MHz),-85.1,-7.2,8.5,51.9,0.0,0.0
2026-07-20 10:00:00,TKYO-009-2,TKYO-009,Band 1 (2100MHz),-82.6,-9.7,16.9,4.2,18.6,61.6
2026-07-20 10:00:00,TKYO-009-3,TKYO-009,Band 1 (2100MHz),-89.0,-9.5,7.9,26.2,7.8,34.2
2026-07-20 10:00:00,TKYO-010-1,TKYO-010,Band 41 (2500MHz),-72.6,-10.2,12.1,18.1,23.1,77.1
2026-07-20 10:00:00,TKYO-010-2,TKYO-010,Band 41 (2500MHz),-82.9,-7.5,6.4,9.9,12.9,41.9
2026-07-20 10:00:00,TKYO-010-3,TKYO-010,Band 41 (2500MHz),-89.8,-6.6,0.4,35.6,16.0,28.7
2026-07-20 10:00:00,TKYO-011-1,TKYO-011,Band 1 (2100MHz),-83.8,-9.1,8.8,8.1,21.2,74.1
2026-07-20 10:00:00,TKYO-011-2,TKYO-011,Band 1 (2100MHz),-86.7,-9.3,6.8,25.8,20.9,28.0
2026-07-20 10:00:00,TKYO-011-3,TKYO-011,Band 1 (2100MHz),-77.6,-10.0,14.3,44.6,10.6,6.1
2026-07-20 10:00:00,TKYO-012-1,TKYO-012,Band 41 (2500MHz),-84.4,-8.4,0.1,49.7,15.2,44.1
2026-07-20 10:00:00,TKYO-012-2,TKYO-012,Band 41 (2500MHz),-84.6,-11.9,8.7,24.1,9.1,59.8
2026-07-20 10:00:00,TKYO-012-3,TKYO-012,Band 41 (2500MHz),-84.9,-11.1,3.8,21.3,14.4,8.3
2026-07-20 10:00:00,TKYO-013-1,TKYO-013,Band 1 (2100MHz),-84.4,-8.3,14.8,47.4,14.9,58.4
2026-07-20 10:00:00,TKYO-013-2,TKYO-013,Band 1 (2100MHz),-93.1,-12.6,6.8,16.2,22.4,54.7
2026-07-20 10:00:00,TKYO-013-3,TKYO-013,Band 1 (2100MHz),-84.3,-6.7,6.8,2.3,17.2,27.5
2026-07-20 10:00:00,TKYO-014-1,TKYO-014,Band 41 (2500MHz),-83.7,-9.5,11.3,9.9,16.4,54.4
2026-07-20 10:00:00,TKYO-014-2,TKYO-014,Band 41 (2500MHz),-95.4,-12.3,-2.3,48.8,9.5,50.8
2026-07-20 10:00:00,TKYO-014-3,TKYO-014,Band 41 (2500MHz),-94.6,-7.0,6.9,13.3,5.3,44.3
2026-07-20 10:00:00,TKYO-015-1,TKYO-015,Band 1 (2100MHz),-84.2,-10.4,11.4,29.8,0.0,13.5
2026-07-20 10:00:00,TKYO-015-2,TKYO-015,Band 1 (2100MHz),-88.7,-10.5,15.1,20.1,13.2,52.0
2026-07-20 10:00:00,TKYO-015-3,TKYO-015,Band 1 (2100MHz),-85.7,-10.8,10.3,27.2,28.2,56.5
2026-07-20 10:00:00,TKYO-016-1,TKYO-016,Band 41 (2500MHz),-81.9,-6.9,8.7,37.3,17.3,20.2
2026-07-20 10:00:00,TKYO-016-2,TKYO-016,Band 41 (2500MHz),-81.7,-8.0,7.8,16.1,8.3,42.2
2026-07-20 10:00:00,TKYO-016-3,TKYO-016,Band 41 (2500MHz),-91.4,-6.5,10.8,30.8,8.8,41.0
2026-07-20 11:00:00,TKYO-001-1,TKYO-001,Band 1 (2100MHz),-84.2,-11.4,5.4,72.7,35.6,73.5
2026-07-20 11:00:00,TKYO-001-2,TKYO-001,Band 1 (2100MHz),-90.4,-10.5,5.4,68.0,47.0,109.4
2026-07-20 11:00:00,TKYO-001-3,TKYO-001,Band 1 (2100MHz),-88.8,-11.9,5.4,82.7,42.6,138.9
2026-07-20 11:00:00,TKYO-002-1,TKYO-002,Band 41 (2500MHz),-90.4,-7.6,7.1,58.8,45.6,108.2
2026-07-20 11:00:00,TKYO-002-2,TKYO-002,Band 41 (2500MHz),-76.9,-13.0,7.0,81.8,30.5,131.7
2026-07-20 11:00:00,TKYO-002-3,TKYO-002,Band 41 (2500MHz),-80.2,-7.6,6.4,63.5,69.5,93.2
2026-07-20 11:00:00,TKYO-003-1,TKYO-003,Band 1 (2100MHz),-87.8,-8.5,8.5,77.2,52.3,124.6
2026-07-20 11:00:00,TKYO-003-2,TKYO-003,Band 1 (2100MHz),-91.0,-14.0,3.8,46.6,38.4,99.9
2026-07-20 11:00:00,TKYO-003-3,TKYO-003,Band 1 (2100MHz),-77.2,-12.9,7.2,73.6,42.3,131.5
2026-07-20 11:00:00,TKYO-004-1,TKYO-004,Band 41 (2500MHz),-81.1,-12.9,-6.1,77.6,47.2,129.6
2026-07-20 11:00:00,TKYO-004-2,TKYO-004,Band 41 (2500MHz),-79.7,-8.0,5.6,69.5,31.4,90.4
2026-07-20 11:00:00,TKYO-004-3,TKYO-004,Band 41 (2500MHz),-87.8,-10.6,5.1,69.8,58.6,126.9
2026-07-20 11:00:00,TKYO-005-1,TKYO-005,Band 1 (2100MHz),-84.8,-17.6,4.5,67.8,54.7,93.1
2026-07-20 11:00:00,TKYO-005-2,TKYO-005,Band 1 (2100MHz),-82.7,-12.0,14.0,55.4,35.5,109.1
2026-07-20 11:00:00,TKYO-005-3,TKYO-005,Band 1 (2100MHz),-95.7,-15.7,4.6,78.1,45.1,93.4
2026-07-20 11:00:00,TKYO-006-1,TKYO-006,Band 41 (2500MHz),-79.1,-10.6,16.1,53.0,26.1,80.9
2026-07-20 11:00:00,TKYO-006-2,TKYO-006,Band 41 (2500MHz),-85.2,-11.6,-2.1,62.3,37.7,133.9
2026-07-20 11:00:00,TKYO-006-3,TKYO-006,Band 41 (2500MHz),-83.5,-10.3,3.8,70.5,28.7,112.7
2026-07-20 11:00:00,TKYO-007-1,TKYO-007,Band 1 (2100MHz),-80.6,-13.4,5.6,86.3,35.9,70.3
2026-07-20 11:00:00,TKYO-007-2,TKYO-007,Band 1 (2100MHz),-87.0,-10.9,10.8,63.0,30.3,75.6
2026-07-20 11:00:00,TKYO-007-3,TKYO-007,Band 1 (2100MHz),-96.5,-13.4,-2.2,67.6,39.2,143.8
2026-07-20 11:00:00,TKYO-008-1,TKYO-008,Band 41 (2500MHz),-83.7,-9.6,0.2,70.6,34.5,124.8
2026-07-20 11:00:00,TKYO-008-2,TKYO-008,Band 41 (2500MHz),-83.8,-11.6,7.6,49.8,36.4,132.8
2026-07-20 11:00:00,TKYO-008-3,TKYO-008,Band 41 (2500MHz),-81.9,-8.9,7.9,61.3,40.0,105.3
2026-07-20 11:00:00,TKYO-009-1,TKYO-009,Band 1 (2100MHz),-77.5,-12.9,8.4,63.3,48.2,153.9
2026-07-20 11:00:00,TKYO-009-2,TKYO-009,Band 1 (2100MHz),-83.9,-10.8,6.2,50.2,28.3,114.5
2026-07-20 11:00:00,TKYO-009-3,TKYO-009,Band 1 (2100MHz),-79.2,-8.0,14.0,68.6,45.6,123.7
2026-07-20 11:00:00,TKYO-010-1,TKYO-010,Band 41 (2500MHz),-76.5,-14.0,9.9,64.9,39.8,132.8
2026-07-20 11:00:00,TKYO-010-2,TKYO-010,Band 41 (2500MHz),-82.3,-11.7,5.2,83.6,39.5,117.3
2026-07-20 11:00:00,TKYO-010-3,TKYO-010,Band 41 (2500MHz),-81.0,-10.8,1.8,75.0,43.2,163.6
2026-07-20 11:00:00,TKYO-011-1,TKYO-011,Band 1 (2100MHz),-85.1,-10.3,12.1,71.0,40.1,123.0
2026-07-20 11:00:00,TKYO-011-2,TKYO-011,Band 1 (2100MHz),-88.4,-13.4,7.4,56.4,45.8,111.0
2026-07-20 11:00:00,TKYO-011-3,TKYO-011,Band 1 (2100MHz),-88.0,-10.0,12.5,57.7,34.5,147.1
2026-07-20 11:00:00,TKYO-012-1,TKYO-012,Band 41 (2500MHz),-87.0,-12.5,1.4,61.3,39.7,128.6
2026-07-20 11:00:00,TKYO-012-2,TKYO-012,Band 41 (2500MHz),-81.1,-11.5,14.7,66.9,39.5,126.5
2026-07-20 11:00:00,TKYO-012-3,TKYO-012,Band 41 (2500MHz),-80.7,-8.4,11.6,74.0,42.5,110.1
2026-07-20 11:00:00,TKYO-013-1,TKYO-013,Band 1 (2100MHz),-88.3,-13.6,3.6,88.6,42.2,106.1
2026-07-20 11:00:00,TKYO-013-2,TKYO-013,Band 1 (2100MHz),-96.3,-17.7,-1.5,99.0,34.0,122.7
2026-07-20 11:00:00,TKYO-013-3,TKYO-013,Band 1 (2100MHz),-80.8,-8.9,16.3,78.1,48.6,125.3
2026-07-20 11:00:00,TKYO-014-1,TKYO-014,Band 41 (2500MHz),-87.2,-6.0,9.8,67.0,29.9,126.7
2026-07-20 11:00:00,TKYO-014-2,TKYO-014,Band 41 (2500MHz),-88.1,-15.4,0.5,76.8,64.2,98.8
2026-07-20 11:00:00,TKYO-014-3,TKYO-014,Band 41 (2500MHz),-78.9,-12.4,13.0,94.8,35.0,125.1
2026-07-20 11:00:00,TKYO-015-1,TKYO-015,Band 1 (2100MHz),-80.4,-10.1,11.7,68.3,44.1,125.5
2026-07-20 11:00:00,TKYO-015-2,TKYO-015,Band 1 (2100MHz),-82.0,-11.8,13.6,95.7,33.2,105.2
2026-07-20 11:00:00,TKYO-015-3,TKYO-015,Band 1 (2100MHz),-84.6,-10.1,3.5,79.3,36.2,65.7
2026-07-20 11:00:00,TKYO-016-1,TKYO-016,Band 41 (2500MHz),-76.1,-9.3,1.8,81.5,44.1,105.4
2026-07-20 11:00:00,TKYO-016-2,TKYO-016,Band 41 (2500MHz),-86.5,-12.1,6.2,73.2,43.0,103.0
2026-07-20 11:00:00,TKYO-016-3,TKYO-016,Band 41 (2500MHz),-80.1,-11.1,3.3,61.1,50.5,151.9
2026-07-20 12:00:00,TKYO-001-1,TKYO-001,Band 1 (2100MHz),-85.1,-12.7,5.5,42.4,57.4,75.1
2026-07-20 12:00:00,TKYO-001-2,TKYO-001,Band 1 (2100MHz),-87.0,-8.3,15.7,76.5,42.4,107.5
2026-07-20 12:00:00,TKYO-001-3,TKYO-001,Band 1 (2100MHz),-75.0,-10.1,6.4,69.2,47.6,119.0
2026-07-20 12:00:00,TKYO-002-1,TKYO-002,Band 41 (2500MHz),-86.6,-11.6,-0.6,88.5,43.6,86.7
2026-07-20 12:00:00,TKYO-002-2,TKYO-002,Band 41 (2500MHz),-83.7,-14.1,6.0,41.0,33.2,148.7
2026-07-20 12:00:00,TKYO-002-3,TKYO-002,Band 41 (2500MHz),-79.9,-10.3,20.8,85.3,41.5,163.0
2026-07-20 12:00:00,TKYO-003-1,TKYO-003,Band 1 (2100MHz),-83.9,-11.6,6.6,62.0,46.9,125.4
2026-07-20 12:00:00,TKYO-003-2,TKYO-003,Band 1 (2100MHz),-94.3,-16.5,-1.3,82.1,42.0,140.7
2026-07-20 12:00:00,TKYO-003-3,TKYO-003,Band 1 (2100MHz),-88.6,-11.3,7.2,84.3,29.3,114.1
2026-07-20 12:00:00,TKYO-004-1,TKYO-004,Band 41 (2500MHz),-83.1,-11.2,1.4,80.7,49.5,94.3
2026-07-20 12:00:00,TKYO-004-2,TKYO-004,Band 41 (2500MHz),-79.6,-10.0,3.3,69.2,28.7,119.9
2026-07-20 12:00:00,TKYO-004-3,TKYO-004,Band 41 (2500MHz),-88.2,-11.2,5.3,77.5,51.7,113.7
2026-07-20 12:00:00,TKYO-005-1,TKYO-005,Band 1 (2100MHz),-84.7,-9.4,23.7,52.8,49.3,139.5
2026-07-20 12:00:00,TKYO-005-2,TKYO-005,Band 1 (2100MHz),-84.8,-8.7,14.6,65.5,34.9,114.9
2026-07-20 12:00:00,TKYO-005-3,TKYO-005,Band 1 (2100MHz),-91.6,-16.0,1.0,75.9,30.3,101.6
2026-07-20 12:00:00,TKYO-006-1,TKYO-006,Band 41 (2500MHz),-81.8,-10.9,2.1,45.9,26.5,102.0
2026-07-20 12:00:00,TKYO-006-2,TKYO-006,Band 41 (2500MHz),-83.2,-13.4,8.0,45.3,38.3,109.9
2026-07-20 12:00:00,TKYO-006-3,TKYO-006,Band 41 (2500MHz),-85.9,-14.2,-0.8,74.1,27.4,133.9
2026-07-20 12:00:00,TKYO-007-1,TKYO-007,Band 1 (2100MHz),-85.0,-9.6,5.9,64.7,37.6,122.4
2026-07-20 12:00:00,TKYO-007-2,TKYO-007,Band 1 (2100MHz),-87.3,-10.9,11.4,85.3,43.0,103.0
2026-07-20 12:00:00,TKYO-007-3,TKYO-007,Band 1 (2100MHz),-99.4,-18.7,-4.3,50.8,37.5,106.6
2026-07-20 12:00:00,TKYO-008-1,TKYO-008,Band 41 (2500MHz),-85.9,-10.8,5.1,100.0,50.8,147.2
2026-07-20 12:00:00,TKYO-008-2,TKYO-008,Band 41 (2500MHz),-88.5,-13.0,4.1,79.6,38.9,129.0
2026-07-20 12:00:00,TKYO-008-3,TKYO-008,Band 41 (2500MHz),-88.4,-10.8,-3.4,70.8,49.1,97.1
2026-07-20 12:00:00,TKYO-009-1,TKYO-009,Band 1 (2100MHz),-87.3,-11.1,20.9,66.1,40.1,115.7
2026-07-20 12:00:00,TKYO-009-2,TKYO-009,Band 1 (2100MHz),-87.3,-11.4,13.9,48.5,27.5,123.7
2026-07-20 12:00:00,TKYO-009-3,TKYO-009,Band 1 (2100MHz),-81.1,-10.6,2.9,55.4,38.6,136.5
2026-07-20 12:00:00,TKYO-010-1,TKYO-010,Band 41 (2500MHz),-84.7,-11.9,0.6,63.0,37.4,129.4
2026-07-20 12:00:00,TKYO-010-2,TKYO-010,Band 41 (2500MHz),-88.0,-11.2,2.2,58.4,55.5,101.0
2026-07-20 12:00:00,TKYO-010-3,TKYO-010,Band 41 (2500MHz),-85.7,-11.1,10.4,87.7,31.8,148.7
2026-07-20 12:00:00,TKYO-011-1,TKYO-011,Band 1 (2100MHz),-86.1,-9.0,7.3,55.1,45.0,105.7
2026-07-20 12:00:00,TKYO-011-2,TKYO-011,Band 1 (2100MHz),-86.2,-12.7,14.1,49.9,40.8,124.4
2026-07-20 12:00:00,TKYO-011-3,TKYO-011,Band 1 (2100MHz),-90.1,-11.5,4.0,66.6,43.9,112.8
2026-07-20 12:00:00,TKYO-012-1,TKYO-012,Band 41 (2500MHz),-85.7,-10.2,-2.8,57.4,47.1,122.1
2026-07-20 12:00:00,TKYO-012-2,TKYO-012,Band 41 (2500MHz),-88.9,-11.6,9.5,83.0,49.7,143.1
2026-07-20 12:00:00,TKYO-012-3,TKYO-012,Band 41 (2500MHz),-76.9,-9.0,8.3,50.6,40.2,140.0
2026-07-20 12:00:00,TKYO-013-1,TKYO-013,Band 1 (2100MHz),-80.7,-11.0,13.8,55.5,44.9,125.8
2026-07-20 12:00:00,TKYO-013-2,TKYO-013,Band 1 (2100MHz),-98.8,-13.5,0.6,59.5,49.2,79.4
2026-07-20 12:00:00,TKYO-013-3,TKYO-013,Band 1 (2100MHz),-81.0,-7.7,14.3,75.8,45.8,119.6
2026-07-20 12:00:00,TKYO-014-1,TKYO-014,Band 41 (2500MHz),-83.0,-9.2,20.8,70.3,55.1,143.7
2026-07-20 12:00:00,TKYO-014-2,TKYO-014,Band 41 (2500MHz),-103.5,-16.9,-4.9,71.6,26.6,102.5
2026-07-20 12:00:00,TKYO-014-3,TKYO-014,Band 41 (2500MHz),-89.3,-13.9,5.4,51.2,50.9,152.1
2026-07-20 12:00:00,TKYO-015-1,TKYO-015,Band 1 (2100MHz),-85.3,-8.2,6.5,74.5,45.1,95.9
2026-07-20 12:00:00,TKYO-015-2,TKYO-015,Band 1 (2100MHz),-81.2,-15.4,11.2,70.0,33.3,146.5
2026-07-20 12:00:00,TKYO-015-3,TKYO-015,Band 1 (2100MHz),-86.0,-9.3,10.1,71.6,48.0,119.4
2026-07-20 12:00:00,TKYO-016-1,TKYO-016,Band 41 (2500MHz),-93.3,-6.5,7.9,59.0,39.2,110.8
2026-07-20 12:00:00,TKYO-016-2,TKYO-016,Band 41 (2500MHz),-85.1,-6.8,10.1,89.2,29.5,91.8
2026-07-20 12:00:00,TKYO-016-3,TKYO-016,Band 41 (2500MHz),-84.7,-13.8,9.3,64.9,26.3,122.5
2026-07-20 13:00:00,TKYO-001-1,TKYO-001,Band 1 (2100MHz),-87.4,-14.2,3.6,74.1,48.9,135.4
2026-07-20 13:00:00,TKYO-001-2,TKYO-001,Band 1 (2100MHz),-84.9,-13.1,10.9,68.3,47.6,82.3
2026-07-20 13:00:00,TKYO-001-3,TKYO-001,Band 1 (2100MHz),-82.5,-15.2,8.7,69.8,41.5,128.0
2026-07-20 13:00:00,TKYO-002-1,TKYO-002,Band 41 (2500MHz),-86.1,-11.3,10.4,63.0,37.4,94.3
2026-07-20 13:00:00,TKYO-002-2,TKYO-002,Band 41 (2500MHz),-88.0,-8.7,-4.5,64.9,26.6,109.6
2026-07-20 13:00:00,TKYO-002-3,TKYO-002,Band 41 (2500MHz),-75.7,-7.8,1.5,60.5,49.7,108.4
2026-07-20 13:00:00,TKYO-003-1,TKYO-003,Band 1 (2100MHz),-91.3,-13.0,11.4,64.4,36.4,70.1
2026-07-20 13:00:00,TKYO-003-2,TKYO-003,Band 1 (2100MHz),-91.3,-16.4,-2.4,70.0,29.6,110.4
2026-07-20 13:00:00,TKYO-003-3,TKYO-003,Band 1 (2100MHz),-77.2,-14.1,6.6,72.7,47.1,101.9
2026-07-20 13:00:00,TKYO-004-1,TKYO-004,Band 41 (2500MHz),-80.9,-11.6,4.4,64.9,41.1,106.3
2026-07-20 13:00:00,TKYO-004-2,TKYO-004,Band 41 (2500MHz),-79.7,-13.6,7.9,69.5,43.3,122.3
2026-07-20 13:00:00,TKYO-004-3,TKYO-004,Band 41 (2500MHz),-72.9,-12.7,3.6,62.6,44.7,112.7
2026-07-20 13:00:00,TKYO-005-1,TKYO-005,Band 1 (2100MHz),-81.4,-15.0,5.4,66.7,37.0,109.2
2026-07-20 13:00:00,TKYO-005-2,TKYO-005,Band 1 (2100MHz),-84.6,-13.5,10.6,73.8,41.4,101.6
2026-07-20 13:00:00,TKYO-005-3,TKYO-005,Band 1 (2100MHz),-95.4,-14.6,1.9,72.7,39.0,132.5
2026-07-20 13:00:00,TKYO-006-1,TKYO-006,Band 41 (2500MHz),-76.4,-13.6,4.7,70.1,46.2,137.4
2026-07-20 13:00:00,TKYO-006-2,TKYO-006,Band 41 (2500MHz),-79.3,-13.7,2.0,59.5,43.5,104.0
2026-07-20 13:00:00,TKYO-006-3,TKYO-006,Band 41 (2500MHz),-81.4,-12.1,7.7,79.3,53.1,90.8
2026-07-20 13:00:00,TKYO-007-1,TKYO-007,Band 1 (2100MHz),-83.4,-12.8,12.4,66.6,42.2,128.9
2026-07-20 13:00:00,TKYO-007-2,TKYO-007,Band 1 (2100MHz),-85.8,-9.5,2.8,66.1,18.2,117.2
2026-07-20 13:00:00,TKYO-007-3,TKYO-007,Band 1 (2100MHz),-98.9,-17.4,-0.3,74.3,42.4,130.9
2026-07-20 13:00:00,TKYO-008-1,TKYO-008,Band 41 (2500MHz),-83.5,-10.6,9.5,39.0,40.3,115.9
2026-07-20 13:00:00,TKYO-008-2,TKYO-008,Band 41 (2500MHz),-79.6,-13.1,1.1,68.3,40.9,140.1
2026-07-20 13:00:00,TKYO-008-3,TKYO-008,Band 41 (2500MHz),-82.2,-9.5,0.3,57.9,47.6,87.1
2026-07-20 13:00:00,TKYO-009-1,TKYO-009,Band 1 (2100MHz),-83.6,-9.5,-1.2,82.5,22.0,155.3
2026-07-20 13:00:00,TKYO-009-2,TKYO-009,Band 1 (2100MHz),-79.5,-9.2,10.4,66.0,35.9,120.8
2026-07-20 13:00:00,TKYO-009-3,TKYO-009,Band 1 (2100MHz),-82.1,-14.5,8.2,84.7,38.2,192.5
2026-07-20 13:00:00,TKYO-010-1,TKYO-010,Band 41 (2500MHz),-80.7,-10.8,4.0,71.0,26.4,114.8
2026-07-20 13:00:00,TKYO-010-2,TKYO-010,Band 41 (2500MHz),-77.6,-11.8,-1.2,61.7,48.4,90.2
2026-07-20 13:00:00,TKYO-010-3,TKYO-010,Band 41 (2500MHz),-79.1,-12.0,14.2,72.0,46.6,157.3
2026-07-20 13:00:00,TKYO-011-1,TKYO-011,Band 1 (2100MHz),-85.4,-11.7,15.6,65.2,42.3,120.0
2026-07-20 13:00:00,TKYO-011-2,TKYO-011,Band 1 (2100MHz),-80.5,-11.0,15.3,66.1,34.4,153.5
2026-07-20 13:00:00,TKYO-011-3,TKYO-011,Band 1 (2100MHz),-85.0,-12.6,14.2,75.4,32.2,118.8
2026-07-20 13:00:00,TKYO-012-1,TKYO-012,Band 41 (2500MHz),-88.6,-11.7,-0.7,44.9,51.6,115.9
2026-07-20 13:00:00,TKYO-012-2,TKYO-012,Band 41 (2500MHz),-83.0,-15.4,2.1,39.9,53.3,109.6
2026-07-20 13:00:00,TKYO-012-3,TKYO-012,Band 41 (2500MHz),-79.4,-9.5,11.0,56.5,52.6,107.6
2026-07-20 13:00:00,TKYO-013-1,TKYO-013,Band 1 (2100MHz),-82.5,-9.8,7.0,66.2,48.6,125.5
2026-07-20 13:00:00,TKYO-013-2,TKYO-013,Band 1 (2100MHz),-99.3,-12.0,-2.4,55.5,43.0,95.6
2026-07-20 13:00:00,TKYO-013-3,TKYO-013,Band 1 (2100MHz),-82.8,-9.6,14.0,75.0,43.9,126.1
2026-07-20 13:00:00,TKYO-014-1,TKYO-014,Band 41 (2500MHz),-84.7,-8.5,9.0,77.8,49.6,124.3
2026-07-20 13:00:00,TKYO-014-2,TKYO-014,Band 41 (2500MHz),-96.9,-13.7,-1.0,67.1,45.0,87.3
2026-07-20 13:00:00,TKYO-014-3,TKYO-014,Band 41 (2500MHz),-80.7,-7.8,13.2,58.0,43.5,107.4
2026-07-20 13:00:00,TKYO-015-1,TKYO-015,Band 1 (2100MHz),-80.4,-10.5,12.2,66.2,39.2,128.5
2026-07-20 13:00:00,TKYO-015-2,TKYO-015,Band 1 (2100MHz),-86.5,-12.0,13.8,62.5,38.0,97.3
2026-07-20 13:00:00,TKYO-015-3,TKYO-015,Band 1 (2100MHz),-84.8,-9.3,12.7,84.4,40.4,88.6
2026-07-20 13:00:00,TKYO-016-1,TKYO-016,Band 41 (2500MHz),-82.9,-11.2,10.2,67.0,32.6,132.7
2026-07-20 13:00:00,TKYO-016-2,TKYO-016,Band 41 (2500MHz),-74.4,-12.0,-0.8,65.6,45.0,122.1
2026-07-20 13:00:00,TKYO-016-3,TKYO-016,Band 41 (2500MHz),-97.6,-11.6,2.8,77.7,27.8,113.6
2026-07-20 14:00:00,TKYO-001-1,TKYO-001,Band 1 (2100MHz),-85.9,-10.0,13.0,57.8,36.7,119.8
2026-07-20 14:00:00,TKYO-001-2,TKYO-001,Band 1 (2100MHz),-85.7,-13.5,6.8,47.0,42.2,91.3
2026-07-20 14:00:00,TKYO-001-3,TKYO-001,Band 1 (2100MHz),-90.4,-10.7,10.6,69.3,39.1,90.8
2026-07-20 14:00:00,TKYO-002-1,TKYO-002,Band 41 (2500MHz),-78.0,-12.6,3.0,63.8,45.5,109.5
2026-07-20 14:00:00,TKYO-002-2,TKYO-002,Band 41 (2500MHz),-85.8,-11.6,4.4,76.2,26.3,79.4
2026-07-20 14:00:00,TKYO-002-3,TKYO-002,Band 41 (2500MHz),-85.7,-10.7,0.3,69.6,45.1,134.1
2026-07-20 14:00:00,TKYO-003-1,TKYO-003,Band 1 (2100MHz),-87.7,-12.4,8.4,99.5,34.7,121.1
2026-07-20 14:00:00,TKYO-003-2,TKYO-003,Band 1 (2100MHz),-99.9,-17.6,3.1,66.5,36.7,115.6
2026-07-20 14:00:00,TKYO-003-3,TKYO-003,Band 1 (2100MHz),-84.9,-14.5,13.4,45.2,47.3,83.6
2026-07-20 14:00:00,TKYO-004-1,TKYO-004,Band 41 (2500MHz),-82.7,-12.0,12.0,70.4,52.9,113.6
2026-07-20 14:00:00,TKYO-004-2,TKYO-004,Band 41 (2500MHz),-87.9,-7.7,3.3,65.4,46.3,109.5
2026-07-20 14:00:00,TKYO-004-3,TKYO-004,Band 41 (2500MHz),-82.2,-9.5,8.2,82.8,42.9,88.6
2026-07-20 14:00:00,TKYO-005-1,TKYO-005,Band 1 (2100MHz),-79.4,-12.1,10.0,73.1,40.9,86.8
2026-07-20 14:00:00,TKYO-005-2,TKYO-005,Band 1 (2100MHz),-84.7,-11.7,20.3,66.2,41.9,123.4
2026-07-20 14:00:00,TKYO-005-3,TKYO-005,Band 1 (2100MHz),-97.5,-10.4,5.5,74.6,52.8,77.0
2026-07-20 14:00:00,TKYO-006-1,TKYO-006,Band 41 (2500MHz),-85.2,-13.8,5.3,74.6,46.1,125.9
2026-07-20 14:00:00,TKYO-006-2,TKYO-006,Band 41 (2500MHz),-91.6,-13.0,1.5,88.8,43.6,87.6
2026-07-20 14:00:00,TKYO-006-3,TKYO-006,Band 41 (2500MHz),-80.4,-11.0,5.0,88.8,35.1,121.9
2026-07-20 14:00:00,TKYO-007-1,TKYO-007,Band 1 (2100MHz),-79.7,-12.3,3.9,82.0,42.4,109.5
2026-07-20 14:00:00,TKYO-007-2,TKYO-007,Band 1 (2100MHz),-85.6,-13.5,11.0,62.7,32.5,150.7
2026-07-20 14:00:00,TKYO-007-3,TKYO-007,Band 1 (2100MHz),-96.6,-12.4,5.7,65.2,43.1,86.3
2026-07-20 14:00:00,TKYO-008-1,TKYO-008,Band 41 (2500MHz),-86.7,-9.8,6.7,50.2,28.1,149.3
2026-07-20 14:00:00,TKYO-008-2,TKYO-008,Band 41 (2500MHz),-84.1,-11.9,14.0,55.3,42.2,94.3
2026-07-20 14:00:00,TKYO-008-3,TKYO-008,Band 41 (2500MHz),-88.5,-10.2,5.3,87.7,44.4,76.8
2026-07-20 14:00:00,TKYO-009-1,TKYO-009,Band 1 (2100MHz),-85.2,-12.9,6.0,80.6,41.7,96.1
2026-07-20 14:00:00,TKYO-009-2,TKYO-009,Band 1 (2100MHz),-81.3,-12.7,13.0,71.1,46.6,103.0
2026-07-20 14:00:00,TKYO-009-3,TKYO-009,Band 1 (2100MHz),-88.7,-10.7,1.0,52.2,43.0,110.6
2026-07-20 14:00:00,TKYO-010-1,TKYO-010,Band 41 (2500MHz),-81.4,-13.3,3.7,74.5,51.5,114.0
2026-07-20 14:00:00,TKYO-010-2,TKYO-010,Band 41 (2500MHz),-85.3,-13.8,6.5,61.8,37.3,152.6
2026-07-20 14:00:00,TKYO-010-3,TKYO-010,Band 41 (2500MHz),-83.0,-12.5,-0.3,83.7,44.6,123.9
2026-07-20 14:00:00,TKYO-011-1,TKYO-011,Band 1 (2100MHz),-83.1,-13.9,6.0,75.2,45.8,116.0
2026-07-20 14:00:00,TKYO-011-2,TKYO-011,Band 1 (2100MHz),-84.7,-10.0,11.3,63.6,52.3,110.2
2026-07-20 14:00:00,TKYO-011-3,TKYO-011,Band 1 (2100MHz),-83.1,-10.4,10.1,76.9,41.1,127.8
2026-07-20 14:00:00,TKYO-012-1,TKYO-012,Band 41 (2500MHz),-83.0,-11.9,4.9,72.5,50.9,110.8
2026-07-20 14:00:00,TKYO-012-2,TKYO-012,Band 41 (2500MHz),-83.1,-12.3,-5.7,79.0,52.8,99.2
2026-07-20 14:00:00,TKYO-012-3,TKYO-012,Band 41 (2500MHz),-84.5,-9.7,3.3,72.5,47.7,83.2
2026-07-20 14:00:00,TKYO-013-1,TKYO-013,Band 1 (2100MHz),-79.9,-11.3,4.9,75.2,39.5,80.8
2026-07-20 14:00:00,TKYO-013-2,TKYO-013,Band 1 (2100MHz),-97.3,-17.2,-4.8,73.4,28.5,96.9
2026-07-20 14:00:00,TKYO-013-3,TKYO-013,Band 1 (2100MHz),-77.9,-12.9,7.9,83.9,41.9,117.0
2026-07-20 14:00:00,TKYO-014-1,TKYO-014,Band 41 (2500MHz),-83.6,-12.2,5.3,56.7,53.3,127.2
2026-07-20 14:00:00,TKYO-014-2,TKYO-014,Band 41 (2500MHz),-100.3,-15.6,1.0,73.6,35.1,128.2
2026-07-20 14:00:00,TKYO-014-3,TKYO-014,Band 41 (2500MHz),-81.8,-14.6,5.3,83.5,20.9,108.5
2026-07-20 14:00:00,TKYO-015-1,TKYO-015,Band 1 (2100MHz),-82.6,-14.8,6.8,87.1,33.0,95.9
2026-07-20 14:00:00,TKYO-015-2,TKYO-015,Band 1 (2100MHz),-86.2,-12.1,1.5,54.6,41.6,107.2
2026-07-20 14:00:00,TKYO-015-3,TKYO-015,Band 1 (2100MHz),-82.3,-7.3,12.1,69.1,33.7,118.8
2026-07-20 14:00:00,TKYO-016-1,TKYO-016,Band 41 (2500MHz),-80.2,-13.7,4.7,71.2,33.5,128.0
2026-07-20 14:00:00,TKYO-016-2,TKYO-016,Band 41 (2500MHz),-76.1,-14.3,-0.0,73.9,49.5,135.7
2026-07-20 14:00:00,TKYO-016-3,TKYO-016,Band 41 (2500MHz),-88.4,-11.7,5.8,74.9,26.0,108.5
2026-07-20 15:00:00,TKYO-001-1,TKYO-001,Band 1 (2100MHz),-83.8,-7.5,6.8,0.0,5.1,41.2
2026-07-20 15:00:00,TKYO-001-2,TKYO-001,Band 1 (2100MHz),-93.0,-10.2,12.4,16.1,14.0,37.5
2026-07-20 15:00:00,TKYO-001-3,TKYO-001,Band 1 (2100MHz),-82.8,-7.6,5.5,8.6,5.9,55.2
2026-07-20 15:00:00,TKYO-002-1,TKYO-002,Band 41 (2500MHz),-80.6,-9.5,3.5,33.3,4.8,35.2
2026-07-20 15:00:00,TKYO-002-2,TKYO-002,Band 41 (2500MHz),-89.9,-8.2,7.9,33.7,14.1,37.3
2026-07-20 15:00:00,TKYO-002-3,TKYO-002,Band 41 (2500MHz),-85.2,-4.5,3.1,20.7,19.5,34.8
2026-07-20 15:00:00,TKYO-003-1,TKYO-003,Band 1 (2100MHz),-86.4,-8.7,12.5,39.4,28.6,45.0
2026-07-20 15:00:00,TKYO-003-2,TKYO-003,Band 1 (2100MHz),-92.6,-11.4,1.7,17.6,20.9,66.8
2026-07-20 15:00:00,TKYO-003-3,TKYO-003,Band 1 (2100MHz),-79.4,-7.3,13.7,10.3,22.0,38.9
2026-07-20 15:00:00,TKYO-004-1,TKYO-004,Band 41 (2500MHz),-79.2,-7.8,0.3,28.6,12.4,53.1
2026-07-20 15:00:00,TKYO-004-2,TKYO-004,Band 41 (2500MHz),-77.0,-6.0,5.3,2.6,2.5,23.8
2026-07-20 15:00:00,TKYO-004-3,TKYO-004,Band 41 (2500MHz),-83.9,-9.7,16.1,35.7,1.4,9.5
2026-07-20 15:00:00,TKYO-005-1,TKYO-005,Band 1 (2100MHz),-83.1,-9.4,9.7,17.8,13.0,82.9
2026-07-20 15:00:00,TKYO-005-2,TKYO-005,Band 1 (2100MHz),-84.8,-11.2,3.9,13.5,0.0,35.6
2026-07-20 15:00:00,TKYO-005-3,TKYO-005,Band 1 (2100MHz),-95.9,-12.4,-8.9,45.1,29.7,14.0
2026-07-20 15:00:00,TKYO-006-1,TKYO-006,Band 41 (2500MHz),-75.9,-7.3,7.1,15.7,17.2,31.2
2026-07-20 15:00:00,TKYO-006-2,TKYO-006,Band 41 (2500MHz),-79.3,-6.9,6.5,38.5,15.7,64.2
2026-07-20 15:00:00,TKYO-006-3,TKYO-006,Band 41 (2500MHz),-83.1,-8.3,12.5,5.0,12.5,60.8
2026-07-20 15:00:00,TKYO-007-1,TKYO-007,Band 1 (2100MHz),-82.4,-11.3,1.1,26.9,33.7,24.0
2026-07-20 15:00:00,TKYO-007-2,TKYO-007,Band 1 (2100MHz),-80.4,-6.8,18.6,34.1,19.0,58.1
2026-07-20 15:00:00,TKYO-007-3,TKYO-007,Band 1 (2100MHz),-102.9,-11.6,-2.8,12.9,0.0,15.5
2026-07-20 15:00:00,TKYO-008-1,TKYO-008,Band 41 (2500MHz),-82.0,-7.6,9.8,16.8,19.4,82.8
2026-07-20 15:00:00,TKYO-008-2,TKYO-008,Band 41 (2500MHz),-80.7,-7.8,5.6,19.4,26.6,59.1
2026-07-20 15:00:00,TKYO-008-3,TKYO-008,Band 41 (2500MHz),-82.9,-8.6,3.6,22.9,19.1,57.1
2026-07-20 15:00:00,TKYO-009-1,TKYO-009,Band 1 (2100MHz),-86.6,-7.6,3.8,22.0,19.5,21.3
2026-07-20 15:00:00,TKYO-009-2,TKYO-009,Band 1 (2100MHz),-87.9,-9.8,10.5,10.3,16.9,33.8
2026-07-20 15:00:00,TKYO-009-3,TKYO-009,Band 1 (2100MHz),-91.5,-9.0,0.6,17.5,25.8,33.0
2026-07-20 15:00:00,TKYO-010-1,TKYO-010,Band 41 (2500MHz),-84.6,-8.4,4.7,13.8,20.7,38.4
2026-07-20 15:00:00,TKYO-010-2,TKYO-010,Band 41 (2500MHz),-79.4,-11.8,3.5,27.6,10.9,24.7
2026-07-20 15:00:00,TKYO-010-3,TKYO-010,Band 41 (2500MHz),-80.8,-5.7,3.4,21.6,20.2,28.5
2026-07-20 15:00:00,TKYO-011-1,TKYO-011,Band 1 (2100MHz),-83.1,-6.5,13.5,28.4,25.0,15.9
2026-07-20 15:00:00,TKYO-011-2,TKYO-011,Band 1 (2100MHz),-89.0,-11.3,13.1,21.1,0.0,44.8
2026-07-20 15:00:00,TKYO-011-3,TKYO-011,Band 1 (2100MHz),-84.8,-10.2,9.0,24.2,10.9,15.1
2026-07-20 15:00:00,TKYO-012-1,TKYO-012,Band 41 (2500MHz),-85.6,-8.6,2.9,36.1,3.6,35.9
2026-07-20 15:00:00,TKYO-012-2,TKYO-012,Band 41 (2500MHz),-87.1,-10.6,8.0,31.4,12.1,40.8
2026-07-20 15:00:00,TKYO-012-3,TKYO-012,Band 41 (2500MHz),-85.4,-12.2,8.3,20.6,7.2,55.4
2026-07-20 15:00:00,TKYO-013-1,TKYO-013,Band 1 (2100MHz),-76.2,-8.5,16.3,25.0,20.5,37.7
2026-07-20 15:00:00,TKYO-013-2,TKYO-013,Band 1 (2100MHz),-96.2,-9.2,-8.2,21.8,20.5,22.8
2026-07-20 15:00:00,TKYO-013-3,TKYO-013,Band 1 (2100MHz),-89.1,-7.8,9.9,14.3,17.5,61.8
2026-07-20 15:00:00,TKYO-014-1,TKYO-014,Band 41 (2500MHz),-87.6,-9.7,-1.5,23.2,0.7,57.3
2026-07-20 15:00:00,TKYO-014-2,TKYO-014,Band 41 (2500MHz),-86.9,-12.9,-4.1,16.5,0.0,20.8
2026-07-20 15:00:00,TKYO-014-3,TKYO-014,Band 41 (2500MHz),-87.1,-6.1,7.9,28.7,17.0,34.7
2026-07-20 15:00:00,TKYO-015-1,TKYO-015,Band 1 (2100MHz),-86.4,-6.7,4.3,26.3,5.9,73.3
2026-07-20 15:00:00,TKYO-015-2,TKYO-015,Band 1 (2100MHz),-78.9,-6.3,6.5,17.7,20.2,75.9
2026-07-20 15:00:00,TKYO-015-3,TKYO-015,Band 1 (2100MHz),-94.7,-7.1,0.5,20.6,34.9,15.6
2026-07-20 15:00:00,TKYO-016-1,TKYO-016,Band 41 (2500MHz),-84.5,-11.0,5.0,5.0,9.1,13.1
2026-07-20 15:00:00,TKYO-016-2,TKYO-016,Band 41 (2500MHz),-86.4,-6.7,1.6,16.8,13.5,70.3
2026-07-20 15:00:00,TKYO-016-3,TKYO-016,Band 41 (2500MHz),-78.8,-7.0,11.2,8.7,15.9,55.3
2026-07-20 16:00:00,TKYO-001-1,TKYO-001,Band 1 (2100MHz),-78.3,-14.2,5.3,95.2,50.3,171.6
2026-07-20 16:00:00,TKYO-001-2,TKYO-001,Band 1 (2100MHz),-79.8,-13.5,8.1,84.2,56.0,173.9
2026-07-20 16:00:00,TKYO-001-3,TKYO-001,Band 1 (2100MHz),-79.8,-13.8,2.1,85.0,50.0,143.2
2026-07-20 16:00:00,TKYO-002-1,TKYO-002,Band 41 (2500MHz),-87.5,-13.3,8.3,81.7,48.4,136.3
2026-07-20 16:00:00,TKYO-002-2,TKYO-002,Band 41 (2500MHz),-78.9,-9.9,0.8,85.5,31.3,177.3
2026-07-20 16:00:00,TKYO-002-3,TKYO-002,Band 41 (2500MHz),-84.1,-13.6,-1.6,100.0,63.8,124.8
2026-07-20 16:00:00,TKYO-003-1,TKYO-003,Band 1 (2100MHz),-81.8,-14.2,15.5,92.2,56.9,145.1
2026-07-20 16:00:00,TKYO-003-2,TKYO-003,Band 1 (2100MHz),-93.2,-14.5,-2.8,93.7,45.9,184.9
2026-07-20 16:00:00,TKYO-003-3,TKYO-003,Band 1 (2100MHz),-89.8,-9.7,11.1,92.9,44.3,170.1
2026-07-20 16:00:00,TKYO-004-1,TKYO-004,Band 41 (2500MHz),-93.8,-10.6,0.2,100.0,52.2,157.2
2026-07-20 16:00:00,TKYO-004-2,TKYO-004,Band 41 (2500MHz),-83.9,-13.9,0.9,100.0,55.1,151.1
2026-07-20 16:00:00,TKYO-004-3,TKYO-004,Band 41 (2500MHz),-84.9,-14.0,10.6,100.0,62.4,113.0
2026-07-20 16:00:00,TKYO-005-1,TKYO-005,Band 1 (2100MHz),-87.9,-13.8,6.5,100.0,67.5,119.9
2026-07-20 16:00:00,TKYO-005-2,TKYO-005,Band 1 (2100MHz),-78.2,-13.8,10.1,100.0,42.9,149.7
2026-07-20 16:00:00,TKYO-005-3,TKYO-005,Band 1 (2100MHz),-95.1,-15.0,1.2,100.0,59.7,152.9
2026-07-20 16:00:00,TKYO-006-1,TKYO-006,Band 41 (2500MHz),-83.1,-13.7,6.6,87.9,63.8,175.8
2026-07-20 16:00:00,TKYO-006-2,TKYO-006,Band 41 (2500MHz),-75.3,-14.3,0.8,89.5,54.1,129.2
2026-07-20 16:00:00,TKYO-006-3,TKYO-006,Band 41 (2500MHz),-85.4,-10.3,4.4,85.1,46.3,144.8
2026-07-20 16:00:00,TKYO-007-1,TKYO-007,Band 1 (2100MHz),-83.5,-12.2,11.7,100.0,50.8,149.4
2026-07-20 16:00:00,TKYO-007-2,TKYO-007,Band 1 (2100MHz),-89.0,-5.8,18.8,100.0,52.9,156.4
2026-07-20 16:00:00,TKYO-007-3,TKYO-007,Band 1 (2100MHz),-97.8,-15.3,-0.1,100.0,56.3,140.7
2026-07-20 16:00:00,TKYO-008-1,TKYO-008,Band 41 (2500MHz),-86.2,-10.4,1.6,83.1,54.0,159.7
2026-07-20 16:00:00,TKYO-008-2,TKYO-008,Band 41 (2500MHz),-82.9,-10.9,7.6,76.6,61.6,139.2
2026-07-20 16:00:00,TKYO-008-3,TKYO-008,Band 41 (2500MHz),-83.1,-11.5,14.2,97.6,68.9,144.0
2026-07-20 16:00:00,TKYO-009-1,TKYO-009,Band 1 (2100MHz),-91.1,-12.5,11.1,91.8,52.1,169.6
2026-07-20 16:00:00,TKYO-009-2,TKYO-009,Band 1 (2100MHz),-84.5,-12.6,9.5,100.0,58.1,136.0
2026-07-20 16:00:00,TKYO-009-3,TKYO-009,Band 1 (2100MHz),-88.3,-13.1,4.8,55.3,44.4,169.5
2026-07-20 16:00:00,TKYO-010-1,TKYO-010,Band 41 (2500MHz),-83.2,-12.0,7.1,100.0,51.4,166.3
2026-07-20 16:00:00,TKYO-010-2,TKYO-010,Band 41 (2500MHz),-86.0,-11.1,5.7,100.0,66.8,178.2
2026-07-20 16:00:00,TKYO-010-3,TKYO-010,Band 41 (2500MHz),-86.6,-16.8,7.1,62.5,49.8,136.3
2026-07-20 16:00:00,TKYO-011-1,TKYO-011,Band 1 (2100MHz),-82.0,-12.4,3.4,100.0,43.8,180.4
2026-07-20 16:00:00,TKYO-011-2,TKYO-011,Band 1 (2100MHz),-80.2,-10.9,6.1,92.3,62.7,155.5
2026-07-20 16:00:00,TKYO-011-3,TKYO-011,Band 1 (2100MHz),-84.5,-13.2,11.8,88.9,49.8,156.7
2026-07-20 16:00:00,TKYO-012-1,TKYO-012,Band 41 (2500MHz),-77.2,-9.2,8.3,100.0,54.8,165.5
2026-07-20 16:00:00,TKYO-012-2,TKYO-012,Band 41 (2500MHz),-81.5,-10.4,5.8,62.0,73.3,128.7
2026-07-20 16:00:00,TKYO-012-3,TKYO-012,Band 41 (2500MHz),-86.3,-15.0,-1.0,93.0,40.8,131.6
2026-07-20 16:00:00,TKYO-013-1,TKYO-013,Band 1 (2100MHz),-80.1,-14.9,5.5,100.0,49.6,138.3
2026-07-20 16:00:00,TKYO-013-2,TKYO-013,Band 1 (2100MHz),-88.5,-14.9,2.9,93.5,53.7,188.9
2026-07-20 16:00:00,TKYO-013-3,TKYO-013,Band 1 (2100MHz),-84.4,-13.2,10.4,85.2,44.0,109.5
2026-07-20 16:00:00,TKYO-014-1,TKYO-014,Band 41 (2500MHz),-82.9,-14.3,12.5,100.0,52.7,142.7
2026-07-20 16:00:00,TKYO-014-2,TKYO-014,Band 41 (2500MHz),-101.6,-16.1,-5.1,82.3,60.5,145.7
2026-07-20 16:00:00,TKYO-014-3,TKYO-014,Band 41 (2500MHz),-85.0,-14.9,5.5,84.4,67.7,164.8
2026-07-20 16:00:00,TKYO-015-1,TKYO-015,Band 1 (2100MHz),-86.9,-12.4,9.5,81.9,61.1,168.2
2026-07-20 16:00:00,TKYO-015-2,TKYO-015,Band 1 (2100MHz),-88.8,-10.9,7.7,100.0,45.9,123.1
2026-07-20 16:00:00,TKYO-015-3,TKYO-015,Band 1 (2100MHz),-77.1,-13.6,4.9,71.9,59.6,127.9
2026-07-20 16:00:00,TKYO-016-1,TKYO-016,Band 41 (2500MHz),-81.2,-8.6,1.2,89.6,53.0,159.2
2026-07-20 16:00:00,TKYO-016-2,TKYO-016,Band 41 (2500MHz),-78.6,-13.6,-5.3,93.4,55.6,149.4
2026-07-20 16:00:00,TKYO-016-3,TKYO-016,Band 41 (2500MHz),-83.9,-14.4,4.5,55.6,51.9,148.5
2026-07-20 17:00:00,TKYO-001-1,TKYO-001,Band 1 (2100MHz),-81.9,-15.8,6.1,100.0,47.5,204.4
2026-07-20 17:00:00,TKYO-001-2,TKYO-001,Band 1 (2100MHz),-90.7,-9.8,16.6,100.0,55.4,159.5
2026-07-20 17:00:00,TKYO-001-3,TKYO-001,Band 1 (2100MHz),-87.4,-12.9,0.5,100.0,58.9,175.4
2026-07-20 17:00:00,TKYO-002-1,TKYO-002,Band 41 (2500MHz),-90.7,-12.8,2.5,89.6,63.2,173.1
2026-07-20 17:00:00,TKYO-002-2,TKYO-002,Band 41 (2500MHz),-85.3,-12.8,1.2,100.0,71.3,215.3
2026-07-20 17:00:00,TKYO-002-3,TKYO-002,Band 41 (2500MHz),-80.3,-15.2,-1.5,100.0,69.9,134.8
2026-07-20 17:00:00,TKYO-003-1,TKYO-003,Band 1 (2100MHz),-83.7,-13.4,10.3,100.0,61.4,136.6
2026-07-20 17:00:00,TKYO-003-2,TKYO-003,Band 1 (2100MHz),-106.6,-14.0,4.4,100.0,55.5,189.5
2026-07-20 17:00:00,TKYO-003-3,TKYO-003,Band 1 (2100MHz),-83.9,-15.8,8.9,100.0,66.9,157.1
2026-07-20 17:00:00,TKYO-004-1,TKYO-004,Band 41 (2500MHz),-82.1,-12.6,3.5,100.0,53.9,145.1
2026-07-20 17:00:00,TKYO-004-2,TKYO-004,Band 41 (2500MHz),-78.9,-15.7,4.3,100.0,57.5,131.6
2026-07-20 17:00:00,TKYO-004-3,TKYO-004,Band 41 (2500MHz),-77.4,-12.4,6.9,94.8,63.9,169.4
2026-07-20 17:00:00,TKYO-005-1,TKYO-005,Band 1 (2100MHz),-81.8,-9.9,3.6,100.0,43.7,192.4
2026-07-20 17:00:00,TKYO-005-2,TKYO-005,Band 1 (2100MHz),-90.4,-16.0,21.4,97.0,68.6,180.1
2026-07-20 17:00:00,TKYO-005-3,TKYO-005,Band 1 (2100MHz),-101.5,-18.1,0.4,86.6,62.7,175.0
2026-07-20 17:00:00,TKYO-006-1,TKYO-006,Band 41 (2500MHz),-82.8,-16.1,13.0,100.0,59.7,135.0
2026-07-20 17:00:00,TKYO-006-2,TKYO-006,Band 41 (2500MHz),-86.8,-13.7,2.2,100.0,46.8,154.3
2026-07-20 17:00:00,TKYO-006-3,TKYO-006,Band 41 (2500MHz),-90.1,-11.8,-0.3,100.0,56.5,187.2
2026-07-20 17:00:00,TKYO-007-1,TKYO-007,Band 1 (2100MHz),-81.8,-13.6,6.5,100.0,65.1,167.4
2026-07-20 17:00:00,TKYO-007-2,TKYO-007,Band 1 (2100MHz),-86.3,-14.0,15.3,100.0,73.3,165.8
2026-07-20 17:00:00,TKYO-007-3,TKYO-007,Band 1 (2100MHz),-101.3,-16.5,2.9,100.0,51.9,146.7
2026-07-20 17:00:00,TKYO-008-1,TKYO-008,Band 41 (2500MHz),-80.9,-14.7,5.1,100.0,51.9,170.7
2026-07-20 17:00:00,TKYO-008-2,TKYO-008,Band 41 (2500MHz),-86.9,-11.6,-1.8,100.0,67.7,172.3
2026-07-20 17:00:00,TKYO-008-3,TKYO-008,Band 41 (2500MHz),-85.3,-13.0,11.3,100.0,60.2,170.3
2026-07-20 17:00:00,TKYO-009-1,TKYO-009,Band 1 (2100MHz),-84.2,-13.8,15.2,86.2,67.2,157.8
2026-07-20 17:00:00,TKYO-009-2,TKYO-009,Band 1 (2100MHz),-88.9,-13.4,2.9,100.0,59.0,175.9
2026-07-20 17:00:00,TKYO-009-3,TKYO-009,Band 1 (2100MHz),-84.3,-16.8,12.5,100.0,66.5,179.1
2026-07-20 17:00:00,TKYO-010-1,TKYO-010,Band 41 (2500MHz),-88.2,-10.4,3.8,99.2,63.7,186.7
2026-07-20 17:00:00,TKYO-010-2,TKYO-010,Band 41 (2500MHz),-83.9,-9.0,8.5,100.0,57.9,165.0
2026-07-20 17:00:00,TKYO-010-3,TKYO-010,Band 41 (2500MHz),-79.9,-14.1,1.7,92.2,63.5,158.0
2026-07-20 17:00:00,TKYO-011-1,TKYO-011,Band 1 (2100MHz),-88.2,-12.4,12.0,100.0,74.0,169.1
2026-07-20 17:00:00,TKYO-011-2,TKYO-011,Band 1 (2100MHz),-86.1,-15.2,8.0,93.2,62.9,161.4
2026-07-20 17:00:00,TKYO-011-3,TKYO-011,Band 1 (2100MHz),-80.7,-14.3,5.1,100.0,82.1,151.3
2026-07-20 17:00:00,TKYO-012-1,TKYO-012,Band 41 (2500MHz),-83.6,-13.8,6.2,100.0,66.8,167.3
2026-07-20 17:00:00,TKYO-012-2,TKYO-012,Band 41 (2500MHz),-82.9,-16.3,6.4,99.9,64.4,137.6
2026-07-20 17:00:00,TKYO-012-3,TKYO-012,Band 41 (2500MHz),-86.4,-11.6,4.9,91.4,52.9,188.4
2026-07-20 17:00:00,TKYO-013-1,TKYO-013,Band 1 (2100MHz),-81.2,-12.4,10.0,100.0,54.3,172.1
2026-07-20 17:00:00,TKYO-013-2,TKYO-013,Band 1 (2100MHz),-91.0,-16.3,-5.9,100.0,57.1,181.2
2026-07-20 17:00:00,TKYO-013-3,TKYO-013,Band 1 (2100MHz),-86.0,-12.4,0.2,100.0,61.0,165.3
2026-07-20 17:00:00,TKYO-014-1,TKYO-014,Band 41 (2500MHz),-83.8,-14.7,9.2,95.4,58.2,180.1
2026-07-20 17:00:00,TKYO-014-2,TKYO-014,Band 41 (2500MHz),-101.7,-19.2,-9.7,100.0,65.3,155.2
2026-07-20 17:00:00,TKYO-014-3,TKYO-014,Band 41 (2500MHz),-85.0,-12.1,3.2,100.0,57.1,158.2
2026-07-20 17:00:00,TKYO-015-1,TKYO-015,Band 1 (2100MHz),-86.7,-8.6,3.5,100.0,48.5,177.0
2026-07-20 17:00:00,TKYO-015-2,TKYO-015,Band 1 (2100MHz),-92.2,-13.4,4.1,100.0,57.4,173.1
2026-07-20 17:00:00,TKYO-015-3,TKYO-015,Band 1 (2100MHz),-86.1,-15.3,7.9,97.8,58.2,144.6
2026-07-20 17:00:00,TKYO-016-1,TKYO-016,Band 41 (2500MHz),-85.6,-11.0,12.0,100.0,57.2,170.9
2026-07-20 17:00:00,TKYO-016-2,TKYO-016,Band 41 (2500MHz),-84.3,-16.1,2.5,92.0,60.7,155.4
2026-07-20 17:00:00,TKYO-016-3,TKYO-016,Band 41 (2500MHz),-86.2,-13.4,13.6,100.0,53.1,178.6
2026-07-20 18:00:00,TKYO-001-1,TKYO-001,Band 1 (2100MHz),-88.7,-12.8,7.6,100.0,57.9,160.8
2026-07-20 18:00:00,TKYO-001-2,TKYO-001,Band 1 (2100MHz),-85.3,-11.3,7.3,100.0,70.2,164.4
2026-07-20 18:00:00,TKYO-001-3,TKYO-001,Band 1 (2100MHz),-82.6,-13.2,12.4,100.0,65.8,193.5
2026-07-20 18:00:00,TKYO-002-1,TKYO-002,Band 41 (2500MHz),-90.7,-11.3,7.6,89.7,74.0,171.9
2026-07-20 18:00:00,TKYO-002-2,TKYO-002,Band 41 (2500MHz),-78.8,-12.7,-8.9,84.4,69.9,163.6
2026-07-20 18:00:00,TKYO-002-3,TKYO-002,Band 41 (2500MHz),-77.1,-14.1,11.8,100.0,72.6,175.4
2026-07-20 18:00:00,TKYO-003-1,TKYO-003,Band 1 (2100MHz),-81.1,-16.0,9.0,100.0,70.2,178.8
2026-07-20 18:00:00,TKYO-003-2,TKYO-003,Band 1 (2100MHz),-100.9,-15.2,-9.2,90.7,57.4,158.0
2026-07-20 18:00:00,TKYO-003-3,TKYO-003,Band 1 (2100MHz),-84.5,-12.3,1.5,99.2,51.4,208.9
2026-07-20 18:00:00,TKYO-004-1,TKYO-004,Band 41 (2500MHz),-77.5,-15.4,2.0,100.0,51.4,167.3
2026-07-20 18:00:00,TKYO-004-2,TKYO-004,Band 41 (2500MHz),-82.0,-13.1,9.1,100.0,55.7,170.6
2026-07-20 18:00:00,TKYO-004-3,TKYO-004,Band 41 (2500MHz),-79.2,-13.5,3.6,100.0,85.1,219.9
2026-07-20 18:00:00,TKYO-005-1,TKYO-005,Band 1 (2100MHz),-83.5,-14.5,12.1,100.0,56.2,186.3
2026-07-20 18:00:00,TKYO-005-2,TKYO-005,Band 1 (2100MHz),-82.1,-15.3,4.4,100.0,66.2,181.9
2026-07-20 18:00:00,TKYO-005-3,TKYO-005,Band 1 (2100MHz),-85.2,-13.3,10.9,90.7,66.0,162.1
2026-07-20 18:00:00,TKYO-006-1,TKYO-006,Band 41 (2500MHz),-81.0,-12.9,6.0,100.0,64.7,158.6
2026-07-20 18:00:00,TKYO-006-2,TKYO-006,Band 41 (2500MHz),-84.8,-14.3,8.1,100.0,43.1,158.7
2026-07-20 18:00:00,TKYO-006-3,TKYO-006,Band 41 (2500MHz),-84.2,-13.0,-0.8,100.0,56.8,143.0
2026-07-20 18:00:00,TKYO-007-1,TKYO-007,Band 1 (2100MHz),-80.0,-15.6,10.7,100.0,66.7,171.6
2026-07-20 18:00:00,TKYO-007-2,TKYO-007,Band 1 (2100MHz),-88.7,-12.7,3.4,100.0,59.9,191.4
2026-07-20 18:00:00,TKYO-007-3,TKYO-007,Band 1 (2100MHz),-98.0,-15.9,-3.1,95.4,62.9,167.0
2026-07-20 18:00:00,TKYO-008-1,TKYO-008,Band 41 (2500MHz),-80.1,-12.1,5.2,100.0,65.6,140.2
2026-07-20 18:00:00,TKYO-008-2,TKYO-008,Band 41 (2500MHz),-82.6,-13.4,2.7,100.0,81.1,175.2
2026-07-20 18:00:00,TKYO-008-3,TKYO-008,Band 41 (2500MHz),-78.5,-11.1,5.5,100.0,72.8,162.7
2026-07-20 18:00:00,TKYO-009-1,TKYO-009,Band 1 (2100MHz),-76.5,-12.9,1.3,99.1,65.7,154.6
2026-07-20 18:00:00,TKYO-009-2,TKYO-009,Band 1 (2100MHz),-88.4,-13.9,16.6,78.8,65.4,193.6
2026-07-20 18:00:00,TKYO-009-3,TKYO-009,Band 1 (2100MHz),-89.3,-16.0,6.1,100.0,70.2,165.5
2026-07-20 18:00:00,TKYO-010-1,TKYO-010,Band 41 (2500MHz),-84.1,-14.7,5.8,100.0,65.9,176.2
2026-07-20 18:00:00,TKYO-010-2,TKYO-010,Band 41 (2500MHz),-85.2,-14.8,4.7,100.0,73.3,188.1
2026-07-20 18:00:00,TKYO-010-3,TKYO-010,Band 41 (2500MHz),-81.4,-15.1,7.2,100.0,73.5,176.6
2026-07-20 18:00:00,TKYO-011-1,TKYO-011,Band 1 (2100MHz),-78.4,-11.0,10.5,100.0,50.4,164.4
2026-07-20 18:00:00,TKYO-011-2,TKYO-011,Band 1 (2100MHz),-90.0,-9.7,-3.3,100.0,54.0,156.9
2026-07-20 18:00:00,TKYO-011-3,TKYO-011,Band 1 (2100MHz),-79.2,-11.9,9.2,92.8,57.4,117.7
2026-07-20 18:00:00,TKYO-012-1,TKYO-012,Band 41 (2500MHz),-87.5,-13.5,4.6,100.0,59.6,191.9
2026-07-20 18:00:00,TKYO-012-2,TKYO-012,Band 41 (2500MHz),-84.1,-14.4,3.3,100.0,71.2,225.9
2026-07-20 18:00:00,TKYO-012-3,TKYO-012,Band 41 (2500MHz),-78.9,-14.3,13.7,100.0,61.7,165.3
2026-07-20 18:00:00,TKYO-013-1,TKYO-013,Band 1 (2100MHz),-89.4,-10.9,19.3,100.0,66.1,149.8
2026-07-20 18:00:00,TKYO-013-2,TKYO-013,Band 1 (2100MHz),-100.9,-18.7,2.2,100.0,87.7,148.8
2026-07-20 18:00:00,TKYO-013-3,TKYO-013,Band 1 (2100MHz),-82.1,-12.9,12.2,100.0,54.6,200.1
2026-07-20 18:00:00,TKYO-014-1,TKYO-014,Band 41 (2500MHz),-88.5,-15.9,6.8,91.1,59.7,173.3
2026-07-20 18:00:00,TKYO-014-2,TKYO-014,Band 41 (2500MHz),-98.3,-14.0,-3.7,100.0,64.2,167.2
2026-07-20 18:00:00,TKYO-014-3,TKYO-014,Band 41 (2500MHz),-82.1,-15.4,11.5,86.5,64.8,186.2
2026-07-20 18:00:00,TKYO-015-1,TKYO-015,Band 1 (2100MHz),-82.9,-14.1,9.0,98.4,44.5,193.8
2026-07-20 18:00:00,TKYO-015-2,TKYO-015,Band 1 (2100MHz),-81.0,-12.9,13.2,98.0,59.8,201.3
2026-07-20 18:00:00,TKYO-015-3,TKYO-015,Band 1 (2100MHz),-87.4,-13.0,8.1,100.0,61.6,167.8
2026-07-20 18:00:00,TKYO-016-1,TKYO-016,Band 41 (2500MHz),-82.7,-11.3,10.6,97.0,63.2,170.9
2026-07-20 18:00:00,TKYO-016-2,TKYO-016,Band 41 (2500MHz),-83.8,-9.8,3.7,100.0,53.4,158.4
2026-07-20 18:00:00,TKYO-016-3,TKYO-016,Band 41 (2500MHz),-84.6,-14.6,13.7,94.6,75.9,170.5
2026-07-20 19:00:00,TKYO-001-1,TKYO-001,Band 1 (2100MHz),-81.0,-12.8,8.7,100.0,48.9,197.9
2026-07-20 19:00:00,TKYO-001-2,TKYO-001,Band 1 (2100MHz),-85.1,-13.2,10.7,88.9,62.6,174.9
2026-07-20 19:00:00,TKYO-001-3,TKYO-001,Band 1 (2100MHz),-81.0,-11.1,12.0,90.5,53.8,171.6
2026-07-20 19:00:00,TKYO-002-1,TKYO-002,Band 41 (2500MHz),-81.9,-14.3,-1.7,100.0,52.6,183.6
2026-07-20 19:00:00,TKYO-002-2,TKYO-002,Band 41 (2500MHz),-83.7,-12.0,3.2,100.0,86.5,171.2
2026-07-20 19:00:00,TKYO-002-3,TKYO-002,Band 41 (2500MHz),-89.1,-14.4,13.4,100.0,74.0,147.4
2026-07-20 19:00:00,TKYO-003-1,TKYO-003,Band 1 (2100MHz),-79.4,-11.7,5.6,100.0,79.1,151.6
2026-07-20 19:00:00,TKYO-003-2,TKYO-003,Band 1 (2100MHz),-96.3,-17.0,6.2,78.8,58.5,185.3
2026-07-20 19:00:00,TKYO-003-3,TKYO-003,Band 1 (2100MHz),-77.6,-11.9,8.2,90.3,51.3,189.1
2026-07-20 19:00:00,TKYO-004-1,TKYO-004,Band 41 (2500MHz),-84.4,-11.4,1.9,100.0,47.5,141.7
2026-07-20 19:00:00,TKYO-004-2,TKYO-004,Band 41 (2500MHz),-87.7,-12.0,13.1,94.4,50.5,169.9
2026-07-20 19:00:00,TKYO-004-3,TKYO-004,Band 41 (2500MHz),-87.2,-12.2,2.9,94.1,59.1,181.4
2026-07-20 19:00:00,TKYO-005-1,TKYO-005,Band 1 (2100MHz),-86.8,-15.7,12.1,95.2,61.9,179.0
2026-07-20 19:00:00,TKYO-005-2,TKYO-005,Band 1 (2100MHz),-80.1,-9.9,9.8,100.0,55.3,154.6
2026-07-20 19:00:00,TKYO-005-3,TKYO-005,Band 1 (2100MHz),-95.9,-17.2,0.0,100.0,50.7,163.5
2026-07-20 19:00:00,TKYO-006-1,TKYO-006,Band 41 (2500MHz),-86.8,-11.4,11.8,100.0,71.1,159.3
2026-07-20 19:00:00,TKYO-006-2,TKYO-006,Band 41 (2500MHz),-87.7,-11.3,7.8,100.0,56.5,200.2
2026-07-20 19:00:00,TKYO-006-3,TKYO-006,Band 41 (2500MHz),-83.7,-12.6,6.7,82.6,57.0,189.9
2026-07-20 19:00:00,TKYO-007-1,TKYO-007,Band 1 (2100MHz),-93.9,-15.5,14.4,79.0,61.0,168.2
2026-07-20 19:00:00,TKYO-007-2,TKYO-007,Band 1 (2100MHz),-86.3,-14.1,10.1,100.0,51.1,186.3
2026-07-20 19:00:00,TKYO-007-3,TKYO-007,Band 1 (2100MHz),-99.2,-15.9,7.6,83.2,64.2,188.5
2026-07-20 19:00:00,TKYO-008-1,TKYO-008,Band 41 (2500MHz),-83.0,-13.0,4.5,100.0,67.0,121.7
2026-07-20 19:00:00,TKYO-008-2,TKYO-008,Band 41 (2500MHz),-81.3,-12.9,7.6,84.6,59.9,186.7
2026-07-20 19:00:00,TKYO-008-3,TKYO-008,Band 41 (2500MHz),-87.8,-10.7,5.2,100.0,63.5,129.4
2026-07-20 19:00:00,TKYO-009-1,TKYO-009,Band 1 (2100MHz),-89.8,-12.5,-0.1,100.0,54.5,160.8
2026-07-20 19:00:00,TKYO-009-2,TKYO-009,Band 1 (2100MHz),-80.2,-14.4,5.9,100.0,57.0,183.6
2026-07-20 19:00:00,TKYO-009-3,TKYO-009,Band 1 (2100MHz),-84.6,-14.7,3.7,100.0,61.7,151.7
2026-07-20 19:00:00,TKYO-010-1,TKYO-010,Band 41 (2500MHz),-82.1,-12.2,-0.6,100.0,51.5,148.1
2026-07-20 19:00:00,TKYO-010-2,TKYO-010,Band 41 (2500MHz),-78.2,-13.6,14.9,100.0,45.7,158.7
2026-07-20 19:00:00,TKYO-010-3,TKYO-010,Band 41 (2500MHz),-82.5,-12.8,8.0,99.5,56.4,165.1
2026-07-20 19:00:00,TKYO-011-1,TKYO-011,Band 1 (2100MHz),-78.3,-14.5,8.7,89.1,73.7,169.0
2026-07-20 19:00:00,TKYO-011-2,TKYO-011,Band 1 (2100MHz),-85.9,-12.6,9.8,95.3,59.1,137.9
2026-07-20 19:00:00,TKYO-011-3,TKYO-011,Band 1 (2100MHz),-87.9,-11.9,8.4,99.0,52.4,136.4
2026-07-20 19:00:00,TKYO-012-1,TKYO-012,Band 41 (2500MHz),-75.1,-17.4,9.8,77.2,63.7,141.8
2026-07-20 19:00:00,TKYO-012-2,TKYO-012,Band 41 (2500MHz),-83.7,-16.9,4.8,95.5,60.1,125.2
2026-07-20 19:00:00,TKYO-012-3,TKYO-012,Band 41 (2500MHz),-92.6,-9.8,7.4,100.0,63.0,166.5
2026-07-20 19:00:00,TKYO-013-1,TKYO-013,Band 1 (2100MHz),-82.3,-13.1,15.0,100.0,56.2,189.3
2026-07-20 19:00:00,TKYO-013-2,TKYO-013,Band 1 (2100MHz),-100.7,-20.8,4.3,91.7,50.7,176.2
2026-07-20 19:00:00,TKYO-013-3,TKYO-013,Band 1 (2100MHz),-84.3,-10.6,13.9,95.2,61.3,155.8
2026-07-20 19:00:00,TKYO-014-1,TKYO-014,Band 41 (2500MHz),-84.1,-11.4,12.1,86.6,76.6,143.1
2026-07-20 19:00:00,TKYO-014-2,TKYO-014,Band 41 (2500MHz),-98.0,-14.8,0.5,100.0,64.3,185.4
2026-07-20 19:00:00,TKYO-014-3,TKYO-014,Band 41 (2500MHz),-78.2,-13.2,18.4,100.0,57.4,132.7
2026-07-20 19:00:00,TKYO-015-1,TKYO-015,Band 1 (2100MHz),-78.6,-10.1,7.8,83.0,52.8,191.5
2026-07-20 19:00:00,TKYO-015-2,TKYO-015,Band 1 (2100MHz),-86.0,-18.0,-0.6,100.0,70.2,141.3
2026-07-20 19:00:00,TKYO-015-3,TKYO-015,Band 1 (2100MHz),-81.4,-14.6,12.9,100.0,67.1,192.9
2026-07-20 19:00:00,TKYO-016-1,TKYO-016,Band 41 (2500MHz),-86.5,-14.6,9.1,100.0,67.3,162.6
2026-07-20 19:00:00,TKYO-016-2,TKYO-016,Band 41 (2500MHz),-87.8,-10.6,6.4,100.0,47.1,148.4
2026-07-20 19:00:00,TKYO-016-3,TKYO-016,Band 41 (2500MHz),-79.2,-10.6,9.3,100.0,57.1,148.0
2026-07-20 20:00:00,TKYO-001-1,TKYO-001,Band 1 (2100MHz),-83.3,-8.3,11.5,78.2,43.7,169.7
2026-07-20 20:00:00,TKYO-001-2,TKYO-001,Band 1 (2100MHz),-85.7,-12.5,9.6,86.4,61.1,123.5
2026-07-20 20:00:00,TKYO-001-3,TKYO-001,Band 1 (2100MHz),-83.8,-11.0,22.8,81.1,67.5,141.4
2026-07-20 20:00:00,TKYO-002-1,TKYO-002,Band 41 (2500MHz),-86.1,-9.1,14.4,77.8,57.7,168.1
2026-07-20 20:00:00,TKYO-002-2,TKYO-002,Band 41 (2500MHz),-77.0,-11.4,7.3,83.3,43.7,179.6
2026-07-20 20:00:00,TKYO-002-3,TKYO-002,Band 41 (2500MHz),-89.8,-13.3,1.0,100.0,72.6,165.3
2026-07-20 20:00:00,TKYO-003-1,TKYO-003,Band 1 (2100MHz),-82.7,-10.7,4.5,80.8,61.8,162.6
2026-07-20 20:00:00,TKYO-003-2,TKYO-003,Band 1 (2100MHz),-98.9,-15.6,2.1,88.8,43.6,172.5
2026-07-20 20:00:00,TKYO-003-3,TKYO-003,Band 1 (2100MHz),-90.7,-13.8,7.3,100.0,52.4,163.7
2026-07-20 20:00:00,TKYO-004-1,TKYO-004,Band 41 (2500MHz),-81.6,-11.9,13.1,100.0,60.9,156.9
2026-07-20 20:00:00,TKYO-004-2,TKYO-004,Band 41 (2500MHz),-75.4,-16.6,9.7,100.0,35.1,132.4
2026-07-20 20:00:00,TKYO-004-3,TKYO-004,Band 41 (2500MHz),-87.6,-13.7,0.8,92.7,45.0,146.5
2026-07-20 20:00:00,TKYO-005-1,TKYO-005,Band 1 (2100MHz),-86.5,-14.0,8.3,80.7,63.3,140.6
2026-07-20 20:00:00,TKYO-005-2,TKYO-005,Band 1 (2100MHz),-89.6,-9.2,9.8,88.4,40.2,129.5
2026-07-20 20:00:00,TKYO-005-3,TKYO-005,Band 1 (2100MHz),-98.1,-19.1,-1.7,100.0,67.6,186.5
2026-07-20 20:00:00,TKYO-006-1,TKYO-006,Band 41 (2500MHz),-83.5,-16.5,7.7,86.6,50.8,172.8
2026-07-20 20:00:00,TKYO-006-2,TKYO-006,Band 41 (2500MHz),-86.0,-16.0,-2.3,84.0,46.9,136.9
2026-07-20 20:00:00,TKYO-006-3,TKYO-006,Band 41 (2500MHz),-75.0,-9.5,3.6,100.0,55.6,171.2
2026-07-20 20:00:00,TKYO-007-1,TKYO-007,Band 1 (2100MHz),-85.6,-13.3,7.3,73.7,62.3,163.1
2026-07-20 20:00:00,TKYO-007-2,TKYO-007,Band 1 (2100MHz),-83.3,-15.6,7.8,96.1,62.4,148.5
2026-07-20 20:00:00,TKYO-007-3,TKYO-007,Band 1 (2100MHz),-94.9,-15.7,3.6,88.1,72.3,137.2
2026-07-20 20:00:00,TKYO-008-1,TKYO-008,Band 41 (2500MHz),-84.0,-10.9,5.6,81.0,51.8,188.6
2026-07-20 20:00:00,TKYO-008-2,TKYO-008,Band 41 (2500MHz),-81.0,-13.8,4.9,100.0,65.6,136.8
2026-07-20 20:00:00,TKYO-008-3,TKYO-008,Band 41 (2500MHz),-85.4,-13.6,10.6,99.6,54.0,124.6
2026-07-20 20:00:00,TKYO-009-1,TKYO-009,Band 1 (2100MHz),-84.3,-9.0,14.3,92.8,46.8,163.8
2026-07-20 20:00:00,TKYO-009-2,TKYO-009,Band 1 (2100MHz),-87.5,-12.8,11.2,91.2,57.3,150.1
2026-07-20 20:00:00,TKYO-009-3,TKYO-009,Band 1 (2100MHz),-79.9,-15.5,8.3,90.5,47.2,170.6
2026-07-20 20:00:00,TKYO-010-1,TKYO-010,Band 41 (2500MHz),-79.7,-13.1,1.7,97.9,46.1,172.1
2026-07-20 20:00:00,TKYO-010-2,TKYO-010,Band 41 (2500MHz),-80.0,-14.5,1.4,86.8,53.6,109.7
2026-07-20 20:00:00,TKYO-010-3,TKYO-010,Band 41 (2500MHz),-80.1,-11.2,4.8,87.8,47.6,115.4
2026-07-20 20:00:00,TKYO-011-1,TKYO-011,Band 1 (2100MHz),-87.3,-12.8,10.1,100.0,52.5,128.5
2026-07-20 20:00:00,TKYO-011-2,TKYO-011,Band 1 (2100MHz),-84.7,-16.5,2.9,86.9,57.7,156.9
2026-07-20 20:00:00,TKYO-011-3,TKYO-011,Band 1 (2100MHz),-81.3,-9.2,8.1,79.9,51.9,171.2
2026-07-20 20:00:00,TKYO-012-1,TKYO-012,Band 41 (2500MHz),-90.4,-14.2,1.8,84.4,49.5,136.7
2026-07-20 20:00:00,TKYO-012-2,TKYO-012,Band 41 (2500MHz),-86.9,-12.7,0.6,90.6,54.5,129.6
2026-07-20 20:00:00,TKYO-012-3,TKYO-012,Band 41 (2500MHz),-84.5,-13.6,6.3,100.0,45.6,183.3
2026-07-20 20:00:00,TKYO-013-1,TKYO-013,Band 1 (2100MHz),-79.6,-15.6,12.2,100.0,55.1,147.7
2026-07-20 20:00:00,TKYO-013-2,TKYO-013,Band 1 (2100MHz),-90.7,-18.9,-1.9,97.8,56.6,140.6
2026-07-20 20:00:00,TKYO-013-3,TKYO-013,Band 1 (2100MHz),-89.9,-11.0,10.0,98.4,47.4,157.0
2026-07-20 20:00:00,TKYO-014-1,TKYO-014,Band 41 (2500MHz),-82.1,-13.4,4.7,92.9,55.7,117.0
2026-07-20 20:00:00,TKYO-014-2,TKYO-014,Band 41 (2500MHz),-93.6,-14.8,-0.2,89.0,54.5,130.2
2026-07-20 20:00:00,TKYO-014-3,TKYO-014,Band 41 (2500MHz),-75.5,-10.0,1.3,100.0,50.9,169.3
2026-07-20 20:00:00,TKYO-015-1,TKYO-015,Band 1 (2100MHz),-82.9,-18.5,17.2,100.0,60.7,135.0
2026-07-20 20:00:00,TKYO-015-2,TKYO-015,Band 1 (2100MHz),-79.4,-15.7,1.9,99.4,56.5,140.1
2026-07-20 20:00:00,TKYO-015-3,TKYO-015,Band 1 (2100MHz),-81.7,-12.2,11.2,94.2,44.5,145.0
2026-07-20 20:00:00,TKYO-016-1,TKYO-016,Band 41 (2500MHz),-77.1,-12.3,1.6,100.0,60.5,152.2
2026-07-20 20:00:00,TKYO-016-2,TKYO-016,Band 41 (2500MHz),-83.6,-11.2,-9.9,88.9,56.6,161.3
2026-07-20 20:00:00,TKYO-016-3,TKYO-016,Band 41 (2500MHz),-81.6,-13.2,4.9,99.3,68.7,136.9
2026-07-20 21:00:00,TKYO-001-1,TKYO-001,Band 1 (2100MHz),-78.6,-10.9,7.0,10.1,13.1,50.1
2026-07-20 21:00:00,TKYO-001-2,TKYO-001,Band 1 (2100MHz),-88.1,-6.7,6.8,13.2,21.1,68.8
2026-07-20 21:00:00,TKYO-001-3,TKYO-001,Band 1 (2100MHz),-80.3,-5.9,7.6,41.3,12.8,92.1
2026-07-20 21:00:00,TKYO-002-1,TKYO-002,Band 41 (2500MHz),-84.8,-8.5,2.7,0.0,12.7,42.3
2026-07-20 21:00:00,TKYO-002-2,TKYO-002,Band 41 (2500MHz),-81.7,-10.3,4.7,24.6,13.4,16.2
2026-07-20 21:00:00,TKYO-002-3,TKYO-002,Band 41 (2500MHz),-82.2,-10.5,10.1,29.4,1.7,74.8
2026-07-20 21:00:00,TKYO-003-1,TKYO-003,Band 1 (2100MHz),-79.2,-10.7,6.4,52.9,20.6,40.1
2026-07-20 21:00:00,TKYO-003-2,TKYO-003,Band 1 (2100MHz),-92.5,-10.0,-6.5,24.6,19.3,76.9
2026-07-20 21:00:00,TKYO-003-3,TKYO-003,Band 1 (2100MHz),-87.2,-6.1,9.8,12.6,19.9,48.9
2026-07-20 21:00:00,TKYO-004-1,TKYO-004,Band 41 (2500MHz),-85.7,-7.8,2.4,33.0,19.1,65.6
2026-07-20 21:00:00,TKYO-004-2,TKYO-004,Band 41 (2500MHz),-80.1,-7.1,6.3,41.5,22.4,24.6
2026-07-20 21:00:00,TKYO-004-3,TKYO-004,Band 41 (2500MHz),-85.8,-8.9,8.6,32.9,11.3,37.8
2026-07-20 21:00:00,TKYO-005-1,TKYO-005,Band 1 (2100MHz),-86.2,-7.6,-1.9,22.0,30.9,19.5
2026-07-20 21:00:00,TKYO-005-2,TKYO-005,Band 1 (2100MHz),-88.2,-7.6,8.3,24.2,17.0,15.2
2026-07-20 21:00:00,TKYO-005-3,TKYO-005,Band 1 (2100MHz),-93.4,-14.5,1.7,0.0,6.1,38.2
2026-07-20 21:00:00,TKYO-006-1,TKYO-006,Band 41 (2500MHz),-86.6,-4.8,6.8,28.3,14.7,0.0
2026-07-20 21:00:00,TKYO-006-2,TKYO-006,Band 41 (2500MHz),-89.2,-8.3,6.4,39.2,9.0,68.6
2026-07-20 21:00:00,TKYO-006-3,TKYO-006,Band 41 (2500MHz),-81.1,-11.6,9.0,18.4,16.3,53.6
2026-07-20 21:00:00,TKYO-007-1,TKYO-007,Band 1 (2100MHz),-82.1,-7.5,11.4,24.5,13.8,0.0
2026-07-20 21:00:00,TKYO-007-2,TKYO-007,Band 1 (2100MHz),-84.1,-9.1,4.3,15.1,20.4,56.7
2026-07-20 21:00:00,TKYO-007-3,TKYO-007,Band 1 (2100MHz),-96.1,-14.2,4.2,21.3,13.5,26.6
2026-07-20 21:00:00,TKYO-008-1,TKYO-008,Band 41 (2500MHz),-89.4,-9.7,0.5,13.1,4.3,50.8
2026-07-20 21:00:00,TKYO-008-2,TKYO-008,Band 41 (2500MHz),-84.9,-7.9,8.1,46.3,0.0,44.8
2026-07-20 21:00:00,TKYO-008-3,TKYO-008,Band 41 (2500MHz),-85.2,-9.0,0.4,26.2,23.6,64.8
2026-07-20 21:00:00,TKYO-009-1,TKYO-009,Band 1 (2100MHz),-91.2,-9.9,-0.8,22.5,24.8,26.6
2026-07-20 21:00:00,TKYO-009-2,TKYO-009,Band 1 (2100MHz),-83.9,-7.5,10.0,38.6,1.2,36.8
2026-07-20 21:00:00,TKYO-009-3,TKYO-009,Band 1 (2100MHz),-87.7,-4.1,14.8,33.0,9.9,49.0
2026-07-20 21:00:00,TKYO-010-1,TKYO-010,Band 41 (2500MHz),-79.3,-11.0,4.6,17.2,17.8,67.5
2026-07-20 21:00:00,TKYO-010-2,TKYO-010,Band 41 (2500MHz),-84.0,-9.9,14.8,13.8,0.0,32.0
2026-07-20 21:00:00,TKYO-010-3,TKYO-010,Band 41 (2500MHz),-79.1,-5.2,6.2,21.3,25.8,50.9
2026-07-20 21:00:00,TKYO-011-1,TKYO-011,Band 1 (2100MHz),-83.2,-8.7,10.3,27.3,13.8,30.0
2026-07-20 21:00:00,TKYO-011-2,TKYO-011,Band 1 (2100MHz),-87.6,-5.3,4.7,9.4,18.0,57.7
2026-07-20 21:00:00,TKYO-011-3,TKYO-011,Band 1 (2100MHz),-80.0,-6.9,3.7,29.3,15.6,75.5
2026-07-20 21:00:00,TKYO-012-1,TKYO-012,Band 41 (2500MHz),-88.3,-11.2,10.6,17.9,29.3,55.4
2026-07-20 21:00:00,TKYO-012-2,TKYO-012,Band 41 (2500MHz),-83.2,-10.8,10.8,23.7,0.0,33.3
2026-07-20 21:00:00,TKYO-012-3,TKYO-012,Band 41 (2500MHz),-83.2,-13.0,7.3,5.5,10.2,108.1
2026-07-20 21:00:00,TKYO-013-1,TKYO-013,Band 1 (2100MHz),-83.2,-7.8,14.1,14.2,26.8,11.9
2026-07-20 21:00:00,TKYO-013-2,TKYO-013,Band 1 (2100MHz),-93.4,-10.9,-1.7,7.7,15.5,17.9
2026-07-20 21:00:00,TKYO-013-3,TKYO-013,Band 1 (2100MHz),-82.4,-9.0,15.7,25.9,5.5,67.8
2026-07-20 21:00:00,TKYO-014-1,TKYO-014,Band 41 (2500MHz),-84.1,-8.5,1.4,25.4,8.8,37.4
2026-07-20 21:00:00,TKYO-014-2,TKYO-014,Band 41 (2500MHz),-94.4,-11.0,0.4,0.6,18.6,32.9
2026-07-20 21:00:00,TKYO-014-3,TKYO-014,Band 41 (2500MHz),-84.1,-9.6,2.2,17.0,7.0,41.2
2026-07-20 21:00:00,TKYO-015-1,TKYO-015,Band 1 (2100MHz),-84.9,-8.4,11.2,15.8,7.1,0.0
2026-07-20 21:00:00,TKYO-015-2,TKYO-015,Band 1 (2100MHz),-83.8,-7.9,5.1,45.2,4.7,24.2
2026-07-20 21:00:00,TKYO-015-3,TKYO-015,Band 1 (2100MHz),-82.9,-4.2,9.3,25.8,17.2,21.9
2026-07-20 21:00:00,TKYO-016-1,TKYO-016,Band 41 (2500MHz),-85.5,-7.6,1.6,0.0,26.0,41.7
2026-07-20 21:00:00,TKYO-016-2,TKYO-016,Band 41 (2500MHz),-84.4,-7.9,7.3,53.2,21.6,22.3
2026-07-20 21:00:00,TKYO-016-3,TKYO-016,Band 41 (2500MHz),-85.0,-9.1,0.9,17.8,9.7,32.7
2026-07-20 22:00:00,TKYO-001-1,TKYO-001,Band 1 (2100MHz),-83.1,-3.2,8.1,10.1,0.0,10.8
2026-07-20 22:00:00,TKYO-001-2,TKYO-001,Band 1 (2100MHz),-88.9,-7.0,2.8,0.4,17.5,0.0
2026-07-20 22:00:00,TKYO-001-3,TKYO-001,Band 1 (2100MHz),-79.9,-5.4,3.8,11.8,10.1,0.1
2026-07-20 22:00:00,TKYO-002-1,TKYO-002,Band 41 (2500MHz),-81.8,-10.6,12.0,0.0,11.0,45.8
2026-07-20 22:00:00,TKYO-002-2,TKYO-002,Band 41 (2500MHz),-82.5,-10.0,4.0,5.0,0.7,41.4
2026-07-20 22:00:00,TKYO-002-3,TKYO-002,Band 41 (2500MHz),-83.2,-6.0,1.6,16.8,9.6,56.6
2026-07-20 22:00:00,TKYO-003-1,TKYO-003,Band 1 (2100MHz),-88.4,-5.8,9.5,0.0,0.0,7.6
2026-07-20 22:00:00,TKYO-003-2,TKYO-003,Band 1 (2100MHz),-96.9,-13.4,0.4,0.0,10.3,10.9
2026-07-20 22:00:00,TKYO-003-3,TKYO-003,Band 1 (2100MHz),-92.3,-5.7,3.7,30.9,8.2,6.4
2026-07-20 22:00:00,TKYO-004-1,TKYO-004,Band 41 (2500MHz),-82.6,-7.1,9.6,35.5,16.8,0.0
2026-07-20 22:00:00,TKYO-004-2,TKYO-004,Band 41 (2500MHz),-82.7,-11.4,4.0,13.6,0.0,35.2
2026-07-20 22:00:00,TKYO-004-3,TKYO-004,Band 41 (2500MHz),-73.5,-9.8,18.0,0.0,18.7,22.3
2026-07-20 22:00:00,TKYO-005-1,TKYO-005,Band 1 (2100MHz),-82.9,-6.2,1.9,0.0,0.0,62.0
2026-07-20 22:00:00,TKYO-005-2,TKYO-005,Band 1 (2100MHz),-82.8,-7.7,-0.2,1.1,22.7,1.6
2026-07-20 22:00:00,TKYO-005-3,TKYO-005,Band 1 (2100MHz),-92.3,-14.7,5.6,28.7,8.6,27.4
2026-07-20 22:00:00,TKYO-006-1,TKYO-006,Band 41 (2500MHz),-86.9,-5.9,3.4,6.6,10.2,14.8
2026-07-20 22:00:00,TKYO-006-2,TKYO-006,Band 41 (2500MHz),-84.5,-7.3,8.3,6.9,16.1,0.0
2026-07-20 22:00:00,TKYO-006-3,TKYO-006,Band 41 (2500MHz),-81.3,-5.1,1.6,28.7,0.0,35.5
2026-07-20 22:00:00,TKYO-007-1,TKYO-007,Band 1 (2100MHz),-80.2,-9.5,12.5,14.3,15.2,21.3
2026-07-20 22:00:00,TKYO-007-2,TKYO-007,Band 1 (2100MHz),-79.6,-10.7,-1.7,13.2,18.5,6.7
2026-07-20 22:00:00,TKYO-007-3,TKYO-007,Band 1 (2100MHz),-96.3,-11.3,-3.8,42.3,5.4,53.0
2026-07-20 22:00:00,TKYO-008-1,TKYO-008,Band 41 (2500MHz),-81.6,-12.7,1.2,5.3,3.3,5.5
2026-07-20 22:00:00,TKYO-008-2,TKYO-008,Band 41 (2500MHz),-79.7,-7.8,-2.4,0.3,19.6,63.3
2026-07-20 22:00:00,TKYO-008-3,TKYO-008,Band 41 (2500MHz),-88.7,-7.6,5.4,15.8,16.9,46.2
2026-07-20 22:00:00,TKYO-009-1,TKYO-009,Band 1 (2100MHz),-84.0,-6.8,6.8,7.1,0.0,0.0
2026-07-20 22:00:00,TKYO-009-2,TKYO-009,Band 1 (2100MHz),-84.2,-7.9,11.4,7.9,19.5,23.5
2026-07-20 22:00:00,TKYO-009-3,TKYO-009,Band 1 (2100MHz),-84.6,-2.9,9.3,9.8,8.5,0.0
2026-07-20 22:00:00,TKYO-010-1,TKYO-010,Band 41 (2500MHz),-88.9,-6.4,9.4,0.0,9.4,0.0
2026-07-20 22:00:00,TKYO-010-2,TKYO-010,Band 41 (2500MHz),-84.1,-10.2,9.0,10.6,13.9,37.7
2026-07-20 22:00:00,TKYO-010-3,TKYO-010,Band 41 (2500MHz),-85.7,-8.3,0.1,1.3,1.9,24.7
2026-07-20 22:00:00,TKYO-011-1,TKYO-011,Band 1 (2100MHz),-77.7,-8.5,6.9,4.2,18.8,30.1
2026-07-20 22:00:00,TKYO-011-2,TKYO-011,Band 1 (2100MHz),-89.4,-12.2,9.0,11.8,0.0,39.7
2026-07-20 22:00:00,TKYO-011-3,TKYO-011,Band 1 (2100MHz),-81.4,-8.3,5.7,9.8,1.1,0.0
2026-07-20 22:00:00,TKYO-012-1,TKYO-012,Band 41 (2500MHz),-80.7,-5.8,3.2,14.1,7.4,26.3
2026-07-20 22:00:00,TKYO-012-2,TKYO-012,Band 41 (2500MHz),-85.6,-7.6,10.0,22.8,3.3,0.0
2026-07-20 22:00:00,TKYO-012-3,TKYO-012,Band 41 (2500MHz),-81.9,-7.1,6.3,0.0,16.4,47.1
2026-07-20 22:00:00,TKYO-013-1,TKYO-013,Band 1 (2100MHz),-85.8,-6.4,0.7,0.0,3.0,18.2
2026-07-20 22:00:00,TKYO-013-2,TKYO-013,Band 1 (2100MHz),-98.5,-7.6,-2.3,35.7,11.4,18.9
2026-07-20 22:00:00,TKYO-013-3,TKYO-013,Band 1 (2100MHz),-81.9,-9.4,5.0,14.5,16.2,22.5
2026-07-20 22:00:00,TKYO-014-1,TKYO-014,Band 41 (2500MHz),-79.3,-9.3,3.3,0.0,13.4,32.1
2026-07-20 22:00:00,TKYO-014-2,TKYO-014,Band 41 (2500MHz),-102.8,-13.5,-1.6,0.0,0.0,11.2
2026-07-20 22:00:00,TKYO-014-3,TKYO-014,Band 41 (2500MHz),-75.5,-8.3,3.2,11.3,18.5,47.9
2026-07-20 22:00:00,TKYO-015-1,TKYO-015,Band 1 (2100MHz),-84.3,-5.8,10.4,16.3,10.0,8.8
2026-07-20 22:00:00,TKYO-015-2,TKYO-015,Band 1 (2100MHz),-84.1,-7.8,14.4,25.2,0.0,0.0
2026-07-20 22:00:00,TKYO-015-3,TKYO-015,Band 1 (2100MHz),-80.1,-6.8,1.3,0.0,0.0,25.9
2026-07-20 22:00:00,TKYO-016-1,TKYO-016,Band 41 (2500MHz),-87.0,-10.2,4.9,0.0,12.0,44.6
2026-07-20 22:00:00,TKYO-016-2,TKYO-016,Band 41 (2500MHz),-84.5,-10.6,9.0,10.4,6.9,0.0
2026-07-20 22:00:00,TKYO-016-3,TKYO-016,Band 41 (2500MHz),-87.7,-7.0,4.5,15.2,10.3,29.1
2026-07-20 23:00:00,TKYO-001-1,TKYO-001,Band 1 (2100MHz),-89.0,-7.6,15.4,12.8,13.7,35.6
2026-07-20 23:00:00,TKYO-001-2,TKYO-001,Band 1 (2100MHz),-85.1,-8.4,9.5,0.0,7.1,0.0
2026-07-20 23:00:00,TKYO-001-3,TKYO-001,Band 1 (2100MHz),-85.4,-6.3,16.4,0.0,0.0,14.6
2026-07-20 23:00:00,TKYO-002-1,TKYO-002,Band 41 (2500MHz),-74.1,-12.2,4.5,17.2,0.0,0.0
2026-07-20 23:00:00,TKYO-002-2,TKYO-002,Band 41 (2500MHz),-85.5,-7.3,4.4,8.6,0.0,20.2
2026-07-20 23:00:00,TKYO-002-3,TKYO-002,Band 41 (2500MHz),-78.5,-8.0,16.3,5.5,13.2,8.0
2026-07-20 23:00:00,TKYO-003-1,TKYO-003,Band 1 (2100MHz),-83.0,-7.4,19.0,19.1,3.3,55.6
2026-07-20 23:00:00,TKYO-003-2,TKYO-003,Band 1 (2100MHz),-102.4,-12.7,3.8,19.7,4.9,49.5
2026-07-20 23:00:00,TKYO-003-3,TKYO-003,Band 1 (2100MHz),-78.1,-8.1,6.3,7.5,7.2,36.4
2026-07-20 23:00:00,TKYO-004-1,TKYO-004,Band 41 (2500MHz),-83.1,-7.9,10.1,8.5,11.6,9.1
2026-07-20 23:00:00,TKYO-004-2,TKYO-004,Band 41 (2500MHz),-87.9,-6.4,11.6,9.7,3.2,17.7
2026-07-20 23:00:00,TKYO-004-3,TKYO-004,Band 41 (2500MHz),-89.2,-6.7,-0.9,10.2,11.6,20.1
2026-07-20 23:00:00,TKYO-005-1,TKYO-005,Band 1 (2100MHz),-86.8,-5.5,12.6,15.3,0.3,17.0
2026-07-20 23:00:00,TKYO-005-2,TKYO-005,Band 1 (2100MHz),-83.7,-9.4,3.3,19.0,14.1,0.0
2026-07-20 23:00:00,TKYO-005-3,TKYO-005,Band 1 (2100MHz),-96.0,-11.7,2.1,17.8,0.0,28.7
2026-07-20 23:00:00,TKYO-006-1,TKYO-006,Band 41 (2500MHz),-86.1,-6.4,4.6,36.5,0.0,45.6
2026-07-20 23:00:00,TKYO-006-2,TKYO-006,Band 41 (2500MHz),-86.1,-7.1,6.3,5.9,6.9,20.8
2026-07-20 23:00:00,TKYO-006-3,TKYO-006,Band 41 (2500MHz),-85.7,-11.0,8.1,5.6,8.5,52.4
2026-07-20 23:00:00,TKYO-007-1,TKYO-007,Band 1 (2100MHz),-83.7,-9.8,2.1,0.0,0.9,35.5
2026-07-20 23:00:00,TKYO-007-2,TKYO-007,Band 1 (2100MHz),-87.8,-7.7,5.7,0.0,3.8,0.0
2026-07-20 23:00:00,TKYO-007-3,TKYO-007,Band 1 (2100MHz),-103.5,-11.7,9.3,11.8,8.9,37.5
2026-07-20 23:00:00,TKYO-008-1,TKYO-008,Band 41 (2500MHz),-78.8,-9.0,4.9,7.2,10.7,25.2
2026-07-20 23:00:00,TKYO-008-2,TKYO-008,Band 41 (2500MHz),-85.2,-6.4,9.8,0.0,3.3,60.5
2026-07-20 23:00:00,TKYO-008-3,TKYO-008,Band 41 (2500MHz),-83.2,-8.7,10.2,0.0,12.3,2.1
2026-07-20 23:00:00,TKYO-009-1,TKYO-009,Band 1 (2100MHz),-85.1,-6.6,9.3,30.7,3.3,5.7
2026-07-20 23:00:00,TKYO-009-2,TKYO-009,Band 1 (2100MHz),-84.0,-5.8,18.5,3.7,2.5,0.0
2026-07-20 23:00:00,TKYO-009-3,TKYO-009,Band 1 (2100MHz),-88.7,-6.5,5.0,25.4,0.0,0.0
2026-07-20 23:00:00,TKYO-010-1,TKYO-010,Band 41 (2500MHz),-78.8,-8.2,3.6,17.5,3.4,41.4
2026-07-20 23:00:00,TKYO-010-2,TKYO-010,Band 41 (2500MHz),-85.0,-9.4,-1.5,28.9,9.5,0.0
2026-07-20 23:00:00,TKYO-010-3,TKYO-010,Band 41 (2500MHz),-84.1,-8.1,3.9,15.5,6.6,0.0
2026-07-20 23:00:00,TKYO-011-1,TKYO-011,Band 1 (2100MHz),-92.6,-6.8,8.7,18.4,15.0,21.5
2026-07-20 23:00:00,TKYO-011-2,TKYO-011,Band 1 (2100MHz),-86.0,-6.3,10.8,22.2,6.7,31.9
2026-07-20 23:00:00,TKYO-011-3,TKYO-011,Band 1 (2100MHz),-86.9,-9.8,4.7,21.8,8.0,31.3
2026-07-20 23:00:00,TKYO-012-1,TKYO-012,Band 41 (2500MHz),-79.2,-8.8,1.7,6.6,3.1,0.0
2026-07-20 23:00:00,TKYO-012-2,TKYO-012,Band 41 (2500MHz),-86.6,-9.6,0.9,4.7,0.0,24.4
2026-07-20 23:00:00,TKYO-012-3,TKYO-012,Band 41 (2500MHz),-84.7,-6.4,2.3,12.9,8.4,32.5
2026-07-20 23:00:00,TKYO-013-1,TKYO-013,Band 1 (2100MHz),-81.0,-10.0,14.1,6.7,5.9,0.0
2026-07-20 23:00:00,TKYO-013-2,TKYO-013,Band 1 (2100MHz),-93.9,-14.2,-2.0,8.2,6.6,0.4
2026-07-20 23:00:00,TKYO-013-3,TKYO-013,Band 1 (2100MHz),-84.2,-6.0,17.8,17.9,17.1,39.6
2026-07-20 23:00:00,TKYO-014-1,TKYO-014,Band 41 (2500MHz),-87.3,-5.3,15.0,0.0,17.0,3.5
2026-07-20 23:00:00,TKYO-014-2,TKYO-014,Band 41 (2500MHz),-94.5,-13.3,0.2,15.2,11.5,0.0
2026-07-20 23:00:00,TKYO-014-3,TKYO-014,Band 41 (2500MHz),-79.2,-8.1,2.1,0.0,3.7,17.8
2026-07-20 23:00:00,TKYO-015-1,TKYO-015,Band 1 (2100MHz),-82.1,-9.4,13.2,12.7,13.9,23.9
2026-07-20 23:00:00,TKYO-015-2,TKYO-015,Band 1 (2100MHz),-85.8,-10.8,6.8,3.7,4.9,45.7
2026-07-20 23:00:00,TKYO-015-3,TKYO-015,Band 1 (2100MHz),-83.7,-8.7,10.0,0.0,8.8,8.3
2026-07-20 23:00:00,TKYO-016-1,TKYO-016,Band 41 (2500MHz),-82.1,-6.3,0.2,13.9,20.0,22.5
2026-07-20 23:00:00,TKYO-016-2,TKYO-016,Band 41 (2500MHz),-89.4,-7.1,6.4,0.0,0.0,0.0
2026-07-20 23:00:00,TKYO-016-3,TKYO-016,Band 41 (2500MHz),-87.2,-9.6,7.1,0.0,15.8,6.3
2026-07-21 00:00:00,TKYO-001-1,TKYO-001,Band 1 (2100MHz),-79.6,-5.9,5.3,7.1,1.4,0.0
2026-07-21 00:00:00,TKYO-001-2,TKYO-001,Band 1 (2100MHz),-87.2,-6.1,6.8,5.3,12.3,53.0
2026-07-21 00:00:00,TKYO-001-3,TKYO-001,Band 1 (2100MHz),-78.8,-7.7,11.9,24.9,21.5,18.5
2026-07-21 00:00:00,TKYO-002-1,TKYO-002,Band 41 (2500MHz),-82.1,-6.5,7.1,5.1,3.6,27.3
2026-07-21 00:00:00,TKYO-002-2,TKYO-002,Band 41 (2500MHz),-84.5,-11.5,12.2,52.4,0.0,46.4
2026-07-21 00:00:00,TKYO-002-3,TKYO-002,Band 41 (2500MHz),-85.4,-10.2,7.8,10.1,0.0,32.5
2026-07-21 00:00:00,TKYO-003-1,TKYO-003,Band 1 (2100MHz),-81.0,-15.0,11.2,23.6,6.4,1.4
2026-07-21 00:00:00,TKYO-003-2,TKYO-003,Band 1 (2100MHz),-95.7,-13.7,7.9,24.5,15.6,0.0
2026-07-21 00:00:00,TKYO-003-3,TKYO-003,Band 1 (2100MHz),-87.6,-6.8,20.6,0.0,8.8,12.2
2026-07-21 00:00:00,TKYO-004-1,TKYO-004,Band 41 (2500MHz),-78.5,-8.6,5.8,17.9,19.6,11.1
2026-07-21 00:00:00,TKYO-004-2,TKYO-004,Band 41 (2500MHz),-81.3,-6.2,11.0,19.4,26.7,44.2
2026-07-21 00:00:00,TKYO-004-3,TKYO-004,Band 41 (2500MHz),-80.9,-8.1,9.0,5.1,3.8,27.5
2026-07-21 00:00:00,TKYO-005-1,TKYO-005,Band 1 (2100MHz),-86.9,-9.0,7.5,0.0,22.5,12.9
2026-07-21 00:00:00,TKYO-005-2,TKYO-005,Band 1 (2100MHz),-78.3,-8.7,0.7,16.9,3.5,14.6
2026-07-21 00:00:00,TKYO-005-3,TKYO-005,Band 1 (2100MHz),-97.4,-11.3,-5.7,0.0,0.0,0.0
2026-07-21 00:00:00,TKYO-006-1,TKYO-006,Band 41 (2500MHz),-84.0,-9.3,3.6,12.1,7.8,42.4
2026-07-21 00:00:00,TKYO-006-2,TKYO-006,Band 41 (2500MHz),-81.4,-6.5,5.0,7.3,0.7,19.9
2026-07-21 00:00:00,TKYO-006-3,TKYO-006,Band 41 (2500MHz),-82.9,-7.0,8.8,9.2,5.5,0.0
2026-07-21 00:00:00,TKYO-007-1,TKYO-007,Band 1 (2100MHz),-83.6,-10.4,0.8,7.6,17.9,10.4
2026-07-21 00:00:00,TKYO-007-2,TKYO-007,Band 1 (2100MHz),-82.7,-9.3,7.7,10.8,2.6,0.0
2026-07-21 00:00:00,TKYO-007-3,TKYO-007,Band 1 (2100MHz),-97.2,-11.8,3.9,7.4,0.0,17.4
2026-07-21 00:00:00,TKYO-008-1,TKYO-008,Band 41 (2500MHz),-83.1,-8.6,10.4,6.9,23.3,16.6
2026-07-21 00:00:00,TKYO-008-2,TKYO-008,Band 41 (2500MHz),-88.5,-6.5,8.2,3.4,25.6,13.0
2026-07-21 00:00:00,TKYO-008-3,TKYO-008,Band 41 (2500MHz),-87.6,-10.7,9.1,7.4,9.5,5.8
2026-07-21 00:00:00,TKYO-009-1,TKYO-009,Band 1 (2100MHz),-85.3,-8.3,4.9,0.0,8.2,13.1
2026-07-21 00:00:00,TKYO-009-2,TKYO-009,Band 1 (2100MHz),-84.3,-8.5,5.9,19.3,0.0,25.5
2026-07-21 00:00:00,TKYO-009-3,TKYO-009,Band 1 (2100MHz),-85.0,-7.5,2.9,5.6,18.1,22.3
2026-07-21 00:00:00,TKYO-010-1,TKYO-010,Band 41 (2500MHz),-83.1,-6.8,8.8,9.6,9.8,40.4
2026-07-21 00:00:00,TKYO-010-2,TKYO-010,Band 41 (2500MHz),-78.4,-8.6,-0.5,18.6,18.6,8.5
2026-07-21 00:00:00,TKYO-010-3,TKYO-010,Band 41 (2500MHz),-84.8,-9.2,1.2,9.1,4.6,23.7
2026-07-21 00:00:00,TKYO-011-1,TKYO-011,Band 1 (2100MHz),-86.9,-10.5,3.2,0.0,21.1,19.3
2026-07-21 00:00:00,TKYO-011-2,TKYO-011,Band 1 (2100MHz),-78.4,-8.7,6.8,0.1,6.8,54.8
2026-07-21 00:00:00,TKYO-011-3,TKYO-011,Band 1 (2100MHz),-83.2,-8.9,-0.8,16.3,18.4,0.0
2026-07-21 00:00:00,TKYO-012-1,TKYO-012,Band 41 (2500MHz),-83.2,-8.7,8.8,23.3,7.2,47.1
2026-07-21 00:00:00,TKYO-012-2,TKYO-012,Band 41 (2500MHz),-79.0,-5.9,0.8,25.8,10.9,8.8
2026-07-21 00:00:00,TKYO-012-3,TKYO-012,Band 41 (2500MHz),-77.7,-9.2,0.3,0.0,0.0,1.6
2026-07-21 00:00:00,TKYO-013-1,TKYO-013,Band 1 (2100MHz),-85.2,-5.9,3.9,8.1,16.3,25.8
2026-07-21 00:00:00,TKYO-013-2,TKYO-013,Band 1 (2100MHz),-93.8,-11.5,4.3,17.6,26.4,4.5
2026-07-21 00:00:00,TKYO-013-3,TKYO-013,Band 1 (2100MHz),-81.9,-11.0,10.2,14.1,0.0,0.0
2026-07-21 00:00:00,TKYO-014-1,TKYO-014,Band 41 (2500MHz),-82.9,-11.9,7.1,17.6,0.0,39.1
2026-07-21 00:00:00,TKYO-014-2,TKYO-014,Band 41 (2500MHz),-92.1,-8.5,12.2,18.0,0.0,37.5
2026-07-21 00:00:00,TKYO-014-3,TKYO-014,Band 41 (2500MHz),-83.6,-5.9,6.1,18.1,0.0,24.3
2026-07-21 00:00:00,TKYO-015-1,TKYO-015,Band 1 (2100MHz),-85.4,-9.7,10.1,3.5,0.0,56.8
2026-07-21 00:00:00,TKYO-015-2,TKYO-015,Band 1 (2100MHz),-79.2,-9.4,5.6,10.4,11.6,4.0
2026-07-21 00:00:00,TKYO-015-3,TKYO-015,Band 1 (2100MHz),-91.8,-9.3,10.6,20.9,8.8,39.7
2026-07-21 00:00:00,TKYO-016-1,TKYO-016,Band 41 (2500MHz),-85.6,-7.6,11.1,15.3,20.9,42.1
2026-07-21 00:00:00,TKYO-016-2,TKYO-016,Band 41 (2500MHz),-98.3,-10.4,11.7,7.8,3.8,23.6
2026-07-21 00:00:00,TKYO-016-3,TKYO-016,Band 41 (2500MHz),-81.7,-5.4,2.9,13.3,0.0,68.2
2026-07-21 01:00:00,TKYO-001-1,TKYO-001,Band 1 (2100MHz),-81.3,-7.5,14.5,11.3,29.6,33.0
2026-07-21 01:00:00,TKYO-001-2,TKYO-001,Band 1 (2100MHz),-76.8,-6.0,7.2,13.5,13.1,19.8
2026-07-21 01:00:00,TKYO-001-3,TKYO-001,Band 1 (2100MHz),-78.2,-10.0,10.1,0.0,0.0,7.9
2026-07-21 01:00:00,TKYO-002-1,TKYO-002,Band 41 (2500MHz),-86.2,-8.6,8.3,34.8,0.3,36.6
2026-07-21 01:00:00,TKYO-002-2,TKYO-002,Band 41 (2500MHz),-85.1,-8.2,5.6,3.9,19.2,0.0
2026-07-21 01:00:00,TKYO-002-3,TKYO-002,Band 41 (2500MHz),-86.4,-8.1,9.6,8.3,4.5,43.3
2026-07-21 01:00:00,TKYO-003-1,TKYO-003,Band 1 (2100MHz),-78.0,-2.3,4.9,8.7,17.0,41.8
2026-07-21 01:00:00,TKYO-003-2,TKYO-003,Band 1 (2100MHz),-104.3,-10.6,-1.4,0.0,9.1,38.2
2026-07-21 01:00:00,TKYO-003-3,TKYO-003,Band 1 (2100MHz),-81.8,-9.9,1.1,0.0,2.1,4.7
2026-07-21 01:00:00,TKYO-004-1,TKYO-004,Band 41 (2500MHz),-87.6,-9.5,-0.3,29.9,6.0,0.0
2026-07-21 01:00:00,TKYO-004-2,TKYO-004,Band 41 (2500MHz),-83.4,-10.6,-3.0,33.8,0.0,0.0
2026-07-21 01:00:00,TKYO-004-3,TKYO-004,Band 41 (2500MHz),-85.9,-10.4,3.0,31.6,2.2,25.9
2026-07-21 01:00:00,TKYO-005-1,TKYO-005,Band 1 (2100MHz),-86.6,-8.0,-2.6,1.0,0.0,0.0
2026-07-21 01:00:00,TKYO-005-2,TKYO-005,Band 1 (2100MHz),-84.1,-8.1,14.4,18.6,3.8,17.7
2026-07-21 01:00:00,TKYO-005-3,TKYO-005,Band 1 (2100MHz),-91.1,-10.2,10.2,9.6,6.0,14.1
2026-07-21 01:00:00,TKYO-006-1,TKYO-006,Band 41 (2500MHz),-83.0,-7.1,10.5,21.0,8.6,7.0
2026-07-21 01:00:00,TKYO-006-2,TKYO-006,Band 41 (2500MHz),-90.2,-7.6,12.3,17.6,6.0,6.4
2026-07-21 01:00:00,TKYO-006-3,TKYO-006,Band 41 (2500MHz),-82.0,-13.3,1.9,0.0,7.7,38.8
2026-07-21 01:00:00,TKYO-007-1,TKYO-007,Band 1 (2100MHz),-82.6,-5.7,3.5,11.2,8.8,19.4
2026-07-21 01:00:00,TKYO-007-2,TKYO-007,Band 1 (2100MHz),-80.8,-10.4,19.0,4.3,21.2,27.4
2026-07-21 01:00:00,TKYO-007-3,TKYO-007,Band 1 (2100MHz),-97.4,-12.2,8.9,5.0,28.7,39.7
2026-07-21 01:00:00,TKYO-008-1,TKYO-008,Band 41 (2500MHz),-90.2,-4.5,1.0,0.0,0.4,0.0
2026-07-21 01:00:00,TKYO-008-2,TKYO-008,Band 41 (2500MHz),-85.7,-10.1,-2.6,16.6,1.2,54.4
2026-07-21 01:00:00,TKYO-008-3,TKYO-008,Band 41 (2500MHz),-84.3,-9.6,4.8,0.0,6.8,21.1
2026-07-21 01:00:00,TKYO-009-1,TKYO-009,Band 1 (2100MHz),-83.1,-7.3,6.1,0.0,10.3,22.1
2026-07-21 01:00:00,TKYO-009-2,TKYO-009,Band 1 (2100MHz),-81.3,-9.6,11.6,11.2,2.3,0.0
2026-07-21 01:00:00,TKYO-009-3,TKYO-009,Band 1 (2100MHz),-80.9,-7.8,11.9,5.2,0.0,7.9
2026-07-21 01:00:00,TKYO-010-1,TKYO-010,Band 41 (2500MHz),-90.1,-5.0,8.7,21.8,4.3,13.8
2026-07-21 01:00:00,TKYO-010-2,TKYO-010,Band 41 (2500MHz),-83.1,-7.2,15.5,10.3,4.1,43.6
2026-07-21 01:00:00,TKYO-010-3,TKYO-010,Band 41 (2500MHz),-82.2,-3.5,-0.3,13.2,15.9,5.7
2026-07-21 01:00:00,TKYO-011-1,TKYO-011,Band 1 (2100MHz),-84.3,-6.4,11.1,3.0,5.5,7.7
2026-07-21 01:00:00,TKYO-011-2,TKYO-011,Band 1 (2100MHz),-83.2,-11.0,10.0,18.1,18.1,39.1
2026-07-21 01:00:00,TKYO-011-3,TKYO-011,Band 1 (2100MHz),-78.9,-10.8,2.9,6.5,12.5,17.5
2026-07-21 01:00:00,TKYO-012-1,TKYO-012,Band 41 (2500MHz),-85.4,-9.6,3.4,2.9,22.4,14.6
2026-07-21 01:00:00,TKYO-012-2,TKYO-012,Band 41 (2500MHz),-81.0,-7.3,5.6,7.8,2.9,44.2
2026-07-21 01:00:00,TKYO-012-3,TKYO-012,Band 41 (2500MHz),-82.1,-9.5,10.7,3.1,13.6,30.0
2026-07-21 01:00:00,TKYO-013-1,TKYO-013,Band 1 (2100MHz),-90.6,-6.4,22.7,3.0,7.6,23.9
2026-07-21 01:00:00,TKYO-013-2,TKYO-013,Band 1 (2100MHz),-100.6,-13.1,10.4,0.6,0.0,47.1
2026-07-21 01:00:00,TKYO-013-3,TKYO-013,Band 1 (2100MHz),-84.5,-12.2,6.8,0.0,17.3,20.5
2026-07-21 01:00:00,TKYO-014-1,TKYO-014,Band 41 (2500MHz),-84.6,-4.9,2.9,0.0,0.0,28.5
2026-07-21 01:00:00,TKYO-014-2,TKYO-014,Band 41 (2500MHz),-98.2,-9.1,-6.1,7.1,17.1,66.3
2026-07-21 01:00:00,TKYO-014-3,TKYO-014,Band 41 (2500MHz),-82.6,-7.0,1.7,19.1,7.8,5.0
2026-07-21 01:00:00,TKYO-015-1,TKYO-015,Band 1 (2100MHz),-83.9,-5.1,13.6,4.1,11.5,42.5
2026-07-21 01:00:00,TKYO-015-2,TKYO-015,Band 1 (2100MHz),-84.3,-7.9,5.9,15.6,0.4,16.8
2026-07-21 01:00:00,TKYO-015-3,TKYO-015,Band 1 (2100MHz),-80.7,-10.6,18.0,13.6,0.0,13.9
2026-07-21 01:00:00,TKYO-016-1,TKYO-016,Band 41 (2500MHz),-77.5,-9.8,6.6,29.5,9.8,0.0
2026-07-21 01:00:00,TKYO-016-2,TKYO-016,Band 41 (2500MHz),-86.6,-7.8,6.4,44.4,13.5,47.9
2026-07-21 01:00:00,TKYO-016-3,TKYO-016,Band 41 (2500MHz),-86.6,-3.4,12.3,11.1,12.6,0.0
2026-07-21 02:00:00,TKYO-001-1,TKYO-001,Band 1 (2100MHz),-84.7,-7.6,16.8,2.9,12.7,15.5
2026-07-21 02:00:00,TKYO-001-2,TKYO-001,Band 1 (2100MHz),-76.6,-9.9,2.8,19.3,6.1,37.1
2026-07-21 02:00:00,TKYO-001-3,TKYO-001,Band 1 (2100MHz),-86.0,-11.2,8.0,0.0,13.5,0.8
2026-07-21 02:00:00,TKYO-002-1,TKYO-002,Band 41 (2500MHz),-83.0,-5.2,12.8,14.0,0.0,35.9
2026-07-21 02:00:00,TKYO-002-2,TKYO-002,Band 41 (2500MHz),-81.3,-7.3,10.9,11.9,0.0,12.1
2026-07-21 02:00:00,TKYO-002-3,TKYO-002,Band 41 (2500MHz),-93.9,-8.3,2.8,11.3,6.7,0.0
2026-07-21 02:00:00,TKYO-003-1,TKYO-003,Band 1 (2100MHz),-77.3,-10.9,3.8,30.4,0.0,0.0
2026-07-21 02:00:00,TKYO-003-2,TKYO-003,Band 1 (2100MHz),-97.3,-9.1,4.5,1.5,5.6,0.0
2026-07-21 02:00:00,TKYO-003-3,TKYO-003,Band 1 (2100MHz),-88.8,-9.3,6.6,20.4,14.1,30.7
2026-07-21 02:00:00,TKYO-004-1,TKYO-004,Band 41 (2500MHz),-86.4,-9.0,8.7,11.9,6.0,69.8
2026-07-21 02:00:00,TKYO-004-2,TKYO-004,Band 41 (2500MHz),-89.0,-7.3,11.1,12.7,2.1,34.8
2026-07-21 02:00:00,TKYO-004-3,TKYO-004,Band 41 (2500MHz),-84.5,-8.1,15.3,17.0,5.1,22.7
2026-07-21 02:00:00,TKYO-005-1,TKYO-005,Band 1 (2100MHz),-73.2,-10.0,-0.5,0.0,8.0,30.2
2026-07-21 02:00:00,TKYO-005-2,TKYO-005,Band 1 (2100MHz),-74.8,-8.2,8.8,1.0,4.7,34.5
2026-07-21 02:00:00,TKYO-005-3,TKYO-005,Band 1 (2100MHz),-96.6,-13.6,-0.3,0.0,0.0,54.5
2026-07-21 02:00:00,TKYO-006-1,TKYO-006,Band 41 (2500MHz),-82.1,-6.3,3.5,34.5,3.6,1.4
2026-07-21 02:00:00,TKYO-006-2,TKYO-006,Band 41 (2500MHz),-82.7,-10.0,-2.6,22.7,20.8,54.8
2026-07-21 02:00:00,TKYO-006-3,TKYO-006,Band 41 (2500MHz),-80.2,-6.3,10.2,0.0,0.0,10.8
2026-07-21 02:00:00,TKYO-007-1,TKYO-007,Band 1 (2100MHz),-87.2,-6.9,5.9,6.6,0.0,0.0
2026-07-21 02:00:00,TKYO-007-2,TKYO-007,Band 1 (2100MHz),-74.5,-6.0,5.8,0.0,1.9,0.0
2026-07-21 02:00:00,TKYO-007-3,TKYO-007,Band 1 (2100MHz),-91.3,-11.8,-10.0,21.5,14.3,0.4
2026-07-21 02:00:00,TKYO-008-1,TKYO-008,Band 41 (2500MHz),-79.8,-9.6,1.5,13.2,3.1,14.9
2026-07-21 02:00:00,TKYO-008-2,TKYO-008,Band 41 (2500MHz),-77.1,-7.6,3.8,14.3,24.6,17.5
2026-07-21 02:00:00,TKYO-008-3,TKYO-008,Band 41 (2500MHz),-86.4,-7.6,0.8,9.5,5.0,0.0
2026-07-21 02:00:00,TKYO-009-1,TKYO-009,Band 1 (2100MHz),-88.7,-8.7,13.7,0.0,4.5,56.4
2026-07-21 02:00:00,TKYO-009-2,TKYO-009,Band 1 (2100MHz),-78.3,-5.6,9.3,0.0,11.7,12.2
2026-07-21 02:00:00,TKYO-009-3,TKYO-009,Band 1 (2100MHz),-85.7,-8.0,8.9,2.5,0.0,12.4
2026-07-21 02:00:00,TKYO-010-1,TKYO-010,Band 41 (2500MHz),-76.2,-5.5,3.3,0.0,6.4,26.2
2026-07-21 02:00:00,TKYO-010-2,TKYO-010,Band 41 (2500MHz),-85.3,-12.9,6.8,24.6,7.9,46.6
2026-07-21 02:00:00,TKYO-010-3,TKYO-010,Band 41 (2500MHz),-90.2,-10.0,1.1,11.9,6.4,9.1
2026-07-21 02:00:00,TKYO-011-1,TKYO-011,Band 1 (2100MHz),-77.5,-6.4,6.7,14.7,9.6,50.8
2026-07-21 02:00:00,TKYO-011-2,TKYO-011,Band 1 (2100MHz),-87.3,-6.6,15.7,21.2,0.0,0.0
2026-07-21 02:00:00,TKYO-011-3,TKYO-011,Band 1 (2100MHz),-88.0,-7.9,3.3,14.6,0.0,0.0
2026-07-21 02:00:00,TKYO-012-1,TKYO-012,Band 41 (2500MHz),-84.3,-8.9,-3.8,16.4,7.4,34.3
2026-07-21 02:00:00,TKYO-012-2,TKYO-012,Band 41 (2500MHz),-90.2,-10.3,5.5,37.0,14.3,31.4
2026-07-21 02:00:00,TKYO-012-3,TKYO-012,Band 41 (2500MHz),-79.7,-5.4,6.1,21.7,13.6,6.6
2026-07-21 02:00:00,TKYO-013-1,TKYO-013,Band 1 (2100MHz),-80.7,-8.8,4.8,18.7,12.6,0.1
2026-07-21 02:00:00,TKYO-013-2,TKYO-013,Band 1 (2100MHz),-95.1,-10.7,-1.0,19.2,3.3,44.5
2026-07-21 02:00:00,TKYO-013-3,TKYO-013,Band 1 (2100MHz),-88.2,-9.3,10.2,13.9,11.5,1.7
2026-07-21 02:00:00,TKYO-014-1,TKYO-014,Band 41 (2500MHz),-81.4,-4.8,5.6,0.0,4.2,2.5
2026-07-21 02:00:00,TKYO-014-2,TKYO-014,Band 41 (2500MHz),-103.0,-8.7,-1.9,31.0,9.7,38.6
2026-07-21 02:00:00,TKYO-014-3,TKYO-014,Band 41 (2500MHz),-89.0,-6.5,0.9,8.6,0.0,19.9
2026-07-21 02:00:00,TKYO-015-1,TKYO-015,Band 1 (2100MHz),-81.1,-10.4,12.5,21.9,9.7,14.1
2026-07-21 02:00:00,TKYO-015-2,TKYO-015,Band 1 (2100MHz),-88.2,-8.6,16.9,22.2,9.3,38.7
2026-07-21 02:00:00,TKYO-015-3,TKYO-015,Band 1 (2100MHz),-85.6,-5.9,3.6,0.5,8.0,0.0
2026-07-21 02:00:00,TKYO-016-1,TKYO-016,Band 41 (2500MHz),-86.3,-9.1,7.6,19.2,3.4,41.2
2026-07-21 02:00:00,TKYO-016-2,TKYO-016,Band 41 (2500MHz),-83.2,-8.6,6.0,6.5,26.3,15.0
2026-07-21 02:00:00,TKYO-016-3,TKYO-016,Band 41 (2500MHz),-87.9,-8.1,0.9,6.7,0.0,60.6
2026-07-21 03:00:00,TKYO-001-1,TKYO-001,Band 1 (2100MHz),-96.6,-8.9,12.5,10.0,2.1,41.6
2026-07-21 03:00:00,TKYO-001-2,TKYO-001,Band 1 (2100MHz),-84.8,-6.4,9.5,25.9,13.6,0.0
2026-07-21 03:00:00,TKYO-001-3,TKYO-001,Band 1 (2100MHz),-83.7,-8.2,2.8,4.3,1.7,15.7
2026-07-21 03:00:00,TKYO-002-1,TKYO-002,Band 41 (2500MHz),-80.6,-10.2,6.3,22.9,7.9,0.0
2026-07-21 03:00:00,TKYO-002-2,TKYO-002,Band 41 (2500MHz),-80.9,-3.3,2.4,24.8,25.6,31.2
2026-07-21 03:00:00,TKYO-002-3,TKYO-002,Band 41 (2500MHz),-80.6,-7.2,2.4,8.5,13.1,0.0
2026-07-21 03:00:00,TKYO-003-1,TKYO-003,Band 1 (2100MHz),-82.2,-7.7,9.0,18.9,0.0,22.0
2026-07-21 03:00:00,TKYO-003-2,TKYO-003,Band 1 (2100MHz),-97.9,-15.1,-6.2,23.6,5.6,59.9
2026-07-21 03:00:00,TKYO-003-3,TKYO-003,Band 1 (2100MHz),-83.3,-7.7,3.5,0.0,5.5,47.9
2026-07-21 03:00:00,TKYO-004-1,TKYO-004,Band 41 (2500MHz),-84.3,-7.4,8.4,13.3,0.0,11.8
2026-07-21 03:00:00,TKYO-004-2,TKYO-004,Band 41 (2500MHz),-81.5,-6.3,7.4,29.7,12.5,53.4
2026-07-21 03:00:00,TKYO-004-3,TKYO-004,Band 41 (2500MHz),-82.7,-7.2,-0.6,24.0,0.0,29.4
2026-07-21 03:00:00,TKYO-005-1,TKYO-005,Band 1 (2100MHz),-87.2,-10.3,3.4,15.0,11.8,0.0
2026-07-21 03:00:00,TKYO-005-2,TKYO-005,Band 1 (2100MHz),-88.4,-12.1,10.0,6.9,15.8,0.0
2026-07-21 03:00:00,TKYO-005-3,TKYO-005,Band 1 (2100MHz),-107.3,-16.2,-2.3,8.9,0.0,15.8
2026-07-21 03:00:00,TKYO-006-1,TKYO-006,Band 41 (2500MHz),-84.4,-9.9,8.0,23.7,24.4,18.9
2026-07-21 03:00:00,TKYO-006-2,TKYO-006,Band 41 (2500MHz),-73.0,-7.4,8.0,2.0,17.5,21.9
2026-07-21 03:00:00,TKYO-006-3,TKYO-006,Band 41 (2500MHz),-88.9,-10.6,0.6,14.4,0.0,53.2
2026-07-21 03:00:00,TKYO-007-1,TKYO-007,Band 1 (2100MHz),-82.1,-12.0,13.8,4.2,10.8,6.2
2026-07-21 03:00:00,TKYO-007-2,TKYO-007,Band 1 (2100MHz),-78.3,-6.2,12.1,6.1,0.0,29.5
2026-07-21 03:00:00,TKYO-007-3,TKYO-007,Band 1 (2100MHz),-98.3,-15.0,0.4,20.7,0.0,39.1
2026-07-21 03:00:00,TKYO-008-1,TKYO-008,Band 41 (2500MHz),-86.7,-8.8,4.5,7.2,0.0,40.3
2026-07-21 03:00:00,TKYO-008-2,TKYO-008,Band 41 (2500MHz),-78.1,-10.1,7.7,0.0,5.4,49.5
2026-07-21 03:00:00,TKYO-008-3,TKYO-008,Band 41 (2500MHz),-86.5,-5.7,9.4,28.0,10.8,40.5
2026-07-21 03:00:00,TKYO-009-1,TKYO-009,Band 1 (2100MHz),-88.8,-10.5,1.8,0.0,5.4,41.2
2026-07-21 03:00:00,TKYO-009-2,TKYO-009,Band 1 (2100MHz),-86.4,-8.7,8.6,0.0,0.0,46.4
2026-07-21 03:00:00,TKYO-009-3,TKYO-009,Band 1 (2100MHz),-81.0,-6.4,8.0,0.0,17.4,43.9
2026-07-21 03:00:00,TKYO-010-1,TKYO-010,Band 41 (2500MHz),-86.9,-10.8,-5.9,4.7,26.0,26.8
2026-07-21 03:00:00,TKYO-010-2,TKYO-010,Band 41 (2500MHz),-84.7,-6.2,7.8,0.0,27.7,22.3
2026-07-21 03:00:00,TKYO-010-3,TKYO-010,Band 41 (2500MHz),-83.4,-11.3,15.1,11.2,6.5,10.8
2026-07-21 03:00:00,TKYO-011-1,TKYO-011,Band 1 (2100MHz),-84.3,-12.0,12.5,0.0,12.6,34.2
2026-07-21 03:00:00,TKYO-011-2,TKYO-011,Band 1 (2100MHz),-80.8,-4.6,1.2,1.5,15.2,57.1
2026-07-21 03:00:00,TKYO-011-3,TKYO-011,Band 1 (2100MHz),-81.3,-8.0,4.0,11.7,7.4,33.4
2026-07-21 03:00:00,TKYO-012-1,TKYO-012,Band 41 (2500MHz),-87.4,-11.6,1.1,34.5,13.4,24.3
2026-07-21 03:00:00,TKYO-012-2,TKYO-012,Band 41 (2500MHz),-89.3,-4.3,4.6,42.0,0.0,36.1
2026-07-21 03:00:00,TKYO-012-3,TKYO-012,Band 41 (2500MHz),-86.5,-8.0,10.5,9.8,13.7,5.0
2026-07-21 03:00:00,TKYO-013-1,TKYO-013,Band 1 (2100MHz),-81.0,-6.7,10.2,15.9,0.0,14.4
2026-07-21 03:00:00,TKYO-013-2,TKYO-013,Band 1 (2100MHz),-96.0,-9.5,1.9,20.1,22.4,47.9
2026-07-21 03:00:00,TKYO-013-3,TKYO-013,Band 1 (2100MHz),-82.9,-8.4,10.7,15.5,13.8,50.3
2026-07-21 03:00:00,TKYO-014-1,TKYO-014,Band 41 (2500MHz),-83.7,-10.6,13.4,19.7,17.5,0.0
2026-07-21 03:00:00,TKYO-014-2,TKYO-014,Band 41 (2500MHz),-95.9,-13.3,-2.7,33.0,0.0,0.0
2026-07-21 03:00:00,TKYO-014-3,TKYO-014,Band 41 (2500MHz),-80.2,-10.1,12.3,15.1,3.4,0.0
2026-07-21 03:00:00,TKYO-015-1,TKYO-015,Band 1 (2100MHz),-87.4,-8.5,18.6,35.5,9.0,38.2
2026-07-21 03:00:00,TKYO-015-2,TKYO-015,Band 1 (2100MHz),-80.2,-10.7,10.3,5.3,3.2,25.5
2026-07-21 03:00:00,TKYO-015-3,TKYO-015,Band 1 (2100MHz),-81.4,-9.9,8.4,17.4,3.5,30.3
2026-07-21 03:00:00,TKYO-016-1,TKYO-016,Band 41 (2500MHz),-85.1,-8.5,16.7,2.1,17.3,16.6
2026-07-21 03:00:00,TKYO-016-2,TKYO-016,Band 41 (2500MHz),-83.4,-6.2,6.8,24.2,7.6,0.0
2026-07-21 03:00:00,TKYO-016-3,TKYO-016,Band 41 (2500MHz),-77.0,-6.2,1.0,0.0,15.5,31.6
2026-07-21 04:00:00,TKYO-001-1,TKYO-001,Band 1 (2100MHz),-87.4,-10.8,10.5,36.5,9.7,0.0
2026-07-21 04:00:00,TKYO-001-2,TKYO-001,Band 1 (2100MHz),-92.0,-8.8,17.9,21.7,0.9,30.7
2026-07-21 04:00:00,TKYO-001-3,TKYO-001,Band 1 (2100MHz),-79.3,-7.7,5.9,6.5,20.6,46.8
2026-07-21 04:00:00,TKYO-002-1,TKYO-002,Band 41 (2500MHz),-82.5,-8.4,1.0,25.4,7.3,31.1
2026-07-21 04:00:00,TKYO-002-2,TKYO-002,Band 41 (2500MHz),-83.5,-11.8,5.5,0.0,9.4,34.9
2026-07-21 04:00:00,TKYO-002-3,TKYO-002,Band 41 (2500MHz),-82.6,-8.1,11.3,37.4,6.3,14.5
2026-07-21 04:00:00,TKYO-003-1,TKYO-003,Band 1 (2100MHz),-86.5,-5.2,22.4,25.7,18.0,0.0
2026-07-21 04:00:00,TKYO-003-2,TKYO-003,Band 1 (2100MHz),-96.0,-11.4,1.3,46.0,5.5,20.2
2026-07-21 04:00:00,TKYO-003-3,TKYO-003,Band 1 (2100MHz),-88.1,-8.1,14.1,7.7,2.6,42.5
2026-07-21 04:00:00,TKYO-004-1,TKYO-004,Band 41 (2500MHz),-80.5,-9.1,7.5,12.8,1.5,21.0
2026-07-21 04:00:00,TKYO-004-2,TKYO-004,Band 41 (2500MHz),-75.5,-8.6,5.9,9.1,11.0,0.0
2026-07-21 04:00:00,TKYO-004-3,TKYO-004,Band 41 (2500MHz),-82.1,-11.3,13.8,12.1,13.2,38.9
2026-07-21 04:00:00,TKYO-005-1,TKYO-005,Band 1 (2100MHz),-79.7,-7.5,8.9,0.0,14.1,11.6
2026-07-21 04:00:00,TKYO-005-2,TKYO-005,Band 1 (2100MHz),-83.2,-7.5,13.9,16.0,22.7,39.2
2026-07-21 04:00:00,TKYO-005-3,TKYO-005,Band 1 (2100MHz),-97.3,-10.4,-0.3,11.2,2.5,0.0
2026-07-21 04:00:00,TKYO-006-1,TKYO-006,Band 41 (2500MHz),-90.6,-6.1,8.8,14.6,12.2,16.4
2026-07-21 04:00:00,TKYO-006-2,TKYO-006,Band 41 (2500MHz),-79.7,-7.1,2.4,18.2,0.7,4.4
2026-07-21 04:00:00,TKYO-006-3,TKYO-006,Band 41 (2500MHz),-87.4,-5.9,8.7,12.8,0.0,0.0
2026-07-21 04:00:00,TKYO-007-1,TKYO-007,Band 1 (2100MHz),-78.0,-8.0,7.6,9.0,0.0,0.0
2026-07-21 04:00:00,TKYO-007-2,TKYO-007,Band 1 (2100MHz),-86.1,-10.5,7.3,49.1,27.2,29.8
2026-07-21 04:00:00,TKYO-007-3,TKYO-007,Band 1 (2100MHz),-98.0,-10.7,3.4,5.2,0.0,50.5
2026-07-21 04:00:00,TKYO-008-1,TKYO-008,Band 41 (2500MHz),-90.9,-8.0,4.6,17.5,13.8,24.5
2026-07-21 04:00:00,TKYO-008-2,TKYO-008,Band 41 (2500MHz),-81.3,-10.2,0.5,8.6,13.7,8.3
2026-07-21 04:00:00,TKYO-008-3,TKYO-008,Band 41 (2500MHz),-81.5,-9.7,8.5,7.2,0.0,0.0
2026-07-21 04:00:00,TKYO-009-1,TKYO-009,Band 1 (2100MHz),-82.9,-7.6,9.9,11.5,17.9,14.3
2026-07-21 04:00:00,TKYO-009-2,TKYO-009,Band 1 (2100MHz),-83.0,-6.0,0.1,29.5,13.1,31.7
2026-07-21 04:00:00,TKYO-009-3,TKYO-009,Band 1 (2100MHz),-77.8,-6.6,2.6,3.5,14.7,25.1
2026-07-21 04:00:00,TKYO-010-1,TKYO-010,Band 41 (2500MHz),-89.3,-8.1,17.5,20.9,16.1,5.6
2026-07-21 04:00:00,TKYO-010-2,TKYO-010,Band 41 (2500MHz),-77.2,-8.6,8.6,20.6,6.9,12.0
2026-07-21 04:00:00,TKYO-010-3,TKYO-010,Band 41 (2500MHz),-87.7,-12.7,10.7,17.9,10.7,56.7
2026-07-21 04:00:00,TKYO-011-1,TKYO-011,Band 1 (2100MHz),-80.9,-7.9,9.1,0.0,12.1,33.7
2026-07-21 04:00:00,TKYO-011-2,TKYO-011,Band 1 (2100MHz),-80.4,-7.2,13.3,23.6,0.0,13.0
2026-07-21 04:00:00,TKYO-011-3,TKYO-011,Band 1 (2100MHz),-90.2,-10.2,8.7,8.9,0.0,3.7
2026-07-21 04:00:00,TKYO-012-1,TKYO-012,Band 41 (2500MHz),-78.4,-7.5,0.5,29.8,6.4,37.9
2026-07-21 04:00:00,TKYO-012-2,TKYO-012,Band 41 (2500MHz),-84.1,-11.4,4.8,28.4,15.7,14.2
2026-07-21 04:00:00,TKYO-012-3,TKYO-012,Band 41 (2500MHz),-84.4,-10.8,7.2,29.3,7.7,19.0
2026-07-21 04:00:00,TKYO-013-1,TKYO-013,Band 1 (2100MHz),-88.1,-7.9,4.0,0.0,0.2,13.5
2026-07-21 04:00:00,TKYO-013-2,TKYO-013,Band 1 (2100MHz),-100.9,-11.0,-9.8,0.6,4.5,13.0
2026-07-21 04:00:00,TKYO-013-3,TKYO-013,Band 1 (2100MHz),-84.5,-8.9,13.3,0.0,23.5,16.6
2026-07-21 04:00:00,TKYO-014-1,TKYO-014,Band 41 (2500MHz),-84.7,-6.6,13.8,5.8,15.4,5.9
2026-07-21 04:00:00,TKYO-014-2,TKYO-014,Band 41 (2500MHz),-94.7,-12.4,-0.8,2.6,0.0,45.4
2026-07-21 04:00:00,TKYO-014-3,TKYO-014,Band 41 (2500MHz),-84.6,-8.2,5.7,8.1,11.3,23.3
2026-07-21 04:00:00,TKYO-015-1,TKYO-015,Band 1 (2100MHz),-86.2,-9.0,9.5,0.0,3.1,31.8
2026-07-21 04:00:00,TKYO-015-2,TKYO-015,Band 1 (2100MHz),-80.0,-6.8,15.0,4.0,9.1,51.7
2026-07-21 04:00:00,TKYO-015-3,TKYO-015,Band 1 (2100MHz),-82.8,-5.5,13.9,19.2,4.2,54.8
2026-07-21 04:00:00,TKYO-016-1,TKYO-016,Band 41 (2500MHz),-77.0,-9.2,9.9,0.0,13.4,13.8
2026-07-21 04:00:00,TKYO-016-2,TKYO-016,Band 41 (2500MHz),-83.0,-8.6,3.3,6.2,0.0,0.0
2026-07-21 04:00:00,TKYO-016-3,TKYO-016,Band 41 (2500MHz),-80.9,-8.2,10.9,0.0,25.9,9.3
2026-07-21 05:00:00,TKYO-001-1,TKYO-001,Band 1 (2100MHz),-75.5,-9.2,15.8,17.2,0.0,0.2
2026-07-21 05:00:00,TKYO-001-2,TKYO-001,Band 1 (2100MHz),-88.0,-6.0,7.5,19.8,3.9,9.9
2026-07-21 05:00:00,TKYO-001-3,TKYO-001,Band 1 (2100MHz),-88.0,-9.2,8.9,12.1,2.2,0.0
2026-07-21 05:00:00,TKYO-002-1,TKYO-002,Band 41 (2500MHz),-92.0,-8.3,11.9,13.8,16.9,19.2
2026-07-21 05:00:00,TKYO-002-2,TKYO-002,Band 41 (2500MHz),-85.7,-8.6,1.3,9.2,12.9,43.0
2026-07-21 05:00:00,TKYO-002-3,TKYO-002,Band 41 (2500MHz),-80.2,-6.8,6.0,36.4,0.0,66.5
2026-07-21 05:00:00,TKYO-003-1,TKYO-003,Band 1 (2100MHz),-79.1,-4.8,5.9,0.8,0.0,0.0
2026-07-21 05:00:00,TKYO-003-2,TKYO-003,Band 1 (2100MHz),-99.2,-16.2,5.1,0.0,9.5,32.4
2026-07-21 05:00:00,TKYO-003-3,TKYO-003,Band 1 (2100MHz),-89.1,-9.8,11.8,0.0,6.5,14.8
2026-07-21 05:00:00,TKYO-004-1,TKYO-004,Band 41 (2500MHz),-80.8,-9.9,0.6,5.5,2.9,0.0
2026-07-21 05:00:00,TKYO-004-2,TKYO-004,Band 41 (2500MHz),-80.8,-8.0,8.4,12.5,15.4,7.4
2026-07-21 05:00:00,TKYO-004-3,TKYO-004,Band 41 (2500MHz),-84.4,-9.1,3.7,0.6,19.7,10.8
2026-07-21 05:00:00,TKYO-005-1,TKYO-005,Band 1 (2100MHz),-88.0,-10.1,1.4,15.3,7.7,32.1
2026-07-21 05:00:00,TKYO-005-2,TKYO-005,Band 1 (2100MHz),-85.7,-7.3,5.1,13.9,8.1,31.1
2026-07-21 05:00:00,TKYO-005-3,TKYO-005,Band 1 (2100MHz),-95.1,-9.6,-2.3,12.3,8.5,45.2
2026-07-21 05:00:00,TKYO-006-1,TKYO-006,Band 41 (2500MHz),-74.6,-7.0,5.0,32.0,0.0,45.8
2026-07-21 05:00:00,TKYO-006-2,TKYO-006,Band 41 (2500MHz),-85.8,-10.3,5.2,40.1,7.7,0.0
2026-07-21 05:00:00,TKYO-006-3,TKYO-006,Band 41 (2500MHz),-86.7,-4.7,7.6,7.4,0.0,11.4
2026-07-21 05:00:00,TKYO-007-1,TKYO-007,Band 1 (2100MHz),-78.5,-6.3,8.2,24.3,2.6,56.5
2026-07-21 05:00:00,TKYO-007-2,TKYO-007,Band 1 (2100MHz),-83.0,-7.2,10.1,28.9,0.0,0.0
2026-07-21 05:00:00,TKYO-007-3,TKYO-007,Band 1 (2100MHz),-94.9,-12.0,6.4,1.2,0.0,22.2
2026-07-21 05:00:00,TKYO-008-1,TKYO-008,Band 41 (2500MHz),-73.8,-7.6,7.4,12.8,14.9,40.6
2026-07-21 05:00:00,TKYO-008-2,TKYO-008,Band 41 (2500MHz),-83.2,-10.0,9.2,16.8,12.4,0.0
2026-07-21 05:00:00,TKYO-008-3,TKYO-008,Band 41 (2500MHz),-77.1,-9.9,9.2,13.8,4.4,0.0
2026-07-21 05:00:00,TKYO-009-1,TKYO-009,Band 1 (2100MHz),-83.7,-8.6,10.7,14.1,9.1,21.9
2026-07-21 05:00:00,TKYO-009-2,TKYO-009,Band 1 (2100MHz),-74.1,-9.4,14.5,13.2,5.6,0.0
2026-07-21 05:00:00,TKYO-009-3,TKYO-009,Band 1 (2100MHz),-86.6,-8.7,1.6,12.7,6.6,10.8
2026-07-21 05:00:00,TKYO-010-1,TKYO-010,Band 41 (2500MHz),-82.6,-9.9,14.2,17.7,0.0,0.0
2026-07-21 05:00:00,TKYO-010-2,TKYO-010,Band 41 (2500MHz),-84.0,-7.1,6.8,21.1,8.7,5.1
2026-07-21 05:00:00,TKYO-010-3,TKYO-010,Band 41 (2500MHz),-85.8,-4.4,4.1,0.0,0.0,66.1
2026-07-21 05:00:00,TKYO-011-1,TKYO-011,Band 1 (2100MHz),-88.5,-8.6,7.2,7.4,18.4,7.6
2026-07-21 05:00:00,TKYO-011-2,TKYO-011,Band 1 (2100MHz),-88.7,-9.9,11.9,6.3,9.7,39.5
2026-07-21 05:00:00,TKYO-011-3,TKYO-011,Band 1 (2100MHz),-78.9,-6.2,16.0,7.4,0.3,6.4
2026-07-21 05:00:00,TKYO-012-1,TKYO-012,Band 41 (2500MHz),-85.1,-8.8,4.6,6.0,2.5,0.0
2026-07-21 05:00:00,TKYO-012-2,TKYO-012,Band 41 (2500MHz),-87.0,-4.2,12.4,15.8,3.4,26.6
2026-07-21 05:00:00,TKYO-012-3,TKYO-012,Band 41 (2500MHz),-80.2,-7.3,5.4,4.9,0.0,71.1
2026-07-21 05:00:00,TKYO-013-1,TKYO-013,Band 1 (2100MHz),-84.6,-7.4,11.4,16.4,12.1,28.2
2026-07-21 05:00:00,TKYO-013-2,TKYO-013,Band 1 (2100MHz),-94.8,-10.6,5.0,19.5,18.5,0.0
2026-07-21 05:00:00,TKYO-013-3,TKYO-013,Band 1 (2100MHz),-85.9,-7.1,8.1,2.3,0.0,14.0
2026-07-21 05:00:00,TKYO-014-1,TKYO-014,Band 41 (2500MHz),-78.7,-9.8,-3.3,29.7,3.1,0.0
2026-07-21 05:00:00,TKYO-014-2,TKYO-014,Band 41 (2500MHz),-100.9,-13.0,-1.1,10.0,2.7,30.7
2026-07-21 05:00:00,TKYO-014-3,TKYO-014,Band 41 (2500MHz),-84.5,-10.2,15.5,17.3,13.0,6.6
2026-07-21 05:00:00,TKYO-015-1,TKYO-015,Band 1 (2100MHz),-80.4,-6.2,3.0,8.8,5.6,0.0
2026-07-21 05:00:00,TKYO-015-2,TKYO-015,Band 1 (2100MHz),-89.7,-7.8,6.2,4.9,1.3,7.4
2026-07-21 05:00:00,TKYO-015-3,TKYO-015,Band 1 (2100MHz),-82.9,-6.7,7.0,15.6,9.8,51.9
2026-07-21 05:00:00,TKYO-016-1,TKYO-016,Band 41 (2500MHz),-78.3,-11.4,-7.9,21.3,8.4,3.6
2026-07-21 05:00:00,TKYO-016-2,TKYO-016,Band 41 (2500MHz),-85.4,-9.1,9.0,4.0,7.1,37.3
2026-07-21 05:00:00,TKYO-016-3,TKYO-016,Band 41 (2500MHz),-88.9,-6.4,-5.2,6.9,9.8,4.5
2026-07-21 06:00:00,TKYO-001-1,TKYO-001,Band 1 (2100MHz),-86.1,-5.5,2.9,24.2,11.4,51.7
2026-07-21 06:00:00,TKYO-001-2,TKYO-001,Band 1 (2100MHz),-79.3,-6.4,15.9,26.7,14.4,53.7
2026-07-21 06:00:00,TKYO-001-3,TKYO-001,Band 1 (2100MHz),-80.5,-8.4,4.2,16.0,2.9,57.0
2026-07-21 06:00:00,TKYO-002-1,TKYO-002,Band 41 (2500MHz),-82.9,-8.1,11.3,20.4,18.8,8.4
2026-07-21 06:00:00,TKYO-002-2,TKYO-002,Band 41 (2500MHz),-89.4,-7.2,-1.3,22.3,22.3,16.2
2026-07-21 06:00:00,TKYO-002-3,TKYO-002,Band 41 (2500MHz),-81.1,-10.6,4.5,36.8,22.5,67.8
2026-07-21 06:00:00,TKYO-003-1,TKYO-003,Band 1 (2100MHz),-86.5,-10.2,10.5,21.9,1.9,38.3
2026-07-21 06:00:00,TKYO-003-2,TKYO-003,Band 1 (2100MHz),-96.4,-12.8,5.7,0.0,7.2,25.5
2026-07-21 06:00:00,TKYO-003-3,TKYO-003,Band 1 (2100MHz),-82.7,-11.3,8.0,12.2,10.4,30.5
2026-07-21 06:00:00,TKYO-004-1,TKYO-004,Band 41 (2500MHz),-87.1,-13.0,5.1,28.3,15.9,44.8
2026-07-21 06:00:00,TKYO-004-2,TKYO-004,Band 41 (2500MHz),-87.7,-6.5,1.7,27.4,13.1,58.9
2026-07-21 06:00:00,TKYO-004-3,TKYO-004,Band 41 (2500MHz),-79.2,-9.3,6.7,23.9,14.3,12.3
2026-07-21 06:00:00,TKYO-005-1,TKYO-005,Band 1 (2100MHz),-86.5,-8.4,14.0,23.2,14.0,28.2
2026-07-21 06:00:00,TKYO-005-2,TKYO-005,Band 1 (2100MHz),-80.0,-6.7,6.9,11.8,0.0,6.0
2026-07-21 06:00:00,TKYO-005-3,TKYO-005,Band 1 (2100MHz),-100.0,-9.3,0.2,6.2,8.7,46.0
2026-07-21 06:00:00,TKYO-006-1,TKYO-006,Band 41 (2500MHz),-86.1,-11.0,6.9,0.0,14.9,24.0
2026-07-21 06:00:00,TKYO-006-2,TKYO-006,Band 41 (2500MHz),-77.9,-7.6,-0.0,10.9,11.6,32.6
2026-07-21 06:00:00,TKYO-006-3,TKYO-006,Band 41 (2500MHz),-86.5,-8.0,7.6,15.7,8.8,51.3
2026-07-21 06:00:00,TKYO-007-1,TKYO-007,Band 1 (2100MHz),-85.1,-8.7,7.4,29.6,11.1,52.4
2026-07-21 06:00:00,TKYO-007-2,TKYO-007,Band 1 (2100MHz),-79.8,-9.0,7.3,31.4,18.2,37.1
2026-07-21 06:00:00,TKYO-007-3,TKYO-007,Band 1 (2100MHz),-100.8,-10.5,0.5,17.6,25.3,49.5
2026-07-21 06:00:00,TKYO-008-1,TKYO-008,Band 41 (2500MHz),-90.4,-11.1,8.8,9.7,12.7,16.6
2026-07-21 06:00:00,TKYO-008-2,TKYO-008,Band 41 (2500MHz),-88.9,-8.1,17.3,23.4,6.5,41.7
2026-07-21 06:00:00,TKYO-008-3,TKYO-008,Band 41 (2500MHz),-80.8,-8.4,0.6,10.2,10.3,23.1
2026-07-21 06:00:00,TKYO-009-1,TKYO-009,Band 1 (2100MHz),-83.9,-9.0,15.5,40.8,9.9,80.5
2026-07-21 06:00:00,TKYO-009-2,TKYO-009,Band 1 (2100MHz),-81.4,-8.5,5.8,9.9,5.6,24.0
2026-07-21 06:00:00,TKYO-009-3,TKYO-009,Band 1 (2100MHz),-84.0,-6.2,1.4,31.7,23.0,45.5
2026-07-21 06:00:00,TKYO-010-1,TKYO-010,Band 41 (2500MHz),-87.6,-9.1,12.1,35.8,19.6,36.9
2026-07-21 06:00:00,TKYO-010-2,TKYO-010,Band 41 (2500MHz),-83.2,-10.7,-2.3,5.2,20.8,46.4
2026-07-21 06:00:00,TKYO-010-3,TKYO-010,Band 41 (2500MHz),-75.2,-8.3,19.8,21.7,20.9,44.2
2026-07-21 06:00:00,TKYO-011-1,TKYO-011,Band 1 (2100MHz),-80.3,-9.9,11.5,24.0,12.7,36.5
2026-07-21 06:00:00,TKYO-011-2,TKYO-011,Band 1 (2100MHz),-81.4,-7.6,9.7,40.8,0.0,53.5
2026-07-21 06:00:00,TKYO-011-3,TKYO-011,Band 1 (2100MHz),-88.7,-10.4,-3.1,0.0,36.5,37.4
2026-07-21 06:00:00,TKYO-012-1,TKYO-012,Band 41 (2500MHz),-84.8,-5.7,2.8,10.2,6.0,49.7
2026-07-21 06:00:00,TKYO-012-2,TKYO-012,Band 41 (2500MHz),-92.6,-9.4,6.3,18.9,10.4,0.0
2026-07-21 06:00:00,TKYO-012-3,TKYO-012,Band 41 (2500MHz),-83.9,-3.6,10.0,14.9,17.2,10.9
2026-07-21 06:00:00,TKYO-013-1,TKYO-013,Band 1 (2100MHz),-81.4,-7.7,2.3,38.3,32.0,57.0
2026-07-21 06:00:00,TKYO-013-2,TKYO-013,Band 1 (2100MHz),-100.8,-11.0,-4.3,10.6,15.4,24.1
2026-07-21 06:00:00,TKYO-013-3,TKYO-013,Band 1 (2100MHz),-86.2,-7.4,12.8,33.8,12.2,56.0
2026-07-21 06:00:00,TKYO-014-1,TKYO-014,Band 41 (2500MHz),-87.6,-11.6,11.8,47.0,22.1,80.0
2026-07-21 06:00:00,TKYO-014-2,TKYO-014,Band 41 (2500MHz),-97.2,-11.6,0.8,31.6,0.0,25.7
2026-07-21 06:00:00,TKYO-014-3,TKYO-014,Band 41 (2500MHz),-80.2,-6.6,7.4,31.4,22.0,41.5
2026-07-21 06:00:00,TKYO-015-1,TKYO-015,Band 1 (2100MHz),-87.5,-8.5,8.9,38.2,19.3,50.7
2026-07-21 06:00:00,TKYO-015-2,TKYO-015,Band 1 (2100MHz),-88.9,-9.6,8.4,18.1,11.0,0.0
2026-07-21 06:00:00,TKYO-015-3,TKYO-015,Band 1 (2100MHz),-79.7,-7.1,4.8,15.0,15.5,51.2
2026-07-21 06:00:00,TKYO-016-1,TKYO-016,Band 41 (2500MHz),-83.0,-10.9,-4.4,25.4,22.7,41.1
2026-07-21 06:00:00,TKYO-016-2,TKYO-016,Band 41 (2500MHz),-86.8,-9.0,13.0,26.9,23.1,25.0
2026-07-21 06:00:00,TKYO-016-3,TKYO-016,Band 41 (2500MHz),-89.1,-11.2,-7.3,17.2,12.9,16.0
2026-07-21 07:00:00,TKYO-001-1,TKYO-001,Band 1 (2100MHz),-83.2,-7.5,9.1,94.8,38.5,139.6
2026-07-21 07:00:00,TKYO-001-2,TKYO-001,Band 1 (2100MHz),-85.4,-12.1,6.8,75.7,57.4,117.5
2026-07-21 07:00:00,TKYO-001-3,TKYO-001,Band 1 (2100MHz),-80.2,-8.8,12.3,72.1,54.1,83.9
2026-07-21 07:00:00,TKYO-002-1,TKYO-002,Band 41 (2500MHz),-83.0,-8.9,12.4,81.7,45.7,137.4
2026-07-21 07:00:00,TKYO-002-2,TKYO-002,Band 41 (2500MHz),-83.6,-10.7,6.5,63.0,45.8,188.9
2026-07-21 07:00:00,TKYO-002-3,TKYO-002,Band 41 (2500MHz),-88.1,-12.4,8.1,83.3,38.8,160.6
2026-07-21 07:00:00,TKYO-003-1,TKYO-003,Band 1 (2100MHz),-93.0,-10.6,4.3,85.6,30.6,150.4
2026-07-21 07:00:00,TKYO-003-2,TKYO-003,Band 1 (2100MHz),-93.2,-18.7,3.0,84.1,34.5,149.0
2026-07-21 07:00:00,TKYO-003-3,TKYO-003,Band 1 (2100MHz),-86.9,-15.0,7.1,82.2,36.1,102.7
2026-07-21 07:00:00,TKYO-004-1,TKYO-004,Band 41 (2500MHz),-79.8,-10.8,3.6,84.7,45.4,137.8
2026-07-21 07:00:00,TKYO-004-2,TKYO-004,Band 41 (2500MHz),-89.6,-12.6,-1.9,84.9,49.9,140.2
2026-07-21 07:00:00,TKYO-004-3,TKYO-004,Band 41 (2500MHz),-82.6,-9.8,6.2,61.0,39.3,155.9
2026-07-21 07:00:00,TKYO-005-1,TKYO-005,Band 1 (2100MHz),-89.5,-11.4,11.6,82.2,38.0,112.5
2026-07-21 07:00:00,TKYO-005-2,TKYO-005,Band 1 (2100MHz),-81.7,-11.9,12.0,70.9,40.5,81.0
2026-07-21 07:00:00,TKYO-005-3,TKYO-005,Band 1 (2100MHz),-93.1,-14.3,1.2,59.4,53.4,116.4
2026-07-21 07:00:00,TKYO-006-1,TKYO-006,Band 41 (2500MHz),-83.2,-14.6,12.1,62.7,52.0,125.7
2026-07-21 07:00:00,TKYO-006-2,TKYO-006,Band 41 (2500MHz),-82.8,-13.0,9.6,72.4,60.1,111.5
2026-07-21 07:00:00,TKYO-006-3,TKYO-006,Band 41 (2500MHz),-92.6,-15.0,-2.3,99.9,33.9,125.8
2026-07-21 07:00:00,TKYO-007-1,TKYO-007,Band 1 (2100MHz),-83.0,-9.7,0.9,74.9,38.8,124.9
2026-07-21 07:00:00,TKYO-007-2,TKYO-007,Band 1 (2100MHz),-82.0,-11.4,16.9,96.4,41.6,123.3
2026-07-21 07:00:00,TKYO-007-3,TKYO-007,Band 1 (2100MHz),-96.1,-15.8,-2.3,80.4,54.6,97.0
2026-07-21 07:00:00,TKYO-008-1,TKYO-008,Band 41 (2500MHz),-84.9,-9.4,11.1,98.6,48.4,157.8
2026-07-21 07:00:00,TKYO-008-2,TKYO-008,Band 41 (2500MHz),-83.6,-12.7,7.0,91.4,57.0,134.8
2026-07-21 07:00:00,TKYO-008-3,TKYO-008,Band 41 (2500MHz),-90.9,-11.6,1.3,92.1,61.0,87.5
2026-07-21 07:00:00,TKYO-009-1,TKYO-009,Band 1 (2100MHz),-85.7,-10.6,19.2,77.8,38.9,91.7
2026-07-21 07:00:00,TKYO-009-2,TKYO-009,Band 1 (2100MHz),-87.0,-11.7,9.9,75.4,40.2,111.5
2026-07-21 07:00:00,TKYO-009-3,TKYO-009,Band 1 (2100MHz),-84.8,-13.5,17.0,89.7,43.9,116.3
2026-07-21 07:00:00,TKYO-010-1,TKYO-010,Band 41 (2500MHz),-85.6,-9.9,8.6,90.8,34.4,64.6
2026-07-21 07:00:00,TKYO-010-2,TKYO-010,Band 41 (2500MHz),-84.4,-10.4,12.0,73.8,40.2,128.2
2026-07-21 07:00:00,TKYO-010-3,TKYO-010,Band 41 (2500MHz),-84.1,-11.0,-0.3,82.7,44.2,116.9
2026-07-21 07:00:00,TKYO-011-1,TKYO-011,Band 1 (2100MHz),-82.6,-10.4,10.1,63.2,23.7,154.7
2026-07-21 07:00:00,TKYO-011-2,TKYO-011,Band 1 (2100MHz),-89.8,-10.4,9.4,82.8,54.5,148.6
2026-07-21 07:00:00,TKYO-011-3,TKYO-011,Band 1 (2100MHz),-87.6,-10.0,8.1,79.4,54.7,145.8
2026-07-21 07:00:00,TKYO-012-1,TKYO-012,Band 41 (2500MHz),-90.2,-13.3,-6.3,86.3,53.3,163.9
2026-07-21 07:00:00,TKYO-012-2,TKYO-012,Band 41 (2500MHz),-87.9,-14.1,5.9,96.0,53.3,141.6
2026-07-21 07:00:00,TKYO-012-3,TKYO-012,Band 41 (2500MHz),-82.4,-12.7,1.6,84.9,44.2,119.2
2026-07-21 07:00:00,TKYO-013-1,TKYO-013,Band 1 (2100MHz),-88.5,-11.9,15.6,100.0,58.3,111.4
2026-07-21 07:00:00,TKYO-013-2,TKYO-013,Band 1 (2100MHz),-94.9,-16.8,0.8,68.9,43.7,121.2
2026-07-21 07:00:00,TKYO-013-3,TKYO-013,Band 1 (2100MHz),-84.9,-13.4,11.7,73.7,36.6,129.9
2026-07-21 07:00:00,TKYO-014-1,TKYO-014,Band 41 (2500MHz),-86.3,-13.1,4.1,82.3,36.4,153.3
2026-07-21 07:00:00,TKYO-014-2,TKYO-014,Band 41 (2500MHz),-96.5,-15.5,-0.2,71.6,46.3,117.3
2026-07-21 07:00:00,TKYO-014-3,TKYO-014,Band 41 (2500MHz),-86.2,-14.4,1.5,71.1,41.6,150.2
2026-07-21 07:00:00,TKYO-015-1,TKYO-015,Band 1 (2100MHz),-90.5,-11.1,7.0,80.9,57.6,113.8
2026-07-21 07:00:00,TKYO-015-2,TKYO-015,Band 1 (2100MHz),-85.8,-10.0,15.2,58.0,51.1,123.2
2026-07-21 07:00:00,TKYO-015-3,TKYO-015,Band 1 (2100MHz),-77.6,-10.1,8.8,56.9,54.2,131.7
2026-07-21 07:00:00,TKYO-016-1,TKYO-016,Band 41 (2500MHz),-85.3,-15.2,1.2,92.8,46.2,124.4
2026-07-21 07:00:00,TKYO-016-2,TKYO-016,Band 41 (2500MHz),-84.3,-10.1,3.1,86.3,32.3,118.6
2026-07-21 07:00:00,TKYO-016-3,TKYO-016,Band 41 (2500MHz),-80.1,-11.1,5.5,81.6,44.9,127.9
2026-07-21 08:00:00,TKYO-001-1,TKYO-001,Band 1 (2100MHz),-88.5,-13.5,8.7,97.4,60.4,160.7
2026-07-21 08:00:00,TKYO-001-2,TKYO-001,Band 1 (2100MHz),-87.6,-11.3,10.5,99.0,55.7,167.8
2026-07-21 08:00:00,TKYO-001-3,TKYO-001,Band 1 (2100MHz),-85.3,-10.4,4.9,90.6,41.9,168.0
2026-07-21 08:00:00,TKYO-002-1,TKYO-002,Band 41 (2500MHz),-86.7,-14.4,6.5,100.0,50.1,172.7
2026-07-21 08:00:00,TKYO-002-2,TKYO-002,Band 41 (2500MHz),-79.8,-14.0,0.5,100.0,56.9,156.7
2026-07-21 08:00:00,TKYO-002-3,TKYO-002,Band 41 (2500MHz),-84.5,-11.6,2.7,100.0,64.5,119.9
2026-07-21 08:00:00,TKYO-003-1,TKYO-003,Band 1 (2100MHz),-87.2,-11.0,2.6,100.0,55.7,142.0
2026-07-21 08:00:00,TKYO-003-2,TKYO-003,Band 1 (2100MHz),-98.8,-20.7,2.8,100.0,66.9,198.5
2026-07-21 08:00:00,TKYO-003-3,TKYO-003,Band 1 (2100MHz),-83.4,-11.2,11.9,96.4,47.6,196.0
2026-07-21 08:00:00,TKYO-004-1,TKYO-004,Band 41 (2500MHz),-82.7,-13.0,1.2,100.0,62.8,184.4
2026-07-21 08:00:00,TKYO-004-2,TKYO-004,Band 41 (2500MHz),-79.8,-14.8,1.5,100.0,63.2,133.2
2026-07-21 08:00:00,TKYO-004-3,TKYO-004,Band 41 (2500MHz),-88.2,-14.4,2.0,100.0,38.5,197.3
2026-07-21 08:00:00,TKYO-005-1,TKYO-005,Band 1 (2100MHz),-86.4,-13.0,8.4,95.4,67.1,181.7
2026-07-21 08:00:00,TKYO-005-2,TKYO-005,Band 1 (2100MHz),-84.0,-12.7,11.7,100.0,59.0,132.5
2026-07-21 08:00:00,TKYO-005-3,TKYO-005,Band 1 (2100MHz),-93.2,-14.6,2.4,98.2,54.4,176.9
2026-07-21 08:00:00,TKYO-006-1,TKYO-006,Band 41 (2500MHz),-86.7,-13.2,1.8,94.8,51.6,177.2
2026-07-21 08:00:00,TKYO-006-2,TKYO-006,Band 41 (2500MHz),-80.9,-13.6,4.4,81.3,57.4,199.4
2026-07-21 08:00:00,TKYO-006-3,TKYO-006,Band 41 (2500MHz),-86.0,-15.1,3.9,96.3,51.0,144.5
2026-07-21 08:00:00,TKYO-007-1,TKYO-007,Band 1 (2100MHz),-80.7,-15.9,13.4,66.1,40.0,164.4
2026-07-21 08:00:00,TKYO-007-2,TKYO-007,Band 1 (2100MHz),-76.5,-15.5,4.1,100.0,61.4,122.9
2026-07-21 08:00:00,TKYO-007-3,TKYO-007,Band 1 (2100MHz),-105.1,-17.4,3.5,100.0,52.5,225.7
2026-07-21 08:00:00,TKYO-008-1,TKYO-008,Band 41 (2500MHz),-89.0,-11.9,5.2,87.1,54.8,163.7
2026-07-21 08:00:00,TKYO-008-2,TKYO-008,Band 41 (2500MHz),-82.9,-12.9,6.6,100.0,53.5,177.9
2026-07-21 08:00:00,TKYO-008-3,TKYO-008,Band 41 (2500MHz),-86.1,-13.3,8.3,92.5,70.7,163.2
2026-07-21 08:00:00,TKYO-009-1,TKYO-009,Band 1 (2100MHz),-83.9,-11.4,4.3,89.9,49.8,182.1
2026-07-21 08:00:00,TKYO-009-2,TKYO-009,Band 1 (2100MHz),-83.0,-15.0,4.4,100.0,51.0,142.8
2026-07-21 08:00:00,TKYO-009-3,TKYO-009,Band 1 (2100MHz),-82.3,-9.8,16.1,97.3,55.4,155.2
2026-07-21 08:00:00,TKYO-010-1,TKYO-010,Band 41 (2500MHz),-83.9,-12.5,7.6,100.0,67.1,134.3
2026-07-21 08:00:00,TKYO-010-2,TKYO-010,Band 41 (2500MHz),-81.6,-12.5,1.5,100.0,61.1,145.6
2026-07-21 08:00:00,TKYO-010-3,TKYO-010,Band 41 (2500MHz),-85.7,-12.4,6.3,100.0,46.8,133.3
2026-07-21 08:00:00,TKYO-011-1,TKYO-011,Band 1 (2100MHz),-87.9,-15.4,6.9,100.0,56.7,183.9
2026-07-21 08:00:00,TKYO-011-2,TKYO-011,Band 1 (2100MHz),-85.1,-13.1,7.5,84.8,60.5,196.5
2026-07-21 08:00:00,TKYO-011-3,TKYO-011,Band 1 (2100MHz),-81.1,-10.2,10.4,88.5,45.7,154.0
2026-07-21 08:00:00,TKYO-012-1,TKYO-012,Band 41 (2500MHz),-90.5,-14.4,8.2,90.1,33.7,183.4
2026-07-21 08:00:00,TKYO-012-2,TKYO-012,Band 41 (2500MHz),-79.9,-12.8,12.9,98.3,64.4,164.5
2026-07-21 08:00:00,TKYO-012-3,TKYO-012,Band 41 (2500MHz),-84.5,-12.3,-5.9,84.7,70.4,152.3
2026-07-21 08:00:00,TKYO-013-1,TKYO-013,Band 1 (2100MHz),-85.2,-13.3,1.4,100.0,55.7,151.7
2026-07-21 08:00:00,TKYO-013-2,TKYO-013,Band 1 (2100MHz),-97.1,-16.4,1.7,93.8,70.6,166.5
2026-07-21 08:00:00,TKYO-013-3,TKYO-013,Band 1 (2100MHz),-85.4,-10.7,15.1,95.8,49.7,187.1
2026-07-21 08:00:00,TKYO-014-1,TKYO-014,Band 41 (2500MHz),-86.5,-14.6,5.9,72.9,58.8,135.6
2026-07-21 08:00:00,TKYO-014-2,TKYO-014,Band 41 (2500MHz),-97.5,-15.6,-1.1,100.0,60.0,169.4
2026-07-21 08:00:00,TKYO-014-3,TKYO-014,Band 41 (2500MHz),-83.7,-12.4,9.5,100.0,59.4,153.4
2026-07-21 08:00:00,TKYO-015-1,TKYO-015,Band 1 (2100MHz),-85.6,-9.7,6.2,100.0,61.6,134.8
2026-07-21 08:00:00,TKYO-015-2,TKYO-015,Band 1 (2100MHz),-92.5,-11.8,12.5,100.0,46.2,192.8
2026-07-21 08:00:00,TKYO-015-3,TKYO-015,Band 1 (2100MHz),-84.7,-15.3,3.9,100.0,58.0,188.7
2026-07-21 08:00:00,TKYO-016-1,TKYO-016,Band 41 (2500MHz),-87.7,-18.1,15.5,97.9,44.1,161.9
2026-07-21 08:00:00,TKYO-016-2,TKYO-016,Band 41 (2500MHz),-87.0,-13.3,4.0,98.0,58.6,178.7
2026-07-21 08:00:00,TKYO-016-3,TKYO-016,Band 41 (2500MHz),-75.7,-15.7,5.8,100.0,52.2,184.4
2026-07-21 09:00:00,TKYO-001-1,TKYO-001,Band 1 (2100MHz),-84.1,-13.4,9.9,78.3,39.6,119.8
2026-07-21 09:00:00,TKYO-001-2,TKYO-001,Band 1 (2100MHz),-78.7,-12.3,7.9,88.3,60.7,119.0
2026-07-21 09:00:00,TKYO-001-3,TKYO-001,Band 1 (2100MHz),-81.0,-11.3,8.7,60.1,28.1,134.5
2026-07-21 09:00:00,TKYO-002-1,TKYO-002,Band 41 (2500MHz),-86.1,-11.2,1.2,76.7,37.1,134.5
2026-07-21 09:00:00,TKYO-002-2,TKYO-002,Band 41 (2500MHz),-86.7,-14.5,0.3,79.3,31.2,145.5
2026-07-21 09:00:00,TKYO-002-3,TKYO-002,Band 41 (2500MHz),-84.2,-10.2,8.9,89.8,47.2,107.0
2026-07-21 09:00:00,TKYO-003-1,TKYO-003,Band 1 (2100MHz),-83.4,-14.0,10.5,49.2,60.6,156.2
2026-07-21 09:00:00,TKYO-003-2,TKYO-003,Band 1 (2100MHz),-99.0,-14.2,10.9,82.6,47.4,86.4
2026-07-21 09:00:00,TKYO-003-3,TKYO-003,Band 1 (2100MHz),-86.5,-9.1,15.4,100.0,37.3,166.9
2026-07-21 09:00:00,TKYO-004-1,TKYO-004,Band 41 (2500MHz),-78.2,-14.9,10.3,59.1,53.0,117.1
2026-07-21 09:00:00,TKYO-004-2,TKYO-004,Band 41 (2500MHz),-87.4,-13.2,7.1,83.7,41.3,152.7
2026-07-21 09:00:00,TKYO-004-3,TKYO-004,Band 41 (2500MHz),-90.7,-13.5,3.7,75.1,43.5,170.7
2026-07-21 09:00:00,TKYO-005-1,TKYO-005,Band 1 (2100MHz),-93.3,-13.5,8.6,62.9,51.8,154.3
2026-07-21 09:00:00,TKYO-005-2,TKYO-005,Band 1 (2100MHz),-83.3,-12.2,8.4,76.8,56.7,184.4
2026-07-21 09:00:00,TKYO-005-3,TKYO-005,Band 1 (2100MHz),-95.7,-13.6,2.3,92.0,42.6,121.0
2026-07-21 09:00:00,TKYO-006-1,TKYO-006,Band 41 (2500MHz),-82.6,-12.8,8.6,73.5,36.5,113.5
2026-07-21 09:00:00,TKYO-006-2,TKYO-006,Band 41 (2500MHz),-88.1,-12.7,3.3,76.6,66.3,128.2
2026-07-21 09:00:00,TKYO-006-3,TKYO-006,Band 41 (2500MHz),-86.8,-13.5,-2.9,81.1,32.6,117.9
2026-07-21 09:00:00,TKYO-007-1,TKYO-007,Band 1 (2100MHz),-82.0,-10.0,13.9,90.8,46.6,143.1
2026-07-21 09:00:00,TKYO-007-2,TKYO-007,Band 1 (2100MHz),-79.1,-10.2,7.9,73.0,45.6,166.7
2026-07-21 09:00:00,TKYO-007-3,TKYO-007,Band 1 (2100MHz),-96.9,-17.6,1.6,94.6,38.1,127.9
2026-07-21 09:00:00,TKYO-008-1,TKYO-008,Band 41 (2500MHz),-76.6,-10.7,4.9,67.1,54.0,123.2
2026-07-21 09:00:00,TKYO-008-2,TKYO-008,Band 41 (2500MHz),-85.6,-11.5,-0.0,67.3,32.6,141.4
2026-07-21 09:00:00,TKYO-008-3,TKYO-008,Band 41 (2500MHz),-81.3,-12.6,12.5,78.5,20.0,120.3
2026-07-21 09:00:00,TKYO-009-1,TKYO-009,Band 1 (2100MHz),-88.8,-12.6,8.4,92.0,42.4,128.8
2026-07-21 09:00:00,TKYO-009-2,TKYO-009,Band 1 (2100MHz),-86.4,-8.8,6.2,65.3,40.0,95.1
2026-07-21 09:00:00,TKYO-009-3,TKYO-009,Band 1 (2100MHz),-84.8,-13.1,9.6,74.0,40.7,135.0
2026-07-21 09:00:00,TKYO-010-1,TKYO-010,Band 41 (2500MHz),-88.6,-14.7,5.0,86.0,33.3,151.7
2026-07-21 09:00:00,TKYO-010-2,TKYO-010,Band 41 (2500MHz),-85.2,-8.5,1.0,67.6,51.0,111.0
2026-07-21 09:00:00,TKYO-010-3,TKYO-010,Band 41 (2500MHz),-78.0,-11.9,7.2,94.5,45.4,123.5
2026-07-21 09:00:00,TKYO-011-1,TKYO-011,Band 1 (2100MHz),-82.5,-8.9,9.6,76.5,44.9,143.2
2026-07-21 09:00:00,TKYO-011-2,TKYO-011,Band 1 (2100MHz),-81.4,-9.5,6.7,85.2,38.7,145.5
2026-07-21 09:00:00,TKYO-011-3,TKYO-011,Band 1 (2100MHz),-76.9,-13.1,1.5,80.4,50.6,157.2
2026-07-21 09:00:00,TKYO-012-1,TKYO-012,Band 41 (2500MHz),-85.5,-13.7,7.4,83.4,61.2,149.3
2026-07-21 09:00:00,TKYO-012-2,TKYO-012,Band 41 (2500MHz),-78.8,-12.7,4.4,82.2,70.4,121.1
2026-07-21 09:00:00,TKYO-012-3,TKYO-012,Band 41 (2500MHz),-91.1,-11.3,10.3,88.8,47.5,128.5
2026-07-21 09:00:00,TKYO-013-1,TKYO-013,Band 1 (2100MHz),-81.6,-10.9,8.0,75.8,48.2,145.6
2026-07-21 09:00:00,TKYO-013-2,TKYO-013,Band 1 (2100MHz),-96.4,-17.6,-9.4,87.7,48.0,146.7
2026-07-21 09:00:00,TKYO-013-3,TKYO-013,Band 1 (2100MHz),-79.5,-10.2,7.8,89.2,42.9,126.7
2026-07-21 09:00:00,TKYO-014-1,TKYO-014,Band 41 (2500MHz),-79.9,-11.8,1.1,72.6,55.2,138.8
2026-07-21 09:00:00,TKYO-014-2,TKYO-014,Band 41 (2500MHz),-97.2,-18.0,-0.5,57.7,38.5,145.2
2026-07-21 09:00:00,TKYO-014-3,TKYO-014,Band 41 (2500MHz),-76.6,-10.5,2.0,71.0,34.9,113.0
2026-07-21 09:00:00,TKYO-015-1,TKYO-015,Band 1 (2100MHz),-86.0,-12.2,8.5,73.6,47.5,143.7
2026-07-21 09:00:00,TKYO-015-2,TKYO-015,Band 1 (2100MHz),-78.8,-12.9,10.0,65.0,56.9,128.7
2026-07-21 09:00:00,TKYO-015-3,TKYO-015,Band 1 (2100MHz),-89.9,-14.0,12.9,62.3,54.6,142.3
2026-07-21 09:00:00,TKYO-016-1,TKYO-016,Band 41 (2500MHz),-88.2,-10.9,5.5,87.5,37.0,116.4
2026-07-21 09:00:00,TKYO-016-2,TKYO-016,Band 41 (2500MHz),-92.6,-11.0,6.7,77.1,43.8,124.5
2026-07-21 09:00:00,TKYO-016-3,TKYO-016,Band 41 (2500MHz),-82.5,-12.7,12.6,94.5,40.5,86.2
2026-07-21 10:00:00,TKYO-001-1,TKYO-001,Band 1 (2100MHz),-91.7,-10.1,10.7,12.7,25.9,54.6
2026-07-21 10:00:00,TKYO-001-2,TKYO-001,Band 1 (2100MHz),-82.7,-9.4,3.4,19.4,11.1,34.2
2026-07-21 10:00:00,TKYO-001-3,TKYO-001,Band 1 (2100MHz),-80.8,-13.0,8.1,29.5,5.3,46.0
2026-07-21 10:00:00,TKYO-002-1,TKYO-002,Band 41 (2500MHz),-91.8,-8.1,7.3,21.1,13.8,19.4
2026-07-21 10:00:00,TKYO-002-2,TKYO-002,Band 41 (2500MHz),-83.3,-10.5,-0.3,21.5,15.0,0.5
2026-07-21 10:00:00,TKYO-002-3,TKYO-002,Band 41 (2500MHz),-84.4,-8.4,6.3,41.1,13.6,36.2
2026-07-21 10:00:00,TKYO-003-1,TKYO-003,Band 1 (2100MHz),-81.5,-8.4,5.6,27.1,15.0,57.1
2026-07-21 10:00:00,TKYO-003-2,TKYO-003,Band 1 (2100MHz),-88.4,-13.8,-6.8,36.0,13.5,2.4
2026-07-21 10:00:00,TKYO-003-3,TKYO-003,Band 1 (2100MHz),-81.2,-8.7,6.0,44.5,15.2,28.3
2026-07-21 10:00:00,TKYO-004-1,TKYO-004,Band 41 (2500MHz),-83.7,-10.3,0.9,28.2,29.4,98.6
2026-07-21 10:00:00,TKYO-004-2,TKYO-004,Band 41 (2500MHz),-86.5,-11.1,-3.1,23.3,14.4,36.1
2026-07-21 10:00:00,TKYO-004-3,TKYO-004,Band 41 (2500MHz),-90.4,-5.3,-0.2,20.2,11.2,43.3
2026-07-21 10:00:00,TKYO-005-1,TKYO-005,Band 1 (2100MHz),-87.6,-8.3,9.6,39.6,30.7,57.9
2026-07-21 10:00:00,TKYO-005-2,TKYO-005,Band 1 (2100MHz),-88.7,-8.6,4.7,21.0,6.6,21.0
2026-07-21 10:00:00,TKYO-005-3,TKYO-005,Band 1 (2100MHz),-96.4,-6.1,3.6,13.2,12.7,45.8
2026-07-21 10:00:00,TKYO-006-1,TKYO-006,Band 41 (2500MHz),-79.2,-8.2,0.1,4.6,10.6,19.1
2026-07-21 10:00:00,TKYO-006-2,TKYO-006,Band 41 (2500MHz),-80.5,-12.7,5.7,9.0,15.5,22.2
2026-07-21 10:00:00,TKYO-006-3,TKYO-006,Band 41 (2500MHz),-88.9,-7.6,1.8,6.9,19.7,24.1
2026-07-21 10:00:00,TKYO-007-1,TKYO-007,Band 1 (2100MHz),-82.3,-7.9,10.6,13.7,9.5,17.9
2026-07-21 10:00:00,TKYO-007-2,TKYO-007,Band 1 (2100MHz),-84.8,-7.6,16.1,18.6,37.4,33.7
2026-07-21 10:00:00,TKYO-007-3,TKYO-007,Band 1 (2100MHz),-90.7,-11.9,0.3,29.8,14.6,63.0
2026-07-21 10:00:00,TKYO-008-1,TKYO-008,Band 41 (2500MHz),-78.8,-9.6,0.7,18.5,9.9,51.5
2026-07-21 10:00:00,TKYO-008-2,TKYO-008,Band 41 (2500MHz),-88.8,-10.9,9.7,15.0,12.6,59.4
2026-07-21 10:00:00,TKYO-008-3,TKYO-008,Band 41 (2500MHz),-83.7,-8.5,10.8,19.5,19.3,9.5
2026-07-21 10:00:00,TKYO-009-1,TKYO-009,Band 1 (2100MHz),-82.8,-6.7,6.7,16.0,9.7,0.0
2026-07-21 10:00:00,TKYO-009-2,TKYO-009,Band 1 (2100MHz),-83.7,-8.4,14.5,35.6,5.3,62.2
2026-07-21 10:00:00,TKYO-009-3,TKYO-009,Band 1 (2100MHz),-81.9,-8.0,7.6,18.0,13.8,58.5
2026-07-21 10:00:00,TKYO-010-1,TKYO-010,Band 41 (2500MHz),-87.7,-9.3,4.2,38.5,17.1,62.1
2026-07-21 10:00:00,TKYO-010-2,TKYO-010,Band 41 (2500MHz),-81.0,-8.3,7.3,44.1,5.6,43.8
2026-07-21 10:00:00,TKYO-010-3,TKYO-010,Band 41 (2500MHz),-85.1,-11.4,1.2,30.9,9.1,69.0
2026-07-21 10:00:00,TKYO-011-1,TKYO-011,Band 1 (2100MHz),-88.6,-8.5,5.2,20.9,5.5,48.0
2026-07-21 10:00:00,TKYO-011-2,TKYO-011,Band 1 (2100MHz),-87.6,-8.0,-3.4,25.2,0.0,49.2
2026-07-21 10:00:00,TKYO-011-3,TKYO-011,Band 1 (2100MHz),-86.9,-8.8,8.9,10.4,15.6,31.9
2026-07-21 10:00:00,TKYO-012-1,TKYO-012,Band 41 (2500MHz),-86.8,-6.1,5.3,23.1,18.9,46.5
2026-07-21 10:00:00,TKYO-012-2,TKYO-012,Band 41 (2500MHz),-84.3,-5.8,10.8,12.1,9.3,22.4
2026-07-21 10:00:00,TKYO-012-3,TKYO-012,Band 41 (2500MHz),-90.0,-8.1,9.7,37.5,1.5,20.1
2026-07-21 10:00:00,TKYO-013-1,TKYO-013,Band 1 (2100MHz),-85.5,-8.1,1.9,22.1,21.3,26.0
2026-07-21 10:00:00,TKYO-013-2,TKYO-013,Band 1 (2100MHz),-92.2,-10.0,0.5,18.3,17.0,41.0
2026-07-21 10:00:00,TKYO-013-3,TKYO-013,Band 1 (2100MHz),-90.5,-6.8,1.3,5.2,30.9,22.8
2026-07-21 10:00:00,TKYO-014-1,TKYO-014,Band 41 (2500MHz),-86.4,-10.7,-1.6,24.8,10.7,44.1
2026-07-21 10:00:00,TKYO-014-2,TKYO-014,Band 41 (2500MHz),-95.6,-15.0,-1.9,7.4,1.4,5.1
2026-07-21 10:00:00,TKYO-014-3,TKYO-014,Band 41 (2500MHz),-83.3,-7.9,8.3,1.9,0.9,45.5
2026-07-21 10:00:00,TKYO-015-1,TKYO-015,Band 1 (2100MHz),-88.6,-8.2,13.2,39.6,1.2,43.1
2026-07-21 10:00:00,TKYO-015-2,TKYO-015,Band 1 (2100MHz),-75.3,-10.9,6.2,12.1,15.1,24.1
2026-07-21 10:00:00,TKYO-015-3,TKYO-015,Band 1 (2100MHz),-87.7,-9.7,3.1,5.4,7.9,13.2
2026-07-21 10:00:00,TKYO-016-1,TKYO-016,Band 41 (2500MHz),-76.3,-5.1,5.0,25.0,9.2,61.4
2026-07-21 10:00:00,TKYO-016-2,TKYO-016,Band 41 (2500MHz),-83.2,-9.8,3.5,41.3,9.6,65.3
2026-07-21 10:00:00,TKYO-016-3,TKYO-016,Band 41 (2500MHz),-85.9,-8.7,-8.9,27.9,6.6,0.0
2026-07-21 11:00:00,TKYO-001-1,TKYO-001,Band 1 (2100MHz),-78.9,-11.7,5.5,42.4,32.3,135.8
2026-07-21 11:00:00,TKYO-001-2,TKYO-001,Band 1 (2100MHz),-75.6,-11.5,10.7,58.7,61.6,95.6
2026-07-21 11:00:00,TKYO-001-3,TKYO-001,Band 1 (2100MHz),-82.9,-10.2,5.3,69.3,44.1,122.7
2026-07-21 11:00:00,TKYO-002-1,TKYO-002,Band 41 (2500MHz),-79.1,-13.4,-0.5,78.6,38.1,108.0
2026-07-21 11:00:00,TKYO-002-2,TKYO-002,Band 41 (2500MHz),-80.1,-9.9,9.2,78.9,43.0,145.7
2026-07-21 11:00:00,TKYO-002-3,TKYO-002,Band 41 (2500MHz),-81.0,-7.4,10.2,80.0,37.3,141.3
2026-07-21 11:00:00,TKYO-003-1,TKYO-003,Band 1 (2100MHz),-81.2,-13.2,10.3,68.7,40.9,102.2
2026-07-21 11:00:00,TKYO-003-2,TKYO-003,Band 1 (2100MHz),-100.4,-13.5,-3.1,72.6,53.1,120.7
2026-07-21 11:00:00,TKYO-003-3,TKYO-003,Band 1 (2100MHz),-88.0,-11.0,7.7,52.3,43.3,150.7
2026-07-21 11:00:00,TKYO-004-1,TKYO-004,Band 41 (2500MHz),-79.7,-8.1,3.2,99.1,49.4,87.8
2026-07-21 11:00:00,TKYO-004-2,TKYO-004,Band 41 (2500MHz),-84.9,-7.1,3.8,77.5,21.3,118.5
2026-07-21 11:00:00,TKYO-004-3,TKYO-004,Band 41 (2500MHz),-83.2,-11.2,0.2,87.1,52.4,141.7
2026-07-21 11:00:00,TKYO-005-1,TKYO-005,Band 1 (2100MHz),-78.7,-8.8,3.8,48.6,39.0,104.3
2026-07-21 11:00:00,TKYO-005-2,TKYO-005,Band 1 (2100MHz),-85.6,-11.5,8.7,71.7,46.8,126.7
2026-07-21 11:00:00,TKYO-005-3,TKYO-005,Band 1 (2100MHz),-96.8,-18.5,4.7,77.6,44.2,119.2
2026-07-21 11:00:00,TKYO-006-1,TKYO-006,Band 41 (2500MHz),-87.3,-10.6,11.8,44.1,32.1,146.3
2026-07-21 11:00:00,TKYO-006-2,TKYO-006,Band 41 (2500MHz),-86.5,-10.6,-7.1,81.8,32.3,148.4
2026-07-21 11:00:00,TKYO-006-3,TKYO-006,Band 41 (2500MHz),-80.5,-9.4,-5.3,73.8,47.8,122.9
2026-07-21 11:00:00,TKYO-007-1,TKYO-007,Band 1 (2100MHz),-73.4,-13.0,6.8,52.4,22.2,105.9
2026-07-21 11:00:00,TKYO-007-2,TKYO-007,Band 1 (2100MHz),-85.0,-13.2,-3.7,75.6,47.6,92.7
2026-07-21 11:00:00,TKYO-007-3,TKYO-007,Band 1 (2100MHz),-90.5,-14.6,4.0,49.3,35.1,110.1
2026-07-21 11:00:00,TKYO-008-1,TKYO-008,Band 41 (2500MHz),-94.3,-8.6,8.7,62.1,39.5,122.5
2026-07-21 11:00:00,TKYO-008-2,TKYO-008,Band 41 (2500MHz),-88.2,-9.5,8.8,45.3,57.9,117.2
2026-07-21 11:00:00,TKYO-008-3,TKYO-008,Band 41 (2500MHz),-83.1,-15.4,5.8,55.9,49.0,79.5
2026-07-21 11:00:00,TKYO-009-1,TKYO-009,Band 1 (2100MHz),-90.7,-9.2,8.5,68.6,38.4,128.9
2026-07-21 11:00:00,TKYO-009-2,TKYO-009,Band 1 (2100MHz),-77.4,-11.0,5.3,69.9,24.1,124.6
2026-07-21 11:00:00,TKYO-009-3,TKYO-009,Band 1 (2100MHz),-84.8,-12.3,7.3,77.0,40.1,103.5
2026-07-21 11:00:00,TKYO-010-1,TKYO-010,Band 41 (2500MHz),-88.2,-13.4,-1.1,69.9,38.7,95.0
2026-07-21 11:00:00,TKYO-010-2,TKYO-010,Band 41 (2500MHz),-85.6,-10.0,-2.4,83.9,38.5,101.9
2026-07-21 11:00:00,TKYO-010-3,TKYO-010,Band 41 (2500MHz),-83.6,-9.5,7.0,78.8,32.4,99.6
2026-07-21 11:00:00,TKYO-011-1,TKYO-011,Band 1 (2100MHz),-88.2,-13.2,5.9,67.0,44.1,106.6
2026-07-21 11:00:00,TKYO-011-2,TKYO-011,Band 1 (2100MHz),-85.9,-10.7,2.8,77.3,53.3,89.3
2026-07-21 11:00:00,TKYO-011-3,TKYO-011,Band 1 (2100MHz),-84.3,-13.7,9.8,84.3,40.9,114.8
2026-07-21 11:00:00,TKYO-012-1,TKYO-012,Band 41 (2500MHz),-87.6,-17.7,8.0,74.8,42.5,93.3
2026-07-21 11:00:00,TKYO-012-2,TKYO-012,Band 41 (2500MHz),-85.7,-12.4,9.0,71.2,41.2,100.5
2026-07-21 11:00:00,TKYO-012-3,TKYO-012,Band 41 (2500MHz),-77.0,-14.7,8.6,61.3,28.8,100.8
2026-07-21 11:00:00,TKYO-013-1,TKYO-013,Band 1 (2100MHz),-86.0,-10.2,12.6,40.5,29.8,130.7
2026-07-21 11:00:00,TKYO-013-2,TKYO-013,Band 1 (2100MHz),-92.5,-12.5,3.4,66.9,43.8,77.9
2026-07-21 11:00:00,TKYO-013-3,TKYO-013,Band 1 (2100MHz),-85.2,-11.8,3.8,65.7,38.9,109.2
2026-07-21 11:00:00,TKYO-014-1,TKYO-014,Band 41 (2500MHz),-84.3,-10.3,-3.9,58.3,52.9,107.9
2026-07-21 11:00:00,TKYO-014-2,TKYO-014,Band 41 (2500MHz),-96.3,-15.7,-3.5,57.4,44.8,116.8
2026-07-21 11:00:00,TKYO-014-3,TKYO-014,Band 41 (2500MHz),-86.8,-10.1,-1.1,67.3,36.4,98.5
2026-07-21 11:00:00,TKYO-015-1,TKYO-015,Band 1 (2100MHz),-83.9,-10.1,8.1,61.5,20.5,126.4
2026-07-21 11:00:00,TKYO-015-2,TKYO-015,Band 1 (2100MHz),-83.7,-13.0,12.5,58.5,42.7,151.1
2026-07-21 11:00:00,TKYO-015-3,TKYO-015,Band 1 (2100MHz),-86.7,-14.1,5.5,73.3,33.3,122.5
2026-07-21 11:00:00,TKYO-016-1,TKYO-016,Band 41 (2500MHz),-85.9,-9.4,11.5,60.9,45.8,78.2
2026-07-21 11:00:00,TKYO-016-2,TKYO-016,Band 41 (2500MHz),-88.3,-11.2,2.3,72.9,40.1,87.8
2026-07-21 11:00:00,TKYO-016-3,TKYO-016,Band 41 (2500MHz),-83.7,-11.1,9.7,46.8,43.7,130.7
2026-07-21 12:00:00,TKYO-001-1,TKYO-001,Band 1 (2100MHz),-83.5,-7.0,3.1,88.7,45.1,127.4
2026-07-21 12:00:00,TKYO-001-2,TKYO-001,Band 1 (2100MHz),-82.6,-13.6,10.1,84.8,33.9,131.1
2026-07-21 12:00:00,TKYO-001-3,TKYO-001,Band 1 (2100MHz),-78.4,-11.4,0.4,72.8,47.9,88.4
2026-07-21 12:00:00,TKYO-002-1,TKYO-002,Band 41 (2500MHz),-76.8,-11.1,6.3,87.3,52.6,103.6
2026-07-21 12:00:00,TKYO-002-2,TKYO-002,Band 41 (2500MHz),-86.6,-8.6,18.8,59.1,28.6,159.3
2026-07-21 12:00:00,TKYO-002-3,TKYO-002,Band 41 (2500MHz),-90.0,-11.7,9.0,76.2,34.6,103.7
2026-07-21 12:00:00,TKYO-003-1,TKYO-003,Band 1 (2100MHz),-79.7,-7.0,12.4,54.2,23.8,134.9
2026-07-21 12:00:00,TKYO-003-2,TKYO-003,Band 1 (2100MHz),-97.7,-13.4,-5.0,71.5,44.0,91.2
2026-07-21 12:00:00,TKYO-003-3,TKYO-003,Band 1 (2100MHz),-87.2,-9.2,12.1,84.4,45.8,112.1
2026-07-21 12:00:00,TKYO-004-1,TKYO-004,Band 41 (2500MHz),-88.9,-11.1,7.9,70.5,43.4,139.4
2026-07-21 12:00:00,TKYO-004-2,TKYO-004,Band 41 (2500MHz),-82.0,-12.2,-0.3,54.7,35.5,92.6
2026-07-21 12:00:00,TKYO-004-3,TKYO-004,Band 41 (2500MHz),-87.6,-15.6,1.0,73.9,40.7,124.1
2026-07-21 12:00:00,TKYO-005-1,TKYO-005,Band 1 (2100MHz),-86.4,-11.2,3.5,72.9,35.2,104.4
2026-07-21 12:00:00,TKYO-005-2,TKYO-005,Band 1 (2100MHz),-79.5,-12.0,7.3,74.0,40.4,108.8
2026-07-21 12:00:00,TKYO-005-3,TKYO-005,Band 1 (2100MHz),-97.7,-13.8,-6.4,74.6,28.6,94.8
2026-07-21 12:00:00,TKYO-006-1,TKYO-006,Band 41 (2500MHz),-89.7,-13.4,-0.6,61.0,31.7,106.0
2026-07-21 12:00:00,TKYO-006-2,TKYO-006,Band 41 (2500MHz),-80.3,-8.8,7.2,79.4,54.0,117.6
2026-07-21 12:00:00,TKYO-006-3,TKYO-006,Band 41 (2500MHz),-88.0,-10.7,9.8,58.9,45.1,153.6
2026-07-21 12:00:00,TKYO-007-1,TKYO-007,Band 1 (2100MHz),-86.2,-11.7,19.2,57.4,38.2,91.1
2026-07-21 12:00:00,TKYO-007-2,TKYO-007,Band 1 (2100MHz),-88.7,-11.6,6.7,72.2,38.6,103.3
2026-07-21 12:00:00,TKYO-007-3,TKYO-007,Band 1 (2100MHz),-90.4,-14.0,3.0,79.3,32.5,128.6
2026-07-21 12:00:00,TKYO-008-1,TKYO-008,Band 41 (2500MHz),-87.7,-12.2,14.4,66.9,49.4,102.0
2026-07-21 12:00:00,TKYO-008-2,TKYO-008,Band 41 (2500MHz),-79.8,-9.1,9.5,58.9,29.5,109.7
2026-07-21 12:00:00,TKYO-008-3,TKYO-008,Band 41 (2500MHz),-80.6,-8.5,-0.8,58.7,39.7,136.4
2026-07-21 12:00:00,TKYO-009-1,TKYO-009,Band 1 (2100MHz),-80.0,-6.7,4.3,88.9,40.7,75.0
2026-07-21 12:00:00,TKYO-009-2,TKYO-009,Band 1 (2100MHz),-79.5,-9.7,6.9,49.5,53.4,141.5
2026-07-21 12:00:00,TKYO-009-3,TKYO-009,Band 1 (2100MHz),-91.1,-9.8,17.3,57.5,43.9,72.9
2026-07-21 12:00:00,TKYO-010-1,TKYO-010,Band 41 (2500MHz),-87.4,-10.8,15.4,75.7,44.7,109.2
2026-07-21 12:00:00,TKYO-010-2,TKYO-010,Band 41 (2500MHz),-83.6,-15.5,1.5,61.1,38.9,118.4
2026-07-21 12:00:00,TKYO-010-3,TKYO-010,Band 41 (2500MHz),-85.4,-14.1,8.4,54.3,31.7,103.6
2026-07-21 12:00:00,TKYO-011-1,TKYO-011,Band 1 (2100MHz),-74.2,-10.5,11.0,56.7,27.7,149.4
2026-07-21 12:00:00,TKYO-011-2,TKYO-011,Band 1 (2100MHz),-85.7,-10.3,11.3,80.9,47.3,127.4
2026-07-21 12:00:00,TKYO-011-3,TKYO-011,Band 1 (2100MHz),-79.9,-12.5,7.0,70.3,50.1,127.8
2026-07-21 12:00:00,TKYO-012-1,TKYO-012,Band 41 (2500MHz),-82.9,-13.2,2.7,60.7,46.5,135.5
2026-07-21 12:00:00,TKYO-012-2,TKYO-012,Band 41 (2500MHz),-81.6,-10.4,9.8,52.8,35.1,97.4
2026-07-21 12:00:00,TKYO-012-3,TKYO-012,Band 41 (2500MHz),-88.3,-6.9,11.2,79.5,36.3,150.4
2026-07-21 12:00:00,TKYO-013-1,TKYO-013,Band 1 (2100MHz),-80.6,-12.0,1.4,88.7,37.8,85.7
2026-07-21 12:00:00,TKYO-013-2,TKYO-013,Band 1 (2100MHz),-103.3,-10.7,10.3,89.8,35.9,99.7
2026-07-21 12:00:00,TKYO-013-3,TKYO-013,Band 1 (2100MHz),-80.9,-9.3,2.7,59.7,38.0,65.0
2026-07-21 12:00:00,TKYO-014-1,TKYO-014,Band 41 (2500MHz),-88.2,-12.6,6.7,80.5,44.3,115.3
2026-07-21 12:00:00,TKYO-014-2,TKYO-014,Band 41 (2500MHz),-96.8,-12.1,-2.6,77.8,42.4,118.9
2026-07-21 12:00:00,TKYO-014-3,TKYO-014,Band 41 (2500MHz),-83.4,-9.5,5.6,47.9,33.1,107.9
2026-07-21 12:00:00,TKYO-015-1,TKYO-015,Band 1 (2100MHz),-79.8,-13.6,13.6,79.1,44.2,118.0
2026-07-21 12:00:00,TKYO-015-2,TKYO-015,Band 1 (2100MHz),-85.2,-10.9,1.5,61.8,42.8,117.3
2026-07-21 12:00:00,TKYO-015-3,TKYO-015,Band 1 (2100MHz),-80.1,-13.0,6.5,63.6,37.1,120.5
2026-07-21 12:00:00,TKYO-016-1,TKYO-016,Band 41 (2500MHz),-80.8,-13.1,3.4,61.3,31.1,93.9
2026-07-21 12:00:00,TKYO-016-2,TKYO-016,Band 41 (2500MHz),-83.0,-9.7,4.2,68.0,26.4,126.5
2026-07-21 12:00:00,TKYO-016-3,TKYO-016,Band 41 (2500MHz),-82.1,-12.7,8.0,87.6,35.3,108.4
2026-07-21 13:00:00,TKYO-001-1,TKYO-001,Band 1 (2100MHz),-79.7,-11.6,13.0,100.0,42.0,137.3
2026-07-21 13:00:00,TKYO-001-2,TKYO-001,Band 1 (2100MHz),-84.2,-8.1,7.7,66.5,51.0,104.5
2026-07-21 13:00:00,TKYO-001-3,TKYO-001,Band 1 (2100MHz),-88.4,-11.3,17.9,75.4,33.6,116.8
2026-07-21 13:00:00,TKYO-002-1,TKYO-002,Band 41 (2500MHz),-83.1,-10.9,3.0,62.4,23.7,156.6
2026-07-21 13:00:00,TKYO-002-2,TKYO-002,Band 41 (2500MHz),-78.7,-12.2,6.5,71.5,45.2,109.2
2026-07-21 13:00:00,TKYO-002-3,TKYO-002,Band 41 (2500MHz),-80.1,-14.0,7.4,87.0,52.7,149.1
2026-07-21 13:00:00,TKYO-003-1,TKYO-003,Band 1 (2100MHz),-89.1,-15.7,8.9,49.3,52.4,143.8
2026-07-21 13:00:00,TKYO-003-2,TKYO-003,Band 1 (2100MHz),-95.9,-14.5,-0.9,72.5,32.9,110.4
2026-07-21 13:00:00,TKYO-003-3,TKYO-003,Band 1 (2100MHz),-84.7,-13.5,16.4,64.3,40.8,118.6
2026-07-21 13:00:00,TKYO-004-1,TKYO-004,Band 41 (2500MHz),-80.7,-10.7,-0.3,77.9,46.4,63.2
2026-07-21 13:00:00,TKYO-004-2,TKYO-004,Band 41 (2500MHz),-90.8,-9.5,6.4,86.6,40.1,102.9
2026-07-21 13:00:00,TKYO-004-3,TKYO-004,Band 41 (2500MHz),-81.8,-9.8,4.3,58.4,47.0,150.4
2026-07-21 13:00:00,TKYO-005-1,TKYO-005,Band 1 (2100MHz),-77.6,-10.2,7.2,70.5,50.4,138.7
2026-07-21 13:00:00,TKYO-005-2,TKYO-005,Band 1 (2100MHz),-87.0,-9.0,0.2,59.8,37.7,125.4
2026-07-21 13:00:00,TKYO-005-3,TKYO-005,Band 1 (2100MHz),-95.9,-13.7,3.9,57.9,36.4,140.4
2026-07-21 13:00:00,TKYO-006-1,TKYO-006,Band 41 (2500MHz),-83.2,-9.9,5.9,77.4,60.0,102.8
2026-07-21 13:00:00,TKYO-006-2,TKYO-006,Band 41 (2500MHz),-86.8,-14.6,4.8,88.5,25.7,123.1
2026-07-21 13:00:00,TKYO-006-3,TKYO-006,Band 41 (2500MHz),-91.6,-12.9,-5.2,80.8,38.1,143.1
2026-07-21 13:00:00,TKYO-007-1,TKYO-007,Band 1 (2100MHz),-84.1,-9.5,7.9,71.4,28.5,97.5
2026-07-21 13:00:00,TKYO-007-2,TKYO-007,Band 1 (2100MHz),-86.2,-14.0,9.1,66.8,57.1,118.7
2026-07-21 13:00:00,TKYO-007-3,TKYO-007,Band 1 (2100MHz),-94.7,-16.2,-1.5,78.2,39.4,104.7
2026-07-21 13:00:00,TKYO-008-1,TKYO-008,Band 41 (2500MHz),-85.2,-11.5,-1.5,87.5,46.1,131.0
2026-07-21 13:00:00,TKYO-008-2,TKYO-008,Band 41 (2500MHz),-88.2,-13.2,13.4,85.0,45.1,141.5
2026-07-21 13:00:00,TKYO-008-3,TKYO-008,Band 41 (2500MHz),-83.1,-10.5,4.0,92.2,40.6,135.9
2026-07-21 13:00:00,TKYO-009-1,TKYO-009,Band 1 (2100MHz),-79.3,-12.4,16.0,70.8,36.5,103.2
2026-07-21 13:00:00,TKYO-009-2,TKYO-009,Band 1 (2100MHz),-82.4,-5.4,11.4,81.0,37.9,103.3
2026-07-21 13:00:00,TKYO-009-3,TKYO-009,Band 1 (2100MHz),-86.1,-13.3,8.9,77.1,40.2,158.6
2026-07-21 13:00:00,TKYO-010-1,TKYO-010,Band 41 (2500MHz),-82.2,-8.9,6.4,47.8,25.3,116.3
2026-07-21 13:00:00,TKYO-010-2,TKYO-010,Band 41 (2500MHz),-82.6,-11.0,3.2,87.3,22.1,129.6
2026-07-21 13:00:00,TKYO-010-3,TKYO-010,Band 41 (2500MHz),-80.4,-11.5,2.3,74.9,34.2,115.9
2026-07-21 13:00:00,TKYO-011-1,TKYO-011,Band 1 (2100MHz),-81.1,-9.7,13.4,59.8,41.9,96.9
2026-07-21 13:00:00,TKYO-011-2,TKYO-011,Band 1 (2100MHz),-85.0,-13.2,5.3,47.7,46.5,85.6
2026-07-21 13:00:00,TKYO-011-3,TKYO-011,Band 1 (2100MHz),-82.0,-10.5,13.4,57.2,34.6,98.2
2026-07-21 13:00:00,TKYO-012-1,TKYO-012,Band 41 (2500MHz),-82.6,-11.9,7.2,67.1,44.3,106.1
2026-07-21 13:00:00,TKYO-012-2,TKYO-012,Band 41 (2500MHz),-79.0,-10.7,2.6,76.5,44.8,96.4
2026-07-21 13:00:00,TKYO-012-3,TKYO-012,Band 41 (2500MHz),-78.0,-12.4,4.6,73.7,32.3,143.4
2026-07-21 13:00:00,TKYO-013-1,TKYO-013,Band 1 (2100MHz),-90.3,-10.5,15.7,75.9,37.5,115.9
2026-07-21 13:00:00,TKYO-013-2,TKYO-013,Band 1 (2100MHz),-95.6,-16.0,0.9,79.8,43.1,83.6
2026-07-21 13:00:00,TKYO-013-3,TKYO-013,Band 1 (2100MHz),-88.0,-13.5,7.9,58.2,48.9,148.1
2026-07-21 13:00:00,TKYO-014-1,TKYO-014,Band 41 (2500MHz),-91.8,-10.1,2.7,63.5,34.2,131.4
2026-07-21 13:00:00,TKYO-014-2,TKYO-014,Band 41 (2500MHz),-91.6,-14.8,-4.6,66.3,37.2,98.8
2026-07-21 13:00:00,TKYO-014-3,TKYO-014,Band 41 (2500MHz),-81.5,-11.3,10.3,44.5,21.7,77.0
2026-07-21 13:00:00,TKYO-015-1,TKYO-015,Band 1 (2100MHz),-91.6,-11.7,8.8,60.6,14.5,86.0
2026-07-21 13:00:00,TKYO-015-2,TKYO-015,Band 1 (2100MHz),-84.3,-11.5,-0.2,70.2,27.0,162.7
2026-07-21 13:00:00,TKYO-015-3,TKYO-015,Band 1 (2100MHz),-84.8,-9.7,4.0,75.6,33.6,101.8
2026-07-21 13:00:00,TKYO-016-1,TKYO-016,Band 41 (2500MHz),-85.1,-8.1,6.5,57.6,21.4,94.9
2026-07-21 13:00:00,TKYO-016-2,TKYO-016,Band 41 (2500MHz),-83.2,-15.4,4.4,76.2,28.5,168.6
2026-07-21 13:00:00,TKYO-016-3,TKYO-016,Band 41 (2500MHz),-77.0,-11.4,0.2,64.8,35.7,102.8
2026-07-21 14:00:00,TKYO-001-1,TKYO-001,Band 1 (2100MHz),-88.2,-12.0,12.4,73.1,43.0,87.6
2026-07-21 14:00:00,TKYO-001-2,TKYO-001,Band 1 (2100MHz),-87.2,-10.5,5.1,50.6,41.3,163.8
2026-07-21 14:00:00,TKYO-001-3,TKYO-001,Band 1 (2100MHz),-82.3,-13.5,8.0,63.6,36.8,80.5
2026-07-21 14:00:00,TKYO-002-1,TKYO-002,Band 41 (2500MHz),-79.7,-10.6,8.8,72.2,37.9,123.9
2026-07-21 14:00:00,TKYO-002-2,TKYO-002,Band 41 (2500MHz),-92.8,-15.2,5.3,64.6,34.7,100.7
2026-07-21 14:00:00,TKYO-002-3,TKYO-002,Band 41 (2500MHz),-86.4,-9.6,0.9,94.5,40.8,113.9
2026-07-21 14:00:00,TKYO-003-1,TKYO-003,Band 1 (2100MHz),-85.6,-9.9,3.8,74.2,43.7,76.5
2026-07-21 14:00:00,TKYO-003-2,TKYO-003,Band 1 (2100MHz),-96.3,-16.9,-10.0,77.1,50.9,133.7
2026-07-21 14:00:00,TKYO-003-3,TKYO-003,Band 1 (2100MHz),-83.5,-9.8,1.3,81.7,42.1,128.0
2026-07-21 14:00:00,TKYO-004-1,TKYO-004,Band 41 (2500MHz),-91.1,-8.1,1.3,80.1,41.4,134.5
2026-07-21 14:00:00,TKYO-004-2,TKYO-004,Band 41 (2500MHz),-84.8,-11.5,6.4,71.1,30.4,102.3
2026-07-21 14:00:00,TKYO-004-3,TKYO-004,Band 41 (2500MHz),-87.4,-10.5,4.4,62.2,33.2,113.8
2026-07-21 14:00:00,TKYO-005-1,TKYO-005,Band 1 (2100MHz),-82.8,-8.7,1.9,56.8,48.5,149.9
2026-07-21 14:00:00,TKYO-005-2,TKYO-005,Band 1 (2100MHz),-82.4,-10.0,3.1,50.1,49.8,80.9
2026-07-21 14:00:00,TKYO-005-3,TKYO-005,Band 1 (2100MHz),-96.3,-16.0,-8.4,83.8,45.0,138.4
2026-07-21 14:00:00,TKYO-006-1,TKYO-006,Band 41 (2500MHz),-82.2,-11.4,5.7,89.1,54.5,123.6
2026-07-21 14:00:00,TKYO-006-2,TKYO-006,Band 41 (2500MHz),-79.3,-11.4,9.7,79.8,35.3,116.4
2026-07-21 14:00:00,TKYO-006-3,TKYO-006,Band 41 (2500MHz),-84.7,-11.7,-0.3,63.7,45.4,83.7
2026-07-21 14:00:00,TKYO-007-1,TKYO-007,Band 1 (2100MHz),-80.4,-11.8,10.9,86.9,32.7,166.4
2026-07-21 14:00:00,TKYO-007-2,TKYO-007,Band 1 (2100MHz),-79.9,-12.4,-1.2,84.1,46.6,142.9
2026-07-21 14:00:00,TKYO-007-3,TKYO-007,Band 1 (2100MHz),-99.5,-14.3,3.7,58.3,37.4,100.0
2026-07-21 14:00:00,TKYO-008-1,TKYO-008,Band 41 (2500MHz),-88.2,-12.5,2.1,68.8,44.5,96.4
2026-07-21 14:00:00,TKYO-008-2,TKYO-008,Band 41 (2500MHz),-85.1,-9.1,-1.0,72.6,64.9,119.7
2026-07-21 14:00:00,TKYO-008-3,TKYO-008,Band 41 (2500MHz),-85.4,-11.4,2.6,66.3,30.6,94.7
2026-07-21 14:00:00,TKYO-009-1,TKYO-009,Band 1 (2100MHz),-83.5,-12.7,3.6,83.0,36.0,132.8
2026-07-21 14:00:00,TKYO-009-2,TKYO-009,Band 1 (2100MHz),-83.0,-10.6,19.0,65.2,23.2,119.6
2026-07-21 14:00:00,TKYO-009-3,TKYO-009,Band 1 (2100MHz),-88.2,-11.3,11.3,77.4,48.2,117.1
2026-07-21 14:00:00,TKYO-010-1,TKYO-010,Band 41 (2500MHz),-91.7,-11.9,7.0,77.7,39.2,144.4
2026-07-21 14:00:00,TKYO-010-2,TKYO-010,Band 41 (2500MHz),-80.9,-10.7,-4.1,78.1,46.3,83.4
2026-07-21 14:00:00,TKYO-010-3,TKYO-010,Band 41 (2500MHz),-85.3,-8.9,5.4,89.3,35.7,114.2
2026-07-21 14:00:00,TKYO-011-1,TKYO-011,Band 1 (2100MHz),-78.3,-12.7,17.2,85.0,62.3,125.2
2026-07-21 14:00:00,TKYO-011-2,TKYO-011,Band 1 (2100MHz),-86.7,-9.0,13.9,57.2,47.2,121.5
2026-07-21 14:00:00,TKYO-011-3,TKYO-011,Band 1 (2100MHz),-90.5,-8.9,7.5,69.9,47.6,157.9
2026-07-21 14:00:00,TKYO-012-1,TKYO-012,Band 41 (2500MHz),-83.8,-12.2,19.2,76.6,42.0,84.2
2026-07-21 14:00:00,TKYO-012-2,TKYO-012,Band 41 (2500MHz),-78.7,-11.3,4.6,68.3,30.4,144.4
2026-07-21 14:00:00,TKYO-012-3,TKYO-012,Band 41 (2500MHz),-79.6,-12.8,4.9,71.8,42.9,80.8
2026-07-21 14:00:00,TKYO-013-1,TKYO-013,Band 1 (2100MHz),-78.7,-10.8,19.9,58.2,39.4,122.3
2026-07-21 14:00:00,TKYO-013-2,TKYO-013,Band 1 (2100MHz),-99.7,-18.0,-5.8,81.1,52.7,115.8
2026-07-21 14:00:00,TKYO-013-3,TKYO-013,Band 1 (2100MHz),-81.2,-13.4,16.1,62.5,32.7,81.8
2026-07-21 14:00:00,TKYO-014-1,TKYO-014,Band 41 (2500MHz),-88.1,-13.9,16.1,73.1,32.5,110.3
2026-07-21 14:00:00,TKYO-014-2,TKYO-014,Band 41 (2500MHz),-94.2,-15.4,0.8,49.3,51.0,101.5
2026-07-21 14:00:00,TKYO-014-3,TKYO-014,Band 41 (2500MHz),-81.6,-10.8,4.4,81.3,42.2,135.4
2026-07-21 14:00:00,TKYO-015-1,TKYO-015,Band 1 (2100MHz),-77.3,-10.1,15.2,86.2,31.4,119.7
2026-07-21 14:00:00,TKYO-015-2,TKYO-015,Band 1 (2100MHz),-75.6,-11.4,11.3,72.3,25.0,118.0
2026-07-21 14:00:00,TKYO-015-3,TKYO-015,Band 1 (2100MHz),-78.7,-14.6,8.3,52.9,36.2,142.9
2026-07-21 14:00:00,TKYO-016-1,TKYO-016,Band 41 (2500MHz),-78.4,-11.2,7.8,61.8,34.0,82.6
2026-07-21 14:00:00,TKYO-016-2,TKYO-016,Band 41 (2500MHz),-89.3,-12.9,2.2,68.7,30.4,140.9
2026-07-21 14:00:00,TKYO-016-3,TKYO-016,Band 41 (2500MHz),-81.3,-13.9,-1.9,56.2,46.9,118.4
2026-07-21 15:00:00,TKYO-001-1,TKYO-001,Band 1 (2100MHz),-82.9,-11.7,11.7,13.3,6.7,55.7
2026-07-21 15:00:00,TKYO-001-2,TKYO-001,Band 1 (2100MHz),-85.2,-9.8,8.8,32.4,1.8,66.3
2026-07-21 15:00:00,TKYO-001-3,TKYO-001,Band 1 (2100MHz),-78.9,-8.3,15.4,30.7,27.8,43.8
2026-07-21 15:00:00,TKYO-002-1,TKYO-002,Band 41 (2500MHz),-85.8,-9.6,6.1,11.8,24.9,63.6
2026-07-21 15:00:00,TKYO-002-2,TKYO-002,Band 41 (2500MHz),-88.9,-10.0,10.1,41.1,8.2,25.9
2026-07-21 15:00:00,TKYO-002-3,TKYO-002,Band 41 (2500MHz),-90.0,-7.6,2.9,36.0,0.0,49.9
2026-07-21 15:00:00,TKYO-003-1,TKYO-003,Band 1 (2100MHz),-91.1,-7.7,5.9,10.9,3.2,44.2
2026-07-21 15:00:00,TKYO-003-2,TKYO-003,Band 1 (2100MHz),-93.2,-15.1,-4.5,29.8,23.1,71.1
2026-07-21 15:00:00,TKYO-003-3,TKYO-003,Band 1 (2100MHz),-88.0,-7.9,0.9,25.1,12.0,42.3
2026-07-21 15:00:00,TKYO-004-1,TKYO-004,Band 41 (2500MHz),-82.9,-9.2,1.0,28.2,4.3,23.2
2026-07-21 15:00:00,TKYO-004-2,TKYO-004,Band 41 (2500MHz),-84.7,-10.0,13.3,33.4,22.9,46.8
2026-07-21 15:00:00,TKYO-004-3,TKYO-004,Band 41 (2500MHz),-81.0,-7.0,2.9,16.9,19.1,85.2
2026-07-21 15:00:00,TKYO-005-1,TKYO-005,Band 1 (2100MHz),-82.7,-9.9,6.7,27.4,12.8,43.8
2026-07-21 15:00:00,TKYO-005-2,TKYO-005,Band 1 (2100MHz),-93.3,-8.9,19.7,20.4,0.3,48.1
2026-07-21 15:00:00,TKYO-005-3,TKYO-005,Band 1 (2100MHz),-98.7,-16.4,2.2,19.4,9.7,66.3
2026-07-21 15:00:00,TKYO-006-1,TKYO-006,Band 41 (2500MHz),-84.9,-8.4,3.3,26.2,20.9,48.5
2026-07-21 15:00:00,TKYO-006-2,TKYO-006,Band 41 (2500MHz),-86.6,-9.1,6.4,24.8,25.8,42.8
2026-07-21 15:00:00,TKYO-006-3,TKYO-006,Band 41 (2500MHz),-84.2,-9.2,4.0,12.8,12.1,76.9
2026-07-21 15:00:00,TKYO-007-1,TKYO-007,Band 1 (2100MHz),-80.5,-9.4,2.3,13.7,12.9,29.7
2026-07-21 15:00:00,TKYO-007-2,TKYO-007,Band 1 (2100MHz),-82.5,-7.7,2.6,7.8,1.9,59.1
2026-07-21 15:00:00,TKYO-007-3,TKYO-007,Band 1 (2100MHz),-102.2,-11.3,1.1,35.0,13.4,98.9
2026-07-21 15:00:00,TKYO-008-1,TKYO-008,Band 41 (2500MHz),-91.2,-6.9,3.9,22.9,1.5,26.9
2026-07-21 15:00:00,TKYO-008-2,TKYO-008,Band 41 (2500MHz),-84.7,-8.2,7.3,36.2,18.8,21.1
2026-07-21 15:00:00,TKYO-008-3,TKYO-008,Band 41 (2500MHz),-83.3,-9.6,7.9,24.4,0.0,77.9
2026-07-21 15:00:00,TKYO-009-1,TKYO-009,Band 1 (2100MHz),-84.6,-9.3,2.0,22.0,17.0,68.9
2026-07-21 15:00:00,TKYO-009-2,TKYO-009,Band 1 (2100MHz),-83.6,-7.0,-3.3,16.2,23.5,58.0
2026-07-21 15:00:00,TKYO-009-3,TKYO-009,Band 1 (2100MHz),-85.6,-10.8,8.0,23.4,22.5,29.2
2026-07-21 15:00:00,TKYO-010-1,TKYO-010,Band 41 (2500MHz),-80.7,-7.4,6.5,22.0,22.7,45.8
2026-07-21 15:00:00,TKYO-010-2,TKYO-010,Band 41 (2500MHz),-82.6,-7.0,11.8,11.9,3.8,53.4
2026-07-21 15:00:00,TKYO-010-3,TKYO-010,Band 41 (2500MHz),-81.8,-9.5,3.5,18.8,14.3,13.0
2026-07-21 15:00:00,TKYO-011-1,TKYO-011,Band 1 (2100MHz),-84.9,-5.2,8.8,25.2,7.8,0.0
2026-07-21 15:00:00,TKYO-011-2,TKYO-011,Band 1 (2100MHz),-87.8,-7.4,8.9,3.4,11.7,51.2
2026-07-21 15:00:00,TKYO-011-3,TKYO-011,Band 1 (2100MHz),-84.0,-8.9,14.6,37.6,4.4,28.1
2026-07-21 15:00:00,TKYO-012-1,TKYO-012,Band 41 (2500MHz),-81.8,-9.8,8.1,33.3,2.2,60.7
2026-07-21 15:00:00,TKYO-012-2,TKYO-012,Band 41 (2500MHz),-84.6,-8.9,8.9,21.0,16.3,31.3
2026-07-21 15:00:00,TKYO-012-3,TKYO-012,Band 41 (2500MHz),-84.4,-7.1,4.6,21.7,4.6,40.0
2026-07-21 15:00:00,TKYO-013-1,TKYO-013,Band 1 (2100MHz),-81.3,-8.9,11.2,7.9,29.4,35.9
2026-07-21 15:00:00,TKYO-013-2,TKYO-013,Band 1 (2100MHz),-92.9,-11.6,-0.2,37.6,3.9,43.7
2026-07-21 15:00:00,TKYO-013-3,TKYO-013,Band 1 (2100MHz),-85.8,-8.9,7.7,23.7,8.8,51.6
2026-07-21 15:00:00,TKYO-014-1,TKYO-014,Band 41 (2500MHz),-85.7,-5.8,10.7,25.0,12.5,9.8
2026-07-21 15:00:00,TKYO-014-2,TKYO-014,Band 41 (2500MHz),-97.5,-11.9,-2.5,1.7,7.4,13.0
2026-07-21 15:00:00,TKYO-014-3,TKYO-014,Band 41 (2500MHz),-80.0,-5.4,-0.2,17.5,18.6,41.8
2026-07-21 15:00:00,TKYO-015-1,TKYO-015,Band 1 (2100MHz),-75.4,-10.8,13.7,24.2,13.9,0.0
2026-07-21 15:00:00,TKYO-015-2,TKYO-015,Band 1 (2100MHz),-83.6,-9.9,8.4,36.3,17.9,48.8
2026-07-21 15:00:00,TKYO-015-3,TKYO-015,Band 1 (2100MHz),-84.4,-9.6,12.5,19.3,21.0,45.4
2026-07-21 15:00:00,TKYO-016-1,TKYO-016,Band 41 (2500MHz),-88.7,-10.4,5.3,44.8,19.1,0.0
2026-07-21 15:00:00,TKYO-016-2,TKYO-016,Band 41 (2500MHz),-79.5,-9.4,4.6,31.1,9.3,45.3
2026-07-21 15:00:00,TKYO-016-3,TKYO-016,Band 41 (2500MHz),-87.8,-8.2,9.1,32.6,11.2,54.7
2026-07-21 16:00:00,TKYO-001-1,TKYO-001,Band 1 (2100MHz),-79.2,-10.9,-0.8,80.3,45.7,115.5
2026-07-21 16:00:00,TKYO-001-2,TKYO-001,Band 1 (2100MHz),-86.5,-10.4,6.8,93.0,48.1,163.2
2026-07-21 16:00:00,TKYO-001-3,TKYO-001,Band 1 (2100MHz),-87.2,-14.5,12.7,100.0,54.3,160.9
2026-07-21 16:00:00,TKYO-002-1,TKYO-002,Band 41 (2500MHz),-83.3,-8.4,5.7,91.2,49.7,109.2
2026-07-21 16:00:00,TKYO-002-2,TKYO-002,Band 41 (2500MHz),-83.3,-14.9,10.9,100.0,59.2,138.9
2026-07-21 16:00:00,TKYO-002-3,TKYO-002,Band 41 (2500MHz),-77.9,-11.5,1.1,96.3,47.4,163.6
2026-07-21 16:00:00,TKYO-003-1,TKYO-003,Band 1 (2100MHz),-82.4,-9.2,14.9,84.0,55.8,90.2
2026-07-21 16:00:00,TKYO-003-2,TKYO-003,Band 1 (2100MHz),-97.8,-16.7,-6.3,91.3,66.3,147.9
2026-07-21 16:00:00,TKYO-003-3,TKYO-003,Band 1 (2100MHz),-83.2,-12.6,9.6,75.3,59.3,160.8
2026-07-21 16:00:00,TKYO-004-1,TKYO-004,Band 41 (2500MHz),-89.5,-13.9,5.3,70.4,64.4,140.5
2026-07-21 16:00:00,TKYO-004-2,TKYO-004,Band 41 (2500MHz),-87.4,-10.5,10.1,85.3,43.8,143.2
2026-07-21 16:00:00,TKYO-004-3,TKYO-004,Band 41 (2500MHz),-86.6,-13.2,4.4,79.1,41.5,144.0
2026-07-21 16:00:00,TKYO-005-1,TKYO-005,Band 1 (2100MHz),-94.8,-10.3,8.5,87.0,46.7,120.1
2026-07-21 16:00:00,TKYO-005-2,TKYO-005,Band 1 (2100MHz),-81.8,-11.0,5.7,94.9,45.7,148.7
2026-07-21 16:00:00,TKYO-005-3,TKYO-005,Band 1 (2100MHz),-95.2,-16.6,-0.7,77.6,42.4,129.8
2026-07-21 16:00:00,TKYO-006-1,TKYO-006,Band 41 (2500MHz),-91.6,-9.4,16.6,100.0,36.0,124.5
2026-07-21 16:00:00,TKYO-006-2,TKYO-006,Band 41 (2500MHz),-88.6,-14.0,4.3,79.0,45.1,164.6
2026-07-21 16:00:00,TKYO-006-3,TKYO-006,Band 41 (2500MHz),-85.5,-11.8,6.9,83.6,64.5,141.4
2026-07-21 16:00:00,TKYO-007-1,TKYO-007,Band 1 (2100MHz),-80.5,-12.5,8.8,99.0,56.4,147.4
2026-07-21 16:00:00,TKYO-007-2,TKYO-007,Band 1 (2100MHz),-76.3,-8.1,8.7,97.8,53.2,204.8
2026-07-21 16:00:00,TKYO-007-3,TKYO-007,Band 1 (2100MHz),-95.9,-17.9,-9.3,72.8,42.8,130.1
2026-07-21 16:00:00,TKYO-008-1,TKYO-008,Band 41 (2500MHz),-88.9,-12.3,10.8,85.0,42.7,141.0
2026-07-21 16:00:00,TKYO-008-2,TKYO-008,Band 41 (2500MHz),-84.3,-12.4,2.4,61.4,58.0,152.5
2026-07-21 16:00:00,TKYO-008-3,TKYO-008,Band 41 (2500MHz),-83.2,-9.3,7.3,100.0,58.6,137.4
2026-07-21 16:00:00,TKYO-009-1,TKYO-009,Band 1 (2100MHz),-87.0,-9.4,13.2,99.8,48.5,154.5
2026-07-21 16:00:00,TKYO-009-2,TKYO-009,Band 1 (2100MHz),-80.3,-11.9,8.4,83.0,62.5,171.3
2026-07-21 16:00:00,TKYO-009-3,TKYO-009,Band 1 (2100MHz),-83.4,-13.0,11.3,100.0,48.0,173.4
2026-07-21 16:00:00,TKYO-010-1,TKYO-010,Band 41 (2500MHz),-79.1,-10.7,7.3,92.5,63.6,167.0
2026-07-21 16:00:00,TKYO-010-2,TKYO-010,Band 41 (2500MHz),-90.0,-11.5,9.1,100.0,48.2,137.2
2026-07-21 16:00:00,TKYO-010-3,TKYO-010,Band 41 (2500MHz),-76.4,-16.2,8.8,100.0,53.3,173.8
2026-07-21 16:00:00,TKYO-011-1,TKYO-011,Band 1 (2100MHz),-79.2,-12.7,3.0,88.9,52.2,176.8
2026-07-21 16:00:00,TKYO-011-2,TKYO-011,Band 1 (2100MHz),-90.3,-12.2,9.5,72.2,56.2,139.5
2026-07-21 16:00:00,TKYO-011-3,TKYO-011,Band 1 (2100MHz),-85.4,-12.0,5.7,87.6,53.8,156.5
2026-07-21 16:00:00,TKYO-012-1,TKYO-012,Band 41 (2500MHz),-81.3,-11.5,-0.5,86.9,50.8,136.1
2026-07-21 16:00:00,TKYO-012-2,TKYO-012,Band 41 (2500MHz),-83.4,-10.6,1.1,100.0,52.6,177.9
2026-07-21 16:00:00,TKYO-012-3,TKYO-012,Band 41 (2500MHz),-84.4,-14.6,9.5,93.9,57.7,135.6
2026-07-21 16:00:00,TKYO-013-1,TKYO-013,Band 1 (2100MHz),-78.8,-12.5,5.1,76.5,58.9,196.9
2026-07-21 16:00:00,TKYO-013-2,TKYO-013,Band 1 (2100MHz),-89.8,-15.7,-1.4,95.6,63.5,125.7
2026-07-21 16:00:00,TKYO-013-3,TKYO-013,Band 1 (2100MHz),-85.2,-13.4,16.9,74.3,52.3,169.4
2026-07-21 16:00:00,TKYO-014-1,TKYO-014,Band 41 (2500MHz),-83.5,-11.6,10.9,90.9,53.4,137.6
2026-07-21 16:00:00,TKYO-014-2,TKYO-014,Band 41 (2500MHz),-94.3,-14.4,-4.6,95.8,50.4,166.7
2026-07-21 16:00:00,TKYO-014-3,TKYO-014,Band 41 (2500MHz),-86.5,-10.9,4.3,77.2,41.3,153.6
2026-07-21 16:00:00,TKYO-015-1,TKYO-015,Band 1 (2100MHz),-85.1,-12.4,12.6,100.0,59.7,146.1
2026-07-21 16:00:00,TKYO-015-2,TKYO-015,Band 1 (2100MHz),-87.4,-13.4,9.1,80.8,60.4,96.9
2026-07-21 16:00:00,TKYO-015-3,TKYO-015,Band 1 (2100MHz),-82.0,-13.8,13.6,91.0,58.7,220.0
2026-07-21 16:00:00,TKYO-016-1,TKYO-016,Band 41 (2500MHz),-79.0,-12.9,0.4,77.4,52.4,132.7
2026-07-21 16:00:00,TKYO-016-2,TKYO-016,Band 41 (2500MHz),-84.0,-15.9,7.3,85.0,59.7,183.0
2026-07-21 16:00:00,TKYO-016-3,TKYO-016,Band 41 (2500MHz),-86.6,-10.6,8.1,96.4,45.4,141.2
2026-07-21 17:00:00,TKYO-001-1,TKYO-001,Band 1 (2100MHz),-85.1,-12.3,4.7,100.0,56.3,166.4
2026-07-21 17:00:00,TKYO-001-2,TKYO-001,Band 1 (2100MHz),-91.2,-14.5,17.1,97.3,62.9,150.4
2026-07-21 17:00:00,TKYO-001-3,TKYO-001,Band 1 (2100MHz),-91.4,-11.5,7.5,91.7,48.5,140.2
2026-07-21 17:00:00,TKYO-002-1,TKYO-002,Band 41 (2500MHz),-87.7,-16.5,10.0,93.4,61.8,177.1
2026-07-21 17:00:00,TKYO-002-2,TKYO-002,Band 41 (2500MHz),-82.1,-12.0,0.2,100.0,65.4,182.5
2026-07-21 17:00:00,TKYO-002-3,TKYO-002,Band 41 (2500MHz),-81.8,-16.6,0.5,96.1,74.1,166.9
2026-07-21 17:00:00,TKYO-003-1,TKYO-003,Band 1 (2100MHz),-80.5,-14.1,8.0,100.0,76.0,173.7
2026-07-21 17:00:00,TKYO-003-2,TKYO-003,Band 1 (2100MHz),-97.2,-16.9,-0.3,98.4,67.5,142.9
2026-07-21 17:00:00,TKYO-003-3,TKYO-003,Band 1 (2100MHz),-79.4,-9.2,9.8,100.0,66.6,155.6
2026-07-21 17:00:00,TKYO-004-1,TKYO-004,Band 41 (2500MHz),-86.4,-12.4,7.1,86.5,63.4,215.3
2026-07-21 17:00:00,TKYO-004-2,TKYO-004,Band 41 (2500MHz),-80.9,-14.2,3.5,73.2,74.8,182.3
2026-07-21 17:00:00,TKYO-004-3,TKYO-004,Band 41 (2500MHz),-86.2,-13.3,3.3,88.6,57.2,163.5
2026-07-21 17:00:00,TKYO-005-1,TKYO-005,Band 1 (2100MHz),-79.9,-11.3,16.2,100.0,65.1,148.2
2026-07-21 17:00:00,TKYO-005-2,TKYO-005,Band 1 (2100MHz),-83.4,-10.6,11.2,94.9,76.7,172.3
2026-07-21 17:00:00,TKYO-005-3,TKYO-005,Band 1 (2100MHz),-99.7,-16.8,1.6,87.9,61.9,145.2
2026-07-21 17:00:00,TKYO-006-1,TKYO-006,Band 41 (2500MHz),-79.8,-12.3,7.8,83.9,69.8,156.0
2026-07-21 17:00:00,TKYO-006-2,TKYO-006,Band 41 (2500MHz),-88.2,-15.7,15.0,88.8,45.7,172.8
2026-07-21 17:00:00,TKYO-006-3,TKYO-006,Band 41 (2500MHz),-84.0,-14.9,-4.0,100.0,59.2,171.2
2026-07-21 17:00:00,TKYO-007-1,TKYO-007,Band 1 (2100MHz),-81.7,-12.8,4.6,100.0,52.7,143.1
2026-07-21 17:00:00,TKYO-007-2,TKYO-007,Band 1 (2100MHz),-80.3,-15.4,3.8,100.0,56.4,149.8
2026-07-21 17:00:00,TKYO-007-3,TKYO-007,Band 1 (2100MHz),-99.5,-13.4,5.5,100.0,58.8,176.8
2026-07-21 17:00:00,TKYO-008-1,TKYO-008,Band 41 (2500MHz),-82.0,-14.5,0.7,100.0,67.0,172.8
2026-07-21 17:00:00,TKYO-008-2,TKYO-008,Band 41 (2500MHz),-80.5,-13.2,4.9,91.0,56.5,162.1
2026-07-21 17:00:00,TKYO-008-3,TKYO-008,Band 41 (2500MHz),-78.6,-14.6,9.4,100.0,40.9,154.5
2026-07-21 17:00:00,TKYO-009-1,TKYO-009,Band 1 (2100MHz),-87.7,-14.0,8.3,100.0,71.7,183.4
2026-07-21 17:00:00,TKYO-009-2,TKYO-009,Band 1 (2100MHz),-85.7,-14.5,4.9,100.0,66.0,187.8
2026-07-21 17:00:00,TKYO-009-3,TKYO-009,Band 1 (2100MHz),-86.4,-10.2,8.6,100.0,54.6,194.3
2026-07-21 17:00:00,TKYO-010-1,TKYO-010,Band 41 (2500MHz),-83.9,-15.0,4.3,81.6,51.7,177.8
2026-07-21 17:00:00,TKYO-010-2,TKYO-010,Band 41 (2500MHz),-86.8,-10.8,9.2,74.6,65.0,184.0
2026-07-21 17:00:00,TKYO-010-3,TKYO-010,Band 41 (2500MHz),-85.9,-10.6,4.5,100.0,67.7,145.2
2026-07-21 17:00:00,TKYO-011-1,TKYO-011,Band 1 (2100MHz),-91.8,-16.0,5.6,89.0,51.5,154.6
2026-07-21 17:00:00,TKYO-011-2,TKYO-011,Band 1 (2100MHz),-89.7,-14.4,6.1,100.0,52.1,153.9
2026-07-21 17:00:00,TKYO-011-3,TKYO-011,Band 1 (2100MHz),-80.8,-14.4,8.1,100.0,63.7,161.8
2026-07-21 17:00:00,TKYO-012-1,TKYO-012,Band 41 (2500MHz),-81.9,-14.2,10.9,86.6,51.1,190.1
2026-07-21 17:00:00,TKYO-012-2,TKYO-012,Band 41 (2500MHz),-84.3,-16.7,8.5,100.0,68.9,187.8
2026-07-21 17:00:00,TKYO-012-3,TKYO-012,Band 41 (2500MHz),-80.0,-15.7,8.0,100.0,46.8,132.6
2026-07-21 17:00:00,TKYO-013-1,TKYO-013,Band 1 (2100MHz),-90.0,-12.8,2.5,100.0,73.3,152.0
2026-07-21 17:00:00,TKYO-013-2,TKYO-013,Band 1 (2100MHz),-102.6,-15.9,2.2,96.3,65.3,163.4
2026-07-21 17:00:00,TKYO-013-3,TKYO-013,Band 1 (2100MHz),-87.1,-13.2,7.2,100.0,64.4,203.6
2026-07-21 17:00:00,TKYO-014-1,TKYO-014,Band 41 (2500MHz),-90.5,-13.0,11.7,100.0,65.3,203.3
2026-07-21 17:00:00,TKYO-014-2,TKYO-014,Band 41 (2500MHz),-95.0,-18.6,10.5,100.0,75.0,159.0
2026-07-21 17:00:00,TKYO-014-3,TKYO-014,Band 41 (2500MHz),-76.3,-13.7,2.9,100.0,64.3,153.8
2026-07-21 17:00:00,TKYO-015-1,TKYO-015,Band 1 (2100MHz),-82.2,-16.1,12.9,100.0,58.9,92.9
2026-07-21 17:00:00,TKYO-015-2,TKYO-015,Band 1 (2100MHz),-83.2,-16.2,14.6,91.0,67.9,145.7
2026-07-21 17:00:00,TKYO-015-3,TKYO-015,Band 1 (2100MHz),-87.3,-12.7,4.3,99.4,65.6,179.1
2026-07-21 17:00:00,TKYO-016-1,TKYO-016,Band 41 (2500MHz),-80.1,-15.8,-0.7,100.0,47.6,188.4
2026-07-21 17:00:00,TKYO-016-2,TKYO-016,Band 41 (2500MHz),-81.3,-16.6,13.5,94.0,66.5,188.1
2026-07-21 17:00:00,TKYO-016-3,TKYO-016,Band 41 (2500MHz),-84.7,-14.9,8.0,100.0,69.0,179.8
2026-07-21 18:00:00,TKYO-001-1,TKYO-001,Band 1 (2100MHz),-84.7,-14.1,10.4,100.0,45.3,195.0
2026-07-21 18:00:00,TKYO-001-2,TKYO-001,Band 1 (2100MHz),-88.7,-17.0,-4.1,93.1,60.3,186.1
2026-07-21 18:00:00,TKYO-001-3,TKYO-001,Band 1 (2100MHz),-82.3,-12.5,5.8,100.0,71.2,159.1
2026-07-21 18:00:00,TKYO-002-1,TKYO-002,Band 41 (2500MHz),-85.0,-11.8,1.4,87.1,60.5,144.4
2026-07-21 18:00:00,TKYO-002-2,TKYO-002,Band 41 (2500MHz),-79.8,-11.1,8.2,100.0,59.2,167.9
2026-07-21 18:00:00,TKYO-002-3,TKYO-002,Band 41 (2500MHz),-81.4,-12.3,6.3,100.0,78.2,160.2
2026-07-21 18:00:00,TKYO-003-1,TKYO-003,Band 1 (2100MHz),-78.5,-10.9,9.3,100.0,78.9,185.8
2026-07-21 18:00:00,TKYO-003-2,TKYO-003,Band 1 (2100MHz),-96.6,-18.2,-2.0,100.0,72.8,206.8
2026-07-21 18:00:00,TKYO-003-3,TKYO-003,Band 1 (2100MHz),-81.2,-10.9,6.5,100.0,76.9,186.1
2026-07-21 18:00:00,TKYO-004-1,TKYO-004,Band 41 (2500MHz),-84.3,-15.5,8.1,100.0,57.6,196.2
2026-07-21 18:00:00,TKYO-004-2,TKYO-004,Band 41 (2500MHz),-77.8,-13.1,-3.1,89.3,54.0,176.8
2026-07-21 18:00:00,TKYO-004-3,TKYO-004,Band 41 (2500MHz),-81.2,-15.7,5.3,100.0,51.1,193.4
2026-07-21 18:00:00,TKYO-005-1,TKYO-005,Band 1 (2100MHz),-82.4,-14.8,8.0,100.0,67.8,183.7
2026-07-21 18:00:00,TKYO-005-2,TKYO-005,Band 1 (2100MHz),-86.5,-11.7,9.8,95.5,53.7,201.8
2026-07-21 18:00:00,TKYO-005-3,TKYO-005,Band 1 (2100MHz),-100.9,-16.8,5.1,92.6,62.1,193.9
2026-07-21 18:00:00,TKYO-006-1,TKYO-006,Band 41 (2500MHz),-86.1,-12.1,4.8,100.0,55.2,196.9
2026-07-21 18:00:00,TKYO-006-2,TKYO-006,Band 41 (2500MHz),-89.6,-15.3,4.7,100.0,54.5,184.7
2026-07-21 18:00:00,TKYO-006-3,TKYO-006,Band 41 (2500MHz),-85.0,-14.9,-3.6,100.0,75.6,156.0
2026-07-21 18:00:00,TKYO-007-1,TKYO-007,Band 1 (2100MHz),-79.9,-17.3,11.8,100.0,72.5,189.1
2026-07-21 18:00:00,TKYO-007-2,TKYO-007,Band 1 (2100MHz),-93.8,-15.5,6.8,100.0,75.3,157.1
2026-07-21 18:00:00,TKYO-007-3,TKYO-007,Band 1 (2100MHz),-94.3,-19.3,2.4,96.3,61.2,192.4
2026-07-21 18:00:00,TKYO-008-1,TKYO-008,Band 41 (2500MHz),-90.7,-13.9,11.0,93.3,49.0,207.7
2026-07-21 18:00:00,TKYO-008-2,TKYO-008,Band 41 (2500MHz),-81.6,-13.6,-5.0,98.4,54.1,168.1
2026-07-21 18:00:00,TKYO-008-3,TKYO-008,Band 41 (2500MHz),-82.5,-14.9,1.9,95.5,68.3,156.2
2026-07-21 18:00:00,TKYO-009-1,TKYO-009,Band 1 (2100MHz),-87.5,-12.5,4.0,100.0,68.7,190.0
2026-07-21 18:00:00,TKYO-009-2,TKYO-009,Band 1 (2100MHz),-86.1,-11.7,11.9,100.0,59.9,167.2
2026-07-21 18:00:00,TKYO-009-3,TKYO-009,Band 1 (2100MHz),-89.5,-16.2,8.4,83.5,59.3,130.6
2026-07-21 18:00:00,TKYO-010-1,TKYO-010,Band 41 (2500MHz),-84.5,-13.2,12.1,100.0,57.0,185.8
2026-07-21 18:00:00,TKYO-010-2,TKYO-010,Band 41 (2500MHz),-81.1,-12.3,2.9,100.0,66.3,149.7
2026-07-21 18:00:00,TKYO-010-3,TKYO-010,Band 41 (2500MHz),-78.3,-10.6,5.1,97.9,72.8,184.7
2026-07-21 18:00:00,TKYO-011-1,TKYO-011,Band 1 (2100MHz),-85.1,-12.2,9.2,95.9,51.0,163.2
2026-07-21 18:00:00,TKYO-011-2,TKYO-011,Band 1 (2100MHz),-81.6,-13.1,11.6,100.0,79.6,166.2
2026-07-21 18:00:00,TKYO-011-3,TKYO-011,Band 1 (2100MHz),-80.8,-12.2,8.0,95.1,73.6,195.8
2026-07-21 18:00:00,TKYO-012-1,TKYO-012,Band 41 (2500MHz),-85.7,-13.4,11.1,100.0,56.2,206.1
2026-07-21 18:00:00,TKYO-012-2,TKYO-012,Band 41 (2500MHz),-83.3,-12.9,11.9,93.1,70.3,174.5
2026-07-21 18:00:00,TKYO-012-3,TKYO-012,Band 41 (2500MHz),-84.8,-12.9,5.3,93.2,68.7,183.6
2026-07-21 18:00:00,TKYO-013-1,TKYO-013,Band 1 (2100MHz),-91.3,-14.9,11.4,90.4,58.8,203.1
2026-07-21 18:00:00,TKYO-013-2,TKYO-013,Band 1 (2100MHz),-100.9,-17.3,5.7,91.4,65.6,215.6
2026-07-21 18:00:00,TKYO-013-3,TKYO-013,Band 1 (2100MHz),-80.2,-11.7,3.5,100.0,73.6,124.7
2026-07-21 18:00:00,TKYO-014-1,TKYO-014,Band 41 (2500MHz),-84.0,-17.5,3.4,98.1,88.9,213.8
2026-07-21 18:00:00,TKYO-014-2,TKYO-014,Band 41 (2500MHz),-101.1,-17.1,8.9,100.0,58.8,163.4
2026-07-21 18:00:00,TKYO-014-3,TKYO-014,Band 41 (2500MHz),-81.5,-11.4,8.3,95.5,64.7,195.6
2026-07-21 18:00:00,TKYO-015-1,TKYO-015,Band 1 (2100MHz),-88.0,-11.4,8.6,95.6,69.7,148.2
2026-07-21 18:00:00,TKYO-015-2,TKYO-015,Band 1 (2100MHz),-80.1,-14.0,15.2,100.0,68.3,169.1
2026-07-21 18:00:00,TKYO-015-3,TKYO-015,Band 1 (2100MHz),-87.6,-12.7,12.7,100.0,81.4,139.4
2026-07-21 18:00:00,TKYO-016-1,TKYO-016,Band 41 (2500MHz),-78.3,-16.3,0.1,92.0,54.2,185.7
2026-07-21 18:00:00,TKYO-016-2,TKYO-016,Band 41 (2500MHz),-79.2,-12.1,0.1,100.0,68.7,184.5
2026-07-21 18:00:00,TKYO-016-3,TKYO-016,Band 41 (2500MHz),-78.8,-12.2,13.8,99.4,54.4,183.4
2026-07-21 19:00:00,TKYO-001-1,TKYO-001,Band 1 (2100MHz),-87.0,-12.9,15.3,95.1,53.0,127.2
2026-07-21 19:00:00,TKYO-001-2,TKYO-001,Band 1 (2100MHz),-88.3,-13.0,7.7,100.0,88.6,217.5
2026-07-21 19:00:00,TKYO-001-3,TKYO-001,Band 1 (2100MHz),-84.6,-10.8,-3.9,100.0,46.1,187.5
2026-07-21 19:00:00,TKYO-002-1,TKYO-002,Band 41 (2500MHz),-84.7,-11.5,10.9,98.4,61.7,194.3
2026-07-21 19:00:00,TKYO-002-2,TKYO-002,Band 41 (2500MHz),-84.0,-11.7,5.1,100.0,46.2,146.4
2026-07-21 19:00:00,TKYO-002-3,TKYO-002,Band 41 (2500MHz),-86.7,-12.5,-0.2,100.0,45.8,157.7
2026-07-21 19:00:00,TKYO-003-1,TKYO-003,Band 1 (2100MHz),-85.3,-12.7,9.6,99.3,61.2,142.4
2026-07-21 19:00:00,TKYO-003-2,TKYO-003,Band 1 (2100MHz),-91.2,-17.7,9.5,91.8,67.1,227.2
2026-07-21 19:00:00,TKYO-003-3,TKYO-003,Band 1 (2100MHz),-81.8,-11.7,7.9,95.3,61.0,143.8
2026-07-21 19:00:00,TKYO-004-1,TKYO-004,Band 41 (2500MHz),-85.1,-12.2,15.7,100.0,52.9,158.9
2026-07-21 19:00:00,TKYO-004-2,TKYO-004,Band 41 (2500MHz),-81.1,-14.7,3.8,100.0,54.5,140.2
2026-07-21 19:00:00,TKYO-004-3,TKYO-004,Band 41 (2500MHz),-92.3,-14.4,0.3,92.4,70.5,181.1
2026-07-21 19:00:00,TKYO-005-1,TKYO-005,Band 1 (2100MHz),-82.6,-13.5,1.8,100.0,55.2,129.8
2026-07-21 19:00:00,TKYO-005-2,TKYO-005,Band 1 (2100MHz),-80.6,-13.9,7.5,100.0,45.3,126.9
2026-07-21 19:00:00,TKYO-005-3,TKYO-005,Band 1 (2100MHz),-105.4,-17.3,1.2,97.2,72.3,152.5
2026-07-21 19:00:00,TKYO-006-1,TKYO-006,Band 41 (2500MHz),-85.5,-14.3,10.8,100.0,60.1,156.9
2026-07-21 19:00:00,TKYO-006-2,TKYO-006,Band 41 (2500MHz),-81.3,-10.7,13.6,100.0,61.1,156.8
2026-07-21 19:00:00,TKYO-006-3,TKYO-006,Band 41 (2500MHz),-86.1,-14.1,-1.2,98.1,57.0,165.1
2026-07-21 19:00:00,TKYO-007-1,TKYO-007,Band 1 (2100MHz),-80.3,-14.1,5.1,100.0,48.5,184.8
2026-07-21 19:00:00,TKYO-007-2,TKYO-007,Band 1 (2100MHz),-86.9,-11.4,4.5,93.4,57.5,155.4
2026-07-21 19:00:00,TKYO-007-3,TKYO-007,Band 1 (2100MHz),-94.8,-18.4,-8.7,100.0,59.0,184.2
2026-07-21 19:00:00,TKYO-008-1,TKYO-008,Band 41 (2500MHz),-80.1,-16.0,3.1,100.0,70.0,144.9
2026-07-21 19:00:00,TKYO-008-2,TKYO-008,Band 41 (2500MHz),-84.4,-15.4,4.7,98.7,62.4,185.7
2026-07-21 19:00:00,TKYO-008-3,TKYO-008,Band 41 (2500MHz),-93.4,-15.7,5.6,94.3,54.7,165.1
2026-07-21 19:00:00,TKYO-009-1,TKYO-009,Band 1 (2100MHz),-79.8,-12.8,4.4,89.6,69.2,119.9
2026-07-21 19:00:00,TKYO-009-2,TKYO-009,Band 1 (2100MHz),-87.9,-11.8,17.6,78.5,47.7,159.9
2026-07-21 19:00:00,TKYO-009-3,TKYO-009,Band 1 (2100MHz),-80.4,-14.6,5.9,90.9,49.9,169.3
2026-07-21 19:00:00,TKYO-010-1,TKYO-010,Band 41 (2500MHz),-85.3,-12.0,7.3,100.0,41.7,189.9
2026-07-21 19:00:00,TKYO-010-2,TKYO-010,Band 41 (2500MHz),-86.8,-14.2,7.4,87.2,51.8,154.2
2026-07-21 19:00:00,TKYO-010-3,TKYO-010,Band 41 (2500MHz),-77.8,-12.5,1.1,100.0,38.3,120.0
2026-07-21 19:00:00,TKYO-011-1,TKYO-011,Band 1 (2100MHz),-84.2,-13.0,9.0,93.6,78.2,170.4
2026-07-21 19:00:00,TKYO-011-2,TKYO-011,Band 1 (2100MHz),-83.0,-9.8,2.3,97.6,54.0,143.5
2026-07-21 19:00:00,TKYO-011-3,TKYO-011,Band 1 (2100MHz),-83.0,-15.0,9.2,95.7,82.2,158.1
2026-07-21 19:00:00,TKYO-012-1,TKYO-012,Band 41 (2500MHz),-84.2,-11.1,6.2,100.0,67.0,157.8
2026-07-21 19:00:00,TKYO-012-2,TKYO-012,Band 41 (2500MHz),-81.2,-11.5,5.8,100.0,60.1,201.2
2026-07-21 19:00:00,TKYO-012-3,TKYO-012,Band 41 (2500MHz),-89.4,-15.4,6.9,95.5,55.1,201.9
2026-07-21 19:00:00,TKYO-013-1,TKYO-013,Band 1 (2100MHz),-81.7,-11.2,10.1,100.0,63.8,154.5
2026-07-21 19:00:00,TKYO-013-2,TKYO-013,Band 1 (2100MHz),-95.5,-14.8,-0.9,99.6,66.8,96.0
2026-07-21 19:00:00,TKYO-013-3,TKYO-013,Band 1 (2100MHz),-85.5,-14.4,18.1,100.0,75.7,161.5
2026-07-21 19:00:00,TKYO-014-1,TKYO-014,Band 41 (2500MHz),-85.5,-11.3,7.3,100.0,44.8,133.8
2026-07-21 19:00:00,TKYO-014-2,TKYO-014,Band 41 (2500MHz),-97.3,-17.8,-9.6,100.0,50.7,150.5
2026-07-21 19:00:00,TKYO-014-3,TKYO-014,Band 41 (2500MHz),-85.6,-13.7,-4.6,100.0,48.6,163.0
2026-07-21 19:00:00,TKYO-015-1,TKYO-015,Band 1 (2100MHz),-79.6,-14.5,7.9,100.0,54.1,175.2
2026-07-21 19:00:00,TKYO-015-2,TKYO-015,Band 1 (2100MHz),-86.8,-14.7,8.6,100.0,63.3,154.3
2026-07-21 19:00:00,TKYO-015-3,TKYO-015,Band 1 (2100MHz),-81.3,-16.2,1.6,100.0,56.2,182.3
2026-07-21 19:00:00,TKYO-016-1,TKYO-016,Band 41 (2500MHz),-83.6,-13.4,5.4,100.0,57.1,153.0
2026-07-21 19:00:00,TKYO-016-2,TKYO-016,Band 41 (2500MHz),-83.7,-14.6,7.1,100.0,64.5,177.3
2026-07-21 19:00:00,TKYO-016-3,TKYO-016,Band 41 (2500MHz),-82.6,-12.0,5.6,100.0,58.5,163.2
2026-07-21 20:00:00,TKYO-001-1,TKYO-001,Band 1 (2100MHz),-81.1,-14.8,14.6,97.1,59.5,160.1
2026-07-21 20:00:00,TKYO-001-2,TKYO-001,Band 1 (2100MHz),-83.6,-9.4,12.0,99.4,67.9,146.0
2026-07-21 20:00:00,TKYO-001-3,TKYO-001,Band 1 (2100MHz),-93.0,-12.2,6.4,100.0,54.7,129.1
2026-07-21 20:00:00,TKYO-002-1,TKYO-002,Band 41 (2500MHz),-85.0,-13.2,-1.8,89.9,67.0,159.1
2026-07-21 20:00:00,TKYO-002-2,TKYO-002,Band 41 (2500MHz),-80.3,-11.9,5.4,73.6,72.7,164.0
2026-07-21 20:00:00,TKYO-002-3,TKYO-002,Band 41 (2500MHz),-85.2,-11.6,3.7,83.7,38.1,126.2
2026-07-21 20:00:00,TKYO-003-1,TKYO-003,Band 1 (2100MHz),-84.2,-10.5,9.0,98.3,50.0,149.8
2026-07-21 20:00:00,TKYO-003-2,TKYO-003,Band 1 (2100MHz),-94.4,-17.6,-6.4,90.2,56.3,159.3
2026-07-21 20:00:00,TKYO-003-3,TKYO-003,Band 1 (2100MHz),-82.4,-14.6,5.1,81.8,44.6,159.2
2026-07-21 20:00:00,TKYO-004-1,TKYO-004,Band 41 (2500MHz),-83.5,-14.5,8.1,100.0,76.2,160.0
2026-07-21 20:00:00,TKYO-004-2,TKYO-004,Band 41 (2500MHz),-80.9,-15.6,2.2,90.4,48.8,174.7
2026-07-21 20:00:00,TKYO-004-3,TKYO-004,Band 41 (2500MHz),-84.9,-12.7,4.5,81.4,47.2,139.0
2026-07-21 20:00:00,TKYO-005-1,TKYO-005,Band 1 (2100MHz),-87.7,-13.5,5.6,100.0,26.7,196.0
2026-07-21 20:00:00,TKYO-005-2,TKYO-005,Band 1 (2100MHz),-88.7,-13.3,8.2,100.0,46.0,171.9
2026-07-21 20:00:00,TKYO-005-3,TKYO-005,Band 1 (2100MHz),-93.4,-16.1,-1.5,100.0,66.4,156.4
2026-07-21 20:00:00,TKYO-006-1,TKYO-006,Band 41 (2500MHz),-87.8,-13.1,11.9,100.0,46.8,169.0
2026-07-21 20:00:00,TKYO-006-2,TKYO-006,Band 41 (2500MHz),-86.4,-9.5,2.5,100.0,53.2,136.5
2026-07-21 20:00:00,TKYO-006-3,TKYO-006,Band 41 (2500MHz),-81.4,-10.9,7.7,87.8,52.3,157.0
2026-07-21 20:00:00,TKYO-007-1,TKYO-007,Band 1 (2100MHz),-80.4,-9.7,16.5,82.8,49.3,149.5
2026-07-21 20:00:00,TKYO-007-2,TKYO-007,Band 1 (2100MHz),-82.7,-13.6,1.7,93.9,63.3,131.6
2026-07-21 20:00:00,TKYO-007-3,TKYO-007,Band 1 (2100MHz),-95.3,-14.9,-2.6,82.8,61.9,101.5
2026-07-21 20:00:00,TKYO-008-1,TKYO-008,Band 41 (2500MHz),-85.1,-17.1,14.4,100.0,63.7,167.6
2026-07-21 20:00:00,TKYO-008-2,TKYO-008,Band 41 (2500MHz),-84.8,-13.6,-1.5,100.0,43.0,153.3
2026-07-21 20:00:00,TKYO-008-3,TKYO-008,Band 41 (2500MHz),-87.8,-11.0,-0.4,98.8,62.6,199.4
2026-07-21 20:00:00,TKYO-009-1,TKYO-009,Band 1 (2100MHz),-83.8,-12.8,4.1,93.9,32.0,166.9
2026-07-21 20:00:00,TKYO-009-2,TKYO-009,Band 1 (2100MHz),-81.7,-11.5,9.5,100.0,46.2,180.9
2026-07-21 20:00:00,TKYO-009-3,TKYO-009,Band 1 (2100MHz),-82.8,-12.6,8.6,100.0,49.2,124.7
2026-07-21 20:00:00,TKYO-010-1,TKYO-010,Band 41 (2500MHz),-82.1,-11.1,-1.8,91.8,48.9,168.4
2026-07-21 20:00:00,TKYO-010-2,TKYO-010,Band 41 (2500MHz),-87.1,-11.5,8.8,87.9,63.2,173.7
2026-07-21 20:00:00,TKYO-010-3,TKYO-010,Band 41 (2500MHz),-84.3,-11.6,4.5,88.1,45.1,143.3
2026-07-21 20:00:00,TKYO-011-1,TKYO-011,Band 1 (2100MHz),-83.6,-12.1,2.2,95.2,53.2,172.3
2026-07-21 20:00:00,TKYO-011-2,TKYO-011,Band 1 (2100MHz),-91.3,-17.5,10.1,97.3,50.1,160.4
2026-07-21 20:00:00,TKYO-011-3,TKYO-011,Band 1 (2100MHz),-87.6,-16.1,9.1,83.6,49.6,143.6
2026-07-21 20:00:00,TKYO-012-1,TKYO-012,Band 41 (2500MHz),-84.4,-12.5,7.5,100.0,58.5,160.2
2026-07-21 20:00:00,TKYO-012-2,TKYO-012,Band 41 (2500MHz),-88.1,-13.3,6.9,72.0,41.7,126.2
2026-07-21 20:00:00,TKYO-012-3,TKYO-012,Band 41 (2500MHz),-91.0,-12.5,-1.2,86.2,51.3,134.0
2026-07-21 20:00:00,TKYO-013-1,TKYO-013,Band 1 (2100MHz),-82.9,-11.7,12.4,97.9,47.3,195.7
2026-07-21 20:00:00,TKYO-013-2,TKYO-013,Band 1 (2100MHz),-102.1,-17.0,10.8,99.3,59.9,173.3
2026-07-21 20:00:00,TKYO-013-3,TKYO-013,Band 1 (2100MHz),-84.6,-12.9,3.6,89.4,48.3,179.7
2026-07-21 20:00:00,TKYO-014-1,TKYO-014,Band 41 (2500MHz),-84.5,-12.2,1.6,100.0,54.6,144.2
2026-07-21 20:00:00,TKYO-014-2,TKYO-014,Band 41 (2500MHz),-93.6,-17.4,-2.3,82.3,47.5,135.1
2026-07-21 20:00:00,TKYO-014-3,TKYO-014,Band 41 (2500MHz),-82.7,-7.8,4.2,96.9,63.0,168.4
2026-07-21 20:00:00,TKYO-015-1,TKYO-015,Band 1 (2100MHz),-80.6,-13.4,3.7,88.8,52.5,172.6
2026-07-21 20:00:00,TKYO-015-2,TKYO-015,Band 1 (2100MHz),-83.0,-8.6,11.4,100.0,67.2,149.6
2026-07-21 20:00:00,TKYO-015-3,TKYO-015,Band 1 (2100MHz),-88.9,-11.6,4.7,79.0,48.7,197.1
2026-07-21 20:00:00,TKYO-016-1,TKYO-016,Band 41 (2500MHz),-87.0,-14.2,13.6,98.2,58.1,119.3
2026-07-21 20:00:00,TKYO-016-2,TKYO-016,Band 41 (2500MHz),-81.8,-13.9,-1.5,89.0,41.4,155.8
2026-07-21 20:00:00,TKYO-016-3,TKYO-016,Band 41 (2500MHz),-81.8,-11.2,5.6,100.0,50.7,143.1
2026-07-21 21:00:00,TKYO-001-1,TKYO-001,Band 1 (2100MHz),-74.8,-7.4,6.4,0.0,19.8,34.2
2026-07-21 21:00:00,TKYO-001-2,TKYO-001,Band 1 (2100MHz),-78.5,-8.8,7.6,35.6,7.3,49.8
2026-07-21 21:00:00,TKYO-001-3,TKYO-001,Band 1 (2100MHz),-76.1,-10.8,6.0,19.6,2.7,14.8
2026-07-21 21:00:00,TKYO-002-1,TKYO-002,Band 41 (2500MHz),-86.5,-9.7,1.0,36.0,6.9,41.6
2026-07-21 21:00:00,TKYO-002-2,TKYO-002,Band 41 (2500MHz),-88.0,-6.5,7.4,16.1,2.3,40.4
2026-07-21 21:00:00,TKYO-002-3,TKYO-002,Band 41 (2500MHz),-83.4,-7.9,4.2,22.6,5.1,65.0
2026-07-21 21:00:00,TKYO-003-1,TKYO-003,Band 1 (2100MHz),-89.4,-6.0,11.7,17.5,11.0,33.9
2026-07-21 21:00:00,TKYO-003-2,TKYO-003,Band 1 (2100MHz),-94.8,-11.7,4.6,32.5,7.8,16.4
2026-07-21 21:00:00,TKYO-003-3,TKYO-003,Band 1 (2100MHz),-77.3,-9.7,10.6,12.9,13.1,41.1
2026-07-21 21:00:00,TKYO-004-1,TKYO-004,Band 41 (2500MHz),-80.9,-9.5,3.5,20.0,8.1,41.6
2026-07-21 21:00:00,TKYO-004-2,TKYO-004,Band 41 (2500MHz),-84.1,-10.3,5.1,33.7,0.6,41.7
2026-07-21 21:00:00,TKYO-004-3,TKYO-004,Band 41 (2500MHz),-83.8,-7.3,6.3,17.3,15.7,61.2
2026-07-21 21:00:00,TKYO-005-1,TKYO-005,Band 1 (2100MHz),-83.4,-5.9,5.0,20.4,10.1,2.9
2026-07-21 21:00:00,TKYO-005-2,TKYO-005,Band 1 (2100MHz),-87.3,-9.4,14.6,17.8,12.1,61.1
2026-07-21 21:00:00,TKYO-005-3,TKYO-005,Band 1 (2100MHz),-95.9,-14.1,0.6,5.4,21.9,68.4
2026-07-21 21:00:00,TKYO-006-1,TKYO-006,Band 41 (2500MHz),-79.6,-7.6,14.4,22.4,12.1,62.7
2026-07-21 21:00:00,TKYO-006-2,TKYO-006,Band 41 (2500MHz),-85.2,-8.1,4.7,15.0,31.9,7.5
2026-07-21 21:00:00,TKYO-006-3,TKYO-006,Band 41 (2500MHz),-90.0,-9.2,-4.9,19.0,15.6,31.0
2026-07-21 21:00:00,TKYO-007-1,TKYO-007,Band 1 (2100MHz),-88.7,-7.8,-0.4,35.9,17.3,27.2
2026-07-21 21:00:00,TKYO-007-2,TKYO-007,Band 1 (2100MHz),-87.3,-12.4,9.3,52.4,27.9,8.0
2026-07-21 21:00:00,TKYO-007-3,TKYO-007,Band 1 (2100MHz),-98.7,-14.6,-2.3,30.5,21.4,54.1
2026-07-21 21:00:00,TKYO-008-1,TKYO-008,Band 41 (2500MHz),-85.6,-12.4,18.8,34.7,7.5,31.8
2026-07-21 21:00:00,TKYO-008-2,TKYO-008,Band 41 (2500MHz),-82.2,-8.2,5.0,3.7,20.0,54.1
2026-07-21 21:00:00,TKYO-008-3,TKYO-008,Band 41 (2500MHz),-81.7,-12.5,4.4,10.6,5.7,43.9
2026-07-21 21:00:00,TKYO-009-1,TKYO-009,Band 1 (2100MHz),-84.8,-10.4,6.5,36.0,9.7,57.4
2026-07-21 21:00:00,TKYO-009-2,TKYO-009,Band 1 (2100MHz),-89.4,-5.5,6.2,16.6,20.3,31.3
2026-07-21 21:00:00,TKYO-009-3,TKYO-009,Band 1 (2100MHz),-85.6,-5.2,2.3,10.4,8.9,64.2
2026-07-21 21:00:00,TKYO-010-1,TKYO-010,Band 41 (2500MHz),-94.0,-8.1,-1.7,25.8,15.9,22.5
2026-07-21 21:00:00,TKYO-010-2,TKYO-010,Band 41 (2500MHz),-82.8,-12.4,3.5,6.8,0.3,53.3
2026-07-21 21:00:00,TKYO-010-3,TKYO-010,Band 41 (2500MHz),-80.0,-8.3,10.7,17.2,26.6,58.0
2026-07-21 21:00:00,TKYO-011-1,TKYO-011,Band 1 (2100MHz),-82.7,-5.1,-1.4,15.0,26.6,43.6
2026-07-21 21:00:00,TKYO-011-2,TKYO-011,Band 1 (2100MHz),-77.7,-8.4,21.4,40.8,0.0,48.1
2026-07-21 21:00:00,TKYO-011-3,TKYO-011,Band 1 (2100MHz),-80.2,-10.4,2.5,35.3,3.0,4.9
2026-07-21 21:00:00,TKYO-012-1,TKYO-012,Band 41 (2500MHz),-80.8,-7.2,8.0,55.5,26.2,52.0
2026-07-21 21:00:00,TKYO-012-2,TKYO-012,Band 41 (2500MHz),-83.5,-7.2,12.3,18.2,20.9,18.7
2026-07-21 21:00:00,TKYO-012-3,TKYO-012,Band 41 (2500MHz),-91.2,-6.7,4.7,25.4,16.0,67.4
2026-07-21 21:00:00,TKYO-013-1,TKYO-013,Band 1 (2100MHz),-80.7,-5.6,19.9,19.8,12.0,72.5
2026-07-21 21:00:00,TKYO-013-2,TKYO-013,Band 1 (2100MHz),-96.9,-12.7,-4.9,23.6,0.0,0.0
2026-07-21 21:00:00,TKYO-013-3,TKYO-013,Band 1 (2100MHz),-76.7,-9.6,3.2,10.0,4.6,41.9
2026-07-21 21:00:00,TKYO-014-1,TKYO-014,Band 41 (2500MHz),-86.2,-13.1,6.9,16.3,19.5,10.9
2026-07-21 21:00:00,TKYO-014-2,TKYO-014,Band 41 (2500MHz),-96.7,-10.8,1.3,31.0,15.7,51.4
2026-07-21 21:00:00,TKYO-014-3,TKYO-014,Band 41 (2500MHz),-86.0,-6.4,-2.9,24.3,15.6,109.6
2026-07-21 21:00:00,TKYO-015-1,TKYO-015,Band 1 (2100MHz),-84.5,-6.9,16.0,35.1,19.3,0.0
2026-07-21 21:00:00,TKYO-015-2,TKYO-015,Band 1 (2100MHz),-88.0,-6.1,-0.2,27.7,11.0,19.2
2026-07-21 21:00:00,TKYO-015-3,TKYO-015,Band 1 (2100MHz),-82.9,-8.6,5.7,14.9,12.8,0.0
2026-07-21 21:00:00,TKYO-016-1,TKYO-016,Band 41 (2500MHz),-81.6,-9.2,8.0,13.3,21.2,42.0
2026-07-21 21:00:00,TKYO-016-2,TKYO-016,Band 41 (2500MHz),-87.8,-8.9,6.7,16.7,5.8,40.0
2026-07-21 21:00:00,TKYO-016-3,TKYO-016,Band 41 (2500MHz),-82.1,-6.6,7.0,8.9,24.6,31.0
2026-07-21 22:00:00,TKYO-001-1,TKYO-001,Band 1 (2100MHz),-89.7,-8.4,4.3,15.3,0.0,57.8
2026-07-21 22:00:00,TKYO-001-2,TKYO-001,Band 1 (2100MHz),-79.2,-10.3,9.2,20.9,5.8,17.4
2026-07-21 22:00:00,TKYO-001-3,TKYO-001,Band 1 (2100MHz),-92.2,-9.0,8.9,7.7,19.7,8.9
2026-07-21 22:00:00,TKYO-002-1,TKYO-002,Band 41 (2500MHz),-82.4,-9.8,2.5,23.5,12.5,25.8
2026-07-21 22:00:00,TKYO-002-2,TKYO-002,Band 41 (2500MHz),-81.0,-6.5,5.6,10.9,13.2,0.9
2026-07-21 22:00:00,TKYO-002-3,TKYO-002,Band 41 (2500MHz),-86.0,-6.4,2.7,0.0,15.1,0.0
2026-07-21 22:00:00,TKYO-003-1,TKYO-003,Band 1 (2100MHz),-84.0,-9.3,16.8,20.2,4.7,49.2
2026-07-21 22:00:00,TKYO-003-2,TKYO-003,Band 1 (2100MHz),-99.5,-11.8,-4.8,13.3,6.2,14.2
2026-07-21 22:00:00,TKYO-003-3,TKYO-003,Band 1 (2100MHz),-91.2,-9.2,6.0,30.8,2.0,5.0
2026-07-21 22:00:00,TKYO-004-1,TKYO-004,Band 41 (2500MHz),-79.8,-4.8,4.6,3.1,6.9,20.5
2026-07-21 22:00:00,TKYO-004-2,TKYO-004,Band 41 (2500MHz),-88.2,-6.2,14.6,11.9,9.8,28.9
2026-07-21 22:00:00,TKYO-004-3,TKYO-004,Band 41 (2500MHz),-88.1,-7.7,4.1,13.5,6.3,0.0
2026-07-21 22:00:00,TKYO-005-1,TKYO-005,Band 1 (2100MHz),-85.5,-11.8,17.0,15.4,0.0,30.0
2026-07-21 22:00:00,TKYO-005-2,TKYO-005,Band 1 (2100MHz),-91.1,-5.7,9.9,12.0,9.3,9.3
2026-07-21 22:00:00,TKYO-005-3,TKYO-005,Band 1 (2100MHz),-100.5,-13.2,5.2,7.5,12.1,5.3
2026-07-21 22:00:00,TKYO-006-1,TKYO-006,Band 41 (2500MHz),-82.7,-7.1,9.0,10.8,9.2,41.4
2026-07-21 22:00:00,TKYO-006-2,TKYO-006,Band 41 (2500MHz),-87.0,-7.5,7.3,11.1,0.0,0.0
2026-07-21 22:00:00,TKYO-006-3,TKYO-006,Band 41 (2500MHz),-86.9,-6.7,4.9,0.0,13.1,22.3
2026-07-21 22:00:00,TKYO-007-1,TKYO-007,Band 1 (2100MHz),-74.1,-9.5,13.4,14.4,0.0,7.2
2026-07-21 22:00:00,TKYO-007-2,TKYO-007,Band 1 (2100MHz),-84.3,-8.1,1.6,0.0,12.0,59.7
2026-07-21 22:00:00,TKYO-007-3,TKYO-007,Band 1 (2100MHz),-99.1,-14.6,-0.0,0.2,0.0,18.9
2026-07-21 22:00:00,TKYO-008-1,TKYO-008,Band 41 (2500MHz),-83.5,-5.0,4.7,0.0,4.2,6.9
2026-07-21 22:00:00,TKYO-008-2,TKYO-008,Band 41 (2500MHz),-79.1,-10.2,7.8,6.1,0.0,33.5
2026-07-21 22:00:00,TKYO-008-3,TKYO-008,Band 41 (2500MHz),-83.9,-9.6,3.0,19.6,12.0,11.3
2026-07-21 22:00:00,TKYO-009-1,TKYO-009,Band 1 (2100MHz),-79.2,-6.6,16.4,24.4,0.0,0.0
2026-07-21 22:00:00,TKYO-009-2,TKYO-009,Band 1 (2100MHz),-86.1,-10.4,7.3,27.9,3.5,9.6
2026-07-21 22:00:00,TKYO-009-3,TKYO-009,Band 1 (2100MHz),-78.0,-5.5,7.1,11.0,4.4,0.0
2026-07-21 22:00:00,TKYO-010-1,TKYO-010,Band 41 (2500MHz),-83.9,-6.0,3.0,27.4,0.0,41.0
2026-07-21 22:00:00,TKYO-010-2,TKYO-010,Band 41 (2500MHz),-81.8,-9.9,7.2,12.0,8.2,0.0
2026-07-21 22:00:00,TKYO-010-3,TKYO-010,Band 41 (2500MHz),-85.0,-6.1,2.9,1.2,9.7,42.0
2026-07-21 22:00:00,TKYO-011-1,TKYO-011,Band 1 (2100MHz),-81.2,-9.7,8.0,20.5,0.7,32.4
2026-07-21 22:00:00,TKYO-011-2,TKYO-011,Band 1 (2100MHz),-74.6,-8.7,10.8,49.4,0.0,29.9
2026-07-21 22:00:00,TKYO-011-3,TKYO-011,Band 1 (2100MHz),-79.1,-6.7,5.4,17.3,3.7,30.1
2026-07-21 22:00:00,TKYO-012-1,TKYO-012,Band 41 (2500MHz),-85.2,-10.1,10.2,21.5,18.5,14.0
2026-07-21 22:00:00,TKYO-012-2,TKYO-012,Band 41 (2500MHz),-83.9,-7.1,3.8,8.1,13.5,40.8
2026-07-21 22:00:00,TKYO-012-3,TKYO-012,Band 41 (2500MHz),-80.7,-10.6,5.5,6.9,10.8,46.4
2026-07-21 22:00:00,TKYO-013-1,TKYO-013,Band 1 (2100MHz),-84.6,-12.9,12.5,23.6,0.0,0.0
2026-07-21 22:00:00,TKYO-013-2,TKYO-013,Band 1 (2100MHz),-93.8,-13.0,4.9,22.0,13.6,42.4
2026-07-21 22:00:00,TKYO-013-3,TKYO-013,Band 1 (2100MHz),-77.8,-9.2,6.4,0.0,0.0,56.3
2026-07-21 22:00:00,TKYO-014-1,TKYO-014,Band 41 (2500MHz),-82.2,-5.0,-0.9,7.9,0.0,20.1
2026-07-21 22:00:00,TKYO-014-2,TKYO-014,Band 41 (2500MHz),-101.0,-13.0,-10.0,0.0,16.4,0.0
2026-07-21 22:00:00,TKYO-014-3,TKYO-014,Band 41 (2500MHz),-84.4,-8.4,1.9,19.3,0.0,14.6
2026-07-21 22:00:00,TKYO-015-1,TKYO-015,Band 1 (2100MHz),-83.1,-11.0,13.8,29.9,0.0,0.0
2026-07-21 22:00:00,TKYO-015-2,TKYO-015,Band 1 (2100MHz),-86.0,-7.7,9.0,24.2,5.1,33.3
2026-07-21 22:00:00,TKYO-015-3,TKYO-015,Band 1 (2100MHz),-83.7,-1.5,8.3,0.0,7.8,57.4
2026-07-21 22:00:00,TKYO-016-1,TKYO-016,Band 41 (2500MHz),-86.2,-6.5,8.8,0.0,16.6,22.4
2026-07-21 22:00:00,TKYO-016-2,TKYO-016,Band 41 (2500MHz),-87.6,-9.4,11.9,8.0,9.6,0.0
2026-07-21 22:00:00,TKYO-016-3,TKYO-016,Band 41 (2500MHz),-80.1,-6.0,9.5,12.7,4.8,33.7
2026-07-21 23:00:00,TKYO-001-1,TKYO-001,Band 1 (2100MHz),-85.4,-8.0,10.0,22.1,2.1,15.0
2026-07-21 23:00:00,TKYO-001-2,TKYO-001,Band 1 (2100MHz),-77.3,-7.3,13.3,25.4,6.8,47.9
2026-07-21 23:00:00,TKYO-001-3,TKYO-001,Band 1 (2100MHz),-77.3,-10.2,13.4,12.3,3.0,25.4
2026-07-21 23:00:00,TKYO-002-1,TKYO-002,Band 41 (2500MHz),-81.6,-11.0,10.5,0.0,20.1,12.6
2026-07-21 23:00:00,TKYO-002-2,TKYO-002,Band 41 (2500MHz),-82.7,-9.3,4.1,8.8,0.0,17.9
2026-07-21 23:00:00,TKYO-002-3,TKYO-002,Band 41 (2500MHz),-89.4,-9.1,1.7,0.0,4.1,0.0
2026-07-21 23:00:00,TKYO-003-1,TKYO-003,Band 1 (2100MHz),-81.8,-7.9,11.8,23.7,0.0,3.5
2026-07-21 23:00:00,TKYO-003-2,TKYO-003,Band 1 (2100MHz),-90.8,-12.5,5.9,0.0,25.0,25.6
2026-07-21 23:00:00,TKYO-003-3,TKYO-003,Band 1 (2100MHz),-83.0,-9.0,7.8,4.3,3.2,43.7
2026-07-21 23:00:00,TKYO-004-1,TKYO-004,Band 41 (2500MHz),-89.1,-5.9,8.5,37.3,4.0,0.0
2026-07-21 23:00:00,TKYO-004-2,TKYO-004,Band 41 (2500MHz),-83.0,-10.5,8.5,12.7,7.4,0.0
2026-07-21 23:00:00,TKYO-004-3,TKYO-004,Band 41 (2500MHz),-86.5,-5.7,0.9,9.5,0.0,26.1
2026-07-21 23:00:00,TKYO-005-1,TKYO-005,Band 1 (2100MHz),-88.2,-2.8,4.9,4.4,6.3,0.0
2026-07-21 23:00:00,TKYO-005-2,TKYO-005,Band 1 (2100MHz),-82.2,-6.3,5.8,1.7,16.9,0.0
2026-07-21 23:00:00,TKYO-005-3,TKYO-005,Band 1 (2100MHz),-102.2,-13.4,-0.2,20.8,0.0,38.2
2026-07-21 23:00:00,TKYO-006-1,TKYO-006,Band 41 (2500MHz),-84.8,-7.1,11.6,16.0,8.1,7.8
2026-07-21 23:00:00,TKYO-006-2,TKYO-006,Band 41 (2500MHz),-77.7,-12.0,3.5,19.1,8.6,0.8
2026-07-21 23:00:00,TKYO-006-3,TKYO-006,Band 41 (2500MHz),-83.8,-14.0,0.6,26.0,24.7,2.0
2026-07-21 23:00:00,TKYO-007-1,TKYO-007,Band 1 (2100MHz),-80.4,-6.1,-5.6,0.8,3.0,17.7
2026-07-21 23:00:00,TKYO-007-2,TKYO-007,Band 1 (2100MHz),-83.7,-5.2,8.1,8.7,0.0,0.0
2026-07-21 23:00:00,TKYO-007-3,TKYO-007,Band 1 (2100MHz),-92.4,-11.3,7.1,35.0,0.0,60.3
2026-07-21 23:00:00,TKYO-008-1,TKYO-008,Band 41 (2500MHz),-85.1,-9.2,-3.7,30.3,15.5,23.3
2026-07-21 23:00:00,TKYO-008-2,TKYO-008,Band 41 (2500MHz),-84.7,-13.3,1.1,30.2,6.1,0.0
2026-07-21 23:00:00,TKYO-008-3,TKYO-008,Band 41 (2500MHz),-85.1,-5.3,6.5,7.9,8.1,61.6
2026-07-21 23:00:00,TKYO-009-1,TKYO-009,Band 1 (2100MHz),-83.0,-7.2,0.0,24.8,18.3,5.6
2026-07-21 23:00:00,TKYO-009-2,TKYO-009,Band 1 (2100MHz),-84.3,-6.8,7.7,14.8,0.0,0.0
2026-07-21 23:00:00,TKYO-009-3,TKYO-009,Band 1 (2100MHz),-80.8,-8.6,10.2,0.0,3.2,0.0
2026-07-21 23:00:00,TKYO-010-1,TKYO-010,Band 41 (2500MHz),-85.0,-6.1,-2.3,8.8,32.0,23.8
2026-07-21 23:00:00,TKYO-010-2,TKYO-010,Band 41 (2500MHz),-80.3,-11.1,7.5,12.9,13.8,2.6
2026-07-21 23:00:00,TKYO-010-3,TKYO-010,Band 41 (2500MHz),-90.3,-8.2,12.5,14.8,0.0,7.0
2026-07-21 23:00:00,TKYO-011-1,TKYO-011,Band 1 (2100MHz),-83.9,-9.2,18.4,26.0,20.8,59.3
2026-07-21 23:00:00,TKYO-011-2,TKYO-011,Band 1 (2100MHz),-78.5,-8.6,5.6,0.0,4.9,2.7
2026-07-21 23:00:00,TKYO-011-3,TKYO-011,Band 1 (2100MHz),-82.0,-7.9,10.8,20.8,0.0,24.0
2026-07-21 23:00:00,TKYO-012-1,TKYO-012,Band 41 (2500MHz),-83.4,-8.5,0.8,36.5,0.1,20.4
2026-07-21 23:00:00,TKYO-012-2,TKYO-012,Band 41 (2500MHz),-87.4,-7.6,7.0,19.4,8.5,19.2
2026-07-21 23:00:00,TKYO-012-3,TKYO-012,Band 41 (2500MHz),-78.3,-6.5,3.3,24.3,12.1,35.6
2026-07-21 23:00:00,TKYO-013-1,TKYO-013,Band 1 (2100MHz),-88.4,-6.2,9.3,8.8,0.0,35.3
2026-07-21 23:00:00,TKYO-013-2,TKYO-013,Band 1 (2100MHz),-95.4,-9.6,1.1,22.7,20.9,2.4
2026-07-21 23:00:00,TKYO-013-3,TKYO-013,Band 1 (2100MHz),-84.1,-9.5,6.5,6.8,12.1,26.7
2026-07-21 23:00:00,TKYO-014-1,TKYO-014,Band 41 (2500MHz),-82.9,-9.4,-1.0,13.4,0.0,9.3
2026-07-21 23:00:00,TKYO-014-2,TKYO-014,Band 41 (2500MHz),-98.0,-9.8,-0.7,11.8,8.6,20.6
2026-07-21 23:00:00,TKYO-014-3,TKYO-014,Band 41 (2500MHz),-78.3,-7.4,5.7,14.8,5.4,21.8
2026-07-21 23:00:00,TKYO-015-1,TKYO-015,Band 1 (2100MHz),-87.9,-12.3,15.4,14.8,0.0,21.7
2026-07-21 23:00:00,TKYO-015-2,TKYO-015,Band 1 (2100MHz),-82.4,-6.1,9.0,0.4,18.7,79.3
2026-07-21 23:00:00,TKYO-015-3,TKYO-015,Band 1 (2100MHz),-83.9,-9.2,9.7,16.2,4.6,0.0
2026-07-21 23:00:00,TKYO-016-1,TKYO-016,Band 41 (2500MHz),-78.5,-7.7,0.5,0.0,1.6,0.0
2026-07-21 23:00:00,TKYO-016-2,TKYO-016,Band 41 (2500MHz),-82.1,-10.3,4.0,5.0,6.6,49.3
2026-07-21 23:00:00,TKYO-016-3,TKYO-016,Band 41 (2500MHz),-81.7,-9.3,-0.7,9.3,0.0,39.2
