timestamp_utc,cell_id,enodeb_id,frequency_band,avg_rsrp_dBm,avg_rsrq_dB,avg_sinr_dB,prb_utilization_dl_pct,prb_utilization_ul_pct,active_ue_avg
2026-07-15 00:00:00,RJPN-001-1,RJPN-001,Band 1 (2100MHz),-87.8,-5.4,22.4,19.8,16.7,0.0
2026-07-15 00:00:00,RJPN-001-2,RJPN-001,Band 1 (2100MHz),-85.8,-8.9,13.2,10.2,16.4,21.7
2026-07-15 00:00:00,RJPN-001-3,RJPN-001,Band 1 (2100MHz),-93.7,-7.6,12.8,15.6,0.0,0.8
2026-07-15 00:00:00,RJPN-002-1,RJPN-002,Band 3 (1800MHz),-104.4,-11.7,4.3,12.9,0.0,18.6
2026-07-15 00:00:00,RJPN-002-2,RJPN-002,Band 3 (1800MHz),-81.9,-3.1,20.4,0.0,0.0,30.9
2026-07-15 00:00:00,RJPN-002-3,RJPN-002,Band 3 (1800MHz),-86.6,-9.2,20.4,15.5,4.4,36.0
2026-07-15 00:00:00,RJPN-003-1,RJPN-003,Band 1 (2100MHz),-84.9,-7.8,9.4,17.6,29.0,0.0
2026-07-15 00:00:00,RJPN-003-2,RJPN-003,Band 1 (2100MHz),-90.6,-7.2,18.4,13.5,10.2,22.4
2026-07-15 00:00:00,RJPN-003-3,RJPN-003,Band 1 (2100MHz),-83.8,-8.6,6.0,0.0,10.3,31.2
2026-07-15 00:00:00,RJPN-004-1,RJPN-004,Band 3 (1800MHz),-83.2,-7.6,8.0,22.1,2.3,33.4
2026-07-15 00:00:00,RJPN-004-2,RJPN-004,Band 3 (1800MHz),-85.9,-10.9,13.5,5.2,16.0,10.4
2026-07-15 00:00:00,RJPN-004-3,RJPN-004,Band 3 (1800MHz),-87.3,-8.0,13.8,2.7,0.6,0.0
2026-07-15 00:00:00,RJPN-005-1,RJPN-005,Band 1 (2100MHz),-91.5,-4.9,12.9,4.2,0.0,36.9
2026-07-15 00:00:00,RJPN-005-2,RJPN-005,Band 1 (2100MHz),-81.7,-5.6,12.6,15.3,0.0,43.9
2026-07-15 00:00:00,RJPN-005-3,RJPN-005,Band 1 (2100MHz),-81.3,-5.0,13.4,0.0,10.9,16.3
2026-07-15 00:00:00,RJPN-006-1,RJPN-006,Band 3 (1800MHz),-90.2,-7.9,18.8,20.3,0.0,0.0
2026-07-15 00:00:00,RJPN-006-2,RJPN-006,Band 3 (1800MHz),-92.2,-10.3,0.4,10.1,0.0,15.3
2026-07-15 00:00:00,RJPN-006-3,RJPN-006,Band 3 (1800MHz),-82.9,-9.0,12.0,1.6,10.0,13.0
2026-07-15 00:00:00,RJPN-007-1,RJPN-007,Band 1 (2100MHz),-89.6,-8.1,18.8,16.1,0.2,14.0
2026-07-15 00:00:00,RJPN-007-2,RJPN-007,Band 1 (2100MHz),-95.1,-7.6,11.8,10.1,0.0,8.9
2026-07-15 00:00:00,RJPN-007-3,RJPN-007,Band 1 (2100MHz),-81.6,-6.6,14.4,9.1,0.0,9.0
2026-07-15 00:00:00,RJPN-008-1,RJPN-008,Band 3 (1800MHz),-89.1,-9.9,19.8,2.7,0.0,55.3
2026-07-15 00:00:00,RJPN-008-2,RJPN-008,Band 3 (1800MHz),-86.3,-8.1,18.7,2.7,4.9,12.4
2026-07-15 00:00:00,RJPN-008-3,RJPN-008,Band 3 (1800MHz),-91.2,-8.8,11.1,20.2,0.0,0.0
2026-07-15 00:00:00,RJPN-009-1,RJPN-009,Band 1 (2100MHz),-88.1,-8.7,16.0,7.3,0.0,12.0
2026-07-15 00:00:00,RJPN-009-2,RJPN-009,Band 1 (2100MHz),-87.4,-7.6,21.7,0.0,5.9,19.2
2026-07-15 00:00:00,RJPN-009-3,RJPN-009,Band 1 (2100MHz),-88.5,-8.4,18.2,0.9,4.7,34.0
2026-07-15 00:00:00,RJPN-010-1,RJPN-010,Band 3 (1800MHz),-87.2,-9.0,12.8,0.0,15.3,20.6
2026-07-15 00:00:00,RJPN-010-2,RJPN-010,Band 3 (1800MHz),-86.3,-7.8,13.5,10.0,8.6,0.0
2026-07-15 00:00:00,RJPN-010-3,RJPN-010,Band 3 (1800MHz),-100.2,-9.9,1.0,4.3,18.3,23.2
2026-07-15 00:00:00,RJPN-011-1,RJPN-011,Band 1 (2100MHz),-108.1,-13.3,-5.1,16.7,2.4,0.0
2026-07-15 00:00:00,RJPN-011-2,RJPN-011,Band 1 (2100MHz),-92.3,-7.3,15.1,24.0,0.0,0.0
2026-07-15 00:00:00,RJPN-011-3,RJPN-011,Band 1 (2100MHz),-88.8,-2.4,10.7,1.3,2.8,26.0
2026-07-15 01:00:00,RJPN-001-1,RJPN-001,Band 1 (2100MHz),-85.2,-5.5,6.1,5.3,0.0,26.7
2026-07-15 01:00:00,RJPN-001-2,RJPN-001,Band 1 (2100MHz),-87.7,-10.0,11.7,0.0,5.2,17.6
2026-07-15 01:00:00,RJPN-001-3,RJPN-001,Band 1 (2100MHz),-87.4,-10.7,9.8,40.9,16.0,0.0
2026-07-15 01:00:00,RJPN-002-1,RJPN-002,Band 3 (1800MHz),-98.4,-12.6,7.6,0.0,3.1,0.0
2026-07-15 01:00:00,RJPN-002-2,RJPN-002,Band 3 (1800MHz),-83.2,-8.7,16.9,11.5,0.1,21.6
2026-07-15 01:00:00,RJPN-002-3,RJPN-002,Band 3 (1800MHz),-76.5,-8.6,13.4,19.1,0.0,17.2
2026-07-15 01:00:00,RJPN-003-1,RJPN-003,Band 1 (2100MHz),-88.0,-5.7,19.1,43.8,13.3,17.6
2026-07-15 01:00:00,RJPN-003-2,RJPN-003,Band 1 (2100MHz),-82.0,-7.7,17.0,0.0,6.8,40.1
2026-07-15 01:00:00,RJPN-003-3,RJPN-003,Band 1 (2100MHz),-87.7,-5.3,10.5,31.6,12.5,6.9
2026-07-15 01:00:00,RJPN-004-1,RJPN-004,Band 3 (1800MHz),-86.5,-6.4,8.4,1.6,20.8,9.0
2026-07-15 01:00:00,RJPN-004-2,RJPN-004,Band 3 (1800MHz),-84.2,-4.6,13.5,0.0,13.6,31.9
2026-07-15 01:00:00,RJPN-004-3,RJPN-004,Band 3 (1800MHz),-89.0,-12.2,8.9,5.5,1.2,5.1
2026-07-15 01:00:00,RJPN-005-1,RJPN-005,Band 1 (2100MHz),-90.0,-9.3,8.9,11.2,1.4,0.0
2026-07-15 01:00:00,RJPN-005-2,RJPN-005,Band 1 (2100MHz),-83.8,-7.0,14.1,5.6,0.0,16.3
2026-07-15 01:00:00,RJPN-005-3,RJPN-005,Band 1 (2100MHz),-81.4,-6.1,10.4,0.0,8.2,32.1
2026-07-15 01:00:00,RJPN-006-1,RJPN-006,Band 3 (1800MHz),-87.1,-9.0,24.0,12.6,0.0,0.0
2026-07-15 01:00:00,RJPN-006-2,RJPN-006,Band 3 (1800MHz),-96.2,-6.3,13.0,3.8,0.0,24.8
2026-07-15 01:00:00,RJPN-006-3,RJPN-006,Band 3 (1800MHz),-82.1,-9.6,15.1,0.0,0.0,37.4
2026-07-15 01:00:00,RJPN-007-1,RJPN-007,Band 1 (2100MHz),-92.7,-6.6,11.4,16.3,6.2,36.1
2026-07-15 01:00:00,RJPN-007-2,RJPN-007,Band 1 (2100MHz),-89.8,-9.1,1.8,0.9,15.8,0.0
2026-07-15 01:00:00,RJPN-007-3,RJPN-007,Band 1 (2100MHz),-85.6,-7.5,16.3,8.4,15.8,26.0
2026-07-15 01:00:00,RJPN-008-1,RJPN-008,Band 3 (1800MHz),-88.7,-8.6,18.2,0.0,19.4,0.0
2026-07-15 01:00:00,RJPN-008-2,RJPN-008,Band 3 (1800MHz),-90.4,-6.5,19.5,0.0,1.0,7.9
2026-07-15 01:00:00,RJPN-008-3,RJPN-008,Band 3 (1800MHz),-89.5,-9.9,15.1,12.0,14.7,12.2
2026-07-15 01:00:00,RJPN-009-1,RJPN-009,Band 1 (2100MHz),-87.3,-4.7,9.7,16.5,0.0,24.8
2026-07-15 01:00:00,RJPN-009-2,RJPN-009,Band 1 (2100MHz),-91.0,-7.3,17.7,14.1,3.0,7.2
2026-07-15 01:00:00,RJPN-009-3,RJPN-009,Band 1 (2100MHz),-94.3,-8.5,11.1,12.7,6.7,18.0
2026-07-15 01:00:00,RJPN-010-1,RJPN-010,Band 3 (1800MHz),-95.0,-7.0,18.2,22.6,0.0,7.9
2026-07-15 01:00:00,RJPN-010-2,RJPN-010,Band 3 (1800MHz),-83.4,-6.8,6.8,0.0,18.3,55.3
2026-07-15 01:00:00,RJPN-010-3,RJPN-010,Band 3 (1800MHz),-101.6,-11.8,2.3,7.5,0.0,8.5
2026-07-15 01:00:00,RJPN-011-1,RJPN-011,Band 1 (2100MHz),-96.9,-14.1,1.2,13.9,0.0,8.6
2026-07-15 01:00:00,RJPN-011-2,RJPN-011,Band 1 (2100MHz),-92.6,-7.5,9.5,17.6,0.0,0.0
2026-07-15 01:00:00,RJPN-011-3,RJPN-011,Band 1 (2100MHz),-86.9,-9.3,15.1,2.5,0.0,39.1
2026-07-15 02:00:00,RJPN-001-1,RJPN-001,Band 1 (2100MHz),-83.1,-10.9,20.9,0.0,9.1,48.3
2026-07-15 02:00:00,RJPN-001-2,RJPN-001,Band 1 (2100MHz),-85.6,-8.7,17.0,0.0,6.8,39.8
2026-07-15 02:00:00,RJPN-001-3,RJPN-001,Band 1 (2100MHz),-92.3,-6.7,14.6,11.7,16.8,0.0
2026-07-15 02:00:00,RJPN-002-1,RJPN-002,Band 3 (1800MHz),-105.6,-14.0,6.9,0.0,9.6,10.8
2026-07-15 02:00:00,RJPN-002-2,RJPN-002,Band 3 (1800MHz),-95.6,-6.0,16.0,1.6,0.0,40.7
2026-07-15 02:00:00,RJPN-002-3,RJPN-002,Band 3 (1800MHz),-91.9,-6.8,22.5,0.0,4.5,33.3
2026-07-15 02:00:00,RJPN-003-1,RJPN-003,Band 1 (2100MHz),-87.3,-9.7,22.1,8.1,11.3,8.9
2026-07-15 02:00:00,RJPN-003-2,RJPN-003,Band 1 (2100MHz),-86.1,-8.8,13.5,0.0,15.3,0.0
2026-07-15 02:00:00,RJPN-003-3,RJPN-003,Band 1 (2100MHz),-85.9,-9.3,14.3,7.2,9.9,23.7
2026-07-15 02:00:00,RJPN-004-1,RJPN-004,Band 3 (1800MHz),-86.0,-7.8,15.7,0.0,8.2,0.0
2026-07-15 02:00:00,RJPN-004-2,RJPN-004,Band 3 (1800MHz),-90.6,-9.1,4.4,4.4,7.2,27.3
2026-07-15 02:00:00,RJPN-004-3,RJPN-004,Band 3 (1800MHz),-87.4,-9.6,19.3,0.0,11.5,0.0
2026-07-15 02:00:00,RJPN-005-1,RJPN-005,Band 1 (2100MHz),-90.2,-8.3,3.6,0.0,10.4,22.4
2026-07-15 02:00:00,RJPN-005-2,RJPN-005,Band 1 (2100MHz),-81.4,-5.6,6.7,2.2,0.0,20.4
2026-07-15 02:00:00,RJPN-005-3,RJPN-005,Band 1 (2100MHz),-92.8,-9.1,21.8,27.1,26.1,0.0
2026-07-15 02:00:00,RJPN-006-1,RJPN-006,Band 3 (1800MHz),-88.5,-8.2,3.2,15.9,0.0,0.0
2026-07-15 02:00:00,RJPN-006-2,RJPN-006,Band 3 (1800MHz),-91.4,-8.9,11.3,9.2,10.6,44.0
2026-07-15 02:00:00,RJPN-006-3,RJPN-006,Band 3 (1800MHz),-86.8,-8.7,19.1,17.8,17.6,14.0
2026-07-15 02:00:00,RJPN-007-1,RJPN-007,Band 1 (2100MHz),-84.7,-10.4,20.2,31.5,0.0,55.2
2026-07-15 02:00:00,RJPN-007-2,RJPN-007,Band 1 (2100MHz),-85.3,-8.1,16.5,0.0,10.2,0.0
2026-07-15 02:00:00,RJPN-007-3,RJPN-007,Band 1 (2100MHz),-86.1,-6.7,13.1,0.0,2.6,6.5
2026-07-15 02:00:00,RJPN-008-1,RJPN-008,Band 3 (1800MHz),-87.0,-6.8,9.5,17.3,2.2,34.6
2026-07-15 02:00:00,RJPN-008-2,RJPN-008,Band 3 (1800MHz),-87.1,-9.2,13.0,9.1,0.0,0.6
2026-07-15 02:00:00,RJPN-008-3,RJPN-008,Band 3 (1800MHz),-85.8,-12.6,10.2,12.4,7.5,32.2
2026-07-15 02:00:00,RJPN-009-1,RJPN-009,Band 1 (2100MHz),-82.0,-7.3,7.6,10.0,0.0,25.4
2026-07-15 02:00:00,RJPN-009-2,RJPN-009,Band 1 (2100MHz),-80.5,-8.1,19.3,4.7,0.0,0.0
2026-07-15 02:00:00,RJPN-009-3,RJPN-009,Band 1 (2100MHz),-87.6,-10.4,13.1,5.3,0.0,10.6
2026-07-15 02:00:00,RJPN-010-1,RJPN-010,Band 3 (1800MHz),-85.8,-8.4,11.7,0.0,12.4,28.1
2026-07-15 02:00:00,RJPN-010-2,RJPN-010,Band 3 (1800MHz),-89.6,-6.5,5.3,5.0,25.5,18.4
2026-07-15 02:00:00,RJPN-010-3,RJPN-010,Band 3 (1800MHz),-108.8,-17.6,-1.6,6.7,3.8,50.5
2026-07-15 02:00:00,RJPN-011-1,RJPN-011,Band 1 (2100MHz),-100.8,-10.2,7.8,11.4,21.4,24.8
2026-07-15 02:00:00,RJPN-011-2,RJPN-011,Band 1 (2100MHz),-85.6,-7.7,20.7,25.4,3.2,31.3
2026-07-15 02:00:00,RJPN-011-3,RJPN-011,Band 1 (2100MHz),-95.2,-9.0,15.4,0.4,22.4,8.8
2026-07-15 03:00:00,RJPN-001-1,RJPN-001,Band 1 (2100MHz),-84.0,-5.0,4.7,0.0,4.2,19.4
2026-07-15 03:00:00,RJPN-001-2,RJPN-001,Band 1 (2100MHz),-90.2,-6.4,15.2,0.0,12.2,44.2
2026-07-15 03:00:00,RJPN-001-3,RJPN-001,Band 1 (2100MHz),-83.6,-10.6,14.0,0.0,0.0,28.7
2026-07-15 03:00:00,RJPN-002-1,RJPN-002,Band 3 (1800MHz),-106.6,-12.7,9.2,22.8,0.0,18.3
2026-07-15 03:00:00,RJPN-002-2,RJPN-002,Band 3 (1800MHz),-88.3,-5.9,12.6,3.7,5.1,27.2
2026-07-15 03:00:00,RJPN-002-3,RJPN-002,Band 3 (1800MHz),-93.5,-6.3,14.5,0.0,0.0,14.5
2026-07-15 03:00:00,RJPN-003-1,RJPN-003,Band 1 (2100MHz),-85.3,-7.1,2.3,1.6,0.0,33.4
2026-07-15 03:00:00,RJPN-003-2,RJPN-003,Band 1 (2100MHz),-84.7,-8.7,15.8,32.3,1.4,16.2
2026-07-15 03:00:00,RJPN-003-3,RJPN-003,Band 1 (2100MHz),-89.4,-5.1,21.0,0.0,7.0,19.0
2026-07-15 03:00:00,RJPN-004-1,RJPN-004,Band 3 (1800MHz),-90.9,-9.9,9.8,9.2,2.4,0.0
2026-07-15 03:00:00,RJPN-004-2,RJPN-004,Band 3 (1800MHz),-85.2,-6.5,15.6,0.0,0.0,22.2
2026-07-15 03:00:00,RJPN-004-3,RJPN-004,Band 3 (1800MHz),-85.2,-7.6,14.3,14.0,0.0,68.1
2026-07-15 03:00:00,RJPN-005-1,RJPN-005,Band 1 (2100MHz),-81.6,-9.6,12.8,0.0,0.0,0.0
2026-07-15 03:00:00,RJPN-005-2,RJPN-005,Band 1 (2100MHz),-91.6,-9.0,14.7,5.6,14.7,32.0
2026-07-15 03:00:00,RJPN-005-3,RJPN-005,Band 1 (2100MHz),-89.2,-9.0,10.5,8.0,2.9,3.6
2026-07-15 03:00:00,RJPN-006-1,RJPN-006,Band 3 (1800MHz),-80.9,-5.5,19.0,0.2,2.8,19.2
2026-07-15 03:00:00,RJPN-006-2,RJPN-006,Band 3 (1800MHz),-89.1,-4.3,18.3,21.6,16.2,44.6
2026-07-15 03:00:00,RJPN-006-3,RJPN-006,Band 3 (1800MHz),-79.7,-11.1,16.5,21.0,0.0,0.0
2026-07-15 03:00:00,RJPN-007-1,RJPN-007,Band 1 (2100MHz),-89.7,-8.0,12.9,0.0,4.6,47.5
2026-07-15 03:00:00,RJPN-007-2,RJPN-007,Band 1 (2100MHz),-81.3,-8.6,14.8,1.6,0.0,25.6
2026-07-15 03:00:00,RJPN-007-3,RJPN-007,Band 1 (2100MHz),-93.9,-7.5,18.4,1.3,13.2,13.6
2026-07-15 03:00:00,RJPN-008-1,RJPN-008,Band 3 (1800MHz),-91.0,-8.2,13.2,17.8,22.6,55.6
2026-07-15 03:00:00,RJPN-008-2,RJPN-008,Band 3 (1800MHz),-89.7,-7.9,16.4,16.1,16.3,55.1
2026-07-15 03:00:00,RJPN-008-3,RJPN-008,Band 3 (1800MHz),-87.1,-8.0,18.9,14.8,0.0,7.1
2026-07-15 03:00:00,RJPN-009-1,RJPN-009,Band 1 (2100MHz),-88.1,-6.7,24.7,0.0,2.0,0.1
2026-07-15 03:00:00,RJPN-009-2,RJPN-009,Band 1 (2100MHz),-81.9,-10.6,3.2,7.0,0.0,0.0
2026-07-15 03:00:00,RJPN-009-3,RJPN-009,Band 1 (2100MHz),-90.4,-10.2,12.3,1.8,0.3,14.3
2026-07-15 03:00:00,RJPN-010-1,RJPN-010,Band 3 (1800MHz),-84.4,-13.0,21.1,29.1,7.8,0.0
2026-07-15 03:00:00,RJPN-010-2,RJPN-010,Band 3 (1800MHz),-90.8,-6.7,7.1,14.6,10.5,47.2
2026-07-15 03:00:00,RJPN-010-3,RJPN-010,Band 3 (1800MHz),-98.6,-9.0,-2.7,0.0,1.6,20.1
2026-07-15 03:00:00,RJPN-011-1,RJPN-011,Band 1 (2100MHz),-102.6,-16.6,8.3,11.9,4.9,0.0
2026-07-15 03:00:00,RJPN-011-2,RJPN-011,Band 1 (2100MHz),-88.8,-6.3,16.3,23.4,19.4,37.7
2026-07-15 03:00:00,RJPN-011-3,RJPN-011,Band 1 (2100MHz),-82.6,-10.8,9.9,16.1,0.0,0.0
2026-07-15 04:00:00,RJPN-001-1,RJPN-001,Band 1 (2100MHz),-83.5,-7.2,12.4,15.4,5.1,0.0
2026-07-15 04:00:00,RJPN-001-2,RJPN-001,Band 1 (2100MHz),-95.4,-9.4,8.5,7.8,6.3,3.1
2026-07-15 04:00:00,RJPN-001-3,RJPN-001,Band 1 (2100MHz),-94.1,-6.5,15.3,19.4,5.3,30.4
2026-07-15 04:00:00,RJPN-002-1,RJPN-002,Band 3 (1800MHz),-98.2,-10.9,10.0,9.5,9.2,61.4
2026-07-15 04:00:00,RJPN-002-2,RJPN-002,Band 3 (1800MHz),-91.3,-10.2,14.8,43.5,30.9,31.5
2026-07-15 04:00:00,RJPN-002-3,RJPN-002,Band 3 (1800MHz),-87.0,-9.9,9.2,10.6,13.1,7.6
2026-07-15 04:00:00,RJPN-003-1,RJPN-003,Band 1 (2100MHz),-90.7,-7.4,15.0,0.2,10.4,0.0
2026-07-15 04:00:00,RJPN-003-2,RJPN-003,Band 1 (2100MHz),-82.9,-9.8,11.4,0.0,2.6,0.0
2026-07-15 04:00:00,RJPN-003-3,RJPN-003,Band 1 (2100MHz),-85.6,-12.4,16.7,22.8,0.0,0.0
2026-07-15 04:00:00,RJPN-004-1,RJPN-004,Band 3 (1800MHz),-90.9,-5.3,27.2,22.8,0.0,3.4
2026-07-15 04:00:00,RJPN-004-2,RJPN-004,Band 3 (1800MHz),-87.7,-11.4,19.4,7.6,9.8,0.0
2026-07-15 04:00:00,RJPN-004-3,RJPN-004,Band 3 (1800MHz),-87.0,-7.5,15.0,3.1,2.1,0.0
2026-07-15 04:00:00,RJPN-005-1,RJPN-005,Band 1 (2100MHz),-82.1,-4.6,15.3,5.2,0.6,8.2
2026-07-15 04:00:00,RJPN-005-2,RJPN-005,Band 1 (2100MHz),-87.7,-6.1,6.2,0.5,23.4,23.9
2026-07-15 04:00:00,RJPN-005-3,RJPN-005,Band 1 (2100MHz),-86.4,-10.4,21.4,4.7,14.8,0.0
2026-07-15 04:00:00,RJPN-006-1,RJPN-006,Band 3 (1800MHz),-91.8,-12.5,12.6,0.0,4.4,21.2
2026-07-15 04:00:00,RJPN-006-2,RJPN-006,Band 3 (1800MHz),-89.9,-10.0,5.0,17.2,0.0,6.1
2026-07-15 04:00:00,RJPN-006-3,RJPN-006,Band 3 (1800MHz),-75.6,-7.0,19.4,13.7,7.2,16.3
2026-07-15 04:00:00,RJPN-007-1,RJPN-007,Band 1 (2100MHz),-81.8,-7.7,21.7,9.9,20.5,0.0
2026-07-15 04:00:00,RJPN-007-2,RJPN-007,Band 1 (2100MHz),-87.5,-9.3,15.5,16.8,1.1,15.3
2026-07-15 04:00:00,RJPN-007-3,RJPN-007,Band 1 (2100MHz),-89.6,-7.5,10.4,3.7,3.5,8.3
2026-07-15 04:00:00,RJPN-008-1,RJPN-008,Band 3 (1800MHz),-89.2,-6.9,16.0,10.9,11.9,0.0
2026-07-15 04:00:00,RJPN-008-2,RJPN-008,Band 3 (1800MHz),-81.9,-9.3,-1.4,23.5,10.0,5.8
2026-07-15 04:00:00,RJPN-008-3,RJPN-008,Band 3 (1800MHz),-73.8,-3.4,10.6,9.3,7.6,15.0
2026-07-15 04:00:00,RJPN-009-1,RJPN-009,Band 1 (2100MHz),-87.2,-6.8,5.9,17.7,6.4,46.8
2026-07-15 04:00:00,RJPN-009-2,RJPN-009,Band 1 (2100MHz),-81.7,-3.5,13.2,14.5,6.4,4.8
2026-07-15 04:00:00,RJPN-009-3,RJPN-009,Band 1 (2100MHz),-75.3,-7.7,18.0,0.0,12.2,30.3
2026-07-15 04:00:00,RJPN-010-1,RJPN-010,Band 3 (1800MHz),-86.2,-7.6,11.9,8.1,3.7,31.7
2026-07-15 04:00:00,RJPN-010-2,RJPN-010,Band 3 (1800MHz),-89.4,-8.6,10.4,13.7,0.2,34.7
2026-07-15 04:00:00,RJPN-010-3,RJPN-010,Band 3 (1800MHz),-100.0,-15.4,5.4,11.4,1.0,0.0
2026-07-15 04:00:00,RJPN-011-1,RJPN-011,Band 1 (2100MHz),-98.9,-13.6,8.2,11.4,5.8,15.1
2026-07-15 04:00:00,RJPN-011-2,RJPN-011,Band 1 (2100MHz),-85.4,-5.7,13.0,3.3,4.9,38.6
2026-07-15 04:00:00,RJPN-011-3,RJPN-011,Band 1 (2100MHz),-83.4,-8.4,17.9,14.1,8.4,0.0
2026-07-15 05:00:00,RJPN-001-1,RJPN-001,Band 1 (2100MHz),-84.6,-8.3,14.1,14.5,4.4,0.0
2026-07-15 05:00:00,RJPN-001-2,RJPN-001,Band 1 (2100MHz),-88.3,-5.9,14.5,18.1,0.0,26.9
2026-07-15 05:00:00,RJPN-001-3,RJPN-001,Band 1 (2100MHz),-85.2,-9.4,7.8,15.1,25.9,28.5
2026-07-15 05:00:00,RJPN-002-1,RJPN-002,Band 3 (1800MHz),-103.3,-12.1,-0.9,16.0,0.0,26.4
2026-07-15 05:00:00,RJPN-002-2,RJPN-002,Band 3 (1800MHz),-85.8,-8.6,11.4,8.9,14.3,32.2
2026-07-15 05:00:00,RJPN-002-3,RJPN-002,Band 3 (1800MHz),-89.1,-11.1,9.8,5.2,0.0,8.3
2026-07-15 05:00:00,RJPN-003-1,RJPN-003,Band 1 (2100MHz),-83.2,-2.8,12.9,1.9,0.0,0.0
2026-07-15 05:00:00,RJPN-003-2,RJPN-003,Band 1 (2100MHz),-91.5,-9.6,7.7,16.1,12.4,52.4
2026-07-15 05:00:00,RJPN-003-3,RJPN-003,Band 1 (2100MHz),-87.4,-11.7,10.1,11.9,14.4,0.0
2026-07-15 05:00:00,RJPN-004-1,RJPN-004,Band 3 (1800MHz),-90.5,-9.9,16.4,9.0,5.0,38.2
2026-07-15 05:00:00,RJPN-004-2,RJPN-004,Band 3 (1800MHz),-94.1,-5.9,5.8,5.8,1.8,19.8
2026-07-15 05:00:00,RJPN-004-3,RJPN-004,Band 3 (1800MHz),-78.9,-7.6,13.5,13.4,13.6,27.7
2026-07-15 05:00:00,RJPN-005-1,RJPN-005,Band 1 (2100MHz),-86.8,-6.6,18.8,27.3,0.5,27.2
2026-07-15 05:00:00,RJPN-005-2,RJPN-005,Band 1 (2100MHz),-87.4,-9.8,11.7,11.8,18.4,39.7
2026-07-15 05:00:00,RJPN-005-3,RJPN-005,Band 1 (2100MHz),-94.9,-7.2,16.3,0.0,0.0,0.0
2026-07-15 05:00:00,RJPN-006-1,RJPN-006,Band 3 (1800MHz),-91.5,-7.6,15.2,16.5,0.0,0.0
2026-07-15 05:00:00,RJPN-006-2,RJPN-006,Band 3 (1800MHz),-82.8,-6.1,12.2,21.8,1.2,17.7
2026-07-15 05:00:00,RJPN-006-3,RJPN-006,Band 3 (1800MHz),-85.1,-6.4,9.1,7.4,10.3,0.0
2026-07-15 05:00:00,RJPN-007-1,RJPN-007,Band 1 (2100MHz),-84.6,-9.5,9.2,13.6,0.0,4.7
2026-07-15 05:00:00,RJPN-007-2,RJPN-007,Band 1 (2100MHz),-77.7,-8.0,25.3,0.0,8.5,0.0
2026-07-15 05:00:00,RJPN-007-3,RJPN-007,Band 1 (2100MHz),-88.5,-3.7,11.4,10.6,4.1,11.6
2026-07-15 05:00:00,RJPN-008-1,RJPN-008,Band 3 (1800MHz),-87.1,-8.7,11.6,34.9,12.3,33.7
2026-07-15 05:00:00,RJPN-008-2,RJPN-008,Band 3 (1800MHz),-85.6,-6.2,15.3,0.0,1.3,29.5
2026-07-15 05:00:00,RJPN-008-3,RJPN-008,Band 3 (1800MHz),-92.7,-3.7,5.0,0.0,10.3,5.9
2026-07-15 05:00:00,RJPN-009-1,RJPN-009,Band 1 (2100MHz),-84.5,-11.1,23.3,0.0,15.3,15.9
2026-07-15 05:00:00,RJPN-009-2,RJPN-009,Band 1 (2100MHz),-91.5,-10.7,9.9,9.8,17.1,17.4
2026-07-15 05:00:00,RJPN-009-3,RJPN-009,Band 1 (2100MHz),-92.1,-7.2,10.1,29.6,7.8,22.3
2026-07-15 05:00:00,RJPN-010-1,RJPN-010,Band 3 (1800MHz),-85.1,-8.9,9.2,9.5,0.0,0.0
2026-07-15 05:00:00,RJPN-010-2,RJPN-010,Band 3 (1800MHz),-86.8,-8.7,14.0,0.0,18.6,25.8
2026-07-15 05:00:00,RJPN-010-3,RJPN-010,Band 3 (1800MHz),-110.3,-15.3,-6.7,0.0,1.8,4.1
2026-07-15 05:00:00,RJPN-011-1,RJPN-011,Band 1 (2100MHz),-103.7,-11.0,3.0,32.9,0.7,9.2
2026-07-15 05:00:00,RJPN-011-2,RJPN-011,Band 1 (2100MHz),-85.7,-8.9,9.6,7.6,14.6,0.0
2026-07-15 05:00:00,RJPN-011-3,RJPN-011,Band 1 (2100MHz),-80.1,-7.6,12.7,20.1,0.0,0.0
2026-07-15 06:00:00,RJPN-001-1,RJPN-001,Band 1 (2100MHz),-92.0,-9.9,21.3,12.0,8.2,31.9
2026-07-15 06:00:00,RJPN-001-2,RJPN-001,Band 1 (2100MHz),-84.9,-5.0,10.8,11.8,21.1,17.0
2026-07-15 06:00:00,RJPN-001-3,RJPN-001,Band 1 (2100MHz),-87.0,-8.8,26.7,5.6,5.6,37.8
2026-07-15 06:00:00,RJPN-002-1,RJPN-002,Band 3 (1800MHz),-97.0,-10.3,-4.8,2.4,0.5,31.6
2026-07-15 06:00:00,RJPN-002-2,RJPN-002,Band 3 (1800MHz),-88.2,-6.8,14.3,13.9,5.9,57.3
2026-07-15 06:00:00,RJPN-002-3,RJPN-002,Band 3 (1800MHz),-89.1,-9.0,8.9,35.7,20.8,8.7
2026-07-15 06:00:00,RJPN-003-1,RJPN-003,Band 1 (2100MHz),-83.2,-9.1,4.6,20.6,16.5,46.7
2026-07-15 06:00:00,RJPN-003-2,RJPN-003,Band 1 (2100MHz),-91.4,-7.6,7.3,14.2,3.3,0.0
2026-07-15 06:00:00,RJPN-003-3,RJPN-003,Band 1 (2100MHz),-85.5,-9.1,16.0,7.3,14.1,14.4
2026-07-15 06:00:00,RJPN-004-1,RJPN-004,Band 3 (1800MHz),-88.2,-6.8,13.4,6.1,4.0,5.6
2026-07-15 06:00:00,RJPN-004-2,RJPN-004,Band 3 (1800MHz),-92.2,-10.1,4.1,24.9,16.2,72.3
2026-07-15 06:00:00,RJPN-004-3,RJPN-004,Band 3 (1800MHz),-89.0,-8.1,17.5,34.6,19.4,26.3
2026-07-15 06:00:00,RJPN-005-1,RJPN-005,Band 1 (2100MHz),-86.8,-11.3,16.1,23.5,7.7,58.6
2026-07-15 06:00:00,RJPN-005-2,RJPN-005,Band 1 (2100MHz),-90.0,-7.2,16.4,3.6,16.4,1.3
2026-07-15 06:00:00,RJPN-005-3,RJPN-005,Band 1 (2100MHz),-87.6,-6.7,14.2,13.5,13.3,32.7
2026-07-15 06:00:00,RJPN-006-1,RJPN-006,Band 3 (1800MHz),-88.2,-7.1,10.1,13.1,0.0,18.9
2026-07-15 06:00:00,RJPN-006-2,RJPN-006,Band 3 (1800MHz),-91.7,-8.1,11.3,17.4,3.0,43.9
2026-07-15 06:00:00,RJPN-006-3,RJPN-006,Band 3 (1800MHz),-87.6,-9.0,14.5,0.6,13.4,38.6
2026-07-15 06:00:00,RJPN-007-1,RJPN-007,Band 1 (2100MHz),-90.7,-6.8,16.4,30.4,0.0,38.7
2026-07-15 06:00:00,RJPN-007-2,RJPN-007,Band 1 (2100MHz),-90.5,-7.0,12.1,10.3,4.6,31.5
2026-07-15 06:00:00,RJPN-007-3,RJPN-007,Band 1 (2100MHz),-92.3,-9.6,15.5,12.0,9.8,18.3
2026-07-15 06:00:00,RJPN-008-1,RJPN-008,Band 3 (1800MHz),-76.8,-7.6,17.7,19.5,5.4,38.2
2026-07-15 06:00:00,RJPN-008-2,RJPN-008,Band 3 (1800MHz),-85.6,-6.2,21.3,11.6,0.0,52.9
2026-07-15 06:00:00,RJPN-008-3,RJPN-008,Band 3 (1800MHz),-95.4,-9.0,10.2,30.0,8.5,38.5
2026-07-15 06:00:00,RJPN-009-1,RJPN-009,Band 1 (2100MHz),-94.0,-10.9,6.8,23.7,0.8,49.0
2026-07-15 06:00:00,RJPN-009-2,RJPN-009,Band 1 (2100MHz),-82.6,-9.5,14.8,12.0,18.7,44.5
2026-07-15 06:00:00,RJPN-009-3,RJPN-009,Band 1 (2100MHz),-89.6,-10.0,7.4,25.6,13.3,41.6
2026-07-15 06:00:00,RJPN-010-1,RJPN-010,Band 3 (1800MHz),-85.0,-8.6,16.5,17.0,6.7,49.6
2026-07-15 06:00:00,RJPN-010-2,RJPN-010,Band 3 (1800MHz),-97.7,-5.7,10.2,32.5,9.7,28.6
2026-07-15 06:00:00,RJPN-010-3,RJPN-010,Band 3 (1800MHz),-102.7,-15.3,6.6,58.8,6.4,8.9
2026-07-15 06:00:00,RJPN-011-1,RJPN-011,Band 1 (2100MHz),-103.4,-12.9,7.3,15.6,1.2,57.5
2026-07-15 06:00:00,RJPN-011-2,RJPN-011,Band 1 (2100MHz),-90.5,-12.2,14.0,0.0,20.3,36.4
2026-07-15 06:00:00,RJPN-011-3,RJPN-011,Band 1 (2100MHz),-94.0,-5.0,8.7,39.2,13.8,11.2
2026-07-15 07:00:00,RJPN-001-1,RJPN-001,Band 1 (2100MHz),-90.7,-8.0,7.1,52.5,34.3,88.7
2026-07-15 07:00:00,RJPN-001-2,RJPN-001,Band 1 (2100MHz),-93.5,-8.5,16.5,55.4,24.8,100.1
2026-07-15 07:00:00,RJPN-001-3,RJPN-001,Band 1 (2100MHz),-87.3,-12.6,21.6,56.7,24.9,88.7
2026-07-15 07:00:00,RJPN-002-1,RJPN-002,Band 3 (1800MHz),-98.4,-13.1,1.1,62.2,53.6,119.8
2026-07-15 07:00:00,RJPN-002-2,RJPN-002,Band 3 (1800MHz),-89.4,-9.9,9.4,43.1,23.3,117.8
2026-07-15 07:00:00,RJPN-002-3,RJPN-002,Band 3 (1800MHz),-82.3,-5.1,10.4,62.3,22.1,64.2
2026-07-15 07:00:00,RJPN-003-1,RJPN-003,Band 1 (2100MHz),-87.2,-10.9,14.5,78.8,33.1,62.5
2026-07-15 07:00:00,RJPN-003-2,RJPN-003,Band 1 (2100MHz),-84.6,-9.5,19.4,68.5,59.2,92.4
2026-07-15 07:00:00,RJPN-003-3,RJPN-003,Band 1 (2100MHz),-88.8,-9.3,7.7,43.4,44.5,108.4
2026-07-15 07:00:00,RJPN-004-1,RJPN-004,Band 3 (1800MHz),-82.5,-12.4,24.0,49.5,46.3,56.7
2026-07-15 07:00:00,RJPN-004-2,RJPN-004,Band 3 (1800MHz),-85.6,-10.3,10.8,60.8,32.8,69.3
2026-07-15 07:00:00,RJPN-004-3,RJPN-004,Band 3 (1800MHz),-95.1,-11.3,19.1,51.8,32.9,72.8
2026-07-15 07:00:00,RJPN-005-1,RJPN-005,Band 1 (2100MHz),-84.1,-10.5,13.2,62.3,23.5,87.6
2026-07-15 07:00:00,RJPN-005-2,RJPN-005,Band 1 (2100MHz),-89.3,-12.3,16.5,39.7,42.9,48.2
2026-07-15 07:00:00,RJPN-005-3,RJPN-005,Band 1 (2100MHz),-84.5,-12.5,16.3,54.1,32.3,101.7
2026-07-15 07:00:00,RJPN-006-1,RJPN-006,Band 3 (1800MHz),-89.2,-10.1,16.9,46.8,26.3,95.3
2026-07-15 07:00:00,RJPN-006-2,RJPN-006,Band 3 (1800MHz),-89.8,-9.2,10.9,68.0,25.1,76.2
2026-07-15 07:00:00,RJPN-006-3,RJPN-006,Band 3 (1800MHz),-90.0,-9.7,13.9,50.9,46.9,105.2
2026-07-15 07:00:00,RJPN-007-1,RJPN-007,Band 1 (2100MHz),-82.4,-11.9,13.0,66.1,25.9,106.5
2026-07-15 07:00:00,RJPN-007-2,RJPN-007,Band 1 (2100MHz),-86.1,-9.0,11.4,67.1,17.9,115.2
2026-07-15 07:00:00,RJPN-007-3,RJPN-007,Band 1 (2100MHz),-90.0,-13.1,4.4,67.1,22.5,58.1
2026-07-15 07:00:00,RJPN-008-1,RJPN-008,Band 3 (1800MHz),-89.4,-7.2,8.1,55.0,47.6,91.4
2026-07-15 07:00:00,RJPN-008-2,RJPN-008,Band 3 (1800MHz),-88.0,-10.0,10.6,63.5,34.8,72.1
2026-07-15 07:00:00,RJPN-008-3,RJPN-008,Band 3 (1800MHz),-81.8,-11.7,16.3,31.1,35.5,119.6
2026-07-15 07:00:00,RJPN-009-1,RJPN-009,Band 1 (2100MHz),-87.5,-11.6,11.6,62.6,28.9,61.3
2026-07-15 07:00:00,RJPN-009-2,RJPN-009,Band 1 (2100MHz),-83.6,-10.7,10.1,56.0,37.7,108.9
2026-07-15 07:00:00,RJPN-009-3,RJPN-009,Band 1 (2100MHz),-91.8,-7.3,16.5,75.1,34.0,128.5
2026-07-15 07:00:00,RJPN-010-1,RJPN-010,Band 3 (1800MHz),-86.6,-10.2,13.2,59.8,26.8,98.4
2026-07-15 07:00:00,RJPN-010-2,RJPN-010,Band 3 (1800MHz),-85.7,-8.9,11.4,63.1,14.4,98.4
2026-07-15 07:00:00,RJPN-010-3,RJPN-010,Band 3 (1800MHz),-98.9,-13.0,-1.1,46.9,33.5,75.2
2026-07-15 07:00:00,RJPN-011-1,RJPN-011,Band 1 (2100MHz),-102.1,-12.1,11.9,65.8,29.0,104.1
2026-07-15 07:00:00,RJPN-011-2,RJPN-011,Band 1 (2100MHz),-79.2,-8.5,12.7,64.5,36.1,111.2
2026-07-15 07:00:00,RJPN-011-3,RJPN-011,Band 1 (2100MHz),-88.9,-12.1,10.2,52.8,29.5,62.0
2026-07-15 08:00:00,RJPN-001-1,RJPN-001,Band 1 (2100MHz),-92.7,-9.2,16.8,94.5,33.9,116.8
2026-07-15 08:00:00,RJPN-001-2,RJPN-001,Band 1 (2100MHz),-94.8,-13.1,9.6,73.5,40.0,123.2
2026-07-15 08:00:00,RJPN-001-3,RJPN-001,Band 1 (2100MHz),-84.8,-12.5,17.2,68.0,45.2,107.0
2026-07-15 08:00:00,RJPN-002-1,RJPN-002,Band 3 (1800MHz),-100.8,-17.4,6.9,67.6,64.1,103.2
2026-07-15 08:00:00,RJPN-002-2,RJPN-002,Band 3 (1800MHz),-87.9,-9.3,13.4,80.7,52.3,118.6
2026-07-15 08:00:00,RJPN-002-3,RJPN-002,Band 3 (1800MHz),-84.2,-13.5,12.7,80.5,50.5,158.8
2026-07-15 08:00:00,RJPN-003-1,RJPN-003,Band 1 (2100MHz),-94.1,-8.6,12.4,70.4,30.9,128.8
2026-07-15 08:00:00,RJPN-003-2,RJPN-003,Band 1 (2100MHz),-91.2,-10.9,9.8,65.1,28.2,91.2
2026-07-15 08:00:00,RJPN-003-3,RJPN-003,Band 1 (2100MHz),-88.6,-13.1,11.8,67.0,34.8,128.3
2026-07-15 08:00:00,RJPN-004-1,RJPN-004,Band 3 (1800MHz),-88.0,-10.9,14.9,83.5,33.1,140.4
2026-07-15 08:00:00,RJPN-004-2,RJPN-004,Band 3 (1800MHz),-92.2,-15.3,11.1,55.2,35.2,117.7
2026-07-15 08:00:00,RJPN-004-3,RJPN-004,Band 3 (1800MHz),-83.6,-10.7,23.8,78.9,43.0,127.4
2026-07-15 08:00:00,RJPN-005-1,RJPN-005,Band 1 (2100MHz),-86.7,-11.5,16.7,59.3,28.2,77.4
2026-07-15 08:00:00,RJPN-005-2,RJPN-005,Band 1 (2100MHz),-87.5,-13.5,17.6,58.4,37.9,71.0
2026-07-15 08:00:00,RJPN-005-3,RJPN-005,Band 1 (2100MHz),-87.9,-12.5,11.1,82.4,36.2,138.9
2026-07-15 08:00:00,RJPN-006-1,RJPN-006,Band 3 (1800MHz),-92.9,-8.3,20.3,69.7,49.6,124.0
2026-07-15 08:00:00,RJPN-006-2,RJPN-006,Band 3 (1800MHz),-82.8,-11.1,9.9,45.9,43.2,105.5
2026-07-15 08:00:00,RJPN-006-3,RJPN-006,Band 3 (1800MHz),-87.9,-11.5,6.9,73.1,33.1,109.0
2026-07-15 08:00:00,RJPN-007-1,RJPN-007,Band 1 (2100MHz),-88.9,-9.8,10.5,61.6,37.4,140.1
2026-07-15 08:00:00,RJPN-007-2,RJPN-007,Band 1 (2100MHz),-91.1,-12.7,3.5,71.7,58.1,101.8
2026-07-15 08:00:00,RJPN-007-3,RJPN-007,Band 1 (2100MHz),-79.4,-7.6,19.6,58.8,45.2,98.0
2026-07-15 08:00:00,RJPN-008-1,RJPN-008,Band 3 (1800MHz),-85.3,-9.4,22.8,76.0,48.5,86.1
2026-07-15 08:00:00,RJPN-008-2,RJPN-008,Band 3 (1800MHz),-77.6,-12.0,9.4,77.6,39.0,105.8
2026-07-15 08:00:00,RJPN-008-3,RJPN-008,Band 3 (1800MHz),-88.6,-14.8,4.8,61.6,28.1,157.1
2026-07-15 08:00:00,RJPN-009-1,RJPN-009,Band 1 (2100MHz),-84.9,-8.5,15.5,67.6,47.7,130.9
2026-07-15 08:00:00,RJPN-009-2,RJPN-009,Band 1 (2100MHz),-86.7,-10.7,3.6,80.8,54.4,117.8
2026-07-15 08:00:00,RJPN-009-3,RJPN-009,Band 1 (2100MHz),-86.9,-10.2,9.1,64.0,35.8,174.8
2026-07-15 08:00:00,RJPN-010-1,RJPN-010,Band 3 (1800MHz),-85.1,-10.4,8.3,55.5,48.3,97.4
2026-07-15 08:00:00,RJPN-010-2,RJPN-010,Band 3 (1800MHz),-82.8,-6.5,13.3,68.9,39.8,135.1
2026-07-15 08:00:00,RJPN-010-3,RJPN-010,Band 3 (1800MHz),-100.7,-15.0,2.9,70.7,42.1,115.5
2026-07-15 08:00:00,RJPN-011-1,RJPN-011,Band 1 (2100MHz),-99.1,-21.0,7.8,67.0,54.1,82.0
2026-07-15 08:00:00,RJPN-011-2,RJPN-011,Band 1 (2100MHz),-84.3,-13.9,11.8,71.5,47.8,102.0
2026-07-15 08:00:00,RJPN-011-3,RJPN-011,Band 1 (2100MHz),-91.0,-9.2,10.2,65.8,45.7,142.8
2026-07-15 09:00:00,RJPN-001-1,RJPN-001,Band 1 (2100MHz),-89.5,-8.5,2.3,64.8,30.4,89.6
2026-07-15 09:00:00,RJPN-001-2,RJPN-001,Band 1 (2100MHz),-83.7,-11.5,20.6,59.9,36.6,98.9
2026-07-15 09:00:00,RJPN-001-3,RJPN-001,Band 1 (2100MHz),-86.3,-10.1,18.2,45.2,34.8,114.2
2026-07-15 09:00:00,RJPN-002-1,RJPN-002,Band 3 (1800MHz),-97.4,-18.2,10.0,63.5,30.8,102.2
2026-07-15 09:00:00,RJPN-002-2,RJPN-002,Band 3 (1800MHz),-88.9,-10.3,17.0,53.7,39.6,77.6
2026-07-15 09:00:00,RJPN-002-3,RJPN-002,Band 3 (1800MHz),-87.2,-12.2,7.6,44.2,41.1,47.9
2026-07-15 09:00:00,RJPN-003-1,RJPN-003,Band 1 (2100MHz),-88.6,-9.3,16.1,65.2,24.2,79.3
2026-07-15 09:00:00,RJPN-003-2,RJPN-003,Band 1 (2100MHz),-86.8,-9.2,7.1,46.7,22.9,83.9
2026-07-15 09:00:00,RJPN-003-3,RJPN-003,Band 1 (2100MHz),-91.3,-12.9,13.2,47.4,30.1,70.6
2026-07-15 09:00:00,RJPN-004-1,RJPN-004,Band 3 (1800MHz),-84.1,-9.9,11.5,54.2,32.3,101.5
2026-07-15 09:00:00,RJPN-004-2,RJPN-004,Band 3 (1800MHz),-85.0,-5.2,8.0,71.0,23.0,103.8
2026-07-15 09:00:00,RJPN-004-3,RJPN-004,Band 3 (1800MHz),-83.6,-11.2,9.5,58.2,52.6,107.6
2026-07-15 09:00:00,RJPN-005-1,RJPN-005,Band 1 (2100MHz),-86.3,-9.3,11.0,54.9,30.8,117.9
2026-07-15 09:00:00,RJPN-005-2,RJPN-005,Band 1 (2100MHz),-87.9,-7.1,20.5,46.5,44.4,116.7
2026-07-15 09:00:00,RJPN-005-3,RJPN-005,Band 1 (2100MHz),-88.9,-13.7,15.7,57.2,36.2,112.8
2026-07-15 09:00:00,RJPN-006-1,RJPN-006,Band 3 (1800MHz),-80.5,-9.0,13.6,27.7,26.6,66.6
2026-07-15 09:00:00,RJPN-006-2,RJPN-006,Band 3 (1800MHz),-92.4,-5.3,22.2,61.3,14.4,93.9
2026-07-15 09:00:00,RJPN-006-3,RJPN-006,Band 3 (1800MHz),-86.1,-9.1,12.6,58.0,42.7,77.3
2026-07-15 09:00:00,RJPN-007-1,RJPN-007,Band 1 (2100MHz),-90.7,-11.4,14.3,37.0,35.4,71.5
2026-07-15 09:00:00,RJPN-007-2,RJPN-007,Band 1 (2100MHz),-91.6,-9.5,18.0,50.4,23.9,67.2
2026-07-15 09:00:00,RJPN-007-3,RJPN-007,Band 1 (2100MHz),-82.5,-8.1,11.4,43.4,29.0,79.1
2026-07-15 09:00:00,RJPN-008-1,RJPN-008,Band 3 (1800MHz),-77.6,-12.2,5.4,57.9,35.7,74.8
2026-07-15 09:00:00,RJPN-008-2,RJPN-008,Band 3 (1800MHz),-83.6,-10.0,22.5,39.3,27.7,89.1
2026-07-15 09:00:00,RJPN-008-3,RJPN-008,Band 3 (1800MHz),-89.6,-9.4,19.7,70.7,28.8,82.4
2026-07-15 09:00:00,RJPN-009-1,RJPN-009,Band 1 (2100MHz),-87.7,-10.0,10.2,65.0,38.1,94.9
2026-07-15 09:00:00,RJPN-009-2,RJPN-009,Band 1 (2100MHz),-88.3,-9.1,15.8,54.3,43.4,92.4
2026-07-15 09:00:00,RJPN-009-3,RJPN-009,Band 1 (2100MHz),-86.1,-11.0,9.5,63.8,44.7,86.3
2026-07-15 09:00:00,RJPN-010-1,RJPN-010,Band 3 (1800MHz),-89.0,-9.7,19.9,29.5,34.5,65.4
2026-07-15 09:00:00,RJPN-010-2,RJPN-010,Band 3 (1800MHz),-82.8,-8.9,8.5,61.6,29.4,71.1
2026-07-15 09:00:00,RJPN-010-3,RJPN-010,Band 3 (1800MHz),-104.8,-15.3,15.4,71.8,22.9,54.1
2026-07-15 09:00:00,RJPN-011-1,RJPN-011,Band 1 (2100MHz),-98.4,-11.6,-1.2,50.4,26.1,102.7
2026-07-15 09:00:00,RJPN-011-2,RJPN-011,Band 1 (2100MHz),-83.0,-10.3,10.2,63.0,29.5,78.4
2026-07-15 09:00:00,RJPN-011-3,RJPN-011,Band 1 (2100MHz),-94.8,-6.7,1.0,71.9,34.1,83.5
2026-07-15 10:00:00,RJPN-001-1,RJPN-001,Band 1 (2100MHz),-80.6,-9.6,15.9,8.2,5.3,74.3
2026-07-15 10:00:00,RJPN-001-2,RJPN-001,Band 1 (2100MHz),-90.2,-8.2,7.6,3.3,9.7,47.6
2026-07-15 10:00:00,RJPN-001-3,RJPN-001,Band 1 (2100MHz),-76.8,-9.0,15.5,12.1,12.3,20.0
2026-07-15 10:00:00,RJPN-002-1,RJPN-002,Band 3 (1800MHz),-99.9,-12.5,2.4,10.5,13.0,57.9
2026-07-15 10:00:00,RJPN-002-2,RJPN-002,Band 3 (1800MHz),-83.4,-7.8,13.4,14.8,9.6,27.5
2026-07-15 10:00:00,RJPN-002-3,RJPN-002,Band 3 (1800MHz),-84.8,-9.3,20.4,0.0,0.0,31.4
2026-07-15 10:00:00,RJPN-003-1,RJPN-003,Band 1 (2100MHz),-85.8,-9.5,8.1,32.7,17.3,21.5
2026-07-15 10:00:00,RJPN-003-2,RJPN-003,Band 1 (2100MHz),-85.0,-8.8,12.2,17.0,0.0,0.0
2026-07-15 10:00:00,RJPN-003-3,RJPN-003,Band 1 (2100MHz),-89.2,-10.1,21.1,22.7,8.1,18.3
2026-07-15 10:00:00,RJPN-004-1,RJPN-004,Band 3 (1800MHz),-79.8,-9.5,15.4,17.4,3.5,12.5
2026-07-15 10:00:00,RJPN-004-2,RJPN-004,Band 3 (1800MHz),-92.3,-8.2,7.7,33.5,1.4,36.2
2026-07-15 10:00:00,RJPN-004-3,RJPN-004,Band 3 (1800MHz),-86.8,-9.1,15.4,19.9,15.8,48.2
2026-07-15 10:00:00,RJPN-005-1,RJPN-005,Band 1 (2100MHz),-82.3,-8.6,8.1,9.1,12.5,30.3
2026-07-15 10:00:00,RJPN-005-2,RJPN-005,Band 1 (2100MHz),-86.2,-10.1,15.0,27.8,0.0,0.0
2026-07-15 10:00:00,RJPN-005-3,RJPN-005,Band 1 (2100MHz),-83.8,-6.5,14.1,21.7,13.7,7.1
2026-07-15 10:00:00,RJPN-006-1,RJPN-006,Band 3 (1800MHz),-87.3,-12.3,10.9,17.8,16.0,33.3
2026-07-15 10:00:00,RJPN-006-2,RJPN-006,Band 3 (1800MHz),-89.2,-4.8,14.5,25.5,17.8,38.7
2026-07-15 10:00:00,RJPN-006-3,RJPN-006,Band 3 (1800MHz),-85.3,-10.9,13.3,25.9,17.3,41.9
2026-07-15 10:00:00,RJPN-007-1,RJPN-007,Band 1 (2100MHz),-88.3,-8.8,18.6,16.0,13.4,33.3
2026-07-15 10:00:00,RJPN-007-2,RJPN-007,Band 1 (2100MHz),-85.8,-10.7,19.6,37.2,19.9,46.3
2026-07-15 10:00:00,RJPN-007-3,RJPN-007,Band 1 (2100MHz),-86.2,-5.5,16.3,25.1,11.1,42.9
2026-07-15 10:00:00,RJPN-008-1,RJPN-008,Band 3 (1800MHz),-87.5,-11.4,21.7,8.4,6.1,41.9
2026-07-15 10:00:00,RJPN-008-2,RJPN-008,Band 3 (1800MHz),-88.5,-5.6,10.8,13.0,17.6,2.8
2026-07-15 10:00:00,RJPN-008-3,RJPN-008,Band 3 (1800MHz),-83.8,-4.4,17.6,5.7,4.6,34.1
2026-07-15 10:00:00,RJPN-009-1,RJPN-009,Band 1 (2100MHz),-86.6,-8.4,7.5,42.7,19.8,36.8
2026-07-15 10:00:00,RJPN-009-2,RJPN-009,Band 1 (2100MHz),-81.5,-8.5,21.0,18.6,3.3,18.9
2026-07-15 10:00:00,RJPN-009-3,RJPN-009,Band 1 (2100MHz),-87.9,-10.3,3.3,20.9,12.8,0.0
2026-07-15 10:00:00,RJPN-010-1,RJPN-010,Band 3 (1800MHz),-85.9,-7.9,13.0,10.2,11.7,0.0
2026-07-15 10:00:00,RJPN-010-2,RJPN-010,Band 3 (1800MHz),-85.7,-8.2,7.6,13.9,10.0,0.0
2026-07-15 10:00:00,RJPN-010-3,RJPN-010,Band 3 (1800MHz),-105.3,-11.1,-0.7,17.7,0.6,26.6
2026-07-15 10:00:00,RJPN-011-1,RJPN-011,Band 1 (2100MHz),-99.5,-11.3,6.1,0.0,12.4,1.5
2026-07-15 10:00:00,RJPN-011-2,RJPN-011,Band 1 (2100MHz),-95.0,-9.8,11.7,10.9,15.5,24.5
2026-07-15 10:00:00,RJPN-011-3,RJPN-011,Band 1 (2100MHz),-87.1,-6.6,17.7,8.1,1.8,17.0
2026-07-15 11:00:00,RJPN-001-1,RJPN-001,Band 1 (2100MHz),-88.0,-12.8,21.5,37.5,28.4,99.8
2026-07-15 11:00:00,RJPN-001-2,RJPN-001,Band 1 (2100MHz),-94.0,-12.2,15.9,58.1,35.1,90.9
2026-07-15 11:00:00,RJPN-001-3,RJPN-001,Band 1 (2100MHz),-93.6,-11.8,12.0,47.8,15.0,52.0
2026-07-15 11:00:00,RJPN-002-1,RJPN-002,Band 3 (1800MHz),-97.5,-10.9,3.6,41.1,13.7,91.7
2026-07-15 11:00:00,RJPN-002-2,RJPN-002,Band 3 (1800MHz),-82.9,-9.8,26.5,70.7,30.6,91.4
2026-07-15 11:00:00,RJPN-002-3,RJPN-002,Band 3 (1800MHz),-86.1,-11.1,14.7,53.1,20.1,84.0
2026-07-15 11:00:00,RJPN-003-1,RJPN-003,Band 1 (2100MHz),-85.0,-7.3,15.4,65.4,27.7,92.8
2026-07-15 11:00:00,RJPN-003-2,RJPN-003,Band 1 (2100MHz),-86.6,-8.1,10.7,38.7,39.2,109.3
2026-07-15 11:00:00,RJPN-003-3,RJPN-003,Band 1 (2100MHz),-84.4,-8.5,17.1,57.1,10.2,101.4
2026-07-15 11:00:00,RJPN-004-1,RJPN-004,Band 3 (1800MHz),-81.9,-8.7,12.0,25.4,27.7,79.1
2026-07-15 11:00:00,RJPN-004-2,RJPN-004,Band 3 (1800MHz),-87.2,-8.5,17.0,53.6,47.4,80.2
2026-07-15 11:00:00,RJPN-004-3,RJPN-004,Band 3 (1800MHz),-85.9,-11.2,14.5,46.0,47.4,70.8
2026-07-15 11:00:00,RJPN-005-1,RJPN-005,Band 1 (2100MHz),-85.0,-9.4,4.7,25.3,42.6,59.5
2026-07-15 11:00:00,RJPN-005-2,RJPN-005,Band 1 (2100MHz),-87.0,-11.0,10.4,57.6,37.5,52.3
2026-07-15 11:00:00,RJPN-005-3,RJPN-005,Band 1 (2100MHz),-79.9,-9.1,4.3,47.4,40.1,98.4
2026-07-15 11:00:00,RJPN-006-1,RJPN-006,Band 3 (1800MHz),-86.5,-11.0,14.4,43.7,29.2,115.9
2026-07-15 11:00:00,RJPN-006-2,RJPN-006,Band 3 (1800MHz),-81.4,-6.9,11.3,46.2,23.1,48.4
2026-07-15 11:00:00,RJPN-006-3,RJPN-006,Band 3 (1800MHz),-86.3,-8.3,17.4,41.5,29.1,79.5
2026-07-15 11:00:00,RJPN-007-1,RJPN-007,Band 1 (2100MHz),-88.5,-6.2,6.6,52.2,17.1,37.3
2026-07-15 11:00:00,RJPN-007-2,RJPN-007,Band 1 (2100MHz),-82.6,-10.9,16.5,51.8,40.3,59.5
2026-07-15 11:00:00,RJPN-007-3,RJPN-007,Band 1 (2100MHz),-89.3,-12.4,14.5,43.4,20.3,50.0
2026-07-15 11:00:00,RJPN-008-1,RJPN-008,Band 3 (1800MHz),-82.8,-11.2,12.6,29.5,28.9,60.3
2026-07-15 11:00:00,RJPN-008-2,RJPN-008,Band 3 (1800MHz),-83.4,-13.9,3.6,34.2,23.6,53.3
2026-07-15 11:00:00,RJPN-008-3,RJPN-008,Band 3 (1800MHz),-91.3,-14.7,18.3,56.7,32.7,41.7
2026-07-15 11:00:00,RJPN-009-1,RJPN-009,Band 1 (2100MHz),-86.6,-10.7,13.3,43.0,37.1,104.1
2026-07-15 11:00:00,RJPN-009-2,RJPN-009,Band 1 (2100MHz),-89.2,-10.6,13.5,67.6,19.3,45.3
2026-07-15 11:00:00,RJPN-009-3,RJPN-009,Band 1 (2100MHz),-88.3,-11.2,13.6,62.3,26.0,41.1
2026-07-15 11:00:00,RJPN-010-1,RJPN-010,Band 3 (1800MHz),-85.0,-7.1,18.7,70.9,40.3,110.6
2026-07-15 11:00:00,RJPN-010-2,RJPN-010,Band 3 (1800MHz),-92.0,-10.6,18.6,32.6,16.5,81.0
2026-07-15 11:00:00,RJPN-010-3,RJPN-010,Band 3 (1800MHz),-99.4,-15.2,15.5,40.9,21.7,87.3
2026-07-15 11:00:00,RJPN-011-1,RJPN-011,Band 1 (2100MHz),-108.4,-14.2,12.0,54.8,29.7,68.9
2026-07-15 11:00:00,RJPN-011-2,RJPN-011,Band 1 (2100MHz),-86.5,-10.8,11.1,36.3,26.6,84.4
2026-07-15 11:00:00,RJPN-011-3,RJPN-011,Band 1 (2100MHz),-84.3,-9.4,7.2,48.1,18.3,73.9
2026-07-15 12:00:00,RJPN-001-1,RJPN-001,Band 1 (2100MHz),-86.2,-9.7,5.2,48.5,40.1,31.6
2026-07-15 12:00:00,RJPN-001-2,RJPN-001,Band 1 (2100MHz),-82.3,-10.6,6.7,49.4,34.8,100.4
2026-07-15 12:00:00,RJPN-001-3,RJPN-001,Band 1 (2100MHz),-87.2,-11.7,14.5,63.7,23.4,87.3
2026-07-15 12:00:00,RJPN-002-1,RJPN-002,Band 3 (1800MHz),-99.0,-16.3,4.0,45.3,23.4,43.7
2026-07-15 12:00:00,RJPN-002-2,RJPN-002,Band 3 (1800MHz),-82.0,-12.4,4.0,53.2,40.0,116.2
2026-07-15 12:00:00,RJPN-002-3,RJPN-002,Band 3 (1800MHz),-82.6,-12.7,11.5,50.7,34.1,61.6
2026-07-15 12:00:00,RJPN-003-1,RJPN-003,Band 1 (2100MHz),-86.5,-13.1,13.5,68.0,32.5,71.0
2026-07-15 12:00:00,RJPN-003-2,RJPN-003,Band 1 (2100MHz),-94.8,-8.7,17.4,63.5,25.6,93.5
2026-07-15 12:00:00,RJPN-003-3,RJPN-003,Band 1 (2100MHz),-85.6,-12.3,20.2,60.8,13.9,82.4
2026-07-15 12:00:00,RJPN-004-1,RJPN-004,Band 3 (1800MHz),-82.0,-10.2,12.8,32.3,25.2,51.6
2026-07-15 12:00:00,RJPN-004-2,RJPN-004,Band 3 (1800MHz),-86.4,-10.2,18.8,52.0,20.8,17.6
2026-07-15 12:00:00,RJPN-004-3,RJPN-004,Band 3 (1800MHz),-90.4,-8.9,12.7,29.2,18.7,46.2
2026-07-15 12:00:00,RJPN-005-1,RJPN-005,Band 1 (2100MHz),-89.7,-9.3,13.5,45.3,29.8,39.1
2026-07-15 12:00:00,RJPN-005-2,RJPN-005,Band 1 (2100MHz),-80.3,-7.5,6.7,54.5,42.7,77.9
2026-07-15 12:00:00,RJPN-005-3,RJPN-005,Band 1 (2100MHz),-86.6,-11.6,21.3,45.5,16.6,46.5
2026-07-15 12:00:00,RJPN-006-1,RJPN-006,Band 3 (1800MHz),-92.3,-10.0,15.1,50.4,14.9,46.1
2026-07-15 12:00:00,RJPN-006-2,RJPN-006,Band 3 (1800MHz),-86.0,-8.7,13.6,52.4,21.5,91.9
2026-07-15 12:00:00,RJPN-006-3,RJPN-006,Band 3 (1800MHz),-84.4,-12.4,9.0,51.8,35.3,113.1
2026-07-15 12:00:00,RJPN-007-1,RJPN-007,Band 1 (2100MHz),-83.7,-7.3,4.4,58.3,26.2,84.4
2026-07-15 12:00:00,RJPN-007-2,RJPN-007,Band 1 (2100MHz),-83.0,-10.3,17.7,37.0,32.9,78.4
2026-07-15 12:00:00,RJPN-007-3,RJPN-007,Band 1 (2100MHz),-88.1,-11.7,10.3,56.5,21.6,80.9
2026-07-15 12:00:00,RJPN-008-1,RJPN-008,Band 3 (1800MHz),-84.6,-11.0,9.6,30.4,26.0,94.9
2026-07-15 12:00:00,RJPN-008-2,RJPN-008,Band 3 (1800MHz),-87.3,-10.2,9.9,38.8,20.4,78.6
2026-07-15 12:00:00,RJPN-008-3,RJPN-008,Band 3 (1800MHz),-87.6,-8.9,19.3,62.9,35.2,78.6
2026-07-15 12:00:00,RJPN-009-1,RJPN-009,Band 1 (2100MHz),-86.1,-12.0,11.4,53.4,21.7,82.6
2026-07-15 12:00:00,RJPN-009-2,RJPN-009,Band 1 (2100MHz),-84.2,-9.8,16.5,43.4,16.6,90.8
2026-07-15 12:00:00,RJPN-009-3,RJPN-009,Band 1 (2100MHz),-88.3,-6.4,21.8,45.0,33.0,93.1
2026-07-15 12:00:00,RJPN-010-1,RJPN-010,Band 3 (1800MHz),-92.2,-11.7,19.1,51.9,31.9,110.2
2026-07-15 12:00:00,RJPN-010-2,RJPN-010,Band 3 (1800MHz),-88.4,-12.1,11.9,42.7,28.3,83.9
2026-07-15 12:00:00,RJPN-010-3,RJPN-010,Band 3 (1800MHz),-101.0,-16.6,11.3,54.3,29.2,108.6
2026-07-15 12:00:00,RJPN-011-1,RJPN-011,Band 1 (2100MHz),-98.0,-14.6,5.8,37.7,34.9,93.4
2026-07-15 12:00:00,RJPN-011-2,RJPN-011,Band 1 (2100MHz),-83.9,-12.4,13.0,38.9,16.8,68.9
2026-07-15 12:00:00,RJPN-011-3,RJPN-011,Band 1 (2100MHz),-86.7,-6.5,18.5,46.9,21.0,110.8
2026-07-15 13:00:00,RJPN-001-1,RJPN-001,Band 1 (2100MHz),-86.3,-10.0,13.0,57.5,19.2,98.8
2026-07-15 13:00:00,RJPN-001-2,RJPN-001,Band 1 (2100MHz),-84.9,-9.1,19.6,59.0,31.1,63.3
2026-07-15 13:00:00,RJPN-001-3,RJPN-001,Band 1 (2100MHz),-83.0,-8.8,7.3,46.9,32.5,77.4
2026-07-15 13:00:00,RJPN-002-1,RJPN-002,Band 3 (1800MHz),-100.6,-16.1,5.6,66.6,20.7,82.2
2026-07-15 13:00:00,RJPN-002-2,RJPN-002,Band 3 (1800MHz),-87.0,-12.8,16.7,40.6,18.6,98.5
2026-07-15 13:00:00,RJPN-002-3,RJPN-002,Band 3 (1800MHz),-90.2,-10.6,11.1,36.4,32.7,94.9
2026-07-15 13:00:00,RJPN-003-1,RJPN-003,Band 1 (2100MHz),-80.3,-9.4,17.4,40.9,31.5,110.9
2026-07-15 13:00:00,RJPN-003-2,RJPN-003,Band 1 (2100MHz),-93.2,-9.5,11.6,62.8,28.8,72.1
2026-07-15 13:00:00,RJPN-003-3,RJPN-003,Band 1 (2100MHz),-78.5,-11.2,23.7,52.9,20.5,118.5
2026-07-15 13:00:00,RJPN-004-1,RJPN-004,Band 3 (1800MHz),-83.9,-8.5,17.3,42.9,38.6,81.6
2026-07-15 13:00:00,RJPN-004-2,RJPN-004,Band 3 (1800MHz),-84.4,-8.6,20.7,77.6,31.4,108.1
2026-07-15 13:00:00,RJPN-004-3,RJPN-004,Band 3 (1800MHz),-83.0,-9.7,21.6,63.7,31.9,56.8
2026-07-15 13:00:00,RJPN-005-1,RJPN-005,Band 1 (2100MHz),-86.7,-8.2,16.5,56.4,49.7,80.5
2026-07-15 13:00:00,RJPN-005-2,RJPN-005,Band 1 (2100MHz),-87.7,-9.9,17.2,30.0,20.4,86.5
2026-07-15 13:00:00,RJPN-005-3,RJPN-005,Band 1 (2100MHz),-81.7,-13.1,25.4,55.1,26.1,107.5
2026-07-15 13:00:00,RJPN-006-1,RJPN-006,Band 3 (1800MHz),-88.3,-5.7,18.8,46.5,22.6,96.1
2026-07-15 13:00:00,RJPN-006-2,RJPN-006,Band 3 (1800MHz),-81.8,-9.4,9.4,53.4,20.2,58.5
2026-07-15 13:00:00,RJPN-006-3,RJPN-006,Band 3 (1800MHz),-78.8,-10.6,5.0,41.0,21.2,81.7
2026-07-15 13:00:00,RJPN-007-1,RJPN-007,Band 1 (2100MHz),-81.8,-9.0,5.1,40.0,28.5,76.3
2026-07-15 13:00:00,RJPN-007-2,RJPN-007,Band 1 (2100MHz),-86.6,-11.7,16.7,35.0,32.4,94.3
2026-07-15 13:00:00,RJPN-007-3,RJPN-007,Band 1 (2100MHz),-87.3,-9.5,5.1,61.8,45.5,66.2
2026-07-15 13:00:00,RJPN-008-1,RJPN-008,Band 3 (1800MHz),-81.9,-7.9,11.9,82.1,14.3,116.6
2026-07-15 13:00:00,RJPN-008-2,RJPN-008,Band 3 (1800MHz),-85.1,-11.4,17.5,55.7,23.3,117.0
2026-07-15 13:00:00,RJPN-008-3,RJPN-008,Band 3 (1800MHz),-76.6,-11.3,12.0,55.9,32.9,102.6
2026-07-15 13:00:00,RJPN-009-1,RJPN-009,Band 1 (2100MHz),-87.3,-9.9,14.7,47.3,30.7,82.3
2026-07-15 13:00:00,RJPN-009-2,RJPN-009,Band 1 (2100MHz),-85.3,-5.4,17.0,47.4,18.3,102.3
2026-07-15 13:00:00,RJPN-009-3,RJPN-009,Band 1 (2100MHz),-85.5,-10.8,18.9,53.2,15.4,77.7
2026-07-15 13:00:00,RJPN-010-1,RJPN-010,Band 3 (1800MHz),-90.0,-13.5,15.3,49.5,21.6,73.8
2026-07-15 13:00:00,RJPN-010-2,RJPN-010,Band 3 (1800MHz),-86.9,-6.3,2.6,45.2,32.5,63.6
2026-07-15 13:00:00,RJPN-010-3,RJPN-010,Band 3 (1800MHz),-99.5,-14.4,2.2,51.6,17.5,101.7
2026-07-15 13:00:00,RJPN-011-1,RJPN-011,Band 1 (2100MHz),-98.1,-12.6,5.5,32.7,23.1,95.3
2026-07-15 13:00:00,RJPN-011-2,RJPN-011,Band 1 (2100MHz),-85.5,-8.1,13.0,48.1,34.2,107.1
2026-07-15 13:00:00,RJPN-011-3,RJPN-011,Band 1 (2100MHz),-89.5,-8.1,15.5,45.2,35.8,91.4
2026-07-15 14:00:00,RJPN-001-1,RJPN-001,Band 1 (2100MHz),-88.3,-9.1,22.4,61.1,45.4,86.8
2026-07-15 14:00:00,RJPN-001-2,RJPN-001,Band 1 (2100MHz),-91.7,-11.2,19.2,49.9,13.2,87.0
2026-07-15 14:00:00,RJPN-001-3,RJPN-001,Band 1 (2100MHz),-83.2,-9.2,8.9,25.5,17.4,89.0
2026-07-15 14:00:00,RJPN-002-1,RJPN-002,Band 3 (1800MHz),-104.9,-10.3,10.5,35.6,25.8,66.4
2026-07-15 14:00:00,RJPN-002-2,RJPN-002,Band 3 (1800MHz),-90.0,-8.5,14.5,66.1,28.1,73.2
2026-07-15 14:00:00,RJPN-002-3,RJPN-002,Band 3 (1800MHz),-88.1,-10.0,8.4,24.8,27.0,66.2
2026-07-15 14:00:00,RJPN-003-1,RJPN-003,Band 1 (2100MHz),-80.9,-10.2,13.0,21.3,37.0,109.9
2026-07-15 14:00:00,RJPN-003-2,RJPN-003,Band 1 (2100MHz),-88.6,-8.6,18.0,51.8,38.8,61.4
2026-07-15 14:00:00,RJPN-003-3,RJPN-003,Band 1 (2100MHz),-97.5,-11.8,16.9,33.2,27.1,65.1
2026-07-15 14:00:00,RJPN-004-1,RJPN-004,Band 3 (1800MHz),-84.8,-11.7,16.3,71.9,30.5,93.0
2026-07-15 14:00:00,RJPN-004-2,RJPN-004,Band 3 (1800MHz),-86.1,-10.6,15.6,51.9,36.1,117.5
2026-07-15 14:00:00,RJPN-004-3,RJPN-004,Band 3 (1800MHz),-83.7,-8.9,17.4,46.2,29.6,79.7
2026-07-15 14:00:00,RJPN-005-1,RJPN-005,Band 1 (2100MHz),-90.0,-13.8,13.5,63.9,29.9,90.0
2026-07-15 14:00:00,RJPN-005-2,RJPN-005,Band 1 (2100MHz),-84.2,-11.3,10.2,52.6,47.4,109.8
2026-07-15 14:00:00,RJPN-005-3,RJPN-005,Band 1 (2100MHz),-81.5,-6.9,13.9,32.8,37.9,109.1
2026-07-15 14:00:00,RJPN-006-1,RJPN-006,Band 3 (1800MHz),-80.0,-11.9,16.5,60.7,28.3,66.9
2026-07-15 14:00:00,RJPN-006-2,RJPN-006,Band 3 (1800MHz),-86.5,-11.5,8.4,33.8,28.8,66.0
2026-07-15 14:00:00,RJPN-006-3,RJPN-006,Band 3 (1800MHz),-89.4,-11.3,14.8,49.5,16.1,80.9
2026-07-15 14:00:00,RJPN-007-1,RJPN-007,Band 1 (2100MHz),-87.7,-7.4,1.5,38.2,30.0,106.1
2026-07-15 14:00:00,RJPN-007-2,RJPN-007,Band 1 (2100MHz),-89.9,-11.5,17.5,48.1,30.8,70.5
2026-07-15 14:00:00,RJPN-007-3,RJPN-007,Band 1 (2100MHz),-86.2,-9.7,15.9,49.9,13.9,93.6
2026-07-15 14:00:00,RJPN-008-1,RJPN-008,Band 3 (1800MHz),-82.9,-11.6,7.1,24.0,28.5,28.8
2026-07-15 14:00:00,RJPN-008-2,RJPN-008,Band 3 (1800MHz),-91.6,-11.9,15.8,40.2,22.8,81.1
2026-07-15 14:00:00,RJPN-008-3,RJPN-008,Band 3 (1800MHz),-86.3,-12.3,9.6,25.4,23.5,90.3
2026-07-15 14:00:00,RJPN-009-1,RJPN-009,Band 1 (2100MHz),-80.0,-9.1,11.9,47.4,12.8,96.2
2026-07-15 14:00:00,RJPN-009-2,RJPN-009,Band 1 (2100MHz),-83.3,-13.6,12.3,23.5,17.2,52.7
2026-07-15 14:00:00,RJPN-009-3,RJPN-009,Band 1 (2100MHz),-90.7,-13.9,19.8,38.9,22.6,72.1
2026-07-15 14:00:00,RJPN-010-1,RJPN-010,Band 3 (1800MHz),-93.5,-10.7,25.0,49.5,48.6,85.2
2026-07-15 14:00:00,RJPN-010-2,RJPN-010,Band 3 (1800MHz),-85.7,-9.9,16.0,57.3,27.7,119.7
2026-07-15 14:00:00,RJPN-010-3,RJPN-010,Band 3 (1800MHz),-103.0,-14.4,4.1,56.9,45.7,68.5
2026-07-15 14:00:00,RJPN-011-1,RJPN-011,Band 1 (2100MHz),-100.0,-12.0,14.5,37.1,24.7,112.7
2026-07-15 14:00:00,RJPN-011-2,RJPN-011,Band 1 (2100MHz),-88.0,-8.1,19.6,53.6,23.0,115.4
2026-07-15 14:00:00,RJPN-011-3,RJPN-011,Band 1 (2100MHz),-94.7,-8.8,15.5,19.8,38.2,95.8
2026-07-15 15:00:00,RJPN-001-1,RJPN-001,Band 1 (2100MHz),-90.0,-6.9,16.0,13.8,7.7,17.3
2026-07-15 15:00:00,RJPN-001-2,RJPN-001,Band 1 (2100MHz),-91.9,-7.6,4.7,24.8,0.0,30.8
2026-07-15 15:00:00,RJPN-001-3,RJPN-001,Band 1 (2100MHz),-84.3,-10.1,15.5,9.5,5.6,43.1
2026-07-15 15:00:00,RJPN-002-1,RJPN-002,Band 3 (1800MHz),-103.1,-14.5,8.4,0.0,7.3,59.6
2026-07-15 15:00:00,RJPN-002-2,RJPN-002,Band 3 (1800MHz),-84.9,-10.1,13.2,23.1,23.1,15.0
2026-07-15 15:00:00,RJPN-002-3,RJPN-002,Band 3 (1800MHz),-84.2,-7.6,15.4,30.8,20.2,5.1
2026-07-15 15:00:00,RJPN-003-1,RJPN-003,Band 1 (2100MHz),-90.1,-7.2,16.2,26.2,0.0,44.9
2026-07-15 15:00:00,RJPN-003-2,RJPN-003,Band 1 (2100MHz),-88.7,-8.6,11.0,36.3,1.1,13.7
2026-07-15 15:00:00,RJPN-003-3,RJPN-003,Band 1 (2100MHz),-93.3,-6.3,14.0,22.6,8.6,36.4
2026-07-15 15:00:00,RJPN-004-1,RJPN-004,Band 3 (1800MHz),-85.2,-10.0,6.2,37.4,9.2,2.3
2026-07-15 15:00:00,RJPN-004-2,RJPN-004,Band 3 (1800MHz),-86.1,-11.6,17.0,21.8,18.5,40.5
2026-07-15 15:00:00,RJPN-004-3,RJPN-004,Band 3 (1800MHz),-97.7,-9.2,21.2,15.7,0.0,15.7
2026-07-15 15:00:00,RJPN-005-1,RJPN-005,Band 1 (2100MHz),-85.7,-12.7,25.1,20.4,0.0,21.2
2026-07-15 15:00:00,RJPN-005-2,RJPN-005,Band 1 (2100MHz),-84.6,-8.8,9.2,32.1,11.0,33.9
2026-07-15 15:00:00,RJPN-005-3,RJPN-005,Band 1 (2100MHz),-95.1,-7.6,18.3,17.0,15.2,35.8
2026-07-15 15:00:00,RJPN-006-1,RJPN-006,Band 3 (1800MHz),-86.7,-6.3,17.3,17.1,8.6,32.1
2026-07-15 15:00:00,RJPN-006-2,RJPN-006,Band 3 (1800MHz),-83.5,-7.2,10.6,9.4,14.0,37.9
2026-07-15 15:00:00,RJPN-006-3,RJPN-006,Band 3 (1800MHz),-79.0,-10.1,4.4,8.3,20.9,48.5
2026-07-15 15:00:00,RJPN-007-1,RJPN-007,Band 1 (2100MHz),-88.6,-5.7,12.5,22.0,12.9,5.0
2026-07-15 15:00:00,RJPN-007-2,RJPN-007,Band 1 (2100MHz),-92.1,-6.5,12.9,18.7,15.7,4.2
2026-07-15 15:00:00,RJPN-007-3,RJPN-007,Band 1 (2100MHz),-84.6,-7.8,-2.8,25.3,1.7,17.2
2026-07-15 15:00:00,RJPN-008-1,RJPN-008,Band 3 (1800MHz),-87.1,-9.0,12.6,17.4,6.8,0.0
2026-07-15 15:00:00,RJPN-008-2,RJPN-008,Band 3 (1800MHz),-91.3,-11.8,5.7,33.6,0.0,43.7
2026-07-15 15:00:00,RJPN-008-3,RJPN-008,Band 3 (1800MHz),-85.9,-7.3,5.9,10.0,2.9,63.7
2026-07-15 15:00:00,RJPN-009-1,RJPN-009,Band 1 (2100MHz),-93.0,-10.1,10.7,39.7,23.0,16.1
2026-07-15 15:00:00,RJPN-009-2,RJPN-009,Band 1 (2100MHz),-88.5,-9.8,20.1,34.0,4.7,32.4
2026-07-15 15:00:00,RJPN-009-3,RJPN-009,Band 1 (2100MHz),-76.7,-3.5,19.8,11.0,3.2,34.3
2026-07-15 15:00:00,RJPN-010-1,RJPN-010,Band 3 (1800MHz),-87.1,-12.4,15.2,25.4,5.6,36.8
2026-07-15 15:00:00,RJPN-010-2,RJPN-010,Band 3 (1800MHz),-90.4,-6.4,20.2,5.8,1.3,2.2
2026-07-15 15:00:00,RJPN-010-3,RJPN-010,Band 3 (1800MHz),-96.0,-13.9,5.7,29.2,14.2,47.5
2026-07-15 15:00:00,RJPN-011-1,RJPN-011,Band 1 (2100MHz),-105.5,-13.3,6.4,17.5,4.5,32.5
2026-07-15 15:00:00,RJPN-011-2,RJPN-011,Band 1 (2100MHz),-83.2,-8.6,16.4,14.3,6.6,60.2
2026-07-15 15:00:00,RJPN-011-3,RJPN-011,Band 1 (2100MHz),-91.9,-9.1,12.7,3.0,1.4,27.8
2026-07-15 16:00:00,RJPN-001-1,RJPN-001,Band 1 (2100MHz),-89.0,-8.6,12.3,73.1,45.7,96.0
2026-07-15 16:00:00,RJPN-001-2,RJPN-001,Band 1 (2100MHz),-82.4,-10.9,13.2,47.4,38.8,70.6
2026-07-15 16:00:00,RJPN-001-3,RJPN-001,Band 1 (2100MHz),-89.5,-13.4,8.8,72.8,37.8,97.4
2026-07-15 16:00:00,RJPN-002-1,RJPN-002,Band 3 (1800MHz),-103.8,-14.7,-3.9,76.3,32.0,106.4
2026-07-15 16:00:00,RJPN-002-2,RJPN-002,Band 3 (1800MHz),-87.0,-11.8,6.2,68.4,55.5,70.3
2026-07-15 16:00:00,RJPN-002-3,RJPN-002,Band 3 (1800MHz),-88.1,-13.2,10.0,55.5,27.6,84.2
2026-07-15 16:00:00,RJPN-003-1,RJPN-003,Band 1 (2100MHz),-83.9,-13.4,21.9,42.5,43.9,98.9
2026-07-15 16:00:00,RJPN-003-2,RJPN-003,Band 1 (2100MHz),-90.7,-10.1,16.6,67.8,39.6,128.8
2026-07-15 16:00:00,RJPN-003-3,RJPN-003,Band 1 (2100MHz),-75.8,-10.6,22.0,48.7,28.2,138.1
2026-07-15 16:00:00,RJPN-004-1,RJPN-004,Band 3 (1800MHz),-86.2,-8.8,11.3,83.0,51.4,120.0
2026-07-15 16:00:00,RJPN-004-2,RJPN-004,Band 3 (1800MHz),-80.7,-10.6,14.8,71.8,31.5,131.9
2026-07-15 16:00:00,RJPN-004-3,RJPN-004,Band 3 (1800MHz),-85.1,-11.5,7.0,64.0,41.1,77.8
2026-07-15 16:00:00,RJPN-005-1,RJPN-005,Band 1 (2100MHz),-87.9,-11.1,9.7,74.2,37.9,120.7
2026-07-15 16:00:00,RJPN-005-2,RJPN-005,Band 1 (2100MHz),-89.1,-12.6,21.5,67.8,37.5,123.1
2026-07-15 16:00:00,RJPN-005-3,RJPN-005,Band 1 (2100MHz),-92.9,-10.1,15.6,69.9,47.2,89.4
2026-07-15 16:00:00,RJPN-006-1,RJPN-006,Band 3 (1800MHz),-87.4,-9.2,16.9,85.4,42.7,119.9
2026-07-15 16:00:00,RJPN-006-2,RJPN-006,Band 3 (1800MHz),-95.9,-13.7,13.0,48.7,32.8,112.0
2026-07-15 16:00:00,RJPN-006-3,RJPN-006,Band 3 (1800MHz),-83.9,-11.2,16.4,73.2,37.4,120.2
2026-07-15 16:00:00,RJPN-007-1,RJPN-007,Band 1 (2100MHz),-89.3,-11.5,11.8,56.3,35.4,125.5
2026-07-15 16:00:00,RJPN-007-2,RJPN-007,Band 1 (2100MHz),-90.3,-9.0,13.7,68.9,52.4,110.9
2026-07-15 16:00:00,RJPN-007-3,RJPN-007,Band 1 (2100MHz),-87.8,-12.3,14.9,81.1,24.2,103.9
2026-07-15 16:00:00,RJPN-008-1,RJPN-008,Band 3 (1800MHz),-85.5,-13.2,11.6,76.6,32.2,116.5
2026-07-15 16:00:00,RJPN-008-2,RJPN-008,Band 3 (1800MHz),-89.5,-10.9,19.9,57.6,27.1,79.0
2026-07-15 16:00:00,RJPN-008-3,RJPN-008,Band 3 (1800MHz),-86.5,-8.0,12.3,67.4,45.5,149.3
2026-07-15 16:00:00,RJPN-009-1,RJPN-009,Band 1 (2100MHz),-93.6,-6.8,12.5,83.0,32.5,74.7
2026-07-15 16:00:00,RJPN-009-2,RJPN-009,Band 1 (2100MHz),-88.9,-10.9,10.9,88.7,25.3,98.2
2026-07-15 16:00:00,RJPN-009-3,RJPN-009,Band 1 (2100MHz),-85.2,-13.4,11.2,67.1,39.9,77.7
2026-07-15 16:00:00,RJPN-010-1,RJPN-010,Band 3 (1800MHz),-85.5,-8.8,25.8,70.8,45.3,96.5
2026-07-15 16:00:00,RJPN-010-2,RJPN-010,Band 3 (1800MHz),-83.8,-11.6,18.3,56.4,40.0,88.2
2026-07-15 16:00:00,RJPN-010-3,RJPN-010,Band 3 (1800MHz),-100.7,-14.8,-0.1,67.8,36.1,128.4
2026-07-15 16:00:00,RJPN-011-1,RJPN-011,Band 1 (2100MHz),-102.8,-10.4,9.5,57.1,40.6,103.7
2026-07-15 16:00:00,RJPN-011-2,RJPN-011,Band 1 (2100MHz),-91.5,-8.0,14.8,76.7,42.3,116.6
2026-07-15 16:00:00,RJPN-011-3,RJPN-011,Band 1 (2100MHz),-88.2,-9.9,12.0,75.1,30.7,77.4
2026-07-15 17:00:00,RJPN-001-1,RJPN-001,Band 1 (2100MHz),-86.2,-12.4,18.7,68.6,34.2,87.7
2026-07-15 17:00:00,RJPN-001-2,RJPN-001,Band 1 (2100MHz),-88.5,-12.6,7.0,70.0,37.5,121.6
2026-07-15 17:00:00,RJPN-001-3,RJPN-001,Band 1 (2100MHz),-86.4,-12.1,10.2,68.3,37.9,96.3
2026-07-15 17:00:00,RJPN-002-1,RJPN-002,Band 3 (1800MHz),-103.3,-17.8,4.1,82.0,17.1,125.7
2026-07-15 17:00:00,RJPN-002-2,RJPN-002,Band 3 (1800MHz),-80.9,-10.9,13.3,86.6,56.6,115.1
2026-07-15 17:00:00,RJPN-002-3,RJPN-002,Band 3 (1800MHz),-89.9,-11.2,17.6,58.4,46.3,117.3
2026-07-15 17:00:00,RJPN-003-1,RJPN-003,Band 1 (2100MHz),-83.6,-12.4,17.4,70.6,38.1,143.5
2026-07-15 17:00:00,RJPN-003-2,RJPN-003,Band 1 (2100MHz),-85.9,-13.7,14.0,57.5,58.6,177.0
2026-07-15 17:00:00,RJPN-003-3,RJPN-003,Band 1 (2100MHz),-85.1,-12.7,6.9,62.9,37.0,98.4
2026-07-15 17:00:00,RJPN-004-1,RJPN-004,Band 3 (1800MHz),-88.7,-6.8,7.7,84.5,38.1,103.2
2026-07-15 17:00:00,RJPN-004-2,RJPN-004,Band 3 (1800MHz),-88.7,-14.1,15.8,80.5,44.9,78.3
2026-07-15 17:00:00,RJPN-004-3,RJPN-004,Band 3 (1800MHz),-90.7,-12.2,17.9,83.2,36.9,92.9
2026-07-15 17:00:00,RJPN-005-1,RJPN-005,Band 1 (2100MHz),-97.0,-10.5,7.8,93.4,36.7,85.4
2026-07-15 17:00:00,RJPN-005-2,RJPN-005,Band 1 (2100MHz),-81.2,-11.8,2.9,94.6,54.7,52.4
2026-07-15 17:00:00,RJPN-005-3,RJPN-005,Band 1 (2100MHz),-91.2,-9.0,19.8,73.8,52.3,131.5
2026-07-15 17:00:00,RJPN-006-1,RJPN-006,Band 3 (1800MHz),-87.3,-11.8,14.6,52.0,31.9,141.8
2026-07-15 17:00:00,RJPN-006-2,RJPN-006,Band 3 (1800MHz),-83.8,-13.8,11.9,84.0,51.0,131.3
2026-07-15 17:00:00,RJPN-006-3,RJPN-006,Band 3 (1800MHz),-90.1,-11.8,15.8,64.1,39.5,71.2
2026-07-15 17:00:00,RJPN-007-1,RJPN-007,Band 1 (2100MHz),-90.4,-12.3,9.8,83.3,39.9,98.9
2026-07-15 17:00:00,RJPN-007-2,RJPN-007,Band 1 (2100MHz),-89.5,-8.7,1.2,61.8,49.3,99.5
2026-07-15 17:00:00,RJPN-007-3,RJPN-007,Band 1 (2100MHz),-86.5,-10.4,9.3,68.1,18.9,120.7
2026-07-15 17:00:00,RJPN-008-1,RJPN-008,Band 3 (1800MHz),-88.8,-14.9,14.4,65.4,22.5,86.8
2026-07-15 17:00:00,RJPN-008-2,RJPN-008,Band 3 (1800MHz),-87.7,-10.4,16.8,76.4,53.7,140.6
2026-07-15 17:00:00,RJPN-008-3,RJPN-008,Band 3 (1800MHz),-84.2,-10.8,16.3,77.5,56.2,137.7
2026-07-15 17:00:00,RJPN-009-1,RJPN-009,Band 1 (2100MHz),-92.3,-10.2,9.7,81.1,61.8,109.8
2026-07-15 17:00:00,RJPN-009-2,RJPN-009,Band 1 (2100MHz),-85.0,-10.5,15.3,77.6,28.5,118.7
2026-07-15 17:00:00,RJPN-009-3,RJPN-009,Band 1 (2100MHz),-87.7,-13.9,24.4,57.8,34.7,107.3
2026-07-15 17:00:00,RJPN-010-1,RJPN-010,Band 3 (1800MHz),-85.3,-11.5,15.5,53.6,38.8,119.7
2026-07-15 17:00:00,RJPN-010-2,RJPN-010,Band 3 (1800MHz),-81.4,-11.4,15.4,87.0,28.0,154.6
2026-07-15 17:00:00,RJPN-010-3,RJPN-010,Band 3 (1800MHz),-99.9,-16.5,7.0,69.4,35.8,122.8
2026-07-15 17:00:00,RJPN-011-1,RJPN-011,Band 1 (2100MHz),-102.7,-16.6,5.2,79.3,44.1,140.5
2026-07-15 17:00:00,RJPN-011-2,RJPN-011,Band 1 (2100MHz),-89.5,-12.0,3.4,71.7,25.1,140.9
2026-07-15 17:00:00,RJPN-011-3,RJPN-011,Band 1 (2100MHz),-85.7,-11.5,10.4,66.9,53.0,126.5
2026-07-15 18:00:00,RJPN-001-1,RJPN-001,Band 1 (2100MHz),-94.6,-11.2,2.5,80.8,53.5,120.4
2026-07-15 18:00:00,RJPN-001-2,RJPN-001,Band 1 (2100MHz),-82.9,-13.4,12.1,66.3,37.6,126.0
2026-07-15 18:00:00,RJPN-001-3,RJPN-001,Band 1 (2100MHz),-86.7,-14.1,9.5,61.7,34.2,141.3
2026-07-15 18:00:00,RJPN-002-1,RJPN-002,Band 3 (1800MHz),-96.8,-16.6,-2.5,49.7,55.9,85.0
2026-07-15 18:00:00,RJPN-002-2,RJPN-002,Band 3 (1800MHz),-89.5,-12.5,5.3,84.4,34.0,173.0
2026-07-15 18:00:00,RJPN-002-3,RJPN-002,Band 3 (1800MHz),-84.8,-13.0,10.7,86.5,49.3,148.6
2026-07-15 18:00:00,RJPN-003-1,RJPN-003,Band 1 (2100MHz),-79.6,-11.6,16.0,79.2,43.3,115.8
2026-07-15 18:00:00,RJPN-003-2,RJPN-003,Band 1 (2100MHz),-90.4,-13.5,13.6,100.0,54.3,144.7
2026-07-15 18:00:00,RJPN-003-3,RJPN-003,Band 1 (2100MHz),-83.3,-10.6,7.9,90.4,35.7,75.9
2026-07-15 18:00:00,RJPN-004-1,RJPN-004,Band 3 (1800MHz),-87.1,-9.3,13.7,81.1,37.6,157.8
2026-07-15 18:00:00,RJPN-004-2,RJPN-004,Band 3 (1800MHz),-87.1,-11.7,8.6,58.3,42.6,132.9
2026-07-15 18:00:00,RJPN-004-3,RJPN-004,Band 3 (1800MHz),-85.2,-12.3,15.9,76.5,36.2,107.8
2026-07-15 18:00:00,RJPN-005-1,RJPN-005,Band 1 (2100MHz),-81.0,-9.3,13.0,76.9,39.8,114.5
2026-07-15 18:00:00,RJPN-005-2,RJPN-005,Band 1 (2100MHz),-88.4,-14.9,11.9,66.1,44.7,139.4
2026-07-15 18:00:00,RJPN-005-3,RJPN-005,Band 1 (2100MHz),-84.4,-15.1,8.1,83.8,42.7,123.7
2026-07-15 18:00:00,RJPN-006-1,RJPN-006,Band 3 (1800MHz),-89.9,-12.2,10.9,72.9,37.1,99.5
2026-07-15 18:00:00,RJPN-006-2,RJPN-006,Band 3 (1800MHz),-86.9,-15.6,14.9,96.9,40.6,151.0
2026-07-15 18:00:00,RJPN-006-3,RJPN-006,Band 3 (1800MHz),-86.0,-14.0,10.0,86.0,48.5,133.3
2026-07-15 18:00:00,RJPN-007-1,RJPN-007,Band 1 (2100MHz),-81.4,-10.9,12.9,86.3,39.2,105.6
2026-07-15 18:00:00,RJPN-007-2,RJPN-007,Band 1 (2100MHz),-94.3,-13.2,11.7,66.8,63.3,108.0
2026-07-15 18:00:00,RJPN-007-3,RJPN-007,Band 1 (2100MHz),-90.1,-9.1,15.9,63.4,61.8,160.0
2026-07-15 18:00:00,RJPN-008-1,RJPN-008,Band 3 (1800MHz),-87.7,-9.2,3.7,75.9,46.1,131.9
2026-07-15 18:00:00,RJPN-008-2,RJPN-008,Band 3 (1800MHz),-87.8,-13.9,16.4,68.4,42.3,119.6
2026-07-15 18:00:00,RJPN-008-3,RJPN-008,Band 3 (1800MHz),-88.3,-15.9,6.0,93.7,39.5,94.9
2026-07-15 18:00:00,RJPN-009-1,RJPN-009,Band 1 (2100MHz),-90.3,-11.9,17.1,91.3,32.9,146.8
2026-07-15 18:00:00,RJPN-009-2,RJPN-009,Band 1 (2100MHz),-85.6,-14.1,8.9,64.6,55.1,101.0
2026-07-15 18:00:00,RJPN-009-3,RJPN-009,Band 1 (2100MHz),-84.4,-10.9,12.6,64.7,34.5,148.9
2026-07-15 18:00:00,RJPN-010-1,RJPN-010,Band 3 (1800MHz),-81.9,-16.8,14.7,77.9,37.1,101.4
2026-07-15 18:00:00,RJPN-010-2,RJPN-010,Band 3 (1800MHz),-90.1,-14.3,17.6,89.5,55.9,108.4
2026-07-15 18:00:00,RJPN-010-3,RJPN-010,Band 3 (1800MHz),-96.7,-14.9,3.7,75.8,48.9,151.5
2026-07-15 18:00:00,RJPN-011-1,RJPN-011,Band 1 (2100MHz),-96.9,-13.4,8.4,83.1,51.6,112.6
2026-07-15 18:00:00,RJPN-011-2,RJPN-011,Band 1 (2100MHz),-86.5,-9.3,15.9,76.2,34.9,112.2
2026-07-15 18:00:00,RJPN-011-3,RJPN-011,Band 1 (2100MHz),-86.4,-13.9,20.7,88.3,55.3,127.3
2026-07-15 19:00:00,RJPN-001-1,RJPN-001,Band 1 (2100MHz),-83.1,-10.5,11.4,70.8,47.4,132.1
2026-07-15 19:00:00,RJPN-001-2,RJPN-001,Band 1 (2100MHz),-82.8,-12.3,6.7,68.0,51.9,103.2
2026-07-15 19:00:00,RJPN-001-3,RJPN-001,Band 1 (2100MHz),-85.0,-13.9,10.3,65.3,37.9,119.2
2026-07-15 19:00:00,RJPN-002-1,RJPN-002,Band 3 (1800MHz),-101.1,-15.5,6.4,49.4,50.4,114.9
2026-07-15 19:00:00,RJPN-002-2,RJPN-002,Band 3 (1800MHz),-89.2,-7.7,10.6,68.7,33.3,111.1
2026-07-15 19:00:00,RJPN-002-3,RJPN-002,Band 3 (1800MHz),-81.9,-12.8,19.2,66.9,38.4,127.4
2026-07-15 19:00:00,RJPN-003-1,RJPN-003,Band 1 (2100MHz),-91.4,-10.5,15.2,70.5,37.4,82.4
2026-07-15 19:00:00,RJPN-003-2,RJPN-003,Band 1 (2100MHz),-86.7,-14.7,19.0,93.3,40.2,126.1
2026-07-15 19:00:00,RJPN-003-3,RJPN-003,Band 1 (2100MHz),-90.8,-9.8,18.2,85.1,34.8,141.9
2026-07-15 19:00:00,RJPN-004-1,RJPN-004,Band 3 (1800MHz),-87.3,-14.1,14.8,76.6,44.5,112.6
2026-07-15 19:00:00,RJPN-004-2,RJPN-004,Band 3 (1800MHz),-88.0,-12.8,12.6,86.0,54.7,87.5
2026-07-15 19:00:00,RJPN-004-3,RJPN-004,Band 3 (1800MHz),-75.9,-11.1,16.5,70.1,41.7,136.8
2026-07-15 19:00:00,RJPN-005-1,RJPN-005,Band 1 (2100MHz),-89.1,-10.9,10.6,95.4,52.0,119.9
2026-07-15 19:00:00,RJPN-005-2,RJPN-005,Band 1 (2100MHz),-86.7,-15.0,15.6,90.3,40.2,92.7
2026-07-15 19:00:00,RJPN-005-3,RJPN-005,Band 1 (2100MHz),-86.8,-12.5,8.9,77.0,37.1,138.7
2026-07-15 19:00:00,RJPN-006-1,RJPN-006,Band 3 (1800MHz),-87.4,-10.3,10.9,72.9,43.3,94.2
2026-07-15 19:00:00,RJPN-006-2,RJPN-006,Band 3 (1800MHz),-86.8,-10.6,14.7,81.4,34.8,88.1
2026-07-15 19:00:00,RJPN-006-3,RJPN-006,Band 3 (1800MHz),-89.5,-12.6,8.9,62.9,35.3,175.6
2026-07-15 19:00:00,RJPN-007-1,RJPN-007,Band 1 (2100MHz),-83.5,-11.8,12.9,70.5,49.5,130.4
2026-07-15 19:00:00,RJPN-007-2,RJPN-007,Band 1 (2100MHz),-88.0,-11.1,8.1,66.2,40.3,99.0
2026-07-15 19:00:00,RJPN-007-3,RJPN-007,Band 1 (2100MHz),-88.0,-12.6,26.6,50.6,40.9,103.5
2026-07-15 19:00:00,RJPN-008-1,RJPN-008,Band 3 (1800MHz),-87.1,-12.0,11.4,66.7,49.1,101.3
2026-07-15 19:00:00,RJPN-008-2,RJPN-008,Band 3 (1800MHz),-86.3,-10.1,11.9,63.2,39.4,120.0
2026-07-15 19:00:00,RJPN-008-3,RJPN-008,Band 3 (1800MHz),-88.8,-10.7,13.0,95.7,30.6,122.0
2026-07-15 19:00:00,RJPN-009-1,RJPN-009,Band 1 (2100MHz),-86.0,-12.8,11.4,90.1,40.1,110.9
2026-07-15 19:00:00,RJPN-009-2,RJPN-009,Band 1 (2100MHz),-87.3,-12.9,12.1,67.0,50.1,134.8
2026-07-15 19:00:00,RJPN-009-3,RJPN-009,Band 1 (2100MHz),-94.1,-8.6,8.7,85.6,40.8,137.5
2026-07-15 19:00:00,RJPN-010-1,RJPN-010,Band 3 (1800MHz),-86.1,-11.3,8.1,74.2,52.0,92.0
2026-07-15 19:00:00,RJPN-010-2,RJPN-010,Band 3 (1800MHz),-86.9,-7.0,18.3,94.9,46.9,114.5
2026-07-15 19:00:00,RJPN-010-3,RJPN-010,Band 3 (1800MHz),-98.8,-15.1,5.0,91.3,30.0,118.0
2026-07-15 19:00:00,RJPN-011-1,RJPN-011,Band 1 (2100MHz),-98.7,-15.8,2.6,73.7,43.6,130.6
2026-07-15 19:00:00,RJPN-011-2,RJPN-011,Band 1 (2100MHz),-87.1,-6.3,2.6,59.8,43.5,110.9
2026-07-15 19:00:00,RJPN-011-3,RJPN-011,Band 1 (2100MHz),-93.5,-6.8,11.0,89.0,44.8,88.9
2026-07-15 20:00:00,RJPN-001-1,RJPN-001,Band 1 (2100MHz),-90.9,-10.7,13.9,75.2,35.0,82.8
2026-07-15 20:00:00,RJPN-001-2,RJPN-001,Band 1 (2100MHz),-91.2,-11.4,12.1,62.6,34.1,132.2
2026-07-15 20:00:00,RJPN-001-3,RJPN-001,Band 1 (2100MHz),-84.4,-13.9,7.7,67.7,48.5,70.3
2026-07-15 20:00:00,RJPN-002-1,RJPN-002,Band 3 (1800MHz),-95.1,-16.8,11.7,55.2,41.7,116.0
2026-07-15 20:00:00,RJPN-002-2,RJPN-002,Band 3 (1800MHz),-86.9,-11.9,7.7,60.4,33.2,109.6
2026-07-15 20:00:00,RJPN-002-3,RJPN-002,Band 3 (1800MHz),-94.1,-8.2,15.8,70.3,36.6,73.2
2026-07-15 20:00:00,RJPN-003-1,RJPN-003,Band 1 (2100MHz),-85.1,-10.0,14.1,68.1,29.2,113.3
2026-07-15 20:00:00,RJPN-003-2,RJPN-003,Band 1 (2100MHz),-84.1,-9.8,8.8,60.0,35.3,85.9
2026-07-15 20:00:00,RJPN-003-3,RJPN-003,Band 1 (2100MHz),-96.0,-13.2,16.6,62.2,43.1,97.7
2026-07-15 20:00:00,RJPN-004-1,RJPN-004,Band 3 (1800MHz),-79.3,-13.7,21.7,88.9,39.6,114.6
2026-07-15 20:00:00,RJPN-004-2,RJPN-004,Band 3 (1800MHz),-89.9,-10.0,15.3,48.7,24.8,154.9
2026-07-15 20:00:00,RJPN-004-3,RJPN-004,Band 3 (1800MHz),-85.9,-8.8,15.0,75.9,45.9,67.0
2026-07-15 20:00:00,RJPN-005-1,RJPN-005,Band 1 (2100MHz),-79.5,-10.0,18.3,85.8,30.5,86.9
2026-07-15 20:00:00,RJPN-005-2,RJPN-005,Band 1 (2100MHz),-84.7,-17.3,6.7,84.1,33.0,124.6
2026-07-15 20:00:00,RJPN-005-3,RJPN-005,Band 1 (2100MHz),-86.3,-10.8,20.5,71.8,26.6,104.7
2026-07-15 20:00:00,RJPN-006-1,RJPN-006,Band 3 (1800MHz),-88.6,-13.9,13.0,34.8,40.7,74.4
2026-07-15 20:00:00,RJPN-006-2,RJPN-006,Band 3 (1800MHz),-81.5,-12.4,19.9,51.5,37.8,98.1
2026-07-15 20:00:00,RJPN-006-3,RJPN-006,Band 3 (1800MHz),-91.0,-9.0,17.3,64.0,54.8,98.7
2026-07-15 20:00:00,RJPN-007-1,RJPN-007,Band 1 (2100MHz),-79.5,-8.6,11.6,55.1,44.7,128.0
2026-07-15 20:00:00,RJPN-007-2,RJPN-007,Band 1 (2100MHz),-92.5,-12.4,11.2,54.9,36.7,97.7
2026-07-15 20:00:00,RJPN-007-3,RJPN-007,Band 1 (2100MHz),-81.8,-10.0,24.7,89.9,40.6,129.3
2026-07-15 20:00:00,RJPN-008-1,RJPN-008,Band 3 (1800MHz),-83.3,-14.0,17.7,70.4,43.1,135.1
2026-07-15 20:00:00,RJPN-008-2,RJPN-008,Band 3 (1800MHz),-88.4,-12.4,11.4,63.2,50.8,145.3
2026-07-15 20:00:00,RJPN-008-3,RJPN-008,Band 3 (1800MHz),-86.2,-11.4,17.0,45.4,29.6,66.6
2026-07-15 20:00:00,RJPN-009-1,RJPN-009,Band 1 (2100MHz),-82.6,-13.1,16.1,85.7,52.4,117.2
2026-07-15 20:00:00,RJPN-009-2,RJPN-009,Band 1 (2100MHz),-95.1,-9.9,18.4,59.1,33.8,123.7
2026-07-15 20:00:00,RJPN-009-3,RJPN-009,Band 1 (2100MHz),-87.2,-9.2,14.7,53.7,37.9,78.7
2026-07-15 20:00:00,RJPN-010-1,RJPN-010,Band 3 (1800MHz),-88.9,-12.1,12.4,53.6,32.9,152.3
2026-07-15 20:00:00,RJPN-010-2,RJPN-010,Band 3 (1800MHz),-82.5,-11.0,13.4,57.7,19.2,98.7
2026-07-15 20:00:00,RJPN-010-3,RJPN-010,Band 3 (1800MHz),-101.5,-16.1,4.9,69.9,41.4,149.6
2026-07-15 20:00:00,RJPN-011-1,RJPN-011,Band 1 (2100MHz),-98.2,-14.9,3.5,61.5,36.2,116.8
2026-07-15 20:00:00,RJPN-011-2,RJPN-011,Band 1 (2100MHz),-89.1,-11.0,19.1,54.6,46.6,97.1
2026-07-15 20:00:00,RJPN-011-3,RJPN-011,Band 1 (2100MHz),-84.6,-8.5,18.2,65.7,38.6,102.0
2026-07-15 21:00:00,RJPN-001-1,RJPN-001,Band 1 (2100MHz),-85.4,-4.7,22.1,39.7,20.2,29.0
2026-07-15 21:00:00,RJPN-001-2,RJPN-001,Band 1 (2100MHz),-89.1,-8.0,15.2,15.6,2.7,0.0
2026-07-15 21:00:00,RJPN-001-3,RJPN-001,Band 1 (2100MHz),-91.7,-10.8,10.9,26.1,5.2,58.5
2026-07-15 21:00:00,RJPN-002-1,RJPN-002,Band 3 (1800MHz),-103.8,-11.1,4.9,9.3,0.0,21.9
2026-07-15 21:00:00,RJPN-002-2,RJPN-002,Band 3 (1800MHz),-91.1,-8.5,7.1,33.3,12.9,28.6
2026-07-15 21:00:00,RJPN-002-3,RJPN-002,Band 3 (1800MHz),-85.2,-6.9,14.7,28.2,21.4,25.3
2026-07-15 21:00:00,RJPN-003-1,RJPN-003,Band 1 (2100MHz),-89.4,-4.7,7.7,18.2,0.0,2.3
2026-07-15 21:00:00,RJPN-003-2,RJPN-003,Band 1 (2100MHz),-79.8,-8.0,19.7,19.9,13.2,18.7
2026-07-15 21:00:00,RJPN-003-3,RJPN-003,Band 1 (2100MHz),-86.7,-9.8,17.6,15.6,11.6,74.9
2026-07-15 21:00:00,RJPN-004-1,RJPN-004,Band 3 (1800MHz),-88.4,-9.6,8.4,11.7,12.0,0.0
2026-07-15 21:00:00,RJPN-004-2,RJPN-004,Band 3 (1800MHz),-85.8,-6.4,15.8,0.0,13.9,42.0
2026-07-15 21:00:00,RJPN-004-3,RJPN-004,Band 3 (1800MHz),-82.9,-6.3,12.0,0.3,0.0,22.4
2026-07-15 21:00:00,RJPN-005-1,RJPN-005,Band 1 (2100MHz),-89.9,-10.6,20.5,0.0,10.1,16.6
2026-07-15 21:00:00,RJPN-005-2,RJPN-005,Band 1 (2100MHz),-91.9,-11.3,17.5,23.5,1.8,42.0
2026-07-15 21:00:00,RJPN-005-3,RJPN-005,Band 1 (2100MHz),-85.5,-6.1,8.5,11.4,13.3,45.3
2026-07-15 21:00:00,RJPN-006-1,RJPN-006,Band 3 (1800MHz),-89.1,-10.1,19.5,15.1,8.3,7.0
2026-07-15 21:00:00,RJPN-006-2,RJPN-006,Band 3 (1800MHz),-82.6,-6.2,10.7,13.4,15.8,0.0
2026-07-15 21:00:00,RJPN-006-3,RJPN-006,Band 3 (1800MHz),-89.5,-4.5,12.1,2.3,4.9,13.9
2026-07-15 21:00:00,RJPN-007-1,RJPN-007,Band 1 (2100MHz),-84.7,-7.6,11.7,26.9,31.9,0.0
2026-07-15 21:00:00,RJPN-007-2,RJPN-007,Band 1 (2100MHz),-86.5,-11.5,19.1,8.0,17.0,47.9
2026-07-15 21:00:00,RJPN-007-3,RJPN-007,Band 1 (2100MHz),-91.7,-9.6,20.1,17.9,14.8,41.2
2026-07-15 21:00:00,RJPN-008-1,RJPN-008,Band 3 (1800MHz),-89.3,-8.7,10.2,18.9,12.8,0.0
2026-07-15 21:00:00,RJPN-008-2,RJPN-008,Band 3 (1800MHz),-86.2,-9.9,13.8,23.4,17.5,28.0
2026-07-15 21:00:00,RJPN-008-3,RJPN-008,Band 3 (1800MHz),-88.5,-10.5,19.4,33.8,13.9,31.2
2026-07-15 21:00:00,RJPN-009-1,RJPN-009,Band 1 (2100MHz),-84.6,-9.1,12.3,11.2,12.1,0.0
2026-07-15 21:00:00,RJPN-009-2,RJPN-009,Band 1 (2100MHz),-81.5,-12.1,14.8,23.7,0.0,8.5
2026-07-15 21:00:00,RJPN-009-3,RJPN-009,Band 1 (2100MHz),-88.8,-6.7,10.1,36.8,2.6,5.7
2026-07-15 21:00:00,RJPN-010-1,RJPN-010,Band 3 (1800MHz),-83.5,-12.9,17.8,13.3,0.0,9.5
2026-07-15 21:00:00,RJPN-010-2,RJPN-010,Band 3 (1800MHz),-82.0,-10.2,24.1,2.4,23.1,63.7
2026-07-15 21:00:00,RJPN-010-3,RJPN-010,Band 3 (1800MHz),-104.7,-11.7,-0.5,27.5,0.0,19.4
2026-07-15 21:00:00,RJPN-011-1,RJPN-011,Band 1 (2100MHz),-100.4,-10.3,7.4,11.0,9.1,57.7
2026-07-15 21:00:00,RJPN-011-2,RJPN-011,Band 1 (2100MHz),-80.1,-6.0,19.4,11.8,0.0,23.4
2026-07-15 21:00:00,RJPN-011-3,RJPN-011,Band 1 (2100MHz),-88.3,-10.3,18.8,20.3,16.2,63.6
2026-07-15 22:00:00,RJPN-001-1,RJPN-001,Band 1 (2100MHz),-92.3,-9.2,10.8,25.2,4.6,51.6
2026-07-15 22:00:00,RJPN-001-2,RJPN-001,Band 1 (2100MHz),-93.2,-8.5,17.3,25.1,8.6,75.6
2026-07-15 22:00:00,RJPN-001-3,RJPN-001,Band 1 (2100MHz),-86.0,-6.1,10.2,7.1,0.0,0.0
2026-07-15 22:00:00,RJPN-002-1,RJPN-002,Band 3 (1800MHz),-96.0,-7.6,1.5,10.8,4.8,0.0
2026-07-15 22:00:00,RJPN-002-2,RJPN-002,Band 3 (1800MHz),-83.5,-12.2,12.4,11.3,6.7,24.0
2026-07-15 22:00:00,RJPN-002-3,RJPN-002,Band 3 (1800MHz),-74.5,-7.2,18.7,0.0,20.8,0.0
2026-07-15 22:00:00,RJPN-003-1,RJPN-003,Band 1 (2100MHz),-87.9,-5.4,21.1,0.1,12.8,22.6
2026-07-15 22:00:00,RJPN-003-2,RJPN-003,Band 1 (2100MHz),-87.8,-11.1,18.2,0.0,0.0,0.0
2026-07-15 22:00:00,RJPN-003-3,RJPN-003,Band 1 (2100MHz),-83.8,-6.9,5.3,5.9,6.0,6.9
2026-07-15 22:00:00,RJPN-004-1,RJPN-004,Band 3 (1800MHz),-84.2,-8.9,18.6,20.7,21.8,12.4
2026-07-15 22:00:00,RJPN-004-2,RJPN-004,Band 3 (1800MHz),-87.0,-5.1,12.8,10.7,3.5,43.1
2026-07-15 22:00:00,RJPN-004-3,RJPN-004,Band 3 (1800MHz),-90.8,-6.1,29.0,0.9,3.8,42.3
2026-07-15 22:00:00,RJPN-005-1,RJPN-005,Band 1 (2100MHz),-88.3,-6.9,14.9,3.8,1.5,19.3
2026-07-15 22:00:00,RJPN-005-2,RJPN-005,Band 1 (2100MHz),-86.8,-4.9,8.9,30.2,0.0,0.0
2026-07-15 22:00:00,RJPN-005-3,RJPN-005,Band 1 (2100MHz),-84.0,-7.8,8.5,0.0,11.3,0.0
2026-07-15 22:00:00,RJPN-006-1,RJPN-006,Band 3 (1800MHz),-86.9,-8.2,5.7,4.8,5.0,0.0
2026-07-15 22:00:00,RJPN-006-2,RJPN-006,Band 3 (1800MHz),-84.1,-8.4,10.6,5.7,7.0,0.0
2026-07-15 22:00:00,RJPN-006-3,RJPN-006,Band 3 (1800MHz),-88.3,-1.8,10.5,25.1,2.0,42.5
2026-07-15 22:00:00,RJPN-007-1,RJPN-007,Band 1 (2100MHz),-89.3,-9.6,11.2,6.9,5.4,0.0
2026-07-15 22:00:00,RJPN-007-2,RJPN-007,Band 1 (2100MHz),-90.7,-7.4,1.7,7.5,11.3,8.8
2026-07-15 22:00:00,RJPN-007-3,RJPN-007,Band 1 (2100MHz),-81.6,-5.8,13.4,19.6,18.9,0.0
2026-07-15 22:00:00,RJPN-008-1,RJPN-008,Band 3 (1800MHz),-86.6,-9.6,14.7,3.5,0.0,0.0
2026-07-15 22:00:00,RJPN-008-2,RJPN-008,Band 3 (1800MHz),-85.1,-11.7,14.8,0.0,9.3,14.9
2026-07-15 22:00:00,RJPN-008-3,RJPN-008,Band 3 (1800MHz),-90.5,-6.2,13.4,9.6,14.1,0.0
2026-07-15 22:00:00,RJPN-009-1,RJPN-009,Band 1 (2100MHz),-86.9,-11.4,12.2,16.1,14.3,18.5
2026-07-15 22:00:00,RJPN-009-2,RJPN-009,Band 1 (2100MHz),-85.6,-7.3,10.2,0.0,5.3,11.4
2026-07-15 22:00:00,RJPN-009-3,RJPN-009,Band 1 (2100MHz),-87.4,-4.5,19.2,14.7,0.0,39.7
2026-07-15 22:00:00,RJPN-010-1,RJPN-010,Band 3 (1800MHz),-92.0,-8.1,22.3,3.2,2.1,29.4
2026-07-15 22:00:00,RJPN-010-2,RJPN-010,Band 3 (1800MHz),-86.0,-9.3,9.1,0.0,2.3,12.4
2026-07-15 22:00:00,RJPN-010-3,RJPN-010,Band 3 (1800MHz),-95.9,-13.9,-0.7,9.7,9.6,0.0
2026-07-15 22:00:00,RJPN-011-1,RJPN-011,Band 1 (2100MHz),-99.6,-6.6,13.4,6.1,0.0,35.9
2026-07-15 22:00:00,RJPN-011-2,RJPN-011,Band 1 (2100MHz),-87.6,-7.8,19.5,0.0,0.0,32.3
2026-07-15 22:00:00,RJPN-011-3,RJPN-011,Band 1 (2100MHz),-82.3,-10.0,18.9,12.4,12.0,23.9
2026-07-15 23:00:00,RJPN-001-1,RJPN-001,Band 1 (2100MHz),-78.6,-8.0,19.3,20.8,9.2,0.0
2026-07-15 23:00:00,RJPN-001-2,RJPN-001,Band 1 (2100MHz),-82.8,-6.6,17.1,0.0,2.2,21.0
2026-07-15 23:00:00,RJPN-001-3,RJPN-001,Band 1 (2100MHz),-86.8,-7.3,20.5,11.1,8.0,41.8
2026-07-15 23:00:00,RJPN-002-1,RJPN-002,Band 3 (1800MHz),-95.6,-8.2,8.0,5.4,7.2,0.0
2026-07-15 23:00:00,RJPN-002-2,RJPN-002,Band 3 (1800MHz),-85.6,-10.2,15.8,0.0,0.3,54.4
2026-07-15 23:00:00,RJPN-002-3,RJPN-002,Band 3 (1800MHz),-86.0,-12.4,12.4,8.6,0.0,55.9
2026-07-15 23:00:00,RJPN-003-1,RJPN-003,Band 1 (2100MHz),-91.2,-6.4,17.7,24.1,1.2,11.8
2026-07-15 23:00:00,RJPN-003-2,RJPN-003,Band 1 (2100MHz),-79.3,-7.8,23.7,14.7,12.6,0.0
2026-07-15 23:00:00,RJPN-003-3,RJPN-003,Band 1 (2100MHz),-90.5,-12.7,14.8,18.2,10.5,21.0
2026-07-15 23:00:00,RJPN-004-1,RJPN-004,Band 3 (1800MHz),-84.0,-9.1,20.8,17.2,0.0,9.3
2026-07-15 23:00:00,RJPN-004-2,RJPN-004,Band 3 (1800MHz),-84.3,-11.5,10.9,15.2,0.0,10.4
2026-07-15 23:00:00,RJPN-004-3,RJPN-004,Band 3 (1800MHz),-82.2,-8.6,18.1,15.6,3.5,20.5
2026-07-15 23:00:00,RJPN-005-1,RJPN-005,Band 1 (2100MHz),-89.4,-9.2,7.4,7.5,0.0,0.0
2026-07-15 23:00:00,RJPN-005-2,RJPN-005,Band 1 (2100MHz),-87.1,-9.8,12.2,5.9,4.0,28.2
2026-07-15 23:00:00,RJPN-005-3,RJPN-005,Band 1 (2100MHz),-87.1,-10.6,26.1,31.9,0.3,9.1
2026-07-15 23:00:00,RJPN-006-1,RJPN-006,Band 3 (1800MHz),-83.7,-6.3,16.1,0.0,17.0,11.5
2026-07-15 23:00:00,RJPN-006-2,RJPN-006,Band 3 (1800MHz),-84.2,-5.2,11.5,0.0,0.0,12.0
2026-07-15 23:00:00,RJPN-006-3,RJPN-006,Band 3 (1800MHz),-83.8,-5.8,19.0,0.6,2.5,21.6
2026-07-15 23:00:00,RJPN-007-1,RJPN-007,Band 1 (2100MHz),-84.1,-5.4,17.1,17.2,0.0,6.5
2026-07-15 23:00:00,RJPN-007-2,RJPN-007,Band 1 (2100MHz),-90.1,-6.9,14.5,12.8,14.9,22.7
2026-07-15 23:00:00,RJPN-007-3,RJPN-007,Band 1 (2100MHz),-94.0,-10.0,18.2,0.0,0.0,14.1
2026-07-15 23:00:00,RJPN-008-1,RJPN-008,Band 3 (1800MHz),-91.0,-8.4,15.4,22.0,8.6,6.2
2026-07-15 23:00:00,RJPN-008-2,RJPN-008,Band 3 (1800MHz),-93.0,-6.4,18.7,12.8,6.5,8.0
2026-07-15 23:00:00,RJPN-008-3,RJPN-008,Band 3 (1800MHz),-96.7,-7.2,10.1,0.5,7.6,0.0
2026-07-15 23:00:00,RJPN-009-1,RJPN-009,Band 1 (2100MHz),-86.3,-6.8,20.6,29.1,5.4,1.6
2026-07-15 23:00:00,RJPN-009-2,RJPN-009,Band 1 (2100MHz),-96.8,-6.5,14.0,23.7,7.5,29.7
2026-07-15 23:00:00,RJPN-009-3,RJPN-009,Band 1 (2100MHz),-85.9,-7.7,8.6,0.0,10.1,30.4
2026-07-15 23:00:00,RJPN-010-1,RJPN-010,Band 3 (1800MHz),-83.0,-8.2,8.1,13.8,5.0,16.9
2026-07-15 23:00:00,RJPN-010-2,RJPN-010,Band 3 (1800MHz),-89.1,-8.8,10.5,9.7,0.0,47.1
2026-07-15 23:00:00,RJPN-010-3,RJPN-010,Band 3 (1800MHz),-101.7,-12.0,8.7,0.0,25.6,0.0
2026-07-15 23:00:00,RJPN-011-1,RJPN-011,Band 1 (2100MHz),-100.5,-12.9,1.5,0.0,16.9,0.0
2026-07-15 23:00:00,RJPN-011-2,RJPN-011,Band 1 (2100MHz),-85.8,-6.0,18.1,11.3,0.0,46.3
2026-07-15 23:00:00,RJPN-011-3,RJPN-011,Band 1 (2100MHz),-84.0,-4.6,14.6,0.0,0.0,53.5
2026-07-16 00:00:00,RJPN-001-1,RJPN-001,Band 1 (2100MHz),-91.9,-10.8,13.3,2.3,23.4,11.5
2026-07-16 00:00:00,RJPN-001-2,RJPN-001,Band 1 (2100MHz),-79.7,-7.7,11.3,22.7,6.9,5.1
2026-07-16 00:00:00,RJPN-001-3,RJPN-001,Band 1 (2100MHz),-92.8,-7.5,14.1,14.6,0.0,0.0
2026-07-16 00:00:00,RJPN-002-1,RJPN-002,Band 3 (1800MHz),-104.2,-16.4,7.3,1.3,11.7,28.2
2026-07-16 00:00:00,RJPN-002-2,RJPN-002,Band 3 (1800MHz),-91.0,-11.0,14.0,24.3,10.0,43.4
2026-07-16 00:00:00,RJPN-002-3,RJPN-002,Band 3 (1800MHz),-91.6,-2.6,16.9,11.7,0.0,22.0
2026-07-16 00:00:00,RJPN-003-1,RJPN-003,Band 1 (2100MHz),-77.5,-5.7,8.6,11.5,13.9,34.3
2026-07-16 00:00:00,RJPN-003-2,RJPN-003,Band 1 (2100MHz),-81.5,-8.6,16.9,9.9,6.8,13.0
2026-07-16 00:00:00,RJPN-003-3,RJPN-003,Band 1 (2100MHz),-90.4,-7.0,14.4,16.5,14.2,11.4
2026-07-16 00:00:00,RJPN-004-1,RJPN-004,Band 3 (1800MHz),-83.3,-8.3,10.2,14.8,0.0,26.7
2026-07-16 00:00:00,RJPN-004-2,RJPN-004,Band 3 (1800MHz),-89.3,-5.8,14.4,15.4,10.2,0.0
2026-07-16 00:00:00,RJPN-004-3,RJPN-004,Band 3 (1800MHz),-91.1,-11.5,13.1,9.6,0.0,26.3
2026-07-16 00:00:00,RJPN-005-1,RJPN-005,Band 1 (2100MHz),-84.1,-9.2,20.8,30.4,13.5,0.0
2026-07-16 00:00:00,RJPN-005-2,RJPN-005,Band 1 (2100MHz),-93.3,-6.2,11.7,6.4,13.9,37.4
2026-07-16 00:00:00,RJPN-005-3,RJPN-005,Band 1 (2100MHz),-89.3,-4.7,11.6,21.4,0.0,0.0
2026-07-16 00:00:00,RJPN-006-1,RJPN-006,Band 3 (1800MHz),-85.0,-6.6,10.7,21.4,5.3,40.3
2026-07-16 00:00:00,RJPN-006-2,RJPN-006,Band 3 (1800MHz),-80.9,-8.4,18.3,13.1,18.8,0.0
2026-07-16 00:00:00,RJPN-006-3,RJPN-006,Band 3 (1800MHz),-84.1,-11.3,10.2,0.0,11.8,35.0
2026-07-16 00:00:00,RJPN-007-1,RJPN-007,Band 1 (2100MHz),-83.8,-6.4,10.5,3.4,12.7,5.6
2026-07-16 00:00:00,RJPN-007-2,RJPN-007,Band 1 (2100MHz),-88.2,-8.6,20.0,0.3,26.9,37.8
2026-07-16 00:00:00,RJPN-007-3,RJPN-007,Band 1 (2100MHz),-93.0,-8.2,20.5,10.0,20.9,0.0
2026-07-16 00:00:00,RJPN-008-1,RJPN-008,Band 3 (1800MHz),-88.9,-4.6,20.1,0.0,0.0,16.2
2026-07-16 00:00:00,RJPN-008-2,RJPN-008,Band 3 (1800MHz),-89.9,-7.6,13.0,11.8,13.4,0.0
2026-07-16 00:00:00,RJPN-008-3,RJPN-008,Band 3 (1800MHz),-89.2,-8.7,16.4,0.0,9.6,31.6
2026-07-16 00:00:00,RJPN-009-1,RJPN-009,Band 1 (2100MHz),-83.6,-6.7,10.2,14.0,7.3,0.0
2026-07-16 00:00:00,RJPN-009-2,RJPN-009,Band 1 (2100MHz),-85.5,-7.0,12.8,12.0,9.2,0.0
2026-07-16 00:00:00,RJPN-009-3,RJPN-009,Band 1 (2100MHz),-89.1,-8.5,13.9,8.7,12.0,34.1
2026-07-16 00:00:00,RJPN-010-1,RJPN-010,Band 3 (1800MHz),-87.9,-6.2,11.6,13.0,0.0,0.0
2026-07-16 00:00:00,RJPN-010-2,RJPN-010,Band 3 (1800MHz),-82.3,-7.1,20.8,3.3,21.9,50.5
2026-07-16 00:00:00,RJPN-010-3,RJPN-010,Band 3 (1800MHz),-93.6,-13.3,2.9,0.0,8.0,9.9
2026-07-16 00:00:00,RJPN-011-1,RJPN-011,Band 1 (2100MHz),-94.9,-12.2,15.7,23.3,4.4,3.4
2026-07-16 00:00:00,RJPN-011-2,RJPN-011,Band 1 (2100MHz),-83.4,-11.0,13.5,17.0,16.5,17.3
2026-07-16 00:00:00,RJPN-011-3,RJPN-011,Band 1 (2100MHz),-90.4,-10.1,11.6,17.6,11.8,0.0
2026-07-16 01:00:00,RJPN-001-1,RJPN-001,Band 1 (2100MHz),-88.3,-6.6,18.3,11.1,0.0,69.1
2026-07-16 01:00:00,RJPN-001-2,RJPN-001,Band 1 (2100MHz),-87.0,-9.4,12.5,0.0,18.2,78.9
2026-07-16 01:00:00,RJPN-001-3,RJPN-001,Band 1 (2100MHz),-93.3,-7.0,12.1,7.7,0.0,18.6
2026-07-16 01:00:00,RJPN-002-1,RJPN-002,Band 3 (1800MHz),-101.8,-13.9,2.6,2.6,3.7,0.0
2026-07-16 01:00:00,RJPN-002-2,RJPN-002,Band 3 (1800MHz),-90.2,-8.0,11.6,0.0,4.5,0.0
2026-07-16 01:00:00,RJPN-002-3,RJPN-002,Band 3 (1800MHz),-83.9,-9.8,12.4,2.9,0.0,13.7
2026-07-16 01:00:00,RJPN-003-1,RJPN-003,Band 1 (2100MHz),-87.1,-9.5,12.4,16.0,5.1,22.8
2026-07-16 01:00:00,RJPN-003-2,RJPN-003,Band 1 (2100MHz),-88.4,-9.6,12.3,10.2,9.9,9.0
2026-07-16 01:00:00,RJPN-003-3,RJPN-003,Band 1 (2100MHz),-85.6,-5.4,18.8,1.3,14.0,25.0
2026-07-16 01:00:00,RJPN-004-1,RJPN-004,Band 3 (1800MHz),-82.8,-7.7,12.2,0.0,0.0,39.8
2026-07-16 01:00:00,RJPN-004-2,RJPN-004,Band 3 (1800MHz),-79.5,-12.5,7.5,10.5,0.0,9.8
2026-07-16 01:00:00,RJPN-004-3,RJPN-004,Band 3 (1800MHz),-83.0,-8.0,10.9,17.6,0.0,9.9
2026-07-16 01:00:00,RJPN-005-1,RJPN-005,Band 1 (2100MHz),-86.5,-6.5,18.1,37.3,1.2,0.7
2026-07-16 01:00:00,RJPN-005-2,RJPN-005,Band 1 (2100MHz),-85.6,-4.8,17.3,2.2,13.2,0.0
2026-07-16 01:00:00,RJPN-005-3,RJPN-005,Band 1 (2100MHz),-92.2,-11.9,15.0,17.9,6.8,0.0
2026-07-16 01:00:00,RJPN-006-1,RJPN-006,Band 3 (1800MHz),-88.5,-9.1,9.4,14.4,0.0,13.4
2026-07-16 01:00:00,RJPN-006-2,RJPN-006,Band 3 (1800MHz),-79.0,-10.7,13.2,0.0,17.6,34.0
2026-07-16 01:00:00,RJPN-006-3,RJPN-006,Band 3 (1800MHz),-92.5,-7.6,17.5,0.0,0.3,4.5
2026-07-16 01:00:00,RJPN-007-1,RJPN-007,Band 1 (2100MHz),-88.6,-9.1,12.5,3.5,5.4,51.0
2026-07-16 01:00:00,RJPN-007-2,RJPN-007,Band 1 (2100MHz),-86.5,-11.5,14.9,0.0,3.1,4.9
2026-07-16 01:00:00,RJPN-007-3,RJPN-007,Band 1 (2100MHz),-88.2,-11.1,10.8,5.8,11.6,35.9
2026-07-16 01:00:00,RJPN-008-1,RJPN-008,Band 3 (1800MHz),-83.6,-8.5,7.1,1.9,6.1,0.0
2026-07-16 01:00:00,RJPN-008-2,RJPN-008,Band 3 (1800MHz),-84.1,-9.6,12.4,34.1,25.0,15.5
2026-07-16 01:00:00,RJPN-008-3,RJPN-008,Band 3 (1800MHz),-89.6,-6.6,17.6,0.0,5.4,28.3
2026-07-16 01:00:00,RJPN-009-1,RJPN-009,Band 1 (2100MHz),-84.2,-11.4,9.4,6.6,0.0,13.2
2026-07-16 01:00:00,RJPN-009-2,RJPN-009,Band 1 (2100MHz),-86.6,-8.7,18.3,0.0,0.0,7.7
2026-07-16 01:00:00,RJPN-009-3,RJPN-009,Band 1 (2100MHz),-88.0,-6.0,8.7,5.6,8.2,0.0
2026-07-16 01:00:00,RJPN-010-1,RJPN-010,Band 3 (1800MHz),-83.9,-4.6,16.3,0.0,6.2,28.3
2026-07-16 01:00:00,RJPN-010-2,RJPN-010,Band 3 (1800MHz),-87.2,-7.3,9.9,1.4,10.0,0.0
2026-07-16 01:00:00,RJPN-010-3,RJPN-010,Band 3 (1800MHz),-98.8,-11.9,7.6,29.0,9.9,32.6
2026-07-16 01:00:00,RJPN-011-1,RJPN-011,Band 1 (2100MHz),-100.2,-12.9,4.2,29.3,0.0,2.2
2026-07-16 01:00:00,RJPN-011-2,RJPN-011,Band 1 (2100MHz),-87.7,-8.0,9.7,0.0,0.0,1.0
2026-07-16 01:00:00,RJPN-011-3,RJPN-011,Band 1 (2100MHz),-78.9,-8.9,15.4,3.2,2.8,10.7
2026-07-16 02:00:00,RJPN-001-1,RJPN-001,Band 1 (2100MHz),-76.6,-7.1,8.6,12.8,4.9,25.1
2026-07-16 02:00:00,RJPN-001-2,RJPN-001,Band 1 (2100MHz),-90.0,-6.7,8.3,13.6,0.0,4.2
2026-07-16 02:00:00,RJPN-001-3,RJPN-001,Band 1 (2100MHz),-83.1,-7.7,13.8,29.4,9.4,18.8
2026-07-16 02:00:00,RJPN-002-1,RJPN-002,Band 3 (1800MHz),-96.8,-14.0,9.4,15.8,0.0,53.5
2026-07-16 02:00:00,RJPN-002-2,RJPN-002,Band 3 (1800MHz),-83.1,-9.8,15.4,3.6,15.8,44.5
2026-07-16 02:00:00,RJPN-002-3,RJPN-002,Band 3 (1800MHz),-83.1,-8.7,9.7,0.0,4.9,8.9
2026-07-16 02:00:00,RJPN-003-1,RJPN-003,Band 1 (2100MHz),-93.0,-7.0,20.6,10.1,0.0,30.4
2026-07-16 02:00:00,RJPN-003-2,RJPN-003,Band 1 (2100MHz),-92.0,-8.8,13.2,0.0,0.0,54.9
2026-07-16 02:00:00,RJPN-003-3,RJPN-003,Band 1 (2100MHz),-84.4,-9.4,9.5,9.8,0.0,4.2
2026-07-16 02:00:00,RJPN-004-1,RJPN-004,Band 3 (1800MHz),-92.7,-8.0,10.2,0.6,0.0,20.5
2026-07-16 02:00:00,RJPN-004-2,RJPN-004,Band 3 (1800MHz),-85.7,-6.6,16.6,13.9,0.0,21.3
2026-07-16 02:00:00,RJPN-004-3,RJPN-004,Band 3 (1800MHz),-90.8,-9.6,16.6,2.4,15.3,38.6
2026-07-16 02:00:00,RJPN-005-1,RJPN-005,Band 1 (2100MHz),-91.2,-9.0,17.3,10.2,23.2,0.0
2026-07-16 02:00:00,RJPN-005-2,RJPN-005,Band 1 (2100MHz),-90.2,-6.9,12.9,8.1,3.4,4.0
2026-07-16 02:00:00,RJPN-005-3,RJPN-005,Band 1 (2100MHz),-90.3,-12.5,9.6,12.8,4.7,16.4
2026-07-16 02:00:00,RJPN-006-1,RJPN-006,Band 3 (1800MHz),-89.1,-7.0,13.8,20.1,2.5,8.1
2026-07-16 02:00:00,RJPN-006-2,RJPN-006,Band 3 (1800MHz),-88.6,-8.1,16.6,0.0,0.0,9.6
2026-07-16 02:00:00,RJPN-006-3,RJPN-006,Band 3 (1800MHz),-85.9,-12.8,12.7,3.6,8.1,0.0
2026-07-16 02:00:00,RJPN-007-1,RJPN-007,Band 1 (2100MHz),-89.8,-7.1,15.1,2.1,2.9,10.7
2026-07-16 02:00:00,RJPN-007-2,RJPN-007,Band 1 (2100MHz),-80.5,-9.3,13.2,21.4,20.4,17.8
2026-07-16 02:00:00,RJPN-007-3,RJPN-007,Band 1 (2100MHz),-83.0,-10.2,8.9,0.0,0.0,44.2
2026-07-16 02:00:00,RJPN-008-1,RJPN-008,Band 3 (1800MHz),-89.2,-8.7,10.0,5.1,0.0,22.8
2026-07-16 02:00:00,RJPN-008-2,RJPN-008,Band 3 (1800MHz),-83.9,-5.3,19.4,12.4,0.0,0.0
2026-07-16 02:00:00,RJPN-008-3,RJPN-008,Band 3 (1800MHz),-92.1,-6.7,19.0,20.6,0.6,44.6
2026-07-16 02:00:00,RJPN-009-1,RJPN-009,Band 1 (2100MHz),-86.0,-6.1,6.6,0.0,0.0,3.2
2026-07-16 02:00:00,RJPN-009-2,RJPN-009,Band 1 (2100MHz),-88.9,-10.0,16.8,0.0,0.0,1.8
2026-07-16 02:00:00,RJPN-009-3,RJPN-009,Band 1 (2100MHz),-91.4,-9.7,10.6,13.6,17.1,0.0
2026-07-16 02:00:00,RJPN-010-1,RJPN-010,Band 3 (1800MHz),-89.4,-7.4,14.4,10.7,11.0,51.6
2026-07-16 02:00:00,RJPN-010-2,RJPN-010,Band 3 (1800MHz),-87.5,-8.9,17.7,23.4,2.8,25.6
2026-07-16 02:00:00,RJPN-010-3,RJPN-010,Band 3 (1800MHz),-96.2,-11.5,7.6,9.2,17.3,18.2
2026-07-16 02:00:00,RJPN-011-1,RJPN-011,Band 1 (2100MHz),-97.4,-11.6,12.9,4.7,0.0,12.6
2026-07-16 02:00:00,RJPN-011-2,RJPN-011,Band 1 (2100MHz),-89.0,-9.8,17.0,0.0,0.0,0.0
2026-07-16 02:00:00,RJPN-011-3,RJPN-011,Band 1 (2100MHz),-86.8,-11.5,10.6,0.0,4.6,3.8
2026-07-16 03:00:00,RJPN-001-1,RJPN-001,Band 1 (2100MHz),-89.7,-7.6,13.5,0.0,0.0,8.4
2026-07-16 03:00:00,RJPN-001-2,RJPN-001,Band 1 (2100MHz),-83.1,-10.5,16.5,19.5,13.0,30.9
2026-07-16 03:00:00,RJPN-001-3,RJPN-001,Band 1 (2100MHz),-83.1,-5.1,13.9,16.6,8.2,41.1
2026-07-16 03:00:00,RJPN-002-1,RJPN-002,Band 3 (1800MHz),-100.9,-13.2,4.6,5.9,2.8,0.0
2026-07-16 03:00:00,RJPN-002-2,RJPN-002,Band 3 (1800MHz),-81.3,-8.8,14.5,0.0,0.0,37.3
2026-07-16 03:00:00,RJPN-002-3,RJPN-002,Band 3 (1800MHz),-78.1,-9.4,14.6,4.8,0.0,49.7
2026-07-16 03:00:00,RJPN-003-1,RJPN-003,Band 1 (2100MHz),-95.3,-8.7,19.8,0.0,15.0,8.4
2026-07-16 03:00:00,RJPN-003-2,RJPN-003,Band 1 (2100MHz),-92.1,-9.0,18.6,0.0,5.2,45.8
2026-07-16 03:00:00,RJPN-003-3,RJPN-003,Band 1 (2100MHz),-87.7,-7.4,14.3,15.4,14.0,0.0
2026-07-16 03:00:00,RJPN-004-1,RJPN-004,Band 3 (1800MHz),-81.1,-5.9,13.9,0.0,0.0,0.0
2026-07-16 03:00:00,RJPN-004-2,RJPN-004,Band 3 (1800MHz),-86.6,-9.1,7.2,18.0,10.0,0.0
2026-07-16 03:00:00,RJPN-004-3,RJPN-004,Band 3 (1800MHz),-88.0,-8.5,20.4,2.2,8.3,43.5
2026-07-16 03:00:00,RJPN-005-1,RJPN-005,Band 1 (2100MHz),-86.3,-10.0,12.1,12.8,0.0,0.0
2026-07-16 03:00:00,RJPN-005-2,RJPN-005,Band 1 (2100MHz),-87.7,-7.7,15.0,0.0,4.4,43.0
2026-07-16 03:00:00,RJPN-005-3,RJPN-005,Band 1 (2100MHz),-89.9,-4.7,17.2,19.4,16.2,0.0
2026-07-16 03:00:00,RJPN-006-1,RJPN-006,Band 3 (1800MHz),-85.4,-7.4,4.5,9.9,12.6,28.5
2026-07-16 03:00:00,RJPN-006-2,RJPN-006,Band 3 (1800MHz),-85.8,-9.7,21.3,0.0,5.7,30.5
2026-07-16 03:00:00,RJPN-006-3,RJPN-006,Band 3 (1800MHz),-91.2,-10.4,15.9,0.7,7.3,47.3
2026-07-16 03:00:00,RJPN-007-1,RJPN-007,Band 1 (2100MHz),-85.9,-7.3,0.8,10.6,0.0,27.5
2026-07-16 03:00:00,RJPN-007-2,RJPN-007,Band 1 (2100MHz),-79.0,-9.7,12.3,11.4,8.0,14.6
2026-07-16 03:00:00,RJPN-007-3,RJPN-007,Band 1 (2100MHz),-91.6,-5.1,9.9,0.0,11.8,0.0
2026-07-16 03:00:00,RJPN-008-1,RJPN-008,Band 3 (1800MHz),-77.5,-6.7,12.8,0.0,0.0,0.0
2026-07-16 03:00:00,RJPN-008-2,RJPN-008,Band 3 (1800MHz),-90.9,-9.4,15.4,5.8,0.0,0.0
2026-07-16 03:00:00,RJPN-008-3,RJPN-008,Band 3 (1800MHz),-81.1,-8.4,20.4,6.3,10.3,11.7
2026-07-16 03:00:00,RJPN-009-1,RJPN-009,Band 1 (2100MHz),-86.8,-7.3,8.9,8.4,11.2,0.0
2026-07-16 03:00:00,RJPN-009-2,RJPN-009,Band 1 (2100MHz),-89.3,-10.5,11.4,3.6,1.4,49.9
2026-07-16 03:00:00,RJPN-009-3,RJPN-009,Band 1 (2100MHz),-88.1,-7.2,16.7,19.5,11.9,0.0
2026-07-16 03:00:00,RJPN-010-1,RJPN-010,Band 3 (1800MHz),-91.9,-9.6,17.6,0.0,0.0,3.9
2026-07-16 03:00:00,RJPN-010-2,RJPN-010,Band 3 (1800MHz),-89.1,-9.3,15.9,3.0,3.6,0.0
2026-07-16 03:00:00,RJPN-010-3,RJPN-010,Band 3 (1800MHz),-94.3,-12.2,13.9,4.6,7.4,0.9
2026-07-16 03:00:00,RJPN-011-1,RJPN-011,Band 1 (2100MHz),-95.5,-11.3,11.2,0.3,9.7,41.0
2026-07-16 03:00:00,RJPN-011-2,RJPN-011,Band 1 (2100MHz),-84.5,-8.5,3.7,0.0,0.3,22.1
2026-07-16 03:00:00,RJPN-011-3,RJPN-011,Band 1 (2100MHz),-81.2,-5.5,11.6,6.1,14.6,24.4
2026-07-16 04:00:00,RJPN-001-1,RJPN-001,Band 1 (2100MHz),-80.8,-11.4,13.5,19.1,7.6,46.2
2026-07-16 04:00:00,RJPN-001-2,RJPN-001,Band 1 (2100MHz),-86.6,-7.4,12.0,22.8,0.0,8.3
2026-07-16 04:00:00,RJPN-001-3,RJPN-001,Band 1 (2100MHz),-89.8,-11.0,11.9,21.0,5.7,10.9
2026-07-16 04:00:00,RJPN-002-1,RJPN-002,Band 3 (1800MHz),-101.9,-11.6,7.6,0.0,17.6,24.4
2026-07-16 04:00:00,RJPN-002-2,RJPN-002,Band 3 (1800MHz),-87.1,-6.6,8.7,7.3,12.3,41.3
2026-07-16 04:00:00,RJPN-002-3,RJPN-002,Band 3 (1800MHz),-92.7,-9.1,11.3,18.2,20.9,0.0
2026-07-16 04:00:00,RJPN-003-1,RJPN-003,Band 1 (2100MHz),-92.6,-8.9,10.2,0.0,2.1,1.2
2026-07-16 04:00:00,RJPN-003-2,RJPN-003,Band 1 (2100MHz),-76.8,-7.6,14.7,18.1,21.2,5.6
2026-07-16 04:00:00,RJPN-003-3,RJPN-003,Band 1 (2100MHz),-81.4,-10.0,13.2,18.7,18.4,15.6
2026-07-16 04:00:00,RJPN-004-1,RJPN-004,Band 3 (1800MHz),-89.6,-7.3,19.4,17.6,0.0,56.2
2026-07-16 04:00:00,RJPN-004-2,RJPN-004,Band 3 (1800MHz),-87.5,-7.1,11.3,1.2,12.0,0.0
2026-07-16 04:00:00,RJPN-004-3,RJPN-004,Band 3 (1800MHz),-84.8,-9.2,14.2,28.0,0.5,16.3
2026-07-16 04:00:00,RJPN-005-1,RJPN-005,Band 1 (2100MHz),-95.4,-9.6,3.5,23.2,0.0,3.5
2026-07-16 04:00:00,RJPN-005-2,RJPN-005,Band 1 (2100MHz),-89.6,-6.8,9.5,9.7,11.0,14.9
2026-07-16 04:00:00,RJPN-005-3,RJPN-005,Band 1 (2100MHz),-89.6,-6.2,14.5,0.0,0.6,0.0
2026-07-16 04:00:00,RJPN-006-1,RJPN-006,Band 3 (1800MHz),-87.8,-7.2,17.9,2.3,8.8,0.0
2026-07-16 04:00:00,RJPN-006-2,RJPN-006,Band 3 (1800MHz),-85.9,-7.6,8.7,4.8,0.0,0.0
2026-07-16 04:00:00,RJPN-006-3,RJPN-006,Band 3 (1800MHz),-89.4,-9.8,9.3,25.8,9.2,20.3
2026-07-16 04:00:00,RJPN-007-1,RJPN-007,Band 1 (2100MHz),-90.2,-7.0,14.4,2.6,0.0,24.8
2026-07-16 04:00:00,RJPN-007-2,RJPN-007,Band 1 (2100MHz),-83.5,-8.7,14.1,10.3,1.0,0.1
2026-07-16 04:00:00,RJPN-007-3,RJPN-007,Band 1 (2100MHz),-84.3,-4.9,6.0,2.2,7.6,0.0
2026-07-16 04:00:00,RJPN-008-1,RJPN-008,Band 3 (1800MHz),-77.3,-5.9,9.1,11.3,0.0,0.7
2026-07-16 04:00:00,RJPN-008-2,RJPN-008,Band 3 (1800MHz),-87.5,-7.3,5.8,15.3,11.9,2.6
2026-07-16 04:00:00,RJPN-008-3,RJPN-008,Band 3 (1800MHz),-84.4,-6.5,13.3,28.4,0.0,49.1
2026-07-16 04:00:00,RJPN-009-1,RJPN-009,Band 1 (2100MHz),-83.5,-11.3,13.1,20.1,0.0,43.5
2026-07-16 04:00:00,RJPN-009-2,RJPN-009,Band 1 (2100MHz),-85.6,-8.2,17.8,12.5,11.5,0.0
2026-07-16 04:00:00,RJPN-009-3,RJPN-009,Band 1 (2100MHz),-89.8,-6.9,10.7,0.0,5.6,0.0
2026-07-16 04:00:00,RJPN-010-1,RJPN-010,Band 3 (1800MHz),-88.4,-7.7,18.9,13.4,2.4,17.0
2026-07-16 04:00:00,RJPN-010-2,RJPN-010,Band 3 (1800MHz),-89.9,-7.4,12.8,21.2,2.3,0.0
2026-07-16 04:00:00,RJPN-010-3,RJPN-010,Band 3 (1800MHz),-101.7,-13.8,8.8,16.1,17.2,0.0
2026-07-16 04:00:00,RJPN-011-1,RJPN-011,Band 1 (2100MHz),-99.6,-12.8,15.7,0.0,0.0,15.9
2026-07-16 04:00:00,RJPN-011-2,RJPN-011,Band 1 (2100MHz),-85.1,-7.6,8.5,0.9,0.0,34.9
2026-07-16 04:00:00,RJPN-011-3,RJPN-011,Band 1 (2100MHz),-90.3,-8.7,15.0,18.3,9.8,0.0
2026-07-16 05:00:00,RJPN-001-1,RJPN-001,Band 1 (2100MHz),-92.4,-8.2,8.9,0.1,13.1,29.0
2026-07-16 05:00:00,RJPN-001-2,RJPN-001,Band 1 (2100MHz),-80.4,-7.1,21.3,0.0,0.0,0.1
2026-07-16 05:00:00,RJPN-001-3,RJPN-001,Band 1 (2100MHz),-91.9,-7.3,14.2,0.0,0.0,0.0
2026-07-16 05:00:00,RJPN-002-1,RJPN-002,Band 3 (1800MHz),-99.7,-11.0,3.4,10.3,0.7,29.8
2026-07-16 05:00:00,RJPN-002-2,RJPN-002,Band 3 (1800MHz),-89.6,-4.8,18.3,19.5,19.5,8.0
2026-07-16 05:00:00,RJPN-002-3,RJPN-002,Band 3 (1800MHz),-87.9,-5.5,11.2,6.0,5.6,45.9
2026-07-16 05:00:00,RJPN-003-1,RJPN-003,Band 1 (2100MHz),-85.1,-10.0,24.9,2.5,0.0,40.7
2026-07-16 05:00:00,RJPN-003-2,RJPN-003,Band 1 (2100MHz),-82.3,-8.1,18.0,0.0,6.9,0.0
2026-07-16 05:00:00,RJPN-003-3,RJPN-003,Band 1 (2100MHz),-89.6,-7.7,15.9,8.6,8.2,2.6
2026-07-16 05:00:00,RJPN-004-1,RJPN-004,Band 3 (1800MHz),-91.0,-6.2,8.1,0.0,0.0,6.6
2026-07-16 05:00:00,RJPN-004-2,RJPN-004,Band 3 (1800MHz),-86.5,-6.2,16.7,9.8,5.5,0.0
2026-07-16 05:00:00,RJPN-004-3,RJPN-004,Band 3 (1800MHz),-82.4,-9.4,9.5,6.6,25.0,0.0
2026-07-16 05:00:00,RJPN-005-1,RJPN-005,Band 1 (2100MHz),-78.1,-7.5,13.6,22.0,7.7,28.0
2026-07-16 05:00:00,RJPN-005-2,RJPN-005,Band 1 (2100MHz),-88.6,-5.8,13.1,7.9,4.2,8.8
2026-07-16 05:00:00,RJPN-005-3,RJPN-005,Band 1 (2100MHz),-82.8,-9.2,17.2,32.0,4.0,45.9
2026-07-16 05:00:00,RJPN-006-1,RJPN-006,Band 3 (1800MHz),-88.1,-9.6,3.1,13.6,1.4,5.0
2026-07-16 05:00:00,RJPN-006-2,RJPN-006,Band 3 (1800MHz),-89.0,-4.5,13.3,5.0,16.7,0.0
2026-07-16 05:00:00,RJPN-006-3,RJPN-006,Band 3 (1800MHz),-79.2,-6.1,13.9,0.0,7.4,19.8
2026-07-16 05:00:00,RJPN-007-1,RJPN-007,Band 1 (2100MHz),-85.8,-10.0,16.7,18.5,8.6,29.4
2026-07-16 05:00:00,RJPN-007-2,RJPN-007,Band 1 (2100MHz),-85.9,-10.7,4.5,8.0,0.0,0.0
2026-07-16 05:00:00,RJPN-007-3,RJPN-007,Band 1 (2100MHz),-83.7,-8.7,7.8,4.4,14.9,8.3
2026-07-16 05:00:00,RJPN-008-1,RJPN-008,Band 3 (1800MHz),-87.3,-8.0,17.7,8.2,19.1,18.2
2026-07-16 05:00:00,RJPN-008-2,RJPN-008,Band 3 (1800MHz),-80.9,-9.4,19.3,0.0,0.0,0.0
2026-07-16 05:00:00,RJPN-008-3,RJPN-008,Band 3 (1800MHz),-91.0,-8.5,12.5,5.9,0.0,29.1
2026-07-16 05:00:00,RJPN-009-1,RJPN-009,Band 1 (2100MHz),-89.2,-10.6,12.8,17.8,14.2,14.3
2026-07-16 05:00:00,RJPN-009-2,RJPN-009,Band 1 (2100MHz),-90.0,-9.8,17.7,0.0,9.8,13.2
2026-07-16 05:00:00,RJPN-009-3,RJPN-009,Band 1 (2100MHz),-91.5,-11.0,12.3,16.1,3.6,0.0
2026-07-16 05:00:00,RJPN-010-1,RJPN-010,Band 3 (1800MHz),-87.8,-10.2,11.4,0.0,13.4,21.0
2026-07-16 05:00:00,RJPN-010-2,RJPN-010,Band 3 (1800MHz),-86.5,-6.2,20.5,16.5,13.4,4.1
2026-07-16 05:00:00,RJPN-010-3,RJPN-010,Band 3 (1800MHz),-101.4,-10.8,2.9,2.3,0.0,25.2
2026-07-16 05:00:00,RJPN-011-1,RJPN-011,Band 1 (2100MHz),-98.9,-13.9,-0.8,1.6,9.2,48.6
2026-07-16 05:00:00,RJPN-011-2,RJPN-011,Band 1 (2100MHz),-85.0,-7.2,6.6,0.0,16.2,0.0
2026-07-16 05:00:00,RJPN-011-3,RJPN-011,Band 1 (2100MHz),-84.1,-8.1,7.2,4.5,0.0,24.0
2026-07-16 06:00:00,RJPN-001-1,RJPN-001,Band 1 (2100MHz),-90.5,-6.8,5.7,14.3,14.8,48.9
2026-07-16 06:00:00,RJPN-001-2,RJPN-001,Band 1 (2100MHz),-93.7,-9.6,12.5,20.1,12.1,35.5
2026-07-16 06:00:00,RJPN-001-3,RJPN-001,Band 1 (2100MHz),-89.6,-10.9,13.6,34.4,10.4,3.9
2026-07-16 06:00:00,RJPN-002-1,RJPN-002,Band 3 (1800MHz),-96.4,-10.5,5.8,31.8,2.2,31.6
2026-07-16 06:00:00,RJPN-002-2,RJPN-002,Band 3 (1800MHz),-84.1,-7.9,14.6,23.7,11.6,5.9
2026-07-16 06:00:00,RJPN-002-3,RJPN-002,Band 3 (1800MHz),-83.9,-10.1,12.8,0.0,8.9,0.0
2026-07-16 06:00:00,RJPN-003-1,RJPN-003,Band 1 (2100MHz),-84.1,-4.8,16.5,18.5,18.4,26.6
2026-07-16 06:00:00,RJPN-003-2,RJPN-003,Band 1 (2100MHz),-85.2,-8.1,13.9,47.0,10.8,11.2
2026-07-16 06:00:00,RJPN-003-3,RJPN-003,Band 1 (2100MHz),-90.0,-7.3,8.4,19.1,12.0,33.4
2026-07-16 06:00:00,RJPN-004-1,RJPN-004,Band 3 (1800MHz),-92.1,-9.4,16.0,10.3,0.0,13.3
2026-07-16 06:00:00,RJPN-004-2,RJPN-004,Band 3 (1800MHz),-84.4,-8.8,12.3,5.0,9.2,0.0
2026-07-16 06:00:00,RJPN-004-3,RJPN-004,Band 3 (1800MHz),-86.9,-8.3,20.6,14.2,14.8,0.0
2026-07-16 06:00:00,RJPN-005-1,RJPN-005,Band 1 (2100MHz),-84.8,-6.1,19.4,39.6,12.9,49.6
2026-07-16 06:00:00,RJPN-005-2,RJPN-005,Band 1 (2100MHz),-84.8,-6.4,7.7,20.7,3.9,27.7
2026-07-16 06:00:00,RJPN-005-3,RJPN-005,Band 1 (2100MHz),-96.8,-8.0,11.6,6.9,8.3,12.9
2026-07-16 06:00:00,RJPN-006-1,RJPN-006,Band 3 (1800MHz),-85.7,-9.7,7.7,24.6,2.2,18.4
2026-07-16 06:00:00,RJPN-006-2,RJPN-006,Band 3 (1800MHz),-82.8,-8.0,18.3,8.8,9.4,14.5
2026-07-16 06:00:00,RJPN-006-3,RJPN-006,Band 3 (1800MHz),-98.6,-7.3,12.1,29.1,0.0,13.6
2026-07-16 06:00:00,RJPN-007-1,RJPN-007,Band 1 (2100MHz),-86.8,-4.2,5.1,11.7,14.0,31.0
2026-07-16 06:00:00,RJPN-007-2,RJPN-007,Band 1 (2100MHz),-83.9,-7.3,10.7,5.8,12.9,0.0
2026-07-16 06:00:00,RJPN-007-3,RJPN-007,Band 1 (2100MHz),-85.1,-5.6,6.0,11.3,10.7,17.8
2026-07-16 06:00:00,RJPN-008-1,RJPN-008,Band 3 (1800MHz),-82.8,-7.8,9.4,20.7,19.5,6.4
2026-07-16 06:00:00,RJPN-008-2,RJPN-008,Band 3 (1800MHz),-91.2,-7.6,8.9,41.4,17.1,2.6
2026-07-16 06:00:00,RJPN-008-3,RJPN-008,Band 3 (1800MHz),-89.9,-10.9,10.3,3.1,0.0,39.5
2026-07-16 06:00:00,RJPN-009-1,RJPN-009,Band 1 (2100MHz),-86.4,-12.7,-0.7,29.1,13.5,12.8
2026-07-16 06:00:00,RJPN-009-2,RJPN-009,Band 1 (2100MHz),-90.3,-10.0,3.5,6.3,10.3,22.9
2026-07-16 06:00:00,RJPN-009-3,RJPN-009,Band 1 (2100MHz),-93.7,-7.3,12.4,2.3,14.2,28.9
2026-07-16 06:00:00,RJPN-010-1,RJPN-010,Band 3 (1800MHz),-95.1,-7.3,11.3,6.6,1.7,33.3
2026-07-16 06:00:00,RJPN-010-2,RJPN-010,Band 3 (1800MHz),-88.9,-7.4,8.1,21.6,7.0,25.2
2026-07-16 06:00:00,RJPN-010-3,RJPN-010,Band 3 (1800MHz),-106.3,-13.5,10.5,10.4,24.5,16.5
2026-07-16 06:00:00,RJPN-011-1,RJPN-011,Band 1 (2100MHz),-98.6,-9.0,3.6,12.4,14.1,24.3
2026-07-16 06:00:00,RJPN-011-2,RJPN-011,Band 1 (2100MHz),-91.1,-11.2,23.2,0.0,0.0,25.1
2026-07-16 06:00:00,RJPN-011-3,RJPN-011,Band 1 (2100MHz),-88.8,-8.5,11.5,12.5,4.6,17.4
2026-07-16 07:00:00,RJPN-001-1,RJPN-001,Band 1 (2100MHz),-87.7,-10.5,12.0,59.3,43.0,107.7
2026-07-16 07:00:00,RJPN-001-2,RJPN-001,Band 1 (2100MHz),-85.1,-11.2,15.9,23.6,26.1,99.7
2026-07-16 07:00:00,RJPN-001-3,RJPN-001,Band 1 (2100MHz),-95.1,-15.4,9.5,60.4,25.0,86.8
2026-07-16 07:00:00,RJPN-002-1,RJPN-002,Band 3 (1800MHz),-99.5,-17.1,0.6,63.1,23.7,30.2
2026-07-16 07:00:00,RJPN-002-2,RJPN-002,Band 3 (1800MHz),-89.3,-11.0,11.3,36.3,29.9,48.2
2026-07-16 07:00:00,RJPN-002-3,RJPN-002,Band 3 (1800MHz),-82.1,-8.4,18.4,43.2,37.5,93.0
2026-07-16 07:00:00,RJPN-003-1,RJPN-003,Band 1 (2100MHz),-90.2,-9.1,3.5,40.1,37.0,69.2
2026-07-16 07:00:00,RJPN-003-2,RJPN-003,Band 1 (2100MHz),-85.3,-7.8,15.1,44.9,46.8,72.4
2026-07-16 07:00:00,RJPN-003-3,RJPN-003,Band 1 (2100MHz),-87.5,-10.7,9.1,68.5,20.1,129.8
2026-07-16 07:00:00,RJPN-004-1,RJPN-004,Band 3 (1800MHz),-89.3,-12.2,12.9,20.8,30.2,131.4
2026-07-16 07:00:00,RJPN-004-2,RJPN-004,Band 3 (1800MHz),-89.6,-11.6,13.5,48.0,36.1,83.0
2026-07-16 07:00:00,RJPN-004-3,RJPN-004,Band 3 (1800MHz),-89.2,-12.6,11.9,50.0,27.3,123.9
2026-07-16 07:00:00,RJPN-005-1,RJPN-005,Band 1 (2100MHz),-90.4,-12.0,21.2,46.9,23.5,81.0
2026-07-16 07:00:00,RJPN-005-2,RJPN-005,Band 1 (2100MHz),-81.3,-14.6,14.5,43.6,20.4,63.8
2026-07-16 07:00:00,RJPN-005-3,RJPN-005,Band 1 (2100MHz),-82.5,-10.9,18.2,56.6,32.6,51.1
2026-07-16 07:00:00,RJPN-006-1,RJPN-006,Band 3 (1800MHz),-87.7,-9.0,19.7,56.0,36.4,78.9
2026-07-16 07:00:00,RJPN-006-2,RJPN-006,Band 3 (1800MHz),-87.9,-7.8,23.5,58.8,24.9,95.9
2026-07-16 07:00:00,RJPN-006-3,RJPN-006,Band 3 (1800MHz),-94.2,-11.1,20.2,65.1,26.6,108.9
2026-07-16 07:00:00,RJPN-007-1,RJPN-007,Band 1 (2100MHz),-85.0,-7.4,17.3,53.3,37.9,86.4
2026-07-16 07:00:00,RJPN-007-2,RJPN-007,Band 1 (2100MHz),-91.2,-10.5,11.5,48.8,31.8,78.8
2026-07-16 07:00:00,RJPN-007-3,RJPN-007,Band 1 (2100MHz),-94.5,-9.1,21.0,52.3,34.7,93.2
2026-07-16 07:00:00,RJPN-008-1,RJPN-008,Band 3 (1800MHz),-90.3,-14.8,4.8,71.2,33.3,44.3
2026-07-16 07:00:00,RJPN-008-2,RJPN-008,Band 3 (1800MHz),-91.9,-10.5,9.7,66.1,29.9,113.9
2026-07-16 07:00:00,RJPN-008-3,RJPN-008,Band 3 (1800MHz),-89.6,-10.8,17.2,56.2,13.1,105.2
2026-07-16 07:00:00,RJPN-009-1,RJPN-009,Band 1 (2100MHz),-86.0,-10.1,7.8,40.8,47.2,95.6
2026-07-16 07:00:00,RJPN-009-2,RJPN-009,Band 1 (2100MHz),-92.5,-6.6,12.7,39.4,33.0,106.9
2026-07-16 07:00:00,RJPN-009-3,RJPN-009,Band 1 (2100MHz),-86.1,-8.6,18.5,65.3,39.7,91.2
2026-07-16 07:00:00,RJPN-010-1,RJPN-010,Band 3 (1800MHz),-91.0,-7.4,16.0,59.4,23.5,106.1
2026-07-16 07:00:00,RJPN-010-2,RJPN-010,Band 3 (1800MHz),-84.0,-10.4,27.3,58.2,42.8,102.4
2026-07-16 07:00:00,RJPN-010-3,RJPN-010,Band 3 (1800MHz),-101.3,-15.2,9.9,48.1,41.0,88.2
2026-07-16 07:00:00,RJPN-011-1,RJPN-011,Band 1 (2100MHz),-97.6,-10.1,4.2,52.1,28.9,99.4
2026-07-16 07:00:00,RJPN-011-2,RJPN-011,Band 1 (2100MHz),-83.7,-9.5,15.0,42.0,33.9,118.2
2026-07-16 07:00:00,RJPN-011-3,RJPN-011,Band 1 (2100MHz),-89.1,-9.4,11.5,46.1,40.2,126.9
2026-07-16 08:00:00,RJPN-001-1,RJPN-001,Band 1 (2100MHz),-93.3,-10.5,12.3,80.8,50.6,82.6
2026-07-16 08:00:00,RJPN-001-2,RJPN-001,Band 1 (2100MHz),-93.9,-13.0,13.9,59.6,46.4,88.8
2026-07-16 08:00:00,RJPN-001-3,RJPN-001,Band 1 (2100MHz),-82.7,-10.6,11.8,83.0,36.5,129.2
2026-07-16 08:00:00,RJPN-002-1,RJPN-002,Band 3 (1800MHz),-99.8,-14.8,7.3,47.4,26.1,151.3
2026-07-16 08:00:00,RJPN-002-2,RJPN-002,Band 3 (1800MHz),-81.1,-10.9,11.3,50.2,38.1,88.0
2026-07-16 08:00:00,RJPN-002-3,RJPN-002,Band 3 (1800MHz),-84.4,-10.3,7.4,70.4,54.1,143.0
2026-07-16 08:00:00,RJPN-003-1,RJPN-003,Band 1 (2100MHz),-79.5,-15.1,17.1,61.4,47.8,104.2
2026-07-16 08:00:00,RJPN-003-2,RJPN-003,Band 1 (2100MHz),-87.8,-15.0,14.5,74.5,38.2,90.8
2026-07-16 08:00:00,RJPN-003-3,RJPN-003,Band 1 (2100MHz),-79.3,-13.3,18.2,59.6,24.4,113.1
2026-07-16 08:00:00,RJPN-004-1,RJPN-004,Band 3 (1800MHz),-84.4,-9.3,16.1,56.3,29.6,95.9
2026-07-16 08:00:00,RJPN-004-2,RJPN-004,Band 3 (1800MHz),-88.4,-11.3,6.1,76.0,40.1,138.7
2026-07-16 08:00:00,RJPN-004-3,RJPN-004,Band 3 (1800MHz),-95.0,-10.5,16.9,68.8,40.4,143.0
2026-07-16 08:00:00,RJPN-005-1,RJPN-005,Band 1 (2100MHz),-83.7,-10.4,11.4,74.6,50.2,123.0
2026-07-16 08:00:00,RJPN-005-2,RJPN-005,Band 1 (2100MHz),-79.4,-8.1,25.6,78.2,49.9,122.7
2026-07-16 08:00:00,RJPN-005-3,RJPN-005,Band 1 (2100MHz),-87.0,-12.3,21.6,71.0,34.5,110.2
2026-07-16 08:00:00,RJPN-006-1,RJPN-006,Band 3 (1800MHz),-93.3,-13.8,21.6,76.4,51.1,143.3
2026-07-16 08:00:00,RJPN-006-2,RJPN-006,Band 3 (1800MHz),-87.1,-12.7,11.8,67.2,39.3,99.4
2026-07-16 08:00:00,RJPN-006-3,RJPN-006,Band 3 (1800MHz),-87.9,-11.9,14.6,75.1,48.5,77.4
2026-07-16 08:00:00,RJPN-007-1,RJPN-007,Band 1 (2100MHz),-88.1,-6.5,13.5,87.1,34.3,121.9
2026-07-16 08:00:00,RJPN-007-2,RJPN-007,Band 1 (2100MHz),-87.8,-9.6,20.0,83.1,38.9,110.9
2026-07-16 08:00:00,RJPN-007-3,RJPN-007,Band 1 (2100MHz),-86.8,-12.7,10.6,52.8,45.7,114.3
2026-07-16 08:00:00,RJPN-008-1,RJPN-008,Band 3 (1800MHz),-91.3,-9.7,11.3,67.9,45.4,171.3
2026-07-16 08:00:00,RJPN-008-2,RJPN-008,Band 3 (1800MHz),-85.4,-13.7,8.9,58.9,29.7,106.4
2026-07-16 08:00:00,RJPN-008-3,RJPN-008,Band 3 (1800MHz),-91.6,-13.4,17.0,59.5,36.1,109.2
2026-07-16 08:00:00,RJPN-009-1,RJPN-009,Band 1 (2100MHz),-87.8,-7.5,11.0,68.5,40.2,137.0
2026-07-16 08:00:00,RJPN-009-2,RJPN-009,Band 1 (2100MHz),-88.9,-14.2,19.4,77.0,35.1,107.3
2026-07-16 08:00:00,RJPN-009-3,RJPN-009,Band 1 (2100MHz),-92.0,-10.7,12.9,88.5,34.5,122.7
2026-07-16 08:00:00,RJPN-010-1,RJPN-010,Band 3 (1800MHz),-91.0,-9.9,8.3,76.3,39.5,120.9
2026-07-16 08:00:00,RJPN-010-2,RJPN-010,Band 3 (1800MHz),-87.7,-11.7,17.9,72.6,59.2,97.5
2026-07-16 08:00:00,RJPN-010-3,RJPN-010,Band 3 (1800MHz),-109.2,-12.5,0.3,62.4,45.6,122.8
2026-07-16 08:00:00,RJPN-011-1,RJPN-011,Band 1 (2100MHz),-110.8,-18.2,4.6,54.9,57.6,120.1
2026-07-16 08:00:00,RJPN-011-2,RJPN-011,Band 1 (2100MHz),-77.0,-9.6,13.3,66.5,39.6,107.5
2026-07-16 08:00:00,RJPN-011-3,RJPN-011,Band 1 (2100MHz),-92.2,-10.6,8.8,68.8,38.6,131.1
2026-07-16 09:00:00,RJPN-001-1,RJPN-001,Band 1 (2100MHz),-87.9,-9.3,20.5,58.9,28.4,97.4
2026-07-16 09:00:00,RJPN-001-2,RJPN-001,Band 1 (2100MHz),-93.0,-10.5,24.9,51.9,29.3,107.6
2026-07-16 09:00:00,RJPN-001-3,RJPN-001,Band 1 (2100MHz),-97.8,-6.7,18.8,46.9,20.4,102.2
2026-07-16 09:00:00,RJPN-002-1,RJPN-002,Band 3 (1800MHz),-102.2,-19.1,7.6,41.7,49.0,106.8
2026-07-16 09:00:00,RJPN-002-2,RJPN-002,Band 3 (1800MHz),-89.3,-6.5,15.2,45.3,29.9,129.5
2026-07-16 09:00:00,RJPN-002-3,RJPN-002,Band 3 (1800MHz),-90.9,-9.7,13.6,49.8,33.3,91.4
2026-07-16 09:00:00,RJPN-003-1,RJPN-003,Band 1 (2100MHz),-79.1,-7.7,4.6,35.6,19.1,90.6
2026-07-16 09:00:00,RJPN-003-2,RJPN-003,Band 1 (2100MHz),-93.3,-8.2,13.7,55.8,44.7,127.6
2026-07-16 09:00:00,RJPN-003-3,RJPN-003,Band 1 (2100MHz),-91.5,-10.9,14.9,70.7,25.9,90.7
2026-07-16 09:00:00,RJPN-004-1,RJPN-004,Band 3 (1800MHz),-82.3,-14.3,6.3,74.2,22.1,96.9
2026-07-16 09:00:00,RJPN-004-2,RJPN-004,Band 3 (1800MHz),-80.3,-11.9,26.7,73.0,34.2,90.2
2026-07-16 09:00:00,RJPN-004-3,RJPN-004,Band 3 (1800MHz),-80.7,-9.9,12.6,45.0,35.2,69.8
2026-07-16 09:00:00,RJPN-005-1,RJPN-005,Band 1 (2100MHz),-90.0,-9.6,6.1,44.4,40.3,91.6
2026-07-16 09:00:00,RJPN-005-2,RJPN-005,Band 1 (2100MHz),-89.3,-12.6,17.8,56.3,35.2,118.5
2026-07-16 09:00:00,RJPN-005-3,RJPN-005,Band 1 (2100MHz),-84.1,-10.2,15.2,55.9,24.2,82.1
2026-07-16 09:00:00,RJPN-006-1,RJPN-006,Band 3 (1800MHz),-81.8,-12.9,21.3,58.2,29.1,87.1
2026-07-16 09:00:00,RJPN-006-2,RJPN-006,Band 3 (1800MHz),-87.1,-9.4,16.4,63.9,32.9,57.9
2026-07-16 09:00:00,RJPN-006-3,RJPN-006,Band 3 (1800MHz),-94.3,-10.3,15.2,60.9,44.0,93.6
2026-07-16 09:00:00,RJPN-007-1,RJPN-007,Band 1 (2100MHz),-83.0,-6.8,16.8,40.4,47.7,124.3
2026-07-16 09:00:00,RJPN-007-2,RJPN-007,Band 1 (2100MHz),-88.6,-6.1,25.9,35.0,32.6,72.4
2026-07-16 09:00:00,RJPN-007-3,RJPN-007,Band 1 (2100MHz),-90.7,-10.5,8.0,60.6,28.2,58.6
2026-07-16 09:00:00,RJPN-008-1,RJPN-008,Band 3 (1800MHz),-88.1,-12.0,21.3,57.1,36.7,83.0
2026-07-16 09:00:00,RJPN-008-2,RJPN-008,Band 3 (1800MHz),-88.6,-6.5,13.9,55.3,29.4,98.2
2026-07-16 09:00:00,RJPN-008-3,RJPN-008,Band 3 (1800MHz),-88.0,-12.1,12.3,49.0,40.7,105.3
2026-07-16 09:00:00,RJPN-009-1,RJPN-009,Band 1 (2100MHz),-82.8,-8.3,14.1,56.0,28.1,98.7
2026-07-16 09:00:00,RJPN-009-2,RJPN-009,Band 1 (2100MHz),-83.4,-14.2,13.2,67.0,25.8,77.3
2026-07-16 09:00:00,RJPN-009-3,RJPN-009,Band 1 (2100MHz),-84.1,-12.1,24.9,62.0,39.1,84.6
2026-07-16 09:00:00,RJPN-010-1,RJPN-010,Band 3 (1800MHz),-79.3,-9.2,20.2,51.9,41.4,112.9
2026-07-16 09:00:00,RJPN-010-2,RJPN-010,Band 3 (1800MHz),-88.3,-12.6,4.7,44.7,32.7,93.3
2026-07-16 09:00:00,RJPN-010-3,RJPN-010,Band 3 (1800MHz),-96.9,-14.2,4.0,60.6,33.3,141.5
2026-07-16 09:00:00,RJPN-011-1,RJPN-011,Band 1 (2100MHz),-103.4,-16.1,13.2,60.7,41.4,129.9
2026-07-16 09:00:00,RJPN-011-2,RJPN-011,Band 1 (2100MHz),-81.5,-10.0,17.3,31.6,39.2,121.8
2026-07-16 09:00:00,RJPN-011-3,RJPN-011,Band 1 (2100MHz),-83.4,-7.1,13.5,37.3,45.3,70.6
2026-07-16 10:00:00,RJPN-001-1,RJPN-001,Band 1 (2100MHz),-82.4,-8.6,17.9,16.2,8.3,0.0
2026-07-16 10:00:00,RJPN-001-2,RJPN-001,Band 1 (2100MHz),-87.8,-7.6,5.9,15.5,13.0,45.7
2026-07-16 10:00:00,RJPN-001-3,RJPN-001,Band 1 (2100MHz),-89.7,-6.8,16.4,11.0,7.4,39.9
2026-07-16 10:00:00,RJPN-002-1,RJPN-002,Band 3 (1800MHz),-103.7,-13.1,4.6,11.6,16.7,41.1
2026-07-16 10:00:00,RJPN-002-2,RJPN-002,Band 3 (1800MHz),-84.8,-7.4,11.9,30.8,19.4,29.0
2026-07-16 10:00:00,RJPN-002-3,RJPN-002,Band 3 (1800MHz),-91.0,-9.4,17.1,2.6,5.3,25.2
2026-07-16 10:00:00,RJPN-003-1,RJPN-003,Band 1 (2100MHz),-90.7,-6.7,18.9,24.7,16.2,16.9
2026-07-16 10:00:00,RJPN-003-2,RJPN-003,Band 1 (2100MHz),-80.8,-9.8,3.7,11.4,17.7,18.4
2026-07-16 10:00:00,RJPN-003-3,RJPN-003,Band 1 (2100MHz),-88.2,-6.5,9.4,44.6,4.0,26.0
2026-07-16 10:00:00,RJPN-004-1,RJPN-004,Band 3 (1800MHz),-87.3,-10.8,16.0,14.9,22.3,36.8
2026-07-16 10:00:00,RJPN-004-2,RJPN-004,Band 3 (1800MHz),-93.2,-7.1,12.8,29.2,4.1,0.0
2026-07-16 10:00:00,RJPN-004-3,RJPN-004,Band 3 (1800MHz),-90.2,-13.1,17.7,46.6,18.4,43.5
2026-07-16 10:00:00,RJPN-005-1,RJPN-005,Band 1 (2100MHz),-84.9,-6.8,15.6,11.0,1.5,40.5
2026-07-16 10:00:00,RJPN-005-2,RJPN-005,Band 1 (2100MHz),-88.2,-6.0,12.8,28.1,12.9,56.4
2026-07-16 10:00:00,RJPN-005-3,RJPN-005,Band 1 (2100MHz),-89.4,-9.4,13.1,2.6,2.9,30.8
2026-07-16 10:00:00,RJPN-006-1,RJPN-006,Band 3 (1800MHz),-87.9,-2.6,9.4,17.6,19.3,25.2
2026-07-16 10:00:00,RJPN-006-2,RJPN-006,Band 3 (1800MHz),-93.1,-11.5,19.0,21.5,20.8,8.2
2026-07-16 10:00:00,RJPN-006-3,RJPN-006,Band 3 (1800MHz),-88.6,-7.7,8.2,10.6,17.1,57.7
2026-07-16 10:00:00,RJPN-007-1,RJPN-007,Band 1 (2100MHz),-87.6,-10.8,11.4,25.4,4.7,0.0
2026-07-16 10:00:00,RJPN-007-2,RJPN-007,Band 1 (2100MHz),-84.4,-4.5,12.4,29.2,3.9,44.1
2026-07-16 10:00:00,RJPN-007-3,RJPN-007,Band 1 (2100MHz),-84.8,-8.3,19.4,6.5,0.4,30.2
2026-07-16 10:00:00,RJPN-008-1,RJPN-008,Band 3 (1800MHz),-82.3,-6.7,14.8,18.3,0.0,24.4
2026-07-16 10:00:00,RJPN-008-2,RJPN-008,Band 3 (1800MHz),-92.3,-8.7,14.0,26.7,0.8,13.3
2026-07-16 10:00:00,RJPN-008-3,RJPN-008,Band 3 (1800MHz),-85.9,-10.1,20.2,25.4,17.6,37.9
2026-07-16 10:00:00,RJPN-009-1,RJPN-009,Band 1 (2100MHz),-86.5,-11.3,20.6,21.0,5.2,8.7
2026-07-16 10:00:00,RJPN-009-2,RJPN-009,Band 1 (2100MHz),-88.3,-8.9,11.7,33.2,13.8,23.7
2026-07-16 10:00:00,RJPN-009-3,RJPN-009,Band 1 (2100MHz),-98.7,-4.1,20.2,0.0,0.0,22.5
2026-07-16 10:00:00,RJPN-010-1,RJPN-010,Band 3 (1800MHz),-92.3,-6.4,14.3,21.7,7.0,21.9
2026-07-16 10:00:00,RJPN-010-2,RJPN-010,Band 3 (1800MHz),-81.9,-11.2,15.5,29.0,19.0,0.0
2026-07-16 10:00:00,RJPN-010-3,RJPN-010,Band 3 (1800MHz),-99.5,-14.7,4.2,26.9,9.1,50.5
2026-07-16 10:00:00,RJPN-011-1,RJPN-011,Band 1 (2100MHz),-100.6,-13.8,-4.0,24.4,10.0,38.4
2026-07-16 10:00:00,RJPN-011-2,RJPN-011,Band 1 (2100MHz),-89.2,-11.0,9.9,11.3,12.5,13.7
2026-07-16 10:00:00,RJPN-011-3,RJPN-011,Band 1 (2100MHz),-84.6,-5.0,21.0,0.0,11.1,0.0
2026-07-16 11:00:00,RJPN-001-1,RJPN-001,Band 1 (2100MHz),-85.5,-9.2,15.1,62.7,13.9,98.0
2026-07-16 11:00:00,RJPN-001-2,RJPN-001,Band 1 (2100MHz),-89.6,-9.6,13.1,39.2,42.4,38.8
2026-07-16 11:00:00,RJPN-001-3,RJPN-001,Band 1 (2100MHz),-89.4,-7.5,19.9,63.5,17.3,105.5
2026-07-16 11:00:00,RJPN-002-1,RJPN-002,Band 3 (1800MHz),-96.2,-13.8,11.3,23.7,16.7,68.7
2026-07-16 11:00:00,RJPN-002-2,RJPN-002,Band 3 (1800MHz),-81.9,-6.8,15.9,64.1,40.1,83.9
2026-07-16 11:00:00,RJPN-002-3,RJPN-002,Band 3 (1800MHz),-86.8,-11.7,20.4,47.3,20.4,76.8
2026-07-16 11:00:00,RJPN-003-1,RJPN-003,Band 1 (2100MHz),-82.3,-12.1,8.0,58.7,45.1,74.6
2026-07-16 11:00:00,RJPN-003-2,RJPN-003,Band 1 (2100MHz),-93.2,-7.9,10.2,23.6,27.9,77.0
2026-07-16 11:00:00,RJPN-003-3,RJPN-003,Band 1 (2100MHz),-84.2,-9.2,14.5,34.7,27.8,68.2
2026-07-16 11:00:00,RJPN-004-1,RJPN-004,Band 3 (1800MHz),-83.3,-10.5,20.2,38.7,26.9,75.0
2026-07-16 11:00:00,RJPN-004-2,RJPN-004,Band 3 (1800MHz),-91.3,-8.5,15.2,42.6,20.2,50.1
2026-07-16 11:00:00,RJPN-004-3,RJPN-004,Band 3 (1800MHz),-84.5,-9.6,11.5,49.7,32.4,100.5
2026-07-16 11:00:00,RJPN-005-1,RJPN-005,Band 1 (2100MHz),-86.9,-9.7,12.2,34.5,38.2,72.7
2026-07-16 11:00:00,RJPN-005-2,RJPN-005,Band 1 (2100MHz),-92.8,-6.9,13.4,62.3,28.9,67.3
2026-07-16 11:00:00,RJPN-005-3,RJPN-005,Band 1 (2100MHz),-83.6,-12.2,12.2,58.8,36.9,41.6
2026-07-16 11:00:00,RJPN-006-1,RJPN-006,Band 3 (1800MHz),-90.2,-9.4,15.6,39.3,35.8,101.7
2026-07-16 11:00:00,RJPN-006-2,RJPN-006,Band 3 (1800MHz),-86.3,-11.4,10.1,41.4,39.9,81.4
2026-07-16 11:00:00,RJPN-006-3,RJPN-006,Band 3 (1800MHz),-92.3,-9.7,20.6,53.5,21.6,81.8
2026-07-16 11:00:00,RJPN-007-1,RJPN-007,Band 1 (2100MHz),-88.7,-11.0,13.8,31.8,37.9,64.6
2026-07-16 11:00:00,RJPN-007-2,RJPN-007,Band 1 (2100MHz),-88.4,-9.7,3.6,60.9,21.0,72.3
2026-07-16 11:00:00,RJPN-007-3,RJPN-007,Band 1 (2100MHz),-87.9,-9.2,12.1,47.4,27.1,44.6
2026-07-16 11:00:00,RJPN-008-1,RJPN-008,Band 3 (1800MHz),-86.6,-11.1,19.3,44.9,31.9,87.3
2026-07-16 11:00:00,RJPN-008-2,RJPN-008,Band 3 (1800MHz),-82.2,-6.7,13.7,47.0,20.5,71.7
2026-07-16 11:00:00,RJPN-008-3,RJPN-008,Band 3 (1800MHz),-88.8,-7.3,5.5,29.0,31.2,94.8
2026-07-16 11:00:00,RJPN-009-1,RJPN-009,Band 1 (2100MHz),-90.8,-9.3,10.6,40.9,37.0,69.1
2026-07-16 11:00:00,RJPN-009-2,RJPN-009,Band 1 (2100MHz),-89.4,-12.2,5.1,46.3,37.9,87.6
2026-07-16 11:00:00,RJPN-009-3,RJPN-009,Band 1 (2100MHz),-86.3,-10.0,8.6,23.1,23.6,47.7
2026-07-16 11:00:00,RJPN-010-1,RJPN-010,Band 3 (1800MHz),-89.7,-11.1,13.2,33.3,18.3,74.0
2026-07-16 11:00:00,RJPN-010-2,RJPN-010,Band 3 (1800MHz),-86.3,-13.6,14.9,45.0,29.9,67.0
2026-07-16 11:00:00,RJPN-010-3,RJPN-010,Band 3 (1800MHz),-97.5,-16.8,7.7,51.0,15.0,58.6
2026-07-16 11:00:00,RJPN-011-1,RJPN-011,Band 1 (2100MHz),-102.0,-13.2,4.4,54.1,51.6,97.9
2026-07-16 11:00:00,RJPN-011-2,RJPN-011,Band 1 (2100MHz),-87.1,-10.7,12.0,59.0,12.4,69.7
2026-07-16 11:00:00,RJPN-011-3,RJPN-011,Band 1 (2100MHz),-92.2,-9.4,14.1,63.5,23.0,61.0
2026-07-16 12:00:00,RJPN-001-1,RJPN-001,Band 1 (2100MHz),-87.1,-9.9,9.4,50.5,29.4,100.0
2026-07-16 12:00:00,RJPN-001-2,RJPN-001,Band 1 (2100MHz),-92.7,-10.5,7.4,50.1,33.6,82.3
2026-07-16 12:00:00,RJPN-001-3,RJPN-001,Band 1 (2100MHz),-89.1,-10.8,13.5,26.0,32.7,62.3
2026-07-16 12:00:00,RJPN-002-1,RJPN-002,Band 3 (1800MHz),-102.0,-13.1,6.8,57.3,43.7,85.3
2026-07-16 12:00:00,RJPN-002-2,RJPN-002,Band 3 (1800MHz),-84.8,-8.9,3.8,24.0,28.2,85.7
2026-07-16 12:00:00,RJPN-002-3,RJPN-002,Band 3 (1800MHz),-90.3,-8.7,22.2,46.3,30.0,78.4
2026-07-16 12:00:00,RJPN-003-1,RJPN-003,Band 1 (2100MHz),-88.5,-10.2,2.8,53.7,25.2,8.8
2026-07-16 12:00:00,RJPN-003-2,RJPN-003,Band 1 (2100MHz),-82.2,-9.5,10.3,43.1,36.7,92.5
2026-07-16 12:00:00,RJPN-003-3,RJPN-003,Band 1 (2100MHz),-82.8,-11.4,18.6,47.4,36.2,84.8
2026-07-16 12:00:00,RJPN-004-1,RJPN-004,Band 3 (1800MHz),-88.2,-7.4,13.3,54.1,23.5,68.6
2026-07-16 12:00:00,RJPN-004-2,RJPN-004,Band 3 (1800MHz),-93.1,-9.3,11.4,59.4,21.3,68.3
2026-07-16 12:00:00,RJPN-004-3,RJPN-004,Band 3 (1800MHz),-87.9,-11.3,17.7,50.2,48.6,71.9
2026-07-16 12:00:00,RJPN-005-1,RJPN-005,Band 1 (2100MHz),-82.3,-8.7,3.3,32.1,20.6,103.8
2026-07-16 12:00:00,RJPN-005-2,RJPN-005,Band 1 (2100MHz),-86.1,-9.2,13.3,66.8,46.4,109.8
2026-07-16 12:00:00,RJPN-005-3,RJPN-005,Band 1 (2100MHz),-86.4,-11.4,18.7,57.5,25.9,63.7
2026-07-16 12:00:00,RJPN-006-1,RJPN-006,Band 3 (1800MHz),-81.7,-8.8,11.2,52.2,29.7,77.2
2026-07-16 12:00:00,RJPN-006-2,RJPN-006,Band 3 (1800MHz),-94.1,-7.9,15.7,47.6,35.9,82.1
2026-07-16 12:00:00,RJPN-006-3,RJPN-006,Band 3 (1800MHz),-84.4,-10.7,11.2,72.7,24.7,91.5
2026-07-16 12:00:00,RJPN-007-1,RJPN-007,Band 1 (2100MHz),-87.6,-9.8,11.3,45.7,29.5,87.7
2026-07-16 12:00:00,RJPN-007-2,RJPN-007,Band 1 (2100MHz),-84.7,-9.8,12.8,40.0,26.4,53.9
2026-07-16 12:00:00,RJPN-007-3,RJPN-007,Band 1 (2100MHz),-88.9,-9.6,18.4,59.1,30.7,67.6
2026-07-16 12:00:00,RJPN-008-1,RJPN-008,Band 3 (1800MHz),-78.9,-11.4,12.2,47.0,16.4,83.7
2026-07-16 12:00:00,RJPN-008-2,RJPN-008,Band 3 (1800MHz),-84.5,-11.5,12.7,62.9,23.2,55.4
2026-07-16 12:00:00,RJPN-008-3,RJPN-008,Band 3 (1800MHz),-79.8,-10.5,4.4,56.6,26.8,71.5
2026-07-16 12:00:00,RJPN-009-1,RJPN-009,Band 1 (2100MHz),-86.3,-7.9,9.2,53.1,35.4,70.0
2026-07-16 12:00:00,RJPN-009-2,RJPN-009,Band 1 (2100MHz),-88.9,-10.9,16.4,55.9,18.9,67.8
2026-07-16 12:00:00,RJPN-009-3,RJPN-009,Band 1 (2100MHz),-85.8,-12.2,12.3,39.5,31.8,60.6
2026-07-16 12:00:00,RJPN-010-1,RJPN-010,Band 3 (1800MHz),-90.2,-9.4,9.6,42.0,22.7,93.0
2026-07-16 12:00:00,RJPN-010-2,RJPN-010,Band 3 (1800MHz),-83.1,-9.9,9.6,40.6,37.4,110.7
2026-07-16 12:00:00,RJPN-010-3,RJPN-010,Band 3 (1800MHz),-97.4,-13.6,7.6,44.1,27.0,81.5
2026-07-16 12:00:00,RJPN-011-1,RJPN-011,Band 1 (2100MHz),-98.4,-12.6,5.6,57.0,29.4,63.8
2026-07-16 12:00:00,RJPN-011-2,RJPN-011,Band 1 (2100MHz),-83.5,-7.4,21.1,50.0,31.7,63.5
2026-07-16 12:00:00,RJPN-011-3,RJPN-011,Band 1 (2100MHz),-86.1,-7.4,12.6,47.2,28.8,71.7
2026-07-16 13:00:00,RJPN-001-1,RJPN-001,Band 1 (2100MHz),-88.9,-9.2,16.7,50.2,41.4,64.8
2026-07-16 13:00:00,RJPN-001-2,RJPN-001,Band 1 (2100MHz),-93.4,-7.8,8.8,34.7,26.6,85.5
2026-07-16 13:00:00,RJPN-001-3,RJPN-001,Band 1 (2100MHz),-85.5,-7.3,10.5,57.2,11.9,101.6
2026-07-16 13:00:00,RJPN-002-1,RJPN-002,Band 3 (1800MHz),-97.8,-13.1,-6.6,58.0,29.3,120.0
2026-07-16 13:00:00,RJPN-002-2,RJPN-002,Band 3 (1800MHz),-90.3,-8.5,10.4,49.0,29.2,68.0
2026-07-16 13:00:00,RJPN-002-3,RJPN-002,Band 3 (1800MHz),-84.4,-10.2,9.4,58.4,21.5,45.4
2026-07-16 13:00:00,RJPN-003-1,RJPN-003,Band 1 (2100MHz),-86.8,-10.6,8.7,31.8,13.8,97.9
2026-07-16 13:00:00,RJPN-003-2,RJPN-003,Band 1 (2100MHz),-78.5,-12.3,12.1,68.4,32.5,131.7
2026-07-16 13:00:00,RJPN-003-3,RJPN-003,Band 1 (2100MHz),-83.4,-10.7,17.7,41.1,9.7,63.1
2026-07-16 13:00:00,RJPN-004-1,RJPN-004,Band 3 (1800MHz),-91.9,-8.3,13.1,66.5,27.4,67.2
2026-07-16 13:00:00,RJPN-004-2,RJPN-004,Band 3 (1800MHz),-87.4,-9.1,10.7,17.4,20.5,78.5
2026-07-16 13:00:00,RJPN-004-3,RJPN-004,Band 3 (1800MHz),-85.2,-12.5,21.2,54.0,30.2,114.8
2026-07-16 13:00:00,RJPN-005-1,RJPN-005,Band 1 (2100MHz),-95.1,-9.6,14.0,62.3,28.2,60.8
2026-07-16 13:00:00,RJPN-005-2,RJPN-005,Band 1 (2100MHz),-86.3,-8.2,13.5,55.4,19.0,100.7
2026-07-16 13:00:00,RJPN-005-3,RJPN-005,Band 1 (2100MHz),-85.5,-9.2,15.3,41.4,24.8,72.5
2026-07-16 13:00:00,RJPN-006-1,RJPN-006,Band 3 (1800MHz),-83.4,-11.4,9.0,62.5,24.6,78.1
2026-07-16 13:00:00,RJPN-006-2,RJPN-006,Band 3 (1800MHz),-84.2,-9.6,14.1,28.8,52.3,55.5
2026-07-16 13:00:00,RJPN-006-3,RJPN-006,Band 3 (1800MHz),-78.9,-11.1,12.2,58.5,29.2,100.3
2026-07-16 13:00:00,RJPN-007-1,RJPN-007,Band 1 (2100MHz),-89.9,-13.5,11.7,39.2,33.7,119.1
2026-07-16 13:00:00,RJPN-007-2,RJPN-007,Band 1 (2100MHz),-88.6,-10.4,20.7,60.1,30.4,111.9
2026-07-16 13:00:00,RJPN-007-3,RJPN-007,Band 1 (2100MHz),-84.3,-9.9,14.3,49.8,49.1,83.8
2026-07-16 13:00:00,RJPN-008-1,RJPN-008,Band 3 (1800MHz),-87.1,-11.1,13.6,43.2,26.1,79.5
2026-07-16 13:00:00,RJPN-008-2,RJPN-008,Band 3 (1800MHz),-85.7,-9.1,10.2,40.9,39.6,85.3
2026-07-16 13:00:00,RJPN-008-3,RJPN-008,Band 3 (1800MHz),-88.7,-10.8,20.4,63.7,28.4,62.9
2026-07-16 13:00:00,RJPN-009-1,RJPN-009,Band 1 (2100MHz),-84.6,-11.5,14.8,78.8,31.5,97.2
2026-07-16 13:00:00,RJPN-009-2,RJPN-009,Band 1 (2100MHz),-89.7,-10.4,13.1,26.7,21.6,86.8
2026-07-16 13:00:00,RJPN-009-3,RJPN-009,Band 1 (2100MHz),-87.3,-8.5,21.0,47.6,26.4,62.2
2026-07-16 13:00:00,RJPN-010-1,RJPN-010,Band 3 (1800MHz),-87.5,-12.0,-1.3,28.0,33.1,98.5
2026-07-16 13:00:00,RJPN-010-2,RJPN-010,Band 3 (1800MHz),-86.3,-8.2,12.0,44.9,27.7,54.1
2026-07-16 13:00:00,RJPN-010-3,RJPN-010,Band 3 (1800MHz),-102.6,-13.3,3.4,51.3,30.9,109.2
2026-07-16 13:00:00,RJPN-011-1,RJPN-011,Band 1 (2100MHz),-104.3,-13.2,6.0,63.7,16.6,96.9
2026-07-16 13:00:00,RJPN-011-2,RJPN-011,Band 1 (2100MHz),-90.3,-13.7,19.4,39.7,32.6,76.9
2026-07-16 13:00:00,RJPN-011-3,RJPN-011,Band 1 (2100MHz),-87.8,-14.4,11.8,39.2,27.2,45.1
2026-07-16 14:00:00,RJPN-001-1,RJPN-001,Band 1 (2100MHz),-83.6,-7.7,12.3,54.7,11.1,58.9
2026-07-16 14:00:00,RJPN-001-2,RJPN-001,Band 1 (2100MHz),-88.0,-11.8,9.9,32.1,25.5,69.6
2026-07-16 14:00:00,RJPN-001-3,RJPN-001,Band 1 (2100MHz),-89.0,-10.2,11.5,34.8,25.1,34.1
2026-07-16 14:00:00,RJPN-002-1,RJPN-002,Band 3 (1800MHz),-101.2,-15.8,0.1,49.1,26.7,72.7
2026-07-16 14:00:00,RJPN-002-2,RJPN-002,Band 3 (1800MHz),-86.6,-10.9,7.9,41.9,47.3,94.9
2026-07-16 14:00:00,RJPN-002-3,RJPN-002,Band 3 (1800MHz),-88.8,-11.8,15.5,47.2,28.2,124.5
2026-07-16 14:00:00,RJPN-003-1,RJPN-003,Band 1 (2100MHz),-82.8,-10.6,8.3,68.4,39.0,85.7
2026-07-16 14:00:00,RJPN-003-2,RJPN-003,Band 1 (2100MHz),-89.2,-14.0,21.5,69.8,32.9,82.9
2026-07-16 14:00:00,RJPN-003-3,RJPN-003,Band 1 (2100MHz),-84.5,-10.0,15.2,58.4,38.9,83.1
2026-07-16 14:00:00,RJPN-004-1,RJPN-004,Band 3 (1800MHz),-83.6,-8.1,3.2,39.8,21.2,50.2
2026-07-16 14:00:00,RJPN-004-2,RJPN-004,Band 3 (1800MHz),-86.2,-8.4,19.1,67.0,13.6,77.6
2026-07-16 14:00:00,RJPN-004-3,RJPN-004,Band 3 (1800MHz),-87.2,-8.7,22.3,13.6,21.3,54.2
2026-07-16 14:00:00,RJPN-005-1,RJPN-005,Band 1 (2100MHz),-87.7,-7.4,11.9,50.1,25.3,62.0
2026-07-16 14:00:00,RJPN-005-2,RJPN-005,Band 1 (2100MHz),-87.4,-11.9,10.5,55.3,27.0,67.4
2026-07-16 14:00:00,RJPN-005-3,RJPN-005,Band 1 (2100MHz),-89.6,-12.2,4.6,61.3,27.5,56.7
2026-07-16 14:00:00,RJPN-006-1,RJPN-006,Band 3 (1800MHz),-92.8,-11.5,9.0,45.8,22.7,77.9
2026-07-16 14:00:00,RJPN-006-2,RJPN-006,Band 3 (1800MHz),-87.7,-8.0,12.7,21.0,29.4,77.5
2026-07-16 14:00:00,RJPN-006-3,RJPN-006,Band 3 (1800MHz),-85.3,-6.5,10.1,47.1,32.3,69.8
2026-07-16 14:00:00,RJPN-007-1,RJPN-007,Band 1 (2100MHz),-82.7,-11.2,9.7,43.7,18.5,76.5
2026-07-16 14:00:00,RJPN-007-2,RJPN-007,Band 1 (2100MHz),-91.4,-11.5,14.6,34.7,26.8,96.9
2026-07-16 14:00:00,RJPN-007-3,RJPN-007,Band 1 (2100MHz),-81.1,-12.5,22.4,42.8,36.0,80.1
2026-07-16 14:00:00,RJPN-008-1,RJPN-008,Band 3 (1800MHz),-86.5,-7.8,15.5,45.6,41.9,85.0
2026-07-16 14:00:00,RJPN-008-2,RJPN-008,Band 3 (1800MHz),-86.3,-11.0,16.1,46.5,34.0,65.7
2026-07-16 14:00:00,RJPN-008-3,RJPN-008,Band 3 (1800MHz),-90.9,-10.7,13.4,36.4,25.4,58.3
2026-07-16 14:00:00,RJPN-009-1,RJPN-009,Band 1 (2100MHz),-92.1,-9.4,10.7,49.9,19.8,128.0
2026-07-16 14:00:00,RJPN-009-2,RJPN-009,Band 1 (2100MHz),-80.7,-12.6,11.5,53.7,27.1,94.5
2026-07-16 14:00:00,RJPN-009-3,RJPN-009,Band 1 (2100MHz),-89.6,-8.1,19.0,32.6,21.9,79.0
2026-07-16 14:00:00,RJPN-010-1,RJPN-010,Band 3 (1800MHz),-87.6,-11.1,15.7,56.3,31.4,90.4
2026-07-16 14:00:00,RJPN-010-2,RJPN-010,Band 3 (1800MHz),-91.9,-14.1,17.6,45.4,20.9,118.2
2026-07-16 14:00:00,RJPN-010-3,RJPN-010,Band 3 (1800MHz),-98.7,-12.6,8.3,37.8,19.7,87.2
2026-07-16 14:00:00,RJPN-011-1,RJPN-011,Band 1 (2100MHz),-101.8,-14.8,3.9,70.5,11.3,80.2
2026-07-16 14:00:00,RJPN-011-2,RJPN-011,Band 1 (2100MHz),-92.0,-12.0,15.4,54.5,40.6,81.3
2026-07-16 14:00:00,RJPN-011-3,RJPN-011,Band 1 (2100MHz),-84.7,-9.6,11.4,40.4,17.6,68.7
2026-07-16 15:00:00,RJPN-001-1,RJPN-001,Band 1 (2100MHz),-93.0,-11.8,10.1,28.2,11.3,0.0
2026-07-16 15:00:00,RJPN-001-2,RJPN-001,Band 1 (2100MHz),-83.2,-6.5,13.4,23.4,6.7,14.5
2026-07-16 15:00:00,RJPN-001-3,RJPN-001,Band 1 (2100MHz),-81.8,-10.9,8.6,7.8,0.0,21.0
2026-07-16 15:00:00,RJPN-002-1,RJPN-002,Band 3 (1800MHz),-96.3,-16.5,8.1,6.2,10.0,49.4
2026-07-16 15:00:00,RJPN-002-2,RJPN-002,Band 3 (1800MHz),-81.8,-7.8,10.2,16.0,22.5,37.5
2026-07-16 15:00:00,RJPN-002-3,RJPN-002,Band 3 (1800MHz),-83.4,-11.0,9.8,6.1,22.1,56.8
2026-07-16 15:00:00,RJPN-003-1,RJPN-003,Band 1 (2100MHz),-91.9,-7.0,14.9,16.1,14.0,29.2
2026-07-16 15:00:00,RJPN-003-2,RJPN-003,Band 1 (2100MHz),-85.5,-12.9,9.5,30.2,11.5,20.8
2026-07-16 15:00:00,RJPN-003-3,RJPN-003,Band 1 (2100MHz),-90.8,-10.4,2.8,0.0,16.9,3.0
2026-07-16 15:00:00,RJPN-004-1,RJPN-004,Band 3 (1800MHz),-84.8,-10.3,12.9,41.2,12.4,5.8
2026-07-16 15:00:00,RJPN-004-2,RJPN-004,Band 3 (1800MHz),-88.8,-9.7,12.2,10.5,9.3,7.0
2026-07-16 15:00:00,RJPN-004-3,RJPN-004,Band 3 (1800MHz),-81.1,-9.4,21.9,1.4,3.6,30.2
2026-07-16 15:00:00,RJPN-005-1,RJPN-005,Band 1 (2100MHz),-87.3,-9.4,12.2,22.4,0.0,45.0
2026-07-16 15:00:00,RJPN-005-2,RJPN-005,Band 1 (2100MHz),-85.8,-10.5,15.1,49.0,10.5,20.8
2026-07-16 15:00:00,RJPN-005-3,RJPN-005,Band 1 (2100MHz),-87.4,-7.6,6.6,22.4,0.0,27.9
2026-07-16 15:00:00,RJPN-006-1,RJPN-006,Band 3 (1800MHz),-81.2,-12.6,14.6,0.0,14.2,15.3
2026-07-16 15:00:00,RJPN-006-2,RJPN-006,Band 3 (1800MHz),-96.4,-7.5,10.8,12.4,15.1,9.1
2026-07-16 15:00:00,RJPN-006-3,RJPN-006,Band 3 (1800MHz),-82.8,-8.0,16.1,17.2,2.2,50.5
2026-07-16 15:00:00,RJPN-007-1,RJPN-007,Band 1 (2100MHz),-83.9,-7.9,15.5,5.3,15.8,9.2
2026-07-16 15:00:00,RJPN-007-2,RJPN-007,Band 1 (2100MHz),-90.5,-7.7,14.4,26.8,0.0,42.3
2026-07-16 15:00:00,RJPN-007-3,RJPN-007,Band 1 (2100MHz),-84.6,-4.4,16.7,14.8,17.2,33.1
2026-07-16 15:00:00,RJPN-008-1,RJPN-008,Band 3 (1800MHz),-86.9,-9.6,18.5,19.2,4.1,33.5
2026-07-16 15:00:00,RJPN-008-2,RJPN-008,Band 3 (1800MHz),-85.4,-11.6,5.7,3.8,3.0,0.0
2026-07-16 15:00:00,RJPN-008-3,RJPN-008,Band 3 (1800MHz),-91.0,-12.9,0.1,1.5,3.2,34.3
2026-07-16 15:00:00,RJPN-009-1,RJPN-009,Band 1 (2100MHz),-91.4,-13.0,9.4,8.5,0.0,0.0
2026-07-16 15:00:00,RJPN-009-2,RJPN-009,Band 1 (2100MHz),-83.3,-7.3,10.4,12.5,6.9,15.6
2026-07-16 15:00:00,RJPN-009-3,RJPN-009,Band 1 (2100MHz),-95.5,-8.8,11.7,21.6,6.9,35.7
2026-07-16 15:00:00,RJPN-010-1,RJPN-010,Band 3 (1800MHz),-84.7,-6.4,13.2,4.8,14.4,15.6
2026-07-16 15:00:00,RJPN-010-2,RJPN-010,Band 3 (1800MHz),-91.7,-10.0,26.3,13.5,0.0,0.0
2026-07-16 15:00:00,RJPN-010-3,RJPN-010,Band 3 (1800MHz),-104.9,-12.1,4.1,1.7,10.5,24.4
2026-07-16 15:00:00,RJPN-011-1,RJPN-011,Band 1 (2100MHz),-97.5,-11.8,5.0,24.8,12.1,23.0
2026-07-16 15:00:00,RJPN-011-2,RJPN-011,Band 1 (2100MHz),-92.7,-5.5,19.1,1.5,7.7,20.4
2026-07-16 15:00:00,RJPN-011-3,RJPN-011,Band 1 (2100MHz),-89.6,-8.0,11.5,10.9,2.8,36.2
2026-07-16 16:00:00,RJPN-001-1,RJPN-001,Band 1 (2100MHz),-87.2,-10.6,8.6,72.6,38.2,86.5
2026-07-16 16:00:00,RJPN-001-2,RJPN-001,Band 1 (2100MHz),-85.6,-12.2,12.8,84.4,36.4,117.1
2026-07-16 16:00:00,RJPN-001-3,RJPN-001,Band 1 (2100MHz),-93.3,-12.3,11.6,68.3,30.4,109.0
2026-07-16 16:00:00,RJPN-002-1,RJPN-002,Band 3 (1800MHz),-101.9,-12.7,12.5,79.3,42.8,75.5
2026-07-16 16:00:00,RJPN-002-2,RJPN-002,Band 3 (1800MHz),-86.2,-9.9,13.3,67.8,27.2,92.8
2026-07-16 16:00:00,RJPN-002-3,RJPN-002,Band 3 (1800MHz),-86.9,-10.1,17.0,62.1,55.2,153.5
2026-07-16 16:00:00,RJPN-003-1,RJPN-003,Band 1 (2100MHz),-86.2,-10.0,10.3,45.5,41.5,119.2
2026-07-16 16:00:00,RJPN-003-2,RJPN-003,Band 1 (2100MHz),-84.2,-13.1,19.8,64.5,32.0,105.4
2026-07-16 16:00:00,RJPN-003-3,RJPN-003,Band 1 (2100MHz),-87.9,-8.7,19.8,60.1,43.8,96.6
2026-07-16 16:00:00,RJPN-004-1,RJPN-004,Band 3 (1800MHz),-83.7,-10.1,16.3,69.4,41.1,106.9
2026-07-16 16:00:00,RJPN-004-2,RJPN-004,Band 3 (1800MHz),-84.1,-10.7,12.0,85.7,49.7,131.1
2026-07-16 16:00:00,RJPN-004-3,RJPN-004,Band 3 (1800MHz),-94.9,-10.6,18.7,85.1,45.5,104.3
2026-07-16 16:00:00,RJPN-005-1,RJPN-005,Band 1 (2100MHz),-87.1,-8.6,16.3,41.8,16.5,106.4
2026-07-16 16:00:00,RJPN-005-2,RJPN-005,Band 1 (2100MHz),-88.7,-14.1,13.5,69.0,38.2,101.2
2026-07-16 16:00:00,RJPN-005-3,RJPN-005,Band 1 (2100MHz),-85.5,-8.6,11.1,55.3,44.0,123.0
2026-07-16 16:00:00,RJPN-006-1,RJPN-006,Band 3 (1800MHz),-92.8,-15.8,15.8,52.5,51.2,84.6
2026-07-16 16:00:00,RJPN-006-2,RJPN-006,Band 3 (1800MHz),-85.7,-10.4,13.6,68.0,23.1,84.0
2026-07-16 16:00:00,RJPN-006-3,RJPN-006,Band 3 (1800MHz),-83.9,-11.4,17.6,64.4,43.7,96.6
2026-07-16 16:00:00,RJPN-007-1,RJPN-007,Band 1 (2100MHz),-85.7,-10.4,9.7,69.7,27.9,137.0
2026-07-16 16:00:00,RJPN-007-2,RJPN-007,Band 1 (2100MHz),-94.3,-10.0,6.1,55.9,47.1,117.0
2026-07-16 16:00:00,RJPN-007-3,RJPN-007,Band 1 (2100MHz),-87.7,-12.8,16.8,80.8,25.6,112.3
2026-07-16 16:00:00,RJPN-008-1,RJPN-008,Band 3 (1800MHz),-91.3,-13.9,12.1,55.1,44.1,79.1
2026-07-16 16:00:00,RJPN-008-2,RJPN-008,Band 3 (1800MHz),-86.2,-11.4,12.3,80.1,49.3,92.8
2026-07-16 16:00:00,RJPN-008-3,RJPN-008,Band 3 (1800MHz),-84.4,-9.5,12.3,80.0,38.2,118.7
2026-07-16 16:00:00,RJPN-009-1,RJPN-009,Band 1 (2100MHz),-82.7,-11.9,14.2,63.3,36.1,137.4
2026-07-16 16:00:00,RJPN-009-2,RJPN-009,Band 1 (2100MHz),-87.1,-8.8,15.4,77.1,39.0,120.6
2026-07-16 16:00:00,RJPN-009-3,RJPN-009,Band 1 (2100MHz),-82.8,-11.6,21.5,90.3,36.0,87.6
2026-07-16 16:00:00,RJPN-010-1,RJPN-010,Band 3 (1800MHz),-85.6,-10.5,7.6,66.8,36.4,105.0
2026-07-16 16:00:00,RJPN-010-2,RJPN-010,Band 3 (1800MHz),-91.0,-9.8,20.2,58.4,40.6,82.4
2026-07-16 16:00:00,RJPN-010-3,RJPN-010,Band 3 (1800MHz),-95.5,-13.2,7.8,46.8,37.1,116.3
2026-07-16 16:00:00,RJPN-011-1,RJPN-011,Band 1 (2100MHz),-97.5,-16.0,6.7,57.7,26.0,109.7
2026-07-16 16:00:00,RJPN-011-2,RJPN-011,Band 1 (2100MHz),-86.8,-9.6,10.5,57.5,39.4,65.6
2026-07-16 16:00:00,RJPN-011-3,RJPN-011,Band 1 (2100MHz),-88.2,-9.8,3.0,63.2,22.6,97.8
2026-07-16 17:00:00,RJPN-001-1,RJPN-001,Band 1 (2100MHz),-86.7,-12.9,19.3,67.8,51.2,121.8
2026-07-16 17:00:00,RJPN-001-2,RJPN-001,Band 1 (2100MHz),-84.7,-11.5,10.4,74.9,36.2,138.3
2026-07-16 17:00:00,RJPN-001-3,RJPN-001,Band 1 (2100MHz),-88.1,-9.9,10.2,90.5,39.2,136.1
2026-07-16 17:00:00,RJPN-002-1,RJPN-002,Band 3 (1800MHz),-104.8,-14.0,6.9,62.4,24.0,127.3
2026-07-16 17:00:00,RJPN-002-2,RJPN-002,Band 3 (1800MHz),-86.6,-11.4,22.8,60.0,44.5,127.6
2026-07-16 17:00:00,RJPN-002-3,RJPN-002,Band 3 (1800MHz),-80.7,-11.1,21.1,71.0,40.5,114.4
2026-07-16 17:00:00,RJPN-003-1,RJPN-003,Band 1 (2100MHz),-82.6,-9.5,11.7,65.1,35.7,115.9
2026-07-16 17:00:00,RJPN-003-2,RJPN-003,Band 1 (2100MHz),-82.5,-11.6,11.7,60.6,53.7,105.9
2026-07-16 17:00:00,RJPN-003-3,RJPN-003,Band 1 (2100MHz),-93.0,-8.0,10.0,62.6,53.5,155.4
2026-07-16 17:00:00,RJPN-004-1,RJPN-004,Band 3 (1800MHz),-92.6,-10.2,16.4,49.1,41.5,124.2
2026-07-16 17:00:00,RJPN-004-2,RJPN-004,Band 3 (1800MHz),-84.2,-11.8,12.5,55.7,44.9,107.9
2026-07-16 17:00:00,RJPN-004-3,RJPN-004,Band 3 (1800MHz),-88.0,-11.9,15.2,87.9,44.7,147.8
2026-07-16 17:00:00,RJPN-005-1,RJPN-005,Band 1 (2100MHz),-91.3,-14.5,19.3,75.4,23.9,104.9
2026-07-16 17:00:00,RJPN-005-2,RJPN-005,Band 1 (2100MHz),-81.8,-9.9,6.5,67.0,32.9,113.6
2026-07-16 17:00:00,RJPN-005-3,RJPN-005,Band 1 (2100MHz),-92.0,-11.5,11.7,81.7,66.3,71.6
2026-07-16 17:00:00,RJPN-006-1,RJPN-006,Band 3 (1800MHz),-87.9,-13.3,20.9,87.6,54.7,164.5
2026-07-16 17:00:00,RJPN-006-2,RJPN-006,Band 3 (1800MHz),-95.0,-16.7,7.5,72.1,32.4,122.2
2026-07-16 17:00:00,RJPN-006-3,RJPN-006,Band 3 (1800MHz),-89.9,-13.8,15.3,79.3,44.3,127.7
2026-07-16 17:00:00,RJPN-007-1,RJPN-007,Band 1 (2100MHz),-85.5,-14.6,12.1,78.9,52.8,137.4
2026-07-16 17:00:00,RJPN-007-2,RJPN-007,Band 1 (2100MHz),-84.7,-13.3,17.2,72.2,37.9,97.6
2026-07-16 17:00:00,RJPN-007-3,RJPN-007,Band 1 (2100MHz),-90.6,-7.1,11.2,69.6,28.4,137.1
2026-07-16 17:00:00,RJPN-008-1,RJPN-008,Band 3 (1800MHz),-94.1,-6.8,10.2,75.8,44.6,175.0
2026-07-16 17:00:00,RJPN-008-2,RJPN-008,Band 3 (1800MHz),-84.9,-10.2,6.2,68.3,56.8,106.8
2026-07-16 17:00:00,RJPN-008-3,RJPN-008,Band 3 (1800MHz),-85.7,-10.9,18.3,86.3,55.4,128.1
2026-07-16 17:00:00,RJPN-009-1,RJPN-009,Band 1 (2100MHz),-82.0,-13.8,13.3,78.6,41.3,120.0
2026-07-16 17:00:00,RJPN-009-2,RJPN-009,Band 1 (2100MHz),-82.2,-10.7,17.3,78.8,37.6,98.7
2026-07-16 17:00:00,RJPN-009-3,RJPN-009,Band 1 (2100MHz),-84.1,-11.8,14.3,85.7,30.0,115.8
2026-07-16 17:00:00,RJPN-010-1,RJPN-010,Band 3 (1800MHz),-88.3,-11.3,9.0,86.7,46.0,131.9
2026-07-16 17:00:00,RJPN-010-2,RJPN-010,Band 3 (1800MHz),-83.6,-12.5,15.7,58.6,61.2,110.4
2026-07-16 17:00:00,RJPN-010-3,RJPN-010,Band 3 (1800MHz),-100.9,-14.1,8.4,83.9,39.9,110.8
2026-07-16 17:00:00,RJPN-011-1,RJPN-011,Band 1 (2100MHz),-102.3,-12.1,4.3,77.1,44.8,113.7
2026-07-16 17:00:00,RJPN-011-2,RJPN-011,Band 1 (2100MHz),-89.3,-13.4,21.9,88.8,29.0,140.0
2026-07-16 17:00:00,RJPN-011-3,RJPN-011,Band 1 (2100MHz),-88.5,-13.2,19.7,68.5,46.8,119.0
2026-07-16 18:00:00,RJPN-001-1,RJPN-001,Band 1 (2100MHz),-89.5,-15.1,5.2,100.0,58.2,125.3
2026-07-16 18:00:00,RJPN-001-2,RJPN-001,Band 1 (2100MHz),-86.0,-10.5,10.0,85.9,39.5,157.9
2026-07-16 18:00:00,RJPN-001-3,RJPN-001,Band 1 (2100MHz),-88.3,-12.7,11.9,66.9,52.1,131.0
2026-07-16 18:00:00,RJPN-002-1,RJPN-002,Band 3 (1800MHz),-99.9,-19.1,7.7,63.6,57.3,122.0
2026-07-16 18:00:00,RJPN-002-2,RJPN-002,Band 3 (1800MHz),-80.3,-9.1,12.5,73.2,63.6,114.8
2026-07-16 18:00:00,RJPN-002-3,RJPN-002,Band 3 (1800MHz),-89.3,-10.7,15.0,71.5,50.4,138.2
2026-07-16 18:00:00,RJPN-003-1,RJPN-003,Band 1 (2100MHz),-87.8,-13.7,17.6,89.3,44.1,96.2
2026-07-16 18:00:00,RJPN-003-2,RJPN-003,Band 1 (2100MHz),-89.4,-13.2,17.4,64.0,42.1,115.3
2026-07-16 18:00:00,RJPN-003-3,RJPN-003,Band 1 (2100MHz),-82.7,-10.6,13.8,75.9,48.5,124.6
2026-07-16 18:00:00,RJPN-004-1,RJPN-004,Band 3 (1800MHz),-87.9,-11.3,15.6,75.2,36.0,116.5
2026-07-16 18:00:00,RJPN-004-2,RJPN-004,Band 3 (1800MHz),-81.1,-14.3,11.6,76.7,57.6,146.6
2026-07-16 18:00:00,RJPN-004-3,RJPN-004,Band 3 (1800MHz),-96.9,-14.8,7.0,61.0,53.5,133.8
2026-07-16 18:00:00,RJPN-005-1,RJPN-005,Band 1 (2100MHz),-84.3,-14.6,15.6,76.7,51.1,107.4
2026-07-16 18:00:00,RJPN-005-2,RJPN-005,Band 1 (2100MHz),-91.2,-8.8,6.8,79.2,55.6,107.3
2026-07-16 18:00:00,RJPN-005-3,RJPN-005,Band 1 (2100MHz),-80.1,-11.0,10.2,85.5,61.8,171.1
2026-07-16 18:00:00,RJPN-006-1,RJPN-006,Band 3 (1800MHz),-89.2,-13.0,19.1,68.0,53.4,107.2
2026-07-16 18:00:00,RJPN-006-2,RJPN-006,Band 3 (1800MHz),-92.9,-12.6,7.5,58.4,29.1,125.3
2026-07-16 18:00:00,RJPN-006-3,RJPN-006,Band 3 (1800MHz),-89.6,-13.0,11.9,71.1,55.2,95.8
2026-07-16 18:00:00,RJPN-007-1,RJPN-007,Band 1 (2100MHz),-89.8,-15.0,9.8,91.5,43.2,109.0
2026-07-16 18:00:00,RJPN-007-2,RJPN-007,Band 1 (2100MHz),-84.5,-9.6,16.5,61.7,46.1,131.9
2026-07-16 18:00:00,RJPN-007-3,RJPN-007,Band 1 (2100MHz),-88.3,-11.6,8.8,67.5,49.6,127.8
2026-07-16 18:00:00,RJPN-008-1,RJPN-008,Band 3 (1800MHz),-84.3,-11.7,11.1,79.2,66.2,127.9
2026-07-16 18:00:00,RJPN-008-2,RJPN-008,Band 3 (1800MHz),-84.9,-14.2,12.9,74.3,49.0,168.4
2026-07-16 18:00:00,RJPN-008-3,RJPN-008,Band 3 (1800MHz),-90.8,-7.0,18.9,61.9,39.0,104.4
2026-07-16 18:00:00,RJPN-009-1,RJPN-009,Band 1 (2100MHz),-86.7,-13.2,13.7,93.3,34.5,116.9
2026-07-16 18:00:00,RJPN-009-2,RJPN-009,Band 1 (2100MHz),-90.0,-10.4,13.7,91.9,56.6,128.9
2026-07-16 18:00:00,RJPN-009-3,RJPN-009,Band 1 (2100MHz),-82.6,-7.4,13.8,68.8,63.6,135.9
2026-07-16 18:00:00,RJPN-010-1,RJPN-010,Band 3 (1800MHz),-84.9,-11.7,10.8,76.1,37.8,126.7
2026-07-16 18:00:00,RJPN-010-2,RJPN-010,Band 3 (1800MHz),-87.2,-11.5,15.3,54.7,39.6,110.3
2026-07-16 18:00:00,RJPN-010-3,RJPN-010,Band 3 (1800MHz),-88.9,-15.5,-0.1,79.7,42.2,101.2
2026-07-16 18:00:00,RJPN-011-1,RJPN-011,Band 1 (2100MHz),-101.1,-15.5,3.5,88.2,41.6,98.4
2026-07-16 18:00:00,RJPN-011-2,RJPN-011,Band 1 (2100MHz),-82.4,-11.7,10.0,74.5,58.5,117.8
2026-07-16 18:00:00,RJPN-011-3,RJPN-011,Band 1 (2100MHz),-84.2,-12.8,17.4,97.4,46.1,180.7
2026-07-16 19:00:00,RJPN-001-1,RJPN-001,Band 1 (2100MHz),-91.5,-11.4,11.4,79.8,43.1,135.2
2026-07-16 19:00:00,RJPN-001-2,RJPN-001,Band 1 (2100MHz),-85.4,-12.3,25.6,68.1,38.3,126.8
2026-07-16 19:00:00,RJPN-001-3,RJPN-001,Band 1 (2100MHz),-83.3,-13.2,5.2,64.8,50.0,154.1
2026-07-16 19:00:00,RJPN-002-1,RJPN-002,Band 3 (1800MHz),-94.6,-15.2,2.8,87.9,42.5,113.6
2026-07-16 19:00:00,RJPN-002-2,RJPN-002,Band 3 (1800MHz),-85.2,-10.7,19.0,74.2,32.6,118.2
2026-07-16 19:00:00,RJPN-002-3,RJPN-002,Band 3 (1800MHz),-88.5,-11.8,10.6,68.8,40.5,131.9
2026-07-16 19:00:00,RJPN-003-1,RJPN-003,Band 1 (2100MHz),-96.5,-9.6,18.1,59.6,67.0,119.0
2026-07-16 19:00:00,RJPN-003-2,RJPN-003,Band 1 (2100MHz),-85.6,-10.3,6.3,74.2,36.2,115.3
2026-07-16 19:00:00,RJPN-003-3,RJPN-003,Band 1 (2100MHz),-89.7,-8.8,9.3,73.0,33.1,132.0
2026-07-16 19:00:00,RJPN-004-1,RJPN-004,Band 3 (1800MHz),-86.9,-7.6,14.7,71.8,51.6,102.5
2026-07-16 19:00:00,RJPN-004-2,RJPN-004,Band 3 (1800MHz),-84.2,-13.4,8.0,73.8,41.6,105.1
2026-07-16 19:00:00,RJPN-004-3,RJPN-004,Band 3 (1800MHz),-88.0,-14.0,9.3,64.9,46.4,97.0
2026-07-16 19:00:00,RJPN-005-1,RJPN-005,Band 1 (2100MHz),-84.5,-11.1,19.5,68.5,35.2,125.5
2026-07-16 19:00:00,RJPN-005-2,RJPN-005,Band 1 (2100MHz),-83.1,-15.0,17.5,78.4,41.3,113.7
2026-07-16 19:00:00,RJPN-005-3,RJPN-005,Band 1 (2100MHz),-90.2,-11.3,10.4,68.8,38.2,97.0
2026-07-16 19:00:00,RJPN-006-1,RJPN-006,Band 3 (1800MHz),-87.0,-14.7,16.8,56.8,29.8,125.0
2026-07-16 19:00:00,RJPN-006-2,RJPN-006,Band 3 (1800MHz),-84.2,-13.0,9.9,77.6,29.8,126.2
2026-07-16 19:00:00,RJPN-006-3,RJPN-006,Band 3 (1800MHz),-85.2,-11.9,17.8,79.5,51.1,131.7
2026-07-16 19:00:00,RJPN-007-1,RJPN-007,Band 1 (2100MHz),-92.3,-14.1,24.9,80.2,28.0,101.7
2026-07-16 19:00:00,RJPN-007-2,RJPN-007,Band 1 (2100MHz),-83.7,-9.4,12.6,58.0,32.6,139.6
2026-07-16 19:00:00,RJPN-007-3,RJPN-007,Band 1 (2100MHz),-87.2,-12.6,18.7,90.5,54.2,100.2
2026-07-16 19:00:00,RJPN-008-1,RJPN-008,Band 3 (1800MHz),-88.1,-14.6,13.6,81.3,27.8,133.2
2026-07-16 19:00:00,RJPN-008-2,RJPN-008,Band 3 (1800MHz),-90.4,-9.3,11.9,59.2,40.3,135.0
2026-07-16 19:00:00,RJPN-008-3,RJPN-008,Band 3 (1800MHz),-93.3,-11.9,10.1,69.9,41.5,128.2
2026-07-16 19:00:00,RJPN-009-1,RJPN-009,Band 1 (2100MHz),-87.2,-16.9,8.1,90.7,37.1,114.6
2026-07-16 19:00:00,RJPN-009-2,RJPN-009,Band 1 (2100MHz),-92.3,-8.6,12.3,76.8,48.4,150.4
2026-07-16 19:00:00,RJPN-009-3,RJPN-009,Band 1 (2100MHz),-85.3,-14.0,15.4,78.6,53.8,130.3
2026-07-16 19:00:00,RJPN-010-1,RJPN-010,Band 3 (1800MHz),-83.6,-11.8,12.9,64.5,46.0,94.6
2026-07-16 19:00:00,RJPN-010-2,RJPN-010,Band 3 (1800MHz),-88.2,-10.9,13.4,79.7,28.8,117.9
2026-07-16 19:00:00,RJPN-010-3,RJPN-010,Band 3 (1800MHz),-103.5,-14.5,5.0,59.7,28.6,103.1
2026-07-16 19:00:00,RJPN-011-1,RJPN-011,Band 1 (2100MHz),-99.4,-16.0,0.5,84.1,46.7,122.3
2026-07-16 19:00:00,RJPN-011-2,RJPN-011,Band 1 (2100MHz),-87.4,-11.1,17.4,85.7,59.5,115.6
2026-07-16 19:00:00,RJPN-011-3,RJPN-011,Band 1 (2100MHz),-85.7,-12.7,8.6,88.2,40.1,126.6
2026-07-16 20:00:00,RJPN-001-1,RJPN-001,Band 1 (2100MHz),-92.9,-8.9,8.6,76.4,54.6,107.6
2026-07-16 20:00:00,RJPN-001-2,RJPN-001,Band 1 (2100MHz),-97.8,-16.4,16.9,73.3,31.4,87.8
2026-07-16 20:00:00,RJPN-001-3,RJPN-001,Band 1 (2100MHz),-89.0,-11.4,15.6,52.7,37.1,119.4
2026-07-16 20:00:00,RJPN-002-1,RJPN-002,Band 3 (1800MHz),-101.0,-14.3,9.1,75.9,38.9,93.3
2026-07-16 20:00:00,RJPN-002-2,RJPN-002,Band 3 (1800MHz),-84.9,-8.3,16.1,71.6,36.9,127.0
2026-07-16 20:00:00,RJPN-002-3,RJPN-002,Band 3 (1800MHz),-83.5,-9.8,20.7,60.4,30.8,98.1
2026-07-16 20:00:00,RJPN-003-1,RJPN-003,Band 1 (2100MHz),-95.0,-14.8,19.2,67.2,38.2,120.4
2026-07-16 20:00:00,RJPN-003-2,RJPN-003,Band 1 (2100MHz),-83.9,-11.8,11.4,93.2,40.4,98.1
2026-07-16 20:00:00,RJPN-003-3,RJPN-003,Band 1 (2100MHz),-89.4,-9.3,11.3,73.6,39.3,117.7
2026-07-16 20:00:00,RJPN-004-1,RJPN-004,Band 3 (1800MHz),-86.2,-11.2,24.6,85.6,41.3,131.2
2026-07-16 20:00:00,RJPN-004-2,RJPN-004,Band 3 (1800MHz),-92.8,-11.7,5.2,72.7,38.8,110.5
2026-07-16 20:00:00,RJPN-004-3,RJPN-004,Band 3 (1800MHz),-94.4,-12.8,20.9,70.5,44.6,105.1
2026-07-16 20:00:00,RJPN-005-1,RJPN-005,Band 1 (2100MHz),-94.0,-9.6,19.4,65.4,28.5,94.9
2026-07-16 20:00:00,RJPN-005-2,RJPN-005,Band 1 (2100MHz),-92.2,-11.7,21.2,74.2,36.4,124.6
2026-07-16 20:00:00,RJPN-005-3,RJPN-005,Band 1 (2100MHz),-82.9,-13.1,12.5,86.9,30.2,112.3
2026-07-16 20:00:00,RJPN-006-1,RJPN-006,Band 3 (1800MHz),-88.0,-13.6,14.4,89.3,45.4,99.6
2026-07-16 20:00:00,RJPN-006-2,RJPN-006,Band 3 (1800MHz),-83.0,-11.3,8.5,69.2,33.7,91.3
2026-07-16 20:00:00,RJPN-006-3,RJPN-006,Band 3 (1800MHz),-89.0,-12.3,5.4,47.0,32.4,134.6
2026-07-16 20:00:00,RJPN-007-1,RJPN-007,Band 1 (2100MHz),-88.0,-13.1,8.0,66.1,53.8,42.2
2026-07-16 20:00:00,RJPN-007-2,RJPN-007,Band 1 (2100MHz),-86.4,-9.4,15.0,70.4,40.5,137.4
2026-07-16 20:00:00,RJPN-007-3,RJPN-007,Band 1 (2100MHz),-80.9,-10.0,11.8,40.8,35.3,106.3
2026-07-16 20:00:00,RJPN-008-1,RJPN-008,Band 3 (1800MHz),-93.2,-11.4,18.4,62.5,30.4,137.9
2026-07-16 20:00:00,RJPN-008-2,RJPN-008,Band 3 (1800MHz),-79.8,-10.3,17.4,67.7,40.3,95.1
2026-07-16 20:00:00,RJPN-008-3,RJPN-008,Band 3 (1800MHz),-92.7,-13.0,20.9,61.2,34.6,105.9
2026-07-16 20:00:00,RJPN-009-1,RJPN-009,Band 1 (2100MHz),-88.4,-11.2,13.2,83.2,29.9,132.5
2026-07-16 20:00:00,RJPN-009-2,RJPN-009,Band 1 (2100MHz),-84.1,-10.8,8.5,57.8,34.2,118.4
2026-07-16 20:00:00,RJPN-009-3,RJPN-009,Band 1 (2100MHz),-83.8,-11.1,10.5,53.6,49.2,125.2
2026-07-16 20:00:00,RJPN-010-1,RJPN-010,Band 3 (1800MHz),-87.6,-11.3,14.1,67.5,39.3,83.7
2026-07-16 20:00:00,RJPN-010-2,RJPN-010,Band 3 (1800MHz),-81.9,-9.6,20.7,76.1,40.1,80.7
2026-07-16 20:00:00,RJPN-010-3,RJPN-010,Band 3 (1800MHz),-103.6,-18.8,4.8,73.8,43.1,121.4
2026-07-16 20:00:00,RJPN-011-1,RJPN-011,Band 1 (2100MHz),-104.9,-18.3,6.2,71.8,37.4,106.9
2026-07-16 20:00:00,RJPN-011-2,RJPN-011,Band 1 (2100MHz),-87.9,-9.0,13.9,70.4,48.0,118.6
2026-07-16 20:00:00,RJPN-011-3,RJPN-011,Band 1 (2100MHz),-86.2,-9.3,14.8,92.3,21.8,153.3
2026-07-16 21:00:00,RJPN-001-1,RJPN-001,Band 1 (2100MHz),-79.5,-7.1,16.6,37.5,4.5,0.7
2026-07-16 21:00:00,RJPN-001-2,RJPN-001,Band 1 (2100MHz),-82.2,-9.8,11.6,38.8,29.2,60.9
2026-07-16 21:00:00,RJPN-001-3,RJPN-001,Band 1 (2100MHz),-87.9,-7.0,14.8,32.5,19.1,18.9
2026-07-16 21:00:00,RJPN-002-1,RJPN-002,Band 3 (1800MHz),-104.2,-12.8,0.8,9.7,0.0,4.8
2026-07-16 21:00:00,RJPN-002-2,RJPN-002,Band 3 (1800MHz),-91.0,-6.8,17.9,2.2,6.6,40.0
2026-07-16 21:00:00,RJPN-002-3,RJPN-002,Band 3 (1800MHz),-85.3,-9.4,14.7,9.1,17.2,20.3
2026-07-16 21:00:00,RJPN-003-1,RJPN-003,Band 1 (2100MHz),-88.8,-7.0,11.0,33.4,20.7,25.1
2026-07-16 21:00:00,RJPN-003-2,RJPN-003,Band 1 (2100MHz),-79.5,-6.4,12.9,10.3,1.9,22.3
2026-07-16 21:00:00,RJPN-003-3,RJPN-003,Band 1 (2100MHz),-85.4,-8.4,8.7,38.8,20.8,12.4
2026-07-16 21:00:00,RJPN-004-1,RJPN-004,Band 3 (1800MHz),-88.6,-11.8,9.9,31.3,19.0,38.7
2026-07-16 21:00:00,RJPN-004-2,RJPN-004,Band 3 (1800MHz),-87.6,-9.0,15.6,21.9,22.1,47.7
2026-07-16 21:00:00,RJPN-004-3,RJPN-004,Band 3 (1800MHz),-83.8,-7.3,14.9,38.5,4.6,49.2
2026-07-16 21:00:00,RJPN-005-1,RJPN-005,Band 1 (2100MHz),-91.3,-8.7,10.8,28.3,0.0,37.9
2026-07-16 21:00:00,RJPN-005-2,RJPN-005,Band 1 (2100MHz),-87.8,-8.8,17.0,8.9,0.0,21.5
2026-07-16 21:00:00,RJPN-005-3,RJPN-005,Band 1 (2100MHz),-88.2,-6.9,21.4,4.1,9.7,49.9
2026-07-16 21:00:00,RJPN-006-1,RJPN-006,Band 3 (1800MHz),-87.8,-8.9,15.9,39.6,1.6,43.4
2026-07-16 21:00:00,RJPN-006-2,RJPN-006,Band 3 (1800MHz),-86.1,-7.1,11.6,37.4,1.6,24.4
2026-07-16 21:00:00,RJPN-006-3,RJPN-006,Band 3 (1800MHz),-90.7,-3.7,5.6,13.7,5.7,26.9
2026-07-16 21:00:00,RJPN-007-1,RJPN-007,Band 1 (2100MHz),-85.6,-11.0,10.0,1.9,0.0,18.3
2026-07-16 21:00:00,RJPN-007-2,RJPN-007,Band 1 (2100MHz),-91.0,-9.2,18.8,37.0,9.2,28.6
2026-07-16 21:00:00,RJPN-007-3,RJPN-007,Band 1 (2100MHz),-87.4,-6.6,21.8,16.8,17.1,12.8
2026-07-16 21:00:00,RJPN-008-1,RJPN-008,Band 3 (1800MHz),-82.3,-12.5,14.1,7.2,28.7,47.0
2026-07-16 21:00:00,RJPN-008-2,RJPN-008,Band 3 (1800MHz),-85.6,-8.6,30.9,20.7,0.1,24.3
2026-07-16 21:00:00,RJPN-008-3,RJPN-008,Band 3 (1800MHz),-88.2,-7.6,5.2,14.2,8.1,39.0
2026-07-16 21:00:00,RJPN-009-1,RJPN-009,Band 1 (2100MHz),-85.5,-13.7,8.2,16.4,9.8,5.3
2026-07-16 21:00:00,RJPN-009-2,RJPN-009,Band 1 (2100MHz),-84.3,-10.4,16.6,17.4,12.2,0.0
2026-07-16 21:00:00,RJPN-009-3,RJPN-009,Band 1 (2100MHz),-85.8,-5.6,11.0,30.4,0.0,21.4
2026-07-16 21:00:00,RJPN-010-1,RJPN-010,Band 3 (1800MHz),-86.8,-8.2,18.6,18.3,7.1,19.3
2026-07-16 21:00:00,RJPN-010-2,RJPN-010,Band 3 (1800MHz),-84.3,-8.7,27.9,7.7,28.2,51.6
2026-07-16 21:00:00,RJPN-010-3,RJPN-010,Band 3 (1800MHz),-95.7,-14.0,2.1,8.4,5.9,45.5
2026-07-16 21:00:00,RJPN-011-1,RJPN-011,Band 1 (2100MHz),-97.5,-14.2,-0.3,22.4,0.0,21.6
2026-07-16 21:00:00,RJPN-011-2,RJPN-011,Band 1 (2100MHz),-85.0,-7.3,15.1,27.7,0.0,53.0
2026-07-16 21:00:00,RJPN-011-3,RJPN-011,Band 1 (2100MHz),-86.8,-10.9,9.8,8.8,11.2,14.6
2026-07-16 22:00:00,RJPN-001-1,RJPN-001,Band 1 (2100MHz),-87.7,-8.1,19.9,7.6,29.2,0.0
2026-07-16 22:00:00,RJPN-001-2,RJPN-001,Band 1 (2100MHz),-82.4,-9.5,18.8,3.5,2.3,51.1
2026-07-16 22:00:00,RJPN-001-3,RJPN-001,Band 1 (2100MHz),-90.3,-10.2,16.6,10.0,7.0,13.6
2026-07-16 22:00:00,RJPN-002-1,RJPN-002,Band 3 (1800MHz),-100.2,-12.7,1.5,14.4,18.3,14.1
2026-07-16 22:00:00,RJPN-002-2,RJPN-002,Band 3 (1800MHz),-90.7,-7.2,14.4,2.2,22.9,20.2
2026-07-16 22:00:00,RJPN-002-3,RJPN-002,Band 3 (1800MHz),-91.7,-8.5,4.4,27.1,8.1,65.1
2026-07-16 22:00:00,RJPN-003-1,RJPN-003,Band 1 (2100MHz),-85.4,-10.7,4.3,13.7,0.0,32.5
2026-07-16 22:00:00,RJPN-003-2,RJPN-003,Band 1 (2100MHz),-89.1,-7.8,8.2,20.2,0.0,0.6
2026-07-16 22:00:00,RJPN-003-3,RJPN-003,Band 1 (2100MHz),-87.5,-9.5,0.5,20.6,0.0,42.5
2026-07-16 22:00:00,RJPN-004-1,RJPN-004,Band 3 (1800MHz),-83.5,-7.2,6.1,9.5,5.3,7.4
2026-07-16 22:00:00,RJPN-004-2,RJPN-004,Band 3 (1800MHz),-85.2,-5.7,15.9,0.0,0.0,10.5
2026-07-16 22:00:00,RJPN-004-3,RJPN-004,Band 3 (1800MHz),-83.6,-6.2,14.2,0.0,4.3,4.8
2026-07-16 22:00:00,RJPN-005-1,RJPN-005,Band 1 (2100MHz),-89.9,-6.3,20.8,16.2,5.3,0.0
2026-07-16 22:00:00,RJPN-005-2,RJPN-005,Band 1 (2100MHz),-83.6,-7.6,4.3,33.3,0.0,8.0
2026-07-16 22:00:00,RJPN-005-3,RJPN-005,Band 1 (2100MHz),-93.4,-7.4,13.2,11.2,3.2,22.1
2026-07-16 22:00:00,RJPN-006-1,RJPN-006,Band 3 (1800MHz),-84.3,-6.4,5.8,11.6,0.0,4.6
2026-07-16 22:00:00,RJPN-006-2,RJPN-006,Band 3 (1800MHz),-84.7,-6.7,18.7,31.9,7.2,7.9
2026-07-16 22:00:00,RJPN-006-3,RJPN-006,Band 3 (1800MHz),-89.0,-8.8,14.9,9.3,2.0,17.3
2026-07-16 22:00:00,RJPN-007-1,RJPN-007,Band 1 (2100MHz),-87.0,-6.6,14.9,0.0,0.0,9.9
2026-07-16 22:00:00,RJPN-007-2,RJPN-007,Band 1 (2100MHz),-90.1,-9.3,1.9,0.0,4.1,8.2
2026-07-16 22:00:00,RJPN-007-3,RJPN-007,Band 1 (2100MHz),-87.4,-9.3,14.2,3.0,0.0,19.3
2026-07-16 22:00:00,RJPN-008-1,RJPN-008,Band 3 (1800MHz),-78.9,-7.3,8.3,16.1,0.0,0.0
2026-07-16 22:00:00,RJPN-008-2,RJPN-008,Band 3 (1800MHz),-86.5,-10.1,7.3,33.8,7.5,0.0
2026-07-16 22:00:00,RJPN-008-3,RJPN-008,Band 3 (1800MHz),-81.4,-9.4,9.8,10.7,10.7,6.5
2026-07-16 22:00:00,RJPN-009-1,RJPN-009,Band 1 (2100MHz),-85.8,-6.0,3.0,0.0,14.4,0.0
2026-07-16 22:00:00,RJPN-009-2,RJPN-009,Band 1 (2100MHz),-87.8,-8.2,15.1,20.6,0.0,0.0
2026-07-16 22:00:00,RJPN-009-3,RJPN-009,Band 1 (2100MHz),-87.2,-8.1,14.4,9.4,13.9,4.7
2026-07-16 22:00:00,RJPN-010-1,RJPN-010,Band 3 (1800MHz),-89.7,-7.9,6.5,19.1,11.9,23.2
2026-07-16 22:00:00,RJPN-010-2,RJPN-010,Band 3 (1800MHz),-87.5,-6.5,14.9,6.4,0.0,4.1
2026-07-16 22:00:00,RJPN-010-3,RJPN-010,Band 3 (1800MHz),-91.5,-10.7,4.6,5.1,2.7,21.4
2026-07-16 22:00:00,RJPN-011-1,RJPN-011,Band 1 (2100MHz),-106.7,-13.9,7.8,0.0,21.9,0.0
2026-07-16 22:00:00,RJPN-011-2,RJPN-011,Band 1 (2100MHz),-88.6,-7.5,8.3,25.7,5.0,0.0
2026-07-16 22:00:00,RJPN-011-3,RJPN-011,Band 1 (2100MHz),-96.2,-7.2,12.4,6.9,1.1,1.3
2026-07-16 23:00:00,RJPN-001-1,RJPN-001,Band 1 (2100MHz),-85.1,-9.9,8.7,27.2,0.0,37.5
2026-07-16 23:00:00,RJPN-001-2,RJPN-001,Band 1 (2100MHz),-88.2,-7.6,16.6,30.6,9.1,27.9
2026-07-16 23:00:00,RJPN-001-3,RJPN-001,Band 1 (2100MHz),-87.4,-4.3,7.0,8.1,13.2,0.0
2026-07-16 23:00:00,RJPN-002-1,RJPN-002,Band 3 (1800MHz),-103.3,-11.4,9.5,10.4,6.5,0.0
2026-07-16 23:00:00,RJPN-002-2,RJPN-002,Band 3 (1800MHz),-88.9,-5.5,16.6,15.8,9.5,22.4
2026-07-16 23:00:00,RJPN-002-3,RJPN-002,Band 3 (1800MHz),-88.8,-9.6,14.4,17.2,0.0,12.5
2026-07-16 23:00:00,RJPN-003-1,RJPN-003,Band 1 (2100MHz),-79.4,-6.1,10.0,0.0,5.7,12.4
2026-07-16 23:00:00,RJPN-003-2,RJPN-003,Band 1 (2100MHz),-82.2,-3.4,13.4,0.0,10.9,8.4
2026-07-16 23:00:00,RJPN-003-3,RJPN-003,Band 1 (2100MHz),-91.9,-9.0,17.7,24.8,4.8,23.9
2026-07-16 23:00:00,RJPN-004-1,RJPN-004,Band 3 (1800MHz),-93.1,-5.2,11.8,32.0,6.5,46.5
2026-07-16 23:00:00,RJPN-004-2,RJPN-004,Band 3 (1800MHz),-86.0,-10.1,13.9,4.8,8.5,5.5
2026-07-16 23:00:00,RJPN-004-3,RJPN-004,Band 3 (1800MHz),-83.8,-13.3,6.3,2.4,7.0,29.0
2026-07-16 23:00:00,RJPN-005-1,RJPN-005,Band 1 (2100MHz),-83.0,-10.0,11.7,0.0,11.6,0.0
2026-07-16 23:00:00,RJPN-005-2,RJPN-005,Band 1 (2100MHz),-91.6,-6.1,11.7,0.0,14.1,25.1
2026-07-16 23:00:00,RJPN-005-3,RJPN-005,Band 1 (2100MHz),-80.5,-4.4,10.7,11.4,0.0,0.0
2026-07-16 23:00:00,RJPN-006-1,RJPN-006,Band 3 (1800MHz),-88.9,-7.4,7.9,3.2,8.9,19.4
2026-07-16 23:00:00,RJPN-006-2,RJPN-006,Band 3 (1800MHz),-88.4,-8.7,17.8,6.7,15.5,53.5
2026-07-16 23:00:00,RJPN-006-3,RJPN-006,Band 3 (1800MHz),-85.7,-5.6,10.9,26.8,19.0,53.3
2026-07-16 23:00:00,RJPN-007-1,RJPN-007,Band 1 (2100MHz),-92.5,-8.3,18.6,0.0,12.0,22.3
2026-07-16 23:00:00,RJPN-007-2,RJPN-007,Band 1 (2100MHz),-87.8,-6.0,16.7,6.7,0.0,17.8
2026-07-16 23:00:00,RJPN-007-3,RJPN-007,Band 1 (2100MHz),-91.4,-10.1,2.3,20.3,4.1,0.0
2026-07-16 23:00:00,RJPN-008-1,RJPN-008,Band 3 (1800MHz),-84.3,-8.8,14.8,33.3,12.1,0.0
2026-07-16 23:00:00,RJPN-008-2,RJPN-008,Band 3 (1800MHz),-90.5,-8.1,4.8,15.6,4.3,43.3
2026-07-16 23:00:00,RJPN-008-3,RJPN-008,Band 3 (1800MHz),-82.8,-6.4,12.3,0.7,7.5,0.0
2026-07-16 23:00:00,RJPN-009-1,RJPN-009,Band 1 (2100MHz),-86.8,-4.8,15.9,16.8,0.9,31.9
2026-07-16 23:00:00,RJPN-009-2,RJPN-009,Band 1 (2100MHz),-85.2,-7.6,8.0,0.0,0.0,0.0
2026-07-16 23:00:00,RJPN-009-3,RJPN-009,Band 1 (2100MHz),-84.1,-2.8,8.7,19.9,0.0,38.0
2026-07-16 23:00:00,RJPN-010-1,RJPN-010,Band 3 (1800MHz),-85.7,-7.7,11.9,0.0,0.0,31.2
2026-07-16 23:00:00,RJPN-010-2,RJPN-010,Band 3 (1800MHz),-85.1,-9.9,14.0,3.7,0.0,38.0
2026-07-16 23:00:00,RJPN-010-3,RJPN-010,Band 3 (1800MHz),-105.0,-12.1,7.7,0.2,2.0,0.0
2026-07-16 23:00:00,RJPN-011-1,RJPN-011,Band 1 (2100MHz),-98.2,-15.3,14.6,14.8,23.7,24.1
2026-07-16 23:00:00,RJPN-011-2,RJPN-011,Band 1 (2100MHz),-86.4,-8.5,20.9,0.0,0.0,47.4
2026-07-16 23:00:00,RJPN-011-3,RJPN-011,Band 1 (2100MHz),-93.4,-7.5,18.4,23.9,0.0,24.0
2026-07-17 00:00:00,RJPN-001-1,RJPN-001,Band 1 (2100MHz),-87.6,-8.6,10.7,12.4,0.0,28.5
2026-07-17 00:00:00,RJPN-001-2,RJPN-001,Band 1 (2100MHz),-86.1,-7.5,14.8,17.8,9.5,23.3
2026-07-17 00:00:00,RJPN-001-3,RJPN-001,Band 1 (2100MHz),-87.8,-7.8,1.5,12.1,3.5,7.9
2026-07-17 00:00:00,RJPN-002-1,RJPN-002,Band 3 (1800MHz),-92.1,-13.0,11.6,4.5,0.0,60.3
2026-07-17 00:00:00,RJPN-002-2,RJPN-002,Band 3 (1800MHz),-85.2,-7.2,9.6,12.6,3.8,1.3
2026-07-17 00:00:00,RJPN-002-3,RJPN-002,Band 3 (1800MHz),-87.3,-6.9,18.6,8.3,3.1,20.7
2026-07-17 00:00:00,RJPN-003-1,RJPN-003,Band 1 (2100MHz),-80.2,-10.1,9.4,0.0,0.0,0.2
2026-07-17 00:00:00,RJPN-003-2,RJPN-003,Band 1 (2100MHz),-87.0,-5.7,15.3,0.0,4.1,44.1
2026-07-17 00:00:00,RJPN-003-3,RJPN-003,Band 1 (2100MHz),-88.3,-10.0,8.5,1.4,0.0,3.3
2026-07-17 00:00:00,RJPN-004-1,RJPN-004,Band 3 (1800MHz),-89.4,-8.6,8.1,0.0,12.0,3.8
2026-07-17 00:00:00,RJPN-004-2,RJPN-004,Band 3 (1800MHz),-81.7,-8.2,14.6,20.6,0.0,34.6
2026-07-17 00:00:00,RJPN-004-3,RJPN-004,Band 3 (1800MHz),-86.8,-8.6,11.9,9.0,12.8,0.0
2026-07-17 00:00:00,RJPN-005-1,RJPN-005,Band 1 (2100MHz),-81.8,-8.4,16.5,13.0,16.2,13.0
2026-07-17 00:00:00,RJPN-005-2,RJPN-005,Band 1 (2100MHz),-93.1,-10.4,2.6,14.2,12.7,0.0
2026-07-17 00:00:00,RJPN-005-3,RJPN-005,Band 1 (2100MHz),-86.3,-6.9,16.2,9.6,11.8,39.6
2026-07-17 00:00:00,RJPN-006-1,RJPN-006,Band 3 (1800MHz),-80.9,-5.0,13.6,0.0,0.0,39.1
2026-07-17 00:00:00,RJPN-006-2,RJPN-006,Band 3 (1800MHz),-83.8,-12.2,11.4,3.2,0.6,12.6
2026-07-17 00:00:00,RJPN-006-3,RJPN-006,Band 3 (1800MHz),-92.0,-7.5,9.0,15.2,14.4,32.1
2026-07-17 00:00:00,RJPN-007-1,RJPN-007,Band 1 (2100MHz),-84.9,-6.9,11.9,0.0,0.0,0.0
2026-07-17 00:00:00,RJPN-007-2,RJPN-007,Band 1 (2100MHz),-87.9,-7.6,9.6,6.2,0.0,19.9
2026-07-17 00:00:00,RJPN-007-3,RJPN-007,Band 1 (2100MHz),-83.3,-8.0,6.1,8.0,14.8,23.2
2026-07-17 00:00:00,RJPN-008-1,RJPN-008,Band 3 (1800MHz),-90.9,-8.3,20.2,1.3,0.0,31.8
2026-07-17 00:00:00,RJPN-008-2,RJPN-008,Band 3 (1800MHz),-85.1,-7.7,15.7,3.5,2.5,37.7
2026-07-17 00:00:00,RJPN-008-3,RJPN-008,Band 3 (1800MHz),-90.9,-9.3,14.4,20.4,10.2,38.0
2026-07-17 00:00:00,RJPN-009-1,RJPN-009,Band 1 (2100MHz),-83.4,-5.7,19.9,3.6,2.9,0.0
2026-07-17 00:00:00,RJPN-009-2,RJPN-009,Band 1 (2100MHz),-87.5,-6.5,18.4,18.7,0.0,3.3
2026-07-17 00:00:00,RJPN-009-3,RJPN-009,Band 1 (2100MHz),-85.7,-9.4,6.4,19.2,0.0,30.6
2026-07-17 00:00:00,RJPN-010-1,RJPN-010,Band 3 (1800MHz),-85.0,-10.0,7.1,34.0,4.5,20.9
2026-07-17 00:00:00,RJPN-010-2,RJPN-010,Band 3 (1800MHz),-91.3,-9.2,10.4,0.0,0.0,16.0
2026-07-17 00:00:00,RJPN-010-3,RJPN-010,Band 3 (1800MHz),-101.7,-11.0,1.7,0.0,0.0,48.5
2026-07-17 00:00:00,RJPN-011-1,RJPN-011,Band 1 (2100MHz),-101.7,-12.6,6.2,27.6,0.9,11.8
2026-07-17 00:00:00,RJPN-011-2,RJPN-011,Band 1 (2100MHz),-83.3,-5.9,21.3,18.6,13.2,0.0
2026-07-17 00:00:00,RJPN-011-3,RJPN-011,Band 1 (2100MHz),-83.9,-10.7,3.8,0.0,11.9,0.0
2026-07-17 01:00:00,RJPN-001-1,RJPN-001,Band 1 (2100MHz),-85.4,-5.9,11.7,19.1,0.0,0.0
2026-07-17 01:00:00,RJPN-001-2,RJPN-001,Band 1 (2100MHz),-90.2,-6.8,10.6,0.0,12.0,0.0
2026-07-17 01:00:00,RJPN-001-3,RJPN-001,Band 1 (2100MHz),-86.2,-5.6,12.7,0.0,10.8,62.3
2026-07-17 01:00:00,RJPN-002-1,RJPN-002,Band 3 (1800MHz),-101.9,-13.4,8.8,0.0,0.0,20.3
2026-07-17 01:00:00,RJPN-002-2,RJPN-002,Band 3 (1800MHz),-88.4,-8.2,4.8,16.2,0.0,20.2
2026-07-17 01:00:00,RJPN-002-3,RJPN-002,Band 3 (1800MHz),-84.0,-8.3,13.2,9.5,0.0,24.4
2026-07-17 01:00:00,RJPN-003-1,RJPN-003,Band 1 (2100MHz),-92.9,-9.7,12.5,0.0,15.0,35.5
2026-07-17 01:00:00,RJPN-003-2,RJPN-003,Band 1 (2100MHz),-93.7,-9.3,17.6,0.0,0.0,30.8
2026-07-17 01:00:00,RJPN-003-3,RJPN-003,Band 1 (2100MHz),-88.2,-8.3,6.9,0.0,17.1,42.8
2026-07-17 01:00:00,RJPN-004-1,RJPN-004,Band 3 (1800MHz),-82.8,-6.5,21.0,0.6,10.7,15.2
2026-07-17 01:00:00,RJPN-004-2,RJPN-004,Band 3 (1800MHz),-88.7,-8.6,14.2,13.2,8.7,0.0
2026-07-17 01:00:00,RJPN-004-3,RJPN-004,Band 3 (1800MHz),-88.0,-6.9,15.0,16.5,2.1,16.7
2026-07-17 01:00:00,RJPN-005-1,RJPN-005,Band 1 (2100MHz),-89.7,-8.3,21.9,10.6,0.0,0.0
2026-07-17 01:00:00,RJPN-005-2,RJPN-005,Band 1 (2100MHz),-91.5,-9.1,11.6,18.3,18.8,40.4
2026-07-17 01:00:00,RJPN-005-3,RJPN-005,Band 1 (2100MHz),-86.5,-10.9,17.4,0.7,2.0,0.0
2026-07-17 01:00:00,RJPN-006-1,RJPN-006,Band 3 (1800MHz),-90.6,-7.7,8.6,18.3,1.7,8.5
2026-07-17 01:00:00,RJPN-006-2,RJPN-006,Band 3 (1800MHz),-85.9,-11.6,19.1,0.0,14.8,33.5
2026-07-17 01:00:00,RJPN-006-3,RJPN-006,Band 3 (1800MHz),-80.4,-6.8,6.3,0.0,17.4,0.0
2026-07-17 01:00:00,RJPN-007-1,RJPN-007,Band 1 (2100MHz),-86.6,-9.9,15.8,0.0,9.5,0.0
2026-07-17 01:00:00,RJPN-007-2,RJPN-007,Band 1 (2100MHz),-88.3,-8.5,6.8,7.7,16.3,0.0
2026-07-17 01:00:00,RJPN-007-3,RJPN-007,Band 1 (2100MHz),-90.5,-9.4,17.0,7.0,3.6,16.9
2026-07-17 01:00:00,RJPN-008-1,RJPN-008,Band 3 (1800MHz),-78.8,-10.0,12.6,0.0,0.0,32.7
2026-07-17 01:00:00,RJPN-008-2,RJPN-008,Band 3 (1800MHz),-94.8,-7.6,13.0,28.2,0.0,32.2
2026-07-17 01:00:00,RJPN-008-3,RJPN-008,Band 3 (1800MHz),-95.7,-5.1,11.8,12.2,0.0,30.9
2026-07-17 01:00:00,RJPN-009-1,RJPN-009,Band 1 (2100MHz),-80.2,-9.1,21.7,8.0,14.0,15.3
2026-07-17 01:00:00,RJPN-009-2,RJPN-009,Band 1 (2100MHz),-88.8,-6.2,19.4,10.4,2.6,18.4
2026-07-17 01:00:00,RJPN-009-3,RJPN-009,Band 1 (2100MHz),-79.1,-9.2,20.9,2.2,3.0,11.5
2026-07-17 01:00:00,RJPN-010-1,RJPN-010,Band 3 (1800MHz),-90.7,-7.3,16.8,8.0,13.8,0.0
2026-07-17 01:00:00,RJPN-010-2,RJPN-010,Band 3 (1800MHz),-92.3,-9.9,8.7,39.5,2.3,34.2
2026-07-17 01:00:00,RJPN-010-3,RJPN-010,Band 3 (1800MHz),-101.5,-12.6,6.5,0.0,9.5,24.5
2026-07-17 01:00:00,RJPN-011-1,RJPN-011,Band 1 (2100MHz),-103.6,-13.8,6.9,3.6,15.0,17.4
2026-07-17 01:00:00,RJPN-011-2,RJPN-011,Band 1 (2100MHz),-93.8,-9.0,17.0,0.0,4.4,22.0
2026-07-17 01:00:00,RJPN-011-3,RJPN-011,Band 1 (2100MHz),-93.6,-7.5,12.3,30.1,7.5,33.8
2026-07-17 02:00:00,RJPN-001-1,RJPN-001,Band 1 (2100MHz),-86.4,-5.2,18.4,11.8,0.0,0.0
2026-07-17 02:00:00,RJPN-001-2,RJPN-001,Band 1 (2100MHz),-82.6,-8.5,11.9,2.3,12.2,12.7
2026-07-17 02:00:00,RJPN-001-3,RJPN-001,Band 1 (2100MHz),-82.1,-8.9,15.1,19.9,0.0,28.0
2026-07-17 02:00:00,RJPN-002-1,RJPN-002,Band 3 (1800MHz),-104.1,-13.5,1.7,2.1,12.8,4.1
2026-07-17 02:00:00,RJPN-002-2,RJPN-002,Band 3 (1800MHz),-80.2,-6.3,12.3,0.1,22.6,25.9
2026-07-17 02:00:00,RJPN-002-3,RJPN-002,Band 3 (1800MHz),-85.7,-4.8,7.1,20.1,1.6,9.7
2026-07-17 02:00:00,RJPN-003-1,RJPN-003,Band 1 (2100MHz),-89.7,-7.7,4.1,0.0,1.1,0.0
2026-07-17 02:00:00,RJPN-003-2,RJPN-003,Band 1 (2100MHz),-82.1,-8.8,11.1,0.0,0.0,9.3
2026-07-17 02:00:00,RJPN-003-3,RJPN-003,Band 1 (2100MHz),-88.0,-6.3,-0.7,6.8,0.0,40.9
2026-07-17 02:00:00,RJPN-004-1,RJPN-004,Band 3 (1800MHz),-85.7,-7.6,-1.0,24.9,0.0,0.6
2026-07-17 02:00:00,RJPN-004-2,RJPN-004,Band 3 (1800MHz),-91.2,-10.1,9.3,0.7,0.0,0.0
2026-07-17 02:00:00,RJPN-004-3,RJPN-004,Band 3 (1800MHz),-77.4,-8.7,0.5,20.8,0.0,0.0
2026-07-17 02:00:00,RJPN-005-1,RJPN-005,Band 1 (2100MHz),-92.4,-7.4,3.3,15.5,4.1,23.4
2026-07-17 02:00:00,RJPN-005-2,RJPN-005,Band 1 (2100MHz),-84.4,-8.0,12.8,7.8,0.0,12.8
2026-07-17 02:00:00,RJPN-005-3,RJPN-005,Band 1 (2100MHz),-83.6,-5.0,5.7,29.6,8.8,0.0
2026-07-17 02:00:00,RJPN-006-1,RJPN-006,Band 3 (1800MHz),-89.5,-5.2,27.3,0.0,0.0,35.9
2026-07-17 02:00:00,RJPN-006-2,RJPN-006,Band 3 (1800MHz),-89.1,-5.7,11.9,12.6,0.0,43.1
2026-07-17 02:00:00,RJPN-006-3,RJPN-006,Band 3 (1800MHz),-92.3,-7.2,18.9,15.3,6.2,0.0
2026-07-17 02:00:00,RJPN-007-1,RJPN-007,Band 1 (2100MHz),-80.6,-8.9,2.4,11.9,14.3,0.0
2026-07-17 02:00:00,RJPN-007-2,RJPN-007,Band 1 (2100MHz),-88.3,-6.7,11.8,16.7,4.4,9.6
2026-07-17 02:00:00,RJPN-007-3,RJPN-007,Band 1 (2100MHz),-83.6,-9.3,6.6,9.9,6.5,7.6
2026-07-17 02:00:00,RJPN-008-1,RJPN-008,Band 3 (1800MHz),-85.9,-6.2,20.5,0.0,2.0,47.8
2026-07-17 02:00:00,RJPN-008-2,RJPN-008,Band 3 (1800MHz),-87.8,-7.1,18.4,5.3,0.0,8.5
2026-07-17 02:00:00,RJPN-008-3,RJPN-008,Band 3 (1800MHz),-83.5,-7.6,12.8,26.3,16.1,2.3
2026-07-17 02:00:00,RJPN-009-1,RJPN-009,Band 1 (2100MHz),-87.2,-6.9,11.8,28.8,20.2,0.0
2026-07-17 02:00:00,RJPN-009-2,RJPN-009,Band 1 (2100MHz),-85.1,-8.4,14.1,12.9,12.4,44.5
2026-07-17 02:00:00,RJPN-009-3,RJPN-009,Band 1 (2100MHz),-90.9,-7.3,12.9,1.3,0.0,6.6
2026-07-17 02:00:00,RJPN-010-1,RJPN-010,Band 3 (1800MHz),-88.4,-4.1,9.6,27.9,13.7,30.0
2026-07-17 02:00:00,RJPN-010-2,RJPN-010,Band 3 (1800MHz),-80.7,-10.2,6.3,8.9,5.1,0.8
2026-07-17 02:00:00,RJPN-010-3,RJPN-010,Band 3 (1800MHz),-97.2,-9.1,6.5,10.8,14.0,0.0
2026-07-17 02:00:00,RJPN-011-1,RJPN-011,Band 1 (2100MHz),-100.6,-13.2,2.3,10.4,17.5,0.0
2026-07-17 02:00:00,RJPN-011-2,RJPN-011,Band 1 (2100MHz),-92.4,-6.0,14.2,19.7,12.6,0.0
2026-07-17 02:00:00,RJPN-011-3,RJPN-011,Band 1 (2100MHz),-85.9,-9.1,11.8,24.0,3.6,1.9
2026-07-17 03:00:00,RJPN-001-1,RJPN-001,Band 1 (2100MHz),-87.0,-10.6,21.3,0.0,9.0,2.4
2026-07-17 03:00:00,RJPN-001-2,RJPN-001,Band 1 (2100MHz),-84.2,-7.3,7.4,24.3,5.1,39.6
2026-07-17 03:00:00,RJPN-001-3,RJPN-001,Band 1 (2100MHz),-85.8,-7.8,3.7,9.4,2.6,0.0
2026-07-17 03:00:00,RJPN-002-1,RJPN-002,Band 3 (1800MHz),-97.5,-14.1,-2.4,0.0,0.0,0.0
2026-07-17 03:00:00,RJPN-002-2,RJPN-002,Band 3 (1800MHz),-91.6,-4.6,20.8,0.0,5.1,2.2
2026-07-17 03:00:00,RJPN-002-3,RJPN-002,Band 3 (1800MHz),-88.0,-10.2,21.2,27.1,2.5,20.1
2026-07-17 03:00:00,RJPN-003-1,RJPN-003,Band 1 (2100MHz),-87.4,-8.7,21.9,1.1,0.0,0.0
2026-07-17 03:00:00,RJPN-003-2,RJPN-003,Band 1 (2100MHz),-89.0,-9.2,5.3,9.3,0.0,25.4
2026-07-17 03:00:00,RJPN-003-3,RJPN-003,Band 1 (2100MHz),-91.4,-8.0,8.7,0.0,13.1,21.0
2026-07-17 03:00:00,RJPN-004-1,RJPN-004,Band 3 (1800MHz),-89.5,-9.4,15.0,0.0,13.2,42.1
2026-07-17 03:00:00,RJPN-004-2,RJPN-004,Band 3 (1800MHz),-88.1,-9.8,18.7,0.0,7.1,16.2
2026-07-17 03:00:00,RJPN-004-3,RJPN-004,Band 3 (1800MHz),-91.9,-8.2,11.4,18.0,3.7,28.2
2026-07-17 03:00:00,RJPN-005-1,RJPN-005,Band 1 (2100MHz),-82.4,-11.6,28.5,37.4,1.0,31.8
2026-07-17 03:00:00,RJPN-005-2,RJPN-005,Band 1 (2100MHz),-95.4,-8.7,7.9,0.0,2.7,0.0
2026-07-17 03:00:00,RJPN-005-3,RJPN-005,Band 1 (2100MHz),-82.5,-9.0,16.3,1.1,17.2,17.1
2026-07-17 03:00:00,RJPN-006-1,RJPN-006,Band 3 (1800MHz),-86.0,-8.1,11.0,13.9,7.7,33.6
2026-07-17 03:00:00,RJPN-006-2,RJPN-006,Band 3 (1800MHz),-78.1,-5.7,13.7,0.0,6.5,4.1
2026-07-17 03:00:00,RJPN-006-3,RJPN-006,Band 3 (1800MHz),-90.0,-6.9,14.6,35.7,15.6,6.7
2026-07-17 03:00:00,RJPN-007-1,RJPN-007,Band 1 (2100MHz),-89.1,-2.0,19.5,23.2,10.5,33.8
2026-07-17 03:00:00,RJPN-007-2,RJPN-007,Band 1 (2100MHz),-86.9,-9.4,19.5,25.2,0.0,8.7
2026-07-17 03:00:00,RJPN-007-3,RJPN-007,Band 1 (2100MHz),-92.4,-6.7,18.5,2.9,4.6,41.7
2026-07-17 03:00:00,RJPN-008-1,RJPN-008,Band 3 (1800MHz),-91.7,-6.8,10.6,7.7,0.0,17.5
2026-07-17 03:00:00,RJPN-008-2,RJPN-008,Band 3 (1800MHz),-88.9,-5.2,17.9,12.6,0.0,10.6
2026-07-17 03:00:00,RJPN-008-3,RJPN-008,Band 3 (1800MHz),-95.3,-5.5,10.6,0.0,1.9,47.0
2026-07-17 03:00:00,RJPN-009-1,RJPN-009,Band 1 (2100MHz),-89.6,-6.7,16.2,3.9,19.7,35.8
2026-07-17 03:00:00,RJPN-009-2,RJPN-009,Band 1 (2100MHz),-93.1,-9.9,4.7,2.3,0.0,33.0
2026-07-17 03:00:00,RJPN-009-3,RJPN-009,Band 1 (2100MHz),-90.8,-7.9,10.4,20.3,6.7,0.0
2026-07-17 03:00:00,RJPN-010-1,RJPN-010,Band 3 (1800MHz),-85.3,-6.9,18.9,11.1,0.0,1.1
2026-07-17 03:00:00,RJPN-010-2,RJPN-010,Band 3 (1800MHz),-92.3,-4.1,5.9,37.4,18.6,28.5
2026-07-17 03:00:00,RJPN-010-3,RJPN-010,Band 3 (1800MHz),-93.9,-9.9,11.5,11.0,0.0,0.0
2026-07-17 03:00:00,RJPN-011-1,RJPN-011,Band 1 (2100MHz),-99.9,-15.1,2.7,13.4,9.7,15.9
2026-07-17 03:00:00,RJPN-011-2,RJPN-011,Band 1 (2100MHz),-82.6,-10.4,11.0,18.0,8.2,23.0
2026-07-17 03:00:00,RJPN-011-3,RJPN-011,Band 1 (2100MHz),-92.8,-8.0,11.9,5.9,10.2,0.0
2026-07-17 04:00:00,RJPN-001-1,RJPN-001,Band 1 (2100MHz),-87.6,-9.8,11.6,0.0,0.0,0.0
2026-07-17 04:00:00,RJPN-001-2,RJPN-001,Band 1 (2100MHz),-82.3,-11.6,20.8,22.2,0.0,7.8
2026-07-17 04:00:00,RJPN-001-3,RJPN-001,Band 1 (2100MHz),-85.7,-8.6,11.8,5.4,14.1,35.7
2026-07-17 04:00:00,RJPN-002-1,RJPN-002,Band 3 (1800MHz),-97.5,-12.3,12.7,38.4,0.0,11.0
2026-07-17 04:00:00,RJPN-002-2,RJPN-002,Band 3 (1800MHz),-90.5,-6.7,14.9,16.2,3.6,33.9
2026-07-17 04:00:00,RJPN-002-3,RJPN-002,Band 3 (1800MHz),-91.9,-7.8,15.1,1.0,13.0,43.5
2026-07-17 04:00:00,RJPN-003-1,RJPN-003,Band 1 (2100MHz),-91.0,-6.0,18.7,0.0,10.2,0.0
2026-07-17 04:00:00,RJPN-003-2,RJPN-003,Band 1 (2100MHz),-88.1,-8.8,11.9,0.0,0.0,26.1
2026-07-17 04:00:00,RJPN-003-3,RJPN-003,Band 1 (2100MHz),-79.5,-9.3,7.2,16.2,6.0,0.0
2026-07-17 04:00:00,RJPN-004-1,RJPN-004,Band 3 (1800MHz),-90.9,-9.1,8.7,11.6,9.5,14.2
2026-07-17 04:00:00,RJPN-004-2,RJPN-004,Band 3 (1800MHz),-87.2,-6.8,19.3,36.2,10.5,13.4
2026-07-17 04:00:00,RJPN-004-3,RJPN-004,Band 3 (1800MHz),-91.2,-4.8,-2.3,0.0,25.3,0.0
2026-07-17 04:00:00,RJPN-005-1,RJPN-005,Band 1 (2100MHz),-88.7,-8.2,15.5,22.0,11.5,47.9
2026-07-17 04:00:00,RJPN-005-2,RJPN-005,Band 1 (2100MHz),-82.9,-8.0,22.8,0.0,18.3,29.3
2026-07-17 04:00:00,RJPN-005-3,RJPN-005,Band 1 (2100MHz),-83.8,-10.4,10.1,19.4,0.0,26.2
2026-07-17 04:00:00,RJPN-006-1,RJPN-006,Band 3 (1800MHz),-92.1,-6.3,14.7,4.6,6.9,15.8
2026-07-17 04:00:00,RJPN-006-2,RJPN-006,Band 3 (1800MHz),-84.4,-7.2,14.2,0.0,12.6,52.7
2026-07-17 04:00:00,RJPN-006-3,RJPN-006,Band 3 (1800MHz),-88.1,-7.5,6.7,0.0,15.1,43.1
2026-07-17 04:00:00,RJPN-007-1,RJPN-007,Band 1 (2100MHz),-89.1,-10.0,17.0,35.2,3.9,0.0
2026-07-17 04:00:00,RJPN-007-2,RJPN-007,Band 1 (2100MHz),-86.0,-8.5,10.7,13.0,20.9,22.7
2026-07-17 04:00:00,RJPN-007-3,RJPN-007,Band 1 (2100MHz),-85.9,-8.4,9.2,15.7,0.6,26.7
2026-07-17 04:00:00,RJPN-008-1,RJPN-008,Band 3 (1800MHz),-84.4,-8.8,11.1,7.3,7.5,34.2
2026-07-17 04:00:00,RJPN-008-2,RJPN-008,Band 3 (1800MHz),-87.7,-8.4,8.7,15.7,12.3,4.4
2026-07-17 04:00:00,RJPN-008-3,RJPN-008,Band 3 (1800MHz),-88.5,-4.6,11.9,0.0,0.0,8.3
2026-07-17 04:00:00,RJPN-009-1,RJPN-009,Band 1 (2100MHz),-87.2,-6.6,17.2,4.5,2.6,14.8
2026-07-17 04:00:00,RJPN-009-2,RJPN-009,Band 1 (2100MHz),-77.1,-8.2,19.2,12.1,2.0,33.1
2026-07-17 04:00:00,RJPN-009-3,RJPN-009,Band 1 (2100MHz),-88.2,-5.2,22.0,9.9,13.7,4.6
2026-07-17 04:00:00,RJPN-010-1,RJPN-010,Band 3 (1800MHz),-93.4,-5.7,8.7,10.5,0.0,28.2
2026-07-17 04:00:00,RJPN-010-2,RJPN-010,Band 3 (1800MHz),-87.8,-3.7,14.0,9.1,15.1,59.9
2026-07-17 04:00:00,RJPN-010-3,RJPN-010,Band 3 (1800MHz),-105.0,-11.8,6.8,0.0,0.0,39.2
2026-07-17 04:00:00,RJPN-011-1,RJPN-011,Band 1 (2100MHz),-97.9,-13.3,3.2,15.5,11.0,0.0
2026-07-17 04:00:00,RJPN-011-2,RJPN-011,Band 1 (2100MHz),-86.2,-3.5,10.1,0.0,1.3,25.4
2026-07-17 04:00:00,RJPN-011-3,RJPN-011,Band 1 (2100MHz),-89.0,-9.2,11.6,9.1,12.4,25.4
2026-07-17 05:00:00,RJPN-001-1,RJPN-001,Band 1 (2100MHz),-82.0,-8.3,9.9,16.7,14.3,29.3
2026-07-17 05:00:00,RJPN-001-2,RJPN-001,Band 1 (2100MHz),-83.1,-9.1,7.1,6.7,6.5,12.4
2026-07-17 05:00:00,RJPN-001-3,RJPN-001,Band 1 (2100MHz),-87.2,-7.0,16.6,0.0,0.0,40.9
2026-07-17 05:00:00,RJPN-002-1,RJPN-002,Band 3 (1800MHz),-95.0,-13.1,7.3,11.4,5.6,45.5
2026-07-17 05:00:00,RJPN-002-2,RJPN-002,Band 3 (1800MHz),-85.0,-9.9,21.3,11.7,9.0,38.0
2026-07-17 05:00:00,RJPN-002-3,RJPN-002,Band 3 (1800MHz),-79.9,-9.4,20.6,11.5,14.4,0.0
2026-07-17 05:00:00,RJPN-003-1,RJPN-003,Band 1 (2100MHz),-83.8,-6.8,14.0,28.2,2.0,13.9
2026-07-17 05:00:00,RJPN-003-2,RJPN-003,Band 1 (2100MHz),-76.7,-10.1,21.1,18.4,9.3,52.1
2026-07-17 05:00:00,RJPN-003-3,RJPN-003,Band 1 (2100MHz),-90.2,-7.2,9.7,28.8,20.2,0.0
2026-07-17 05:00:00,RJPN-004-1,RJPN-004,Band 3 (1800MHz),-90.6,-6.4,10.4,0.0,25.1,23.3
2026-07-17 05:00:00,RJPN-004-2,RJPN-004,Band 3 (1800MHz),-87.4,-9.5,14.2,8.3,9.5,34.4
2026-07-17 05:00:00,RJPN-004-3,RJPN-004,Band 3 (1800MHz),-88.2,-11.0,13.1,3.6,0.0,0.0
2026-07-17 05:00:00,RJPN-005-1,RJPN-005,Band 1 (2100MHz),-90.0,-6.1,15.1,42.4,4.0,13.3
2026-07-17 05:00:00,RJPN-005-2,RJPN-005,Band 1 (2100MHz),-87.1,-7.0,16.3,0.0,16.1,24.3
2026-07-17 05:00:00,RJPN-005-3,RJPN-005,Band 1 (2100MHz),-86.0,-4.9,16.5,0.8,7.5,12.2
2026-07-17 05:00:00,RJPN-006-1,RJPN-006,Band 3 (1800MHz),-87.7,-8.4,8.6,0.0,1.0,0.0
2026-07-17 05:00:00,RJPN-006-2,RJPN-006,Band 3 (1800MHz),-88.8,-8.7,19.4,0.0,8.2,24.6
2026-07-17 05:00:00,RJPN-006-3,RJPN-006,Band 3 (1800MHz),-83.0,-5.2,15.7,4.1,5.7,0.0
2026-07-17 05:00:00,RJPN-007-1,RJPN-007,Band 1 (2100MHz),-88.5,-11.5,16.1,1.6,5.8,1.8
2026-07-17 05:00:00,RJPN-007-2,RJPN-007,Band 1 (2100MHz),-81.4,-10.6,16.1,10.3,3.8,2.7
2026-07-17 05:00:00,RJPN-007-3,RJPN-007,Band 1 (2100MHz),-81.2,-9.9,11.2,0.0,5.3,71.1
2026-07-17 05:00:00,RJPN-008-1,RJPN-008,Band 3 (1800MHz),-84.1,-6.6,11.1,21.1,12.2,0.0
2026-07-17 05:00:00,RJPN-008-2,RJPN-008,Band 3 (1800MHz),-87.5,-5.1,15.7,25.9,2.9,0.0
2026-07-17 05:00:00,RJPN-008-3,RJPN-008,Band 3 (1800MHz),-89.0,-10.1,15.3,6.7,22.1,18.4
2026-07-17 05:00:00,RJPN-009-1,RJPN-009,Band 1 (2100MHz),-84.8,-7.3,4.2,9.7,2.6,0.0
2026-07-17 05:00:00,RJPN-009-2,RJPN-009,Band 1 (2100MHz),-87.4,-9.8,28.1,5.0,7.7,0.0
2026-07-17 05:00:00,RJPN-009-3,RJPN-009,Band 1 (2100MHz),-81.8,-7.6,17.3,1.6,10.3,0.3
2026-07-17 05:00:00,RJPN-010-1,RJPN-010,Band 3 (1800MHz),-92.4,-6.7,4.2,1.5,0.0,5.7
2026-07-17 05:00:00,RJPN-010-2,RJPN-010,Band 3 (1800MHz),-85.2,-6.9,12.9,15.1,0.0,0.0
2026-07-17 05:00:00,RJPN-010-3,RJPN-010,Band 3 (1800MHz),-97.5,-14.0,-0.1,3.7,11.4,25.1
2026-07-17 05:00:00,RJPN-011-1,RJPN-011,Band 1 (2100MHz),-100.4,-13.6,10.5,9.0,3.3,2.4
2026-07-17 05:00:00,RJPN-011-2,RJPN-011,Band 1 (2100MHz),-78.9,-7.5,8.1,1.0,0.0,25.7
2026-07-17 05:00:00,RJPN-011-3,RJPN-011,Band 1 (2100MHz),-85.3,-7.0,9.6,2.5,1.3,0.0
2026-07-17 06:00:00,RJPN-001-1,RJPN-001,Band 1 (2100MHz),-84.6,-7.8,8.4,24.3,6.7,48.2
2026-07-17 06:00:00,RJPN-001-2,RJPN-001,Band 1 (2100MHz),-92.1,-6.9,13.5,34.3,16.9,48.4
2026-07-17 06:00:00,RJPN-001-3,RJPN-001,Band 1 (2100MHz),-89.8,-6.6,10.7,10.1,3.1,0.0
2026-07-17 06:00:00,RJPN-002-1,RJPN-002,Band 3 (1800MHz),-96.4,-11.3,1.2,14.0,0.0,24.7
2026-07-17 06:00:00,RJPN-002-2,RJPN-002,Band 3 (1800MHz),-77.8,-8.5,21.5,26.9,6.4,17.6
2026-07-17 06:00:00,RJPN-002-3,RJPN-002,Band 3 (1800MHz),-88.4,-9.8,17.6,16.8,5.1,0.0
2026-07-17 06:00:00,RJPN-003-1,RJPN-003,Band 1 (2100MHz),-85.1,-8.8,16.5,10.4,9.3,45.7
2026-07-17 06:00:00,RJPN-003-2,RJPN-003,Band 1 (2100MHz),-93.5,-13.7,13.4,7.7,2.9,30.4
2026-07-17 06:00:00,RJPN-003-3,RJPN-003,Band 1 (2100MHz),-81.5,-9.3,8.4,12.3,7.5,20.7
2026-07-17 06:00:00,RJPN-004-1,RJPN-004,Band 3 (1800MHz),-87.1,-9.9,14.2,20.2,6.9,13.3
2026-07-17 06:00:00,RJPN-004-2,RJPN-004,Band 3 (1800MHz),-77.9,-7.3,19.9,23.3,0.0,13.4
2026-07-17 06:00:00,RJPN-004-3,RJPN-004,Band 3 (1800MHz),-89.6,-11.9,10.2,6.9,2.7,16.3
2026-07-17 06:00:00,RJPN-005-1,RJPN-005,Band 1 (2100MHz),-89.5,-7.3,15.8,14.6,0.9,38.7
2026-07-17 06:00:00,RJPN-005-2,RJPN-005,Band 1 (2100MHz),-86.6,-9.1,22.7,20.1,8.7,3.8
2026-07-17 06:00:00,RJPN-005-3,RJPN-005,Band 1 (2100MHz),-90.6,-2.3,17.3,29.3,0.5,1.4
2026-07-17 06:00:00,RJPN-006-1,RJPN-006,Band 3 (1800MHz),-85.9,-6.9,24.5,15.8,9.0,23.5
2026-07-17 06:00:00,RJPN-006-2,RJPN-006,Band 3 (1800MHz),-83.6,-6.5,18.5,30.3,2.1,84.8
2026-07-17 06:00:00,RJPN-006-3,RJPN-006,Band 3 (1800MHz),-87.6,-5.3,11.8,0.0,4.0,19.0
2026-07-17 06:00:00,RJPN-007-1,RJPN-007,Band 1 (2100MHz),-89.2,-13.6,23.1,9.7,0.0,21.9
2026-07-17 06:00:00,RJPN-007-2,RJPN-007,Band 1 (2100MHz),-92.8,-6.3,20.3,12.5,8.8,33.7
2026-07-17 06:00:00,RJPN-007-3,RJPN-007,Band 1 (2100MHz),-95.3,-11.1,25.4,28.8,4.4,32.3
2026-07-17 06:00:00,RJPN-008-1,RJPN-008,Band 3 (1800MHz),-87.9,-3.6,13.2,0.6,13.9,57.3
2026-07-17 06:00:00,RJPN-008-2,RJPN-008,Band 3 (1800MHz),-79.7,-6.5,16.5,6.4,2.9,20.6
2026-07-17 06:00:00,RJPN-008-3,RJPN-008,Band 3 (1800MHz),-90.4,-8.7,15.0,21.9,20.2,4.9
2026-07-17 06:00:00,RJPN-009-1,RJPN-009,Band 1 (2100MHz),-87.4,-12.5,18.6,4.6,22.8,66.5
2026-07-17 06:00:00,RJPN-009-2,RJPN-009,Band 1 (2100MHz),-89.8,-8.6,16.5,0.0,11.8,34.8
2026-07-17 06:00:00,RJPN-009-3,RJPN-009,Band 1 (2100MHz),-87.8,-7.7,9.5,0.0,6.3,27.9
2026-07-17 06:00:00,RJPN-010-1,RJPN-010,Band 3 (1800MHz),-89.9,-6.8,17.1,18.3,0.0,49.3
2026-07-17 06:00:00,RJPN-010-2,RJPN-010,Band 3 (1800MHz),-92.3,-8.7,8.1,36.7,23.6,30.2
2026-07-17 06:00:00,RJPN-010-3,RJPN-010,Band 3 (1800MHz),-94.3,-14.9,5.2,20.9,1.1,18.0
2026-07-17 06:00:00,RJPN-011-1,RJPN-011,Band 1 (2100MHz),-100.2,-15.3,3.2,37.7,6.7,2.0
2026-07-17 06:00:00,RJPN-011-2,RJPN-011,Band 1 (2100MHz),-91.3,-8.9,23.8,15.2,12.3,0.0
2026-07-17 06:00:00,RJPN-011-3,RJPN-011,Band 1 (2100MHz),-84.5,-10.7,17.0,11.6,13.0,4.7
2026-07-17 07:00:00,RJPN-001-1,RJPN-001,Band 1 (2100MHz),-93.8,-8.6,6.4,57.0,19.6,107.0
2026-07-17 07:00:00,RJPN-001-2,RJPN-001,Band 1 (2100MHz),-90.7,-11.3,8.7,57.6,42.1,59.4
2026-07-17 07:00:00,RJPN-001-3,RJPN-001,Band 1 (2100MHz),-87.8,-11.9,15.5,61.1,40.0,79.4
2026-07-17 07:00:00,RJPN-002-1,RJPN-002,Band 3 (1800MHz),-104.3,-14.8,5.0,48.6,27.9,137.7
2026-07-17 07:00:00,RJPN-002-2,RJPN-002,Band 3 (1800MHz),-90.6,-11.6,15.9,76.0,24.0,108.9
2026-07-17 07:00:00,RJPN-002-3,RJPN-002,Band 3 (1800MHz),-91.3,-12.6,16.3,57.9,26.7,92.0
2026-07-17 07:00:00,RJPN-003-1,RJPN-003,Band 1 (2100MHz),-84.4,-7.5,20.7,49.6,19.3,112.7
2026-07-17 07:00:00,RJPN-003-2,RJPN-003,Band 1 (2100MHz),-80.2,-10.5,17.9,53.3,27.2,90.2
2026-07-17 07:00:00,RJPN-003-3,RJPN-003,Band 1 (2100MHz),-87.3,-16.0,12.6,44.0,25.9,71.5
2026-07-17 07:00:00,RJPN-004-1,RJPN-004,Band 3 (1800MHz),-87.8,-13.5,18.0,27.9,37.5,103.1
2026-07-17 07:00:00,RJPN-004-2,RJPN-004,Band 3 (1800MHz),-88.6,-9.9,13.7,54.3,18.9,52.1
2026-07-17 07:00:00,RJPN-004-3,RJPN-004,Band 3 (1800MHz),-90.6,-8.4,6.1,38.9,18.3,89.5
2026-07-17 07:00:00,RJPN-005-1,RJPN-005,Band 1 (2100MHz),-88.7,-10.1,14.4,65.0,43.1,90.9
2026-07-17 07:00:00,RJPN-005-2,RJPN-005,Band 1 (2100MHz),-84.0,-11.2,15.5,43.9,33.3,86.4
2026-07-17 07:00:00,RJPN-005-3,RJPN-005,Band 1 (2100MHz),-87.6,-12.7,9.4,56.5,34.7,115.5
2026-07-17 07:00:00,RJPN-006-1,RJPN-006,Band 3 (1800MHz),-92.1,-11.7,12.7,56.1,42.2,109.5
2026-07-17 07:00:00,RJPN-006-2,RJPN-006,Band 3 (1800MHz),-81.5,-11.8,14.8,65.0,29.4,63.5
2026-07-17 07:00:00,RJPN-006-3,RJPN-006,Band 3 (1800MHz),-85.7,-6.3,18.6,48.8,41.4,59.3
2026-07-17 07:00:00,RJPN-007-1,RJPN-007,Band 1 (2100MHz),-95.2,-8.6,6.2,55.6,39.7,108.7
2026-07-17 07:00:00,RJPN-007-2,RJPN-007,Band 1 (2100MHz),-87.9,-14.2,14.1,50.4,20.9,104.6
2026-07-17 07:00:00,RJPN-007-3,RJPN-007,Band 1 (2100MHz),-89.4,-12.6,7.9,66.5,37.5,114.1
2026-07-17 07:00:00,RJPN-008-1,RJPN-008,Band 3 (1800MHz),-86.7,-10.0,15.2,74.5,29.7,108.4
2026-07-17 07:00:00,RJPN-008-2,RJPN-008,Band 3 (1800MHz),-92.5,-10.6,15.7,41.3,36.4,82.7
2026-07-17 07:00:00,RJPN-008-3,RJPN-008,Band 3 (1800MHz),-82.5,-8.4,17.5,66.7,39.6,87.6
2026-07-17 07:00:00,RJPN-009-1,RJPN-009,Band 1 (2100MHz),-87.1,-9.6,9.1,56.6,37.3,98.0
2026-07-17 07:00:00,RJPN-009-2,RJPN-009,Band 1 (2100MHz),-89.3,-12.1,6.0,74.8,11.9,108.0
2026-07-17 07:00:00,RJPN-009-3,RJPN-009,Band 1 (2100MHz),-81.5,-11.2,23.1,42.6,27.8,70.9
2026-07-17 07:00:00,RJPN-010-1,RJPN-010,Band 3 (1800MHz),-89.5,-8.2,9.7,65.0,11.6,101.8
2026-07-17 07:00:00,RJPN-010-2,RJPN-010,Band 3 (1800MHz),-89.2,-9.9,14.0,76.4,38.2,74.2
2026-07-17 07:00:00,RJPN-010-3,RJPN-010,Band 3 (1800MHz),-95.3,-13.6,3.2,55.0,43.2,110.9
2026-07-17 07:00:00,RJPN-011-1,RJPN-011,Band 1 (2100MHz),-102.7,-15.0,14.0,83.5,28.8,96.1
2026-07-17 07:00:00,RJPN-011-2,RJPN-011,Band 1 (2100MHz),-78.0,-6.4,10.3,42.3,46.8,89.5
2026-07-17 07:00:00,RJPN-011-3,RJPN-011,Band 1 (2100MHz),-94.2,-9.6,11.0,47.4,45.8,129.0
2026-07-17 08:00:00,RJPN-001-1,RJPN-001,Band 1 (2100MHz),-91.1,-12.2,20.6,63.3,42.6,119.5
2026-07-17 08:00:00,RJPN-001-2,RJPN-001,Band 1 (2100MHz),-87.5,-14.3,9.3,73.1,42.7,139.4
2026-07-17 08:00:00,RJPN-001-3,RJPN-001,Band 1 (2100MHz),-84.9,-10.2,8.8,73.7,45.9,123.1
2026-07-17 08:00:00,RJPN-002-1,RJPN-002,Band 3 (1800MHz),-98.5,-14.1,-1.9,63.1,41.6,106.1
2026-07-17 08:00:00,RJPN-002-2,RJPN-002,Band 3 (1800MHz),-80.2,-11.8,11.0,73.5,24.1,118.0
2026-07-17 08:00:00,RJPN-002-3,RJPN-002,Band 3 (1800MHz),-86.4,-9.3,19.7,61.7,16.0,117.1
2026-07-17 08:00:00,RJPN-003-1,RJPN-003,Band 1 (2100MHz),-84.9,-10.1,15.2,97.2,25.0,105.5
2026-07-17 08:00:00,RJPN-003-2,RJPN-003,Band 1 (2100MHz),-83.9,-9.1,12.5,59.8,46.4,128.9
2026-07-17 08:00:00,RJPN-003-3,RJPN-003,Band 1 (2100MHz),-92.5,-15.0,11.9,75.0,40.9,116.0
2026-07-17 08:00:00,RJPN-004-1,RJPN-004,Band 3 (1800MHz),-89.2,-9.3,25.1,82.3,26.9,95.7
2026-07-17 08:00:00,RJPN-004-2,RJPN-004,Band 3 (1800MHz),-84.8,-13.3,17.5,58.1,58.6,111.6
2026-07-17 08:00:00,RJPN-004-3,RJPN-004,Band 3 (1800MHz),-89.6,-11.2,11.7,72.8,37.5,90.7
2026-07-17 08:00:00,RJPN-005-1,RJPN-005,Band 1 (2100MHz),-79.6,-10.4,6.4,95.1,34.8,92.5
2026-07-17 08:00:00,RJPN-005-2,RJPN-005,Band 1 (2100MHz),-82.9,-12.7,19.2,78.2,42.9,109.0
2026-07-17 08:00:00,RJPN-005-3,RJPN-005,Band 1 (2100MHz),-84.5,-14.3,11.9,75.5,43.6,141.6
2026-07-17 08:00:00,RJPN-006-1,RJPN-006,Band 3 (1800MHz),-88.6,-8.0,10.3,54.8,57.6,134.5
2026-07-17 08:00:00,RJPN-006-2,RJPN-006,Band 3 (1800MHz),-90.5,-12.5,20.5,75.2,48.3,131.3
2026-07-17 08:00:00,RJPN-006-3,RJPN-006,Band 3 (1800MHz),-85.0,-13.3,15.4,72.5,38.6,122.9
2026-07-17 08:00:00,RJPN-007-1,RJPN-007,Band 1 (2100MHz),-81.2,-14.2,14.1,71.1,48.7,113.8
2026-07-17 08:00:00,RJPN-007-2,RJPN-007,Band 1 (2100MHz),-83.2,-10.5,12.2,74.5,32.3,100.2
2026-07-17 08:00:00,RJPN-007-3,RJPN-007,Band 1 (2100MHz),-86.3,-9.0,15.6,69.9,45.0,123.5
2026-07-17 08:00:00,RJPN-008-1,RJPN-008,Band 3 (1800MHz),-89.1,-14.2,10.8,59.7,43.5,110.6
2026-07-17 08:00:00,RJPN-008-2,RJPN-008,Band 3 (1800MHz),-91.3,-11.8,18.1,63.7,36.9,108.1
2026-07-17 08:00:00,RJPN-008-3,RJPN-008,Band 3 (1800MHz),-77.4,-9.6,7.4,66.7,49.6,126.9
2026-07-17 08:00:00,RJPN-009-1,RJPN-009,Band 1 (2100MHz),-86.8,-12.9,14.5,69.6,32.1,132.0
2026-07-17 08:00:00,RJPN-009-2,RJPN-009,Band 1 (2100MHz),-86.2,-8.1,15.2,76.9,39.8,114.2
2026-07-17 08:00:00,RJPN-009-3,RJPN-009,Band 1 (2100MHz),-92.1,-11.8,9.2,83.6,49.5,103.4
2026-07-17 08:00:00,RJPN-010-1,RJPN-010,Band 3 (1800MHz),-85.6,-11.6,11.3,47.9,41.5,106.5
2026-07-17 08:00:00,RJPN-010-2,RJPN-010,Band 3 (1800MHz),-90.3,-11.3,9.5,73.4,53.1,149.2
2026-07-17 08:00:00,RJPN-010-3,RJPN-010,Band 3 (1800MHz),-94.3,-14.7,11.0,69.5,40.8,130.1
2026-07-17 08:00:00,RJPN-011-1,RJPN-011,Band 1 (2100MHz),-96.5,-14.5,5.5,80.0,35.5,158.5
2026-07-17 08:00:00,RJPN-011-2,RJPN-011,Band 1 (2100MHz),-89.6,-11.7,8.6,77.6,42.3,108.3
2026-07-17 08:00:00,RJPN-011-3,RJPN-011,Band 1 (2100MHz),-88.6,-13.6,3.4,82.4,50.7,83.7
2026-07-17 09:00:00,RJPN-001-1,RJPN-001,Band 1 (2100MHz),-87.1,-13.6,8.9,60.0,24.7,53.4
2026-07-17 09:00:00,RJPN-001-2,RJPN-001,Band 1 (2100MHz),-89.5,-12.9,16.5,64.8,38.7,72.7
2026-07-17 09:00:00,RJPN-001-3,RJPN-001,Band 1 (2100MHz),-84.7,-13.6,9.6,64.1,35.5,73.4
2026-07-17 09:00:00,RJPN-002-1,RJPN-002,Band 3 (1800MHz),-103.0,-14.8,10.8,52.2,49.6,79.2
2026-07-17 09:00:00,RJPN-002-2,RJPN-002,Band 3 (1800MHz),-84.2,-10.9,9.2,58.9,21.7,62.1
2026-07-17 09:00:00,RJPN-002-3,RJPN-002,Band 3 (1800MHz),-89.3,-8.3,6.8,70.0,44.9,160.4
2026-07-17 09:00:00,RJPN-003-1,RJPN-003,Band 1 (2100MHz),-89.1,-12.6,21.3,73.4,23.7,84.4
2026-07-17 09:00:00,RJPN-003-2,RJPN-003,Band 1 (2100MHz),-90.5,-9.7,15.4,47.3,34.4,78.1
2026-07-17 09:00:00,RJPN-003-3,RJPN-003,Band 1 (2100MHz),-84.8,-9.8,14.2,52.8,28.9,84.4
2026-07-17 09:00:00,RJPN-004-1,RJPN-004,Band 3 (1800MHz),-84.8,-12.0,16.8,57.8,37.4,51.1
2026-07-17 09:00:00,RJPN-004-2,RJPN-004,Band 3 (1800MHz),-85.1,-9.5,6.5,49.7,32.3,89.8
2026-07-17 09:00:00,RJPN-004-3,RJPN-004,Band 3 (1800MHz),-83.3,-11.1,9.8,52.3,52.8,75.1
2026-07-17 09:00:00,RJPN-005-1,RJPN-005,Band 1 (2100MHz),-85.4,-10.2,16.5,46.5,28.6,93.6
2026-07-17 09:00:00,RJPN-005-2,RJPN-005,Band 1 (2100MHz),-88.3,-10.5,13.2,45.3,27.4,105.3
2026-07-17 09:00:00,RJPN-005-3,RJPN-005,Band 1 (2100MHz),-90.8,-10.3,11.3,42.3,12.1,68.2
2026-07-17 09:00:00,RJPN-006-1,RJPN-006,Band 3 (1800MHz),-89.1,-10.8,16.9,72.0,65.2,97.8
2026-07-17 09:00:00,RJPN-006-2,RJPN-006,Band 3 (1800MHz),-92.3,-7.7,6.9,74.9,45.6,76.3
2026-07-17 09:00:00,RJPN-006-3,RJPN-006,Band 3 (1800MHz),-84.2,-9.6,23.0,29.5,21.4,79.1
2026-07-17 09:00:00,RJPN-007-1,RJPN-007,Band 1 (2100MHz),-85.8,-11.4,17.0,57.8,30.2,87.6
2026-07-17 09:00:00,RJPN-007-2,RJPN-007,Band 1 (2100MHz),-83.5,-8.3,14.4,58.0,35.4,118.5
2026-07-17 09:00:00,RJPN-007-3,RJPN-007,Band 1 (2100MHz),-84.7,-11.1,8.6,52.7,27.2,39.4
2026-07-17 09:00:00,RJPN-008-1,RJPN-008,Band 3 (1800MHz),-86.3,-11.2,8.7,42.5,18.4,112.8
2026-07-17 09:00:00,RJPN-008-2,RJPN-008,Band 3 (1800MHz),-89.8,-12.4,23.5,50.1,23.2,85.1
2026-07-17 09:00:00,RJPN-008-3,RJPN-008,Band 3 (1800MHz),-90.7,-8.6,6.5,64.8,30.1,108.6
2026-07-17 09:00:00,RJPN-009-1,RJPN-009,Band 1 (2100MHz),-79.5,-9.3,16.8,55.9,46.4,69.4
2026-07-17 09:00:00,RJPN-009-2,RJPN-009,Band 1 (2100MHz),-87.1,-13.4,16.5,68.1,46.0,97.7
2026-07-17 09:00:00,RJPN-009-3,RJPN-009,Band 1 (2100MHz),-87.1,-12.8,3.5,63.0,35.5,84.9
2026-07-17 09:00:00,RJPN-010-1,RJPN-010,Band 3 (1800MHz),-87.7,-12.7,20.1,34.5,40.3,96.3
2026-07-17 09:00:00,RJPN-010-2,RJPN-010,Band 3 (1800MHz),-88.3,-10.8,7.4,34.7,33.1,76.2
2026-07-17 09:00:00,RJPN-010-3,RJPN-010,Band 3 (1800MHz),-102.8,-12.1,-0.4,68.8,35.8,121.5
2026-07-17 09:00:00,RJPN-011-1,RJPN-011,Band 1 (2100MHz),-96.5,-16.8,1.9,47.2,30.4,91.3
2026-07-17 09:00:00,RJPN-011-2,RJPN-011,Band 1 (2100MHz),-88.1,-11.1,14.9,63.7,26.6,82.6
2026-07-17 09:00:00,RJPN-011-3,RJPN-011,Band 1 (2100MHz),-85.5,-8.2,15.3,54.4,43.1,89.6
2026-07-17 10:00:00,RJPN-001-1,RJPN-001,Band 1 (2100MHz),-89.9,-9.0,9.4,13.2,0.0,26.2
2026-07-17 10:00:00,RJPN-001-2,RJPN-001,Band 1 (2100MHz),-86.6,-8.4,14.9,23.9,9.2,38.2
2026-07-17 10:00:00,RJPN-001-3,RJPN-001,Band 1 (2100MHz),-88.6,-10.8,12.1,11.0,17.7,0.0
2026-07-17 10:00:00,RJPN-002-1,RJPN-002,Band 3 (1800MHz),-93.6,-10.9,-0.3,15.9,6.2,76.8
2026-07-17 10:00:00,RJPN-002-2,RJPN-002,Band 3 (1800MHz),-82.3,-7.9,5.2,0.0,9.3,6.1
2026-07-17 10:00:00,RJPN-002-3,RJPN-002,Band 3 (1800MHz),-83.2,-7.8,17.7,34.5,21.5,20.3
2026-07-17 10:00:00,RJPN-003-1,RJPN-003,Band 1 (2100MHz),-84.9,-8.3,20.8,15.1,3.5,23.3
2026-07-17 10:00:00,RJPN-003-2,RJPN-003,Band 1 (2100MHz),-81.4,-9.7,13.4,5.9,5.5,40.0
2026-07-17 10:00:00,RJPN-003-3,RJPN-003,Band 1 (2100MHz),-87.4,-9.9,11.8,24.8,5.6,32.1
2026-07-17 10:00:00,RJPN-004-1,RJPN-004,Band 3 (1800MHz),-92.3,-9.0,10.8,22.0,6.7,37.3
2026-07-17 10:00:00,RJPN-004-2,RJPN-004,Band 3 (1800MHz),-96.1,-6.1,5.0,21.5,30.5,30.0
2026-07-17 10:00:00,RJPN-004-3,RJPN-004,Band 3 (1800MHz),-80.8,-9.5,14.2,11.1,19.9,5.2
2026-07-17 10:00:00,RJPN-005-1,RJPN-005,Band 1 (2100MHz),-90.3,-6.2,12.0,31.0,18.7,32.2
2026-07-17 10:00:00,RJPN-005-2,RJPN-005,Band 1 (2100MHz),-93.1,-11.6,12.5,19.6,4.6,42.4
2026-07-17 10:00:00,RJPN-005-3,RJPN-005,Band 1 (2100MHz),-84.3,-8.8,22.2,14.3,10.5,43.7
2026-07-17 10:00:00,RJPN-006-1,RJPN-006,Band 3 (1800MHz),-89.7,-10.0,8.6,20.2,10.2,0.6
2026-07-17 10:00:00,RJPN-006-2,RJPN-006,Band 3 (1800MHz),-82.6,-15.6,13.8,22.4,24.5,42.4
2026-07-17 10:00:00,RJPN-006-3,RJPN-006,Band 3 (1800MHz),-83.7,-10.0,11.1,18.7,0.0,0.0
2026-07-17 10:00:00,RJPN-007-1,RJPN-007,Band 1 (2100MHz),-82.7,-7.3,9.0,16.8,1.5,14.0
2026-07-17 10:00:00,RJPN-007-2,RJPN-007,Band 1 (2100MHz),-87.7,-10.4,22.3,4.9,9.5,36.2
2026-07-17 10:00:00,RJPN-007-3,RJPN-007,Band 1 (2100MHz),-86.4,-5.8,17.5,30.7,21.0,13.7
2026-07-17 10:00:00,RJPN-008-1,RJPN-008,Band 3 (1800MHz),-80.0,-10.1,11.6,15.6,0.0,36.6
2026-07-17 10:00:00,RJPN-008-2,RJPN-008,Band 3 (1800MHz),-88.3,-6.3,13.6,14.9,10.0,35.4
2026-07-17 10:00:00,RJPN-008-3,RJPN-008,Band 3 (1800MHz),-85.4,-7.9,11.4,34.5,3.6,0.0
2026-07-17 10:00:00,RJPN-009-1,RJPN-009,Band 1 (2100MHz),-92.7,-9.5,7.9,0.0,4.8,36.8
2026-07-17 10:00:00,RJPN-009-2,RJPN-009,Band 1 (2100MHz),-89.7,-9.0,10.1,6.7,23.9,31.9
2026-07-17 10:00:00,RJPN-009-3,RJPN-009,Band 1 (2100MHz),-82.9,-10.1,18.1,28.2,0.0,0.0
2026-07-17 10:00:00,RJPN-010-1,RJPN-010,Band 3 (1800MHz),-94.4,-6.2,15.9,28.1,12.5,57.6
2026-07-17 10:00:00,RJPN-010-2,RJPN-010,Band 3 (1800MHz),-97.4,-6.2,10.9,45.9,14.8,50.6
2026-07-17 10:00:00,RJPN-010-3,RJPN-010,Band 3 (1800MHz),-102.9,-13.8,6.2,22.9,11.4,23.9
2026-07-17 10:00:00,RJPN-011-1,RJPN-011,Band 1 (2100MHz),-104.5,-12.2,6.6,13.2,22.2,58.2
2026-07-17 10:00:00,RJPN-011-2,RJPN-011,Band 1 (2100MHz),-92.9,-10.7,12.4,8.9,10.2,0.0
2026-07-17 10:00:00,RJPN-011-3,RJPN-011,Band 1 (2100MHz),-89.1,-9.0,20.5,0.0,13.4,0.0
2026-07-17 11:00:00,RJPN-001-1,RJPN-001,Band 1 (2100MHz),-83.5,-11.3,5.3,72.0,34.7,21.4
2026-07-17 11:00:00,RJPN-001-2,RJPN-001,Band 1 (2100MHz),-81.5,-10.7,7.2,40.2,27.9,65.1
2026-07-17 11:00:00,RJPN-001-3,RJPN-001,Band 1 (2100MHz),-87.7,-14.5,8.8,48.9,34.2,99.6
2026-07-17 11:00:00,RJPN-002-1,RJPN-002,Band 3 (1800MHz),-101.0,-12.9,15.5,53.8,29.6,74.2
2026-07-17 11:00:00,RJPN-002-2,RJPN-002,Band 3 (1800MHz),-81.5,-9.2,19.2,59.9,38.8,94.3
2026-07-17 11:00:00,RJPN-002-3,RJPN-002,Band 3 (1800MHz),-84.4,-7.8,14.1,57.9,34.7,71.8
2026-07-17 11:00:00,RJPN-003-1,RJPN-003,Band 1 (2100MHz),-90.3,-8.1,14.4,67.8,41.1,85.3
2026-07-17 11:00:00,RJPN-003-2,RJPN-003,Band 1 (2100MHz),-83.4,-9.0,6.8,46.9,29.7,80.9
2026-07-17 11:00:00,RJPN-003-3,RJPN-003,Band 1 (2100MHz),-78.1,-9.3,10.9,34.6,33.7,107.8
2026-07-17 11:00:00,RJPN-004-1,RJPN-004,Band 3 (1800MHz),-80.6,-9.0,9.7,60.1,13.6,57.1
2026-07-17 11:00:00,RJPN-004-2,RJPN-004,Band 3 (1800MHz),-89.7,-12.5,6.0,52.2,40.7,118.2
2026-07-17 11:00:00,RJPN-004-3,RJPN-004,Band 3 (1800MHz),-89.1,-11.6,6.8,46.5,17.5,94.0
2026-07-17 11:00:00,RJPN-005-1,RJPN-005,Band 1 (2100MHz),-89.1,-9.5,17.7,57.1,17.7,84.8
2026-07-17 11:00:00,RJPN-005-2,RJPN-005,Band 1 (2100MHz),-83.9,-8.5,16.2,39.1,37.3,74.5
2026-07-17 11:00:00,RJPN-005-3,RJPN-005,Band 1 (2100MHz),-88.0,-12.3,7.6,52.7,37.3,99.7
2026-07-17 11:00:00,RJPN-006-1,RJPN-006,Band 3 (1800MHz),-92.4,-8.0,8.4,42.3,7.2,58.2
2026-07-17 11:00:00,RJPN-006-2,RJPN-006,Band 3 (1800MHz),-86.5,-10.0,8.9,62.8,35.1,85.9
2026-07-17 11:00:00,RJPN-006-3,RJPN-006,Band 3 (1800MHz),-84.3,-9.8,2.3,46.1,48.2,82.2
2026-07-17 11:00:00,RJPN-007-1,RJPN-007,Band 1 (2100MHz),-84.8,-6.1,11.2,54.5,28.2,88.4
2026-07-17 11:00:00,RJPN-007-2,RJPN-007,Band 1 (2100MHz),-88.6,-11.3,17.8,42.1,36.0,64.9
2026-07-17 11:00:00,RJPN-007-3,RJPN-007,Band 1 (2100MHz),-78.3,-12.7,21.0,42.9,24.8,33.0
2026-07-17 11:00:00,RJPN-008-1,RJPN-008,Band 3 (1800MHz),-92.6,-12.0,14.1,60.8,36.7,111.5
2026-07-17 11:00:00,RJPN-008-2,RJPN-008,Band 3 (1800MHz),-87.2,-9.4,5.3,48.8,22.5,74.2
2026-07-17 11:00:00,RJPN-008-3,RJPN-008,Band 3 (1800MHz),-84.2,-8.2,9.2,47.4,28.5,102.3
2026-07-17 11:00:00,RJPN-009-1,RJPN-009,Band 1 (2100MHz),-84.7,-7.8,17.8,62.2,16.9,37.1
2026-07-17 11:00:00,RJPN-009-2,RJPN-009,Band 1 (2100MHz),-88.0,-10.2,12.4,47.1,21.9,88.3
2026-07-17 11:00:00,RJPN-009-3,RJPN-009,Band 1 (2100MHz),-93.8,-11.0,20.6,70.4,36.8,43.4
2026-07-17 11:00:00,RJPN-010-1,RJPN-010,Band 3 (1800MHz),-87.3,-12.7,8.7,38.9,51.5,67.4
2026-07-17 11:00:00,RJPN-010-2,RJPN-010,Band 3 (1800MHz),-89.5,-8.2,8.4,60.0,16.3,105.4
2026-07-17 11:00:00,RJPN-010-3,RJPN-010,Band 3 (1800MHz),-99.8,-15.4,8.7,59.0,26.8,94.2
2026-07-17 11:00:00,RJPN-011-1,RJPN-011,Band 1 (2100MHz),-98.2,-12.4,8.5,37.1,37.4,84.8
2026-07-17 11:00:00,RJPN-011-2,RJPN-011,Band 1 (2100MHz),-87.0,-6.6,6.5,56.4,25.9,119.8
2026-07-17 11:00:00,RJPN-011-3,RJPN-011,Band 1 (2100MHz),-88.9,-7.8,15.1,60.7,22.0,81.5
2026-07-17 12:00:00,RJPN-001-1,RJPN-001,Band 1 (2100MHz),-88.4,-10.1,14.5,46.9,21.5,92.0
2026-07-17 12:00:00,RJPN-001-2,RJPN-001,Band 1 (2100MHz),-89.7,-9.9,21.0,61.1,30.3,58.4
2026-07-17 12:00:00,RJPN-001-3,RJPN-001,Band 1 (2100MHz),-82.2,-11.0,8.1,31.7,25.3,84.4
2026-07-17 12:00:00,RJPN-002-1,RJPN-002,Band 3 (1800MHz),-99.2,-12.2,2.9,56.2,23.7,77.6
2026-07-17 12:00:00,RJPN-002-2,RJPN-002,Band 3 (1800MHz),-92.5,-7.7,18.9,45.3,25.9,44.3
2026-07-17 12:00:00,RJPN-002-3,RJPN-002,Band 3 (1800MHz),-87.3,-10.9,26.3,35.8,36.7,59.9
2026-07-17 12:00:00,RJPN-003-1,RJPN-003,Band 1 (2100MHz),-86.2,-12.2,7.9,61.0,28.3,73.9
2026-07-17 12:00:00,RJPN-003-2,RJPN-003,Band 1 (2100MHz),-85.8,-13.3,7.1,50.5,47.8,97.7
2026-07-17 12:00:00,RJPN-003-3,RJPN-003,Band 1 (2100MHz),-83.8,-10.1,8.3,41.5,28.5,110.3
2026-07-17 12:00:00,RJPN-004-1,RJPN-004,Band 3 (1800MHz),-90.4,-10.7,9.8,43.0,21.6,66.7
2026-07-17 12:00:00,RJPN-004-2,RJPN-004,Band 3 (1800MHz),-83.1,-11.3,16.6,66.1,13.6,61.7
2026-07-17 12:00:00,RJPN-004-3,RJPN-004,Band 3 (1800MHz),-83.0,-13.8,5.1,52.8,19.0,111.7
2026-07-17 12:00:00,RJPN-005-1,RJPN-005,Band 1 (2100MHz),-83.8,-8.1,25.1,37.2,40.2,69.8
2026-07-17 12:00:00,RJPN-005-2,RJPN-005,Band 1 (2100MHz),-85.0,-11.5,24.4,52.2,21.1,45.5
2026-07-17 12:00:00,RJPN-005-3,RJPN-005,Band 1 (2100MHz),-86.7,-8.4,13.1,48.6,14.0,93.3
2026-07-17 12:00:00,RJPN-006-1,RJPN-006,Band 3 (1800MHz),-81.9,-9.8,11.6,49.0,22.9,77.6
2026-07-17 12:00:00,RJPN-006-2,RJPN-006,Band 3 (1800MHz),-91.9,-11.9,9.4,31.8,22.4,66.7
2026-07-17 12:00:00,RJPN-006-3,RJPN-006,Band 3 (1800MHz),-87.2,-7.2,14.9,57.3,32.0,92.7
2026-07-17 12:00:00,RJPN-007-1,RJPN-007,Band 1 (2100MHz),-89.2,-11.6,20.7,47.8,27.3,63.9
2026-07-17 12:00:00,RJPN-007-2,RJPN-007,Band 1 (2100MHz),-87.2,-13.9,26.9,53.2,40.4,102.0
2026-07-17 12:00:00,RJPN-007-3,RJPN-007,Band 1 (2100MHz),-77.5,-9.4,16.8,60.2,30.8,65.9
2026-07-17 12:00:00,RJPN-008-1,RJPN-008,Band 3 (1800MHz),-77.9,-9.8,24.8,46.5,27.2,58.7
2026-07-17 12:00:00,RJPN-008-2,RJPN-008,Band 3 (1800MHz),-81.7,-9.3,10.2,55.9,34.4,93.6
2026-07-17 12:00:00,RJPN-008-3,RJPN-008,Band 3 (1800MHz),-89.3,-9.5,16.1,33.3,17.5,56.9
2026-07-17 12:00:00,RJPN-009-1,RJPN-009,Band 1 (2100MHz),-86.2,-14.3,13.2,44.4,25.0,114.3
2026-07-17 12:00:00,RJPN-009-2,RJPN-009,Band 1 (2100MHz),-81.9,-12.0,14.9,33.7,20.4,72.4
2026-07-17 12:00:00,RJPN-009-3,RJPN-009,Band 1 (2100MHz),-92.8,-7.6,11.5,56.3,26.2,67.2
2026-07-17 12:00:00,RJPN-010-1,RJPN-010,Band 3 (1800MHz),-92.2,-11.5,10.5,22.9,4.7,78.0
2026-07-17 12:00:00,RJPN-010-2,RJPN-010,Band 3 (1800MHz),-87.1,-10.9,13.6,57.4,35.1,49.9
2026-07-17 12:00:00,RJPN-010-3,RJPN-010,Band 3 (1800MHz),-103.5,-12.2,9.1,37.8,20.3,116.8
2026-07-17 12:00:00,RJPN-011-1,RJPN-011,Band 1 (2100MHz),-98.1,-17.1,9.4,34.3,16.0,139.8
2026-07-17 12:00:00,RJPN-011-2,RJPN-011,Band 1 (2100MHz),-85.4,-11.5,17.0,57.7,27.5,57.7
2026-07-17 12:00:00,RJPN-011-3,RJPN-011,Band 1 (2100MHz),-83.8,-12.0,15.5,45.6,26.7,90.2
2026-07-17 13:00:00,RJPN-001-1,RJPN-001,Band 1 (2100MHz),-78.5,-10.8,8.3,55.5,34.4,121.4
2026-07-17 13:00:00,RJPN-001-2,RJPN-001,Band 1 (2100MHz),-92.3,-7.8,18.8,67.2,7.4,58.0
2026-07-17 13:00:00,RJPN-001-3,RJPN-001,Band 1 (2100MHz),-85.3,-11.8,16.6,54.4,33.2,88.5
2026-07-17 13:00:00,RJPN-002-1,RJPN-002,Band 3 (1800MHz),-96.7,-16.9,8.6,43.6,42.9,88.0
2026-07-17 13:00:00,RJPN-002-2,RJPN-002,Band 3 (1800MHz),-84.4,-10.4,6.1,44.7,28.7,65.0
2026-07-17 13:00:00,RJPN-002-3,RJPN-002,Band 3 (1800MHz),-88.6,-8.6,17.2,60.0,12.7,57.6
2026-07-17 13:00:00,RJPN-003-1,RJPN-003,Band 1 (2100MHz),-91.8,-12.3,18.7,46.2,39.8,89.6
2026-07-17 13:00:00,RJPN-003-2,RJPN-003,Band 1 (2100MHz),-81.0,-10.6,12.5,39.5,22.8,118.9
2026-07-17 13:00:00,RJPN-003-3,RJPN-003,Band 1 (2100MHz),-85.8,-8.3,12.7,39.5,38.5,45.0
2026-07-17 13:00:00,RJPN-004-1,RJPN-004,Band 3 (1800MHz),-87.1,-10.9,21.6,32.0,28.8,71.6
2026-07-17 13:00:00,RJPN-004-2,RJPN-004,Band 3 (1800MHz),-81.2,-6.4,21.2,51.5,14.9,72.7
2026-07-17 13:00:00,RJPN-004-3,RJPN-004,Band 3 (1800MHz),-83.6,-11.5,17.3,35.2,23.1,77.8
2026-07-17 13:00:00,RJPN-005-1,RJPN-005,Band 1 (2100MHz),-90.0,-8.0,12.5,41.3,5.4,133.4
2026-07-17 13:00:00,RJPN-005-2,RJPN-005,Band 1 (2100MHz),-85.2,-11.6,6.0,67.5,35.3,78.7
2026-07-17 13:00:00,RJPN-005-3,RJPN-005,Band 1 (2100MHz),-83.6,-9.4,10.4,48.0,28.7,83.4
2026-07-17 13:00:00,RJPN-006-1,RJPN-006,Band 3 (1800MHz),-87.2,-8.2,10.8,41.0,27.1,68.4
2026-07-17 13:00:00,RJPN-006-2,RJPN-006,Band 3 (1800MHz),-91.1,-11.1,15.4,44.7,30.7,62.1
2026-07-17 13:00:00,RJPN-006-3,RJPN-006,Band 3 (1800MHz),-85.0,-9.1,19.9,27.9,31.0,77.3
2026-07-17 13:00:00,RJPN-007-1,RJPN-007,Band 1 (2100MHz),-91.3,-8.4,22.6,55.3,22.9,114.7
2026-07-17 13:00:00,RJPN-007-2,RJPN-007,Band 1 (2100MHz),-84.3,-9.1,16.4,46.2,30.7,85.1
2026-07-17 13:00:00,RJPN-007-3,RJPN-007,Band 1 (2100MHz),-86.1,-3.8,16.3,53.5,32.2,109.1
2026-07-17 13:00:00,RJPN-008-1,RJPN-008,Band 3 (1800MHz),-88.0,-12.4,10.9,57.3,25.1,100.5
2026-07-17 13:00:00,RJPN-008-2,RJPN-008,Band 3 (1800MHz),-81.9,-9.3,19.8,39.5,35.6,97.8
2026-07-17 13:00:00,RJPN-008-3,RJPN-008,Band 3 (1800MHz),-82.5,-12.1,15.5,43.1,25.6,95.4
2026-07-17 13:00:00,RJPN-009-1,RJPN-009,Band 1 (2100MHz),-91.3,-10.5,6.6,40.1,31.8,65.9
2026-07-17 13:00:00,RJPN-009-2,RJPN-009,Band 1 (2100MHz),-92.8,-10.1,14.2,35.0,27.5,94.8
2026-07-17 13:00:00,RJPN-009-3,RJPN-009,Band 1 (2100MHz),-89.5,-11.3,12.9,38.9,34.2,115.5
2026-07-17 13:00:00,RJPN-010-1,RJPN-010,Band 3 (1800MHz),-87.1,-13.6,16.9,66.4,24.3,83.4
2026-07-17 13:00:00,RJPN-010-2,RJPN-010,Band 3 (1800MHz),-80.0,-6.1,16.0,45.4,29.1,91.9
2026-07-17 13:00:00,RJPN-010-3,RJPN-010,Band 3 (1800MHz),-101.7,-12.3,2.4,42.4,17.5,73.2
2026-07-17 13:00:00,RJPN-011-1,RJPN-011,Band 1 (2100MHz),-93.4,-12.7,9.8,56.8,17.4,100.2
2026-07-17 13:00:00,RJPN-011-2,RJPN-011,Band 1 (2100MHz),-93.5,-10.7,13.9,45.8,29.7,96.0
2026-07-17 13:00:00,RJPN-011-3,RJPN-011,Band 1 (2100MHz),-87.8,-8.3,18.5,47.4,42.2,75.8
2026-07-17 14:00:00,RJPN-001-1,RJPN-001,Band 1 (2100MHz),-90.2,-11.5,11.3,43.8,28.0,71.6
2026-07-17 14:00:00,RJPN-001-2,RJPN-001,Band 1 (2100MHz),-79.9,-12.8,9.6,45.3,29.7,97.9
2026-07-17 14:00:00,RJPN-001-3,RJPN-001,Band 1 (2100MHz),-92.6,-7.2,8.2,38.0,27.1,84.7
2026-07-17 14:00:00,RJPN-002-1,RJPN-002,Band 3 (1800MHz),-102.8,-17.3,5.5,59.0,34.9,82.1
2026-07-17 14:00:00,RJPN-002-2,RJPN-002,Band 3 (1800MHz),-81.1,-11.1,16.6,75.2,26.0,67.7
2026-07-17 14:00:00,RJPN-002-3,RJPN-002,Band 3 (1800MHz),-85.5,-8.5,18.5,53.6,31.3,90.1
2026-07-17 14:00:00,RJPN-003-1,RJPN-003,Band 1 (2100MHz),-89.8,-11.4,18.4,34.9,20.9,71.6
2026-07-17 14:00:00,RJPN-003-2,RJPN-003,Band 1 (2100MHz),-89.5,-11.6,2.7,47.5,32.1,62.6
2026-07-17 14:00:00,RJPN-003-3,RJPN-003,Band 1 (2100MHz),-84.7,-13.3,14.1,33.1,36.5,42.9
2026-07-17 14:00:00,RJPN-004-1,RJPN-004,Band 3 (1800MHz),-84.7,-11.0,12.1,35.3,6.7,83.0
2026-07-17 14:00:00,RJPN-004-2,RJPN-004,Band 3 (1800MHz),-84.7,-7.6,12.0,38.0,31.4,51.5
2026-07-17 14:00:00,RJPN-004-3,RJPN-004,Band 3 (1800MHz),-82.3,-5.9,12.7,36.6,38.7,63.6
2026-07-17 14:00:00,RJPN-005-1,RJPN-005,Band 1 (2100MHz),-86.8,-13.2,11.4,71.2,19.5,103.2
2026-07-17 14:00:00,RJPN-005-2,RJPN-005,Band 1 (2100MHz),-86.3,-6.4,15.3,64.0,26.2,82.7
2026-07-17 14:00:00,RJPN-005-3,RJPN-005,Band 1 (2100MHz),-89.2,-9.3,22.6,46.4,27.6,88.9
2026-07-17 14:00:00,RJPN-006-1,RJPN-006,Band 3 (1800MHz),-95.3,-10.6,18.4,32.3,26.7,86.9
2026-07-17 14:00:00,RJPN-006-2,RJPN-006,Band 3 (1800MHz),-88.9,-11.9,13.9,42.3,32.8,65.2
2026-07-17 14:00:00,RJPN-006-3,RJPN-006,Band 3 (1800MHz),-88.7,-10.2,20.4,69.5,34.5,85.3
2026-07-17 14:00:00,RJPN-007-1,RJPN-007,Band 1 (2100MHz),-90.8,-6.5,15.3,42.8,19.4,91.7
2026-07-17 14:00:00,RJPN-007-2,RJPN-007,Band 1 (2100MHz),-90.6,-9.9,13.0,42.3,26.2,88.8
2026-07-17 14:00:00,RJPN-007-3,RJPN-007,Band 1 (2100MHz),-85.9,-7.8,16.5,47.0,21.3,89.4
2026-07-17 14:00:00,RJPN-008-1,RJPN-008,Band 3 (1800MHz),-91.5,-12.3,10.3,54.7,16.6,65.8
2026-07-17 14:00:00,RJPN-008-2,RJPN-008,Band 3 (1800MHz),-89.4,-9.7,17.7,61.3,11.4,52.7
2026-07-17 14:00:00,RJPN-008-3,RJPN-008,Band 3 (1800MHz),-85.2,-12.9,11.5,34.2,30.1,84.8
2026-07-17 14:00:00,RJPN-009-1,RJPN-009,Band 1 (2100MHz),-85.0,-9.9,12.9,46.3,36.7,69.7
2026-07-17 14:00:00,RJPN-009-2,RJPN-009,Band 1 (2100MHz),-90.3,-6.1,18.1,39.6,28.7,49.1
2026-07-17 14:00:00,RJPN-009-3,RJPN-009,Band 1 (2100MHz),-89.2,-10.6,15.1,44.9,19.7,75.8
2026-07-17 14:00:00,RJPN-010-1,RJPN-010,Band 3 (1800MHz),-91.2,-12.1,21.1,63.0,34.9,70.1
2026-07-17 14:00:00,RJPN-010-2,RJPN-010,Band 3 (1800MHz),-91.6,-11.7,6.1,49.4,17.6,87.1
2026-07-17 14:00:00,RJPN-010-3,RJPN-010,Band 3 (1800MHz),-98.4,-11.3,0.8,40.0,20.2,36.7
2026-07-17 14:00:00,RJPN-011-1,RJPN-011,Band 1 (2100MHz),-101.9,-14.5,-2.9,42.2,41.5,91.4
2026-07-17 14:00:00,RJPN-011-2,RJPN-011,Band 1 (2100MHz),-83.7,-11.7,18.8,58.1,16.5,76.5
2026-07-17 14:00:00,RJPN-011-3,RJPN-011,Band 1 (2100MHz),-90.2,-10.9,13.9,43.5,20.2,58.6
2026-07-17 15:00:00,RJPN-001-1,RJPN-001,Band 1 (2100MHz),-87.0,-8.3,13.6,14.1,7.1,106.0
2026-07-17 15:00:00,RJPN-001-2,RJPN-001,Band 1 (2100MHz),-89.7,-10.0,10.6,20.9,9.3,66.8
2026-07-17 15:00:00,RJPN-001-3,RJPN-001,Band 1 (2100MHz),-83.5,-4.8,23.4,14.2,6.6,26.1
2026-07-17 15:00:00,RJPN-002-1,RJPN-002,Band 3 (1800MHz),-96.8,-10.7,12.1,3.1,2.3,8.7
2026-07-17 15:00:00,RJPN-002-2,RJPN-002,Band 3 (1800MHz),-87.9,-5.1,17.8,4.0,8.4,40.2
2026-07-17 15:00:00,RJPN-002-3,RJPN-002,Band 3 (1800MHz),-84.5,-6.3,6.4,22.5,18.3,24.7
2026-07-17 15:00:00,RJPN-003-1,RJPN-003,Band 1 (2100MHz),-86.4,-8.3,12.2,0.0,8.6,31.1
2026-07-17 15:00:00,RJPN-003-2,RJPN-003,Band 1 (2100MHz),-87.0,-7.2,9.7,35.2,14.6,34.8
2026-07-17 15:00:00,RJPN-003-3,RJPN-003,Band 1 (2100MHz),-86.7,-8.1,20.1,19.6,3.8,18.7
2026-07-17 15:00:00,RJPN-004-1,RJPN-004,Band 3 (1800MHz),-90.0,-8.4,13.7,14.8,11.0,49.0
2026-07-17 15:00:00,RJPN-004-2,RJPN-004,Band 3 (1800MHz),-95.6,-10.1,12.9,0.0,12.5,0.0
2026-07-17 15:00:00,RJPN-004-3,RJPN-004,Band 3 (1800MHz),-82.8,-10.2,16.0,0.0,19.3,52.4
2026-07-17 15:00:00,RJPN-005-1,RJPN-005,Band 1 (2100MHz),-81.7,-9.2,11.6,13.9,23.9,64.4
2026-07-17 15:00:00,RJPN-005-2,RJPN-005,Band 1 (2100MHz),-85.8,-8.8,23.4,8.0,11.9,45.1
2026-07-17 15:00:00,RJPN-005-3,RJPN-005,Band 1 (2100MHz),-89.1,-5.8,12.0,45.9,5.4,75.0
2026-07-17 15:00:00,RJPN-006-1,RJPN-006,Band 3 (1800MHz),-88.3,-10.0,12.6,17.6,0.0,53.4
2026-07-17 15:00:00,RJPN-006-2,RJPN-006,Band 3 (1800MHz),-84.0,-7.3,9.8,10.7,0.0,28.1
2026-07-17 15:00:00,RJPN-006-3,RJPN-006,Band 3 (1800MHz),-90.3,-9.0,12.6,7.9,21.2,26.3
2026-07-17 15:00:00,RJPN-007-1,RJPN-007,Band 1 (2100MHz),-85.8,-7.9,15.2,32.9,10.9,0.0
2026-07-17 15:00:00,RJPN-007-2,RJPN-007,Band 1 (2100MHz),-80.7,-7.5,21.3,3.8,7.9,67.2
2026-07-17 15:00:00,RJPN-007-3,RJPN-007,Band 1 (2100MHz),-86.9,-7.3,5.4,36.3,10.9,18.6
2026-07-17 15:00:00,RJPN-008-1,RJPN-008,Band 3 (1800MHz),-80.1,-9.6,13.0,17.0,21.7,57.6
2026-07-17 15:00:00,RJPN-008-2,RJPN-008,Band 3 (1800MHz),-89.5,-8.4,4.4,25.5,17.3,6.8
2026-07-17 15:00:00,RJPN-008-3,RJPN-008,Band 3 (1800MHz),-85.5,-6.6,2.5,22.2,22.0,13.2
2026-07-17 15:00:00,RJPN-009-1,RJPN-009,Band 1 (2100MHz),-83.4,-9.7,21.4,15.4,3.0,26.3
2026-07-17 15:00:00,RJPN-009-2,RJPN-009,Band 1 (2100MHz),-87.8,-3.8,12.3,2.0,32.0,42.7
2026-07-17 15:00:00,RJPN-009-3,RJPN-009,Band 1 (2100MHz),-84.7,-9.2,10.1,35.3,5.7,51.6
2026-07-17 15:00:00,RJPN-010-1,RJPN-010,Band 3 (1800MHz),-86.7,-9.0,12.8,2.4,0.0,0.0
2026-07-17 15:00:00,RJPN-010-2,RJPN-010,Band 3 (1800MHz),-81.7,-10.1,15.5,19.5,11.7,44.5
2026-07-17 15:00:00,RJPN-010-3,RJPN-010,Band 3 (1800MHz),-101.9,-15.9,-4.3,12.1,17.4,38.5
2026-07-17 15:00:00,RJPN-011-1,RJPN-011,Band 1 (2100MHz),-91.9,-14.5,5.3,20.9,10.1,26.0
2026-07-17 15:00:00,RJPN-011-2,RJPN-011,Band 1 (2100MHz),-86.5,-5.1,22.2,12.4,15.6,3.3
2026-07-17 15:00:00,RJPN-011-3,RJPN-011,Band 1 (2100MHz),-92.3,-8.7,12.3,25.0,20.0,0.0
2026-07-17 16:00:00,RJPN-001-1,RJPN-001,Band 1 (2100MHz),-82.4,-10.5,11.3,57.8,28.0,77.5
2026-07-17 16:00:00,RJPN-001-2,RJPN-001,Band 1 (2100MHz),-89.9,-13.2,20.1,62.5,38.0,114.8
2026-07-17 16:00:00,RJPN-001-3,RJPN-001,Band 1 (2100MHz),-89.1,-7.1,15.4,81.4,21.8,94.9
2026-07-17 16:00:00,RJPN-002-1,RJPN-002,Band 3 (1800MHz),-95.2,-15.4,1.0,73.7,33.3,113.8
2026-07-17 16:00:00,RJPN-002-2,RJPN-002,Band 3 (1800MHz),-83.6,-10.1,19.7,56.0,43.2,123.4
2026-07-17 16:00:00,RJPN-002-3,RJPN-002,Band 3 (1800MHz),-89.5,-9.8,17.1,69.3,34.3,115.2
2026-07-17 16:00:00,RJPN-003-1,RJPN-003,Band 1 (2100MHz),-88.4,-11.4,16.1,65.0,35.4,104.9
2026-07-17 16:00:00,RJPN-003-2,RJPN-003,Band 1 (2100MHz),-90.1,-8.2,9.1,45.3,40.7,106.2
2026-07-17 16:00:00,RJPN-003-3,RJPN-003,Band 1 (2100MHz),-95.1,-10.4,16.1,57.3,23.0,101.0
2026-07-17 16:00:00,RJPN-004-1,RJPN-004,Band 3 (1800MHz),-91.3,-13.0,21.0,65.1,36.2,124.4
2026-07-17 16:00:00,RJPN-004-2,RJPN-004,Band 3 (1800MHz),-90.7,-9.9,13.3,59.1,42.4,107.9
2026-07-17 16:00:00,RJPN-004-3,RJPN-004,Band 3 (1800MHz),-91.2,-9.8,11.8,80.8,31.5,106.3
2026-07-17 16:00:00,RJPN-005-1,RJPN-005,Band 1 (2100MHz),-84.4,-11.4,16.5,52.7,46.2,126.0
2026-07-17 16:00:00,RJPN-005-2,RJPN-005,Band 1 (2100MHz),-84.7,-10.2,18.5,51.5,41.1,104.1
2026-07-17 16:00:00,RJPN-005-3,RJPN-005,Band 1 (2100MHz),-85.0,-11.5,10.8,51.8,31.7,154.1
2026-07-17 16:00:00,RJPN-006-1,RJPN-006,Band 3 (1800MHz),-78.7,-8.6,18.7,74.5,47.2,97.0
2026-07-17 16:00:00,RJPN-006-2,RJPN-006,Band 3 (1800MHz),-86.7,-13.3,13.1,88.8,40.2,115.1
2026-07-17 16:00:00,RJPN-006-3,RJPN-006,Band 3 (1800MHz),-87.0,-10.4,10.5,44.7,52.6,85.0
2026-07-17 16:00:00,RJPN-007-1,RJPN-007,Band 1 (2100MHz),-81.3,-7.8,12.6,47.9,45.9,118.4
2026-07-17 16:00:00,RJPN-007-2,RJPN-007,Band 1 (2100MHz),-70.3,-11.8,14.3,71.2,38.4,87.8
2026-07-17 16:00:00,RJPN-007-3,RJPN-007,Band 1 (2100MHz),-88.5,-11.4,7.8,65.2,43.3,80.9
2026-07-17 16:00:00,RJPN-008-1,RJPN-008,Band 3 (1800MHz),-85.0,-14.4,8.3,68.2,34.0,116.2
2026-07-17 16:00:00,RJPN-008-2,RJPN-008,Band 3 (1800MHz),-83.8,-9.9,20.0,80.5,46.7,121.1
2026-07-17 16:00:00,RJPN-008-3,RJPN-008,Band 3 (1800MHz),-82.6,-11.1,7.3,61.9,27.8,101.3
2026-07-17 16:00:00,RJPN-009-1,RJPN-009,Band 1 (2100MHz),-87.8,-9.7,18.2,55.4,38.2,135.1
2026-07-17 16:00:00,RJPN-009-2,RJPN-009,Band 1 (2100MHz),-90.6,-11.4,19.5,70.1,41.1,134.2
2026-07-17 16:00:00,RJPN-009-3,RJPN-009,Band 1 (2100MHz),-96.9,-8.9,15.0,69.7,41.5,76.7
2026-07-17 16:00:00,RJPN-010-1,RJPN-010,Band 3 (1800MHz),-96.7,-7.9,20.3,71.4,37.7,91.4
2026-07-17 16:00:00,RJPN-010-2,RJPN-010,Band 3 (1800MHz),-87.2,-11.9,19.9,87.1,36.6,126.3
2026-07-17 16:00:00,RJPN-010-3,RJPN-010,Band 3 (1800MHz),-101.6,-16.8,-4.7,59.2,46.2,140.9
2026-07-17 16:00:00,RJPN-011-1,RJPN-011,Band 1 (2100MHz),-101.0,-16.1,-4.9,82.2,38.4,138.6
2026-07-17 16:00:00,RJPN-011-2,RJPN-011,Band 1 (2100MHz),-82.3,-11.9,8.4,70.5,22.4,97.3
2026-07-17 16:00:00,RJPN-011-3,RJPN-011,Band 1 (2100MHz),-90.0,-12.3,13.3,77.6,36.7,90.4
2026-07-17 17:00:00,RJPN-001-1,RJPN-001,Band 1 (2100MHz),-86.5,-13.0,7.7,74.5,32.6,108.0
2026-07-17 17:00:00,RJPN-001-2,RJPN-001,Band 1 (2100MHz),-87.6,-12.6,18.7,85.5,43.3,90.0
2026-07-17 17:00:00,RJPN-001-3,RJPN-001,Band 1 (2100MHz),-92.0,-12.0,10.7,75.2,49.1,164.7
2026-07-17 17:00:00,RJPN-002-1,RJPN-002,Band 3 (1800MHz),-94.5,-15.5,18.4,64.7,42.6,97.2
2026-07-17 17:00:00,RJPN-002-2,RJPN-002,Band 3 (1800MHz),-76.4,-10.7,11.8,78.0,46.6,109.9
2026-07-17 17:00:00,RJPN-002-3,RJPN-002,Band 3 (1800MHz),-82.4,-11.5,18.9,82.7,33.6,101.1
2026-07-17 17:00:00,RJPN-003-1,RJPN-003,Band 1 (2100MHz),-82.5,-11.4,17.2,64.6,48.7,136.5
2026-07-17 17:00:00,RJPN-003-2,RJPN-003,Band 1 (2100MHz),-93.9,-8.4,9.7,48.9,34.9,125.7
2026-07-17 17:00:00,RJPN-003-3,RJPN-003,Band 1 (2100MHz),-89.9,-11.5,11.2,61.6,43.3,103.1
2026-07-17 17:00:00,RJPN-004-1,RJPN-004,Band 3 (1800MHz),-85.6,-14.2,13.9,59.1,45.3,151.7
2026-07-17 17:00:00,RJPN-004-2,RJPN-004,Band 3 (1800MHz),-86.5,-10.4,13.3,80.7,36.3,131.4
2026-07-17 17:00:00,RJPN-004-3,RJPN-004,Band 3 (1800MHz),-80.0,-7.8,9.2,70.8,40.2,130.6
2026-07-17 17:00:00,RJPN-005-1,RJPN-005,Band 1 (2100MHz),-84.1,-9.2,15.0,80.4,37.3,141.2
2026-07-17 17:00:00,RJPN-005-2,RJPN-005,Band 1 (2100MHz),-84.4,-12.4,12.0,73.7,56.5,97.1
2026-07-17 17:00:00,RJPN-005-3,RJPN-005,Band 1 (2100MHz),-85.6,-13.6,14.5,67.7,54.0,115.3
2026-07-17 17:00:00,RJPN-006-1,RJPN-006,Band 3 (1800MHz),-80.6,-13.7,18.8,83.9,50.9,128.2
2026-07-17 17:00:00,RJPN-006-2,RJPN-006,Band 3 (1800MHz),-90.0,-14.3,10.6,57.7,46.3,119.2
2026-07-17 17:00:00,RJPN-006-3,RJPN-006,Band 3 (1800MHz),-85.2,-13.0,17.5,75.1,58.6,93.4
2026-07-17 17:00:00,RJPN-007-1,RJPN-007,Band 1 (2100MHz),-87.8,-9.7,4.8,71.5,42.4,161.3
2026-07-17 17:00:00,RJPN-007-2,RJPN-007,Band 1 (2100MHz),-88.3,-11.9,15.8,82.6,37.8,131.6
2026-07-17 17:00:00,RJPN-007-3,RJPN-007,Band 1 (2100MHz),-86.6,-9.6,5.7,64.5,44.4,143.6
2026-07-17 17:00:00,RJPN-008-1,RJPN-008,Band 3 (1800MHz),-85.4,-11.0,13.3,67.5,49.0,98.8
2026-07-17 17:00:00,RJPN-008-2,RJPN-008,Band 3 (1800MHz),-82.1,-12.2,22.1,73.0,39.9,122.2
2026-07-17 17:00:00,RJPN-008-3,RJPN-008,Band 3 (1800MHz),-86.6,-10.8,21.5,80.5,39.8,106.2
2026-07-17 17:00:00,RJPN-009-1,RJPN-009,Band 1 (2100MHz),-85.5,-10.7,13.4,74.8,39.1,115.9
2026-07-17 17:00:00,RJPN-009-2,RJPN-009,Band 1 (2100MHz),-95.9,-10.0,16.2,79.4,43.9,129.3
2026-07-17 17:00:00,RJPN-009-3,RJPN-009,Band 1 (2100MHz),-91.4,-11.8,14.3,75.8,47.9,147.5
2026-07-17 17:00:00,RJPN-010-1,RJPN-010,Band 3 (1800MHz),-91.0,-12.4,17.4,71.1,61.9,71.2
2026-07-17 17:00:00,RJPN-010-2,RJPN-010,Band 3 (1800MHz),-83.7,-11.0,9.4,65.3,38.9,139.9
2026-07-17 17:00:00,RJPN-010-3,RJPN-010,Band 3 (1800MHz),-97.1,-15.0,5.8,72.4,62.8,136.0
2026-07-17 17:00:00,RJPN-011-1,RJPN-011,Band 1 (2100MHz),-95.3,-17.9,2.5,74.0,41.3,100.2
2026-07-17 17:00:00,RJPN-011-2,RJPN-011,Band 1 (2100MHz),-87.1,-9.8,2.8,90.4,47.3,119.7
2026-07-17 17:00:00,RJPN-011-3,RJPN-011,Band 1 (2100MHz),-88.2,-10.2,10.8,70.3,45.4,88.1
2026-07-17 18:00:00,RJPN-001-1,RJPN-001,Band 1 (2100MHz),-93.1,-15.3,2.5,85.0,36.5,134.4
2026-07-17 18:00:00,RJPN-001-2,RJPN-001,Band 1 (2100MHz),-91.5,-11.4,12.8,83.1,47.6,126.8
2026-07-17 18:00:00,RJPN-001-3,RJPN-001,Band 1 (2100MHz),-88.7,-11.3,19.5,66.9,49.0,110.8
2026-07-17 18:00:00,RJPN-002-1,RJPN-002,Band 3 (1800MHz),-95.5,-19.3,12.3,82.9,59.4,114.6
2026-07-17 18:00:00,RJPN-002-2,RJPN-002,Band 3 (1800MHz),-91.6,-11.9,12.7,97.6,43.4,132.6
2026-07-17 18:00:00,RJPN-002-3,RJPN-002,Band 3 (1800MHz),-90.2,-8.6,4.9,90.4,42.1,111.6
2026-07-17 18:00:00,RJPN-003-1,RJPN-003,Band 1 (2100MHz),-90.4,-8.4,13.3,71.2,31.6,124.5
2026-07-17 18:00:00,RJPN-003-2,RJPN-003,Band 1 (2100MHz),-84.7,-12.1,10.5,80.6,46.9,127.9
2026-07-17 18:00:00,RJPN-003-3,RJPN-003,Band 1 (2100MHz),-88.1,-9.9,14.8,92.6,37.1,129.4
2026-07-17 18:00:00,RJPN-004-1,RJPN-004,Band 3 (1800MHz),-85.2,-8.9,8.8,52.1,49.7,110.9
2026-07-17 18:00:00,RJPN-004-2,RJPN-004,Band 3 (1800MHz),-86.4,-14.2,15.5,77.0,41.5,112.3
2026-07-17 18:00:00,RJPN-004-3,RJPN-004,Band 3 (1800MHz),-88.3,-11.1,3.3,88.0,53.6,151.5
2026-07-17 18:00:00,RJPN-005-1,RJPN-005,Band 1 (2100MHz),-90.8,-11.9,8.0,71.5,39.8,131.2
2026-07-17 18:00:00,RJPN-005-2,RJPN-005,Band 1 (2100MHz),-92.4,-8.6,13.5,82.7,53.2,154.3
2026-07-17 18:00:00,RJPN-005-3,RJPN-005,Band 1 (2100MHz),-89.2,-13.3,17.9,73.8,32.6,91.5
2026-07-17 18:00:00,RJPN-006-1,RJPN-006,Band 3 (1800MHz),-88.0,-12.3,13.1,80.6,42.6,93.2
2026-07-17 18:00:00,RJPN-006-2,RJPN-006,Band 3 (1800MHz),-99.0,-8.3,6.2,77.4,44.2,119.2
2026-07-17 18:00:00,RJPN-006-3,RJPN-006,Band 3 (1800MHz),-85.4,-10.3,11.0,65.4,47.4,107.1
2026-07-17 18:00:00,RJPN-007-1,RJPN-007,Band 1 (2100MHz),-86.3,-8.1,16.1,89.7,52.9,131.1
2026-07-17 18:00:00,RJPN-007-2,RJPN-007,Band 1 (2100MHz),-90.1,-13.6,10.2,81.6,26.0,95.8
2026-07-17 18:00:00,RJPN-007-3,RJPN-007,Band 1 (2100MHz),-82.2,-12.2,8.2,83.5,39.2,158.7
2026-07-17 18:00:00,RJPN-008-1,RJPN-008,Band 3 (1800MHz),-78.3,-11.5,9.7,70.6,45.9,107.5
2026-07-17 18:00:00,RJPN-008-2,RJPN-008,Band 3 (1800MHz),-93.3,-12.4,-0.1,57.7,41.9,98.3
2026-07-17 18:00:00,RJPN-008-3,RJPN-008,Band 3 (1800MHz),-92.2,-9.2,16.5,82.9,42.8,129.5
2026-07-17 18:00:00,RJPN-009-1,RJPN-009,Band 1 (2100MHz),-83.5,-10.9,5.2,60.0,42.3,86.7
2026-07-17 18:00:00,RJPN-009-2,RJPN-009,Band 1 (2100MHz),-88.5,-13.0,19.0,59.5,53.0,92.6
2026-07-17 18:00:00,RJPN-009-3,RJPN-009,Band 1 (2100MHz),-88.0,-11.6,8.0,73.3,45.5,125.5
2026-07-17 18:00:00,RJPN-010-1,RJPN-010,Band 3 (1800MHz),-82.8,-13.1,18.5,83.9,63.5,142.6
2026-07-17 18:00:00,RJPN-010-2,RJPN-010,Band 3 (1800MHz),-83.2,-15.0,8.8,67.7,68.7,105.1
2026-07-17 18:00:00,RJPN-010-3,RJPN-010,Band 3 (1800MHz),-97.6,-13.4,6.7,82.4,56.3,126.0
2026-07-17 18:00:00,RJPN-011-1,RJPN-011,Band 1 (2100MHz),-103.9,-17.5,0.8,61.9,41.2,149.6
2026-07-17 18:00:00,RJPN-011-2,RJPN-011,Band 1 (2100MHz),-78.4,-10.7,21.0,84.8,61.2,153.7
2026-07-17 18:00:00,RJPN-011-3,RJPN-011,Band 1 (2100MHz),-85.9,-14.8,11.0,88.5,50.2,105.0
2026-07-17 19:00:00,RJPN-001-1,RJPN-001,Band 1 (2100MHz),-86.0,-12.4,3.8,63.8,35.4,82.3
2026-07-17 19:00:00,RJPN-001-2,RJPN-001,Band 1 (2100MHz),-82.9,-7.8,11.6,61.0,53.6,124.1
2026-07-17 19:00:00,RJPN-001-3,RJPN-001,Band 1 (2100MHz),-85.2,-14.0,12.8,67.2,55.4,125.4
2026-07-17 19:00:00,RJPN-002-1,RJPN-002,Band 3 (1800MHz),-98.9,-16.4,4.8,61.6,38.9,131.7
2026-07-17 19:00:00,RJPN-002-2,RJPN-002,Band 3 (1800MHz),-86.0,-10.8,17.5,88.5,43.9,136.0
2026-07-17 19:00:00,RJPN-002-3,RJPN-002,Band 3 (1800MHz),-81.0,-10.0,11.8,75.7,69.3,97.4
2026-07-17 19:00:00,RJPN-003-1,RJPN-003,Band 1 (2100MHz),-89.5,-12.1,7.7,80.7,38.7,107.1
2026-07-17 19:00:00,RJPN-003-2,RJPN-003,Band 1 (2100MHz),-89.4,-10.2,18.7,55.1,53.7,142.3
2026-07-17 19:00:00,RJPN-003-3,RJPN-003,Band 1 (2100MHz),-89.2,-16.3,21.3,78.5,40.6,113.5
2026-07-17 19:00:00,RJPN-004-1,RJPN-004,Band 3 (1800MHz),-88.5,-11.7,13.9,76.0,36.0,171.0
2026-07-17 19:00:00,RJPN-004-2,RJPN-004,Band 3 (1800MHz),-90.5,-11.0,15.7,60.1,46.5,132.3
2026-07-17 19:00:00,RJPN-004-3,RJPN-004,Band 3 (1800MHz),-97.2,-8.1,14.0,60.3,38.6,157.0
2026-07-17 19:00:00,RJPN-005-1,RJPN-005,Band 1 (2100MHz),-83.7,-10.4,15.9,91.4,39.4,103.7
2026-07-17 19:00:00,RJPN-005-2,RJPN-005,Band 1 (2100MHz),-83.3,-14.7,20.1,57.3,43.7,92.0
2026-07-17 19:00:00,RJPN-005-3,RJPN-005,Band 1 (2100MHz),-92.7,-10.5,18.0,94.7,43.1,94.5
2026-07-17 19:00:00,RJPN-006-1,RJPN-006,Band 3 (1800MHz),-84.6,-14.8,18.6,57.7,37.8,86.1
2026-07-17 19:00:00,RJPN-006-2,RJPN-006,Band 3 (1800MHz),-85.6,-13.3,10.6,83.4,44.0,147.5
2026-07-17 19:00:00,RJPN-006-3,RJPN-006,Band 3 (1800MHz),-88.8,-15.7,8.8,77.4,37.4,126.4
2026-07-17 19:00:00,RJPN-007-1,RJPN-007,Band 1 (2100MHz),-89.8,-12.4,13.8,52.7,39.0,95.4
2026-07-17 19:00:00,RJPN-007-2,RJPN-007,Band 1 (2100MHz),-82.9,-9.7,17.6,83.8,46.7,151.6
2026-07-17 19:00:00,RJPN-007-3,RJPN-007,Band 1 (2100MHz),-98.7,-12.9,11.5,61.0,23.2,122.9
2026-07-17 19:00:00,RJPN-008-1,RJPN-008,Band 3 (1800MHz),-89.8,-11.0,10.2,70.9,34.7,155.0
2026-07-17 19:00:00,RJPN-008-2,RJPN-008,Band 3 (1800MHz),-88.5,-10.0,11.1,63.8,27.6,96.9
2026-07-17 19:00:00,RJPN-008-3,RJPN-008,Band 3 (1800MHz),-85.8,-12.5,8.5,72.6,38.2,146.8
2026-07-17 19:00:00,RJPN-009-1,RJPN-009,Band 1 (2100MHz),-83.9,-9.2,12.3,75.8,43.5,126.2
2026-07-17 19:00:00,RJPN-009-2,RJPN-009,Band 1 (2100MHz),-84.6,-12.1,13.3,92.0,48.9,119.2
2026-07-17 19:00:00,RJPN-009-3,RJPN-009,Band 1 (2100MHz),-80.7,-10.3,5.3,68.7,43.6,89.6
2026-07-17 19:00:00,RJPN-010-1,RJPN-010,Band 3 (1800MHz),-83.1,-11.9,17.8,76.0,47.6,109.0
2026-07-17 19:00:00,RJPN-010-2,RJPN-010,Band 3 (1800MHz),-93.4,-13.5,15.5,73.0,44.0,119.3
2026-07-17 19:00:00,RJPN-010-3,RJPN-010,Band 3 (1800MHz),-102.5,-14.5,3.6,59.1,40.3,150.5
2026-07-17 19:00:00,RJPN-011-1,RJPN-011,Band 1 (2100MHz),-105.3,-15.1,7.2,68.9,56.0,114.2
2026-07-17 19:00:00,RJPN-011-2,RJPN-011,Band 1 (2100MHz),-81.7,-11.2,20.4,70.5,43.9,112.6
2026-07-17 19:00:00,RJPN-011-3,RJPN-011,Band 1 (2100MHz),-90.2,-11.9,14.2,56.7,34.7,148.8
2026-07-17 20:00:00,RJPN-001-1,RJPN-001,Band 1 (2100MHz),-86.9,-11.3,14.7,41.8,31.8,115.6
2026-07-17 20:00:00,RJPN-001-2,RJPN-001,Band 1 (2100MHz),-86.6,-9.0,12.5,57.1,41.2,122.6
2026-07-17 20:00:00,RJPN-001-3,RJPN-001,Band 1 (2100MHz),-93.8,-12.0,14.7,85.9,31.9,136.9
2026-07-17 20:00:00,RJPN-002-1,RJPN-002,Band 3 (1800MHz),-106.0,-13.0,5.3,56.3,39.7,97.2
2026-07-17 20:00:00,RJPN-002-2,RJPN-002,Band 3 (1800MHz),-90.5,-9.8,16.2,56.8,40.3,161.0
2026-07-17 20:00:00,RJPN-002-3,RJPN-002,Band 3 (1800MHz),-88.9,-10.4,8.0,58.4,56.2,119.8
2026-07-17 20:00:00,RJPN-003-1,RJPN-003,Band 1 (2100MHz),-87.5,-9.9,19.3,72.3,33.0,124.6
2026-07-17 20:00:00,RJPN-003-2,RJPN-003,Band 1 (2100MHz),-91.3,-8.8,12.5,60.1,40.4,123.1
2026-07-17 20:00:00,RJPN-003-3,RJPN-003,Band 1 (2100MHz),-80.5,-12.6,10.1,69.3,31.0,125.6
2026-07-17 20:00:00,RJPN-004-1,RJPN-004,Band 3 (1800MHz),-93.6,-8.2,9.2,65.4,25.6,94.1
2026-07-17 20:00:00,RJPN-004-2,RJPN-004,Band 3 (1800MHz),-84.1,-10.3,21.6,76.0,37.0,79.9
2026-07-17 20:00:00,RJPN-004-3,RJPN-004,Band 3 (1800MHz),-82.5,-8.8,2.3,78.8,22.9,113.4
2026-07-17 20:00:00,RJPN-005-1,RJPN-005,Band 1 (2100MHz),-86.9,-13.3,15.8,74.5,32.1,107.2
2026-07-17 20:00:00,RJPN-005-2,RJPN-005,Band 1 (2100MHz),-90.7,-9.7,19.8,72.6,39.8,109.0
2026-07-17 20:00:00,RJPN-005-3,RJPN-005,Band 1 (2100MHz),-86.1,-10.9,15.0,50.3,49.0,121.4
2026-07-17 20:00:00,RJPN-006-1,RJPN-006,Band 3 (1800MHz),-86.2,-10.7,10.9,67.1,54.9,94.1
2026-07-17 20:00:00,RJPN-006-2,RJPN-006,Band 3 (1800MHz),-83.4,-10.7,13.6,64.2,35.7,114.4
2026-07-17 20:00:00,RJPN-006-3,RJPN-006,Band 3 (1800MHz),-94.8,-9.1,19.5,87.7,40.4,135.6
2026-07-17 20:00:00,RJPN-007-1,RJPN-007,Band 1 (2100MHz),-88.3,-10.6,4.6,70.4,50.0,94.2
2026-07-17 20:00:00,RJPN-007-2,RJPN-007,Band 1 (2100MHz),-92.3,-7.8,5.1,89.5,33.7,132.7
2026-07-17 20:00:00,RJPN-007-3,RJPN-007,Band 1 (2100MHz),-89.8,-9.7,7.1,78.9,36.0,97.2
2026-07-17 20:00:00,RJPN-008-1,RJPN-008,Band 3 (1800MHz),-84.6,-8.3,12.6,58.5,40.4,58.2
2026-07-17 20:00:00,RJPN-008-2,RJPN-008,Band 3 (1800MHz),-87.3,-9.7,11.6,67.6,40.1,127.8
2026-07-17 20:00:00,RJPN-008-3,RJPN-008,Band 3 (1800MHz),-90.5,-9.6,20.1,62.5,44.8,95.2
2026-07-17 20:00:00,RJPN-009-1,RJPN-009,Band 1 (2100MHz),-85.6,-12.1,14.7,68.9,38.7,95.1
2026-07-17 20:00:00,RJPN-009-2,RJPN-009,Band 1 (2100MHz),-91.7,-8.7,9.5,73.2,51.5,111.6
2026-07-17 20:00:00,RJPN-009-3,RJPN-009,Band 1 (2100MHz),-85.4,-12.7,23.0,74.9,43.4,161.4
2026-07-17 20:00:00,RJPN-010-1,RJPN-010,Band 3 (1800MHz),-85.0,-12.4,14.0,68.3,38.2,125.2
2026-07-17 20:00:00,RJPN-010-2,RJPN-010,Band 3 (1800MHz),-84.2,-10.4,15.5,77.5,33.5,102.6
2026-07-17 20:00:00,RJPN-010-3,RJPN-010,Band 3 (1800MHz),-101.0,-18.0,6.9,56.2,45.2,119.5
2026-07-17 20:00:00,RJPN-011-1,RJPN-011,Band 1 (2100MHz),-101.9,-15.3,3.6,66.3,32.5,116.3
2026-07-17 20:00:00,RJPN-011-2,RJPN-011,Band 1 (2100MHz),-86.2,-11.2,13.8,68.7,46.8,76.9
2026-07-17 20:00:00,RJPN-011-3,RJPN-011,Band 1 (2100MHz),-82.5,-8.6,22.6,78.3,43.1,97.2
2026-07-17 21:00:00,RJPN-001-1,RJPN-001,Band 1 (2100MHz),-87.7,-8.7,17.6,3.7,21.7,35.5
2026-07-17 21:00:00,RJPN-001-2,RJPN-001,Band 1 (2100MHz),-86.6,-10.8,2.4,16.6,3.9,35.2
2026-07-17 21:00:00,RJPN-001-3,RJPN-001,Band 1 (2100MHz),-85.4,-4.0,7.5,4.6,12.5,22.1
2026-07-17 21:00:00,RJPN-002-1,RJPN-002,Band 3 (1800MHz),-102.6,-11.1,3.6,14.4,15.1,3.5
2026-07-17 21:00:00,RJPN-002-2,RJPN-002,Band 3 (1800MHz),-86.2,-8.2,16.9,28.9,15.1,18.2
2026-07-17 21:00:00,RJPN-002-3,RJPN-002,Band 3 (1800MHz),-87.8,-8.8,11.6,1.7,4.2,8.8
2026-07-17 21:00:00,RJPN-003-1,RJPN-003,Band 1 (2100MHz),-89.5,-4.6,8.6,19.7,0.0,32.1
2026-07-17 21:00:00,RJPN-003-2,RJPN-003,Band 1 (2100MHz),-89.7,-10.1,11.2,27.9,0.0,49.8
2026-07-17 21:00:00,RJPN-003-3,RJPN-003,Band 1 (2100MHz),-81.3,-11.4,21.0,38.5,13.0,18.3
2026-07-17 21:00:00,RJPN-004-1,RJPN-004,Band 3 (1800MHz),-88.4,-8.0,23.0,1.0,2.4,13.3
2026-07-17 21:00:00,RJPN-004-2,RJPN-004,Band 3 (1800MHz),-84.0,-9.2,11.7,24.5,21.8,0.0
2026-07-17 21:00:00,RJPN-004-3,RJPN-004,Band 3 (1800MHz),-85.3,-5.3,17.9,29.1,5.4,17.6
2026-07-17 21:00:00,RJPN-005-1,RJPN-005,Band 1 (2100MHz),-89.1,-7.2,12.8,3.3,1.6,7.9
2026-07-17 21:00:00,RJPN-005-2,RJPN-005,Band 1 (2100MHz),-87.0,-4.8,18.9,36.6,1.5,0.0
2026-07-17 21:00:00,RJPN-005-3,RJPN-005,Band 1 (2100MHz),-88.0,-7.5,14.7,0.2,19.6,33.8
2026-07-17 21:00:00,RJPN-006-1,RJPN-006,Band 3 (1800MHz),-91.3,-9.8,3.4,16.8,12.4,59.3
2026-07-17 21:00:00,RJPN-006-2,RJPN-006,Band 3 (1800MHz),-90.0,-9.9,14.8,16.3,7.5,40.3
2026-07-17 21:00:00,RJPN-006-3,RJPN-006,Band 3 (1800MHz),-82.3,-7.4,19.4,32.0,17.5,29.8
2026-07-17 21:00:00,RJPN-007-1,RJPN-007,Band 1 (2100MHz),-87.4,-6.6,1.9,18.3,5.2,70.2
2026-07-17 21:00:00,RJPN-007-2,RJPN-007,Band 1 (2100MHz),-94.4,-9.7,17.9,10.9,1.6,46.0
2026-07-17 21:00:00,RJPN-007-3,RJPN-007,Band 1 (2100MHz),-88.4,-8.4,11.8,24.2,1.8,37.7
2026-07-17 21:00:00,RJPN-008-1,RJPN-008,Band 3 (1800MHz),-84.1,-4.7,11.2,13.6,9.3,25.5
2026-07-17 21:00:00,RJPN-008-2,RJPN-008,Band 3 (1800MHz),-91.8,-7.5,13.2,5.1,11.1,4.3
2026-07-17 21:00:00,RJPN-008-3,RJPN-008,Band 3 (1800MHz),-84.0,-8.1,11.9,38.6,11.5,13.5
2026-07-17 21:00:00,RJPN-009-1,RJPN-009,Band 1 (2100MHz),-87.6,-8.5,13.1,13.3,13.1,17.0
2026-07-17 21:00:00,RJPN-009-2,RJPN-009,Band 1 (2100MHz),-92.4,-7.3,20.1,11.2,24.0,52.1
2026-07-17 21:00:00,RJPN-009-3,RJPN-009,Band 1 (2100MHz),-92.8,-9.5,15.0,5.7,14.8,53.5
2026-07-17 21:00:00,RJPN-010-1,RJPN-010,Band 3 (1800MHz),-89.6,-9.5,14.0,35.1,20.6,16.7
2026-07-17 21:00:00,RJPN-010-2,RJPN-010,Band 3 (1800MHz),-89.8,-9.1,12.5,8.7,0.0,43.4
2026-07-17 21:00:00,RJPN-010-3,RJPN-010,Band 3 (1800MHz),-97.4,-10.1,5.8,47.2,1.9,45.3
2026-07-17 21:00:00,RJPN-011-1,RJPN-011,Band 1 (2100MHz),-94.3,-8.8,3.8,0.0,10.6,49.2
2026-07-17 21:00:00,RJPN-011-2,RJPN-011,Band 1 (2100MHz),-84.2,-8.7,12.8,6.1,8.0,0.0
2026-07-17 21:00:00,RJPN-011-3,RJPN-011,Band 1 (2100MHz),-88.2,-7.8,8.7,19.4,4.9,0.0
2026-07-17 22:00:00,RJPN-001-1,RJPN-001,Band 1 (2100MHz),-86.5,-5.8,17.3,10.9,1.9,29.7
2026-07-17 22:00:00,RJPN-001-2,RJPN-001,Band 1 (2100MHz),-87.2,-9.4,16.0,8.1,0.0,9.4
2026-07-17 22:00:00,RJPN-001-3,RJPN-001,Band 1 (2100MHz),-86.7,-6.5,17.8,7.6,3.0,21.3
2026-07-17 22:00:00,RJPN-002-1,RJPN-002,Band 3 (1800MHz),-99.7,-12.7,3.1,18.2,19.7,0.0
2026-07-17 22:00:00,RJPN-002-2,RJPN-002,Band 3 (1800MHz),-76.1,-5.2,9.2,4.6,0.5,6.8
2026-07-17 22:00:00,RJPN-002-3,RJPN-002,Band 3 (1800MHz),-84.7,-6.7,13.0,0.0,0.0,0.0
2026-07-17 22:00:00,RJPN-003-1,RJPN-003,Band 1 (2100MHz),-81.9,-9.2,14.5,4.0,0.0,15.2
2026-07-17 22:00:00,RJPN-003-2,RJPN-003,Band 1 (2100MHz),-87.6,-8.0,11.9,12.2,0.0,35.1
2026-07-17 22:00:00,RJPN-003-3,RJPN-003,Band 1 (2100MHz),-85.7,-8.7,0.8,9.9,3.7,5.9
2026-07-17 22:00:00,RJPN-004-1,RJPN-004,Band 3 (1800MHz),-89.1,-10.6,16.9,0.0,0.1,13.2
2026-07-17 22:00:00,RJPN-004-2,RJPN-004,Band 3 (1800MHz),-84.1,-11.4,13.7,0.0,15.8,0.0
2026-07-17 22:00:00,RJPN-004-3,RJPN-004,Band 3 (1800MHz),-88.0,-9.5,21.3,21.9,0.0,11.2
2026-07-17 22:00:00,RJPN-005-1,RJPN-005,Band 1 (2100MHz),-83.4,-6.1,11.2,6.6,5.5,29.4
2026-07-17 22:00:00,RJPN-005-2,RJPN-005,Band 1 (2100MHz),-92.4,-8.3,13.1,8.6,6.7,25.6
2026-07-17 22:00:00,RJPN-005-3,RJPN-005,Band 1 (2100MHz),-88.9,-9.4,12.2,4.2,11.0,6.0
2026-07-17 22:00:00,RJPN-006-1,RJPN-006,Band 3 (1800MHz),-83.4,-9.1,8.2,0.0,11.7,12.7
2026-07-17 22:00:00,RJPN-006-2,RJPN-006,Band 3 (1800MHz),-92.3,-5.6,12.3,30.5,1.1,0.0
2026-07-17 22:00:00,RJPN-006-3,RJPN-006,Band 3 (1800MHz),-83.7,-7.9,11.7,18.1,0.0,0.0
2026-07-17 22:00:00,RJPN-007-1,RJPN-007,Band 1 (2100MHz),-82.2,-7.9,1.2,4.2,16.2,2.4
2026-07-17 22:00:00,RJPN-007-2,RJPN-007,Band 1 (2100MHz),-86.1,-7.4,17.2,5.3,9.2,0.0
2026-07-17 22:00:00,RJPN-007-3,RJPN-007,Band 1 (2100MHz),-81.9,-6.3,18.1,15.8,1.2,18.5
2026-07-17 22:00:00,RJPN-008-1,RJPN-008,Band 3 (1800MHz),-94.1,-8.9,9.7,23.4,16.2,0.0
2026-07-17 22:00:00,RJPN-008-2,RJPN-008,Band 3 (1800MHz),-92.7,-5.0,10.9,0.0,12.0,20.4
2026-07-17 22:00:00,RJPN-008-3,RJPN-008,Band 3 (1800MHz),-85.5,-7.7,24.4,0.0,0.9,0.0
2026-07-17 22:00:00,RJPN-009-1,RJPN-009,Band 1 (2100MHz),-91.5,-3.6,2.9,7.7,10.6,0.0
2026-07-17 22:00:00,RJPN-009-2,RJPN-009,Band 1 (2100MHz),-93.2,-7.8,15.5,28.0,15.8,2.5
2026-07-17 22:00:00,RJPN-009-3,RJPN-009,Band 1 (2100MHz),-93.1,-6.0,11.0,0.3,16.5,0.0
2026-07-17 22:00:00,RJPN-010-1,RJPN-010,Band 3 (1800MHz),-89.7,-8.3,17.3,3.5,0.9,26.1
2026-07-17 22:00:00,RJPN-010-2,RJPN-010,Band 3 (1800MHz),-85.6,-5.6,14.2,9.6,4.2,0.0
2026-07-17 22:00:00,RJPN-010-3,RJPN-010,Band 3 (1800MHz),-100.9,-11.7,4.6,0.0,0.0,0.0
2026-07-17 22:00:00,RJPN-011-1,RJPN-011,Band 1 (2100MHz),-96.2,-11.5,-3.0,0.1,5.3,0.0
2026-07-17 22:00:00,RJPN-011-2,RJPN-011,Band 1 (2100MHz),-84.4,-8.1,10.9,0.0,12.0,35.4
2026-07-17 22:00:00,RJPN-011-3,RJPN-011,Band 1 (2100MHz),-82.8,-7.2,21.0,1.6,4.9,5.3
2026-07-17 23:00:00,RJPN-001-1,RJPN-001,Band 1 (2100MHz),-87.0,-7.1,17.5,0.0,0.0,12.1
2026-07-17 23:00:00,RJPN-001-2,RJPN-001,Band 1 (2100MHz),-82.3,-8.3,10.1,0.0,16.0,5.9
2026-07-17 23:00:00,RJPN-001-3,RJPN-001,Band 1 (2100MHz),-89.6,-8.4,25.1,16.3,17.9,41.7
2026-07-17 23:00:00,RJPN-002-1,RJPN-002,Band 3 (1800MHz),-98.6,-7.3,10.3,8.9,11.0,0.0
2026-07-17 23:00:00,RJPN-002-2,RJPN-002,Band 3 (1800MHz),-85.5,-8.1,10.7,11.6,0.0,21.4
2026-07-17 23:00:00,RJPN-002-3,RJPN-002,Band 3 (1800MHz),-83.6,-10.8,15.3,8.4,0.0,7.4
2026-07-17 23:00:00,RJPN-003-1,RJPN-003,Band 1 (2100MHz),-87.5,-8.2,12.0,4.8,1.4,24.0
2026-07-17 23:00:00,RJPN-003-2,RJPN-003,Band 1 (2100MHz),-86.6,-8.4,3.9,5.2,16.8,2.3
2026-07-17 23:00:00,RJPN-003-3,RJPN-003,Band 1 (2100MHz),-81.5,-7.0,4.3,7.4,0.0,17.0
2026-07-17 23:00:00,RJPN-004-1,RJPN-004,Band 3 (1800MHz),-83.3,-4.9,15.6,6.2,2.4,23.3
2026-07-17 23:00:00,RJPN-004-2,RJPN-004,Band 3 (1800MHz),-88.6,-12.3,18.9,0.0,0.0,37.2
2026-07-17 23:00:00,RJPN-004-3,RJPN-004,Band 3 (1800MHz),-93.8,-5.7,9.9,0.0,4.1,37.3
2026-07-17 23:00:00,RJPN-005-1,RJPN-005,Band 1 (2100MHz),-82.9,-8.0,10.5,9.7,5.5,30.8
2026-07-17 23:00:00,RJPN-005-2,RJPN-005,Band 1 (2100MHz),-86.2,-8.4,15.0,8.3,4.2,6.5
2026-07-17 23:00:00,RJPN-005-3,RJPN-005,Band 1 (2100MHz),-82.1,-8.5,10.6,29.2,13.3,6.6
2026-07-17 23:00:00,RJPN-006-1,RJPN-006,Band 3 (1800MHz),-91.6,-10.9,10.8,10.5,4.6,42.1
2026-07-17 23:00:00,RJPN-006-2,RJPN-006,Band 3 (1800MHz),-90.8,-8.3,9.7,13.9,0.0,0.0
2026-07-17 23:00:00,RJPN-006-3,RJPN-006,Band 3 (1800MHz),-82.6,-7.6,15.0,2.8,10.9,0.0
2026-07-17 23:00:00,RJPN-007-1,RJPN-007,Band 1 (2100MHz),-89.9,-7.9,13.7,15.6,18.5,0.0
2026-07-17 23:00:00,RJPN-007-2,RJPN-007,Band 1 (2100MHz),-89.6,-6.9,8.9,15.2,5.4,27.1
2026-07-17 23:00:00,RJPN-007-3,RJPN-007,Band 1 (2100MHz),-85.9,-9.9,10.4,1.0,11.9,18.6
2026-07-17 23:00:00,RJPN-008-1,RJPN-008,Band 3 (1800MHz),-88.8,-9.4,8.2,2.6,9.1,12.7
2026-07-17 23:00:00,RJPN-008-2,RJPN-008,Band 3 (1800MHz),-87.0,-8.0,11.3,15.3,0.0,20.9
2026-07-17 23:00:00,RJPN-008-3,RJPN-008,Band 3 (1800MHz),-90.6,-11.0,6.8,13.1,15.1,14.5
2026-07-17 23:00:00,RJPN-009-1,RJPN-009,Band 1 (2100MHz),-94.3,-6.6,7.1,8.2,1.1,0.0
2026-07-17 23:00:00,RJPN-009-2,RJPN-009,Band 1 (2100MHz),-86.1,-5.5,15.3,0.0,9.5,22.2
2026-07-17 23:00:00,RJPN-009-3,RJPN-009,Band 1 (2100MHz),-86.9,-7.6,14.2,22.6,3.4,14.0
2026-07-17 23:00:00,RJPN-010-1,RJPN-010,Band 3 (1800MHz),-92.1,-7.8,4.8,22.2,17.3,0.0
2026-07-17 23:00:00,RJPN-010-2,RJPN-010,Band 3 (1800MHz),-81.2,-10.9,11.9,24.2,12.7,0.0
2026-07-17 23:00:00,RJPN-010-3,RJPN-010,Band 3 (1800MHz),-102.2,-15.1,8.7,8.2,0.5,1.7
2026-07-17 23:00:00,RJPN-011-1,RJPN-011,Band 1 (2100MHz),-102.3,-12.8,6.8,3.3,16.7,14.4
2026-07-17 23:00:00,RJPN-011-2,RJPN-011,Band 1 (2100MHz),-89.1,-13.6,24.0,0.0,0.0,26.8
2026-07-17 23:00:00,RJPN-011-3,RJPN-011,Band 1 (2100MHz),-87.2,-4.6,9.9,11.7,7.0,4.5
2026-07-18 00:00:00,RJPN-001-1,RJPN-001,Band 1 (2100MHz),-82.6,-9.5,2.0,0.4,0.0,0.0
2026-07-18 00:00:00,RJPN-001-2,RJPN-001,Band 1 (2100MHz),-87.8,-12.0,7.0,0.0,3.9,23.3
2026-07-18 00:00:00,RJPN-001-3,RJPN-001,Band 1 (2100MHz),-84.8,-7.8,8.6,18.8,0.0,19.8
2026-07-18 00:00:00,RJPN-002-1,RJPN-002,Band 3 (1800MHz),-101.9,-14.5,10.6,0.0,6.7,11.8
2026-07-18 00:00:00,RJPN-002-2,RJPN-002,Band 3 (1800MHz),-81.8,-9.8,11.7,23.9,17.1,25.8
2026-07-18 00:00:00,RJPN-002-3,RJPN-002,Band 3 (1800MHz),-80.4,-6.6,20.9,10.7,8.1,34.3
2026-07-18 00:00:00,RJPN-003-1,RJPN-003,Band 1 (2100MHz),-89.7,-6.0,22.8,17.2,5.8,0.0
2026-07-18 00:00:00,RJPN-003-2,RJPN-003,Band 1 (2100MHz),-89.3,-7.9,24.0,2.7,22.3,18.4
2026-07-18 00:00:00,RJPN-003-3,RJPN-003,Band 1 (2100MHz),-89.9,-6.9,9.1,0.0,13.6,29.9
2026-07-18 00:00:00,RJPN-004-1,RJPN-004,Band 3 (1800MHz),-86.2,-7.9,17.4,0.7,0.0,0.0
2026-07-18 00:00:00,RJPN-004-2,RJPN-004,Band 3 (1800MHz),-87.7,-10.6,10.1,13.0,6.5,0.0
2026-07-18 00:00:00,RJPN-004-3,RJPN-004,Band 3 (1800MHz),-86.5,-3.4,19.2,9.6,2.1,5.5
2026-07-18 00:00:00,RJPN-005-1,RJPN-005,Band 1 (2100MHz),-92.1,-8.4,19.3,7.2,4.5,18.3
2026-07-18 00:00:00,RJPN-005-2,RJPN-005,Band 1 (2100MHz),-85.1,-9.3,7.9,0.0,2.8,35.6
2026-07-18 00:00:00,RJPN-005-3,RJPN-005,Band 1 (2100MHz),-91.2,-8.0,11.5,6.2,11.6,18.2
2026-07-18 00:00:00,RJPN-006-1,RJPN-006,Band 3 (1800MHz),-81.1,-10.2,18.8,9.9,9.4,18.4
2026-07-18 00:00:00,RJPN-006-2,RJPN-006,Band 3 (1800MHz),-90.1,-8.0,18.8,0.0,16.9,6.0
2026-07-18 00:00:00,RJPN-006-3,RJPN-006,Band 3 (1800MHz),-86.0,-9.6,16.9,6.5,0.0,32.5
2026-07-18 00:00:00,RJPN-007-1,RJPN-007,Band 1 (2100MHz),-92.1,-7.2,11.2,29.2,0.0,41.9
2026-07-18 00:00:00,RJPN-007-2,RJPN-007,Band 1 (2100MHz),-93.3,-9.4,9.6,7.2,5.1,0.0
2026-07-18 00:00:00,RJPN-007-3,RJPN-007,Band 1 (2100MHz),-85.3,-9.2,10.1,6.6,2.4,0.0
2026-07-18 00:00:00,RJPN-008-1,RJPN-008,Band 3 (1800MHz),-82.8,-9.1,18.0,22.9,0.0,0.0
2026-07-18 00:00:00,RJPN-008-2,RJPN-008,Band 3 (1800MHz),-90.7,-8.8,12.8,0.0,18.0,31.6
2026-07-18 00:00:00,RJPN-008-3,RJPN-008,Band 3 (1800MHz),-84.1,-3.6,10.9,0.0,8.3,15.9
2026-07-18 00:00:00,RJPN-009-1,RJPN-009,Band 1 (2100MHz),-84.5,-8.5,5.7,0.0,13.7,31.6
2026-07-18 00:00:00,RJPN-009-2,RJPN-009,Band 1 (2100MHz),-87.7,-5.2,12.1,20.9,0.0,28.8
2026-07-18 00:00:00,RJPN-009-3,RJPN-009,Band 1 (2100MHz),-92.0,-11.4,18.6,7.6,5.3,0.0
2026-07-18 00:00:00,RJPN-010-1,RJPN-010,Band 3 (1800MHz),-88.2,-8.9,16.6,1.4,5.4,0.0
2026-07-18 00:00:00,RJPN-010-2,RJPN-010,Band 3 (1800MHz),-88.3,-7.1,12.9,0.0,0.0,12.1
2026-07-18 00:00:00,RJPN-010-3,RJPN-010,Band 3 (1800MHz),-101.7,-15.1,9.3,22.9,0.5,10.2
2026-07-18 00:00:00,RJPN-011-1,RJPN-011,Band 1 (2100MHz),-97.8,-13.5,7.1,17.5,29.7,3.2
2026-07-18 00:00:00,RJPN-011-2,RJPN-011,Band 1 (2100MHz),-91.3,-11.7,14.3,0.0,0.0,20.0
2026-07-18 00:00:00,RJPN-011-3,RJPN-011,Band 1 (2100MHz),-88.3,-8.2,18.0,0.0,0.0,30.9
2026-07-18 01:00:00,RJPN-001-1,RJPN-001,Band 1 (2100MHz),-87.5,-10.5,16.8,0.0,10.6,0.0
2026-07-18 01:00:00,RJPN-001-2,RJPN-001,Band 1 (2100MHz),-91.5,-7.3,16.9,6.4,6.9,42.4
2026-07-18 01:00:00,RJPN-001-3,RJPN-001,Band 1 (2100MHz),-80.8,-9.6,15.7,0.0,0.0,0.0
2026-07-18 01:00:00,RJPN-002-1,RJPN-002,Band 3 (1800MHz),-99.8,-10.6,6.3,0.0,0.0,0.0
2026-07-18 01:00:00,RJPN-002-2,RJPN-002,Band 3 (1800MHz),-92.3,-9.8,11.2,12.2,0.0,10.1
2026-07-18 01:00:00,RJPN-002-3,RJPN-002,Band 3 (1800MHz),-91.7,-7.0,11.6,9.5,15.9,0.0
2026-07-18 01:00:00,RJPN-003-1,RJPN-003,Band 1 (2100MHz),-87.6,-12.4,8.4,0.0,13.0,12.0
2026-07-18 01:00:00,RJPN-003-2,RJPN-003,Band 1 (2100MHz),-97.2,-7.6,20.2,0.1,17.9,13.8
2026-07-18 01:00:00,RJPN-003-3,RJPN-003,Band 1 (2100MHz),-82.7,-9.0,21.1,20.2,0.0,44.6
2026-07-18 01:00:00,RJPN-004-1,RJPN-004,Band 3 (1800MHz),-91.3,-7.3,3.5,7.3,0.1,0.0
2026-07-18 01:00:00,RJPN-004-2,RJPN-004,Band 3 (1800MHz),-81.6,-7.2,16.8,0.0,13.3,0.0
2026-07-18 01:00:00,RJPN-004-3,RJPN-004,Band 3 (1800MHz),-85.8,-8.4,12.8,31.3,21.0,0.0
2026-07-18 01:00:00,RJPN-005-1,RJPN-005,Band 1 (2100MHz),-88.8,-10.1,17.7,0.0,0.0,4.6
2026-07-18 01:00:00,RJPN-005-2,RJPN-005,Band 1 (2100MHz),-91.8,-8.4,19.2,10.4,1.2,0.0
2026-07-18 01:00:00,RJPN-005-3,RJPN-005,Band 1 (2100MHz),-84.2,-4.7,29.8,0.0,3.5,15.9
2026-07-18 01:00:00,RJPN-006-1,RJPN-006,Band 3 (1800MHz),-94.2,-7.2,11.9,0.0,1.0,0.0
2026-07-18 01:00:00,RJPN-006-2,RJPN-006,Band 3 (1800MHz),-82.5,-8.0,11.8,27.5,12.9,45.8
2026-07-18 01:00:00,RJPN-006-3,RJPN-006,Band 3 (1800MHz),-80.3,-10.8,18.0,24.5,6.7,41.7
2026-07-18 01:00:00,RJPN-007-1,RJPN-007,Band 1 (2100MHz),-91.3,-5.8,8.9,0.1,0.0,61.8
2026-07-18 01:00:00,RJPN-007-2,RJPN-007,Band 1 (2100MHz),-88.9,-9.1,11.1,16.3,4.1,0.0
2026-07-18 01:00:00,RJPN-007-3,RJPN-007,Band 1 (2100MHz),-82.6,-9.3,14.3,1.4,14.7,8.5
2026-07-18 01:00:00,RJPN-008-1,RJPN-008,Band 3 (1800MHz),-80.1,-3.1,11.7,1.3,0.0,14.5
2026-07-18 01:00:00,RJPN-008-2,RJPN-008,Band 3 (1800MHz),-88.9,-10.9,7.9,14.8,18.8,42.1
2026-07-18 01:00:00,RJPN-008-3,RJPN-008,Band 3 (1800MHz),-83.7,-9.8,9.5,27.0,0.0,0.0
2026-07-18 01:00:00,RJPN-009-1,RJPN-009,Band 1 (2100MHz),-87.8,-5.6,14.7,1.9,9.2,45.0
2026-07-18 01:00:00,RJPN-009-2,RJPN-009,Band 1 (2100MHz),-83.6,-11.0,11.4,8.7,4.0,12.2
2026-07-18 01:00:00,RJPN-009-3,RJPN-009,Band 1 (2100MHz),-89.2,-7.8,21.9,0.0,11.6,32.8
2026-07-18 01:00:00,RJPN-010-1,RJPN-010,Band 3 (1800MHz),-80.5,-8.3,12.5,0.4,11.2,32.4
2026-07-18 01:00:00,RJPN-010-2,RJPN-010,Band 3 (1800MHz),-82.8,-11.2,13.1,0.0,9.4,37.6
2026-07-18 01:00:00,RJPN-010-3,RJPN-010,Band 3 (1800MHz),-96.6,-14.6,5.4,13.6,1.9,7.8
2026-07-18 01:00:00,RJPN-011-1,RJPN-011,Band 1 (2100MHz),-102.1,-11.3,3.1,0.0,18.5,0.0
2026-07-18 01:00:00,RJPN-011-2,RJPN-011,Band 1 (2100MHz),-94.0,-8.1,16.7,21.6,5.0,8.7
2026-07-18 01:00:00,RJPN-011-3,RJPN-011,Band 1 (2100MHz),-89.2,-7.4,15.6,20.0,2.2,25.2
2026-07-18 02:00:00,RJPN-001-1,RJPN-001,Band 1 (2100MHz),-95.9,-5.7,10.8,2.0,21.7,0.0
2026-07-18 02:00:00,RJPN-001-2,RJPN-001,Band 1 (2100MHz),-90.4,-7.4,10.8,1.6,14.2,28.3
2026-07-18 02:00:00,RJPN-001-3,RJPN-001,Band 1 (2100MHz),-86.9,-6.7,3.1,18.1,8.1,25.7
2026-07-18 02:00:00,RJPN-002-1,RJPN-002,Band 3 (1800MHz),-100.5,-11.0,-1.8,0.0,5.9,0.0
2026-07-18 02:00:00,RJPN-002-2,RJPN-002,Band 3 (1800MHz),-84.3,-11.0,20.9,21.6,0.0,0.0
2026-07-18 02:00:00,RJPN-002-3,RJPN-002,Band 3 (1800MHz),-90.0,-8.3,10.6,6.8,6.8,0.0
2026-07-18 02:00:00,RJPN-003-1,RJPN-003,Band 1 (2100MHz),-92.5,-5.6,8.7,24.2,2.2,0.0
2026-07-18 02:00:00,RJPN-003-2,RJPN-003,Band 1 (2100MHz),-93.7,-6.1,15.0,6.3,5.2,0.0
2026-07-18 02:00:00,RJPN-003-3,RJPN-003,Band 1 (2100MHz),-81.9,-7.6,8.0,15.3,20.7,8.7
2026-07-18 02:00:00,RJPN-004-1,RJPN-004,Band 3 (1800MHz),-90.3,-7.4,10.1,4.4,1.8,7.1
2026-07-18 02:00:00,RJPN-004-2,RJPN-004,Band 3 (1800MHz),-86.9,-9.4,5.8,15.2,0.0,35.9
2026-07-18 02:00:00,RJPN-004-3,RJPN-004,Band 3 (1800MHz),-87.9,-11.0,6.2,0.0,0.0,54.2
2026-07-18 02:00:00,RJPN-005-1,RJPN-005,Band 1 (2100MHz),-87.0,-7.6,11.0,7.7,14.8,37.4
2026-07-18 02:00:00,RJPN-005-2,RJPN-005,Band 1 (2100MHz),-85.9,-10.6,9.7,11.0,3.6,4.9
2026-07-18 02:00:00,RJPN-005-3,RJPN-005,Band 1 (2100MHz),-82.6,-6.3,11.4,10.3,0.0,41.1
2026-07-18 02:00:00,RJPN-006-1,RJPN-006,Band 3 (1800MHz),-85.3,-10.4,17.6,6.2,5.3,2.2
2026-07-18 02:00:00,RJPN-006-2,RJPN-006,Band 3 (1800MHz),-86.2,-9.6,10.5,0.0,20.4,5.8
2026-07-18 02:00:00,RJPN-006-3,RJPN-006,Band 3 (1800MHz),-83.3,-9.7,12.6,8.9,0.0,15.4
2026-07-18 02:00:00,RJPN-007-1,RJPN-007,Band 1 (2100MHz),-78.5,-10.7,16.0,4.2,7.4,15.0
2026-07-18 02:00:00,RJPN-007-2,RJPN-007,Band 1 (2100MHz),-80.0,-3.4,13.5,18.7,18.4,26.9
2026-07-18 02:00:00,RJPN-007-3,RJPN-007,Band 1 (2100MHz),-83.7,-6.5,11.3,7.9,1.9,36.8
2026-07-18 02:00:00,RJPN-008-1,RJPN-008,Band 3 (1800MHz),-87.3,-7.8,10.1,0.0,4.2,0.0
2026-07-18 02:00:00,RJPN-008-2,RJPN-008,Band 3 (1800MHz),-86.8,-3.4,11.6,28.1,0.0,23.5
2026-07-18 02:00:00,RJPN-008-3,RJPN-008,Band 3 (1800MHz),-91.6,-8.9,10.3,7.8,21.1,0.0
2026-07-18 02:00:00,RJPN-009-1,RJPN-009,Band 1 (2100MHz),-87.2,-6.3,20.2,9.4,0.0,28.8
2026-07-18 02:00:00,RJPN-009-2,RJPN-009,Band 1 (2100MHz),-85.6,-11.0,8.4,11.2,19.8,11.6
2026-07-18 02:00:00,RJPN-009-3,RJPN-009,Band 1 (2100MHz),-92.6,-6.6,9.0,16.4,30.9,0.0
2026-07-18 02:00:00,RJPN-010-1,RJPN-010,Band 3 (1800MHz),-86.5,-6.1,18.5,14.4,7.7,0.0
2026-07-18 02:00:00,RJPN-010-2,RJPN-010,Band 3 (1800MHz),-87.9,-10.4,9.5,0.0,0.0,0.0
2026-07-18 02:00:00,RJPN-010-3,RJPN-010,Band 3 (1800MHz),-101.1,-10.9,-0.1,17.2,13.3,7.4
2026-07-18 02:00:00,RJPN-011-1,RJPN-011,Band 1 (2100MHz),-94.5,-10.8,3.0,15.9,4.3,15.2
2026-07-18 02:00:00,RJPN-011-2,RJPN-011,Band 1 (2100MHz),-87.9,-6.3,7.2,25.7,0.0,0.0
2026-07-18 02:00:00,RJPN-011-3,RJPN-011,Band 1 (2100MHz),-89.7,-10.0,17.9,33.2,4.2,0.0
2026-07-18 03:00:00,RJPN-001-1,RJPN-001,Band 1 (2100MHz),-86.6,-9.2,17.3,6.5,7.3,0.0
2026-07-18 03:00:00,RJPN-001-2,RJPN-001,Band 1 (2100MHz),-88.6,-5.8,17.3,14.7,20.7,30.9
2026-07-18 03:00:00,RJPN-001-3,RJPN-001,Band 1 (2100MHz),-77.0,-7.8,10.2,10.2,2.2,1.7
2026-07-18 03:00:00,RJPN-002-1,RJPN-002,Band 3 (1800MHz),-102.2,-9.5,10.9,0.0,14.5,0.0
2026-07-18 03:00:00,RJPN-002-2,RJPN-002,Band 3 (1800MHz),-88.0,-5.9,12.4,19.9,1.5,16.9
2026-07-18 03:00:00,RJPN-002-3,RJPN-002,Band 3 (1800MHz),-84.0,-7.0,15.2,28.4,7.0,0.0
2026-07-18 03:00:00,RJPN-003-1,RJPN-003,Band 1 (2100MHz),-89.4,-7.1,15.5,11.2,15.7,29.6
2026-07-18 03:00:00,RJPN-003-2,RJPN-003,Band 1 (2100MHz),-86.2,-10.4,4.3,0.0,19.8,0.0
2026-07-18 03:00:00,RJPN-003-3,RJPN-003,Band 1 (2100MHz),-82.6,-12.6,13.3,19.7,0.0,6.8
2026-07-18 03:00:00,RJPN-004-1,RJPN-004,Band 3 (1800MHz),-89.7,-6.7,7.1,5.3,12.1,19.8
2026-07-18 03:00:00,RJPN-004-2,RJPN-004,Band 3 (1800MHz),-85.9,-8.6,4.2,4.7,2.3,31.8
2026-07-18 03:00:00,RJPN-004-3,RJPN-004,Band 3 (1800MHz),-93.3,-8.1,14.9,29.9,16.2,33.7
2026-07-18 03:00:00,RJPN-005-1,RJPN-005,Band 1 (2100MHz),-91.7,-8.5,14.3,4.1,4.3,11.0
2026-07-18 03:00:00,RJPN-005-2,RJPN-005,Band 1 (2100MHz),-90.5,-8.4,7.6,24.1,4.3,19.1
2026-07-18 03:00:00,RJPN-005-3,RJPN-005,Band 1 (2100MHz),-88.6,-9.1,17.2,3.8,18.0,69.0
2026-07-18 03:00:00,RJPN-006-1,RJPN-006,Band 3 (1800MHz),-89.8,-5.6,22.0,10.7,0.0,12.3
2026-07-18 03:00:00,RJPN-006-2,RJPN-006,Band 3 (1800MHz),-93.0,-7.7,14.7,13.1,8.4,5.0
2026-07-18 03:00:00,RJPN-006-3,RJPN-006,Band 3 (1800MHz),-86.0,-6.1,13.7,0.0,14.2,0.0
2026-07-18 03:00:00,RJPN-007-1,RJPN-007,Band 1 (2100MHz),-87.6,-5.0,7.4,0.0,0.0,36.8
2026-07-18 03:00:00,RJPN-007-2,RJPN-007,Band 1 (2100MHz),-88.6,-9.7,16.6,0.0,0.0,66.5
2026-07-18 03:00:00,RJPN-007-3,RJPN-007,Band 1 (2100MHz),-79.6,-9.9,14.6,0.0,12.2,24.7
2026-07-18 03:00:00,RJPN-008-1,RJPN-008,Band 3 (1800MHz),-83.1,-9.8,14.1,2.6,0.0,0.0
2026-07-18 03:00:00,RJPN-008-2,RJPN-008,Band 3 (1800MHz),-84.8,-8.7,10.5,6.0,14.6,0.0
2026-07-18 03:00:00,RJPN-008-3,RJPN-008,Band 3 (1800MHz),-84.3,-7.0,6.3,0.0,10.2,32.7
2026-07-18 03:00:00,RJPN-009-1,RJPN-009,Band 1 (2100MHz),-85.6,-10.9,9.9,0.0,0.0,2.4
2026-07-18 03:00:00,RJPN-009-2,RJPN-009,Band 1 (2100MHz),-84.2,-5.7,12.8,11.1,7.9,73.6
2026-07-18 03:00:00,RJPN-009-3,RJPN-009,Band 1 (2100MHz),-84.5,-6.7,16.7,16.4,0.0,11.2
2026-07-18 03:00:00,RJPN-010-1,RJPN-010,Band 3 (1800MHz),-84.1,-8.7,16.4,23.5,0.0,35.4
2026-07-18 03:00:00,RJPN-010-2,RJPN-010,Band 3 (1800MHz),-83.7,-9.7,20.1,34.2,6.6,0.0
2026-07-18 03:00:00,RJPN-010-3,RJPN-010,Band 3 (1800MHz),-95.9,-11.9,9.9,6.3,0.0,14.9
2026-07-18 03:00:00,RJPN-011-1,RJPN-011,Band 1 (2100MHz),-101.3,-11.0,16.4,12.3,1.4,23.9
2026-07-18 03:00:00,RJPN-011-2,RJPN-011,Band 1 (2100MHz),-83.4,-6.8,9.6,10.2,0.0,0.0
2026-07-18 03:00:00,RJPN-011-3,RJPN-011,Band 1 (2100MHz),-82.7,-7.5,12.2,15.5,0.0,9.2
2026-07-18 04:00:00,RJPN-001-1,RJPN-001,Band 1 (2100MHz),-85.4,-10.7,17.0,10.7,3.2,34.6
2026-07-18 04:00:00,RJPN-001-2,RJPN-001,Band 1 (2100MHz),-84.3,-8.7,23.7,6.5,8.2,1.8
2026-07-18 04:00:00,RJPN-001-3,RJPN-001,Band 1 (2100MHz),-92.6,-8.1,17.2,33.9,4.1,31.3
2026-07-18 04:00:00,RJPN-002-1,RJPN-002,Band 3 (1800MHz),-94.6,-8.2,6.5,13.9,19.0,24.4
2026-07-18 04:00:00,RJPN-002-2,RJPN-002,Band 3 (1800MHz),-83.4,-10.5,9.9,10.0,2.6,30.3
2026-07-18 04:00:00,RJPN-002-3,RJPN-002,Band 3 (1800MHz),-91.3,-9.5,9.2,7.5,0.0,30.1
2026-07-18 04:00:00,RJPN-003-1,RJPN-003,Band 1 (2100MHz),-86.6,-6.6,15.1,27.2,4.8,19.1
2026-07-18 04:00:00,RJPN-003-2,RJPN-003,Band 1 (2100MHz),-92.1,-10.5,2.6,35.3,12.4,0.0
2026-07-18 04:00:00,RJPN-003-3,RJPN-003,Band 1 (2100MHz),-87.4,-8.1,8.5,3.9,13.6,0.0
2026-07-18 04:00:00,RJPN-004-1,RJPN-004,Band 3 (1800MHz),-83.6,-9.4,14.2,0.5,0.0,30.3
2026-07-18 04:00:00,RJPN-004-2,RJPN-004,Band 3 (1800MHz),-86.1,-4.6,17.4,4.0,0.0,0.0
2026-07-18 04:00:00,RJPN-004-3,RJPN-004,Band 3 (1800MHz),-83.9,-5.6,17.2,11.3,10.5,2.5
2026-07-18 04:00:00,RJPN-005-1,RJPN-005,Band 1 (2100MHz),-88.9,-7.9,11.5,26.6,0.0,0.0
2026-07-18 04:00:00,RJPN-005-2,RJPN-005,Band 1 (2100MHz),-88.9,-8.7,20.2,8.7,9.4,29.4
2026-07-18 04:00:00,RJPN-005-3,RJPN-005,Band 1 (2100MHz),-86.8,-8.7,9.1,0.0,11.8,38.4
2026-07-18 04:00:00,RJPN-006-1,RJPN-006,Band 3 (1800MHz),-87.5,-5.7,17.7,0.0,0.0,0.0
2026-07-18 04:00:00,RJPN-006-2,RJPN-006,Band 3 (1800MHz),-92.0,-9.2,10.5,0.0,13.7,8.1
2026-07-18 04:00:00,RJPN-006-3,RJPN-006,Band 3 (1800MHz),-88.3,-4.2,12.5,0.0,12.2,72.5
2026-07-18 04:00:00,RJPN-007-1,RJPN-007,Band 1 (2100MHz),-78.7,-11.7,8.3,8.5,4.5,38.4
2026-07-18 04:00:00,RJPN-007-2,RJPN-007,Band 1 (2100MHz),-85.7,-6.2,9.4,0.0,21.0,32.1
2026-07-18 04:00:00,RJPN-007-3,RJPN-007,Band 1 (2100MHz),-87.6,-6.9,14.2,17.1,15.4,32.6
2026-07-18 04:00:00,RJPN-008-1,RJPN-008,Band 3 (1800MHz),-83.1,-12.0,7.1,13.6,6.3,9.6
2026-07-18 04:00:00,RJPN-008-2,RJPN-008,Band 3 (1800MHz),-87.1,-9.5,12.4,0.0,0.0,15.0
2026-07-18 04:00:00,RJPN-008-3,RJPN-008,Band 3 (1800MHz),-86.8,-6.0,18.5,13.7,0.0,9.4
2026-07-18 04:00:00,RJPN-009-1,RJPN-009,Band 1 (2100MHz),-80.7,-7.5,20.0,7.6,0.0,17.1
2026-07-18 04:00:00,RJPN-009-2,RJPN-009,Band 1 (2100MHz),-85.4,-5.4,8.5,9.0,0.0,0.0
2026-07-18 04:00:00,RJPN-009-3,RJPN-009,Band 1 (2100MHz),-95.2,-7.3,14.7,7.2,6.9,21.1
2026-07-18 04:00:00,RJPN-010-1,RJPN-010,Band 3 (1800MHz),-86.4,-6.5,9.2,4.0,6.8,0.0
2026-07-18 04:00:00,RJPN-010-2,RJPN-010,Band 3 (1800MHz),-83.7,-9.9,6.2,29.9,2.4,23.7
2026-07-18 04:00:00,RJPN-010-3,RJPN-010,Band 3 (1800MHz),-98.2,-10.8,6.2,1.3,0.0,13.5
2026-07-18 04:00:00,RJPN-011-1,RJPN-011,Band 1 (2100MHz),-101.3,-10.9,5.5,0.0,16.8,19.7
2026-07-18 04:00:00,RJPN-011-2,RJPN-011,Band 1 (2100MHz),-90.1,-5.7,12.4,25.7,19.9,1.6
2026-07-18 04:00:00,RJPN-011-3,RJPN-011,Band 1 (2100MHz),-83.6,-10.1,24.5,0.0,14.5,8.6
2026-07-18 05:00:00,RJPN-001-1,RJPN-001,Band 1 (2100MHz),-82.0,-9.0,22.9,0.0,4.2,13.2
2026-07-18 05:00:00,RJPN-001-2,RJPN-001,Band 1 (2100MHz),-83.8,-7.0,9.3,0.0,0.0,0.0
2026-07-18 05:00:00,RJPN-001-3,RJPN-001,Band 1 (2100MHz),-82.8,-6.7,-1.4,0.0,0.0,0.0
2026-07-18 05:00:00,RJPN-002-1,RJPN-002,Band 3 (1800MHz),-106.4,-12.3,2.8,15.4,0.0,0.0
2026-07-18 05:00:00,RJPN-002-2,RJPN-002,Band 3 (1800MHz),-85.9,-10.6,13.0,0.0,8.3,23.3
2026-07-18 05:00:00,RJPN-002-3,RJPN-002,Band 3 (1800MHz),-89.1,-10.4,11.3,3.4,0.0,23.1
2026-07-18 05:00:00,RJPN-003-1,RJPN-003,Band 1 (2100MHz),-89.4,-8.6,16.8,17.5,12.4,24.5
2026-07-18 05:00:00,RJPN-003-2,RJPN-003,Band 1 (2100MHz),-85.2,-8.4,13.6,0.0,9.4,20.5
2026-07-18 05:00:00,RJPN-003-3,RJPN-003,Band 1 (2100MHz),-95.7,-7.8,13.1,0.0,0.0,45.8
2026-07-18 05:00:00,RJPN-004-1,RJPN-004,Band 3 (1800MHz),-81.4,-7.2,7.3,0.0,5.7,47.3
2026-07-18 05:00:00,RJPN-004-2,RJPN-004,Band 3 (1800MHz),-85.3,-7.9,17.6,27.1,6.9,27.1
2026-07-18 05:00:00,RJPN-004-3,RJPN-004,Band 3 (1800MHz),-80.1,-8.5,28.3,18.8,0.0,0.0
2026-07-18 05:00:00,RJPN-005-1,RJPN-005,Band 1 (2100MHz),-86.9,-7.5,19.7,25.8,0.0,1.7
2026-07-18 05:00:00,RJPN-005-2,RJPN-005,Band 1 (2100MHz),-80.0,-12.1,15.1,22.5,13.8,36.2
2026-07-18 05:00:00,RJPN-005-3,RJPN-005,Band 1 (2100MHz),-83.5,-8.5,15.8,10.7,0.0,23.5
2026-07-18 05:00:00,RJPN-006-1,RJPN-006,Band 3 (1800MHz),-95.4,-9.7,2.3,8.1,20.5,32.6
2026-07-18 05:00:00,RJPN-006-2,RJPN-006,Band 3 (1800MHz),-92.3,-8.5,21.8,7.0,3.0,18.2
2026-07-18 05:00:00,RJPN-006-3,RJPN-006,Band 3 (1800MHz),-88.6,-10.2,13.3,15.3,0.0,39.9
2026-07-18 05:00:00,RJPN-007-1,RJPN-007,Band 1 (2100MHz),-87.1,-6.5,10.3,8.4,17.2,54.4
2026-07-18 05:00:00,RJPN-007-2,RJPN-007,Band 1 (2100MHz),-80.2,-12.7,17.6,10.0,0.0,18.6
2026-07-18 05:00:00,RJPN-007-3,RJPN-007,Band 1 (2100MHz),-87.0,-8.1,11.3,10.1,2.4,25.6
2026-07-18 05:00:00,RJPN-008-1,RJPN-008,Band 3 (1800MHz),-85.6,-7.2,10.2,16.6,6.5,0.0
2026-07-18 05:00:00,RJPN-008-2,RJPN-008,Band 3 (1800MHz),-85.1,-10.5,16.7,19.0,24.6,50.5
2026-07-18 05:00:00,RJPN-008-3,RJPN-008,Band 3 (1800MHz),-88.2,-8.7,9.0,19.3,11.3,16.0
2026-07-18 05:00:00,RJPN-009-1,RJPN-009,Band 1 (2100MHz),-83.8,-7.9,11.3,54.6,0.0,24.6
2026-07-18 05:00:00,RJPN-009-2,RJPN-009,Band 1 (2100MHz),-83.1,-8.1,13.5,0.0,0.0,0.0
2026-07-18 05:00:00,RJPN-009-3,RJPN-009,Band 1 (2100MHz),-93.0,-6.8,18.6,12.7,0.0,54.2
2026-07-18 05:00:00,RJPN-010-1,RJPN-010,Band 3 (1800MHz),-84.3,-9.1,19.3,0.0,11.5,29.9
2026-07-18 05:00:00,RJPN-010-2,RJPN-010,Band 3 (1800MHz),-86.6,-5.8,16.3,7.5,11.5,0.0
2026-07-18 05:00:00,RJPN-010-3,RJPN-010,Band 3 (1800MHz),-109.9,-14.6,5.1,11.6,0.0,13.7
2026-07-18 05:00:00,RJPN-011-1,RJPN-011,Band 1 (2100MHz),-101.5,-12.5,5.3,0.0,0.0,2.0
2026-07-18 05:00:00,RJPN-011-2,RJPN-011,Band 1 (2100MHz),-81.9,-8.6,17.4,20.0,3.9,10.6
2026-07-18 05:00:00,RJPN-011-3,RJPN-011,Band 1 (2100MHz),-82.9,-8.6,7.8,24.4,5.1,0.0
2026-07-18 06:00:00,RJPN-001-1,RJPN-001,Band 1 (2100MHz),-91.6,-11.1,16.7,14.7,11.3,44.3
2026-07-18 06:00:00,RJPN-001-2,RJPN-001,Band 1 (2100MHz),-83.6,-7.5,14.9,28.3,0.4,9.9
2026-07-18 06:00:00,RJPN-001-3,RJPN-001,Band 1 (2100MHz),-86.5,-9.0,22.2,20.9,24.8,41.9
2026-07-18 06:00:00,RJPN-002-1,RJPN-002,Band 3 (1800MHz),-101.9,-11.6,-0.4,22.7,7.3,4.8
2026-07-18 06:00:00,RJPN-002-2,RJPN-002,Band 3 (1800MHz),-83.6,-8.0,18.4,8.7,0.1,36.1
2026-07-18 06:00:00,RJPN-002-3,RJPN-002,Band 3 (1800MHz),-86.2,-7.1,21.7,10.0,11.1,22.2
2026-07-18 06:00:00,RJPN-003-1,RJPN-003,Band 1 (2100MHz),-91.0,-8.6,16.0,2.1,8.6,66.2
2026-07-18 06:00:00,RJPN-003-2,RJPN-003,Band 1 (2100MHz),-89.4,-11.6,18.8,41.9,13.2,19.7
2026-07-18 06:00:00,RJPN-003-3,RJPN-003,Band 1 (2100MHz),-85.9,-11.1,8.0,9.3,22.8,45.0
2026-07-18 06:00:00,RJPN-004-1,RJPN-004,Band 3 (1800MHz),-90.4,-9.8,16.8,20.2,10.9,13.2
2026-07-18 06:00:00,RJPN-004-2,RJPN-004,Band 3 (1800MHz),-88.4,-6.8,13.1,0.0,0.0,6.2
2026-07-18 06:00:00,RJPN-004-3,RJPN-004,Band 3 (1800MHz),-89.9,-7.7,13.4,18.7,12.8,21.0
2026-07-18 06:00:00,RJPN-005-1,RJPN-005,Band 1 (2100MHz),-90.5,-11.2,4.5,11.7,3.3,40.7
2026-07-18 06:00:00,RJPN-005-2,RJPN-005,Band 1 (2100MHz),-78.3,-5.0,15.7,23.2,21.8,15.8
2026-07-18 06:00:00,RJPN-005-3,RJPN-005,Band 1 (2100MHz),-89.7,-8.0,15.8,25.4,13.9,31.0
2026-07-18 06:00:00,RJPN-006-1,RJPN-006,Band 3 (1800MHz),-90.6,-6.7,10.7,24.4,7.8,19.5
2026-07-18 06:00:00,RJPN-006-2,RJPN-006,Band 3 (1800MHz),-89.1,-11.4,12.0,8.7,0.0,74.4
2026-07-18 06:00:00,RJPN-006-3,RJPN-006,Band 3 (1800MHz),-79.5,-7.0,10.2,0.0,0.0,46.9
2026-07-18 06:00:00,RJPN-007-1,RJPN-007,Band 1 (2100MHz),-89.5,-5.1,15.1,0.0,16.4,53.5
2026-07-18 06:00:00,RJPN-007-2,RJPN-007,Band 1 (2100MHz),-89.0,-8.1,14.5,5.7,1.9,51.2
2026-07-18 06:00:00,RJPN-007-3,RJPN-007,Band 1 (2100MHz),-88.1,-7.2,9.5,16.8,3.7,20.2
2026-07-18 06:00:00,RJPN-008-1,RJPN-008,Band 3 (1800MHz),-87.3,-7.0,15.4,17.7,6.2,0.0
2026-07-18 06:00:00,RJPN-008-2,RJPN-008,Band 3 (1800MHz),-93.1,-7.0,16.9,13.4,0.1,47.5
2026-07-18 06:00:00,RJPN-008-3,RJPN-008,Band 3 (1800MHz),-90.0,-9.9,21.5,1.1,25.6,17.3
2026-07-18 06:00:00,RJPN-009-1,RJPN-009,Band 1 (2100MHz),-83.3,-6.9,12.0,16.9,10.0,28.3
2026-07-18 06:00:00,RJPN-009-2,RJPN-009,Band 1 (2100MHz),-75.0,-8.0,19.7,14.1,13.9,4.3
2026-07-18 06:00:00,RJPN-009-3,RJPN-009,Band 1 (2100MHz),-93.5,-10.0,15.8,18.3,23.7,6.6
2026-07-18 06:00:00,RJPN-010-1,RJPN-010,Band 3 (1800MHz),-82.6,-8.9,18.0,18.5,9.6,21.5
2026-07-18 06:00:00,RJPN-010-2,RJPN-010,Band 3 (1800MHz),-84.9,-7.7,14.1,27.1,12.8,27.9
2026-07-18 06:00:00,RJPN-010-3,RJPN-010,Band 3 (1800MHz),-99.9,-14.9,10.9,0.0,3.6,2.5
2026-07-18 06:00:00,RJPN-011-1,RJPN-011,Band 1 (2100MHz),-101.4,-13.2,1.9,20.0,25.9,0.0
2026-07-18 06:00:00,RJPN-011-2,RJPN-011,Band 1 (2100MHz),-80.9,-7.5,13.1,44.5,10.7,63.4
2026-07-18 06:00:00,RJPN-011-3,RJPN-011,Band 1 (2100MHz),-90.0,-9.5,5.9,9.9,14.2,17.9
2026-07-18 07:00:00,RJPN-001-1,RJPN-001,Band 1 (2100MHz),-89.7,-10.3,16.8,38.4,43.2,94.9
2026-07-18 07:00:00,RJPN-001-2,RJPN-001,Band 1 (2100MHz),-90.8,-9.1,9.0,47.2,18.8,95.4
2026-07-18 07:00:00,RJPN-001-3,RJPN-001,Band 1 (2100MHz),-85.5,-9.7,16.0,65.4,28.2,89.4
2026-07-18 07:00:00,RJPN-002-1,RJPN-002,Band 3 (1800MHz),-100.6,-17.3,6.9,51.9,18.8,85.2
2026-07-18 07:00:00,RJPN-002-2,RJPN-002,Band 3 (1800MHz),-86.4,-10.9,9.8,38.4,32.8,104.2
2026-07-18 07:00:00,RJPN-002-3,RJPN-002,Band 3 (1800MHz),-90.1,-10.2,14.3,68.6,35.3,78.8
2026-07-18 07:00:00,RJPN-003-1,RJPN-003,Band 1 (2100MHz),-87.1,-7.5,24.0,36.6,39.2,100.4
2026-07-18 07:00:00,RJPN-003-2,RJPN-003,Band 1 (2100MHz),-91.1,-8.9,9.4,57.5,25.5,103.3
2026-07-18 07:00:00,RJPN-003-3,RJPN-003,Band 1 (2100MHz),-90.4,-10.8,10.7,64.6,30.9,92.3
2026-07-18 07:00:00,RJPN-004-1,RJPN-004,Band 3 (1800MHz),-90.0,-11.7,17.7,73.4,28.3,102.8
2026-07-18 07:00:00,RJPN-004-2,RJPN-004,Band 3 (1800MHz),-78.8,-8.6,11.4,60.6,21.3,95.6
2026-07-18 07:00:00,RJPN-004-3,RJPN-004,Band 3 (1800MHz),-88.1,-10.6,6.4,57.3,37.6,139.3
2026-07-18 07:00:00,RJPN-005-1,RJPN-005,Band 1 (2100MHz),-79.0,-11.9,6.6,55.9,29.3,70.7
2026-07-18 07:00:00,RJPN-005-2,RJPN-005,Band 1 (2100MHz),-84.3,-10.4,11.9,36.2,38.0,59.5
2026-07-18 07:00:00,RJPN-005-3,RJPN-005,Band 1 (2100MHz),-89.9,-10.8,21.4,39.9,8.9,90.2
2026-07-18 07:00:00,RJPN-006-1,RJPN-006,Band 3 (1800MHz),-87.9,-10.9,7.6,45.5,38.2,74.3
2026-07-18 07:00:00,RJPN-006-2,RJPN-006,Band 3 (1800MHz),-86.2,-10.0,12.9,48.6,35.4,114.4
2026-07-18 07:00:00,RJPN-006-3,RJPN-006,Band 3 (1800MHz),-87.5,-11.5,9.5,52.8,29.1,73.6
2026-07-18 07:00:00,RJPN-007-1,RJPN-007,Band 1 (2100MHz),-87.9,-13.4,18.2,88.7,26.8,96.2
2026-07-18 07:00:00,RJPN-007-2,RJPN-007,Band 1 (2100MHz),-82.7,-9.6,7.6,47.7,24.5,86.5
2026-07-18 07:00:00,RJPN-007-3,RJPN-007,Band 1 (2100MHz),-85.6,-10.4,16.2,49.1,44.0,83.2
2026-07-18 07:00:00,RJPN-008-1,RJPN-008,Band 3 (1800MHz),-87.3,-10.9,19.1,56.2,29.1,91.7
2026-07-18 07:00:00,RJPN-008-2,RJPN-008,Band 3 (1800MHz),-86.5,-8.4,16.4,70.4,36.0,93.4
2026-07-18 07:00:00,RJPN-008-3,RJPN-008,Band 3 (1800MHz),-82.6,-7.1,5.1,49.9,36.3,117.1
2026-07-18 07:00:00,RJPN-009-1,RJPN-009,Band 1 (2100MHz),-89.8,-10.7,8.9,41.0,41.9,95.1
2026-07-18 07:00:00,RJPN-009-2,RJPN-009,Band 1 (2100MHz),-88.4,-10.6,12.3,47.9,28.4,70.5
2026-07-18 07:00:00,RJPN-009-3,RJPN-009,Band 1 (2100MHz),-88.1,-11.7,6.3,30.2,26.3,59.6
2026-07-18 07:00:00,RJPN-010-1,RJPN-010,Band 3 (1800MHz),-82.1,-10.9,16.0,53.3,28.3,107.5
2026-07-18 07:00:00,RJPN-010-2,RJPN-010,Band 3 (1800MHz),-86.0,-11.4,13.7,68.8,35.9,100.5
2026-07-18 07:00:00,RJPN-010-3,RJPN-010,Band 3 (1800MHz),-102.7,-13.0,1.4,52.9,22.4,96.6
2026-07-18 07:00:00,RJPN-011-1,RJPN-011,Band 1 (2100MHz),-101.0,-14.3,7.1,55.2,27.7,38.7
2026-07-18 07:00:00,RJPN-011-2,RJPN-011,Band 1 (2100MHz),-89.3,-12.6,3.3,42.8,23.0,125.1
2026-07-18 07:00:00,RJPN-011-3,RJPN-011,Band 1 (2100MHz),-84.8,-12.8,14.4,67.2,42.7,113.6
2026-07-18 08:00:00,RJPN-001-1,RJPN-001,Band 1 (2100MHz),-86.5,-12.5,13.4,88.7,56.6,120.6
2026-07-18 08:00:00,RJPN-001-2,RJPN-001,Band 1 (2100MHz),-86.9,-13.6,18.1,89.9,42.3,108.3
2026-07-18 08:00:00,RJPN-001-3,RJPN-001,Band 1 (2100MHz),-88.9,-13.1,14.6,68.2,12.3,131.8
2026-07-18 08:00:00,RJPN-002-1,RJPN-002,Band 3 (1800MHz),-101.8,-14.1,4.6,69.9,54.5,85.0
2026-07-18 08:00:00,RJPN-002-2,RJPN-002,Band 3 (1800MHz),-85.1,-10.9,23.8,75.3,44.5,95.5
2026-07-18 08:00:00,RJPN-002-3,RJPN-002,Band 3 (1800MHz),-95.1,-11.0,9.2,64.5,45.1,119.2
2026-07-18 08:00:00,RJPN-003-1,RJPN-003,Band 1 (2100MHz),-87.8,-13.1,17.4,86.1,23.4,92.0
2026-07-18 08:00:00,RJPN-003-2,RJPN-003,Band 1 (2100MHz),-87.7,-13.7,22.0,51.6,41.5,102.8
2026-07-18 08:00:00,RJPN-003-3,RJPN-003,Band 1 (2100MHz),-76.2,-10.1,12.0,64.3,57.3,85.4
2026-07-18 08:00:00,RJPN-004-1,RJPN-004,Band 3 (1800MHz),-92.7,-11.1,13.6,56.0,49.6,126.2
2026-07-18 08:00:00,RJPN-004-2,RJPN-004,Band 3 (1800MHz),-90.8,-12.6,15.2,79.2,48.7,107.2
2026-07-18 08:00:00,RJPN-004-3,RJPN-004,Band 3 (1800MHz),-94.2,-12.2,21.1,76.8,37.2,113.4
2026-07-18 08:00:00,RJPN-005-1,RJPN-005,Band 1 (2100MHz),-87.9,-9.1,18.6,56.4,37.0,104.1
2026-07-18 08:00:00,RJPN-005-2,RJPN-005,Band 1 (2100MHz),-82.9,-9.3,15.2,50.3,38.8,101.7
2026-07-18 08:00:00,RJPN-005-3,RJPN-005,Band 1 (2100MHz),-85.5,-13.7,12.4,55.4,54.2,109.1
2026-07-18 08:00:00,RJPN-006-1,RJPN-006,Band 3 (1800MHz),-88.9,-10.7,15.5,66.8,41.4,111.7
2026-07-18 08:00:00,RJPN-006-2,RJPN-006,Band 3 (1800MHz),-91.4,-14.3,7.0,62.8,64.7,105.5
2026-07-18 08:00:00,RJPN-006-3,RJPN-006,Band 3 (1800MHz),-86.5,-11.0,17.9,68.4,35.6,98.5
2026-07-18 08:00:00,RJPN-007-1,RJPN-007,Band 1 (2100MHz),-83.0,-11.1,17.8,75.9,36.1,100.7
2026-07-18 08:00:00,RJPN-007-2,RJPN-007,Band 1 (2100MHz),-89.8,-9.3,13.4,87.9,37.0,128.2
2026-07-18 08:00:00,RJPN-007-3,RJPN-007,Band 1 (2100MHz),-88.3,-10.6,17.9,73.4,40.3,139.2
2026-07-18 08:00:00,RJPN-008-1,RJPN-008,Band 3 (1800MHz),-88.3,-15.3,10.8,83.8,42.9,141.6
2026-07-18 08:00:00,RJPN-008-2,RJPN-008,Band 3 (1800MHz),-86.9,-12.5,8.3,60.6,45.6,82.5
2026-07-18 08:00:00,RJPN-008-3,RJPN-008,Band 3 (1800MHz),-86.5,-10.0,10.7,77.4,39.1,165.6
2026-07-18 08:00:00,RJPN-009-1,RJPN-009,Band 1 (2100MHz),-85.0,-12.2,13.1,81.9,36.7,106.1
2026-07-18 08:00:00,RJPN-009-2,RJPN-009,Band 1 (2100MHz),-93.6,-10.8,13.8,67.9,40.1,103.3
2026-07-18 08:00:00,RJPN-009-3,RJPN-009,Band 1 (2100MHz),-86.0,-11.6,7.6,76.8,36.9,138.2
2026-07-18 08:00:00,RJPN-010-1,RJPN-010,Band 3 (1800MHz),-88.6,-8.5,8.8,68.9,46.3,88.9
2026-07-18 08:00:00,RJPN-010-2,RJPN-010,Band 3 (1800MHz),-85.2,-10.7,17.8,66.7,28.9,105.2
2026-07-18 08:00:00,RJPN-010-3,RJPN-010,Band 3 (1800MHz),-97.5,-13.7,7.4,82.4,59.2,102.2
2026-07-18 08:00:00,RJPN-011-1,RJPN-011,Band 1 (2100MHz),-98.2,-15.1,7.1,79.7,40.2,100.0
2026-07-18 08:00:00,RJPN-011-2,RJPN-011,Band 1 (2100MHz),-83.5,-13.9,13.3,67.1,42.2,89.3
2026-07-18 08:00:00,RJPN-011-3,RJPN-011,Band 1 (2100MHz),-84.3,-10.9,16.5,75.4,24.4,110.7
2026-07-18 09:00:00,RJPN-001-1,RJPN-001,Band 1 (2100MHz),-87.1,-10.9,13.6,39.2,37.9,89.0
2026-07-18 09:00:00,RJPN-001-2,RJPN-001,Band 1 (2100MHz),-94.2,-10.6,8.1,61.1,47.6,68.0
2026-07-18 09:00:00,RJPN-001-3,RJPN-001,Band 1 (2100MHz),-94.3,-9.3,12.3,42.4,27.5,100.4
2026-07-18 09:00:00,RJPN-002-1,RJPN-002,Band 3 (1800MHz),-98.4,-14.0,4.1,53.3,36.1,82.5
2026-07-18 09:00:00,RJPN-002-2,RJPN-002,Band 3 (1800MHz),-82.8,-10.7,6.7,44.3,27.6,86.6
2026-07-18 09:00:00,RJPN-002-3,RJPN-002,Band 3 (1800MHz),-87.7,-12.0,7.5,58.1,30.8,86.9
2026-07-18 09:00:00,RJPN-003-1,RJPN-003,Band 1 (2100MHz),-87.3,-9.8,15.9,40.2,37.8,94.1
2026-07-18 09:00:00,RJPN-003-2,RJPN-003,Band 1 (2100MHz),-90.6,-12.8,5.0,60.4,31.6,111.4
2026-07-18 09:00:00,RJPN-003-3,RJPN-003,Band 1 (2100MHz),-81.2,-13.0,10.7,62.6,11.5,112.4
2026-07-18 09:00:00,RJPN-004-1,RJPN-004,Band 3 (1800MHz),-81.6,-11.0,17.2,72.7,21.1,95.0
2026-07-18 09:00:00,RJPN-004-2,RJPN-004,Band 3 (1800MHz),-82.7,-9.5,14.2,56.2,28.7,106.4
2026-07-18 09:00:00,RJPN-004-3,RJPN-004,Band 3 (1800MHz),-86.8,-6.8,16.3,48.9,24.3,121.0
2026-07-18 09:00:00,RJPN-005-1,RJPN-005,Band 1 (2100MHz),-89.4,-9.0,12.9,43.6,37.6,74.8
2026-07-18 09:00:00,RJPN-005-2,RJPN-005,Band 1 (2100MHz),-83.7,-8.4,14.5,41.9,30.3,81.2
2026-07-18 09:00:00,RJPN-005-3,RJPN-005,Band 1 (2100MHz),-86.7,-12.3,10.3,76.7,31.8,100.9
2026-07-18 09:00:00,RJPN-006-1,RJPN-006,Band 3 (1800MHz),-87.9,-11.3,18.2,50.1,35.6,92.2
2026-07-18 09:00:00,RJPN-006-2,RJPN-006,Band 3 (1800MHz),-89.3,-10.4,16.7,48.2,28.1,67.1
2026-07-18 09:00:00,RJPN-006-3,RJPN-006,Band 3 (1800MHz),-82.8,-10.4,5.9,46.9,41.3,114.1
2026-07-18 09:00:00,RJPN-007-1,RJPN-007,Band 1 (2100MHz),-87.3,-10.2,21.4,45.0,43.9,61.6
2026-07-18 09:00:00,RJPN-007-2,RJPN-007,Band 1 (2100MHz),-80.4,-13.5,12.7,57.8,13.3,104.6
2026-07-18 09:00:00,RJPN-007-3,RJPN-007,Band 1 (2100MHz),-85.7,-16.9,15.9,48.9,28.6,120.8
2026-07-18 09:00:00,RJPN-008-1,RJPN-008,Band 3 (1800MHz),-76.4,-10.2,15.0,64.4,30.3,51.1
2026-07-18 09:00:00,RJPN-008-2,RJPN-008,Band 3 (1800MHz),-87.0,-13.7,18.4,54.9,46.6,71.7
2026-07-18 09:00:00,RJPN-008-3,RJPN-008,Band 3 (1800MHz),-85.9,-11.6,10.8,54.6,38.8,87.5
2026-07-18 09:00:00,RJPN-009-1,RJPN-009,Band 1 (2100MHz),-91.4,-11.6,8.5,48.8,21.8,152.0
2026-07-18 09:00:00,RJPN-009-2,RJPN-009,Band 1 (2100MHz),-92.3,-8.0,13.4,51.1,29.6,95.8
2026-07-18 09:00:00,RJPN-009-3,RJPN-009,Band 1 (2100MHz),-87.3,-8.9,13.1,50.2,39.7,78.5
2026-07-18 09:00:00,RJPN-010-1,RJPN-010,Band 3 (1800MHz),-88.5,-13.4,25.3,67.8,24.2,92.3
2026-07-18 09:00:00,RJPN-010-2,RJPN-010,Band 3 (1800MHz),-91.2,-13.2,15.1,49.8,25.2,70.9
2026-07-18 09:00:00,RJPN-010-3,RJPN-010,Band 3 (1800MHz),-97.3,-12.5,9.1,32.6,31.7,97.3
2026-07-18 09:00:00,RJPN-011-1,RJPN-011,Band 1 (2100MHz),-96.9,-14.2,4.1,30.2,37.8,99.7
2026-07-18 09:00:00,RJPN-011-2,RJPN-011,Band 1 (2100MHz),-85.9,-10.7,22.9,40.0,30.6,107.0
2026-07-18 09:00:00,RJPN-011-3,RJPN-011,Band 1 (2100MHz),-88.4,-13.9,20.6,63.2,36.0,77.1
2026-07-18 10:00:00,RJPN-001-1,RJPN-001,Band 1 (2100MHz),-87.9,-8.4,21.3,19.0,7.6,65.4
2026-07-18 10:00:00,RJPN-001-2,RJPN-001,Band 1 (2100MHz),-80.0,-6.9,21.9,25.8,14.4,0.0
2026-07-18 10:00:00,RJPN-001-3,RJPN-001,Band 1 (2100MHz),-82.8,-9.1,8.9,8.1,18.6,0.0
2026-07-18 10:00:00,RJPN-002-1,RJPN-002,Band 3 (1800MHz),-97.8,-13.7,7.0,11.4,8.5,45.9
2026-07-18 10:00:00,RJPN-002-2,RJPN-002,Band 3 (1800MHz),-87.3,-9.8,9.9,18.4,8.4,26.6
2026-07-18 10:00:00,RJPN-002-3,RJPN-002,Band 3 (1800MHz),-83.9,-9.6,12.6,16.6,11.6,24.3
2026-07-18 10:00:00,RJPN-003-1,RJPN-003,Band 1 (2100MHz),-77.9,-7.3,8.7,40.0,0.6,12.9
2026-07-18 10:00:00,RJPN-003-2,RJPN-003,Band 1 (2100MHz),-84.5,-8.2,19.2,20.4,0.0,0.0
2026-07-18 10:00:00,RJPN-003-3,RJPN-003,Band 1 (2100MHz),-86.3,-9.9,12.9,6.7,24.9,4.8
2026-07-18 10:00:00,RJPN-004-1,RJPN-004,Band 3 (1800MHz),-90.0,-11.0,5.2,30.5,16.3,103.3
2026-07-18 10:00:00,RJPN-004-2,RJPN-004,Band 3 (1800MHz),-86.6,-5.6,14.3,23.5,22.5,24.8
2026-07-18 10:00:00,RJPN-004-3,RJPN-004,Band 3 (1800MHz),-87.2,-2.9,3.9,12.4,0.0,0.0
2026-07-18 10:00:00,RJPN-005-1,RJPN-005,Band 1 (2100MHz),-81.3,-6.9,12.3,0.7,22.6,33.7
2026-07-18 10:00:00,RJPN-005-2,RJPN-005,Band 1 (2100MHz),-89.1,-8.4,22.2,0.0,10.4,34.2
2026-07-18 10:00:00,RJPN-005-3,RJPN-005,Band 1 (2100MHz),-87.6,-6.4,9.2,20.6,10.4,29.6
2026-07-18 10:00:00,RJPN-006-1,RJPN-006,Band 3 (1800MHz),-79.8,-5.4,8.2,22.7,27.4,51.7
2026-07-18 10:00:00,RJPN-006-2,RJPN-006,Band 3 (1800MHz),-90.2,-8.5,17.1,0.0,14.9,51.4
2026-07-18 10:00:00,RJPN-006-3,RJPN-006,Band 3 (1800MHz),-86.1,-4.5,8.3,0.0,11.0,40.9
2026-07-18 10:00:00,RJPN-007-1,RJPN-007,Band 1 (2100MHz),-77.2,-9.2,11.7,16.8,0.0,61.9
2026-07-18 10:00:00,RJPN-007-2,RJPN-007,Band 1 (2100MHz),-90.4,-12.1,15.0,21.9,27.2,1.8
2026-07-18 10:00:00,RJPN-007-3,RJPN-007,Band 1 (2100MHz),-82.4,-8.3,15.9,9.0,0.0,0.2
2026-07-18 10:00:00,RJPN-008-1,RJPN-008,Band 3 (1800MHz),-92.0,-8.0,10.8,28.2,9.9,22.2
2026-07-18 10:00:00,RJPN-008-2,RJPN-008,Band 3 (1800MHz),-91.5,-9.3,12.8,12.3,3.9,31.8
2026-07-18 10:00:00,RJPN-008-3,RJPN-008,Band 3 (1800MHz),-97.8,-6.4,8.0,24.1,0.0,44.6
2026-07-18 10:00:00,RJPN-009-1,RJPN-009,Band 1 (2100MHz),-82.4,-10.8,14.5,36.0,1.5,59.8
2026-07-18 10:00:00,RJPN-009-2,RJPN-009,Band 1 (2100MHz),-82.0,-9.6,9.2,8.2,0.0,0.0
2026-07-18 10:00:00,RJPN-009-3,RJPN-009,Band 1 (2100MHz),-85.4,-8.4,7.5,0.0,11.8,40.1
2026-07-18 10:00:00,RJPN-010-1,RJPN-010,Band 3 (1800MHz),-92.3,-9.1,8.2,13.2,14.5,0.0
2026-07-18 10:00:00,RJPN-010-2,RJPN-010,Band 3 (1800MHz),-86.5,-10.0,12.7,28.2,33.7,59.3
2026-07-18 10:00:00,RJPN-010-3,RJPN-010,Band 3 (1800MHz),-98.4,-11.0,14.4,9.7,15.2,18.2
2026-07-18 10:00:00,RJPN-011-1,RJPN-011,Band 1 (2100MHz),-99.9,-10.3,7.9,9.1,17.1,30.2
2026-07-18 10:00:00,RJPN-011-2,RJPN-011,Band 1 (2100MHz),-91.7,-6.6,16.9,3.4,29.5,48.7
2026-07-18 10:00:00,RJPN-011-3,RJPN-011,Band 1 (2100MHz),-85.1,-9.0,13.6,29.5,22.0,27.1
2026-07-18 11:00:00,RJPN-001-1,RJPN-001,Band 1 (2100MHz),-86.3,-11.3,8.6,43.8,19.9,93.4
2026-07-18 11:00:00,RJPN-001-2,RJPN-001,Band 1 (2100MHz),-91.4,-8.8,19.7,65.6,10.9,117.7
2026-07-18 11:00:00,RJPN-001-3,RJPN-001,Band 1 (2100MHz),-94.1,-9.1,12.8,44.8,15.9,80.1
2026-07-18 11:00:00,RJPN-002-1,RJPN-002,Band 3 (1800MHz),-98.7,-14.9,10.3,34.0,43.5,69.9
2026-07-18 11:00:00,RJPN-002-2,RJPN-002,Band 3 (1800MHz),-88.4,-9.3,10.3,48.6,21.4,78.4
2026-07-18 11:00:00,RJPN-002-3,RJPN-002,Band 3 (1800MHz),-89.8,-10.2,13.8,39.9,24.8,113.2
2026-07-18 11:00:00,RJPN-003-1,RJPN-003,Band 1 (2100MHz),-86.1,-9.7,13.7,57.3,36.3,96.4
2026-07-18 11:00:00,RJPN-003-2,RJPN-003,Band 1 (2100MHz),-90.2,-10.5,12.1,22.2,27.8,142.6
2026-07-18 11:00:00,RJPN-003-3,RJPN-003,Band 1 (2100MHz),-87.6,-9.3,9.9,60.8,25.5,88.3
2026-07-18 11:00:00,RJPN-004-1,RJPN-004,Band 3 (1800MHz),-85.7,-12.0,10.1,42.4,21.5,97.7
2026-07-18 11:00:00,RJPN-004-2,RJPN-004,Band 3 (1800MHz),-82.9,-12.0,12.3,56.4,25.3,72.5
2026-07-18 11:00:00,RJPN-004-3,RJPN-004,Band 3 (1800MHz),-87.9,-8.7,12.4,35.8,33.0,73.2
2026-07-18 11:00:00,RJPN-005-1,RJPN-005,Band 1 (2100MHz),-86.4,-9.9,15.4,60.4,39.3,78.2
2026-07-18 11:00:00,RJPN-005-2,RJPN-005,Band 1 (2100MHz),-82.8,-11.5,12.1,52.6,11.0,87.8
2026-07-18 11:00:00,RJPN-005-3,RJPN-005,Band 1 (2100MHz),-89.7,-10.0,15.0,57.3,31.7,78.9
2026-07-18 11:00:00,RJPN-006-1,RJPN-006,Band 3 (1800MHz),-80.6,-11.7,13.3,34.2,27.0,71.3
2026-07-18 11:00:00,RJPN-006-2,RJPN-006,Band 3 (1800MHz),-86.6,-13.0,15.2,49.5,20.8,80.5
2026-07-18 11:00:00,RJPN-006-3,RJPN-006,Band 3 (1800MHz),-91.5,-6.6,10.8,37.1,32.7,75.9
2026-07-18 11:00:00,RJPN-007-1,RJPN-007,Band 1 (2100MHz),-91.9,-9.9,8.6,51.9,13.2,73.0
2026-07-18 11:00:00,RJPN-007-2,RJPN-007,Band 1 (2100MHz),-85.9,-8.1,19.2,40.6,39.9,61.7
2026-07-18 11:00:00,RJPN-007-3,RJPN-007,Band 1 (2100MHz),-83.9,-4.8,10.8,35.4,26.7,87.7
2026-07-18 11:00:00,RJPN-008-1,RJPN-008,Band 3 (1800MHz),-87.7,-13.8,29.5,64.1,19.4,72.8
2026-07-18 11:00:00,RJPN-008-2,RJPN-008,Band 3 (1800MHz),-84.5,-10.6,20.0,63.0,26.0,119.0
2026-07-18 11:00:00,RJPN-008-3,RJPN-008,Band 3 (1800MHz),-97.5,-8.7,11.2,48.4,49.3,77.3
2026-07-18 11:00:00,RJPN-009-1,RJPN-009,Band 1 (2100MHz),-88.1,-11.7,12.5,46.6,29.1,94.1
2026-07-18 11:00:00,RJPN-009-2,RJPN-009,Band 1 (2100MHz),-89.1,-7.7,9.6,72.4,32.9,54.0
2026-07-18 11:00:00,RJPN-009-3,RJPN-009,Band 1 (2100MHz),-81.0,-6.5,16.0,52.4,37.9,59.7
2026-07-18 11:00:00,RJPN-010-1,RJPN-010,Band 3 (1800MHz),-84.6,-7.6,12.2,30.2,37.6,68.4
2026-07-18 11:00:00,RJPN-010-2,RJPN-010,Band 3 (1800MHz),-88.2,-10.1,10.2,43.4,36.9,56.0
2026-07-18 11:00:00,RJPN-010-3,RJPN-010,Band 3 (1800MHz),-95.9,-15.2,3.3,53.4,21.0,40.8
2026-07-18 11:00:00,RJPN-011-1,RJPN-011,Band 1 (2100MHz),-93.9,-13.1,1.2,45.4,19.5,69.1
2026-07-18 11:00:00,RJPN-011-2,RJPN-011,Band 1 (2100MHz),-91.1,-7.5,15.1,46.2,45.9,61.7
2026-07-18 11:00:00,RJPN-011-3,RJPN-011,Band 1 (2100MHz),-83.4,-8.9,22.5,65.0,8.3,23.6
2026-07-18 12:00:00,RJPN-001-1,RJPN-001,Band 1 (2100MHz),-86.3,-10.4,15.2,60.1,39.1,120.4
2026-07-18 12:00:00,RJPN-001-2,RJPN-001,Band 1 (2100MHz),-83.3,-9.9,21.6,61.0,12.3,82.4
2026-07-18 12:00:00,RJPN-001-3,RJPN-001,Band 1 (2100MHz),-88.1,-8.1,6.9,54.5,46.9,94.5
2026-07-18 12:00:00,RJPN-002-1,RJPN-002,Band 3 (1800MHz),-102.5,-16.0,-1.1,40.5,23.2,69.0
2026-07-18 12:00:00,RJPN-002-2,RJPN-002,Band 3 (1800MHz),-95.1,-9.2,18.0,46.8,15.9,66.6
2026-07-18 12:00:00,RJPN-002-3,RJPN-002,Band 3 (1800MHz),-95.9,-9.4,9.2,42.5,19.4,70.3
2026-07-18 12:00:00,RJPN-003-1,RJPN-003,Band 1 (2100MHz),-84.9,-8.2,11.4,54.0,21.4,87.7
2026-07-18 12:00:00,RJPN-003-2,RJPN-003,Band 1 (2100MHz),-90.1,-9.3,23.1,52.4,34.4,77.6
2026-07-18 12:00:00,RJPN-003-3,RJPN-003,Band 1 (2100MHz),-86.8,-11.1,13.3,57.2,21.0,87.1
2026-07-18 12:00:00,RJPN-004-1,RJPN-004,Band 3 (1800MHz),-80.9,-8.1,18.7,53.4,37.0,36.3
2026-07-18 12:00:00,RJPN-004-2,RJPN-004,Band 3 (1800MHz),-83.2,-9.0,10.6,40.1,29.3,81.5
2026-07-18 12:00:00,RJPN-004-3,RJPN-004,Band 3 (1800MHz),-84.0,-9.0,17.5,56.1,31.0,58.4
2026-07-18 12:00:00,RJPN-005-1,RJPN-005,Band 1 (2100MHz),-86.2,-10.4,16.1,51.0,24.7,72.7
2026-07-18 12:00:00,RJPN-005-2,RJPN-005,Band 1 (2100MHz),-85.3,-11.7,6.0,38.6,11.7,92.3
2026-07-18 12:00:00,RJPN-005-3,RJPN-005,Band 1 (2100MHz),-85.0,-10.4,12.7,59.8,20.4,93.2
2026-07-18 12:00:00,RJPN-006-1,RJPN-006,Band 3 (1800MHz),-85.0,-9.8,8.6,47.7,36.2,95.1
2026-07-18 12:00:00,RJPN-006-2,RJPN-006,Band 3 (1800MHz),-86.2,-11.6,5.4,21.4,23.7,60.7
2026-07-18 12:00:00,RJPN-006-3,RJPN-006,Band 3 (1800MHz),-88.9,-9.5,15.3,53.2,26.7,62.3
2026-07-18 12:00:00,RJPN-007-1,RJPN-007,Band 1 (2100MHz),-89.1,-9.2,14.2,62.6,36.0,85.3
2026-07-18 12:00:00,RJPN-007-2,RJPN-007,Band 1 (2100MHz),-87.3,-9.7,9.3,62.6,18.2,94.4
2026-07-18 12:00:00,RJPN-007-3,RJPN-007,Band 1 (2100MHz),-86.4,-9.6,20.0,59.3,50.4,98.7
2026-07-18 12:00:00,RJPN-008-1,RJPN-008,Band 3 (1800MHz),-88.1,-9.5,16.9,52.2,28.5,121.1
2026-07-18 12:00:00,RJPN-008-2,RJPN-008,Band 3 (1800MHz),-88.6,-9.7,18.9,55.9,22.7,92.8
2026-07-18 12:00:00,RJPN-008-3,RJPN-008,Band 3 (1800MHz),-91.5,-7.4,14.1,42.8,30.4,96.1
2026-07-18 12:00:00,RJPN-009-1,RJPN-009,Band 1 (2100MHz),-88.6,-11.5,7.3,49.7,31.5,86.8
2026-07-18 12:00:00,RJPN-009-2,RJPN-009,Band 1 (2100MHz),-84.7,-9.4,8.7,61.5,15.5,75.3
2026-07-18 12:00:00,RJPN-009-3,RJPN-009,Band 1 (2100MHz),-91.9,-8.8,18.6,34.1,18.8,45.7
2026-07-18 12:00:00,RJPN-010-1,RJPN-010,Band 3 (1800MHz),-81.7,-9.8,5.0,44.1,12.7,18.9
2026-07-18 12:00:00,RJPN-010-2,RJPN-010,Band 3 (1800MHz),-90.4,-7.3,12.8,42.6,41.8,44.9
2026-07-18 12:00:00,RJPN-010-3,RJPN-010,Band 3 (1800MHz),-92.1,-13.5,6.1,50.1,21.0,73.8
2026-07-18 12:00:00,RJPN-011-1,RJPN-011,Band 1 (2100MHz),-87.8,-11.3,10.8,52.8,30.1,97.4
2026-07-18 12:00:00,RJPN-011-2,RJPN-011,Band 1 (2100MHz),-90.6,-11.9,12.0,31.8,31.0,105.8
2026-07-18 12:00:00,RJPN-011-3,RJPN-011,Band 1 (2100MHz),-86.1,-9.2,16.5,46.1,32.7,108.7
2026-07-18 13:00:00,RJPN-001-1,RJPN-001,Band 1 (2100MHz),-88.5,-9.8,18.2,48.8,37.4,113.5
2026-07-18 13:00:00,RJPN-001-2,RJPN-001,Band 1 (2100MHz),-90.7,-6.5,12.7,60.0,25.7,97.0
2026-07-18 13:00:00,RJPN-001-3,RJPN-001,Band 1 (2100MHz),-87.5,-8.2,16.5,58.2,28.4,96.6
2026-07-18 13:00:00,RJPN-002-1,RJPN-002,Band 3 (1800MHz),-95.4,-14.0,0.6,44.3,29.2,77.0
2026-07-18 13:00:00,RJPN-002-2,RJPN-002,Band 3 (1800MHz),-82.3,-11.4,13.8,56.7,42.3,90.6
2026-07-18 13:00:00,RJPN-002-3,RJPN-002,Band 3 (1800MHz),-86.2,-11.8,8.3,50.5,27.3,62.0
2026-07-18 13:00:00,RJPN-003-1,RJPN-003,Band 1 (2100MHz),-88.8,-8.7,10.9,55.7,32.2,107.6
2026-07-18 13:00:00,RJPN-003-2,RJPN-003,Band 1 (2100MHz),-82.6,-8.1,12.8,38.9,30.0,38.0
2026-07-18 13:00:00,RJPN-003-3,RJPN-003,Band 1 (2100MHz),-96.5,-7.4,4.3,33.6,19.8,86.0
2026-07-18 13:00:00,RJPN-004-1,RJPN-004,Band 3 (1800MHz),-81.7,-8.9,17.4,65.7,17.3,101.6
2026-07-18 13:00:00,RJPN-004-2,RJPN-004,Band 3 (1800MHz),-90.4,-12.2,15.6,69.0,23.3,68.4
2026-07-18 13:00:00,RJPN-004-3,RJPN-004,Band 3 (1800MHz),-87.0,-7.9,9.3,26.4,18.0,99.1
2026-07-18 13:00:00,RJPN-005-1,RJPN-005,Band 1 (2100MHz),-80.3,-13.2,7.4,67.2,28.2,53.7
2026-07-18 13:00:00,RJPN-005-2,RJPN-005,Band 1 (2100MHz),-92.4,-7.9,10.4,38.6,28.5,128.7
2026-07-18 13:00:00,RJPN-005-3,RJPN-005,Band 1 (2100MHz),-83.4,-8.1,14.8,35.2,30.0,45.8
2026-07-18 13:00:00,RJPN-006-1,RJPN-006,Band 3 (1800MHz),-89.7,-9.1,4.3,37.5,36.1,68.6
2026-07-18 13:00:00,RJPN-006-2,RJPN-006,Band 3 (1800MHz),-85.7,-5.8,14.6,50.4,43.4,44.9
2026-07-18 13:00:00,RJPN-006-3,RJPN-006,Band 3 (1800MHz),-88.3,-12.9,13.9,77.4,23.1,124.1
2026-07-18 13:00:00,RJPN-007-1,RJPN-007,Band 1 (2100MHz),-94.4,-13.2,10.8,43.0,33.8,106.0
2026-07-18 13:00:00,RJPN-007-2,RJPN-007,Band 1 (2100MHz),-83.4,-12.4,12.7,49.3,32.3,63.0
2026-07-18 13:00:00,RJPN-007-3,RJPN-007,Band 1 (2100MHz),-82.8,-10.1,14.3,77.1,39.2,82.9
2026-07-18 13:00:00,RJPN-008-1,RJPN-008,Band 3 (1800MHz),-78.0,-11.8,17.6,47.2,33.7,69.4
2026-07-18 13:00:00,RJPN-008-2,RJPN-008,Band 3 (1800MHz),-91.8,-9.1,10.9,41.1,22.5,103.1
2026-07-18 13:00:00,RJPN-008-3,RJPN-008,Band 3 (1800MHz),-80.6,-11.9,28.8,59.4,20.6,51.7
2026-07-18 13:00:00,RJPN-009-1,RJPN-009,Band 1 (2100MHz),-92.3,-11.3,9.9,62.4,45.6,83.2
2026-07-18 13:00:00,RJPN-009-2,RJPN-009,Band 1 (2100MHz),-83.1,-10.4,14.7,31.4,21.6,81.4
2026-07-18 13:00:00,RJPN-009-3,RJPN-009,Band 1 (2100MHz),-93.1,-9.4,12.2,50.7,42.1,81.0
2026-07-18 13:00:00,RJPN-010-1,RJPN-010,Band 3 (1800MHz),-90.4,-7.1,6.3,48.2,32.2,112.1
2026-07-18 13:00:00,RJPN-010-2,RJPN-010,Band 3 (1800MHz),-85.7,-9.2,14.6,30.2,32.6,72.5
2026-07-18 13:00:00,RJPN-010-3,RJPN-010,Band 3 (1800MHz),-100.7,-14.2,15.2,35.2,21.3,87.6
2026-07-18 13:00:00,RJPN-011-1,RJPN-011,Band 1 (2100MHz),-97.5,-12.3,5.7,53.8,34.5,80.2
2026-07-18 13:00:00,RJPN-011-2,RJPN-011,Band 1 (2100MHz),-86.7,-8.1,17.9,46.6,38.6,103.3
2026-07-18 13:00:00,RJPN-011-3,RJPN-011,Band 1 (2100MHz),-80.1,-8.9,11.1,51.3,23.7,84.6
2026-07-18 14:00:00,RJPN-001-1,RJPN-001,Band 1 (2100MHz),-99.5,-12.2,11.2,21.5,37.2,108.9
2026-07-18 14:00:00,RJPN-001-2,RJPN-001,Band 1 (2100MHz),-83.0,-10.4,6.3,37.0,23.9,80.7
2026-07-18 14:00:00,RJPN-001-3,RJPN-001,Band 1 (2100MHz),-79.6,-12.0,23.5,37.1,26.4,116.5
2026-07-18 14:00:00,RJPN-002-1,RJPN-002,Band 3 (1800MHz),-102.4,-15.1,1.9,42.5,34.3,112.2
2026-07-18 14:00:00,RJPN-002-2,RJPN-002,Band 3 (1800MHz),-87.5,-9.5,12.4,49.3,40.1,110.5
2026-07-18 14:00:00,RJPN-002-3,RJPN-002,Band 3 (1800MHz),-83.4,-12.7,23.9,71.9,24.6,67.0
2026-07-18 14:00:00,RJPN-003-1,RJPN-003,Band 1 (2100MHz),-90.0,-11.0,15.8,57.3,17.6,138.8
2026-07-18 14:00:00,RJPN-003-2,RJPN-003,Band 1 (2100MHz),-91.8,-10.3,17.2,60.9,27.4,79.7
2026-07-18 14:00:00,RJPN-003-3,RJPN-003,Band 1 (2100MHz),-91.5,-7.1,10.8,61.3,42.7,75.4
2026-07-18 14:00:00,RJPN-004-1,RJPN-004,Band 3 (1800MHz),-86.2,-12.0,7.2,55.0,35.4,71.8
2026-07-18 14:00:00,RJPN-004-2,RJPN-004,Band 3 (1800MHz),-87.4,-8.2,11.3,38.6,31.0,114.5
2026-07-18 14:00:00,RJPN-004-3,RJPN-004,Band 3 (1800MHz),-84.7,-9.2,14.5,48.0,52.5,92.8
2026-07-18 14:00:00,RJPN-005-1,RJPN-005,Band 1 (2100MHz),-85.8,-12.9,1.9,57.7,26.7,69.9
2026-07-18 14:00:00,RJPN-005-2,RJPN-005,Band 1 (2100MHz),-92.0,-10.7,14.8,47.2,35.5,66.4
2026-07-18 14:00:00,RJPN-005-3,RJPN-005,Band 1 (2100MHz),-86.9,-11.2,14.4,60.5,18.3,84.2
2026-07-18 14:00:00,RJPN-006-1,RJPN-006,Band 3 (1800MHz),-89.5,-12.9,13.4,64.7,40.0,120.8
2026-07-18 14:00:00,RJPN-006-2,RJPN-006,Band 3 (1800MHz),-88.5,-8.0,8.4,38.8,36.8,64.9
2026-07-18 14:00:00,RJPN-006-3,RJPN-006,Band 3 (1800MHz),-80.1,-10.0,19.7,40.3,32.3,90.6
2026-07-18 14:00:00,RJPN-007-1,RJPN-007,Band 1 (2100MHz),-86.3,-13.2,11.4,27.9,10.8,78.0
2026-07-18 14:00:00,RJPN-007-2,RJPN-007,Band 1 (2100MHz),-83.1,-10.8,8.0,46.6,27.3,84.2
2026-07-18 14:00:00,RJPN-007-3,RJPN-007,Band 1 (2100MHz),-83.6,-6.2,9.6,49.7,29.4,51.8
2026-07-18 14:00:00,RJPN-008-1,RJPN-008,Band 3 (1800MHz),-85.4,-12.8,11.7,42.5,32.6,83.0
2026-07-18 14:00:00,RJPN-008-2,RJPN-008,Band 3 (1800MHz),-89.2,-7.4,28.5,52.3,41.2,89.1
2026-07-18 14:00:00,RJPN-008-3,RJPN-008,Band 3 (1800MHz),-82.3,-9.1,9.7,62.3,41.3,86.5
2026-07-18 14:00:00,RJPN-009-1,RJPN-009,Band 1 (2100MHz),-91.2,-11.9,8.2,48.9,26.6,72.9
2026-07-18 14:00:00,RJPN-009-2,RJPN-009,Band 1 (2100MHz),-83.5,-14.7,12.6,49.3,36.7,94.2
2026-07-18 14:00:00,RJPN-009-3,RJPN-009,Band 1 (2100MHz),-89.7,-11.0,21.6,69.9,28.4,78.9
2026-07-18 14:00:00,RJPN-010-1,RJPN-010,Band 3 (1800MHz),-86.9,-12.7,8.2,44.5,33.8,109.5
2026-07-18 14:00:00,RJPN-010-2,RJPN-010,Band 3 (1800MHz),-84.2,-11.8,13.3,26.1,34.3,120.9
2026-07-18 14:00:00,RJPN-010-3,RJPN-010,Band 3 (1800MHz),-102.3,-11.4,3.6,34.5,38.4,79.9
2026-07-18 14:00:00,RJPN-011-1,RJPN-011,Band 1 (2100MHz),-109.3,-10.7,13.6,34.2,33.1,77.6
2026-07-18 14:00:00,RJPN-011-2,RJPN-011,Band 1 (2100MHz),-82.2,-10.0,15.8,31.3,42.2,48.0
2026-07-18 14:00:00,RJPN-011-3,RJPN-011,Band 1 (2100MHz),-92.5,-12.0,14.7,35.1,30.2,87.3
2026-07-18 15:00:00,RJPN-001-1,RJPN-001,Band 1 (2100MHz),-88.9,-8.0,17.8,19.6,11.3,0.0
2026-07-18 15:00:00,RJPN-001-2,RJPN-001,Band 1 (2100MHz),-88.2,-5.2,3.1,11.3,10.3,52.2
2026-07-18 15:00:00,RJPN-001-3,RJPN-001,Band 1 (2100MHz),-87.7,-8.3,16.7,12.1,3.9,69.0
2026-07-18 15:00:00,RJPN-002-1,RJPN-002,Band 3 (1800MHz),-99.7,-16.3,9.7,0.9,18.7,73.2
2026-07-18 15:00:00,RJPN-002-2,RJPN-002,Band 3 (1800MHz),-84.8,-7.1,13.8,0.0,9.4,51.4
2026-07-18 15:00:00,RJPN-002-3,RJPN-002,Band 3 (1800MHz),-88.6,-10.0,5.6,19.6,0.0,51.8
2026-07-18 15:00:00,RJPN-003-1,RJPN-003,Band 1 (2100MHz),-84.8,-8.3,11.0,9.0,25.4,0.0
2026-07-18 15:00:00,RJPN-003-2,RJPN-003,Band 1 (2100MHz),-87.9,-10.8,21.5,21.8,11.8,49.3
2026-07-18 15:00:00,RJPN-003-3,RJPN-003,Band 1 (2100MHz),-86.9,-11.9,16.9,24.9,0.0,53.4
2026-07-18 15:00:00,RJPN-004-1,RJPN-004,Band 3 (1800MHz),-84.1,-5.2,6.1,26.4,20.8,15.6
2026-07-18 15:00:00,RJPN-004-2,RJPN-004,Band 3 (1800MHz),-85.8,-5.8,10.9,11.3,22.1,32.7
2026-07-18 15:00:00,RJPN-004-3,RJPN-004,Band 3 (1800MHz),-89.1,-7.5,13.5,2.4,7.2,12.0
2026-07-18 15:00:00,RJPN-005-1,RJPN-005,Band 1 (2100MHz),-81.0,-9.5,14.8,17.8,7.6,0.0
2026-07-18 15:00:00,RJPN-005-2,RJPN-005,Band 1 (2100MHz),-86.6,-6.0,8.1,0.0,15.4,48.1
2026-07-18 15:00:00,RJPN-005-3,RJPN-005,Band 1 (2100MHz),-86.1,-3.3,22.5,19.8,17.7,73.2
2026-07-18 15:00:00,RJPN-006-1,RJPN-006,Band 3 (1800MHz),-93.2,-4.6,5.9,0.2,17.7,29.5
2026-07-18 15:00:00,RJPN-006-2,RJPN-006,Band 3 (1800MHz),-86.4,-7.3,12.4,31.9,8.1,57.3
2026-07-18 15:00:00,RJPN-006-3,RJPN-006,Band 3 (1800MHz),-85.2,-8.9,20.1,25.4,10.2,0.1
2026-07-18 15:00:00,RJPN-007-1,RJPN-007,Band 1 (2100MHz),-89.2,-7.5,16.3,15.8,2.3,52.8
2026-07-18 15:00:00,RJPN-007-2,RJPN-007,Band 1 (2100MHz),-83.9,-6.0,14.9,16.9,0.0,3.8
2026-07-18 15:00:00,RJPN-007-3,RJPN-007,Band 1 (2100MHz),-88.4,-4.4,10.0,4.2,15.7,39.2
2026-07-18 15:00:00,RJPN-008-1,RJPN-008,Band 3 (1800MHz),-88.3,-7.9,12.3,2.3,2.3,4.2
2026-07-18 15:00:00,RJPN-008-2,RJPN-008,Band 3 (1800MHz),-83.2,-9.5,22.8,0.0,9.4,35.6
2026-07-18 15:00:00,RJPN-008-3,RJPN-008,Band 3 (1800MHz),-84.7,-8.3,18.3,17.8,21.0,41.8
2026-07-18 15:00:00,RJPN-009-1,RJPN-009,Band 1 (2100MHz),-87.2,-4.1,13.6,0.0,1.7,15.1
2026-07-18 15:00:00,RJPN-009-2,RJPN-009,Band 1 (2100MHz),-86.8,-9.7,16.5,0.0,0.0,30.3
2026-07-18 15:00:00,RJPN-009-3,RJPN-009,Band 1 (2100MHz),-86.3,-6.1,6.7,26.6,10.3,74.9
2026-07-18 15:00:00,RJPN-010-1,RJPN-010,Band 3 (1800MHz),-87.3,-6.6,16.4,15.3,0.0,13.2
2026-07-18 15:00:00,RJPN-010-2,RJPN-010,Band 3 (1800MHz),-84.8,-7.0,10.0,24.1,22.0,27.3
2026-07-18 15:00:00,RJPN-010-3,RJPN-010,Band 3 (1800MHz),-94.1,-11.4,0.1,5.5,9.5,0.0
2026-07-18 15:00:00,RJPN-011-1,RJPN-011,Band 1 (2100MHz),-103.1,-12.3,-4.1,34.4,16.1,33.5
2026-07-18 15:00:00,RJPN-011-2,RJPN-011,Band 1 (2100MHz),-86.5,-6.4,11.3,0.0,7.1,24.1
2026-07-18 15:00:00,RJPN-011-3,RJPN-011,Band 1 (2100MHz),-85.8,-9.7,8.9,6.9,0.0,40.2
2026-07-18 16:00:00,RJPN-001-1,RJPN-001,Band 1 (2100MHz),-86.0,-11.0,8.6,72.4,47.2,115.1
2026-07-18 16:00:00,RJPN-001-2,RJPN-001,Band 1 (2100MHz),-86.3,-6.0,13.2,73.4,45.5,108.8
2026-07-18 16:00:00,RJPN-001-3,RJPN-001,Band 1 (2100MHz),-87.1,-11.4,6.9,70.5,49.1,107.5
2026-07-18 16:00:00,RJPN-002-1,RJPN-002,Band 3 (1800MHz),-102.4,-17.0,6.1,51.4,55.6,127.6
2026-07-18 16:00:00,RJPN-002-2,RJPN-002,Band 3 (1800MHz),-81.9,-12.8,21.9,57.4,44.3,135.9
2026-07-18 16:00:00,RJPN-002-3,RJPN-002,Band 3 (1800MHz),-94.8,-14.2,23.5,78.9,47.4,137.8
2026-07-18 16:00:00,RJPN-003-1,RJPN-003,Band 1 (2100MHz),-90.7,-10.3,5.4,34.0,47.0,114.9
2026-07-18 16:00:00,RJPN-003-2,RJPN-003,Band 1 (2100MHz),-91.7,-11.5,17.6,78.2,30.8,135.1
2026-07-18 16:00:00,RJPN-003-3,RJPN-003,Band 1 (2100MHz),-78.9,-11.1,12.5,68.4,39.5,96.8
2026-07-18 16:00:00,RJPN-004-1,RJPN-004,Band 3 (1800MHz),-86.5,-10.5,13.3,65.0,27.6,119.3
2026-07-18 16:00:00,RJPN-004-2,RJPN-004,Band 3 (1800MHz),-82.8,-11.4,9.0,58.0,23.4,70.8
2026-07-18 16:00:00,RJPN-004-3,RJPN-004,Band 3 (1800MHz),-90.4,-13.1,14.4,79.4,26.3,78.8
2026-07-18 16:00:00,RJPN-005-1,RJPN-005,Band 1 (2100MHz),-82.8,-7.4,19.4,68.7,47.7,116.6
2026-07-18 16:00:00,RJPN-005-2,RJPN-005,Band 1 (2100MHz),-88.2,-11.4,11.4,64.9,30.5,119.6
2026-07-18 16:00:00,RJPN-005-3,RJPN-005,Band 1 (2100MHz),-94.4,-12.1,14.7,54.1,26.0,95.7
2026-07-18 16:00:00,RJPN-006-1,RJPN-006,Band 3 (1800MHz),-89.8,-10.3,14.5,75.1,31.3,111.4
2026-07-18 16:00:00,RJPN-006-2,RJPN-006,Band 3 (1800MHz),-92.8,-12.4,15.0,59.0,33.9,101.1
2026-07-18 16:00:00,RJPN-006-3,RJPN-006,Band 3 (1800MHz),-80.0,-9.6,10.7,70.3,38.4,93.6
2026-07-18 16:00:00,RJPN-007-1,RJPN-007,Band 1 (2100MHz),-88.5,-14.6,16.6,77.6,16.5,146.3
2026-07-18 16:00:00,RJPN-007-2,RJPN-007,Band 1 (2100MHz),-92.7,-10.0,12.2,86.0,35.1,128.1
2026-07-18 16:00:00,RJPN-007-3,RJPN-007,Band 1 (2100MHz),-85.8,-8.9,10.7,73.3,38.5,132.2
2026-07-18 16:00:00,RJPN-008-1,RJPN-008,Band 3 (1800MHz),-86.7,-10.7,5.2,67.0,35.6,87.2
2026-07-18 16:00:00,RJPN-008-2,RJPN-008,Band 3 (1800MHz),-88.9,-9.3,20.6,62.6,26.3,114.5
2026-07-18 16:00:00,RJPN-008-3,RJPN-008,Band 3 (1800MHz),-85.6,-16.4,19.4,62.0,34.4,117.3
2026-07-18 16:00:00,RJPN-009-1,RJPN-009,Band 1 (2100MHz),-83.5,-8.4,5.0,64.1,52.9,111.3
2026-07-18 16:00:00,RJPN-009-2,RJPN-009,Band 1 (2100MHz),-91.9,-12.8,23.2,61.7,18.4,121.1
2026-07-18 16:00:00,RJPN-009-3,RJPN-009,Band 1 (2100MHz),-84.3,-9.5,15.6,43.7,38.3,79.0
2026-07-18 16:00:00,RJPN-010-1,RJPN-010,Band 3 (1800MHz),-85.3,-11.7,10.4,64.2,35.4,89.3
2026-07-18 16:00:00,RJPN-010-2,RJPN-010,Band 3 (1800MHz),-82.9,-11.0,20.8,74.3,43.0,140.6
2026-07-18 16:00:00,RJPN-010-3,RJPN-010,Band 3 (1800MHz),-110.1,-14.9,-0.0,65.4,34.4,63.7
2026-07-18 16:00:00,RJPN-011-1,RJPN-011,Band 1 (2100MHz),-101.9,-12.4,3.2,57.4,43.8,139.0
2026-07-18 16:00:00,RJPN-011-2,RJPN-011,Band 1 (2100MHz),-90.4,-11.7,13.8,85.7,36.3,122.7
2026-07-18 16:00:00,RJPN-011-3,RJPN-011,Band 1 (2100MHz),-92.9,-10.9,15.6,70.4,35.9,64.2
2026-07-18 17:00:00,RJPN-001-1,RJPN-001,Band 1 (2100MHz),-89.7,-7.9,10.2,69.4,55.4,114.8
2026-07-18 17:00:00,RJPN-001-2,RJPN-001,Band 1 (2100MHz),-89.8,-11.7,14.6,69.3,57.7,134.3
2026-07-18 17:00:00,RJPN-001-3,RJPN-001,Band 1 (2100MHz),-82.6,-9.8,11.6,92.6,33.9,118.6
2026-07-18 17:00:00,RJPN-002-1,RJPN-002,Band 3 (1800MHz),-102.7,-14.9,6.6,75.8,47.3,94.6
2026-07-18 17:00:00,RJPN-002-2,RJPN-002,Band 3 (1800MHz),-80.8,-12.8,12.6,76.4,49.1,117.6
2026-07-18 17:00:00,RJPN-002-3,RJPN-002,Band 3 (1800MHz),-82.1,-13.7,15.0,61.2,51.8,77.3
2026-07-18 17:00:00,RJPN-003-1,RJPN-003,Band 1 (2100MHz),-82.6,-12.6,22.2,96.9,59.5,116.2
2026-07-18 17:00:00,RJPN-003-2,RJPN-003,Band 1 (2100MHz),-93.5,-11.8,13.2,66.2,43.2,120.2
2026-07-18 17:00:00,RJPN-003-3,RJPN-003,Band 1 (2100MHz),-90.3,-9.8,13.9,85.9,48.5,105.7
2026-07-18 17:00:00,RJPN-004-1,RJPN-004,Band 3 (1800MHz),-80.2,-12.2,21.6,86.3,40.6,99.5
2026-07-18 17:00:00,RJPN-004-2,RJPN-004,Band 3 (1800MHz),-86.0,-11.0,7.3,86.3,47.1,166.9
2026-07-18 17:00:00,RJPN-004-3,RJPN-004,Band 3 (1800MHz),-81.9,-9.8,24.2,61.7,41.7,123.2
2026-07-18 17:00:00,RJPN-005-1,RJPN-005,Band 1 (2100MHz),-84.7,-12.9,15.3,52.6,34.9,133.8
2026-07-18 17:00:00,RJPN-005-2,RJPN-005,Band 1 (2100MHz),-89.0,-11.3,20.0,71.1,42.7,102.2
2026-07-18 17:00:00,RJPN-005-3,RJPN-005,Band 1 (2100MHz),-87.6,-9.2,21.2,57.9,41.1,115.8
2026-07-18 17:00:00,RJPN-006-1,RJPN-006,Band 3 (1800MHz),-77.6,-10.1,11.0,83.7,37.8,104.2
2026-07-18 17:00:00,RJPN-006-2,RJPN-006,Band 3 (1800MHz),-90.6,-11.8,10.3,87.8,39.0,101.0
2026-07-18 17:00:00,RJPN-006-3,RJPN-006,Band 3 (1800MHz),-85.6,-14.0,12.0,78.9,45.7,136.8
2026-07-18 17:00:00,RJPN-007-1,RJPN-007,Band 1 (2100MHz),-87.8,-11.6,16.7,91.9,47.4,150.1
2026-07-18 17:00:00,RJPN-007-2,RJPN-007,Band 1 (2100MHz),-84.2,-7.0,12.2,86.6,52.1,126.3
2026-07-18 17:00:00,RJPN-007-3,RJPN-007,Band 1 (2100MHz),-87.2,-11.7,6.4,85.3,51.3,115.3
2026-07-18 17:00:00,RJPN-008-1,RJPN-008,Band 3 (1800MHz),-86.4,-9.8,8.8,52.0,32.5,122.4
2026-07-18 17:00:00,RJPN-008-2,RJPN-008,Band 3 (1800MHz),-87.2,-11.4,16.9,100.0,20.0,138.5
2026-07-18 17:00:00,RJPN-008-3,RJPN-008,Band 3 (1800MHz),-88.3,-10.0,14.5,76.0,55.2,127.5
2026-07-18 17:00:00,RJPN-009-1,RJPN-009,Band 1 (2100MHz),-88.0,-10.3,11.4,94.7,47.2,107.1
2026-07-18 17:00:00,RJPN-009-2,RJPN-009,Band 1 (2100MHz),-83.2,-9.8,20.1,91.3,27.9,131.6
2026-07-18 17:00:00,RJPN-009-3,RJPN-009,Band 1 (2100MHz),-89.6,-11.4,14.3,55.5,51.6,142.0
2026-07-18 17:00:00,RJPN-010-1,RJPN-010,Band 3 (1800MHz),-79.4,-16.0,9.7,64.6,54.4,74.7
2026-07-18 17:00:00,RJPN-010-2,RJPN-010,Band 3 (1800MHz),-86.9,-10.6,12.1,63.8,53.2,129.9
2026-07-18 17:00:00,RJPN-010-3,RJPN-010,Band 3 (1800MHz),-100.8,-17.2,20.5,70.5,48.2,142.7
2026-07-18 17:00:00,RJPN-011-1,RJPN-011,Band 1 (2100MHz),-96.5,-15.9,8.2,81.4,41.4,100.3
2026-07-18 17:00:00,RJPN-011-2,RJPN-011,Band 1 (2100MHz),-90.3,-13.7,10.5,89.1,50.9,84.6
2026-07-18 17:00:00,RJPN-011-3,RJPN-011,Band 1 (2100MHz),-84.1,-12.3,2.7,58.0,44.8,121.7
2026-07-18 18:00:00,RJPN-001-1,RJPN-001,Band 1 (2100MHz),-91.9,-10.8,9.7,84.9,48.9,107.0
2026-07-18 18:00:00,RJPN-001-2,RJPN-001,Band 1 (2100MHz),-84.0,-10.7,16.9,94.6,41.6,117.8
2026-07-18 18:00:00,RJPN-001-3,RJPN-001,Band 1 (2100MHz),-80.0,-10.3,15.9,70.5,36.9,117.7
2026-07-18 18:00:00,RJPN-002-1,RJPN-002,Band 3 (1800MHz),-105.5,-17.2,6.2,98.4,39.4,164.4
2026-07-18 18:00:00,RJPN-002-2,RJPN-002,Band 3 (1800MHz),-85.8,-12.7,14.6,94.4,36.1,114.2
2026-07-18 18:00:00,RJPN-002-3,RJPN-002,Band 3 (1800MHz),-88.2,-9.7,6.9,57.3,34.7,114.8
2026-07-18 18:00:00,RJPN-003-1,RJPN-003,Band 1 (2100MHz),-88.9,-16.7,10.9,86.7,50.3,149.0
2026-07-18 18:00:00,RJPN-003-2,RJPN-003,Band 1 (2100MHz),-86.9,-11.1,8.1,75.2,40.1,137.5
2026-07-18 18:00:00,RJPN-003-3,RJPN-003,Band 1 (2100MHz),-91.2,-11.7,12.3,68.0,51.9,117.8
2026-07-18 18:00:00,RJPN-004-1,RJPN-004,Band 3 (1800MHz),-91.5,-9.8,20.8,76.9,41.1,119.8
2026-07-18 18:00:00,RJPN-004-2,RJPN-004,Band 3 (1800MHz),-86.5,-13.6,19.6,84.1,45.5,132.3
2026-07-18 18:00:00,RJPN-004-3,RJPN-004,Band 3 (1800MHz),-87.1,-11.9,18.1,84.1,43.8,148.4
2026-07-18 18:00:00,RJPN-005-1,RJPN-005,Band 1 (2100MHz),-88.7,-13.9,11.8,92.1,48.8,103.9
2026-07-18 18:00:00,RJPN-005-2,RJPN-005,Band 1 (2100MHz),-84.5,-11.4,13.4,78.2,32.3,113.1
2026-07-18 18:00:00,RJPN-005-3,RJPN-005,Band 1 (2100MHz),-91.5,-9.3,10.1,70.0,29.5,152.9
2026-07-18 18:00:00,RJPN-006-1,RJPN-006,Band 3 (1800MHz),-86.7,-13.4,18.0,88.2,40.3,170.4
2026-07-18 18:00:00,RJPN-006-2,RJPN-006,Band 3 (1800MHz),-83.3,-9.2,18.5,86.3,50.7,123.8
2026-07-18 18:00:00,RJPN-006-3,RJPN-006,Band 3 (1800MHz),-89.7,-13.0,10.5,65.5,49.9,140.8
2026-07-18 18:00:00,RJPN-007-1,RJPN-007,Band 1 (2100MHz),-89.3,-5.8,20.6,91.2,54.3,124.8
2026-07-18 18:00:00,RJPN-007-2,RJPN-007,Band 1 (2100MHz),-89.6,-11.3,13.4,76.7,37.6,145.1
2026-07-18 18:00:00,RJPN-007-3,RJPN-007,Band 1 (2100MHz),-86.0,-11.4,7.5,71.3,56.4,146.5
2026-07-18 18:00:00,RJPN-008-1,RJPN-008,Band 3 (1800MHz),-89.3,-10.6,22.4,72.0,47.7,173.2
2026-07-18 18:00:00,RJPN-008-2,RJPN-008,Band 3 (1800MHz),-83.7,-8.0,5.9,82.6,46.6,123.7
2026-07-18 18:00:00,RJPN-008-3,RJPN-008,Band 3 (1800MHz),-87.8,-11.3,15.6,89.7,44.1,143.7
2026-07-18 18:00:00,RJPN-009-1,RJPN-009,Band 1 (2100MHz),-86.3,-13.1,0.6,53.5,35.1,111.4
2026-07-18 18:00:00,RJPN-009-2,RJPN-009,Band 1 (2100MHz),-84.1,-11.2,9.8,94.2,33.7,133.3
2026-07-18 18:00:00,RJPN-009-3,RJPN-009,Band 1 (2100MHz),-84.0,-9.1,25.4,90.3,48.5,131.6
2026-07-18 18:00:00,RJPN-010-1,RJPN-010,Band 3 (1800MHz),-89.8,-14.0,13.8,69.1,44.6,116.5
2026-07-18 18:00:00,RJPN-010-2,RJPN-010,Band 3 (1800MHz),-87.8,-11.4,5.3,78.7,37.0,82.0
2026-07-18 18:00:00,RJPN-010-3,RJPN-010,Band 3 (1800MHz),-94.0,-12.0,8.1,75.4,52.2,100.3
2026-07-18 18:00:00,RJPN-011-1,RJPN-011,Band 1 (2100MHz),-99.9,-14.6,13.0,55.3,33.4,149.4
2026-07-18 18:00:00,RJPN-011-2,RJPN-011,Band 1 (2100MHz),-79.0,-16.3,27.2,86.5,33.3,147.6
2026-07-18 18:00:00,RJPN-011-3,RJPN-011,Band 1 (2100MHz),-84.6,-13.2,11.3,73.5,49.1,164.7
2026-07-18 19:00:00,RJPN-001-1,RJPN-001,Band 1 (2100MHz),-88.9,-12.6,10.8,94.0,46.0,105.3
2026-07-18 19:00:00,RJPN-001-2,RJPN-001,Band 1 (2100MHz),-82.3,-12.7,13.3,84.1,52.4,133.0
2026-07-18 19:00:00,RJPN-001-3,RJPN-001,Band 1 (2100MHz),-88.3,-10.8,8.2,60.4,45.0,109.7
2026-07-18 19:00:00,RJPN-002-1,RJPN-002,Band 3 (1800MHz),-106.3,-14.2,-0.3,74.3,41.4,106.4
2026-07-18 19:00:00,RJPN-002-2,RJPN-002,Band 3 (1800MHz),-88.2,-10.2,19.4,90.2,36.5,130.1
2026-07-18 19:00:00,RJPN-002-3,RJPN-002,Band 3 (1800MHz),-83.6,-9.2,15.3,63.7,39.0,96.6
2026-07-18 19:00:00,RJPN-003-1,RJPN-003,Band 1 (2100MHz),-87.5,-8.7,17.4,71.8,49.1,131.9
2026-07-18 19:00:00,RJPN-003-2,RJPN-003,Band 1 (2100MHz),-89.7,-15.6,15.3,70.9,50.2,81.2
2026-07-18 19:00:00,RJPN-003-3,RJPN-003,Band 1 (2100MHz),-92.4,-13.0,13.7,92.3,53.1,98.9
2026-07-18 19:00:00,RJPN-004-1,RJPN-004,Band 3 (1800MHz),-81.1,-10.7,16.8,58.8,33.7,99.9
2026-07-18 19:00:00,RJPN-004-2,RJPN-004,Band 3 (1800MHz),-91.0,-13.5,8.8,88.2,40.2,105.1
2026-07-18 19:00:00,RJPN-004-3,RJPN-004,Band 3 (1800MHz),-87.0,-12.2,18.5,63.9,29.7,98.1
2026-07-18 19:00:00,RJPN-005-1,RJPN-005,Band 1 (2100MHz),-86.9,-15.4,13.6,81.1,33.0,124.8
2026-07-18 19:00:00,RJPN-005-2,RJPN-005,Band 1 (2100MHz),-87.4,-13.6,19.2,71.0,31.5,113.7
2026-07-18 19:00:00,RJPN-005-3,RJPN-005,Band 1 (2100MHz),-86.1,-6.4,10.2,52.0,57.0,89.7
2026-07-18 19:00:00,RJPN-006-1,RJPN-006,Band 3 (1800MHz),-88.1,-9.6,18.5,60.0,41.1,185.6
2026-07-18 19:00:00,RJPN-006-2,RJPN-006,Band 3 (1800MHz),-86.7,-16.2,12.5,74.6,56.5,104.0
2026-07-18 19:00:00,RJPN-006-3,RJPN-006,Band 3 (1800MHz),-85.4,-11.2,14.3,68.4,48.9,97.5
2026-07-18 19:00:00,RJPN-007-1,RJPN-007,Band 1 (2100MHz),-92.1,-9.7,17.6,69.5,51.2,126.3
2026-07-18 19:00:00,RJPN-007-2,RJPN-007,Band 1 (2100MHz),-84.6,-11.5,16.4,79.1,50.0,88.5
2026-07-18 19:00:00,RJPN-007-3,RJPN-007,Band 1 (2100MHz),-83.3,-12.6,11.9,78.7,47.5,117.2
2026-07-18 19:00:00,RJPN-008-1,RJPN-008,Band 3 (1800MHz),-85.6,-10.3,9.9,50.3,40.2,107.2
2026-07-18 19:00:00,RJPN-008-2,RJPN-008,Band 3 (1800MHz),-89.3,-10.7,10.8,67.0,48.0,110.5
2026-07-18 19:00:00,RJPN-008-3,RJPN-008,Band 3 (1800MHz),-84.4,-14.1,5.2,100.0,47.4,124.3
2026-07-18 19:00:00,RJPN-009-1,RJPN-009,Band 1 (2100MHz),-84.7,-13.1,23.0,100.0,45.4,87.5
2026-07-18 19:00:00,RJPN-009-2,RJPN-009,Band 1 (2100MHz),-90.8,-10.8,12.9,80.3,52.4,125.1
2026-07-18 19:00:00,RJPN-009-3,RJPN-009,Band 1 (2100MHz),-82.4,-11.5,17.7,84.9,39.4,123.5
2026-07-18 19:00:00,RJPN-010-1,RJPN-010,Band 3 (1800MHz),-88.9,-15.4,15.0,68.5,32.8,112.7
2026-07-18 19:00:00,RJPN-010-2,RJPN-010,Band 3 (1800MHz),-82.3,-11.1,10.6,69.1,49.5,118.4
2026-07-18 19:00:00,RJPN-010-3,RJPN-010,Band 3 (1800MHz),-96.0,-16.1,9.0,72.5,46.7,123.4
2026-07-18 19:00:00,RJPN-011-1,RJPN-011,Band 1 (2100MHz),-98.8,-17.0,7.9,81.8,30.4,105.2
2026-07-18 19:00:00,RJPN-011-2,RJPN-011,Band 1 (2100MHz),-87.3,-12.1,13.5,74.2,46.6,97.3
2026-07-18 19:00:00,RJPN-011-3,RJPN-011,Band 1 (2100MHz),-97.7,-13.1,13.1,67.5,34.1,65.0
2026-07-18 20:00:00,RJPN-001-1,RJPN-001,Band 1 (2100MHz),-84.2,-10.9,17.3,68.0,38.7,118.6
2026-07-18 20:00:00,RJPN-001-2,RJPN-001,Band 1 (2100MHz),-83.9,-10.1,10.7,55.7,51.1,81.0
2026-07-18 20:00:00,RJPN-001-3,RJPN-001,Band 1 (2100MHz),-86.0,-12.7,13.1,63.4,25.5,69.5
2026-07-18 20:00:00,RJPN-002-1,RJPN-002,Band 3 (1800MHz),-105.0,-12.9,6.5,58.2,36.8,159.1
2026-07-18 20:00:00,RJPN-002-2,RJPN-002,Band 3 (1800MHz),-91.6,-11.5,13.8,68.5,30.8,116.9
2026-07-18 20:00:00,RJPN-002-3,RJPN-002,Band 3 (1800MHz),-89.3,-8.3,11.2,53.7,36.2,131.7
2026-07-18 20:00:00,RJPN-003-1,RJPN-003,Band 1 (2100MHz),-80.7,-10.8,9.0,55.9,24.8,124.3
2026-07-18 20:00:00,RJPN-003-2,RJPN-003,Band 1 (2100MHz),-86.5,-13.1,7.9,64.0,49.6,107.9
2026-07-18 20:00:00,RJPN-003-3,RJPN-003,Band 1 (2100MHz),-89.8,-12.0,11.6,46.5,38.8,112.1
2026-07-18 20:00:00,RJPN-004-1,RJPN-004,Band 3 (1800MHz),-89.8,-13.1,8.9,71.4,31.6,73.0
2026-07-18 20:00:00,RJPN-004-2,RJPN-004,Band 3 (1800MHz),-92.2,-9.1,23.2,56.5,38.8,77.8
2026-07-18 20:00:00,RJPN-004-3,RJPN-004,Band 3 (1800MHz),-88.4,-15.6,16.3,58.0,47.8,105.7
2026-07-18 20:00:00,RJPN-005-1,RJPN-005,Band 1 (2100MHz),-84.6,-10.3,11.7,68.3,27.3,107.6
2026-07-18 20:00:00,RJPN-005-2,RJPN-005,Band 1 (2100MHz),-86.1,-12.3,13.7,77.7,28.7,157.4
2026-07-18 20:00:00,RJPN-005-3,RJPN-005,Band 1 (2100MHz),-88.0,-11.8,12.0,74.0,39.2,123.6
2026-07-18 20:00:00,RJPN-006-1,RJPN-006,Band 3 (1800MHz),-87.4,-13.2,20.9,80.0,48.3,102.9
2026-07-18 20:00:00,RJPN-006-2,RJPN-006,Band 3 (1800MHz),-87.3,-11.3,14.3,49.4,48.5,79.4
2026-07-18 20:00:00,RJPN-006-3,RJPN-006,Band 3 (1800MHz),-91.8,-12.0,13.6,54.3,47.6,112.5
2026-07-18 20:00:00,RJPN-007-1,RJPN-007,Band 1 (2100MHz),-89.6,-10.7,9.6,58.6,43.6,89.3
2026-07-18 20:00:00,RJPN-007-2,RJPN-007,Band 1 (2100MHz),-83.5,-12.2,12.4,53.1,30.9,109.3
2026-07-18 20:00:00,RJPN-007-3,RJPN-007,Band 1 (2100MHz),-80.7,-14.3,13.5,61.0,36.7,104.4
2026-07-18 20:00:00,RJPN-008-1,RJPN-008,Band 3 (1800MHz),-85.7,-10.5,12.2,64.4,26.8,110.1
2026-07-18 20:00:00,RJPN-008-2,RJPN-008,Band 3 (1800MHz),-86.8,-15.0,10.4,77.4,24.2,70.7
2026-07-18 20:00:00,RJPN-008-3,RJPN-008,Band 3 (1800MHz),-87.6,-11.5,17.2,64.9,35.9,131.7
2026-07-18 20:00:00,RJPN-009-1,RJPN-009,Band 1 (2100MHz),-81.6,-12.8,9.4,88.0,39.9,109.1
2026-07-18 20:00:00,RJPN-009-2,RJPN-009,Band 1 (2100MHz),-93.2,-15.8,7.5,57.8,44.0,109.2
2026-07-18 20:00:00,RJPN-009-3,RJPN-009,Band 1 (2100MHz),-82.2,-10.1,12.9,63.9,42.5,115.9
2026-07-18 20:00:00,RJPN-010-1,RJPN-010,Band 3 (1800MHz),-82.6,-9.5,7.2,71.3,48.5,117.4
2026-07-18 20:00:00,RJPN-010-2,RJPN-010,Band 3 (1800MHz),-82.6,-13.6,16.2,55.0,53.1,123.0
2026-07-18 20:00:00,RJPN-010-3,RJPN-010,Band 3 (1800MHz),-104.7,-13.7,10.1,41.2,45.5,98.3
2026-07-18 20:00:00,RJPN-011-1,RJPN-011,Band 1 (2100MHz),-95.3,-15.3,7.7,74.1,25.3,53.1
2026-07-18 20:00:00,RJPN-011-2,RJPN-011,Band 1 (2100MHz),-84.6,-6.9,11.8,50.0,32.7,138.8
2026-07-18 20:00:00,RJPN-011-3,RJPN-011,Band 1 (2100MHz),-84.0,-12.2,19.2,64.5,35.4,102.1
2026-07-18 21:00:00,RJPN-001-1,RJPN-001,Band 1 (2100MHz),-87.3,-10.6,6.5,12.8,15.7,64.5
2026-07-18 21:00:00,RJPN-001-2,RJPN-001,Band 1 (2100MHz),-81.6,-7.7,13.5,23.9,13.6,0.0
2026-07-18 21:00:00,RJPN-001-3,RJPN-001,Band 1 (2100MHz),-84.8,-6.6,10.9,3.1,15.6,32.4
2026-07-18 21:00:00,RJPN-002-1,RJPN-002,Band 3 (1800MHz),-98.5,-8.8,2.5,20.3,2.6,79.3
2026-07-18 21:00:00,RJPN-002-2,RJPN-002,Band 3 (1800MHz),-89.2,-5.5,9.9,24.8,9.6,79.9
2026-07-18 21:00:00,RJPN-002-3,RJPN-002,Band 3 (1800MHz),-85.9,-8.7,17.7,0.0,13.5,0.0
2026-07-18 21:00:00,RJPN-003-1,RJPN-003,Band 1 (2100MHz),-99.1,-8.9,13.2,20.3,16.6,0.0
2026-07-18 21:00:00,RJPN-003-2,RJPN-003,Band 1 (2100MHz),-87.7,-9.6,16.6,22.4,5.7,38.0
2026-07-18 21:00:00,RJPN-003-3,RJPN-003,Band 1 (2100MHz),-83.1,-12.1,13.0,13.5,18.0,22.8
2026-07-18 21:00:00,RJPN-004-1,RJPN-004,Band 3 (1800MHz),-86.7,-3.6,11.4,16.7,22.6,50.5
2026-07-18 21:00:00,RJPN-004-2,RJPN-004,Band 3 (1800MHz),-82.9,-6.9,12.2,5.0,5.9,0.0
2026-07-18 21:00:00,RJPN-004-3,RJPN-004,Band 3 (1800MHz),-86.8,-7.9,18.4,7.2,6.4,12.8
2026-07-18 21:00:00,RJPN-005-1,RJPN-005,Band 1 (2100MHz),-83.5,-7.5,15.8,19.1,2.4,68.3
2026-07-18 21:00:00,RJPN-005-2,RJPN-005,Band 1 (2100MHz),-89.5,-7.8,16.9,17.5,0.0,41.6
2026-07-18 21:00:00,RJPN-005-3,RJPN-005,Band 1 (2100MHz),-92.7,-8.4,8.3,6.9,6.0,26.2
2026-07-18 21:00:00,RJPN-006-1,RJPN-006,Band 3 (1800MHz),-78.4,-9.9,9.4,22.4,5.9,26.5
2026-07-18 21:00:00,RJPN-006-2,RJPN-006,Band 3 (1800MHz),-87.2,-10.7,9.8,0.0,0.0,0.4
2026-07-18 21:00:00,RJPN-006-3,RJPN-006,Band 3 (1800MHz),-81.5,-10.5,13.4,6.8,26.4,19.4
2026-07-18 21:00:00,RJPN-007-1,RJPN-007,Band 1 (2100MHz),-86.8,-10.3,25.5,23.8,28.5,26.1
2026-07-18 21:00:00,RJPN-007-2,RJPN-007,Band 1 (2100MHz),-85.7,-7.6,13.6,22.0,2.1,40.8
2026-07-18 21:00:00,RJPN-007-3,RJPN-007,Band 1 (2100MHz),-93.1,-5.5,15.3,31.2,0.0,45.6
2026-07-18 21:00:00,RJPN-008-1,RJPN-008,Band 3 (1800MHz),-86.5,-9.5,14.0,5.7,24.7,6.3
2026-07-18 21:00:00,RJPN-008-2,RJPN-008,Band 3 (1800MHz),-91.4,-6.2,12.8,32.8,19.0,72.9
2026-07-18 21:00:00,RJPN-008-3,RJPN-008,Band 3 (1800MHz),-87.5,-6.9,11.8,30.5,22.4,41.9
2026-07-18 21:00:00,RJPN-009-1,RJPN-009,Band 1 (2100MHz),-85.5,-9.2,18.3,32.1,0.0,0.0
2026-07-18 21:00:00,RJPN-009-2,RJPN-009,Band 1 (2100MHz),-82.2,-9.1,13.3,19.4,0.0,31.0
2026-07-18 21:00:00,RJPN-009-3,RJPN-009,Band 1 (2100MHz),-88.5,-10.5,18.4,10.2,4.7,0.0
2026-07-18 21:00:00,RJPN-010-1,RJPN-010,Band 3 (1800MHz),-86.5,-8.4,14.2,12.6,0.0,51.8
2026-07-18 21:00:00,RJPN-010-2,RJPN-010,Band 3 (1800MHz),-85.6,-7.7,18.1,35.3,20.8,37.9
2026-07-18 21:00:00,RJPN-010-3,RJPN-010,Band 3 (1800MHz),-108.1,-13.2,7.0,0.0,1.5,32.8
2026-07-18 21:00:00,RJPN-011-1,RJPN-011,Band 1 (2100MHz),-95.6,-15.9,8.3,24.1,8.5,37.7
2026-07-18 21:00:00,RJPN-011-2,RJPN-011,Band 1 (2100MHz),-89.8,-7.1,14.2,29.6,19.0,39.0
2026-07-18 21:00:00,RJPN-011-3,RJPN-011,Band 1 (2100MHz),-89.9,-10.3,9.7,28.3,0.0,15.8
2026-07-18 22:00:00,RJPN-001-1,RJPN-001,Band 1 (2100MHz),-89.4,-8.7,25.4,0.0,5.8,0.0
2026-07-18 22:00:00,RJPN-001-2,RJPN-001,Band 1 (2100MHz),-88.5,-7.4,20.7,11.9,0.0,4.6
2026-07-18 22:00:00,RJPN-001-3,RJPN-001,Band 1 (2100MHz),-89.5,-7.4,19.9,10.1,4.1,0.0
2026-07-18 22:00:00,RJPN-002-1,RJPN-002,Band 3 (1800MHz),-95.6,-12.2,4.9,13.2,17.6,14.5
2026-07-18 22:00:00,RJPN-002-2,RJPN-002,Band 3 (1800MHz),-92.1,-9.4,17.0,2.1,16.1,8.8
2026-07-18 22:00:00,RJPN-002-3,RJPN-002,Band 3 (1800MHz),-90.0,-8.9,16.1,0.0,0.0,43.9
2026-07-18 22:00:00,RJPN-003-1,RJPN-003,Band 1 (2100MHz),-86.3,-6.1,16.0,15.4,5.7,31.1
2026-07-18 22:00:00,RJPN-003-2,RJPN-003,Band 1 (2100MHz),-86.8,-5.4,18.3,7.3,0.0,0.2
2026-07-18 22:00:00,RJPN-003-3,RJPN-003,Band 1 (2100MHz),-84.0,-7.7,12.2,0.0,3.8,8.5
2026-07-18 22:00:00,RJPN-004-1,RJPN-004,Band 3 (1800MHz),-91.8,-7.1,14.8,0.0,0.0,29.9
2026-07-18 22:00:00,RJPN-004-2,RJPN-004,Band 3 (1800MHz),-86.8,-7.7,16.9,16.5,0.0,7.4
2026-07-18 22:00:00,RJPN-004-3,RJPN-004,Band 3 (1800MHz),-79.5,-5.1,16.8,7.4,3.6,56.8
2026-07-18 22:00:00,RJPN-005-1,RJPN-005,Band 1 (2100MHz),-86.7,-8.5,16.6,22.8,4.0,7.1
2026-07-18 22:00:00,RJPN-005-2,RJPN-005,Band 1 (2100MHz),-86.9,-7.0,19.8,17.6,0.0,2.1
2026-07-18 22:00:00,RJPN-005-3,RJPN-005,Band 1 (2100MHz),-86.7,-9.5,16.8,26.8,16.1,4.1
2026-07-18 22:00:00,RJPN-006-1,RJPN-006,Band 3 (1800MHz),-85.3,-6.5,16.1,6.7,0.0,21.4
2026-07-18 22:00:00,RJPN-006-2,RJPN-006,Band 3 (1800MHz),-86.8,-7.2,14.7,0.0,0.0,39.5
2026-07-18 22:00:00,RJPN-006-3,RJPN-006,Band 3 (1800MHz),-88.1,-9.8,1.6,6.5,15.7,7.6
2026-07-18 22:00:00,RJPN-007-1,RJPN-007,Band 1 (2100MHz),-90.8,-10.5,13.3,2.3,10.3,22.5
2026-07-18 22:00:00,RJPN-007-2,RJPN-007,Band 1 (2100MHz),-86.5,-7.2,11.7,0.0,0.0,45.1
2026-07-18 22:00:00,RJPN-007-3,RJPN-007,Band 1 (2100MHz),-84.1,-10.3,13.2,26.8,15.8,22.5
2026-07-18 22:00:00,RJPN-008-1,RJPN-008,Band 3 (1800MHz),-84.7,-8.6,19.7,22.0,0.0,0.0
2026-07-18 22:00:00,RJPN-008-2,RJPN-008,Band 3 (1800MHz),-86.0,-6.8,19.8,9.0,0.0,0.0
2026-07-18 22:00:00,RJPN-008-3,RJPN-008,Band 3 (1800MHz),-90.9,-6.4,11.4,2.5,22.9,21.4
2026-07-18 22:00:00,RJPN-009-1,RJPN-009,Band 1 (2100MHz),-81.4,-12.4,17.5,11.5,0.9,0.0
2026-07-18 22:00:00,RJPN-009-2,RJPN-009,Band 1 (2100MHz),-87.7,-8.8,15.1,0.0,12.7,0.7
2026-07-18 22:00:00,RJPN-009-3,RJPN-009,Band 1 (2100MHz),-94.2,-6.1,18.6,17.3,9.5,0.0
2026-07-18 22:00:00,RJPN-010-1,RJPN-010,Band 3 (1800MHz),-84.1,-7.3,16.5,0.0,0.0,0.0
2026-07-18 22:00:00,RJPN-010-2,RJPN-010,Band 3 (1800MHz),-90.5,-7.8,17.1,10.6,0.0,0.0
2026-07-18 22:00:00,RJPN-010-3,RJPN-010,Band 3 (1800MHz),-93.4,-10.4,8.8,2.6,13.0,34.2
2026-07-18 22:00:00,RJPN-011-1,RJPN-011,Band 1 (2100MHz),-99.7,-10.4,-5.9,17.3,5.4,56.0
2026-07-18 22:00:00,RJPN-011-2,RJPN-011,Band 1 (2100MHz),-83.2,-7.2,15.3,4.6,14.9,0.0
2026-07-18 22:00:00,RJPN-011-3,RJPN-011,Band 1 (2100MHz),-85.5,-6.2,12.8,10.9,21.9,42.8
2026-07-18 23:00:00,RJPN-001-1,RJPN-001,Band 1 (2100MHz),-87.0,-7.0,16.7,8.1,15.2,18.8
2026-07-18 23:00:00,RJPN-001-2,RJPN-001,Band 1 (2100MHz),-84.1,-6.4,17.3,0.0,10.5,26.3
2026-07-18 23:00:00,RJPN-001-3,RJPN-001,Band 1 (2100MHz),-90.4,-9.9,25.5,7.9,8.0,0.0
2026-07-18 23:00:00,RJPN-002-1,RJPN-002,Band 3 (1800MHz),-104.7,-10.1,3.1,4.0,13.1,0.0
2026-07-18 23:00:00,RJPN-002-2,RJPN-002,Band 3 (1800MHz),-84.7,-8.1,13.9,3.6,0.0,0.0
2026-07-18 23:00:00,RJPN-002-3,RJPN-002,Band 3 (1800MHz),-83.4,-10.2,12.5,24.5,6.2,7.4
2026-07-18 23:00:00,RJPN-003-1,RJPN-003,Band 1 (2100MHz),-83.4,-5.7,13.7,0.0,17.7,40.1
2026-07-18 23:00:00,RJPN-003-2,RJPN-003,Band 1 (2100MHz),-88.8,-9.0,14.6,21.2,12.3,22.7
2026-07-18 23:00:00,RJPN-003-3,RJPN-003,Band 1 (2100MHz),-89.4,-11.6,14.5,0.0,16.0,35.6
2026-07-18 23:00:00,RJPN-004-1,RJPN-004,Band 3 (1800MHz),-82.8,-9.5,13.4,16.5,7.8,24.0
2026-07-18 23:00:00,RJPN-004-2,RJPN-004,Band 3 (1800MHz),-92.1,-11.6,13.5,0.0,12.6,3.7
2026-07-18 23:00:00,RJPN-004-3,RJPN-004,Band 3 (1800MHz),-88.6,-6.1,15.0,1.9,1.8,15.4
2026-07-18 23:00:00,RJPN-005-1,RJPN-005,Band 1 (2100MHz),-82.4,-8.2,10.0,0.0,0.0,6.9
2026-07-18 23:00:00,RJPN-005-2,RJPN-005,Band 1 (2100MHz),-92.6,-9.3,11.3,6.3,0.0,37.6
2026-07-18 23:00:00,RJPN-005-3,RJPN-005,Band 1 (2100MHz),-88.8,-8.4,16.5,0.0,18.3,53.0
2026-07-18 23:00:00,RJPN-006-1,RJPN-006,Band 3 (1800MHz),-89.5,-9.2,10.2,20.0,9.2,41.8
2026-07-18 23:00:00,RJPN-006-2,RJPN-006,Band 3 (1800MHz),-79.2,-6.6,11.3,24.0,4.4,0.0
2026-07-18 23:00:00,RJPN-006-3,RJPN-006,Band 3 (1800MHz),-86.9,-8.5,16.1,8.4,5.3,9.4
2026-07-18 23:00:00,RJPN-007-1,RJPN-007,Band 1 (2100MHz),-89.8,-8.9,12.6,7.1,1.0,0.0
2026-07-18 23:00:00,RJPN-007-2,RJPN-007,Band 1 (2100MHz),-84.1,-6.2,15.6,0.0,0.0,16.3
2026-07-18 23:00:00,RJPN-007-3,RJPN-007,Band 1 (2100MHz),-79.1,-6.8,12.8,14.0,0.0,0.0
2026-07-18 23:00:00,RJPN-008-1,RJPN-008,Band 3 (1800MHz),-91.9,-7.6,8.1,14.7,22.4,8.6
2026-07-18 23:00:00,RJPN-008-2,RJPN-008,Band 3 (1800MHz),-82.6,-5.4,9.3,0.0,4.1,0.0
2026-07-18 23:00:00,RJPN-008-3,RJPN-008,Band 3 (1800MHz),-88.8,-10.3,18.7,33.5,1.0,0.0
2026-07-18 23:00:00,RJPN-009-1,RJPN-009,Band 1 (2100MHz),-84.2,-10.5,17.1,20.9,22.4,9.8
2026-07-18 23:00:00,RJPN-009-2,RJPN-009,Band 1 (2100MHz),-95.1,-9.5,16.7,5.6,1.9,0.0
2026-07-18 23:00:00,RJPN-009-3,RJPN-009,Band 1 (2100MHz),-87.0,-6.4,11.8,11.6,8.0,66.2
2026-07-18 23:00:00,RJPN-010-1,RJPN-010,Band 3 (1800MHz),-92.9,-10.7,18.5,9.0,9.4,12.9
2026-07-18 23:00:00,RJPN-010-2,RJPN-010,Band 3 (1800MHz),-83.6,-9.8,16.3,7.3,0.0,0.0
2026-07-18 23:00:00,RJPN-010-3,RJPN-010,Band 3 (1800MHz),-102.6,-12.0,0.6,5.4,0.0,1.8
2026-07-18 23:00:00,RJPN-011-1,RJPN-011,Band 1 (2100MHz),-95.8,-12.5,-0.1,0.0,6.3,20.5
2026-07-18 23:00:00,RJPN-011-2,RJPN-011,Band 1 (2100MHz),-87.5,-6.1,14.7,1.9,1.4,0.0
2026-07-18 23:00:00,RJPN-011-3,RJPN-011,Band 1 (2100MHz),-86.4,-10.0,13.5,2.9,0.4,5.0
2026-07-19 00:00:00,RJPN-001-1,RJPN-001,Band 1 (2100MHz),-88.4,-6.8,10.7,22.3,0.0,24.0
2026-07-19 00:00:00,RJPN-001-2,RJPN-001,Band 1 (2100MHz),-91.9,-9.5,14.5,9.9,16.4,9.3
2026-07-19 00:00:00,RJPN-001-3,RJPN-001,Band 1 (2100MHz),-85.2,-6.7,9.7,21.7,0.0,0.0
2026-07-19 00:00:00,RJPN-002-1,RJPN-002,Band 3 (1800MHz),-102.5,-10.4,10.0,7.5,6.2,0.0
2026-07-19 00:00:00,RJPN-002-2,RJPN-002,Band 3 (1800MHz),-81.9,-5.6,14.9,3.4,6.4,17.1
2026-07-19 00:00:00,RJPN-002-3,RJPN-002,Band 3 (1800MHz),-85.4,-9.1,13.4,7.6,0.0,44.3
2026-07-19 00:00:00,RJPN-003-1,RJPN-003,Band 1 (2100MHz),-82.1,-6.8,14.1,0.0,0.0,0.0
2026-07-19 00:00:00,RJPN-003-2,RJPN-003,Band 1 (2100MHz),-90.4,-5.0,11.6,11.5,21.5,0.0
2026-07-19 00:00:00,RJPN-003-3,RJPN-003,Band 1 (2100MHz),-85.4,-5.7,20.0,8.6,9.7,22.1
2026-07-19 00:00:00,RJPN-004-1,RJPN-004,Band 3 (1800MHz),-87.2,-7.6,9.9,16.3,0.0,36.7
2026-07-19 00:00:00,RJPN-004-2,RJPN-004,Band 3 (1800MHz),-81.8,-6.1,5.3,20.5,0.0,25.1
2026-07-19 00:00:00,RJPN-004-3,RJPN-004,Band 3 (1800MHz),-87.6,-6.6,20.2,0.0,0.0,58.0
2026-07-19 00:00:00,RJPN-005-1,RJPN-005,Band 1 (2100MHz),-91.6,-6.1,22.3,0.0,3.4,58.9
2026-07-19 00:00:00,RJPN-005-2,RJPN-005,Band 1 (2100MHz),-83.4,-6.6,9.1,24.1,0.0,29.4
2026-07-19 00:00:00,RJPN-005-3,RJPN-005,Band 1 (2100MHz),-89.6,-8.2,10.5,7.6,3.3,12.6
2026-07-19 00:00:00,RJPN-006-1,RJPN-006,Band 3 (1800MHz),-84.5,-5.7,18.2,0.8,6.8,7.1
2026-07-19 00:00:00,RJPN-006-2,RJPN-006,Band 3 (1800MHz),-96.7,-9.4,8.3,1.4,7.8,17.2
2026-07-19 00:00:00,RJPN-006-3,RJPN-006,Band 3 (1800MHz),-85.2,-9.6,16.6,0.0,0.0,0.0
2026-07-19 00:00:00,RJPN-007-1,RJPN-007,Band 1 (2100MHz),-86.1,-4.5,21.8,13.9,5.1,46.8
2026-07-19 00:00:00,RJPN-007-2,RJPN-007,Band 1 (2100MHz),-87.4,-6.6,12.1,6.2,9.7,0.0
2026-07-19 00:00:00,RJPN-007-3,RJPN-007,Band 1 (2100MHz),-77.2,-9.8,17.1,16.0,3.9,40.3
2026-07-19 00:00:00,RJPN-008-1,RJPN-008,Band 3 (1800MHz),-90.4,-7.2,12.4,11.8,0.0,4.4
2026-07-19 00:00:00,RJPN-008-2,RJPN-008,Band 3 (1800MHz),-85.1,-7.4,18.0,0.0,16.4,51.9
2026-07-19 00:00:00,RJPN-008-3,RJPN-008,Band 3 (1800MHz),-86.3,-6.6,13.6,16.9,0.0,57.6
2026-07-19 00:00:00,RJPN-009-1,RJPN-009,Band 1 (2100MHz),-91.3,-10.1,4.8,7.0,0.0,25.9
2026-07-19 00:00:00,RJPN-009-2,RJPN-009,Band 1 (2100MHz),-89.8,-8.3,5.4,4.2,1.7,60.0
2026-07-19 00:00:00,RJPN-009-3,RJPN-009,Band 1 (2100MHz),-88.2,-9.9,16.9,29.6,0.0,16.8
2026-07-19 00:00:00,RJPN-010-1,RJPN-010,Band 3 (1800MHz),-81.5,-8.1,14.0,0.0,4.1,50.6
2026-07-19 00:00:00,RJPN-010-2,RJPN-010,Band 3 (1800MHz),-90.1,-8.7,20.6,5.9,17.8,0.2
2026-07-19 00:00:00,RJPN-010-3,RJPN-010,Band 3 (1800MHz),-100.6,-12.6,11.9,21.6,20.1,0.0
2026-07-19 00:00:00,RJPN-011-1,RJPN-011,Band 1 (2100MHz),-96.2,-14.6,1.8,1.6,13.2,40.8
2026-07-19 00:00:00,RJPN-011-2,RJPN-011,Band 1 (2100MHz),-83.1,-8.3,13.7,22.7,0.4,20.1
2026-07-19 00:00:00,RJPN-011-3,RJPN-011,Band 1 (2100MHz),-87.5,-12.1,8.7,8.6,0.0,0.0
2026-07-19 01:00:00,RJPN-001-1,RJPN-001,Band 1 (2100MHz),-93.7,-9.3,19.9,19.0,6.9,0.0
2026-07-19 01:00:00,RJPN-001-2,RJPN-001,Band 1 (2100MHz),-93.6,-13.2,6.7,0.0,0.1,0.0
2026-07-19 01:00:00,RJPN-001-3,RJPN-001,Band 1 (2100MHz),-83.0,-7.5,1.1,13.3,5.0,39.1
2026-07-19 01:00:00,RJPN-002-1,RJPN-002,Band 3 (1800MHz),-98.6,-11.2,1.9,0.0,0.0,32.0
2026-07-19 01:00:00,RJPN-002-2,RJPN-002,Band 3 (1800MHz),-88.6,-4.8,0.7,9.8,14.4,38.5
2026-07-19 01:00:00,RJPN-002-3,RJPN-002,Band 3 (1800MHz),-82.0,-8.8,16.2,10.9,0.0,20.7
2026-07-19 01:00:00,RJPN-003-1,RJPN-003,Band 1 (2100MHz),-85.4,-6.3,10.0,18.8,7.9,47.2
2026-07-19 01:00:00,RJPN-003-2,RJPN-003,Band 1 (2100MHz),-87.5,-8.4,15.6,0.0,19.0,0.0
2026-07-19 01:00:00,RJPN-003-3,RJPN-003,Band 1 (2100MHz),-88.8,-6.4,11.2,1.7,1.5,20.3
2026-07-19 01:00:00,RJPN-004-1,RJPN-004,Band 3 (1800MHz),-89.3,-9.1,15.2,7.3,0.0,0.0
2026-07-19 01:00:00,RJPN-004-2,RJPN-004,Band 3 (1800MHz),-88.0,-11.1,13.8,9.5,25.0,30.3
2026-07-19 01:00:00,RJPN-004-3,RJPN-004,Band 3 (1800MHz),-88.7,-3.7,14.7,6.9,13.7,30.6
2026-07-19 01:00:00,RJPN-005-1,RJPN-005,Band 1 (2100MHz),-80.6,-9.9,12.4,6.6,9.7,0.0
2026-07-19 01:00:00,RJPN-005-2,RJPN-005,Band 1 (2100MHz),-91.4,-10.3,7.0,5.0,0.0,30.0
2026-07-19 01:00:00,RJPN-005-3,RJPN-005,Band 1 (2100MHz),-85.1,-8.3,11.2,9.4,11.2,18.6
2026-07-19 01:00:00,RJPN-006-1,RJPN-006,Band 3 (1800MHz),-87.3,-11.5,11.8,0.0,9.8,30.4
2026-07-19 01:00:00,RJPN-006-2,RJPN-006,Band 3 (1800MHz),-87.8,-5.8,13.0,11.4,0.0,30.9
2026-07-19 01:00:00,RJPN-006-3,RJPN-006,Band 3 (1800MHz),-91.6,-7.3,18.0,29.1,15.7,0.0
2026-07-19 01:00:00,RJPN-007-1,RJPN-007,Band 1 (2100MHz),-91.0,-6.4,13.2,12.4,25.1,0.0
2026-07-19 01:00:00,RJPN-007-2,RJPN-007,Band 1 (2100MHz),-88.5,-8.6,17.3,0.0,5.0,0.0
2026-07-19 01:00:00,RJPN-007-3,RJPN-007,Band 1 (2100MHz),-86.4,-5.3,12.1,0.0,11.8,38.9
2026-07-19 01:00:00,RJPN-008-1,RJPN-008,Band 3 (1800MHz),-86.1,-7.9,13.3,22.6,0.0,25.4
2026-07-19 01:00:00,RJPN-008-2,RJPN-008,Band 3 (1800MHz),-80.0,-9.4,10.6,7.9,6.8,21.1
2026-07-19 01:00:00,RJPN-008-3,RJPN-008,Band 3 (1800MHz),-88.3,-6.6,14.0,9.4,11.0,20.1
2026-07-19 01:00:00,RJPN-009-1,RJPN-009,Band 1 (2100MHz),-89.8,-7.5,17.9,8.6,1.7,28.9
2026-07-19 01:00:00,RJPN-009-2,RJPN-009,Band 1 (2100MHz),-87.9,-7.5,10.4,12.5,5.2,6.9
2026-07-19 01:00:00,RJPN-009-3,RJPN-009,Band 1 (2100MHz),-86.7,-9.7,8.2,0.0,0.6,48.3
2026-07-19 01:00:00,RJPN-010-1,RJPN-010,Band 3 (1800MHz),-89.0,-9.2,12.3,12.0,0.0,22.3
2026-07-19 01:00:00,RJPN-010-2,RJPN-010,Band 3 (1800MHz),-95.6,-9.7,12.2,21.7,0.0,23.8
2026-07-19 01:00:00,RJPN-010-3,RJPN-010,Band 3 (1800MHz),-102.5,-13.9,4.9,20.6,1.5,7.6
2026-07-19 01:00:00,RJPN-011-1,RJPN-011,Band 1 (2100MHz),-102.2,-12.7,8.0,7.2,1.4,0.0
2026-07-19 01:00:00,RJPN-011-2,RJPN-011,Band 1 (2100MHz),-88.9,-4.0,11.4,10.1,2.9,8.5
2026-07-19 01:00:00,RJPN-011-3,RJPN-011,Band 1 (2100MHz),-99.3,-8.5,11.9,10.5,23.6,5.1
2026-07-19 02:00:00,RJPN-001-1,RJPN-001,Band 1 (2100MHz),-92.5,-8.4,12.4,6.1,19.1,0.0
2026-07-19 02:00:00,RJPN-001-2,RJPN-001,Band 1 (2100MHz),-81.2,-6.0,13.0,1.4,20.5,0.0
2026-07-19 02:00:00,RJPN-001-3,RJPN-001,Band 1 (2100MHz),-85.4,-8.8,10.9,0.0,7.7,10.2
2026-07-19 02:00:00,RJPN-002-1,RJPN-002,Band 3 (1800MHz),-99.2,-8.5,2.7,0.0,12.3,24.1
2026-07-19 02:00:00,RJPN-002-2,RJPN-002,Band 3 (1800MHz),-89.0,-9.3,19.2,31.6,15.3,42.4
2026-07-19 02:00:00,RJPN-002-3,RJPN-002,Band 3 (1800MHz),-91.4,-7.9,13.5,20.7,8.2,19.8
2026-07-19 02:00:00,RJPN-003-1,RJPN-003,Band 1 (2100MHz),-89.2,-6.8,8.9,22.0,19.7,0.0
2026-07-19 02:00:00,RJPN-003-2,RJPN-003,Band 1 (2100MHz),-87.4,-7.5,17.9,28.9,0.0,4.8
2026-07-19 02:00:00,RJPN-003-3,RJPN-003,Band 1 (2100MHz),-86.9,-8.6,13.6,8.6,7.0,17.1
2026-07-19 02:00:00,RJPN-004-1,RJPN-004,Band 3 (1800MHz),-81.6,-7.1,11.5,0.0,3.3,38.2
2026-07-19 02:00:00,RJPN-004-2,RJPN-004,Band 3 (1800MHz),-85.0,-9.2,18.3,3.3,2.4,2.3
2026-07-19 02:00:00,RJPN-004-3,RJPN-004,Band 3 (1800MHz),-87.4,-10.6,21.5,8.2,4.5,34.1
2026-07-19 02:00:00,RJPN-005-1,RJPN-005,Band 1 (2100MHz),-85.0,-8.6,16.5,12.2,7.0,0.0
2026-07-19 02:00:00,RJPN-005-2,RJPN-005,Band 1 (2100MHz),-82.4,-9.2,15.8,26.4,8.1,0.0
2026-07-19 02:00:00,RJPN-005-3,RJPN-005,Band 1 (2100MHz),-91.1,-8.3,10.1,0.0,13.3,47.0
2026-07-19 02:00:00,RJPN-006-1,RJPN-006,Band 3 (1800MHz),-87.8,-2.9,12.4,6.3,0.0,5.0
2026-07-19 02:00:00,RJPN-006-2,RJPN-006,Band 3 (1800MHz),-90.1,-9.3,9.9,0.0,13.8,14.1
2026-07-19 02:00:00,RJPN-006-3,RJPN-006,Band 3 (1800MHz),-82.1,-10.4,18.5,0.0,1.8,30.9
2026-07-19 02:00:00,RJPN-007-1,RJPN-007,Band 1 (2100MHz),-86.9,-4.9,13.3,0.0,14.4,11.5
2026-07-19 02:00:00,RJPN-007-2,RJPN-007,Band 1 (2100MHz),-86.6,-12.8,20.0,29.1,0.0,0.0
2026-07-19 02:00:00,RJPN-007-3,RJPN-007,Band 1 (2100MHz),-83.2,-7.0,4.3,9.4,16.8,68.9
2026-07-19 02:00:00,RJPN-008-1,RJPN-008,Band 3 (1800MHz),-90.3,-8.3,19.2,27.6,4.2,49.5
2026-07-19 02:00:00,RJPN-008-2,RJPN-008,Band 3 (1800MHz),-88.0,-8.1,14.4,14.9,0.4,61.3
2026-07-19 02:00:00,RJPN-008-3,RJPN-008,Band 3 (1800MHz),-80.0,-8.8,11.1,3.8,13.5,29.4
2026-07-19 02:00:00,RJPN-009-1,RJPN-009,Band 1 (2100MHz),-82.1,-8.4,25.4,25.6,13.1,0.0
2026-07-19 02:00:00,RJPN-009-2,RJPN-009,Band 1 (2100MHz),-91.2,-6.8,18.7,3.4,0.0,64.2
2026-07-19 02:00:00,RJPN-009-3,RJPN-009,Band 1 (2100MHz),-91.9,-7.9,14.1,14.5,0.0,29.2
2026-07-19 02:00:00,RJPN-010-1,RJPN-010,Band 3 (1800MHz),-87.9,-4.8,13.8,6.5,4.3,0.0
2026-07-19 02:00:00,RJPN-010-2,RJPN-010,Band 3 (1800MHz),-79.3,-5.8,12.8,6.8,27.1,63.6
2026-07-19 02:00:00,RJPN-010-3,RJPN-010,Band 3 (1800MHz),-98.3,-11.9,9.7,4.9,0.0,0.0
2026-07-19 02:00:00,RJPN-011-1,RJPN-011,Band 1 (2100MHz),-96.7,-10.8,12.3,25.2,0.0,0.0
2026-07-19 02:00:00,RJPN-011-2,RJPN-011,Band 1 (2100MHz),-87.6,-7.2,13.5,0.0,12.8,0.0
2026-07-19 02:00:00,RJPN-011-3,RJPN-011,Band 1 (2100MHz),-77.6,-7.1,12.5,8.1,0.0,17.8
2026-07-19 03:00:00,RJPN-001-1,RJPN-001,Band 1 (2100MHz),-88.2,-5.1,7.6,21.8,10.4,0.0
2026-07-19 03:00:00,RJPN-001-2,RJPN-001,Band 1 (2100MHz),-86.9,-6.7,16.5,9.1,0.0,24.9
2026-07-19 03:00:00,RJPN-001-3,RJPN-001,Band 1 (2100MHz),-86.2,-5.9,16.9,0.0,9.3,0.0
2026-07-19 03:00:00,RJPN-002-1,RJPN-002,Band 3 (1800MHz),-104.3,-9.4,7.2,0.0,21.1,21.5
2026-07-19 03:00:00,RJPN-002-2,RJPN-002,Band 3 (1800MHz),-80.9,-8.4,18.0,11.7,0.0,3.4
2026-07-19 03:00:00,RJPN-002-3,RJPN-002,Band 3 (1800MHz),-86.6,-7.2,15.6,0.0,1.9,0.0
2026-07-19 03:00:00,RJPN-003-1,RJPN-003,Band 1 (2100MHz),-81.1,-8.8,20.4,6.5,5.0,0.0
2026-07-19 03:00:00,RJPN-003-2,RJPN-003,Band 1 (2100MHz),-82.2,-11.5,10.5,0.0,12.6,13.1
2026-07-19 03:00:00,RJPN-003-3,RJPN-003,Band 1 (2100MHz),-88.7,-8.3,13.7,6.4,0.0,15.7
2026-07-19 03:00:00,RJPN-004-1,RJPN-004,Band 3 (1800MHz),-93.7,-10.8,27.4,12.6,0.0,14.6
2026-07-19 03:00:00,RJPN-004-2,RJPN-004,Band 3 (1800MHz),-82.9,-8.2,10.3,21.9,0.0,0.0
2026-07-19 03:00:00,RJPN-004-3,RJPN-004,Band 3 (1800MHz),-91.2,-6.0,8.7,2.4,15.1,14.6
2026-07-19 03:00:00,RJPN-005-1,RJPN-005,Band 1 (2100MHz),-86.2,-8.5,17.6,40.6,3.2,21.6
2026-07-19 03:00:00,RJPN-005-2,RJPN-005,Band 1 (2100MHz),-85.0,-5.3,18.0,0.0,11.3,0.0
2026-07-19 03:00:00,RJPN-005-3,RJPN-005,Band 1 (2100MHz),-87.4,-7.2,26.5,6.2,8.1,20.6
2026-07-19 03:00:00,RJPN-006-1,RJPN-006,Band 3 (1800MHz),-89.6,-5.7,19.9,0.2,0.0,0.0
2026-07-19 03:00:00,RJPN-006-2,RJPN-006,Band 3 (1800MHz),-89.7,-8.4,6.6,0.0,13.2,57.2
2026-07-19 03:00:00,RJPN-006-3,RJPN-006,Band 3 (1800MHz),-90.5,-12.1,12.9,10.1,0.0,0.0
2026-07-19 03:00:00,RJPN-007-1,RJPN-007,Band 1 (2100MHz),-81.4,-11.6,12.9,0.0,14.5,0.0
2026-07-19 03:00:00,RJPN-007-2,RJPN-007,Band 1 (2100MHz),-89.6,-8.3,13.3,5.7,12.4,10.7
2026-07-19 03:00:00,RJPN-007-3,RJPN-007,Band 1 (2100MHz),-89.7,-8.5,10.5,22.1,6.2,49.3
2026-07-19 03:00:00,RJPN-008-1,RJPN-008,Band 3 (1800MHz),-88.4,-10.7,7.0,0.0,0.0,20.1
2026-07-19 03:00:00,RJPN-008-2,RJPN-008,Band 3 (1800MHz),-89.5,-10.3,17.6,11.1,10.7,0.0
2026-07-19 03:00:00,RJPN-008-3,RJPN-008,Band 3 (1800MHz),-85.5,-8.4,8.5,11.9,4.5,27.3
2026-07-19 03:00:00,RJPN-009-1,RJPN-009,Band 1 (2100MHz),-90.1,-10.0,7.3,13.1,0.0,13.4
2026-07-19 03:00:00,RJPN-009-2,RJPN-009,Band 1 (2100MHz),-79.0,-9.3,9.5,0.0,4.3,49.8
2026-07-19 03:00:00,RJPN-009-3,RJPN-009,Band 1 (2100MHz),-82.8,-4.7,15.2,9.3,9.8,0.0
2026-07-19 03:00:00,RJPN-010-1,RJPN-010,Band 3 (1800MHz),-85.1,-11.1,11.8,12.6,7.2,13.8
2026-07-19 03:00:00,RJPN-010-2,RJPN-010,Band 3 (1800MHz),-87.0,-9.1,9.1,24.9,6.1,17.9
2026-07-19 03:00:00,RJPN-010-3,RJPN-010,Band 3 (1800MHz),-101.7,-13.5,7.6,18.9,0.0,52.0
2026-07-19 03:00:00,RJPN-011-1,RJPN-011,Band 1 (2100MHz),-89.9,-12.8,11.9,21.9,7.1,0.0
2026-07-19 03:00:00,RJPN-011-2,RJPN-011,Band 1 (2100MHz),-85.3,-5.8,16.0,9.5,1.3,19.6
2026-07-19 03:00:00,RJPN-011-3,RJPN-011,Band 1 (2100MHz),-86.9,-6.3,7.8,12.3,9.3,27.5
2026-07-19 04:00:00,RJPN-001-1,RJPN-001,Band 1 (2100MHz),-86.4,-7.0,17.5,10.3,7.6,41.9
2026-07-19 04:00:00,RJPN-001-2,RJPN-001,Band 1 (2100MHz),-84.5,-12.2,12.9,7.0,29.1,59.8
2026-07-19 04:00:00,RJPN-001-3,RJPN-001,Band 1 (2100MHz),-87.6,-3.3,17.4,4.9,0.0,0.0
2026-07-19 04:00:00,RJPN-002-1,RJPN-002,Band 3 (1800MHz),-103.0,-11.2,3.1,34.2,5.5,0.9
2026-07-19 04:00:00,RJPN-002-2,RJPN-002,Band 3 (1800MHz),-90.3,-9.7,9.6,0.0,0.0,5.2
2026-07-19 04:00:00,RJPN-002-3,RJPN-002,Band 3 (1800MHz),-86.9,-9.7,16.6,14.3,24.1,14.9
2026-07-19 04:00:00,RJPN-003-1,RJPN-003,Band 1 (2100MHz),-83.8,-8.0,10.3,9.7,11.4,0.0
2026-07-19 04:00:00,RJPN-003-2,RJPN-003,Band 1 (2100MHz),-85.8,-7.8,11.1,0.0,1.3,27.8
2026-07-19 04:00:00,RJPN-003-3,RJPN-003,Band 1 (2100MHz),-95.4,-7.1,10.8,2.2,14.9,8.7
2026-07-19 04:00:00,RJPN-004-1,RJPN-004,Band 3 (1800MHz),-86.8,-8.0,15.6,4.2,17.1,7.6
2026-07-19 04:00:00,RJPN-004-2,RJPN-004,Band 3 (1800MHz),-84.0,-4.5,12.1,12.3,5.1,29.8
2026-07-19 04:00:00,RJPN-004-3,RJPN-004,Band 3 (1800MHz),-87.7,-8.2,15.9,12.0,10.8,53.1
2026-07-19 04:00:00,RJPN-005-1,RJPN-005,Band 1 (2100MHz),-87.7,-8.9,9.2,26.6,19.1,0.0
2026-07-19 04:00:00,RJPN-005-2,RJPN-005,Band 1 (2100MHz),-82.8,-8.3,7.0,16.6,1.5,0.0
2026-07-19 04:00:00,RJPN-005-3,RJPN-005,Band 1 (2100MHz),-88.9,-7.8,12.1,6.7,3.3,0.0
2026-07-19 04:00:00,RJPN-006-1,RJPN-006,Band 3 (1800MHz),-83.4,-8.4,8.7,4.5,0.0,0.5
2026-07-19 04:00:00,RJPN-006-2,RJPN-006,Band 3 (1800MHz),-82.1,-7.6,14.8,3.6,9.5,64.1
2026-07-19 04:00:00,RJPN-006-3,RJPN-006,Band 3 (1800MHz),-87.9,-5.5,19.5,3.9,1.8,40.1
2026-07-19 04:00:00,RJPN-007-1,RJPN-007,Band 1 (2100MHz),-89.2,-10.2,16.1,18.1,16.5,0.1
2026-07-19 04:00:00,RJPN-007-2,RJPN-007,Band 1 (2100MHz),-82.5,-9.6,3.7,0.0,13.5,20.0
2026-07-19 04:00:00,RJPN-007-3,RJPN-007,Band 1 (2100MHz),-94.3,-5.8,18.5,0.0,0.0,15.0
2026-07-19 04:00:00,RJPN-008-1,RJPN-008,Band 3 (1800MHz),-84.5,-6.5,13.9,27.5,3.2,12.0
2026-07-19 04:00:00,RJPN-008-2,RJPN-008,Band 3 (1800MHz),-87.4,-5.5,6.2,9.9,9.1,25.3
2026-07-19 04:00:00,RJPN-008-3,RJPN-008,Band 3 (1800MHz),-86.7,-8.0,17.4,26.6,0.0,0.0
2026-07-19 04:00:00,RJPN-009-1,RJPN-009,Band 1 (2100MHz),-88.2,-7.4,17.4,2.1,3.9,0.1
2026-07-19 04:00:00,RJPN-009-2,RJPN-009,Band 1 (2100MHz),-76.8,-10.2,15.5,10.7,0.0,19.4
2026-07-19 04:00:00,RJPN-009-3,RJPN-009,Band 1 (2100MHz),-86.8,-8.2,16.2,0.8,13.0,24.5
2026-07-19 04:00:00,RJPN-010-1,RJPN-010,Band 3 (1800MHz),-88.9,-6.8,9.2,26.3,1.8,35.9
2026-07-19 04:00:00,RJPN-010-2,RJPN-010,Band 3 (1800MHz),-83.6,-4.6,21.1,11.7,6.8,16.5
2026-07-19 04:00:00,RJPN-010-3,RJPN-010,Band 3 (1800MHz),-93.8,-10.6,-0.4,17.4,3.1,14.0
2026-07-19 04:00:00,RJPN-011-1,RJPN-011,Band 1 (2100MHz),-110.8,-15.0,2.0,6.3,4.8,16.1
2026-07-19 04:00:00,RJPN-011-2,RJPN-011,Band 1 (2100MHz),-85.1,-7.0,15.1,17.9,0.0,29.8
2026-07-19 04:00:00,RJPN-011-3,RJPN-011,Band 1 (2100MHz),-88.9,-7.6,18.5,0.0,14.3,11.8
2026-07-19 05:00:00,RJPN-001-1,RJPN-001,Band 1 (2100MHz),-87.5,-8.9,17.6,0.3,0.0,0.0
2026-07-19 05:00:00,RJPN-001-2,RJPN-001,Band 1 (2100MHz),-89.5,-6.0,23.1,17.6,13.3,28.6
2026-07-19 05:00:00,RJPN-001-3,RJPN-001,Band 1 (2100MHz),-82.1,-10.6,16.4,23.6,0.0,36.2
2026-07-19 05:00:00,RJPN-002-1,RJPN-002,Band 3 (1800MHz),-97.1,-8.8,14.2,10.2,0.0,14.9
2026-07-19 05:00:00,RJPN-002-2,RJPN-002,Band 3 (1800MHz),-79.9,-7.3,2.1,29.1,4.7,0.0
2026-07-19 05:00:00,RJPN-002-3,RJPN-002,Band 3 (1800MHz),-85.6,-7.3,20.0,1.3,34.0,2.2
2026-07-19 05:00:00,RJPN-003-1,RJPN-003,Band 1 (2100MHz),-91.0,-5.9,8.7,4.9,2.2,20.3
2026-07-19 05:00:00,RJPN-003-2,RJPN-003,Band 1 (2100MHz),-85.9,-9.2,17.0,0.0,0.0,0.0
2026-07-19 05:00:00,RJPN-003-3,RJPN-003,Band 1 (2100MHz),-84.1,-9.8,21.4,22.1,22.2,31.8
2026-07-19 05:00:00,RJPN-004-1,RJPN-004,Band 3 (1800MHz),-86.6,-7.9,19.0,0.0,0.0,0.2
2026-07-19 05:00:00,RJPN-004-2,RJPN-004,Band 3 (1800MHz),-91.3,-10.7,16.4,31.9,0.0,13.2
2026-07-19 05:00:00,RJPN-004-3,RJPN-004,Band 3 (1800MHz),-78.8,-6.4,13.9,0.0,16.6,43.1
2026-07-19 05:00:00,RJPN-005-1,RJPN-005,Band 1 (2100MHz),-74.9,-9.6,11.3,0.0,20.1,0.0
2026-07-19 05:00:00,RJPN-005-2,RJPN-005,Band 1 (2100MHz),-84.7,-6.4,13.0,15.3,19.0,40.8
2026-07-19 05:00:00,RJPN-005-3,RJPN-005,Band 1 (2100MHz),-89.9,-4.3,9.0,6.7,0.0,15.9
2026-07-19 05:00:00,RJPN-006-1,RJPN-006,Band 3 (1800MHz),-88.7,-8.5,13.1,20.2,7.6,0.4
2026-07-19 05:00:00,RJPN-006-2,RJPN-006,Band 3 (1800MHz),-88.7,-9.0,8.9,15.7,6.7,23.3
2026-07-19 05:00:00,RJPN-006-3,RJPN-006,Band 3 (1800MHz),-92.8,-8.4,17.0,3.5,1.8,0.0
2026-07-19 05:00:00,RJPN-007-1,RJPN-007,Band 1 (2100MHz),-85.6,-9.9,14.8,12.4,15.4,7.1
2026-07-19 05:00:00,RJPN-007-2,RJPN-007,Band 1 (2100MHz),-86.9,-7.2,8.7,0.8,1.3,20.2
2026-07-19 05:00:00,RJPN-007-3,RJPN-007,Band 1 (2100MHz),-86.0,-6.8,18.2,5.0,8.7,0.0
2026-07-19 05:00:00,RJPN-008-1,RJPN-008,Band 3 (1800MHz),-87.7,-7.3,18.3,24.3,0.0,21.6
2026-07-19 05:00:00,RJPN-008-2,RJPN-008,Band 3 (1800MHz),-90.9,-10.3,9.5,0.0,0.0,24.1
2026-07-19 05:00:00,RJPN-008-3,RJPN-008,Band 3 (1800MHz),-84.2,-12.2,16.3,0.0,0.0,0.7
2026-07-19 05:00:00,RJPN-009-1,RJPN-009,Band 1 (2100MHz),-93.6,-7.9,4.4,6.1,0.0,36.7
2026-07-19 05:00:00,RJPN-009-2,RJPN-009,Band 1 (2100MHz),-81.3,-9.1,13.4,19.0,0.0,6.4
2026-07-19 05:00:00,RJPN-009-3,RJPN-009,Band 1 (2100MHz),-88.4,-9.0,15.5,13.9,0.9,33.8
2026-07-19 05:00:00,RJPN-010-1,RJPN-010,Band 3 (1800MHz),-85.4,-9.0,3.1,12.8,0.0,39.4
2026-07-19 05:00:00,RJPN-010-2,RJPN-010,Band 3 (1800MHz),-82.6,-10.4,13.2,18.6,2.3,39.6
2026-07-19 05:00:00,RJPN-010-3,RJPN-010,Band 3 (1800MHz),-97.7,-12.8,8.4,0.5,11.4,0.0
2026-07-19 05:00:00,RJPN-011-1,RJPN-011,Band 1 (2100MHz),-101.8,-11.5,7.8,9.1,5.7,9.7
2026-07-19 05:00:00,RJPN-011-2,RJPN-011,Band 1 (2100MHz),-87.6,-7.1,7.4,0.0,0.0,29.8
2026-07-19 05:00:00,RJPN-011-3,RJPN-011,Band 1 (2100MHz),-85.1,-9.7,4.6,6.3,4.4,10.8
2026-07-19 06:00:00,RJPN-001-1,RJPN-001,Band 1 (2100MHz),-86.3,-10.9,9.8,26.5,16.1,15.3
2026-07-19 06:00:00,RJPN-001-2,RJPN-001,Band 1 (2100MHz),-88.5,-11.1,21.5,2.7,3.9,24.0
2026-07-19 06:00:00,RJPN-001-3,RJPN-001,Band 1 (2100MHz),-84.6,-7.6,10.6,23.1,9.9,5.3
2026-07-19 06:00:00,RJPN-002-1,RJPN-002,Band 3 (1800MHz),-99.3,-15.1,0.0,11.5,4.6,41.6
2026-07-19 06:00:00,RJPN-002-2,RJPN-002,Band 3 (1800MHz),-89.4,-9.1,13.2,18.4,29.3,12.3
2026-07-19 06:00:00,RJPN-002-3,RJPN-002,Band 3 (1800MHz),-86.6,-10.1,11.3,6.7,20.9,47.6
2026-07-19 06:00:00,RJPN-003-1,RJPN-003,Band 1 (2100MHz),-87.3,-8.3,14.7,28.8,19.0,37.1
2026-07-19 06:00:00,RJPN-003-2,RJPN-003,Band 1 (2100MHz),-81.9,-5.5,17.6,22.1,21.7,22.9
2026-07-19 06:00:00,RJPN-003-3,RJPN-003,Band 1 (2100MHz),-89.3,-8.2,16.9,42.5,7.6,67.9
2026-07-19 06:00:00,RJPN-004-1,RJPN-004,Band 3 (1800MHz),-92.0,-6.6,11.4,9.2,29.8,29.6
2026-07-19 06:00:00,RJPN-004-2,RJPN-004,Band 3 (1800MHz),-86.4,-9.1,23.8,15.1,17.8,55.3
2026-07-19 06:00:00,RJPN-004-3,RJPN-004,Band 3 (1800MHz),-91.0,-10.3,6.8,14.1,10.8,5.8
2026-07-19 06:00:00,RJPN-005-1,RJPN-005,Band 1 (2100MHz),-78.9,-6.2,15.9,39.6,0.0,38.4
2026-07-19 06:00:00,RJPN-005-2,RJPN-005,Band 1 (2100MHz),-83.8,-7.9,16.8,4.5,6.7,4.6
2026-07-19 06:00:00,RJPN-005-3,RJPN-005,Band 1 (2100MHz),-91.1,-10.2,11.4,47.0,12.0,0.0
2026-07-19 06:00:00,RJPN-006-1,RJPN-006,Band 3 (1800MHz),-82.1,-9.7,14.5,10.6,0.2,42.3
2026-07-19 06:00:00,RJPN-006-2,RJPN-006,Band 3 (1800MHz),-88.1,-8.6,4.8,9.4,20.3,0.0
2026-07-19 06:00:00,RJPN-006-3,RJPN-006,Band 3 (1800MHz),-83.7,-8.1,14.8,39.2,3.1,0.0
2026-07-19 06:00:00,RJPN-007-1,RJPN-007,Band 1 (2100MHz),-91.7,-7.1,9.4,9.2,8.0,22.8
2026-07-19 06:00:00,RJPN-007-2,RJPN-007,Band 1 (2100MHz),-86.4,-7.5,28.0,18.8,11.6,15.3
2026-07-19 06:00:00,RJPN-007-3,RJPN-007,Band 1 (2100MHz),-86.6,-5.7,10.8,2.5,17.2,11.0
2026-07-19 06:00:00,RJPN-008-1,RJPN-008,Band 3 (1800MHz),-93.9,-10.6,19.9,12.7,11.6,38.7
2026-07-19 06:00:00,RJPN-008-2,RJPN-008,Band 3 (1800MHz),-87.5,-9.6,14.0,24.0,15.4,41.1
2026-07-19 06:00:00,RJPN-008-3,RJPN-008,Band 3 (1800MHz),-85.0,-8.8,19.0,24.9,24.2,20.9
2026-07-19 06:00:00,RJPN-009-1,RJPN-009,Band 1 (2100MHz),-91.2,-8.0,12.6,24.8,0.0,38.4
2026-07-19 06:00:00,RJPN-009-2,RJPN-009,Band 1 (2100MHz),-86.2,-8.1,21.1,39.4,7.6,24.0
2026-07-19 06:00:00,RJPN-009-3,RJPN-009,Band 1 (2100MHz),-89.4,-10.7,8.3,11.1,17.8,10.6
2026-07-19 06:00:00,RJPN-010-1,RJPN-010,Band 3 (1800MHz),-79.9,-5.6,17.1,9.5,16.9,75.9
2026-07-19 06:00:00,RJPN-010-2,RJPN-010,Band 3 (1800MHz),-85.2,-3.1,8.6,8.3,9.0,5.6
2026-07-19 06:00:00,RJPN-010-3,RJPN-010,Band 3 (1800MHz),-99.8,-9.2,2.6,31.2,8.6,0.0
2026-07-19 06:00:00,RJPN-011-1,RJPN-011,Band 1 (2100MHz),-99.2,-11.3,0.5,45.9,14.3,50.6
2026-07-19 06:00:00,RJPN-011-2,RJPN-011,Band 1 (2100MHz),-85.4,-8.8,15.0,1.5,17.9,27.8
2026-07-19 06:00:00,RJPN-011-3,RJPN-011,Band 1 (2100MHz),-85.8,-6.1,25.4,36.5,16.3,35.9
2026-07-19 07:00:00,RJPN-001-1,RJPN-001,Band 1 (2100MHz),-88.5,-8.7,12.4,62.9,24.5,45.4
2026-07-19 07:00:00,RJPN-001-2,RJPN-001,Band 1 (2100MHz),-84.9,-10.4,12.4,58.2,39.8,97.7
2026-07-19 07:00:00,RJPN-001-3,RJPN-001,Band 1 (2100MHz),-85.3,-13.7,11.3,52.6,20.2,88.4
2026-07-19 07:00:00,RJPN-002-1,RJPN-002,Band 3 (1800MHz),-96.9,-16.4,2.9,59.4,51.2,102.3
2026-07-19 07:00:00,RJPN-002-2,RJPN-002,Band 3 (1800MHz),-93.6,-10.4,16.3,76.2,48.2,81.7
2026-07-19 07:00:00,RJPN-002-3,RJPN-002,Band 3 (1800MHz),-91.3,-9.0,18.0,33.2,15.5,76.1
2026-07-19 07:00:00,RJPN-003-1,RJPN-003,Band 1 (2100MHz),-79.8,-12.7,14.1,44.4,31.6,70.3
2026-07-19 07:00:00,RJPN-003-2,RJPN-003,Band 1 (2100MHz),-89.5,-11.5,12.3,64.2,47.3,108.2
2026-07-19 07:00:00,RJPN-003-3,RJPN-003,Band 1 (2100MHz),-80.8,-13.5,15.0,26.5,23.6,87.9
2026-07-19 07:00:00,RJPN-004-1,RJPN-004,Band 3 (1800MHz),-90.2,-9.0,14.1,67.6,30.4,67.5
2026-07-19 07:00:00,RJPN-004-2,RJPN-004,Band 3 (1800MHz),-78.1,-7.9,12.2,51.1,35.2,43.3
2026-07-19 07:00:00,RJPN-004-3,RJPN-004,Band 3 (1800MHz),-84.4,-12.1,14.1,54.0,34.0,96.0
2026-07-19 07:00:00,RJPN-005-1,RJPN-005,Band 1 (2100MHz),-91.1,-4.7,5.7,57.7,20.3,101.1
2026-07-19 07:00:00,RJPN-005-2,RJPN-005,Band 1 (2100MHz),-94.2,-6.1,10.6,40.1,23.4,77.4
2026-07-19 07:00:00,RJPN-005-3,RJPN-005,Band 1 (2100MHz),-87.9,-10.4,20.2,67.2,31.9,85.5
2026-07-19 07:00:00,RJPN-006-1,RJPN-006,Band 3 (1800MHz),-86.4,-9.8,12.0,78.4,14.7,102.8
2026-07-19 07:00:00,RJPN-006-2,RJPN-006,Band 3 (1800MHz),-88.6,-8.2,13.7,49.3,38.9,96.1
2026-07-19 07:00:00,RJPN-006-3,RJPN-006,Band 3 (1800MHz),-91.1,-6.4,10.7,67.9,30.5,67.9
2026-07-19 07:00:00,RJPN-007-1,RJPN-007,Band 1 (2100MHz),-87.1,-14.1,15.5,34.8,35.9,78.3
2026-07-19 07:00:00,RJPN-007-2,RJPN-007,Band 1 (2100MHz),-87.5,-7.6,14.5,47.6,40.6,65.0
2026-07-19 07:00:00,RJPN-007-3,RJPN-007,Band 1 (2100MHz),-84.0,-7.9,14.8,76.9,23.2,85.2
2026-07-19 07:00:00,RJPN-008-1,RJPN-008,Band 3 (1800MHz),-85.8,-9.4,7.5,66.1,29.2,95.5
2026-07-19 07:00:00,RJPN-008-2,RJPN-008,Band 3 (1800MHz),-90.2,-12.2,15.0,66.0,24.0,58.2
2026-07-19 07:00:00,RJPN-008-3,RJPN-008,Band 3 (1800MHz),-90.1,-11.7,14.8,49.5,35.7,83.8
2026-07-19 07:00:00,RJPN-009-1,RJPN-009,Band 1 (2100MHz),-83.1,-6.8,16.3,54.8,9.4,105.5
2026-07-19 07:00:00,RJPN-009-2,RJPN-009,Band 1 (2100MHz),-88.6,-8.5,-0.7,51.0,40.4,56.7
2026-07-19 07:00:00,RJPN-009-3,RJPN-009,Band 1 (2100MHz),-80.0,-14.5,17.1,56.9,44.8,96.3
2026-07-19 07:00:00,RJPN-010-1,RJPN-010,Band 3 (1800MHz),-88.5,-11.5,13.2,59.8,39.4,90.4
2026-07-19 07:00:00,RJPN-010-2,RJPN-010,Band 3 (1800MHz),-79.8,-11.6,4.0,60.0,35.6,87.1
2026-07-19 07:00:00,RJPN-010-3,RJPN-010,Band 3 (1800MHz),-107.2,-13.9,-6.5,47.2,17.7,54.6
2026-07-19 07:00:00,RJPN-011-1,RJPN-011,Band 1 (2100MHz),-101.9,-14.1,-0.8,47.5,33.4,80.1
2026-07-19 07:00:00,RJPN-011-2,RJPN-011,Band 1 (2100MHz),-87.4,-12.5,17.5,37.6,34.5,80.2
2026-07-19 07:00:00,RJPN-011-3,RJPN-011,Band 1 (2100MHz),-84.4,-7.9,9.2,54.8,36.0,75.5
2026-07-19 08:00:00,RJPN-001-1,RJPN-001,Band 1 (2100MHz),-91.9,-11.6,13.5,65.3,38.0,136.8
2026-07-19 08:00:00,RJPN-001-2,RJPN-001,Band 1 (2100MHz),-89.4,-13.2,16.4,54.4,39.4,129.0
2026-07-19 08:00:00,RJPN-001-3,RJPN-001,Band 1 (2100MHz),-85.2,-8.1,9.8,62.5,32.3,128.2
2026-07-19 08:00:00,RJPN-002-1,RJPN-002,Band 3 (1800MHz),-98.6,-17.7,1.9,66.9,54.4,122.3
2026-07-19 08:00:00,RJPN-002-2,RJPN-002,Band 3 (1800MHz),-89.1,-12.6,2.0,87.7,39.1,137.5
2026-07-19 08:00:00,RJPN-002-3,RJPN-002,Band 3 (1800MHz),-86.6,-11.6,12.6,86.7,46.8,125.5
2026-07-19 08:00:00,RJPN-003-1,RJPN-003,Band 1 (2100MHz),-86.7,-13.2,7.4,66.8,52.8,109.8
2026-07-19 08:00:00,RJPN-003-2,RJPN-003,Band 1 (2100MHz),-97.5,-12.5,11.5,79.6,38.5,126.3
2026-07-19 08:00:00,RJPN-003-3,RJPN-003,Band 1 (2100MHz),-86.1,-12.1,19.7,60.8,22.8,117.7
2026-07-19 08:00:00,RJPN-004-1,RJPN-004,Band 3 (1800MHz),-83.2,-11.4,19.2,83.0,44.1,114.4
2026-07-19 08:00:00,RJPN-004-2,RJPN-004,Band 3 (1800MHz),-85.0,-13.9,11.9,52.8,32.8,106.5
2026-07-19 08:00:00,RJPN-004-3,RJPN-004,Band 3 (1800MHz),-82.8,-7.3,16.1,64.2,49.0,137.4
2026-07-19 08:00:00,RJPN-005-1,RJPN-005,Band 1 (2100MHz),-83.2,-12.8,13.2,60.1,37.0,123.5
2026-07-19 08:00:00,RJPN-005-2,RJPN-005,Band 1 (2100MHz),-84.5,-10.0,17.3,71.5,54.6,131.4
2026-07-19 08:00:00,RJPN-005-3,RJPN-005,Band 1 (2100MHz),-86.1,-12.4,12.8,100.0,34.9,143.7
2026-07-19 08:00:00,RJPN-006-1,RJPN-006,Band 3 (1800MHz),-83.7,-11.9,7.8,79.9,42.0,137.5
2026-07-19 08:00:00,RJPN-006-2,RJPN-006,Band 3 (1800MHz),-84.2,-9.2,17.3,82.5,42.8,110.6
2026-07-19 08:00:00,RJPN-006-3,RJPN-006,Band 3 (1800MHz),-90.4,-10.6,15.4,99.2,50.9,113.5
2026-07-19 08:00:00,RJPN-007-1,RJPN-007,Band 1 (2100MHz),-93.0,-9.9,12.4,71.9,32.6,146.4
2026-07-19 08:00:00,RJPN-007-2,RJPN-007,Band 1 (2100MHz),-86.2,-12.8,16.3,46.0,52.8,129.4
2026-07-19 08:00:00,RJPN-007-3,RJPN-007,Band 1 (2100MHz),-87.9,-11.3,9.2,80.3,51.8,111.1
2026-07-19 08:00:00,RJPN-008-1,RJPN-008,Band 3 (1800MHz),-90.5,-6.3,17.8,67.9,48.3,113.9
2026-07-19 08:00:00,RJPN-008-2,RJPN-008,Band 3 (1800MHz),-86.8,-11.4,10.8,59.6,46.6,125.7
2026-07-19 08:00:00,RJPN-008-3,RJPN-008,Band 3 (1800MHz),-87.9,-11.5,20.9,79.3,43.3,111.1
2026-07-19 08:00:00,RJPN-009-1,RJPN-009,Band 1 (2100MHz),-87.6,-7.7,11.6,72.7,38.4,132.1
2026-07-19 08:00:00,RJPN-009-2,RJPN-009,Band 1 (2100MHz),-85.7,-8.2,15.7,41.7,39.0,119.5
2026-07-19 08:00:00,RJPN-009-3,RJPN-009,Band 1 (2100MHz),-88.6,-7.7,13.9,62.9,30.1,143.2
2026-07-19 08:00:00,RJPN-010-1,RJPN-010,Band 3 (1800MHz),-86.1,-11.6,18.3,66.1,44.5,109.6
2026-07-19 08:00:00,RJPN-010-2,RJPN-010,Band 3 (1800MHz),-85.2,-12.6,19.1,81.2,31.8,102.6
2026-07-19 08:00:00,RJPN-010-3,RJPN-010,Band 3 (1800MHz),-91.3,-15.4,2.4,80.1,60.1,105.2
2026-07-19 08:00:00,RJPN-011-1,RJPN-011,Band 1 (2100MHz),-103.0,-15.3,3.8,82.9,24.7,94.6
2026-07-19 08:00:00,RJPN-011-2,RJPN-011,Band 1 (2100MHz),-89.1,-14.0,11.0,77.7,39.1,118.0
2026-07-19 08:00:00,RJPN-011-3,RJPN-011,Band 1 (2100MHz),-78.9,-14.6,10.9,64.4,40.1,140.6
2026-07-19 09:00:00,RJPN-001-1,RJPN-001,Band 1 (2100MHz),-84.1,-9.0,4.6,52.3,5.9,81.1
2026-07-19 09:00:00,RJPN-001-2,RJPN-001,Band 1 (2100MHz),-92.4,-11.7,18.2,44.5,40.1,81.6
2026-07-19 09:00:00,RJPN-001-3,RJPN-001,Band 1 (2100MHz),-90.3,-11.0,16.2,54.1,24.4,100.4
2026-07-19 09:00:00,RJPN-002-1,RJPN-002,Band 3 (1800MHz),-97.1,-11.7,5.7,58.9,34.1,69.2
2026-07-19 09:00:00,RJPN-002-2,RJPN-002,Band 3 (1800MHz),-88.1,-11.8,12.5,65.3,24.1,57.4
2026-07-19 09:00:00,RJPN-002-3,RJPN-002,Band 3 (1800MHz),-92.1,-9.1,14.4,61.3,19.5,64.9
2026-07-19 09:00:00,RJPN-003-1,RJPN-003,Band 1 (2100MHz),-86.7,-12.1,3.2,46.1,25.3,92.8
2026-07-19 09:00:00,RJPN-003-2,RJPN-003,Band 1 (2100MHz),-87.1,-11.2,16.3,41.8,21.4,50.3
2026-07-19 09:00:00,RJPN-003-3,RJPN-003,Band 1 (2100MHz),-76.9,-12.0,8.4,72.7,35.1,70.7
2026-07-19 09:00:00,RJPN-004-1,RJPN-004,Band 3 (1800MHz),-93.3,-12.8,13.7,44.1,31.4,110.6
2026-07-19 09:00:00,RJPN-004-2,RJPN-004,Band 3 (1800MHz),-83.4,-12.0,23.0,63.8,19.9,71.4
2026-07-19 09:00:00,RJPN-004-3,RJPN-004,Band 3 (1800MHz),-90.1,-10.2,15.4,55.5,25.5,61.7
2026-07-19 09:00:00,RJPN-005-1,RJPN-005,Band 1 (2100MHz),-83.8,-11.5,8.1,68.0,19.6,59.7
2026-07-19 09:00:00,RJPN-005-2,RJPN-005,Band 1 (2100MHz),-80.8,-10.6,15.2,54.2,24.8,95.4
2026-07-19 09:00:00,RJPN-005-3,RJPN-005,Band 1 (2100MHz),-88.8,-9.2,20.1,42.7,42.2,64.3
2026-07-19 09:00:00,RJPN-006-1,RJPN-006,Band 3 (1800MHz),-82.3,-10.9,19.6,49.3,37.6,61.6
2026-07-19 09:00:00,RJPN-006-2,RJPN-006,Band 3 (1800MHz),-89.3,-9.9,22.3,58.9,21.3,76.6
2026-07-19 09:00:00,RJPN-006-3,RJPN-006,Band 3 (1800MHz),-89.1,-8.4,7.7,56.8,33.8,87.4
2026-07-19 09:00:00,RJPN-007-1,RJPN-007,Band 1 (2100MHz),-91.3,-10.3,11.5,74.2,19.0,114.8
2026-07-19 09:00:00,RJPN-007-2,RJPN-007,Band 1 (2100MHz),-82.8,-10.6,10.1,54.0,21.0,112.2
2026-07-19 09:00:00,RJPN-007-3,RJPN-007,Band 1 (2100MHz),-89.0,-13.5,20.5,55.4,25.3,71.4
2026-07-19 09:00:00,RJPN-008-1,RJPN-008,Band 3 (1800MHz),-90.6,-10.4,9.7,42.8,36.7,106.7
2026-07-19 09:00:00,RJPN-008-2,RJPN-008,Band 3 (1800MHz),-90.8,-12.5,12.0,49.4,35.9,106.2
2026-07-19 09:00:00,RJPN-008-3,RJPN-008,Band 3 (1800MHz),-86.9,-12.1,7.0,60.5,21.1,73.7
2026-07-19 09:00:00,RJPN-009-1,RJPN-009,Band 1 (2100MHz),-86.6,-10.4,13.2,65.0,30.9,82.6
2026-07-19 09:00:00,RJPN-009-2,RJPN-009,Band 1 (2100MHz),-83.3,-8.1,12.1,41.1,18.7,84.0
2026-07-19 09:00:00,RJPN-009-3,RJPN-009,Band 1 (2100MHz),-79.4,-12.6,13.5,88.4,21.0,77.5
2026-07-19 09:00:00,RJPN-010-1,RJPN-010,Band 3 (1800MHz),-91.7,-11.4,10.3,69.0,21.9,134.3
2026-07-19 09:00:00,RJPN-010-2,RJPN-010,Band 3 (1800MHz),-82.3,-8.3,17.1,84.2,26.6,65.2
2026-07-19 09:00:00,RJPN-010-3,RJPN-010,Band 3 (1800MHz),-103.9,-15.6,6.0,60.1,29.9,54.1
2026-07-19 09:00:00,RJPN-011-1,RJPN-011,Band 1 (2100MHz),-89.9,-17.7,7.4,48.8,28.1,124.3
2026-07-19 09:00:00,RJPN-011-2,RJPN-011,Band 1 (2100MHz),-85.2,-8.1,24.8,52.1,42.6,114.5
2026-07-19 09:00:00,RJPN-011-3,RJPN-011,Band 1 (2100MHz),-87.4,-13.0,16.1,43.0,31.5,105.5
2026-07-19 10:00:00,RJPN-001-1,RJPN-001,Band 1 (2100MHz),-88.5,-10.0,16.0,33.2,0.0,47.2
2026-07-19 10:00:00,RJPN-001-2,RJPN-001,Band 1 (2100MHz),-91.0,-4.2,4.0,24.5,16.6,53.0
2026-07-19 10:00:00,RJPN-001-3,RJPN-001,Band 1 (2100MHz),-85.6,-6.6,14.5,2.9,17.9,5.3
2026-07-19 10:00:00,RJPN-002-1,RJPN-002,Band 3 (1800MHz),-98.6,-13.4,-2.5,30.1,6.6,24.0
2026-07-19 10:00:00,RJPN-002-2,RJPN-002,Band 3 (1800MHz),-80.2,-8.8,20.1,25.3,11.1,18.4
2026-07-19 10:00:00,RJPN-002-3,RJPN-002,Band 3 (1800MHz),-85.6,-7.4,22.2,0.0,8.6,108.2
2026-07-19 10:00:00,RJPN-003-1,RJPN-003,Band 1 (2100MHz),-82.0,-8.9,14.7,21.5,14.7,14.6
2026-07-19 10:00:00,RJPN-003-2,RJPN-003,Band 1 (2100MHz),-88.7,-8.3,2.0,30.6,25.3,38.1
2026-07-19 10:00:00,RJPN-003-3,RJPN-003,Band 1 (2100MHz),-80.4,-5.9,13.2,44.3,2.8,16.7
2026-07-19 10:00:00,RJPN-004-1,RJPN-004,Band 3 (1800MHz),-85.2,-10.7,8.2,29.6,14.2,51.7
2026-07-19 10:00:00,RJPN-004-2,RJPN-004,Band 3 (1800MHz),-85.4,-8.5,24.8,19.3,14.8,46.1
2026-07-19 10:00:00,RJPN-004-3,RJPN-004,Band 3 (1800MHz),-90.1,-8.3,20.7,0.8,6.5,3.8
2026-07-19 10:00:00,RJPN-005-1,RJPN-005,Band 1 (2100MHz),-88.9,-9.9,18.8,17.9,1.7,43.7
2026-07-19 10:00:00,RJPN-005-2,RJPN-005,Band 1 (2100MHz),-82.8,-11.1,19.4,0.0,0.0,0.0
2026-07-19 10:00:00,RJPN-005-3,RJPN-005,Band 1 (2100MHz),-91.2,-6.0,21.3,4.1,22.2,4.8
2026-07-19 10:00:00,RJPN-006-1,RJPN-006,Band 3 (1800MHz),-97.5,-8.6,3.8,17.0,8.0,17.2
2026-07-19 10:00:00,RJPN-006-2,RJPN-006,Band 3 (1800MHz),-85.2,-9.8,8.5,24.4,19.8,66.6
2026-07-19 10:00:00,RJPN-006-3,RJPN-006,Band 3 (1800MHz),-90.5,-9.9,9.7,8.6,8.0,0.0
2026-07-19 10:00:00,RJPN-007-1,RJPN-007,Band 1 (2100MHz),-86.2,-6.5,12.4,0.0,7.1,44.4
2026-07-19 10:00:00,RJPN-007-2,RJPN-007,Band 1 (2100MHz),-87.6,-10.3,9.8,11.4,0.0,3.7
2026-07-19 10:00:00,RJPN-007-3,RJPN-007,Band 1 (2100MHz),-82.2,-9.6,16.6,8.3,18.9,0.0
2026-07-19 10:00:00,RJPN-008-1,RJPN-008,Band 3 (1800MHz),-87.1,-6.1,9.4,25.5,0.0,36.7
2026-07-19 10:00:00,RJPN-008-2,RJPN-008,Band 3 (1800MHz),-85.3,-4.0,14.2,11.0,2.3,14.6
2026-07-19 10:00:00,RJPN-008-3,RJPN-008,Band 3 (1800MHz),-86.1,-7.5,8.7,21.6,11.5,55.4
2026-07-19 10:00:00,RJPN-009-1,RJPN-009,Band 1 (2100MHz),-90.6,-11.8,9.1,0.0,5.6,17.8
2026-07-19 10:00:00,RJPN-009-2,RJPN-009,Band 1 (2100MHz),-87.1,-7.0,7.2,33.7,6.1,14.3
2026-07-19 10:00:00,RJPN-009-3,RJPN-009,Band 1 (2100MHz),-86.6,-11.8,17.6,0.0,6.6,23.6
2026-07-19 10:00:00,RJPN-010-1,RJPN-010,Band 3 (1800MHz),-95.8,-7.6,12.5,7.4,0.0,50.6
2026-07-19 10:00:00,RJPN-010-2,RJPN-010,Band 3 (1800MHz),-87.6,-10.3,12.7,29.0,22.7,5.1
2026-07-19 10:00:00,RJPN-010-3,RJPN-010,Band 3 (1800MHz),-100.6,-12.1,4.7,13.5,26.0,26.2
2026-07-19 10:00:00,RJPN-011-1,RJPN-011,Band 1 (2100MHz),-96.5,-11.0,11.3,32.9,16.2,18.4
2026-07-19 10:00:00,RJPN-011-2,RJPN-011,Band 1 (2100MHz),-91.3,-7.1,9.1,10.5,7.4,51.6
2026-07-19 10:00:00,RJPN-011-3,RJPN-011,Band 1 (2100MHz),-86.3,-6.8,8.3,20.3,20.4,40.8
2026-07-19 11:00:00,RJPN-001-1,RJPN-001,Band 1 (2100MHz),-89.3,-7.5,25.3,72.6,17.7,108.6
2026-07-19 11:00:00,RJPN-001-2,RJPN-001,Band 1 (2100MHz),-88.2,-11.2,21.2,65.0,25.5,101.6
2026-07-19 11:00:00,RJPN-001-3,RJPN-001,Band 1 (2100MHz),-89.4,-14.4,17.9,29.0,22.6,99.0
2026-07-19 11:00:00,RJPN-002-1,RJPN-002,Band 3 (1800MHz),-103.8,-11.5,0.3,49.5,33.8,76.1
2026-07-19 11:00:00,RJPN-002-2,RJPN-002,Band 3 (1800MHz),-85.3,-11.1,14.0,47.0,17.9,44.2
2026-07-19 11:00:00,RJPN-002-3,RJPN-002,Band 3 (1800MHz),-89.7,-8.8,14.7,55.6,37.1,68.6
2026-07-19 11:00:00,RJPN-003-1,RJPN-003,Band 1 (2100MHz),-90.2,-11.0,14.4,41.4,28.8,135.6
2026-07-19 11:00:00,RJPN-003-2,RJPN-003,Band 1 (2100MHz),-83.2,-7.6,11.0,51.2,26.6,149.0
2026-07-19 11:00:00,RJPN-003-3,RJPN-003,Band 1 (2100MHz),-89.6,-9.5,13.6,55.8,11.5,42.2
2026-07-19 11:00:00,RJPN-004-1,RJPN-004,Band 3 (1800MHz),-90.9,-10.6,11.9,54.7,40.7,102.6
2026-07-19 11:00:00,RJPN-004-2,RJPN-004,Band 3 (1800MHz),-79.8,-9.2,22.2,26.8,25.3,110.9
2026-07-19 11:00:00,RJPN-004-3,RJPN-004,Band 3 (1800MHz),-86.3,-10.7,10.9,61.2,39.1,43.4
2026-07-19 11:00:00,RJPN-005-1,RJPN-005,Band 1 (2100MHz),-87.0,-10.4,10.6,30.2,35.3,50.1
2026-07-19 11:00:00,RJPN-005-2,RJPN-005,Band 1 (2100MHz),-90.1,-12.7,17.8,39.1,26.4,79.4
2026-07-19 11:00:00,RJPN-005-3,RJPN-005,Band 1 (2100MHz),-85.0,-10.6,9.9,52.8,43.1,41.3
2026-07-19 11:00:00,RJPN-006-1,RJPN-006,Band 3 (1800MHz),-96.8,-7.4,11.6,66.8,22.1,42.4
2026-07-19 11:00:00,RJPN-006-2,RJPN-006,Band 3 (1800MHz),-94.1,-11.1,13.4,41.4,12.3,68.2
2026-07-19 11:00:00,RJPN-006-3,RJPN-006,Band 3 (1800MHz),-84.9,-10.4,20.8,61.3,23.6,34.2
2026-07-19 11:00:00,RJPN-007-1,RJPN-007,Band 1 (2100MHz),-84.9,-5.2,22.0,58.3,26.8,100.2
2026-07-19 11:00:00,RJPN-007-2,RJPN-007,Band 1 (2100MHz),-81.9,-10.0,16.0,74.2,25.4,76.1
2026-07-19 11:00:00,RJPN-007-3,RJPN-007,Band 1 (2100MHz),-83.2,-8.0,20.5,48.5,42.7,86.1
2026-07-19 11:00:00,RJPN-008-1,RJPN-008,Band 3 (1800MHz),-90.3,-8.5,18.0,49.1,20.0,51.2
2026-07-19 11:00:00,RJPN-008-2,RJPN-008,Band 3 (1800MHz),-90.1,-7.9,14.1,35.0,30.5,105.2
2026-07-19 11:00:00,RJPN-008-3,RJPN-008,Band 3 (1800MHz),-85.9,-11.9,6.5,44.9,31.1,71.0
2026-07-19 11:00:00,RJPN-009-1,RJPN-009,Band 1 (2100MHz),-91.7,-12.0,20.7,24.7,36.8,54.1
2026-07-19 11:00:00,RJPN-009-2,RJPN-009,Band 1 (2100MHz),-86.5,-11.4,11.7,56.5,31.0,86.9
2026-07-19 11:00:00,RJPN-009-3,RJPN-009,Band 1 (2100MHz),-86.9,-11.3,5.1,48.4,27.4,85.4
2026-07-19 11:00:00,RJPN-010-1,RJPN-010,Band 3 (1800MHz),-85.1,-9.8,15.7,35.2,24.1,68.6
2026-07-19 11:00:00,RJPN-010-2,RJPN-010,Band 3 (1800MHz),-89.4,-11.8,14.9,52.3,44.2,81.8
2026-07-19 11:00:00,RJPN-010-3,RJPN-010,Band 3 (1800MHz),-101.8,-14.8,2.0,55.4,31.9,96.2
2026-07-19 11:00:00,RJPN-011-1,RJPN-011,Band 1 (2100MHz),-102.4,-14.7,5.7,39.1,38.5,63.1
2026-07-19 11:00:00,RJPN-011-2,RJPN-011,Band 1 (2100MHz),-87.3,-8.1,16.3,39.4,46.4,112.9
2026-07-19 11:00:00,RJPN-011-3,RJPN-011,Band 1 (2100MHz),-88.0,-12.6,9.5,65.6,34.4,75.7
2026-07-19 12:00:00,RJPN-001-1,RJPN-001,Band 1 (2100MHz),-88.8,-8.9,14.5,50.4,33.4,93.4
2026-07-19 12:00:00,RJPN-001-2,RJPN-001,Band 1 (2100MHz),-89.2,-9.3,14.1,70.3,24.7,92.9
2026-07-19 12:00:00,RJPN-001-3,RJPN-001,Band 1 (2100MHz),-82.9,-7.9,12.1,41.3,27.5,100.3
2026-07-19 12:00:00,RJPN-002-1,RJPN-002,Band 3 (1800MHz),-105.9,-14.9,-0.5,56.5,6.6,85.7
2026-07-19 12:00:00,RJPN-002-2,RJPN-002,Band 3 (1800MHz),-89.8,-11.5,16.1,26.2,42.4,58.9
2026-07-19 12:00:00,RJPN-002-3,RJPN-002,Band 3 (1800MHz),-87.9,-9.4,18.0,50.5,7.6,58.7
2026-07-19 12:00:00,RJPN-003-1,RJPN-003,Band 1 (2100MHz),-85.7,-11.7,11.1,51.5,19.0,77.6
2026-07-19 12:00:00,RJPN-003-2,RJPN-003,Band 1 (2100MHz),-85.8,-11.6,13.8,38.9,31.2,124.6
2026-07-19 12:00:00,RJPN-003-3,RJPN-003,Band 1 (2100MHz),-94.8,-11.0,15.0,56.4,15.5,76.4
2026-07-19 12:00:00,RJPN-004-1,RJPN-004,Band 3 (1800MHz),-82.4,-11.9,1.4,46.1,9.2,75.2
2026-07-19 12:00:00,RJPN-004-2,RJPN-004,Band 3 (1800MHz),-84.0,-11.6,7.2,65.2,34.4,70.3
2026-07-19 12:00:00,RJPN-004-3,RJPN-004,Band 3 (1800MHz),-84.5,-9.5,15.1,46.2,30.6,87.7
2026-07-19 12:00:00,RJPN-005-1,RJPN-005,Band 1 (2100MHz),-84.9,-12.7,11.7,35.0,38.0,90.7
2026-07-19 12:00:00,RJPN-005-2,RJPN-005,Band 1 (2100MHz),-94.4,-13.8,17.3,47.5,26.4,122.2
2026-07-19 12:00:00,RJPN-005-3,RJPN-005,Band 1 (2100MHz),-90.3,-13.1,16.0,48.8,32.0,59.4
2026-07-19 12:00:00,RJPN-006-1,RJPN-006,Band 3 (1800MHz),-91.1,-10.6,17.8,51.3,37.6,68.7
2026-07-19 12:00:00,RJPN-006-2,RJPN-006,Band 3 (1800MHz),-81.2,-8.4,11.7,41.6,36.6,68.7
2026-07-19 12:00:00,RJPN-006-3,RJPN-006,Band 3 (1800MHz),-93.4,-11.9,15.4,57.0,43.8,109.2
2026-07-19 12:00:00,RJPN-007-1,RJPN-007,Band 1 (2100MHz),-84.4,-8.1,16.9,65.9,26.3,104.9
2026-07-19 12:00:00,RJPN-007-2,RJPN-007,Band 1 (2100MHz),-93.7,-10.5,19.5,55.3,26.8,84.2
2026-07-19 12:00:00,RJPN-007-3,RJPN-007,Band 1 (2100MHz),-87.2,-9.6,9.0,45.8,32.5,104.5
2026-07-19 12:00:00,RJPN-008-1,RJPN-008,Band 3 (1800MHz),-86.2,-10.8,17.4,57.2,26.8,123.4
2026-07-19 12:00:00,RJPN-008-2,RJPN-008,Band 3 (1800MHz),-88.1,-8.1,9.1,48.5,29.1,66.1
2026-07-19 12:00:00,RJPN-008-3,RJPN-008,Band 3 (1800MHz),-83.3,-11.8,14.7,55.7,17.7,65.7
2026-07-19 12:00:00,RJPN-009-1,RJPN-009,Band 1 (2100MHz),-86.0,-9.7,11.2,54.3,19.7,102.7
2026-07-19 12:00:00,RJPN-009-2,RJPN-009,Band 1 (2100MHz),-84.3,-9.6,13.8,52.2,24.0,35.6
2026-07-19 12:00:00,RJPN-009-3,RJPN-009,Band 1 (2100MHz),-88.9,-7.1,11.4,53.9,30.4,110.0
2026-07-19 12:00:00,RJPN-010-1,RJPN-010,Band 3 (1800MHz),-96.8,-11.9,13.6,55.6,21.6,86.5
2026-07-19 12:00:00,RJPN-010-2,RJPN-010,Band 3 (1800MHz),-85.5,-9.4,13.0,37.9,15.9,73.3
2026-07-19 12:00:00,RJPN-010-3,RJPN-010,Band 3 (1800MHz),-95.3,-12.5,-0.7,31.0,29.8,87.4
2026-07-19 12:00:00,RJPN-011-1,RJPN-011,Band 1 (2100MHz),-99.9,-11.8,2.2,61.2,46.0,89.5
2026-07-19 12:00:00,RJPN-011-2,RJPN-011,Band 1 (2100MHz),-85.6,-14.2,15.7,55.7,26.7,87.2
2026-07-19 12:00:00,RJPN-011-3,RJPN-011,Band 1 (2100MHz),-84.9,-9.4,9.1,69.4,24.4,63.2
2026-07-19 13:00:00,RJPN-001-1,RJPN-001,Band 1 (2100MHz),-92.2,-8.8,16.2,52.7,38.9,81.1
2026-07-19 13:00:00,RJPN-001-2,RJPN-001,Band 1 (2100MHz),-86.3,-9.8,15.2,68.4,17.2,88.0
2026-07-19 13:00:00,RJPN-001-3,RJPN-001,Band 1 (2100MHz),-86.3,-9.7,11.0,37.1,28.0,75.4
2026-07-19 13:00:00,RJPN-002-1,RJPN-002,Band 3 (1800MHz),-98.4,-15.8,8.3,32.5,35.6,58.2
2026-07-19 13:00:00,RJPN-002-2,RJPN-002,Band 3 (1800MHz),-92.5,-11.2,8.2,55.4,20.8,102.4
2026-07-19 13:00:00,RJPN-002-3,RJPN-002,Band 3 (1800MHz),-93.6,-13.9,15.0,48.7,42.5,89.0
2026-07-19 13:00:00,RJPN-003-1,RJPN-003,Band 1 (2100MHz),-89.4,-13.8,10.6,47.0,56.5,93.4
2026-07-19 13:00:00,RJPN-003-2,RJPN-003,Band 1 (2100MHz),-90.1,-11.4,14.4,51.5,27.1,105.4
2026-07-19 13:00:00,RJPN-003-3,RJPN-003,Band 1 (2100MHz),-90.1,-8.7,3.6,38.8,34.0,80.4
2026-07-19 13:00:00,RJPN-004-1,RJPN-004,Band 3 (1800MHz),-80.5,-11.9,19.2,56.8,28.6,79.3
2026-07-19 13:00:00,RJPN-004-2,RJPN-004,Band 3 (1800MHz),-90.8,-11.5,16.7,42.7,21.6,119.4
2026-07-19 13:00:00,RJPN-004-3,RJPN-004,Band 3 (1800MHz),-82.2,-11.4,9.6,51.8,16.4,64.5
2026-07-19 13:00:00,RJPN-005-1,RJPN-005,Band 1 (2100MHz),-83.7,-12.0,16.4,49.9,46.8,93.0
2026-07-19 13:00:00,RJPN-005-2,RJPN-005,Band 1 (2100MHz),-85.1,-8.1,9.9,24.6,31.0,107.6
2026-07-19 13:00:00,RJPN-005-3,RJPN-005,Band 1 (2100MHz),-84.5,-9.1,12.9,40.4,57.0,55.6
2026-07-19 13:00:00,RJPN-006-1,RJPN-006,Band 3 (1800MHz),-86.1,-8.0,11.7,64.9,48.3,97.2
2026-07-19 13:00:00,RJPN-006-2,RJPN-006,Band 3 (1800MHz),-89.4,-15.1,6.8,38.0,31.1,98.3
2026-07-19 13:00:00,RJPN-006-3,RJPN-006,Band 3 (1800MHz),-94.2,-9.5,4.2,64.2,41.5,109.2
2026-07-19 13:00:00,RJPN-007-1,RJPN-007,Band 1 (2100MHz),-85.2,-10.0,19.6,35.1,21.3,85.5
2026-07-19 13:00:00,RJPN-007-2,RJPN-007,Band 1 (2100MHz),-82.9,-13.1,13.7,44.0,24.2,46.3
2026-07-19 13:00:00,RJPN-007-3,RJPN-007,Band 1 (2100MHz),-83.5,-9.2,14.2,54.1,36.7,74.9
2026-07-19 13:00:00,RJPN-008-1,RJPN-008,Band 3 (1800MHz),-86.6,-11.9,12.6,52.7,31.8,74.9
2026-07-19 13:00:00,RJPN-008-2,RJPN-008,Band 3 (1800MHz),-85.7,-12.9,9.3,59.3,41.2,95.1
2026-07-19 13:00:00,RJPN-008-3,RJPN-008,Band 3 (1800MHz),-76.9,-11.3,17.0,31.4,19.8,99.9
2026-07-19 13:00:00,RJPN-009-1,RJPN-009,Band 1 (2100MHz),-79.5,-10.9,13.5,20.4,17.1,48.1
2026-07-19 13:00:00,RJPN-009-2,RJPN-009,Band 1 (2100MHz),-81.9,-8.9,17.0,34.0,28.3,65.4
2026-07-19 13:00:00,RJPN-009-3,RJPN-009,Band 1 (2100MHz),-83.5,-10.0,12.8,45.5,21.9,96.8
2026-07-19 13:00:00,RJPN-010-1,RJPN-010,Band 3 (1800MHz),-87.2,-15.1,17.0,35.5,35.8,28.1
2026-07-19 13:00:00,RJPN-010-2,RJPN-010,Band 3 (1800MHz),-83.8,-8.6,22.5,52.6,16.0,75.2
2026-07-19 13:00:00,RJPN-010-3,RJPN-010,Band 3 (1800MHz),-105.1,-16.7,5.8,55.9,25.7,74.1
2026-07-19 13:00:00,RJPN-011-1,RJPN-011,Band 1 (2100MHz),-100.9,-12.2,1.2,38.3,24.0,88.3
2026-07-19 13:00:00,RJPN-011-2,RJPN-011,Band 1 (2100MHz),-85.8,-7.1,6.2,47.8,30.5,85.5
2026-07-19 13:00:00,RJPN-011-3,RJPN-011,Band 1 (2100MHz),-93.7,-10.7,10.1,43.2,35.2,85.4
2026-07-19 14:00:00,RJPN-001-1,RJPN-001,Band 1 (2100MHz),-86.4,-9.6,16.0,65.9,41.6,75.6
2026-07-19 14:00:00,RJPN-001-2,RJPN-001,Band 1 (2100MHz),-87.4,-8.9,17.3,59.4,23.0,82.1
2026-07-19 14:00:00,RJPN-001-3,RJPN-001,Band 1 (2100MHz),-86.1,-14.3,8.0,41.5,30.4,79.5
2026-07-19 14:00:00,RJPN-002-1,RJPN-002,Band 3 (1800MHz),-96.3,-11.4,-0.7,53.7,42.5,51.3
2026-07-19 14:00:00,RJPN-002-2,RJPN-002,Band 3 (1800MHz),-91.9,-8.6,15.2,45.2,25.1,52.4
2026-07-19 14:00:00,RJPN-002-3,RJPN-002,Band 3 (1800MHz),-88.1,-9.4,23.1,43.2,22.1,91.4
2026-07-19 14:00:00,RJPN-003-1,RJPN-003,Band 1 (2100MHz),-89.0,-12.7,16.4,54.0,29.3,22.8
2026-07-19 14:00:00,RJPN-003-2,RJPN-003,Band 1 (2100MHz),-89.9,-7.1,25.4,63.8,22.1,118.6
2026-07-19 14:00:00,RJPN-003-3,RJPN-003,Band 1 (2100MHz),-95.0,-10.2,10.4,52.8,34.5,84.6
2026-07-19 14:00:00,RJPN-004-1,RJPN-004,Band 3 (1800MHz),-90.4,-12.1,10.1,57.8,25.0,89.3
2026-07-19 14:00:00,RJPN-004-2,RJPN-004,Band 3 (1800MHz),-88.7,-10.6,7.0,38.7,28.3,71.8
2026-07-19 14:00:00,RJPN-004-3,RJPN-004,Band 3 (1800MHz),-91.0,-7.0,13.9,40.9,46.1,110.3
2026-07-19 14:00:00,RJPN-005-1,RJPN-005,Band 1 (2100MHz),-85.8,-10.9,9.0,72.1,24.6,80.9
2026-07-19 14:00:00,RJPN-005-2,RJPN-005,Band 1 (2100MHz),-81.9,-10.1,17.4,61.8,40.4,42.1
2026-07-19 14:00:00,RJPN-005-3,RJPN-005,Band 1 (2100MHz),-84.6,-7.0,20.8,68.3,33.3,114.6
2026-07-19 14:00:00,RJPN-006-1,RJPN-006,Band 3 (1800MHz),-88.9,-13.4,12.2,48.3,32.9,74.7
2026-07-19 14:00:00,RJPN-006-2,RJPN-006,Band 3 (1800MHz),-85.3,-10.1,13.4,28.1,43.5,93.1
2026-07-19 14:00:00,RJPN-006-3,RJPN-006,Band 3 (1800MHz),-90.2,-12.0,14.4,40.8,32.1,111.0
2026-07-19 14:00:00,RJPN-007-1,RJPN-007,Band 1 (2100MHz),-86.0,-11.7,10.3,42.3,34.1,52.5
2026-07-19 14:00:00,RJPN-007-2,RJPN-007,Band 1 (2100MHz),-86.0,-11.1,18.7,60.3,31.1,44.1
2026-07-19 14:00:00,RJPN-007-3,RJPN-007,Band 1 (2100MHz),-83.0,-6.5,10.3,72.7,37.4,113.6
2026-07-19 14:00:00,RJPN-008-1,RJPN-008,Band 3 (1800MHz),-85.3,-12.2,14.6,40.3,27.3,58.2
2026-07-19 14:00:00,RJPN-008-2,RJPN-008,Band 3 (1800MHz),-86.3,-9.5,5.7,44.4,14.1,62.0
2026-07-19 14:00:00,RJPN-008-3,RJPN-008,Band 3 (1800MHz),-87.0,-11.4,11.3,56.2,24.0,101.3
2026-07-19 14:00:00,RJPN-009-1,RJPN-009,Band 1 (2100MHz),-93.7,-7.2,6.8,36.1,29.0,49.2
2026-07-19 14:00:00,RJPN-009-2,RJPN-009,Band 1 (2100MHz),-84.2,-11.0,8.2,39.1,27.4,63.8
2026-07-19 14:00:00,RJPN-009-3,RJPN-009,Band 1 (2100MHz),-85.9,-9.0,17.3,45.6,20.4,80.2
2026-07-19 14:00:00,RJPN-010-1,RJPN-010,Band 3 (1800MHz),-90.4,-12.8,22.0,48.7,36.6,102.7
2026-07-19 14:00:00,RJPN-010-2,RJPN-010,Band 3 (1800MHz),-82.2,-7.9,13.2,17.2,31.3,108.4
2026-07-19 14:00:00,RJPN-010-3,RJPN-010,Band 3 (1800MHz),-104.2,-13.3,4.2,47.9,17.8,79.6
2026-07-19 14:00:00,RJPN-011-1,RJPN-011,Band 1 (2100MHz),-96.4,-10.7,2.7,68.6,19.8,86.2
2026-07-19 14:00:00,RJPN-011-2,RJPN-011,Band 1 (2100MHz),-83.2,-12.9,17.8,38.7,25.6,54.5
2026-07-19 14:00:00,RJPN-011-3,RJPN-011,Band 1 (2100MHz),-87.2,-8.9,11.0,53.4,23.3,91.3
2026-07-19 15:00:00,RJPN-001-1,RJPN-001,Band 1 (2100MHz),-87.5,-9.2,20.7,25.6,18.9,38.7
2026-07-19 15:00:00,RJPN-001-2,RJPN-001,Band 1 (2100MHz),-88.6,-9.3,10.8,16.9,0.0,20.8
2026-07-19 15:00:00,RJPN-001-3,RJPN-001,Band 1 (2100MHz),-82.4,-5.9,16.2,16.9,28.1,25.8
2026-07-19 15:00:00,RJPN-002-1,RJPN-002,Band 3 (1800MHz),-102.7,-14.2,6.6,24.1,8.4,30.8
2026-07-19 15:00:00,RJPN-002-2,RJPN-002,Band 3 (1800MHz),-85.0,-7.5,14.5,6.9,9.0,40.9
2026-07-19 15:00:00,RJPN-002-3,RJPN-002,Band 3 (1800MHz),-82.7,-8.5,17.1,0.0,8.8,0.0
2026-07-19 15:00:00,RJPN-003-1,RJPN-003,Band 1 (2100MHz),-77.4,-7.4,13.7,14.9,19.1,43.1
2026-07-19 15:00:00,RJPN-003-2,RJPN-003,Band 1 (2100MHz),-85.6,-10.6,18.9,5.5,12.5,47.1
2026-07-19 15:00:00,RJPN-003-3,RJPN-003,Band 1 (2100MHz),-88.3,-7.8,11.1,26.5,22.6,0.0
2026-07-19 15:00:00,RJPN-004-1,RJPN-004,Band 3 (1800MHz),-85.1,-6.7,10.2,0.0,20.3,29.1
2026-07-19 15:00:00,RJPN-004-2,RJPN-004,Band 3 (1800MHz),-89.8,-7.1,16.6,26.4,7.6,0.0
2026-07-19 15:00:00,RJPN-004-3,RJPN-004,Band 3 (1800MHz),-88.7,-9.7,5.0,0.0,16.0,16.0
2026-07-19 15:00:00,RJPN-005-1,RJPN-005,Band 1 (2100MHz),-89.5,-1.4,16.2,3.7,14.5,19.7
2026-07-19 15:00:00,RJPN-005-2,RJPN-005,Band 1 (2100MHz),-80.3,-8.6,11.3,1.8,6.7,39.8
2026-07-19 15:00:00,RJPN-005-3,RJPN-005,Band 1 (2100MHz),-86.9,-8.5,14.6,0.0,0.0,55.2
2026-07-19 15:00:00,RJPN-006-1,RJPN-006,Band 3 (1800MHz),-96.2,-6.2,10.7,41.8,5.0,8.4
2026-07-19 15:00:00,RJPN-006-2,RJPN-006,Band 3 (1800MHz),-83.0,-6.2,13.6,7.7,13.8,60.2
2026-07-19 15:00:00,RJPN-006-3,RJPN-006,Band 3 (1800MHz),-82.1,-6.4,16.3,16.7,11.6,0.0
2026-07-19 15:00:00,RJPN-007-1,RJPN-007,Band 1 (2100MHz),-87.3,-6.4,17.1,28.8,10.3,9.8
2026-07-19 15:00:00,RJPN-007-2,RJPN-007,Band 1 (2100MHz),-88.8,-8.0,18.7,18.6,20.3,24.0
2026-07-19 15:00:00,RJPN-007-3,RJPN-007,Band 1 (2100MHz),-87.7,-8.2,15.6,28.0,8.7,0.0
2026-07-19 15:00:00,RJPN-008-1,RJPN-008,Band 3 (1800MHz),-90.2,-11.2,23.7,7.8,10.1,30.2
2026-07-19 15:00:00,RJPN-008-2,RJPN-008,Band 3 (1800MHz),-85.1,-8.0,10.3,27.3,12.4,38.5
2026-07-19 15:00:00,RJPN-008-3,RJPN-008,Band 3 (1800MHz),-90.2,-7.5,14.2,32.8,19.0,35.1
2026-07-19 15:00:00,RJPN-009-1,RJPN-009,Band 1 (2100MHz),-85.7,-6.8,22.4,5.3,10.2,40.0
2026-07-19 15:00:00,RJPN-009-2,RJPN-009,Band 1 (2100MHz),-86.6,-10.9,12.3,9.8,3.0,27.2
2026-07-19 15:00:00,RJPN-009-3,RJPN-009,Band 1 (2100MHz),-89.7,-10.7,15.0,33.6,19.3,0.0
2026-07-19 15:00:00,RJPN-010-1,RJPN-010,Band 3 (1800MHz),-90.8,-9.3,8.3,19.5,12.1,26.5
2026-07-19 15:00:00,RJPN-010-2,RJPN-010,Band 3 (1800MHz),-91.6,-6.7,4.5,19.8,2.9,22.4
2026-07-19 15:00:00,RJPN-010-3,RJPN-010,Band 3 (1800MHz),-95.0,-11.4,6.9,26.8,0.0,41.9
2026-07-19 15:00:00,RJPN-011-1,RJPN-011,Band 1 (2100MHz),-99.9,-14.1,4.5,33.0,5.2,54.8
2026-07-19 15:00:00,RJPN-011-2,RJPN-011,Band 1 (2100MHz),-82.2,-8.4,12.5,0.0,11.7,25.7
2026-07-19 15:00:00,RJPN-011-3,RJPN-011,Band 1 (2100MHz),-90.3,-6.7,11.0,2.7,0.0,0.0
2026-07-19 16:00:00,RJPN-001-1,RJPN-001,Band 1 (2100MHz),-84.5,-8.0,20.3,76.1,52.5,59.4
2026-07-19 16:00:00,RJPN-001-2,RJPN-001,Band 1 (2100MHz),-89.0,-14.0,19.1,69.6,47.7,99.7
2026-07-19 16:00:00,RJPN-001-3,RJPN-001,Band 1 (2100MHz),-89.3,-11.2,8.3,60.0,45.5,142.7
2026-07-19 16:00:00,RJPN-002-1,RJPN-002,Band 3 (1800MHz),-99.4,-15.8,-2.6,64.8,37.2,123.2
2026-07-19 16:00:00,RJPN-002-2,RJPN-002,Band 3 (1800MHz),-84.7,-7.3,8.9,73.1,28.3,127.2
2026-07-19 16:00:00,RJPN-002-3,RJPN-002,Band 3 (1800MHz),-85.0,-11.0,9.9,68.6,42.4,94.7
2026-07-19 16:00:00,RJPN-003-1,RJPN-003,Band 1 (2100MHz),-87.9,-14.7,12.9,66.7,42.1,102.8
2026-07-19 16:00:00,RJPN-003-2,RJPN-003,Band 1 (2100MHz),-83.4,-9.5,13.1,77.8,57.4,92.3
2026-07-19 16:00:00,RJPN-003-3,RJPN-003,Band 1 (2100MHz),-84.0,-12.3,17.9,60.8,40.8,100.0
2026-07-19 16:00:00,RJPN-004-1,RJPN-004,Band 3 (1800MHz),-94.0,-9.3,20.9,76.2,42.2,95.5
2026-07-19 16:00:00,RJPN-004-2,RJPN-004,Band 3 (1800MHz),-89.3,-13.7,14.9,43.7,42.2,107.6
2026-07-19 16:00:00,RJPN-004-3,RJPN-004,Band 3 (1800MHz),-85.0,-10.2,12.1,65.5,41.8,113.1
2026-07-19 16:00:00,RJPN-005-1,RJPN-005,Band 1 (2100MHz),-84.8,-10.0,15.7,62.5,43.5,86.2
2026-07-19 16:00:00,RJPN-005-2,RJPN-005,Band 1 (2100MHz),-83.9,-11.8,10.3,53.4,37.4,94.5
2026-07-19 16:00:00,RJPN-005-3,RJPN-005,Band 1 (2100MHz),-82.9,-10.8,16.7,47.6,22.9,127.1
2026-07-19 16:00:00,RJPN-006-1,RJPN-006,Band 3 (1800MHz),-78.3,-10.0,6.1,84.6,33.4,115.6
2026-07-19 16:00:00,RJPN-006-2,RJPN-006,Band 3 (1800MHz),-89.4,-12.5,19.5,69.5,45.4,119.4
2026-07-19 16:00:00,RJPN-006-3,RJPN-006,Band 3 (1800MHz),-84.9,-12.4,5.1,63.5,40.6,131.6
2026-07-19 16:00:00,RJPN-007-1,RJPN-007,Band 1 (2100MHz),-82.8,-10.7,9.8,67.1,33.2,96.1
2026-07-19 16:00:00,RJPN-007-2,RJPN-007,Band 1 (2100MHz),-88.9,-9.8,6.7,72.2,48.7,146.8
2026-07-19 16:00:00,RJPN-007-3,RJPN-007,Band 1 (2100MHz),-82.0,-11.4,14.1,71.3,36.0,91.4
2026-07-19 16:00:00,RJPN-008-1,RJPN-008,Band 3 (1800MHz),-92.2,-9.7,8.8,77.9,41.1,104.7
2026-07-19 16:00:00,RJPN-008-2,RJPN-008,Band 3 (1800MHz),-101.3,-6.4,24.2,57.8,29.8,88.7
2026-07-19 16:00:00,RJPN-008-3,RJPN-008,Band 3 (1800MHz),-88.2,-8.3,13.5,60.0,35.6,95.5
2026-07-19 16:00:00,RJPN-009-1,RJPN-009,Band 1 (2100MHz),-84.0,-9.2,11.7,62.0,45.1,76.7
2026-07-19 16:00:00,RJPN-009-2,RJPN-009,Band 1 (2100MHz),-82.7,-7.4,12.3,58.8,36.3,91.3
2026-07-19 16:00:00,RJPN-009-3,RJPN-009,Band 1 (2100MHz),-82.8,-9.1,13.8,67.5,28.9,132.4
2026-07-19 16:00:00,RJPN-010-1,RJPN-010,Band 3 (1800MHz),-81.8,-12.0,14.1,57.7,40.1,101.2
2026-07-19 16:00:00,RJPN-010-2,RJPN-010,Band 3 (1800MHz),-79.2,-11.3,14.7,52.2,38.4,126.9
2026-07-19 16:00:00,RJPN-010-3,RJPN-010,Band 3 (1800MHz),-98.4,-17.0,0.5,70.5,24.1,66.5
2026-07-19 16:00:00,RJPN-011-1,RJPN-011,Band 1 (2100MHz),-96.5,-15.8,3.6,73.4,38.5,117.1
2026-07-19 16:00:00,RJPN-011-2,RJPN-011,Band 1 (2100MHz),-92.3,-10.5,13.9,67.1,40.8,99.2
2026-07-19 16:00:00,RJPN-011-3,RJPN-011,Band 1 (2100MHz),-94.0,-13.8,8.4,92.7,44.7,156.9
2026-07-19 17:00:00,RJPN-001-1,RJPN-001,Band 1 (2100MHz),-88.4,-11.0,22.7,79.8,51.2,85.3
2026-07-19 17:00:00,RJPN-001-2,RJPN-001,Band 1 (2100MHz),-82.8,-10.3,26.3,76.7,53.7,123.9
2026-07-19 17:00:00,RJPN-001-3,RJPN-001,Band 1 (2100MHz),-79.6,-10.8,14.4,75.4,24.0,100.1
2026-07-19 17:00:00,RJPN-002-1,RJPN-002,Band 3 (1800MHz),-97.8,-13.7,1.7,62.9,41.5,109.0
2026-07-19 17:00:00,RJPN-002-2,RJPN-002,Band 3 (1800MHz),-91.4,-9.9,8.9,67.9,36.0,132.5
2026-07-19 17:00:00,RJPN-002-3,RJPN-002,Band 3 (1800MHz),-88.4,-11.1,14.8,49.5,33.8,151.0
2026-07-19 17:00:00,RJPN-003-1,RJPN-003,Band 1 (2100MHz),-86.8,-9.9,10.5,60.3,52.1,133.3
2026-07-19 17:00:00,RJPN-003-2,RJPN-003,Band 1 (2100MHz),-85.8,-13.4,6.4,88.9,46.7,71.7
2026-07-19 17:00:00,RJPN-003-3,RJPN-003,Band 1 (2100MHz),-92.2,-14.5,7.8,62.2,45.3,140.5
2026-07-19 17:00:00,RJPN-004-1,RJPN-004,Band 3 (1800MHz),-91.0,-6.8,19.4,81.6,41.0,135.9
2026-07-19 17:00:00,RJPN-004-2,RJPN-004,Band 3 (1800MHz),-87.0,-10.3,14.1,90.4,57.8,138.7
2026-07-19 17:00:00,RJPN-004-3,RJPN-004,Band 3 (1800MHz),-86.1,-10.9,14.0,64.9,43.8,107.8
2026-07-19 17:00:00,RJPN-005-1,RJPN-005,Band 1 (2100MHz),-90.9,-9.3,19.6,78.9,36.9,124.5
2026-07-19 17:00:00,RJPN-005-2,RJPN-005,Band 1 (2100MHz),-81.4,-12.9,18.2,100.0,55.0,113.9
2026-07-19 17:00:00,RJPN-005-3,RJPN-005,Band 1 (2100MHz),-86.7,-9.7,6.9,69.5,46.0,125.5
2026-07-19 17:00:00,RJPN-006-1,RJPN-006,Band 3 (1800MHz),-86.5,-9.8,8.3,70.0,33.2,149.5
2026-07-19 17:00:00,RJPN-006-2,RJPN-006,Band 3 (1800MHz),-88.7,-12.4,18.6,76.1,55.8,144.5
2026-07-19 17:00:00,RJPN-006-3,RJPN-006,Band 3 (1800MHz),-79.5,-11.0,8.2,72.1,44.4,160.0
2026-07-19 17:00:00,RJPN-007-1,RJPN-007,Band 1 (2100MHz),-86.9,-11.8,7.5,85.3,53.1,117.2
2026-07-19 17:00:00,RJPN-007-2,RJPN-007,Band 1 (2100MHz),-85.1,-13.9,12.7,77.3,41.6,114.0
2026-07-19 17:00:00,RJPN-007-3,RJPN-007,Band 1 (2100MHz),-84.3,-6.9,15.4,47.7,47.4,160.3
2026-07-19 17:00:00,RJPN-008-1,RJPN-008,Band 3 (1800MHz),-86.4,-10.1,20.0,85.5,48.2,108.4
2026-07-19 17:00:00,RJPN-008-2,RJPN-008,Band 3 (1800MHz),-79.7,-12.0,17.3,86.1,37.0,112.9
2026-07-19 17:00:00,RJPN-008-3,RJPN-008,Band 3 (1800MHz),-87.7,-15.9,1.0,49.4,57.4,128.3
2026-07-19 17:00:00,RJPN-009-1,RJPN-009,Band 1 (2100MHz),-91.0,-12.2,7.1,77.8,35.2,131.4
2026-07-19 17:00:00,RJPN-009-2,RJPN-009,Band 1 (2100MHz),-86.8,-13.8,7.6,89.7,49.4,120.2
2026-07-19 17:00:00,RJPN-009-3,RJPN-009,Band 1 (2100MHz),-88.4,-11.6,14.6,66.2,43.3,106.0
2026-07-19 17:00:00,RJPN-010-1,RJPN-010,Band 3 (1800MHz),-82.6,-8.5,12.3,52.3,42.5,145.1
2026-07-19 17:00:00,RJPN-010-2,RJPN-010,Band 3 (1800MHz),-90.1,-12.4,9.5,65.2,34.9,88.0
2026-07-19 17:00:00,RJPN-010-3,RJPN-010,Band 3 (1800MHz),-100.6,-15.0,5.8,74.7,45.1,109.1
2026-07-19 17:00:00,RJPN-011-1,RJPN-011,Band 1 (2100MHz),-99.5,-13.8,17.7,93.3,31.0,138.1
2026-07-19 17:00:00,RJPN-011-2,RJPN-011,Band 1 (2100MHz),-83.0,-14.7,15.8,67.8,26.8,141.6
2026-07-19 17:00:00,RJPN-011-3,RJPN-011,Band 1 (2100MHz),-88.0,-12.1,15.2,48.4,50.1,123.8
2026-07-19 18:00:00,RJPN-001-1,RJPN-001,Band 1 (2100MHz),-88.8,-14.3,14.9,71.7,40.6,111.9
2026-07-19 18:00:00,RJPN-001-2,RJPN-001,Band 1 (2100MHz),-82.8,-8.8,7.1,54.4,43.2,104.8
2026-07-19 18:00:00,RJPN-001-3,RJPN-001,Band 1 (2100MHz),-85.2,-11.8,13.8,74.3,28.6,88.4
2026-07-19 18:00:00,RJPN-002-1,RJPN-002,Band 3 (1800MHz),-102.3,-15.3,7.1,66.5,45.3,105.1
2026-07-19 18:00:00,RJPN-002-2,RJPN-002,Band 3 (1800MHz),-91.7,-11.2,18.9,70.0,46.2,145.7
2026-07-19 18:00:00,RJPN-002-3,RJPN-002,Band 3 (1800MHz),-90.5,-16.4,6.5,73.0,37.6,116.4
2026-07-19 18:00:00,RJPN-003-1,RJPN-003,Band 1 (2100MHz),-87.1,-8.4,13.9,63.7,51.7,114.5
2026-07-19 18:00:00,RJPN-003-2,RJPN-003,Band 1 (2100MHz),-83.4,-15.3,21.9,86.5,28.3,112.0
2026-07-19 18:00:00,RJPN-003-3,RJPN-003,Band 1 (2100MHz),-86.3,-10.3,14.9,53.5,42.5,152.8
2026-07-19 18:00:00,RJPN-004-1,RJPN-004,Band 3 (1800MHz),-84.5,-12.6,15.1,84.3,51.9,119.8
2026-07-19 18:00:00,RJPN-004-2,RJPN-004,Band 3 (1800MHz),-88.9,-11.5,21.6,62.1,62.3,124.2
2026-07-19 18:00:00,RJPN-004-3,RJPN-004,Band 3 (1800MHz),-88.3,-14.2,19.2,86.5,38.7,136.7
2026-07-19 18:00:00,RJPN-005-1,RJPN-005,Band 1 (2100MHz),-94.8,-11.8,13.8,70.2,52.5,123.9
2026-07-19 18:00:00,RJPN-005-2,RJPN-005,Band 1 (2100MHz),-90.1,-11.7,7.4,86.1,53.8,115.7
2026-07-19 18:00:00,RJPN-005-3,RJPN-005,Band 1 (2100MHz),-89.3,-12.6,18.2,70.6,38.8,145.9
2026-07-19 18:00:00,RJPN-006-1,RJPN-006,Band 3 (1800MHz),-82.1,-8.5,9.1,97.5,32.7,122.6
2026-07-19 18:00:00,RJPN-006-2,RJPN-006,Band 3 (1800MHz),-89.0,-15.4,22.2,67.9,47.6,92.9
2026-07-19 18:00:00,RJPN-006-3,RJPN-006,Band 3 (1800MHz),-89.6,-10.7,13.1,85.9,60.6,134.2
2026-07-19 18:00:00,RJPN-007-1,RJPN-007,Band 1 (2100MHz),-83.1,-12.7,18.3,82.3,50.0,110.0
2026-07-19 18:00:00,RJPN-007-2,RJPN-007,Band 1 (2100MHz),-92.9,-12.8,10.6,88.9,27.7,134.4
2026-07-19 18:00:00,RJPN-007-3,RJPN-007,Band 1 (2100MHz),-92.8,-12.4,11.0,73.3,44.8,114.8
2026-07-19 18:00:00,RJPN-008-1,RJPN-008,Band 3 (1800MHz),-87.0,-10.8,12.3,97.0,55.8,134.2
2026-07-19 18:00:00,RJPN-008-2,RJPN-008,Band 3 (1800MHz),-84.3,-13.3,22.1,54.2,35.3,159.4
2026-07-19 18:00:00,RJPN-008-3,RJPN-008,Band 3 (1800MHz),-79.0,-19.2,16.7,66.4,54.0,149.1
2026-07-19 18:00:00,RJPN-009-1,RJPN-009,Band 1 (2100MHz),-89.8,-10.1,7.7,70.1,49.8,78.0
2026-07-19 18:00:00,RJPN-009-2,RJPN-009,Band 1 (2100MHz),-84.1,-9.5,18.8,60.4,37.6,140.5
2026-07-19 18:00:00,RJPN-009-3,RJPN-009,Band 1 (2100MHz),-79.9,-10.5,16.5,84.9,48.2,150.8
2026-07-19 18:00:00,RJPN-010-1,RJPN-010,Band 3 (1800MHz),-91.1,-8.5,10.1,91.4,49.8,126.7
2026-07-19 18:00:00,RJPN-010-2,RJPN-010,Band 3 (1800MHz),-81.0,-11.2,11.6,100.0,32.1,119.7
2026-07-19 18:00:00,RJPN-010-3,RJPN-010,Band 3 (1800MHz),-100.9,-15.5,1.9,75.8,49.0,99.6
2026-07-19 18:00:00,RJPN-011-1,RJPN-011,Band 1 (2100MHz),-94.2,-17.0,6.3,77.1,53.6,92.3
2026-07-19 18:00:00,RJPN-011-2,RJPN-011,Band 1 (2100MHz),-85.3,-11.2,14.4,57.4,37.9,85.8
2026-07-19 18:00:00,RJPN-011-3,RJPN-011,Band 1 (2100MHz),-83.1,-11.5,15.8,72.0,44.1,105.3
2026-07-19 19:00:00,RJPN-001-1,RJPN-001,Band 1 (2100MHz),-82.2,-10.3,19.1,100.0,39.0,102.1
2026-07-19 19:00:00,RJPN-001-2,RJPN-001,Band 1 (2100MHz),-85.6,-13.1,6.8,85.4,38.5,115.5
2026-07-19 19:00:00,RJPN-001-3,RJPN-001,Band 1 (2100MHz),-89.1,-8.9,11.4,67.0,42.0,94.4
2026-07-19 19:00:00,RJPN-002-1,RJPN-002,Band 3 (1800MHz),-99.5,-18.7,6.0,75.1,41.0,129.1
2026-07-19 19:00:00,RJPN-002-2,RJPN-002,Band 3 (1800MHz),-88.8,-12.2,13.3,79.0,45.1,96.0
2026-07-19 19:00:00,RJPN-002-3,RJPN-002,Band 3 (1800MHz),-89.5,-9.2,13.6,85.8,60.5,155.6
2026-07-19 19:00:00,RJPN-003-1,RJPN-003,Band 1 (2100MHz),-93.1,-9.8,16.4,74.0,53.3,132.1
2026-07-19 19:00:00,RJPN-003-2,RJPN-003,Band 1 (2100MHz),-86.0,-9.5,8.5,79.1,50.9,107.2
2026-07-19 19:00:00,RJPN-003-3,RJPN-003,Band 1 (2100MHz),-90.7,-11.4,21.7,81.2,48.7,87.9
2026-07-19 19:00:00,RJPN-004-1,RJPN-004,Band 3 (1800MHz),-81.8,-11.8,11.7,100.0,41.1,96.0
2026-07-19 19:00:00,RJPN-004-2,RJPN-004,Band 3 (1800MHz),-91.6,-11.8,19.8,88.7,42.0,115.6
2026-07-19 19:00:00,RJPN-004-3,RJPN-004,Band 3 (1800MHz),-86.5,-11.5,13.0,77.9,40.5,95.5
2026-07-19 19:00:00,RJPN-005-1,RJPN-005,Band 1 (2100MHz),-87.9,-11.5,19.1,67.0,32.4,94.8
2026-07-19 19:00:00,RJPN-005-2,RJPN-005,Band 1 (2100MHz),-80.6,-12.2,8.8,84.4,37.2,87.1
2026-07-19 19:00:00,RJPN-005-3,RJPN-005,Band 1 (2100MHz),-90.2,-12.5,10.2,68.1,37.7,138.8
2026-07-19 19:00:00,RJPN-006-1,RJPN-006,Band 3 (1800MHz),-83.4,-13.9,10.4,100.0,44.6,96.3
2026-07-19 19:00:00,RJPN-006-2,RJPN-006,Band 3 (1800MHz),-90.6,-13.0,6.1,57.4,55.2,137.2
2026-07-19 19:00:00,RJPN-006-3,RJPN-006,Band 3 (1800MHz),-88.5,-12.6,9.1,73.5,57.1,192.6
2026-07-19 19:00:00,RJPN-007-1,RJPN-007,Band 1 (2100MHz),-87.2,-9.8,9.5,68.2,52.4,104.6
2026-07-19 19:00:00,RJPN-007-2,RJPN-007,Band 1 (2100MHz),-86.4,-12.5,14.0,75.1,34.0,125.7
2026-07-19 19:00:00,RJPN-007-3,RJPN-007,Band 1 (2100MHz),-84.5,-9.4,18.2,69.4,36.4,173.6
2026-07-19 19:00:00,RJPN-008-1,RJPN-008,Band 3 (1800MHz),-80.3,-15.5,13.7,78.3,46.5,133.7
2026-07-19 19:00:00,RJPN-008-2,RJPN-008,Band 3 (1800MHz),-80.9,-13.1,7.3,79.0,44.4,71.5
2026-07-19 19:00:00,RJPN-008-3,RJPN-008,Band 3 (1800MHz),-84.8,-12.3,9.2,85.7,49.5,121.6
2026-07-19 19:00:00,RJPN-009-1,RJPN-009,Band 1 (2100MHz),-91.3,-12.0,16.8,78.1,40.1,113.2
2026-07-19 19:00:00,RJPN-009-2,RJPN-009,Band 1 (2100MHz),-85.2,-7.8,18.4,70.6,40.1,117.7
2026-07-19 19:00:00,RJPN-009-3,RJPN-009,Band 1 (2100MHz),-87.2,-13.1,4.7,90.0,47.6,160.0
2026-07-19 19:00:00,RJPN-010-1,RJPN-010,Band 3 (1800MHz),-93.8,-12.1,12.6,65.1,42.6,122.7
2026-07-19 19:00:00,RJPN-010-2,RJPN-010,Band 3 (1800MHz),-81.3,-12.6,8.4,74.6,47.3,159.1
2026-07-19 19:00:00,RJPN-010-3,RJPN-010,Band 3 (1800MHz),-106.8,-12.1,-0.8,58.5,14.0,130.6
2026-07-19 19:00:00,RJPN-011-1,RJPN-011,Band 1 (2100MHz),-105.5,-17.0,5.6,85.5,46.2,85.1
2026-07-19 19:00:00,RJPN-011-2,RJPN-011,Band 1 (2100MHz),-87.3,-13.1,11.8,92.0,45.1,100.7
2026-07-19 19:00:00,RJPN-011-3,RJPN-011,Band 1 (2100MHz),-91.2,-11.3,11.1,67.7,42.4,113.9
2026-07-19 20:00:00,RJPN-001-1,RJPN-001,Band 1 (2100MHz),-82.2,-13.4,12.0,63.1,44.2,122.5
2026-07-19 20:00:00,RJPN-001-2,RJPN-001,Band 1 (2100MHz),-83.3,-13.6,11.3,65.0,40.3,102.8
2026-07-19 20:00:00,RJPN-001-3,RJPN-001,Band 1 (2100MHz),-82.9,-9.4,6.5,58.4,33.6,81.8
2026-07-19 20:00:00,RJPN-002-1,RJPN-002,Band 3 (1800MHz),-98.1,-15.2,13.7,72.9,41.6,126.3
2026-07-19 20:00:00,RJPN-002-2,RJPN-002,Band 3 (1800MHz),-84.8,-12.2,11.4,60.7,41.2,109.2
2026-07-19 20:00:00,RJPN-002-3,RJPN-002,Band 3 (1800MHz),-89.9,-10.3,9.8,64.7,28.3,153.1
2026-07-19 20:00:00,RJPN-003-1,RJPN-003,Band 1 (2100MHz),-88.9,-10.3,12.6,68.9,41.7,80.2
2026-07-19 20:00:00,RJPN-003-2,RJPN-003,Band 1 (2100MHz),-94.5,-10.2,10.7,70.2,32.0,116.4
2026-07-19 20:00:00,RJPN-003-3,RJPN-003,Band 1 (2100MHz),-87.8,-12.6,5.3,66.8,54.4,107.0
2026-07-19 20:00:00,RJPN-004-1,RJPN-004,Band 3 (1800MHz),-82.8,-8.0,13.7,56.0,33.3,89.2
2026-07-19 20:00:00,RJPN-004-2,RJPN-004,Band 3 (1800MHz),-89.8,-12.0,15.9,35.6,50.6,118.7
2026-07-19 20:00:00,RJPN-004-3,RJPN-004,Band 3 (1800MHz),-86.6,-14.0,11.4,53.3,39.0,132.9
2026-07-19 20:00:00,RJPN-005-1,RJPN-005,Band 1 (2100MHz),-88.8,-12.2,14.6,50.3,34.0,130.2
2026-07-19 20:00:00,RJPN-005-2,RJPN-005,Band 1 (2100MHz),-79.2,-10.6,14.8,52.7,33.9,103.0
2026-07-19 20:00:00,RJPN-005-3,RJPN-005,Band 1 (2100MHz),-85.2,-13.4,20.7,80.5,34.9,98.4
2026-07-19 20:00:00,RJPN-006-1,RJPN-006,Band 3 (1800MHz),-84.7,-6.6,8.2,50.0,41.8,94.6
2026-07-19 20:00:00,RJPN-006-2,RJPN-006,Band 3 (1800MHz),-89.2,-11.0,21.4,70.1,41.5,100.2
2026-07-19 20:00:00,RJPN-006-3,RJPN-006,Band 3 (1800MHz),-89.2,-12.7,25.2,92.8,32.2,99.2
2026-07-19 20:00:00,RJPN-007-1,RJPN-007,Band 1 (2100MHz),-91.0,-6.3,7.0,42.1,34.5,117.8
2026-07-19 20:00:00,RJPN-007-2,RJPN-007,Band 1 (2100MHz),-95.0,-12.7,8.3,66.4,32.8,155.2
2026-07-19 20:00:00,RJPN-007-3,RJPN-007,Band 1 (2100MHz),-88.2,-9.9,18.4,68.5,39.9,67.6
2026-07-19 20:00:00,RJPN-008-1,RJPN-008,Band 3 (1800MHz),-87.7,-11.8,16.9,68.7,31.7,96.6
2026-07-19 20:00:00,RJPN-008-2,RJPN-008,Band 3 (1800MHz),-94.2,-10.9,2.1,69.1,52.1,114.1
2026-07-19 20:00:00,RJPN-008-3,RJPN-008,Band 3 (1800MHz),-79.1,-17.1,13.2,80.9,42.2,81.6
2026-07-19 20:00:00,RJPN-009-1,RJPN-009,Band 1 (2100MHz),-84.0,-10.0,7.0,42.9,30.2,103.4
2026-07-19 20:00:00,RJPN-009-2,RJPN-009,Band 1 (2100MHz),-88.6,-11.1,7.1,75.9,34.3,108.1
2026-07-19 20:00:00,RJPN-009-3,RJPN-009,Band 1 (2100MHz),-91.2,-11.2,10.3,72.1,42.4,105.3
2026-07-19 20:00:00,RJPN-010-1,RJPN-010,Band 3 (1800MHz),-83.7,-11.6,17.4,84.7,56.7,93.6
2026-07-19 20:00:00,RJPN-010-2,RJPN-010,Band 3 (1800MHz),-84.8,-9.1,11.5,84.2,51.5,115.9
2026-07-19 20:00:00,RJPN-010-3,RJPN-010,Band 3 (1800MHz),-98.4,-12.1,15.4,68.9,55.8,129.4
2026-07-19 20:00:00,RJPN-011-1,RJPN-011,Band 1 (2100MHz),-97.2,-16.9,3.0,77.3,30.2,118.3
2026-07-19 20:00:00,RJPN-011-2,RJPN-011,Band 1 (2100MHz),-86.4,-12.5,19.4,74.9,41.3,111.2
2026-07-19 20:00:00,RJPN-011-3,RJPN-011,Band 1 (2100MHz),-81.2,-12.2,10.8,56.6,29.4,95.3
2026-07-19 21:00:00,RJPN-001-1,RJPN-001,Band 1 (2100MHz),-79.9,-9.9,8.4,32.5,16.0,0.0
2026-07-19 21:00:00,RJPN-001-2,RJPN-001,Band 1 (2100MHz),-85.1,-10.3,11.6,14.2,5.4,33.2
2026-07-19 21:00:00,RJPN-001-3,RJPN-001,Band 1 (2100MHz),-97.4,-8.1,9.7,16.3,12.9,46.2
2026-07-19 21:00:00,RJPN-002-1,RJPN-002,Band 3 (1800MHz),-101.5,-16.5,11.1,2.4,7.4,13.2
2026-07-19 21:00:00,RJPN-002-2,RJPN-002,Band 3 (1800MHz),-83.4,-8.9,20.5,0.0,0.0,6.4
2026-07-19 21:00:00,RJPN-002-3,RJPN-002,Band 3 (1800MHz),-90.5,-8.1,21.0,30.4,1.3,30.3
2026-07-19 21:00:00,RJPN-003-1,RJPN-003,Band 1 (2100MHz),-86.2,-11.2,19.6,18.2,12.6,0.0
2026-07-19 21:00:00,RJPN-003-2,RJPN-003,Band 1 (2100MHz),-92.9,-9.4,10.9,0.0,4.4,47.8
2026-07-19 21:00:00,RJPN-003-3,RJPN-003,Band 1 (2100MHz),-94.4,-9.1,12.3,12.5,4.1,0.0
2026-07-19 21:00:00,RJPN-004-1,RJPN-004,Band 3 (1800MHz),-91.6,-10.8,15.9,19.4,1.2,13.9
2026-07-19 21:00:00,RJPN-004-2,RJPN-004,Band 3 (1800MHz),-84.7,-6.2,16.6,29.2,12.6,0.0
2026-07-19 21:00:00,RJPN-004-3,RJPN-004,Band 3 (1800MHz),-86.2,-8.6,18.8,33.1,8.5,17.0
2026-07-19 21:00:00,RJPN-005-1,RJPN-005,Band 1 (2100MHz),-84.3,-9.6,26.0,20.7,8.8,35.8
2026-07-19 21:00:00,RJPN-005-2,RJPN-005,Band 1 (2100MHz),-88.1,-9.4,12.2,14.1,7.8,35.9
2026-07-19 21:00:00,RJPN-005-3,RJPN-005,Band 1 (2100MHz),-89.2,-7.9,9.3,33.4,12.8,4.4
2026-07-19 21:00:00,RJPN-006-1,RJPN-006,Band 3 (1800MHz),-89.3,-13.2,15.8,13.1,5.4,12.0
2026-07-19 21:00:00,RJPN-006-2,RJPN-006,Band 3 (1800MHz),-95.3,-8.2,11.5,27.6,0.0,1.5
2026-07-19 21:00:00,RJPN-006-3,RJPN-006,Band 3 (1800MHz),-84.4,-5.7,6.7,18.7,9.1,20.3
2026-07-19 21:00:00,RJPN-007-1,RJPN-007,Band 1 (2100MHz),-88.5,-8.6,6.2,30.7,0.0,0.0
2026-07-19 21:00:00,RJPN-007-2,RJPN-007,Band 1 (2100MHz),-87.0,-8.5,15.6,8.2,14.3,17.8
2026-07-19 21:00:00,RJPN-007-3,RJPN-007,Band 1 (2100MHz),-86.9,-10.9,14.8,0.0,6.3,0.0
2026-07-19 21:00:00,RJPN-008-1,RJPN-008,Band 3 (1800MHz),-85.7,-5.0,6.9,14.6,19.6,13.1
2026-07-19 21:00:00,RJPN-008-2,RJPN-008,Band 3 (1800MHz),-84.0,-8.0,8.2,11.4,16.8,0.0
2026-07-19 21:00:00,RJPN-008-3,RJPN-008,Band 3 (1800MHz),-85.6,-7.5,14.6,22.2,0.0,43.3
2026-07-19 21:00:00,RJPN-009-1,RJPN-009,Band 1 (2100MHz),-89.3,-11.3,13.3,6.2,8.2,26.7
2026-07-19 21:00:00,RJPN-009-2,RJPN-009,Band 1 (2100MHz),-87.3,-9.4,9.2,12.1,1.9,55.2
2026-07-19 21:00:00,RJPN-009-3,RJPN-009,Band 1 (2100MHz),-89.7,-10.4,17.5,12.7,9.6,27.2
2026-07-19 21:00:00,RJPN-010-1,RJPN-010,Band 3 (1800MHz),-84.3,-9.4,6.3,39.3,19.7,41.4
2026-07-19 21:00:00,RJPN-010-2,RJPN-010,Band 3 (1800MHz),-82.9,-5.3,13.5,5.7,9.1,34.1
2026-07-19 21:00:00,RJPN-010-3,RJPN-010,Band 3 (1800MHz),-101.0,-12.5,9.7,23.4,6.1,49.3
2026-07-19 21:00:00,RJPN-011-1,RJPN-011,Band 1 (2100MHz),-110.1,-8.8,8.7,20.0,24.2,48.2
2026-07-19 21:00:00,RJPN-011-2,RJPN-011,Band 1 (2100MHz),-92.1,-10.5,15.6,24.6,0.0,0.0
2026-07-19 21:00:00,RJPN-011-3,RJPN-011,Band 1 (2100MHz),-93.8,-9.9,15.2,39.9,0.0,3.6
2026-07-19 22:00:00,RJPN-001-1,RJPN-001,Band 1 (2100MHz),-87.2,-9.9,14.1,3.8,14.3,25.7
2026-07-19 22:00:00,RJPN-001-2,RJPN-001,Band 1 (2100MHz),-82.4,-6.3,16.1,0.0,12.4,33.7
2026-07-19 22:00:00,RJPN-001-3,RJPN-001,Band 1 (2100MHz),-84.5,-10.1,13.2,0.0,9.3,0.0
2026-07-19 22:00:00,RJPN-002-1,RJPN-002,Band 3 (1800MHz),-102.3,-11.9,8.8,0.0,13.9,9.6
2026-07-19 22:00:00,RJPN-002-2,RJPN-002,Band 3 (1800MHz),-91.7,-10.0,5.6,19.6,3.8,0.0
2026-07-19 22:00:00,RJPN-002-3,RJPN-002,Band 3 (1800MHz),-86.9,-9.0,12.0,20.4,9.2,5.8
2026-07-19 22:00:00,RJPN-003-1,RJPN-003,Band 1 (2100MHz),-85.8,-7.6,12.3,13.3,0.0,32.5
2026-07-19 22:00:00,RJPN-003-2,RJPN-003,Band 1 (2100MHz),-87.4,-11.6,11.6,16.6,12.6,47.8
2026-07-19 22:00:00,RJPN-003-3,RJPN-003,Band 1 (2100MHz),-83.0,-10.1,13.0,0.0,0.7,13.0
2026-07-19 22:00:00,RJPN-004-1,RJPN-004,Band 3 (1800MHz),-82.1,-10.9,10.0,17.3,4.8,21.3
2026-07-19 22:00:00,RJPN-004-2,RJPN-004,Band 3 (1800MHz),-88.2,-7.6,9.5,0.0,6.3,32.5
2026-07-19 22:00:00,RJPN-004-3,RJPN-004,Band 3 (1800MHz),-84.3,-7.3,11.9,22.4,0.0,4.3
2026-07-19 22:00:00,RJPN-005-1,RJPN-005,Band 1 (2100MHz),-89.7,-9.0,17.6,0.0,2.7,32.3
2026-07-19 22:00:00,RJPN-005-2,RJPN-005,Band 1 (2100MHz),-87.8,-9.2,27.2,18.4,14.6,19.6
2026-07-19 22:00:00,RJPN-005-3,RJPN-005,Band 1 (2100MHz),-88.0,-3.6,20.7,16.5,0.0,25.8
2026-07-19 22:00:00,RJPN-006-1,RJPN-006,Band 3 (1800MHz),-85.7,-10.7,14.2,13.0,27.0,0.0
2026-07-19 22:00:00,RJPN-006-2,RJPN-006,Band 3 (1800MHz),-81.3,-9.8,15.0,0.0,0.0,1.8
2026-07-19 22:00:00,RJPN-006-3,RJPN-006,Band 3 (1800MHz),-87.7,-5.8,15.3,8.4,0.0,5.7
2026-07-19 22:00:00,RJPN-007-1,RJPN-007,Band 1 (2100MHz),-93.0,-5.0,21.0,9.0,19.0,8.7
2026-07-19 22:00:00,RJPN-007-2,RJPN-007,Band 1 (2100MHz),-89.4,-9.1,15.8,14.4,12.8,38.9
2026-07-19 22:00:00,RJPN-007-3,RJPN-007,Band 1 (2100MHz),-91.5,-10.3,5.1,8.8,16.3,10.4
2026-07-19 22:00:00,RJPN-008-1,RJPN-008,Band 3 (1800MHz),-83.4,-5.5,12.2,12.7,7.1,83.0
2026-07-19 22:00:00,RJPN-008-2,RJPN-008,Band 3 (1800MHz),-91.3,-11.6,17.4,5.2,3.5,20.9
2026-07-19 22:00:00,RJPN-008-3,RJPN-008,Band 3 (1800MHz),-82.4,-9.1,25.4,0.0,0.0,15.5
2026-07-19 22:00:00,RJPN-009-1,RJPN-009,Band 1 (2100MHz),-86.2,-8.7,10.8,3.3,10.0,19.1
2026-07-19 22:00:00,RJPN-009-2,RJPN-009,Band 1 (2100MHz),-83.8,-6.3,16.4,9.6,1.5,16.0
2026-07-19 22:00:00,RJPN-009-3,RJPN-009,Band 1 (2100MHz),-77.2,-4.5,16.9,5.8,6.3,5.3
2026-07-19 22:00:00,RJPN-010-1,RJPN-010,Band 3 (1800MHz),-90.9,-6.0,20.2,4.0,2.5,18.2
2026-07-19 22:00:00,RJPN-010-2,RJPN-010,Band 3 (1800MHz),-88.5,-7.4,12.2,9.5,0.1,17.3
2026-07-19 22:00:00,RJPN-010-3,RJPN-010,Band 3 (1800MHz),-97.7,-9.3,1.1,5.5,0.3,0.0
2026-07-19 22:00:00,RJPN-011-1,RJPN-011,Band 1 (2100MHz),-101.9,-9.0,1.4,6.6,3.0,39.8
2026-07-19 22:00:00,RJPN-011-2,RJPN-011,Band 1 (2100MHz),-80.8,-9.9,14.8,11.2,0.0,31.4
2026-07-19 22:00:00,RJPN-011-3,RJPN-011,Band 1 (2100MHz),-92.3,-6.4,6.8,3.2,3.9,14.5
2026-07-19 23:00:00,RJPN-001-1,RJPN-001,Band 1 (2100MHz),-88.0,-9.5,21.8,0.0,9.6,0.0
2026-07-19 23:00:00,RJPN-001-2,RJPN-001,Band 1 (2100MHz),-88.4,-6.8,12.1,34.3,0.0,20.0
2026-07-19 23:00:00,RJPN-001-3,RJPN-001,Band 1 (2100MHz),-76.6,-10.2,15.5,25.9,2.9,29.3
2026-07-19 23:00:00,RJPN-002-1,RJPN-002,Band 3 (1800MHz),-107.2,-12.5,6.1,30.6,1.2,0.0
2026-07-19 23:00:00,RJPN-002-2,RJPN-002,Band 3 (1800MHz),-83.5,-8.3,17.9,4.5,4.4,0.0
2026-07-19 23:00:00,RJPN-002-3,RJPN-002,Band 3 (1800MHz),-87.1,-5.2,11.8,11.6,1.1,53.5
2026-07-19 23:00:00,RJPN-003-1,RJPN-003,Band 1 (2100MHz),-82.9,-5.3,7.9,26.0,3.8,33.3
2026-07-19 23:00:00,RJPN-003-2,RJPN-003,Band 1 (2100MHz),-86.9,-4.6,14.5,22.3,0.0,15.7
2026-07-19 23:00:00,RJPN-003-3,RJPN-003,Band 1 (2100MHz),-86.7,-8.9,14.3,17.2,12.7,0.0
2026-07-19 23:00:00,RJPN-004-1,RJPN-004,Band 3 (1800MHz),-86.5,-9.1,16.0,14.6,3.8,6.7
2026-07-19 23:00:00,RJPN-004-2,RJPN-004,Band 3 (1800MHz),-91.5,-6.1,5.8,24.4,16.9,24.8
2026-07-19 23:00:00,RJPN-004-3,RJPN-004,Band 3 (1800MHz),-90.4,-6.0,15.1,1.0,14.9,0.0
2026-07-19 23:00:00,RJPN-005-1,RJPN-005,Band 1 (2100MHz),-89.8,-9.5,9.9,8.5,11.1,5.5
2026-07-19 23:00:00,RJPN-005-2,RJPN-005,Band 1 (2100MHz),-79.4,-6.3,20.0,8.5,0.0,0.0
2026-07-19 23:00:00,RJPN-005-3,RJPN-005,Band 1 (2100MHz),-81.4,-10.0,10.8,20.9,0.0,5.5
2026-07-19 23:00:00,RJPN-006-1,RJPN-006,Band 3 (1800MHz),-84.8,-8.5,15.1,12.0,3.2,0.0
2026-07-19 23:00:00,RJPN-006-2,RJPN-006,Band 3 (1800MHz),-92.8,-8.0,13.7,13.8,13.4,28.9
2026-07-19 23:00:00,RJPN-006-3,RJPN-006,Band 3 (1800MHz),-87.0,-5.3,18.5,23.7,0.0,5.0
2026-07-19 23:00:00,RJPN-007-1,RJPN-007,Band 1 (2100MHz),-86.1,-6.4,17.7,8.5,0.8,0.0
2026-07-19 23:00:00,RJPN-007-2,RJPN-007,Band 1 (2100MHz),-90.5,-7.0,17.9,0.0,20.8,14.8
2026-07-19 23:00:00,RJPN-007-3,RJPN-007,Band 1 (2100MHz),-89.5,-5.5,9.2,0.0,0.0,0.0
2026-07-19 23:00:00,RJPN-008-1,RJPN-008,Band 3 (1800MHz),-87.5,-9.2,17.7,0.0,4.7,0.0
2026-07-19 23:00:00,RJPN-008-2,RJPN-008,Band 3 (1800MHz),-88.8,-12.5,4.9,4.8,2.0,36.5
2026-07-19 23:00:00,RJPN-008-3,RJPN-008,Band 3 (1800MHz),-89.7,-10.0,18.2,18.3,9.2,0.0
2026-07-19 23:00:00,RJPN-009-1,RJPN-009,Band 1 (2100MHz),-84.0,-6.9,22.1,0.0,22.9,42.6
2026-07-19 23:00:00,RJPN-009-2,RJPN-009,Band 1 (2100MHz),-79.0,-8.5,12.9,16.1,4.5,24.2
2026-07-19 23:00:00,RJPN-009-3,RJPN-009,Band 1 (2100MHz),-95.9,-6.1,16.3,0.0,4.8,2.8
2026-07-19 23:00:00,RJPN-010-1,RJPN-010,Band 3 (1800MHz),-89.8,-8.3,10.2,0.0,0.0,0.0
2026-07-19 23:00:00,RJPN-010-2,RJPN-010,Band 3 (1800MHz),-90.9,-7.3,4.6,4.7,5.9,0.0
2026-07-19 23:00:00,RJPN-010-3,RJPN-010,Band 3 (1800MHz),-103.5,-15.1,8.5,0.0,21.1,22.7
2026-07-19 23:00:00,RJPN-011-1,RJPN-011,Band 1 (2100MHz),-103.1,-12.2,9.1,22.4,8.7,14.9
2026-07-19 23:00:00,RJPN-011-2,RJPN-011,Band 1 (2100MHz),-86.8,-5.4,7.1,0.1,9.4,12.3
2026-07-19 23:00:00,RJPN-011-3,RJPN-011,Band 1 (2100MHz),-78.7,-7.8,8.3,0.0,6.7,0.0
2026-07-20 00:00:00,RJPN-001-1,RJPN-001,Band 1 (2100MHz),-77.4,-4.6,17.4,0.0,21.9,33.5
2026-07-20 00:00:00,RJPN-001-2,RJPN-001,Band 1 (2100MHz),-82.3,-4.1,17.6,3.2,6.7,0.0
2026-07-20 00:00:00,RJPN-001-3,RJPN-001,Band 1 (2100MHz),-93.4,-6.3,5.5,27.7,9.9,5.9
2026-07-20 00:00:00,RJPN-002-1,RJPN-002,Band 3 (1800MHz),-94.5,-13.1,1.9,24.0,0.0,35.2
2026-07-20 00:00:00,RJPN-002-2,RJPN-002,Band 3 (1800MHz),-79.8,-6.4,11.7,0.0,10.1,13.9
2026-07-20 00:00:00,RJPN-002-3,RJPN-002,Band 3 (1800MHz),-90.9,-9.4,5.0,0.7,0.0,33.6
2026-07-20 00:00:00,RJPN-003-1,RJPN-003,Band 1 (2100MHz),-88.4,-10.5,15.4,0.0,6.8,12.9
2026-07-20 00:00:00,RJPN-003-2,RJPN-003,Band 1 (2100MHz),-83.5,-9.5,7.3,8.4,6.8,65.6
2026-07-20 00:00:00,RJPN-003-3,RJPN-003,Band 1 (2100MHz),-93.5,-4.3,11.2,16.5,4.4,39.9
2026-07-20 00:00:00,RJPN-004-1,RJPN-004,Band 3 (1800MHz),-87.5,-8.6,9.1,13.0,0.0,39.2
2026-07-20 00:00:00,RJPN-004-2,RJPN-004,Band 3 (1800MHz),-90.8,-9.1,21.4,0.0,5.8,0.0
2026-07-20 00:00:00,RJPN-004-3,RJPN-004,Band 3 (1800MHz),-80.1,-6.2,8.7,16.4,2.6,12.9
2026-07-20 00:00:00,RJPN-005-1,RJPN-005,Band 1 (2100MHz),-93.1,-5.1,12.3,1.2,0.0,25.4
2026-07-20 00:00:00,RJPN-005-2,RJPN-005,Band 1 (2100MHz),-86.9,-7.8,15.6,9.1,16.5,19.1
2026-07-20 00:00:00,RJPN-005-3,RJPN-005,Band 1 (2100MHz),-87.8,-10.1,16.9,6.9,0.0,0.0
2026-07-20 00:00:00,RJPN-006-1,RJPN-006,Band 3 (1800MHz),-85.7,-12.8,20.2,0.0,7.9,54.5
2026-07-20 00:00:00,RJPN-006-2,RJPN-006,Band 3 (1800MHz),-84.3,-8.2,11.3,6.3,16.6,10.2
2026-07-20 00:00:00,RJPN-006-3,RJPN-006,Band 3 (1800MHz),-87.7,-9.6,18.3,0.0,14.1,0.0
2026-07-20 00:00:00,RJPN-007-1,RJPN-007,Band 1 (2100MHz),-84.0,-8.4,6.9,0.0,2.6,18.1
2026-07-20 00:00:00,RJPN-007-2,RJPN-007,Band 1 (2100MHz),-80.6,-4.5,7.2,18.4,9.5,15.1
2026-07-20 00:00:00,RJPN-007-3,RJPN-007,Band 1 (2100MHz),-85.1,-7.5,17.6,16.7,19.9,0.0
2026-07-20 00:00:00,RJPN-008-1,RJPN-008,Band 3 (1800MHz),-85.2,-5.2,13.4,2.3,0.0,11.4
2026-07-20 00:00:00,RJPN-008-2,RJPN-008,Band 3 (1800MHz),-92.7,-6.6,18.1,29.3,7.0,0.0
2026-07-20 00:00:00,RJPN-008-3,RJPN-008,Band 3 (1800MHz),-95.0,-5.9,11.3,4.3,9.1,1.2
2026-07-20 00:00:00,RJPN-009-1,RJPN-009,Band 1 (2100MHz),-89.6,-8.2,12.7,20.3,9.6,50.1
2026-07-20 00:00:00,RJPN-009-2,RJPN-009,Band 1 (2100MHz),-87.4,-6.8,5.4,9.7,7.3,27.2
2026-07-20 00:00:00,RJPN-009-3,RJPN-009,Band 1 (2100MHz),-85.2,-9.0,14.0,5.0,0.5,0.0
2026-07-20 00:00:00,RJPN-010-1,RJPN-010,Band 3 (1800MHz),-91.3,-8.8,13.0,2.8,12.9,2.5
2026-07-20 00:00:00,RJPN-010-2,RJPN-010,Band 3 (1800MHz),-87.3,-6.2,8.1,5.0,6.1,27.0
2026-07-20 00:00:00,RJPN-010-3,RJPN-010,Band 3 (1800MHz),-106.9,-15.4,3.9,0.0,1.1,27.1
2026-07-20 00:00:00,RJPN-011-1,RJPN-011,Band 1 (2100MHz),-101.2,-17.9,18.1,4.6,0.0,0.0
2026-07-20 00:00:00,RJPN-011-2,RJPN-011,Band 1 (2100MHz),-85.2,-7.4,20.7,0.4,3.5,8.5
2026-07-20 00:00:00,RJPN-011-3,RJPN-011,Band 1 (2100MHz),-93.9,-7.8,6.2,5.6,24.1,0.0
2026-07-20 01:00:00,RJPN-001-1,RJPN-001,Band 1 (2100MHz),-81.4,-9.5,17.3,5.2,14.8,28.0
2026-07-20 01:00:00,RJPN-001-2,RJPN-001,Band 1 (2100MHz),-88.1,-7.2,21.5,11.8,8.8,45.5
2026-07-20 01:00:00,RJPN-001-3,RJPN-001,Band 1 (2100MHz),-82.8,-7.1,12.8,10.7,12.9,10.0
2026-07-20 01:00:00,RJPN-002-1,RJPN-002,Band 3 (1800MHz),-103.9,-16.7,2.7,23.5,0.0,1.6
2026-07-20 01:00:00,RJPN-002-2,RJPN-002,Band 3 (1800MHz),-86.0,-8.3,20.6,16.2,8.5,0.0
2026-07-20 01:00:00,RJPN-002-3,RJPN-002,Band 3 (1800MHz),-82.4,-8.8,10.6,17.4,11.2,0.0
2026-07-20 01:00:00,RJPN-003-1,RJPN-003,Band 1 (2100MHz),-92.8,-6.7,4.2,0.0,7.0,20.1
2026-07-20 01:00:00,RJPN-003-2,RJPN-003,Band 1 (2100MHz),-81.4,-7.8,11.1,13.5,0.0,7.2
2026-07-20 01:00:00,RJPN-003-3,RJPN-003,Band 1 (2100MHz),-81.7,-9.6,11.9,8.6,9.6,0.0
2026-07-20 01:00:00,RJPN-004-1,RJPN-004,Band 3 (1800MHz),-89.8,-5.7,15.8,7.6,0.0,24.7
2026-07-20 01:00:00,RJPN-004-2,RJPN-004,Band 3 (1800MHz),-92.9,-8.0,4.9,0.0,4.3,0.0
2026-07-20 01:00:00,RJPN-004-3,RJPN-004,Band 3 (1800MHz),-93.8,-7.6,7.0,15.4,3.4,0.0
2026-07-20 01:00:00,RJPN-005-1,RJPN-005,Band 1 (2100MHz),-85.9,-10.7,9.8,7.3,0.0,20.4
2026-07-20 01:00:00,RJPN-005-2,RJPN-005,Band 1 (2100MHz),-90.0,-6.0,12.1,6.8,0.0,27.2
2026-07-20 01:00:00,RJPN-005-3,RJPN-005,Band 1 (2100MHz),-89.3,-8.5,17.0,0.0,7.1,34.2
2026-07-20 01:00:00,RJPN-006-1,RJPN-006,Band 3 (1800MHz),-93.0,-8.8,17.1,9.9,13.2,6.2
2026-07-20 01:00:00,RJPN-006-2,RJPN-006,Band 3 (1800MHz),-89.9,-6.1,7.1,11.7,17.0,42.7
2026-07-20 01:00:00,RJPN-006-3,RJPN-006,Band 3 (1800MHz),-90.1,-8.6,16.2,23.7,5.2,0.0
2026-07-20 01:00:00,RJPN-007-1,RJPN-007,Band 1 (2100MHz),-84.8,-11.8,5.4,0.0,9.6,0.0
2026-07-20 01:00:00,RJPN-007-2,RJPN-007,Band 1 (2100MHz),-90.6,-5.8,7.8,0.7,7.5,12.1
2026-07-20 01:00:00,RJPN-007-3,RJPN-007,Band 1 (2100MHz),-90.9,-4.7,20.8,2.4,16.6,0.8
2026-07-20 01:00:00,RJPN-008-1,RJPN-008,Band 3 (1800MHz),-81.1,-8.0,7.7,9.0,0.0,44.0
2026-07-20 01:00:00,RJPN-008-2,RJPN-008,Band 3 (1800MHz),-82.6,-8.7,11.5,17.5,18.8,24.6
2026-07-20 01:00:00,RJPN-008-3,RJPN-008,Band 3 (1800MHz),-90.4,-6.0,11.4,0.0,13.6,14.3
2026-07-20 01:00:00,RJPN-009-1,RJPN-009,Band 1 (2100MHz),-90.8,-12.1,5.3,11.0,5.3,36.9
2026-07-20 01:00:00,RJPN-009-2,RJPN-009,Band 1 (2100MHz),-86.6,-6.1,19.6,37.7,1.1,0.0
2026-07-20 01:00:00,RJPN-009-3,RJPN-009,Band 1 (2100MHz),-82.1,-7.1,17.4,3.6,0.0,0.0
2026-07-20 01:00:00,RJPN-010-1,RJPN-010,Band 3 (1800MHz),-86.2,-11.7,7.6,0.0,18.5,1.9
2026-07-20 01:00:00,RJPN-010-2,RJPN-010,Band 3 (1800MHz),-81.7,-3.7,15.4,14.4,3.0,7.3
2026-07-20 01:00:00,RJPN-010-3,RJPN-010,Band 3 (1800MHz),-101.9,-9.9,9.8,4.6,30.0,19.1
2026-07-20 01:00:00,RJPN-011-1,RJPN-011,Band 1 (2100MHz),-99.1,-14.0,6.9,21.3,0.8,27.9
2026-07-20 01:00:00,RJPN-011-2,RJPN-011,Band 1 (2100MHz),-92.4,-10.9,7.4,13.8,20.7,13.4
2026-07-20 01:00:00,RJPN-011-3,RJPN-011,Band 1 (2100MHz),-90.6,-3.1,20.3,0.3,0.0,32.4
2026-07-20 02:00:00,RJPN-001-1,RJPN-001,Band 1 (2100MHz),-87.3,-4.9,12.3,6.9,9.2,15.7
2026-07-20 02:00:00,RJPN-001-2,RJPN-001,Band 1 (2100MHz),-91.3,-6.4,5.9,17.6,11.5,54.3
2026-07-20 02:00:00,RJPN-001-3,RJPN-001,Band 1 (2100MHz),-97.3,-5.0,14.1,9.1,6.6,0.0
2026-07-20 02:00:00,RJPN-002-1,RJPN-002,Band 3 (1800MHz),-100.6,-9.4,5.4,5.2,0.0,6.1
2026-07-20 02:00:00,RJPN-002-2,RJPN-002,Band 3 (1800MHz),-80.7,-8.6,12.4,10.5,2.0,32.1
2026-07-20 02:00:00,RJPN-002-3,RJPN-002,Band 3 (1800MHz),-82.4,-6.0,10.8,18.4,12.1,48.0
2026-07-20 02:00:00,RJPN-003-1,RJPN-003,Band 1 (2100MHz),-90.0,-8.3,19.7,7.6,0.0,47.6
2026-07-20 02:00:00,RJPN-003-2,RJPN-003,Band 1 (2100MHz),-86.1,-8.1,10.5,6.2,0.0,14.0
2026-07-20 02:00:00,RJPN-003-3,RJPN-003,Band 1 (2100MHz),-93.7,-7.9,14.1,28.7,0.0,0.0
2026-07-20 02:00:00,RJPN-004-1,RJPN-004,Band 3 (1800MHz),-84.9,-9.7,24.0,0.0,0.9,0.9
2026-07-20 02:00:00,RJPN-004-2,RJPN-004,Band 3 (1800MHz),-80.1,-8.1,16.3,2.3,0.8,15.0
2026-07-20 02:00:00,RJPN-004-3,RJPN-004,Band 3 (1800MHz),-90.1,-8.4,14.0,0.0,0.0,6.9
2026-07-20 02:00:00,RJPN-005-1,RJPN-005,Band 1 (2100MHz),-80.8,-4.0,9.9,3.6,3.5,15.4
2026-07-20 02:00:00,RJPN-005-2,RJPN-005,Band 1 (2100MHz),-82.6,-4.5,6.7,18.6,6.8,11.1
2026-07-20 02:00:00,RJPN-005-3,RJPN-005,Band 1 (2100MHz),-85.3,-5.8,19.0,22.7,18.4,1.5
2026-07-20 02:00:00,RJPN-006-1,RJPN-006,Band 3 (1800MHz),-88.3,-4.9,10.3,0.0,0.0,0.0
2026-07-20 02:00:00,RJPN-006-2,RJPN-006,Band 3 (1800MHz),-86.3,-6.9,20.2,25.3,4.5,24.6
2026-07-20 02:00:00,RJPN-006-3,RJPN-006,Band 3 (1800MHz),-80.8,-6.8,19.2,0.0,0.0,0.0
2026-07-20 02:00:00,RJPN-007-1,RJPN-007,Band 1 (2100MHz),-84.8,-6.8,10.6,11.9,0.0,11.4
2026-07-20 02:00:00,RJPN-007-2,RJPN-007,Band 1 (2100MHz),-95.7,-6.8,17.8,0.0,11.4,0.0
2026-07-20 02:00:00,RJPN-007-3,RJPN-007,Band 1 (2100MHz),-84.8,-9.0,19.2,0.0,12.4,0.0
2026-07-20 02:00:00,RJPN-008-1,RJPN-008,Band 3 (1800MHz),-82.0,-9.0,12.6,15.9,9.4,20.4
2026-07-20 02:00:00,RJPN-008-2,RJPN-008,Band 3 (1800MHz),-88.2,-6.3,12.9,9.6,11.6,0.0
2026-07-20 02:00:00,RJPN-008-3,RJPN-008,Band 3 (1800MHz),-88.1,-7.8,10.6,3.8,0.0,31.5
2026-07-20 02:00:00,RJPN-009-1,RJPN-009,Band 1 (2100MHz),-91.2,-7.0,11.8,23.3,7.4,10.7
2026-07-20 02:00:00,RJPN-009-2,RJPN-009,Band 1 (2100MHz),-91.1,-8.4,14.7,3.9,5.2,44.6
2026-07-20 02:00:00,RJPN-009-3,RJPN-009,Band 1 (2100MHz),-90.0,-3.9,17.3,15.0,3.6,19.0
2026-07-20 02:00:00,RJPN-010-1,RJPN-010,Band 3 (1800MHz),-86.0,-8.7,14.1,0.0,11.5,30.7
2026-07-20 02:00:00,RJPN-010-2,RJPN-010,Band 3 (1800MHz),-85.8,-6.9,11.0,3.9,11.9,42.4
2026-07-20 02:00:00,RJPN-010-3,RJPN-010,Band 3 (1800MHz),-103.9,-14.9,3.8,39.1,0.0,0.0
2026-07-20 02:00:00,RJPN-011-1,RJPN-011,Band 1 (2100MHz),-102.3,-10.1,3.1,0.0,1.7,5.6
2026-07-20 02:00:00,RJPN-011-2,RJPN-011,Band 1 (2100MHz),-92.9,-8.5,8.6,19.1,2.7,31.2
2026-07-20 02:00:00,RJPN-011-3,RJPN-011,Band 1 (2100MHz),-84.6,-8.9,6.6,0.0,15.8,0.0
2026-07-20 03:00:00,RJPN-001-1,RJPN-001,Band 1 (2100MHz),-91.3,-7.6,9.0,9.7,0.0,30.7
2026-07-20 03:00:00,RJPN-001-2,RJPN-001,Band 1 (2100MHz),-96.7,-7.9,14.5,3.9,10.3,21.5
2026-07-20 03:00:00,RJPN-001-3,RJPN-001,Band 1 (2100MHz),-88.3,-8.6,22.0,7.1,7.9,27.1
2026-07-20 03:00:00,RJPN-002-1,RJPN-002,Band 3 (1800MHz),-98.1,-8.4,9.3,24.2,13.2,0.0
2026-07-20 03:00:00,RJPN-002-2,RJPN-002,Band 3 (1800MHz),-87.5,-10.2,11.4,0.0,19.3,54.8
2026-07-20 03:00:00,RJPN-002-3,RJPN-002,Band 3 (1800MHz),-85.4,-9.2,13.9,3.1,25.1,0.0
2026-07-20 03:00:00,RJPN-003-1,RJPN-003,Band 1 (2100MHz),-85.7,-10.7,8.1,13.1,0.0,57.4
2026-07-20 03:00:00,RJPN-003-2,RJPN-003,Band 1 (2100MHz),-83.2,-10.8,16.6,3.5,0.7,0.0
2026-07-20 03:00:00,RJPN-003-3,RJPN-003,Band 1 (2100MHz),-81.5,-12.1,18.2,10.0,0.0,42.5
2026-07-20 03:00:00,RJPN-004-1,RJPN-004,Band 3 (1800MHz),-87.7,-11.9,15.3,3.4,18.1,3.4
2026-07-20 03:00:00,RJPN-004-2,RJPN-004,Band 3 (1800MHz),-89.3,-7.3,14.8,0.0,0.7,24.0
2026-07-20 03:00:00,RJPN-004-3,RJPN-004,Band 3 (1800MHz),-88.9,-10.6,15.2,6.7,21.2,50.8
2026-07-20 03:00:00,RJPN-005-1,RJPN-005,Band 1 (2100MHz),-80.5,-7.9,20.7,0.0,22.2,39.4
2026-07-20 03:00:00,RJPN-005-2,RJPN-005,Band 1 (2100MHz),-89.0,-7.4,17.9,6.8,9.4,12.9
2026-07-20 03:00:00,RJPN-005-3,RJPN-005,Band 1 (2100MHz),-92.0,-9.5,9.9,33.3,17.1,0.0
2026-07-20 03:00:00,RJPN-006-1,RJPN-006,Band 3 (1800MHz),-80.9,-12.1,8.4,3.2,5.4,0.0
2026-07-20 03:00:00,RJPN-006-2,RJPN-006,Band 3 (1800MHz),-87.0,-10.0,18.6,25.6,6.2,7.1
2026-07-20 03:00:00,RJPN-006-3,RJPN-006,Band 3 (1800MHz),-87.5,-8.8,15.8,10.4,1.0,30.9
2026-07-20 03:00:00,RJPN-007-1,RJPN-007,Band 1 (2100MHz),-89.1,-8.4,15.9,8.4,8.3,30.5
2026-07-20 03:00:00,RJPN-007-2,RJPN-007,Band 1 (2100MHz),-81.9,-9.1,10.0,4.1,0.0,5.6
2026-07-20 03:00:00,RJPN-007-3,RJPN-007,Band 1 (2100MHz),-88.0,-6.5,10.7,18.9,3.7,0.0
2026-07-20 03:00:00,RJPN-008-1,RJPN-008,Band 3 (1800MHz),-83.6,-11.0,25.8,1.5,26.3,39.0
2026-07-20 03:00:00,RJPN-008-2,RJPN-008,Band 3 (1800MHz),-80.6,-10.7,8.0,4.1,0.0,19.7
2026-07-20 03:00:00,RJPN-008-3,RJPN-008,Band 3 (1800MHz),-91.7,-5.3,18.8,7.0,3.0,21.7
2026-07-20 03:00:00,RJPN-009-1,RJPN-009,Band 1 (2100MHz),-92.5,-6.9,18.5,3.6,0.0,13.0
2026-07-20 03:00:00,RJPN-009-2,RJPN-009,Band 1 (2100MHz),-91.3,-7.9,20.0,44.1,0.0,34.8
2026-07-20 03:00:00,RJPN-009-3,RJPN-009,Band 1 (2100MHz),-87.2,-5.6,15.9,14.8,0.0,18.3
2026-07-20 03:00:00,RJPN-010-1,RJPN-010,Band 3 (1800MHz),-86.4,-4.1,12.6,9.1,0.0,0.0
2026-07-20 03:00:00,RJPN-010-2,RJPN-010,Band 3 (1800MHz),-87.7,-7.6,9.3,1.6,3.9,31.2
2026-07-20 03:00:00,RJPN-010-3,RJPN-010,Band 3 (1800MHz),-106.6,-15.8,11.0,2.4,0.0,43.7
2026-07-20 03:00:00,RJPN-011-1,RJPN-011,Band 1 (2100MHz),-101.4,-12.5,3.4,0.0,0.7,29.2
2026-07-20 03:00:00,RJPN-011-2,RJPN-011,Band 1 (2100MHz),-86.6,-10.0,-0.6,18.0,12.2,19.0
2026-07-20 03:00:00,RJPN-011-3,RJPN-011,Band 1 (2100MHz),-87.4,-9.5,12.8,17.4,8.0,21.7
2026-07-20 04:00:00,RJPN-001-1,RJPN-001,Band 1 (2100MHz),-87.9,-8.7,10.0,6.8,6.0,0.0
2026-07-20 04:00:00,RJPN-001-2,RJPN-001,Band 1 (2100MHz),-80.6,-7.2,11.2,0.0,3.2,27.2
2026-07-20 04:00:00,RJPN-001-3,RJPN-001,Band 1 (2100MHz),-83.8,-6.8,26.7,24.0,2.7,42.4
2026-07-20 04:00:00,RJPN-002-1,RJPN-002,Band 3 (1800MHz),-103.2,-9.4,8.1,6.0,0.0,0.0
2026-07-20 04:00:00,RJPN-002-2,RJPN-002,Band 3 (1800MHz),-87.0,-10.3,14.9,37.6,9.7,23.9
2026-07-20 04:00:00,RJPN-002-3,RJPN-002,Band 3 (1800MHz),-94.5,-6.6,6.6,16.1,0.0,6.7
2026-07-20 04:00:00,RJPN-003-1,RJPN-003,Band 1 (2100MHz),-82.3,-7.3,20.4,4.8,0.0,0.0
2026-07-20 04:00:00,RJPN-003-2,RJPN-003,Band 1 (2100MHz),-88.5,-4.1,20.8,15.2,0.1,0.0
2026-07-20 04:00:00,RJPN-003-3,RJPN-003,Band 1 (2100MHz),-88.2,-11.1,13.8,21.9,0.0,26.9
2026-07-20 04:00:00,RJPN-004-1,RJPN-004,Band 3 (1800MHz),-86.0,-8.7,14.0,26.8,10.2,45.0
2026-07-20 04:00:00,RJPN-004-2,RJPN-004,Band 3 (1800MHz),-85.7,-8.2,12.5,0.0,0.0,0.0
2026-07-20 04:00:00,RJPN-004-3,RJPN-004,Band 3 (1800MHz),-87.5,-9.7,6.6,18.4,15.4,44.3
2026-07-20 04:00:00,RJPN-005-1,RJPN-005,Band 1 (2100MHz),-87.3,-10.7,8.3,21.8,10.0,57.9
2026-07-20 04:00:00,RJPN-005-2,RJPN-005,Band 1 (2100MHz),-83.4,-8.6,11.3,4.4,0.0,24.1
2026-07-20 04:00:00,RJPN-005-3,RJPN-005,Band 1 (2100MHz),-89.4,-4.0,10.9,18.7,7.3,37.5
2026-07-20 04:00:00,RJPN-006-1,RJPN-006,Band 3 (1800MHz),-86.0,-4.6,18.1,12.1,0.0,22.6
2026-07-20 04:00:00,RJPN-006-2,RJPN-006,Band 3 (1800MHz),-88.0,-6.2,15.4,2.9,0.0,53.9
2026-07-20 04:00:00,RJPN-006-3,RJPN-006,Band 3 (1800MHz),-91.8,-6.1,18.8,23.5,0.0,0.0
2026-07-20 04:00:00,RJPN-007-1,RJPN-007,Band 1 (2100MHz),-87.8,-4.6,9.3,0.0,2.0,47.5
2026-07-20 04:00:00,RJPN-007-2,RJPN-007,Band 1 (2100MHz),-87.4,-7.9,13.9,13.0,0.0,0.0
2026-07-20 04:00:00,RJPN-007-3,RJPN-007,Band 1 (2100MHz),-95.2,-6.8,12.7,13.4,2.2,17.6
2026-07-20 04:00:00,RJPN-008-1,RJPN-008,Band 3 (1800MHz),-87.6,-7.1,21.4,0.0,0.0,0.0
2026-07-20 04:00:00,RJPN-008-2,RJPN-008,Band 3 (1800MHz),-86.3,-10.0,18.3,6.0,1.7,40.6
2026-07-20 04:00:00,RJPN-008-3,RJPN-008,Band 3 (1800MHz),-85.1,-9.9,10.3,0.5,2.7,0.0
2026-07-20 04:00:00,RJPN-009-1,RJPN-009,Band 1 (2100MHz),-92.1,-7.0,6.3,0.8,0.0,21.4
2026-07-20 04:00:00,RJPN-009-2,RJPN-009,Band 1 (2100MHz),-93.3,-8.6,19.9,27.3,9.1,46.2
2026-07-20 04:00:00,RJPN-009-3,RJPN-009,Band 1 (2100MHz),-86.5,-6.6,10.0,14.5,0.0,0.0
2026-07-20 04:00:00,RJPN-010-1,RJPN-010,Band 3 (1800MHz),-85.6,-4.9,9.1,5.5,27.0,9.5
2026-07-20 04:00:00,RJPN-010-2,RJPN-010,Band 3 (1800MHz),-87.3,-7.5,22.1,0.0,18.9,29.5
2026-07-20 04:00:00,RJPN-010-3,RJPN-010,Band 3 (1800MHz),-101.1,-11.9,2.6,7.8,21.4,7.9
2026-07-20 04:00:00,RJPN-011-1,RJPN-011,Band 1 (2100MHz),-97.5,-14.2,2.7,0.3,0.0,45.7
2026-07-20 04:00:00,RJPN-011-2,RJPN-011,Band 1 (2100MHz),-91.3,-7.8,11.2,26.8,3.1,30.6
2026-07-20 04:00:00,RJPN-011-3,RJPN-011,Band 1 (2100MHz),-86.6,-10.2,9.9,0.0,17.7,21.5
2026-07-20 05:00:00,RJPN-001-1,RJPN-001,Band 1 (2100MHz),-87.4,-6.8,16.9,0.0,9.0,16.2
2026-07-20 05:00:00,RJPN-001-2,RJPN-001,Band 1 (2100MHz),-83.7,-7.9,3.5,2.6,1.3,20.1
2026-07-20 05:00:00,RJPN-001-3,RJPN-001,Band 1 (2100MHz),-87.1,-5.9,4.8,28.3,0.0,26.9
2026-07-20 05:00:00,RJPN-002-1,RJPN-002,Band 3 (1800MHz),-108.5,-12.5,1.4,22.3,7.9,37.0
2026-07-20 05:00:00,RJPN-002-2,RJPN-002,Band 3 (1800MHz),-86.7,-9.5,9.7,2.6,4.4,62.6
2026-07-20 05:00:00,RJPN-002-3,RJPN-002,Band 3 (1800MHz),-86.3,-6.9,17.8,4.0,0.0,18.7
2026-07-20 05:00:00,RJPN-003-1,RJPN-003,Band 1 (2100MHz),-90.0,-6.4,15.1,9.0,0.0,16.7
2026-07-20 05:00:00,RJPN-003-2,RJPN-003,Band 1 (2100MHz),-85.3,-7.7,9.2,29.4,14.5,17.6
2026-07-20 05:00:00,RJPN-003-3,RJPN-003,Band 1 (2100MHz),-78.2,-4.9,12.5,0.0,7.2,30.8
2026-07-20 05:00:00,RJPN-004-1,RJPN-004,Band 3 (1800MHz),-85.1,-8.4,8.5,16.1,18.9,27.9
2026-07-20 05:00:00,RJPN-004-2,RJPN-004,Band 3 (1800MHz),-86.3,-5.0,15.2,7.5,0.0,34.5
2026-07-20 05:00:00,RJPN-004-3,RJPN-004,Band 3 (1800MHz),-93.5,-10.1,11.5,15.0,25.6,18.4
2026-07-20 05:00:00,RJPN-005-1,RJPN-005,Band 1 (2100MHz),-89.8,-8.3,18.6,36.6,23.9,0.0
2026-07-20 05:00:00,RJPN-005-2,RJPN-005,Band 1 (2100MHz),-88.3,-11.2,15.1,0.0,18.2,33.4
2026-07-20 05:00:00,RJPN-005-3,RJPN-005,Band 1 (2100MHz),-87.7,-8.7,16.6,5.7,8.8,0.0
2026-07-20 05:00:00,RJPN-006-1,RJPN-006,Band 3 (1800MHz),-86.4,-5.6,25.1,0.0,12.6,10.3
2026-07-20 05:00:00,RJPN-006-2,RJPN-006,Band 3 (1800MHz),-85.7,-4.0,6.8,23.7,11.3,36.9
2026-07-20 05:00:00,RJPN-006-3,RJPN-006,Band 3 (1800MHz),-88.5,-13.5,15.8,0.0,0.0,50.7
2026-07-20 05:00:00,RJPN-007-1,RJPN-007,Band 1 (2100MHz),-94.3,-6.4,14.8,0.0,0.0,14.5
2026-07-20 05:00:00,RJPN-007-2,RJPN-007,Band 1 (2100MHz),-87.8,-8.4,8.9,0.0,1.8,0.0
2026-07-20 05:00:00,RJPN-007-3,RJPN-007,Band 1 (2100MHz),-81.1,-7.2,8.2,3.5,17.6,43.4
2026-07-20 05:00:00,RJPN-008-1,RJPN-008,Band 3 (1800MHz),-88.4,-11.5,14.1,1.1,13.9,9.9
2026-07-20 05:00:00,RJPN-008-2,RJPN-008,Band 3 (1800MHz),-84.5,-12.1,7.8,3.0,14.5,1.6
2026-07-20 05:00:00,RJPN-008-3,RJPN-008,Band 3 (1800MHz),-92.1,-7.3,15.8,10.3,0.0,17.7
2026-07-20 05:00:00,RJPN-009-1,RJPN-009,Band 1 (2100MHz),-92.7,-9.5,9.8,5.4,0.2,37.8
2026-07-20 05:00:00,RJPN-009-2,RJPN-009,Band 1 (2100MHz),-81.5,-11.3,18.6,7.4,11.3,0.0
2026-07-20 05:00:00,RJPN-009-3,RJPN-009,Band 1 (2100MHz),-83.0,-9.8,6.8,22.1,1.8,21.0
2026-07-20 05:00:00,RJPN-010-1,RJPN-010,Band 3 (1800MHz),-82.4,-8.9,15.2,15.8,1.1,48.2
2026-07-20 05:00:00,RJPN-010-2,RJPN-010,Band 3 (1800MHz),-90.3,-10.9,11.5,1.9,9.9,3.9
2026-07-20 05:00:00,RJPN-010-3,RJPN-010,Band 3 (1800MHz),-96.1,-12.3,4.9,18.0,8.3,29.0
2026-07-20 05:00:00,RJPN-011-1,RJPN-011,Band 1 (2100MHz),-94.5,-12.1,1.5,23.8,16.5,0.0
2026-07-20 05:00:00,RJPN-011-2,RJPN-011,Band 1 (2100MHz),-84.8,-5.8,10.2,10.4,12.7,4.0
2026-07-20 05:00:00,RJPN-011-3,RJPN-011,Band 1 (2100MHz),-92.1,-6.8,17.8,11.6,12.0,0.0
2026-07-20 06:00:00,RJPN-001-1,RJPN-001,Band 1 (2100MHz),-86.8,-11.2,17.0,7.9,10.8,47.5
2026-07-20 06:00:00,RJPN-001-2,RJPN-001,Band 1 (2100MHz),-88.9,-11.7,14.1,0.0,11.7,33.3
2026-07-20 06:00:00,RJPN-001-3,RJPN-001,Band 1 (2100MHz),-82.1,-10.2,13.0,1.1,18.8,38.8
2026-07-20 06:00:00,RJPN-002-1,RJPN-002,Band 3 (1800MHz),-99.4,-11.2,13.7,17.6,10.0,24.2
2026-07-20 06:00:00,RJPN-002-2,RJPN-002,Band 3 (1800MHz),-88.1,-7.5,15.7,2.3,8.1,45.3
2026-07-20 06:00:00,RJPN-002-3,RJPN-002,Band 3 (1800MHz),-84.9,-5.7,16.7,26.5,22.0,28.6
2026-07-20 06:00:00,RJPN-003-1,RJPN-003,Band 1 (2100MHz),-83.3,-9.2,20.8,14.5,23.1,31.1
2026-07-20 06:00:00,RJPN-003-2,RJPN-003,Band 1 (2100MHz),-88.3,-10.8,12.7,6.2,10.3,9.1
2026-07-20 06:00:00,RJPN-003-3,RJPN-003,Band 1 (2100MHz),-82.4,-10.6,18.6,23.9,7.7,63.3
2026-07-20 06:00:00,RJPN-004-1,RJPN-004,Band 3 (1800MHz),-84.5,-12.4,15.0,29.9,8.6,33.5
2026-07-20 06:00:00,RJPN-004-2,RJPN-004,Band 3 (1800MHz),-85.7,-7.7,16.1,16.7,23.6,31.4
2026-07-20 06:00:00,RJPN-004-3,RJPN-004,Band 3 (1800MHz),-87.8,-5.4,9.3,19.0,20.7,52.5
2026-07-20 06:00:00,RJPN-005-1,RJPN-005,Band 1 (2100MHz),-85.5,-8.4,9.3,45.5,17.3,13.4
2026-07-20 06:00:00,RJPN-005-2,RJPN-005,Band 1 (2100MHz),-93.1,-7.6,24.0,20.9,6.7,8.4
2026-07-20 06:00:00,RJPN-005-3,RJPN-005,Band 1 (2100MHz),-84.9,-8.6,17.0,0.0,12.4,44.9
2026-07-20 06:00:00,RJPN-006-1,RJPN-006,Band 3 (1800MHz),-86.3,-10.8,10.8,11.9,0.0,44.5
2026-07-20 06:00:00,RJPN-006-2,RJPN-006,Band 3 (1800MHz),-89.4,-9.0,18.9,17.1,6.8,9.0
2026-07-20 06:00:00,RJPN-006-3,RJPN-006,Band 3 (1800MHz),-87.0,-10.5,16.3,22.3,0.0,0.0
2026-07-20 06:00:00,RJPN-007-1,RJPN-007,Band 1 (2100MHz),-85.4,-10.4,8.2,26.7,11.9,32.6
2026-07-20 06:00:00,RJPN-007-2,RJPN-007,Band 1 (2100MHz),-83.7,-9.4,14.6,16.6,12.7,15.6
2026-07-20 06:00:00,RJPN-007-3,RJPN-007,Band 1 (2100MHz),-84.0,-8.5,21.5,19.7,0.8,19.5
2026-07-20 06:00:00,RJPN-008-1,RJPN-008,Band 3 (1800MHz),-90.4,-6.2,18.9,22.6,12.7,38.3
2026-07-20 06:00:00,RJPN-008-2,RJPN-008,Band 3 (1800MHz),-83.6,-5.6,11.5,23.7,1.7,24.3
2026-07-20 06:00:00,RJPN-008-3,RJPN-008,Band 3 (1800MHz),-86.7,-7.5,14.6,7.5,0.0,30.4
2026-07-20 06:00:00,RJPN-009-1,RJPN-009,Band 1 (2100MHz),-82.1,-6.6,7.8,11.6,1.5,0.0
2026-07-20 06:00:00,RJPN-009-2,RJPN-009,Band 1 (2100MHz),-84.6,-4.9,8.1,12.9,6.6,1.6
2026-07-20 06:00:00,RJPN-009-3,RJPN-009,Band 1 (2100MHz),-82.5,-7.7,10.2,18.1,14.6,0.0
2026-07-20 06:00:00,RJPN-010-1,RJPN-010,Band 3 (1800MHz),-83.0,-11.0,-1.3,0.0,7.5,40.7
2026-07-20 06:00:00,RJPN-010-2,RJPN-010,Band 3 (1800MHz),-91.0,-7.2,9.8,15.4,5.1,15.7
2026-07-20 06:00:00,RJPN-010-3,RJPN-010,Band 3 (1800MHz),-99.3,-15.5,9.4,3.8,4.1,0.0
2026-07-20 06:00:00,RJPN-011-1,RJPN-011,Band 1 (2100MHz),-97.7,-7.0,3.1,34.9,0.0,52.0
2026-07-20 06:00:00,RJPN-011-2,RJPN-011,Band 1 (2100MHz),-87.2,-12.2,17.0,24.1,8.6,58.7
2026-07-20 06:00:00,RJPN-011-3,RJPN-011,Band 1 (2100MHz),-85.8,-6.6,18.9,0.0,12.9,61.9
2026-07-20 07:00:00,RJPN-001-1,RJPN-001,Band 1 (2100MHz),-83.8,-10.3,12.8,44.9,28.5,53.6
2026-07-20 07:00:00,RJPN-001-2,RJPN-001,Band 1 (2100MHz),-83.8,-14.5,1.1,50.6,22.2,114.4
2026-07-20 07:00:00,RJPN-001-3,RJPN-001,Band 1 (2100MHz),-85.4,-9.3,16.1,72.9,39.8,48.3
2026-07-20 07:00:00,RJPN-002-1,RJPN-002,Band 3 (1800MHz),-100.2,-15.6,-5.7,46.7,41.2,73.4
2026-07-20 07:00:00,RJPN-002-2,RJPN-002,Band 3 (1800MHz),-94.1,-10.9,3.9,31.6,15.6,111.5
2026-07-20 07:00:00,RJPN-002-3,RJPN-002,Band 3 (1800MHz),-90.5,-9.4,22.2,75.1,18.5,124.3
2026-07-20 07:00:00,RJPN-003-1,RJPN-003,Band 1 (2100MHz),-87.0,-12.5,14.4,64.1,46.0,86.7
2026-07-20 07:00:00,RJPN-003-2,RJPN-003,Band 1 (2100MHz),-85.9,-8.2,6.3,46.7,33.4,69.1
2026-07-20 07:00:00,RJPN-003-3,RJPN-003,Band 1 (2100MHz),-92.4,-12.1,8.6,57.9,32.9,99.2
2026-07-20 07:00:00,RJPN-004-1,RJPN-004,Band 3 (1800MHz),-87.0,-11.2,15.7,69.6,37.6,73.9
2026-07-20 07:00:00,RJPN-004-2,RJPN-004,Band 3 (1800MHz),-89.4,-11.4,14.6,32.6,25.4,70.3
2026-07-20 07:00:00,RJPN-004-3,RJPN-004,Band 3 (1800MHz),-83.5,-11.0,10.7,57.1,40.5,85.0
2026-07-20 07:00:00,RJPN-005-1,RJPN-005,Band 1 (2100MHz),-83.3,-14.9,11.0,66.6,33.4,126.9
2026-07-20 07:00:00,RJPN-005-2,RJPN-005,Band 1 (2100MHz),-83.9,-12.4,14.0,71.0,29.9,88.7
2026-07-20 07:00:00,RJPN-005-3,RJPN-005,Band 1 (2100MHz),-85.1,-9.6,19.3,44.4,27.3,93.8
2026-07-20 07:00:00,RJPN-006-1,RJPN-006,Band 3 (1800MHz),-87.3,-9.4,6.6,55.8,31.7,79.5
2026-07-20 07:00:00,RJPN-006-2,RJPN-006,Band 3 (1800MHz),-91.1,-10.3,13.7,59.3,49.8,111.2
2026-07-20 07:00:00,RJPN-006-3,RJPN-006,Band 3 (1800MHz),-82.7,-7.8,8.2,44.2,24.2,65.1
2026-07-20 07:00:00,RJPN-007-1,RJPN-007,Band 1 (2100MHz),-80.7,-12.1,7.4,50.5,31.8,83.5
2026-07-20 07:00:00,RJPN-007-2,RJPN-007,Band 1 (2100MHz),-88.5,-11.5,12.5,57.1,39.1,80.1
2026-07-20 07:00:00,RJPN-007-3,RJPN-007,Band 1 (2100MHz),-93.1,-9.6,11.3,57.3,34.7,59.3
2026-07-20 07:00:00,RJPN-008-1,RJPN-008,Band 3 (1800MHz),-80.5,-8.8,14.2,32.8,16.6,37.1
2026-07-20 07:00:00,RJPN-008-2,RJPN-008,Band 3 (1800MHz),-87.9,-7.1,8.6,40.4,26.5,81.0
2026-07-20 07:00:00,RJPN-008-3,RJPN-008,Band 3 (1800MHz),-91.6,-9.9,10.2,61.8,25.7,94.6
2026-07-20 07:00:00,RJPN-009-1,RJPN-009,Band 1 (2100MHz),-88.6,-12.3,9.7,47.6,30.3,87.3
2026-07-20 07:00:00,RJPN-009-2,RJPN-009,Band 1 (2100MHz),-94.2,-15.8,13.5,61.3,21.0,88.8
2026-07-20 07:00:00,RJPN-009-3,RJPN-009,Band 1 (2100MHz),-91.3,-12.8,9.6,60.9,46.4,78.7
2026-07-20 07:00:00,RJPN-010-1,RJPN-010,Band 3 (1800MHz),-86.9,-11.7,11.9,42.2,26.8,95.4
2026-07-20 07:00:00,RJPN-010-2,RJPN-010,Band 3 (1800MHz),-83.7,-14.0,8.7,56.2,30.6,76.9
2026-07-20 07:00:00,RJPN-010-3,RJPN-010,Band 3 (1800MHz),-104.5,-15.9,10.6,32.8,37.0,59.5
2026-07-20 07:00:00,RJPN-011-1,RJPN-011,Band 1 (2100MHz),-101.1,-15.5,9.9,59.0,21.6,111.4
2026-07-20 07:00:00,RJPN-011-2,RJPN-011,Band 1 (2100MHz),-90.7,-14.6,15.6,48.5,28.7,91.7
2026-07-20 07:00:00,RJPN-011-3,RJPN-011,Band 1 (2100MHz),-87.4,-11.1,6.6,56.4,17.7,72.2
2026-07-20 08:00:00,RJPN-001-1,RJPN-001,Band 1 (2100MHz),-84.4,-12.5,8.6,67.9,47.6,107.0
2026-07-20 08:00:00,RJPN-001-2,RJPN-001,Band 1 (2100MHz),-85.5,-9.6,6.1,91.5,24.7,134.6
2026-07-20 08:00:00,RJPN-001-3,RJPN-001,Band 1 (2100MHz),-80.8,-10.8,9.3,54.0,43.3,130.9
2026-07-20 08:00:00,RJPN-002-1,RJPN-002,Band 3 (1800MHz),-107.1,-16.4,1.3,69.1,43.1,126.9
2026-07-20 08:00:00,RJPN-002-2,RJPN-002,Band 3 (1800MHz),-88.8,-9.5,11.6,80.3,50.8,86.8
2026-07-20 08:00:00,RJPN-002-3,RJPN-002,Band 3 (1800MHz),-80.0,-9.9,6.8,74.3,43.0,84.1
2026-07-20 08:00:00,RJPN-003-1,RJPN-003,Band 1 (2100MHz),-92.7,-8.1,7.1,90.6,38.9,125.2
2026-07-20 08:00:00,RJPN-003-2,RJPN-003,Band 1 (2100MHz),-91.5,-11.3,12.6,70.3,39.4,148.6
2026-07-20 08:00:00,RJPN-003-3,RJPN-003,Band 1 (2100MHz),-80.8,-9.8,14.5,67.4,47.3,164.5
2026-07-20 08:00:00,RJPN-004-1,RJPN-004,Band 3 (1800MHz),-85.1,-10.3,8.4,57.7,29.7,106.0
2026-07-20 08:00:00,RJPN-004-2,RJPN-004,Band 3 (1800MHz),-84.5,-14.0,5.1,78.2,47.1,129.8
2026-07-20 08:00:00,RJPN-004-3,RJPN-004,Band 3 (1800MHz),-89.6,-11.9,16.9,37.8,45.5,116.0
2026-07-20 08:00:00,RJPN-005-1,RJPN-005,Band 1 (2100MHz),-81.3,-12.4,13.8,58.4,46.0,134.4
2026-07-20 08:00:00,RJPN-005-2,RJPN-005,Band 1 (2100MHz),-78.1,-14.5,12.8,54.2,27.0,96.0
2026-07-20 08:00:00,RJPN-005-3,RJPN-005,Band 1 (2100MHz),-83.8,-12.0,12.8,76.3,59.1,131.2
2026-07-20 08:00:00,RJPN-006-1,RJPN-006,Band 3 (1800MHz),-81.0,-12.4,20.5,82.7,45.3,121.6
2026-07-20 08:00:00,RJPN-006-2,RJPN-006,Band 3 (1800MHz),-90.3,-12.2,9.1,64.1,44.1,163.1
2026-07-20 08:00:00,RJPN-006-3,RJPN-006,Band 3 (1800MHz),-89.9,-9.6,12.2,86.5,34.8,117.2
2026-07-20 08:00:00,RJPN-007-1,RJPN-007,Band 1 (2100MHz),-88.7,-14.1,13.7,66.9,34.0,98.1
2026-07-20 08:00:00,RJPN-007-2,RJPN-007,Band 1 (2100MHz),-79.0,-9.2,10.7,79.2,50.6,126.1
2026-07-20 08:00:00,RJPN-007-3,RJPN-007,Band 1 (2100MHz),-88.6,-7.3,18.1,61.7,29.7,147.4
2026-07-20 08:00:00,RJPN-008-1,RJPN-008,Band 3 (1800MHz),-94.9,-11.6,8.0,84.2,46.7,104.3
2026-07-20 08:00:00,RJPN-008-2,RJPN-008,Band 3 (1800MHz),-88.6,-10.5,12.8,84.1,50.1,148.2
2026-07-20 08:00:00,RJPN-008-3,RJPN-008,Band 3 (1800MHz),-87.4,-15.5,17.6,66.1,31.4,129.1
2026-07-20 08:00:00,RJPN-009-1,RJPN-009,Band 1 (2100MHz),-86.6,-10.6,12.9,76.0,43.6,120.2
2026-07-20 08:00:00,RJPN-009-2,RJPN-009,Band 1 (2100MHz),-85.9,-8.2,8.2,73.8,47.1,88.5
2026-07-20 08:00:00,RJPN-009-3,RJPN-009,Band 1 (2100MHz),-90.1,-13.9,13.2,67.6,56.4,83.2
2026-07-20 08:00:00,RJPN-010-1,RJPN-010,Band 3 (1800MHz),-87.2,-9.2,16.6,48.2,49.2,109.8
2026-07-20 08:00:00,RJPN-010-2,RJPN-010,Band 3 (1800MHz),-85.3,-11.0,11.7,83.4,50.2,144.3
2026-07-20 08:00:00,RJPN-010-3,RJPN-010,Band 3 (1800MHz),-101.7,-18.0,3.3,77.6,38.8,94.5
2026-07-20 08:00:00,RJPN-011-1,RJPN-011,Band 1 (2100MHz),-107.6,-14.4,10.3,66.3,44.2,147.4
2026-07-20 08:00:00,RJPN-011-2,RJPN-011,Band 1 (2100MHz),-93.0,-12.8,14.9,79.7,42.9,137.4
2026-07-20 08:00:00,RJPN-011-3,RJPN-011,Band 1 (2100MHz),-88.5,-12.2,16.0,62.0,48.0,113.1
2026-07-20 09:00:00,RJPN-001-1,RJPN-001,Band 1 (2100MHz),-85.6,-12.1,14.9,65.7,28.3,64.2
2026-07-20 09:00:00,RJPN-001-2,RJPN-001,Band 1 (2100MHz),-80.9,-11.3,12.2,44.4,21.5,102.3
2026-07-20 09:00:00,RJPN-001-3,RJPN-001,Band 1 (2100MHz),-84.4,-9.1,9.0,86.7,26.0,49.2
2026-07-20 09:00:00,RJPN-002-1,RJPN-002,Band 3 (1800MHz),-97.1,-13.9,1.6,55.0,34.6,60.1
2026-07-20 09:00:00,RJPN-002-2,RJPN-002,Band 3 (1800MHz),-98.0,-7.8,5.7,70.2,37.9,66.8
2026-07-20 09:00:00,RJPN-002-3,RJPN-002,Band 3 (1800MHz),-91.5,-6.9,4.3,26.3,45.2,69.3
2026-07-20 09:00:00,RJPN-003-1,RJPN-003,Band 1 (2100MHz),-90.4,-10.5,10.7,60.5,37.2,95.0
2026-07-20 09:00:00,RJPN-003-2,RJPN-003,Band 1 (2100MHz),-87.0,-10.5,14.2,47.2,27.8,46.3
2026-07-20 09:00:00,RJPN-003-3,RJPN-003,Band 1 (2100MHz),-83.6,-12.3,6.9,51.0,31.2,69.9
2026-07-20 09:00:00,RJPN-004-1,RJPN-004,Band 3 (1800MHz),-82.8,-8.5,23.4,49.4,18.3,87.8
2026-07-20 09:00:00,RJPN-004-2,RJPN-004,Band 3 (1800MHz),-83.2,-9.1,15.8,64.4,31.0,95.2
2026-07-20 09:00:00,RJPN-004-3,RJPN-004,Band 3 (1800MHz),-86.1,-6.6,17.0,35.3,14.7,51.9
2026-07-20 09:00:00,RJPN-005-1,RJPN-005,Band 1 (2100MHz),-88.1,-13.5,8.8,46.0,41.2,97.2
2026-07-20 09:00:00,RJPN-005-2,RJPN-005,Band 1 (2100MHz),-90.5,-12.7,22.1,49.2,42.5,77.8
2026-07-20 09:00:00,RJPN-005-3,RJPN-005,Band 1 (2100MHz),-86.5,-10.6,17.4,63.8,24.2,94.4
2026-07-20 09:00:00,RJPN-006-1,RJPN-006,Band 3 (1800MHz),-82.4,-11.6,10.0,65.1,18.0,59.7
2026-07-20 09:00:00,RJPN-006-2,RJPN-006,Band 3 (1800MHz),-88.0,-10.5,7.4,75.2,28.7,77.6
2026-07-20 09:00:00,RJPN-006-3,RJPN-006,Band 3 (1800MHz),-88.3,-9.1,8.9,63.9,54.7,75.0
2026-07-20 09:00:00,RJPN-007-1,RJPN-007,Band 1 (2100MHz),-82.5,-8.5,21.7,44.4,18.9,86.0
2026-07-20 09:00:00,RJPN-007-2,RJPN-007,Band 1 (2100MHz),-85.0,-9.9,15.6,57.4,31.5,94.1
2026-07-20 09:00:00,RJPN-007-3,RJPN-007,Band 1 (2100MHz),-85.3,-9.6,21.9,47.2,27.3,110.9
2026-07-20 09:00:00,RJPN-008-1,RJPN-008,Band 3 (1800MHz),-82.4,-12.2,24.9,47.6,33.4,95.7
2026-07-20 09:00:00,RJPN-008-2,RJPN-008,Band 3 (1800MHz),-88.5,-11.0,14.3,54.6,52.6,67.4
2026-07-20 09:00:00,RJPN-008-3,RJPN-008,Band 3 (1800MHz),-87.2,-11.9,10.8,63.4,25.8,77.4
2026-07-20 09:00:00,RJPN-009-1,RJPN-009,Band 1 (2100MHz),-85.8,-10.4,11.0,67.1,33.2,89.8
2026-07-20 09:00:00,RJPN-009-2,RJPN-009,Band 1 (2100MHz),-91.8,-11.6,15.5,50.0,39.5,89.2
2026-07-20 09:00:00,RJPN-009-3,RJPN-009,Band 1 (2100MHz),-90.7,-6.5,25.2,58.2,31.7,117.5
2026-07-20 09:00:00,RJPN-010-1,RJPN-010,Band 3 (1800MHz),-90.6,-5.2,15.4,57.3,35.0,72.9
2026-07-20 09:00:00,RJPN-010-2,RJPN-010,Band 3 (1800MHz),-78.1,-9.9,4.5,51.2,38.0,100.4
2026-07-20 09:00:00,RJPN-010-3,RJPN-010,Band 3 (1800MHz),-99.9,-14.8,0.0,55.6,46.2,94.9
2026-07-20 09:00:00,RJPN-011-1,RJPN-011,Band 1 (2100MHz),-104.5,-13.6,10.0,38.9,44.8,86.4
2026-07-20 09:00:00,RJPN-011-2,RJPN-011,Band 1 (2100MHz),-89.0,-8.4,-2.0,40.6,39.8,86.5
2026-07-20 09:00:00,RJPN-011-3,RJPN-011,Band 1 (2100MHz),-87.9,-13.2,16.3,82.8,41.1,122.0
2026-07-20 10:00:00,RJPN-001-1,RJPN-001,Band 1 (2100MHz),-89.9,-11.2,16.2,11.5,7.5,2.9
2026-07-20 10:00:00,RJPN-001-2,RJPN-001,Band 1 (2100MHz),-90.2,-7.8,15.8,18.4,5.3,31.3
2026-07-20 10:00:00,RJPN-001-3,RJPN-001,Band 1 (2100MHz),-83.6,-9.8,3.8,15.3,5.3,10.8
2026-07-20 10:00:00,RJPN-002-1,RJPN-002,Band 3 (1800MHz),-99.4,-11.9,15.4,20.1,0.0,20.8
2026-07-20 10:00:00,RJPN-002-2,RJPN-002,Band 3 (1800MHz),-87.9,-9.8,16.8,37.5,12.7,51.4
2026-07-20 10:00:00,RJPN-002-3,RJPN-002,Band 3 (1800MHz),-85.0,-8.6,17.0,10.2,0.0,60.6
2026-07-20 10:00:00,RJPN-003-1,RJPN-003,Band 1 (2100MHz),-94.5,-9.4,13.8,18.0,18.6,80.6
2026-07-20 10:00:00,RJPN-003-2,RJPN-003,Band 1 (2100MHz),-90.1,-8.7,4.4,32.3,18.3,48.6
2026-07-20 10:00:00,RJPN-003-3,RJPN-003,Band 1 (2100MHz),-85.6,-5.2,3.2,34.7,2.4,37.1
2026-07-20 10:00:00,RJPN-004-1,RJPN-004,Band 3 (1800MHz),-81.9,-9.2,16.9,10.1,23.5,73.1
2026-07-20 10:00:00,RJPN-004-2,RJPN-004,Band 3 (1800MHz),-83.0,-9.3,12.1,0.0,25.9,30.6
2026-07-20 10:00:00,RJPN-004-3,RJPN-004,Band 3 (1800MHz),-85.7,-5.5,2.8,19.7,4.1,0.0
2026-07-20 10:00:00,RJPN-005-1,RJPN-005,Band 1 (2100MHz),-86.7,-7.6,13.9,26.2,12.7,7.3
2026-07-20 10:00:00,RJPN-005-2,RJPN-005,Band 1 (2100MHz),-89.5,-9.3,20.4,13.3,22.1,0.0
2026-07-20 10:00:00,RJPN-005-3,RJPN-005,Band 1 (2100MHz),-89.5,-9.4,19.4,24.4,17.4,18.5
2026-07-20 10:00:00,RJPN-006-1,RJPN-006,Band 3 (1800MHz),-86.4,-7.8,10.6,10.4,8.3,51.2
2026-07-20 10:00:00,RJPN-006-2,RJPN-006,Band 3 (1800MHz),-86.8,-7.5,16.6,21.5,6.1,32.4
2026-07-20 10:00:00,RJPN-006-3,RJPN-006,Band 3 (1800MHz),-87.6,-9.6,11.0,5.3,2.7,45.3
2026-07-20 10:00:00,RJPN-007-1,RJPN-007,Band 1 (2100MHz),-80.1,-8.5,19.1,19.3,4.1,5.2
2026-07-20 10:00:00,RJPN-007-2,RJPN-007,Band 1 (2100MHz),-86.5,-3.5,7.6,29.8,15.1,0.0
2026-07-20 10:00:00,RJPN-007-3,RJPN-007,Band 1 (2100MHz),-90.8,-7.4,10.5,35.7,5.9,59.5
2026-07-20 10:00:00,RJPN-008-1,RJPN-008,Band 3 (1800MHz),-84.7,-8.1,11.4,0.0,0.0,28.5
2026-07-20 10:00:00,RJPN-008-2,RJPN-008,Band 3 (1800MHz),-82.3,-10.0,15.3,24.4,18.3,7.9
2026-07-20 10:00:00,RJPN-008-3,RJPN-008,Band 3 (1800MHz),-85.8,-9.4,5.5,14.6,8.7,18.9
2026-07-20 10:00:00,RJPN-009-1,RJPN-009,Band 1 (2100MHz),-80.9,-9.2,8.7,3.4,32.9,0.6
2026-07-20 10:00:00,RJPN-009-2,RJPN-009,Band 1 (2100MHz),-90.2,-7.8,11.9,22.3,10.1,26.2
2026-07-20 10:00:00,RJPN-009-3,RJPN-009,Band 1 (2100MHz),-90.7,-10.7,6.8,14.7,16.5,0.0
2026-07-20 10:00:00,RJPN-010-1,RJPN-010,Band 3 (1800MHz),-85.2,-8.9,16.2,23.1,0.0,32.8
2026-07-20 10:00:00,RJPN-010-2,RJPN-010,Band 3 (1800MHz),-88.1,-9.7,14.9,0.0,12.6,0.0
2026-07-20 10:00:00,RJPN-010-3,RJPN-010,Band 3 (1800MHz),-99.8,-9.0,3.0,8.1,8.1,69.5
2026-07-20 10:00:00,RJPN-011-1,RJPN-011,Band 1 (2100MHz),-99.4,-12.8,-0.0,8.1,7.9,7.8
2026-07-20 10:00:00,RJPN-011-2,RJPN-011,Band 1 (2100MHz),-84.2,-7.7,4.9,11.1,0.8,16.2
2026-07-20 10:00:00,RJPN-011-3,RJPN-011,Band 1 (2100MHz),-83.8,-8.7,9.0,21.8,7.0,34.0
2026-07-20 11:00:00,RJPN-001-1,RJPN-001,Band 1 (2100MHz),-89.9,-8.2,14.1,66.7,30.8,42.8
2026-07-20 11:00:00,RJPN-001-2,RJPN-001,Band 1 (2100MHz),-87.0,-9.9,8.3,30.6,18.2,81.2
2026-07-20 11:00:00,RJPN-001-3,RJPN-001,Band 1 (2100MHz),-81.5,-9.2,19.2,59.8,16.0,85.6
2026-07-20 11:00:00,RJPN-002-1,RJPN-002,Band 3 (1800MHz),-97.5,-14.1,9.8,66.8,16.4,72.1
2026-07-20 11:00:00,RJPN-002-2,RJPN-002,Band 3 (1800MHz),-90.3,-9.4,21.2,46.2,38.1,76.7
2026-07-20 11:00:00,RJPN-002-3,RJPN-002,Band 3 (1800MHz),-82.6,-9.1,19.1,51.4,29.2,83.2
2026-07-20 11:00:00,RJPN-003-1,RJPN-003,Band 1 (2100MHz),-92.5,-9.8,24.0,49.9,33.1,92.5
2026-07-20 11:00:00,RJPN-003-2,RJPN-003,Band 1 (2100MHz),-86.4,-8.6,17.1,85.3,13.7,106.0
2026-07-20 11:00:00,RJPN-003-3,RJPN-003,Band 1 (2100MHz),-83.8,-8.9,16.2,35.6,29.6,85.6
2026-07-20 11:00:00,RJPN-004-1,RJPN-004,Band 3 (1800MHz),-87.8,-9.8,17.2,48.5,16.3,80.2
2026-07-20 11:00:00,RJPN-004-2,RJPN-004,Band 3 (1800MHz),-91.3,-12.7,12.0,55.1,23.1,70.1
2026-07-20 11:00:00,RJPN-004-3,RJPN-004,Band 3 (1800MHz),-95.3,-12.3,10.0,58.2,23.2,99.6
2026-07-20 11:00:00,RJPN-005-1,RJPN-005,Band 1 (2100MHz),-86.9,-11.2,30.3,41.0,28.1,70.5
2026-07-20 11:00:00,RJPN-005-2,RJPN-005,Band 1 (2100MHz),-85.0,-10.0,18.6,77.5,29.8,41.3
2026-07-20 11:00:00,RJPN-005-3,RJPN-005,Band 1 (2100MHz),-85.1,-10.0,21.9,53.9,21.1,60.4
2026-07-20 11:00:00,RJPN-006-1,RJPN-006,Band 3 (1800MHz),-94.4,-7.2,18.5,54.4,18.9,82.0
2026-07-20 11:00:00,RJPN-006-2,RJPN-006,Band 3 (1800MHz),-80.5,-7.6,10.0,44.3,25.3,68.1
2026-07-20 11:00:00,RJPN-006-3,RJPN-006,Band 3 (1800MHz),-89.6,-11.4,18.6,34.2,29.9,74.2
2026-07-20 11:00:00,RJPN-007-1,RJPN-007,Band 1 (2100MHz),-81.1,-10.7,12.9,54.0,11.7,42.3
2026-07-20 11:00:00,RJPN-007-2,RJPN-007,Band 1 (2100MHz),-88.0,-9.7,15.6,48.3,30.6,71.7
2026-07-20 11:00:00,RJPN-007-3,RJPN-007,Band 1 (2100MHz),-88.2,-9.6,4.7,45.0,38.1,78.7
2026-07-20 11:00:00,RJPN-008-1,RJPN-008,Band 3 (1800MHz),-87.0,-12.6,22.9,35.7,26.8,48.5
2026-07-20 11:00:00,RJPN-008-2,RJPN-008,Band 3 (1800MHz),-81.5,-11.2,13.6,62.1,21.1,112.3
2026-07-20 11:00:00,RJPN-008-3,RJPN-008,Band 3 (1800MHz),-88.9,-8.4,12.1,21.5,37.8,67.9
2026-07-20 11:00:00,RJPN-009-1,RJPN-009,Band 1 (2100MHz),-83.5,-10.2,13.8,47.7,23.7,115.8
2026-07-20 11:00:00,RJPN-009-2,RJPN-009,Band 1 (2100MHz),-89.7,-9.4,11.9,65.1,23.1,64.4
2026-07-20 11:00:00,RJPN-009-3,RJPN-009,Band 1 (2100MHz),-92.9,-11.5,5.1,46.2,26.0,129.6
2026-07-20 11:00:00,RJPN-010-1,RJPN-010,Band 3 (1800MHz),-87.7,-8.5,13.5,38.5,24.3,132.8
2026-07-20 11:00:00,RJPN-010-2,RJPN-010,Band 3 (1800MHz),-88.2,-10.0,20.2,43.9,29.0,71.6
2026-07-20 11:00:00,RJPN-010-3,RJPN-010,Band 3 (1800MHz),-102.5,-13.7,15.5,70.9,24.3,71.2
2026-07-20 11:00:00,RJPN-011-1,RJPN-011,Band 1 (2100MHz),-97.6,-13.6,5.2,45.0,21.8,51.4
2026-07-20 11:00:00,RJPN-011-2,RJPN-011,Band 1 (2100MHz),-92.1,-13.1,20.1,38.6,18.8,68.0
2026-07-20 11:00:00,RJPN-011-3,RJPN-011,Band 1 (2100MHz),-81.5,-9.4,15.2,54.1,34.0,59.4
2026-07-20 12:00:00,RJPN-001-1,RJPN-001,Band 1 (2100MHz),-92.3,-9.5,15.2,46.8,33.9,67.0
2026-07-20 12:00:00,RJPN-001-2,RJPN-001,Band 1 (2100MHz),-92.1,-7.5,12.9,57.0,18.8,105.3
2026-07-20 12:00:00,RJPN-001-3,RJPN-001,Band 1 (2100MHz),-81.0,-6.5,27.7,39.6,25.6,111.1
2026-07-20 12:00:00,RJPN-002-1,RJPN-002,Band 3 (1800MHz),-100.7,-14.7,7.8,40.2,19.1,80.3
2026-07-20 12:00:00,RJPN-002-2,RJPN-002,Band 3 (1800MHz),-84.3,-11.4,25.7,34.5,24.7,85.2
2026-07-20 12:00:00,RJPN-002-3,RJPN-002,Band 3 (1800MHz),-85.5,-8.8,13.6,39.2,34.0,45.1
2026-07-20 12:00:00,RJPN-003-1,RJPN-003,Band 1 (2100MHz),-83.7,-10.5,13.2,22.4,22.4,35.8
2026-07-20 12:00:00,RJPN-003-2,RJPN-003,Band 1 (2100MHz),-84.8,-10.1,13.4,64.6,31.1,90.7
2026-07-20 12:00:00,RJPN-003-3,RJPN-003,Band 1 (2100MHz),-82.2,-9.1,20.5,52.2,49.5,104.3
2026-07-20 12:00:00,RJPN-004-1,RJPN-004,Band 3 (1800MHz),-85.4,-11.9,19.5,68.8,28.2,95.8
2026-07-20 12:00:00,RJPN-004-2,RJPN-004,Band 3 (1800MHz),-84.3,-9.3,7.4,64.5,15.3,77.9
2026-07-20 12:00:00,RJPN-004-3,RJPN-004,Band 3 (1800MHz),-91.2,-5.7,11.8,39.1,26.9,115.8
2026-07-20 12:00:00,RJPN-005-1,RJPN-005,Band 1 (2100MHz),-84.2,-8.6,17.0,46.3,21.9,130.2
2026-07-20 12:00:00,RJPN-005-2,RJPN-005,Band 1 (2100MHz),-85.4,-15.1,14.9,42.3,21.6,91.5
2026-07-20 12:00:00,RJPN-005-3,RJPN-005,Band 1 (2100MHz),-84.6,-11.0,13.7,40.8,15.2,69.9
2026-07-20 12:00:00,RJPN-006-1,RJPN-006,Band 3 (1800MHz),-89.7,-9.4,18.4,28.9,36.1,68.8
2026-07-20 12:00:00,RJPN-006-2,RJPN-006,Band 3 (1800MHz),-87.4,-12.5,9.5,58.2,33.4,44.4
2026-07-20 12:00:00,RJPN-006-3,RJPN-006,Band 3 (1800MHz),-84.2,-9.9,9.2,50.2,45.7,64.9
2026-07-20 12:00:00,RJPN-007-1,RJPN-007,Band 1 (2100MHz),-89.4,-12.6,11.9,57.7,40.1,110.9
2026-07-20 12:00:00,RJPN-007-2,RJPN-007,Band 1 (2100MHz),-86.6,-10.9,16.6,53.1,28.7,99.4
2026-07-20 12:00:00,RJPN-007-3,RJPN-007,Band 1 (2100MHz),-83.1,-9.4,19.3,46.5,16.4,62.6
2026-07-20 12:00:00,RJPN-008-1,RJPN-008,Band 3 (1800MHz),-90.0,-7.9,18.4,49.4,18.4,52.0
2026-07-20 12:00:00,RJPN-008-2,RJPN-008,Band 3 (1800MHz),-89.0,-11.8,20.1,53.0,23.9,97.5
2026-07-20 12:00:00,RJPN-008-3,RJPN-008,Band 3 (1800MHz),-93.2,-11.7,12.2,39.0,27.4,67.3
2026-07-20 12:00:00,RJPN-009-1,RJPN-009,Band 1 (2100MHz),-90.5,-9.6,18.0,36.4,14.4,77.4
2026-07-20 12:00:00,RJPN-009-2,RJPN-009,Band 1 (2100MHz),-88.2,-10.4,17.6,59.1,36.3,103.4
2026-07-20 12:00:00,RJPN-009-3,RJPN-009,Band 1 (2100MHz),-89.8,-10.8,15.0,47.0,27.9,78.5
2026-07-20 12:00:00,RJPN-010-1,RJPN-010,Band 3 (1800MHz),-77.8,-9.9,19.7,40.0,27.9,85.2
2026-07-20 12:00:00,RJPN-010-2,RJPN-010,Band 3 (1800MHz),-87.1,-7.3,14.8,47.3,25.9,88.2
2026-07-20 12:00:00,RJPN-010-3,RJPN-010,Band 3 (1800MHz),-103.9,-14.9,-3.8,44.8,47.1,99.8
2026-07-20 12:00:00,RJPN-011-1,RJPN-011,Band 1 (2100MHz),-98.4,-11.4,14.0,69.5,47.3,109.9
2026-07-20 12:00:00,RJPN-011-2,RJPN-011,Band 1 (2100MHz),-89.7,-11.8,14.2,21.0,23.9,105.3
2026-07-20 12:00:00,RJPN-011-3,RJPN-011,Band 1 (2100MHz),-94.4,-12.0,18.9,58.9,33.8,51.0
2026-07-20 13:00:00,RJPN-001-1,RJPN-001,Band 1 (2100MHz),-82.5,-12.6,14.6,48.6,26.1,97.6
2026-07-20 13:00:00,RJPN-001-2,RJPN-001,Band 1 (2100MHz),-91.8,-10.4,13.8,33.8,46.8,89.7
2026-07-20 13:00:00,RJPN-001-3,RJPN-001,Band 1 (2100MHz),-85.0,-7.7,15.3,63.2,22.4,49.5
2026-07-20 13:00:00,RJPN-002-1,RJPN-002,Band 3 (1800MHz),-103.5,-16.3,8.3,54.3,17.0,70.5
2026-07-20 13:00:00,RJPN-002-2,RJPN-002,Band 3 (1800MHz),-84.4,-7.7,10.1,58.0,25.8,105.5
2026-07-20 13:00:00,RJPN-002-3,RJPN-002,Band 3 (1800MHz),-80.4,-12.1,11.0,44.9,26.5,58.6
2026-07-20 13:00:00,RJPN-003-1,RJPN-003,Band 1 (2100MHz),-82.9,-8.5,13.3,46.1,19.3,91.8
2026-07-20 13:00:00,RJPN-003-2,RJPN-003,Band 1 (2100MHz),-85.0,-13.6,13.1,65.5,34.0,77.7
2026-07-20 13:00:00,RJPN-003-3,RJPN-003,Band 1 (2100MHz),-86.1,-10.1,15.8,60.9,29.5,67.2
2026-07-20 13:00:00,RJPN-004-1,RJPN-004,Band 3 (1800MHz),-82.0,-11.8,0.4,61.8,40.4,118.7
2026-07-20 13:00:00,RJPN-004-2,RJPN-004,Band 3 (1800MHz),-89.7,-8.6,8.0,31.0,30.8,64.8
2026-07-20 13:00:00,RJPN-004-3,RJPN-004,Band 3 (1800MHz),-86.3,-10.5,11.2,40.0,33.0,59.6
2026-07-20 13:00:00,RJPN-005-1,RJPN-005,Band 1 (2100MHz),-81.8,-14.4,19.1,55.0,22.0,77.6
2026-07-20 13:00:00,RJPN-005-2,RJPN-005,Band 1 (2100MHz),-81.1,-10.2,10.8,39.3,19.9,97.4
2026-07-20 13:00:00,RJPN-005-3,RJPN-005,Band 1 (2100MHz),-86.7,-7.9,8.6,75.6,15.9,117.5
2026-07-20 13:00:00,RJPN-006-1,RJPN-006,Band 3 (1800MHz),-83.0,-9.0,12.3,54.1,28.2,80.6
2026-07-20 13:00:00,RJPN-006-2,RJPN-006,Band 3 (1800MHz),-85.5,-11.7,22.2,81.2,21.8,86.0
2026-07-20 13:00:00,RJPN-006-3,RJPN-006,Band 3 (1800MHz),-84.3,-10.5,6.3,51.5,21.8,52.9
2026-07-20 13:00:00,RJPN-007-1,RJPN-007,Band 1 (2100MHz),-78.7,-8.7,16.9,54.1,35.1,84.2
2026-07-20 13:00:00,RJPN-007-2,RJPN-007,Band 1 (2100MHz),-86.9,-12.2,17.9,41.3,24.7,103.3
2026-07-20 13:00:00,RJPN-007-3,RJPN-007,Band 1 (2100MHz),-90.3,-7.4,13.3,64.3,21.0,55.9
2026-07-20 13:00:00,RJPN-008-1,RJPN-008,Band 3 (1800MHz),-84.7,-7.4,19.2,38.6,31.3,109.8
2026-07-20 13:00:00,RJPN-008-2,RJPN-008,Band 3 (1800MHz),-88.4,-9.4,17.4,59.0,25.0,86.4
2026-07-20 13:00:00,RJPN-008-3,RJPN-008,Band 3 (1800MHz),-87.9,-6.1,14.1,38.0,46.6,101.9
2026-07-20 13:00:00,RJPN-009-1,RJPN-009,Band 1 (2100MHz),-86.1,-10.2,25.9,35.7,34.2,108.7
2026-07-20 13:00:00,RJPN-009-2,RJPN-009,Band 1 (2100MHz),-91.0,-10.4,5.8,64.7,17.7,93.7
2026-07-20 13:00:00,RJPN-009-3,RJPN-009,Band 1 (2100MHz),-86.3,-8.9,11.0,74.2,28.5,72.4
2026-07-20 13:00:00,RJPN-010-1,RJPN-010,Band 3 (1800MHz),-98.4,-9.8,12.4,46.4,47.7,53.9
2026-07-20 13:00:00,RJPN-010-2,RJPN-010,Band 3 (1800MHz),-81.8,-11.0,17.5,49.8,36.3,145.1
2026-07-20 13:00:00,RJPN-010-3,RJPN-010,Band 3 (1800MHz),-105.1,-13.1,11.0,43.0,25.6,72.1
2026-07-20 13:00:00,RJPN-011-1,RJPN-011,Band 1 (2100MHz),-101.6,-14.7,7.7,47.6,12.7,79.8
2026-07-20 13:00:00,RJPN-011-2,RJPN-011,Band 1 (2100MHz),-95.4,-12.3,18.7,47.3,27.5,84.5
2026-07-20 13:00:00,RJPN-011-3,RJPN-011,Band 1 (2100MHz),-84.5,-12.6,12.2,49.7,38.0,81.2
2026-07-20 14:00:00,RJPN-001-1,RJPN-001,Band 1 (2100MHz),-90.9,-11.7,17.6,59.7,25.9,111.7
2026-07-20 14:00:00,RJPN-001-2,RJPN-001,Band 1 (2100MHz),-89.3,-5.8,6.2,69.1,25.6,67.0
2026-07-20 14:00:00,RJPN-001-3,RJPN-001,Band 1 (2100MHz),-84.4,-8.4,14.2,44.6,24.6,89.3
2026-07-20 14:00:00,RJPN-002-1,RJPN-002,Band 3 (1800MHz),-104.5,-17.0,4.6,50.4,32.5,51.9
2026-07-20 14:00:00,RJPN-002-2,RJPN-002,Band 3 (1800MHz),-84.1,-13.0,15.7,58.1,36.3,104.5
2026-07-20 14:00:00,RJPN-002-3,RJPN-002,Band 3 (1800MHz),-89.2,-10.5,23.4,58.1,23.2,76.6
2026-07-20 14:00:00,RJPN-003-1,RJPN-003,Band 1 (2100MHz),-89.4,-12.6,22.5,58.2,25.3,106.1
2026-07-20 14:00:00,RJPN-003-2,RJPN-003,Band 1 (2100MHz),-93.3,-9.2,15.3,53.0,33.9,38.9
2026-07-20 14:00:00,RJPN-003-3,RJPN-003,Band 1 (2100MHz),-84.6,-9.3,14.8,50.4,32.3,60.2
2026-07-20 14:00:00,RJPN-004-1,RJPN-004,Band 3 (1800MHz),-90.4,-11.3,5.1,37.9,42.5,111.2
2026-07-20 14:00:00,RJPN-004-2,RJPN-004,Band 3 (1800MHz),-83.6,-7.8,11.7,71.9,36.6,55.9
2026-07-20 14:00:00,RJPN-004-3,RJPN-004,Band 3 (1800MHz),-88.2,-5.8,18.3,56.4,20.2,92.0
2026-07-20 14:00:00,RJPN-005-1,RJPN-005,Band 1 (2100MHz),-84.5,-8.9,13.1,50.8,28.0,119.7
2026-07-20 14:00:00,RJPN-005-2,RJPN-005,Band 1 (2100MHz),-84.5,-9.9,12.6,43.6,21.1,46.5
2026-07-20 14:00:00,RJPN-005-3,RJPN-005,Band 1 (2100MHz),-82.7,-9.9,16.6,65.0,30.9,77.4
2026-07-20 14:00:00,RJPN-006-1,RJPN-006,Band 3 (1800MHz),-84.0,-8.2,12.0,39.1,41.9,76.3
2026-07-20 14:00:00,RJPN-006-2,RJPN-006,Band 3 (1800MHz),-81.9,-8.6,19.8,48.8,35.5,99.0
2026-07-20 14:00:00,RJPN-006-3,RJPN-006,Band 3 (1800MHz),-77.5,-11.5,13.7,39.2,46.0,61.3
2026-07-20 14:00:00,RJPN-007-1,RJPN-007,Band 1 (2100MHz),-99.7,-11.6,9.1,47.4,15.9,69.3
2026-07-20 14:00:00,RJPN-007-2,RJPN-007,Band 1 (2100MHz),-80.6,-9.7,2.5,51.6,32.1,92.8
2026-07-20 14:00:00,RJPN-007-3,RJPN-007,Band 1 (2100MHz),-82.9,-9.7,20.2,58.9,43.6,89.7
2026-07-20 14:00:00,RJPN-008-1,RJPN-008,Band 3 (1800MHz),-88.3,-8.0,10.4,47.9,29.8,80.5
2026-07-20 14:00:00,RJPN-008-2,RJPN-008,Band 3 (1800MHz),-83.1,-7.0,17.5,58.8,13.4,87.0
2026-07-20 14:00:00,RJPN-008-3,RJPN-008,Band 3 (1800MHz),-90.7,-10.2,7.8,40.8,10.9,75.3
2026-07-20 14:00:00,RJPN-009-1,RJPN-009,Band 1 (2100MHz),-92.8,-10.6,12.0,55.2,27.4,102.0
2026-07-20 14:00:00,RJPN-009-2,RJPN-009,Band 1 (2100MHz),-86.3,-11.1,7.2,51.5,29.6,78.2
2026-07-20 14:00:00,RJPN-009-3,RJPN-009,Band 1 (2100MHz),-86.4,-10.2,12.5,45.9,38.9,66.3
2026-07-20 14:00:00,RJPN-010-1,RJPN-010,Band 3 (1800MHz),-89.6,-10.4,7.7,17.3,15.9,79.0
2026-07-20 14:00:00,RJPN-010-2,RJPN-010,Band 3 (1800MHz),-80.9,-11.2,13.5,49.0,36.4,115.1
2026-07-20 14:00:00,RJPN-010-3,RJPN-010,Band 3 (1800MHz),-98.4,-15.0,8.7,41.4,27.6,73.3
2026-07-20 14:00:00,RJPN-011-1,RJPN-011,Band 1 (2100MHz),-93.4,-15.9,2.6,70.2,37.9,96.3
2026-07-20 14:00:00,RJPN-011-2,RJPN-011,Band 1 (2100MHz),-88.1,-3.5,17.2,56.0,6.6,82.2
2026-07-20 14:00:00,RJPN-011-3,RJPN-011,Band 1 (2100MHz),-84.0,-11.9,17.5,45.8,11.6,71.9
2026-07-20 15:00:00,RJPN-001-1,RJPN-001,Band 1 (2100MHz),-98.4,-4.4,10.6,7.7,15.9,36.3
2026-07-20 15:00:00,RJPN-001-2,RJPN-001,Band 1 (2100MHz),-79.6,-7.4,12.8,29.1,21.5,44.5
2026-07-20 15:00:00,RJPN-001-3,RJPN-001,Band 1 (2100MHz),-81.2,-5.4,4.5,36.8,8.7,0.0
2026-07-20 15:00:00,RJPN-002-1,RJPN-002,Band 3 (1800MHz),-96.1,-14.5,2.3,22.5,3.4,38.3
2026-07-20 15:00:00,RJPN-002-2,RJPN-002,Band 3 (1800MHz),-87.0,-10.3,14.7,15.3,7.6,28.9
2026-07-20 15:00:00,RJPN-002-3,RJPN-002,Band 3 (1800MHz),-79.5,-13.3,12.3,35.7,1.2,46.6
2026-07-20 15:00:00,RJPN-003-1,RJPN-003,Band 1 (2100MHz),-88.5,-6.9,18.3,20.2,13.3,0.0
2026-07-20 15:00:00,RJPN-003-2,RJPN-003,Band 1 (2100MHz),-88.1,-8.1,10.5,0.0,26.5,0.0
2026-07-20 15:00:00,RJPN-003-3,RJPN-003,Band 1 (2100MHz),-88.0,-10.4,13.5,17.1,12.8,29.5
2026-07-20 15:00:00,RJPN-004-1,RJPN-004,Band 3 (1800MHz),-89.2,-6.8,15.3,4.4,10.0,14.4
2026-07-20 15:00:00,RJPN-004-2,RJPN-004,Band 3 (1800MHz),-84.4,-9.2,9.7,39.5,8.2,31.3
2026-07-20 15:00:00,RJPN-004-3,RJPN-004,Band 3 (1800MHz),-89.3,-11.0,9.4,26.7,0.0,31.7
2026-07-20 15:00:00,RJPN-005-1,RJPN-005,Band 1 (2100MHz),-92.5,-7.9,8.7,32.3,26.2,46.4
2026-07-20 15:00:00,RJPN-005-2,RJPN-005,Band 1 (2100MHz),-82.7,-8.2,11.6,1.5,0.0,7.0
2026-07-20 15:00:00,RJPN-005-3,RJPN-005,Band 1 (2100MHz),-89.9,-10.1,13.2,0.0,0.0,20.0
2026-07-20 15:00:00,RJPN-006-1,RJPN-006,Band 3 (1800MHz),-88.7,-5.7,15.4,0.0,13.7,51.7
2026-07-20 15:00:00,RJPN-006-2,RJPN-006,Band 3 (1800MHz),-92.6,-8.5,17.2,23.8,12.5,33.5
2026-07-20 15:00:00,RJPN-006-3,RJPN-006,Band 3 (1800MHz),-88.9,-10.1,11.4,13.0,17.7,54.1
2026-07-20 15:00:00,RJPN-007-1,RJPN-007,Band 1 (2100MHz),-81.2,-9.6,3.5,12.6,22.9,23.2
2026-07-20 15:00:00,RJPN-007-2,RJPN-007,Band 1 (2100MHz),-92.0,-6.2,8.9,22.0,0.0,72.5
2026-07-20 15:00:00,RJPN-007-3,RJPN-007,Band 1 (2100MHz),-85.5,-12.3,5.6,1.1,2.1,43.0
2026-07-20 15:00:00,RJPN-008-1,RJPN-008,Band 3 (1800MHz),-82.8,-8.8,6.3,6.9,0.6,49.0
2026-07-20 15:00:00,RJPN-008-2,RJPN-008,Band 3 (1800MHz),-92.0,-9.5,14.3,40.5,0.0,49.6
2026-07-20 15:00:00,RJPN-008-3,RJPN-008,Band 3 (1800MHz),-89.6,-9.6,9.0,4.5,0.0,73.9
2026-07-20 15:00:00,RJPN-009-1,RJPN-009,Band 1 (2100MHz),-89.1,-8.5,17.6,24.1,5.6,4.8
2026-07-20 15:00:00,RJPN-009-2,RJPN-009,Band 1 (2100MHz),-79.8,-11.6,15.3,30.7,2.0,30.4
2026-07-20 15:00:00,RJPN-009-3,RJPN-009,Band 1 (2100MHz),-88.9,-4.8,3.1,6.4,12.8,0.0
2026-07-20 15:00:00,RJPN-010-1,RJPN-010,Band 3 (1800MHz),-83.4,-8.2,13.5,5.2,17.2,0.1
2026-07-20 15:00:00,RJPN-010-2,RJPN-010,Band 3 (1800MHz),-75.2,-4.9,11.0,27.2,7.5,0.0
2026-07-20 15:00:00,RJPN-010-3,RJPN-010,Band 3 (1800MHz),-98.8,-14.6,2.7,9.3,23.4,0.0
2026-07-20 15:00:00,RJPN-011-1,RJPN-011,Band 1 (2100MHz),-102.6,-13.2,0.9,5.3,20.8,11.5
2026-07-20 15:00:00,RJPN-011-2,RJPN-011,Band 1 (2100MHz),-89.3,-10.0,14.4,22.0,17.4,26.8
2026-07-20 15:00:00,RJPN-011-3,RJPN-011,Band 1 (2100MHz),-81.9,-8.4,7.0,19.5,6.4,26.3
2026-07-20 16:00:00,RJPN-001-1,RJPN-001,Band 1 (2100MHz),-93.5,-8.5,7.0,66.1,41.3,112.8
2026-07-20 16:00:00,RJPN-001-2,RJPN-001,Band 1 (2100MHz),-88.0,-8.6,9.0,65.1,32.2,103.9
2026-07-20 16:00:00,RJPN-001-3,RJPN-001,Band 1 (2100MHz),-92.6,-11.6,8.3,73.5,38.7,75.5
2026-07-20 16:00:00,RJPN-002-1,RJPN-002,Band 3 (1800MHz),-101.1,-17.0,10.9,81.5,47.1,137.8
2026-07-20 16:00:00,RJPN-002-2,RJPN-002,Band 3 (1800MHz),-82.4,-13.7,11.5,87.2,35.6,85.0
2026-07-20 16:00:00,RJPN-002-3,RJPN-002,Band 3 (1800MHz),-92.8,-10.0,4.0,45.8,41.2,78.2
2026-07-20 16:00:00,RJPN-003-1,RJPN-003,Band 1 (2100MHz),-87.3,-8.7,17.5,57.7,40.2,111.9
2026-07-20 16:00:00,RJPN-003-2,RJPN-003,Band 1 (2100MHz),-83.7,-10.6,15.5,69.1,48.8,106.4
2026-07-20 16:00:00,RJPN-003-3,RJPN-003,Band 1 (2100MHz),-87.0,-10.9,6.7,59.3,36.6,150.1
2026-07-20 16:00:00,RJPN-004-1,RJPN-004,Band 3 (1800MHz),-88.8,-11.7,9.6,89.8,41.1,105.2
2026-07-20 16:00:00,RJPN-004-2,RJPN-004,Band 3 (1800MHz),-85.5,-13.0,9.8,62.7,41.3,100.5
2026-07-20 16:00:00,RJPN-004-3,RJPN-004,Band 3 (1800MHz),-89.2,-9.3,18.0,69.2,40.2,116.5
2026-07-20 16:00:00,RJPN-005-1,RJPN-005,Band 1 (2100MHz),-90.6,-7.1,4.8,64.5,36.1,110.9
2026-07-20 16:00:00,RJPN-005-2,RJPN-005,Band 1 (2100MHz),-93.0,-14.8,13.4,51.8,37.5,118.8
2026-07-20 16:00:00,RJPN-005-3,RJPN-005,Band 1 (2100MHz),-94.5,-12.2,16.5,73.4,32.0,150.8
2026-07-20 16:00:00,RJPN-006-1,RJPN-006,Band 3 (1800MHz),-86.2,-12.4,8.0,48.7,36.4,133.4
2026-07-20 16:00:00,RJPN-006-2,RJPN-006,Band 3 (1800MHz),-87.5,-13.5,9.9,67.1,27.8,98.1
2026-07-20 16:00:00,RJPN-006-3,RJPN-006,Band 3 (1800MHz),-89.3,-10.7,8.1,68.5,34.6,96.0
2026-07-20 16:00:00,RJPN-007-1,RJPN-007,Band 1 (2100MHz),-85.9,-12.0,20.5,59.0,43.4,118.9
2026-07-20 16:00:00,RJPN-007-2,RJPN-007,Band 1 (2100MHz),-83.1,-10.8,17.8,56.1,32.0,74.8
2026-07-20 16:00:00,RJPN-007-3,RJPN-007,Band 1 (2100MHz),-86.2,-14.5,21.5,94.5,40.7,125.6
2026-07-20 16:00:00,RJPN-008-1,RJPN-008,Band 3 (1800MHz),-88.7,-9.2,17.8,70.6,29.6,113.2
2026-07-20 16:00:00,RJPN-008-2,RJPN-008,Band 3 (1800MHz),-94.2,-8.2,7.7,80.4,30.2,132.2
2026-07-20 16:00:00,RJPN-008-3,RJPN-008,Band 3 (1800MHz),-84.1,-11.2,18.9,85.2,42.2,140.7
2026-07-20 16:00:00,RJPN-009-1,RJPN-009,Band 1 (2100MHz),-89.5,-11.6,13.8,75.3,30.7,134.3
2026-07-20 16:00:00,RJPN-009-2,RJPN-009,Band 1 (2100MHz),-90.7,-11.9,16.7,54.3,22.4,48.4
2026-07-20 16:00:00,RJPN-009-3,RJPN-009,Band 1 (2100MHz),-94.8,-11.5,13.1,71.6,34.0,133.3
2026-07-20 16:00:00,RJPN-010-1,RJPN-010,Band 3 (1800MHz),-83.3,-11.1,5.7,65.6,43.8,129.3
2026-07-20 16:00:00,RJPN-010-2,RJPN-010,Band 3 (1800MHz),-85.1,-11.7,16.7,63.6,50.6,111.5
2026-07-20 16:00:00,RJPN-010-3,RJPN-010,Band 3 (1800MHz),-102.8,-14.7,5.7,65.5,53.0,148.0
2026-07-20 16:00:00,RJPN-011-1,RJPN-011,Band 1 (2100MHz),-101.8,-16.8,-1.5,49.9,32.1,116.0
2026-07-20 16:00:00,RJPN-011-2,RJPN-011,Band 1 (2100MHz),-83.4,-13.4,19.1,60.8,38.4,98.4
2026-07-20 16:00:00,RJPN-011-3,RJPN-011,Band 1 (2100MHz),-88.0,-10.9,14.7,76.5,34.5,83.2
2026-07-20 17:00:00,RJPN-001-1,RJPN-001,Band 1 (2100MHz),-84.6,-12.4,19.4,71.1,37.3,98.8
2026-07-20 17:00:00,RJPN-001-2,RJPN-001,Band 1 (2100MHz),-95.8,-11.0,13.4,60.9,38.5,105.2
2026-07-20 17:00:00,RJPN-001-3,RJPN-001,Band 1 (2100MHz),-89.7,-9.8,9.6,81.7,28.1,129.6
2026-07-20 17:00:00,RJPN-002-1,RJPN-002,Band 3 (1800MHz),-98.0,-11.4,-3.9,63.8,52.6,126.0
2026-07-20 17:00:00,RJPN-002-2,RJPN-002,Band 3 (1800MHz),-92.6,-15.3,13.5,60.1,43.4,117.6
2026-07-20 17:00:00,RJPN-002-3,RJPN-002,Band 3 (1800MHz),-84.9,-14.0,4.1,70.6,52.8,111.5
2026-07-20 17:00:00,RJPN-003-1,RJPN-003,Band 1 (2100MHz),-86.6,-15.7,8.6,80.7,36.3,118.6
2026-07-20 17:00:00,RJPN-003-2,RJPN-003,Band 1 (2100MHz),-93.7,-8.5,26.2,69.4,38.0,81.3
2026-07-20 17:00:00,RJPN-003-3,RJPN-003,Band 1 (2100MHz),-84.8,-11.1,13.6,77.6,52.8,127.9
2026-07-20 17:00:00,RJPN-004-1,RJPN-004,Band 3 (1800MHz),-78.5,-10.5,3.4,88.6,43.9,90.7
2026-07-20 17:00:00,RJPN-004-2,RJPN-004,Band 3 (1800MHz),-89.0,-13.2,18.6,84.0,43.7,119.5
2026-07-20 17:00:00,RJPN-004-3,RJPN-004,Band 3 (1800MHz),-87.3,-15.4,11.0,94.7,46.4,130.6
2026-07-20 17:00:00,RJPN-005-1,RJPN-005,Band 1 (2100MHz),-85.9,-11.9,15.7,73.5,49.6,108.6
2026-07-20 17:00:00,RJPN-005-2,RJPN-005,Band 1 (2100MHz),-90.6,-11.3,14.6,75.0,47.1,98.0
2026-07-20 17:00:00,RJPN-005-3,RJPN-005,Band 1 (2100MHz),-88.9,-10.1,10.3,74.8,58.2,117.9
2026-07-20 17:00:00,RJPN-006-1,RJPN-006,Band 3 (1800MHz),-81.5,-14.7,12.9,84.8,67.9,103.6
2026-07-20 17:00:00,RJPN-006-2,RJPN-006,Band 3 (1800MHz),-86.0,-7.3,13.4,100.0,40.0,114.9
2026-07-20 17:00:00,RJPN-006-3,RJPN-006,Band 3 (1800MHz),-88.2,-13.4,11.0,71.5,44.0,159.0
2026-07-20 17:00:00,RJPN-007-1,RJPN-007,Band 1 (2100MHz),-85.6,-12.5,23.0,76.3,40.0,119.7
2026-07-20 17:00:00,RJPN-007-2,RJPN-007,Band 1 (2100MHz),-83.3,-12.4,12.1,65.9,45.4,130.7
2026-07-20 17:00:00,RJPN-007-3,RJPN-007,Band 1 (2100MHz),-86.7,-6.7,16.8,80.0,65.9,137.3
2026-07-20 17:00:00,RJPN-008-1,RJPN-008,Band 3 (1800MHz),-83.8,-11.4,7.7,81.7,56.7,133.4
2026-07-20 17:00:00,RJPN-008-2,RJPN-008,Band 3 (1800MHz),-80.2,-10.8,3.9,69.1,40.7,120.9
2026-07-20 17:00:00,RJPN-008-3,RJPN-008,Band 3 (1800MHz),-87.9,-13.1,16.5,59.8,50.5,146.5
2026-07-20 17:00:00,RJPN-009-1,RJPN-009,Band 1 (2100MHz),-83.0,-8.6,11.7,72.7,36.8,129.4
2026-07-20 17:00:00,RJPN-009-2,RJPN-009,Band 1 (2100MHz),-84.0,-8.9,16.2,74.2,35.3,130.5
2026-07-20 17:00:00,RJPN-009-3,RJPN-009,Band 1 (2100MHz),-92.0,-14.5,14.2,92.6,39.0,143.9
2026-07-20 17:00:00,RJPN-010-1,RJPN-010,Band 3 (1800MHz),-86.4,-9.9,15.5,69.5,47.9,122.6
2026-07-20 17:00:00,RJPN-010-2,RJPN-010,Band 3 (1800MHz),-83.2,-8.7,11.0,66.1,46.7,101.8
2026-07-20 17:00:00,RJPN-010-3,RJPN-010,Band 3 (1800MHz),-99.5,-12.0,-1.9,61.4,53.5,121.5
2026-07-20 17:00:00,RJPN-011-1,RJPN-011,Band 1 (2100MHz),-105.3,-9.3,4.4,97.8,47.7,148.0
2026-07-20 17:00:00,RJPN-011-2,RJPN-011,Band 1 (2100MHz),-82.8,-12.1,5.2,92.7,49.2,139.4
2026-07-20 17:00:00,RJPN-011-3,RJPN-011,Band 1 (2100MHz),-90.3,-10.9,11.2,77.8,42.1,157.2
2026-07-20 18:00:00,RJPN-001-1,RJPN-001,Band 1 (2100MHz),-89.8,-11.1,10.4,73.9,42.9,142.7
2026-07-20 18:00:00,RJPN-001-2,RJPN-001,Band 1 (2100MHz),-85.2,-12.3,14.6,82.9,67.6,117.0
2026-07-20 18:00:00,RJPN-001-3,RJPN-001,Band 1 (2100MHz),-87.7,-13.3,12.0,66.3,29.4,152.6
2026-07-20 18:00:00,RJPN-002-1,RJPN-002,Band 3 (1800MHz),-98.8,-17.0,6.2,70.9,33.0,120.0
2026-07-20 18:00:00,RJPN-002-2,RJPN-002,Band 3 (1800MHz),-87.4,-13.5,16.5,82.6,47.6,101.4
2026-07-20 18:00:00,RJPN-002-3,RJPN-002,Band 3 (1800MHz),-84.1,-13.0,22.1,80.3,34.8,135.1
2026-07-20 18:00:00,RJPN-003-1,RJPN-003,Band 1 (2100MHz),-93.4,-14.4,8.4,69.8,62.8,134.0
2026-07-20 18:00:00,RJPN-003-2,RJPN-003,Band 1 (2100MHz),-86.9,-17.9,20.7,83.5,43.6,152.9
2026-07-20 18:00:00,RJPN-003-3,RJPN-003,Band 1 (2100MHz),-86.6,-12.5,12.1,80.7,39.4,131.0
2026-07-20 18:00:00,RJPN-004-1,RJPN-004,Band 3 (1800MHz),-88.0,-9.2,15.2,77.8,49.3,129.0
2026-07-20 18:00:00,RJPN-004-2,RJPN-004,Band 3 (1800MHz),-85.2,-9.9,17.3,78.8,41.1,133.3
2026-07-20 18:00:00,RJPN-004-3,RJPN-004,Band 3 (1800MHz),-90.1,-12.3,19.0,100.0,40.5,160.5
2026-07-20 18:00:00,RJPN-005-1,RJPN-005,Band 1 (2100MHz),-88.6,-10.3,16.8,61.7,47.0,123.2
2026-07-20 18:00:00,RJPN-005-2,RJPN-005,Band 1 (2100MHz),-87.5,-13.1,11.3,80.8,49.6,126.5
2026-07-20 18:00:00,RJPN-005-3,RJPN-005,Band 1 (2100MHz),-85.3,-9.5,12.3,90.9,38.5,102.7
2026-07-20 18:00:00,RJPN-006-1,RJPN-006,Band 3 (1800MHz),-90.8,-8.7,11.4,56.5,30.1,82.6
2026-07-20 18:00:00,RJPN-006-2,RJPN-006,Band 3 (1800MHz),-87.2,-15.1,15.8,76.9,45.8,135.9
2026-07-20 18:00:00,RJPN-006-3,RJPN-006,Band 3 (1800MHz),-85.6,-13.0,6.5,77.8,32.8,154.1
2026-07-20 18:00:00,RJPN-007-1,RJPN-007,Band 1 (2100MHz),-89.6,-8.2,18.8,53.8,44.6,129.7
2026-07-20 18:00:00,RJPN-007-2,RJPN-007,Band 1 (2100MHz),-85.4,-10.8,15.9,69.7,45.0,137.3
2026-07-20 18:00:00,RJPN-007-3,RJPN-007,Band 1 (2100MHz),-84.9,-9.5,16.8,92.3,46.5,113.3
2026-07-20 18:00:00,RJPN-008-1,RJPN-008,Band 3 (1800MHz),-87.7,-10.9,9.3,68.7,36.9,155.7
2026-07-20 18:00:00,RJPN-008-2,RJPN-008,Band 3 (1800MHz),-91.9,-13.6,21.6,59.4,45.9,163.8
2026-07-20 18:00:00,RJPN-008-3,RJPN-008,Band 3 (1800MHz),-91.0,-13.3,20.3,83.9,42.3,117.5
2026-07-20 18:00:00,RJPN-009-1,RJPN-009,Band 1 (2100MHz),-88.8,-10.7,11.6,56.7,44.4,128.2
2026-07-20 18:00:00,RJPN-009-2,RJPN-009,Band 1 (2100MHz),-87.6,-9.3,14.2,83.1,59.7,131.5
2026-07-20 18:00:00,RJPN-009-3,RJPN-009,Band 1 (2100MHz),-86.1,-12.7,22.0,64.8,46.2,125.2
2026-07-20 18:00:00,RJPN-010-1,RJPN-010,Band 3 (1800MHz),-88.1,-11.5,9.8,92.3,39.9,144.1
2026-07-20 18:00:00,RJPN-010-2,RJPN-010,Band 3 (1800MHz),-79.3,-10.5,17.6,67.3,42.6,114.0
2026-07-20 18:00:00,RJPN-010-3,RJPN-010,Band 3 (1800MHz),-105.3,-15.1,2.0,90.0,45.8,116.0
2026-07-20 18:00:00,RJPN-011-1,RJPN-011,Band 1 (2100MHz),-102.3,-15.3,7.4,78.3,48.9,132.3
2026-07-20 18:00:00,RJPN-011-2,RJPN-011,Band 1 (2100MHz),-88.2,-19.1,13.7,67.3,55.7,98.5
2026-07-20 18:00:00,RJPN-011-3,RJPN-011,Band 1 (2100MHz),-79.9,-11.0,16.1,88.3,47.3,135.4
2026-07-20 19:00:00,RJPN-001-1,RJPN-001,Band 1 (2100MHz),-87.6,-14.6,11.5,52.6,45.9,118.9
2026-07-20 19:00:00,RJPN-001-2,RJPN-001,Band 1 (2100MHz),-94.0,-9.0,10.2,90.7,58.8,142.4
2026-07-20 19:00:00,RJPN-001-3,RJPN-001,Band 1 (2100MHz),-87.6,-12.3,16.7,57.1,48.6,92.6
2026-07-20 19:00:00,RJPN-002-1,RJPN-002,Band 3 (1800MHz),-96.0,-15.7,1.1,59.0,56.5,110.1
2026-07-20 19:00:00,RJPN-002-2,RJPN-002,Band 3 (1800MHz),-88.0,-14.5,24.4,72.9,43.4,133.2
2026-07-20 19:00:00,RJPN-002-3,RJPN-002,Band 3 (1800MHz),-83.3,-10.8,7.5,68.5,24.4,117.2
2026-07-20 19:00:00,RJPN-003-1,RJPN-003,Band 1 (2100MHz),-84.7,-11.2,7.3,67.9,43.4,148.2
2026-07-20 19:00:00,RJPN-003-2,RJPN-003,Band 1 (2100MHz),-92.3,-14.0,17.8,59.4,44.8,81.6
2026-07-20 19:00:00,RJPN-003-3,RJPN-003,Band 1 (2100MHz),-87.9,-14.3,21.4,70.4,42.2,164.1
2026-07-20 19:00:00,RJPN-004-1,RJPN-004,Band 3 (1800MHz),-83.8,-10.8,8.1,84.5,37.2,103.9
2026-07-20 19:00:00,RJPN-004-2,RJPN-004,Band 3 (1800MHz),-82.9,-15.9,13.9,79.3,52.0,103.9
2026-07-20 19:00:00,RJPN-004-3,RJPN-004,Band 3 (1800MHz),-92.8,-11.5,12.5,86.7,40.5,124.9
2026-07-20 19:00:00,RJPN-005-1,RJPN-005,Band 1 (2100MHz),-90.6,-11.5,10.2,68.5,30.8,136.8
2026-07-20 19:00:00,RJPN-005-2,RJPN-005,Band 1 (2100MHz),-86.6,-14.0,15.3,78.6,34.8,118.2
2026-07-20 19:00:00,RJPN-005-3,RJPN-005,Band 1 (2100MHz),-89.6,-11.0,-0.1,65.4,51.6,146.3
2026-07-20 19:00:00,RJPN-006-1,RJPN-006,Band 3 (1800MHz),-89.5,-12.5,11.2,88.4,48.8,104.9
2026-07-20 19:00:00,RJPN-006-2,RJPN-006,Band 3 (1800MHz),-83.0,-11.3,14.4,40.1,54.8,101.4
2026-07-20 19:00:00,RJPN-006-3,RJPN-006,Band 3 (1800MHz),-87.0,-13.5,12.8,68.5,39.1,98.5
2026-07-20 19:00:00,RJPN-007-1,RJPN-007,Band 1 (2100MHz),-90.3,-13.8,7.5,73.5,54.7,90.4
2026-07-20 19:00:00,RJPN-007-2,RJPN-007,Band 1 (2100MHz),-88.8,-13.8,10.8,72.4,40.9,120.7
2026-07-20 19:00:00,RJPN-007-3,RJPN-007,Band 1 (2100MHz),-82.6,-14.7,10.8,70.2,37.3,128.9
2026-07-20 19:00:00,RJPN-008-1,RJPN-008,Band 3 (1800MHz),-90.5,-14.1,20.8,90.3,56.0,135.9
2026-07-20 19:00:00,RJPN-008-2,RJPN-008,Band 3 (1800MHz),-83.9,-10.6,12.3,71.1,50.6,92.0
2026-07-20 19:00:00,RJPN-008-3,RJPN-008,Band 3 (1800MHz),-89.3,-10.9,13.8,100.0,58.3,121.1
2026-07-20 19:00:00,RJPN-009-1,RJPN-009,Band 1 (2100MHz),-86.8,-10.6,17.6,61.7,55.7,155.6
2026-07-20 19:00:00,RJPN-009-2,RJPN-009,Band 1 (2100MHz),-81.8,-8.9,15.5,78.5,18.5,127.3
2026-07-20 19:00:00,RJPN-009-3,RJPN-009,Band 1 (2100MHz),-87.0,-7.3,13.9,94.8,52.6,148.7
2026-07-20 19:00:00,RJPN-010-1,RJPN-010,Band 3 (1800MHz),-93.5,-13.1,11.9,66.9,38.7,124.2
2026-07-20 19:00:00,RJPN-010-2,RJPN-010,Band 3 (1800MHz),-88.4,-13.6,6.3,71.6,53.6,120.4
2026-07-20 19:00:00,RJPN-010-3,RJPN-010,Band 3 (1800MHz),-92.8,-17.2,9.6,77.4,36.9,104.1
2026-07-20 19:00:00,RJPN-011-1,RJPN-011,Band 1 (2100MHz),-101.8,-18.0,1.9,88.4,34.2,155.6
2026-07-20 19:00:00,RJPN-011-2,RJPN-011,Band 1 (2100MHz),-90.1,-14.3,17.2,88.4,34.4,123.2
2026-07-20 19:00:00,RJPN-011-3,RJPN-011,Band 1 (2100MHz),-88.7,-10.5,12.3,62.0,32.1,98.9
2026-07-20 20:00:00,RJPN-001-1,RJPN-001,Band 1 (2100MHz),-83.6,-10.3,16.4,85.1,38.5,105.5
2026-07-20 20:00:00,RJPN-001-2,RJPN-001,Band 1 (2100MHz),-92.2,-8.8,15.2,57.7,50.5,100.5
2026-07-20 20:00:00,RJPN-001-3,RJPN-001,Band 1 (2100MHz),-84.5,-13.0,9.7,49.7,44.8,108.5
2026-07-20 20:00:00,RJPN-002-1,RJPN-002,Band 3 (1800MHz),-101.9,-13.0,4.2,74.4,36.7,110.9
2026-07-20 20:00:00,RJPN-002-2,RJPN-002,Band 3 (1800MHz),-84.5,-9.1,7.1,56.6,31.6,145.6
2026-07-20 20:00:00,RJPN-002-3,RJPN-002,Band 3 (1800MHz),-88.8,-16.2,18.4,74.6,29.7,87.1
2026-07-20 20:00:00,RJPN-003-1,RJPN-003,Band 1 (2100MHz),-88.4,-10.7,8.2,78.4,40.7,122.2
2026-07-20 20:00:00,RJPN-003-2,RJPN-003,Band 1 (2100MHz),-85.2,-13.2,14.6,71.3,31.2,110.3
2026-07-20 20:00:00,RJPN-003-3,RJPN-003,Band 1 (2100MHz),-89.0,-11.8,22.7,52.7,22.1,108.0
2026-07-20 20:00:00,RJPN-004-1,RJPN-004,Band 3 (1800MHz),-82.6,-11.8,4.0,67.1,41.2,74.9
2026-07-20 20:00:00,RJPN-004-2,RJPN-004,Band 3 (1800MHz),-84.0,-12.5,17.3,68.6,33.3,124.4
2026-07-20 20:00:00,RJPN-004-3,RJPN-004,Band 3 (1800MHz),-95.8,-12.7,11.2,80.1,59.7,135.2
2026-07-20 20:00:00,RJPN-005-1,RJPN-005,Band 1 (2100MHz),-88.0,-8.0,17.5,72.9,28.4,120.7
2026-07-20 20:00:00,RJPN-005-2,RJPN-005,Band 1 (2100MHz),-94.3,-9.9,11.1,70.9,42.0,76.8
2026-07-20 20:00:00,RJPN-005-3,RJPN-005,Band 1 (2100MHz),-80.4,-11.9,12.7,75.4,45.3,77.9
2026-07-20 20:00:00,RJPN-006-1,RJPN-006,Band 3 (1800MHz),-87.5,-13.3,8.1,58.1,16.8,67.0
2026-07-20 20:00:00,RJPN-006-2,RJPN-006,Band 3 (1800MHz),-88.8,-8.5,18.3,70.5,53.3,109.0
2026-07-20 20:00:00,RJPN-006-3,RJPN-006,Band 3 (1800MHz),-90.8,-11.6,21.3,64.6,49.1,90.3
2026-07-20 20:00:00,RJPN-007-1,RJPN-007,Band 1 (2100MHz),-86.1,-11.9,14.2,74.2,38.9,98.1
2026-07-20 20:00:00,RJPN-007-2,RJPN-007,Band 1 (2100MHz),-86.3,-8.8,11.0,63.9,38.8,100.8
2026-07-20 20:00:00,RJPN-007-3,RJPN-007,Band 1 (2100MHz),-86.1,-12.6,11.3,50.9,27.4,93.5
2026-07-20 20:00:00,RJPN-008-1,RJPN-008,Band 3 (1800MHz),-92.2,-9.6,12.9,59.1,41.1,137.6
2026-07-20 20:00:00,RJPN-008-2,RJPN-008,Band 3 (1800MHz),-85.9,-7.9,8.6,61.4,38.5,139.0
2026-07-20 20:00:00,RJPN-008-3,RJPN-008,Band 3 (1800MHz),-87.7,-12.2,10.1,60.3,45.5,96.7
2026-07-20 20:00:00,RJPN-009-1,RJPN-009,Band 1 (2100MHz),-81.2,-8.2,24.3,60.9,34.0,141.1
2026-07-20 20:00:00,RJPN-009-2,RJPN-009,Band 1 (2100MHz),-90.3,-9.3,10.4,69.0,41.2,96.2
2026-07-20 20:00:00,RJPN-009-3,RJPN-009,Band 1 (2100MHz),-80.4,-10.8,5.8,74.2,32.3,110.0
2026-07-20 20:00:00,RJPN-010-1,RJPN-010,Band 3 (1800MHz),-88.2,-9.8,19.7,59.7,36.4,93.5
2026-07-20 20:00:00,RJPN-010-2,RJPN-010,Band 3 (1800MHz),-83.5,-10.1,15.2,66.6,36.7,149.4
2026-07-20 20:00:00,RJPN-010-3,RJPN-010,Band 3 (1800MHz),-102.2,-15.5,2.8,71.6,37.8,117.5
2026-07-20 20:00:00,RJPN-011-1,RJPN-011,Band 1 (2100MHz),-99.6,-13.3,6.3,63.1,36.1,118.5
2026-07-20 20:00:00,RJPN-011-2,RJPN-011,Band 1 (2100MHz),-87.0,-10.9,14.5,56.2,47.4,111.4
2026-07-20 20:00:00,RJPN-011-3,RJPN-011,Band 1 (2100MHz),-87.7,-11.5,19.5,49.6,39.5,105.2
2026-07-20 21:00:00,RJPN-001-1,RJPN-001,Band 1 (2100MHz),-85.6,-6.7,16.6,12.1,19.1,55.5
2026-07-20 21:00:00,RJPN-001-2,RJPN-001,Band 1 (2100MHz),-86.5,-6.2,18.0,39.6,10.7,31.1
2026-07-20 21:00:00,RJPN-001-3,RJPN-001,Band 1 (2100MHz),-88.5,-6.6,15.0,14.7,3.0,22.4
2026-07-20 21:00:00,RJPN-002-1,RJPN-002,Band 3 (1800MHz),-96.8,-11.1,5.0,20.9,16.4,5.9
2026-07-20 21:00:00,RJPN-002-2,RJPN-002,Band 3 (1800MHz),-90.0,-4.5,20.6,5.6,2.5,27.8
2026-07-20 21:00:00,RJPN-002-3,RJPN-002,Band 3 (1800MHz),-83.3,-5.7,13.5,17.5,3.5,71.4
2026-07-20 21:00:00,RJPN-003-1,RJPN-003,Band 1 (2100MHz),-87.1,-9.4,10.4,25.5,15.1,34.7
2026-07-20 21:00:00,RJPN-003-2,RJPN-003,Band 1 (2100MHz),-88.3,-6.4,24.0,16.8,13.2,24.6
2026-07-20 21:00:00,RJPN-003-3,RJPN-003,Band 1 (2100MHz),-90.6,-5.8,10.7,14.9,15.9,1.2
2026-07-20 21:00:00,RJPN-004-1,RJPN-004,Band 3 (1800MHz),-83.2,-8.4,10.2,35.5,12.9,17.3
2026-07-20 21:00:00,RJPN-004-2,RJPN-004,Band 3 (1800MHz),-86.2,-11.0,15.7,19.1,8.4,58.9
2026-07-20 21:00:00,RJPN-004-3,RJPN-004,Band 3 (1800MHz),-83.9,-6.1,15.0,2.1,16.2,52.0
2026-07-20 21:00:00,RJPN-005-1,RJPN-005,Band 1 (2100MHz),-85.9,-9.7,15.1,29.1,18.1,41.7
2026-07-20 21:00:00,RJPN-005-2,RJPN-005,Band 1 (2100MHz),-84.2,-3.4,12.0,28.9,16.5,30.4
2026-07-20 21:00:00,RJPN-005-3,RJPN-005,Band 1 (2100MHz),-85.0,-4.9,22.6,4.9,9.5,50.7
2026-07-20 21:00:00,RJPN-006-1,RJPN-006,Band 3 (1800MHz),-89.7,-4.4,15.3,14.5,5.2,8.1
2026-07-20 21:00:00,RJPN-006-2,RJPN-006,Band 3 (1800MHz),-94.8,-9.8,12.3,38.0,13.1,11.0
2026-07-20 21:00:00,RJPN-006-3,RJPN-006,Band 3 (1800MHz),-90.8,-7.8,18.0,21.8,1.5,11.7
2026-07-20 21:00:00,RJPN-007-1,RJPN-007,Band 1 (2100MHz),-91.8,-12.1,15.3,27.6,0.0,17.3
2026-07-20 21:00:00,RJPN-007-2,RJPN-007,Band 1 (2100MHz),-88.0,-11.2,13.6,23.7,4.7,28.1
2026-07-20 21:00:00,RJPN-007-3,RJPN-007,Band 1 (2100MHz),-87.5,-9.0,13.2,13.2,11.9,0.0
2026-07-20 21:00:00,RJPN-008-1,RJPN-008,Band 3 (1800MHz),-89.6,-8.1,13.0,17.7,0.9,35.2
2026-07-20 21:00:00,RJPN-008-2,RJPN-008,Band 3 (1800MHz),-86.6,-6.5,10.8,15.8,7.0,15.0
2026-07-20 21:00:00,RJPN-008-3,RJPN-008,Band 3 (1800MHz),-91.0,-7.0,8.6,16.0,5.9,11.0
2026-07-20 21:00:00,RJPN-009-1,RJPN-009,Band 1 (2100MHz),-90.1,-9.4,21.0,17.7,29.0,31.3
2026-07-20 21:00:00,RJPN-009-2,RJPN-009,Band 1 (2100MHz),-80.5,-12.0,22.7,15.6,15.2,29.0
2026-07-20 21:00:00,RJPN-009-3,RJPN-009,Band 1 (2100MHz),-89.8,-4.4,4.8,15.1,15.5,40.0
2026-07-20 21:00:00,RJPN-010-1,RJPN-010,Band 3 (1800MHz),-81.3,-6.2,12.4,13.5,0.8,8.7
2026-07-20 21:00:00,RJPN-010-2,RJPN-010,Band 3 (1800MHz),-85.3,-6.5,13.0,18.5,0.6,24.7
2026-07-20 21:00:00,RJPN-010-3,RJPN-010,Band 3 (1800MHz),-103.1,-13.6,4.3,9.7,12.7,35.4
2026-07-20 21:00:00,RJPN-011-1,RJPN-011,Band 1 (2100MHz),-97.1,-15.3,6.2,0.0,0.0,0.0
2026-07-20 21:00:00,RJPN-011-2,RJPN-011,Band 1 (2100MHz),-86.7,-8.2,16.3,22.4,8.1,33.3
2026-07-20 21:00:00,RJPN-011-3,RJPN-011,Band 1 (2100MHz),-79.6,-8.7,19.4,2.1,0.0,29.2
2026-07-20 22:00:00,RJPN-001-1,RJPN-001,Band 1 (2100MHz),-91.4,-10.6,5.8,0.0,0.0,0.0
2026-07-20 22:00:00,RJPN-001-2,RJPN-001,Band 1 (2100MHz),-90.8,-6.1,8.0,28.5,3.8,0.0
2026-07-20 22:00:00,RJPN-001-3,RJPN-001,Band 1 (2100MHz),-85.7,-7.3,13.0,16.3,8.5,0.0
2026-07-20 22:00:00,RJPN-002-1,RJPN-002,Band 3 (1800MHz),-101.0,-15.4,2.5,0.0,13.0,37.0
2026-07-20 22:00:00,RJPN-002-2,RJPN-002,Band 3 (1800MHz),-89.9,-3.9,9.0,11.5,0.0,1.9
2026-07-20 22:00:00,RJPN-002-3,RJPN-002,Band 3 (1800MHz),-83.5,-8.0,13.6,0.0,18.5,10.4
2026-07-20 22:00:00,RJPN-003-1,RJPN-003,Band 1 (2100MHz),-88.3,-8.0,10.4,4.1,16.6,25.3
2026-07-20 22:00:00,RJPN-003-2,RJPN-003,Band 1 (2100MHz),-88.1,-7.2,18.7,5.0,12.5,23.4
2026-07-20 22:00:00,RJPN-003-3,RJPN-003,Band 1 (2100MHz),-84.4,-7.7,9.6,14.3,0.0,3.0
2026-07-20 22:00:00,RJPN-004-1,RJPN-004,Band 3 (1800MHz),-87.2,-7.7,13.4,28.2,13.2,0.0
2026-07-20 22:00:00,RJPN-004-2,RJPN-004,Band 3 (1800MHz),-91.6,-6.9,19.0,0.0,9.1,0.0
2026-07-20 22:00:00,RJPN-004-3,RJPN-004,Band 3 (1800MHz),-84.7,-4.6,10.9,13.4,7.0,12.6
2026-07-20 22:00:00,RJPN-005-1,RJPN-005,Band 1 (2100MHz),-89.5,-11.7,10.9,21.5,0.0,39.9
2026-07-20 22:00:00,RJPN-005-2,RJPN-005,Band 1 (2100MHz),-93.3,-8.9,18.6,11.9,2.2,7.9
2026-07-20 22:00:00,RJPN-005-3,RJPN-005,Band 1 (2100MHz),-83.0,-8.2,11.4,18.3,0.0,36.3
2026-07-20 22:00:00,RJPN-006-1,RJPN-006,Band 3 (1800MHz),-81.3,-5.8,9.0,29.5,11.6,4.5
2026-07-20 22:00:00,RJPN-006-2,RJPN-006,Band 3 (1800MHz),-91.7,-10.9,-3.4,0.0,0.0,19.9
2026-07-20 22:00:00,RJPN-006-3,RJPN-006,Band 3 (1800MHz),-83.5,-7.1,21.3,4.0,1.9,67.9
2026-07-20 22:00:00,RJPN-007-1,RJPN-007,Band 1 (2100MHz),-91.7,-8.2,13.0,3.7,16.8,29.1
2026-07-20 22:00:00,RJPN-007-2,RJPN-007,Band 1 (2100MHz),-91.7,-7.7,14.8,0.5,21.4,20.8
2026-07-20 22:00:00,RJPN-007-3,RJPN-007,Band 1 (2100MHz),-90.4,-8.3,11.6,21.7,5.2,0.0
2026-07-20 22:00:00,RJPN-008-1,RJPN-008,Band 3 (1800MHz),-91.6,-10.3,7.4,27.3,0.0,0.0
2026-07-20 22:00:00,RJPN-008-2,RJPN-008,Band 3 (1800MHz),-92.6,-9.4,19.7,4.3,0.0,0.0
2026-07-20 22:00:00,RJPN-008-3,RJPN-008,Band 3 (1800MHz),-91.9,-6.3,14.4,8.8,5.6,32.1
2026-07-20 22:00:00,RJPN-009-1,RJPN-009,Band 1 (2100MHz),-90.1,-6.0,5.0,4.0,10.0,15.6
2026-07-20 22:00:00,RJPN-009-2,RJPN-009,Band 1 (2100MHz),-82.6,-6.6,16.5,4.4,2.8,10.4
2026-07-20 22:00:00,RJPN-009-3,RJPN-009,Band 1 (2100MHz),-90.4,-7.1,19.3,8.0,0.0,0.0
2026-07-20 22:00:00,RJPN-010-1,RJPN-010,Band 3 (1800MHz),-89.1,-9.9,10.3,15.4,3.3,26.5
2026-07-20 22:00:00,RJPN-010-2,RJPN-010,Band 3 (1800MHz),-89.6,-7.7,10.1,0.0,19.3,30.8
2026-07-20 22:00:00,RJPN-010-3,RJPN-010,Band 3 (1800MHz),-105.6,-14.0,-3.0,28.7,12.1,29.3
2026-07-20 22:00:00,RJPN-011-1,RJPN-011,Band 1 (2100MHz),-97.0,-12.0,4.8,0.0,0.0,19.8
2026-07-20 22:00:00,RJPN-011-2,RJPN-011,Band 1 (2100MHz),-81.2,-4.8,12.9,4.4,4.6,10.6
2026-07-20 22:00:00,RJPN-011-3,RJPN-011,Band 1 (2100MHz),-85.4,-8.5,6.0,0.0,7.2,0.0
2026-07-20 23:00:00,RJPN-001-1,RJPN-001,Band 1 (2100MHz),-83.2,-6.9,3.1,12.3,16.0,54.6
2026-07-20 23:00:00,RJPN-001-2,RJPN-001,Band 1 (2100MHz),-84.6,-6.9,6.9,23.6,0.0,1.2
2026-07-20 23:00:00,RJPN-001-3,RJPN-001,Band 1 (2100MHz),-85.5,-14.7,5.9,16.9,2.5,26.9
2026-07-20 23:00:00,RJPN-002-1,RJPN-002,Band 3 (1800MHz),-104.6,-15.1,0.9,20.2,7.5,0.0
2026-07-20 23:00:00,RJPN-002-2,RJPN-002,Band 3 (1800MHz),-82.9,-4.2,18.5,7.5,1.6,0.0
2026-07-20 23:00:00,RJPN-002-3,RJPN-002,Band 3 (1800MHz),-85.0,-6.6,17.5,0.0,1.7,0.0
2026-07-20 23:00:00,RJPN-003-1,RJPN-003,Band 1 (2100MHz),-86.7,-10.3,22.8,34.5,0.0,77.3
2026-07-20 23:00:00,RJPN-003-2,RJPN-003,Band 1 (2100MHz),-87.2,-8.2,17.4,5.0,15.7,0.0
2026-07-20 23:00:00,RJPN-003-3,RJPN-003,Band 1 (2100MHz),-82.1,-3.3,24.4,0.0,0.0,0.0
2026-07-20 23:00:00,RJPN-004-1,RJPN-004,Band 3 (1800MHz),-82.2,-9.0,14.6,8.9,1.4,24.0
2026-07-20 23:00:00,RJPN-004-2,RJPN-004,Band 3 (1800MHz),-81.5,-4.7,17.9,30.5,0.0,0.0
2026-07-20 23:00:00,RJPN-004-3,RJPN-004,Band 3 (1800MHz),-84.4,-9.9,16.9,13.1,2.5,35.2
2026-07-20 23:00:00,RJPN-005-1,RJPN-005,Band 1 (2100MHz),-89.3,-6.4,11.8,23.2,11.7,28.6
2026-07-20 23:00:00,RJPN-005-2,RJPN-005,Band 1 (2100MHz),-91.9,-11.0,14.3,31.3,23.2,0.0
2026-07-20 23:00:00,RJPN-005-3,RJPN-005,Band 1 (2100MHz),-85.8,-9.4,14.4,27.2,13.1,11.5
2026-07-20 23:00:00,RJPN-006-1,RJPN-006,Band 3 (1800MHz),-87.1,-12.1,1.2,8.9,12.8,0.0
2026-07-20 23:00:00,RJPN-006-2,RJPN-006,Band 3 (1800MHz),-90.6,-7.8,11.1,5.4,4.7,0.0
2026-07-20 23:00:00,RJPN-006-3,RJPN-006,Band 3 (1800MHz),-95.2,-8.2,12.0,5.4,0.7,13.4
2026-07-20 23:00:00,RJPN-007-1,RJPN-007,Band 1 (2100MHz),-86.3,-7.2,14.3,17.1,10.0,17.8
2026-07-20 23:00:00,RJPN-007-2,RJPN-007,Band 1 (2100MHz),-82.3,-5.6,5.0,11.9,0.0,0.0
2026-07-20 23:00:00,RJPN-007-3,RJPN-007,Band 1 (2100MHz),-93.2,-9.8,5.0,25.7,9.4,21.2
2026-07-20 23:00:00,RJPN-008-1,RJPN-008,Band 3 (1800MHz),-85.4,-7.4,20.7,3.0,9.8,13.7
2026-07-20 23:00:00,RJPN-008-2,RJPN-008,Band 3 (1800MHz),-82.7,-6.5,10.3,19.7,7.4,32.5
2026-07-20 23:00:00,RJPN-008-3,RJPN-008,Band 3 (1800MHz),-90.0,-9.5,5.0,0.0,7.0,24.6
2026-07-20 23:00:00,RJPN-009-1,RJPN-009,Band 1 (2100MHz),-83.6,-8.8,10.9,0.0,3.5,22.4
2026-07-20 23:00:00,RJPN-009-2,RJPN-009,Band 1 (2100MHz),-86.5,-8.7,17.5,21.6,7.7,0.0
2026-07-20 23:00:00,RJPN-009-3,RJPN-009,Band 1 (2100MHz),-91.4,-5.4,16.7,10.7,0.0,103.9
2026-07-20 23:00:00,RJPN-010-1,RJPN-010,Band 3 (1800MHz),-83.1,-10.2,15.7,13.7,6.7,14.9
2026-07-20 23:00:00,RJPN-010-2,RJPN-010,Band 3 (1800MHz),-89.9,-10.9,11.1,10.0,0.0,21.5
2026-07-20 23:00:00,RJPN-010-3,RJPN-010,Band 3 (1800MHz),-100.3,-13.7,5.3,0.0,0.0,2.7
2026-07-20 23:00:00,RJPN-011-1,RJPN-011,Band 1 (2100MHz),-103.9,-13.1,3.4,0.2,11.3,29.1
2026-07-20 23:00:00,RJPN-011-2,RJPN-011,Band 1 (2100MHz),-87.9,-8.8,12.1,2.0,7.9,17.4
2026-07-20 23:00:00,RJPN-011-3,RJPN-011,Band 1 (2100MHz),-81.0,-9.4,11.0,18.9,26.2,10.7
2026-07-21 00:00:00,RJPN-001-1,RJPN-001,Band 1 (2100MHz),-88.5,-8.7,12.9,8.4,0.0,55.7
2026-07-21 00:00:00,RJPN-001-2,RJPN-001,Band 1 (2100MHz),-88.4,-10.2,15.2,0.0,5.6,12.0
2026-07-21 00:00:00,RJPN-001-3,RJPN-001,Band 1 (2100MHz),-84.8,-7.1,1.7,3.6,0.0,27.8
2026-07-21 00:00:00,RJPN-002-1,RJPN-002,Band 3 (1800MHz),-97.6,-12.5,3.2,11.6,9.8,21.8
2026-07-21 00:00:00,RJPN-002-2,RJPN-002,Band 3 (1800MHz),-90.3,-5.7,12.2,0.0,0.8,0.0
2026-07-21 00:00:00,RJPN-002-3,RJPN-002,Band 3 (1800MHz),-83.0,-5.1,15.1,0.0,0.0,17.0
2026-07-21 00:00:00,RJPN-003-1,RJPN-003,Band 1 (2100MHz),-86.6,-10.1,14.1,6.6,3.8,0.0
2026-07-21 00:00:00,RJPN-003-2,RJPN-003,Band 1 (2100MHz),-83.5,-7.9,11.2,10.1,0.0,0.0
2026-07-21 00:00:00,RJPN-003-3,RJPN-003,Band 1 (2100MHz),-90.0,-11.1,12.0,0.2,7.4,0.0
2026-07-21 00:00:00,RJPN-004-1,RJPN-004,Band 3 (1800MHz),-72.7,-8.7,4.7,29.5,0.0,54.7
2026-07-21 00:00:00,RJPN-004-2,RJPN-004,Band 3 (1800MHz),-90.3,-8.7,9.2,10.5,8.8,0.0
2026-07-21 00:00:00,RJPN-004-3,RJPN-004,Band 3 (1800MHz),-89.9,-10.1,21.3,0.0,4.4,2.0
2026-07-21 00:00:00,RJPN-005-1,RJPN-005,Band 1 (2100MHz),-83.5,-10.6,26.7,0.0,0.0,1.3
2026-07-21 00:00:00,RJPN-005-2,RJPN-005,Band 1 (2100MHz),-89.3,-6.2,17.0,17.4,22.6,10.8
2026-07-21 00:00:00,RJPN-005-3,RJPN-005,Band 1 (2100MHz),-83.8,-9.8,17.1,10.2,6.4,0.0
2026-07-21 00:00:00,RJPN-006-1,RJPN-006,Band 3 (1800MHz),-87.1,-8.6,14.3,7.1,11.1,2.8
2026-07-21 00:00:00,RJPN-006-2,RJPN-006,Band 3 (1800MHz),-86.1,-4.3,8.2,32.8,0.0,48.2
2026-07-21 00:00:00,RJPN-006-3,RJPN-006,Band 3 (1800MHz),-79.5,-5.9,13.7,28.5,0.0,4.2
2026-07-21 00:00:00,RJPN-007-1,RJPN-007,Band 1 (2100MHz),-91.0,-7.8,6.0,4.3,5.6,0.0
2026-07-21 00:00:00,RJPN-007-2,RJPN-007,Band 1 (2100MHz),-85.9,-8.5,16.8,11.6,0.0,34.0
2026-07-21 00:00:00,RJPN-007-3,RJPN-007,Band 1 (2100MHz),-88.8,-7.3,10.3,15.5,2.2,0.0
2026-07-21 00:00:00,RJPN-008-1,RJPN-008,Band 3 (1800MHz),-82.2,-8.1,14.3,30.4,1.2,18.0
2026-07-21 00:00:00,RJPN-008-2,RJPN-008,Band 3 (1800MHz),-88.4,-6.8,21.4,29.3,8.9,17.7
2026-07-21 00:00:00,RJPN-008-3,RJPN-008,Band 3 (1800MHz),-93.3,-8.5,19.4,27.5,3.2,0.0
2026-07-21 00:00:00,RJPN-009-1,RJPN-009,Band 1 (2100MHz),-91.1,-6.7,16.8,22.8,0.0,0.0
2026-07-21 00:00:00,RJPN-009-2,RJPN-009,Band 1 (2100MHz),-93.3,-5.1,8.4,0.0,2.8,14.7
2026-07-21 00:00:00,RJPN-009-3,RJPN-009,Band 1 (2100MHz),-87.9,-6.3,11.6,12.5,0.9,0.0
2026-07-21 00:00:00,RJPN-010-1,RJPN-010,Band 3 (1800MHz),-91.4,-7.8,9.3,2.8,3.9,11.9
2026-07-21 00:00:00,RJPN-010-2,RJPN-010,Band 3 (1800MHz),-85.6,-8.8,9.8,4.7,28.1,18.2
2026-07-21 00:00:00,RJPN-010-3,RJPN-010,Band 3 (1800MHz),-100.2,-11.7,3.7,12.2,6.0,0.0
2026-07-21 00:00:00,RJPN-011-1,RJPN-011,Band 1 (2100MHz),-102.4,-12.1,5.0,9.0,7.8,14.0
2026-07-21 00:00:00,RJPN-011-2,RJPN-011,Band 1 (2100MHz),-88.2,-6.6,20.3,5.2,1.1,0.0
2026-07-21 00:00:00,RJPN-011-3,RJPN-011,Band 1 (2100MHz),-90.6,-9.0,10.7,13.7,0.0,0.0
2026-07-21 01:00:00,RJPN-001-1,RJPN-001,Band 1 (2100MHz),-88.2,-4.0,18.2,33.7,29.3,8.4
2026-07-21 01:00:00,RJPN-001-2,RJPN-001,Band 1 (2100MHz),-84.1,-7.8,14.9,32.7,25.7,30.4
2026-07-21 01:00:00,RJPN-001-3,RJPN-001,Band 1 (2100MHz),-88.5,-5.6,14.0,3.0,12.5,4.4
2026-07-21 01:00:00,RJPN-002-1,RJPN-002,Band 3 (1800MHz),-98.0,-10.1,6.7,8.5,9.3,0.0
2026-07-21 01:00:00,RJPN-002-2,RJPN-002,Band 3 (1800MHz),-93.2,-8.9,-0.4,4.4,0.0,55.5
2026-07-21 01:00:00,RJPN-002-3,RJPN-002,Band 3 (1800MHz),-88.2,-6.2,12.5,8.9,7.0,5.0
2026-07-21 01:00:00,RJPN-003-1,RJPN-003,Band 1 (2100MHz),-92.4,-7.0,12.0,0.0,11.4,10.8
2026-07-21 01:00:00,RJPN-003-2,RJPN-003,Band 1 (2100MHz),-91.7,-3.8,19.1,8.7,10.1,0.0
2026-07-21 01:00:00,RJPN-003-3,RJPN-003,Band 1 (2100MHz),-87.6,-8.1,14.7,0.0,0.0,32.6
2026-07-21 01:00:00,RJPN-004-1,RJPN-004,Band 3 (1800MHz),-82.0,-7.0,12.8,0.0,5.3,14.1
2026-07-21 01:00:00,RJPN-004-2,RJPN-004,Band 3 (1800MHz),-81.8,-8.0,17.5,6.3,5.0,0.0
2026-07-21 01:00:00,RJPN-004-3,RJPN-004,Band 3 (1800MHz),-88.8,-9.2,9.9,5.8,3.9,3.0
2026-07-21 01:00:00,RJPN-005-1,RJPN-005,Band 1 (2100MHz),-90.9,-8.2,10.4,13.9,4.8,27.3
2026-07-21 01:00:00,RJPN-005-2,RJPN-005,Band 1 (2100MHz),-90.9,-9.8,15.4,42.5,12.3,44.3
2026-07-21 01:00:00,RJPN-005-3,RJPN-005,Band 1 (2100MHz),-94.0,-9.8,14.9,12.2,0.0,0.0
2026-07-21 01:00:00,RJPN-006-1,RJPN-006,Band 3 (1800MHz),-85.0,-7.1,5.1,0.1,0.0,10.1
2026-07-21 01:00:00,RJPN-006-2,RJPN-006,Band 3 (1800MHz),-97.2,-6.3,5.3,6.8,0.0,28.7
2026-07-21 01:00:00,RJPN-006-3,RJPN-006,Band 3 (1800MHz),-84.9,-10.0,19.0,1.3,13.9,13.8
2026-07-21 01:00:00,RJPN-007-1,RJPN-007,Band 1 (2100MHz),-81.7,-5.7,13.9,0.0,22.9,9.8
2026-07-21 01:00:00,RJPN-007-2,RJPN-007,Band 1 (2100MHz),-88.8,-9.6,16.5,30.4,12.3,0.0
2026-07-21 01:00:00,RJPN-007-3,RJPN-007,Band 1 (2100MHz),-82.8,-9.3,12.9,0.0,0.0,31.1
2026-07-21 01:00:00,RJPN-008-1,RJPN-008,Band 3 (1800MHz),-87.1,-10.5,15.7,15.5,13.9,20.9
2026-07-21 01:00:00,RJPN-008-2,RJPN-008,Band 3 (1800MHz),-90.0,-7.9,10.1,0.7,12.3,0.0
2026-07-21 01:00:00,RJPN-008-3,RJPN-008,Band 3 (1800MHz),-80.6,-7.4,10.3,5.7,1.3,16.1
2026-07-21 01:00:00,RJPN-009-1,RJPN-009,Band 1 (2100MHz),-75.2,-7.6,4.1,0.0,0.0,9.8
2026-07-21 01:00:00,RJPN-009-2,RJPN-009,Band 1 (2100MHz),-90.1,-7.9,20.7,5.3,14.6,2.5
2026-07-21 01:00:00,RJPN-009-3,RJPN-009,Band 1 (2100MHz),-82.2,-6.2,14.1,0.0,14.9,31.4
2026-07-21 01:00:00,RJPN-010-1,RJPN-010,Band 3 (1800MHz),-83.6,-7.0,16.1,2.4,11.8,0.0
2026-07-21 01:00:00,RJPN-010-2,RJPN-010,Band 3 (1800MHz),-91.6,-6.2,12.9,5.1,9.7,15.5
2026-07-21 01:00:00,RJPN-010-3,RJPN-010,Band 3 (1800MHz),-99.8,-9.7,2.7,14.9,4.0,0.0
2026-07-21 01:00:00,RJPN-011-1,RJPN-011,Band 1 (2100MHz),-94.4,-10.7,7.4,3.1,3.0,0.0
2026-07-21 01:00:00,RJPN-011-2,RJPN-011,Band 1 (2100MHz),-82.5,-12.1,15.3,16.3,7.0,7.3
2026-07-21 01:00:00,RJPN-011-3,RJPN-011,Band 1 (2100MHz),-88.1,-9.4,7.0,14.5,10.1,24.8
2026-07-21 02:00:00,RJPN-001-1,RJPN-001,Band 1 (2100MHz),-84.2,-9.4,22.0,12.2,8.8,49.2
2026-07-21 02:00:00,RJPN-001-2,RJPN-001,Band 1 (2100MHz),-90.0,-4.1,7.2,14.4,14.9,0.0
2026-07-21 02:00:00,RJPN-001-3,RJPN-001,Band 1 (2100MHz),-84.2,-8.6,17.4,9.4,2.2,7.3
2026-07-21 02:00:00,RJPN-002-1,RJPN-002,Band 3 (1800MHz),-102.6,-13.0,2.5,0.0,0.0,0.0
2026-07-21 02:00:00,RJPN-002-2,RJPN-002,Band 3 (1800MHz),-83.0,-6.9,17.1,0.0,8.7,100.9
2026-07-21 02:00:00,RJPN-002-3,RJPN-002,Band 3 (1800MHz),-88.6,-9.6,14.3,2.4,0.0,27.4
2026-07-21 02:00:00,RJPN-003-1,RJPN-003,Band 1 (2100MHz),-94.1,-7.2,14.5,0.0,0.0,54.7
2026-07-21 02:00:00,RJPN-003-2,RJPN-003,Band 1 (2100MHz),-90.3,-8.4,4.6,13.4,0.0,19.3
2026-07-21 02:00:00,RJPN-003-3,RJPN-003,Band 1 (2100MHz),-91.1,-6.9,16.4,22.6,0.0,0.0
2026-07-21 02:00:00,RJPN-004-1,RJPN-004,Band 3 (1800MHz),-81.1,-6.8,10.7,0.0,0.0,0.0
2026-07-21 02:00:00,RJPN-004-2,RJPN-004,Band 3 (1800MHz),-83.3,-8.0,19.1,14.7,15.7,0.0
2026-07-21 02:00:00,RJPN-004-3,RJPN-004,Band 3 (1800MHz),-89.5,-7.6,5.6,8.2,18.8,13.9
2026-07-21 02:00:00,RJPN-005-1,RJPN-005,Band 1 (2100MHz),-88.6,-6.9,14.3,8.3,1.1,26.8
2026-07-21 02:00:00,RJPN-005-2,RJPN-005,Band 1 (2100MHz),-81.1,-4.2,12.8,23.0,1.5,17.7
2026-07-21 02:00:00,RJPN-005-3,RJPN-005,Band 1 (2100MHz),-92.4,-7.1,16.7,11.2,0.0,6.4
2026-07-21 02:00:00,RJPN-006-1,RJPN-006,Band 3 (1800MHz),-90.4,-8.5,9.5,0.0,0.0,28.0
2026-07-21 02:00:00,RJPN-006-2,RJPN-006,Band 3 (1800MHz),-85.0,-5.0,5.8,0.0,0.0,0.0
2026-07-21 02:00:00,RJPN-006-3,RJPN-006,Band 3 (1800MHz),-82.0,-8.2,15.1,0.0,10.4,15.3
2026-07-21 02:00:00,RJPN-007-1,RJPN-007,Band 1 (2100MHz),-89.4,-9.5,17.1,0.0,23.7,0.0
2026-07-21 02:00:00,RJPN-007-2,RJPN-007,Band 1 (2100MHz),-84.7,-8.1,17.2,15.8,15.6,0.0
2026-07-21 02:00:00,RJPN-007-3,RJPN-007,Band 1 (2100MHz),-82.0,-8.9,14.1,21.7,0.0,59.7
2026-07-21 02:00:00,RJPN-008-1,RJPN-008,Band 3 (1800MHz),-81.6,-8.7,11.2,39.6,0.0,18.9
2026-07-21 02:00:00,RJPN-008-2,RJPN-008,Band 3 (1800MHz),-86.2,-7.0,18.0,11.2,1.2,13.4
2026-07-21 02:00:00,RJPN-008-3,RJPN-008,Band 3 (1800MHz),-94.8,-9.6,16.0,3.8,0.0,22.4
2026-07-21 02:00:00,RJPN-009-1,RJPN-009,Band 1 (2100MHz),-82.8,-4.4,13.9,0.0,0.0,23.6
2026-07-21 02:00:00,RJPN-009-2,RJPN-009,Band 1 (2100MHz),-81.5,-9.3,15.8,5.7,12.1,27.9
2026-07-21 02:00:00,RJPN-009-3,RJPN-009,Band 1 (2100MHz),-83.0,-10.6,15.3,0.0,3.6,4.9
2026-07-21 02:00:00,RJPN-010-1,RJPN-010,Band 3 (1800MHz),-89.9,-9.2,13.1,9.2,0.0,22.1
2026-07-21 02:00:00,RJPN-010-2,RJPN-010,Band 3 (1800MHz),-83.3,-5.6,12.8,10.8,1.9,50.3
2026-07-21 02:00:00,RJPN-010-3,RJPN-010,Band 3 (1800MHz),-99.6,-9.1,11.5,0.0,0.0,24.8
2026-07-21 02:00:00,RJPN-011-1,RJPN-011,Band 1 (2100MHz),-94.0,-12.1,11.6,14.5,12.3,6.9
2026-07-21 02:00:00,RJPN-011-2,RJPN-011,Band 1 (2100MHz),-87.2,-7.6,18.3,0.0,6.6,13.7
2026-07-21 02:00:00,RJPN-011-3,RJPN-011,Band 1 (2100MHz),-85.3,-6.7,10.8,19.3,8.9,10.6
2026-07-21 03:00:00,RJPN-001-1,RJPN-001,Band 1 (2100MHz),-85.5,-10.2,16.7,10.3,4.3,0.0
2026-07-21 03:00:00,RJPN-001-2,RJPN-001,Band 1 (2100MHz),-87.7,-9.1,15.5,9.1,3.5,0.0
2026-07-21 03:00:00,RJPN-001-3,RJPN-001,Band 1 (2100MHz),-87.7,-8.3,12.3,10.0,20.1,0.0
2026-07-21 03:00:00,RJPN-002-1,RJPN-002,Band 3 (1800MHz),-101.6,-12.3,2.2,0.0,17.6,0.0
2026-07-21 03:00:00,RJPN-002-2,RJPN-002,Band 3 (1800MHz),-79.8,-7.2,10.0,0.0,5.0,11.7
2026-07-21 03:00:00,RJPN-002-3,RJPN-002,Band 3 (1800MHz),-92.1,-7.9,21.7,14.4,16.3,36.4
2026-07-21 03:00:00,RJPN-003-1,RJPN-003,Band 1 (2100MHz),-86.1,-4.0,18.8,16.2,0.0,46.5
2026-07-21 03:00:00,RJPN-003-2,RJPN-003,Band 1 (2100MHz),-84.8,-9.4,17.8,0.8,0.1,26.7
2026-07-21 03:00:00,RJPN-003-3,RJPN-003,Band 1 (2100MHz),-87.2,-9.9,12.6,5.5,7.0,8.7
2026-07-21 03:00:00,RJPN-004-1,RJPN-004,Band 3 (1800MHz),-88.7,-11.7,19.6,7.3,10.1,0.0
2026-07-21 03:00:00,RJPN-004-2,RJPN-004,Band 3 (1800MHz),-83.6,-7.0,9.1,6.4,6.8,0.0
2026-07-21 03:00:00,RJPN-004-3,RJPN-004,Band 3 (1800MHz),-90.1,-7.4,10.9,3.1,15.3,0.0
2026-07-21 03:00:00,RJPN-005-1,RJPN-005,Band 1 (2100MHz),-90.4,-10.3,16.0,12.6,8.6,0.0
2026-07-21 03:00:00,RJPN-005-2,RJPN-005,Band 1 (2100MHz),-85.5,-7.3,10.7,6.9,2.7,21.1
2026-07-21 03:00:00,RJPN-005-3,RJPN-005,Band 1 (2100MHz),-86.2,-6.7,17.3,10.2,0.0,27.2
2026-07-21 03:00:00,RJPN-006-1,RJPN-006,Band 3 (1800MHz),-84.6,-5.6,11.2,9.1,9.1,0.0
2026-07-21 03:00:00,RJPN-006-2,RJPN-006,Band 3 (1800MHz),-82.8,-9.5,16.2,16.0,20.9,16.3
2026-07-21 03:00:00,RJPN-006-3,RJPN-006,Band 3 (1800MHz),-88.1,-8.1,11.5,22.2,0.0,6.8
2026-07-21 03:00:00,RJPN-007-1,RJPN-007,Band 1 (2100MHz),-88.6,-7.6,8.7,0.0,0.0,47.7
2026-07-21 03:00:00,RJPN-007-2,RJPN-007,Band 1 (2100MHz),-82.1,-8.5,12.6,3.7,16.7,15.2
2026-07-21 03:00:00,RJPN-007-3,RJPN-007,Band 1 (2100MHz),-87.6,-6.8,10.4,10.9,2.8,4.5
2026-07-21 03:00:00,RJPN-008-1,RJPN-008,Band 3 (1800MHz),-85.1,-5.6,5.5,0.0,11.1,36.6
2026-07-21 03:00:00,RJPN-008-2,RJPN-008,Band 3 (1800MHz),-86.6,-7.8,12.6,0.0,6.0,39.9
2026-07-21 03:00:00,RJPN-008-3,RJPN-008,Band 3 (1800MHz),-82.9,-8.0,18.6,7.0,2.4,20.7
2026-07-21 03:00:00,RJPN-009-1,RJPN-009,Band 1 (2100MHz),-87.1,-7.9,18.3,0.8,0.0,37.2
2026-07-21 03:00:00,RJPN-009-2,RJPN-009,Band 1 (2100MHz),-84.9,-8.4,1.1,1.2,0.0,24.5
2026-07-21 03:00:00,RJPN-009-3,RJPN-009,Band 1 (2100MHz),-84.1,-8.8,13.3,20.1,21.4,25.1
2026-07-21 03:00:00,RJPN-010-1,RJPN-010,Band 3 (1800MHz),-82.7,-8.9,12.8,0.0,1.1,0.0
2026-07-21 03:00:00,RJPN-010-2,RJPN-010,Band 3 (1800MHz),-89.8,-5.3,17.7,2.7,0.0,39.4
2026-07-21 03:00:00,RJPN-010-3,RJPN-010,Band 3 (1800MHz),-103.5,-11.6,11.8,12.5,6.1,11.0
2026-07-21 03:00:00,RJPN-011-1,RJPN-011,Band 1 (2100MHz),-97.3,-13.0,9.2,23.8,2.4,0.0
2026-07-21 03:00:00,RJPN-011-2,RJPN-011,Band 1 (2100MHz),-89.2,-7.7,20.2,26.7,0.0,0.0
2026-07-21 03:00:00,RJPN-011-3,RJPN-011,Band 1 (2100MHz),-86.4,-6.6,15.8,17.9,9.2,14.8
2026-07-21 04:00:00,RJPN-001-1,RJPN-001,Band 1 (2100MHz),-90.0,-8.3,4.2,24.1,0.0,16.2
2026-07-21 04:00:00,RJPN-001-2,RJPN-001,Band 1 (2100MHz),-91.1,-10.4,14.4,0.0,2.1,29.1
2026-07-21 04:00:00,RJPN-001-3,RJPN-001,Band 1 (2100MHz),-86.9,-7.8,10.9,13.5,0.0,8.5
2026-07-21 04:00:00,RJPN-002-1,RJPN-002,Band 3 (1800MHz),-98.5,-13.0,3.3,0.0,0.0,21.1
2026-07-21 04:00:00,RJPN-002-2,RJPN-002,Band 3 (1800MHz),-91.0,-8.4,12.7,0.0,9.2,0.0
2026-07-21 04:00:00,RJPN-002-3,RJPN-002,Band 3 (1800MHz),-85.5,-10.2,14.0,10.2,4.3,24.3
2026-07-21 04:00:00,RJPN-003-1,RJPN-003,Band 1 (2100MHz),-84.1,-6.0,10.2,24.2,0.0,16.7
2026-07-21 04:00:00,RJPN-003-2,RJPN-003,Band 1 (2100MHz),-91.0,-6.6,25.0,4.9,4.0,25.7
2026-07-21 04:00:00,RJPN-003-3,RJPN-003,Band 1 (2100MHz),-81.0,-6.8,7.2,26.1,0.5,33.1
2026-07-21 04:00:00,RJPN-004-1,RJPN-004,Band 3 (1800MHz),-90.6,-10.5,17.5,5.9,0.0,26.8
2026-07-21 04:00:00,RJPN-004-2,RJPN-004,Band 3 (1800MHz),-81.0,-7.1,4.4,8.1,6.2,0.0
2026-07-21 04:00:00,RJPN-004-3,RJPN-004,Band 3 (1800MHz),-89.3,-11.2,12.9,13.7,10.1,0.0
2026-07-21 04:00:00,RJPN-005-1,RJPN-005,Band 1 (2100MHz),-87.9,-8.7,19.4,13.5,2.5,25.9
2026-07-21 04:00:00,RJPN-005-2,RJPN-005,Band 1 (2100MHz),-85.5,-6.2,13.4,0.0,1.1,41.1
2026-07-21 04:00:00,RJPN-005-3,RJPN-005,Band 1 (2100MHz),-85.6,-9.5,10.0,0.0,14.4,11.8
2026-07-21 04:00:00,RJPN-006-1,RJPN-006,Band 3 (1800MHz),-92.3,-10.8,14.9,0.0,9.8,0.0
2026-07-21 04:00:00,RJPN-006-2,RJPN-006,Band 3 (1800MHz),-81.8,-7.5,16.4,17.6,0.0,0.0
2026-07-21 04:00:00,RJPN-006-3,RJPN-006,Band 3 (1800MHz),-93.8,-9.7,14.2,3.5,7.3,0.0
2026-07-21 04:00:00,RJPN-007-1,RJPN-007,Band 1 (2100MHz),-81.9,-8.6,12.7,16.2,0.0,42.7
2026-07-21 04:00:00,RJPN-007-2,RJPN-007,Band 1 (2100MHz),-92.2,-5.3,17.1,24.0,6.6,48.8
2026-07-21 04:00:00,RJPN-007-3,RJPN-007,Band 1 (2100MHz),-91.8,-11.3,7.9,41.7,5.9,3.2
2026-07-21 04:00:00,RJPN-008-1,RJPN-008,Band 3 (1800MHz),-84.9,-6.1,8.2,11.1,13.0,6.1
2026-07-21 04:00:00,RJPN-008-2,RJPN-008,Band 3 (1800MHz),-100.7,-9.1,12.4,0.0,0.0,51.7
2026-07-21 04:00:00,RJPN-008-3,RJPN-008,Band 3 (1800MHz),-88.1,-8.2,17.9,0.0,9.5,0.0
2026-07-21 04:00:00,RJPN-009-1,RJPN-009,Band 1 (2100MHz),-92.2,-4.3,16.2,0.0,10.6,50.3
2026-07-21 04:00:00,RJPN-009-2,RJPN-009,Band 1 (2100MHz),-93.6,-8.9,17.1,8.9,13.8,18.3
2026-07-21 04:00:00,RJPN-009-3,RJPN-009,Band 1 (2100MHz),-90.5,-10.1,13.0,0.0,8.9,0.0
2026-07-21 04:00:00,RJPN-010-1,RJPN-010,Band 3 (1800MHz),-85.1,-9.8,19.4,9.5,5.0,14.8
2026-07-21 04:00:00,RJPN-010-2,RJPN-010,Band 3 (1800MHz),-90.4,-10.0,5.9,10.9,15.0,24.8
2026-07-21 04:00:00,RJPN-010-3,RJPN-010,Band 3 (1800MHz),-94.2,-14.2,-0.5,33.2,0.0,6.2
2026-07-21 04:00:00,RJPN-011-1,RJPN-011,Band 1 (2100MHz),-98.6,-13.2,8.4,41.1,4.5,0.0
2026-07-21 04:00:00,RJPN-011-2,RJPN-011,Band 1 (2100MHz),-84.7,-8.1,16.2,0.0,0.0,29.2
2026-07-21 04:00:00,RJPN-011-3,RJPN-011,Band 1 (2100MHz),-85.9,-7.8,8.6,5.1,0.0,11.5
2026-07-21 05:00:00,RJPN-001-1,RJPN-001,Band 1 (2100MHz),-81.7,-8.6,8.8,26.6,0.0,0.0
2026-07-21 05:00:00,RJPN-001-2,RJPN-001,Band 1 (2100MHz),-83.3,-9.6,10.2,3.7,24.0,23.9
2026-07-21 05:00:00,RJPN-001-3,RJPN-001,Band 1 (2100MHz),-88.0,-8.2,10.1,9.2,0.0,47.4
2026-07-21 05:00:00,RJPN-002-1,RJPN-002,Band 3 (1800MHz),-98.2,-12.1,7.4,0.0,0.0,5.4
2026-07-21 05:00:00,RJPN-002-2,RJPN-002,Band 3 (1800MHz),-91.2,-5.3,24.3,9.0,0.4,37.2
2026-07-21 05:00:00,RJPN-002-3,RJPN-002,Band 3 (1800MHz),-79.2,-10.3,6.4,27.1,9.6,4.2
2026-07-21 05:00:00,RJPN-003-1,RJPN-003,Band 1 (2100MHz),-95.1,-6.0,20.3,9.3,0.0,3.0
2026-07-21 05:00:00,RJPN-003-2,RJPN-003,Band 1 (2100MHz),-81.7,-11.2,15.8,23.2,5.7,0.0
2026-07-21 05:00:00,RJPN-003-3,RJPN-003,Band 1 (2100MHz),-85.8,-4.1,13.7,9.1,13.6,2.9
2026-07-21 05:00:00,RJPN-004-1,RJPN-004,Band 3 (1800MHz),-91.3,-6.9,16.3,0.0,0.0,28.8
2026-07-21 05:00:00,RJPN-004-2,RJPN-004,Band 3 (1800MHz),-84.6,-9.9,20.4,29.2,14.2,10.3
2026-07-21 05:00:00,RJPN-004-3,RJPN-004,Band 3 (1800MHz),-83.9,-9.4,19.0,15.2,15.4,51.7
2026-07-21 05:00:00,RJPN-005-1,RJPN-005,Band 1 (2100MHz),-87.1,-8.7,19.8,5.9,19.0,0.0
2026-07-21 05:00:00,RJPN-005-2,RJPN-005,Band 1 (2100MHz),-90.9,-9.0,11.9,5.7,7.2,45.1
2026-07-21 05:00:00,RJPN-005-3,RJPN-005,Band 1 (2100MHz),-88.6,-8.7,10.1,11.6,1.3,49.8
2026-07-21 05:00:00,RJPN-006-1,RJPN-006,Band 3 (1800MHz),-92.2,-7.4,0.7,0.0,9.0,15.5
2026-07-21 05:00:00,RJPN-006-2,RJPN-006,Band 3 (1800MHz),-85.9,-8.3,9.1,19.4,0.0,1.5
2026-07-21 05:00:00,RJPN-006-3,RJPN-006,Band 3 (1800MHz),-70.7,-9.4,9.4,4.4,5.3,46.7
2026-07-21 05:00:00,RJPN-007-1,RJPN-007,Band 1 (2100MHz),-81.0,-8.0,16.1,0.0,0.0,40.1
2026-07-21 05:00:00,RJPN-007-2,RJPN-007,Band 1 (2100MHz),-94.6,-5.1,20.2,3.7,0.6,23.1
2026-07-21 05:00:00,RJPN-007-3,RJPN-007,Band 1 (2100MHz),-94.1,-5.7,18.3,0.0,17.4,0.0
2026-07-21 05:00:00,RJPN-008-1,RJPN-008,Band 3 (1800MHz),-87.6,-5.7,11.4,11.9,0.0,0.0
2026-07-21 05:00:00,RJPN-008-2,RJPN-008,Band 3 (1800MHz),-90.5,-6.2,13.1,1.9,10.8,0.4
2026-07-21 05:00:00,RJPN-008-3,RJPN-008,Band 3 (1800MHz),-88.6,-3.7,10.9,0.0,24.3,0.0
2026-07-21 05:00:00,RJPN-009-1,RJPN-009,Band 1 (2100MHz),-91.9,-14.2,13.3,0.0,4.0,8.6
2026-07-21 05:00:00,RJPN-009-2,RJPN-009,Band 1 (2100MHz),-87.8,-5.4,13.9,0.0,9.6,18.9
2026-07-21 05:00:00,RJPN-009-3,RJPN-009,Band 1 (2100MHz),-86.6,-7.0,19.2,0.0,16.1,62.3
2026-07-21 05:00:00,RJPN-010-1,RJPN-010,Band 3 (1800MHz),-81.1,-6.5,7.2,6.2,2.6,3.9
2026-07-21 05:00:00,RJPN-010-2,RJPN-010,Band 3 (1800MHz),-85.1,-9.3,10.3,8.8,1.1,0.0
2026-07-21 05:00:00,RJPN-010-3,RJPN-010,Band 3 (1800MHz),-92.3,-12.1,5.6,0.0,4.7,0.0
2026-07-21 05:00:00,RJPN-011-1,RJPN-011,Band 1 (2100MHz),-100.4,-10.8,2.2,7.5,10.6,14.1
2026-07-21 05:00:00,RJPN-011-2,RJPN-011,Band 1 (2100MHz),-79.3,-7.9,17.8,24.8,3.3,13.7
2026-07-21 05:00:00,RJPN-011-3,RJPN-011,Band 1 (2100MHz),-84.9,-11.4,10.0,1.1,4.4,22.2
2026-07-21 06:00:00,RJPN-001-1,RJPN-001,Band 1 (2100MHz),-89.3,-8.8,18.6,7.0,9.9,26.7
2026-07-21 06:00:00,RJPN-001-2,RJPN-001,Band 1 (2100MHz),-84.4,-10.8,5.6,21.7,14.6,49.0
2026-07-21 06:00:00,RJPN-001-3,RJPN-001,Band 1 (2100MHz),-82.7,-9.1,17.6,12.0,16.7,43.0
2026-07-21 06:00:00,RJPN-002-1,RJPN-002,Band 3 (1800MHz),-97.5,-11.2,-0.2,13.0,20.0,36.2
2026-07-21 06:00:00,RJPN-002-2,RJPN-002,Band 3 (1800MHz),-88.5,-9.0,13.0,25.6,28.8,11.8
2026-07-21 06:00:00,RJPN-002-3,RJPN-002,Band 3 (1800MHz),-84.2,-8.5,15.2,21.1,31.1,16.8
2026-07-21 06:00:00,RJPN-003-1,RJPN-003,Band 1 (2100MHz),-85.5,-8.1,15.8,25.2,20.1,60.6
2026-07-21 06:00:00,RJPN-003-2,RJPN-003,Band 1 (2100MHz),-91.7,-8.0,15.7,15.4,14.7,48.4
2026-07-21 06:00:00,RJPN-003-3,RJPN-003,Band 1 (2100MHz),-87.5,-7.8,22.2,0.0,3.0,20.7
2026-07-21 06:00:00,RJPN-004-1,RJPN-004,Band 3 (1800MHz),-84.9,-9.8,13.8,5.7,4.7,0.0
2026-07-21 06:00:00,RJPN-004-2,RJPN-004,Band 3 (1800MHz),-83.3,-7.1,20.1,14.2,13.9,5.2
2026-07-21 06:00:00,RJPN-004-3,RJPN-004,Band 3 (1800MHz),-83.7,-8.2,15.3,32.2,12.6,9.9
2026-07-21 06:00:00,RJPN-005-1,RJPN-005,Band 1 (2100MHz),-86.2,-11.1,7.6,9.2,4.0,8.7
2026-07-21 06:00:00,RJPN-005-2,RJPN-005,Band 1 (2100MHz),-89.2,-9.4,11.1,38.6,11.8,43.1
2026-07-21 06:00:00,RJPN-005-3,RJPN-005,Band 1 (2100MHz),-89.2,-7.8,15.9,17.8,10.9,45.4
2026-07-21 06:00:00,RJPN-006-1,RJPN-006,Band 3 (1800MHz),-82.6,-9.3,12.5,13.0,29.4,0.0
2026-07-21 06:00:00,RJPN-006-2,RJPN-006,Band 3 (1800MHz),-89.0,-11.2,15.0,17.9,8.5,27.5
2026-07-21 06:00:00,RJPN-006-3,RJPN-006,Band 3 (1800MHz),-83.8,-8.3,23.7,8.5,9.3,9.3
2026-07-21 06:00:00,RJPN-007-1,RJPN-007,Band 1 (2100MHz),-84.1,-9.9,13.0,19.8,2.6,15.8
2026-07-21 06:00:00,RJPN-007-2,RJPN-007,Band 1 (2100MHz),-81.7,-9.1,5.8,11.2,3.1,34.7
2026-07-21 06:00:00,RJPN-007-3,RJPN-007,Band 1 (2100MHz),-90.9,-7.5,6.9,34.6,7.4,34.7
2026-07-21 06:00:00,RJPN-008-1,RJPN-008,Band 3 (1800MHz),-88.7,-11.8,13.7,22.5,18.6,50.2
2026-07-21 06:00:00,RJPN-008-2,RJPN-008,Band 3 (1800MHz),-89.4,-9.3,17.1,19.2,3.9,43.8
2026-07-21 06:00:00,RJPN-008-3,RJPN-008,Band 3 (1800MHz),-82.5,-5.7,19.1,3.6,0.0,91.4
2026-07-21 06:00:00,RJPN-009-1,RJPN-009,Band 1 (2100MHz),-88.5,-9.2,16.4,31.6,0.0,21.0
2026-07-21 06:00:00,RJPN-009-2,RJPN-009,Band 1 (2100MHz),-87.0,-12.6,15.2,32.6,7.0,7.7
2026-07-21 06:00:00,RJPN-009-3,RJPN-009,Band 1 (2100MHz),-82.6,-10.8,10.5,22.0,12.5,25.9
2026-07-21 06:00:00,RJPN-010-1,RJPN-010,Band 3 (1800MHz),-83.0,-8.7,12.7,13.8,10.9,53.4
2026-07-21 06:00:00,RJPN-010-2,RJPN-010,Band 3 (1800MHz),-86.6,-6.5,13.6,15.4,6.1,31.2
2026-07-21 06:00:00,RJPN-010-3,RJPN-010,Band 3 (1800MHz),-108.2,-13.0,-5.1,22.0,12.4,39.0
2026-07-21 06:00:00,RJPN-011-1,RJPN-011,Band 1 (2100MHz),-99.0,-12.4,2.3,19.5,12.2,41.1
2026-07-21 06:00:00,RJPN-011-2,RJPN-011,Band 1 (2100MHz),-89.7,-4.0,21.6,1.3,7.6,32.1
2026-07-21 06:00:00,RJPN-011-3,RJPN-011,Band 1 (2100MHz),-87.1,-6.5,14.9,0.0,5.0,0.0
2026-07-21 07:00:00,RJPN-001-1,RJPN-001,Band 1 (2100MHz),-92.6,-8.8,7.1,54.0,55.2,93.0
2026-07-21 07:00:00,RJPN-001-2,RJPN-001,Band 1 (2100MHz),-90.7,-10.2,14.6,35.1,29.1,61.7
2026-07-21 07:00:00,RJPN-001-3,RJPN-001,Band 1 (2100MHz),-83.4,-11.6,13.4,60.7,34.5,83.7
2026-07-21 07:00:00,RJPN-002-1,RJPN-002,Band 3 (1800MHz),-97.7,-14.2,1.7,41.2,23.4,110.9
2026-07-21 07:00:00,RJPN-002-2,RJPN-002,Band 3 (1800MHz),-84.3,-8.9,18.7,46.1,38.1,106.1
2026-07-21 07:00:00,RJPN-002-3,RJPN-002,Band 3 (1800MHz),-88.4,-9.9,13.2,49.1,17.1,75.4
2026-07-21 07:00:00,RJPN-003-1,RJPN-003,Band 1 (2100MHz),-88.8,-14.5,19.2,66.7,26.1,119.7
2026-07-21 07:00:00,RJPN-003-2,RJPN-003,Band 1 (2100MHz),-96.3,-11.4,10.2,72.2,26.0,97.5
2026-07-21 07:00:00,RJPN-003-3,RJPN-003,Band 1 (2100MHz),-86.5,-10.1,14.3,48.5,29.2,75.3
2026-07-21 07:00:00,RJPN-004-1,RJPN-004,Band 3 (1800MHz),-89.9,-13.1,14.3,37.2,28.8,76.2
2026-07-21 07:00:00,RJPN-004-2,RJPN-004,Band 3 (1800MHz),-92.1,-12.9,19.6,71.3,25.4,92.7
2026-07-21 07:00:00,RJPN-004-3,RJPN-004,Band 3 (1800MHz),-86.7,-11.9,16.5,63.1,29.7,98.6
2026-07-21 07:00:00,RJPN-005-1,RJPN-005,Band 1 (2100MHz),-85.4,-10.8,25.0,43.8,34.1,69.7
2026-07-21 07:00:00,RJPN-005-2,RJPN-005,Band 1 (2100MHz),-85.6,-8.5,22.5,64.6,38.6,101.2
2026-07-21 07:00:00,RJPN-005-3,RJPN-005,Band 1 (2100MHz),-89.9,-10.0,12.9,74.2,31.7,103.5
2026-07-21 07:00:00,RJPN-006-1,RJPN-006,Band 3 (1800MHz),-85.0,-8.3,7.0,49.0,39.2,92.9
2026-07-21 07:00:00,RJPN-006-2,RJPN-006,Band 3 (1800MHz),-83.2,-10.8,8.7,56.5,30.7,87.5
2026-07-21 07:00:00,RJPN-006-3,RJPN-006,Band 3 (1800MHz),-87.9,-15.6,8.4,59.6,29.6,90.3
2026-07-21 07:00:00,RJPN-007-1,RJPN-007,Band 1 (2100MHz),-93.3,-8.2,19.8,58.7,43.9,75.6
2026-07-21 07:00:00,RJPN-007-2,RJPN-007,Band 1 (2100MHz),-83.0,-13.7,6.7,73.8,32.2,104.0
2026-07-21 07:00:00,RJPN-007-3,RJPN-007,Band 1 (2100MHz),-85.2,-11.0,-1.2,38.9,30.2,97.9
2026-07-21 07:00:00,RJPN-008-1,RJPN-008,Band 3 (1800MHz),-89.0,-8.4,14.8,61.5,32.1,73.8
2026-07-21 07:00:00,RJPN-008-2,RJPN-008,Band 3 (1800MHz),-79.5,-9.5,17.9,34.9,25.9,56.0
2026-07-21 07:00:00,RJPN-008-3,RJPN-008,Band 3 (1800MHz),-81.9,-9.4,9.7,49.6,33.9,89.3
2026-07-21 07:00:00,RJPN-009-1,RJPN-009,Band 1 (2100MHz),-89.7,-9.4,17.4,67.6,29.0,128.6
2026-07-21 07:00:00,RJPN-009-2,RJPN-009,Band 1 (2100MHz),-94.5,-13.6,16.3,49.0,10.3,77.2
2026-07-21 07:00:00,RJPN-009-3,RJPN-009,Band 1 (2100MHz),-86.7,-10.0,16.1,71.6,35.9,63.4
2026-07-21 07:00:00,RJPN-010-1,RJPN-010,Band 3 (1800MHz),-85.3,-10.0,10.7,72.3,31.5,88.6
2026-07-21 07:00:00,RJPN-010-2,RJPN-010,Band 3 (1800MHz),-89.4,-11.2,16.2,54.8,33.5,71.1
2026-07-21 07:00:00,RJPN-010-3,RJPN-010,Band 3 (1800MHz),-109.2,-16.6,-2.9,57.4,40.0,71.3
2026-07-21 07:00:00,RJPN-011-1,RJPN-011,Band 1 (2100MHz),-99.7,-10.7,7.3,30.5,32.9,59.4
2026-07-21 07:00:00,RJPN-011-2,RJPN-011,Band 1 (2100MHz),-91.6,-9.3,16.3,64.7,33.1,57.2
2026-07-21 07:00:00,RJPN-011-3,RJPN-011,Band 1 (2100MHz),-97.7,-9.6,16.8,72.4,51.6,83.5
2026-07-21 08:00:00,RJPN-001-1,RJPN-001,Band 1 (2100MHz),-91.6,-9.6,3.4,73.6,41.6,94.0
2026-07-21 08:00:00,RJPN-001-2,RJPN-001,Band 1 (2100MHz),-90.4,-9.3,13.8,64.5,45.7,110.7
2026-07-21 08:00:00,RJPN-001-3,RJPN-001,Band 1 (2100MHz),-84.8,-11.8,17.3,78.7,47.1,115.8
2026-07-21 08:00:00,RJPN-002-1,RJPN-002,Band 3 (1800MHz),-101.1,-12.5,-0.5,76.3,42.0,134.7
2026-07-21 08:00:00,RJPN-002-2,RJPN-002,Band 3 (1800MHz),-86.6,-12.4,14.5,81.8,32.6,128.5
2026-07-21 08:00:00,RJPN-002-3,RJPN-002,Band 3 (1800MHz),-90.1,-10.8,8.3,77.5,41.0,130.0
2026-07-21 08:00:00,RJPN-003-1,RJPN-003,Band 1 (2100MHz),-82.4,-11.8,16.1,61.7,46.7,152.4
2026-07-21 08:00:00,RJPN-003-2,RJPN-003,Band 1 (2100MHz),-86.6,-12.7,14.1,89.5,39.5,124.0
2026-07-21 08:00:00,RJPN-003-3,RJPN-003,Band 1 (2100MHz),-88.4,-8.6,13.4,81.1,42.2,128.9
2026-07-21 08:00:00,RJPN-004-1,RJPN-004,Band 3 (1800MHz),-88.2,-12.1,6.2,58.0,49.9,121.4
2026-07-21 08:00:00,RJPN-004-2,RJPN-004,Band 3 (1800MHz),-87.3,-10.0,12.9,53.8,35.3,122.7
2026-07-21 08:00:00,RJPN-004-3,RJPN-004,Band 3 (1800MHz),-83.8,-8.6,21.0,71.2,41.2,130.2
2026-07-21 08:00:00,RJPN-005-1,RJPN-005,Band 1 (2100MHz),-90.3,-11.4,12.4,97.4,43.1,92.1
2026-07-21 08:00:00,RJPN-005-2,RJPN-005,Band 1 (2100MHz),-91.2,-11.6,12.1,71.7,41.5,103.1
2026-07-21 08:00:00,RJPN-005-3,RJPN-005,Band 1 (2100MHz),-91.2,-14.1,17.9,77.1,44.1,114.1
2026-07-21 08:00:00,RJPN-006-1,RJPN-006,Band 3 (1800MHz),-84.4,-13.4,17.1,85.8,45.6,108.6
2026-07-21 08:00:00,RJPN-006-2,RJPN-006,Band 3 (1800MHz),-85.0,-12.6,20.1,70.4,29.4,120.9
2026-07-21 08:00:00,RJPN-006-3,RJPN-006,Band 3 (1800MHz),-84.9,-11.0,11.4,73.4,42.9,104.6
2026-07-21 08:00:00,RJPN-007-1,RJPN-007,Band 1 (2100MHz),-85.3,-11.9,19.6,61.6,24.8,119.7
2026-07-21 08:00:00,RJPN-007-2,RJPN-007,Band 1 (2100MHz),-86.5,-12.0,20.5,66.8,45.3,119.5
2026-07-21 08:00:00,RJPN-007-3,RJPN-007,Band 1 (2100MHz),-91.3,-9.5,10.5,61.4,37.8,86.0
2026-07-21 08:00:00,RJPN-008-1,RJPN-008,Band 3 (1800MHz),-90.7,-11.5,18.5,67.9,37.6,108.6
2026-07-21 08:00:00,RJPN-008-2,RJPN-008,Band 3 (1800MHz),-89.4,-8.7,17.6,73.3,42.6,133.3
2026-07-21 08:00:00,RJPN-008-3,RJPN-008,Band 3 (1800MHz),-88.0,-9.7,9.4,88.5,37.9,126.1
2026-07-21 08:00:00,RJPN-009-1,RJPN-009,Band 1 (2100MHz),-83.0,-4.8,10.6,80.3,52.2,128.1
2026-07-21 08:00:00,RJPN-009-2,RJPN-009,Band 1 (2100MHz),-88.1,-13.4,5.5,62.6,29.0,109.8
2026-07-21 08:00:00,RJPN-009-3,RJPN-009,Band 1 (2100MHz),-88.4,-11.1,16.7,47.1,45.4,137.4
2026-07-21 08:00:00,RJPN-010-1,RJPN-010,Band 3 (1800MHz),-90.2,-11.3,7.2,74.4,41.9,104.1
2026-07-21 08:00:00,RJPN-010-2,RJPN-010,Band 3 (1800MHz),-86.9,-12.8,16.0,70.1,35.7,117.7
2026-07-21 08:00:00,RJPN-010-3,RJPN-010,Band 3 (1800MHz),-102.4,-16.2,-1.3,71.3,47.8,115.7
2026-07-21 08:00:00,RJPN-011-1,RJPN-011,Band 1 (2100MHz),-100.4,-16.4,4.1,84.9,23.4,143.3
2026-07-21 08:00:00,RJPN-011-2,RJPN-011,Band 1 (2100MHz),-86.8,-12.9,19.4,68.3,51.5,108.3
2026-07-21 08:00:00,RJPN-011-3,RJPN-011,Band 1 (2100MHz),-88.7,-12.8,14.1,70.3,54.6,130.9
2026-07-21 09:00:00,RJPN-001-1,RJPN-001,Band 1 (2100MHz),-91.1,-8.9,20.4,50.6,42.0,60.4
2026-07-21 09:00:00,RJPN-001-2,RJPN-001,Band 1 (2100MHz),-83.8,-10.9,15.0,42.4,20.8,90.0
2026-07-21 09:00:00,RJPN-001-3,RJPN-001,Band 1 (2100MHz),-87.0,-9.3,9.6,40.8,33.5,72.8
2026-07-21 09:00:00,RJPN-002-1,RJPN-002,Band 3 (1800MHz),-97.9,-16.3,5.6,66.1,28.0,90.6
2026-07-21 09:00:00,RJPN-002-2,RJPN-002,Band 3 (1800MHz),-85.5,-11.6,16.9,55.4,30.8,98.1
2026-07-21 09:00:00,RJPN-002-3,RJPN-002,Band 3 (1800MHz),-81.3,-13.0,11.2,54.2,32.7,96.7
2026-07-21 09:00:00,RJPN-003-1,RJPN-003,Band 1 (2100MHz),-92.9,-11.7,17.1,56.7,34.9,96.3
2026-07-21 09:00:00,RJPN-003-2,RJPN-003,Band 1 (2100MHz),-86.3,-10.1,13.2,70.6,38.8,96.1
2026-07-21 09:00:00,RJPN-003-3,RJPN-003,Band 1 (2100MHz),-83.5,-8.4,20.0,54.6,14.2,86.8
2026-07-21 09:00:00,RJPN-004-1,RJPN-004,Band 3 (1800MHz),-88.3,-14.2,13.7,50.6,39.4,119.1
2026-07-21 09:00:00,RJPN-004-2,RJPN-004,Band 3 (1800MHz),-78.8,-10.4,9.0,67.5,33.0,83.1
2026-07-21 09:00:00,RJPN-004-3,RJPN-004,Band 3 (1800MHz),-81.2,-13.3,15.5,62.4,36.7,100.9
2026-07-21 09:00:00,RJPN-005-1,RJPN-005,Band 1 (2100MHz),-91.1,-14.4,12.9,44.1,30.5,62.8
2026-07-21 09:00:00,RJPN-005-2,RJPN-005,Band 1 (2100MHz),-90.5,-10.3,15.9,33.9,23.7,79.4
2026-07-21 09:00:00,RJPN-005-3,RJPN-005,Band 1 (2100MHz),-81.4,-12.9,21.6,58.1,28.1,110.7
2026-07-21 09:00:00,RJPN-006-1,RJPN-006,Band 3 (1800MHz),-87.1,-7.9,9.5,63.6,27.8,123.4
2026-07-21 09:00:00,RJPN-006-2,RJPN-006,Band 3 (1800MHz),-84.4,-10.4,6.1,60.7,32.6,118.9
2026-07-21 09:00:00,RJPN-006-3,RJPN-006,Band 3 (1800MHz),-87.7,-17.3,9.4,54.0,35.1,84.7
2026-07-21 09:00:00,RJPN-007-1,RJPN-007,Band 1 (2100MHz),-85.2,-12.5,8.7,51.6,27.3,107.2
2026-07-21 09:00:00,RJPN-007-2,RJPN-007,Band 1 (2100MHz),-89.9,-8.6,12.5,31.7,28.5,95.5
2026-07-21 09:00:00,RJPN-007-3,RJPN-007,Band 1 (2100MHz),-91.4,-10.9,14.0,48.8,23.6,67.8
2026-07-21 09:00:00,RJPN-008-1,RJPN-008,Band 3 (1800MHz),-92.1,-10.7,12.2,51.5,35.7,67.5
2026-07-21 09:00:00,RJPN-008-2,RJPN-008,Band 3 (1800MHz),-85.0,-10.8,14.1,65.2,34.6,108.8
2026-07-21 09:00:00,RJPN-008-3,RJPN-008,Band 3 (1800MHz),-88.4,-11.8,11.0,56.2,22.8,81.5
2026-07-21 09:00:00,RJPN-009-1,RJPN-009,Band 1 (2100MHz),-93.0,-10.9,13.1,54.7,35.7,58.8
2026-07-21 09:00:00,RJPN-009-2,RJPN-009,Band 1 (2100MHz),-87.9,-10.7,15.0,67.4,32.6,91.7
2026-07-21 09:00:00,RJPN-009-3,RJPN-009,Band 1 (2100MHz),-89.3,-10.0,15.2,50.8,26.0,88.0
2026-07-21 09:00:00,RJPN-010-1,RJPN-010,Band 3 (1800MHz),-84.9,-10.6,20.3,48.4,37.8,110.7
2026-07-21 09:00:00,RJPN-010-2,RJPN-010,Band 3 (1800MHz),-87.5,-7.8,12.0,61.3,47.9,102.2
2026-07-21 09:00:00,RJPN-010-3,RJPN-010,Band 3 (1800MHz),-102.4,-13.9,6.3,56.2,25.8,88.9
2026-07-21 09:00:00,RJPN-011-1,RJPN-011,Band 1 (2100MHz),-103.4,-12.4,4.5,59.7,23.9,97.3
2026-07-21 09:00:00,RJPN-011-2,RJPN-011,Band 1 (2100MHz),-78.9,-11.5,10.6,57.6,33.4,33.0
2026-07-21 09:00:00,RJPN-011-3,RJPN-011,Band 1 (2100MHz),-82.4,-10.7,18.8,43.8,35.0,107.8
2026-07-21 10:00:00,RJPN-001-1,RJPN-001,Band 1 (2100MHz),-93.4,-8.3,4.2,45.3,7.6,17.5
2026-07-21 10:00:00,RJPN-001-2,RJPN-001,Band 1 (2100MHz),-84.8,-8.1,9.2,16.9,10.1,0.0
2026-07-21 10:00:00,RJPN-001-3,RJPN-001,Band 1 (2100MHz),-82.0,-6.3,5.3,12.7,18.2,50.3
2026-07-21 10:00:00,RJPN-002-1,RJPN-002,Band 3 (1800MHz),-94.9,-12.7,6.2,17.7,0.0,25.3
2026-07-21 10:00:00,RJPN-002-2,RJPN-002,Band 3 (1800MHz),-80.3,-10.0,9.3,19.8,9.8,10.0
2026-07-21 10:00:00,RJPN-002-3,RJPN-002,Band 3 (1800MHz),-85.2,-10.9,5.3,12.2,4.0,23.4
2026-07-21 10:00:00,RJPN-003-1,RJPN-003,Band 1 (2100MHz),-86.6,-8.5,18.1,25.1,14.1,71.5
2026-07-21 10:00:00,RJPN-003-2,RJPN-003,Band 1 (2100MHz),-82.7,-5.7,11.6,16.7,0.0,9.6
2026-07-21 10:00:00,RJPN-003-3,RJPN-003,Band 1 (2100MHz),-90.3,-8.0,17.2,21.0,4.7,26.1
2026-07-21 10:00:00,RJPN-004-1,RJPN-004,Band 3 (1800MHz),-87.6,-8.2,8.0,30.8,4.0,25.1
2026-07-21 10:00:00,RJPN-004-2,RJPN-004,Band 3 (1800MHz),-92.1,-6.1,17.0,5.7,0.0,30.1
2026-07-21 10:00:00,RJPN-004-3,RJPN-004,Band 3 (1800MHz),-90.6,-6.9,19.1,24.4,9.8,12.6
2026-07-21 10:00:00,RJPN-005-1,RJPN-005,Band 1 (2100MHz),-91.2,-6.6,11.6,2.6,0.0,49.5
2026-07-21 10:00:00,RJPN-005-2,RJPN-005,Band 1 (2100MHz),-92.0,-12.4,13.9,20.1,18.3,11.5
2026-07-21 10:00:00,RJPN-005-3,RJPN-005,Band 1 (2100MHz),-84.3,-8.6,20.4,30.1,12.4,12.5
2026-07-21 10:00:00,RJPN-006-1,RJPN-006,Band 3 (1800MHz),-86.9,-5.3,20.4,13.7,9.9,6.6
2026-07-21 10:00:00,RJPN-006-2,RJPN-006,Band 3 (1800MHz),-86.7,-7.6,10.1,16.4,0.0,7.6
2026-07-21 10:00:00,RJPN-006-3,RJPN-006,Band 3 (1800MHz),-89.2,-7.4,11.2,5.4,8.2,79.4
2026-07-21 10:00:00,RJPN-007-1,RJPN-007,Band 1 (2100MHz),-80.6,-8.8,11.9,25.5,15.6,25.4
2026-07-21 10:00:00,RJPN-007-2,RJPN-007,Band 1 (2100MHz),-86.4,-8.7,10.3,25.9,7.6,19.7
2026-07-21 10:00:00,RJPN-007-3,RJPN-007,Band 1 (2100MHz),-90.6,-6.6,19.1,21.8,14.5,43.2
2026-07-21 10:00:00,RJPN-008-1,RJPN-008,Band 3 (1800MHz),-83.5,-6.9,19.0,35.1,26.3,49.9
2026-07-21 10:00:00,RJPN-008-2,RJPN-008,Band 3 (1800MHz),-90.0,-4.2,18.1,7.5,14.7,3.6
2026-07-21 10:00:00,RJPN-008-3,RJPN-008,Band 3 (1800MHz),-87.0,-9.2,15.4,24.0,4.4,53.9
2026-07-21 10:00:00,RJPN-009-1,RJPN-009,Band 1 (2100MHz),-81.2,-7.9,7.2,0.0,12.3,46.3
2026-07-21 10:00:00,RJPN-009-2,RJPN-009,Band 1 (2100MHz),-94.4,-4.7,11.3,2.0,1.6,3.0
2026-07-21 10:00:00,RJPN-009-3,RJPN-009,Band 1 (2100MHz),-82.6,-7.2,12.7,16.7,20.6,49.7
2026-07-21 10:00:00,RJPN-010-1,RJPN-010,Band 3 (1800MHz),-90.6,-8.0,15.1,24.3,4.3,0.0
2026-07-21 10:00:00,RJPN-010-2,RJPN-010,Band 3 (1800MHz),-89.1,-7.0,9.9,5.0,5.9,18.2
2026-07-21 10:00:00,RJPN-010-3,RJPN-010,Band 3 (1800MHz),-99.8,-15.8,1.5,27.6,4.2,0.0
2026-07-21 10:00:00,RJPN-011-1,RJPN-011,Band 1 (2100MHz),-98.9,-11.6,7.8,22.0,15.5,38.8
2026-07-21 10:00:00,RJPN-011-2,RJPN-011,Band 1 (2100MHz),-83.4,-10.2,9.6,16.6,7.2,19.0
2026-07-21 10:00:00,RJPN-011-3,RJPN-011,Band 1 (2100MHz),-88.5,-9.9,23.5,27.9,21.0,27.4
2026-07-21 11:00:00,RJPN-001-1,RJPN-001,Band 1 (2100MHz),-82.2,-9.2,8.4,42.0,35.6,78.8
2026-07-21 11:00:00,RJPN-001-2,RJPN-001,Band 1 (2100MHz),-86.8,-9.8,9.3,28.6,41.9,84.1
2026-07-21 11:00:00,RJPN-001-3,RJPN-001,Band 1 (2100MHz),-88.8,-13.7,18.1,55.7,21.1,90.9
2026-07-21 11:00:00,RJPN-002-1,RJPN-002,Band 3 (1800MHz),-94.3,-15.3,11.2,39.5,26.3,56.1
2026-07-21 11:00:00,RJPN-002-2,RJPN-002,Band 3 (1800MHz),-91.8,-8.5,11.6,32.9,32.9,76.5
2026-07-21 11:00:00,RJPN-002-3,RJPN-002,Band 3 (1800MHz),-88.9,-17.4,23.6,67.4,33.3,95.5
2026-07-21 11:00:00,RJPN-003-1,RJPN-003,Band 1 (2100MHz),-89.5,-6.6,8.6,47.2,39.2,66.1
2026-07-21 11:00:00,RJPN-003-2,RJPN-003,Band 1 (2100MHz),-78.6,-10.9,16.4,39.4,28.4,72.3
2026-07-21 11:00:00,RJPN-003-3,RJPN-003,Band 1 (2100MHz),-88.2,-11.0,23.9,57.2,12.4,110.1
2026-07-21 11:00:00,RJPN-004-1,RJPN-004,Band 3 (1800MHz),-86.0,-12.0,24.4,41.9,19.0,63.2
2026-07-21 11:00:00,RJPN-004-2,RJPN-004,Band 3 (1800MHz),-81.8,-7.5,12.3,24.0,29.7,90.6
2026-07-21 11:00:00,RJPN-004-3,RJPN-004,Band 3 (1800MHz),-86.2,-10.5,10.4,62.7,16.3,86.1
2026-07-21 11:00:00,RJPN-005-1,RJPN-005,Band 1 (2100MHz),-79.2,-12.2,10.6,49.9,37.3,88.2
2026-07-21 11:00:00,RJPN-005-2,RJPN-005,Band 1 (2100MHz),-85.6,-9.4,17.2,56.0,25.3,51.7
2026-07-21 11:00:00,RJPN-005-3,RJPN-005,Band 1 (2100MHz),-90.6,-11.7,14.8,55.9,7.0,62.7
2026-07-21 11:00:00,RJPN-006-1,RJPN-006,Band 3 (1800MHz),-85.2,-8.7,20.8,60.9,27.3,87.9
2026-07-21 11:00:00,RJPN-006-2,RJPN-006,Band 3 (1800MHz),-87.4,-12.4,11.6,32.9,13.5,61.9
2026-07-21 11:00:00,RJPN-006-3,RJPN-006,Band 3 (1800MHz),-89.5,-11.9,5.4,22.5,37.9,102.9
2026-07-21 11:00:00,RJPN-007-1,RJPN-007,Band 1 (2100MHz),-86.0,-13.8,25.2,47.0,15.1,79.7
2026-07-21 11:00:00,RJPN-007-2,RJPN-007,Band 1 (2100MHz),-91.8,-12.2,9.7,66.2,34.3,92.0
2026-07-21 11:00:00,RJPN-007-3,RJPN-007,Band 1 (2100MHz),-88.3,-9.8,13.1,63.6,27.3,92.7
2026-07-21 11:00:00,RJPN-008-1,RJPN-008,Band 3 (1800MHz),-85.9,-10.9,20.6,59.8,13.3,35.6
2026-07-21 11:00:00,RJPN-008-2,RJPN-008,Band 3 (1800MHz),-81.9,-12.7,13.4,55.1,9.2,57.3
2026-07-21 11:00:00,RJPN-008-3,RJPN-008,Band 3 (1800MHz),-87.8,-7.5,16.3,63.8,25.0,81.4
2026-07-21 11:00:00,RJPN-009-1,RJPN-009,Band 1 (2100MHz),-78.0,-12.2,9.2,62.4,38.0,47.7
2026-07-21 11:00:00,RJPN-009-2,RJPN-009,Band 1 (2100MHz),-88.4,-7.6,13.1,58.0,26.1,72.1
2026-07-21 11:00:00,RJPN-009-3,RJPN-009,Band 1 (2100MHz),-83.5,-9.2,9.7,39.8,31.4,62.4
2026-07-21 11:00:00,RJPN-010-1,RJPN-010,Band 3 (1800MHz),-87.9,-9.4,19.5,60.7,43.3,83.2
2026-07-21 11:00:00,RJPN-010-2,RJPN-010,Band 3 (1800MHz),-93.9,-10.3,1.1,47.5,29.4,91.6
2026-07-21 11:00:00,RJPN-010-3,RJPN-010,Band 3 (1800MHz),-94.5,-18.2,3.0,41.2,32.9,89.4
2026-07-21 11:00:00,RJPN-011-1,RJPN-011,Band 1 (2100MHz),-103.8,-15.1,6.8,63.9,20.2,47.4
2026-07-21 11:00:00,RJPN-011-2,RJPN-011,Band 1 (2100MHz),-91.1,-9.1,8.8,52.1,27.3,46.1
2026-07-21 11:00:00,RJPN-011-3,RJPN-011,Band 1 (2100MHz),-81.7,-8.9,19.4,55.5,18.0,88.7
2026-07-21 12:00:00,RJPN-001-1,RJPN-001,Band 1 (2100MHz),-89.8,-7.8,10.1,51.9,26.6,85.3
2026-07-21 12:00:00,RJPN-001-2,RJPN-001,Band 1 (2100MHz),-85.4,-7.7,10.4,45.7,26.9,55.1
2026-07-21 12:00:00,RJPN-001-3,RJPN-001,Band 1 (2100MHz),-89.6,-9.2,18.2,40.1,18.3,98.4
2026-07-21 12:00:00,RJPN-002-1,RJPN-002,Band 3 (1800MHz),-95.4,-14.6,7.4,35.8,17.6,73.0
2026-07-21 12:00:00,RJPN-002-2,RJPN-002,Band 3 (1800MHz),-87.8,-14.2,10.2,47.2,32.9,89.6
2026-07-21 12:00:00,RJPN-002-3,RJPN-002,Band 3 (1800MHz),-92.3,-8.3,4.5,55.0,55.5,96.2
2026-07-21 12:00:00,RJPN-003-1,RJPN-003,Band 1 (2100MHz),-86.4,-9.3,15.4,45.5,23.2,122.0
2026-07-21 12:00:00,RJPN-003-2,RJPN-003,Band 1 (2100MHz),-90.4,-10.1,10.4,49.0,34.0,109.0
2026-07-21 12:00:00,RJPN-003-3,RJPN-003,Band 1 (2100MHz),-84.2,-8.4,11.5,38.1,39.9,88.0
2026-07-21 12:00:00,RJPN-004-1,RJPN-004,Band 3 (1800MHz),-97.1,-8.0,9.4,45.2,34.8,73.2
2026-07-21 12:00:00,RJPN-004-2,RJPN-004,Band 3 (1800MHz),-88.6,-11.8,14.9,46.2,36.5,72.2
2026-07-21 12:00:00,RJPN-004-3,RJPN-004,Band 3 (1800MHz),-85.1,-8.8,16.3,52.6,35.9,76.4
2026-07-21 12:00:00,RJPN-005-1,RJPN-005,Band 1 (2100MHz),-90.8,-9.3,11.2,55.6,9.1,86.7
2026-07-21 12:00:00,RJPN-005-2,RJPN-005,Band 1 (2100MHz),-92.0,-7.1,17.3,60.0,27.6,93.2
2026-07-21 12:00:00,RJPN-005-3,RJPN-005,Band 1 (2100MHz),-94.4,-11.0,9.8,49.8,24.6,35.6
2026-07-21 12:00:00,RJPN-006-1,RJPN-006,Band 3 (1800MHz),-78.4,-9.5,20.0,56.4,33.0,97.2
2026-07-21 12:00:00,RJPN-006-2,RJPN-006,Band 3 (1800MHz),-90.5,-8.2,16.2,37.2,27.9,128.7
2026-07-21 12:00:00,RJPN-006-3,RJPN-006,Band 3 (1800MHz),-86.7,-10.5,15.3,34.1,18.2,57.9
2026-07-21 12:00:00,RJPN-007-1,RJPN-007,Band 1 (2100MHz),-89.1,-12.5,17.6,52.0,39.9,115.3
2026-07-21 12:00:00,RJPN-007-2,RJPN-007,Band 1 (2100MHz),-87.6,-11.0,15.0,51.1,15.7,70.6
2026-07-21 12:00:00,RJPN-007-3,RJPN-007,Band 1 (2100MHz),-91.5,-11.4,10.8,35.5,37.1,93.3
2026-07-21 12:00:00,RJPN-008-1,RJPN-008,Band 3 (1800MHz),-90.8,-8.5,12.2,54.6,31.5,64.5
2026-07-21 12:00:00,RJPN-008-2,RJPN-008,Band 3 (1800MHz),-84.9,-6.2,9.8,59.2,17.3,106.7
2026-07-21 12:00:00,RJPN-008-3,RJPN-008,Band 3 (1800MHz),-87.4,-6.5,16.7,53.1,26.1,86.1
2026-07-21 12:00:00,RJPN-009-1,RJPN-009,Band 1 (2100MHz),-86.4,-11.4,14.6,43.0,20.1,102.7
2026-07-21 12:00:00,RJPN-009-2,RJPN-009,Band 1 (2100MHz),-85.1,-12.3,8.0,60.9,27.5,100.8
2026-07-21 12:00:00,RJPN-009-3,RJPN-009,Band 1 (2100MHz),-87.9,-7.8,8.2,66.2,34.4,99.9
2026-07-21 12:00:00,RJPN-010-1,RJPN-010,Band 3 (1800MHz),-89.8,-7.2,16.3,41.9,33.1,73.6
2026-07-21 12:00:00,RJPN-010-2,RJPN-010,Band 3 (1800MHz),-95.5,-12.3,10.5,51.3,26.5,82.6
2026-07-21 12:00:00,RJPN-010-3,RJPN-010,Band 3 (1800MHz),-96.0,-14.7,12.1,51.2,34.0,54.5
2026-07-21 12:00:00,RJPN-011-1,RJPN-011,Band 1 (2100MHz),-101.3,-14.7,10.7,51.1,22.6,93.7
2026-07-21 12:00:00,RJPN-011-2,RJPN-011,Band 1 (2100MHz),-89.3,-8.4,18.9,61.0,25.5,90.3
2026-07-21 12:00:00,RJPN-011-3,RJPN-011,Band 1 (2100MHz),-81.6,-8.7,17.5,28.8,46.0,95.4
2026-07-21 13:00:00,RJPN-001-1,RJPN-001,Band 1 (2100MHz),-80.6,-9.1,13.0,62.4,35.8,54.1
2026-07-21 13:00:00,RJPN-001-2,RJPN-001,Band 1 (2100MHz),-80.7,-12.6,5.1,29.7,36.4,77.2
2026-07-21 13:00:00,RJPN-001-3,RJPN-001,Band 1 (2100MHz),-94.3,-11.6,12.3,52.1,17.7,80.7
2026-07-21 13:00:00,RJPN-002-1,RJPN-002,Band 3 (1800MHz),-102.8,-15.4,4.7,32.8,29.5,58.9
2026-07-21 13:00:00,RJPN-002-2,RJPN-002,Band 3 (1800MHz),-89.5,-10.2,21.7,23.5,38.3,65.4
2026-07-21 13:00:00,RJPN-002-3,RJPN-002,Band 3 (1800MHz),-88.0,-9.7,16.3,45.5,28.0,38.6
2026-07-21 13:00:00,RJPN-003-1,RJPN-003,Band 1 (2100MHz),-96.4,-9.2,18.3,49.6,35.5,71.8
2026-07-21 13:00:00,RJPN-003-2,RJPN-003,Band 1 (2100MHz),-89.3,-11.6,9.6,50.7,34.7,74.8
2026-07-21 13:00:00,RJPN-003-3,RJPN-003,Band 1 (2100MHz),-84.9,-10.5,15.9,15.7,24.5,97.7
2026-07-21 13:00:00,RJPN-004-1,RJPN-004,Band 3 (1800MHz),-86.9,-9.2,16.1,42.8,32.8,88.0
2026-07-21 13:00:00,RJPN-004-2,RJPN-004,Band 3 (1800MHz),-88.7,-8.7,21.8,48.9,29.6,122.2
2026-07-21 13:00:00,RJPN-004-3,RJPN-004,Band 3 (1800MHz),-85.8,-9.8,21.1,53.2,25.1,67.9
2026-07-21 13:00:00,RJPN-005-1,RJPN-005,Band 1 (2100MHz),-82.3,-13.3,15.2,67.3,13.6,78.8
2026-07-21 13:00:00,RJPN-005-2,RJPN-005,Band 1 (2100MHz),-89.1,-11.7,15.3,51.9,45.1,114.1
2026-07-21 13:00:00,RJPN-005-3,RJPN-005,Band 1 (2100MHz),-82.8,-7.5,7.8,45.7,28.9,64.0
2026-07-21 13:00:00,RJPN-006-1,RJPN-006,Band 3 (1800MHz),-92.0,-10.2,12.9,55.9,22.3,108.8
2026-07-21 13:00:00,RJPN-006-2,RJPN-006,Band 3 (1800MHz),-87.9,-9.9,16.0,47.9,26.7,68.1
2026-07-21 13:00:00,RJPN-006-3,RJPN-006,Band 3 (1800MHz),-83.5,-7.9,10.6,69.6,39.3,55.9
2026-07-21 13:00:00,RJPN-007-1,RJPN-007,Band 1 (2100MHz),-90.4,-11.6,14.2,71.6,32.8,46.2
2026-07-21 13:00:00,RJPN-007-2,RJPN-007,Band 1 (2100MHz),-85.0,-9.9,6.6,50.3,25.3,59.2
2026-07-21 13:00:00,RJPN-007-3,RJPN-007,Band 1 (2100MHz),-85.3,-9.8,13.7,69.2,40.4,67.8
2026-07-21 13:00:00,RJPN-008-1,RJPN-008,Band 3 (1800MHz),-83.1,-7.1,12.9,51.6,34.6,126.1
2026-07-21 13:00:00,RJPN-008-2,RJPN-008,Band 3 (1800MHz),-83.5,-11.1,15.7,34.9,23.3,71.7
2026-07-21 13:00:00,RJPN-008-3,RJPN-008,Band 3 (1800MHz),-86.9,-11.1,16.3,42.7,32.5,88.2
2026-07-21 13:00:00,RJPN-009-1,RJPN-009,Band 1 (2100MHz),-87.4,-12.0,15.8,59.4,6.7,78.0
2026-07-21 13:00:00,RJPN-009-2,RJPN-009,Band 1 (2100MHz),-88.9,-13.1,12.1,63.6,43.0,60.5
2026-07-21 13:00:00,RJPN-009-3,RJPN-009,Band 1 (2100MHz),-86.8,-9.8,12.5,42.0,45.3,89.7
2026-07-21 13:00:00,RJPN-010-1,RJPN-010,Band 3 (1800MHz),-93.1,-9.6,15.1,43.4,34.3,47.6
2026-07-21 13:00:00,RJPN-010-2,RJPN-010,Band 3 (1800MHz),-82.7,-9.1,9.5,39.2,30.4,65.6
2026-07-21 13:00:00,RJPN-010-3,RJPN-010,Band 3 (1800MHz),-94.8,-11.3,13.3,57.8,38.3,57.2
2026-07-21 13:00:00,RJPN-011-1,RJPN-011,Band 1 (2100MHz),-104.6,-15.8,5.5,48.2,29.5,87.6
2026-07-21 13:00:00,RJPN-011-2,RJPN-011,Band 1 (2100MHz),-86.7,-10.8,15.9,29.4,12.7,72.3
2026-07-21 13:00:00,RJPN-011-3,RJPN-011,Band 1 (2100MHz),-87.1,-10.2,18.9,36.7,37.1,45.0
2026-07-21 14:00:00,RJPN-001-1,RJPN-001,Band 1 (2100MHz),-86.2,-13.7,17.1,39.4,34.3,42.4
2026-07-21 14:00:00,RJPN-001-2,RJPN-001,Band 1 (2100MHz),-89.1,-10.2,12.0,50.6,22.4,120.3
2026-07-21 14:00:00,RJPN-001-3,RJPN-001,Band 1 (2100MHz),-81.9,-9.6,3.4,45.0,38.1,62.0
2026-07-21 14:00:00,RJPN-002-1,RJPN-002,Band 3 (1800MHz),-104.7,-15.9,13.9,68.9,17.4,51.7
2026-07-21 14:00:00,RJPN-002-2,RJPN-002,Band 3 (1800MHz),-86.6,-14.6,9.3,59.4,46.4,85.7
2026-07-21 14:00:00,RJPN-002-3,RJPN-002,Band 3 (1800MHz),-87.2,-8.7,5.8,47.7,21.6,45.8
2026-07-21 14:00:00,RJPN-003-1,RJPN-003,Band 1 (2100MHz),-88.8,-8.9,17.4,48.9,32.0,88.7
2026-07-21 14:00:00,RJPN-003-2,RJPN-003,Band 1 (2100MHz),-87.5,-10.3,14.7,59.5,30.2,96.7
2026-07-21 14:00:00,RJPN-003-3,RJPN-003,Band 1 (2100MHz),-80.6,-11.4,20.1,44.8,26.1,79.0
2026-07-21 14:00:00,RJPN-004-1,RJPN-004,Band 3 (1800MHz),-85.8,-11.1,8.8,44.1,23.6,103.2
2026-07-21 14:00:00,RJPN-004-2,RJPN-004,Band 3 (1800MHz),-82.0,-11.3,17.1,70.8,27.3,85.5
2026-07-21 14:00:00,RJPN-004-3,RJPN-004,Band 3 (1800MHz),-87.5,-10.2,8.4,39.3,24.2,60.7
2026-07-21 14:00:00,RJPN-005-1,RJPN-005,Band 1 (2100MHz),-83.3,-8.4,11.8,54.6,23.5,70.3
2026-07-21 14:00:00,RJPN-005-2,RJPN-005,Band 1 (2100MHz),-83.7,-12.2,17.2,27.4,16.8,76.6
2026-07-21 14:00:00,RJPN-005-3,RJPN-005,Band 1 (2100MHz),-85.4,-8.4,12.9,75.7,38.8,98.2
2026-07-21 14:00:00,RJPN-006-1,RJPN-006,Band 3 (1800MHz),-83.5,-9.2,7.8,42.9,32.0,74.3
2026-07-21 14:00:00,RJPN-006-2,RJPN-006,Band 3 (1800MHz),-84.5,-10.2,26.7,48.0,27.9,35.4
2026-07-21 14:00:00,RJPN-006-3,RJPN-006,Band 3 (1800MHz),-87.3,-12.3,10.5,46.4,29.2,94.0
2026-07-21 14:00:00,RJPN-007-1,RJPN-007,Band 1 (2100MHz),-87.5,-10.3,17.2,87.4,28.0,66.4
2026-07-21 14:00:00,RJPN-007-2,RJPN-007,Band 1 (2100MHz),-87.6,-12.2,11.4,65.6,31.7,68.5
2026-07-21 14:00:00,RJPN-007-3,RJPN-007,Band 1 (2100MHz),-90.6,-8.5,8.6,48.5,27.7,80.6
2026-07-21 14:00:00,RJPN-008-1,RJPN-008,Band 3 (1800MHz),-88.6,-14.2,20.6,56.6,21.3,111.3
2026-07-21 14:00:00,RJPN-008-2,RJPN-008,Band 3 (1800MHz),-87.2,-9.3,8.9,71.3,22.1,73.9
2026-07-21 14:00:00,RJPN-008-3,RJPN-008,Band 3 (1800MHz),-78.8,-9.2,13.8,40.4,34.8,71.0
2026-07-21 14:00:00,RJPN-009-1,RJPN-009,Band 1 (2100MHz),-80.6,-8.6,20.3,53.6,32.7,109.6
2026-07-21 14:00:00,RJPN-009-2,RJPN-009,Band 1 (2100MHz),-82.7,-11.0,19.3,27.8,27.6,101.0
2026-07-21 14:00:00,RJPN-009-3,RJPN-009,Band 1 (2100MHz),-94.7,-14.0,26.9,47.1,36.1,66.8
2026-07-21 14:00:00,RJPN-010-1,RJPN-010,Band 3 (1800MHz),-91.7,-11.4,11.5,46.6,36.5,96.8
2026-07-21 14:00:00,RJPN-010-2,RJPN-010,Band 3 (1800MHz),-82.7,-8.5,14.8,44.9,46.2,64.2
2026-07-21 14:00:00,RJPN-010-3,RJPN-010,Band 3 (1800MHz),-103.8,-13.7,4.1,44.9,29.6,95.0
2026-07-21 14:00:00,RJPN-011-1,RJPN-011,Band 1 (2100MHz),-101.9,-11.7,11.6,25.8,25.7,89.2
2026-07-21 14:00:00,RJPN-011-2,RJPN-011,Band 1 (2100MHz),-86.8,-14.5,11.2,70.9,36.8,97.6
2026-07-21 14:00:00,RJPN-011-3,RJPN-011,Band 1 (2100MHz),-92.8,-9.2,13.4,46.6,12.7,97.6
2026-07-21 15:00:00,RJPN-001-1,RJPN-001,Band 1 (2100MHz),-85.7,-8.9,7.4,32.2,20.1,34.4
2026-07-21 15:00:00,RJPN-001-2,RJPN-001,Band 1 (2100MHz),-89.9,-5.0,22.3,25.7,5.3,0.0
2026-07-21 15:00:00,RJPN-001-3,RJPN-001,Band 1 (2100MHz),-86.4,-5.5,13.7,21.9,9.0,36.6
2026-07-21 15:00:00,RJPN-002-1,RJPN-002,Band 3 (1800MHz),-97.4,-9.3,4.8,13.7,15.5,30.1
2026-07-21 15:00:00,RJPN-002-2,RJPN-002,Band 3 (1800MHz),-93.0,-8.0,17.9,0.0,5.9,40.2
2026-07-21 15:00:00,RJPN-002-3,RJPN-002,Band 3 (1800MHz),-84.7,-10.5,7.9,19.1,0.0,0.0
2026-07-21 15:00:00,RJPN-003-1,RJPN-003,Band 1 (2100MHz),-77.1,-10.6,24.3,35.7,9.5,72.3
2026-07-21 15:00:00,RJPN-003-2,RJPN-003,Band 1 (2100MHz),-81.5,-8.7,13.6,34.7,3.6,43.9
2026-07-21 15:00:00,RJPN-003-3,RJPN-003,Band 1 (2100MHz),-88.3,-6.8,12.6,8.9,17.6,0.0
2026-07-21 15:00:00,RJPN-004-1,RJPN-004,Band 3 (1800MHz),-90.9,-2.8,14.5,7.2,20.6,8.9
2026-07-21 15:00:00,RJPN-004-2,RJPN-004,Band 3 (1800MHz),-87.4,-9.3,11.8,1.6,1.1,28.1
2026-07-21 15:00:00,RJPN-004-3,RJPN-004,Band 3 (1800MHz),-79.5,-10.7,17.4,12.0,14.2,37.0
2026-07-21 15:00:00,RJPN-005-1,RJPN-005,Band 1 (2100MHz),-83.3,-8.9,17.9,0.0,7.0,12.6
2026-07-21 15:00:00,RJPN-005-2,RJPN-005,Band 1 (2100MHz),-89.3,-6.0,15.1,10.2,5.1,13.2
2026-07-21 15:00:00,RJPN-005-3,RJPN-005,Band 1 (2100MHz),-83.9,-4.9,15.5,7.4,6.7,0.0
2026-07-21 15:00:00,RJPN-006-1,RJPN-006,Band 3 (1800MHz),-89.4,-9.4,13.2,24.8,0.0,51.3
2026-07-21 15:00:00,RJPN-006-2,RJPN-006,Band 3 (1800MHz),-80.8,-6.6,10.3,41.3,0.0,39.1
2026-07-21 15:00:00,RJPN-006-3,RJPN-006,Band 3 (1800MHz),-84.2,-8.8,17.8,9.4,0.0,0.8
2026-07-21 15:00:00,RJPN-007-1,RJPN-007,Band 1 (2100MHz),-89.3,-8.5,11.4,45.7,0.8,34.1
2026-07-21 15:00:00,RJPN-007-2,RJPN-007,Band 1 (2100MHz),-87.5,-7.3,24.9,12.8,6.6,15.8
2026-07-21 15:00:00,RJPN-007-3,RJPN-007,Band 1 (2100MHz),-84.9,-8.0,16.3,11.8,32.3,32.4
2026-07-21 15:00:00,RJPN-008-1,RJPN-008,Band 3 (1800MHz),-89.6,-8.1,16.6,16.9,4.9,9.0
2026-07-21 15:00:00,RJPN-008-2,RJPN-008,Band 3 (1800MHz),-87.1,-6.5,7.2,34.3,15.9,32.7
2026-07-21 15:00:00,RJPN-008-3,RJPN-008,Band 3 (1800MHz),-87.2,-6.9,11.5,0.3,4.8,29.9
2026-07-21 15:00:00,RJPN-009-1,RJPN-009,Band 1 (2100MHz),-86.8,-8.4,17.3,23.3,8.9,29.8
2026-07-21 15:00:00,RJPN-009-2,RJPN-009,Band 1 (2100MHz),-90.0,-9.2,19.7,14.3,4.5,27.6
2026-07-21 15:00:00,RJPN-009-3,RJPN-009,Band 1 (2100MHz),-88.9,-8.0,14.5,14.3,18.2,25.9
2026-07-21 15:00:00,RJPN-010-1,RJPN-010,Band 3 (1800MHz),-87.2,-10.0,4.6,6.5,24.1,33.1
2026-07-21 15:00:00,RJPN-010-2,RJPN-010,Band 3 (1800MHz),-86.1,-6.1,18.4,1.9,20.5,60.6
2026-07-21 15:00:00,RJPN-010-3,RJPN-010,Band 3 (1800MHz),-105.4,-14.9,-2.3,9.8,2.0,25.6
2026-07-21 15:00:00,RJPN-011-1,RJPN-011,Band 1 (2100MHz),-105.4,-12.6,-0.8,0.0,6.5,22.3
2026-07-21 15:00:00,RJPN-011-2,RJPN-011,Band 1 (2100MHz),-87.0,-11.3,15.0,7.8,5.4,0.0
2026-07-21 15:00:00,RJPN-011-3,RJPN-011,Band 1 (2100MHz),-87.8,-8.9,13.1,39.8,11.4,45.3
2026-07-21 16:00:00,RJPN-001-1,RJPN-001,Band 1 (2100MHz),-86.8,-11.6,14.4,44.9,46.2,66.1
2026-07-21 16:00:00,RJPN-001-2,RJPN-001,Band 1 (2100MHz),-87.9,-11.6,13.4,69.1,36.6,102.5
2026-07-21 16:00:00,RJPN-001-3,RJPN-001,Band 1 (2100MHz),-83.8,-10.2,8.7,53.2,26.7,118.0
2026-07-21 16:00:00,RJPN-002-1,RJPN-002,Band 3 (1800MHz),-102.8,-12.8,1.0,81.6,40.7,139.2
2026-07-21 16:00:00,RJPN-002-2,RJPN-002,Band 3 (1800MHz),-85.1,-8.7,6.8,84.9,41.5,128.2
2026-07-21 16:00:00,RJPN-002-3,RJPN-002,Band 3 (1800MHz),-94.0,-10.5,7.7,92.7,37.1,102.3
2026-07-21 16:00:00,RJPN-003-1,RJPN-003,Band 1 (2100MHz),-83.3,-16.3,15.1,76.3,36.0,120.9
2026-07-21 16:00:00,RJPN-003-2,RJPN-003,Band 1 (2100MHz),-84.0,-5.6,14.0,81.5,41.0,124.1
2026-07-21 16:00:00,RJPN-003-3,RJPN-003,Band 1 (2100MHz),-86.5,-6.5,9.4,66.5,30.7,100.5
2026-07-21 16:00:00,RJPN-004-1,RJPN-004,Band 3 (1800MHz),-89.9,-9.2,13.7,72.4,58.0,125.2
2026-07-21 16:00:00,RJPN-004-2,RJPN-004,Band 3 (1800MHz),-87.5,-8.0,14.9,53.0,40.2,113.5
2026-07-21 16:00:00,RJPN-004-3,RJPN-004,Band 3 (1800MHz),-88.4,-9.7,20.7,73.4,48.2,135.2
2026-07-21 16:00:00,RJPN-005-1,RJPN-005,Band 1 (2100MHz),-87.5,-8.9,11.1,57.3,43.2,95.4
2026-07-21 16:00:00,RJPN-005-2,RJPN-005,Band 1 (2100MHz),-83.0,-9.6,11.4,62.3,36.0,114.6
2026-07-21 16:00:00,RJPN-005-3,RJPN-005,Band 1 (2100MHz),-87.0,-11.8,11.2,52.4,40.5,98.4
2026-07-21 16:00:00,RJPN-006-1,RJPN-006,Band 3 (1800MHz),-83.3,-7.7,7.7,62.1,56.8,134.6
2026-07-21 16:00:00,RJPN-006-2,RJPN-006,Band 3 (1800MHz),-95.5,-7.6,18.4,74.4,51.2,124.1
2026-07-21 16:00:00,RJPN-006-3,RJPN-006,Band 3 (1800MHz),-83.8,-10.7,11.1,58.9,57.3,111.1
2026-07-21 16:00:00,RJPN-007-1,RJPN-007,Band 1 (2100MHz),-87.8,-14.2,17.5,63.2,48.2,137.9
2026-07-21 16:00:00,RJPN-007-2,RJPN-007,Band 1 (2100MHz),-91.4,-12.1,17.1,78.0,33.5,111.4
2026-07-21 16:00:00,RJPN-007-3,RJPN-007,Band 1 (2100MHz),-85.0,-14.6,11.5,62.5,42.7,99.4
2026-07-21 16:00:00,RJPN-008-1,RJPN-008,Band 3 (1800MHz),-87.0,-13.7,4.8,74.4,28.6,56.2
2026-07-21 16:00:00,RJPN-008-2,RJPN-008,Band 3 (1800MHz),-86.8,-9.4,2.9,47.2,38.5,94.4
2026-07-21 16:00:00,RJPN-008-3,RJPN-008,Band 3 (1800MHz),-91.5,-11.4,16.2,35.9,44.1,110.1
2026-07-21 16:00:00,RJPN-009-1,RJPN-009,Band 1 (2100MHz),-87.2,-12.7,11.0,68.7,49.4,86.4
2026-07-21 16:00:00,RJPN-009-2,RJPN-009,Band 1 (2100MHz),-86.7,-10.9,4.7,76.5,24.7,87.0
2026-07-21 16:00:00,RJPN-009-3,RJPN-009,Band 1 (2100MHz),-81.5,-11.6,3.9,77.7,39.2,89.8
2026-07-21 16:00:00,RJPN-010-1,RJPN-010,Band 3 (1800MHz),-84.6,-9.6,11.5,55.8,52.3,129.3
2026-07-21 16:00:00,RJPN-010-2,RJPN-010,Band 3 (1800MHz),-91.3,-9.8,13.6,62.2,58.2,100.3
2026-07-21 16:00:00,RJPN-010-3,RJPN-010,Band 3 (1800MHz),-101.2,-14.3,10.4,38.8,58.1,109.4
2026-07-21 16:00:00,RJPN-011-1,RJPN-011,Band 1 (2100MHz),-99.8,-16.5,2.1,67.1,41.0,83.5
2026-07-21 16:00:00,RJPN-011-2,RJPN-011,Band 1 (2100MHz),-84.8,-12.0,21.0,78.7,40.3,131.9
2026-07-21 16:00:00,RJPN-011-3,RJPN-011,Band 1 (2100MHz),-90.6,-10.0,16.4,64.7,44.7,126.2
2026-07-21 17:00:00,RJPN-001-1,RJPN-001,Band 1 (2100MHz),-90.3,-10.1,19.7,74.2,39.3,110.9
2026-07-21 17:00:00,RJPN-001-2,RJPN-001,Band 1 (2100MHz),-92.8,-8.4,15.6,72.0,34.3,92.7
2026-07-21 17:00:00,RJPN-001-3,RJPN-001,Band 1 (2100MHz),-91.9,-10.5,5.5,74.0,52.0,149.8
2026-07-21 17:00:00,RJPN-002-1,RJPN-002,Band 3 (1800MHz),-101.1,-17.6,11.6,52.4,44.3,109.3
2026-07-21 17:00:00,RJPN-002-2,RJPN-002,Band 3 (1800MHz),-80.4,-10.4,18.1,61.0,56.8,133.6
2026-07-21 17:00:00,RJPN-002-3,RJPN-002,Band 3 (1800MHz),-81.0,-12.2,19.8,66.6,38.3,139.2
2026-07-21 17:00:00,RJPN-003-1,RJPN-003,Band 1 (2100MHz),-82.6,-12.5,6.5,59.6,24.6,125.0
2026-07-21 17:00:00,RJPN-003-2,RJPN-003,Band 1 (2100MHz),-92.3,-14.9,22.2,72.8,38.8,154.6
2026-07-21 17:00:00,RJPN-003-3,RJPN-003,Band 1 (2100MHz),-79.1,-17.5,9.3,65.0,39.8,135.2
2026-07-21 17:00:00,RJPN-004-1,RJPN-004,Band 3 (1800MHz),-87.0,-10.4,14.5,53.9,30.7,96.7
2026-07-21 17:00:00,RJPN-004-2,RJPN-004,Band 3 (1800MHz),-96.3,-12.0,21.7,80.8,39.5,106.5
2026-07-21 17:00:00,RJPN-004-3,RJPN-004,Band 3 (1800MHz),-83.9,-13.4,16.8,85.7,56.5,130.2
2026-07-21 17:00:00,RJPN-005-1,RJPN-005,Band 1 (2100MHz),-86.0,-9.7,10.9,87.4,42.6,145.6
2026-07-21 17:00:00,RJPN-005-2,RJPN-005,Band 1 (2100MHz),-83.4,-9.7,17.2,58.9,41.0,113.5
2026-07-21 17:00:00,RJPN-005-3,RJPN-005,Band 1 (2100MHz),-83.3,-11.4,18.1,96.7,48.1,115.5
2026-07-21 17:00:00,RJPN-006-1,RJPN-006,Band 3 (1800MHz),-87.5,-11.4,12.5,57.0,50.7,106.0
2026-07-21 17:00:00,RJPN-006-2,RJPN-006,Band 3 (1800MHz),-82.3,-13.4,8.8,67.6,44.5,95.4
2026-07-21 17:00:00,RJPN-006-3,RJPN-006,Band 3 (1800MHz),-94.4,-10.8,9.0,82.3,38.1,92.3
2026-07-21 17:00:00,RJPN-007-1,RJPN-007,Band 1 (2100MHz),-87.6,-11.0,10.2,81.7,30.1,160.8
2026-07-21 17:00:00,RJPN-007-2,RJPN-007,Band 1 (2100MHz),-81.1,-10.3,10.2,75.8,36.4,118.8
2026-07-21 17:00:00,RJPN-007-3,RJPN-007,Band 1 (2100MHz),-82.8,-10.9,13.6,71.6,23.7,93.5
2026-07-21 17:00:00,RJPN-008-1,RJPN-008,Band 3 (1800MHz),-82.9,-10.6,15.4,75.8,36.7,126.6
2026-07-21 17:00:00,RJPN-008-2,RJPN-008,Band 3 (1800MHz),-90.8,-10.0,13.7,95.0,46.4,135.9
2026-07-21 17:00:00,RJPN-008-3,RJPN-008,Band 3 (1800MHz),-88.5,-12.5,17.6,64.0,43.7,94.0
2026-07-21 17:00:00,RJPN-009-1,RJPN-009,Band 1 (2100MHz),-89.6,-10.5,11.0,64.3,48.9,109.8
2026-07-21 17:00:00,RJPN-009-2,RJPN-009,Band 1 (2100MHz),-86.7,-11.3,19.8,86.3,33.5,128.1
2026-07-21 17:00:00,RJPN-009-3,RJPN-009,Band 1 (2100MHz),-83.9,-8.7,7.7,73.4,30.3,130.4
2026-07-21 17:00:00,RJPN-010-1,RJPN-010,Band 3 (1800MHz),-94.4,-11.6,7.7,86.5,52.6,158.3
2026-07-21 17:00:00,RJPN-010-2,RJPN-010,Band 3 (1800MHz),-81.8,-10.4,26.4,84.1,45.0,115.5
2026-07-21 17:00:00,RJPN-010-3,RJPN-010,Band 3 (1800MHz),-97.8,-13.5,4.7,82.2,43.6,141.9
2026-07-21 17:00:00,RJPN-011-1,RJPN-011,Band 1 (2100MHz),-101.6,-15.6,5.8,47.5,57.3,90.5
2026-07-21 17:00:00,RJPN-011-2,RJPN-011,Band 1 (2100MHz),-85.4,-10.4,7.6,78.0,40.0,133.0
2026-07-21 17:00:00,RJPN-011-3,RJPN-011,Band 1 (2100MHz),-87.5,-9.9,14.8,80.6,42.5,115.0
2026-07-21 18:00:00,RJPN-001-1,RJPN-001,Band 1 (2100MHz),-86.6,-15.6,14.9,73.7,46.9,132.8
2026-07-21 18:00:00,RJPN-001-2,RJPN-001,Band 1 (2100MHz),-90.6,-12.2,23.6,87.7,52.6,118.3
2026-07-21 18:00:00,RJPN-001-3,RJPN-001,Band 1 (2100MHz),-85.5,-13.8,12.1,64.7,30.9,121.2
2026-07-21 18:00:00,RJPN-002-1,RJPN-002,Band 3 (1800MHz),-105.5,-15.0,7.7,89.1,45.8,101.5
2026-07-21 18:00:00,RJPN-002-2,RJPN-002,Band 3 (1800MHz),-80.1,-12.2,3.8,83.9,50.1,140.8
2026-07-21 18:00:00,RJPN-002-3,RJPN-002,Band 3 (1800MHz),-79.0,-12.6,12.8,65.1,47.8,132.6
2026-07-21 18:00:00,RJPN-003-1,RJPN-003,Band 1 (2100MHz),-96.5,-11.8,14.3,92.2,46.6,126.3
2026-07-21 18:00:00,RJPN-003-2,RJPN-003,Band 1 (2100MHz),-87.3,-9.8,9.2,56.8,48.7,123.2
2026-07-21 18:00:00,RJPN-003-3,RJPN-003,Band 1 (2100MHz),-98.9,-14.2,17.3,81.2,50.8,116.3
2026-07-21 18:00:00,RJPN-004-1,RJPN-004,Band 3 (1800MHz),-92.5,-12.6,9.3,63.2,35.3,109.2
2026-07-21 18:00:00,RJPN-004-2,RJPN-004,Band 3 (1800MHz),-90.5,-11.1,19.5,98.8,33.7,101.9
2026-07-21 18:00:00,RJPN-004-3,RJPN-004,Band 3 (1800MHz),-88.6,-11.9,24.0,75.7,63.7,105.4
2026-07-21 18:00:00,RJPN-005-1,RJPN-005,Band 1 (2100MHz),-96.6,-11.5,10.2,68.2,48.5,125.3
2026-07-21 18:00:00,RJPN-005-2,RJPN-005,Band 1 (2100MHz),-89.5,-9.3,22.7,69.0,48.0,97.2
2026-07-21 18:00:00,RJPN-005-3,RJPN-005,Band 1 (2100MHz),-79.1,-9.1,13.8,83.1,40.5,138.5
2026-07-21 18:00:00,RJPN-006-1,RJPN-006,Band 3 (1800MHz),-85.6,-8.6,12.4,90.1,40.2,120.7
2026-07-21 18:00:00,RJPN-006-2,RJPN-006,Band 3 (1800MHz),-84.2,-13.0,10.6,76.0,56.2,144.1
2026-07-21 18:00:00,RJPN-006-3,RJPN-006,Band 3 (1800MHz),-97.6,-10.3,12.7,76.3,44.5,150.6
2026-07-21 18:00:00,RJPN-007-1,RJPN-007,Band 1 (2100MHz),-89.0,-14.1,16.2,76.6,56.9,161.4
2026-07-21 18:00:00,RJPN-007-2,RJPN-007,Band 1 (2100MHz),-87.0,-15.5,24.6,67.9,58.1,165.8
2026-07-21 18:00:00,RJPN-007-3,RJPN-007,Band 1 (2100MHz),-81.8,-8.4,24.4,78.3,25.2,97.4
2026-07-21 18:00:00,RJPN-008-1,RJPN-008,Band 3 (1800MHz),-91.8,-14.1,15.3,62.9,33.9,120.9
2026-07-21 18:00:00,RJPN-008-2,RJPN-008,Band 3 (1800MHz),-91.0,-13.9,9.1,57.7,45.0,139.9
2026-07-21 18:00:00,RJPN-008-3,RJPN-008,Band 3 (1800MHz),-88.9,-10.6,12.8,77.8,46.6,148.8
2026-07-21 18:00:00,RJPN-009-1,RJPN-009,Band 1 (2100MHz),-82.2,-10.6,13.2,69.8,47.4,153.7
2026-07-21 18:00:00,RJPN-009-2,RJPN-009,Band 1 (2100MHz),-87.5,-14.6,8.5,57.2,52.5,135.9
2026-07-21 18:00:00,RJPN-009-3,RJPN-009,Band 1 (2100MHz),-79.6,-10.4,10.4,72.0,62.7,130.2
2026-07-21 18:00:00,RJPN-010-1,RJPN-010,Band 3 (1800MHz),-82.4,-10.9,19.0,66.6,38.9,109.7
2026-07-21 18:00:00,RJPN-010-2,RJPN-010,Band 3 (1800MHz),-85.4,-7.8,15.1,67.8,50.1,153.8
2026-07-21 18:00:00,RJPN-010-3,RJPN-010,Band 3 (1800MHz),-107.1,-16.4,6.4,89.9,62.3,147.4
2026-07-21 18:00:00,RJPN-011-1,RJPN-011,Band 1 (2100MHz),-94.0,-17.2,-3.4,70.3,55.2,113.9
2026-07-21 18:00:00,RJPN-011-2,RJPN-011,Band 1 (2100MHz),-84.2,-14.1,6.8,60.6,31.7,146.8
2026-07-21 18:00:00,RJPN-011-3,RJPN-011,Band 1 (2100MHz),-87.6,-11.8,13.9,77.2,45.9,83.0
2026-07-21 19:00:00,RJPN-001-1,RJPN-001,Band 1 (2100MHz),-83.4,-15.6,18.3,45.5,46.8,156.6
2026-07-21 19:00:00,RJPN-001-2,RJPN-001,Band 1 (2100MHz),-82.2,-12.7,5.8,60.7,46.5,141.2
2026-07-21 19:00:00,RJPN-001-3,RJPN-001,Band 1 (2100MHz),-90.6,-10.2,12.5,48.0,46.2,145.7
2026-07-21 19:00:00,RJPN-002-1,RJPN-002,Band 3 (1800MHz),-96.6,-15.8,-0.4,63.0,32.2,121.7
2026-07-21 19:00:00,RJPN-002-2,RJPN-002,Band 3 (1800MHz),-81.9,-10.5,9.4,95.7,19.2,80.1
2026-07-21 19:00:00,RJPN-002-3,RJPN-002,Band 3 (1800MHz),-88.1,-14.3,24.0,70.6,39.7,118.7
2026-07-21 19:00:00,RJPN-003-1,RJPN-003,Band 1 (2100MHz),-88.4,-10.1,16.6,73.4,49.1,103.8
2026-07-21 19:00:00,RJPN-003-2,RJPN-003,Band 1 (2100MHz),-88.5,-11.5,18.5,75.3,61.9,101.2
2026-07-21 19:00:00,RJPN-003-3,RJPN-003,Band 1 (2100MHz),-86.4,-9.8,19.0,100.0,49.7,134.6
2026-07-21 19:00:00,RJPN-004-1,RJPN-004,Band 3 (1800MHz),-90.9,-12.9,15.4,100.0,38.4,135.9
2026-07-21 19:00:00,RJPN-004-2,RJPN-004,Band 3 (1800MHz),-87.4,-10.6,13.8,82.3,29.4,78.0
2026-07-21 19:00:00,RJPN-004-3,RJPN-004,Band 3 (1800MHz),-87.4,-11.6,7.5,94.4,43.2,131.2
2026-07-21 19:00:00,RJPN-005-1,RJPN-005,Band 1 (2100MHz),-91.5,-11.6,18.6,73.2,39.2,82.1
2026-07-21 19:00:00,RJPN-005-2,RJPN-005,Band 1 (2100MHz),-85.4,-10.8,5.8,74.8,44.9,116.3
2026-07-21 19:00:00,RJPN-005-3,RJPN-005,Band 1 (2100MHz),-91.2,-7.3,13.9,75.0,37.1,123.3
2026-07-21 19:00:00,RJPN-006-1,RJPN-006,Band 3 (1800MHz),-92.4,-9.7,15.0,55.9,38.7,95.3
2026-07-21 19:00:00,RJPN-006-2,RJPN-006,Band 3 (1800MHz),-93.4,-12.6,18.1,78.9,37.5,123.6
2026-07-21 19:00:00,RJPN-006-3,RJPN-006,Band 3 (1800MHz),-89.8,-6.9,11.5,79.1,44.7,186.6
2026-07-21 19:00:00,RJPN-007-1,RJPN-007,Band 1 (2100MHz),-85.2,-9.8,11.5,67.1,48.1,85.4
2026-07-21 19:00:00,RJPN-007-2,RJPN-007,Band 1 (2100MHz),-84.3,-13.1,9.7,90.2,49.0,171.9
2026-07-21 19:00:00,RJPN-007-3,RJPN-007,Band 1 (2100MHz),-89.0,-8.4,16.3,73.5,33.6,76.2
2026-07-21 19:00:00,RJPN-008-1,RJPN-008,Band 3 (1800MHz),-84.6,-15.5,17.3,54.3,34.1,85.6
2026-07-21 19:00:00,RJPN-008-2,RJPN-008,Band 3 (1800MHz),-85.0,-10.2,12.1,67.2,26.0,89.6
2026-07-21 19:00:00,RJPN-008-3,RJPN-008,Band 3 (1800MHz),-85.0,-15.3,11.7,56.8,37.0,121.1
2026-07-21 19:00:00,RJPN-009-1,RJPN-009,Band 1 (2100MHz),-91.1,-11.7,16.2,74.1,59.4,156.2
2026-07-21 19:00:00,RJPN-009-2,RJPN-009,Band 1 (2100MHz),-84.1,-11.4,25.8,52.6,62.3,115.4
2026-07-21 19:00:00,RJPN-009-3,RJPN-009,Band 1 (2100MHz),-90.6,-12.2,4.1,55.1,33.4,90.3
2026-07-21 19:00:00,RJPN-010-1,RJPN-010,Band 3 (1800MHz),-92.7,-11.5,16.6,66.9,46.3,110.8
2026-07-21 19:00:00,RJPN-010-2,RJPN-010,Band 3 (1800MHz),-82.6,-9.5,25.1,85.9,36.9,130.7
2026-07-21 19:00:00,RJPN-010-3,RJPN-010,Band 3 (1800MHz),-107.4,-18.9,-4.3,70.3,41.8,104.4
2026-07-21 19:00:00,RJPN-011-1,RJPN-011,Band 1 (2100MHz),-99.7,-16.8,-2.9,81.3,36.6,147.6
2026-07-21 19:00:00,RJPN-011-2,RJPN-011,Band 1 (2100MHz),-82.8,-12.3,8.2,60.2,48.9,113.7
2026-07-21 19:00:00,RJPN-011-3,RJPN-011,Band 1 (2100MHz),-88.2,-12.5,9.9,60.7,44.4,152.3
2026-07-21 20:00:00,RJPN-001-1,RJPN-001,Band 1 (2100MHz),-95.9,-14.4,20.4,58.0,43.9,144.6
2026-07-21 20:00:00,RJPN-001-2,RJPN-001,Band 1 (2100MHz),-85.1,-12.3,16.2,53.0,33.9,118.4
2026-07-21 20:00:00,RJPN-001-3,RJPN-001,Band 1 (2100MHz),-92.5,-8.9,9.9,54.7,47.4,114.8
2026-07-21 20:00:00,RJPN-002-1,RJPN-002,Band 3 (1800MHz),-102.7,-10.8,4.3,75.2,40.6,102.5
2026-07-21 20:00:00,RJPN-002-2,RJPN-002,Band 3 (1800MHz),-83.1,-10.0,13.9,61.5,58.0,86.7
2026-07-21 20:00:00,RJPN-002-3,RJPN-002,Band 3 (1800MHz),-88.1,-12.7,18.9,81.7,37.2,104.0
2026-07-21 20:00:00,RJPN-003-1,RJPN-003,Band 1 (2100MHz),-92.8,-6.3,15.8,65.1,44.6,81.3
2026-07-21 20:00:00,RJPN-003-2,RJPN-003,Band 1 (2100MHz),-85.3,-8.7,20.7,64.1,30.5,120.4
2026-07-21 20:00:00,RJPN-003-3,RJPN-003,Band 1 (2100MHz),-84.2,-11.9,8.1,53.0,31.4,91.3
2026-07-21 20:00:00,RJPN-004-1,RJPN-004,Band 3 (1800MHz),-85.4,-9.6,2.4,56.2,35.8,92.7
2026-07-21 20:00:00,RJPN-004-2,RJPN-004,Band 3 (1800MHz),-92.5,-8.8,12.2,51.6,48.3,100.0
2026-07-21 20:00:00,RJPN-004-3,RJPN-004,Band 3 (1800MHz),-88.5,-9.8,10.6,65.4,29.7,107.8
2026-07-21 20:00:00,RJPN-005-1,RJPN-005,Band 1 (2100MHz),-85.8,-9.8,10.5,72.5,33.8,114.9
2026-07-21 20:00:00,RJPN-005-2,RJPN-005,Band 1 (2100MHz),-93.8,-14.0,11.9,65.6,23.2,105.7
2026-07-21 20:00:00,RJPN-005-3,RJPN-005,Band 1 (2100MHz),-79.9,-10.1,19.6,68.8,30.7,98.0
2026-07-21 20:00:00,RJPN-006-1,RJPN-006,Band 3 (1800MHz),-86.5,-9.2,19.6,69.6,24.1,103.4
2026-07-21 20:00:00,RJPN-006-2,RJPN-006,Band 3 (1800MHz),-96.4,-12.0,18.5,58.3,30.5,120.0
2026-07-21 20:00:00,RJPN-006-3,RJPN-006,Band 3 (1800MHz),-93.7,-11.9,10.4,100.0,60.6,135.8
2026-07-21 20:00:00,RJPN-007-1,RJPN-007,Band 1 (2100MHz),-90.1,-15.2,8.3,74.2,38.2,75.1
2026-07-21 20:00:00,RJPN-007-2,RJPN-007,Band 1 (2100MHz),-92.0,-9.9,16.9,60.6,43.7,120.0
2026-07-21 20:00:00,RJPN-007-3,RJPN-007,Band 1 (2100MHz),-92.6,-10.7,12.9,63.3,40.6,174.8
2026-07-21 20:00:00,RJPN-008-1,RJPN-008,Band 3 (1800MHz),-95.7,-8.0,11.9,58.0,41.6,94.5
2026-07-21 20:00:00,RJPN-008-2,RJPN-008,Band 3 (1800MHz),-86.2,-12.5,13.4,56.7,36.8,104.5
2026-07-21 20:00:00,RJPN-008-3,RJPN-008,Band 3 (1800MHz),-86.6,-7.3,6.1,89.9,48.5,136.8
2026-07-21 20:00:00,RJPN-009-1,RJPN-009,Band 1 (2100MHz),-88.5,-11.4,14.3,47.4,46.2,86.4
2026-07-21 20:00:00,RJPN-009-2,RJPN-009,Band 1 (2100MHz),-87.9,-5.8,10.5,53.4,44.3,94.8
2026-07-21 20:00:00,RJPN-009-3,RJPN-009,Band 1 (2100MHz),-87.8,-12.4,7.7,61.8,53.0,89.0
2026-07-21 20:00:00,RJPN-010-1,RJPN-010,Band 3 (1800MHz),-88.2,-10.8,7.8,63.7,33.2,98.6
2026-07-21 20:00:00,RJPN-010-2,RJPN-010,Band 3 (1800MHz),-86.2,-11.1,21.9,46.4,42.9,128.4
2026-07-21 20:00:00,RJPN-010-3,RJPN-010,Band 3 (1800MHz),-102.6,-15.1,7.9,55.7,29.5,73.9
2026-07-21 20:00:00,RJPN-011-1,RJPN-011,Band 1 (2100MHz),-108.8,-12.7,3.8,73.7,37.6,105.4
2026-07-21 20:00:00,RJPN-011-2,RJPN-011,Band 1 (2100MHz),-84.6,-10.0,4.5,50.3,43.3,127.9
2026-07-21 20:00:00,RJPN-011-3,RJPN-011,Band 1 (2100MHz),-87.8,-10.6,16.5,72.8,31.9,81.4
2026-07-21 21:00:00,RJPN-001-1,RJPN-001,Band 1 (2100MHz),-80.6,-9.1,11.9,49.4,0.0,11.5
2026-07-21 21:00:00,RJPN-001-2,RJPN-001,Band 1 (2100MHz),-85.6,-6.0,12.1,27.5,9.8,44.5
2026-07-21 21:00:00,RJPN-001-3,RJPN-001,Band 1 (2100MHz),-80.1,-7.2,19.5,12.5,4.0,8.2
2026-07-21 21:00:00,RJPN-002-1,RJPN-002,Band 3 (1800MHz),-98.6,-14.1,1.0,12.1,3.8,28.3
2026-07-21 21:00:00,RJPN-002-2,RJPN-002,Band 3 (1800MHz),-87.3,-8.6,17.9,22.1,0.0,18.9
2026-07-21 21:00:00,RJPN-002-3,RJPN-002,Band 3 (1800MHz),-82.2,-8.1,14.2,11.7,1.9,32.3
2026-07-21 21:00:00,RJPN-003-1,RJPN-003,Band 1 (2100MHz),-88.3,-6.7,8.6,31.2,0.0,48.5
2026-07-21 21:00:00,RJPN-003-2,RJPN-003,Band 1 (2100MHz),-84.5,-7.3,11.6,12.8,9.7,19.0
2026-07-21 21:00:00,RJPN-003-3,RJPN-003,Band 1 (2100MHz),-83.8,-11.4,8.5,31.0,18.9,30.5
2026-07-21 21:00:00,RJPN-004-1,RJPN-004,Band 3 (1800MHz),-91.0,-7.9,10.4,0.0,21.0,23.6
2026-07-21 21:00:00,RJPN-004-2,RJPN-004,Band 3 (1800MHz),-92.2,-10.3,5.1,7.9,4.8,19.5
2026-07-21 21:00:00,RJPN-004-3,RJPN-004,Band 3 (1800MHz),-81.0,-7.8,5.9,11.8,11.3,33.4
2026-07-21 21:00:00,RJPN-005-1,RJPN-005,Band 1 (2100MHz),-90.5,-9.0,15.3,17.8,3.5,73.0
2026-07-21 21:00:00,RJPN-005-2,RJPN-005,Band 1 (2100MHz),-85.6,-7.1,8.4,20.4,14.4,4.4
2026-07-21 21:00:00,RJPN-005-3,RJPN-005,Band 1 (2100MHz),-87.3,-5.0,4.1,23.1,8.4,38.3
2026-07-21 21:00:00,RJPN-006-1,RJPN-006,Band 3 (1800MHz),-92.3,-9.3,16.2,9.4,4.1,0.3
2026-07-21 21:00:00,RJPN-006-2,RJPN-006,Band 3 (1800MHz),-79.4,-9.8,13.9,19.0,0.0,56.5
2026-07-21 21:00:00,RJPN-006-3,RJPN-006,Band 3 (1800MHz),-97.1,-9.3,10.3,24.8,1.4,45.6
2026-07-21 21:00:00,RJPN-007-1,RJPN-007,Band 1 (2100MHz),-87.2,-8.8,7.2,46.2,16.6,35.3
2026-07-21 21:00:00,RJPN-007-2,RJPN-007,Band 1 (2100MHz),-88.6,-5.1,18.9,15.8,0.0,61.1
2026-07-21 21:00:00,RJPN-007-3,RJPN-007,Band 1 (2100MHz),-82.8,-10.0,2.4,33.0,9.6,27.6
2026-07-21 21:00:00,RJPN-008-1,RJPN-008,Band 3 (1800MHz),-89.2,-7.0,8.2,23.0,3.2,32.7
2026-07-21 21:00:00,RJPN-008-2,RJPN-008,Band 3 (1800MHz),-76.4,-8.5,17.4,5.8,6.5,23.0
2026-07-21 21:00:00,RJPN-008-3,RJPN-008,Band 3 (1800MHz),-86.5,-7.7,16.5,12.5,0.0,17.7
2026-07-21 21:00:00,RJPN-009-1,RJPN-009,Band 1 (2100MHz),-88.2,-8.4,7.5,28.4,0.0,69.4
2026-07-21 21:00:00,RJPN-009-2,RJPN-009,Band 1 (2100MHz),-88.9,-10.2,18.2,15.4,17.8,28.1
2026-07-21 21:00:00,RJPN-009-3,RJPN-009,Band 1 (2100MHz),-90.7,-11.6,8.3,28.1,17.4,25.6
2026-07-21 21:00:00,RJPN-010-1,RJPN-010,Band 3 (1800MHz),-87.1,-11.6,13.4,21.5,15.6,21.5
2026-07-21 21:00:00,RJPN-010-2,RJPN-010,Band 3 (1800MHz),-87.5,-8.2,11.9,13.7,13.5,37.5
2026-07-21 21:00:00,RJPN-010-3,RJPN-010,Band 3 (1800MHz),-103.5,-10.4,9.9,31.2,17.0,59.7
2026-07-21 21:00:00,RJPN-011-1,RJPN-011,Band 1 (2100MHz),-93.9,-12.4,10.5,4.8,3.8,45.1
2026-07-21 21:00:00,RJPN-011-2,RJPN-011,Band 1 (2100MHz),-87.5,-9.9,18.6,15.4,2.7,18.3
2026-07-21 21:00:00,RJPN-011-3,RJPN-011,Band 1 (2100MHz),-93.4,-10.2,15.6,4.5,7.2,10.3
2026-07-21 22:00:00,RJPN-001-1,RJPN-001,Band 1 (2100MHz),-85.9,-10.4,4.8,0.0,16.7,0.0
2026-07-21 22:00:00,RJPN-001-2,RJPN-001,Band 1 (2100MHz),-81.6,-8.5,15.8,20.3,6.4,13.2
2026-07-21 22:00:00,RJPN-001-3,RJPN-001,Band 1 (2100MHz),-91.2,-6.4,14.3,8.7,8.7,0.0
2026-07-21 22:00:00,RJPN-002-1,RJPN-002,Band 3 (1800MHz),-106.2,-17.8,1.7,9.1,5.1,8.9
2026-07-21 22:00:00,RJPN-002-2,RJPN-002,Band 3 (1800MHz),-77.8,-6.9,8.0,3.4,6.6,43.9
2026-07-21 22:00:00,RJPN-002-3,RJPN-002,Band 3 (1800MHz),-87.1,-3.3,6.3,19.9,8.3,30.0
2026-07-21 22:00:00,RJPN-003-1,RJPN-003,Band 1 (2100MHz),-96.1,-8.7,9.5,10.9,0.0,33.5
2026-07-21 22:00:00,RJPN-003-2,RJPN-003,Band 1 (2100MHz),-95.5,-9.7,3.5,0.0,1.8,0.0
2026-07-21 22:00:00,RJPN-003-3,RJPN-003,Band 1 (2100MHz),-91.0,-4.8,13.7,0.0,0.0,0.0
2026-07-21 22:00:00,RJPN-004-1,RJPN-004,Band 3 (1800MHz),-89.5,-8.3,10.7,0.0,0.0,8.3
2026-07-21 22:00:00,RJPN-004-2,RJPN-004,Band 3 (1800MHz),-86.3,-6.4,10.7,33.4,2.4,1.7
2026-07-21 22:00:00,RJPN-004-3,RJPN-004,Band 3 (1800MHz),-81.3,-12.3,12.1,27.0,5.2,24.0
2026-07-21 22:00:00,RJPN-005-1,RJPN-005,Band 1 (2100MHz),-86.5,-9.6,15.1,6.5,0.0,13.8
2026-07-21 22:00:00,RJPN-005-2,RJPN-005,Band 1 (2100MHz),-92.5,-8.1,5.1,26.5,8.3,17.5
2026-07-21 22:00:00,RJPN-005-3,RJPN-005,Band 1 (2100MHz),-91.8,-7.6,22.2,17.6,0.1,5.1
2026-07-21 22:00:00,RJPN-006-1,RJPN-006,Band 3 (1800MHz),-78.9,-2.8,21.1,0.0,8.2,45.0
2026-07-21 22:00:00,RJPN-006-2,RJPN-006,Band 3 (1800MHz),-87.5,-10.4,13.7,30.5,2.1,41.6
2026-07-21 22:00:00,RJPN-006-3,RJPN-006,Band 3 (1800MHz),-84.3,-6.8,13.9,13.0,0.1,4.7
2026-07-21 22:00:00,RJPN-007-1,RJPN-007,Band 1 (2100MHz),-91.8,-8.0,12.2,11.4,7.4,39.4
2026-07-21 22:00:00,RJPN-007-2,RJPN-007,Band 1 (2100MHz),-79.2,-11.1,14.3,0.0,1.7,0.0
2026-07-21 22:00:00,RJPN-007-3,RJPN-007,Band 1 (2100MHz),-81.7,-9.9,17.6,5.6,7.2,15.6
2026-07-21 22:00:00,RJPN-008-1,RJPN-008,Band 3 (1800MHz),-83.1,-5.3,16.5,0.0,14.9,15.4
2026-07-21 22:00:00,RJPN-008-2,RJPN-008,Band 3 (1800MHz),-83.8,-6.2,7.9,0.0,0.0,4.7
2026-07-21 22:00:00,RJPN-008-3,RJPN-008,Band 3 (1800MHz),-86.8,-8.1,14.1,0.0,0.0,47.0
2026-07-21 22:00:00,RJPN-009-1,RJPN-009,Band 1 (2100MHz),-80.7,-9.5,14.3,14.9,8.8,24.5
2026-07-21 22:00:00,RJPN-009-2,RJPN-009,Band 1 (2100MHz),-81.7,-11.5,9.0,3.3,0.0,26.5
2026-07-21 22:00:00,RJPN-009-3,RJPN-009,Band 1 (2100MHz),-90.8,-5.6,16.0,15.1,0.0,2.0
2026-07-21 22:00:00,RJPN-010-1,RJPN-010,Band 3 (1800MHz),-87.2,-9.6,11.1,6.0,12.6,0.0
2026-07-21 22:00:00,RJPN-010-2,RJPN-010,Band 3 (1800MHz),-85.3,-7.3,19.1,19.0,4.4,6.4
2026-07-21 22:00:00,RJPN-010-3,RJPN-010,Band 3 (1800MHz),-96.3,-10.6,-4.5,40.4,3.9,18.4
2026-07-21 22:00:00,RJPN-011-1,RJPN-011,Band 1 (2100MHz),-101.3,-13.2,2.7,12.0,5.5,3.7
2026-07-21 22:00:00,RJPN-011-2,RJPN-011,Band 1 (2100MHz),-86.8,-10.3,6.3,0.0,5.8,16.6
2026-07-21 22:00:00,RJPN-011-3,RJPN-011,Band 1 (2100MHz),-92.0,-10.1,7.0,29.1,3.0,35.4
2026-07-21 23:00:00,RJPN-001-1,RJPN-001,Band 1 (2100MHz),-80.8,-9.4,18.9,10.1,7.8,0.0
2026-07-21 23:00:00,RJPN-001-2,RJPN-001,Band 1 (2100MHz),-89.3,-9.3,14.5,18.7,5.0,38.5
2026-07-21 23:00:00,RJPN-001-3,RJPN-001,Band 1 (2100MHz),-91.8,-6.1,11.8,2.4,1.6,0.0
2026-07-21 23:00:00,RJPN-002-1,RJPN-002,Band 3 (1800MHz),-97.8,-10.3,10.4,17.2,10.0,28.3
2026-07-21 23:00:00,RJPN-002-2,RJPN-002,Band 3 (1800MHz),-82.2,-9.7,16.2,16.3,11.7,0.0
2026-07-21 23:00:00,RJPN-002-3,RJPN-002,Band 3 (1800MHz),-87.5,-7.2,9.9,15.1,4.0,39.6
2026-07-21 23:00:00,RJPN-003-1,RJPN-003,Band 1 (2100MHz),-87.5,-7.2,13.0,0.0,10.3,31.3
2026-07-21 23:00:00,RJPN-003-2,RJPN-003,Band 1 (2100MHz),-86.2,-6.1,14.5,14.3,0.4,0.0
2026-07-21 23:00:00,RJPN-003-3,RJPN-003,Band 1 (2100MHz),-90.0,-8.6,8.4,0.0,4.4,29.6
2026-07-21 23:00:00,RJPN-004-1,RJPN-004,Band 3 (1800MHz),-81.0,-9.2,18.9,0.0,3.4,0.0
2026-07-21 23:00:00,RJPN-004-2,RJPN-004,Band 3 (1800MHz),-88.8,-10.3,12.1,18.6,2.5,1.5
2026-07-21 23:00:00,RJPN-004-3,RJPN-004,Band 3 (1800MHz),-85.9,-7.1,5.1,19.1,1.1,26.4
2026-07-21 23:00:00,RJPN-005-1,RJPN-005,Band 1 (2100MHz),-92.7,-9.9,17.2,27.1,7.5,0.0
2026-07-21 23:00:00,RJPN-005-2,RJPN-005,Band 1 (2100MHz),-85.2,-7.5,22.8,0.0,8.7,10.8
2026-07-21 23:00:00,RJPN-005-3,RJPN-005,Band 1 (2100MHz),-84.5,-6.7,16.9,0.2,0.0,35.3
2026-07-21 23:00:00,RJPN-006-1,RJPN-006,Band 3 (1800MHz),-81.4,-5.4,14.1,1.4,8.5,0.0
2026-07-21 23:00:00,RJPN-006-2,RJPN-006,Band 3 (1800MHz),-87.8,-8.3,12.1,12.0,10.7,26.7
2026-07-21 23:00:00,RJPN-006-3,RJPN-006,Band 3 (1800MHz),-86.9,-8.4,14.9,0.0,0.7,0.3
2026-07-21 23:00:00,RJPN-007-1,RJPN-007,Band 1 (2100MHz),-81.4,-10.0,8.4,33.2,0.0,9.9
2026-07-21 23:00:00,RJPN-007-2,RJPN-007,Band 1 (2100MHz),-86.9,-9.3,12.5,4.4,5.0,36.4
2026-07-21 23:00:00,RJPN-007-3,RJPN-007,Band 1 (2100MHz),-84.1,-9.6,13.5,36.1,0.0,40.1
2026-07-21 23:00:00,RJPN-008-1,RJPN-008,Band 3 (1800MHz),-88.3,-8.5,13.8,7.6,0.0,1.2
2026-07-21 23:00:00,RJPN-008-2,RJPN-008,Band 3 (1800MHz),-93.4,-8.0,9.0,15.8,0.0,28.9
2026-07-21 23:00:00,RJPN-008-3,RJPN-008,Band 3 (1800MHz),-93.8,-10.1,17.7,3.1,0.0,41.0
2026-07-21 23:00:00,RJPN-009-1,RJPN-009,Band 1 (2100MHz),-94.5,-9.9,10.4,0.0,17.4,38.2
2026-07-21 23:00:00,RJPN-009-2,RJPN-009,Band 1 (2100MHz),-86.6,-5.8,13.1,1.7,11.3,0.0
2026-07-21 23:00:00,RJPN-009-3,RJPN-009,Band 1 (2100MHz),-86.8,-7.8,5.7,0.0,9.9,29.6
2026-07-21 23:00:00,RJPN-010-1,RJPN-010,Band 3 (1800MHz),-88.3,-10.5,11.6,7.7,10.6,18.6
2026-07-21 23:00:00,RJPN-010-2,RJPN-010,Band 3 (1800MHz),-93.0,-6.5,14.1,30.5,1.5,0.0
2026-07-21 23:00:00,RJPN-010-3,RJPN-010,Band 3 (1800MHz),-102.7,-13.4,0.8,11.6,11.7,38.4
2026-07-21 23:00:00,RJPN-011-1,RJPN-011,Band 1 (2100MHz),-101.8,-11.5,5.1,17.1,0.0,1.7
2026-07-21 23:00:00,RJPN-011-2,RJPN-011,Band 1 (2100MHz),-90.9,-6.1,17.9,14.7,14.4,23.5
2026-07-21 23:00:00,RJPN-011-3,RJPN-011,Band 1 (2100MHz),-86.1,-5.3,13.4,21.5,6.4,0.4
2026-07-22 00:00:00,RJPN-001-1,RJPN-001,Band 1 (2100MHz),-94.5,-9.9,13.3,18.5,21.2,0.1
2026-07-22 00:00:00,RJPN-001-2,RJPN-001,Band 1 (2100MHz),-87.1,-9.7,8.4,18.8,6.8,24.9
2026-07-22 00:00:00,RJPN-001-3,RJPN-001,Band 1 (2100MHz),-83.8,-8.1,8.8,0.0,0.0,20.7
2026-07-22 00:00:00,RJPN-002-1,RJPN-002,Band 3 (1800MHz),-95.2,-16.3,5.9,10.7,14.3,12.7
2026-07-22 00:00:00,RJPN-002-2,RJPN-002,Band 3 (1800MHz),-87.9,-4.0,12.2,10.9,0.0,14.9
2026-07-22 00:00:00,RJPN-002-3,RJPN-002,Band 3 (1800MHz),-87.9,-12.6,15.0,18.6,11.6,0.0
2026-07-22 00:00:00,RJPN-003-1,RJPN-003,Band 1 (2100MHz),-91.9,-6.9,6.0,11.0,0.0,0.0
2026-07-22 00:00:00,RJPN-003-2,RJPN-003,Band 1 (2100MHz),-88.0,-7.4,5.4,12.3,12.3,26.4
2026-07-22 00:00:00,RJPN-003-3,RJPN-003,Band 1 (2100MHz),-87.6,-5.6,15.3,10.7,6.5,23.7
2026-07-22 00:00:00,RJPN-004-1,RJPN-004,Band 3 (1800MHz),-85.2,-5.4,14.7,0.0,6.8,8.9
2026-07-22 00:00:00,RJPN-004-2,RJPN-004,Band 3 (1800MHz),-89.3,-8.2,7.7,12.9,7.4,0.0
2026-07-22 00:00:00,RJPN-004-3,RJPN-004,Band 3 (1800MHz),-87.3,-9.1,8.7,0.0,0.0,45.7
2026-07-22 00:00:00,RJPN-005-1,RJPN-005,Band 1 (2100MHz),-82.2,-10.3,5.0,0.0,15.7,34.6
2026-07-22 00:00:00,RJPN-005-2,RJPN-005,Band 1 (2100MHz),-87.3,-6.3,9.0,11.0,1.4,30.8
2026-07-22 00:00:00,RJPN-005-3,RJPN-005,Band 1 (2100MHz),-89.1,-6.2,8.6,29.2,5.6,11.3
2026-07-22 00:00:00,RJPN-006-1,RJPN-006,Band 3 (1800MHz),-84.4,-10.5,10.6,6.9,10.3,41.4
2026-07-22 00:00:00,RJPN-006-2,RJPN-006,Band 3 (1800MHz),-90.6,-7.9,8.2,19.5,0.0,18.5
2026-07-22 00:00:00,RJPN-006-3,RJPN-006,Band 3 (1800MHz),-84.9,-7.1,6.4,23.5,0.3,5.7
2026-07-22 00:00:00,RJPN-007-1,RJPN-007,Band 1 (2100MHz),-86.5,-7.0,9.0,0.0,11.8,28.2
2026-07-22 00:00:00,RJPN-007-2,RJPN-007,Band 1 (2100MHz),-87.6,-9.1,15.4,7.7,3.6,1.8
2026-07-22 00:00:00,RJPN-007-3,RJPN-007,Band 1 (2100MHz),-86.6,-5.2,7.4,14.7,6.3,36.7
2026-07-22 00:00:00,RJPN-008-1,RJPN-008,Band 3 (1800MHz),-84.3,-8.6,18.0,1.3,15.8,52.5
2026-07-22 00:00:00,RJPN-008-2,RJPN-008,Band 3 (1800MHz),-83.6,-5.9,11.3,2.4,0.0,12.3
2026-07-22 00:00:00,RJPN-008-3,RJPN-008,Band 3 (1800MHz),-87.1,-9.1,15.5,19.3,2.6,38.3
2026-07-22 00:00:00,RJPN-009-1,RJPN-009,Band 1 (2100MHz),-85.7,-5.0,15.9,20.5,0.0,17.4
2026-07-22 00:00:00,RJPN-009-2,RJPN-009,Band 1 (2100MHz),-99.4,-7.6,18.9,0.3,9.8,81.4
2026-07-22 00:00:00,RJPN-009-3,RJPN-009,Band 1 (2100MHz),-86.5,-7.2,15.7,1.4,25.8,20.7
2026-07-22 00:00:00,RJPN-010-1,RJPN-010,Band 3 (1800MHz),-86.0,-7.7,11.4,6.8,16.3,30.5
2026-07-22 00:00:00,RJPN-010-2,RJPN-010,Band 3 (1800MHz),-91.5,-10.1,16.4,27.6,16.8,49.4
2026-07-22 00:00:00,RJPN-010-3,RJPN-010,Band 3 (1800MHz),-92.0,-13.4,10.5,0.0,0.3,0.0
2026-07-22 00:00:00,RJPN-011-1,RJPN-011,Band 1 (2100MHz),-96.3,-11.3,2.1,8.0,8.4,36.4
2026-07-22 00:00:00,RJPN-011-2,RJPN-011,Band 1 (2100MHz),-85.8,-7.6,8.1,11.5,0.0,23.9
2026-07-22 00:00:00,RJPN-011-3,RJPN-011,Band 1 (2100MHz),-89.6,-9.8,15.2,3.2,3.5,46.4
2026-07-22 01:00:00,RJPN-001-1,RJPN-001,Band 1 (2100MHz),-85.3,-8.6,13.6,0.0,0.0,0.0
2026-07-22 01:00:00,RJPN-001-2,RJPN-001,Band 1 (2100MHz),-83.9,-7.7,13.8,0.0,2.4,26.3
2026-07-22 01:00:00,RJPN-001-3,RJPN-001,Band 1 (2100MHz),-79.4,-5.8,16.0,10.8,2.6,24.4
2026-07-22 01:00:00,RJPN-002-1,RJPN-002,Band 3 (1800MHz),-95.0,-12.1,2.6,0.0,0.0,25.3
2026-07-22 01:00:00,RJPN-002-2,RJPN-002,Band 3 (1800MHz),-89.0,-9.1,17.6,20.4,0.0,21.8
2026-07-22 01:00:00,RJPN-002-3,RJPN-002,Band 3 (1800MHz),-94.1,-6.3,11.1,24.7,6.4,39.3
2026-07-22 01:00:00,RJPN-003-1,RJPN-003,Band 1 (2100MHz),-91.1,-6.7,14.1,0.0,8.7,0.0
2026-07-22 01:00:00,RJPN-003-2,RJPN-003,Band 1 (2100MHz),-92.9,-6.8,9.5,0.0,12.5,0.0
2026-07-22 01:00:00,RJPN-003-3,RJPN-003,Band 1 (2100MHz),-84.9,-4.5,19.6,5.7,0.0,29.3
2026-07-22 01:00:00,RJPN-004-1,RJPN-004,Band 3 (1800MHz),-92.0,-9.3,12.9,0.0,8.1,50.9
2026-07-22 01:00:00,RJPN-004-2,RJPN-004,Band 3 (1800MHz),-92.1,-7.6,17.4,2.6,10.3,29.1
2026-07-22 01:00:00,RJPN-004-3,RJPN-004,Band 3 (1800MHz),-82.3,-9.6,13.9,13.3,13.3,25.4
2026-07-22 01:00:00,RJPN-005-1,RJPN-005,Band 1 (2100MHz),-85.4,-6.1,9.8,7.1,2.4,48.5
2026-07-22 01:00:00,RJPN-005-2,RJPN-005,Band 1 (2100MHz),-82.6,-6.3,5.5,28.7,12.4,14.0
2026-07-22 01:00:00,RJPN-005-3,RJPN-005,Band 1 (2100MHz),-83.0,-7.0,15.7,11.5,4.2,21.5
2026-07-22 01:00:00,RJPN-006-1,RJPN-006,Band 3 (1800MHz),-82.5,-8.2,12.7,19.0,0.0,0.0
2026-07-22 01:00:00,RJPN-006-2,RJPN-006,Band 3 (1800MHz),-77.3,-8.2,11.7,4.3,10.5,37.1
2026-07-22 01:00:00,RJPN-006-3,RJPN-006,Band 3 (1800MHz),-89.9,-8.2,9.4,4.6,3.8,15.4
2026-07-22 01:00:00,RJPN-007-1,RJPN-007,Band 1 (2100MHz),-91.1,-7.3,6.4,0.0,11.0,10.9
2026-07-22 01:00:00,RJPN-007-2,RJPN-007,Band 1 (2100MHz),-86.1,-9.1,14.1,27.2,0.0,93.0
2026-07-22 01:00:00,RJPN-007-3,RJPN-007,Band 1 (2100MHz),-83.5,-8.2,19.9,9.8,1.8,4.0
2026-07-22 01:00:00,RJPN-008-1,RJPN-008,Band 3 (1800MHz),-84.8,-7.7,10.4,5.0,15.2,34.9
2026-07-22 01:00:00,RJPN-008-2,RJPN-008,Band 3 (1800MHz),-87.4,-6.7,22.8,5.6,0.0,15.5
2026-07-22 01:00:00,RJPN-008-3,RJPN-008,Band 3 (1800MHz),-85.4,-10.2,20.9,17.0,7.6,41.5
2026-07-22 01:00:00,RJPN-009-1,RJPN-009,Band 1 (2100MHz),-91.8,-8.0,18.4,1.1,4.7,39.6
2026-07-22 01:00:00,RJPN-009-2,RJPN-009,Band 1 (2100MHz),-89.4,-8.8,15.9,9.5,13.0,0.0
2026-07-22 01:00:00,RJPN-009-3,RJPN-009,Band 1 (2100MHz),-92.5,-10.1,16.2,2.9,4.9,0.0
2026-07-22 01:00:00,RJPN-010-1,RJPN-010,Band 3 (1800MHz),-82.4,-9.2,6.5,4.9,16.3,51.4
2026-07-22 01:00:00,RJPN-010-2,RJPN-010,Band 3 (1800MHz),-87.4,-7.8,19.5,8.3,1.4,3.9
2026-07-22 01:00:00,RJPN-010-3,RJPN-010,Band 3 (1800MHz),-97.7,-10.6,0.7,16.7,3.7,0.0
2026-07-22 01:00:00,RJPN-011-1,RJPN-011,Band 1 (2100MHz),-101.8,-8.0,12.1,6.0,0.0,24.1
2026-07-22 01:00:00,RJPN-011-2,RJPN-011,Band 1 (2100MHz),-80.8,-6.3,12.7,4.9,0.0,38.7
2026-07-22 01:00:00,RJPN-011-3,RJPN-011,Band 1 (2100MHz),-92.8,-4.1,7.9,21.3,7.8,1.1
2026-07-22 02:00:00,RJPN-001-1,RJPN-001,Band 1 (2100MHz),-84.2,-7.1,16.3,0.0,6.9,0.0
2026-07-22 02:00:00,RJPN-001-2,RJPN-001,Band 1 (2100MHz),-83.4,-7.1,13.4,4.7,0.0,51.9
2026-07-22 02:00:00,RJPN-001-3,RJPN-001,Band 1 (2100MHz),-90.7,-6.0,14.5,8.0,0.0,0.0
2026-07-22 02:00:00,RJPN-002-1,RJPN-002,Band 3 (1800MHz),-100.8,-13.2,10.0,18.2,5.2,36.1
2026-07-22 02:00:00,RJPN-002-2,RJPN-002,Band 3 (1800MHz),-86.0,-7.6,19.0,17.1,3.9,24.0
2026-07-22 02:00:00,RJPN-002-3,RJPN-002,Band 3 (1800MHz),-85.5,-8.8,10.2,0.0,4.8,33.0
2026-07-22 02:00:00,RJPN-003-1,RJPN-003,Band 1 (2100MHz),-83.1,-11.0,10.9,0.0,0.0,14.1
2026-07-22 02:00:00,RJPN-003-2,RJPN-003,Band 1 (2100MHz),-88.5,-5.2,8.5,6.7,0.0,16.1
2026-07-22 02:00:00,RJPN-003-3,RJPN-003,Band 1 (2100MHz),-92.7,-9.9,18.1,2.0,0.0,40.9
2026-07-22 02:00:00,RJPN-004-1,RJPN-004,Band 3 (1800MHz),-85.5,-5.6,10.3,27.6,11.3,31.7
2026-07-22 02:00:00,RJPN-004-2,RJPN-004,Band 3 (1800MHz),-84.4,-10.4,12.7,2.2,23.8,0.0
2026-07-22 02:00:00,RJPN-004-3,RJPN-004,Band 3 (1800MHz),-86.2,-8.5,18.4,22.0,18.3,10.8
2026-07-22 02:00:00,RJPN-005-1,RJPN-005,Band 1 (2100MHz),-84.8,-9.9,15.3,18.6,2.0,0.0
2026-07-22 02:00:00,RJPN-005-2,RJPN-005,Band 1 (2100MHz),-84.8,-6.5,13.3,13.6,12.5,0.0
2026-07-22 02:00:00,RJPN-005-3,RJPN-005,Band 1 (2100MHz),-82.4,-6.9,6.9,5.9,3.5,16.9
2026-07-22 02:00:00,RJPN-006-1,RJPN-006,Band 3 (1800MHz),-89.8,-7.9,9.6,0.0,4.0,0.0
2026-07-22 02:00:00,RJPN-006-2,RJPN-006,Band 3 (1800MHz),-92.7,-7.5,7.1,0.0,7.7,17.3
2026-07-22 02:00:00,RJPN-006-3,RJPN-006,Band 3 (1800MHz),-88.4,-6.2,21.3,12.8,3.4,0.0
2026-07-22 02:00:00,RJPN-007-1,RJPN-007,Band 1 (2100MHz),-78.0,-7.6,7.0,3.4,0.0,0.0
2026-07-22 02:00:00,RJPN-007-2,RJPN-007,Band 1 (2100MHz),-79.8,-11.8,15.4,0.0,10.3,19.1
2026-07-22 02:00:00,RJPN-007-3,RJPN-007,Band 1 (2100MHz),-86.6,-7.8,2.2,0.0,13.7,0.0
2026-07-22 02:00:00,RJPN-008-1,RJPN-008,Band 3 (1800MHz),-96.7,-10.4,7.2,5.1,5.4,2.4
2026-07-22 02:00:00,RJPN-008-2,RJPN-008,Band 3 (1800MHz),-83.6,-9.3,15.2,24.2,6.1,39.3
2026-07-22 02:00:00,RJPN-008-3,RJPN-008,Band 3 (1800MHz),-83.7,-8.9,18.4,3.5,0.0,0.0
2026-07-22 02:00:00,RJPN-009-1,RJPN-009,Band 1 (2100MHz),-81.4,-9.1,12.5,8.0,0.0,53.5
2026-07-22 02:00:00,RJPN-009-2,RJPN-009,Band 1 (2100MHz),-82.7,-7.9,9.1,0.0,12.9,33.5
2026-07-22 02:00:00,RJPN-009-3,RJPN-009,Band 1 (2100MHz),-84.0,-4.3,12.5,0.0,10.2,0.0
2026-07-22 02:00:00,RJPN-010-1,RJPN-010,Band 3 (1800MHz),-88.5,-7.5,12.6,0.0,0.0,9.8
2026-07-22 02:00:00,RJPN-010-2,RJPN-010,Band 3 (1800MHz),-83.9,-9.5,6.0,4.7,23.8,10.5
2026-07-22 02:00:00,RJPN-010-3,RJPN-010,Band 3 (1800MHz),-95.7,-8.2,12.1,9.0,0.0,36.5
2026-07-22 02:00:00,RJPN-011-1,RJPN-011,Band 1 (2100MHz),-103.7,-9.2,4.2,3.5,0.0,51.6
2026-07-22 02:00:00,RJPN-011-2,RJPN-011,Band 1 (2100MHz),-99.5,-9.3,12.5,0.0,15.8,5.6
2026-07-22 02:00:00,RJPN-011-3,RJPN-011,Band 1 (2100MHz),-84.1,-7.2,13.3,0.0,0.0,26.7
2026-07-22 03:00:00,RJPN-001-1,RJPN-001,Band 1 (2100MHz),-90.3,-7.4,24.3,0.0,0.0,4.2
2026-07-22 03:00:00,RJPN-001-2,RJPN-001,Band 1 (2100MHz),-90.6,-9.7,4.8,0.0,5.0,27.2
2026-07-22 03:00:00,RJPN-001-3,RJPN-001,Band 1 (2100MHz),-86.8,-8.7,11.8,25.8,6.2,0.0
2026-07-22 03:00:00,RJPN-002-1,RJPN-002,Band 3 (1800MHz),-105.4,-10.9,11.4,16.8,6.0,15.5
2026-07-22 03:00:00,RJPN-002-2,RJPN-002,Band 3 (1800MHz),-78.9,-5.9,20.5,4.4,2.9,0.0
2026-07-22 03:00:00,RJPN-002-3,RJPN-002,Band 3 (1800MHz),-88.7,-11.0,16.0,23.3,12.2,28.5
2026-07-22 03:00:00,RJPN-003-1,RJPN-003,Band 1 (2100MHz),-85.9,-11.7,11.2,27.0,13.8,0.0
2026-07-22 03:00:00,RJPN-003-2,RJPN-003,Band 1 (2100MHz),-82.8,-4.6,15.8,0.0,0.0,22.7
2026-07-22 03:00:00,RJPN-003-3,RJPN-003,Band 1 (2100MHz),-84.2,-7.9,20.5,11.9,0.0,3.6
2026-07-22 03:00:00,RJPN-004-1,RJPN-004,Band 3 (1800MHz),-82.5,-6.8,5.7,15.6,0.0,29.1
2026-07-22 03:00:00,RJPN-004-2,RJPN-004,Band 3 (1800MHz),-86.4,-8.0,19.5,19.0,12.5,18.2
2026-07-22 03:00:00,RJPN-004-3,RJPN-004,Band 3 (1800MHz),-79.4,-7.7,7.3,3.5,0.0,35.2
2026-07-22 03:00:00,RJPN-005-1,RJPN-005,Band 1 (2100MHz),-87.9,-4.3,22.2,7.2,25.2,4.8
2026-07-22 03:00:00,RJPN-005-2,RJPN-005,Band 1 (2100MHz),-84.7,-4.6,18.7,15.8,0.0,11.1
2026-07-22 03:00:00,RJPN-005-3,RJPN-005,Band 1 (2100MHz),-89.7,-7.7,3.8,10.9,5.1,7.6
2026-07-22 03:00:00,RJPN-006-1,RJPN-006,Band 3 (1800MHz),-85.6,-5.0,19.7,7.5,21.3,0.0
2026-07-22 03:00:00,RJPN-006-2,RJPN-006,Band 3 (1800MHz),-81.1,-8.7,18.1,8.5,15.0,2.5
2026-07-22 03:00:00,RJPN-006-3,RJPN-006,Band 3 (1800MHz),-92.6,-4.4,14.8,24.7,0.0,41.0
2026-07-22 03:00:00,RJPN-007-1,RJPN-007,Band 1 (2100MHz),-88.8,-8.1,13.0,18.6,13.2,0.0
2026-07-22 03:00:00,RJPN-007-2,RJPN-007,Band 1 (2100MHz),-93.4,-8.9,6.6,10.5,16.5,12.2
2026-07-22 03:00:00,RJPN-007-3,RJPN-007,Band 1 (2100MHz),-89.8,-6.3,9.9,9.3,10.5,31.3
2026-07-22 03:00:00,RJPN-008-1,RJPN-008,Band 3 (1800MHz),-87.4,-6.5,18.5,15.7,11.0,2.9
2026-07-22 03:00:00,RJPN-008-2,RJPN-008,Band 3 (1800MHz),-88.3,-7.1,19.3,24.0,1.8,41.1
2026-07-22 03:00:00,RJPN-008-3,RJPN-008,Band 3 (1800MHz),-89.7,-8.6,10.6,11.0,0.0,0.0
2026-07-22 03:00:00,RJPN-009-1,RJPN-009,Band 1 (2100MHz),-87.4,-9.3,12.0,20.7,8.2,5.8
2026-07-22 03:00:00,RJPN-009-2,RJPN-009,Band 1 (2100MHz),-84.0,-9.7,10.4,16.5,10.2,37.4
2026-07-22 03:00:00,RJPN-009-3,RJPN-009,Band 1 (2100MHz),-93.4,-7.6,17.9,0.9,0.0,47.9
2026-07-22 03:00:00,RJPN-010-1,RJPN-010,Band 3 (1800MHz),-86.6,-8.6,17.4,0.0,0.0,8.9
2026-07-22 03:00:00,RJPN-010-2,RJPN-010,Band 3 (1800MHz),-90.4,-10.2,18.9,13.1,0.0,0.0
2026-07-22 03:00:00,RJPN-010-3,RJPN-010,Band 3 (1800MHz),-100.0,-14.4,8.0,18.8,9.2,0.0
2026-07-22 03:00:00,RJPN-011-1,RJPN-011,Band 1 (2100MHz),-95.3,-11.5,3.2,0.0,22.5,0.0
2026-07-22 03:00:00,RJPN-011-2,RJPN-011,Band 1 (2100MHz),-82.2,-7.6,10.0,11.6,8.3,41.3
2026-07-22 03:00:00,RJPN-011-3,RJPN-011,Band 1 (2100MHz),-88.7,-6.5,18.4,11.7,7.8,19.0
2026-07-22 04:00:00,RJPN-001-1,RJPN-001,Band 1 (2100MHz),-79.7,-5.6,18.1,4.0,17.6,0.0
2026-07-22 04:00:00,RJPN-001-2,RJPN-001,Band 1 (2100MHz),-87.2,-5.4,13.9,14.1,10.3,17.4
2026-07-22 04:00:00,RJPN-001-3,RJPN-001,Band 1 (2100MHz),-85.9,-7.9,16.2,10.6,0.0,29.3
2026-07-22 04:00:00,RJPN-002-1,RJPN-002,Band 3 (1800MHz),-103.9,-10.6,-1.8,6.5,0.0,5.8
2026-07-22 04:00:00,RJPN-002-2,RJPN-002,Band 3 (1800MHz),-84.5,-10.3,6.3,16.2,5.4,0.0
2026-07-22 04:00:00,RJPN-002-3,RJPN-002,Band 3 (1800MHz),-83.5,-9.2,11.1,0.5,3.3,49.7
2026-07-22 04:00:00,RJPN-003-1,RJPN-003,Band 1 (2100MHz),-89.0,-8.8,14.0,23.0,8.2,32.7
2026-07-22 04:00:00,RJPN-003-2,RJPN-003,Band 1 (2100MHz),-93.4,-8.6,12.3,16.7,2.1,2.5
2026-07-22 04:00:00,RJPN-003-3,RJPN-003,Band 1 (2100MHz),-85.8,-7.1,18.5,20.2,1.5,7.5
2026-07-22 04:00:00,RJPN-004-1,RJPN-004,Band 3 (1800MHz),-87.6,-9.9,21.7,4.2,2.0,49.3
2026-07-22 04:00:00,RJPN-004-2,RJPN-004,Band 3 (1800MHz),-94.2,-9.5,14.8,9.8,0.8,25.7
2026-07-22 04:00:00,RJPN-004-3,RJPN-004,Band 3 (1800MHz),-94.4,-5.7,17.9,22.3,10.1,5.8
2026-07-22 04:00:00,RJPN-005-1,RJPN-005,Band 1 (2100MHz),-77.3,-7.8,6.5,8.6,15.6,38.1
2026-07-22 04:00:00,RJPN-005-2,RJPN-005,Band 1 (2100MHz),-92.6,-4.9,5.4,13.1,12.3,22.9
2026-07-22 04:00:00,RJPN-005-3,RJPN-005,Band 1 (2100MHz),-88.4,-5.8,12.8,0.0,6.2,36.0
2026-07-22 04:00:00,RJPN-006-1,RJPN-006,Band 3 (1800MHz),-90.1,-5.7,17.0,0.0,7.3,28.9
2026-07-22 04:00:00,RJPN-006-2,RJPN-006,Band 3 (1800MHz),-89.6,-10.0,15.4,0.0,6.0,0.0
2026-07-22 04:00:00,RJPN-006-3,RJPN-006,Band 3 (1800MHz),-90.0,-9.6,5.0,21.0,0.0,49.2
2026-07-22 04:00:00,RJPN-007-1,RJPN-007,Band 1 (2100MHz),-96.8,-7.3,19.1,25.8,0.0,34.6
2026-07-22 04:00:00,RJPN-007-2,RJPN-007,Band 1 (2100MHz),-89.2,-6.0,15.5,17.3,0.9,13.4
2026-07-22 04:00:00,RJPN-007-3,RJPN-007,Band 1 (2100MHz),-92.4,-9.4,9.9,4.5,0.0,1.9
2026-07-22 04:00:00,RJPN-008-1,RJPN-008,Band 3 (1800MHz),-91.7,-6.8,19.1,18.5,2.3,28.5
2026-07-22 04:00:00,RJPN-008-2,RJPN-008,Band 3 (1800MHz),-92.0,-8.3,24.9,0.0,0.0,13.9
2026-07-22 04:00:00,RJPN-008-3,RJPN-008,Band 3 (1800MHz),-89.8,-5.5,13.3,16.3,12.3,0.0
2026-07-22 04:00:00,RJPN-009-1,RJPN-009,Band 1 (2100MHz),-90.0,-13.5,13.6,0.0,18.6,0.0
2026-07-22 04:00:00,RJPN-009-2,RJPN-009,Band 1 (2100MHz),-100.7,-5.3,14.5,31.2,0.0,30.0
2026-07-22 04:00:00,RJPN-009-3,RJPN-009,Band 1 (2100MHz),-89.5,-9.2,17.8,0.3,0.0,26.9
2026-07-22 04:00:00,RJPN-010-1,RJPN-010,Band 3 (1800MHz),-82.5,-6.8,5.6,26.5,0.0,8.8
2026-07-22 04:00:00,RJPN-010-2,RJPN-010,Band 3 (1800MHz),-88.4,-9.0,18.4,0.0,20.5,9.1
2026-07-22 04:00:00,RJPN-010-3,RJPN-010,Band 3 (1800MHz),-104.0,-12.2,4.7,28.5,0.0,15.1
2026-07-22 04:00:00,RJPN-011-1,RJPN-011,Band 1 (2100MHz),-102.7,-12.4,-10.0,0.0,12.0,9.1
2026-07-22 04:00:00,RJPN-011-2,RJPN-011,Band 1 (2100MHz),-83.8,-10.8,18.1,26.0,2.0,14.9
2026-07-22 04:00:00,RJPN-011-3,RJPN-011,Band 1 (2100MHz),-85.8,-9.5,14.1,16.8,0.0,0.0
2026-07-22 05:00:00,RJPN-001-1,RJPN-001,Band 1 (2100MHz),-86.2,-6.9,21.0,15.9,1.0,53.9
2026-07-22 05:00:00,RJPN-001-2,RJPN-001,Band 1 (2100MHz),-83.8,-4.9,12.2,0.0,0.0,10.7
2026-07-22 05:00:00,RJPN-001-3,RJPN-001,Band 1 (2100MHz),-85.9,-6.3,10.4,0.0,0.0,66.7
2026-07-22 05:00:00,RJPN-002-1,RJPN-002,Band 3 (1800MHz),-100.3,-10.9,4.9,0.0,0.0,4.8
2026-07-22 05:00:00,RJPN-002-2,RJPN-002,Band 3 (1800MHz),-86.6,-6.8,20.3,11.3,0.0,9.2
2026-07-22 05:00:00,RJPN-002-3,RJPN-002,Band 3 (1800MHz),-85.6,-8.1,7.7,4.9,5.2,8.0
2026-07-22 05:00:00,RJPN-003-1,RJPN-003,Band 1 (2100MHz),-85.0,-9.0,14.4,13.7,5.4,31.6
2026-07-22 05:00:00,RJPN-003-2,RJPN-003,Band 1 (2100MHz),-84.9,-7.1,8.9,1.7,16.5,73.4
2026-07-22 05:00:00,RJPN-003-3,RJPN-003,Band 1 (2100MHz),-87.5,-7.8,12.1,7.0,6.4,36.5
2026-07-22 05:00:00,RJPN-004-1,RJPN-004,Band 3 (1800MHz),-93.2,-9.2,9.4,6.7,9.5,23.9
2026-07-22 05:00:00,RJPN-004-2,RJPN-004,Band 3 (1800MHz),-87.1,-9.7,8.2,19.8,2.6,38.1
2026-07-22 05:00:00,RJPN-004-3,RJPN-004,Band 3 (1800MHz),-91.7,-6.9,15.3,9.6,9.7,34.9
2026-07-22 05:00:00,RJPN-005-1,RJPN-005,Band 1 (2100MHz),-90.2,-6.9,14.3,0.2,0.0,7.8
2026-07-22 05:00:00,RJPN-005-2,RJPN-005,Band 1 (2100MHz),-92.9,-6.6,13.6,0.0,10.8,60.4
2026-07-22 05:00:00,RJPN-005-3,RJPN-005,Band 1 (2100MHz),-89.2,-10.5,14.8,0.0,7.4,12.3
2026-07-22 05:00:00,RJPN-006-1,RJPN-006,Band 3 (1800MHz),-86.8,-9.7,7.2,13.4,3.1,2.5
2026-07-22 05:00:00,RJPN-006-2,RJPN-006,Band 3 (1800MHz),-88.6,-9.7,4.5,0.0,0.0,28.6
2026-07-22 05:00:00,RJPN-006-3,RJPN-006,Band 3 (1800MHz),-87.5,-5.7,15.3,9.8,5.1,2.0
2026-07-22 05:00:00,RJPN-007-1,RJPN-007,Band 1 (2100MHz),-88.9,-8.3,14.8,0.0,6.0,0.0
2026-07-22 05:00:00,RJPN-007-2,RJPN-007,Band 1 (2100MHz),-85.1,-8.8,16.3,1.1,8.3,21.2
2026-07-22 05:00:00,RJPN-007-3,RJPN-007,Band 1 (2100MHz),-84.5,-7.8,8.1,10.4,3.5,0.0
2026-07-22 05:00:00,RJPN-008-1,RJPN-008,Band 3 (1800MHz),-85.5,-6.0,3.6,31.6,0.0,51.2
2026-07-22 05:00:00,RJPN-008-2,RJPN-008,Band 3 (1800MHz),-91.6,-12.3,24.3,19.4,13.3,46.7
2026-07-22 05:00:00,RJPN-008-3,RJPN-008,Band 3 (1800MHz),-87.0,-5.4,17.6,26.7,0.0,13.5
2026-07-22 05:00:00,RJPN-009-1,RJPN-009,Band 1 (2100MHz),-90.8,-10.3,23.5,10.4,0.0,0.0
2026-07-22 05:00:00,RJPN-009-2,RJPN-009,Band 1 (2100MHz),-85.7,-8.4,21.8,20.1,15.2,0.0
2026-07-22 05:00:00,RJPN-009-3,RJPN-009,Band 1 (2100MHz),-83.6,-6.5,15.5,28.2,2.7,22.9
2026-07-22 05:00:00,RJPN-010-1,RJPN-010,Band 3 (1800MHz),-95.3,-7.1,15.7,18.3,5.1,13.1
2026-07-22 05:00:00,RJPN-010-2,RJPN-010,Band 3 (1800MHz),-86.3,-8.5,9.3,6.9,7.3,46.0
2026-07-22 05:00:00,RJPN-010-3,RJPN-010,Band 3 (1800MHz),-96.2,-11.3,14.7,18.0,18.6,16.1
2026-07-22 05:00:00,RJPN-011-1,RJPN-011,Band 1 (2100MHz),-96.3,-10.7,3.7,14.0,6.6,27.1
2026-07-22 05:00:00,RJPN-011-2,RJPN-011,Band 1 (2100MHz),-82.8,-9.4,15.5,23.3,1.2,35.5
2026-07-22 05:00:00,RJPN-011-3,RJPN-011,Band 1 (2100MHz),-82.4,-9.0,13.4,0.0,10.8,52.1
2026-07-22 06:00:00,RJPN-001-1,RJPN-001,Band 1 (2100MHz),-89.9,-10.6,9.7,6.1,0.0,46.7
2026-07-22 06:00:00,RJPN-001-2,RJPN-001,Band 1 (2100MHz),-90.4,-11.0,20.3,25.7,0.0,15.7
2026-07-22 06:00:00,RJPN-001-3,RJPN-001,Band 1 (2100MHz),-81.1,-9.6,7.5,19.2,6.8,55.4
2026-07-22 06:00:00,RJPN-002-1,RJPN-002,Band 3 (1800MHz),-99.6,-9.7,6.0,22.2,15.8,34.1
2026-07-22 06:00:00,RJPN-002-2,RJPN-002,Band 3 (1800MHz),-80.4,-7.5,12.5,14.5,0.0,19.7
2026-07-22 06:00:00,RJPN-002-3,RJPN-002,Band 3 (1800MHz),-89.4,-8.6,0.9,13.0,8.3,45.6
2026-07-22 06:00:00,RJPN-003-1,RJPN-003,Band 1 (2100MHz),-92.1,-10.1,4.1,19.9,0.0,5.6
2026-07-22 06:00:00,RJPN-003-2,RJPN-003,Band 1 (2100MHz),-88.4,-12.2,16.7,34.2,0.0,40.2
2026-07-22 06:00:00,RJPN-003-3,RJPN-003,Band 1 (2100MHz),-87.8,-8.4,9.9,15.3,0.0,57.8
2026-07-22 06:00:00,RJPN-004-1,RJPN-004,Band 3 (1800MHz),-76.0,-9.5,19.8,36.3,16.9,9.4
2026-07-22 06:00:00,RJPN-004-2,RJPN-004,Band 3 (1800MHz),-89.5,-7.9,14.6,14.9,27.6,28.1
2026-07-22 06:00:00,RJPN-004-3,RJPN-004,Band 3 (1800MHz),-81.7,-9.7,16.2,12.0,5.7,29.1
2026-07-22 06:00:00,RJPN-005-1,RJPN-005,Band 1 (2100MHz),-84.8,-6.6,17.6,0.1,10.4,42.3
2026-07-22 06:00:00,RJPN-005-2,RJPN-005,Band 1 (2100MHz),-91.7,-11.0,19.8,19.2,6.8,17.1
2026-07-22 06:00:00,RJPN-005-3,RJPN-005,Band 1 (2100MHz),-87.9,-7.5,10.2,16.5,19.3,25.5
2026-07-22 06:00:00,RJPN-006-1,RJPN-006,Band 3 (1800MHz),-85.2,-9.6,12.8,16.7,19.5,64.9
2026-07-22 06:00:00,RJPN-006-2,RJPN-006,Band 3 (1800MHz),-86.1,-7.5,10.7,10.6,5.8,43.8
2026-07-22 06:00:00,RJPN-006-3,RJPN-006,Band 3 (1800MHz),-86.2,-7.6,13.0,27.7,11.4,14.6
2026-07-22 06:00:00,RJPN-007-1,RJPN-007,Band 1 (2100MHz),-87.4,-8.2,13.7,31.9,19.2,13.8
2026-07-22 06:00:00,RJPN-007-2,RJPN-007,Band 1 (2100MHz),-91.0,-12.4,16.5,23.7,7.1,59.9
2026-07-22 06:00:00,RJPN-007-3,RJPN-007,Band 1 (2100MHz),-88.1,-8.7,7.1,11.7,17.6,18.8
2026-07-22 06:00:00,RJPN-008-1,RJPN-008,Band 3 (1800MHz),-82.6,-6.6,6.9,27.8,25.3,1.5
2026-07-22 06:00:00,RJPN-008-2,RJPN-008,Band 3 (1800MHz),-76.2,-9.5,18.4,27.5,13.1,20.2
2026-07-22 06:00:00,RJPN-008-3,RJPN-008,Band 3 (1800MHz),-88.5,-12.1,7.9,17.7,19.7,35.5
2026-07-22 06:00:00,RJPN-009-1,RJPN-009,Band 1 (2100MHz),-86.8,-8.3,9.5,1.8,13.2,34.4
2026-07-22 06:00:00,RJPN-009-2,RJPN-009,Band 1 (2100MHz),-82.3,-10.2,15.4,19.1,7.0,28.6
2026-07-22 06:00:00,RJPN-009-3,RJPN-009,Band 1 (2100MHz),-84.3,-7.5,10.3,24.0,15.2,0.0
2026-07-22 06:00:00,RJPN-010-1,RJPN-010,Band 3 (1800MHz),-89.4,-5.1,14.3,0.0,15.3,21.9
2026-07-22 06:00:00,RJPN-010-2,RJPN-010,Band 3 (1800MHz),-91.7,-7.0,14.4,11.7,13.7,13.1
2026-07-22 06:00:00,RJPN-010-3,RJPN-010,Band 3 (1800MHz),-101.3,-13.0,2.9,14.9,22.7,25.2
2026-07-22 06:00:00,RJPN-011-1,RJPN-011,Band 1 (2100MHz),-101.8,-10.8,7.5,29.0,9.3,42.3
2026-07-22 06:00:00,RJPN-011-2,RJPN-011,Band 1 (2100MHz),-86.2,-10.4,16.8,31.1,8.6,18.1
2026-07-22 06:00:00,RJPN-011-3,RJPN-011,Band 1 (2100MHz),-86.0,-9.0,17.4,7.2,14.8,16.5
2026-07-22 07:00:00,RJPN-001-1,RJPN-001,Band 1 (2100MHz),-83.5,-8.1,13.1,46.3,42.9,72.2
2026-07-22 07:00:00,RJPN-001-2,RJPN-001,Band 1 (2100MHz),-80.9,-9.3,15.6,51.7,54.4,126.7
2026-07-22 07:00:00,RJPN-001-3,RJPN-001,Band 1 (2100MHz),-87.7,-13.6,12.7,51.2,29.2,42.3
2026-07-22 07:00:00,RJPN-002-1,RJPN-002,Band 3 (1800MHz),-102.1,-18.2,12.6,71.7,25.5,68.2
2026-07-22 07:00:00,RJPN-002-2,RJPN-002,Band 3 (1800MHz),-95.4,-8.8,13.0,56.6,34.1,113.1
2026-07-22 07:00:00,RJPN-002-3,RJPN-002,Band 3 (1800MHz),-84.4,-12.6,18.8,68.2,31.5,57.8
2026-07-22 07:00:00,RJPN-003-1,RJPN-003,Band 1 (2100MHz),-92.7,-7.8,17.7,46.7,24.2,84.8
2026-07-22 07:00:00,RJPN-003-2,RJPN-003,Band 1 (2100MHz),-83.8,-9.8,21.5,56.6,23.7,85.4
2026-07-22 07:00:00,RJPN-003-3,RJPN-003,Band 1 (2100MHz),-90.3,-12.7,8.1,64.1,17.4,78.3
2026-07-22 07:00:00,RJPN-004-1,RJPN-004,Band 3 (1800MHz),-84.2,-9.9,15.1,32.9,38.5,88.8
2026-07-22 07:00:00,RJPN-004-2,RJPN-004,Band 3 (1800MHz),-89.7,-12.6,9.3,42.5,18.4,104.0
2026-07-22 07:00:00,RJPN-004-3,RJPN-004,Band 3 (1800MHz),-82.3,-12.3,9.6,62.2,46.0,103.2
2026-07-22 07:00:00,RJPN-005-1,RJPN-005,Band 1 (2100MHz),-89.0,-9.9,-0.3,51.5,23.5,125.9
2026-07-22 07:00:00,RJPN-005-2,RJPN-005,Band 1 (2100MHz),-86.1,-9.2,18.5,60.6,36.4,40.3
2026-07-22 07:00:00,RJPN-005-3,RJPN-005,Band 1 (2100MHz),-79.8,-9.4,14.5,43.2,21.6,110.4
2026-07-22 07:00:00,RJPN-006-1,RJPN-006,Band 3 (1800MHz),-83.1,-9.0,16.2,23.1,30.0,80.8
2026-07-22 07:00:00,RJPN-006-2,RJPN-006,Band 3 (1800MHz),-89.8,-10.4,14.4,69.9,25.8,108.0
2026-07-22 07:00:00,RJPN-006-3,RJPN-006,Band 3 (1800MHz),-89.6,-10.7,10.6,56.6,47.1,105.9
2026-07-22 07:00:00,RJPN-007-1,RJPN-007,Band 1 (2100MHz),-81.2,-9.4,16.3,45.7,30.5,80.1
2026-07-22 07:00:00,RJPN-007-2,RJPN-007,Band 1 (2100MHz),-87.5,-11.9,13.9,53.5,26.7,106.8
2026-07-22 07:00:00,RJPN-007-3,RJPN-007,Band 1 (2100MHz),-88.0,-10.4,20.5,50.5,35.6,94.3
2026-07-22 07:00:00,RJPN-008-1,RJPN-008,Band 3 (1800MHz),-86.7,-13.4,8.0,76.4,32.5,91.7
2026-07-22 07:00:00,RJPN-008-2,RJPN-008,Band 3 (1800MHz),-89.7,-12.7,13.4,65.5,37.9,87.6
2026-07-22 07:00:00,RJPN-008-3,RJPN-008,Band 3 (1800MHz),-87.3,-15.0,11.0,30.0,27.9,92.7
2026-07-22 07:00:00,RJPN-009-1,RJPN-009,Band 1 (2100MHz),-87.1,-11.2,23.6,61.3,17.1,79.4
2026-07-22 07:00:00,RJPN-009-2,RJPN-009,Band 1 (2100MHz),-89.2,-10.0,13.4,66.3,39.3,70.5
2026-07-22 07:00:00,RJPN-009-3,RJPN-009,Band 1 (2100MHz),-87.4,-9.9,11.5,79.6,34.4,65.4
2026-07-22 07:00:00,RJPN-010-1,RJPN-010,Band 3 (1800MHz),-79.1,-9.1,13.5,30.5,33.8,58.0
2026-07-22 07:00:00,RJPN-010-2,RJPN-010,Band 3 (1800MHz),-91.2,-10.7,9.6,63.2,29.8,101.3
2026-07-22 07:00:00,RJPN-010-3,RJPN-010,Band 3 (1800MHz),-101.4,-14.1,-5.3,64.7,14.2,117.0
2026-07-22 07:00:00,RJPN-011-1,RJPN-011,Band 1 (2100MHz),-96.4,-13.2,-1.3,80.3,32.3,124.1
2026-07-22 07:00:00,RJPN-011-2,RJPN-011,Band 1 (2100MHz),-83.5,-6.4,12.9,70.2,35.1,116.1
2026-07-22 07:00:00,RJPN-011-3,RJPN-011,Band 1 (2100MHz),-88.8,-11.9,25.8,61.2,40.1,110.8
2026-07-22 08:00:00,RJPN-001-1,RJPN-001,Band 1 (2100MHz),-90.7,-10.4,14.8,81.7,52.6,97.4
2026-07-22 08:00:00,RJPN-001-2,RJPN-001,Band 1 (2100MHz),-82.6,-13.7,13.1,64.2,38.0,115.8
2026-07-22 08:00:00,RJPN-001-3,RJPN-001,Band 1 (2100MHz),-88.6,-13.4,14.6,72.0,43.3,126.0
2026-07-22 08:00:00,RJPN-002-1,RJPN-002,Band 3 (1800MHz),-95.2,-14.8,-0.1,84.9,41.6,140.6
2026-07-22 08:00:00,RJPN-002-2,RJPN-002,Band 3 (1800MHz),-94.9,-11.5,7.7,70.0,33.6,110.9
2026-07-22 08:00:00,RJPN-002-3,RJPN-002,Band 3 (1800MHz),-87.0,-7.7,11.9,73.3,38.3,146.3
2026-07-22 08:00:00,RJPN-003-1,RJPN-003,Band 1 (2100MHz),-84.2,-8.7,11.7,67.6,19.6,98.0
2026-07-22 08:00:00,RJPN-003-2,RJPN-003,Band 1 (2100MHz),-81.5,-11.8,8.5,77.3,47.0,117.7
2026-07-22 08:00:00,RJPN-003-3,RJPN-003,Band 1 (2100MHz),-91.9,-12.1,10.6,59.2,47.1,120.5
2026-07-22 08:00:00,RJPN-004-1,RJPN-004,Band 3 (1800MHz),-91.2,-7.5,17.1,70.5,39.1,89.4
2026-07-22 08:00:00,RJPN-004-2,RJPN-004,Band 3 (1800MHz),-86.4,-14.2,14.5,72.3,22.7,164.9
2026-07-22 08:00:00,RJPN-004-3,RJPN-004,Band 3 (1800MHz),-91.9,-9.2,23.2,100.0,38.3,115.6
2026-07-22 08:00:00,RJPN-005-1,RJPN-005,Band 1 (2100MHz),-83.2,-13.2,8.5,86.4,48.3,145.0
2026-07-22 08:00:00,RJPN-005-2,RJPN-005,Band 1 (2100MHz),-82.5,-12.7,18.3,85.4,40.8,87.5
2026-07-22 08:00:00,RJPN-005-3,RJPN-005,Band 1 (2100MHz),-80.7,-13.2,11.0,77.2,68.0,135.3
2026-07-22 08:00:00,RJPN-006-1,RJPN-006,Band 3 (1800MHz),-88.0,-10.8,14.2,69.3,38.5,108.1
2026-07-22 08:00:00,RJPN-006-2,RJPN-006,Band 3 (1800MHz),-87.1,-13.5,8.1,79.9,32.6,99.9
2026-07-22 08:00:00,RJPN-006-3,RJPN-006,Band 3 (1800MHz),-86.3,-13.3,9.4,100.0,46.8,113.4
2026-07-22 08:00:00,RJPN-007-1,RJPN-007,Band 1 (2100MHz),-89.8,-11.4,20.1,66.2,33.5,145.1
2026-07-22 08:00:00,RJPN-007-2,RJPN-007,Band 1 (2100MHz),-85.4,-11.2,17.1,62.5,44.0,110.0
2026-07-22 08:00:00,RJPN-007-3,RJPN-007,Band 1 (2100MHz),-91.5,-10.8,3.0,72.4,37.9,147.4
2026-07-22 08:00:00,RJPN-008-1,RJPN-008,Band 3 (1800MHz),-88.8,-12.8,14.1,65.4,38.1,122.7
2026-07-22 08:00:00,RJPN-008-2,RJPN-008,Band 3 (1800MHz),-83.7,-11.0,7.1,67.6,58.0,148.4
2026-07-22 08:00:00,RJPN-008-3,RJPN-008,Band 3 (1800MHz),-84.0,-9.5,7.7,61.7,45.2,114.4
2026-07-22 08:00:00,RJPN-009-1,RJPN-009,Band 1 (2100MHz),-84.1,-12.9,21.3,58.1,53.4,114.3
2026-07-22 08:00:00,RJPN-009-2,RJPN-009,Band 1 (2100MHz),-82.7,-10.2,15.5,73.2,67.9,109.2
2026-07-22 08:00:00,RJPN-009-3,RJPN-009,Band 1 (2100MHz),-90.9,-9.7,17.5,69.1,51.4,108.1
2026-07-22 08:00:00,RJPN-010-1,RJPN-010,Band 3 (1800MHz),-86.8,-9.8,12.4,57.0,37.1,128.7
2026-07-22 08:00:00,RJPN-010-2,RJPN-010,Band 3 (1800MHz),-79.7,-9.4,16.7,70.9,40.9,120.2
2026-07-22 08:00:00,RJPN-010-3,RJPN-010,Band 3 (1800MHz),-106.6,-15.4,-1.5,60.7,46.6,90.3
2026-07-22 08:00:00,RJPN-011-1,RJPN-011,Band 1 (2100MHz),-102.6,-16.3,14.2,53.6,52.6,120.7
2026-07-22 08:00:00,RJPN-011-2,RJPN-011,Band 1 (2100MHz),-87.4,-13.4,21.0,67.9,66.7,90.6
2026-07-22 08:00:00,RJPN-011-3,RJPN-011,Band 1 (2100MHz),-87.5,-14.4,17.2,83.5,36.9,143.3
2026-07-22 09:00:00,RJPN-001-1,RJPN-001,Band 1 (2100MHz),-89.7,-9.9,19.7,68.4,28.9,134.3
2026-07-22 09:00:00,RJPN-001-2,RJPN-001,Band 1 (2100MHz),-84.8,-9.4,15.4,55.6,16.0,72.7
2026-07-22 09:00:00,RJPN-001-3,RJPN-001,Band 1 (2100MHz),-84.8,-12.0,12.3,62.6,33.2,76.0
2026-07-22 09:00:00,RJPN-002-1,RJPN-002,Band 3 (1800MHz),-93.5,-12.9,7.1,47.2,34.8,114.3
2026-07-22 09:00:00,RJPN-002-2,RJPN-002,Band 3 (1800MHz),-91.8,-12.0,5.3,53.7,18.7,96.8
2026-07-22 09:00:00,RJPN-002-3,RJPN-002,Band 3 (1800MHz),-84.7,-11.8,15.1,45.9,18.4,95.0
2026-07-22 09:00:00,RJPN-003-1,RJPN-003,Band 1 (2100MHz),-93.4,-11.0,5.9,43.2,21.7,90.0
2026-07-22 09:00:00,RJPN-003-2,RJPN-003,Band 1 (2100MHz),-87.8,-5.9,17.0,44.4,32.0,91.9
2026-07-22 09:00:00,RJPN-003-3,RJPN-003,Band 1 (2100MHz),-90.3,-9.2,17.4,71.9,31.8,109.4
2026-07-22 09:00:00,RJPN-004-1,RJPN-004,Band 3 (1800MHz),-90.9,-9.3,16.0,54.8,34.8,98.6
2026-07-22 09:00:00,RJPN-004-2,RJPN-004,Band 3 (1800MHz),-79.8,-11.2,9.9,49.4,40.3,112.9
2026-07-22 09:00:00,RJPN-004-3,RJPN-004,Band 3 (1800MHz),-90.1,-10.2,11.5,71.0,28.5,94.8
2026-07-22 09:00:00,RJPN-005-1,RJPN-005,Band 1 (2100MHz),-92.8,-13.3,14.9,41.0,18.1,87.3
2026-07-22 09:00:00,RJPN-005-2,RJPN-005,Band 1 (2100MHz),-91.1,-14.1,7.7,57.5,18.9,72.8
2026-07-22 09:00:00,RJPN-005-3,RJPN-005,Band 1 (2100MHz),-85.5,-7.4,13.4,66.1,26.5,72.4
2026-07-22 09:00:00,RJPN-006-1,RJPN-006,Band 3 (1800MHz),-81.6,-7.8,12.5,56.2,35.0,120.7
2026-07-22 09:00:00,RJPN-006-2,RJPN-006,Band 3 (1800MHz),-87.0,-9.9,8.7,77.4,37.1,98.8
2026-07-22 09:00:00,RJPN-006-3,RJPN-006,Band 3 (1800MHz),-82.9,-11.8,19.8,59.6,32.8,96.6
2026-07-22 09:00:00,RJPN-007-1,RJPN-007,Band 1 (2100MHz),-86.4,-10.8,12.9,43.7,29.1,88.5
2026-07-22 09:00:00,RJPN-007-2,RJPN-007,Band 1 (2100MHz),-92.3,-10.7,18.3,59.0,41.7,85.0
2026-07-22 09:00:00,RJPN-007-3,RJPN-007,Band 1 (2100MHz),-82.2,-11.0,16.9,57.8,26.0,88.0
2026-07-22 09:00:00,RJPN-008-1,RJPN-008,Band 3 (1800MHz),-87.7,-11.1,16.3,53.3,9.2,85.2
2026-07-22 09:00:00,RJPN-008-2,RJPN-008,Band 3 (1800MHz),-87.7,-9.2,16.5,54.3,22.2,113.3
2026-07-22 09:00:00,RJPN-008-3,RJPN-008,Band 3 (1800MHz),-87.9,-11.5,24.1,63.0,21.4,81.5
2026-07-22 09:00:00,RJPN-009-1,RJPN-009,Band 1 (2100MHz),-92.8,-11.5,1.9,55.9,25.3,88.5
2026-07-22 09:00:00,RJPN-009-2,RJPN-009,Band 1 (2100MHz),-77.2,-9.9,22.3,62.2,27.6,92.6
2026-07-22 09:00:00,RJPN-009-3,RJPN-009,Band 1 (2100MHz),-90.2,-14.5,13.1,31.2,41.7,86.2
2026-07-22 09:00:00,RJPN-010-1,RJPN-010,Band 3 (1800MHz),-82.6,-14.5,12.1,43.6,13.7,106.4
2026-07-22 09:00:00,RJPN-010-2,RJPN-010,Band 3 (1800MHz),-83.2,-9.0,13.9,48.9,33.8,116.9
2026-07-22 09:00:00,RJPN-010-3,RJPN-010,Band 3 (1800MHz),-104.6,-13.9,8.3,49.4,25.9,83.4
2026-07-22 09:00:00,RJPN-011-1,RJPN-011,Band 1 (2100MHz),-102.0,-11.8,8.5,58.5,29.9,98.5
2026-07-22 09:00:00,RJPN-011-2,RJPN-011,Band 1 (2100MHz),-90.5,-12.2,11.2,57.2,21.4,92.5
2026-07-22 09:00:00,RJPN-011-3,RJPN-011,Band 1 (2100MHz),-85.5,-8.9,13.8,61.3,29.8,90.7
2026-07-22 10:00:00,RJPN-001-1,RJPN-001,Band 1 (2100MHz),-93.1,-10.2,14.2,11.2,27.5,21.5
2026-07-22 10:00:00,RJPN-001-2,RJPN-001,Band 1 (2100MHz),-86.5,-8.9,13.7,12.8,3.4,22.3
2026-07-22 10:00:00,RJPN-001-3,RJPN-001,Band 1 (2100MHz),-84.3,-4.7,10.1,30.0,20.2,67.9
2026-07-22 10:00:00,RJPN-002-1,RJPN-002,Band 3 (1800MHz),-96.4,-12.3,10.3,7.7,10.5,11.9
2026-07-22 10:00:00,RJPN-002-2,RJPN-002,Band 3 (1800MHz),-84.9,-8.2,19.4,30.3,12.4,23.6
2026-07-22 10:00:00,RJPN-002-3,RJPN-002,Band 3 (1800MHz),-94.4,-7.6,8.0,15.3,12.0,64.6
2026-07-22 10:00:00,RJPN-003-1,RJPN-003,Band 1 (2100MHz),-86.9,-13.2,11.4,25.2,13.3,0.0
2026-07-22 10:00:00,RJPN-003-2,RJPN-003,Band 1 (2100MHz),-92.4,-9.8,17.2,25.9,0.0,23.5
2026-07-22 10:00:00,RJPN-003-3,RJPN-003,Band 1 (2100MHz),-93.0,-10.1,12.8,30.0,0.0,0.0
2026-07-22 10:00:00,RJPN-004-1,RJPN-004,Band 3 (1800MHz),-90.8,-8.9,11.2,26.3,0.0,41.4
2026-07-22 10:00:00,RJPN-004-2,RJPN-004,Band 3 (1800MHz),-90.7,-9.7,12.7,0.0,17.2,38.3
2026-07-22 10:00:00,RJPN-004-3,RJPN-004,Band 3 (1800MHz),-83.7,-12.2,5.3,13.9,1.9,0.0
2026-07-22 10:00:00,RJPN-005-1,RJPN-005,Band 1 (2100MHz),-87.4,-8.2,7.1,19.8,5.1,50.3
2026-07-22 10:00:00,RJPN-005-2,RJPN-005,Band 1 (2100MHz),-89.1,-8.8,8.5,16.3,4.9,42.9
2026-07-22 10:00:00,RJPN-005-3,RJPN-005,Band 1 (2100MHz),-88.5,-9.0,14.2,19.5,0.0,80.1
2026-07-22 10:00:00,RJPN-006-1,RJPN-006,Band 3 (1800MHz),-82.4,-10.1,13.8,4.7,0.0,46.4
2026-07-22 10:00:00,RJPN-006-2,RJPN-006,Band 3 (1800MHz),-88.9,-10.7,17.3,26.6,8.1,16.1
2026-07-22 10:00:00,RJPN-006-3,RJPN-006,Band 3 (1800MHz),-87.6,-6.8,14.8,10.3,10.5,46.3
2026-07-22 10:00:00,RJPN-007-1,RJPN-007,Band 1 (2100MHz),-82.1,-9.3,11.3,32.1,18.9,0.0
2026-07-22 10:00:00,RJPN-007-2,RJPN-007,Band 1 (2100MHz),-86.3,-8.7,12.8,26.0,14.4,6.5
2026-07-22 10:00:00,RJPN-007-3,RJPN-007,Band 1 (2100MHz),-83.5,-7.7,15.9,12.2,11.2,6.5
2026-07-22 10:00:00,RJPN-008-1,RJPN-008,Band 3 (1800MHz),-86.4,-6.5,20.1,17.6,21.8,41.0
2026-07-22 10:00:00,RJPN-008-2,RJPN-008,Band 3 (1800MHz),-82.2,-8.3,15.9,22.5,26.1,66.0
2026-07-22 10:00:00,RJPN-008-3,RJPN-008,Band 3 (1800MHz),-91.0,-7.8,15.9,2.8,5.6,24.7
2026-07-22 10:00:00,RJPN-009-1,RJPN-009,Band 1 (2100MHz),-92.5,-10.4,2.6,24.1,6.0,8.1
2026-07-22 10:00:00,RJPN-009-2,RJPN-009,Band 1 (2100MHz),-84.4,-10.0,22.2,0.0,7.4,16.5
2026-07-22 10:00:00,RJPN-009-3,RJPN-009,Band 1 (2100MHz),-85.9,-8.9,12.7,27.3,11.9,44.1
2026-07-22 10:00:00,RJPN-010-1,RJPN-010,Band 3 (1800MHz),-94.2,-10.1,19.9,24.7,2.0,31.3
2026-07-22 10:00:00,RJPN-010-2,RJPN-010,Band 3 (1800MHz),-93.3,-7.2,19.6,19.0,2.9,26.7
2026-07-22 10:00:00,RJPN-010-3,RJPN-010,Band 3 (1800MHz),-103.2,-13.2,3.2,10.2,10.0,0.0
2026-07-22 10:00:00,RJPN-011-1,RJPN-011,Band 1 (2100MHz),-97.5,-12.2,3.9,18.5,1.4,47.5
2026-07-22 10:00:00,RJPN-011-2,RJPN-011,Band 1 (2100MHz),-90.1,-8.9,10.1,10.7,1.7,4.2
2026-07-22 10:00:00,RJPN-011-3,RJPN-011,Band 1 (2100MHz),-78.4,-10.3,8.4,24.1,2.5,42.3
2026-07-22 11:00:00,RJPN-001-1,RJPN-001,Band 1 (2100MHz),-81.6,-8.5,18.1,62.4,31.1,82.0
2026-07-22 11:00:00,RJPN-001-2,RJPN-001,Band 1 (2100MHz),-87.6,-12.0,16.2,55.9,15.6,65.1
2026-07-22 11:00:00,RJPN-001-3,RJPN-001,Band 1 (2100MHz),-87.8,-11.9,11.2,39.5,34.6,105.2
2026-07-22 11:00:00,RJPN-002-1,RJPN-002,Band 3 (1800MHz),-95.7,-17.7,7.5,59.0,35.2,91.0
2026-07-22 11:00:00,RJPN-002-2,RJPN-002,Band 3 (1800MHz),-88.4,-6.8,17.8,32.1,34.3,100.2
2026-07-22 11:00:00,RJPN-002-3,RJPN-002,Band 3 (1800MHz),-85.9,-8.5,16.3,44.9,20.8,55.0
2026-07-22 11:00:00,RJPN-003-1,RJPN-003,Band 1 (2100MHz),-83.3,-10.2,16.8,28.6,29.0,99.4
2026-07-22 11:00:00,RJPN-003-2,RJPN-003,Band 1 (2100MHz),-89.3,-11.5,18.9,56.1,30.9,116.1
2026-07-22 11:00:00,RJPN-003-3,RJPN-003,Band 1 (2100MHz),-88.5,-10.7,9.4,43.6,30.6,85.4
2026-07-22 11:00:00,RJPN-004-1,RJPN-004,Band 3 (1800MHz),-79.5,-8.4,16.9,53.3,24.3,43.2
2026-07-22 11:00:00,RJPN-004-2,RJPN-004,Band 3 (1800MHz),-83.8,-10.5,14.7,42.2,17.1,119.9
2026-07-22 11:00:00,RJPN-004-3,RJPN-004,Band 3 (1800MHz),-84.4,-9.9,4.9,50.2,19.8,98.9
2026-07-22 11:00:00,RJPN-005-1,RJPN-005,Band 1 (2100MHz),-79.7,-10.2,8.5,49.1,31.5,79.0
2026-07-22 11:00:00,RJPN-005-2,RJPN-005,Band 1 (2100MHz),-86.6,-11.8,15.1,47.3,36.1,47.3
2026-07-22 11:00:00,RJPN-005-3,RJPN-005,Band 1 (2100MHz),-87.0,-7.9,15.5,62.9,29.6,75.1
2026-07-22 11:00:00,RJPN-006-1,RJPN-006,Band 3 (1800MHz),-88.9,-11.5,14.2,50.4,31.3,86.2
2026-07-22 11:00:00,RJPN-006-2,RJPN-006,Band 3 (1800MHz),-91.9,-10.1,21.4,49.8,39.5,124.0
2026-07-22 11:00:00,RJPN-006-3,RJPN-006,Band 3 (1800MHz),-91.0,-9.5,17.6,39.8,29.1,73.9
2026-07-22 11:00:00,RJPN-007-1,RJPN-007,Band 1 (2100MHz),-95.5,-10.3,15.3,48.9,40.2,107.5
2026-07-22 11:00:00,RJPN-007-2,RJPN-007,Band 1 (2100MHz),-84.7,-7.1,15.0,31.5,36.7,139.5
2026-07-22 11:00:00,RJPN-007-3,RJPN-007,Band 1 (2100MHz),-88.1,-12.2,12.1,35.0,29.8,99.7
2026-07-22 11:00:00,RJPN-008-1,RJPN-008,Band 3 (1800MHz),-83.4,-11.1,16.4,53.4,25.7,95.6
2026-07-22 11:00:00,RJPN-008-2,RJPN-008,Band 3 (1800MHz),-81.4,-14.1,13.2,78.7,13.7,98.4
2026-07-22 11:00:00,RJPN-008-3,RJPN-008,Band 3 (1800MHz),-84.7,-13.9,13.0,44.8,37.9,76.0
2026-07-22 11:00:00,RJPN-009-1,RJPN-009,Band 1 (2100MHz),-90.0,-11.4,19.7,47.6,30.4,71.1
2026-07-22 11:00:00,RJPN-009-2,RJPN-009,Band 1 (2100MHz),-76.6,-10.3,16.6,52.1,20.6,105.3
2026-07-22 11:00:00,RJPN-009-3,RJPN-009,Band 1 (2100MHz),-81.8,-12.0,6.5,38.6,33.4,107.9
2026-07-22 11:00:00,RJPN-010-1,RJPN-010,Band 3 (1800MHz),-87.1,-8.9,13.5,27.2,43.8,51.3
2026-07-22 11:00:00,RJPN-010-2,RJPN-010,Band 3 (1800MHz),-90.1,-11.4,14.8,35.4,33.6,73.5
2026-07-22 11:00:00,RJPN-010-3,RJPN-010,Band 3 (1800MHz),-110.0,-15.6,8.3,47.9,27.3,83.3
2026-07-22 11:00:00,RJPN-011-1,RJPN-011,Band 1 (2100MHz),-96.1,-14.3,0.1,66.1,21.1,37.4
2026-07-22 11:00:00,RJPN-011-2,RJPN-011,Band 1 (2100MHz),-90.2,-8.6,22.5,47.9,12.3,57.5
2026-07-22 11:00:00,RJPN-011-3,RJPN-011,Band 1 (2100MHz),-85.8,-12.7,17.6,48.4,18.5,83.0
2026-07-22 12:00:00,RJPN-001-1,RJPN-001,Band 1 (2100MHz),-81.0,-9.5,19.0,43.2,36.7,74.1
2026-07-22 12:00:00,RJPN-001-2,RJPN-001,Band 1 (2100MHz),-93.3,-8.8,13.4,49.6,28.6,106.0
2026-07-22 12:00:00,RJPN-001-3,RJPN-001,Band 1 (2100MHz),-89.9,-11.0,16.3,55.9,36.3,93.7
2026-07-22 12:00:00,RJPN-002-1,RJPN-002,Band 3 (1800MHz),-106.4,-15.5,7.8,39.8,38.9,104.6
2026-07-22 12:00:00,RJPN-002-2,RJPN-002,Band 3 (1800MHz),-83.8,-13.2,13.5,56.5,19.7,46.4
2026-07-22 12:00:00,RJPN-002-3,RJPN-002,Band 3 (1800MHz),-85.7,-8.4,15.4,56.1,31.8,101.5
2026-07-22 12:00:00,RJPN-003-1,RJPN-003,Band 1 (2100MHz),-83.1,-14.2,13.2,48.4,0.0,85.5
2026-07-22 12:00:00,RJPN-003-2,RJPN-003,Band 1 (2100MHz),-87.2,-10.4,18.3,35.8,23.4,86.6
2026-07-22 12:00:00,RJPN-003-3,RJPN-003,Band 1 (2100MHz),-87.5,-9.7,8.1,41.6,22.2,38.1
2026-07-22 12:00:00,RJPN-004-1,RJPN-004,Band 3 (1800MHz),-83.6,-13.3,28.8,48.5,25.5,62.8
2026-07-22 12:00:00,RJPN-004-2,RJPN-004,Band 3 (1800MHz),-85.6,-9.2,17.7,50.6,23.3,95.1
2026-07-22 12:00:00,RJPN-004-3,RJPN-004,Band 3 (1800MHz),-91.2,-15.3,19.2,61.6,27.4,80.5
2026-07-22 12:00:00,RJPN-005-1,RJPN-005,Band 1 (2100MHz),-94.1,-10.0,16.1,39.9,16.3,89.0
2026-07-22 12:00:00,RJPN-005-2,RJPN-005,Band 1 (2100MHz),-85.2,-11.0,7.6,38.7,28.5,118.1
2026-07-22 12:00:00,RJPN-005-3,RJPN-005,Band 1 (2100MHz),-85.1,-11.5,15.1,47.4,28.4,73.0
2026-07-22 12:00:00,RJPN-006-1,RJPN-006,Band 3 (1800MHz),-85.3,-11.9,16.6,39.0,31.9,100.5
2026-07-22 12:00:00,RJPN-006-2,RJPN-006,Band 3 (1800MHz),-86.1,-14.3,14.0,49.8,46.4,61.1
2026-07-22 12:00:00,RJPN-006-3,RJPN-006,Band 3 (1800MHz),-89.6,-9.4,20.2,40.2,28.4,77.5
2026-07-22 12:00:00,RJPN-007-1,RJPN-007,Band 1 (2100MHz),-84.3,-11.4,15.6,40.2,33.0,70.3
2026-07-22 12:00:00,RJPN-007-2,RJPN-007,Band 1 (2100MHz),-83.8,-12.2,24.5,43.6,28.9,67.2
2026-07-22 12:00:00,RJPN-007-3,RJPN-007,Band 1 (2100MHz),-88.1,-9.6,10.5,69.1,24.7,46.2
2026-07-22 12:00:00,RJPN-008-1,RJPN-008,Band 3 (1800MHz),-87.1,-6.1,16.8,41.7,25.4,25.1
2026-07-22 12:00:00,RJPN-008-2,RJPN-008,Band 3 (1800MHz),-85.7,-14.8,7.4,36.7,17.5,134.0
2026-07-22 12:00:00,RJPN-008-3,RJPN-008,Band 3 (1800MHz),-87.1,-9.0,13.1,48.7,45.4,79.2
2026-07-22 12:00:00,RJPN-009-1,RJPN-009,Band 1 (2100MHz),-89.9,-8.7,14.8,78.2,30.8,98.9
2026-07-22 12:00:00,RJPN-009-2,RJPN-009,Band 1 (2100MHz),-87.4,-9.9,9.8,43.4,24.5,66.9
2026-07-22 12:00:00,RJPN-009-3,RJPN-009,Band 1 (2100MHz),-87.1,-9.5,9.1,38.7,22.3,81.9
2026-07-22 12:00:00,RJPN-010-1,RJPN-010,Band 3 (1800MHz),-79.2,-10.3,8.5,69.4,37.0,78.4
2026-07-22 12:00:00,RJPN-010-2,RJPN-010,Band 3 (1800MHz),-83.3,-8.5,12.1,64.0,37.1,66.8
2026-07-22 12:00:00,RJPN-010-3,RJPN-010,Band 3 (1800MHz),-98.2,-14.5,8.8,79.1,22.5,109.7
2026-07-22 12:00:00,RJPN-011-1,RJPN-011,Band 1 (2100MHz),-99.9,-11.8,5.5,36.5,18.1,78.7
2026-07-22 12:00:00,RJPN-011-2,RJPN-011,Band 1 (2100MHz),-104.2,-8.8,17.4,39.6,36.4,66.7
2026-07-22 12:00:00,RJPN-011-3,RJPN-011,Band 1 (2100MHz),-88.6,-10.2,13.7,46.7,16.3,64.4
2026-07-22 13:00:00,RJPN-001-1,RJPN-001,Band 1 (2100MHz),-91.9,-10.4,14.8,50.6,16.0,77.9
2026-07-22 13:00:00,RJPN-001-2,RJPN-001,Band 1 (2100MHz),-83.4,-7.7,12.2,83.6,34.6,89.4
2026-07-22 13:00:00,RJPN-001-3,RJPN-001,Band 1 (2100MHz),-84.4,-6.9,5.1,51.7,20.5,65.5
2026-07-22 13:00:00,RJPN-002-1,RJPN-002,Band 3 (1800MHz),-94.7,-16.5,12.7,43.4,22.8,80.7
2026-07-22 13:00:00,RJPN-002-2,RJPN-002,Band 3 (1800MHz),-88.0,-7.4,14.9,34.0,24.2,57.2
2026-07-22 13:00:00,RJPN-002-3,RJPN-002,Band 3 (1800MHz),-95.5,-7.1,19.0,37.6,22.4,101.7
2026-07-22 13:00:00,RJPN-003-1,RJPN-003,Band 1 (2100MHz),-88.0,-8.5,19.1,59.8,12.0,117.5
2026-07-22 13:00:00,RJPN-003-2,RJPN-003,Band 1 (2100MHz),-90.0,-10.9,18.8,40.7,37.4,81.8
2026-07-22 13:00:00,RJPN-003-3,RJPN-003,Band 1 (2100MHz),-88.4,-11.9,9.7,43.8,25.8,69.8
2026-07-22 13:00:00,RJPN-004-1,RJPN-004,Band 3 (1800MHz),-83.8,-7.4,14.0,49.4,44.1,97.0
2026-07-22 13:00:00,RJPN-004-2,RJPN-004,Band 3 (1800MHz),-88.8,-12.8,18.1,49.0,20.6,28.7
2026-07-22 13:00:00,RJPN-004-3,RJPN-004,Band 3 (1800MHz),-88.9,-9.2,11.8,60.2,28.1,39.0
2026-07-22 13:00:00,RJPN-005-1,RJPN-005,Band 1 (2100MHz),-88.7,-9.5,17.0,49.4,15.9,55.2
2026-07-22 13:00:00,RJPN-005-2,RJPN-005,Band 1 (2100MHz),-88.8,-10.0,14.7,25.5,36.4,71.0
2026-07-22 13:00:00,RJPN-005-3,RJPN-005,Band 1 (2100MHz),-96.7,-10.1,7.0,52.8,17.6,74.2
2026-07-22 13:00:00,RJPN-006-1,RJPN-006,Band 3 (1800MHz),-85.4,-14.8,20.8,60.5,32.9,101.4
2026-07-22 13:00:00,RJPN-006-2,RJPN-006,Band 3 (1800MHz),-78.6,-9.2,17.9,61.2,24.9,51.8
2026-07-22 13:00:00,RJPN-006-3,RJPN-006,Band 3 (1800MHz),-92.1,-8.0,17.6,47.4,38.6,94.3
2026-07-22 13:00:00,RJPN-007-1,RJPN-007,Band 1 (2100MHz),-95.5,-9.8,6.6,43.2,41.3,73.7
2026-07-22 13:00:00,RJPN-007-2,RJPN-007,Band 1 (2100MHz),-87.8,-9.8,12.9,51.4,43.2,111.8
2026-07-22 13:00:00,RJPN-007-3,RJPN-007,Band 1 (2100MHz),-81.1,-9.3,19.9,46.2,27.1,106.5
2026-07-22 13:00:00,RJPN-008-1,RJPN-008,Band 3 (1800MHz),-84.3,-10.0,10.6,37.0,50.5,70.7
2026-07-22 13:00:00,RJPN-008-2,RJPN-008,Band 3 (1800MHz),-90.2,-13.1,13.2,53.8,36.1,140.1
2026-07-22 13:00:00,RJPN-008-3,RJPN-008,Band 3 (1800MHz),-83.6,-11.7,6.9,73.0,31.2,64.3
2026-07-22 13:00:00,RJPN-009-1,RJPN-009,Band 1 (2100MHz),-89.7,-10.5,24.7,63.6,37.3,65.8
2026-07-22 13:00:00,RJPN-009-2,RJPN-009,Band 1 (2100MHz),-77.6,-10.7,17.7,37.6,15.6,126.8
2026-07-22 13:00:00,RJPN-009-3,RJPN-009,Band 1 (2100MHz),-91.9,-9.9,9.2,58.7,36.4,107.0
2026-07-22 13:00:00,RJPN-010-1,RJPN-010,Band 3 (1800MHz),-84.7,-8.1,6.2,56.3,20.5,106.5
2026-07-22 13:00:00,RJPN-010-2,RJPN-010,Band 3 (1800MHz),-86.4,-9.4,10.9,60.0,35.2,79.4
2026-07-22 13:00:00,RJPN-010-3,RJPN-010,Band 3 (1800MHz),-103.1,-14.6,0.3,58.3,12.5,82.4
2026-07-22 13:00:00,RJPN-011-1,RJPN-011,Band 1 (2100MHz),-95.2,-16.7,-1.0,47.0,35.9,126.6
2026-07-22 13:00:00,RJPN-011-2,RJPN-011,Band 1 (2100MHz),-88.9,-12.5,8.8,40.7,13.9,70.0
2026-07-22 13:00:00,RJPN-011-3,RJPN-011,Band 1 (2100MHz),-88.4,-10.4,12.4,39.9,30.8,39.6
2026-07-22 14:00:00,RJPN-001-1,RJPN-001,Band 1 (2100MHz),-84.7,-10.8,13.2,59.3,35.4,97.4
2026-07-22 14:00:00,RJPN-001-2,RJPN-001,Band 1 (2100MHz),-90.2,-8.4,27.2,37.6,29.6,103.2
2026-07-22 14:00:00,RJPN-001-3,RJPN-001,Band 1 (2100MHz),-84.5,-9.6,4.4,49.6,39.7,61.1
2026-07-22 14:00:00,RJPN-002-1,RJPN-002,Band 3 (1800MHz),-102.1,-14.4,6.3,53.1,35.8,85.8
2026-07-22 14:00:00,RJPN-002-2,RJPN-002,Band 3 (1800MHz),-82.8,-10.7,8.7,26.9,34.0,62.7
2026-07-22 14:00:00,RJPN-002-3,RJPN-002,Band 3 (1800MHz),-85.2,-9.7,23.1,35.1,23.7,119.8
2026-07-22 14:00:00,RJPN-003-1,RJPN-003,Band 1 (2100MHz),-86.3,-11.2,9.4,53.3,26.0,74.7
2026-07-22 14:00:00,RJPN-003-2,RJPN-003,Band 1 (2100MHz),-89.5,-13.8,12.4,44.0,17.3,110.6
2026-07-22 14:00:00,RJPN-003-3,RJPN-003,Band 1 (2100MHz),-86.8,-8.8,17.1,17.7,40.2,91.0
2026-07-22 14:00:00,RJPN-004-1,RJPN-004,Band 3 (1800MHz),-97.3,-11.9,15.9,49.6,14.1,42.6
2026-07-22 14:00:00,RJPN-004-2,RJPN-004,Band 3 (1800MHz),-86.6,-11.6,20.8,60.5,12.9,112.2
2026-07-22 14:00:00,RJPN-004-3,RJPN-004,Band 3 (1800MHz),-85.2,-6.7,10.5,41.8,24.7,73.4
2026-07-22 14:00:00,RJPN-005-1,RJPN-005,Band 1 (2100MHz),-79.3,-9.6,13.5,49.8,26.4,71.4
2026-07-22 14:00:00,RJPN-005-2,RJPN-005,Band 1 (2100MHz),-87.5,-10.2,17.5,40.3,29.6,56.1
2026-07-22 14:00:00,RJPN-005-3,RJPN-005,Band 1 (2100MHz),-84.5,-13.9,13.4,52.3,25.4,61.8
2026-07-22 14:00:00,RJPN-006-1,RJPN-006,Band 3 (1800MHz),-90.0,-9.2,16.8,47.2,14.7,59.3
2026-07-22 14:00:00,RJPN-006-2,RJPN-006,Band 3 (1800MHz),-81.7,-4.8,20.6,53.5,26.5,88.0
2026-07-22 14:00:00,RJPN-006-3,RJPN-006,Band 3 (1800MHz),-86.9,-7.2,10.6,78.4,30.0,91.6
2026-07-22 14:00:00,RJPN-007-1,RJPN-007,Band 1 (2100MHz),-85.5,-5.5,18.6,51.6,15.8,117.6
2026-07-22 14:00:00,RJPN-007-2,RJPN-007,Band 1 (2100MHz),-88.8,-14.6,2.2,36.8,30.8,92.0
2026-07-22 14:00:00,RJPN-007-3,RJPN-007,Band 1 (2100MHz),-94.8,-11.3,9.5,38.2,32.3,47.5
2026-07-22 14:00:00,RJPN-008-1,RJPN-008,Band 3 (1800MHz),-83.0,-12.0,15.2,49.8,26.5,84.1
2026-07-22 14:00:00,RJPN-008-2,RJPN-008,Band 3 (1800MHz),-86.9,-11.1,7.3,45.4,29.0,76.6
2026-07-22 14:00:00,RJPN-008-3,RJPN-008,Band 3 (1800MHz),-90.2,-7.6,15.2,45.8,46.4,76.2
2026-07-22 14:00:00,RJPN-009-1,RJPN-009,Band 1 (2100MHz),-86.3,-9.3,15.7,49.3,35.3,81.0
2026-07-22 14:00:00,RJPN-009-2,RJPN-009,Band 1 (2100MHz),-82.5,-9.7,10.5,68.6,39.1,73.5
2026-07-22 14:00:00,RJPN-009-3,RJPN-009,Band 1 (2100MHz),-91.3,-12.3,18.3,50.9,13.3,87.4
2026-07-22 14:00:00,RJPN-010-1,RJPN-010,Band 3 (1800MHz),-84.2,-10.3,21.4,40.4,20.2,41.3
2026-07-22 14:00:00,RJPN-010-2,RJPN-010,Band 3 (1800MHz),-85.2,-8.8,5.8,41.9,37.9,66.7
2026-07-22 14:00:00,RJPN-010-3,RJPN-010,Band 3 (1800MHz),-99.2,-14.9,5.5,21.1,25.3,94.6
2026-07-22 14:00:00,RJPN-011-1,RJPN-011,Band 1 (2100MHz),-97.5,-15.4,5.6,52.9,40.0,110.5
2026-07-22 14:00:00,RJPN-011-2,RJPN-011,Band 1 (2100MHz),-85.3,-10.0,15.6,56.6,12.1,94.9
2026-07-22 14:00:00,RJPN-011-3,RJPN-011,Band 1 (2100MHz),-84.0,-10.2,12.5,62.5,14.9,102.9
2026-07-22 15:00:00,RJPN-001-1,RJPN-001,Band 1 (2100MHz),-91.1,-5.3,14.0,0.0,0.0,57.2
2026-07-22 15:00:00,RJPN-001-2,RJPN-001,Band 1 (2100MHz),-89.5,-9.1,3.0,10.2,0.2,22.8
2026-07-22 15:00:00,RJPN-001-3,RJPN-001,Band 1 (2100MHz),-85.8,-9.1,15.0,27.0,17.6,26.0
2026-07-22 15:00:00,RJPN-002-1,RJPN-002,Band 3 (1800MHz),-97.4,-7.6,4.0,13.3,4.9,57.6
2026-07-22 15:00:00,RJPN-002-2,RJPN-002,Band 3 (1800MHz),-80.4,-7.3,21.8,17.5,30.6,0.0
2026-07-22 15:00:00,RJPN-002-3,RJPN-002,Band 3 (1800MHz),-87.8,-6.9,13.4,40.8,17.2,15.4
2026-07-22 15:00:00,RJPN-003-1,RJPN-003,Band 1 (2100MHz),-83.2,-4.4,10.1,12.3,22.3,37.7
2026-07-22 15:00:00,RJPN-003-2,RJPN-003,Band 1 (2100MHz),-85.3,-12.4,10.0,7.1,8.4,8.6
2026-07-22 15:00:00,RJPN-003-3,RJPN-003,Band 1 (2100MHz),-83.4,-6.9,13.3,14.4,5.6,30.4
2026-07-22 15:00:00,RJPN-004-1,RJPN-004,Band 3 (1800MHz),-94.0,-6.4,16.2,44.3,21.7,34.5
2026-07-22 15:00:00,RJPN-004-2,RJPN-004,Band 3 (1800MHz),-81.1,-9.0,9.5,43.9,7.0,9.9
2026-07-22 15:00:00,RJPN-004-3,RJPN-004,Band 3 (1800MHz),-78.5,-8.2,13.7,30.3,3.6,73.6
2026-07-22 15:00:00,RJPN-005-1,RJPN-005,Band 1 (2100MHz),-90.9,-6.4,10.1,11.8,15.7,23.1
2026-07-22 15:00:00,RJPN-005-2,RJPN-005,Band 1 (2100MHz),-92.9,-8.0,8.4,17.1,19.7,22.4
2026-07-22 15:00:00,RJPN-005-3,RJPN-005,Band 1 (2100MHz),-84.6,-11.1,14.6,35.7,6.8,42.1
2026-07-22 15:00:00,RJPN-006-1,RJPN-006,Band 3 (1800MHz),-84.0,-8.2,17.7,20.6,5.9,34.0
2026-07-22 15:00:00,RJPN-006-2,RJPN-006,Band 3 (1800MHz),-83.5,-10.6,6.6,37.0,0.0,37.6
2026-07-22 15:00:00,RJPN-006-3,RJPN-006,Band 3 (1800MHz),-87.6,-5.6,15.5,25.4,3.4,32.7
2026-07-22 15:00:00,RJPN-007-1,RJPN-007,Band 1 (2100MHz),-84.0,-8.0,11.6,21.7,30.4,45.7
2026-07-22 15:00:00,RJPN-007-2,RJPN-007,Band 1 (2100MHz),-88.6,-7.4,18.7,30.4,5.7,0.0
2026-07-22 15:00:00,RJPN-007-3,RJPN-007,Band 1 (2100MHz),-89.9,-8.3,21.7,41.4,18.3,11.7
2026-07-22 15:00:00,RJPN-008-1,RJPN-008,Band 3 (1800MHz),-88.1,-9.5,13.9,7.7,17.1,33.8
2026-07-22 15:00:00,RJPN-008-2,RJPN-008,Band 3 (1800MHz),-80.0,-8.6,1.1,5.7,1.2,46.1
2026-07-22 15:00:00,RJPN-008-3,RJPN-008,Band 3 (1800MHz),-89.0,-5.9,17.7,16.5,9.6,59.2
2026-07-22 15:00:00,RJPN-009-1,RJPN-009,Band 1 (2100MHz),-84.8,-12.6,16.5,0.0,13.5,0.0
2026-07-22 15:00:00,RJPN-009-2,RJPN-009,Band 1 (2100MHz),-82.8,-11.6,25.6,13.9,32.6,18.9
2026-07-22 15:00:00,RJPN-009-3,RJPN-009,Band 1 (2100MHz),-93.7,-10.3,13.9,13.3,0.0,38.5
2026-07-22 15:00:00,RJPN-010-1,RJPN-010,Band 3 (1800MHz),-92.5,-7.4,9.7,10.0,21.3,13.8
2026-07-22 15:00:00,RJPN-010-2,RJPN-010,Band 3 (1800MHz),-88.9,-9.5,17.0,32.1,18.6,0.0
2026-07-22 15:00:00,RJPN-010-3,RJPN-010,Band 3 (1800MHz),-94.1,-14.5,4.7,14.2,0.0,20.2
2026-07-22 15:00:00,RJPN-011-1,RJPN-011,Band 1 (2100MHz),-107.1,-16.6,6.0,21.6,0.0,31.3
2026-07-22 15:00:00,RJPN-011-2,RJPN-011,Band 1 (2100MHz),-81.1,-9.3,13.8,11.2,0.0,48.7
2026-07-22 15:00:00,RJPN-011-3,RJPN-011,Band 1 (2100MHz),-96.0,-13.0,11.5,15.7,1.9,1.5
2026-07-22 16:00:00,RJPN-001-1,RJPN-001,Band 1 (2100MHz),-85.6,-8.0,16.0,63.8,40.5,92.8
2026-07-22 16:00:00,RJPN-001-2,RJPN-001,Band 1 (2100MHz),-87.5,-12.0,4.1,52.1,42.5,134.9
2026-07-22 16:00:00,RJPN-001-3,RJPN-001,Band 1 (2100MHz),-87.8,-8.8,11.7,65.6,36.0,112.5
2026-07-22 16:00:00,RJPN-002-1,RJPN-002,Band 3 (1800MHz),-101.0,-17.6,9.4,69.0,40.7,122.3
2026-07-22 16:00:00,RJPN-002-2,RJPN-002,Band 3 (1800MHz),-91.8,-11.5,8.4,63.2,36.9,129.9
2026-07-22 16:00:00,RJPN-002-3,RJPN-002,Band 3 (1800MHz),-82.3,-10.2,11.9,54.2,34.3,74.0
2026-07-22 16:00:00,RJPN-003-1,RJPN-003,Band 1 (2100MHz),-92.3,-10.2,16.6,55.9,52.5,119.8
2026-07-22 16:00:00,RJPN-003-2,RJPN-003,Band 1 (2100MHz),-91.3,-10.4,6.9,70.0,24.7,111.2
2026-07-22 16:00:00,RJPN-003-3,RJPN-003,Band 1 (2100MHz),-90.4,-11.8,21.9,63.2,43.4,109.8
2026-07-22 16:00:00,RJPN-004-1,RJPN-004,Band 3 (1800MHz),-86.7,-10.7,19.8,61.7,53.3,68.6
2026-07-22 16:00:00,RJPN-004-2,RJPN-004,Band 3 (1800MHz),-91.4,-13.5,13.0,70.6,32.2,84.8
2026-07-22 16:00:00,RJPN-004-3,RJPN-004,Band 3 (1800MHz),-87.0,-11.1,16.7,80.2,42.3,97.4
2026-07-22 16:00:00,RJPN-005-1,RJPN-005,Band 1 (2100MHz),-90.7,-10.6,13.4,60.1,29.4,145.7
2026-07-22 16:00:00,RJPN-005-2,RJPN-005,Band 1 (2100MHz),-89.1,-11.3,13.5,71.2,35.1,91.7
2026-07-22 16:00:00,RJPN-005-3,RJPN-005,Band 1 (2100MHz),-84.7,-14.7,10.3,83.1,31.3,140.8
2026-07-22 16:00:00,RJPN-006-1,RJPN-006,Band 3 (1800MHz),-87.1,-8.7,13.6,51.9,34.0,94.5
2026-07-22 16:00:00,RJPN-006-2,RJPN-006,Band 3 (1800MHz),-94.9,-6.9,19.9,59.4,40.1,119.0
2026-07-22 16:00:00,RJPN-006-3,RJPN-006,Band 3 (1800MHz),-89.7,-10.9,15.5,72.1,50.4,82.4
2026-07-22 16:00:00,RJPN-007-1,RJPN-007,Band 1 (2100MHz),-84.8,-13.3,17.0,65.6,34.0,105.8
2026-07-22 16:00:00,RJPN-007-2,RJPN-007,Band 1 (2100MHz),-86.2,-8.7,17.2,46.5,28.4,141.5
2026-07-22 16:00:00,RJPN-007-3,RJPN-007,Band 1 (2100MHz),-84.9,-11.3,6.6,70.5,49.3,133.0
2026-07-22 16:00:00,RJPN-008-1,RJPN-008,Band 3 (1800MHz),-92.3,-11.6,9.7,62.5,32.0,83.3
2026-07-22 16:00:00,RJPN-008-2,RJPN-008,Band 3 (1800MHz),-87.6,-12.9,4.3,66.2,34.3,133.2
2026-07-22 16:00:00,RJPN-008-3,RJPN-008,Band 3 (1800MHz),-81.9,-13.1,13.8,54.3,42.5,113.9
2026-07-22 16:00:00,RJPN-009-1,RJPN-009,Band 1 (2100MHz),-85.0,-11.2,12.6,71.5,41.6,112.0
2026-07-22 16:00:00,RJPN-009-2,RJPN-009,Band 1 (2100MHz),-77.7,-8.9,10.5,83.3,32.1,109.7
2026-07-22 16:00:00,RJPN-009-3,RJPN-009,Band 1 (2100MHz),-76.5,-11.4,10.4,65.2,36.8,111.6
2026-07-22 16:00:00,RJPN-010-1,RJPN-010,Band 3 (1800MHz),-89.0,-12.6,13.2,80.3,49.6,116.7
2026-07-22 16:00:00,RJPN-010-2,RJPN-010,Band 3 (1800MHz),-83.3,-13.8,17.7,53.9,36.4,120.2
2026-07-22 16:00:00,RJPN-010-3,RJPN-010,Band 3 (1800MHz),-96.0,-14.7,12.4,59.2,33.3,107.4
2026-07-22 16:00:00,RJPN-011-1,RJPN-011,Band 1 (2100MHz),-101.3,-11.2,17.2,63.5,41.0,118.9
2026-07-22 16:00:00,RJPN-011-2,RJPN-011,Band 1 (2100MHz),-87.3,-12.0,14.8,55.7,32.7,109.9
2026-07-22 16:00:00,RJPN-011-3,RJPN-011,Band 1 (2100MHz),-90.6,-13.3,8.9,76.3,55.0,114.2
2026-07-22 17:00:00,RJPN-001-1,RJPN-001,Band 1 (2100MHz),-91.6,-9.2,6.2,88.6,31.9,101.5
2026-07-22 17:00:00,RJPN-001-2,RJPN-001,Band 1 (2100MHz),-75.9,-10.8,14.2,71.1,59.7,116.2
2026-07-22 17:00:00,RJPN-001-3,RJPN-001,Band 1 (2100MHz),-86.8,-13.5,11.7,81.9,40.4,121.1
2026-07-22 17:00:00,RJPN-002-1,RJPN-002,Band 3 (1800MHz),-93.6,-16.9,2.2,71.9,43.6,117.5
2026-07-22 17:00:00,RJPN-002-2,RJPN-002,Band 3 (1800MHz),-78.8,-12.1,15.2,74.1,39.5,157.5
2026-07-22 17:00:00,RJPN-002-3,RJPN-002,Band 3 (1800MHz),-88.0,-10.1,17.1,84.5,46.7,136.3
2026-07-22 17:00:00,RJPN-003-1,RJPN-003,Band 1 (2100MHz),-92.5,-14.2,21.8,67.2,59.0,120.8
2026-07-22 17:00:00,RJPN-003-2,RJPN-003,Band 1 (2100MHz),-86.2,-7.7,8.4,61.6,45.1,118.5
2026-07-22 17:00:00,RJPN-003-3,RJPN-003,Band 1 (2100MHz),-81.7,-12.9,11.4,81.3,28.5,76.9
2026-07-22 17:00:00,RJPN-004-1,RJPN-004,Band 3 (1800MHz),-85.8,-13.4,11.2,72.8,42.2,118.5
2026-07-22 17:00:00,RJPN-004-2,RJPN-004,Band 3 (1800MHz),-81.6,-10.7,4.5,63.1,54.2,131.5
2026-07-22 17:00:00,RJPN-004-3,RJPN-004,Band 3 (1800MHz),-86.0,-8.6,22.1,91.5,40.1,106.1
2026-07-22 17:00:00,RJPN-005-1,RJPN-005,Band 1 (2100MHz),-83.8,-7.1,-0.0,69.8,22.3,95.0
2026-07-22 17:00:00,RJPN-005-2,RJPN-005,Band 1 (2100MHz),-92.8,-14.8,19.8,68.3,33.2,133.4
2026-07-22 17:00:00,RJPN-005-3,RJPN-005,Band 1 (2100MHz),-89.6,-9.4,24.4,85.2,46.6,140.6
2026-07-22 17:00:00,RJPN-006-1,RJPN-006,Band 3 (1800MHz),-81.4,-11.4,10.7,41.5,56.4,95.1
2026-07-22 17:00:00,RJPN-006-2,RJPN-006,Band 3 (1800MHz),-90.1,-12.4,11.6,69.7,46.9,83.5
2026-07-22 17:00:00,RJPN-006-3,RJPN-006,Band 3 (1800MHz),-83.9,-7.6,9.8,79.3,31.3,95.6
2026-07-22 17:00:00,RJPN-007-1,RJPN-007,Band 1 (2100MHz),-90.2,-15.0,17.7,71.5,47.5,128.7
2026-07-22 17:00:00,RJPN-007-2,RJPN-007,Band 1 (2100MHz),-81.6,-12.0,13.3,51.3,27.0,121.1
2026-07-22 17:00:00,RJPN-007-3,RJPN-007,Band 1 (2100MHz),-93.3,-11.4,7.8,81.1,34.2,133.4
2026-07-22 17:00:00,RJPN-008-1,RJPN-008,Band 3 (1800MHz),-86.6,-13.6,14.8,64.0,54.2,104.2
2026-07-22 17:00:00,RJPN-008-2,RJPN-008,Band 3 (1800MHz),-80.2,-12.5,10.3,67.0,36.8,153.7
2026-07-22 17:00:00,RJPN-008-3,RJPN-008,Band 3 (1800MHz),-94.9,-11.9,22.7,64.3,44.9,121.2
2026-07-22 17:00:00,RJPN-009-1,RJPN-009,Band 1 (2100MHz),-92.1,-9.5,18.1,57.2,52.5,125.7
2026-07-22 17:00:00,RJPN-009-2,RJPN-009,Band 1 (2100MHz),-91.2,-10.0,17.4,78.4,47.5,139.6
2026-07-22 17:00:00,RJPN-009-3,RJPN-009,Band 1 (2100MHz),-84.9,-13.8,18.2,57.4,57.8,128.7
2026-07-22 17:00:00,RJPN-010-1,RJPN-010,Band 3 (1800MHz),-94.3,-13.9,3.0,78.0,58.4,102.9
2026-07-22 17:00:00,RJPN-010-2,RJPN-010,Band 3 (1800MHz),-87.8,-11.5,9.9,67.4,42.2,158.7
2026-07-22 17:00:00,RJPN-010-3,RJPN-010,Band 3 (1800MHz),-101.1,-17.8,10.9,72.7,47.8,146.8
2026-07-22 17:00:00,RJPN-011-1,RJPN-011,Band 1 (2100MHz),-98.8,-15.0,-1.6,66.1,44.9,113.9
2026-07-22 17:00:00,RJPN-011-2,RJPN-011,Band 1 (2100MHz),-86.0,-9.0,12.6,54.7,50.8,96.7
2026-07-22 17:00:00,RJPN-011-3,RJPN-011,Band 1 (2100MHz),-90.9,-13.3,14.6,68.9,51.8,91.3
2026-07-22 18:00:00,RJPN-001-1,RJPN-001,Band 1 (2100MHz),-89.9,-15.0,24.1,100.0,51.5,110.5
2026-07-22 18:00:00,RJPN-001-2,RJPN-001,Band 1 (2100MHz),-81.8,-11.9,13.7,81.7,43.9,131.1
2026-07-22 18:00:00,RJPN-001-3,RJPN-001,Band 1 (2100MHz),-82.1,-11.8,16.2,58.7,45.9,75.9
2026-07-22 18:00:00,RJPN-002-1,RJPN-002,Band 3 (1800MHz),-99.1,-13.9,6.6,53.4,34.3,135.5
2026-07-22 18:00:00,RJPN-002-2,RJPN-002,Band 3 (1800MHz),-90.7,-10.6,14.8,87.0,53.7,122.7
2026-07-22 18:00:00,RJPN-002-3,RJPN-002,Band 3 (1800MHz),-85.8,-11.7,12.9,76.3,40.0,128.2
2026-07-22 18:00:00,RJPN-003-1,RJPN-003,Band 1 (2100MHz),-87.9,-9.7,21.0,75.3,42.0,129.6
2026-07-22 18:00:00,RJPN-003-2,RJPN-003,Band 1 (2100MHz),-86.3,-13.2,14.5,64.3,33.5,85.3
2026-07-22 18:00:00,RJPN-003-3,RJPN-003,Band 1 (2100MHz),-82.9,-11.4,14.5,76.3,52.5,82.7
2026-07-22 18:00:00,RJPN-004-1,RJPN-004,Band 3 (1800MHz),-85.3,-13.1,14.6,70.9,39.6,124.9
2026-07-22 18:00:00,RJPN-004-2,RJPN-004,Band 3 (1800MHz),-85.6,-10.1,5.6,69.1,48.7,117.3
2026-07-22 18:00:00,RJPN-004-3,RJPN-004,Band 3 (1800MHz),-85.2,-12.0,13.9,73.4,39.1,67.9
2026-07-22 18:00:00,RJPN-005-1,RJPN-005,Band 1 (2100MHz),-88.0,-10.7,12.9,87.0,38.3,130.2
2026-07-22 18:00:00,RJPN-005-2,RJPN-005,Band 1 (2100MHz),-90.5,-9.9,12.8,86.2,50.2,92.8
2026-07-22 18:00:00,RJPN-005-3,RJPN-005,Band 1 (2100MHz),-87.8,-17.1,21.7,53.7,32.5,111.2
2026-07-22 18:00:00,RJPN-006-1,RJPN-006,Band 3 (1800MHz),-79.0,-12.0,16.6,64.8,59.4,156.8
2026-07-22 18:00:00,RJPN-006-2,RJPN-006,Band 3 (1800MHz),-87.9,-8.6,11.7,90.4,56.7,96.0
2026-07-22 18:00:00,RJPN-006-3,RJPN-006,Band 3 (1800MHz),-87.1,-10.5,12.2,67.8,42.9,139.2
2026-07-22 18:00:00,RJPN-007-1,RJPN-007,Band 1 (2100MHz),-90.5,-8.7,16.1,73.4,51.4,91.9
2026-07-22 18:00:00,RJPN-007-2,RJPN-007,Band 1 (2100MHz),-91.3,-11.7,7.6,59.2,36.3,131.0
2026-07-22 18:00:00,RJPN-007-3,RJPN-007,Band 1 (2100MHz),-86.7,-13.3,5.4,77.9,19.0,151.7
2026-07-22 18:00:00,RJPN-008-1,RJPN-008,Band 3 (1800MHz),-81.4,-8.6,11.2,76.5,40.2,137.8
2026-07-22 18:00:00,RJPN-008-2,RJPN-008,Band 3 (1800MHz),-86.4,-13.9,8.6,80.4,29.1,147.0
2026-07-22 18:00:00,RJPN-008-3,RJPN-008,Band 3 (1800MHz),-86.8,-12.0,9.7,80.3,45.4,132.5
2026-07-22 18:00:00,RJPN-009-1,RJPN-009,Band 1 (2100MHz),-94.6,-10.9,15.2,71.9,53.9,124.2
2026-07-22 18:00:00,RJPN-009-2,RJPN-009,Band 1 (2100MHz),-87.5,-9.4,10.1,74.5,35.9,131.1
2026-07-22 18:00:00,RJPN-009-3,RJPN-009,Band 1 (2100MHz),-98.7,-13.0,15.7,81.3,38.2,141.2
2026-07-22 18:00:00,RJPN-010-1,RJPN-010,Band 3 (1800MHz),-91.1,-14.4,8.6,67.0,57.3,131.9
2026-07-22 18:00:00,RJPN-010-2,RJPN-010,Band 3 (1800MHz),-89.5,-12.7,10.5,62.4,52.9,91.5
2026-07-22 18:00:00,RJPN-010-3,RJPN-010,Band 3 (1800MHz),-95.2,-15.7,6.7,66.7,49.4,133.7
2026-07-22 18:00:00,RJPN-011-1,RJPN-011,Band 1 (2100MHz),-102.0,-19.1,9.8,88.1,45.3,89.9
2026-07-22 18:00:00,RJPN-011-2,RJPN-011,Band 1 (2100MHz),-86.9,-10.5,18.6,80.1,30.9,121.0
2026-07-22 18:00:00,RJPN-011-3,RJPN-011,Band 1 (2100MHz),-89.7,-11.2,14.4,71.1,41.3,152.0
2026-07-22 19:00:00,RJPN-001-1,RJPN-001,Band 1 (2100MHz),-91.7,-12.7,14.6,75.4,43.0,108.4
2026-07-22 19:00:00,RJPN-001-2,RJPN-001,Band 1 (2100MHz),-92.5,-13.0,8.6,76.3,33.9,78.2
2026-07-22 19:00:00,RJPN-001-3,RJPN-001,Band 1 (2100MHz),-85.2,-10.4,18.0,82.9,49.2,132.9
2026-07-22 19:00:00,RJPN-002-1,RJPN-002,Band 3 (1800MHz),-97.9,-14.0,9.3,63.0,33.5,107.7
2026-07-22 19:00:00,RJPN-002-2,RJPN-002,Band 3 (1800MHz),-86.3,-14.0,10.2,65.0,52.1,129.6
2026-07-22 19:00:00,RJPN-002-3,RJPN-002,Band 3 (1800MHz),-83.0,-10.0,11.2,56.7,53.6,112.4
2026-07-22 19:00:00,RJPN-003-1,RJPN-003,Band 1 (2100MHz),-90.2,-11.5,9.6,100.0,38.3,121.0
2026-07-22 19:00:00,RJPN-003-2,RJPN-003,Band 1 (2100MHz),-85.5,-12.0,13.3,75.9,38.5,109.8
2026-07-22 19:00:00,RJPN-003-3,RJPN-003,Band 1 (2100MHz),-87.4,-12.2,22.6,79.4,45.5,137.3
2026-07-22 19:00:00,RJPN-004-1,RJPN-004,Band 3 (1800MHz),-86.6,-12.2,4.4,69.4,43.7,94.5
2026-07-22 19:00:00,RJPN-004-2,RJPN-004,Band 3 (1800MHz),-85.3,-12.5,9.6,44.3,22.8,171.6
2026-07-22 19:00:00,RJPN-004-3,RJPN-004,Band 3 (1800MHz),-93.1,-13.3,17.7,67.9,38.2,149.9
2026-07-22 19:00:00,RJPN-005-1,RJPN-005,Band 1 (2100MHz),-90.6,-14.3,12.5,69.2,52.9,103.2
2026-07-22 19:00:00,RJPN-005-2,RJPN-005,Band 1 (2100MHz),-87.4,-10.7,14.6,84.4,55.1,115.1
2026-07-22 19:00:00,RJPN-005-3,RJPN-005,Band 1 (2100MHz),-83.6,-9.4,11.9,73.2,29.4,115.0
2026-07-22 19:00:00,RJPN-006-1,RJPN-006,Band 3 (1800MHz),-79.4,-10.4,10.8,78.6,59.3,87.7
2026-07-22 19:00:00,RJPN-006-2,RJPN-006,Band 3 (1800MHz),-79.9,-13.2,12.3,71.7,23.5,127.1
2026-07-22 19:00:00,RJPN-006-3,RJPN-006,Band 3 (1800MHz),-88.2,-9.6,1.2,58.5,38.6,147.4
2026-07-22 19:00:00,RJPN-007-1,RJPN-007,Band 1 (2100MHz),-88.7,-13.0,20.3,78.7,31.8,113.7
2026-07-22 19:00:00,RJPN-007-2,RJPN-007,Band 1 (2100MHz),-85.7,-12.7,17.3,78.3,42.2,146.9
2026-07-22 19:00:00,RJPN-007-3,RJPN-007,Band 1 (2100MHz),-80.8,-14.8,9.0,92.9,50.8,132.4
2026-07-22 19:00:00,RJPN-008-1,RJPN-008,Band 3 (1800MHz),-88.7,-11.0,3.3,43.7,40.1,158.0
2026-07-22 19:00:00,RJPN-008-2,RJPN-008,Band 3 (1800MHz),-90.9,-13.0,14.7,70.0,37.4,99.1
2026-07-22 19:00:00,RJPN-008-3,RJPN-008,Band 3 (1800MHz),-90.6,-10.5,10.2,84.9,51.5,108.9
2026-07-22 19:00:00,RJPN-009-1,RJPN-009,Band 1 (2100MHz),-81.1,-15.0,12.8,69.2,52.0,130.3
2026-07-22 19:00:00,RJPN-009-2,RJPN-009,Band 1 (2100MHz),-87.7,-12.5,18.7,92.7,37.0,132.9
2026-07-22 19:00:00,RJPN-009-3,RJPN-009,Band 1 (2100MHz),-85.9,-9.5,20.5,55.4,54.2,112.8
2026-07-22 19:00:00,RJPN-010-1,RJPN-010,Band 3 (1800MHz),-86.1,-11.2,11.1,60.5,44.1,104.8
2026-07-22 19:00:00,RJPN-010-2,RJPN-010,Band 3 (1800MHz),-85.2,-10.5,14.7,80.9,43.8,84.7
2026-07-22 19:00:00,RJPN-010-3,RJPN-010,Band 3 (1800MHz),-104.9,-15.4,5.7,86.1,39.9,142.4
2026-07-22 19:00:00,RJPN-011-1,RJPN-011,Band 1 (2100MHz),-99.2,-19.8,-0.5,79.3,61.8,114.0
2026-07-22 19:00:00,RJPN-011-2,RJPN-011,Band 1 (2100MHz),-84.9,-14.0,17.3,70.3,33.9,140.5
2026-07-22 19:00:00,RJPN-011-3,RJPN-011,Band 1 (2100MHz),-85.6,-15.1,18.7,81.5,37.1,106.3
2026-07-22 20:00:00,RJPN-001-1,RJPN-001,Band 1 (2100MHz),-84.6,-13.1,17.0,44.1,44.1,91.9
2026-07-22 20:00:00,RJPN-001-2,RJPN-001,Band 1 (2100MHz),-75.7,-14.1,7.6,67.1,22.6,81.5
2026-07-22 20:00:00,RJPN-001-3,RJPN-001,Band 1 (2100MHz),-88.7,-13.0,23.6,60.8,34.5,93.3
2026-07-22 20:00:00,RJPN-002-1,RJPN-002,Band 3 (1800MHz),-99.7,-11.7,10.5,64.0,55.2,94.4
2026-07-22 20:00:00,RJPN-002-2,RJPN-002,Band 3 (1800MHz),-84.9,-9.3,12.0,56.3,42.6,99.6
2026-07-22 20:00:00,RJPN-002-3,RJPN-002,Band 3 (1800MHz),-86.3,-10.8,11.3,61.9,42.6,103.2
2026-07-22 20:00:00,RJPN-003-1,RJPN-003,Band 1 (2100MHz),-97.4,-8.8,14.4,43.6,39.5,137.8
2026-07-22 20:00:00,RJPN-003-2,RJPN-003,Band 1 (2100MHz),-89.9,-14.5,22.3,63.0,43.2,111.5
2026-07-22 20:00:00,RJPN-003-3,RJPN-003,Band 1 (2100MHz),-94.6,-10.5,15.7,65.8,52.7,100.9
2026-07-22 20:00:00,RJPN-004-1,RJPN-004,Band 3 (1800MHz),-83.8,-10.8,15.6,72.6,21.2,130.7
2026-07-22 20:00:00,RJPN-004-2,RJPN-004,Band 3 (1800MHz),-89.0,-12.2,8.3,61.1,55.3,114.2
2026-07-22 20:00:00,RJPN-004-3,RJPN-004,Band 3 (1800MHz),-86.9,-11.6,3.2,61.9,40.8,114.1
2026-07-22 20:00:00,RJPN-005-1,RJPN-005,Band 1 (2100MHz),-100.7,-12.6,14.1,72.3,28.8,103.3
2026-07-22 20:00:00,RJPN-005-2,RJPN-005,Band 1 (2100MHz),-80.9,-8.7,13.7,79.0,23.1,123.3
2026-07-22 20:00:00,RJPN-005-3,RJPN-005,Band 1 (2100MHz),-85.8,-9.1,6.0,79.8,43.5,88.1
2026-07-22 20:00:00,RJPN-006-1,RJPN-006,Band 3 (1800MHz),-81.4,-11.7,24.7,67.6,34.2,133.7
2026-07-22 20:00:00,RJPN-006-2,RJPN-006,Band 3 (1800MHz),-86.3,-10.1,9.1,67.5,36.6,100.8
2026-07-22 20:00:00,RJPN-006-3,RJPN-006,Band 3 (1800MHz),-82.3,-10.1,6.9,52.8,30.7,89.2
2026-07-22 20:00:00,RJPN-007-1,RJPN-007,Band 1 (2100MHz),-82.7,-9.2,21.5,52.4,44.5,69.7
2026-07-22 20:00:00,RJPN-007-2,RJPN-007,Band 1 (2100MHz),-88.1,-12.0,8.1,77.7,34.6,64.9
2026-07-22 20:00:00,RJPN-007-3,RJPN-007,Band 1 (2100MHz),-84.7,-8.9,6.7,75.9,35.0,64.1
2026-07-22 20:00:00,RJPN-008-1,RJPN-008,Band 3 (1800MHz),-85.5,-13.2,9.1,55.7,30.0,101.5
2026-07-22 20:00:00,RJPN-008-2,RJPN-008,Band 3 (1800MHz),-91.9,-9.6,17.7,64.2,28.5,121.9
2026-07-22 20:00:00,RJPN-008-3,RJPN-008,Band 3 (1800MHz),-80.6,-11.0,25.9,77.0,36.1,122.7
2026-07-22 20:00:00,RJPN-009-1,RJPN-009,Band 1 (2100MHz),-87.5,-9.4,6.2,53.3,35.1,112.6
2026-07-22 20:00:00,RJPN-009-2,RJPN-009,Band 1 (2100MHz),-89.0,-12.4,4.2,69.3,44.5,91.0
2026-07-22 20:00:00,RJPN-009-3,RJPN-009,Band 1 (2100MHz),-88.8,-9.2,8.3,59.5,46.8,93.6
2026-07-22 20:00:00,RJPN-010-1,RJPN-010,Band 3 (1800MHz),-92.2,-15.7,16.4,83.5,42.5,158.9
2026-07-22 20:00:00,RJPN-010-2,RJPN-010,Band 3 (1800MHz),-81.6,-12.4,10.4,67.8,48.2,142.2
2026-07-22 20:00:00,RJPN-010-3,RJPN-010,Band 3 (1800MHz),-97.4,-16.6,8.8,71.3,36.5,112.8
2026-07-22 20:00:00,RJPN-011-1,RJPN-011,Band 1 (2100MHz),-96.8,-15.5,6.9,71.2,43.9,88.4
2026-07-22 20:00:00,RJPN-011-2,RJPN-011,Band 1 (2100MHz),-88.8,-12.5,16.6,52.6,32.7,162.9
2026-07-22 20:00:00,RJPN-011-3,RJPN-011,Band 1 (2100MHz),-88.4,-13.7,10.3,78.3,24.4,82.6
2026-07-22 21:00:00,RJPN-001-1,RJPN-001,Band 1 (2100MHz),-89.4,-9.5,23.3,3.2,11.7,49.6
2026-07-22 21:00:00,RJPN-001-2,RJPN-001,Band 1 (2100MHz),-91.1,-9.3,15.5,34.3,14.4,25.0
2026-07-22 21:00:00,RJPN-001-3,RJPN-001,Band 1 (2100MHz),-83.9,-10.0,5.5,28.3,0.0,0.0
2026-07-22 21:00:00,RJPN-002-1,RJPN-002,Band 3 (1800MHz),-96.6,-13.4,10.8,5.2,14.8,59.2
2026-07-22 21:00:00,RJPN-002-2,RJPN-002,Band 3 (1800MHz),-80.9,-6.2,4.5,23.1,0.0,2.9
2026-07-22 21:00:00,RJPN-002-3,RJPN-002,Band 3 (1800MHz),-86.9,-2.5,25.9,18.5,0.6,31.6
2026-07-22 21:00:00,RJPN-003-1,RJPN-003,Band 1 (2100MHz),-89.0,-7.7,9.6,7.8,10.5,5.0
2026-07-22 21:00:00,RJPN-003-2,RJPN-003,Band 1 (2100MHz),-91.6,-7.4,6.3,23.8,21.4,0.0
2026-07-22 21:00:00,RJPN-003-3,RJPN-003,Band 1 (2100MHz),-85.1,-10.0,21.5,33.5,9.5,7.4
2026-07-22 21:00:00,RJPN-004-1,RJPN-004,Band 3 (1800MHz),-92.8,-5.3,15.6,8.5,13.6,0.0
2026-07-22 21:00:00,RJPN-004-2,RJPN-004,Band 3 (1800MHz),-83.1,-7.3,18.2,35.8,15.9,16.5
2026-07-22 21:00:00,RJPN-004-3,RJPN-004,Band 3 (1800MHz),-87.5,-9.0,8.3,18.6,17.5,6.8
2026-07-22 21:00:00,RJPN-005-1,RJPN-005,Band 1 (2100MHz),-85.2,-8.6,14.2,13.6,20.8,36.8
2026-07-22 21:00:00,RJPN-005-2,RJPN-005,Band 1 (2100MHz),-81.4,-8.0,8.3,23.9,23.3,8.0
2026-07-22 21:00:00,RJPN-005-3,RJPN-005,Band 1 (2100MHz),-90.6,-12.6,17.8,12.5,6.9,23.6
2026-07-22 21:00:00,RJPN-006-1,RJPN-006,Band 3 (1800MHz),-83.9,-9.5,12.7,16.1,0.0,52.6
2026-07-22 21:00:00,RJPN-006-2,RJPN-006,Band 3 (1800MHz),-91.0,-4.3,22.1,16.6,8.3,30.3
2026-07-22 21:00:00,RJPN-006-3,RJPN-006,Band 3 (1800MHz),-87.2,-8.8,3.5,13.9,26.5,0.0
2026-07-22 21:00:00,RJPN-007-1,RJPN-007,Band 1 (2100MHz),-88.4,-8.8,6.9,16.6,6.5,0.0
2026-07-22 21:00:00,RJPN-007-2,RJPN-007,Band 1 (2100MHz),-83.0,-6.9,12.0,2.3,0.7,33.2
2026-07-22 21:00:00,RJPN-007-3,RJPN-007,Band 1 (2100MHz),-91.7,-10.1,7.0,14.5,7.9,67.4
2026-07-22 21:00:00,RJPN-008-1,RJPN-008,Band 3 (1800MHz),-86.4,-10.5,16.1,21.1,15.6,38.8
2026-07-22 21:00:00,RJPN-008-2,RJPN-008,Band 3 (1800MHz),-88.1,-10.3,15.4,31.3,25.5,22.0
2026-07-22 21:00:00,RJPN-008-3,RJPN-008,Band 3 (1800MHz),-86.3,-6.2,17.8,27.3,0.0,42.6
2026-07-22 21:00:00,RJPN-009-1,RJPN-009,Band 1 (2100MHz),-93.1,-11.5,12.8,43.1,17.5,31.8
2026-07-22 21:00:00,RJPN-009-2,RJPN-009,Band 1 (2100MHz),-88.7,-10.5,7.9,47.3,11.6,0.0
2026-07-22 21:00:00,RJPN-009-3,RJPN-009,Band 1 (2100MHz),-89.3,-9.4,18.0,49.9,1.4,68.5
2026-07-22 21:00:00,RJPN-010-1,RJPN-010,Band 3 (1800MHz),-87.6,-7.3,12.1,19.2,4.0,0.3
2026-07-22 21:00:00,RJPN-010-2,RJPN-010,Band 3 (1800MHz),-90.8,-10.5,11.1,5.7,3.9,56.8
2026-07-22 21:00:00,RJPN-010-3,RJPN-010,Band 3 (1800MHz),-101.4,-12.3,-2.5,28.4,0.0,56.7
2026-07-22 21:00:00,RJPN-011-1,RJPN-011,Band 1 (2100MHz),-98.4,-11.3,16.9,3.2,11.0,37.8
2026-07-22 21:00:00,RJPN-011-2,RJPN-011,Band 1 (2100MHz),-83.6,-7.0,11.9,12.7,0.0,44.2
2026-07-22 21:00:00,RJPN-011-3,RJPN-011,Band 1 (2100MHz),-90.9,-9.0,11.6,11.3,13.2,43.4
2026-07-22 22:00:00,RJPN-001-1,RJPN-001,Band 1 (2100MHz),-85.0,-6.6,7.4,33.2,15.2,0.0
2026-07-22 22:00:00,RJPN-001-2,RJPN-001,Band 1 (2100MHz),-90.7,-5.0,11.0,4.2,10.8,42.6
2026-07-22 22:00:00,RJPN-001-3,RJPN-001,Band 1 (2100MHz),-95.3,-5.2,9.1,5.4,0.0,48.3
2026-07-22 22:00:00,RJPN-002-1,RJPN-002,Band 3 (1800MHz),-101.3,-10.3,6.3,0.0,0.0,46.7
2026-07-22 22:00:00,RJPN-002-2,RJPN-002,Band 3 (1800MHz),-79.5,-7.8,0.8,0.0,8.3,9.2
2026-07-22 22:00:00,RJPN-002-3,RJPN-002,Band 3 (1800MHz),-91.5,-5.7,8.3,0.0,11.7,0.0
2026-07-22 22:00:00,RJPN-003-1,RJPN-003,Band 1 (2100MHz),-87.1,-6.3,14.7,3.4,0.0,41.2
2026-07-22 22:00:00,RJPN-003-2,RJPN-003,Band 1 (2100MHz),-83.0,-7.8,18.1,10.3,3.9,14.1
2026-07-22 22:00:00,RJPN-003-3,RJPN-003,Band 1 (2100MHz),-87.6,-6.2,12.6,13.5,2.2,14.5
2026-07-22 22:00:00,RJPN-004-1,RJPN-004,Band 3 (1800MHz),-84.2,-7.0,12.5,5.4,4.6,0.0
2026-07-22 22:00:00,RJPN-004-2,RJPN-004,Band 3 (1800MHz),-89.2,-4.5,17.4,9.8,8.1,0.0
2026-07-22 22:00:00,RJPN-004-3,RJPN-004,Band 3 (1800MHz),-84.9,-8.4,3.1,24.4,10.2,19.8
2026-07-22 22:00:00,RJPN-005-1,RJPN-005,Band 1 (2100MHz),-87.6,-3.2,10.3,16.7,5.6,3.6
2026-07-22 22:00:00,RJPN-005-2,RJPN-005,Band 1 (2100MHz),-80.2,-9.1,15.6,1.9,14.7,20.4
2026-07-22 22:00:00,RJPN-005-3,RJPN-005,Band 1 (2100MHz),-80.8,-8.9,18.0,7.9,2.0,52.3
2026-07-22 22:00:00,RJPN-006-1,RJPN-006,Band 3 (1800MHz),-82.8,-10.0,17.5,14.6,0.0,27.8
2026-07-22 22:00:00,RJPN-006-2,RJPN-006,Band 3 (1800MHz),-90.2,-6.3,13.6,0.0,4.3,0.2
2026-07-22 22:00:00,RJPN-006-3,RJPN-006,Band 3 (1800MHz),-88.9,-10.4,18.6,0.0,0.0,0.7
2026-07-22 22:00:00,RJPN-007-1,RJPN-007,Band 1 (2100MHz),-79.3,-7.8,10.1,24.3,3.6,29.3
2026-07-22 22:00:00,RJPN-007-2,RJPN-007,Band 1 (2100MHz),-83.5,-6.8,18.3,0.0,14.9,0.0
2026-07-22 22:00:00,RJPN-007-3,RJPN-007,Band 1 (2100MHz),-85.5,-7.7,9.1,42.7,25.2,0.2
2026-07-22 22:00:00,RJPN-008-1,RJPN-008,Band 3 (1800MHz),-87.7,-11.3,14.5,7.2,14.6,0.0
2026-07-22 22:00:00,RJPN-008-2,RJPN-008,Band 3 (1800MHz),-89.9,-10.4,8.9,19.2,0.1,18.3
2026-07-22 22:00:00,RJPN-008-3,RJPN-008,Band 3 (1800MHz),-87.0,-4.9,14.0,4.1,0.0,23.8
2026-07-22 22:00:00,RJPN-009-1,RJPN-009,Band 1 (2100MHz),-89.1,-12.4,14.6,0.0,2.1,51.5
2026-07-22 22:00:00,RJPN-009-2,RJPN-009,Band 1 (2100MHz),-86.7,-4.9,12.0,0.4,5.4,0.0
2026-07-22 22:00:00,RJPN-009-3,RJPN-009,Band 1 (2100MHz),-89.0,-6.5,17.2,29.6,12.2,25.9
2026-07-22 22:00:00,RJPN-010-1,RJPN-010,Band 3 (1800MHz),-86.8,-8.4,10.7,9.9,15.2,0.0
2026-07-22 22:00:00,RJPN-010-2,RJPN-010,Band 3 (1800MHz),-94.0,-4.1,13.7,19.8,0.0,61.8
2026-07-22 22:00:00,RJPN-010-3,RJPN-010,Band 3 (1800MHz),-102.5,-12.7,5.3,14.3,6.3,43.7
2026-07-22 22:00:00,RJPN-011-1,RJPN-011,Band 1 (2100MHz),-97.5,-10.9,-3.4,0.0,11.5,25.5
2026-07-22 22:00:00,RJPN-011-2,RJPN-011,Band 1 (2100MHz),-98.4,-6.9,9.7,0.0,4.3,17.0
2026-07-22 22:00:00,RJPN-011-3,RJPN-011,Band 1 (2100MHz),-86.1,-7.3,11.4,0.0,0.0,8.3
2026-07-22 23:00:00,RJPN-001-1,RJPN-001,Band 1 (2100MHz),-93.9,-10.2,16.9,9.4,16.4,9.6
2026-07-22 23:00:00,RJPN-001-2,RJPN-001,Band 1 (2100MHz),-90.2,-5.1,6.7,5.0,0.9,29.8
2026-07-22 23:00:00,RJPN-001-3,RJPN-001,Band 1 (2100MHz),-84.0,-7.4,11.7,7.8,0.0,36.3
2026-07-22 23:00:00,RJPN-002-1,RJPN-002,Band 3 (1800MHz),-101.1,-11.4,-1.4,15.0,0.4,34.0
2026-07-22 23:00:00,RJPN-002-2,RJPN-002,Band 3 (1800MHz),-89.9,-8.3,11.9,11.8,0.0,32.9
2026-07-22 23:00:00,RJPN-002-3,RJPN-002,Band 3 (1800MHz),-85.3,-3.8,10.3,7.5,3.2,30.5
2026-07-22 23:00:00,RJPN-003-1,RJPN-003,Band 1 (2100MHz),-78.2,-8.6,12.7,16.9,4.5,30.9
2026-07-22 23:00:00,RJPN-003-2,RJPN-003,Band 1 (2100MHz),-85.5,-5.8,11.6,16.6,1.2,15.5
2026-07-22 23:00:00,RJPN-003-3,RJPN-003,Band 1 (2100MHz),-89.0,-8.3,19.5,0.0,9.3,14.0
2026-07-22 23:00:00,RJPN-004-1,RJPN-004,Band 3 (1800MHz),-87.8,-9.7,12.4,14.5,0.0,15.0
2026-07-22 23:00:00,RJPN-004-2,RJPN-004,Band 3 (1800MHz),-85.3,-7.8,5.6,0.0,0.0,49.4
2026-07-22 23:00:00,RJPN-004-3,RJPN-004,Band 3 (1800MHz),-87.0,-9.5,14.1,2.1,10.8,0.0
2026-07-22 23:00:00,RJPN-005-1,RJPN-005,Band 1 (2100MHz),-89.9,-7.5,9.8,2.2,15.0,0.0
2026-07-22 23:00:00,RJPN-005-2,RJPN-005,Band 1 (2100MHz),-91.4,-6.4,8.1,39.9,15.1,36.5
2026-07-22 23:00:00,RJPN-005-3,RJPN-005,Band 1 (2100MHz),-89.9,-8.8,22.5,18.6,0.8,0.0
2026-07-22 23:00:00,RJPN-006-1,RJPN-006,Band 3 (1800MHz),-83.0,-12.0,7.8,12.0,0.0,0.3
2026-07-22 23:00:00,RJPN-006-2,RJPN-006,Band 3 (1800MHz),-86.0,-10.5,11.2,16.8,11.0,0.0
2026-07-22 23:00:00,RJPN-006-3,RJPN-006,Band 3 (1800MHz),-89.0,-9.5,15.1,10.7,7.2,17.5
2026-07-22 23:00:00,RJPN-007-1,RJPN-007,Band 1 (2100MHz),-82.1,-9.7,7.4,8.4,0.0,0.0
2026-07-22 23:00:00,RJPN-007-2,RJPN-007,Band 1 (2100MHz),-85.2,-7.5,8.8,9.8,4.8,45.4
2026-07-22 23:00:00,RJPN-007-3,RJPN-007,Band 1 (2100MHz),-76.6,-11.1,13.6,20.6,9.3,59.5
2026-07-22 23:00:00,RJPN-008-1,RJPN-008,Band 3 (1800MHz),-85.0,-5.2,12.7,0.0,15.1,16.2
2026-07-22 23:00:00,RJPN-008-2,RJPN-008,Band 3 (1800MHz),-84.7,-8.4,15.8,6.8,6.3,10.9
2026-07-22 23:00:00,RJPN-008-3,RJPN-008,Band 3 (1800MHz),-87.6,-7.0,8.4,28.0,4.4,0.0
2026-07-22 23:00:00,RJPN-009-1,RJPN-009,Band 1 (2100MHz),-86.0,-5.9,23.4,13.9,8.1,24.2
2026-07-22 23:00:00,RJPN-009-2,RJPN-009,Band 1 (2100MHz),-90.9,-12.0,23.9,32.2,5.3,52.2
2026-07-22 23:00:00,RJPN-009-3,RJPN-009,Band 1 (2100MHz),-89.5,-7.6,19.3,0.0,20.5,19.4
2026-07-22 23:00:00,RJPN-010-1,RJPN-010,Band 3 (1800MHz),-87.2,-7.2,8.9,14.5,0.0,0.0
2026-07-22 23:00:00,RJPN-010-2,RJPN-010,Band 3 (1800MHz),-84.9,-8.1,14.9,24.1,0.0,47.8
2026-07-22 23:00:00,RJPN-010-3,RJPN-010,Band 3 (1800MHz),-98.9,-14.2,6.6,4.5,3.4,29.0
2026-07-22 23:00:00,RJPN-011-1,RJPN-011,Band 1 (2100MHz),-96.3,-12.3,0.8,18.6,0.0,0.0
2026-07-22 23:00:00,RJPN-011-2,RJPN-011,Band 1 (2100MHz),-85.7,-8.4,5.4,26.6,0.0,18.0
2026-07-22 23:00:00,RJPN-011-3,RJPN-011,Band 1 (2100MHz),-93.4,-8.0,5.9,13.4,0.1,44.1
2026-07-23 00:00:00,RJPN-001-1,RJPN-001,Band 1 (2100MHz),-86.1,-5.8,12.7,6.6,4.0,17.3
2026-07-23 00:00:00,RJPN-001-2,RJPN-001,Band 1 (2100MHz),-86.8,-5.5,19.7,0.0,13.5,0.0
2026-07-23 00:00:00,RJPN-001-3,RJPN-001,Band 1 (2100MHz),-91.5,-7.1,14.6,0.0,15.4,0.0
2026-07-23 00:00:00,RJPN-002-1,RJPN-002,Band 3 (1800MHz),-100.9,-9.2,7.7,9.7,0.0,24.5
2026-07-23 00:00:00,RJPN-002-2,RJPN-002,Band 3 (1800MHz),-88.3,-7.2,13.3,22.7,0.7,0.0
2026-07-23 00:00:00,RJPN-002-3,RJPN-002,Band 3 (1800MHz),-88.7,-7.2,12.6,5.2,0.0,13.1
2026-07-23 00:00:00,RJPN-003-1,RJPN-003,Band 1 (2100MHz),-86.3,-11.5,18.5,21.9,4.9,0.0
2026-07-23 00:00:00,RJPN-003-2,RJPN-003,Band 1 (2100MHz),-90.7,-7.2,0.0,5.9,0.0,15.5
2026-07-23 00:00:00,RJPN-003-3,RJPN-003,Band 1 (2100MHz),-90.2,-9.7,19.0,19.7,0.0,25.8
2026-07-23 00:00:00,RJPN-004-1,RJPN-004,Band 3 (1800MHz),-80.3,-8.1,7.8,23.0,13.4,41.6
2026-07-23 00:00:00,RJPN-004-2,RJPN-004,Band 3 (1800MHz),-91.2,-7.0,20.1,19.3,1.9,0.0
2026-07-23 00:00:00,RJPN-004-3,RJPN-004,Band 3 (1800MHz),-83.8,-8.4,11.8,9.8,16.2,19.5
2026-07-23 00:00:00,RJPN-005-1,RJPN-005,Band 1 (2100MHz),-87.5,-6.4,14.8,0.0,0.0,6.5
2026-07-23 00:00:00,RJPN-005-2,RJPN-005,Band 1 (2100MHz),-86.0,-9.4,18.9,13.7,9.1,12.4
2026-07-23 00:00:00,RJPN-005-3,RJPN-005,Band 1 (2100MHz),-90.6,-8.0,21.8,14.4,7.4,3.0
2026-07-23 00:00:00,RJPN-006-1,RJPN-006,Band 3 (1800MHz),-85.8,-8.9,17.5,7.3,7.7,31.6
2026-07-23 00:00:00,RJPN-006-2,RJPN-006,Band 3 (1800MHz),-82.5,-7.2,9.3,0.0,9.6,17.4
2026-07-23 00:00:00,RJPN-006-3,RJPN-006,Band 3 (1800MHz),-87.4,-6.3,12.3,26.8,10.5,35.4
2026-07-23 00:00:00,RJPN-007-1,RJPN-007,Band 1 (2100MHz),-86.2,-10.4,10.7,15.6,8.9,31.5
2026-07-23 00:00:00,RJPN-007-2,RJPN-007,Band 1 (2100MHz),-83.7,-5.6,13.6,0.0,0.0,0.0
2026-07-23 00:00:00,RJPN-007-3,RJPN-007,Band 1 (2100MHz),-83.5,-7.7,13.8,0.0,1.7,33.1
2026-07-23 00:00:00,RJPN-008-1,RJPN-008,Band 3 (1800MHz),-86.3,-7.4,16.1,3.5,14.8,21.2
2026-07-23 00:00:00,RJPN-008-2,RJPN-008,Band 3 (1800MHz),-89.9,-9.6,13.6,0.0,5.5,39.4
2026-07-23 00:00:00,RJPN-008-3,RJPN-008,Band 3 (1800MHz),-91.2,-5.7,7.7,4.8,3.0,12.2
2026-07-23 00:00:00,RJPN-009-1,RJPN-009,Band 1 (2100MHz),-83.4,-10.4,10.4,8.0,5.3,30.3
2026-07-23 00:00:00,RJPN-009-2,RJPN-009,Band 1 (2100MHz),-84.5,-8.9,22.0,24.0,11.4,33.2
2026-07-23 00:00:00,RJPN-009-3,RJPN-009,Band 1 (2100MHz),-83.8,-9.3,20.2,24.3,0.0,41.5
2026-07-23 00:00:00,RJPN-010-1,RJPN-010,Band 3 (1800MHz),-84.3,-6.6,8.1,28.8,12.4,0.0
2026-07-23 00:00:00,RJPN-010-2,RJPN-010,Band 3 (1800MHz),-82.9,-7.2,10.0,32.9,0.0,0.0
2026-07-23 00:00:00,RJPN-010-3,RJPN-010,Band 3 (1800MHz),-106.1,-14.1,8.2,17.0,0.0,31.3
2026-07-23 00:00:00,RJPN-011-1,RJPN-011,Band 1 (2100MHz),-97.8,-7.6,3.9,8.5,3.6,29.0
2026-07-23 00:00:00,RJPN-011-2,RJPN-011,Band 1 (2100MHz),-93.2,-12.4,15.4,7.2,0.0,0.0
2026-07-23 00:00:00,RJPN-011-3,RJPN-011,Band 1 (2100MHz),-85.2,-5.5,14.9,0.0,6.0,0.0
2026-07-23 01:00:00,RJPN-001-1,RJPN-001,Band 1 (2100MHz),-90.0,-5.5,8.8,7.4,1.0,40.7
2026-07-23 01:00:00,RJPN-001-2,RJPN-001,Band 1 (2100MHz),-86.4,-6.3,11.3,3.9,22.3,23.0
2026-07-23 01:00:00,RJPN-001-3,RJPN-001,Band 1 (2100MHz),-84.4,-9.2,9.8,2.9,0.0,46.1
2026-07-23 01:00:00,RJPN-002-1,RJPN-002,Band 3 (1800MHz),-97.1,-12.0,4.5,32.4,22.4,37.6
2026-07-23 01:00:00,RJPN-002-2,RJPN-002,Band 3 (1800MHz),-85.8,-6.3,19.9,19.0,18.3,36.6
2026-07-23 01:00:00,RJPN-002-3,RJPN-002,Band 3 (1800MHz),-80.7,-8.5,16.2,23.6,0.0,0.0
2026-07-23 01:00:00,RJPN-003-1,RJPN-003,Band 1 (2100MHz),-90.0,-12.4,27.0,7.7,0.0,11.6
2026-07-23 01:00:00,RJPN-003-2,RJPN-003,Band 1 (2100MHz),-89.3,-11.9,13.0,1.4,1.1,22.3
2026-07-23 01:00:00,RJPN-003-3,RJPN-003,Band 1 (2100MHz),-81.7,-7.1,10.4,1.5,3.1,40.7
2026-07-23 01:00:00,RJPN-004-1,RJPN-004,Band 3 (1800MHz),-89.7,-9.5,16.5,0.0,8.5,0.0
2026-07-23 01:00:00,RJPN-004-2,RJPN-004,Band 3 (1800MHz),-83.2,-5.3,15.9,23.6,23.0,5.6
2026-07-23 01:00:00,RJPN-004-3,RJPN-004,Band 3 (1800MHz),-87.5,-6.9,9.8,0.0,0.7,0.0
2026-07-23 01:00:00,RJPN-005-1,RJPN-005,Band 1 (2100MHz),-90.7,-10.2,21.5,19.2,0.0,10.6
2026-07-23 01:00:00,RJPN-005-2,RJPN-005,Band 1 (2100MHz),-80.4,-6.5,3.1,0.0,2.0,44.1
2026-07-23 01:00:00,RJPN-005-3,RJPN-005,Band 1 (2100MHz),-91.6,-6.9,12.4,0.0,15.4,0.0
2026-07-23 01:00:00,RJPN-006-1,RJPN-006,Band 3 (1800MHz),-86.4,-6.6,21.0,2.2,3.6,26.8
2026-07-23 01:00:00,RJPN-006-2,RJPN-006,Band 3 (1800MHz),-91.3,-8.2,16.0,9.1,0.0,24.0
2026-07-23 01:00:00,RJPN-006-3,RJPN-006,Band 3 (1800MHz),-87.3,-9.5,12.4,17.5,0.6,0.1
2026-07-23 01:00:00,RJPN-007-1,RJPN-007,Band 1 (2100MHz),-92.8,-6.0,15.6,7.3,3.9,47.0
2026-07-23 01:00:00,RJPN-007-2,RJPN-007,Band 1 (2100MHz),-82.4,-7.3,15.0,1.3,21.7,25.2
2026-07-23 01:00:00,RJPN-007-3,RJPN-007,Band 1 (2100MHz),-86.6,-6.9,6.5,19.7,11.5,3.3
2026-07-23 01:00:00,RJPN-008-1,RJPN-008,Band 3 (1800MHz),-84.7,-7.8,15.5,29.4,7.0,17.1
2026-07-23 01:00:00,RJPN-008-2,RJPN-008,Band 3 (1800MHz),-84.2,-6.4,15.3,7.3,1.0,19.3
2026-07-23 01:00:00,RJPN-008-3,RJPN-008,Band 3 (1800MHz),-92.8,-8.7,9.8,45.1,13.3,0.0
2026-07-23 01:00:00,RJPN-009-1,RJPN-009,Band 1 (2100MHz),-88.8,-7.9,8.5,0.0,17.5,0.0
2026-07-23 01:00:00,RJPN-009-2,RJPN-009,Band 1 (2100MHz),-89.0,-9.8,6.2,0.0,2.6,54.5
2026-07-23 01:00:00,RJPN-009-3,RJPN-009,Band 1 (2100MHz),-85.4,-12.4,13.4,2.6,12.5,44.6
2026-07-23 01:00:00,RJPN-010-1,RJPN-010,Band 3 (1800MHz),-86.5,-8.4,17.9,13.9,0.0,24.9
2026-07-23 01:00:00,RJPN-010-2,RJPN-010,Band 3 (1800MHz),-95.5,-8.1,12.9,0.0,5.5,8.3
2026-07-23 01:00:00,RJPN-010-3,RJPN-010,Band 3 (1800MHz),-98.8,-11.2,11.3,0.0,0.0,3.9
2026-07-23 01:00:00,RJPN-011-1,RJPN-011,Band 1 (2100MHz),-97.2,-9.7,1.6,7.4,0.0,33.2
2026-07-23 01:00:00,RJPN-011-2,RJPN-011,Band 1 (2100MHz),-81.0,-9.3,15.0,32.6,14.6,22.6
2026-07-23 01:00:00,RJPN-011-3,RJPN-011,Band 1 (2100MHz),-82.9,-13.2,17.4,12.2,0.0,9.4
2026-07-23 02:00:00,RJPN-001-1,RJPN-001,Band 1 (2100MHz),-83.4,-5.8,12.1,2.3,17.9,6.9
2026-07-23 02:00:00,RJPN-001-2,RJPN-001,Band 1 (2100MHz),-83.2,-9.3,4.9,9.6,6.3,0.0
2026-07-23 02:00:00,RJPN-001-3,RJPN-001,Band 1 (2100MHz),-87.8,-5.3,24.5,19.0,5.5,22.2
2026-07-23 02:00:00,RJPN-002-1,RJPN-002,Band 3 (1800MHz),-100.6,-11.6,1.8,1.9,14.2,38.0
2026-07-23 02:00:00,RJPN-002-2,RJPN-002,Band 3 (1800MHz),-91.0,-3.3,6.5,2.5,16.2,4.2
2026-07-23 02:00:00,RJPN-002-3,RJPN-002,Band 3 (1800MHz),-86.0,-7.1,10.1,25.5,6.5,8.4
2026-07-23 02:00:00,RJPN-003-1,RJPN-003,Band 1 (2100MHz),-90.8,-6.6,16.0,0.0,4.9,11.6
2026-07-23 02:00:00,RJPN-003-2,RJPN-003,Band 1 (2100MHz),-88.7,-10.8,10.4,0.0,0.0,4.5
2026-07-23 02:00:00,RJPN-003-3,RJPN-003,Band 1 (2100MHz),-97.9,-9.7,17.6,8.5,11.6,45.1
2026-07-23 02:00:00,RJPN-004-1,RJPN-004,Band 3 (1800MHz),-86.2,-9.2,16.6,7.9,8.6,0.0
2026-07-23 02:00:00,RJPN-004-2,RJPN-004,Band 3 (1800MHz),-89.8,-7.7,16.8,17.3,21.7,32.3
2026-07-23 02:00:00,RJPN-004-3,RJPN-004,Band 3 (1800MHz),-83.6,-10.6,10.7,1.7,3.7,11.7
2026-07-23 02:00:00,RJPN-005-1,RJPN-005,Band 1 (2100MHz),-86.5,-9.8,13.3,8.0,14.3,8.7
2026-07-23 02:00:00,RJPN-005-2,RJPN-005,Band 1 (2100MHz),-85.4,-5.3,12.6,0.0,7.3,3.6
2026-07-23 02:00:00,RJPN-005-3,RJPN-005,Band 1 (2100MHz),-89.4,-9.7,9.6,0.0,0.0,0.0
2026-07-23 02:00:00,RJPN-006-1,RJPN-006,Band 3 (1800MHz),-80.2,-5.0,15.4,2.9,16.2,5.0
2026-07-23 02:00:00,RJPN-006-2,RJPN-006,Band 3 (1800MHz),-83.2,-6.9,5.2,5.8,12.0,0.0
2026-07-23 02:00:00,RJPN-006-3,RJPN-006,Band 3 (1800MHz),-86.9,-7.5,11.6,0.0,6.3,26.2
2026-07-23 02:00:00,RJPN-007-1,RJPN-007,Band 1 (2100MHz),-94.3,-7.9,23.6,6.0,4.6,67.8
2026-07-23 02:00:00,RJPN-007-2,RJPN-007,Band 1 (2100MHz),-92.9,-9.6,10.4,9.9,3.2,10.6
2026-07-23 02:00:00,RJPN-007-3,RJPN-007,Band 1 (2100MHz),-85.7,-9.5,9.6,1.4,0.0,0.0
2026-07-23 02:00:00,RJPN-008-1,RJPN-008,Band 3 (1800MHz),-85.1,-7.7,16.8,25.7,8.9,22.6
2026-07-23 02:00:00,RJPN-008-2,RJPN-008,Band 3 (1800MHz),-92.7,-9.8,5.0,0.0,2.1,47.1
2026-07-23 02:00:00,RJPN-008-3,RJPN-008,Band 3 (1800MHz),-92.6,-7.4,8.5,15.0,16.8,14.7
2026-07-23 02:00:00,RJPN-009-1,RJPN-009,Band 1 (2100MHz),-84.8,-8.6,18.6,0.0,11.5,29.4
2026-07-23 02:00:00,RJPN-009-2,RJPN-009,Band 1 (2100MHz),-87.0,-11.0,12.9,0.0,0.0,21.0
2026-07-23 02:00:00,RJPN-009-3,RJPN-009,Band 1 (2100MHz),-82.1,-6.6,13.5,4.0,7.3,10.1
2026-07-23 02:00:00,RJPN-010-1,RJPN-010,Band 3 (1800MHz),-91.5,-7.4,12.7,16.8,0.0,29.7
2026-07-23 02:00:00,RJPN-010-2,RJPN-010,Band 3 (1800MHz),-88.5,-8.3,5.7,16.3,5.9,35.2
2026-07-23 02:00:00,RJPN-010-3,RJPN-010,Band 3 (1800MHz),-114.9,-10.8,-2.3,31.4,1.1,14.1
2026-07-23 02:00:00,RJPN-011-1,RJPN-011,Band 1 (2100MHz),-100.4,-12.4,-0.4,10.5,2.8,14.2
2026-07-23 02:00:00,RJPN-011-2,RJPN-011,Band 1 (2100MHz),-82.5,-5.1,8.0,0.6,0.0,23.2
2026-07-23 02:00:00,RJPN-011-3,RJPN-011,Band 1 (2100MHz),-87.1,-6.9,18.4,0.0,0.0,37.1
2026-07-23 03:00:00,RJPN-001-1,RJPN-001,Band 1 (2100MHz),-86.1,-9.4,9.4,0.0,0.6,0.0
2026-07-23 03:00:00,RJPN-001-2,RJPN-001,Band 1 (2100MHz),-83.8,-8.8,12.9,12.5,0.0,0.0
2026-07-23 03:00:00,RJPN-001-3,RJPN-001,Band 1 (2100MHz),-88.1,-9.2,17.2,13.8,12.3,48.2
2026-07-23 03:00:00,RJPN-002-1,RJPN-002,Band 3 (1800MHz),-98.6,-10.3,7.5,9.5,0.0,33.0
2026-07-23 03:00:00,RJPN-002-2,RJPN-002,Band 3 (1800MHz),-90.0,-11.6,12.3,0.0,20.9,13.8
2026-07-23 03:00:00,RJPN-002-3,RJPN-002,Band 3 (1800MHz),-87.6,-5.3,13.3,0.0,10.8,19.2
2026-07-23 03:00:00,RJPN-003-1,RJPN-003,Band 1 (2100MHz),-87.0,-6.6,8.9,33.3,7.4,21.3
2026-07-23 03:00:00,RJPN-003-2,RJPN-003,Band 1 (2100MHz),-85.8,-6.0,6.2,5.1,2.4,0.0
2026-07-23 03:00:00,RJPN-003-3,RJPN-003,Band 1 (2100MHz),-82.5,-7.8,21.5,21.6,6.8,22.0
2026-07-23 03:00:00,RJPN-004-1,RJPN-004,Band 3 (1800MHz),-79.3,-7.9,15.0,5.9,1.0,5.3
2026-07-23 03:00:00,RJPN-004-2,RJPN-004,Band 3 (1800MHz),-91.5,-8.5,7.0,3.0,21.7,3.6
2026-07-23 03:00:00,RJPN-004-3,RJPN-004,Band 3 (1800MHz),-87.2,-7.9,10.1,14.8,11.9,20.6
2026-07-23 03:00:00,RJPN-005-1,RJPN-005,Band 1 (2100MHz),-85.3,-5.0,10.9,42.5,17.5,21.9
2026-07-23 03:00:00,RJPN-005-2,RJPN-005,Band 1 (2100MHz),-82.5,-6.6,18.3,7.9,16.8,26.5
2026-07-23 03:00:00,RJPN-005-3,RJPN-005,Band 1 (2100MHz),-83.1,-8.0,17.0,0.0,0.0,67.5
2026-07-23 03:00:00,RJPN-006-1,RJPN-006,Band 3 (1800MHz),-79.9,-5.6,8.3,9.3,9.8,36.8
2026-07-23 03:00:00,RJPN-006-2,RJPN-006,Band 3 (1800MHz),-89.8,-11.5,18.2,7.6,4.8,7.8
2026-07-23 03:00:00,RJPN-006-3,RJPN-006,Band 3 (1800MHz),-87.8,-6.7,13.3,16.6,0.0,21.5
2026-07-23 03:00:00,RJPN-007-1,RJPN-007,Band 1 (2100MHz),-89.8,-8.1,6.8,10.2,0.0,17.2
2026-07-23 03:00:00,RJPN-007-2,RJPN-007,Band 1 (2100MHz),-87.1,-13.3,14.0,16.0,18.9,20.9
2026-07-23 03:00:00,RJPN-007-3,RJPN-007,Band 1 (2100MHz),-84.3,-9.0,13.3,8.7,12.2,31.3
2026-07-23 03:00:00,RJPN-008-1,RJPN-008,Band 3 (1800MHz),-87.2,-8.8,16.6,7.3,10.0,72.0
2026-07-23 03:00:00,RJPN-008-2,RJPN-008,Band 3 (1800MHz),-88.4,-5.3,9.0,0.0,15.2,38.4
2026-07-23 03:00:00,RJPN-008-3,RJPN-008,Band 3 (1800MHz),-88.9,-8.6,2.3,10.9,0.0,0.0
2026-07-23 03:00:00,RJPN-009-1,RJPN-009,Band 1 (2100MHz),-89.9,-4.7,20.7,14.0,31.6,48.6
2026-07-23 03:00:00,RJPN-009-2,RJPN-009,Band 1 (2100MHz),-90.5,-7.6,8.3,0.0,10.9,20.9
2026-07-23 03:00:00,RJPN-009-3,RJPN-009,Band 1 (2100MHz),-86.3,-6.7,7.3,4.4,6.2,44.3
2026-07-23 03:00:00,RJPN-010-1,RJPN-010,Band 3 (1800MHz),-90.4,-11.0,16.2,7.8,4.4,0.0
2026-07-23 03:00:00,RJPN-010-2,RJPN-010,Band 3 (1800MHz),-85.8,-9.9,15.0,0.0,10.7,47.7
2026-07-23 03:00:00,RJPN-010-3,RJPN-010,Band 3 (1800MHz),-99.2,-10.6,1.0,8.5,1.5,35.3
2026-07-23 03:00:00,RJPN-011-1,RJPN-011,Band 1 (2100MHz),-102.8,-12.5,7.3,16.7,15.1,0.0
2026-07-23 03:00:00,RJPN-011-2,RJPN-011,Band 1 (2100MHz),-86.2,-4.7,4.8,25.8,10.2,3.9
2026-07-23 03:00:00,RJPN-011-3,RJPN-011,Band 1 (2100MHz),-81.3,-8.9,9.0,14.1,0.0,6.6
2026-07-23 04:00:00,RJPN-001-1,RJPN-001,Band 1 (2100MHz),-87.4,-7.4,10.6,8.9,0.0,23.8
2026-07-23 04:00:00,RJPN-001-2,RJPN-001,Band 1 (2100MHz),-87.6,-9.5,10.1,17.8,9.1,31.9
2026-07-23 04:00:00,RJPN-001-3,RJPN-001,Band 1 (2100MHz),-85.3,-8.4,14.5,27.5,1.0,24.4
2026-07-23 04:00:00,RJPN-002-1,RJPN-002,Band 3 (1800MHz),-105.8,-13.7,6.8,9.1,7.5,7.3
2026-07-23 04:00:00,RJPN-002-2,RJPN-002,Band 3 (1800MHz),-91.5,-11.0,10.5,29.7,18.0,18.3
2026-07-23 04:00:00,RJPN-002-3,RJPN-002,Band 3 (1800MHz),-81.6,-11.7,12.2,14.0,4.9,3.4
2026-07-23 04:00:00,RJPN-003-1,RJPN-003,Band 1 (2100MHz),-90.2,-7.1,12.5,8.2,0.0,45.3
2026-07-23 04:00:00,RJPN-003-2,RJPN-003,Band 1 (2100MHz),-83.7,-8.3,9.2,0.0,0.2,26.9
2026-07-23 04:00:00,RJPN-003-3,RJPN-003,Band 1 (2100MHz),-82.7,-9.2,13.2,13.6,7.4,0.0
2026-07-23 04:00:00,RJPN-004-1,RJPN-004,Band 3 (1800MHz),-87.7,-8.7,14.9,0.0,0.0,12.6
2026-07-23 04:00:00,RJPN-004-2,RJPN-004,Band 3 (1800MHz),-84.0,-8.8,10.7,16.6,0.0,49.1
2026-07-23 04:00:00,RJPN-004-3,RJPN-004,Band 3 (1800MHz),-89.4,-8.3,16.5,12.5,14.9,15.4
2026-07-23 04:00:00,RJPN-005-1,RJPN-005,Band 1 (2100MHz),-86.5,-6.8,3.2,2.1,6.1,7.8
2026-07-23 04:00:00,RJPN-005-2,RJPN-005,Band 1 (2100MHz),-88.2,-8.1,21.2,0.8,8.5,0.0
2026-07-23 04:00:00,RJPN-005-3,RJPN-005,Band 1 (2100MHz),-88.7,-6.5,23.1,22.2,1.6,0.0
2026-07-23 04:00:00,RJPN-006-1,RJPN-006,Band 3 (1800MHz),-95.1,-4.7,22.5,16.9,0.0,0.0
2026-07-23 04:00:00,RJPN-006-2,RJPN-006,Band 3 (1800MHz),-81.8,-7.2,15.3,10.0,6.4,10.1
2026-07-23 04:00:00,RJPN-006-3,RJPN-006,Band 3 (1800MHz),-88.8,-8.7,25.5,13.0,15.2,60.7
2026-07-23 04:00:00,RJPN-007-1,RJPN-007,Band 1 (2100MHz),-89.0,-7.1,14.6,11.4,4.8,0.0
2026-07-23 04:00:00,RJPN-007-2,RJPN-007,Band 1 (2100MHz),-84.7,-8.4,8.2,6.4,0.0,0.0
2026-07-23 04:00:00,RJPN-007-3,RJPN-007,Band 1 (2100MHz),-86.2,-11.0,11.6,11.6,1.5,31.1
2026-07-23 04:00:00,RJPN-008-1,RJPN-008,Band 3 (1800MHz),-87.4,-3.9,12.5,3.9,3.9,0.0
2026-07-23 04:00:00,RJPN-008-2,RJPN-008,Band 3 (1800MHz),-87.7,-5.0,14.2,0.0,1.3,41.7
2026-07-23 04:00:00,RJPN-008-3,RJPN-008,Band 3 (1800MHz),-91.7,-10.0,14.1,0.0,0.0,0.0
2026-07-23 04:00:00,RJPN-009-1,RJPN-009,Band 1 (2100MHz),-79.3,-6.9,15.2,14.7,5.6,6.1
2026-07-23 04:00:00,RJPN-009-2,RJPN-009,Band 1 (2100MHz),-88.3,-10.1,11.6,8.8,3.4,16.4
2026-07-23 04:00:00,RJPN-009-3,RJPN-009,Band 1 (2100MHz),-88.8,-7.2,17.9,10.9,0.9,22.5
2026-07-23 04:00:00,RJPN-010-1,RJPN-010,Band 3 (1800MHz),-92.2,-6.3,10.7,0.0,10.0,0.0
2026-07-23 04:00:00,RJPN-010-2,RJPN-010,Band 3 (1800MHz),-87.8,-8.5,10.7,23.3,20.4,0.0
2026-07-23 04:00:00,RJPN-010-3,RJPN-010,Band 3 (1800MHz),-102.9,-11.6,5.0,4.9,9.3,8.5
2026-07-23 04:00:00,RJPN-011-1,RJPN-011,Band 1 (2100MHz),-97.3,-12.3,5.9,0.0,3.6,15.7
2026-07-23 04:00:00,RJPN-011-2,RJPN-011,Band 1 (2100MHz),-84.8,-10.8,16.4,17.6,5.6,1.7
2026-07-23 04:00:00,RJPN-011-3,RJPN-011,Band 1 (2100MHz),-84.8,-8.8,14.7,15.0,0.0,31.3
2026-07-23 05:00:00,RJPN-001-1,RJPN-001,Band 1 (2100MHz),-86.6,-8.1,10.3,13.0,8.6,40.1
2026-07-23 05:00:00,RJPN-001-2,RJPN-001,Band 1 (2100MHz),-90.2,-6.8,6.3,15.2,1.9,17.6
2026-07-23 05:00:00,RJPN-001-3,RJPN-001,Band 1 (2100MHz),-87.8,-9.0,13.7,5.1,0.0,0.0
2026-07-23 05:00:00,RJPN-002-1,RJPN-002,Band 3 (1800MHz),-98.0,-10.7,-4.3,19.9,14.1,40.4
2026-07-23 05:00:00,RJPN-002-2,RJPN-002,Band 3 (1800MHz),-92.0,-7.4,16.9,0.0,2.3,0.0
2026-07-23 05:00:00,RJPN-002-3,RJPN-002,Band 3 (1800MHz),-86.9,-9.1,11.9,18.3,21.1,21.0
2026-07-23 05:00:00,RJPN-003-1,RJPN-003,Band 1 (2100MHz),-79.7,-9.4,19.0,19.7,17.1,30.0
2026-07-23 05:00:00,RJPN-003-2,RJPN-003,Band 1 (2100MHz),-88.8,-4.7,15.8,11.7,22.1,0.0
2026-07-23 05:00:00,RJPN-003-3,RJPN-003,Band 1 (2100MHz),-82.5,-8.3,16.0,2.5,16.7,29.5
2026-07-23 05:00:00,RJPN-004-1,RJPN-004,Band 3 (1800MHz),-94.6,-5.8,5.5,0.0,10.3,1.2
2026-07-23 05:00:00,RJPN-004-2,RJPN-004,Band 3 (1800MHz),-85.2,-3.9,17.0,18.9,0.0,0.0
2026-07-23 05:00:00,RJPN-004-3,RJPN-004,Band 3 (1800MHz),-91.0,-9.7,11.1,0.8,8.5,6.5
2026-07-23 05:00:00,RJPN-005-1,RJPN-005,Band 1 (2100MHz),-90.3,-6.9,10.6,16.1,0.0,6.3
2026-07-23 05:00:00,RJPN-005-2,RJPN-005,Band 1 (2100MHz),-90.5,-9.3,16.1,11.6,0.0,30.0
2026-07-23 05:00:00,RJPN-005-3,RJPN-005,Band 1 (2100MHz),-88.3,-9.4,13.4,18.3,7.1,0.0
2026-07-23 05:00:00,RJPN-006-1,RJPN-006,Band 3 (1800MHz),-81.2,-8.6,7.9,0.0,19.7,15.8
2026-07-23 05:00:00,RJPN-006-2,RJPN-006,Band 3 (1800MHz),-83.3,-6.8,17.9,18.6,10.9,12.2
2026-07-23 05:00:00,RJPN-006-3,RJPN-006,Band 3 (1800MHz),-88.5,-7.0,4.3,13.5,10.7,30.5
2026-07-23 05:00:00,RJPN-007-1,RJPN-007,Band 1 (2100MHz),-86.1,-4.7,6.5,0.0,20.2,23.7
2026-07-23 05:00:00,RJPN-007-2,RJPN-007,Band 1 (2100MHz),-84.1,-6.8,10.4,30.3,15.3,45.8
2026-07-23 05:00:00,RJPN-007-3,RJPN-007,Band 1 (2100MHz),-88.8,-6.6,10.0,18.3,0.0,0.0
2026-07-23 05:00:00,RJPN-008-1,RJPN-008,Band 3 (1800MHz),-84.0,-10.3,17.2,0.0,12.4,32.2
2026-07-23 05:00:00,RJPN-008-2,RJPN-008,Band 3 (1800MHz),-81.7,-10.0,10.2,8.6,22.7,36.9
2026-07-23 05:00:00,RJPN-008-3,RJPN-008,Band 3 (1800MHz),-80.9,-9.8,17.8,6.8,5.7,29.2
2026-07-23 05:00:00,RJPN-009-1,RJPN-009,Band 1 (2100MHz),-88.7,-7.4,6.4,22.3,0.0,9.6
2026-07-23 05:00:00,RJPN-009-2,RJPN-009,Band 1 (2100MHz),-84.3,-11.3,22.1,3.8,0.0,14.5
2026-07-23 05:00:00,RJPN-009-3,RJPN-009,Band 1 (2100MHz),-85.1,-10.0,16.1,3.6,1.5,11.1
2026-07-23 05:00:00,RJPN-010-1,RJPN-010,Band 3 (1800MHz),-90.0,-9.2,13.1,0.0,13.1,0.1
2026-07-23 05:00:00,RJPN-010-2,RJPN-010,Band 3 (1800MHz),-92.3,-7.7,14.5,18.3,1.8,0.0
2026-07-23 05:00:00,RJPN-010-3,RJPN-010,Band 3 (1800MHz),-101.5,-11.3,8.8,4.7,0.0,0.0
2026-07-23 05:00:00,RJPN-011-1,RJPN-011,Band 1 (2100MHz),-101.2,-11.1,2.3,6.8,9.6,11.5
2026-07-23 05:00:00,RJPN-011-2,RJPN-011,Band 1 (2100MHz),-84.6,-6.4,21.1,1.5,0.1,15.0
2026-07-23 05:00:00,RJPN-011-3,RJPN-011,Band 1 (2100MHz),-79.3,-7.9,16.3,15.7,0.0,0.0
2026-07-23 06:00:00,RJPN-001-1,RJPN-001,Band 1 (2100MHz),-99.3,-5.0,12.8,5.8,8.7,58.1
2026-07-23 06:00:00,RJPN-001-2,RJPN-001,Band 1 (2100MHz),-86.3,-7.4,25.2,41.3,18.2,46.7
2026-07-23 06:00:00,RJPN-001-3,RJPN-001,Band 1 (2100MHz),-88.1,-10.1,22.4,24.0,8.3,22.0
2026-07-23 06:00:00,RJPN-002-1,RJPN-002,Band 3 (1800MHz),-97.8,-9.9,4.5,27.7,12.8,39.3
2026-07-23 06:00:00,RJPN-002-2,RJPN-002,Band 3 (1800MHz),-84.4,-5.9,14.4,5.7,20.4,0.0
2026-07-23 06:00:00,RJPN-002-3,RJPN-002,Band 3 (1800MHz),-80.7,-8.8,3.2,19.5,27.7,0.0
2026-07-23 06:00:00,RJPN-003-1,RJPN-003,Band 1 (2100MHz),-85.2,-7.1,17.6,26.5,5.5,51.6
2026-07-23 06:00:00,RJPN-003-2,RJPN-003,Band 1 (2100MHz),-87.6,-9.4,5.8,21.6,7.9,37.1
2026-07-23 06:00:00,RJPN-003-3,RJPN-003,Band 1 (2100MHz),-89.9,-5.5,18.5,32.5,4.6,37.5
2026-07-23 06:00:00,RJPN-004-1,RJPN-004,Band 3 (1800MHz),-87.2,-7.4,17.4,32.1,9.0,0.0
2026-07-23 06:00:00,RJPN-004-2,RJPN-004,Band 3 (1800MHz),-91.7,-7.4,12.0,16.6,10.3,0.0
2026-07-23 06:00:00,RJPN-004-3,RJPN-004,Band 3 (1800MHz),-85.7,-9.1,23.4,29.9,20.9,54.8
2026-07-23 06:00:00,RJPN-005-1,RJPN-005,Band 1 (2100MHz),-85.8,-8.9,17.2,7.7,8.1,13.5
2026-07-23 06:00:00,RJPN-005-2,RJPN-005,Band 1 (2100MHz),-80.7,-8.1,6.8,2.2,19.1,48.8
2026-07-23 06:00:00,RJPN-005-3,RJPN-005,Band 1 (2100MHz),-87.2,-10.4,17.1,11.6,13.4,23.1
2026-07-23 06:00:00,RJPN-006-1,RJPN-006,Band 3 (1800MHz),-91.0,-8.9,20.4,26.4,16.2,33.6
2026-07-23 06:00:00,RJPN-006-2,RJPN-006,Band 3 (1800MHz),-83.6,-9.8,15.6,24.0,7.5,3.4
2026-07-23 06:00:00,RJPN-006-3,RJPN-006,Band 3 (1800MHz),-89.8,-6.1,7.4,5.6,22.7,40.7
2026-07-23 06:00:00,RJPN-007-1,RJPN-007,Band 1 (2100MHz),-89.0,-11.3,12.4,23.5,18.3,29.1
2026-07-23 06:00:00,RJPN-007-2,RJPN-007,Band 1 (2100MHz),-79.9,-11.1,15.7,15.4,28.5,0.2
2026-07-23 06:00:00,RJPN-007-3,RJPN-007,Band 1 (2100MHz),-86.6,-6.6,15.5,14.6,14.0,22.1
2026-07-23 06:00:00,RJPN-008-1,RJPN-008,Band 3 (1800MHz),-90.0,-12.3,20.2,27.0,7.1,17.6
2026-07-23 06:00:00,RJPN-008-2,RJPN-008,Band 3 (1800MHz),-89.3,-11.7,10.9,1.0,9.0,30.4
2026-07-23 06:00:00,RJPN-008-3,RJPN-008,Band 3 (1800MHz),-84.5,-9.3,1.7,18.4,17.6,18.7
2026-07-23 06:00:00,RJPN-009-1,RJPN-009,Band 1 (2100MHz),-88.1,-8.8,17.6,3.9,6.9,8.5
2026-07-23 06:00:00,RJPN-009-2,RJPN-009,Band 1 (2100MHz),-92.7,-10.1,9.7,18.2,2.7,67.8
2026-07-23 06:00:00,RJPN-009-3,RJPN-009,Band 1 (2100MHz),-86.2,-9.5,6.8,20.7,9.8,47.6
2026-07-23 06:00:00,RJPN-010-1,RJPN-010,Band 3 (1800MHz),-90.0,-6.6,14.6,30.3,12.1,0.0
2026-07-23 06:00:00,RJPN-010-2,RJPN-010,Band 3 (1800MHz),-86.1,-6.8,21.0,33.2,26.4,0.0
2026-07-23 06:00:00,RJPN-010-3,RJPN-010,Band 3 (1800MHz),-100.9,-10.0,2.6,13.0,20.3,0.0
2026-07-23 06:00:00,RJPN-011-1,RJPN-011,Band 1 (2100MHz),-102.1,-10.2,7.4,14.1,14.4,88.7
2026-07-23 06:00:00,RJPN-011-2,RJPN-011,Band 1 (2100MHz),-89.1,-8.8,7.9,22.6,8.7,35.0
2026-07-23 06:00:00,RJPN-011-3,RJPN-011,Band 1 (2100MHz),-88.2,-6.4,12.2,28.5,18.3,46.0
2026-07-23 07:00:00,RJPN-001-1,RJPN-001,Band 1 (2100MHz),-80.6,-14.0,18.2,63.4,38.6,86.7
2026-07-23 07:00:00,RJPN-001-2,RJPN-001,Band 1 (2100MHz),-86.4,-10.5,11.5,69.9,22.4,95.5
2026-07-23 07:00:00,RJPN-001-3,RJPN-001,Band 1 (2100MHz),-88.4,-10.0,20.7,57.9,40.3,86.2
2026-07-23 07:00:00,RJPN-002-1,RJPN-002,Band 3 (1800MHz),-95.5,-14.0,0.7,51.8,32.0,77.7
2026-07-23 07:00:00,RJPN-002-2,RJPN-002,Band 3 (1800MHz),-90.5,-10.0,18.1,47.0,30.6,67.4
2026-07-23 07:00:00,RJPN-002-3,RJPN-002,Band 3 (1800MHz),-81.6,-10.2,8.6,41.2,35.9,98.4
2026-07-23 07:00:00,RJPN-003-1,RJPN-003,Band 1 (2100MHz),-85.6,-9.5,5.6,56.0,36.1,112.0
2026-07-23 07:00:00,RJPN-003-2,RJPN-003,Band 1 (2100MHz),-93.8,-9.0,10.2,50.3,28.8,81.3
2026-07-23 07:00:00,RJPN-003-3,RJPN-003,Band 1 (2100MHz),-86.9,-11.6,15.5,64.9,36.6,108.9
2026-07-23 07:00:00,RJPN-004-1,RJPN-004,Band 3 (1800MHz),-90.0,-11.6,4.5,53.2,31.5,101.5
2026-07-23 07:00:00,RJPN-004-2,RJPN-004,Band 3 (1800MHz),-81.7,-8.4,19.1,76.1,36.9,76.1
2026-07-23 07:00:00,RJPN-004-3,RJPN-004,Band 3 (1800MHz),-89.7,-10.6,14.4,56.7,31.8,93.2
2026-07-23 07:00:00,RJPN-005-1,RJPN-005,Band 1 (2100MHz),-96.3,-12.4,11.1,61.1,13.3,104.8
2026-07-23 07:00:00,RJPN-005-2,RJPN-005,Band 1 (2100MHz),-80.5,-7.8,14.4,62.1,39.7,120.0
2026-07-23 07:00:00,RJPN-005-3,RJPN-005,Band 1 (2100MHz),-91.0,-9.4,12.5,59.0,30.5,107.9
2026-07-23 07:00:00,RJPN-006-1,RJPN-006,Band 3 (1800MHz),-85.7,-11.6,15.7,49.9,27.6,103.3
2026-07-23 07:00:00,RJPN-006-2,RJPN-006,Band 3 (1800MHz),-88.9,-10.8,3.8,68.3,32.5,110.6
2026-07-23 07:00:00,RJPN-006-3,RJPN-006,Band 3 (1800MHz),-88.0,-7.4,14.7,56.7,43.8,114.5
2026-07-23 07:00:00,RJPN-007-1,RJPN-007,Band 1 (2100MHz),-96.2,-10.7,16.1,39.0,36.1,114.0
2026-07-23 07:00:00,RJPN-007-2,RJPN-007,Band 1 (2100MHz),-96.8,-10.3,16.5,60.5,18.2,51.2
2026-07-23 07:00:00,RJPN-007-3,RJPN-007,Band 1 (2100MHz),-92.0,-9.3,17.9,50.5,33.5,91.5
2026-07-23 07:00:00,RJPN-008-1,RJPN-008,Band 3 (1800MHz),-78.3,-11.9,21.6,56.4,31.2,86.7
2026-07-23 07:00:00,RJPN-008-2,RJPN-008,Band 3 (1800MHz),-87.5,-13.3,5.0,41.0,44.6,93.9
2026-07-23 07:00:00,RJPN-008-3,RJPN-008,Band 3 (1800MHz),-85.7,-10.7,8.9,58.4,18.7,43.9
2026-07-23 07:00:00,RJPN-009-1,RJPN-009,Band 1 (2100MHz),-81.2,-10.0,6.1,40.9,44.8,63.1
2026-07-23 07:00:00,RJPN-009-2,RJPN-009,Band 1 (2100MHz),-95.8,-8.7,9.1,70.8,51.7,107.1
2026-07-23 07:00:00,RJPN-009-3,RJPN-009,Band 1 (2100MHz),-89.1,-13.4,23.7,49.5,30.6,78.8
2026-07-23 07:00:00,RJPN-010-1,RJPN-010,Band 3 (1800MHz),-90.0,-10.6,24.2,46.7,28.2,104.9
2026-07-23 07:00:00,RJPN-010-2,RJPN-010,Band 3 (1800MHz),-81.4,-10.5,17.1,46.0,36.0,89.3
2026-07-23 07:00:00,RJPN-010-3,RJPN-010,Band 3 (1800MHz),-99.8,-12.4,-0.7,47.1,27.3,111.4
2026-07-23 07:00:00,RJPN-011-1,RJPN-011,Band 1 (2100MHz),-95.1,-15.8,8.6,63.7,22.6,52.8
2026-07-23 07:00:00,RJPN-011-2,RJPN-011,Band 1 (2100MHz),-75.9,-8.4,19.9,63.5,31.0,71.2
2026-07-23 07:00:00,RJPN-011-3,RJPN-011,Band 1 (2100MHz),-79.5,-9.2,12.7,41.8,33.7,85.4
2026-07-23 08:00:00,RJPN-001-1,RJPN-001,Band 1 (2100MHz),-87.6,-10.9,14.3,76.7,48.6,135.2
2026-07-23 08:00:00,RJPN-001-2,RJPN-001,Band 1 (2100MHz),-79.8,-11.1,18.0,76.3,39.7,101.6
2026-07-23 08:00:00,RJPN-001-3,RJPN-001,Band 1 (2100MHz),-87.2,-12.1,13.3,89.8,59.8,122.4
2026-07-23 08:00:00,RJPN-002-1,RJPN-002,Band 3 (1800MHz),-104.8,-16.7,10.6,78.4,28.4,111.0
2026-07-23 08:00:00,RJPN-002-2,RJPN-002,Band 3 (1800MHz),-91.6,-10.3,15.4,81.9,36.9,120.7
2026-07-23 08:00:00,RJPN-002-3,RJPN-002,Band 3 (1800MHz),-85.7,-9.1,8.2,77.2,53.8,106.7
2026-07-23 08:00:00,RJPN-003-1,RJPN-003,Band 1 (2100MHz),-84.5,-10.1,11.1,69.1,23.3,77.7
2026-07-23 08:00:00,RJPN-003-2,RJPN-003,Band 1 (2100MHz),-87.7,-10.9,12.7,78.1,38.5,111.7
2026-07-23 08:00:00,RJPN-003-3,RJPN-003,Band 1 (2100MHz),-84.0,-10.1,18.0,58.4,30.1,179.6
2026-07-23 08:00:00,RJPN-004-1,RJPN-004,Band 3 (1800MHz),-87.1,-10.5,9.4,77.8,47.0,90.4
2026-07-23 08:00:00,RJPN-004-2,RJPN-004,Band 3 (1800MHz),-83.5,-8.5,8.6,69.6,21.4,95.6
2026-07-23 08:00:00,RJPN-004-3,RJPN-004,Band 3 (1800MHz),-87.5,-13.7,9.0,63.5,45.8,107.4
2026-07-23 08:00:00,RJPN-005-1,RJPN-005,Band 1 (2100MHz),-85.1,-5.7,13.8,43.4,53.1,123.2
2026-07-23 08:00:00,RJPN-005-2,RJPN-005,Band 1 (2100MHz),-91.2,-13.5,7.3,55.6,31.8,137.0
2026-07-23 08:00:00,RJPN-005-3,RJPN-005,Band 1 (2100MHz),-92.0,-11.3,12.7,71.9,41.1,111.2
2026-07-23 08:00:00,RJPN-006-1,RJPN-006,Band 3 (1800MHz),-84.4,-9.0,10.1,65.4,57.3,144.8
2026-07-23 08:00:00,RJPN-006-2,RJPN-006,Band 3 (1800MHz),-85.5,-13.8,10.8,80.6,46.8,134.9
2026-07-23 08:00:00,RJPN-006-3,RJPN-006,Band 3 (1800MHz),-80.7,-14.1,14.1,76.6,39.3,122.7
2026-07-23 08:00:00,RJPN-007-1,RJPN-007,Band 1 (2100MHz),-85.5,-10.0,7.2,98.9,37.3,88.7
2026-07-23 08:00:00,RJPN-007-2,RJPN-007,Band 1 (2100MHz),-83.4,-14.5,20.6,65.0,50.5,143.1
2026-07-23 08:00:00,RJPN-007-3,RJPN-007,Band 1 (2100MHz),-88.3,-8.3,7.8,77.9,38.2,136.3
2026-07-23 08:00:00,RJPN-008-1,RJPN-008,Band 3 (1800MHz),-83.2,-13.9,14.1,57.4,35.1,107.1
2026-07-23 08:00:00,RJPN-008-2,RJPN-008,Band 3 (1800MHz),-92.2,-11.9,6.1,49.6,31.0,87.7
2026-07-23 08:00:00,RJPN-008-3,RJPN-008,Band 3 (1800MHz),-81.1,-12.3,11.4,64.6,48.4,124.2
2026-07-23 08:00:00,RJPN-009-1,RJPN-009,Band 1 (2100MHz),-90.3,-12.0,22.8,61.7,33.5,144.5
2026-07-23 08:00:00,RJPN-009-2,RJPN-009,Band 1 (2100MHz),-91.7,-8.2,8.7,72.6,45.8,141.0
2026-07-23 08:00:00,RJPN-009-3,RJPN-009,Band 1 (2100MHz),-82.2,-10.5,14.0,69.9,38.7,128.8
2026-07-23 08:00:00,RJPN-010-1,RJPN-010,Band 3 (1800MHz),-81.0,-14.5,10.8,67.0,29.7,161.5
2026-07-23 08:00:00,RJPN-010-2,RJPN-010,Band 3 (1800MHz),-88.3,-8.2,18.6,67.7,47.7,123.4
2026-07-23 08:00:00,RJPN-010-3,RJPN-010,Band 3 (1800MHz),-99.5,-15.7,12.1,70.1,38.0,89.0
2026-07-23 08:00:00,RJPN-011-1,RJPN-011,Band 1 (2100MHz),-93.9,-20.5,18.7,59.5,53.8,117.6
2026-07-23 08:00:00,RJPN-011-2,RJPN-011,Band 1 (2100MHz),-88.2,-12.3,14.1,78.5,43.0,109.7
2026-07-23 08:00:00,RJPN-011-3,RJPN-011,Band 1 (2100MHz),-92.0,-9.5,14.6,73.7,45.6,128.6
2026-07-23 09:00:00,RJPN-001-1,RJPN-001,Band 1 (2100MHz),-81.6,-11.2,8.9,78.3,28.0,70.2
2026-07-23 09:00:00,RJPN-001-2,RJPN-001,Band 1 (2100MHz),-87.8,-11.7,18.0,46.9,25.3,81.4
2026-07-23 09:00:00,RJPN-001-3,RJPN-001,Band 1 (2100MHz),-89.8,-10.2,14.8,43.5,8.2,93.2
2026-07-23 09:00:00,RJPN-002-1,RJPN-002,Band 3 (1800MHz),-98.3,-15.0,14.2,75.4,30.9,96.9
2026-07-23 09:00:00,RJPN-002-2,RJPN-002,Band 3 (1800MHz),-91.0,-13.4,21.6,43.8,13.6,97.0
2026-07-23 09:00:00,RJPN-002-3,RJPN-002,Band 3 (1800MHz),-86.3,-11.5,16.2,73.7,27.3,90.8
2026-07-23 09:00:00,RJPN-003-1,RJPN-003,Band 1 (2100MHz),-87.9,-11.4,17.6,50.7,33.0,87.3
2026-07-23 09:00:00,RJPN-003-2,RJPN-003,Band 1 (2100MHz),-93.1,-9.1,14.0,48.6,22.2,62.9
2026-07-23 09:00:00,RJPN-003-3,RJPN-003,Band 1 (2100MHz),-88.9,-12.2,13.7,49.4,40.8,94.2
2026-07-23 09:00:00,RJPN-004-1,RJPN-004,Band 3 (1800MHz),-91.6,-12.4,13.3,41.8,31.8,93.6
2026-07-23 09:00:00,RJPN-004-2,RJPN-004,Band 3 (1800MHz),-85.0,-9.9,18.8,46.6,39.8,95.1
2026-07-23 09:00:00,RJPN-004-3,RJPN-004,Band 3 (1800MHz),-82.9,-10.7,11.5,54.0,20.2,104.4
2026-07-23 09:00:00,RJPN-005-1,RJPN-005,Band 1 (2100MHz),-90.6,-12.6,15.6,36.1,52.2,77.9
2026-07-23 09:00:00,RJPN-005-2,RJPN-005,Band 1 (2100MHz),-76.0,-7.2,4.5,57.1,32.0,81.6
2026-07-23 09:00:00,RJPN-005-3,RJPN-005,Band 1 (2100MHz),-90.4,-13.3,20.4,55.7,21.1,81.3
2026-07-23 09:00:00,RJPN-006-1,RJPN-006,Band 3 (1800MHz),-85.8,-11.2,6.8,72.9,34.3,119.7
2026-07-23 09:00:00,RJPN-006-2,RJPN-006,Band 3 (1800MHz),-88.8,-10.6,17.6,51.5,22.9,97.6
2026-07-23 09:00:00,RJPN-006-3,RJPN-006,Band 3 (1800MHz),-88.7,-9.8,17.8,21.6,34.1,114.9
2026-07-23 09:00:00,RJPN-007-1,RJPN-007,Band 1 (2100MHz),-94.9,-12.0,14.4,39.3,28.3,130.1
2026-07-23 09:00:00,RJPN-007-2,RJPN-007,Band 1 (2100MHz),-82.1,-9.7,1.5,46.6,18.5,97.9
2026-07-23 09:00:00,RJPN-007-3,RJPN-007,Band 1 (2100MHz),-93.3,-13.7,16.7,52.0,36.3,121.8
2026-07-23 09:00:00,RJPN-008-1,RJPN-008,Band 3 (1800MHz),-89.3,-8.3,9.5,50.9,29.7,80.0
2026-07-23 09:00:00,RJPN-008-2,RJPN-008,Band 3 (1800MHz),-85.2,-12.4,8.3,34.2,42.9,88.1
2026-07-23 09:00:00,RJPN-008-3,RJPN-008,Band 3 (1800MHz),-93.1,-8.5,13.0,32.7,33.0,123.0
2026-07-23 09:00:00,RJPN-009-1,RJPN-009,Band 1 (2100MHz),-95.1,-12.9,13.3,36.6,35.5,138.4
2026-07-23 09:00:00,RJPN-009-2,RJPN-009,Band 1 (2100MHz),-91.7,-10.7,1.6,66.8,22.0,64.9
2026-07-23 09:00:00,RJPN-009-3,RJPN-009,Band 1 (2100MHz),-88.8,-9.8,13.2,46.6,30.1,90.5
2026-07-23 09:00:00,RJPN-010-1,RJPN-010,Band 3 (1800MHz),-87.5,-11.3,12.2,75.4,56.0,88.4
2026-07-23 09:00:00,RJPN-010-2,RJPN-010,Band 3 (1800MHz),-94.9,-10.4,8.0,68.7,50.2,94.1
2026-07-23 09:00:00,RJPN-010-3,RJPN-010,Band 3 (1800MHz),-102.7,-17.0,9.6,57.1,44.8,68.9
2026-07-23 09:00:00,RJPN-011-1,RJPN-011,Band 1 (2100MHz),-103.1,-13.2,-5.6,57.8,25.0,89.4
2026-07-23 09:00:00,RJPN-011-2,RJPN-011,Band 1 (2100MHz),-80.4,-10.3,10.9,47.1,19.7,107.6
2026-07-23 09:00:00,RJPN-011-3,RJPN-011,Band 1 (2100MHz),-82.5,-10.8,15.3,50.5,34.6,47.5
2026-07-23 10:00:00,RJPN-001-1,RJPN-001,Band 1 (2100MHz),-91.4,-8.7,12.7,4.0,12.4,0.0
2026-07-23 10:00:00,RJPN-001-2,RJPN-001,Band 1 (2100MHz),-88.6,-8.1,7.3,18.0,19.0,38.3
2026-07-23 10:00:00,RJPN-001-3,RJPN-001,Band 1 (2100MHz),-81.8,-9.4,8.6,20.7,11.2,20.6
2026-07-23 10:00:00,RJPN-002-1,RJPN-002,Band 3 (1800MHz),-99.6,-17.1,9.3,5.9,5.3,13.1
2026-07-23 10:00:00,RJPN-002-2,RJPN-002,Band 3 (1800MHz),-84.6,-6.7,22.7,11.7,17.9,22.5
2026-07-23 10:00:00,RJPN-002-3,RJPN-002,Band 3 (1800MHz),-91.0,-5.9,17.8,20.8,9.2,15.9
2026-07-23 10:00:00,RJPN-003-1,RJPN-003,Band 1 (2100MHz),-89.2,-5.8,5.7,23.0,15.3,37.5
2026-07-23 10:00:00,RJPN-003-2,RJPN-003,Band 1 (2100MHz),-85.4,-7.6,8.6,0.0,3.5,10.7
2026-07-23 10:00:00,RJPN-003-3,RJPN-003,Band 1 (2100MHz),-93.4,-4.9,14.0,27.8,5.4,29.4
2026-07-23 10:00:00,RJPN-004-1,RJPN-004,Band 3 (1800MHz),-87.0,-7.6,21.4,4.5,12.4,20.8
2026-07-23 10:00:00,RJPN-004-2,RJPN-004,Band 3 (1800MHz),-80.3,-11.4,11.0,51.1,4.7,17.0
2026-07-23 10:00:00,RJPN-004-3,RJPN-004,Band 3 (1800MHz),-89.0,-7.8,13.4,20.1,9.5,23.0
2026-07-23 10:00:00,RJPN-005-1,RJPN-005,Band 1 (2100MHz),-84.5,-7.3,8.9,16.0,6.1,12.0
2026-07-23 10:00:00,RJPN-005-2,RJPN-005,Band 1 (2100MHz),-85.2,-9.1,11.3,21.6,9.2,33.4
2026-07-23 10:00:00,RJPN-005-3,RJPN-005,Band 1 (2100MHz),-89.8,-11.6,18.9,16.9,19.4,21.5
2026-07-23 10:00:00,RJPN-006-1,RJPN-006,Band 3 (1800MHz),-92.9,-4.7,16.6,46.3,23.0,0.0
2026-07-23 10:00:00,RJPN-006-2,RJPN-006,Band 3 (1800MHz),-88.8,-11.1,17.0,10.1,6.4,32.6
2026-07-23 10:00:00,RJPN-006-3,RJPN-006,Band 3 (1800MHz),-90.9,-7.7,13.8,17.9,4.8,24.6
2026-07-23 10:00:00,RJPN-007-1,RJPN-007,Band 1 (2100MHz),-88.1,-4.5,13.9,38.1,5.7,43.9
2026-07-23 10:00:00,RJPN-007-2,RJPN-007,Band 1 (2100MHz),-89.4,-9.2,13.8,27.9,6.9,0.0
2026-07-23 10:00:00,RJPN-007-3,RJPN-007,Band 1 (2100MHz),-90.5,-8.6,12.2,10.2,24.5,1.4
2026-07-23 10:00:00,RJPN-008-1,RJPN-008,Band 3 (1800MHz),-89.5,-8.7,16.8,19.8,0.4,6.9
2026-07-23 10:00:00,RJPN-008-2,RJPN-008,Band 3 (1800MHz),-85.7,-11.0,16.1,10.4,6.2,52.5
2026-07-23 10:00:00,RJPN-008-3,RJPN-008,Band 3 (1800MHz),-88.9,-6.6,1.2,30.7,27.4,50.8
2026-07-23 10:00:00,RJPN-009-1,RJPN-009,Band 1 (2100MHz),-89.8,-7.9,18.8,23.5,9.7,28.5
2026-07-23 10:00:00,RJPN-009-2,RJPN-009,Band 1 (2100MHz),-78.8,-12.0,11.6,15.7,11.6,22.3
2026-07-23 10:00:00,RJPN-009-3,RJPN-009,Band 1 (2100MHz),-87.8,-10.1,8.4,26.8,7.0,33.1
2026-07-23 10:00:00,RJPN-010-1,RJPN-010,Band 3 (1800MHz),-85.6,-7.5,17.9,0.0,7.3,30.0
2026-07-23 10:00:00,RJPN-010-2,RJPN-010,Band 3 (1800MHz),-88.2,-10.6,19.2,0.0,4.2,37.5
2026-07-23 10:00:00,RJPN-010-3,RJPN-010,Band 3 (1800MHz),-100.2,-14.9,13.8,12.6,13.5,78.2
2026-07-23 10:00:00,RJPN-011-1,RJPN-011,Band 1 (2100MHz),-98.9,-13.8,3.2,36.4,11.0,7.2
2026-07-23 10:00:00,RJPN-011-2,RJPN-011,Band 1 (2100MHz),-87.6,-10.0,16.2,23.6,26.2,36.0
2026-07-23 10:00:00,RJPN-011-3,RJPN-011,Band 1 (2100MHz),-84.2,-7.3,5.0,23.5,0.0,35.6
2026-07-23 11:00:00,RJPN-001-1,RJPN-001,Band 1 (2100MHz),-85.9,-13.7,7.1,62.6,29.1,92.2
2026-07-23 11:00:00,RJPN-001-2,RJPN-001,Band 1 (2100MHz),-89.6,-9.7,16.2,28.0,38.4,97.8
2026-07-23 11:00:00,RJPN-001-3,RJPN-001,Band 1 (2100MHz),-90.6,-9.7,6.0,47.3,31.3,115.2
2026-07-23 11:00:00,RJPN-002-1,RJPN-002,Band 3 (1800MHz),-93.5,-12.2,-1.3,63.9,32.3,54.2
2026-07-23 11:00:00,RJPN-002-2,RJPN-002,Band 3 (1800MHz),-87.0,-10.5,16.7,53.3,21.4,104.9
2026-07-23 11:00:00,RJPN-002-3,RJPN-002,Band 3 (1800MHz),-80.3,-9.7,13.5,42.3,44.1,92.8
2026-07-23 11:00:00,RJPN-003-1,RJPN-003,Band 1 (2100MHz),-87.4,-11.4,14.0,28.2,34.7,91.8
2026-07-23 11:00:00,RJPN-003-2,RJPN-003,Band 1 (2100MHz),-94.2,-11.8,16.6,58.1,12.8,102.6
2026-07-23 11:00:00,RJPN-003-3,RJPN-003,Band 1 (2100MHz),-85.4,-11.8,18.6,31.3,21.5,76.5
2026-07-23 11:00:00,RJPN-004-1,RJPN-004,Band 3 (1800MHz),-91.4,-11.8,1.9,56.4,40.6,83.6
2026-07-23 11:00:00,RJPN-004-2,RJPN-004,Band 3 (1800MHz),-91.6,-9.3,13.4,49.3,33.5,76.1
2026-07-23 11:00:00,RJPN-004-3,RJPN-004,Band 3 (1800MHz),-88.8,-10.2,15.7,35.7,35.2,70.0
2026-07-23 11:00:00,RJPN-005-1,RJPN-005,Band 1 (2100MHz),-83.1,-14.1,7.9,59.1,46.1,69.0
2026-07-23 11:00:00,RJPN-005-2,RJPN-005,Band 1 (2100MHz),-88.4,-11.0,13.6,55.1,19.1,82.5
2026-07-23 11:00:00,RJPN-005-3,RJPN-005,Band 1 (2100MHz),-88.7,-12.5,19.4,32.9,12.8,41.5
2026-07-23 11:00:00,RJPN-006-1,RJPN-006,Band 3 (1800MHz),-84.2,-9.8,15.2,50.8,18.1,30.8
2026-07-23 11:00:00,RJPN-006-2,RJPN-006,Band 3 (1800MHz),-87.1,-10.9,8.8,63.3,32.5,63.0
2026-07-23 11:00:00,RJPN-006-3,RJPN-006,Band 3 (1800MHz),-82.0,-9.6,9.8,73.0,34.3,98.9
2026-07-23 11:00:00,RJPN-007-1,RJPN-007,Band 1 (2100MHz),-82.0,-6.5,11.3,34.2,17.6,48.4
2026-07-23 11:00:00,RJPN-007-2,RJPN-007,Band 1 (2100MHz),-84.8,-9.4,15.6,66.3,29.9,77.2
2026-07-23 11:00:00,RJPN-007-3,RJPN-007,Band 1 (2100MHz),-83.0,-10.0,13.1,48.8,26.1,38.5
2026-07-23 11:00:00,RJPN-008-1,RJPN-008,Band 3 (1800MHz),-73.6,-11.0,15.0,42.0,27.5,85.4
2026-07-23 11:00:00,RJPN-008-2,RJPN-008,Band 3 (1800MHz),-93.1,-13.9,19.5,66.6,33.0,96.9
2026-07-23 11:00:00,RJPN-008-3,RJPN-008,Band 3 (1800MHz),-93.8,-10.2,4.3,40.8,30.2,93.2
2026-07-23 11:00:00,RJPN-009-1,RJPN-009,Band 1 (2100MHz),-82.1,-8.3,13.5,58.3,39.5,54.8
2026-07-23 11:00:00,RJPN-009-2,RJPN-009,Band 1 (2100MHz),-85.9,-11.8,12.1,69.1,23.0,70.5
2026-07-23 11:00:00,RJPN-009-3,RJPN-009,Band 1 (2100MHz),-86.2,-11.2,17.3,35.1,22.2,127.6
2026-07-23 11:00:00,RJPN-010-1,RJPN-010,Band 3 (1800MHz),-83.4,-12.6,19.4,45.4,31.7,70.7
2026-07-23 11:00:00,RJPN-010-2,RJPN-010,Band 3 (1800MHz),-86.1,-12.7,17.4,36.3,18.2,81.8
2026-07-23 11:00:00,RJPN-010-3,RJPN-010,Band 3 (1800MHz),-103.9,-17.0,5.7,51.1,15.2,94.4
2026-07-23 11:00:00,RJPN-011-1,RJPN-011,Band 1 (2100MHz),-102.3,-12.2,1.7,46.1,34.6,84.8
2026-07-23 11:00:00,RJPN-011-2,RJPN-011,Band 1 (2100MHz),-90.7,-14.1,17.4,47.8,45.5,111.4
2026-07-23 11:00:00,RJPN-011-3,RJPN-011,Band 1 (2100MHz),-89.7,-11.6,20.8,51.7,18.3,79.0
2026-07-23 12:00:00,RJPN-001-1,RJPN-001,Band 1 (2100MHz),-86.0,-12.1,9.1,34.4,35.2,92.9
2026-07-23 12:00:00,RJPN-001-2,RJPN-001,Band 1 (2100MHz),-79.7,-9.7,7.5,29.6,30.8,75.3
2026-07-23 12:00:00,RJPN-001-3,RJPN-001,Band 1 (2100MHz),-88.5,-9.3,16.1,64.5,21.8,81.1
2026-07-23 12:00:00,RJPN-002-1,RJPN-002,Band 3 (1800MHz),-102.6,-11.4,10.7,36.9,17.7,54.0
2026-07-23 12:00:00,RJPN-002-2,RJPN-002,Band 3 (1800MHz),-92.7,-12.3,7.0,39.8,35.4,117.8
2026-07-23 12:00:00,RJPN-002-3,RJPN-002,Band 3 (1800MHz),-84.9,-5.4,22.1,48.7,25.0,51.4
2026-07-23 12:00:00,RJPN-003-1,RJPN-003,Band 1 (2100MHz),-81.1,-9.3,12.8,34.4,44.2,67.7
2026-07-23 12:00:00,RJPN-003-2,RJPN-003,Band 1 (2100MHz),-88.4,-9.0,8.4,52.6,22.2,74.3
2026-07-23 12:00:00,RJPN-003-3,RJPN-003,Band 1 (2100MHz),-91.2,-14.9,9.1,31.6,17.3,86.1
2026-07-23 12:00:00,RJPN-004-1,RJPN-004,Band 3 (1800MHz),-92.3,-9.5,16.1,63.0,42.0,90.6
2026-07-23 12:00:00,RJPN-004-2,RJPN-004,Band 3 (1800MHz),-82.9,-10.8,14.8,50.3,32.5,83.6
2026-07-23 12:00:00,RJPN-004-3,RJPN-004,Band 3 (1800MHz),-85.9,-11.7,14.5,45.6,27.5,91.9
2026-07-23 12:00:00,RJPN-005-1,RJPN-005,Band 1 (2100MHz),-85.1,-9.2,8.4,59.3,22.8,93.9
2026-07-23 12:00:00,RJPN-005-2,RJPN-005,Band 1 (2100MHz),-86.0,-6.4,16.7,56.8,21.7,48.0
2026-07-23 12:00:00,RJPN-005-3,RJPN-005,Band 1 (2100MHz),-89.4,-8.7,6.0,46.3,14.0,61.8
2026-07-23 12:00:00,RJPN-006-1,RJPN-006,Band 3 (1800MHz),-89.2,-12.1,13.3,42.6,33.3,87.6
2026-07-23 12:00:00,RJPN-006-2,RJPN-006,Band 3 (1800MHz),-91.8,-15.6,8.7,44.2,26.8,94.9
2026-07-23 12:00:00,RJPN-006-3,RJPN-006,Band 3 (1800MHz),-90.7,-8.1,13.8,52.7,27.2,63.4
2026-07-23 12:00:00,RJPN-007-1,RJPN-007,Band 1 (2100MHz),-86.1,-11.2,12.5,55.8,23.9,90.5
2026-07-23 12:00:00,RJPN-007-2,RJPN-007,Band 1 (2100MHz),-83.3,-10.2,20.3,40.8,24.7,102.1
2026-07-23 12:00:00,RJPN-007-3,RJPN-007,Band 1 (2100MHz),-77.8,-8.8,4.8,67.3,38.4,54.8
2026-07-23 12:00:00,RJPN-008-1,RJPN-008,Band 3 (1800MHz),-96.3,-10.1,14.7,42.9,26.9,52.2
2026-07-23 12:00:00,RJPN-008-2,RJPN-008,Band 3 (1800MHz),-83.7,-9.8,13.2,65.5,28.0,64.1
2026-07-23 12:00:00,RJPN-008-3,RJPN-008,Band 3 (1800MHz),-90.9,-9.6,13.0,42.4,28.9,100.3
2026-07-23 12:00:00,RJPN-009-1,RJPN-009,Band 1 (2100MHz),-95.0,-9.9,18.1,36.2,46.9,102.2
2026-07-23 12:00:00,RJPN-009-2,RJPN-009,Band 1 (2100MHz),-85.4,-12.5,18.7,49.4,30.3,99.4
2026-07-23 12:00:00,RJPN-009-3,RJPN-009,Band 1 (2100MHz),-90.2,-10.6,16.4,59.6,24.6,57.5
2026-07-23 12:00:00,RJPN-010-1,RJPN-010,Band 3 (1800MHz),-83.1,-11.6,16.3,51.7,15.5,51.7
2026-07-23 12:00:00,RJPN-010-2,RJPN-010,Band 3 (1800MHz),-79.7,-9.2,19.4,46.3,20.8,84.9
2026-07-23 12:00:00,RJPN-010-3,RJPN-010,Band 3 (1800MHz),-105.8,-13.8,4.7,46.5,36.4,108.1
2026-07-23 12:00:00,RJPN-011-1,RJPN-011,Band 1 (2100MHz),-103.6,-14.3,-1.6,55.0,29.7,100.3
2026-07-23 12:00:00,RJPN-011-2,RJPN-011,Band 1 (2100MHz),-90.0,-10.2,14.0,67.7,36.8,57.8
2026-07-23 12:00:00,RJPN-011-3,RJPN-011,Band 1 (2100MHz),-79.6,-15.7,22.2,68.5,16.5,57.8
2026-07-23 13:00:00,RJPN-001-1,RJPN-001,Band 1 (2100MHz),-95.3,-11.6,1.6,67.0,34.7,120.2
2026-07-23 13:00:00,RJPN-001-2,RJPN-001,Band 1 (2100MHz),-88.0,-10.1,8.9,81.6,24.9,81.1
2026-07-23 13:00:00,RJPN-001-3,RJPN-001,Band 1 (2100MHz),-93.2,-8.5,15.3,50.0,27.1,86.7
2026-07-23 13:00:00,RJPN-002-1,RJPN-002,Band 3 (1800MHz),-97.3,-15.0,6.2,29.1,41.6,94.4
2026-07-23 13:00:00,RJPN-002-2,RJPN-002,Band 3 (1800MHz),-86.2,-6.9,15.8,31.0,31.9,86.3
2026-07-23 13:00:00,RJPN-002-3,RJPN-002,Band 3 (1800MHz),-83.4,-8.0,19.9,36.0,16.3,58.6
2026-07-23 13:00:00,RJPN-003-1,RJPN-003,Band 1 (2100MHz),-86.1,-11.0,21.9,30.9,48.3,78.2
2026-07-23 13:00:00,RJPN-003-2,RJPN-003,Band 1 (2100MHz),-86.2,-13.7,14.2,31.8,38.7,108.3
2026-07-23 13:00:00,RJPN-003-3,RJPN-003,Band 1 (2100MHz),-81.0,-11.8,12.9,45.3,33.6,73.4
2026-07-23 13:00:00,RJPN-004-1,RJPN-004,Band 3 (1800MHz),-90.1,-9.0,17.6,71.0,27.9,91.1
2026-07-23 13:00:00,RJPN-004-2,RJPN-004,Band 3 (1800MHz),-88.2,-11.0,25.8,27.5,17.1,111.9
2026-07-23 13:00:00,RJPN-004-3,RJPN-004,Band 3 (1800MHz),-84.2,-11.0,8.7,69.3,16.7,62.4
2026-07-23 13:00:00,RJPN-005-1,RJPN-005,Band 1 (2100MHz),-85.6,-11.7,-0.3,46.4,55.3,51.9
2026-07-23 13:00:00,RJPN-005-2,RJPN-005,Band 1 (2100MHz),-83.3,-8.2,13.6,42.7,28.3,46.6
2026-07-23 13:00:00,RJPN-005-3,RJPN-005,Band 1 (2100MHz),-83.7,-8.1,18.4,51.1,35.2,97.0
2026-07-23 13:00:00,RJPN-006-1,RJPN-006,Band 3 (1800MHz),-82.6,-11.2,10.7,25.5,40.0,92.3
2026-07-23 13:00:00,RJPN-006-2,RJPN-006,Band 3 (1800MHz),-98.7,-9.2,16.5,47.9,30.1,88.6
2026-07-23 13:00:00,RJPN-006-3,RJPN-006,Band 3 (1800MHz),-85.8,-11.5,11.4,64.1,14.6,51.8
2026-07-23 13:00:00,RJPN-007-1,RJPN-007,Band 1 (2100MHz),-83.4,-8.5,13.5,40.5,26.5,96.5
2026-07-23 13:00:00,RJPN-007-2,RJPN-007,Band 1 (2100MHz),-81.6,-8.8,11.4,67.9,26.0,74.5
2026-07-23 13:00:00,RJPN-007-3,RJPN-007,Band 1 (2100MHz),-84.6,-13.2,15.3,48.3,30.4,59.9
2026-07-23 13:00:00,RJPN-008-1,RJPN-008,Band 3 (1800MHz),-88.2,-10.6,13.4,44.2,22.6,94.3
2026-07-23 13:00:00,RJPN-008-2,RJPN-008,Band 3 (1800MHz),-85.1,-9.0,13.7,59.2,23.3,65.2
2026-07-23 13:00:00,RJPN-008-3,RJPN-008,Band 3 (1800MHz),-90.0,-8.4,11.2,55.1,17.7,120.7
2026-07-23 13:00:00,RJPN-009-1,RJPN-009,Band 1 (2100MHz),-91.4,-6.6,16.1,46.4,31.0,69.0
2026-07-23 13:00:00,RJPN-009-2,RJPN-009,Band 1 (2100MHz),-85.1,-12.1,25.3,40.9,32.1,101.1
2026-07-23 13:00:00,RJPN-009-3,RJPN-009,Band 1 (2100MHz),-86.7,-15.3,20.1,46.2,31.7,54.8
2026-07-23 13:00:00,RJPN-010-1,RJPN-010,Band 3 (1800MHz),-90.7,-11.9,15.5,34.0,29.2,84.2
2026-07-23 13:00:00,RJPN-010-2,RJPN-010,Band 3 (1800MHz),-84.1,-11.0,14.4,79.8,32.1,65.5
2026-07-23 13:00:00,RJPN-010-3,RJPN-010,Band 3 (1800MHz),-100.8,-13.5,-2.4,73.4,21.4,86.5
2026-07-23 13:00:00,RJPN-011-1,RJPN-011,Band 1 (2100MHz),-94.8,-13.5,14.2,55.2,14.4,114.2
2026-07-23 13:00:00,RJPN-011-2,RJPN-011,Band 1 (2100MHz),-81.9,-9.2,11.0,50.5,23.4,97.0
2026-07-23 13:00:00,RJPN-011-3,RJPN-011,Band 1 (2100MHz),-83.1,-10.8,7.8,43.8,31.3,114.3
2026-07-23 14:00:00,RJPN-001-1,RJPN-001,Band 1 (2100MHz),-89.1,-17.0,18.2,32.5,30.2,71.1
2026-07-23 14:00:00,RJPN-001-2,RJPN-001,Band 1 (2100MHz),-95.5,-8.3,17.8,35.0,21.7,46.4
2026-07-23 14:00:00,RJPN-001-3,RJPN-001,Band 1 (2100MHz),-83.5,-10.7,11.8,56.2,41.4,85.0
2026-07-23 14:00:00,RJPN-002-1,RJPN-002,Band 3 (1800MHz),-93.3,-20.5,11.7,57.5,32.6,93.7
2026-07-23 14:00:00,RJPN-002-2,RJPN-002,Band 3 (1800MHz),-88.2,-9.6,9.6,57.3,37.3,76.8
2026-07-23 14:00:00,RJPN-002-3,RJPN-002,Band 3 (1800MHz),-88.5,-10.0,15.7,48.9,25.3,76.6
2026-07-23 14:00:00,RJPN-003-1,RJPN-003,Band 1 (2100MHz),-86.2,-12.5,16.6,52.4,13.3,74.9
2026-07-23 14:00:00,RJPN-003-2,RJPN-003,Band 1 (2100MHz),-86.7,-12.1,17.4,61.4,48.4,77.2
2026-07-23 14:00:00,RJPN-003-3,RJPN-003,Band 1 (2100MHz),-85.9,-10.8,6.7,52.0,18.4,131.4
2026-07-23 14:00:00,RJPN-004-1,RJPN-004,Band 3 (1800MHz),-89.1,-12.4,19.7,50.6,33.3,77.6
2026-07-23 14:00:00,RJPN-004-2,RJPN-004,Band 3 (1800MHz),-87.4,-9.5,13.4,41.2,33.1,87.6
2026-07-23 14:00:00,RJPN-004-3,RJPN-004,Band 3 (1800MHz),-84.4,-11.2,9.2,43.0,37.2,89.5
2026-07-23 14:00:00,RJPN-005-1,RJPN-005,Band 1 (2100MHz),-84.7,-14.6,14.1,69.6,22.9,97.3
2026-07-23 14:00:00,RJPN-005-2,RJPN-005,Band 1 (2100MHz),-82.9,-13.3,9.8,48.8,37.7,82.8
2026-07-23 14:00:00,RJPN-005-3,RJPN-005,Band 1 (2100MHz),-88.4,-6.0,8.8,56.3,41.5,59.0
2026-07-23 14:00:00,RJPN-006-1,RJPN-006,Band 3 (1800MHz),-85.4,-10.2,10.3,51.4,15.3,91.0
2026-07-23 14:00:00,RJPN-006-2,RJPN-006,Band 3 (1800MHz),-78.9,-5.9,6.5,40.9,25.7,57.3
2026-07-23 14:00:00,RJPN-006-3,RJPN-006,Band 3 (1800MHz),-88.2,-13.4,14.4,36.2,25.6,79.3
2026-07-23 14:00:00,RJPN-007-1,RJPN-007,Band 1 (2100MHz),-83.5,-11.0,16.8,62.9,47.3,82.1
2026-07-23 14:00:00,RJPN-007-2,RJPN-007,Band 1 (2100MHz),-87.1,-9.4,13.6,61.5,35.5,82.8
2026-07-23 14:00:00,RJPN-007-3,RJPN-007,Band 1 (2100MHz),-86.6,-10.3,17.1,49.4,31.0,70.2
2026-07-23 14:00:00,RJPN-008-1,RJPN-008,Band 3 (1800MHz),-79.1,-8.3,16.4,56.0,32.0,90.5
2026-07-23 14:00:00,RJPN-008-2,RJPN-008,Band 3 (1800MHz),-86.4,-11.9,20.0,12.7,33.1,83.8
2026-07-23 14:00:00,RJPN-008-3,RJPN-008,Band 3 (1800MHz),-88.8,-7.0,9.2,41.9,45.4,81.8
2026-07-23 14:00:00,RJPN-009-1,RJPN-009,Band 1 (2100MHz),-88.8,-10.7,12.6,50.0,32.0,46.3
2026-07-23 14:00:00,RJPN-009-2,RJPN-009,Band 1 (2100MHz),-94.0,-6.9,6.1,39.6,21.7,68.5
2026-07-23 14:00:00,RJPN-009-3,RJPN-009,Band 1 (2100MHz),-87.2,-14.7,12.9,38.8,21.0,64.5
2026-07-23 14:00:00,RJPN-010-1,RJPN-010,Band 3 (1800MHz),-96.6,-11.2,12.1,42.0,7.0,91.9
2026-07-23 14:00:00,RJPN-010-2,RJPN-010,Band 3 (1800MHz),-78.0,-10.0,0.1,3.5,21.4,92.8
2026-07-23 14:00:00,RJPN-010-3,RJPN-010,Band 3 (1800MHz),-102.7,-13.1,3.1,39.2,33.3,71.8
2026-07-23 14:00:00,RJPN-011-1,RJPN-011,Band 1 (2100MHz),-106.3,-13.4,14.1,47.7,30.9,76.4
2026-07-23 14:00:00,RJPN-011-2,RJPN-011,Band 1 (2100MHz),-80.9,-11.9,12.6,44.4,29.2,68.6
2026-07-23 14:00:00,RJPN-011-3,RJPN-011,Band 1 (2100MHz),-88.9,-11.7,19.3,38.7,35.7,87.1
2026-07-23 15:00:00,RJPN-001-1,RJPN-001,Band 1 (2100MHz),-84.8,-7.8,13.6,17.5,12.9,15.3
2026-07-23 15:00:00,RJPN-001-2,RJPN-001,Band 1 (2100MHz),-82.5,-9.4,6.4,9.4,16.2,43.5
2026-07-23 15:00:00,RJPN-001-3,RJPN-001,Band 1 (2100MHz),-86.5,-8.5,12.8,0.0,28.8,8.6
2026-07-23 15:00:00,RJPN-002-1,RJPN-002,Band 3 (1800MHz),-102.1,-9.5,9.3,24.9,4.0,19.0
2026-07-23 15:00:00,RJPN-002-2,RJPN-002,Band 3 (1800MHz),-82.7,-9.1,16.3,5.9,12.2,6.6
2026-07-23 15:00:00,RJPN-002-3,RJPN-002,Band 3 (1800MHz),-87.2,-9.1,18.0,28.6,6.1,67.1
2026-07-23 15:00:00,RJPN-003-1,RJPN-003,Band 1 (2100MHz),-83.9,-4.9,10.7,26.6,1.1,34.4
2026-07-23 15:00:00,RJPN-003-2,RJPN-003,Band 1 (2100MHz),-89.4,-5.6,5.8,18.8,19.8,26.3
2026-07-23 15:00:00,RJPN-003-3,RJPN-003,Band 1 (2100MHz),-86.5,-9.3,8.9,17.6,15.6,32.3
2026-07-23 15:00:00,RJPN-004-1,RJPN-004,Band 3 (1800MHz),-92.6,-11.0,12.7,2.0,18.9,29.6
2026-07-23 15:00:00,RJPN-004-2,RJPN-004,Band 3 (1800MHz),-92.3,-3.6,13.8,15.4,20.1,15.6
2026-07-23 15:00:00,RJPN-004-3,RJPN-004,Band 3 (1800MHz),-88.0,-5.1,9.5,27.1,11.2,0.0
2026-07-23 15:00:00,RJPN-005-1,RJPN-005,Band 1 (2100MHz),-87.2,-8.1,17.7,21.9,11.2,14.6
2026-07-23 15:00:00,RJPN-005-2,RJPN-005,Band 1 (2100MHz),-86.5,-10.5,2.1,17.8,7.7,7.0
2026-07-23 15:00:00,RJPN-005-3,RJPN-005,Band 1 (2100MHz),-83.7,-9.7,12.4,0.0,0.0,48.1
2026-07-23 15:00:00,RJPN-006-1,RJPN-006,Band 3 (1800MHz),-86.4,-7.6,14.7,40.7,4.9,54.9
2026-07-23 15:00:00,RJPN-006-2,RJPN-006,Band 3 (1800MHz),-91.7,-10.4,13.1,36.1,17.4,48.5
2026-07-23 15:00:00,RJPN-006-3,RJPN-006,Band 3 (1800MHz),-91.7,-7.4,16.3,7.7,7.7,47.8
2026-07-23 15:00:00,RJPN-007-1,RJPN-007,Band 1 (2100MHz),-89.3,-8.5,17.3,16.9,9.0,48.1
2026-07-23 15:00:00,RJPN-007-2,RJPN-007,Band 1 (2100MHz),-87.6,-7.2,15.2,19.6,0.0,29.3
2026-07-23 15:00:00,RJPN-007-3,RJPN-007,Band 1 (2100MHz),-89.9,-10.6,10.5,22.1,8.2,33.5
2026-07-23 15:00:00,RJPN-008-1,RJPN-008,Band 3 (1800MHz),-88.4,-10.3,20.1,21.3,8.0,53.6
2026-07-23 15:00:00,RJPN-008-2,RJPN-008,Band 3 (1800MHz),-88.5,-8.8,9.4,27.6,15.3,12.1
2026-07-23 15:00:00,RJPN-008-3,RJPN-008,Band 3 (1800MHz),-81.1,-6.3,11.4,31.6,0.4,19.6
2026-07-23 15:00:00,RJPN-009-1,RJPN-009,Band 1 (2100MHz),-87.3,-11.7,13.5,22.9,0.0,41.7
2026-07-23 15:00:00,RJPN-009-2,RJPN-009,Band 1 (2100MHz),-83.9,-9.6,7.9,0.4,2.2,62.1
2026-07-23 15:00:00,RJPN-009-3,RJPN-009,Band 1 (2100MHz),-90.9,-7.4,17.6,13.2,9.2,20.3
2026-07-23 15:00:00,RJPN-010-1,RJPN-010,Band 3 (1800MHz),-90.3,-10.0,13.4,29.7,26.3,28.5
2026-07-23 15:00:00,RJPN-010-2,RJPN-010,Band 3 (1800MHz),-88.0,-9.5,4.7,18.4,26.3,21.9
2026-07-23 15:00:00,RJPN-010-3,RJPN-010,Band 3 (1800MHz),-102.7,-11.9,13.0,18.2,20.1,68.2
2026-07-23 15:00:00,RJPN-011-1,RJPN-011,Band 1 (2100MHz),-97.7,-14.0,5.0,9.0,26.0,15.0
2026-07-23 15:00:00,RJPN-011-2,RJPN-011,Band 1 (2100MHz),-83.5,-6.5,15.3,24.9,5.5,6.3
2026-07-23 15:00:00,RJPN-011-3,RJPN-011,Band 1 (2100MHz),-88.8,-8.1,21.9,4.9,26.7,44.6
2026-07-23 16:00:00,RJPN-001-1,RJPN-001,Band 1 (2100MHz),-83.4,-10.2,10.3,52.8,55.5,90.2
2026-07-23 16:00:00,RJPN-001-2,RJPN-001,Band 1 (2100MHz),-92.3,-12.3,7.3,79.5,44.4,96.9
2026-07-23 16:00:00,RJPN-001-3,RJPN-001,Band 1 (2100MHz),-91.1,-12.8,8.7,71.5,35.5,136.3
2026-07-23 16:00:00,RJPN-002-1,RJPN-002,Band 3 (1800MHz),-101.2,-15.7,10.1,60.6,40.3,72.0
2026-07-23 16:00:00,RJPN-002-2,RJPN-002,Band 3 (1800MHz),-90.5,-11.8,16.1,80.2,55.3,83.3
2026-07-23 16:00:00,RJPN-002-3,RJPN-002,Band 3 (1800MHz),-92.1,-13.4,4.8,80.6,23.5,83.1
2026-07-23 16:00:00,RJPN-003-1,RJPN-003,Band 1 (2100MHz),-95.2,-14.0,21.6,56.2,27.4,57.5
2026-07-23 16:00:00,RJPN-003-2,RJPN-003,Band 1 (2100MHz),-83.2,-8.8,18.1,69.0,26.6,95.6
2026-07-23 16:00:00,RJPN-003-3,RJPN-003,Band 1 (2100MHz),-80.6,-6.7,7.6,63.8,44.7,89.9
2026-07-23 16:00:00,RJPN-004-1,RJPN-004,Band 3 (1800MHz),-89.8,-9.6,11.8,79.5,42.9,110.2
2026-07-23 16:00:00,RJPN-004-2,RJPN-004,Band 3 (1800MHz),-87.6,-11.7,23.0,70.0,2.2,90.3
2026-07-23 16:00:00,RJPN-004-3,RJPN-004,Band 3 (1800MHz),-96.9,-12.4,10.5,61.1,26.1,87.6
2026-07-23 16:00:00,RJPN-005-1,RJPN-005,Band 1 (2100MHz),-88.0,-8.5,11.7,65.2,46.8,147.1
2026-07-23 16:00:00,RJPN-005-2,RJPN-005,Band 1 (2100MHz),-89.0,-14.3,12.1,53.1,23.5,129.4
2026-07-23 16:00:00,RJPN-005-3,RJPN-005,Band 1 (2100MHz),-93.6,-10.4,16.5,56.5,37.6,94.2
2026-07-23 16:00:00,RJPN-006-1,RJPN-006,Band 3 (1800MHz),-84.8,-11.1,11.0,53.3,44.8,130.4
2026-07-23 16:00:00,RJPN-006-2,RJPN-006,Band 3 (1800MHz),-83.3,-12.9,12.9,75.8,49.2,95.4
2026-07-23 16:00:00,RJPN-006-3,RJPN-006,Band 3 (1800MHz),-86.9,-9.3,7.2,74.4,38.3,125.1
2026-07-23 16:00:00,RJPN-007-1,RJPN-007,Band 1 (2100MHz),-89.5,-12.3,11.3,58.2,44.8,113.4
2026-07-23 16:00:00,RJPN-007-2,RJPN-007,Band 1 (2100MHz),-79.7,-13.2,11.2,60.3,35.6,107.8
2026-07-23 16:00:00,RJPN-007-3,RJPN-007,Band 1 (2100MHz),-88.0,-10.4,17.0,46.9,37.4,85.5
2026-07-23 16:00:00,RJPN-008-1,RJPN-008,Band 3 (1800MHz),-89.9,-12.9,14.7,77.8,30.2,109.2
2026-07-23 16:00:00,RJPN-008-2,RJPN-008,Band 3 (1800MHz),-91.7,-13.9,10.8,70.8,43.4,124.8
2026-07-23 16:00:00,RJPN-008-3,RJPN-008,Band 3 (1800MHz),-87.9,-12.3,13.1,62.9,45.5,125.7
2026-07-23 16:00:00,RJPN-009-1,RJPN-009,Band 1 (2100MHz),-90.6,-14.7,1.3,60.3,46.1,112.9
2026-07-23 16:00:00,RJPN-009-2,RJPN-009,Band 1 (2100MHz),-87.5,-8.3,17.3,85.8,45.6,77.9
2026-07-23 16:00:00,RJPN-009-3,RJPN-009,Band 1 (2100MHz),-89.1,-9.7,13.9,74.5,32.3,123.2
2026-07-23 16:00:00,RJPN-010-1,RJPN-010,Band 3 (1800MHz),-85.1,-10.2,13.8,73.3,32.1,104.5
2026-07-23 16:00:00,RJPN-010-2,RJPN-010,Band 3 (1800MHz),-88.5,-14.8,20.7,64.9,45.6,125.8
2026-07-23 16:00:00,RJPN-010-3,RJPN-010,Band 3 (1800MHz),-101.6,-12.4,8.5,59.1,40.8,94.7
2026-07-23 16:00:00,RJPN-011-1,RJPN-011,Band 1 (2100MHz),-102.1,-16.4,1.9,50.0,36.6,96.5
2026-07-23 16:00:00,RJPN-011-2,RJPN-011,Band 1 (2100MHz),-81.9,-10.4,11.1,67.3,47.1,92.3
2026-07-23 16:00:00,RJPN-011-3,RJPN-011,Band 1 (2100MHz),-90.3,-10.4,10.3,64.4,38.0,85.5
2026-07-23 17:00:00,RJPN-001-1,RJPN-001,Band 1 (2100MHz),-87.9,-12.5,19.5,59.4,46.8,83.8
2026-07-23 17:00:00,RJPN-001-2,RJPN-001,Band 1 (2100MHz),-91.7,-10.5,4.2,81.5,53.5,145.2
2026-07-23 17:00:00,RJPN-001-3,RJPN-001,Band 1 (2100MHz),-95.8,-9.6,15.2,58.3,31.3,159.3
2026-07-23 17:00:00,RJPN-002-1,RJPN-002,Band 3 (1800MHz),-102.2,-12.1,10.4,53.5,39.1,136.0
2026-07-23 17:00:00,RJPN-002-2,RJPN-002,Band 3 (1800MHz),-82.6,-10.2,13.8,81.0,42.5,116.1
2026-07-23 17:00:00,RJPN-002-3,RJPN-002,Band 3 (1800MHz),-82.7,-11.1,16.1,79.7,40.6,114.7
2026-07-23 17:00:00,RJPN-003-1,RJPN-003,Band 1 (2100MHz),-88.5,-11.5,24.1,69.3,39.2,120.0
2026-07-23 17:00:00,RJPN-003-2,RJPN-003,Band 1 (2100MHz),-91.3,-14.4,11.3,87.6,51.6,106.9
2026-07-23 17:00:00,RJPN-003-3,RJPN-003,Band 1 (2100MHz),-92.0,-9.9,22.0,44.4,43.8,124.4
2026-07-23 17:00:00,RJPN-004-1,RJPN-004,Band 3 (1800MHz),-93.4,-12.1,-1.1,92.0,53.7,118.6
2026-07-23 17:00:00,RJPN-004-2,RJPN-004,Band 3 (1800MHz),-83.7,-13.0,6.8,86.2,38.6,90.0
2026-07-23 17:00:00,RJPN-004-3,RJPN-004,Band 3 (1800MHz),-93.0,-8.0,7.7,65.8,43.6,128.9
2026-07-23 17:00:00,RJPN-005-1,RJPN-005,Band 1 (2100MHz),-86.6,-13.7,25.2,79.8,41.8,110.1
2026-07-23 17:00:00,RJPN-005-2,RJPN-005,Band 1 (2100MHz),-84.9,-12.0,5.5,96.1,59.5,118.4
2026-07-23 17:00:00,RJPN-005-3,RJPN-005,Band 1 (2100MHz),-87.5,-18.7,6.7,53.3,55.7,83.3
2026-07-23 17:00:00,RJPN-006-1,RJPN-006,Band 3 (1800MHz),-91.8,-13.0,11.9,91.8,43.4,172.3
2026-07-23 17:00:00,RJPN-006-2,RJPN-006,Band 3 (1800MHz),-82.6,-11.6,6.1,60.1,41.5,160.6
2026-07-23 17:00:00,RJPN-006-3,RJPN-006,Band 3 (1800MHz),-95.5,-14.3,6.4,74.6,44.5,93.6
2026-07-23 17:00:00,RJPN-007-1,RJPN-007,Band 1 (2100MHz),-93.8,-11.1,14.4,77.3,38.7,126.0
2026-07-23 17:00:00,RJPN-007-2,RJPN-007,Band 1 (2100MHz),-89.8,-14.9,17.4,85.3,42.8,137.3
2026-07-23 17:00:00,RJPN-007-3,RJPN-007,Band 1 (2100MHz),-83.3,-9.0,23.3,95.1,53.7,94.1
2026-07-23 17:00:00,RJPN-008-1,RJPN-008,Band 3 (1800MHz),-85.8,-13.3,17.9,70.0,49.6,97.7
2026-07-23 17:00:00,RJPN-008-2,RJPN-008,Band 3 (1800MHz),-84.6,-11.0,5.6,90.5,53.5,128.1
2026-07-23 17:00:00,RJPN-008-3,RJPN-008,Band 3 (1800MHz),-92.8,-10.9,20.5,84.4,42.4,87.8
2026-07-23 17:00:00,RJPN-009-1,RJPN-009,Band 1 (2100MHz),-92.2,-11.5,8.0,78.0,20.8,115.9
2026-07-23 17:00:00,RJPN-009-2,RJPN-009,Band 1 (2100MHz),-92.2,-11.7,12.6,77.3,40.2,123.3
2026-07-23 17:00:00,RJPN-009-3,RJPN-009,Band 1 (2100MHz),-93.3,-14.6,24.3,85.0,43.7,132.7
2026-07-23 17:00:00,RJPN-010-1,RJPN-010,Band 3 (1800MHz),-92.9,-11.7,8.0,79.6,48.2,111.6
2026-07-23 17:00:00,RJPN-010-2,RJPN-010,Band 3 (1800MHz),-82.0,-16.1,7.5,86.1,32.8,138.5
2026-07-23 17:00:00,RJPN-010-3,RJPN-010,Band 3 (1800MHz),-95.7,-18.0,4.2,70.6,41.7,100.8
2026-07-23 17:00:00,RJPN-011-1,RJPN-011,Band 1 (2100MHz),-102.3,-19.4,6.8,77.9,45.0,117.7
2026-07-23 17:00:00,RJPN-011-2,RJPN-011,Band 1 (2100MHz),-84.2,-9.1,21.3,68.7,46.2,114.9
2026-07-23 17:00:00,RJPN-011-3,RJPN-011,Band 1 (2100MHz),-86.0,-13.0,20.2,87.2,48.4,129.1
2026-07-23 18:00:00,RJPN-001-1,RJPN-001,Band 1 (2100MHz),-87.8,-10.5,12.3,78.4,49.7,100.3
2026-07-23 18:00:00,RJPN-001-2,RJPN-001,Band 1 (2100MHz),-86.9,-8.4,12.0,52.8,66.1,79.8
2026-07-23 18:00:00,RJPN-001-3,RJPN-001,Band 1 (2100MHz),-79.0,-8.4,16.6,80.5,57.5,152.6
2026-07-23 18:00:00,RJPN-002-1,RJPN-002,Band 3 (1800MHz),-97.3,-14.5,7.5,74.9,46.1,137.4
2026-07-23 18:00:00,RJPN-002-2,RJPN-002,Band 3 (1800MHz),-98.0,-10.5,13.9,95.8,53.9,143.2
2026-07-23 18:00:00,RJPN-002-3,RJPN-002,Band 3 (1800MHz),-87.5,-11.1,17.3,72.3,57.4,93.8
2026-07-23 18:00:00,RJPN-003-1,RJPN-003,Band 1 (2100MHz),-81.2,-10.5,14.2,70.6,47.0,145.7
2026-07-23 18:00:00,RJPN-003-2,RJPN-003,Band 1 (2100MHz),-78.4,-12.0,15.0,75.1,63.1,165.4
2026-07-23 18:00:00,RJPN-003-3,RJPN-003,Band 1 (2100MHz),-89.8,-13.1,14.0,78.3,42.0,112.3
2026-07-23 18:00:00,RJPN-004-1,RJPN-004,Band 3 (1800MHz),-80.0,-14.1,4.4,86.5,49.7,120.9
2026-07-23 18:00:00,RJPN-004-2,RJPN-004,Band 3 (1800MHz),-83.0,-12.5,14.5,71.8,41.0,123.4
2026-07-23 18:00:00,RJPN-004-3,RJPN-004,Band 3 (1800MHz),-87.8,-7.0,12.5,88.5,52.1,115.3
2026-07-23 18:00:00,RJPN-005-1,RJPN-005,Band 1 (2100MHz),-87.0,-11.5,15.6,100.0,52.2,142.5
2026-07-23 18:00:00,RJPN-005-2,RJPN-005,Band 1 (2100MHz),-87.8,-13.3,8.7,77.9,47.4,120.9
2026-07-23 18:00:00,RJPN-005-3,RJPN-005,Band 1 (2100MHz),-88.0,-13.4,13.8,70.5,47.5,93.9
2026-07-23 18:00:00,RJPN-006-1,RJPN-006,Band 3 (1800MHz),-85.3,-13.7,15.2,75.3,33.1,152.1
2026-07-23 18:00:00,RJPN-006-2,RJPN-006,Band 3 (1800MHz),-90.0,-11.2,13.0,57.3,50.4,97.9
2026-07-23 18:00:00,RJPN-006-3,RJPN-006,Band 3 (1800MHz),-76.9,-11.2,15.5,54.9,39.9,144.3
2026-07-23 18:00:00,RJPN-007-1,RJPN-007,Band 1 (2100MHz),-86.0,-11.6,11.5,84.7,38.7,142.7
2026-07-23 18:00:00,RJPN-007-2,RJPN-007,Band 1 (2100MHz),-86.6,-10.7,7.2,89.2,37.3,156.0
2026-07-23 18:00:00,RJPN-007-3,RJPN-007,Band 1 (2100MHz),-81.0,-13.9,16.2,74.0,47.7,110.7
2026-07-23 18:00:00,RJPN-008-1,RJPN-008,Band 3 (1800MHz),-79.9,-14.5,16.5,53.1,44.5,155.7
2026-07-23 18:00:00,RJPN-008-2,RJPN-008,Band 3 (1800MHz),-87.5,-10.6,15.0,74.8,28.3,119.5
2026-07-23 18:00:00,RJPN-008-3,RJPN-008,Band 3 (1800MHz),-85.6,-11.9,16.8,68.8,56.0,143.0
2026-07-23 18:00:00,RJPN-009-1,RJPN-009,Band 1 (2100MHz),-87.0,-16.0,16.9,71.9,69.9,119.3
2026-07-23 18:00:00,RJPN-009-2,RJPN-009,Band 1 (2100MHz),-82.8,-8.7,17.8,75.3,50.2,113.7
2026-07-23 18:00:00,RJPN-009-3,RJPN-009,Band 1 (2100MHz),-94.6,-11.9,14.3,73.5,67.6,144.5
2026-07-23 18:00:00,RJPN-010-1,RJPN-010,Band 3 (1800MHz),-88.1,-8.8,19.8,91.1,45.0,86.5
2026-07-23 18:00:00,RJPN-010-2,RJPN-010,Band 3 (1800MHz),-88.9,-11.8,6.6,94.4,37.5,134.6
2026-07-23 18:00:00,RJPN-010-3,RJPN-010,Band 3 (1800MHz),-108.0,-11.1,6.5,82.1,49.6,102.0
2026-07-23 18:00:00,RJPN-011-1,RJPN-011,Band 1 (2100MHz),-99.6,-15.9,8.7,96.2,40.7,126.3
2026-07-23 18:00:00,RJPN-011-2,RJPN-011,Band 1 (2100MHz),-82.5,-10.4,12.5,70.2,44.1,105.7
2026-07-23 18:00:00,RJPN-011-3,RJPN-011,Band 1 (2100MHz),-77.9,-13.0,23.5,51.0,47.6,125.0
2026-07-23 19:00:00,RJPN-001-1,RJPN-001,Band 1 (2100MHz),-84.3,-7.8,12.4,85.9,44.7,104.8
2026-07-23 19:00:00,RJPN-001-2,RJPN-001,Band 1 (2100MHz),-87.3,-10.5,17.5,66.9,45.0,147.5
2026-07-23 19:00:00,RJPN-001-3,RJPN-001,Band 1 (2100MHz),-87.2,-10.6,8.7,66.7,48.0,138.1
2026-07-23 19:00:00,RJPN-002-1,RJPN-002,Band 3 (1800MHz),-104.4,-16.9,9.4,74.6,57.2,96.7
2026-07-23 19:00:00,RJPN-002-2,RJPN-002,Band 3 (1800MHz),-85.3,-11.7,11.6,86.0,32.2,136.0
2026-07-23 19:00:00,RJPN-002-3,RJPN-002,Band 3 (1800MHz),-86.4,-9.3,14.4,68.3,45.3,105.8
2026-07-23 19:00:00,RJPN-003-1,RJPN-003,Band 1 (2100MHz),-83.1,-12.1,14.9,88.8,40.9,122.7
2026-07-23 19:00:00,RJPN-003-2,RJPN-003,Band 1 (2100MHz),-92.2,-10.9,19.3,55.5,30.2,112.8
2026-07-23 19:00:00,RJPN-003-3,RJPN-003,Band 1 (2100MHz),-92.8,-7.1,8.7,82.2,46.9,93.4
2026-07-23 19:00:00,RJPN-004-1,RJPN-004,Band 3 (1800MHz),-86.4,-11.0,6.7,59.5,36.8,110.0
2026-07-23 19:00:00,RJPN-004-2,RJPN-004,Band 3 (1800MHz),-88.7,-12.2,20.2,72.9,46.3,105.4
2026-07-23 19:00:00,RJPN-004-3,RJPN-004,Band 3 (1800MHz),-85.2,-11.3,16.2,57.4,47.6,73.7
2026-07-23 19:00:00,RJPN-005-1,RJPN-005,Band 1 (2100MHz),-82.3,-10.5,8.7,63.7,52.6,120.0
2026-07-23 19:00:00,RJPN-005-2,RJPN-005,Band 1 (2100MHz),-87.7,-8.8,12.4,69.7,43.6,143.6
2026-07-23 19:00:00,RJPN-005-3,RJPN-005,Band 1 (2100MHz),-92.8,-10.2,5.0,72.6,39.1,98.0
2026-07-23 19:00:00,RJPN-006-1,RJPN-006,Band 3 (1800MHz),-79.7,-12.0,14.3,82.1,46.8,103.8
2026-07-23 19:00:00,RJPN-006-2,RJPN-006,Band 3 (1800MHz),-86.6,-12.2,14.6,89.5,34.0,119.0
2026-07-23 19:00:00,RJPN-006-3,RJPN-006,Band 3 (1800MHz),-89.9,-13.6,12.2,66.5,57.7,125.8
2026-07-23 19:00:00,RJPN-007-1,RJPN-007,Band 1 (2100MHz),-92.6,-9.9,21.2,74.7,36.7,116.3
2026-07-23 19:00:00,RJPN-007-2,RJPN-007,Band 1 (2100MHz),-92.6,-8.8,13.2,73.2,43.8,95.7
2026-07-23 19:00:00,RJPN-007-3,RJPN-007,Band 1 (2100MHz),-87.7,-11.9,9.9,65.8,61.8,113.8
2026-07-23 19:00:00,RJPN-008-1,RJPN-008,Band 3 (1800MHz),-80.9,-10.8,18.5,80.4,52.3,111.4
2026-07-23 19:00:00,RJPN-008-2,RJPN-008,Band 3 (1800MHz),-90.9,-10.6,11.8,79.7,40.2,96.7
2026-07-23 19:00:00,RJPN-008-3,RJPN-008,Band 3 (1800MHz),-86.0,-11.2,11.7,55.4,45.1,120.8
2026-07-23 19:00:00,RJPN-009-1,RJPN-009,Band 1 (2100MHz),-84.7,-10.5,14.0,89.3,44.4,115.5
2026-07-23 19:00:00,RJPN-009-2,RJPN-009,Band 1 (2100MHz),-89.0,-14.3,19.6,82.9,41.2,144.6
2026-07-23 19:00:00,RJPN-009-3,RJPN-009,Band 1 (2100MHz),-84.0,-10.3,14.4,77.1,53.1,105.3
2026-07-23 19:00:00,RJPN-010-1,RJPN-010,Band 3 (1800MHz),-85.9,-10.7,14.5,66.2,41.9,124.0
2026-07-23 19:00:00,RJPN-010-2,RJPN-010,Band 3 (1800MHz),-88.4,-11.4,17.5,80.0,43.7,147.5
2026-07-23 19:00:00,RJPN-010-3,RJPN-010,Band 3 (1800MHz),-96.6,-16.5,-0.8,67.4,43.0,104.9
2026-07-23 19:00:00,RJPN-011-1,RJPN-011,Band 1 (2100MHz),-101.3,-15.9,6.8,58.3,43.7,134.1
2026-07-23 19:00:00,RJPN-011-2,RJPN-011,Band 1 (2100MHz),-85.5,-9.9,19.0,69.9,39.8,91.5
2026-07-23 19:00:00,RJPN-011-3,RJPN-011,Band 1 (2100MHz),-88.3,-12.4,10.2,95.9,35.7,89.6
2026-07-23 20:00:00,RJPN-001-1,RJPN-001,Band 1 (2100MHz),-85.3,-9.5,6.9,85.7,54.5,62.6
2026-07-23 20:00:00,RJPN-001-2,RJPN-001,Band 1 (2100MHz),-82.6,-9.6,22.5,46.1,31.3,67.1
2026-07-23 20:00:00,RJPN-001-3,RJPN-001,Band 1 (2100MHz),-88.2,-12.0,13.1,78.9,28.8,123.4
2026-07-23 20:00:00,RJPN-002-1,RJPN-002,Band 3 (1800MHz),-101.9,-17.0,2.0,69.3,42.6,57.5
2026-07-23 20:00:00,RJPN-002-2,RJPN-002,Band 3 (1800MHz),-91.5,-7.3,4.5,79.1,58.8,61.6
2026-07-23 20:00:00,RJPN-002-3,RJPN-002,Band 3 (1800MHz),-87.1,-12.2,15.7,65.8,32.3,100.8
2026-07-23 20:00:00,RJPN-003-1,RJPN-003,Band 1 (2100MHz),-83.1,-9.7,18.3,58.5,36.2,88.8
2026-07-23 20:00:00,RJPN-003-2,RJPN-003,Band 1 (2100MHz),-90.5,-12.8,17.6,55.5,42.4,122.1
2026-07-23 20:00:00,RJPN-003-3,RJPN-003,Band 1 (2100MHz),-92.2,-9.6,10.1,74.2,53.7,93.5
2026-07-23 20:00:00,RJPN-004-1,RJPN-004,Band 3 (1800MHz),-79.9,-4.7,17.6,58.8,31.6,140.7
2026-07-23 20:00:00,RJPN-004-2,RJPN-004,Band 3 (1800MHz),-85.0,-10.4,16.3,68.2,24.3,98.1
2026-07-23 20:00:00,RJPN-004-3,RJPN-004,Band 3 (1800MHz),-93.5,-8.9,9.7,70.7,49.5,104.2
2026-07-23 20:00:00,RJPN-005-1,RJPN-005,Band 1 (2100MHz),-79.4,-11.4,6.2,50.9,44.7,115.4
2026-07-23 20:00:00,RJPN-005-2,RJPN-005,Band 1 (2100MHz),-86.2,-10.6,12.6,68.4,41.2,112.3
2026-07-23 20:00:00,RJPN-005-3,RJPN-005,Band 1 (2100MHz),-95.5,-13.8,14.9,91.0,42.1,115.3
2026-07-23 20:00:00,RJPN-006-1,RJPN-006,Band 3 (1800MHz),-87.1,-11.4,13.5,43.6,49.6,118.9
2026-07-23 20:00:00,RJPN-006-2,RJPN-006,Band 3 (1800MHz),-88.3,-9.4,11.4,42.4,48.4,129.2
2026-07-23 20:00:00,RJPN-006-3,RJPN-006,Band 3 (1800MHz),-86.9,-9.9,10.6,57.1,27.0,86.6
2026-07-23 20:00:00,RJPN-007-1,RJPN-007,Band 1 (2100MHz),-86.1,-10.9,10.0,60.8,23.8,117.3
2026-07-23 20:00:00,RJPN-007-2,RJPN-007,Band 1 (2100MHz),-93.3,-8.6,12.1,90.1,45.4,89.0
2026-07-23 20:00:00,RJPN-007-3,RJPN-007,Band 1 (2100MHz),-88.1,-7.9,16.4,59.1,37.1,83.5
2026-07-23 20:00:00,RJPN-008-1,RJPN-008,Band 3 (1800MHz),-89.9,-11.7,17.0,76.1,39.1,78.9
2026-07-23 20:00:00,RJPN-008-2,RJPN-008,Band 3 (1800MHz),-85.4,-7.0,15.3,63.8,45.9,136.2
2026-07-23 20:00:00,RJPN-008-3,RJPN-008,Band 3 (1800MHz),-92.0,-16.5,11.7,74.0,56.1,80.6
2026-07-23 20:00:00,RJPN-009-1,RJPN-009,Band 1 (2100MHz),-84.9,-12.8,13.1,56.3,32.4,122.5
2026-07-23 20:00:00,RJPN-009-2,RJPN-009,Band 1 (2100MHz),-79.0,-6.4,16.3,77.1,51.9,117.1
2026-07-23 20:00:00,RJPN-009-3,RJPN-009,Band 1 (2100MHz),-87.7,-11.3,3.5,88.8,37.9,62.5
2026-07-23 20:00:00,RJPN-010-1,RJPN-010,Band 3 (1800MHz),-81.7,-10.9,12.4,61.2,46.1,96.4
2026-07-23 20:00:00,RJPN-010-2,RJPN-010,Band 3 (1800MHz),-94.8,-9.8,18.1,56.1,30.8,131.4
2026-07-23 20:00:00,RJPN-010-3,RJPN-010,Band 3 (1800MHz),-86.1,-18.3,-2.3,50.6,29.7,86.8
2026-07-23 20:00:00,RJPN-011-1,RJPN-011,Band 1 (2100MHz),-98.9,-16.9,8.7,67.3,30.8,95.9
2026-07-23 20:00:00,RJPN-011-2,RJPN-011,Band 1 (2100MHz),-90.3,-12.3,7.5,73.9,21.9,117.3
2026-07-23 20:00:00,RJPN-011-3,RJPN-011,Band 1 (2100MHz),-86.1,-10.4,10.3,72.8,41.9,98.8
2026-07-23 21:00:00,RJPN-001-1,RJPN-001,Band 1 (2100MHz),-88.0,-8.0,11.3,2.0,12.4,29.6
2026-07-23 21:00:00,RJPN-001-2,RJPN-001,Band 1 (2100MHz),-85.7,-9.7,19.1,18.8,0.0,28.3
2026-07-23 21:00:00,RJPN-001-3,RJPN-001,Band 1 (2100MHz),-89.7,-8.5,8.6,26.6,1.8,35.2
2026-07-23 21:00:00,RJPN-002-1,RJPN-002,Band 3 (1800MHz),-97.6,-12.9,4.8,39.8,13.3,12.8
2026-07-23 21:00:00,RJPN-002-2,RJPN-002,Band 3 (1800MHz),-86.0,-8.6,17.2,23.6,18.6,0.0
2026-07-23 21:00:00,RJPN-002-3,RJPN-002,Band 3 (1800MHz),-92.8,-6.2,15.0,31.2,11.0,0.0
2026-07-23 21:00:00,RJPN-003-1,RJPN-003,Band 1 (2100MHz),-92.0,-8.8,15.8,18.4,11.5,36.1
2026-07-23 21:00:00,RJPN-003-2,RJPN-003,Band 1 (2100MHz),-86.8,-11.0,19.6,16.9,4.4,42.4
2026-07-23 21:00:00,RJPN-003-3,RJPN-003,Band 1 (2100MHz),-83.6,-8.2,16.9,15.4,12.4,5.1
2026-07-23 21:00:00,RJPN-004-1,RJPN-004,Band 3 (1800MHz),-92.6,-11.5,3.6,17.0,8.1,26.1
2026-07-23 21:00:00,RJPN-004-2,RJPN-004,Band 3 (1800MHz),-86.8,-9.0,8.0,26.5,5.1,31.1
2026-07-23 21:00:00,RJPN-004-3,RJPN-004,Band 3 (1800MHz),-84.9,-6.8,11.9,6.5,25.8,46.5
2026-07-23 21:00:00,RJPN-005-1,RJPN-005,Band 1 (2100MHz),-79.5,-10.3,2.4,0.0,19.5,17.2
2026-07-23 21:00:00,RJPN-005-2,RJPN-005,Band 1 (2100MHz),-81.6,-8.0,17.4,5.1,21.0,2.0
2026-07-23 21:00:00,RJPN-005-3,RJPN-005,Band 1 (2100MHz),-95.8,-5.3,9.2,5.7,3.6,0.0
2026-07-23 21:00:00,RJPN-006-1,RJPN-006,Band 3 (1800MHz),-82.3,-10.0,9.4,6.0,1.5,13.8
2026-07-23 21:00:00,RJPN-006-2,RJPN-006,Band 3 (1800MHz),-81.6,-11.7,14.1,3.0,8.4,59.7
2026-07-23 21:00:00,RJPN-006-3,RJPN-006,Band 3 (1800MHz),-83.2,-5.3,23.9,18.6,20.3,50.3
2026-07-23 21:00:00,RJPN-007-1,RJPN-007,Band 1 (2100MHz),-85.9,-7.8,18.1,0.0,28.3,50.9
2026-07-23 21:00:00,RJPN-007-2,RJPN-007,Band 1 (2100MHz),-93.2,-9.9,15.0,19.9,19.8,14.5
2026-07-23 21:00:00,RJPN-007-3,RJPN-007,Band 1 (2100MHz),-94.3,-2.5,11.9,2.4,2.0,28.3
2026-07-23 21:00:00,RJPN-008-1,RJPN-008,Band 3 (1800MHz),-88.7,-7.0,14.9,33.3,11.0,0.0
2026-07-23 21:00:00,RJPN-008-2,RJPN-008,Band 3 (1800MHz),-91.3,-8.2,15.9,15.5,7.2,23.7
2026-07-23 21:00:00,RJPN-008-3,RJPN-008,Band 3 (1800MHz),-80.2,-8.5,8.4,12.3,0.0,40.6
2026-07-23 21:00:00,RJPN-009-1,RJPN-009,Band 1 (2100MHz),-87.0,-8.9,15.8,0.0,0.0,56.0
2026-07-23 21:00:00,RJPN-009-2,RJPN-009,Band 1 (2100MHz),-88.9,-10.0,16.2,0.0,6.1,9.5
2026-07-23 21:00:00,RJPN-009-3,RJPN-009,Band 1 (2100MHz),-86.6,-4.1,16.4,15.7,6.6,28.6
2026-07-23 21:00:00,RJPN-010-1,RJPN-010,Band 3 (1800MHz),-86.0,-9.1,12.4,23.2,0.0,25.9
2026-07-23 21:00:00,RJPN-010-2,RJPN-010,Band 3 (1800MHz),-85.4,-6.6,11.5,40.5,11.0,0.0
2026-07-23 21:00:00,RJPN-010-3,RJPN-010,Band 3 (1800MHz),-104.0,-13.2,9.0,11.8,5.9,24.8
2026-07-23 21:00:00,RJPN-011-1,RJPN-011,Band 1 (2100MHz),-102.5,-9.4,9.2,6.7,14.2,58.0
2026-07-23 21:00:00,RJPN-011-2,RJPN-011,Band 1 (2100MHz),-83.7,-9.6,19.8,11.1,1.8,31.3
2026-07-23 21:00:00,RJPN-011-3,RJPN-011,Band 1 (2100MHz),-87.1,-11.1,18.3,20.3,1.1,20.3
2026-07-23 22:00:00,RJPN-001-1,RJPN-001,Band 1 (2100MHz),-90.4,-9.8,11.4,4.0,10.5,20.3
2026-07-23 22:00:00,RJPN-001-2,RJPN-001,Band 1 (2100MHz),-86.2,-8.9,16.4,26.6,14.4,0.0
2026-07-23 22:00:00,RJPN-001-3,RJPN-001,Band 1 (2100MHz),-89.5,-5.3,11.6,19.3,0.0,24.4
2026-07-23 22:00:00,RJPN-002-1,RJPN-002,Band 3 (1800MHz),-103.4,-12.2,4.2,0.0,0.0,30.4
2026-07-23 22:00:00,RJPN-002-2,RJPN-002,Band 3 (1800MHz),-82.8,-8.5,15.3,0.0,8.7,40.1
2026-07-23 22:00:00,RJPN-002-3,RJPN-002,Band 3 (1800MHz),-82.8,-7.1,18.4,0.0,16.2,21.8
2026-07-23 22:00:00,RJPN-003-1,RJPN-003,Band 1 (2100MHz),-79.8,-9.6,13.4,6.7,0.0,0.6
2026-07-23 22:00:00,RJPN-003-2,RJPN-003,Band 1 (2100MHz),-85.1,-7.4,7.8,25.5,0.0,27.3
2026-07-23 22:00:00,RJPN-003-3,RJPN-003,Band 1 (2100MHz),-83.8,-7.6,11.4,19.1,4.7,23.5
2026-07-23 22:00:00,RJPN-004-1,RJPN-004,Band 3 (1800MHz),-76.5,-8.2,23.2,0.0,11.1,0.0
2026-07-23 22:00:00,RJPN-004-2,RJPN-004,Band 3 (1800MHz),-88.3,-10.2,18.7,0.0,16.3,17.3
2026-07-23 22:00:00,RJPN-004-3,RJPN-004,Band 3 (1800MHz),-90.8,-5.9,14.0,8.5,0.0,20.3
2026-07-23 22:00:00,RJPN-005-1,RJPN-005,Band 1 (2100MHz),-82.4,-6.7,4.8,13.8,4.5,7.5
2026-07-23 22:00:00,RJPN-005-2,RJPN-005,Band 1 (2100MHz),-91.3,-10.3,11.1,0.0,8.5,0.0
2026-07-23 22:00:00,RJPN-005-3,RJPN-005,Band 1 (2100MHz),-86.7,-6.3,12.8,5.2,0.9,35.7
2026-07-23 22:00:00,RJPN-006-1,RJPN-006,Band 3 (1800MHz),-88.3,-7.0,10.2,24.2,0.0,55.2
2026-07-23 22:00:00,RJPN-006-2,RJPN-006,Band 3 (1800MHz),-88.7,-8.4,14.4,27.0,4.4,54.8
2026-07-23 22:00:00,RJPN-006-3,RJPN-006,Band 3 (1800MHz),-85.7,-5.7,15.1,0.0,7.8,0.0
2026-07-23 22:00:00,RJPN-007-1,RJPN-007,Band 1 (2100MHz),-94.3,-7.7,10.0,3.2,4.4,33.6
2026-07-23 22:00:00,RJPN-007-2,RJPN-007,Band 1 (2100MHz),-81.4,-3.3,13.9,23.9,17.6,0.0
2026-07-23 22:00:00,RJPN-007-3,RJPN-007,Band 1 (2100MHz),-87.5,-7.5,12.7,23.9,0.0,16.9
2026-07-23 22:00:00,RJPN-008-1,RJPN-008,Band 3 (1800MHz),-83.9,-9.7,18.0,0.0,0.2,0.0
2026-07-23 22:00:00,RJPN-008-2,RJPN-008,Band 3 (1800MHz),-83.6,-5.7,10.5,16.4,3.5,48.9
2026-07-23 22:00:00,RJPN-008-3,RJPN-008,Band 3 (1800MHz),-93.0,-9.4,7.7,3.5,4.4,0.0
2026-07-23 22:00:00,RJPN-009-1,RJPN-009,Band 1 (2100MHz),-78.6,-8.1,17.7,8.3,4.2,0.0
2026-07-23 22:00:00,RJPN-009-2,RJPN-009,Band 1 (2100MHz),-83.5,-6.0,8.3,0.0,17.0,0.0
2026-07-23 22:00:00,RJPN-009-3,RJPN-009,Band 1 (2100MHz),-82.4,-10.2,12.9,12.1,4.3,0.0
2026-07-23 22:00:00,RJPN-010-1,RJPN-010,Band 3 (1800MHz),-90.2,-9.8,6.3,13.7,8.1,19.3
2026-07-23 22:00:00,RJPN-010-2,RJPN-010,Band 3 (1800MHz),-83.6,-6.0,10.2,23.0,3.8,34.4
2026-07-23 22:00:00,RJPN-010-3,RJPN-010,Band 3 (1800MHz),-104.4,-12.6,6.7,0.0,22.9,2.4
2026-07-23 22:00:00,RJPN-011-1,RJPN-011,Band 1 (2100MHz),-103.8,-11.7,8.5,0.0,9.9,5.9
2026-07-23 22:00:00,RJPN-011-2,RJPN-011,Band 1 (2100MHz),-91.1,-8.8,11.4,0.0,12.7,11.0
2026-07-23 22:00:00,RJPN-011-3,RJPN-011,Band 1 (2100MHz),-91.4,-7.2,19.7,3.7,3.7,33.0
2026-07-23 23:00:00,RJPN-001-1,RJPN-001,Band 1 (2100MHz),-87.0,-11.8,15.4,35.0,0.0,0.0
2026-07-23 23:00:00,RJPN-001-2,RJPN-001,Band 1 (2100MHz),-88.5,-6.1,10.4,5.5,0.0,17.2
2026-07-23 23:00:00,RJPN-001-3,RJPN-001,Band 1 (2100MHz),-83.2,-5.5,18.0,33.9,0.0,14.6
2026-07-23 23:00:00,RJPN-002-1,RJPN-002,Band 3 (1800MHz),-103.4,-11.9,0.5,23.2,13.0,80.5
2026-07-23 23:00:00,RJPN-002-2,RJPN-002,Band 3 (1800MHz),-82.0,-8.0,16.1,10.5,0.0,41.0
2026-07-23 23:00:00,RJPN-002-3,RJPN-002,Band 3 (1800MHz),-88.7,-2.7,11.7,19.4,18.6,0.0
2026-07-23 23:00:00,RJPN-003-1,RJPN-003,Band 1 (2100MHz),-86.4,-8.4,22.4,12.2,9.3,28.1
2026-07-23 23:00:00,RJPN-003-2,RJPN-003,Band 1 (2100MHz),-81.0,-10.9,16.3,10.7,8.3,39.6
2026-07-23 23:00:00,RJPN-003-3,RJPN-003,Band 1 (2100MHz),-83.1,-8.9,9.6,10.7,3.0,39.2
2026-07-23 23:00:00,RJPN-004-1,RJPN-004,Band 3 (1800MHz),-81.7,-5.1,11.5,6.8,0.0,13.5
2026-07-23 23:00:00,RJPN-004-2,RJPN-004,Band 3 (1800MHz),-80.8,-6.7,13.5,0.0,17.3,25.4
2026-07-23 23:00:00,RJPN-004-3,RJPN-004,Band 3 (1800MHz),-86.6,-10.0,18.9,0.0,4.2,20.6
2026-07-23 23:00:00,RJPN-005-1,RJPN-005,Band 1 (2100MHz),-87.1,-7.2,5.5,4.1,0.0,0.0
2026-07-23 23:00:00,RJPN-005-2,RJPN-005,Band 1 (2100MHz),-83.9,-4.2,17.7,7.5,5.7,40.0
2026-07-23 23:00:00,RJPN-005-3,RJPN-005,Band 1 (2100MHz),-89.1,-8.3,13.9,12.0,1.1,0.0
2026-07-23 23:00:00,RJPN-006-1,RJPN-006,Band 3 (1800MHz),-90.2,-10.9,13.1,0.0,0.0,11.0
2026-07-23 23:00:00,RJPN-006-2,RJPN-006,Band 3 (1800MHz),-89.0,-14.1,13.5,21.8,5.6,21.6
2026-07-23 23:00:00,RJPN-006-3,RJPN-006,Band 3 (1800MHz),-90.0,-6.7,14.1,17.2,10.2,5.1
2026-07-23 23:00:00,RJPN-007-1,RJPN-007,Band 1 (2100MHz),-81.3,-7.0,7.7,3.2,0.0,0.0
2026-07-23 23:00:00,RJPN-007-2,RJPN-007,Band 1 (2100MHz),-87.8,-7.1,6.5,16.7,0.0,12.4
2026-07-23 23:00:00,RJPN-007-3,RJPN-007,Band 1 (2100MHz),-85.4,-4.5,16.9,8.0,0.0,50.7
2026-07-23 23:00:00,RJPN-008-1,RJPN-008,Band 3 (1800MHz),-81.8,-6.6,22.8,12.2,2.3,2.6
2026-07-23 23:00:00,RJPN-008-2,RJPN-008,Band 3 (1800MHz),-87.8,-8.4,12.2,20.5,16.7,46.0
2026-07-23 23:00:00,RJPN-008-3,RJPN-008,Band 3 (1800MHz),-88.8,-4.7,18.9,12.1,1.1,27.0
2026-07-23 23:00:00,RJPN-009-1,RJPN-009,Band 1 (2100MHz),-89.3,-5.6,4.4,10.3,0.0,12.9
2026-07-23 23:00:00,RJPN-009-2,RJPN-009,Band 1 (2100MHz),-88.0,-7.9,8.1,13.5,11.5,22.3
2026-07-23 23:00:00,RJPN-009-3,RJPN-009,Band 1 (2100MHz),-80.4,-4.1,26.3,9.9,0.6,1.1
2026-07-23 23:00:00,RJPN-010-1,RJPN-010,Band 3 (1800MHz),-81.5,-7.5,18.0,4.8,0.0,0.0
2026-07-23 23:00:00,RJPN-010-2,RJPN-010,Band 3 (1800MHz),-89.2,-10.1,15.7,21.2,8.7,0.0
2026-07-23 23:00:00,RJPN-010-3,RJPN-010,Band 3 (1800MHz),-101.6,-13.9,18.0,2.0,0.0,4.2
2026-07-23 23:00:00,RJPN-011-1,RJPN-011,Band 1 (2100MHz),-100.4,-12.4,6.7,3.5,0.9,4.7
2026-07-23 23:00:00,RJPN-011-2,RJPN-011,Band 1 (2100MHz),-85.8,-3.5,16.8,20.9,15.8,37.3
2026-07-23 23:00:00,RJPN-011-3,RJPN-011,Band 1 (2100MHz),-88.0,-11.2,19.1,0.0,0.0,23.9
2026-07-24 00:00:00,RJPN-001-1,RJPN-001,Band 1 (2100MHz),-92.1,-9.2,18.4,22.5,22.7,20.5
2026-07-24 00:00:00,RJPN-001-2,RJPN-001,Band 1 (2100MHz),-85.4,-10.8,9.2,11.3,16.0,49.7
2026-07-24 00:00:00,RJPN-001-3,RJPN-001,Band 1 (2100MHz),-93.5,-7.4,6.5,7.8,3.3,106.5
2026-07-24 00:00:00,RJPN-002-1,RJPN-002,Band 3 (1800MHz),-104.2,-10.9,3.3,3.8,8.5,0.0
2026-07-24 00:00:00,RJPN-002-2,RJPN-002,Band 3 (1800MHz),-88.0,-9.9,15.8,11.1,12.4,15.2
2026-07-24 00:00:00,RJPN-002-3,RJPN-002,Band 3 (1800MHz),-87.2,-4.6,7.1,8.1,8.2,5.7
2026-07-24 00:00:00,RJPN-003-1,RJPN-003,Band 1 (2100MHz),-89.0,-4.1,18.5,0.0,9.0,11.8
2026-07-24 00:00:00,RJPN-003-2,RJPN-003,Band 1 (2100MHz),-95.8,-4.4,23.8,15.0,9.6,32.4
2026-07-24 00:00:00,RJPN-003-3,RJPN-003,Band 1 (2100MHz),-88.1,-7.5,12.7,1.3,17.2,24.6
2026-07-24 00:00:00,RJPN-004-1,RJPN-004,Band 3 (1800MHz),-89.7,-7.4,8.2,0.0,0.0,0.0
2026-07-24 00:00:00,RJPN-004-2,RJPN-004,Band 3 (1800MHz),-90.7,-6.2,12.1,20.4,10.9,48.6
2026-07-24 00:00:00,RJPN-004-3,RJPN-004,Band 3 (1800MHz),-87.0,-6.4,2.9,8.5,8.6,29.0
2026-07-24 00:00:00,RJPN-005-1,RJPN-005,Band 1 (2100MHz),-86.2,-4.4,14.2,7.0,13.5,0.0
2026-07-24 00:00:00,RJPN-005-2,RJPN-005,Band 1 (2100MHz),-82.7,-9.5,11.8,24.7,0.0,0.0
2026-07-24 00:00:00,RJPN-005-3,RJPN-005,Band 1 (2100MHz),-92.8,-7.5,14.5,10.3,10.9,44.5
2026-07-24 00:00:00,RJPN-006-1,RJPN-006,Band 3 (1800MHz),-87.3,-7.0,18.2,19.5,0.0,3.6
2026-07-24 00:00:00,RJPN-006-2,RJPN-006,Band 3 (1800MHz),-84.6,-7.2,18.1,0.0,11.1,30.4
2026-07-24 00:00:00,RJPN-006-3,RJPN-006,Band 3 (1800MHz),-89.2,-4.6,11.2,7.2,4.6,26.3
2026-07-24 00:00:00,RJPN-007-1,RJPN-007,Band 1 (2100MHz),-86.5,-8.2,9.2,0.0,7.2,62.8
2026-07-24 00:00:00,RJPN-007-2,RJPN-007,Band 1 (2100MHz),-79.9,-6.1,8.2,8.4,2.7,26.9
2026-07-24 00:00:00,RJPN-007-3,RJPN-007,Band 1 (2100MHz),-93.5,-9.8,14.3,24.3,1.1,21.6
2026-07-24 00:00:00,RJPN-008-1,RJPN-008,Band 3 (1800MHz),-79.6,-9.9,15.9,30.8,1.0,0.0
2026-07-24 00:00:00,RJPN-008-2,RJPN-008,Band 3 (1800MHz),-90.4,-7.0,8.1,33.9,12.2,18.6
2026-07-24 00:00:00,RJPN-008-3,RJPN-008,Band 3 (1800MHz),-88.2,-3.4,20.5,0.0,11.0,33.4
2026-07-24 00:00:00,RJPN-009-1,RJPN-009,Band 1 (2100MHz),-81.7,-5.3,9.6,6.9,1.5,16.1
2026-07-24 00:00:00,RJPN-009-2,RJPN-009,Band 1 (2100MHz),-88.5,-7.4,15.2,14.0,13.9,12.0
2026-07-24 00:00:00,RJPN-009-3,RJPN-009,Band 1 (2100MHz),-89.3,-8.4,14.0,7.0,0.0,11.4
2026-07-24 00:00:00,RJPN-010-1,RJPN-010,Band 3 (1800MHz),-87.9,-9.4,10.5,4.9,6.4,0.7
2026-07-24 00:00:00,RJPN-010-2,RJPN-010,Band 3 (1800MHz),-84.8,-8.9,15.4,2.3,18.5,4.7
2026-07-24 00:00:00,RJPN-010-3,RJPN-010,Band 3 (1800MHz),-100.5,-11.4,4.6,10.5,0.0,25.2
2026-07-24 00:00:00,RJPN-011-1,RJPN-011,Band 1 (2100MHz),-101.7,-10.7,-2.3,18.1,14.2,9.1
2026-07-24 00:00:00,RJPN-011-2,RJPN-011,Band 1 (2100MHz),-83.7,-10.1,16.3,16.1,0.0,34.5
2026-07-24 00:00:00,RJPN-011-3,RJPN-011,Band 1 (2100MHz),-85.7,-8.2,15.3,10.0,0.0,13.1
2026-07-24 01:00:00,RJPN-001-1,RJPN-001,Band 1 (2100MHz),-90.2,-8.0,9.1,22.3,8.9,24.3
2026-07-24 01:00:00,RJPN-001-2,RJPN-001,Band 1 (2100MHz),-84.3,-9.9,14.9,1.7,4.4,37.8
2026-07-24 01:00:00,RJPN-001-3,RJPN-001,Band 1 (2100MHz),-85.8,-5.1,20.5,19.9,7.7,26.0
2026-07-24 01:00:00,RJPN-002-1,RJPN-002,Band 3 (1800MHz),-98.4,-10.4,12.7,0.0,0.0,0.0
2026-07-24 01:00:00,RJPN-002-2,RJPN-002,Band 3 (1800MHz),-93.5,-11.8,14.1,19.6,2.9,14.9
2026-07-24 01:00:00,RJPN-002-3,RJPN-002,Band 3 (1800MHz),-84.1,-7.0,16.2,8.8,13.5,0.0
2026-07-24 01:00:00,RJPN-003-1,RJPN-003,Band 1 (2100MHz),-82.0,-11.2,20.3,4.3,0.0,69.9
2026-07-24 01:00:00,RJPN-003-2,RJPN-003,Band 1 (2100MHz),-86.9,-8.9,24.1,0.0,3.0,10.5
2026-07-24 01:00:00,RJPN-003-3,RJPN-003,Band 1 (2100MHz),-88.9,-5.6,11.3,1.8,0.0,3.9
2026-07-24 01:00:00,RJPN-004-1,RJPN-004,Band 3 (1800MHz),-86.8,-9.1,15.2,2.8,2.8,20.0
2026-07-24 01:00:00,RJPN-004-2,RJPN-004,Band 3 (1800MHz),-96.2,-5.7,11.1,13.2,10.4,4.5
2026-07-24 01:00:00,RJPN-004-3,RJPN-004,Band 3 (1800MHz),-88.3,-8.6,16.2,0.0,9.1,0.0
2026-07-24 01:00:00,RJPN-005-1,RJPN-005,Band 1 (2100MHz),-83.6,-9.8,17.6,20.6,0.1,0.0
2026-07-24 01:00:00,RJPN-005-2,RJPN-005,Band 1 (2100MHz),-85.8,-5.1,22.8,0.0,22.4,0.0
2026-07-24 01:00:00,RJPN-005-3,RJPN-005,Band 1 (2100MHz),-87.9,-6.9,9.9,18.6,0.0,48.4
2026-07-24 01:00:00,RJPN-006-1,RJPN-006,Band 3 (1800MHz),-89.9,-9.1,13.8,8.9,19.9,22.4
2026-07-24 01:00:00,RJPN-006-2,RJPN-006,Band 3 (1800MHz),-85.7,-8.2,22.6,23.3,7.5,26.4
2026-07-24 01:00:00,RJPN-006-3,RJPN-006,Band 3 (1800MHz),-79.1,-4.6,18.3,0.7,12.8,0.0
2026-07-24 01:00:00,RJPN-007-1,RJPN-007,Band 1 (2100MHz),-84.3,-7.7,23.0,0.0,16.0,19.7
2026-07-24 01:00:00,RJPN-007-2,RJPN-007,Band 1 (2100MHz),-77.5,-7.1,13.8,10.3,18.8,0.0
2026-07-24 01:00:00,RJPN-007-3,RJPN-007,Band 1 (2100MHz),-82.5,-7.4,4.6,11.7,1.5,0.0
2026-07-24 01:00:00,RJPN-008-1,RJPN-008,Band 3 (1800MHz),-78.7,-7.7,17.1,0.0,10.1,32.2
2026-07-24 01:00:00,RJPN-008-2,RJPN-008,Band 3 (1800MHz),-84.8,-9.8,12.0,0.0,11.7,12.4
2026-07-24 01:00:00,RJPN-008-3,RJPN-008,Band 3 (1800MHz),-91.6,-9.0,11.5,0.0,6.2,0.0
2026-07-24 01:00:00,RJPN-009-1,RJPN-009,Band 1 (2100MHz),-95.4,-5.9,10.2,0.6,8.8,7.6
2026-07-24 01:00:00,RJPN-009-2,RJPN-009,Band 1 (2100MHz),-81.7,-8.2,9.1,4.2,0.0,1.7
2026-07-24 01:00:00,RJPN-009-3,RJPN-009,Band 1 (2100MHz),-93.2,-10.1,11.0,0.0,0.3,17.7
2026-07-24 01:00:00,RJPN-010-1,RJPN-010,Band 3 (1800MHz),-78.7,-7.1,13.3,0.0,0.0,19.1
2026-07-24 01:00:00,RJPN-010-2,RJPN-010,Band 3 (1800MHz),-85.1,-7.5,17.7,9.7,0.0,6.7
2026-07-24 01:00:00,RJPN-010-3,RJPN-010,Band 3 (1800MHz),-101.2,-11.8,3.2,28.5,0.0,0.0
2026-07-24 01:00:00,RJPN-011-1,RJPN-011,Band 1 (2100MHz),-107.7,-12.8,1.7,4.0,0.0,36.7
2026-07-24 01:00:00,RJPN-011-2,RJPN-011,Band 1 (2100MHz),-91.2,-9.1,8.3,21.1,6.2,22.0
2026-07-24 01:00:00,RJPN-011-3,RJPN-011,Band 1 (2100MHz),-87.8,-8.2,8.7,12.9,5.4,6.5
2026-07-24 02:00:00,RJPN-001-1,RJPN-001,Band 1 (2100MHz),-89.1,-6.3,14.9,18.2,0.0,19.9
2026-07-24 02:00:00,RJPN-001-2,RJPN-001,Band 1 (2100MHz),-83.0,-7.1,22.4,0.0,4.1,10.6
2026-07-24 02:00:00,RJPN-001-3,RJPN-001,Band 1 (2100MHz),-86.0,-5.0,15.9,27.1,0.0,28.3
2026-07-24 02:00:00,RJPN-002-1,RJPN-002,Band 3 (1800MHz),-103.5,-9.2,4.9,5.7,14.5,21.5
2026-07-24 02:00:00,RJPN-002-2,RJPN-002,Band 3 (1800MHz),-89.8,-8.3,18.1,11.3,0.0,10.7
2026-07-24 02:00:00,RJPN-002-3,RJPN-002,Band 3 (1800MHz),-81.8,-7.0,7.6,13.4,3.5,26.1
2026-07-24 02:00:00,RJPN-003-1,RJPN-003,Band 1 (2100MHz),-88.3,-8.8,11.8,17.5,16.7,0.0
2026-07-24 02:00:00,RJPN-003-2,RJPN-003,Band 1 (2100MHz),-86.3,-11.0,20.2,12.0,0.0,56.5
2026-07-24 02:00:00,RJPN-003-3,RJPN-003,Band 1 (2100MHz),-95.2,-8.2,15.2,25.9,0.0,1.7
2026-07-24 02:00:00,RJPN-004-1,RJPN-004,Band 3 (1800MHz),-93.9,-8.3,2.6,5.1,0.0,28.1
2026-07-24 02:00:00,RJPN-004-2,RJPN-004,Band 3 (1800MHz),-82.2,-8.3,10.8,10.8,12.2,0.0
2026-07-24 02:00:00,RJPN-004-3,RJPN-004,Band 3 (1800MHz),-92.3,-11.1,15.7,15.5,7.9,17.8
2026-07-24 02:00:00,RJPN-005-1,RJPN-005,Band 1 (2100MHz),-88.6,-10.7,9.6,0.0,0.0,22.7
2026-07-24 02:00:00,RJPN-005-2,RJPN-005,Band 1 (2100MHz),-83.9,-10.2,13.7,1.6,10.8,36.6
2026-07-24 02:00:00,RJPN-005-3,RJPN-005,Band 1 (2100MHz),-90.6,-7.3,10.5,24.3,10.0,2.5
2026-07-24 02:00:00,RJPN-006-1,RJPN-006,Band 3 (1800MHz),-86.2,-8.3,14.9,0.0,5.7,75.3
2026-07-24 02:00:00,RJPN-006-2,RJPN-006,Band 3 (1800MHz),-97.8,-7.6,10.1,7.2,0.0,37.2
2026-07-24 02:00:00,RJPN-006-3,RJPN-006,Band 3 (1800MHz),-80.5,-7.0,16.6,12.6,12.2,26.5
2026-07-24 02:00:00,RJPN-007-1,RJPN-007,Band 1 (2100MHz),-89.6,-9.5,7.8,0.0,10.5,0.0
2026-07-24 02:00:00,RJPN-007-2,RJPN-007,Band 1 (2100MHz),-92.3,-9.2,11.5,1.5,0.0,0.1
2026-07-24 02:00:00,RJPN-007-3,RJPN-007,Band 1 (2100MHz),-85.7,-7.6,16.5,3.5,0.0,14.2
2026-07-24 02:00:00,RJPN-008-1,RJPN-008,Band 3 (1800MHz),-87.2,-9.7,18.3,3.2,0.0,13.7
2026-07-24 02:00:00,RJPN-008-2,RJPN-008,Band 3 (1800MHz),-91.8,-6.7,8.5,0.0,2.9,21.3
2026-07-24 02:00:00,RJPN-008-3,RJPN-008,Band 3 (1800MHz),-89.3,-9.2,14.6,16.8,0.1,42.6
2026-07-24 02:00:00,RJPN-009-1,RJPN-009,Band 1 (2100MHz),-89.4,-6.1,11.4,6.8,13.8,25.0
2026-07-24 02:00:00,RJPN-009-2,RJPN-009,Band 1 (2100MHz),-90.9,-8.6,12.5,24.5,5.2,27.9
2026-07-24 02:00:00,RJPN-009-3,RJPN-009,Band 1 (2100MHz),-73.4,-6.0,17.3,23.9,0.6,17.6
2026-07-24 02:00:00,RJPN-010-1,RJPN-010,Band 3 (1800MHz),-81.6,-9.1,13.2,0.7,6.2,0.0
2026-07-24 02:00:00,RJPN-010-2,RJPN-010,Band 3 (1800MHz),-86.0,-7.2,20.3,17.9,25.4,33.7
2026-07-24 02:00:00,RJPN-010-3,RJPN-010,Band 3 (1800MHz),-105.8,-11.8,4.3,0.0,20.5,0.0
2026-07-24 02:00:00,RJPN-011-1,RJPN-011,Band 1 (2100MHz),-99.9,-10.1,7.4,6.4,9.2,0.0
2026-07-24 02:00:00,RJPN-011-2,RJPN-011,Band 1 (2100MHz),-88.4,-9.6,20.1,8.5,4.1,0.0
2026-07-24 02:00:00,RJPN-011-3,RJPN-011,Band 1 (2100MHz),-85.0,-9.2,9.9,35.2,0.0,18.1
2026-07-24 03:00:00,RJPN-001-1,RJPN-001,Band 1 (2100MHz),-90.7,-9.1,16.2,13.2,4.3,13.5
2026-07-24 03:00:00,RJPN-001-2,RJPN-001,Band 1 (2100MHz),-81.6,-8.3,11.7,10.7,0.0,33.5
2026-07-24 03:00:00,RJPN-001-3,RJPN-001,Band 1 (2100MHz),-81.6,-6.1,13.7,0.8,15.2,0.0
2026-07-24 03:00:00,RJPN-002-1,RJPN-002,Band 3 (1800MHz),-103.1,-11.8,2.6,0.0,8.8,23.5
2026-07-24 03:00:00,RJPN-002-2,RJPN-002,Band 3 (1800MHz),-92.2,-4.9,10.4,17.0,3.2,0.0
2026-07-24 03:00:00,RJPN-002-3,RJPN-002,Band 3 (1800MHz),-84.5,-9.5,6.3,0.0,0.0,28.4
2026-07-24 03:00:00,RJPN-003-1,RJPN-003,Band 1 (2100MHz),-84.7,-8.9,10.3,0.0,5.5,6.2
2026-07-24 03:00:00,RJPN-003-2,RJPN-003,Band 1 (2100MHz),-87.2,-10.2,7.5,14.1,0.0,0.0
2026-07-24 03:00:00,RJPN-003-3,RJPN-003,Band 1 (2100MHz),-98.8,-11.7,16.6,3.2,13.9,0.8
2026-07-24 03:00:00,RJPN-004-1,RJPN-004,Band 3 (1800MHz),-81.4,-10.7,8.2,0.0,19.1,0.0
2026-07-24 03:00:00,RJPN-004-2,RJPN-004,Band 3 (1800MHz),-88.9,-11.1,16.9,21.2,22.3,19.3
2026-07-24 03:00:00,RJPN-004-3,RJPN-004,Band 3 (1800MHz),-85.2,-5.7,18.4,0.6,15.8,0.8
2026-07-24 03:00:00,RJPN-005-1,RJPN-005,Band 1 (2100MHz),-90.9,-10.6,8.0,4.5,12.8,31.5
2026-07-24 03:00:00,RJPN-005-2,RJPN-005,Band 1 (2100MHz),-89.6,-9.0,14.8,14.7,12.7,7.3
2026-07-24 03:00:00,RJPN-005-3,RJPN-005,Band 1 (2100MHz),-92.6,-9.9,9.5,19.5,0.0,23.0
2026-07-24 03:00:00,RJPN-006-1,RJPN-006,Band 3 (1800MHz),-87.7,-7.4,10.8,26.4,18.1,0.0
2026-07-24 03:00:00,RJPN-006-2,RJPN-006,Band 3 (1800MHz),-87.9,-7.4,19.8,10.9,11.6,0.0
2026-07-24 03:00:00,RJPN-006-3,RJPN-006,Band 3 (1800MHz),-81.2,-11.2,17.5,2.0,20.0,0.0
2026-07-24 03:00:00,RJPN-007-1,RJPN-007,Band 1 (2100MHz),-94.8,-8.5,10.4,7.5,12.1,20.9
2026-07-24 03:00:00,RJPN-007-2,RJPN-007,Band 1 (2100MHz),-96.4,-13.2,4.8,3.4,0.0,3.1
2026-07-24 03:00:00,RJPN-007-3,RJPN-007,Band 1 (2100MHz),-87.5,-8.1,27.8,3.0,11.3,31.5
2026-07-24 03:00:00,RJPN-008-1,RJPN-008,Band 3 (1800MHz),-85.2,-4.1,7.4,23.8,8.5,0.0
2026-07-24 03:00:00,RJPN-008-2,RJPN-008,Band 3 (1800MHz),-84.9,-6.8,8.3,23.7,18.7,0.0
2026-07-24 03:00:00,RJPN-008-3,RJPN-008,Band 3 (1800MHz),-86.1,-7.9,16.1,9.3,21.8,24.8
2026-07-24 03:00:00,RJPN-009-1,RJPN-009,Band 1 (2100MHz),-82.1,-8.5,10.0,12.1,10.6,0.3
2026-07-24 03:00:00,RJPN-009-2,RJPN-009,Band 1 (2100MHz),-81.7,-6.3,15.3,11.1,25.3,0.0
2026-07-24 03:00:00,RJPN-009-3,RJPN-009,Band 1 (2100MHz),-90.7,-7.1,5.6,0.0,0.0,16.2
2026-07-24 03:00:00,RJPN-010-1,RJPN-010,Band 3 (1800MHz),-80.5,-6.6,15.0,3.7,12.5,15.5
2026-07-24 03:00:00,RJPN-010-2,RJPN-010,Band 3 (1800MHz),-88.5,-8.5,13.8,31.7,3.5,11.9
2026-07-24 03:00:00,RJPN-010-3,RJPN-010,Band 3 (1800MHz),-99.2,-13.9,6.5,15.7,3.2,34.3
2026-07-24 03:00:00,RJPN-011-1,RJPN-011,Band 1 (2100MHz),-95.6,-12.5,2.2,4.6,5.4,44.0
2026-07-24 03:00:00,RJPN-011-2,RJPN-011,Band 1 (2100MHz),-85.3,-7.1,9.1,20.9,1.1,7.6
2026-07-24 03:00:00,RJPN-011-3,RJPN-011,Band 1 (2100MHz),-80.9,-7.8,13.9,9.7,4.6,12.4
2026-07-24 04:00:00,RJPN-001-1,RJPN-001,Band 1 (2100MHz),-90.9,-8.7,11.9,5.9,0.0,0.1
2026-07-24 04:00:00,RJPN-001-2,RJPN-001,Band 1 (2100MHz),-88.9,-12.8,11.0,17.2,11.5,0.0
2026-07-24 04:00:00,RJPN-001-3,RJPN-001,Band 1 (2100MHz),-84.8,-9.0,17.2,0.0,22.5,12.6
2026-07-24 04:00:00,RJPN-002-1,RJPN-002,Band 3 (1800MHz),-102.5,-11.4,-2.0,8.4,5.8,0.0
2026-07-24 04:00:00,RJPN-002-2,RJPN-002,Band 3 (1800MHz),-81.5,-10.5,17.6,10.2,0.0,13.7
2026-07-24 04:00:00,RJPN-002-3,RJPN-002,Band 3 (1800MHz),-82.5,-9.5,6.2,0.0,2.2,2.4
2026-07-24 04:00:00,RJPN-003-1,RJPN-003,Band 1 (2100MHz),-87.9,-6.5,17.0,0.0,8.3,30.8
2026-07-24 04:00:00,RJPN-003-2,RJPN-003,Band 1 (2100MHz),-88.6,-10.4,15.5,2.6,7.1,13.7
2026-07-24 04:00:00,RJPN-003-3,RJPN-003,Band 1 (2100MHz),-92.9,-9.5,15.4,5.9,4.4,5.0
2026-07-24 04:00:00,RJPN-004-1,RJPN-004,Band 3 (1800MHz),-86.8,-7.3,19.5,16.0,3.2,0.0
2026-07-24 04:00:00,RJPN-004-2,RJPN-004,Band 3 (1800MHz),-85.5,-9.2,9.2,0.0,0.0,0.0
2026-07-24 04:00:00,RJPN-004-3,RJPN-004,Band 3 (1800MHz),-85.3,-2.9,9.5,13.6,10.1,35.8
2026-07-24 04:00:00,RJPN-005-1,RJPN-005,Band 1 (2100MHz),-82.0,-10.2,13.0,10.7,8.5,0.0
2026-07-24 04:00:00,RJPN-005-2,RJPN-005,Band 1 (2100MHz),-87.3,-8.2,10.1,6.7,6.3,48.7
2026-07-24 04:00:00,RJPN-005-3,RJPN-005,Band 1 (2100MHz),-93.9,-5.2,13.1,2.5,0.0,4.0
2026-07-24 04:00:00,RJPN-006-1,RJPN-006,Band 3 (1800MHz),-89.6,-8.2,14.9,3.9,0.6,2.8
2026-07-24 04:00:00,RJPN-006-2,RJPN-006,Band 3 (1800MHz),-87.3,-9.8,11.7,2.3,0.0,0.0
2026-07-24 04:00:00,RJPN-006-3,RJPN-006,Band 3 (1800MHz),-86.4,-7.9,13.8,38.2,7.7,0.0
2026-07-24 04:00:00,RJPN-007-1,RJPN-007,Band 1 (2100MHz),-88.6,-6.7,12.5,6.5,0.0,0.0
2026-07-24 04:00:00,RJPN-007-2,RJPN-007,Band 1 (2100MHz),-83.7,-8.9,16.9,15.5,13.6,0.0
2026-07-24 04:00:00,RJPN-007-3,RJPN-007,Band 1 (2100MHz),-81.0,-6.8,14.3,0.0,3.0,4.8
2026-07-24 04:00:00,RJPN-008-1,RJPN-008,Band 3 (1800MHz),-93.8,-7.1,10.1,19.2,0.0,18.0
2026-07-24 04:00:00,RJPN-008-2,RJPN-008,Band 3 (1800MHz),-87.1,-12.2,22.4,9.0,1.8,0.0
2026-07-24 04:00:00,RJPN-008-3,RJPN-008,Band 3 (1800MHz),-88.9,-11.8,8.1,15.8,0.0,0.0
2026-07-24 04:00:00,RJPN-009-1,RJPN-009,Band 1 (2100MHz),-90.8,-5.5,16.7,7.0,0.0,14.5
2026-07-24 04:00:00,RJPN-009-2,RJPN-009,Band 1 (2100MHz),-85.5,-8.8,16.3,22.7,0.0,1.9
2026-07-24 04:00:00,RJPN-009-3,RJPN-009,Band 1 (2100MHz),-89.1,-7.4,10.8,18.2,0.0,44.6
2026-07-24 04:00:00,RJPN-010-1,RJPN-010,Band 3 (1800MHz),-82.7,-9.0,12.1,9.4,0.0,27.7
2026-07-24 04:00:00,RJPN-010-2,RJPN-010,Band 3 (1800MHz),-85.8,-9.1,11.5,5.3,13.5,0.0
2026-07-24 04:00:00,RJPN-010-3,RJPN-010,Band 3 (1800MHz),-102.7,-13.9,7.8,10.9,6.6,23.1
2026-07-24 04:00:00,RJPN-011-1,RJPN-011,Band 1 (2100MHz),-106.3,-14.8,5.5,10.6,0.0,2.0
2026-07-24 04:00:00,RJPN-011-2,RJPN-011,Band 1 (2100MHz),-83.3,-8.6,19.2,15.4,14.3,15.0
2026-07-24 04:00:00,RJPN-011-3,RJPN-011,Band 1 (2100MHz),-92.5,-8.9,14.5,25.2,18.9,5.5
2026-07-24 05:00:00,RJPN-001-1,RJPN-001,Band 1 (2100MHz),-87.9,-11.9,12.2,19.9,0.0,45.9
2026-07-24 05:00:00,RJPN-001-2,RJPN-001,Band 1 (2100MHz),-77.8,-10.0,19.7,17.6,10.2,18.8
2026-07-24 05:00:00,RJPN-001-3,RJPN-001,Band 1 (2100MHz),-84.4,-10.4,7.0,24.9,3.5,3.2
2026-07-24 05:00:00,RJPN-002-1,RJPN-002,Band 3 (1800MHz),-103.3,-8.2,11.5,18.6,0.0,5.1
2026-07-24 05:00:00,RJPN-002-2,RJPN-002,Band 3 (1800MHz),-79.0,-5.5,17.7,20.0,5.8,0.0
2026-07-24 05:00:00,RJPN-002-3,RJPN-002,Band 3 (1800MHz),-81.9,-9.1,11.0,8.0,0.0,53.2
2026-07-24 05:00:00,RJPN-003-1,RJPN-003,Band 1 (2100MHz),-79.6,-6.0,7.9,27.5,18.4,19.2
2026-07-24 05:00:00,RJPN-003-2,RJPN-003,Band 1 (2100MHz),-85.0,-9.2,7.9,44.2,0.0,22.4
2026-07-24 05:00:00,RJPN-003-3,RJPN-003,Band 1 (2100MHz),-87.6,-12.4,20.3,0.0,0.0,9.3
2026-07-24 05:00:00,RJPN-004-1,RJPN-004,Band 3 (1800MHz),-77.4,-6.9,14.4,0.0,11.9,41.0
2026-07-24 05:00:00,RJPN-004-2,RJPN-004,Band 3 (1800MHz),-90.7,-6.6,12.6,6.5,16.8,15.5
2026-07-24 05:00:00,RJPN-004-3,RJPN-004,Band 3 (1800MHz),-93.7,-9.0,15.5,2.8,21.2,9.1
2026-07-24 05:00:00,RJPN-005-1,RJPN-005,Band 1 (2100MHz),-89.4,-10.3,14.3,31.3,7.1,0.0
2026-07-24 05:00:00,RJPN-005-2,RJPN-005,Band 1 (2100MHz),-91.2,-8.4,13.3,9.9,0.0,24.5
2026-07-24 05:00:00,RJPN-005-3,RJPN-005,Band 1 (2100MHz),-90.5,-8.0,18.1,10.8,0.0,0.0
2026-07-24 05:00:00,RJPN-006-1,RJPN-006,Band 3 (1800MHz),-82.9,-9.0,12.1,13.0,10.7,16.1
2026-07-24 05:00:00,RJPN-006-2,RJPN-006,Band 3 (1800MHz),-92.6,-7.1,5.6,14.1,2.8,44.6
2026-07-24 05:00:00,RJPN-006-3,RJPN-006,Band 3 (1800MHz),-83.6,-4.6,6.9,0.0,14.0,30.2
2026-07-24 05:00:00,RJPN-007-1,RJPN-007,Band 1 (2100MHz),-91.9,-9.2,14.2,16.8,15.1,30.8
2026-07-24 05:00:00,RJPN-007-2,RJPN-007,Band 1 (2100MHz),-89.4,-7.7,18.7,16.0,0.0,0.7
2026-07-24 05:00:00,RJPN-007-3,RJPN-007,Band 1 (2100MHz),-84.2,-8.1,11.4,3.7,0.0,0.0
2026-07-24 05:00:00,RJPN-008-1,RJPN-008,Band 3 (1800MHz),-85.0,-8.0,20.9,14.1,19.9,0.0
2026-07-24 05:00:00,RJPN-008-2,RJPN-008,Band 3 (1800MHz),-85.5,-8.5,20.1,15.0,0.0,0.0
2026-07-24 05:00:00,RJPN-008-3,RJPN-008,Band 3 (1800MHz),-89.2,-7.0,8.7,16.1,0.0,65.1
2026-07-24 05:00:00,RJPN-009-1,RJPN-009,Band 1 (2100MHz),-87.2,-9.6,7.9,2.3,10.8,37.5
2026-07-24 05:00:00,RJPN-009-2,RJPN-009,Band 1 (2100MHz),-89.8,-8.4,15.3,5.7,11.3,11.2
2026-07-24 05:00:00,RJPN-009-3,RJPN-009,Band 1 (2100MHz),-88.7,-8.5,7.2,19.0,12.6,49.1
2026-07-24 05:00:00,RJPN-010-1,RJPN-010,Band 3 (1800MHz),-85.2,-5.9,15.0,7.2,17.9,41.1
2026-07-24 05:00:00,RJPN-010-2,RJPN-010,Band 3 (1800MHz),-81.9,-8.8,11.2,13.5,13.0,8.5
2026-07-24 05:00:00,RJPN-010-3,RJPN-010,Band 3 (1800MHz),-99.1,-16.1,12.0,12.6,0.0,0.0
2026-07-24 05:00:00,RJPN-011-1,RJPN-011,Band 1 (2100MHz),-99.1,-12.3,11.5,22.9,11.2,0.0
2026-07-24 05:00:00,RJPN-011-2,RJPN-011,Band 1 (2100MHz),-82.1,-10.1,8.3,0.0,5.4,0.0
2026-07-24 05:00:00,RJPN-011-3,RJPN-011,Band 1 (2100MHz),-87.4,-7.1,21.6,1.2,15.0,0.0
2026-07-24 06:00:00,RJPN-001-1,RJPN-001,Band 1 (2100MHz),-90.2,-9.6,5.1,20.3,18.9,22.7
2026-07-24 06:00:00,RJPN-001-2,RJPN-001,Band 1 (2100MHz),-88.4,-7.0,16.5,12.2,12.7,25.2
2026-07-24 06:00:00,RJPN-001-3,RJPN-001,Band 1 (2100MHz),-87.0,-9.7,11.6,33.3,0.0,0.8
2026-07-24 06:00:00,RJPN-002-1,RJPN-002,Band 3 (1800MHz),-102.3,-11.2,3.6,11.1,25.2,46.7
2026-07-24 06:00:00,RJPN-002-2,RJPN-002,Band 3 (1800MHz),-85.2,-7.9,18.3,11.2,14.6,49.7
2026-07-24 06:00:00,RJPN-002-3,RJPN-002,Band 3 (1800MHz),-82.8,-8.2,12.0,0.0,2.1,29.5
2026-07-24 06:00:00,RJPN-003-1,RJPN-003,Band 1 (2100MHz),-83.0,-4.4,22.2,27.2,1.5,29.5
2026-07-24 06:00:00,RJPN-003-2,RJPN-003,Band 1 (2100MHz),-89.4,-6.0,17.3,33.1,8.5,0.0
2026-07-24 06:00:00,RJPN-003-3,RJPN-003,Band 1 (2100MHz),-90.6,-9.9,9.8,21.5,2.8,36.4
2026-07-24 06:00:00,RJPN-004-1,RJPN-004,Band 3 (1800MHz),-90.6,-6.1,22.2,1.7,5.5,48.5
2026-07-24 06:00:00,RJPN-004-2,RJPN-004,Band 3 (1800MHz),-82.5,-9.4,6.8,0.0,0.0,13.8
2026-07-24 06:00:00,RJPN-004-3,RJPN-004,Band 3 (1800MHz),-88.0,-8.4,9.0,14.6,12.2,34.4
2026-07-24 06:00:00,RJPN-005-1,RJPN-005,Band 1 (2100MHz),-90.2,-6.2,16.0,39.4,13.4,55.6
2026-07-24 06:00:00,RJPN-005-2,RJPN-005,Band 1 (2100MHz),-87.1,-5.7,13.7,3.6,34.3,10.4
2026-07-24 06:00:00,RJPN-005-3,RJPN-005,Band 1 (2100MHz),-89.2,-8.0,14.7,23.2,5.9,28.5
2026-07-24 06:00:00,RJPN-006-1,RJPN-006,Band 3 (1800MHz),-86.1,-11.4,10.7,10.4,1.4,65.0
2026-07-24 06:00:00,RJPN-006-2,RJPN-006,Band 3 (1800MHz),-91.0,-7.9,7.2,8.4,21.1,31.7
2026-07-24 06:00:00,RJPN-006-3,RJPN-006,Band 3 (1800MHz),-83.3,-9.7,17.7,30.7,1.9,51.5
2026-07-24 06:00:00,RJPN-007-1,RJPN-007,Band 1 (2100MHz),-82.9,-8.6,15.0,9.0,3.4,23.3
2026-07-24 06:00:00,RJPN-007-2,RJPN-007,Band 1 (2100MHz),-82.9,-10.9,20.5,0.0,9.0,5.3
2026-07-24 06:00:00,RJPN-007-3,RJPN-007,Band 1 (2100MHz),-81.9,-8.0,15.8,20.4,0.0,5.3
2026-07-24 06:00:00,RJPN-008-1,RJPN-008,Band 3 (1800MHz),-79.1,-9.5,9.8,11.2,8.2,28.7
2026-07-24 06:00:00,RJPN-008-2,RJPN-008,Band 3 (1800MHz),-88.0,-9.0,10.1,9.1,11.8,44.3
2026-07-24 06:00:00,RJPN-008-3,RJPN-008,Band 3 (1800MHz),-87.4,-6.5,12.3,7.5,4.3,36.2
2026-07-24 06:00:00,RJPN-009-1,RJPN-009,Band 1 (2100MHz),-85.3,-8.5,9.5,9.5,7.5,0.0
2026-07-24 06:00:00,RJPN-009-2,RJPN-009,Band 1 (2100MHz),-89.1,-5.2,19.7,10.9,26.8,57.1
2026-07-24 06:00:00,RJPN-009-3,RJPN-009,Band 1 (2100MHz),-87.8,-8.9,17.1,40.0,8.4,0.0
2026-07-24 06:00:00,RJPN-010-1,RJPN-010,Band 3 (1800MHz),-90.7,-6.9,6.2,17.2,16.2,24.6
2026-07-24 06:00:00,RJPN-010-2,RJPN-010,Band 3 (1800MHz),-88.9,-9.2,12.8,39.3,12.6,50.9
2026-07-24 06:00:00,RJPN-010-3,RJPN-010,Band 3 (1800MHz),-105.5,-13.7,5.9,15.2,33.1,19.6
2026-07-24 06:00:00,RJPN-011-1,RJPN-011,Band 1 (2100MHz),-98.1,-13.0,7.0,21.1,23.2,7.1
2026-07-24 06:00:00,RJPN-011-2,RJPN-011,Band 1 (2100MHz),-89.2,-6.0,17.1,20.0,5.7,2.9
2026-07-24 06:00:00,RJPN-011-3,RJPN-011,Band 1 (2100MHz),-87.9,-5.4,16.1,16.0,6.1,0.0
2026-07-24 07:00:00,RJPN-001-1,RJPN-001,Band 1 (2100MHz),-83.1,-10.8,18.3,77.9,49.9,100.2
2026-07-24 07:00:00,RJPN-001-2,RJPN-001,Band 1 (2100MHz),-84.3,-7.8,13.1,66.0,24.7,115.9
2026-07-24 07:00:00,RJPN-001-3,RJPN-001,Band 1 (2100MHz),-86.6,-11.6,12.9,64.0,40.3,43.7
2026-07-24 07:00:00,RJPN-002-1,RJPN-002,Band 3 (1800MHz),-100.7,-10.6,2.5,61.4,41.6,73.8
2026-07-24 07:00:00,RJPN-002-2,RJPN-002,Band 3 (1800MHz),-80.8,-10.3,12.7,63.7,19.1,92.4
2026-07-24 07:00:00,RJPN-002-3,RJPN-002,Band 3 (1800MHz),-88.5,-9.5,18.9,62.9,51.0,83.8
2026-07-24 07:00:00,RJPN-003-1,RJPN-003,Band 1 (2100MHz),-87.8,-8.3,16.8,48.4,32.3,56.1
2026-07-24 07:00:00,RJPN-003-2,RJPN-003,Band 1 (2100MHz),-83.6,-9.1,12.5,58.7,38.5,89.2
2026-07-24 07:00:00,RJPN-003-3,RJPN-003,Band 1 (2100MHz),-78.8,-10.4,10.9,59.0,28.5,101.9
2026-07-24 07:00:00,RJPN-004-1,RJPN-004,Band 3 (1800MHz),-82.2,-12.2,14.7,58.2,37.4,73.9
2026-07-24 07:00:00,RJPN-004-2,RJPN-004,Band 3 (1800MHz),-90.7,-8.3,11.8,56.3,39.3,94.2
2026-07-24 07:00:00,RJPN-004-3,RJPN-004,Band 3 (1800MHz),-87.8,-10.2,14.9,42.0,14.3,86.8
2026-07-24 07:00:00,RJPN-005-1,RJPN-005,Band 1 (2100MHz),-82.2,-12.4,13.1,44.5,27.6,75.6
2026-07-24 07:00:00,RJPN-005-2,RJPN-005,Band 1 (2100MHz),-88.6,-9.3,17.3,76.9,23.2,69.4
2026-07-24 07:00:00,RJPN-005-3,RJPN-005,Band 1 (2100MHz),-89.8,-10.1,15.5,71.5,38.2,91.0
2026-07-24 07:00:00,RJPN-006-1,RJPN-006,Band 3 (1800MHz),-86.5,-11.0,10.0,88.2,38.3,102.2
2026-07-24 07:00:00,RJPN-006-2,RJPN-006,Band 3 (1800MHz),-84.7,-8.1,8.7,52.5,30.1,86.7
2026-07-24 07:00:00,RJPN-006-3,RJPN-006,Band 3 (1800MHz),-87.1,-13.4,15.8,31.9,39.7,90.8
2026-07-24 07:00:00,RJPN-007-1,RJPN-007,Band 1 (2100MHz),-94.6,-9.1,10.0,41.4,39.8,111.6
2026-07-24 07:00:00,RJPN-007-2,RJPN-007,Band 1 (2100MHz),-77.7,-10.0,10.0,47.7,22.1,91.1
2026-07-24 07:00:00,RJPN-007-3,RJPN-007,Band 1 (2100MHz),-81.9,-12.0,13.4,40.2,39.3,58.7
2026-07-24 07:00:00,RJPN-008-1,RJPN-008,Band 3 (1800MHz),-90.0,-10.0,12.6,45.2,40.6,132.0
2026-07-24 07:00:00,RJPN-008-2,RJPN-008,Band 3 (1800MHz),-88.5,-11.3,11.8,38.7,25.6,70.3
2026-07-24 07:00:00,RJPN-008-3,RJPN-008,Band 3 (1800MHz),-85.5,-8.1,3.1,55.6,47.1,74.4
2026-07-24 07:00:00,RJPN-009-1,RJPN-009,Band 1 (2100MHz),-87.7,-9.7,10.2,57.0,31.9,117.3
2026-07-24 07:00:00,RJPN-009-2,RJPN-009,Band 1 (2100MHz),-85.4,-9.8,12.8,55.8,39.0,100.1
2026-07-24 07:00:00,RJPN-009-3,RJPN-009,Band 1 (2100MHz),-78.0,-11.0,13.7,35.5,31.0,102.0
2026-07-24 07:00:00,RJPN-010-1,RJPN-010,Band 3 (1800MHz),-89.6,-9.6,13.6,61.4,34.3,110.7
2026-07-24 07:00:00,RJPN-010-2,RJPN-010,Band 3 (1800MHz),-87.1,-9.0,6.5,71.0,27.0,119.5
2026-07-24 07:00:00,RJPN-010-3,RJPN-010,Band 3 (1800MHz),-100.0,-14.0,11.4,53.9,41.4,88.8
2026-07-24 07:00:00,RJPN-011-1,RJPN-011,Band 1 (2100MHz),-98.1,-14.7,6.8,52.7,27.0,115.9
2026-07-24 07:00:00,RJPN-011-2,RJPN-011,Band 1 (2100MHz),-80.1,-8.4,14.6,65.1,32.2,95.2
2026-07-24 07:00:00,RJPN-011-3,RJPN-011,Band 1 (2100MHz),-82.7,-9.3,17.3,70.6,28.4,129.8
2026-07-24 08:00:00,RJPN-001-1,RJPN-001,Band 1 (2100MHz),-96.4,-8.9,12.7,65.1,30.5,93.9
2026-07-24 08:00:00,RJPN-001-2,RJPN-001,Band 1 (2100MHz),-87.2,-13.5,16.7,68.5,57.2,101.0
2026-07-24 08:00:00,RJPN-001-3,RJPN-001,Band 1 (2100MHz),-98.3,-9.3,10.7,61.4,50.6,129.6
2026-07-24 08:00:00,RJPN-002-1,RJPN-002,Band 3 (1800MHz),-102.6,-16.1,6.6,77.3,22.5,121.3
2026-07-24 08:00:00,RJPN-002-2,RJPN-002,Band 3 (1800MHz),-80.8,-11.0,14.5,95.3,42.3,129.3
2026-07-24 08:00:00,RJPN-002-3,RJPN-002,Band 3 (1800MHz),-93.9,-13.0,7.4,84.2,45.0,154.9
2026-07-24 08:00:00,RJPN-003-1,RJPN-003,Band 1 (2100MHz),-77.5,-11.4,17.6,70.5,53.3,145.5
2026-07-24 08:00:00,RJPN-003-2,RJPN-003,Band 1 (2100MHz),-86.9,-10.8,10.5,56.9,36.8,151.8
2026-07-24 08:00:00,RJPN-003-3,RJPN-003,Band 1 (2100MHz),-87.2,-12.6,-2.1,75.9,46.1,153.5
2026-07-24 08:00:00,RJPN-004-1,RJPN-004,Band 3 (1800MHz),-84.7,-11.1,15.9,62.6,34.2,125.3
2026-07-24 08:00:00,RJPN-004-2,RJPN-004,Band 3 (1800MHz),-89.9,-10.4,7.5,95.2,37.8,103.3
2026-07-24 08:00:00,RJPN-004-3,RJPN-004,Band 3 (1800MHz),-94.8,-7.7,5.1,87.9,30.9,168.6
2026-07-24 08:00:00,RJPN-005-1,RJPN-005,Band 1 (2100MHz),-90.5,-12.9,15.0,95.6,38.1,117.3
2026-07-24 08:00:00,RJPN-005-2,RJPN-005,Band 1 (2100MHz),-89.5,-11.4,6.5,51.0,26.5,104.5
2026-07-24 08:00:00,RJPN-005-3,RJPN-005,Band 1 (2100MHz),-87.0,-9.5,14.9,76.3,50.6,144.3
2026-07-24 08:00:00,RJPN-006-1,RJPN-006,Band 3 (1800MHz),-87.8,-9.6,5.8,60.6,32.7,102.3
2026-07-24 08:00:00,RJPN-006-2,RJPN-006,Band 3 (1800MHz),-89.0,-12.9,18.1,70.8,33.7,91.8
2026-07-24 08:00:00,RJPN-006-3,RJPN-006,Band 3 (1800MHz),-86.2,-8.8,17.3,93.6,49.9,148.1
2026-07-24 08:00:00,RJPN-007-1,RJPN-007,Band 1 (2100MHz),-93.1,-8.4,6.2,76.1,36.6,128.5
2026-07-24 08:00:00,RJPN-007-2,RJPN-007,Band 1 (2100MHz),-83.0,-13.7,13.6,68.8,54.3,115.9
2026-07-24 08:00:00,RJPN-007-3,RJPN-007,Band 1 (2100MHz),-87.5,-11.1,21.1,72.9,45.1,97.9
2026-07-24 08:00:00,RJPN-008-1,RJPN-008,Band 3 (1800MHz),-83.1,-16.4,11.7,90.7,38.0,101.2
2026-07-24 08:00:00,RJPN-008-2,RJPN-008,Band 3 (1800MHz),-86.6,-10.9,10.7,51.0,20.8,92.4
2026-07-24 08:00:00,RJPN-008-3,RJPN-008,Band 3 (1800MHz),-84.5,-8.8,12.7,59.8,41.6,136.5
2026-07-24 08:00:00,RJPN-009-1,RJPN-009,Band 1 (2100MHz),-88.3,-9.0,13.9,61.4,26.5,84.9
2026-07-24 08:00:00,RJPN-009-2,RJPN-009,Band 1 (2100MHz),-92.0,-11.8,12.9,65.5,40.3,113.7
2026-07-24 08:00:00,RJPN-009-3,RJPN-009,Band 1 (2100MHz),-80.7,-11.4,18.5,83.0,31.0,128.4
2026-07-24 08:00:00,RJPN-010-1,RJPN-010,Band 3 (1800MHz),-87.4,-12.7,16.3,51.7,49.3,90.7
2026-07-24 08:00:00,RJPN-010-2,RJPN-010,Band 3 (1800MHz),-90.8,-13.3,11.7,79.1,52.3,90.1
2026-07-24 08:00:00,RJPN-010-3,RJPN-010,Band 3 (1800MHz),-104.6,-13.5,8.1,66.1,32.2,143.8
2026-07-24 08:00:00,RJPN-011-1,RJPN-011,Band 1 (2100MHz),-101.7,-14.3,0.0,84.5,41.2,140.7
2026-07-24 08:00:00,RJPN-011-2,RJPN-011,Band 1 (2100MHz),-80.9,-16.1,21.5,67.2,47.8,138.3
2026-07-24 08:00:00,RJPN-011-3,RJPN-011,Band 1 (2100MHz),-89.9,-13.2,11.4,88.6,37.2,114.0
2026-07-24 09:00:00,RJPN-001-1,RJPN-001,Band 1 (2100MHz),-90.4,-10.0,14.1,64.7,40.6,104.4
2026-07-24 09:00:00,RJPN-001-2,RJPN-001,Band 1 (2100MHz),-91.9,-10.0,12.7,44.8,33.2,95.6
2026-07-24 09:00:00,RJPN-001-3,RJPN-001,Band 1 (2100MHz),-86.0,-12.4,9.8,54.5,49.5,40.1
2026-07-24 09:00:00,RJPN-002-1,RJPN-002,Band 3 (1800MHz),-102.7,-14.3,5.9,68.8,30.2,98.7
2026-07-24 09:00:00,RJPN-002-2,RJPN-002,Band 3 (1800MHz),-87.6,-9.5,23.7,47.1,33.8,80.4
2026-07-24 09:00:00,RJPN-002-3,RJPN-002,Band 3 (1800MHz),-80.4,-11.5,6.9,68.6,39.9,80.2
2026-07-24 09:00:00,RJPN-003-1,RJPN-003,Band 1 (2100MHz),-89.5,-9.9,4.4,40.6,35.2,68.3
2026-07-24 09:00:00,RJPN-003-2,RJPN-003,Band 1 (2100MHz),-85.7,-9.9,2.2,59.0,35.1,115.7
2026-07-24 09:00:00,RJPN-003-3,RJPN-003,Band 1 (2100MHz),-84.6,-10.3,6.6,68.6,38.6,94.7
2026-07-24 09:00:00,RJPN-004-1,RJPN-004,Band 3 (1800MHz),-90.2,-12.3,19.1,51.7,15.5,107.7
2026-07-24 09:00:00,RJPN-004-2,RJPN-004,Band 3 (1800MHz),-90.2,-8.8,16.1,67.7,33.1,91.1
2026-07-24 09:00:00,RJPN-004-3,RJPN-004,Band 3 (1800MHz),-86.9,-12.0,13.5,48.0,35.5,63.6
2026-07-24 09:00:00,RJPN-005-1,RJPN-005,Band 1 (2100MHz),-88.4,-11.0,10.1,70.8,39.1,175.2
2026-07-24 09:00:00,RJPN-005-2,RJPN-005,Band 1 (2100MHz),-90.8,-11.6,12.1,49.2,28.0,100.5
2026-07-24 09:00:00,RJPN-005-3,RJPN-005,Band 1 (2100MHz),-90.7,-11.1,12.7,45.6,27.4,126.7
2026-07-24 09:00:00,RJPN-006-1,RJPN-006,Band 3 (1800MHz),-84.8,-8.4,13.5,61.3,22.5,80.6
2026-07-24 09:00:00,RJPN-006-2,RJPN-006,Band 3 (1800MHz),-87.9,-13.6,8.7,49.3,20.9,69.0
2026-07-24 09:00:00,RJPN-006-3,RJPN-006,Band 3 (1800MHz),-89.3,-12.2,15.6,45.7,34.6,125.9
2026-07-24 09:00:00,RJPN-007-1,RJPN-007,Band 1 (2100MHz),-86.2,-10.2,29.1,50.6,39.7,102.6
2026-07-24 09:00:00,RJPN-007-2,RJPN-007,Band 1 (2100MHz),-82.6,-14.0,8.6,63.9,35.2,99.8
2026-07-24 09:00:00,RJPN-007-3,RJPN-007,Band 1 (2100MHz),-85.7,-12.9,11.9,56.8,32.0,121.1
2026-07-24 09:00:00,RJPN-008-1,RJPN-008,Band 3 (1800MHz),-87.5,-10.2,18.0,34.1,40.5,98.0
2026-07-24 09:00:00,RJPN-008-2,RJPN-008,Band 3 (1800MHz),-90.5,-11.0,20.7,70.9,41.7,68.4
2026-07-24 09:00:00,RJPN-008-3,RJPN-008,Band 3 (1800MHz),-92.0,-13.4,10.7,62.0,55.0,108.4
2026-07-24 09:00:00,RJPN-009-1,RJPN-009,Band 1 (2100MHz),-88.2,-15.8,16.3,67.0,29.3,79.8
2026-07-24 09:00:00,RJPN-009-2,RJPN-009,Band 1 (2100MHz),-93.3,-8.9,9.2,45.7,42.2,110.2
2026-07-24 09:00:00,RJPN-009-3,RJPN-009,Band 1 (2100MHz),-87.1,-11.6,15.4,50.2,37.3,110.4
2026-07-24 09:00:00,RJPN-010-1,RJPN-010,Band 3 (1800MHz),-84.5,-6.2,7.2,70.0,43.5,92.8
2026-07-24 09:00:00,RJPN-010-2,RJPN-010,Band 3 (1800MHz),-82.2,-12.2,19.3,66.6,67.1,53.6
2026-07-24 09:00:00,RJPN-010-3,RJPN-010,Band 3 (1800MHz),-99.6,-11.5,10.1,39.2,24.4,87.2
2026-07-24 09:00:00,RJPN-011-1,RJPN-011,Band 1 (2100MHz),-105.7,-13.7,10.4,67.6,40.2,133.8
2026-07-24 09:00:00,RJPN-011-2,RJPN-011,Band 1 (2100MHz),-84.7,-13.9,20.1,56.4,35.0,92.7
2026-07-24 09:00:00,RJPN-011-3,RJPN-011,Band 1 (2100MHz),-90.9,-6.6,16.2,48.6,34.9,110.0
2026-07-24 10:00:00,RJPN-001-1,RJPN-001,Band 1 (2100MHz),-92.4,-6.8,13.9,31.7,18.7,0.0
2026-07-24 10:00:00,RJPN-001-2,RJPN-001,Band 1 (2100MHz),-92.1,-6.6,13.3,0.0,14.5,16.5
2026-07-24 10:00:00,RJPN-001-3,RJPN-001,Band 1 (2100MHz),-92.8,-7.4,14.8,12.3,11.1,17.2
2026-07-24 10:00:00,RJPN-002-1,RJPN-002,Band 3 (1800MHz),-100.9,-9.5,10.3,0.0,9.4,47.1
2026-07-24 10:00:00,RJPN-002-2,RJPN-002,Band 3 (1800MHz),-83.2,-10.3,8.7,0.0,0.0,0.0
2026-07-24 10:00:00,RJPN-002-3,RJPN-002,Band 3 (1800MHz),-89.2,-10.2,12.4,23.2,18.7,44.8
2026-07-24 10:00:00,RJPN-003-1,RJPN-003,Band 1 (2100MHz),-88.7,-6.6,8.0,15.2,3.7,5.3
2026-07-24 10:00:00,RJPN-003-2,RJPN-003,Band 1 (2100MHz),-87.2,-9.7,17.6,22.7,18.1,24.3
2026-07-24 10:00:00,RJPN-003-3,RJPN-003,Band 1 (2100MHz),-92.4,-8.6,11.7,11.2,0.0,52.6
2026-07-24 10:00:00,RJPN-004-1,RJPN-004,Band 3 (1800MHz),-86.1,-8.1,18.5,15.9,20.4,29.3
2026-07-24 10:00:00,RJPN-004-2,RJPN-004,Band 3 (1800MHz),-76.5,-7.5,9.3,2.8,16.3,37.2
2026-07-24 10:00:00,RJPN-004-3,RJPN-004,Band 3 (1800MHz),-82.5,-8.4,12.8,7.9,4.6,33.3
2026-07-24 10:00:00,RJPN-005-1,RJPN-005,Band 1 (2100MHz),-86.0,-7.9,5.9,11.9,40.3,29.3
2026-07-24 10:00:00,RJPN-005-2,RJPN-005,Band 1 (2100MHz),-92.3,-8.7,10.9,21.9,8.4,20.6
2026-07-24 10:00:00,RJPN-005-3,RJPN-005,Band 1 (2100MHz),-81.3,-5.0,11.3,11.0,0.0,47.4
2026-07-24 10:00:00,RJPN-006-1,RJPN-006,Band 3 (1800MHz),-84.7,-7.0,15.9,19.7,15.9,54.2
2026-07-24 10:00:00,RJPN-006-2,RJPN-006,Band 3 (1800MHz),-82.1,-7.8,13.2,11.6,4.1,36.6
2026-07-24 10:00:00,RJPN-006-3,RJPN-006,Band 3 (1800MHz),-95.2,-9.5,19.4,25.1,8.0,0.6
2026-07-24 10:00:00,RJPN-007-1,RJPN-007,Band 1 (2100MHz),-96.8,-10.7,23.6,21.7,13.6,5.5
2026-07-24 10:00:00,RJPN-007-2,RJPN-007,Band 1 (2100MHz),-92.9,-7.4,16.3,21.1,6.8,0.0
2026-07-24 10:00:00,RJPN-007-3,RJPN-007,Band 1 (2100MHz),-79.7,-8.8,13.8,12.3,11.4,21.9
2026-07-24 10:00:00,RJPN-008-1,RJPN-008,Band 3 (1800MHz),-85.2,-7.3,16.7,2.7,0.0,50.1
2026-07-24 10:00:00,RJPN-008-2,RJPN-008,Band 3 (1800MHz),-87.5,-10.4,9.6,13.3,8.7,27.5
2026-07-24 10:00:00,RJPN-008-3,RJPN-008,Band 3 (1800MHz),-84.4,-8.2,16.7,21.9,1.5,68.4
2026-07-24 10:00:00,RJPN-009-1,RJPN-009,Band 1 (2100MHz),-85.7,-6.3,10.9,21.5,12.8,17.6
2026-07-24 10:00:00,RJPN-009-2,RJPN-009,Band 1 (2100MHz),-86.5,-9.0,18.6,0.0,13.3,0.0
2026-07-24 10:00:00,RJPN-009-3,RJPN-009,Band 1 (2100MHz),-87.9,-5.9,9.0,21.5,7.9,17.1
2026-07-24 10:00:00,RJPN-010-1,RJPN-010,Band 3 (1800MHz),-91.0,-9.2,3.1,20.7,0.4,0.0
2026-07-24 10:00:00,RJPN-010-2,RJPN-010,Band 3 (1800MHz),-93.5,-5.2,9.7,19.5,11.6,42.4
2026-07-24 10:00:00,RJPN-010-3,RJPN-010,Band 3 (1800MHz),-93.2,-14.5,6.6,12.1,0.0,31.9
2026-07-24 10:00:00,RJPN-011-1,RJPN-011,Band 1 (2100MHz),-102.7,-9.1,3.8,9.3,17.4,20.3
2026-07-24 10:00:00,RJPN-011-2,RJPN-011,Band 1 (2100MHz),-85.2,-9.4,7.3,19.2,11.2,17.6
2026-07-24 10:00:00,RJPN-011-3,RJPN-011,Band 1 (2100MHz),-84.4,-6.0,16.3,22.9,8.2,65.7
2026-07-24 11:00:00,RJPN-001-1,RJPN-001,Band 1 (2100MHz),-83.5,-10.9,17.6,47.7,18.7,68.6
2026-07-24 11:00:00,RJPN-001-2,RJPN-001,Band 1 (2100MHz),-84.9,-9.2,10.1,54.9,53.3,63.2
2026-07-24 11:00:00,RJPN-001-3,RJPN-001,Band 1 (2100MHz),-86.8,-9.8,14.0,43.3,15.4,58.9
2026-07-24 11:00:00,RJPN-002-1,RJPN-002,Band 3 (1800MHz),-102.1,-13.1,0.4,59.3,24.9,65.6
2026-07-24 11:00:00,RJPN-002-2,RJPN-002,Band 3 (1800MHz),-89.1,-12.3,6.9,51.9,35.8,70.3
2026-07-24 11:00:00,RJPN-002-3,RJPN-002,Band 3 (1800MHz),-80.0,-9.5,27.4,58.4,45.6,58.8
2026-07-24 11:00:00,RJPN-003-1,RJPN-003,Band 1 (2100MHz),-85.5,-7.5,16.5,67.2,40.8,66.6
2026-07-24 11:00:00,RJPN-003-2,RJPN-003,Band 1 (2100MHz),-86.4,-12.1,20.0,39.4,30.0,81.0
2026-07-24 11:00:00,RJPN-003-3,RJPN-003,Band 1 (2100MHz),-92.5,-9.6,19.9,36.9,28.6,88.2
2026-07-24 11:00:00,RJPN-004-1,RJPN-004,Band 3 (1800MHz),-90.1,-9.6,9.7,44.9,21.8,107.6
2026-07-24 11:00:00,RJPN-004-2,RJPN-004,Band 3 (1800MHz),-86.5,-15.1,12.9,34.9,11.7,71.1
2026-07-24 11:00:00,RJPN-004-3,RJPN-004,Band 3 (1800MHz),-87.9,-11.0,10.3,48.9,40.4,97.1
2026-07-24 11:00:00,RJPN-005-1,RJPN-005,Band 1 (2100MHz),-85.6,-9.6,13.6,57.6,21.7,88.1
2026-07-24 11:00:00,RJPN-005-2,RJPN-005,Band 1 (2100MHz),-83.8,-10.9,15.0,44.9,23.4,107.7
2026-07-24 11:00:00,RJPN-005-3,RJPN-005,Band 1 (2100MHz),-94.4,-13.4,4.4,35.1,34.8,104.2
2026-07-24 11:00:00,RJPN-006-1,RJPN-006,Band 3 (1800MHz),-88.5,-11.5,10.9,45.9,26.7,71.5
2026-07-24 11:00:00,RJPN-006-2,RJPN-006,Band 3 (1800MHz),-84.2,-10.8,7.3,57.1,34.5,64.9
2026-07-24 11:00:00,RJPN-006-3,RJPN-006,Band 3 (1800MHz),-83.4,-11.7,12.7,53.4,19.0,73.0
2026-07-24 11:00:00,RJPN-007-1,RJPN-007,Band 1 (2100MHz),-92.5,-13.7,11.1,53.3,26.3,98.1
2026-07-24 11:00:00,RJPN-007-2,RJPN-007,Band 1 (2100MHz),-87.5,-9.3,7.9,53.1,27.4,91.3
2026-07-24 11:00:00,RJPN-007-3,RJPN-007,Band 1 (2100MHz),-88.2,-10.7,12.5,51.2,39.9,97.1
2026-07-24 11:00:00,RJPN-008-1,RJPN-008,Band 3 (1800MHz),-86.2,-12.2,10.4,42.1,20.7,67.4
2026-07-24 11:00:00,RJPN-008-2,RJPN-008,Band 3 (1800MHz),-88.9,-8.7,14.8,59.6,30.5,99.1
2026-07-24 11:00:00,RJPN-008-3,RJPN-008,Band 3 (1800MHz),-83.8,-7.3,11.4,67.4,32.9,74.1
2026-07-24 11:00:00,RJPN-009-1,RJPN-009,Band 1 (2100MHz),-85.4,-14.5,11.3,54.4,27.4,88.9
2026-07-24 11:00:00,RJPN-009-2,RJPN-009,Band 1 (2100MHz),-86.5,-11.5,20.3,23.8,31.2,80.4
2026-07-24 11:00:00,RJPN-009-3,RJPN-009,Band 1 (2100MHz),-92.5,-6.8,14.3,57.3,27.6,80.4
2026-07-24 11:00:00,RJPN-010-1,RJPN-010,Band 3 (1800MHz),-93.3,-9.6,14.4,25.5,22.4,97.5
2026-07-24 11:00:00,RJPN-010-2,RJPN-010,Band 3 (1800MHz),-83.6,-10.8,14.1,34.5,39.4,119.3
2026-07-24 11:00:00,RJPN-010-3,RJPN-010,Band 3 (1800MHz),-92.8,-10.5,-5.2,69.8,25.1,66.6
2026-07-24 11:00:00,RJPN-011-1,RJPN-011,Band 1 (2100MHz),-95.6,-14.7,-1.0,43.4,32.8,101.1
2026-07-24 11:00:00,RJPN-011-2,RJPN-011,Band 1 (2100MHz),-89.4,-9.7,20.3,56.8,32.4,72.5
2026-07-24 11:00:00,RJPN-011-3,RJPN-011,Band 1 (2100MHz),-87.6,-8.9,9.2,46.5,36.0,102.1
2026-07-24 12:00:00,RJPN-001-1,RJPN-001,Band 1 (2100MHz),-88.8,-11.3,19.7,36.7,32.9,78.1
2026-07-24 12:00:00,RJPN-001-2,RJPN-001,Band 1 (2100MHz),-87.9,-12.9,16.3,41.0,36.8,94.5
2026-07-24 12:00:00,RJPN-001-3,RJPN-001,Band 1 (2100MHz),-84.5,-7.6,9.3,71.9,39.4,81.6
2026-07-24 12:00:00,RJPN-002-1,RJPN-002,Band 3 (1800MHz),-100.2,-13.9,16.7,49.6,8.5,76.9
2026-07-24 12:00:00,RJPN-002-2,RJPN-002,Band 3 (1800MHz),-95.2,-11.0,22.6,50.9,16.1,94.3
2026-07-24 12:00:00,RJPN-002-3,RJPN-002,Band 3 (1800MHz),-91.1,-9.1,11.4,25.8,18.7,75.7
2026-07-24 12:00:00,RJPN-003-1,RJPN-003,Band 1 (2100MHz),-82.1,-9.3,17.9,37.6,39.5,71.2
2026-07-24 12:00:00,RJPN-003-2,RJPN-003,Band 1 (2100MHz),-85.7,-9.5,8.5,32.0,23.9,54.7
2026-07-24 12:00:00,RJPN-003-3,RJPN-003,Band 1 (2100MHz),-80.9,-8.6,11.2,24.6,34.0,71.4
2026-07-24 12:00:00,RJPN-004-1,RJPN-004,Band 3 (1800MHz),-85.1,-9.6,5.6,43.0,33.5,101.0
2026-07-24 12:00:00,RJPN-004-2,RJPN-004,Band 3 (1800MHz),-83.9,-12.8,14.4,60.2,18.8,83.3
2026-07-24 12:00:00,RJPN-004-3,RJPN-004,Band 3 (1800MHz),-89.5,-13.2,22.7,33.9,30.9,97.5
2026-07-24 12:00:00,RJPN-005-1,RJPN-005,Band 1 (2100MHz),-83.6,-10.5,10.4,44.2,31.3,54.6
2026-07-24 12:00:00,RJPN-005-2,RJPN-005,Band 1 (2100MHz),-88.7,-12.8,10.5,44.3,30.7,84.0
2026-07-24 12:00:00,RJPN-005-3,RJPN-005,Band 1 (2100MHz),-88.4,-8.6,17.4,50.3,31.2,52.4
2026-07-24 12:00:00,RJPN-006-1,RJPN-006,Band 3 (1800MHz),-84.9,-10.6,14.3,57.5,37.1,52.6
2026-07-24 12:00:00,RJPN-006-2,RJPN-006,Band 3 (1800MHz),-84.2,-8.2,9.7,61.2,20.1,42.4
2026-07-24 12:00:00,RJPN-006-3,RJPN-006,Band 3 (1800MHz),-82.2,-7.3,14.0,47.8,31.8,76.8
2026-07-24 12:00:00,RJPN-007-1,RJPN-007,Band 1 (2100MHz),-90.9,-9.3,9.1,26.0,31.5,38.6
2026-07-24 12:00:00,RJPN-007-2,RJPN-007,Band 1 (2100MHz),-83.3,-10.4,10.0,24.4,28.2,80.6
2026-07-24 12:00:00,RJPN-007-3,RJPN-007,Band 1 (2100MHz),-79.3,-10.1,6.2,54.1,31.9,72.3
2026-07-24 12:00:00,RJPN-008-1,RJPN-008,Band 3 (1800MHz),-83.6,-11.6,20.6,50.9,28.8,46.5
2026-07-24 12:00:00,RJPN-008-2,RJPN-008,Band 3 (1800MHz),-97.0,-9.2,10.4,35.2,40.9,83.5
2026-07-24 12:00:00,RJPN-008-3,RJPN-008,Band 3 (1800MHz),-88.9,-10.6,11.6,34.5,33.0,93.6
2026-07-24 12:00:00,RJPN-009-1,RJPN-009,Band 1 (2100MHz),-88.5,-8.0,12.4,36.2,26.1,55.0
2026-07-24 12:00:00,RJPN-009-2,RJPN-009,Band 1 (2100MHz),-80.6,-8.1,5.6,51.6,30.3,84.5
2026-07-24 12:00:00,RJPN-009-3,RJPN-009,Band 1 (2100MHz),-80.1,-11.0,9.7,57.7,37.5,76.9
2026-07-24 12:00:00,RJPN-010-1,RJPN-010,Band 3 (1800MHz),-91.0,-12.5,10.8,40.6,26.1,109.1
2026-07-24 12:00:00,RJPN-010-2,RJPN-010,Band 3 (1800MHz),-88.9,-10.0,8.4,58.5,37.0,77.1
2026-07-24 12:00:00,RJPN-010-3,RJPN-010,Band 3 (1800MHz),-103.2,-16.8,7.8,41.0,27.8,40.7
2026-07-24 12:00:00,RJPN-011-1,RJPN-011,Band 1 (2100MHz),-101.9,-14.6,-2.4,45.8,18.2,90.4
2026-07-24 12:00:00,RJPN-011-2,RJPN-011,Band 1 (2100MHz),-85.4,-11.0,4.8,47.7,22.1,76.7
2026-07-24 12:00:00,RJPN-011-3,RJPN-011,Band 1 (2100MHz),-79.4,-10.2,9.1,62.8,25.1,79.1
2026-07-24 13:00:00,RJPN-001-1,RJPN-001,Band 1 (2100MHz),-86.8,-9.2,24.9,28.8,49.6,126.4
2026-07-24 13:00:00,RJPN-001-2,RJPN-001,Band 1 (2100MHz),-89.5,-7.0,17.4,56.4,16.4,79.9
2026-07-24 13:00:00,RJPN-001-3,RJPN-001,Band 1 (2100MHz),-93.0,-8.1,16.5,50.8,29.8,47.4
2026-07-24 13:00:00,RJPN-002-1,RJPN-002,Band 3 (1800MHz),-99.5,-14.4,7.7,51.5,10.6,72.5
2026-07-24 13:00:00,RJPN-002-2,RJPN-002,Band 3 (1800MHz),-84.9,-12.4,1.3,48.4,24.9,73.2
2026-07-24 13:00:00,RJPN-002-3,RJPN-002,Band 3 (1800MHz),-88.8,-13.6,13.4,48.4,42.9,83.5
2026-07-24 13:00:00,RJPN-003-1,RJPN-003,Band 1 (2100MHz),-85.6,-6.2,13.7,54.0,20.2,60.1
2026-07-24 13:00:00,RJPN-003-2,RJPN-003,Band 1 (2100MHz),-90.0,-10.1,22.4,17.1,40.1,72.3
2026-07-24 13:00:00,RJPN-003-3,RJPN-003,Band 1 (2100MHz),-85.2,-14.8,17.8,63.5,33.7,66.7
2026-07-24 13:00:00,RJPN-004-1,RJPN-004,Band 3 (1800MHz),-86.8,-11.0,3.7,49.7,14.5,57.3
2026-07-24 13:00:00,RJPN-004-2,RJPN-004,Band 3 (1800MHz),-83.7,-12.2,1.3,76.3,19.0,69.1
2026-07-24 13:00:00,RJPN-004-3,RJPN-004,Band 3 (1800MHz),-82.2,-8.4,16.2,51.9,32.9,92.6
2026-07-24 13:00:00,RJPN-005-1,RJPN-005,Band 1 (2100MHz),-83.9,-5.7,8.8,51.5,33.7,102.0
2026-07-24 13:00:00,RJPN-005-2,RJPN-005,Band 1 (2100MHz),-88.9,-8.3,10.4,43.6,30.9,100.4
2026-07-24 13:00:00,RJPN-005-3,RJPN-005,Band 1 (2100MHz),-88.5,-9.9,8.9,35.8,40.9,89.1
2026-07-24 13:00:00,RJPN-006-1,RJPN-006,Band 3 (1800MHz),-75.5,-8.1,21.1,30.6,18.4,62.9
2026-07-24 13:00:00,RJPN-006-2,RJPN-006,Band 3 (1800MHz),-88.2,-9.9,16.4,55.7,10.4,78.0
2026-07-24 13:00:00,RJPN-006-3,RJPN-006,Band 3 (1800MHz),-81.7,-13.0,15.5,48.2,10.8,114.3
2026-07-24 13:00:00,RJPN-007-1,RJPN-007,Band 1 (2100MHz),-82.5,-11.0,9.5,47.7,38.6,84.3
2026-07-24 13:00:00,RJPN-007-2,RJPN-007,Band 1 (2100MHz),-94.1,-8.8,4.9,31.1,33.1,51.9
2026-07-24 13:00:00,RJPN-007-3,RJPN-007,Band 1 (2100MHz),-83.0,-7.2,15.1,38.0,22.7,86.6
2026-07-24 13:00:00,RJPN-008-1,RJPN-008,Band 3 (1800MHz),-90.7,-9.4,16.9,41.9,26.7,85.9
2026-07-24 13:00:00,RJPN-008-2,RJPN-008,Band 3 (1800MHz),-81.7,-12.5,14.7,27.4,26.4,67.4
2026-07-24 13:00:00,RJPN-008-3,RJPN-008,Band 3 (1800MHz),-87.0,-9.6,16.1,59.9,16.9,126.5
2026-07-24 13:00:00,RJPN-009-1,RJPN-009,Band 1 (2100MHz),-84.8,-10.8,17.1,46.2,29.4,70.0
2026-07-24 13:00:00,RJPN-009-2,RJPN-009,Band 1 (2100MHz),-83.6,-8.1,8.7,49.8,19.0,79.4
2026-07-24 13:00:00,RJPN-009-3,RJPN-009,Band 1 (2100MHz),-84.3,-11.1,15.8,63.0,27.5,84.7
2026-07-24 13:00:00,RJPN-010-1,RJPN-010,Band 3 (1800MHz),-90.5,-9.6,10.6,50.8,28.0,83.1
2026-07-24 13:00:00,RJPN-010-2,RJPN-010,Band 3 (1800MHz),-90.5,-9.8,8.4,43.0,23.9,90.6
2026-07-24 13:00:00,RJPN-010-3,RJPN-010,Band 3 (1800MHz),-97.9,-14.9,5.6,31.0,13.3,65.6
2026-07-24 13:00:00,RJPN-011-1,RJPN-011,Band 1 (2100MHz),-99.2,-18.8,3.6,40.5,31.7,116.1
2026-07-24 13:00:00,RJPN-011-2,RJPN-011,Band 1 (2100MHz),-81.3,-7.8,15.1,50.1,39.0,109.3
2026-07-24 13:00:00,RJPN-011-3,RJPN-011,Band 1 (2100MHz),-86.2,-12.7,13.3,50.5,40.3,96.0
2026-07-24 14:00:00,RJPN-001-1,RJPN-001,Band 1 (2100MHz),-89.7,-11.9,11.1,74.1,22.7,87.7
2026-07-24 14:00:00,RJPN-001-2,RJPN-001,Band 1 (2100MHz),-88.4,-11.7,5.4,41.3,35.7,57.4
2026-07-24 14:00:00,RJPN-001-3,RJPN-001,Band 1 (2100MHz),-87.7,-9.0,14.3,56.9,23.0,35.7
2026-07-24 14:00:00,RJPN-002-1,RJPN-002,Band 3 (1800MHz),-107.9,-18.8,9.8,43.9,31.2,70.5
2026-07-24 14:00:00,RJPN-002-2,RJPN-002,Band 3 (1800MHz),-89.7,-9.2,21.3,63.0,38.2,72.0
2026-07-24 14:00:00,RJPN-002-3,RJPN-002,Band 3 (1800MHz),-82.0,-13.6,6.8,33.6,39.9,66.0
2026-07-24 14:00:00,RJPN-003-1,RJPN-003,Band 1 (2100MHz),-87.5,-10.8,12.9,59.5,35.8,58.7
2026-07-24 14:00:00,RJPN-003-2,RJPN-003,Band 1 (2100MHz),-92.4,-10.5,10.1,52.8,30.9,109.8
2026-07-24 14:00:00,RJPN-003-3,RJPN-003,Band 1 (2100MHz),-92.3,-7.2,5.1,50.2,36.9,67.7
2026-07-24 14:00:00,RJPN-004-1,RJPN-004,Band 3 (1800MHz),-79.5,-9.8,19.9,51.0,31.7,113.1
2026-07-24 14:00:00,RJPN-004-2,RJPN-004,Band 3 (1800MHz),-89.6,-8.3,18.7,33.5,40.7,58.3
2026-07-24 14:00:00,RJPN-004-3,RJPN-004,Band 3 (1800MHz),-91.9,-10.6,16.4,45.7,38.9,73.9
2026-07-24 14:00:00,RJPN-005-1,RJPN-005,Band 1 (2100MHz),-91.1,-9.4,12.9,54.2,27.2,65.6
2026-07-24 14:00:00,RJPN-005-2,RJPN-005,Band 1 (2100MHz),-91.9,-8.5,16.0,50.3,26.3,81.6
2026-07-24 14:00:00,RJPN-005-3,RJPN-005,Band 1 (2100MHz),-90.1,-12.4,22.4,55.3,33.7,100.9
2026-07-24 14:00:00,RJPN-006-1,RJPN-006,Band 3 (1800MHz),-80.5,-10.1,13.5,55.9,41.5,75.7
2026-07-24 14:00:00,RJPN-006-2,RJPN-006,Band 3 (1800MHz),-83.4,-11.4,12.2,59.8,36.8,97.5
2026-07-24 14:00:00,RJPN-006-3,RJPN-006,Band 3 (1800MHz),-91.8,-10.5,13.4,54.4,30.0,46.1
2026-07-24 14:00:00,RJPN-007-1,RJPN-007,Band 1 (2100MHz),-77.5,-7.7,12.8,55.5,31.3,83.4
2026-07-24 14:00:00,RJPN-007-2,RJPN-007,Band 1 (2100MHz),-92.8,-8.8,14.3,63.4,24.6,102.5
2026-07-24 14:00:00,RJPN-007-3,RJPN-007,Band 1 (2100MHz),-90.7,-6.7,16.0,59.3,34.1,73.3
2026-07-24 14:00:00,RJPN-008-1,RJPN-008,Band 3 (1800MHz),-85.8,-14.3,9.8,42.9,27.1,74.5
2026-07-24 14:00:00,RJPN-008-2,RJPN-008,Band 3 (1800MHz),-85.6,-8.0,15.2,51.9,35.8,90.6
2026-07-24 14:00:00,RJPN-008-3,RJPN-008,Band 3 (1800MHz),-90.7,-10.1,14.7,60.4,31.7,95.7
2026-07-24 14:00:00,RJPN-009-1,RJPN-009,Band 1 (2100MHz),-84.6,-13.1,13.8,42.6,32.6,114.9
2026-07-24 14:00:00,RJPN-009-2,RJPN-009,Band 1 (2100MHz),-83.1,-9.8,14.6,39.1,34.2,130.3
2026-07-24 14:00:00,RJPN-009-3,RJPN-009,Band 1 (2100MHz),-83.8,-8.8,9.5,72.7,20.4,75.6
2026-07-24 14:00:00,RJPN-010-1,RJPN-010,Band 3 (1800MHz),-92.5,-13.6,9.6,51.3,31.0,47.7
2026-07-24 14:00:00,RJPN-010-2,RJPN-010,Band 3 (1800MHz),-87.4,-8.8,15.1,47.8,10.7,58.4
2026-07-24 14:00:00,RJPN-010-3,RJPN-010,Band 3 (1800MHz),-100.1,-14.6,3.1,45.3,22.0,77.2
2026-07-24 14:00:00,RJPN-011-1,RJPN-011,Band 1 (2100MHz),-102.8,-12.8,-0.7,63.9,14.2,43.1
2026-07-24 14:00:00,RJPN-011-2,RJPN-011,Band 1 (2100MHz),-88.4,-11.4,7.6,33.9,41.4,65.5
2026-07-24 14:00:00,RJPN-011-3,RJPN-011,Band 1 (2100MHz),-82.3,-12.6,9.9,49.0,29.5,111.5
2026-07-24 15:00:00,RJPN-001-1,RJPN-001,Band 1 (2100MHz),-91.9,-7.4,16.7,24.4,0.0,0.0
2026-07-24 15:00:00,RJPN-001-2,RJPN-001,Band 1 (2100MHz),-91.8,-7.9,10.6,16.5,10.6,5.4
2026-07-24 15:00:00,RJPN-001-3,RJPN-001,Band 1 (2100MHz),-91.3,-5.4,14.5,25.0,22.4,29.8
2026-07-24 15:00:00,RJPN-002-1,RJPN-002,Band 3 (1800MHz),-100.6,-12.1,4.7,5.2,17.5,21.7
2026-07-24 15:00:00,RJPN-002-2,RJPN-002,Band 3 (1800MHz),-88.5,-10.3,10.7,0.5,15.1,40.3
2026-07-24 15:00:00,RJPN-002-3,RJPN-002,Band 3 (1800MHz),-90.6,-10.1,9.5,14.8,0.0,50.2
2026-07-24 15:00:00,RJPN-003-1,RJPN-003,Band 1 (2100MHz),-91.5,-7.0,16.1,13.2,11.8,8.0
2026-07-24 15:00:00,RJPN-003-2,RJPN-003,Band 1 (2100MHz),-86.9,-10.2,9.9,16.2,16.3,45.4
2026-07-24 15:00:00,RJPN-003-3,RJPN-003,Band 1 (2100MHz),-88.8,-7.2,14.7,16.5,19.9,61.0
2026-07-24 15:00:00,RJPN-004-1,RJPN-004,Band 3 (1800MHz),-82.7,-9.0,10.6,5.5,3.5,19.7
2026-07-24 15:00:00,RJPN-004-2,RJPN-004,Band 3 (1800MHz),-84.0,-8.0,8.9,23.4,0.0,0.0
2026-07-24 15:00:00,RJPN-004-3,RJPN-004,Band 3 (1800MHz),-94.1,-11.4,9.1,12.6,17.9,15.9
2026-07-24 15:00:00,RJPN-005-1,RJPN-005,Band 1 (2100MHz),-85.2,-9.9,11.9,19.2,17.4,26.2
2026-07-24 15:00:00,RJPN-005-2,RJPN-005,Band 1 (2100MHz),-81.6,-10.6,17.1,14.5,0.0,3.0
2026-07-24 15:00:00,RJPN-005-3,RJPN-005,Band 1 (2100MHz),-91.2,-6.8,6.6,13.8,1.3,41.2
2026-07-24 15:00:00,RJPN-006-1,RJPN-006,Band 3 (1800MHz),-94.4,-10.0,12.3,6.1,11.0,62.7
2026-07-24 15:00:00,RJPN-006-2,RJPN-006,Band 3 (1800MHz),-92.9,-8.2,8.5,17.0,5.6,16.5
2026-07-24 15:00:00,RJPN-006-3,RJPN-006,Band 3 (1800MHz),-73.3,-10.9,3.8,21.2,13.8,55.7
2026-07-24 15:00:00,RJPN-007-1,RJPN-007,Band 1 (2100MHz),-87.4,-5.7,24.1,45.1,18.0,52.9
2026-07-24 15:00:00,RJPN-007-2,RJPN-007,Band 1 (2100MHz),-86.0,-8.3,9.0,10.9,0.0,38.7
2026-07-24 15:00:00,RJPN-007-3,RJPN-007,Band 1 (2100MHz),-85.5,-10.0,14.5,25.3,30.6,55.1
2026-07-24 15:00:00,RJPN-008-1,RJPN-008,Band 3 (1800MHz),-84.8,-11.8,20.4,36.1,19.8,27.0
2026-07-24 15:00:00,RJPN-008-2,RJPN-008,Band 3 (1800MHz),-86.8,-7.2,9.3,12.3,2.2,41.4
2026-07-24 15:00:00,RJPN-008-3,RJPN-008,Band 3 (1800MHz),-89.2,-8.9,16.1,33.5,11.8,7.6
2026-07-24 15:00:00,RJPN-009-1,RJPN-009,Band 1 (2100MHz),-87.5,-12.0,19.2,9.4,13.1,41.7
2026-07-24 15:00:00,RJPN-009-2,RJPN-009,Band 1 (2100MHz),-91.0,-5.4,9.0,10.7,14.8,0.0
2026-07-24 15:00:00,RJPN-009-3,RJPN-009,Band 1 (2100MHz),-79.0,-13.0,11.8,27.1,19.5,48.3
2026-07-24 15:00:00,RJPN-010-1,RJPN-010,Band 3 (1800MHz),-84.5,-9.8,9.4,24.9,0.0,17.6
2026-07-24 15:00:00,RJPN-010-2,RJPN-010,Band 3 (1800MHz),-89.4,-5.5,22.6,13.0,8.5,0.0
2026-07-24 15:00:00,RJPN-010-3,RJPN-010,Band 3 (1800MHz),-97.6,-11.8,8.3,2.7,9.1,45.1
2026-07-24 15:00:00,RJPN-011-1,RJPN-011,Band 1 (2100MHz),-96.7,-10.6,-0.7,26.2,6.4,17.4
2026-07-24 15:00:00,RJPN-011-2,RJPN-011,Band 1 (2100MHz),-79.3,-10.1,4.2,0.0,13.4,28.8
2026-07-24 15:00:00,RJPN-011-3,RJPN-011,Band 1 (2100MHz),-89.3,-5.0,7.7,11.8,14.7,42.8
2026-07-24 16:00:00,RJPN-001-1,RJPN-001,Band 1 (2100MHz),-83.3,-11.8,7.5,76.2,42.1,65.4
2026-07-24 16:00:00,RJPN-001-2,RJPN-001,Band 1 (2100MHz),-83.9,-14.4,11.8,72.7,26.8,103.8
2026-07-24 16:00:00,RJPN-001-3,RJPN-001,Band 1 (2100MHz),-85.1,-12.1,17.3,59.9,31.3,97.7
2026-07-24 16:00:00,RJPN-002-1,RJPN-002,Band 3 (1800MHz),-101.1,-15.1,9.6,45.3,33.4,105.6
2026-07-24 16:00:00,RJPN-002-2,RJPN-002,Band 3 (1800MHz),-93.0,-12.3,4.9,59.7,35.2,120.2
2026-07-24 16:00:00,RJPN-002-3,RJPN-002,Band 3 (1800MHz),-94.3,-11.1,21.4,84.7,45.6,71.9
2026-07-24 16:00:00,RJPN-003-1,RJPN-003,Band 1 (2100MHz),-89.0,-13.3,10.9,72.4,30.6,107.6
2026-07-24 16:00:00,RJPN-003-2,RJPN-003,Band 1 (2100MHz),-83.3,-10.1,15.8,56.8,40.8,108.5
2026-07-24 16:00:00,RJPN-003-3,RJPN-003,Band 1 (2100MHz),-82.6,-15.6,12.0,64.1,55.0,96.3
2026-07-24 16:00:00,RJPN-004-1,RJPN-004,Band 3 (1800MHz),-82.7,-9.8,-1.8,65.8,30.6,92.1
2026-07-24 16:00:00,RJPN-004-2,RJPN-004,Band 3 (1800MHz),-89.3,-7.7,12.1,79.4,55.8,78.4
2026-07-24 16:00:00,RJPN-004-3,RJPN-004,Band 3 (1800MHz),-87.1,-10.9,16.9,56.8,34.9,87.4
2026-07-24 16:00:00,RJPN-005-1,RJPN-005,Band 1 (2100MHz),-89.9,-5.1,16.9,77.2,28.2,130.8
2026-07-24 16:00:00,RJPN-005-2,RJPN-005,Band 1 (2100MHz),-88.1,-13.0,12.2,73.4,44.3,117.0
2026-07-24 16:00:00,RJPN-005-3,RJPN-005,Band 1 (2100MHz),-86.2,-10.7,13.4,59.3,37.5,105.8
2026-07-24 16:00:00,RJPN-006-1,RJPN-006,Band 3 (1800MHz),-94.5,-13.2,15.6,56.5,36.4,106.0
2026-07-24 16:00:00,RJPN-006-2,RJPN-006,Band 3 (1800MHz),-86.7,-12.2,7.5,45.9,38.1,118.1
2026-07-24 16:00:00,RJPN-006-3,RJPN-006,Band 3 (1800MHz),-78.7,-11.3,12.3,59.8,38.5,107.9
2026-07-24 16:00:00,RJPN-007-1,RJPN-007,Band 1 (2100MHz),-82.3,-13.9,13.2,63.8,51.2,94.8
2026-07-24 16:00:00,RJPN-007-2,RJPN-007,Band 1 (2100MHz),-89.5,-9.3,19.8,87.3,34.5,87.6
2026-07-24 16:00:00,RJPN-007-3,RJPN-007,Band 1 (2100MHz),-84.3,-9.6,13.4,43.2,15.6,131.4
2026-07-24 16:00:00,RJPN-008-1,RJPN-008,Band 3 (1800MHz),-86.8,-12.1,11.3,81.8,40.1,118.4
2026-07-24 16:00:00,RJPN-008-2,RJPN-008,Band 3 (1800MHz),-93.2,-11.9,8.4,69.3,40.4,126.0
2026-07-24 16:00:00,RJPN-008-3,RJPN-008,Band 3 (1800MHz),-87.1,-9.7,12.9,51.4,41.1,119.5
2026-07-24 16:00:00,RJPN-009-1,RJPN-009,Band 1 (2100MHz),-90.8,-9.1,9.7,69.7,13.9,95.2
2026-07-24 16:00:00,RJPN-009-2,RJPN-009,Band 1 (2100MHz),-81.7,-10.5,11.9,60.2,38.2,75.2
2026-07-24 16:00:00,RJPN-009-3,RJPN-009,Band 1 (2100MHz),-87.9,-12.5,15.1,45.1,33.4,90.7
2026-07-24 16:00:00,RJPN-010-1,RJPN-010,Band 3 (1800MHz),-79.9,-10.1,12.5,77.9,45.0,119.2
2026-07-24 16:00:00,RJPN-010-2,RJPN-010,Band 3 (1800MHz),-89.2,-8.1,26.1,57.5,31.4,95.5
2026-07-24 16:00:00,RJPN-010-3,RJPN-010,Band 3 (1800MHz),-94.8,-14.3,2.0,36.6,49.8,105.1
2026-07-24 16:00:00,RJPN-011-1,RJPN-011,Band 1 (2100MHz),-90.7,-17.5,-5.7,83.7,48.2,66.2
2026-07-24 16:00:00,RJPN-011-2,RJPN-011,Band 1 (2100MHz),-75.5,-7.3,9.1,50.3,46.9,105.8
2026-07-24 16:00:00,RJPN-011-3,RJPN-011,Band 1 (2100MHz),-82.6,-8.4,10.1,77.7,38.9,105.0
2026-07-24 17:00:00,RJPN-001-1,RJPN-001,Band 1 (2100MHz),-87.2,-9.8,16.5,78.8,58.0,112.9
2026-07-24 17:00:00,RJPN-001-2,RJPN-001,Band 1 (2100MHz),-85.5,-11.3,21.5,91.7,50.1,91.6
2026-07-24 17:00:00,RJPN-001-3,RJPN-001,Band 1 (2100MHz),-82.4,-11.0,6.7,85.4,41.3,128.4
2026-07-24 17:00:00,RJPN-002-1,RJPN-002,Band 3 (1800MHz),-94.4,-14.8,-1.8,51.6,53.6,103.7
2026-07-24 17:00:00,RJPN-002-2,RJPN-002,Band 3 (1800MHz),-90.1,-12.3,12.1,78.0,24.7,126.5
2026-07-24 17:00:00,RJPN-002-3,RJPN-002,Band 3 (1800MHz),-86.0,-11.5,9.5,76.0,42.9,86.8
2026-07-24 17:00:00,RJPN-003-1,RJPN-003,Band 1 (2100MHz),-87.6,-12.4,18.2,62.6,45.3,119.5
2026-07-24 17:00:00,RJPN-003-2,RJPN-003,Band 1 (2100MHz),-79.8,-10.3,16.8,89.3,35.5,67.9
2026-07-24 17:00:00,RJPN-003-3,RJPN-003,Band 1 (2100MHz),-84.5,-15.4,8.3,68.0,36.5,132.5
2026-07-24 17:00:00,RJPN-004-1,RJPN-004,Band 3 (1800MHz),-82.5,-9.9,17.2,67.4,37.2,104.4
2026-07-24 17:00:00,RJPN-004-2,RJPN-004,Band 3 (1800MHz),-90.7,-9.8,7.0,92.6,29.5,121.8
2026-07-24 17:00:00,RJPN-004-3,RJPN-004,Band 3 (1800MHz),-84.2,-11.6,14.3,78.0,46.8,113.2
2026-07-24 17:00:00,RJPN-005-1,RJPN-005,Band 1 (2100MHz),-91.1,-12.4,12.0,85.4,41.6,120.5
2026-07-24 17:00:00,RJPN-005-2,RJPN-005,Band 1 (2100MHz),-88.8,-12.6,16.5,64.9,38.7,150.8
2026-07-24 17:00:00,RJPN-005-3,RJPN-005,Band 1 (2100MHz),-85.7,-8.9,13.1,84.4,41.4,145.3
2026-07-24 17:00:00,RJPN-006-1,RJPN-006,Band 3 (1800MHz),-94.2,-11.0,7.3,83.5,35.3,99.3
2026-07-24 17:00:00,RJPN-006-2,RJPN-006,Band 3 (1800MHz),-90.6,-12.5,11.0,68.4,28.0,103.8
2026-07-24 17:00:00,RJPN-006-3,RJPN-006,Band 3 (1800MHz),-93.4,-7.7,14.4,54.5,38.3,135.8
2026-07-24 17:00:00,RJPN-007-1,RJPN-007,Band 1 (2100MHz),-86.8,-8.9,10.9,79.5,51.4,133.0
2026-07-24 17:00:00,RJPN-007-2,RJPN-007,Band 1 (2100MHz),-87.7,-13.3,16.3,76.3,37.0,88.0
2026-07-24 17:00:00,RJPN-007-3,RJPN-007,Band 1 (2100MHz),-87.1,-9.4,17.0,71.7,39.1,122.0
2026-07-24 17:00:00,RJPN-008-1,RJPN-008,Band 3 (1800MHz),-80.4,-9.4,6.7,80.6,37.5,126.8
2026-07-24 17:00:00,RJPN-008-2,RJPN-008,Band 3 (1800MHz),-91.1,-14.3,12.6,67.6,46.0,166.4
2026-07-24 17:00:00,RJPN-008-3,RJPN-008,Band 3 (1800MHz),-80.8,-14.5,12.8,67.5,32.7,98.9
2026-07-24 17:00:00,RJPN-009-1,RJPN-009,Band 1 (2100MHz),-84.0,-13.4,10.7,79.7,44.2,130.7
2026-07-24 17:00:00,RJPN-009-2,RJPN-009,Band 1 (2100MHz),-91.2,-11.3,17.8,97.6,46.0,138.4
2026-07-24 17:00:00,RJPN-009-3,RJPN-009,Band 1 (2100MHz),-96.8,-11.0,21.9,85.6,58.8,116.7
2026-07-24 17:00:00,RJPN-010-1,RJPN-010,Band 3 (1800MHz),-89.6,-10.6,7.5,57.1,53.3,98.4
2026-07-24 17:00:00,RJPN-010-2,RJPN-010,Band 3 (1800MHz),-86.9,-8.3,7.8,99.1,38.0,128.1
2026-07-24 17:00:00,RJPN-010-3,RJPN-010,Band 3 (1800MHz),-101.6,-16.6,-5.7,77.9,43.2,153.2
2026-07-24 17:00:00,RJPN-011-1,RJPN-011,Band 1 (2100MHz),-103.3,-13.7,4.8,67.7,33.7,98.5
2026-07-24 17:00:00,RJPN-011-2,RJPN-011,Band 1 (2100MHz),-84.8,-8.9,9.3,52.6,36.0,153.6
2026-07-24 17:00:00,RJPN-011-3,RJPN-011,Band 1 (2100MHz),-88.4,-11.4,14.9,56.3,51.1,126.9
2026-07-24 18:00:00,RJPN-001-1,RJPN-001,Band 1 (2100MHz),-83.8,-10.7,8.0,67.6,42.0,102.7
2026-07-24 18:00:00,RJPN-001-2,RJPN-001,Band 1 (2100MHz),-87.5,-9.8,15.9,90.2,60.6,88.0
2026-07-24 18:00:00,RJPN-001-3,RJPN-001,Band 1 (2100MHz),-84.0,-9.7,7.1,76.2,38.8,145.9
2026-07-24 18:00:00,RJPN-002-1,RJPN-002,Band 3 (1800MHz),-97.6,-15.0,7.9,74.3,53.2,147.0
2026-07-24 18:00:00,RJPN-002-2,RJPN-002,Band 3 (1800MHz),-90.5,-9.2,13.1,63.3,30.1,129.7
2026-07-24 18:00:00,RJPN-002-3,RJPN-002,Band 3 (1800MHz),-86.6,-11.6,8.1,84.2,40.2,127.5
2026-07-24 18:00:00,RJPN-003-1,RJPN-003,Band 1 (2100MHz),-86.7,-11.1,10.0,91.2,49.7,154.1
2026-07-24 18:00:00,RJPN-003-2,RJPN-003,Band 1 (2100MHz),-84.2,-14.0,9.2,88.8,42.5,140.5
2026-07-24 18:00:00,RJPN-003-3,RJPN-003,Band 1 (2100MHz),-75.9,-14.1,12.5,66.5,49.7,121.8
2026-07-24 18:00:00,RJPN-004-1,RJPN-004,Band 3 (1800MHz),-85.9,-15.1,11.5,57.7,45.5,75.2
2026-07-24 18:00:00,RJPN-004-2,RJPN-004,Band 3 (1800MHz),-91.7,-9.6,13.0,71.8,45.7,147.6
2026-07-24 18:00:00,RJPN-004-3,RJPN-004,Band 3 (1800MHz),-83.3,-11.3,11.1,78.9,47.7,120.3
2026-07-24 18:00:00,RJPN-005-1,RJPN-005,Band 1 (2100MHz),-88.6,-9.0,15.5,91.6,39.8,159.7
2026-07-24 18:00:00,RJPN-005-2,RJPN-005,Band 1 (2100MHz),-90.0,-8.9,8.6,77.9,37.9,123.1
2026-07-24 18:00:00,RJPN-005-3,RJPN-005,Band 1 (2100MHz),-82.4,-11.7,16.8,73.2,49.6,162.6
2026-07-24 18:00:00,RJPN-006-1,RJPN-006,Band 3 (1800MHz),-89.0,-10.8,15.1,88.8,44.3,105.6
2026-07-24 18:00:00,RJPN-006-2,RJPN-006,Band 3 (1800MHz),-87.1,-10.8,22.1,84.8,38.9,137.6
2026-07-24 18:00:00,RJPN-006-3,RJPN-006,Band 3 (1800MHz),-89.7,-8.9,16.3,91.6,33.9,116.5
2026-07-24 18:00:00,RJPN-007-1,RJPN-007,Band 1 (2100MHz),-83.6,-8.9,16.6,82.0,42.2,142.0
2026-07-24 18:00:00,RJPN-007-2,RJPN-007,Band 1 (2100MHz),-93.6,-16.3,17.0,99.6,45.3,124.6
2026-07-24 18:00:00,RJPN-007-3,RJPN-007,Band 1 (2100MHz),-83.8,-11.7,1.8,69.0,18.3,124.2
2026-07-24 18:00:00,RJPN-008-1,RJPN-008,Band 3 (1800MHz),-90.4,-10.7,12.8,86.0,38.3,123.2
2026-07-24 18:00:00,RJPN-008-2,RJPN-008,Band 3 (1800MHz),-86.0,-12.9,19.9,77.0,44.0,124.4
2026-07-24 18:00:00,RJPN-008-3,RJPN-008,Band 3 (1800MHz),-86.6,-13.1,18.0,88.6,54.3,148.0
2026-07-24 18:00:00,RJPN-009-1,RJPN-009,Band 1 (2100MHz),-88.2,-9.8,6.8,85.1,47.9,124.1
2026-07-24 18:00:00,RJPN-009-2,RJPN-009,Band 1 (2100MHz),-88.0,-9.9,19.5,86.1,37.1,111.8
2026-07-24 18:00:00,RJPN-009-3,RJPN-009,Band 1 (2100MHz),-89.8,-11.5,14.1,49.5,60.9,149.3
2026-07-24 18:00:00,RJPN-010-1,RJPN-010,Band 3 (1800MHz),-87.4,-8.7,14.5,66.1,37.1,120.3
2026-07-24 18:00:00,RJPN-010-2,RJPN-010,Band 3 (1800MHz),-84.6,-12.2,13.6,64.6,49.0,92.6
2026-07-24 18:00:00,RJPN-010-3,RJPN-010,Band 3 (1800MHz),-104.9,-13.0,6.9,68.2,41.3,71.7
2026-07-24 18:00:00,RJPN-011-1,RJPN-011,Band 1 (2100MHz),-108.7,-15.4,9.5,75.1,40.8,115.2
2026-07-24 18:00:00,RJPN-011-2,RJPN-011,Band 1 (2100MHz),-87.8,-11.2,16.7,83.9,48.7,125.9
2026-07-24 18:00:00,RJPN-011-3,RJPN-011,Band 1 (2100MHz),-84.6,-11.2,15.7,61.6,61.7,129.4
2026-07-24 19:00:00,RJPN-001-1,RJPN-001,Band 1 (2100MHz),-91.2,-12.3,11.9,78.0,26.4,128.5
2026-07-24 19:00:00,RJPN-001-2,RJPN-001,Band 1 (2100MHz),-89.1,-9.8,14.8,76.0,20.3,127.3
2026-07-24 19:00:00,RJPN-001-3,RJPN-001,Band 1 (2100MHz),-87.3,-13.2,18.4,81.7,51.3,106.7
2026-07-24 19:00:00,RJPN-002-1,RJPN-002,Band 3 (1800MHz),-107.1,-14.5,6.9,62.6,43.5,125.1
2026-07-24 19:00:00,RJPN-002-2,RJPN-002,Band 3 (1800MHz),-85.6,-12.3,10.1,46.8,56.3,123.7
2026-07-24 19:00:00,RJPN-002-3,RJPN-002,Band 3 (1800MHz),-86.9,-13.1,9.2,71.5,46.3,135.1
2026-07-24 19:00:00,RJPN-003-1,RJPN-003,Band 1 (2100MHz),-82.9,-13.0,15.6,76.6,71.4,110.2
2026-07-24 19:00:00,RJPN-003-2,RJPN-003,Band 1 (2100MHz),-92.4,-12.1,13.0,92.3,34.5,126.6
2026-07-24 19:00:00,RJPN-003-3,RJPN-003,Band 1 (2100MHz),-86.3,-11.2,19.6,61.9,52.1,164.7
2026-07-24 19:00:00,RJPN-004-1,RJPN-004,Band 3 (1800MHz),-83.7,-15.3,16.3,88.6,43.8,142.6
2026-07-24 19:00:00,RJPN-004-2,RJPN-004,Band 3 (1800MHz),-88.0,-12.4,5.6,48.1,34.7,156.4
2026-07-24 19:00:00,RJPN-004-3,RJPN-004,Band 3 (1800MHz),-78.0,-13.6,9.9,99.4,40.4,137.3
2026-07-24 19:00:00,RJPN-005-1,RJPN-005,Band 1 (2100MHz),-90.4,-10.6,20.2,61.2,46.2,134.6
2026-07-24 19:00:00,RJPN-005-2,RJPN-005,Band 1 (2100MHz),-82.7,-14.8,9.9,93.4,40.1,140.6
2026-07-24 19:00:00,RJPN-005-3,RJPN-005,Band 1 (2100MHz),-89.4,-9.0,18.9,81.5,31.7,84.4
2026-07-24 19:00:00,RJPN-006-1,RJPN-006,Band 3 (1800MHz),-100.6,-13.7,11.4,81.3,37.6,88.7
2026-07-24 19:00:00,RJPN-006-2,RJPN-006,Band 3 (1800MHz),-80.8,-11.3,16.5,86.2,38.3,126.5
2026-07-24 19:00:00,RJPN-006-3,RJPN-006,Band 3 (1800MHz),-86.9,-9.7,19.1,79.4,32.8,164.9
2026-07-24 19:00:00,RJPN-007-1,RJPN-007,Band 1 (2100MHz),-87.2,-12.8,13.4,56.5,55.3,130.7
2026-07-24 19:00:00,RJPN-007-2,RJPN-007,Band 1 (2100MHz),-91.6,-9.9,18.0,52.8,51.9,130.8
2026-07-24 19:00:00,RJPN-007-3,RJPN-007,Band 1 (2100MHz),-83.4,-11.4,1.0,73.1,35.8,121.6
2026-07-24 19:00:00,RJPN-008-1,RJPN-008,Band 3 (1800MHz),-93.3,-12.7,7.9,58.7,45.1,98.3
2026-07-24 19:00:00,RJPN-008-2,RJPN-008,Band 3 (1800MHz),-88.9,-12.4,11.6,78.3,53.3,144.4
2026-07-24 19:00:00,RJPN-008-3,RJPN-008,Band 3 (1800MHz),-82.2,-12.2,11.0,57.2,33.2,119.8
2026-07-24 19:00:00,RJPN-009-1,RJPN-009,Band 1 (2100MHz),-93.8,-11.2,4.4,67.5,51.9,123.5
2026-07-24 19:00:00,RJPN-009-2,RJPN-009,Band 1 (2100MHz),-84.9,-9.7,6.0,76.7,30.3,140.1
2026-07-24 19:00:00,RJPN-009-3,RJPN-009,Band 1 (2100MHz),-94.7,-9.8,14.3,63.0,53.1,116.4
2026-07-24 19:00:00,RJPN-010-1,RJPN-010,Band 3 (1800MHz),-95.4,-10.7,18.4,67.1,42.5,121.5
2026-07-24 19:00:00,RJPN-010-2,RJPN-010,Band 3 (1800MHz),-80.8,-9.7,14.9,65.7,37.8,123.6
2026-07-24 19:00:00,RJPN-010-3,RJPN-010,Band 3 (1800MHz),-99.9,-15.3,13.6,84.0,46.6,119.8
2026-07-24 19:00:00,RJPN-011-1,RJPN-011,Band 1 (2100MHz),-93.6,-18.4,4.3,80.5,41.5,114.1
2026-07-24 19:00:00,RJPN-011-2,RJPN-011,Band 1 (2100MHz),-88.2,-11.6,10.2,88.5,25.4,111.3
2026-07-24 19:00:00,RJPN-011-3,RJPN-011,Band 1 (2100MHz),-94.4,-10.0,16.0,91.8,37.6,116.1
2026-07-24 20:00:00,RJPN-001-1,RJPN-001,Band 1 (2100MHz),-88.9,-10.7,16.4,92.8,42.4,97.6
2026-07-24 20:00:00,RJPN-001-2,RJPN-001,Band 1 (2100MHz),-88.1,-11.0,16.4,85.5,48.4,99.8
2026-07-24 20:00:00,RJPN-001-3,RJPN-001,Band 1 (2100MHz),-84.8,-13.0,11.6,73.9,23.1,104.2
2026-07-24 20:00:00,RJPN-002-1,RJPN-002,Band 3 (1800MHz),-103.4,-16.9,4.8,93.1,44.4,91.7
2026-07-24 20:00:00,RJPN-002-2,RJPN-002,Band 3 (1800MHz),-84.1,-10.6,9.9,71.4,40.0,139.8
2026-07-24 20:00:00,RJPN-002-3,RJPN-002,Band 3 (1800MHz),-91.8,-10.3,22.8,80.1,41.1,143.6
2026-07-24 20:00:00,RJPN-003-1,RJPN-003,Band 1 (2100MHz),-87.4,-13.8,15.9,71.9,39.7,122.6
2026-07-24 20:00:00,RJPN-003-2,RJPN-003,Band 1 (2100MHz),-79.3,-11.2,6.8,70.0,44.0,100.1
2026-07-24 20:00:00,RJPN-003-3,RJPN-003,Band 1 (2100MHz),-83.2,-10.1,18.4,82.4,44.1,157.3
2026-07-24 20:00:00,RJPN-004-1,RJPN-004,Band 3 (1800MHz),-86.4,-8.9,4.0,68.8,49.8,92.8
2026-07-24 20:00:00,RJPN-004-2,RJPN-004,Band 3 (1800MHz),-93.6,-9.8,16.6,50.4,44.1,114.9
2026-07-24 20:00:00,RJPN-004-3,RJPN-004,Band 3 (1800MHz),-95.7,-9.8,17.1,69.3,27.7,115.4
2026-07-24 20:00:00,RJPN-005-1,RJPN-005,Band 1 (2100MHz),-91.5,-8.6,18.2,68.8,25.1,133.1
2026-07-24 20:00:00,RJPN-005-2,RJPN-005,Band 1 (2100MHz),-90.7,-12.9,18.1,71.4,36.1,111.7
2026-07-24 20:00:00,RJPN-005-3,RJPN-005,Band 1 (2100MHz),-90.1,-10.6,12.7,61.3,40.9,115.4
2026-07-24 20:00:00,RJPN-006-1,RJPN-006,Band 3 (1800MHz),-83.7,-14.9,22.3,73.4,42.0,119.0
2026-07-24 20:00:00,RJPN-006-2,RJPN-006,Band 3 (1800MHz),-88.6,-10.7,14.4,42.5,28.3,130.0
2026-07-24 20:00:00,RJPN-006-3,RJPN-006,Band 3 (1800MHz),-80.4,-9.9,10.2,71.2,21.7,87.0
2026-07-24 20:00:00,RJPN-007-1,RJPN-007,Band 1 (2100MHz),-86.9,-10.0,8.7,43.3,28.3,96.6
2026-07-24 20:00:00,RJPN-007-2,RJPN-007,Band 1 (2100MHz),-82.7,-9.5,13.1,60.6,25.0,136.4
2026-07-24 20:00:00,RJPN-007-3,RJPN-007,Band 1 (2100MHz),-84.0,-10.6,15.3,55.5,51.4,155.1
2026-07-24 20:00:00,RJPN-008-1,RJPN-008,Band 3 (1800MHz),-87.5,-11.4,10.6,54.7,22.3,89.4
2026-07-24 20:00:00,RJPN-008-2,RJPN-008,Band 3 (1800MHz),-84.2,-11.7,20.9,73.3,37.7,121.8
2026-07-24 20:00:00,RJPN-008-3,RJPN-008,Band 3 (1800MHz),-89.7,-14.1,25.0,57.0,39.3,96.8
2026-07-24 20:00:00,RJPN-009-1,RJPN-009,Band 1 (2100MHz),-88.7,-10.6,15.8,48.3,59.9,121.1
2026-07-24 20:00:00,RJPN-009-2,RJPN-009,Band 1 (2100MHz),-94.3,-11.1,17.1,58.0,48.0,65.8
2026-07-24 20:00:00,RJPN-009-3,RJPN-009,Band 1 (2100MHz),-89.8,-12.8,11.5,64.3,36.4,84.9
2026-07-24 20:00:00,RJPN-010-1,RJPN-010,Band 3 (1800MHz),-80.6,-13.9,20.0,76.9,51.0,127.4
2026-07-24 20:00:00,RJPN-010-2,RJPN-010,Band 3 (1800MHz),-88.5,-11.3,13.7,58.4,50.8,101.2
2026-07-24 20:00:00,RJPN-010-3,RJPN-010,Band 3 (1800MHz),-102.0,-13.9,7.9,69.5,39.9,100.6
2026-07-24 20:00:00,RJPN-011-1,RJPN-011,Band 1 (2100MHz),-100.5,-13.6,2.2,71.1,35.3,70.5
2026-07-24 20:00:00,RJPN-011-2,RJPN-011,Band 1 (2100MHz),-84.5,-12.1,20.0,60.9,44.9,106.5
2026-07-24 20:00:00,RJPN-011-3,RJPN-011,Band 1 (2100MHz),-83.7,-13.1,10.7,76.7,22.3,116.9
2026-07-24 21:00:00,RJPN-001-1,RJPN-001,Band 1 (2100MHz),-86.9,-10.3,13.1,13.1,13.2,18.0
2026-07-24 21:00:00,RJPN-001-2,RJPN-001,Band 1 (2100MHz),-81.7,-7.9,11.0,23.6,8.1,67.0
2026-07-24 21:00:00,RJPN-001-3,RJPN-001,Band 1 (2100MHz),-97.1,-7.5,12.9,28.6,10.2,31.4
2026-07-24 21:00:00,RJPN-002-1,RJPN-002,Band 3 (1800MHz),-105.9,-14.2,5.5,16.1,16.0,0.0
2026-07-24 21:00:00,RJPN-002-2,RJPN-002,Band 3 (1800MHz),-84.7,-5.6,10.7,8.2,0.0,21.6
2026-07-24 21:00:00,RJPN-002-3,RJPN-002,Band 3 (1800MHz),-89.2,-10.1,4.7,2.4,0.0,22.5
2026-07-24 21:00:00,RJPN-003-1,RJPN-003,Band 1 (2100MHz),-85.0,-9.5,16.5,18.3,18.1,61.2
2026-07-24 21:00:00,RJPN-003-2,RJPN-003,Band 1 (2100MHz),-84.7,-9.3,12.4,9.1,12.8,52.7
2026-07-24 21:00:00,RJPN-003-3,RJPN-003,Band 1 (2100MHz),-92.1,-13.7,9.9,21.9,0.0,47.8
2026-07-24 21:00:00,RJPN-004-1,RJPN-004,Band 3 (1800MHz),-84.5,-9.5,7.5,11.5,16.1,9.7
2026-07-24 21:00:00,RJPN-004-2,RJPN-004,Band 3 (1800MHz),-83.3,-8.6,16.1,1.0,13.8,65.1
2026-07-24 21:00:00,RJPN-004-3,RJPN-004,Band 3 (1800MHz),-89.7,-8.5,5.4,6.3,0.0,46.3
2026-07-24 21:00:00,RJPN-005-1,RJPN-005,Band 1 (2100MHz),-83.1,-8.3,15.3,16.8,12.0,34.4
2026-07-24 21:00:00,RJPN-005-2,RJPN-005,Band 1 (2100MHz),-94.7,-8.9,22.5,9.3,14.3,15.8
2026-07-24 21:00:00,RJPN-005-3,RJPN-005,Band 1 (2100MHz),-86.9,-9.1,13.8,18.1,3.1,32.1
2026-07-24 21:00:00,RJPN-006-1,RJPN-006,Band 3 (1800MHz),-80.7,-9.5,9.5,6.3,1.5,40.2
2026-07-24 21:00:00,RJPN-006-2,RJPN-006,Band 3 (1800MHz),-85.4,-10.5,11.7,12.0,0.2,3.4
2026-07-24 21:00:00,RJPN-006-3,RJPN-006,Band 3 (1800MHz),-85.3,-8.8,10.8,31.9,13.9,50.1
2026-07-24 21:00:00,RJPN-007-1,RJPN-007,Band 1 (2100MHz),-88.8,-10.2,27.2,19.5,10.4,6.8
2026-07-24 21:00:00,RJPN-007-2,RJPN-007,Band 1 (2100MHz),-90.3,-5.7,7.6,6.3,8.1,43.1
2026-07-24 21:00:00,RJPN-007-3,RJPN-007,Band 1 (2100MHz),-90.4,-7.6,8.7,36.5,3.7,22.2
2026-07-24 21:00:00,RJPN-008-1,RJPN-008,Band 3 (1800MHz),-91.7,-10.9,16.8,8.5,6.4,53.1
2026-07-24 21:00:00,RJPN-008-2,RJPN-008,Band 3 (1800MHz),-90.2,-10.5,19.1,26.6,9.7,39.0
2026-07-24 21:00:00,RJPN-008-3,RJPN-008,Band 3 (1800MHz),-91.1,-7.8,16.1,25.7,10.5,35.3
2026-07-24 21:00:00,RJPN-009-1,RJPN-009,Band 1 (2100MHz),-92.5,-12.2,16.4,27.1,14.7,24.1
2026-07-24 21:00:00,RJPN-009-2,RJPN-009,Band 1 (2100MHz),-88.4,-7.2,8.9,10.5,18.3,24.0
2026-07-24 21:00:00,RJPN-009-3,RJPN-009,Band 1 (2100MHz),-85.8,-7.6,8.6,28.6,26.4,0.0
2026-07-24 21:00:00,RJPN-010-1,RJPN-010,Band 3 (1800MHz),-83.7,-4.5,15.5,14.4,8.9,64.5
2026-07-24 21:00:00,RJPN-010-2,RJPN-010,Band 3 (1800MHz),-86.9,-8.7,6.2,22.2,30.8,14.1
2026-07-24 21:00:00,RJPN-010-3,RJPN-010,Band 3 (1800MHz),-97.0,-16.3,6.9,38.1,20.4,45.8
2026-07-24 21:00:00,RJPN-011-1,RJPN-011,Band 1 (2100MHz),-100.5,-14.1,9.2,13.6,24.5,30.6
2026-07-24 21:00:00,RJPN-011-2,RJPN-011,Band 1 (2100MHz),-89.2,-6.4,16.6,16.0,11.3,15.9
2026-07-24 21:00:00,RJPN-011-3,RJPN-011,Band 1 (2100MHz),-86.8,-7.8,16.0,18.0,14.6,0.0
2026-07-24 22:00:00,RJPN-001-1,RJPN-001,Band 1 (2100MHz),-86.1,-8.1,13.3,15.9,7.3,23.3
2026-07-24 22:00:00,RJPN-001-2,RJPN-001,Band 1 (2100MHz),-86.6,-9.2,17.3,0.0,0.0,3.0
2026-07-24 22:00:00,RJPN-001-3,RJPN-001,Band 1 (2100MHz),-90.7,-10.5,16.2,0.0,0.0,52.4
2026-07-24 22:00:00,RJPN-002-1,RJPN-002,Band 3 (1800MHz),-96.3,-13.9,-0.1,0.6,6.0,3.4
2026-07-24 22:00:00,RJPN-002-2,RJPN-002,Band 3 (1800MHz),-87.0,-8.0,15.1,14.2,19.1,29.7
2026-07-24 22:00:00,RJPN-002-3,RJPN-002,Band 3 (1800MHz),-87.7,-11.9,16.7,4.2,0.6,27.8
2026-07-24 22:00:00,RJPN-003-1,RJPN-003,Band 1 (2100MHz),-100.8,-6.0,7.5,21.4,12.7,25.1
2026-07-24 22:00:00,RJPN-003-2,RJPN-003,Band 1 (2100MHz),-89.1,-8.1,4.9,9.0,17.9,0.9
2026-07-24 22:00:00,RJPN-003-3,RJPN-003,Band 1 (2100MHz),-87.8,-10.4,14.4,27.0,1.5,22.0
2026-07-24 22:00:00,RJPN-004-1,RJPN-004,Band 3 (1800MHz),-91.8,-10.6,19.9,7.6,1.4,15.6
2026-07-24 22:00:00,RJPN-004-2,RJPN-004,Band 3 (1800MHz),-87.3,-3.2,16.2,1.7,8.2,36.7
2026-07-24 22:00:00,RJPN-004-3,RJPN-004,Band 3 (1800MHz),-87.3,-8.1,9.0,11.7,3.5,2.7
2026-07-24 22:00:00,RJPN-005-1,RJPN-005,Band 1 (2100MHz),-85.9,-11.3,26.7,11.6,3.4,2.9
2026-07-24 22:00:00,RJPN-005-2,RJPN-005,Band 1 (2100MHz),-88.4,-4.6,6.9,23.1,0.0,21.4
2026-07-24 22:00:00,RJPN-005-3,RJPN-005,Band 1 (2100MHz),-80.5,-6.2,11.5,19.4,9.0,0.0
2026-07-24 22:00:00,RJPN-006-1,RJPN-006,Band 3 (1800MHz),-86.6,-8.1,20.4,0.0,0.0,36.7
2026-07-24 22:00:00,RJPN-006-2,RJPN-006,Band 3 (1800MHz),-88.1,-10.4,12.4,6.1,0.0,12.3
2026-07-24 22:00:00,RJPN-006-3,RJPN-006,Band 3 (1800MHz),-86.6,-9.6,12.1,0.0,10.5,22.7
2026-07-24 22:00:00,RJPN-007-1,RJPN-007,Band 1 (2100MHz),-95.6,-7.4,15.5,8.6,3.6,28.7
2026-07-24 22:00:00,RJPN-007-2,RJPN-007,Band 1 (2100MHz),-83.6,-8.1,11.0,38.0,12.1,12.9
2026-07-24 22:00:00,RJPN-007-3,RJPN-007,Band 1 (2100MHz),-84.4,-9.2,9.0,9.8,3.5,21.1
2026-07-24 22:00:00,RJPN-008-1,RJPN-008,Band 3 (1800MHz),-94.6,-8.2,12.9,0.0,5.9,0.0
2026-07-24 22:00:00,RJPN-008-2,RJPN-008,Band 3 (1800MHz),-81.6,-5.9,10.8,10.4,14.3,0.0
2026-07-24 22:00:00,RJPN-008-3,RJPN-008,Band 3 (1800MHz),-85.1,-8.0,18.7,0.0,0.0,12.1
2026-07-24 22:00:00,RJPN-009-1,RJPN-009,Band 1 (2100MHz),-85.7,-7.4,17.7,24.8,6.7,14.7
2026-07-24 22:00:00,RJPN-009-2,RJPN-009,Band 1 (2100MHz),-86.5,-9.0,20.0,0.8,0.0,0.0
2026-07-24 22:00:00,RJPN-009-3,RJPN-009,Band 1 (2100MHz),-88.4,-10.2,12.7,0.0,0.0,0.0
2026-07-24 22:00:00,RJPN-010-1,RJPN-010,Band 3 (1800MHz),-91.4,-7.3,12.7,12.3,11.7,25.8
2026-07-24 22:00:00,RJPN-010-2,RJPN-010,Band 3 (1800MHz),-94.6,-8.3,6.0,8.8,6.4,43.4
2026-07-24 22:00:00,RJPN-010-3,RJPN-010,Band 3 (1800MHz),-103.8,-11.8,7.1,9.6,0.0,17.2
2026-07-24 22:00:00,RJPN-011-1,RJPN-011,Band 1 (2100MHz),-101.0,-16.8,-4.1,0.0,0.0,26.5
2026-07-24 22:00:00,RJPN-011-2,RJPN-011,Band 1 (2100MHz),-85.4,-6.7,19.0,7.3,3.2,35.8
2026-07-24 22:00:00,RJPN-011-3,RJPN-011,Band 1 (2100MHz),-87.4,-9.6,19.4,0.0,0.0,0.0
2026-07-24 23:00:00,RJPN-001-1,RJPN-001,Band 1 (2100MHz),-87.8,-8.2,19.9,14.0,0.0,35.2
2026-07-24 23:00:00,RJPN-001-2,RJPN-001,Band 1 (2100MHz),-88.8,-6.0,22.8,30.9,0.0,22.2
2026-07-24 23:00:00,RJPN-001-3,RJPN-001,Band 1 (2100MHz),-89.8,-5.4,8.5,0.0,0.0,45.1
2026-07-24 23:00:00,RJPN-002-1,RJPN-002,Band 3 (1800MHz),-95.7,-14.6,4.0,0.0,0.0,36.6
2026-07-24 23:00:00,RJPN-002-2,RJPN-002,Band 3 (1800MHz),-84.3,-7.2,12.2,0.0,18.6,17.4
2026-07-24 23:00:00,RJPN-002-3,RJPN-002,Band 3 (1800MHz),-81.5,-8.9,18.9,25.5,10.2,16.8
2026-07-24 23:00:00,RJPN-003-1,RJPN-003,Band 1 (2100MHz),-93.2,-7.9,8.4,0.0,18.4,65.7
2026-07-24 23:00:00,RJPN-003-2,RJPN-003,Band 1 (2100MHz),-87.3,-11.1,6.5,11.9,0.0,2.5
2026-07-24 23:00:00,RJPN-003-3,RJPN-003,Band 1 (2100MHz),-83.9,-13.8,11.9,7.6,18.2,1.0
2026-07-24 23:00:00,RJPN-004-1,RJPN-004,Band 3 (1800MHz),-90.3,-9.5,5.7,17.8,6.6,16.5
2026-07-24 23:00:00,RJPN-004-2,RJPN-004,Band 3 (1800MHz),-80.4,-5.5,18.7,16.2,9.9,0.0
2026-07-24 23:00:00,RJPN-004-3,RJPN-004,Band 3 (1800MHz),-83.5,-11.5,14.0,10.8,0.0,24.7
2026-07-24 23:00:00,RJPN-005-1,RJPN-005,Band 1 (2100MHz),-81.1,-8.2,16.6,1.2,0.0,20.1
2026-07-24 23:00:00,RJPN-005-2,RJPN-005,Band 1 (2100MHz),-91.9,-5.6,9.3,7.8,14.9,25.9
2026-07-24 23:00:00,RJPN-005-3,RJPN-005,Band 1 (2100MHz),-85.3,-6.8,19.1,8.3,0.0,15.4
2026-07-24 23:00:00,RJPN-006-1,RJPN-006,Band 3 (1800MHz),-89.1,-4.0,18.2,18.1,0.0,16.5
2026-07-24 23:00:00,RJPN-006-2,RJPN-006,Band 3 (1800MHz),-85.5,-10.5,19.6,13.7,11.1,15.9
2026-07-24 23:00:00,RJPN-006-3,RJPN-006,Band 3 (1800MHz),-86.1,-7.1,10.5,33.3,14.7,0.0
2026-07-24 23:00:00,RJPN-007-1,RJPN-007,Band 1 (2100MHz),-83.2,-7.7,8.6,2.0,22.5,33.3
2026-07-24 23:00:00,RJPN-007-2,RJPN-007,Band 1 (2100MHz),-90.5,-8.7,13.0,6.1,11.9,24.2
2026-07-24 23:00:00,RJPN-007-3,RJPN-007,Band 1 (2100MHz),-88.5,-5.9,-0.7,0.0,11.8,50.4
2026-07-24 23:00:00,RJPN-008-1,RJPN-008,Band 3 (1800MHz),-84.9,-3.4,17.3,8.8,16.4,54.4
2026-07-24 23:00:00,RJPN-008-2,RJPN-008,Band 3 (1800MHz),-89.5,-7.0,11.7,0.0,7.2,8.9
2026-07-24 23:00:00,RJPN-008-3,RJPN-008,Band 3 (1800MHz),-89.1,-10.4,13.0,19.4,25.0,6.6
2026-07-24 23:00:00,RJPN-009-1,RJPN-009,Band 1 (2100MHz),-84.3,-7.9,16.6,1.8,2.9,1.8
2026-07-24 23:00:00,RJPN-009-2,RJPN-009,Band 1 (2100MHz),-82.9,-8.3,13.0,16.2,7.4,9.2
2026-07-24 23:00:00,RJPN-009-3,RJPN-009,Band 1 (2100MHz),-86.5,-7.8,23.9,8.8,12.7,0.0
2026-07-24 23:00:00,RJPN-010-1,RJPN-010,Band 3 (1800MHz),-84.8,-9.6,10.5,1.0,5.6,24.0
2026-07-24 23:00:00,RJPN-010-2,RJPN-010,Band 3 (1800MHz),-92.9,-6.3,8.9,0.0,1.9,0.0
2026-07-24 23:00:00,RJPN-010-3,RJPN-010,Band 3 (1800MHz),-105.5,-10.0,9.2,8.8,0.0,0.0
2026-07-24 23:00:00,RJPN-011-1,RJPN-011,Band 1 (2100MHz),-102.4,-15.8,8.1,23.2,11.2,53.0
2026-07-24 23:00:00,RJPN-011-2,RJPN-011,Band 1 (2100MHz),-89.4,-9.0,20.9,2.4,18.5,20.4
2026-07-24 23:00:00,RJPN-011-3,RJPN-011,Band 1 (2100MHz),-82.5,-1.4,5.2,0.0,0.0,0.0
