{"type": "FeatureCollection", "features": [{"type": "Feature", "geometry": {"type": "Polygon", "coordinates": [[[139.73209999999926, 35.646499999999925], [139.73269999999928, 35.646499999999925], [139.73269999999928, 35.64709999999993], [139.73209999999926, 35.64709999999993], [139.73209999999926, 35.646499999999925]]]}, "properties": {"rsrp_dbm": -117.2, "quality": "very_weak", "band": "n257", "fill": "#ff5252", "fill-opacity": 0.18, "stroke": "#ff5252", "stroke-opacity": 0.3, "stroke-width": 0, "extrude_height": 38.4, "building_height": 38.4}}, {"type": "Feature", "geometry": {"type": "Polygon", "coordinates": [[[139.73269999999926, 35.646499999999925], [139.73329999999928, 35.646499999999925], [139.73329999999928, 35.64709999999993], [139.73269999999926, 35.64709999999993], [139.73269999999926, 35.646499999999925]]]}, "properties": {"rsrp_dbm": -117.4, "quality": "very_weak", "band": "n257", "fill": "#ff5252", "fill-opacity": 0.18, "stroke": "#ff5252", "stroke-opacity": 0.3, "stroke-width": 0, "extrude_height": 60.8, "building_height": 60.8}}, {"type": "Feature", "geometry": {"type": "Polygon", "coordinates": [[[139.73329999999925, 35.646499999999925], [139.73389999999927, 35.646499999999925], [139.73389999999927, 35.64709999999993], [139.73329999999925, 35.64709999999993], [139.73329999999925, 35.646499999999925]]]}, "properties": {"rsrp_dbm": -117.6, "quality": "very_weak", "band": "n257", "fill": "#ff5252", "fill-opacity": 0.18, "stroke": "#ff5252", "stroke-opacity": 0.3, "stroke-width": 0, "extrude_height": 60.8, "building_height": 60.8}}, {"type": "Feature", "geometry": {"type": "Polygon", "coordinates": [[[139.73809999999918, 35.646499999999925], [139.7386999999992, 35.646499999999925], [139.7386999999992, 35.64709999999993], [139.73809999999918, 35.64709999999993], [139.73809999999918, 35.646499999999925]]]}, "properties": {"rsrp_dbm": -118.7, "quality": "very_weak", "band": "n257", "fill": "#ff5252", "fill-opacity": 0.18, "stroke": "#ff5252", "stroke-opacity": 0.3, "stroke-width": 0, "extrude_height": 79.4, "building_height": 79.4}}, {"type": "Feature", "geometry": {"type": "Polygon", "coordinates": [[[139.73929999999916, 35.646499999999925], [139.73989999999918, 35.646499999999925], [139.73989999999918, 35.64709999999993], [139.73929999999916, 35.64709999999993], [139.73929999999916, 35.646499999999925]]]}, "properties": {"rsrp_dbm": -118.0, "quality": "very_weak", "band": "n257", "fill": "#ff5252", "fill-opacity": 0.18, "stroke": "#ff5252", "stroke-opacity": 0.3, "stroke-width": 0, "extrude_height": 19.2, "building_height": 19.2}}, {"type": "Feature", "geometry": {"type": "Polygon", "coordinates": [[[139.7296999999993, 35.647099999999924], [139.73029999999932, 35.647099999999924], [139.73029999999932, 35.64769999999993], [139.7296999999993, 35.64769999999993], [139.7296999999993, 35.647099999999924]]]}, "properties": {"rsrp_dbm": -116.2, "quality": "very_weak", "band": "n257", "fill": "#ff5252", "fill-opacity": 0.18, "stroke": "#ff5252", "stroke-opacity": 0.3, "stroke-width": 0, "extrude_height": 38.4, "building_height": 38.4}}, {"type": "Feature", "geometry": {"type": "Polygon", "coordinates": [[[139.73269999999926, 35.647099999999924], [139.73329999999928, 35.647099999999924], [139.73329999999928, 35.64769999999993], [139.73269999999926, 35.64769999999993], [139.73269999999926, 35.647099999999924]]]}, "properties": {"rsrp_dbm": -116.5, "quality": "very_weak", "band": "n257", "fill": "#ff5252", "fill-opacity": 0.18, "stroke": "#ff5252", "stroke-opacity": 0.3, "stroke-width": 0, "extrude_height": 60.8, "building_height": 60.8}}, {"type": "Feature", "geometry": {"type": "Polygon", "coordinates": [[[139.73329999999925, 35.647099999999924], [139.73389999999927, 35.647099999999924], [139.73389999999927, 35.64769999999993], [139.73329999999925, 35.64769999999993], [139.73329999999925, 35.647099999999924]]]}, "properties": {"rsrp_dbm": -116.7, "quality": "very_weak", "band": "n257", "fill": "#ff5252", "fill-opacity": 0.18, "stroke": "#ff5252", "stroke-opacity": 0.3, "stroke-width": 0, "extrude_height": 60.8, "building_height": 60.8}}, {"type": "Feature", "geometry": {"type": "Polygon", "coordinates": [[[139.73389999999924, 35.647099999999924], [139.73449999999926, 35.647099999999924], [139.73449999999926, 35.64769999999993], [139.73389999999924, 35.64769999999993], [139.73389999999924, 35.647099999999924]]]}, "properties": {"rsrp_dbm": -117.0, "quality": "very_weak", "band": "n257", "fill": "#ff5252", "fill-opacity": 0.18, "stroke": "#ff5252", "stroke-opacity": 0.3, "stroke-width": 0, "extrude_height": 60.8, "building_height": 60.8}}, {"type": "Feature", "geometry": {"type": "Polygon", "coordinates": [[[139.73809999999918, 35.647099999999924], [139.7386999999992, 35.647099999999924], [139.7386999999992, 35.64769999999993], [139.73809999999918, 35.64769999999993], [139.73809999999918, 35.647099999999924]]]}, "properties": {"rsrp_dbm": -117.9, "quality": "very_weak", "band": "n257", "fill": "#ff5252", "fill-opacity": 0.18, "stroke": "#ff5252", "stroke-opacity": 0.3, "stroke-width": 0, "extrude_height": 79.4, "building_height": 79.4}}, {"type": "Feature", "geometry": {"type": "Polygon", "coordinates": [[[139.73929999999916, 35.647099999999924], [139.73989999999918, 35.647099999999924], [139.73989999999918, 35.64769999999993], [139.73929999999916, 35.64769999999993], [139.73929999999916, 35.647099999999924]]]}, "properties": {"rsrp_dbm": -117.1, "quality": "very_weak", "band": "n257", "fill": "#ff5252", "fill-opacity": 0.18, "stroke": "#ff5252", "stroke-opacity": 0.3, "stroke-width": 0, "extrude_height": 19.2, "building_height": 19.2}}, {"type": "Feature", "geometry": {"type": "Polygon", "coordinates": [[[139.72849999999931, 35.64769999999992], [139.72909999999933, 35.64769999999992], [139.72909999999933, 35.64829999999993], [139.72849999999931, 35.64829999999993], [139.72849999999931, 35.64769999999992]]]}, "properties": {"rsrp_dbm": -115.6, "quality": "very_weak", "band": "n257", "fill": "#ff5252", "fill-opacity": 0.18, "stroke": "#ff5252", "stroke-opacity": 0.3, "stroke-width": 0, "extrude_height": 32.0, "building_height": 32.0}}, {"type": "Feature", "geometry": {"type": "Polygon", "coordinates": [[[139.7290999999993, 35.64769999999992], [139.72969999999933, 35.64769999999992], [139.72969999999933, 35.64829999999993], [139.7290999999993, 35.64829999999993], [139.7290999999993, 35.64769999999992]]]}, "properties": {"rsrp_dbm": -115.4, "quality": "very_weak", "band": "n257", "fill": "#ff5252", "fill-opacity": 0.18, "stroke": "#ff5252", "stroke-opacity": 0.3, "stroke-width": 0, "extrude_height": 25.6, "building_height": 25.6}}, {"type": "Feature", "geometry": {"type": "Polygon", "coordinates": [[[139.7296999999993, 35.64769999999992], [139.73029999999932, 35.64769999999992], [139.73029999999932, 35.64829999999993], [139.7296999999993, 35.64829999999993], [139.7296999999993, 35.64769999999992]]]}, "properties": {"rsrp_dbm": -115.3, "quality": "very_weak", "band": "n257", "fill": "#ff5252", "fill-opacity": 0.18, "stroke": "#ff5252", "stroke-opacity": 0.3, "stroke-width": 0, "extrude_height": 38.4, "building_height": 38.4}}, {"type": "Feature", "geometry": {"type": "Polygon", "coordinates": [[[139.7302999999993, 35.64769999999992], [139.7308999999993, 35.64769999999992], [139.7308999999993, 35.64829999999993], [139.7302999999993, 35.64829999999993], [139.7302999999993, 35.64769999999992]]]}, "properties": {"rsrp_dbm": -115.3, "quality": "very_weak", "band": "n257", "fill": "#ff5252", "fill-opacity": 0.18, "stroke": "#ff5252", "stroke-opacity": 0.3, "stroke-width": 0, "extrude_height": 38.4, "building_height": 38.4}}, {"type": "Feature", "geometry": {"type": "Polygon", "coordinates": [[[139.73089999999928, 35.64769999999992], [139.7314999999993, 35.64769999999992], [139.7314999999993, 35.64829999999993], [139.73089999999928, 35.64829999999993], [139.73089999999928, 35.64769999999992]]]}, "properties": {"rsrp_dbm": -115.2, "quality": "very_weak", "band": "n257", "fill": "#ff5252", "fill-opacity": 0.18, "stroke": "#ff5252", "stroke-opacity": 0.3, "stroke-width": 0, "extrude_height": 38.4, "building_height": 38.4}}, {"type": "Feature", "geometry": {"type": "Polygon", "coordinates": [[[139.73149999999927, 35.64769999999992], [139.7320999999993, 35.64769999999992], [139.7320999999993, 35.64829999999993], [139.73149999999927, 35.64829999999993], [139.73149999999927, 35.64769999999992]]]}, "properties": {"rsrp_dbm": -115.3, "quality": "very_weak", "band": "n257", "fill": "#ff5252", "fill-opacity": 0.18, "stroke": "#ff5252", "stroke-opacity": 0.3, "stroke-width": 0, "extrude_height": 38.4, "building_height": 38.4}}, {"type": "Feature", "geometry": {"type": "Polygon", "coordinates": [[[139.73209999999926, 35.64769999999992], [139.73269999999928, 35.64769999999992], [139.73269999999928, 35.64829999999993], [139.73209999999926, 35.64829999999993], [139.73209999999926, 35.64769999999992]]]}, "properties": {"rsrp_dbm": -115.4, "quality": "very_weak", "band": "n257", "fill": "#ff5252", "fill-opacity": 0.18, "stroke": "#ff5252", "stroke-opacity": 0.3, "stroke-width": 0, "extrude_height": 38.4, "building_height": 38.4}}, {"type": "Feature", "geometry": {"type": "Polygon", "coordinates": [[[139.73269999999926, 35.64769999999992], [139.73329999999928, 35.64769999999992], [139.73329999999928, 35.64829999999993], [139.73269999999926, 35.64829999999993], [139.73269999999926, 35.64769999999992]]]}, "properties": {"rsrp_dbm": -115.5, "quality": "very_weak", "band": "n257", "fill": "#ff5252", "fill-opacity": 0.18, "stroke": "#ff5252", "stroke-opacity": 0.3, "stroke-width": 0, "extrude_height": 38.4, "building_height": 38.4}}, {"type": "Feature", "geometry": {"type": "Polygon", "coordinates": [[[139.73329999999925, 35.64769999999992], [139.73389999999927, 35.64769999999992], [139.73389999999927, 35.64829999999993], [139.73329999999925, 35.64829999999993], [139.73329999999925, 35.64769999999992]]]}, "properties": {"rsrp_dbm": -115.7, "quality": "very_weak", "band": "n257", "fill": "#ff5252", "fill-opacity": 0.18, "stroke": "#ff5252", "stroke-opacity": 0.3, "stroke-width": 0, "extrude_height": 35.2, "building_height": 35.2}}, {"type": "Feature", "geometry": {"type": "Polygon", "coordinates": [[[139.73389999999924, 35.64769999999992], [139.73449999999926, 35.64769999999992], [139.73449999999926, 35.64829999999993], [139.73389999999924, 35.64829999999993], [139.73389999999924, 35.64769999999992]]]}, "properties": {"rsrp_dbm": -116.0, "quality": "very_weak", "band": "n257", "fill": "#ff5252", "fill-opacity": 0.18, "stroke": "#ff5252", "stroke-opacity": 0.3, "stroke-width": 0, "extrude_height": 38.4, "building_height": 38.4}}, {"type": "Feature", "geometry": {"type": "Polygon", "coordinates": [[[139.7356999999992, 35.64769999999992], [139.73629999999923, 35.64769999999992], [139.73629999999923, 35.64829999999993], [139.7356999999992, 35.64829999999993], [139.7356999999992, 35.64769999999992]]]}, "properties": {"rsrp_dbm": -117.3, "quality": "very_weak", "band": "n257", "fill": "#ff5252", "fill-opacity": 0.18, "stroke": "#ff5252", "stroke-opacity": 0.3, "stroke-width": 0, "extrude_height": 41.6, "building_height": 41.6}}, {"type": "Feature", "geometry": {"type": "Polygon", "coordinates": [[[139.7362999999992, 35.64769999999992], [139.73689999999922, 35.64769999999992], [139.73689999999922, 35.64829999999993], [139.7362999999992, 35.64829999999993], [139.7362999999992, 35.64769999999992]]]}, "properties": {"rsrp_dbm": -117.8, "quality": "very_weak", "band": "n257", "fill": "#ff5252", "fill-opacity": 0.18, "stroke": "#ff5252", "stroke-opacity": 0.3, "stroke-width": 0, "extrude_height": 41.6, "building_height": 41.6}}, {"type": "Feature", "geometry": {"type": "Polygon", "coordinates": [[[139.7374999999992, 35.64769999999992], [139.7380999999992, 35.64769999999992], [139.7380999999992, 35.64829999999993], [139.7374999999992, 35.64829999999993], [139.7374999999992, 35.64769999999992]]]}, "properties": {"rsrp_dbm": -117.4, "quality": "very_weak", "band": "n257", "fill": "#ff5252", "fill-opacity": 0.18, "stroke": "#ff5252", "stroke-opacity": 0.3, "stroke-width": 0, "extrude_height": 79.4, "building_height": 79.4}}, {"type": "Feature", "geometry": {"type": "Polygon", "coordinates": [[[139.73809999999918, 35.64769999999992], [139.7386999999992, 35.64769999999992], [139.7386999999992, 35.64829999999993], [139.73809999999918, 35.64829999999993], [139.73809999999918, 35.64769999999992]]]}, "properties": {"rsrp_dbm": -116.9, "quality": "very_weak", "band": "n257", "fill": "#ff5252", "fill-opacity": 0.18, "stroke": "#ff5252", "stroke-opacity": 0.3, "stroke-width": 0, "extrude_height": 79.4, "building_height": 79.4}}, {"type": "Feature", "geometry": {"type": "Polygon", "coordinates": [[[139.73869999999917, 35.64769999999992], [139.7392999999992, 35.64769999999992], [139.7392999999992, 35.64829999999993], [139.73869999999917, 35.64829999999993], [139.73869999999917, 35.64769999999992]]]}, "properties": {"rsrp_dbm": -116.5, "quality": "very_weak", "band": "n257", "fill": "#ff5252", "fill-opacity": 0.18, "stroke": "#ff5252", "stroke-opacity": 0.3, "stroke-width": 0, "extrude_height": 79.4, "building_height": 79.4}}, {"type": "Feature", "geometry": {"type": "Polygon", "coordinates": [[[139.73929999999916, 35.64769999999992], [139.73989999999918, 35.64769999999992], [139.73989999999918, 35.64829999999993], [139.73929999999916, 35.64829999999993], [139.73929999999916, 35.64769999999992]]]}, "properties": {"rsrp_dbm": -116.1, "quality": "very_weak", "band": "n257", "fill": "#ff5252", "fill-opacity": 0.18, "stroke": "#ff5252", "stroke-opacity": 0.3, "stroke-width": 0, "extrude_height": 19.2, "building_height": 19.2}}, {"type": "Feature", "geometry": {"type": "Polygon", "coordinates": [[[139.7296999999993, 35.64829999999992], [139.73029999999932, 35.64829999999992], [139.73029999999932, 35.64889999999993], [139.7296999999993, 35.64889999999993], [139.7296999999993, 35.64829999999992]]]}, "properties": {"rsrp_dbm": -114.5, "quality": "weak", "band": "n257", "fill": "#ff9800", "fill-opacity": 0.18, "stroke": "#ff9800", "stroke-opacity": 0.3, "stroke-width": 0, "extrude_height": 38.4, "building_height": 38.4}}, {"type": "Feature", "geometry": {"type": "Polygon", "coordinates": [[[139.7302999999993, 35.64829999999992], [139.7308999999993, 35.64829999999992], [139.7308999999993, 35.64889999999993], [139.7302999999993, 35.64889999999993], [139.7302999999993, 35.64829999999992]]]}, "properties": {"rsrp_dbm": -114.4, "quality": "weak", "band": "n257", "fill": "#ff9800", "fill-opacity": 0.18, "stroke": "#ff9800", "stroke-opacity": 0.3, "stroke-width": 0, "extrude_height": 38.4, "building_height": 38.4}}, {"type": "Feature", "geometry": {"type": "Polygon", "coordinates": [[[139.73089999999928, 35.64829999999992], [139.7314999999993, 35.64829999999992], [139.7314999999993, 35.64889999999993], [139.73089999999928, 35.64889999999993], [139.73089999999928, 35.64829999999992]]]}, "properties": {"rsrp_dbm": -114.3, "quality": "weak", "band": "n257", "fill": "#ff9800", "fill-opacity": 0.18, "stroke": "#ff9800", "stroke-opacity": 0.3, "stroke-width": 0, "extrude_height": 38.4, "building_height": 38.4}}, {"type": "Feature", "geometry": {"type": "Polygon", "coordinates": [[[139.73149999999927, 35.64829999999992], [139.7320999999993, 35.64829999999992], [139.7320999999993, 35.64889999999993], [139.73149999999927, 35.64889999999993], [139.73149999999927, 35.64829999999992]]]}, "properties": {"rsrp_dbm": -114.3, "quality": "weak", "band": "n257", "fill": "#ff9800", "fill-opacity": 0.18, "stroke": "#ff9800", "stroke-opacity": 0.3, "stroke-width": 0, "extrude_height": 38.4, "building_height": 38.4}}, {"type": "Feature", "geometry": {"type": "Polygon", "coordinates": [[[139.73209999999926, 35.64829999999992], [139.73269999999928, 35.64829999999992], [139.73269999999928, 35.64889999999993], [139.73209999999926, 35.64889999999993], [139.73209999999926, 35.64829999999992]]]}, "properties": {"rsrp_dbm": -114.4, "quality": "weak", "band": "n257", "fill": "#ff9800", "fill-opacity": 0.18, "stroke": "#ff9800", "stroke-opacity": 0.3, "stroke-width": 0, "extrude_height": 38.4, "building_height": 38.4}}, {"type": "Feature", "geometry": {"type": "Polygon", "coordinates": [[[139.73269999999926, 35.64829999999992], [139.73329999999928, 35.64829999999992], [139.73329999999928, 35.64889999999993], [139.73269999999926, 35.64889999999993], [139.73269999999926, 35.64829999999992]]]}, "properties": {"rsrp_dbm": -114.6, "quality": "weak", "band": "n257", "fill": "#ff9800", "fill-opacity": 0.18, "stroke": "#ff9800", "stroke-opacity": 0.3, "stroke-width": 0, "extrude_height": 38.4, "building_height": 38.4}}, {"type": "Feature", "geometry": {"type": "Polygon", "coordinates": [[[139.73389999999924, 35.64829999999992], [139.73449999999926, 35.64829999999992], [139.73449999999926, 35.64889999999993], [139.73389999999924, 35.64889999999993], [139.73389999999924, 35.64829999999992]]]}, "properties": {"rsrp_dbm": -115.0, "quality": "very_weak", "band": "n257", "fill": "#ff5252", "fill-opacity": 0.18, "stroke": "#ff5252", "stroke-opacity": 0.3, "stroke-width": 0, "extrude_height": 22.4, "building_height": 22.4}}, {"type": "Feature", "geometry": {"type": "Polygon", "coordinates": [[[139.73449999999923, 35.64829999999992], [139.73509999999925, 35.64829999999992], [139.73509999999925, 35.64889999999993], [139.73449999999923, 35.64889999999993], [139.73449999999923, 35.64829999999992]]]}, "properties": {"rsrp_dbm": -115.4, "quality": "very_weak", "band": "n257", "fill": "#ff5252", "fill-opacity": 0.18, "stroke": "#ff5252", "stroke-opacity": 0.3, "stroke-width": 0, "extrude_height": 30.0, "building_height": 30.0}}, {"type": "Feature", "geometry": {"type": "Polygon", "coordinates": [[[139.73509999999922, 35.64829999999992], [139.73569999999924, 35.64829999999992], [139.73569999999924, 35.64889999999993], [139.73509999999922, 35.64889999999993], [139.73509999999922, 35.64829999999992]]]}, "properties": {"rsrp_dbm": -115.8, "quality": "very_weak", "band": "n257", "fill": "#ff5252", "fill-opacity": 0.18, "stroke": "#ff5252", "stroke-opacity": 0.3, "stroke-width": 0, "extrude_height": 30.0, "building_height": 30.0}}, {"type": "Feature", "geometry": {"type": "Polygon", "coordinates": [[[139.7356999999992, 35.64829999999992], [139.73629999999923, 35.64829999999992], [139.73629999999923, 35.64889999999993], [139.7356999999992, 35.64889999999993], [139.7356999999992, 35.64829999999992]]]}, "properties": {"rsrp_dbm": -116.3, "quality": "very_weak", "band": "n257", "fill": "#ff5252", "fill-opacity": 0.18, "stroke": "#ff5252", "stroke-opacity": 0.3, "stroke-width": 0, "extrude_height": 30.0, "building_height": 30.0}}, {"type": "Feature", "geometry": {"type": "Polygon", "coordinates": [[[139.7362999999992, 35.64829999999992], [139.73689999999922, 35.64829999999992], [139.73689999999922, 35.64889999999993], [139.7362999999992, 35.64889999999993], [139.7362999999992, 35.64829999999992]]]}, "properties": {"rsrp_dbm": -124.0, "quality": "very_weak", "band": "n257", "fill": "#ff5252", "fill-opacity": 0.18, "stroke": "#ff5252", "stroke-opacity": 0.3, "stroke-width": 0, "extrude_height": 30.0, "building_height": 30.0}}, {"type": "Feature", "geometry": {"type": "Polygon", "coordinates": [[[139.7374999999992, 35.64829999999992], [139.7380999999992, 35.64829999999992], [139.7380999999992, 35.64889999999993], [139.7374999999992, 35.64889999999993], [139.7374999999992, 35.64829999999992]]]}, "properties": {"rsrp_dbm": -123.7, "quality": "very_weak", "band": "n257", "fill": "#ff5252", "fill-opacity": 0.18, "stroke": "#ff5252", "stroke-opacity": 0.3, "stroke-width": 0, "extrude_height": 79.4, "building_height": 79.4}}, {"type": "Feature", "geometry": {"type": "Polygon", "coordinates": [[[139.73809999999918, 35.64829999999992], [139.7386999999992, 35.64829999999992], [139.7386999999992, 35.64889999999993], [139.73809999999918, 35.64889999999993], [139.73809999999918, 35.64829999999992]]]}, "properties": {"rsrp_dbm": -122.7, "quality": "very_weak", "band": "n257", "fill": "#ff5252", "fill-opacity": 0.18, "stroke": "#ff5252", "stroke-opacity": 0.3, "stroke-width": 0, "extrude_height": 79.4, "building_height": 79.4}}, {"type": "Feature", "geometry": {"type": "Polygon", "coordinates": [[[139.73869999999917, 35.64829999999992], [139.7392999999992, 35.64829999999992], [139.7392999999992, 35.64889999999993], [139.73869999999917, 35.64889999999993], [139.73869999999917, 35.64829999999992]]]}, "properties": {"rsrp_dbm": -123.0, "quality": "very_weak", "band": "n257", "fill": "#ff5252", "fill-opacity": 0.18, "stroke": "#ff5252", "stroke-opacity": 0.3, "stroke-width": 0, "extrude_height": 79.4, "building_height": 79.4}}, {"type": "Feature", "geometry": {"type": "Polygon", "coordinates": [[[139.73929999999916, 35.64829999999992], [139.73989999999918, 35.64829999999992], [139.73989999999918, 35.64889999999993], [139.73929999999916, 35.64889999999993], [139.73929999999916, 35.64829999999992]]]}, "properties": {"rsrp_dbm": -122.0, "quality": "very_weak", "band": "n257", "fill": "#ff5252", "fill-opacity": 0.18, "stroke": "#ff5252", "stroke-opacity": 0.3, "stroke-width": 0, "extrude_height": 19.2, "building_height": 19.2}}, {"type": "Feature", "geometry": {"type": "Polygon", "coordinates": [[[139.73989999999915, 35.64829999999992], [139.74049999999917, 35.64829999999992], [139.74049999999917, 35.64889999999993], [139.73989999999915, 35.64889999999993], [139.73989999999915, 35.64829999999992]]]}, "properties": {"rsrp_dbm": -114.8, "quality": "weak", "band": "n257", "fill": "#ff9800", "fill-opacity": 0.18, "stroke": "#ff9800", "stroke-opacity": 0.3, "stroke-width": 0, "extrude_height": 16.0, "building_height": 16.0}}, {"type": "Feature", "geometry": {"type": "Polygon", "coordinates": [[[139.73389999999924, 35.64889999999992], [139.73449999999926, 35.64889999999992], [139.73449999999926, 35.649499999999925], [139.73389999999924, 35.649499999999925], [139.73389999999924, 35.64889999999992]]]}, "properties": {"rsrp_dbm": -114.0, "quality": "weak", "band": "n257", "fill": "#ff9800", "fill-opacity": 0.18, "stroke": "#ff9800", "stroke-opacity": 0.3, "stroke-width": 0, "extrude_height": 22.4, "building_height": 22.4}}, {"type": "Feature", "geometry": {"type": "Polygon", "coordinates": [[[139.73449999999923, 35.64889999999992], [139.73509999999925, 35.64889999999992], [139.73509999999925, 35.649499999999925], [139.73449999999923, 35.649499999999925], [139.73449999999923, 35.64889999999992]]]}, "properties": {"rsrp_dbm": -114.3, "quality": "weak", "band": "n257", "fill": "#ff9800", "fill-opacity": 0.18, "stroke": "#ff9800", "stroke-opacity": 0.3, "stroke-width": 0, "extrude_height": 22.4, "building_height": 22.4}}, {"type": "Feature", "geometry": {"type": "Polygon", "coordinates": [[[139.73509999999922, 35.64889999999992], [139.73569999999924, 35.64889999999992], [139.73569999999924, 35.649499999999925], [139.73509999999922, 35.649499999999925], [139.73509999999922, 35.64889999999992]]]}, "properties": {"rsrp_dbm": -114.8, "quality": "weak", "band": "n257", "fill": "#ff9800", "fill-opacity": 0.18, "stroke": "#ff9800", "stroke-opacity": 0.3, "stroke-width": 0, "extrude_height": 22.4, "building_height": 22.4}}, {"type": "Feature", "geometry": {"type": "Polygon", "coordinates": [[[139.7356999999992, 35.64889999999992], [139.73629999999923, 35.64889999999992], [139.73629999999923, 35.649499999999925], [139.7356999999992, 35.649499999999925], [139.7356999999992, 35.64889999999992]]]}, "properties": {"rsrp_dbm": -115.3, "quality": "very_weak", "band": "n257", "fill": "#ff5252", "fill-opacity": 0.18, "stroke": "#ff5252", "stroke-opacity": 0.3, "stroke-width": 0, "extrude_height": 41.6, "building_height": 41.6}}, {"type": "Feature", "geometry": {"type": "Polygon", "coordinates": [[[139.7362999999992, 35.64889999999992], [139.73689999999922, 35.64889999999992], [139.73689999999922, 35.649499999999925], [139.7362999999992, 35.649499999999925], [139.7362999999992, 35.64889999999992]]]}, "properties": {"rsrp_dbm": -127.3, "quality": "very_weak", "band": "n257", "fill": "#ff5252", "fill-opacity": 0.18, "stroke": "#ff5252", "stroke-opacity": 0.3, "stroke-width": 0, "extrude_height": 41.6, "building_height": 41.6}}, {"type": "Feature", "geometry": {"type": "Polygon", "coordinates": [[[139.7374999999992, 35.64889999999992], [139.7380999999992, 35.64889999999992], [139.7380999999992, 35.649499999999925], [139.7374999999992, 35.649499999999925], [139.7374999999992, 35.64889999999992]]]}, "properties": {"rsrp_dbm": -126.9, "quality": "very_weak", "band": "n257", "fill": "#ff5252", "fill-opacity": 0.18, "stroke": "#ff5252", "stroke-opacity": 0.3, "stroke-width": 0, "extrude_height": 41.6, "building_height": 41.6}}, {"type": "Feature", "geometry": {"type": "Polygon", "coordinates": [[[139.73869999999917, 35.64889999999992], [139.7392999999992, 35.64889999999992], [139.7392999999992, 35.649499999999925], [139.73869999999917, 35.649499999999925], [139.73869999999917, 35.64889999999992]]]}, "properties": {"rsrp_dbm": -127.7, "quality": "very_weak", "band": "n257", "fill": "#ff5252", "fill-opacity": 0.18, "stroke": "#ff5252", "stroke-opacity": 0.3, "stroke-width": 0, "extrude_height": 16.0, "building_height": 16.0}}, {"type": "Feature", "geometry": {"type": "Polygon", "coordinates": [[[139.73929999999916, 35.64889999999992], [139.73989999999918, 35.64889999999992], [139.73989999999918, 35.649499999999925], [139.73929999999916, 35.649499999999925], [139.73929999999916, 35.64889999999992]]]}, "properties": {"rsrp_dbm": -126.5, "quality": "very_weak", "band": "n257", "fill": "#ff5252", "fill-opacity": 0.18, "stroke": "#ff5252", "stroke-opacity": 0.3, "stroke-width": 0, "extrude_height": 16.0, "building_height": 16.0}}, {"type": "Feature", "geometry": {"type": "Polygon", "coordinates": [[[139.73989999999915, 35.64889999999992], [139.74049999999917, 35.64889999999992], [139.74049999999917, 35.649499999999925], [139.73989999999915, 35.649499999999925], [139.73989999999915, 35.64889999999992]]]}, "properties": {"rsrp_dbm": -125.0, "quality": "very_weak", "band": "n257", "fill": "#ff5252", "fill-opacity": 0.18, "stroke": "#ff5252", "stroke-opacity": 0.3, "stroke-width": 0, "extrude_height": 16.0, "building_height": 16.0}}, {"type": "Feature", "geometry": {"type": "Polygon", "coordinates": [[[139.7356999999992, 35.64949999999992], [139.73629999999923, 35.64949999999992], [139.73629999999923, 35.650099999999924], [139.7356999999992, 35.650099999999924], [139.7356999999992, 35.64949999999992]]]}, "properties": {"rsrp_dbm": -114.2, "quality": "weak", "band": "n257", "fill": "#ff9800", "fill-opacity": 0.18, "stroke": "#ff9800", "stroke-opacity": 0.3, "stroke-width": 0, "extrude_height": 41.6, "building_height": 41.6}}, {"type": "Feature", "geometry": {"type": "Polygon", "coordinates": [[[139.7374999999992, 35.64949999999992], [139.7380999999992, 35.64949999999992], [139.7380999999992, 35.650099999999924], [139.7374999999992, 35.650099999999924], [139.7374999999992, 35.64949999999992]]]}, "properties": {"rsrp_dbm": -129.8, "quality": "very_weak", "band": "n257", "fill": "#ff5252", "fill-opacity": 0.18, "stroke": "#ff5252", "stroke-opacity": 0.3, "stroke-width": 0, "extrude_height": 41.6, "building_height": 41.6}}, {"type": "Feature", "geometry": {"type": "Polygon", "coordinates": [[[139.74769999999904, 35.64949999999992], [139.74829999999906, 35.64949999999992], [139.74829999999906, 35.650099999999924], [139.74769999999904, 35.650099999999924], [139.74769999999904, 35.64949999999992]]]}, "properties": {"rsrp_dbm": -114.9, "quality": "weak", "band": "n257", "fill": "#ff9800", "fill-opacity": 0.18, "stroke": "#ff9800", "stroke-opacity": 0.3, "stroke-width": 0, "extrude_height": 128.0, "building_height": 128.0}}, {"type": "Feature", "geometry": {"type": "Polygon", "coordinates": [[[139.72489999999937, 35.65009999999992], [139.72549999999939, 35.65009999999992], [139.72549999999939, 35.65069999999992], [139.72489999999937, 35.65069999999992], [139.72489999999937, 35.65009999999992]]]}, "properties": {"rsrp_dbm": -114.9, "quality": "weak", "band": "n257", "fill": "#ff9800", "fill-opacity": 0.18, "stroke": "#ff9800", "stroke-opacity": 0.3, "stroke-width": 0, "extrude_height": 32.0, "building_height": 32.0}}, {"type": "Feature", "geometry": {"type": "Polygon", "coordinates": [[[139.7356999999992, 35.65009999999992], [139.73629999999923, 35.65009999999992], [139.73629999999923, 35.65069999999992], [139.7356999999992, 35.65069999999992], [139.7356999999992, 35.65009999999992]]]}, "properties": {"rsrp_dbm": -113.0, "quality": "weak", "band": "n257", "fill": "#ff9800", "fill-opacity": 0.18, "stroke": "#ff9800", "stroke-opacity": 0.3, "stroke-width": 0, "extrude_height": 41.6, "building_height": 41.6}}, {"type": "Feature", "geometry": {"type": "Polygon", "coordinates": [[[139.74709999999905, 35.65009999999992], [139.74769999999907, 35.65009999999992], [139.74769999999907, 35.65069999999992], [139.74709999999905, 35.65069999999992], [139.74709999999905, 35.65009999999992]]]}, "properties": {"rsrp_dbm": -113.8, "quality": "weak", "band": "n257", "fill": "#ff9800", "fill-opacity": 0.18, "stroke": "#ff9800", "stroke-opacity": 0.3, "stroke-width": 0, "extrude_height": 128.0, "building_height": 128.0}}, {"type": "Feature", "geometry": {"type": "Polygon", "coordinates": [[[139.72429999999937, 35.650699999999915], [139.7248999999994, 35.650699999999915], [139.7248999999994, 35.65129999999992], [139.72429999999937, 35.65129999999992], [139.72429999999937, 35.650699999999915]]]}, "properties": {"rsrp_dbm": -114.9, "quality": "weak", "band": "n257", "fill": "#ff9800", "fill-opacity": 0.18, "stroke": "#ff9800", "stroke-opacity": 0.3, "stroke-width": 0, "extrude_height": 32.0, "building_height": 32.0}}, {"type": "Feature", "geometry": {"type": "Polygon", "coordinates": [[[139.72489999999937, 35.650699999999915], [139.72549999999939, 35.650699999999915], [139.72549999999939, 35.65129999999992], [139.72489999999937, 35.65129999999992], [139.72489999999937, 35.650699999999915]]]}, "properties": {"rsrp_dbm": -114.4, "quality": "weak", "band": "n257", "fill": "#ff9800", "fill-opacity": 0.18, "stroke": "#ff9800", "stroke-opacity": 0.3, "stroke-width": 0, "extrude_height": 32.0, "building_height": 32.0}}, {"type": "Feature", "geometry": {"type": "Polygon", "coordinates": [[[139.7356999999992, 35.650699999999915], [139.73629999999923, 35.650699999999915], [139.73629999999923, 35.65129999999992], [139.7356999999992, 35.65129999999992], [139.7356999999992, 35.650699999999915]]]}, "properties": {"rsrp_dbm": -111.8, "quality": "weak", "band": "n257", "fill": "#ff9800", "fill-opacity": 0.18, "stroke": "#ff9800", "stroke-opacity": 0.3, "stroke-width": 0, "extrude_height": 41.6, "building_height": 41.6}}, {"type": "Feature", "geometry": {"type": "Polygon", "coordinates": [[[139.74949999999902, 35.650699999999915], [139.75009999999904, 35.650699999999915], [139.75009999999904, 35.65129999999992], [139.74949999999902, 35.65129999999992], [139.74949999999902, 35.650699999999915]]]}, "properties": {"rsrp_dbm": -115.3, "quality": "very_weak", "band": "n257", "fill": "#ff5252", "fill-opacity": 0.18, "stroke": "#ff5252", "stroke-opacity": 0.3, "stroke-width": 0, "extrude_height": 80.0, "building_height": 80.0}}, {"type": "Feature", "geometry": {"type": "Polygon", "coordinates": [[[139.72369999999938, 35.651299999999914], [139.7242999999994, 35.651299999999914], [139.7242999999994, 35.65189999999992], [139.72369999999938, 35.65189999999992], [139.72369999999938, 35.651299999999914]]]}, "properties": {"rsrp_dbm": -115.1, "quality": "very_weak", "band": "n257", "fill": "#ff5252", "fill-opacity": 0.18, "stroke": "#ff5252", "stroke-opacity": 0.3, "stroke-width": 0, "extrude_height": 32.0, "building_height": 32.0}}, {"type": "Feature", "geometry": {"type": "Polygon", "coordinates": [[[139.72429999999937, 35.651299999999914], [139.7248999999994, 35.651299999999914], [139.7248999999994, 35.65189999999992], [139.72429999999937, 35.65189999999992], [139.72429999999937, 35.651299999999914]]]}, "properties": {"rsrp_dbm": -114.5, "quality": "weak", "band": "n257", "fill": "#ff9800", "fill-opacity": 0.18, "stroke": "#ff9800", "stroke-opacity": 0.3, "stroke-width": 0, "extrude_height": 32.0, "building_height": 32.0}}, {"type": "Feature", "geometry": {"type": "Polygon", "coordinates": [[[139.72489999999937, 35.651299999999914], [139.72549999999939, 35.651299999999914], [139.72549999999939, 35.65189999999992], [139.72489999999937, 35.65189999999992], [139.72489999999937, 35.651299999999914]]]}, "properties": {"rsrp_dbm": -113.9, "quality": "weak", "band": "n257", "fill": "#ff9800", "fill-opacity": 0.18, "stroke": "#ff9800", "stroke-opacity": 0.3, "stroke-width": 0, "extrude_height": 32.0, "building_height": 32.0}}, {"type": "Feature", "geometry": {"type": "Polygon", "coordinates": [[[139.73929999999916, 35.651299999999914], [139.73989999999918, 35.651299999999914], [139.73989999999918, 35.65189999999992], [139.73929999999916, 35.65189999999992], [139.73929999999916, 35.651299999999914]]]}, "properties": {"rsrp_dbm": -109.2, "quality": "weak", "band": "n257", "fill": "#ff9800", "fill-opacity": 0.18, "stroke": "#ff9800", "stroke-opacity": 0.3, "stroke-width": 0, "extrude_height": 25.0, "building_height": 25.0}}, {"type": "Feature", "geometry": {"type": "Polygon", "coordinates": [[[139.72849999999931, 35.65189999999991], [139.72909999999933, 35.65189999999991], [139.72909999999933, 35.65249999999992], [139.72849999999931, 35.65249999999992], [139.72849999999931, 35.65189999999991]]]}, "properties": {"rsrp_dbm": -109.9, "quality": "weak", "band": "n257", "fill": "#ff9800", "fill-opacity": 0.18, "stroke": "#ff9800", "stroke-opacity": 0.3, "stroke-width": 0, "extrude_height": 22.4, "building_height": 22.4}}, {"type": "Feature", "geometry": {"type": "Polygon", "coordinates": [[[139.7296999999993, 35.65189999999991], [139.73029999999932, 35.65189999999991], [139.73029999999932, 35.65249999999992], [139.7296999999993, 35.65249999999992], [139.7296999999993, 35.65189999999991]]]}, "properties": {"rsrp_dbm": -108.9, "quality": "weak", "band": "n257", "fill": "#ff9800", "fill-opacity": 0.18, "stroke": "#ff9800", "stroke-opacity": 0.3, "stroke-width": 0, "extrude_height": 22.4, "building_height": 22.4}}, {"type": "Feature", "geometry": {"type": "Polygon", "coordinates": [[[139.74769999999904, 35.65189999999991], [139.74829999999906, 35.65189999999991], [139.74829999999906, 35.65249999999992], [139.74769999999904, 35.65249999999992], [139.74769999999904, 35.65189999999991]]]}, "properties": {"rsrp_dbm": -112.7, "quality": "weak", "band": "n257", "fill": "#ff9800", "fill-opacity": 0.18, "stroke": "#ff9800", "stroke-opacity": 0.3, "stroke-width": 0, "extrude_height": 60.0, "building_height": 60.0}}, {"type": "Feature", "geometry": {"type": "Polygon", "coordinates": [[[139.7224999999994, 35.65249999999991], [139.72309999999942, 35.65249999999991], [139.72309999999942, 35.65309999999992], [139.7224999999994, 35.65309999999992], [139.7224999999994, 35.65249999999991]]]}, "properties": {"rsrp_dbm": -115.7, "quality": "very_weak", "band": "n257", "fill": "#ff5252", "fill-opacity": 0.18, "stroke": "#ff5252", "stroke-opacity": 0.3, "stroke-width": 0, "extrude_height": 38.4, "building_height": 38.4}}, {"type": "Feature", "geometry": {"type": "Polygon", "coordinates": [[[139.72849999999931, 35.65249999999991], [139.72909999999933, 35.65249999999991], [139.72909999999933, 35.65309999999992], [139.72849999999931, 35.65309999999992], [139.72849999999931, 35.65249999999991]]]}, "properties": {"rsrp_dbm": -109.2, "quality": "weak", "band": "n257", "fill": "#ff9800", "fill-opacity": 0.18, "stroke": "#ff9800", "stroke-opacity": 0.3, "stroke-width": 0, "extrude_height": 22.4, "building_height": 22.4}}, {"type": "Feature", "geometry": {"type": "Polygon", "coordinates": [[[139.7290999999993, 35.65249999999991], [139.72969999999933, 35.65249999999991], [139.72969999999933, 35.65309999999992], [139.7290999999993, 35.65309999999992], [139.7290999999993, 35.65249999999991]]]}, "properties": {"rsrp_dbm": -108.5, "quality": "weak", "band": "n257", "fill": "#ff9800", "fill-opacity": 0.18, "stroke": "#ff9800", "stroke-opacity": 0.3, "stroke-width": 0, "extrude_height": 22.4, "building_height": 22.4}}, {"type": "Feature", "geometry": {"type": "Polygon", "coordinates": [[[139.7296999999993, 35.65249999999991], [139.73029999999932, 35.65249999999991], [139.73029999999932, 35.65309999999992], [139.7296999999993, 35.65309999999992], [139.7296999999993, 35.65249999999991]]]}, "properties": {"rsrp_dbm": -108.0, "quality": "weak", "band": "n257", "fill": "#ff9800", "fill-opacity": 0.18, "stroke": "#ff9800", "stroke-opacity": 0.3, "stroke-width": 0, "extrude_height": 22.4, "building_height": 22.4}}, {"type": "Feature", "geometry": {"type": "Polygon", "coordinates": [[[139.7302999999993, 35.65249999999991], [139.7308999999993, 35.65249999999991], [139.7308999999993, 35.65309999999992], [139.7302999999993, 35.65309999999992], [139.7302999999993, 35.65249999999991]]]}, "properties": {"rsrp_dbm": -114.6, "quality": "weak", "band": "n257", "fill": "#ff9800", "fill-opacity": 0.18, "stroke": "#ff9800", "stroke-opacity": 0.3, "stroke-width": 0, "extrude_height": 22.4, "building_height": 22.4}}, {"type": "Feature", "geometry": {"type": "Polygon", "coordinates": [[[139.73209999999926, 35.65249999999991], [139.73269999999928, 35.65249999999991], [139.73269999999928, 35.65309999999992], [139.73209999999926, 35.65309999999992], [139.73209999999926, 35.65249999999991]]]}, "properties": {"rsrp_dbm": -106.2, "quality": "weak", "band": "n257", "fill": "#ff9800", "fill-opacity": 0.18, "stroke": "#ff9800", "stroke-opacity": 0.3, "stroke-width": 0, "extrude_height": 99.2, "building_height": 99.2}}, {"type": "Feature", "geometry": {"type": "Polygon", "coordinates": [[[139.73269999999926, 35.65249999999991], [139.73329999999928, 35.65249999999991], [139.73329999999928, 35.65309999999992], [139.73269999999926, 35.65309999999992], [139.73269999999926, 35.65249999999991]]]}, "properties": {"rsrp_dbm": -106.0, "quality": "weak", "band": "n257", "fill": "#ff9800", "fill-opacity": 0.18, "stroke": "#ff9800", "stroke-opacity": 0.3, "stroke-width": 0, "extrude_height": 99.2, "building_height": 99.2}}, {"type": "Feature", "geometry": {"type": "Polygon", "coordinates": [[[139.73809999999918, 35.65249999999991], [139.7386999999992, 35.65249999999991], [139.7386999999992, 35.65309999999992], [139.73809999999918, 35.65309999999992], [139.73809999999918, 35.65249999999991]]]}, "properties": {"rsrp_dbm": -107.0, "quality": "weak", "band": "n257", "fill": "#ff9800", "fill-opacity": 0.18, "stroke": "#ff9800", "stroke-opacity": 0.3, "stroke-width": 0, "extrude_height": 25.0, "building_height": 25.0}}, {"type": "Feature", "geometry": {"type": "Polygon", "coordinates": [[[139.73869999999917, 35.65249999999991], [139.7392999999992, 35.65249999999991], [139.7392999999992, 35.65309999999992], [139.73869999999917, 35.65309999999992], [139.73869999999917, 35.65249999999991]]]}, "properties": {"rsrp_dbm": -106.4, "quality": "weak", "band": "n257", "fill": "#ff9800", "fill-opacity": 0.18, "stroke": "#ff9800", "stroke-opacity": 0.3, "stroke-width": 0, "extrude_height": 25.0, "building_height": 25.0}}, {"type": "Feature", "geometry": {"type": "Polygon", "coordinates": [[[139.74649999999906, 35.65249999999991], [139.74709999999908, 35.65249999999991], [139.74709999999908, 35.65309999999992], [139.74649999999906, 35.65309999999992], [139.74649999999906, 35.65249999999991]]]}, "properties": {"rsrp_dbm": -110.9, "quality": "weak", "band": "n257", "fill": "#ff9800", "fill-opacity": 0.18, "stroke": "#ff9800", "stroke-opacity": 0.3, "stroke-width": 0, "extrude_height": 60.0, "building_height": 60.0}}, {"type": "Feature", "geometry": {"type": "Polygon", "coordinates": [[[139.74709999999905, 35.65249999999991], [139.74769999999907, 35.65249999999991], [139.74769999999907, 35.65309999999992], [139.74709999999905, 35.65309999999992], [139.74709999999905, 35.65249999999991]]]}, "properties": {"rsrp_dbm": -111.6, "quality": "weak", "band": "n257", "fill": "#ff9800", "fill-opacity": 0.18, "stroke": "#ff9800", "stroke-opacity": 0.3, "stroke-width": 0, "extrude_height": 60.0, "building_height": 60.0}}, {"type": "Feature", "geometry": {"type": "Polygon", "coordinates": [[[139.750699999999, 35.65249999999991], [139.75129999999902, 35.65249999999991], [139.75129999999902, 35.65309999999992], [139.750699999999, 35.65309999999992], [139.750699999999, 35.65249999999991]]]}, "properties": {"rsrp_dbm": -115.5, "quality": "very_weak", "band": "n257", "fill": "#ff5252", "fill-opacity": 0.18, "stroke": "#ff5252", "stroke-opacity": 0.3, "stroke-width": 0, "extrude_height": 35.2, "building_height": 35.2}}, {"type": "Feature", "geometry": {"type": "Polygon", "coordinates": [[[139.72849999999931, 35.65309999999991], [139.72909999999933, 35.65309999999991], [139.72909999999933, 35.653699999999915], [139.72849999999931, 35.653699999999915], [139.72849999999931, 35.65309999999991]]]}, "properties": {"rsrp_dbm": -108.4, "quality": "weak", "band": "n257", "fill": "#ff9800", "fill-opacity": 0.18, "stroke": "#ff9800", "stroke-opacity": 0.3, "stroke-width": 0, "extrude_height": 22.4, "building_height": 22.4}}, {"type": "Feature", "geometry": {"type": "Polygon", "coordinates": [[[139.7290999999993, 35.65309999999991], [139.72969999999933, 35.65309999999991], [139.72969999999933, 35.653699999999915], [139.7290999999993, 35.653699999999915], [139.7290999999993, 35.65309999999991]]]}, "properties": {"rsrp_dbm": -107.7, "quality": "weak", "band": "n257", "fill": "#ff9800", "fill-opacity": 0.18, "stroke": "#ff9800", "stroke-opacity": 0.3, "stroke-width": 0, "extrude_height": 22.4, "building_height": 22.4}}, {"type": "Feature", "geometry": {"type": "Polygon", "coordinates": [[[139.7296999999993, 35.65309999999991], [139.73029999999932, 35.65309999999991], [139.73029999999932, 35.653699999999915], [139.7296999999993, 35.653699999999915], [139.7296999999993, 35.65309999999991]]]}, "properties": {"rsrp_dbm": -107.0, "quality": "weak", "band": "n257", "fill": "#ff9800", "fill-opacity": 0.18, "stroke": "#ff9800", "stroke-opacity": 0.3, "stroke-width": 0, "extrude_height": 22.4, "building_height": 22.4}}, {"type": "Feature", "geometry": {"type": "Polygon", "coordinates": [[[139.7302999999993, 35.65309999999991], [139.7308999999993, 35.65309999999991], [139.7308999999993, 35.653699999999915], [139.7302999999993, 35.653699999999915], [139.7302999999993, 35.65309999999991]]]}, "properties": {"rsrp_dbm": -106.4, "quality": "weak", "band": "n257", "fill": "#ff9800", "fill-opacity": 0.18, "stroke": "#ff9800", "stroke-opacity": 0.3, "stroke-width": 0, "extrude_height": 22.4, "building_height": 22.4}}, {"type": "Feature", "geometry": {"type": "Polygon", "coordinates": [[[139.73089999999928, 35.65309999999991], [139.7314999999993, 35.65309999999991], [139.7314999999993, 35.653699999999915], [139.73089999999928, 35.653699999999915], [139.73089999999928, 35.65309999999991]]]}, "properties": {"rsrp_dbm": -126.7, "quality": "very_weak", "band": "n257", "fill": "#ff5252", "fill-opacity": 0.18, "stroke": "#ff5252", "stroke-opacity": 0.3, "stroke-width": 0, "extrude_height": 99.2, "building_height": 99.2}}, {"type": "Feature", "geometry": {"type": "Polygon", "coordinates": [[[139.73269999999926, 35.65309999999991], [139.73329999999928, 35.65309999999991], [139.73329999999928, 35.653699999999915], [139.73269999999926, 35.653699999999915], [139.73269999999926, 35.65309999999991]]]}, "properties": {"rsrp_dbm": -104.5, "quality": "moderate", "band": "n257", "fill": "#ffca28", "fill-opacity": 0.18, "stroke": "#ffca28", "stroke-opacity": 0.3, "stroke-width": 0, "extrude_height": 99.2, "building_height": 99.2}}, {"type": "Feature", "geometry": {"type": "Polygon", "coordinates": [[[139.73809999999918, 35.65309999999991], [139.7386999999992, 35.65309999999991], [139.7386999999992, 35.653699999999915], [139.73809999999918, 35.653699999999915], [139.73809999999918, 35.65309999999991]]]}, "properties": {"rsrp_dbm": -105.2, "quality": "weak", "band": "n257", "fill": "#ff9800", "fill-opacity": 0.18, "stroke": "#ff9800", "stroke-opacity": 0.3, "stroke-width": 0, "extrude_height": 35.2, "building_height": 35.2}}, {"type": "Feature", "geometry": {"type": "Polygon", "coordinates": [[[139.73869999999917, 35.65309999999991], [139.7392999999992, 35.65309999999991], [139.7392999999992, 35.653699999999915], [139.73869999999917, 35.653699999999915], [139.73869999999917, 35.65309999999991]]]}, "properties": {"rsrp_dbm": -104.7, "quality": "moderate", "band": "n257", "fill": "#ffca28", "fill-opacity": 0.18, "stroke": "#ffca28", "stroke-opacity": 0.3, "stroke-width": 0, "extrude_height": 25.0, "building_height": 25.0}}, {"type": "Feature", "geometry": {"type": "Polygon", "coordinates": [[[139.7434999999991, 35.65309999999991], [139.74409999999912, 35.65309999999991], [139.74409999999912, 35.653699999999915], [139.7434999999991, 35.653699999999915], [139.7434999999991, 35.65309999999991]]]}, "properties": {"rsrp_dbm": -106.8, "quality": "weak", "band": "n257", "fill": "#ff9800", "fill-opacity": 0.18, "stroke": "#ff9800", "stroke-opacity": 0.3, "stroke-width": 0, "extrude_height": 62.1, "building_height": 62.1}}, {"type": "Feature", "geometry": {"type": "Polygon", "coordinates": [[[139.74649999999906, 35.65309999999991], [139.74709999999908, 35.65309999999991], [139.74709999999908, 35.653699999999915], [139.74649999999906, 35.653699999999915], [139.74649999999906, 35.65309999999991]]]}, "properties": {"rsrp_dbm": -110.4, "quality": "weak", "band": "n257", "fill": "#ff9800", "fill-opacity": 0.18, "stroke": "#ff9800", "stroke-opacity": 0.3, "stroke-width": 0, "extrude_height": 60.0, "building_height": 60.0}}, {"type": "Feature", "geometry": {"type": "Polygon", "coordinates": [[[139.73089999999928, 35.65369999999991], [139.7314999999993, 35.65369999999991], [139.7314999999993, 35.654299999999914], [139.73089999999928, 35.654299999999914], [139.73089999999928, 35.65369999999991]]]}, "properties": {"rsrp_dbm": -104.6, "quality": "moderate", "band": "n257", "fill": "#ffca28", "fill-opacity": 0.18, "stroke": "#ffca28", "stroke-opacity": 0.3, "stroke-width": 0, "extrude_height": 99.2, "building_height": 99.2}}, {"type": "Feature", "geometry": {"type": "Polygon", "coordinates": [[[139.73269999999926, 35.65369999999991], [139.73329999999928, 35.65369999999991], [139.73329999999928, 35.654299999999914], [139.73269999999926, 35.654299999999914], [139.73269999999926, 35.65369999999991]]]}, "properties": {"rsrp_dbm": -103.0, "quality": "moderate", "band": "n257", "fill": "#ffca28", "fill-opacity": 0.18, "stroke": "#ffca28", "stroke-opacity": 0.3, "stroke-width": 0, "extrude_height": 99.2, "building_height": 99.2}}, {"type": "Feature", "geometry": {"type": "Polygon", "coordinates": [[[139.73809999999918, 35.65369999999991], [139.7386999999992, 35.65369999999991], [139.7386999999992, 35.654299999999914], [139.73809999999918, 35.654299999999914], [139.73809999999918, 35.65369999999991]]]}, "properties": {"rsrp_dbm": -103.3, "quality": "moderate", "band": "n257", "fill": "#ffca28", "fill-opacity": 0.18, "stroke": "#ffca28", "stroke-opacity": 0.3, "stroke-width": 0, "extrude_height": 115.2, "building_height": 115.2}}, {"type": "Feature", "geometry": {"type": "Polygon", "coordinates": [[[139.74049999999914, 35.65369999999991], [139.74109999999916, 35.65369999999991], [139.74109999999916, 35.654299999999914], [139.74049999999914, 35.654299999999914], [139.74049999999914, 35.65369999999991]]]}, "properties": {"rsrp_dbm": -102.8, "quality": "moderate", "band": "n257", "fill": "#ffca28", "fill-opacity": 0.18, "stroke": "#ffca28", "stroke-opacity": 0.3, "stroke-width": 0, "extrude_height": 62.1, "building_height": 62.1}}, {"type": "Feature", "geometry": {"type": "Polygon", "coordinates": [[[139.74109999999914, 35.65369999999991], [139.74169999999916, 35.65369999999991], [139.74169999999916, 35.654299999999914], [139.74109999999914, 35.654299999999914], [139.74109999999914, 35.65369999999991]]]}, "properties": {"rsrp_dbm": -103.2, "quality": "moderate", "band": "n257", "fill": "#ffca28", "fill-opacity": 0.18, "stroke": "#ffca28", "stroke-opacity": 0.3, "stroke-width": 0, "extrude_height": 62.1, "building_height": 62.1}}, {"type": "Feature", "geometry": {"type": "Polygon", "coordinates": [[[139.74169999999913, 35.65369999999991], [139.74229999999915, 35.65369999999991], [139.74229999999915, 35.654299999999914], [139.74169999999913, 35.654299999999914], [139.74169999999913, 35.65369999999991]]]}, "properties": {"rsrp_dbm": -103.8, "quality": "moderate", "band": "n257", "fill": "#ffca28", "fill-opacity": 0.18, "stroke": "#ffca28", "stroke-opacity": 0.3, "stroke-width": 0, "extrude_height": 62.1, "building_height": 62.1}}, {"type": "Feature", "geometry": {"type": "Polygon", "coordinates": [[[139.7428999999991, 35.65369999999991], [139.74349999999913, 35.65369999999991], [139.74349999999913, 35.654299999999914], [139.7428999999991, 35.654299999999914], [139.7428999999991, 35.65369999999991]]]}, "properties": {"rsrp_dbm": -105.1, "quality": "weak", "band": "n257", "fill": "#ff9800", "fill-opacity": 0.18, "stroke": "#ff9800", "stroke-opacity": 0.3, "stroke-width": 0, "extrude_height": 62.1, "building_height": 62.1}}, {"type": "Feature", "geometry": {"type": "Polygon", "coordinates": [[[139.7434999999991, 35.65369999999991], [139.74409999999912, 35.65369999999991], [139.74409999999912, 35.654299999999914], [139.7434999999991, 35.654299999999914], [139.7434999999991, 35.65369999999991]]]}, "properties": {"rsrp_dbm": -105.9, "quality": "weak", "band": "n257", "fill": "#ff9800", "fill-opacity": 0.18, "stroke": "#ff9800", "stroke-opacity": 0.3, "stroke-width": 0, "extrude_height": 62.1, "building_height": 62.1}}, {"type": "Feature", "geometry": {"type": "Polygon", "coordinates": [[[139.74529999999908, 35.65369999999991], [139.7458999999991, 35.65369999999991], [139.7458999999991, 35.654299999999914], [139.74529999999908, 35.654299999999914], [139.74529999999908, 35.65369999999991]]]}, "properties": {"rsrp_dbm": -108.3, "quality": "weak", "band": "n257", "fill": "#ff9800", "fill-opacity": 0.18, "stroke": "#ff9800", "stroke-opacity": 0.3, "stroke-width": 0, "extrude_height": 44.8, "building_height": 44.8}}, {"type": "Feature", "geometry": {"type": "Polygon", "coordinates": [[[139.74829999999903, 35.65369999999991], [139.74889999999905, 35.65369999999991], [139.74889999999905, 35.654299999999914], [139.74829999999903, 35.654299999999914], [139.74829999999903, 35.65369999999991]]]}, "properties": {"rsrp_dbm": -112.3, "quality": "weak", "band": "n257", "fill": "#ff9800", "fill-opacity": 0.18, "stroke": "#ff9800", "stroke-opacity": 0.3, "stroke-width": 0, "extrude_height": 60.0, "building_height": 60.0}}, {"type": "Feature", "geometry": {"type": "Polygon", "coordinates": [[[139.73089999999928, 35.65429999999991], [139.7314999999993, 35.65429999999991], [139.7314999999993, 35.65489999999991], [139.73089999999928, 35.65489999999991], [139.73089999999928, 35.65429999999991]]]}, "properties": {"rsrp_dbm": -103.5, "quality": "moderate", "band": "n257", "fill": "#ffca28", "fill-opacity": 0.18, "stroke": "#ffca28", "stroke-opacity": 0.3, "stroke-width": 0, "extrude_height": 99.2, "building_height": 99.2}}, {"type": "Feature", "geometry": {"type": "Polygon", "coordinates": [[[139.73149999999927, 35.65429999999991], [139.7320999999993, 35.65429999999991], [139.7320999999993, 35.65489999999991], [139.73149999999927, 35.65489999999991], [139.73149999999927, 35.65429999999991]]]}, "properties": {"rsrp_dbm": -102.7, "quality": "moderate", "band": "n257", "fill": "#ffca28", "fill-opacity": 0.18, "stroke": "#ffca28", "stroke-opacity": 0.3, "stroke-width": 0, "extrude_height": 99.2, "building_height": 99.2}}, {"type": "Feature", "geometry": {"type": "Polygon", "coordinates": [[[139.73209999999926, 35.65429999999991], [139.73269999999928, 35.65429999999991], [139.73269999999928, 35.65489999999991], [139.73209999999926, 35.65489999999991], [139.73209999999926, 35.65429999999991]]]}, "properties": {"rsrp_dbm": -101.9, "quality": "moderate", "band": "n257", "fill": "#ffca28", "fill-opacity": 0.18, "stroke": "#ffca28", "stroke-opacity": 0.3, "stroke-width": 0, "extrude_height": 99.2, "building_height": 99.2}}, {"type": "Feature", "geometry": {"type": "Polygon", "coordinates": [[[139.73269999999926, 35.65429999999991], [139.73329999999928, 35.65429999999991], [139.73329999999928, 35.65489999999991], [139.73269999999926, 35.65489999999991], [139.73269999999926, 35.65429999999991]]]}, "properties": {"rsrp_dbm": -101.3, "quality": "moderate", "band": "n257", "fill": "#ffca28", "fill-opacity": 0.18, "stroke": "#ffca28", "stroke-opacity": 0.3, "stroke-width": 0, "extrude_height": 99.2, "building_height": 99.2}}, {"type": "Feature", "geometry": {"type": "Polygon", "coordinates": [[[139.7356999999992, 35.65429999999991], [139.73629999999923, 35.65429999999991], [139.73629999999923, 35.65489999999991], [139.7356999999992, 35.65489999999991], [139.7356999999992, 35.65429999999991]]]}, "properties": {"rsrp_dbm": -128.6, "quality": "very_weak", "band": "n257", "fill": "#ff5252", "fill-opacity": 0.18, "stroke": "#ff5252", "stroke-opacity": 0.3, "stroke-width": 0, "extrude_height": 35.2, "building_height": 35.2}}, {"type": "Feature", "geometry": {"type": "Polygon", "coordinates": [[[139.7374999999992, 35.65429999999991], [139.7380999999992, 35.65429999999991], [139.7380999999992, 35.65489999999991], [139.7374999999992, 35.65489999999991], [139.7374999999992, 35.65429999999991]]]}, "properties": {"rsrp_dbm": -101.9, "quality": "moderate", "band": "n257", "fill": "#ffca28", "fill-opacity": 0.18, "stroke": "#ffca28", "stroke-opacity": 0.3, "stroke-width": 0, "extrude_height": 35.2, "building_height": 35.2}}, {"type": "Feature", "geometry": {"type": "Polygon", "coordinates": [[[139.73809999999918, 35.65429999999991], [139.7386999999992, 35.65429999999991], [139.7386999999992, 35.65489999999991], [139.73809999999918, 35.65489999999991], [139.73809999999918, 35.65429999999991]]]}, "properties": {"rsrp_dbm": -101.1, "quality": "moderate", "band": "n257", "fill": "#ffca28", "fill-opacity": 0.18, "stroke": "#ffca28", "stroke-opacity": 0.3, "stroke-width": 0, "extrude_height": 115.2, "building_height": 115.2}}, {"type": "Feature", "geometry": {"type": "Polygon", "coordinates": [[[139.73869999999917, 35.65429999999991], [139.7392999999992, 35.65429999999991], [139.7392999999992, 35.65489999999991], [139.73869999999917, 35.65489999999991], [139.73869999999917, 35.65429999999991]]]}, "properties": {"rsrp_dbm": -100.7, "quality": "moderate", "band": "n257", "fill": "#ffca28", "fill-opacity": 0.18, "stroke": "#ffca28", "stroke-opacity": 0.3, "stroke-width": 0, "extrude_height": 115.2, "building_height": 115.2}}, {"type": "Feature", "geometry": {"type": "Polygon", "coordinates": [[[139.74049999999914, 35.65429999999991], [139.74109999999916, 35.65429999999991], [139.74109999999916, 35.65489999999991], [139.74049999999914, 35.65489999999991], [139.74049999999914, 35.65429999999991]]]}, "properties": {"rsrp_dbm": -101.1, "quality": "moderate", "band": "n257", "fill": "#ffca28", "fill-opacity": 0.18, "stroke": "#ffca28", "stroke-opacity": 0.3, "stroke-width": 0, "extrude_height": 62.1, "building_height": 62.1}}, {"type": "Feature", "geometry": {"type": "Polygon", "coordinates": [[[139.74109999999914, 35.65429999999991], [139.74169999999916, 35.65429999999991], [139.74169999999916, 35.65489999999991], [139.74109999999914, 35.65489999999991], [139.74109999999914, 35.65429999999991]]]}, "properties": {"rsrp_dbm": -101.7, "quality": "moderate", "band": "n257", "fill": "#ffca28", "fill-opacity": 0.18, "stroke": "#ffca28", "stroke-opacity": 0.3, "stroke-width": 0, "extrude_height": 62.1, "building_height": 62.1}}, {"type": "Feature", "geometry": {"type": "Polygon", "coordinates": [[[139.74169999999913, 35.65429999999991], [139.74229999999915, 35.65429999999991], [139.74229999999915, 35.65489999999991], [139.74169999999913, 35.65489999999991], [139.74169999999913, 35.65429999999991]]]}, "properties": {"rsrp_dbm": -102.4, "quality": "moderate", "band": "n257", "fill": "#ffca28", "fill-opacity": 0.18, "stroke": "#ffca28", "stroke-opacity": 0.3, "stroke-width": 0, "extrude_height": 62.1, "building_height": 62.1}}, {"type": "Feature", "geometry": {"type": "Polygon", "coordinates": [[[139.74229999999912, 35.65429999999991], [139.74289999999914, 35.65429999999991], [139.74289999999914, 35.65489999999991], [139.74229999999912, 35.65489999999991], [139.74229999999912, 35.65429999999991]]]}, "properties": {"rsrp_dbm": -103.2, "quality": "moderate", "band": "n257", "fill": "#ffca28", "fill-opacity": 0.18, "stroke": "#ffca28", "stroke-opacity": 0.3, "stroke-width": 0, "extrude_height": 62.1, "building_height": 62.1}}, {"type": "Feature", "geometry": {"type": "Polygon", "coordinates": [[[139.7428999999991, 35.65429999999991], [139.74349999999913, 35.65429999999991], [139.74349999999913, 35.65489999999991], [139.7428999999991, 35.65489999999991], [139.7428999999991, 35.65429999999991]]]}, "properties": {"rsrp_dbm": -104.1, "quality": "moderate", "band": "n257", "fill": "#ffca28", "fill-opacity": 0.18, "stroke": "#ffca28", "stroke-opacity": 0.3, "stroke-width": 0, "extrude_height": 62.1, "building_height": 62.1}}, {"type": "Feature", "geometry": {"type": "Polygon", "coordinates": [[[139.7434999999991, 35.65429999999991], [139.74409999999912, 35.65429999999991], [139.74409999999912, 35.65489999999991], [139.7434999999991, 35.65489999999991], [139.7434999999991, 35.65429999999991]]]}, "properties": {"rsrp_dbm": -105.0, "quality": "moderate", "band": "n257", "fill": "#ffca28", "fill-opacity": 0.18, "stroke": "#ffca28", "stroke-opacity": 0.3, "stroke-width": 0, "extrude_height": 62.1, "building_height": 62.1}}, {"type": "Feature", "geometry": {"type": "Polygon", "coordinates": [[[139.7440999999991, 35.65429999999991], [139.7446999999991, 35.65429999999991], [139.7446999999991, 35.65489999999991], [139.7440999999991, 35.65489999999991], [139.7440999999991, 35.65429999999991]]]}, "properties": {"rsrp_dbm": -105.9, "quality": "weak", "band": "n257", "fill": "#ff9800", "fill-opacity": 0.18, "stroke": "#ff9800", "stroke-opacity": 0.3, "stroke-width": 0, "extrude_height": 62.1, "building_height": 62.1}}, {"type": "Feature", "geometry": {"type": "Polygon", "coordinates": [[[139.74469999999909, 35.65429999999991], [139.7452999999991, 35.65429999999991], [139.7452999999991, 35.65489999999991], [139.74469999999909, 35.65489999999991], [139.74469999999909, 35.65429999999991]]]}, "properties": {"rsrp_dbm": -106.8, "quality": "weak", "band": "n257", "fill": "#ff9800", "fill-opacity": 0.18, "stroke": "#ff9800", "stroke-opacity": 0.3, "stroke-width": 0, "extrude_height": 62.1, "building_height": 62.1}}, {"type": "Feature", "geometry": {"type": "Polygon", "coordinates": [[[139.74709999999905, 35.65429999999991], [139.74769999999907, 35.65429999999991], [139.74769999999907, 35.65489999999991], [139.74709999999905, 35.65489999999991], [139.74709999999905, 35.65429999999991]]]}, "properties": {"rsrp_dbm": -110.4, "quality": "weak", "band": "n257", "fill": "#ff9800", "fill-opacity": 0.18, "stroke": "#ff9800", "stroke-opacity": 0.3, "stroke-width": 0, "extrude_height": 105.6, "building_height": 105.6}}, {"type": "Feature", "geometry": {"type": "Polygon", "coordinates": [[[139.75189999999898, 35.65429999999991], [139.752499999999, 35.65429999999991], [139.752499999999, 35.65489999999991], [139.75189999999898, 35.65489999999991], [139.75189999999898, 35.65429999999991]]]}, "properties": {"rsrp_dbm": -116.6, "quality": "very_weak", "band": "n257", "fill": "#ff5252", "fill-opacity": 0.18, "stroke": "#ff5252", "stroke-opacity": 0.3, "stroke-width": 0, "extrude_height": 28.8, "building_height": 28.8}}, {"type": "Feature", "geometry": {"type": "Polygon", "coordinates": [[[139.73089999999928, 35.654899999999905], [139.7314999999993, 35.654899999999905], [139.7314999999993, 35.65549999999991], [139.73089999999928, 35.65549999999991], [139.73089999999928, 35.654899999999905]]]}, "properties": {"rsrp_dbm": -102.5, "quality": "moderate", "band": "n257", "fill": "#ffca28", "fill-opacity": 0.18, "stroke": "#ffca28", "stroke-opacity": 0.3, "stroke-width": 0, "extrude_height": 16.0, "building_height": 16.0}}, {"type": "Feature", "geometry": {"type": "Polygon", "coordinates": [[[139.73149999999927, 35.654899999999905], [139.7320999999993, 35.654899999999905], [139.7320999999993, 35.65549999999991], [139.73149999999927, 35.65549999999991], [139.73149999999927, 35.654899999999905]]]}, "properties": {"rsrp_dbm": -101.5, "quality": "moderate", "band": "n257", "fill": "#ffca28", "fill-opacity": 0.18, "stroke": "#ffca28", "stroke-opacity": 0.3, "stroke-width": 0, "extrude_height": 16.0, "building_height": 16.0}}, {"type": "Feature", "geometry": {"type": "Polygon", "coordinates": [[[139.73209999999926, 35.654899999999905], [139.73269999999928, 35.654899999999905], [139.73269999999928, 35.65549999999991], [139.73209999999926, 35.65549999999991], [139.73209999999926, 35.654899999999905]]]}, "properties": {"rsrp_dbm": -100.5, "quality": "moderate", "band": "n257", "fill": "#ffca28", "fill-opacity": 0.18, "stroke": "#ffca28", "stroke-opacity": 0.3, "stroke-width": 0, "extrude_height": 16.0, "building_height": 16.0}}, {"type": "Feature", "geometry": {"type": "Polygon", "coordinates": [[[139.73269999999926, 35.654899999999905], [139.73329999999928, 35.654899999999905], [139.73329999999928, 35.65549999999991], [139.73269999999926, 35.65549999999991], [139.73269999999926, 35.654899999999905]]]}, "properties": {"rsrp_dbm": -99.7, "quality": "moderate", "band": "n257", "fill": "#ffca28", "fill-opacity": 0.18, "stroke": "#ffca28", "stroke-opacity": 0.3, "stroke-width": 0, "extrude_height": 16.0, "building_height": 16.0}}, {"type": "Feature", "geometry": {"type": "Polygon", "coordinates": [[[139.7356999999992, 35.654899999999905], [139.73629999999923, 35.654899999999905], [139.73629999999923, 35.65549999999991], [139.7356999999992, 35.65549999999991], [139.7356999999992, 35.654899999999905]]]}, "properties": {"rsrp_dbm": -128.9, "quality": "very_weak", "band": "n257", "fill": "#ff5252", "fill-opacity": 0.18, "stroke": "#ff5252", "stroke-opacity": 0.3, "stroke-width": 0, "extrude_height": 35.2, "building_height": 35.2}}, {"type": "Feature", "geometry": {"type": "Polygon", "coordinates": [[[139.7374999999992, 35.654899999999905], [139.7380999999992, 35.654899999999905], [139.7380999999992, 35.65549999999991], [139.7374999999992, 35.65549999999991], [139.7374999999992, 35.654899999999905]]]}, "properties": {"rsrp_dbm": -99.4, "quality": "moderate", "band": "n257", "fill": "#ffca28", "fill-opacity": 0.18, "stroke": "#ffca28", "stroke-opacity": 0.3, "stroke-width": 0, "extrude_height": 35.2, "building_height": 35.2}}, {"type": "Feature", "geometry": {"type": "Polygon", "coordinates": [[[139.73809999999918, 35.654899999999905], [139.7386999999992, 35.654899999999905], [139.7386999999992, 35.65549999999991], [139.73809999999918, 35.65549999999991], [139.73809999999918, 35.654899999999905]]]}, "properties": {"rsrp_dbm": -98.7, "quality": "moderate", "band": "n257", "fill": "#ffca28", "fill-opacity": 0.18, "stroke": "#ffca28", "stroke-opacity": 0.3, "stroke-width": 0, "extrude_height": 115.2, "building_height": 115.2}}, {"type": "Feature", "geometry": {"type": "Polygon", "coordinates": [[[139.73869999999917, 35.654899999999905], [139.7392999999992, 35.654899999999905], [139.7392999999992, 35.65549999999991], [139.73869999999917, 35.65549999999991], [139.73869999999917, 35.654899999999905]]]}, "properties": {"rsrp_dbm": -98.3, "quality": "moderate", "band": "n257", "fill": "#ffca28", "fill-opacity": 0.18, "stroke": "#ffca28", "stroke-opacity": 0.3, "stroke-width": 0, "extrude_height": 115.2, "building_height": 115.2}}, {"type": "Feature", "geometry": {"type": "Polygon", "coordinates": [[[139.73929999999916, 35.654899999999905], [139.73989999999918, 35.654899999999905], [139.73989999999918, 35.65549999999991], [139.73929999999916, 35.65549999999991], [139.73929999999916, 35.654899999999905]]]}, "properties": {"rsrp_dbm": -98.4, "quality": "moderate", "band": "n257", "fill": "#ffca28", "fill-opacity": 0.18, "stroke": "#ffca28", "stroke-opacity": 0.3, "stroke-width": 0, "extrude_height": 115.2, "building_height": 115.2}}, {"type": "Feature", "geometry": {"type": "Polygon", "coordinates": [[[139.73989999999915, 35.654899999999905], [139.74049999999917, 35.654899999999905], [139.74049999999917, 35.65549999999991], [139.73989999999915, 35.65549999999991], [139.73989999999915, 35.654899999999905]]]}, "properties": {"rsrp_dbm": -98.8, "quality": "moderate", "band": "n257", "fill": "#ffca28", "fill-opacity": 0.18, "stroke": "#ffca28", "stroke-opacity": 0.3, "stroke-width": 0, "extrude_height": 115.2, "building_height": 115.2}}, {"type": "Feature", "geometry": {"type": "Polygon", "coordinates": [[[139.7428999999991, 35.654899999999905], [139.74349999999913, 35.654899999999905], [139.74349999999913, 35.65549999999991], [139.7428999999991, 35.65549999999991], [139.7428999999991, 35.654899999999905]]]}, "properties": {"rsrp_dbm": -103.2, "quality": "moderate", "band": "n257", "fill": "#ffca28", "fill-opacity": 0.18, "stroke": "#ffca28", "stroke-opacity": 0.3, "stroke-width": 0, "extrude_height": 62.1, "building_height": 62.1}}, {"type": "Feature", "geometry": {"type": "Polygon", "coordinates": [[[139.7434999999991, 35.654899999999905], [139.74409999999912, 35.654899999999905], [139.74409999999912, 35.65549999999991], [139.7434999999991, 35.65549999999991], [139.7434999999991, 35.654899999999905]]]}, "properties": {"rsrp_dbm": -104.2, "quality": "moderate", "band": "n257", "fill": "#ffca28", "fill-opacity": 0.18, "stroke": "#ffca28", "stroke-opacity": 0.3, "stroke-width": 0, "extrude_height": 62.1, "building_height": 62.1}}, {"type": "Feature", "geometry": {"type": "Polygon", "coordinates": [[[139.7440999999991, 35.654899999999905], [139.7446999999991, 35.654899999999905], [139.7446999999991, 35.65549999999991], [139.7440999999991, 35.65549999999991], [139.7440999999991, 35.654899999999905]]]}, "properties": {"rsrp_dbm": -105.3, "quality": "weak", "band": "n257", "fill": "#ff9800", "fill-opacity": 0.18, "stroke": "#ff9800", "stroke-opacity": 0.3, "stroke-width": 0, "extrude_height": 62.1, "building_height": 62.1}}, {"type": "Feature", "geometry": {"type": "Polygon", "coordinates": [[[139.74589999999907, 35.654899999999905], [139.7464999999991, 35.654899999999905], [139.7464999999991, 35.65549999999991], [139.74589999999907, 35.65549999999991], [139.74589999999907, 35.654899999999905]]]}, "properties": {"rsrp_dbm": -108.3, "quality": "weak", "band": "n257", "fill": "#ff9800", "fill-opacity": 0.18, "stroke": "#ff9800", "stroke-opacity": 0.3, "stroke-width": 0, "extrude_height": 105.6, "building_height": 105.6}}, {"type": "Feature", "geometry": {"type": "Polygon", "coordinates": [[[139.74649999999906, 35.654899999999905], [139.74709999999908, 35.654899999999905], [139.74709999999908, 35.65549999999991], [139.74649999999906, 35.65549999999991], [139.74649999999906, 35.654899999999905]]]}, "properties": {"rsrp_dbm": -109.3, "quality": "weak", "band": "n257", "fill": "#ff9800", "fill-opacity": 0.18, "stroke": "#ff9800", "stroke-opacity": 0.3, "stroke-width": 0, "extrude_height": 105.6, "building_height": 105.6}}, {"type": "Feature", "geometry": {"type": "Polygon", "coordinates": [[[139.74949999999902, 35.654899999999905], [139.75009999999904, 35.654899999999905], [139.75009999999904, 35.65549999999991], [139.74949999999902, 35.65549999999991], [139.74949999999902, 35.654899999999905]]]}, "properties": {"rsrp_dbm": -113.7, "quality": "weak", "band": "n257", "fill": "#ff9800", "fill-opacity": 0.18, "stroke": "#ff9800", "stroke-opacity": 0.3, "stroke-width": 0, "extrude_height": 25.6, "building_height": 25.6}}, {"type": "Feature", "geometry": {"type": "Polygon", "coordinates": [[[139.750099999999, 35.654899999999905], [139.75069999999903, 35.654899999999905], [139.75069999999903, 35.65549999999991], [139.750099999999, 35.65549999999991], [139.750099999999, 35.654899999999905]]]}, "properties": {"rsrp_dbm": -114.5, "quality": "weak", "band": "n257", "fill": "#ff9800", "fill-opacity": 0.18, "stroke": "#ff9800", "stroke-opacity": 0.3, "stroke-width": 0, "extrude_height": 25.6, "building_height": 25.6}}, {"type": "Feature", "geometry": {"type": "Polygon", "coordinates": [[[139.750699999999, 35.654899999999905], [139.75129999999902, 35.654899999999905], [139.75129999999902, 35.65549999999991], [139.750699999999, 35.65549999999991], [139.750699999999, 35.654899999999905]]]}, "properties": {"rsrp_dbm": -115.2, "quality": "very_weak", "band": "n257", "fill": "#ff5252", "fill-opacity": 0.18, "stroke": "#ff5252", "stroke-opacity": 0.3, "stroke-width": 0, "extrude_height": 25.6, "building_height": 25.6}}, {"type": "Feature", "geometry": {"type": "Polygon", "coordinates": [[[139.751299999999, 35.654899999999905], [139.751899999999, 35.654899999999905], [139.751899999999, 35.65549999999991], [139.751299999999, 35.65549999999991], [139.751299999999, 35.654899999999905]]]}, "properties": {"rsrp_dbm": -116.0, "quality": "very_weak", "band": "n257", "fill": "#ff5252", "fill-opacity": 0.18, "stroke": "#ff5252", "stroke-opacity": 0.3, "stroke-width": 0, "extrude_height": 57.0, "building_height": 57.0}}, {"type": "Feature", "geometry": {"type": "Polygon", "coordinates": [[[139.73089999999928, 35.655499999999904], [139.7314999999993, 35.655499999999904], [139.7314999999993, 35.65609999999991], [139.73089999999928, 35.65609999999991], [139.73089999999928, 35.655499999999904]]]}, "properties": {"rsrp_dbm": -121.6, "quality": "very_weak", "band": "n257", "fill": "#ff5252", "fill-opacity": 0.18, "stroke": "#ff5252", "stroke-opacity": 0.3, "stroke-width": 0, "extrude_height": 16.0, "building_height": 16.0}}, {"type": "Feature", "geometry": {"type": "Polygon", "coordinates": [[[139.73149999999927, 35.655499999999904], [139.7320999999993, 35.655499999999904], [139.7320999999993, 35.65609999999991], [139.73149999999927, 35.65609999999991], [139.73149999999927, 35.655499999999904]]]}, "properties": {"rsrp_dbm": -100.3, "quality": "moderate", "band": "n257", "fill": "#ffca28", "fill-opacity": 0.18, "stroke": "#ffca28", "stroke-opacity": 0.3, "stroke-width": 0, "extrude_height": 16.0, "building_height": 16.0}}, {"type": "Feature", "geometry": {"type": "Polygon", "coordinates": [[[139.73209999999926, 35.655499999999904], [139.73269999999928, 35.655499999999904], [139.73269999999928, 35.65609999999991], [139.73209999999926, 35.65609999999991], [139.73209999999926, 35.655499999999904]]]}, "properties": {"rsrp_dbm": -99.1, "quality": "moderate", "band": "n257", "fill": "#ffca28", "fill-opacity": 0.18, "stroke": "#ffca28", "stroke-opacity": 0.3, "stroke-width": 0, "extrude_height": 16.0, "building_height": 16.0}}, {"type": "Feature", "geometry": {"type": "Polygon", "coordinates": [[[139.73269999999926, 35.655499999999904], [139.73329999999928, 35.655499999999904], [139.73329999999928, 35.65609999999991], [139.73269999999926, 35.65609999999991], [139.73269999999926, 35.655499999999904]]]}, "properties": {"rsrp_dbm": -98.0, "quality": "moderate", "band": "n257", "fill": "#ffca28", "fill-opacity": 0.18, "stroke": "#ffca28", "stroke-opacity": 0.3, "stroke-width": 0, "extrude_height": 16.0, "building_height": 16.0}}, {"type": "Feature", "geometry": {"type": "Polygon", "coordinates": [[[139.7356999999992, 35.655499999999904], [139.73629999999923, 35.655499999999904], [139.73629999999923, 35.65609999999991], [139.7356999999992, 35.65609999999991], [139.7356999999992, 35.655499999999904]]]}, "properties": {"rsrp_dbm": -126.3, "quality": "very_weak", "band": "n257", "fill": "#ff5252", "fill-opacity": 0.18, "stroke": "#ff5252", "stroke-opacity": 0.3, "stroke-width": 0, "extrude_height": 35.2, "building_height": 35.2}}, {"type": "Feature", "geometry": {"type": "Polygon", "coordinates": [[[139.7362999999992, 35.655499999999904], [139.73689999999922, 35.655499999999904], [139.73689999999922, 35.65609999999991], [139.7362999999992, 35.65609999999991], [139.7362999999992, 35.655499999999904]]]}, "properties": {"rsrp_dbm": -127.5, "quality": "very_weak", "band": "n257", "fill": "#ff5252", "fill-opacity": 0.18, "stroke": "#ff5252", "stroke-opacity": 0.3, "stroke-width": 0, "extrude_height": 35.2, "building_height": 35.2}}, {"type": "Feature", "geometry": {"type": "Polygon", "coordinates": [[[139.7368999999992, 35.655499999999904], [139.73749999999922, 35.655499999999904], [139.73749999999922, 35.65609999999991], [139.7368999999992, 35.65609999999991], [139.7368999999992, 35.655499999999904]]]}, "properties": {"rsrp_dbm": -128.0, "quality": "very_weak", "band": "n257", "fill": "#ff5252", "fill-opacity": 0.18, "stroke": "#ff5252", "stroke-opacity": 0.3, "stroke-width": 0, "extrude_height": 35.2, "building_height": 35.2}}, {"type": "Feature", "geometry": {"type": "Polygon", "coordinates": [[[139.7374999999992, 35.655499999999904], [139.7380999999992, 35.655499999999904], [139.7380999999992, 35.65609999999991], [139.7374999999992, 35.65609999999991], [139.7374999999992, 35.655499999999904]]]}, "properties": {"rsrp_dbm": -96.6, "quality": "moderate", "band": "n257", "fill": "#ffca28", "fill-opacity": 0.18, "stroke": "#ffca28", "stroke-opacity": 0.3, "stroke-width": 0, "extrude_height": 35.2, "building_height": 35.2}}, {"type": "Feature", "geometry": {"type": "Polygon", "coordinates": [[[139.73809999999918, 35.655499999999904], [139.7386999999992, 35.655499999999904], [139.7386999999992, 35.65609999999991], [139.73809999999918, 35.65609999999991], [139.73809999999918, 35.655499999999904]]]}, "properties": {"rsrp_dbm": -95.9, "quality": "moderate", "band": "n257", "fill": "#ffca28", "fill-opacity": 0.18, "stroke": "#ffca28", "stroke-opacity": 0.3, "stroke-width": 0, "extrude_height": 115.2, "building_height": 115.2}}, {"type": "Feature", "geometry": {"type": "Polygon", "coordinates": [[[139.73869999999917, 35.655499999999904], [139.7392999999992, 35.655499999999904], [139.7392999999992, 35.65609999999991], [139.73869999999917, 35.65609999999991], [139.73869999999917, 35.655499999999904]]]}, "properties": {"rsrp_dbm": -95.7, "quality": "moderate", "band": "n257", "fill": "#ffca28", "fill-opacity": 0.18, "stroke": "#ffca28", "stroke-opacity": 0.3, "stroke-width": 0, "extrude_height": 115.2, "building_height": 115.2}}, {"type": "Feature", "geometry": {"type": "Polygon", "coordinates": [[[139.73929999999916, 35.655499999999904], [139.73989999999918, 35.655499999999904], [139.73989999999918, 35.65609999999991], [139.73929999999916, 35.65609999999991], [139.73929999999916, 35.655499999999904]]]}, "properties": {"rsrp_dbm": -96.0, "quality": "moderate", "band": "n257", "fill": "#ffca28", "fill-opacity": 0.18, "stroke": "#ffca28", "stroke-opacity": 0.3, "stroke-width": 0, "extrude_height": 115.2, "building_height": 115.2}}, {"type": "Feature", "geometry": {"type": "Polygon", "coordinates": [[[139.73989999999915, 35.655499999999904], [139.74049999999917, 35.655499999999904], [139.74049999999917, 35.65609999999991], [139.73989999999915, 35.65609999999991], [139.73989999999915, 35.655499999999904]]]}, "properties": {"rsrp_dbm": -96.7, "quality": "moderate", "band": "n257", "fill": "#ffca28", "fill-opacity": 0.18, "stroke": "#ffca28", "stroke-opacity": 0.3, "stroke-width": 0, "extrude_height": 115.2, "building_height": 115.2}}, {"type": "Feature", "geometry": {"type": "Polygon", "coordinates": [[[139.7434999999991, 35.655499999999904], [139.74409999999912, 35.655499999999904], [139.74409999999912, 35.65609999999991], [139.7434999999991, 35.65609999999991], [139.7434999999991, 35.655499999999904]]]}, "properties": {"rsrp_dbm": -103.6, "quality": "moderate", "band": "n257", "fill": "#ffca28", "fill-opacity": 0.18, "stroke": "#ffca28", "stroke-opacity": 0.3, "stroke-width": 0, "extrude_height": 44.8, "building_height": 44.8}}, {"type": "Feature", "geometry": {"type": "Polygon", "coordinates": [[[139.7440999999991, 35.655499999999904], [139.7446999999991, 35.655499999999904], [139.7446999999991, 35.65609999999991], [139.7440999999991, 35.65609999999991], [139.7440999999991, 35.655499999999904]]]}, "properties": {"rsrp_dbm": -104.8, "quality": "moderate", "band": "n257", "fill": "#ffca28", "fill-opacity": 0.18, "stroke": "#ffca28", "stroke-opacity": 0.3, "stroke-width": 0, "extrude_height": 44.8, "building_height": 44.8}}, {"type": "Feature", "geometry": {"type": "Polygon", "coordinates": [[[139.74469999999909, 35.655499999999904], [139.7452999999991, 35.655499999999904], [139.7452999999991, 35.65609999999991], [139.74469999999909, 35.65609999999991], [139.74469999999909, 35.655499999999904]]]}, "properties": {"rsrp_dbm": -105.9, "quality": "weak", "band": "n257", "fill": "#ff9800", "fill-opacity": 0.18, "stroke": "#ff9800", "stroke-opacity": 0.3, "stroke-width": 0, "extrude_height": 44.8, "building_height": 44.8}}, {"type": "Feature", "geometry": {"type": "Polygon", "coordinates": [[[139.74529999999908, 35.655499999999904], [139.7458999999991, 35.655499999999904], [139.7458999999991, 35.65609999999991], [139.74529999999908, 35.65609999999991], [139.74529999999908, 35.655499999999904]]]}, "properties": {"rsrp_dbm": -107.0, "quality": "weak", "band": "n257", "fill": "#ff9800", "fill-opacity": 0.18, "stroke": "#ff9800", "stroke-opacity": 0.3, "stroke-width": 0, "extrude_height": 44.8, "building_height": 44.8}}, {"type": "Feature", "geometry": {"type": "Polygon", "coordinates": [[[139.74589999999907, 35.655499999999904], [139.7464999999991, 35.655499999999904], [139.7464999999991, 35.65609999999991], [139.74589999999907, 35.65609999999991], [139.74589999999907, 35.655499999999904]]]}, "properties": {"rsrp_dbm": -108.1, "quality": "weak", "band": "n257", "fill": "#ff9800", "fill-opacity": 0.18, "stroke": "#ff9800", "stroke-opacity": 0.3, "stroke-width": 0, "extrude_height": 105.6, "building_height": 105.6}}, {"type": "Feature", "geometry": {"type": "Polygon", "coordinates": [[[139.74649999999906, 35.655499999999904], [139.74709999999908, 35.655499999999904], [139.74709999999908, 35.65609999999991], [139.74649999999906, 35.65609999999991], [139.74649999999906, 35.655499999999904]]]}, "properties": {"rsrp_dbm": -109.2, "quality": "weak", "band": "n257", "fill": "#ff9800", "fill-opacity": 0.18, "stroke": "#ff9800", "stroke-opacity": 0.3, "stroke-width": 0, "extrude_height": 105.6, "building_height": 105.6}}, {"type": "Feature", "geometry": {"type": "Polygon", "coordinates": [[[139.74709999999905, 35.655499999999904], [139.74769999999907, 35.655499999999904], [139.74769999999907, 35.65609999999991], [139.74709999999905, 35.65609999999991], [139.74709999999905, 35.655499999999904]]]}, "properties": {"rsrp_dbm": -110.2, "quality": "weak", "band": "n257", "fill": "#ff9800", "fill-opacity": 0.18, "stroke": "#ff9800", "stroke-opacity": 0.3, "stroke-width": 0, "extrude_height": 105.6, "building_height": 105.6}}, {"type": "Feature", "geometry": {"type": "Polygon", "coordinates": [[[139.74769999999904, 35.655499999999904], [139.74829999999906, 35.655499999999904], [139.74829999999906, 35.65609999999991], [139.74769999999904, 35.65609999999991], [139.74769999999904, 35.655499999999904]]]}, "properties": {"rsrp_dbm": -111.1, "quality": "weak", "band": "n257", "fill": "#ff9800", "fill-opacity": 0.18, "stroke": "#ff9800", "stroke-opacity": 0.3, "stroke-width": 0, "extrude_height": 105.6, "building_height": 105.6}}, {"type": "Feature", "geometry": {"type": "Polygon", "coordinates": [[[139.74949999999902, 35.655499999999904], [139.75009999999904, 35.655499999999904], [139.75009999999904, 35.65609999999991], [139.74949999999902, 35.65609999999991], [139.74949999999902, 35.655499999999904]]]}, "properties": {"rsrp_dbm": -113.8, "quality": "weak", "band": "n257", "fill": "#ff9800", "fill-opacity": 0.18, "stroke": "#ff9800", "stroke-opacity": 0.3, "stroke-width": 0, "extrude_height": 35.2, "building_height": 35.2}}, {"type": "Feature", "geometry": {"type": "Polygon", "coordinates": [[[139.750099999999, 35.655499999999904], [139.75069999999903, 35.655499999999904], [139.75069999999903, 35.65609999999991], [139.750099999999, 35.65609999999991], [139.750099999999, 35.655499999999904]]]}, "properties": {"rsrp_dbm": -114.6, "quality": "weak", "band": "n257", "fill": "#ff9800", "fill-opacity": 0.18, "stroke": "#ff9800", "stroke-opacity": 0.3, "stroke-width": 0, "extrude_height": 35.2, "building_height": 35.2}}, {"type": "Feature", "geometry": {"type": "Polygon", "coordinates": [[[139.750699999999, 35.655499999999904], [139.75129999999902, 35.655499999999904], [139.75129999999902, 35.65609999999991], [139.750699999999, 35.65609999999991], [139.750699999999, 35.655499999999904]]]}, "properties": {"rsrp_dbm": -115.4, "quality": "very_weak", "band": "n257", "fill": "#ff5252", "fill-opacity": 0.18, "stroke": "#ff5252", "stroke-opacity": 0.3, "stroke-width": 0, "extrude_height": 35.2, "building_height": 35.2}}, {"type": "Feature", "geometry": {"type": "Polygon", "coordinates": [[[139.751299999999, 35.655499999999904], [139.751899999999, 35.655499999999904], [139.751899999999, 35.65609999999991], [139.751299999999, 35.65609999999991], [139.751299999999, 35.655499999999904]]]}, "properties": {"rsrp_dbm": -116.1, "quality": "very_weak", "band": "n257", "fill": "#ff5252", "fill-opacity": 0.18, "stroke": "#ff5252", "stroke-opacity": 0.3, "stroke-width": 0, "extrude_height": 57.0, "building_height": 57.0}}, {"type": "Feature", "geometry": {"type": "Polygon", "coordinates": [[[139.73089999999928, 35.6560999999999], [139.7314999999993, 35.6560999999999], [139.7314999999993, 35.65669999999991], [139.73089999999928, 35.65669999999991], [139.73089999999928, 35.6560999999999]]]}, "properties": {"rsrp_dbm": -127.3, "quality": "very_weak", "band": "n257", "fill": "#ff5252", "fill-opacity": 0.18, "stroke": "#ff5252", "stroke-opacity": 0.3, "stroke-width": 0, "extrude_height": 16.0, "building_height": 16.0}}, {"type": "Feature", "geometry": {"type": "Polygon", "coordinates": [[[139.73149999999927, 35.6560999999999], [139.7320999999993, 35.6560999999999], [139.7320999999993, 35.65669999999991], [139.73149999999927, 35.65669999999991], [139.73149999999927, 35.6560999999999]]]}, "properties": {"rsrp_dbm": -129.3, "quality": "very_weak", "band": "n257", "fill": "#ff5252", "fill-opacity": 0.18, "stroke": "#ff5252", "stroke-opacity": 0.3, "stroke-width": 0, "extrude_height": 16.0, "building_height": 16.0}}, {"type": "Feature", "geometry": {"type": "Polygon", "coordinates": [[[139.73209999999926, 35.6560999999999], [139.73269999999928, 35.6560999999999], [139.73269999999928, 35.65669999999991], [139.73209999999926, 35.65669999999991], [139.73209999999926, 35.6560999999999]]]}, "properties": {"rsrp_dbm": -97.9, "quality": "moderate", "band": "n257", "fill": "#ffca28", "fill-opacity": 0.18, "stroke": "#ffca28", "stroke-opacity": 0.3, "stroke-width": 0, "extrude_height": 16.0, "building_height": 16.0}}, {"type": "Feature", "geometry": {"type": "Polygon", "coordinates": [[[139.73269999999926, 35.6560999999999], [139.73329999999928, 35.6560999999999], [139.73329999999928, 35.65669999999991], [139.73269999999926, 35.65669999999991], [139.73269999999926, 35.6560999999999]]]}, "properties": {"rsrp_dbm": -96.4, "quality": "moderate", "band": "n257", "fill": "#ffca28", "fill-opacity": 0.18, "stroke": "#ffca28", "stroke-opacity": 0.3, "stroke-width": 0, "extrude_height": 16.0, "building_height": 16.0}}, {"type": "Feature", "geometry": {"type": "Polygon", "coordinates": [[[139.73509999999922, 35.6560999999999], [139.73569999999924, 35.6560999999999], [139.73569999999924, 35.65669999999991], [139.73509999999922, 35.65669999999991], [139.73509999999922, 35.6560999999999]]]}, "properties": {"rsrp_dbm": -92.6, "quality": "moderate", "band": "n257", "fill": "#ffca28", "fill-opacity": 0.18, "stroke": "#ffca28", "stroke-opacity": 0.3, "stroke-width": 0, "extrude_height": 48.0, "building_height": 48.0}}, {"type": "Feature", "geometry": {"type": "Polygon", "coordinates": [[[139.7356999999992, 35.6560999999999], [139.73629999999923, 35.6560999999999], [139.73629999999923, 35.65669999999991], [139.7356999999992, 35.65669999999991], [139.7356999999992, 35.6560999999999]]]}, "properties": {"rsrp_dbm": -122.9, "quality": "very_weak", "band": "n257", "fill": "#ff5252", "fill-opacity": 0.18, "stroke": "#ff5252", "stroke-opacity": 0.3, "stroke-width": 0, "extrude_height": 48.0, "building_height": 48.0}}, {"type": "Feature", "geometry": {"type": "Polygon", "coordinates": [[[139.7362999999992, 35.6560999999999], [139.73689999999922, 35.6560999999999], [139.73689999999922, 35.65669999999991], [139.7362999999992, 35.65669999999991], [139.7362999999992, 35.6560999999999]]]}, "properties": {"rsrp_dbm": -124.2, "quality": "very_weak", "band": "n257", "fill": "#ff5252", "fill-opacity": 0.18, "stroke": "#ff5252", "stroke-opacity": 0.3, "stroke-width": 0, "extrude_height": 48.0, "building_height": 48.0}}, {"type": "Feature", "geometry": {"type": "Polygon", "coordinates": [[[139.7368999999992, 35.6560999999999], [139.73749999999922, 35.6560999999999], [139.73749999999922, 35.65669999999991], [139.7368999999992, 35.65669999999991], [139.7368999999992, 35.6560999999999]]]}, "properties": {"rsrp_dbm": -94.8, "quality": "moderate", "band": "n257", "fill": "#ffca28", "fill-opacity": 0.18, "stroke": "#ffca28", "stroke-opacity": 0.3, "stroke-width": 0, "extrude_height": 48.0, "building_height": 48.0}}, {"type": "Feature", "geometry": {"type": "Polygon", "coordinates": [[[139.7374999999992, 35.6560999999999], [139.7380999999992, 35.6560999999999], [139.7380999999992, 35.65669999999991], [139.7374999999992, 35.65669999999991], [139.7374999999992, 35.6560999999999]]]}, "properties": {"rsrp_dbm": -93.2, "quality": "moderate", "band": "n257", "fill": "#ffca28", "fill-opacity": 0.18, "stroke": "#ffca28", "stroke-opacity": 0.3, "stroke-width": 0, "extrude_height": 35.2, "building_height": 35.2}}, {"type": "Feature", "geometry": {"type": "Polygon", "coordinates": [[[139.74529999999908, 35.6560999999999], [139.7458999999991, 35.6560999999999], [139.7458999999991, 35.65669999999991], [139.74529999999908, 35.65669999999991], [139.74529999999908, 35.6560999999999]]]}, "properties": {"rsrp_dbm": -106.9, "quality": "weak", "band": "n257", "fill": "#ff9800", "fill-opacity": 0.18, "stroke": "#ff9800", "stroke-opacity": 0.3, "stroke-width": 0, "extrude_height": 16.0, "building_height": 16.0}}, {"type": "Feature", "geometry": {"type": "Polygon", "coordinates": [[[139.74589999999907, 35.6560999999999], [139.7464999999991, 35.6560999999999], [139.7464999999991, 35.65669999999991], [139.74589999999907, 35.65669999999991], [139.74589999999907, 35.6560999999999]]]}, "properties": {"rsrp_dbm": -108.1, "quality": "weak", "band": "n257", "fill": "#ff9800", "fill-opacity": 0.18, "stroke": "#ff9800", "stroke-opacity": 0.3, "stroke-width": 0, "extrude_height": 105.6, "building_height": 105.6}}, {"type": "Feature", "geometry": {"type": "Polygon", "coordinates": [[[139.74649999999906, 35.6560999999999], [139.74709999999908, 35.6560999999999], [139.74709999999908, 35.65669999999991], [139.74649999999906, 35.65669999999991], [139.74649999999906, 35.6560999999999]]]}, "properties": {"rsrp_dbm": -109.2, "quality": "weak", "band": "n257", "fill": "#ff9800", "fill-opacity": 0.18, "stroke": "#ff9800", "stroke-opacity": 0.3, "stroke-width": 0, "extrude_height": 105.6, "building_height": 105.6}}, {"type": "Feature", "geometry": {"type": "Polygon", "coordinates": [[[139.74889999999903, 35.6560999999999], [139.74949999999905, 35.6560999999999], [139.74949999999905, 35.65669999999991], [139.74889999999903, 35.65669999999991], [139.74889999999903, 35.6560999999999]]]}, "properties": {"rsrp_dbm": -125.3, "quality": "very_weak", "band": "n257", "fill": "#ff5252", "fill-opacity": 0.18, "stroke": "#ff5252", "stroke-opacity": 0.3, "stroke-width": 0, "extrude_height": 21.0, "building_height": 21.0}}, {"type": "Feature", "geometry": {"type": "Polygon", "coordinates": [[[139.74949999999902, 35.6560999999999], [139.75009999999904, 35.6560999999999], [139.75009999999904, 35.65669999999991], [139.74949999999902, 35.65669999999991], [139.74949999999902, 35.6560999999999]]]}, "properties": {"rsrp_dbm": -114.0, "quality": "weak", "band": "n257", "fill": "#ff9800", "fill-opacity": 0.18, "stroke": "#ff9800", "stroke-opacity": 0.3, "stroke-width": 0, "extrude_height": 35.2, "building_height": 35.2}}, {"type": "Feature", "geometry": {"type": "Polygon", "coordinates": [[[139.750099999999, 35.6560999999999], [139.75069999999903, 35.6560999999999], [139.75069999999903, 35.65669999999991], [139.750099999999, 35.65669999999991], [139.750099999999, 35.6560999999999]]]}, "properties": {"rsrp_dbm": -114.8, "quality": "weak", "band": "n257", "fill": "#ff9800", "fill-opacity": 0.18, "stroke": "#ff9800", "stroke-opacity": 0.3, "stroke-width": 0, "extrude_height": 35.2, "building_height": 35.2}}, {"type": "Feature", "geometry": {"type": "Polygon", "coordinates": [[[139.73089999999928, 35.6566999999999], [139.7314999999993, 35.6566999999999], [139.7314999999993, 35.65729999999991], [139.73089999999928, 35.65729999999991], [139.73089999999928, 35.6566999999999]]]}, "properties": {"rsrp_dbm": -100.3, "quality": "moderate", "band": "n257", "fill": "#ffca28", "fill-opacity": 0.18, "stroke": "#ffca28", "stroke-opacity": 0.3, "stroke-width": 0, "extrude_height": 16.0, "building_height": 16.0}}, {"type": "Feature", "geometry": {"type": "Polygon", "coordinates": [[[139.73149999999927, 35.6566999999999], [139.7320999999993, 35.6566999999999], [139.7320999999993, 35.65729999999991], [139.73149999999927, 35.65729999999991], [139.73149999999927, 35.6566999999999]]]}, "properties": {"rsrp_dbm": -98.7, "quality": "moderate", "band": "n257", "fill": "#ffca28", "fill-opacity": 0.18, "stroke": "#ffca28", "stroke-opacity": 0.3, "stroke-width": 0, "extrude_height": 16.0, "building_height": 16.0}}, {"type": "Feature", "geometry": {"type": "Polygon", "coordinates": [[[139.73209999999926, 35.6566999999999], [139.73269999999928, 35.6566999999999], [139.73269999999928, 35.65729999999991], [139.73209999999926, 35.65729999999991], [139.73209999999926, 35.6566999999999]]]}, "properties": {"rsrp_dbm": -96.9, "quality": "moderate", "band": "n257", "fill": "#ffca28", "fill-opacity": 0.18, "stroke": "#ffca28", "stroke-opacity": 0.3, "stroke-width": 0, "extrude_height": 16.0, "building_height": 16.0}}, {"type": "Feature", "geometry": {"type": "Polygon", "coordinates": [[[139.73269999999926, 35.6566999999999], [139.73329999999928, 35.6566999999999], [139.73329999999928, 35.65729999999991], [139.73269999999926, 35.65729999999991], [139.73269999999926, 35.6566999999999]]]}, "properties": {"rsrp_dbm": -95.1, "quality": "moderate", "band": "n257", "fill": "#ffca28", "fill-opacity": 0.18, "stroke": "#ffca28", "stroke-opacity": 0.3, "stroke-width": 0, "extrude_height": 16.0, "building_height": 16.0}}, {"type": "Feature", "geometry": {"type": "Polygon", "coordinates": [[[139.73509999999922, 35.6566999999999], [139.73569999999924, 35.6566999999999], [139.73569999999924, 35.65729999999991], [139.73509999999922, 35.65729999999991], [139.73509999999922, 35.6566999999999]]]}, "properties": {"rsrp_dbm": -89.0, "quality": "good", "band": "n257", "fill": "#66bb6a", "fill-opacity": 0.18, "stroke": "#66bb6a", "stroke-opacity": 0.3, "stroke-width": 0, "extrude_height": 48.0, "building_height": 48.0}}, {"type": "Feature", "geometry": {"type": "Polygon", "coordinates": [[[139.7356999999992, 35.6566999999999], [139.73629999999923, 35.6566999999999], [139.73629999999923, 35.65729999999991], [139.7356999999992, 35.65729999999991], [139.7356999999992, 35.6566999999999]]]}, "properties": {"rsrp_dbm": -118.9, "quality": "very_weak", "band": "n257", "fill": "#ff5252", "fill-opacity": 0.18, "stroke": "#ff5252", "stroke-opacity": 0.3, "stroke-width": 0, "extrude_height": 48.0, "building_height": 48.0}}, {"type": "Feature", "geometry": {"type": "Polygon", "coordinates": [[[139.7362999999992, 35.6566999999999], [139.73689999999922, 35.6566999999999], [139.73689999999922, 35.65729999999991], [139.7362999999992, 35.65729999999991], [139.7362999999992, 35.6566999999999]]]}, "properties": {"rsrp_dbm": -120.1, "quality": "very_weak", "band": "n257", "fill": "#ff5252", "fill-opacity": 0.18, "stroke": "#ff5252", "stroke-opacity": 0.3, "stroke-width": 0, "extrude_height": 48.0, "building_height": 48.0}}, {"type": "Feature", "geometry": {"type": "Polygon", "coordinates": [[[139.7368999999992, 35.6566999999999], [139.73749999999922, 35.6566999999999], [139.73749999999922, 35.65729999999991], [139.7368999999992, 35.65729999999991], [139.7368999999992, 35.6566999999999]]]}, "properties": {"rsrp_dbm": -90.9, "quality": "moderate", "band": "n257", "fill": "#ffca28", "fill-opacity": 0.18, "stroke": "#ffca28", "stroke-opacity": 0.3, "stroke-width": 0, "extrude_height": 48.0, "building_height": 48.0}}, {"type": "Feature", "geometry": {"type": "Polygon", "coordinates": [[[139.7374999999992, 35.6566999999999], [139.7380999999992, 35.6566999999999], [139.7380999999992, 35.65729999999991], [139.7374999999992, 35.65729999999991], [139.7374999999992, 35.6566999999999]]]}, "properties": {"rsrp_dbm": -89.2, "quality": "good", "band": "n257", "fill": "#66bb6a", "fill-opacity": 0.18, "stroke": "#66bb6a", "stroke-opacity": 0.3, "stroke-width": 0, "extrude_height": 32.0, "building_height": 32.0}}, {"type": "Feature", "geometry": {"type": "Polygon", "coordinates": [[[139.7434999999991, 35.6566999999999], [139.74409999999912, 35.6566999999999], [139.74409999999912, 35.65729999999991], [139.7434999999991, 35.65729999999991], [139.7434999999991, 35.6566999999999]]]}, "properties": {"rsrp_dbm": -103.0, "quality": "moderate", "band": "n257", "fill": "#ffca28", "fill-opacity": 0.18, "stroke": "#ffca28", "stroke-opacity": 0.3, "stroke-width": 0, "extrude_height": 22.4, "building_height": 22.4}}, {"type": "Feature", "geometry": {"type": "Polygon", "coordinates": [[[139.7440999999991, 35.6566999999999], [139.7446999999991, 35.6566999999999], [139.7446999999991, 35.65729999999991], [139.7440999999991, 35.65729999999991], [139.7440999999991, 35.6566999999999]]]}, "properties": {"rsrp_dbm": -104.4, "quality": "moderate", "band": "n257", "fill": "#ffca28", "fill-opacity": 0.18, "stroke": "#ffca28", "stroke-opacity": 0.3, "stroke-width": 0, "extrude_height": 40.0, "building_height": 40.0}}, {"type": "Feature", "geometry": {"type": "Polygon", "coordinates": [[[139.74469999999909, 35.6566999999999], [139.7452999999991, 35.6566999999999], [139.7452999999991, 35.65729999999991], [139.74469999999909, 35.65729999999991], [139.74469999999909, 35.6566999999999]]]}, "properties": {"rsrp_dbm": -105.7, "quality": "weak", "band": "n257", "fill": "#ff9800", "fill-opacity": 0.18, "stroke": "#ff9800", "stroke-opacity": 0.3, "stroke-width": 0, "extrude_height": 40.0, "building_height": 40.0}}, {"type": "Feature", "geometry": {"type": "Polygon", "coordinates": [[[139.74529999999908, 35.6566999999999], [139.7458999999991, 35.6566999999999], [139.7458999999991, 35.65729999999991], [139.74529999999908, 35.65729999999991], [139.74529999999908, 35.6566999999999]]]}, "properties": {"rsrp_dbm": -107.0, "quality": "weak", "band": "n257", "fill": "#ff9800", "fill-opacity": 0.18, "stroke": "#ff9800", "stroke-opacity": 0.3, "stroke-width": 0, "extrude_height": 40.0, "building_height": 40.0}}, {"type": "Feature", "geometry": {"type": "Polygon", "coordinates": [[[139.74889999999903, 35.6566999999999], [139.74949999999905, 35.6566999999999], [139.74949999999905, 35.65729999999991], [139.74889999999903, 35.65729999999991], [139.74889999999903, 35.6566999999999]]]}, "properties": {"rsrp_dbm": -127.7, "quality": "very_weak", "band": "n257", "fill": "#ff5252", "fill-opacity": 0.18, "stroke": "#ff5252", "stroke-opacity": 0.3, "stroke-width": 0, "extrude_height": 21.0, "building_height": 21.0}}, {"type": "Feature", "geometry": {"type": "Polygon", "coordinates": [[[139.74949999999902, 35.6566999999999], [139.75009999999904, 35.6566999999999], [139.75009999999904, 35.65729999999991], [139.74949999999902, 35.65729999999991], [139.74949999999902, 35.6566999999999]]]}, "properties": {"rsrp_dbm": -121.9, "quality": "very_weak", "band": "n257", "fill": "#ff5252", "fill-opacity": 0.18, "stroke": "#ff5252", "stroke-opacity": 0.3, "stroke-width": 0, "extrude_height": 35.2, "building_height": 35.2}}, {"type": "Feature", "geometry": {"type": "Polygon", "coordinates": [[[139.7218999999994, 35.6572999999999], [139.72249999999943, 35.6572999999999], [139.72249999999943, 35.657899999999906], [139.7218999999994, 35.657899999999906], [139.7218999999994, 35.6572999999999]]]}, "properties": {"rsrp_dbm": -117.3, "quality": "very_weak", "band": "n257", "fill": "#ff5252", "fill-opacity": 0.18, "stroke": "#ff5252", "stroke-opacity": 0.3, "stroke-width": 0, "extrude_height": 25.6, "building_height": 25.6}}, {"type": "Feature", "geometry": {"type": "Polygon", "coordinates": [[[139.7224999999994, 35.6572999999999], [139.72309999999942, 35.6572999999999], [139.72309999999942, 35.657899999999906], [139.7224999999994, 35.657899999999906], [139.7224999999994, 35.6572999999999]]]}, "properties": {"rsrp_dbm": -116.6, "quality": "very_weak", "band": "n257", "fill": "#ff5252", "fill-opacity": 0.18, "stroke": "#ff5252", "stroke-opacity": 0.3, "stroke-width": 0, "extrude_height": 25.6, "building_height": 25.6}}, {"type": "Feature", "geometry": {"type": "Polygon", "coordinates": [[[139.7230999999994, 35.6572999999999], [139.7236999999994, 35.6572999999999], [139.7236999999994, 35.657899999999906], [139.7230999999994, 35.657899999999906], [139.7230999999994, 35.6572999999999]]]}, "properties": {"rsrp_dbm": -115.8, "quality": "very_weak", "band": "n257", "fill": "#ff5252", "fill-opacity": 0.18, "stroke": "#ff5252", "stroke-opacity": 0.3, "stroke-width": 0, "extrude_height": 25.6, "building_height": 25.6}}, {"type": "Feature", "geometry": {"type": "Polygon", "coordinates": [[[139.72369999999938, 35.6572999999999], [139.7242999999994, 35.6572999999999], [139.7242999999994, 35.657899999999906], [139.72369999999938, 35.657899999999906], [139.72369999999938, 35.6572999999999]]]}, "properties": {"rsrp_dbm": -115.0, "quality": "weak", "band": "n257", "fill": "#ff9800", "fill-opacity": 0.18, "stroke": "#ff9800", "stroke-opacity": 0.3, "stroke-width": 0, "extrude_height": 25.6, "building_height": 25.6}}, {"type": "Feature", "geometry": {"type": "Polygon", "coordinates": [[[139.72489999999937, 35.6572999999999], [139.72549999999939, 35.6572999999999], [139.72549999999939, 35.657899999999906], [139.72489999999937, 35.657899999999906], [139.72489999999937, 35.6572999999999]]]}, "properties": {"rsrp_dbm": -113.2, "quality": "weak", "band": "n257", "fill": "#ff9800", "fill-opacity": 0.18, "stroke": "#ff9800", "stroke-opacity": 0.3, "stroke-width": 0, "extrude_height": 16.0, "building_height": 16.0}}, {"type": "Feature", "geometry": {"type": "Polygon", "coordinates": [[[139.72549999999936, 35.6572999999999], [139.72609999999938, 35.6572999999999], [139.72609999999938, 35.657899999999906], [139.72549999999936, 35.657899999999906], [139.72549999999936, 35.6572999999999]]]}, "properties": {"rsrp_dbm": -112.2, "quality": "weak", "band": "n257", "fill": "#ff9800", "fill-opacity": 0.18, "stroke": "#ff9800", "stroke-opacity": 0.3, "stroke-width": 0, "extrude_height": 16.0, "building_height": 16.0}}, {"type": "Feature", "geometry": {"type": "Polygon", "coordinates": [[[139.72609999999935, 35.6572999999999], [139.72669999999937, 35.6572999999999], [139.72669999999937, 35.657899999999906], [139.72609999999935, 35.657899999999906], [139.72609999999935, 35.6572999999999]]]}, "properties": {"rsrp_dbm": -111.2, "quality": "weak", "band": "n257", "fill": "#ff9800", "fill-opacity": 0.18, "stroke": "#ff9800", "stroke-opacity": 0.3, "stroke-width": 0, "extrude_height": 16.0, "building_height": 16.0}}, {"type": "Feature", "geometry": {"type": "Polygon", "coordinates": [[[139.72669999999934, 35.6572999999999], [139.72729999999936, 35.6572999999999], [139.72729999999936, 35.657899999999906], [139.72669999999934, 35.657899999999906], [139.72669999999934, 35.6572999999999]]]}, "properties": {"rsrp_dbm": -110.1, "quality": "weak", "band": "n257", "fill": "#ff9800", "fill-opacity": 0.18, "stroke": "#ff9800", "stroke-opacity": 0.3, "stroke-width": 0, "extrude_height": 19.2, "building_height": 19.2}}, {"type": "Feature", "geometry": {"type": "Polygon", "coordinates": [[[139.72729999999933, 35.6572999999999], [139.72789999999935, 35.6572999999999], [139.72789999999935, 35.657899999999906], [139.72729999999933, 35.657899999999906], [139.72729999999933, 35.6572999999999]]]}, "properties": {"rsrp_dbm": -109.0, "quality": "weak", "band": "n257", "fill": "#ff9800", "fill-opacity": 0.18, "stroke": "#ff9800", "stroke-opacity": 0.3, "stroke-width": 0, "extrude_height": 19.2, "building_height": 19.2}}, {"type": "Feature", "geometry": {"type": "Polygon", "coordinates": [[[139.72789999999932, 35.6572999999999], [139.72849999999934, 35.6572999999999], [139.72849999999934, 35.657899999999906], [139.72789999999932, 35.657899999999906], [139.72789999999932, 35.6572999999999]]]}, "properties": {"rsrp_dbm": -107.8, "quality": "weak", "band": "n257", "fill": "#ff9800", "fill-opacity": 0.18, "stroke": "#ff9800", "stroke-opacity": 0.3, "stroke-width": 0, "extrude_height": 19.2, "building_height": 19.2}}, {"type": "Feature", "geometry": {"type": "Polygon", "coordinates": [[[139.72849999999931, 35.6572999999999], [139.72909999999933, 35.6572999999999], [139.72909999999933, 35.657899999999906], [139.72849999999931, 35.657899999999906], [139.72849999999931, 35.6572999999999]]]}, "properties": {"rsrp_dbm": -106.5, "quality": "weak", "band": "n257", "fill": "#ff9800", "fill-opacity": 0.18, "stroke": "#ff9800", "stroke-opacity": 0.3, "stroke-width": 0, "extrude_height": 19.2, "building_height": 19.2}}, {"type": "Feature", "geometry": {"type": "Polygon", "coordinates": [[[139.73089999999928, 35.6572999999999], [139.7314999999993, 35.6572999999999], [139.7314999999993, 35.657899999999906], [139.73089999999928, 35.657899999999906], [139.73089999999928, 35.6572999999999]]]}, "properties": {"rsrp_dbm": -100.3, "quality": "moderate", "band": "n257", "fill": "#ffca28", "fill-opacity": 0.18, "stroke": "#ffca28", "stroke-opacity": 0.3, "stroke-width": 0, "extrude_height": 16.0, "building_height": 16.0}}, {"type": "Feature", "geometry": {"type": "Polygon", "coordinates": [[[139.73149999999927, 35.6572999999999], [139.7320999999993, 35.6572999999999], [139.7320999999993, 35.657899999999906], [139.73149999999927, 35.657899999999906], [139.73149999999927, 35.6572999999999]]]}, "properties": {"rsrp_dbm": -98.4, "quality": "moderate", "band": "n257", "fill": "#ffca28", "fill-opacity": 0.18, "stroke": "#ffca28", "stroke-opacity": 0.3, "stroke-width": 0, "extrude_height": 16.0, "building_height": 16.0}}, {"type": "Feature", "geometry": {"type": "Polygon", "coordinates": [[[139.73209999999926, 35.6572999999999], [139.73269999999928, 35.6572999999999], [139.73269999999928, 35.657899999999906], [139.73209999999926, 35.657899999999906], [139.73209999999926, 35.6572999999999]]]}, "properties": {"rsrp_dbm": -96.4, "quality": "moderate", "band": "n257", "fill": "#ffca28", "fill-opacity": 0.18, "stroke": "#ffca28", "stroke-opacity": 0.3, "stroke-width": 0, "extrude_height": 16.0, "building_height": 16.0}}, {"type": "Feature", "geometry": {"type": "Polygon", "coordinates": [[[139.73269999999926, 35.6572999999999], [139.73329999999928, 35.6572999999999], [139.73329999999928, 35.657899999999906], [139.73269999999926, 35.657899999999906], [139.73269999999926, 35.6572999999999]]]}, "properties": {"rsrp_dbm": -94.2, "quality": "moderate", "band": "n257", "fill": "#ffca28", "fill-opacity": 0.18, "stroke": "#ffca28", "stroke-opacity": 0.3, "stroke-width": 0, "extrude_height": 16.0, "building_height": 16.0}}, {"type": "Feature", "geometry": {"type": "Polygon", "coordinates": [[[139.73509999999922, 35.6572999999999], [139.73569999999924, 35.6572999999999], [139.73569999999924, 35.657899999999906], [139.73509999999922, 35.657899999999906], [139.73509999999922, 35.6572999999999]]]}, "properties": {"rsrp_dbm": -84.9, "quality": "good", "band": "n257", "fill": "#66bb6a", "fill-opacity": 0.18, "stroke": "#66bb6a", "stroke-opacity": 0.3, "stroke-width": 0, "extrude_height": 48.0, "building_height": 48.0}}, {"type": "Feature", "geometry": {"type": "Polygon", "coordinates": [[[139.7356999999992, 35.6572999999999], [139.73629999999923, 35.6572999999999], [139.73629999999923, 35.657899999999906], [139.7356999999992, 35.657899999999906], [139.7356999999992, 35.6572999999999]]]}, "properties": {"rsrp_dbm": -83.9, "quality": "good", "band": "n257", "fill": "#66bb6a", "fill-opacity": 0.18, "stroke": "#66bb6a", "stroke-opacity": 0.3, "stroke-width": 0, "extrude_height": 48.0, "building_height": 48.0}}, {"type": "Feature", "geometry": {"type": "Polygon", "coordinates": [[[139.7362999999992, 35.6572999999999], [139.73689999999922, 35.6572999999999], [139.73689999999922, 35.657899999999906], [139.7362999999992, 35.657899999999906], [139.7362999999992, 35.6572999999999]]]}, "properties": {"rsrp_dbm": -84.8, "quality": "good", "band": "n257", "fill": "#66bb6a", "fill-opacity": 0.18, "stroke": "#66bb6a", "stroke-opacity": 0.3, "stroke-width": 0, "extrude_height": 48.0, "building_height": 48.0}}, {"type": "Feature", "geometry": {"type": "Polygon", "coordinates": [[[139.7368999999992, 35.6572999999999], [139.73749999999922, 35.6572999999999], [139.73749999999922, 35.657899999999906], [139.7368999999992, 35.657899999999906], [139.7368999999992, 35.6572999999999]]]}, "properties": {"rsrp_dbm": -85.7, "quality": "good", "band": "n257", "fill": "#66bb6a", "fill-opacity": 0.18, "stroke": "#66bb6a", "stroke-opacity": 0.3, "stroke-width": 0, "extrude_height": 48.0, "building_height": 48.0}}, {"type": "Feature", "geometry": {"type": "Polygon", "coordinates": [[[139.7374999999992, 35.6572999999999], [139.7380999999992, 35.6572999999999], [139.7380999999992, 35.657899999999906], [139.7374999999992, 35.657899999999906], [139.7374999999992, 35.6572999999999]]]}, "properties": {"rsrp_dbm": -84.0, "quality": "good", "band": "n257", "fill": "#66bb6a", "fill-opacity": 0.18, "stroke": "#66bb6a", "stroke-opacity": 0.3, "stroke-width": 0, "extrude_height": 28.8, "building_height": 28.8}}, {"type": "Feature", "geometry": {"type": "Polygon", "coordinates": [[[139.7434999999991, 35.6572999999999], [139.74409999999912, 35.6572999999999], [139.74409999999912, 35.657899999999906], [139.7434999999991, 35.657899999999906], [139.7434999999991, 35.6572999999999]]]}, "properties": {"rsrp_dbm": -103.1, "quality": "moderate", "band": "n257", "fill": "#ffca28", "fill-opacity": 0.18, "stroke": "#ffca28", "stroke-opacity": 0.3, "stroke-width": 0, "extrude_height": 40.0, "building_height": 40.0}}, {"type": "Feature", "geometry": {"type": "Polygon", "coordinates": [[[139.7440999999991, 35.6572999999999], [139.7446999999991, 35.6572999999999], [139.7446999999991, 35.657899999999906], [139.7440999999991, 35.657899999999906], [139.7440999999991, 35.6572999999999]]]}, "properties": {"rsrp_dbm": -104.6, "quality": "moderate", "band": "n257", "fill": "#ffca28", "fill-opacity": 0.18, "stroke": "#ffca28", "stroke-opacity": 0.3, "stroke-width": 0, "extrude_height": 332.6, "building_height": 332.6}}, {"type": "Feature", "geometry": {"type": "Polygon", "coordinates": [[[139.7230999999994, 35.6578999999999], [139.7236999999994, 35.6578999999999], [139.7236999999994, 35.658499999999904], [139.7230999999994, 35.658499999999904], [139.7230999999994, 35.6578999999999]]]}, "properties": {"rsrp_dbm": -127.0, "quality": "very_weak", "band": "n257", "fill": "#ff5252", "fill-opacity": 0.18, "stroke": "#ff5252", "stroke-opacity": 0.3, "stroke-width": 0, "extrude_height": 35.2, "building_height": 35.2}}, {"type": "Feature", "geometry": {"type": "Polygon", "coordinates": [[[139.72729999999933, 35.6578999999999], [139.72789999999935, 35.6578999999999], [139.72789999999935, 35.658499999999904], [139.72729999999933, 35.658499999999904], [139.72729999999933, 35.6578999999999]]]}, "properties": {"rsrp_dbm": -109.6, "quality": "weak", "band": "n257", "fill": "#ff9800", "fill-opacity": 0.18, "stroke": "#ff9800", "stroke-opacity": 0.3, "stroke-width": 0, "extrude_height": 19.2, "building_height": 19.2}}, {"type": "Feature", "geometry": {"type": "Polygon", "coordinates": [[[139.72789999999932, 35.6578999999999], [139.72849999999934, 35.6578999999999], [139.72849999999934, 35.658499999999904], [139.72789999999932, 35.658499999999904], [139.72789999999932, 35.6578999999999]]]}, "properties": {"rsrp_dbm": -108.4, "quality": "weak", "band": "n257", "fill": "#ff9800", "fill-opacity": 0.18, "stroke": "#ff9800", "stroke-opacity": 0.3, "stroke-width": 0, "extrude_height": 19.2, "building_height": 19.2}}, {"type": "Feature", "geometry": {"type": "Polygon", "coordinates": [[[139.72849999999931, 35.6578999999999], [139.72909999999933, 35.6578999999999], [139.72909999999933, 35.658499999999904], [139.72849999999931, 35.658499999999904], [139.72849999999931, 35.6578999999999]]]}, "properties": {"rsrp_dbm": -107.1, "quality": "weak", "band": "n257", "fill": "#ff9800", "fill-opacity": 0.18, "stroke": "#ff9800", "stroke-opacity": 0.3, "stroke-width": 0, "extrude_height": 19.2, "building_height": 19.2}}, {"type": "Feature", "geometry": {"type": "Polygon", "coordinates": [[[139.73509999999922, 35.6578999999999], [139.73569999999924, 35.6578999999999], [139.73569999999924, 35.658499999999904], [139.73509999999922, 35.658499999999904], [139.73509999999922, 35.6578999999999]]]}, "properties": {"rsrp_dbm": -80.9, "quality": "good", "band": "n257", "fill": "#66bb6a", "fill-opacity": 0.18, "stroke": "#66bb6a", "stroke-opacity": 0.3, "stroke-width": 0, "extrude_height": 48.0, "building_height": 48.0}}, {"type": "Feature", "geometry": {"type": "Polygon", "coordinates": [[[139.7356999999992, 35.6578999999999], [139.73629999999923, 35.6578999999999], [139.73629999999923, 35.658499999999904], [139.7356999999992, 35.658499999999904], [139.7356999999992, 35.6578999999999]]]}, "properties": {"rsrp_dbm": -77.8, "quality": "good", "band": "n257", "fill": "#66bb6a", "fill-opacity": 0.18, "stroke": "#66bb6a", "stroke-opacity": 0.3, "stroke-width": 0, "extrude_height": 48.0, "building_height": 48.0}}, {"type": "Feature", "geometry": {"type": "Polygon", "coordinates": [[[139.7362999999992, 35.6578999999999], [139.73689999999922, 35.6578999999999], [139.73689999999922, 35.658499999999904], [139.7362999999992, 35.658499999999904], [139.7362999999992, 35.6578999999999]]]}, "properties": {"rsrp_dbm": -77.4, "quality": "good", "band": "n257", "fill": "#66bb6a", "fill-opacity": 0.18, "stroke": "#66bb6a", "stroke-opacity": 0.3, "stroke-width": 0, "extrude_height": 48.0, "building_height": 48.0}}, {"type": "Feature", "geometry": {"type": "Polygon", "coordinates": [[[139.7368999999992, 35.6578999999999], [139.73749999999922, 35.6578999999999], [139.73749999999922, 35.658499999999904], [139.7368999999992, 35.658499999999904], [139.7368999999992, 35.6578999999999]]]}, "properties": {"rsrp_dbm": -78.4, "quality": "good", "band": "n257", "fill": "#66bb6a", "fill-opacity": 0.18, "stroke": "#66bb6a", "stroke-opacity": 0.3, "stroke-width": 0, "extrude_height": 48.0, "building_height": 48.0}}, {"type": "Feature", "geometry": {"type": "Polygon", "coordinates": [[[139.73989999999915, 35.6578999999999], [139.74049999999917, 35.6578999999999], [139.74049999999917, 35.658499999999904], [139.73989999999915, 35.658499999999904], [139.73989999999915, 35.6578999999999]]]}, "properties": {"rsrp_dbm": -90.2, "quality": "moderate", "band": "n257", "fill": "#ffca28", "fill-opacity": 0.18, "stroke": "#ffca28", "stroke-opacity": 0.3, "stroke-width": 0, "extrude_height": 35.0, "building_height": 35.0}}, {"type": "Feature", "geometry": {"type": "Polygon", "coordinates": [[[139.74049999999914, 35.6578999999999], [139.74109999999916, 35.6578999999999], [139.74109999999916, 35.658499999999904], [139.74049999999914, 35.658499999999904], [139.74049999999914, 35.6578999999999]]]}, "properties": {"rsrp_dbm": -93.1, "quality": "moderate", "band": "n257", "fill": "#ffca28", "fill-opacity": 0.18, "stroke": "#ffca28", "stroke-opacity": 0.3, "stroke-width": 0, "extrude_height": 35.0, "building_height": 35.0}}, {"type": "Feature", "geometry": {"type": "Polygon", "coordinates": [[[139.74109999999914, 35.6578999999999], [139.74169999999916, 35.6578999999999], [139.74169999999916, 35.658499999999904], [139.74109999999914, 35.658499999999904], [139.74109999999914, 35.6578999999999]]]}, "properties": {"rsrp_dbm": -95.7, "quality": "moderate", "band": "n257", "fill": "#ffca28", "fill-opacity": 0.18, "stroke": "#ffca28", "stroke-opacity": 0.3, "stroke-width": 0, "extrude_height": 35.0, "building_height": 35.0}}, {"type": "Feature", "geometry": {"type": "Polygon", "coordinates": [[[139.74169999999913, 35.6578999999999], [139.74229999999915, 35.6578999999999], [139.74229999999915, 35.658499999999904], [139.74169999999913, 35.658499999999904], [139.74169999999913, 35.6578999999999]]]}, "properties": {"rsrp_dbm": -98.0, "quality": "moderate", "band": "n257", "fill": "#ffca28", "fill-opacity": 0.18, "stroke": "#ffca28", "stroke-opacity": 0.3, "stroke-width": 0, "extrude_height": 48.0, "building_height": 48.0}}, {"type": "Feature", "geometry": {"type": "Polygon", "coordinates": [[[139.74229999999912, 35.6578999999999], [139.74289999999914, 35.6578999999999], [139.74289999999914, 35.658499999999904], [139.74229999999912, 35.658499999999904], [139.74229999999912, 35.6578999999999]]]}, "properties": {"rsrp_dbm": -100.0, "quality": "moderate", "band": "n257", "fill": "#ffca28", "fill-opacity": 0.18, "stroke": "#ffca28", "stroke-opacity": 0.3, "stroke-width": 0, "extrude_height": 48.0, "building_height": 48.0}}, {"type": "Feature", "geometry": {"type": "Polygon", "coordinates": [[[139.7428999999991, 35.6578999999999], [139.74349999999913, 35.6578999999999], [139.74349999999913, 35.658499999999904], [139.7428999999991, 35.658499999999904], [139.7428999999991, 35.6578999999999]]]}, "properties": {"rsrp_dbm": -101.9, "quality": "moderate", "band": "n257", "fill": "#ffca28", "fill-opacity": 0.18, "stroke": "#ffca28", "stroke-opacity": 0.3, "stroke-width": 0, "extrude_height": 48.0, "building_height": 48.0}}, {"type": "Feature", "geometry": {"type": "Polygon", "coordinates": [[[139.7434999999991, 35.6578999999999], [139.74409999999912, 35.6578999999999], [139.74409999999912, 35.658499999999904], [139.7434999999991, 35.658499999999904], [139.7434999999991, 35.6578999999999]]]}, "properties": {"rsrp_dbm": -103.6, "quality": "moderate", "band": "n257", "fill": "#ffca28", "fill-opacity": 0.18, "stroke": "#ffca28", "stroke-opacity": 0.3, "stroke-width": 0, "extrude_height": 48.0, "building_height": 48.0}}, {"type": "Feature", "geometry": {"type": "Polygon", "coordinates": [[[139.7440999999991, 35.6578999999999], [139.7446999999991, 35.6578999999999], [139.7446999999991, 35.658499999999904], [139.7440999999991, 35.658499999999904], [139.7440999999991, 35.6578999999999]]]}, "properties": {"rsrp_dbm": -105.2, "quality": "weak", "band": "n257", "fill": "#ff9800", "fill-opacity": 0.18, "stroke": "#ff9800", "stroke-opacity": 0.3, "stroke-width": 0, "extrude_height": 332.6, "building_height": 332.6}}, {"type": "Feature", "geometry": {"type": "Polygon", "coordinates": [[[139.7224999999994, 35.6584999999999], [139.72309999999942, 35.6584999999999], [139.72309999999942, 35.6590999999999], [139.7224999999994, 35.6590999999999], [139.7224999999994, 35.6584999999999]]]}, "properties": {"rsrp_dbm": -117.7, "quality": "very_weak", "band": "n257", "fill": "#ff5252", "fill-opacity": 0.18, "stroke": "#ff5252", "stroke-opacity": 0.3, "stroke-width": 0, "extrude_height": 41.6, "building_height": 41.6}}, {"type": "Feature", "geometry": {"type": "Polygon", "coordinates": [[[139.7230999999994, 35.6584999999999], [139.7236999999994, 35.6584999999999], [139.7236999999994, 35.6590999999999], [139.7230999999994, 35.6590999999999], [139.7230999999994, 35.6584999999999]]]}, "properties": {"rsrp_dbm": -116.9, "quality": "very_weak", "band": "n257", "fill": "#ff5252", "fill-opacity": 0.18, "stroke": "#ff5252", "stroke-opacity": 0.3, "stroke-width": 0, "extrude_height": 35.2, "building_height": 35.2}}, {"type": "Feature", "geometry": {"type": "Polygon", "coordinates": [[[139.72369999999938, 35.6584999999999], [139.7242999999994, 35.6584999999999], [139.7242999999994, 35.6590999999999], [139.72369999999938, 35.6590999999999], [139.72369999999938, 35.6584999999999]]]}, "properties": {"rsrp_dbm": -116.1, "quality": "very_weak", "band": "n257", "fill": "#ff5252", "fill-opacity": 0.18, "stroke": "#ff5252", "stroke-opacity": 0.3, "stroke-width": 0, "extrude_height": 35.2, "building_height": 35.2}}, {"type": "Feature", "geometry": {"type": "Polygon", "coordinates": [[[139.72789999999932, 35.6584999999999], [139.72849999999934, 35.6584999999999], [139.72849999999934, 35.6590999999999], [139.72789999999932, 35.6590999999999], [139.72789999999932, 35.6584999999999]]]}, "properties": {"rsrp_dbm": -126.2, "quality": "very_weak", "band": "n257", "fill": "#ff5252", "fill-opacity": 0.18, "stroke": "#ff5252", "stroke-opacity": 0.3, "stroke-width": 0, "extrude_height": 32.0, "building_height": 32.0}}, {"type": "Feature", "geometry": {"type": "Polygon", "coordinates": [[[139.7302999999993, 35.6584999999999], [139.7308999999993, 35.6584999999999], [139.7308999999993, 35.6590999999999], [139.7302999999993, 35.6590999999999], [139.7302999999993, 35.6584999999999]]]}, "properties": {"rsrp_dbm": -103.4, "quality": "moderate", "band": "n257", "fill": "#ffca28", "fill-opacity": 0.18, "stroke": "#ffca28", "stroke-opacity": 0.3, "stroke-width": 0, "extrude_height": 25.6, "building_height": 25.6}}, {"type": "Feature", "geometry": {"type": "Polygon", "coordinates": [[[139.73089999999928, 35.6584999999999], [139.7314999999993, 35.6584999999999], [139.7314999999993, 35.6590999999999], [139.73089999999928, 35.6590999999999], [139.73089999999928, 35.6584999999999]]]}, "properties": {"rsrp_dbm": -101.7, "quality": "moderate", "band": "n257", "fill": "#ffca28", "fill-opacity": 0.18, "stroke": "#ffca28", "stroke-opacity": 0.3, "stroke-width": 0, "extrude_height": 25.6, "building_height": 25.6}}, {"type": "Feature", "geometry": {"type": "Polygon", "coordinates": [[[139.73149999999927, 35.6584999999999], [139.7320999999993, 35.6584999999999], [139.7320999999993, 35.6590999999999], [139.73149999999927, 35.6590999999999], [139.73149999999927, 35.6584999999999]]]}, "properties": {"rsrp_dbm": -99.7, "quality": "moderate", "band": "n257", "fill": "#ffca28", "fill-opacity": 0.18, "stroke": "#ffca28", "stroke-opacity": 0.3, "stroke-width": 0, "extrude_height": 25.6, "building_height": 25.6}}, {"type": "Feature", "geometry": {"type": "Polygon", "coordinates": [[[139.73449999999923, 35.6584999999999], [139.73509999999925, 35.6584999999999], [139.73509999999925, 35.6590999999999], [139.73449999999923, 35.6590999999999], [139.73449999999923, 35.6584999999999]]]}, "properties": {"rsrp_dbm": -83.9, "quality": "good", "band": "n257", "fill": "#66bb6a", "fill-opacity": 0.18, "stroke": "#66bb6a", "stroke-opacity": 0.3, "stroke-width": 0, "extrude_height": 21.0, "building_height": 21.0}}, {"type": "Feature", "geometry": {"type": "Polygon", "coordinates": [[[139.73509999999922, 35.6584999999999], [139.73569999999924, 35.6584999999999], [139.73569999999924, 35.6590999999999], [139.73509999999922, 35.6590999999999], [139.73509999999922, 35.6584999999999]]]}, "properties": {"rsrp_dbm": -78.4, "quality": "good", "band": "n257", "fill": "#66bb6a", "fill-opacity": 0.18, "stroke": "#66bb6a", "stroke-opacity": 0.3, "stroke-width": 0, "extrude_height": 21.0, "building_height": 21.0}}, {"type": "Feature", "geometry": {"type": "Polygon", "coordinates": [[[139.7356999999992, 35.6584999999999], [139.73629999999923, 35.6584999999999], [139.73629999999923, 35.6590999999999], [139.7356999999992, 35.6590999999999], [139.7356999999992, 35.6584999999999]]]}, "properties": {"rsrp_dbm": -71.5, "quality": "strong", "band": "n257", "fill": "#00e676", "fill-opacity": 0.18, "stroke": "#00e676", "stroke-opacity": 0.3, "stroke-width": 0, "extrude_height": 21.0, "building_height": 21.0}}, {"type": "Feature", "geometry": {"type": "Polygon", "coordinates": [[[139.7362999999992, 35.6584999999999], [139.73689999999922, 35.6584999999999], [139.73689999999922, 35.6590999999999], [139.7362999999992, 35.6590999999999], [139.7362999999992, 35.6584999999999]]]}, "properties": {"rsrp_dbm": -65.5, "quality": "strong", "band": "n257", "fill": "#00e676", "fill-opacity": 0.18, "stroke": "#00e676", "stroke-opacity": 0.3, "stroke-width": 0, "extrude_height": 21.0, "building_height": 21.0}}, {"type": "Feature", "geometry": {"type": "Polygon", "coordinates": [[[139.73929999999916, 35.6584999999999], [139.73989999999918, 35.6584999999999], [139.73989999999918, 35.6590999999999], [139.73929999999916, 35.6590999999999], [139.73929999999916, 35.6584999999999]]]}, "properties": {"rsrp_dbm": -86.9, "quality": "good", "band": "n257", "fill": "#66bb6a", "fill-opacity": 0.18, "stroke": "#66bb6a", "stroke-opacity": 0.3, "stroke-width": 0, "extrude_height": 35.0, "building_height": 35.0}}, {"type": "Feature", "geometry": {"type": "Polygon", "coordinates": [[[139.73989999999915, 35.6584999999999], [139.74049999999917, 35.6584999999999], [139.74049999999917, 35.6590999999999], [139.73989999999915, 35.6590999999999], [139.73989999999915, 35.6584999999999]]]}, "properties": {"rsrp_dbm": -90.7, "quality": "moderate", "band": "n257", "fill": "#ffca28", "fill-opacity": 0.18, "stroke": "#ffca28", "stroke-opacity": 0.3, "stroke-width": 0, "extrude_height": 35.0, "building_height": 35.0}}, {"type": "Feature", "geometry": {"type": "Polygon", "coordinates": [[[139.74049999999914, 35.6584999999999], [139.74109999999916, 35.6584999999999], [139.74109999999916, 35.6590999999999], [139.74049999999914, 35.6590999999999], [139.74049999999914, 35.6584999999999]]]}, "properties": {"rsrp_dbm": -93.9, "quality": "moderate", "band": "n257", "fill": "#ffca28", "fill-opacity": 0.18, "stroke": "#ffca28", "stroke-opacity": 0.3, "stroke-width": 0, "extrude_height": 35.0, "building_height": 35.0}}, {"type": "Feature", "geometry": {"type": "Polygon", "coordinates": [[[139.74109999999914, 35.6584999999999], [139.74169999999916, 35.6584999999999], [139.74169999999916, 35.6590999999999], [139.74109999999914, 35.6590999999999], [139.74109999999914, 35.6584999999999]]]}, "properties": {"rsrp_dbm": -96.6, "quality": "moderate", "band": "n257", "fill": "#ffca28", "fill-opacity": 0.18, "stroke": "#ffca28", "stroke-opacity": 0.3, "stroke-width": 0, "extrude_height": 35.0, "building_height": 35.0}}, {"type": "Feature", "geometry": {"type": "Polygon", "coordinates": [[[139.74169999999913, 35.6584999999999], [139.74229999999915, 35.6584999999999], [139.74229999999915, 35.6590999999999], [139.74169999999913, 35.6590999999999], [139.74169999999913, 35.6584999999999]]]}, "properties": {"rsrp_dbm": -128.9, "quality": "very_weak", "band": "n257", "fill": "#ff5252", "fill-opacity": 0.18, "stroke": "#ff5252", "stroke-opacity": 0.3, "stroke-width": 0, "extrude_height": 48.0, "building_height": 48.0}}, {"type": "Feature", "geometry": {"type": "Polygon", "coordinates": [[[139.72729999999933, 35.659099999999896], [139.72789999999935, 35.659099999999896], [139.72789999999935, 35.6596999999999], [139.72729999999933, 35.6596999999999], [139.72729999999933, 35.659099999999896]]]}, "properties": {"rsrp_dbm": -123.3, "quality": "very_weak", "band": "n257", "fill": "#ff5252", "fill-opacity": 0.18, "stroke": "#ff5252", "stroke-opacity": 0.3, "stroke-width": 0, "extrude_height": 32.0, "building_height": 32.0}}, {"type": "Feature", "geometry": {"type": "Polygon", "coordinates": [[[139.72789999999932, 35.659099999999896], [139.72849999999934, 35.659099999999896], [139.72849999999934, 35.6596999999999], [139.72789999999932, 35.6596999999999], [139.72789999999932, 35.659099999999896]]]}, "properties": {"rsrp_dbm": -128.5, "quality": "very_weak", "band": "n257", "fill": "#ff5252", "fill-opacity": 0.18, "stroke": "#ff5252", "stroke-opacity": 0.3, "stroke-width": 0, "extrude_height": 238.0, "building_height": 238.0}}, {"type": "Feature", "geometry": {"type": "Polygon", "coordinates": [[[139.73089999999928, 35.659099999999896], [139.7314999999993, 35.659099999999896], [139.7314999999993, 35.6596999999999], [139.73089999999928, 35.6596999999999], [139.73089999999928, 35.659099999999896]]]}, "properties": {"rsrp_dbm": -103.2, "quality": "moderate", "band": "n257", "fill": "#ffca28", "fill-opacity": 0.18, "stroke": "#ffca28", "stroke-opacity": 0.3, "stroke-width": 0, "extrude_height": 25.6, "building_height": 25.6}}, {"type": "Feature", "geometry": {"type": "Polygon", "coordinates": [[[139.73149999999927, 35.659099999999896], [139.7320999999993, 35.659099999999896], [139.7320999999993, 35.6596999999999], [139.73149999999927, 35.6596999999999], [139.73149999999927, 35.659099999999896]]]}, "properties": {"rsrp_dbm": -101.4, "quality": "moderate", "band": "n257", "fill": "#ffca28", "fill-opacity": 0.18, "stroke": "#ffca28", "stroke-opacity": 0.3, "stroke-width": 0, "extrude_height": 25.6, "building_height": 25.6}}, {"type": "Feature", "geometry": {"type": "Polygon", "coordinates": [[[139.73449999999923, 35.659099999999896], [139.73509999999925, 35.659099999999896], [139.73509999999925, 35.6596999999999], [139.73449999999923, 35.6596999999999], [139.73449999999923, 35.659099999999896]]]}, "properties": {"rsrp_dbm": -86.8, "quality": "good", "band": "n257", "fill": "#66bb6a", "fill-opacity": 0.18, "stroke": "#66bb6a", "stroke-opacity": 0.3, "stroke-width": 0, "extrude_height": 21.0, "building_height": 21.0}}, {"type": "Feature", "geometry": {"type": "Polygon", "coordinates": [[[139.73509999999922, 35.659099999999896], [139.73569999999924, 35.659099999999896], [139.73569999999924, 35.6596999999999], [139.73509999999922, 35.6596999999999], [139.73509999999922, 35.659099999999896]]]}, "properties": {"rsrp_dbm": -81.4, "quality": "good", "band": "n257", "fill": "#66bb6a", "fill-opacity": 0.18, "stroke": "#66bb6a", "stroke-opacity": 0.3, "stroke-width": 0, "extrude_height": 21.0, "building_height": 21.0}}, {"type": "Feature", "geometry": {"type": "Polygon", "coordinates": [[[139.7356999999992, 35.659099999999896], [139.73629999999923, 35.659099999999896], [139.73629999999923, 35.6596999999999], [139.7356999999992, 35.6596999999999], [139.7356999999992, 35.659099999999896]]]}, "properties": {"rsrp_dbm": -73.4, "quality": "strong", "band": "n257", "fill": "#00e676", "fill-opacity": 0.18, "stroke": "#00e676", "stroke-opacity": 0.3, "stroke-width": 0, "extrude_height": 21.0, "building_height": 21.0}}, {"type": "Feature", "geometry": {"type": "Polygon", "coordinates": [[[139.7362999999992, 35.659099999999896], [139.73689999999922, 35.659099999999896], [139.73689999999922, 35.6596999999999], [139.7362999999992, 35.6596999999999], [139.7362999999992, 35.659099999999896]]]}, "properties": {"rsrp_dbm": -57.8, "quality": "strong", "band": "n257", "fill": "#00e676", "fill-opacity": 0.18, "stroke": "#00e676", "stroke-opacity": 0.3, "stroke-width": 0, "extrude_height": 21.0, "building_height": 21.0}}, {"type": "Feature", "geometry": {"type": "Polygon", "coordinates": [[[139.73809999999918, 35.659099999999896], [139.7386999999992, 35.659099999999896], [139.7386999999992, 35.6596999999999], [139.73809999999918, 35.6596999999999], [139.73809999999918, 35.659099999999896]]]}, "properties": {"rsrp_dbm": -79.1, "quality": "good", "band": "n257", "fill": "#66bb6a", "fill-opacity": 0.18, "stroke": "#66bb6a", "stroke-opacity": 0.3, "stroke-width": 0, "extrude_height": 100.0, "building_height": 100.0}}, {"type": "Feature", "geometry": {"type": "Polygon", "coordinates": [[[139.73869999999917, 35.659099999999896], [139.7392999999992, 35.659099999999896], [139.7392999999992, 35.6596999999999], [139.73869999999917, 35.6596999999999], [139.73869999999917, 35.659099999999896]]]}, "properties": {"rsrp_dbm": -85.2, "quality": "good", "band": "n257", "fill": "#66bb6a", "fill-opacity": 0.18, "stroke": "#66bb6a", "stroke-opacity": 0.3, "stroke-width": 0, "extrude_height": 100.0, "building_height": 100.0}}, {"type": "Feature", "geometry": {"type": "Polygon", "coordinates": [[[139.73929999999916, 35.659099999999896], [139.73989999999918, 35.659099999999896], [139.73989999999918, 35.6596999999999], [139.73929999999916, 35.6596999999999], [139.73929999999916, 35.659099999999896]]]}, "properties": {"rsrp_dbm": -89.6, "quality": "good", "band": "n257", "fill": "#66bb6a", "fill-opacity": 0.18, "stroke": "#66bb6a", "stroke-opacity": 0.3, "stroke-width": 0, "extrude_height": 100.0, "building_height": 100.0}}, {"type": "Feature", "geometry": {"type": "Polygon", "coordinates": [[[139.73989999999915, 35.659099999999896], [139.74049999999917, 35.659099999999896], [139.74049999999917, 35.6596999999999], [139.73989999999915, 35.6596999999999], [139.73989999999915, 35.659099999999896]]]}, "properties": {"rsrp_dbm": -93.1, "quality": "moderate", "band": "n257", "fill": "#ffca28", "fill-opacity": 0.18, "stroke": "#ffca28", "stroke-opacity": 0.3, "stroke-width": 0, "extrude_height": 100.0, "building_height": 100.0}}, {"type": "Feature", "geometry": {"type": "Polygon", "coordinates": [[[139.74049999999914, 35.659099999999896], [139.74109999999916, 35.659099999999896], [139.74109999999916, 35.6596999999999], [139.74049999999914, 35.6596999999999], [139.74049999999914, 35.659099999999896]]]}, "properties": {"rsrp_dbm": -126.0, "quality": "very_weak", "band": "n257", "fill": "#ff5252", "fill-opacity": 0.18, "stroke": "#ff5252", "stroke-opacity": 0.3, "stroke-width": 0, "extrude_height": 37.0, "building_height": 37.0}}, {"type": "Feature", "geometry": {"type": "Polygon", "coordinates": [[[139.74109999999914, 35.659099999999896], [139.74169999999916, 35.659099999999896], [139.74169999999916, 35.6596999999999], [139.74109999999914, 35.6596999999999], [139.74109999999914, 35.659099999999896]]]}, "properties": {"rsrp_dbm": -128.5, "quality": "very_weak", "band": "n257", "fill": "#ff5252", "fill-opacity": 0.18, "stroke": "#ff5252", "stroke-opacity": 0.3, "stroke-width": 0, "extrude_height": 35.2, "building_height": 35.2}}, {"type": "Feature", "geometry": {"type": "Polygon", "coordinates": [[[139.750099999999, 35.659099999999896], [139.75069999999903, 35.659099999999896], [139.75069999999903, 35.6596999999999], [139.750099999999, 35.6596999999999], [139.750099999999, 35.659099999999896]]]}, "properties": {"rsrp_dbm": -125.8, "quality": "very_weak", "band": "n257", "fill": "#ff5252", "fill-opacity": 0.18, "stroke": "#ff5252", "stroke-opacity": 0.3, "stroke-width": 0, "extrude_height": 38.4, "building_height": 38.4}}, {"type": "Feature", "geometry": {"type": "Polygon", "coordinates": [[[139.750699999999, 35.659099999999896], [139.75129999999902, 35.659099999999896], [139.75129999999902, 35.6596999999999], [139.750699999999, 35.6596999999999], [139.750699999999, 35.659099999999896]]]}, "properties": {"rsrp_dbm": -118.2, "quality": "very_weak", "band": "n257", "fill": "#ff5252", "fill-opacity": 0.18, "stroke": "#ff5252", "stroke-opacity": 0.3, "stroke-width": 0, "extrude_height": 128.1, "building_height": 128.1}}, {"type": "Feature", "geometry": {"type": "Polygon", "coordinates": [[[139.751299999999, 35.659099999999896], [139.751899999999, 35.659099999999896], [139.751899999999, 35.6596999999999], [139.751299999999, 35.6596999999999], [139.751299999999, 35.659099999999896]]]}, "properties": {"rsrp_dbm": -118.9, "quality": "very_weak", "band": "n257", "fill": "#ff5252", "fill-opacity": 0.18, "stroke": "#ff5252", "stroke-opacity": 0.3, "stroke-width": 0, "extrude_height": 128.1, "building_height": 128.1}}, {"type": "Feature", "geometry": {"type": "Polygon", "coordinates": [[[139.75189999999898, 35.659099999999896], [139.752499999999, 35.659099999999896], [139.752499999999, 35.6596999999999], [139.75189999999898, 35.6596999999999], [139.75189999999898, 35.659099999999896]]]}, "properties": {"rsrp_dbm": -119.6, "quality": "very_weak", "band": "n257", "fill": "#ff5252", "fill-opacity": 0.18, "stroke": "#ff5252", "stroke-opacity": 0.3, "stroke-width": 0, "extrude_height": 128.1, "building_height": 128.1}}, {"type": "Feature", "geometry": {"type": "Polygon", "coordinates": [[[139.75249999999897, 35.659099999999896], [139.753099999999, 35.659099999999896], [139.753099999999, 35.6596999999999], [139.75249999999897, 35.6596999999999], [139.75249999999897, 35.659099999999896]]]}, "properties": {"rsrp_dbm": -120.2, "quality": "very_weak", "band": "n257", "fill": "#ff5252", "fill-opacity": 0.18, "stroke": "#ff5252", "stroke-opacity": 0.3, "stroke-width": 0, "extrude_height": 128.1, "building_height": 128.1}}, {"type": "Feature", "geometry": {"type": "Polygon", "coordinates": [[[139.75309999999897, 35.659099999999896], [139.753699999999, 35.659099999999896], [139.753699999999, 35.6596999999999], [139.75309999999897, 35.6596999999999], [139.75309999999897, 35.659099999999896]]]}, "properties": {"rsrp_dbm": -120.9, "quality": "very_weak", "band": "n257", "fill": "#ff5252", "fill-opacity": 0.18, "stroke": "#ff5252", "stroke-opacity": 0.3, "stroke-width": 0, "extrude_height": 59.9, "building_height": 59.9}}, {"type": "Feature", "geometry": {"type": "Polygon", "coordinates": [[[139.73089999999928, 35.659699999999894], [139.7314999999993, 35.659699999999894], [139.7314999999993, 35.6602999999999], [139.73089999999928, 35.6602999999999], [139.73089999999928, 35.659699999999894]]]}, "properties": {"rsrp_dbm": -101.7, "quality": "moderate", "band": "n257", "fill": "#ffca28", "fill-opacity": 0.18, "stroke": "#ffca28", "stroke-opacity": 0.3, "stroke-width": 0, "extrude_height": 25.6, "building_height": 25.6}}, {"type": "Feature", "geometry": {"type": "Polygon", "coordinates": [[[139.73149999999927, 35.659699999999894], [139.7320999999993, 35.659699999999894], [139.7320999999993, 35.6602999999999], [139.73149999999927, 35.6602999999999], [139.73149999999927, 35.659699999999894]]]}, "properties": {"rsrp_dbm": -99.7, "quality": "moderate", "band": "n257", "fill": "#ffca28", "fill-opacity": 0.18, "stroke": "#ffca28", "stroke-opacity": 0.3, "stroke-width": 0, "extrude_height": 25.6, "building_height": 25.6}}, {"type": "Feature", "geometry": {"type": "Polygon", "coordinates": [[[139.73449999999923, 35.659699999999894], [139.73509999999925, 35.659699999999894], [139.73509999999925, 35.6602999999999], [139.73449999999923, 35.6602999999999], [139.73449999999923, 35.659699999999894]]]}, "properties": {"rsrp_dbm": -98.8, "quality": "moderate", "band": "n257", "fill": "#ffca28", "fill-opacity": 0.18, "stroke": "#ffca28", "stroke-opacity": 0.3, "stroke-width": 0, "extrude_height": 21.0, "building_height": 21.0}}, {"type": "Feature", "geometry": {"type": "Polygon", "coordinates": [[[139.73509999999922, 35.659699999999894], [139.73569999999924, 35.659699999999894], [139.73569999999924, 35.6602999999999], [139.73509999999922, 35.6602999999999], [139.73509999999922, 35.659699999999894]]]}, "properties": {"rsrp_dbm": -108.4, "quality": "weak", "band": "n257", "fill": "#ff9800", "fill-opacity": 0.18, "stroke": "#ff9800", "stroke-opacity": 0.3, "stroke-width": 0, "extrude_height": 21.0, "building_height": 21.0}}, {"type": "Feature", "geometry": {"type": "Polygon", "coordinates": [[[139.7356999999992, 35.659699999999894], [139.73629999999923, 35.659699999999894], [139.73629999999923, 35.6602999999999], [139.7356999999992, 35.6602999999999], [139.7356999999992, 35.659699999999894]]]}, "properties": {"rsrp_dbm": -71.5, "quality": "strong", "band": "n257", "fill": "#00e676", "fill-opacity": 0.18, "stroke": "#00e676", "stroke-opacity": 0.3, "stroke-width": 0, "extrude_height": 21.0, "building_height": 21.0}}, {"type": "Feature", "geometry": {"type": "Polygon", "coordinates": [[[139.7362999999992, 35.659699999999894], [139.73689999999922, 35.659699999999894], [139.73689999999922, 35.6602999999999], [139.7362999999992, 35.6602999999999], [139.7362999999992, 35.659699999999894]]]}, "properties": {"rsrp_dbm": -65.5, "quality": "strong", "band": "n257", "fill": "#00e676", "fill-opacity": 0.18, "stroke": "#00e676", "stroke-opacity": 0.3, "stroke-width": 0, "extrude_height": 21.0, "building_height": 21.0}}, {"type": "Feature", "geometry": {"type": "Polygon", "coordinates": [[[139.7374999999992, 35.659699999999894], [139.7380999999992, 35.659699999999894], [139.7380999999992, 35.6602999999999], [139.7374999999992, 35.6602999999999], [139.7374999999992, 35.659699999999894]]]}, "properties": {"rsrp_dbm": -69.1, "quality": "strong", "band": "n257", "fill": "#00e676", "fill-opacity": 0.18, "stroke": "#00e676", "stroke-opacity": 0.3, "stroke-width": 0, "extrude_height": 35.2, "building_height": 35.2}}, {"type": "Feature", "geometry": {"type": "Polygon", "coordinates": [[[139.73809999999918, 35.659699999999894], [139.7386999999992, 35.659699999999894], [139.7386999999992, 35.6602999999999], [139.73809999999918, 35.6602999999999], [139.73809999999918, 35.659699999999894]]]}, "properties": {"rsrp_dbm": -76.3, "quality": "good", "band": "n257", "fill": "#66bb6a", "fill-opacity": 0.18, "stroke": "#66bb6a", "stroke-opacity": 0.3, "stroke-width": 0, "extrude_height": 100.0, "building_height": 100.0}}, {"type": "Feature", "geometry": {"type": "Polygon", "coordinates": [[[139.73869999999917, 35.659699999999894], [139.7392999999992, 35.659699999999894], [139.7392999999992, 35.6602999999999], [139.73869999999917, 35.6602999999999], [139.73869999999917, 35.659699999999894]]]}, "properties": {"rsrp_dbm": -82.2, "quality": "good", "band": "n257", "fill": "#66bb6a", "fill-opacity": 0.18, "stroke": "#66bb6a", "stroke-opacity": 0.3, "stroke-width": 0, "extrude_height": 100.0, "building_height": 100.0}}, {"type": "Feature", "geometry": {"type": "Polygon", "coordinates": [[[139.73929999999916, 35.659699999999894], [139.73989999999918, 35.659699999999894], [139.73989999999918, 35.6602999999999], [139.73929999999916, 35.6602999999999], [139.73929999999916, 35.659699999999894]]]}, "properties": {"rsrp_dbm": -116.9, "quality": "very_weak", "band": "n257", "fill": "#ff5252", "fill-opacity": 0.18, "stroke": "#ff5252", "stroke-opacity": 0.3, "stroke-width": 0, "extrude_height": 325.2, "building_height": 325.2}}, {"type": "Feature", "geometry": {"type": "Polygon", "coordinates": [[[139.73989999999915, 35.659699999999894], [139.74049999999917, 35.659699999999894], [139.74049999999917, 35.6602999999999], [139.73989999999915, 35.6602999999999], [139.73989999999915, 35.659699999999894]]]}, "properties": {"rsrp_dbm": -120.7, "quality": "very_weak", "band": "n257", "fill": "#ff5252", "fill-opacity": 0.18, "stroke": "#ff5252", "stroke-opacity": 0.3, "stroke-width": 0, "extrude_height": 325.2, "building_height": 325.2}}, {"type": "Feature", "geometry": {"type": "Polygon", "coordinates": [[[139.74049999999914, 35.659699999999894], [139.74109999999916, 35.659699999999894], [139.74109999999916, 35.6602999999999], [139.74049999999914, 35.6602999999999], [139.74049999999914, 35.659699999999894]]]}, "properties": {"rsrp_dbm": -123.9, "quality": "very_weak", "band": "n257", "fill": "#ff5252", "fill-opacity": 0.18, "stroke": "#ff5252", "stroke-opacity": 0.3, "stroke-width": 0, "extrude_height": 325.2, "building_height": 325.2}}, {"type": "Feature", "geometry": {"type": "Polygon", "coordinates": [[[139.74109999999914, 35.659699999999894], [139.74169999999916, 35.659699999999894], [139.74169999999916, 35.6602999999999], [139.74109999999914, 35.6602999999999], [139.74109999999914, 35.659699999999894]]]}, "properties": {"rsrp_dbm": -126.6, "quality": "very_weak", "band": "n257", "fill": "#ff5252", "fill-opacity": 0.18, "stroke": "#ff5252", "stroke-opacity": 0.3, "stroke-width": 0, "extrude_height": 325.2, "building_height": 325.2}}, {"type": "Feature", "geometry": {"type": "Polygon", "coordinates": [[[139.74169999999913, 35.659699999999894], [139.74229999999915, 35.659699999999894], [139.74229999999915, 35.6602999999999], [139.74169999999913, 35.6602999999999], [139.74169999999913, 35.659699999999894]]]}, "properties": {"rsrp_dbm": -128.9, "quality": "very_weak", "band": "n257", "fill": "#ff5252", "fill-opacity": 0.18, "stroke": "#ff5252", "stroke-opacity": 0.3, "stroke-width": 0, "extrude_height": 48.0, "building_height": 48.0}}, {"type": "Feature", "geometry": {"type": "Polygon", "coordinates": [[[139.750699999999, 35.659699999999894], [139.75129999999902, 35.659699999999894], [139.75129999999902, 35.6602999999999], [139.750699999999, 35.6602999999999], [139.750699999999, 35.659699999999894]]]}, "properties": {"rsrp_dbm": -117.5, "quality": "very_weak", "band": "n257", "fill": "#ff5252", "fill-opacity": 0.18, "stroke": "#ff5252", "stroke-opacity": 0.3, "stroke-width": 0, "extrude_height": 128.1, "building_height": 128.1}}, {"type": "Feature", "geometry": {"type": "Polygon", "coordinates": [[[139.73089999999928, 35.66029999999989], [139.7314999999993, 35.66029999999989], [139.7314999999993, 35.6608999999999], [139.73089999999928, 35.6608999999999], [139.73089999999928, 35.66029999999989]]]}, "properties": {"rsrp_dbm": -100.7, "quality": "moderate", "band": "n257", "fill": "#ffca28", "fill-opacity": 0.18, "stroke": "#ffca28", "stroke-opacity": 0.3, "stroke-width": 0, "extrude_height": 25.6, "building_height": 25.6}}, {"type": "Feature", "geometry": {"type": "Polygon", "coordinates": [[[139.73149999999927, 35.66029999999989], [139.7320999999993, 35.66029999999989], [139.7320999999993, 35.6608999999999], [139.73149999999927, 35.6608999999999], [139.73149999999927, 35.66029999999989]]]}, "properties": {"rsrp_dbm": -98.7, "quality": "moderate", "band": "n257", "fill": "#ffca28", "fill-opacity": 0.18, "stroke": "#ffca28", "stroke-opacity": 0.3, "stroke-width": 0, "extrude_height": 25.6, "building_height": 25.6}}, {"type": "Feature", "geometry": {"type": "Polygon", "coordinates": [[[139.73449999999923, 35.66029999999989], [139.73509999999925, 35.66029999999989], [139.73509999999925, 35.6608999999999], [139.73449999999923, 35.6608999999999], [139.73449999999923, 35.66029999999989]]]}, "properties": {"rsrp_dbm": -84.5, "quality": "good", "band": "n257", "fill": "#66bb6a", "fill-opacity": 0.18, "stroke": "#66bb6a", "stroke-opacity": 0.3, "stroke-width": 0, "extrude_height": 21.0, "building_height": 21.0}}, {"type": "Feature", "geometry": {"type": "Polygon", "coordinates": [[[139.73509999999922, 35.66029999999989], [139.73569999999924, 35.66029999999989], [139.73569999999924, 35.6608999999999], [139.73509999999922, 35.6608999999999], [139.73509999999922, 35.66029999999989]]]}, "properties": {"rsrp_dbm": -100.0, "quality": "moderate", "band": "n257", "fill": "#ffca28", "fill-opacity": 0.18, "stroke": "#ffca28", "stroke-opacity": 0.3, "stroke-width": 0, "extrude_height": 21.0, "building_height": 21.0}}, {"type": "Feature", "geometry": {"type": "Polygon", "coordinates": [[[139.7356999999992, 35.66029999999989], [139.73629999999923, 35.66029999999989], [139.73629999999923, 35.6608999999999], [139.7356999999992, 35.6608999999999], [139.7356999999992, 35.66029999999989]]]}, "properties": {"rsrp_dbm": -77.8, "quality": "good", "band": "n257", "fill": "#66bb6a", "fill-opacity": 0.18, "stroke": "#66bb6a", "stroke-opacity": 0.3, "stroke-width": 0, "extrude_height": 21.0, "building_height": 21.0}}, {"type": "Feature", "geometry": {"type": "Polygon", "coordinates": [[[139.7362999999992, 35.66029999999989], [139.73689999999922, 35.66029999999989], [139.73689999999922, 35.6608999999999], [139.7362999999992, 35.6608999999999], [139.7362999999992, 35.66029999999989]]]}, "properties": {"rsrp_dbm": -77.4, "quality": "good", "band": "n257", "fill": "#66bb6a", "fill-opacity": 0.18, "stroke": "#66bb6a", "stroke-opacity": 0.3, "stroke-width": 0, "extrude_height": 62.8, "building_height": 62.8}}, {"type": "Feature", "geometry": {"type": "Polygon", "coordinates": [[[139.7368999999992, 35.66029999999989], [139.73749999999922, 35.66029999999989], [139.73749999999922, 35.6608999999999], [139.7368999999992, 35.6608999999999], [139.7368999999992, 35.66029999999989]]]}, "properties": {"rsrp_dbm": -78.4, "quality": "good", "band": "n257", "fill": "#66bb6a", "fill-opacity": 0.18, "stroke": "#66bb6a", "stroke-opacity": 0.3, "stroke-width": 0, "extrude_height": 62.8, "building_height": 62.8}}, {"type": "Feature", "geometry": {"type": "Polygon", "coordinates": [[[139.7374999999992, 35.66029999999989], [139.7380999999992, 35.66029999999989], [139.7380999999992, 35.6608999999999], [139.7374999999992, 35.6608999999999], [139.7374999999992, 35.66029999999989]]]}, "properties": {"rsrp_dbm": -77.2, "quality": "good", "band": "n257", "fill": "#66bb6a", "fill-opacity": 0.18, "stroke": "#66bb6a", "stroke-opacity": 0.3, "stroke-width": 0, "extrude_height": 62.8, "building_height": 62.8}}, {"type": "Feature", "geometry": {"type": "Polygon", "coordinates": [[[139.73809999999918, 35.66029999999989], [139.7386999999992, 35.66029999999989], [139.7386999999992, 35.6608999999999], [139.73809999999918, 35.6608999999999], [139.73809999999918, 35.66029999999989]]]}, "properties": {"rsrp_dbm": -79.7, "quality": "good", "band": "n257", "fill": "#66bb6a", "fill-opacity": 0.18, "stroke": "#66bb6a", "stroke-opacity": 0.3, "stroke-width": 0, "extrude_height": 100.0, "building_height": 100.0}}, {"type": "Feature", "geometry": {"type": "Polygon", "coordinates": [[[139.73869999999917, 35.66029999999989], [139.7392999999992, 35.66029999999989], [139.7392999999992, 35.6608999999999], [139.73869999999917, 35.6608999999999], [139.73869999999917, 35.66029999999989]]]}, "properties": {"rsrp_dbm": -83.3, "quality": "good", "band": "n257", "fill": "#66bb6a", "fill-opacity": 0.18, "stroke": "#66bb6a", "stroke-opacity": 0.3, "stroke-width": 0, "extrude_height": 100.0, "building_height": 100.0}}, {"type": "Feature", "geometry": {"type": "Polygon", "coordinates": [[[139.73929999999916, 35.66029999999989], [139.73989999999918, 35.66029999999989], [139.73989999999918, 35.6608999999999], [139.73929999999916, 35.6608999999999], [139.73929999999916, 35.66029999999989]]]}, "properties": {"rsrp_dbm": -116.9, "quality": "very_weak", "band": "n257", "fill": "#ff5252", "fill-opacity": 0.18, "stroke": "#ff5252", "stroke-opacity": 0.3, "stroke-width": 0, "extrude_height": 325.2, "building_height": 325.2}}, {"type": "Feature", "geometry": {"type": "Polygon", "coordinates": [[[139.73989999999915, 35.66029999999989], [139.74049999999917, 35.66029999999989], [139.74049999999917, 35.6608999999999], [139.73989999999915, 35.6608999999999], [139.73989999999915, 35.66029999999989]]]}, "properties": {"rsrp_dbm": -120.2, "quality": "very_weak", "band": "n257", "fill": "#ff5252", "fill-opacity": 0.18, "stroke": "#ff5252", "stroke-opacity": 0.3, "stroke-width": 0, "extrude_height": 325.2, "building_height": 325.2}}, {"type": "Feature", "geometry": {"type": "Polygon", "coordinates": [[[139.74049999999914, 35.66029999999989], [139.74109999999916, 35.66029999999989], [139.74109999999916, 35.6608999999999], [139.74049999999914, 35.6608999999999], [139.74049999999914, 35.66029999999989]]]}, "properties": {"rsrp_dbm": -123.1, "quality": "very_weak", "band": "n257", "fill": "#ff5252", "fill-opacity": 0.18, "stroke": "#ff5252", "stroke-opacity": 0.3, "stroke-width": 0, "extrude_height": 325.2, "building_height": 325.2}}, {"type": "Feature", "geometry": {"type": "Polygon", "coordinates": [[[139.74109999999914, 35.66029999999989], [139.74169999999916, 35.66029999999989], [139.74169999999916, 35.6608999999999], [139.74109999999914, 35.6608999999999], [139.74109999999914, 35.66029999999989]]]}, "properties": {"rsrp_dbm": -125.7, "quality": "very_weak", "band": "n257", "fill": "#ff5252", "fill-opacity": 0.18, "stroke": "#ff5252", "stroke-opacity": 0.3, "stroke-width": 0, "extrude_height": 325.2, "building_height": 325.2}}, {"type": "Feature", "geometry": {"type": "Polygon", "coordinates": [[[139.74169999999913, 35.66029999999989], [139.74229999999915, 35.66029999999989], [139.74229999999915, 35.6608999999999], [139.74169999999913, 35.6608999999999], [139.74169999999913, 35.66029999999989]]]}, "properties": {"rsrp_dbm": -128.0, "quality": "very_weak", "band": "n257", "fill": "#ff5252", "fill-opacity": 0.18, "stroke": "#ff5252", "stroke-opacity": 0.3, "stroke-width": 0, "extrude_height": 35.2, "building_height": 35.2}}, {"type": "Feature", "geometry": {"type": "Polygon", "coordinates": [[[139.751299999999, 35.66029999999989], [139.751899999999, 35.66029999999989], [139.751899999999, 35.6608999999999], [139.751299999999, 35.6608999999999], [139.751299999999, 35.66029999999989]]]}, "properties": {"rsrp_dbm": -127.2, "quality": "very_weak", "band": "n257", "fill": "#ff5252", "fill-opacity": 0.18, "stroke": "#ff5252", "stroke-opacity": 0.3, "stroke-width": 0, "extrude_height": 128.1, "building_height": 128.1}}, {"type": "Feature", "geometry": {"type": "Polygon", "coordinates": [[[139.7290999999993, 35.66089999999989], [139.72969999999933, 35.66089999999989], [139.72969999999933, 35.6614999999999], [139.7290999999993, 35.6614999999999], [139.7290999999993, 35.66089999999989]]]}, "properties": {"rsrp_dbm": -105.1, "quality": "weak", "band": "n257", "fill": "#ff9800", "fill-opacity": 0.18, "stroke": "#ff9800", "stroke-opacity": 0.3, "stroke-width": 0, "extrude_height": 238.0, "building_height": 238.0}}, {"type": "Feature", "geometry": {"type": "Polygon", "coordinates": [[[139.7296999999993, 35.66089999999989], [139.73029999999932, 35.66089999999989], [139.73029999999932, 35.6614999999999], [139.7296999999993, 35.6614999999999], [139.7296999999993, 35.66089999999989]]]}, "properties": {"rsrp_dbm": -103.6, "quality": "moderate", "band": "n257", "fill": "#ffca28", "fill-opacity": 0.18, "stroke": "#ffca28", "stroke-opacity": 0.3, "stroke-width": 0, "extrude_height": 238.0, "building_height": 238.0}}, {"type": "Feature", "geometry": {"type": "Polygon", "coordinates": [[[139.7302999999993, 35.66089999999989], [139.7308999999993, 35.66089999999989], [139.7308999999993, 35.6614999999999], [139.7302999999993, 35.6614999999999], [139.7302999999993, 35.66089999999989]]]}, "properties": {"rsrp_dbm": -102.0, "quality": "moderate", "band": "n257", "fill": "#ffca28", "fill-opacity": 0.18, "stroke": "#ffca28", "stroke-opacity": 0.3, "stroke-width": 0, "extrude_height": 32.0, "building_height": 32.0}}, {"type": "Feature", "geometry": {"type": "Polygon", "coordinates": [[[139.73149999999927, 35.66089999999989], [139.7320999999993, 35.66089999999989], [139.7320999999993, 35.6614999999999], [139.73149999999927, 35.6614999999999], [139.73149999999927, 35.66089999999989]]]}, "properties": {"rsrp_dbm": -98.4, "quality": "moderate", "band": "n257", "fill": "#ffca28", "fill-opacity": 0.18, "stroke": "#ffca28", "stroke-opacity": 0.3, "stroke-width": 0, "extrude_height": 59.3, "building_height": 59.3}}, {"type": "Feature", "geometry": {"type": "Polygon", "coordinates": [[[139.73209999999926, 35.66089999999989], [139.73269999999928, 35.66089999999989], [139.73269999999928, 35.6614999999999], [139.73209999999926, 35.6614999999999], [139.73209999999926, 35.66089999999989]]]}, "properties": {"rsrp_dbm": -96.4, "quality": "moderate", "band": "n257", "fill": "#ffca28", "fill-opacity": 0.18, "stroke": "#ffca28", "stroke-opacity": 0.3, "stroke-width": 0, "extrude_height": 59.3, "building_height": 59.3}}, {"type": "Feature", "geometry": {"type": "Polygon", "coordinates": [[[139.73269999999926, 35.66089999999989], [139.73329999999928, 35.66089999999989], [139.73329999999928, 35.6614999999999], [139.73269999999926, 35.6614999999999], [139.73269999999926, 35.66089999999989]]]}, "properties": {"rsrp_dbm": -94.2, "quality": "moderate", "band": "n257", "fill": "#ffca28", "fill-opacity": 0.18, "stroke": "#ffca28", "stroke-opacity": 0.3, "stroke-width": 0, "extrude_height": 59.3, "building_height": 59.3}}, {"type": "Feature", "geometry": {"type": "Polygon", "coordinates": [[[139.73329999999925, 35.66089999999989], [139.73389999999927, 35.66089999999989], [139.73389999999927, 35.6614999999999], [139.73329999999925, 35.6614999999999], [139.73329999999925, 35.66089999999989]]]}, "properties": {"rsrp_dbm": -91.8, "quality": "moderate", "band": "n257", "fill": "#ffca28", "fill-opacity": 0.18, "stroke": "#ffca28", "stroke-opacity": 0.3, "stroke-width": 0, "extrude_height": 59.3, "building_height": 59.3}}, {"type": "Feature", "geometry": {"type": "Polygon", "coordinates": [[[139.73389999999924, 35.66089999999989], [139.73449999999926, 35.66089999999989], [139.73449999999926, 35.6614999999999], [139.73389999999924, 35.6614999999999], [139.73389999999924, 35.66089999999989]]]}, "properties": {"rsrp_dbm": -89.4, "quality": "good", "band": "n257", "fill": "#66bb6a", "fill-opacity": 0.18, "stroke": "#66bb6a", "stroke-opacity": 0.3, "stroke-width": 0, "extrude_height": 32.0, "building_height": 32.0}}, {"type": "Feature", "geometry": {"type": "Polygon", "coordinates": [[[139.73449999999923, 35.66089999999989], [139.73509999999925, 35.66089999999989], [139.73509999999925, 35.6614999999999], [139.73449999999923, 35.6614999999999], [139.73449999999923, 35.66089999999989]]]}, "properties": {"rsrp_dbm": -87.0, "quality": "good", "band": "n257", "fill": "#66bb6a", "fill-opacity": 0.18, "stroke": "#66bb6a", "stroke-opacity": 0.3, "stroke-width": 0, "extrude_height": 57.5, "building_height": 57.5}}, {"type": "Feature", "geometry": {"type": "Polygon", "coordinates": [[[139.73509999999922, 35.66089999999989], [139.73569999999924, 35.66089999999989], [139.73569999999924, 35.6614999999999], [139.73509999999922, 35.6614999999999], [139.73509999999922, 35.66089999999989]]]}, "properties": {"rsrp_dbm": -84.9, "quality": "good", "band": "n257", "fill": "#66bb6a", "fill-opacity": 0.18, "stroke": "#66bb6a", "stroke-opacity": 0.3, "stroke-width": 0, "extrude_height": 57.5, "building_height": 57.5}}, {"type": "Feature", "geometry": {"type": "Polygon", "coordinates": [[[139.7356999999992, 35.66089999999989], [139.73629999999923, 35.66089999999989], [139.73629999999923, 35.6614999999999], [139.7356999999992, 35.6614999999999], [139.7356999999992, 35.66089999999989]]]}, "properties": {"rsrp_dbm": -83.9, "quality": "good", "band": "n257", "fill": "#66bb6a", "fill-opacity": 0.18, "stroke": "#66bb6a", "stroke-opacity": 0.3, "stroke-width": 0, "extrude_height": 57.5, "building_height": 57.5}}, {"type": "Feature", "geometry": {"type": "Polygon", "coordinates": [[[139.7362999999992, 35.66089999999989], [139.73689999999922, 35.66089999999989], [139.73689999999922, 35.6614999999999], [139.7362999999992, 35.6614999999999], [139.7362999999992, 35.66089999999989]]]}, "properties": {"rsrp_dbm": -84.8, "quality": "good", "band": "n257", "fill": "#66bb6a", "fill-opacity": 0.18, "stroke": "#66bb6a", "stroke-opacity": 0.3, "stroke-width": 0, "extrude_height": 62.8, "building_height": 62.8}}, {"type": "Feature", "geometry": {"type": "Polygon", "coordinates": [[[139.7368999999992, 35.66089999999989], [139.73749999999922, 35.66089999999989], [139.73749999999922, 35.6614999999999], [139.7368999999992, 35.6614999999999], [139.7368999999992, 35.66089999999989]]]}, "properties": {"rsrp_dbm": -85.7, "quality": "good", "band": "n257", "fill": "#66bb6a", "fill-opacity": 0.18, "stroke": "#66bb6a", "stroke-opacity": 0.3, "stroke-width": 0, "extrude_height": 62.8, "building_height": 62.8}}, {"type": "Feature", "geometry": {"type": "Polygon", "coordinates": [[[139.7374999999992, 35.66089999999989], [139.7380999999992, 35.66089999999989], [139.7380999999992, 35.6614999999999], [139.7374999999992, 35.6614999999999], [139.7374999999992, 35.66089999999989]]]}, "properties": {"rsrp_dbm": -84.0, "quality": "good", "band": "n257", "fill": "#66bb6a", "fill-opacity": 0.18, "stroke": "#66bb6a", "stroke-opacity": 0.3, "stroke-width": 0, "extrude_height": 62.8, "building_height": 62.8}}, {"type": "Feature", "geometry": {"type": "Polygon", "coordinates": [[[139.73809999999918, 35.66089999999989], [139.7386999999992, 35.66089999999989], [139.7386999999992, 35.6614999999999], [139.73809999999918, 35.6614999999999], [139.73809999999918, 35.66089999999989]]]}, "properties": {"rsrp_dbm": -84.4, "quality": "good", "band": "n257", "fill": "#66bb6a", "fill-opacity": 0.18, "stroke": "#66bb6a", "stroke-opacity": 0.3, "stroke-width": 0, "extrude_height": 100.0, "building_height": 100.0}}, {"type": "Feature", "geometry": {"type": "Polygon", "coordinates": [[[139.73869999999917, 35.66089999999989], [139.7392999999992, 35.66089999999989], [139.7392999999992, 35.6614999999999], [139.73869999999917, 35.6614999999999], [139.73869999999917, 35.66089999999989]]]}, "properties": {"rsrp_dbm": -116.2, "quality": "very_weak", "band": "n257", "fill": "#ff5252", "fill-opacity": 0.18, "stroke": "#ff5252", "stroke-opacity": 0.3, "stroke-width": 0, "extrude_height": 100.0, "building_height": 100.0}}, {"type": "Feature", "geometry": {"type": "Polygon", "coordinates": [[[139.73929999999916, 35.66089999999989], [139.73989999999918, 35.66089999999989], [139.73989999999918, 35.6614999999999], [139.73929999999916, 35.6614999999999], [139.73929999999916, 35.66089999999989]]]}, "properties": {"rsrp_dbm": -88.5, "quality": "good", "band": "n257", "fill": "#66bb6a", "fill-opacity": 0.18, "stroke": "#66bb6a", "stroke-opacity": 0.3, "stroke-width": 0, "extrude_height": 325.2, "building_height": 325.2}}, {"type": "Feature", "geometry": {"type": "Polygon", "coordinates": [[[139.73989999999915, 35.66089999999989], [139.74049999999917, 35.66089999999989], [139.74049999999917, 35.6614999999999], [139.73989999999915, 35.6614999999999], [139.73989999999915, 35.66089999999989]]]}, "properties": {"rsrp_dbm": -91.0, "quality": "moderate", "band": "n257", "fill": "#ffca28", "fill-opacity": 0.18, "stroke": "#ffca28", "stroke-opacity": 0.3, "stroke-width": 0, "extrude_height": 325.2, "building_height": 325.2}}, {"type": "Feature", "geometry": {"type": "Polygon", "coordinates": [[[139.74049999999914, 35.66089999999989], [139.74109999999916, 35.66089999999989], [139.74109999999916, 35.6614999999999], [139.74049999999914, 35.6614999999999], [139.74049999999914, 35.66089999999989]]]}, "properties": {"rsrp_dbm": -123.4, "quality": "very_weak", "band": "n257", "fill": "#ff5252", "fill-opacity": 0.18, "stroke": "#ff5252", "stroke-opacity": 0.3, "stroke-width": 0, "extrude_height": 325.2, "building_height": 325.2}}, {"type": "Feature", "geometry": {"type": "Polygon", "coordinates": [[[139.74109999999914, 35.66089999999989], [139.74169999999916, 35.66089999999989], [139.74169999999916, 35.6614999999999], [139.74109999999914, 35.6614999999999], [139.74109999999914, 35.66089999999989]]]}, "properties": {"rsrp_dbm": -125.6, "quality": "very_weak", "band": "n257", "fill": "#ff5252", "fill-opacity": 0.18, "stroke": "#ff5252", "stroke-opacity": 0.3, "stroke-width": 0, "extrude_height": 325.2, "building_height": 325.2}}, {"type": "Feature", "geometry": {"type": "Polygon", "coordinates": [[[139.74169999999913, 35.66089999999989], [139.74229999999915, 35.66089999999989], [139.74229999999915, 35.6614999999999], [139.74169999999913, 35.6614999999999], [139.74169999999913, 35.66089999999989]]]}, "properties": {"rsrp_dbm": -127.7, "quality": "very_weak", "band": "n257", "fill": "#ff5252", "fill-opacity": 0.18, "stroke": "#ff5252", "stroke-opacity": 0.3, "stroke-width": 0, "extrude_height": 35.2, "building_height": 35.2}}, {"type": "Feature", "geometry": {"type": "Polygon", "coordinates": [[[139.74229999999912, 35.66089999999989], [139.74289999999914, 35.66089999999989], [139.74289999999914, 35.6614999999999], [139.74229999999912, 35.6614999999999], [139.74229999999912, 35.66089999999989]]]}, "properties": {"rsrp_dbm": -129.7, "quality": "very_weak", "band": "n257", "fill": "#ff5252", "fill-opacity": 0.18, "stroke": "#ff5252", "stroke-opacity": 0.3, "stroke-width": 0, "extrude_height": 35.2, "building_height": 35.2}}, {"type": "Feature", "geometry": {"type": "Polygon", "coordinates": [[[139.750699999999, 35.66089999999989], [139.75129999999902, 35.66089999999989], [139.75129999999902, 35.6614999999999], [139.750699999999, 35.6614999999999], [139.750699999999, 35.66089999999989]]]}, "properties": {"rsrp_dbm": -129.1, "quality": "very_weak", "band": "n257", "fill": "#ff5252", "fill-opacity": 0.18, "stroke": "#ff5252", "stroke-opacity": 0.3, "stroke-width": 0, "extrude_height": 128.1, "building_height": 128.1}}, {"type": "Feature", "geometry": {"type": "Polygon", "coordinates": [[[139.751299999999, 35.66089999999989], [139.751899999999, 35.66089999999989], [139.751899999999, 35.6614999999999], [139.751299999999, 35.6614999999999], [139.751299999999, 35.66089999999989]]]}, "properties": {"rsrp_dbm": -126.0, "quality": "very_weak", "band": "n257", "fill": "#ff5252", "fill-opacity": 0.18, "stroke": "#ff5252", "stroke-opacity": 0.3, "stroke-width": 0, "extrude_height": 128.1, "building_height": 128.1}}, {"type": "Feature", "geometry": {"type": "Polygon", "coordinates": [[[139.7290999999993, 35.66149999999989], [139.72969999999933, 35.66149999999989], [139.72969999999933, 35.662099999999896], [139.7290999999993, 35.662099999999896], [139.7290999999993, 35.66149999999989]]]}, "properties": {"rsrp_dbm": -104.9, "quality": "moderate", "band": "n257", "fill": "#ffca28", "fill-opacity": 0.18, "stroke": "#ffca28", "stroke-opacity": 0.3, "stroke-width": 0, "extrude_height": 41.6, "building_height": 41.6}}, {"type": "Feature", "geometry": {"type": "Polygon", "coordinates": [[[139.7296999999993, 35.66149999999989], [139.73029999999932, 35.66149999999989], [139.73029999999932, 35.662099999999896], [139.7296999999993, 35.662099999999896], [139.7296999999993, 35.66149999999989]]]}, "properties": {"rsrp_dbm": -103.4, "quality": "moderate", "band": "n257", "fill": "#ffca28", "fill-opacity": 0.18, "stroke": "#ffca28", "stroke-opacity": 0.3, "stroke-width": 0, "extrude_height": 32.0, "building_height": 32.0}}, {"type": "Feature", "geometry": {"type": "Polygon", "coordinates": [[[139.7302999999993, 35.66149999999989], [139.7308999999993, 35.66149999999989], [139.7308999999993, 35.662099999999896], [139.7302999999993, 35.662099999999896], [139.7302999999993, 35.66149999999989]]]}, "properties": {"rsrp_dbm": -101.9, "quality": "moderate", "band": "n257", "fill": "#ffca28", "fill-opacity": 0.18, "stroke": "#ffca28", "stroke-opacity": 0.3, "stroke-width": 0, "extrude_height": 32.0, "building_height": 32.0}}, {"type": "Feature", "geometry": {"type": "Polygon", "coordinates": [[[139.73089999999928, 35.66149999999989], [139.7314999999993, 35.66149999999989], [139.7314999999993, 35.662099999999896], [139.73089999999928, 35.662099999999896], [139.73089999999928, 35.66149999999989]]]}, "properties": {"rsrp_dbm": -100.3, "quality": "moderate", "band": "n257", "fill": "#ffca28", "fill-opacity": 0.18, "stroke": "#ffca28", "stroke-opacity": 0.3, "stroke-width": 0, "extrude_height": 32.0, "building_height": 32.0}}, {"type": "Feature", "geometry": {"type": "Polygon", "coordinates": [[[139.73149999999927, 35.66149999999989], [139.7320999999993, 35.66149999999989], [139.7320999999993, 35.662099999999896], [139.73149999999927, 35.662099999999896], [139.73149999999927, 35.66149999999989]]]}, "properties": {"rsrp_dbm": -98.7, "quality": "moderate", "band": "n257", "fill": "#ffca28", "fill-opacity": 0.18, "stroke": "#ffca28", "stroke-opacity": 0.3, "stroke-width": 0, "extrude_height": 59.3, "building_height": 59.3}}, {"type": "Feature", "geometry": {"type": "Polygon", "coordinates": [[[139.73209999999926, 35.66149999999989], [139.73269999999928, 35.66149999999989], [139.73269999999928, 35.662099999999896], [139.73209999999926, 35.662099999999896], [139.73209999999926, 35.66149999999989]]]}, "properties": {"rsrp_dbm": -126.9, "quality": "very_weak", "band": "n257", "fill": "#ff5252", "fill-opacity": 0.18, "stroke": "#ff5252", "stroke-opacity": 0.3, "stroke-width": 0, "extrude_height": 59.3, "building_height": 59.3}}, {"type": "Feature", "geometry": {"type": "Polygon", "coordinates": [[[139.73269999999926, 35.66149999999989], [139.73329999999928, 35.66149999999989], [139.73329999999928, 35.662099999999896], [139.73269999999926, 35.662099999999896], [139.73269999999926, 35.66149999999989]]]}, "properties": {"rsrp_dbm": -95.1, "quality": "moderate", "band": "n257", "fill": "#ffca28", "fill-opacity": 0.18, "stroke": "#ffca28", "stroke-opacity": 0.3, "stroke-width": 0, "extrude_height": 59.3, "building_height": 59.3}}, {"type": "Feature", "geometry": {"type": "Polygon", "coordinates": [[[139.73329999999925, 35.66149999999989], [139.73389999999927, 35.66149999999989], [139.73389999999927, 35.662099999999896], [139.73329999999925, 35.662099999999896], [139.73329999999925, 35.66149999999989]]]}, "properties": {"rsrp_dbm": -93.2, "quality": "moderate", "band": "n257", "fill": "#ffca28", "fill-opacity": 0.18, "stroke": "#ffca28", "stroke-opacity": 0.3, "stroke-width": 0, "extrude_height": 59.3, "building_height": 59.3}}, {"type": "Feature", "geometry": {"type": "Polygon", "coordinates": [[[139.73389999999924, 35.66149999999989], [139.73449999999926, 35.66149999999989], [139.73449999999926, 35.662099999999896], [139.73389999999924, 35.662099999999896], [139.73389999999924, 35.66149999999989]]]}, "properties": {"rsrp_dbm": -91.5, "quality": "moderate", "band": "n257", "fill": "#ffca28", "fill-opacity": 0.18, "stroke": "#ffca28", "stroke-opacity": 0.3, "stroke-width": 0, "extrude_height": 32.0, "building_height": 32.0}}, {"type": "Feature", "geometry": {"type": "Polygon", "coordinates": [[[139.73449999999923, 35.66149999999989], [139.73509999999925, 35.66149999999989], [139.73509999999925, 35.662099999999896], [139.73449999999923, 35.662099999999896], [139.73449999999923, 35.66149999999989]]]}, "properties": {"rsrp_dbm": -90.0, "quality": "good", "band": "n257", "fill": "#66bb6a", "fill-opacity": 0.18, "stroke": "#66bb6a", "stroke-opacity": 0.3, "stroke-width": 0, "extrude_height": 57.5, "building_height": 57.5}}, {"type": "Feature", "geometry": {"type": "Polygon", "coordinates": [[[139.73509999999922, 35.66149999999989], [139.73569999999924, 35.66149999999989], [139.73569999999924, 35.662099999999896], [139.73509999999922, 35.662099999999896], [139.73509999999922, 35.66149999999989]]]}, "properties": {"rsrp_dbm": -89.0, "quality": "good", "band": "n257", "fill": "#66bb6a", "fill-opacity": 0.18, "stroke": "#66bb6a", "stroke-opacity": 0.3, "stroke-width": 0, "extrude_height": 57.5, "building_height": 57.5}}, {"type": "Feature", "geometry": {"type": "Polygon", "coordinates": [[[139.7356999999992, 35.66149999999989], [139.73629999999923, 35.66149999999989], [139.73629999999923, 35.662099999999896], [139.7356999999992, 35.662099999999896], [139.7356999999992, 35.66149999999989]]]}, "properties": {"rsrp_dbm": -88.9, "quality": "good", "band": "n257", "fill": "#66bb6a", "fill-opacity": 0.18, "stroke": "#66bb6a", "stroke-opacity": 0.3, "stroke-width": 0, "extrude_height": 57.5, "building_height": 57.5}}, {"type": "Feature", "geometry": {"type": "Polygon", "coordinates": [[[139.7362999999992, 35.66149999999989], [139.73689999999922, 35.66149999999989], [139.73689999999922, 35.662099999999896], [139.7362999999992, 35.662099999999896], [139.7362999999992, 35.66149999999989]]]}, "properties": {"rsrp_dbm": -90.1, "quality": "moderate", "band": "n257", "fill": "#ffca28", "fill-opacity": 0.18, "stroke": "#ffca28", "stroke-opacity": 0.3, "stroke-width": 0, "extrude_height": 62.8, "building_height": 62.8}}, {"type": "Feature", "geometry": {"type": "Polygon", "coordinates": [[[139.7368999999992, 35.66149999999989], [139.73749999999922, 35.66149999999989], [139.73749999999922, 35.662099999999896], [139.7368999999992, 35.662099999999896], [139.7368999999992, 35.66149999999989]]]}, "properties": {"rsrp_dbm": -120.9, "quality": "very_weak", "band": "n257", "fill": "#ff5252", "fill-opacity": 0.18, "stroke": "#ff5252", "stroke-opacity": 0.3, "stroke-width": 0, "extrude_height": 62.8, "building_height": 62.8}}, {"type": "Feature", "geometry": {"type": "Polygon", "coordinates": [[[139.7374999999992, 35.66149999999989], [139.7380999999992, 35.66149999999989], [139.7380999999992, 35.662099999999896], [139.7374999999992, 35.662099999999896], [139.7374999999992, 35.66149999999989]]]}, "properties": {"rsrp_dbm": -119.2, "quality": "very_weak", "band": "n257", "fill": "#ff5252", "fill-opacity": 0.18, "stroke": "#ff5252", "stroke-opacity": 0.3, "stroke-width": 0, "extrude_height": 62.8, "building_height": 62.8}}, {"type": "Feature", "geometry": {"type": "Polygon", "coordinates": [[[139.73809999999918, 35.66149999999989], [139.7386999999992, 35.66149999999989], [139.7386999999992, 35.662099999999896], [139.73809999999918, 35.662099999999896], [139.73809999999918, 35.66149999999989]]]}, "properties": {"rsrp_dbm": -118.1, "quality": "very_weak", "band": "n257", "fill": "#ff5252", "fill-opacity": 0.18, "stroke": "#ff5252", "stroke-opacity": 0.3, "stroke-width": 0, "extrude_height": 263.0, "building_height": 263.0}}, {"type": "Feature", "geometry": {"type": "Polygon", "coordinates": [[[139.73869999999917, 35.66149999999989], [139.7392999999992, 35.66149999999989], [139.7392999999992, 35.662099999999896], [139.73869999999917, 35.662099999999896], [139.73869999999917, 35.66149999999989]]]}, "properties": {"rsrp_dbm": -119.6, "quality": "very_weak", "band": "n257", "fill": "#ff5252", "fill-opacity": 0.18, "stroke": "#ff5252", "stroke-opacity": 0.3, "stroke-width": 0, "extrude_height": 263.0, "building_height": 263.0}}, {"type": "Feature", "geometry": {"type": "Polygon", "coordinates": [[[139.73929999999916, 35.66149999999989], [139.73989999999918, 35.66149999999989], [139.73989999999918, 35.662099999999896], [139.73929999999916, 35.662099999999896], [139.73929999999916, 35.66149999999989]]]}, "properties": {"rsrp_dbm": -120.9, "quality": "very_weak", "band": "n257", "fill": "#ff5252", "fill-opacity": 0.18, "stroke": "#ff5252", "stroke-opacity": 0.3, "stroke-width": 0, "extrude_height": 325.2, "building_height": 325.2}}, {"type": "Feature", "geometry": {"type": "Polygon", "coordinates": [[[139.73989999999915, 35.66149999999989], [139.74049999999917, 35.66149999999989], [139.74049999999917, 35.662099999999896], [139.73989999999915, 35.662099999999896], [139.73989999999915, 35.66149999999989]]]}, "properties": {"rsrp_dbm": -119.5, "quality": "very_weak", "band": "n257", "fill": "#ff5252", "fill-opacity": 0.18, "stroke": "#ff5252", "stroke-opacity": 0.3, "stroke-width": 0, "extrude_height": 325.2, "building_height": 325.2}}, {"type": "Feature", "geometry": {"type": "Polygon", "coordinates": [[[139.74049999999914, 35.66149999999989], [139.74109999999916, 35.66149999999989], [139.74109999999916, 35.662099999999896], [139.74049999999914, 35.662099999999896], [139.74049999999914, 35.66149999999989]]]}, "properties": {"rsrp_dbm": -94.4, "quality": "moderate", "band": "n257", "fill": "#ffca28", "fill-opacity": 0.18, "stroke": "#ffca28", "stroke-opacity": 0.3, "stroke-width": 0, "extrude_height": 325.2, "building_height": 325.2}}, {"type": "Feature", "geometry": {"type": "Polygon", "coordinates": [[[139.74109999999914, 35.66149999999989], [139.74169999999916, 35.66149999999989], [139.74169999999916, 35.662099999999896], [139.74109999999914, 35.662099999999896], [139.74109999999914, 35.66149999999989]]]}, "properties": {"rsrp_dbm": -126.3, "quality": "very_weak", "band": "n257", "fill": "#ff5252", "fill-opacity": 0.18, "stroke": "#ff5252", "stroke-opacity": 0.3, "stroke-width": 0, "extrude_height": 325.2, "building_height": 325.2}}, {"type": "Feature", "geometry": {"type": "Polygon", "coordinates": [[[139.74169999999913, 35.66149999999989], [139.74229999999915, 35.66149999999989], [139.74229999999915, 35.662099999999896], [139.74169999999913, 35.662099999999896], [139.74169999999913, 35.66149999999989]]]}, "properties": {"rsrp_dbm": -128.1, "quality": "very_weak", "band": "n257", "fill": "#ff5252", "fill-opacity": 0.18, "stroke": "#ff5252", "stroke-opacity": 0.3, "stroke-width": 0, "extrude_height": 25.6, "building_height": 25.6}}, {"type": "Feature", "geometry": {"type": "Polygon", "coordinates": [[[139.74229999999912, 35.66149999999989], [139.74289999999914, 35.66149999999989], [139.74289999999914, 35.662099999999896], [139.74229999999912, 35.662099999999896], [139.74229999999912, 35.66149999999989]]]}, "properties": {"rsrp_dbm": -129.8, "quality": "very_weak", "band": "n257", "fill": "#ff5252", "fill-opacity": 0.18, "stroke": "#ff5252", "stroke-opacity": 0.3, "stroke-width": 0, "extrude_height": 25.6, "building_height": 25.6}}, {"type": "Feature", "geometry": {"type": "Polygon", "coordinates": [[[139.750099999999, 35.66149999999989], [139.75069999999903, 35.66149999999989], [139.75069999999903, 35.662099999999896], [139.750099999999, 35.662099999999896], [139.750099999999, 35.66149999999989]]]}, "properties": {"rsrp_dbm": -125.9, "quality": "very_weak", "band": "n257", "fill": "#ff5252", "fill-opacity": 0.18, "stroke": "#ff5252", "stroke-opacity": 0.3, "stroke-width": 0, "extrude_height": 41.6, "building_height": 41.6}}, {"type": "Feature", "geometry": {"type": "Polygon", "coordinates": [[[139.750699999999, 35.66149999999989], [139.75129999999902, 35.66149999999989], [139.75129999999902, 35.662099999999896], [139.750699999999, 35.662099999999896], [139.750699999999, 35.66149999999989]]]}, "properties": {"rsrp_dbm": -123.7, "quality": "very_weak", "band": "n257", "fill": "#ff5252", "fill-opacity": 0.18, "stroke": "#ff5252", "stroke-opacity": 0.3, "stroke-width": 0, "extrude_height": 41.6, "building_height": 41.6}}, {"type": "Feature", "geometry": {"type": "Polygon", "coordinates": [[[139.7302999999993, 35.66209999999989], [139.7308999999993, 35.66209999999989], [139.7308999999993, 35.662699999999894], [139.7302999999993, 35.662699999999894], [139.7302999999993, 35.66209999999989]]]}, "properties": {"rsrp_dbm": -102.2, "quality": "moderate", "band": "n257", "fill": "#ffca28", "fill-opacity": 0.18, "stroke": "#ffca28", "stroke-opacity": 0.3, "stroke-width": 0, "extrude_height": 141.0, "building_height": 141.0}}, {"type": "Feature", "geometry": {"type": "Polygon", "coordinates": [[[139.73089999999928, 35.66209999999989], [139.7314999999993, 35.66209999999989], [139.7314999999993, 35.662699999999894], [139.73089999999928, 35.662699999999894], [139.73089999999928, 35.66209999999989]]]}, "properties": {"rsrp_dbm": -100.8, "quality": "moderate", "band": "n257", "fill": "#ffca28", "fill-opacity": 0.18, "stroke": "#ffca28", "stroke-opacity": 0.3, "stroke-width": 0, "extrude_height": 141.0, "building_height": 141.0}}, {"type": "Feature", "geometry": {"type": "Polygon", "coordinates": [[[139.73149999999927, 35.66209999999989], [139.7320999999993, 35.66209999999989], [139.7320999999993, 35.662699999999894], [139.73149999999927, 35.662699999999894], [139.73149999999927, 35.66209999999989]]]}, "properties": {"rsrp_dbm": -129.3, "quality": "very_weak", "band": "n257", "fill": "#ff5252", "fill-opacity": 0.18, "stroke": "#ff5252", "stroke-opacity": 0.3, "stroke-width": 0, "extrude_height": 141.0, "building_height": 141.0}}, {"type": "Feature", "geometry": {"type": "Polygon", "coordinates": [[[139.73209999999926, 35.66209999999989], [139.73269999999928, 35.66209999999989], [139.73269999999928, 35.662699999999894], [139.73209999999926, 35.662699999999894], [139.73209999999926, 35.66209999999989]]]}, "properties": {"rsrp_dbm": -127.9, "quality": "very_weak", "band": "n257", "fill": "#ff5252", "fill-opacity": 0.18, "stroke": "#ff5252", "stroke-opacity": 0.3, "stroke-width": 0, "extrude_height": 59.3, "building_height": 59.3}}, {"type": "Feature", "geometry": {"type": "Polygon", "coordinates": [[[139.73269999999926, 35.66209999999989], [139.73329999999928, 35.66209999999989], [139.73329999999928, 35.662699999999894], [139.73269999999926, 35.662699999999894], [139.73269999999926, 35.66209999999989]]]}, "properties": {"rsrp_dbm": -96.4, "quality": "moderate", "band": "n257", "fill": "#ffca28", "fill-opacity": 0.18, "stroke": "#ffca28", "stroke-opacity": 0.3, "stroke-width": 0, "extrude_height": 59.3, "building_height": 59.3}}, {"type": "Feature", "geometry": {"type": "Polygon", "coordinates": [[[139.73329999999925, 35.66209999999989], [139.73389999999927, 35.66209999999989], [139.73389999999927, 35.662699999999894], [139.73329999999925, 35.662699999999894], [139.73329999999925, 35.66209999999989]]]}, "properties": {"rsrp_dbm": -95.0, "quality": "moderate", "band": "n257", "fill": "#ffca28", "fill-opacity": 0.18, "stroke": "#ffca28", "stroke-opacity": 0.3, "stroke-width": 0, "extrude_height": 59.3, "building_height": 59.3}}, {"type": "Feature", "geometry": {"type": "Polygon", "coordinates": [[[139.73389999999924, 35.66209999999989], [139.73449999999926, 35.66209999999989], [139.73449999999926, 35.662699999999894], [139.73389999999924, 35.662699999999894], [139.73389999999924, 35.66209999999989]]]}, "properties": {"rsrp_dbm": -123.8, "quality": "very_weak", "band": "n257", "fill": "#ff5252", "fill-opacity": 0.18, "stroke": "#ff5252", "stroke-opacity": 0.3, "stroke-width": 0, "extrude_height": 32.0, "building_height": 32.0}}, {"type": "Feature", "geometry": {"type": "Polygon", "coordinates": [[[139.73449999999923, 35.66209999999989], [139.73509999999925, 35.66209999999989], [139.73509999999925, 35.662699999999894], [139.73449999999923, 35.662699999999894], [139.73449999999923, 35.66209999999989]]]}, "properties": {"rsrp_dbm": -123.0, "quality": "very_weak", "band": "n257", "fill": "#ff5252", "fill-opacity": 0.18, "stroke": "#ff5252", "stroke-opacity": 0.3, "stroke-width": 0, "extrude_height": 57.5, "building_height": 57.5}}, {"type": "Feature", "geometry": {"type": "Polygon", "coordinates": [[[139.73509999999922, 35.66209999999989], [139.73569999999924, 35.66209999999989], [139.73569999999924, 35.662699999999894], [139.73509999999922, 35.662699999999894], [139.73509999999922, 35.66209999999989]]]}, "properties": {"rsrp_dbm": -122.6, "quality": "very_weak", "band": "n257", "fill": "#ff5252", "fill-opacity": 0.18, "stroke": "#ff5252", "stroke-opacity": 0.3, "stroke-width": 0, "extrude_height": 57.5, "building_height": 57.5}}, {"type": "Feature", "geometry": {"type": "Polygon", "coordinates": [[[139.7356999999992, 35.66209999999989], [139.73629999999923, 35.66209999999989], [139.73629999999923, 35.662699999999894], [139.7356999999992, 35.662699999999894], [139.7356999999992, 35.66209999999989]]]}, "properties": {"rsrp_dbm": -122.9, "quality": "very_weak", "band": "n257", "fill": "#ff5252", "fill-opacity": 0.18, "stroke": "#ff5252", "stroke-opacity": 0.3, "stroke-width": 0, "extrude_height": 57.5, "building_height": 57.5}}, {"type": "Feature", "geometry": {"type": "Polygon", "coordinates": [[[139.7362999999992, 35.66209999999989], [139.73689999999922, 35.66209999999989], [139.73689999999922, 35.662699999999894], [139.7362999999992, 35.662699999999894], [139.7362999999992, 35.66209999999989]]]}, "properties": {"rsrp_dbm": -124.2, "quality": "very_weak", "band": "n257", "fill": "#ff5252", "fill-opacity": 0.18, "stroke": "#ff5252", "stroke-opacity": 0.3, "stroke-width": 0, "extrude_height": 62.8, "building_height": 62.8}}, {"type": "Feature", "geometry": {"type": "Polygon", "coordinates": [[[139.7368999999992, 35.66209999999989], [139.73749999999922, 35.66209999999989], [139.73749999999922, 35.662699999999894], [139.7368999999992, 35.662699999999894], [139.7368999999992, 35.66209999999989]]]}, "properties": {"rsrp_dbm": -124.8, "quality": "very_weak", "band": "n257", "fill": "#ff5252", "fill-opacity": 0.18, "stroke": "#ff5252", "stroke-opacity": 0.3, "stroke-width": 0, "extrude_height": 62.8, "building_height": 62.8}}, {"type": "Feature", "geometry": {"type": "Polygon", "coordinates": [[[139.7374999999992, 35.66209999999989], [139.7380999999992, 35.66209999999989], [139.7380999999992, 35.662699999999894], [139.7374999999992, 35.662699999999894], [139.7374999999992, 35.66209999999989]]]}, "properties": {"rsrp_dbm": -123.2, "quality": "very_weak", "band": "n257", "fill": "#ff5252", "fill-opacity": 0.18, "stroke": "#ff5252", "stroke-opacity": 0.3, "stroke-width": 0, "extrude_height": 62.8, "building_height": 62.8}}, {"type": "Feature", "geometry": {"type": "Polygon", "coordinates": [[[139.73809999999918, 35.66209999999989], [139.7386999999992, 35.66209999999989], [139.7386999999992, 35.662699999999894], [139.73809999999918, 35.662699999999894], [139.73809999999918, 35.66209999999989]]]}, "properties": {"rsrp_dbm": -122.6, "quality": "very_weak", "band": "n257", "fill": "#ff5252", "fill-opacity": 0.18, "stroke": "#ff5252", "stroke-opacity": 0.3, "stroke-width": 0, "extrude_height": 263.0, "building_height": 263.0}}, {"type": "Feature", "geometry": {"type": "Polygon", "coordinates": [[[139.73869999999917, 35.66209999999989], [139.7392999999992, 35.66209999999989], [139.7392999999992, 35.662699999999894], [139.73869999999917, 35.662699999999894], [139.73869999999917, 35.66209999999989]]]}, "properties": {"rsrp_dbm": -92.8, "quality": "moderate", "band": "n257", "fill": "#ffca28", "fill-opacity": 0.18, "stroke": "#ffca28", "stroke-opacity": 0.3, "stroke-width": 0, "extrude_height": 263.0, "building_height": 263.0}}, {"type": "Feature", "geometry": {"type": "Polygon", "coordinates": [[[139.73929999999916, 35.66209999999989], [139.73989999999918, 35.66209999999989], [139.73989999999918, 35.662699999999894], [139.73929999999916, 35.662699999999894], [139.73929999999916, 35.66209999999989]]]}, "properties": {"rsrp_dbm": -123.5, "quality": "very_weak", "band": "n257", "fill": "#ff5252", "fill-opacity": 0.18, "stroke": "#ff5252", "stroke-opacity": 0.3, "stroke-width": 0, "extrude_height": 263.0, "building_height": 263.0}}, {"type": "Feature", "geometry": {"type": "Polygon", "coordinates": [[[139.73989999999915, 35.66209999999989], [139.74049999999917, 35.66209999999989], [139.74049999999917, 35.662699999999894], [139.73989999999915, 35.662699999999894], [139.73989999999915, 35.66209999999989]]]}, "properties": {"rsrp_dbm": -124.6, "quality": "very_weak", "band": "n257", "fill": "#ff5252", "fill-opacity": 0.18, "stroke": "#ff5252", "stroke-opacity": 0.3, "stroke-width": 0, "extrude_height": 263.0, "building_height": 263.0}}, {"type": "Feature", "geometry": {"type": "Polygon", "coordinates": [[[139.74049999999914, 35.66209999999989], [139.74109999999916, 35.66209999999989], [139.74109999999916, 35.662699999999894], [139.74049999999914, 35.662699999999894], [139.74049999999914, 35.66209999999989]]]}, "properties": {"rsrp_dbm": -125.9, "quality": "very_weak", "band": "n257", "fill": "#ff5252", "fill-opacity": 0.18, "stroke": "#ff5252", "stroke-opacity": 0.3, "stroke-width": 0, "extrude_height": 237.2, "building_height": 237.2}}, {"type": "Feature", "geometry": {"type": "Polygon", "coordinates": [[[139.74109999999914, 35.66209999999989], [139.74169999999916, 35.66209999999989], [139.74169999999916, 35.662699999999894], [139.74109999999914, 35.662699999999894], [139.74109999999914, 35.66209999999989]]]}, "properties": {"rsrp_dbm": -127.4, "quality": "very_weak", "band": "n257", "fill": "#ff5252", "fill-opacity": 0.18, "stroke": "#ff5252", "stroke-opacity": 0.3, "stroke-width": 0, "extrude_height": 237.2, "building_height": 237.2}}, {"type": "Feature", "geometry": {"type": "Polygon", "coordinates": [[[139.74169999999913, 35.66209999999989], [139.74229999999915, 35.66209999999989], [139.74229999999915, 35.662699999999894], [139.74169999999913, 35.662699999999894], [139.74169999999913, 35.66209999999989]]]}, "properties": {"rsrp_dbm": -128.9, "quality": "very_weak", "band": "n257", "fill": "#ff5252", "fill-opacity": 0.18, "stroke": "#ff5252", "stroke-opacity": 0.3, "stroke-width": 0, "extrude_height": 207.0, "building_height": 207.0}}, {"type": "Feature", "geometry": {"type": "Polygon", "coordinates": [[[139.6948999999998, 35.66269999999989], [139.6954999999998, 35.66269999999989], [139.6954999999998, 35.66329999999989], [139.6948999999998, 35.66329999999989], [139.6948999999998, 35.66269999999989]]]}, "properties": {"rsrp_dbm": -118.8, "quality": "very_weak", "band": "n257", "fill": "#ff5252", "fill-opacity": 0.18, "stroke": "#ff5252", "stroke-opacity": 0.3, "stroke-width": 0, "extrude_height": 111.5, "building_height": 111.5}}, {"type": "Feature", "geometry": {"type": "Polygon", "coordinates": [[[139.72129999999942, 35.66269999999989], [139.72189999999944, 35.66269999999989], [139.72189999999944, 35.66329999999989], [139.72129999999942, 35.66329999999989], [139.72129999999942, 35.66269999999989]]]}, "properties": {"rsrp_dbm": -125.4, "quality": "very_weak", "band": "n257", "fill": "#ff5252", "fill-opacity": 0.18, "stroke": "#ff5252", "stroke-opacity": 0.3, "stroke-width": 0, "extrude_height": 16.0, "building_height": 16.0}}, {"type": "Feature", "geometry": {"type": "Polygon", "coordinates": [[[139.73209999999926, 35.66269999999989], [139.73269999999928, 35.66269999999989], [139.73269999999928, 35.66329999999989], [139.73209999999926, 35.66329999999989], [139.73209999999926, 35.66269999999989]]]}, "properties": {"rsrp_dbm": -99.1, "quality": "moderate", "band": "n257", "fill": "#ffca28", "fill-opacity": 0.18, "stroke": "#ffca28", "stroke-opacity": 0.3, "stroke-width": 0, "extrude_height": 80.5, "building_height": 80.5}}, {"type": "Feature", "geometry": {"type": "Polygon", "coordinates": [[[139.73269999999926, 35.66269999999989], [139.73329999999928, 35.66269999999989], [139.73329999999928, 35.66329999999989], [139.73269999999926, 35.66329999999989], [139.73269999999926, 35.66269999999989]]]}, "properties": {"rsrp_dbm": -128.0, "quality": "very_weak", "band": "n257", "fill": "#ff5252", "fill-opacity": 0.18, "stroke": "#ff5252", "stroke-opacity": 0.3, "stroke-width": 0, "extrude_height": 59.3, "building_height": 59.3}}, {"type": "Feature", "geometry": {"type": "Polygon", "coordinates": [[[139.73329999999925, 35.66269999999989], [139.73389999999927, 35.66269999999989], [139.73389999999927, 35.66329999999989], [139.73329999999925, 35.66329999999989], [139.73329999999925, 35.66269999999989]]]}, "properties": {"rsrp_dbm": -127.0, "quality": "very_weak", "band": "n257", "fill": "#ff5252", "fill-opacity": 0.18, "stroke": "#ff5252", "stroke-opacity": 0.3, "stroke-width": 0, "extrude_height": 59.3, "building_height": 59.3}}, {"type": "Feature", "geometry": {"type": "Polygon", "coordinates": [[[139.73389999999924, 35.66269999999989], [139.73449999999926, 35.66269999999989], [139.73449999999926, 35.66329999999989], [139.73389999999924, 35.66329999999989], [139.73389999999924, 35.66269999999989]]]}, "properties": {"rsrp_dbm": -126.2, "quality": "very_weak", "band": "n257", "fill": "#ff5252", "fill-opacity": 0.18, "stroke": "#ff5252", "stroke-opacity": 0.3, "stroke-width": 0, "extrude_height": 32.0, "building_height": 32.0}}, {"type": "Feature", "geometry": {"type": "Polygon", "coordinates": [[[139.73449999999923, 35.66269999999989], [139.73509999999925, 35.66269999999989], [139.73509999999925, 35.66329999999989], [139.73449999999923, 35.66329999999989], [139.73449999999923, 35.66269999999989]]]}, "properties": {"rsrp_dbm": -125.8, "quality": "very_weak", "band": "n257", "fill": "#ff5252", "fill-opacity": 0.18, "stroke": "#ff5252", "stroke-opacity": 0.3, "stroke-width": 0, "extrude_height": 57.5, "building_height": 57.5}}, {"type": "Feature", "geometry": {"type": "Polygon", "coordinates": [[[139.73509999999922, 35.66269999999989], [139.73569999999924, 35.66269999999989], [139.73569999999924, 35.66329999999989], [139.73509999999922, 35.66329999999989], [139.73509999999922, 35.66269999999989]]]}, "properties": {"rsrp_dbm": -125.7, "quality": "very_weak", "band": "n257", "fill": "#ff5252", "fill-opacity": 0.18, "stroke": "#ff5252", "stroke-opacity": 0.3, "stroke-width": 0, "extrude_height": 57.5, "building_height": 57.5}}, {"type": "Feature", "geometry": {"type": "Polygon", "coordinates": [[[139.7356999999992, 35.66269999999989], [139.73629999999923, 35.66269999999989], [139.73629999999923, 35.66329999999989], [139.7356999999992, 35.66329999999989], [139.7356999999992, 35.66269999999989]]]}, "properties": {"rsrp_dbm": -126.3, "quality": "very_weak", "band": "n257", "fill": "#ff5252", "fill-opacity": 0.18, "stroke": "#ff5252", "stroke-opacity": 0.3, "stroke-width": 0, "extrude_height": 57.5, "building_height": 57.5}}, {"type": "Feature", "geometry": {"type": "Polygon", "coordinates": [[[139.7362999999992, 35.66269999999989], [139.73689999999922, 35.66269999999989], [139.73689999999922, 35.66329999999989], [139.7362999999992, 35.66329999999989], [139.7362999999992, 35.66269999999989]]]}, "properties": {"rsrp_dbm": -127.5, "quality": "very_weak", "band": "n257", "fill": "#ff5252", "fill-opacity": 0.18, "stroke": "#ff5252", "stroke-opacity": 0.3, "stroke-width": 0, "extrude_height": 57.5, "building_height": 57.5}}, {"type": "Feature", "geometry": {"type": "Polygon", "coordinates": [[[139.7368999999992, 35.66269999999989], [139.73749999999922, 35.66269999999989], [139.73749999999922, 35.66329999999989], [139.7368999999992, 35.66329999999989], [139.7368999999992, 35.66269999999989]]]}, "properties": {"rsrp_dbm": -128.0, "quality": "very_weak", "band": "n257", "fill": "#ff5252", "fill-opacity": 0.18, "stroke": "#ff5252", "stroke-opacity": 0.3, "stroke-width": 0, "extrude_height": 109.0, "building_height": 109.0}}, {"type": "Feature", "geometry": {"type": "Polygon", "coordinates": [[[139.7374999999992, 35.66269999999989], [139.7380999999992, 35.66269999999989], [139.7380999999992, 35.66329999999989], [139.7374999999992, 35.66329999999989], [139.7374999999992, 35.66269999999989]]]}, "properties": {"rsrp_dbm": -126.6, "quality": "very_weak", "band": "n257", "fill": "#ff5252", "fill-opacity": 0.18, "stroke": "#ff5252", "stroke-opacity": 0.3, "stroke-width": 0, "extrude_height": 109.0, "building_height": 109.0}}, {"type": "Feature", "geometry": {"type": "Polygon", "coordinates": [[[139.73809999999918, 35.66269999999989], [139.7386999999992, 35.66269999999989], [139.7386999999992, 35.66329999999989], [139.73809999999918, 35.66329999999989], [139.73809999999918, 35.66269999999989]]]}, "properties": {"rsrp_dbm": -125.9, "quality": "very_weak", "band": "n257", "fill": "#ff5252", "fill-opacity": 0.18, "stroke": "#ff5252", "stroke-opacity": 0.3, "stroke-width": 0, "extrude_height": 263.0, "building_height": 263.0}}, {"type": "Feature", "geometry": {"type": "Polygon", "coordinates": [[[139.73869999999917, 35.66269999999989], [139.7392999999992, 35.66269999999989], [139.7392999999992, 35.66329999999989], [139.73869999999917, 35.66329999999989], [139.73869999999917, 35.66269999999989]]]}, "properties": {"rsrp_dbm": -125.7, "quality": "very_weak", "band": "n257", "fill": "#ff5252", "fill-opacity": 0.18, "stroke": "#ff5252", "stroke-opacity": 0.3, "stroke-width": 0, "extrude_height": 263.0, "building_height": 263.0}}, {"type": "Feature", "geometry": {"type": "Polygon", "coordinates": [[[139.73929999999916, 35.66269999999989], [139.73989999999918, 35.66269999999989], [139.73989999999918, 35.66329999999989], [139.73929999999916, 35.66329999999989], [139.73929999999916, 35.66269999999989]]]}, "properties": {"rsrp_dbm": -126.0, "quality": "very_weak", "band": "n257", "fill": "#ff5252", "fill-opacity": 0.18, "stroke": "#ff5252", "stroke-opacity": 0.3, "stroke-width": 0, "extrude_height": 263.0, "building_height": 263.0}}, {"type": "Feature", "geometry": {"type": "Polygon", "coordinates": [[[139.73989999999915, 35.66269999999989], [139.74049999999917, 35.66269999999989], [139.74049999999917, 35.66329999999989], [139.73989999999915, 35.66329999999989], [139.73989999999915, 35.66269999999989]]]}, "properties": {"rsrp_dbm": -126.7, "quality": "very_weak", "band": "n257", "fill": "#ff5252", "fill-opacity": 0.18, "stroke": "#ff5252", "stroke-opacity": 0.3, "stroke-width": 0, "extrude_height": 263.0, "building_height": 263.0}}, {"type": "Feature", "geometry": {"type": "Polygon", "coordinates": [[[139.74049999999914, 35.66269999999989], [139.74109999999916, 35.66269999999989], [139.74109999999916, 35.66329999999989], [139.74049999999914, 35.66329999999989], [139.74049999999914, 35.66269999999989]]]}, "properties": {"rsrp_dbm": -127.6, "quality": "very_weak", "band": "n257", "fill": "#ff5252", "fill-opacity": 0.18, "stroke": "#ff5252", "stroke-opacity": 0.3, "stroke-width": 0, "extrude_height": 237.2, "building_height": 237.2}}, {"type": "Feature", "geometry": {"type": "Polygon", "coordinates": [[[139.74109999999914, 35.66269999999989], [139.74169999999916, 35.66269999999989], [139.74169999999916, 35.66329999999989], [139.74109999999914, 35.66329999999989], [139.74109999999914, 35.66269999999989]]]}, "properties": {"rsrp_dbm": -128.7, "quality": "very_weak", "band": "n257", "fill": "#ff5252", "fill-opacity": 0.18, "stroke": "#ff5252", "stroke-opacity": 0.3, "stroke-width": 0, "extrude_height": 237.2, "building_height": 237.2}}, {"type": "Feature", "geometry": {"type": "Polygon", "coordinates": [[[139.74169999999913, 35.66269999999989], [139.74229999999915, 35.66269999999989], [139.74229999999915, 35.66329999999989], [139.74169999999913, 35.66329999999989], [139.74169999999913, 35.66269999999989]]]}, "properties": {"rsrp_dbm": -129.9, "quality": "very_weak", "band": "n257", "fill": "#ff5252", "fill-opacity": 0.18, "stroke": "#ff5252", "stroke-opacity": 0.3, "stroke-width": 0, "extrude_height": 207.0, "building_height": 207.0}}, {"type": "Feature", "geometry": {"type": "Polygon", "coordinates": [[[139.68829999999988, 35.663299999999886], [139.6888999999999, 35.663299999999886], [139.6888999999999, 35.66389999999989], [139.68829999999988, 35.66389999999989], [139.68829999999988, 35.663299999999886]]]}, "properties": {"rsrp_dbm": -122.5, "quality": "very_weak", "band": "n257", "fill": "#ff5252", "fill-opacity": 0.18, "stroke": "#ff5252", "stroke-opacity": 0.3, "stroke-width": 0, "extrude_height": 40.0, "building_height": 40.0}}, {"type": "Feature", "geometry": {"type": "Polygon", "coordinates": [[[139.68889999999988, 35.663299999999886], [139.6894999999999, 35.663299999999886], [139.6894999999999, 35.66389999999989], [139.68889999999988, 35.66389999999989], [139.68889999999988, 35.663299999999886]]]}, "properties": {"rsrp_dbm": -122.2, "quality": "very_weak", "band": "n257", "fill": "#ff5252", "fill-opacity": 0.18, "stroke": "#ff5252", "stroke-opacity": 0.3, "stroke-width": 0, "extrude_height": 28.8, "building_height": 28.8}}, {"type": "Feature", "geometry": {"type": "Polygon", "coordinates": [[[139.6948999999998, 35.663299999999886], [139.6954999999998, 35.663299999999886], [139.6954999999998, 35.66389999999989], [139.6948999999998, 35.66389999999989], [139.6948999999998, 35.663299999999886]]]}, "properties": {"rsrp_dbm": -118.6, "quality": "very_weak", "band": "n257", "fill": "#ff5252", "fill-opacity": 0.18, "stroke": "#ff5252", "stroke-opacity": 0.3, "stroke-width": 0, "extrude_height": 111.5, "building_height": 111.5}}, {"type": "Feature", "geometry": {"type": "Polygon", "coordinates": [[[139.69549999999978, 35.663299999999886], [139.6960999999998, 35.663299999999886], [139.6960999999998, 35.66389999999989], [139.69549999999978, 35.66389999999989], [139.69549999999978, 35.663299999999886]]]}, "properties": {"rsrp_dbm": -117.4, "quality": "very_weak", "band": "n257", "fill": "#ff5252", "fill-opacity": 0.18, "stroke": "#ff5252", "stroke-opacity": 0.3, "stroke-width": 0, "extrude_height": 111.5, "building_height": 111.5}}, {"type": "Feature", "geometry": {"type": "Polygon", "coordinates": [[[139.73089999999928, 35.663299999999886], [139.7314999999993, 35.663299999999886], [139.7314999999993, 35.66389999999989], [139.73089999999928, 35.66389999999989], [139.73089999999928, 35.663299999999886]]]}, "properties": {"rsrp_dbm": -102.5, "quality": "moderate", "band": "n257", "fill": "#ffca28", "fill-opacity": 0.18, "stroke": "#ffca28", "stroke-opacity": 0.3, "stroke-width": 0, "extrude_height": 141.0, "building_height": 141.0}}, {"type": "Feature", "geometry": {"type": "Polygon", "coordinates": [[[139.73269999999926, 35.663299999999886], [139.73329999999928, 35.663299999999886], [139.73329999999928, 35.66389999999989], [139.73269999999926, 35.66389999999989], [139.73269999999926, 35.663299999999886]]]}, "properties": {"rsrp_dbm": -129.7, "quality": "very_weak", "band": "n257", "fill": "#ff5252", "fill-opacity": 0.18, "stroke": "#ff5252", "stroke-opacity": 0.3, "stroke-width": 0, "extrude_height": 28.8, "building_height": 28.8}}, {"type": "Feature", "geometry": {"type": "Polygon", "coordinates": [[[139.73329999999925, 35.663299999999886], [139.73389999999927, 35.663299999999886], [139.73389999999927, 35.66389999999989], [139.73329999999925, 35.66389999999989], [139.73329999999925, 35.663299999999886]]]}, "properties": {"rsrp_dbm": -129.0, "quality": "very_weak", "band": "n257", "fill": "#ff5252", "fill-opacity": 0.18, "stroke": "#ff5252", "stroke-opacity": 0.3, "stroke-width": 0, "extrude_height": 32.0, "building_height": 32.0}}, {"type": "Feature", "geometry": {"type": "Polygon", "coordinates": [[[139.73389999999924, 35.663299999999886], [139.73449999999926, 35.663299999999886], [139.73449999999926, 35.66389999999989], [139.73389999999924, 35.66389999999989], [139.73389999999924, 35.663299999999886]]]}, "properties": {"rsrp_dbm": -128.5, "quality": "very_weak", "band": "n257", "fill": "#ff5252", "fill-opacity": 0.18, "stroke": "#ff5252", "stroke-opacity": 0.3, "stroke-width": 0, "extrude_height": 32.0, "building_height": 32.0}}, {"type": "Feature", "geometry": {"type": "Polygon", "coordinates": [[[139.73449999999923, 35.663299999999886], [139.73509999999925, 35.663299999999886], [139.73509999999925, 35.66389999999989], [139.73449999999923, 35.66389999999989], [139.73449999999923, 35.663299999999886]]]}, "properties": {"rsrp_dbm": -128.3, "quality": "very_weak", "band": "n257", "fill": "#ff5252", "fill-opacity": 0.18, "stroke": "#ff5252", "stroke-opacity": 0.3, "stroke-width": 0, "extrude_height": 32.0, "building_height": 32.0}}, {"type": "Feature", "geometry": {"type": "Polygon", "coordinates": [[[139.73509999999922, 35.663299999999886], [139.73569999999924, 35.663299999999886], [139.73569999999924, 35.66389999999989], [139.73509999999922, 35.66389999999989], [139.73509999999922, 35.663299999999886]]]}, "properties": {"rsrp_dbm": -128.5, "quality": "very_weak", "band": "n257", "fill": "#ff5252", "fill-opacity": 0.18, "stroke": "#ff5252", "stroke-opacity": 0.3, "stroke-width": 0, "extrude_height": 32.0, "building_height": 32.0}}, {"type": "Feature", "geometry": {"type": "Polygon", "coordinates": [[[139.7356999999992, 35.663299999999886], [139.73629999999923, 35.663299999999886], [139.73629999999923, 35.66389999999989], [139.7356999999992, 35.66389999999989], [139.7356999999992, 35.663299999999886]]]}, "properties": {"rsrp_dbm": -129.1, "quality": "very_weak", "band": "n257", "fill": "#ff5252", "fill-opacity": 0.18, "stroke": "#ff5252", "stroke-opacity": 0.3, "stroke-width": 0, "extrude_height": 25.6, "building_height": 25.6}}, {"type": "Feature", "geometry": {"type": "Polygon", "coordinates": [[[139.7374999999992, 35.663299999999886], [139.7380999999992, 35.663299999999886], [139.7380999999992, 35.66389999999989], [139.7374999999992, 35.66389999999989], [139.7374999999992, 35.663299999999886]]]}, "properties": {"rsrp_dbm": -129.4, "quality": "very_weak", "band": "n257", "fill": "#ff5252", "fill-opacity": 0.18, "stroke": "#ff5252", "stroke-opacity": 0.3, "stroke-width": 0, "extrude_height": 230.8, "building_height": 230.8}}, {"type": "Feature", "geometry": {"type": "Polygon", "coordinates": [[[139.73809999999918, 35.663299999999886], [139.7386999999992, 35.663299999999886], [139.7386999999992, 35.66389999999989], [139.73809999999918, 35.66389999999989], [139.73809999999918, 35.663299999999886]]]}, "properties": {"rsrp_dbm": -128.7, "quality": "very_weak", "band": "n257", "fill": "#ff5252", "fill-opacity": 0.18, "stroke": "#ff5252", "stroke-opacity": 0.3, "stroke-width": 0, "extrude_height": 263.0, "building_height": 263.0}}, {"type": "Feature", "geometry": {"type": "Polygon", "coordinates": [[[139.73869999999917, 35.663299999999886], [139.7392999999992, 35.663299999999886], [139.7392999999992, 35.66389999999989], [139.73869999999917, 35.66389999999989], [139.73869999999917, 35.663299999999886]]]}, "properties": {"rsrp_dbm": -128.3, "quality": "very_weak", "band": "n257", "fill": "#ff5252", "fill-opacity": 0.18, "stroke": "#ff5252", "stroke-opacity": 0.3, "stroke-width": 0, "extrude_height": 263.0, "building_height": 263.0}}, {"type": "Feature", "geometry": {"type": "Polygon", "coordinates": [[[139.73929999999916, 35.663299999999886], [139.73989999999918, 35.663299999999886], [139.73989999999918, 35.66389999999989], [139.73929999999916, 35.66389999999989], [139.73929999999916, 35.663299999999886]]]}, "properties": {"rsrp_dbm": -128.4, "quality": "very_weak", "band": "n257", "fill": "#ff5252", "fill-opacity": 0.18, "stroke": "#ff5252", "stroke-opacity": 0.3, "stroke-width": 0, "extrude_height": 263.0, "building_height": 263.0}}, {"type": "Feature", "geometry": {"type": "Polygon", "coordinates": [[[139.73989999999915, 35.663299999999886], [139.74049999999917, 35.663299999999886], [139.74049999999917, 35.66389999999989], [139.73989999999915, 35.66389999999989], [139.73989999999915, 35.663299999999886]]]}, "properties": {"rsrp_dbm": -128.8, "quality": "very_weak", "band": "n257", "fill": "#ff5252", "fill-opacity": 0.18, "stroke": "#ff5252", "stroke-opacity": 0.3, "stroke-width": 0, "extrude_height": 263.0, "building_height": 263.0}}, {"type": "Feature", "geometry": {"type": "Polygon", "coordinates": [[[139.74049999999914, 35.663299999999886], [139.74109999999916, 35.663299999999886], [139.74109999999916, 35.66389999999989], [139.74049999999914, 35.66389999999989], [139.74049999999914, 35.663299999999886]]]}, "properties": {"rsrp_dbm": -129.4, "quality": "very_weak", "band": "n257", "fill": "#ff5252", "fill-opacity": 0.18, "stroke": "#ff5252", "stroke-opacity": 0.3, "stroke-width": 0, "extrude_height": 207.0, "building_height": 207.0}}, {"type": "Feature", "geometry": {"type": "Polygon", "coordinates": [[[139.7434999999991, 35.663299999999886], [139.74409999999912, 35.663299999999886], [139.74409999999912, 35.66389999999989], [139.7434999999991, 35.66389999999989], [139.7434999999991, 35.663299999999886]]]}, "properties": {"rsrp_dbm": -127.9, "quality": "very_weak", "band": "n257", "fill": "#ff5252", "fill-opacity": 0.18, "stroke": "#ff5252", "stroke-opacity": 0.3, "stroke-width": 0, "extrude_height": 118.4, "building_height": 118.4}}, {"type": "Feature", "geometry": {"type": "Polygon", "coordinates": [[[139.68829999999988, 35.663899999999884], [139.6888999999999, 35.663899999999884], [139.6888999999999, 35.66449999999989], [139.68829999999988, 35.66449999999989], [139.68829999999988, 35.663899999999884]]]}, "properties": {"rsrp_dbm": -121.8, "quality": "very_weak", "band": "n257", "fill": "#ff5252", "fill-opacity": 0.18, "stroke": "#ff5252", "stroke-opacity": 0.3, "stroke-width": 0, "extrude_height": 28.8, "building_height": 28.8}}, {"type": "Feature", "geometry": {"type": "Polygon", "coordinates": [[[139.68889999999988, 35.663899999999884], [139.6894999999999, 35.663899999999884], [139.6894999999999, 35.66449999999989], [139.68889999999988, 35.66449999999989], [139.68889999999988, 35.663899999999884]]]}, "properties": {"rsrp_dbm": -121.4, "quality": "very_weak", "band": "n257", "fill": "#ff5252", "fill-opacity": 0.18, "stroke": "#ff5252", "stroke-opacity": 0.3, "stroke-width": 0, "extrude_height": 28.8, "building_height": 28.8}}, {"type": "Feature", "geometry": {"type": "Polygon", "coordinates": [[[139.70029999999971, 35.663899999999884], [139.70089999999973, 35.663899999999884], [139.70089999999973, 35.66449999999989], [139.70029999999971, 35.66449999999989], [139.70029999999971, 35.663899999999884]]]}, "properties": {"rsrp_dbm": -107.9, "quality": "weak", "band": "n257", "fill": "#ff9800", "fill-opacity": 0.18, "stroke": "#ff9800", "stroke-opacity": 0.3, "stroke-width": 0, "extrude_height": 84.3, "building_height": 84.3}}, {"type": "Feature", "geometry": {"type": "Polygon", "coordinates": [[[139.72369999999938, 35.663899999999884], [139.7242999999994, 35.663899999999884], [139.7242999999994, 35.66449999999989], [139.72369999999938, 35.66449999999989], [139.72369999999938, 35.663899999999884]]]}, "properties": {"rsrp_dbm": -128.7, "quality": "very_weak", "band": "n257", "fill": "#ff5252", "fill-opacity": 0.18, "stroke": "#ff5252", "stroke-opacity": 0.3, "stroke-width": 0, "extrude_height": 22.4, "building_height": 22.4}}, {"type": "Feature", "geometry": {"type": "Polygon", "coordinates": [[[139.73149999999927, 35.663899999999884], [139.7320999999993, 35.663899999999884], [139.7320999999993, 35.66449999999989], [139.73149999999927, 35.66449999999989], [139.73149999999927, 35.663899999999884]]]}, "properties": {"rsrp_dbm": -129.4, "quality": "very_weak", "band": "n257", "fill": "#ff5252", "fill-opacity": 0.18, "stroke": "#ff5252", "stroke-opacity": 0.3, "stroke-width": 0, "extrude_height": 141.0, "building_height": 141.0}}, {"type": "Feature", "geometry": {"type": "Polygon", "coordinates": [[[139.73209999999926, 35.663899999999884], [139.73269999999928, 35.663899999999884], [139.73269999999928, 35.66449999999989], [139.73209999999926, 35.66449999999989], [139.73209999999926, 35.663899999999884]]]}, "properties": {"rsrp_dbm": -129.1, "quality": "very_weak", "band": "n257", "fill": "#ff5252", "fill-opacity": 0.18, "stroke": "#ff5252", "stroke-opacity": 0.3, "stroke-width": 0, "extrude_height": 80.5, "building_height": 80.5}}, {"type": "Feature", "geometry": {"type": "Polygon", "coordinates": [[[139.73269999999926, 35.663899999999884], [139.73329999999928, 35.663899999999884], [139.73329999999928, 35.66449999999989], [139.73269999999926, 35.66449999999989], [139.73269999999926, 35.663899999999884]]]}, "properties": {"rsrp_dbm": -125.9, "quality": "very_weak", "band": "n257", "fill": "#ff5252", "fill-opacity": 0.18, "stroke": "#ff5252", "stroke-opacity": 0.3, "stroke-width": 0, "extrude_height": 25.6, "building_height": 25.6}}, {"type": "Feature", "geometry": {"type": "Polygon", "coordinates": [[[139.73329999999925, 35.663899999999884], [139.73389999999927, 35.663899999999884], [139.73389999999927, 35.66449999999989], [139.73329999999925, 35.66449999999989], [139.73329999999925, 35.663899999999884]]]}, "properties": {"rsrp_dbm": -125.8, "quality": "very_weak", "band": "n257", "fill": "#ff5252", "fill-opacity": 0.18, "stroke": "#ff5252", "stroke-opacity": 0.3, "stroke-width": 0, "extrude_height": 25.6, "building_height": 25.6}}, {"type": "Feature", "geometry": {"type": "Polygon", "coordinates": [[[139.68829999999988, 35.66449999999988], [139.6888999999999, 35.66449999999988], [139.6888999999999, 35.66509999999989], [139.68829999999988, 35.66509999999989], [139.68829999999988, 35.66449999999988]]]}, "properties": {"rsrp_dbm": -121.1, "quality": "very_weak", "band": "n257", "fill": "#ff5252", "fill-opacity": 0.18, "stroke": "#ff5252", "stroke-opacity": 0.3, "stroke-width": 0, "extrude_height": 28.8, "building_height": 28.8}}, {"type": "Feature", "geometry": {"type": "Polygon", "coordinates": [[[139.68889999999988, 35.66449999999988], [139.6894999999999, 35.66449999999988], [139.6894999999999, 35.66509999999989], [139.68889999999988, 35.66509999999989], [139.68889999999988, 35.66449999999988]]]}, "properties": {"rsrp_dbm": -120.6, "quality": "very_weak", "band": "n257", "fill": "#ff5252", "fill-opacity": 0.18, "stroke": "#ff5252", "stroke-opacity": 0.3, "stroke-width": 0, "extrude_height": 28.8, "building_height": 28.8}}, {"type": "Feature", "geometry": {"type": "Polygon", "coordinates": [[[139.69549999999978, 35.66449999999988], [139.6960999999998, 35.66449999999988], [139.6960999999998, 35.66509999999989], [139.69549999999978, 35.66509999999989], [139.69549999999978, 35.66449999999988]]]}, "properties": {"rsrp_dbm": -116.5, "quality": "very_weak", "band": "n257", "fill": "#ff5252", "fill-opacity": 0.18, "stroke": "#ff5252", "stroke-opacity": 0.3, "stroke-width": 0, "extrude_height": 102.0, "building_height": 102.0}}, {"type": "Feature", "geometry": {"type": "Polygon", "coordinates": [[[139.69609999999977, 35.66449999999988], [139.6966999999998, 35.66449999999988], [139.6966999999998, 35.66509999999989], [139.69609999999977, 35.66509999999989], [139.69609999999977, 35.66449999999988]]]}, "properties": {"rsrp_dbm": -115.6, "quality": "very_weak", "band": "n257", "fill": "#ff5252", "fill-opacity": 0.18, "stroke": "#ff5252", "stroke-opacity": 0.3, "stroke-width": 0, "extrude_height": 102.0, "building_height": 102.0}}, {"type": "Feature", "geometry": {"type": "Polygon", "coordinates": [[[139.69669999999977, 35.66449999999988], [139.69729999999979, 35.66449999999988], [139.69729999999979, 35.66509999999989], [139.69669999999977, 35.66509999999989], [139.69669999999977, 35.66449999999988]]]}, "properties": {"rsrp_dbm": -114.1, "quality": "weak", "band": "n257", "fill": "#ff9800", "fill-opacity": 0.18, "stroke": "#ff9800", "stroke-opacity": 0.3, "stroke-width": 0, "extrude_height": 142.7, "building_height": 142.7}}, {"type": "Feature", "geometry": {"type": "Polygon", "coordinates": [[[139.69729999999976, 35.66449999999988], [139.69789999999978, 35.66449999999988], [139.69789999999978, 35.66509999999989], [139.69729999999976, 35.66509999999989], [139.69729999999976, 35.66449999999988]]]}, "properties": {"rsrp_dbm": -112.7, "quality": "weak", "band": "n257", "fill": "#ff9800", "fill-opacity": 0.18, "stroke": "#ff9800", "stroke-opacity": 0.3, "stroke-width": 0, "extrude_height": 142.7, "building_height": 142.7}}, {"type": "Feature", "geometry": {"type": "Polygon", "coordinates": [[[139.69789999999975, 35.66449999999988], [139.69849999999977, 35.66449999999988], [139.69849999999977, 35.66509999999989], [139.69789999999975, 35.66509999999989], [139.69789999999975, 35.66449999999988]]]}, "properties": {"rsrp_dbm": -111.3, "quality": "weak", "band": "n257", "fill": "#ff9800", "fill-opacity": 0.18, "stroke": "#ff9800", "stroke-opacity": 0.3, "stroke-width": 0, "extrude_height": 142.7, "building_height": 142.7}}, {"type": "Feature", "geometry": {"type": "Polygon", "coordinates": [[[139.69849999999974, 35.66449999999988], [139.69909999999976, 35.66449999999988], [139.69909999999976, 35.66509999999989], [139.69849999999974, 35.66509999999989], [139.69849999999974, 35.66449999999988]]]}, "properties": {"rsrp_dbm": -109.9, "quality": "weak", "band": "n257", "fill": "#ff9800", "fill-opacity": 0.18, "stroke": "#ff9800", "stroke-opacity": 0.3, "stroke-width": 0, "extrude_height": 142.7, "building_height": 142.7}}, {"type": "Feature", "geometry": {"type": "Polygon", "coordinates": [[[139.73089999999928, 35.66449999999988], [139.7314999999993, 35.66449999999988], [139.7314999999993, 35.66509999999989], [139.73089999999928, 35.66509999999989], [139.73089999999928, 35.66449999999988]]]}, "properties": {"rsrp_dbm": -124.2, "quality": "very_weak", "band": "n257", "fill": "#ff5252", "fill-opacity": 0.18, "stroke": "#ff5252", "stroke-opacity": 0.3, "stroke-width": 0, "extrude_height": 80.5, "building_height": 80.5}}, {"type": "Feature", "geometry": {"type": "Polygon", "coordinates": [[[139.73149999999927, 35.66449999999988], [139.7320999999993, 35.66449999999988], [139.7320999999993, 35.66509999999989], [139.73149999999927, 35.66509999999989], [139.73149999999927, 35.66449999999988]]]}, "properties": {"rsrp_dbm": -124.8, "quality": "very_weak", "band": "n257", "fill": "#ff5252", "fill-opacity": 0.18, "stroke": "#ff5252", "stroke-opacity": 0.3, "stroke-width": 0, "extrude_height": 80.5, "building_height": 80.5}}, {"type": "Feature", "geometry": {"type": "Polygon", "coordinates": [[[139.73209999999926, 35.66449999999988], [139.73269999999928, 35.66449999999988], [139.73269999999928, 35.66509999999989], [139.73209999999926, 35.66509999999989], [139.73209999999926, 35.66449999999988]]]}, "properties": {"rsrp_dbm": -118.4, "quality": "very_weak", "band": "n257", "fill": "#ff5252", "fill-opacity": 0.18, "stroke": "#ff5252", "stroke-opacity": 0.3, "stroke-width": 0, "extrude_height": 80.5, "building_height": 80.5}}, {"type": "Feature", "geometry": {"type": "Polygon", "coordinates": [[[139.73269999999926, 35.66449999999988], [139.73329999999928, 35.66449999999988], [139.73329999999928, 35.66509999999989], [139.73269999999926, 35.66509999999989], [139.73269999999926, 35.66449999999988]]]}, "properties": {"rsrp_dbm": -120.8, "quality": "very_weak", "band": "n257", "fill": "#ff5252", "fill-opacity": 0.18, "stroke": "#ff5252", "stroke-opacity": 0.3, "stroke-width": 0, "extrude_height": 16.0, "building_height": 16.0}}, {"type": "Feature", "geometry": {"type": "Polygon", "coordinates": [[[139.7362999999992, 35.66449999999988], [139.73689999999922, 35.66449999999988], [139.73689999999922, 35.66509999999989], [139.7362999999992, 35.66509999999989], [139.7362999999992, 35.66449999999988]]]}, "properties": {"rsrp_dbm": -128.8, "quality": "very_weak", "band": "n257", "fill": "#ff5252", "fill-opacity": 0.18, "stroke": "#ff5252", "stroke-opacity": 0.3, "stroke-width": 0, "extrude_height": 230.8, "building_height": 230.8}}, {"type": "Feature", "geometry": {"type": "Polygon", "coordinates": [[[139.68829999999988, 35.66509999999988], [139.6888999999999, 35.66509999999988], [139.6888999999999, 35.66569999999989], [139.68829999999988, 35.66569999999989], [139.68829999999988, 35.66509999999988]]]}, "properties": {"rsrp_dbm": -120.4, "quality": "very_weak", "band": "n257", "fill": "#ff5252", "fill-opacity": 0.18, "stroke": "#ff5252", "stroke-opacity": 0.3, "stroke-width": 0, "extrude_height": 38.4, "building_height": 38.4}}, {"type": "Feature", "geometry": {"type": "Polygon", "coordinates": [[[139.68889999999988, 35.66509999999988], [139.6894999999999, 35.66509999999988], [139.6894999999999, 35.66569999999989], [139.68889999999988, 35.66569999999989], [139.68889999999988, 35.66509999999988]]]}, "properties": {"rsrp_dbm": -119.9, "quality": "very_weak", "band": "n257", "fill": "#ff5252", "fill-opacity": 0.18, "stroke": "#ff5252", "stroke-opacity": 0.3, "stroke-width": 0, "extrude_height": 38.4, "building_height": 38.4}}, {"type": "Feature", "geometry": {"type": "Polygon", "coordinates": [[[139.69189999999983, 35.66509999999988], [139.69249999999985, 35.66509999999988], [139.69249999999985, 35.66569999999989], [139.69189999999983, 35.66569999999989], [139.69189999999983, 35.66509999999988]]]}, "properties": {"rsrp_dbm": -117.3, "quality": "very_weak", "band": "n257", "fill": "#ff5252", "fill-opacity": 0.18, "stroke": "#ff5252", "stroke-opacity": 0.3, "stroke-width": 0, "extrude_height": 16.0, "building_height": 16.0}}, {"type": "Feature", "geometry": {"type": "Polygon", "coordinates": [[[139.69249999999982, 35.66509999999988], [139.69309999999984, 35.66509999999988], [139.69309999999984, 35.66569999999989], [139.69249999999982, 35.66569999999989], [139.69249999999982, 35.66509999999988]]]}, "properties": {"rsrp_dbm": -116.8, "quality": "very_weak", "band": "n257", "fill": "#ff5252", "fill-opacity": 0.18, "stroke": "#ff5252", "stroke-opacity": 0.3, "stroke-width": 0, "extrude_height": 16.0, "building_height": 16.0}}, {"type": "Feature", "geometry": {"type": "Polygon", "coordinates": [[[139.69309999999982, 35.66509999999988], [139.69369999999984, 35.66509999999988], [139.69369999999984, 35.66569999999989], [139.69309999999982, 35.66569999999989], [139.69309999999982, 35.66509999999988]]]}, "properties": {"rsrp_dbm": -116.3, "quality": "very_weak", "band": "n257", "fill": "#ff5252", "fill-opacity": 0.18, "stroke": "#ff5252", "stroke-opacity": 0.3, "stroke-width": 0, "extrude_height": 16.0, "building_height": 16.0}}, {"type": "Feature", "geometry": {"type": "Polygon", "coordinates": [[[139.69609999999977, 35.66509999999988], [139.6966999999998, 35.66509999999988], [139.6966999999998, 35.66569999999989], [139.69609999999977, 35.66569999999989], [139.69609999999977, 35.66509999999988]]]}, "properties": {"rsrp_dbm": -114.5, "quality": "weak", "band": "n257", "fill": "#ff9800", "fill-opacity": 0.18, "stroke": "#ff9800", "stroke-opacity": 0.3, "stroke-width": 0, "extrude_height": 102.0, "building_height": 102.0}}, {"type": "Feature", "geometry": {"type": "Polygon", "coordinates": [[[139.69669999999977, 35.66509999999988], [139.69729999999979, 35.66509999999988], [139.69729999999979, 35.66569999999989], [139.69669999999977, 35.66569999999989], [139.69669999999977, 35.66509999999988]]]}, "properties": {"rsrp_dbm": -113.9, "quality": "weak", "band": "n257", "fill": "#ff9800", "fill-opacity": 0.18, "stroke": "#ff9800", "stroke-opacity": 0.3, "stroke-width": 0, "extrude_height": 142.7, "building_height": 142.7}}, {"type": "Feature", "geometry": {"type": "Polygon", "coordinates": [[[139.69729999999976, 35.66509999999988], [139.69789999999978, 35.66509999999988], [139.69789999999978, 35.66569999999989], [139.69729999999976, 35.66569999999989], [139.69729999999976, 35.66509999999988]]]}, "properties": {"rsrp_dbm": -112.2, "quality": "weak", "band": "n257", "fill": "#ff9800", "fill-opacity": 0.18, "stroke": "#ff9800", "stroke-opacity": 0.3, "stroke-width": 0, "extrude_height": 142.7, "building_height": 142.7}}, {"type": "Feature", "geometry": {"type": "Polygon", "coordinates": [[[139.69789999999975, 35.66509999999988], [139.69849999999977, 35.66509999999988], [139.69849999999977, 35.66569999999989], [139.69789999999975, 35.66569999999989], [139.69789999999975, 35.66509999999988]]]}, "properties": {"rsrp_dbm": -110.6, "quality": "weak", "band": "n257", "fill": "#ff9800", "fill-opacity": 0.18, "stroke": "#ff9800", "stroke-opacity": 0.3, "stroke-width": 0, "extrude_height": 142.7, "building_height": 142.7}}, {"type": "Feature", "geometry": {"type": "Polygon", "coordinates": [[[139.69849999999974, 35.66509999999988], [139.69909999999976, 35.66509999999988], [139.69909999999976, 35.66569999999989], [139.69849999999974, 35.66569999999989], [139.69849999999974, 35.66509999999988]]]}, "properties": {"rsrp_dbm": -109.0, "quality": "weak", "band": "n257", "fill": "#ff9800", "fill-opacity": 0.18, "stroke": "#ff9800", "stroke-opacity": 0.3, "stroke-width": 0, "extrude_height": 142.7, "building_height": 142.7}}, {"type": "Feature", "geometry": {"type": "Polygon", "coordinates": [[[139.69909999999973, 35.66509999999988], [139.69969999999975, 35.66509999999988], [139.69969999999975, 35.66569999999989], [139.69909999999973, 35.66569999999989], [139.69909999999973, 35.66509999999988]]]}, "properties": {"rsrp_dbm": -107.5, "quality": "weak", "band": "n257", "fill": "#ff9800", "fill-opacity": 0.18, "stroke": "#ff9800", "stroke-opacity": 0.3, "stroke-width": 0, "extrude_height": 84.3, "building_height": 84.3}}, {"type": "Feature", "geometry": {"type": "Polygon", "coordinates": [[[139.69969999999972, 35.66509999999988], [139.70029999999974, 35.66509999999988], [139.70029999999974, 35.66569999999989], [139.69969999999972, 35.66569999999989], [139.69969999999972, 35.66509999999988]]]}, "properties": {"rsrp_dbm": -106.1, "quality": "weak", "band": "n257", "fill": "#ff9800", "fill-opacity": 0.18, "stroke": "#ff9800", "stroke-opacity": 0.3, "stroke-width": 0, "extrude_height": 84.3, "building_height": 84.3}}, {"type": "Feature", "geometry": {"type": "Polygon", "coordinates": [[[139.70029999999971, 35.66509999999988], [139.70089999999973, 35.66509999999988], [139.70089999999973, 35.66569999999989], [139.70029999999971, 35.66569999999989], [139.70029999999971, 35.66509999999988]]]}, "properties": {"rsrp_dbm": -104.9, "quality": "moderate", "band": "n257", "fill": "#ffca28", "fill-opacity": 0.18, "stroke": "#ffca28", "stroke-opacity": 0.3, "stroke-width": 0, "extrude_height": 84.3, "building_height": 84.3}}, {"type": "Feature", "geometry": {"type": "Polygon", "coordinates": [[[139.7008999999997, 35.66509999999988], [139.70149999999973, 35.66509999999988], [139.70149999999973, 35.66569999999989], [139.7008999999997, 35.66569999999989], [139.7008999999997, 35.66509999999988]]]}, "properties": {"rsrp_dbm": -103.9, "quality": "moderate", "band": "n257", "fill": "#ffca28", "fill-opacity": 0.18, "stroke": "#ffca28", "stroke-opacity": 0.3, "stroke-width": 0, "extrude_height": 59.7, "building_height": 59.7}}, {"type": "Feature", "geometry": {"type": "Polygon", "coordinates": [[[139.7302999999993, 35.66509999999988], [139.7308999999993, 35.66509999999988], [139.7308999999993, 35.66569999999989], [139.7302999999993, 35.66569999999989], [139.7302999999993, 35.66509999999988]]]}, "properties": {"rsrp_dbm": -116.2, "quality": "very_weak", "band": "n257", "fill": "#ff5252", "fill-opacity": 0.18, "stroke": "#ff5252", "stroke-opacity": 0.3, "stroke-width": 0, "extrude_height": 248.1, "building_height": 248.1}}, {"type": "Feature", "geometry": {"type": "Polygon", "coordinates": [[[139.73089999999928, 35.66509999999988], [139.7314999999993, 35.66509999999988], [139.7314999999993, 35.66569999999989], [139.73089999999928, 35.66569999999989], [139.73089999999928, 35.66509999999988]]]}, "properties": {"rsrp_dbm": -118.3, "quality": "very_weak", "band": "n257", "fill": "#ff5252", "fill-opacity": 0.18, "stroke": "#ff5252", "stroke-opacity": 0.3, "stroke-width": 0, "extrude_height": 248.1, "building_height": 248.1}}, {"type": "Feature", "geometry": {"type": "Polygon", "coordinates": [[[139.73149999999927, 35.66509999999988], [139.7320999999993, 35.66509999999988], [139.7320999999993, 35.66569999999989], [139.73149999999927, 35.66569999999989], [139.73149999999927, 35.66509999999988]]]}, "properties": {"rsrp_dbm": -115.8, "quality": "very_weak", "band": "n257", "fill": "#ff5252", "fill-opacity": 0.18, "stroke": "#ff5252", "stroke-opacity": 0.3, "stroke-width": 0, "extrude_height": 248.1, "building_height": 248.1}}, {"type": "Feature", "geometry": {"type": "Polygon", "coordinates": [[[139.73209999999926, 35.66509999999988], [139.73269999999928, 35.66509999999988], [139.73269999999928, 35.66569999999989], [139.73209999999926, 35.66569999999989], [139.73209999999926, 35.66509999999988]]]}, "properties": {"rsrp_dbm": -112.6, "quality": "weak", "band": "n257", "fill": "#ff9800", "fill-opacity": 0.18, "stroke": "#ff9800", "stroke-opacity": 0.3, "stroke-width": 0, "extrude_height": 248.1, "building_height": 248.1}}, {"type": "Feature", "geometry": {"type": "Polygon", "coordinates": [[[139.7362999999992, 35.66509999999988], [139.73689999999922, 35.66509999999988], [139.73689999999922, 35.66569999999989], [139.7362999999992, 35.66569999999989], [139.7362999999992, 35.66509999999988]]]}, "properties": {"rsrp_dbm": -127.1, "quality": "very_weak", "band": "n257", "fill": "#ff5252", "fill-opacity": 0.18, "stroke": "#ff5252", "stroke-opacity": 0.3, "stroke-width": 0, "extrude_height": 230.8, "building_height": 230.8}}, {"type": "Feature", "geometry": {"type": "Polygon", "coordinates": [[[139.68829999999988, 35.66569999999988], [139.6888999999999, 35.66569999999988], [139.6888999999999, 35.666299999999886], [139.68829999999988, 35.666299999999886], [139.68829999999988, 35.66569999999988]]]}, "properties": {"rsrp_dbm": -119.8, "quality": "very_weak", "band": "n257", "fill": "#ff5252", "fill-opacity": 0.18, "stroke": "#ff5252", "stroke-opacity": 0.3, "stroke-width": 0, "extrude_height": 38.4, "building_height": 38.4}}, {"type": "Feature", "geometry": {"type": "Polygon", "coordinates": [[[139.68889999999988, 35.66569999999988], [139.6894999999999, 35.66569999999988], [139.6894999999999, 35.666299999999886], [139.68889999999988, 35.666299999999886], [139.68889999999988, 35.66569999999988]]]}, "properties": {"rsrp_dbm": -119.2, "quality": "very_weak", "band": "n257", "fill": "#ff5252", "fill-opacity": 0.18, "stroke": "#ff5252", "stroke-opacity": 0.3, "stroke-width": 0, "extrude_height": 38.4, "building_height": 38.4}}, {"type": "Feature", "geometry": {"type": "Polygon", "coordinates": [[[139.69189999999983, 35.66569999999988], [139.69249999999985, 35.66569999999988], [139.69249999999985, 35.666299999999886], [139.69189999999983, 35.666299999999886], [139.69189999999983, 35.66569999999988]]]}, "properties": {"rsrp_dbm": -116.3, "quality": "very_weak", "band": "n257", "fill": "#ff5252", "fill-opacity": 0.18, "stroke": "#ff5252", "stroke-opacity": 0.3, "stroke-width": 0, "extrude_height": 16.0, "building_height": 16.0}}, {"type": "Feature", "geometry": {"type": "Polygon", "coordinates": [[[139.69249999999982, 35.66569999999988], [139.69309999999984, 35.66569999999988], [139.69309999999984, 35.666299999999886], [139.69249999999982, 35.666299999999886], [139.69249999999982, 35.66569999999988]]]}, "properties": {"rsrp_dbm": -115.8, "quality": "very_weak", "band": "n257", "fill": "#ff5252", "fill-opacity": 0.18, "stroke": "#ff5252", "stroke-opacity": 0.3, "stroke-width": 0, "extrude_height": 16.0, "building_height": 16.0}}, {"type": "Feature", "geometry": {"type": "Polygon", "coordinates": [[[139.69309999999982, 35.66569999999988], [139.69369999999984, 35.66569999999988], [139.69369999999984, 35.666299999999886], [139.69309999999982, 35.666299999999886], [139.69309999999982, 35.66569999999988]]]}, "properties": {"rsrp_dbm": -115.2, "quality": "very_weak", "band": "n257", "fill": "#ff5252", "fill-opacity": 0.18, "stroke": "#ff5252", "stroke-opacity": 0.3, "stroke-width": 0, "extrude_height": 16.0, "building_height": 16.0}}, {"type": "Feature", "geometry": {"type": "Polygon", "coordinates": [[[139.6936999999998, 35.66569999999988], [139.69429999999983, 35.66569999999988], [139.69429999999983, 35.666299999999886], [139.6936999999998, 35.666299999999886], [139.6936999999998, 35.66569999999988]]]}, "properties": {"rsrp_dbm": -114.6, "quality": "weak", "band": "n257", "fill": "#ff9800", "fill-opacity": 0.18, "stroke": "#ff9800", "stroke-opacity": 0.3, "stroke-width": 0, "extrude_height": 16.0, "building_height": 16.0}}, {"type": "Feature", "geometry": {"type": "Polygon", "coordinates": [[[139.69609999999977, 35.66569999999988], [139.6966999999998, 35.66569999999988], [139.6966999999998, 35.666299999999886], [139.69609999999977, 35.666299999999886], [139.69609999999977, 35.66569999999988]]]}, "properties": {"rsrp_dbm": -112.6, "quality": "weak", "band": "n257", "fill": "#ff9800", "fill-opacity": 0.18, "stroke": "#ff9800", "stroke-opacity": 0.3, "stroke-width": 0, "extrude_height": 102.0, "building_height": 102.0}}, {"type": "Feature", "geometry": {"type": "Polygon", "coordinates": [[[139.69669999999977, 35.66569999999988], [139.69729999999979, 35.66569999999988], [139.69729999999979, 35.666299999999886], [139.69669999999977, 35.666299999999886], [139.69669999999977, 35.66569999999988]]]}, "properties": {"rsrp_dbm": -112.3, "quality": "weak", "band": "n257", "fill": "#ff9800", "fill-opacity": 0.18, "stroke": "#ff9800", "stroke-opacity": 0.3, "stroke-width": 0, "extrude_height": 102.0, "building_height": 102.0}}, {"type": "Feature", "geometry": {"type": "Polygon", "coordinates": [[[139.69849999999974, 35.66569999999988], [139.69909999999976, 35.66569999999988], [139.69909999999976, 35.666299999999886], [139.69849999999974, 35.666299999999886], [139.69849999999974, 35.66569999999988]]]}, "properties": {"rsrp_dbm": -108.2, "quality": "weak", "band": "n257", "fill": "#ff9800", "fill-opacity": 0.18, "stroke": "#ff9800", "stroke-opacity": 0.3, "stroke-width": 0, "extrude_height": 84.3, "building_height": 84.3}}, {"type": "Feature", "geometry": {"type": "Polygon", "coordinates": [[[139.69909999999973, 35.66569999999988], [139.69969999999975, 35.66569999999988], [139.69969999999975, 35.666299999999886], [139.69909999999973, 35.666299999999886], [139.69909999999973, 35.66569999999988]]]}, "properties": {"rsrp_dbm": -106.4, "quality": "weak", "band": "n257", "fill": "#ff9800", "fill-opacity": 0.18, "stroke": "#ff9800", "stroke-opacity": 0.3, "stroke-width": 0, "extrude_height": 84.3, "building_height": 84.3}}, {"type": "Feature", "geometry": {"type": "Polygon", "coordinates": [[[139.69969999999972, 35.66569999999988], [139.70029999999974, 35.66569999999988], [139.70029999999974, 35.666299999999886], [139.69969999999972, 35.666299999999886], [139.69969999999972, 35.66569999999988]]]}, "properties": {"rsrp_dbm": -104.7, "quality": "moderate", "band": "n257", "fill": "#ffca28", "fill-opacity": 0.18, "stroke": "#ffca28", "stroke-opacity": 0.3, "stroke-width": 0, "extrude_height": 84.3, "building_height": 84.3}}, {"type": "Feature", "geometry": {"type": "Polygon", "coordinates": [[[139.70029999999971, 35.66569999999988], [139.70089999999973, 35.66569999999988], [139.70089999999973, 35.666299999999886], [139.70029999999971, 35.666299999999886], [139.70029999999971, 35.66569999999988]]]}, "properties": {"rsrp_dbm": -103.2, "quality": "moderate", "band": "n257", "fill": "#ffca28", "fill-opacity": 0.18, "stroke": "#ffca28", "stroke-opacity": 0.3, "stroke-width": 0, "extrude_height": 84.3, "building_height": 84.3}}, {"type": "Feature", "geometry": {"type": "Polygon", "coordinates": [[[139.7008999999997, 35.66569999999988], [139.70149999999973, 35.66569999999988], [139.70149999999973, 35.666299999999886], [139.7008999999997, 35.666299999999886], [139.7008999999997, 35.66569999999988]]]}, "properties": {"rsrp_dbm": -101.9, "quality": "moderate", "band": "n257", "fill": "#ffca28", "fill-opacity": 0.18, "stroke": "#ffca28", "stroke-opacity": 0.3, "stroke-width": 0, "extrude_height": 59.7, "building_height": 59.7}}, {"type": "Feature", "geometry": {"type": "Polygon", "coordinates": [[[139.7290999999993, 35.66569999999988], [139.72969999999933, 35.66569999999988], [139.72969999999933, 35.666299999999886], [139.7290999999993, 35.666299999999886], [139.7290999999993, 35.66569999999988]]]}, "properties": {"rsrp_dbm": -108.5, "quality": "weak", "band": "n257", "fill": "#ff9800", "fill-opacity": 0.18, "stroke": "#ff9800", "stroke-opacity": 0.3, "stroke-width": 0, "extrude_height": 38.4, "building_height": 38.4}}, {"type": "Feature", "geometry": {"type": "Polygon", "coordinates": [[[139.73089999999928, 35.66569999999988], [139.7314999999993, 35.66569999999988], [139.7314999999993, 35.666299999999886], [139.73089999999928, 35.666299999999886], [139.73089999999928, 35.66569999999988]]]}, "properties": {"rsrp_dbm": -106.9, "quality": "weak", "band": "n257", "fill": "#ff9800", "fill-opacity": 0.18, "stroke": "#ff9800", "stroke-opacity": 0.3, "stroke-width": 0, "extrude_height": 248.1, "building_height": 248.1}}, {"type": "Feature", "geometry": {"type": "Polygon", "coordinates": [[[139.73149999999927, 35.66569999999988], [139.7320999999993, 35.66569999999988], [139.7320999999993, 35.666299999999886], [139.73149999999927, 35.666299999999886], [139.73149999999927, 35.66569999999988]]]}, "properties": {"rsrp_dbm": -106.5, "quality": "weak", "band": "n257", "fill": "#ff9800", "fill-opacity": 0.18, "stroke": "#ff9800", "stroke-opacity": 0.3, "stroke-width": 0, "extrude_height": 248.1, "building_height": 248.1}}, {"type": "Feature", "geometry": {"type": "Polygon", "coordinates": [[[139.73209999999926, 35.66569999999988], [139.73269999999928, 35.66569999999988], [139.73269999999928, 35.666299999999886], [139.73209999999926, 35.666299999999886], [139.73209999999926, 35.66569999999988]]]}, "properties": {"rsrp_dbm": -106.2, "quality": "weak", "band": "n257", "fill": "#ff9800", "fill-opacity": 0.18, "stroke": "#ff9800", "stroke-opacity": 0.3, "stroke-width": 0, "extrude_height": 248.1, "building_height": 248.1}}, {"type": "Feature", "geometry": {"type": "Polygon", "coordinates": [[[139.7356999999992, 35.66569999999988], [139.73629999999923, 35.66569999999988], [139.73629999999923, 35.666299999999886], [139.7356999999992, 35.666299999999886], [139.7356999999992, 35.66569999999988]]]}, "properties": {"rsrp_dbm": -123.5, "quality": "very_weak", "band": "n257", "fill": "#ff5252", "fill-opacity": 0.18, "stroke": "#ff5252", "stroke-opacity": 0.3, "stroke-width": 0, "extrude_height": 60.0, "building_height": 60.0}}, {"type": "Feature", "geometry": {"type": "Polygon", "coordinates": [[[139.7362999999992, 35.66569999999988], [139.73689999999922, 35.66569999999988], [139.73689999999922, 35.666299999999886], [139.7362999999992, 35.666299999999886], [139.7362999999992, 35.66569999999988]]]}, "properties": {"rsrp_dbm": -124.9, "quality": "very_weak", "band": "n257", "fill": "#ff5252", "fill-opacity": 0.18, "stroke": "#ff5252", "stroke-opacity": 0.3, "stroke-width": 0, "extrude_height": 60.0, "building_height": 60.0}}, {"type": "Feature", "geometry": {"type": "Polygon", "coordinates": [[[139.68829999999988, 35.66629999999988], [139.6888999999999, 35.66629999999988], [139.6888999999999, 35.666899999999885], [139.68829999999988, 35.666899999999885], [139.68829999999988, 35.66629999999988]]]}, "properties": {"rsrp_dbm": -119.2, "quality": "very_weak", "band": "n257", "fill": "#ff5252", "fill-opacity": 0.18, "stroke": "#ff5252", "stroke-opacity": 0.3, "stroke-width": 0, "extrude_height": 54.4, "building_height": 54.4}}, {"type": "Feature", "geometry": {"type": "Polygon", "coordinates": [[[139.68889999999988, 35.66629999999988], [139.6894999999999, 35.66629999999988], [139.6894999999999, 35.666899999999885], [139.68889999999988, 35.666899999999885], [139.68889999999988, 35.66629999999988]]]}, "properties": {"rsrp_dbm": -118.6, "quality": "very_weak", "band": "n257", "fill": "#ff5252", "fill-opacity": 0.18, "stroke": "#ff5252", "stroke-opacity": 0.3, "stroke-width": 0, "extrude_height": 54.4, "building_height": 54.4}}, {"type": "Feature", "geometry": {"type": "Polygon", "coordinates": [[[139.6948999999998, 35.66629999999988], [139.6954999999998, 35.66629999999988], [139.6954999999998, 35.666899999999885], [139.6948999999998, 35.666899999999885], [139.6948999999998, 35.66629999999988]]]}, "properties": {"rsrp_dbm": -112.0, "quality": "weak", "band": "n257", "fill": "#ff9800", "fill-opacity": 0.18, "stroke": "#ff9800", "stroke-opacity": 0.3, "stroke-width": 0, "extrude_height": 102.0, "building_height": 102.0}}, {"type": "Feature", "geometry": {"type": "Polygon", "coordinates": [[[139.69549999999978, 35.66629999999988], [139.6960999999998, 35.66629999999988], [139.6960999999998, 35.666899999999885], [139.69549999999978, 35.666899999999885], [139.69549999999978, 35.66629999999988]]]}, "properties": {"rsrp_dbm": -111.4, "quality": "weak", "band": "n257", "fill": "#ff9800", "fill-opacity": 0.18, "stroke": "#ff9800", "stroke-opacity": 0.3, "stroke-width": 0, "extrude_height": 102.0, "building_height": 102.0}}, {"type": "Feature", "geometry": {"type": "Polygon", "coordinates": [[[139.69609999999977, 35.66629999999988], [139.6966999999998, 35.66629999999988], [139.6966999999998, 35.666899999999885], [139.69609999999977, 35.666899999999885], [139.69609999999977, 35.66629999999988]]]}, "properties": {"rsrp_dbm": -110.8, "quality": "weak", "band": "n257", "fill": "#ff9800", "fill-opacity": 0.18, "stroke": "#ff9800", "stroke-opacity": 0.3, "stroke-width": 0, "extrude_height": 102.0, "building_height": 102.0}}, {"type": "Feature", "geometry": {"type": "Polygon", "coordinates": [[[139.69669999999977, 35.66629999999988], [139.69729999999979, 35.66629999999988], [139.69729999999979, 35.666899999999885], [139.69669999999977, 35.666899999999885], [139.69669999999977, 35.66629999999988]]]}, "properties": {"rsrp_dbm": -110.3, "quality": "weak", "band": "n257", "fill": "#ff9800", "fill-opacity": 0.18, "stroke": "#ff9800", "stroke-opacity": 0.3, "stroke-width": 0, "extrude_height": 102.0, "building_height": 102.0}}, {"type": "Feature", "geometry": {"type": "Polygon", "coordinates": [[[139.7008999999997, 35.66629999999988], [139.70149999999973, 35.66629999999988], [139.70149999999973, 35.666899999999885], [139.7008999999997, 35.666899999999885], [139.7008999999997, 35.66629999999988]]]}, "properties": {"rsrp_dbm": -99.8, "quality": "moderate", "band": "n257", "fill": "#ffca28", "fill-opacity": 0.18, "stroke": "#ffca28", "stroke-opacity": 0.3, "stroke-width": 0, "extrude_height": 32.0, "building_height": 32.0}}, {"type": "Feature", "geometry": {"type": "Polygon", "coordinates": [[[139.7014999999997, 35.66629999999988], [139.70209999999972, 35.66629999999988], [139.70209999999972, 35.666899999999885], [139.7014999999997, 35.666899999999885], [139.7014999999997, 35.66629999999988]]]}, "properties": {"rsrp_dbm": -98.6, "quality": "moderate", "band": "n257", "fill": "#ffca28", "fill-opacity": 0.18, "stroke": "#ffca28", "stroke-opacity": 0.3, "stroke-width": 0, "extrude_height": 41.6, "building_height": 41.6}}, {"type": "Feature", "geometry": {"type": "Polygon", "coordinates": [[[139.7020999999997, 35.66629999999988], [139.7026999999997, 35.66629999999988], [139.7026999999997, 35.666899999999885], [139.7020999999997, 35.666899999999885], [139.7020999999997, 35.66629999999988]]]}, "properties": {"rsrp_dbm": -128.0, "quality": "very_weak", "band": "n257", "fill": "#ff5252", "fill-opacity": 0.18, "stroke": "#ff5252", "stroke-opacity": 0.3, "stroke-width": 0, "extrude_height": 41.6, "building_height": 41.6}}, {"type": "Feature", "geometry": {"type": "Polygon", "coordinates": [[[139.70269999999968, 35.66629999999988], [139.7032999999997, 35.66629999999988], [139.7032999999997, 35.666899999999885], [139.70269999999968, 35.666899999999885], [139.70269999999968, 35.66629999999988]]]}, "properties": {"rsrp_dbm": -128.0, "quality": "very_weak", "band": "n257", "fill": "#ff5252", "fill-opacity": 0.18, "stroke": "#ff5252", "stroke-opacity": 0.3, "stroke-width": 0, "extrude_height": 41.6, "building_height": 41.6}}, {"type": "Feature", "geometry": {"type": "Polygon", "coordinates": [[[139.70329999999967, 35.66629999999988], [139.7038999999997, 35.66629999999988], [139.7038999999997, 35.666899999999885], [139.70329999999967, 35.666899999999885], [139.70329999999967, 35.66629999999988]]]}, "properties": {"rsrp_dbm": -128.6, "quality": "very_weak", "band": "n257", "fill": "#ff5252", "fill-opacity": 0.18, "stroke": "#ff5252", "stroke-opacity": 0.3, "stroke-width": 0, "extrude_height": 41.6, "building_height": 41.6}}, {"type": "Feature", "geometry": {"type": "Polygon", "coordinates": [[[139.70389999999966, 35.66629999999988], [139.70449999999968, 35.66629999999988], [139.70449999999968, 35.666899999999885], [139.70389999999966, 35.666899999999885], [139.70389999999966, 35.66629999999988]]]}, "properties": {"rsrp_dbm": -129.8, "quality": "very_weak", "band": "n257", "fill": "#ff5252", "fill-opacity": 0.18, "stroke": "#ff5252", "stroke-opacity": 0.3, "stroke-width": 0, "extrude_height": 32.0, "building_height": 32.0}}, {"type": "Feature", "geometry": {"type": "Polygon", "coordinates": [[[139.72849999999931, 35.66629999999988], [139.72909999999933, 35.66629999999988], [139.72909999999933, 35.666899999999885], [139.72849999999931, 35.666899999999885], [139.72849999999931, 35.66629999999988]]]}, "properties": {"rsrp_dbm": -109.9, "quality": "weak", "band": "n257", "fill": "#ff9800", "fill-opacity": 0.18, "stroke": "#ff9800", "stroke-opacity": 0.3, "stroke-width": 0, "extrude_height": 60.8, "building_height": 60.8}}, {"type": "Feature", "geometry": {"type": "Polygon", "coordinates": [[[139.7290999999993, 35.66629999999988], [139.72969999999933, 35.66629999999988], [139.72969999999933, 35.666899999999885], [139.7290999999993, 35.666899999999885], [139.7290999999993, 35.66629999999988]]]}, "properties": {"rsrp_dbm": -109.4, "quality": "weak", "band": "n257", "fill": "#ff9800", "fill-opacity": 0.18, "stroke": "#ff9800", "stroke-opacity": 0.3, "stroke-width": 0, "extrude_height": 38.4, "building_height": 38.4}}, {"type": "Feature", "geometry": {"type": "Polygon", "coordinates": [[[139.7356999999992, 35.66629999999988], [139.73629999999923, 35.66629999999988], [139.73629999999923, 35.666899999999885], [139.7356999999992, 35.666899999999885], [139.7356999999992, 35.66629999999988]]]}, "properties": {"rsrp_dbm": -120.5, "quality": "very_weak", "band": "n257", "fill": "#ff5252", "fill-opacity": 0.18, "stroke": "#ff5252", "stroke-opacity": 0.3, "stroke-width": 0, "extrude_height": 60.0, "building_height": 60.0}}, {"type": "Feature", "geometry": {"type": "Polygon", "coordinates": [[[139.7362999999992, 35.66629999999988], [139.73689999999922, 35.66629999999988], [139.73689999999922, 35.666899999999885], [139.7362999999992, 35.666899999999885], [139.7362999999992, 35.66629999999988]]]}, "properties": {"rsrp_dbm": -121.8, "quality": "very_weak", "band": "n257", "fill": "#ff5252", "fill-opacity": 0.18, "stroke": "#ff5252", "stroke-opacity": 0.3, "stroke-width": 0, "extrude_height": 60.0, "building_height": 60.0}}, {"type": "Feature", "geometry": {"type": "Polygon", "coordinates": [[[139.68829999999988, 35.66689999999988], [139.6888999999999, 35.66689999999988], [139.6888999999999, 35.66749999999988], [139.68829999999988, 35.66749999999988], [139.68829999999988, 35.66689999999988]]]}, "properties": {"rsrp_dbm": -118.7, "quality": "very_weak", "band": "n257", "fill": "#ff5252", "fill-opacity": 0.18, "stroke": "#ff5252", "stroke-opacity": 0.3, "stroke-width": 0, "extrude_height": 67.2, "building_height": 67.2}}, {"type": "Feature", "geometry": {"type": "Polygon", "coordinates": [[[139.68889999999988, 35.66689999999988], [139.6894999999999, 35.66689999999988], [139.6894999999999, 35.66749999999988], [139.68889999999988, 35.66749999999988], [139.68889999999988, 35.66689999999988]]]}, "properties": {"rsrp_dbm": -118.1, "quality": "very_weak", "band": "n257", "fill": "#ff5252", "fill-opacity": 0.18, "stroke": "#ff5252", "stroke-opacity": 0.3, "stroke-width": 0, "extrude_height": 67.2, "building_height": 67.2}}, {"type": "Feature", "geometry": {"type": "Polygon", "coordinates": [[[139.7008999999997, 35.66689999999988], [139.70149999999973, 35.66689999999988], [139.70149999999973, 35.66749999999988], [139.7008999999997, 35.66749999999988], [139.7008999999997, 35.66689999999988]]]}, "properties": {"rsrp_dbm": -97.5, "quality": "moderate", "band": "n257", "fill": "#ffca28", "fill-opacity": 0.18, "stroke": "#ffca28", "stroke-opacity": 0.3, "stroke-width": 0, "extrude_height": 32.0, "building_height": 32.0}}, {"type": "Feature", "geometry": {"type": "Polygon", "coordinates": [[[139.7014999999997, 35.66689999999988], [139.70209999999972, 35.66689999999988], [139.70209999999972, 35.66749999999988], [139.7014999999997, 35.66749999999988], [139.7014999999997, 35.66689999999988]]]}, "properties": {"rsrp_dbm": -95.8, "quality": "moderate", "band": "n257", "fill": "#ffca28", "fill-opacity": 0.18, "stroke": "#ffca28", "stroke-opacity": 0.3, "stroke-width": 0, "extrude_height": 41.6, "building_height": 41.6}}, {"type": "Feature", "geometry": {"type": "Polygon", "coordinates": [[[139.7020999999997, 35.66689999999988], [139.7026999999997, 35.66689999999988], [139.7026999999997, 35.66749999999988], [139.7020999999997, 35.66749999999988], [139.7020999999997, 35.66689999999988]]]}, "properties": {"rsrp_dbm": -118.6, "quality": "very_weak", "band": "n257", "fill": "#ff5252", "fill-opacity": 0.18, "stroke": "#ff5252", "stroke-opacity": 0.3, "stroke-width": 0, "extrude_height": 41.6, "building_height": 41.6}}, {"type": "Feature", "geometry": {"type": "Polygon", "coordinates": [[[139.70269999999968, 35.66689999999988], [139.7032999999997, 35.66689999999988], [139.7032999999997, 35.66749999999988], [139.70269999999968, 35.66749999999988], [139.70269999999968, 35.66689999999988]]]}, "properties": {"rsrp_dbm": -119.5, "quality": "very_weak", "band": "n257", "fill": "#ff5252", "fill-opacity": 0.18, "stroke": "#ff5252", "stroke-opacity": 0.3, "stroke-width": 0, "extrude_height": 41.6, "building_height": 41.6}}, {"type": "Feature", "geometry": {"type": "Polygon", "coordinates": [[[139.70329999999967, 35.66689999999988], [139.7038999999997, 35.66689999999988], [139.7038999999997, 35.66749999999988], [139.70329999999967, 35.66749999999988], [139.70329999999967, 35.66689999999988]]]}, "properties": {"rsrp_dbm": -120.5, "quality": "very_weak", "band": "n257", "fill": "#ff5252", "fill-opacity": 0.18, "stroke": "#ff5252", "stroke-opacity": 0.3, "stroke-width": 0, "extrude_height": 41.6, "building_height": 41.6}}, {"type": "Feature", "geometry": {"type": "Polygon", "coordinates": [[[139.70389999999966, 35.66689999999988], [139.70449999999968, 35.66689999999988], [139.70449999999968, 35.66749999999988], [139.70389999999966, 35.66749999999988], [139.70389999999966, 35.66689999999988]]]}, "properties": {"rsrp_dbm": -127.5, "quality": "very_weak", "band": "n257", "fill": "#ff5252", "fill-opacity": 0.18, "stroke": "#ff5252", "stroke-opacity": 0.3, "stroke-width": 0, "extrude_height": 32.0, "building_height": 32.0}}, {"type": "Feature", "geometry": {"type": "Polygon", "coordinates": [[[139.70449999999965, 35.66689999999988], [139.70509999999967, 35.66689999999988], [139.70509999999967, 35.66749999999988], [139.70449999999965, 35.66749999999988], [139.70449999999965, 35.66689999999988]]]}, "properties": {"rsrp_dbm": -129.7, "quality": "very_weak", "band": "n257", "fill": "#ff5252", "fill-opacity": 0.18, "stroke": "#ff5252", "stroke-opacity": 0.3, "stroke-width": 0, "extrude_height": 32.0, "building_height": 32.0}}, {"type": "Feature", "geometry": {"type": "Polygon", "coordinates": [[[139.72849999999931, 35.66689999999988], [139.72909999999933, 35.66689999999988], [139.72909999999933, 35.66749999999988], [139.72849999999931, 35.66749999999988], [139.72849999999931, 35.66689999999988]]]}, "properties": {"rsrp_dbm": -110.7, "quality": "weak", "band": "n257", "fill": "#ff9800", "fill-opacity": 0.18, "stroke": "#ff9800", "stroke-opacity": 0.3, "stroke-width": 0, "extrude_height": 166.2, "building_height": 166.2}}, {"type": "Feature", "geometry": {"type": "Polygon", "coordinates": [[[139.73149999999927, 35.66689999999988], [139.7320999999993, 35.66689999999988], [139.7320999999993, 35.66749999999988], [139.73149999999927, 35.66749999999988], [139.73149999999927, 35.66689999999988]]]}, "properties": {"rsrp_dbm": -109.0, "quality": "weak", "band": "n257", "fill": "#ff9800", "fill-opacity": 0.18, "stroke": "#ff9800", "stroke-opacity": 0.3, "stroke-width": 0, "extrude_height": 248.1, "building_height": 248.1}}, {"type": "Feature", "geometry": {"type": "Polygon", "coordinates": [[[139.68829999999988, 35.667499999999876], [139.6888999999999, 35.667499999999876], [139.6888999999999, 35.66809999999988], [139.68829999999988, 35.66809999999988], [139.68829999999988, 35.667499999999876]]]}, "properties": {"rsrp_dbm": -118.3, "quality": "very_weak", "band": "n257", "fill": "#ff5252", "fill-opacity": 0.18, "stroke": "#ff5252", "stroke-opacity": 0.3, "stroke-width": 0, "extrude_height": 67.2, "building_height": 67.2}}, {"type": "Feature", "geometry": {"type": "Polygon", "coordinates": [[[139.68889999999988, 35.667499999999876], [139.6894999999999, 35.667499999999876], [139.6894999999999, 35.66809999999988], [139.68889999999988, 35.66809999999988], [139.68889999999988, 35.667499999999876]]]}, "properties": {"rsrp_dbm": -117.6, "quality": "very_weak", "band": "n257", "fill": "#ff5252", "fill-opacity": 0.18, "stroke": "#ff5252", "stroke-opacity": 0.3, "stroke-width": 0, "extrude_height": 67.2, "building_height": 67.2}}, {"type": "Feature", "geometry": {"type": "Polygon", "coordinates": [[[139.7014999999997, 35.667499999999876], [139.70209999999972, 35.667499999999876], [139.70209999999972, 35.66809999999988], [139.7014999999997, 35.66809999999988], [139.7014999999997, 35.667499999999876]]]}, "properties": {"rsrp_dbm": -92.6, "quality": "moderate", "band": "n257", "fill": "#ffca28", "fill-opacity": 0.18, "stroke": "#ffca28", "stroke-opacity": 0.3, "stroke-width": 0, "extrude_height": 40.0, "building_height": 40.0}}, {"type": "Feature", "geometry": {"type": "Polygon", "coordinates": [[[139.7020999999997, 35.667499999999876], [139.7026999999997, 35.667499999999876], [139.7026999999997, 35.66809999999988], [139.7020999999997, 35.66809999999988], [139.7020999999997, 35.667499999999876]]]}, "properties": {"rsrp_dbm": -118.1, "quality": "very_weak", "band": "n257", "fill": "#ff5252", "fill-opacity": 0.18, "stroke": "#ff5252", "stroke-opacity": 0.3, "stroke-width": 0, "extrude_height": 40.0, "building_height": 40.0}}, {"type": "Feature", "geometry": {"type": "Polygon", "coordinates": [[[139.70269999999968, 35.667499999999876], [139.7032999999997, 35.667499999999876], [139.7032999999997, 35.66809999999988], [139.70269999999968, 35.66809999999988], [139.70269999999968, 35.667499999999876]]]}, "properties": {"rsrp_dbm": -119.2, "quality": "very_weak", "band": "n257", "fill": "#ff5252", "fill-opacity": 0.18, "stroke": "#ff5252", "stroke-opacity": 0.3, "stroke-width": 0, "extrude_height": 40.0, "building_height": 40.0}}, {"type": "Feature", "geometry": {"type": "Polygon", "coordinates": [[[139.70329999999967, 35.667499999999876], [139.7038999999997, 35.667499999999876], [139.7038999999997, 35.66809999999988], [139.70329999999967, 35.66809999999988], [139.70329999999967, 35.667499999999876]]]}, "properties": {"rsrp_dbm": -120.6, "quality": "very_weak", "band": "n257", "fill": "#ff5252", "fill-opacity": 0.18, "stroke": "#ff5252", "stroke-opacity": 0.3, "stroke-width": 0, "extrude_height": 40.0, "building_height": 40.0}}, {"type": "Feature", "geometry": {"type": "Polygon", "coordinates": [[[139.70389999999966, 35.667499999999876], [139.70449999999968, 35.667499999999876], [139.70449999999968, 35.66809999999988], [139.70389999999966, 35.66809999999988], [139.70389999999966, 35.667499999999876]]]}, "properties": {"rsrp_dbm": -125.0, "quality": "very_weak", "band": "n257", "fill": "#ff5252", "fill-opacity": 0.18, "stroke": "#ff5252", "stroke-opacity": 0.3, "stroke-width": 0, "extrude_height": 38.4, "building_height": 38.4}}, {"type": "Feature", "geometry": {"type": "Polygon", "coordinates": [[[139.70449999999965, 35.667499999999876], [139.70509999999967, 35.667499999999876], [139.70509999999967, 35.66809999999988], [139.70449999999965, 35.66809999999988], [139.70449999999965, 35.667499999999876]]]}, "properties": {"rsrp_dbm": -128.1, "quality": "very_weak", "band": "n257", "fill": "#ff5252", "fill-opacity": 0.18, "stroke": "#ff5252", "stroke-opacity": 0.3, "stroke-width": 0, "extrude_height": 38.4, "building_height": 38.4}}, {"type": "Feature", "geometry": {"type": "Polygon", "coordinates": [[[139.72789999999932, 35.667499999999876], [139.72849999999934, 35.667499999999876], [139.72849999999934, 35.66809999999988], [139.72789999999932, 35.66809999999988], [139.72789999999932, 35.667499999999876]]]}, "properties": {"rsrp_dbm": -112.0, "quality": "weak", "band": "n257", "fill": "#ff9800", "fill-opacity": 0.18, "stroke": "#ff9800", "stroke-opacity": 0.3, "stroke-width": 0, "extrude_height": 60.8, "building_height": 60.8}}, {"type": "Feature", "geometry": {"type": "Polygon", "coordinates": [[[139.73089999999928, 35.667499999999876], [139.7314999999993, 35.667499999999876], [139.7314999999993, 35.66809999999988], [139.73089999999928, 35.66809999999988], [139.73089999999928, 35.667499999999876]]]}, "properties": {"rsrp_dbm": -110.3, "quality": "weak", "band": "n257", "fill": "#ff9800", "fill-opacity": 0.18, "stroke": "#ff9800", "stroke-opacity": 0.3, "stroke-width": 0, "extrude_height": 22.4, "building_height": 22.4}}, {"type": "Feature", "geometry": {"type": "Polygon", "coordinates": [[[139.68829999999988, 35.668099999999875], [139.6888999999999, 35.668099999999875], [139.6888999999999, 35.66869999999988], [139.68829999999988, 35.66869999999988], [139.68829999999988, 35.668099999999875]]]}, "properties": {"rsrp_dbm": -118.0, "quality": "very_weak", "band": "n257", "fill": "#ff5252", "fill-opacity": 0.18, "stroke": "#ff5252", "stroke-opacity": 0.3, "stroke-width": 0, "extrude_height": 67.2, "building_height": 67.2}}, {"type": "Feature", "geometry": {"type": "Polygon", "coordinates": [[[139.68889999999988, 35.668099999999875], [139.6894999999999, 35.668099999999875], [139.6894999999999, 35.66869999999988], [139.68889999999988, 35.66869999999988], [139.68889999999988, 35.668099999999875]]]}, "properties": {"rsrp_dbm": -117.3, "quality": "very_weak", "band": "n257", "fill": "#ff5252", "fill-opacity": 0.18, "stroke": "#ff5252", "stroke-opacity": 0.3, "stroke-width": 0, "extrude_height": 67.2, "building_height": 67.2}}, {"type": "Feature", "geometry": {"type": "Polygon", "coordinates": [[[139.7020999999997, 35.668099999999875], [139.7026999999997, 35.668099999999875], [139.7026999999997, 35.66869999999988], [139.7020999999997, 35.66869999999988], [139.7020999999997, 35.668099999999875]]]}, "properties": {"rsrp_dbm": -116.5, "quality": "very_weak", "band": "n257", "fill": "#ff5252", "fill-opacity": 0.18, "stroke": "#ff5252", "stroke-opacity": 0.3, "stroke-width": 0, "extrude_height": 22.4, "building_height": 22.4}}, {"type": "Feature", "geometry": {"type": "Polygon", "coordinates": [[[139.70269999999968, 35.668099999999875], [139.7032999999997, 35.668099999999875], [139.7032999999997, 35.66869999999988], [139.70269999999968, 35.66869999999988], [139.70269999999968, 35.668099999999875]]]}, "properties": {"rsrp_dbm": -116.5, "quality": "very_weak", "band": "n257", "fill": "#ff5252", "fill-opacity": 0.18, "stroke": "#ff5252", "stroke-opacity": 0.3, "stroke-width": 0, "extrude_height": 38.4, "building_height": 38.4}}, {"type": "Feature", "geometry": {"type": "Polygon", "coordinates": [[[139.70329999999967, 35.668099999999875], [139.7038999999997, 35.668099999999875], [139.7038999999997, 35.66869999999988], [139.70329999999967, 35.66869999999988], [139.70329999999967, 35.668099999999875]]]}, "properties": {"rsrp_dbm": -118.8, "quality": "very_weak", "band": "n257", "fill": "#ff5252", "fill-opacity": 0.18, "stroke": "#ff5252", "stroke-opacity": 0.3, "stroke-width": 0, "extrude_height": 38.4, "building_height": 38.4}}, {"type": "Feature", "geometry": {"type": "Polygon", "coordinates": [[[139.70389999999966, 35.668099999999875], [139.70449999999968, 35.668099999999875], [139.70449999999968, 35.66869999999988], [139.70389999999966, 35.66869999999988], [139.70389999999966, 35.668099999999875]]]}, "properties": {"rsrp_dbm": -122.6, "quality": "very_weak", "band": "n257", "fill": "#ff5252", "fill-opacity": 0.18, "stroke": "#ff5252", "stroke-opacity": 0.3, "stroke-width": 0, "extrude_height": 38.4, "building_height": 38.4}}, {"type": "Feature", "geometry": {"type": "Polygon", "coordinates": [[[139.70449999999965, 35.668099999999875], [139.70509999999967, 35.668099999999875], [139.70509999999967, 35.66869999999988], [139.70449999999965, 35.66869999999988], [139.70449999999965, 35.668099999999875]]]}, "properties": {"rsrp_dbm": -126.9, "quality": "very_weak", "band": "n257", "fill": "#ff5252", "fill-opacity": 0.18, "stroke": "#ff5252", "stroke-opacity": 0.3, "stroke-width": 0, "extrude_height": 38.4, "building_height": 38.4}}, {"type": "Feature", "geometry": {"type": "Polygon", "coordinates": [[[139.70509999999965, 35.668099999999875], [139.70569999999967, 35.668099999999875], [139.70569999999967, 35.66869999999988], [139.70509999999965, 35.66869999999988], [139.70509999999965, 35.668099999999875]]]}, "properties": {"rsrp_dbm": -128.3, "quality": "very_weak", "band": "n257", "fill": "#ff5252", "fill-opacity": 0.18, "stroke": "#ff5252", "stroke-opacity": 0.3, "stroke-width": 0, "extrude_height": 28.8, "building_height": 28.8}}, {"type": "Feature", "geometry": {"type": "Polygon", "coordinates": [[[139.70569999999964, 35.668099999999875], [139.70629999999966, 35.668099999999875], [139.70629999999966, 35.66869999999988], [139.70569999999964, 35.66869999999988], [139.70569999999964, 35.668099999999875]]]}, "properties": {"rsrp_dbm": -129.3, "quality": "very_weak", "band": "n257", "fill": "#ff5252", "fill-opacity": 0.18, "stroke": "#ff5252", "stroke-opacity": 0.3, "stroke-width": 0, "extrude_height": 29.9, "building_height": 29.9}}, {"type": "Feature", "geometry": {"type": "Polygon", "coordinates": [[[139.71049999999957, 35.668099999999875], [139.7110999999996, 35.668099999999875], [139.7110999999996, 35.66869999999988], [139.71049999999957, 35.66869999999988], [139.71049999999957, 35.668099999999875]]]}, "properties": {"rsrp_dbm": -129.4, "quality": "very_weak", "band": "n257", "fill": "#ff5252", "fill-opacity": 0.18, "stroke": "#ff5252", "stroke-opacity": 0.3, "stroke-width": 0, "extrude_height": 16.0, "building_height": 16.0}}, {"type": "Feature", "geometry": {"type": "Polygon", "coordinates": [[[139.71109999999956, 35.668099999999875], [139.71169999999958, 35.668099999999875], [139.71169999999958, 35.66869999999988], [139.71109999999956, 35.66869999999988], [139.71109999999956, 35.668099999999875]]]}, "properties": {"rsrp_dbm": -129.5, "quality": "very_weak", "band": "n257", "fill": "#ff5252", "fill-opacity": 0.18, "stroke": "#ff5252", "stroke-opacity": 0.3, "stroke-width": 0, "extrude_height": 16.0, "building_height": 16.0}}, {"type": "Feature", "geometry": {"type": "Polygon", "coordinates": [[[139.72729999999933, 35.668099999999875], [139.72789999999935, 35.668099999999875], [139.72789999999935, 35.66869999999988], [139.72729999999933, 35.66869999999988], [139.72729999999933, 35.668099999999875]]]}, "properties": {"rsrp_dbm": -113.1, "quality": "weak", "band": "n257", "fill": "#ff9800", "fill-opacity": 0.18, "stroke": "#ff9800", "stroke-opacity": 0.3, "stroke-width": 0, "extrude_height": 60.8, "building_height": 60.8}}, {"type": "Feature", "geometry": {"type": "Polygon", "coordinates": [[[139.68829999999988, 35.66869999999987], [139.6888999999999, 35.66869999999987], [139.6888999999999, 35.66929999999988], [139.68829999999988, 35.66929999999988], [139.68829999999988, 35.66869999999987]]]}, "properties": {"rsrp_dbm": -117.7, "quality": "very_weak", "band": "n257", "fill": "#ff5252", "fill-opacity": 0.18, "stroke": "#ff5252", "stroke-opacity": 0.3, "stroke-width": 0, "extrude_height": 67.2, "building_height": 67.2}}, {"type": "Feature", "geometry": {"type": "Polygon", "coordinates": [[[139.68889999999988, 35.66869999999987], [139.6894999999999, 35.66869999999987], [139.6894999999999, 35.66929999999988], [139.68889999999988, 35.66929999999988], [139.68889999999988, 35.66869999999987]]]}, "properties": {"rsrp_dbm": -117.0, "quality": "very_weak", "band": "n257", "fill": "#ff5252", "fill-opacity": 0.18, "stroke": "#ff5252", "stroke-opacity": 0.3, "stroke-width": 0, "extrude_height": 67.2, "building_height": 67.2}}, {"type": "Feature", "geometry": {"type": "Polygon", "coordinates": [[[139.7020999999997, 35.66869999999987], [139.7026999999997, 35.66869999999987], [139.7026999999997, 35.66929999999988], [139.7020999999997, 35.66929999999988], [139.7020999999997, 35.66869999999987]]]}, "properties": {"rsrp_dbm": -80.0, "quality": "good", "band": "n257", "fill": "#66bb6a", "fill-opacity": 0.18, "stroke": "#66bb6a", "stroke-opacity": 0.3, "stroke-width": 0, "extrude_height": 22.4, "building_height": 22.4}}, {"type": "Feature", "geometry": {"type": "Polygon", "coordinates": [[[139.70269999999968, 35.66869999999987], [139.7032999999997, 35.66869999999987], [139.7032999999997, 35.66929999999988], [139.70269999999968, 35.66929999999988], [139.70269999999968, 35.66869999999987]]]}, "properties": {"rsrp_dbm": -80.0, "quality": "good", "band": "n257", "fill": "#66bb6a", "fill-opacity": 0.18, "stroke": "#66bb6a", "stroke-opacity": 0.3, "stroke-width": 0, "extrude_height": 38.4, "building_height": 38.4}}, {"type": "Feature", "geometry": {"type": "Polygon", "coordinates": [[[139.70329999999967, 35.66869999999987], [139.7038999999997, 35.66869999999987], [139.7038999999997, 35.66929999999988], [139.70329999999967, 35.66929999999988], [139.70329999999967, 35.66869999999987]]]}, "properties": {"rsrp_dbm": -114.7, "quality": "weak", "band": "n257", "fill": "#ff9800", "fill-opacity": 0.18, "stroke": "#ff9800", "stroke-opacity": 0.3, "stroke-width": 0, "extrude_height": 38.4, "building_height": 38.4}}, {"type": "Feature", "geometry": {"type": "Polygon", "coordinates": [[[139.70389999999966, 35.66869999999987], [139.70449999999968, 35.66869999999987], [139.70449999999968, 35.66929999999988], [139.70389999999966, 35.66929999999988], [139.70389999999966, 35.66869999999987]]]}, "properties": {"rsrp_dbm": -120.9, "quality": "very_weak", "band": "n257", "fill": "#ff5252", "fill-opacity": 0.18, "stroke": "#ff5252", "stroke-opacity": 0.3, "stroke-width": 0, "extrude_height": 38.4, "building_height": 38.4}}, {"type": "Feature", "geometry": {"type": "Polygon", "coordinates": [[[139.70449999999965, 35.66869999999987], [139.70509999999967, 35.66869999999987], [139.70509999999967, 35.66929999999988], [139.70449999999965, 35.66929999999988], [139.70449999999965, 35.66869999999987]]]}, "properties": {"rsrp_dbm": -121.8, "quality": "very_weak", "band": "n257", "fill": "#ff5252", "fill-opacity": 0.18, "stroke": "#ff5252", "stroke-opacity": 0.3, "stroke-width": 0, "extrude_height": 38.4, "building_height": 38.4}}, {"type": "Feature", "geometry": {"type": "Polygon", "coordinates": [[[139.70509999999965, 35.66869999999987], [139.70569999999967, 35.66869999999987], [139.70569999999967, 35.66929999999988], [139.70509999999965, 35.66929999999988], [139.70509999999965, 35.66869999999987]]]}, "properties": {"rsrp_dbm": -124.1, "quality": "very_weak", "band": "n257", "fill": "#ff5252", "fill-opacity": 0.18, "stroke": "#ff5252", "stroke-opacity": 0.3, "stroke-width": 0, "extrude_height": 28.8, "building_height": 28.8}}, {"type": "Feature", "geometry": {"type": "Polygon", "coordinates": [[[139.70569999999964, 35.66869999999987], [139.70629999999966, 35.66869999999987], [139.70629999999966, 35.66929999999988], [139.70569999999964, 35.66929999999988], [139.70569999999964, 35.66869999999987]]]}, "properties": {"rsrp_dbm": -126.1, "quality": "very_weak", "band": "n257", "fill": "#ff5252", "fill-opacity": 0.18, "stroke": "#ff5252", "stroke-opacity": 0.3, "stroke-width": 0, "extrude_height": 25.6, "building_height": 25.6}}, {"type": "Feature", "geometry": {"type": "Polygon", "coordinates": [[[139.70629999999963, 35.66869999999987], [139.70689999999965, 35.66869999999987], [139.70689999999965, 35.66929999999988], [139.70629999999963, 35.66929999999988], [139.70629999999963, 35.66869999999987]]]}, "properties": {"rsrp_dbm": -128.1, "quality": "very_weak", "band": "n257", "fill": "#ff5252", "fill-opacity": 0.18, "stroke": "#ff5252", "stroke-opacity": 0.3, "stroke-width": 0, "extrude_height": 25.6, "building_height": 25.6}}, {"type": "Feature", "geometry": {"type": "Polygon", "coordinates": [[[139.70689999999962, 35.66869999999987], [139.70749999999964, 35.66869999999987], [139.70749999999964, 35.66929999999988], [139.70689999999962, 35.66929999999988], [139.70689999999962, 35.66869999999987]]]}, "properties": {"rsrp_dbm": -130.0, "quality": "very_weak", "band": "n257", "fill": "#ff5252", "fill-opacity": 0.18, "stroke": "#ff5252", "stroke-opacity": 0.3, "stroke-width": 0, "extrude_height": 25.6, "building_height": 25.6}}, {"type": "Feature", "geometry": {"type": "Polygon", "coordinates": [[[139.7074999999996, 35.66869999999987], [139.70809999999963, 35.66869999999987], [139.70809999999963, 35.66929999999988], [139.7074999999996, 35.66929999999988], [139.7074999999996, 35.66869999999987]]]}, "properties": {"rsrp_dbm": -129.4, "quality": "very_weak", "band": "n257", "fill": "#ff5252", "fill-opacity": 0.18, "stroke": "#ff5252", "stroke-opacity": 0.3, "stroke-width": 0, "extrude_height": 25.6, "building_height": 25.6}}, {"type": "Feature", "geometry": {"type": "Polygon", "coordinates": [[[139.72669999999934, 35.66869999999987], [139.72729999999936, 35.66869999999987], [139.72729999999936, 35.66929999999988], [139.72669999999934, 35.66929999999988], [139.72669999999934, 35.66869999999987]]]}, "properties": {"rsrp_dbm": -114.2, "quality": "weak", "band": "n257", "fill": "#ff9800", "fill-opacity": 0.18, "stroke": "#ff9800", "stroke-opacity": 0.3, "stroke-width": 0, "extrude_height": 28.8, "building_height": 28.8}}, {"type": "Feature", "geometry": {"type": "Polygon", "coordinates": [[[139.7302999999993, 35.66869999999987], [139.7308999999993, 35.66869999999987], [139.7308999999993, 35.66929999999988], [139.7302999999993, 35.66929999999988], [139.7302999999993, 35.66869999999987]]]}, "properties": {"rsrp_dbm": -112.5, "quality": "weak", "band": "n257", "fill": "#ff9800", "fill-opacity": 0.18, "stroke": "#ff9800", "stroke-opacity": 0.3, "stroke-width": 0, "extrude_height": 166.2, "building_height": 166.2}}, {"type": "Feature", "geometry": {"type": "Polygon", "coordinates": [[[139.68829999999988, 35.66929999999987], [139.6888999999999, 35.66929999999987], [139.6888999999999, 35.66989999999988], [139.68829999999988, 35.66989999999988], [139.68829999999988, 35.66929999999987]]]}, "properties": {"rsrp_dbm": -117.6, "quality": "very_weak", "band": "n257", "fill": "#ff5252", "fill-opacity": 0.18, "stroke": "#ff5252", "stroke-opacity": 0.3, "stroke-width": 0, "extrude_height": 35.2, "building_height": 35.2}}, {"type": "Feature", "geometry": {"type": "Polygon", "coordinates": [[[139.68889999999988, 35.66929999999987], [139.6894999999999, 35.66929999999987], [139.6894999999999, 35.66989999999988], [139.68889999999988, 35.66989999999988], [139.68889999999988, 35.66929999999987]]]}, "properties": {"rsrp_dbm": -116.9, "quality": "very_weak", "band": "n257", "fill": "#ff5252", "fill-opacity": 0.18, "stroke": "#ff5252", "stroke-opacity": 0.3, "stroke-width": 0, "extrude_height": 35.2, "building_height": 35.2}}, {"type": "Feature", "geometry": {"type": "Polygon", "coordinates": [[[139.7020999999997, 35.66929999999987], [139.7026999999997, 35.66929999999987], [139.7026999999997, 35.66989999999988], [139.7020999999997, 35.66989999999988], [139.7020999999997, 35.66929999999987]]]}, "properties": {"rsrp_dbm": -70.2, "quality": "strong", "band": "n257", "fill": "#00e676", "fill-opacity": 0.18, "stroke": "#00e676", "stroke-opacity": 0.3, "stroke-width": 0, "extrude_height": 22.4, "building_height": 22.4}}, {"type": "Feature", "geometry": {"type": "Polygon", "coordinates": [[[139.70269999999968, 35.66929999999987], [139.7032999999997, 35.66929999999987], [139.7032999999997, 35.66989999999988], [139.70269999999968, 35.66989999999988], [139.70269999999968, 35.66929999999987]]]}, "properties": {"rsrp_dbm": -70.2, "quality": "strong", "band": "n257", "fill": "#00e676", "fill-opacity": 0.18, "stroke": "#00e676", "stroke-opacity": 0.3, "stroke-width": 0, "extrude_height": 38.4, "building_height": 38.4}}, {"type": "Feature", "geometry": {"type": "Polygon", "coordinates": [[[139.70329999999967, 35.66929999999987], [139.7038999999997, 35.66929999999987], [139.7038999999997, 35.66989999999988], [139.70329999999967, 35.66989999999988], [139.70329999999967, 35.66929999999987]]]}, "properties": {"rsrp_dbm": -79.6, "quality": "good", "band": "n257", "fill": "#66bb6a", "fill-opacity": 0.18, "stroke": "#66bb6a", "stroke-opacity": 0.3, "stroke-width": 0, "extrude_height": 38.4, "building_height": 38.4}}, {"type": "Feature", "geometry": {"type": "Polygon", "coordinates": [[[139.70389999999966, 35.66929999999987], [139.70449999999968, 35.66929999999987], [139.70449999999968, 35.66989999999988], [139.70389999999966, 35.66989999999988], [139.70389999999966, 35.66929999999987]]]}, "properties": {"rsrp_dbm": -83.3, "quality": "good", "band": "n257", "fill": "#66bb6a", "fill-opacity": 0.18, "stroke": "#66bb6a", "stroke-opacity": 0.3, "stroke-width": 0, "extrude_height": 38.4, "building_height": 38.4}}, {"type": "Feature", "geometry": {"type": "Polygon", "coordinates": [[[139.70449999999965, 35.66929999999987], [139.70509999999967, 35.66929999999987], [139.70509999999967, 35.66989999999988], [139.70449999999965, 35.66989999999988], [139.70449999999965, 35.66929999999987]]]}, "properties": {"rsrp_dbm": -87.3, "quality": "good", "band": "n257", "fill": "#66bb6a", "fill-opacity": 0.18, "stroke": "#66bb6a", "stroke-opacity": 0.3, "stroke-width": 0, "extrude_height": 38.4, "building_height": 38.4}}, {"type": "Feature", "geometry": {"type": "Polygon", "coordinates": [[[139.70509999999965, 35.66929999999987], [139.70569999999967, 35.66929999999987], [139.70569999999967, 35.66989999999988], [139.70509999999965, 35.66989999999988], [139.70509999999965, 35.66929999999987]]]}, "properties": {"rsrp_dbm": -90.8, "quality": "moderate", "band": "n257", "fill": "#ffca28", "fill-opacity": 0.18, "stroke": "#ffca28", "stroke-opacity": 0.3, "stroke-width": 0, "extrude_height": 28.8, "building_height": 28.8}}, {"type": "Feature", "geometry": {"type": "Polygon", "coordinates": [[[139.70569999999964, 35.66929999999987], [139.70629999999966, 35.66929999999987], [139.70629999999966, 35.66989999999988], [139.70569999999964, 35.66989999999988], [139.70569999999964, 35.66929999999987]]]}, "properties": {"rsrp_dbm": -123.8, "quality": "very_weak", "band": "n257", "fill": "#ff5252", "fill-opacity": 0.18, "stroke": "#ff5252", "stroke-opacity": 0.3, "stroke-width": 0, "extrude_height": 115.3, "building_height": 115.3}}, {"type": "Feature", "geometry": {"type": "Polygon", "coordinates": [[[139.70629999999963, 35.66929999999987], [139.70689999999965, 35.66929999999987], [139.70689999999965, 35.66989999999988], [139.70629999999963, 35.66989999999988], [139.70629999999963, 35.66929999999987]]]}, "properties": {"rsrp_dbm": -126.4, "quality": "very_weak", "band": "n257", "fill": "#ff5252", "fill-opacity": 0.18, "stroke": "#ff5252", "stroke-opacity": 0.3, "stroke-width": 0, "extrude_height": 115.3, "building_height": 115.3}}, {"type": "Feature", "geometry": {"type": "Polygon", "coordinates": [[[139.70689999999962, 35.66929999999987], [139.70749999999964, 35.66929999999987], [139.70749999999964, 35.66989999999988], [139.70689999999962, 35.66989999999988], [139.70689999999962, 35.66929999999987]]]}, "properties": {"rsrp_dbm": -128.6, "quality": "very_weak", "band": "n257", "fill": "#ff5252", "fill-opacity": 0.18, "stroke": "#ff5252", "stroke-opacity": 0.3, "stroke-width": 0, "extrude_height": 115.3, "building_height": 115.3}}, {"type": "Feature", "geometry": {"type": "Polygon", "coordinates": [[[139.73449999999923, 35.66929999999987], [139.73509999999925, 35.66929999999987], [139.73509999999925, 35.66989999999988], [139.73449999999923, 35.66989999999988], [139.73449999999923, 35.66929999999987]]]}, "properties": {"rsrp_dbm": -114.3, "quality": "weak", "band": "n257", "fill": "#ff9800", "fill-opacity": 0.18, "stroke": "#ff9800", "stroke-opacity": 0.3, "stroke-width": 0, "extrude_height": 28.8, "building_height": 28.8}}, {"type": "Feature", "geometry": {"type": "Polygon", "coordinates": [[[139.73509999999922, 35.66929999999987], [139.73569999999924, 35.66929999999987], [139.73569999999924, 35.66989999999988], [139.73509999999922, 35.66989999999988], [139.73509999999922, 35.66929999999987]]]}, "properties": {"rsrp_dbm": -114.8, "quality": "weak", "band": "n257", "fill": "#ff9800", "fill-opacity": 0.18, "stroke": "#ff9800", "stroke-opacity": 0.3, "stroke-width": 0, "extrude_height": 28.8, "building_height": 28.8}}, {"type": "Feature", "geometry": {"type": "Polygon", "coordinates": [[[139.68829999999988, 35.66989999999987], [139.6888999999999, 35.66989999999987], [139.6888999999999, 35.670499999999876], [139.68829999999988, 35.670499999999876], [139.68829999999988, 35.66989999999987]]]}, "properties": {"rsrp_dbm": -117.5, "quality": "very_weak", "band": "n257", "fill": "#ff5252", "fill-opacity": 0.18, "stroke": "#ff5252", "stroke-opacity": 0.3, "stroke-width": 0, "extrude_height": 28.8, "building_height": 28.8}}, {"type": "Feature", "geometry": {"type": "Polygon", "coordinates": [[[139.68889999999988, 35.66989999999987], [139.6894999999999, 35.66989999999987], [139.6894999999999, 35.670499999999876], [139.68889999999988, 35.670499999999876], [139.68889999999988, 35.66989999999987]]]}, "properties": {"rsrp_dbm": -116.8, "quality": "very_weak", "band": "n257", "fill": "#ff5252", "fill-opacity": 0.18, "stroke": "#ff5252", "stroke-opacity": 0.3, "stroke-width": 0, "extrude_height": 28.8, "building_height": 28.8}}, {"type": "Feature", "geometry": {"type": "Polygon", "coordinates": [[[139.7020999999997, 35.66989999999987], [139.7026999999997, 35.66989999999987], [139.7026999999997, 35.670499999999876], [139.7020999999997, 35.670499999999876], [139.7020999999997, 35.66989999999987]]]}, "properties": {"rsrp_dbm": -52.2, "quality": "strong", "band": "n257", "fill": "#00e676", "fill-opacity": 0.18, "stroke": "#00e676", "stroke-opacity": 0.3, "stroke-width": 0, "extrude_height": 22.4, "building_height": 22.4}}, {"type": "Feature", "geometry": {"type": "Polygon", "coordinates": [[[139.70269999999968, 35.66989999999987], [139.7032999999997, 35.66989999999987], [139.7032999999997, 35.670499999999876], [139.70269999999968, 35.670499999999876], [139.70269999999968, 35.66989999999987]]]}, "properties": {"rsrp_dbm": -52.2, "quality": "strong", "band": "n257", "fill": "#00e676", "fill-opacity": 0.18, "stroke": "#00e676", "stroke-opacity": 0.3, "stroke-width": 0, "extrude_height": 22.4, "building_height": 22.4}}, {"type": "Feature", "geometry": {"type": "Polygon", "coordinates": [[[139.70329999999967, 35.66989999999987], [139.7038999999997, 35.66989999999987], [139.7038999999997, 35.670499999999876], [139.70329999999967, 35.670499999999876], [139.70329999999967, 35.66989999999987]]]}, "properties": {"rsrp_dbm": -70.8, "quality": "strong", "band": "n257", "fill": "#00e676", "fill-opacity": 0.18, "stroke": "#00e676", "stroke-opacity": 0.3, "stroke-width": 0, "extrude_height": 22.4, "building_height": 22.4}}, {"type": "Feature", "geometry": {"type": "Polygon", "coordinates": [[[139.70389999999966, 35.66989999999987], [139.70449999999968, 35.66989999999987], [139.70449999999968, 35.670499999999876], [139.70389999999966, 35.670499999999876], [139.70389999999966, 35.66989999999987]]]}, "properties": {"rsrp_dbm": -79.5, "quality": "good", "band": "n257", "fill": "#66bb6a", "fill-opacity": 0.18, "stroke": "#66bb6a", "stroke-opacity": 0.3, "stroke-width": 0, "extrude_height": 22.4, "building_height": 22.4}}, {"type": "Feature", "geometry": {"type": "Polygon", "coordinates": [[[139.70449999999965, 35.66989999999987], [139.70509999999967, 35.66989999999987], [139.70509999999967, 35.670499999999876], [139.70449999999965, 35.670499999999876], [139.70449999999965, 35.66989999999987]]]}, "properties": {"rsrp_dbm": -85.2, "quality": "good", "band": "n257", "fill": "#66bb6a", "fill-opacity": 0.18, "stroke": "#66bb6a", "stroke-opacity": 0.3, "stroke-width": 0, "extrude_height": 22.4, "building_height": 22.4}}, {"type": "Feature", "geometry": {"type": "Polygon", "coordinates": [[[139.70509999999965, 35.66989999999987], [139.70569999999967, 35.66989999999987], [139.70569999999967, 35.670499999999876], [139.70509999999965, 35.670499999999876], [139.70509999999965, 35.66989999999987]]]}, "properties": {"rsrp_dbm": -119.5, "quality": "very_weak", "band": "n257", "fill": "#ff5252", "fill-opacity": 0.18, "stroke": "#ff5252", "stroke-opacity": 0.3, "stroke-width": 0, "extrude_height": 22.4, "building_height": 22.4}}, {"type": "Feature", "geometry": {"type": "Polygon", "coordinates": [[[139.70569999999964, 35.66989999999987], [139.70629999999966, 35.66989999999987], [139.70629999999966, 35.670499999999876], [139.70569999999964, 35.670499999999876], [139.70569999999964, 35.66989999999987]]]}, "properties": {"rsrp_dbm": -122.9, "quality": "very_weak", "band": "n257", "fill": "#ff5252", "fill-opacity": 0.18, "stroke": "#ff5252", "stroke-opacity": 0.3, "stroke-width": 0, "extrude_height": 115.3, "building_height": 115.3}}, {"type": "Feature", "geometry": {"type": "Polygon", "coordinates": [[[139.70629999999963, 35.66989999999987], [139.70689999999965, 35.66989999999987], [139.70689999999965, 35.670499999999876], [139.70629999999963, 35.670499999999876], [139.70629999999963, 35.66989999999987]]]}, "properties": {"rsrp_dbm": -123.5, "quality": "very_weak", "band": "n257", "fill": "#ff5252", "fill-opacity": 0.18, "stroke": "#ff5252", "stroke-opacity": 0.3, "stroke-width": 0, "extrude_height": 115.3, "building_height": 115.3}}, {"type": "Feature", "geometry": {"type": "Polygon", "coordinates": [[[139.70689999999962, 35.66989999999987], [139.70749999999964, 35.66989999999987], [139.70749999999964, 35.670499999999876], [139.70689999999962, 35.670499999999876], [139.70689999999962, 35.66989999999987]]]}, "properties": {"rsrp_dbm": -128.2, "quality": "very_weak", "band": "n257", "fill": "#ff5252", "fill-opacity": 0.18, "stroke": "#ff5252", "stroke-opacity": 0.3, "stroke-width": 0, "extrude_height": 115.3, "building_height": 115.3}}, {"type": "Feature", "geometry": {"type": "Polygon", "coordinates": [[[139.73449999999923, 35.66989999999987], [139.73509999999925, 35.66989999999987], [139.73509999999925, 35.670499999999876], [139.73449999999923, 35.670499999999876], [139.73449999999923, 35.66989999999987]]]}, "properties": {"rsrp_dbm": -115.4, "quality": "very_weak", "band": "n257", "fill": "#ff5252", "fill-opacity": 0.18, "stroke": "#ff5252", "stroke-opacity": 0.3, "stroke-width": 0, "extrude_height": 41.6, "building_height": 41.6}}, {"type": "Feature", "geometry": {"type": "Polygon", "coordinates": [[[139.68829999999988, 35.67049999999987], [139.6888999999999, 35.67049999999987], [139.6888999999999, 35.671099999999875], [139.68829999999988, 35.671099999999875], [139.68829999999988, 35.67049999999987]]]}, "properties": {"rsrp_dbm": -117.6, "quality": "very_weak", "band": "n257", "fill": "#ff5252", "fill-opacity": 0.18, "stroke": "#ff5252", "stroke-opacity": 0.3, "stroke-width": 0, "extrude_height": 28.8, "building_height": 28.8}}, {"type": "Feature", "geometry": {"type": "Polygon", "coordinates": [[[139.68889999999988, 35.67049999999987], [139.6894999999999, 35.67049999999987], [139.6894999999999, 35.671099999999875], [139.68889999999988, 35.671099999999875], [139.68889999999988, 35.67049999999987]]]}, "properties": {"rsrp_dbm": -116.9, "quality": "very_weak", "band": "n257", "fill": "#ff5252", "fill-opacity": 0.18, "stroke": "#ff5252", "stroke-opacity": 0.3, "stroke-width": 0, "extrude_height": 28.8, "building_height": 28.8}}, {"type": "Feature", "geometry": {"type": "Polygon", "coordinates": [[[139.7020999999997, 35.67049999999987], [139.7026999999997, 35.67049999999987], [139.7026999999997, 35.671099999999875], [139.7020999999997, 35.671099999999875], [139.7020999999997, 35.67049999999987]]]}, "properties": {"rsrp_dbm": -70.2, "quality": "strong", "band": "n257", "fill": "#00e676", "fill-opacity": 0.18, "stroke": "#00e676", "stroke-opacity": 0.3, "stroke-width": 0, "extrude_height": 22.4, "building_height": 22.4}}, {"type": "Feature", "geometry": {"type": "Polygon", "coordinates": [[[139.70269999999968, 35.67049999999987], [139.7032999999997, 35.67049999999987], [139.7032999999997, 35.671099999999875], [139.70269999999968, 35.671099999999875], [139.70269999999968, 35.67049999999987]]]}, "properties": {"rsrp_dbm": -70.2, "quality": "strong", "band": "n257", "fill": "#00e676", "fill-opacity": 0.18, "stroke": "#00e676", "stroke-opacity": 0.3, "stroke-width": 0, "extrude_height": 22.4, "building_height": 22.4}}, {"type": "Feature", "geometry": {"type": "Polygon", "coordinates": [[[139.70329999999967, 35.67049999999987], [139.7038999999997, 35.67049999999987], [139.7038999999997, 35.671099999999875], [139.70329999999967, 35.671099999999875], [139.70329999999967, 35.67049999999987]]]}, "properties": {"rsrp_dbm": -79.6, "quality": "good", "band": "n257", "fill": "#66bb6a", "fill-opacity": 0.18, "stroke": "#66bb6a", "stroke-opacity": 0.3, "stroke-width": 0, "extrude_height": 22.4, "building_height": 22.4}}, {"type": "Feature", "geometry": {"type": "Polygon", "coordinates": [[[139.70389999999966, 35.67049999999987], [139.70449999999968, 35.67049999999987], [139.70449999999968, 35.671099999999875], [139.70389999999966, 35.671099999999875], [139.70389999999966, 35.67049999999987]]]}, "properties": {"rsrp_dbm": -83.3, "quality": "good", "band": "n257", "fill": "#66bb6a", "fill-opacity": 0.18, "stroke": "#66bb6a", "stroke-opacity": 0.3, "stroke-width": 0, "extrude_height": 22.4, "building_height": 22.4}}, {"type": "Feature", "geometry": {"type": "Polygon", "coordinates": [[[139.70449999999965, 35.67049999999987], [139.70509999999967, 35.67049999999987], [139.70509999999967, 35.671099999999875], [139.70449999999965, 35.671099999999875], [139.70449999999965, 35.67049999999987]]]}, "properties": {"rsrp_dbm": -117.3, "quality": "very_weak", "band": "n257", "fill": "#ff5252", "fill-opacity": 0.18, "stroke": "#ff5252", "stroke-opacity": 0.3, "stroke-width": 0, "extrude_height": 22.4, "building_height": 22.4}}, {"type": "Feature", "geometry": {"type": "Polygon", "coordinates": [[[139.70509999999965, 35.67049999999987], [139.70569999999967, 35.67049999999987], [139.70569999999967, 35.671099999999875], [139.70509999999965, 35.671099999999875], [139.70509999999965, 35.67049999999987]]]}, "properties": {"rsrp_dbm": -120.8, "quality": "very_weak", "band": "n257", "fill": "#ff5252", "fill-opacity": 0.18, "stroke": "#ff5252", "stroke-opacity": 0.3, "stroke-width": 0, "extrude_height": 22.4, "building_height": 22.4}}, {"type": "Feature", "geometry": {"type": "Polygon", "coordinates": [[[139.70569999999964, 35.67049999999987], [139.70629999999966, 35.67049999999987], [139.70629999999966, 35.671099999999875], [139.70569999999964, 35.671099999999875], [139.70569999999964, 35.67049999999987]]]}, "properties": {"rsrp_dbm": -123.8, "quality": "very_weak", "band": "n257", "fill": "#ff5252", "fill-opacity": 0.18, "stroke": "#ff5252", "stroke-opacity": 0.3, "stroke-width": 0, "extrude_height": 115.3, "building_height": 115.3}}, {"type": "Feature", "geometry": {"type": "Polygon", "coordinates": [[[139.70629999999963, 35.67049999999987], [139.70689999999965, 35.67049999999987], [139.70689999999965, 35.671099999999875], [139.70629999999963, 35.671099999999875], [139.70629999999963, 35.67049999999987]]]}, "properties": {"rsrp_dbm": -124.0, "quality": "very_weak", "band": "n257", "fill": "#ff5252", "fill-opacity": 0.18, "stroke": "#ff5252", "stroke-opacity": 0.3, "stroke-width": 0, "extrude_height": 115.3, "building_height": 115.3}}, {"type": "Feature", "geometry": {"type": "Polygon", "coordinates": [[[139.70689999999962, 35.67049999999987], [139.70749999999964, 35.67049999999987], [139.70749999999964, 35.671099999999875], [139.70689999999962, 35.671099999999875], [139.70689999999962, 35.67049999999987]]]}, "properties": {"rsrp_dbm": -128.6, "quality": "very_weak", "band": "n257", "fill": "#ff5252", "fill-opacity": 0.18, "stroke": "#ff5252", "stroke-opacity": 0.3, "stroke-width": 0, "extrude_height": 115.3, "building_height": 115.3}}, {"type": "Feature", "geometry": {"type": "Polygon", "coordinates": [[[139.6864999999999, 35.67109999999987], [139.68709999999993, 35.67109999999987], [139.68709999999993, 35.67169999999987], [139.6864999999999, 35.67169999999987], [139.6864999999999, 35.67109999999987]]]}, "properties": {"rsrp_dbm": -119.7, "quality": "very_weak", "band": "n257", "fill": "#ff5252", "fill-opacity": 0.18, "stroke": "#ff5252", "stroke-opacity": 0.3, "stroke-width": 0, "extrude_height": 25.6, "building_height": 25.6}}, {"type": "Feature", "geometry": {"type": "Polygon", "coordinates": [[[139.6870999999999, 35.67109999999987], [139.68769999999992, 35.67109999999987], [139.68769999999992, 35.67169999999987], [139.6870999999999, 35.67169999999987], [139.6870999999999, 35.67109999999987]]]}, "properties": {"rsrp_dbm": -119.1, "quality": "very_weak", "band": "n257", "fill": "#ff5252", "fill-opacity": 0.18, "stroke": "#ff5252", "stroke-opacity": 0.3, "stroke-width": 0, "extrude_height": 25.6, "building_height": 25.6}}, {"type": "Feature", "geometry": {"type": "Polygon", "coordinates": [[[139.6876999999999, 35.67109999999987], [139.6882999999999, 35.67109999999987], [139.6882999999999, 35.67169999999987], [139.6876999999999, 35.67169999999987], [139.6876999999999, 35.67109999999987]]]}, "properties": {"rsrp_dbm": -118.4, "quality": "very_weak", "band": "n257", "fill": "#ff5252", "fill-opacity": 0.18, "stroke": "#ff5252", "stroke-opacity": 0.3, "stroke-width": 0, "extrude_height": 25.6, "building_height": 25.6}}, {"type": "Feature", "geometry": {"type": "Polygon", "coordinates": [[[139.68829999999988, 35.67109999999987], [139.6888999999999, 35.67109999999987], [139.6888999999999, 35.67169999999987], [139.68829999999988, 35.67169999999987], [139.68829999999988, 35.67109999999987]]]}, "properties": {"rsrp_dbm": -117.7, "quality": "very_weak", "band": "n257", "fill": "#ff5252", "fill-opacity": 0.18, "stroke": "#ff5252", "stroke-opacity": 0.3, "stroke-width": 0, "extrude_height": 25.6, "building_height": 25.6}}, {"type": "Feature", "geometry": {"type": "Polygon", "coordinates": [[[139.68889999999988, 35.67109999999987], [139.6894999999999, 35.67109999999987], [139.6894999999999, 35.67169999999987], [139.68889999999988, 35.67169999999987], [139.68889999999988, 35.67109999999987]]]}, "properties": {"rsrp_dbm": -117.0, "quality": "very_weak", "band": "n257", "fill": "#ff5252", "fill-opacity": 0.18, "stroke": "#ff5252", "stroke-opacity": 0.3, "stroke-width": 0, "extrude_height": 25.6, "building_height": 25.6}}, {"type": "Feature", "geometry": {"type": "Polygon", "coordinates": [[[139.7020999999997, 35.67109999999987], [139.7026999999997, 35.67109999999987], [139.7026999999997, 35.67169999999987], [139.7020999999997, 35.67169999999987], [139.7020999999997, 35.67109999999987]]]}, "properties": {"rsrp_dbm": -80.0, "quality": "good", "band": "n257", "fill": "#66bb6a", "fill-opacity": 0.18, "stroke": "#66bb6a", "stroke-opacity": 0.3, "stroke-width": 0, "extrude_height": 22.4, "building_height": 22.4}}, {"type": "Feature", "geometry": {"type": "Polygon", "coordinates": [[[139.70269999999968, 35.67109999999987], [139.7032999999997, 35.67109999999987], [139.7032999999997, 35.67169999999987], [139.70269999999968, 35.67169999999987], [139.70269999999968, 35.67109999999987]]]}, "properties": {"rsrp_dbm": -80.0, "quality": "good", "band": "n257", "fill": "#66bb6a", "fill-opacity": 0.18, "stroke": "#66bb6a", "stroke-opacity": 0.3, "stroke-width": 0, "extrude_height": 22.4, "building_height": 22.4}}, {"type": "Feature", "geometry": {"type": "Polygon", "coordinates": [[[139.70329999999967, 35.67109999999987], [139.7038999999997, 35.67109999999987], [139.7038999999997, 35.67169999999987], [139.70329999999967, 35.67169999999987], [139.70329999999967, 35.67109999999987]]]}, "properties": {"rsrp_dbm": -84.7, "quality": "good", "band": "n257", "fill": "#66bb6a", "fill-opacity": 0.18, "stroke": "#66bb6a", "stroke-opacity": 0.3, "stroke-width": 0, "extrude_height": 28.8, "building_height": 28.8}}, {"type": "Feature", "geometry": {"type": "Polygon", "coordinates": [[[139.70389999999966, 35.67109999999987], [139.70449999999968, 35.67109999999987], [139.70449999999968, 35.67169999999987], [139.70389999999966, 35.67169999999987], [139.70389999999966, 35.67109999999987]]]}, "properties": {"rsrp_dbm": -90.9, "quality": "moderate", "band": "n257", "fill": "#ffca28", "fill-opacity": 0.18, "stroke": "#ffca28", "stroke-opacity": 0.3, "stroke-width": 0, "extrude_height": 28.8, "building_height": 28.8}}, {"type": "Feature", "geometry": {"type": "Polygon", "coordinates": [[[139.70449999999965, 35.67109999999987], [139.70509999999967, 35.67109999999987], [139.70509999999967, 35.67169999999987], [139.70449999999965, 35.67169999999987], [139.70449999999965, 35.67109999999987]]]}, "properties": {"rsrp_dbm": -92.1, "quality": "moderate", "band": "n257", "fill": "#ffca28", "fill-opacity": 0.18, "stroke": "#ffca28", "stroke-opacity": 0.3, "stroke-width": 0, "extrude_height": 28.8, "building_height": 28.8}}, {"type": "Feature", "geometry": {"type": "Polygon", "coordinates": [[[139.70509999999965, 35.67109999999987], [139.70569999999967, 35.67109999999987], [139.70569999999967, 35.67169999999987], [139.70509999999965, 35.67169999999987], [139.70509999999965, 35.67109999999987]]]}, "properties": {"rsrp_dbm": -94.1, "quality": "moderate", "band": "n257", "fill": "#ffca28", "fill-opacity": 0.18, "stroke": "#ffca28", "stroke-opacity": 0.3, "stroke-width": 0, "extrude_height": 28.8, "building_height": 28.8}}, {"type": "Feature", "geometry": {"type": "Polygon", "coordinates": [[[139.70569999999964, 35.67109999999987], [139.70629999999966, 35.67109999999987], [139.70629999999966, 35.67169999999987], [139.70569999999964, 35.67169999999987], [139.70569999999964, 35.67109999999987]]]}, "properties": {"rsrp_dbm": -96.1, "quality": "moderate", "band": "n257", "fill": "#ffca28", "fill-opacity": 0.18, "stroke": "#ffca28", "stroke-opacity": 0.3, "stroke-width": 0, "extrude_height": 115.3, "building_height": 115.3}}, {"type": "Feature", "geometry": {"type": "Polygon", "coordinates": [[[139.70629999999963, 35.67109999999987], [139.70689999999965, 35.67109999999987], [139.70689999999965, 35.67169999999987], [139.70629999999963, 35.67169999999987], [139.70629999999963, 35.67109999999987]]]}, "properties": {"rsrp_dbm": -98.1, "quality": "moderate", "band": "n257", "fill": "#ffca28", "fill-opacity": 0.18, "stroke": "#ffca28", "stroke-opacity": 0.3, "stroke-width": 0, "extrude_height": 115.3, "building_height": 115.3}}, {"type": "Feature", "geometry": {"type": "Polygon", "coordinates": [[[139.70689999999962, 35.67109999999987], [139.70749999999964, 35.67109999999987], [139.70749999999964, 35.67169999999987], [139.70689999999962, 35.67169999999987], [139.70689999999962, 35.67109999999987]]]}, "properties": {"rsrp_dbm": -130.0, "quality": "very_weak", "band": "n257", "fill": "#ff5252", "fill-opacity": 0.18, "stroke": "#ff5252", "stroke-opacity": 0.3, "stroke-width": 0, "extrude_height": 115.3, "building_height": 115.3}}, {"type": "Feature", "geometry": {"type": "Polygon", "coordinates": [[[139.68829999999988, 35.671699999999866], [139.6888999999999, 35.671699999999866], [139.6888999999999, 35.67229999999987], [139.68829999999988, 35.67229999999987], [139.68829999999988, 35.671699999999866]]]}, "properties": {"rsrp_dbm": -118.0, "quality": "very_weak", "band": "n257", "fill": "#ff5252", "fill-opacity": 0.18, "stroke": "#ff5252", "stroke-opacity": 0.3, "stroke-width": 0, "extrude_height": 25.6, "building_height": 25.6}}, {"type": "Feature", "geometry": {"type": "Polygon", "coordinates": [[[139.68889999999988, 35.671699999999866], [139.6894999999999, 35.671699999999866], [139.6894999999999, 35.67229999999987], [139.68889999999988, 35.67229999999987], [139.68889999999988, 35.671699999999866]]]}, "properties": {"rsrp_dbm": -117.3, "quality": "very_weak", "band": "n257", "fill": "#ff5252", "fill-opacity": 0.18, "stroke": "#ff5252", "stroke-opacity": 0.3, "stroke-width": 0, "extrude_height": 25.6, "building_height": 25.6}}, {"type": "Feature", "geometry": {"type": "Polygon", "coordinates": [[[139.7020999999997, 35.671699999999866], [139.7026999999997, 35.671699999999866], [139.7026999999997, 35.67229999999987], [139.7020999999997, 35.67229999999987], [139.7020999999997, 35.671699999999866]]]}, "properties": {"rsrp_dbm": -86.5, "quality": "good", "band": "n257", "fill": "#66bb6a", "fill-opacity": 0.18, "stroke": "#66bb6a", "stroke-opacity": 0.3, "stroke-width": 0, "extrude_height": 22.4, "building_height": 22.4}}, {"type": "Feature", "geometry": {"type": "Polygon", "coordinates": [[[139.70269999999968, 35.671699999999866], [139.7032999999997, 35.671699999999866], [139.7032999999997, 35.67229999999987], [139.70269999999968, 35.67229999999987], [139.70269999999968, 35.671699999999866]]]}, "properties": {"rsrp_dbm": -116.5, "quality": "very_weak", "band": "n257", "fill": "#ff5252", "fill-opacity": 0.18, "stroke": "#ff5252", "stroke-opacity": 0.3, "stroke-width": 0, "extrude_height": 22.4, "building_height": 22.4}}, {"type": "Feature", "geometry": {"type": "Polygon", "coordinates": [[[139.70329999999967, 35.671699999999866], [139.7038999999997, 35.671699999999866], [139.7038999999997, 35.67229999999987], [139.70329999999967, 35.67229999999987], [139.70329999999967, 35.671699999999866]]]}, "properties": {"rsrp_dbm": -118.8, "quality": "very_weak", "band": "n257", "fill": "#ff5252", "fill-opacity": 0.18, "stroke": "#ff5252", "stroke-opacity": 0.3, "stroke-width": 0, "extrude_height": 28.8, "building_height": 28.8}}, {"type": "Feature", "geometry": {"type": "Polygon", "coordinates": [[[139.70389999999966, 35.671699999999866], [139.70449999999968, 35.671699999999866], [139.70449999999968, 35.67229999999987], [139.70389999999966, 35.67229999999987], [139.70389999999966, 35.671699999999866]]]}, "properties": {"rsrp_dbm": -92.6, "quality": "moderate", "band": "n257", "fill": "#ffca28", "fill-opacity": 0.18, "stroke": "#ffca28", "stroke-opacity": 0.3, "stroke-width": 0, "extrude_height": 28.8, "building_height": 28.8}}, {"type": "Feature", "geometry": {"type": "Polygon", "coordinates": [[[139.70449999999965, 35.671699999999866], [139.70509999999967, 35.671699999999866], [139.70509999999967, 35.67229999999987], [139.70449999999965, 35.67229999999987], [139.70449999999965, 35.671699999999866]]]}, "properties": {"rsrp_dbm": -126.9, "quality": "very_weak", "band": "n257", "fill": "#ff5252", "fill-opacity": 0.18, "stroke": "#ff5252", "stroke-opacity": 0.3, "stroke-width": 0, "extrude_height": 28.8, "building_height": 28.8}}, {"type": "Feature", "geometry": {"type": "Polygon", "coordinates": [[[139.70509999999965, 35.671699999999866], [139.70569999999967, 35.671699999999866], [139.70569999999967, 35.67229999999987], [139.70509999999965, 35.67229999999987], [139.70509999999965, 35.671699999999866]]]}, "properties": {"rsrp_dbm": -128.3, "quality": "very_weak", "band": "n257", "fill": "#ff5252", "fill-opacity": 0.18, "stroke": "#ff5252", "stroke-opacity": 0.3, "stroke-width": 0, "extrude_height": 28.8, "building_height": 28.8}}, {"type": "Feature", "geometry": {"type": "Polygon", "coordinates": [[[139.70569999999964, 35.671699999999866], [139.70629999999966, 35.671699999999866], [139.70629999999966, 35.67229999999987], [139.70569999999964, 35.67229999999987], [139.70569999999964, 35.671699999999866]]]}, "properties": {"rsrp_dbm": -99.3, "quality": "moderate", "band": "n257", "fill": "#ffca28", "fill-opacity": 0.18, "stroke": "#ffca28", "stroke-opacity": 0.3, "stroke-width": 0, "extrude_height": 57.6, "building_height": 57.6}}, {"type": "Feature", "geometry": {"type": "Polygon", "coordinates": [[[139.70629999999963, 35.671699999999866], [139.70689999999965, 35.671699999999866], [139.70689999999965, 35.67229999999987], [139.70629999999963, 35.67229999999987], [139.70629999999963, 35.671699999999866]]]}, "properties": {"rsrp_dbm": -100.6, "quality": "moderate", "band": "n257", "fill": "#ffca28", "fill-opacity": 0.18, "stroke": "#ffca28", "stroke-opacity": 0.3, "stroke-width": 0, "extrude_height": 57.6, "building_height": 57.6}}, {"type": "Feature", "geometry": {"type": "Polygon", "coordinates": [[[139.70689999999962, 35.671699999999866], [139.70749999999964, 35.671699999999866], [139.70749999999964, 35.67229999999987], [139.70689999999962, 35.67229999999987], [139.70689999999962, 35.671699999999866]]]}, "properties": {"rsrp_dbm": -102.0, "quality": "moderate", "band": "n257", "fill": "#ffca28", "fill-opacity": 0.18, "stroke": "#ffca28", "stroke-opacity": 0.3, "stroke-width": 0, "extrude_height": 57.6, "building_height": 57.6}}, {"type": "Feature", "geometry": {"type": "Polygon", "coordinates": [[[139.68829999999988, 35.672299999999865], [139.6888999999999, 35.672299999999865], [139.6888999999999, 35.67289999999987], [139.68829999999988, 35.67289999999987], [139.68829999999988, 35.672299999999865]]]}, "properties": {"rsrp_dbm": -118.3, "quality": "very_weak", "band": "n257", "fill": "#ff5252", "fill-opacity": 0.18, "stroke": "#ff5252", "stroke-opacity": 0.3, "stroke-width": 0, "extrude_height": 25.6, "building_height": 25.6}}, {"type": "Feature", "geometry": {"type": "Polygon", "coordinates": [[[139.68889999999988, 35.672299999999865], [139.6894999999999, 35.672299999999865], [139.6894999999999, 35.67289999999987], [139.68889999999988, 35.67289999999987], [139.68889999999988, 35.672299999999865]]]}, "properties": {"rsrp_dbm": -117.6, "quality": "very_weak", "band": "n257", "fill": "#ff5252", "fill-opacity": 0.18, "stroke": "#ff5252", "stroke-opacity": 0.3, "stroke-width": 0, "extrude_height": 25.6, "building_height": 25.6}}, {"type": "Feature", "geometry": {"type": "Polygon", "coordinates": [[[139.7020999999997, 35.672299999999865], [139.7026999999997, 35.672299999999865], [139.7026999999997, 35.67289999999987], [139.7020999999997, 35.67289999999987], [139.7020999999997, 35.672299999999865]]]}, "properties": {"rsrp_dbm": -91.2, "quality": "moderate", "band": "n257", "fill": "#ffca28", "fill-opacity": 0.18, "stroke": "#ffca28", "stroke-opacity": 0.3, "stroke-width": 0, "extrude_height": 22.4, "building_height": 22.4}}, {"type": "Feature", "geometry": {"type": "Polygon", "coordinates": [[[139.70269999999968, 35.672299999999865], [139.7032999999997, 35.672299999999865], [139.7032999999997, 35.67289999999987], [139.70269999999968, 35.67289999999987], [139.70269999999968, 35.672299999999865]]]}, "properties": {"rsrp_dbm": -121.2, "quality": "very_weak", "band": "n257", "fill": "#ff5252", "fill-opacity": 0.18, "stroke": "#ff5252", "stroke-opacity": 0.3, "stroke-width": 0, "extrude_height": 22.4, "building_height": 22.4}}, {"type": "Feature", "geometry": {"type": "Polygon", "coordinates": [[[139.70329999999967, 35.672299999999865], [139.7038999999997, 35.672299999999865], [139.7038999999997, 35.67289999999987], [139.70329999999967, 35.67289999999987], [139.70329999999967, 35.672299999999865]]]}, "properties": {"rsrp_dbm": -122.6, "quality": "very_weak", "band": "n257", "fill": "#ff5252", "fill-opacity": 0.18, "stroke": "#ff5252", "stroke-opacity": 0.3, "stroke-width": 0, "extrude_height": 28.8, "building_height": 28.8}}, {"type": "Feature", "geometry": {"type": "Polygon", "coordinates": [[[139.70389999999966, 35.672299999999865], [139.70449999999968, 35.672299999999865], [139.70449999999968, 35.67289999999987], [139.70389999999966, 35.67289999999987], [139.70389999999966, 35.672299999999865]]]}, "properties": {"rsrp_dbm": -125.0, "quality": "very_weak", "band": "n257", "fill": "#ff5252", "fill-opacity": 0.18, "stroke": "#ff5252", "stroke-opacity": 0.3, "stroke-width": 0, "extrude_height": 28.8, "building_height": 28.8}}, {"type": "Feature", "geometry": {"type": "Polygon", "coordinates": [[[139.70449999999965, 35.672299999999865], [139.70509999999967, 35.672299999999865], [139.70509999999967, 35.67289999999987], [139.70449999999965, 35.67289999999987], [139.70449999999965, 35.672299999999865]]]}, "properties": {"rsrp_dbm": -128.1, "quality": "very_weak", "band": "n257", "fill": "#ff5252", "fill-opacity": 0.18, "stroke": "#ff5252", "stroke-opacity": 0.3, "stroke-width": 0, "extrude_height": 28.8, "building_height": 28.8}}, {"type": "Feature", "geometry": {"type": "Polygon", "coordinates": [[[139.70689999999962, 35.672299999999865], [139.70749999999964, 35.672299999999865], [139.70749999999964, 35.67289999999987], [139.70689999999962, 35.67289999999987], [139.70689999999962, 35.672299999999865]]]}, "properties": {"rsrp_dbm": -104.4, "quality": "moderate", "band": "n257", "fill": "#ffca28", "fill-opacity": 0.18, "stroke": "#ffca28", "stroke-opacity": 0.3, "stroke-width": 0, "extrude_height": 45.0, "building_height": 45.0}}, {"type": "Feature", "geometry": {"type": "Polygon", "coordinates": [[[139.7074999999996, 35.672299999999865], [139.70809999999963, 35.672299999999865], [139.70809999999963, 35.67289999999987], [139.7074999999996, 35.67289999999987], [139.7074999999996, 35.672299999999865]]]}, "properties": {"rsrp_dbm": -105.3, "quality": "weak", "band": "n257", "fill": "#ff9800", "fill-opacity": 0.18, "stroke": "#ff9800", "stroke-opacity": 0.3, "stroke-width": 0, "extrude_height": 45.0, "building_height": 45.0}}, {"type": "Feature", "geometry": {"type": "Polygon", "coordinates": [[[139.68829999999988, 35.67289999999986], [139.6888999999999, 35.67289999999986], [139.6888999999999, 35.67349999999987], [139.68829999999988, 35.67349999999987], [139.68829999999988, 35.67289999999986]]]}, "properties": {"rsrp_dbm": -118.7, "quality": "very_weak", "band": "n257", "fill": "#ff5252", "fill-opacity": 0.18, "stroke": "#ff5252", "stroke-opacity": 0.3, "stroke-width": 0, "extrude_height": 35.2, "building_height": 35.2}}, {"type": "Feature", "geometry": {"type": "Polygon", "coordinates": [[[139.68889999999988, 35.67289999999986], [139.6894999999999, 35.67289999999986], [139.6894999999999, 35.67349999999987], [139.68889999999988, 35.67349999999987], [139.68889999999988, 35.67289999999986]]]}, "properties": {"rsrp_dbm": -118.1, "quality": "very_weak", "band": "n257", "fill": "#ff5252", "fill-opacity": 0.18, "stroke": "#ff5252", "stroke-opacity": 0.3, "stroke-width": 0, "extrude_height": 35.2, "building_height": 35.2}}, {"type": "Feature", "geometry": {"type": "Polygon", "coordinates": [[[139.69009999999986, 35.67289999999986], [139.69069999999988, 35.67289999999986], [139.69069999999988, 35.67349999999987], [139.69009999999986, 35.67349999999987], [139.69009999999986, 35.67289999999986]]]}, "properties": {"rsrp_dbm": -116.8, "quality": "very_weak", "band": "n257", "fill": "#ff5252", "fill-opacity": 0.18, "stroke": "#ff5252", "stroke-opacity": 0.3, "stroke-width": 0, "extrude_height": 19.2, "building_height": 19.2}}, {"type": "Feature", "geometry": {"type": "Polygon", "coordinates": [[[139.69069999999985, 35.67289999999986], [139.69129999999987, 35.67289999999986], [139.69129999999987, 35.67349999999987], [139.69069999999985, 35.67349999999987], [139.69069999999985, 35.67289999999986]]]}, "properties": {"rsrp_dbm": -116.1, "quality": "very_weak", "band": "n257", "fill": "#ff5252", "fill-opacity": 0.18, "stroke": "#ff5252", "stroke-opacity": 0.3, "stroke-width": 0, "extrude_height": 19.2, "building_height": 19.2}}, {"type": "Feature", "geometry": {"type": "Polygon", "coordinates": [[[139.69129999999984, 35.67289999999986], [139.69189999999986, 35.67289999999986], [139.69189999999986, 35.67349999999987], [139.69129999999984, 35.67349999999987], [139.69129999999984, 35.67289999999986]]]}, "properties": {"rsrp_dbm": -115.3, "quality": "very_weak", "band": "n257", "fill": "#ff5252", "fill-opacity": 0.18, "stroke": "#ff5252", "stroke-opacity": 0.3, "stroke-width": 0, "extrude_height": 19.2, "building_height": 19.2}}, {"type": "Feature", "geometry": {"type": "Polygon", "coordinates": [[[139.69189999999983, 35.67289999999986], [139.69249999999985, 35.67289999999986], [139.69249999999985, 35.67349999999987], [139.69189999999983, 35.67349999999987], [139.69189999999983, 35.67289999999986]]]}, "properties": {"rsrp_dbm": -114.6, "quality": "weak", "band": "n257", "fill": "#ff9800", "fill-opacity": 0.18, "stroke": "#ff9800", "stroke-opacity": 0.3, "stroke-width": 0, "extrude_height": 19.2, "building_height": 19.2}}, {"type": "Feature", "geometry": {"type": "Polygon", "coordinates": [[[139.70329999999967, 35.67289999999986], [139.7038999999997, 35.67289999999986], [139.7038999999997, 35.67349999999987], [139.70329999999967, 35.67349999999987], [139.70329999999967, 35.67289999999986]]]}, "properties": {"rsrp_dbm": -123.3, "quality": "very_weak", "band": "n257", "fill": "#ff5252", "fill-opacity": 0.18, "stroke": "#ff5252", "stroke-opacity": 0.3, "stroke-width": 0, "extrude_height": 28.8, "building_height": 28.8}}, {"type": "Feature", "geometry": {"type": "Polygon", "coordinates": [[[139.70389999999966, 35.67289999999986], [139.70449999999968, 35.67289999999986], [139.70449999999968, 35.67349999999987], [139.70389999999966, 35.67349999999987], [139.70389999999966, 35.67289999999986]]]}, "properties": {"rsrp_dbm": -124.2, "quality": "very_weak", "band": "n257", "fill": "#ff5252", "fill-opacity": 0.18, "stroke": "#ff5252", "stroke-opacity": 0.3, "stroke-width": 0, "extrude_height": 28.8, "building_height": 28.8}}, {"type": "Feature", "geometry": {"type": "Polygon", "coordinates": [[[139.70449999999965, 35.67289999999986], [139.70509999999967, 35.67289999999986], [139.70509999999967, 35.67349999999987], [139.70449999999965, 35.67349999999987], [139.70449999999965, 35.67289999999986]]]}, "properties": {"rsrp_dbm": -129.7, "quality": "very_weak", "band": "n257", "fill": "#ff5252", "fill-opacity": 0.18, "stroke": "#ff5252", "stroke-opacity": 0.3, "stroke-width": 0, "extrude_height": 28.8, "building_height": 28.8}}, {"type": "Feature", "geometry": {"type": "Polygon", "coordinates": [[[139.6870999999999, 35.67349999999986], [139.68769999999992, 35.67349999999986], [139.68769999999992, 35.67409999999987], [139.6870999999999, 35.67409999999987], [139.6870999999999, 35.67349999999986]]]}, "properties": {"rsrp_dbm": -120.4, "quality": "very_weak", "band": "n257", "fill": "#ff5252", "fill-opacity": 0.18, "stroke": "#ff5252", "stroke-opacity": 0.3, "stroke-width": 0, "extrude_height": 35.2, "building_height": 35.2}}, {"type": "Feature", "geometry": {"type": "Polygon", "coordinates": [[[139.6876999999999, 35.67349999999986], [139.6882999999999, 35.67349999999986], [139.6882999999999, 35.67409999999987], [139.6876999999999, 35.67409999999987], [139.6876999999999, 35.67349999999986]]]}, "properties": {"rsrp_dbm": -119.8, "quality": "very_weak", "band": "n257", "fill": "#ff5252", "fill-opacity": 0.18, "stroke": "#ff5252", "stroke-opacity": 0.3, "stroke-width": 0, "extrude_height": 35.2, "building_height": 35.2}}, {"type": "Feature", "geometry": {"type": "Polygon", "coordinates": [[[139.68829999999988, 35.67349999999986], [139.6888999999999, 35.67349999999986], [139.6888999999999, 35.67409999999987], [139.68829999999988, 35.67409999999987], [139.68829999999988, 35.67349999999986]]]}, "properties": {"rsrp_dbm": -119.2, "quality": "very_weak", "band": "n257", "fill": "#ff5252", "fill-opacity": 0.18, "stroke": "#ff5252", "stroke-opacity": 0.3, "stroke-width": 0, "extrude_height": 35.2, "building_height": 35.2}}, {"type": "Feature", "geometry": {"type": "Polygon", "coordinates": [[[139.68889999999988, 35.67349999999986], [139.6894999999999, 35.67349999999986], [139.6894999999999, 35.67409999999987], [139.68889999999988, 35.67409999999987], [139.68889999999988, 35.67349999999986]]]}, "properties": {"rsrp_dbm": -118.6, "quality": "very_weak", "band": "n257", "fill": "#ff5252", "fill-opacity": 0.18, "stroke": "#ff5252", "stroke-opacity": 0.3, "stroke-width": 0, "extrude_height": 35.2, "building_height": 35.2}}, {"type": "Feature", "geometry": {"type": "Polygon", "coordinates": [[[139.69009999999986, 35.67349999999986], [139.69069999999988, 35.67349999999986], [139.69069999999988, 35.67409999999987], [139.69009999999986, 35.67409999999987], [139.69009999999986, 35.67349999999986]]]}, "properties": {"rsrp_dbm": -117.4, "quality": "very_weak", "band": "n257", "fill": "#ff5252", "fill-opacity": 0.18, "stroke": "#ff5252", "stroke-opacity": 0.3, "stroke-width": 0, "extrude_height": 22.4, "building_height": 22.4}}, {"type": "Feature", "geometry": {"type": "Polygon", "coordinates": [[[139.69069999999985, 35.67349999999986], [139.69129999999987, 35.67349999999986], [139.69129999999987, 35.67409999999987], [139.69069999999985, 35.67409999999987], [139.69069999999985, 35.67349999999986]]]}, "properties": {"rsrp_dbm": -116.7, "quality": "very_weak", "band": "n257", "fill": "#ff5252", "fill-opacity": 0.18, "stroke": "#ff5252", "stroke-opacity": 0.3, "stroke-width": 0, "extrude_height": 22.4, "building_height": 22.4}}, {"type": "Feature", "geometry": {"type": "Polygon", "coordinates": [[[139.69129999999984, 35.67349999999986], [139.69189999999986, 35.67349999999986], [139.69189999999986, 35.67409999999987], [139.69129999999984, 35.67409999999987], [139.69129999999984, 35.67349999999986]]]}, "properties": {"rsrp_dbm": -116.1, "quality": "very_weak", "band": "n257", "fill": "#ff5252", "fill-opacity": 0.18, "stroke": "#ff5252", "stroke-opacity": 0.3, "stroke-width": 0, "extrude_height": 22.4, "building_height": 22.4}}, {"type": "Feature", "geometry": {"type": "Polygon", "coordinates": [[[139.69189999999983, 35.67349999999986], [139.69249999999985, 35.67349999999986], [139.69249999999985, 35.67409999999987], [139.69189999999983, 35.67409999999987], [139.69189999999983, 35.67349999999986]]]}, "properties": {"rsrp_dbm": -115.4, "quality": "very_weak", "band": "n257", "fill": "#ff5252", "fill-opacity": 0.18, "stroke": "#ff5252", "stroke-opacity": 0.3, "stroke-width": 0, "extrude_height": 22.4, "building_height": 22.4}}, {"type": "Feature", "geometry": {"type": "Polygon", "coordinates": [[[139.69249999999982, 35.67349999999986], [139.69309999999984, 35.67349999999986], [139.69309999999984, 35.67409999999987], [139.69249999999982, 35.67409999999987], [139.69249999999982, 35.67349999999986]]]}, "properties": {"rsrp_dbm": -114.7, "quality": "weak", "band": "n257", "fill": "#ff9800", "fill-opacity": 0.18, "stroke": "#ff9800", "stroke-opacity": 0.3, "stroke-width": 0, "extrude_height": 19.2, "building_height": 19.2}}, {"type": "Feature", "geometry": {"type": "Polygon", "coordinates": [[[139.69309999999982, 35.67349999999986], [139.69369999999984, 35.67349999999986], [139.69369999999984, 35.67409999999987], [139.69309999999982, 35.67409999999987], [139.69309999999982, 35.67349999999986]]]}, "properties": {"rsrp_dbm": -114.1, "quality": "weak", "band": "n257", "fill": "#ff9800", "fill-opacity": 0.18, "stroke": "#ff9800", "stroke-opacity": 0.3, "stroke-width": 0, "extrude_height": 19.2, "building_height": 19.2}}, {"type": "Feature", "geometry": {"type": "Polygon", "coordinates": [[[139.6936999999998, 35.67349999999986], [139.69429999999983, 35.67349999999986], [139.69429999999983, 35.67409999999987], [139.6936999999998, 35.67409999999987], [139.6936999999998, 35.67349999999986]]]}, "properties": {"rsrp_dbm": -113.4, "quality": "weak", "band": "n257", "fill": "#ff9800", "fill-opacity": 0.18, "stroke": "#ff9800", "stroke-opacity": 0.3, "stroke-width": 0, "extrude_height": 19.2, "building_height": 19.2}}, {"type": "Feature", "geometry": {"type": "Polygon", "coordinates": [[[139.68829999999988, 35.67409999999986], [139.6888999999999, 35.67409999999986], [139.6888999999999, 35.674699999999866], [139.68829999999988, 35.674699999999866], [139.68829999999988, 35.67409999999986]]]}, "properties": {"rsrp_dbm": -119.8, "quality": "very_weak", "band": "n257", "fill": "#ff5252", "fill-opacity": 0.18, "stroke": "#ff5252", "stroke-opacity": 0.3, "stroke-width": 0, "extrude_height": 48.0, "building_height": 48.0}}, {"type": "Feature", "geometry": {"type": "Polygon", "coordinates": [[[139.68889999999988, 35.67409999999986], [139.6894999999999, 35.67409999999986], [139.6894999999999, 35.674699999999866], [139.68889999999988, 35.674699999999866], [139.68889999999988, 35.67409999999986]]]}, "properties": {"rsrp_dbm": -119.2, "quality": "very_weak", "band": "n257", "fill": "#ff5252", "fill-opacity": 0.18, "stroke": "#ff5252", "stroke-opacity": 0.3, "stroke-width": 0, "extrude_height": 48.0, "building_height": 48.0}}, {"type": "Feature", "geometry": {"type": "Polygon", "coordinates": [[[139.69129999999984, 35.67409999999986], [139.69189999999986, 35.67409999999986], [139.69189999999986, 35.674699999999866], [139.69129999999984, 35.674699999999866], [139.69129999999984, 35.67409999999986]]]}, "properties": {"rsrp_dbm": -116.9, "quality": "very_weak", "band": "n257", "fill": "#ff5252", "fill-opacity": 0.18, "stroke": "#ff5252", "stroke-opacity": 0.3, "stroke-width": 0, "extrude_height": 22.4, "building_height": 22.4}}, {"type": "Feature", "geometry": {"type": "Polygon", "coordinates": [[[139.69309999999982, 35.67409999999986], [139.69369999999984, 35.67409999999986], [139.69369999999984, 35.674699999999866], [139.69309999999982, 35.674699999999866], [139.69309999999982, 35.67409999999986]]]}, "properties": {"rsrp_dbm": -115.2, "quality": "very_weak", "band": "n257", "fill": "#ff5252", "fill-opacity": 0.18, "stroke": "#ff5252", "stroke-opacity": 0.3, "stroke-width": 0, "extrude_height": 19.2, "building_height": 19.2}}, {"type": "Feature", "geometry": {"type": "Polygon", "coordinates": [[[139.6936999999998, 35.67409999999986], [139.69429999999983, 35.67409999999986], [139.69429999999983, 35.674699999999866], [139.6936999999998, 35.674699999999866], [139.6936999999998, 35.67409999999986]]]}, "properties": {"rsrp_dbm": -114.6, "quality": "weak", "band": "n257", "fill": "#ff9800", "fill-opacity": 0.18, "stroke": "#ff9800", "stroke-opacity": 0.3, "stroke-width": 0, "extrude_height": 19.2, "building_height": 19.2}}, {"type": "Feature", "geometry": {"type": "Polygon", "coordinates": [[[139.6936999999998, 35.67469999999986], [139.69429999999983, 35.67469999999986], [139.69429999999983, 35.675299999999865], [139.6936999999998, 35.675299999999865], [139.6936999999998, 35.67469999999986]]]}, "properties": {"rsrp_dbm": -115.9, "quality": "very_weak", "band": "n257", "fill": "#ff5252", "fill-opacity": 0.18, "stroke": "#ff5252", "stroke-opacity": 0.3, "stroke-width": 0, "extrude_height": 25.6, "building_height": 25.6}}, {"type": "Feature", "geometry": {"type": "Polygon", "coordinates": [[[139.6942999999998, 35.67469999999986], [139.69489999999982, 35.67469999999986], [139.69489999999982, 35.675299999999865], [139.6942999999998, 35.675299999999865], [139.6942999999998, 35.67469999999986]]]}, "properties": {"rsrp_dbm": -115.5, "quality": "very_weak", "band": "n257", "fill": "#ff5252", "fill-opacity": 0.18, "stroke": "#ff5252", "stroke-opacity": 0.3, "stroke-width": 0, "extrude_height": 25.6, "building_height": 25.6}}, {"type": "Feature", "geometry": {"type": "Polygon", "coordinates": [[[139.6948999999998, 35.67469999999986], [139.6954999999998, 35.67469999999986], [139.6954999999998, 35.675299999999865], [139.6948999999998, 35.675299999999865], [139.6948999999998, 35.67469999999986]]]}, "properties": {"rsrp_dbm": -115.1, "quality": "very_weak", "band": "n257", "fill": "#ff5252", "fill-opacity": 0.18, "stroke": "#ff5252", "stroke-opacity": 0.3, "stroke-width": 0, "extrude_height": 25.6, "building_height": 25.6}}, {"type": "Feature", "geometry": {"type": "Polygon", "coordinates": [[[139.70509999999965, 35.67469999999986], [139.70569999999967, 35.67469999999986], [139.70569999999967, 35.675299999999865], [139.70509999999965, 35.675299999999865], [139.70509999999965, 35.67469999999986]]]}, "properties": {"rsrp_dbm": -125.5, "quality": "very_weak", "band": "n257", "fill": "#ff5252", "fill-opacity": 0.18, "stroke": "#ff5252", "stroke-opacity": 0.3, "stroke-width": 0, "extrude_height": 32.0, "building_height": 32.0}}, {"type": "Feature", "geometry": {"type": "Polygon", "coordinates": [[[139.6942999999998, 35.67529999999986], [139.69489999999982, 35.67529999999986], [139.69489999999982, 35.675899999999864], [139.6942999999998, 35.675899999999864], [139.6942999999998, 35.67529999999986]]]}, "properties": {"rsrp_dbm": -116.9, "quality": "very_weak", "band": "n257", "fill": "#ff5252", "fill-opacity": 0.18, "stroke": "#ff5252", "stroke-opacity": 0.3, "stroke-width": 0, "extrude_height": 25.6, "building_height": 25.6}}, {"type": "Feature", "geometry": {"type": "Polygon", "coordinates": [[[139.6948999999998, 35.67529999999986], [139.6954999999998, 35.67529999999986], [139.6954999999998, 35.675899999999864], [139.6948999999998, 35.675899999999864], [139.6948999999998, 35.67529999999986]]]}, "properties": {"rsrp_dbm": -116.7, "quality": "very_weak", "band": "n257", "fill": "#ff5252", "fill-opacity": 0.18, "stroke": "#ff5252", "stroke-opacity": 0.3, "stroke-width": 0, "extrude_height": 25.6, "building_height": 25.6}}, {"type": "Feature", "geometry": {"type": "Polygon", "coordinates": [[[139.70509999999965, 35.67529999999986], [139.70569999999967, 35.67529999999986], [139.70569999999967, 35.675899999999864], [139.70509999999965, 35.675899999999864], [139.70509999999965, 35.67529999999986]]]}, "properties": {"rsrp_dbm": -125.5, "quality": "very_weak", "band": "n257", "fill": "#ff5252", "fill-opacity": 0.18, "stroke": "#ff5252", "stroke-opacity": 0.3, "stroke-width": 0, "extrude_height": 32.0, "building_height": 32.0}}, {"type": "Feature", "geometry": {"type": "Polygon", "coordinates": [[[139.6948999999998, 35.67589999999986], [139.6954999999998, 35.67589999999986], [139.6954999999998, 35.67649999999986], [139.6948999999998, 35.67649999999986], [139.6948999999998, 35.67589999999986]]]}, "properties": {"rsrp_dbm": -118.2, "quality": "very_weak", "band": "n257", "fill": "#ff5252", "fill-opacity": 0.18, "stroke": "#ff5252", "stroke-opacity": 0.3, "stroke-width": 0, "extrude_height": 25.6, "building_height": 25.6}}, {"type": "Feature", "geometry": {"type": "Polygon", "coordinates": [[[139.70509999999965, 35.67589999999986], [139.70569999999967, 35.67589999999986], [139.70569999999967, 35.67649999999986], [139.70509999999965, 35.67649999999986], [139.70509999999965, 35.67589999999986]]]}, "properties": {"rsrp_dbm": -125.5, "quality": "very_weak", "band": "n257", "fill": "#ff5252", "fill-opacity": 0.18, "stroke": "#ff5252", "stroke-opacity": 0.3, "stroke-width": 0, "extrude_height": 32.0, "building_height": 32.0}}, {"type": "Feature", "geometry": {"type": "Polygon", "coordinates": [[[139.70569999999964, 35.67589999999986], [139.70629999999966, 35.67589999999986], [139.70629999999966, 35.67649999999986], [139.70569999999964, 35.67649999999986], [139.70569999999964, 35.67589999999986]]]}, "properties": {"rsrp_dbm": -126.0, "quality": "very_weak", "band": "n257", "fill": "#ff5252", "fill-opacity": 0.18, "stroke": "#ff5252", "stroke-opacity": 0.3, "stroke-width": 0, "extrude_height": 32.0, "building_height": 32.0}}, {"type": "Feature", "geometry": {"type": "Polygon", "coordinates": [[[139.6942999999998, 35.676499999999855], [139.69489999999982, 35.676499999999855], [139.69489999999982, 35.67709999999986], [139.6942999999998, 35.67709999999986], [139.6942999999998, 35.676499999999855]]]}, "properties": {"rsrp_dbm": -119.8, "quality": "very_weak", "band": "n257", "fill": "#ff5252", "fill-opacity": 0.18, "stroke": "#ff5252", "stroke-opacity": 0.3, "stroke-width": 0, "extrude_height": 25.6, "building_height": 25.6}}, {"type": "Feature", "geometry": {"type": "Polygon", "coordinates": [[[139.6948999999998, 35.676499999999855], [139.6954999999998, 35.676499999999855], [139.6954999999998, 35.67709999999986], [139.6948999999998, 35.67709999999986], [139.6948999999998, 35.676499999999855]]]}, "properties": {"rsrp_dbm": -118.6, "quality": "very_weak", "band": "n257", "fill": "#ff5252", "fill-opacity": 0.18, "stroke": "#ff5252", "stroke-opacity": 0.3, "stroke-width": 0, "extrude_height": 25.6, "building_height": 25.6}}, {"type": "Feature", "geometry": {"type": "Polygon", "coordinates": [[[139.70509999999965, 35.676499999999855], [139.70569999999967, 35.676499999999855], [139.70569999999967, 35.67709999999986], [139.70509999999965, 35.67709999999986], [139.70509999999965, 35.676499999999855]]]}, "properties": {"rsrp_dbm": -125.6, "quality": "very_weak", "band": "n257", "fill": "#ff5252", "fill-opacity": 0.18, "stroke": "#ff5252", "stroke-opacity": 0.3, "stroke-width": 0, "extrude_height": 32.0, "building_height": 32.0}}, {"type": "Feature", "geometry": {"type": "Polygon", "coordinates": [[[139.70569999999964, 35.676499999999855], [139.70629999999966, 35.676499999999855], [139.70629999999966, 35.67709999999986], [139.70569999999964, 35.67709999999986], [139.70569999999964, 35.676499999999855]]]}, "properties": {"rsrp_dbm": -126.0, "quality": "very_weak", "band": "n257", "fill": "#ff5252", "fill-opacity": 0.18, "stroke": "#ff5252", "stroke-opacity": 0.3, "stroke-width": 0, "extrude_height": 32.0, "building_height": 32.0}}, {"type": "Feature", "geometry": {"type": "Polygon", "coordinates": [[[139.6942999999998, 35.677099999999854], [139.69489999999982, 35.677099999999854], [139.69489999999982, 35.67769999999986], [139.6942999999998, 35.67769999999986], [139.6942999999998, 35.677099999999854]]]}, "properties": {"rsrp_dbm": -119.9, "quality": "very_weak", "band": "n257", "fill": "#ff5252", "fill-opacity": 0.18, "stroke": "#ff5252", "stroke-opacity": 0.3, "stroke-width": 0, "extrude_height": 22.4, "building_height": 22.4}}, {"type": "Feature", "geometry": {"type": "Polygon", "coordinates": [[[139.6948999999998, 35.677099999999854], [139.6954999999998, 35.677099999999854], [139.6954999999998, 35.67769999999986], [139.6948999999998, 35.67769999999986], [139.6948999999998, 35.677099999999854]]]}, "properties": {"rsrp_dbm": -118.8, "quality": "very_weak", "band": "n257", "fill": "#ff5252", "fill-opacity": 0.18, "stroke": "#ff5252", "stroke-opacity": 0.3, "stroke-width": 0, "extrude_height": 19.2, "building_height": 19.2}}, {"type": "Feature", "geometry": {"type": "Polygon", "coordinates": [[[139.70509999999965, 35.677099999999854], [139.70569999999967, 35.677099999999854], [139.70569999999967, 35.67769999999986], [139.70509999999965, 35.67769999999986], [139.70509999999965, 35.677099999999854]]]}, "properties": {"rsrp_dbm": -125.6, "quality": "very_weak", "band": "n257", "fill": "#ff5252", "fill-opacity": 0.18, "stroke": "#ff5252", "stroke-opacity": 0.3, "stroke-width": 0, "extrude_height": 32.0, "building_height": 32.0}}, {"type": "Feature", "geometry": {"type": "Polygon", "coordinates": [[[139.70569999999964, 35.677099999999854], [139.70629999999966, 35.677099999999854], [139.70629999999966, 35.67769999999986], [139.70569999999964, 35.67769999999986], [139.70569999999964, 35.677099999999854]]]}, "properties": {"rsrp_dbm": -126.0, "quality": "very_weak", "band": "n257", "fill": "#ff5252", "fill-opacity": 0.18, "stroke": "#ff5252", "stroke-opacity": 0.3, "stroke-width": 0, "extrude_height": 32.0, "building_height": 32.0}}, {"type": "Feature", "geometry": {"type": "Polygon", "coordinates": [[[139.6948999999998, 35.67769999999985], [139.6954999999998, 35.67769999999985], [139.6954999999998, 35.67829999999986], [139.6948999999998, 35.67829999999986], [139.6948999999998, 35.67769999999985]]]}, "properties": {"rsrp_dbm": -119.2, "quality": "very_weak", "band": "n257", "fill": "#ff5252", "fill-opacity": 0.18, "stroke": "#ff5252", "stroke-opacity": 0.3, "stroke-width": 0, "extrude_height": 19.2, "building_height": 19.2}}, {"type": "Feature", "geometry": {"type": "Polygon", "coordinates": [[[139.70509999999965, 35.67769999999985], [139.70569999999967, 35.67769999999985], [139.70569999999967, 35.67829999999986], [139.70509999999965, 35.67829999999986], [139.70509999999965, 35.67769999999985]]]}, "properties": {"rsrp_dbm": -125.7, "quality": "very_weak", "band": "n257", "fill": "#ff5252", "fill-opacity": 0.18, "stroke": "#ff5252", "stroke-opacity": 0.3, "stroke-width": 0, "extrude_height": 25.6, "building_height": 25.6}}, {"type": "Feature", "geometry": {"type": "Polygon", "coordinates": [[[139.70569999999964, 35.67769999999985], [139.70629999999966, 35.67769999999985], [139.70629999999966, 35.67829999999986], [139.70569999999964, 35.67829999999986], [139.70569999999964, 35.67769999999985]]]}, "properties": {"rsrp_dbm": -126.1, "quality": "very_weak", "band": "n257", "fill": "#ff5252", "fill-opacity": 0.18, "stroke": "#ff5252", "stroke-opacity": 0.3, "stroke-width": 0, "extrude_height": 25.6, "building_height": 25.6}}, {"type": "Feature", "geometry": {"type": "Polygon", "coordinates": [[[139.70629999999963, 35.67769999999985], [139.70689999999965, 35.67769999999985], [139.70689999999965, 35.67829999999986], [139.70629999999963, 35.67829999999986], [139.70629999999963, 35.67769999999985]]]}, "properties": {"rsrp_dbm": -126.5, "quality": "very_weak", "band": "n257", "fill": "#ff5252", "fill-opacity": 0.18, "stroke": "#ff5252", "stroke-opacity": 0.3, "stroke-width": 0, "extrude_height": 25.6, "building_height": 25.6}}, {"type": "Feature", "geometry": {"type": "Polygon", "coordinates": [[[139.6942999999998, 35.67829999999985], [139.69489999999982, 35.67829999999985], [139.69489999999982, 35.67889999999986], [139.6942999999998, 35.67889999999986], [139.6942999999998, 35.67829999999985]]]}, "properties": {"rsrp_dbm": -120.5, "quality": "very_weak", "band": "n257", "fill": "#ff5252", "fill-opacity": 0.18, "stroke": "#ff5252", "stroke-opacity": 0.3, "stroke-width": 0, "extrude_height": 19.2, "building_height": 19.2}}, {"type": "Feature", "geometry": {"type": "Polygon", "coordinates": [[[139.6936999999998, 35.67889999999985], [139.69429999999983, 35.67889999999985], [139.69429999999983, 35.679499999999855], [139.6936999999998, 35.679499999999855], [139.6936999999998, 35.67889999999985]]]}, "properties": {"rsrp_dbm": -121.7, "quality": "very_weak", "band": "n257", "fill": "#ff5252", "fill-opacity": 0.18, "stroke": "#ff5252", "stroke-opacity": 0.3, "stroke-width": 0, "extrude_height": 19.2, "building_height": 19.2}}, {"type": "Feature", "geometry": {"type": "Polygon", "coordinates": [[[139.6942999999998, 35.67889999999985], [139.69489999999982, 35.67889999999985], [139.69489999999982, 35.679499999999855], [139.6942999999998, 35.679499999999855], [139.6942999999998, 35.67889999999985]]]}, "properties": {"rsrp_dbm": -120.8, "quality": "very_weak", "band": "n257", "fill": "#ff5252", "fill-opacity": 0.18, "stroke": "#ff5252", "stroke-opacity": 0.3, "stroke-width": 0, "extrude_height": 25.6, "building_height": 25.6}}, {"type": "Feature", "geometry": {"type": "Polygon", "coordinates": [[[139.6948999999998, 35.67889999999985], [139.6954999999998, 35.67889999999985], [139.6954999999998, 35.679499999999855], [139.6948999999998, 35.679499999999855], [139.6948999999998, 35.67889999999985]]]}, "properties": {"rsrp_dbm": -120.0, "quality": "very_weak", "band": "n257", "fill": "#ff5252", "fill-opacity": 0.18, "stroke": "#ff5252", "stroke-opacity": 0.3, "stroke-width": 0, "extrude_height": 25.6, "building_height": 25.6}}, {"type": "Feature", "geometry": {"type": "Polygon", "coordinates": [[[139.69549999999978, 35.67889999999985], [139.6960999999998, 35.67889999999985], [139.6960999999998, 35.679499999999855], [139.69549999999978, 35.679499999999855], [139.69549999999978, 35.67889999999985]]]}, "properties": {"rsrp_dbm": -119.1, "quality": "very_weak", "band": "n257", "fill": "#ff5252", "fill-opacity": 0.18, "stroke": "#ff5252", "stroke-opacity": 0.3, "stroke-width": 0, "extrude_height": 25.6, "building_height": 25.6}}, {"type": "Feature", "geometry": {"type": "Polygon", "coordinates": [[[139.69609999999977, 35.67889999999985], [139.6966999999998, 35.67889999999985], [139.6966999999998, 35.679499999999855], [139.69609999999977, 35.679499999999855], [139.69609999999977, 35.67889999999985]]]}, "properties": {"rsrp_dbm": -118.3, "quality": "very_weak", "band": "n257", "fill": "#ff5252", "fill-opacity": 0.18, "stroke": "#ff5252", "stroke-opacity": 0.3, "stroke-width": 0, "extrude_height": 25.6, "building_height": 25.6}}, {"type": "Feature", "geometry": {"type": "Polygon", "coordinates": [[[139.70389999999966, 35.67889999999985], [139.70449999999968, 35.67889999999985], [139.70449999999968, 35.679499999999855], [139.70389999999966, 35.679499999999855], [139.70389999999966, 35.67889999999985]]]}, "properties": {"rsrp_dbm": -125.4, "quality": "very_weak", "band": "n257", "fill": "#ff5252", "fill-opacity": 0.18, "stroke": "#ff5252", "stroke-opacity": 0.3, "stroke-width": 0, "extrude_height": 98.3, "building_height": 98.3}}, {"type": "Feature", "geometry": {"type": "Polygon", "coordinates": [[[139.70449999999965, 35.67889999999985], [139.70509999999967, 35.67889999999985], [139.70509999999967, 35.679499999999855], [139.70449999999965, 35.679499999999855], [139.70449999999965, 35.67889999999985]]]}, "properties": {"rsrp_dbm": -125.7, "quality": "very_weak", "band": "n257", "fill": "#ff5252", "fill-opacity": 0.18, "stroke": "#ff5252", "stroke-opacity": 0.3, "stroke-width": 0, "extrude_height": 98.3, "building_height": 98.3}}, {"type": "Feature", "geometry": {"type": "Polygon", "coordinates": [[[139.70509999999965, 35.67889999999985], [139.70569999999967, 35.67889999999985], [139.70569999999967, 35.679499999999855], [139.70509999999965, 35.679499999999855], [139.70509999999965, 35.67889999999985]]]}, "properties": {"rsrp_dbm": -126.0, "quality": "very_weak", "band": "n257", "fill": "#ff5252", "fill-opacity": 0.18, "stroke": "#ff5252", "stroke-opacity": 0.3, "stroke-width": 0, "extrude_height": 98.3, "building_height": 98.3}}, {"type": "Feature", "geometry": {"type": "Polygon", "coordinates": [[[139.70569999999964, 35.67889999999985], [139.70629999999966, 35.67889999999985], [139.70629999999966, 35.679499999999855], [139.70569999999964, 35.679499999999855], [139.70569999999964, 35.67889999999985]]]}, "properties": {"rsrp_dbm": -126.3, "quality": "very_weak", "band": "n257", "fill": "#ff5252", "fill-opacity": 0.18, "stroke": "#ff5252", "stroke-opacity": 0.3, "stroke-width": 0, "extrude_height": 98.3, "building_height": 98.3}}, {"type": "Feature", "geometry": {"type": "Polygon", "coordinates": [[[139.69309999999982, 35.67949999999985], [139.69369999999984, 35.67949999999985], [139.69369999999984, 35.680099999999854], [139.69309999999982, 35.680099999999854], [139.69309999999982, 35.67949999999985]]]}, "properties": {"rsrp_dbm": -122.8, "quality": "very_weak", "band": "n257", "fill": "#ff5252", "fill-opacity": 0.18, "stroke": "#ff5252", "stroke-opacity": 0.3, "stroke-width": 0, "extrude_height": 22.4, "building_height": 22.4}}, {"type": "Feature", "geometry": {"type": "Polygon", "coordinates": [[[139.6936999999998, 35.67949999999985], [139.69429999999983, 35.67949999999985], [139.69429999999983, 35.680099999999854], [139.6936999999998, 35.680099999999854], [139.6936999999998, 35.67949999999985]]]}, "properties": {"rsrp_dbm": -122.0, "quality": "very_weak", "band": "n257", "fill": "#ff5252", "fill-opacity": 0.18, "stroke": "#ff5252", "stroke-opacity": 0.3, "stroke-width": 0, "extrude_height": 22.4, "building_height": 22.4}}, {"type": "Feature", "geometry": {"type": "Polygon", "coordinates": [[[139.6942999999998, 35.67949999999985], [139.69489999999982, 35.67949999999985], [139.69489999999982, 35.680099999999854], [139.6942999999998, 35.680099999999854], [139.6942999999998, 35.67949999999985]]]}, "properties": {"rsrp_dbm": -121.2, "quality": "very_weak", "band": "n257", "fill": "#ff5252", "fill-opacity": 0.18, "stroke": "#ff5252", "stroke-opacity": 0.3, "stroke-width": 0, "extrude_height": 25.6, "building_height": 25.6}}, {"type": "Feature", "geometry": {"type": "Polygon", "coordinates": [[[139.6948999999998, 35.67949999999985], [139.6954999999998, 35.67949999999985], [139.6954999999998, 35.680099999999854], [139.6948999999998, 35.680099999999854], [139.6948999999998, 35.67949999999985]]]}, "properties": {"rsrp_dbm": -120.4, "quality": "very_weak", "band": "n257", "fill": "#ff5252", "fill-opacity": 0.18, "stroke": "#ff5252", "stroke-opacity": 0.3, "stroke-width": 0, "extrude_height": 25.6, "building_height": 25.6}}, {"type": "Feature", "geometry": {"type": "Polygon", "coordinates": [[[139.69549999999978, 35.67949999999985], [139.6960999999998, 35.67949999999985], [139.6960999999998, 35.680099999999854], [139.69549999999978, 35.680099999999854], [139.69549999999978, 35.67949999999985]]]}, "properties": {"rsrp_dbm": -119.6, "quality": "very_weak", "band": "n257", "fill": "#ff5252", "fill-opacity": 0.18, "stroke": "#ff5252", "stroke-opacity": 0.3, "stroke-width": 0, "extrude_height": 25.6, "building_height": 25.6}}, {"type": "Feature", "geometry": {"type": "Polygon", "coordinates": [[[139.69609999999977, 35.67949999999985], [139.6966999999998, 35.67949999999985], [139.6966999999998, 35.680099999999854], [139.69609999999977, 35.680099999999854], [139.69609999999977, 35.67949999999985]]]}, "properties": {"rsrp_dbm": -118.9, "quality": "very_weak", "band": "n257", "fill": "#ff5252", "fill-opacity": 0.18, "stroke": "#ff5252", "stroke-opacity": 0.3, "stroke-width": 0, "extrude_height": 25.6, "building_height": 25.6}}, {"type": "Feature", "geometry": {"type": "Polygon", "coordinates": [[[139.70389999999966, 35.67949999999985], [139.70449999999968, 35.67949999999985], [139.70449999999968, 35.680099999999854], [139.70389999999966, 35.680099999999854], [139.70389999999966, 35.67949999999985]]]}, "properties": {"rsrp_dbm": -125.6, "quality": "very_weak", "band": "n257", "fill": "#ff5252", "fill-opacity": 0.18, "stroke": "#ff5252", "stroke-opacity": 0.3, "stroke-width": 0, "extrude_height": 98.3, "building_height": 98.3}}, {"type": "Feature", "geometry": {"type": "Polygon", "coordinates": [[[139.70449999999965, 35.67949999999985], [139.70509999999967, 35.67949999999985], [139.70509999999967, 35.680099999999854], [139.70449999999965, 35.680099999999854], [139.70449999999965, 35.67949999999985]]]}, "properties": {"rsrp_dbm": -125.9, "quality": "very_weak", "band": "n257", "fill": "#ff5252", "fill-opacity": 0.18, "stroke": "#ff5252", "stroke-opacity": 0.3, "stroke-width": 0, "extrude_height": 98.3, "building_height": 98.3}}, {"type": "Feature", "geometry": {"type": "Polygon", "coordinates": [[[139.70509999999965, 35.67949999999985], [139.70569999999967, 35.67949999999985], [139.70569999999967, 35.680099999999854], [139.70509999999965, 35.680099999999854], [139.70509999999965, 35.67949999999985]]]}, "properties": {"rsrp_dbm": -126.1, "quality": "very_weak", "band": "n257", "fill": "#ff5252", "fill-opacity": 0.18, "stroke": "#ff5252", "stroke-opacity": 0.3, "stroke-width": 0, "extrude_height": 98.3, "building_height": 98.3}}, {"type": "Feature", "geometry": {"type": "Polygon", "coordinates": [[[139.70569999999964, 35.67949999999985], [139.70629999999966, 35.67949999999985], [139.70629999999966, 35.680099999999854], [139.70569999999964, 35.680099999999854], [139.70569999999964, 35.67949999999985]]]}, "properties": {"rsrp_dbm": -126.4, "quality": "very_weak", "band": "n257", "fill": "#ff5252", "fill-opacity": 0.18, "stroke": "#ff5252", "stroke-opacity": 0.3, "stroke-width": 0, "extrude_height": 98.3, "building_height": 98.3}}, {"type": "Feature", "geometry": {"type": "Polygon", "coordinates": [[[139.69309999999982, 35.68009999999985], [139.69369999999984, 35.68009999999985], [139.69369999999984, 35.68069999999985], [139.69309999999982, 35.68069999999985], [139.69309999999982, 35.68009999999985]]]}, "properties": {"rsrp_dbm": -123.1, "quality": "very_weak", "band": "n257", "fill": "#ff5252", "fill-opacity": 0.18, "stroke": "#ff5252", "stroke-opacity": 0.3, "stroke-width": 0, "extrude_height": 22.4, "building_height": 22.4}}, {"type": "Feature", "geometry": {"type": "Polygon", "coordinates": [[[139.6936999999998, 35.68009999999985], [139.69429999999983, 35.68009999999985], [139.69429999999983, 35.68069999999985], [139.6936999999998, 35.68069999999985], [139.6936999999998, 35.68009999999985]]]}, "properties": {"rsrp_dbm": -122.3, "quality": "very_weak", "band": "n257", "fill": "#ff5252", "fill-opacity": 0.18, "stroke": "#ff5252", "stroke-opacity": 0.3, "stroke-width": 0, "extrude_height": 22.4, "building_height": 22.4}}, {"type": "Feature", "geometry": {"type": "Polygon", "coordinates": [[[139.69549999999978, 35.68009999999985], [139.6960999999998, 35.68009999999985], [139.6960999999998, 35.68069999999985], [139.69549999999978, 35.68069999999985], [139.69549999999978, 35.68009999999985]]]}, "properties": {"rsrp_dbm": -120.2, "quality": "very_weak", "band": "n257", "fill": "#ff5252", "fill-opacity": 0.18, "stroke": "#ff5252", "stroke-opacity": 0.3, "stroke-width": 0, "extrude_height": 25.6, "building_height": 25.6}}, {"type": "Feature", "geometry": {"type": "Polygon", "coordinates": [[[139.69609999999977, 35.68009999999985], [139.6966999999998, 35.68009999999985], [139.6966999999998, 35.68069999999985], [139.69609999999977, 35.68069999999985], [139.69609999999977, 35.68009999999985]]]}, "properties": {"rsrp_dbm": -119.5, "quality": "very_weak", "band": "n257", "fill": "#ff5252", "fill-opacity": 0.18, "stroke": "#ff5252", "stroke-opacity": 0.3, "stroke-width": 0, "extrude_height": 25.6, "building_height": 25.6}}, {"type": "Feature", "geometry": {"type": "Polygon", "coordinates": [[[139.70389999999966, 35.68009999999985], [139.70449999999968, 35.68009999999985], [139.70449999999968, 35.68069999999985], [139.70389999999966, 35.68069999999985], [139.70389999999966, 35.68009999999985]]]}, "properties": {"rsrp_dbm": -125.8, "quality": "very_weak", "band": "n257", "fill": "#ff5252", "fill-opacity": 0.18, "stroke": "#ff5252", "stroke-opacity": 0.3, "stroke-width": 0, "extrude_height": 98.3, "building_height": 98.3}}, {"type": "Feature", "geometry": {"type": "Polygon", "coordinates": [[[139.69309999999982, 35.680699999999845], [139.69369999999984, 35.680699999999845], [139.69369999999984, 35.68129999999985], [139.69309999999982, 35.68129999999985], [139.69309999999982, 35.680699999999845]]]}, "properties": {"rsrp_dbm": -123.4, "quality": "very_weak", "band": "n257", "fill": "#ff5252", "fill-opacity": 0.18, "stroke": "#ff5252", "stroke-opacity": 0.3, "stroke-width": 0, "extrude_height": 22.4, "building_height": 22.4}}, {"type": "Feature", "geometry": {"type": "Polygon", "coordinates": [[[139.69549999999978, 35.680699999999845], [139.6960999999998, 35.680699999999845], [139.6960999999998, 35.68129999999985], [139.69549999999978, 35.68129999999985], [139.69549999999978, 35.680699999999845]]]}, "properties": {"rsrp_dbm": -120.7, "quality": "very_weak", "band": "n257", "fill": "#ff5252", "fill-opacity": 0.18, "stroke": "#ff5252", "stroke-opacity": 0.3, "stroke-width": 0, "extrude_height": 25.6, "building_height": 25.6}}, {"type": "Feature", "geometry": {"type": "Polygon", "coordinates": [[[139.69609999999977, 35.680699999999845], [139.6966999999998, 35.680699999999845], [139.6966999999998, 35.68129999999985], [139.69609999999977, 35.68129999999985], [139.69609999999977, 35.680699999999845]]]}, "properties": {"rsrp_dbm": -120.1, "quality": "very_weak", "band": "n257", "fill": "#ff5252", "fill-opacity": 0.18, "stroke": "#ff5252", "stroke-opacity": 0.3, "stroke-width": 0, "extrude_height": 25.6, "building_height": 25.6}}, {"type": "Feature", "geometry": {"type": "Polygon", "coordinates": [[[139.69849999999974, 35.680699999999845], [139.69909999999976, 35.680699999999845], [139.69909999999976, 35.68129999999985], [139.69849999999974, 35.68129999999985], [139.69849999999974, 35.680699999999845]]]}, "properties": {"rsrp_dbm": -118.0, "quality": "very_weak", "band": "n257", "fill": "#ff5252", "fill-opacity": 0.18, "stroke": "#ff5252", "stroke-opacity": 0.3, "stroke-width": 0, "extrude_height": 19.2, "building_height": 19.2}}, {"type": "Feature", "geometry": {"type": "Polygon", "coordinates": [[[139.69909999999973, 35.680699999999845], [139.69969999999975, 35.680699999999845], [139.69969999999975, 35.68129999999985], [139.69909999999973, 35.68129999999985], [139.69909999999973, 35.680699999999845]]]}, "properties": {"rsrp_dbm": -117.6, "quality": "very_weak", "band": "n257", "fill": "#ff5252", "fill-opacity": 0.18, "stroke": "#ff5252", "stroke-opacity": 0.3, "stroke-width": 0, "extrude_height": 19.2, "building_height": 19.2}}, {"type": "Feature", "geometry": {"type": "Polygon", "coordinates": [[[139.69969999999972, 35.680699999999845], [139.70029999999974, 35.680699999999845], [139.70029999999974, 35.68129999999985], [139.69969999999972, 35.68129999999985], [139.69969999999972, 35.680699999999845]]]}, "properties": {"rsrp_dbm": -117.3, "quality": "very_weak", "band": "n257", "fill": "#ff5252", "fill-opacity": 0.18, "stroke": "#ff5252", "stroke-opacity": 0.3, "stroke-width": 0, "extrude_height": 19.2, "building_height": 19.2}}, {"type": "Feature", "geometry": {"type": "Polygon", "coordinates": [[[139.70029999999971, 35.680699999999845], [139.70089999999973, 35.680699999999845], [139.70089999999973, 35.68129999999985], [139.70029999999971, 35.68129999999985], [139.70029999999971, 35.680699999999845]]]}, "properties": {"rsrp_dbm": -117.0, "quality": "very_weak", "band": "n257", "fill": "#ff5252", "fill-opacity": 0.18, "stroke": "#ff5252", "stroke-opacity": 0.3, "stroke-width": 0, "extrude_height": 19.2, "building_height": 19.2}}, {"type": "Feature", "geometry": {"type": "Polygon", "coordinates": [[[139.70389999999966, 35.680699999999845], [139.70449999999968, 35.680699999999845], [139.70449999999968, 35.68129999999985], [139.70389999999966, 35.68129999999985], [139.70389999999966, 35.680699999999845]]]}, "properties": {"rsrp_dbm": -126.1, "quality": "very_weak", "band": "n257", "fill": "#ff5252", "fill-opacity": 0.18, "stroke": "#ff5252", "stroke-opacity": 0.3, "stroke-width": 0, "extrude_height": 98.3, "building_height": 98.3}}, {"type": "Feature", "geometry": {"type": "Polygon", "coordinates": [[[139.6948999999998, 35.681299999999844], [139.6954999999998, 35.681299999999844], [139.6954999999998, 35.68189999999985], [139.6948999999998, 35.68189999999985], [139.6948999999998, 35.681299999999844]]]}, "properties": {"rsrp_dbm": -121.8, "quality": "very_weak", "band": "n257", "fill": "#ff5252", "fill-opacity": 0.18, "stroke": "#ff5252", "stroke-opacity": 0.3, "stroke-width": 0, "extrude_height": 22.4, "building_height": 22.4}}, {"type": "Feature", "geometry": {"type": "Polygon", "coordinates": [[[139.69849999999974, 35.681299999999844], [139.69909999999976, 35.681299999999844], [139.69909999999976, 35.68189999999985], [139.69849999999974, 35.68189999999985], [139.69849999999974, 35.681299999999844]]]}, "properties": {"rsrp_dbm": -118.8, "quality": "very_weak", "band": "n257", "fill": "#ff5252", "fill-opacity": 0.18, "stroke": "#ff5252", "stroke-opacity": 0.3, "stroke-width": 0, "extrude_height": 19.2, "building_height": 19.2}}, {"type": "Feature", "geometry": {"type": "Polygon", "coordinates": [[[139.69909999999973, 35.681299999999844], [139.69969999999975, 35.681299999999844], [139.69969999999975, 35.68189999999985], [139.69909999999973, 35.68189999999985], [139.69909999999973, 35.681299999999844]]]}, "properties": {"rsrp_dbm": -118.4, "quality": "very_weak", "band": "n257", "fill": "#ff5252", "fill-opacity": 0.18, "stroke": "#ff5252", "stroke-opacity": 0.3, "stroke-width": 0, "extrude_height": 19.2, "building_height": 19.2}}, {"type": "Feature", "geometry": {"type": "Polygon", "coordinates": [[[139.69969999999972, 35.681299999999844], [139.70029999999974, 35.681299999999844], [139.70029999999974, 35.68189999999985], [139.69969999999972, 35.68189999999985], [139.69969999999972, 35.681299999999844]]]}, "properties": {"rsrp_dbm": -118.1, "quality": "very_weak", "band": "n257", "fill": "#ff5252", "fill-opacity": 0.18, "stroke": "#ff5252", "stroke-opacity": 0.3, "stroke-width": 0, "extrude_height": 19.2, "building_height": 19.2}}, {"type": "Feature", "geometry": {"type": "Polygon", "coordinates": [[[139.70029999999971, 35.681299999999844], [139.70089999999973, 35.681299999999844], [139.70089999999973, 35.68189999999985], [139.70029999999971, 35.68189999999985], [139.70029999999971, 35.681299999999844]]]}, "properties": {"rsrp_dbm": -117.9, "quality": "very_weak", "band": "n257", "fill": "#ff5252", "fill-opacity": 0.18, "stroke": "#ff5252", "stroke-opacity": 0.3, "stroke-width": 0, "extrude_height": 28.8, "building_height": 28.8}}, {"type": "Feature", "geometry": {"type": "Polygon", "coordinates": [[[139.7008999999997, 35.681299999999844], [139.70149999999973, 35.681299999999844], [139.70149999999973, 35.68189999999985], [139.7008999999997, 35.68189999999985], [139.7008999999997, 35.681299999999844]]]}, "properties": {"rsrp_dbm": -117.7, "quality": "very_weak", "band": "n257", "fill": "#ff5252", "fill-opacity": 0.18, "stroke": "#ff5252", "stroke-opacity": 0.3, "stroke-width": 0, "extrude_height": 28.8, "building_height": 28.8}}, {"type": "Feature", "geometry": {"type": "Polygon", "coordinates": [[[139.7014999999997, 35.681299999999844], [139.70209999999972, 35.681299999999844], [139.70209999999972, 35.68189999999985], [139.7014999999997, 35.68189999999985], [139.7014999999997, 35.681299999999844]]]}, "properties": {"rsrp_dbm": -117.5, "quality": "very_weak", "band": "n257", "fill": "#ff5252", "fill-opacity": 0.18, "stroke": "#ff5252", "stroke-opacity": 0.3, "stroke-width": 0, "extrude_height": 28.8, "building_height": 28.8}}, {"type": "Feature", "geometry": {"type": "Polygon", "coordinates": [[[139.7020999999997, 35.681299999999844], [139.7026999999997, 35.681299999999844], [139.7026999999997, 35.68189999999985], [139.7020999999997, 35.68189999999985], [139.7020999999997, 35.681299999999844]]]}, "properties": {"rsrp_dbm": -117.5, "quality": "very_weak", "band": "n257", "fill": "#ff5252", "fill-opacity": 0.18, "stroke": "#ff5252", "stroke-opacity": 0.3, "stroke-width": 0, "extrude_height": 28.8, "building_height": 28.8}}, {"type": "Feature", "geometry": {"type": "Polygon", "coordinates": [[[139.7080999999996, 35.681299999999844], [139.70869999999962, 35.681299999999844], [139.70869999999962, 35.68189999999985], [139.7080999999996, 35.68189999999985], [139.7080999999996, 35.681299999999844]]]}, "properties": {"rsrp_dbm": -128.1, "quality": "very_weak", "band": "n257", "fill": "#ff5252", "fill-opacity": 0.18, "stroke": "#ff5252", "stroke-opacity": 0.3, "stroke-width": 0, "extrude_height": 22.4, "building_height": 22.4}}, {"type": "Feature", "geometry": {"type": "Polygon", "coordinates": [[[139.69849999999974, 35.68189999999984], [139.69909999999976, 35.68189999999984], [139.69909999999976, 35.68249999999985], [139.69849999999974, 35.68249999999985], [139.69849999999974, 35.68189999999984]]]}, "properties": {"rsrp_dbm": -119.5, "quality": "very_weak", "band": "n257", "fill": "#ff5252", "fill-opacity": 0.18, "stroke": "#ff5252", "stroke-opacity": 0.3, "stroke-width": 0, "extrude_height": 19.2, "building_height": 19.2}}, {"type": "Feature", "geometry": {"type": "Polygon", "coordinates": [[[139.69969999999972, 35.68189999999984], [139.70029999999974, 35.68189999999984], [139.70029999999974, 35.68249999999985], [139.69969999999972, 35.68249999999985], [139.69969999999972, 35.68189999999984]]]}, "properties": {"rsrp_dbm": -118.9, "quality": "very_weak", "band": "n257", "fill": "#ff5252", "fill-opacity": 0.18, "stroke": "#ff5252", "stroke-opacity": 0.3, "stroke-width": 0, "extrude_height": 19.2, "building_height": 19.2}}, {"type": "Feature", "geometry": {"type": "Polygon", "coordinates": [[[139.70029999999971, 35.68189999999984], [139.70089999999973, 35.68189999999984], [139.70089999999973, 35.68249999999985], [139.70029999999971, 35.68249999999985], [139.70029999999971, 35.68189999999984]]]}, "properties": {"rsrp_dbm": -118.7, "quality": "very_weak", "band": "n257", "fill": "#ff5252", "fill-opacity": 0.18, "stroke": "#ff5252", "stroke-opacity": 0.3, "stroke-width": 0, "extrude_height": 28.8, "building_height": 28.8}}, {"type": "Feature", "geometry": {"type": "Polygon", "coordinates": [[[139.7008999999997, 35.68189999999984], [139.70149999999973, 35.68189999999984], [139.70149999999973, 35.68249999999985], [139.7008999999997, 35.68249999999985], [139.7008999999997, 35.68189999999984]]]}, "properties": {"rsrp_dbm": -118.5, "quality": "very_weak", "band": "n257", "fill": "#ff5252", "fill-opacity": 0.18, "stroke": "#ff5252", "stroke-opacity": 0.3, "stroke-width": 0, "extrude_height": 28.8, "building_height": 28.8}}, {"type": "Feature", "geometry": {"type": "Polygon", "coordinates": [[[139.7014999999997, 35.68189999999984], [139.70209999999972, 35.68189999999984], [139.70209999999972, 35.68249999999985], [139.7014999999997, 35.68249999999985], [139.7014999999997, 35.68189999999984]]]}, "properties": {"rsrp_dbm": -118.4, "quality": "very_weak", "band": "n257", "fill": "#ff5252", "fill-opacity": 0.18, "stroke": "#ff5252", "stroke-opacity": 0.3, "stroke-width": 0, "extrude_height": 28.8, "building_height": 28.8}}, {"type": "Feature", "geometry": {"type": "Polygon", "coordinates": [[[139.7020999999997, 35.68189999999984], [139.7026999999997, 35.68189999999984], [139.7026999999997, 35.68249999999985], [139.7020999999997, 35.68249999999985], [139.7020999999997, 35.68189999999984]]]}, "properties": {"rsrp_dbm": -118.3, "quality": "very_weak", "band": "n257", "fill": "#ff5252", "fill-opacity": 0.18, "stroke": "#ff5252", "stroke-opacity": 0.3, "stroke-width": 0, "extrude_height": 28.8, "building_height": 28.8}}, {"type": "Feature", "geometry": {"type": "Polygon", "coordinates": [[[139.70329999999967, 35.68189999999984], [139.7038999999997, 35.68189999999984], [139.7038999999997, 35.68249999999985], [139.70329999999967, 35.68249999999985], [139.70329999999967, 35.68189999999984]]]}, "properties": {"rsrp_dbm": -126.4, "quality": "very_weak", "band": "n257", "fill": "#ff5252", "fill-opacity": 0.18, "stroke": "#ff5252", "stroke-opacity": 0.3, "stroke-width": 0, "extrude_height": 28.8, "building_height": 28.8}}, {"type": "Feature", "geometry": {"type": "Polygon", "coordinates": [[[139.70389999999966, 35.68189999999984], [139.70449999999968, 35.68189999999984], [139.70449999999968, 35.68249999999985], [139.70389999999966, 35.68249999999985], [139.70389999999966, 35.68189999999984]]]}, "properties": {"rsrp_dbm": -126.6, "quality": "very_weak", "band": "n257", "fill": "#ff5252", "fill-opacity": 0.18, "stroke": "#ff5252", "stroke-opacity": 0.3, "stroke-width": 0, "extrude_height": 28.8, "building_height": 28.8}}, {"type": "Feature", "geometry": {"type": "Polygon", "coordinates": [[[139.7080999999996, 35.68189999999984], [139.70869999999962, 35.68189999999984], [139.70869999999962, 35.68249999999985], [139.7080999999996, 35.68249999999985], [139.7080999999996, 35.68189999999984]]]}, "properties": {"rsrp_dbm": -128.3, "quality": "very_weak", "band": "n257", "fill": "#ff5252", "fill-opacity": 0.18, "stroke": "#ff5252", "stroke-opacity": 0.3, "stroke-width": 0, "extrude_height": 22.4, "building_height": 22.4}}, {"type": "Feature", "geometry": {"type": "Polygon", "coordinates": [[[139.69849999999974, 35.68249999999984], [139.69909999999976, 35.68249999999984], [139.69909999999976, 35.68309999999985], [139.69849999999974, 35.68309999999985], [139.69849999999974, 35.68249999999984]]]}, "properties": {"rsrp_dbm": -120.3, "quality": "very_weak", "band": "n257", "fill": "#ff5252", "fill-opacity": 0.18, "stroke": "#ff5252", "stroke-opacity": 0.3, "stroke-width": 0, "extrude_height": 19.2, "building_height": 19.2}}, {"type": "Feature", "geometry": {"type": "Polygon", "coordinates": [[[139.69969999999972, 35.68249999999984], [139.70029999999974, 35.68249999999984], [139.70029999999974, 35.68309999999985], [139.69969999999972, 35.68309999999985], [139.69969999999972, 35.68249999999984]]]}, "properties": {"rsrp_dbm": -119.7, "quality": "very_weak", "band": "n257", "fill": "#ff5252", "fill-opacity": 0.18, "stroke": "#ff5252", "stroke-opacity": 0.3, "stroke-width": 0, "extrude_height": 19.2, "building_height": 19.2}}, {"type": "Feature", "geometry": {"type": "Polygon", "coordinates": [[[139.70029999999971, 35.68249999999984], [139.70089999999973, 35.68249999999984], [139.70089999999973, 35.68309999999985], [139.70029999999971, 35.68309999999985], [139.70029999999971, 35.68249999999984]]]}, "properties": {"rsrp_dbm": -119.5, "quality": "very_weak", "band": "n257", "fill": "#ff5252", "fill-opacity": 0.18, "stroke": "#ff5252", "stroke-opacity": 0.3, "stroke-width": 0, "extrude_height": 28.8, "building_height": 28.8}}, {"type": "Feature", "geometry": {"type": "Polygon", "coordinates": [[[139.7008999999997, 35.68249999999984], [139.70149999999973, 35.68249999999984], [139.70149999999973, 35.68309999999985], [139.7008999999997, 35.68309999999985], [139.7008999999997, 35.68249999999984]]]}, "properties": {"rsrp_dbm": -119.3, "quality": "very_weak", "band": "n257", "fill": "#ff5252", "fill-opacity": 0.18, "stroke": "#ff5252", "stroke-opacity": 0.3, "stroke-width": 0, "extrude_height": 28.8, "building_height": 28.8}}, {"type": "Feature", "geometry": {"type": "Polygon", "coordinates": [[[139.7020999999997, 35.68249999999984], [139.7026999999997, 35.68249999999984], [139.7026999999997, 35.68309999999985], [139.7020999999997, 35.68309999999985], [139.7020999999997, 35.68249999999984]]]}, "properties": {"rsrp_dbm": -119.2, "quality": "very_weak", "band": "n257", "fill": "#ff5252", "fill-opacity": 0.18, "stroke": "#ff5252", "stroke-opacity": 0.3, "stroke-width": 0, "extrude_height": 28.8, "building_height": 28.8}}, {"type": "Feature", "geometry": {"type": "Polygon", "coordinates": [[[139.70329999999967, 35.68249999999984], [139.7038999999997, 35.68249999999984], [139.7038999999997, 35.68309999999985], [139.70329999999967, 35.68309999999985], [139.70329999999967, 35.68249999999984]]]}, "properties": {"rsrp_dbm": -126.7, "quality": "very_weak", "band": "n257", "fill": "#ff5252", "fill-opacity": 0.18, "stroke": "#ff5252", "stroke-opacity": 0.3, "stroke-width": 0, "extrude_height": 28.8, "building_height": 28.8}}, {"type": "Feature", "geometry": {"type": "Polygon", "coordinates": [[[139.70389999999966, 35.68249999999984], [139.70449999999968, 35.68249999999984], [139.70449999999968, 35.68309999999985], [139.70389999999966, 35.68309999999985], [139.70389999999966, 35.68249999999984]]]}, "properties": {"rsrp_dbm": -126.9, "quality": "very_weak", "band": "n257", "fill": "#ff5252", "fill-opacity": 0.18, "stroke": "#ff5252", "stroke-opacity": 0.3, "stroke-width": 0, "extrude_height": 28.8, "building_height": 28.8}}, {"type": "Feature", "geometry": {"type": "Polygon", "coordinates": [[[139.7080999999996, 35.68249999999984], [139.70869999999962, 35.68249999999984], [139.70869999999962, 35.68309999999985], [139.7080999999996, 35.68309999999985], [139.7080999999996, 35.68249999999984]]]}, "properties": {"rsrp_dbm": -128.5, "quality": "very_weak", "band": "n257", "fill": "#ff5252", "fill-opacity": 0.18, "stroke": "#ff5252", "stroke-opacity": 0.3, "stroke-width": 0, "extrude_height": 22.4, "building_height": 22.4}}, {"type": "Feature", "geometry": {"type": "Polygon", "coordinates": [[[139.69969999999972, 35.68309999999984], [139.70029999999974, 35.68309999999984], [139.70029999999974, 35.683699999999845], [139.69969999999972, 35.683699999999845], [139.69969999999972, 35.68309999999984]]]}, "properties": {"rsrp_dbm": -120.4, "quality": "very_weak", "band": "n257", "fill": "#ff5252", "fill-opacity": 0.18, "stroke": "#ff5252", "stroke-opacity": 0.3, "stroke-width": 0, "extrude_height": 19.2, "building_height": 19.2}}, {"type": "Feature", "geometry": {"type": "Polygon", "coordinates": [[[139.70029999999971, 35.68309999999984], [139.70089999999973, 35.68309999999984], [139.70089999999973, 35.683699999999845], [139.70029999999971, 35.683699999999845], [139.70029999999971, 35.68309999999984]]]}, "properties": {"rsrp_dbm": -120.2, "quality": "very_weak", "band": "n257", "fill": "#ff5252", "fill-opacity": 0.18, "stroke": "#ff5252", "stroke-opacity": 0.3, "stroke-width": 0, "extrude_height": 28.8, "building_height": 28.8}}, {"type": "Feature", "geometry": {"type": "Polygon", "coordinates": [[[139.7020999999997, 35.68309999999984], [139.7026999999997, 35.68309999999984], [139.7026999999997, 35.683699999999845], [139.7020999999997, 35.683699999999845], [139.7020999999997, 35.68309999999984]]]}, "properties": {"rsrp_dbm": -120.0, "quality": "very_weak", "band": "n257", "fill": "#ff5252", "fill-opacity": 0.18, "stroke": "#ff5252", "stroke-opacity": 0.3, "stroke-width": 0, "extrude_height": 153.0, "building_height": 153.0}}, {"type": "Feature", "geometry": {"type": "Polygon", "coordinates": [[[139.70269999999968, 35.68309999999984], [139.7032999999997, 35.68309999999984], [139.7032999999997, 35.683699999999845], [139.70269999999968, 35.683699999999845], [139.70269999999968, 35.68309999999984]]]}, "properties": {"rsrp_dbm": -126.9, "quality": "very_weak", "band": "n257", "fill": "#ff5252", "fill-opacity": 0.18, "stroke": "#ff5252", "stroke-opacity": 0.3, "stroke-width": 0, "extrude_height": 153.0, "building_height": 153.0}}, {"type": "Feature", "geometry": {"type": "Polygon", "coordinates": [[[139.70329999999967, 35.68309999999984], [139.7038999999997, 35.68309999999984], [139.7038999999997, 35.683699999999845], [139.70329999999967, 35.683699999999845], [139.70329999999967, 35.68309999999984]]]}, "properties": {"rsrp_dbm": -127.0, "quality": "very_weak", "band": "n257", "fill": "#ff5252", "fill-opacity": 0.18, "stroke": "#ff5252", "stroke-opacity": 0.3, "stroke-width": 0, "extrude_height": 153.0, "building_height": 153.0}}, {"type": "Feature", "geometry": {"type": "Polygon", "coordinates": [[[139.7014999999997, 35.69089999999982], [139.70209999999972, 35.69089999999982], [139.70209999999972, 35.69149999999983], [139.7014999999997, 35.69149999999983], [139.7014999999997, 35.69089999999982]]]}, "properties": {"rsrp_dbm": -129.8, "quality": "very_weak", "band": "n257", "fill": "#ff5252", "fill-opacity": 0.18, "stroke": "#ff5252", "stroke-opacity": 0.3, "stroke-width": 0, "extrude_height": 53.9, "building_height": 53.9}}, {"type": "Feature", "geometry": {"type": "Polygon", "coordinates": [[[139.7020999999997, 35.69089999999982], [139.7026999999997, 35.69089999999982], [139.7026999999997, 35.69149999999983], [139.7020999999997, 35.69149999999983], [139.7020999999997, 35.69089999999982]]]}, "properties": {"rsrp_dbm": -129.1, "quality": "very_weak", "band": "n257", "fill": "#ff5252", "fill-opacity": 0.18, "stroke": "#ff5252", "stroke-opacity": 0.3, "stroke-width": 0, "extrude_height": 55.8, "building_height": 55.8}}, {"type": "Feature", "geometry": {"type": "Polygon", "coordinates": [[[139.70269999999968, 35.69089999999982], [139.7032999999997, 35.69089999999982], [139.7032999999997, 35.69149999999983], [139.70269999999968, 35.69149999999983], [139.70269999999968, 35.69089999999982]]]}, "properties": {"rsrp_dbm": -128.9, "quality": "very_weak", "band": "n257", "fill": "#ff5252", "fill-opacity": 0.18, "stroke": "#ff5252", "stroke-opacity": 0.3, "stroke-width": 0, "extrude_height": 55.8, "building_height": 55.8}}, {"type": "Feature", "geometry": {"type": "Polygon", "coordinates": [[[139.70329999999967, 35.69089999999982], [139.7038999999997, 35.69089999999982], [139.7038999999997, 35.69149999999983], [139.70329999999967, 35.69149999999983], [139.70329999999967, 35.69089999999982]]]}, "properties": {"rsrp_dbm": -129.1, "quality": "very_weak", "band": "n257", "fill": "#ff5252", "fill-opacity": 0.18, "stroke": "#ff5252", "stroke-opacity": 0.3, "stroke-width": 0, "extrude_height": 55.8, "building_height": 55.8}}, {"type": "Feature", "geometry": {"type": "Polygon", "coordinates": [[[139.70389999999966, 35.69089999999982], [139.70449999999968, 35.69089999999982], [139.70449999999968, 35.69149999999983], [139.70389999999966, 35.69149999999983], [139.70389999999966, 35.69089999999982]]]}, "properties": {"rsrp_dbm": -129.8, "quality": "very_weak", "band": "n257", "fill": "#ff5252", "fill-opacity": 0.18, "stroke": "#ff5252", "stroke-opacity": 0.3, "stroke-width": 0, "extrude_height": 55.8, "building_height": 55.8}}, {"type": "Feature", "geometry": {"type": "Polygon", "coordinates": [[[139.71169999999955, 35.69089999999982], [139.71229999999957, 35.69089999999982], [139.71229999999957, 35.69149999999983], [139.71169999999955, 35.69149999999983], [139.71169999999955, 35.69089999999982]]]}, "properties": {"rsrp_dbm": -126.0, "quality": "very_weak", "band": "n257", "fill": "#ff5252", "fill-opacity": 0.18, "stroke": "#ff5252", "stroke-opacity": 0.3, "stroke-width": 0, "extrude_height": 38.4, "building_height": 38.4}}, {"type": "Feature", "geometry": {"type": "Polygon", "coordinates": [[[139.7008999999997, 35.69149999999982], [139.70149999999973, 35.69149999999982], [139.70149999999973, 35.692099999999826], [139.7008999999997, 35.692099999999826], [139.7008999999997, 35.69149999999982]]]}, "properties": {"rsrp_dbm": -128.9, "quality": "very_weak", "band": "n257", "fill": "#ff5252", "fill-opacity": 0.18, "stroke": "#ff5252", "stroke-opacity": 0.3, "stroke-width": 0, "extrude_height": 59.6, "building_height": 59.6}}, {"type": "Feature", "geometry": {"type": "Polygon", "coordinates": [[[139.7014999999997, 35.69149999999982], [139.70209999999972, 35.69149999999982], [139.70209999999972, 35.692099999999826], [139.7014999999997, 35.692099999999826], [139.7014999999997, 35.69149999999982]]]}, "properties": {"rsrp_dbm": -127.6, "quality": "very_weak", "band": "n257", "fill": "#ff5252", "fill-opacity": 0.18, "stroke": "#ff5252", "stroke-opacity": 0.3, "stroke-width": 0, "extrude_height": 59.6, "building_height": 59.6}}, {"type": "Feature", "geometry": {"type": "Polygon", "coordinates": [[[139.7020999999997, 35.69149999999982], [139.7026999999997, 35.69149999999982], [139.7026999999997, 35.692099999999826], [139.7020999999997, 35.692099999999826], [139.7020999999997, 35.69149999999982]]]}, "properties": {"rsrp_dbm": -126.7, "quality": "very_weak", "band": "n257", "fill": "#ff5252", "fill-opacity": 0.18, "stroke": "#ff5252", "stroke-opacity": 0.3, "stroke-width": 0, "extrude_height": 59.6, "building_height": 59.6}}, {"type": "Feature", "geometry": {"type": "Polygon", "coordinates": [[[139.70269999999968, 35.69149999999982], [139.7032999999997, 35.69149999999982], [139.7032999999997, 35.692099999999826], [139.70269999999968, 35.692099999999826], [139.70269999999968, 35.69149999999982]]]}, "properties": {"rsrp_dbm": -126.4, "quality": "very_weak", "band": "n257", "fill": "#ff5252", "fill-opacity": 0.18, "stroke": "#ff5252", "stroke-opacity": 0.3, "stroke-width": 0, "extrude_height": 59.6, "building_height": 59.6}}, {"type": "Feature", "geometry": {"type": "Polygon", "coordinates": [[[139.70329999999967, 35.69149999999982], [139.7038999999997, 35.69149999999982], [139.7038999999997, 35.692099999999826], [139.70329999999967, 35.692099999999826], [139.70329999999967, 35.69149999999982]]]}, "properties": {"rsrp_dbm": -126.7, "quality": "very_weak", "band": "n257", "fill": "#ff5252", "fill-opacity": 0.18, "stroke": "#ff5252", "stroke-opacity": 0.3, "stroke-width": 0, "extrude_height": 55.8, "building_height": 55.8}}, {"type": "Feature", "geometry": {"type": "Polygon", "coordinates": [[[139.70389999999966, 35.69149999999982], [139.70449999999968, 35.69149999999982], [139.70449999999968, 35.692099999999826], [139.70389999999966, 35.692099999999826], [139.70389999999966, 35.69149999999982]]]}, "properties": {"rsrp_dbm": -127.6, "quality": "very_weak", "band": "n257", "fill": "#ff5252", "fill-opacity": 0.18, "stroke": "#ff5252", "stroke-opacity": 0.3, "stroke-width": 0, "extrude_height": 55.8, "building_height": 55.8}}, {"type": "Feature", "geometry": {"type": "Polygon", "coordinates": [[[139.70449999999965, 35.69149999999982], [139.70509999999967, 35.69149999999982], [139.70509999999967, 35.692099999999826], [139.70449999999965, 35.692099999999826], [139.70449999999965, 35.69149999999982]]]}, "properties": {"rsrp_dbm": -128.9, "quality": "very_weak", "band": "n257", "fill": "#ff5252", "fill-opacity": 0.18, "stroke": "#ff5252", "stroke-opacity": 0.3, "stroke-width": 0, "extrude_height": 49.6, "building_height": 49.6}}, {"type": "Feature", "geometry": {"type": "Polygon", "coordinates": [[[139.71049999999957, 35.69149999999982], [139.7110999999996, 35.69149999999982], [139.7110999999996, 35.692099999999826], [139.71049999999957, 35.692099999999826], [139.71049999999957, 35.69149999999982]]]}, "properties": {"rsrp_dbm": -125.6, "quality": "very_weak", "band": "n257", "fill": "#ff5252", "fill-opacity": 0.18, "stroke": "#ff5252", "stroke-opacity": 0.3, "stroke-width": 0, "extrude_height": 32.0, "building_height": 32.0}}, {"type": "Feature", "geometry": {"type": "Polygon", "coordinates": [[[139.71109999999956, 35.69149999999982], [139.71169999999958, 35.69149999999982], [139.71169999999958, 35.692099999999826], [139.71109999999956, 35.692099999999826], [139.71109999999956, 35.69149999999982]]]}, "properties": {"rsrp_dbm": -125.4, "quality": "very_weak", "band": "n257", "fill": "#ff5252", "fill-opacity": 0.18, "stroke": "#ff5252", "stroke-opacity": 0.3, "stroke-width": 0, "extrude_height": 32.0, "building_height": 32.0}}, {"type": "Feature", "geometry": {"type": "Polygon", "coordinates": [[[139.71169999999955, 35.69149999999982], [139.71229999999957, 35.69149999999982], [139.71229999999957, 35.692099999999826], [139.71169999999955, 35.692099999999826], [139.71169999999955, 35.69149999999982]]]}, "properties": {"rsrp_dbm": -125.3, "quality": "very_weak", "band": "n257", "fill": "#ff5252", "fill-opacity": 0.18, "stroke": "#ff5252", "stroke-opacity": 0.3, "stroke-width": 0, "extrude_height": 38.4, "building_height": 38.4}}, {"type": "Feature", "geometry": {"type": "Polygon", "coordinates": [[[139.71229999999954, 35.69149999999982], [139.71289999999956, 35.69149999999982], [139.71289999999956, 35.692099999999826], [139.71229999999954, 35.692099999999826], [139.71229999999954, 35.69149999999982]]]}, "properties": {"rsrp_dbm": -125.2, "quality": "very_weak", "band": "n257", "fill": "#ff5252", "fill-opacity": 0.18, "stroke": "#ff5252", "stroke-opacity": 0.3, "stroke-width": 0, "extrude_height": 38.4, "building_height": 38.4}}, {"type": "Feature", "geometry": {"type": "Polygon", "coordinates": [[[139.71289999999954, 35.69149999999982], [139.71349999999956, 35.69149999999982], [139.71349999999956, 35.692099999999826], [139.71289999999954, 35.692099999999826], [139.71289999999954, 35.69149999999982]]]}, "properties": {"rsrp_dbm": -125.2, "quality": "very_weak", "band": "n257", "fill": "#ff5252", "fill-opacity": 0.18, "stroke": "#ff5252", "stroke-opacity": 0.3, "stroke-width": 0, "extrude_height": 191.0, "building_height": 191.0}}, {"type": "Feature", "geometry": {"type": "Polygon", "coordinates": [[[139.71349999999953, 35.69149999999982], [139.71409999999955, 35.69149999999982], [139.71409999999955, 35.692099999999826], [139.71349999999953, 35.692099999999826], [139.71349999999953, 35.69149999999982]]]}, "properties": {"rsrp_dbm": -125.1, "quality": "very_weak", "band": "n257", "fill": "#ff5252", "fill-opacity": 0.18, "stroke": "#ff5252", "stroke-opacity": 0.3, "stroke-width": 0, "extrude_height": 191.0, "building_height": 191.0}}, {"type": "Feature", "geometry": {"type": "Polygon", "coordinates": [[[139.70029999999971, 35.69209999999982], [139.70089999999973, 35.69209999999982], [139.70089999999973, 35.692699999999824], [139.70029999999971, 35.692699999999824], [139.70029999999971, 35.69209999999982]]]}, "properties": {"rsrp_dbm": -129.1, "quality": "very_weak", "band": "n257", "fill": "#ff5252", "fill-opacity": 0.18, "stroke": "#ff5252", "stroke-opacity": 0.3, "stroke-width": 0, "extrude_height": 59.9, "building_height": 59.9}}, {"type": "Feature", "geometry": {"type": "Polygon", "coordinates": [[[139.7008999999997, 35.69209999999982], [139.70149999999973, 35.69209999999982], [139.70149999999973, 35.692699999999824], [139.7008999999997, 35.692699999999824], [139.7008999999997, 35.69209999999982]]]}, "properties": {"rsrp_dbm": -126.9, "quality": "very_weak", "band": "n257", "fill": "#ff5252", "fill-opacity": 0.18, "stroke": "#ff5252", "stroke-opacity": 0.3, "stroke-width": 0, "extrude_height": 59.9, "building_height": 59.9}}, {"type": "Feature", "geometry": {"type": "Polygon", "coordinates": [[[139.7014999999997, 35.69209999999982], [139.70209999999972, 35.69209999999982], [139.70209999999972, 35.692699999999824], [139.7014999999997, 35.692699999999824], [139.7014999999997, 35.69209999999982]]]}, "properties": {"rsrp_dbm": -125.0, "quality": "very_weak", "band": "n257", "fill": "#ff5252", "fill-opacity": 0.18, "stroke": "#ff5252", "stroke-opacity": 0.3, "stroke-width": 0, "extrude_height": 59.9, "building_height": 59.9}}, {"type": "Feature", "geometry": {"type": "Polygon", "coordinates": [[[139.7020999999997, 35.69209999999982], [139.7026999999997, 35.69209999999982], [139.7026999999997, 35.692699999999824], [139.7020999999997, 35.692699999999824], [139.7020999999997, 35.69209999999982]]]}, "properties": {"rsrp_dbm": -123.8, "quality": "very_weak", "band": "n257", "fill": "#ff5252", "fill-opacity": 0.18, "stroke": "#ff5252", "stroke-opacity": 0.3, "stroke-width": 0, "extrude_height": 59.6, "building_height": 59.6}}, {"type": "Feature", "geometry": {"type": "Polygon", "coordinates": [[[139.70269999999968, 35.69209999999982], [139.7032999999997, 35.69209999999982], [139.7032999999997, 35.692699999999824], [139.70269999999968, 35.692699999999824], [139.70269999999968, 35.69209999999982]]]}, "properties": {"rsrp_dbm": -123.4, "quality": "very_weak", "band": "n257", "fill": "#ff5252", "fill-opacity": 0.18, "stroke": "#ff5252", "stroke-opacity": 0.3, "stroke-width": 0, "extrude_height": 59.6, "building_height": 59.6}}, {"type": "Feature", "geometry": {"type": "Polygon", "coordinates": [[[139.70329999999967, 35.69209999999982], [139.7038999999997, 35.69209999999982], [139.7038999999997, 35.692699999999824], [139.70329999999967, 35.692699999999824], [139.70329999999967, 35.69209999999982]]]}, "properties": {"rsrp_dbm": -123.8, "quality": "very_weak", "band": "n257", "fill": "#ff5252", "fill-opacity": 0.18, "stroke": "#ff5252", "stroke-opacity": 0.3, "stroke-width": 0, "extrude_height": 55.8, "building_height": 55.8}}, {"type": "Feature", "geometry": {"type": "Polygon", "coordinates": [[[139.70389999999966, 35.69209999999982], [139.70449999999968, 35.69209999999982], [139.70449999999968, 35.692699999999824], [139.70389999999966, 35.692699999999824], [139.70389999999966, 35.69209999999982]]]}, "properties": {"rsrp_dbm": -125.0, "quality": "very_weak", "band": "n257", "fill": "#ff5252", "fill-opacity": 0.18, "stroke": "#ff5252", "stroke-opacity": 0.3, "stroke-width": 0, "extrude_height": 55.8, "building_height": 55.8}}, {"type": "Feature", "geometry": {"type": "Polygon", "coordinates": [[[139.70449999999965, 35.69209999999982], [139.70509999999967, 35.69209999999982], [139.70509999999967, 35.692699999999824], [139.70449999999965, 35.692699999999824], [139.70449999999965, 35.69209999999982]]]}, "properties": {"rsrp_dbm": -126.9, "quality": "very_weak", "band": "n257", "fill": "#ff5252", "fill-opacity": 0.18, "stroke": "#ff5252", "stroke-opacity": 0.3, "stroke-width": 0, "extrude_height": 51.5, "building_height": 51.5}}, {"type": "Feature", "geometry": {"type": "Polygon", "coordinates": [[[139.70509999999965, 35.69209999999982], [139.70569999999967, 35.69209999999982], [139.70569999999967, 35.692699999999824], [139.70509999999965, 35.692699999999824], [139.70509999999965, 35.69209999999982]]]}, "properties": {"rsrp_dbm": -129.1, "quality": "very_weak", "band": "n257", "fill": "#ff5252", "fill-opacity": 0.18, "stroke": "#ff5252", "stroke-opacity": 0.3, "stroke-width": 0, "extrude_height": 44.3, "building_height": 44.3}}, {"type": "Feature", "geometry": {"type": "Polygon", "coordinates": [[[139.71169999999955, 35.69209999999982], [139.71229999999957, 35.69209999999982], [139.71229999999957, 35.692699999999824], [139.71169999999955, 35.692699999999824], [139.71169999999955, 35.69209999999982]]]}, "properties": {"rsrp_dbm": -124.5, "quality": "very_weak", "band": "n257", "fill": "#ff5252", "fill-opacity": 0.18, "stroke": "#ff5252", "stroke-opacity": 0.3, "stroke-width": 0, "extrude_height": 35.2, "building_height": 35.2}}, {"type": "Feature", "geometry": {"type": "Polygon", "coordinates": [[[139.71229999999954, 35.69209999999982], [139.71289999999956, 35.69209999999982], [139.71289999999956, 35.692699999999824], [139.71229999999954, 35.692699999999824], [139.71229999999954, 35.69209999999982]]]}, "properties": {"rsrp_dbm": -124.5, "quality": "very_weak", "band": "n257", "fill": "#ff5252", "fill-opacity": 0.18, "stroke": "#ff5252", "stroke-opacity": 0.3, "stroke-width": 0, "extrude_height": 35.2, "building_height": 35.2}}, {"type": "Feature", "geometry": {"type": "Polygon", "coordinates": [[[139.71289999999954, 35.69209999999982], [139.71349999999956, 35.69209999999982], [139.71349999999956, 35.692699999999824], [139.71289999999954, 35.692699999999824], [139.71289999999954, 35.69209999999982]]]}, "properties": {"rsrp_dbm": -124.5, "quality": "very_weak", "band": "n257", "fill": "#ff5252", "fill-opacity": 0.18, "stroke": "#ff5252", "stroke-opacity": 0.3, "stroke-width": 0, "extrude_height": 191.0, "building_height": 191.0}}, {"type": "Feature", "geometry": {"type": "Polygon", "coordinates": [[[139.71349999999953, 35.69209999999982], [139.71409999999955, 35.69209999999982], [139.71409999999955, 35.692699999999824], [139.71349999999953, 35.692699999999824], [139.71349999999953, 35.69209999999982]]]}, "properties": {"rsrp_dbm": -124.5, "quality": "very_weak", "band": "n257", "fill": "#ff5252", "fill-opacity": 0.18, "stroke": "#ff5252", "stroke-opacity": 0.3, "stroke-width": 0, "extrude_height": 191.0, "building_height": 191.0}}, {"type": "Feature", "geometry": {"type": "Polygon", "coordinates": [[[139.71409999999952, 35.69209999999982], [139.71469999999954, 35.69209999999982], [139.71469999999954, 35.692699999999824], [139.71409999999952, 35.692699999999824], [139.71409999999952, 35.69209999999982]]]}, "properties": {"rsrp_dbm": -113.8, "quality": "weak", "band": "n257", "fill": "#ff9800", "fill-opacity": 0.18, "stroke": "#ff9800", "stroke-opacity": 0.3, "stroke-width": 0, "extrude_height": 191.0, "building_height": 191.0}}, {"type": "Feature", "geometry": {"type": "Polygon", "coordinates": [[[139.7146999999995, 35.69209999999982], [139.71529999999953, 35.69209999999982], [139.71529999999953, 35.692699999999824], [139.7146999999995, 35.692699999999824], [139.7146999999995, 35.69209999999982]]]}, "properties": {"rsrp_dbm": -114.5, "quality": "weak", "band": "n257", "fill": "#ff9800", "fill-opacity": 0.18, "stroke": "#ff9800", "stroke-opacity": 0.3, "stroke-width": 0, "extrude_height": 191.0, "building_height": 191.0}}, {"type": "Feature", "geometry": {"type": "Polygon", "coordinates": [[[139.70029999999971, 35.69269999999982], [139.70089999999973, 35.69269999999982], [139.70089999999973, 35.69329999999982], [139.70029999999971, 35.69329999999982], [139.70029999999971, 35.69269999999982]]]}, "properties": {"rsrp_dbm": -127.8, "quality": "very_weak", "band": "n257", "fill": "#ff5252", "fill-opacity": 0.18, "stroke": "#ff5252", "stroke-opacity": 0.3, "stroke-width": 0, "extrude_height": 59.9, "building_height": 59.9}}, {"type": "Feature", "geometry": {"type": "Polygon", "coordinates": [[[139.7008999999997, 35.69269999999982], [139.70149999999973, 35.69269999999982], [139.70149999999973, 35.69329999999982], [139.7008999999997, 35.69329999999982], [139.7008999999997, 35.69269999999982]]]}, "properties": {"rsrp_dbm": -124.8, "quality": "very_weak", "band": "n257", "fill": "#ff5252", "fill-opacity": 0.18, "stroke": "#ff5252", "stroke-opacity": 0.3, "stroke-width": 0, "extrude_height": 59.9, "building_height": 59.9}}, {"type": "Feature", "geometry": {"type": "Polygon", "coordinates": [[[139.7014999999997, 35.69269999999982], [139.70209999999972, 35.69269999999982], [139.70209999999972, 35.69329999999982], [139.7014999999997, 35.69329999999982], [139.7014999999997, 35.69269999999982]]]}, "properties": {"rsrp_dbm": -122.2, "quality": "very_weak", "band": "n257", "fill": "#ff5252", "fill-opacity": 0.18, "stroke": "#ff5252", "stroke-opacity": 0.3, "stroke-width": 0, "extrude_height": 59.9, "building_height": 59.9}}, {"type": "Feature", "geometry": {"type": "Polygon", "coordinates": [[[139.7020999999997, 35.69269999999982], [139.7026999999997, 35.69269999999982], [139.7026999999997, 35.69329999999982], [139.7020999999997, 35.69329999999982], [139.7020999999997, 35.69269999999982]]]}, "properties": {"rsrp_dbm": -120.4, "quality": "very_weak", "band": "n257", "fill": "#ff5252", "fill-opacity": 0.18, "stroke": "#ff5252", "stroke-opacity": 0.3, "stroke-width": 0, "extrude_height": 59.6, "building_height": 59.6}}, {"type": "Feature", "geometry": {"type": "Polygon", "coordinates": [[[139.70269999999968, 35.69269999999982], [139.7032999999997, 35.69269999999982], [139.7032999999997, 35.69329999999982], [139.70269999999968, 35.69329999999982], [139.70269999999968, 35.69269999999982]]]}, "properties": {"rsrp_dbm": -119.7, "quality": "very_weak", "band": "n257", "fill": "#ff5252", "fill-opacity": 0.18, "stroke": "#ff5252", "stroke-opacity": 0.3, "stroke-width": 0, "extrude_height": 59.6, "building_height": 59.6}}, {"type": "Feature", "geometry": {"type": "Polygon", "coordinates": [[[139.70329999999967, 35.69269999999982], [139.7038999999997, 35.69269999999982], [139.7038999999997, 35.69329999999982], [139.70329999999967, 35.69329999999982], [139.70329999999967, 35.69269999999982]]]}, "properties": {"rsrp_dbm": -120.4, "quality": "very_weak", "band": "n257", "fill": "#ff5252", "fill-opacity": 0.18, "stroke": "#ff5252", "stroke-opacity": 0.3, "stroke-width": 0, "extrude_height": 55.8, "building_height": 55.8}}, {"type": "Feature", "geometry": {"type": "Polygon", "coordinates": [[[139.70389999999966, 35.69269999999982], [139.70449999999968, 35.69269999999982], [139.70449999999968, 35.69329999999982], [139.70389999999966, 35.69329999999982], [139.70389999999966, 35.69269999999982]]]}, "properties": {"rsrp_dbm": -122.2, "quality": "very_weak", "band": "n257", "fill": "#ff5252", "fill-opacity": 0.18, "stroke": "#ff5252", "stroke-opacity": 0.3, "stroke-width": 0, "extrude_height": 55.8, "building_height": 55.8}}, {"type": "Feature", "geometry": {"type": "Polygon", "coordinates": [[[139.70449999999965, 35.69269999999982], [139.70509999999967, 35.69269999999982], [139.70509999999967, 35.69329999999982], [139.70449999999965, 35.69329999999982], [139.70449999999965, 35.69269999999982]]]}, "properties": {"rsrp_dbm": -124.8, "quality": "very_weak", "band": "n257", "fill": "#ff5252", "fill-opacity": 0.18, "stroke": "#ff5252", "stroke-opacity": 0.3, "stroke-width": 0, "extrude_height": 51.5, "building_height": 51.5}}, {"type": "Feature", "geometry": {"type": "Polygon", "coordinates": [[[139.70509999999965, 35.69269999999982], [139.70569999999967, 35.69269999999982], [139.70569999999967, 35.69329999999982], [139.70509999999965, 35.69329999999982], [139.70509999999965, 35.69269999999982]]]}, "properties": {"rsrp_dbm": -127.8, "quality": "very_weak", "band": "n257", "fill": "#ff5252", "fill-opacity": 0.18, "stroke": "#ff5252", "stroke-opacity": 0.3, "stroke-width": 0, "extrude_height": 44.3, "building_height": 44.3}}, {"type": "Feature", "geometry": {"type": "Polygon", "coordinates": [[[139.71289999999954, 35.69269999999982], [139.71349999999956, 35.69269999999982], [139.71349999999956, 35.69329999999982], [139.71289999999954, 35.69329999999982], [139.71289999999954, 35.69269999999982]]]}, "properties": {"rsrp_dbm": -111.6, "quality": "weak", "band": "n257", "fill": "#ff9800", "fill-opacity": 0.18, "stroke": "#ff9800", "stroke-opacity": 0.3, "stroke-width": 0, "extrude_height": 191.0, "building_height": 191.0}}, {"type": "Feature", "geometry": {"type": "Polygon", "coordinates": [[[139.71349999999953, 35.69269999999982], [139.71409999999955, 35.69269999999982], [139.71409999999955, 35.69329999999982], [139.71349999999953, 35.69329999999982], [139.71349999999953, 35.69269999999982]]]}, "properties": {"rsrp_dbm": -112.4, "quality": "weak", "band": "n257", "fill": "#ff9800", "fill-opacity": 0.18, "stroke": "#ff9800", "stroke-opacity": 0.3, "stroke-width": 0, "extrude_height": 191.0, "building_height": 191.0}}, {"type": "Feature", "geometry": {"type": "Polygon", "coordinates": [[[139.71409999999952, 35.69269999999982], [139.71469999999954, 35.69269999999982], [139.71469999999954, 35.69329999999982], [139.71409999999952, 35.69329999999982], [139.71409999999952, 35.69269999999982]]]}, "properties": {"rsrp_dbm": -113.2, "quality": "weak", "band": "n257", "fill": "#ff9800", "fill-opacity": 0.18, "stroke": "#ff9800", "stroke-opacity": 0.3, "stroke-width": 0, "extrude_height": 191.0, "building_height": 191.0}}, {"type": "Feature", "geometry": {"type": "Polygon", "coordinates": [[[139.7146999999995, 35.69269999999982], [139.71529999999953, 35.69269999999982], [139.71529999999953, 35.69329999999982], [139.7146999999995, 35.69329999999982], [139.7146999999995, 35.69269999999982]]]}, "properties": {"rsrp_dbm": -113.9, "quality": "weak", "band": "n257", "fill": "#ff9800", "fill-opacity": 0.18, "stroke": "#ff9800", "stroke-opacity": 0.3, "stroke-width": 0, "extrude_height": 191.0, "building_height": 191.0}}, {"type": "Feature", "geometry": {"type": "Polygon", "coordinates": [[[139.69849999999974, 35.693299999999816], [139.69909999999976, 35.693299999999816], [139.69909999999976, 35.69389999999982], [139.69849999999974, 35.69389999999982], [139.69849999999974, 35.693299999999816]]]}, "properties": {"rsrp_dbm": -129.7, "quality": "very_weak", "band": "n257", "fill": "#ff5252", "fill-opacity": 0.18, "stroke": "#ff5252", "stroke-opacity": 0.3, "stroke-width": 0, "extrude_height": 38.5, "building_height": 38.5}}, {"type": "Feature", "geometry": {"type": "Polygon", "coordinates": [[[139.69909999999973, 35.693299999999816], [139.69969999999975, 35.693299999999816], [139.69969999999975, 35.69389999999982], [139.69909999999973, 35.69389999999982], [139.69909999999973, 35.693299999999816]]]}, "properties": {"rsrp_dbm": -128.5, "quality": "very_weak", "band": "n257", "fill": "#ff5252", "fill-opacity": 0.18, "stroke": "#ff5252", "stroke-opacity": 0.3, "stroke-width": 0, "extrude_height": 38.5, "building_height": 38.5}}, {"type": "Feature", "geometry": {"type": "Polygon", "coordinates": [[[139.69969999999972, 35.693299999999816], [139.70029999999974, 35.693299999999816], [139.70029999999974, 35.69389999999982], [139.69969999999972, 35.69389999999982], [139.69969999999972, 35.693299999999816]]]}, "properties": {"rsrp_dbm": -116.9, "quality": "very_weak", "band": "n257", "fill": "#ff5252", "fill-opacity": 0.18, "stroke": "#ff5252", "stroke-opacity": 0.3, "stroke-width": 0, "extrude_height": 59.9, "building_height": 59.9}}, {"type": "Feature", "geometry": {"type": "Polygon", "coordinates": [[[139.70029999999971, 35.693299999999816], [139.70089999999973, 35.693299999999816], [139.70089999999973, 35.69389999999982], [139.70029999999971, 35.69389999999982], [139.70029999999971, 35.693299999999816]]]}, "properties": {"rsrp_dbm": -126.7, "quality": "very_weak", "band": "n257", "fill": "#ff5252", "fill-opacity": 0.18, "stroke": "#ff5252", "stroke-opacity": 0.3, "stroke-width": 0, "extrude_height": 59.9, "building_height": 59.9}}, {"type": "Feature", "geometry": {"type": "Polygon", "coordinates": [[[139.7008999999997, 35.693299999999816], [139.70149999999973, 35.693299999999816], [139.70149999999973, 35.69389999999982], [139.7008999999997, 35.69389999999982], [139.7008999999997, 35.693299999999816]]]}, "properties": {"rsrp_dbm": -123.0, "quality": "very_weak", "band": "n257", "fill": "#ff5252", "fill-opacity": 0.18, "stroke": "#ff5252", "stroke-opacity": 0.3, "stroke-width": 0, "extrude_height": 59.9, "building_height": 59.9}}, {"type": "Feature", "geometry": {"type": "Polygon", "coordinates": [[[139.7014999999997, 35.693299999999816], [139.70209999999972, 35.693299999999816], [139.70209999999972, 35.69389999999982], [139.7014999999997, 35.69389999999982], [139.7014999999997, 35.693299999999816]]]}, "properties": {"rsrp_dbm": -119.1, "quality": "very_weak", "band": "n257", "fill": "#ff5252", "fill-opacity": 0.18, "stroke": "#ff5252", "stroke-opacity": 0.3, "stroke-width": 0, "extrude_height": 59.9, "building_height": 59.9}}, {"type": "Feature", "geometry": {"type": "Polygon", "coordinates": [[[139.7020999999997, 35.693299999999816], [139.7026999999997, 35.693299999999816], [139.7026999999997, 35.69389999999982], [139.7020999999997, 35.69389999999982], [139.7020999999997, 35.693299999999816]]]}, "properties": {"rsrp_dbm": -116.2, "quality": "very_weak", "band": "n257", "fill": "#ff5252", "fill-opacity": 0.18, "stroke": "#ff5252", "stroke-opacity": 0.3, "stroke-width": 0, "extrude_height": 59.6, "building_height": 59.6}}, {"type": "Feature", "geometry": {"type": "Polygon", "coordinates": [[[139.70269999999968, 35.693299999999816], [139.7032999999997, 35.693299999999816], [139.7032999999997, 35.69389999999982], [139.70269999999968, 35.69389999999982], [139.70269999999968, 35.693299999999816]]]}, "properties": {"rsrp_dbm": -115.1, "quality": "very_weak", "band": "n257", "fill": "#ff5252", "fill-opacity": 0.18, "stroke": "#ff5252", "stroke-opacity": 0.3, "stroke-width": 0, "extrude_height": 59.6, "building_height": 59.6}}, {"type": "Feature", "geometry": {"type": "Polygon", "coordinates": [[[139.70329999999967, 35.693299999999816], [139.7038999999997, 35.693299999999816], [139.7038999999997, 35.69389999999982], [139.70329999999967, 35.69389999999982], [139.70329999999967, 35.693299999999816]]]}, "properties": {"rsrp_dbm": -116.2, "quality": "very_weak", "band": "n257", "fill": "#ff5252", "fill-opacity": 0.18, "stroke": "#ff5252", "stroke-opacity": 0.3, "stroke-width": 0, "extrude_height": 52.1, "building_height": 52.1}}, {"type": "Feature", "geometry": {"type": "Polygon", "coordinates": [[[139.70389999999966, 35.693299999999816], [139.70449999999968, 35.693299999999816], [139.70449999999968, 35.69389999999982], [139.70389999999966, 35.69389999999982], [139.70389999999966, 35.693299999999816]]]}, "properties": {"rsrp_dbm": -119.1, "quality": "very_weak", "band": "n257", "fill": "#ff5252", "fill-opacity": 0.18, "stroke": "#ff5252", "stroke-opacity": 0.3, "stroke-width": 0, "extrude_height": 51.5, "building_height": 51.5}}, {"type": "Feature", "geometry": {"type": "Polygon", "coordinates": [[[139.70449999999965, 35.693299999999816], [139.70509999999967, 35.693299999999816], [139.70509999999967, 35.69389999999982], [139.70449999999965, 35.69389999999982], [139.70449999999965, 35.693299999999816]]]}, "properties": {"rsrp_dbm": -123.0, "quality": "very_weak", "band": "n257", "fill": "#ff5252", "fill-opacity": 0.18, "stroke": "#ff5252", "stroke-opacity": 0.3, "stroke-width": 0, "extrude_height": 51.5, "building_height": 51.5}}, {"type": "Feature", "geometry": {"type": "Polygon", "coordinates": [[[139.70509999999965, 35.693299999999816], [139.70569999999967, 35.693299999999816], [139.70569999999967, 35.69389999999982], [139.70509999999965, 35.69389999999982], [139.70509999999965, 35.693299999999816]]]}, "properties": {"rsrp_dbm": -126.7, "quality": "very_weak", "band": "n257", "fill": "#ff5252", "fill-opacity": 0.18, "stroke": "#ff5252", "stroke-opacity": 0.3, "stroke-width": 0, "extrude_height": 41.6, "building_height": 41.6}}, {"type": "Feature", "geometry": {"type": "Polygon", "coordinates": [[[139.69789999999975, 35.693899999999815], [139.69849999999977, 35.693899999999815], [139.69849999999977, 35.69449999999982], [139.69789999999975, 35.69449999999982], [139.69789999999975, 35.693899999999815]]]}, "properties": {"rsrp_dbm": -129.1, "quality": "very_weak", "band": "n257", "fill": "#ff5252", "fill-opacity": 0.18, "stroke": "#ff5252", "stroke-opacity": 0.3, "stroke-width": 0, "extrude_height": 32.0, "building_height": 32.0}}, {"type": "Feature", "geometry": {"type": "Polygon", "coordinates": [[[139.69849999999974, 35.693899999999815], [139.69909999999976, 35.693899999999815], [139.69909999999976, 35.69449999999982], [139.69849999999974, 35.69449999999982], [139.69849999999974, 35.693899999999815]]]}, "properties": {"rsrp_dbm": -127.4, "quality": "very_weak", "band": "n257", "fill": "#ff5252", "fill-opacity": 0.18, "stroke": "#ff5252", "stroke-opacity": 0.3, "stroke-width": 0, "extrude_height": 32.0, "building_height": 32.0}}, {"type": "Feature", "geometry": {"type": "Polygon", "coordinates": [[[139.69909999999973, 35.693899999999815], [139.69969999999975, 35.693899999999815], [139.69969999999975, 35.69449999999982], [139.69909999999973, 35.69449999999982], [139.69909999999973, 35.693899999999815]]]}, "properties": {"rsrp_dbm": -122.0, "quality": "very_weak", "band": "n257", "fill": "#ff5252", "fill-opacity": 0.18, "stroke": "#ff5252", "stroke-opacity": 0.3, "stroke-width": 0, "extrude_height": 35.2, "building_height": 35.2}}, {"type": "Feature", "geometry": {"type": "Polygon", "coordinates": [[[139.69969999999972, 35.693899999999815], [139.70029999999974, 35.693899999999815], [139.70029999999974, 35.69449999999982], [139.69969999999972, 35.69449999999982], [139.69969999999972, 35.693899999999815]]]}, "properties": {"rsrp_dbm": -122.1, "quality": "very_weak", "band": "n257", "fill": "#ff5252", "fill-opacity": 0.18, "stroke": "#ff5252", "stroke-opacity": 0.3, "stroke-width": 0, "extrude_height": 59.9, "building_height": 59.9}}, {"type": "Feature", "geometry": {"type": "Polygon", "coordinates": [[[139.70029999999971, 35.693899999999815], [139.70089999999973, 35.693899999999815], [139.70089999999973, 35.69449999999982], [139.70029999999971, 35.69449999999982], [139.70029999999971, 35.693899999999815]]]}, "properties": {"rsrp_dbm": -115.8, "quality": "very_weak", "band": "n257", "fill": "#ff5252", "fill-opacity": 0.18, "stroke": "#ff5252", "stroke-opacity": 0.3, "stroke-width": 0, "extrude_height": 59.9, "building_height": 59.9}}, {"type": "Feature", "geometry": {"type": "Polygon", "coordinates": [[[139.7008999999997, 35.693899999999815], [139.70149999999973, 35.693899999999815], [139.70149999999973, 35.69449999999982], [139.7008999999997, 35.69449999999982], [139.7008999999997, 35.693899999999815]]]}, "properties": {"rsrp_dbm": -116.2, "quality": "very_weak", "band": "n257", "fill": "#ff5252", "fill-opacity": 0.18, "stroke": "#ff5252", "stroke-opacity": 0.3, "stroke-width": 0, "extrude_height": 59.9, "building_height": 59.9}}, {"type": "Feature", "geometry": {"type": "Polygon", "coordinates": [[[139.7014999999997, 35.693899999999815], [139.70209999999972, 35.693899999999815], [139.70209999999972, 35.69449999999982], [139.7014999999997, 35.69449999999982], [139.7014999999997, 35.693899999999815]]]}, "properties": {"rsrp_dbm": -116.3, "quality": "very_weak", "band": "n257", "fill": "#ff5252", "fill-opacity": 0.18, "stroke": "#ff5252", "stroke-opacity": 0.3, "stroke-width": 0, "extrude_height": 59.9, "building_height": 59.9}}, {"type": "Feature", "geometry": {"type": "Polygon", "coordinates": [[[139.7020999999997, 35.693899999999815], [139.7026999999997, 35.693899999999815], [139.7026999999997, 35.69449999999982], [139.7020999999997, 35.69449999999982], [139.7020999999997, 35.693899999999815]]]}, "properties": {"rsrp_dbm": -107.0, "quality": "weak", "band": "n257", "fill": "#ff9800", "fill-opacity": 0.18, "stroke": "#ff9800", "stroke-opacity": 0.3, "stroke-width": 0, "extrude_height": 52.7, "building_height": 52.7}}, {"type": "Feature", "geometry": {"type": "Polygon", "coordinates": [[[139.70269999999968, 35.693899999999815], [139.7032999999997, 35.693899999999815], [139.7032999999997, 35.69449999999982], [139.70269999999968, 35.69449999999982], [139.70269999999968, 35.693899999999815]]]}, "properties": {"rsrp_dbm": -78.6, "quality": "good", "band": "n257", "fill": "#66bb6a", "fill-opacity": 0.18, "stroke": "#66bb6a", "stroke-opacity": 0.3, "stroke-width": 0, "extrude_height": 52.7, "building_height": 52.7}}, {"type": "Feature", "geometry": {"type": "Polygon", "coordinates": [[[139.70329999999967, 35.693899999999815], [139.7038999999997, 35.693899999999815], [139.7038999999997, 35.69449999999982], [139.70329999999967, 35.69449999999982], [139.70329999999967, 35.693899999999815]]]}, "properties": {"rsrp_dbm": -110.9, "quality": "weak", "band": "n257", "fill": "#ff9800", "fill-opacity": 0.18, "stroke": "#ff9800", "stroke-opacity": 0.3, "stroke-width": 0, "extrude_height": 52.1, "building_height": 52.1}}, {"type": "Feature", "geometry": {"type": "Polygon", "coordinates": [[[139.70389999999966, 35.693899999999815], [139.70449999999968, 35.693899999999815], [139.70449999999968, 35.69449999999982], [139.70389999999966, 35.69449999999982], [139.70389999999966, 35.693899999999815]]]}, "properties": {"rsrp_dbm": -116.3, "quality": "very_weak", "band": "n257", "fill": "#ff5252", "fill-opacity": 0.18, "stroke": "#ff5252", "stroke-opacity": 0.3, "stroke-width": 0, "extrude_height": 51.5, "building_height": 51.5}}, {"type": "Feature", "geometry": {"type": "Polygon", "coordinates": [[[139.70449999999965, 35.693899999999815], [139.70509999999967, 35.693899999999815], [139.70509999999967, 35.69449999999982], [139.70449999999965, 35.69449999999982], [139.70449999999965, 35.693899999999815]]]}, "properties": {"rsrp_dbm": -120.5, "quality": "very_weak", "band": "n257", "fill": "#ff5252", "fill-opacity": 0.18, "stroke": "#ff5252", "stroke-opacity": 0.3, "stroke-width": 0, "extrude_height": 51.5, "building_height": 51.5}}, {"type": "Feature", "geometry": {"type": "Polygon", "coordinates": [[[139.70509999999965, 35.693899999999815], [139.70569999999967, 35.693899999999815], [139.70569999999967, 35.69449999999982], [139.70509999999965, 35.69449999999982], [139.70509999999965, 35.693899999999815]]]}, "properties": {"rsrp_dbm": -121.8, "quality": "very_weak", "band": "n257", "fill": "#ff5252", "fill-opacity": 0.18, "stroke": "#ff5252", "stroke-opacity": 0.3, "stroke-width": 0, "extrude_height": 41.6, "building_height": 41.6}}, {"type": "Feature", "geometry": {"type": "Polygon", "coordinates": [[[139.70629999999963, 35.693899999999815], [139.70689999999965, 35.693899999999815], [139.70689999999965, 35.69449999999982], [139.70629999999963, 35.69449999999982], [139.70629999999963, 35.693899999999815]]]}, "properties": {"rsrp_dbm": -122.0, "quality": "very_weak", "band": "n257", "fill": "#ff5252", "fill-opacity": 0.18, "stroke": "#ff5252", "stroke-opacity": 0.3, "stroke-width": 0, "extrude_height": 22.4, "building_height": 22.4}}, {"type": "Feature", "geometry": {"type": "Polygon", "coordinates": [[[139.70689999999962, 35.693899999999815], [139.70749999999964, 35.693899999999815], [139.70749999999964, 35.69449999999982], [139.70689999999962, 35.69449999999982], [139.70689999999962, 35.693899999999815]]]}, "properties": {"rsrp_dbm": -121.9, "quality": "very_weak", "band": "n257", "fill": "#ff5252", "fill-opacity": 0.18, "stroke": "#ff5252", "stroke-opacity": 0.3, "stroke-width": 0, "extrude_height": 22.4, "building_height": 22.4}}, {"type": "Feature", "geometry": {"type": "Polygon", "coordinates": [[[139.7074999999996, 35.693899999999815], [139.70809999999963, 35.693899999999815], [139.70809999999963, 35.69449999999982], [139.7074999999996, 35.69449999999982], [139.7074999999996, 35.693899999999815]]]}, "properties": {"rsrp_dbm": -99.1, "quality": "moderate", "band": "n257", "fill": "#ffca28", "fill-opacity": 0.18, "stroke": "#ffca28", "stroke-opacity": 0.3, "stroke-width": 0, "extrude_height": 22.4, "building_height": 22.4}}, {"type": "Feature", "geometry": {"type": "Polygon", "coordinates": [[[139.7080999999996, 35.693899999999815], [139.70869999999962, 35.693899999999815], [139.70869999999962, 35.69449999999982], [139.7080999999996, 35.69449999999982], [139.7080999999996, 35.693899999999815]]]}, "properties": {"rsrp_dbm": -100.7, "quality": "moderate", "band": "n257", "fill": "#ffca28", "fill-opacity": 0.18, "stroke": "#ffca28", "stroke-opacity": 0.3, "stroke-width": 0, "extrude_height": 22.4, "building_height": 22.4}}, {"type": "Feature", "geometry": {"type": "Polygon", "coordinates": [[[139.69729999999976, 35.69449999999981], [139.69789999999978, 35.69449999999981], [139.69789999999978, 35.69509999999982], [139.69729999999976, 35.69509999999982], [139.69729999999976, 35.69449999999981]]]}, "properties": {"rsrp_dbm": -129.7, "quality": "very_weak", "band": "n257", "fill": "#ff5252", "fill-opacity": 0.18, "stroke": "#ff5252", "stroke-opacity": 0.3, "stroke-width": 0, "extrude_height": 32.0, "building_height": 32.0}}, {"type": "Feature", "geometry": {"type": "Polygon", "coordinates": [[[139.69789999999975, 35.69449999999981], [139.69849999999977, 35.69449999999981], [139.69849999999977, 35.69509999999982], [139.69789999999975, 35.69509999999982], [139.69789999999975, 35.69449999999981]]]}, "properties": {"rsrp_dbm": -127.8, "quality": "very_weak", "band": "n257", "fill": "#ff5252", "fill-opacity": 0.18, "stroke": "#ff5252", "stroke-opacity": 0.3, "stroke-width": 0, "extrude_height": 32.0, "building_height": 32.0}}, {"type": "Feature", "geometry": {"type": "Polygon", "coordinates": [[[139.69849999999974, 35.69449999999981], [139.69909999999976, 35.69449999999981], [139.69909999999976, 35.69509999999982], [139.69849999999974, 35.69509999999982], [139.69849999999974, 35.69449999999981]]]}, "properties": {"rsrp_dbm": -125.7, "quality": "very_weak", "band": "n257", "fill": "#ff5252", "fill-opacity": 0.18, "stroke": "#ff5252", "stroke-opacity": 0.3, "stroke-width": 0, "extrude_height": 32.0, "building_height": 32.0}}, {"type": "Feature", "geometry": {"type": "Polygon", "coordinates": [[[139.69909999999973, 35.69449999999981], [139.69969999999975, 35.69449999999981], [139.69969999999975, 35.69509999999982], [139.69909999999973, 35.69509999999982], [139.69909999999973, 35.69449999999981]]]}, "properties": {"rsrp_dbm": -122.2, "quality": "very_weak", "band": "n257", "fill": "#ff5252", "fill-opacity": 0.18, "stroke": "#ff5252", "stroke-opacity": 0.3, "stroke-width": 0, "extrude_height": 32.0, "building_height": 32.0}}, {"type": "Feature", "geometry": {"type": "Polygon", "coordinates": [[[139.69969999999972, 35.69449999999981], [139.70029999999974, 35.69449999999981], [139.70029999999974, 35.69509999999982], [139.69969999999972, 35.69509999999982], [139.69969999999972, 35.69449999999981]]]}, "properties": {"rsrp_dbm": -120.7, "quality": "very_weak", "band": "n257", "fill": "#ff5252", "fill-opacity": 0.18, "stroke": "#ff5252", "stroke-opacity": 0.3, "stroke-width": 0, "extrude_height": 225.0, "building_height": 225.0}}, {"type": "Feature", "geometry": {"type": "Polygon", "coordinates": [[[139.70029999999971, 35.69449999999981], [139.70089999999973, 35.69449999999981], [139.70089999999973, 35.69509999999982], [139.70029999999971, 35.69509999999982], [139.70029999999971, 35.69449999999981]]]}, "properties": {"rsrp_dbm": -117.6, "quality": "very_weak", "band": "n257", "fill": "#ff5252", "fill-opacity": 0.18, "stroke": "#ff5252", "stroke-opacity": 0.3, "stroke-width": 0, "extrude_height": 225.0, "building_height": 225.0}}, {"type": "Feature", "geometry": {"type": "Polygon", "coordinates": [[[139.7008999999997, 35.69449999999981], [139.70149999999973, 35.69449999999981], [139.70149999999973, 35.69509999999982], [139.7008999999997, 35.69509999999982], [139.7008999999997, 35.69449999999981]]]}, "properties": {"rsrp_dbm": -114.2, "quality": "weak", "band": "n257", "fill": "#ff9800", "fill-opacity": 0.18, "stroke": "#ff9800", "stroke-opacity": 0.3, "stroke-width": 0, "extrude_height": 225.0, "building_height": 225.0}}, {"type": "Feature", "geometry": {"type": "Polygon", "coordinates": [[[139.7014999999997, 35.69449999999981], [139.70209999999972, 35.69449999999981], [139.70209999999972, 35.69509999999982], [139.7014999999997, 35.69509999999982], [139.7014999999997, 35.69449999999981]]]}, "properties": {"rsrp_dbm": -110.9, "quality": "weak", "band": "n257", "fill": "#ff9800", "fill-opacity": 0.18, "stroke": "#ff9800", "stroke-opacity": 0.3, "stroke-width": 0, "extrude_height": 225.0, "building_height": 225.0}}, {"type": "Feature", "geometry": {"type": "Polygon", "coordinates": [[[139.7020999999997, 35.69449999999981], [139.7026999999997, 35.69449999999981], [139.7026999999997, 35.69509999999982], [139.7020999999997, 35.69509999999982], [139.7020999999997, 35.69449999999981]]]}, "properties": {"rsrp_dbm": -104.9, "quality": "moderate", "band": "n257", "fill": "#ffca28", "fill-opacity": 0.18, "stroke": "#ffca28", "stroke-opacity": 0.3, "stroke-width": 0, "extrude_height": 90.5, "building_height": 90.5}}, {"type": "Feature", "geometry": {"type": "Polygon", "coordinates": [[[139.70269999999968, 35.69449999999981], [139.7032999999997, 35.69449999999981], [139.7032999999997, 35.69509999999982], [139.70269999999968, 35.69509999999982], [139.70269999999968, 35.69449999999981]]]}, "properties": {"rsrp_dbm": -68.1, "quality": "strong", "band": "n257", "fill": "#00e676", "fill-opacity": 0.18, "stroke": "#00e676", "stroke-opacity": 0.3, "stroke-width": 0, "extrude_height": 52.7, "building_height": 52.7}}, {"type": "Feature", "geometry": {"type": "Polygon", "coordinates": [[[139.70329999999967, 35.69449999999981], [139.7038999999997, 35.69449999999981], [139.7038999999997, 35.69509999999982], [139.70329999999967, 35.69509999999982], [139.70329999999967, 35.69449999999981]]]}, "properties": {"rsrp_dbm": -74.9, "quality": "strong", "band": "n257", "fill": "#00e676", "fill-opacity": 0.18, "stroke": "#00e676", "stroke-opacity": 0.3, "stroke-width": 0, "extrude_height": 52.1, "building_height": 52.1}}, {"type": "Feature", "geometry": {"type": "Polygon", "coordinates": [[[139.70389999999966, 35.69449999999981], [139.70449999999968, 35.69449999999981], [139.70449999999968, 35.69509999999982], [139.70389999999966, 35.69509999999982], [139.70389999999966, 35.69449999999981]]]}, "properties": {"rsrp_dbm": -80.9, "quality": "good", "band": "n257", "fill": "#66bb6a", "fill-opacity": 0.18, "stroke": "#66bb6a", "stroke-opacity": 0.3, "stroke-width": 0, "extrude_height": 44.7, "building_height": 44.7}}, {"type": "Feature", "geometry": {"type": "Polygon", "coordinates": [[[139.70449999999965, 35.69449999999981], [139.70509999999967, 35.69449999999981], [139.70509999999967, 35.69509999999982], [139.70449999999965, 35.69509999999982], [139.70449999999965, 35.69449999999981]]]}, "properties": {"rsrp_dbm": -114.2, "quality": "weak", "band": "n257", "fill": "#ff9800", "fill-opacity": 0.18, "stroke": "#ff9800", "stroke-opacity": 0.3, "stroke-width": 0, "extrude_height": 41.6, "building_height": 41.6}}, {"type": "Feature", "geometry": {"type": "Polygon", "coordinates": [[[139.70509999999965, 35.69449999999981], [139.70569999999967, 35.69449999999981], [139.70569999999967, 35.69509999999982], [139.70509999999965, 35.69509999999982], [139.70509999999965, 35.69449999999981]]]}, "properties": {"rsrp_dbm": -117.6, "quality": "very_weak", "band": "n257", "fill": "#ff5252", "fill-opacity": 0.18, "stroke": "#ff5252", "stroke-opacity": 0.3, "stroke-width": 0, "extrude_height": 41.6, "building_height": 41.6}}, {"type": "Feature", "geometry": {"type": "Polygon", "coordinates": [[[139.70629999999963, 35.69449999999981], [139.70689999999965, 35.69449999999981], [139.70689999999965, 35.69509999999982], [139.70629999999963, 35.69509999999982], [139.70629999999963, 35.69449999999981]]]}, "properties": {"rsrp_dbm": -109.6, "quality": "weak", "band": "n257", "fill": "#ff9800", "fill-opacity": 0.18, "stroke": "#ff9800", "stroke-opacity": 0.3, "stroke-width": 0, "extrude_height": 38.4, "building_height": 38.4}}, {"type": "Feature", "geometry": {"type": "Polygon", "coordinates": [[[139.70689999999962, 35.69449999999981], [139.70749999999964, 35.69449999999981], [139.70749999999964, 35.69509999999982], [139.70689999999962, 35.69509999999982], [139.70689999999962, 35.69449999999981]]]}, "properties": {"rsrp_dbm": -125.7, "quality": "very_weak", "band": "n257", "fill": "#ff5252", "fill-opacity": 0.18, "stroke": "#ff5252", "stroke-opacity": 0.3, "stroke-width": 0, "extrude_height": 102.4, "building_height": 102.4}}, {"type": "Feature", "geometry": {"type": "Polygon", "coordinates": [[[139.7074999999996, 35.69449999999981], [139.70809999999963, 35.69449999999981], [139.70809999999963, 35.69509999999982], [139.7074999999996, 35.69509999999982], [139.7074999999996, 35.69449999999981]]]}, "properties": {"rsrp_dbm": -127.8, "quality": "very_weak", "band": "n257", "fill": "#ff5252", "fill-opacity": 0.18, "stroke": "#ff5252", "stroke-opacity": 0.3, "stroke-width": 0, "extrude_height": 102.4, "building_height": 102.4}}, {"type": "Feature", "geometry": {"type": "Polygon", "coordinates": [[[139.7080999999996, 35.69449999999981], [139.70869999999962, 35.69449999999981], [139.70869999999962, 35.69509999999982], [139.7080999999996, 35.69509999999982], [139.7080999999996, 35.69449999999981]]]}, "properties": {"rsrp_dbm": -129.7, "quality": "very_weak", "band": "n257", "fill": "#ff5252", "fill-opacity": 0.18, "stroke": "#ff5252", "stroke-opacity": 0.3, "stroke-width": 0, "extrude_height": 102.4, "building_height": 102.4}}, {"type": "Feature", "geometry": {"type": "Polygon", "coordinates": [[[139.7086999999996, 35.69449999999981], [139.70929999999962, 35.69449999999981], [139.70929999999962, 35.69509999999982], [139.7086999999996, 35.69509999999982], [139.7086999999996, 35.69449999999981]]]}, "properties": {"rsrp_dbm": -129.8, "quality": "very_weak", "band": "n257", "fill": "#ff5252", "fill-opacity": 0.18, "stroke": "#ff5252", "stroke-opacity": 0.3, "stroke-width": 0, "extrude_height": 102.4, "building_height": 102.4}}, {"type": "Feature", "geometry": {"type": "Polygon", "coordinates": [[[139.69729999999976, 35.69509999999981], [139.69789999999978, 35.69509999999981], [139.69789999999978, 35.69569999999982], [139.69729999999976, 35.69569999999982], [139.69729999999976, 35.69509999999981]]]}, "properties": {"rsrp_dbm": -129.3, "quality": "very_weak", "band": "n257", "fill": "#ff5252", "fill-opacity": 0.18, "stroke": "#ff5252", "stroke-opacity": 0.3, "stroke-width": 0, "extrude_height": 32.0, "building_height": 32.0}}, {"type": "Feature", "geometry": {"type": "Polygon", "coordinates": [[[139.69789999999975, 35.69509999999981], [139.69849999999977, 35.69509999999981], [139.69849999999977, 35.69569999999982], [139.69789999999975, 35.69569999999982], [139.69789999999975, 35.69509999999981]]]}, "properties": {"rsrp_dbm": -127.3, "quality": "very_weak", "band": "n257", "fill": "#ff5252", "fill-opacity": 0.18, "stroke": "#ff5252", "stroke-opacity": 0.3, "stroke-width": 0, "extrude_height": 32.0, "building_height": 32.0}}, {"type": "Feature", "geometry": {"type": "Polygon", "coordinates": [[[139.69849999999974, 35.69509999999981], [139.69909999999976, 35.69509999999981], [139.69909999999976, 35.69569999999982], [139.69849999999974, 35.69569999999982], [139.69849999999974, 35.69509999999981]]]}, "properties": {"rsrp_dbm": -125.0, "quality": "very_weak", "band": "n257", "fill": "#ff5252", "fill-opacity": 0.18, "stroke": "#ff5252", "stroke-opacity": 0.3, "stroke-width": 0, "extrude_height": 32.0, "building_height": 32.0}}, {"type": "Feature", "geometry": {"type": "Polygon", "coordinates": [[[139.69909999999973, 35.69509999999981], [139.69969999999975, 35.69509999999981], [139.69969999999975, 35.69569999999982], [139.69909999999973, 35.69569999999982], [139.69909999999973, 35.69509999999981]]]}, "properties": {"rsrp_dbm": -122.4, "quality": "very_weak", "band": "n257", "fill": "#ff5252", "fill-opacity": 0.18, "stroke": "#ff5252", "stroke-opacity": 0.3, "stroke-width": 0, "extrude_height": 32.0, "building_height": 32.0}}, {"type": "Feature", "geometry": {"type": "Polygon", "coordinates": [[[139.69969999999972, 35.69509999999981], [139.70029999999974, 35.69509999999981], [139.70029999999974, 35.69569999999982], [139.69969999999972, 35.69569999999982], [139.69969999999972, 35.69509999999981]]]}, "properties": {"rsrp_dbm": -119.3, "quality": "very_weak", "band": "n257", "fill": "#ff5252", "fill-opacity": 0.18, "stroke": "#ff5252", "stroke-opacity": 0.3, "stroke-width": 0, "extrude_height": 225.0, "building_height": 225.0}}, {"type": "Feature", "geometry": {"type": "Polygon", "coordinates": [[[139.70029999999971, 35.69509999999981], [139.70089999999973, 35.69509999999981], [139.70089999999973, 35.69569999999982], [139.70029999999971, 35.69569999999982], [139.70029999999971, 35.69509999999981]]]}, "properties": {"rsrp_dbm": -115.5, "quality": "very_weak", "band": "n257", "fill": "#ff5252", "fill-opacity": 0.18, "stroke": "#ff5252", "stroke-opacity": 0.3, "stroke-width": 0, "extrude_height": 225.0, "building_height": 225.0}}, {"type": "Feature", "geometry": {"type": "Polygon", "coordinates": [[[139.7008999999997, 35.69509999999981], [139.70149999999973, 35.69509999999981], [139.70149999999973, 35.69569999999982], [139.7008999999997, 35.69569999999982], [139.7008999999997, 35.69509999999981]]]}, "properties": {"rsrp_dbm": -110.7, "quality": "weak", "band": "n257", "fill": "#ff9800", "fill-opacity": 0.18, "stroke": "#ff9800", "stroke-opacity": 0.3, "stroke-width": 0, "extrude_height": 225.0, "building_height": 225.0}}, {"type": "Feature", "geometry": {"type": "Polygon", "coordinates": [[[139.7014999999997, 35.69509999999981], [139.70209999999972, 35.69509999999981], [139.70209999999972, 35.69569999999982], [139.7014999999997, 35.69569999999982], [139.7014999999997, 35.69509999999981]]]}, "properties": {"rsrp_dbm": -103.9, "quality": "moderate", "band": "n257", "fill": "#ffca28", "fill-opacity": 0.18, "stroke": "#ffca28", "stroke-opacity": 0.3, "stroke-width": 0, "extrude_height": 225.0, "building_height": 225.0}}, {"type": "Feature", "geometry": {"type": "Polygon", "coordinates": [[[139.7020999999997, 35.69509999999981], [139.7026999999997, 35.69509999999981], [139.7026999999997, 35.69569999999982], [139.7020999999997, 35.69569999999982], [139.7020999999997, 35.69509999999981]]]}, "properties": {"rsrp_dbm": -62.7, "quality": "strong", "band": "n257", "fill": "#00e676", "fill-opacity": 0.18, "stroke": "#00e676", "stroke-opacity": 0.3, "stroke-width": 0, "extrude_height": 90.5, "building_height": 90.5}}, {"type": "Feature", "geometry": {"type": "Polygon", "coordinates": [[[139.70269999999968, 35.69509999999981], [139.7032999999997, 35.69509999999981], [139.7032999999997, 35.69569999999982], [139.70269999999968, 35.69569999999982], [139.70269999999968, 35.69509999999981]]]}, "properties": {"rsrp_dbm": -35.1, "quality": "strong", "band": "n257", "fill": "#00e676", "fill-opacity": 0.18, "stroke": "#00e676", "stroke-opacity": 0.3, "stroke-width": 0, "extrude_height": 48.0, "building_height": 48.0}}, {"type": "Feature", "geometry": {"type": "Polygon", "coordinates": [[[139.70329999999967, 35.69509999999981], [139.7038999999997, 35.69509999999981], [139.7038999999997, 35.69569999999982], [139.70329999999967, 35.69569999999982], [139.70329999999967, 35.69509999999981]]]}, "properties": {"rsrp_dbm": -62.7, "quality": "strong", "band": "n257", "fill": "#00e676", "fill-opacity": 0.18, "stroke": "#00e676", "stroke-opacity": 0.3, "stroke-width": 0, "extrude_height": 48.0, "building_height": 48.0}}, {"type": "Feature", "geometry": {"type": "Polygon", "coordinates": [[[139.70389999999966, 35.69509999999981], [139.70449999999968, 35.69509999999981], [139.70449999999968, 35.69569999999982], [139.70389999999966, 35.69569999999982], [139.70389999999966, 35.69509999999981]]]}, "properties": {"rsrp_dbm": -73.9, "quality": "strong", "band": "n257", "fill": "#00e676", "fill-opacity": 0.18, "stroke": "#00e676", "stroke-opacity": 0.3, "stroke-width": 0, "extrude_height": 41.6, "building_height": 41.6}}, {"type": "Feature", "geometry": {"type": "Polygon", "coordinates": [[[139.70449999999965, 35.69509999999981], [139.70509999999967, 35.69509999999981], [139.70509999999967, 35.69569999999982], [139.70449999999965, 35.69569999999982], [139.70449999999965, 35.69509999999981]]]}, "properties": {"rsrp_dbm": -80.7, "quality": "good", "band": "n257", "fill": "#66bb6a", "fill-opacity": 0.18, "stroke": "#66bb6a", "stroke-opacity": 0.3, "stroke-width": 0, "extrude_height": 41.6, "building_height": 41.6}}, {"type": "Feature", "geometry": {"type": "Polygon", "coordinates": [[[139.70509999999965, 35.69509999999981], [139.70569999999967, 35.69509999999981], [139.70569999999967, 35.69569999999982], [139.70509999999965, 35.69569999999982], [139.70509999999965, 35.69509999999981]]]}, "properties": {"rsrp_dbm": -85.5, "quality": "good", "band": "n257", "fill": "#66bb6a", "fill-opacity": 0.18, "stroke": "#66bb6a", "stroke-opacity": 0.3, "stroke-width": 0, "extrude_height": 41.6, "building_height": 41.6}}, {"type": "Feature", "geometry": {"type": "Polygon", "coordinates": [[[139.70569999999964, 35.69509999999981], [139.70629999999966, 35.69509999999981], [139.70629999999966, 35.69569999999982], [139.70569999999964, 35.69569999999982], [139.70569999999964, 35.69509999999981]]]}, "properties": {"rsrp_dbm": -89.3, "quality": "good", "band": "n257", "fill": "#66bb6a", "fill-opacity": 0.18, "stroke": "#66bb6a", "stroke-opacity": 0.3, "stroke-width": 0, "extrude_height": 28.8, "building_height": 28.8}}, {"type": "Feature", "geometry": {"type": "Polygon", "coordinates": [[[139.70629999999963, 35.69509999999981], [139.70689999999965, 35.69509999999981], [139.70689999999965, 35.69569999999982], [139.70629999999963, 35.69569999999982], [139.70629999999963, 35.69509999999981]]]}, "properties": {"rsrp_dbm": -92.4, "quality": "moderate", "band": "n257", "fill": "#ffca28", "fill-opacity": 0.18, "stroke": "#ffca28", "stroke-opacity": 0.3, "stroke-width": 0, "extrude_height": 38.4, "building_height": 38.4}}, {"type": "Feature", "geometry": {"type": "Polygon", "coordinates": [[[139.70689999999962, 35.69509999999981], [139.70749999999964, 35.69509999999981], [139.70749999999964, 35.69569999999982], [139.70689999999962, 35.69569999999982], [139.70689999999962, 35.69509999999981]]]}, "properties": {"rsrp_dbm": -95.0, "quality": "moderate", "band": "n257", "fill": "#ffca28", "fill-opacity": 0.18, "stroke": "#ffca28", "stroke-opacity": 0.3, "stroke-width": 0, "extrude_height": 102.4, "building_height": 102.4}}, {"type": "Feature", "geometry": {"type": "Polygon", "coordinates": [[[139.7074999999996, 35.69509999999981], [139.70809999999963, 35.69509999999981], [139.70809999999963, 35.69569999999982], [139.7074999999996, 35.69569999999982], [139.7074999999996, 35.69509999999981]]]}, "properties": {"rsrp_dbm": -127.3, "quality": "very_weak", "band": "n257", "fill": "#ff5252", "fill-opacity": 0.18, "stroke": "#ff5252", "stroke-opacity": 0.3, "stroke-width": 0, "extrude_height": 102.4, "building_height": 102.4}}, {"type": "Feature", "geometry": {"type": "Polygon", "coordinates": [[[139.7080999999996, 35.69509999999981], [139.70869999999962, 35.69509999999981], [139.70869999999962, 35.69569999999982], [139.7080999999996, 35.69569999999982], [139.7080999999996, 35.69509999999981]]]}, "properties": {"rsrp_dbm": -129.3, "quality": "very_weak", "band": "n257", "fill": "#ff5252", "fill-opacity": 0.18, "stroke": "#ff5252", "stroke-opacity": 0.3, "stroke-width": 0, "extrude_height": 102.4, "building_height": 102.4}}, {"type": "Feature", "geometry": {"type": "Polygon", "coordinates": [[[139.69729999999976, 35.69569999999981], [139.69789999999978, 35.69569999999981], [139.69789999999978, 35.696299999999816], [139.69729999999976, 35.696299999999816], [139.69729999999976, 35.69569999999981]]]}, "properties": {"rsrp_dbm": -129.5, "quality": "very_weak", "band": "n257", "fill": "#ff5252", "fill-opacity": 0.18, "stroke": "#ff5252", "stroke-opacity": 0.3, "stroke-width": 0, "extrude_height": 99.5, "building_height": 99.5}}, {"type": "Feature", "geometry": {"type": "Polygon", "coordinates": [[[139.69789999999975, 35.69569999999981], [139.69849999999977, 35.69569999999981], [139.69849999999977, 35.696299999999816], [139.69789999999975, 35.696299999999816], [139.69789999999975, 35.69569999999981]]]}, "properties": {"rsrp_dbm": -127.5, "quality": "very_weak", "band": "n257", "fill": "#ff5252", "fill-opacity": 0.18, "stroke": "#ff5252", "stroke-opacity": 0.3, "stroke-width": 0, "extrude_height": 99.5, "building_height": 99.5}}, {"type": "Feature", "geometry": {"type": "Polygon", "coordinates": [[[139.69849999999974, 35.69569999999981], [139.69909999999976, 35.69569999999981], [139.69909999999976, 35.696299999999816], [139.69849999999974, 35.696299999999816], [139.69849999999974, 35.69569999999981]]]}, "properties": {"rsrp_dbm": -125.4, "quality": "very_weak", "band": "n257", "fill": "#ff5252", "fill-opacity": 0.18, "stroke": "#ff5252", "stroke-opacity": 0.3, "stroke-width": 0, "extrude_height": 99.5, "building_height": 99.5}}, {"type": "Feature", "geometry": {"type": "Polygon", "coordinates": [[[139.69909999999973, 35.69569999999981], [139.69969999999975, 35.69569999999981], [139.69969999999975, 35.696299999999816], [139.69909999999973, 35.696299999999816], [139.69909999999973, 35.69569999999981]]]}, "properties": {"rsrp_dbm": -122.9, "quality": "very_weak", "band": "n257", "fill": "#ff5252", "fill-opacity": 0.18, "stroke": "#ff5252", "stroke-opacity": 0.3, "stroke-width": 0, "extrude_height": 99.5, "building_height": 99.5}}, {"type": "Feature", "geometry": {"type": "Polygon", "coordinates": [[[139.69969999999972, 35.69569999999981], [139.70029999999974, 35.69569999999981], [139.70029999999974, 35.696299999999816], [139.69969999999972, 35.696299999999816], [139.69969999999972, 35.69569999999981]]]}, "properties": {"rsrp_dbm": -120.0, "quality": "very_weak", "band": "n257", "fill": "#ff5252", "fill-opacity": 0.18, "stroke": "#ff5252", "stroke-opacity": 0.3, "stroke-width": 0, "extrude_height": 225.0, "building_height": 225.0}}, {"type": "Feature", "geometry": {"type": "Polygon", "coordinates": [[[139.70029999999971, 35.69569999999981], [139.70089999999973, 35.69569999999981], [139.70089999999973, 35.696299999999816], [139.70029999999971, 35.696299999999816], [139.70029999999971, 35.69569999999981]]]}, "properties": {"rsrp_dbm": -116.6, "quality": "very_weak", "band": "n257", "fill": "#ff5252", "fill-opacity": 0.18, "stroke": "#ff5252", "stroke-opacity": 0.3, "stroke-width": 0, "extrude_height": 225.0, "building_height": 225.0}}, {"type": "Feature", "geometry": {"type": "Polygon", "coordinates": [[[139.7008999999997, 35.69569999999981], [139.70149999999973, 35.69569999999981], [139.70149999999973, 35.696299999999816], [139.7008999999997, 35.696299999999816], [139.7008999999997, 35.69569999999981]]]}, "properties": {"rsrp_dbm": -112.6, "quality": "weak", "band": "n257", "fill": "#ff9800", "fill-opacity": 0.18, "stroke": "#ff9800", "stroke-opacity": 0.3, "stroke-width": 0, "extrude_height": 225.0, "building_height": 225.0}}, {"type": "Feature", "geometry": {"type": "Polygon", "coordinates": [[[139.7014999999997, 35.69569999999981], [139.70209999999972, 35.69569999999981], [139.70209999999972, 35.696299999999816], [139.7014999999997, 35.696299999999816], [139.7014999999997, 35.69569999999981]]]}, "properties": {"rsrp_dbm": -107.8, "quality": "weak", "band": "n257", "fill": "#ff9800", "fill-opacity": 0.18, "stroke": "#ff9800", "stroke-opacity": 0.3, "stroke-width": 0, "extrude_height": 225.0, "building_height": 225.0}}, {"type": "Feature", "geometry": {"type": "Polygon", "coordinates": [[[139.7020999999997, 35.69569999999981], [139.7026999999997, 35.69569999999981], [139.7026999999997, 35.696299999999816], [139.7020999999997, 35.696299999999816], [139.7020999999997, 35.69569999999981]]]}, "properties": {"rsrp_dbm": -103.6, "quality": "moderate", "band": "n257", "fill": "#ffca28", "fill-opacity": 0.18, "stroke": "#ffca28", "stroke-opacity": 0.3, "stroke-width": 0, "extrude_height": 90.5, "building_height": 90.5}}, {"type": "Feature", "geometry": {"type": "Polygon", "coordinates": [[[139.70269999999968, 35.69569999999981], [139.7032999999997, 35.69569999999981], [139.7032999999997, 35.696299999999816], [139.70269999999968, 35.696299999999816], [139.70269999999968, 35.69569999999981]]]}, "properties": {"rsrp_dbm": -62.4, "quality": "strong", "band": "n257", "fill": "#00e676", "fill-opacity": 0.18, "stroke": "#00e676", "stroke-opacity": 0.3, "stroke-width": 0, "extrude_height": 48.0, "building_height": 48.0}}, {"type": "Feature", "geometry": {"type": "Polygon", "coordinates": [[[139.70329999999967, 35.69569999999981], [139.7038999999997, 35.69569999999981], [139.7038999999997, 35.696299999999816], [139.70329999999967, 35.696299999999816], [139.70329999999967, 35.69569999999981]]]}, "properties": {"rsrp_dbm": -73.6, "quality": "strong", "band": "n257", "fill": "#00e676", "fill-opacity": 0.18, "stroke": "#00e676", "stroke-opacity": 0.3, "stroke-width": 0, "extrude_height": 48.0, "building_height": 48.0}}, {"type": "Feature", "geometry": {"type": "Polygon", "coordinates": [[[139.70389999999966, 35.69569999999981], [139.70449999999968, 35.69569999999981], [139.70449999999968, 35.696299999999816], [139.70389999999966, 35.696299999999816], [139.70389999999966, 35.69569999999981]]]}, "properties": {"rsrp_dbm": -77.8, "quality": "good", "band": "n257", "fill": "#66bb6a", "fill-opacity": 0.18, "stroke": "#66bb6a", "stroke-opacity": 0.3, "stroke-width": 0, "extrude_height": 19.2, "building_height": 19.2}}, {"type": "Feature", "geometry": {"type": "Polygon", "coordinates": [[[139.70449999999965, 35.69569999999981], [139.70509999999967, 35.69569999999981], [139.70509999999967, 35.696299999999816], [139.70449999999965, 35.696299999999816], [139.70449999999965, 35.69569999999981]]]}, "properties": {"rsrp_dbm": -82.6, "quality": "good", "band": "n257", "fill": "#66bb6a", "fill-opacity": 0.18, "stroke": "#66bb6a", "stroke-opacity": 0.3, "stroke-width": 0, "extrude_height": 19.2, "building_height": 19.2}}, {"type": "Feature", "geometry": {"type": "Polygon", "coordinates": [[[139.70509999999965, 35.69569999999981], [139.70569999999967, 35.69569999999981], [139.70569999999967, 35.696299999999816], [139.70509999999965, 35.696299999999816], [139.70509999999965, 35.69569999999981]]]}, "properties": {"rsrp_dbm": -86.6, "quality": "good", "band": "n257", "fill": "#66bb6a", "fill-opacity": 0.18, "stroke": "#66bb6a", "stroke-opacity": 0.3, "stroke-width": 0, "extrude_height": 19.2, "building_height": 19.2}}, {"type": "Feature", "geometry": {"type": "Polygon", "coordinates": [[[139.70569999999964, 35.69569999999981], [139.70629999999966, 35.69569999999981], [139.70629999999966, 35.696299999999816], [139.70569999999964, 35.696299999999816], [139.70569999999964, 35.69569999999981]]]}, "properties": {"rsrp_dbm": -90.0, "quality": "moderate", "band": "n257", "fill": "#ffca28", "fill-opacity": 0.18, "stroke": "#ffca28", "stroke-opacity": 0.3, "stroke-width": 0, "extrude_height": 28.8, "building_height": 28.8}}, {"type": "Feature", "geometry": {"type": "Polygon", "coordinates": [[[139.70629999999963, 35.69569999999981], [139.70689999999965, 35.69569999999981], [139.70689999999965, 35.696299999999816], [139.70629999999963, 35.696299999999816], [139.70629999999963, 35.69569999999981]]]}, "properties": {"rsrp_dbm": -92.9, "quality": "moderate", "band": "n257", "fill": "#ffca28", "fill-opacity": 0.18, "stroke": "#ffca28", "stroke-opacity": 0.3, "stroke-width": 0, "extrude_height": 38.4, "building_height": 38.4}}, {"type": "Feature", "geometry": {"type": "Polygon", "coordinates": [[[139.70689999999962, 35.69569999999981], [139.70749999999964, 35.69569999999981], [139.70749999999964, 35.696299999999816], [139.70689999999962, 35.696299999999816], [139.70689999999962, 35.69569999999981]]]}, "properties": {"rsrp_dbm": -125.4, "quality": "very_weak", "band": "n257", "fill": "#ff5252", "fill-opacity": 0.18, "stroke": "#ff5252", "stroke-opacity": 0.3, "stroke-width": 0, "extrude_height": 102.4, "building_height": 102.4}}, {"type": "Feature", "geometry": {"type": "Polygon", "coordinates": [[[139.7074999999996, 35.69569999999981], [139.70809999999963, 35.69569999999981], [139.70809999999963, 35.696299999999816], [139.7074999999996, 35.696299999999816], [139.7074999999996, 35.69569999999981]]]}, "properties": {"rsrp_dbm": -127.5, "quality": "very_weak", "band": "n257", "fill": "#ff5252", "fill-opacity": 0.18, "stroke": "#ff5252", "stroke-opacity": 0.3, "stroke-width": 0, "extrude_height": 102.4, "building_height": 102.4}}, {"type": "Feature", "geometry": {"type": "Polygon", "coordinates": [[[139.7080999999996, 35.69569999999981], [139.70869999999962, 35.69569999999981], [139.70869999999962, 35.696299999999816], [139.7080999999996, 35.696299999999816], [139.7080999999996, 35.69569999999981]]]}, "properties": {"rsrp_dbm": -129.5, "quality": "very_weak", "band": "n257", "fill": "#ff5252", "fill-opacity": 0.18, "stroke": "#ff5252", "stroke-opacity": 0.3, "stroke-width": 0, "extrude_height": 102.4, "building_height": 102.4}}, {"type": "Feature", "geometry": {"type": "Polygon", "coordinates": [[[139.69789999999975, 35.69629999999981], [139.69849999999977, 35.69629999999981], [139.69849999999977, 35.696899999999815], [139.69789999999975, 35.696899999999815], [139.69789999999975, 35.69629999999981]]]}, "properties": {"rsrp_dbm": -128.6, "quality": "very_weak", "band": "n257", "fill": "#ff5252", "fill-opacity": 0.18, "stroke": "#ff5252", "stroke-opacity": 0.3, "stroke-width": 0, "extrude_height": 99.5, "building_height": 99.5}}, {"type": "Feature", "geometry": {"type": "Polygon", "coordinates": [[[139.69849999999974, 35.69629999999981], [139.69909999999976, 35.69629999999981], [139.69909999999976, 35.696899999999815], [139.69849999999974, 35.696899999999815], [139.69849999999974, 35.69629999999981]]]}, "properties": {"rsrp_dbm": -126.7, "quality": "very_weak", "band": "n257", "fill": "#ff5252", "fill-opacity": 0.18, "stroke": "#ff5252", "stroke-opacity": 0.3, "stroke-width": 0, "extrude_height": 99.5, "building_height": 99.5}}, {"type": "Feature", "geometry": {"type": "Polygon", "coordinates": [[[139.69909999999973, 35.69629999999981], [139.69969999999975, 35.69629999999981], [139.69969999999975, 35.696899999999815], [139.69909999999973, 35.696899999999815], [139.69909999999973, 35.69629999999981]]]}, "properties": {"rsrp_dbm": -124.7, "quality": "very_weak", "band": "n257", "fill": "#ff5252", "fill-opacity": 0.18, "stroke": "#ff5252", "stroke-opacity": 0.3, "stroke-width": 0, "extrude_height": 99.5, "building_height": 99.5}}, {"type": "Feature", "geometry": {"type": "Polygon", "coordinates": [[[139.69969999999972, 35.69629999999981], [139.70029999999974, 35.69629999999981], [139.70029999999974, 35.696899999999815], [139.69969999999972, 35.696899999999815], [139.69969999999972, 35.69629999999981]]]}, "properties": {"rsrp_dbm": -122.5, "quality": "very_weak", "band": "n257", "fill": "#ff5252", "fill-opacity": 0.18, "stroke": "#ff5252", "stroke-opacity": 0.3, "stroke-width": 0, "extrude_height": 225.0, "building_height": 225.0}}, {"type": "Feature", "geometry": {"type": "Polygon", "coordinates": [[[139.70029999999971, 35.69629999999981], [139.70089999999973, 35.69629999999981], [139.70089999999973, 35.696899999999815], [139.70029999999971, 35.696899999999815], [139.70029999999971, 35.69629999999981]]]}, "properties": {"rsrp_dbm": -120.3, "quality": "very_weak", "band": "n257", "fill": "#ff5252", "fill-opacity": 0.18, "stroke": "#ff5252", "stroke-opacity": 0.3, "stroke-width": 0, "extrude_height": 225.0, "building_height": 225.0}}, {"type": "Feature", "geometry": {"type": "Polygon", "coordinates": [[[139.7008999999997, 35.69629999999981], [139.70149999999973, 35.69629999999981], [139.70149999999973, 35.696899999999815], [139.7008999999997, 35.696899999999815], [139.7008999999997, 35.69629999999981]]]}, "properties": {"rsrp_dbm": -118.3, "quality": "very_weak", "band": "n257", "fill": "#ff5252", "fill-opacity": 0.18, "stroke": "#ff5252", "stroke-opacity": 0.3, "stroke-width": 0, "extrude_height": 225.0, "building_height": 225.0}}, {"type": "Feature", "geometry": {"type": "Polygon", "coordinates": [[[139.7014999999997, 35.69629999999981], [139.70209999999972, 35.69629999999981], [139.70209999999972, 35.696899999999815], [139.7014999999997, 35.696899999999815], [139.7014999999997, 35.69629999999981]]]}, "properties": {"rsrp_dbm": -111.7, "quality": "weak", "band": "n257", "fill": "#ff9800", "fill-opacity": 0.18, "stroke": "#ff9800", "stroke-opacity": 0.3, "stroke-width": 0, "extrude_height": 225.0, "building_height": 225.0}}, {"type": "Feature", "geometry": {"type": "Polygon", "coordinates": [[[139.7020999999997, 35.69629999999981], [139.7026999999997, 35.69629999999981], [139.7026999999997, 35.696899999999815], [139.7020999999997, 35.696899999999815], [139.7020999999997, 35.69629999999981]]]}, "properties": {"rsrp_dbm": -78.9, "quality": "good", "band": "n257", "fill": "#66bb6a", "fill-opacity": 0.18, "stroke": "#66bb6a", "stroke-opacity": 0.3, "stroke-width": 0, "extrude_height": 90.5, "building_height": 90.5}}, {"type": "Feature", "geometry": {"type": "Polygon", "coordinates": [[[139.70269999999968, 35.69629999999981], [139.7032999999997, 35.69629999999981], [139.7032999999997, 35.696899999999815], [139.70269999999968, 35.696899999999815], [139.70269999999968, 35.69629999999981]]]}, "properties": {"rsrp_dbm": -75.8, "quality": "good", "band": "n257", "fill": "#66bb6a", "fill-opacity": 0.18, "stroke": "#66bb6a", "stroke-opacity": 0.3, "stroke-width": 0, "extrude_height": 48.0, "building_height": 48.0}}, {"type": "Feature", "geometry": {"type": "Polygon", "coordinates": [[[139.70329999999967, 35.69629999999981], [139.7038999999997, 35.69629999999981], [139.7038999999997, 35.696899999999815], [139.70329999999967, 35.696899999999815], [139.70329999999967, 35.69629999999981]]]}, "properties": {"rsrp_dbm": -78.9, "quality": "good", "band": "n257", "fill": "#66bb6a", "fill-opacity": 0.18, "stroke": "#66bb6a", "stroke-opacity": 0.3, "stroke-width": 0, "extrude_height": 48.0, "building_height": 48.0}}, {"type": "Feature", "geometry": {"type": "Polygon", "coordinates": [[[139.70389999999966, 35.69629999999981], [139.70449999999968, 35.69629999999981], [139.70449999999968, 35.696899999999815], [139.70389999999966, 35.696899999999815], [139.70389999999966, 35.69629999999981]]]}, "properties": {"rsrp_dbm": -85.6, "quality": "good", "band": "n257", "fill": "#66bb6a", "fill-opacity": 0.18, "stroke": "#66bb6a", "stroke-opacity": 0.3, "stroke-width": 0, "extrude_height": 25.6, "building_height": 25.6}}, {"type": "Feature", "geometry": {"type": "Polygon", "coordinates": [[[139.70449999999965, 35.69629999999981], [139.70509999999967, 35.69629999999981], [139.70509999999967, 35.696899999999815], [139.70449999999965, 35.696899999999815], [139.70449999999965, 35.69629999999981]]]}, "properties": {"rsrp_dbm": -88.3, "quality": "good", "band": "n257", "fill": "#66bb6a", "fill-opacity": 0.18, "stroke": "#66bb6a", "stroke-opacity": 0.3, "stroke-width": 0, "extrude_height": 25.6, "building_height": 25.6}}, {"type": "Feature", "geometry": {"type": "Polygon", "coordinates": [[[139.70569999999964, 35.69629999999981], [139.70629999999966, 35.69629999999981], [139.70629999999966, 35.696899999999815], [139.70569999999964, 35.696899999999815], [139.70569999999964, 35.69629999999981]]]}, "properties": {"rsrp_dbm": -92.5, "quality": "moderate", "band": "n257", "fill": "#ffca28", "fill-opacity": 0.18, "stroke": "#ffca28", "stroke-opacity": 0.3, "stroke-width": 0, "extrude_height": 28.8, "building_height": 28.8}}, {"type": "Feature", "geometry": {"type": "Polygon", "coordinates": [[[139.70629999999963, 35.69629999999981], [139.70689999999965, 35.69629999999981], [139.70689999999965, 35.696899999999815], [139.70629999999963, 35.696899999999815], [139.70629999999963, 35.69629999999981]]]}, "properties": {"rsrp_dbm": -94.7, "quality": "moderate", "band": "n257", "fill": "#ffca28", "fill-opacity": 0.18, "stroke": "#ffca28", "stroke-opacity": 0.3, "stroke-width": 0, "extrude_height": 38.4, "building_height": 38.4}}, {"type": "Feature", "geometry": {"type": "Polygon", "coordinates": [[[139.70689999999962, 35.69629999999981], [139.70749999999964, 35.69629999999981], [139.70749999999964, 35.696899999999815], [139.70689999999962, 35.696899999999815], [139.70689999999962, 35.69629999999981]]]}, "properties": {"rsrp_dbm": -126.7, "quality": "very_weak", "band": "n257", "fill": "#ff5252", "fill-opacity": 0.18, "stroke": "#ff5252", "stroke-opacity": 0.3, "stroke-width": 0, "extrude_height": 102.4, "building_height": 102.4}}, {"type": "Feature", "geometry": {"type": "Polygon", "coordinates": [[[139.7074999999996, 35.69629999999981], [139.70809999999963, 35.69629999999981], [139.70809999999963, 35.696899999999815], [139.7074999999996, 35.696899999999815], [139.7074999999996, 35.69629999999981]]]}, "properties": {"rsrp_dbm": -128.6, "quality": "very_weak", "band": "n257", "fill": "#ff5252", "fill-opacity": 0.18, "stroke": "#ff5252", "stroke-opacity": 0.3, "stroke-width": 0, "extrude_height": 102.4, "building_height": 102.4}}, {"type": "Feature", "geometry": {"type": "Polygon", "coordinates": [[[139.69849999999974, 35.69689999999981], [139.69909999999976, 35.69689999999981], [139.69909999999976, 35.69749999999981], [139.69849999999974, 35.69749999999981], [139.69849999999974, 35.69689999999981]]]}, "properties": {"rsrp_dbm": -128.9, "quality": "very_weak", "band": "n257", "fill": "#ff5252", "fill-opacity": 0.18, "stroke": "#ff5252", "stroke-opacity": 0.3, "stroke-width": 0, "extrude_height": 99.5, "building_height": 99.5}}, {"type": "Feature", "geometry": {"type": "Polygon", "coordinates": [[[139.69909999999973, 35.69689999999981], [139.69969999999975, 35.69689999999981], [139.69969999999975, 35.69749999999981], [139.69909999999973, 35.69749999999981], [139.69909999999973, 35.69689999999981]]]}, "properties": {"rsrp_dbm": -127.4, "quality": "very_weak", "band": "n257", "fill": "#ff5252", "fill-opacity": 0.18, "stroke": "#ff5252", "stroke-opacity": 0.3, "stroke-width": 0, "extrude_height": 99.5, "building_height": 99.5}}, {"type": "Feature", "geometry": {"type": "Polygon", "coordinates": [[[139.70029999999971, 35.69689999999981], [139.70089999999973, 35.69689999999981], [139.70089999999973, 35.69749999999981], [139.70029999999971, 35.69749999999981], [139.70029999999971, 35.69689999999981]]]}, "properties": {"rsrp_dbm": -114.4, "quality": "weak", "band": "n257", "fill": "#ff9800", "fill-opacity": 0.18, "stroke": "#ff9800", "stroke-opacity": 0.3, "stroke-width": 0, "extrude_height": 32.0, "building_height": 32.0}}, {"type": "Feature", "geometry": {"type": "Polygon", "coordinates": [[[139.7008999999997, 35.69689999999981], [139.70149999999973, 35.69689999999981], [139.70149999999973, 35.69749999999981], [139.7008999999997, 35.69749999999981], [139.7008999999997, 35.69689999999981]]]}, "properties": {"rsrp_dbm": -111.9, "quality": "weak", "band": "n257", "fill": "#ff9800", "fill-opacity": 0.18, "stroke": "#ff9800", "stroke-opacity": 0.3, "stroke-width": 0, "extrude_height": 32.0, "building_height": 32.0}}, {"type": "Feature", "geometry": {"type": "Polygon", "coordinates": [[[139.7014999999997, 35.69689999999981], [139.70209999999972, 35.69689999999981], [139.70209999999972, 35.69749999999981], [139.7014999999997, 35.69749999999981], [139.7014999999997, 35.69689999999981]]]}, "properties": {"rsrp_dbm": -104.8, "quality": "moderate", "band": "n257", "fill": "#ffca28", "fill-opacity": 0.18, "stroke": "#ffca28", "stroke-opacity": 0.3, "stroke-width": 0, "extrude_height": 32.0, "building_height": 32.0}}, {"type": "Feature", "geometry": {"type": "Polygon", "coordinates": [[[139.7020999999997, 35.69689999999981], [139.7026999999997, 35.69689999999981], [139.7026999999997, 35.69749999999981], [139.7020999999997, 35.69749999999981], [139.7020999999997, 35.69689999999981]]]}, "properties": {"rsrp_dbm": -84.6, "quality": "good", "band": "n257", "fill": "#66bb6a", "fill-opacity": 0.18, "stroke": "#66bb6a", "stroke-opacity": 0.3, "stroke-width": 0, "extrude_height": 32.0, "building_height": 32.0}}, {"type": "Feature", "geometry": {"type": "Polygon", "coordinates": [[[139.70269999999968, 35.69689999999981], [139.7032999999997, 35.69689999999981], [139.7032999999997, 35.69749999999981], [139.70269999999968, 35.69749999999981], [139.70269999999968, 35.69689999999981]]]}, "properties": {"rsrp_dbm": -83.2, "quality": "good", "band": "n257", "fill": "#66bb6a", "fill-opacity": 0.18, "stroke": "#66bb6a", "stroke-opacity": 0.3, "stroke-width": 0, "extrude_height": 66.0, "building_height": 66.0}}, {"type": "Feature", "geometry": {"type": "Polygon", "coordinates": [[[139.70329999999967, 35.69689999999981], [139.7038999999997, 35.69689999999981], [139.7038999999997, 35.69749999999981], [139.70329999999967, 35.69749999999981], [139.70329999999967, 35.69689999999981]]]}, "properties": {"rsrp_dbm": -84.6, "quality": "good", "band": "n257", "fill": "#66bb6a", "fill-opacity": 0.18, "stroke": "#66bb6a", "stroke-opacity": 0.3, "stroke-width": 0, "extrude_height": 66.0, "building_height": 66.0}}, {"type": "Feature", "geometry": {"type": "Polygon", "coordinates": [[[139.70389999999966, 35.69689999999981], [139.70449999999968, 35.69689999999981], [139.70449999999968, 35.69749999999981], [139.70389999999966, 35.69749999999981], [139.70389999999966, 35.69689999999981]]]}, "properties": {"rsrp_dbm": -88.1, "quality": "good", "band": "n257", "fill": "#66bb6a", "fill-opacity": 0.18, "stroke": "#66bb6a", "stroke-opacity": 0.3, "stroke-width": 0, "extrude_height": 66.0, "building_height": 66.0}}, {"type": "Feature", "geometry": {"type": "Polygon", "coordinates": [[[139.70449999999965, 35.69689999999981], [139.70509999999967, 35.69689999999981], [139.70509999999967, 35.69749999999981], [139.70449999999965, 35.69749999999981], [139.70449999999965, 35.69689999999981]]]}, "properties": {"rsrp_dbm": -92.6, "quality": "moderate", "band": "n257", "fill": "#ffca28", "fill-opacity": 0.18, "stroke": "#ffca28", "stroke-opacity": 0.3, "stroke-width": 0, "extrude_height": 66.0, "building_height": 66.0}}, {"type": "Feature", "geometry": {"type": "Polygon", "coordinates": [[[139.70569999999964, 35.69689999999981], [139.70629999999966, 35.69689999999981], [139.70629999999966, 35.69749999999981], [139.70569999999964, 35.69749999999981], [139.70569999999964, 35.69689999999981]]]}, "properties": {"rsrp_dbm": -96.1, "quality": "moderate", "band": "n257", "fill": "#ffca28", "fill-opacity": 0.18, "stroke": "#ffca28", "stroke-opacity": 0.3, "stroke-width": 0, "extrude_height": 28.8, "building_height": 28.8}}, {"type": "Feature", "geometry": {"type": "Polygon", "coordinates": [[[139.70629999999963, 35.69689999999981], [139.70689999999965, 35.69689999999981], [139.70689999999965, 35.69749999999981], [139.70629999999963, 35.69749999999981], [139.70629999999963, 35.69689999999981]]]}, "properties": {"rsrp_dbm": -97.4, "quality": "moderate", "band": "n257", "fill": "#ffca28", "fill-opacity": 0.18, "stroke": "#ffca28", "stroke-opacity": 0.3, "stroke-width": 0, "extrude_height": 38.4, "building_height": 38.4}}, {"type": "Feature", "geometry": {"type": "Polygon", "coordinates": [[[139.70689999999962, 35.69689999999981], [139.70749999999964, 35.69689999999981], [139.70749999999964, 35.69749999999981], [139.70689999999962, 35.69749999999981], [139.70689999999962, 35.69689999999981]]]}, "properties": {"rsrp_dbm": -98.9, "quality": "moderate", "band": "n257", "fill": "#ffca28", "fill-opacity": 0.18, "stroke": "#ffca28", "stroke-opacity": 0.3, "stroke-width": 0, "extrude_height": 38.4, "building_height": 38.4}}, {"type": "Feature", "geometry": {"type": "Polygon", "coordinates": [[[139.7074999999996, 35.69689999999981], [139.70809999999963, 35.69689999999981], [139.70809999999963, 35.69749999999981], [139.7074999999996, 35.69749999999981], [139.7074999999996, 35.69689999999981]]]}, "properties": {"rsrp_dbm": -100.3, "quality": "moderate", "band": "n257", "fill": "#ffca28", "fill-opacity": 0.18, "stroke": "#ffca28", "stroke-opacity": 0.3, "stroke-width": 0, "extrude_height": 96.0, "building_height": 96.0}}, {"type": "Feature", "geometry": {"type": "Polygon", "coordinates": [[[139.69909999999973, 35.697499999999806], [139.69969999999975, 35.697499999999806], [139.69969999999975, 35.69809999999981], [139.69909999999973, 35.69809999999981], [139.69909999999973, 35.697499999999806]]]}, "properties": {"rsrp_dbm": -114.5, "quality": "weak", "band": "n257", "fill": "#ff9800", "fill-opacity": 0.18, "stroke": "#ff9800", "stroke-opacity": 0.3, "stroke-width": 0, "extrude_height": 99.5, "building_height": 99.5}}, {"type": "Feature", "geometry": {"type": "Polygon", "coordinates": [[[139.70029999999971, 35.697499999999806], [139.70089999999973, 35.697499999999806], [139.70089999999973, 35.69809999999981], [139.70029999999971, 35.69809999999981], [139.70029999999971, 35.697499999999806]]]}, "properties": {"rsrp_dbm": -111.4, "quality": "weak", "band": "n257", "fill": "#ff9800", "fill-opacity": 0.18, "stroke": "#ff9800", "stroke-opacity": 0.3, "stroke-width": 0, "extrude_height": 32.0, "building_height": 32.0}}, {"type": "Feature", "geometry": {"type": "Polygon", "coordinates": [[[139.7008999999997, 35.697499999999806], [139.70149999999973, 35.697499999999806], [139.70149999999973, 35.69809999999981], [139.7008999999997, 35.69809999999981], [139.7008999999997, 35.697499999999806]]]}, "properties": {"rsrp_dbm": -105.8, "quality": "weak", "band": "n257", "fill": "#ff9800", "fill-opacity": 0.18, "stroke": "#ff9800", "stroke-opacity": 0.3, "stroke-width": 0, "extrude_height": 32.0, "building_height": 32.0}}, {"type": "Feature", "geometry": {"type": "Polygon", "coordinates": [[[139.7014999999997, 35.697499999999806], [139.70209999999972, 35.697499999999806], [139.70209999999972, 35.69809999999981], [139.7014999999997, 35.69809999999981], [139.7014999999997, 35.697499999999806]]]}, "properties": {"rsrp_dbm": -91.2, "quality": "moderate", "band": "n257", "fill": "#ffca28", "fill-opacity": 0.18, "stroke": "#ffca28", "stroke-opacity": 0.3, "stroke-width": 0, "extrude_height": 32.0, "building_height": 32.0}}, {"type": "Feature", "geometry": {"type": "Polygon", "coordinates": [[[139.7020999999997, 35.697499999999806], [139.7026999999997, 35.697499999999806], [139.7026999999997, 35.69809999999981], [139.7020999999997, 35.69809999999981], [139.7020999999997, 35.697499999999806]]]}, "properties": {"rsrp_dbm": -89.1, "quality": "good", "band": "n257", "fill": "#66bb6a", "fill-opacity": 0.18, "stroke": "#66bb6a", "stroke-opacity": 0.3, "stroke-width": 0, "extrude_height": 44.8, "building_height": 44.8}}, {"type": "Feature", "geometry": {"type": "Polygon", "coordinates": [[[139.70269999999968, 35.697499999999806], [139.7032999999997, 35.697499999999806], [139.7032999999997, 35.69809999999981], [139.70269999999968, 35.69809999999981], [139.70269999999968, 35.697499999999806]]]}, "properties": {"rsrp_dbm": -88.3, "quality": "good", "band": "n257", "fill": "#66bb6a", "fill-opacity": 0.18, "stroke": "#66bb6a", "stroke-opacity": 0.3, "stroke-width": 0, "extrude_height": 66.0, "building_height": 66.0}}, {"type": "Feature", "geometry": {"type": "Polygon", "coordinates": [[[139.70329999999967, 35.697499999999806], [139.7038999999997, 35.697499999999806], [139.7038999999997, 35.69809999999981], [139.70329999999967, 35.69809999999981], [139.70329999999967, 35.697499999999806]]]}, "properties": {"rsrp_dbm": -89.1, "quality": "good", "band": "n257", "fill": "#66bb6a", "fill-opacity": 0.18, "stroke": "#66bb6a", "stroke-opacity": 0.3, "stroke-width": 0, "extrude_height": 66.0, "building_height": 66.0}}, {"type": "Feature", "geometry": {"type": "Polygon", "coordinates": [[[139.70389999999966, 35.697499999999806], [139.70449999999968, 35.697499999999806], [139.70449999999968, 35.69809999999981], [139.70389999999966, 35.69809999999981], [139.70389999999966, 35.697499999999806]]]}, "properties": {"rsrp_dbm": -121.2, "quality": "very_weak", "band": "n257", "fill": "#ff5252", "fill-opacity": 0.18, "stroke": "#ff5252", "stroke-opacity": 0.3, "stroke-width": 0, "extrude_height": 66.0, "building_height": 66.0}}, {"type": "Feature", "geometry": {"type": "Polygon", "coordinates": [[[139.70449999999965, 35.697499999999806], [139.70509999999967, 35.697499999999806], [139.70509999999967, 35.69809999999981], [139.70449999999965, 35.69809999999981], [139.70449999999965, 35.697499999999806]]]}, "properties": {"rsrp_dbm": -124.2, "quality": "very_weak", "band": "n257", "fill": "#ff5252", "fill-opacity": 0.18, "stroke": "#ff5252", "stroke-opacity": 0.3, "stroke-width": 0, "extrude_height": 66.0, "building_height": 66.0}}, {"type": "Feature", "geometry": {"type": "Polygon", "coordinates": [[[139.70629999999963, 35.697499999999806], [139.70689999999965, 35.697499999999806], [139.70689999999965, 35.69809999999981], [139.70629999999963, 35.69809999999981], [139.70629999999963, 35.697499999999806]]]}, "properties": {"rsrp_dbm": -100.6, "quality": "moderate", "band": "n257", "fill": "#ffca28", "fill-opacity": 0.18, "stroke": "#ffca28", "stroke-opacity": 0.3, "stroke-width": 0, "extrude_height": 32.0, "building_height": 32.0}}, {"type": "Feature", "geometry": {"type": "Polygon", "coordinates": [[[139.70689999999962, 35.697499999999806], [139.70749999999964, 35.697499999999806], [139.70749999999964, 35.69809999999981], [139.70689999999962, 35.69809999999981], [139.70689999999962, 35.697499999999806]]]}, "properties": {"rsrp_dbm": -101.5, "quality": "moderate", "band": "n257", "fill": "#ffca28", "fill-opacity": 0.18, "stroke": "#ffca28", "stroke-opacity": 0.3, "stroke-width": 0, "extrude_height": 38.4, "building_height": 38.4}}, {"type": "Feature", "geometry": {"type": "Polygon", "coordinates": [[[139.69849999999974, 35.698099999999805], [139.69909999999976, 35.698099999999805], [139.69909999999976, 35.69869999999981], [139.69849999999974, 35.69869999999981], [139.69849999999974, 35.698099999999805]]]}, "properties": {"rsrp_dbm": -114.2, "quality": "weak", "band": "n257", "fill": "#ff9800", "fill-opacity": 0.18, "stroke": "#ff9800", "stroke-opacity": 0.3, "stroke-width": 0, "extrude_height": 51.2, "building_height": 51.2}}, {"type": "Feature", "geometry": {"type": "Polygon", "coordinates": [[[139.69909999999973, 35.698099999999805], [139.69969999999975, 35.698099999999805], [139.69969999999975, 35.69869999999981], [139.69909999999973, 35.69869999999981], [139.69909999999973, 35.698099999999805]]]}, "properties": {"rsrp_dbm": -113.8, "quality": "weak", "band": "n257", "fill": "#ff9800", "fill-opacity": 0.18, "stroke": "#ff9800", "stroke-opacity": 0.3, "stroke-width": 0, "extrude_height": 51.2, "building_height": 51.2}}, {"type": "Feature", "geometry": {"type": "Polygon", "coordinates": [[[139.70029999999971, 35.698099999999805], [139.70089999999973, 35.698099999999805], [139.70089999999973, 35.69869999999981], [139.70029999999971, 35.69869999999981], [139.70029999999971, 35.698099999999805]]]}, "properties": {"rsrp_dbm": -106.2, "quality": "weak", "band": "n257", "fill": "#ff9800", "fill-opacity": 0.18, "stroke": "#ff9800", "stroke-opacity": 0.3, "stroke-width": 0, "extrude_height": 32.0, "building_height": 32.0}}, {"type": "Feature", "geometry": {"type": "Polygon", "coordinates": [[[139.7008999999997, 35.698099999999805], [139.70149999999973, 35.698099999999805], [139.70149999999973, 35.69869999999981], [139.7008999999997, 35.69869999999981], [139.7008999999997, 35.698099999999805]]]}, "properties": {"rsrp_dbm": -126.2, "quality": "very_weak", "band": "n257", "fill": "#ff5252", "fill-opacity": 0.18, "stroke": "#ff5252", "stroke-opacity": 0.3, "stroke-width": 0, "extrude_height": 32.0, "building_height": 32.0}}, {"type": "Feature", "geometry": {"type": "Polygon", "coordinates": [[[139.7014999999997, 35.698099999999805], [139.70209999999972, 35.698099999999805], [139.70209999999972, 35.69869999999981], [139.7014999999997, 35.69869999999981], [139.7014999999997, 35.698099999999805]]]}, "properties": {"rsrp_dbm": -94.1, "quality": "moderate", "band": "n257", "fill": "#ffca28", "fill-opacity": 0.18, "stroke": "#ffca28", "stroke-opacity": 0.3, "stroke-width": 0, "extrude_height": 32.0, "building_height": 32.0}}, {"type": "Feature", "geometry": {"type": "Polygon", "coordinates": [[[139.7020999999997, 35.698099999999805], [139.7026999999997, 35.698099999999805], [139.7026999999997, 35.69869999999981], [139.7020999999997, 35.69869999999981], [139.7020999999997, 35.698099999999805]]]}, "properties": {"rsrp_dbm": -92.7, "quality": "moderate", "band": "n257", "fill": "#ffca28", "fill-opacity": 0.18, "stroke": "#ffca28", "stroke-opacity": 0.3, "stroke-width": 0, "extrude_height": 44.8, "building_height": 44.8}}, {"type": "Feature", "geometry": {"type": "Polygon", "coordinates": [[[139.70269999999968, 35.698099999999805], [139.7032999999997, 35.698099999999805], [139.7032999999997, 35.69869999999981], [139.70269999999968, 35.69869999999981], [139.70269999999968, 35.698099999999805]]]}, "properties": {"rsrp_dbm": -92.2, "quality": "moderate", "band": "n257", "fill": "#ffca28", "fill-opacity": 0.18, "stroke": "#ffca28", "stroke-opacity": 0.3, "stroke-width": 0, "extrude_height": 66.0, "building_height": 66.0}}, {"type": "Feature", "geometry": {"type": "Polygon", "coordinates": [[[139.70329999999967, 35.698099999999805], [139.7038999999997, 35.698099999999805], [139.7038999999997, 35.69869999999981], [139.70329999999967, 35.69869999999981], [139.70329999999967, 35.698099999999805]]]}, "properties": {"rsrp_dbm": -122.7, "quality": "very_weak", "band": "n257", "fill": "#ff5252", "fill-opacity": 0.18, "stroke": "#ff5252", "stroke-opacity": 0.3, "stroke-width": 0, "extrude_height": 66.0, "building_height": 66.0}}, {"type": "Feature", "geometry": {"type": "Polygon", "coordinates": [[[139.70389999999966, 35.698099999999805], [139.70449999999968, 35.698099999999805], [139.70449999999968, 35.69869999999981], [139.70389999999966, 35.69869999999981], [139.70389999999966, 35.698099999999805]]]}, "properties": {"rsrp_dbm": -124.1, "quality": "very_weak", "band": "n257", "fill": "#ff5252", "fill-opacity": 0.18, "stroke": "#ff5252", "stroke-opacity": 0.3, "stroke-width": 0, "extrude_height": 66.0, "building_height": 66.0}}, {"type": "Feature", "geometry": {"type": "Polygon", "coordinates": [[[139.70449999999965, 35.698099999999805], [139.70509999999967, 35.698099999999805], [139.70509999999967, 35.69869999999981], [139.70449999999965, 35.69869999999981], [139.70449999999965, 35.698099999999805]]]}, "properties": {"rsrp_dbm": -126.2, "quality": "very_weak", "band": "n257", "fill": "#ff5252", "fill-opacity": 0.18, "stroke": "#ff5252", "stroke-opacity": 0.3, "stroke-width": 0, "extrude_height": 66.0, "building_height": 66.0}}, {"type": "Feature", "geometry": {"type": "Polygon", "coordinates": [[[139.70629999999963, 35.698099999999805], [139.70689999999965, 35.698099999999805], [139.70689999999965, 35.69869999999981], [139.70629999999963, 35.69869999999981], [139.70629999999963, 35.698099999999805]]]}, "properties": {"rsrp_dbm": -103.9, "quality": "moderate", "band": "n257", "fill": "#ffca28", "fill-opacity": 0.18, "stroke": "#ffca28", "stroke-opacity": 0.3, "stroke-width": 0, "extrude_height": 32.0, "building_height": 32.0}}, {"type": "Feature", "geometry": {"type": "Polygon", "coordinates": [[[139.70689999999962, 35.698099999999805], [139.70749999999964, 35.698099999999805], [139.70749999999964, 35.69869999999981], [139.70689999999962, 35.69869999999981], [139.70689999999962, 35.698099999999805]]]}, "properties": {"rsrp_dbm": -104.2, "quality": "moderate", "band": "n257", "fill": "#ffca28", "fill-opacity": 0.18, "stroke": "#ffca28", "stroke-opacity": 0.3, "stroke-width": 0, "extrude_height": 38.4, "building_height": 38.4}}, {"type": "Feature", "geometry": {"type": "Polygon", "coordinates": [[[139.7074999999996, 35.698099999999805], [139.70809999999963, 35.698099999999805], [139.70809999999963, 35.69869999999981], [139.7074999999996, 35.69869999999981], [139.7074999999996, 35.698099999999805]]]}, "properties": {"rsrp_dbm": -104.8, "quality": "moderate", "band": "n257", "fill": "#ffca28", "fill-opacity": 0.18, "stroke": "#ffca28", "stroke-opacity": 0.3, "stroke-width": 0, "extrude_height": 38.4, "building_height": 38.4}}, {"type": "Feature", "geometry": {"type": "Polygon", "coordinates": [[[139.69789999999975, 35.6986999999998], [139.69849999999977, 35.6986999999998], [139.69849999999977, 35.69929999999981], [139.69789999999975, 35.69929999999981], [139.69789999999975, 35.6986999999998]]]}, "properties": {"rsrp_dbm": -114.1, "quality": "weak", "band": "n257", "fill": "#ff9800", "fill-opacity": 0.18, "stroke": "#ff9800", "stroke-opacity": 0.3, "stroke-width": 0, "extrude_height": 48.0, "building_height": 48.0}}, {"type": "Feature", "geometry": {"type": "Polygon", "coordinates": [[[139.69849999999974, 35.6986999999998], [139.69909999999976, 35.6986999999998], [139.69909999999976, 35.69929999999981], [139.69849999999974, 35.69929999999981], [139.69849999999974, 35.6986999999998]]]}, "properties": {"rsrp_dbm": -113.3, "quality": "weak", "band": "n257", "fill": "#ff9800", "fill-opacity": 0.18, "stroke": "#ff9800", "stroke-opacity": 0.3, "stroke-width": 0, "extrude_height": 41.6, "building_height": 41.6}}, {"type": "Feature", "geometry": {"type": "Polygon", "coordinates": [[[139.69909999999973, 35.6986999999998], [139.69969999999975, 35.6986999999998], [139.69969999999975, 35.69929999999981], [139.69909999999973, 35.69929999999981], [139.69909999999973, 35.6986999999998]]]}, "properties": {"rsrp_dbm": -104.4, "quality": "moderate", "band": "n257", "fill": "#ffca28", "fill-opacity": 0.18, "stroke": "#ffca28", "stroke-opacity": 0.3, "stroke-width": 0, "extrude_height": 25.6, "building_height": 25.6}}, {"type": "Feature", "geometry": {"type": "Polygon", "coordinates": [[[139.7008999999997, 35.6986999999998], [139.70149999999973, 35.6986999999998], [139.70149999999973, 35.69929999999981], [139.7008999999997, 35.69929999999981], [139.7008999999997, 35.6986999999998]]]}, "properties": {"rsrp_dbm": -128.3, "quality": "very_weak", "band": "n257", "fill": "#ff5252", "fill-opacity": 0.18, "stroke": "#ff5252", "stroke-opacity": 0.3, "stroke-width": 0, "extrude_height": 32.0, "building_height": 32.0}}, {"type": "Feature", "geometry": {"type": "Polygon", "coordinates": [[[139.7014999999997, 35.6986999999998], [139.70209999999972, 35.6986999999998], [139.70209999999972, 35.69929999999981], [139.7014999999997, 35.69929999999981], [139.7014999999997, 35.6986999999998]]]}, "properties": {"rsrp_dbm": -96.7, "quality": "moderate", "band": "n257", "fill": "#ffca28", "fill-opacity": 0.18, "stroke": "#ffca28", "stroke-opacity": 0.3, "stroke-width": 0, "extrude_height": 32.0, "building_height": 32.0}}, {"type": "Feature", "geometry": {"type": "Polygon", "coordinates": [[[139.7020999999997, 35.6986999999998], [139.7026999999997, 35.6986999999998], [139.7026999999997, 35.69929999999981], [139.7020999999997, 35.69929999999981], [139.7020999999997, 35.6986999999998]]]}, "properties": {"rsrp_dbm": -95.8, "quality": "moderate", "band": "n257", "fill": "#ffca28", "fill-opacity": 0.18, "stroke": "#ffca28", "stroke-opacity": 0.3, "stroke-width": 0, "extrude_height": 44.8, "building_height": 44.8}}, {"type": "Feature", "geometry": {"type": "Polygon", "coordinates": [[[139.70269999999968, 35.6986999999998], [139.7032999999997, 35.6986999999998], [139.7032999999997, 35.69929999999981], [139.70269999999968, 35.69929999999981], [139.70269999999968, 35.6986999999998]]]}, "properties": {"rsrp_dbm": -125.4, "quality": "very_weak", "band": "n257", "fill": "#ff5252", "fill-opacity": 0.18, "stroke": "#ff5252", "stroke-opacity": 0.3, "stroke-width": 0, "extrude_height": 66.0, "building_height": 66.0}}, {"type": "Feature", "geometry": {"type": "Polygon", "coordinates": [[[139.70329999999967, 35.6986999999998], [139.7038999999997, 35.6986999999998], [139.7038999999997, 35.69929999999981], [139.70329999999967, 35.69929999999981], [139.70329999999967, 35.6986999999998]]]}, "properties": {"rsrp_dbm": -125.8, "quality": "very_weak", "band": "n257", "fill": "#ff5252", "fill-opacity": 0.18, "stroke": "#ff5252", "stroke-opacity": 0.3, "stroke-width": 0, "extrude_height": 66.0, "building_height": 66.0}}, {"type": "Feature", "geometry": {"type": "Polygon", "coordinates": [[[139.70389999999966, 35.6986999999998], [139.70449999999968, 35.6986999999998], [139.70449999999968, 35.69929999999981], [139.70389999999966, 35.69929999999981], [139.70389999999966, 35.6986999999998]]]}, "properties": {"rsrp_dbm": -126.7, "quality": "very_weak", "band": "n257", "fill": "#ff5252", "fill-opacity": 0.18, "stroke": "#ff5252", "stroke-opacity": 0.3, "stroke-width": 0, "extrude_height": 66.0, "building_height": 66.0}}, {"type": "Feature", "geometry": {"type": "Polygon", "coordinates": [[[139.70449999999965, 35.6986999999998], [139.70509999999967, 35.6986999999998], [139.70509999999967, 35.69929999999981], [139.70449999999965, 35.69929999999981], [139.70449999999965, 35.6986999999998]]]}, "properties": {"rsrp_dbm": -128.3, "quality": "very_weak", "band": "n257", "fill": "#ff5252", "fill-opacity": 0.18, "stroke": "#ff5252", "stroke-opacity": 0.3, "stroke-width": 0, "extrude_height": 66.0, "building_height": 66.0}}, {"type": "Feature", "geometry": {"type": "Polygon", "coordinates": [[[139.70629999999963, 35.6986999999998], [139.70689999999965, 35.6986999999998], [139.70689999999965, 35.69929999999981], [139.70629999999963, 35.69929999999981], [139.70629999999963, 35.6986999999998]]]}, "properties": {"rsrp_dbm": -104.4, "quality": "moderate", "band": "n257", "fill": "#ffca28", "fill-opacity": 0.18, "stroke": "#ffca28", "stroke-opacity": 0.3, "stroke-width": 0, "extrude_height": 38.4, "building_height": 38.4}}, {"type": "Feature", "geometry": {"type": "Polygon", "coordinates": [[[139.70689999999962, 35.6986999999998], [139.70749999999964, 35.6986999999998], [139.70749999999964, 35.69929999999981], [139.70689999999962, 35.69929999999981], [139.70689999999962, 35.6986999999998]]]}, "properties": {"rsrp_dbm": -106.7, "quality": "weak", "band": "n257", "fill": "#ff9800", "fill-opacity": 0.18, "stroke": "#ff9800", "stroke-opacity": 0.3, "stroke-width": 0, "extrude_height": 38.4, "building_height": 38.4}}, {"type": "Feature", "geometry": {"type": "Polygon", "coordinates": [[[139.69729999999976, 35.6992999999998], [139.69789999999978, 35.6992999999998], [139.69789999999978, 35.69989999999981], [139.69729999999976, 35.69989999999981], [139.69729999999976, 35.6992999999998]]]}, "properties": {"rsrp_dbm": -109.9, "quality": "weak", "band": "n257", "fill": "#ff9800", "fill-opacity": 0.18, "stroke": "#ff9800", "stroke-opacity": 0.3, "stroke-width": 0, "extrude_height": 44.8, "building_height": 44.8}}, {"type": "Feature", "geometry": {"type": "Polygon", "coordinates": [[[139.69789999999975, 35.6992999999998], [139.69849999999977, 35.6992999999998], [139.69849999999977, 35.69989999999981], [139.69789999999975, 35.69989999999981], [139.69789999999975, 35.6992999999998]]]}, "properties": {"rsrp_dbm": -109.0, "quality": "weak", "band": "n257", "fill": "#ff9800", "fill-opacity": 0.18, "stroke": "#ff9800", "stroke-opacity": 0.3, "stroke-width": 0, "extrude_height": 16.0, "building_height": 16.0}}, {"type": "Feature", "geometry": {"type": "Polygon", "coordinates": [[[139.7020999999997, 35.6992999999998], [139.7026999999997, 35.6992999999998], [139.7026999999997, 35.69989999999981], [139.7020999999997, 35.69989999999981], [139.7020999999997, 35.6992999999998]]]}, "properties": {"rsrp_dbm": -98.4, "quality": "moderate", "band": "n257", "fill": "#ffca28", "fill-opacity": 0.18, "stroke": "#ffca28", "stroke-opacity": 0.3, "stroke-width": 0, "extrude_height": 44.8, "building_height": 44.8}}, {"type": "Feature", "geometry": {"type": "Polygon", "coordinates": [[[139.70269999999968, 35.6992999999998], [139.7032999999997, 35.6992999999998], [139.7032999999997, 35.69989999999981], [139.70269999999968, 35.69989999999981], [139.70269999999968, 35.6992999999998]]]}, "properties": {"rsrp_dbm": -128.1, "quality": "very_weak", "band": "n257", "fill": "#ff5252", "fill-opacity": 0.18, "stroke": "#ff5252", "stroke-opacity": 0.3, "stroke-width": 0, "extrude_height": 44.8, "building_height": 44.8}}, {"type": "Feature", "geometry": {"type": "Polygon", "coordinates": [[[139.70329999999967, 35.6992999999998], [139.7038999999997, 35.6992999999998], [139.7038999999997, 35.69989999999981], [139.70329999999967, 35.69989999999981], [139.70329999999967, 35.6992999999998]]]}, "properties": {"rsrp_dbm": -128.4, "quality": "very_weak", "band": "n257", "fill": "#ff5252", "fill-opacity": 0.18, "stroke": "#ff5252", "stroke-opacity": 0.3, "stroke-width": 0, "extrude_height": 44.8, "building_height": 44.8}}, {"type": "Feature", "geometry": {"type": "Polygon", "coordinates": [[[139.70389999999966, 35.6992999999998], [139.70449999999968, 35.6992999999998], [139.70449999999968, 35.69989999999981], [139.70389999999966, 35.69989999999981], [139.70389999999966, 35.6992999999998]]]}, "properties": {"rsrp_dbm": -129.1, "quality": "very_weak", "band": "n257", "fill": "#ff5252", "fill-opacity": 0.18, "stroke": "#ff5252", "stroke-opacity": 0.3, "stroke-width": 0, "extrude_height": 44.8, "building_height": 44.8}}, {"type": "Feature", "geometry": {"type": "Polygon", "coordinates": [[[139.70629999999963, 35.6992999999998], [139.70689999999965, 35.6992999999998], [139.70689999999965, 35.69989999999981], [139.70629999999963, 35.69989999999981], [139.70629999999963, 35.6992999999998]]]}, "properties": {"rsrp_dbm": -105.2, "quality": "weak", "band": "n257", "fill": "#ff9800", "fill-opacity": 0.18, "stroke": "#ff9800", "stroke-opacity": 0.3, "stroke-width": 0, "extrude_height": 41.6, "building_height": 41.6}}, {"type": "Feature", "geometry": {"type": "Polygon", "coordinates": [[[139.70689999999962, 35.6992999999998], [139.70749999999964, 35.6992999999998], [139.70749999999964, 35.69989999999981], [139.70689999999962, 35.69989999999981], [139.70689999999962, 35.6992999999998]]]}, "properties": {"rsrp_dbm": -107.1, "quality": "weak", "band": "n257", "fill": "#ff9800", "fill-opacity": 0.18, "stroke": "#ff9800", "stroke-opacity": 0.3, "stroke-width": 0, "extrude_height": 41.6, "building_height": 41.6}}, {"type": "Feature", "geometry": {"type": "Polygon", "coordinates": [[[139.7074999999996, 35.6992999999998], [139.70809999999963, 35.6992999999998], [139.70809999999963, 35.69989999999981], [139.7074999999996, 35.69989999999981], [139.7074999999996, 35.6992999999998]]]}, "properties": {"rsrp_dbm": -109.0, "quality": "weak", "band": "n257", "fill": "#ff9800", "fill-opacity": 0.18, "stroke": "#ff9800", "stroke-opacity": 0.3, "stroke-width": 0, "extrude_height": 41.6, "building_height": 41.6}}, {"type": "Feature", "geometry": {"type": "Polygon", "coordinates": [[[139.69669999999977, 35.6998999999998], [139.69729999999979, 35.6998999999998], [139.69729999999979, 35.700499999999806], [139.69669999999977, 35.700499999999806], [139.69669999999977, 35.6998999999998]]]}, "properties": {"rsrp_dbm": -112.1, "quality": "weak", "band": "n257", "fill": "#ff9800", "fill-opacity": 0.18, "stroke": "#ff9800", "stroke-opacity": 0.3, "stroke-width": 0, "extrude_height": 44.8, "building_height": 44.8}}, {"type": "Feature", "geometry": {"type": "Polygon", "coordinates": [[[139.69729999999976, 35.6998999999998], [139.69789999999978, 35.6998999999998], [139.69789999999978, 35.700499999999806], [139.69729999999976, 35.700499999999806], [139.69729999999976, 35.6998999999998]]]}, "properties": {"rsrp_dbm": -111.0, "quality": "weak", "band": "n257", "fill": "#ff9800", "fill-opacity": 0.18, "stroke": "#ff9800", "stroke-opacity": 0.3, "stroke-width": 0, "extrude_height": 44.8, "building_height": 44.8}}, {"type": "Feature", "geometry": {"type": "Polygon", "coordinates": [[[139.69789999999975, 35.6998999999998], [139.69849999999977, 35.6998999999998], [139.69849999999977, 35.700499999999806], [139.69789999999975, 35.700499999999806], [139.69789999999975, 35.6998999999998]]]}, "properties": {"rsrp_dbm": -109.3, "quality": "weak", "band": "n257", "fill": "#ff9800", "fill-opacity": 0.18, "stroke": "#ff9800", "stroke-opacity": 0.3, "stroke-width": 0, "extrude_height": 22.4, "building_height": 22.4}}, {"type": "Feature", "geometry": {"type": "Polygon", "coordinates": [[[139.69849999999974, 35.6998999999998], [139.69909999999976, 35.6998999999998], [139.69909999999976, 35.700499999999806], [139.69849999999974, 35.700499999999806], [139.69849999999974, 35.6998999999998]]]}, "properties": {"rsrp_dbm": -107.7, "quality": "weak", "band": "n257", "fill": "#ff9800", "fill-opacity": 0.18, "stroke": "#ff9800", "stroke-opacity": 0.3, "stroke-width": 0, "extrude_height": 22.4, "building_height": 22.4}}, {"type": "Feature", "geometry": {"type": "Polygon", "coordinates": [[[139.69909999999973, 35.6998999999998], [139.69969999999975, 35.6998999999998], [139.69969999999975, 35.700499999999806], [139.69909999999973, 35.700499999999806], [139.69909999999973, 35.6998999999998]]]}, "properties": {"rsrp_dbm": -106.1, "quality": "weak", "band": "n257", "fill": "#ff9800", "fill-opacity": 0.18, "stroke": "#ff9800", "stroke-opacity": 0.3, "stroke-width": 0, "extrude_height": 22.4, "building_height": 22.4}}, {"type": "Feature", "geometry": {"type": "Polygon", "coordinates": [[[139.70569999999964, 35.6998999999998], [139.70629999999966, 35.6998999999998], [139.70629999999966, 35.700499999999806], [139.70569999999964, 35.700499999999806], [139.70569999999964, 35.6998999999998]]]}, "properties": {"rsrp_dbm": -128.0, "quality": "very_weak", "band": "n257", "fill": "#ff5252", "fill-opacity": 0.18, "stroke": "#ff5252", "stroke-opacity": 0.3, "stroke-width": 0, "extrude_height": 41.6, "building_height": 41.6}}, {"type": "Feature", "geometry": {"type": "Polygon", "coordinates": [[[139.70629999999963, 35.6998999999998], [139.70689999999965, 35.6998999999998], [139.70689999999965, 35.700499999999806], [139.70629999999963, 35.700499999999806], [139.70629999999963, 35.6998999999998]]]}, "properties": {"rsrp_dbm": -128.8, "quality": "very_weak", "band": "n257", "fill": "#ff5252", "fill-opacity": 0.18, "stroke": "#ff5252", "stroke-opacity": 0.3, "stroke-width": 0, "extrude_height": 41.6, "building_height": 41.6}}, {"type": "Feature", "geometry": {"type": "Polygon", "coordinates": [[[139.70689999999962, 35.6998999999998], [139.70749999999964, 35.6998999999998], [139.70749999999964, 35.700499999999806], [139.70689999999962, 35.700499999999806], [139.70689999999962, 35.6998999999998]]]}, "properties": {"rsrp_dbm": -107.7, "quality": "weak", "band": "n257", "fill": "#ff9800", "fill-opacity": 0.18, "stroke": "#ff9800", "stroke-opacity": 0.3, "stroke-width": 0, "extrude_height": 41.6, "building_height": 41.6}}, {"type": "Feature", "geometry": {"type": "Polygon", "coordinates": [[[139.69609999999977, 35.7004999999998], [139.6966999999998, 35.7004999999998], [139.6966999999998, 35.701099999999805], [139.69609999999977, 35.701099999999805], [139.69609999999977, 35.7004999999998]]]}, "properties": {"rsrp_dbm": -114.1, "quality": "weak", "band": "n257", "fill": "#ff9800", "fill-opacity": 0.18, "stroke": "#ff9800", "stroke-opacity": 0.3, "stroke-width": 0, "extrude_height": 44.8, "building_height": 44.8}}, {"type": "Feature", "geometry": {"type": "Polygon", "coordinates": [[[139.69669999999977, 35.7004999999998], [139.69729999999979, 35.7004999999998], [139.69729999999979, 35.701099999999805], [139.69669999999977, 35.701099999999805], [139.69669999999977, 35.7004999999998]]]}, "properties": {"rsrp_dbm": -112.8, "quality": "weak", "band": "n257", "fill": "#ff9800", "fill-opacity": 0.18, "stroke": "#ff9800", "stroke-opacity": 0.3, "stroke-width": 0, "extrude_height": 44.8, "building_height": 44.8}}, {"type": "Feature", "geometry": {"type": "Polygon", "coordinates": [[[139.69729999999976, 35.7004999999998], [139.69789999999978, 35.7004999999998], [139.69789999999978, 35.701099999999805], [139.69729999999976, 35.701099999999805], [139.69729999999976, 35.7004999999998]]]}, "properties": {"rsrp_dbm": -111.4, "quality": "weak", "band": "n257", "fill": "#ff9800", "fill-opacity": 0.18, "stroke": "#ff9800", "stroke-opacity": 0.3, "stroke-width": 0, "extrude_height": 44.8, "building_height": 44.8}}, {"type": "Feature", "geometry": {"type": "Polygon", "coordinates": [[[139.69789999999975, 35.7004999999998], [139.69849999999977, 35.7004999999998], [139.69849999999977, 35.701099999999805], [139.69789999999975, 35.701099999999805], [139.69789999999975, 35.7004999999998]]]}, "properties": {"rsrp_dbm": -109.9, "quality": "weak", "band": "n257", "fill": "#ff9800", "fill-opacity": 0.18, "stroke": "#ff9800", "stroke-opacity": 0.3, "stroke-width": 0, "extrude_height": 28.8, "building_height": 28.8}}, {"type": "Feature", "geometry": {"type": "Polygon", "coordinates": [[[139.69849999999974, 35.7004999999998], [139.69909999999976, 35.7004999999998], [139.69909999999976, 35.701099999999805], [139.69849999999974, 35.701099999999805], [139.69849999999974, 35.7004999999998]]]}, "properties": {"rsrp_dbm": -108.5, "quality": "weak", "band": "n257", "fill": "#ff9800", "fill-opacity": 0.18, "stroke": "#ff9800", "stroke-opacity": 0.3, "stroke-width": 0, "extrude_height": 28.8, "building_height": 28.8}}, {"type": "Feature", "geometry": {"type": "Polygon", "coordinates": [[[139.7008999999997, 35.7004999999998], [139.70149999999973, 35.7004999999998], [139.70149999999973, 35.701099999999805], [139.7008999999997, 35.701099999999805], [139.7008999999997, 35.7004999999998]]]}, "properties": {"rsrp_dbm": -103.8, "quality": "moderate", "band": "n257", "fill": "#ffca28", "fill-opacity": 0.18, "stroke": "#ffca28", "stroke-opacity": 0.3, "stroke-width": 0, "extrude_height": 22.4, "building_height": 22.4}}, {"type": "Feature", "geometry": {"type": "Polygon", "coordinates": [[[139.7014999999997, 35.7004999999998], [139.70209999999972, 35.7004999999998], [139.70209999999972, 35.701099999999805], [139.7014999999997, 35.701099999999805], [139.7014999999997, 35.7004999999998]]]}, "properties": {"rsrp_dbm": -103.1, "quality": "moderate", "band": "n257", "fill": "#ffca28", "fill-opacity": 0.18, "stroke": "#ffca28", "stroke-opacity": 0.3, "stroke-width": 0, "extrude_height": 38.4, "building_height": 38.4}}, {"type": "Feature", "geometry": {"type": "Polygon", "coordinates": [[[139.7020999999997, 35.7004999999998], [139.7026999999997, 35.7004999999998], [139.7026999999997, 35.701099999999805], [139.7020999999997, 35.701099999999805], [139.7020999999997, 35.7004999999998]]]}, "properties": {"rsrp_dbm": -102.6, "quality": "moderate", "band": "n257", "fill": "#ffca28", "fill-opacity": 0.18, "stroke": "#ffca28", "stroke-opacity": 0.3, "stroke-width": 0, "extrude_height": 38.4, "building_height": 38.4}}, {"type": "Feature", "geometry": {"type": "Polygon", "coordinates": [[[139.70569999999964, 35.7004999999998], [139.70629999999966, 35.7004999999998], [139.70629999999966, 35.701099999999805], [139.70569999999964, 35.701099999999805], [139.70569999999964, 35.7004999999998]]]}, "properties": {"rsrp_dbm": -127.9, "quality": "very_weak", "band": "n257", "fill": "#ff5252", "fill-opacity": 0.18, "stroke": "#ff5252", "stroke-opacity": 0.3, "stroke-width": 0, "extrude_height": 41.6, "building_height": 41.6}}, {"type": "Feature", "geometry": {"type": "Polygon", "coordinates": [[[139.70629999999963, 35.7004999999998], [139.70689999999965, 35.7004999999998], [139.70689999999965, 35.701099999999805], [139.70629999999963, 35.701099999999805], [139.70629999999963, 35.7004999999998]]]}, "properties": {"rsrp_dbm": -128.6, "quality": "very_weak", "band": "n257", "fill": "#ff5252", "fill-opacity": 0.18, "stroke": "#ff5252", "stroke-opacity": 0.3, "stroke-width": 0, "extrude_height": 41.6, "building_height": 41.6}}, {"type": "Feature", "geometry": {"type": "Polygon", "coordinates": [[[139.69549999999978, 35.7010999999998], [139.6960999999998, 35.7010999999998], [139.6960999999998, 35.7016999999998], [139.69549999999978, 35.7016999999998], [139.69549999999978, 35.7010999999998]]]}, "properties": {"rsrp_dbm": -115.8, "quality": "very_weak", "band": "n257", "fill": "#ff5252", "fill-opacity": 0.18, "stroke": "#ff5252", "stroke-opacity": 0.3, "stroke-width": 0, "extrude_height": 41.6, "building_height": 41.6}}, {"type": "Feature", "geometry": {"type": "Polygon", "coordinates": [[[139.69609999999977, 35.7010999999998], [139.6966999999998, 35.7010999999998], [139.6966999999998, 35.7016999999998], [139.69609999999977, 35.7016999999998], [139.69609999999977, 35.7010999999998]]]}, "properties": {"rsrp_dbm": -114.5, "quality": "weak", "band": "n257", "fill": "#ff9800", "fill-opacity": 0.18, "stroke": "#ff9800", "stroke-opacity": 0.3, "stroke-width": 0, "extrude_height": 41.6, "building_height": 41.6}}, {"type": "Feature", "geometry": {"type": "Polygon", "coordinates": [[[139.69669999999977, 35.7010999999998], [139.69729999999979, 35.7010999999998], [139.69729999999979, 35.7016999999998], [139.69669999999977, 35.7016999999998], [139.69669999999977, 35.7010999999998]]]}, "properties": {"rsrp_dbm": -113.1, "quality": "weak", "band": "n257", "fill": "#ff9800", "fill-opacity": 0.18, "stroke": "#ff9800", "stroke-opacity": 0.3, "stroke-width": 0, "extrude_height": 35.2, "building_height": 35.2}}, {"type": "Feature", "geometry": {"type": "Polygon", "coordinates": [[[139.69729999999976, 35.7010999999998], [139.69789999999978, 35.7010999999998], [139.69789999999978, 35.7016999999998], [139.69729999999976, 35.7016999999998], [139.69729999999976, 35.7010999999998]]]}, "properties": {"rsrp_dbm": -111.8, "quality": "weak", "band": "n257", "fill": "#ff9800", "fill-opacity": 0.18, "stroke": "#ff9800", "stroke-opacity": 0.3, "stroke-width": 0, "extrude_height": 28.8, "building_height": 28.8}}, {"type": "Feature", "geometry": {"type": "Polygon", "coordinates": [[[139.70029999999971, 35.7010999999998], [139.70089999999973, 35.7010999999998], [139.70089999999973, 35.7016999999998], [139.70029999999971, 35.7016999999998], [139.70029999999971, 35.7010999999998]]]}, "properties": {"rsrp_dbm": -123.5, "quality": "very_weak", "band": "n257", "fill": "#ff5252", "fill-opacity": 0.18, "stroke": "#ff5252", "stroke-opacity": 0.3, "stroke-width": 0, "extrude_height": 22.4, "building_height": 22.4}}, {"type": "Feature", "geometry": {"type": "Polygon", "coordinates": [[[139.7008999999997, 35.7010999999998], [139.70149999999973, 35.7010999999998], [139.70149999999973, 35.7016999999998], [139.7008999999997, 35.7016999999998], [139.7008999999997, 35.7010999999998]]]}, "properties": {"rsrp_dbm": -105.3, "quality": "weak", "band": "n257", "fill": "#ff9800", "fill-opacity": 0.18, "stroke": "#ff9800", "stroke-opacity": 0.3, "stroke-width": 0, "extrude_height": 22.4, "building_height": 22.4}}, {"type": "Feature", "geometry": {"type": "Polygon", "coordinates": [[[139.7014999999997, 35.7010999999998], [139.70209999999972, 35.7010999999998], [139.70209999999972, 35.7016999999998], [139.7014999999997, 35.7016999999998], [139.7014999999997, 35.7010999999998]]]}, "properties": {"rsrp_dbm": -104.8, "quality": "moderate", "band": "n257", "fill": "#ffca28", "fill-opacity": 0.18, "stroke": "#ffca28", "stroke-opacity": 0.3, "stroke-width": 0, "extrude_height": 38.4, "building_height": 38.4}}, {"type": "Feature", "geometry": {"type": "Polygon", "coordinates": [[[139.7020999999997, 35.7010999999998], [139.7026999999997, 35.7010999999998], [139.7026999999997, 35.7016999999998], [139.7020999999997, 35.7016999999998], [139.7020999999997, 35.7010999999998]]]}, "properties": {"rsrp_dbm": -104.4, "quality": "moderate", "band": "n257", "fill": "#ffca28", "fill-opacity": 0.18, "stroke": "#ffca28", "stroke-opacity": 0.3, "stroke-width": 0, "extrude_height": 38.4, "building_height": 38.4}}, {"type": "Feature", "geometry": {"type": "Polygon", "coordinates": [[[139.70029999999971, 35.701699999999796], [139.70089999999973, 35.701699999999796], [139.70089999999973, 35.7022999999998], [139.70029999999971, 35.7022999999998], [139.70029999999971, 35.701699999999796]]]}, "properties": {"rsrp_dbm": -107.5, "quality": "weak", "band": "n257", "fill": "#ff9800", "fill-opacity": 0.18, "stroke": "#ff9800", "stroke-opacity": 0.3, "stroke-width": 0, "extrude_height": 22.4, "building_height": 22.4}}, {"type": "Feature", "geometry": {"type": "Polygon", "coordinates": [[[139.70029999999971, 35.702299999999795], [139.70089999999973, 35.702299999999795], [139.70089999999973, 35.7028999999998], [139.70029999999971, 35.7028999999998], [139.70029999999971, 35.702299999999795]]]}, "properties": {"rsrp_dbm": -108.7, "quality": "weak", "band": "n257", "fill": "#ff9800", "fill-opacity": 0.18, "stroke": "#ff9800", "stroke-opacity": 0.3, "stroke-width": 0, "extrude_height": 22.4, "building_height": 22.4}}, {"type": "Feature", "geometry": {"type": "Polygon", "coordinates": [[[139.69789999999975, 35.707099999999784], [139.69849999999977, 35.707099999999784], [139.69849999999977, 35.70769999999979], [139.69789999999975, 35.70769999999979], [139.69789999999975, 35.707099999999784]]]}, "properties": {"rsrp_dbm": -118.0, "quality": "very_weak", "band": "n257", "fill": "#ff5252", "fill-opacity": 0.18, "stroke": "#ff5252", "stroke-opacity": 0.3, "stroke-width": 0, "extrude_height": 41.6, "building_height": 41.6}}, {"type": "Feature", "geometry": {"type": "Polygon", "coordinates": [[[139.69849999999974, 35.707099999999784], [139.69909999999976, 35.707099999999784], [139.69909999999976, 35.70769999999979], [139.69849999999974, 35.70769999999979], [139.69849999999974, 35.707099999999784]]]}, "properties": {"rsrp_dbm": -117.6, "quality": "very_weak", "band": "n257", "fill": "#ff5252", "fill-opacity": 0.18, "stroke": "#ff5252", "stroke-opacity": 0.3, "stroke-width": 0, "extrude_height": 41.6, "building_height": 41.6}}, {"type": "Feature", "geometry": {"type": "Polygon", "coordinates": [[[139.69909999999973, 35.707099999999784], [139.69969999999975, 35.707099999999784], [139.69969999999975, 35.70769999999979], [139.69909999999973, 35.70769999999979], [139.69909999999973, 35.707099999999784]]]}, "properties": {"rsrp_dbm": -126.5, "quality": "very_weak", "band": "n257", "fill": "#ff5252", "fill-opacity": 0.18, "stroke": "#ff5252", "stroke-opacity": 0.3, "stroke-width": 0, "extrude_height": 41.6, "building_height": 41.6}}, {"type": "Feature", "geometry": {"type": "Polygon", "coordinates": [[[139.69789999999975, 35.70769999999978], [139.69849999999977, 35.70769999999978], [139.69849999999977, 35.70829999999979], [139.69789999999975, 35.70829999999979], [139.69789999999975, 35.70769999999978]]]}, "properties": {"rsrp_dbm": -118.7, "quality": "very_weak", "band": "n257", "fill": "#ff5252", "fill-opacity": 0.18, "stroke": "#ff5252", "stroke-opacity": 0.3, "stroke-width": 0, "extrude_height": 41.6, "building_height": 41.6}}, {"type": "Feature", "geometry": {"type": "Polygon", "coordinates": [[[139.69849999999974, 35.70769999999978], [139.69909999999976, 35.70769999999978], [139.69909999999976, 35.70829999999979], [139.69849999999974, 35.70829999999979], [139.69849999999974, 35.70769999999978]]]}, "properties": {"rsrp_dbm": -118.3, "quality": "very_weak", "band": "n257", "fill": "#ff5252", "fill-opacity": 0.18, "stroke": "#ff5252", "stroke-opacity": 0.3, "stroke-width": 0, "extrude_height": 41.6, "building_height": 41.6}}]}