{"type":"FeatureCollection","features":[{"type":"Feature","geometry":{"type":"Point","coordinates":[139.682,35.615]},"properties":{"type":"hole","estimated_rsrp":-140,"marker-color":"#ff1744","marker-size":"small","description":"No coverage detected"}},{"type":"Feature","geometry":{"type":"Point","coordinates":[139.684,35.615]},"properties":{"type":"hole","estimated_rsrp":-140,"marker-color":"#ff1744","marker-size":"small","description":"No coverage detected"}},{"type":"Feature","geometry":{"type":"Point","coordinates":[139.686,35.615]},"properties":{"type":"hole","estimated_rsrp":-140,"marker-color":"#ff1744","marker-size":"small","description":"No coverage detected"}},{"type":"Feature","geometry":{"type":"Point","coordinates":[139.688,35.615]},"properties":{"type":"hole","estimated_rsrp":-140,"marker-color":"#ff1744","marker-size":"small","description":"No coverage detected"}},{"type":"Feature","geometry":{"type":"Point","coordinates":[139.69,35.615]},"properties":{"type":"weak","estimated_rsrp":-129.9,"marker-color":"#ff9100","marker-size":"small","description":"Weak coverage: -129.9 dBm"}},{"type":"Feature","geometry":{"type":"Point","coordinates":[139.692,35.615]},"properties":{"type":"hole","estimated_rsrp":-140,"marker-color":"#ff1744","marker-size":"small","description":"No coverage detected"}},{"type":"Feature","geometry":{"type":"Point","coordinates":[139.694,35.615]},"properties":{"type":"hole","estimated_rsrp":-140,"marker-color":"#ff1744","marker-size":"small","description":"No coverage detected"}},{"type":"Feature","geometry":{"type":"Point","coordinates":[139.696,35.615]},"properties":{"type":"weak","estimated_rsrp":-127.2,"marker-color":"#ff9100","marker-size":"small","description":"Weak coverage: -127.2 dBm"}},{"type":"Feature","geometry":{"type":"Point","coordinates":[139.698,35.615]},"properties":{"type":"hole","estimated_rsrp":-140,"marker-color":"#ff1744","marker-size":"small","description":"No coverage detected"}},{"type":"Feature","geometry":{"type":"Point","coordinates":[139.7,35.615]},"properties":{"type":"weak","estimated_rsrp":-125.3,"marker-color":"#ff9100","marker-size":"small","description":"Weak coverage: -125.3 dBm"}},{"type":"Feature","geometry":{"type":"Point","coordinates":[139.702,35.615]},"properties":{"type":"hole","estimated_rsrp":-140,"marker-color":"#ff1744","marker-size":"small","description":"No coverage detected"}},{"type":"Feature","geometry":{"type":"Point","coordinates":[139.704,35.615]},"properties":{"type":"hole","estimated_rsrp":-140,"marker-color":"#ff1744","marker-size":"small","description":"No coverage detected"}},{"type":"Feature","geometry":{"type":"Point","coordinates":[139.706,35.615]},"properties":{"type":"hole","estimated_rsrp":-140,"marker-color":"#ff1744","marker-size":"small","description":"No coverage detected"}},{"type":"Feature","geometry":{"type":"Point","coordinates":[139.708,35.615]},"properties":{"type":"hole","estimated_rsrp":-140,"marker-color":"#ff1744","marker-size":"small","description":"No coverage detected"}},{"type":"Feature","geometry":{"type":"Point","coordinates":[139.71,35.615]},"properties":{"type":"hole","estimated_rsrp":-140,"marker-color":"#ff1744","marker-size":"small","description":"No coverage detected"}},{"type":"Feature","geometry":{"type":"Point","coordinates":[139.712,35.615]},"properties":{"type":"hole","estimated_rsrp":-140,"marker-color":"#ff1744","marker-size":"small","description":"No coverage detected"}},{"type":"Feature","geometry":{"type":"Point","coordinates":[139.714,35.615]},"properties":{"type":"hole","estimated_rsrp":-140,"marker-color":"#ff1744","marker-size":"small","description":"No coverage detected"}},{"type":"Feature","geometry":{"type":"Point","coordinates":[139.716,35.615]},"properties":{"type":"weak","estimated_rsrp":-129.9,"marker-color":"#ff9100","marker-size":"small","description":"Weak coverage: -129.9 dBm"}},{"type":"Feature","geometry":{"type":"Point","coordinates":[139.718,35.615]},"properties":{"type":"weak","estimated_rsrp":-129.5,"marker-color":"#ff9100","marker-size":"small","description":"Weak coverage: -129.5 dBm"}},{"type":"Feature","geometry":{"type":"Point","coordinates":[139.72,35.615]},"properties":{"type":"weak","estimated_rsrp":-128.8,"marker-color":"#ff9100","marker-size":"small","description":"Weak coverage: -128.8 dBm"}},{"type":"Feature","geometry":{"type":"Point","coordinates":[139.722,35.615]},"properties":{"type":"weak","estimated_rsrp":-128.0,"marker-color":"#ff9100","marker-size":"small","description":"Weak coverage: -128.0 dBm"}},{"type":"Feature","geometry":{"type":"Point","coordinates":[139.724,35.615]},"properties":{"type":"weak","estimated_rsrp":-127.5,"marker-color":"#ff9100","marker-size":"small","description":"Weak coverage: -127.5 dBm"}},{"type":"Feature","geometry":{"type":"Point","coordinates":[139.726,35.615]},"properties":{"type":"weak","estimated_rsrp":-127.2,"marker-color":"#ff9100","marker-size":"small","description":"Weak coverage: -127.2 dBm"}},{"type":"Feature","geometry":{"type":"Point","coordinates":[139.728,35.615]},"properties":{"type":"weak","estimated_rsrp":-126.9,"marker-color":"#ff9100","marker-size":"small","description":"Weak coverage: -126.9 dBm"}},{"type":"Feature","geometry":{"type":"Point","coordinates":[139.73,35.615]},"properties":{"type":"weak","estimated_rsrp":-127.0,"marker-color":"#ff9100","marker-size":"small","description":"Weak coverage: -127.0 dBm"}},{"type":"Feature","geometry":{"type":"Point","coordinates":[139.732,35.615]},"properties":{"type":"weak","estimated_rsrp":-127.4,"marker-color":"#ff9100","marker-size":"small","description":"Weak coverage: -127.4 dBm"}},{"type":"Feature","geometry":{"type":"Point","coordinates":[139.734,35.615]},"properties":{"type":"weak","estimated_rsrp":-121.5,"marker-color":"#ff9100","marker-size":"small","description":"Weak coverage: -121.5 dBm"}},{"type":"Feature","geometry":{"type":"Point","coordinates":[139.74,35.615]},"properties":{"type":"weak","estimated_rsrp":-120.9,"marker-color":"#ff9100","marker-size":"small","description":"Weak coverage: -120.9 dBm"}},{"type":"Feature","geometry":{"type":"Point","coordinates":[139.748,35.615]},"properties":{"type":"weak","estimated_rsrp":-120.8,"marker-color":"#ff9100","marker-size":"small","description":"Weak coverage: -120.8 dBm"}},{"type":"Feature","geometry":{"type":"Point","coordinates":[139.75,35.615]},"properties":{"type":"weak","estimated_rsrp":-120.9,"marker-color":"#ff9100","marker-size":"small","description":"Weak coverage: -120.9 dBm"}},{"type":"Feature","geometry":{"type":"Point","coordinates":[139.682,35.617]},"properties":{"type":"hole","estimated_rsrp":-140,"marker-color":"#ff1744","marker-size":"small","description":"No coverage detected"}},{"type":"Feature","geometry":{"type":"Point","coordinates":[139.684,35.617]},"properties":{"type":"hole","estimated_rsrp":-140,"marker-color":"#ff1744","marker-size":"small","description":"No coverage detected"}},{"type":"Feature","geometry":{"type":"Point","coordinates":[139.686,35.617]},"properties":{"type":"hole","estimated_rsrp":-140,"marker-color":"#ff1744","marker-size":"small","description":"No coverage detected"}},{"type":"Feature","geometry":{"type":"Point","coordinates":[139.688,35.617]},"properties":{"type":"hole","estimated_rsrp":-140,"marker-color":"#ff1744","marker-size":"small","description":"No coverage detected"}},{"type":"Feature","geometry":{"type":"Point","coordinates":[139.69,35.617]},"properties":{"type":"weak","estimated_rsrp":-129.6,"marker-color":"#ff9100","marker-size":"small","description":"Weak coverage: -129.6 dBm"}},{"type":"Feature","geometry":{"type":"Point","coordinates":[139.692,35.617]},"properties":{"type":"weak","estimated_rsrp":-128.7,"marker-color":"#ff9100","marker-size":"small","description":"Weak coverage: -128.7 dBm"}},{"type":"Feature","geometry":{"type":"Point","coordinates":[139.694,35.617]},"properties":{"type":"hole","estimated_rsrp":-140,"marker-color":"#ff1744","marker-size":"small","description":"No coverage detected"}},{"type":"Feature","geometry":{"type":"Point","coordinates":[139.696,35.617]},"properties":{"type":"weak","estimated_rsrp":-126.4,"marker-color":"#ff9100","marker-size":"small","description":"Weak coverage: -126.4 dBm"}},{"type":"Feature","geometry":{"type":"Point","coordinates":[139.698,35.617]},"properties":{"type":"weak","estimated_rsrp":-125.4,"marker-color":"#ff9100","marker-size":"small","description":"Weak coverage: -125.4 dBm"}},{"type":"Feature","geometry":{"type":"Point","coordinates":[139.7,35.617]},"properties":{"type":"weak","estimated_rsrp":-124.6,"marker-color":"#ff9100","marker-size":"small","description":"Weak coverage: -124.6 dBm"}},{"type":"Feature","geometry":{"type":"Point","coordinates":[139.702,35.617]},"properties":{"type":"weak","estimated_rsrp":-123.9,"marker-color":"#ff9100","marker-size":"small","description":"Weak coverage: -123.9 dBm"}},{"type":"Feature","geometry":{"type":"Point","coordinates":[139.704,35.617]},"properties":{"type":"hole","estimated_rsrp":-140,"marker-color":"#ff1744","marker-size":"small","description":"No coverage detected"}},{"type":"Feature","geometry":{"type":"Point","coordinates":[139.706,35.617]},"properties":{"type":"hole","estimated_rsrp":-140,"marker-color":"#ff1744","marker-size":"small","description":"No coverage detected"}},{"type":"Feature","geometry":{"type":"Point","coordinates":[139.708,35.617]},"properties":{"type":"hole","estimated_rsrp":-140,"marker-color":"#ff1744","marker-size":"small","description":"No coverage detected"}},{"type":"Feature","geometry":{"type":"Point","coordinates":[139.71,35.617]},"properties":{"type":"hole","estimated_rsrp":-140,"marker-color":"#ff1744","marker-size":"small","description":"No coverage detected"}},{"type":"Feature","geometry":{"type":"Point","coordinates":[139.712,35.617]},"properties":{"type":"hole","estimated_rsrp":-140,"marker-color":"#ff1744","marker-size":"small","description":"No coverage detected"}},{"type":"Feature","geometry":{"type":"Point","coordinates":[139.714,35.617]},"properties":{"type":"weak","estimated_rsrp":-130.0,"marker-color":"#ff9100","marker-size":"small","description":"Weak coverage: -130.0 dBm"}},{"type":"Feature","geometry":{"type":"Point","coordinates":[139.716,35.617]},"properties":{"type":"weak","estimated_rsrp":-129.4,"marker-color":"#ff9100","marker-size":"small","description":"Weak coverage: -129.4 dBm"}},{"type":"Feature","geometry":{"type":"Point","coordinates":[139.718,35.617]},"properties":{"type":"weak","estimated_rsrp":-128.6,"marker-color":"#ff9100","marker-size":"small","description":"Weak coverage: -128.6 dBm"}},{"type":"Feature","geometry":{"type":"Point","coordinates":[139.72,35.617]},"properties":{"type":"weak","estimated_rsrp":-127.8,"marker-color":"#ff9100","marker-size":"small","description":"Weak coverage: -127.8 dBm"}},{"type":"Feature","geometry":{"type":"Point","coordinates":[139.722,35.617]},"properties":{"type":"weak","estimated_rsrp":-126.7,"marker-color":"#ff9100","marker-size":"small","description":"Weak coverage: -126.7 dBm"}},{"type":"Feature","geometry":{"type":"Point","coordinates":[139.724,35.617]},"properties":{"type":"weak","estimated_rsrp":-126.0,"marker-color":"#ff9100","marker-size":"small","description":"Weak coverage: -126.0 dBm"}},{"type":"Feature","geometry":{"type":"Point","coordinates":[139.726,35.617]},"properties":{"type":"weak","estimated_rsrp":-122.3,"marker-color":"#ff9100","marker-size":"small","description":"Weak coverage: -122.3 dBm"}},{"type":"Feature","geometry":{"type":"Point","coordinates":[139.728,35.617]},"properties":{"type":"weak","estimated_rsrp":-121.9,"marker-color":"#ff9100","marker-size":"small","description":"Weak coverage: -121.9 dBm"}},{"type":"Feature","geometry":{"type":"Point","coordinates":[139.73,35.617]},"properties":{"type":"weak","estimated_rsrp":-121.6,"marker-color":"#ff9100","marker-size":"small","description":"Weak coverage: -121.6 dBm"}},{"type":"Feature","geometry":{"type":"Point","coordinates":[139.732,35.617]},"properties":{"type":"weak","estimated_rsrp":-121.3,"marker-color":"#ff9100","marker-size":"small","description":"Weak coverage: -121.3 dBm"}},{"type":"Feature","geometry":{"type":"Point","coordinates":[139.734,35.617]},"properties":{"type":"weak","estimated_rsrp":-121.0,"marker-color":"#ff9100","marker-size":"small","description":"Weak coverage: -121.0 dBm"}},{"type":"Feature","geometry":{"type":"Point","coordinates":[139.736,35.617]},"properties":{"type":"weak","estimated_rsrp":-120.8,"marker-color":"#ff9100","marker-size":"small","description":"Weak coverage: -120.8 dBm"}},{"type":"Feature","geometry":{"type":"Point","coordinates":[139.74,35.617]},"properties":{"type":"weak","estimated_rsrp":-120.4,"marker-color":"#ff9100","marker-size":"small","description":"Weak coverage: -120.4 dBm"}},{"type":"Feature","geometry":{"type":"Point","coordinates":[139.742,35.617]},"properties":{"type":"weak","estimated_rsrp":-120.3,"marker-color":"#ff9100","marker-size":"small","description":"Weak coverage: -120.3 dBm"}},{"type":"Feature","geometry":{"type":"Point","coordinates":[139.682,35.619]},"properties":{"type":"hole","estimated_rsrp":-140,"marker-color":"#ff1744","marker-size":"small","description":"No coverage detected"}},{"type":"Feature","geometry":{"type":"Point","coordinates":[139.684,35.619]},"properties":{"type":"hole","estimated_rsrp":-140,"marker-color":"#ff1744","marker-size":"small","description":"No coverage detected"}},{"type":"Feature","geometry":{"type":"Point","coordinates":[139.686,35.619]},"properties":{"type":"hole","estimated_rsrp":-140,"marker-color":"#ff1744","marker-size":"small","description":"No coverage detected"}},{"type":"Feature","geometry":{"type":"Point","coordinates":[139.688,35.619]},"properties":{"type":"hole","estimated_rsrp":-140,"marker-color":"#ff1744","marker-size":"small","description":"No coverage detected"}},{"type":"Feature","geometry":{"type":"Point","coordinates":[139.69,35.619]},"properties":{"type":"weak","estimated_rsrp":-129.4,"marker-color":"#ff9100","marker-size":"small","description":"Weak coverage: -129.4 dBm"}},{"type":"Feature","geometry":{"type":"Point","coordinates":[139.692,35.619]},"properties":{"type":"weak","estimated_rsrp":-128.1,"marker-color":"#ff9100","marker-size":"small","description":"Weak coverage: -128.1 dBm"}},{"type":"Feature","geometry":{"type":"Point","coordinates":[139.694,35.619]},"properties":{"type":"weak","estimated_rsrp":-127.4,"marker-color":"#ff9100","marker-size":"small","description":"Weak coverage: -127.4 dBm"}},{"type":"Feature","geometry":{"type":"Point","coordinates":[139.696,35.619]},"properties":{"type":"hole","estimated_rsrp":-140,"marker-color":"#ff1744","marker-size":"small","description":"No coverage detected"}},{"type":"Feature","geometry":{"type":"Point","coordinates":[139.698,35.619]},"properties":{"type":"weak","estimated_rsrp":-124.8,"marker-color":"#ff9100","marker-size":"small","description":"Weak coverage: -124.8 dBm"}},{"type":"Feature","geometry":{"type":"Point","coordinates":[139.7,35.619]},"properties":{"type":"weak","estimated_rsrp":-124.2,"marker-color":"#ff9100","marker-size":"small","description":"Weak coverage: -124.2 dBm"}},{"type":"Feature","geometry":{"type":"Point","coordinates":[139.702,35.619]},"properties":{"type":"weak","estimated_rsrp":-123.4,"marker-color":"#ff9100","marker-size":"small","description":"Weak coverage: -123.4 dBm"}},{"type":"Feature","geometry":{"type":"Point","coordinates":[139.704,35.619]},"properties":{"type":"weak","estimated_rsrp":-122.0,"marker-color":"#ff9100","marker-size":"small","description":"Weak coverage: -122.0 dBm"}},{"type":"Feature","geometry":{"type":"Point","coordinates":[139.706,35.619]},"properties":{"type":"hole","estimated_rsrp":-140,"marker-color":"#ff1744","marker-size":"small","description":"No coverage detected"}},{"type":"Feature","geometry":{"type":"Point","coordinates":[139.708,35.619]},"properties":{"type":"hole","estimated_rsrp":-140,"marker-color":"#ff1744","marker-size":"small","description":"No coverage detected"}},{"type":"Feature","geometry":{"type":"Point","coordinates":[139.71,35.619]},"properties":{"type":"hole","estimated_rsrp":-140,"marker-color":"#ff1744","marker-size":"small","description":"No coverage detected"}},{"type":"Feature","geometry":{"type":"Point","coordinates":[139.712,35.619]},"properties":{"type":"hole","estimated_rsrp":-140,"marker-color":"#ff1744","marker-size":"small","description":"No coverage detected"}},{"type":"Feature","geometry":{"type":"Point","coordinates":[139.714,35.619]},"properties":{"type":"weak","estimated_rsrp":-129.8,"marker-color":"#ff9100","marker-size":"small","description":"Weak coverage: -129.8 dBm"}},{"type":"Feature","geometry":{"type":"Point","coordinates":[139.716,35.619]},"properties":{"type":"weak","estimated_rsrp":-128.6,"marker-color":"#ff9100","marker-size":"small","description":"Weak coverage: -128.6 dBm"}},{"type":"Feature","geometry":{"type":"Point","coordinates":[139.718,35.619]},"properties":{"type":"weak","estimated_rsrp":-127.6,"marker-color":"#ff9100","marker-size":"small","description":"Weak coverage: -127.6 dBm"}},{"type":"Feature","geometry":{"type":"Point","coordinates":[139.72,35.619]},"properties":{"type":"weak","estimated_rsrp":-123.3,"marker-color":"#ff9100","marker-size":"small","description":"Weak coverage: -123.3 dBm"}},{"type":"Feature","geometry":{"type":"Point","coordinates":[139.722,35.619]},"properties":{"type":"weak","estimated_rsrp":-121.8,"marker-color":"#ff9100","marker-size":"small","description":"Weak coverage: -121.8 dBm"}},{"type":"Feature","geometry":{"type":"Point","coordinates":[139.724,35.619]},"properties":{"type":"weak","estimated_rsrp":-122.3,"marker-color":"#ff9100","marker-size":"small","description":"Weak coverage: -122.3 dBm"}},{"type":"Feature","geometry":{"type":"Point","coordinates":[139.726,35.619]},"properties":{"type":"weak","estimated_rsrp":-121.9,"marker-color":"#ff9100","marker-size":"small","description":"Weak coverage: -121.9 dBm"}},{"type":"Feature","geometry":{"type":"Point","coordinates":[139.728,35.619]},"properties":{"type":"weak","estimated_rsrp":-121.4,"marker-color":"#ff9100","marker-size":"small","description":"Weak coverage: -121.4 dBm"}},{"type":"Feature","geometry":{"type":"Point","coordinates":[139.73,35.619]},"properties":{"type":"weak","estimated_rsrp":-121.0,"marker-color":"#ff9100","marker-size":"small","description":"Weak coverage: -121.0 dBm"}},{"type":"Feature","geometry":{"type":"Point","coordinates":[139.732,35.619]},"properties":{"type":"weak","estimated_rsrp":-120.7,"marker-color":"#ff9100","marker-size":"small","description":"Weak coverage: -120.7 dBm"}},{"type":"Feature","geometry":{"type":"Point","coordinates":[139.736,35.619]},"properties":{"type":"weak","estimated_rsrp":-120.1,"marker-color":"#ff9100","marker-size":"small","description":"Weak coverage: -120.1 dBm"}},{"type":"Feature","geometry":{"type":"Point","coordinates":[139.682,35.621]},"properties":{"type":"hole","estimated_rsrp":-140,"marker-color":"#ff1744","marker-size":"small","description":"No coverage detected"}},{"type":"Feature","geometry":{"type":"Point","coordinates":[139.684,35.621]},"properties":{"type":"hole","estimated_rsrp":-140,"marker-color":"#ff1744","marker-size":"small","description":"No coverage detected"}},{"type":"Feature","geometry":{"type":"Point","coordinates":[139.686,35.621]},"properties":{"type":"hole","estimated_rsrp":-140,"marker-color":"#ff1744","marker-size":"small","description":"No coverage detected"}},{"type":"Feature","geometry":{"type":"Point","coordinates":[139.688,35.621]},"properties":{"type":"weak","estimated_rsrp":-130.0,"marker-color":"#ff9100","marker-size":"small","description":"Weak coverage: -130.0 dBm"}},{"type":"Feature","geometry":{"type":"Point","coordinates":[139.69,35.621]},"properties":{"type":"weak","estimated_rsrp":-129.3,"marker-color":"#ff9100","marker-size":"small","description":"Weak coverage: -129.3 dBm"}},{"type":"Feature","geometry":{"type":"Point","coordinates":[139.692,35.621]},"properties":{"type":"weak","estimated_rsrp":-127.8,"marker-color":"#ff9100","marker-size":"small","description":"Weak coverage: -127.8 dBm"}},{"type":"Feature","geometry":{"type":"Point","coordinates":[139.694,35.621]},"properties":{"type":"weak","estimated_rsrp":-126.7,"marker-color":"#ff9100","marker-size":"small","description":"Weak coverage: -126.7 dBm"}},{"type":"Feature","geometry":{"type":"Point","coordinates":[139.696,35.621]},"properties":{"type":"weak","estimated_rsrp":-125.5,"marker-color":"#ff9100","marker-size":"small","description":"Weak coverage: -125.5 dBm"}},{"type":"Feature","geometry":{"type":"Point","coordinates":[139.698,35.621]},"properties":{"type":"weak","estimated_rsrp":-124.1,"marker-color":"#ff9100","marker-size":"small","description":"Weak coverage: -124.1 dBm"}},{"type":"Feature","geometry":{"type":"Point","coordinates":[139.7,35.621]},"properties":{"type":"weak","estimated_rsrp":-123.3,"marker-color":"#ff9100","marker-size":"small","description":"Weak coverage: -123.3 dBm"}},{"type":"Feature","geometry":{"type":"Point","coordinates":[139.702,35.621]},"properties":{"type":"weak","estimated_rsrp":-122.0,"marker-color":"#ff9100","marker-size":"small","description":"Weak coverage: -122.0 dBm"}},{"type":"Feature","geometry":{"type":"Point","coordinates":[139.704,35.621]},"properties":{"type":"weak","estimated_rsrp":-121.1,"marker-color":"#ff9100","marker-size":"small","description":"Weak coverage: -121.1 dBm"}},{"type":"Feature","geometry":{"type":"Point","coordinates":[139.706,35.621]},"properties":{"type":"hole","estimated_rsrp":-140,"marker-color":"#ff1744","marker-size":"small","description":"No coverage detected"}},{"type":"Feature","geometry":{"type":"Point","coordinates":[139.708,35.621]},"properties":{"type":"hole","estimated_rsrp":-140,"marker-color":"#ff1744","marker-size":"small","description":"No coverage detected"}},{"type":"Feature","geometry":{"type":"Point","coordinates":[139.71,35.621]},"properties":{"type":"hole","estimated_rsrp":-140,"marker-color":"#ff1744","marker-size":"small","description":"No coverage detected"}},{"type":"Feature","geometry":{"type":"Point","coordinates":[139.712,35.621]},"properties":{"type":"hole","estimated_rsrp":-140,"marker-color":"#ff1744","marker-size":"small","description":"No coverage detected"}},{"type":"Feature","geometry":{"type":"Point","coordinates":[139.714,35.621]},"properties":{"type":"weak","estimated_rsrp":-129.6,"marker-color":"#ff9100","marker-size":"small","description":"Weak coverage: -129.6 dBm"}},{"type":"Feature","geometry":{"type":"Point","coordinates":[139.716,35.621]},"properties":{"type":"weak","estimated_rsrp":-121.4,"marker-color":"#ff9100","marker-size":"small","description":"Weak coverage: -121.4 dBm"}},{"type":"Feature","geometry":{"type":"Point","coordinates":[139.718,35.621]},"properties":{"type":"weak","estimated_rsrp":-123.3,"marker-color":"#ff9100","marker-size":"small","description":"Weak coverage: -123.3 dBm"}},{"type":"Feature","geometry":{"type":"Point","coordinates":[139.72,35.621]},"properties":{"type":"weak","estimated_rsrp":-123.0,"marker-color":"#ff9100","marker-size":"small","description":"Weak coverage: -123.0 dBm"}},{"type":"Feature","geometry":{"type":"Point","coordinates":[139.724,35.621]},"properties":{"type":"weak","estimated_rsrp":-121.9,"marker-color":"#ff9100","marker-size":"small","description":"Weak coverage: -121.9 dBm"}},{"type":"Feature","geometry":{"type":"Point","coordinates":[139.726,35.621]},"properties":{"type":"weak","estimated_rsrp":-121.5,"marker-color":"#ff9100","marker-size":"small","description":"Weak coverage: -121.5 dBm"}},{"type":"Feature","geometry":{"type":"Point","coordinates":[139.728,35.621]},"properties":{"type":"weak","estimated_rsrp":-120.1,"marker-color":"#ff9100","marker-size":"small","description":"Weak coverage: -120.1 dBm"}},{"type":"Feature","geometry":{"type":"Point","coordinates":[139.682,35.623]},"properties":{"type":"hole","estimated_rsrp":-140,"marker-color":"#ff1744","marker-size":"small","description":"No coverage detected"}},{"type":"Feature","geometry":{"type":"Point","coordinates":[139.684,35.623]},"properties":{"type":"hole","estimated_rsrp":-140,"marker-color":"#ff1744","marker-size":"small","description":"No coverage detected"}},{"type":"Feature","geometry":{"type":"Point","coordinates":[139.686,35.623]},"properties":{"type":"hole","estimated_rsrp":-140,"marker-color":"#ff1744","marker-size":"small","description":"No coverage detected"}},{"type":"Feature","geometry":{"type":"Point","coordinates":[139.688,35.623]},"properties":{"type":"weak","estimated_rsrp":-130.0,"marker-color":"#ff9100","marker-size":"small","description":"Weak coverage: -130.0 dBm"}},{"type":"Feature","geometry":{"type":"Point","coordinates":[139.69,35.623]},"properties":{"type":"weak","estimated_rsrp":-129.2,"marker-color":"#ff9100","marker-size":"small","description":"Weak coverage: -129.2 dBm"}},{"type":"Feature","geometry":{"type":"Point","coordinates":[139.692,35.623]},"properties":{"type":"weak","estimated_rsrp":-127.7,"marker-color":"#ff9100","marker-size":"small","description":"Weak coverage: -127.7 dBm"}},{"type":"Feature","geometry":{"type":"Point","coordinates":[139.694,35.623]},"properties":{"type":"weak","estimated_rsrp":-126.5,"marker-color":"#ff9100","marker-size":"small","description":"Weak coverage: -126.5 dBm"}},{"type":"Feature","geometry":{"type":"Point","coordinates":[139.696,35.623]},"properties":{"type":"weak","estimated_rsrp":-125.3,"marker-color":"#ff9100","marker-size":"small","description":"Weak coverage: -125.3 dBm"}},{"type":"Feature","geometry":{"type":"Point","coordinates":[139.7,35.623]},"properties":{"type":"weak","estimated_rsrp":-122.2,"marker-color":"#ff9100","marker-size":"small","description":"Weak coverage: -122.2 dBm"}},{"type":"Feature","geometry":{"type":"Point","coordinates":[139.702,35.623]},"properties":{"type":"weak","estimated_rsrp":-121.5,"marker-color":"#ff9100","marker-size":"small","description":"Weak coverage: -121.5 dBm"}},{"type":"Feature","geometry":{"type":"Point","coordinates":[139.704,35.623]},"properties":{"type":"weak","estimated_rsrp":-120.2,"marker-color":"#ff9100","marker-size":"small","description":"Weak coverage: -120.2 dBm"}},{"type":"Feature","geometry":{"type":"Point","coordinates":[139.708,35.623]},"properties":{"type":"hole","estimated_rsrp":-140,"marker-color":"#ff1744","marker-size":"small","description":"No coverage detected"}},{"type":"Feature","geometry":{"type":"Point","coordinates":[139.71,35.623]},"properties":{"type":"hole","estimated_rsrp":-140,"marker-color":"#ff1744","marker-size":"small","description":"No coverage detected"}},{"type":"Feature","geometry":{"type":"Point","coordinates":[139.712,35.623]},"properties":{"type":"weak","estimated_rsrp":-122.5,"marker-color":"#ff9100","marker-size":"small","description":"Weak coverage: -122.5 dBm"}},{"type":"Feature","geometry":{"type":"Point","coordinates":[139.714,35.623]},"properties":{"type":"weak","estimated_rsrp":-121.3,"marker-color":"#ff9100","marker-size":"small","description":"Weak coverage: -121.3 dBm"}},{"type":"Feature","geometry":{"type":"Point","coordinates":[139.716,35.623]},"properties":{"type":"weak","estimated_rsrp":-122.6,"marker-color":"#ff9100","marker-size":"small","description":"Weak coverage: -122.6 dBm"}},{"type":"Feature","geometry":{"type":"Point","coordinates":[139.718,35.623]},"properties":{"type":"weak","estimated_rsrp":-122.6,"marker-color":"#ff9100","marker-size":"small","description":"Weak coverage: -122.6 dBm"}},{"type":"Feature","geometry":{"type":"Point","coordinates":[139.72,35.623]},"properties":{"type":"weak","estimated_rsrp":-122.7,"marker-color":"#ff9100","marker-size":"small","description":"Weak coverage: -122.7 dBm"}},{"type":"Feature","geometry":{"type":"Point","coordinates":[139.722,35.623]},"properties":{"type":"weak","estimated_rsrp":-122.1,"marker-color":"#ff9100","marker-size":"small","description":"Weak coverage: -122.1 dBm"}},{"type":"Feature","geometry":{"type":"Point","coordinates":[139.724,35.623]},"properties":{"type":"weak","estimated_rsrp":-121.6,"marker-color":"#ff9100","marker-size":"small","description":"Weak coverage: -121.6 dBm"}},{"type":"Feature","geometry":{"type":"Point","coordinates":[139.726,35.623]},"properties":{"type":"weak","estimated_rsrp":-120.5,"marker-color":"#ff9100","marker-size":"small","description":"Weak coverage: -120.5 dBm"}},{"type":"Feature","geometry":{"type":"Point","coordinates":[139.682,35.625]},"properties":{"type":"hole","estimated_rsrp":-140,"marker-color":"#ff1744","marker-size":"small","description":"No coverage detected"}},{"type":"Feature","geometry":{"type":"Point","coordinates":[139.684,35.625]},"properties":{"type":"hole","estimated_rsrp":-140,"marker-color":"#ff1744","marker-size":"small","description":"No coverage detected"}},{"type":"Feature","geometry":{"type":"Point","coordinates":[139.686,35.625]},"properties":{"type":"hole","estimated_rsrp":-140,"marker-color":"#ff1744","marker-size":"small","description":"No coverage detected"}},{"type":"Feature","geometry":{"type":"Point","coordinates":[139.688,35.625]},"properties":{"type":"hole","estimated_rsrp":-140,"marker-color":"#ff1744","marker-size":"small","description":"No coverage detected"}},{"type":"Feature","geometry":{"type":"Point","coordinates":[139.69,35.625]},"properties":{"type":"weak","estimated_rsrp":-129.3,"marker-color":"#ff9100","marker-size":"small","description":"Weak coverage: -129.3 dBm"}},{"type":"Feature","geometry":{"type":"Point","coordinates":[139.692,35.625]},"properties":{"type":"weak","estimated_rsrp":-127.6,"marker-color":"#ff9100","marker-size":"small","description":"Weak coverage: -127.6 dBm"}},{"type":"Feature","geometry":{"type":"Point","coordinates":[139.694,35.625]},"properties":{"type":"weak","estimated_rsrp":-126.3,"marker-color":"#ff9100","marker-size":"small","description":"Weak coverage: -126.3 dBm"}},{"type":"Feature","geometry":{"type":"Point","coordinates":[139.698,35.625]},"properties":{"type":"weak","estimated_rsrp":-123.2,"marker-color":"#ff9100","marker-size":"small","description":"Weak coverage: -123.2 dBm"}},{"type":"Feature","geometry":{"type":"Point","coordinates":[139.702,35.625]},"properties":{"type":"weak","estimated_rsrp":-120.1,"marker-color":"#ff9100","marker-size":"small","description":"Weak coverage: -120.1 dBm"}},{"type":"Feature","geometry":{"type":"Point","coordinates":[139.708,35.625]},"properties":{"type":"weak","estimated_rsrp":-122.0,"marker-color":"#ff9100","marker-size":"small","description":"Weak coverage: -122.0 dBm"}},{"type":"Feature","geometry":{"type":"Point","coordinates":[139.71,35.625]},"properties":{"type":"weak","estimated_rsrp":-122.0,"marker-color":"#ff9100","marker-size":"small","description":"Weak coverage: -122.0 dBm"}},{"type":"Feature","geometry":{"type":"Point","coordinates":[139.712,35.625]},"properties":{"type":"weak","estimated_rsrp":-121.9,"marker-color":"#ff9100","marker-size":"small","description":"Weak coverage: -121.9 dBm"}},{"type":"Feature","geometry":{"type":"Point","coordinates":[139.714,35.625]},"properties":{"type":"weak","estimated_rsrp":-121.8,"marker-color":"#ff9100","marker-size":"small","description":"Weak coverage: -121.8 dBm"}},{"type":"Feature","geometry":{"type":"Point","coordinates":[139.716,35.625]},"properties":{"type":"weak","estimated_rsrp":-121.8,"marker-color":"#ff9100","marker-size":"small","description":"Weak coverage: -121.8 dBm"}},{"type":"Feature","geometry":{"type":"Point","coordinates":[139.718,35.625]},"properties":{"type":"weak","estimated_rsrp":-121.7,"marker-color":"#ff9100","marker-size":"small","description":"Weak coverage: -121.7 dBm"}},{"type":"Feature","geometry":{"type":"Point","coordinates":[139.72,35.625]},"properties":{"type":"weak","estimated_rsrp":-121.8,"marker-color":"#ff9100","marker-size":"small","description":"Weak coverage: -121.8 dBm"}},{"type":"Feature","geometry":{"type":"Point","coordinates":[139.724,35.625]},"properties":{"type":"weak","estimated_rsrp":-121.1,"marker-color":"#ff9100","marker-size":"small","description":"Weak coverage: -121.1 dBm"}},{"type":"Feature","geometry":{"type":"Point","coordinates":[139.682,35.627]},"properties":{"type":"hole","estimated_rsrp":-140,"marker-color":"#ff1744","marker-size":"small","description":"No coverage detected"}},{"type":"Feature","geometry":{"type":"Point","coordinates":[139.684,35.627]},"properties":{"type":"hole","estimated_rsrp":-140,"marker-color":"#ff1744","marker-size":"small","description":"No coverage detected"}},{"type":"Feature","geometry":{"type":"Point","coordinates":[139.686,35.627]},"properties":{"type":"hole","estimated_rsrp":-140,"marker-color":"#ff1744","marker-size":"small","description":"No coverage detected"}},{"type":"Feature","geometry":{"type":"Point","coordinates":[139.688,35.627]},"properties":{"type":"hole","estimated_rsrp":-140,"marker-color":"#ff1744","marker-size":"small","description":"No coverage detected"}},{"type":"Feature","geometry":{"type":"Point","coordinates":[139.69,35.627]},"properties":{"type":"weak","estimated_rsrp":-129.6,"marker-color":"#ff9100","marker-size":"small","description":"Weak coverage: -129.6 dBm"}},{"type":"Feature","geometry":{"type":"Point","coordinates":[139.692,35.627]},"properties":{"type":"weak","estimated_rsrp":-127.8,"marker-color":"#ff9100","marker-size":"small","description":"Weak coverage: -127.8 dBm"}},{"type":"Feature","geometry":{"type":"Point","coordinates":[139.694,35.627]},"properties":{"type":"weak","estimated_rsrp":-126.3,"marker-color":"#ff9100","marker-size":"small","description":"Weak coverage: -126.3 dBm"}},{"type":"Feature","geometry":{"type":"Point","coordinates":[139.696,35.627]},"properties":{"type":"weak","estimated_rsrp":-124.9,"marker-color":"#ff9100","marker-size":"small","description":"Weak coverage: -124.9 dBm"}},{"type":"Feature","geometry":{"type":"Point","coordinates":[139.698,35.627]},"properties":{"type":"weak","estimated_rsrp":-122.9,"marker-color":"#ff9100","marker-size":"small","description":"Weak coverage: -122.9 dBm"}},{"type":"Feature","geometry":{"type":"Point","coordinates":[139.7,35.627]},"properties":{"type":"weak","estimated_rsrp":-121.4,"marker-color":"#ff9100","marker-size":"small","description":"Weak coverage: -121.4 dBm"}},{"type":"Feature","geometry":{"type":"Point","coordinates":[139.71,35.627]},"properties":{"type":"weak","estimated_rsrp":-121.4,"marker-color":"#ff9100","marker-size":"small","description":"Weak coverage: -121.4 dBm"}},{"type":"Feature","geometry":{"type":"Point","coordinates":[139.712,35.627]},"properties":{"type":"weak","estimated_rsrp":-121.3,"marker-color":"#ff9100","marker-size":"small","description":"Weak coverage: -121.3 dBm"}},{"type":"Feature","geometry":{"type":"Point","coordinates":[139.714,35.627]},"properties":{"type":"weak","estimated_rsrp":-121.2,"marker-color":"#ff9100","marker-size":"small","description":"Weak coverage: -121.2 dBm"}},{"type":"Feature","geometry":{"type":"Point","coordinates":[139.716,35.627]},"properties":{"type":"weak","estimated_rsrp":-121.1,"marker-color":"#ff9100","marker-size":"small","description":"Weak coverage: -121.1 dBm"}},{"type":"Feature","geometry":{"type":"Point","coordinates":[139.718,35.627]},"properties":{"type":"weak","estimated_rsrp":-121.1,"marker-color":"#ff9100","marker-size":"small","description":"Weak coverage: -121.1 dBm"}},{"type":"Feature","geometry":{"type":"Point","coordinates":[139.72,35.627]},"properties":{"type":"weak","estimated_rsrp":-121.1,"marker-color":"#ff9100","marker-size":"small","description":"Weak coverage: -121.1 dBm"}},{"type":"Feature","geometry":{"type":"Point","coordinates":[139.724,35.627]},"properties":{"type":"weak","estimated_rsrp":-120.8,"marker-color":"#ff9100","marker-size":"small","description":"Weak coverage: -120.8 dBm"}},{"type":"Feature","geometry":{"type":"Point","coordinates":[139.726,35.627]},"properties":{"type":"weak","estimated_rsrp":-120.2,"marker-color":"#ff9100","marker-size":"small","description":"Weak coverage: -120.2 dBm"}},{"type":"Feature","geometry":{"type":"Point","coordinates":[139.682,35.629]},"properties":{"type":"hole","estimated_rsrp":-140,"marker-color":"#ff1744","marker-size":"small","description":"No coverage detected"}},{"type":"Feature","geometry":{"type":"Point","coordinates":[139.684,35.629]},"properties":{"type":"hole","estimated_rsrp":-140,"marker-color":"#ff1744","marker-size":"small","description":"No coverage detected"}},{"type":"Feature","geometry":{"type":"Point","coordinates":[139.686,35.629]},"properties":{"type":"hole","estimated_rsrp":-140,"marker-color":"#ff1744","marker-size":"small","description":"No coverage detected"}},{"type":"Feature","geometry":{"type":"Point","coordinates":[139.688,35.629]},"properties":{"type":"hole","estimated_rsrp":-140,"marker-color":"#ff1744","marker-size":"small","description":"No coverage detected"}},{"type":"Feature","geometry":{"type":"Point","coordinates":[139.69,35.629]},"properties":{"type":"weak","estimated_rsrp":-127.0,"marker-color":"#ff9100","marker-size":"small","description":"Weak coverage: -127.0 dBm"}},{"type":"Feature","geometry":{"type":"Point","coordinates":[139.692,35.629]},"properties":{"type":"weak","estimated_rsrp":-128.1,"marker-color":"#ff9100","marker-size":"small","description":"Weak coverage: -128.1 dBm"}},{"type":"Feature","geometry":{"type":"Point","coordinates":[139.694,35.629]},"properties":{"type":"weak","estimated_rsrp":-126.6,"marker-color":"#ff9100","marker-size":"small","description":"Weak coverage: -126.6 dBm"}},{"type":"Feature","geometry":{"type":"Point","coordinates":[139.696,35.629]},"properties":{"type":"weak","estimated_rsrp":-125.0,"marker-color":"#ff9100","marker-size":"small","description":"Weak coverage: -125.0 dBm"}},{"type":"Feature","geometry":{"type":"Point","coordinates":[139.7,35.629]},"properties":{"type":"weak","estimated_rsrp":-121.1,"marker-color":"#ff9100","marker-size":"small","description":"Weak coverage: -121.1 dBm"}},{"type":"Feature","geometry":{"type":"Point","coordinates":[139.71,35.629]},"properties":{"type":"weak","estimated_rsrp":-120.9,"marker-color":"#ff9100","marker-size":"small","description":"Weak coverage: -120.9 dBm"}},{"type":"Feature","geometry":{"type":"Point","coordinates":[139.712,35.629]},"properties":{"type":"weak","estimated_rsrp":-120.7,"marker-color":"#ff9100","marker-size":"small","description":"Weak coverage: -120.7 dBm"}},{"type":"Feature","geometry":{"type":"Point","coordinates":[139.714,35.629]},"properties":{"type":"weak","estimated_rsrp":-120.6,"marker-color":"#ff9100","marker-size":"small","description":"Weak coverage: -120.6 dBm"}},{"type":"Feature","geometry":{"type":"Point","coordinates":[139.716,35.629]},"properties":{"type":"weak","estimated_rsrp":-120.4,"marker-color":"#ff9100","marker-size":"small","description":"Weak coverage: -120.4 dBm"}},{"type":"Feature","geometry":{"type":"Point","coordinates":[139.718,35.629]},"properties":{"type":"weak","estimated_rsrp":-120.4,"marker-color":"#ff9100","marker-size":"small","description":"Weak coverage: -120.4 dBm"}},{"type":"Feature","geometry":{"type":"Point","coordinates":[139.684,35.631]},"properties":{"type":"hole","estimated_rsrp":-140,"marker-color":"#ff1744","marker-size":"small","description":"No coverage detected"}},{"type":"Feature","geometry":{"type":"Point","coordinates":[139.686,35.631]},"properties":{"type":"hole","estimated_rsrp":-140,"marker-color":"#ff1744","marker-size":"small","description":"No coverage detected"}},{"type":"Feature","geometry":{"type":"Point","coordinates":[139.688,35.631]},"properties":{"type":"hole","estimated_rsrp":-140,"marker-color":"#ff1744","marker-size":"small","description":"No coverage detected"}},{"type":"Feature","geometry":{"type":"Point","coordinates":[139.69,35.631]},"properties":{"type":"weak","estimated_rsrp":-129.9,"marker-color":"#ff9100","marker-size":"small","description":"Weak coverage: -129.9 dBm"}},{"type":"Feature","geometry":{"type":"Point","coordinates":[139.692,35.631]},"properties":{"type":"weak","estimated_rsrp":-128.8,"marker-color":"#ff9100","marker-size":"small","description":"Weak coverage: -128.8 dBm"}},{"type":"Feature","geometry":{"type":"Point","coordinates":[139.694,35.631]},"properties":{"type":"weak","estimated_rsrp":-127.2,"marker-color":"#ff9100","marker-size":"small","description":"Weak coverage: -127.2 dBm"}},{"type":"Feature","geometry":{"type":"Point","coordinates":[139.696,35.631]},"properties":{"type":"weak","estimated_rsrp":-125.4,"marker-color":"#ff9100","marker-size":"small","description":"Weak coverage: -125.4 dBm"}},{"type":"Feature","geometry":{"type":"Point","coordinates":[139.698,35.631]},"properties":{"type":"weak","estimated_rsrp":-123.0,"marker-color":"#ff9100","marker-size":"small","description":"Weak coverage: -123.0 dBm"}},{"type":"Feature","geometry":{"type":"Point","coordinates":[139.7,35.631]},"properties":{"type":"weak","estimated_rsrp":-121.0,"marker-color":"#ff9100","marker-size":"small","description":"Weak coverage: -121.0 dBm"}},{"type":"Feature","geometry":{"type":"Point","coordinates":[139.71,35.631]},"properties":{"type":"weak","estimated_rsrp":-120.2,"marker-color":"#ff9100","marker-size":"small","description":"Weak coverage: -120.2 dBm"}},{"type":"Feature","geometry":{"type":"Point","coordinates":[139.684,35.633]},"properties":{"type":"weak","estimated_rsrp":-120.9,"marker-color":"#ff9100","marker-size":"small","description":"Weak coverage: -120.9 dBm"}},{"type":"Feature","geometry":{"type":"Point","coordinates":[139.686,35.633]},"properties":{"type":"hole","estimated_rsrp":-140,"marker-color":"#ff1744","marker-size":"small","description":"No coverage detected"}},{"type":"Feature","geometry":{"type":"Point","coordinates":[139.688,35.633]},"properties":{"type":"weak","estimated_rsrp":-127.4,"marker-color":"#ff9100","marker-size":"small","description":"Weak coverage: -127.4 dBm"}},{"type":"Feature","geometry":{"type":"Point","coordinates":[139.69,35.633]},"properties":{"type":"weak","estimated_rsrp":-127.7,"marker-color":"#ff9100","marker-size":"small","description":"Weak coverage: -127.7 dBm"}},{"type":"Feature","geometry":{"type":"Point","coordinates":[139.692,35.633]},"properties":{"type":"weak","estimated_rsrp":-129.7,"marker-color":"#ff9100","marker-size":"small","description":"Weak coverage: -129.7 dBm"}},{"type":"Feature","geometry":{"type":"Point","coordinates":[139.694,35.633]},"properties":{"type":"weak","estimated_rsrp":-128.0,"marker-color":"#ff9100","marker-size":"small","description":"Weak coverage: -128.0 dBm"}},{"type":"Feature","geometry":{"type":"Point","coordinates":[139.696,35.633]},"properties":{"type":"weak","estimated_rsrp":-126.1,"marker-color":"#ff9100","marker-size":"small","description":"Weak coverage: -126.1 dBm"}},{"type":"Feature","geometry":{"type":"Point","coordinates":[139.698,35.633]},"properties":{"type":"weak","estimated_rsrp":-123.5,"marker-color":"#ff9100","marker-size":"small","description":"Weak coverage: -123.5 dBm"}},{"type":"Feature","geometry":{"type":"Point","coordinates":[139.788,35.633]},"properties":{"type":"weak","estimated_rsrp":-120.8,"marker-color":"#ff9100","marker-size":"small","description":"Weak coverage: -120.8 dBm"}},{"type":"Feature","geometry":{"type":"Point","coordinates":[139.684,35.635]},"properties":{"type":"weak","estimated_rsrp":-124.5,"marker-color":"#ff9100","marker-size":"small","description":"Weak coverage: -124.5 dBm"}},{"type":"Feature","geometry":{"type":"Point","coordinates":[139.686,35.635]},"properties":{"type":"hole","estimated_rsrp":-140,"marker-color":"#ff1744","marker-size":"small","description":"No coverage detected"}},{"type":"Feature","geometry":{"type":"Point","coordinates":[139.688,35.635]},"properties":{"type":"hole","estimated_rsrp":-140,"marker-color":"#ff1744","marker-size":"small","description":"No coverage detected"}},{"type":"Feature","geometry":{"type":"Point","coordinates":[139.69,35.635]},"properties":{"type":"weak","estimated_rsrp":-128.1,"marker-color":"#ff9100","marker-size":"small","description":"Weak coverage: -128.1 dBm"}},{"type":"Feature","geometry":{"type":"Point","coordinates":[139.692,35.635]},"properties":{"type":"weak","estimated_rsrp":-128.5,"marker-color":"#ff9100","marker-size":"small","description":"Weak coverage: -128.5 dBm"}},{"type":"Feature","geometry":{"type":"Point","coordinates":[139.694,35.635]},"properties":{"type":"weak","estimated_rsrp":-129.2,"marker-color":"#ff9100","marker-size":"small","description":"Weak coverage: -129.2 dBm"}},{"type":"Feature","geometry":{"type":"Point","coordinates":[139.696,35.635]},"properties":{"type":"weak","estimated_rsrp":-127.3,"marker-color":"#ff9100","marker-size":"small","description":"Weak coverage: -127.3 dBm"}},{"type":"Feature","geometry":{"type":"Point","coordinates":[139.698,35.635]},"properties":{"type":"weak","estimated_rsrp":-124.4,"marker-color":"#ff9100","marker-size":"small","description":"Weak coverage: -124.4 dBm"}},{"type":"Feature","geometry":{"type":"Point","coordinates":[139.794,35.635]},"properties":{"type":"weak","estimated_rsrp":-124.0,"marker-color":"#ff9100","marker-size":"small","description":"Weak coverage: -124.0 dBm"}},{"type":"Feature","geometry":{"type":"Point","coordinates":[139.796,35.635]},"properties":{"type":"weak","estimated_rsrp":-124.5,"marker-color":"#ff9100","marker-size":"small","description":"Weak coverage: -124.5 dBm"}},{"type":"Feature","geometry":{"type":"Point","coordinates":[139.688,35.637]},"properties":{"type":"hole","estimated_rsrp":-140,"marker-color":"#ff1744","marker-size":"small","description":"No coverage detected"}},{"type":"Feature","geometry":{"type":"Point","coordinates":[139.69,35.637]},"properties":{"type":"hole","estimated_rsrp":-140,"marker-color":"#ff1744","marker-size":"small","description":"No coverage detected"}},{"type":"Feature","geometry":{"type":"Point","coordinates":[139.692,35.637]},"properties":{"type":"hole","estimated_rsrp":-140,"marker-color":"#ff1744","marker-size":"small","description":"No coverage detected"}},{"type":"Feature","geometry":{"type":"Point","coordinates":[139.694,35.637]},"properties":{"type":"weak","estimated_rsrp":-129.1,"marker-color":"#ff9100","marker-size":"small","description":"Weak coverage: -129.1 dBm"}},{"type":"Feature","geometry":{"type":"Point","coordinates":[139.696,35.637]},"properties":{"type":"weak","estimated_rsrp":-129.4,"marker-color":"#ff9100","marker-size":"small","description":"Weak coverage: -129.4 dBm"}},{"type":"Feature","geometry":{"type":"Point","coordinates":[139.794,35.637]},"properties":{"type":"weak","estimated_rsrp":-125.6,"marker-color":"#ff9100","marker-size":"small","description":"Weak coverage: -125.6 dBm"}},{"type":"Feature","geometry":{"type":"Point","coordinates":[139.798,35.637]},"properties":{"type":"weak","estimated_rsrp":-124.7,"marker-color":"#ff9100","marker-size":"small","description":"Weak coverage: -124.7 dBm"}},{"type":"Feature","geometry":{"type":"Point","coordinates":[139.8,35.637]},"properties":{"type":"weak","estimated_rsrp":-122.9,"marker-color":"#ff9100","marker-size":"small","description":"Weak coverage: -122.9 dBm"}},{"type":"Feature","geometry":{"type":"Point","coordinates":[139.682,35.639]},"properties":{"type":"weak","estimated_rsrp":-120.8,"marker-color":"#ff9100","marker-size":"small","description":"Weak coverage: -120.8 dBm"}},{"type":"Feature","geometry":{"type":"Point","coordinates":[139.688,35.639]},"properties":{"type":"weak","estimated_rsrp":-129.9,"marker-color":"#ff9100","marker-size":"small","description":"Weak coverage: -129.9 dBm"}},{"type":"Feature","geometry":{"type":"Point","coordinates":[139.69,35.639]},"properties":{"type":"weak","estimated_rsrp":-129.8,"marker-color":"#ff9100","marker-size":"small","description":"Weak coverage: -129.8 dBm"}},{"type":"Feature","geometry":{"type":"Point","coordinates":[139.692,35.639]},"properties":{"type":"weak","estimated_rsrp":-130.0,"marker-color":"#ff9100","marker-size":"small","description":"Weak coverage: -130.0 dBm"}},{"type":"Feature","geometry":{"type":"Point","coordinates":[139.694,35.639]},"properties":{"type":"weak","estimated_rsrp":-129.8,"marker-color":"#ff9100","marker-size":"small","description":"Weak coverage: -129.8 dBm"}},{"type":"Feature","geometry":{"type":"Point","coordinates":[139.792,35.639]},"properties":{"type":"weak","estimated_rsrp":-120.5,"marker-color":"#ff9100","marker-size":"small","description":"Weak coverage: -120.5 dBm"}},{"type":"Feature","geometry":{"type":"Point","coordinates":[139.796,35.639]},"properties":{"type":"weak","estimated_rsrp":-127.0,"marker-color":"#ff9100","marker-size":"small","description":"Weak coverage: -127.0 dBm"}},{"type":"Feature","geometry":{"type":"Point","coordinates":[139.798,35.639]},"properties":{"type":"weak","estimated_rsrp":-127.2,"marker-color":"#ff9100","marker-size":"small","description":"Weak coverage: -127.2 dBm"}},{"type":"Feature","geometry":{"type":"Point","coordinates":[139.8,35.639]},"properties":{"type":"weak","estimated_rsrp":-121.9,"marker-color":"#ff9100","marker-size":"small","description":"Weak coverage: -121.9 dBm"}},{"type":"Feature","geometry":{"type":"Point","coordinates":[139.802,35.639]},"properties":{"type":"weak","estimated_rsrp":-120.8,"marker-color":"#ff9100","marker-size":"small","description":"Weak coverage: -120.8 dBm"}},{"type":"Feature","geometry":{"type":"Point","coordinates":[139.682,35.641]},"properties":{"type":"weak","estimated_rsrp":-129.7,"marker-color":"#ff9100","marker-size":"small","description":"Weak coverage: -129.7 dBm"}},{"type":"Feature","geometry":{"type":"Point","coordinates":[139.69,35.641]},"properties":{"type":"weak","estimated_rsrp":-128.2,"marker-color":"#ff9100","marker-size":"small","description":"Weak coverage: -128.2 dBm"}},{"type":"Feature","geometry":{"type":"Point","coordinates":[139.692,35.641]},"properties":{"type":"weak","estimated_rsrp":-128.4,"marker-color":"#ff9100","marker-size":"small","description":"Weak coverage: -128.4 dBm"}},{"type":"Feature","geometry":{"type":"Point","coordinates":[139.694,35.641]},"properties":{"type":"weak","estimated_rsrp":-128.6,"marker-color":"#ff9100","marker-size":"small","description":"Weak coverage: -128.6 dBm"}},{"type":"Feature","geometry":{"type":"Point","coordinates":[139.794,35.641]},"properties":{"type":"weak","estimated_rsrp":-120.9,"marker-color":"#ff9100","marker-size":"small","description":"Weak coverage: -120.9 dBm"}},{"type":"Feature","geometry":{"type":"Point","coordinates":[139.796,35.641]},"properties":{"type":"weak","estimated_rsrp":-121.3,"marker-color":"#ff9100","marker-size":"small","description":"Weak coverage: -121.3 dBm"}},{"type":"Feature","geometry":{"type":"Point","coordinates":[139.798,35.641]},"properties":{"type":"weak","estimated_rsrp":-128.2,"marker-color":"#ff9100","marker-size":"small","description":"Weak coverage: -128.2 dBm"}},{"type":"Feature","geometry":{"type":"Point","coordinates":[139.682,35.643]},"properties":{"type":"weak","estimated_rsrp":-128.4,"marker-color":"#ff9100","marker-size":"small","description":"Weak coverage: -128.4 dBm"}},{"type":"Feature","geometry":{"type":"Point","coordinates":[139.684,35.643]},"properties":{"type":"weak","estimated_rsrp":-127.8,"marker-color":"#ff9100","marker-size":"small","description":"Weak coverage: -127.8 dBm"}},{"type":"Feature","geometry":{"type":"Point","coordinates":[139.692,35.643]},"properties":{"type":"weak","estimated_rsrp":-126.0,"marker-color":"#ff9100","marker-size":"small","description":"Weak coverage: -126.0 dBm"}},{"type":"Feature","geometry":{"type":"Point","coordinates":[139.698,35.643]},"properties":{"type":"weak","estimated_rsrp":-120.3,"marker-color":"#ff9100","marker-size":"small","description":"Weak coverage: -120.3 dBm"}},{"type":"Feature","geometry":{"type":"Point","coordinates":[139.798,35.643]},"properties":{"type":"weak","estimated_rsrp":-129.5,"marker-color":"#ff9100","marker-size":"small","description":"Weak coverage: -129.5 dBm"}},{"type":"Feature","geometry":{"type":"Point","coordinates":[139.8,35.643]},"properties":{"type":"weak","estimated_rsrp":-129.7,"marker-color":"#ff9100","marker-size":"small","description":"Weak coverage: -129.7 dBm"}},{"type":"Feature","geometry":{"type":"Point","coordinates":[139.802,35.643]},"properties":{"type":"weak","estimated_rsrp":-129.9,"marker-color":"#ff9100","marker-size":"small","description":"Weak coverage: -129.9 dBm"}},{"type":"Feature","geometry":{"type":"Point","coordinates":[139.804,35.643]},"properties":{"type":"weak","estimated_rsrp":-129.8,"marker-color":"#ff9100","marker-size":"small","description":"Weak coverage: -129.8 dBm"}},{"type":"Feature","geometry":{"type":"Point","coordinates":[139.684,35.645]},"properties":{"type":"weak","estimated_rsrp":-126.8,"marker-color":"#ff9100","marker-size":"small","description":"Weak coverage: -126.8 dBm"}},{"type":"Feature","geometry":{"type":"Point","coordinates":[139.686,35.645]},"properties":{"type":"weak","estimated_rsrp":-125.9,"marker-color":"#ff9100","marker-size":"small","description":"Weak coverage: -125.9 dBm"}},{"type":"Feature","geometry":{"type":"Point","coordinates":[139.692,35.645]},"properties":{"type":"weak","estimated_rsrp":-124.1,"marker-color":"#ff9100","marker-size":"small","description":"Weak coverage: -124.1 dBm"}},{"type":"Feature","geometry":{"type":"Point","coordinates":[139.8,35.645]},"properties":{"type":"hole","estimated_rsrp":-140,"marker-color":"#ff1744","marker-size":"small","description":"No coverage detected"}},{"type":"Feature","geometry":{"type":"Point","coordinates":[139.802,35.645]},"properties":{"type":"hole","estimated_rsrp":-140,"marker-color":"#ff1744","marker-size":"small","description":"No coverage detected"}},{"type":"Feature","geometry":{"type":"Point","coordinates":[139.804,35.645]},"properties":{"type":"hole","estimated_rsrp":-140,"marker-color":"#ff1744","marker-size":"small","description":"No coverage detected"}},{"type":"Feature","geometry":{"type":"Point","coordinates":[139.682,35.647]},"properties":{"type":"weak","estimated_rsrp":-126.9,"marker-color":"#ff9100","marker-size":"small","description":"Weak coverage: -126.9 dBm"}},{"type":"Feature","geometry":{"type":"Point","coordinates":[139.684,35.647]},"properties":{"type":"weak","estimated_rsrp":-126.0,"marker-color":"#ff9100","marker-size":"small","description":"Weak coverage: -126.0 dBm"}},{"type":"Feature","geometry":{"type":"Point","coordinates":[139.688,35.647]},"properties":{"type":"weak","estimated_rsrp":-123.8,"marker-color":"#ff9100","marker-size":"small","description":"Weak coverage: -123.8 dBm"}},{"type":"Feature","geometry":{"type":"Point","coordinates":[139.798,35.647]},"properties":{"type":"weak","estimated_rsrp":-121.6,"marker-color":"#ff9100","marker-size":"small","description":"Weak coverage: -121.6 dBm"}},{"type":"Feature","geometry":{"type":"Point","coordinates":[139.8,35.647]},"properties":{"type":"hole","estimated_rsrp":-140,"marker-color":"#ff1744","marker-size":"small","description":"No coverage detected"}},{"type":"Feature","geometry":{"type":"Point","coordinates":[139.802,35.647]},"properties":{"type":"hole","estimated_rsrp":-140,"marker-color":"#ff1744","marker-size":"small","description":"No coverage detected"}},{"type":"Feature","geometry":{"type":"Point","coordinates":[139.804,35.647]},"properties":{"type":"hole","estimated_rsrp":-140,"marker-color":"#ff1744","marker-size":"small","description":"No coverage detected"}},{"type":"Feature","geometry":{"type":"Point","coordinates":[139.806,35.647]},"properties":{"type":"hole","estimated_rsrp":-140,"marker-color":"#ff1744","marker-size":"small","description":"No coverage detected"}},{"type":"Feature","geometry":{"type":"Point","coordinates":[139.808,35.647]},"properties":{"type":"weak","estimated_rsrp":-130.0,"marker-color":"#ff9100","marker-size":"small","description":"Weak coverage: -130.0 dBm"}},{"type":"Feature","geometry":{"type":"Point","coordinates":[139.684,35.649]},"properties":{"type":"weak","estimated_rsrp":-125.1,"marker-color":"#ff9100","marker-size":"small","description":"Weak coverage: -125.1 dBm"}},{"type":"Feature","geometry":{"type":"Point","coordinates":[139.686,35.649]},"properties":{"type":"weak","estimated_rsrp":-123.6,"marker-color":"#ff9100","marker-size":"small","description":"Weak coverage: -123.6 dBm"}},{"type":"Feature","geometry":{"type":"Point","coordinates":[139.688,35.649]},"properties":{"type":"weak","estimated_rsrp":-122.3,"marker-color":"#ff9100","marker-size":"small","description":"Weak coverage: -122.3 dBm"}},{"type":"Feature","geometry":{"type":"Point","coordinates":[139.69,35.649]},"properties":{"type":"weak","estimated_rsrp":-121.1,"marker-color":"#ff9100","marker-size":"small","description":"Weak coverage: -121.1 dBm"}},{"type":"Feature","geometry":{"type":"Point","coordinates":[139.794,35.649]},"properties":{"type":"weak","estimated_rsrp":-120.8,"marker-color":"#ff9100","marker-size":"small","description":"Weak coverage: -120.8 dBm"}},{"type":"Feature","geometry":{"type":"Point","coordinates":[139.8,35.649]},"properties":{"type":"weak","estimated_rsrp":-120.2,"marker-color":"#ff9100","marker-size":"small","description":"Weak coverage: -120.2 dBm"}},{"type":"Feature","geometry":{"type":"Point","coordinates":[139.802,35.649]},"properties":{"type":"hole","estimated_rsrp":-140,"marker-color":"#ff1744","marker-size":"small","description":"No coverage detected"}},{"type":"Feature","geometry":{"type":"Point","coordinates":[139.804,35.649]},"properties":{"type":"hole","estimated_rsrp":-140,"marker-color":"#ff1744","marker-size":"small","description":"No coverage detected"}},{"type":"Feature","geometry":{"type":"Point","coordinates":[139.806,35.649]},"properties":{"type":"hole","estimated_rsrp":-140,"marker-color":"#ff1744","marker-size":"small","description":"No coverage detected"}},{"type":"Feature","geometry":{"type":"Point","coordinates":[139.808,35.649]},"properties":{"type":"hole","estimated_rsrp":-140,"marker-color":"#ff1744","marker-size":"small","description":"No coverage detected"}},{"type":"Feature","geometry":{"type":"Point","coordinates":[139.81,35.649]},"properties":{"type":"hole","estimated_rsrp":-140,"marker-color":"#ff1744","marker-size":"small","description":"No coverage detected"}},{"type":"Feature","geometry":{"type":"Point","coordinates":[139.682,35.651]},"properties":{"type":"weak","estimated_rsrp":-121.1,"marker-color":"#ff9100","marker-size":"small","description":"Weak coverage: -121.1 dBm"}},{"type":"Feature","geometry":{"type":"Point","coordinates":[139.684,35.651]},"properties":{"type":"weak","estimated_rsrp":-120.2,"marker-color":"#ff9100","marker-size":"small","description":"Weak coverage: -120.2 dBm"}},{"type":"Feature","geometry":{"type":"Point","coordinates":[139.686,35.651]},"properties":{"type":"weak","estimated_rsrp":-123.0,"marker-color":"#ff9100","marker-size":"small","description":"Weak coverage: -123.0 dBm"}},{"type":"Feature","geometry":{"type":"Point","coordinates":[139.688,35.651]},"properties":{"type":"weak","estimated_rsrp":-121.6,"marker-color":"#ff9100","marker-size":"small","description":"Weak coverage: -121.6 dBm"}},{"type":"Feature","geometry":{"type":"Point","coordinates":[139.69,35.651]},"properties":{"type":"weak","estimated_rsrp":-120.1,"marker-color":"#ff9100","marker-size":"small","description":"Weak coverage: -120.1 dBm"}},{"type":"Feature","geometry":{"type":"Point","coordinates":[139.796,35.651]},"properties":{"type":"weak","estimated_rsrp":-121.4,"marker-color":"#ff9100","marker-size":"small","description":"Weak coverage: -121.4 dBm"}},{"type":"Feature","geometry":{"type":"Point","coordinates":[139.798,35.651]},"properties":{"type":"weak","estimated_rsrp":-121.8,"marker-color":"#ff9100","marker-size":"small","description":"Weak coverage: -121.8 dBm"}},{"type":"Feature","geometry":{"type":"Point","coordinates":[139.8,35.651]},"properties":{"type":"weak","estimated_rsrp":-122.3,"marker-color":"#ff9100","marker-size":"small","description":"Weak coverage: -122.3 dBm"}},{"type":"Feature","geometry":{"type":"Point","coordinates":[139.802,35.651]},"properties":{"type":"hole","estimated_rsrp":-140,"marker-color":"#ff1744","marker-size":"small","description":"No coverage detected"}},{"type":"Feature","geometry":{"type":"Point","coordinates":[139.804,35.651]},"properties":{"type":"hole","estimated_rsrp":-140,"marker-color":"#ff1744","marker-size":"small","description":"No coverage detected"}},{"type":"Feature","geometry":{"type":"Point","coordinates":[139.806,35.651]},"properties":{"type":"hole","estimated_rsrp":-140,"marker-color":"#ff1744","marker-size":"small","description":"No coverage detected"}},{"type":"Feature","geometry":{"type":"Point","coordinates":[139.808,35.651]},"properties":{"type":"hole","estimated_rsrp":-140,"marker-color":"#ff1744","marker-size":"small","description":"No coverage detected"}},{"type":"Feature","geometry":{"type":"Point","coordinates":[139.81,35.651]},"properties":{"type":"hole","estimated_rsrp":-140,"marker-color":"#ff1744","marker-size":"small","description":"No coverage detected"}},{"type":"Feature","geometry":{"type":"Point","coordinates":[139.812,35.651]},"properties":{"type":"hole","estimated_rsrp":-140,"marker-color":"#ff1744","marker-size":"small","description":"No coverage detected"}},{"type":"Feature","geometry":{"type":"Point","coordinates":[139.814,35.651]},"properties":{"type":"weak","estimated_rsrp":-122.0,"marker-color":"#ff9100","marker-size":"small","description":"Weak coverage: -122.0 dBm"}},{"type":"Feature","geometry":{"type":"Point","coordinates":[139.682,35.653]},"properties":{"type":"weak","estimated_rsrp":-120.3,"marker-color":"#ff9100","marker-size":"small","description":"Weak coverage: -120.3 dBm"}},{"type":"Feature","geometry":{"type":"Point","coordinates":[139.684,35.653]},"properties":{"type":"weak","estimated_rsrp":-121.4,"marker-color":"#ff9100","marker-size":"small","description":"Weak coverage: -121.4 dBm"}},{"type":"Feature","geometry":{"type":"Point","coordinates":[139.686,35.653]},"properties":{"type":"weak","estimated_rsrp":-122.0,"marker-color":"#ff9100","marker-size":"small","description":"Weak coverage: -122.0 dBm"}},{"type":"Feature","geometry":{"type":"Point","coordinates":[139.688,35.653]},"properties":{"type":"weak","estimated_rsrp":-121.1,"marker-color":"#ff9100","marker-size":"small","description":"Weak coverage: -121.1 dBm"}},{"type":"Feature","geometry":{"type":"Point","coordinates":[139.792,35.653]},"properties":{"type":"weak","estimated_rsrp":-120.4,"marker-color":"#ff9100","marker-size":"small","description":"Weak coverage: -120.4 dBm"}},{"type":"Feature","geometry":{"type":"Point","coordinates":[139.794,35.653]},"properties":{"type":"weak","estimated_rsrp":-121.1,"marker-color":"#ff9100","marker-size":"small","description":"Weak coverage: -121.1 dBm"}},{"type":"Feature","geometry":{"type":"Point","coordinates":[139.796,35.653]},"properties":{"type":"weak","estimated_rsrp":-121.6,"marker-color":"#ff9100","marker-size":"small","description":"Weak coverage: -121.6 dBm"}},{"type":"Feature","geometry":{"type":"Point","coordinates":[139.798,35.653]},"properties":{"type":"weak","estimated_rsrp":-122.0,"marker-color":"#ff9100","marker-size":"small","description":"Weak coverage: -122.0 dBm"}},{"type":"Feature","geometry":{"type":"Point","coordinates":[139.8,35.653]},"properties":{"type":"weak","estimated_rsrp":-122.2,"marker-color":"#ff9100","marker-size":"small","description":"Weak coverage: -122.2 dBm"}},{"type":"Feature","geometry":{"type":"Point","coordinates":[139.802,35.653]},"properties":{"type":"hole","estimated_rsrp":-140,"marker-color":"#ff1744","marker-size":"small","description":"No coverage detected"}},{"type":"Feature","geometry":{"type":"Point","coordinates":[139.804,35.653]},"properties":{"type":"hole","estimated_rsrp":-140,"marker-color":"#ff1744","marker-size":"small","description":"No coverage detected"}},{"type":"Feature","geometry":{"type":"Point","coordinates":[139.806,35.653]},"properties":{"type":"hole","estimated_rsrp":-140,"marker-color":"#ff1744","marker-size":"small","description":"No coverage detected"}},{"type":"Feature","geometry":{"type":"Point","coordinates":[139.808,35.653]},"properties":{"type":"hole","estimated_rsrp":-140,"marker-color":"#ff1744","marker-size":"small","description":"No coverage detected"}},{"type":"Feature","geometry":{"type":"Point","coordinates":[139.81,35.653]},"properties":{"type":"hole","estimated_rsrp":-140,"marker-color":"#ff1744","marker-size":"small","description":"No coverage detected"}},{"type":"Feature","geometry":{"type":"Point","coordinates":[139.812,35.653]},"properties":{"type":"hole","estimated_rsrp":-140,"marker-color":"#ff1744","marker-size":"small","description":"No coverage detected"}},{"type":"Feature","geometry":{"type":"Point","coordinates":[139.814,35.653]},"properties":{"type":"hole","estimated_rsrp":-140,"marker-color":"#ff1744","marker-size":"small","description":"No coverage detected"}},{"type":"Feature","geometry":{"type":"Point","coordinates":[139.79,35.655]},"properties":{"type":"weak","estimated_rsrp":-120.3,"marker-color":"#ff9100","marker-size":"small","description":"Weak coverage: -120.3 dBm"}},{"type":"Feature","geometry":{"type":"Point","coordinates":[139.792,35.655]},"properties":{"type":"weak","estimated_rsrp":-120.8,"marker-color":"#ff9100","marker-size":"small","description":"Weak coverage: -120.8 dBm"}},{"type":"Feature","geometry":{"type":"Point","coordinates":[139.794,35.655]},"properties":{"type":"weak","estimated_rsrp":-121.5,"marker-color":"#ff9100","marker-size":"small","description":"Weak coverage: -121.5 dBm"}},{"type":"Feature","geometry":{"type":"Point","coordinates":[139.796,35.655]},"properties":{"type":"weak","estimated_rsrp":-121.9,"marker-color":"#ff9100","marker-size":"small","description":"Weak coverage: -121.9 dBm"}},{"type":"Feature","geometry":{"type":"Point","coordinates":[139.798,35.655]},"properties":{"type":"weak","estimated_rsrp":-122.4,"marker-color":"#ff9100","marker-size":"small","description":"Weak coverage: -122.4 dBm"}},{"type":"Feature","geometry":{"type":"Point","coordinates":[139.8,35.655]},"properties":{"type":"weak","estimated_rsrp":-123.0,"marker-color":"#ff9100","marker-size":"small","description":"Weak coverage: -123.0 dBm"}},{"type":"Feature","geometry":{"type":"Point","coordinates":[139.802,35.655]},"properties":{"type":"hole","estimated_rsrp":-140,"marker-color":"#ff1744","marker-size":"small","description":"No coverage detected"}},{"type":"Feature","geometry":{"type":"Point","coordinates":[139.804,35.655]},"properties":{"type":"hole","estimated_rsrp":-140,"marker-color":"#ff1744","marker-size":"small","description":"No coverage detected"}},{"type":"Feature","geometry":{"type":"Point","coordinates":[139.806,35.655]},"properties":{"type":"hole","estimated_rsrp":-140,"marker-color":"#ff1744","marker-size":"small","description":"No coverage detected"}},{"type":"Feature","geometry":{"type":"Point","coordinates":[139.808,35.655]},"properties":{"type":"hole","estimated_rsrp":-140,"marker-color":"#ff1744","marker-size":"small","description":"No coverage detected"}},{"type":"Feature","geometry":{"type":"Point","coordinates":[139.81,35.655]},"properties":{"type":"hole","estimated_rsrp":-140,"marker-color":"#ff1744","marker-size":"small","description":"No coverage detected"}},{"type":"Feature","geometry":{"type":"Point","coordinates":[139.812,35.655]},"properties":{"type":"hole","estimated_rsrp":-140,"marker-color":"#ff1744","marker-size":"small","description":"No coverage detected"}},{"type":"Feature","geometry":{"type":"Point","coordinates":[139.814,35.655]},"properties":{"type":"hole","estimated_rsrp":-140,"marker-color":"#ff1744","marker-size":"small","description":"No coverage detected"}},{"type":"Feature","geometry":{"type":"Point","coordinates":[139.788,35.657]},"properties":{"type":"weak","estimated_rsrp":-120.1,"marker-color":"#ff9100","marker-size":"small","description":"Weak coverage: -120.1 dBm"}},{"type":"Feature","geometry":{"type":"Point","coordinates":[139.79,35.657]},"properties":{"type":"weak","estimated_rsrp":-120.7,"marker-color":"#ff9100","marker-size":"small","description":"Weak coverage: -120.7 dBm"}},{"type":"Feature","geometry":{"type":"Point","coordinates":[139.792,35.657]},"properties":{"type":"weak","estimated_rsrp":-121.2,"marker-color":"#ff9100","marker-size":"small","description":"Weak coverage: -121.2 dBm"}},{"type":"Feature","geometry":{"type":"Point","coordinates":[139.794,35.657]},"properties":{"type":"weak","estimated_rsrp":-121.8,"marker-color":"#ff9100","marker-size":"small","description":"Weak coverage: -121.8 dBm"}},{"type":"Feature","geometry":{"type":"Point","coordinates":[139.796,35.657]},"properties":{"type":"weak","estimated_rsrp":-122.3,"marker-color":"#ff9100","marker-size":"small","description":"Weak coverage: -122.3 dBm"}},{"type":"Feature","geometry":{"type":"Point","coordinates":[139.798,35.657]},"properties":{"type":"weak","estimated_rsrp":-122.7,"marker-color":"#ff9100","marker-size":"small","description":"Weak coverage: -122.7 dBm"}},{"type":"Feature","geometry":{"type":"Point","coordinates":[139.8,35.657]},"properties":{"type":"weak","estimated_rsrp":-123.3,"marker-color":"#ff9100","marker-size":"small","description":"Weak coverage: -123.3 dBm"}},{"type":"Feature","geometry":{"type":"Point","coordinates":[139.802,35.657]},"properties":{"type":"hole","estimated_rsrp":-140,"marker-color":"#ff1744","marker-size":"small","description":"No coverage detected"}},{"type":"Feature","geometry":{"type":"Point","coordinates":[139.804,35.657]},"properties":{"type":"hole","estimated_rsrp":-140,"marker-color":"#ff1744","marker-size":"small","description":"No coverage detected"}},{"type":"Feature","geometry":{"type":"Point","coordinates":[139.806,35.657]},"properties":{"type":"hole","estimated_rsrp":-140,"marker-color":"#ff1744","marker-size":"small","description":"No coverage detected"}},{"type":"Feature","geometry":{"type":"Point","coordinates":[139.808,35.657]},"properties":{"type":"hole","estimated_rsrp":-140,"marker-color":"#ff1744","marker-size":"small","description":"No coverage detected"}},{"type":"Feature","geometry":{"type":"Point","coordinates":[139.81,35.657]},"properties":{"type":"hole","estimated_rsrp":-140,"marker-color":"#ff1744","marker-size":"small","description":"No coverage detected"}},{"type":"Feature","geometry":{"type":"Point","coordinates":[139.812,35.657]},"properties":{"type":"hole","estimated_rsrp":-140,"marker-color":"#ff1744","marker-size":"small","description":"No coverage detected"}},{"type":"Feature","geometry":{"type":"Point","coordinates":[139.814,35.657]},"properties":{"type":"hole","estimated_rsrp":-140,"marker-color":"#ff1744","marker-size":"small","description":"No coverage detected"}},{"type":"Feature","geometry":{"type":"Point","coordinates":[139.684,35.659]},"properties":{"type":"weak","estimated_rsrp":-121.2,"marker-color":"#ff9100","marker-size":"small","description":"Weak coverage: -121.2 dBm"}},{"type":"Feature","geometry":{"type":"Point","coordinates":[139.792,35.659]},"properties":{"type":"weak","estimated_rsrp":-121.5,"marker-color":"#ff9100","marker-size":"small","description":"Weak coverage: -121.5 dBm"}},{"type":"Feature","geometry":{"type":"Point","coordinates":[139.794,35.659]},"properties":{"type":"weak","estimated_rsrp":-122.1,"marker-color":"#ff9100","marker-size":"small","description":"Weak coverage: -122.1 dBm"}},{"type":"Feature","geometry":{"type":"Point","coordinates":[139.796,35.659]},"properties":{"type":"weak","estimated_rsrp":-122.6,"marker-color":"#ff9100","marker-size":"small","description":"Weak coverage: -122.6 dBm"}},{"type":"Feature","geometry":{"type":"Point","coordinates":[139.798,35.659]},"properties":{"type":"weak","estimated_rsrp":-123.0,"marker-color":"#ff9100","marker-size":"small","description":"Weak coverage: -123.0 dBm"}},{"type":"Feature","geometry":{"type":"Point","coordinates":[139.8,35.659]},"properties":{"type":"weak","estimated_rsrp":-123.6,"marker-color":"#ff9100","marker-size":"small","description":"Weak coverage: -123.6 dBm"}},{"type":"Feature","geometry":{"type":"Point","coordinates":[139.802,35.659]},"properties":{"type":"hole","estimated_rsrp":-140,"marker-color":"#ff1744","marker-size":"small","description":"No coverage detected"}},{"type":"Feature","geometry":{"type":"Point","coordinates":[139.804,35.659]},"properties":{"type":"hole","estimated_rsrp":-140,"marker-color":"#ff1744","marker-size":"small","description":"No coverage detected"}},{"type":"Feature","geometry":{"type":"Point","coordinates":[139.806,35.659]},"properties":{"type":"hole","estimated_rsrp":-140,"marker-color":"#ff1744","marker-size":"small","description":"No coverage detected"}},{"type":"Feature","geometry":{"type":"Point","coordinates":[139.808,35.659]},"properties":{"type":"hole","estimated_rsrp":-140,"marker-color":"#ff1744","marker-size":"small","description":"No coverage detected"}},{"type":"Feature","geometry":{"type":"Point","coordinates":[139.81,35.659]},"properties":{"type":"hole","estimated_rsrp":-140,"marker-color":"#ff1744","marker-size":"small","description":"No coverage detected"}},{"type":"Feature","geometry":{"type":"Point","coordinates":[139.812,35.659]},"properties":{"type":"hole","estimated_rsrp":-140,"marker-color":"#ff1744","marker-size":"small","description":"No coverage detected"}},{"type":"Feature","geometry":{"type":"Point","coordinates":[139.814,35.659]},"properties":{"type":"hole","estimated_rsrp":-140,"marker-color":"#ff1744","marker-size":"small","description":"No coverage detected"}},{"type":"Feature","geometry":{"type":"Point","coordinates":[139.682,35.661]},"properties":{"type":"weak","estimated_rsrp":-123.4,"marker-color":"#ff9100","marker-size":"small","description":"Weak coverage: -123.4 dBm"}},{"type":"Feature","geometry":{"type":"Point","coordinates":[139.684,35.661]},"properties":{"type":"weak","estimated_rsrp":-122.0,"marker-color":"#ff9100","marker-size":"small","description":"Weak coverage: -122.0 dBm"}},{"type":"Feature","geometry":{"type":"Point","coordinates":[139.79,35.661]},"properties":{"type":"weak","estimated_rsrp":-120.5,"marker-color":"#ff9100","marker-size":"small","description":"Weak coverage: -120.5 dBm"}},{"type":"Feature","geometry":{"type":"Point","coordinates":[139.794,35.661]},"properties":{"type":"weak","estimated_rsrp":-121.6,"marker-color":"#ff9100","marker-size":"small","description":"Weak coverage: -121.6 dBm"}},{"type":"Feature","geometry":{"type":"Point","coordinates":[139.796,35.661]},"properties":{"type":"weak","estimated_rsrp":-122.1,"marker-color":"#ff9100","marker-size":"small","description":"Weak coverage: -122.1 dBm"}},{"type":"Feature","geometry":{"type":"Point","coordinates":[139.798,35.661]},"properties":{"type":"weak","estimated_rsrp":-122.5,"marker-color":"#ff9100","marker-size":"small","description":"Weak coverage: -122.5 dBm"}},{"type":"Feature","geometry":{"type":"Point","coordinates":[139.8,35.661]},"properties":{"type":"weak","estimated_rsrp":-123.1,"marker-color":"#ff9100","marker-size":"small","description":"Weak coverage: -123.1 dBm"}},{"type":"Feature","geometry":{"type":"Point","coordinates":[139.802,35.661]},"properties":{"type":"hole","estimated_rsrp":-140,"marker-color":"#ff1744","marker-size":"small","description":"No coverage detected"}},{"type":"Feature","geometry":{"type":"Point","coordinates":[139.804,35.661]},"properties":{"type":"hole","estimated_rsrp":-140,"marker-color":"#ff1744","marker-size":"small","description":"No coverage detected"}},{"type":"Feature","geometry":{"type":"Point","coordinates":[139.806,35.661]},"properties":{"type":"hole","estimated_rsrp":-140,"marker-color":"#ff1744","marker-size":"small","description":"No coverage detected"}},{"type":"Feature","geometry":{"type":"Point","coordinates":[139.808,35.661]},"properties":{"type":"hole","estimated_rsrp":-140,"marker-color":"#ff1744","marker-size":"small","description":"No coverage detected"}},{"type":"Feature","geometry":{"type":"Point","coordinates":[139.81,35.661]},"properties":{"type":"hole","estimated_rsrp":-140,"marker-color":"#ff1744","marker-size":"small","description":"No coverage detected"}},{"type":"Feature","geometry":{"type":"Point","coordinates":[139.812,35.661]},"properties":{"type":"hole","estimated_rsrp":-140,"marker-color":"#ff1744","marker-size":"small","description":"No coverage detected"}},{"type":"Feature","geometry":{"type":"Point","coordinates":[139.814,35.661]},"properties":{"type":"hole","estimated_rsrp":-140,"marker-color":"#ff1744","marker-size":"small","description":"No coverage detected"}},{"type":"Feature","geometry":{"type":"Point","coordinates":[139.682,35.663]},"properties":{"type":"weak","estimated_rsrp":-124.5,"marker-color":"#ff9100","marker-size":"small","description":"Weak coverage: -124.5 dBm"}},{"type":"Feature","geometry":{"type":"Point","coordinates":[139.684,35.663]},"properties":{"type":"weak","estimated_rsrp":-123.2,"marker-color":"#ff9100","marker-size":"small","description":"Weak coverage: -123.2 dBm"}},{"type":"Feature","geometry":{"type":"Point","coordinates":[139.686,35.663]},"properties":{"type":"weak","estimated_rsrp":-121.5,"marker-color":"#ff9100","marker-size":"small","description":"Weak coverage: -121.5 dBm"}},{"type":"Feature","geometry":{"type":"Point","coordinates":[139.798,35.663]},"properties":{"type":"weak","estimated_rsrp":-122.2,"marker-color":"#ff9100","marker-size":"small","description":"Weak coverage: -122.2 dBm"}},{"type":"Feature","geometry":{"type":"Point","coordinates":[139.8,35.663]},"properties":{"type":"weak","estimated_rsrp":-122.8,"marker-color":"#ff9100","marker-size":"small","description":"Weak coverage: -122.8 dBm"}},{"type":"Feature","geometry":{"type":"Point","coordinates":[139.802,35.663]},"properties":{"type":"hole","estimated_rsrp":-140,"marker-color":"#ff1744","marker-size":"small","description":"No coverage detected"}},{"type":"Feature","geometry":{"type":"Point","coordinates":[139.804,35.663]},"properties":{"type":"hole","estimated_rsrp":-140,"marker-color":"#ff1744","marker-size":"small","description":"No coverage detected"}},{"type":"Feature","geometry":{"type":"Point","coordinates":[139.806,35.663]},"properties":{"type":"hole","estimated_rsrp":-140,"marker-color":"#ff1744","marker-size":"small","description":"No coverage detected"}},{"type":"Feature","geometry":{"type":"Point","coordinates":[139.808,35.663]},"properties":{"type":"hole","estimated_rsrp":-140,"marker-color":"#ff1744","marker-size":"small","description":"No coverage detected"}},{"type":"Feature","geometry":{"type":"Point","coordinates":[139.81,35.663]},"properties":{"type":"hole","estimated_rsrp":-140,"marker-color":"#ff1744","marker-size":"small","description":"No coverage detected"}},{"type":"Feature","geometry":{"type":"Point","coordinates":[139.812,35.663]},"properties":{"type":"hole","estimated_rsrp":-140,"marker-color":"#ff1744","marker-size":"small","description":"No coverage detected"}},{"type":"Feature","geometry":{"type":"Point","coordinates":[139.814,35.663]},"properties":{"type":"hole","estimated_rsrp":-140,"marker-color":"#ff1744","marker-size":"small","description":"No coverage detected"}},{"type":"Feature","geometry":{"type":"Point","coordinates":[139.688,35.665]},"properties":{"type":"weak","estimated_rsrp":-122.6,"marker-color":"#ff9100","marker-size":"small","description":"Weak coverage: -122.6 dBm"}},{"type":"Feature","geometry":{"type":"Point","coordinates":[139.692,35.665]},"properties":{"type":"weak","estimated_rsrp":-121.0,"marker-color":"#ff9100","marker-size":"small","description":"Weak coverage: -121.0 dBm"}},{"type":"Feature","geometry":{"type":"Point","coordinates":[139.792,35.665]},"properties":{"type":"weak","estimated_rsrp":-120.4,"marker-color":"#ff9100","marker-size":"small","description":"Weak coverage: -120.4 dBm"}},{"type":"Feature","geometry":{"type":"Point","coordinates":[139.794,35.665]},"properties":{"type":"weak","estimated_rsrp":-120.6,"marker-color":"#ff9100","marker-size":"small","description":"Weak coverage: -120.6 dBm"}},{"type":"Feature","geometry":{"type":"Point","coordinates":[139.798,35.665]},"properties":{"type":"weak","estimated_rsrp":-122.0,"marker-color":"#ff9100","marker-size":"small","description":"Weak coverage: -122.0 dBm"}},{"type":"Feature","geometry":{"type":"Point","coordinates":[139.8,35.665]},"properties":{"type":"weak","estimated_rsrp":-122.4,"marker-color":"#ff9100","marker-size":"small","description":"Weak coverage: -122.4 dBm"}},{"type":"Feature","geometry":{"type":"Point","coordinates":[139.802,35.665]},"properties":{"type":"hole","estimated_rsrp":-140,"marker-color":"#ff1744","marker-size":"small","description":"No coverage detected"}},{"type":"Feature","geometry":{"type":"Point","coordinates":[139.804,35.665]},"properties":{"type":"hole","estimated_rsrp":-140,"marker-color":"#ff1744","marker-size":"small","description":"No coverage detected"}},{"type":"Feature","geometry":{"type":"Point","coordinates":[139.806,35.665]},"properties":{"type":"hole","estimated_rsrp":-140,"marker-color":"#ff1744","marker-size":"small","description":"No coverage detected"}},{"type":"Feature","geometry":{"type":"Point","coordinates":[139.808,35.665]},"properties":{"type":"hole","estimated_rsrp":-140,"marker-color":"#ff1744","marker-size":"small","description":"No coverage detected"}},{"type":"Feature","geometry":{"type":"Point","coordinates":[139.81,35.665]},"properties":{"type":"hole","estimated_rsrp":-140,"marker-color":"#ff1744","marker-size":"small","description":"No coverage detected"}},{"type":"Feature","geometry":{"type":"Point","coordinates":[139.812,35.665]},"properties":{"type":"hole","estimated_rsrp":-140,"marker-color":"#ff1744","marker-size":"small","description":"No coverage detected"}},{"type":"Feature","geometry":{"type":"Point","coordinates":[139.814,35.665]},"properties":{"type":"hole","estimated_rsrp":-140,"marker-color":"#ff1744","marker-size":"small","description":"No coverage detected"}},{"type":"Feature","geometry":{"type":"Point","coordinates":[139.684,35.667]},"properties":{"type":"weak","estimated_rsrp":-122.0,"marker-color":"#ff9100","marker-size":"small","description":"Weak coverage: -122.0 dBm"}},{"type":"Feature","geometry":{"type":"Point","coordinates":[139.686,35.667]},"properties":{"type":"weak","estimated_rsrp":-126.9,"marker-color":"#ff9100","marker-size":"small","description":"Weak coverage: -126.9 dBm"}},{"type":"Feature","geometry":{"type":"Point","coordinates":[139.688,35.667]},"properties":{"type":"weak","estimated_rsrp":-126.5,"marker-color":"#ff9100","marker-size":"small","description":"Weak coverage: -126.5 dBm"}},{"type":"Feature","geometry":{"type":"Point","coordinates":[139.69,35.667]},"properties":{"type":"weak","estimated_rsrp":-120.1,"marker-color":"#ff9100","marker-size":"small","description":"Weak coverage: -120.1 dBm"}},{"type":"Feature","geometry":{"type":"Point","coordinates":[139.794,35.667]},"properties":{"type":"weak","estimated_rsrp":-120.8,"marker-color":"#ff9100","marker-size":"small","description":"Weak coverage: -120.8 dBm"}},{"type":"Feature","geometry":{"type":"Point","coordinates":[139.796,35.667]},"properties":{"type":"weak","estimated_rsrp":-121.3,"marker-color":"#ff9100","marker-size":"small","description":"Weak coverage: -121.3 dBm"}},{"type":"Feature","geometry":{"type":"Point","coordinates":[139.798,35.667]},"properties":{"type":"weak","estimated_rsrp":-121.7,"marker-color":"#ff9100","marker-size":"small","description":"Weak coverage: -121.7 dBm"}},{"type":"Feature","geometry":{"type":"Point","coordinates":[139.8,35.667]},"properties":{"type":"weak","estimated_rsrp":-122.2,"marker-color":"#ff9100","marker-size":"small","description":"Weak coverage: -122.2 dBm"}},{"type":"Feature","geometry":{"type":"Point","coordinates":[139.802,35.667]},"properties":{"type":"hole","estimated_rsrp":-140,"marker-color":"#ff1744","marker-size":"small","description":"No coverage detected"}},{"type":"Feature","geometry":{"type":"Point","coordinates":[139.804,35.667]},"properties":{"type":"hole","estimated_rsrp":-140,"marker-color":"#ff1744","marker-size":"small","description":"No coverage detected"}},{"type":"Feature","geometry":{"type":"Point","coordinates":[139.806,35.667]},"properties":{"type":"hole","estimated_rsrp":-140,"marker-color":"#ff1744","marker-size":"small","description":"No coverage detected"}},{"type":"Feature","geometry":{"type":"Point","coordinates":[139.808,35.667]},"properties":{"type":"weak","estimated_rsrp":-127.9,"marker-color":"#ff9100","marker-size":"small","description":"Weak coverage: -127.9 dBm"}},{"type":"Feature","geometry":{"type":"Point","coordinates":[139.81,35.667]},"properties":{"type":"weak","estimated_rsrp":-128.4,"marker-color":"#ff9100","marker-size":"small","description":"Weak coverage: -128.4 dBm"}},{"type":"Feature","geometry":{"type":"Point","coordinates":[139.812,35.667]},"properties":{"type":"weak","estimated_rsrp":-128.9,"marker-color":"#ff9100","marker-size":"small","description":"Weak coverage: -128.9 dBm"}},{"type":"Feature","geometry":{"type":"Point","coordinates":[139.814,35.667]},"properties":{"type":"hole","estimated_rsrp":-140,"marker-color":"#ff1744","marker-size":"small","description":"No coverage detected"}},{"type":"Feature","geometry":{"type":"Point","coordinates":[139.684,35.669]},"properties":{"type":"weak","estimated_rsrp":-129.8,"marker-color":"#ff9100","marker-size":"small","description":"Weak coverage: -129.8 dBm"}},{"type":"Feature","geometry":{"type":"Point","coordinates":[139.686,35.669]},"properties":{"type":"weak","estimated_rsrp":-128.9,"marker-color":"#ff9100","marker-size":"small","description":"Weak coverage: -128.9 dBm"}},{"type":"Feature","geometry":{"type":"Point","coordinates":[139.688,35.669]},"properties":{"type":"weak","estimated_rsrp":-128.1,"marker-color":"#ff9100","marker-size":"small","description":"Weak coverage: -128.1 dBm"}},{"type":"Feature","geometry":{"type":"Point","coordinates":[139.792,35.669]},"properties":{"type":"weak","estimated_rsrp":-120.1,"marker-color":"#ff9100","marker-size":"small","description":"Weak coverage: -120.1 dBm"}},{"type":"Feature","geometry":{"type":"Point","coordinates":[139.8,35.669]},"properties":{"type":"weak","estimated_rsrp":-121.9,"marker-color":"#ff9100","marker-size":"small","description":"Weak coverage: -121.9 dBm"}},{"type":"Feature","geometry":{"type":"Point","coordinates":[139.802,35.669]},"properties":{"type":"weak","estimated_rsrp":-126.5,"marker-color":"#ff9100","marker-size":"small","description":"Weak coverage: -126.5 dBm"}},{"type":"Feature","geometry":{"type":"Point","coordinates":[139.804,35.669]},"properties":{"type":"weak","estimated_rsrp":-127.0,"marker-color":"#ff9100","marker-size":"small","description":"Weak coverage: -127.0 dBm"}},{"type":"Feature","geometry":{"type":"Point","coordinates":[139.806,35.669]},"properties":{"type":"weak","estimated_rsrp":-127.5,"marker-color":"#ff9100","marker-size":"small","description":"Weak coverage: -127.5 dBm"}},{"type":"Feature","geometry":{"type":"Point","coordinates":[139.808,35.669]},"properties":{"type":"hole","estimated_rsrp":-140,"marker-color":"#ff1744","marker-size":"small","description":"No coverage detected"}},{"type":"Feature","geometry":{"type":"Point","coordinates":[139.81,35.669]},"properties":{"type":"hole","estimated_rsrp":-140,"marker-color":"#ff1744","marker-size":"small","description":"No coverage detected"}},{"type":"Feature","geometry":{"type":"Point","coordinates":[139.812,35.669]},"properties":{"type":"hole","estimated_rsrp":-140,"marker-color":"#ff1744","marker-size":"small","description":"No coverage detected"}},{"type":"Feature","geometry":{"type":"Point","coordinates":[139.814,35.669]},"properties":{"type":"hole","estimated_rsrp":-140,"marker-color":"#ff1744","marker-size":"small","description":"No coverage detected"}},{"type":"Feature","geometry":{"type":"Point","coordinates":[139.682,35.671]},"properties":{"type":"hole","estimated_rsrp":-140,"marker-color":"#ff1744","marker-size":"small","description":"No coverage detected"}},{"type":"Feature","geometry":{"type":"Point","coordinates":[139.684,35.671]},"properties":{"type":"weak","estimated_rsrp":-129.5,"marker-color":"#ff9100","marker-size":"small","description":"Weak coverage: -129.5 dBm"}},{"type":"Feature","geometry":{"type":"Point","coordinates":[139.686,35.671]},"properties":{"type":"weak","estimated_rsrp":-121.8,"marker-color":"#ff9100","marker-size":"small","description":"Weak coverage: -121.8 dBm"}},{"type":"Feature","geometry":{"type":"Point","coordinates":[139.688,35.671]},"properties":{"type":"weak","estimated_rsrp":-127.2,"marker-color":"#ff9100","marker-size":"small","description":"Weak coverage: -127.2 dBm"}},{"type":"Feature","geometry":{"type":"Point","coordinates":[139.794,35.671]},"properties":{"type":"weak","estimated_rsrp":-120.7,"marker-color":"#ff9100","marker-size":"small","description":"Weak coverage: -120.7 dBm"}},{"type":"Feature","geometry":{"type":"Point","coordinates":[139.796,35.671]},"properties":{"type":"weak","estimated_rsrp":-121.1,"marker-color":"#ff9100","marker-size":"small","description":"Weak coverage: -121.1 dBm"}},{"type":"Feature","geometry":{"type":"Point","coordinates":[139.798,35.671]},"properties":{"type":"weak","estimated_rsrp":-121.5,"marker-color":"#ff9100","marker-size":"small","description":"Weak coverage: -121.5 dBm"}},{"type":"Feature","geometry":{"type":"Point","coordinates":[139.8,35.671]},"properties":{"type":"hole","estimated_rsrp":-140,"marker-color":"#ff1744","marker-size":"small","description":"No coverage detected"}},{"type":"Feature","geometry":{"type":"Point","coordinates":[139.802,35.671]},"properties":{"type":"hole","estimated_rsrp":-140,"marker-color":"#ff1744","marker-size":"small","description":"No coverage detected"}},{"type":"Feature","geometry":{"type":"Point","coordinates":[139.804,35.671]},"properties":{"type":"hole","estimated_rsrp":-140,"marker-color":"#ff1744","marker-size":"small","description":"No coverage detected"}},{"type":"Feature","geometry":{"type":"Point","coordinates":[139.806,35.671]},"properties":{"type":"hole","estimated_rsrp":-140,"marker-color":"#ff1744","marker-size":"small","description":"No coverage detected"}},{"type":"Feature","geometry":{"type":"Point","coordinates":[139.808,35.671]},"properties":{"type":"hole","estimated_rsrp":-140,"marker-color":"#ff1744","marker-size":"small","description":"No coverage detected"}},{"type":"Feature","geometry":{"type":"Point","coordinates":[139.81,35.671]},"properties":{"type":"hole","estimated_rsrp":-140,"marker-color":"#ff1744","marker-size":"small","description":"No coverage detected"}},{"type":"Feature","geometry":{"type":"Point","coordinates":[139.812,35.671]},"properties":{"type":"hole","estimated_rsrp":-140,"marker-color":"#ff1744","marker-size":"small","description":"No coverage detected"}},{"type":"Feature","geometry":{"type":"Point","coordinates":[139.814,35.671]},"properties":{"type":"hole","estimated_rsrp":-140,"marker-color":"#ff1744","marker-size":"small","description":"No coverage detected"}},{"type":"Feature","geometry":{"type":"Point","coordinates":[139.682,35.673]},"properties":{"type":"weak","estimated_rsrp":-127.1,"marker-color":"#ff9100","marker-size":"small","description":"Weak coverage: -127.1 dBm"}},{"type":"Feature","geometry":{"type":"Point","coordinates":[139.684,35.673]},"properties":{"type":"weak","estimated_rsrp":-128.6,"marker-color":"#ff9100","marker-size":"small","description":"Weak coverage: -128.6 dBm"}},{"type":"Feature","geometry":{"type":"Point","coordinates":[139.686,35.673]},"properties":{"type":"weak","estimated_rsrp":-121.6,"marker-color":"#ff9100","marker-size":"small","description":"Weak coverage: -121.6 dBm"}},{"type":"Feature","geometry":{"type":"Point","coordinates":[139.688,35.673]},"properties":{"type":"weak","estimated_rsrp":-125.9,"marker-color":"#ff9100","marker-size":"small","description":"Weak coverage: -125.9 dBm"}},{"type":"Feature","geometry":{"type":"Point","coordinates":[139.692,35.673]},"properties":{"type":"weak","estimated_rsrp":-123.9,"marker-color":"#ff9100","marker-size":"small","description":"Weak coverage: -123.9 dBm"}},{"type":"Feature","geometry":{"type":"Point","coordinates":[139.698,35.673]},"properties":{"type":"weak","estimated_rsrp":-120.3,"marker-color":"#ff9100","marker-size":"small","description":"Weak coverage: -120.3 dBm"}},{"type":"Feature","geometry":{"type":"Point","coordinates":[139.794,35.673]},"properties":{"type":"weak","estimated_rsrp":-120.7,"marker-color":"#ff9100","marker-size":"small","description":"Weak coverage: -120.7 dBm"}},{"type":"Feature","geometry":{"type":"Point","coordinates":[139.796,35.673]},"properties":{"type":"weak","estimated_rsrp":-121.1,"marker-color":"#ff9100","marker-size":"small","description":"Weak coverage: -121.1 dBm"}},{"type":"Feature","geometry":{"type":"Point","coordinates":[139.798,35.673]},"properties":{"type":"weak","estimated_rsrp":-121.5,"marker-color":"#ff9100","marker-size":"small","description":"Weak coverage: -121.5 dBm"}},{"type":"Feature","geometry":{"type":"Point","coordinates":[139.8,35.673]},"properties":{"type":"hole","estimated_rsrp":-140,"marker-color":"#ff1744","marker-size":"small","description":"No coverage detected"}},{"type":"Feature","geometry":{"type":"Point","coordinates":[139.802,35.673]},"properties":{"type":"hole","estimated_rsrp":-140,"marker-color":"#ff1744","marker-size":"small","description":"No coverage detected"}},{"type":"Feature","geometry":{"type":"Point","coordinates":[139.804,35.673]},"properties":{"type":"hole","estimated_rsrp":-140,"marker-color":"#ff1744","marker-size":"small","description":"No coverage detected"}},{"type":"Feature","geometry":{"type":"Point","coordinates":[139.806,35.673]},"properties":{"type":"hole","estimated_rsrp":-140,"marker-color":"#ff1744","marker-size":"small","description":"No coverage detected"}},{"type":"Feature","geometry":{"type":"Point","coordinates":[139.808,35.673]},"properties":{"type":"hole","estimated_rsrp":-140,"marker-color":"#ff1744","marker-size":"small","description":"No coverage detected"}},{"type":"Feature","geometry":{"type":"Point","coordinates":[139.81,35.673]},"properties":{"type":"hole","estimated_rsrp":-140,"marker-color":"#ff1744","marker-size":"small","description":"No coverage detected"}},{"type":"Feature","geometry":{"type":"Point","coordinates":[139.812,35.673]},"properties":{"type":"hole","estimated_rsrp":-140,"marker-color":"#ff1744","marker-size":"small","description":"No coverage detected"}},{"type":"Feature","geometry":{"type":"Point","coordinates":[139.814,35.673]},"properties":{"type":"hole","estimated_rsrp":-140,"marker-color":"#ff1744","marker-size":"small","description":"No coverage detected"}},{"type":"Feature","geometry":{"type":"Point","coordinates":[139.682,35.675]},"properties":{"type":"weak","estimated_rsrp":-129.4,"marker-color":"#ff9100","marker-size":"small","description":"Weak coverage: -129.4 dBm"}},{"type":"Feature","geometry":{"type":"Point","coordinates":[139.684,35.675]},"properties":{"type":"weak","estimated_rsrp":-127.9,"marker-color":"#ff9100","marker-size":"small","description":"Weak coverage: -127.9 dBm"}},{"type":"Feature","geometry":{"type":"Point","coordinates":[139.686,35.675]},"properties":{"type":"weak","estimated_rsrp":-121.5,"marker-color":"#ff9100","marker-size":"small","description":"Weak coverage: -121.5 dBm"}},{"type":"Feature","geometry":{"type":"Point","coordinates":[139.688,35.675]},"properties":{"type":"weak","estimated_rsrp":-124.8,"marker-color":"#ff9100","marker-size":"small","description":"Weak coverage: -124.8 dBm"}},{"type":"Feature","geometry":{"type":"Point","coordinates":[139.692,35.675]},"properties":{"type":"weak","estimated_rsrp":-122.6,"marker-color":"#ff9100","marker-size":"small","description":"Weak coverage: -122.6 dBm"}},{"type":"Feature","geometry":{"type":"Point","coordinates":[139.792,35.675]},"properties":{"type":"weak","estimated_rsrp":-120.2,"marker-color":"#ff9100","marker-size":"small","description":"Weak coverage: -120.2 dBm"}},{"type":"Feature","geometry":{"type":"Point","coordinates":[139.794,35.675]},"properties":{"type":"weak","estimated_rsrp":-120.8,"marker-color":"#ff9100","marker-size":"small","description":"Weak coverage: -120.8 dBm"}},{"type":"Feature","geometry":{"type":"Point","coordinates":[139.798,35.675]},"properties":{"type":"weak","estimated_rsrp":-129.3,"marker-color":"#ff9100","marker-size":"small","description":"Weak coverage: -129.3 dBm"}},{"type":"Feature","geometry":{"type":"Point","coordinates":[139.8,35.675]},"properties":{"type":"hole","estimated_rsrp":-140,"marker-color":"#ff1744","marker-size":"small","description":"No coverage detected"}},{"type":"Feature","geometry":{"type":"Point","coordinates":[139.802,35.675]},"properties":{"type":"hole","estimated_rsrp":-140,"marker-color":"#ff1744","marker-size":"small","description":"No coverage detected"}},{"type":"Feature","geometry":{"type":"Point","coordinates":[139.804,35.675]},"properties":{"type":"hole","estimated_rsrp":-140,"marker-color":"#ff1744","marker-size":"small","description":"No coverage detected"}},{"type":"Feature","geometry":{"type":"Point","coordinates":[139.806,35.675]},"properties":{"type":"hole","estimated_rsrp":-140,"marker-color":"#ff1744","marker-size":"small","description":"No coverage detected"}},{"type":"Feature","geometry":{"type":"Point","coordinates":[139.808,35.675]},"properties":{"type":"hole","estimated_rsrp":-140,"marker-color":"#ff1744","marker-size":"small","description":"No coverage detected"}},{"type":"Feature","geometry":{"type":"Point","coordinates":[139.81,35.675]},"properties":{"type":"hole","estimated_rsrp":-140,"marker-color":"#ff1744","marker-size":"small","description":"No coverage detected"}},{"type":"Feature","geometry":{"type":"Point","coordinates":[139.812,35.675]},"properties":{"type":"hole","estimated_rsrp":-140,"marker-color":"#ff1744","marker-size":"small","description":"No coverage detected"}},{"type":"Feature","geometry":{"type":"Point","coordinates":[139.814,35.675]},"properties":{"type":"hole","estimated_rsrp":-140,"marker-color":"#ff1744","marker-size":"small","description":"No coverage detected"}},{"type":"Feature","geometry":{"type":"Point","coordinates":[139.682,35.677]},"properties":{"type":"weak","estimated_rsrp":-128.9,"marker-color":"#ff9100","marker-size":"small","description":"Weak coverage: -128.9 dBm"}},{"type":"Feature","geometry":{"type":"Point","coordinates":[139.684,35.677]},"properties":{"type":"weak","estimated_rsrp":-127.2,"marker-color":"#ff9100","marker-size":"small","description":"Weak coverage: -127.2 dBm"}},{"type":"Feature","geometry":{"type":"Point","coordinates":[139.686,35.677]},"properties":{"type":"weak","estimated_rsrp":-125.1,"marker-color":"#ff9100","marker-size":"small","description":"Weak coverage: -125.1 dBm"}},{"type":"Feature","geometry":{"type":"Point","coordinates":[139.688,35.677]},"properties":{"type":"weak","estimated_rsrp":-123.7,"marker-color":"#ff9100","marker-size":"small","description":"Weak coverage: -123.7 dBm"}},{"type":"Feature","geometry":{"type":"Point","coordinates":[139.692,35.677]},"properties":{"type":"weak","estimated_rsrp":-121.2,"marker-color":"#ff9100","marker-size":"small","description":"Weak coverage: -121.2 dBm"}},{"type":"Feature","geometry":{"type":"Point","coordinates":[139.694,35.677]},"properties":{"type":"weak","estimated_rsrp":-120.5,"marker-color":"#ff9100","marker-size":"small","description":"Weak coverage: -120.5 dBm"}},{"type":"Feature","geometry":{"type":"Point","coordinates":[139.798,35.677]},"properties":{"type":"weak","estimated_rsrp":-129.0,"marker-color":"#ff9100","marker-size":"small","description":"Weak coverage: -129.0 dBm"}},{"type":"Feature","geometry":{"type":"Point","coordinates":[139.8,35.677]},"properties":{"type":"weak","estimated_rsrp":-129.7,"marker-color":"#ff9100","marker-size":"small","description":"Weak coverage: -129.7 dBm"}},{"type":"Feature","geometry":{"type":"Point","coordinates":[139.802,35.677]},"properties":{"type":"hole","estimated_rsrp":-140,"marker-color":"#ff1744","marker-size":"small","description":"No coverage detected"}},{"type":"Feature","geometry":{"type":"Point","coordinates":[139.804,35.677]},"properties":{"type":"hole","estimated_rsrp":-140,"marker-color":"#ff1744","marker-size":"small","description":"No coverage detected"}},{"type":"Feature","geometry":{"type":"Point","coordinates":[139.806,35.677]},"properties":{"type":"hole","estimated_rsrp":-140,"marker-color":"#ff1744","marker-size":"small","description":"No coverage detected"}},{"type":"Feature","geometry":{"type":"Point","coordinates":[139.808,35.677]},"properties":{"type":"hole","estimated_rsrp":-140,"marker-color":"#ff1744","marker-size":"small","description":"No coverage detected"}},{"type":"Feature","geometry":{"type":"Point","coordinates":[139.81,35.677]},"properties":{"type":"hole","estimated_rsrp":-140,"marker-color":"#ff1744","marker-size":"small","description":"No coverage detected"}},{"type":"Feature","geometry":{"type":"Point","coordinates":[139.812,35.677]},"properties":{"type":"hole","estimated_rsrp":-140,"marker-color":"#ff1744","marker-size":"small","description":"No coverage detected"}},{"type":"Feature","geometry":{"type":"Point","coordinates":[139.814,35.677]},"properties":{"type":"hole","estimated_rsrp":-140,"marker-color":"#ff1744","marker-size":"small","description":"No coverage detected"}},{"type":"Feature","geometry":{"type":"Point","coordinates":[139.682,35.679]},"properties":{"type":"weak","estimated_rsrp":-125.0,"marker-color":"#ff9100","marker-size":"small","description":"Weak coverage: -125.0 dBm"}},{"type":"Feature","geometry":{"type":"Point","coordinates":[139.684,35.679]},"properties":{"type":"weak","estimated_rsrp":-126.4,"marker-color":"#ff9100","marker-size":"small","description":"Weak coverage: -126.4 dBm"}},{"type":"Feature","geometry":{"type":"Point","coordinates":[139.686,35.679]},"properties":{"type":"weak","estimated_rsrp":-123.8,"marker-color":"#ff9100","marker-size":"small","description":"Weak coverage: -123.8 dBm"}},{"type":"Feature","geometry":{"type":"Point","coordinates":[139.69,35.679]},"properties":{"type":"weak","estimated_rsrp":-120.6,"marker-color":"#ff9100","marker-size":"small","description":"Weak coverage: -120.6 dBm"}},{"type":"Feature","geometry":{"type":"Point","coordinates":[139.796,35.679]},"properties":{"type":"hole","estimated_rsrp":-140,"marker-color":"#ff1744","marker-size":"small","description":"No coverage detected"}},{"type":"Feature","geometry":{"type":"Point","coordinates":[139.798,35.679]},"properties":{"type":"hole","estimated_rsrp":-140,"marker-color":"#ff1744","marker-size":"small","description":"No coverage detected"}},{"type":"Feature","geometry":{"type":"Point","coordinates":[139.8,35.679]},"properties":{"type":"hole","estimated_rsrp":-140,"marker-color":"#ff1744","marker-size":"small","description":"No coverage detected"}},{"type":"Feature","geometry":{"type":"Point","coordinates":[139.802,35.679]},"properties":{"type":"hole","estimated_rsrp":-140,"marker-color":"#ff1744","marker-size":"small","description":"No coverage detected"}},{"type":"Feature","geometry":{"type":"Point","coordinates":[139.804,35.679]},"properties":{"type":"hole","estimated_rsrp":-140,"marker-color":"#ff1744","marker-size":"small","description":"No coverage detected"}},{"type":"Feature","geometry":{"type":"Point","coordinates":[139.806,35.679]},"properties":{"type":"hole","estimated_rsrp":-140,"marker-color":"#ff1744","marker-size":"small","description":"No coverage detected"}},{"type":"Feature","geometry":{"type":"Point","coordinates":[139.808,35.679]},"properties":{"type":"hole","estimated_rsrp":-140,"marker-color":"#ff1744","marker-size":"small","description":"No coverage detected"}},{"type":"Feature","geometry":{"type":"Point","coordinates":[139.81,35.679]},"properties":{"type":"hole","estimated_rsrp":-140,"marker-color":"#ff1744","marker-size":"small","description":"No coverage detected"}},{"type":"Feature","geometry":{"type":"Point","coordinates":[139.812,35.679]},"properties":{"type":"hole","estimated_rsrp":-140,"marker-color":"#ff1744","marker-size":"small","description":"No coverage detected"}},{"type":"Feature","geometry":{"type":"Point","coordinates":[139.814,35.679]},"properties":{"type":"hole","estimated_rsrp":-140,"marker-color":"#ff1744","marker-size":"small","description":"No coverage detected"}},{"type":"Feature","geometry":{"type":"Point","coordinates":[139.682,35.681]},"properties":{"type":"weak","estimated_rsrp":-124.2,"marker-color":"#ff9100","marker-size":"small","description":"Weak coverage: -124.2 dBm"}},{"type":"Feature","geometry":{"type":"Point","coordinates":[139.684,35.681]},"properties":{"type":"weak","estimated_rsrp":-123.9,"marker-color":"#ff9100","marker-size":"small","description":"Weak coverage: -123.9 dBm"}},{"type":"Feature","geometry":{"type":"Point","coordinates":[139.686,35.681]},"properties":{"type":"weak","estimated_rsrp":-122.8,"marker-color":"#ff9100","marker-size":"small","description":"Weak coverage: -122.8 dBm"}},{"type":"Feature","geometry":{"type":"Point","coordinates":[139.788,35.681]},"properties":{"type":"weak","estimated_rsrp":-120.2,"marker-color":"#ff9100","marker-size":"small","description":"Weak coverage: -120.2 dBm"}},{"type":"Feature","geometry":{"type":"Point","coordinates":[139.79,35.681]},"properties":{"type":"weak","estimated_rsrp":-120.5,"marker-color":"#ff9100","marker-size":"small","description":"Weak coverage: -120.5 dBm"}},{"type":"Feature","geometry":{"type":"Point","coordinates":[139.794,35.681]},"properties":{"type":"weak","estimated_rsrp":-129.7,"marker-color":"#ff9100","marker-size":"small","description":"Weak coverage: -129.7 dBm"}},{"type":"Feature","geometry":{"type":"Point","coordinates":[139.796,35.681]},"properties":{"type":"weak","estimated_rsrp":-129.4,"marker-color":"#ff9100","marker-size":"small","description":"Weak coverage: -129.4 dBm"}},{"type":"Feature","geometry":{"type":"Point","coordinates":[139.798,35.681]},"properties":{"type":"hole","estimated_rsrp":-140,"marker-color":"#ff1744","marker-size":"small","description":"No coverage detected"}},{"type":"Feature","geometry":{"type":"Point","coordinates":[139.8,35.681]},"properties":{"type":"hole","estimated_rsrp":-140,"marker-color":"#ff1744","marker-size":"small","description":"No coverage detected"}},{"type":"Feature","geometry":{"type":"Point","coordinates":[139.802,35.681]},"properties":{"type":"hole","estimated_rsrp":-140,"marker-color":"#ff1744","marker-size":"small","description":"No coverage detected"}},{"type":"Feature","geometry":{"type":"Point","coordinates":[139.804,35.681]},"properties":{"type":"hole","estimated_rsrp":-140,"marker-color":"#ff1744","marker-size":"small","description":"No coverage detected"}},{"type":"Feature","geometry":{"type":"Point","coordinates":[139.806,35.681]},"properties":{"type":"hole","estimated_rsrp":-140,"marker-color":"#ff1744","marker-size":"small","description":"No coverage detected"}},{"type":"Feature","geometry":{"type":"Point","coordinates":[139.808,35.681]},"properties":{"type":"hole","estimated_rsrp":-140,"marker-color":"#ff1744","marker-size":"small","description":"No coverage detected"}},{"type":"Feature","geometry":{"type":"Point","coordinates":[139.81,35.681]},"properties":{"type":"hole","estimated_rsrp":-140,"marker-color":"#ff1744","marker-size":"small","description":"No coverage detected"}},{"type":"Feature","geometry":{"type":"Point","coordinates":[139.812,35.681]},"properties":{"type":"hole","estimated_rsrp":-140,"marker-color":"#ff1744","marker-size":"small","description":"No coverage detected"}},{"type":"Feature","geometry":{"type":"Point","coordinates":[139.814,35.681]},"properties":{"type":"hole","estimated_rsrp":-140,"marker-color":"#ff1744","marker-size":"small","description":"No coverage detected"}},{"type":"Feature","geometry":{"type":"Point","coordinates":[139.684,35.683]},"properties":{"type":"weak","estimated_rsrp":-123.9,"marker-color":"#ff9100","marker-size":"small","description":"Weak coverage: -123.9 dBm"}},{"type":"Feature","geometry":{"type":"Point","coordinates":[139.686,35.683]},"properties":{"type":"weak","estimated_rsrp":-121.8,"marker-color":"#ff9100","marker-size":"small","description":"Weak coverage: -121.8 dBm"}},{"type":"Feature","geometry":{"type":"Point","coordinates":[139.786,35.683]},"properties":{"type":"weak","estimated_rsrp":-120.1,"marker-color":"#ff9100","marker-size":"small","description":"Weak coverage: -120.1 dBm"}},{"type":"Feature","geometry":{"type":"Point","coordinates":[139.788,35.683]},"properties":{"type":"weak","estimated_rsrp":-120.5,"marker-color":"#ff9100","marker-size":"small","description":"Weak coverage: -120.5 dBm"}},{"type":"Feature","geometry":{"type":"Point","coordinates":[139.79,35.683]},"properties":{"type":"weak","estimated_rsrp":-120.8,"marker-color":"#ff9100","marker-size":"small","description":"Weak coverage: -120.8 dBm"}},{"type":"Feature","geometry":{"type":"Point","coordinates":[139.792,35.683]},"properties":{"type":"weak","estimated_rsrp":-121.2,"marker-color":"#ff9100","marker-size":"small","description":"Weak coverage: -121.2 dBm"}},{"type":"Feature","geometry":{"type":"Point","coordinates":[139.794,35.683]},"properties":{"type":"hole","estimated_rsrp":-140,"marker-color":"#ff1744","marker-size":"small","description":"No coverage detected"}},{"type":"Feature","geometry":{"type":"Point","coordinates":[139.796,35.683]},"properties":{"type":"hole","estimated_rsrp":-140,"marker-color":"#ff1744","marker-size":"small","description":"No coverage detected"}},{"type":"Feature","geometry":{"type":"Point","coordinates":[139.798,35.683]},"properties":{"type":"hole","estimated_rsrp":-140,"marker-color":"#ff1744","marker-size":"small","description":"No coverage detected"}},{"type":"Feature","geometry":{"type":"Point","coordinates":[139.8,35.683]},"properties":{"type":"weak","estimated_rsrp":-127.7,"marker-color":"#ff9100","marker-size":"small","description":"Weak coverage: -127.7 dBm"}},{"type":"Feature","geometry":{"type":"Point","coordinates":[139.802,35.683]},"properties":{"type":"hole","estimated_rsrp":-140,"marker-color":"#ff1744","marker-size":"small","description":"No coverage detected"}},{"type":"Feature","geometry":{"type":"Point","coordinates":[139.804,35.683]},"properties":{"type":"hole","estimated_rsrp":-140,"marker-color":"#ff1744","marker-size":"small","description":"No coverage detected"}},{"type":"Feature","geometry":{"type":"Point","coordinates":[139.806,35.683]},"properties":{"type":"hole","estimated_rsrp":-140,"marker-color":"#ff1744","marker-size":"small","description":"No coverage detected"}},{"type":"Feature","geometry":{"type":"Point","coordinates":[139.808,35.683]},"properties":{"type":"hole","estimated_rsrp":-140,"marker-color":"#ff1744","marker-size":"small","description":"No coverage detected"}},{"type":"Feature","geometry":{"type":"Point","coordinates":[139.81,35.683]},"properties":{"type":"hole","estimated_rsrp":-140,"marker-color":"#ff1744","marker-size":"small","description":"No coverage detected"}},{"type":"Feature","geometry":{"type":"Point","coordinates":[139.812,35.683]},"properties":{"type":"hole","estimated_rsrp":-140,"marker-color":"#ff1744","marker-size":"small","description":"No coverage detected"}},{"type":"Feature","geometry":{"type":"Point","coordinates":[139.814,35.683]},"properties":{"type":"hole","estimated_rsrp":-140,"marker-color":"#ff1744","marker-size":"small","description":"No coverage detected"}},{"type":"Feature","geometry":{"type":"Point","coordinates":[139.684,35.685]},"properties":{"type":"weak","estimated_rsrp":-120.3,"marker-color":"#ff9100","marker-size":"small","description":"Weak coverage: -120.3 dBm"}},{"type":"Feature","geometry":{"type":"Point","coordinates":[139.686,35.685]},"properties":{"type":"weak","estimated_rsrp":-120.8,"marker-color":"#ff9100","marker-size":"small","description":"Weak coverage: -120.8 dBm"}},{"type":"Feature","geometry":{"type":"Point","coordinates":[139.782,35.685]},"properties":{"type":"weak","estimated_rsrp":-120.1,"marker-color":"#ff9100","marker-size":"small","description":"Weak coverage: -120.1 dBm"}},{"type":"Feature","geometry":{"type":"Point","coordinates":[139.784,35.685]},"properties":{"type":"weak","estimated_rsrp":-120.4,"marker-color":"#ff9100","marker-size":"small","description":"Weak coverage: -120.4 dBm"}},{"type":"Feature","geometry":{"type":"Point","coordinates":[139.788,35.685]},"properties":{"type":"weak","estimated_rsrp":-121.0,"marker-color":"#ff9100","marker-size":"small","description":"Weak coverage: -121.0 dBm"}},{"type":"Feature","geometry":{"type":"Point","coordinates":[139.79,35.685]},"properties":{"type":"weak","estimated_rsrp":-121.2,"marker-color":"#ff9100","marker-size":"small","description":"Weak coverage: -121.2 dBm"}},{"type":"Feature","geometry":{"type":"Point","coordinates":[139.794,35.685]},"properties":{"type":"hole","estimated_rsrp":-140,"marker-color":"#ff1744","marker-size":"small","description":"No coverage detected"}},{"type":"Feature","geometry":{"type":"Point","coordinates":[139.796,35.685]},"properties":{"type":"hole","estimated_rsrp":-140,"marker-color":"#ff1744","marker-size":"small","description":"No coverage detected"}},{"type":"Feature","geometry":{"type":"Point","coordinates":[139.798,35.685]},"properties":{"type":"hole","estimated_rsrp":-140,"marker-color":"#ff1744","marker-size":"small","description":"No coverage detected"}},{"type":"Feature","geometry":{"type":"Point","coordinates":[139.8,35.685]},"properties":{"type":"hole","estimated_rsrp":-140,"marker-color":"#ff1744","marker-size":"small","description":"No coverage detected"}},{"type":"Feature","geometry":{"type":"Point","coordinates":[139.802,35.685]},"properties":{"type":"hole","estimated_rsrp":-140,"marker-color":"#ff1744","marker-size":"small","description":"No coverage detected"}},{"type":"Feature","geometry":{"type":"Point","coordinates":[139.804,35.685]},"properties":{"type":"hole","estimated_rsrp":-140,"marker-color":"#ff1744","marker-size":"small","description":"No coverage detected"}},{"type":"Feature","geometry":{"type":"Point","coordinates":[139.806,35.685]},"properties":{"type":"hole","estimated_rsrp":-140,"marker-color":"#ff1744","marker-size":"small","description":"No coverage detected"}},{"type":"Feature","geometry":{"type":"Point","coordinates":[139.808,35.685]},"properties":{"type":"weak","estimated_rsrp":-130.0,"marker-color":"#ff9100","marker-size":"small","description":"Weak coverage: -130.0 dBm"}},{"type":"Feature","geometry":{"type":"Point","coordinates":[139.81,35.685]},"properties":{"type":"hole","estimated_rsrp":-140,"marker-color":"#ff1744","marker-size":"small","description":"No coverage detected"}},{"type":"Feature","geometry":{"type":"Point","coordinates":[139.812,35.685]},"properties":{"type":"hole","estimated_rsrp":-140,"marker-color":"#ff1744","marker-size":"small","description":"No coverage detected"}},{"type":"Feature","geometry":{"type":"Point","coordinates":[139.814,35.685]},"properties":{"type":"hole","estimated_rsrp":-140,"marker-color":"#ff1744","marker-size":"small","description":"No coverage detected"}},{"type":"Feature","geometry":{"type":"Point","coordinates":[139.778,35.687]},"properties":{"type":"weak","estimated_rsrp":-120.2,"marker-color":"#ff9100","marker-size":"small","description":"Weak coverage: -120.2 dBm"}},{"type":"Feature","geometry":{"type":"Point","coordinates":[139.78,35.687]},"properties":{"type":"weak","estimated_rsrp":-120.4,"marker-color":"#ff9100","marker-size":"small","description":"Weak coverage: -120.4 dBm"}},{"type":"Feature","geometry":{"type":"Point","coordinates":[139.782,35.687]},"properties":{"type":"weak","estimated_rsrp":-120.6,"marker-color":"#ff9100","marker-size":"small","description":"Weak coverage: -120.6 dBm"}},{"type":"Feature","geometry":{"type":"Point","coordinates":[139.784,35.687]},"properties":{"type":"weak","estimated_rsrp":-120.8,"marker-color":"#ff9100","marker-size":"small","description":"Weak coverage: -120.8 dBm"}},{"type":"Feature","geometry":{"type":"Point","coordinates":[139.79,35.687]},"properties":{"type":"weak","estimated_rsrp":-129.9,"marker-color":"#ff9100","marker-size":"small","description":"Weak coverage: -129.9 dBm"}},{"type":"Feature","geometry":{"type":"Point","coordinates":[139.792,35.687]},"properties":{"type":"weak","estimated_rsrp":-127.3,"marker-color":"#ff9100","marker-size":"small","description":"Weak coverage: -127.3 dBm"}},{"type":"Feature","geometry":{"type":"Point","coordinates":[139.794,35.687]},"properties":{"type":"weak","estimated_rsrp":-122.6,"marker-color":"#ff9100","marker-size":"small","description":"Weak coverage: -122.6 dBm"}},{"type":"Feature","geometry":{"type":"Point","coordinates":[139.796,35.687]},"properties":{"type":"hole","estimated_rsrp":-140,"marker-color":"#ff1744","marker-size":"small","description":"No coverage detected"}},{"type":"Feature","geometry":{"type":"Point","coordinates":[139.798,35.687]},"properties":{"type":"hole","estimated_rsrp":-140,"marker-color":"#ff1744","marker-size":"small","description":"No coverage detected"}},{"type":"Feature","geometry":{"type":"Point","coordinates":[139.8,35.687]},"properties":{"type":"hole","estimated_rsrp":-140,"marker-color":"#ff1744","marker-size":"small","description":"No coverage detected"}},{"type":"Feature","geometry":{"type":"Point","coordinates":[139.802,35.687]},"properties":{"type":"hole","estimated_rsrp":-140,"marker-color":"#ff1744","marker-size":"small","description":"No coverage detected"}},{"type":"Feature","geometry":{"type":"Point","coordinates":[139.804,35.687]},"properties":{"type":"hole","estimated_rsrp":-140,"marker-color":"#ff1744","marker-size":"small","description":"No coverage detected"}},{"type":"Feature","geometry":{"type":"Point","coordinates":[139.806,35.687]},"properties":{"type":"hole","estimated_rsrp":-140,"marker-color":"#ff1744","marker-size":"small","description":"No coverage detected"}},{"type":"Feature","geometry":{"type":"Point","coordinates":[139.808,35.687]},"properties":{"type":"hole","estimated_rsrp":-140,"marker-color":"#ff1744","marker-size":"small","description":"No coverage detected"}},{"type":"Feature","geometry":{"type":"Point","coordinates":[139.81,35.687]},"properties":{"type":"hole","estimated_rsrp":-140,"marker-color":"#ff1744","marker-size":"small","description":"No coverage detected"}},{"type":"Feature","geometry":{"type":"Point","coordinates":[139.812,35.687]},"properties":{"type":"hole","estimated_rsrp":-140,"marker-color":"#ff1744","marker-size":"small","description":"No coverage detected"}},{"type":"Feature","geometry":{"type":"Point","coordinates":[139.814,35.687]},"properties":{"type":"hole","estimated_rsrp":-140,"marker-color":"#ff1744","marker-size":"small","description":"No coverage detected"}},{"type":"Feature","geometry":{"type":"Point","coordinates":[139.716,35.689]},"properties":{"type":"weak","estimated_rsrp":-120.6,"marker-color":"#ff9100","marker-size":"small","description":"Weak coverage: -120.6 dBm"}},{"type":"Feature","geometry":{"type":"Point","coordinates":[139.72,35.689]},"properties":{"type":"weak","estimated_rsrp":-120.5,"marker-color":"#ff9100","marker-size":"small","description":"Weak coverage: -120.5 dBm"}},{"type":"Feature","geometry":{"type":"Point","coordinates":[139.776,35.689]},"properties":{"type":"weak","estimated_rsrp":-120.7,"marker-color":"#ff9100","marker-size":"small","description":"Weak coverage: -120.7 dBm"}},{"type":"Feature","geometry":{"type":"Point","coordinates":[139.778,35.689]},"properties":{"type":"weak","estimated_rsrp":-120.8,"marker-color":"#ff9100","marker-size":"small","description":"Weak coverage: -120.8 dBm"}},{"type":"Feature","geometry":{"type":"Point","coordinates":[139.78,35.689]},"properties":{"type":"weak","estimated_rsrp":-120.9,"marker-color":"#ff9100","marker-size":"small","description":"Weak coverage: -120.9 dBm"}},{"type":"Feature","geometry":{"type":"Point","coordinates":[139.782,35.689]},"properties":{"type":"weak","estimated_rsrp":-121.1,"marker-color":"#ff9100","marker-size":"small","description":"Weak coverage: -121.1 dBm"}},{"type":"Feature","geometry":{"type":"Point","coordinates":[139.784,35.689]},"properties":{"type":"weak","estimated_rsrp":-121.3,"marker-color":"#ff9100","marker-size":"small","description":"Weak coverage: -121.3 dBm"}},{"type":"Feature","geometry":{"type":"Point","coordinates":[139.786,35.689]},"properties":{"type":"weak","estimated_rsrp":-121.5,"marker-color":"#ff9100","marker-size":"small","description":"Weak coverage: -121.5 dBm"}},{"type":"Feature","geometry":{"type":"Point","coordinates":[139.788,35.689]},"properties":{"type":"weak","estimated_rsrp":-127.7,"marker-color":"#ff9100","marker-size":"small","description":"Weak coverage: -127.7 dBm"}},{"type":"Feature","geometry":{"type":"Point","coordinates":[139.79,35.689]},"properties":{"type":"weak","estimated_rsrp":-128.3,"marker-color":"#ff9100","marker-size":"small","description":"Weak coverage: -128.3 dBm"}},{"type":"Feature","geometry":{"type":"Point","coordinates":[139.792,35.689]},"properties":{"type":"weak","estimated_rsrp":-129.1,"marker-color":"#ff9100","marker-size":"small","description":"Weak coverage: -129.1 dBm"}},{"type":"Feature","geometry":{"type":"Point","coordinates":[139.794,35.689]},"properties":{"type":"weak","estimated_rsrp":-129.9,"marker-color":"#ff9100","marker-size":"small","description":"Weak coverage: -129.9 dBm"}},{"type":"Feature","geometry":{"type":"Point","coordinates":[139.796,35.689]},"properties":{"type":"weak","estimated_rsrp":-125.4,"marker-color":"#ff9100","marker-size":"small","description":"Weak coverage: -125.4 dBm"}},{"type":"Feature","geometry":{"type":"Point","coordinates":[139.798,35.689]},"properties":{"type":"weak","estimated_rsrp":-127.9,"marker-color":"#ff9100","marker-size":"small","description":"Weak coverage: -127.9 dBm"}},{"type":"Feature","geometry":{"type":"Point","coordinates":[139.8,35.689]},"properties":{"type":"weak","estimated_rsrp":-128.6,"marker-color":"#ff9100","marker-size":"small","description":"Weak coverage: -128.6 dBm"}},{"type":"Feature","geometry":{"type":"Point","coordinates":[139.802,35.689]},"properties":{"type":"weak","estimated_rsrp":-129.9,"marker-color":"#ff9100","marker-size":"small","description":"Weak coverage: -129.9 dBm"}},{"type":"Feature","geometry":{"type":"Point","coordinates":[139.804,35.689]},"properties":{"type":"hole","estimated_rsrp":-140,"marker-color":"#ff1744","marker-size":"small","description":"No coverage detected"}},{"type":"Feature","geometry":{"type":"Point","coordinates":[139.806,35.689]},"properties":{"type":"hole","estimated_rsrp":-140,"marker-color":"#ff1744","marker-size":"small","description":"No coverage detected"}},{"type":"Feature","geometry":{"type":"Point","coordinates":[139.808,35.689]},"properties":{"type":"hole","estimated_rsrp":-140,"marker-color":"#ff1744","marker-size":"small","description":"No coverage detected"}},{"type":"Feature","geometry":{"type":"Point","coordinates":[139.81,35.689]},"properties":{"type":"hole","estimated_rsrp":-140,"marker-color":"#ff1744","marker-size":"small","description":"No coverage detected"}},{"type":"Feature","geometry":{"type":"Point","coordinates":[139.812,35.689]},"properties":{"type":"hole","estimated_rsrp":-140,"marker-color":"#ff1744","marker-size":"small","description":"No coverage detected"}},{"type":"Feature","geometry":{"type":"Point","coordinates":[139.814,35.689]},"properties":{"type":"hole","estimated_rsrp":-140,"marker-color":"#ff1744","marker-size":"small","description":"No coverage detected"}},{"type":"Feature","geometry":{"type":"Point","coordinates":[139.706,35.691]},"properties":{"type":"weak","estimated_rsrp":-120.2,"marker-color":"#ff9100","marker-size":"small","description":"Weak coverage: -120.2 dBm"}},{"type":"Feature","geometry":{"type":"Point","coordinates":[139.774,35.691]},"properties":{"type":"weak","estimated_rsrp":-121.5,"marker-color":"#ff9100","marker-size":"small","description":"Weak coverage: -121.5 dBm"}},{"type":"Feature","geometry":{"type":"Point","coordinates":[139.776,35.691]},"properties":{"type":"weak","estimated_rsrp":-121.5,"marker-color":"#ff9100","marker-size":"small","description":"Weak coverage: -121.5 dBm"}},{"type":"Feature","geometry":{"type":"Point","coordinates":[139.778,35.691]},"properties":{"type":"weak","estimated_rsrp":-121.6,"marker-color":"#ff9100","marker-size":"small","description":"Weak coverage: -121.6 dBm"}},{"type":"Feature","geometry":{"type":"Point","coordinates":[139.78,35.691]},"properties":{"type":"weak","estimated_rsrp":-121.7,"marker-color":"#ff9100","marker-size":"small","description":"Weak coverage: -121.7 dBm"}},{"type":"Feature","geometry":{"type":"Point","coordinates":[139.782,35.691]},"properties":{"type":"weak","estimated_rsrp":-121.8,"marker-color":"#ff9100","marker-size":"small","description":"Weak coverage: -121.8 dBm"}},{"type":"Feature","geometry":{"type":"Point","coordinates":[139.784,35.691]},"properties":{"type":"weak","estimated_rsrp":-123.8,"marker-color":"#ff9100","marker-size":"small","description":"Weak coverage: -123.8 dBm"}},{"type":"Feature","geometry":{"type":"Point","coordinates":[139.786,35.691]},"properties":{"type":"weak","estimated_rsrp":-124.6,"marker-color":"#ff9100","marker-size":"small","description":"Weak coverage: -124.6 dBm"}},{"type":"Feature","geometry":{"type":"Point","coordinates":[139.788,35.691]},"properties":{"type":"weak","estimated_rsrp":-127.3,"marker-color":"#ff9100","marker-size":"small","description":"Weak coverage: -127.3 dBm"}},{"type":"Feature","geometry":{"type":"Point","coordinates":[139.79,35.691]},"properties":{"type":"weak","estimated_rsrp":-127.5,"marker-color":"#ff9100","marker-size":"small","description":"Weak coverage: -127.5 dBm"}},{"type":"Feature","geometry":{"type":"Point","coordinates":[139.792,35.691]},"properties":{"type":"weak","estimated_rsrp":-128.2,"marker-color":"#ff9100","marker-size":"small","description":"Weak coverage: -128.2 dBm"}},{"type":"Feature","geometry":{"type":"Point","coordinates":[139.794,35.691]},"properties":{"type":"weak","estimated_rsrp":-126.4,"marker-color":"#ff9100","marker-size":"small","description":"Weak coverage: -126.4 dBm"}},{"type":"Feature","geometry":{"type":"Point","coordinates":[139.796,35.691]},"properties":{"type":"weak","estimated_rsrp":-126.9,"marker-color":"#ff9100","marker-size":"small","description":"Weak coverage: -126.9 dBm"}},{"type":"Feature","geometry":{"type":"Point","coordinates":[139.798,35.691]},"properties":{"type":"weak","estimated_rsrp":-129.4,"marker-color":"#ff9100","marker-size":"small","description":"Weak coverage: -129.4 dBm"}},{"type":"Feature","geometry":{"type":"Point","coordinates":[139.8,35.691]},"properties":{"type":"weak","estimated_rsrp":-129.1,"marker-color":"#ff9100","marker-size":"small","description":"Weak coverage: -129.1 dBm"}},{"type":"Feature","geometry":{"type":"Point","coordinates":[139.802,35.691]},"properties":{"type":"weak","estimated_rsrp":-130.0,"marker-color":"#ff9100","marker-size":"small","description":"Weak coverage: -130.0 dBm"}},{"type":"Feature","geometry":{"type":"Point","coordinates":[139.804,35.691]},"properties":{"type":"hole","estimated_rsrp":-140,"marker-color":"#ff1744","marker-size":"small","description":"No coverage detected"}},{"type":"Feature","geometry":{"type":"Point","coordinates":[139.806,35.691]},"properties":{"type":"hole","estimated_rsrp":-140,"marker-color":"#ff1744","marker-size":"small","description":"No coverage detected"}},{"type":"Feature","geometry":{"type":"Point","coordinates":[139.808,35.691]},"properties":{"type":"hole","estimated_rsrp":-140,"marker-color":"#ff1744","marker-size":"small","description":"No coverage detected"}},{"type":"Feature","geometry":{"type":"Point","coordinates":[139.81,35.691]},"properties":{"type":"hole","estimated_rsrp":-140,"marker-color":"#ff1744","marker-size":"small","description":"No coverage detected"}},{"type":"Feature","geometry":{"type":"Point","coordinates":[139.812,35.691]},"properties":{"type":"hole","estimated_rsrp":-140,"marker-color":"#ff1744","marker-size":"small","description":"No coverage detected"}},{"type":"Feature","geometry":{"type":"Point","coordinates":[139.814,35.691]},"properties":{"type":"hole","estimated_rsrp":-140,"marker-color":"#ff1744","marker-size":"small","description":"No coverage detected"}},{"type":"Feature","geometry":{"type":"Point","coordinates":[139.704,35.693]},"properties":{"type":"weak","estimated_rsrp":-121.4,"marker-color":"#ff9100","marker-size":"small","description":"Weak coverage: -121.4 dBm"}},{"type":"Feature","geometry":{"type":"Point","coordinates":[139.706,35.693]},"properties":{"type":"weak","estimated_rsrp":-123.4,"marker-color":"#ff9100","marker-size":"small","description":"Weak coverage: -123.4 dBm"}},{"type":"Feature","geometry":{"type":"Point","coordinates":[139.708,35.693]},"properties":{"type":"weak","estimated_rsrp":-121.4,"marker-color":"#ff9100","marker-size":"small","description":"Weak coverage: -121.4 dBm"}},{"type":"Feature","geometry":{"type":"Point","coordinates":[139.71,35.693]},"properties":{"type":"weak","estimated_rsrp":-121.9,"marker-color":"#ff9100","marker-size":"small","description":"Weak coverage: -121.9 dBm"}},{"type":"Feature","geometry":{"type":"Point","coordinates":[139.764,35.693]},"properties":{"type":"weak","estimated_rsrp":-120.4,"marker-color":"#ff9100","marker-size":"small","description":"Weak coverage: -120.4 dBm"}},{"type":"Feature","geometry":{"type":"Point","coordinates":[139.772,35.693]},"properties":{"type":"weak","estimated_rsrp":-121.5,"marker-color":"#ff9100","marker-size":"small","description":"Weak coverage: -121.5 dBm"}},{"type":"Feature","geometry":{"type":"Point","coordinates":[139.774,35.693]},"properties":{"type":"weak","estimated_rsrp":-122.1,"marker-color":"#ff9100","marker-size":"small","description":"Weak coverage: -122.1 dBm"}},{"type":"Feature","geometry":{"type":"Point","coordinates":[139.782,35.693]},"properties":{"type":"weak","estimated_rsrp":-120.8,"marker-color":"#ff9100","marker-size":"small","description":"Weak coverage: -120.8 dBm"}},{"type":"Feature","geometry":{"type":"Point","coordinates":[139.784,35.693]},"properties":{"type":"weak","estimated_rsrp":-122.5,"marker-color":"#ff9100","marker-size":"small","description":"Weak coverage: -122.5 dBm"}},{"type":"Feature","geometry":{"type":"Point","coordinates":[139.786,35.693]},"properties":{"type":"weak","estimated_rsrp":-125.8,"marker-color":"#ff9100","marker-size":"small","description":"Weak coverage: -125.8 dBm"}},{"type":"Feature","geometry":{"type":"Point","coordinates":[139.788,35.693]},"properties":{"type":"weak","estimated_rsrp":-125.0,"marker-color":"#ff9100","marker-size":"small","description":"Weak coverage: -125.0 dBm"}},{"type":"Feature","geometry":{"type":"Point","coordinates":[139.79,35.693]},"properties":{"type":"weak","estimated_rsrp":-128.7,"marker-color":"#ff9100","marker-size":"small","description":"Weak coverage: -128.7 dBm"}},{"type":"Feature","geometry":{"type":"Point","coordinates":[139.792,35.693]},"properties":{"type":"weak","estimated_rsrp":-128.5,"marker-color":"#ff9100","marker-size":"small","description":"Weak coverage: -128.5 dBm"}},{"type":"Feature","geometry":{"type":"Point","coordinates":[139.794,35.693]},"properties":{"type":"weak","estimated_rsrp":-125.6,"marker-color":"#ff9100","marker-size":"small","description":"Weak coverage: -125.6 dBm"}},{"type":"Feature","geometry":{"type":"Point","coordinates":[139.796,35.693]},"properties":{"type":"weak","estimated_rsrp":-129.9,"marker-color":"#ff9100","marker-size":"small","description":"Weak coverage: -129.9 dBm"}},{"type":"Feature","geometry":{"type":"Point","coordinates":[139.8,35.693]},"properties":{"type":"hole","estimated_rsrp":-140,"marker-color":"#ff1744","marker-size":"small","description":"No coverage detected"}},{"type":"Feature","geometry":{"type":"Point","coordinates":[139.802,35.693]},"properties":{"type":"hole","estimated_rsrp":-140,"marker-color":"#ff1744","marker-size":"small","description":"No coverage detected"}},{"type":"Feature","geometry":{"type":"Point","coordinates":[139.804,35.693]},"properties":{"type":"hole","estimated_rsrp":-140,"marker-color":"#ff1744","marker-size":"small","description":"No coverage detected"}},{"type":"Feature","geometry":{"type":"Point","coordinates":[139.806,35.693]},"properties":{"type":"hole","estimated_rsrp":-140,"marker-color":"#ff1744","marker-size":"small","description":"No coverage detected"}},{"type":"Feature","geometry":{"type":"Point","coordinates":[139.81,35.693]},"properties":{"type":"hole","estimated_rsrp":-140,"marker-color":"#ff1744","marker-size":"small","description":"No coverage detected"}},{"type":"Feature","geometry":{"type":"Point","coordinates":[139.812,35.693]},"properties":{"type":"hole","estimated_rsrp":-140,"marker-color":"#ff1744","marker-size":"small","description":"No coverage detected"}},{"type":"Feature","geometry":{"type":"Point","coordinates":[139.814,35.693]},"properties":{"type":"hole","estimated_rsrp":-140,"marker-color":"#ff1744","marker-size":"small","description":"No coverage detected"}},{"type":"Feature","geometry":{"type":"Point","coordinates":[139.706,35.695]},"properties":{"type":"weak","estimated_rsrp":-122.2,"marker-color":"#ff9100","marker-size":"small","description":"Weak coverage: -122.2 dBm"}},{"type":"Feature","geometry":{"type":"Point","coordinates":[139.76,35.695]},"properties":{"type":"weak","estimated_rsrp":-120.1,"marker-color":"#ff9100","marker-size":"small","description":"Weak coverage: -120.1 dBm"}},{"type":"Feature","geometry":{"type":"Point","coordinates":[139.762,35.695]},"properties":{"type":"weak","estimated_rsrp":-120.4,"marker-color":"#ff9100","marker-size":"small","description":"Weak coverage: -120.4 dBm"}},{"type":"Feature","geometry":{"type":"Point","coordinates":[139.764,35.695]},"properties":{"type":"weak","estimated_rsrp":-120.2,"marker-color":"#ff9100","marker-size":"small","description":"Weak coverage: -120.2 dBm"}},{"type":"Feature","geometry":{"type":"Point","coordinates":[139.782,35.695]},"properties":{"type":"weak","estimated_rsrp":-120.5,"marker-color":"#ff9100","marker-size":"small","description":"Weak coverage: -120.5 dBm"}},{"type":"Feature","geometry":{"type":"Point","coordinates":[139.784,35.695]},"properties":{"type":"weak","estimated_rsrp":-122.9,"marker-color":"#ff9100","marker-size":"small","description":"Weak coverage: -122.9 dBm"}},{"type":"Feature","geometry":{"type":"Point","coordinates":[139.788,35.695]},"properties":{"type":"weak","estimated_rsrp":-121.4,"marker-color":"#ff9100","marker-size":"small","description":"Weak coverage: -121.4 dBm"}},{"type":"Feature","geometry":{"type":"Point","coordinates":[139.79,35.695]},"properties":{"type":"weak","estimated_rsrp":-129.4,"marker-color":"#ff9100","marker-size":"small","description":"Weak coverage: -129.4 dBm"}},{"type":"Feature","geometry":{"type":"Point","coordinates":[139.792,35.695]},"properties":{"type":"hole","estimated_rsrp":-140,"marker-color":"#ff1744","marker-size":"small","description":"No coverage detected"}},{"type":"Feature","geometry":{"type":"Point","coordinates":[139.794,35.695]},"properties":{"type":"hole","estimated_rsrp":-140,"marker-color":"#ff1744","marker-size":"small","description":"No coverage detected"}},{"type":"Feature","geometry":{"type":"Point","coordinates":[139.796,35.695]},"properties":{"type":"hole","estimated_rsrp":-140,"marker-color":"#ff1744","marker-size":"small","description":"No coverage detected"}},{"type":"Feature","geometry":{"type":"Point","coordinates":[139.802,35.695]},"properties":{"type":"hole","estimated_rsrp":-140,"marker-color":"#ff1744","marker-size":"small","description":"No coverage detected"}},{"type":"Feature","geometry":{"type":"Point","coordinates":[139.804,35.695]},"properties":{"type":"hole","estimated_rsrp":-140,"marker-color":"#ff1744","marker-size":"small","description":"No coverage detected"}},{"type":"Feature","geometry":{"type":"Point","coordinates":[139.808,35.695]},"properties":{"type":"hole","estimated_rsrp":-140,"marker-color":"#ff1744","marker-size":"small","description":"No coverage detected"}},{"type":"Feature","geometry":{"type":"Point","coordinates":[139.81,35.695]},"properties":{"type":"hole","estimated_rsrp":-140,"marker-color":"#ff1744","marker-size":"small","description":"No coverage detected"}},{"type":"Feature","geometry":{"type":"Point","coordinates":[139.812,35.695]},"properties":{"type":"hole","estimated_rsrp":-140,"marker-color":"#ff1744","marker-size":"small","description":"No coverage detected"}},{"type":"Feature","geometry":{"type":"Point","coordinates":[139.814,35.695]},"properties":{"type":"hole","estimated_rsrp":-140,"marker-color":"#ff1744","marker-size":"small","description":"No coverage detected"}},{"type":"Feature","geometry":{"type":"Point","coordinates":[139.708,35.697]},"properties":{"type":"weak","estimated_rsrp":-121.6,"marker-color":"#ff9100","marker-size":"small","description":"Weak coverage: -121.6 dBm"}},{"type":"Feature","geometry":{"type":"Point","coordinates":[139.71,35.697]},"properties":{"type":"weak","estimated_rsrp":-122.2,"marker-color":"#ff9100","marker-size":"small","description":"Weak coverage: -122.2 dBm"}},{"type":"Feature","geometry":{"type":"Point","coordinates":[139.716,35.697]},"properties":{"type":"weak","estimated_rsrp":-128.4,"marker-color":"#ff9100","marker-size":"small","description":"Weak coverage: -128.4 dBm"}},{"type":"Feature","geometry":{"type":"Point","coordinates":[139.722,35.697]},"properties":{"type":"weak","estimated_rsrp":-122.5,"marker-color":"#ff9100","marker-size":"small","description":"Weak coverage: -122.5 dBm"}},{"type":"Feature","geometry":{"type":"Point","coordinates":[139.758,35.697]},"properties":{"type":"weak","estimated_rsrp":-120.4,"marker-color":"#ff9100","marker-size":"small","description":"Weak coverage: -120.4 dBm"}},{"type":"Feature","geometry":{"type":"Point","coordinates":[139.76,35.697]},"properties":{"type":"weak","estimated_rsrp":-120.7,"marker-color":"#ff9100","marker-size":"small","description":"Weak coverage: -120.7 dBm"}},{"type":"Feature","geometry":{"type":"Point","coordinates":[139.762,35.697]},"properties":{"type":"weak","estimated_rsrp":-121.0,"marker-color":"#ff9100","marker-size":"small","description":"Weak coverage: -121.0 dBm"}},{"type":"Feature","geometry":{"type":"Point","coordinates":[139.784,35.697]},"properties":{"type":"weak","estimated_rsrp":-123.1,"marker-color":"#ff9100","marker-size":"small","description":"Weak coverage: -123.1 dBm"}},{"type":"Feature","geometry":{"type":"Point","coordinates":[139.786,35.697]},"properties":{"type":"weak","estimated_rsrp":-125.5,"marker-color":"#ff9100","marker-size":"small","description":"Weak coverage: -125.5 dBm"}},{"type":"Feature","geometry":{"type":"Point","coordinates":[139.788,35.697]},"properties":{"type":"weak","estimated_rsrp":-124.7,"marker-color":"#ff9100","marker-size":"small","description":"Weak coverage: -124.7 dBm"}},{"type":"Feature","geometry":{"type":"Point","coordinates":[139.794,35.697]},"properties":{"type":"weak","estimated_rsrp":-127.6,"marker-color":"#ff9100","marker-size":"small","description":"Weak coverage: -127.6 dBm"}},{"type":"Feature","geometry":{"type":"Point","coordinates":[139.8,35.697]},"properties":{"type":"weak","estimated_rsrp":-121.1,"marker-color":"#ff9100","marker-size":"small","description":"Weak coverage: -121.1 dBm"}},{"type":"Feature","geometry":{"type":"Point","coordinates":[139.802,35.697]},"properties":{"type":"weak","estimated_rsrp":-123.4,"marker-color":"#ff9100","marker-size":"small","description":"Weak coverage: -123.4 dBm"}},{"type":"Feature","geometry":{"type":"Point","coordinates":[139.814,35.697]},"properties":{"type":"hole","estimated_rsrp":-140,"marker-color":"#ff1744","marker-size":"small","description":"No coverage detected"}},{"type":"Feature","geometry":{"type":"Point","coordinates":[139.708,35.699]},"properties":{"type":"weak","estimated_rsrp":-120.6,"marker-color":"#ff9100","marker-size":"small","description":"Weak coverage: -120.6 dBm"}},{"type":"Feature","geometry":{"type":"Point","coordinates":[139.71,35.699]},"properties":{"type":"weak","estimated_rsrp":-122.3,"marker-color":"#ff9100","marker-size":"small","description":"Weak coverage: -122.3 dBm"}},{"type":"Feature","geometry":{"type":"Point","coordinates":[139.716,35.699]},"properties":{"type":"weak","estimated_rsrp":-126.1,"marker-color":"#ff9100","marker-size":"small","description":"Weak coverage: -126.1 dBm"}},{"type":"Feature","geometry":{"type":"Point","coordinates":[139.718,35.699]},"properties":{"type":"weak","estimated_rsrp":-128.6,"marker-color":"#ff9100","marker-size":"small","description":"Weak coverage: -128.6 dBm"}},{"type":"Feature","geometry":{"type":"Point","coordinates":[139.72,35.699]},"properties":{"type":"weak","estimated_rsrp":-129.6,"marker-color":"#ff9100","marker-size":"small","description":"Weak coverage: -129.6 dBm"}},{"type":"Feature","geometry":{"type":"Point","coordinates":[139.722,35.699]},"properties":{"type":"weak","estimated_rsrp":-122.8,"marker-color":"#ff9100","marker-size":"small","description":"Weak coverage: -122.8 dBm"}},{"type":"Feature","geometry":{"type":"Point","coordinates":[139.73,35.699]},"properties":{"type":"weak","estimated_rsrp":-121.3,"marker-color":"#ff9100","marker-size":"small","description":"Weak coverage: -121.3 dBm"}},{"type":"Feature","geometry":{"type":"Point","coordinates":[139.752,35.699]},"properties":{"type":"weak","estimated_rsrp":-120.1,"marker-color":"#ff9100","marker-size":"small","description":"Weak coverage: -120.1 dBm"}},{"type":"Feature","geometry":{"type":"Point","coordinates":[139.754,35.699]},"properties":{"type":"weak","estimated_rsrp":-120.3,"marker-color":"#ff9100","marker-size":"small","description":"Weak coverage: -120.3 dBm"}},{"type":"Feature","geometry":{"type":"Point","coordinates":[139.76,35.699]},"properties":{"type":"weak","estimated_rsrp":-121.1,"marker-color":"#ff9100","marker-size":"small","description":"Weak coverage: -121.1 dBm"}},{"type":"Feature","geometry":{"type":"Point","coordinates":[139.762,35.699]},"properties":{"type":"weak","estimated_rsrp":-121.4,"marker-color":"#ff9100","marker-size":"small","description":"Weak coverage: -121.4 dBm"}},{"type":"Feature","geometry":{"type":"Point","coordinates":[139.764,35.699]},"properties":{"type":"weak","estimated_rsrp":-121.9,"marker-color":"#ff9100","marker-size":"small","description":"Weak coverage: -121.9 dBm"}},{"type":"Feature","geometry":{"type":"Point","coordinates":[139.782,35.699]},"properties":{"type":"weak","estimated_rsrp":-122.3,"marker-color":"#ff9100","marker-size":"small","description":"Weak coverage: -122.3 dBm"}},{"type":"Feature","geometry":{"type":"Point","coordinates":[139.784,35.699]},"properties":{"type":"weak","estimated_rsrp":-124.9,"marker-color":"#ff9100","marker-size":"small","description":"Weak coverage: -124.9 dBm"}},{"type":"Feature","geometry":{"type":"Point","coordinates":[139.786,35.699]},"properties":{"type":"weak","estimated_rsrp":-127.1,"marker-color":"#ff9100","marker-size":"small","description":"Weak coverage: -127.1 dBm"}},{"type":"Feature","geometry":{"type":"Point","coordinates":[139.796,35.699]},"properties":{"type":"weak","estimated_rsrp":-129.4,"marker-color":"#ff9100","marker-size":"small","description":"Weak coverage: -129.4 dBm"}},{"type":"Feature","geometry":{"type":"Point","coordinates":[139.802,35.699]},"properties":{"type":"weak","estimated_rsrp":-127.9,"marker-color":"#ff9100","marker-size":"small","description":"Weak coverage: -127.9 dBm"}},{"type":"Feature","geometry":{"type":"Point","coordinates":[139.814,35.699]},"properties":{"type":"weak","estimated_rsrp":-129.8,"marker-color":"#ff9100","marker-size":"small","description":"Weak coverage: -129.8 dBm"}},{"type":"Feature","geometry":{"type":"Point","coordinates":[139.708,35.701]},"properties":{"type":"weak","estimated_rsrp":-120.1,"marker-color":"#ff9100","marker-size":"small","description":"Weak coverage: -120.1 dBm"}},{"type":"Feature","geometry":{"type":"Point","coordinates":[139.71,35.701]},"properties":{"type":"weak","estimated_rsrp":-122.2,"marker-color":"#ff9100","marker-size":"small","description":"Weak coverage: -122.2 dBm"}},{"type":"Feature","geometry":{"type":"Point","coordinates":[139.716,35.701]},"properties":{"type":"weak","estimated_rsrp":-126.4,"marker-color":"#ff9100","marker-size":"small","description":"Weak coverage: -126.4 dBm"}},{"type":"Feature","geometry":{"type":"Point","coordinates":[139.718,35.701]},"properties":{"type":"weak","estimated_rsrp":-127.8,"marker-color":"#ff9100","marker-size":"small","description":"Weak coverage: -127.8 dBm"}},{"type":"Feature","geometry":{"type":"Point","coordinates":[139.72,35.701]},"properties":{"type":"weak","estimated_rsrp":-128.9,"marker-color":"#ff9100","marker-size":"small","description":"Weak coverage: -128.9 dBm"}},{"type":"Feature","geometry":{"type":"Point","coordinates":[139.722,35.701]},"properties":{"type":"weak","estimated_rsrp":-130.0,"marker-color":"#ff9100","marker-size":"small","description":"Weak coverage: -130.0 dBm"}},{"type":"Feature","geometry":{"type":"Point","coordinates":[139.726,35.701]},"properties":{"type":"weak","estimated_rsrp":-128.5,"marker-color":"#ff9100","marker-size":"small","description":"Weak coverage: -128.5 dBm"}},{"type":"Feature","geometry":{"type":"Point","coordinates":[139.728,35.701]},"properties":{"type":"weak","estimated_rsrp":-122.0,"marker-color":"#ff9100","marker-size":"small","description":"Weak coverage: -122.0 dBm"}},{"type":"Feature","geometry":{"type":"Point","coordinates":[139.73,35.701]},"properties":{"type":"weak","estimated_rsrp":-121.7,"marker-color":"#ff9100","marker-size":"small","description":"Weak coverage: -121.7 dBm"}},{"type":"Feature","geometry":{"type":"Point","coordinates":[139.74,35.701]},"properties":{"type":"weak","estimated_rsrp":-120.6,"marker-color":"#ff9100","marker-size":"small","description":"Weak coverage: -120.6 dBm"}},{"type":"Feature","geometry":{"type":"Point","coordinates":[139.742,35.701]},"properties":{"type":"weak","estimated_rsrp":-120.5,"marker-color":"#ff9100","marker-size":"small","description":"Weak coverage: -120.5 dBm"}},{"type":"Feature","geometry":{"type":"Point","coordinates":[139.744,35.701]},"properties":{"type":"weak","estimated_rsrp":-120.4,"marker-color":"#ff9100","marker-size":"small","description":"Weak coverage: -120.4 dBm"}},{"type":"Feature","geometry":{"type":"Point","coordinates":[139.746,35.701]},"properties":{"type":"weak","estimated_rsrp":-120.4,"marker-color":"#ff9100","marker-size":"small","description":"Weak coverage: -120.4 dBm"}},{"type":"Feature","geometry":{"type":"Point","coordinates":[139.754,35.701]},"properties":{"type":"weak","estimated_rsrp":-120.8,"marker-color":"#ff9100","marker-size":"small","description":"Weak coverage: -120.8 dBm"}},{"type":"Feature","geometry":{"type":"Point","coordinates":[139.762,35.701]},"properties":{"type":"weak","estimated_rsrp":-120.8,"marker-color":"#ff9100","marker-size":"small","description":"Weak coverage: -120.8 dBm"}},{"type":"Feature","geometry":{"type":"Point","coordinates":[139.764,35.701]},"properties":{"type":"weak","estimated_rsrp":-122.3,"marker-color":"#ff9100","marker-size":"small","description":"Weak coverage: -122.3 dBm"}},{"type":"Feature","geometry":{"type":"Point","coordinates":[139.766,35.701]},"properties":{"type":"weak","estimated_rsrp":-124.1,"marker-color":"#ff9100","marker-size":"small","description":"Weak coverage: -124.1 dBm"}},{"type":"Feature","geometry":{"type":"Point","coordinates":[139.768,35.701]},"properties":{"type":"weak","estimated_rsrp":-122.5,"marker-color":"#ff9100","marker-size":"small","description":"Weak coverage: -122.5 dBm"}},{"type":"Feature","geometry":{"type":"Point","coordinates":[139.778,35.701]},"properties":{"type":"weak","estimated_rsrp":-121.6,"marker-color":"#ff9100","marker-size":"small","description":"Weak coverage: -121.6 dBm"}},{"type":"Feature","geometry":{"type":"Point","coordinates":[139.78,35.701]},"properties":{"type":"weak","estimated_rsrp":-123.7,"marker-color":"#ff9100","marker-size":"small","description":"Weak coverage: -123.7 dBm"}},{"type":"Feature","geometry":{"type":"Point","coordinates":[139.782,35.701]},"properties":{"type":"weak","estimated_rsrp":-126.1,"marker-color":"#ff9100","marker-size":"small","description":"Weak coverage: -126.1 dBm"}},{"type":"Feature","geometry":{"type":"Point","coordinates":[139.784,35.701]},"properties":{"type":"weak","estimated_rsrp":-127.9,"marker-color":"#ff9100","marker-size":"small","description":"Weak coverage: -127.9 dBm"}},{"type":"Feature","geometry":{"type":"Point","coordinates":[139.786,35.701]},"properties":{"type":"weak","estimated_rsrp":-129.6,"marker-color":"#ff9100","marker-size":"small","description":"Weak coverage: -129.6 dBm"}},{"type":"Feature","geometry":{"type":"Point","coordinates":[139.788,35.701]},"properties":{"type":"hole","estimated_rsrp":-140,"marker-color":"#ff1744","marker-size":"small","description":"No coverage detected"}},{"type":"Feature","geometry":{"type":"Point","coordinates":[139.814,35.701]},"properties":{"type":"weak","estimated_rsrp":-122.1,"marker-color":"#ff9100","marker-size":"small","description":"Weak coverage: -122.1 dBm"}},{"type":"Feature","geometry":{"type":"Point","coordinates":[139.682,35.703]},"properties":{"type":"weak","estimated_rsrp":-122.3,"marker-color":"#ff9100","marker-size":"small","description":"Weak coverage: -122.3 dBm"}},{"type":"Feature","geometry":{"type":"Point","coordinates":[139.684,35.703]},"properties":{"type":"weak","estimated_rsrp":-123.0,"marker-color":"#ff9100","marker-size":"small","description":"Weak coverage: -123.0 dBm"}},{"type":"Feature","geometry":{"type":"Point","coordinates":[139.686,35.703]},"properties":{"type":"weak","estimated_rsrp":-121.3,"marker-color":"#ff9100","marker-size":"small","description":"Weak coverage: -121.3 dBm"}},{"type":"Feature","geometry":{"type":"Point","coordinates":[139.71,35.703]},"properties":{"type":"weak","estimated_rsrp":-121.9,"marker-color":"#ff9100","marker-size":"small","description":"Weak coverage: -121.9 dBm"}},{"type":"Feature","geometry":{"type":"Point","coordinates":[139.712,35.703]},"properties":{"type":"weak","estimated_rsrp":-123.2,"marker-color":"#ff9100","marker-size":"small","description":"Weak coverage: -123.2 dBm"}},{"type":"Feature","geometry":{"type":"Point","coordinates":[139.714,35.703]},"properties":{"type":"weak","estimated_rsrp":-124.4,"marker-color":"#ff9100","marker-size":"small","description":"Weak coverage: -124.4 dBm"}},{"type":"Feature","geometry":{"type":"Point","coordinates":[139.716,35.703]},"properties":{"type":"weak","estimated_rsrp":-126.0,"marker-color":"#ff9100","marker-size":"small","description":"Weak coverage: -126.0 dBm"}},{"type":"Feature","geometry":{"type":"Point","coordinates":[139.718,35.703]},"properties":{"type":"weak","estimated_rsrp":-127.1,"marker-color":"#ff9100","marker-size":"small","description":"Weak coverage: -127.1 dBm"}},{"type":"Feature","geometry":{"type":"Point","coordinates":[139.72,35.703]},"properties":{"type":"weak","estimated_rsrp":-128.1,"marker-color":"#ff9100","marker-size":"small","description":"Weak coverage: -128.1 dBm"}},{"type":"Feature","geometry":{"type":"Point","coordinates":[139.722,35.703]},"properties":{"type":"weak","estimated_rsrp":-129.4,"marker-color":"#ff9100","marker-size":"small","description":"Weak coverage: -129.4 dBm"}},{"type":"Feature","geometry":{"type":"Point","coordinates":[139.726,35.703]},"properties":{"type":"weak","estimated_rsrp":-129.0,"marker-color":"#ff9100","marker-size":"small","description":"Weak coverage: -129.0 dBm"}},{"type":"Feature","geometry":{"type":"Point","coordinates":[139.728,35.703]},"properties":{"type":"weak","estimated_rsrp":-129.2,"marker-color":"#ff9100","marker-size":"small","description":"Weak coverage: -129.2 dBm"}},{"type":"Feature","geometry":{"type":"Point","coordinates":[139.73,35.703]},"properties":{"type":"hole","estimated_rsrp":-140,"marker-color":"#ff1744","marker-size":"small","description":"No coverage detected"}},{"type":"Feature","geometry":{"type":"Point","coordinates":[139.732,35.703]},"properties":{"type":"hole","estimated_rsrp":-140,"marker-color":"#ff1744","marker-size":"small","description":"No coverage detected"}},{"type":"Feature","geometry":{"type":"Point","coordinates":[139.738,35.703]},"properties":{"type":"weak","estimated_rsrp":-125.9,"marker-color":"#ff9100","marker-size":"small","description":"Weak coverage: -125.9 dBm"}},{"type":"Feature","geometry":{"type":"Point","coordinates":[139.742,35.703]},"properties":{"type":"weak","estimated_rsrp":-121.1,"marker-color":"#ff9100","marker-size":"small","description":"Weak coverage: -121.1 dBm"}},{"type":"Feature","geometry":{"type":"Point","coordinates":[139.744,35.703]},"properties":{"type":"weak","estimated_rsrp":-121.1,"marker-color":"#ff9100","marker-size":"small","description":"Weak coverage: -121.1 dBm"}},{"type":"Feature","geometry":{"type":"Point","coordinates":[139.75,35.703]},"properties":{"type":"weak","estimated_rsrp":-121.2,"marker-color":"#ff9100","marker-size":"small","description":"Weak coverage: -121.2 dBm"}},{"type":"Feature","geometry":{"type":"Point","coordinates":[139.758,35.703]},"properties":{"type":"hole","estimated_rsrp":-140,"marker-color":"#ff1744","marker-size":"small","description":"No coverage detected"}},{"type":"Feature","geometry":{"type":"Point","coordinates":[139.76,35.703]},"properties":{"type":"weak","estimated_rsrp":-129.9,"marker-color":"#ff9100","marker-size":"small","description":"Weak coverage: -129.9 dBm"}},{"type":"Feature","geometry":{"type":"Point","coordinates":[139.762,35.703]},"properties":{"type":"weak","estimated_rsrp":-129.5,"marker-color":"#ff9100","marker-size":"small","description":"Weak coverage: -129.5 dBm"}},{"type":"Feature","geometry":{"type":"Point","coordinates":[139.764,35.703]},"properties":{"type":"weak","estimated_rsrp":-129.0,"marker-color":"#ff9100","marker-size":"small","description":"Weak coverage: -129.0 dBm"}},{"type":"Feature","geometry":{"type":"Point","coordinates":[139.766,35.703]},"properties":{"type":"weak","estimated_rsrp":-126.2,"marker-color":"#ff9100","marker-size":"small","description":"Weak coverage: -126.2 dBm"}},{"type":"Feature","geometry":{"type":"Point","coordinates":[139.768,35.703]},"properties":{"type":"weak","estimated_rsrp":-121.7,"marker-color":"#ff9100","marker-size":"small","description":"Weak coverage: -121.7 dBm"}},{"type":"Feature","geometry":{"type":"Point","coordinates":[139.778,35.703]},"properties":{"type":"weak","estimated_rsrp":-120.7,"marker-color":"#ff9100","marker-size":"small","description":"Weak coverage: -120.7 dBm"}},{"type":"Feature","geometry":{"type":"Point","coordinates":[139.78,35.703]},"properties":{"type":"weak","estimated_rsrp":-125.2,"marker-color":"#ff9100","marker-size":"small","description":"Weak coverage: -125.2 dBm"}},{"type":"Feature","geometry":{"type":"Point","coordinates":[139.782,35.703]},"properties":{"type":"weak","estimated_rsrp":-129.4,"marker-color":"#ff9100","marker-size":"small","description":"Weak coverage: -129.4 dBm"}},{"type":"Feature","geometry":{"type":"Point","coordinates":[139.784,35.703]},"properties":{"type":"hole","estimated_rsrp":-140,"marker-color":"#ff1744","marker-size":"small","description":"No coverage detected"}},{"type":"Feature","geometry":{"type":"Point","coordinates":[139.786,35.703]},"properties":{"type":"hole","estimated_rsrp":-140,"marker-color":"#ff1744","marker-size":"small","description":"No coverage detected"}},{"type":"Feature","geometry":{"type":"Point","coordinates":[139.79,35.703]},"properties":{"type":"weak","estimated_rsrp":-121.1,"marker-color":"#ff9100","marker-size":"small","description":"Weak coverage: -121.1 dBm"}},{"type":"Feature","geometry":{"type":"Point","coordinates":[139.792,35.703]},"properties":{"type":"weak","estimated_rsrp":-129.5,"marker-color":"#ff9100","marker-size":"small","description":"Weak coverage: -129.5 dBm"}},{"type":"Feature","geometry":{"type":"Point","coordinates":[139.682,35.705]},"properties":{"type":"weak","estimated_rsrp":-125.2,"marker-color":"#ff9100","marker-size":"small","description":"Weak coverage: -125.2 dBm"}},{"type":"Feature","geometry":{"type":"Point","coordinates":[139.684,35.705]},"properties":{"type":"weak","estimated_rsrp":-125.6,"marker-color":"#ff9100","marker-size":"small","description":"Weak coverage: -125.6 dBm"}},{"type":"Feature","geometry":{"type":"Point","coordinates":[139.686,35.705]},"properties":{"type":"weak","estimated_rsrp":-122.2,"marker-color":"#ff9100","marker-size":"small","description":"Weak coverage: -122.2 dBm"}},{"type":"Feature","geometry":{"type":"Point","coordinates":[139.718,35.705]},"properties":{"type":"weak","estimated_rsrp":-125.1,"marker-color":"#ff9100","marker-size":"small","description":"Weak coverage: -125.1 dBm"}},{"type":"Feature","geometry":{"type":"Point","coordinates":[139.722,35.705]},"properties":{"type":"weak","estimated_rsrp":-125.4,"marker-color":"#ff9100","marker-size":"small","description":"Weak coverage: -125.4 dBm"}},{"type":"Feature","geometry":{"type":"Point","coordinates":[139.724,35.705]},"properties":{"type":"weak","estimated_rsrp":-130.0,"marker-color":"#ff9100","marker-size":"small","description":"Weak coverage: -130.0 dBm"}},{"type":"Feature","geometry":{"type":"Point","coordinates":[139.726,35.705]},"properties":{"type":"weak","estimated_rsrp":-122.0,"marker-color":"#ff9100","marker-size":"small","description":"Weak coverage: -122.0 dBm"}},{"type":"Feature","geometry":{"type":"Point","coordinates":[139.728,35.705]},"properties":{"type":"hole","estimated_rsrp":-140,"marker-color":"#ff1744","marker-size":"small","description":"No coverage detected"}},{"type":"Feature","geometry":{"type":"Point","coordinates":[139.73,35.705]},"properties":{"type":"hole","estimated_rsrp":-140,"marker-color":"#ff1744","marker-size":"small","description":"No coverage detected"}},{"type":"Feature","geometry":{"type":"Point","coordinates":[139.732,35.705]},"properties":{"type":"hole","estimated_rsrp":-140,"marker-color":"#ff1744","marker-size":"small","description":"No coverage detected"}},{"type":"Feature","geometry":{"type":"Point","coordinates":[139.738,35.705]},"properties":{"type":"hole","estimated_rsrp":-140,"marker-color":"#ff1744","marker-size":"small","description":"No coverage detected"}},{"type":"Feature","geometry":{"type":"Point","coordinates":[139.74,35.705]},"properties":{"type":"hole","estimated_rsrp":-140,"marker-color":"#ff1744","marker-size":"small","description":"No coverage detected"}},{"type":"Feature","geometry":{"type":"Point","coordinates":[139.742,35.705]},"properties":{"type":"weak","estimated_rsrp":-125.6,"marker-color":"#ff9100","marker-size":"small","description":"Weak coverage: -125.6 dBm"}},{"type":"Feature","geometry":{"type":"Point","coordinates":[139.746,35.705]},"properties":{"type":"hole","estimated_rsrp":-140,"marker-color":"#ff1744","marker-size":"small","description":"No coverage detected"}},{"type":"Feature","geometry":{"type":"Point","coordinates":[139.754,35.705]},"properties":{"type":"hole","estimated_rsrp":-140,"marker-color":"#ff1744","marker-size":"small","description":"No coverage detected"}},{"type":"Feature","geometry":{"type":"Point","coordinates":[139.756,35.705]},"properties":{"type":"hole","estimated_rsrp":-140,"marker-color":"#ff1744","marker-size":"small","description":"No coverage detected"}},{"type":"Feature","geometry":{"type":"Point","coordinates":[139.758,35.705]},"properties":{"type":"hole","estimated_rsrp":-140,"marker-color":"#ff1744","marker-size":"small","description":"No coverage detected"}},{"type":"Feature","geometry":{"type":"Point","coordinates":[139.76,35.705]},"properties":{"type":"hole","estimated_rsrp":-140,"marker-color":"#ff1744","marker-size":"small","description":"No coverage detected"}},{"type":"Feature","geometry":{"type":"Point","coordinates":[139.762,35.705]},"properties":{"type":"hole","estimated_rsrp":-140,"marker-color":"#ff1744","marker-size":"small","description":"No coverage detected"}},{"type":"Feature","geometry":{"type":"Point","coordinates":[139.764,35.705]},"properties":{"type":"weak","estimated_rsrp":-129.5,"marker-color":"#ff9100","marker-size":"small","description":"Weak coverage: -129.5 dBm"}},{"type":"Feature","geometry":{"type":"Point","coordinates":[139.766,35.705]},"properties":{"type":"weak","estimated_rsrp":-126.2,"marker-color":"#ff9100","marker-size":"small","description":"Weak coverage: -126.2 dBm"}},{"type":"Feature","geometry":{"type":"Point","coordinates":[139.768,35.705]},"properties":{"type":"weak","estimated_rsrp":-122.9,"marker-color":"#ff9100","marker-size":"small","description":"Weak coverage: -122.9 dBm"}},{"type":"Feature","geometry":{"type":"Point","coordinates":[139.778,35.705]},"properties":{"type":"weak","estimated_rsrp":-122.2,"marker-color":"#ff9100","marker-size":"small","description":"Weak coverage: -122.2 dBm"}},{"type":"Feature","geometry":{"type":"Point","coordinates":[139.78,35.705]},"properties":{"type":"weak","estimated_rsrp":-125.5,"marker-color":"#ff9100","marker-size":"small","description":"Weak coverage: -125.5 dBm"}},{"type":"Feature","geometry":{"type":"Point","coordinates":[139.782,35.705]},"properties":{"type":"weak","estimated_rsrp":-129.9,"marker-color":"#ff9100","marker-size":"small","description":"Weak coverage: -129.9 dBm"}},{"type":"Feature","geometry":{"type":"Point","coordinates":[139.784,35.705]},"properties":{"type":"hole","estimated_rsrp":-140,"marker-color":"#ff1744","marker-size":"small","description":"No coverage detected"}},{"type":"Feature","geometry":{"type":"Point","coordinates":[139.786,35.705]},"properties":{"type":"hole","estimated_rsrp":-140,"marker-color":"#ff1744","marker-size":"small","description":"No coverage detected"}},{"type":"Feature","geometry":{"type":"Point","coordinates":[139.788,35.705]},"properties":{"type":"hole","estimated_rsrp":-140,"marker-color":"#ff1744","marker-size":"small","description":"No coverage detected"}},{"type":"Feature","geometry":{"type":"Point","coordinates":[139.79,35.705]},"properties":{"type":"hole","estimated_rsrp":-140,"marker-color":"#ff1744","marker-size":"small","description":"No coverage detected"}},{"type":"Feature","geometry":{"type":"Point","coordinates":[139.792,35.705]},"properties":{"type":"weak","estimated_rsrp":-129.2,"marker-color":"#ff9100","marker-size":"small","description":"Weak coverage: -129.2 dBm"}},{"type":"Feature","geometry":{"type":"Point","coordinates":[139.682,35.707]},"properties":{"type":"weak","estimated_rsrp":-127.8,"marker-color":"#ff9100","marker-size":"small","description":"Weak coverage: -127.8 dBm"}},{"type":"Feature","geometry":{"type":"Point","coordinates":[139.684,35.707]},"properties":{"type":"weak","estimated_rsrp":-126.0,"marker-color":"#ff9100","marker-size":"small","description":"Weak coverage: -126.0 dBm"}},{"type":"Feature","geometry":{"type":"Point","coordinates":[139.686,35.707]},"properties":{"type":"weak","estimated_rsrp":-123.2,"marker-color":"#ff9100","marker-size":"small","description":"Weak coverage: -123.2 dBm"}},{"type":"Feature","geometry":{"type":"Point","coordinates":[139.688,35.707]},"properties":{"type":"weak","estimated_rsrp":-121.3,"marker-color":"#ff9100","marker-size":"small","description":"Weak coverage: -121.3 dBm"}},{"type":"Feature","geometry":{"type":"Point","coordinates":[139.708,35.707]},"properties":{"type":"weak","estimated_rsrp":-121.0,"marker-color":"#ff9100","marker-size":"small","description":"Weak coverage: -121.0 dBm"}},{"type":"Feature","geometry":{"type":"Point","coordinates":[139.71,35.707]},"properties":{"type":"weak","estimated_rsrp":-122.3,"marker-color":"#ff9100","marker-size":"small","description":"Weak coverage: -122.3 dBm"}},{"type":"Feature","geometry":{"type":"Point","coordinates":[139.714,35.707]},"properties":{"type":"weak","estimated_rsrp":-121.5,"marker-color":"#ff9100","marker-size":"small","description":"Weak coverage: -121.5 dBm"}},{"type":"Feature","geometry":{"type":"Point","coordinates":[139.716,35.707]},"properties":{"type":"weak","estimated_rsrp":-125.7,"marker-color":"#ff9100","marker-size":"small","description":"Weak coverage: -125.7 dBm"}},{"type":"Feature","geometry":{"type":"Point","coordinates":[139.718,35.707]},"properties":{"type":"weak","estimated_rsrp":-126.7,"marker-color":"#ff9100","marker-size":"small","description":"Weak coverage: -126.7 dBm"}},{"type":"Feature","geometry":{"type":"Point","coordinates":[139.72,35.707]},"properties":{"type":"weak","estimated_rsrp":-127.6,"marker-color":"#ff9100","marker-size":"small","description":"Weak coverage: -127.6 dBm"}},{"type":"Feature","geometry":{"type":"Point","coordinates":[139.722,35.707]},"properties":{"type":"weak","estimated_rsrp":-120.7,"marker-color":"#ff9100","marker-size":"small","description":"Weak coverage: -120.7 dBm"}},{"type":"Feature","geometry":{"type":"Point","coordinates":[139.724,35.707]},"properties":{"type":"weak","estimated_rsrp":-123.4,"marker-color":"#ff9100","marker-size":"small","description":"Weak coverage: -123.4 dBm"}},{"type":"Feature","geometry":{"type":"Point","coordinates":[139.726,35.707]},"properties":{"type":"weak","estimated_rsrp":-120.3,"marker-color":"#ff9100","marker-size":"small","description":"Weak coverage: -120.3 dBm"}},{"type":"Feature","geometry":{"type":"Point","coordinates":[139.732,35.707]},"properties":{"type":"hole","estimated_rsrp":-140,"marker-color":"#ff1744","marker-size":"small","description":"No coverage detected"}},{"type":"Feature","geometry":{"type":"Point","coordinates":[139.736,35.707]},"properties":{"type":"hole","estimated_rsrp":-140,"marker-color":"#ff1744","marker-size":"small","description":"No coverage detected"}},{"type":"Feature","geometry":{"type":"Point","coordinates":[139.738,35.707]},"properties":{"type":"hole","estimated_rsrp":-140,"marker-color":"#ff1744","marker-size":"small","description":"No coverage detected"}},{"type":"Feature","geometry":{"type":"Point","coordinates":[139.74,35.707]},"properties":{"type":"weak","estimated_rsrp":-128.7,"marker-color":"#ff9100","marker-size":"small","description":"Weak coverage: -128.7 dBm"}},{"type":"Feature","geometry":{"type":"Point","coordinates":[139.744,35.707]},"properties":{"type":"hole","estimated_rsrp":-140,"marker-color":"#ff1744","marker-size":"small","description":"No coverage detected"}},{"type":"Feature","geometry":{"type":"Point","coordinates":[139.752,35.707]},"properties":{"type":"hole","estimated_rsrp":-140,"marker-color":"#ff1744","marker-size":"small","description":"No coverage detected"}},{"type":"Feature","geometry":{"type":"Point","coordinates":[139.754,35.707]},"properties":{"type":"hole","estimated_rsrp":-140,"marker-color":"#ff1744","marker-size":"small","description":"No coverage detected"}},{"type":"Feature","geometry":{"type":"Point","coordinates":[139.756,35.707]},"properties":{"type":"hole","estimated_rsrp":-140,"marker-color":"#ff1744","marker-size":"small","description":"No coverage detected"}},{"type":"Feature","geometry":{"type":"Point","coordinates":[139.758,35.707]},"properties":{"type":"hole","estimated_rsrp":-140,"marker-color":"#ff1744","marker-size":"small","description":"No coverage detected"}},{"type":"Feature","geometry":{"type":"Point","coordinates":[139.76,35.707]},"properties":{"type":"hole","estimated_rsrp":-140,"marker-color":"#ff1744","marker-size":"small","description":"No coverage detected"}},{"type":"Feature","geometry":{"type":"Point","coordinates":[139.762,35.707]},"properties":{"type":"hole","estimated_rsrp":-140,"marker-color":"#ff1744","marker-size":"small","description":"No coverage detected"}},{"type":"Feature","geometry":{"type":"Point","coordinates":[139.764,35.707]},"properties":{"type":"weak","estimated_rsrp":-129.7,"marker-color":"#ff9100","marker-size":"small","description":"Weak coverage: -129.7 dBm"}},{"type":"Feature","geometry":{"type":"Point","coordinates":[139.766,35.707]},"properties":{"type":"weak","estimated_rsrp":-127.1,"marker-color":"#ff9100","marker-size":"small","description":"Weak coverage: -127.1 dBm"}},{"type":"Feature","geometry":{"type":"Point","coordinates":[139.768,35.707]},"properties":{"type":"weak","estimated_rsrp":-124.6,"marker-color":"#ff9100","marker-size":"small","description":"Weak coverage: -124.6 dBm"}},{"type":"Feature","geometry":{"type":"Point","coordinates":[139.77,35.707]},"properties":{"type":"weak","estimated_rsrp":-122.0,"marker-color":"#ff9100","marker-size":"small","description":"Weak coverage: -122.0 dBm"}},{"type":"Feature","geometry":{"type":"Point","coordinates":[139.772,35.707]},"properties":{"type":"weak","estimated_rsrp":-120.9,"marker-color":"#ff9100","marker-size":"small","description":"Weak coverage: -120.9 dBm"}},{"type":"Feature","geometry":{"type":"Point","coordinates":[139.774,35.707]},"properties":{"type":"weak","estimated_rsrp":-120.8,"marker-color":"#ff9100","marker-size":"small","description":"Weak coverage: -120.8 dBm"}},{"type":"Feature","geometry":{"type":"Point","coordinates":[139.776,35.707]},"properties":{"type":"weak","estimated_rsrp":-122.2,"marker-color":"#ff9100","marker-size":"small","description":"Weak coverage: -122.2 dBm"}},{"type":"Feature","geometry":{"type":"Point","coordinates":[139.778,35.707]},"properties":{"type":"weak","estimated_rsrp":-124.1,"marker-color":"#ff9100","marker-size":"small","description":"Weak coverage: -124.1 dBm"}},{"type":"Feature","geometry":{"type":"Point","coordinates":[139.78,35.707]},"properties":{"type":"weak","estimated_rsrp":-126.5,"marker-color":"#ff9100","marker-size":"small","description":"Weak coverage: -126.5 dBm"}},{"type":"Feature","geometry":{"type":"Point","coordinates":[139.782,35.707]},"properties":{"type":"weak","estimated_rsrp":-130.0,"marker-color":"#ff9100","marker-size":"small","description":"Weak coverage: -130.0 dBm"}},{"type":"Feature","geometry":{"type":"Point","coordinates":[139.784,35.707]},"properties":{"type":"hole","estimated_rsrp":-140,"marker-color":"#ff1744","marker-size":"small","description":"No coverage detected"}},{"type":"Feature","geometry":{"type":"Point","coordinates":[139.786,35.707]},"properties":{"type":"hole","estimated_rsrp":-140,"marker-color":"#ff1744","marker-size":"small","description":"No coverage detected"}},{"type":"Feature","geometry":{"type":"Point","coordinates":[139.788,35.707]},"properties":{"type":"hole","estimated_rsrp":-140,"marker-color":"#ff1744","marker-size":"small","description":"No coverage detected"}},{"type":"Feature","geometry":{"type":"Point","coordinates":[139.79,35.707]},"properties":{"type":"hole","estimated_rsrp":-140,"marker-color":"#ff1744","marker-size":"small","description":"No coverage detected"}},{"type":"Feature","geometry":{"type":"Point","coordinates":[139.792,35.707]},"properties":{"type":"weak","estimated_rsrp":-129.3,"marker-color":"#ff9100","marker-size":"small","description":"Weak coverage: -129.3 dBm"}},{"type":"Feature","geometry":{"type":"Point","coordinates":[139.682,35.709]},"properties":{"type":"weak","estimated_rsrp":-128.7,"marker-color":"#ff9100","marker-size":"small","description":"Weak coverage: -128.7 dBm"}},{"type":"Feature","geometry":{"type":"Point","coordinates":[139.684,35.709]},"properties":{"type":"weak","estimated_rsrp":-126.8,"marker-color":"#ff9100","marker-size":"small","description":"Weak coverage: -126.8 dBm"}},{"type":"Feature","geometry":{"type":"Point","coordinates":[139.686,35.709]},"properties":{"type":"weak","estimated_rsrp":-124.6,"marker-color":"#ff9100","marker-size":"small","description":"Weak coverage: -124.6 dBm"}},{"type":"Feature","geometry":{"type":"Point","coordinates":[139.688,35.709]},"properties":{"type":"weak","estimated_rsrp":-123.0,"marker-color":"#ff9100","marker-size":"small","description":"Weak coverage: -123.0 dBm"}},{"type":"Feature","geometry":{"type":"Point","coordinates":[139.692,35.709]},"properties":{"type":"weak","estimated_rsrp":-120.4,"marker-color":"#ff9100","marker-size":"small","description":"Weak coverage: -120.4 dBm"}},{"type":"Feature","geometry":{"type":"Point","coordinates":[139.704,35.709]},"properties":{"type":"weak","estimated_rsrp":-120.4,"marker-color":"#ff9100","marker-size":"small","description":"Weak coverage: -120.4 dBm"}},{"type":"Feature","geometry":{"type":"Point","coordinates":[139.71,35.709]},"properties":{"type":"weak","estimated_rsrp":-123.0,"marker-color":"#ff9100","marker-size":"small","description":"Weak coverage: -123.0 dBm"}},{"type":"Feature","geometry":{"type":"Point","coordinates":[139.72,35.709]},"properties":{"type":"weak","estimated_rsrp":-120.2,"marker-color":"#ff9100","marker-size":"small","description":"Weak coverage: -120.2 dBm"}},{"type":"Feature","geometry":{"type":"Point","coordinates":[139.722,35.709]},"properties":{"type":"weak","estimated_rsrp":-123.5,"marker-color":"#ff9100","marker-size":"small","description":"Weak coverage: -123.5 dBm"}},{"type":"Feature","geometry":{"type":"Point","coordinates":[139.726,35.709]},"properties":{"type":"weak","estimated_rsrp":-126.5,"marker-color":"#ff9100","marker-size":"small","description":"Weak coverage: -126.5 dBm"}},{"type":"Feature","geometry":{"type":"Point","coordinates":[139.732,35.709]},"properties":{"type":"weak","estimated_rsrp":-129.2,"marker-color":"#ff9100","marker-size":"small","description":"Weak coverage: -129.2 dBm"}},{"type":"Feature","geometry":{"type":"Point","coordinates":[139.734,35.709]},"properties":{"type":"weak","estimated_rsrp":-129.7,"marker-color":"#ff9100","marker-size":"small","description":"Weak coverage: -129.7 dBm"}},{"type":"Feature","geometry":{"type":"Point","coordinates":[139.738,35.709]},"properties":{"type":"weak","estimated_rsrp":-129.9,"marker-color":"#ff9100","marker-size":"small","description":"Weak coverage: -129.9 dBm"}},{"type":"Feature","geometry":{"type":"Point","coordinates":[139.748,35.709]},"properties":{"type":"hole","estimated_rsrp":-140,"marker-color":"#ff1744","marker-size":"small","description":"No coverage detected"}},{"type":"Feature","geometry":{"type":"Point","coordinates":[139.75,35.709]},"properties":{"type":"hole","estimated_rsrp":-140,"marker-color":"#ff1744","marker-size":"small","description":"No coverage detected"}},{"type":"Feature","geometry":{"type":"Point","coordinates":[139.752,35.709]},"properties":{"type":"hole","estimated_rsrp":-140,"marker-color":"#ff1744","marker-size":"small","description":"No coverage detected"}},{"type":"Feature","geometry":{"type":"Point","coordinates":[139.754,35.709]},"properties":{"type":"hole","estimated_rsrp":-140,"marker-color":"#ff1744","marker-size":"small","description":"No coverage detected"}},{"type":"Feature","geometry":{"type":"Point","coordinates":[139.756,35.709]},"properties":{"type":"hole","estimated_rsrp":-140,"marker-color":"#ff1744","marker-size":"small","description":"No coverage detected"}},{"type":"Feature","geometry":{"type":"Point","coordinates":[139.758,35.709]},"properties":{"type":"hole","estimated_rsrp":-140,"marker-color":"#ff1744","marker-size":"small","description":"No coverage detected"}},{"type":"Feature","geometry":{"type":"Point","coordinates":[139.76,35.709]},"properties":{"type":"hole","estimated_rsrp":-140,"marker-color":"#ff1744","marker-size":"small","description":"No coverage detected"}},{"type":"Feature","geometry":{"type":"Point","coordinates":[139.762,35.709]},"properties":{"type":"hole","estimated_rsrp":-140,"marker-color":"#ff1744","marker-size":"small","description":"No coverage detected"}},{"type":"Feature","geometry":{"type":"Point","coordinates":[139.764,35.709]},"properties":{"type":"weak","estimated_rsrp":-129.7,"marker-color":"#ff9100","marker-size":"small","description":"Weak coverage: -129.7 dBm"}},{"type":"Feature","geometry":{"type":"Point","coordinates":[139.766,35.709]},"properties":{"type":"weak","estimated_rsrp":-127.2,"marker-color":"#ff9100","marker-size":"small","description":"Weak coverage: -127.2 dBm"}},{"type":"Feature","geometry":{"type":"Point","coordinates":[139.768,35.709]},"properties":{"type":"weak","estimated_rsrp":-127.1,"marker-color":"#ff9100","marker-size":"small","description":"Weak coverage: -127.1 dBm"}},{"type":"Feature","geometry":{"type":"Point","coordinates":[139.77,35.709]},"properties":{"type":"weak","estimated_rsrp":-125.4,"marker-color":"#ff9100","marker-size":"small","description":"Weak coverage: -125.4 dBm"}},{"type":"Feature","geometry":{"type":"Point","coordinates":[139.772,35.709]},"properties":{"type":"weak","estimated_rsrp":-124.7,"marker-color":"#ff9100","marker-size":"small","description":"Weak coverage: -124.7 dBm"}},{"type":"Feature","geometry":{"type":"Point","coordinates":[139.774,35.709]},"properties":{"type":"weak","estimated_rsrp":-124.6,"marker-color":"#ff9100","marker-size":"small","description":"Weak coverage: -124.6 dBm"}},{"type":"Feature","geometry":{"type":"Point","coordinates":[139.776,35.709]},"properties":{"type":"weak","estimated_rsrp":-125.5,"marker-color":"#ff9100","marker-size":"small","description":"Weak coverage: -125.5 dBm"}},{"type":"Feature","geometry":{"type":"Point","coordinates":[139.778,35.709]},"properties":{"type":"weak","estimated_rsrp":-126.7,"marker-color":"#ff9100","marker-size":"small","description":"Weak coverage: -126.7 dBm"}},{"type":"Feature","geometry":{"type":"Point","coordinates":[139.78,35.709]},"properties":{"type":"weak","estimated_rsrp":-128.4,"marker-color":"#ff9100","marker-size":"small","description":"Weak coverage: -128.4 dBm"}},{"type":"Feature","geometry":{"type":"Point","coordinates":[139.782,35.709]},"properties":{"type":"weak","estimated_rsrp":-129.3,"marker-color":"#ff9100","marker-size":"small","description":"Weak coverage: -129.3 dBm"}},{"type":"Feature","geometry":{"type":"Point","coordinates":[139.784,35.709]},"properties":{"type":"weak","estimated_rsrp":-129.9,"marker-color":"#ff9100","marker-size":"small","description":"Weak coverage: -129.9 dBm"}},{"type":"Feature","geometry":{"type":"Point","coordinates":[139.786,35.709]},"properties":{"type":"hole","estimated_rsrp":-140,"marker-color":"#ff1744","marker-size":"small","description":"No coverage detected"}},{"type":"Feature","geometry":{"type":"Point","coordinates":[139.788,35.709]},"properties":{"type":"hole","estimated_rsrp":-140,"marker-color":"#ff1744","marker-size":"small","description":"No coverage detected"}},{"type":"Feature","geometry":{"type":"Point","coordinates":[139.79,35.709]},"properties":{"type":"hole","estimated_rsrp":-140,"marker-color":"#ff1744","marker-size":"small","description":"No coverage detected"}},{"type":"Feature","geometry":{"type":"Point","coordinates":[139.792,35.709]},"properties":{"type":"weak","estimated_rsrp":-129.6,"marker-color":"#ff9100","marker-size":"small","description":"Weak coverage: -129.6 dBm"}},{"type":"Feature","geometry":{"type":"Point","coordinates":[139.794,35.709]},"properties":{"type":"weak","estimated_rsrp":-128.0,"marker-color":"#ff9100","marker-size":"small","description":"Weak coverage: -128.0 dBm"}},{"type":"Feature","geometry":{"type":"Point","coordinates":[139.796,35.709]},"properties":{"type":"weak","estimated_rsrp":-126.2,"marker-color":"#ff9100","marker-size":"small","description":"Weak coverage: -126.2 dBm"}},{"type":"Feature","geometry":{"type":"Point","coordinates":[139.798,35.709]},"properties":{"type":"weak","estimated_rsrp":-124.2,"marker-color":"#ff9100","marker-size":"small","description":"Weak coverage: -124.2 dBm"}},{"type":"Feature","geometry":{"type":"Point","coordinates":[139.8,35.709]},"properties":{"type":"weak","estimated_rsrp":-121.0,"marker-color":"#ff9100","marker-size":"small","description":"Weak coverage: -121.0 dBm"}},{"type":"Feature","geometry":{"type":"Point","coordinates":[139.682,35.711]},"properties":{"type":"weak","estimated_rsrp":-123.0,"marker-color":"#ff9100","marker-size":"small","description":"Weak coverage: -123.0 dBm"}},{"type":"Feature","geometry":{"type":"Point","coordinates":[139.684,35.711]},"properties":{"type":"weak","estimated_rsrp":-127.5,"marker-color":"#ff9100","marker-size":"small","description":"Weak coverage: -127.5 dBm"}},{"type":"Feature","geometry":{"type":"Point","coordinates":[139.688,35.711]},"properties":{"type":"weak","estimated_rsrp":-124.2,"marker-color":"#ff9100","marker-size":"small","description":"Weak coverage: -124.2 dBm"}},{"type":"Feature","geometry":{"type":"Point","coordinates":[139.7,35.711]},"properties":{"type":"weak","estimated_rsrp":-120.5,"marker-color":"#ff9100","marker-size":"small","description":"Weak coverage: -120.5 dBm"}},{"type":"Feature","geometry":{"type":"Point","coordinates":[139.702,35.711]},"properties":{"type":"weak","estimated_rsrp":-120.9,"marker-color":"#ff9100","marker-size":"small","description":"Weak coverage: -120.9 dBm"}},{"type":"Feature","geometry":{"type":"Point","coordinates":[139.706,35.711]},"properties":{"type":"weak","estimated_rsrp":-122.0,"marker-color":"#ff9100","marker-size":"small","description":"Weak coverage: -122.0 dBm"}},{"type":"Feature","geometry":{"type":"Point","coordinates":[139.71,35.711]},"properties":{"type":"weak","estimated_rsrp":-123.6,"marker-color":"#ff9100","marker-size":"small","description":"Weak coverage: -123.6 dBm"}},{"type":"Feature","geometry":{"type":"Point","coordinates":[139.712,35.711]},"properties":{"type":"weak","estimated_rsrp":-123.8,"marker-color":"#ff9100","marker-size":"small","description":"Weak coverage: -123.8 dBm"}},{"type":"Feature","geometry":{"type":"Point","coordinates":[139.72,35.711]},"properties":{"type":"weak","estimated_rsrp":-127.7,"marker-color":"#ff9100","marker-size":"small","description":"Weak coverage: -127.7 dBm"}},{"type":"Feature","geometry":{"type":"Point","coordinates":[139.746,35.711]},"properties":{"type":"weak","estimated_rsrp":-129.9,"marker-color":"#ff9100","marker-size":"small","description":"Weak coverage: -129.9 dBm"}},{"type":"Feature","geometry":{"type":"Point","coordinates":[139.748,35.711]},"properties":{"type":"hole","estimated_rsrp":-140,"marker-color":"#ff1744","marker-size":"small","description":"No coverage detected"}},{"type":"Feature","geometry":{"type":"Point","coordinates":[139.75,35.711]},"properties":{"type":"hole","estimated_rsrp":-140,"marker-color":"#ff1744","marker-size":"small","description":"No coverage detected"}},{"type":"Feature","geometry":{"type":"Point","coordinates":[139.752,35.711]},"properties":{"type":"hole","estimated_rsrp":-140,"marker-color":"#ff1744","marker-size":"small","description":"No coverage detected"}},{"type":"Feature","geometry":{"type":"Point","coordinates":[139.754,35.711]},"properties":{"type":"hole","estimated_rsrp":-140,"marker-color":"#ff1744","marker-size":"small","description":"No coverage detected"}},{"type":"Feature","geometry":{"type":"Point","coordinates":[139.756,35.711]},"properties":{"type":"hole","estimated_rsrp":-140,"marker-color":"#ff1744","marker-size":"small","description":"No coverage detected"}},{"type":"Feature","geometry":{"type":"Point","coordinates":[139.758,35.711]},"properties":{"type":"hole","estimated_rsrp":-140,"marker-color":"#ff1744","marker-size":"small","description":"No coverage detected"}},{"type":"Feature","geometry":{"type":"Point","coordinates":[139.76,35.711]},"properties":{"type":"hole","estimated_rsrp":-140,"marker-color":"#ff1744","marker-size":"small","description":"No coverage detected"}},{"type":"Feature","geometry":{"type":"Point","coordinates":[139.762,35.711]},"properties":{"type":"hole","estimated_rsrp":-140,"marker-color":"#ff1744","marker-size":"small","description":"No coverage detected"}},{"type":"Feature","geometry":{"type":"Point","coordinates":[139.764,35.711]},"properties":{"type":"hole","estimated_rsrp":-140,"marker-color":"#ff1744","marker-size":"small","description":"No coverage detected"}},{"type":"Feature","geometry":{"type":"Point","coordinates":[139.766,35.711]},"properties":{"type":"weak","estimated_rsrp":-129.7,"marker-color":"#ff9100","marker-size":"small","description":"Weak coverage: -129.7 dBm"}},{"type":"Feature","geometry":{"type":"Point","coordinates":[139.768,35.711]},"properties":{"type":"weak","estimated_rsrp":-128.6,"marker-color":"#ff9100","marker-size":"small","description":"Weak coverage: -128.6 dBm"}},{"type":"Feature","geometry":{"type":"Point","coordinates":[139.772,35.711]},"properties":{"type":"weak","estimated_rsrp":-122.5,"marker-color":"#ff9100","marker-size":"small","description":"Weak coverage: -122.5 dBm"}},{"type":"Feature","geometry":{"type":"Point","coordinates":[139.774,35.711]},"properties":{"type":"weak","estimated_rsrp":-120.8,"marker-color":"#ff9100","marker-size":"small","description":"Weak coverage: -120.8 dBm"}},{"type":"Feature","geometry":{"type":"Point","coordinates":[139.778,35.711]},"properties":{"type":"weak","estimated_rsrp":-125.1,"marker-color":"#ff9100","marker-size":"small","description":"Weak coverage: -125.1 dBm"}},{"type":"Feature","geometry":{"type":"Point","coordinates":[139.78,35.711]},"properties":{"type":"weak","estimated_rsrp":-120.8,"marker-color":"#ff9100","marker-size":"small","description":"Weak coverage: -120.8 dBm"}},{"type":"Feature","geometry":{"type":"Point","coordinates":[139.782,35.711]},"properties":{"type":"weak","estimated_rsrp":-122.8,"marker-color":"#ff9100","marker-size":"small","description":"Weak coverage: -122.8 dBm"}},{"type":"Feature","geometry":{"type":"Point","coordinates":[139.784,35.711]},"properties":{"type":"weak","estimated_rsrp":-125.5,"marker-color":"#ff9100","marker-size":"small","description":"Weak coverage: -125.5 dBm"}},{"type":"Feature","geometry":{"type":"Point","coordinates":[139.786,35.711]},"properties":{"type":"weak","estimated_rsrp":-128.0,"marker-color":"#ff9100","marker-size":"small","description":"Weak coverage: -128.0 dBm"}},{"type":"Feature","geometry":{"type":"Point","coordinates":[139.788,35.711]},"properties":{"type":"weak","estimated_rsrp":-129.8,"marker-color":"#ff9100","marker-size":"small","description":"Weak coverage: -129.8 dBm"}},{"type":"Feature","geometry":{"type":"Point","coordinates":[139.79,35.711]},"properties":{"type":"hole","estimated_rsrp":-140,"marker-color":"#ff1744","marker-size":"small","description":"No coverage detected"}},{"type":"Feature","geometry":{"type":"Point","coordinates":[139.792,35.711]},"properties":{"type":"hole","estimated_rsrp":-140,"marker-color":"#ff1744","marker-size":"small","description":"No coverage detected"}},{"type":"Feature","geometry":{"type":"Point","coordinates":[139.794,35.711]},"properties":{"type":"weak","estimated_rsrp":-129.3,"marker-color":"#ff9100","marker-size":"small","description":"Weak coverage: -129.3 dBm"}},{"type":"Feature","geometry":{"type":"Point","coordinates":[139.796,35.711]},"properties":{"type":"weak","estimated_rsrp":-127.7,"marker-color":"#ff9100","marker-size":"small","description":"Weak coverage: -127.7 dBm"}},{"type":"Feature","geometry":{"type":"Point","coordinates":[139.798,35.711]},"properties":{"type":"weak","estimated_rsrp":-125.9,"marker-color":"#ff9100","marker-size":"small","description":"Weak coverage: -125.9 dBm"}},{"type":"Feature","geometry":{"type":"Point","coordinates":[139.8,35.711]},"properties":{"type":"weak","estimated_rsrp":-123.0,"marker-color":"#ff9100","marker-size":"small","description":"Weak coverage: -123.0 dBm"}},{"type":"Feature","geometry":{"type":"Point","coordinates":[139.802,35.711]},"properties":{"type":"weak","estimated_rsrp":-120.5,"marker-color":"#ff9100","marker-size":"small","description":"Weak coverage: -120.5 dBm"}},{"type":"Feature","geometry":{"type":"Point","coordinates":[139.682,35.713]},"properties":{"type":"weak","estimated_rsrp":-129.6,"marker-color":"#ff9100","marker-size":"small","description":"Weak coverage: -129.6 dBm"}},{"type":"Feature","geometry":{"type":"Point","coordinates":[139.684,35.713]},"properties":{"type":"weak","estimated_rsrp":-125.5,"marker-color":"#ff9100","marker-size":"small","description":"Weak coverage: -125.5 dBm"}},{"type":"Feature","geometry":{"type":"Point","coordinates":[139.686,35.713]},"properties":{"type":"weak","estimated_rsrp":-126.2,"marker-color":"#ff9100","marker-size":"small","description":"Weak coverage: -126.2 dBm"}},{"type":"Feature","geometry":{"type":"Point","coordinates":[139.688,35.713]},"properties":{"type":"weak","estimated_rsrp":-122.8,"marker-color":"#ff9100","marker-size":"small","description":"Weak coverage: -122.8 dBm"}},{"type":"Feature","geometry":{"type":"Point","coordinates":[139.69,35.713]},"properties":{"type":"weak","estimated_rsrp":-120.8,"marker-color":"#ff9100","marker-size":"small","description":"Weak coverage: -120.8 dBm"}},{"type":"Feature","geometry":{"type":"Point","coordinates":[139.7,35.713]},"properties":{"type":"weak","estimated_rsrp":-122.0,"marker-color":"#ff9100","marker-size":"small","description":"Weak coverage: -122.0 dBm"}},{"type":"Feature","geometry":{"type":"Point","coordinates":[139.702,35.713]},"properties":{"type":"weak","estimated_rsrp":-122.1,"marker-color":"#ff9100","marker-size":"small","description":"Weak coverage: -122.1 dBm"}},{"type":"Feature","geometry":{"type":"Point","coordinates":[139.708,35.713]},"properties":{"type":"weak","estimated_rsrp":-123.5,"marker-color":"#ff9100","marker-size":"small","description":"Weak coverage: -123.5 dBm"}},{"type":"Feature","geometry":{"type":"Point","coordinates":[139.71,35.713]},"properties":{"type":"weak","estimated_rsrp":-124.2,"marker-color":"#ff9100","marker-size":"small","description":"Weak coverage: -124.2 dBm"}},{"type":"Feature","geometry":{"type":"Point","coordinates":[139.712,35.713]},"properties":{"type":"weak","estimated_rsrp":-124.9,"marker-color":"#ff9100","marker-size":"small","description":"Weak coverage: -124.9 dBm"}},{"type":"Feature","geometry":{"type":"Point","coordinates":[139.714,35.713]},"properties":{"type":"weak","estimated_rsrp":-121.7,"marker-color":"#ff9100","marker-size":"small","description":"Weak coverage: -121.7 dBm"}},{"type":"Feature","geometry":{"type":"Point","coordinates":[139.742,35.713]},"properties":{"type":"weak","estimated_rsrp":-128.6,"marker-color":"#ff9100","marker-size":"small","description":"Weak coverage: -128.6 dBm"}},{"type":"Feature","geometry":{"type":"Point","coordinates":[139.744,35.713]},"properties":{"type":"weak","estimated_rsrp":-129.0,"marker-color":"#ff9100","marker-size":"small","description":"Weak coverage: -129.0 dBm"}},{"type":"Feature","geometry":{"type":"Point","coordinates":[139.746,35.713]},"properties":{"type":"weak","estimated_rsrp":-129.6,"marker-color":"#ff9100","marker-size":"small","description":"Weak coverage: -129.6 dBm"}},{"type":"Feature","geometry":{"type":"Point","coordinates":[139.748,35.713]},"properties":{"type":"weak","estimated_rsrp":-130.0,"marker-color":"#ff9100","marker-size":"small","description":"Weak coverage: -130.0 dBm"}},{"type":"Feature","geometry":{"type":"Point","coordinates":[139.75,35.713]},"properties":{"type":"hole","estimated_rsrp":-140,"marker-color":"#ff1744","marker-size":"small","description":"No coverage detected"}},{"type":"Feature","geometry":{"type":"Point","coordinates":[139.752,35.713]},"properties":{"type":"weak","estimated_rsrp":-129.2,"marker-color":"#ff9100","marker-size":"small","description":"Weak coverage: -129.2 dBm"}},{"type":"Feature","geometry":{"type":"Point","coordinates":[139.754,35.713]},"properties":{"type":"weak","estimated_rsrp":-129.8,"marker-color":"#ff9100","marker-size":"small","description":"Weak coverage: -129.8 dBm"}},{"type":"Feature","geometry":{"type":"Point","coordinates":[139.756,35.713]},"properties":{"type":"hole","estimated_rsrp":-140,"marker-color":"#ff1744","marker-size":"small","description":"No coverage detected"}},{"type":"Feature","geometry":{"type":"Point","coordinates":[139.758,35.713]},"properties":{"type":"hole","estimated_rsrp":-140,"marker-color":"#ff1744","marker-size":"small","description":"No coverage detected"}},{"type":"Feature","geometry":{"type":"Point","coordinates":[139.76,35.713]},"properties":{"type":"hole","estimated_rsrp":-140,"marker-color":"#ff1744","marker-size":"small","description":"No coverage detected"}},{"type":"Feature","geometry":{"type":"Point","coordinates":[139.762,35.713]},"properties":{"type":"hole","estimated_rsrp":-140,"marker-color":"#ff1744","marker-size":"small","description":"No coverage detected"}},{"type":"Feature","geometry":{"type":"Point","coordinates":[139.764,35.713]},"properties":{"type":"hole","estimated_rsrp":-140,"marker-color":"#ff1744","marker-size":"small","description":"No coverage detected"}},{"type":"Feature","geometry":{"type":"Point","coordinates":[139.766,35.713]},"properties":{"type":"weak","estimated_rsrp":-129.7,"marker-color":"#ff9100","marker-size":"small","description":"Weak coverage: -129.7 dBm"}},{"type":"Feature","geometry":{"type":"Point","coordinates":[139.768,35.713]},"properties":{"type":"weak","estimated_rsrp":-126.9,"marker-color":"#ff9100","marker-size":"small","description":"Weak coverage: -126.9 dBm"}},{"type":"Feature","geometry":{"type":"Point","coordinates":[139.784,35.713]},"properties":{"type":"weak","estimated_rsrp":-122.7,"marker-color":"#ff9100","marker-size":"small","description":"Weak coverage: -122.7 dBm"}},{"type":"Feature","geometry":{"type":"Point","coordinates":[139.786,35.713]},"properties":{"type":"weak","estimated_rsrp":-125.0,"marker-color":"#ff9100","marker-size":"small","description":"Weak coverage: -125.0 dBm"}},{"type":"Feature","geometry":{"type":"Point","coordinates":[139.788,35.713]},"properties":{"type":"weak","estimated_rsrp":-129.9,"marker-color":"#ff9100","marker-size":"small","description":"Weak coverage: -129.9 dBm"}},{"type":"Feature","geometry":{"type":"Point","coordinates":[139.79,35.713]},"properties":{"type":"hole","estimated_rsrp":-140,"marker-color":"#ff1744","marker-size":"small","description":"No coverage detected"}},{"type":"Feature","geometry":{"type":"Point","coordinates":[139.792,35.713]},"properties":{"type":"hole","estimated_rsrp":-140,"marker-color":"#ff1744","marker-size":"small","description":"No coverage detected"}},{"type":"Feature","geometry":{"type":"Point","coordinates":[139.794,35.713]},"properties":{"type":"hole","estimated_rsrp":-140,"marker-color":"#ff1744","marker-size":"small","description":"No coverage detected"}},{"type":"Feature","geometry":{"type":"Point","coordinates":[139.796,35.713]},"properties":{"type":"weak","estimated_rsrp":-129.9,"marker-color":"#ff9100","marker-size":"small","description":"Weak coverage: -129.9 dBm"}},{"type":"Feature","geometry":{"type":"Point","coordinates":[139.798,35.713]},"properties":{"type":"weak","estimated_rsrp":-128.4,"marker-color":"#ff9100","marker-size":"small","description":"Weak coverage: -128.4 dBm"}},{"type":"Feature","geometry":{"type":"Point","coordinates":[139.8,35.713]},"properties":{"type":"weak","estimated_rsrp":-121.2,"marker-color":"#ff9100","marker-size":"small","description":"Weak coverage: -121.2 dBm"}},{"type":"Feature","geometry":{"type":"Point","coordinates":[139.802,35.713]},"properties":{"type":"weak","estimated_rsrp":-124.8,"marker-color":"#ff9100","marker-size":"small","description":"Weak coverage: -124.8 dBm"}},{"type":"Feature","geometry":{"type":"Point","coordinates":[139.804,35.713]},"properties":{"type":"weak","estimated_rsrp":-123.4,"marker-color":"#ff9100","marker-size":"small","description":"Weak coverage: -123.4 dBm"}},{"type":"Feature","geometry":{"type":"Point","coordinates":[139.682,35.715]},"properties":{"type":"weak","estimated_rsrp":-130.0,"marker-color":"#ff9100","marker-size":"small","description":"Weak coverage: -130.0 dBm"}},{"type":"Feature","geometry":{"type":"Point","coordinates":[139.684,35.715]},"properties":{"type":"weak","estimated_rsrp":-129.1,"marker-color":"#ff9100","marker-size":"small","description":"Weak coverage: -129.1 dBm"}},{"type":"Feature","geometry":{"type":"Point","coordinates":[139.686,35.715]},"properties":{"type":"weak","estimated_rsrp":-127.6,"marker-color":"#ff9100","marker-size":"small","description":"Weak coverage: -127.6 dBm"}},{"type":"Feature","geometry":{"type":"Point","coordinates":[139.688,35.715]},"properties":{"type":"weak","estimated_rsrp":-126.6,"marker-color":"#ff9100","marker-size":"small","description":"Weak coverage: -126.6 dBm"}},{"type":"Feature","geometry":{"type":"Point","coordinates":[139.69,35.715]},"properties":{"type":"weak","estimated_rsrp":-121.8,"marker-color":"#ff9100","marker-size":"small","description":"Weak coverage: -121.8 dBm"}},{"type":"Feature","geometry":{"type":"Point","coordinates":[139.692,35.715]},"properties":{"type":"weak","estimated_rsrp":-120.7,"marker-color":"#ff9100","marker-size":"small","description":"Weak coverage: -120.7 dBm"}},{"type":"Feature","geometry":{"type":"Point","coordinates":[139.702,35.715]},"properties":{"type":"weak","estimated_rsrp":-120.3,"marker-color":"#ff9100","marker-size":"small","description":"Weak coverage: -120.3 dBm"}},{"type":"Feature","geometry":{"type":"Point","coordinates":[139.704,35.715]},"properties":{"type":"weak","estimated_rsrp":-123.9,"marker-color":"#ff9100","marker-size":"small","description":"Weak coverage: -123.9 dBm"}},{"type":"Feature","geometry":{"type":"Point","coordinates":[139.706,35.715]},"properties":{"type":"weak","estimated_rsrp":-124.2,"marker-color":"#ff9100","marker-size":"small","description":"Weak coverage: -124.2 dBm"}},{"type":"Feature","geometry":{"type":"Point","coordinates":[139.708,35.715]},"properties":{"type":"weak","estimated_rsrp":-121.3,"marker-color":"#ff9100","marker-size":"small","description":"Weak coverage: -121.3 dBm"}},{"type":"Feature","geometry":{"type":"Point","coordinates":[139.71,35.715]},"properties":{"type":"weak","estimated_rsrp":-125.2,"marker-color":"#ff9100","marker-size":"small","description":"Weak coverage: -125.2 dBm"}},{"type":"Feature","geometry":{"type":"Point","coordinates":[139.712,35.715]},"properties":{"type":"weak","estimated_rsrp":-120.8,"marker-color":"#ff9100","marker-size":"small","description":"Weak coverage: -120.8 dBm"}},{"type":"Feature","geometry":{"type":"Point","coordinates":[139.714,35.715]},"properties":{"type":"weak","estimated_rsrp":-122.4,"marker-color":"#ff9100","marker-size":"small","description":"Weak coverage: -122.4 dBm"}},{"type":"Feature","geometry":{"type":"Point","coordinates":[139.74,35.715]},"properties":{"type":"weak","estimated_rsrp":-127.6,"marker-color":"#ff9100","marker-size":"small","description":"Weak coverage: -127.6 dBm"}},{"type":"Feature","geometry":{"type":"Point","coordinates":[139.742,35.715]},"properties":{"type":"weak","estimated_rsrp":-128.1,"marker-color":"#ff9100","marker-size":"small","description":"Weak coverage: -128.1 dBm"}},{"type":"Feature","geometry":{"type":"Point","coordinates":[139.744,35.715]},"properties":{"type":"weak","estimated_rsrp":-128.6,"marker-color":"#ff9100","marker-size":"small","description":"Weak coverage: -128.6 dBm"}},{"type":"Feature","geometry":{"type":"Point","coordinates":[139.746,35.715]},"properties":{"type":"weak","estimated_rsrp":-129.3,"marker-color":"#ff9100","marker-size":"small","description":"Weak coverage: -129.3 dBm"}},{"type":"Feature","geometry":{"type":"Point","coordinates":[139.748,35.715]},"properties":{"type":"weak","estimated_rsrp":-127.7,"marker-color":"#ff9100","marker-size":"small","description":"Weak coverage: -127.7 dBm"}},{"type":"Feature","geometry":{"type":"Point","coordinates":[139.75,35.715]},"properties":{"type":"weak","estimated_rsrp":-128.3,"marker-color":"#ff9100","marker-size":"small","description":"Weak coverage: -128.3 dBm"}},{"type":"Feature","geometry":{"type":"Point","coordinates":[139.752,35.715]},"properties":{"type":"weak","estimated_rsrp":-129.0,"marker-color":"#ff9100","marker-size":"small","description":"Weak coverage: -129.0 dBm"}},{"type":"Feature","geometry":{"type":"Point","coordinates":[139.754,35.715]},"properties":{"type":"weak","estimated_rsrp":-129.6,"marker-color":"#ff9100","marker-size":"small","description":"Weak coverage: -129.6 dBm"}},{"type":"Feature","geometry":{"type":"Point","coordinates":[139.756,35.715]},"properties":{"type":"weak","estimated_rsrp":-129.9,"marker-color":"#ff9100","marker-size":"small","description":"Weak coverage: -129.9 dBm"}},{"type":"Feature","geometry":{"type":"Point","coordinates":[139.758,35.715]},"properties":{"type":"hole","estimated_rsrp":-140,"marker-color":"#ff1744","marker-size":"small","description":"No coverage detected"}},{"type":"Feature","geometry":{"type":"Point","coordinates":[139.76,35.715]},"properties":{"type":"hole","estimated_rsrp":-140,"marker-color":"#ff1744","marker-size":"small","description":"No coverage detected"}},{"type":"Feature","geometry":{"type":"Point","coordinates":[139.762,35.715]},"properties":{"type":"hole","estimated_rsrp":-140,"marker-color":"#ff1744","marker-size":"small","description":"No coverage detected"}},{"type":"Feature","geometry":{"type":"Point","coordinates":[139.764,35.715]},"properties":{"type":"hole","estimated_rsrp":-140,"marker-color":"#ff1744","marker-size":"small","description":"No coverage detected"}},{"type":"Feature","geometry":{"type":"Point","coordinates":[139.766,35.715]},"properties":{"type":"weak","estimated_rsrp":-129.8,"marker-color":"#ff9100","marker-size":"small","description":"Weak coverage: -129.8 dBm"}},{"type":"Feature","geometry":{"type":"Point","coordinates":[139.768,35.715]},"properties":{"type":"weak","estimated_rsrp":-127.6,"marker-color":"#ff9100","marker-size":"small","description":"Weak coverage: -127.6 dBm"}},{"type":"Feature","geometry":{"type":"Point","coordinates":[139.782,35.715]},"properties":{"type":"weak","estimated_rsrp":-120.3,"marker-color":"#ff9100","marker-size":"small","description":"Weak coverage: -120.3 dBm"}},{"type":"Feature","geometry":{"type":"Point","coordinates":[139.784,35.715]},"properties":{"type":"weak","estimated_rsrp":-123.4,"marker-color":"#ff9100","marker-size":"small","description":"Weak coverage: -123.4 dBm"}},{"type":"Feature","geometry":{"type":"Point","coordinates":[139.786,35.715]},"properties":{"type":"weak","estimated_rsrp":-127.0,"marker-color":"#ff9100","marker-size":"small","description":"Weak coverage: -127.0 dBm"}},{"type":"Feature","geometry":{"type":"Point","coordinates":[139.788,35.715]},"properties":{"type":"weak","estimated_rsrp":-129.6,"marker-color":"#ff9100","marker-size":"small","description":"Weak coverage: -129.6 dBm"}},{"type":"Feature","geometry":{"type":"Point","coordinates":[139.79,35.715]},"properties":{"type":"hole","estimated_rsrp":-140,"marker-color":"#ff1744","marker-size":"small","description":"No coverage detected"}},{"type":"Feature","geometry":{"type":"Point","coordinates":[139.792,35.715]},"properties":{"type":"hole","estimated_rsrp":-140,"marker-color":"#ff1744","marker-size":"small","description":"No coverage detected"}},{"type":"Feature","geometry":{"type":"Point","coordinates":[139.794,35.715]},"properties":{"type":"hole","estimated_rsrp":-140,"marker-color":"#ff1744","marker-size":"small","description":"No coverage detected"}},{"type":"Feature","geometry":{"type":"Point","coordinates":[139.796,35.715]},"properties":{"type":"hole","estimated_rsrp":-140,"marker-color":"#ff1744","marker-size":"small","description":"No coverage detected"}},{"type":"Feature","geometry":{"type":"Point","coordinates":[139.798,35.715]},"properties":{"type":"weak","estimated_rsrp":-129.4,"marker-color":"#ff9100","marker-size":"small","description":"Weak coverage: -129.4 dBm"}},{"type":"Feature","geometry":{"type":"Point","coordinates":[139.8,35.715]},"properties":{"type":"weak","estimated_rsrp":-127.5,"marker-color":"#ff9100","marker-size":"small","description":"Weak coverage: -127.5 dBm"}},{"type":"Feature","geometry":{"type":"Point","coordinates":[139.802,35.715]},"properties":{"type":"weak","estimated_rsrp":-125.7,"marker-color":"#ff9100","marker-size":"small","description":"Weak coverage: -125.7 dBm"}},{"type":"Feature","geometry":{"type":"Point","coordinates":[139.804,35.715]},"properties":{"type":"weak","estimated_rsrp":-124.0,"marker-color":"#ff9100","marker-size":"small","description":"Weak coverage: -124.0 dBm"}},{"type":"Feature","geometry":{"type":"Point","coordinates":[139.682,35.717]},"properties":{"type":"weak","estimated_rsrp":-127.0,"marker-color":"#ff9100","marker-size":"small","description":"Weak coverage: -127.0 dBm"}},{"type":"Feature","geometry":{"type":"Point","coordinates":[139.684,35.717]},"properties":{"type":"weak","estimated_rsrp":-128.1,"marker-color":"#ff9100","marker-size":"small","description":"Weak coverage: -128.1 dBm"}},{"type":"Feature","geometry":{"type":"Point","coordinates":[139.686,35.717]},"properties":{"type":"weak","estimated_rsrp":-128.5,"marker-color":"#ff9100","marker-size":"small","description":"Weak coverage: -128.5 dBm"}},{"type":"Feature","geometry":{"type":"Point","coordinates":[139.688,35.717]},"properties":{"type":"weak","estimated_rsrp":-127.6,"marker-color":"#ff9100","marker-size":"small","description":"Weak coverage: -127.6 dBm"}},{"type":"Feature","geometry":{"type":"Point","coordinates":[139.69,35.717]},"properties":{"type":"weak","estimated_rsrp":-120.1,"marker-color":"#ff9100","marker-size":"small","description":"Weak coverage: -120.1 dBm"}},{"type":"Feature","geometry":{"type":"Point","coordinates":[139.694,35.717]},"properties":{"type":"weak","estimated_rsrp":-125.4,"marker-color":"#ff9100","marker-size":"small","description":"Weak coverage: -125.4 dBm"}},{"type":"Feature","geometry":{"type":"Point","coordinates":[139.706,35.717]},"properties":{"type":"weak","estimated_rsrp":-121.7,"marker-color":"#ff9100","marker-size":"small","description":"Weak coverage: -121.7 dBm"}},{"type":"Feature","geometry":{"type":"Point","coordinates":[139.71,35.717]},"properties":{"type":"weak","estimated_rsrp":-125.9,"marker-color":"#ff9100","marker-size":"small","description":"Weak coverage: -125.9 dBm"}},{"type":"Feature","geometry":{"type":"Point","coordinates":[139.732,35.717]},"properties":{"type":"weak","estimated_rsrp":-123.7,"marker-color":"#ff9100","marker-size":"small","description":"Weak coverage: -123.7 dBm"}},{"type":"Feature","geometry":{"type":"Point","coordinates":[139.74,35.717]},"properties":{"type":"weak","estimated_rsrp":-127.2,"marker-color":"#ff9100","marker-size":"small","description":"Weak coverage: -127.2 dBm"}},{"type":"Feature","geometry":{"type":"Point","coordinates":[139.742,35.717]},"properties":{"type":"weak","estimated_rsrp":-127.7,"marker-color":"#ff9100","marker-size":"small","description":"Weak coverage: -127.7 dBm"}},{"type":"Feature","geometry":{"type":"Point","coordinates":[139.744,35.717]},"properties":{"type":"weak","estimated_rsrp":-128.3,"marker-color":"#ff9100","marker-size":"small","description":"Weak coverage: -128.3 dBm"}},{"type":"Feature","geometry":{"type":"Point","coordinates":[139.746,35.717]},"properties":{"type":"weak","estimated_rsrp":-126.8,"marker-color":"#ff9100","marker-size":"small","description":"Weak coverage: -126.8 dBm"}},{"type":"Feature","geometry":{"type":"Point","coordinates":[139.748,35.717]},"properties":{"type":"weak","estimated_rsrp":-127.6,"marker-color":"#ff9100","marker-size":"small","description":"Weak coverage: -127.6 dBm"}},{"type":"Feature","geometry":{"type":"Point","coordinates":[139.75,35.717]},"properties":{"type":"weak","estimated_rsrp":-128.2,"marker-color":"#ff9100","marker-size":"small","description":"Weak coverage: -128.2 dBm"}},{"type":"Feature","geometry":{"type":"Point","coordinates":[139.752,35.717]},"properties":{"type":"weak","estimated_rsrp":-129.0,"marker-color":"#ff9100","marker-size":"small","description":"Weak coverage: -129.0 dBm"}},{"type":"Feature","geometry":{"type":"Point","coordinates":[139.754,35.717]},"properties":{"type":"weak","estimated_rsrp":-129.6,"marker-color":"#ff9100","marker-size":"small","description":"Weak coverage: -129.6 dBm"}},{"type":"Feature","geometry":{"type":"Point","coordinates":[139.756,35.717]},"properties":{"type":"weak","estimated_rsrp":-129.9,"marker-color":"#ff9100","marker-size":"small","description":"Weak coverage: -129.9 dBm"}},{"type":"Feature","geometry":{"type":"Point","coordinates":[139.758,35.717]},"properties":{"type":"hole","estimated_rsrp":-140,"marker-color":"#ff1744","marker-size":"small","description":"No coverage detected"}},{"type":"Feature","geometry":{"type":"Point","coordinates":[139.76,35.717]},"properties":{"type":"hole","estimated_rsrp":-140,"marker-color":"#ff1744","marker-size":"small","description":"No coverage detected"}},{"type":"Feature","geometry":{"type":"Point","coordinates":[139.762,35.717]},"properties":{"type":"hole","estimated_rsrp":-140,"marker-color":"#ff1744","marker-size":"small","description":"No coverage detected"}},{"type":"Feature","geometry":{"type":"Point","coordinates":[139.764,35.717]},"properties":{"type":"hole","estimated_rsrp":-140,"marker-color":"#ff1744","marker-size":"small","description":"No coverage detected"}},{"type":"Feature","geometry":{"type":"Point","coordinates":[139.78,35.717]},"properties":{"type":"weak","estimated_rsrp":-126.8,"marker-color":"#ff9100","marker-size":"small","description":"Weak coverage: -126.8 dBm"}},{"type":"Feature","geometry":{"type":"Point","coordinates":[139.782,35.717]},"properties":{"type":"weak","estimated_rsrp":-126.4,"marker-color":"#ff9100","marker-size":"small","description":"Weak coverage: -126.4 dBm"}},{"type":"Feature","geometry":{"type":"Point","coordinates":[139.784,35.717]},"properties":{"type":"weak","estimated_rsrp":-127.8,"marker-color":"#ff9100","marker-size":"small","description":"Weak coverage: -127.8 dBm"}},{"type":"Feature","geometry":{"type":"Point","coordinates":[139.786,35.717]},"properties":{"type":"weak","estimated_rsrp":-129.7,"marker-color":"#ff9100","marker-size":"small","description":"Weak coverage: -129.7 dBm"}},{"type":"Feature","geometry":{"type":"Point","coordinates":[139.788,35.717]},"properties":{"type":"hole","estimated_rsrp":-140,"marker-color":"#ff1744","marker-size":"small","description":"No coverage detected"}},{"type":"Feature","geometry":{"type":"Point","coordinates":[139.79,35.717]},"properties":{"type":"hole","estimated_rsrp":-140,"marker-color":"#ff1744","marker-size":"small","description":"No coverage detected"}},{"type":"Feature","geometry":{"type":"Point","coordinates":[139.792,35.717]},"properties":{"type":"hole","estimated_rsrp":-140,"marker-color":"#ff1744","marker-size":"small","description":"No coverage detected"}},{"type":"Feature","geometry":{"type":"Point","coordinates":[139.794,35.717]},"properties":{"type":"weak","estimated_rsrp":-127.0,"marker-color":"#ff9100","marker-size":"small","description":"Weak coverage: -127.0 dBm"}},{"type":"Feature","geometry":{"type":"Point","coordinates":[139.796,35.717]},"properties":{"type":"weak","estimated_rsrp":-125.8,"marker-color":"#ff9100","marker-size":"small","description":"Weak coverage: -125.8 dBm"}},{"type":"Feature","geometry":{"type":"Point","coordinates":[139.798,35.717]},"properties":{"type":"weak","estimated_rsrp":-125.4,"marker-color":"#ff9100","marker-size":"small","description":"Weak coverage: -125.4 dBm"}},{"type":"Feature","geometry":{"type":"Point","coordinates":[139.8,35.717]},"properties":{"type":"weak","estimated_rsrp":-124.5,"marker-color":"#ff9100","marker-size":"small","description":"Weak coverage: -124.5 dBm"}},{"type":"Feature","geometry":{"type":"Point","coordinates":[139.804,35.717]},"properties":{"type":"weak","estimated_rsrp":-124.2,"marker-color":"#ff9100","marker-size":"small","description":"Weak coverage: -124.2 dBm"}},{"type":"Feature","geometry":{"type":"Point","coordinates":[139.682,35.719]},"properties":{"type":"weak","estimated_rsrp":-126.8,"marker-color":"#ff9100","marker-size":"small","description":"Weak coverage: -126.8 dBm"}},{"type":"Feature","geometry":{"type":"Point","coordinates":[139.684,35.719]},"properties":{"type":"weak","estimated_rsrp":-129.9,"marker-color":"#ff9100","marker-size":"small","description":"Weak coverage: -129.9 dBm"}},{"type":"Feature","geometry":{"type":"Point","coordinates":[139.686,35.719]},"properties":{"type":"weak","estimated_rsrp":-129.3,"marker-color":"#ff9100","marker-size":"small","description":"Weak coverage: -129.3 dBm"}},{"type":"Feature","geometry":{"type":"Point","coordinates":[139.688,35.719]},"properties":{"type":"weak","estimated_rsrp":-125.1,"marker-color":"#ff9100","marker-size":"small","description":"Weak coverage: -125.1 dBm"}},{"type":"Feature","geometry":{"type":"Point","coordinates":[139.694,35.719]},"properties":{"type":"weak","estimated_rsrp":-124.5,"marker-color":"#ff9100","marker-size":"small","description":"Weak coverage: -124.5 dBm"}},{"type":"Feature","geometry":{"type":"Point","coordinates":[139.71,35.719]},"properties":{"type":"weak","estimated_rsrp":-123.6,"marker-color":"#ff9100","marker-size":"small","description":"Weak coverage: -123.6 dBm"}},{"type":"Feature","geometry":{"type":"Point","coordinates":[139.714,35.719]},"properties":{"type":"weak","estimated_rsrp":-125.2,"marker-color":"#ff9100","marker-size":"small","description":"Weak coverage: -125.2 dBm"}},{"type":"Feature","geometry":{"type":"Point","coordinates":[139.728,35.719]},"properties":{"type":"weak","estimated_rsrp":-120.8,"marker-color":"#ff9100","marker-size":"small","description":"Weak coverage: -120.8 dBm"}},{"type":"Feature","geometry":{"type":"Point","coordinates":[139.732,35.719]},"properties":{"type":"weak","estimated_rsrp":-122.3,"marker-color":"#ff9100","marker-size":"small","description":"Weak coverage: -122.3 dBm"}},{"type":"Feature","geometry":{"type":"Point","coordinates":[139.734,35.719]},"properties":{"type":"weak","estimated_rsrp":-123.5,"marker-color":"#ff9100","marker-size":"small","description":"Weak coverage: -123.5 dBm"}},{"type":"Feature","geometry":{"type":"Point","coordinates":[139.738,35.719]},"properties":{"type":"weak","estimated_rsrp":-125.5,"marker-color":"#ff9100","marker-size":"small","description":"Weak coverage: -125.5 dBm"}},{"type":"Feature","geometry":{"type":"Point","coordinates":[139.74,35.719]},"properties":{"type":"weak","estimated_rsrp":-124.6,"marker-color":"#ff9100","marker-size":"small","description":"Weak coverage: -124.6 dBm"}},{"type":"Feature","geometry":{"type":"Point","coordinates":[139.742,35.719]},"properties":{"type":"weak","estimated_rsrp":-125.3,"marker-color":"#ff9100","marker-size":"small","description":"Weak coverage: -125.3 dBm"}},{"type":"Feature","geometry":{"type":"Point","coordinates":[139.744,35.719]},"properties":{"type":"weak","estimated_rsrp":-126.0,"marker-color":"#ff9100","marker-size":"small","description":"Weak coverage: -126.0 dBm"}},{"type":"Feature","geometry":{"type":"Point","coordinates":[139.746,35.719]},"properties":{"type":"weak","estimated_rsrp":-126.9,"marker-color":"#ff9100","marker-size":"small","description":"Weak coverage: -126.9 dBm"}},{"type":"Feature","geometry":{"type":"Point","coordinates":[139.748,35.719]},"properties":{"type":"weak","estimated_rsrp":-127.5,"marker-color":"#ff9100","marker-size":"small","description":"Weak coverage: -127.5 dBm"}},{"type":"Feature","geometry":{"type":"Point","coordinates":[139.75,35.719]},"properties":{"type":"weak","estimated_rsrp":-128.2,"marker-color":"#ff9100","marker-size":"small","description":"Weak coverage: -128.2 dBm"}},{"type":"Feature","geometry":{"type":"Point","coordinates":[139.752,35.719]},"properties":{"type":"weak","estimated_rsrp":-129.0,"marker-color":"#ff9100","marker-size":"small","description":"Weak coverage: -129.0 dBm"}},{"type":"Feature","geometry":{"type":"Point","coordinates":[139.754,35.719]},"properties":{"type":"weak","estimated_rsrp":-129.6,"marker-color":"#ff9100","marker-size":"small","description":"Weak coverage: -129.6 dBm"}},{"type":"Feature","geometry":{"type":"Point","coordinates":[139.756,35.719]},"properties":{"type":"hole","estimated_rsrp":-140,"marker-color":"#ff1744","marker-size":"small","description":"No coverage detected"}},{"type":"Feature","geometry":{"type":"Point","coordinates":[139.758,35.719]},"properties":{"type":"hole","estimated_rsrp":-140,"marker-color":"#ff1744","marker-size":"small","description":"No coverage detected"}},{"type":"Feature","geometry":{"type":"Point","coordinates":[139.76,35.719]},"properties":{"type":"hole","estimated_rsrp":-140,"marker-color":"#ff1744","marker-size":"small","description":"No coverage detected"}},{"type":"Feature","geometry":{"type":"Point","coordinates":[139.762,35.719]},"properties":{"type":"hole","estimated_rsrp":-140,"marker-color":"#ff1744","marker-size":"small","description":"No coverage detected"}},{"type":"Feature","geometry":{"type":"Point","coordinates":[139.782,35.719]},"properties":{"type":"hole","estimated_rsrp":-140,"marker-color":"#ff1744","marker-size":"small","description":"No coverage detected"}},{"type":"Feature","geometry":{"type":"Point","coordinates":[139.784,35.719]},"properties":{"type":"hole","estimated_rsrp":-140,"marker-color":"#ff1744","marker-size":"small","description":"No coverage detected"}},{"type":"Feature","geometry":{"type":"Point","coordinates":[139.786,35.719]},"properties":{"type":"hole","estimated_rsrp":-140,"marker-color":"#ff1744","marker-size":"small","description":"No coverage detected"}},{"type":"Feature","geometry":{"type":"Point","coordinates":[139.788,35.719]},"properties":{"type":"hole","estimated_rsrp":-140,"marker-color":"#ff1744","marker-size":"small","description":"No coverage detected"}},{"type":"Feature","geometry":{"type":"Point","coordinates":[139.79,35.719]},"properties":{"type":"hole","estimated_rsrp":-140,"marker-color":"#ff1744","marker-size":"small","description":"No coverage detected"}},{"type":"Feature","geometry":{"type":"Point","coordinates":[139.792,35.719]},"properties":{"type":"hole","estimated_rsrp":-140,"marker-color":"#ff1744","marker-size":"small","description":"No coverage detected"}},{"type":"Feature","geometry":{"type":"Point","coordinates":[139.794,35.719]},"properties":{"type":"hole","estimated_rsrp":-140,"marker-color":"#ff1744","marker-size":"small","description":"No coverage detected"}},{"type":"Feature","geometry":{"type":"Point","coordinates":[139.796,35.719]},"properties":{"type":"weak","estimated_rsrp":-125.5,"marker-color":"#ff9100","marker-size":"small","description":"Weak coverage: -125.5 dBm"}},{"type":"Feature","geometry":{"type":"Point","coordinates":[139.802,35.719]},"properties":{"type":"weak","estimated_rsrp":-127.7,"marker-color":"#ff9100","marker-size":"small","description":"Weak coverage: -127.7 dBm"}},{"type":"Feature","geometry":{"type":"Point","coordinates":[139.682,35.721]},"properties":{"type":"weak","estimated_rsrp":-127.9,"marker-color":"#ff9100","marker-size":"small","description":"Weak coverage: -127.9 dBm"}},{"type":"Feature","geometry":{"type":"Point","coordinates":[139.684,35.721]},"properties":{"type":"weak","estimated_rsrp":-128.8,"marker-color":"#ff9100","marker-size":"small","description":"Weak coverage: -128.8 dBm"}},{"type":"Feature","geometry":{"type":"Point","coordinates":[139.686,35.721]},"properties":{"type":"weak","estimated_rsrp":-129.5,"marker-color":"#ff9100","marker-size":"small","description":"Weak coverage: -129.5 dBm"}},{"type":"Feature","geometry":{"type":"Point","coordinates":[139.714,35.721]},"properties":{"type":"weak","estimated_rsrp":-120.7,"marker-color":"#ff9100","marker-size":"small","description":"Weak coverage: -120.7 dBm"}},{"type":"Feature","geometry":{"type":"Point","coordinates":[139.718,35.721]},"properties":{"type":"weak","estimated_rsrp":-121.4,"marker-color":"#ff9100","marker-size":"small","description":"Weak coverage: -121.4 dBm"}},{"type":"Feature","geometry":{"type":"Point","coordinates":[139.732,35.721]},"properties":{"type":"weak","estimated_rsrp":-120.6,"marker-color":"#ff9100","marker-size":"small","description":"Weak coverage: -120.6 dBm"}},{"type":"Feature","geometry":{"type":"Point","coordinates":[139.734,35.721]},"properties":{"type":"weak","estimated_rsrp":-122.4,"marker-color":"#ff9100","marker-size":"small","description":"Weak coverage: -122.4 dBm"}},{"type":"Feature","geometry":{"type":"Point","coordinates":[139.736,35.721]},"properties":{"type":"weak","estimated_rsrp":-122.4,"marker-color":"#ff9100","marker-size":"small","description":"Weak coverage: -122.4 dBm"}},{"type":"Feature","geometry":{"type":"Point","coordinates":[139.738,35.721]},"properties":{"type":"weak","estimated_rsrp":-123.3,"marker-color":"#ff9100","marker-size":"small","description":"Weak coverage: -123.3 dBm"}},{"type":"Feature","geometry":{"type":"Point","coordinates":[139.74,35.721]},"properties":{"type":"weak","estimated_rsrp":-124.4,"marker-color":"#ff9100","marker-size":"small","description":"Weak coverage: -124.4 dBm"}},{"type":"Feature","geometry":{"type":"Point","coordinates":[139.742,35.721]},"properties":{"type":"weak","estimated_rsrp":-125.2,"marker-color":"#ff9100","marker-size":"small","description":"Weak coverage: -125.2 dBm"}},{"type":"Feature","geometry":{"type":"Point","coordinates":[139.744,35.721]},"properties":{"type":"weak","estimated_rsrp":-126.0,"marker-color":"#ff9100","marker-size":"small","description":"Weak coverage: -126.0 dBm"}},{"type":"Feature","geometry":{"type":"Point","coordinates":[139.746,35.721]},"properties":{"type":"weak","estimated_rsrp":-127.0,"marker-color":"#ff9100","marker-size":"small","description":"Weak coverage: -127.0 dBm"}},{"type":"Feature","geometry":{"type":"Point","coordinates":[139.748,35.721]},"properties":{"type":"weak","estimated_rsrp":-127.7,"marker-color":"#ff9100","marker-size":"small","description":"Weak coverage: -127.7 dBm"}},{"type":"Feature","geometry":{"type":"Point","coordinates":[139.75,35.721]},"properties":{"type":"weak","estimated_rsrp":-128.4,"marker-color":"#ff9100","marker-size":"small","description":"Weak coverage: -128.4 dBm"}},{"type":"Feature","geometry":{"type":"Point","coordinates":[139.752,35.721]},"properties":{"type":"hole","estimated_rsrp":-140,"marker-color":"#ff1744","marker-size":"small","description":"No coverage detected"}},{"type":"Feature","geometry":{"type":"Point","coordinates":[139.754,35.721]},"properties":{"type":"hole","estimated_rsrp":-140,"marker-color":"#ff1744","marker-size":"small","description":"No coverage detected"}},{"type":"Feature","geometry":{"type":"Point","coordinates":[139.756,35.721]},"properties":{"type":"hole","estimated_rsrp":-140,"marker-color":"#ff1744","marker-size":"small","description":"No coverage detected"}},{"type":"Feature","geometry":{"type":"Point","coordinates":[139.758,35.721]},"properties":{"type":"hole","estimated_rsrp":-140,"marker-color":"#ff1744","marker-size":"small","description":"No coverage detected"}},{"type":"Feature","geometry":{"type":"Point","coordinates":[139.76,35.721]},"properties":{"type":"hole","estimated_rsrp":-140,"marker-color":"#ff1744","marker-size":"small","description":"No coverage detected"}},{"type":"Feature","geometry":{"type":"Point","coordinates":[139.782,35.721]},"properties":{"type":"hole","estimated_rsrp":-140,"marker-color":"#ff1744","marker-size":"small","description":"No coverage detected"}},{"type":"Feature","geometry":{"type":"Point","coordinates":[139.784,35.721]},"properties":{"type":"hole","estimated_rsrp":-140,"marker-color":"#ff1744","marker-size":"small","description":"No coverage detected"}},{"type":"Feature","geometry":{"type":"Point","coordinates":[139.786,35.721]},"properties":{"type":"hole","estimated_rsrp":-140,"marker-color":"#ff1744","marker-size":"small","description":"No coverage detected"}},{"type":"Feature","geometry":{"type":"Point","coordinates":[139.788,35.721]},"properties":{"type":"hole","estimated_rsrp":-140,"marker-color":"#ff1744","marker-size":"small","description":"No coverage detected"}},{"type":"Feature","geometry":{"type":"Point","coordinates":[139.79,35.721]},"properties":{"type":"hole","estimated_rsrp":-140,"marker-color":"#ff1744","marker-size":"small","description":"No coverage detected"}},{"type":"Feature","geometry":{"type":"Point","coordinates":[139.792,35.721]},"properties":{"type":"hole","estimated_rsrp":-140,"marker-color":"#ff1744","marker-size":"small","description":"No coverage detected"}},{"type":"Feature","geometry":{"type":"Point","coordinates":[139.794,35.721]},"properties":{"type":"hole","estimated_rsrp":-140,"marker-color":"#ff1744","marker-size":"small","description":"No coverage detected"}},{"type":"Feature","geometry":{"type":"Point","coordinates":[139.796,35.721]},"properties":{"type":"hole","estimated_rsrp":-140,"marker-color":"#ff1744","marker-size":"small","description":"No coverage detected"}},{"type":"Feature","geometry":{"type":"Point","coordinates":[139.798,35.721]},"properties":{"type":"weak","estimated_rsrp":-128.4,"marker-color":"#ff9100","marker-size":"small","description":"Weak coverage: -128.4 dBm"}},{"type":"Feature","geometry":{"type":"Point","coordinates":[139.8,35.721]},"properties":{"type":"weak","estimated_rsrp":-129.1,"marker-color":"#ff9100","marker-size":"small","description":"Weak coverage: -129.1 dBm"}},{"type":"Feature","geometry":{"type":"Point","coordinates":[139.814,35.721]},"properties":{"type":"weak","estimated_rsrp":-121.1,"marker-color":"#ff9100","marker-size":"small","description":"Weak coverage: -121.1 dBm"}},{"type":"Feature","geometry":{"type":"Point","coordinates":[139.682,35.723]},"properties":{"type":"weak","estimated_rsrp":-128.0,"marker-color":"#ff9100","marker-size":"small","description":"Weak coverage: -128.0 dBm"}},{"type":"Feature","geometry":{"type":"Point","coordinates":[139.684,35.723]},"properties":{"type":"weak","estimated_rsrp":-129.6,"marker-color":"#ff9100","marker-size":"small","description":"Weak coverage: -129.6 dBm"}},{"type":"Feature","geometry":{"type":"Point","coordinates":[139.686,35.723]},"properties":{"type":"weak","estimated_rsrp":-125.4,"marker-color":"#ff9100","marker-size":"small","description":"Weak coverage: -125.4 dBm"}},{"type":"Feature","geometry":{"type":"Point","coordinates":[139.688,35.723]},"properties":{"type":"weak","estimated_rsrp":-129.8,"marker-color":"#ff9100","marker-size":"small","description":"Weak coverage: -129.8 dBm"}},{"type":"Feature","geometry":{"type":"Point","coordinates":[139.69,35.723]},"properties":{"type":"weak","estimated_rsrp":-127.6,"marker-color":"#ff9100","marker-size":"small","description":"Weak coverage: -127.6 dBm"}},{"type":"Feature","geometry":{"type":"Point","coordinates":[139.692,35.723]},"properties":{"type":"weak","estimated_rsrp":-127.8,"marker-color":"#ff9100","marker-size":"small","description":"Weak coverage: -127.8 dBm"}},{"type":"Feature","geometry":{"type":"Point","coordinates":[139.698,35.723]},"properties":{"type":"weak","estimated_rsrp":-124.0,"marker-color":"#ff9100","marker-size":"small","description":"Weak coverage: -124.0 dBm"}},{"type":"Feature","geometry":{"type":"Point","coordinates":[139.702,35.723]},"properties":{"type":"weak","estimated_rsrp":-122.2,"marker-color":"#ff9100","marker-size":"small","description":"Weak coverage: -122.2 dBm"}},{"type":"Feature","geometry":{"type":"Point","coordinates":[139.734,35.723]},"properties":{"type":"weak","estimated_rsrp":-121.4,"marker-color":"#ff9100","marker-size":"small","description":"Weak coverage: -121.4 dBm"}},{"type":"Feature","geometry":{"type":"Point","coordinates":[139.736,35.723]},"properties":{"type":"weak","estimated_rsrp":-122.4,"marker-color":"#ff9100","marker-size":"small","description":"Weak coverage: -122.4 dBm"}},{"type":"Feature","geometry":{"type":"Point","coordinates":[139.738,35.723]},"properties":{"type":"weak","estimated_rsrp":-123.3,"marker-color":"#ff9100","marker-size":"small","description":"Weak coverage: -123.3 dBm"}},{"type":"Feature","geometry":{"type":"Point","coordinates":[139.74,35.723]},"properties":{"type":"weak","estimated_rsrp":-124.5,"marker-color":"#ff9100","marker-size":"small","description":"Weak coverage: -124.5 dBm"}},{"type":"Feature","geometry":{"type":"Point","coordinates":[139.742,35.723]},"properties":{"type":"weak","estimated_rsrp":-125.4,"marker-color":"#ff9100","marker-size":"small","description":"Weak coverage: -125.4 dBm"}},{"type":"Feature","geometry":{"type":"Point","coordinates":[139.744,35.723]},"properties":{"type":"weak","estimated_rsrp":-126.2,"marker-color":"#ff9100","marker-size":"small","description":"Weak coverage: -126.2 dBm"}},{"type":"Feature","geometry":{"type":"Point","coordinates":[139.746,35.723]},"properties":{"type":"weak","estimated_rsrp":-127.3,"marker-color":"#ff9100","marker-size":"small","description":"Weak coverage: -127.3 dBm"}},{"type":"Feature","geometry":{"type":"Point","coordinates":[139.748,35.723]},"properties":{"type":"weak","estimated_rsrp":-128.0,"marker-color":"#ff9100","marker-size":"small","description":"Weak coverage: -128.0 dBm"}},{"type":"Feature","geometry":{"type":"Point","coordinates":[139.75,35.723]},"properties":{"type":"weak","estimated_rsrp":-128.6,"marker-color":"#ff9100","marker-size":"small","description":"Weak coverage: -128.6 dBm"}},{"type":"Feature","geometry":{"type":"Point","coordinates":[139.752,35.723]},"properties":{"type":"hole","estimated_rsrp":-140,"marker-color":"#ff1744","marker-size":"small","description":"No coverage detected"}},{"type":"Feature","geometry":{"type":"Point","coordinates":[139.754,35.723]},"properties":{"type":"hole","estimated_rsrp":-140,"marker-color":"#ff1744","marker-size":"small","description":"No coverage detected"}},{"type":"Feature","geometry":{"type":"Point","coordinates":[139.756,35.723]},"properties":{"type":"hole","estimated_rsrp":-140,"marker-color":"#ff1744","marker-size":"small","description":"No coverage detected"}},{"type":"Feature","geometry":{"type":"Point","coordinates":[139.776,35.723]},"properties":{"type":"weak","estimated_rsrp":-121.6,"marker-color":"#ff9100","marker-size":"small","description":"Weak coverage: -121.6 dBm"}},{"type":"Feature","geometry":{"type":"Point","coordinates":[139.78,35.723]},"properties":{"type":"hole","estimated_rsrp":-140,"marker-color":"#ff1744","marker-size":"small","description":"No coverage detected"}},{"type":"Feature","geometry":{"type":"Point","coordinates":[139.782,35.723]},"properties":{"type":"hole","estimated_rsrp":-140,"marker-color":"#ff1744","marker-size":"small","description":"No coverage detected"}},{"type":"Feature","geometry":{"type":"Point","coordinates":[139.784,35.723]},"properties":{"type":"hole","estimated_rsrp":-140,"marker-color":"#ff1744","marker-size":"small","description":"No coverage detected"}},{"type":"Feature","geometry":{"type":"Point","coordinates":[139.786,35.723]},"properties":{"type":"hole","estimated_rsrp":-140,"marker-color":"#ff1744","marker-size":"small","description":"No coverage detected"}},{"type":"Feature","geometry":{"type":"Point","coordinates":[139.788,35.723]},"properties":{"type":"hole","estimated_rsrp":-140,"marker-color":"#ff1744","marker-size":"small","description":"No coverage detected"}},{"type":"Feature","geometry":{"type":"Point","coordinates":[139.79,35.723]},"properties":{"type":"hole","estimated_rsrp":-140,"marker-color":"#ff1744","marker-size":"small","description":"No coverage detected"}},{"type":"Feature","geometry":{"type":"Point","coordinates":[139.792,35.723]},"properties":{"type":"hole","estimated_rsrp":-140,"marker-color":"#ff1744","marker-size":"small","description":"No coverage detected"}},{"type":"Feature","geometry":{"type":"Point","coordinates":[139.794,35.723]},"properties":{"type":"hole","estimated_rsrp":-140,"marker-color":"#ff1744","marker-size":"small","description":"No coverage detected"}},{"type":"Feature","geometry":{"type":"Point","coordinates":[139.796,35.723]},"properties":{"type":"hole","estimated_rsrp":-140,"marker-color":"#ff1744","marker-size":"small","description":"No coverage detected"}},{"type":"Feature","geometry":{"type":"Point","coordinates":[139.798,35.723]},"properties":{"type":"hole","estimated_rsrp":-140,"marker-color":"#ff1744","marker-size":"small","description":"No coverage detected"}},{"type":"Feature","geometry":{"type":"Point","coordinates":[139.81,35.723]},"properties":{"type":"weak","estimated_rsrp":-125.5,"marker-color":"#ff9100","marker-size":"small","description":"Weak coverage: -125.5 dBm"}},{"type":"Feature","geometry":{"type":"Point","coordinates":[139.812,35.723]},"properties":{"type":"weak","estimated_rsrp":-125.6,"marker-color":"#ff9100","marker-size":"small","description":"Weak coverage: -125.6 dBm"}},{"type":"Feature","geometry":{"type":"Point","coordinates":[139.682,35.725]},"properties":{"type":"weak","estimated_rsrp":-128.1,"marker-color":"#ff9100","marker-size":"small","description":"Weak coverage: -128.1 dBm"}},{"type":"Feature","geometry":{"type":"Point","coordinates":[139.684,35.725]},"properties":{"type":"weak","estimated_rsrp":-128.3,"marker-color":"#ff9100","marker-size":"small","description":"Weak coverage: -128.3 dBm"}},{"type":"Feature","geometry":{"type":"Point","coordinates":[139.686,35.725]},"properties":{"type":"weak","estimated_rsrp":-128.4,"marker-color":"#ff9100","marker-size":"small","description":"Weak coverage: -128.4 dBm"}},{"type":"Feature","geometry":{"type":"Point","coordinates":[139.688,35.725]},"properties":{"type":"weak","estimated_rsrp":-123.6,"marker-color":"#ff9100","marker-size":"small","description":"Weak coverage: -123.6 dBm"}},{"type":"Feature","geometry":{"type":"Point","coordinates":[139.69,35.725]},"properties":{"type":"weak","estimated_rsrp":-128.9,"marker-color":"#ff9100","marker-size":"small","description":"Weak coverage: -128.9 dBm"}},{"type":"Feature","geometry":{"type":"Point","coordinates":[139.692,35.725]},"properties":{"type":"weak","estimated_rsrp":-127.6,"marker-color":"#ff9100","marker-size":"small","description":"Weak coverage: -127.6 dBm"}},{"type":"Feature","geometry":{"type":"Point","coordinates":[139.694,35.725]},"properties":{"type":"weak","estimated_rsrp":-126.6,"marker-color":"#ff9100","marker-size":"small","description":"Weak coverage: -126.6 dBm"}},{"type":"Feature","geometry":{"type":"Point","coordinates":[139.734,35.725]},"properties":{"type":"weak","estimated_rsrp":-121.6,"marker-color":"#ff9100","marker-size":"small","description":"Weak coverage: -121.6 dBm"}},{"type":"Feature","geometry":{"type":"Point","coordinates":[139.736,35.725]},"properties":{"type":"weak","estimated_rsrp":-122.6,"marker-color":"#ff9100","marker-size":"small","description":"Weak coverage: -122.6 dBm"}},{"type":"Feature","geometry":{"type":"Point","coordinates":[139.738,35.725]},"properties":{"type":"weak","estimated_rsrp":-123.7,"marker-color":"#ff9100","marker-size":"small","description":"Weak coverage: -123.7 dBm"}},{"type":"Feature","geometry":{"type":"Point","coordinates":[139.74,35.725]},"properties":{"type":"weak","estimated_rsrp":-124.9,"marker-color":"#ff9100","marker-size":"small","description":"Weak coverage: -124.9 dBm"}},{"type":"Feature","geometry":{"type":"Point","coordinates":[139.742,35.725]},"properties":{"type":"weak","estimated_rsrp":-125.8,"marker-color":"#ff9100","marker-size":"small","description":"Weak coverage: -125.8 dBm"}},{"type":"Feature","geometry":{"type":"Point","coordinates":[139.744,35.725]},"properties":{"type":"weak","estimated_rsrp":-126.6,"marker-color":"#ff9100","marker-size":"small","description":"Weak coverage: -126.6 dBm"}},{"type":"Feature","geometry":{"type":"Point","coordinates":[139.746,35.725]},"properties":{"type":"weak","estimated_rsrp":-127.7,"marker-color":"#ff9100","marker-size":"small","description":"Weak coverage: -127.7 dBm"}},{"type":"Feature","geometry":{"type":"Point","coordinates":[139.748,35.725]},"properties":{"type":"weak","estimated_rsrp":-128.5,"marker-color":"#ff9100","marker-size":"small","description":"Weak coverage: -128.5 dBm"}},{"type":"Feature","geometry":{"type":"Point","coordinates":[139.75,35.725]},"properties":{"type":"weak","estimated_rsrp":-129.2,"marker-color":"#ff9100","marker-size":"small","description":"Weak coverage: -129.2 dBm"}},{"type":"Feature","geometry":{"type":"Point","coordinates":[139.752,35.725]},"properties":{"type":"weak","estimated_rsrp":-125.4,"marker-color":"#ff9100","marker-size":"small","description":"Weak coverage: -125.4 dBm"}},{"type":"Feature","geometry":{"type":"Point","coordinates":[139.754,35.725]},"properties":{"type":"hole","estimated_rsrp":-140,"marker-color":"#ff1744","marker-size":"small","description":"No coverage detected"}},{"type":"Feature","geometry":{"type":"Point","coordinates":[139.774,35.725]},"properties":{"type":"weak","estimated_rsrp":-120.5,"marker-color":"#ff9100","marker-size":"small","description":"Weak coverage: -120.5 dBm"}},{"type":"Feature","geometry":{"type":"Point","coordinates":[139.776,35.725]},"properties":{"type":"hole","estimated_rsrp":-140,"marker-color":"#ff1744","marker-size":"small","description":"No coverage detected"}},{"type":"Feature","geometry":{"type":"Point","coordinates":[139.778,35.725]},"properties":{"type":"hole","estimated_rsrp":-140,"marker-color":"#ff1744","marker-size":"small","description":"No coverage detected"}},{"type":"Feature","geometry":{"type":"Point","coordinates":[139.78,35.725]},"properties":{"type":"hole","estimated_rsrp":-140,"marker-color":"#ff1744","marker-size":"small","description":"No coverage detected"}},{"type":"Feature","geometry":{"type":"Point","coordinates":[139.782,35.725]},"properties":{"type":"hole","estimated_rsrp":-140,"marker-color":"#ff1744","marker-size":"small","description":"No coverage detected"}},{"type":"Feature","geometry":{"type":"Point","coordinates":[139.784,35.725]},"properties":{"type":"hole","estimated_rsrp":-140,"marker-color":"#ff1744","marker-size":"small","description":"No coverage detected"}},{"type":"Feature","geometry":{"type":"Point","coordinates":[139.786,35.725]},"properties":{"type":"hole","estimated_rsrp":-140,"marker-color":"#ff1744","marker-size":"small","description":"No coverage detected"}},{"type":"Feature","geometry":{"type":"Point","coordinates":[139.788,35.725]},"properties":{"type":"hole","estimated_rsrp":-140,"marker-color":"#ff1744","marker-size":"small","description":"No coverage detected"}},{"type":"Feature","geometry":{"type":"Point","coordinates":[139.79,35.725]},"properties":{"type":"hole","estimated_rsrp":-140,"marker-color":"#ff1744","marker-size":"small","description":"No coverage detected"}},{"type":"Feature","geometry":{"type":"Point","coordinates":[139.792,35.725]},"properties":{"type":"hole","estimated_rsrp":-140,"marker-color":"#ff1744","marker-size":"small","description":"No coverage detected"}},{"type":"Feature","geometry":{"type":"Point","coordinates":[139.794,35.725]},"properties":{"type":"hole","estimated_rsrp":-140,"marker-color":"#ff1744","marker-size":"small","description":"No coverage detected"}},{"type":"Feature","geometry":{"type":"Point","coordinates":[139.796,35.725]},"properties":{"type":"hole","estimated_rsrp":-140,"marker-color":"#ff1744","marker-size":"small","description":"No coverage detected"}},{"type":"Feature","geometry":{"type":"Point","coordinates":[139.798,35.725]},"properties":{"type":"weak","estimated_rsrp":-125.3,"marker-color":"#ff9100","marker-size":"small","description":"Weak coverage: -125.3 dBm"}},{"type":"Feature","geometry":{"type":"Point","coordinates":[139.8,35.725]},"properties":{"type":"weak","estimated_rsrp":-126.8,"marker-color":"#ff9100","marker-size":"small","description":"Weak coverage: -126.8 dBm"}},{"type":"Feature","geometry":{"type":"Point","coordinates":[139.81,35.725]},"properties":{"type":"weak","estimated_rsrp":-127.5,"marker-color":"#ff9100","marker-size":"small","description":"Weak coverage: -127.5 dBm"}},{"type":"Feature","geometry":{"type":"Point","coordinates":[139.812,35.725]},"properties":{"type":"weak","estimated_rsrp":-127.5,"marker-color":"#ff9100","marker-size":"small","description":"Weak coverage: -127.5 dBm"}},{"type":"Feature","geometry":{"type":"Point","coordinates":[139.682,35.727]},"properties":{"type":"weak","estimated_rsrp":-127.6,"marker-color":"#ff9100","marker-size":"small","description":"Weak coverage: -127.6 dBm"}},{"type":"Feature","geometry":{"type":"Point","coordinates":[139.684,35.727]},"properties":{"type":"weak","estimated_rsrp":-127.8,"marker-color":"#ff9100","marker-size":"small","description":"Weak coverage: -127.8 dBm"}},{"type":"Feature","geometry":{"type":"Point","coordinates":[139.686,35.727]},"properties":{"type":"weak","estimated_rsrp":-122.7,"marker-color":"#ff9100","marker-size":"small","description":"Weak coverage: -122.7 dBm"}},{"type":"Feature","geometry":{"type":"Point","coordinates":[139.69,35.727]},"properties":{"type":"weak","estimated_rsrp":-122.9,"marker-color":"#ff9100","marker-size":"small","description":"Weak coverage: -122.9 dBm"}},{"type":"Feature","geometry":{"type":"Point","coordinates":[139.692,35.727]},"properties":{"type":"weak","estimated_rsrp":-123.9,"marker-color":"#ff9100","marker-size":"small","description":"Weak coverage: -123.9 dBm"}},{"type":"Feature","geometry":{"type":"Point","coordinates":[139.694,35.727]},"properties":{"type":"weak","estimated_rsrp":-126.7,"marker-color":"#ff9100","marker-size":"small","description":"Weak coverage: -126.7 dBm"}},{"type":"Feature","geometry":{"type":"Point","coordinates":[139.696,35.727]},"properties":{"type":"weak","estimated_rsrp":-121.3,"marker-color":"#ff9100","marker-size":"small","description":"Weak coverage: -121.3 dBm"}},{"type":"Feature","geometry":{"type":"Point","coordinates":[139.734,35.727]},"properties":{"type":"weak","estimated_rsrp":-122.4,"marker-color":"#ff9100","marker-size":"small","description":"Weak coverage: -122.4 dBm"}},{"type":"Feature","geometry":{"type":"Point","coordinates":[139.736,35.727]},"properties":{"type":"weak","estimated_rsrp":-123.6,"marker-color":"#ff9100","marker-size":"small","description":"Weak coverage: -123.6 dBm"}},{"type":"Feature","geometry":{"type":"Point","coordinates":[139.738,35.727]},"properties":{"type":"weak","estimated_rsrp":-122.7,"marker-color":"#ff9100","marker-size":"small","description":"Weak coverage: -122.7 dBm"}},{"type":"Feature","geometry":{"type":"Point","coordinates":[139.74,35.727]},"properties":{"type":"weak","estimated_rsrp":-123.4,"marker-color":"#ff9100","marker-size":"small","description":"Weak coverage: -123.4 dBm"}},{"type":"Feature","geometry":{"type":"Point","coordinates":[139.742,35.727]},"properties":{"type":"weak","estimated_rsrp":-123.8,"marker-color":"#ff9100","marker-size":"small","description":"Weak coverage: -123.8 dBm"}},{"type":"Feature","geometry":{"type":"Point","coordinates":[139.744,35.727]},"properties":{"type":"weak","estimated_rsrp":-124.2,"marker-color":"#ff9100","marker-size":"small","description":"Weak coverage: -124.2 dBm"}},{"type":"Feature","geometry":{"type":"Point","coordinates":[139.746,35.727]},"properties":{"type":"weak","estimated_rsrp":-124.8,"marker-color":"#ff9100","marker-size":"small","description":"Weak coverage: -124.8 dBm"}},{"type":"Feature","geometry":{"type":"Point","coordinates":[139.748,35.727]},"properties":{"type":"weak","estimated_rsrp":-126.5,"marker-color":"#ff9100","marker-size":"small","description":"Weak coverage: -126.5 dBm"}},{"type":"Feature","geometry":{"type":"Point","coordinates":[139.75,35.727]},"properties":{"type":"weak","estimated_rsrp":-125.5,"marker-color":"#ff9100","marker-size":"small","description":"Weak coverage: -125.5 dBm"}},{"type":"Feature","geometry":{"type":"Point","coordinates":[139.752,35.727]},"properties":{"type":"weak","estimated_rsrp":-125.8,"marker-color":"#ff9100","marker-size":"small","description":"Weak coverage: -125.8 dBm"}},{"type":"Feature","geometry":{"type":"Point","coordinates":[139.76,35.727]},"properties":{"type":"hole","estimated_rsrp":-140,"marker-color":"#ff1744","marker-size":"small","description":"No coverage detected"}},{"type":"Feature","geometry":{"type":"Point","coordinates":[139.77,35.727]},"properties":{"type":"weak","estimated_rsrp":-120.6,"marker-color":"#ff9100","marker-size":"small","description":"Weak coverage: -120.6 dBm"}},{"type":"Feature","geometry":{"type":"Point","coordinates":[139.772,35.727]},"properties":{"type":"weak","estimated_rsrp":-122.3,"marker-color":"#ff9100","marker-size":"small","description":"Weak coverage: -122.3 dBm"}},{"type":"Feature","geometry":{"type":"Point","coordinates":[139.774,35.727]},"properties":{"type":"weak","estimated_rsrp":-124.4,"marker-color":"#ff9100","marker-size":"small","description":"Weak coverage: -124.4 dBm"}},{"type":"Feature","geometry":{"type":"Point","coordinates":[139.776,35.727]},"properties":{"type":"hole","estimated_rsrp":-140,"marker-color":"#ff1744","marker-size":"small","description":"No coverage detected"}},{"type":"Feature","geometry":{"type":"Point","coordinates":[139.778,35.727]},"properties":{"type":"hole","estimated_rsrp":-140,"marker-color":"#ff1744","marker-size":"small","description":"No coverage detected"}},{"type":"Feature","geometry":{"type":"Point","coordinates":[139.78,35.727]},"properties":{"type":"hole","estimated_rsrp":-140,"marker-color":"#ff1744","marker-size":"small","description":"No coverage detected"}},{"type":"Feature","geometry":{"type":"Point","coordinates":[139.782,35.727]},"properties":{"type":"hole","estimated_rsrp":-140,"marker-color":"#ff1744","marker-size":"small","description":"No coverage detected"}},{"type":"Feature","geometry":{"type":"Point","coordinates":[139.784,35.727]},"properties":{"type":"hole","estimated_rsrp":-140,"marker-color":"#ff1744","marker-size":"small","description":"No coverage detected"}},{"type":"Feature","geometry":{"type":"Point","coordinates":[139.786,35.727]},"properties":{"type":"hole","estimated_rsrp":-140,"marker-color":"#ff1744","marker-size":"small","description":"No coverage detected"}},{"type":"Feature","geometry":{"type":"Point","coordinates":[139.788,35.727]},"properties":{"type":"hole","estimated_rsrp":-140,"marker-color":"#ff1744","marker-size":"small","description":"No coverage detected"}},{"type":"Feature","geometry":{"type":"Point","coordinates":[139.79,35.727]},"properties":{"type":"weak","estimated_rsrp":-127.9,"marker-color":"#ff9100","marker-size":"small","description":"Weak coverage: -127.9 dBm"}},{"type":"Feature","geometry":{"type":"Point","coordinates":[139.792,35.727]},"properties":{"type":"weak","estimated_rsrp":-128.6,"marker-color":"#ff9100","marker-size":"small","description":"Weak coverage: -128.6 dBm"}},{"type":"Feature","geometry":{"type":"Point","coordinates":[139.794,35.727]},"properties":{"type":"hole","estimated_rsrp":-140,"marker-color":"#ff1744","marker-size":"small","description":"No coverage detected"}},{"type":"Feature","geometry":{"type":"Point","coordinates":[139.796,35.727]},"properties":{"type":"hole","estimated_rsrp":-140,"marker-color":"#ff1744","marker-size":"small","description":"No coverage detected"}},{"type":"Feature","geometry":{"type":"Point","coordinates":[139.798,35.727]},"properties":{"type":"weak","estimated_rsrp":-123.1,"marker-color":"#ff9100","marker-size":"small","description":"Weak coverage: -123.1 dBm"}},{"type":"Feature","geometry":{"type":"Point","coordinates":[139.808,35.727]},"properties":{"type":"weak","estimated_rsrp":-129.9,"marker-color":"#ff9100","marker-size":"small","description":"Weak coverage: -129.9 dBm"}},{"type":"Feature","geometry":{"type":"Point","coordinates":[139.81,35.727]},"properties":{"type":"weak","estimated_rsrp":-127.6,"marker-color":"#ff9100","marker-size":"small","description":"Weak coverage: -127.6 dBm"}},{"type":"Feature","geometry":{"type":"Point","coordinates":[139.812,35.727]},"properties":{"type":"weak","estimated_rsrp":-128.0,"marker-color":"#ff9100","marker-size":"small","description":"Weak coverage: -128.0 dBm"}},{"type":"Feature","geometry":{"type":"Point","coordinates":[139.684,35.729]},"properties":{"type":"weak","estimated_rsrp":-120.1,"marker-color":"#ff9100","marker-size":"small","description":"Weak coverage: -120.1 dBm"}},{"type":"Feature","geometry":{"type":"Point","coordinates":[139.688,35.729]},"properties":{"type":"weak","estimated_rsrp":-122.4,"marker-color":"#ff9100","marker-size":"small","description":"Weak coverage: -122.4 dBm"}},{"type":"Feature","geometry":{"type":"Point","coordinates":[139.694,35.729]},"properties":{"type":"weak","estimated_rsrp":-124.5,"marker-color":"#ff9100","marker-size":"small","description":"Weak coverage: -124.5 dBm"}},{"type":"Feature","geometry":{"type":"Point","coordinates":[139.748,35.729]},"properties":{"type":"hole","estimated_rsrp":-140,"marker-color":"#ff1744","marker-size":"small","description":"No coverage detected"}},{"type":"Feature","geometry":{"type":"Point","coordinates":[139.75,35.729]},"properties":{"type":"hole","estimated_rsrp":-140,"marker-color":"#ff1744","marker-size":"small","description":"No coverage detected"}},{"type":"Feature","geometry":{"type":"Point","coordinates":[139.752,35.729]},"properties":{"type":"weak","estimated_rsrp":-120.4,"marker-color":"#ff9100","marker-size":"small","description":"Weak coverage: -120.4 dBm"}},{"type":"Feature","geometry":{"type":"Point","coordinates":[139.766,35.729]},"properties":{"type":"weak","estimated_rsrp":-129.1,"marker-color":"#ff9100","marker-size":"small","description":"Weak coverage: -129.1 dBm"}},{"type":"Feature","geometry":{"type":"Point","coordinates":[139.768,35.729]},"properties":{"type":"weak","estimated_rsrp":-121.6,"marker-color":"#ff9100","marker-size":"small","description":"Weak coverage: -121.6 dBm"}},{"type":"Feature","geometry":{"type":"Point","coordinates":[139.77,35.729]},"properties":{"type":"weak","estimated_rsrp":-123.2,"marker-color":"#ff9100","marker-size":"small","description":"Weak coverage: -123.2 dBm"}},{"type":"Feature","geometry":{"type":"Point","coordinates":[139.772,35.729]},"properties":{"type":"weak","estimated_rsrp":-125.4,"marker-color":"#ff9100","marker-size":"small","description":"Weak coverage: -125.4 dBm"}},{"type":"Feature","geometry":{"type":"Point","coordinates":[139.774,35.729]},"properties":{"type":"weak","estimated_rsrp":-126.1,"marker-color":"#ff9100","marker-size":"small","description":"Weak coverage: -126.1 dBm"}},{"type":"Feature","geometry":{"type":"Point","coordinates":[139.776,35.729]},"properties":{"type":"hole","estimated_rsrp":-140,"marker-color":"#ff1744","marker-size":"small","description":"No coverage detected"}},{"type":"Feature","geometry":{"type":"Point","coordinates":[139.778,35.729]},"properties":{"type":"hole","estimated_rsrp":-140,"marker-color":"#ff1744","marker-size":"small","description":"No coverage detected"}},{"type":"Feature","geometry":{"type":"Point","coordinates":[139.78,35.729]},"properties":{"type":"hole","estimated_rsrp":-140,"marker-color":"#ff1744","marker-size":"small","description":"No coverage detected"}},{"type":"Feature","geometry":{"type":"Point","coordinates":[139.782,35.729]},"properties":{"type":"hole","estimated_rsrp":-140,"marker-color":"#ff1744","marker-size":"small","description":"No coverage detected"}},{"type":"Feature","geometry":{"type":"Point","coordinates":[139.784,35.729]},"properties":{"type":"hole","estimated_rsrp":-140,"marker-color":"#ff1744","marker-size":"small","description":"No coverage detected"}},{"type":"Feature","geometry":{"type":"Point","coordinates":[139.786,35.729]},"properties":{"type":"hole","estimated_rsrp":-140,"marker-color":"#ff1744","marker-size":"small","description":"No coverage detected"}},{"type":"Feature","geometry":{"type":"Point","coordinates":[139.788,35.729]},"properties":{"type":"weak","estimated_rsrp":-126.8,"marker-color":"#ff9100","marker-size":"small","description":"Weak coverage: -126.8 dBm"}},{"type":"Feature","geometry":{"type":"Point","coordinates":[139.79,35.729]},"properties":{"type":"hole","estimated_rsrp":-140,"marker-color":"#ff1744","marker-size":"small","description":"No coverage detected"}},{"type":"Feature","geometry":{"type":"Point","coordinates":[139.792,35.729]},"properties":{"type":"hole","estimated_rsrp":-140,"marker-color":"#ff1744","marker-size":"small","description":"No coverage detected"}},{"type":"Feature","geometry":{"type":"Point","coordinates":[139.794,35.729]},"properties":{"type":"hole","estimated_rsrp":-140,"marker-color":"#ff1744","marker-size":"small","description":"No coverage detected"}},{"type":"Feature","geometry":{"type":"Point","coordinates":[139.796,35.729]},"properties":{"type":"hole","estimated_rsrp":-140,"marker-color":"#ff1744","marker-size":"small","description":"No coverage detected"}},{"type":"Feature","geometry":{"type":"Point","coordinates":[139.798,35.729]},"properties":{"type":"hole","estimated_rsrp":-140,"marker-color":"#ff1744","marker-size":"small","description":"No coverage detected"}},{"type":"Feature","geometry":{"type":"Point","coordinates":[139.81,35.729]},"properties":{"type":"weak","estimated_rsrp":-127.2,"marker-color":"#ff9100","marker-size":"small","description":"Weak coverage: -127.2 dBm"}},{"type":"Feature","geometry":{"type":"Point","coordinates":[139.812,35.729]},"properties":{"type":"weak","estimated_rsrp":-123.9,"marker-color":"#ff9100","marker-size":"small","description":"Weak coverage: -123.9 dBm"}},{"type":"Feature","geometry":{"type":"Point","coordinates":[139.814,35.729]},"properties":{"type":"hole","estimated_rsrp":-140,"marker-color":"#ff1744","marker-size":"small","description":"No coverage detected"}},{"type":"Feature","geometry":{"type":"Point","coordinates":[139.688,35.731]},"properties":{"type":"weak","estimated_rsrp":-125.1,"marker-color":"#ff9100","marker-size":"small","description":"Weak coverage: -125.1 dBm"}},{"type":"Feature","geometry":{"type":"Point","coordinates":[139.694,35.731]},"properties":{"type":"weak","estimated_rsrp":-126.3,"marker-color":"#ff9100","marker-size":"small","description":"Weak coverage: -126.3 dBm"}},{"type":"Feature","geometry":{"type":"Point","coordinates":[139.698,35.731]},"properties":{"type":"weak","estimated_rsrp":-125.1,"marker-color":"#ff9100","marker-size":"small","description":"Weak coverage: -125.1 dBm"}},{"type":"Feature","geometry":{"type":"Point","coordinates":[139.73,35.731]},"properties":{"type":"weak","estimated_rsrp":-121.8,"marker-color":"#ff9100","marker-size":"small","description":"Weak coverage: -121.8 dBm"}},{"type":"Feature","geometry":{"type":"Point","coordinates":[139.732,35.731]},"properties":{"type":"weak","estimated_rsrp":-123.6,"marker-color":"#ff9100","marker-size":"small","description":"Weak coverage: -123.6 dBm"}},{"type":"Feature","geometry":{"type":"Point","coordinates":[139.734,35.731]},"properties":{"type":"weak","estimated_rsrp":-124.0,"marker-color":"#ff9100","marker-size":"small","description":"Weak coverage: -124.0 dBm"}},{"type":"Feature","geometry":{"type":"Point","coordinates":[139.736,35.731]},"properties":{"type":"weak","estimated_rsrp":-121.9,"marker-color":"#ff9100","marker-size":"small","description":"Weak coverage: -121.9 dBm"}},{"type":"Feature","geometry":{"type":"Point","coordinates":[139.75,35.731]},"properties":{"type":"weak","estimated_rsrp":-129.4,"marker-color":"#ff9100","marker-size":"small","description":"Weak coverage: -129.4 dBm"}},{"type":"Feature","geometry":{"type":"Point","coordinates":[139.752,35.731]},"properties":{"type":"weak","estimated_rsrp":-121.3,"marker-color":"#ff9100","marker-size":"small","description":"Weak coverage: -121.3 dBm"}},{"type":"Feature","geometry":{"type":"Point","coordinates":[139.754,35.731]},"properties":{"type":"weak","estimated_rsrp":-126.4,"marker-color":"#ff9100","marker-size":"small","description":"Weak coverage: -126.4 dBm"}},{"type":"Feature","geometry":{"type":"Point","coordinates":[139.756,35.731]},"properties":{"type":"weak","estimated_rsrp":-121.6,"marker-color":"#ff9100","marker-size":"small","description":"Weak coverage: -121.6 dBm"}},{"type":"Feature","geometry":{"type":"Point","coordinates":[139.758,35.731]},"properties":{"type":"weak","estimated_rsrp":-121.1,"marker-color":"#ff9100","marker-size":"small","description":"Weak coverage: -121.1 dBm"}},{"type":"Feature","geometry":{"type":"Point","coordinates":[139.76,35.731]},"properties":{"type":"weak","estimated_rsrp":-121.3,"marker-color":"#ff9100","marker-size":"small","description":"Weak coverage: -121.3 dBm"}},{"type":"Feature","geometry":{"type":"Point","coordinates":[139.762,35.731]},"properties":{"type":"hole","estimated_rsrp":-140,"marker-color":"#ff1744","marker-size":"small","description":"No coverage detected"}},{"type":"Feature","geometry":{"type":"Point","coordinates":[139.764,35.731]},"properties":{"type":"weak","estimated_rsrp":-121.5,"marker-color":"#ff9100","marker-size":"small","description":"Weak coverage: -121.5 dBm"}},{"type":"Feature","geometry":{"type":"Point","coordinates":[139.766,35.731]},"properties":{"type":"weak","estimated_rsrp":-122.9,"marker-color":"#ff9100","marker-size":"small","description":"Weak coverage: -122.9 dBm"}},{"type":"Feature","geometry":{"type":"Point","coordinates":[139.768,35.731]},"properties":{"type":"weak","estimated_rsrp":-123.9,"marker-color":"#ff9100","marker-size":"small","description":"Weak coverage: -123.9 dBm"}},{"type":"Feature","geometry":{"type":"Point","coordinates":[139.77,35.731]},"properties":{"type":"weak","estimated_rsrp":-126.0,"marker-color":"#ff9100","marker-size":"small","description":"Weak coverage: -126.0 dBm"}},{"type":"Feature","geometry":{"type":"Point","coordinates":[139.772,35.731]},"properties":{"type":"weak","estimated_rsrp":-128.4,"marker-color":"#ff9100","marker-size":"small","description":"Weak coverage: -128.4 dBm"}},{"type":"Feature","geometry":{"type":"Point","coordinates":[139.774,35.731]},"properties":{"type":"hole","estimated_rsrp":-140,"marker-color":"#ff1744","marker-size":"small","description":"No coverage detected"}},{"type":"Feature","geometry":{"type":"Point","coordinates":[139.776,35.731]},"properties":{"type":"hole","estimated_rsrp":-140,"marker-color":"#ff1744","marker-size":"small","description":"No coverage detected"}},{"type":"Feature","geometry":{"type":"Point","coordinates":[139.778,35.731]},"properties":{"type":"hole","estimated_rsrp":-140,"marker-color":"#ff1744","marker-size":"small","description":"No coverage detected"}},{"type":"Feature","geometry":{"type":"Point","coordinates":[139.78,35.731]},"properties":{"type":"hole","estimated_rsrp":-140,"marker-color":"#ff1744","marker-size":"small","description":"No coverage detected"}},{"type":"Feature","geometry":{"type":"Point","coordinates":[139.782,35.731]},"properties":{"type":"hole","estimated_rsrp":-140,"marker-color":"#ff1744","marker-size":"small","description":"No coverage detected"}},{"type":"Feature","geometry":{"type":"Point","coordinates":[139.784,35.731]},"properties":{"type":"hole","estimated_rsrp":-140,"marker-color":"#ff1744","marker-size":"small","description":"No coverage detected"}},{"type":"Feature","geometry":{"type":"Point","coordinates":[139.786,35.731]},"properties":{"type":"hole","estimated_rsrp":-140,"marker-color":"#ff1744","marker-size":"small","description":"No coverage detected"}},{"type":"Feature","geometry":{"type":"Point","coordinates":[139.788,35.731]},"properties":{"type":"hole","estimated_rsrp":-140,"marker-color":"#ff1744","marker-size":"small","description":"No coverage detected"}},{"type":"Feature","geometry":{"type":"Point","coordinates":[139.79,35.731]},"properties":{"type":"hole","estimated_rsrp":-140,"marker-color":"#ff1744","marker-size":"small","description":"No coverage detected"}},{"type":"Feature","geometry":{"type":"Point","coordinates":[139.792,35.731]},"properties":{"type":"hole","estimated_rsrp":-140,"marker-color":"#ff1744","marker-size":"small","description":"No coverage detected"}},{"type":"Feature","geometry":{"type":"Point","coordinates":[139.794,35.731]},"properties":{"type":"hole","estimated_rsrp":-140,"marker-color":"#ff1744","marker-size":"small","description":"No coverage detected"}},{"type":"Feature","geometry":{"type":"Point","coordinates":[139.796,35.731]},"properties":{"type":"hole","estimated_rsrp":-140,"marker-color":"#ff1744","marker-size":"small","description":"No coverage detected"}},{"type":"Feature","geometry":{"type":"Point","coordinates":[139.798,35.731]},"properties":{"type":"weak","estimated_rsrp":-129.2,"marker-color":"#ff9100","marker-size":"small","description":"Weak coverage: -129.2 dBm"}},{"type":"Feature","geometry":{"type":"Point","coordinates":[139.8,35.731]},"properties":{"type":"hole","estimated_rsrp":-140,"marker-color":"#ff1744","marker-size":"small","description":"No coverage detected"}},{"type":"Feature","geometry":{"type":"Point","coordinates":[139.802,35.731]},"properties":{"type":"hole","estimated_rsrp":-140,"marker-color":"#ff1744","marker-size":"small","description":"No coverage detected"}},{"type":"Feature","geometry":{"type":"Point","coordinates":[139.81,35.731]},"properties":{"type":"weak","estimated_rsrp":-127.0,"marker-color":"#ff9100","marker-size":"small","description":"Weak coverage: -127.0 dBm"}},{"type":"Feature","geometry":{"type":"Point","coordinates":[139.812,35.731]},"properties":{"type":"weak","estimated_rsrp":-122.5,"marker-color":"#ff9100","marker-size":"small","description":"Weak coverage: -122.5 dBm"}},{"type":"Feature","geometry":{"type":"Point","coordinates":[139.814,35.731]},"properties":{"type":"weak","estimated_rsrp":-127.0,"marker-color":"#ff9100","marker-size":"small","description":"Weak coverage: -127.0 dBm"}},{"type":"Feature","geometry":{"type":"Point","coordinates":[139.682,35.733]},"properties":{"type":"weak","estimated_rsrp":-126.6,"marker-color":"#ff9100","marker-size":"small","description":"Weak coverage: -126.6 dBm"}},{"type":"Feature","geometry":{"type":"Point","coordinates":[139.684,35.733]},"properties":{"type":"weak","estimated_rsrp":-126.8,"marker-color":"#ff9100","marker-size":"small","description":"Weak coverage: -126.8 dBm"}},{"type":"Feature","geometry":{"type":"Point","coordinates":[139.696,35.733]},"properties":{"type":"weak","estimated_rsrp":-123.5,"marker-color":"#ff9100","marker-size":"small","description":"Weak coverage: -123.5 dBm"}},{"type":"Feature","geometry":{"type":"Point","coordinates":[139.698,35.733]},"properties":{"type":"weak","estimated_rsrp":-126.8,"marker-color":"#ff9100","marker-size":"small","description":"Weak coverage: -126.8 dBm"}},{"type":"Feature","geometry":{"type":"Point","coordinates":[139.7,35.733]},"properties":{"type":"weak","estimated_rsrp":-125.7,"marker-color":"#ff9100","marker-size":"small","description":"Weak coverage: -125.7 dBm"}},{"type":"Feature","geometry":{"type":"Point","coordinates":[139.702,35.733]},"properties":{"type":"weak","estimated_rsrp":-124.6,"marker-color":"#ff9100","marker-size":"small","description":"Weak coverage: -124.6 dBm"}},{"type":"Feature","geometry":{"type":"Point","coordinates":[139.704,35.733]},"properties":{"type":"weak","estimated_rsrp":-123.1,"marker-color":"#ff9100","marker-size":"small","description":"Weak coverage: -123.1 dBm"}},{"type":"Feature","geometry":{"type":"Point","coordinates":[139.706,35.733]},"properties":{"type":"weak","estimated_rsrp":-121.4,"marker-color":"#ff9100","marker-size":"small","description":"Weak coverage: -121.4 dBm"}},{"type":"Feature","geometry":{"type":"Point","coordinates":[139.73,35.733]},"properties":{"type":"weak","estimated_rsrp":-125.9,"marker-color":"#ff9100","marker-size":"small","description":"Weak coverage: -125.9 dBm"}},{"type":"Feature","geometry":{"type":"Point","coordinates":[139.732,35.733]},"properties":{"type":"weak","estimated_rsrp":-127.9,"marker-color":"#ff9100","marker-size":"small","description":"Weak coverage: -127.9 dBm"}},{"type":"Feature","geometry":{"type":"Point","coordinates":[139.734,35.733]},"properties":{"type":"weak","estimated_rsrp":-129.2,"marker-color":"#ff9100","marker-size":"small","description":"Weak coverage: -129.2 dBm"}},{"type":"Feature","geometry":{"type":"Point","coordinates":[139.736,35.733]},"properties":{"type":"weak","estimated_rsrp":-129.3,"marker-color":"#ff9100","marker-size":"small","description":"Weak coverage: -129.3 dBm"}},{"type":"Feature","geometry":{"type":"Point","coordinates":[139.738,35.733]},"properties":{"type":"hole","estimated_rsrp":-140,"marker-color":"#ff1744","marker-size":"small","description":"No coverage detected"}},{"type":"Feature","geometry":{"type":"Point","coordinates":[139.74,35.733]},"properties":{"type":"hole","estimated_rsrp":-140,"marker-color":"#ff1744","marker-size":"small","description":"No coverage detected"}},{"type":"Feature","geometry":{"type":"Point","coordinates":[139.742,35.733]},"properties":{"type":"hole","estimated_rsrp":-140,"marker-color":"#ff1744","marker-size":"small","description":"No coverage detected"}},{"type":"Feature","geometry":{"type":"Point","coordinates":[139.744,35.733]},"properties":{"type":"hole","estimated_rsrp":-140,"marker-color":"#ff1744","marker-size":"small","description":"No coverage detected"}},{"type":"Feature","geometry":{"type":"Point","coordinates":[139.746,35.733]},"properties":{"type":"hole","estimated_rsrp":-140,"marker-color":"#ff1744","marker-size":"small","description":"No coverage detected"}},{"type":"Feature","geometry":{"type":"Point","coordinates":[139.748,35.733]},"properties":{"type":"weak","estimated_rsrp":-123.4,"marker-color":"#ff9100","marker-size":"small","description":"Weak coverage: -123.4 dBm"}},{"type":"Feature","geometry":{"type":"Point","coordinates":[139.75,35.733]},"properties":{"type":"weak","estimated_rsrp":-123.3,"marker-color":"#ff9100","marker-size":"small","description":"Weak coverage: -123.3 dBm"}},{"type":"Feature","geometry":{"type":"Point","coordinates":[139.754,35.733]},"properties":{"type":"weak","estimated_rsrp":-124.7,"marker-color":"#ff9100","marker-size":"small","description":"Weak coverage: -124.7 dBm"}},{"type":"Feature","geometry":{"type":"Point","coordinates":[139.756,35.733]},"properties":{"type":"weak","estimated_rsrp":-130.0,"marker-color":"#ff9100","marker-size":"small","description":"Weak coverage: -130.0 dBm"}},{"type":"Feature","geometry":{"type":"Point","coordinates":[139.758,35.733]},"properties":{"type":"weak","estimated_rsrp":-123.4,"marker-color":"#ff9100","marker-size":"small","description":"Weak coverage: -123.4 dBm"}},{"type":"Feature","geometry":{"type":"Point","coordinates":[139.762,35.733]},"properties":{"type":"weak","estimated_rsrp":-122.5,"marker-color":"#ff9100","marker-size":"small","description":"Weak coverage: -122.5 dBm"}},{"type":"Feature","geometry":{"type":"Point","coordinates":[139.764,35.733]},"properties":{"type":"weak","estimated_rsrp":-120.6,"marker-color":"#ff9100","marker-size":"small","description":"Weak coverage: -120.6 dBm"}},{"type":"Feature","geometry":{"type":"Point","coordinates":[139.766,35.733]},"properties":{"type":"weak","estimated_rsrp":-125.9,"marker-color":"#ff9100","marker-size":"small","description":"Weak coverage: -125.9 dBm"}},{"type":"Feature","geometry":{"type":"Point","coordinates":[139.768,35.733]},"properties":{"type":"weak","estimated_rsrp":-126.6,"marker-color":"#ff9100","marker-size":"small","description":"Weak coverage: -126.6 dBm"}},{"type":"Feature","geometry":{"type":"Point","coordinates":[139.77,35.733]},"properties":{"type":"weak","estimated_rsrp":-127.6,"marker-color":"#ff9100","marker-size":"small","description":"Weak coverage: -127.6 dBm"}},{"type":"Feature","geometry":{"type":"Point","coordinates":[139.772,35.733]},"properties":{"type":"hole","estimated_rsrp":-140,"marker-color":"#ff1744","marker-size":"small","description":"No coverage detected"}},{"type":"Feature","geometry":{"type":"Point","coordinates":[139.774,35.733]},"properties":{"type":"hole","estimated_rsrp":-140,"marker-color":"#ff1744","marker-size":"small","description":"No coverage detected"}},{"type":"Feature","geometry":{"type":"Point","coordinates":[139.776,35.733]},"properties":{"type":"hole","estimated_rsrp":-140,"marker-color":"#ff1744","marker-size":"small","description":"No coverage detected"}},{"type":"Feature","geometry":{"type":"Point","coordinates":[139.778,35.733]},"properties":{"type":"hole","estimated_rsrp":-140,"marker-color":"#ff1744","marker-size":"small","description":"No coverage detected"}},{"type":"Feature","geometry":{"type":"Point","coordinates":[139.78,35.733]},"properties":{"type":"hole","estimated_rsrp":-140,"marker-color":"#ff1744","marker-size":"small","description":"No coverage detected"}},{"type":"Feature","geometry":{"type":"Point","coordinates":[139.782,35.733]},"properties":{"type":"hole","estimated_rsrp":-140,"marker-color":"#ff1744","marker-size":"small","description":"No coverage detected"}},{"type":"Feature","geometry":{"type":"Point","coordinates":[139.784,35.733]},"properties":{"type":"hole","estimated_rsrp":-140,"marker-color":"#ff1744","marker-size":"small","description":"No coverage detected"}},{"type":"Feature","geometry":{"type":"Point","coordinates":[139.786,35.733]},"properties":{"type":"hole","estimated_rsrp":-140,"marker-color":"#ff1744","marker-size":"small","description":"No coverage detected"}},{"type":"Feature","geometry":{"type":"Point","coordinates":[139.788,35.733]},"properties":{"type":"hole","estimated_rsrp":-140,"marker-color":"#ff1744","marker-size":"small","description":"No coverage detected"}},{"type":"Feature","geometry":{"type":"Point","coordinates":[139.79,35.733]},"properties":{"type":"hole","estimated_rsrp":-140,"marker-color":"#ff1744","marker-size":"small","description":"No coverage detected"}},{"type":"Feature","geometry":{"type":"Point","coordinates":[139.792,35.733]},"properties":{"type":"hole","estimated_rsrp":-140,"marker-color":"#ff1744","marker-size":"small","description":"No coverage detected"}},{"type":"Feature","geometry":{"type":"Point","coordinates":[139.794,35.733]},"properties":{"type":"hole","estimated_rsrp":-140,"marker-color":"#ff1744","marker-size":"small","description":"No coverage detected"}},{"type":"Feature","geometry":{"type":"Point","coordinates":[139.796,35.733]},"properties":{"type":"weak","estimated_rsrp":-128.2,"marker-color":"#ff9100","marker-size":"small","description":"Weak coverage: -128.2 dBm"}},{"type":"Feature","geometry":{"type":"Point","coordinates":[139.798,35.733]},"properties":{"type":"hole","estimated_rsrp":-140,"marker-color":"#ff1744","marker-size":"small","description":"No coverage detected"}},{"type":"Feature","geometry":{"type":"Point","coordinates":[139.8,35.733]},"properties":{"type":"hole","estimated_rsrp":-140,"marker-color":"#ff1744","marker-size":"small","description":"No coverage detected"}},{"type":"Feature","geometry":{"type":"Point","coordinates":[139.806,35.733]},"properties":{"type":"weak","estimated_rsrp":-129.3,"marker-color":"#ff9100","marker-size":"small","description":"Weak coverage: -129.3 dBm"}},{"type":"Feature","geometry":{"type":"Point","coordinates":[139.81,35.733]},"properties":{"type":"weak","estimated_rsrp":-126.9,"marker-color":"#ff9100","marker-size":"small","description":"Weak coverage: -126.9 dBm"}},{"type":"Feature","geometry":{"type":"Point","coordinates":[139.812,35.733]},"properties":{"type":"weak","estimated_rsrp":-128.6,"marker-color":"#ff9100","marker-size":"small","description":"Weak coverage: -128.6 dBm"}},{"type":"Feature","geometry":{"type":"Point","coordinates":[139.814,35.733]},"properties":{"type":"weak","estimated_rsrp":-128.4,"marker-color":"#ff9100","marker-size":"small","description":"Weak coverage: -128.4 dBm"}},{"type":"Feature","geometry":{"type":"Point","coordinates":[139.682,35.735]},"properties":{"type":"weak","estimated_rsrp":-125.7,"marker-color":"#ff9100","marker-size":"small","description":"Weak coverage: -125.7 dBm"}},{"type":"Feature","geometry":{"type":"Point","coordinates":[139.684,35.735]},"properties":{"type":"weak","estimated_rsrp":-127.0,"marker-color":"#ff9100","marker-size":"small","description":"Weak coverage: -127.0 dBm"}},{"type":"Feature","geometry":{"type":"Point","coordinates":[139.696,35.735]},"properties":{"type":"weak","estimated_rsrp":-124.0,"marker-color":"#ff9100","marker-size":"small","description":"Weak coverage: -124.0 dBm"}},{"type":"Feature","geometry":{"type":"Point","coordinates":[139.698,35.735]},"properties":{"type":"weak","estimated_rsrp":-127.8,"marker-color":"#ff9100","marker-size":"small","description":"Weak coverage: -127.8 dBm"}},{"type":"Feature","geometry":{"type":"Point","coordinates":[139.7,35.735]},"properties":{"type":"weak","estimated_rsrp":-123.6,"marker-color":"#ff9100","marker-size":"small","description":"Weak coverage: -123.6 dBm"}},{"type":"Feature","geometry":{"type":"Point","coordinates":[139.728,35.735]},"properties":{"type":"weak","estimated_rsrp":-121.7,"marker-color":"#ff9100","marker-size":"small","description":"Weak coverage: -121.7 dBm"}},{"type":"Feature","geometry":{"type":"Point","coordinates":[139.73,35.735]},"properties":{"type":"weak","estimated_rsrp":-124.7,"marker-color":"#ff9100","marker-size":"small","description":"Weak coverage: -124.7 dBm"}},{"type":"Feature","geometry":{"type":"Point","coordinates":[139.732,35.735]},"properties":{"type":"weak","estimated_rsrp":-127.3,"marker-color":"#ff9100","marker-size":"small","description":"Weak coverage: -127.3 dBm"}},{"type":"Feature","geometry":{"type":"Point","coordinates":[139.734,35.735]},"properties":{"type":"weak","estimated_rsrp":-129.0,"marker-color":"#ff9100","marker-size":"small","description":"Weak coverage: -129.0 dBm"}},{"type":"Feature","geometry":{"type":"Point","coordinates":[139.736,35.735]},"properties":{"type":"hole","estimated_rsrp":-140,"marker-color":"#ff1744","marker-size":"small","description":"No coverage detected"}},{"type":"Feature","geometry":{"type":"Point","coordinates":[139.738,35.735]},"properties":{"type":"hole","estimated_rsrp":-140,"marker-color":"#ff1744","marker-size":"small","description":"No coverage detected"}},{"type":"Feature","geometry":{"type":"Point","coordinates":[139.74,35.735]},"properties":{"type":"hole","estimated_rsrp":-140,"marker-color":"#ff1744","marker-size":"small","description":"No coverage detected"}},{"type":"Feature","geometry":{"type":"Point","coordinates":[139.742,35.735]},"properties":{"type":"hole","estimated_rsrp":-140,"marker-color":"#ff1744","marker-size":"small","description":"No coverage detected"}},{"type":"Feature","geometry":{"type":"Point","coordinates":[139.744,35.735]},"properties":{"type":"hole","estimated_rsrp":-140,"marker-color":"#ff1744","marker-size":"small","description":"No coverage detected"}},{"type":"Feature","geometry":{"type":"Point","coordinates":[139.746,35.735]},"properties":{"type":"hole","estimated_rsrp":-140,"marker-color":"#ff1744","marker-size":"small","description":"No coverage detected"}},{"type":"Feature","geometry":{"type":"Point","coordinates":[139.748,35.735]},"properties":{"type":"hole","estimated_rsrp":-140,"marker-color":"#ff1744","marker-size":"small","description":"No coverage detected"}},{"type":"Feature","geometry":{"type":"Point","coordinates":[139.75,35.735]},"properties":{"type":"hole","estimated_rsrp":-140,"marker-color":"#ff1744","marker-size":"small","description":"No coverage detected"}},{"type":"Feature","geometry":{"type":"Point","coordinates":[139.752,35.735]},"properties":{"type":"hole","estimated_rsrp":-140,"marker-color":"#ff1744","marker-size":"small","description":"No coverage detected"}},{"type":"Feature","geometry":{"type":"Point","coordinates":[139.754,35.735]},"properties":{"type":"weak","estimated_rsrp":-124.1,"marker-color":"#ff9100","marker-size":"small","description":"Weak coverage: -124.1 dBm"}},{"type":"Feature","geometry":{"type":"Point","coordinates":[139.756,35.735]},"properties":{"type":"hole","estimated_rsrp":-140,"marker-color":"#ff1744","marker-size":"small","description":"No coverage detected"}},{"type":"Feature","geometry":{"type":"Point","coordinates":[139.758,35.735]},"properties":{"type":"hole","estimated_rsrp":-140,"marker-color":"#ff1744","marker-size":"small","description":"No coverage detected"}},{"type":"Feature","geometry":{"type":"Point","coordinates":[139.76,35.735]},"properties":{"type":"hole","estimated_rsrp":-140,"marker-color":"#ff1744","marker-size":"small","description":"No coverage detected"}},{"type":"Feature","geometry":{"type":"Point","coordinates":[139.762,35.735]},"properties":{"type":"hole","estimated_rsrp":-140,"marker-color":"#ff1744","marker-size":"small","description":"No coverage detected"}},{"type":"Feature","geometry":{"type":"Point","coordinates":[139.764,35.735]},"properties":{"type":"hole","estimated_rsrp":-140,"marker-color":"#ff1744","marker-size":"small","description":"No coverage detected"}},{"type":"Feature","geometry":{"type":"Point","coordinates":[139.766,35.735]},"properties":{"type":"weak","estimated_rsrp":-126.9,"marker-color":"#ff9100","marker-size":"small","description":"Weak coverage: -126.9 dBm"}},{"type":"Feature","geometry":{"type":"Point","coordinates":[139.768,35.735]},"properties":{"type":"hole","estimated_rsrp":-140,"marker-color":"#ff1744","marker-size":"small","description":"No coverage detected"}},{"type":"Feature","geometry":{"type":"Point","coordinates":[139.77,35.735]},"properties":{"type":"hole","estimated_rsrp":-140,"marker-color":"#ff1744","marker-size":"small","description":"No coverage detected"}},{"type":"Feature","geometry":{"type":"Point","coordinates":[139.772,35.735]},"properties":{"type":"hole","estimated_rsrp":-140,"marker-color":"#ff1744","marker-size":"small","description":"No coverage detected"}},{"type":"Feature","geometry":{"type":"Point","coordinates":[139.774,35.735]},"properties":{"type":"hole","estimated_rsrp":-140,"marker-color":"#ff1744","marker-size":"small","description":"No coverage detected"}},{"type":"Feature","geometry":{"type":"Point","coordinates":[139.776,35.735]},"properties":{"type":"hole","estimated_rsrp":-140,"marker-color":"#ff1744","marker-size":"small","description":"No coverage detected"}},{"type":"Feature","geometry":{"type":"Point","coordinates":[139.778,35.735]},"properties":{"type":"hole","estimated_rsrp":-140,"marker-color":"#ff1744","marker-size":"small","description":"No coverage detected"}},{"type":"Feature","geometry":{"type":"Point","coordinates":[139.78,35.735]},"properties":{"type":"hole","estimated_rsrp":-140,"marker-color":"#ff1744","marker-size":"small","description":"No coverage detected"}},{"type":"Feature","geometry":{"type":"Point","coordinates":[139.782,35.735]},"properties":{"type":"hole","estimated_rsrp":-140,"marker-color":"#ff1744","marker-size":"small","description":"No coverage detected"}},{"type":"Feature","geometry":{"type":"Point","coordinates":[139.784,35.735]},"properties":{"type":"hole","estimated_rsrp":-140,"marker-color":"#ff1744","marker-size":"small","description":"No coverage detected"}},{"type":"Feature","geometry":{"type":"Point","coordinates":[139.786,35.735]},"properties":{"type":"hole","estimated_rsrp":-140,"marker-color":"#ff1744","marker-size":"small","description":"No coverage detected"}},{"type":"Feature","geometry":{"type":"Point","coordinates":[139.788,35.735]},"properties":{"type":"hole","estimated_rsrp":-140,"marker-color":"#ff1744","marker-size":"small","description":"No coverage detected"}},{"type":"Feature","geometry":{"type":"Point","coordinates":[139.79,35.735]},"properties":{"type":"hole","estimated_rsrp":-140,"marker-color":"#ff1744","marker-size":"small","description":"No coverage detected"}},{"type":"Feature","geometry":{"type":"Point","coordinates":[139.792,35.735]},"properties":{"type":"hole","estimated_rsrp":-140,"marker-color":"#ff1744","marker-size":"small","description":"No coverage detected"}},{"type":"Feature","geometry":{"type":"Point","coordinates":[139.794,35.735]},"properties":{"type":"hole","estimated_rsrp":-140,"marker-color":"#ff1744","marker-size":"small","description":"No coverage detected"}},{"type":"Feature","geometry":{"type":"Point","coordinates":[139.796,35.735]},"properties":{"type":"weak","estimated_rsrp":-127.4,"marker-color":"#ff9100","marker-size":"small","description":"Weak coverage: -127.4 dBm"}},{"type":"Feature","geometry":{"type":"Point","coordinates":[139.798,35.735]},"properties":{"type":"hole","estimated_rsrp":-140,"marker-color":"#ff1744","marker-size":"small","description":"No coverage detected"}},{"type":"Feature","geometry":{"type":"Point","coordinates":[139.8,35.735]},"properties":{"type":"weak","estimated_rsrp":-129.6,"marker-color":"#ff9100","marker-size":"small","description":"Weak coverage: -129.6 dBm"}},{"type":"Feature","geometry":{"type":"Point","coordinates":[139.802,35.735]},"properties":{"type":"weak","estimated_rsrp":-129.2,"marker-color":"#ff9100","marker-size":"small","description":"Weak coverage: -129.2 dBm"}},{"type":"Feature","geometry":{"type":"Point","coordinates":[139.806,35.735]},"properties":{"type":"weak","estimated_rsrp":-128.2,"marker-color":"#ff9100","marker-size":"small","description":"Weak coverage: -128.2 dBm"}},{"type":"Feature","geometry":{"type":"Point","coordinates":[139.808,35.735]},"properties":{"type":"weak","estimated_rsrp":-129.6,"marker-color":"#ff9100","marker-size":"small","description":"Weak coverage: -129.6 dBm"}},{"type":"Feature","geometry":{"type":"Point","coordinates":[139.81,35.735]},"properties":{"type":"weak","estimated_rsrp":-126.9,"marker-color":"#ff9100","marker-size":"small","description":"Weak coverage: -126.9 dBm"}},{"type":"Feature","geometry":{"type":"Point","coordinates":[139.812,35.735]},"properties":{"type":"weak","estimated_rsrp":-126.7,"marker-color":"#ff9100","marker-size":"small","description":"Weak coverage: -126.7 dBm"}},{"type":"Feature","geometry":{"type":"Point","coordinates":[139.814,35.735]},"properties":{"type":"weak","estimated_rsrp":-128.2,"marker-color":"#ff9100","marker-size":"small","description":"Weak coverage: -128.2 dBm"}}]}