timestamp_utc,cell_id,enodeb_id,frequency_band,avg_rsrp_dBm,avg_rsrq_dB,avg_sinr_dB,prb_utilization_dl_pct,prb_utilization_ul_pct,active_ue_avg
2026-07-15 00:00:00,HELS-001-1,HELS-001,Band 1 (2100MHz),-85.6,-5.4,9.4,17.5,0.0,5.7
2026-07-15 00:00:00,HELS-001-2,HELS-001,Band 1 (2100MHz),-100.2,-14.0,12.5,26.5,2.6,21.2
2026-07-15 00:00:00,HELS-001-3,HELS-001,Band 1 (2100MHz),-101.3,-13.6,-5.1,0.0,8.0,4.9
2026-07-15 00:00:00,HELS-002-1,HELS-002,Band 3 (1800MHz),-85.0,-7.4,7.0,15.9,13.8,21.4
2026-07-15 00:00:00,HELS-002-2,HELS-002,Band 3 (1800MHz),-78.2,-9.4,7.7,14.9,0.0,24.7
2026-07-15 00:00:00,HELS-002-3,HELS-002,Band 3 (1800MHz),-79.5,-6.4,7.8,0.0,15.8,19.9
2026-07-15 00:00:00,HELS-003-1,HELS-003,Band 1 (2100MHz),-74.8,-7.0,12.3,30.2,16.7,10.2
2026-07-15 00:00:00,HELS-003-2,HELS-003,Band 1 (2100MHz),-86.1,-7.2,13.7,2.6,14.2,28.5
2026-07-15 00:00:00,HELS-003-3,HELS-003,Band 1 (2100MHz),-78.6,-6.8,9.7,0.0,13.5,0.0
2026-07-15 00:00:00,HELS-004-1,HELS-004,Band 3 (1800MHz),-85.1,-11.2,16.2,6.8,13.8,6.4
2026-07-15 00:00:00,HELS-004-2,HELS-004,Band 3 (1800MHz),-77.7,-8.9,9.4,0.0,3.5,10.4
2026-07-15 00:00:00,HELS-004-3,HELS-004,Band 3 (1800MHz),-78.5,-7.5,5.5,11.1,5.7,0.0
2026-07-15 00:00:00,HELS-005-1,HELS-005,Band 1 (2100MHz),-96.3,-9.7,-0.3,26.3,0.0,2.7
2026-07-15 00:00:00,HELS-005-2,HELS-005,Band 1 (2100MHz),-92.0,-11.4,18.9,0.0,0.0,24.4
2026-07-15 00:00:00,HELS-005-3,HELS-005,Band 1 (2100MHz),-89.5,-9.7,13.4,3.6,20.5,25.5
2026-07-15 00:00:00,HELS-006-1,HELS-006,Band 3 (1800MHz),-85.4,-10.4,14.8,18.8,15.5,3.2
2026-07-15 00:00:00,HELS-006-2,HELS-006,Band 3 (1800MHz),-82.1,-7.8,13.7,2.4,2.6,48.4
2026-07-15 00:00:00,HELS-006-3,HELS-006,Band 3 (1800MHz),-93.5,-7.2,13.1,0.0,6.9,36.6
2026-07-15 00:00:00,HELS-007-1,HELS-007,Band 1 (2100MHz),-81.0,-4.4,15.4,10.8,0.1,5.1
2026-07-15 00:00:00,HELS-007-2,HELS-007,Band 1 (2100MHz),-83.7,-7.6,13.6,17.5,0.0,0.0
2026-07-15 00:00:00,HELS-007-3,HELS-007,Band 1 (2100MHz),-80.3,-10.1,12.5,12.6,0.0,29.6
2026-07-15 00:00:00,HELS-008-1,HELS-008,Band 3 (1800MHz),-88.9,-7.0,15.2,0.0,12.4,12.5
2026-07-15 00:00:00,HELS-008-2,HELS-008,Band 3 (1800MHz),-94.5,-7.3,18.5,19.0,10.0,3.5
2026-07-15 00:00:00,HELS-008-3,HELS-008,Band 3 (1800MHz),-76.5,-8.1,22.7,0.0,9.2,0.0
2026-07-15 00:00:00,HELS-009-1,HELS-009,Band 1 (2100MHz),-77.3,-9.0,9.4,0.0,12.8,15.4
2026-07-15 00:00:00,HELS-009-2,HELS-009,Band 1 (2100MHz),-89.1,-8.0,5.3,4.0,2.5,11.3
2026-07-15 00:00:00,HELS-009-3,HELS-009,Band 1 (2100MHz),-81.2,-6.8,8.0,23.9,0.0,2.2
2026-07-15 00:00:00,HELS-010-1,HELS-010,Band 3 (1800MHz),-79.3,-7.8,17.4,25.0,15.4,0.0
2026-07-15 00:00:00,HELS-010-2,HELS-010,Band 3 (1800MHz),-83.2,-9.9,15.9,32.1,4.8,0.0
2026-07-15 00:00:00,HELS-010-3,HELS-010,Band 3 (1800MHz),-91.8,-7.6,12.3,29.8,0.0,11.3
2026-07-15 00:00:00,HELS-011-1,HELS-011,Band 1 (2100MHz),-80.6,-7.2,14.7,7.4,0.0,10.7
2026-07-15 00:00:00,HELS-011-2,HELS-011,Band 1 (2100MHz),-79.8,-5.4,14.9,6.1,13.1,32.0
2026-07-15 00:00:00,HELS-011-3,HELS-011,Band 1 (2100MHz),-83.4,-9.2,16.5,0.0,0.0,3.7
2026-07-15 00:00:00,HELS-012-1,HELS-012,Band 3 (1800MHz),-85.5,-7.1,12.9,13.3,1.8,28.4
2026-07-15 00:00:00,HELS-012-2,HELS-012,Band 3 (1800MHz),-101.2,-12.1,4.2,8.9,9.6,0.0
2026-07-15 00:00:00,HELS-012-3,HELS-012,Band 3 (1800MHz),-79.2,-10.8,11.7,10.0,12.2,5.9
2026-07-15 00:00:00,HELS-013-1,HELS-013,Band 1 (2100MHz),-84.5,-7.9,16.8,21.1,0.0,24.5
2026-07-15 00:00:00,HELS-013-2,HELS-013,Band 1 (2100MHz),-86.7,-6.5,17.0,11.8,12.9,0.0
2026-07-15 00:00:00,HELS-013-3,HELS-013,Band 1 (2100MHz),-85.5,-3.0,17.7,21.1,9.1,5.6
2026-07-15 00:00:00,HELS-014-1,HELS-014,Band 3 (1800MHz),-79.3,-7.4,20.6,29.9,0.0,50.7
2026-07-15 00:00:00,HELS-014-2,HELS-014,Band 3 (1800MHz),-75.7,-10.0,20.5,16.2,9.7,21.1
2026-07-15 00:00:00,HELS-014-3,HELS-014,Band 3 (1800MHz),-90.0,-7.2,14.2,9.0,18.0,2.1
2026-07-15 01:00:00,HELS-001-1,HELS-001,Band 1 (2100MHz),-85.8,-3.7,12.3,27.6,1.6,0.1
2026-07-15 01:00:00,HELS-001-2,HELS-001,Band 1 (2100MHz),-94.4,-12.7,9.7,26.1,11.1,9.4
2026-07-15 01:00:00,HELS-001-3,HELS-001,Band 1 (2100MHz),-98.2,-12.4,7.9,0.0,0.0,12.6
2026-07-15 01:00:00,HELS-002-1,HELS-002,Band 3 (1800MHz),-81.5,-5.0,12.1,0.0,18.9,30.0
2026-07-15 01:00:00,HELS-002-2,HELS-002,Band 3 (1800MHz),-79.6,-9.0,9.2,14.6,20.3,32.5
2026-07-15 01:00:00,HELS-002-3,HELS-002,Band 3 (1800MHz),-86.2,-11.8,21.8,4.3,0.1,46.5
2026-07-15 01:00:00,HELS-003-1,HELS-003,Band 1 (2100MHz),-84.7,-7.0,10.5,17.7,0.0,24.9
2026-07-15 01:00:00,HELS-003-2,HELS-003,Band 1 (2100MHz),-86.4,-9.4,13.9,21.2,1.2,6.8
2026-07-15 01:00:00,HELS-003-3,HELS-003,Band 1 (2100MHz),-87.1,-9.0,13.0,3.0,21.1,10.4
2026-07-15 01:00:00,HELS-004-1,HELS-004,Band 3 (1800MHz),-84.0,-7.2,15.1,38.3,15.1,0.0
2026-07-15 01:00:00,HELS-004-2,HELS-004,Band 3 (1800MHz),-91.6,-7.3,14.8,0.0,12.1,40.5
2026-07-15 01:00:00,HELS-004-3,HELS-004,Band 3 (1800MHz),-78.9,-9.6,21.0,14.2,8.3,25.5
2026-07-15 01:00:00,HELS-005-1,HELS-005,Band 1 (2100MHz),-94.8,-14.1,5.1,5.6,16.1,51.7
2026-07-15 01:00:00,HELS-005-2,HELS-005,Band 1 (2100MHz),-89.1,-7.6,15.3,6.6,6.5,41.9
2026-07-15 01:00:00,HELS-005-3,HELS-005,Band 1 (2100MHz),-80.4,-9.5,13.7,13.5,1.5,24.3
2026-07-15 01:00:00,HELS-006-1,HELS-006,Band 3 (1800MHz),-80.7,-7.5,6.2,2.9,3.3,27.1
2026-07-15 01:00:00,HELS-006-2,HELS-006,Band 3 (1800MHz),-89.9,-14.0,12.8,9.6,18.5,44.5
2026-07-15 01:00:00,HELS-006-3,HELS-006,Band 3 (1800MHz),-77.6,-7.0,16.2,0.0,0.0,0.0
2026-07-15 01:00:00,HELS-007-1,HELS-007,Band 1 (2100MHz),-83.9,-7.1,17.9,13.2,0.0,0.0
2026-07-15 01:00:00,HELS-007-2,HELS-007,Band 1 (2100MHz),-78.6,-7.0,12.4,8.1,10.0,19.4
2026-07-15 01:00:00,HELS-007-3,HELS-007,Band 1 (2100MHz),-82.3,-8.3,9.1,0.0,11.0,0.0
2026-07-15 01:00:00,HELS-008-1,HELS-008,Band 3 (1800MHz),-82.9,-3.6,9.1,9.9,0.0,27.1
2026-07-15 01:00:00,HELS-008-2,HELS-008,Band 3 (1800MHz),-78.0,-6.4,20.0,28.0,0.0,15.9
2026-07-15 01:00:00,HELS-008-3,HELS-008,Band 3 (1800MHz),-83.0,-7.2,7.0,6.3,11.0,3.7
2026-07-15 01:00:00,HELS-009-1,HELS-009,Band 1 (2100MHz),-81.1,-10.3,14.5,0.9,21.6,17.3
2026-07-15 01:00:00,HELS-009-2,HELS-009,Band 1 (2100MHz),-86.7,-5.6,16.0,13.1,20.3,18.0
2026-07-15 01:00:00,HELS-009-3,HELS-009,Band 1 (2100MHz),-78.8,-11.7,17.9,21.1,0.0,9.1
2026-07-15 01:00:00,HELS-010-1,HELS-010,Band 3 (1800MHz),-77.0,-4.8,10.9,0.0,20.7,44.6
2026-07-15 01:00:00,HELS-010-2,HELS-010,Band 3 (1800MHz),-77.3,-4.0,18.3,0.0,0.0,26.6
2026-07-15 01:00:00,HELS-010-3,HELS-010,Band 3 (1800MHz),-86.5,-6.1,9.6,17.3,0.0,19.1
2026-07-15 01:00:00,HELS-011-1,HELS-011,Band 1 (2100MHz),-80.7,-8.0,6.5,26.0,14.2,16.0
2026-07-15 01:00:00,HELS-011-2,HELS-011,Band 1 (2100MHz),-82.8,-2.9,3.6,10.3,0.0,28.8
2026-07-15 01:00:00,HELS-011-3,HELS-011,Band 1 (2100MHz),-84.8,-6.7,8.3,12.5,7.3,0.0
2026-07-15 01:00:00,HELS-012-1,HELS-012,Band 3 (1800MHz),-84.2,-10.5,12.7,7.7,9.5,0.2
2026-07-15 01:00:00,HELS-012-2,HELS-012,Band 3 (1800MHz),-93.0,-14.0,8.4,13.9,0.0,0.0
2026-07-15 01:00:00,HELS-012-3,HELS-012,Band 3 (1800MHz),-87.6,-8.6,1.1,19.6,15.5,63.5
2026-07-15 01:00:00,HELS-013-1,HELS-013,Band 1 (2100MHz),-85.8,-8.9,12.5,11.9,16.2,12.4
2026-07-15 01:00:00,HELS-013-2,HELS-013,Band 1 (2100MHz),-74.0,-7.8,17.6,28.1,8.9,45.4
2026-07-15 01:00:00,HELS-013-3,HELS-013,Band 1 (2100MHz),-83.8,-6.5,1.1,0.0,12.9,47.8
2026-07-15 01:00:00,HELS-014-1,HELS-014,Band 3 (1800MHz),-78.7,-11.0,18.1,0.0,3.3,38.6
2026-07-15 01:00:00,HELS-014-2,HELS-014,Band 3 (1800MHz),-81.8,-9.4,15.2,0.0,0.0,38.4
2026-07-15 01:00:00,HELS-014-3,HELS-014,Band 3 (1800MHz),-81.7,-7.9,31.6,4.9,0.0,29.7
2026-07-15 02:00:00,HELS-001-1,HELS-001,Band 1 (2100MHz),-86.5,-8.7,11.5,6.8,0.0,3.8
2026-07-15 02:00:00,HELS-001-2,HELS-001,Band 1 (2100MHz),-98.8,-14.0,3.3,0.0,13.8,0.0
2026-07-15 02:00:00,HELS-001-3,HELS-001,Band 1 (2100MHz),-99.8,-9.8,1.6,4.6,0.0,18.1
2026-07-15 02:00:00,HELS-002-1,HELS-002,Band 3 (1800MHz),-77.9,-8.4,13.7,0.0,5.5,29.7
2026-07-15 02:00:00,HELS-002-2,HELS-002,Band 3 (1800MHz),-82.5,-8.7,18.0,5.0,0.0,54.2
2026-07-15 02:00:00,HELS-002-3,HELS-002,Band 3 (1800MHz),-86.0,-8.8,12.8,12.6,10.3,29.8
2026-07-15 02:00:00,HELS-003-1,HELS-003,Band 1 (2100MHz),-81.3,-6.8,15.1,8.6,18.6,27.6
2026-07-15 02:00:00,HELS-003-2,HELS-003,Band 1 (2100MHz),-78.7,-10.3,14.7,14.7,3.7,19.6
2026-07-15 02:00:00,HELS-003-3,HELS-003,Band 1 (2100MHz),-76.3,-7.5,15.6,27.3,0.0,5.8
2026-07-15 02:00:00,HELS-004-1,HELS-004,Band 3 (1800MHz),-88.0,-8.9,6.9,6.2,19.8,11.5
2026-07-15 02:00:00,HELS-004-2,HELS-004,Band 3 (1800MHz),-82.6,-12.3,11.1,6.2,1.1,12.8
2026-07-15 02:00:00,HELS-004-3,HELS-004,Band 3 (1800MHz),-79.6,-8.4,7.7,11.1,5.3,38.9
2026-07-15 02:00:00,HELS-005-1,HELS-005,Band 1 (2100MHz),-99.3,-11.6,2.9,24.2,15.2,0.0
2026-07-15 02:00:00,HELS-005-2,HELS-005,Band 1 (2100MHz),-85.5,-6.9,6.1,7.3,16.4,0.0
2026-07-15 02:00:00,HELS-005-3,HELS-005,Band 1 (2100MHz),-85.7,-8.5,9.9,0.0,10.6,29.5
2026-07-15 02:00:00,HELS-006-1,HELS-006,Band 3 (1800MHz),-84.0,-10.9,15.8,12.9,0.0,0.0
2026-07-15 02:00:00,HELS-006-2,HELS-006,Band 3 (1800MHz),-81.5,-8.6,16.9,12.0,7.5,75.8
2026-07-15 02:00:00,HELS-006-3,HELS-006,Band 3 (1800MHz),-85.2,-10.2,12.0,25.7,18.2,53.1
2026-07-15 02:00:00,HELS-007-1,HELS-007,Band 1 (2100MHz),-81.0,-8.0,9.6,8.7,0.0,3.8
2026-07-15 02:00:00,HELS-007-2,HELS-007,Band 1 (2100MHz),-79.7,-6.6,12.7,29.7,8.2,0.0
2026-07-15 02:00:00,HELS-007-3,HELS-007,Band 1 (2100MHz),-88.7,-8.1,15.8,15.5,16.5,27.7
2026-07-15 02:00:00,HELS-008-1,HELS-008,Band 3 (1800MHz),-85.5,-6.2,17.2,11.8,8.7,25.1
2026-07-15 02:00:00,HELS-008-2,HELS-008,Band 3 (1800MHz),-82.5,-6.2,14.0,23.4,5.5,0.0
2026-07-15 02:00:00,HELS-008-3,HELS-008,Band 3 (1800MHz),-84.3,-9.5,11.9,13.5,8.6,0.0
2026-07-15 02:00:00,HELS-009-1,HELS-009,Band 1 (2100MHz),-78.9,-8.7,16.0,0.0,5.0,14.8
2026-07-15 02:00:00,HELS-009-2,HELS-009,Band 1 (2100MHz),-89.3,-3.9,19.5,21.3,14.8,0.0
2026-07-15 02:00:00,HELS-009-3,HELS-009,Band 1 (2100MHz),-82.1,-8.8,9.6,0.0,4.4,40.1
2026-07-15 02:00:00,HELS-010-1,HELS-010,Band 3 (1800MHz),-88.3,-7.9,14.1,5.9,8.8,47.2
2026-07-15 02:00:00,HELS-010-2,HELS-010,Band 3 (1800MHz),-88.0,-6.9,10.4,22.9,16.6,28.8
2026-07-15 02:00:00,HELS-010-3,HELS-010,Band 3 (1800MHz),-84.2,-10.6,16.3,11.6,0.0,0.0
2026-07-15 02:00:00,HELS-011-1,HELS-011,Band 1 (2100MHz),-80.1,-4.8,12.1,9.8,0.0,24.9
2026-07-15 02:00:00,HELS-011-2,HELS-011,Band 1 (2100MHz),-81.8,-7.3,11.6,0.0,2.0,0.0
2026-07-15 02:00:00,HELS-011-3,HELS-011,Band 1 (2100MHz),-85.9,-8.8,6.3,8.8,16.0,19.2
2026-07-15 02:00:00,HELS-012-1,HELS-012,Band 3 (1800MHz),-78.7,-10.1,13.5,9.7,3.8,27.0
2026-07-15 02:00:00,HELS-012-2,HELS-012,Band 3 (1800MHz),-96.2,-9.6,4.0,8.7,0.0,15.0
2026-07-15 02:00:00,HELS-012-3,HELS-012,Band 3 (1800MHz),-79.6,-9.5,10.2,13.7,17.8,10.9
2026-07-15 02:00:00,HELS-013-1,HELS-013,Band 1 (2100MHz),-86.8,-3.9,12.6,12.5,0.0,21.8
2026-07-15 02:00:00,HELS-013-2,HELS-013,Band 1 (2100MHz),-79.9,-9.3,18.8,25.8,14.3,1.2
2026-07-15 02:00:00,HELS-013-3,HELS-013,Band 1 (2100MHz),-84.7,-9.1,15.9,6.1,5.7,5.5
2026-07-15 02:00:00,HELS-014-1,HELS-014,Band 3 (1800MHz),-80.6,-9.8,9.3,0.0,14.2,52.8
2026-07-15 02:00:00,HELS-014-2,HELS-014,Band 3 (1800MHz),-87.2,-7.2,17.6,0.0,0.0,59.6
2026-07-15 02:00:00,HELS-014-3,HELS-014,Band 3 (1800MHz),-77.5,-5.2,8.0,1.2,5.7,15.1
2026-07-15 03:00:00,HELS-001-1,HELS-001,Band 1 (2100MHz),-80.8,-9.7,9.8,36.4,7.4,36.9
2026-07-15 03:00:00,HELS-001-2,HELS-001,Band 1 (2100MHz),-95.9,-9.9,4.3,19.8,8.3,15.5
2026-07-15 03:00:00,HELS-001-3,HELS-001,Band 1 (2100MHz),-98.0,-9.7,-2.4,0.0,0.0,23.6
2026-07-15 03:00:00,HELS-002-1,HELS-002,Band 3 (1800MHz),-82.6,-9.6,9.6,16.8,0.0,31.8
2026-07-15 03:00:00,HELS-002-2,HELS-002,Band 3 (1800MHz),-82.2,-9.2,14.5,11.6,0.0,40.0
2026-07-15 03:00:00,HELS-002-3,HELS-002,Band 3 (1800MHz),-87.1,-9.3,14.9,12.5,0.0,12.8
2026-07-15 03:00:00,HELS-003-1,HELS-003,Band 1 (2100MHz),-89.2,-5.6,16.6,19.5,2.6,0.8
2026-07-15 03:00:00,HELS-003-2,HELS-003,Band 1 (2100MHz),-84.2,-5.6,13.6,17.3,0.0,7.8
2026-07-15 03:00:00,HELS-003-3,HELS-003,Band 1 (2100MHz),-86.0,-9.0,10.5,0.0,0.8,0.0
2026-07-15 03:00:00,HELS-004-1,HELS-004,Band 3 (1800MHz),-85.7,-6.0,12.9,11.0,0.0,21.9
2026-07-15 03:00:00,HELS-004-2,HELS-004,Band 3 (1800MHz),-79.9,-7.6,13.7,7.3,4.6,19.2
2026-07-15 03:00:00,HELS-004-3,HELS-004,Band 3 (1800MHz),-79.4,-5.4,15.7,12.1,14.2,10.0
2026-07-15 03:00:00,HELS-005-1,HELS-005,Band 1 (2100MHz),-99.4,-9.8,5.9,13.6,2.3,4.0
2026-07-15 03:00:00,HELS-005-2,HELS-005,Band 1 (2100MHz),-83.0,-7.7,11.1,18.6,0.0,12.5
2026-07-15 03:00:00,HELS-005-3,HELS-005,Band 1 (2100MHz),-86.2,-7.5,20.8,14.1,25.0,28.8
2026-07-15 03:00:00,HELS-006-1,HELS-006,Band 3 (1800MHz),-84.2,-10.4,13.1,6.3,4.5,24.6
2026-07-15 03:00:00,HELS-006-2,HELS-006,Band 3 (1800MHz),-88.1,-13.6,19.7,4.8,6.0,18.0
2026-07-15 03:00:00,HELS-006-3,HELS-006,Band 3 (1800MHz),-83.4,-4.9,17.5,7.3,0.0,0.0
2026-07-15 03:00:00,HELS-007-1,HELS-007,Band 1 (2100MHz),-96.6,-9.4,9.8,0.0,0.0,1.1
2026-07-15 03:00:00,HELS-007-2,HELS-007,Band 1 (2100MHz),-82.9,-11.9,7.5,14.9,0.0,0.0
2026-07-15 03:00:00,HELS-007-3,HELS-007,Band 1 (2100MHz),-79.6,-4.9,18.2,14.2,25.7,0.0
2026-07-15 03:00:00,HELS-008-1,HELS-008,Band 3 (1800MHz),-86.4,-6.9,15.7,23.8,0.0,15.1
2026-07-15 03:00:00,HELS-008-2,HELS-008,Band 3 (1800MHz),-87.6,-8.7,12.8,25.5,2.3,18.3
2026-07-15 03:00:00,HELS-008-3,HELS-008,Band 3 (1800MHz),-85.3,-5.9,15.9,13.3,18.4,29.9
2026-07-15 03:00:00,HELS-009-1,HELS-009,Band 1 (2100MHz),-88.7,-6.2,15.9,14.1,14.0,0.0
2026-07-15 03:00:00,HELS-009-2,HELS-009,Band 1 (2100MHz),-84.7,-3.3,9.2,11.6,0.0,34.6
2026-07-15 03:00:00,HELS-009-3,HELS-009,Band 1 (2100MHz),-80.2,-10.8,12.5,27.7,10.5,60.3
2026-07-15 03:00:00,HELS-010-1,HELS-010,Band 3 (1800MHz),-77.5,-6.7,12.5,24.8,0.0,44.5
2026-07-15 03:00:00,HELS-010-2,HELS-010,Band 3 (1800MHz),-81.9,-8.0,16.0,19.1,0.0,18.9
2026-07-15 03:00:00,HELS-010-3,HELS-010,Band 3 (1800MHz),-87.0,-6.3,15.6,7.7,0.0,16.2
2026-07-15 03:00:00,HELS-011-1,HELS-011,Band 1 (2100MHz),-86.1,-9.2,14.5,10.0,0.0,2.0
2026-07-15 03:00:00,HELS-011-2,HELS-011,Band 1 (2100MHz),-83.1,-6.4,11.7,36.3,0.0,0.0
2026-07-15 03:00:00,HELS-011-3,HELS-011,Band 1 (2100MHz),-86.6,-7.1,14.1,9.7,20.1,35.1
2026-07-15 03:00:00,HELS-012-1,HELS-012,Band 3 (1800MHz),-80.9,-10.8,17.7,32.5,16.7,4.4
2026-07-15 03:00:00,HELS-012-2,HELS-012,Band 3 (1800MHz),-95.8,-12.1,-2.2,6.1,7.7,20.6
2026-07-15 03:00:00,HELS-012-3,HELS-012,Band 3 (1800MHz),-86.8,-7.5,14.3,20.7,22.9,0.0
2026-07-15 03:00:00,HELS-013-1,HELS-013,Band 1 (2100MHz),-84.4,-9.3,10.3,0.7,17.2,0.0
2026-07-15 03:00:00,HELS-013-2,HELS-013,Band 1 (2100MHz),-74.9,-8.2,9.0,29.9,0.0,0.0
2026-07-15 03:00:00,HELS-013-3,HELS-013,Band 1 (2100MHz),-84.1,-7.2,12.7,17.3,2.6,9.3
2026-07-15 03:00:00,HELS-014-1,HELS-014,Band 3 (1800MHz),-81.9,-6.7,12.8,9.8,17.3,3.4
2026-07-15 03:00:00,HELS-014-2,HELS-014,Band 3 (1800MHz),-91.0,-7.8,13.4,5.4,6.3,22.6
2026-07-15 03:00:00,HELS-014-3,HELS-014,Band 3 (1800MHz),-83.4,-7.7,14.2,21.7,0.0,43.2
2026-07-15 04:00:00,HELS-001-1,HELS-001,Band 1 (2100MHz),-82.7,-10.5,16.8,25.8,0.0,51.0
2026-07-15 04:00:00,HELS-001-2,HELS-001,Band 1 (2100MHz),-88.1,-14.8,7.6,0.0,6.7,10.0
2026-07-15 04:00:00,HELS-001-3,HELS-001,Band 1 (2100MHz),-90.4,-9.6,7.8,1.2,3.2,4.2
2026-07-15 04:00:00,HELS-002-1,HELS-002,Band 3 (1800MHz),-80.3,-7.1,29.9,19.0,5.1,29.5
2026-07-15 04:00:00,HELS-002-2,HELS-002,Band 3 (1800MHz),-89.8,-8.0,10.1,5.1,7.8,23.4
2026-07-15 04:00:00,HELS-002-3,HELS-002,Band 3 (1800MHz),-77.9,-8.8,16.3,0.0,17.7,7.4
2026-07-15 04:00:00,HELS-003-1,HELS-003,Band 1 (2100MHz),-86.8,-4.3,6.8,23.9,0.0,53.0
2026-07-15 04:00:00,HELS-003-2,HELS-003,Band 1 (2100MHz),-86.5,-8.9,11.9,0.0,10.5,30.3
2026-07-15 04:00:00,HELS-003-3,HELS-003,Band 1 (2100MHz),-88.0,-10.3,15.1,2.6,12.0,35.0
2026-07-15 04:00:00,HELS-004-1,HELS-004,Band 3 (1800MHz),-80.2,-8.9,16.0,2.2,17.0,14.1
2026-07-15 04:00:00,HELS-004-2,HELS-004,Band 3 (1800MHz),-79.8,-9.6,17.2,16.5,13.1,14.1
2026-07-15 04:00:00,HELS-004-3,HELS-004,Band 3 (1800MHz),-82.7,-7.5,10.1,27.3,0.0,24.5
2026-07-15 04:00:00,HELS-005-1,HELS-005,Band 1 (2100MHz),-102.3,-13.0,4.3,13.3,16.4,15.1
2026-07-15 04:00:00,HELS-005-2,HELS-005,Band 1 (2100MHz),-84.5,-6.2,20.8,7.8,4.3,11.0
2026-07-15 04:00:00,HELS-005-3,HELS-005,Band 1 (2100MHz),-83.0,-9.2,21.8,1.8,21.1,14.8
2026-07-15 04:00:00,HELS-006-1,HELS-006,Band 3 (1800MHz),-87.4,-12.8,13.1,7.1,5.5,0.0
2026-07-15 04:00:00,HELS-006-2,HELS-006,Band 3 (1800MHz),-78.5,-4.9,7.0,18.6,13.9,14.1
2026-07-15 04:00:00,HELS-006-3,HELS-006,Band 3 (1800MHz),-87.0,-7.8,19.3,0.0,8.8,1.5
2026-07-15 04:00:00,HELS-007-1,HELS-007,Band 1 (2100MHz),-80.0,-10.4,12.0,24.4,6.8,0.0
2026-07-15 04:00:00,HELS-007-2,HELS-007,Band 1 (2100MHz),-86.7,-10.5,6.9,0.0,0.0,29.3
2026-07-15 04:00:00,HELS-007-3,HELS-007,Band 1 (2100MHz),-83.6,-10.7,9.3,7.4,9.0,10.0
2026-07-15 04:00:00,HELS-008-1,HELS-008,Band 3 (1800MHz),-87.5,-9.1,10.9,10.4,3.9,16.4
2026-07-15 04:00:00,HELS-008-2,HELS-008,Band 3 (1800MHz),-78.1,-5.2,11.9,16.4,6.3,0.0
2026-07-15 04:00:00,HELS-008-3,HELS-008,Band 3 (1800MHz),-86.6,-9.4,12.6,10.2,9.6,5.6
2026-07-15 04:00:00,HELS-009-1,HELS-009,Band 1 (2100MHz),-85.0,-5.7,9.1,6.1,25.8,32.9
2026-07-15 04:00:00,HELS-009-2,HELS-009,Band 1 (2100MHz),-82.9,-8.2,15.5,14.9,7.7,23.0
2026-07-15 04:00:00,HELS-009-3,HELS-009,Band 1 (2100MHz),-89.2,-9.0,6.4,6.2,0.0,28.0
2026-07-15 04:00:00,HELS-010-1,HELS-010,Band 3 (1800MHz),-86.4,-5.2,6.3,15.6,0.0,0.0
2026-07-15 04:00:00,HELS-010-2,HELS-010,Band 3 (1800MHz),-84.0,-7.0,19.3,0.0,0.0,14.5
2026-07-15 04:00:00,HELS-010-3,HELS-010,Band 3 (1800MHz),-79.7,-4.2,11.6,0.0,14.1,27.8
2026-07-15 04:00:00,HELS-011-1,HELS-011,Band 1 (2100MHz),-79.7,-8.8,16.6,0.4,0.5,6.1
2026-07-15 04:00:00,HELS-011-2,HELS-011,Band 1 (2100MHz),-89.3,-6.4,12.2,7.6,5.9,18.4
2026-07-15 04:00:00,HELS-011-3,HELS-011,Band 1 (2100MHz),-90.5,-12.0,11.1,9.2,0.5,0.0
2026-07-15 04:00:00,HELS-012-1,HELS-012,Band 3 (1800MHz),-85.0,-9.9,17.9,27.3,2.3,0.0
2026-07-15 04:00:00,HELS-012-2,HELS-012,Band 3 (1800MHz),-96.8,-11.6,7.3,5.0,2.6,41.0
2026-07-15 04:00:00,HELS-012-3,HELS-012,Band 3 (1800MHz),-83.7,-6.1,23.2,0.0,5.3,23.9
2026-07-15 04:00:00,HELS-013-1,HELS-013,Band 1 (2100MHz),-84.1,-7.0,6.4,6.8,5.3,28.3
2026-07-15 04:00:00,HELS-013-2,HELS-013,Band 1 (2100MHz),-83.7,-7.4,15.2,0.0,0.0,1.0
2026-07-15 04:00:00,HELS-013-3,HELS-013,Band 1 (2100MHz),-86.8,-11.1,10.8,16.4,4.4,0.0
2026-07-15 04:00:00,HELS-014-1,HELS-014,Band 3 (1800MHz),-79.8,-5.5,14.5,5.2,0.0,20.2
2026-07-15 04:00:00,HELS-014-2,HELS-014,Band 3 (1800MHz),-77.7,-8.5,20.0,2.3,11.6,53.4
2026-07-15 04:00:00,HELS-014-3,HELS-014,Band 3 (1800MHz),-83.8,-8.3,8.4,5.9,4.8,4.6
2026-07-15 05:00:00,HELS-001-1,HELS-001,Band 1 (2100MHz),-80.8,-3.8,12.6,18.2,11.6,20.0
2026-07-15 05:00:00,HELS-001-2,HELS-001,Band 1 (2100MHz),-102.3,-14.0,6.2,13.1,18.0,25.6
2026-07-15 05:00:00,HELS-001-3,HELS-001,Band 1 (2100MHz),-99.9,-9.2,3.5,40.9,3.6,8.4
2026-07-15 05:00:00,HELS-002-1,HELS-002,Band 3 (1800MHz),-87.2,-10.3,10.2,11.5,1.4,25.3
2026-07-15 05:00:00,HELS-002-2,HELS-002,Band 3 (1800MHz),-84.5,-5.8,14.0,22.2,0.0,0.0
2026-07-15 05:00:00,HELS-002-3,HELS-002,Band 3 (1800MHz),-76.5,-6.7,17.5,5.6,0.0,0.0
2026-07-15 05:00:00,HELS-003-1,HELS-003,Band 1 (2100MHz),-79.1,-8.5,8.7,21.1,0.2,53.3
2026-07-15 05:00:00,HELS-003-2,HELS-003,Band 1 (2100MHz),-81.8,-8.2,14.9,43.0,3.3,0.0
2026-07-15 05:00:00,HELS-003-3,HELS-003,Band 1 (2100MHz),-85.5,-5.6,6.6,0.0,0.0,18.6
2026-07-15 05:00:00,HELS-004-1,HELS-004,Band 3 (1800MHz),-82.6,-9.2,10.9,0.0,12.4,12.2
2026-07-15 05:00:00,HELS-004-2,HELS-004,Band 3 (1800MHz),-78.7,-8.8,16.0,22.4,0.0,24.3
2026-07-15 05:00:00,HELS-004-3,HELS-004,Band 3 (1800MHz),-88.3,-10.7,6.6,4.2,0.0,33.7
2026-07-15 05:00:00,HELS-005-1,HELS-005,Band 1 (2100MHz),-98.6,-12.0,-1.4,21.2,4.6,13.1
2026-07-15 05:00:00,HELS-005-2,HELS-005,Band 1 (2100MHz),-87.9,-6.5,20.0,0.0,5.2,4.1
2026-07-15 05:00:00,HELS-005-3,HELS-005,Band 1 (2100MHz),-81.4,-6.3,13.5,0.0,10.2,9.6
2026-07-15 05:00:00,HELS-006-1,HELS-006,Band 3 (1800MHz),-80.3,-7.3,13.0,18.7,8.3,38.2
2026-07-15 05:00:00,HELS-006-2,HELS-006,Band 3 (1800MHz),-82.2,-5.1,11.5,17.7,0.0,32.1
2026-07-15 05:00:00,HELS-006-3,HELS-006,Band 3 (1800MHz),-84.8,-5.9,19.8,4.1,0.0,0.0
2026-07-15 05:00:00,HELS-007-1,HELS-007,Band 1 (2100MHz),-82.4,-6.7,17.1,21.3,12.7,48.8
2026-07-15 05:00:00,HELS-007-2,HELS-007,Band 1 (2100MHz),-78.9,-7.2,16.7,12.9,4.7,7.4
2026-07-15 05:00:00,HELS-007-3,HELS-007,Band 1 (2100MHz),-85.1,-4.4,16.0,21.4,11.7,35.2
2026-07-15 05:00:00,HELS-008-1,HELS-008,Band 3 (1800MHz),-82.8,-8.8,12.8,8.6,0.0,33.6
2026-07-15 05:00:00,HELS-008-2,HELS-008,Band 3 (1800MHz),-86.9,-4.2,14.8,10.3,2.9,3.3
2026-07-15 05:00:00,HELS-008-3,HELS-008,Band 3 (1800MHz),-81.9,-9.8,9.3,14.8,0.0,0.0
2026-07-15 05:00:00,HELS-009-1,HELS-009,Band 1 (2100MHz),-77.8,-7.8,18.7,15.8,11.2,31.4
2026-07-15 05:00:00,HELS-009-2,HELS-009,Band 1 (2100MHz),-83.5,-5.2,5.5,5.4,20.7,20.2
2026-07-15 05:00:00,HELS-009-3,HELS-009,Band 1 (2100MHz),-83.8,-9.0,16.0,0.0,7.1,0.0
2026-07-15 05:00:00,HELS-010-1,HELS-010,Band 3 (1800MHz),-85.6,-7.6,12.6,16.2,1.8,0.0
2026-07-15 05:00:00,HELS-010-2,HELS-010,Band 3 (1800MHz),-90.6,-5.7,7.6,6.5,0.0,0.0
2026-07-15 05:00:00,HELS-010-3,HELS-010,Band 3 (1800MHz),-88.2,-9.1,7.6,7.8,32.2,0.0
2026-07-15 05:00:00,HELS-011-1,HELS-011,Band 1 (2100MHz),-86.9,-11.5,13.8,36.7,0.0,0.0
2026-07-15 05:00:00,HELS-011-2,HELS-011,Band 1 (2100MHz),-88.1,-10.3,15.8,7.3,0.0,34.4
2026-07-15 05:00:00,HELS-011-3,HELS-011,Band 1 (2100MHz),-83.6,-10.2,7.9,9.5,9.9,19.3
2026-07-15 05:00:00,HELS-012-1,HELS-012,Band 3 (1800MHz),-88.5,-6.2,13.4,10.1,14.0,33.3
2026-07-15 05:00:00,HELS-012-2,HELS-012,Band 3 (1800MHz),-94.6,-14.8,4.5,10.3,1.0,0.0
2026-07-15 05:00:00,HELS-012-3,HELS-012,Band 3 (1800MHz),-81.7,-9.6,12.0,21.0,0.0,23.1
2026-07-15 05:00:00,HELS-013-1,HELS-013,Band 1 (2100MHz),-83.1,-8.8,20.8,8.4,2.1,0.0
2026-07-15 05:00:00,HELS-013-2,HELS-013,Band 1 (2100MHz),-87.3,-10.3,13.1,0.0,0.0,12.3
2026-07-15 05:00:00,HELS-013-3,HELS-013,Band 1 (2100MHz),-85.6,-3.5,17.1,6.9,1.8,17.8
2026-07-15 05:00:00,HELS-014-1,HELS-014,Band 3 (1800MHz),-84.1,-8.9,10.4,2.5,0.0,0.0
2026-07-15 05:00:00,HELS-014-2,HELS-014,Band 3 (1800MHz),-91.2,-7.9,15.4,34.1,4.0,3.0
2026-07-15 05:00:00,HELS-014-3,HELS-014,Band 3 (1800MHz),-83.3,-11.2,11.1,2.7,0.0,0.0
2026-07-15 06:00:00,HELS-001-1,HELS-001,Band 1 (2100MHz),-85.0,-5.9,4.5,26.6,7.6,15.5
2026-07-15 06:00:00,HELS-001-2,HELS-001,Band 1 (2100MHz),-98.1,-10.7,0.6,0.0,3.6,15.5
2026-07-15 06:00:00,HELS-001-3,HELS-001,Band 1 (2100MHz),-97.9,-14.3,-1.7,35.5,8.4,45.2
2026-07-15 06:00:00,HELS-002-1,HELS-002,Band 3 (1800MHz),-87.3,-7.4,16.3,39.2,0.7,15.8
2026-07-15 06:00:00,HELS-002-2,HELS-002,Band 3 (1800MHz),-83.4,-6.7,19.5,37.7,11.4,45.5
2026-07-15 06:00:00,HELS-002-3,HELS-002,Band 3 (1800MHz),-77.7,-7.5,12.6,29.7,7.2,40.0
2026-07-15 06:00:00,HELS-003-1,HELS-003,Band 1 (2100MHz),-86.6,-8.4,10.6,17.1,12.7,46.9
2026-07-15 06:00:00,HELS-003-2,HELS-003,Band 1 (2100MHz),-88.6,-7.1,14.5,0.0,16.4,0.0
2026-07-15 06:00:00,HELS-003-3,HELS-003,Band 1 (2100MHz),-85.0,-7.3,13.7,10.4,7.4,28.3
2026-07-15 06:00:00,HELS-004-1,HELS-004,Band 3 (1800MHz),-83.1,-7.1,13.4,17.9,0.0,38.5
2026-07-15 06:00:00,HELS-004-2,HELS-004,Band 3 (1800MHz),-88.7,-13.6,11.6,11.8,6.4,55.0
2026-07-15 06:00:00,HELS-004-3,HELS-004,Band 3 (1800MHz),-85.1,-9.9,10.8,22.0,8.2,41.8
2026-07-15 06:00:00,HELS-005-1,HELS-005,Band 1 (2100MHz),-97.9,-15.3,-0.9,27.9,17.2,14.5
2026-07-15 06:00:00,HELS-005-2,HELS-005,Band 1 (2100MHz),-78.6,-9.7,7.2,19.8,13.6,4.9
2026-07-15 06:00:00,HELS-005-3,HELS-005,Band 1 (2100MHz),-82.5,-8.3,4.6,13.2,6.1,24.0
2026-07-15 06:00:00,HELS-006-1,HELS-006,Band 3 (1800MHz),-85.5,-7.9,14.0,14.2,20.8,35.6
2026-07-15 06:00:00,HELS-006-2,HELS-006,Band 3 (1800MHz),-85.1,-5.2,13.6,28.6,0.0,13.5
2026-07-15 06:00:00,HELS-006-3,HELS-006,Band 3 (1800MHz),-90.4,-8.6,12.9,29.4,11.6,7.5
2026-07-15 06:00:00,HELS-007-1,HELS-007,Band 1 (2100MHz),-88.6,-6.5,16.6,31.6,3.3,41.9
2026-07-15 06:00:00,HELS-007-2,HELS-007,Band 1 (2100MHz),-88.3,-8.1,13.8,11.2,17.6,43.2
2026-07-15 06:00:00,HELS-007-3,HELS-007,Band 1 (2100MHz),-79.2,-7.5,17.3,20.6,9.7,39.4
2026-07-15 06:00:00,HELS-008-1,HELS-008,Band 3 (1800MHz),-84.8,-9.7,2.6,20.4,27.9,45.1
2026-07-15 06:00:00,HELS-008-2,HELS-008,Band 3 (1800MHz),-87.1,-3.8,15.6,0.0,12.3,25.0
2026-07-15 06:00:00,HELS-008-3,HELS-008,Band 3 (1800MHz),-88.9,-8.4,10.3,8.8,0.0,39.3
2026-07-15 06:00:00,HELS-009-1,HELS-009,Band 1 (2100MHz),-88.8,-10.7,10.9,30.6,30.3,17.1
2026-07-15 06:00:00,HELS-009-2,HELS-009,Band 1 (2100MHz),-85.0,-2.0,15.3,37.4,23.7,38.3
2026-07-15 06:00:00,HELS-009-3,HELS-009,Band 1 (2100MHz),-84.6,-8.0,11.4,9.0,11.4,13.5
2026-07-15 06:00:00,HELS-010-1,HELS-010,Band 3 (1800MHz),-89.9,-6.4,12.1,13.3,15.5,35.6
2026-07-15 06:00:00,HELS-010-2,HELS-010,Band 3 (1800MHz),-92.6,-8.8,18.9,18.7,8.2,32.8
2026-07-15 06:00:00,HELS-010-3,HELS-010,Band 3 (1800MHz),-77.7,-6.8,9.5,1.8,22.9,28.9
2026-07-15 06:00:00,HELS-011-1,HELS-011,Band 1 (2100MHz),-80.3,-4.1,4.0,0.0,13.0,26.1
2026-07-15 06:00:00,HELS-011-2,HELS-011,Band 1 (2100MHz),-85.3,-9.2,4.6,34.6,12.6,55.4
2026-07-15 06:00:00,HELS-011-3,HELS-011,Band 1 (2100MHz),-77.6,-4.4,13.5,6.6,16.5,50.8
2026-07-15 06:00:00,HELS-012-1,HELS-012,Band 3 (1800MHz),-85.3,-9.0,17.5,0.0,0.8,10.2
2026-07-15 06:00:00,HELS-012-2,HELS-012,Band 3 (1800MHz),-98.6,-11.1,11.7,39.1,15.7,22.1
2026-07-15 06:00:00,HELS-012-3,HELS-012,Band 3 (1800MHz),-77.8,-8.4,14.8,0.0,26.8,56.8
2026-07-15 06:00:00,HELS-013-1,HELS-013,Band 1 (2100MHz),-86.3,-10.4,13.7,4.9,12.5,33.9
2026-07-15 06:00:00,HELS-013-2,HELS-013,Band 1 (2100MHz),-82.0,-7.9,4.8,0.0,23.0,18.0
2026-07-15 06:00:00,HELS-013-3,HELS-013,Band 1 (2100MHz),-82.4,-8.8,20.1,4.5,3.9,46.9
2026-07-15 06:00:00,HELS-014-1,HELS-014,Band 3 (1800MHz),-88.2,-7.3,16.2,30.8,11.3,42.1
2026-07-15 06:00:00,HELS-014-2,HELS-014,Band 3 (1800MHz),-79.0,-7.5,18.0,6.9,2.5,18.5
2026-07-15 06:00:00,HELS-014-3,HELS-014,Band 3 (1800MHz),-84.4,-8.3,12.7,33.4,33.3,24.6
2026-07-15 07:00:00,HELS-001-1,HELS-001,Band 1 (2100MHz),-77.8,-11.2,7.6,78.6,33.1,123.5
2026-07-15 07:00:00,HELS-001-2,HELS-001,Band 1 (2100MHz),-94.3,-13.6,3.2,70.5,19.8,102.4
2026-07-15 07:00:00,HELS-001-3,HELS-001,Band 1 (2100MHz),-94.3,-15.8,-0.6,55.0,40.1,129.5
2026-07-15 07:00:00,HELS-002-1,HELS-002,Band 3 (1800MHz),-79.5,-9.3,15.1,78.1,16.7,83.2
2026-07-15 07:00:00,HELS-002-2,HELS-002,Band 3 (1800MHz),-84.2,-10.0,17.3,71.5,32.6,92.7
2026-07-15 07:00:00,HELS-002-3,HELS-002,Band 3 (1800MHz),-81.9,-10.7,17.1,65.1,34.9,109.4
2026-07-15 07:00:00,HELS-003-1,HELS-003,Band 1 (2100MHz),-85.8,-10.2,11.0,65.9,39.7,95.1
2026-07-15 07:00:00,HELS-003-2,HELS-003,Band 1 (2100MHz),-86.5,-13.2,18.3,59.4,35.0,101.6
2026-07-15 07:00:00,HELS-003-3,HELS-003,Band 1 (2100MHz),-80.1,-7.9,10.0,65.2,45.1,73.1
2026-07-15 07:00:00,HELS-004-1,HELS-004,Band 3 (1800MHz),-84.3,-8.6,21.3,89.5,43.8,59.6
2026-07-15 07:00:00,HELS-004-2,HELS-004,Band 3 (1800MHz),-74.5,-12.1,14.5,61.9,44.8,85.3
2026-07-15 07:00:00,HELS-004-3,HELS-004,Band 3 (1800MHz),-83.6,-9.0,18.2,57.2,26.9,125.1
2026-07-15 07:00:00,HELS-005-1,HELS-005,Band 1 (2100MHz),-89.8,-13.2,11.6,48.1,35.9,88.9
2026-07-15 07:00:00,HELS-005-2,HELS-005,Band 1 (2100MHz),-79.2,-11.1,12.7,65.4,23.6,115.1
2026-07-15 07:00:00,HELS-005-3,HELS-005,Band 1 (2100MHz),-84.8,-8.4,14.9,52.0,41.9,80.9
2026-07-15 07:00:00,HELS-006-1,HELS-006,Band 3 (1800MHz),-80.7,-13.9,17.0,67.7,37.8,110.8
2026-07-15 07:00:00,HELS-006-2,HELS-006,Band 3 (1800MHz),-82.4,-9.5,21.9,73.9,43.6,105.3
2026-07-15 07:00:00,HELS-006-3,HELS-006,Band 3 (1800MHz),-90.2,-13.2,7.7,77.8,36.7,67.8
2026-07-15 07:00:00,HELS-007-1,HELS-007,Band 1 (2100MHz),-79.7,-8.0,14.7,53.7,35.7,120.0
2026-07-15 07:00:00,HELS-007-2,HELS-007,Band 1 (2100MHz),-88.0,-9.2,11.9,65.7,41.7,153.2
2026-07-15 07:00:00,HELS-007-3,HELS-007,Band 1 (2100MHz),-85.0,-10.1,12.6,84.9,25.2,102.1
2026-07-15 07:00:00,HELS-008-1,HELS-008,Band 3 (1800MHz),-85.3,-9.7,14.6,77.7,27.5,102.5
2026-07-15 07:00:00,HELS-008-2,HELS-008,Band 3 (1800MHz),-83.5,-11.6,13.9,58.4,37.7,119.2
2026-07-15 07:00:00,HELS-008-3,HELS-008,Band 3 (1800MHz),-76.1,-14.0,14.1,66.2,37.1,99.6
2026-07-15 07:00:00,HELS-009-1,HELS-009,Band 1 (2100MHz),-84.5,-12.9,11.1,41.1,31.4,106.5
2026-07-15 07:00:00,HELS-009-2,HELS-009,Band 1 (2100MHz),-88.1,-10.7,4.2,48.0,34.6,125.6
2026-07-15 07:00:00,HELS-009-3,HELS-009,Band 1 (2100MHz),-89.5,-10.5,13.4,75.0,38.5,92.3
2026-07-15 07:00:00,HELS-010-1,HELS-010,Band 3 (1800MHz),-79.2,-11.3,2.9,71.7,25.6,95.5
2026-07-15 07:00:00,HELS-010-2,HELS-010,Band 3 (1800MHz),-85.7,-10.2,17.8,60.5,39.4,105.3
2026-07-15 07:00:00,HELS-010-3,HELS-010,Band 3 (1800MHz),-84.0,-9.2,17.3,47.6,37.0,116.4
2026-07-15 07:00:00,HELS-011-1,HELS-011,Band 1 (2100MHz),-85.7,-12.1,12.0,54.5,18.9,128.5
2026-07-15 07:00:00,HELS-011-2,HELS-011,Band 1 (2100MHz),-92.0,-12.5,17.3,64.9,38.5,103.8
2026-07-15 07:00:00,HELS-011-3,HELS-011,Band 1 (2100MHz),-84.2,-13.0,8.5,66.1,42.8,88.6
2026-07-15 07:00:00,HELS-012-1,HELS-012,Band 3 (1800MHz),-85.0,-9.5,16.3,65.0,34.9,152.9
2026-07-15 07:00:00,HELS-012-2,HELS-012,Band 3 (1800MHz),-90.7,-17.7,10.5,60.2,33.5,169.1
2026-07-15 07:00:00,HELS-012-3,HELS-012,Band 3 (1800MHz),-85.2,-13.5,11.7,64.3,42.5,124.1
2026-07-15 07:00:00,HELS-013-1,HELS-013,Band 1 (2100MHz),-84.0,-13.2,5.6,73.0,44.5,86.4
2026-07-15 07:00:00,HELS-013-2,HELS-013,Band 1 (2100MHz),-81.7,-10.8,2.9,53.2,43.2,115.7
2026-07-15 07:00:00,HELS-013-3,HELS-013,Band 1 (2100MHz),-84.6,-6.1,20.4,63.9,42.1,130.0
2026-07-15 07:00:00,HELS-014-1,HELS-014,Band 3 (1800MHz),-86.5,-11.4,11.0,45.1,42.8,99.2
2026-07-15 07:00:00,HELS-014-2,HELS-014,Band 3 (1800MHz),-88.6,-6.9,5.7,81.2,38.3,99.8
2026-07-15 07:00:00,HELS-014-3,HELS-014,Band 3 (1800MHz),-80.5,-10.7,12.4,71.5,36.7,66.8
2026-07-15 08:00:00,HELS-001-1,HELS-001,Band 1 (2100MHz),-86.4,-13.4,12.4,96.1,54.3,120.7
2026-07-15 08:00:00,HELS-001-2,HELS-001,Band 1 (2100MHz),-94.3,-16.2,8.9,89.6,51.0,148.7
2026-07-15 08:00:00,HELS-001-3,HELS-001,Band 1 (2100MHz),-91.0,-18.1,12.1,85.9,47.2,155.8
2026-07-15 08:00:00,HELS-002-1,HELS-002,Band 3 (1800MHz),-86.6,-7.0,5.5,67.9,58.2,113.6
2026-07-15 08:00:00,HELS-002-2,HELS-002,Band 3 (1800MHz),-80.3,-12.9,15.6,84.2,30.2,151.4
2026-07-15 08:00:00,HELS-002-3,HELS-002,Band 3 (1800MHz),-80.0,-11.5,15.0,60.9,44.7,145.4
2026-07-15 08:00:00,HELS-003-1,HELS-003,Band 1 (2100MHz),-86.2,-13.5,20.0,74.2,44.3,96.3
2026-07-15 08:00:00,HELS-003-2,HELS-003,Band 1 (2100MHz),-89.5,-12.2,18.2,93.3,51.7,153.2
2026-07-15 08:00:00,HELS-003-3,HELS-003,Band 1 (2100MHz),-84.5,-10.2,10.4,83.3,41.8,136.4
2026-07-15 08:00:00,HELS-004-1,HELS-004,Band 3 (1800MHz),-82.8,-12.8,4.6,99.2,34.8,163.2
2026-07-15 08:00:00,HELS-004-2,HELS-004,Band 3 (1800MHz),-80.2,-10.1,9.7,82.7,66.8,148.6
2026-07-15 08:00:00,HELS-004-3,HELS-004,Band 3 (1800MHz),-87.2,-15.0,15.3,68.2,48.1,128.4
2026-07-15 08:00:00,HELS-005-1,HELS-005,Band 1 (2100MHz),-95.3,-16.1,8.5,81.7,42.8,103.1
2026-07-15 08:00:00,HELS-005-2,HELS-005,Band 1 (2100MHz),-81.9,-11.6,14.4,89.6,35.2,131.0
2026-07-15 08:00:00,HELS-005-3,HELS-005,Band 1 (2100MHz),-86.1,-14.0,11.1,89.6,52.1,149.8
2026-07-15 08:00:00,HELS-006-1,HELS-006,Band 3 (1800MHz),-84.7,-11.4,14.0,100.0,54.3,152.0
2026-07-15 08:00:00,HELS-006-2,HELS-006,Band 3 (1800MHz),-82.4,-10.4,18.3,75.8,46.2,131.4
2026-07-15 08:00:00,HELS-006-3,HELS-006,Band 3 (1800MHz),-85.2,-7.9,7.2,73.2,34.3,153.2
2026-07-15 08:00:00,HELS-007-1,HELS-007,Band 1 (2100MHz),-84.9,-12.5,11.9,89.0,60.6,116.0
2026-07-15 08:00:00,HELS-007-2,HELS-007,Band 1 (2100MHz),-94.2,-10.1,13.6,69.1,39.0,144.3
2026-07-15 08:00:00,HELS-007-3,HELS-007,Band 1 (2100MHz),-84.0,-13.3,3.5,92.8,58.2,122.1
2026-07-15 08:00:00,HELS-008-1,HELS-008,Band 3 (1800MHz),-76.7,-15.7,4.8,78.1,45.0,120.0
2026-07-15 08:00:00,HELS-008-2,HELS-008,Band 3 (1800MHz),-87.4,-10.2,5.7,91.3,45.2,161.8
2026-07-15 08:00:00,HELS-008-3,HELS-008,Band 3 (1800MHz),-87.9,-10.8,13.7,94.3,32.0,131.6
2026-07-15 08:00:00,HELS-009-1,HELS-009,Band 1 (2100MHz),-88.9,-9.3,9.9,91.2,37.5,97.4
2026-07-15 08:00:00,HELS-009-2,HELS-009,Band 1 (2100MHz),-83.6,-9.7,22.5,98.8,57.3,176.7
2026-07-15 08:00:00,HELS-009-3,HELS-009,Band 1 (2100MHz),-87.1,-10.7,13.2,80.6,50.5,145.4
2026-07-15 08:00:00,HELS-010-1,HELS-010,Band 3 (1800MHz),-82.7,-14.1,17.2,77.5,37.3,167.5
2026-07-15 08:00:00,HELS-010-2,HELS-010,Band 3 (1800MHz),-85.2,-14.4,16.2,85.6,50.8,136.7
2026-07-15 08:00:00,HELS-010-3,HELS-010,Band 3 (1800MHz),-89.5,-14.5,5.2,87.2,41.6,165.1
2026-07-15 08:00:00,HELS-011-1,HELS-011,Band 1 (2100MHz),-86.4,-14.8,0.3,78.5,49.1,88.8
2026-07-15 08:00:00,HELS-011-2,HELS-011,Band 1 (2100MHz),-83.9,-12.8,11.5,73.6,45.2,155.7
2026-07-15 08:00:00,HELS-011-3,HELS-011,Band 1 (2100MHz),-81.8,-5.5,14.1,77.5,61.6,155.0
2026-07-15 08:00:00,HELS-012-1,HELS-012,Band 3 (1800MHz),-89.2,-11.9,2.0,100.0,37.5,154.0
2026-07-15 08:00:00,HELS-012-2,HELS-012,Band 3 (1800MHz),-99.1,-17.7,7.9,95.6,61.4,141.6
2026-07-15 08:00:00,HELS-012-3,HELS-012,Band 3 (1800MHz),-84.0,-15.6,18.9,77.6,54.7,156.9
2026-07-15 08:00:00,HELS-013-1,HELS-013,Band 1 (2100MHz),-79.5,-10.0,15.0,78.1,41.1,127.4
2026-07-15 08:00:00,HELS-013-2,HELS-013,Band 1 (2100MHz),-85.6,-10.2,15.3,68.3,52.4,119.5
2026-07-15 08:00:00,HELS-013-3,HELS-013,Band 1 (2100MHz),-99.0,-11.2,18.0,73.7,52.5,147.9
2026-07-15 08:00:00,HELS-014-1,HELS-014,Band 3 (1800MHz),-81.2,-12.5,17.4,99.4,58.1,164.1
2026-07-15 08:00:00,HELS-014-2,HELS-014,Band 3 (1800MHz),-87.0,-13.3,12.1,85.9,58.5,132.5
2026-07-15 08:00:00,HELS-014-3,HELS-014,Band 3 (1800MHz),-89.9,-14.2,7.1,91.7,62.9,93.0
2026-07-15 09:00:00,HELS-001-1,HELS-001,Band 1 (2100MHz),-93.1,-6.8,5.5,75.3,36.4,140.3
2026-07-15 09:00:00,HELS-001-2,HELS-001,Band 1 (2100MHz),-97.0,-17.2,-1.9,57.9,28.6,97.8
2026-07-15 09:00:00,HELS-001-3,HELS-001,Band 1 (2100MHz),-98.7,-16.3,6.8,49.6,32.8,127.4
2026-07-15 09:00:00,HELS-002-1,HELS-002,Band 3 (1800MHz),-78.2,-12.1,20.6,79.8,31.7,104.4
2026-07-15 09:00:00,HELS-002-2,HELS-002,Band 3 (1800MHz),-90.8,-8.5,17.5,58.0,21.9,101.8
2026-07-15 09:00:00,HELS-002-3,HELS-002,Band 3 (1800MHz),-83.8,-11.9,19.8,55.6,38.5,85.6
2026-07-15 09:00:00,HELS-003-1,HELS-003,Band 1 (2100MHz),-83.4,-9.0,9.0,64.3,32.9,123.2
2026-07-15 09:00:00,HELS-003-2,HELS-003,Band 1 (2100MHz),-89.5,-10.3,11.0,59.3,38.2,123.9
2026-07-15 09:00:00,HELS-003-3,HELS-003,Band 1 (2100MHz),-84.5,-12.9,19.9,67.9,33.7,130.8
2026-07-15 09:00:00,HELS-004-1,HELS-004,Band 3 (1800MHz),-87.8,-12.5,12.7,64.8,29.4,94.8
2026-07-15 09:00:00,HELS-004-2,HELS-004,Band 3 (1800MHz),-78.3,-11.7,17.9,72.6,46.7,109.6
2026-07-15 09:00:00,HELS-004-3,HELS-004,Band 3 (1800MHz),-89.2,-10.4,18.3,67.5,38.4,105.7
2026-07-15 09:00:00,HELS-005-1,HELS-005,Band 1 (2100MHz),-99.2,-15.1,-1.7,68.6,47.5,128.9
2026-07-15 09:00:00,HELS-005-2,HELS-005,Band 1 (2100MHz),-81.3,-12.8,15.0,35.8,25.4,88.3
2026-07-15 09:00:00,HELS-005-3,HELS-005,Band 1 (2100MHz),-83.3,-12.9,10.9,68.1,55.1,103.2
2026-07-15 09:00:00,HELS-006-1,HELS-006,Band 3 (1800MHz),-84.6,-13.9,18.0,73.1,41.3,106.9
2026-07-15 09:00:00,HELS-006-2,HELS-006,Band 3 (1800MHz),-85.9,-8.8,13.0,68.6,46.3,119.2
2026-07-15 09:00:00,HELS-006-3,HELS-006,Band 3 (1800MHz),-81.0,-14.0,15.4,59.8,42.7,66.4
2026-07-15 09:00:00,HELS-007-1,HELS-007,Band 1 (2100MHz),-85.3,-15.0,13.5,50.1,41.1,118.6
2026-07-15 09:00:00,HELS-007-2,HELS-007,Band 1 (2100MHz),-83.7,-13.0,16.0,57.6,24.2,94.0
2026-07-15 09:00:00,HELS-007-3,HELS-007,Band 1 (2100MHz),-77.6,-12.6,15.8,52.8,49.7,104.0
2026-07-15 09:00:00,HELS-008-1,HELS-008,Band 3 (1800MHz),-86.9,-11.9,0.7,55.5,26.4,105.3
2026-07-15 09:00:00,HELS-008-2,HELS-008,Band 3 (1800MHz),-87.3,-11.5,10.6,62.9,46.1,163.9
2026-07-15 09:00:00,HELS-008-3,HELS-008,Band 3 (1800MHz),-87.2,-12.5,8.9,55.3,47.7,132.8
2026-07-15 09:00:00,HELS-009-1,HELS-009,Band 1 (2100MHz),-87.4,-10.2,9.0,71.7,26.2,77.3
2026-07-15 09:00:00,HELS-009-2,HELS-009,Band 1 (2100MHz),-87.9,-11.4,22.5,76.0,44.2,166.2
2026-07-15 09:00:00,HELS-009-3,HELS-009,Band 1 (2100MHz),-89.7,-12.8,8.4,84.7,35.7,134.8
2026-07-15 09:00:00,HELS-010-1,HELS-010,Band 3 (1800MHz),-80.7,-9.6,19.8,75.4,40.5,148.4
2026-07-15 09:00:00,HELS-010-2,HELS-010,Band 3 (1800MHz),-89.4,-10.2,17.7,67.8,48.3,116.5
2026-07-15 09:00:00,HELS-010-3,HELS-010,Band 3 (1800MHz),-85.3,-13.0,11.6,82.4,45.9,79.7
2026-07-15 09:00:00,HELS-011-1,HELS-011,Band 1 (2100MHz),-84.6,-8.7,16.8,62.2,29.6,92.6
2026-07-15 09:00:00,HELS-011-2,HELS-011,Band 1 (2100MHz),-79.1,-13.2,9.5,80.0,27.0,41.1
2026-07-15 09:00:00,HELS-011-3,HELS-011,Band 1 (2100MHz),-81.4,-7.9,17.1,81.0,24.0,101.3
2026-07-15 09:00:00,HELS-012-1,HELS-012,Band 3 (1800MHz),-85.6,-13.0,7.1,57.8,28.3,92.4
2026-07-15 09:00:00,HELS-012-2,HELS-012,Band 3 (1800MHz),-92.6,-17.7,1.7,48.3,49.4,72.9
2026-07-15 09:00:00,HELS-012-3,HELS-012,Band 3 (1800MHz),-80.9,-12.5,17.4,73.9,39.2,111.6
2026-07-15 09:00:00,HELS-013-1,HELS-013,Band 1 (2100MHz),-77.9,-14.6,16.3,63.7,46.1,70.4
2026-07-15 09:00:00,HELS-013-2,HELS-013,Band 1 (2100MHz),-78.7,-10.8,7.9,48.0,34.4,137.4
2026-07-15 09:00:00,HELS-013-3,HELS-013,Band 1 (2100MHz),-85.5,-10.3,16.0,48.4,29.2,84.0
2026-07-15 09:00:00,HELS-014-1,HELS-014,Band 3 (1800MHz),-88.2,-9.1,14.6,62.1,43.7,104.7
2026-07-15 09:00:00,HELS-014-2,HELS-014,Band 3 (1800MHz),-85.2,-13.3,10.7,66.5,42.8,107.4
2026-07-15 09:00:00,HELS-014-3,HELS-014,Band 3 (1800MHz),-81.4,-12.7,14.3,71.3,28.3,69.5
2026-07-15 10:00:00,HELS-001-1,HELS-001,Band 1 (2100MHz),-88.4,-10.3,21.6,41.3,0.0,20.2
2026-07-15 10:00:00,HELS-001-2,HELS-001,Band 1 (2100MHz),-97.6,-16.2,12.1,26.6,1.2,12.1
2026-07-15 10:00:00,HELS-001-3,HELS-001,Band 1 (2100MHz),-98.9,-14.5,4.1,25.6,0.0,26.5
2026-07-15 10:00:00,HELS-002-1,HELS-002,Band 3 (1800MHz),-89.6,-7.7,16.4,35.6,19.9,23.8
2026-07-15 10:00:00,HELS-002-2,HELS-002,Band 3 (1800MHz),-78.4,-7.1,18.3,14.2,3.8,40.3
2026-07-15 10:00:00,HELS-002-3,HELS-002,Band 3 (1800MHz),-82.2,-10.4,8.3,0.0,24.6,20.9
2026-07-15 10:00:00,HELS-003-1,HELS-003,Band 1 (2100MHz),-88.4,-10.7,16.5,14.7,5.0,18.4
2026-07-15 10:00:00,HELS-003-2,HELS-003,Band 1 (2100MHz),-82.1,-9.0,13.4,33.1,8.7,58.6
2026-07-15 10:00:00,HELS-003-3,HELS-003,Band 1 (2100MHz),-86.0,-7.6,10.5,15.0,7.2,31.8
2026-07-15 10:00:00,HELS-004-1,HELS-004,Band 3 (1800MHz),-81.4,-7.5,7.8,9.1,18.9,0.0
2026-07-15 10:00:00,HELS-004-2,HELS-004,Band 3 (1800MHz),-84.1,-8.7,7.5,21.2,13.0,43.5
2026-07-15 10:00:00,HELS-004-3,HELS-004,Band 3 (1800MHz),-81.3,-5.4,11.1,30.5,2.7,23.8
2026-07-15 10:00:00,HELS-005-1,HELS-005,Band 1 (2100MHz),-95.2,-9.3,9.5,32.9,22.9,40.3
2026-07-15 10:00:00,HELS-005-2,HELS-005,Band 1 (2100MHz),-83.2,-10.1,13.9,10.8,16.7,31.3
2026-07-15 10:00:00,HELS-005-3,HELS-005,Band 1 (2100MHz),-84.7,-11.4,16.6,12.0,4.6,35.1
2026-07-15 10:00:00,HELS-006-1,HELS-006,Band 3 (1800MHz),-82.0,-8.3,15.9,4.9,17.0,31.5
2026-07-15 10:00:00,HELS-006-2,HELS-006,Band 3 (1800MHz),-81.9,-6.1,9.6,32.4,3.2,65.6
2026-07-15 10:00:00,HELS-006-3,HELS-006,Band 3 (1800MHz),-82.8,-3.4,12.2,38.8,22.6,11.8
2026-07-15 10:00:00,HELS-007-1,HELS-007,Band 1 (2100MHz),-83.3,-9.3,12.5,29.9,14.3,62.7
2026-07-15 10:00:00,HELS-007-2,HELS-007,Band 1 (2100MHz),-81.3,-9.3,13.2,31.4,7.0,3.5
2026-07-15 10:00:00,HELS-007-3,HELS-007,Band 1 (2100MHz),-78.2,-12.0,11.6,17.5,4.1,25.1
2026-07-15 10:00:00,HELS-008-1,HELS-008,Band 3 (1800MHz),-85.4,-10.2,2.7,8.0,15.9,17.4
2026-07-15 10:00:00,HELS-008-2,HELS-008,Band 3 (1800MHz),-85.7,-6.5,4.0,18.5,0.0,0.0
2026-07-15 10:00:00,HELS-008-3,HELS-008,Band 3 (1800MHz),-85.4,-6.9,13.2,20.1,0.0,47.9
2026-07-15 10:00:00,HELS-009-1,HELS-009,Band 1 (2100MHz),-80.5,-10.4,7.0,9.8,4.0,21.2
2026-07-15 10:00:00,HELS-009-2,HELS-009,Band 1 (2100MHz),-89.6,-10.0,18.1,21.8,10.8,33.8
2026-07-15 10:00:00,HELS-009-3,HELS-009,Band 1 (2100MHz),-87.8,-12.6,8.6,24.8,5.9,69.6
2026-07-15 10:00:00,HELS-010-1,HELS-010,Band 3 (1800MHz),-85.0,-7.2,7.6,24.7,12.1,31.8
2026-07-15 10:00:00,HELS-010-2,HELS-010,Band 3 (1800MHz),-78.1,-13.4,17.8,24.6,8.7,13.1
2026-07-15 10:00:00,HELS-010-3,HELS-010,Band 3 (1800MHz),-87.5,-6.6,15.6,29.1,20.1,45.8
2026-07-15 10:00:00,HELS-011-1,HELS-011,Band 1 (2100MHz),-87.0,-11.5,6.0,20.9,10.5,37.9
2026-07-15 10:00:00,HELS-011-2,HELS-011,Band 1 (2100MHz),-92.7,-5.1,11.7,12.0,18.6,56.5
2026-07-15 10:00:00,HELS-011-3,HELS-011,Band 1 (2100MHz),-84.3,-9.1,2.4,13.5,16.8,27.8
2026-07-15 10:00:00,HELS-012-1,HELS-012,Band 3 (1800MHz),-81.6,-5.2,14.7,7.6,8.9,30.2
2026-07-15 10:00:00,HELS-012-2,HELS-012,Band 3 (1800MHz),-96.5,-12.9,4.5,18.0,1.4,11.0
2026-07-15 10:00:00,HELS-012-3,HELS-012,Band 3 (1800MHz),-87.3,-9.0,8.0,19.1,13.7,42.3
2026-07-15 10:00:00,HELS-013-1,HELS-013,Band 1 (2100MHz),-86.8,-5.0,8.6,5.1,14.7,20.4
2026-07-15 10:00:00,HELS-013-2,HELS-013,Band 1 (2100MHz),-88.0,-8.8,13.1,16.0,0.0,20.0
2026-07-15 10:00:00,HELS-013-3,HELS-013,Band 1 (2100MHz),-78.5,-6.2,24.5,26.1,14.7,24.4
2026-07-15 10:00:00,HELS-014-1,HELS-014,Band 3 (1800MHz),-85.2,-11.7,14.5,17.1,5.7,15.3
2026-07-15 10:00:00,HELS-014-2,HELS-014,Band 3 (1800MHz),-83.1,-10.2,12.6,16.0,15.9,29.2
2026-07-15 10:00:00,HELS-014-3,HELS-014,Band 3 (1800MHz),-92.2,-8.9,15.9,26.8,8.5,16.4
2026-07-15 11:00:00,HELS-001-1,HELS-001,Band 1 (2100MHz),-85.7,-15.1,14.9,56.7,30.7,96.0
2026-07-15 11:00:00,HELS-001-2,HELS-001,Band 1 (2100MHz),-93.8,-14.0,7.8,43.4,26.1,136.4
2026-07-15 11:00:00,HELS-001-3,HELS-001,Band 1 (2100MHz),-95.9,-17.5,16.2,80.3,29.2,110.8
2026-07-15 11:00:00,HELS-002-1,HELS-002,Band 3 (1800MHz),-83.2,-7.6,12.6,38.2,28.8,117.8
2026-07-15 11:00:00,HELS-002-2,HELS-002,Band 3 (1800MHz),-86.4,-9.2,2.5,33.2,31.8,97.8
2026-07-15 11:00:00,HELS-002-3,HELS-002,Band 3 (1800MHz),-76.8,-12.5,17.4,58.1,31.3,94.1
2026-07-15 11:00:00,HELS-003-1,HELS-003,Band 1 (2100MHz),-83.5,-10.0,18.6,60.2,37.3,118.2
2026-07-15 11:00:00,HELS-003-2,HELS-003,Band 1 (2100MHz),-86.6,-9.9,12.2,59.8,31.1,86.8
2026-07-15 11:00:00,HELS-003-3,HELS-003,Band 1 (2100MHz),-84.4,-9.0,17.7,61.1,40.8,100.6
2026-07-15 11:00:00,HELS-004-1,HELS-004,Band 3 (1800MHz),-87.1,-10.4,11.6,81.8,43.5,100.4
2026-07-15 11:00:00,HELS-004-2,HELS-004,Band 3 (1800MHz),-84.2,-11.8,4.6,52.2,28.9,50.5
2026-07-15 11:00:00,HELS-004-3,HELS-004,Band 3 (1800MHz),-89.9,-14.7,21.3,53.1,37.7,85.7
2026-07-15 11:00:00,HELS-005-1,HELS-005,Band 1 (2100MHz),-99.6,-15.6,8.2,62.2,33.5,76.6
2026-07-15 11:00:00,HELS-005-2,HELS-005,Band 1 (2100MHz),-88.6,-10.5,9.3,55.5,23.0,83.0
2026-07-15 11:00:00,HELS-005-3,HELS-005,Band 1 (2100MHz),-72.2,-12.0,14.3,47.0,43.3,72.2
2026-07-15 11:00:00,HELS-006-1,HELS-006,Band 3 (1800MHz),-81.5,-9.9,8.0,37.5,43.4,37.1
2026-07-15 11:00:00,HELS-006-2,HELS-006,Band 3 (1800MHz),-89.3,-9.1,15.3,70.7,25.7,92.5
2026-07-15 11:00:00,HELS-006-3,HELS-006,Band 3 (1800MHz),-80.4,-6.7,18.4,52.2,28.9,116.4
2026-07-15 11:00:00,HELS-007-1,HELS-007,Band 1 (2100MHz),-77.1,-10.2,1.0,50.4,47.1,119.1
2026-07-15 11:00:00,HELS-007-2,HELS-007,Band 1 (2100MHz),-86.8,-11.4,22.9,55.3,39.1,115.3
2026-07-15 11:00:00,HELS-007-3,HELS-007,Band 1 (2100MHz),-83.4,-10.2,8.7,53.2,27.0,82.5
2026-07-15 11:00:00,HELS-008-1,HELS-008,Band 3 (1800MHz),-85.0,-11.6,21.0,68.5,38.2,49.2
2026-07-15 11:00:00,HELS-008-2,HELS-008,Band 3 (1800MHz),-86.7,-8.2,5.0,33.7,27.3,87.5
2026-07-15 11:00:00,HELS-008-3,HELS-008,Band 3 (1800MHz),-83.5,-12.9,14.6,40.3,39.8,87.4
2026-07-15 11:00:00,HELS-009-1,HELS-009,Band 1 (2100MHz),-83.0,-11.4,13.4,74.9,26.6,81.9
2026-07-15 11:00:00,HELS-009-2,HELS-009,Band 1 (2100MHz),-93.9,-7.3,11.2,44.8,12.2,113.9
2026-07-15 11:00:00,HELS-009-3,HELS-009,Band 1 (2100MHz),-86.9,-11.8,8.6,64.2,44.5,100.2
2026-07-15 11:00:00,HELS-010-1,HELS-010,Band 3 (1800MHz),-82.6,-12.6,21.9,54.1,31.0,116.5
2026-07-15 11:00:00,HELS-010-2,HELS-010,Band 3 (1800MHz),-92.4,-12.3,5.7,68.9,33.1,94.2
2026-07-15 11:00:00,HELS-010-3,HELS-010,Band 3 (1800MHz),-84.2,-10.5,23.7,47.4,32.8,92.1
2026-07-15 11:00:00,HELS-011-1,HELS-011,Band 1 (2100MHz),-86.3,-10.1,11.9,58.1,44.1,82.4
2026-07-15 11:00:00,HELS-011-2,HELS-011,Band 1 (2100MHz),-79.3,-12.7,9.7,54.5,40.6,91.2
2026-07-15 11:00:00,HELS-011-3,HELS-011,Band 1 (2100MHz),-84.7,-10.2,11.0,58.4,32.3,104.8
2026-07-15 11:00:00,HELS-012-1,HELS-012,Band 3 (1800MHz),-75.7,-10.6,11.3,65.8,42.8,108.3
2026-07-15 11:00:00,HELS-012-2,HELS-012,Band 3 (1800MHz),-95.8,-14.1,6.7,61.5,39.7,83.1
2026-07-15 11:00:00,HELS-012-3,HELS-012,Band 3 (1800MHz),-88.7,-12.1,20.8,43.4,32.6,98.6
2026-07-15 11:00:00,HELS-013-1,HELS-013,Band 1 (2100MHz),-93.1,-9.0,9.3,29.8,33.6,75.7
2026-07-15 11:00:00,HELS-013-2,HELS-013,Band 1 (2100MHz),-79.5,-11.4,1.2,55.9,34.8,50.6
2026-07-15 11:00:00,HELS-013-3,HELS-013,Band 1 (2100MHz),-78.4,-14.1,9.3,78.1,26.0,139.3
2026-07-15 11:00:00,HELS-014-1,HELS-014,Band 3 (1800MHz),-81.9,-11.2,16.9,48.5,41.8,85.1
2026-07-15 11:00:00,HELS-014-2,HELS-014,Band 3 (1800MHz),-86.7,-11.8,13.5,56.5,35.9,116.4
2026-07-15 11:00:00,HELS-014-3,HELS-014,Band 3 (1800MHz),-79.8,-10.4,13.3,56.6,49.6,87.1
2026-07-15 12:00:00,HELS-001-1,HELS-001,Band 1 (2100MHz),-81.8,-15.0,13.9,51.9,32.7,116.0
2026-07-15 12:00:00,HELS-001-2,HELS-001,Band 1 (2100MHz),-95.6,-11.1,1.9,49.3,32.3,83.6
2026-07-15 12:00:00,HELS-001-3,HELS-001,Band 1 (2100MHz),-98.0,-15.2,3.9,28.2,40.4,98.9
2026-07-15 12:00:00,HELS-002-1,HELS-002,Band 3 (1800MHz),-76.2,-10.5,9.0,62.3,36.6,82.2
2026-07-15 12:00:00,HELS-002-2,HELS-002,Band 3 (1800MHz),-84.0,-10.9,11.7,56.3,39.4,101.2
2026-07-15 12:00:00,HELS-002-3,HELS-002,Band 3 (1800MHz),-86.8,-10.6,13.9,56.8,34.8,107.3
2026-07-15 12:00:00,HELS-003-1,HELS-003,Band 1 (2100MHz),-85.3,-12.4,10.4,73.5,43.3,116.9
2026-07-15 12:00:00,HELS-003-2,HELS-003,Band 1 (2100MHz),-92.2,-11.9,10.9,37.2,45.3,115.7
2026-07-15 12:00:00,HELS-003-3,HELS-003,Band 1 (2100MHz),-85.9,-9.0,12.9,36.7,31.3,102.1
2026-07-15 12:00:00,HELS-004-1,HELS-004,Band 3 (1800MHz),-91.2,-14.1,11.7,55.3,33.9,108.4
2026-07-15 12:00:00,HELS-004-2,HELS-004,Band 3 (1800MHz),-80.6,-8.7,15.0,63.7,22.8,100.0
2026-07-15 12:00:00,HELS-004-3,HELS-004,Band 3 (1800MHz),-83.9,-9.3,5.6,48.5,31.1,79.3
2026-07-15 12:00:00,HELS-005-1,HELS-005,Band 1 (2100MHz),-97.0,-12.9,-1.6,61.5,30.2,90.8
2026-07-15 12:00:00,HELS-005-2,HELS-005,Band 1 (2100MHz),-85.8,-11.5,26.6,45.0,44.9,74.3
2026-07-15 12:00:00,HELS-005-3,HELS-005,Band 1 (2100MHz),-86.8,-8.7,12.0,75.3,35.4,79.8
2026-07-15 12:00:00,HELS-006-1,HELS-006,Band 3 (1800MHz),-82.0,-11.5,19.0,34.8,28.8,108.3
2026-07-15 12:00:00,HELS-006-2,HELS-006,Band 3 (1800MHz),-89.4,-9.4,13.7,54.9,24.5,74.6
2026-07-15 12:00:00,HELS-006-3,HELS-006,Band 3 (1800MHz),-92.9,-9.5,5.9,63.5,39.4,103.3
2026-07-15 12:00:00,HELS-007-1,HELS-007,Band 1 (2100MHz),-82.2,-10.1,17.0,61.3,44.1,87.0
2026-07-15 12:00:00,HELS-007-2,HELS-007,Band 1 (2100MHz),-83.3,-11.1,17.8,44.5,35.5,101.5
2026-07-15 12:00:00,HELS-007-3,HELS-007,Band 1 (2100MHz),-80.8,-15.3,9.7,56.3,38.1,104.1
2026-07-15 12:00:00,HELS-008-1,HELS-008,Band 3 (1800MHz),-88.0,-13.9,14.4,54.5,34.4,45.4
2026-07-15 12:00:00,HELS-008-2,HELS-008,Band 3 (1800MHz),-92.2,-9.6,10.1,58.8,33.0,66.5
2026-07-15 12:00:00,HELS-008-3,HELS-008,Band 3 (1800MHz),-84.6,-8.3,13.6,69.0,29.9,88.1
2026-07-15 12:00:00,HELS-009-1,HELS-009,Band 1 (2100MHz),-83.0,-10.6,17.5,70.0,12.2,75.5
2026-07-15 12:00:00,HELS-009-2,HELS-009,Band 1 (2100MHz),-88.0,-9.5,11.0,50.8,21.1,56.0
2026-07-15 12:00:00,HELS-009-3,HELS-009,Band 1 (2100MHz),-82.7,-9.0,13.9,66.5,33.4,88.8
2026-07-15 12:00:00,HELS-010-1,HELS-010,Band 3 (1800MHz),-83.4,-9.6,28.5,67.5,27.8,84.6
2026-07-15 12:00:00,HELS-010-2,HELS-010,Band 3 (1800MHz),-84.3,-12.4,7.9,55.8,26.2,72.5
2026-07-15 12:00:00,HELS-010-3,HELS-010,Band 3 (1800MHz),-80.4,-10.4,7.0,42.3,34.9,130.1
2026-07-15 12:00:00,HELS-011-1,HELS-011,Band 1 (2100MHz),-83.5,-11.1,17.7,83.3,39.0,84.1
2026-07-15 12:00:00,HELS-011-2,HELS-011,Band 1 (2100MHz),-83.2,-12.5,3.4,67.4,36.0,94.6
2026-07-15 12:00:00,HELS-011-3,HELS-011,Band 1 (2100MHz),-79.7,-9.8,12.8,64.8,31.1,71.5
2026-07-15 12:00:00,HELS-012-1,HELS-012,Band 3 (1800MHz),-87.0,-7.8,17.0,60.4,18.9,98.1
2026-07-15 12:00:00,HELS-012-2,HELS-012,Band 3 (1800MHz),-94.8,-11.9,0.9,63.9,38.1,85.7
2026-07-15 12:00:00,HELS-012-3,HELS-012,Band 3 (1800MHz),-77.7,-11.0,12.7,53.9,25.3,94.2
2026-07-15 12:00:00,HELS-013-1,HELS-013,Band 1 (2100MHz),-83.3,-9.2,15.4,62.5,31.9,99.9
2026-07-15 12:00:00,HELS-013-2,HELS-013,Band 1 (2100MHz),-85.5,-11.8,8.9,58.3,18.3,106.4
2026-07-15 12:00:00,HELS-013-3,HELS-013,Band 1 (2100MHz),-84.7,-7.6,12.1,53.7,36.7,117.5
2026-07-15 12:00:00,HELS-014-1,HELS-014,Band 3 (1800MHz),-88.8,-6.9,15.6,55.6,33.4,94.5
2026-07-15 12:00:00,HELS-014-2,HELS-014,Band 3 (1800MHz),-86.7,-12.0,4.4,52.6,34.7,87.7
2026-07-15 12:00:00,HELS-014-3,HELS-014,Band 3 (1800MHz),-86.8,-8.4,13.9,44.5,35.7,70.2
2026-07-15 13:00:00,HELS-001-1,HELS-001,Band 1 (2100MHz),-89.5,-10.3,8.8,47.2,15.1,82.4
2026-07-15 13:00:00,HELS-001-2,HELS-001,Band 1 (2100MHz),-99.9,-14.0,-6.7,50.0,21.0,75.6
2026-07-15 13:00:00,HELS-001-3,HELS-001,Band 1 (2100MHz),-101.0,-14.4,6.9,69.5,39.1,98.1
2026-07-15 13:00:00,HELS-002-1,HELS-002,Band 3 (1800MHz),-86.6,-9.7,10.9,66.3,32.1,129.2
2026-07-15 13:00:00,HELS-002-2,HELS-002,Band 3 (1800MHz),-85.2,-5.5,14.0,33.4,26.6,64.8
2026-07-15 13:00:00,HELS-002-3,HELS-002,Band 3 (1800MHz),-74.8,-12.2,13.3,71.0,7.7,61.8
2026-07-15 13:00:00,HELS-003-1,HELS-003,Band 1 (2100MHz),-86.7,-9.9,16.9,49.5,26.4,64.3
2026-07-15 13:00:00,HELS-003-2,HELS-003,Band 1 (2100MHz),-88.8,-8.1,15.5,39.1,28.7,114.8
2026-07-15 13:00:00,HELS-003-3,HELS-003,Band 1 (2100MHz),-84.5,-10.1,13.1,44.9,26.7,48.3
2026-07-15 13:00:00,HELS-004-1,HELS-004,Band 3 (1800MHz),-85.8,-15.1,14.4,62.4,27.6,82.9
2026-07-15 13:00:00,HELS-004-2,HELS-004,Band 3 (1800MHz),-90.1,-8.7,10.4,57.4,38.8,74.0
2026-07-15 13:00:00,HELS-004-3,HELS-004,Band 3 (1800MHz),-84.7,-11.8,4.8,53.2,23.7,63.7
2026-07-15 13:00:00,HELS-005-1,HELS-005,Band 1 (2100MHz),-90.3,-14.4,10.0,46.4,33.5,67.3
2026-07-15 13:00:00,HELS-005-2,HELS-005,Band 1 (2100MHz),-88.5,-10.0,23.1,53.5,43.8,84.5
2026-07-15 13:00:00,HELS-005-3,HELS-005,Band 1 (2100MHz),-79.2,-11.6,11.6,53.8,35.0,101.7
2026-07-15 13:00:00,HELS-006-1,HELS-006,Band 3 (1800MHz),-74.8,-9.3,12.8,48.3,31.4,52.2
2026-07-15 13:00:00,HELS-006-2,HELS-006,Band 3 (1800MHz),-79.3,-8.6,19.4,57.5,46.0,32.2
2026-07-15 13:00:00,HELS-006-3,HELS-006,Band 3 (1800MHz),-78.5,-11.3,8.1,45.1,33.0,78.3
2026-07-15 13:00:00,HELS-007-1,HELS-007,Band 1 (2100MHz),-80.0,-10.8,10.9,65.2,24.3,45.7
2026-07-15 13:00:00,HELS-007-2,HELS-007,Band 1 (2100MHz),-85.0,-10.3,10.8,76.1,26.6,86.6
2026-07-15 13:00:00,HELS-007-3,HELS-007,Band 1 (2100MHz),-79.4,-15.2,22.8,61.5,29.2,54.7
2026-07-15 13:00:00,HELS-008-1,HELS-008,Band 3 (1800MHz),-96.3,-14.3,6.7,65.5,33.6,91.2
2026-07-15 13:00:00,HELS-008-2,HELS-008,Band 3 (1800MHz),-83.9,-11.4,0.6,63.1,38.7,99.8
2026-07-15 13:00:00,HELS-008-3,HELS-008,Band 3 (1800MHz),-82.6,-7.7,18.4,42.2,38.2,99.3
2026-07-15 13:00:00,HELS-009-1,HELS-009,Band 1 (2100MHz),-88.4,-8.1,15.2,49.3,14.4,80.0
2026-07-15 13:00:00,HELS-009-2,HELS-009,Band 1 (2100MHz),-83.4,-11.9,9.0,54.0,24.0,102.3
2026-07-15 13:00:00,HELS-009-3,HELS-009,Band 1 (2100MHz),-85.0,-7.4,20.5,41.6,40.4,86.5
2026-07-15 13:00:00,HELS-010-1,HELS-010,Band 3 (1800MHz),-82.8,-15.0,20.8,42.5,35.1,72.6
2026-07-15 13:00:00,HELS-010-2,HELS-010,Band 3 (1800MHz),-93.3,-8.9,16.6,64.8,24.0,103.6
2026-07-15 13:00:00,HELS-010-3,HELS-010,Band 3 (1800MHz),-84.3,-15.1,9.6,40.2,26.9,107.5
2026-07-15 13:00:00,HELS-011-1,HELS-011,Band 1 (2100MHz),-77.6,-9.9,17.4,54.8,26.5,124.6
2026-07-15 13:00:00,HELS-011-2,HELS-011,Band 1 (2100MHz),-81.1,-8.3,14.7,56.5,30.1,70.8
2026-07-15 13:00:00,HELS-011-3,HELS-011,Band 1 (2100MHz),-81.2,-11.2,7.8,50.6,56.6,81.8
2026-07-15 13:00:00,HELS-012-1,HELS-012,Band 3 (1800MHz),-79.8,-13.0,20.4,51.7,42.8,76.8
2026-07-15 13:00:00,HELS-012-2,HELS-012,Band 3 (1800MHz),-96.3,-16.6,12.1,66.7,24.6,76.4
2026-07-15 13:00:00,HELS-012-3,HELS-012,Band 3 (1800MHz),-81.7,-12.4,12.2,50.8,44.4,96.0
2026-07-15 13:00:00,HELS-013-1,HELS-013,Band 1 (2100MHz),-79.3,-9.2,3.7,68.3,46.0,96.6
2026-07-15 13:00:00,HELS-013-2,HELS-013,Band 1 (2100MHz),-83.4,-9.5,9.7,64.1,16.3,125.5
2026-07-15 13:00:00,HELS-013-3,HELS-013,Band 1 (2100MHz),-84.5,-12.1,21.0,36.3,41.2,89.8
2026-07-15 13:00:00,HELS-014-1,HELS-014,Band 3 (1800MHz),-85.1,-11.5,6.0,65.8,26.2,105.2
2026-07-15 13:00:00,HELS-014-2,HELS-014,Band 3 (1800MHz),-84.5,-12.0,7.8,54.9,28.8,121.4
2026-07-15 13:00:00,HELS-014-3,HELS-014,Band 3 (1800MHz),-81.2,-9.3,9.2,54.6,24.5,72.1
2026-07-15 14:00:00,HELS-001-1,HELS-001,Band 1 (2100MHz),-84.6,-10.5,12.2,78.3,30.5,55.9
2026-07-15 14:00:00,HELS-001-2,HELS-001,Band 1 (2100MHz),-102.1,-14.6,9.3,55.1,19.4,56.6
2026-07-15 14:00:00,HELS-001-3,HELS-001,Band 1 (2100MHz),-95.8,-13.6,1.2,58.1,32.9,94.7
2026-07-15 14:00:00,HELS-002-1,HELS-002,Band 3 (1800MHz),-81.3,-9.6,13.3,60.6,53.0,73.9
2026-07-15 14:00:00,HELS-002-2,HELS-002,Band 3 (1800MHz),-80.0,-9.6,11.8,37.3,39.9,64.5
2026-07-15 14:00:00,HELS-002-3,HELS-002,Band 3 (1800MHz),-82.1,-13.4,7.6,76.2,26.5,91.9
2026-07-15 14:00:00,HELS-003-1,HELS-003,Band 1 (2100MHz),-84.6,-11.0,13.1,63.9,43.6,102.1
2026-07-15 14:00:00,HELS-003-2,HELS-003,Band 1 (2100MHz),-82.9,-12.4,4.9,50.2,36.1,97.9
2026-07-15 14:00:00,HELS-003-3,HELS-003,Band 1 (2100MHz),-86.2,-12.0,6.9,63.6,46.7,65.5
2026-07-15 14:00:00,HELS-004-1,HELS-004,Band 3 (1800MHz),-84.8,-10.6,15.2,49.9,27.9,40.1
2026-07-15 14:00:00,HELS-004-2,HELS-004,Band 3 (1800MHz),-85.1,-9.9,12.6,37.3,43.1,106.1
2026-07-15 14:00:00,HELS-004-3,HELS-004,Band 3 (1800MHz),-86.9,-13.0,7.0,45.9,26.3,98.2
2026-07-15 14:00:00,HELS-005-1,HELS-005,Band 1 (2100MHz),-93.2,-12.0,7.2,56.1,19.7,92.5
2026-07-15 14:00:00,HELS-005-2,HELS-005,Band 1 (2100MHz),-84.0,-9.2,1.0,53.3,32.4,59.0
2026-07-15 14:00:00,HELS-005-3,HELS-005,Band 1 (2100MHz),-84.2,-9.2,5.0,66.3,27.7,127.7
2026-07-15 14:00:00,HELS-006-1,HELS-006,Band 3 (1800MHz),-79.7,-10.0,12.9,62.9,29.3,96.4
2026-07-15 14:00:00,HELS-006-2,HELS-006,Band 3 (1800MHz),-80.2,-11.4,11.2,70.3,50.1,104.7
2026-07-15 14:00:00,HELS-006-3,HELS-006,Band 3 (1800MHz),-84.8,-8.7,7.2,62.5,34.9,85.4
2026-07-15 14:00:00,HELS-007-1,HELS-007,Band 1 (2100MHz),-91.0,-12.9,12.5,60.4,5.6,109.1
2026-07-15 14:00:00,HELS-007-2,HELS-007,Band 1 (2100MHz),-83.4,-9.4,11.8,63.9,36.6,92.7
2026-07-15 14:00:00,HELS-007-3,HELS-007,Band 1 (2100MHz),-83.1,-14.5,14.8,49.7,48.0,95.0
2026-07-15 14:00:00,HELS-008-1,HELS-008,Band 3 (1800MHz),-85.0,-7.1,14.9,48.0,26.6,82.4
2026-07-15 14:00:00,HELS-008-2,HELS-008,Band 3 (1800MHz),-78.9,-11.4,22.8,65.8,49.8,141.9
2026-07-15 14:00:00,HELS-008-3,HELS-008,Band 3 (1800MHz),-84.0,-10.5,18.3,56.2,17.7,95.3
2026-07-15 14:00:00,HELS-009-1,HELS-009,Band 1 (2100MHz),-83.1,-6.8,11.2,49.8,35.2,80.5
2026-07-15 14:00:00,HELS-009-2,HELS-009,Band 1 (2100MHz),-84.1,-11.6,20.9,41.6,31.4,79.3
2026-07-15 14:00:00,HELS-009-3,HELS-009,Band 1 (2100MHz),-82.0,-10.8,19.4,51.8,29.9,71.8
2026-07-15 14:00:00,HELS-010-1,HELS-010,Band 3 (1800MHz),-84.1,-12.2,19.5,47.6,37.2,75.5
2026-07-15 14:00:00,HELS-010-2,HELS-010,Band 3 (1800MHz),-83.3,-8.7,14.5,51.0,36.2,77.6
2026-07-15 14:00:00,HELS-010-3,HELS-010,Band 3 (1800MHz),-75.8,-10.0,4.8,35.9,27.3,104.0
2026-07-15 14:00:00,HELS-011-1,HELS-011,Band 1 (2100MHz),-89.7,-10.0,21.3,37.8,36.6,65.3
2026-07-15 14:00:00,HELS-011-2,HELS-011,Band 1 (2100MHz),-82.0,-12.2,14.5,51.4,25.2,78.8
2026-07-15 14:00:00,HELS-011-3,HELS-011,Band 1 (2100MHz),-84.7,-9.1,9.2,64.6,28.0,48.9
2026-07-15 14:00:00,HELS-012-1,HELS-012,Band 3 (1800MHz),-82.6,-15.9,11.2,51.9,29.3,94.9
2026-07-15 14:00:00,HELS-012-2,HELS-012,Band 3 (1800MHz),-98.2,-13.8,18.9,58.4,31.0,104.6
2026-07-15 14:00:00,HELS-012-3,HELS-012,Band 3 (1800MHz),-81.0,-13.3,10.8,73.7,26.1,107.9
2026-07-15 14:00:00,HELS-013-1,HELS-013,Band 1 (2100MHz),-81.5,-11.7,18.7,38.7,36.8,76.6
2026-07-15 14:00:00,HELS-013-2,HELS-013,Band 1 (2100MHz),-81.7,-10.7,8.5,58.1,45.5,110.9
2026-07-15 14:00:00,HELS-013-3,HELS-013,Band 1 (2100MHz),-89.6,-8.5,11.7,58.2,32.9,86.4
2026-07-15 14:00:00,HELS-014-1,HELS-014,Band 3 (1800MHz),-78.4,-12.6,15.7,50.8,36.1,49.5
2026-07-15 14:00:00,HELS-014-2,HELS-014,Band 3 (1800MHz),-91.0,-10.1,-0.1,69.7,24.3,75.4
2026-07-15 14:00:00,HELS-014-3,HELS-014,Band 3 (1800MHz),-86.4,-12.6,14.2,49.5,29.4,114.0
2026-07-15 15:00:00,HELS-001-1,HELS-001,Band 1 (2100MHz),-82.4,-10.6,12.9,22.8,13.6,21.0
2026-07-15 15:00:00,HELS-001-2,HELS-001,Band 1 (2100MHz),-93.0,-15.7,-4.6,21.7,9.6,15.2
2026-07-15 15:00:00,HELS-001-3,HELS-001,Band 1 (2100MHz),-98.1,-12.0,8.3,13.1,12.0,28.6
2026-07-15 15:00:00,HELS-002-1,HELS-002,Band 3 (1800MHz),-79.9,-11.2,7.5,9.3,0.0,4.5
2026-07-15 15:00:00,HELS-002-2,HELS-002,Band 3 (1800MHz),-76.9,-6.7,14.9,0.0,29.1,19.7
2026-07-15 15:00:00,HELS-002-3,HELS-002,Band 3 (1800MHz),-75.1,-7.7,18.8,7.9,13.4,26.2
2026-07-15 15:00:00,HELS-003-1,HELS-003,Band 1 (2100MHz),-87.8,-5.4,15.4,7.5,9.6,9.6
2026-07-15 15:00:00,HELS-003-2,HELS-003,Band 1 (2100MHz),-78.7,-6.0,18.9,34.1,18.0,49.4
2026-07-15 15:00:00,HELS-003-3,HELS-003,Band 1 (2100MHz),-82.7,-8.5,14.3,4.8,17.6,19.3
2026-07-15 15:00:00,HELS-004-1,HELS-004,Band 3 (1800MHz),-84.9,-9.9,19.8,13.4,1.0,27.4
2026-07-15 15:00:00,HELS-004-2,HELS-004,Band 3 (1800MHz),-77.5,-9.5,15.0,17.3,7.9,45.9
2026-07-15 15:00:00,HELS-004-3,HELS-004,Band 3 (1800MHz),-87.6,-7.2,16.2,13.5,16.6,42.1
2026-07-15 15:00:00,HELS-005-1,HELS-005,Band 1 (2100MHz),-95.4,-8.3,2.6,17.8,23.4,29.0
2026-07-15 15:00:00,HELS-005-2,HELS-005,Band 1 (2100MHz),-79.5,-9.3,15.3,2.9,7.2,37.3
2026-07-15 15:00:00,HELS-005-3,HELS-005,Band 1 (2100MHz),-83.2,-11.1,13.3,17.5,12.0,27.2
2026-07-15 15:00:00,HELS-006-1,HELS-006,Band 3 (1800MHz),-85.5,-5.7,8.9,22.1,12.6,18.1
2026-07-15 15:00:00,HELS-006-2,HELS-006,Band 3 (1800MHz),-81.9,-6.3,18.2,46.1,9.1,14.5
2026-07-15 15:00:00,HELS-006-3,HELS-006,Band 3 (1800MHz),-87.9,-5.4,9.4,11.4,13.9,46.7
2026-07-15 15:00:00,HELS-007-1,HELS-007,Band 1 (2100MHz),-85.2,-5.4,13.5,21.2,13.1,33.2
2026-07-15 15:00:00,HELS-007-2,HELS-007,Band 1 (2100MHz),-86.9,-9.1,17.3,19.0,15.3,46.8
2026-07-15 15:00:00,HELS-007-3,HELS-007,Band 1 (2100MHz),-87.2,-5.5,2.6,22.4,16.1,11.1
2026-07-15 15:00:00,HELS-008-1,HELS-008,Band 3 (1800MHz),-81.6,-7.8,13.6,7.4,10.6,33.3
2026-07-15 15:00:00,HELS-008-2,HELS-008,Band 3 (1800MHz),-90.2,-7.3,7.3,25.0,10.8,24.4
2026-07-15 15:00:00,HELS-008-3,HELS-008,Band 3 (1800MHz),-85.6,-6.9,20.1,12.9,4.1,63.7
2026-07-15 15:00:00,HELS-009-1,HELS-009,Band 1 (2100MHz),-86.9,-9.9,9.7,10.8,11.6,31.4
2026-07-15 15:00:00,HELS-009-2,HELS-009,Band 1 (2100MHz),-85.4,-8.9,9.8,25.4,23.7,17.4
2026-07-15 15:00:00,HELS-009-3,HELS-009,Band 1 (2100MHz),-87.0,-7.6,11.7,19.9,0.0,36.0
2026-07-15 15:00:00,HELS-010-1,HELS-010,Band 3 (1800MHz),-82.1,-8.7,19.5,4.4,23.9,51.8
2026-07-15 15:00:00,HELS-010-2,HELS-010,Band 3 (1800MHz),-84.7,-7.8,5.3,9.6,6.0,49.4
2026-07-15 15:00:00,HELS-010-3,HELS-010,Band 3 (1800MHz),-75.0,-9.5,2.5,17.4,14.4,25.0
2026-07-15 15:00:00,HELS-011-1,HELS-011,Band 1 (2100MHz),-77.4,-10.3,14.3,35.9,0.0,8.6
2026-07-15 15:00:00,HELS-011-2,HELS-011,Band 1 (2100MHz),-84.4,-7.7,10.8,33.0,0.0,29.7
2026-07-15 15:00:00,HELS-011-3,HELS-011,Band 1 (2100MHz),-88.2,-6.8,14.8,8.6,17.9,47.6
2026-07-15 15:00:00,HELS-012-1,HELS-012,Band 3 (1800MHz),-82.3,-10.0,8.3,39.3,0.0,0.9
2026-07-15 15:00:00,HELS-012-2,HELS-012,Band 3 (1800MHz),-98.1,-13.2,14.0,11.6,1.9,41.1
2026-07-15 15:00:00,HELS-012-3,HELS-012,Band 3 (1800MHz),-90.5,-8.9,10.6,21.6,15.7,19.7
2026-07-15 15:00:00,HELS-013-1,HELS-013,Band 1 (2100MHz),-87.4,-7.9,19.1,17.3,15.5,49.2
2026-07-15 15:00:00,HELS-013-2,HELS-013,Band 1 (2100MHz),-79.7,-4.6,9.8,28.9,4.5,32.9
2026-07-15 15:00:00,HELS-013-3,HELS-013,Band 1 (2100MHz),-88.2,-10.7,14.9,16.0,19.4,41.4
2026-07-15 15:00:00,HELS-014-1,HELS-014,Band 3 (1800MHz),-85.7,-11.9,20.0,36.7,19.3,33.7
2026-07-15 15:00:00,HELS-014-2,HELS-014,Band 3 (1800MHz),-83.8,-4.4,19.2,19.8,0.0,16.3
2026-07-15 15:00:00,HELS-014-3,HELS-014,Band 3 (1800MHz),-82.0,-8.8,12.1,32.0,14.5,21.0
2026-07-15 16:00:00,HELS-001-1,HELS-001,Band 1 (2100MHz),-83.2,-13.0,12.9,69.9,52.1,130.7
2026-07-15 16:00:00,HELS-001-2,HELS-001,Band 1 (2100MHz),-93.2,-15.1,6.5,84.9,44.1,101.6
2026-07-15 16:00:00,HELS-001-3,HELS-001,Band 1 (2100MHz),-95.9,-17.3,2.7,81.1,34.1,108.8
2026-07-15 16:00:00,HELS-002-1,HELS-002,Band 3 (1800MHz),-81.6,-10.6,12.3,58.1,46.8,115.7
2026-07-15 16:00:00,HELS-002-2,HELS-002,Band 3 (1800MHz),-92.9,-11.3,7.4,79.1,35.8,134.0
2026-07-15 16:00:00,HELS-002-3,HELS-002,Band 3 (1800MHz),-86.8,-11.1,13.3,88.9,43.4,137.6
2026-07-15 16:00:00,HELS-003-1,HELS-003,Band 1 (2100MHz),-84.7,-10.1,7.8,71.0,47.8,89.3
2026-07-15 16:00:00,HELS-003-2,HELS-003,Band 1 (2100MHz),-88.8,-14.9,17.7,62.6,36.0,174.1
2026-07-15 16:00:00,HELS-003-3,HELS-003,Band 1 (2100MHz),-86.7,-9.3,14.8,79.8,42.4,144.8
2026-07-15 16:00:00,HELS-004-1,HELS-004,Band 3 (1800MHz),-88.8,-12.9,10.1,62.2,36.3,113.6
2026-07-15 16:00:00,HELS-004-2,HELS-004,Band 3 (1800MHz),-77.1,-11.4,11.9,78.9,46.3,138.1
2026-07-15 16:00:00,HELS-004-3,HELS-004,Band 3 (1800MHz),-77.8,-12.6,18.0,79.2,52.4,126.1
2026-07-15 16:00:00,HELS-005-1,HELS-005,Band 1 (2100MHz),-91.2,-15.4,-4.5,68.5,47.9,99.4
2026-07-15 16:00:00,HELS-005-2,HELS-005,Band 1 (2100MHz),-80.9,-14.1,25.6,53.9,63.0,102.8
2026-07-15 16:00:00,HELS-005-3,HELS-005,Band 1 (2100MHz),-79.5,-9.5,11.6,89.8,36.9,141.0
2026-07-15 16:00:00,HELS-006-1,HELS-006,Band 3 (1800MHz),-84.1,-11.4,18.9,73.0,35.2,141.9
2026-07-15 16:00:00,HELS-006-2,HELS-006,Band 3 (1800MHz),-75.8,-12.5,12.3,91.5,49.5,142.1
2026-07-15 16:00:00,HELS-006-3,HELS-006,Band 3 (1800MHz),-84.1,-9.5,19.5,62.3,39.9,159.7
2026-07-15 16:00:00,HELS-007-1,HELS-007,Band 1 (2100MHz),-86.9,-8.8,11.5,86.8,29.5,129.5
2026-07-15 16:00:00,HELS-007-2,HELS-007,Band 1 (2100MHz),-83.5,-12.7,5.8,90.9,41.8,125.4
2026-07-15 16:00:00,HELS-007-3,HELS-007,Band 1 (2100MHz),-87.2,-13.7,6.7,61.2,39.2,67.6
2026-07-15 16:00:00,HELS-008-1,HELS-008,Band 3 (1800MHz),-87.3,-15.2,18.0,67.0,45.5,140.0
2026-07-15 16:00:00,HELS-008-2,HELS-008,Band 3 (1800MHz),-84.6,-13.3,13.4,75.8,49.7,98.5
2026-07-15 16:00:00,HELS-008-3,HELS-008,Band 3 (1800MHz),-82.2,-12.2,17.2,85.4,56.5,135.6
2026-07-15 16:00:00,HELS-009-1,HELS-009,Band 1 (2100MHz),-79.9,-8.9,9.5,60.5,54.5,146.3
2026-07-15 16:00:00,HELS-009-2,HELS-009,Band 1 (2100MHz),-78.5,-9.8,16.0,70.6,49.4,147.6
2026-07-15 16:00:00,HELS-009-3,HELS-009,Band 1 (2100MHz),-81.4,-13.0,12.4,54.9,49.0,133.3
2026-07-15 16:00:00,HELS-010-1,HELS-010,Band 3 (1800MHz),-87.9,-10.9,13.5,80.1,41.2,91.1
2026-07-15 16:00:00,HELS-010-2,HELS-010,Band 3 (1800MHz),-81.2,-12.9,10.2,67.5,48.3,106.9
2026-07-15 16:00:00,HELS-010-3,HELS-010,Band 3 (1800MHz),-77.1,-12.6,10.6,59.4,48.9,148.4
2026-07-15 16:00:00,HELS-011-1,HELS-011,Band 1 (2100MHz),-76.4,-10.4,11.3,95.9,40.1,137.3
2026-07-15 16:00:00,HELS-011-2,HELS-011,Band 1 (2100MHz),-77.0,-11.0,9.5,64.7,28.0,147.1
2026-07-15 16:00:00,HELS-011-3,HELS-011,Band 1 (2100MHz),-83.0,-12.7,19.6,65.2,37.3,131.5
2026-07-15 16:00:00,HELS-012-1,HELS-012,Band 3 (1800MHz),-86.6,-13.2,18.3,59.2,50.7,149.5
2026-07-15 16:00:00,HELS-012-2,HELS-012,Band 3 (1800MHz),-94.6,-14.9,1.6,62.0,43.5,121.1
2026-07-15 16:00:00,HELS-012-3,HELS-012,Band 3 (1800MHz),-88.8,-13.6,8.7,81.8,40.6,133.3
2026-07-15 16:00:00,HELS-013-1,HELS-013,Band 1 (2100MHz),-81.2,-10.9,9.4,72.7,57.5,95.1
2026-07-15 16:00:00,HELS-013-2,HELS-013,Band 1 (2100MHz),-79.7,-11.1,13.7,74.3,43.1,121.3
2026-07-15 16:00:00,HELS-013-3,HELS-013,Band 1 (2100MHz),-79.9,-10.8,16.1,67.2,50.6,150.9
2026-07-15 16:00:00,HELS-014-1,HELS-014,Band 3 (1800MHz),-84.3,-13.0,13.2,81.2,57.8,101.4
2026-07-15 16:00:00,HELS-014-2,HELS-014,Band 3 (1800MHz),-83.1,-11.9,21.2,79.6,37.0,138.5
2026-07-15 16:00:00,HELS-014-3,HELS-014,Band 3 (1800MHz),-85.3,-11.4,10.2,73.1,26.9,174.7
2026-07-15 17:00:00,HELS-001-1,HELS-001,Band 1 (2100MHz),-78.7,-12.7,17.0,99.8,53.8,146.1
2026-07-15 17:00:00,HELS-001-2,HELS-001,Band 1 (2100MHz),-100.6,-17.1,1.4,83.5,67.2,135.5
2026-07-15 17:00:00,HELS-001-3,HELS-001,Band 1 (2100MHz),-96.5,-14.2,5.7,99.0,70.8,149.8
2026-07-15 17:00:00,HELS-002-1,HELS-002,Band 3 (1800MHz),-89.2,-10.2,12.1,100.0,42.2,169.5
2026-07-15 17:00:00,HELS-002-2,HELS-002,Band 3 (1800MHz),-91.6,-12.5,18.8,82.4,45.9,138.2
2026-07-15 17:00:00,HELS-002-3,HELS-002,Band 3 (1800MHz),-87.0,-11.4,22.1,99.5,47.8,155.6
2026-07-15 17:00:00,HELS-003-1,HELS-003,Band 1 (2100MHz),-73.3,-12.5,8.1,100.0,64.8,126.2
2026-07-15 17:00:00,HELS-003-2,HELS-003,Band 1 (2100MHz),-87.3,-9.5,10.1,82.4,39.6,134.0
2026-07-15 17:00:00,HELS-003-3,HELS-003,Band 1 (2100MHz),-83.6,-14.4,12.8,75.1,51.4,111.2
2026-07-15 17:00:00,HELS-004-1,HELS-004,Band 3 (1800MHz),-83.2,-12.3,14.5,80.5,52.7,129.7
2026-07-15 17:00:00,HELS-004-2,HELS-004,Band 3 (1800MHz),-83.9,-8.7,6.0,92.7,32.0,154.4
2026-07-15 17:00:00,HELS-004-3,HELS-004,Band 3 (1800MHz),-80.8,-13.4,18.4,83.6,46.8,132.0
2026-07-15 17:00:00,HELS-005-1,HELS-005,Band 1 (2100MHz),-94.6,-18.8,4.0,82.8,43.4,154.4
2026-07-15 17:00:00,HELS-005-2,HELS-005,Band 1 (2100MHz),-84.7,-12.6,10.4,84.0,45.9,172.1
2026-07-15 17:00:00,HELS-005-3,HELS-005,Band 1 (2100MHz),-88.0,-9.5,5.7,100.0,40.9,155.9
2026-07-15 17:00:00,HELS-006-1,HELS-006,Band 3 (1800MHz),-78.7,-10.3,22.5,76.0,39.4,129.8
2026-07-15 17:00:00,HELS-006-2,HELS-006,Band 3 (1800MHz),-79.1,-11.0,5.8,100.0,33.9,186.6
2026-07-15 17:00:00,HELS-006-3,HELS-006,Band 3 (1800MHz),-84.8,-9.9,12.7,90.4,35.7,129.8
2026-07-15 17:00:00,HELS-007-1,HELS-007,Band 1 (2100MHz),-89.1,-9.9,13.4,99.8,37.2,130.8
2026-07-15 17:00:00,HELS-007-2,HELS-007,Band 1 (2100MHz),-85.3,-15.4,9.7,100.0,48.6,168.6
2026-07-15 17:00:00,HELS-007-3,HELS-007,Band 1 (2100MHz),-86.3,-10.9,12.0,69.7,37.0,121.6
2026-07-15 17:00:00,HELS-008-1,HELS-008,Band 3 (1800MHz),-93.6,-11.8,6.0,87.3,55.9,134.7
2026-07-15 17:00:00,HELS-008-2,HELS-008,Band 3 (1800MHz),-71.0,-11.0,17.5,81.2,45.6,137.0
2026-07-15 17:00:00,HELS-008-3,HELS-008,Band 3 (1800MHz),-81.9,-12.5,11.8,86.5,41.6,122.5
2026-07-15 17:00:00,HELS-009-1,HELS-009,Band 1 (2100MHz),-79.8,-10.8,9.4,100.0,50.0,144.5
2026-07-15 17:00:00,HELS-009-2,HELS-009,Band 1 (2100MHz),-83.0,-9.5,19.8,91.4,50.9,131.5
2026-07-15 17:00:00,HELS-009-3,HELS-009,Band 1 (2100MHz),-88.6,-8.2,8.6,91.4,63.7,161.5
2026-07-15 17:00:00,HELS-010-1,HELS-010,Band 3 (1800MHz),-85.7,-8.9,4.4,95.7,49.9,135.2
2026-07-15 17:00:00,HELS-010-2,HELS-010,Band 3 (1800MHz),-79.2,-16.1,12.7,82.8,49.5,171.5
2026-07-15 17:00:00,HELS-010-3,HELS-010,Band 3 (1800MHz),-84.6,-16.3,19.7,82.4,39.4,168.2
2026-07-15 17:00:00,HELS-011-1,HELS-011,Band 1 (2100MHz),-78.9,-8.6,16.4,83.5,51.7,160.4
2026-07-15 17:00:00,HELS-011-2,HELS-011,Band 1 (2100MHz),-86.0,-10.9,2.6,85.9,37.8,140.8
2026-07-15 17:00:00,HELS-011-3,HELS-011,Band 1 (2100MHz),-87.7,-12.5,20.3,59.5,37.8,104.5
2026-07-15 17:00:00,HELS-012-1,HELS-012,Band 3 (1800MHz),-89.3,-10.9,17.3,76.0,36.7,168.3
2026-07-15 17:00:00,HELS-012-2,HELS-012,Band 3 (1800MHz),-97.1,-17.9,-0.2,87.6,59.9,112.7
2026-07-15 17:00:00,HELS-012-3,HELS-012,Band 3 (1800MHz),-85.2,-15.8,16.4,80.9,51.0,148.0
2026-07-15 17:00:00,HELS-013-1,HELS-013,Band 1 (2100MHz),-85.7,-14.2,8.6,74.4,49.8,126.8
2026-07-15 17:00:00,HELS-013-2,HELS-013,Band 1 (2100MHz),-82.8,-11.2,21.2,53.6,52.2,130.3
2026-07-15 17:00:00,HELS-013-3,HELS-013,Band 1 (2100MHz),-85.0,-10.3,9.7,98.7,45.9,136.1
2026-07-15 17:00:00,HELS-014-1,HELS-014,Band 3 (1800MHz),-80.5,-14.5,6.3,78.3,71.6,140.8
2026-07-15 17:00:00,HELS-014-2,HELS-014,Band 3 (1800MHz),-86.0,-11.4,9.2,60.7,64.7,150.5
2026-07-15 17:00:00,HELS-014-3,HELS-014,Band 3 (1800MHz),-83.0,-13.5,17.5,100.0,50.2,142.0
2026-07-15 18:00:00,HELS-001-1,HELS-001,Band 1 (2100MHz),-78.2,-12.5,12.1,97.6,51.3,120.1
2026-07-15 18:00:00,HELS-001-2,HELS-001,Band 1 (2100MHz),-101.2,-20.5,-0.5,79.4,65.9,150.3
2026-07-15 18:00:00,HELS-001-3,HELS-001,Band 1 (2100MHz),-96.2,-16.7,3.0,87.7,60.0,140.1
2026-07-15 18:00:00,HELS-002-1,HELS-002,Band 3 (1800MHz),-81.7,-14.7,5.6,89.9,64.4,193.5
2026-07-15 18:00:00,HELS-002-2,HELS-002,Band 3 (1800MHz),-84.9,-12.2,14.5,100.0,45.8,94.4
2026-07-15 18:00:00,HELS-002-3,HELS-002,Band 3 (1800MHz),-82.8,-14.1,5.6,88.4,52.2,169.9
2026-07-15 18:00:00,HELS-003-1,HELS-003,Band 1 (2100MHz),-77.4,-9.4,18.3,93.7,65.4,155.1
2026-07-15 18:00:00,HELS-003-2,HELS-003,Band 1 (2100MHz),-85.4,-12.7,12.8,92.2,57.2,151.1
2026-07-15 18:00:00,HELS-003-3,HELS-003,Band 1 (2100MHz),-85.4,-14.1,19.0,97.8,44.7,121.8
2026-07-15 18:00:00,HELS-004-1,HELS-004,Band 3 (1800MHz),-79.7,-12.7,8.4,92.2,40.7,152.7
2026-07-15 18:00:00,HELS-004-2,HELS-004,Band 3 (1800MHz),-87.6,-8.1,11.2,100.0,56.9,145.1
2026-07-15 18:00:00,HELS-004-3,HELS-004,Band 3 (1800MHz),-79.8,-12.8,8.6,80.5,60.6,131.5
2026-07-15 18:00:00,HELS-005-1,HELS-005,Band 1 (2100MHz),-98.9,-15.6,2.2,86.2,49.0,150.2
2026-07-15 18:00:00,HELS-005-2,HELS-005,Band 1 (2100MHz),-88.3,-10.5,8.4,81.2,61.9,166.5
2026-07-15 18:00:00,HELS-005-3,HELS-005,Band 1 (2100MHz),-91.9,-12.5,6.4,100.0,56.5,114.7
2026-07-15 18:00:00,HELS-006-1,HELS-006,Band 3 (1800MHz),-86.6,-10.3,23.1,100.0,60.7,88.7
2026-07-15 18:00:00,HELS-006-2,HELS-006,Band 3 (1800MHz),-84.2,-13.8,18.0,86.4,57.4,192.5
2026-07-15 18:00:00,HELS-006-3,HELS-006,Band 3 (1800MHz),-82.7,-11.6,10.8,87.8,47.8,157.2
2026-07-15 18:00:00,HELS-007-1,HELS-007,Band 1 (2100MHz),-88.0,-9.7,14.5,100.0,51.2,134.6
2026-07-15 18:00:00,HELS-007-2,HELS-007,Band 1 (2100MHz),-82.9,-15.8,12.7,86.2,50.4,148.8
2026-07-15 18:00:00,HELS-007-3,HELS-007,Band 1 (2100MHz),-83.0,-11.8,14.7,100.0,56.9,100.2
2026-07-15 18:00:00,HELS-008-1,HELS-008,Band 3 (1800MHz),-81.9,-11.6,19.3,86.9,41.1,119.6
2026-07-15 18:00:00,HELS-008-2,HELS-008,Band 3 (1800MHz),-88.2,-13.9,16.3,98.8,44.4,136.3
2026-07-15 18:00:00,HELS-008-3,HELS-008,Band 3 (1800MHz),-84.1,-12.7,9.0,76.6,50.8,110.3
2026-07-15 18:00:00,HELS-009-1,HELS-009,Band 1 (2100MHz),-88.0,-12.6,15.6,93.1,42.4,161.0
2026-07-15 18:00:00,HELS-009-2,HELS-009,Band 1 (2100MHz),-82.7,-12.3,11.9,94.0,65.2,170.1
2026-07-15 18:00:00,HELS-009-3,HELS-009,Band 1 (2100MHz),-81.5,-9.4,14.2,75.5,33.9,133.8
2026-07-15 18:00:00,HELS-010-1,HELS-010,Band 3 (1800MHz),-87.0,-12.5,18.9,87.8,28.7,143.9
2026-07-15 18:00:00,HELS-010-2,HELS-010,Band 3 (1800MHz),-80.2,-11.2,12.3,77.3,47.9,116.7
2026-07-15 18:00:00,HELS-010-3,HELS-010,Band 3 (1800MHz),-85.1,-15.0,14.5,60.2,57.5,199.1
2026-07-15 18:00:00,HELS-011-1,HELS-011,Band 1 (2100MHz),-91.5,-13.9,12.9,91.2,37.2,131.2
2026-07-15 18:00:00,HELS-011-2,HELS-011,Band 1 (2100MHz),-84.1,-11.1,4.4,100.0,66.9,200.0
2026-07-15 18:00:00,HELS-011-3,HELS-011,Band 1 (2100MHz),-82.1,-12.7,14.1,92.5,44.9,141.1
2026-07-15 18:00:00,HELS-012-1,HELS-012,Band 3 (1800MHz),-81.5,-12.2,16.4,88.5,54.0,139.4
2026-07-15 18:00:00,HELS-012-2,HELS-012,Band 3 (1800MHz),-92.0,-13.8,6.0,97.3,47.0,163.5
2026-07-15 18:00:00,HELS-012-3,HELS-012,Band 3 (1800MHz),-82.2,-14.4,3.8,82.7,54.5,141.4
2026-07-15 18:00:00,HELS-013-1,HELS-013,Band 1 (2100MHz),-91.3,-8.6,26.8,87.9,54.0,125.6
2026-07-15 18:00:00,HELS-013-2,HELS-013,Band 1 (2100MHz),-84.6,-13.8,16.2,88.6,43.6,152.4
2026-07-15 18:00:00,HELS-013-3,HELS-013,Band 1 (2100MHz),-82.5,-13.0,6.8,75.5,49.0,151.1
2026-07-15 18:00:00,HELS-014-1,HELS-014,Band 3 (1800MHz),-87.9,-16.1,21.9,99.2,60.5,168.0
2026-07-15 18:00:00,HELS-014-2,HELS-014,Band 3 (1800MHz),-78.2,-13.7,20.6,100.0,47.0,143.7
2026-07-15 18:00:00,HELS-014-3,HELS-014,Band 3 (1800MHz),-83.1,-12.2,17.9,70.8,59.6,131.0
2026-07-15 19:00:00,HELS-001-1,HELS-001,Band 1 (2100MHz),-85.6,-14.3,12.1,87.7,69.8,154.8
2026-07-15 19:00:00,HELS-001-2,HELS-001,Band 1 (2100MHz),-102.9,-16.6,5.3,82.3,35.4,140.0
2026-07-15 19:00:00,HELS-001-3,HELS-001,Band 1 (2100MHz),-104.9,-15.4,8.2,100.0,57.6,154.7
2026-07-15 19:00:00,HELS-002-1,HELS-002,Band 3 (1800MHz),-77.3,-10.0,14.2,85.0,45.0,159.4
2026-07-15 19:00:00,HELS-002-2,HELS-002,Band 3 (1800MHz),-85.6,-11.6,8.8,77.6,50.7,120.8
2026-07-15 19:00:00,HELS-002-3,HELS-002,Band 3 (1800MHz),-85.8,-14.5,20.7,95.8,58.2,117.3
2026-07-15 19:00:00,HELS-003-1,HELS-003,Band 1 (2100MHz),-89.3,-13.5,15.5,91.1,51.3,123.1
2026-07-15 19:00:00,HELS-003-2,HELS-003,Band 1 (2100MHz),-83.3,-12.6,10.5,82.4,49.3,121.8
2026-07-15 19:00:00,HELS-003-3,HELS-003,Band 1 (2100MHz),-84.7,-11.4,10.2,100.0,45.2,145.9
2026-07-15 19:00:00,HELS-004-1,HELS-004,Band 3 (1800MHz),-87.9,-13.4,10.2,88.9,51.4,166.2
2026-07-15 19:00:00,HELS-004-2,HELS-004,Band 3 (1800MHz),-82.3,-11.6,14.1,81.4,54.7,131.9
2026-07-15 19:00:00,HELS-004-3,HELS-004,Band 3 (1800MHz),-78.6,-14.9,4.1,74.3,57.7,158.8
2026-07-15 19:00:00,HELS-005-1,HELS-005,Band 1 (2100MHz),-97.0,-13.2,0.9,68.9,51.2,182.1
2026-07-15 19:00:00,HELS-005-2,HELS-005,Band 1 (2100MHz),-86.0,-15.4,17.6,81.8,48.2,178.5
2026-07-15 19:00:00,HELS-005-3,HELS-005,Band 1 (2100MHz),-87.0,-12.6,7.1,91.2,51.5,150.3
2026-07-15 19:00:00,HELS-006-1,HELS-006,Band 3 (1800MHz),-85.1,-13.5,18.9,81.7,42.4,107.9
2026-07-15 19:00:00,HELS-006-2,HELS-006,Band 3 (1800MHz),-88.7,-9.9,13.7,87.4,37.8,131.9
2026-07-15 19:00:00,HELS-006-3,HELS-006,Band 3 (1800MHz),-83.5,-10.6,13.0,91.2,66.0,111.5
2026-07-15 19:00:00,HELS-007-1,HELS-007,Band 1 (2100MHz),-83.5,-12.2,10.2,95.9,49.1,135.0
2026-07-15 19:00:00,HELS-007-2,HELS-007,Band 1 (2100MHz),-75.5,-9.0,10.6,83.3,59.7,151.3
2026-07-15 19:00:00,HELS-007-3,HELS-007,Band 1 (2100MHz),-86.6,-10.9,5.1,96.9,40.5,132.0
2026-07-15 19:00:00,HELS-008-1,HELS-008,Band 3 (1800MHz),-92.6,-10.8,3.9,87.5,61.6,133.8
2026-07-15 19:00:00,HELS-008-2,HELS-008,Band 3 (1800MHz),-84.4,-14.0,11.6,83.4,63.3,124.8
2026-07-15 19:00:00,HELS-008-3,HELS-008,Band 3 (1800MHz),-82.8,-6.3,9.1,80.0,54.2,119.7
2026-07-15 19:00:00,HELS-009-1,HELS-009,Band 1 (2100MHz),-86.7,-16.1,19.9,89.7,66.3,125.1
2026-07-15 19:00:00,HELS-009-2,HELS-009,Band 1 (2100MHz),-87.1,-7.2,11.8,93.9,52.4,124.3
2026-07-15 19:00:00,HELS-009-3,HELS-009,Band 1 (2100MHz),-77.7,-10.5,13.0,90.2,48.6,108.8
2026-07-15 19:00:00,HELS-010-1,HELS-010,Band 3 (1800MHz),-77.6,-14.5,6.0,82.9,46.2,141.3
2026-07-15 19:00:00,HELS-010-2,HELS-010,Band 3 (1800MHz),-86.0,-15.4,12.1,84.8,48.6,156.5
2026-07-15 19:00:00,HELS-010-3,HELS-010,Band 3 (1800MHz),-85.8,-11.3,9.3,93.3,53.6,115.5
2026-07-15 19:00:00,HELS-011-1,HELS-011,Band 1 (2100MHz),-87.4,-10.2,10.1,96.8,47.7,130.5
2026-07-15 19:00:00,HELS-011-2,HELS-011,Band 1 (2100MHz),-84.0,-10.4,3.4,95.7,49.4,165.8
2026-07-15 19:00:00,HELS-011-3,HELS-011,Band 1 (2100MHz),-86.3,-9.1,14.5,72.8,41.6,120.7
2026-07-15 19:00:00,HELS-012-1,HELS-012,Band 3 (1800MHz),-84.7,-7.4,18.2,98.8,52.1,147.4
2026-07-15 19:00:00,HELS-012-2,HELS-012,Band 3 (1800MHz),-97.4,-17.1,8.7,75.4,43.5,133.0
2026-07-15 19:00:00,HELS-012-3,HELS-012,Band 3 (1800MHz),-79.7,-13.5,13.1,90.6,52.1,148.2
2026-07-15 19:00:00,HELS-013-1,HELS-013,Band 1 (2100MHz),-83.5,-14.4,10.5,92.2,44.9,114.5
2026-07-15 19:00:00,HELS-013-2,HELS-013,Band 1 (2100MHz),-84.8,-12.1,11.1,84.8,35.1,97.9
2026-07-15 19:00:00,HELS-013-3,HELS-013,Band 1 (2100MHz),-83.3,-14.1,17.1,72.8,53.7,183.4
2026-07-15 19:00:00,HELS-014-1,HELS-014,Band 3 (1800MHz),-86.3,-13.2,11.8,88.7,55.2,94.0
2026-07-15 19:00:00,HELS-014-2,HELS-014,Band 3 (1800MHz),-78.9,-9.6,14.9,80.4,46.5,159.4
2026-07-15 19:00:00,HELS-014-3,HELS-014,Band 3 (1800MHz),-90.7,-13.3,12.6,70.4,47.4,142.3
2026-07-15 20:00:00,HELS-001-1,HELS-001,Band 1 (2100MHz),-82.6,-10.2,5.0,75.9,38.9,127.7
2026-07-15 20:00:00,HELS-001-2,HELS-001,Band 1 (2100MHz),-95.0,-16.1,4.8,72.1,49.4,98.8
2026-07-15 20:00:00,HELS-001-3,HELS-001,Band 1 (2100MHz),-93.8,-13.1,4.1,81.7,59.5,94.6
2026-07-15 20:00:00,HELS-002-1,HELS-002,Band 3 (1800MHz),-84.8,-10.6,17.6,52.3,36.6,131.8
2026-07-15 20:00:00,HELS-002-2,HELS-002,Band 3 (1800MHz),-79.7,-12.7,18.0,58.7,41.7,152.0
2026-07-15 20:00:00,HELS-002-3,HELS-002,Band 3 (1800MHz),-86.5,-15.9,5.8,87.7,45.1,111.9
2026-07-15 20:00:00,HELS-003-1,HELS-003,Band 1 (2100MHz),-86.1,-10.6,9.9,74.2,52.6,145.4
2026-07-15 20:00:00,HELS-003-2,HELS-003,Band 1 (2100MHz),-90.8,-10.8,4.5,67.8,43.6,145.2
2026-07-15 20:00:00,HELS-003-3,HELS-003,Band 1 (2100MHz),-74.5,-10.0,13.9,82.8,44.9,132.9
2026-07-15 20:00:00,HELS-004-1,HELS-004,Band 3 (1800MHz),-82.3,-14.2,4.9,89.3,40.6,104.1
2026-07-15 20:00:00,HELS-004-2,HELS-004,Band 3 (1800MHz),-87.3,-11.8,19.1,54.9,39.0,104.0
2026-07-15 20:00:00,HELS-004-3,HELS-004,Band 3 (1800MHz),-85.8,-13.6,15.7,83.0,29.7,115.9
2026-07-15 20:00:00,HELS-005-1,HELS-005,Band 1 (2100MHz),-94.0,-14.3,5.4,100.0,30.4,123.2
2026-07-15 20:00:00,HELS-005-2,HELS-005,Band 1 (2100MHz),-83.6,-13.3,7.0,97.6,35.0,122.4
2026-07-15 20:00:00,HELS-005-3,HELS-005,Band 1 (2100MHz),-81.9,-13.2,12.3,81.0,71.0,163.0
2026-07-15 20:00:00,HELS-006-1,HELS-006,Band 3 (1800MHz),-86.5,-12.5,18.9,79.8,55.1,132.0
2026-07-15 20:00:00,HELS-006-2,HELS-006,Band 3 (1800MHz),-91.5,-12.8,18.6,73.0,42.4,87.2
2026-07-15 20:00:00,HELS-006-3,HELS-006,Band 3 (1800MHz),-84.9,-13.2,16.3,64.3,42.5,116.9
2026-07-15 20:00:00,HELS-007-1,HELS-007,Band 1 (2100MHz),-87.5,-13.8,9.7,79.1,52.6,110.4
2026-07-15 20:00:00,HELS-007-2,HELS-007,Band 1 (2100MHz),-85.7,-11.6,14.1,69.6,36.7,106.9
2026-07-15 20:00:00,HELS-007-3,HELS-007,Band 1 (2100MHz),-90.1,-12.8,14.6,72.7,46.5,124.8
2026-07-15 20:00:00,HELS-008-1,HELS-008,Band 3 (1800MHz),-79.2,-13.4,10.9,55.5,32.5,136.1
2026-07-15 20:00:00,HELS-008-2,HELS-008,Band 3 (1800MHz),-83.5,-12.7,12.0,84.4,40.2,110.8
2026-07-15 20:00:00,HELS-008-3,HELS-008,Band 3 (1800MHz),-82.7,-11.3,13.8,87.9,49.0,90.7
2026-07-15 20:00:00,HELS-009-1,HELS-009,Band 1 (2100MHz),-83.1,-11.6,17.9,64.9,54.3,143.8
2026-07-15 20:00:00,HELS-009-2,HELS-009,Band 1 (2100MHz),-81.7,-13.8,8.0,57.3,37.4,110.3
2026-07-15 20:00:00,HELS-009-3,HELS-009,Band 1 (2100MHz),-85.4,-13.1,17.6,63.0,35.6,84.5
2026-07-15 20:00:00,HELS-010-1,HELS-010,Band 3 (1800MHz),-82.8,-8.8,12.8,77.8,66.2,145.2
2026-07-15 20:00:00,HELS-010-2,HELS-010,Band 3 (1800MHz),-83.8,-9.6,16.2,83.0,32.5,120.7
2026-07-15 20:00:00,HELS-010-3,HELS-010,Band 3 (1800MHz),-88.6,-10.3,7.7,72.3,44.1,131.8
2026-07-15 20:00:00,HELS-011-1,HELS-011,Band 1 (2100MHz),-85.8,-9.8,12.1,55.7,47.5,137.7
2026-07-15 20:00:00,HELS-011-2,HELS-011,Band 1 (2100MHz),-80.6,-11.6,14.4,82.5,58.0,98.6
2026-07-15 20:00:00,HELS-011-3,HELS-011,Band 1 (2100MHz),-87.4,-14.5,5.3,87.5,43.2,161.9
2026-07-15 20:00:00,HELS-012-1,HELS-012,Band 3 (1800MHz),-89.8,-10.3,17.9,71.3,50.4,93.4
2026-07-15 20:00:00,HELS-012-2,HELS-012,Band 3 (1800MHz),-96.7,-18.0,6.2,57.3,52.6,100.0
2026-07-15 20:00:00,HELS-012-3,HELS-012,Band 3 (1800MHz),-83.1,-11.0,10.0,53.9,43.0,167.8
2026-07-15 20:00:00,HELS-013-1,HELS-013,Band 1 (2100MHz),-86.5,-9.5,7.8,67.2,50.6,126.9
2026-07-15 20:00:00,HELS-013-2,HELS-013,Band 1 (2100MHz),-84.9,-9.1,11.7,80.6,58.6,138.3
2026-07-15 20:00:00,HELS-013-3,HELS-013,Band 1 (2100MHz),-90.4,-12.6,15.7,74.1,46.1,106.7
2026-07-15 20:00:00,HELS-014-1,HELS-014,Band 3 (1800MHz),-88.2,-10.6,6.3,37.8,30.9,152.9
2026-07-15 20:00:00,HELS-014-2,HELS-014,Band 3 (1800MHz),-81.8,-14.8,12.4,74.4,40.8,154.9
2026-07-15 20:00:00,HELS-014-3,HELS-014,Band 3 (1800MHz),-89.7,-9.8,11.9,100.0,56.8,120.3
2026-07-15 21:00:00,HELS-001-1,HELS-001,Band 1 (2100MHz),-84.7,-13.7,24.9,36.5,0.0,31.8
2026-07-15 21:00:00,HELS-001-2,HELS-001,Band 1 (2100MHz),-99.0,-13.5,3.4,0.0,19.6,49.1
2026-07-15 21:00:00,HELS-001-3,HELS-001,Band 1 (2100MHz),-102.0,-15.0,1.5,11.9,14.0,40.2
2026-07-15 21:00:00,HELS-002-1,HELS-002,Band 3 (1800MHz),-85.4,-5.2,21.2,31.4,8.6,55.9
2026-07-15 21:00:00,HELS-002-2,HELS-002,Band 3 (1800MHz),-92.1,-10.1,8.2,35.0,13.4,33.1
2026-07-15 21:00:00,HELS-002-3,HELS-002,Band 3 (1800MHz),-77.1,-4.7,15.2,19.4,0.0,6.2
2026-07-15 21:00:00,HELS-003-1,HELS-003,Band 1 (2100MHz),-85.7,-7.4,16.7,0.4,6.8,23.2
2026-07-15 21:00:00,HELS-003-2,HELS-003,Band 1 (2100MHz),-85.7,-7.8,8.0,3.5,0.0,59.9
2026-07-15 21:00:00,HELS-003-3,HELS-003,Band 1 (2100MHz),-85.9,-5.6,18.1,0.0,15.1,38.8
2026-07-15 21:00:00,HELS-004-1,HELS-004,Band 3 (1800MHz),-82.6,-11.7,15.0,5.5,2.7,0.0
2026-07-15 21:00:00,HELS-004-2,HELS-004,Band 3 (1800MHz),-86.3,-10.5,25.5,11.2,9.4,61.9
2026-07-15 21:00:00,HELS-004-3,HELS-004,Band 3 (1800MHz),-84.7,-9.1,11.2,0.0,21.2,22.8
2026-07-15 21:00:00,HELS-005-1,HELS-005,Band 1 (2100MHz),-104.3,-14.8,3.1,33.8,22.0,23.2
2026-07-15 21:00:00,HELS-005-2,HELS-005,Band 1 (2100MHz),-90.9,-6.3,9.2,25.7,11.2,48.4
2026-07-15 21:00:00,HELS-005-3,HELS-005,Band 1 (2100MHz),-89.2,-7.4,16.1,30.4,12.9,31.8
2026-07-15 21:00:00,HELS-006-1,HELS-006,Band 3 (1800MHz),-83.8,-10.1,12.8,30.5,3.3,39.0
2026-07-15 21:00:00,HELS-006-2,HELS-006,Band 3 (1800MHz),-75.9,-9.5,13.6,4.8,1.9,8.1
2026-07-15 21:00:00,HELS-006-3,HELS-006,Band 3 (1800MHz),-83.2,-7.4,14.7,21.2,6.2,61.1
2026-07-15 21:00:00,HELS-007-1,HELS-007,Band 1 (2100MHz),-81.4,-7.8,5.5,38.6,3.7,48.6
2026-07-15 21:00:00,HELS-007-2,HELS-007,Band 1 (2100MHz),-88.2,-10.1,19.3,34.9,2.5,20.7
2026-07-15 21:00:00,HELS-007-3,HELS-007,Band 1 (2100MHz),-78.4,-11.1,18.2,34.6,23.1,48.2
2026-07-15 21:00:00,HELS-008-1,HELS-008,Band 3 (1800MHz),-83.8,-7.6,17.2,39.5,16.8,42.1
2026-07-15 21:00:00,HELS-008-2,HELS-008,Band 3 (1800MHz),-81.7,-7.5,8.0,12.8,18.9,47.3
2026-07-15 21:00:00,HELS-008-3,HELS-008,Band 3 (1800MHz),-78.8,-10.5,8.1,31.6,0.0,0.0
2026-07-15 21:00:00,HELS-009-1,HELS-009,Band 1 (2100MHz),-88.7,-10.2,12.2,30.2,8.3,39.6
2026-07-15 21:00:00,HELS-009-2,HELS-009,Band 1 (2100MHz),-76.2,-11.2,6.6,20.3,18.1,29.7
2026-07-15 21:00:00,HELS-009-3,HELS-009,Band 1 (2100MHz),-84.7,-6.9,11.9,24.8,1.1,14.7
2026-07-15 21:00:00,HELS-010-1,HELS-010,Band 3 (1800MHz),-82.4,-10.7,17.4,6.4,5.7,48.4
2026-07-15 21:00:00,HELS-010-2,HELS-010,Band 3 (1800MHz),-89.8,-9.0,16.1,16.0,0.0,45.7
2026-07-15 21:00:00,HELS-010-3,HELS-010,Band 3 (1800MHz),-86.7,-7.1,22.7,40.3,5.3,60.7
2026-07-15 21:00:00,HELS-011-1,HELS-011,Band 1 (2100MHz),-81.8,-9.5,12.1,20.1,12.0,46.8
2026-07-15 21:00:00,HELS-011-2,HELS-011,Band 1 (2100MHz),-86.9,-8.5,23.1,6.9,0.0,101.3
2026-07-15 21:00:00,HELS-011-3,HELS-011,Band 1 (2100MHz),-83.7,-8.3,14.2,47.8,7.0,9.4
2026-07-15 21:00:00,HELS-012-1,HELS-012,Band 3 (1800MHz),-81.9,-9.6,11.5,19.9,8.8,29.2
2026-07-15 21:00:00,HELS-012-2,HELS-012,Band 3 (1800MHz),-97.8,-13.0,3.2,16.4,18.9,57.3
2026-07-15 21:00:00,HELS-012-3,HELS-012,Band 3 (1800MHz),-81.8,-9.0,14.0,16.0,2.7,24.3
2026-07-15 21:00:00,HELS-013-1,HELS-013,Band 1 (2100MHz),-81.1,-5.6,15.4,8.0,8.3,38.8
2026-07-15 21:00:00,HELS-013-2,HELS-013,Band 1 (2100MHz),-84.1,-11.6,18.5,20.0,27.3,40.0
2026-07-15 21:00:00,HELS-013-3,HELS-013,Band 1 (2100MHz),-86.6,-8.3,9.1,18.3,12.6,14.3
2026-07-15 21:00:00,HELS-014-1,HELS-014,Band 3 (1800MHz),-88.5,-9.0,16.3,24.6,0.6,20.9
2026-07-15 21:00:00,HELS-014-2,HELS-014,Band 3 (1800MHz),-85.1,-9.6,13.5,20.3,11.4,27.8
2026-07-15 21:00:00,HELS-014-3,HELS-014,Band 3 (1800MHz),-79.4,-6.4,13.6,22.3,14.1,33.8
2026-07-15 22:00:00,HELS-001-1,HELS-001,Band 1 (2100MHz),-81.1,-5.5,22.2,32.9,5.3,27.1
2026-07-15 22:00:00,HELS-001-2,HELS-001,Band 1 (2100MHz),-95.7,-8.7,2.1,20.5,8.3,0.0
2026-07-15 22:00:00,HELS-001-3,HELS-001,Band 1 (2100MHz),-98.2,-13.5,-0.8,33.1,1.9,0.0
2026-07-15 22:00:00,HELS-002-1,HELS-002,Band 3 (1800MHz),-76.8,-8.7,12.1,4.0,6.1,71.4
2026-07-15 22:00:00,HELS-002-2,HELS-002,Band 3 (1800MHz),-75.2,-5.8,11.2,0.0,0.7,11.0
2026-07-15 22:00:00,HELS-002-3,HELS-002,Band 3 (1800MHz),-83.1,-8.9,14.6,0.0,16.9,0.0
2026-07-15 22:00:00,HELS-003-1,HELS-003,Band 1 (2100MHz),-80.9,-7.3,5.4,13.6,19.2,31.3
2026-07-15 22:00:00,HELS-003-2,HELS-003,Band 1 (2100MHz),-91.6,-10.4,11.1,19.6,0.0,38.7
2026-07-15 22:00:00,HELS-003-3,HELS-003,Band 1 (2100MHz),-82.2,-8.2,6.2,17.2,5.5,51.0
2026-07-15 22:00:00,HELS-004-1,HELS-004,Band 3 (1800MHz),-85.7,-11.9,16.6,0.0,13.0,5.5
2026-07-15 22:00:00,HELS-004-2,HELS-004,Band 3 (1800MHz),-83.1,-5.2,10.8,13.3,5.4,0.9
2026-07-15 22:00:00,HELS-004-3,HELS-004,Band 3 (1800MHz),-78.7,-7.1,8.8,22.2,18.4,31.6
2026-07-15 22:00:00,HELS-005-1,HELS-005,Band 1 (2100MHz),-94.1,-12.5,2.6,0.0,1.7,44.2
2026-07-15 22:00:00,HELS-005-2,HELS-005,Band 1 (2100MHz),-78.6,-13.9,12.9,0.0,9.2,18.4
2026-07-15 22:00:00,HELS-005-3,HELS-005,Band 1 (2100MHz),-84.4,-8.2,10.1,0.0,4.7,0.0
2026-07-15 22:00:00,HELS-006-1,HELS-006,Band 3 (1800MHz),-86.3,-5.6,12.5,25.2,11.5,0.0
2026-07-15 22:00:00,HELS-006-2,HELS-006,Band 3 (1800MHz),-84.8,-8.8,4.1,23.2,15.2,42.7
2026-07-15 22:00:00,HELS-006-3,HELS-006,Band 3 (1800MHz),-79.6,-10.6,19.0,0.0,0.0,0.0
2026-07-15 22:00:00,HELS-007-1,HELS-007,Band 1 (2100MHz),-84.9,-9.5,11.1,0.0,12.3,20.9
2026-07-15 22:00:00,HELS-007-2,HELS-007,Band 1 (2100MHz),-87.3,-4.4,12.5,22.2,7.6,36.5
2026-07-15 22:00:00,HELS-007-3,HELS-007,Band 1 (2100MHz),-88.0,-12.3,15.1,18.1,19.7,6.9
2026-07-15 22:00:00,HELS-008-1,HELS-008,Band 3 (1800MHz),-84.7,-6.3,16.6,13.9,4.6,9.2
2026-07-15 22:00:00,HELS-008-2,HELS-008,Band 3 (1800MHz),-85.0,-7.6,7.3,0.0,8.8,14.2
2026-07-15 22:00:00,HELS-008-3,HELS-008,Band 3 (1800MHz),-83.4,-8.5,8.1,0.0,0.0,32.8
2026-07-15 22:00:00,HELS-009-1,HELS-009,Band 1 (2100MHz),-82.3,-9.7,9.9,21.7,14.1,17.4
2026-07-15 22:00:00,HELS-009-2,HELS-009,Band 1 (2100MHz),-88.7,-11.0,13.7,6.1,0.0,0.0
2026-07-15 22:00:00,HELS-009-3,HELS-009,Band 1 (2100MHz),-82.3,-5.9,12.4,5.6,8.8,0.0
2026-07-15 22:00:00,HELS-010-1,HELS-010,Band 3 (1800MHz),-81.4,-10.3,18.2,0.0,12.2,0.0
2026-07-15 22:00:00,HELS-010-2,HELS-010,Band 3 (1800MHz),-79.0,-9.1,14.3,20.3,0.0,5.2
2026-07-15 22:00:00,HELS-010-3,HELS-010,Band 3 (1800MHz),-85.0,-8.9,20.9,7.7,0.0,17.0
2026-07-15 22:00:00,HELS-011-1,HELS-011,Band 1 (2100MHz),-89.5,-6.3,12.1,0.0,4.7,0.0
2026-07-15 22:00:00,HELS-011-2,HELS-011,Band 1 (2100MHz),-76.2,-5.1,12.8,2.0,0.3,0.0
2026-07-15 22:00:00,HELS-011-3,HELS-011,Band 1 (2100MHz),-87.2,-5.6,17.7,20.1,1.7,17.6
2026-07-15 22:00:00,HELS-012-1,HELS-012,Band 3 (1800MHz),-85.3,-6.9,10.5,0.7,0.0,23.8
2026-07-15 22:00:00,HELS-012-2,HELS-012,Band 3 (1800MHz),-96.2,-14.4,15.5,10.4,0.0,30.4
2026-07-15 22:00:00,HELS-012-3,HELS-012,Band 3 (1800MHz),-88.2,-9.7,6.4,22.2,0.0,6.2
2026-07-15 22:00:00,HELS-013-1,HELS-013,Band 1 (2100MHz),-86.5,-10.0,1.7,5.6,1.6,21.1
2026-07-15 22:00:00,HELS-013-2,HELS-013,Band 1 (2100MHz),-86.4,-7.4,15.1,11.7,0.0,0.0
2026-07-15 22:00:00,HELS-013-3,HELS-013,Band 1 (2100MHz),-81.8,-4.5,12.4,26.0,0.0,59.3
2026-07-15 22:00:00,HELS-014-1,HELS-014,Band 3 (1800MHz),-77.1,-8.0,3.1,0.0,12.6,54.4
2026-07-15 22:00:00,HELS-014-2,HELS-014,Band 3 (1800MHz),-90.5,-4.3,16.7,9.8,0.0,29.5
2026-07-15 22:00:00,HELS-014-3,HELS-014,Band 3 (1800MHz),-87.0,-9.3,13.4,18.2,15.5,50.0
2026-07-15 23:00:00,HELS-001-1,HELS-001,Band 1 (2100MHz),-85.4,-5.5,7.9,5.3,0.0,0.6
2026-07-15 23:00:00,HELS-001-2,HELS-001,Band 1 (2100MHz),-93.9,-12.2,14.4,19.8,15.7,16.8
2026-07-15 23:00:00,HELS-001-3,HELS-001,Band 1 (2100MHz),-101.7,-12.2,9.7,0.0,0.0,16.1
2026-07-15 23:00:00,HELS-002-1,HELS-002,Band 3 (1800MHz),-93.7,-8.3,15.9,31.2,13.1,12.1
2026-07-15 23:00:00,HELS-002-2,HELS-002,Band 3 (1800MHz),-87.2,-8.2,11.7,0.0,22.3,0.0
2026-07-15 23:00:00,HELS-002-3,HELS-002,Band 3 (1800MHz),-78.5,-11.2,14.8,0.0,0.0,49.9
2026-07-15 23:00:00,HELS-003-1,HELS-003,Band 1 (2100MHz),-89.3,-9.8,13.1,19.5,4.6,0.0
2026-07-15 23:00:00,HELS-003-2,HELS-003,Band 1 (2100MHz),-87.4,-6.7,13.2,11.2,0.0,22.0
2026-07-15 23:00:00,HELS-003-3,HELS-003,Band 1 (2100MHz),-82.4,-8.5,4.2,25.5,7.3,0.0
2026-07-15 23:00:00,HELS-004-1,HELS-004,Band 3 (1800MHz),-80.4,-9.7,15.3,0.0,14.2,48.8
2026-07-15 23:00:00,HELS-004-2,HELS-004,Band 3 (1800MHz),-82.6,-9.3,16.0,26.9,10.8,41.6
2026-07-15 23:00:00,HELS-004-3,HELS-004,Band 3 (1800MHz),-76.4,-8.8,12.3,0.0,1.5,0.1
2026-07-15 23:00:00,HELS-005-1,HELS-005,Band 1 (2100MHz),-95.0,-12.2,2.2,24.5,6.4,13.3
2026-07-15 23:00:00,HELS-005-2,HELS-005,Band 1 (2100MHz),-85.9,-8.8,17.8,15.5,22.5,0.0
2026-07-15 23:00:00,HELS-005-3,HELS-005,Band 1 (2100MHz),-84.2,-6.7,9.4,20.7,5.4,55.9
2026-07-15 23:00:00,HELS-006-1,HELS-006,Band 3 (1800MHz),-84.4,-6.5,16.3,5.4,13.6,40.5
2026-07-15 23:00:00,HELS-006-2,HELS-006,Band 3 (1800MHz),-84.8,-5.1,12.2,3.1,7.2,0.0
2026-07-15 23:00:00,HELS-006-3,HELS-006,Band 3 (1800MHz),-83.5,-9.1,10.7,1.9,0.0,0.0
2026-07-15 23:00:00,HELS-007-1,HELS-007,Band 1 (2100MHz),-84.0,-9.4,6.4,30.5,0.0,9.7
2026-07-15 23:00:00,HELS-007-2,HELS-007,Band 1 (2100MHz),-78.1,-8.6,3.3,5.2,0.0,31.8
2026-07-15 23:00:00,HELS-007-3,HELS-007,Band 1 (2100MHz),-79.4,-10.7,6.5,14.7,9.3,25.6
2026-07-15 23:00:00,HELS-008-1,HELS-008,Band 3 (1800MHz),-78.3,-8.4,10.7,4.8,19.9,14.9
2026-07-15 23:00:00,HELS-008-2,HELS-008,Band 3 (1800MHz),-86.7,-7.8,13.8,8.2,9.5,25.1
2026-07-15 23:00:00,HELS-008-3,HELS-008,Band 3 (1800MHz),-85.1,-10.5,13.9,14.4,6.7,24.3
2026-07-15 23:00:00,HELS-009-1,HELS-009,Band 1 (2100MHz),-78.2,-9.6,16.3,7.8,14.8,0.0
2026-07-15 23:00:00,HELS-009-2,HELS-009,Band 1 (2100MHz),-88.3,-10.8,10.8,0.0,8.2,42.1
2026-07-15 23:00:00,HELS-009-3,HELS-009,Band 1 (2100MHz),-85.0,-6.1,22.2,4.7,0.0,32.0
2026-07-15 23:00:00,HELS-010-1,HELS-010,Band 3 (1800MHz),-82.2,-9.7,19.8,17.0,16.6,10.0
2026-07-15 23:00:00,HELS-010-2,HELS-010,Band 3 (1800MHz),-79.3,-6.4,10.2,4.3,1.3,0.0
2026-07-15 23:00:00,HELS-010-3,HELS-010,Band 3 (1800MHz),-87.6,-6.7,15.8,0.0,4.1,3.9
2026-07-15 23:00:00,HELS-011-1,HELS-011,Band 1 (2100MHz),-87.5,-5.3,16.1,0.0,12.6,0.0
2026-07-15 23:00:00,HELS-011-2,HELS-011,Band 1 (2100MHz),-83.6,-11.4,10.2,17.5,9.6,0.0
2026-07-15 23:00:00,HELS-011-3,HELS-011,Band 1 (2100MHz),-88.0,-4.5,11.4,0.0,14.6,58.7
2026-07-15 23:00:00,HELS-012-1,HELS-012,Band 3 (1800MHz),-80.8,-7.2,3.6,14.5,0.0,15.3
2026-07-15 23:00:00,HELS-012-2,HELS-012,Band 3 (1800MHz),-92.8,-9.2,6.6,20.9,9.2,0.0
2026-07-15 23:00:00,HELS-012-3,HELS-012,Band 3 (1800MHz),-86.2,-3.8,9.4,11.6,0.0,2.1
2026-07-15 23:00:00,HELS-013-1,HELS-013,Band 1 (2100MHz),-83.9,-6.7,19.2,11.0,0.0,39.6
2026-07-15 23:00:00,HELS-013-2,HELS-013,Band 1 (2100MHz),-84.8,-8.3,12.0,0.0,8.1,57.8
2026-07-15 23:00:00,HELS-013-3,HELS-013,Band 1 (2100MHz),-80.0,-6.9,6.4,0.0,24.3,7.0
2026-07-15 23:00:00,HELS-014-1,HELS-014,Band 3 (1800MHz),-90.6,-8.9,13.0,0.0,8.0,59.6
2026-07-15 23:00:00,HELS-014-2,HELS-014,Band 3 (1800MHz),-90.1,-10.5,7.3,13.5,0.0,25.0
2026-07-15 23:00:00,HELS-014-3,HELS-014,Band 3 (1800MHz),-87.8,-4.8,16.8,24.3,8.8,0.0
2026-07-16 00:00:00,HELS-001-1,HELS-001,Band 1 (2100MHz),-73.5,-9.9,12.9,24.7,3.2,22.0
2026-07-16 00:00:00,HELS-001-2,HELS-001,Band 1 (2100MHz),-93.2,-11.6,1.0,11.0,0.0,22.4
2026-07-16 00:00:00,HELS-001-3,HELS-001,Band 1 (2100MHz),-89.1,-12.1,10.1,5.4,13.7,12.3
2026-07-16 00:00:00,HELS-002-1,HELS-002,Band 3 (1800MHz),-73.0,-10.5,8.4,0.0,4.0,49.8
2026-07-16 00:00:00,HELS-002-2,HELS-002,Band 3 (1800MHz),-87.1,-6.4,2.8,0.0,14.2,0.0
2026-07-16 00:00:00,HELS-002-3,HELS-002,Band 3 (1800MHz),-83.7,-10.3,18.5,14.3,6.2,48.6
2026-07-16 00:00:00,HELS-003-1,HELS-003,Band 1 (2100MHz),-83.1,-11.4,15.3,3.3,6.0,39.8
2026-07-16 00:00:00,HELS-003-2,HELS-003,Band 1 (2100MHz),-89.7,-9.9,25.1,0.0,0.0,0.9
2026-07-16 00:00:00,HELS-003-3,HELS-003,Band 1 (2100MHz),-84.6,-6.5,9.9,0.0,10.7,7.4
2026-07-16 00:00:00,HELS-004-1,HELS-004,Band 3 (1800MHz),-88.8,-8.6,14.0,25.4,17.3,17.9
2026-07-16 00:00:00,HELS-004-2,HELS-004,Band 3 (1800MHz),-84.6,-7.0,14.1,19.5,1.3,0.0
2026-07-16 00:00:00,HELS-004-3,HELS-004,Band 3 (1800MHz),-87.7,-5.7,7.1,5.9,24.9,48.9
2026-07-16 00:00:00,HELS-005-1,HELS-005,Band 1 (2100MHz),-95.8,-12.4,9.3,0.0,0.0,0.0
2026-07-16 00:00:00,HELS-005-2,HELS-005,Band 1 (2100MHz),-79.0,-8.3,16.4,14.1,0.0,0.0
2026-07-16 00:00:00,HELS-005-3,HELS-005,Band 1 (2100MHz),-84.1,-7.4,5.6,6.4,0.0,14.6
2026-07-16 00:00:00,HELS-006-1,HELS-006,Band 3 (1800MHz),-83.0,-8.7,3.2,25.5,0.0,2.6
2026-07-16 00:00:00,HELS-006-2,HELS-006,Band 3 (1800MHz),-86.4,-8.4,2.2,19.7,11.2,0.0
2026-07-16 00:00:00,HELS-006-3,HELS-006,Band 3 (1800MHz),-84.6,-5.7,15.4,0.0,1.7,0.0
2026-07-16 00:00:00,HELS-007-1,HELS-007,Band 1 (2100MHz),-84.3,-7.4,25.2,10.1,3.6,0.0
2026-07-16 00:00:00,HELS-007-2,HELS-007,Band 1 (2100MHz),-86.9,-8.9,10.4,9.8,14.3,13.3
2026-07-16 00:00:00,HELS-007-3,HELS-007,Band 1 (2100MHz),-87.0,-4.4,14.4,15.4,0.0,13.2
2026-07-16 00:00:00,HELS-008-1,HELS-008,Band 3 (1800MHz),-86.7,-9.5,10.0,10.8,0.0,23.6
2026-07-16 00:00:00,HELS-008-2,HELS-008,Band 3 (1800MHz),-85.3,-8.6,17.2,9.0,0.0,32.6
2026-07-16 00:00:00,HELS-008-3,HELS-008,Band 3 (1800MHz),-80.1,-6.3,17.3,0.0,23.8,0.0
2026-07-16 00:00:00,HELS-009-1,HELS-009,Band 1 (2100MHz),-73.1,-8.2,6.2,0.0,4.5,7.9
2026-07-16 00:00:00,HELS-009-2,HELS-009,Band 1 (2100MHz),-80.6,-6.8,21.6,0.6,14.3,20.6
2026-07-16 00:00:00,HELS-009-3,HELS-009,Band 1 (2100MHz),-81.4,-5.8,12.5,0.0,0.0,0.0
2026-07-16 00:00:00,HELS-010-1,HELS-010,Band 3 (1800MHz),-91.7,-0.8,2.5,16.4,1.1,8.6
2026-07-16 00:00:00,HELS-010-2,HELS-010,Band 3 (1800MHz),-82.5,-5.3,27.7,6.5,20.3,16.5
2026-07-16 00:00:00,HELS-010-3,HELS-010,Band 3 (1800MHz),-86.6,-4.8,15.1,20.2,0.0,5.8
2026-07-16 00:00:00,HELS-011-1,HELS-011,Band 1 (2100MHz),-81.8,-9.4,16.9,10.7,2.0,27.5
2026-07-16 00:00:00,HELS-011-2,HELS-011,Band 1 (2100MHz),-85.6,-7.3,18.4,8.2,9.6,18.5
2026-07-16 00:00:00,HELS-011-3,HELS-011,Band 1 (2100MHz),-86.8,-6.7,5.3,17.2,12.6,0.0
2026-07-16 00:00:00,HELS-012-1,HELS-012,Band 3 (1800MHz),-85.2,-8.7,11.2,31.7,8.5,10.1
2026-07-16 00:00:00,HELS-012-2,HELS-012,Band 3 (1800MHz),-93.8,-6.0,8.7,16.1,12.2,23.5
2026-07-16 00:00:00,HELS-012-3,HELS-012,Band 3 (1800MHz),-83.8,-10.3,15.2,10.5,0.9,0.0
2026-07-16 00:00:00,HELS-013-1,HELS-013,Band 1 (2100MHz),-90.7,-9.2,6.7,23.8,13.7,14.9
2026-07-16 00:00:00,HELS-013-2,HELS-013,Band 1 (2100MHz),-92.8,-7.0,20.6,0.7,7.0,0.0
2026-07-16 00:00:00,HELS-013-3,HELS-013,Band 1 (2100MHz),-90.7,-8.9,15.7,0.0,0.0,6.0
2026-07-16 00:00:00,HELS-014-1,HELS-014,Band 3 (1800MHz),-88.4,-4.1,10.7,0.0,9.7,21.7
2026-07-16 00:00:00,HELS-014-2,HELS-014,Band 3 (1800MHz),-80.9,-10.2,14.5,17.9,19.7,33.0
2026-07-16 00:00:00,HELS-014-3,HELS-014,Band 3 (1800MHz),-81.0,-6.3,5.9,4.6,1.8,30.4
2026-07-16 01:00:00,HELS-001-1,HELS-001,Band 1 (2100MHz),-83.6,-9.2,15.5,19.5,0.0,13.3
2026-07-16 01:00:00,HELS-001-2,HELS-001,Band 1 (2100MHz),-99.9,-12.4,10.2,10.5,5.9,0.0
2026-07-16 01:00:00,HELS-001-3,HELS-001,Band 1 (2100MHz),-97.2,-12.0,7.3,12.2,5.5,0.0
2026-07-16 01:00:00,HELS-002-1,HELS-002,Band 3 (1800MHz),-90.7,-5.9,11.4,0.0,0.0,25.6
2026-07-16 01:00:00,HELS-002-2,HELS-002,Band 3 (1800MHz),-81.9,-8.0,11.6,17.1,1.3,13.2
2026-07-16 01:00:00,HELS-002-3,HELS-002,Band 3 (1800MHz),-78.7,-4.8,14.3,0.0,0.2,0.0
2026-07-16 01:00:00,HELS-003-1,HELS-003,Band 1 (2100MHz),-84.0,-4.5,23.7,19.3,0.0,0.7
2026-07-16 01:00:00,HELS-003-2,HELS-003,Band 1 (2100MHz),-82.1,-10.3,19.7,12.0,13.0,46.7
2026-07-16 01:00:00,HELS-003-3,HELS-003,Band 1 (2100MHz),-78.8,-6.7,18.1,0.0,2.7,32.9
2026-07-16 01:00:00,HELS-004-1,HELS-004,Band 3 (1800MHz),-87.3,-5.8,5.2,30.5,18.1,0.0
2026-07-16 01:00:00,HELS-004-2,HELS-004,Band 3 (1800MHz),-87.0,-7.1,9.5,2.8,0.0,16.6
2026-07-16 01:00:00,HELS-004-3,HELS-004,Band 3 (1800MHz),-74.8,-9.3,13.8,9.3,0.0,14.6
2026-07-16 01:00:00,HELS-005-1,HELS-005,Band 1 (2100MHz),-104.3,-14.0,4.2,0.0,0.0,26.7
2026-07-16 01:00:00,HELS-005-2,HELS-005,Band 1 (2100MHz),-85.3,-7.7,10.1,13.0,0.0,0.0
2026-07-16 01:00:00,HELS-005-3,HELS-005,Band 1 (2100MHz),-81.1,-8.5,17.9,34.3,2.0,31.1
2026-07-16 01:00:00,HELS-006-1,HELS-006,Band 3 (1800MHz),-83.7,-10.1,10.6,10.7,1.4,6.8
2026-07-16 01:00:00,HELS-006-2,HELS-006,Band 3 (1800MHz),-87.2,-8.9,6.3,6.5,22.6,0.0
2026-07-16 01:00:00,HELS-006-3,HELS-006,Band 3 (1800MHz),-89.8,-7.5,4.9,13.4,20.3,0.0
2026-07-16 01:00:00,HELS-007-1,HELS-007,Band 1 (2100MHz),-85.1,-9.1,18.0,6.9,0.0,0.0
2026-07-16 01:00:00,HELS-007-2,HELS-007,Band 1 (2100MHz),-86.1,-7.0,18.2,20.5,23.8,6.5
2026-07-16 01:00:00,HELS-007-3,HELS-007,Band 1 (2100MHz),-90.0,-7.8,10.1,0.0,13.0,34.5
2026-07-16 01:00:00,HELS-008-1,HELS-008,Band 3 (1800MHz),-86.1,-7.5,10.3,7.8,0.0,41.1
2026-07-16 01:00:00,HELS-008-2,HELS-008,Band 3 (1800MHz),-87.3,-7.1,11.1,26.5,3.5,28.7
2026-07-16 01:00:00,HELS-008-3,HELS-008,Band 3 (1800MHz),-88.9,-7.9,11.4,17.1,0.0,0.8
2026-07-16 01:00:00,HELS-009-1,HELS-009,Band 1 (2100MHz),-85.5,-8.0,10.1,12.6,15.5,8.2
2026-07-16 01:00:00,HELS-009-2,HELS-009,Band 1 (2100MHz),-83.3,-10.3,6.1,5.1,0.0,38.3
2026-07-16 01:00:00,HELS-009-3,HELS-009,Band 1 (2100MHz),-82.0,-8.2,13.3,0.0,9.9,1.6
2026-07-16 01:00:00,HELS-010-1,HELS-010,Band 3 (1800MHz),-85.1,-8.5,10.6,15.2,1.9,42.8
2026-07-16 01:00:00,HELS-010-2,HELS-010,Band 3 (1800MHz),-81.4,-8.1,14.2,2.8,10.5,26.4
2026-07-16 01:00:00,HELS-010-3,HELS-010,Band 3 (1800MHz),-89.7,-5.9,13.7,39.6,2.0,16.2
2026-07-16 01:00:00,HELS-011-1,HELS-011,Band 1 (2100MHz),-85.6,-10.7,5.3,21.8,18.9,0.0
2026-07-16 01:00:00,HELS-011-2,HELS-011,Band 1 (2100MHz),-84.0,-12.1,21.3,16.2,0.1,2.5
2026-07-16 01:00:00,HELS-011-3,HELS-011,Band 1 (2100MHz),-86.7,-8.6,10.9,8.1,0.6,0.0
2026-07-16 01:00:00,HELS-012-1,HELS-012,Band 3 (1800MHz),-87.9,-6.1,9.9,4.8,1.8,2.8
2026-07-16 01:00:00,HELS-012-2,HELS-012,Band 3 (1800MHz),-90.6,-11.2,6.9,0.0,12.2,0.0
2026-07-16 01:00:00,HELS-012-3,HELS-012,Band 3 (1800MHz),-81.5,-7.3,19.2,13.2,5.4,30.5
2026-07-16 01:00:00,HELS-013-1,HELS-013,Band 1 (2100MHz),-80.6,-7.2,14.3,2.5,6.7,34.4
2026-07-16 01:00:00,HELS-013-2,HELS-013,Band 1 (2100MHz),-83.3,-10.1,16.8,0.0,13.7,15.1
2026-07-16 01:00:00,HELS-013-3,HELS-013,Band 1 (2100MHz),-83.2,-6.5,17.3,33.5,7.2,0.0
2026-07-16 01:00:00,HELS-014-1,HELS-014,Band 3 (1800MHz),-81.0,-8.7,3.0,21.0,1.7,32.1
2026-07-16 01:00:00,HELS-014-2,HELS-014,Band 3 (1800MHz),-76.7,-9.7,14.6,0.0,10.8,4.4
2026-07-16 01:00:00,HELS-014-3,HELS-014,Band 3 (1800MHz),-78.5,-7.1,12.3,0.0,5.5,36.6
2026-07-16 02:00:00,HELS-001-1,HELS-001,Band 1 (2100MHz),-89.5,-4.7,14.9,0.0,17.2,0.0
2026-07-16 02:00:00,HELS-001-2,HELS-001,Band 1 (2100MHz),-91.7,-12.4,10.7,5.1,0.0,0.0
2026-07-16 02:00:00,HELS-001-3,HELS-001,Band 1 (2100MHz),-94.5,-16.7,12.1,5.7,17.9,63.0
2026-07-16 02:00:00,HELS-002-1,HELS-002,Band 3 (1800MHz),-87.0,-10.1,14.6,0.0,3.3,30.1
2026-07-16 02:00:00,HELS-002-2,HELS-002,Band 3 (1800MHz),-80.4,-7.4,8.1,21.7,5.4,29.3
2026-07-16 02:00:00,HELS-002-3,HELS-002,Band 3 (1800MHz),-83.1,-8.2,18.3,3.0,5.5,14.3
2026-07-16 02:00:00,HELS-003-1,HELS-003,Band 1 (2100MHz),-85.8,-6.5,10.8,0.0,6.1,4.1
2026-07-16 02:00:00,HELS-003-2,HELS-003,Band 1 (2100MHz),-76.4,-10.4,18.0,0.0,0.0,2.3
2026-07-16 02:00:00,HELS-003-3,HELS-003,Band 1 (2100MHz),-77.6,-9.0,10.5,8.2,15.2,41.2
2026-07-16 02:00:00,HELS-004-1,HELS-004,Band 3 (1800MHz),-83.5,-10.4,11.8,8.6,6.3,25.8
2026-07-16 02:00:00,HELS-004-2,HELS-004,Band 3 (1800MHz),-72.3,-10.6,6.7,2.9,0.0,16.8
2026-07-16 02:00:00,HELS-004-3,HELS-004,Band 3 (1800MHz),-77.9,-10.0,9.3,8.6,3.4,0.0
2026-07-16 02:00:00,HELS-005-1,HELS-005,Band 1 (2100MHz),-98.6,-10.8,12.8,31.6,0.0,64.6
2026-07-16 02:00:00,HELS-005-2,HELS-005,Band 1 (2100MHz),-82.7,-6.6,1.4,16.2,14.9,18.5
2026-07-16 02:00:00,HELS-005-3,HELS-005,Band 1 (2100MHz),-77.6,-5.7,17.8,13.3,0.0,22.1
2026-07-16 02:00:00,HELS-006-1,HELS-006,Band 3 (1800MHz),-80.3,-7.2,10.5,29.4,1.3,0.0
2026-07-16 02:00:00,HELS-006-2,HELS-006,Band 3 (1800MHz),-85.6,-9.4,15.8,19.9,0.0,33.1
2026-07-16 02:00:00,HELS-006-3,HELS-006,Band 3 (1800MHz),-83.4,-9.0,14.8,4.7,0.0,0.0
2026-07-16 02:00:00,HELS-007-1,HELS-007,Band 1 (2100MHz),-76.2,-4.1,18.8,12.9,7.3,14.4
2026-07-16 02:00:00,HELS-007-2,HELS-007,Band 1 (2100MHz),-81.8,-6.5,7.5,0.0,14.3,14.3
2026-07-16 02:00:00,HELS-007-3,HELS-007,Band 1 (2100MHz),-79.7,-9.0,20.8,17.0,0.0,12.3
2026-07-16 02:00:00,HELS-008-1,HELS-008,Band 3 (1800MHz),-85.6,-8.2,8.9,10.7,7.3,0.0
2026-07-16 02:00:00,HELS-008-2,HELS-008,Band 3 (1800MHz),-87.9,-14.9,20.4,0.0,2.7,59.7
2026-07-16 02:00:00,HELS-008-3,HELS-008,Band 3 (1800MHz),-90.5,-7.0,13.3,15.7,3.7,78.9
2026-07-16 02:00:00,HELS-009-1,HELS-009,Band 1 (2100MHz),-87.1,-10.2,7.6,0.0,8.9,10.8
2026-07-16 02:00:00,HELS-009-2,HELS-009,Band 1 (2100MHz),-81.1,-10.6,13.0,10.2,14.2,4.2
2026-07-16 02:00:00,HELS-009-3,HELS-009,Band 1 (2100MHz),-88.0,-9.4,12.7,0.0,0.0,39.0
2026-07-16 02:00:00,HELS-010-1,HELS-010,Band 3 (1800MHz),-89.8,-2.6,16.6,21.2,1.5,0.0
2026-07-16 02:00:00,HELS-010-2,HELS-010,Band 3 (1800MHz),-82.2,-5.8,19.3,18.0,0.0,0.0
2026-07-16 02:00:00,HELS-010-3,HELS-010,Band 3 (1800MHz),-81.1,-9.0,18.0,34.2,16.5,0.0
2026-07-16 02:00:00,HELS-011-1,HELS-011,Band 1 (2100MHz),-81.7,-11.1,17.2,6.5,4.2,35.9
2026-07-16 02:00:00,HELS-011-2,HELS-011,Band 1 (2100MHz),-83.6,-7.8,15.4,1.9,9.4,18.4
2026-07-16 02:00:00,HELS-011-3,HELS-011,Band 1 (2100MHz),-85.2,-8.1,10.6,19.6,2.7,28.7
2026-07-16 02:00:00,HELS-012-1,HELS-012,Band 3 (1800MHz),-85.5,-7.2,22.9,10.1,17.2,0.0
2026-07-16 02:00:00,HELS-012-2,HELS-012,Band 3 (1800MHz),-97.8,-15.1,7.5,20.1,23.4,38.7
2026-07-16 02:00:00,HELS-012-3,HELS-012,Band 3 (1800MHz),-79.3,-7.4,15.5,19.6,0.0,12.2
2026-07-16 02:00:00,HELS-013-1,HELS-013,Band 1 (2100MHz),-79.7,-7.2,15.4,12.5,11.7,28.9
2026-07-16 02:00:00,HELS-013-2,HELS-013,Band 1 (2100MHz),-89.8,-9.7,18.7,0.0,3.5,0.5
2026-07-16 02:00:00,HELS-013-3,HELS-013,Band 1 (2100MHz),-87.7,-8.4,14.7,6.4,2.4,21.7
2026-07-16 02:00:00,HELS-014-1,HELS-014,Band 3 (1800MHz),-72.9,-5.7,20.9,0.0,0.0,40.5
2026-07-16 02:00:00,HELS-014-2,HELS-014,Band 3 (1800MHz),-74.5,-10.8,11.5,0.0,0.0,0.0
2026-07-16 02:00:00,HELS-014-3,HELS-014,Band 3 (1800MHz),-88.1,-4.9,20.7,5.2,0.0,53.8
2026-07-16 03:00:00,HELS-001-1,HELS-001,Band 1 (2100MHz),-81.5,-9.4,14.2,5.7,8.0,62.8
2026-07-16 03:00:00,HELS-001-2,HELS-001,Band 1 (2100MHz),-103.1,-10.0,1.9,17.6,8.1,19.3
2026-07-16 03:00:00,HELS-001-3,HELS-001,Band 1 (2100MHz),-103.1,-12.0,2.0,9.9,6.7,20.5
2026-07-16 03:00:00,HELS-002-1,HELS-002,Band 3 (1800MHz),-91.3,-5.7,15.8,0.0,5.1,53.8
2026-07-16 03:00:00,HELS-002-2,HELS-002,Band 3 (1800MHz),-76.2,-9.2,17.4,23.1,10.5,0.0
2026-07-16 03:00:00,HELS-002-3,HELS-002,Band 3 (1800MHz),-82.4,-4.7,6.7,0.0,6.7,48.4
2026-07-16 03:00:00,HELS-003-1,HELS-003,Band 1 (2100MHz),-85.5,-9.5,14.1,1.6,0.0,5.3
2026-07-16 03:00:00,HELS-003-2,HELS-003,Band 1 (2100MHz),-84.9,-6.0,14.3,19.5,0.5,4.8
2026-07-16 03:00:00,HELS-003-3,HELS-003,Band 1 (2100MHz),-87.5,-4.8,15.1,0.0,8.6,3.8
2026-07-16 03:00:00,HELS-004-1,HELS-004,Band 3 (1800MHz),-89.7,-6.4,16.1,3.2,0.0,2.3
2026-07-16 03:00:00,HELS-004-2,HELS-004,Band 3 (1800MHz),-86.0,-8.4,12.7,5.3,0.0,0.0
2026-07-16 03:00:00,HELS-004-3,HELS-004,Band 3 (1800MHz),-91.7,-7.2,16.3,25.2,7.7,4.2
2026-07-16 03:00:00,HELS-005-1,HELS-005,Band 1 (2100MHz),-98.9,-14.6,12.1,0.0,26.9,50.1
2026-07-16 03:00:00,HELS-005-2,HELS-005,Band 1 (2100MHz),-83.9,-6.7,12.3,2.6,0.9,0.0
2026-07-16 03:00:00,HELS-005-3,HELS-005,Band 1 (2100MHz),-85.1,-8.3,13.1,4.7,0.0,25.9
2026-07-16 03:00:00,HELS-006-1,HELS-006,Band 3 (1800MHz),-90.6,-7.0,13.8,32.2,16.8,8.0
2026-07-16 03:00:00,HELS-006-2,HELS-006,Band 3 (1800MHz),-84.4,-8.0,14.9,8.2,0.0,44.0
2026-07-16 03:00:00,HELS-006-3,HELS-006,Band 3 (1800MHz),-81.2,-5.0,13.3,9.6,6.7,0.0
2026-07-16 03:00:00,HELS-007-1,HELS-007,Band 1 (2100MHz),-91.2,-8.8,12.5,1.5,16.5,0.9
2026-07-16 03:00:00,HELS-007-2,HELS-007,Band 1 (2100MHz),-82.8,-8.1,19.7,0.0,3.9,13.7
2026-07-16 03:00:00,HELS-007-3,HELS-007,Band 1 (2100MHz),-81.8,-5.8,10.6,14.4,11.2,4.5
2026-07-16 03:00:00,HELS-008-1,HELS-008,Band 3 (1800MHz),-86.1,-5.0,15.5,0.0,1.6,18.2
2026-07-16 03:00:00,HELS-008-2,HELS-008,Band 3 (1800MHz),-85.7,-9.4,14.3,28.9,29.1,49.4
2026-07-16 03:00:00,HELS-008-3,HELS-008,Band 3 (1800MHz),-80.4,-8.4,11.4,24.5,18.9,13.8
2026-07-16 03:00:00,HELS-009-1,HELS-009,Band 1 (2100MHz),-80.1,-0.4,16.3,10.4,0.0,9.6
2026-07-16 03:00:00,HELS-009-2,HELS-009,Band 1 (2100MHz),-91.8,-5.8,7.2,11.8,16.9,27.3
2026-07-16 03:00:00,HELS-009-3,HELS-009,Band 1 (2100MHz),-82.0,-7.3,11.6,22.7,4.5,20.1
2026-07-16 03:00:00,HELS-010-1,HELS-010,Band 3 (1800MHz),-80.8,-10.4,17.5,10.4,0.0,75.1
2026-07-16 03:00:00,HELS-010-2,HELS-010,Band 3 (1800MHz),-86.5,-7.4,23.8,0.0,0.0,29.1
2026-07-16 03:00:00,HELS-010-3,HELS-010,Band 3 (1800MHz),-74.2,-8.4,19.1,3.9,4.8,30.0
2026-07-16 03:00:00,HELS-011-1,HELS-011,Band 1 (2100MHz),-85.4,-10.9,6.7,0.2,13.6,30.7
2026-07-16 03:00:00,HELS-011-2,HELS-011,Band 1 (2100MHz),-81.8,-8.8,12.5,1.0,15.7,11.4
2026-07-16 03:00:00,HELS-011-3,HELS-011,Band 1 (2100MHz),-86.6,-9.1,4.0,1.3,2.7,26.2
2026-07-16 03:00:00,HELS-012-1,HELS-012,Band 3 (1800MHz),-96.9,-8.4,7.4,12.9,4.8,0.2
2026-07-16 03:00:00,HELS-012-2,HELS-012,Band 3 (1800MHz),-98.3,-12.7,12.8,23.9,7.2,30.7
2026-07-16 03:00:00,HELS-012-3,HELS-012,Band 3 (1800MHz),-87.2,-9.8,24.0,16.7,7.4,38.1
2026-07-16 03:00:00,HELS-013-1,HELS-013,Band 1 (2100MHz),-83.1,-6.7,-0.5,12.0,3.7,0.0
2026-07-16 03:00:00,HELS-013-2,HELS-013,Band 1 (2100MHz),-82.2,-7.9,8.7,0.1,15.7,16.6
2026-07-16 03:00:00,HELS-013-3,HELS-013,Band 1 (2100MHz),-81.4,-8.9,12.1,6.4,10.4,10.7
2026-07-16 03:00:00,HELS-014-1,HELS-014,Band 3 (1800MHz),-85.1,-4.7,11.3,7.9,28.7,0.0
2026-07-16 03:00:00,HELS-014-2,HELS-014,Band 3 (1800MHz),-84.9,-6.9,17.4,3.3,0.0,3.8
2026-07-16 03:00:00,HELS-014-3,HELS-014,Band 3 (1800MHz),-87.2,-10.0,16.5,8.9,18.2,7.1
2026-07-16 04:00:00,HELS-001-1,HELS-001,Band 1 (2100MHz),-85.7,-9.2,7.1,14.1,7.6,0.6
2026-07-16 04:00:00,HELS-001-2,HELS-001,Band 1 (2100MHz),-97.5,-9.4,4.1,0.0,20.1,0.0
2026-07-16 04:00:00,HELS-001-3,HELS-001,Band 1 (2100MHz),-91.9,-10.5,5.1,16.8,0.0,69.9
2026-07-16 04:00:00,HELS-002-1,HELS-002,Band 3 (1800MHz),-86.1,-8.6,18.8,0.0,12.4,29.5
2026-07-16 04:00:00,HELS-002-2,HELS-002,Band 3 (1800MHz),-86.6,-8.9,23.3,19.1,0.0,11.1
2026-07-16 04:00:00,HELS-002-3,HELS-002,Band 3 (1800MHz),-80.7,-4.6,12.1,13.2,1.3,36.7
2026-07-16 04:00:00,HELS-003-1,HELS-003,Band 1 (2100MHz),-90.7,-6.0,11.6,0.0,2.7,38.3
2026-07-16 04:00:00,HELS-003-2,HELS-003,Band 1 (2100MHz),-84.1,-7.4,11.5,0.0,0.0,25.9
2026-07-16 04:00:00,HELS-003-3,HELS-003,Band 1 (2100MHz),-78.2,-8.8,16.2,7.0,27.9,23.6
2026-07-16 04:00:00,HELS-004-1,HELS-004,Band 3 (1800MHz),-78.0,-10.2,10.9,8.8,15.2,0.0
2026-07-16 04:00:00,HELS-004-2,HELS-004,Band 3 (1800MHz),-82.4,-7.9,23.6,1.5,0.0,0.0
2026-07-16 04:00:00,HELS-004-3,HELS-004,Band 3 (1800MHz),-77.7,-8.8,2.1,14.3,4.8,29.6
2026-07-16 04:00:00,HELS-005-1,HELS-005,Band 1 (2100MHz),-95.4,-10.1,5.1,0.0,2.4,0.0
2026-07-16 04:00:00,HELS-005-2,HELS-005,Band 1 (2100MHz),-81.0,-10.8,10.3,0.0,0.0,7.5
2026-07-16 04:00:00,HELS-005-3,HELS-005,Band 1 (2100MHz),-81.7,-10.3,10.2,0.0,8.3,0.4
2026-07-16 04:00:00,HELS-006-1,HELS-006,Band 3 (1800MHz),-81.2,-9.4,11.4,6.8,0.0,0.0
2026-07-16 04:00:00,HELS-006-2,HELS-006,Band 3 (1800MHz),-85.4,-8.2,13.4,27.9,6.3,51.5
2026-07-16 04:00:00,HELS-006-3,HELS-006,Band 3 (1800MHz),-82.2,-7.1,6.7,10.1,0.0,0.0
2026-07-16 04:00:00,HELS-007-1,HELS-007,Band 1 (2100MHz),-87.2,-10.0,12.1,31.9,6.4,17.1
2026-07-16 04:00:00,HELS-007-2,HELS-007,Band 1 (2100MHz),-85.6,-9.4,21.9,0.0,9.4,28.0
2026-07-16 04:00:00,HELS-007-3,HELS-007,Band 1 (2100MHz),-87.1,-10.4,11.7,14.2,7.7,49.2
2026-07-16 04:00:00,HELS-008-1,HELS-008,Band 3 (1800MHz),-77.0,-9.3,12.7,5.4,0.0,12.5
2026-07-16 04:00:00,HELS-008-2,HELS-008,Band 3 (1800MHz),-83.0,-7.8,6.9,14.1,7.4,0.0
2026-07-16 04:00:00,HELS-008-3,HELS-008,Band 3 (1800MHz),-90.8,-7.3,8.4,0.0,3.9,32.1
2026-07-16 04:00:00,HELS-009-1,HELS-009,Band 1 (2100MHz),-88.1,-10.5,11.7,14.0,16.8,32.7
2026-07-16 04:00:00,HELS-009-2,HELS-009,Band 1 (2100MHz),-85.7,-6.0,7.8,12.4,1.7,12.8
2026-07-16 04:00:00,HELS-009-3,HELS-009,Band 1 (2100MHz),-80.2,-6.4,10.9,0.6,0.0,33.0
2026-07-16 04:00:00,HELS-010-1,HELS-010,Band 3 (1800MHz),-80.3,-8.8,20.3,0.0,2.9,0.0
2026-07-16 04:00:00,HELS-010-2,HELS-010,Band 3 (1800MHz),-79.2,-7.9,9.8,9.8,0.0,4.7
2026-07-16 04:00:00,HELS-010-3,HELS-010,Band 3 (1800MHz),-79.6,-8.3,25.4,4.8,14.9,12.4
2026-07-16 04:00:00,HELS-011-1,HELS-011,Band 1 (2100MHz),-77.9,-8.2,14.1,16.8,11.8,17.0
2026-07-16 04:00:00,HELS-011-2,HELS-011,Band 1 (2100MHz),-86.9,-10.3,8.5,18.0,0.0,27.3
2026-07-16 04:00:00,HELS-011-3,HELS-011,Band 1 (2100MHz),-84.8,-6.1,11.9,12.3,12.3,28.8
2026-07-16 04:00:00,HELS-012-1,HELS-012,Band 3 (1800MHz),-92.7,-8.6,19.8,34.5,8.6,0.0
2026-07-16 04:00:00,HELS-012-2,HELS-012,Band 3 (1800MHz),-94.7,-11.2,-3.3,8.1,10.3,60.7
2026-07-16 04:00:00,HELS-012-3,HELS-012,Band 3 (1800MHz),-80.7,-4.5,9.5,1.7,11.9,19.9
2026-07-16 04:00:00,HELS-013-1,HELS-013,Band 1 (2100MHz),-74.8,-8.0,13.2,10.4,0.0,6.6
2026-07-16 04:00:00,HELS-013-2,HELS-013,Band 1 (2100MHz),-80.2,-9.4,11.3,1.9,9.3,0.0
2026-07-16 04:00:00,HELS-013-3,HELS-013,Band 1 (2100MHz),-77.2,-8.7,11.4,7.3,13.3,0.0
2026-07-16 04:00:00,HELS-014-1,HELS-014,Band 3 (1800MHz),-76.7,-6.5,21.2,19.0,0.0,43.8
2026-07-16 04:00:00,HELS-014-2,HELS-014,Band 3 (1800MHz),-83.3,-11.1,14.2,16.2,1.4,11.4
2026-07-16 04:00:00,HELS-014-3,HELS-014,Band 3 (1800MHz),-83.9,-9.4,21.6,15.3,0.7,0.0
2026-07-16 05:00:00,HELS-001-1,HELS-001,Band 1 (2100MHz),-81.4,-7.9,16.1,6.3,0.0,26.6
2026-07-16 05:00:00,HELS-001-2,HELS-001,Band 1 (2100MHz),-98.3,-13.7,6.6,4.9,0.0,44.8
2026-07-16 05:00:00,HELS-001-3,HELS-001,Band 1 (2100MHz),-98.9,-9.4,1.5,23.6,0.0,0.0
2026-07-16 05:00:00,HELS-002-1,HELS-002,Band 3 (1800MHz),-87.2,-10.9,13.8,0.0,7.8,0.0
2026-07-16 05:00:00,HELS-002-2,HELS-002,Band 3 (1800MHz),-82.8,-6.3,16.4,0.0,6.9,0.0
2026-07-16 05:00:00,HELS-002-3,HELS-002,Band 3 (1800MHz),-82.3,-10.5,20.4,21.4,9.0,23.2
2026-07-16 05:00:00,HELS-003-1,HELS-003,Band 1 (2100MHz),-80.5,-12.3,13.4,29.0,4.0,37.1
2026-07-16 05:00:00,HELS-003-2,HELS-003,Band 1 (2100MHz),-94.0,-5.5,10.3,0.1,13.3,17.9
2026-07-16 05:00:00,HELS-003-3,HELS-003,Band 1 (2100MHz),-84.4,-8.8,11.8,13.8,14.4,0.0
2026-07-16 05:00:00,HELS-004-1,HELS-004,Band 3 (1800MHz),-84.8,-6.1,13.0,0.0,0.0,34.4
2026-07-16 05:00:00,HELS-004-2,HELS-004,Band 3 (1800MHz),-78.2,-9.8,14.2,20.8,11.0,0.0
2026-07-16 05:00:00,HELS-004-3,HELS-004,Band 3 (1800MHz),-81.4,-6.1,12.9,7.7,0.0,38.4
2026-07-16 05:00:00,HELS-005-1,HELS-005,Band 1 (2100MHz),-98.8,-11.1,8.3,16.7,0.0,21.8
2026-07-16 05:00:00,HELS-005-2,HELS-005,Band 1 (2100MHz),-87.0,-8.2,15.2,9.9,13.9,0.0
2026-07-16 05:00:00,HELS-005-3,HELS-005,Band 1 (2100MHz),-81.7,-6.9,13.3,0.0,0.0,15.5
2026-07-16 05:00:00,HELS-006-1,HELS-006,Band 3 (1800MHz),-79.7,-8.5,16.6,1.3,7.5,6.2
2026-07-16 05:00:00,HELS-006-2,HELS-006,Band 3 (1800MHz),-81.7,-8.8,15.0,24.5,5.3,0.0
2026-07-16 05:00:00,HELS-006-3,HELS-006,Band 3 (1800MHz),-83.7,-10.1,15.9,20.7,1.7,30.0
2026-07-16 05:00:00,HELS-007-1,HELS-007,Band 1 (2100MHz),-81.7,-10.0,5.2,2.3,7.4,32.8
2026-07-16 05:00:00,HELS-007-2,HELS-007,Band 1 (2100MHz),-84.5,-5.9,19.4,23.5,20.8,2.1
2026-07-16 05:00:00,HELS-007-3,HELS-007,Band 1 (2100MHz),-80.5,-9.7,12.2,1.9,9.3,5.6
2026-07-16 05:00:00,HELS-008-1,HELS-008,Band 3 (1800MHz),-80.0,-10.8,7.5,8.4,19.8,12.4
2026-07-16 05:00:00,HELS-008-2,HELS-008,Band 3 (1800MHz),-80.3,-8.8,17.5,3.2,10.1,1.1
2026-07-16 05:00:00,HELS-008-3,HELS-008,Band 3 (1800MHz),-76.3,-7.6,17.1,8.4,0.0,0.0
2026-07-16 05:00:00,HELS-009-1,HELS-009,Band 1 (2100MHz),-79.9,-3.8,9.2,0.0,0.0,8.1
2026-07-16 05:00:00,HELS-009-2,HELS-009,Band 1 (2100MHz),-85.8,-6.7,9.8,23.8,0.0,7.8
2026-07-16 05:00:00,HELS-009-3,HELS-009,Band 1 (2100MHz),-89.6,-8.7,14.8,10.2,0.0,33.4
2026-07-16 05:00:00,HELS-010-1,HELS-010,Band 3 (1800MHz),-91.6,-7.6,10.9,3.3,19.2,27.5
2026-07-16 05:00:00,HELS-010-2,HELS-010,Band 3 (1800MHz),-86.8,-5.1,9.7,25.2,0.0,30.7
2026-07-16 05:00:00,HELS-010-3,HELS-010,Band 3 (1800MHz),-77.3,-7.8,18.7,20.4,2.4,23.6
2026-07-16 05:00:00,HELS-011-1,HELS-011,Band 1 (2100MHz),-85.8,-10.9,20.2,23.4,1.6,23.5
2026-07-16 05:00:00,HELS-011-2,HELS-011,Band 1 (2100MHz),-86.9,-5.4,10.1,13.6,2.0,40.7
2026-07-16 05:00:00,HELS-011-3,HELS-011,Band 1 (2100MHz),-84.3,-9.6,10.1,24.0,0.0,0.0
2026-07-16 05:00:00,HELS-012-1,HELS-012,Band 3 (1800MHz),-86.5,-7.4,22.0,1.8,14.3,4.9
2026-07-16 05:00:00,HELS-012-2,HELS-012,Band 3 (1800MHz),-95.7,-9.6,1.6,0.0,10.4,27.6
2026-07-16 05:00:00,HELS-012-3,HELS-012,Band 3 (1800MHz),-76.4,-8.9,11.5,4.9,0.9,0.0
2026-07-16 05:00:00,HELS-013-1,HELS-013,Band 1 (2100MHz),-90.9,-6.3,14.7,0.0,11.3,29.1
2026-07-16 05:00:00,HELS-013-2,HELS-013,Band 1 (2100MHz),-89.2,-7.5,10.6,0.0,5.5,0.0
2026-07-16 05:00:00,HELS-013-3,HELS-013,Band 1 (2100MHz),-82.6,-9.9,15.1,11.9,0.6,20.7
2026-07-16 05:00:00,HELS-014-1,HELS-014,Band 3 (1800MHz),-84.7,-8.5,12.7,0.5,5.4,30.9
2026-07-16 05:00:00,HELS-014-2,HELS-014,Band 3 (1800MHz),-91.0,-3.1,12.4,12.6,0.0,24.9
2026-07-16 05:00:00,HELS-014-3,HELS-014,Band 3 (1800MHz),-79.8,-7.4,15.7,2.5,16.2,8.9
2026-07-16 06:00:00,HELS-001-1,HELS-001,Band 1 (2100MHz),-81.4,-9.2,8.5,33.3,24.6,65.5
2026-07-16 06:00:00,HELS-001-2,HELS-001,Band 1 (2100MHz),-91.8,-12.6,-2.6,38.4,0.0,19.2
2026-07-16 06:00:00,HELS-001-3,HELS-001,Band 1 (2100MHz),-97.7,-11.2,8.4,12.2,8.6,34.4
2026-07-16 06:00:00,HELS-002-1,HELS-002,Band 3 (1800MHz),-87.2,-9.5,10.3,42.8,16.9,48.1
2026-07-16 06:00:00,HELS-002-2,HELS-002,Band 3 (1800MHz),-80.6,-8.5,9.0,28.0,19.5,38.4
2026-07-16 06:00:00,HELS-002-3,HELS-002,Band 3 (1800MHz),-83.3,-7.7,13.4,30.9,0.0,32.4
2026-07-16 06:00:00,HELS-003-1,HELS-003,Band 1 (2100MHz),-89.6,-10.1,17.4,9.6,25.5,26.6
2026-07-16 06:00:00,HELS-003-2,HELS-003,Band 1 (2100MHz),-83.7,-6.4,13.0,18.2,14.2,50.4
2026-07-16 06:00:00,HELS-003-3,HELS-003,Band 1 (2100MHz),-88.9,-7.7,14.0,28.8,14.1,14.9
2026-07-16 06:00:00,HELS-004-1,HELS-004,Band 3 (1800MHz),-82.3,-9.4,15.4,38.9,32.2,46.1
2026-07-16 06:00:00,HELS-004-2,HELS-004,Band 3 (1800MHz),-84.6,-8.5,5.0,0.0,17.9,74.3
2026-07-16 06:00:00,HELS-004-3,HELS-004,Band 3 (1800MHz),-81.6,-3.8,10.4,13.5,17.8,0.0
2026-07-16 06:00:00,HELS-005-1,HELS-005,Band 1 (2100MHz),-98.9,-16.8,-1.4,39.4,17.3,28.9
2026-07-16 06:00:00,HELS-005-2,HELS-005,Band 1 (2100MHz),-80.1,-9.3,13.6,26.9,8.5,48.9
2026-07-16 06:00:00,HELS-005-3,HELS-005,Band 1 (2100MHz),-87.4,-10.3,23.7,19.6,3.5,20.2
2026-07-16 06:00:00,HELS-006-1,HELS-006,Band 3 (1800MHz),-85.6,-10.4,12.4,17.5,0.5,22.3
2026-07-16 06:00:00,HELS-006-2,HELS-006,Band 3 (1800MHz),-85.7,-8.6,15.8,20.0,9.4,18.5
2026-07-16 06:00:00,HELS-006-3,HELS-006,Band 3 (1800MHz),-83.6,-7.7,15.9,9.4,11.9,9.2
2026-07-16 06:00:00,HELS-007-1,HELS-007,Band 1 (2100MHz),-85.5,-6.3,14.1,0.0,19.9,0.0
2026-07-16 06:00:00,HELS-007-2,HELS-007,Band 1 (2100MHz),-88.8,-7.0,7.7,9.5,0.0,42.0
2026-07-16 06:00:00,HELS-007-3,HELS-007,Band 1 (2100MHz),-85.2,-7.4,10.6,31.6,12.5,32.2
2026-07-16 06:00:00,HELS-008-1,HELS-008,Band 3 (1800MHz),-86.5,-8.4,15.9,28.7,8.5,23.4
2026-07-16 06:00:00,HELS-008-2,HELS-008,Band 3 (1800MHz),-90.8,-10.2,13.0,4.5,14.4,64.3
2026-07-16 06:00:00,HELS-008-3,HELS-008,Band 3 (1800MHz),-82.6,-6.9,17.9,17.4,0.0,48.5
2026-07-16 06:00:00,HELS-009-1,HELS-009,Band 1 (2100MHz),-81.2,-5.9,15.1,33.0,15.5,83.2
2026-07-16 06:00:00,HELS-009-2,HELS-009,Band 1 (2100MHz),-84.9,-12.7,18.9,16.5,20.0,0.0
2026-07-16 06:00:00,HELS-009-3,HELS-009,Band 1 (2100MHz),-83.6,-10.6,15.3,30.4,25.2,36.8
2026-07-16 06:00:00,HELS-010-1,HELS-010,Band 3 (1800MHz),-81.7,-10.1,12.0,10.4,9.1,45.9
2026-07-16 06:00:00,HELS-010-2,HELS-010,Band 3 (1800MHz),-80.6,-6.9,4.5,22.2,9.2,49.8
2026-07-16 06:00:00,HELS-010-3,HELS-010,Band 3 (1800MHz),-84.0,-9.1,20.1,14.1,1.8,24.5
2026-07-16 06:00:00,HELS-011-1,HELS-011,Band 1 (2100MHz),-83.0,-12.6,12.6,30.4,0.0,53.3
2026-07-16 06:00:00,HELS-011-2,HELS-011,Band 1 (2100MHz),-82.9,-10.0,15.4,15.3,16.0,24.6
2026-07-16 06:00:00,HELS-011-3,HELS-011,Band 1 (2100MHz),-88.1,-9.2,13.6,18.9,2.1,71.6
2026-07-16 06:00:00,HELS-012-1,HELS-012,Band 3 (1800MHz),-82.4,-7.2,14.7,20.9,21.0,9.3
2026-07-16 06:00:00,HELS-012-2,HELS-012,Band 3 (1800MHz),-100.3,-12.8,2.3,26.9,22.1,46.9
2026-07-16 06:00:00,HELS-012-3,HELS-012,Band 3 (1800MHz),-90.6,-9.8,17.7,25.4,2.1,36.9
2026-07-16 06:00:00,HELS-013-1,HELS-013,Band 1 (2100MHz),-81.5,-9.6,16.6,36.6,0.0,39.3
2026-07-16 06:00:00,HELS-013-2,HELS-013,Band 1 (2100MHz),-89.5,-8.2,11.1,30.7,1.8,34.1
2026-07-16 06:00:00,HELS-013-3,HELS-013,Band 1 (2100MHz),-88.5,-10.7,21.2,17.0,8.8,37.8
2026-07-16 06:00:00,HELS-014-1,HELS-014,Band 3 (1800MHz),-82.4,-11.4,18.7,14.9,10.3,35.4
2026-07-16 06:00:00,HELS-014-2,HELS-014,Band 3 (1800MHz),-89.3,-8.3,1.9,35.9,8.4,1.8
2026-07-16 06:00:00,HELS-014-3,HELS-014,Band 3 (1800MHz),-78.2,-8.7,11.3,11.9,7.2,51.0
2026-07-16 07:00:00,HELS-001-1,HELS-001,Band 1 (2100MHz),-84.7,-11.7,15.1,71.0,40.8,147.9
2026-07-16 07:00:00,HELS-001-2,HELS-001,Band 1 (2100MHz),-93.7,-13.5,10.0,65.6,32.4,100.1
2026-07-16 07:00:00,HELS-001-3,HELS-001,Band 1 (2100MHz),-100.0,-12.3,8.1,50.3,36.1,54.9
2026-07-16 07:00:00,HELS-002-1,HELS-002,Band 3 (1800MHz),-86.0,-9.7,18.8,71.7,28.6,114.6
2026-07-16 07:00:00,HELS-002-2,HELS-002,Band 3 (1800MHz),-94.0,-9.6,10.9,37.4,15.7,98.8
2026-07-16 07:00:00,HELS-002-3,HELS-002,Band 3 (1800MHz),-79.4,-11.2,6.3,43.6,38.9,104.6
2026-07-16 07:00:00,HELS-003-1,HELS-003,Band 1 (2100MHz),-86.4,-7.7,11.4,57.4,43.8,109.4
2026-07-16 07:00:00,HELS-003-2,HELS-003,Band 1 (2100MHz),-86.4,-11.8,6.0,68.9,37.4,118.5
2026-07-16 07:00:00,HELS-003-3,HELS-003,Band 1 (2100MHz),-80.3,-10.7,16.1,81.0,38.6,93.1
2026-07-16 07:00:00,HELS-004-1,HELS-004,Band 3 (1800MHz),-84.0,-10.9,3.6,63.3,35.4,64.7
2026-07-16 07:00:00,HELS-004-2,HELS-004,Band 3 (1800MHz),-84.7,-10.3,10.9,55.2,34.5,113.7
2026-07-16 07:00:00,HELS-004-3,HELS-004,Band 3 (1800MHz),-76.2,-11.6,8.6,68.4,35.3,114.2
2026-07-16 07:00:00,HELS-005-1,HELS-005,Band 1 (2100MHz),-99.1,-16.7,0.5,53.5,18.8,97.8
2026-07-16 07:00:00,HELS-005-2,HELS-005,Band 1 (2100MHz),-86.9,-10.4,14.6,73.7,31.4,107.6
2026-07-16 07:00:00,HELS-005-3,HELS-005,Band 1 (2100MHz),-80.7,-10.3,12.7,60.2,37.5,90.2
2026-07-16 07:00:00,HELS-006-1,HELS-006,Band 3 (1800MHz),-83.7,-10.4,19.3,50.3,35.6,130.5
2026-07-16 07:00:00,HELS-006-2,HELS-006,Band 3 (1800MHz),-84.2,-12.6,9.7,81.9,33.3,100.5
2026-07-16 07:00:00,HELS-006-3,HELS-006,Band 3 (1800MHz),-85.5,-10.5,19.6,54.3,38.0,124.0
2026-07-16 07:00:00,HELS-007-1,HELS-007,Band 1 (2100MHz),-85.6,-9.2,5.6,55.9,32.4,101.5
2026-07-16 07:00:00,HELS-007-2,HELS-007,Band 1 (2100MHz),-84.8,-11.1,18.2,71.3,34.1,105.9
2026-07-16 07:00:00,HELS-007-3,HELS-007,Band 1 (2100MHz),-83.3,-11.2,10.1,42.8,45.4,83.2
2026-07-16 07:00:00,HELS-008-1,HELS-008,Band 3 (1800MHz),-82.1,-9.7,15.6,54.9,31.0,125.8
2026-07-16 07:00:00,HELS-008-2,HELS-008,Band 3 (1800MHz),-85.2,-13.2,12.0,92.4,41.5,115.2
2026-07-16 07:00:00,HELS-008-3,HELS-008,Band 3 (1800MHz),-80.0,-11.0,14.5,65.3,34.4,113.6
2026-07-16 07:00:00,HELS-009-1,HELS-009,Band 1 (2100MHz),-80.9,-14.6,13.6,54.4,30.9,85.4
2026-07-16 07:00:00,HELS-009-2,HELS-009,Band 1 (2100MHz),-87.1,-9.2,22.5,57.6,56.5,108.6
2026-07-16 07:00:00,HELS-009-3,HELS-009,Band 1 (2100MHz),-77.5,-10.5,18.5,67.6,31.1,152.1
2026-07-16 07:00:00,HELS-010-1,HELS-010,Band 3 (1800MHz),-80.0,-11.4,13.9,57.6,56.9,134.2
2026-07-16 07:00:00,HELS-010-2,HELS-010,Band 3 (1800MHz),-83.1,-11.2,14.9,52.3,21.0,89.9
2026-07-16 07:00:00,HELS-010-3,HELS-010,Band 3 (1800MHz),-81.1,-9.4,9.4,72.0,36.4,68.3
2026-07-16 07:00:00,HELS-011-1,HELS-011,Band 1 (2100MHz),-82.2,-8.8,16.7,55.9,45.9,69.3
2026-07-16 07:00:00,HELS-011-2,HELS-011,Band 1 (2100MHz),-86.1,-9.8,18.7,53.7,34.6,117.3
2026-07-16 07:00:00,HELS-011-3,HELS-011,Band 1 (2100MHz),-86.6,-10.8,8.5,61.6,36.4,134.9
2026-07-16 07:00:00,HELS-012-1,HELS-012,Band 3 (1800MHz),-84.6,-10.3,10.9,47.9,40.2,79.6
2026-07-16 07:00:00,HELS-012-2,HELS-012,Band 3 (1800MHz),-97.6,-16.5,-3.2,70.9,24.9,80.8
2026-07-16 07:00:00,HELS-012-3,HELS-012,Band 3 (1800MHz),-84.6,-7.3,7.0,66.1,41.3,103.5
2026-07-16 07:00:00,HELS-013-1,HELS-013,Band 1 (2100MHz),-82.1,-12.1,12.3,45.7,38.5,135.5
2026-07-16 07:00:00,HELS-013-2,HELS-013,Band 1 (2100MHz),-88.0,-8.6,12.7,79.3,24.0,89.1
2026-07-16 07:00:00,HELS-013-3,HELS-013,Band 1 (2100MHz),-85.7,-10.7,22.0,64.3,46.2,84.4
2026-07-16 07:00:00,HELS-014-1,HELS-014,Band 3 (1800MHz),-85.7,-11.4,15.1,78.1,41.2,111.6
2026-07-16 07:00:00,HELS-014-2,HELS-014,Band 3 (1800MHz),-90.2,-14.3,7.8,84.1,22.7,117.9
2026-07-16 07:00:00,HELS-014-3,HELS-014,Band 3 (1800MHz),-80.8,-9.8,7.6,61.7,39.5,102.8
2026-07-16 08:00:00,HELS-001-1,HELS-001,Band 1 (2100MHz),-88.4,-13.6,13.9,72.2,30.8,113.9
2026-07-16 08:00:00,HELS-001-2,HELS-001,Band 1 (2100MHz),-96.8,-16.9,8.5,93.0,44.4,109.4
2026-07-16 08:00:00,HELS-001-3,HELS-001,Band 1 (2100MHz),-102.6,-18.2,10.8,62.6,35.3,134.5
2026-07-16 08:00:00,HELS-002-1,HELS-002,Band 3 (1800MHz),-90.5,-12.0,11.2,91.5,43.5,179.1
2026-07-16 08:00:00,HELS-002-2,HELS-002,Band 3 (1800MHz),-89.6,-12.2,24.4,83.0,38.9,117.5
2026-07-16 08:00:00,HELS-002-3,HELS-002,Band 3 (1800MHz),-83.5,-10.8,14.4,82.0,53.5,153.9
2026-07-16 08:00:00,HELS-003-1,HELS-003,Band 1 (2100MHz),-83.2,-10.2,11.2,99.8,37.8,122.2
2026-07-16 08:00:00,HELS-003-2,HELS-003,Band 1 (2100MHz),-82.2,-12.8,18.0,92.2,39.2,179.4
2026-07-16 08:00:00,HELS-003-3,HELS-003,Band 1 (2100MHz),-80.0,-10.9,8.1,88.6,47.4,128.2
2026-07-16 08:00:00,HELS-004-1,HELS-004,Band 3 (1800MHz),-87.0,-13.7,18.9,77.7,49.5,127.4
2026-07-16 08:00:00,HELS-004-2,HELS-004,Band 3 (1800MHz),-80.1,-8.6,12.0,71.1,44.6,133.2
2026-07-16 08:00:00,HELS-004-3,HELS-004,Band 3 (1800MHz),-86.4,-8.0,11.3,92.6,57.2,134.7
2026-07-16 08:00:00,HELS-005-1,HELS-005,Band 1 (2100MHz),-101.2,-19.0,9.6,78.7,48.1,171.1
2026-07-16 08:00:00,HELS-005-2,HELS-005,Band 1 (2100MHz),-85.3,-12.6,10.5,99.5,36.9,148.0
2026-07-16 08:00:00,HELS-005-3,HELS-005,Band 1 (2100MHz),-77.8,-14.5,8.3,73.6,39.7,132.8
2026-07-16 08:00:00,HELS-006-1,HELS-006,Band 3 (1800MHz),-84.9,-12.3,12.2,87.0,58.9,118.2
2026-07-16 08:00:00,HELS-006-2,HELS-006,Band 3 (1800MHz),-88.2,-10.9,10.9,91.0,51.1,133.5
2026-07-16 08:00:00,HELS-006-3,HELS-006,Band 3 (1800MHz),-85.6,-9.1,17.1,90.5,42.0,142.6
2026-07-16 08:00:00,HELS-007-1,HELS-007,Band 1 (2100MHz),-83.0,-13.6,19.5,85.3,57.7,97.6
2026-07-16 08:00:00,HELS-007-2,HELS-007,Band 1 (2100MHz),-85.0,-13.6,18.5,84.7,42.2,125.8
2026-07-16 08:00:00,HELS-007-3,HELS-007,Band 1 (2100MHz),-86.7,-12.5,5.5,82.6,56.2,121.1
2026-07-16 08:00:00,HELS-008-1,HELS-008,Band 3 (1800MHz),-86.2,-12.2,10.9,66.8,45.8,164.0
2026-07-16 08:00:00,HELS-008-2,HELS-008,Band 3 (1800MHz),-85.9,-10.1,17.6,66.6,36.2,164.4
2026-07-16 08:00:00,HELS-008-3,HELS-008,Band 3 (1800MHz),-86.3,-8.5,8.9,100.0,51.2,110.7
2026-07-16 08:00:00,HELS-009-1,HELS-009,Band 1 (2100MHz),-87.1,-13.0,16.0,95.2,26.9,151.2
2026-07-16 08:00:00,HELS-009-2,HELS-009,Band 1 (2100MHz),-69.8,-13.1,6.6,96.5,36.5,108.9
2026-07-16 08:00:00,HELS-009-3,HELS-009,Band 1 (2100MHz),-79.8,-13.7,8.8,94.8,47.3,156.8
2026-07-16 08:00:00,HELS-010-1,HELS-010,Band 3 (1800MHz),-85.8,-9.6,14.8,83.2,50.1,121.9
2026-07-16 08:00:00,HELS-010-2,HELS-010,Band 3 (1800MHz),-88.1,-12.1,11.6,64.5,38.0,177.9
2026-07-16 08:00:00,HELS-010-3,HELS-010,Band 3 (1800MHz),-87.0,-11.2,14.0,89.4,37.8,128.9
2026-07-16 08:00:00,HELS-011-1,HELS-011,Band 1 (2100MHz),-78.9,-14.3,8.6,97.0,37.1,142.7
2026-07-16 08:00:00,HELS-011-2,HELS-011,Band 1 (2100MHz),-95.4,-7.2,14.9,100.0,42.7,161.2
2026-07-16 08:00:00,HELS-011-3,HELS-011,Band 1 (2100MHz),-88.8,-18.1,21.6,67.8,58.3,139.4
2026-07-16 08:00:00,HELS-012-1,HELS-012,Band 3 (1800MHz),-87.9,-8.5,15.6,77.2,64.2,168.8
2026-07-16 08:00:00,HELS-012-2,HELS-012,Band 3 (1800MHz),-95.6,-18.1,9.4,69.5,69.5,163.7
2026-07-16 08:00:00,HELS-012-3,HELS-012,Band 3 (1800MHz),-78.3,-13.0,12.4,78.2,40.8,159.6
2026-07-16 08:00:00,HELS-013-1,HELS-013,Band 1 (2100MHz),-79.1,-8.7,21.3,97.4,41.5,145.0
2026-07-16 08:00:00,HELS-013-2,HELS-013,Band 1 (2100MHz),-78.6,-14.9,11.9,96.8,51.0,143.1
2026-07-16 08:00:00,HELS-013-3,HELS-013,Band 1 (2100MHz),-84.6,-12.4,11.2,91.5,48.6,93.3
2026-07-16 08:00:00,HELS-014-1,HELS-014,Band 3 (1800MHz),-80.4,-9.0,17.9,62.9,40.0,145.8
2026-07-16 08:00:00,HELS-014-2,HELS-014,Band 3 (1800MHz),-82.2,-10.7,6.9,65.3,39.4,134.1
2026-07-16 08:00:00,HELS-014-3,HELS-014,Band 3 (1800MHz),-80.3,-10.4,15.8,79.0,47.0,143.1
2026-07-16 09:00:00,HELS-001-1,HELS-001,Band 1 (2100MHz),-92.1,-12.3,12.5,64.4,49.5,119.4
2026-07-16 09:00:00,HELS-001-2,HELS-001,Band 1 (2100MHz),-95.7,-13.0,10.8,48.9,36.9,87.8
2026-07-16 09:00:00,HELS-001-3,HELS-001,Band 1 (2100MHz),-95.4,-17.6,8.7,47.0,45.3,79.6
2026-07-16 09:00:00,HELS-002-1,HELS-002,Band 3 (1800MHz),-87.3,-8.8,21.9,48.8,26.2,149.7
2026-07-16 09:00:00,HELS-002-2,HELS-002,Band 3 (1800MHz),-85.3,-8.6,9.0,72.1,26.8,107.5
2026-07-16 09:00:00,HELS-002-3,HELS-002,Band 3 (1800MHz),-84.7,-9.0,10.6,62.3,40.4,118.3
2026-07-16 09:00:00,HELS-003-1,HELS-003,Band 1 (2100MHz),-83.2,-11.7,16.9,55.8,49.7,93.0
2026-07-16 09:00:00,HELS-003-2,HELS-003,Band 1 (2100MHz),-78.2,-9.0,13.7,46.6,41.8,114.4
2026-07-16 09:00:00,HELS-003-3,HELS-003,Band 1 (2100MHz),-88.2,-13.1,6.3,69.7,47.3,94.1
2026-07-16 09:00:00,HELS-004-1,HELS-004,Band 3 (1800MHz),-84.9,-11.8,12.0,63.7,27.6,170.6
2026-07-16 09:00:00,HELS-004-2,HELS-004,Band 3 (1800MHz),-77.7,-7.4,11.5,69.3,40.1,68.8
2026-07-16 09:00:00,HELS-004-3,HELS-004,Band 3 (1800MHz),-83.7,-11.6,16.2,60.0,38.0,71.5
2026-07-16 09:00:00,HELS-005-1,HELS-005,Band 1 (2100MHz),-95.7,-14.4,8.0,57.5,42.5,105.3
2026-07-16 09:00:00,HELS-005-2,HELS-005,Band 1 (2100MHz),-81.7,-12.2,16.7,69.0,50.2,73.5
2026-07-16 09:00:00,HELS-005-3,HELS-005,Band 1 (2100MHz),-78.7,-12.0,10.4,69.9,44.2,65.7
2026-07-16 09:00:00,HELS-006-1,HELS-006,Band 3 (1800MHz),-89.3,-11.8,7.2,72.2,22.8,95.5
2026-07-16 09:00:00,HELS-006-2,HELS-006,Band 3 (1800MHz),-84.0,-10.0,18.0,67.5,39.8,79.5
2026-07-16 09:00:00,HELS-006-3,HELS-006,Band 3 (1800MHz),-82.2,-8.2,4.8,67.6,39.2,66.1
2026-07-16 09:00:00,HELS-007-1,HELS-007,Band 1 (2100MHz),-81.1,-12.0,17.9,70.6,41.6,95.2
2026-07-16 09:00:00,HELS-007-2,HELS-007,Band 1 (2100MHz),-77.9,-15.0,14.3,67.4,27.6,98.0
2026-07-16 09:00:00,HELS-007-3,HELS-007,Band 1 (2100MHz),-83.1,-9.1,15.6,90.7,33.8,116.9
2026-07-16 09:00:00,HELS-008-1,HELS-008,Band 3 (1800MHz),-79.6,-10.1,12.4,56.5,37.1,70.7
2026-07-16 09:00:00,HELS-008-2,HELS-008,Band 3 (1800MHz),-81.2,-12.8,18.0,58.3,49.2,140.6
2026-07-16 09:00:00,HELS-008-3,HELS-008,Band 3 (1800MHz),-83.6,-7.6,11.5,70.5,30.9,95.8
2026-07-16 09:00:00,HELS-009-1,HELS-009,Band 1 (2100MHz),-85.3,-10.5,9.8,49.4,20.3,85.7
2026-07-16 09:00:00,HELS-009-2,HELS-009,Band 1 (2100MHz),-78.6,-14.4,18.4,48.8,49.6,73.7
2026-07-16 09:00:00,HELS-009-3,HELS-009,Band 1 (2100MHz),-87.8,-14.5,17.1,43.8,44.9,87.6
2026-07-16 09:00:00,HELS-010-1,HELS-010,Band 3 (1800MHz),-80.9,-13.3,13.8,62.6,38.7,113.5
2026-07-16 09:00:00,HELS-010-2,HELS-010,Band 3 (1800MHz),-89.0,-7.9,18.7,54.7,20.9,128.2
2026-07-16 09:00:00,HELS-010-3,HELS-010,Band 3 (1800MHz),-78.8,-8.4,22.8,77.0,35.1,110.4
2026-07-16 09:00:00,HELS-011-1,HELS-011,Band 1 (2100MHz),-87.5,-13.4,12.5,52.5,17.0,103.6
2026-07-16 09:00:00,HELS-011-2,HELS-011,Band 1 (2100MHz),-80.2,-9.6,18.4,58.6,36.8,108.2
2026-07-16 09:00:00,HELS-011-3,HELS-011,Band 1 (2100MHz),-82.4,-13.0,13.2,76.5,24.5,144.8
2026-07-16 09:00:00,HELS-012-1,HELS-012,Band 3 (1800MHz),-88.9,-15.0,11.0,84.1,35.8,105.0
2026-07-16 09:00:00,HELS-012-2,HELS-012,Band 3 (1800MHz),-102.3,-18.4,6.0,72.9,38.7,107.0
2026-07-16 09:00:00,HELS-012-3,HELS-012,Band 3 (1800MHz),-76.6,-11.3,14.2,88.1,49.4,108.8
2026-07-16 09:00:00,HELS-013-1,HELS-013,Band 1 (2100MHz),-95.1,-8.6,8.3,56.6,30.2,90.6
2026-07-16 09:00:00,HELS-013-2,HELS-013,Band 1 (2100MHz),-77.2,-7.7,8.2,68.2,38.1,89.9
2026-07-16 09:00:00,HELS-013-3,HELS-013,Band 1 (2100MHz),-78.4,-9.4,13.3,74.3,22.2,100.2
2026-07-16 09:00:00,HELS-014-1,HELS-014,Band 3 (1800MHz),-86.4,-8.8,15.9,58.1,49.2,75.7
2026-07-16 09:00:00,HELS-014-2,HELS-014,Band 3 (1800MHz),-89.7,-9.0,16.2,50.4,37.8,146.4
2026-07-16 09:00:00,HELS-014-3,HELS-014,Band 3 (1800MHz),-84.3,-12.1,14.8,53.3,36.6,139.8
2026-07-16 10:00:00,HELS-001-1,HELS-001,Band 1 (2100MHz),-83.7,-11.1,12.9,9.5,26.5,45.9
2026-07-16 10:00:00,HELS-001-2,HELS-001,Band 1 (2100MHz),-94.0,-13.2,-5.1,0.0,4.6,32.7
2026-07-16 10:00:00,HELS-001-3,HELS-001,Band 1 (2100MHz),-103.1,-9.8,4.0,12.9,1.3,72.6
2026-07-16 10:00:00,HELS-002-1,HELS-002,Band 3 (1800MHz),-86.1,-6.6,15.8,25.8,23.9,36.5
2026-07-16 10:00:00,HELS-002-2,HELS-002,Band 3 (1800MHz),-88.7,-7.3,12.5,29.7,15.6,15.9
2026-07-16 10:00:00,HELS-002-3,HELS-002,Band 3 (1800MHz),-77.8,-8.3,15.1,1.1,0.5,24.9
2026-07-16 10:00:00,HELS-003-1,HELS-003,Band 1 (2100MHz),-82.2,-8.4,5.6,5.0,7.0,38.8
2026-07-16 10:00:00,HELS-003-2,HELS-003,Band 1 (2100MHz),-93.1,-7.6,6.7,23.3,14.8,50.7
2026-07-16 10:00:00,HELS-003-3,HELS-003,Band 1 (2100MHz),-92.4,-9.8,16.8,0.8,0.8,72.6
2026-07-16 10:00:00,HELS-004-1,HELS-004,Band 3 (1800MHz),-82.8,-9.4,11.7,31.5,10.2,30.1
2026-07-16 10:00:00,HELS-004-2,HELS-004,Band 3 (1800MHz),-88.0,-8.5,8.7,37.6,2.2,56.9
2026-07-16 10:00:00,HELS-004-3,HELS-004,Band 3 (1800MHz),-80.3,-13.8,1.9,17.6,7.1,25.9
2026-07-16 10:00:00,HELS-005-1,HELS-005,Band 1 (2100MHz),-96.7,-12.8,4.8,22.4,4.3,69.4
2026-07-16 10:00:00,HELS-005-2,HELS-005,Band 1 (2100MHz),-79.7,-9.3,16.9,13.9,22.2,50.1
2026-07-16 10:00:00,HELS-005-3,HELS-005,Band 1 (2100MHz),-91.1,-5.1,3.2,0.0,0.0,17.7
2026-07-16 10:00:00,HELS-006-1,HELS-006,Band 3 (1800MHz),-87.2,-11.4,24.0,7.9,0.0,28.0
2026-07-16 10:00:00,HELS-006-2,HELS-006,Band 3 (1800MHz),-78.2,-8.4,11.6,30.9,11.5,34.5
2026-07-16 10:00:00,HELS-006-3,HELS-006,Band 3 (1800MHz),-87.6,-13.5,12.8,4.2,20.9,25.4
2026-07-16 10:00:00,HELS-007-1,HELS-007,Band 1 (2100MHz),-77.9,-9.4,20.5,13.8,17.7,18.5
2026-07-16 10:00:00,HELS-007-2,HELS-007,Band 1 (2100MHz),-80.1,-6.2,5.6,17.2,19.5,44.4
2026-07-16 10:00:00,HELS-007-3,HELS-007,Band 1 (2100MHz),-81.6,-7.5,12.9,0.0,7.1,0.0
2026-07-16 10:00:00,HELS-008-1,HELS-008,Band 3 (1800MHz),-90.9,-8.3,14.5,15.5,3.9,46.4
2026-07-16 10:00:00,HELS-008-2,HELS-008,Band 3 (1800MHz),-92.6,-7.9,16.8,23.9,0.0,63.8
2026-07-16 10:00:00,HELS-008-3,HELS-008,Band 3 (1800MHz),-89.7,-8.8,13.1,30.3,5.4,35.0
2026-07-16 10:00:00,HELS-009-1,HELS-009,Band 1 (2100MHz),-81.0,-10.6,5.5,28.2,19.0,10.7
2026-07-16 10:00:00,HELS-009-2,HELS-009,Band 1 (2100MHz),-84.8,-9.2,14.8,11.2,15.0,68.8
2026-07-16 10:00:00,HELS-009-3,HELS-009,Band 1 (2100MHz),-82.3,-6.8,16.0,30.1,18.7,12.2
2026-07-16 10:00:00,HELS-010-1,HELS-010,Band 3 (1800MHz),-85.8,-9.6,8.2,31.4,19.4,14.7
2026-07-16 10:00:00,HELS-010-2,HELS-010,Band 3 (1800MHz),-84.2,-9.1,1.1,1.7,11.1,59.2
2026-07-16 10:00:00,HELS-010-3,HELS-010,Band 3 (1800MHz),-88.6,-9.5,8.4,32.6,10.6,18.2
2026-07-16 10:00:00,HELS-011-1,HELS-011,Band 1 (2100MHz),-84.1,-7.2,15.4,34.9,15.9,31.6
2026-07-16 10:00:00,HELS-011-2,HELS-011,Band 1 (2100MHz),-90.5,-5.8,9.5,17.1,15.4,18.9
2026-07-16 10:00:00,HELS-011-3,HELS-011,Band 1 (2100MHz),-87.7,-8.0,12.8,10.1,16.0,35.8
2026-07-16 10:00:00,HELS-012-1,HELS-012,Band 3 (1800MHz),-81.4,-9.0,5.2,6.2,0.0,26.5
2026-07-16 10:00:00,HELS-012-2,HELS-012,Band 3 (1800MHz),-91.5,-13.9,-1.6,37.0,10.4,45.9
2026-07-16 10:00:00,HELS-012-3,HELS-012,Band 3 (1800MHz),-81.0,-6.4,8.2,19.1,1.2,16.6
2026-07-16 10:00:00,HELS-013-1,HELS-013,Band 1 (2100MHz),-84.3,-6.1,15.5,25.8,8.3,89.0
2026-07-16 10:00:00,HELS-013-2,HELS-013,Band 1 (2100MHz),-89.3,-4.8,4.7,0.8,0.0,29.0
2026-07-16 10:00:00,HELS-013-3,HELS-013,Band 1 (2100MHz),-79.7,-8.4,13.2,15.4,7.5,57.0
2026-07-16 10:00:00,HELS-014-1,HELS-014,Band 3 (1800MHz),-75.6,-8.5,16.5,29.2,3.8,33.7
2026-07-16 10:00:00,HELS-014-2,HELS-014,Band 3 (1800MHz),-88.0,-7.5,18.6,32.1,22.5,49.2
2026-07-16 10:00:00,HELS-014-3,HELS-014,Band 3 (1800MHz),-86.3,-10.5,10.0,7.0,0.2,43.0
2026-07-16 11:00:00,HELS-001-1,HELS-001,Band 1 (2100MHz),-81.3,-11.4,13.6,52.0,32.4,114.4
2026-07-16 11:00:00,HELS-001-2,HELS-001,Band 1 (2100MHz),-88.3,-15.3,6.7,46.8,31.9,82.3
2026-07-16 11:00:00,HELS-001-3,HELS-001,Band 1 (2100MHz),-93.1,-15.9,6.9,43.3,47.4,84.2
2026-07-16 11:00:00,HELS-002-1,HELS-002,Band 3 (1800MHz),-80.4,-13.5,11.7,74.0,13.7,108.8
2026-07-16 11:00:00,HELS-002-2,HELS-002,Band 3 (1800MHz),-88.8,-7.9,11.5,58.4,38.6,75.3
2026-07-16 11:00:00,HELS-002-3,HELS-002,Band 3 (1800MHz),-87.9,-10.5,12.8,53.5,39.5,107.1
2026-07-16 11:00:00,HELS-003-1,HELS-003,Band 1 (2100MHz),-91.0,-11.3,13.5,50.1,29.9,60.0
2026-07-16 11:00:00,HELS-003-2,HELS-003,Band 1 (2100MHz),-92.2,-12.8,8.5,51.5,38.0,95.4
2026-07-16 11:00:00,HELS-003-3,HELS-003,Band 1 (2100MHz),-76.8,-10.6,18.1,66.9,37.4,78.5
2026-07-16 11:00:00,HELS-004-1,HELS-004,Band 3 (1800MHz),-82.3,-10.4,11.0,62.6,39.2,92.8
2026-07-16 11:00:00,HELS-004-2,HELS-004,Band 3 (1800MHz),-82.9,-13.2,15.7,64.9,34.6,104.8
2026-07-16 11:00:00,HELS-004-3,HELS-004,Band 3 (1800MHz),-85.9,-15.1,10.7,69.0,37.8,81.8
2026-07-16 11:00:00,HELS-005-1,HELS-005,Band 1 (2100MHz),-88.8,-13.9,14.6,49.0,18.6,131.1
2026-07-16 11:00:00,HELS-005-2,HELS-005,Band 1 (2100MHz),-87.0,-9.8,12.7,47.1,34.7,103.1
2026-07-16 11:00:00,HELS-005-3,HELS-005,Band 1 (2100MHz),-81.8,-13.3,12.8,80.3,46.9,87.7
2026-07-16 11:00:00,HELS-006-1,HELS-006,Band 3 (1800MHz),-85.0,-6.9,7.4,79.1,39.6,60.5
2026-07-16 11:00:00,HELS-006-2,HELS-006,Band 3 (1800MHz),-87.9,-10.6,16.9,53.7,30.3,100.2
2026-07-16 11:00:00,HELS-006-3,HELS-006,Band 3 (1800MHz),-83.9,-8.7,19.1,51.9,31.0,88.7
2026-07-16 11:00:00,HELS-007-1,HELS-007,Band 1 (2100MHz),-88.6,-10.6,12.7,49.0,44.0,41.4
2026-07-16 11:00:00,HELS-007-2,HELS-007,Band 1 (2100MHz),-82.9,-11.5,14.1,53.1,33.3,110.9
2026-07-16 11:00:00,HELS-007-3,HELS-007,Band 1 (2100MHz),-78.2,-7.6,18.6,66.4,43.1,84.7
2026-07-16 11:00:00,HELS-008-1,HELS-008,Band 3 (1800MHz),-84.3,-11.3,16.6,64.7,23.7,109.8
2026-07-16 11:00:00,HELS-008-2,HELS-008,Band 3 (1800MHz),-88.3,-6.8,2.3,70.1,38.8,89.6
2026-07-16 11:00:00,HELS-008-3,HELS-008,Band 3 (1800MHz),-79.7,-8.0,13.9,62.3,17.7,105.4
2026-07-16 11:00:00,HELS-009-1,HELS-009,Band 1 (2100MHz),-77.7,-8.7,16.8,48.6,47.5,97.1
2026-07-16 11:00:00,HELS-009-2,HELS-009,Band 1 (2100MHz),-86.9,-13.2,19.0,61.3,22.0,74.5
2026-07-16 11:00:00,HELS-009-3,HELS-009,Band 1 (2100MHz),-88.0,-12.2,14.0,26.3,32.1,130.6
2026-07-16 11:00:00,HELS-010-1,HELS-010,Band 3 (1800MHz),-86.9,-10.4,9.7,53.1,34.8,139.2
2026-07-16 11:00:00,HELS-010-2,HELS-010,Band 3 (1800MHz),-87.6,-10.9,12.1,56.8,29.5,77.0
2026-07-16 11:00:00,HELS-010-3,HELS-010,Band 3 (1800MHz),-82.7,-11.7,5.4,53.8,35.3,85.9
2026-07-16 11:00:00,HELS-011-1,HELS-011,Band 1 (2100MHz),-85.5,-13.2,14.5,51.4,31.1,76.6
2026-07-16 11:00:00,HELS-011-2,HELS-011,Band 1 (2100MHz),-84.7,-11.8,10.4,51.9,30.0,104.1
2026-07-16 11:00:00,HELS-011-3,HELS-011,Band 1 (2100MHz),-85.5,-8.1,21.5,57.8,35.1,74.6
2026-07-16 11:00:00,HELS-012-1,HELS-012,Band 3 (1800MHz),-84.7,-10.5,21.5,46.9,20.6,136.6
2026-07-16 11:00:00,HELS-012-2,HELS-012,Band 3 (1800MHz),-92.1,-12.1,5.0,78.9,41.7,92.2
2026-07-16 11:00:00,HELS-012-3,HELS-012,Band 3 (1800MHz),-88.0,-10.5,9.4,77.0,34.2,58.3
2026-07-16 11:00:00,HELS-013-1,HELS-013,Band 1 (2100MHz),-87.3,-11.5,7.8,29.1,19.9,97.1
2026-07-16 11:00:00,HELS-013-2,HELS-013,Band 1 (2100MHz),-87.1,-12.1,8.4,54.8,31.5,59.8
2026-07-16 11:00:00,HELS-013-3,HELS-013,Band 1 (2100MHz),-83.2,-8.4,18.7,67.5,18.8,125.1
2026-07-16 11:00:00,HELS-014-1,HELS-014,Band 3 (1800MHz),-83.8,-11.5,12.6,58.8,28.1,98.8
2026-07-16 11:00:00,HELS-014-2,HELS-014,Band 3 (1800MHz),-91.5,-11.7,19.6,71.5,40.1,68.0
2026-07-16 11:00:00,HELS-014-3,HELS-014,Band 3 (1800MHz),-89.3,-7.9,8.2,58.5,32.8,99.7
2026-07-16 12:00:00,HELS-001-1,HELS-001,Band 1 (2100MHz),-80.4,-8.7,8.1,60.8,36.8,91.9
2026-07-16 12:00:00,HELS-001-2,HELS-001,Band 1 (2100MHz),-98.7,-14.9,3.3,60.7,57.0,97.5
2026-07-16 12:00:00,HELS-001-3,HELS-001,Band 1 (2100MHz),-96.2,-14.9,16.1,78.3,45.7,90.7
2026-07-16 12:00:00,HELS-002-1,HELS-002,Band 3 (1800MHz),-87.6,-11.4,15.9,50.4,26.8,115.3
2026-07-16 12:00:00,HELS-002-2,HELS-002,Band 3 (1800MHz),-86.8,-12.6,11.2,63.9,29.7,109.8
2026-07-16 12:00:00,HELS-002-3,HELS-002,Band 3 (1800MHz),-92.6,-12.6,19.6,56.8,47.1,72.3
2026-07-16 12:00:00,HELS-003-1,HELS-003,Band 1 (2100MHz),-89.4,-8.9,2.2,51.3,20.3,122.2
2026-07-16 12:00:00,HELS-003-2,HELS-003,Band 1 (2100MHz),-84.1,-12.3,6.6,53.6,18.5,74.8
2026-07-16 12:00:00,HELS-003-3,HELS-003,Band 1 (2100MHz),-76.6,-10.4,10.4,56.2,27.9,104.3
2026-07-16 12:00:00,HELS-004-1,HELS-004,Band 3 (1800MHz),-83.1,-13.0,6.6,69.4,38.5,81.1
2026-07-16 12:00:00,HELS-004-2,HELS-004,Band 3 (1800MHz),-80.3,-11.8,11.8,53.2,19.6,78.8
2026-07-16 12:00:00,HELS-004-3,HELS-004,Band 3 (1800MHz),-87.7,-9.6,14.6,56.1,26.8,83.6
2026-07-16 12:00:00,HELS-005-1,HELS-005,Band 1 (2100MHz),-102.6,-13.8,-2.5,55.6,28.1,115.5
2026-07-16 12:00:00,HELS-005-2,HELS-005,Band 1 (2100MHz),-82.6,-9.3,9.5,57.2,23.0,92.7
2026-07-16 12:00:00,HELS-005-3,HELS-005,Band 1 (2100MHz),-86.8,-10.9,12.0,58.0,36.4,92.9
2026-07-16 12:00:00,HELS-006-1,HELS-006,Band 3 (1800MHz),-86.6,-14.6,12.3,65.7,37.7,117.3
2026-07-16 12:00:00,HELS-006-2,HELS-006,Band 3 (1800MHz),-82.9,-14.8,7.7,71.8,25.8,136.3
2026-07-16 12:00:00,HELS-006-3,HELS-006,Band 3 (1800MHz),-85.2,-14.6,17.3,58.5,16.7,97.0
2026-07-16 12:00:00,HELS-007-1,HELS-007,Band 1 (2100MHz),-84.0,-10.7,6.6,71.6,50.2,97.5
2026-07-16 12:00:00,HELS-007-2,HELS-007,Band 1 (2100MHz),-79.4,-11.1,20.1,64.9,30.3,95.5
2026-07-16 12:00:00,HELS-007-3,HELS-007,Band 1 (2100MHz),-93.6,-11.8,5.1,50.0,23.0,90.0
2026-07-16 12:00:00,HELS-008-1,HELS-008,Band 3 (1800MHz),-84.0,-9.6,15.5,39.6,16.4,107.6
2026-07-16 12:00:00,HELS-008-2,HELS-008,Band 3 (1800MHz),-87.3,-11.9,17.7,43.0,28.7,73.8
2026-07-16 12:00:00,HELS-008-3,HELS-008,Band 3 (1800MHz),-83.2,-3.2,14.6,35.1,14.3,120.2
2026-07-16 12:00:00,HELS-009-1,HELS-009,Band 1 (2100MHz),-77.7,-11.9,21.7,47.5,29.4,160.8
2026-07-16 12:00:00,HELS-009-2,HELS-009,Band 1 (2100MHz),-85.1,-9.6,11.5,61.8,17.9,113.1
2026-07-16 12:00:00,HELS-009-3,HELS-009,Band 1 (2100MHz),-82.5,-7.4,10.6,63.6,42.2,73.4
2026-07-16 12:00:00,HELS-010-1,HELS-010,Band 3 (1800MHz),-78.8,-11.2,19.3,71.3,37.6,107.6
2026-07-16 12:00:00,HELS-010-2,HELS-010,Band 3 (1800MHz),-86.8,-10.6,18.8,71.2,25.9,123.6
2026-07-16 12:00:00,HELS-010-3,HELS-010,Band 3 (1800MHz),-82.6,-8.7,11.1,60.4,26.1,111.0
2026-07-16 12:00:00,HELS-011-1,HELS-011,Band 1 (2100MHz),-83.0,-14.1,12.7,72.1,28.2,67.5
2026-07-16 12:00:00,HELS-011-2,HELS-011,Band 1 (2100MHz),-84.3,-14.0,13.8,65.3,30.9,79.3
2026-07-16 12:00:00,HELS-011-3,HELS-011,Band 1 (2100MHz),-83.3,-12.8,15.5,63.2,28.4,119.2
2026-07-16 12:00:00,HELS-012-1,HELS-012,Band 3 (1800MHz),-89.9,-10.7,1.7,64.0,37.3,78.3
2026-07-16 12:00:00,HELS-012-2,HELS-012,Band 3 (1800MHz),-96.7,-9.8,2.5,68.7,32.6,139.4
2026-07-16 12:00:00,HELS-012-3,HELS-012,Band 3 (1800MHz),-84.0,-11.7,24.6,60.1,24.0,110.5
2026-07-16 12:00:00,HELS-013-1,HELS-013,Band 1 (2100MHz),-78.3,-11.7,9.7,45.3,34.6,92.7
2026-07-16 12:00:00,HELS-013-2,HELS-013,Band 1 (2100MHz),-83.1,-12.1,11.2,41.0,33.0,98.2
2026-07-16 12:00:00,HELS-013-3,HELS-013,Band 1 (2100MHz),-82.0,-15.1,16.5,23.5,46.3,67.6
2026-07-16 12:00:00,HELS-014-1,HELS-014,Band 3 (1800MHz),-82.9,-10.1,8.5,60.9,30.2,75.4
2026-07-16 12:00:00,HELS-014-2,HELS-014,Band 3 (1800MHz),-88.2,-11.6,11.7,55.5,40.2,113.0
2026-07-16 12:00:00,HELS-014-3,HELS-014,Band 3 (1800MHz),-82.9,-9.5,15.3,51.6,49.8,128.1
2026-07-16 13:00:00,HELS-001-1,HELS-001,Band 1 (2100MHz),-79.9,-12.9,14.9,75.3,29.3,93.6
2026-07-16 13:00:00,HELS-001-2,HELS-001,Band 1 (2100MHz),-98.4,-14.8,6.1,66.5,30.1,77.9
2026-07-16 13:00:00,HELS-001-3,HELS-001,Band 1 (2100MHz),-102.0,-14.5,1.8,70.8,40.2,98.3
2026-07-16 13:00:00,HELS-002-1,HELS-002,Band 3 (1800MHz),-85.6,-12.1,4.2,66.2,38.8,97.3
2026-07-16 13:00:00,HELS-002-2,HELS-002,Band 3 (1800MHz),-86.7,-14.5,9.3,71.6,43.9,79.7
2026-07-16 13:00:00,HELS-002-3,HELS-002,Band 3 (1800MHz),-83.8,-13.5,9.1,39.2,32.3,131.3
2026-07-16 13:00:00,HELS-003-1,HELS-003,Band 1 (2100MHz),-85.5,-14.0,16.4,76.5,26.6,91.6
2026-07-16 13:00:00,HELS-003-2,HELS-003,Band 1 (2100MHz),-79.3,-6.3,8.4,66.0,46.1,84.9
2026-07-16 13:00:00,HELS-003-3,HELS-003,Band 1 (2100MHz),-81.9,-7.3,9.1,53.6,24.7,72.1
2026-07-16 13:00:00,HELS-004-1,HELS-004,Band 3 (1800MHz),-83.4,-8.6,17.3,68.9,27.1,115.2
2026-07-16 13:00:00,HELS-004-2,HELS-004,Band 3 (1800MHz),-86.2,-6.3,13.4,64.2,37.5,74.3
2026-07-16 13:00:00,HELS-004-3,HELS-004,Band 3 (1800MHz),-84.6,-12.6,18.7,53.1,29.5,92.8
2026-07-16 13:00:00,HELS-005-1,HELS-005,Band 1 (2100MHz),-95.3,-14.5,7.1,58.5,23.2,63.4
2026-07-16 13:00:00,HELS-005-2,HELS-005,Band 1 (2100MHz),-88.6,-10.5,12.2,56.0,50.7,102.3
2026-07-16 13:00:00,HELS-005-3,HELS-005,Band 1 (2100MHz),-80.5,-12.9,17.6,48.6,44.5,103.5
2026-07-16 13:00:00,HELS-006-1,HELS-006,Band 3 (1800MHz),-84.3,-12.4,20.1,61.7,36.1,115.3
2026-07-16 13:00:00,HELS-006-2,HELS-006,Band 3 (1800MHz),-90.4,-8.8,7.0,60.0,38.6,98.3
2026-07-16 13:00:00,HELS-006-3,HELS-006,Band 3 (1800MHz),-91.9,-10.8,10.3,60.3,30.2,103.3
2026-07-16 13:00:00,HELS-007-1,HELS-007,Band 1 (2100MHz),-90.9,-8.9,13.0,57.2,32.2,60.9
2026-07-16 13:00:00,HELS-007-2,HELS-007,Band 1 (2100MHz),-86.4,-8.2,6.4,68.0,43.6,81.2
2026-07-16 13:00:00,HELS-007-3,HELS-007,Band 1 (2100MHz),-87.6,-8.8,10.5,53.9,22.5,83.2
2026-07-16 13:00:00,HELS-008-1,HELS-008,Band 3 (1800MHz),-85.9,-10.9,12.7,71.8,42.0,97.6
2026-07-16 13:00:00,HELS-008-2,HELS-008,Band 3 (1800MHz),-82.0,-9.1,2.4,56.5,32.3,85.8
2026-07-16 13:00:00,HELS-008-3,HELS-008,Band 3 (1800MHz),-92.9,-9.0,13.4,63.2,40.6,117.1
2026-07-16 13:00:00,HELS-009-1,HELS-009,Band 1 (2100MHz),-75.9,-11.3,19.7,51.0,19.0,132.2
2026-07-16 13:00:00,HELS-009-2,HELS-009,Band 1 (2100MHz),-92.4,-8.2,16.4,48.2,25.5,112.7
2026-07-16 13:00:00,HELS-009-3,HELS-009,Band 1 (2100MHz),-84.3,-6.8,21.9,50.9,36.4,101.2
2026-07-16 13:00:00,HELS-010-1,HELS-010,Band 3 (1800MHz),-80.3,-10.1,16.2,63.7,31.0,115.2
2026-07-16 13:00:00,HELS-010-2,HELS-010,Band 3 (1800MHz),-84.9,-12.4,10.1,38.5,31.2,96.4
2026-07-16 13:00:00,HELS-010-3,HELS-010,Band 3 (1800MHz),-84.7,-9.7,8.3,52.7,21.9,98.1
2026-07-16 13:00:00,HELS-011-1,HELS-011,Band 1 (2100MHz),-84.6,-9.0,17.9,30.8,30.5,127.5
2026-07-16 13:00:00,HELS-011-2,HELS-011,Band 1 (2100MHz),-80.5,-9.5,21.0,40.6,31.3,120.2
2026-07-16 13:00:00,HELS-011-3,HELS-011,Band 1 (2100MHz),-85.5,-10.1,10.5,55.5,13.0,60.8
2026-07-16 13:00:00,HELS-012-1,HELS-012,Band 3 (1800MHz),-79.3,-9.1,15.4,63.5,40.7,62.8
2026-07-16 13:00:00,HELS-012-2,HELS-012,Band 3 (1800MHz),-103.6,-13.4,1.7,90.8,34.6,64.4
2026-07-16 13:00:00,HELS-012-3,HELS-012,Band 3 (1800MHz),-82.2,-13.2,12.4,62.5,43.9,115.8
2026-07-16 13:00:00,HELS-013-1,HELS-013,Band 1 (2100MHz),-87.2,-11.2,7.2,75.1,12.3,81.1
2026-07-16 13:00:00,HELS-013-2,HELS-013,Band 1 (2100MHz),-78.4,-10.7,8.4,48.5,34.6,95.8
2026-07-16 13:00:00,HELS-013-3,HELS-013,Band 1 (2100MHz),-81.0,-10.0,11.7,55.8,22.2,83.5
2026-07-16 13:00:00,HELS-014-1,HELS-014,Band 3 (1800MHz),-88.0,-8.0,15.0,45.7,33.2,36.0
2026-07-16 13:00:00,HELS-014-2,HELS-014,Band 3 (1800MHz),-85.0,-8.3,9.5,54.6,34.2,109.2
2026-07-16 13:00:00,HELS-014-3,HELS-014,Band 3 (1800MHz),-81.8,-9.0,16.1,56.6,43.6,98.7
2026-07-16 14:00:00,HELS-001-1,HELS-001,Band 1 (2100MHz),-91.4,-9.3,10.7,43.2,33.8,80.8
2026-07-16 14:00:00,HELS-001-2,HELS-001,Band 1 (2100MHz),-93.1,-10.6,7.8,41.8,33.7,119.9
2026-07-16 14:00:00,HELS-001-3,HELS-001,Band 1 (2100MHz),-98.0,-17.9,2.6,44.3,38.2,115.8
2026-07-16 14:00:00,HELS-002-1,HELS-002,Band 3 (1800MHz),-86.0,-14.1,9.6,46.3,38.8,106.7
2026-07-16 14:00:00,HELS-002-2,HELS-002,Band 3 (1800MHz),-89.0,-9.6,11.7,53.0,30.7,86.8
2026-07-16 14:00:00,HELS-002-3,HELS-002,Band 3 (1800MHz),-89.2,-8.4,15.7,65.4,46.2,119.5
2026-07-16 14:00:00,HELS-003-1,HELS-003,Band 1 (2100MHz),-82.8,-11.9,15.1,36.4,13.9,98.9
2026-07-16 14:00:00,HELS-003-2,HELS-003,Band 1 (2100MHz),-85.3,-11.6,25.3,51.9,21.0,87.9
2026-07-16 14:00:00,HELS-003-3,HELS-003,Band 1 (2100MHz),-83.2,-11.3,4.5,56.0,17.9,125.5
2026-07-16 14:00:00,HELS-004-1,HELS-004,Band 3 (1800MHz),-83.1,-7.2,3.4,51.9,16.9,100.5
2026-07-16 14:00:00,HELS-004-2,HELS-004,Band 3 (1800MHz),-80.7,-12.8,11.5,28.5,33.4,76.8
2026-07-16 14:00:00,HELS-004-3,HELS-004,Band 3 (1800MHz),-84.0,-14.0,13.2,71.9,17.3,90.6
2026-07-16 14:00:00,HELS-005-1,HELS-005,Band 1 (2100MHz),-96.4,-17.4,14.4,64.6,40.4,92.6
2026-07-16 14:00:00,HELS-005-2,HELS-005,Band 1 (2100MHz),-80.1,-10.3,13.6,76.3,42.0,141.6
2026-07-16 14:00:00,HELS-005-3,HELS-005,Band 1 (2100MHz),-85.4,-14.0,17.7,52.0,31.9,133.3
2026-07-16 14:00:00,HELS-006-1,HELS-006,Band 3 (1800MHz),-84.6,-9.8,4.6,51.2,34.2,107.3
2026-07-16 14:00:00,HELS-006-2,HELS-006,Band 3 (1800MHz),-86.0,-15.0,14.4,52.1,42.3,103.1
2026-07-16 14:00:00,HELS-006-3,HELS-006,Band 3 (1800MHz),-88.4,-13.5,19.0,35.9,27.4,122.3
2026-07-16 14:00:00,HELS-007-1,HELS-007,Band 1 (2100MHz),-83.1,-5.8,16.9,24.3,34.1,86.4
2026-07-16 14:00:00,HELS-007-2,HELS-007,Band 1 (2100MHz),-81.7,-11.4,9.8,55.2,36.8,120.1
2026-07-16 14:00:00,HELS-007-3,HELS-007,Band 1 (2100MHz),-81.5,-10.4,17.9,50.5,43.3,109.1
2026-07-16 14:00:00,HELS-008-1,HELS-008,Band 3 (1800MHz),-85.5,-9.5,12.1,49.2,39.3,86.5
2026-07-16 14:00:00,HELS-008-2,HELS-008,Band 3 (1800MHz),-83.9,-8.8,13.2,42.4,23.2,89.4
2026-07-16 14:00:00,HELS-008-3,HELS-008,Band 3 (1800MHz),-85.8,-12.9,9.6,74.3,34.2,113.1
2026-07-16 14:00:00,HELS-009-1,HELS-009,Band 1 (2100MHz),-82.2,-9.9,8.8,48.2,21.2,110.4
2026-07-16 14:00:00,HELS-009-2,HELS-009,Band 1 (2100MHz),-83.0,-12.1,15.2,38.6,36.5,65.7
2026-07-16 14:00:00,HELS-009-3,HELS-009,Band 1 (2100MHz),-87.1,-11.8,7.6,60.4,38.7,98.6
2026-07-16 14:00:00,HELS-010-1,HELS-010,Band 3 (1800MHz),-86.2,-10.3,9.3,67.0,25.8,118.9
2026-07-16 14:00:00,HELS-010-2,HELS-010,Band 3 (1800MHz),-85.5,-12.9,12.8,42.8,41.6,95.1
2026-07-16 14:00:00,HELS-010-3,HELS-010,Band 3 (1800MHz),-83.3,-11.4,18.9,64.0,20.0,160.3
2026-07-16 14:00:00,HELS-011-1,HELS-011,Band 1 (2100MHz),-82.6,-12.8,17.8,41.5,19.5,97.1
2026-07-16 14:00:00,HELS-011-2,HELS-011,Band 1 (2100MHz),-82.7,-7.9,8.0,40.4,29.6,84.3
2026-07-16 14:00:00,HELS-011-3,HELS-011,Band 1 (2100MHz),-86.2,-11.6,12.2,69.7,43.4,94.7
2026-07-16 14:00:00,HELS-012-1,HELS-012,Band 3 (1800MHz),-90.0,-10.4,8.0,46.4,20.3,58.2
2026-07-16 14:00:00,HELS-012-2,HELS-012,Band 3 (1800MHz),-101.7,-15.3,3.6,47.3,19.6,75.2
2026-07-16 14:00:00,HELS-012-3,HELS-012,Band 3 (1800MHz),-88.7,-11.9,18.6,52.6,24.5,105.2
2026-07-16 14:00:00,HELS-013-1,HELS-013,Band 1 (2100MHz),-88.5,-10.6,16.3,48.5,26.0,82.7
2026-07-16 14:00:00,HELS-013-2,HELS-013,Band 1 (2100MHz),-81.8,-12.3,7.0,46.8,22.2,88.2
2026-07-16 14:00:00,HELS-013-3,HELS-013,Band 1 (2100MHz),-83.6,-11.6,10.6,63.0,27.8,95.0
2026-07-16 14:00:00,HELS-014-1,HELS-014,Band 3 (1800MHz),-98.2,-11.4,13.6,78.0,40.9,108.4
2026-07-16 14:00:00,HELS-014-2,HELS-014,Band 3 (1800MHz),-78.5,-7.6,10.5,65.0,29.9,125.3
2026-07-16 14:00:00,HELS-014-3,HELS-014,Band 3 (1800MHz),-86.2,-10.2,9.8,49.0,35.8,67.2
2026-07-16 15:00:00,HELS-001-1,HELS-001,Band 1 (2100MHz),-78.0,-8.4,18.8,40.7,19.2,10.5
2026-07-16 15:00:00,HELS-001-2,HELS-001,Band 1 (2100MHz),-100.0,-10.2,1.5,28.6,0.3,25.9
2026-07-16 15:00:00,HELS-001-3,HELS-001,Band 1 (2100MHz),-95.0,-11.7,2.2,37.3,7.6,59.8
2026-07-16 15:00:00,HELS-002-1,HELS-002,Band 3 (1800MHz),-91.3,-7.7,12.8,9.2,19.7,21.4
2026-07-16 15:00:00,HELS-002-2,HELS-002,Band 3 (1800MHz),-83.3,-6.4,14.6,27.7,16.2,9.5
2026-07-16 15:00:00,HELS-002-3,HELS-002,Band 3 (1800MHz),-87.9,-7.0,7.8,33.2,14.5,62.1
2026-07-16 15:00:00,HELS-003-1,HELS-003,Band 1 (2100MHz),-86.6,-8.3,21.3,7.9,15.2,65.3
2026-07-16 15:00:00,HELS-003-2,HELS-003,Band 1 (2100MHz),-83.1,-10.5,16.0,16.7,8.9,19.5
2026-07-16 15:00:00,HELS-003-3,HELS-003,Band 1 (2100MHz),-86.5,-11.2,19.0,0.0,4.5,20.4
2026-07-16 15:00:00,HELS-004-1,HELS-004,Band 3 (1800MHz),-82.1,-8.4,14.4,31.9,25.1,4.4
2026-07-16 15:00:00,HELS-004-2,HELS-004,Band 3 (1800MHz),-83.6,-11.3,12.4,37.7,4.8,43.5
2026-07-16 15:00:00,HELS-004-3,HELS-004,Band 3 (1800MHz),-85.2,-9.5,17.7,12.1,27.2,45.9
2026-07-16 15:00:00,HELS-005-1,HELS-005,Band 1 (2100MHz),-96.6,-12.4,8.2,26.4,16.4,46.1
2026-07-16 15:00:00,HELS-005-2,HELS-005,Band 1 (2100MHz),-79.5,-9.8,7.9,15.3,5.9,16.0
2026-07-16 15:00:00,HELS-005-3,HELS-005,Band 1 (2100MHz),-86.3,-8.4,22.5,23.0,11.6,21.2
2026-07-16 15:00:00,HELS-006-1,HELS-006,Band 3 (1800MHz),-91.9,-7.7,15.3,37.1,7.7,62.4
2026-07-16 15:00:00,HELS-006-2,HELS-006,Band 3 (1800MHz),-82.3,-6.2,12.9,25.0,3.4,42.5
2026-07-16 15:00:00,HELS-006-3,HELS-006,Band 3 (1800MHz),-79.8,-9.1,6.2,26.9,9.6,29.4
2026-07-16 15:00:00,HELS-007-1,HELS-007,Band 1 (2100MHz),-87.9,-8.4,18.9,12.4,12.4,23.8
2026-07-16 15:00:00,HELS-007-2,HELS-007,Band 1 (2100MHz),-87.9,-8.1,15.2,27.0,4.1,57.3
2026-07-16 15:00:00,HELS-007-3,HELS-007,Band 1 (2100MHz),-89.1,-13.2,17.8,31.6,27.9,25.1
2026-07-16 15:00:00,HELS-008-1,HELS-008,Band 3 (1800MHz),-80.0,-9.9,21.8,20.3,13.8,33.7
2026-07-16 15:00:00,HELS-008-2,HELS-008,Band 3 (1800MHz),-89.1,-11.1,6.6,32.4,9.9,40.1
2026-07-16 15:00:00,HELS-008-3,HELS-008,Band 3 (1800MHz),-79.3,-6.6,13.4,18.0,16.9,0.9
2026-07-16 15:00:00,HELS-009-1,HELS-009,Band 1 (2100MHz),-85.3,-8.9,10.4,30.9,0.0,29.0
2026-07-16 15:00:00,HELS-009-2,HELS-009,Band 1 (2100MHz),-85.8,-11.7,15.6,24.2,11.5,46.8
2026-07-16 15:00:00,HELS-009-3,HELS-009,Band 1 (2100MHz),-79.6,-10.3,9.3,41.1,0.0,32.8
2026-07-16 15:00:00,HELS-010-1,HELS-010,Band 3 (1800MHz),-88.7,-10.9,24.1,17.1,22.0,9.8
2026-07-16 15:00:00,HELS-010-2,HELS-010,Band 3 (1800MHz),-81.1,-10.1,16.6,33.5,17.0,49.1
2026-07-16 15:00:00,HELS-010-3,HELS-010,Band 3 (1800MHz),-91.4,-8.5,18.4,17.1,10.4,19.1
2026-07-16 15:00:00,HELS-011-1,HELS-011,Band 1 (2100MHz),-81.9,-8.0,12.3,0.0,0.0,11.7
2026-07-16 15:00:00,HELS-011-2,HELS-011,Band 1 (2100MHz),-86.4,-8.3,11.9,38.5,20.2,31.3
2026-07-16 15:00:00,HELS-011-3,HELS-011,Band 1 (2100MHz),-88.3,-8.0,24.2,1.4,25.0,0.0
2026-07-16 15:00:00,HELS-012-1,HELS-012,Band 3 (1800MHz),-79.5,-6.3,13.8,21.4,9.6,39.4
2026-07-16 15:00:00,HELS-012-2,HELS-012,Band 3 (1800MHz),-100.9,-11.2,-0.1,23.4,17.9,22.3
2026-07-16 15:00:00,HELS-012-3,HELS-012,Band 3 (1800MHz),-89.1,-9.3,12.3,24.5,0.0,38.3
2026-07-16 15:00:00,HELS-013-1,HELS-013,Band 1 (2100MHz),-78.3,-9.5,7.6,0.0,13.5,51.8
2026-07-16 15:00:00,HELS-013-2,HELS-013,Band 1 (2100MHz),-84.0,-5.6,13.8,17.7,31.4,44.8
2026-07-16 15:00:00,HELS-013-3,HELS-013,Band 1 (2100MHz),-80.4,-12.4,21.8,11.8,10.8,13.8
2026-07-16 15:00:00,HELS-014-1,HELS-014,Band 3 (1800MHz),-76.4,-10.1,16.7,16.6,19.9,15.5
2026-07-16 15:00:00,HELS-014-2,HELS-014,Band 3 (1800MHz),-80.0,-10.0,12.8,21.0,16.8,57.9
2026-07-16 15:00:00,HELS-014-3,HELS-014,Band 3 (1800MHz),-84.0,-6.3,5.0,26.0,8.3,43.8
2026-07-16 16:00:00,HELS-001-1,HELS-001,Band 1 (2100MHz),-92.1,-12.4,8.1,100.0,48.8,122.9
2026-07-16 16:00:00,HELS-001-2,HELS-001,Band 1 (2100MHz),-97.4,-15.5,1.8,76.7,60.7,106.5
2026-07-16 16:00:00,HELS-001-3,HELS-001,Band 1 (2100MHz),-105.4,-18.5,-5.1,83.6,38.4,103.2
2026-07-16 16:00:00,HELS-002-1,HELS-002,Band 3 (1800MHz),-86.7,-12.0,13.5,72.7,72.0,142.3
2026-07-16 16:00:00,HELS-002-2,HELS-002,Band 3 (1800MHz),-78.1,-13.5,9.2,83.6,43.3,141.0
2026-07-16 16:00:00,HELS-002-3,HELS-002,Band 3 (1800MHz),-83.6,-12.1,10.1,91.3,52.5,108.1
2026-07-16 16:00:00,HELS-003-1,HELS-003,Band 1 (2100MHz),-88.6,-13.9,9.8,91.8,41.8,117.5
2026-07-16 16:00:00,HELS-003-2,HELS-003,Band 1 (2100MHz),-77.3,-14.0,16.4,77.2,44.7,129.8
2026-07-16 16:00:00,HELS-003-3,HELS-003,Band 1 (2100MHz),-81.3,-9.3,18.9,83.0,43.3,118.8
2026-07-16 16:00:00,HELS-004-1,HELS-004,Band 3 (1800MHz),-87.9,-14.5,7.2,78.4,44.3,135.0
2026-07-16 16:00:00,HELS-004-2,HELS-004,Band 3 (1800MHz),-88.1,-10.9,11.6,91.3,39.7,128.3
2026-07-16 16:00:00,HELS-004-3,HELS-004,Band 3 (1800MHz),-88.7,-13.2,13.7,71.0,47.9,103.9
2026-07-16 16:00:00,HELS-005-1,HELS-005,Band 1 (2100MHz),-89.6,-14.0,8.3,60.1,29.1,125.5
2026-07-16 16:00:00,HELS-005-2,HELS-005,Band 1 (2100MHz),-85.5,-15.2,11.0,68.7,51.3,125.0
2026-07-16 16:00:00,HELS-005-3,HELS-005,Band 1 (2100MHz),-73.6,-11.0,16.4,100.0,36.7,101.3
2026-07-16 16:00:00,HELS-006-1,HELS-006,Band 3 (1800MHz),-86.6,-10.5,7.9,72.0,44.7,94.8
2026-07-16 16:00:00,HELS-006-2,HELS-006,Band 3 (1800MHz),-80.8,-12.8,7.0,83.5,46.5,126.6
2026-07-16 16:00:00,HELS-006-3,HELS-006,Band 3 (1800MHz),-84.4,-11.6,11.9,78.2,40.1,73.4
2026-07-16 16:00:00,HELS-007-1,HELS-007,Band 1 (2100MHz),-83.8,-13.6,8.9,89.8,40.9,106.6
2026-07-16 16:00:00,HELS-007-2,HELS-007,Band 1 (2100MHz),-77.9,-10.8,16.0,78.4,45.6,111.7
2026-07-16 16:00:00,HELS-007-3,HELS-007,Band 1 (2100MHz),-84.4,-10.6,5.1,65.0,44.1,85.0
2026-07-16 16:00:00,HELS-008-1,HELS-008,Band 3 (1800MHz),-87.2,-13.3,14.3,58.8,49.8,102.0
2026-07-16 16:00:00,HELS-008-2,HELS-008,Band 3 (1800MHz),-83.5,-11.3,17.0,87.5,38.9,123.5
2026-07-16 16:00:00,HELS-008-3,HELS-008,Band 3 (1800MHz),-83.9,-11.5,8.7,75.6,34.3,133.0
2026-07-16 16:00:00,HELS-009-1,HELS-009,Band 1 (2100MHz),-87.3,-13.3,5.0,42.3,43.6,120.6
2026-07-16 16:00:00,HELS-009-2,HELS-009,Band 1 (2100MHz),-89.6,-9.9,18.9,62.3,33.7,129.6
2026-07-16 16:00:00,HELS-009-3,HELS-009,Band 1 (2100MHz),-87.1,-11.8,9.7,62.1,38.5,148.5
2026-07-16 16:00:00,HELS-010-1,HELS-010,Band 3 (1800MHz),-82.1,-10.2,7.6,55.8,27.2,144.5
2026-07-16 16:00:00,HELS-010-2,HELS-010,Band 3 (1800MHz),-78.8,-10.1,21.2,76.2,38.4,166.2
2026-07-16 16:00:00,HELS-010-3,HELS-010,Band 3 (1800MHz),-86.4,-10.1,16.5,89.4,52.6,139.6
2026-07-16 16:00:00,HELS-011-1,HELS-011,Band 1 (2100MHz),-85.0,-15.8,4.0,70.4,40.7,142.8
2026-07-16 16:00:00,HELS-011-2,HELS-011,Band 1 (2100MHz),-86.6,-13.2,15.5,78.6,50.0,124.9
2026-07-16 16:00:00,HELS-011-3,HELS-011,Band 1 (2100MHz),-83.9,-11.5,9.0,72.0,40.8,118.8
2026-07-16 16:00:00,HELS-012-1,HELS-012,Band 3 (1800MHz),-78.6,-11.7,13.7,76.5,48.9,165.3
2026-07-16 16:00:00,HELS-012-2,HELS-012,Band 3 (1800MHz),-96.3,-14.1,6.1,83.4,45.5,133.2
2026-07-16 16:00:00,HELS-012-3,HELS-012,Band 3 (1800MHz),-84.5,-13.1,20.3,79.9,52.6,117.6
2026-07-16 16:00:00,HELS-013-1,HELS-013,Band 1 (2100MHz),-78.3,-12.8,15.8,97.7,47.1,174.2
2026-07-16 16:00:00,HELS-013-2,HELS-013,Band 1 (2100MHz),-80.6,-9.4,14.7,76.9,39.4,112.0
2026-07-16 16:00:00,HELS-013-3,HELS-013,Band 1 (2100MHz),-77.2,-7.7,6.4,78.4,46.0,173.1
2026-07-16 16:00:00,HELS-014-1,HELS-014,Band 3 (1800MHz),-84.6,-12.1,16.0,90.0,17.0,145.1
2026-07-16 16:00:00,HELS-014-2,HELS-014,Band 3 (1800MHz),-83.8,-10.2,19.1,75.1,48.4,153.6
2026-07-16 16:00:00,HELS-014-3,HELS-014,Band 3 (1800MHz),-88.0,-12.2,14.4,61.7,40.4,140.5
2026-07-16 17:00:00,HELS-001-1,HELS-001,Band 1 (2100MHz),-89.1,-12.3,14.0,99.7,54.4,192.5
2026-07-16 17:00:00,HELS-001-2,HELS-001,Band 1 (2100MHz),-100.8,-18.9,5.1,89.0,47.6,153.0
2026-07-16 17:00:00,HELS-001-3,HELS-001,Band 1 (2100MHz),-97.4,-17.3,8.4,95.3,43.6,149.7
2026-07-16 17:00:00,HELS-002-1,HELS-002,Band 3 (1800MHz),-83.5,-13.3,4.5,84.9,50.9,112.3
2026-07-16 17:00:00,HELS-002-2,HELS-002,Band 3 (1800MHz),-84.5,-15.4,14.4,92.3,34.9,106.0
2026-07-16 17:00:00,HELS-002-3,HELS-002,Band 3 (1800MHz),-84.3,-13.2,14.5,85.9,48.4,134.6
2026-07-16 17:00:00,HELS-003-1,HELS-003,Band 1 (2100MHz),-90.1,-10.7,11.1,74.1,52.8,148.7
2026-07-16 17:00:00,HELS-003-2,HELS-003,Band 1 (2100MHz),-82.7,-13.5,16.8,86.9,46.4,127.6
2026-07-16 17:00:00,HELS-003-3,HELS-003,Band 1 (2100MHz),-78.1,-13.3,10.8,79.2,75.1,118.0
2026-07-16 17:00:00,HELS-004-1,HELS-004,Band 3 (1800MHz),-85.8,-10.9,9.4,66.8,52.4,187.0
2026-07-16 17:00:00,HELS-004-2,HELS-004,Band 3 (1800MHz),-87.4,-12.3,14.5,93.5,44.6,172.8
2026-07-16 17:00:00,HELS-004-3,HELS-004,Band 3 (1800MHz),-75.8,-13.7,22.8,82.7,56.2,164.4
2026-07-16 17:00:00,HELS-005-1,HELS-005,Band 1 (2100MHz),-98.0,-16.6,9.2,94.5,47.0,130.7
2026-07-16 17:00:00,HELS-005-2,HELS-005,Band 1 (2100MHz),-80.6,-10.4,16.4,83.2,41.0,125.2
2026-07-16 17:00:00,HELS-005-3,HELS-005,Band 1 (2100MHz),-82.0,-11.2,11.0,92.1,60.8,170.5
2026-07-16 17:00:00,HELS-006-1,HELS-006,Band 3 (1800MHz),-86.5,-10.3,3.3,88.6,45.4,114.5
2026-07-16 17:00:00,HELS-006-2,HELS-006,Band 3 (1800MHz),-85.9,-15.1,6.2,78.7,41.5,161.7
2026-07-16 17:00:00,HELS-006-3,HELS-006,Band 3 (1800MHz),-78.5,-13.1,15.2,85.7,58.5,106.2
2026-07-16 17:00:00,HELS-007-1,HELS-007,Band 1 (2100MHz),-92.7,-14.8,11.9,75.9,46.5,133.8
2026-07-16 17:00:00,HELS-007-2,HELS-007,Band 1 (2100MHz),-82.8,-14.8,14.1,61.1,47.4,115.4
2026-07-16 17:00:00,HELS-007-3,HELS-007,Band 1 (2100MHz),-81.0,-11.5,10.5,76.5,40.9,149.4
2026-07-16 17:00:00,HELS-008-1,HELS-008,Band 3 (1800MHz),-85.4,-9.7,6.2,82.2,47.4,96.1
2026-07-16 17:00:00,HELS-008-2,HELS-008,Band 3 (1800MHz),-81.9,-11.8,17.7,78.2,56.1,130.6
2026-07-16 17:00:00,HELS-008-3,HELS-008,Band 3 (1800MHz),-84.9,-14.1,12.5,100.0,50.1,134.1
2026-07-16 17:00:00,HELS-009-1,HELS-009,Band 1 (2100MHz),-79.7,-9.9,11.1,92.4,44.0,135.8
2026-07-16 17:00:00,HELS-009-2,HELS-009,Band 1 (2100MHz),-86.6,-12.7,13.9,78.1,52.6,101.3
2026-07-16 17:00:00,HELS-009-3,HELS-009,Band 1 (2100MHz),-81.7,-11.8,2.8,100.0,43.1,122.9
2026-07-16 17:00:00,HELS-010-1,HELS-010,Band 3 (1800MHz),-85.8,-11.9,16.9,69.2,54.0,123.2
2026-07-16 17:00:00,HELS-010-2,HELS-010,Band 3 (1800MHz),-75.5,-14.1,16.8,70.4,58.1,94.3
2026-07-16 17:00:00,HELS-010-3,HELS-010,Band 3 (1800MHz),-85.3,-7.1,5.1,87.8,50.2,162.5
2026-07-16 17:00:00,HELS-011-1,HELS-011,Band 1 (2100MHz),-86.2,-13.3,3.3,89.9,41.1,104.3
2026-07-16 17:00:00,HELS-011-2,HELS-011,Band 1 (2100MHz),-80.2,-14.2,9.8,96.7,54.3,185.8
2026-07-16 17:00:00,HELS-011-3,HELS-011,Band 1 (2100MHz),-82.6,-13.0,9.7,87.6,43.9,120.4
2026-07-16 17:00:00,HELS-012-1,HELS-012,Band 3 (1800MHz),-82.3,-16.8,15.6,84.5,54.8,168.6
2026-07-16 17:00:00,HELS-012-2,HELS-012,Band 3 (1800MHz),-101.9,-16.0,-2.9,98.2,46.2,141.7
2026-07-16 17:00:00,HELS-012-3,HELS-012,Band 3 (1800MHz),-83.3,-10.9,5.8,93.9,57.2,97.9
2026-07-16 17:00:00,HELS-013-1,HELS-013,Band 1 (2100MHz),-87.5,-13.8,8.4,84.2,45.5,124.7
2026-07-16 17:00:00,HELS-013-2,HELS-013,Band 1 (2100MHz),-87.6,-12.2,6.9,88.2,62.1,146.4
2026-07-16 17:00:00,HELS-013-3,HELS-013,Band 1 (2100MHz),-86.1,-14.8,11.8,96.0,53.6,159.1
2026-07-16 17:00:00,HELS-014-1,HELS-014,Band 3 (1800MHz),-81.5,-12.2,14.5,100.0,46.5,154.8
2026-07-16 17:00:00,HELS-014-2,HELS-014,Band 3 (1800MHz),-88.8,-13.9,15.9,74.2,36.4,127.4
2026-07-16 17:00:00,HELS-014-3,HELS-014,Band 3 (1800MHz),-80.8,-11.6,3.9,76.7,67.2,109.2
2026-07-16 18:00:00,HELS-001-1,HELS-001,Band 1 (2100MHz),-81.5,-11.2,10.4,85.8,58.5,169.1
2026-07-16 18:00:00,HELS-001-2,HELS-001,Band 1 (2100MHz),-92.2,-18.3,15.1,69.7,47.3,114.0
2026-07-16 18:00:00,HELS-001-3,HELS-001,Band 1 (2100MHz),-96.7,-14.9,3.2,100.0,61.1,149.4
2026-07-16 18:00:00,HELS-002-1,HELS-002,Band 3 (1800MHz),-80.6,-15.7,13.3,81.5,63.8,156.3
2026-07-16 18:00:00,HELS-002-2,HELS-002,Band 3 (1800MHz),-81.7,-11.3,14.1,100.0,52.0,155.3
2026-07-16 18:00:00,HELS-002-3,HELS-002,Band 3 (1800MHz),-83.7,-13.5,19.6,91.8,53.0,138.7
2026-07-16 18:00:00,HELS-003-1,HELS-003,Band 1 (2100MHz),-79.9,-15.3,7.8,80.9,29.6,145.9
2026-07-16 18:00:00,HELS-003-2,HELS-003,Band 1 (2100MHz),-87.8,-12.1,9.8,69.5,36.4,127.8
2026-07-16 18:00:00,HELS-003-3,HELS-003,Band 1 (2100MHz),-82.0,-12.6,20.8,81.1,45.7,145.2
2026-07-16 18:00:00,HELS-004-1,HELS-004,Band 3 (1800MHz),-81.0,-12.9,11.5,69.8,62.6,180.4
2026-07-16 18:00:00,HELS-004-2,HELS-004,Band 3 (1800MHz),-75.6,-14.3,12.4,92.6,57.1,120.3
2026-07-16 18:00:00,HELS-004-3,HELS-004,Band 3 (1800MHz),-77.9,-13.4,6.9,93.9,53.8,184.7
2026-07-16 18:00:00,HELS-005-1,HELS-005,Band 1 (2100MHz),-94.4,-15.4,5.5,97.3,48.5,163.4
2026-07-16 18:00:00,HELS-005-2,HELS-005,Band 1 (2100MHz),-81.1,-16.1,11.1,88.5,55.2,112.8
2026-07-16 18:00:00,HELS-005-3,HELS-005,Band 1 (2100MHz),-83.0,-9.7,15.2,100.0,48.7,126.0
2026-07-16 18:00:00,HELS-006-1,HELS-006,Band 3 (1800MHz),-79.4,-12.3,12.3,88.7,59.9,160.9
2026-07-16 18:00:00,HELS-006-2,HELS-006,Band 3 (1800MHz),-85.3,-14.7,9.5,69.6,53.2,144.1
2026-07-16 18:00:00,HELS-006-3,HELS-006,Band 3 (1800MHz),-91.3,-13.3,11.7,82.1,43.1,158.0
2026-07-16 18:00:00,HELS-007-1,HELS-007,Band 1 (2100MHz),-87.2,-13.6,18.0,85.8,54.2,135.8
2026-07-16 18:00:00,HELS-007-2,HELS-007,Band 1 (2100MHz),-83.8,-11.4,4.1,100.0,50.5,151.9
2026-07-16 18:00:00,HELS-007-3,HELS-007,Band 1 (2100MHz),-80.9,-11.0,11.7,100.0,68.4,163.5
2026-07-16 18:00:00,HELS-008-1,HELS-008,Band 3 (1800MHz),-82.0,-11.7,20.2,76.3,45.3,132.1
2026-07-16 18:00:00,HELS-008-2,HELS-008,Band 3 (1800MHz),-86.0,-12.5,17.9,84.2,51.0,115.6
2026-07-16 18:00:00,HELS-008-3,HELS-008,Band 3 (1800MHz),-82.3,-15.0,7.0,86.7,59.6,155.2
2026-07-16 18:00:00,HELS-009-1,HELS-009,Band 1 (2100MHz),-77.2,-12.0,11.4,76.4,65.3,169.8
2026-07-16 18:00:00,HELS-009-2,HELS-009,Band 1 (2100MHz),-82.9,-13.3,16.8,100.0,38.7,148.0
2026-07-16 18:00:00,HELS-009-3,HELS-009,Band 1 (2100MHz),-89.7,-13.5,15.8,87.6,52.9,141.9
2026-07-16 18:00:00,HELS-010-1,HELS-010,Band 3 (1800MHz),-85.7,-10.0,18.1,81.2,69.9,125.9
2026-07-16 18:00:00,HELS-010-2,HELS-010,Band 3 (1800MHz),-76.7,-13.7,15.1,100.0,41.4,138.9
2026-07-16 18:00:00,HELS-010-3,HELS-010,Band 3 (1800MHz),-82.0,-12.9,6.8,77.3,42.5,150.7
2026-07-16 18:00:00,HELS-011-1,HELS-011,Band 1 (2100MHz),-85.2,-7.8,14.0,77.0,64.0,140.5
2026-07-16 18:00:00,HELS-011-2,HELS-011,Band 1 (2100MHz),-79.8,-12.0,18.1,71.6,52.9,133.9
2026-07-16 18:00:00,HELS-011-3,HELS-011,Band 1 (2100MHz),-87.5,-14.3,2.9,69.6,78.5,131.9
2026-07-16 18:00:00,HELS-012-1,HELS-012,Band 3 (1800MHz),-81.9,-15.1,14.9,99.0,53.0,100.7
2026-07-16 18:00:00,HELS-012-2,HELS-012,Band 3 (1800MHz),-100.4,-18.4,-3.3,69.2,43.7,96.9
2026-07-16 18:00:00,HELS-012-3,HELS-012,Band 3 (1800MHz),-87.5,-10.8,10.2,97.6,55.3,143.3
2026-07-16 18:00:00,HELS-013-1,HELS-013,Band 1 (2100MHz),-82.6,-12.5,10.3,100.0,42.8,132.3
2026-07-16 18:00:00,HELS-013-2,HELS-013,Band 1 (2100MHz),-85.2,-16.3,23.5,100.0,82.5,147.4
2026-07-16 18:00:00,HELS-013-3,HELS-013,Band 1 (2100MHz),-87.9,-13.3,24.9,100.0,43.4,159.4
2026-07-16 18:00:00,HELS-014-1,HELS-014,Band 3 (1800MHz),-89.1,-14.7,22.8,95.1,55.6,104.6
2026-07-16 18:00:00,HELS-014-2,HELS-014,Band 3 (1800MHz),-85.6,-12.2,9.6,100.0,53.6,186.2
2026-07-16 18:00:00,HELS-014-3,HELS-014,Band 3 (1800MHz),-88.3,-10.5,13.6,94.9,44.2,145.8
2026-07-16 19:00:00,HELS-001-1,HELS-001,Band 1 (2100MHz),-84.4,-13.4,12.8,78.5,42.5,158.1
2026-07-16 19:00:00,HELS-001-2,HELS-001,Band 1 (2100MHz),-99.7,-17.4,3.5,72.2,59.9,130.3
2026-07-16 19:00:00,HELS-001-3,HELS-001,Band 1 (2100MHz),-94.5,-12.4,4.2,93.7,65.0,169.2
2026-07-16 19:00:00,HELS-002-1,HELS-002,Band 3 (1800MHz),-90.1,-11.0,10.3,74.3,51.3,157.1
2026-07-16 19:00:00,HELS-002-2,HELS-002,Band 3 (1800MHz),-87.1,-13.8,17.6,81.1,56.3,120.3
2026-07-16 19:00:00,HELS-002-3,HELS-002,Band 3 (1800MHz),-87.8,-12.0,11.9,100.0,50.6,143.0
2026-07-16 19:00:00,HELS-003-1,HELS-003,Band 1 (2100MHz),-86.4,-12.9,7.8,75.8,57.4,142.1
2026-07-16 19:00:00,HELS-003-2,HELS-003,Band 1 (2100MHz),-69.5,-12.8,15.4,88.4,55.2,133.1
2026-07-16 19:00:00,HELS-003-3,HELS-003,Band 1 (2100MHz),-86.9,-14.6,3.4,85.1,51.8,114.2
2026-07-16 19:00:00,HELS-004-1,HELS-004,Band 3 (1800MHz),-85.7,-7.2,20.0,79.8,47.7,167.8
2026-07-16 19:00:00,HELS-004-2,HELS-004,Band 3 (1800MHz),-86.7,-12.6,15.7,86.3,38.9,167.6
2026-07-16 19:00:00,HELS-004-3,HELS-004,Band 3 (1800MHz),-83.3,-12.1,19.9,100.0,32.9,157.2
2026-07-16 19:00:00,HELS-005-1,HELS-005,Band 1 (2100MHz),-97.6,-15.8,1.4,93.6,36.4,142.4
2026-07-16 19:00:00,HELS-005-2,HELS-005,Band 1 (2100MHz),-86.4,-12.8,13.5,94.9,51.5,123.2
2026-07-16 19:00:00,HELS-005-3,HELS-005,Band 1 (2100MHz),-85.0,-9.5,10.4,89.9,43.4,127.8
2026-07-16 19:00:00,HELS-006-1,HELS-006,Band 3 (1800MHz),-76.2,-9.3,9.6,61.9,52.0,93.9
2026-07-16 19:00:00,HELS-006-2,HELS-006,Band 3 (1800MHz),-76.9,-15.6,16.2,92.2,30.0,126.7
2026-07-16 19:00:00,HELS-006-3,HELS-006,Band 3 (1800MHz),-80.1,-12.2,17.5,96.7,60.5,125.7
2026-07-16 19:00:00,HELS-007-1,HELS-007,Band 1 (2100MHz),-82.6,-12.2,19.6,70.6,45.6,126.5
2026-07-16 19:00:00,HELS-007-2,HELS-007,Band 1 (2100MHz),-91.8,-9.3,19.8,72.2,45.1,98.7
2026-07-16 19:00:00,HELS-007-3,HELS-007,Band 1 (2100MHz),-83.5,-8.4,16.6,89.2,49.3,150.4
2026-07-16 19:00:00,HELS-008-1,HELS-008,Band 3 (1800MHz),-84.0,-12.2,8.2,86.9,65.8,133.9
2026-07-16 19:00:00,HELS-008-2,HELS-008,Band 3 (1800MHz),-83.0,-12.9,10.6,66.3,35.0,152.2
2026-07-16 19:00:00,HELS-008-3,HELS-008,Band 3 (1800MHz),-86.2,-13.1,10.5,95.8,55.0,128.4
2026-07-16 19:00:00,HELS-009-1,HELS-009,Band 1 (2100MHz),-87.4,-10.4,12.0,65.4,44.6,129.3
2026-07-16 19:00:00,HELS-009-2,HELS-009,Band 1 (2100MHz),-82.5,-15.7,18.2,84.3,38.2,165.3
2026-07-16 19:00:00,HELS-009-3,HELS-009,Band 1 (2100MHz),-86.9,-9.8,13.9,71.1,66.3,166.5
2026-07-16 19:00:00,HELS-010-1,HELS-010,Band 3 (1800MHz),-79.6,-10.2,16.4,82.7,39.7,110.8
2026-07-16 19:00:00,HELS-010-2,HELS-010,Band 3 (1800MHz),-83.4,-13.2,10.8,92.6,36.1,138.4
2026-07-16 19:00:00,HELS-010-3,HELS-010,Band 3 (1800MHz),-88.2,-10.7,10.4,75.0,49.4,149.6
2026-07-16 19:00:00,HELS-011-1,HELS-011,Band 1 (2100MHz),-81.9,-12.1,15.0,88.6,45.2,164.2
2026-07-16 19:00:00,HELS-011-2,HELS-011,Band 1 (2100MHz),-81.4,-11.4,8.1,78.5,39.4,151.8
2026-07-16 19:00:00,HELS-011-3,HELS-011,Band 1 (2100MHz),-83.5,-12.6,14.9,75.2,46.3,122.2
2026-07-16 19:00:00,HELS-012-1,HELS-012,Band 3 (1800MHz),-82.7,-13.9,18.0,85.7,51.1,130.9
2026-07-16 19:00:00,HELS-012-2,HELS-012,Band 3 (1800MHz),-96.6,-15.3,3.0,100.0,46.0,117.7
2026-07-16 19:00:00,HELS-012-3,HELS-012,Band 3 (1800MHz),-85.0,-10.3,17.6,71.5,46.3,113.1
2026-07-16 19:00:00,HELS-013-1,HELS-013,Band 1 (2100MHz),-81.4,-11.7,10.8,100.0,52.0,156.0
2026-07-16 19:00:00,HELS-013-2,HELS-013,Band 1 (2100MHz),-86.1,-8.2,12.6,93.9,55.9,133.7
2026-07-16 19:00:00,HELS-013-3,HELS-013,Band 1 (2100MHz),-91.8,-13.8,20.1,91.0,50.2,133.4
2026-07-16 19:00:00,HELS-014-1,HELS-014,Band 3 (1800MHz),-80.4,-9.6,19.7,97.7,34.5,121.0
2026-07-16 19:00:00,HELS-014-2,HELS-014,Band 3 (1800MHz),-92.4,-11.9,15.6,88.1,55.2,125.5
2026-07-16 19:00:00,HELS-014-3,HELS-014,Band 3 (1800MHz),-84.3,-13.6,14.6,93.3,40.3,85.5
2026-07-16 20:00:00,HELS-001-1,HELS-001,Band 1 (2100MHz),-80.2,-13.4,16.7,79.0,50.6,112.3
2026-07-16 20:00:00,HELS-001-2,HELS-001,Band 1 (2100MHz),-95.8,-15.2,-5.8,76.5,42.5,129.3
2026-07-16 20:00:00,HELS-001-3,HELS-001,Band 1 (2100MHz),-88.7,-20.0,2.5,80.6,45.2,120.2
2026-07-16 20:00:00,HELS-002-1,HELS-002,Band 3 (1800MHz),-85.0,-14.3,19.3,74.6,55.1,94.3
2026-07-16 20:00:00,HELS-002-2,HELS-002,Band 3 (1800MHz),-87.3,-7.7,11.2,100.0,43.3,138.8
2026-07-16 20:00:00,HELS-002-3,HELS-002,Band 3 (1800MHz),-86.4,-11.3,17.0,90.6,41.5,160.8
2026-07-16 20:00:00,HELS-003-1,HELS-003,Band 1 (2100MHz),-82.8,-9.7,21.9,80.5,56.9,101.4
2026-07-16 20:00:00,HELS-003-2,HELS-003,Band 1 (2100MHz),-79.5,-11.6,18.9,66.0,42.3,101.8
2026-07-16 20:00:00,HELS-003-3,HELS-003,Band 1 (2100MHz),-84.7,-10.7,16.6,100.0,39.4,82.5
2026-07-16 20:00:00,HELS-004-1,HELS-004,Band 3 (1800MHz),-87.6,-13.2,12.2,73.9,45.2,107.7
2026-07-16 20:00:00,HELS-004-2,HELS-004,Band 3 (1800MHz),-91.9,-11.2,16.9,85.0,49.9,100.8
2026-07-16 20:00:00,HELS-004-3,HELS-004,Band 3 (1800MHz),-85.0,-10.5,18.1,70.0,47.6,104.0
2026-07-16 20:00:00,HELS-005-1,HELS-005,Band 1 (2100MHz),-103.9,-16.6,6.1,85.3,48.6,109.2
2026-07-16 20:00:00,HELS-005-2,HELS-005,Band 1 (2100MHz),-82.3,-11.1,16.0,72.2,46.1,118.5
2026-07-16 20:00:00,HELS-005-3,HELS-005,Band 1 (2100MHz),-84.9,-10.6,9.2,73.5,31.0,106.2
2026-07-16 20:00:00,HELS-006-1,HELS-006,Band 3 (1800MHz),-86.9,-7.9,8.8,80.3,35.1,137.0
2026-07-16 20:00:00,HELS-006-2,HELS-006,Band 3 (1800MHz),-77.6,-11.1,6.6,98.5,36.4,104.1
2026-07-16 20:00:00,HELS-006-3,HELS-006,Band 3 (1800MHz),-89.1,-11.0,11.7,80.6,46.8,141.1
2026-07-16 20:00:00,HELS-007-1,HELS-007,Band 1 (2100MHz),-84.9,-13.8,17.3,71.0,46.2,108.3
2026-07-16 20:00:00,HELS-007-2,HELS-007,Band 1 (2100MHz),-83.0,-14.0,13.7,88.3,42.5,113.1
2026-07-16 20:00:00,HELS-007-3,HELS-007,Band 1 (2100MHz),-88.6,-13.6,11.4,84.2,22.5,153.8
2026-07-16 20:00:00,HELS-008-1,HELS-008,Band 3 (1800MHz),-87.4,-9.9,16.9,73.4,41.4,125.3
2026-07-16 20:00:00,HELS-008-2,HELS-008,Band 3 (1800MHz),-86.0,-12.8,10.3,77.4,43.4,101.9
2026-07-16 20:00:00,HELS-008-3,HELS-008,Band 3 (1800MHz),-82.6,-12.7,13.7,75.2,40.4,118.2
2026-07-16 20:00:00,HELS-009-1,HELS-009,Band 1 (2100MHz),-83.9,-12.8,18.6,60.6,55.3,131.2
2026-07-16 20:00:00,HELS-009-2,HELS-009,Band 1 (2100MHz),-88.8,-10.9,17.4,84.1,49.2,117.7
2026-07-16 20:00:00,HELS-009-3,HELS-009,Band 1 (2100MHz),-82.0,-13.7,15.7,55.8,45.8,137.1
2026-07-16 20:00:00,HELS-010-1,HELS-010,Band 3 (1800MHz),-86.0,-12.0,7.8,75.2,39.2,98.7
2026-07-16 20:00:00,HELS-010-2,HELS-010,Band 3 (1800MHz),-77.5,-10.6,14.6,67.1,44.2,136.8
2026-07-16 20:00:00,HELS-010-3,HELS-010,Band 3 (1800MHz),-88.4,-9.4,7.7,67.9,58.1,117.2
2026-07-16 20:00:00,HELS-011-1,HELS-011,Band 1 (2100MHz),-87.3,-14.2,13.3,71.1,40.4,125.9
2026-07-16 20:00:00,HELS-011-2,HELS-011,Band 1 (2100MHz),-84.4,-12.0,15.0,76.9,37.9,116.7
2026-07-16 20:00:00,HELS-011-3,HELS-011,Band 1 (2100MHz),-84.9,-10.1,18.0,80.3,48.9,136.7
2026-07-16 20:00:00,HELS-012-1,HELS-012,Band 3 (1800MHz),-83.1,-11.2,9.6,72.6,47.5,100.9
2026-07-16 20:00:00,HELS-012-2,HELS-012,Band 3 (1800MHz),-107.4,-14.5,3.5,54.8,48.4,102.2
2026-07-16 20:00:00,HELS-012-3,HELS-012,Band 3 (1800MHz),-84.8,-12.7,13.3,64.2,33.6,135.5
2026-07-16 20:00:00,HELS-013-1,HELS-013,Band 1 (2100MHz),-80.4,-13.6,5.4,79.5,43.4,133.1
2026-07-16 20:00:00,HELS-013-2,HELS-013,Band 1 (2100MHz),-81.6,-10.8,2.4,62.3,42.1,133.6
2026-07-16 20:00:00,HELS-013-3,HELS-013,Band 1 (2100MHz),-83.4,-13.8,3.2,62.7,44.3,102.8
2026-07-16 20:00:00,HELS-014-1,HELS-014,Band 3 (1800MHz),-79.4,-12.0,11.8,82.6,53.7,114.9
2026-07-16 20:00:00,HELS-014-2,HELS-014,Band 3 (1800MHz),-85.0,-12.2,19.2,79.6,43.5,114.1
2026-07-16 20:00:00,HELS-014-3,HELS-014,Band 3 (1800MHz),-79.5,-12.3,12.1,98.1,50.5,125.2
2026-07-16 21:00:00,HELS-001-1,HELS-001,Band 1 (2100MHz),-82.9,-9.1,11.1,21.9,19.5,47.0
2026-07-16 21:00:00,HELS-001-2,HELS-001,Band 1 (2100MHz),-101.6,-14.8,8.3,17.4,9.8,11.3
2026-07-16 21:00:00,HELS-001-3,HELS-001,Band 1 (2100MHz),-102.4,-12.4,4.0,40.6,2.2,40.6
2026-07-16 21:00:00,HELS-002-1,HELS-002,Band 3 (1800MHz),-86.1,-10.9,16.5,23.5,2.2,58.1
2026-07-16 21:00:00,HELS-002-2,HELS-002,Band 3 (1800MHz),-81.6,-5.7,14.5,34.9,22.0,69.0
2026-07-16 21:00:00,HELS-002-3,HELS-002,Band 3 (1800MHz),-79.5,-10.7,9.5,33.2,12.7,24.8
2026-07-16 21:00:00,HELS-003-1,HELS-003,Band 1 (2100MHz),-81.2,-11.6,16.2,15.3,18.0,46.7
2026-07-16 21:00:00,HELS-003-2,HELS-003,Band 1 (2100MHz),-81.1,-5.6,20.4,29.5,8.9,0.0
2026-07-16 21:00:00,HELS-003-3,HELS-003,Band 1 (2100MHz),-91.5,-9.7,13.9,44.0,3.4,6.3
2026-07-16 21:00:00,HELS-004-1,HELS-004,Band 3 (1800MHz),-76.5,-5.7,10.1,8.6,9.4,19.2
2026-07-16 21:00:00,HELS-004-2,HELS-004,Band 3 (1800MHz),-81.4,-12.1,17.5,11.6,0.0,78.8
2026-07-16 21:00:00,HELS-004-3,HELS-004,Band 3 (1800MHz),-86.2,-11.2,15.5,3.9,1.1,12.6
2026-07-16 21:00:00,HELS-005-1,HELS-005,Band 1 (2100MHz),-104.7,-13.1,8.1,26.1,11.9,0.0
2026-07-16 21:00:00,HELS-005-2,HELS-005,Band 1 (2100MHz),-86.3,-8.5,18.1,10.5,13.0,36.2
2026-07-16 21:00:00,HELS-005-3,HELS-005,Band 1 (2100MHz),-86.4,-8.3,10.5,25.2,22.0,16.1
2026-07-16 21:00:00,HELS-006-1,HELS-006,Band 3 (1800MHz),-82.1,-4.4,8.6,9.3,14.7,26.5
2026-07-16 21:00:00,HELS-006-2,HELS-006,Band 3 (1800MHz),-84.8,-4.0,7.2,34.7,12.4,6.6
2026-07-16 21:00:00,HELS-006-3,HELS-006,Band 3 (1800MHz),-85.5,-6.0,8.3,19.2,2.6,75.0
2026-07-16 21:00:00,HELS-007-1,HELS-007,Band 1 (2100MHz),-89.5,-8.0,17.3,15.4,24.5,29.6
2026-07-16 21:00:00,HELS-007-2,HELS-007,Band 1 (2100MHz),-87.7,-8.2,11.3,9.8,8.0,35.0
2026-07-16 21:00:00,HELS-007-3,HELS-007,Band 1 (2100MHz),-81.5,-11.6,13.4,21.0,15.2,64.0
2026-07-16 21:00:00,HELS-008-1,HELS-008,Band 3 (1800MHz),-88.0,-7.1,11.8,3.5,27.4,12.3
2026-07-16 21:00:00,HELS-008-2,HELS-008,Band 3 (1800MHz),-82.2,-10.3,16.6,21.0,0.0,26.4
2026-07-16 21:00:00,HELS-008-3,HELS-008,Band 3 (1800MHz),-81.4,-7.6,9.3,22.4,15.8,19.4
2026-07-16 21:00:00,HELS-009-1,HELS-009,Band 1 (2100MHz),-84.6,-11.5,21.7,32.9,9.9,70.5
2026-07-16 21:00:00,HELS-009-2,HELS-009,Band 1 (2100MHz),-79.0,-9.9,18.3,31.2,13.8,44.8
2026-07-16 21:00:00,HELS-009-3,HELS-009,Band 1 (2100MHz),-85.7,-8.8,11.0,4.4,26.2,13.3
2026-07-16 21:00:00,HELS-010-1,HELS-010,Band 3 (1800MHz),-84.5,-11.1,11.2,20.6,13.7,17.8
2026-07-16 21:00:00,HELS-010-2,HELS-010,Band 3 (1800MHz),-86.5,-7.5,4.3,25.0,4.8,30.6
2026-07-16 21:00:00,HELS-010-3,HELS-010,Band 3 (1800MHz),-94.3,-7.4,18.2,18.1,10.5,67.5
2026-07-16 21:00:00,HELS-011-1,HELS-011,Band 1 (2100MHz),-78.0,-7.8,13.8,16.3,6.0,28.3
2026-07-16 21:00:00,HELS-011-2,HELS-011,Band 1 (2100MHz),-82.7,-6.7,16.9,16.9,1.3,31.5
2026-07-16 21:00:00,HELS-011-3,HELS-011,Band 1 (2100MHz),-83.5,-14.1,10.8,20.8,12.7,0.0
2026-07-16 21:00:00,HELS-012-1,HELS-012,Band 3 (1800MHz),-91.0,-5.9,16.7,11.9,22.5,0.0
2026-07-16 21:00:00,HELS-012-2,HELS-012,Band 3 (1800MHz),-100.6,-13.7,13.6,26.7,4.7,46.1
2026-07-16 21:00:00,HELS-012-3,HELS-012,Band 3 (1800MHz),-78.3,-7.4,21.8,28.7,2.4,69.9
2026-07-16 21:00:00,HELS-013-1,HELS-013,Band 1 (2100MHz),-82.9,-6.6,16.3,0.0,24.5,39.8
2026-07-16 21:00:00,HELS-013-2,HELS-013,Band 1 (2100MHz),-79.5,-6.7,20.9,27.7,29.1,17.9
2026-07-16 21:00:00,HELS-013-3,HELS-013,Band 1 (2100MHz),-89.9,-4.2,13.9,15.2,0.4,43.2
2026-07-16 21:00:00,HELS-014-1,HELS-014,Band 3 (1800MHz),-86.4,-7.5,7.4,4.9,9.1,49.1
2026-07-16 21:00:00,HELS-014-2,HELS-014,Band 3 (1800MHz),-86.3,-6.6,13.7,26.0,0.0,43.0
2026-07-16 21:00:00,HELS-014-3,HELS-014,Band 3 (1800MHz),-79.8,-6.8,4.3,1.2,25.1,12.6
2026-07-16 22:00:00,HELS-001-1,HELS-001,Band 1 (2100MHz),-85.0,-8.1,13.3,2.9,10.4,3.2
2026-07-16 22:00:00,HELS-001-2,HELS-001,Band 1 (2100MHz),-96.8,-9.9,-0.0,18.5,0.0,13.4
2026-07-16 22:00:00,HELS-001-3,HELS-001,Band 1 (2100MHz),-96.3,-12.4,1.3,2.1,0.0,8.0
2026-07-16 22:00:00,HELS-002-1,HELS-002,Band 3 (1800MHz),-83.7,-6.6,11.3,22.2,0.0,0.0
2026-07-16 22:00:00,HELS-002-2,HELS-002,Band 3 (1800MHz),-81.1,-12.1,12.9,7.3,0.0,28.8
2026-07-16 22:00:00,HELS-002-3,HELS-002,Band 3 (1800MHz),-72.3,-8.0,13.6,3.8,0.0,32.0
2026-07-16 22:00:00,HELS-003-1,HELS-003,Band 1 (2100MHz),-88.4,-8.1,5.6,0.0,7.6,50.4
2026-07-16 22:00:00,HELS-003-2,HELS-003,Band 1 (2100MHz),-78.9,-9.1,11.2,0.0,0.0,6.4
2026-07-16 22:00:00,HELS-003-3,HELS-003,Band 1 (2100MHz),-86.9,-9.4,7.9,7.9,16.5,22.7
2026-07-16 22:00:00,HELS-004-1,HELS-004,Band 3 (1800MHz),-88.3,-8.2,19.4,34.4,4.1,0.0
2026-07-16 22:00:00,HELS-004-2,HELS-004,Band 3 (1800MHz),-77.2,-10.6,12.9,27.2,3.2,0.0
2026-07-16 22:00:00,HELS-004-3,HELS-004,Band 3 (1800MHz),-87.8,-8.0,15.0,27.4,13.5,0.0
2026-07-16 22:00:00,HELS-005-1,HELS-005,Band 1 (2100MHz),-92.8,-10.6,-7.5,7.6,12.3,42.6
2026-07-16 22:00:00,HELS-005-2,HELS-005,Band 1 (2100MHz),-88.3,-8.6,2.6,0.0,2.7,0.0
2026-07-16 22:00:00,HELS-005-3,HELS-005,Band 1 (2100MHz),-80.2,-6.2,16.8,20.4,0.0,66.6
2026-07-16 22:00:00,HELS-006-1,HELS-006,Band 3 (1800MHz),-87.4,-12.0,21.1,0.0,0.0,0.0
2026-07-16 22:00:00,HELS-006-2,HELS-006,Band 3 (1800MHz),-83.3,-7.7,14.6,11.2,3.8,33.0
2026-07-16 22:00:00,HELS-006-3,HELS-006,Band 3 (1800MHz),-87.1,-9.1,21.5,15.7,4.9,58.2
2026-07-16 22:00:00,HELS-007-1,HELS-007,Band 1 (2100MHz),-76.7,-12.3,15.3,8.8,1.5,9.3
2026-07-16 22:00:00,HELS-007-2,HELS-007,Band 1 (2100MHz),-85.8,-7.7,10.7,4.1,6.6,13.9
2026-07-16 22:00:00,HELS-007-3,HELS-007,Band 1 (2100MHz),-84.5,-7.3,8.5,39.5,12.4,0.0
2026-07-16 22:00:00,HELS-008-1,HELS-008,Band 3 (1800MHz),-79.3,-7.0,10.0,18.3,16.4,18.0
2026-07-16 22:00:00,HELS-008-2,HELS-008,Band 3 (1800MHz),-85.8,-8.6,12.7,25.7,3.3,54.7
2026-07-16 22:00:00,HELS-008-3,HELS-008,Band 3 (1800MHz),-84.3,-8.8,11.4,17.7,0.0,0.0
2026-07-16 22:00:00,HELS-009-1,HELS-009,Band 1 (2100MHz),-87.0,-10.7,18.4,25.7,11.2,39.9
2026-07-16 22:00:00,HELS-009-2,HELS-009,Band 1 (2100MHz),-81.8,-6.0,11.3,5.1,7.7,8.3
2026-07-16 22:00:00,HELS-009-3,HELS-009,Band 1 (2100MHz),-85.7,-11.3,14.1,0.0,0.0,46.8
2026-07-16 22:00:00,HELS-010-1,HELS-010,Band 3 (1800MHz),-81.0,-4.0,10.6,0.0,0.0,18.7
2026-07-16 22:00:00,HELS-010-2,HELS-010,Band 3 (1800MHz),-82.2,-12.2,15.5,23.1,5.5,2.5
2026-07-16 22:00:00,HELS-010-3,HELS-010,Band 3 (1800MHz),-81.4,-6.7,15.6,21.0,16.5,3.0
2026-07-16 22:00:00,HELS-011-1,HELS-011,Band 1 (2100MHz),-84.9,-6.5,6.0,12.7,0.0,24.6
2026-07-16 22:00:00,HELS-011-2,HELS-011,Band 1 (2100MHz),-77.6,-10.7,23.3,0.0,22.4,3.5
2026-07-16 22:00:00,HELS-011-3,HELS-011,Band 1 (2100MHz),-84.5,-5.6,11.3,23.8,7.4,35.4
2026-07-16 22:00:00,HELS-012-1,HELS-012,Band 3 (1800MHz),-84.3,-5.7,12.0,0.0,1.9,33.5
2026-07-16 22:00:00,HELS-012-2,HELS-012,Band 3 (1800MHz),-96.0,-9.8,10.3,4.7,1.9,34.3
2026-07-16 22:00:00,HELS-012-3,HELS-012,Band 3 (1800MHz),-89.0,-5.6,6.9,14.1,20.8,8.8
2026-07-16 22:00:00,HELS-013-1,HELS-013,Band 1 (2100MHz),-83.0,-6.3,13.9,8.8,13.0,51.7
2026-07-16 22:00:00,HELS-013-2,HELS-013,Band 1 (2100MHz),-77.6,-6.6,9.4,14.2,1.0,21.2
2026-07-16 22:00:00,HELS-013-3,HELS-013,Band 1 (2100MHz),-87.3,-7.9,12.8,11.0,8.5,27.3
2026-07-16 22:00:00,HELS-014-1,HELS-014,Band 3 (1800MHz),-87.5,-10.0,16.6,9.2,7.3,0.0
2026-07-16 22:00:00,HELS-014-2,HELS-014,Band 3 (1800MHz),-81.5,-11.3,14.9,8.6,16.2,12.7
2026-07-16 22:00:00,HELS-014-3,HELS-014,Band 3 (1800MHz),-74.2,-11.9,18.4,23.3,0.6,0.0
2026-07-16 23:00:00,HELS-001-1,HELS-001,Band 1 (2100MHz),-89.3,-7.6,15.5,18.1,2.4,9.9
2026-07-16 23:00:00,HELS-001-2,HELS-001,Band 1 (2100MHz),-96.6,-11.6,10.9,28.1,0.0,30.9
2026-07-16 23:00:00,HELS-001-3,HELS-001,Band 1 (2100MHz),-104.9,-9.2,8.4,1.9,17.0,0.0
2026-07-16 23:00:00,HELS-002-1,HELS-002,Band 3 (1800MHz),-82.1,-10.5,11.7,0.6,2.5,12.0
2026-07-16 23:00:00,HELS-002-2,HELS-002,Band 3 (1800MHz),-90.3,-7.0,7.6,14.8,11.5,31.8
2026-07-16 23:00:00,HELS-002-3,HELS-002,Band 3 (1800MHz),-81.4,-7.8,14.0,0.0,0.0,36.1
2026-07-16 23:00:00,HELS-003-1,HELS-003,Band 1 (2100MHz),-83.9,-8.8,16.3,5.2,8.9,6.4
2026-07-16 23:00:00,HELS-003-2,HELS-003,Band 1 (2100MHz),-83.3,-7.4,12.9,6.9,11.2,37.0
2026-07-16 23:00:00,HELS-003-3,HELS-003,Band 1 (2100MHz),-84.4,-10.5,13.5,1.1,4.4,0.0
2026-07-16 23:00:00,HELS-004-1,HELS-004,Band 3 (1800MHz),-83.4,-8.6,10.1,12.7,5.7,0.0
2026-07-16 23:00:00,HELS-004-2,HELS-004,Band 3 (1800MHz),-81.6,-7.3,8.5,2.9,1.1,34.9
2026-07-16 23:00:00,HELS-004-3,HELS-004,Band 3 (1800MHz),-78.7,-5.8,10.8,0.1,12.9,19.3
2026-07-16 23:00:00,HELS-005-1,HELS-005,Band 1 (2100MHz),-94.2,-12.0,-4.9,16.8,4.4,32.8
2026-07-16 23:00:00,HELS-005-2,HELS-005,Band 1 (2100MHz),-84.5,-6.4,23.4,0.0,0.0,0.0
2026-07-16 23:00:00,HELS-005-3,HELS-005,Band 1 (2100MHz),-85.1,-10.8,15.0,4.4,5.1,1.9
2026-07-16 23:00:00,HELS-006-1,HELS-006,Band 3 (1800MHz),-83.4,-4.6,8.1,0.0,0.0,14.8
2026-07-16 23:00:00,HELS-006-2,HELS-006,Band 3 (1800MHz),-85.0,-9.8,20.6,6.7,4.2,20.2
2026-07-16 23:00:00,HELS-006-3,HELS-006,Band 3 (1800MHz),-81.0,-7.0,12.3,23.3,19.9,1.0
2026-07-16 23:00:00,HELS-007-1,HELS-007,Band 1 (2100MHz),-87.4,-7.7,17.2,0.0,5.4,36.9
2026-07-16 23:00:00,HELS-007-2,HELS-007,Band 1 (2100MHz),-88.1,-5.4,15.7,8.2,11.7,8.2
2026-07-16 23:00:00,HELS-007-3,HELS-007,Band 1 (2100MHz),-82.6,-8.6,6.8,4.2,6.2,25.3
2026-07-16 23:00:00,HELS-008-1,HELS-008,Band 3 (1800MHz),-90.3,-7.6,8.3,0.4,0.0,0.0
2026-07-16 23:00:00,HELS-008-2,HELS-008,Band 3 (1800MHz),-88.9,-8.2,13.0,15.7,0.0,0.0
2026-07-16 23:00:00,HELS-008-3,HELS-008,Band 3 (1800MHz),-82.0,-9.6,11.9,0.0,0.0,15.1
2026-07-16 23:00:00,HELS-009-1,HELS-009,Band 1 (2100MHz),-89.0,-10.2,8.2,0.0,1.5,18.1
2026-07-16 23:00:00,HELS-009-2,HELS-009,Band 1 (2100MHz),-86.5,-8.7,22.5,13.7,26.2,28.4
2026-07-16 23:00:00,HELS-009-3,HELS-009,Band 1 (2100MHz),-88.4,-6.0,4.0,19.3,22.7,1.3
2026-07-16 23:00:00,HELS-010-1,HELS-010,Band 3 (1800MHz),-74.2,-8.9,5.1,10.7,0.0,36.9
2026-07-16 23:00:00,HELS-010-2,HELS-010,Band 3 (1800MHz),-77.7,-9.4,14.0,0.0,0.0,18.4
2026-07-16 23:00:00,HELS-010-3,HELS-010,Band 3 (1800MHz),-81.9,-8.4,20.2,8.4,10.9,12.1
2026-07-16 23:00:00,HELS-011-1,HELS-011,Band 1 (2100MHz),-88.2,-10.5,11.9,7.4,9.6,0.0
2026-07-16 23:00:00,HELS-011-2,HELS-011,Band 1 (2100MHz),-79.7,-7.8,12.0,1.7,2.4,22.6
2026-07-16 23:00:00,HELS-011-3,HELS-011,Band 1 (2100MHz),-90.7,-9.0,13.6,3.6,3.3,21.6
2026-07-16 23:00:00,HELS-012-1,HELS-012,Band 3 (1800MHz),-91.2,-9.4,14.1,20.0,7.8,0.0
2026-07-16 23:00:00,HELS-012-2,HELS-012,Band 3 (1800MHz),-96.9,-11.4,11.6,17.1,15.0,43.0
2026-07-16 23:00:00,HELS-012-3,HELS-012,Band 3 (1800MHz),-83.3,-5.1,12.5,7.6,18.2,37.3
2026-07-16 23:00:00,HELS-013-1,HELS-013,Band 1 (2100MHz),-93.9,-8.1,11.1,4.5,12.7,0.0
2026-07-16 23:00:00,HELS-013-2,HELS-013,Band 1 (2100MHz),-88.0,-3.7,13.0,18.0,4.7,48.3
2026-07-16 23:00:00,HELS-013-3,HELS-013,Band 1 (2100MHz),-81.3,-11.9,3.3,10.3,2.0,25.9
2026-07-16 23:00:00,HELS-014-1,HELS-014,Band 3 (1800MHz),-80.8,-5.9,12.7,0.0,7.2,48.2
2026-07-16 23:00:00,HELS-014-2,HELS-014,Band 3 (1800MHz),-84.2,-8.2,10.1,29.3,9.2,6.6
2026-07-16 23:00:00,HELS-014-3,HELS-014,Band 3 (1800MHz),-82.4,-10.9,10.0,1.7,11.2,33.1
2026-07-17 00:00:00,HELS-001-1,HELS-001,Band 1 (2100MHz),-88.2,-4.6,16.7,16.4,6.3,0.0
2026-07-17 00:00:00,HELS-001-2,HELS-001,Band 1 (2100MHz),-88.6,-10.2,-1.2,0.6,3.4,36.0
2026-07-17 00:00:00,HELS-001-3,HELS-001,Band 1 (2100MHz),-95.3,-12.1,12.0,0.0,4.5,27.9
2026-07-17 00:00:00,HELS-002-1,HELS-002,Band 3 (1800MHz),-91.6,-8.5,9.4,20.3,5.1,31.3
2026-07-17 00:00:00,HELS-002-2,HELS-002,Band 3 (1800MHz),-80.8,-8.3,9.1,10.0,13.2,16.2
2026-07-17 00:00:00,HELS-002-3,HELS-002,Band 3 (1800MHz),-82.0,-8.9,12.0,21.1,8.6,0.0
2026-07-17 00:00:00,HELS-003-1,HELS-003,Band 1 (2100MHz),-85.4,-10.4,12.8,21.7,0.0,36.8
2026-07-17 00:00:00,HELS-003-2,HELS-003,Band 1 (2100MHz),-81.0,-9.9,7.2,1.4,0.0,17.4
2026-07-17 00:00:00,HELS-003-3,HELS-003,Band 1 (2100MHz),-88.2,-4.2,19.1,22.1,0.0,37.9
2026-07-17 00:00:00,HELS-004-1,HELS-004,Band 3 (1800MHz),-82.2,-6.7,9.5,10.5,11.3,15.3
2026-07-17 00:00:00,HELS-004-2,HELS-004,Band 3 (1800MHz),-78.0,-9.0,16.2,13.9,0.0,0.0
2026-07-17 00:00:00,HELS-004-3,HELS-004,Band 3 (1800MHz),-91.1,-8.7,6.6,31.6,9.3,47.2
2026-07-17 00:00:00,HELS-005-1,HELS-005,Band 1 (2100MHz),-95.1,-11.8,7.8,4.3,13.7,9.9
2026-07-17 00:00:00,HELS-005-2,HELS-005,Band 1 (2100MHz),-82.4,-6.1,15.5,5.4,11.2,16.5
2026-07-17 00:00:00,HELS-005-3,HELS-005,Band 1 (2100MHz),-77.7,-8.6,11.2,0.0,0.0,0.0
2026-07-17 00:00:00,HELS-006-1,HELS-006,Band 3 (1800MHz),-76.0,-6.6,9.9,5.0,2.4,11.4
2026-07-17 00:00:00,HELS-006-2,HELS-006,Band 3 (1800MHz),-78.3,-5.3,10.8,12.8,0.0,6.7
2026-07-17 00:00:00,HELS-006-3,HELS-006,Band 3 (1800MHz),-83.5,-10.5,8.5,7.7,0.0,25.5
2026-07-17 00:00:00,HELS-007-1,HELS-007,Band 1 (2100MHz),-84.5,-6.6,12.7,23.3,7.8,25.9
2026-07-17 00:00:00,HELS-007-2,HELS-007,Band 1 (2100MHz),-83.5,-9.0,7.6,0.0,19.0,9.9
2026-07-17 00:00:00,HELS-007-3,HELS-007,Band 1 (2100MHz),-83.6,-8.4,14.3,0.0,0.0,37.5
2026-07-17 00:00:00,HELS-008-1,HELS-008,Band 3 (1800MHz),-84.6,-8.9,13.2,4.4,0.0,14.8
2026-07-17 00:00:00,HELS-008-2,HELS-008,Band 3 (1800MHz),-84.5,-9.1,15.7,9.6,0.0,13.4
2026-07-17 00:00:00,HELS-008-3,HELS-008,Band 3 (1800MHz),-81.2,-6.2,14.2,20.3,10.8,17.0
2026-07-17 00:00:00,HELS-009-1,HELS-009,Band 1 (2100MHz),-86.2,-7.6,9.4,11.0,9.0,0.0
2026-07-17 00:00:00,HELS-009-2,HELS-009,Band 1 (2100MHz),-84.0,-10.6,13.0,0.0,0.0,5.9
2026-07-17 00:00:00,HELS-009-3,HELS-009,Band 1 (2100MHz),-76.8,-6.8,8.7,0.0,6.8,0.0
2026-07-17 00:00:00,HELS-010-1,HELS-010,Band 3 (1800MHz),-83.2,-8.6,9.1,26.5,9.2,0.0
2026-07-17 00:00:00,HELS-010-2,HELS-010,Band 3 (1800MHz),-85.3,-8.8,12.7,11.8,6.0,3.5
2026-07-17 00:00:00,HELS-010-3,HELS-010,Band 3 (1800MHz),-77.5,-7.3,13.7,0.0,4.5,0.0
2026-07-17 00:00:00,HELS-011-1,HELS-011,Band 1 (2100MHz),-84.9,-9.3,14.0,6.7,0.0,14.5
2026-07-17 00:00:00,HELS-011-2,HELS-011,Band 1 (2100MHz),-88.9,-7.0,18.1,13.8,0.0,0.0
2026-07-17 00:00:00,HELS-011-3,HELS-011,Band 1 (2100MHz),-84.2,-4.8,14.4,26.4,18.4,17.1
2026-07-17 00:00:00,HELS-012-1,HELS-012,Band 3 (1800MHz),-80.1,-7.4,12.0,19.4,14.0,54.0
2026-07-17 00:00:00,HELS-012-2,HELS-012,Band 3 (1800MHz),-98.7,-11.7,0.5,17.3,13.9,29.7
2026-07-17 00:00:00,HELS-012-3,HELS-012,Band 3 (1800MHz),-85.8,-7.3,17.9,28.0,0.0,26.7
2026-07-17 00:00:00,HELS-013-1,HELS-013,Band 1 (2100MHz),-82.3,-11.2,12.6,0.0,14.9,55.3
2026-07-17 00:00:00,HELS-013-2,HELS-013,Band 1 (2100MHz),-91.1,-5.3,21.2,15.2,0.0,24.1
2026-07-17 00:00:00,HELS-013-3,HELS-013,Band 1 (2100MHz),-85.1,-11.0,14.1,7.6,5.8,16.0
2026-07-17 00:00:00,HELS-014-1,HELS-014,Band 3 (1800MHz),-77.6,-10.3,6.9,18.0,0.0,21.7
2026-07-17 00:00:00,HELS-014-2,HELS-014,Band 3 (1800MHz),-92.9,-9.6,5.1,12.2,8.4,2.0
2026-07-17 00:00:00,HELS-014-3,HELS-014,Band 3 (1800MHz),-83.0,-9.8,8.8,0.0,3.7,17.5
2026-07-17 01:00:00,HELS-001-1,HELS-001,Band 1 (2100MHz),-81.8,-10.6,15.9,1.3,0.0,14.7
2026-07-17 01:00:00,HELS-001-2,HELS-001,Band 1 (2100MHz),-99.8,-11.7,6.1,11.1,15.0,32.4
2026-07-17 01:00:00,HELS-001-3,HELS-001,Band 1 (2100MHz),-93.0,-13.5,3.4,2.7,2.8,0.0
2026-07-17 01:00:00,HELS-002-1,HELS-002,Band 3 (1800MHz),-78.3,-7.8,14.0,1.6,7.9,30.1
2026-07-17 01:00:00,HELS-002-2,HELS-002,Band 3 (1800MHz),-83.4,-6.6,13.6,0.0,13.8,13.7
2026-07-17 01:00:00,HELS-002-3,HELS-002,Band 3 (1800MHz),-76.5,-11.0,2.4,28.3,1.2,14.0
2026-07-17 01:00:00,HELS-003-1,HELS-003,Band 1 (2100MHz),-82.1,-8.3,12.5,13.6,0.0,44.8
2026-07-17 01:00:00,HELS-003-2,HELS-003,Band 1 (2100MHz),-81.5,-11.4,13.5,6.1,0.0,34.1
2026-07-17 01:00:00,HELS-003-3,HELS-003,Band 1 (2100MHz),-87.1,-6.8,11.3,0.0,0.0,16.7
2026-07-17 01:00:00,HELS-004-1,HELS-004,Band 3 (1800MHz),-75.6,-9.1,10.2,19.0,0.0,26.9
2026-07-17 01:00:00,HELS-004-2,HELS-004,Band 3 (1800MHz),-84.9,-6.2,19.6,17.8,14.8,9.6
2026-07-17 01:00:00,HELS-004-3,HELS-004,Band 3 (1800MHz),-87.5,-5.7,14.3,0.0,3.4,33.4
2026-07-17 01:00:00,HELS-005-1,HELS-005,Band 1 (2100MHz),-95.3,-10.6,-3.4,27.1,27.6,27.8
2026-07-17 01:00:00,HELS-005-2,HELS-005,Band 1 (2100MHz),-83.5,-9.8,14.0,16.8,9.2,21.9
2026-07-17 01:00:00,HELS-005-3,HELS-005,Band 1 (2100MHz),-76.6,-5.9,6.0,14.2,1.4,50.9
2026-07-17 01:00:00,HELS-006-1,HELS-006,Band 3 (1800MHz),-83.0,-6.2,15.4,2.3,7.6,13.3
2026-07-17 01:00:00,HELS-006-2,HELS-006,Band 3 (1800MHz),-84.0,-10.2,6.1,2.6,5.1,38.5
2026-07-17 01:00:00,HELS-006-3,HELS-006,Band 3 (1800MHz),-84.8,-9.8,18.5,0.0,0.0,1.9
2026-07-17 01:00:00,HELS-007-1,HELS-007,Band 1 (2100MHz),-82.2,-7.7,16.6,24.4,0.6,35.5
2026-07-17 01:00:00,HELS-007-2,HELS-007,Band 1 (2100MHz),-86.6,-7.2,9.1,29.0,0.0,5.6
2026-07-17 01:00:00,HELS-007-3,HELS-007,Band 1 (2100MHz),-89.0,-6.2,14.2,0.0,11.0,13.0
2026-07-17 01:00:00,HELS-008-1,HELS-008,Band 3 (1800MHz),-81.8,-7.3,12.3,13.6,28.7,7.2
2026-07-17 01:00:00,HELS-008-2,HELS-008,Band 3 (1800MHz),-81.9,-7.6,15.5,21.6,6.8,20.8
2026-07-17 01:00:00,HELS-008-3,HELS-008,Band 3 (1800MHz),-84.8,-5.6,13.7,12.8,11.3,28.3
2026-07-17 01:00:00,HELS-009-1,HELS-009,Band 1 (2100MHz),-80.8,-5.8,18.5,8.7,9.7,25.6
2026-07-17 01:00:00,HELS-009-2,HELS-009,Band 1 (2100MHz),-86.5,-4.9,14.3,14.3,0.8,0.0
2026-07-17 01:00:00,HELS-009-3,HELS-009,Band 1 (2100MHz),-86.0,-8.1,14.8,13.9,0.0,0.0
2026-07-17 01:00:00,HELS-010-1,HELS-010,Band 3 (1800MHz),-84.6,-8.5,18.5,13.1,6.6,6.3
2026-07-17 01:00:00,HELS-010-2,HELS-010,Band 3 (1800MHz),-85.5,-9.5,12.9,0.0,6.1,23.4
2026-07-17 01:00:00,HELS-010-3,HELS-010,Band 3 (1800MHz),-80.5,-5.0,3.6,12.9,21.4,43.1
2026-07-17 01:00:00,HELS-011-1,HELS-011,Band 1 (2100MHz),-82.9,-11.1,10.7,0.0,6.0,46.8
2026-07-17 01:00:00,HELS-011-2,HELS-011,Band 1 (2100MHz),-83.0,-8.7,6.3,22.6,20.0,32.0
2026-07-17 01:00:00,HELS-011-3,HELS-011,Band 1 (2100MHz),-78.3,-6.9,3.7,18.4,0.0,12.4
2026-07-17 01:00:00,HELS-012-1,HELS-012,Band 3 (1800MHz),-88.3,-3.9,12.0,10.5,0.0,54.1
2026-07-17 01:00:00,HELS-012-2,HELS-012,Band 3 (1800MHz),-97.6,-11.6,5.6,6.0,0.0,5.4
2026-07-17 01:00:00,HELS-012-3,HELS-012,Band 3 (1800MHz),-89.4,-6.7,10.0,0.0,0.3,0.0
2026-07-17 01:00:00,HELS-013-1,HELS-013,Band 1 (2100MHz),-88.7,-7.3,8.9,5.5,24.8,0.0
2026-07-17 01:00:00,HELS-013-2,HELS-013,Band 1 (2100MHz),-82.8,-10.5,20.8,5.5,5.3,55.1
2026-07-17 01:00:00,HELS-013-3,HELS-013,Band 1 (2100MHz),-82.8,-11.4,17.1,15.9,10.6,65.9
2026-07-17 01:00:00,HELS-014-1,HELS-014,Band 3 (1800MHz),-83.8,-6.1,17.5,1.7,14.2,13.4
2026-07-17 01:00:00,HELS-014-2,HELS-014,Band 3 (1800MHz),-85.7,-9.7,14.5,4.3,15.7,1.4
2026-07-17 01:00:00,HELS-014-3,HELS-014,Band 3 (1800MHz),-76.3,-9.6,13.7,0.0,17.8,0.0
2026-07-17 02:00:00,HELS-001-1,HELS-001,Band 1 (2100MHz),-75.8,-5.9,9.3,0.0,24.1,18.6
2026-07-17 02:00:00,HELS-001-2,HELS-001,Band 1 (2100MHz),-92.6,-10.1,7.6,28.2,6.9,24.9
2026-07-17 02:00:00,HELS-001-3,HELS-001,Band 1 (2100MHz),-94.9,-12.6,3.4,14.1,14.2,6.6
2026-07-17 02:00:00,HELS-002-1,HELS-002,Band 3 (1800MHz),-76.7,-7.3,11.9,9.4,0.0,44.3
2026-07-17 02:00:00,HELS-002-2,HELS-002,Band 3 (1800MHz),-78.4,-7.0,20.7,9.6,11.1,23.0
2026-07-17 02:00:00,HELS-002-3,HELS-002,Band 3 (1800MHz),-88.2,-8.7,24.7,21.3,0.0,12.6
2026-07-17 02:00:00,HELS-003-1,HELS-003,Band 1 (2100MHz),-84.4,-8.3,16.0,15.6,16.2,0.0
2026-07-17 02:00:00,HELS-003-2,HELS-003,Band 1 (2100MHz),-82.7,-8.0,14.0,0.0,5.8,30.7
2026-07-17 02:00:00,HELS-003-3,HELS-003,Band 1 (2100MHz),-85.1,-4.6,15.0,15.9,8.8,30.7
2026-07-17 02:00:00,HELS-004-1,HELS-004,Band 3 (1800MHz),-81.0,-5.6,9.8,0.0,0.2,10.3
2026-07-17 02:00:00,HELS-004-2,HELS-004,Band 3 (1800MHz),-86.2,-8.0,11.6,0.0,4.6,15.2
2026-07-17 02:00:00,HELS-004-3,HELS-004,Band 3 (1800MHz),-88.5,-8.1,5.9,9.0,0.0,15.2
2026-07-17 02:00:00,HELS-005-1,HELS-005,Band 1 (2100MHz),-95.7,-13.8,0.4,36.5,0.0,0.0
2026-07-17 02:00:00,HELS-005-2,HELS-005,Band 1 (2100MHz),-86.8,-11.9,7.3,13.5,18.5,16.1
2026-07-17 02:00:00,HELS-005-3,HELS-005,Band 1 (2100MHz),-86.6,-11.0,9.5,0.0,1.6,21.6
2026-07-17 02:00:00,HELS-006-1,HELS-006,Band 3 (1800MHz),-78.2,-5.7,11.5,18.4,0.0,0.0
2026-07-17 02:00:00,HELS-006-2,HELS-006,Band 3 (1800MHz),-89.9,-8.0,21.3,7.4,0.0,0.0
2026-07-17 02:00:00,HELS-006-3,HELS-006,Band 3 (1800MHz),-85.2,-4.3,13.4,18.2,0.0,36.6
2026-07-17 02:00:00,HELS-007-1,HELS-007,Band 1 (2100MHz),-77.0,-7.6,9.8,8.0,5.4,23.8
2026-07-17 02:00:00,HELS-007-2,HELS-007,Band 1 (2100MHz),-85.7,-5.8,8.8,10.0,13.0,0.0
2026-07-17 02:00:00,HELS-007-3,HELS-007,Band 1 (2100MHz),-80.0,-10.1,5.0,6.5,4.8,38.0
2026-07-17 02:00:00,HELS-008-1,HELS-008,Band 3 (1800MHz),-89.4,-10.2,13.9,20.1,9.9,28.4
2026-07-17 02:00:00,HELS-008-2,HELS-008,Band 3 (1800MHz),-80.7,-10.4,13.5,5.2,10.0,43.3
2026-07-17 02:00:00,HELS-008-3,HELS-008,Band 3 (1800MHz),-85.9,-8.7,11.0,31.2,14.4,0.0
2026-07-17 02:00:00,HELS-009-1,HELS-009,Band 1 (2100MHz),-84.6,-9.7,10.5,21.7,0.0,38.5
2026-07-17 02:00:00,HELS-009-2,HELS-009,Band 1 (2100MHz),-84.7,-6.3,19.7,8.7,0.0,11.4
2026-07-17 02:00:00,HELS-009-3,HELS-009,Band 1 (2100MHz),-82.6,-9.5,11.4,7.7,6.8,0.0
2026-07-17 02:00:00,HELS-010-1,HELS-010,Band 3 (1800MHz),-84.2,-3.5,14.7,11.7,13.7,35.7
2026-07-17 02:00:00,HELS-010-2,HELS-010,Band 3 (1800MHz),-73.4,-11.3,14.5,3.0,12.4,26.6
2026-07-17 02:00:00,HELS-010-3,HELS-010,Band 3 (1800MHz),-88.6,-8.4,15.8,3.6,9.0,0.0
2026-07-17 02:00:00,HELS-011-1,HELS-011,Band 1 (2100MHz),-82.8,-9.5,13.9,0.0,0.0,37.5
2026-07-17 02:00:00,HELS-011-2,HELS-011,Band 1 (2100MHz),-78.6,-10.8,4.1,6.6,7.7,30.4
2026-07-17 02:00:00,HELS-011-3,HELS-011,Band 1 (2100MHz),-84.6,-8.4,15.9,16.0,13.9,0.0
2026-07-17 02:00:00,HELS-012-1,HELS-012,Band 3 (1800MHz),-86.4,-4.9,15.3,10.4,2.9,65.3
2026-07-17 02:00:00,HELS-012-2,HELS-012,Band 3 (1800MHz),-102.8,-10.8,7.0,0.0,2.9,17.2
2026-07-17 02:00:00,HELS-012-3,HELS-012,Band 3 (1800MHz),-79.8,-9.0,12.8,13.9,0.0,37.2
2026-07-17 02:00:00,HELS-013-1,HELS-013,Band 1 (2100MHz),-86.6,-9.9,13.4,0.0,0.0,0.0
2026-07-17 02:00:00,HELS-013-2,HELS-013,Band 1 (2100MHz),-83.4,-8.9,2.3,7.8,3.7,21.9
2026-07-17 02:00:00,HELS-013-3,HELS-013,Band 1 (2100MHz),-83.7,-5.9,7.4,9.6,1.6,19.9
2026-07-17 02:00:00,HELS-014-1,HELS-014,Band 3 (1800MHz),-85.1,-6.9,19.0,7.6,21.9,0.0
2026-07-17 02:00:00,HELS-014-2,HELS-014,Band 3 (1800MHz),-89.1,-6.3,18.2,23.8,8.8,71.3
2026-07-17 02:00:00,HELS-014-3,HELS-014,Band 3 (1800MHz),-80.0,-7.9,17.7,13.1,1.0,33.3
2026-07-17 03:00:00,HELS-001-1,HELS-001,Band 1 (2100MHz),-82.8,-4.3,14.0,22.2,8.9,0.0
2026-07-17 03:00:00,HELS-001-2,HELS-001,Band 1 (2100MHz),-100.8,-11.9,-0.4,9.4,21.0,22.1
2026-07-17 03:00:00,HELS-001-3,HELS-001,Band 1 (2100MHz),-87.8,-13.6,12.8,15.0,0.0,0.0
2026-07-17 03:00:00,HELS-002-1,HELS-002,Band 3 (1800MHz),-84.8,-5.0,5.1,0.1,9.6,9.8
2026-07-17 03:00:00,HELS-002-2,HELS-002,Band 3 (1800MHz),-82.1,-5.2,18.0,18.3,2.3,26.6
2026-07-17 03:00:00,HELS-002-3,HELS-002,Band 3 (1800MHz),-89.7,-8.5,6.1,13.7,6.9,76.9
2026-07-17 03:00:00,HELS-003-1,HELS-003,Band 1 (2100MHz),-74.7,-5.6,13.3,8.5,21.6,31.3
2026-07-17 03:00:00,HELS-003-2,HELS-003,Band 1 (2100MHz),-83.4,-7.9,6.1,24.2,0.0,34.7
2026-07-17 03:00:00,HELS-003-3,HELS-003,Band 1 (2100MHz),-85.4,-11.4,10.1,0.0,0.8,16.5
2026-07-17 03:00:00,HELS-004-1,HELS-004,Band 3 (1800MHz),-88.0,-9.2,12.9,10.2,0.0,18.2
2026-07-17 03:00:00,HELS-004-2,HELS-004,Band 3 (1800MHz),-85.4,-7.7,15.0,2.0,0.0,9.9
2026-07-17 03:00:00,HELS-004-3,HELS-004,Band 3 (1800MHz),-75.8,-3.3,15.2,6.5,25.2,25.0
2026-07-17 03:00:00,HELS-005-1,HELS-005,Band 1 (2100MHz),-95.1,-11.0,10.4,4.6,16.5,27.8
2026-07-17 03:00:00,HELS-005-2,HELS-005,Band 1 (2100MHz),-73.3,-9.4,13.0,12.7,9.5,0.0
2026-07-17 03:00:00,HELS-005-3,HELS-005,Band 1 (2100MHz),-84.2,-11.5,18.5,9.4,19.4,35.3
2026-07-17 03:00:00,HELS-006-1,HELS-006,Band 3 (1800MHz),-79.8,-6.5,12.9,9.1,5.8,18.6
2026-07-17 03:00:00,HELS-006-2,HELS-006,Band 3 (1800MHz),-92.8,-7.7,16.3,0.0,19.9,14.9
2026-07-17 03:00:00,HELS-006-3,HELS-006,Band 3 (1800MHz),-83.5,-8.5,13.8,0.0,20.2,8.8
2026-07-17 03:00:00,HELS-007-1,HELS-007,Band 1 (2100MHz),-85.5,-9.9,16.7,10.3,8.0,17.5
2026-07-17 03:00:00,HELS-007-2,HELS-007,Band 1 (2100MHz),-89.0,-6.7,15.7,16.0,12.1,42.4
2026-07-17 03:00:00,HELS-007-3,HELS-007,Band 1 (2100MHz),-90.0,-5.9,2.7,13.4,2.6,1.0
2026-07-17 03:00:00,HELS-008-1,HELS-008,Band 3 (1800MHz),-79.6,-10.8,15.4,3.4,16.9,29.5
2026-07-17 03:00:00,HELS-008-2,HELS-008,Band 3 (1800MHz),-84.8,-5.8,10.6,0.0,0.0,25.1
2026-07-17 03:00:00,HELS-008-3,HELS-008,Band 3 (1800MHz),-91.2,-8.2,11.4,3.1,3.4,0.7
2026-07-17 03:00:00,HELS-009-1,HELS-009,Band 1 (2100MHz),-77.9,-5.5,21.1,19.1,30.4,68.1
2026-07-17 03:00:00,HELS-009-2,HELS-009,Band 1 (2100MHz),-80.6,-10.3,17.7,14.9,0.0,29.3
2026-07-17 03:00:00,HELS-009-3,HELS-009,Band 1 (2100MHz),-84.2,-5.7,14.8,18.6,12.3,59.4
2026-07-17 03:00:00,HELS-010-1,HELS-010,Band 3 (1800MHz),-92.8,-8.2,19.1,27.3,5.7,21.1
2026-07-17 03:00:00,HELS-010-2,HELS-010,Band 3 (1800MHz),-81.4,-9.1,21.4,8.3,14.0,40.1
2026-07-17 03:00:00,HELS-010-3,HELS-010,Band 3 (1800MHz),-77.2,-5.5,18.5,22.8,10.1,2.0
2026-07-17 03:00:00,HELS-011-1,HELS-011,Band 1 (2100MHz),-81.3,-5.0,16.1,9.2,10.3,5.7
2026-07-17 03:00:00,HELS-011-2,HELS-011,Band 1 (2100MHz),-87.6,-9.9,4.5,3.2,1.1,0.0
2026-07-17 03:00:00,HELS-011-3,HELS-011,Band 1 (2100MHz),-88.3,-11.0,7.7,0.0,3.8,0.0
2026-07-17 03:00:00,HELS-012-1,HELS-012,Band 3 (1800MHz),-79.9,-9.2,12.1,11.3,13.6,36.1
2026-07-17 03:00:00,HELS-012-2,HELS-012,Band 3 (1800MHz),-93.5,-10.9,7.3,0.0,0.0,31.3
2026-07-17 03:00:00,HELS-012-3,HELS-012,Band 3 (1800MHz),-79.3,-7.5,12.5,12.2,2.1,0.0
2026-07-17 03:00:00,HELS-013-1,HELS-013,Band 1 (2100MHz),-86.6,-7.6,6.2,1.7,10.2,33.1
2026-07-17 03:00:00,HELS-013-2,HELS-013,Band 1 (2100MHz),-81.6,-8.4,13.7,11.4,9.2,0.0
2026-07-17 03:00:00,HELS-013-3,HELS-013,Band 1 (2100MHz),-80.4,-6.4,5.9,15.8,9.3,21.4
2026-07-17 03:00:00,HELS-014-1,HELS-014,Band 3 (1800MHz),-78.4,-10.8,14.0,18.2,14.7,21.6
2026-07-17 03:00:00,HELS-014-2,HELS-014,Band 3 (1800MHz),-84.4,-5.2,10.9,7.3,7.0,6.2
2026-07-17 03:00:00,HELS-014-3,HELS-014,Band 3 (1800MHz),-77.7,-10.3,3.7,2.7,14.9,22.6
2026-07-17 04:00:00,HELS-001-1,HELS-001,Band 1 (2100MHz),-79.4,-9.8,15.8,7.5,9.5,21.6
2026-07-17 04:00:00,HELS-001-2,HELS-001,Band 1 (2100MHz),-94.0,-11.3,6.2,0.0,2.2,0.0
2026-07-17 04:00:00,HELS-001-3,HELS-001,Band 1 (2100MHz),-92.1,-12.6,-0.4,19.5,0.7,1.6
2026-07-17 04:00:00,HELS-002-1,HELS-002,Band 3 (1800MHz),-80.1,-7.2,13.2,11.5,3.5,30.8
2026-07-17 04:00:00,HELS-002-2,HELS-002,Band 3 (1800MHz),-78.7,-8.5,14.1,17.0,0.0,0.0
2026-07-17 04:00:00,HELS-002-3,HELS-002,Band 3 (1800MHz),-89.1,-11.0,20.3,10.3,6.3,14.5
2026-07-17 04:00:00,HELS-003-1,HELS-003,Band 1 (2100MHz),-80.7,-8.9,16.5,7.5,0.0,34.4
2026-07-17 04:00:00,HELS-003-2,HELS-003,Band 1 (2100MHz),-91.7,-13.0,14.0,19.7,15.3,30.8
2026-07-17 04:00:00,HELS-003-3,HELS-003,Band 1 (2100MHz),-87.7,-11.3,4.5,5.0,8.0,36.9
2026-07-17 04:00:00,HELS-004-1,HELS-004,Band 3 (1800MHz),-81.7,-5.9,-2.6,12.2,4.8,35.5
2026-07-17 04:00:00,HELS-004-2,HELS-004,Band 3 (1800MHz),-85.2,-8.0,7.0,2.1,7.8,45.9
2026-07-17 04:00:00,HELS-004-3,HELS-004,Band 3 (1800MHz),-80.6,-12.6,14.9,0.0,5.2,44.4
2026-07-17 04:00:00,HELS-005-1,HELS-005,Band 1 (2100MHz),-96.1,-11.9,5.4,18.3,18.7,51.8
2026-07-17 04:00:00,HELS-005-2,HELS-005,Band 1 (2100MHz),-81.6,-6.7,11.5,2.3,11.4,23.9
2026-07-17 04:00:00,HELS-005-3,HELS-005,Band 1 (2100MHz),-78.6,-12.8,16.2,4.4,21.7,41.3
2026-07-17 04:00:00,HELS-006-1,HELS-006,Band 3 (1800MHz),-83.2,-6.4,3.1,5.3,4.9,0.0
2026-07-17 04:00:00,HELS-006-2,HELS-006,Band 3 (1800MHz),-83.7,-5.2,17.1,25.4,8.4,11.9
2026-07-17 04:00:00,HELS-006-3,HELS-006,Band 3 (1800MHz),-87.2,-10.4,15.1,0.0,0.0,31.5
2026-07-17 04:00:00,HELS-007-1,HELS-007,Band 1 (2100MHz),-80.8,-8.3,7.6,6.6,7.8,41.4
2026-07-17 04:00:00,HELS-007-2,HELS-007,Band 1 (2100MHz),-84.1,-7.6,14.7,0.0,23.3,0.0
2026-07-17 04:00:00,HELS-007-3,HELS-007,Band 1 (2100MHz),-80.8,-10.6,14.1,13.0,5.4,0.0
2026-07-17 04:00:00,HELS-008-1,HELS-008,Band 3 (1800MHz),-89.0,-11.0,9.1,23.3,13.7,0.0
2026-07-17 04:00:00,HELS-008-2,HELS-008,Band 3 (1800MHz),-84.7,-3.4,17.6,2.0,0.0,25.6
2026-07-17 04:00:00,HELS-008-3,HELS-008,Band 3 (1800MHz),-83.8,-8.1,20.3,3.6,0.0,20.9
2026-07-17 04:00:00,HELS-009-1,HELS-009,Band 1 (2100MHz),-80.9,-7.5,-1.2,0.0,10.6,13.7
2026-07-17 04:00:00,HELS-009-2,HELS-009,Band 1 (2100MHz),-85.1,-8.2,11.7,12.4,10.1,0.0
2026-07-17 04:00:00,HELS-009-3,HELS-009,Band 1 (2100MHz),-81.2,-5.9,11.6,16.4,27.0,40.1
2026-07-17 04:00:00,HELS-010-1,HELS-010,Band 3 (1800MHz),-89.2,-5.6,7.1,4.6,5.9,17.4
2026-07-17 04:00:00,HELS-010-2,HELS-010,Band 3 (1800MHz),-82.6,-6.7,1.9,2.0,0.7,20.5
2026-07-17 04:00:00,HELS-010-3,HELS-010,Band 3 (1800MHz),-76.3,-7.8,21.7,15.1,0.0,0.0
2026-07-17 04:00:00,HELS-011-1,HELS-011,Band 1 (2100MHz),-83.2,-7.5,10.0,14.3,0.0,17.3
2026-07-17 04:00:00,HELS-011-2,HELS-011,Band 1 (2100MHz),-82.3,-9.1,15.1,0.0,26.1,0.0
2026-07-17 04:00:00,HELS-011-3,HELS-011,Band 1 (2100MHz),-88.5,-9.9,14.9,41.9,4.0,11.8
2026-07-17 04:00:00,HELS-012-1,HELS-012,Band 3 (1800MHz),-86.5,-4.5,15.3,0.0,18.7,20.4
2026-07-17 04:00:00,HELS-012-2,HELS-012,Band 3 (1800MHz),-98.2,-11.3,9.2,4.6,9.2,42.7
2026-07-17 04:00:00,HELS-012-3,HELS-012,Band 3 (1800MHz),-83.8,-6.1,6.0,13.2,5.7,14.4
2026-07-17 04:00:00,HELS-013-1,HELS-013,Band 1 (2100MHz),-82.0,-8.1,11.1,0.0,9.4,0.0
2026-07-17 04:00:00,HELS-013-2,HELS-013,Band 1 (2100MHz),-80.5,-7.9,16.2,7.9,6.5,19.0
2026-07-17 04:00:00,HELS-013-3,HELS-013,Band 1 (2100MHz),-80.9,-8.1,9.9,20.7,2.8,47.6
2026-07-17 04:00:00,HELS-014-1,HELS-014,Band 3 (1800MHz),-83.6,-7.9,14.5,0.0,1.3,12.3
2026-07-17 04:00:00,HELS-014-2,HELS-014,Band 3 (1800MHz),-81.3,-8.1,8.2,30.3,0.0,7.6
2026-07-17 04:00:00,HELS-014-3,HELS-014,Band 3 (1800MHz),-81.2,-8.1,5.2,6.7,13.2,27.6
2026-07-17 05:00:00,HELS-001-1,HELS-001,Band 1 (2100MHz),-80.3,-9.5,7.9,8.9,0.0,60.9
2026-07-17 05:00:00,HELS-001-2,HELS-001,Band 1 (2100MHz),-103.8,-12.5,1.0,8.3,0.0,35.3
2026-07-17 05:00:00,HELS-001-3,HELS-001,Band 1 (2100MHz),-94.8,-11.2,2.9,4.3,11.2,0.0
2026-07-17 05:00:00,HELS-002-1,HELS-002,Band 3 (1800MHz),-88.1,-8.0,21.3,13.9,19.0,20.8
2026-07-17 05:00:00,HELS-002-2,HELS-002,Band 3 (1800MHz),-83.2,-6.7,9.2,13.7,13.6,0.0
2026-07-17 05:00:00,HELS-002-3,HELS-002,Band 3 (1800MHz),-87.8,-8.4,16.8,19.3,0.1,0.5
2026-07-17 05:00:00,HELS-003-1,HELS-003,Band 1 (2100MHz),-81.8,-9.2,6.1,7.5,2.3,11.2
2026-07-17 05:00:00,HELS-003-2,HELS-003,Band 1 (2100MHz),-90.3,-11.2,8.5,11.8,15.5,52.2
2026-07-17 05:00:00,HELS-003-3,HELS-003,Band 1 (2100MHz),-93.9,-4.7,17.8,15.0,0.0,19.5
2026-07-17 05:00:00,HELS-004-1,HELS-004,Band 3 (1800MHz),-79.4,-11.3,10.2,9.6,14.6,0.0
2026-07-17 05:00:00,HELS-004-2,HELS-004,Band 3 (1800MHz),-81.7,-8.1,15.4,12.7,0.0,50.0
2026-07-17 05:00:00,HELS-004-3,HELS-004,Band 3 (1800MHz),-87.2,-10.2,3.1,0.9,5.0,0.4
2026-07-17 05:00:00,HELS-005-1,HELS-005,Band 1 (2100MHz),-91.8,-13.8,5.0,13.3,0.9,0.0
2026-07-17 05:00:00,HELS-005-2,HELS-005,Band 1 (2100MHz),-88.2,-8.7,15.4,0.0,0.1,5.8
2026-07-17 05:00:00,HELS-005-3,HELS-005,Band 1 (2100MHz),-90.3,-4.0,11.9,22.5,6.8,32.4
2026-07-17 05:00:00,HELS-006-1,HELS-006,Band 3 (1800MHz),-81.1,-9.3,5.3,4.0,0.0,10.6
2026-07-17 05:00:00,HELS-006-2,HELS-006,Band 3 (1800MHz),-82.1,-8.5,11.8,12.6,16.0,0.0
2026-07-17 05:00:00,HELS-006-3,HELS-006,Band 3 (1800MHz),-75.8,-8.6,13.0,0.0,14.2,28.6
2026-07-17 05:00:00,HELS-007-1,HELS-007,Band 1 (2100MHz),-82.6,-9.2,14.4,0.0,3.0,7.3
2026-07-17 05:00:00,HELS-007-2,HELS-007,Band 1 (2100MHz),-86.9,-10.1,18.1,16.6,24.7,8.0
2026-07-17 05:00:00,HELS-007-3,HELS-007,Band 1 (2100MHz),-82.9,-10.4,12.4,7.3,0.0,0.0
2026-07-17 05:00:00,HELS-008-1,HELS-008,Band 3 (1800MHz),-85.2,-5.9,10.8,20.4,3.5,4.2
2026-07-17 05:00:00,HELS-008-2,HELS-008,Band 3 (1800MHz),-80.2,-5.5,12.4,16.1,0.0,0.0
2026-07-17 05:00:00,HELS-008-3,HELS-008,Band 3 (1800MHz),-85.5,-8.0,15.9,0.0,19.0,0.0
2026-07-17 05:00:00,HELS-009-1,HELS-009,Band 1 (2100MHz),-88.4,-8.1,21.1,19.2,17.6,21.8
2026-07-17 05:00:00,HELS-009-2,HELS-009,Band 1 (2100MHz),-91.0,-8.8,13.6,8.0,16.2,0.0
2026-07-17 05:00:00,HELS-009-3,HELS-009,Band 1 (2100MHz),-88.9,-8.4,7.9,24.4,29.2,50.5
2026-07-17 05:00:00,HELS-010-1,HELS-010,Band 3 (1800MHz),-83.3,-8.0,18.8,10.4,11.5,13.4
2026-07-17 05:00:00,HELS-010-2,HELS-010,Band 3 (1800MHz),-87.2,-11.0,3.5,15.7,2.8,36.2
2026-07-17 05:00:00,HELS-010-3,HELS-010,Band 3 (1800MHz),-87.0,-7.0,13.1,21.6,0.0,0.0
2026-07-17 05:00:00,HELS-011-1,HELS-011,Band 1 (2100MHz),-80.7,-8.8,13.8,30.0,10.2,0.0
2026-07-17 05:00:00,HELS-011-2,HELS-011,Band 1 (2100MHz),-88.7,-9.7,4.4,3.0,0.0,23.4
2026-07-17 05:00:00,HELS-011-3,HELS-011,Band 1 (2100MHz),-81.2,-7.8,7.5,13.2,24.3,0.0
2026-07-17 05:00:00,HELS-012-1,HELS-012,Band 3 (1800MHz),-86.2,-8.1,7.7,0.0,10.2,34.5
2026-07-17 05:00:00,HELS-012-2,HELS-012,Band 3 (1800MHz),-101.8,-13.2,11.7,10.5,0.0,2.5
2026-07-17 05:00:00,HELS-012-3,HELS-012,Band 3 (1800MHz),-82.3,-8.7,10.0,4.3,9.9,35.7
2026-07-17 05:00:00,HELS-013-1,HELS-013,Band 1 (2100MHz),-77.6,-5.6,19.5,8.4,12.3,26.0
2026-07-17 05:00:00,HELS-013-2,HELS-013,Band 1 (2100MHz),-84.5,-7.1,19.7,14.9,0.0,0.0
2026-07-17 05:00:00,HELS-013-3,HELS-013,Band 1 (2100MHz),-89.6,-7.2,6.8,7.5,12.7,17.8
2026-07-17 05:00:00,HELS-014-1,HELS-014,Band 3 (1800MHz),-79.4,-7.5,9.7,24.9,4.6,26.4
2026-07-17 05:00:00,HELS-014-2,HELS-014,Band 3 (1800MHz),-80.7,-4.4,12.1,21.1,8.4,9.1
2026-07-17 05:00:00,HELS-014-3,HELS-014,Band 3 (1800MHz),-85.5,-9.8,12.3,10.0,0.0,23.4
2026-07-17 06:00:00,HELS-001-1,HELS-001,Band 1 (2100MHz),-80.1,-7.3,7.1,0.0,28.1,42.7
2026-07-17 06:00:00,HELS-001-2,HELS-001,Band 1 (2100MHz),-91.1,-12.5,7.2,8.1,3.2,30.7
2026-07-17 06:00:00,HELS-001-3,HELS-001,Band 1 (2100MHz),-96.1,-11.8,4.7,34.0,2.2,12.2
2026-07-17 06:00:00,HELS-002-1,HELS-002,Band 3 (1800MHz),-85.9,-8.4,12.9,41.9,17.6,29.7
2026-07-17 06:00:00,HELS-002-2,HELS-002,Band 3 (1800MHz),-90.4,-12.0,9.2,19.3,8.2,55.2
2026-07-17 06:00:00,HELS-002-3,HELS-002,Band 3 (1800MHz),-82.6,-5.2,7.6,22.0,14.0,35.3
2026-07-17 06:00:00,HELS-003-1,HELS-003,Band 1 (2100MHz),-85.5,-9.1,10.3,8.6,25.1,13.3
2026-07-17 06:00:00,HELS-003-2,HELS-003,Band 1 (2100MHz),-84.4,-7.6,14.0,26.3,0.0,25.6
2026-07-17 06:00:00,HELS-003-3,HELS-003,Band 1 (2100MHz),-79.5,-9.1,1.5,12.2,2.6,26.2
2026-07-17 06:00:00,HELS-004-1,HELS-004,Band 3 (1800MHz),-77.4,-9.6,2.6,8.7,1.1,33.8
2026-07-17 06:00:00,HELS-004-2,HELS-004,Band 3 (1800MHz),-85.4,-7.6,15.0,33.6,15.4,0.0
2026-07-17 06:00:00,HELS-004-3,HELS-004,Band 3 (1800MHz),-86.2,-11.2,11.4,36.9,19.7,29.0
2026-07-17 06:00:00,HELS-005-1,HELS-005,Band 1 (2100MHz),-101.1,-10.8,7.1,19.8,11.2,46.1
2026-07-17 06:00:00,HELS-005-2,HELS-005,Band 1 (2100MHz),-93.5,-8.8,6.7,26.7,37.2,46.2
2026-07-17 06:00:00,HELS-005-3,HELS-005,Band 1 (2100MHz),-82.8,-8.5,2.7,22.8,29.5,50.0
2026-07-17 06:00:00,HELS-006-1,HELS-006,Band 3 (1800MHz),-85.1,-8.5,10.0,8.4,5.9,35.9
2026-07-17 06:00:00,HELS-006-2,HELS-006,Band 3 (1800MHz),-80.4,-6.7,12.5,53.3,3.5,9.3
2026-07-17 06:00:00,HELS-006-3,HELS-006,Band 3 (1800MHz),-81.6,-8.6,18.1,38.1,12.3,50.8
2026-07-17 06:00:00,HELS-007-1,HELS-007,Band 1 (2100MHz),-77.6,-11.0,9.3,48.9,27.1,31.9
2026-07-17 06:00:00,HELS-007-2,HELS-007,Band 1 (2100MHz),-82.5,-10.2,7.8,5.9,34.2,49.9
2026-07-17 06:00:00,HELS-007-3,HELS-007,Band 1 (2100MHz),-86.4,-10.3,18.2,23.0,6.2,75.4
2026-07-17 06:00:00,HELS-008-1,HELS-008,Band 3 (1800MHz),-81.3,-10.7,5.7,12.2,17.0,32.9
2026-07-17 06:00:00,HELS-008-2,HELS-008,Band 3 (1800MHz),-85.2,-10.2,12.6,11.6,12.9,43.6
2026-07-17 06:00:00,HELS-008-3,HELS-008,Band 3 (1800MHz),-87.9,-7.3,12.8,3.9,1.4,67.1
2026-07-17 06:00:00,HELS-009-1,HELS-009,Band 1 (2100MHz),-84.0,-9.3,15.5,10.5,4.5,45.0
2026-07-17 06:00:00,HELS-009-2,HELS-009,Band 1 (2100MHz),-83.8,-7.0,10.1,20.3,28.1,6.6
2026-07-17 06:00:00,HELS-009-3,HELS-009,Band 1 (2100MHz),-81.9,-10.1,12.6,1.6,9.1,9.0
2026-07-17 06:00:00,HELS-010-1,HELS-010,Band 3 (1800MHz),-82.2,-7.1,10.3,20.5,4.6,19.2
2026-07-17 06:00:00,HELS-010-2,HELS-010,Band 3 (1800MHz),-88.5,-7.5,10.8,29.0,23.2,0.0
2026-07-17 06:00:00,HELS-010-3,HELS-010,Band 3 (1800MHz),-86.1,-8.3,17.2,3.6,13.2,7.2
2026-07-17 06:00:00,HELS-011-1,HELS-011,Band 1 (2100MHz),-84.1,-7.2,12.5,6.6,15.4,50.4
2026-07-17 06:00:00,HELS-011-2,HELS-011,Band 1 (2100MHz),-85.5,-7.2,22.0,7.5,22.5,37.3
2026-07-17 06:00:00,HELS-011-3,HELS-011,Band 1 (2100MHz),-89.5,-4.5,17.4,17.2,21.9,107.7
2026-07-17 06:00:00,HELS-012-1,HELS-012,Band 3 (1800MHz),-85.4,-4.7,7.6,20.2,14.5,37.0
2026-07-17 06:00:00,HELS-012-2,HELS-012,Band 3 (1800MHz),-95.8,-14.6,4.4,24.3,17.9,19.6
2026-07-17 06:00:00,HELS-012-3,HELS-012,Band 3 (1800MHz),-85.7,-2.3,6.1,11.8,7.2,78.8
2026-07-17 06:00:00,HELS-013-1,HELS-013,Band 1 (2100MHz),-84.6,-9.2,15.1,6.4,0.0,46.2
2026-07-17 06:00:00,HELS-013-2,HELS-013,Band 1 (2100MHz),-87.6,-8.3,6.5,26.8,6.3,13.9
2026-07-17 06:00:00,HELS-013-3,HELS-013,Band 1 (2100MHz),-88.3,-6.3,9.4,32.9,22.4,43.8
2026-07-17 06:00:00,HELS-014-1,HELS-014,Band 3 (1800MHz),-87.8,-11.7,11.9,22.0,3.6,16.3
2026-07-17 06:00:00,HELS-014-2,HELS-014,Band 3 (1800MHz),-82.2,-6.8,17.8,14.5,10.1,26.7
2026-07-17 06:00:00,HELS-014-3,HELS-014,Band 3 (1800MHz),-82.5,-10.1,15.3,0.5,14.8,25.7
2026-07-17 07:00:00,HELS-001-1,HELS-001,Band 1 (2100MHz),-87.9,-15.6,15.9,74.0,35.7,94.0
2026-07-17 07:00:00,HELS-001-2,HELS-001,Band 1 (2100MHz),-98.1,-16.9,13.3,62.1,37.8,96.6
2026-07-17 07:00:00,HELS-001-3,HELS-001,Band 1 (2100MHz),-94.3,-18.2,13.1,75.2,26.4,106.1
2026-07-17 07:00:00,HELS-002-1,HELS-002,Band 3 (1800MHz),-82.9,-11.5,6.5,77.6,31.7,98.1
2026-07-17 07:00:00,HELS-002-2,HELS-002,Band 3 (1800MHz),-91.9,-12.1,9.6,54.1,42.1,58.0
2026-07-17 07:00:00,HELS-002-3,HELS-002,Band 3 (1800MHz),-82.9,-9.8,16.6,57.3,44.9,109.5
2026-07-17 07:00:00,HELS-003-1,HELS-003,Band 1 (2100MHz),-83.0,-8.6,14.0,55.8,41.2,99.6
2026-07-17 07:00:00,HELS-003-2,HELS-003,Band 1 (2100MHz),-88.1,-10.4,17.7,71.5,25.4,121.2
2026-07-17 07:00:00,HELS-003-3,HELS-003,Band 1 (2100MHz),-84.7,-10.3,4.7,79.6,32.0,124.7
2026-07-17 07:00:00,HELS-004-1,HELS-004,Band 3 (1800MHz),-83.0,-10.1,6.9,59.9,41.6,98.2
2026-07-17 07:00:00,HELS-004-2,HELS-004,Band 3 (1800MHz),-82.7,-9.3,13.1,79.2,38.0,105.4
2026-07-17 07:00:00,HELS-004-3,HELS-004,Band 3 (1800MHz),-84.3,-12.0,9.0,65.0,37.2,106.7
2026-07-17 07:00:00,HELS-005-1,HELS-005,Band 1 (2100MHz),-92.9,-16.9,3.3,62.0,35.0,94.5
2026-07-17 07:00:00,HELS-005-2,HELS-005,Band 1 (2100MHz),-79.0,-12.1,16.5,61.5,50.1,105.6
2026-07-17 07:00:00,HELS-005-3,HELS-005,Band 1 (2100MHz),-81.8,-8.7,19.4,64.9,43.5,116.3
2026-07-17 07:00:00,HELS-006-1,HELS-006,Band 3 (1800MHz),-85.6,-12.4,20.0,74.4,55.0,82.9
2026-07-17 07:00:00,HELS-006-2,HELS-006,Band 3 (1800MHz),-77.2,-7.6,13.6,73.9,24.5,91.5
2026-07-17 07:00:00,HELS-006-3,HELS-006,Band 3 (1800MHz),-78.1,-9.9,18.6,60.5,28.9,70.0
2026-07-17 07:00:00,HELS-007-1,HELS-007,Band 1 (2100MHz),-78.5,-10.1,17.0,62.1,42.9,117.5
2026-07-17 07:00:00,HELS-007-2,HELS-007,Band 1 (2100MHz),-76.4,-10.4,15.7,62.1,19.0,107.3
2026-07-17 07:00:00,HELS-007-3,HELS-007,Band 1 (2100MHz),-80.1,-9.3,12.4,84.6,52.9,69.2
2026-07-17 07:00:00,HELS-008-1,HELS-008,Band 3 (1800MHz),-87.2,-7.3,13.6,71.7,25.4,95.8
2026-07-17 07:00:00,HELS-008-2,HELS-008,Band 3 (1800MHz),-81.4,-7.8,6.9,53.1,28.8,119.5
2026-07-17 07:00:00,HELS-008-3,HELS-008,Band 3 (1800MHz),-85.1,-12.1,0.2,64.8,37.1,114.0
2026-07-17 07:00:00,HELS-009-1,HELS-009,Band 1 (2100MHz),-84.8,-9.7,15.3,77.0,56.9,135.4
2026-07-17 07:00:00,HELS-009-2,HELS-009,Band 1 (2100MHz),-80.7,-4.4,8.1,77.6,36.5,88.4
2026-07-17 07:00:00,HELS-009-3,HELS-009,Band 1 (2100MHz),-77.8,-8.5,13.3,80.4,36.8,101.9
2026-07-17 07:00:00,HELS-010-1,HELS-010,Band 3 (1800MHz),-84.3,-12.9,12.2,48.0,41.7,127.4
2026-07-17 07:00:00,HELS-010-2,HELS-010,Band 3 (1800MHz),-82.0,-12.2,10.3,56.8,24.4,94.4
2026-07-17 07:00:00,HELS-010-3,HELS-010,Band 3 (1800MHz),-83.4,-11.0,13.8,65.9,25.4,102.8
2026-07-17 07:00:00,HELS-011-1,HELS-011,Band 1 (2100MHz),-82.8,-9.3,11.0,71.6,38.4,141.7
2026-07-17 07:00:00,HELS-011-2,HELS-011,Band 1 (2100MHz),-88.2,-9.5,19.4,76.1,37.5,115.7
2026-07-17 07:00:00,HELS-011-3,HELS-011,Band 1 (2100MHz),-87.8,-12.4,17.2,77.5,28.3,117.5
2026-07-17 07:00:00,HELS-012-1,HELS-012,Band 3 (1800MHz),-79.4,-10.2,15.0,66.0,44.9,112.7
2026-07-17 07:00:00,HELS-012-2,HELS-012,Band 3 (1800MHz),-98.0,-14.0,10.5,72.6,36.1,86.8
2026-07-17 07:00:00,HELS-012-3,HELS-012,Band 3 (1800MHz),-79.6,-10.7,5.9,55.1,42.7,130.7
2026-07-17 07:00:00,HELS-013-1,HELS-013,Band 1 (2100MHz),-81.4,-10.4,13.0,76.4,35.7,68.2
2026-07-17 07:00:00,HELS-013-2,HELS-013,Band 1 (2100MHz),-86.1,-9.3,11.0,70.9,33.8,71.9
2026-07-17 07:00:00,HELS-013-3,HELS-013,Band 1 (2100MHz),-81.1,-11.8,16.0,45.7,60.5,110.3
2026-07-17 07:00:00,HELS-014-1,HELS-014,Band 3 (1800MHz),-83.0,-14.1,22.2,53.2,38.2,77.1
2026-07-17 07:00:00,HELS-014-2,HELS-014,Band 3 (1800MHz),-81.6,-11.9,22.3,70.0,37.1,103.4
2026-07-17 07:00:00,HELS-014-3,HELS-014,Band 3 (1800MHz),-82.7,-9.9,16.2,54.8,15.9,94.4
2026-07-17 08:00:00,HELS-001-1,HELS-001,Band 1 (2100MHz),-81.6,-12.3,6.1,100.0,56.3,129.2
2026-07-17 08:00:00,HELS-001-2,HELS-001,Band 1 (2100MHz),-97.6,-13.6,-7.0,68.3,45.1,120.4
2026-07-17 08:00:00,HELS-001-3,HELS-001,Band 1 (2100MHz),-91.8,-19.4,1.3,87.7,46.5,151.2
2026-07-17 08:00:00,HELS-002-1,HELS-002,Band 3 (1800MHz),-82.8,-11.0,14.6,90.8,56.5,133.0
2026-07-17 08:00:00,HELS-002-2,HELS-002,Band 3 (1800MHz),-82.7,-11.6,12.8,80.5,39.3,149.8
2026-07-17 08:00:00,HELS-002-3,HELS-002,Band 3 (1800MHz),-83.0,-12.0,10.0,80.6,47.6,187.6
2026-07-17 08:00:00,HELS-003-1,HELS-003,Band 1 (2100MHz),-85.4,-11.5,13.7,90.4,41.9,129.6
2026-07-17 08:00:00,HELS-003-2,HELS-003,Band 1 (2100MHz),-84.4,-10.7,8.3,87.3,49.0,149.3
2026-07-17 08:00:00,HELS-003-3,HELS-003,Band 1 (2100MHz),-74.8,-9.3,10.0,68.1,52.0,137.0
2026-07-17 08:00:00,HELS-004-1,HELS-004,Band 3 (1800MHz),-76.4,-10.3,9.9,95.6,50.3,123.4
2026-07-17 08:00:00,HELS-004-2,HELS-004,Band 3 (1800MHz),-86.3,-11.9,20.8,66.8,59.7,90.8
2026-07-17 08:00:00,HELS-004-3,HELS-004,Band 3 (1800MHz),-85.4,-12.9,15.3,82.0,51.7,104.0
2026-07-17 08:00:00,HELS-005-1,HELS-005,Band 1 (2100MHz),-94.8,-17.9,3.5,57.0,27.6,169.4
2026-07-17 08:00:00,HELS-005-2,HELS-005,Band 1 (2100MHz),-88.4,-10.1,13.5,57.5,48.1,163.8
2026-07-17 08:00:00,HELS-005-3,HELS-005,Band 1 (2100MHz),-82.7,-8.9,19.6,89.5,38.4,125.6
2026-07-17 08:00:00,HELS-006-1,HELS-006,Band 3 (1800MHz),-90.4,-10.8,16.1,70.0,40.5,137.0
2026-07-17 08:00:00,HELS-006-2,HELS-006,Band 3 (1800MHz),-84.2,-13.2,8.3,100.0,36.8,173.8
2026-07-17 08:00:00,HELS-006-3,HELS-006,Band 3 (1800MHz),-83.2,-7.4,7.4,98.3,51.9,128.0
2026-07-17 08:00:00,HELS-007-1,HELS-007,Band 1 (2100MHz),-94.5,-8.2,16.6,88.1,47.6,161.0
2026-07-17 08:00:00,HELS-007-2,HELS-007,Band 1 (2100MHz),-89.8,-8.7,12.7,64.9,49.2,123.0
2026-07-17 08:00:00,HELS-007-3,HELS-007,Band 1 (2100MHz),-84.0,-9.2,18.9,64.4,34.2,168.6
2026-07-17 08:00:00,HELS-008-1,HELS-008,Band 3 (1800MHz),-77.5,-14.7,15.4,94.5,53.8,166.1
2026-07-17 08:00:00,HELS-008-2,HELS-008,Band 3 (1800MHz),-87.1,-9.1,15.3,100.0,39.2,118.5
2026-07-17 08:00:00,HELS-008-3,HELS-008,Band 3 (1800MHz),-82.6,-11.3,18.4,90.9,44.7,161.5
2026-07-17 08:00:00,HELS-009-1,HELS-009,Band 1 (2100MHz),-81.7,-16.0,12.0,75.6,66.1,142.1
2026-07-17 08:00:00,HELS-009-2,HELS-009,Band 1 (2100MHz),-82.1,-14.5,19.1,93.7,48.3,174.7
2026-07-17 08:00:00,HELS-009-3,HELS-009,Band 1 (2100MHz),-82.9,-13.0,11.1,74.1,44.3,85.4
2026-07-17 08:00:00,HELS-010-1,HELS-010,Band 3 (1800MHz),-80.7,-15.0,16.6,84.1,43.4,127.2
2026-07-17 08:00:00,HELS-010-2,HELS-010,Band 3 (1800MHz),-78.5,-12.6,20.2,75.8,59.3,121.1
2026-07-17 08:00:00,HELS-010-3,HELS-010,Band 3 (1800MHz),-83.2,-11.9,18.5,90.7,57.4,124.6
2026-07-17 08:00:00,HELS-011-1,HELS-011,Band 1 (2100MHz),-86.7,-8.4,22.8,70.4,65.0,139.2
2026-07-17 08:00:00,HELS-011-2,HELS-011,Band 1 (2100MHz),-85.0,-12.4,19.4,75.1,56.6,111.9
2026-07-17 08:00:00,HELS-011-3,HELS-011,Band 1 (2100MHz),-90.1,-13.8,18.7,92.8,60.7,135.8
2026-07-17 08:00:00,HELS-012-1,HELS-012,Band 3 (1800MHz),-90.9,-15.4,16.1,75.9,61.6,143.8
2026-07-17 08:00:00,HELS-012-2,HELS-012,Band 3 (1800MHz),-99.3,-15.7,-3.5,84.7,62.2,151.9
2026-07-17 08:00:00,HELS-012-3,HELS-012,Band 3 (1800MHz),-82.1,-10.9,14.6,71.4,39.0,120.9
2026-07-17 08:00:00,HELS-013-1,HELS-013,Band 1 (2100MHz),-77.9,-11.4,13.2,99.3,47.9,136.8
2026-07-17 08:00:00,HELS-013-2,HELS-013,Band 1 (2100MHz),-80.1,-14.2,18.5,82.0,50.2,132.5
2026-07-17 08:00:00,HELS-013-3,HELS-013,Band 1 (2100MHz),-81.8,-11.5,9.8,94.2,48.1,142.6
2026-07-17 08:00:00,HELS-014-1,HELS-014,Band 3 (1800MHz),-88.0,-13.2,9.9,75.8,65.1,125.4
2026-07-17 08:00:00,HELS-014-2,HELS-014,Band 3 (1800MHz),-81.5,-12.9,9.9,100.0,55.7,105.7
2026-07-17 08:00:00,HELS-014-3,HELS-014,Band 3 (1800MHz),-81.7,-10.2,9.6,64.7,43.9,137.6
2026-07-17 09:00:00,HELS-001-1,HELS-001,Band 1 (2100MHz),-80.1,-10.7,14.3,71.5,21.7,96.1
2026-07-17 09:00:00,HELS-001-2,HELS-001,Band 1 (2100MHz),-98.7,-14.8,2.8,59.0,24.8,75.3
2026-07-17 09:00:00,HELS-001-3,HELS-001,Band 1 (2100MHz),-100.0,-13.2,7.8,41.0,47.5,89.8
2026-07-17 09:00:00,HELS-002-1,HELS-002,Band 3 (1800MHz),-86.0,-5.3,18.9,49.5,26.5,80.9
2026-07-17 09:00:00,HELS-002-2,HELS-002,Band 3 (1800MHz),-86.7,-9.7,10.4,70.2,47.4,99.8
2026-07-17 09:00:00,HELS-002-3,HELS-002,Band 3 (1800MHz),-82.5,-9.1,12.1,85.9,26.9,67.1
2026-07-17 09:00:00,HELS-003-1,HELS-003,Band 1 (2100MHz),-81.1,-10.4,14.7,49.8,31.0,92.9
2026-07-17 09:00:00,HELS-003-2,HELS-003,Band 1 (2100MHz),-84.9,-14.8,19.6,59.1,33.8,90.3
2026-07-17 09:00:00,HELS-003-3,HELS-003,Band 1 (2100MHz),-82.0,-9.9,17.2,52.9,39.5,97.1
2026-07-17 09:00:00,HELS-004-1,HELS-004,Band 3 (1800MHz),-84.4,-10.1,7.9,79.2,36.2,134.9
2026-07-17 09:00:00,HELS-004-2,HELS-004,Band 3 (1800MHz),-82.7,-8.2,13.6,77.3,39.8,89.7
2026-07-17 09:00:00,HELS-004-3,HELS-004,Band 3 (1800MHz),-82.5,-9.1,16.0,65.1,39.0,91.9
2026-07-17 09:00:00,HELS-005-1,HELS-005,Band 1 (2100MHz),-91.0,-11.3,0.6,55.3,42.9,98.4
2026-07-17 09:00:00,HELS-005-2,HELS-005,Band 1 (2100MHz),-87.1,-12.4,3.4,76.7,42.4,105.1
2026-07-17 09:00:00,HELS-005-3,HELS-005,Band 1 (2100MHz),-84.0,-13.8,12.6,67.5,53.3,105.1
2026-07-17 09:00:00,HELS-006-1,HELS-006,Band 3 (1800MHz),-85.0,-9.2,13.8,58.6,44.0,93.3
2026-07-17 09:00:00,HELS-006-2,HELS-006,Band 3 (1800MHz),-80.9,-9.9,5.8,60.1,22.0,126.1
2026-07-17 09:00:00,HELS-006-3,HELS-006,Band 3 (1800MHz),-84.4,-13.8,13.8,82.3,53.8,114.7
2026-07-17 09:00:00,HELS-007-1,HELS-007,Band 1 (2100MHz),-86.1,-11.2,24.4,64.7,43.6,117.7
2026-07-17 09:00:00,HELS-007-2,HELS-007,Band 1 (2100MHz),-86.0,-11.0,12.4,85.1,35.4,85.8
2026-07-17 09:00:00,HELS-007-3,HELS-007,Band 1 (2100MHz),-84.9,-12.8,12.4,70.0,34.7,96.9
2026-07-17 09:00:00,HELS-008-1,HELS-008,Band 3 (1800MHz),-86.2,-10.3,16.3,42.7,30.2,102.0
2026-07-17 09:00:00,HELS-008-2,HELS-008,Band 3 (1800MHz),-87.1,-12.2,5.7,63.8,36.9,76.3
2026-07-17 09:00:00,HELS-008-3,HELS-008,Band 3 (1800MHz),-78.0,-10.7,18.1,67.5,25.0,83.2
2026-07-17 09:00:00,HELS-009-1,HELS-009,Band 1 (2100MHz),-81.2,-7.6,8.7,60.3,27.5,118.4
2026-07-17 09:00:00,HELS-009-2,HELS-009,Band 1 (2100MHz),-91.0,-12.1,17.1,75.9,38.3,80.3
2026-07-17 09:00:00,HELS-009-3,HELS-009,Band 1 (2100MHz),-83.1,-11.7,11.5,78.2,39.7,134.6
2026-07-17 09:00:00,HELS-010-1,HELS-010,Band 3 (1800MHz),-84.1,-9.6,16.0,69.7,47.7,123.1
2026-07-17 09:00:00,HELS-010-2,HELS-010,Band 3 (1800MHz),-81.9,-13.0,9.9,63.8,24.9,118.8
2026-07-17 09:00:00,HELS-010-3,HELS-010,Band 3 (1800MHz),-82.6,-11.2,3.6,68.5,43.2,71.8
2026-07-17 09:00:00,HELS-011-1,HELS-011,Band 1 (2100MHz),-86.2,-12.5,12.1,56.7,47.0,83.0
2026-07-17 09:00:00,HELS-011-2,HELS-011,Band 1 (2100MHz),-87.4,-9.9,17.3,50.6,43.3,110.1
2026-07-17 09:00:00,HELS-011-3,HELS-011,Band 1 (2100MHz),-82.4,-9.4,8.9,64.1,38.5,88.5
2026-07-17 09:00:00,HELS-012-1,HELS-012,Band 3 (1800MHz),-79.6,-13.0,16.2,64.6,28.8,105.2
2026-07-17 09:00:00,HELS-012-2,HELS-012,Band 3 (1800MHz),-100.1,-15.6,1.1,52.1,48.6,102.4
2026-07-17 09:00:00,HELS-012-3,HELS-012,Band 3 (1800MHz),-86.0,-7.4,15.3,43.8,38.9,110.4
2026-07-17 09:00:00,HELS-013-1,HELS-013,Band 1 (2100MHz),-86.1,-13.3,6.8,54.2,35.2,80.1
2026-07-17 09:00:00,HELS-013-2,HELS-013,Band 1 (2100MHz),-82.6,-8.9,20.9,60.6,36.4,113.2
2026-07-17 09:00:00,HELS-013-3,HELS-013,Band 1 (2100MHz),-88.9,-12.2,13.9,57.9,43.9,90.7
2026-07-17 09:00:00,HELS-014-1,HELS-014,Band 3 (1800MHz),-77.4,-11.5,17.8,42.7,48.2,122.5
2026-07-17 09:00:00,HELS-014-2,HELS-014,Band 3 (1800MHz),-83.1,-12.9,10.4,61.0,28.1,132.9
2026-07-17 09:00:00,HELS-014-3,HELS-014,Band 3 (1800MHz),-89.4,-15.4,7.3,77.8,37.2,99.3
2026-07-17 10:00:00,HELS-001-1,HELS-001,Band 1 (2100MHz),-82.2,-7.5,10.3,32.6,0.0,29.4
2026-07-17 10:00:00,HELS-001-2,HELS-001,Band 1 (2100MHz),-101.9,-8.8,9.4,26.4,0.0,79.6
2026-07-17 10:00:00,HELS-001-3,HELS-001,Band 1 (2100MHz),-94.5,-10.2,9.7,11.1,0.0,28.5
2026-07-17 10:00:00,HELS-002-1,HELS-002,Band 3 (1800MHz),-77.5,-7.3,5.5,32.4,16.0,33.0
2026-07-17 10:00:00,HELS-002-2,HELS-002,Band 3 (1800MHz),-77.2,-9.5,8.5,42.8,7.2,15.4
2026-07-17 10:00:00,HELS-002-3,HELS-002,Band 3 (1800MHz),-81.9,-11.6,5.4,23.8,23.1,54.8
2026-07-17 10:00:00,HELS-003-1,HELS-003,Band 1 (2100MHz),-82.5,-9.2,13.1,10.0,23.3,13.5
2026-07-17 10:00:00,HELS-003-2,HELS-003,Band 1 (2100MHz),-79.2,-9.1,12.6,23.1,20.7,40.6
2026-07-17 10:00:00,HELS-003-3,HELS-003,Band 1 (2100MHz),-89.9,-7.5,3.7,11.2,19.7,12.1
2026-07-17 10:00:00,HELS-004-1,HELS-004,Band 3 (1800MHz),-86.0,-10.0,12.1,15.1,22.6,18.7
2026-07-17 10:00:00,HELS-004-2,HELS-004,Band 3 (1800MHz),-88.8,-8.5,9.9,14.0,7.4,12.4
2026-07-17 10:00:00,HELS-004-3,HELS-004,Band 3 (1800MHz),-86.5,-10.5,2.8,25.3,14.4,64.8
2026-07-17 10:00:00,HELS-005-1,HELS-005,Band 1 (2100MHz),-91.3,-12.0,12.9,29.8,0.0,87.3
2026-07-17 10:00:00,HELS-005-2,HELS-005,Band 1 (2100MHz),-84.0,-8.1,20.1,23.9,22.5,19.1
2026-07-17 10:00:00,HELS-005-3,HELS-005,Band 1 (2100MHz),-77.3,-10.0,21.0,31.5,0.0,34.7
2026-07-17 10:00:00,HELS-006-1,HELS-006,Band 3 (1800MHz),-88.1,-8.6,6.4,22.0,17.2,46.2
2026-07-17 10:00:00,HELS-006-2,HELS-006,Band 3 (1800MHz),-85.2,-9.4,12.8,39.3,1.6,17.2
2026-07-17 10:00:00,HELS-006-3,HELS-006,Band 3 (1800MHz),-87.1,-8.4,14.5,21.2,15.7,31.3
2026-07-17 10:00:00,HELS-007-1,HELS-007,Band 1 (2100MHz),-79.3,-9.1,10.5,15.9,21.7,51.9
2026-07-17 10:00:00,HELS-007-2,HELS-007,Band 1 (2100MHz),-77.5,-9.6,8.6,10.8,18.5,25.0
2026-07-17 10:00:00,HELS-007-3,HELS-007,Band 1 (2100MHz),-83.2,-9.9,8.5,1.6,5.6,83.0
2026-07-17 10:00:00,HELS-008-1,HELS-008,Band 3 (1800MHz),-87.3,-2.5,18.6,30.8,13.8,22.8
2026-07-17 10:00:00,HELS-008-2,HELS-008,Band 3 (1800MHz),-87.7,-9.6,18.0,33.0,19.4,37.1
2026-07-17 10:00:00,HELS-008-3,HELS-008,Band 3 (1800MHz),-83.4,-7.5,7.1,37.5,19.2,35.5
2026-07-17 10:00:00,HELS-009-1,HELS-009,Band 1 (2100MHz),-83.6,-9.0,5.6,18.0,15.5,47.6
2026-07-17 10:00:00,HELS-009-2,HELS-009,Band 1 (2100MHz),-77.1,-8.7,8.8,27.0,10.7,32.6
2026-07-17 10:00:00,HELS-009-3,HELS-009,Band 1 (2100MHz),-86.0,-9.7,11.8,19.0,3.2,38.2
2026-07-17 10:00:00,HELS-010-1,HELS-010,Band 3 (1800MHz),-82.3,-7.0,13.6,7.9,0.0,15.4
2026-07-17 10:00:00,HELS-010-2,HELS-010,Band 3 (1800MHz),-79.3,-4.5,13.8,23.8,12.4,30.8
2026-07-17 10:00:00,HELS-010-3,HELS-010,Band 3 (1800MHz),-87.1,-7.0,20.1,19.8,19.4,34.8
2026-07-17 10:00:00,HELS-011-1,HELS-011,Band 1 (2100MHz),-84.4,-9.0,10.1,16.9,13.9,20.6
2026-07-17 10:00:00,HELS-011-2,HELS-011,Band 1 (2100MHz),-89.5,-7.1,17.8,17.8,19.2,19.4
2026-07-17 10:00:00,HELS-011-3,HELS-011,Band 1 (2100MHz),-82.1,-11.2,4.3,10.3,11.8,54.7
2026-07-17 10:00:00,HELS-012-1,HELS-012,Band 3 (1800MHz),-86.8,-5.0,9.5,5.0,17.7,50.4
2026-07-17 10:00:00,HELS-012-2,HELS-012,Band 3 (1800MHz),-89.1,-12.1,3.5,34.5,4.8,48.9
2026-07-17 10:00:00,HELS-012-3,HELS-012,Band 3 (1800MHz),-77.4,-8.4,10.4,21.7,24.2,68.3
2026-07-17 10:00:00,HELS-013-1,HELS-013,Band 1 (2100MHz),-83.8,-7.5,10.8,30.4,4.5,0.0
2026-07-17 10:00:00,HELS-013-2,HELS-013,Band 1 (2100MHz),-73.2,-7.8,12.9,20.3,10.6,30.2
2026-07-17 10:00:00,HELS-013-3,HELS-013,Band 1 (2100MHz),-82.0,-10.2,10.4,30.4,7.1,32.8
2026-07-17 10:00:00,HELS-014-1,HELS-014,Band 3 (1800MHz),-91.8,-6.2,19.7,8.0,24.5,26.4
2026-07-17 10:00:00,HELS-014-2,HELS-014,Band 3 (1800MHz),-81.7,-5.6,12.8,24.1,9.2,93.5
2026-07-17 10:00:00,HELS-014-3,HELS-014,Band 3 (1800MHz),-85.3,-9.8,9.9,7.4,0.6,26.5
2026-07-17 11:00:00,HELS-001-1,HELS-001,Band 1 (2100MHz),-77.5,-10.9,15.0,44.7,27.1,60.3
2026-07-17 11:00:00,HELS-001-2,HELS-001,Band 1 (2100MHz),-93.4,-9.2,1.3,43.5,33.8,63.7
2026-07-17 11:00:00,HELS-001-3,HELS-001,Band 1 (2100MHz),-102.3,-14.2,-0.1,35.8,30.7,46.8
2026-07-17 11:00:00,HELS-002-1,HELS-002,Band 3 (1800MHz),-82.9,-7.9,13.0,66.2,31.1,81.7
2026-07-17 11:00:00,HELS-002-2,HELS-002,Band 3 (1800MHz),-81.4,-7.5,14.4,54.0,42.5,87.2
2026-07-17 11:00:00,HELS-002-3,HELS-002,Band 3 (1800MHz),-81.1,-8.9,10.5,47.5,42.0,103.6
2026-07-17 11:00:00,HELS-003-1,HELS-003,Band 1 (2100MHz),-83.4,-9.1,9.8,51.1,31.1,77.9
2026-07-17 11:00:00,HELS-003-2,HELS-003,Band 1 (2100MHz),-87.0,-11.2,22.4,46.9,48.7,86.0
2026-07-17 11:00:00,HELS-003-3,HELS-003,Band 1 (2100MHz),-85.1,-6.2,5.8,43.8,36.6,110.4
2026-07-17 11:00:00,HELS-004-1,HELS-004,Band 3 (1800MHz),-96.2,-7.1,9.5,48.7,46.6,72.3
2026-07-17 11:00:00,HELS-004-2,HELS-004,Band 3 (1800MHz),-85.6,-12.9,12.6,64.7,38.3,94.2
2026-07-17 11:00:00,HELS-004-3,HELS-004,Band 3 (1800MHz),-89.5,-12.4,17.9,28.6,19.6,100.0
2026-07-17 11:00:00,HELS-005-1,HELS-005,Band 1 (2100MHz),-102.0,-14.8,6.0,67.6,41.7,53.6
2026-07-17 11:00:00,HELS-005-2,HELS-005,Band 1 (2100MHz),-86.5,-9.0,18.7,65.3,17.6,64.1
2026-07-17 11:00:00,HELS-005-3,HELS-005,Band 1 (2100MHz),-80.7,-12.4,11.4,60.7,43.9,99.5
2026-07-17 11:00:00,HELS-006-1,HELS-006,Band 3 (1800MHz),-77.9,-6.4,8.0,43.8,33.9,140.4
2026-07-17 11:00:00,HELS-006-2,HELS-006,Band 3 (1800MHz),-82.4,-10.9,16.0,42.8,26.6,100.5
2026-07-17 11:00:00,HELS-006-3,HELS-006,Band 3 (1800MHz),-85.3,-10.1,11.3,48.9,53.4,88.6
2026-07-17 11:00:00,HELS-007-1,HELS-007,Band 1 (2100MHz),-83.6,-8.9,8.3,53.7,33.1,120.9
2026-07-17 11:00:00,HELS-007-2,HELS-007,Band 1 (2100MHz),-84.4,-10.5,6.5,60.9,27.4,112.6
2026-07-17 11:00:00,HELS-007-3,HELS-007,Band 1 (2100MHz),-76.4,-14.6,16.5,61.3,31.8,67.0
2026-07-17 11:00:00,HELS-008-1,HELS-008,Band 3 (1800MHz),-87.5,-12.9,13.9,93.3,29.0,108.4
2026-07-17 11:00:00,HELS-008-2,HELS-008,Band 3 (1800MHz),-87.0,-10.1,13.5,44.4,51.1,99.0
2026-07-17 11:00:00,HELS-008-3,HELS-008,Band 3 (1800MHz),-78.7,-9.1,12.8,44.3,35.2,91.0
2026-07-17 11:00:00,HELS-009-1,HELS-009,Band 1 (2100MHz),-80.8,-12.8,6.3,62.4,35.0,95.3
2026-07-17 11:00:00,HELS-009-2,HELS-009,Band 1 (2100MHz),-85.6,-10.3,21.8,54.0,19.8,89.9
2026-07-17 11:00:00,HELS-009-3,HELS-009,Band 1 (2100MHz),-77.7,-9.7,22.6,42.9,24.9,94.2
2026-07-17 11:00:00,HELS-010-1,HELS-010,Band 3 (1800MHz),-92.4,-8.2,21.3,44.6,23.4,85.6
2026-07-17 11:00:00,HELS-010-2,HELS-010,Band 3 (1800MHz),-89.6,-11.2,18.6,63.4,35.2,121.7
2026-07-17 11:00:00,HELS-010-3,HELS-010,Band 3 (1800MHz),-78.9,-10.1,10.9,57.3,55.7,88.8
2026-07-17 11:00:00,HELS-011-1,HELS-011,Band 1 (2100MHz),-78.0,-13.8,6.8,48.2,60.9,135.8
2026-07-17 11:00:00,HELS-011-2,HELS-011,Band 1 (2100MHz),-84.7,-10.8,18.3,59.2,32.2,81.1
2026-07-17 11:00:00,HELS-011-3,HELS-011,Band 1 (2100MHz),-77.5,-12.4,15.5,45.8,3.7,58.9
2026-07-17 11:00:00,HELS-012-1,HELS-012,Band 3 (1800MHz),-90.2,-9.1,14.8,58.8,48.3,133.2
2026-07-17 11:00:00,HELS-012-2,HELS-012,Band 3 (1800MHz),-91.8,-13.9,3.5,51.9,25.1,72.1
2026-07-17 11:00:00,HELS-012-3,HELS-012,Band 3 (1800MHz),-79.0,-10.1,21.2,47.1,45.5,106.3
2026-07-17 11:00:00,HELS-013-1,HELS-013,Band 1 (2100MHz),-79.2,-12.6,13.8,72.4,31.7,64.8
2026-07-17 11:00:00,HELS-013-2,HELS-013,Band 1 (2100MHz),-81.0,-6.6,14.9,57.3,29.6,85.6
2026-07-17 11:00:00,HELS-013-3,HELS-013,Band 1 (2100MHz),-82.4,-11.6,14.3,79.9,17.4,106.3
2026-07-17 11:00:00,HELS-014-1,HELS-014,Band 3 (1800MHz),-90.2,-12.0,10.8,51.3,37.7,51.5
2026-07-17 11:00:00,HELS-014-2,HELS-014,Band 3 (1800MHz),-79.2,-12.0,5.3,61.6,32.8,109.8
2026-07-17 11:00:00,HELS-014-3,HELS-014,Band 3 (1800MHz),-91.9,-12.7,11.8,56.0,24.8,84.1
2026-07-17 12:00:00,HELS-001-1,HELS-001,Band 1 (2100MHz),-80.0,-7.5,9.2,41.6,21.1,136.6
2026-07-17 12:00:00,HELS-001-2,HELS-001,Band 1 (2100MHz),-98.4,-13.7,4.6,51.2,26.8,72.6
2026-07-17 12:00:00,HELS-001-3,HELS-001,Band 1 (2100MHz),-104.2,-13.4,14.4,61.1,44.4,48.9
2026-07-17 12:00:00,HELS-002-1,HELS-002,Band 3 (1800MHz),-84.7,-14.0,11.8,67.5,33.7,83.4
2026-07-17 12:00:00,HELS-002-2,HELS-002,Band 3 (1800MHz),-87.9,-11.4,6.3,60.1,34.5,77.9
2026-07-17 12:00:00,HELS-002-3,HELS-002,Band 3 (1800MHz),-82.9,-8.8,16.7,97.5,35.9,128.5
2026-07-17 12:00:00,HELS-003-1,HELS-003,Band 1 (2100MHz),-87.7,-11.4,1.9,43.2,32.4,74.7
2026-07-17 12:00:00,HELS-003-2,HELS-003,Band 1 (2100MHz),-78.0,-12.4,6.5,82.4,32.5,66.2
2026-07-17 12:00:00,HELS-003-3,HELS-003,Band 1 (2100MHz),-86.9,-10.7,8.7,46.2,25.5,94.0
2026-07-17 12:00:00,HELS-004-1,HELS-004,Band 3 (1800MHz),-89.2,-12.1,18.7,69.7,27.9,105.5
2026-07-17 12:00:00,HELS-004-2,HELS-004,Band 3 (1800MHz),-84.9,-7.8,7.7,60.2,38.8,121.3
2026-07-17 12:00:00,HELS-004-3,HELS-004,Band 3 (1800MHz),-89.7,-13.4,6.8,55.3,25.1,84.2
2026-07-17 12:00:00,HELS-005-1,HELS-005,Band 1 (2100MHz),-104.6,-14.1,0.5,57.7,19.2,84.8
2026-07-17 12:00:00,HELS-005-2,HELS-005,Band 1 (2100MHz),-80.6,-7.8,15.9,61.3,31.5,96.0
2026-07-17 12:00:00,HELS-005-3,HELS-005,Band 1 (2100MHz),-79.4,-10.9,18.1,52.7,23.1,71.0
2026-07-17 12:00:00,HELS-006-1,HELS-006,Band 3 (1800MHz),-79.1,-11.7,12.9,64.9,26.2,83.4
2026-07-17 12:00:00,HELS-006-2,HELS-006,Band 3 (1800MHz),-87.9,-7.0,15.3,52.6,38.5,114.4
2026-07-17 12:00:00,HELS-006-3,HELS-006,Band 3 (1800MHz),-84.0,-13.0,14.0,54.6,35.8,104.6
2026-07-17 12:00:00,HELS-007-1,HELS-007,Band 1 (2100MHz),-84.3,-10.8,8.6,34.7,36.6,97.3
2026-07-17 12:00:00,HELS-007-2,HELS-007,Band 1 (2100MHz),-88.6,-8.9,14.6,55.5,27.2,101.2
2026-07-17 12:00:00,HELS-007-3,HELS-007,Band 1 (2100MHz),-78.8,-12.0,14.0,71.6,38.0,111.2
2026-07-17 12:00:00,HELS-008-1,HELS-008,Band 3 (1800MHz),-85.1,-10.7,9.6,56.3,7.8,109.7
2026-07-17 12:00:00,HELS-008-2,HELS-008,Band 3 (1800MHz),-84.1,-13.9,7.2,47.0,24.4,75.6
2026-07-17 12:00:00,HELS-008-3,HELS-008,Band 3 (1800MHz),-84.7,-11.6,12.8,38.3,35.9,118.3
2026-07-17 12:00:00,HELS-009-1,HELS-009,Band 1 (2100MHz),-85.6,-11.4,22.4,43.6,24.1,78.7
2026-07-17 12:00:00,HELS-009-2,HELS-009,Band 1 (2100MHz),-77.6,-7.3,17.6,36.0,32.3,112.1
2026-07-17 12:00:00,HELS-009-3,HELS-009,Band 1 (2100MHz),-86.0,-8.6,17.8,56.0,38.9,107.0
2026-07-17 12:00:00,HELS-010-1,HELS-010,Band 3 (1800MHz),-81.3,-11.6,9.6,69.1,29.6,85.4
2026-07-17 12:00:00,HELS-010-2,HELS-010,Band 3 (1800MHz),-86.3,-10.4,14.0,58.4,40.4,120.7
2026-07-17 12:00:00,HELS-010-3,HELS-010,Band 3 (1800MHz),-84.7,-12.6,6.8,77.8,20.6,92.5
2026-07-17 12:00:00,HELS-011-1,HELS-011,Band 1 (2100MHz),-88.5,-10.5,12.1,47.5,28.5,99.8
2026-07-17 12:00:00,HELS-011-2,HELS-011,Band 1 (2100MHz),-84.3,-13.1,14.8,49.8,28.6,99.4
2026-07-17 12:00:00,HELS-011-3,HELS-011,Band 1 (2100MHz),-88.8,-10.0,6.7,47.0,38.2,70.3
2026-07-17 12:00:00,HELS-012-1,HELS-012,Band 3 (1800MHz),-83.0,-12.0,4.6,59.0,45.6,102.3
2026-07-17 12:00:00,HELS-012-2,HELS-012,Band 3 (1800MHz),-91.4,-13.1,1.9,65.2,26.6,46.6
2026-07-17 12:00:00,HELS-012-3,HELS-012,Band 3 (1800MHz),-79.3,-8.8,22.9,71.5,36.7,41.1
2026-07-17 12:00:00,HELS-013-1,HELS-013,Band 1 (2100MHz),-85.5,-14.4,11.4,60.6,34.9,105.2
2026-07-17 12:00:00,HELS-013-2,HELS-013,Band 1 (2100MHz),-83.0,-9.5,16.8,35.8,25.3,132.0
2026-07-17 12:00:00,HELS-013-3,HELS-013,Band 1 (2100MHz),-82.9,-14.0,14.1,54.0,26.1,85.5
2026-07-17 12:00:00,HELS-014-1,HELS-014,Band 3 (1800MHz),-82.8,-12.2,15.0,48.4,30.4,67.1
2026-07-17 12:00:00,HELS-014-2,HELS-014,Band 3 (1800MHz),-78.8,-10.9,16.6,41.6,23.0,56.9
2026-07-17 12:00:00,HELS-014-3,HELS-014,Band 3 (1800MHz),-87.8,-10.6,14.5,46.7,36.0,97.9
2026-07-17 13:00:00,HELS-001-1,HELS-001,Band 1 (2100MHz),-83.5,-10.6,9.5,52.5,38.1,47.3
2026-07-17 13:00:00,HELS-001-2,HELS-001,Band 1 (2100MHz),-95.1,-15.6,8.1,35.7,15.9,90.3
2026-07-17 13:00:00,HELS-001-3,HELS-001,Band 1 (2100MHz),-96.1,-16.6,1.6,69.5,33.0,117.2
2026-07-17 13:00:00,HELS-002-1,HELS-002,Band 3 (1800MHz),-83.4,-10.6,8.4,50.7,39.8,97.7
2026-07-17 13:00:00,HELS-002-2,HELS-002,Band 3 (1800MHz),-76.9,-9.6,12.9,47.0,21.1,105.1
2026-07-17 13:00:00,HELS-002-3,HELS-002,Band 3 (1800MHz),-84.5,-11.9,8.9,42.9,43.7,125.8
2026-07-17 13:00:00,HELS-003-1,HELS-003,Band 1 (2100MHz),-80.2,-12.7,12.8,57.0,47.4,150.7
2026-07-17 13:00:00,HELS-003-2,HELS-003,Band 1 (2100MHz),-79.9,-13.4,9.9,58.9,15.1,68.0
2026-07-17 13:00:00,HELS-003-3,HELS-003,Band 1 (2100MHz),-83.5,-13.2,11.4,69.9,31.6,49.2
2026-07-17 13:00:00,HELS-004-1,HELS-004,Band 3 (1800MHz),-86.0,-9.8,18.0,60.9,26.6,113.6
2026-07-17 13:00:00,HELS-004-2,HELS-004,Band 3 (1800MHz),-86.7,-14.0,14.2,49.8,42.9,120.2
2026-07-17 13:00:00,HELS-004-3,HELS-004,Band 3 (1800MHz),-87.9,-14.7,13.0,70.0,32.0,78.1
2026-07-17 13:00:00,HELS-005-1,HELS-005,Band 1 (2100MHz),-96.8,-14.4,2.4,40.4,34.0,113.7
2026-07-17 13:00:00,HELS-005-2,HELS-005,Band 1 (2100MHz),-84.5,-9.8,17.4,65.9,34.1,98.1
2026-07-17 13:00:00,HELS-005-3,HELS-005,Band 1 (2100MHz),-87.5,-8.7,9.8,56.7,36.9,75.9
2026-07-17 13:00:00,HELS-006-1,HELS-006,Band 3 (1800MHz),-83.4,-13.8,9.2,62.8,38.1,116.5
2026-07-17 13:00:00,HELS-006-2,HELS-006,Band 3 (1800MHz),-79.8,-9.4,14.0,41.9,35.3,111.9
2026-07-17 13:00:00,HELS-006-3,HELS-006,Band 3 (1800MHz),-83.9,-10.5,14.3,42.1,26.7,80.2
2026-07-17 13:00:00,HELS-007-1,HELS-007,Band 1 (2100MHz),-79.9,-10.5,20.3,76.9,37.2,68.0
2026-07-17 13:00:00,HELS-007-2,HELS-007,Band 1 (2100MHz),-85.2,-9.9,15.5,45.2,12.0,89.5
2026-07-17 13:00:00,HELS-007-3,HELS-007,Band 1 (2100MHz),-86.0,-9.3,15.3,41.5,27.3,124.6
2026-07-17 13:00:00,HELS-008-1,HELS-008,Band 3 (1800MHz),-83.4,-11.4,12.5,55.9,39.1,86.3
2026-07-17 13:00:00,HELS-008-2,HELS-008,Band 3 (1800MHz),-80.4,-8.1,17.9,42.4,27.5,84.8
2026-07-17 13:00:00,HELS-008-3,HELS-008,Band 3 (1800MHz),-81.2,-10.1,12.7,55.8,28.5,96.9
2026-07-17 13:00:00,HELS-009-1,HELS-009,Band 1 (2100MHz),-84.9,-12.4,14.2,59.4,35.3,106.7
2026-07-17 13:00:00,HELS-009-2,HELS-009,Band 1 (2100MHz),-88.6,-10.0,9.4,100.0,37.7,71.5
2026-07-17 13:00:00,HELS-009-3,HELS-009,Band 1 (2100MHz),-84.6,-13.1,20.2,60.8,24.0,103.0
2026-07-17 13:00:00,HELS-010-1,HELS-010,Band 3 (1800MHz),-96.3,-12.6,12.3,61.1,39.0,85.3
2026-07-17 13:00:00,HELS-010-2,HELS-010,Band 3 (1800MHz),-91.0,-11.2,16.7,85.2,44.0,121.2
2026-07-17 13:00:00,HELS-010-3,HELS-010,Band 3 (1800MHz),-77.9,-10.8,14.7,74.6,36.7,118.7
2026-07-17 13:00:00,HELS-011-1,HELS-011,Band 1 (2100MHz),-82.5,-11.5,10.0,59.9,40.7,111.4
2026-07-17 13:00:00,HELS-011-2,HELS-011,Band 1 (2100MHz),-85.8,-13.9,10.7,60.1,36.1,86.6
2026-07-17 13:00:00,HELS-011-3,HELS-011,Band 1 (2100MHz),-79.2,-9.8,17.2,52.3,47.9,57.1
2026-07-17 13:00:00,HELS-012-1,HELS-012,Band 3 (1800MHz),-81.0,-9.8,13.9,47.9,35.5,107.4
2026-07-17 13:00:00,HELS-012-2,HELS-012,Band 3 (1800MHz),-93.7,-13.2,-6.8,58.6,36.5,93.5
2026-07-17 13:00:00,HELS-012-3,HELS-012,Band 3 (1800MHz),-84.6,-5.8,17.4,36.4,25.5,61.3
2026-07-17 13:00:00,HELS-013-1,HELS-013,Band 1 (2100MHz),-90.1,-11.1,4.7,48.9,40.5,105.8
2026-07-17 13:00:00,HELS-013-2,HELS-013,Band 1 (2100MHz),-79.9,-7.6,16.1,61.0,26.7,91.9
2026-07-17 13:00:00,HELS-013-3,HELS-013,Band 1 (2100MHz),-81.6,-12.6,9.8,48.4,25.9,88.0
2026-07-17 13:00:00,HELS-014-1,HELS-014,Band 3 (1800MHz),-87.9,-10.7,12.9,59.5,42.9,72.4
2026-07-17 13:00:00,HELS-014-2,HELS-014,Band 3 (1800MHz),-84.4,-12.7,7.3,58.0,42.2,89.6
2026-07-17 13:00:00,HELS-014-3,HELS-014,Band 3 (1800MHz),-86.1,-11.9,17.0,51.9,15.6,130.6
2026-07-17 14:00:00,HELS-001-1,HELS-001,Band 1 (2100MHz),-84.9,-7.1,9.3,70.8,35.5,114.2
2026-07-17 14:00:00,HELS-001-2,HELS-001,Band 1 (2100MHz),-94.8,-13.3,3.0,73.3,51.9,82.2
2026-07-17 14:00:00,HELS-001-3,HELS-001,Band 1 (2100MHz),-99.7,-15.1,7.3,51.3,48.2,76.4
2026-07-17 14:00:00,HELS-002-1,HELS-002,Band 3 (1800MHz),-87.5,-12.1,12.5,63.3,33.9,94.1
2026-07-17 14:00:00,HELS-002-2,HELS-002,Band 3 (1800MHz),-77.9,-11.4,23.1,70.2,40.0,70.4
2026-07-17 14:00:00,HELS-002-3,HELS-002,Band 3 (1800MHz),-83.2,-10.6,10.2,51.4,31.3,64.3
2026-07-17 14:00:00,HELS-003-1,HELS-003,Band 1 (2100MHz),-80.2,-5.4,15.2,45.8,30.9,118.6
2026-07-17 14:00:00,HELS-003-2,HELS-003,Band 1 (2100MHz),-82.5,-13.0,9.6,60.3,50.3,76.5
2026-07-17 14:00:00,HELS-003-3,HELS-003,Band 1 (2100MHz),-84.5,-11.0,10.1,52.7,47.0,67.2
2026-07-17 14:00:00,HELS-004-1,HELS-004,Band 3 (1800MHz),-80.2,-8.6,14.9,36.5,34.8,70.1
2026-07-17 14:00:00,HELS-004-2,HELS-004,Band 3 (1800MHz),-85.5,-12.1,14.9,58.2,26.4,93.2
2026-07-17 14:00:00,HELS-004-3,HELS-004,Band 3 (1800MHz),-92.7,-11.9,13.6,65.0,42.3,113.1
2026-07-17 14:00:00,HELS-005-1,HELS-005,Band 1 (2100MHz),-104.7,-16.4,0.4,55.3,18.4,98.1
2026-07-17 14:00:00,HELS-005-2,HELS-005,Band 1 (2100MHz),-80.0,-11.3,14.0,66.1,34.3,99.3
2026-07-17 14:00:00,HELS-005-3,HELS-005,Band 1 (2100MHz),-85.4,-9.9,11.2,54.6,42.0,126.5
2026-07-17 14:00:00,HELS-006-1,HELS-006,Band 3 (1800MHz),-81.9,-10.2,12.0,44.1,22.2,93.6
2026-07-17 14:00:00,HELS-006-2,HELS-006,Band 3 (1800MHz),-81.2,-8.7,16.3,39.3,9.2,102.6
2026-07-17 14:00:00,HELS-006-3,HELS-006,Band 3 (1800MHz),-82.7,-8.8,20.2,66.7,15.4,88.7
2026-07-17 14:00:00,HELS-007-1,HELS-007,Band 1 (2100MHz),-84.7,-10.6,13.9,58.4,15.1,96.0
2026-07-17 14:00:00,HELS-007-2,HELS-007,Band 1 (2100MHz),-85.5,-10.4,-0.8,67.1,38.2,103.1
2026-07-17 14:00:00,HELS-007-3,HELS-007,Band 1 (2100MHz),-83.8,-9.2,21.6,48.6,48.2,111.7
2026-07-17 14:00:00,HELS-008-1,HELS-008,Band 3 (1800MHz),-79.6,-9.5,11.8,66.4,37.8,134.2
2026-07-17 14:00:00,HELS-008-2,HELS-008,Band 3 (1800MHz),-85.1,-10.9,14.2,59.0,31.8,123.3
2026-07-17 14:00:00,HELS-008-3,HELS-008,Band 3 (1800MHz),-91.5,-9.7,18.6,40.8,43.4,107.3
2026-07-17 14:00:00,HELS-009-1,HELS-009,Band 1 (2100MHz),-82.0,-11.9,7.7,48.8,19.6,73.8
2026-07-17 14:00:00,HELS-009-2,HELS-009,Band 1 (2100MHz),-84.8,-11.4,20.1,53.4,42.6,103.7
2026-07-17 14:00:00,HELS-009-3,HELS-009,Band 1 (2100MHz),-81.1,-11.1,10.7,51.2,31.5,129.7
2026-07-17 14:00:00,HELS-010-1,HELS-010,Band 3 (1800MHz),-80.6,-10.0,8.4,58.3,49.1,99.3
2026-07-17 14:00:00,HELS-010-2,HELS-010,Band 3 (1800MHz),-87.5,-11.3,14.3,57.8,36.5,110.7
2026-07-17 14:00:00,HELS-010-3,HELS-010,Band 3 (1800MHz),-79.3,-11.8,14.6,44.5,29.7,104.8
2026-07-17 14:00:00,HELS-011-1,HELS-011,Band 1 (2100MHz),-86.7,-12.4,17.5,64.0,33.3,127.0
2026-07-17 14:00:00,HELS-011-2,HELS-011,Band 1 (2100MHz),-89.3,-11.5,16.1,54.2,32.5,110.2
2026-07-17 14:00:00,HELS-011-3,HELS-011,Band 1 (2100MHz),-85.5,-11.1,21.6,63.7,26.1,99.9
2026-07-17 14:00:00,HELS-012-1,HELS-012,Band 3 (1800MHz),-82.3,-9.4,18.3,49.6,24.1,102.8
2026-07-17 14:00:00,HELS-012-2,HELS-012,Band 3 (1800MHz),-99.4,-12.3,5.6,40.1,40.9,78.2
2026-07-17 14:00:00,HELS-012-3,HELS-012,Band 3 (1800MHz),-78.6,-9.6,5.4,38.4,41.7,113.5
2026-07-17 14:00:00,HELS-013-1,HELS-013,Band 1 (2100MHz),-86.0,-11.8,13.6,43.7,32.8,79.3
2026-07-17 14:00:00,HELS-013-2,HELS-013,Band 1 (2100MHz),-83.4,-9.9,14.7,50.2,46.3,109.1
2026-07-17 14:00:00,HELS-013-3,HELS-013,Band 1 (2100MHz),-91.4,-14.1,7.5,52.5,34.6,54.7
2026-07-17 14:00:00,HELS-014-1,HELS-014,Band 3 (1800MHz),-87.7,-9.4,7.5,50.3,32.1,65.4
2026-07-17 14:00:00,HELS-014-2,HELS-014,Band 3 (1800MHz),-79.3,-10.6,10.6,65.5,35.1,117.7
2026-07-17 14:00:00,HELS-014-3,HELS-014,Band 3 (1800MHz),-82.1,-6.7,15.4,46.3,25.7,82.2
2026-07-17 15:00:00,HELS-001-1,HELS-001,Band 1 (2100MHz),-77.3,-9.5,12.2,50.3,21.6,10.2
2026-07-17 15:00:00,HELS-001-2,HELS-001,Band 1 (2100MHz),-93.9,-11.4,4.2,16.9,12.2,41.8
2026-07-17 15:00:00,HELS-001-3,HELS-001,Band 1 (2100MHz),-99.7,-12.1,-2.8,32.7,2.9,64.9
2026-07-17 15:00:00,HELS-002-1,HELS-002,Band 3 (1800MHz),-82.0,-5.0,19.4,14.9,21.2,40.2
2026-07-17 15:00:00,HELS-002-2,HELS-002,Band 3 (1800MHz),-85.2,-6.4,4.0,22.8,22.3,47.1
2026-07-17 15:00:00,HELS-002-3,HELS-002,Band 3 (1800MHz),-79.1,-10.1,15.0,3.6,19.8,33.1
2026-07-17 15:00:00,HELS-003-1,HELS-003,Band 1 (2100MHz),-87.9,-5.5,9.7,4.1,15.9,10.8
2026-07-17 15:00:00,HELS-003-2,HELS-003,Band 1 (2100MHz),-92.4,-10.0,19.4,29.0,0.0,35.9
2026-07-17 15:00:00,HELS-003-3,HELS-003,Band 1 (2100MHz),-94.2,-4.9,8.9,36.8,0.2,46.4
2026-07-17 15:00:00,HELS-004-1,HELS-004,Band 3 (1800MHz),-86.4,-11.8,15.2,29.2,14.9,43.7
2026-07-17 15:00:00,HELS-004-2,HELS-004,Band 3 (1800MHz),-88.4,-10.1,22.7,20.2,11.9,44.6
2026-07-17 15:00:00,HELS-004-3,HELS-004,Band 3 (1800MHz),-83.5,-9.1,6.6,29.6,26.9,48.6
2026-07-17 15:00:00,HELS-005-1,HELS-005,Band 1 (2100MHz),-94.4,-15.2,3.4,17.6,11.1,28.7
2026-07-17 15:00:00,HELS-005-2,HELS-005,Band 1 (2100MHz),-84.7,-9.3,17.7,10.8,3.5,43.8
2026-07-17 15:00:00,HELS-005-3,HELS-005,Band 1 (2100MHz),-83.2,-6.0,9.6,25.6,15.2,0.0
2026-07-17 15:00:00,HELS-006-1,HELS-006,Band 3 (1800MHz),-80.6,-10.0,18.8,33.7,27.7,42.1
2026-07-17 15:00:00,HELS-006-2,HELS-006,Band 3 (1800MHz),-87.9,-9.1,6.8,15.9,21.7,39.6
2026-07-17 15:00:00,HELS-006-3,HELS-006,Band 3 (1800MHz),-85.8,-6.9,15.8,11.9,28.2,25.6
2026-07-17 15:00:00,HELS-007-1,HELS-007,Band 1 (2100MHz),-86.6,-5.6,9.3,23.9,10.2,65.6
2026-07-17 15:00:00,HELS-007-2,HELS-007,Band 1 (2100MHz),-81.9,-9.5,13.8,31.6,3.1,45.8
2026-07-17 15:00:00,HELS-007-3,HELS-007,Band 1 (2100MHz),-85.1,0.0,9.0,24.5,9.9,26.4
2026-07-17 15:00:00,HELS-008-1,HELS-008,Band 3 (1800MHz),-84.4,-7.1,17.0,31.5,5.2,0.0
2026-07-17 15:00:00,HELS-008-2,HELS-008,Band 3 (1800MHz),-80.9,-7.2,10.5,0.0,7.5,1.7
2026-07-17 15:00:00,HELS-008-3,HELS-008,Band 3 (1800MHz),-74.2,-7.8,16.1,32.9,0.0,39.7
2026-07-17 15:00:00,HELS-009-1,HELS-009,Band 1 (2100MHz),-79.4,-10.7,11.2,34.4,0.0,32.2
2026-07-17 15:00:00,HELS-009-2,HELS-009,Band 1 (2100MHz),-82.5,-10.5,16.8,31.9,0.0,0.0
2026-07-17 15:00:00,HELS-009-3,HELS-009,Band 1 (2100MHz),-84.5,-10.1,13.0,38.3,6.4,9.9
2026-07-17 15:00:00,HELS-010-1,HELS-010,Band 3 (1800MHz),-80.5,-9.7,22.0,35.5,21.8,69.3
2026-07-17 15:00:00,HELS-010-2,HELS-010,Band 3 (1800MHz),-80.3,-9.8,14.5,1.7,0.0,51.4
2026-07-17 15:00:00,HELS-010-3,HELS-010,Band 3 (1800MHz),-82.8,-3.5,10.4,34.1,25.2,18.6
2026-07-17 15:00:00,HELS-011-1,HELS-011,Band 1 (2100MHz),-86.2,-9.2,8.5,8.4,5.9,21.8
2026-07-17 15:00:00,HELS-011-2,HELS-011,Band 1 (2100MHz),-82.5,-7.6,10.8,5.3,32.3,18.2
2026-07-17 15:00:00,HELS-011-3,HELS-011,Band 1 (2100MHz),-92.5,-9.7,9.2,6.5,3.3,8.9
2026-07-17 15:00:00,HELS-012-1,HELS-012,Band 3 (1800MHz),-80.3,-11.5,11.3,0.0,14.1,10.1
2026-07-17 15:00:00,HELS-012-2,HELS-012,Band 3 (1800MHz),-98.8,-10.7,10.3,19.6,0.0,88.3
2026-07-17 15:00:00,HELS-012-3,HELS-012,Band 3 (1800MHz),-81.1,-10.5,15.0,14.6,0.0,43.9
2026-07-17 15:00:00,HELS-013-1,HELS-013,Band 1 (2100MHz),-82.5,-10.0,15.9,35.2,16.6,27.6
2026-07-17 15:00:00,HELS-013-2,HELS-013,Band 1 (2100MHz),-82.7,-6.1,10.4,10.9,9.6,0.0
2026-07-17 15:00:00,HELS-013-3,HELS-013,Band 1 (2100MHz),-84.8,-5.7,10.8,38.4,0.0,16.8
2026-07-17 15:00:00,HELS-014-1,HELS-014,Band 3 (1800MHz),-84.4,-7.5,20.9,0.0,17.9,47.6
2026-07-17 15:00:00,HELS-014-2,HELS-014,Band 3 (1800MHz),-77.7,-10.3,12.3,22.7,11.5,19.8
2026-07-17 15:00:00,HELS-014-3,HELS-014,Band 3 (1800MHz),-80.9,-7.7,16.7,1.7,0.0,35.4
2026-07-17 16:00:00,HELS-001-1,HELS-001,Band 1 (2100MHz),-85.2,-15.5,13.8,69.2,60.0,72.6
2026-07-17 16:00:00,HELS-001-2,HELS-001,Band 1 (2100MHz),-94.8,-13.7,6.1,77.7,28.2,140.8
2026-07-17 16:00:00,HELS-001-3,HELS-001,Band 1 (2100MHz),-98.7,-17.6,2.9,67.3,50.0,122.1
2026-07-17 16:00:00,HELS-002-1,HELS-002,Band 3 (1800MHz),-89.4,-10.4,16.8,100.0,47.0,111.6
2026-07-17 16:00:00,HELS-002-2,HELS-002,Band 3 (1800MHz),-81.6,-14.0,24.6,76.3,62.5,124.3
2026-07-17 16:00:00,HELS-002-3,HELS-002,Band 3 (1800MHz),-86.2,-13.1,14.8,78.4,42.9,148.3
2026-07-17 16:00:00,HELS-003-1,HELS-003,Band 1 (2100MHz),-83.5,-7.8,15.8,68.6,35.0,64.0
2026-07-17 16:00:00,HELS-003-2,HELS-003,Band 1 (2100MHz),-81.6,-10.3,10.2,66.9,61.1,133.1
2026-07-17 16:00:00,HELS-003-3,HELS-003,Band 1 (2100MHz),-85.5,-13.6,5.9,77.0,30.0,141.2
2026-07-17 16:00:00,HELS-004-1,HELS-004,Band 3 (1800MHz),-85.2,-7.5,20.2,67.6,47.7,152.6
2026-07-17 16:00:00,HELS-004-2,HELS-004,Band 3 (1800MHz),-78.6,-11.8,16.7,77.6,37.6,154.1
2026-07-17 16:00:00,HELS-004-3,HELS-004,Band 3 (1800MHz),-87.7,-11.8,10.8,79.7,60.8,136.4
2026-07-17 16:00:00,HELS-005-1,HELS-005,Band 1 (2100MHz),-84.8,-16.5,8.9,91.7,50.6,114.3
2026-07-17 16:00:00,HELS-005-2,HELS-005,Band 1 (2100MHz),-86.6,-8.2,17.0,70.3,51.6,139.6
2026-07-17 16:00:00,HELS-005-3,HELS-005,Band 1 (2100MHz),-87.2,-13.2,3.6,82.8,50.9,91.3
2026-07-17 16:00:00,HELS-006-1,HELS-006,Band 3 (1800MHz),-80.9,-14.3,16.2,86.2,35.8,149.3
2026-07-17 16:00:00,HELS-006-2,HELS-006,Band 3 (1800MHz),-77.1,-9.5,17.9,92.1,53.7,129.5
2026-07-17 16:00:00,HELS-006-3,HELS-006,Band 3 (1800MHz),-85.1,-12.8,8.1,69.9,31.3,143.1
2026-07-17 16:00:00,HELS-007-1,HELS-007,Band 1 (2100MHz),-85.5,-13.4,9.5,83.8,40.3,153.8
2026-07-17 16:00:00,HELS-007-2,HELS-007,Band 1 (2100MHz),-77.8,-13.1,17.7,71.4,62.1,123.5
2026-07-17 16:00:00,HELS-007-3,HELS-007,Band 1 (2100MHz),-86.4,-12.3,11.0,75.0,30.9,137.5
2026-07-17 16:00:00,HELS-008-1,HELS-008,Band 3 (1800MHz),-78.4,-13.9,13.9,65.2,39.3,126.3
2026-07-17 16:00:00,HELS-008-2,HELS-008,Band 3 (1800MHz),-86.2,-10.3,9.2,79.9,50.2,143.9
2026-07-17 16:00:00,HELS-008-3,HELS-008,Band 3 (1800MHz),-85.0,-11.2,13.7,68.9,56.9,124.2
2026-07-17 16:00:00,HELS-009-1,HELS-009,Band 1 (2100MHz),-83.2,-11.5,15.9,64.0,53.4,163.3
2026-07-17 16:00:00,HELS-009-2,HELS-009,Band 1 (2100MHz),-85.8,-9.0,15.3,66.7,55.0,157.2
2026-07-17 16:00:00,HELS-009-3,HELS-009,Band 1 (2100MHz),-89.4,-12.8,21.3,89.4,46.5,97.5
2026-07-17 16:00:00,HELS-010-1,HELS-010,Band 3 (1800MHz),-84.6,-10.5,13.7,100.0,38.0,101.8
2026-07-17 16:00:00,HELS-010-2,HELS-010,Band 3 (1800MHz),-82.3,-14.0,19.9,72.7,46.7,172.4
2026-07-17 16:00:00,HELS-010-3,HELS-010,Band 3 (1800MHz),-81.2,-12.7,14.8,72.7,54.7,144.6
2026-07-17 16:00:00,HELS-011-1,HELS-011,Band 1 (2100MHz),-80.9,-10.9,13.8,85.5,52.7,124.9
2026-07-17 16:00:00,HELS-011-2,HELS-011,Band 1 (2100MHz),-80.8,-11.8,15.1,91.6,58.4,119.0
2026-07-17 16:00:00,HELS-011-3,HELS-011,Band 1 (2100MHz),-87.4,-10.3,11.7,71.4,43.1,123.9
2026-07-17 16:00:00,HELS-012-1,HELS-012,Band 3 (1800MHz),-79.2,-10.7,8.3,73.0,29.0,104.8
2026-07-17 16:00:00,HELS-012-2,HELS-012,Band 3 (1800MHz),-102.9,-15.3,-4.7,94.2,34.9,109.3
2026-07-17 16:00:00,HELS-012-3,HELS-012,Band 3 (1800MHz),-79.5,-12.2,3.4,80.0,37.4,95.7
2026-07-17 16:00:00,HELS-013-1,HELS-013,Band 1 (2100MHz),-82.0,-13.3,6.5,78.8,34.7,109.6
2026-07-17 16:00:00,HELS-013-2,HELS-013,Band 1 (2100MHz),-85.3,-8.9,21.8,86.0,53.4,116.8
2026-07-17 16:00:00,HELS-013-3,HELS-013,Band 1 (2100MHz),-84.7,-12.5,11.5,66.9,42.3,161.2
2026-07-17 16:00:00,HELS-014-1,HELS-014,Band 3 (1800MHz),-89.7,-10.0,21.4,78.1,32.8,140.3
2026-07-17 16:00:00,HELS-014-2,HELS-014,Band 3 (1800MHz),-81.8,-11.0,19.4,83.2,51.8,149.7
2026-07-17 16:00:00,HELS-014-3,HELS-014,Band 3 (1800MHz),-87.6,-10.5,17.1,69.1,41.6,69.0
2026-07-17 17:00:00,HELS-001-1,HELS-001,Band 1 (2100MHz),-81.2,-14.4,11.7,82.2,51.5,171.1
2026-07-17 17:00:00,HELS-001-2,HELS-001,Band 1 (2100MHz),-96.4,-16.1,-1.4,67.1,33.8,168.7
2026-07-17 17:00:00,HELS-001-3,HELS-001,Band 1 (2100MHz),-94.6,-15.9,1.9,64.3,63.8,154.9
2026-07-17 17:00:00,HELS-002-1,HELS-002,Band 3 (1800MHz),-82.5,-10.7,9.4,100.0,57.9,145.5
2026-07-17 17:00:00,HELS-002-2,HELS-002,Band 3 (1800MHz),-91.3,-14.3,11.2,100.0,54.4,101.1
2026-07-17 17:00:00,HELS-002-3,HELS-002,Band 3 (1800MHz),-84.5,-8.2,11.2,74.5,37.2,123.0
2026-07-17 17:00:00,HELS-003-1,HELS-003,Band 1 (2100MHz),-83.1,-14.0,11.2,82.1,51.0,195.1
2026-07-17 17:00:00,HELS-003-2,HELS-003,Band 1 (2100MHz),-77.8,-13.2,9.4,81.7,43.1,164.7
2026-07-17 17:00:00,HELS-003-3,HELS-003,Band 1 (2100MHz),-84.0,-13.9,16.4,76.4,61.0,152.9
2026-07-17 17:00:00,HELS-004-1,HELS-004,Band 3 (1800MHz),-81.3,-13.0,10.7,100.0,52.2,168.1
2026-07-17 17:00:00,HELS-004-2,HELS-004,Band 3 (1800MHz),-82.1,-14.0,7.4,83.0,50.8,152.0
2026-07-17 17:00:00,HELS-004-3,HELS-004,Band 3 (1800MHz),-87.8,-10.5,10.5,72.4,52.2,127.2
2026-07-17 17:00:00,HELS-005-1,HELS-005,Band 1 (2100MHz),-90.1,-14.3,-2.5,75.2,50.2,127.1
2026-07-17 17:00:00,HELS-005-2,HELS-005,Band 1 (2100MHz),-79.7,-15.9,9.0,80.4,65.6,161.1
2026-07-17 17:00:00,HELS-005-3,HELS-005,Band 1 (2100MHz),-74.0,-12.8,6.7,78.6,39.0,110.8
2026-07-17 17:00:00,HELS-006-1,HELS-006,Band 3 (1800MHz),-84.5,-10.6,17.5,74.4,50.6,134.0
2026-07-17 17:00:00,HELS-006-2,HELS-006,Band 3 (1800MHz),-82.9,-13.9,27.0,100.0,47.9,163.6
2026-07-17 17:00:00,HELS-006-3,HELS-006,Band 3 (1800MHz),-82.9,-8.9,7.2,80.6,50.4,147.2
2026-07-17 17:00:00,HELS-007-1,HELS-007,Band 1 (2100MHz),-88.7,-11.2,10.6,78.0,52.7,183.4
2026-07-17 17:00:00,HELS-007-2,HELS-007,Band 1 (2100MHz),-82.2,-9.2,21.6,78.0,58.1,147.7
2026-07-17 17:00:00,HELS-007-3,HELS-007,Band 1 (2100MHz),-88.3,-7.4,7.4,88.1,56.3,124.8
2026-07-17 17:00:00,HELS-008-1,HELS-008,Band 3 (1800MHz),-82.2,-13.6,18.2,82.3,53.1,146.4
2026-07-17 17:00:00,HELS-008-2,HELS-008,Band 3 (1800MHz),-80.5,-9.8,22.0,79.8,56.7,180.0
2026-07-17 17:00:00,HELS-008-3,HELS-008,Band 3 (1800MHz),-82.3,-12.8,9.2,100.0,40.0,127.6
2026-07-17 17:00:00,HELS-009-1,HELS-009,Band 1 (2100MHz),-85.4,-11.2,11.7,98.0,33.0,160.1
2026-07-17 17:00:00,HELS-009-2,HELS-009,Band 1 (2100MHz),-83.8,-14.7,6.6,95.5,62.1,142.7
2026-07-17 17:00:00,HELS-009-3,HELS-009,Band 1 (2100MHz),-85.3,-11.7,23.2,86.0,61.6,114.5
2026-07-17 17:00:00,HELS-010-1,HELS-010,Band 3 (1800MHz),-89.7,-14.2,7.7,83.9,61.8,121.4
2026-07-17 17:00:00,HELS-010-2,HELS-010,Band 3 (1800MHz),-84.2,-11.6,16.7,76.7,37.3,142.3
2026-07-17 17:00:00,HELS-010-3,HELS-010,Band 3 (1800MHz),-81.0,-12.4,5.2,77.9,54.7,198.0
2026-07-17 17:00:00,HELS-011-1,HELS-011,Band 1 (2100MHz),-92.7,-11.8,17.7,78.4,41.3,132.1
2026-07-17 17:00:00,HELS-011-2,HELS-011,Band 1 (2100MHz),-83.4,-12.1,16.6,75.3,48.2,156.2
2026-07-17 17:00:00,HELS-011-3,HELS-011,Band 1 (2100MHz),-79.7,-12.7,12.6,57.4,54.2,164.4
2026-07-17 17:00:00,HELS-012-1,HELS-012,Band 3 (1800MHz),-82.1,-12.6,16.3,80.5,55.3,138.7
2026-07-17 17:00:00,HELS-012-2,HELS-012,Band 3 (1800MHz),-98.8,-16.7,-2.0,83.4,52.9,139.6
2026-07-17 17:00:00,HELS-012-3,HELS-012,Band 3 (1800MHz),-87.1,-7.8,10.6,79.9,42.4,133.6
2026-07-17 17:00:00,HELS-013-1,HELS-013,Band 1 (2100MHz),-83.3,-14.3,9.9,87.8,61.0,103.5
2026-07-17 17:00:00,HELS-013-2,HELS-013,Band 1 (2100MHz),-82.5,-15.2,10.4,86.9,53.9,168.8
2026-07-17 17:00:00,HELS-013-3,HELS-013,Band 1 (2100MHz),-82.2,-11.6,13.3,76.1,53.8,146.6
2026-07-17 17:00:00,HELS-014-1,HELS-014,Band 3 (1800MHz),-90.8,-11.3,20.2,82.6,58.9,113.2
2026-07-17 17:00:00,HELS-014-2,HELS-014,Band 3 (1800MHz),-85.1,-8.1,16.8,61.0,57.8,152.3
2026-07-17 17:00:00,HELS-014-3,HELS-014,Band 3 (1800MHz),-80.9,-14.9,5.5,75.6,52.8,166.9
2026-07-17 18:00:00,HELS-001-1,HELS-001,Band 1 (2100MHz),-85.6,-13.2,10.3,54.7,57.7,133.5
2026-07-17 18:00:00,HELS-001-2,HELS-001,Band 1 (2100MHz),-102.9,-15.6,1.6,99.4,42.7,145.1
2026-07-17 18:00:00,HELS-001-3,HELS-001,Band 1 (2100MHz),-102.3,-18.3,4.6,78.3,53.0,174.0
2026-07-17 18:00:00,HELS-002-1,HELS-002,Band 3 (1800MHz),-79.5,-12.3,8.6,100.0,58.4,146.8
2026-07-17 18:00:00,HELS-002-2,HELS-002,Band 3 (1800MHz),-80.4,-10.7,17.4,80.1,45.1,159.5
2026-07-17 18:00:00,HELS-002-3,HELS-002,Band 3 (1800MHz),-80.1,-11.7,15.8,73.2,64.0,176.5
2026-07-17 18:00:00,HELS-003-1,HELS-003,Band 1 (2100MHz),-81.5,-11.8,9.4,85.7,63.7,173.9
2026-07-17 18:00:00,HELS-003-2,HELS-003,Band 1 (2100MHz),-84.8,-10.6,9.5,64.3,50.4,147.4
2026-07-17 18:00:00,HELS-003-3,HELS-003,Band 1 (2100MHz),-83.4,-12.8,18.2,96.7,62.3,197.5
2026-07-17 18:00:00,HELS-004-1,HELS-004,Band 3 (1800MHz),-84.7,-12.2,17.1,100.0,51.7,117.8
2026-07-17 18:00:00,HELS-004-2,HELS-004,Band 3 (1800MHz),-82.5,-13.6,9.3,78.0,52.4,184.0
2026-07-17 18:00:00,HELS-004-3,HELS-004,Band 3 (1800MHz),-84.4,-15.6,16.1,89.1,47.5,151.5
2026-07-17 18:00:00,HELS-005-1,HELS-005,Band 1 (2100MHz),-95.1,-18.6,-3.3,97.8,60.3,129.6
2026-07-17 18:00:00,HELS-005-2,HELS-005,Band 1 (2100MHz),-79.0,-11.9,13.4,85.4,35.9,121.5
2026-07-17 18:00:00,HELS-005-3,HELS-005,Band 1 (2100MHz),-87.8,-9.5,21.7,79.4,50.7,112.5
2026-07-17 18:00:00,HELS-006-1,HELS-006,Band 3 (1800MHz),-83.3,-13.1,10.6,93.2,43.8,142.0
2026-07-17 18:00:00,HELS-006-2,HELS-006,Band 3 (1800MHz),-82.5,-13.1,17.9,72.0,50.9,130.3
2026-07-17 18:00:00,HELS-006-3,HELS-006,Band 3 (1800MHz),-80.7,-9.8,4.5,100.0,38.0,180.1
2026-07-17 18:00:00,HELS-007-1,HELS-007,Band 1 (2100MHz),-78.0,-12.2,11.5,100.0,60.4,107.3
2026-07-17 18:00:00,HELS-007-2,HELS-007,Band 1 (2100MHz),-86.2,-11.9,13.6,91.5,39.1,145.8
2026-07-17 18:00:00,HELS-007-3,HELS-007,Band 1 (2100MHz),-86.3,-12.4,15.8,83.1,55.7,149.5
2026-07-17 18:00:00,HELS-008-1,HELS-008,Band 3 (1800MHz),-78.7,-11.4,17.3,68.6,41.8,167.6
2026-07-17 18:00:00,HELS-008-2,HELS-008,Band 3 (1800MHz),-87.0,-14.0,14.8,69.6,49.4,122.4
2026-07-17 18:00:00,HELS-008-3,HELS-008,Band 3 (1800MHz),-83.9,-14.3,14.9,87.0,37.8,110.8
2026-07-17 18:00:00,HELS-009-1,HELS-009,Band 1 (2100MHz),-82.5,-16.9,13.2,79.7,39.1,142.2
2026-07-17 18:00:00,HELS-009-2,HELS-009,Band 1 (2100MHz),-83.8,-12.9,10.5,80.0,47.2,153.6
2026-07-17 18:00:00,HELS-009-3,HELS-009,Band 1 (2100MHz),-79.8,-10.5,11.4,100.0,56.3,139.1
2026-07-17 18:00:00,HELS-010-1,HELS-010,Band 3 (1800MHz),-79.7,-9.5,15.2,82.3,49.4,163.6
2026-07-17 18:00:00,HELS-010-2,HELS-010,Band 3 (1800MHz),-87.4,-14.6,2.2,90.6,33.3,157.3
2026-07-17 18:00:00,HELS-010-3,HELS-010,Band 3 (1800MHz),-86.1,-12.6,22.6,89.8,67.3,180.6
2026-07-17 18:00:00,HELS-011-1,HELS-011,Band 1 (2100MHz),-85.6,-11.6,9.6,98.9,43.5,156.5
2026-07-17 18:00:00,HELS-011-2,HELS-011,Band 1 (2100MHz),-79.8,-11.8,14.3,95.5,51.1,178.6
2026-07-17 18:00:00,HELS-011-3,HELS-011,Band 1 (2100MHz),-84.8,-12.7,6.0,89.6,52.2,163.2
2026-07-17 18:00:00,HELS-012-1,HELS-012,Band 3 (1800MHz),-80.9,-11.7,22.6,100.0,59.9,172.8
2026-07-17 18:00:00,HELS-012-2,HELS-012,Band 3 (1800MHz),-99.0,-17.7,11.9,100.0,33.4,165.2
2026-07-17 18:00:00,HELS-012-3,HELS-012,Band 3 (1800MHz),-87.4,-9.8,14.6,100.0,68.3,160.2
2026-07-17 18:00:00,HELS-013-1,HELS-013,Band 1 (2100MHz),-89.1,-9.2,14.1,96.7,59.1,118.0
2026-07-17 18:00:00,HELS-013-2,HELS-013,Band 1 (2100MHz),-79.5,-11.7,16.7,83.4,49.3,107.6
2026-07-17 18:00:00,HELS-013-3,HELS-013,Band 1 (2100MHz),-86.4,-15.2,20.9,78.9,52.3,170.9
2026-07-17 18:00:00,HELS-014-1,HELS-014,Band 3 (1800MHz),-78.7,-11.8,13.0,99.3,51.8,170.9
2026-07-17 18:00:00,HELS-014-2,HELS-014,Band 3 (1800MHz),-84.7,-11.9,12.4,99.8,42.7,146.2
2026-07-17 18:00:00,HELS-014-3,HELS-014,Band 3 (1800MHz),-78.2,-9.7,11.6,84.7,54.7,97.1
2026-07-17 19:00:00,HELS-001-1,HELS-001,Band 1 (2100MHz),-87.6,-13.1,11.9,80.8,37.0,145.4
2026-07-17 19:00:00,HELS-001-2,HELS-001,Band 1 (2100MHz),-97.2,-15.9,2.6,100.0,38.5,137.3
2026-07-17 19:00:00,HELS-001-3,HELS-001,Band 1 (2100MHz),-87.8,-14.8,4.4,93.5,40.6,110.7
2026-07-17 19:00:00,HELS-002-1,HELS-002,Band 3 (1800MHz),-86.0,-17.9,6.0,74.0,37.1,176.5
2026-07-17 19:00:00,HELS-002-2,HELS-002,Band 3 (1800MHz),-90.4,-10.8,10.0,88.5,51.8,168.6
2026-07-17 19:00:00,HELS-002-3,HELS-002,Band 3 (1800MHz),-83.0,-10.7,14.7,97.0,54.4,150.5
2026-07-17 19:00:00,HELS-003-1,HELS-003,Band 1 (2100MHz),-85.1,-10.5,1.5,63.6,57.1,127.3
2026-07-17 19:00:00,HELS-003-2,HELS-003,Band 1 (2100MHz),-84.8,-12.2,15.6,94.5,44.4,99.4
2026-07-17 19:00:00,HELS-003-3,HELS-003,Band 1 (2100MHz),-95.2,-14.7,8.7,94.2,44.5,134.3
2026-07-17 19:00:00,HELS-004-1,HELS-004,Band 3 (1800MHz),-83.5,-14.7,10.8,89.5,50.1,105.1
2026-07-17 19:00:00,HELS-004-2,HELS-004,Band 3 (1800MHz),-80.5,-12.1,16.0,76.5,52.3,159.1
2026-07-17 19:00:00,HELS-004-3,HELS-004,Band 3 (1800MHz),-86.4,-14.4,13.7,81.8,35.8,144.3
2026-07-17 19:00:00,HELS-005-1,HELS-005,Band 1 (2100MHz),-103.2,-15.2,-1.7,97.9,47.3,125.4
2026-07-17 19:00:00,HELS-005-2,HELS-005,Band 1 (2100MHz),-89.3,-11.7,12.4,84.6,52.6,156.0
2026-07-17 19:00:00,HELS-005-3,HELS-005,Band 1 (2100MHz),-81.6,-12.0,13.0,74.1,58.4,128.5
2026-07-17 19:00:00,HELS-006-1,HELS-006,Band 3 (1800MHz),-84.0,-13.9,0.6,94.1,63.3,135.2
2026-07-17 19:00:00,HELS-006-2,HELS-006,Band 3 (1800MHz),-87.0,-11.3,9.8,69.7,59.5,141.4
2026-07-17 19:00:00,HELS-006-3,HELS-006,Band 3 (1800MHz),-88.1,-14.2,11.4,82.4,55.9,149.7
2026-07-17 19:00:00,HELS-007-1,HELS-007,Band 1 (2100MHz),-92.3,-14.7,22.1,86.0,67.0,157.6
2026-07-17 19:00:00,HELS-007-2,HELS-007,Band 1 (2100MHz),-90.0,-15.1,18.8,88.1,53.2,155.7
2026-07-17 19:00:00,HELS-007-3,HELS-007,Band 1 (2100MHz),-88.0,-13.5,16.1,83.1,51.6,124.5
2026-07-17 19:00:00,HELS-008-1,HELS-008,Band 3 (1800MHz),-86.9,-12.2,15.8,100.0,49.3,162.8
2026-07-17 19:00:00,HELS-008-2,HELS-008,Band 3 (1800MHz),-83.6,-10.2,12.5,68.5,47.9,124.7
2026-07-17 19:00:00,HELS-008-3,HELS-008,Band 3 (1800MHz),-80.4,-11.0,6.1,66.2,40.5,98.0
2026-07-17 19:00:00,HELS-009-1,HELS-009,Band 1 (2100MHz),-92.1,-13.2,16.2,87.8,48.2,103.0
2026-07-17 19:00:00,HELS-009-2,HELS-009,Band 1 (2100MHz),-81.4,-9.1,15.8,80.0,47.0,139.1
2026-07-17 19:00:00,HELS-009-3,HELS-009,Band 1 (2100MHz),-85.8,-13.3,11.4,68.2,50.1,101.5
2026-07-17 19:00:00,HELS-010-1,HELS-010,Band 3 (1800MHz),-85.5,-13.7,10.3,100.0,57.3,127.1
2026-07-17 19:00:00,HELS-010-2,HELS-010,Band 3 (1800MHz),-88.2,-12.3,19.7,77.5,60.2,141.8
2026-07-17 19:00:00,HELS-010-3,HELS-010,Band 3 (1800MHz),-77.2,-8.8,17.1,89.0,49.4,142.1
2026-07-17 19:00:00,HELS-011-1,HELS-011,Band 1 (2100MHz),-86.9,-13.6,8.3,73.4,50.5,184.9
2026-07-17 19:00:00,HELS-011-2,HELS-011,Band 1 (2100MHz),-85.4,-12.0,15.9,98.3,51.1,139.3
2026-07-17 19:00:00,HELS-011-3,HELS-011,Band 1 (2100MHz),-80.5,-14.6,9.6,86.9,51.1,156.7
2026-07-17 19:00:00,HELS-012-1,HELS-012,Band 3 (1800MHz),-74.4,-13.8,12.9,87.0,56.2,142.2
2026-07-17 19:00:00,HELS-012-2,HELS-012,Band 3 (1800MHz),-98.3,-15.6,5.0,79.9,47.7,143.1
2026-07-17 19:00:00,HELS-012-3,HELS-012,Band 3 (1800MHz),-79.6,-11.3,12.2,94.8,52.3,147.2
2026-07-17 19:00:00,HELS-013-1,HELS-013,Band 1 (2100MHz),-91.4,-14.1,17.9,94.4,62.6,155.5
2026-07-17 19:00:00,HELS-013-2,HELS-013,Band 1 (2100MHz),-87.6,-12.8,18.8,82.5,49.8,138.8
2026-07-17 19:00:00,HELS-013-3,HELS-013,Band 1 (2100MHz),-81.0,-14.6,25.0,91.4,58.9,112.4
2026-07-17 19:00:00,HELS-014-1,HELS-014,Band 3 (1800MHz),-88.7,-13.2,10.1,83.3,46.7,156.6
2026-07-17 19:00:00,HELS-014-2,HELS-014,Band 3 (1800MHz),-79.1,-8.9,10.3,61.0,39.7,144.0
2026-07-17 19:00:00,HELS-014-3,HELS-014,Band 3 (1800MHz),-82.0,-13.4,6.4,76.5,45.2,143.7
2026-07-17 20:00:00,HELS-001-1,HELS-001,Band 1 (2100MHz),-86.8,-11.5,18.3,63.1,39.1,168.4
2026-07-17 20:00:00,HELS-001-2,HELS-001,Band 1 (2100MHz),-97.5,-11.8,4.1,76.0,49.2,116.3
2026-07-17 20:00:00,HELS-001-3,HELS-001,Band 1 (2100MHz),-94.8,-15.7,3.7,73.6,61.9,125.0
2026-07-17 20:00:00,HELS-002-1,HELS-002,Band 3 (1800MHz),-88.8,-11.0,5.6,81.7,40.8,146.8
2026-07-17 20:00:00,HELS-002-2,HELS-002,Band 3 (1800MHz),-85.0,-12.2,20.8,70.6,43.8,149.6
2026-07-17 20:00:00,HELS-002-3,HELS-002,Band 3 (1800MHz),-89.9,-13.1,5.4,67.1,39.6,143.0
2026-07-17 20:00:00,HELS-003-1,HELS-003,Band 1 (2100MHz),-79.6,-14.8,14.3,93.9,46.7,98.8
2026-07-17 20:00:00,HELS-003-2,HELS-003,Band 1 (2100MHz),-80.2,-14.7,8.8,86.4,28.6,107.7
2026-07-17 20:00:00,HELS-003-3,HELS-003,Band 1 (2100MHz),-90.5,-15.0,13.3,71.8,48.6,98.3
2026-07-17 20:00:00,HELS-004-1,HELS-004,Band 3 (1800MHz),-84.7,-13.0,11.1,64.8,52.2,103.0
2026-07-17 20:00:00,HELS-004-2,HELS-004,Band 3 (1800MHz),-82.0,-11.5,13.4,79.8,41.2,75.6
2026-07-17 20:00:00,HELS-004-3,HELS-004,Band 3 (1800MHz),-86.6,-10.7,6.5,90.0,39.3,115.8
2026-07-17 20:00:00,HELS-005-1,HELS-005,Band 1 (2100MHz),-97.2,-18.4,-5.8,77.1,39.3,144.2
2026-07-17 20:00:00,HELS-005-2,HELS-005,Band 1 (2100MHz),-82.3,-11.7,12.7,81.5,54.0,82.1
2026-07-17 20:00:00,HELS-005-3,HELS-005,Band 1 (2100MHz),-81.7,-10.0,20.9,89.5,54.1,126.3
2026-07-17 20:00:00,HELS-006-1,HELS-006,Band 3 (1800MHz),-80.4,-13.9,23.2,75.1,51.8,90.3
2026-07-17 20:00:00,HELS-006-2,HELS-006,Band 3 (1800MHz),-81.3,-10.1,7.1,66.0,44.7,128.1
2026-07-17 20:00:00,HELS-006-3,HELS-006,Band 3 (1800MHz),-79.9,-14.9,7.6,69.5,44.6,81.5
2026-07-17 20:00:00,HELS-007-1,HELS-007,Band 1 (2100MHz),-87.1,-9.2,18.5,92.9,47.1,79.7
2026-07-17 20:00:00,HELS-007-2,HELS-007,Band 1 (2100MHz),-84.4,-9.6,12.0,80.3,42.0,107.1
2026-07-17 20:00:00,HELS-007-3,HELS-007,Band 1 (2100MHz),-83.0,-10.5,9.1,68.3,44.7,131.5
2026-07-17 20:00:00,HELS-008-1,HELS-008,Band 3 (1800MHz),-85.6,-10.2,9.9,91.7,46.5,124.7
2026-07-17 20:00:00,HELS-008-2,HELS-008,Band 3 (1800MHz),-83.1,-11.7,4.7,63.1,46.5,101.6
2026-07-17 20:00:00,HELS-008-3,HELS-008,Band 3 (1800MHz),-83.0,-11.6,18.1,71.2,29.8,118.5
2026-07-17 20:00:00,HELS-009-1,HELS-009,Band 1 (2100MHz),-90.7,-11.2,8.2,64.8,42.5,125.8
2026-07-17 20:00:00,HELS-009-2,HELS-009,Band 1 (2100MHz),-80.2,-12.4,16.0,73.1,48.8,125.6
2026-07-17 20:00:00,HELS-009-3,HELS-009,Band 1 (2100MHz),-85.5,-12.8,17.0,76.5,36.3,129.7
2026-07-17 20:00:00,HELS-010-1,HELS-010,Band 3 (1800MHz),-88.2,-13.0,16.2,75.4,39.8,147.9
2026-07-17 20:00:00,HELS-010-2,HELS-010,Band 3 (1800MHz),-80.6,-14.8,13.0,89.6,48.3,140.8
2026-07-17 20:00:00,HELS-010-3,HELS-010,Band 3 (1800MHz),-79.2,-11.5,13.3,84.6,31.2,110.1
2026-07-17 20:00:00,HELS-011-1,HELS-011,Band 1 (2100MHz),-79.9,-9.0,14.2,78.0,43.1,131.8
2026-07-17 20:00:00,HELS-011-2,HELS-011,Band 1 (2100MHz),-84.8,-10.9,16.7,53.3,40.1,141.7
2026-07-17 20:00:00,HELS-011-3,HELS-011,Band 1 (2100MHz),-80.8,-9.5,22.6,52.2,50.0,163.1
2026-07-17 20:00:00,HELS-012-1,HELS-012,Band 3 (1800MHz),-82.7,-9.6,12.9,70.4,34.4,103.0
2026-07-17 20:00:00,HELS-012-2,HELS-012,Band 3 (1800MHz),-97.5,-14.0,8.9,78.5,59.5,122.5
2026-07-17 20:00:00,HELS-012-3,HELS-012,Band 3 (1800MHz),-82.1,-10.5,9.9,93.2,31.5,108.0
2026-07-17 20:00:00,HELS-013-1,HELS-013,Band 1 (2100MHz),-81.7,-12.8,18.2,86.2,47.0,116.1
2026-07-17 20:00:00,HELS-013-2,HELS-013,Band 1 (2100MHz),-85.1,-12.0,19.0,57.5,44.6,95.8
2026-07-17 20:00:00,HELS-013-3,HELS-013,Band 1 (2100MHz),-84.1,-13.9,19.3,80.0,40.9,110.3
2026-07-17 20:00:00,HELS-014-1,HELS-014,Band 3 (1800MHz),-80.7,-14.5,20.1,82.1,34.0,126.6
2026-07-17 20:00:00,HELS-014-2,HELS-014,Band 3 (1800MHz),-91.4,-12.1,17.7,76.5,57.5,110.8
2026-07-17 20:00:00,HELS-014-3,HELS-014,Band 3 (1800MHz),-87.7,-14.5,14.3,78.8,48.0,137.2
2026-07-17 21:00:00,HELS-001-1,HELS-001,Band 1 (2100MHz),-85.6,-9.0,11.8,32.8,7.8,22.4
2026-07-17 21:00:00,HELS-001-2,HELS-001,Band 1 (2100MHz),-108.7,-12.9,2.0,24.9,6.6,0.0
2026-07-17 21:00:00,HELS-001-3,HELS-001,Band 1 (2100MHz),-102.9,-10.1,5.7,29.6,17.7,63.0
2026-07-17 21:00:00,HELS-002-1,HELS-002,Band 3 (1800MHz),-82.6,-5.3,8.3,27.1,19.5,27.6
2026-07-17 21:00:00,HELS-002-2,HELS-002,Band 3 (1800MHz),-88.3,-10.4,14.7,15.6,13.7,13.4
2026-07-17 21:00:00,HELS-002-3,HELS-002,Band 3 (1800MHz),-81.1,-9.0,10.6,36.3,33.1,39.3
2026-07-17 21:00:00,HELS-003-1,HELS-003,Band 1 (2100MHz),-92.9,-7.1,11.5,8.9,0.0,57.0
2026-07-17 21:00:00,HELS-003-2,HELS-003,Band 1 (2100MHz),-82.3,-6.4,7.4,0.0,5.1,30.5
2026-07-17 21:00:00,HELS-003-3,HELS-003,Band 1 (2100MHz),-78.5,-11.7,17.0,16.3,8.9,42.2
2026-07-17 21:00:00,HELS-004-1,HELS-004,Band 3 (1800MHz),-82.3,-6.5,12.5,14.6,23.5,46.6
2026-07-17 21:00:00,HELS-004-2,HELS-004,Band 3 (1800MHz),-83.0,-10.2,9.4,21.0,8.8,0.0
2026-07-17 21:00:00,HELS-004-3,HELS-004,Band 3 (1800MHz),-84.8,-8.2,9.1,18.8,5.6,37.5
2026-07-17 21:00:00,HELS-005-1,HELS-005,Band 1 (2100MHz),-101.6,-13.4,6.6,16.1,19.9,3.6
2026-07-17 21:00:00,HELS-005-2,HELS-005,Band 1 (2100MHz),-85.7,-11.2,16.0,30.9,4.7,20.9
2026-07-17 21:00:00,HELS-005-3,HELS-005,Band 1 (2100MHz),-90.1,-7.4,7.9,6.0,4.3,0.0
2026-07-17 21:00:00,HELS-006-1,HELS-006,Band 3 (1800MHz),-87.1,-7.6,13.2,33.1,5.4,22.9
2026-07-17 21:00:00,HELS-006-2,HELS-006,Band 3 (1800MHz),-80.6,-12.1,5.9,15.1,6.1,10.1
2026-07-17 21:00:00,HELS-006-3,HELS-006,Band 3 (1800MHz),-83.6,-7.8,28.5,0.0,14.2,11.5
2026-07-17 21:00:00,HELS-007-1,HELS-007,Band 1 (2100MHz),-84.2,-7.9,12.4,14.2,14.3,0.0
2026-07-17 21:00:00,HELS-007-2,HELS-007,Band 1 (2100MHz),-85.9,-8.7,17.8,27.8,6.2,49.9
2026-07-17 21:00:00,HELS-007-3,HELS-007,Band 1 (2100MHz),-86.6,-7.6,16.2,26.7,14.9,19.2
2026-07-17 21:00:00,HELS-008-1,HELS-008,Band 3 (1800MHz),-80.5,-3.9,14.5,20.8,14.3,65.1
2026-07-17 21:00:00,HELS-008-2,HELS-008,Band 3 (1800MHz),-77.6,-8.9,14.9,30.4,10.5,23.8
2026-07-17 21:00:00,HELS-008-3,HELS-008,Band 3 (1800MHz),-80.7,-10.5,14.6,21.5,14.2,51.8
2026-07-17 21:00:00,HELS-009-1,HELS-009,Band 1 (2100MHz),-88.1,-11.5,10.5,29.3,5.8,34.6
2026-07-17 21:00:00,HELS-009-2,HELS-009,Band 1 (2100MHz),-85.9,-8.1,16.2,26.5,21.3,60.4
2026-07-17 21:00:00,HELS-009-3,HELS-009,Band 1 (2100MHz),-80.4,-9.2,10.5,0.0,8.5,40.5
2026-07-17 21:00:00,HELS-010-1,HELS-010,Band 3 (1800MHz),-88.9,-11.0,5.9,13.9,8.0,17.1
2026-07-17 21:00:00,HELS-010-2,HELS-010,Band 3 (1800MHz),-85.2,-9.6,12.7,24.0,4.9,27.2
2026-07-17 21:00:00,HELS-010-3,HELS-010,Band 3 (1800MHz),-78.5,-9.9,8.7,21.7,1.6,45.6
2026-07-17 21:00:00,HELS-011-1,HELS-011,Band 1 (2100MHz),-88.8,-7.6,11.8,20.3,9.6,50.7
2026-07-17 21:00:00,HELS-011-2,HELS-011,Band 1 (2100MHz),-87.7,-5.3,11.4,23.5,11.8,34.7
2026-07-17 21:00:00,HELS-011-3,HELS-011,Band 1 (2100MHz),-79.3,-12.1,6.4,0.0,8.4,30.8
2026-07-17 21:00:00,HELS-012-1,HELS-012,Band 3 (1800MHz),-85.7,-7.7,15.2,18.7,15.4,0.0
2026-07-17 21:00:00,HELS-012-2,HELS-012,Band 3 (1800MHz),-95.0,-11.3,0.3,46.8,16.5,22.8
2026-07-17 21:00:00,HELS-012-3,HELS-012,Band 3 (1800MHz),-76.9,-8.6,14.6,19.5,12.3,68.2
2026-07-17 21:00:00,HELS-013-1,HELS-013,Band 1 (2100MHz),-74.1,-7.3,5.9,0.0,0.0,59.3
2026-07-17 21:00:00,HELS-013-2,HELS-013,Band 1 (2100MHz),-78.0,-9.9,9.7,0.0,11.6,28.0
2026-07-17 21:00:00,HELS-013-3,HELS-013,Band 1 (2100MHz),-80.8,-9.1,19.9,19.7,12.1,28.2
2026-07-17 21:00:00,HELS-014-1,HELS-014,Band 3 (1800MHz),-81.8,-8.3,15.0,17.2,15.0,15.9
2026-07-17 21:00:00,HELS-014-2,HELS-014,Band 3 (1800MHz),-88.7,-10.6,16.2,14.1,3.7,22.9
2026-07-17 21:00:00,HELS-014-3,HELS-014,Band 3 (1800MHz),-88.2,-7.3,18.0,14.1,19.0,53.3
2026-07-17 22:00:00,HELS-001-1,HELS-001,Band 1 (2100MHz),-80.3,-3.9,12.0,26.7,0.4,0.0
2026-07-17 22:00:00,HELS-001-2,HELS-001,Band 1 (2100MHz),-96.7,-11.5,5.4,8.1,10.6,43.9
2026-07-17 22:00:00,HELS-001-3,HELS-001,Band 1 (2100MHz),-90.8,-14.3,9.8,6.9,15.0,0.0
2026-07-17 22:00:00,HELS-002-1,HELS-002,Band 3 (1800MHz),-82.4,-3.6,1.7,20.0,8.3,36.1
2026-07-17 22:00:00,HELS-002-2,HELS-002,Band 3 (1800MHz),-86.5,-5.5,20.2,8.6,9.7,28.9
2026-07-17 22:00:00,HELS-002-3,HELS-002,Band 3 (1800MHz),-81.2,-4.9,15.8,0.0,0.0,8.8
2026-07-17 22:00:00,HELS-003-1,HELS-003,Band 1 (2100MHz),-82.0,-8.5,10.7,20.0,7.0,34.3
2026-07-17 22:00:00,HELS-003-2,HELS-003,Band 1 (2100MHz),-84.3,-9.6,14.0,3.2,10.6,0.0
2026-07-17 22:00:00,HELS-003-3,HELS-003,Band 1 (2100MHz),-82.1,-9.8,12.0,11.5,2.5,0.0
2026-07-17 22:00:00,HELS-004-1,HELS-004,Band 3 (1800MHz),-89.5,-8.9,14.6,23.0,0.3,34.8
2026-07-17 22:00:00,HELS-004-2,HELS-004,Band 3 (1800MHz),-86.5,-8.5,20.1,0.0,5.9,21.9
2026-07-17 22:00:00,HELS-004-3,HELS-004,Band 3 (1800MHz),-89.6,-6.5,2.6,11.4,0.3,0.0
2026-07-17 22:00:00,HELS-005-1,HELS-005,Band 1 (2100MHz),-100.4,-8.3,8.0,23.8,11.8,32.0
2026-07-17 22:00:00,HELS-005-2,HELS-005,Band 1 (2100MHz),-87.0,-8.5,16.7,16.6,5.1,37.4
2026-07-17 22:00:00,HELS-005-3,HELS-005,Band 1 (2100MHz),-86.3,-7.6,10.6,19.1,9.0,0.0
2026-07-17 22:00:00,HELS-006-1,HELS-006,Band 3 (1800MHz),-81.1,-4.9,9.4,36.0,2.9,0.0
2026-07-17 22:00:00,HELS-006-2,HELS-006,Band 3 (1800MHz),-81.8,-11.3,9.1,0.0,0.0,44.2
2026-07-17 22:00:00,HELS-006-3,HELS-006,Band 3 (1800MHz),-80.7,-10.1,15.1,25.4,0.0,0.0
2026-07-17 22:00:00,HELS-007-1,HELS-007,Band 1 (2100MHz),-90.0,-6.5,13.9,0.0,2.4,0.0
2026-07-17 22:00:00,HELS-007-2,HELS-007,Band 1 (2100MHz),-89.5,-9.5,12.7,0.0,0.0,4.2
2026-07-17 22:00:00,HELS-007-3,HELS-007,Band 1 (2100MHz),-85.4,-11.1,12.6,2.7,3.4,8.0
2026-07-17 22:00:00,HELS-008-1,HELS-008,Band 3 (1800MHz),-86.9,-6.5,15.0,17.7,0.0,0.0
2026-07-17 22:00:00,HELS-008-2,HELS-008,Band 3 (1800MHz),-86.7,-10.3,13.6,14.6,0.0,37.8
2026-07-17 22:00:00,HELS-008-3,HELS-008,Band 3 (1800MHz),-84.1,-9.6,9.1,9.1,0.0,0.0
2026-07-17 22:00:00,HELS-009-1,HELS-009,Band 1 (2100MHz),-88.2,-4.9,15.3,0.0,0.0,0.0
2026-07-17 22:00:00,HELS-009-2,HELS-009,Band 1 (2100MHz),-84.1,-8.7,12.3,15.9,10.6,24.6
2026-07-17 22:00:00,HELS-009-3,HELS-009,Band 1 (2100MHz),-79.6,-5.0,13.6,8.7,13.7,13.1
2026-07-17 22:00:00,HELS-010-1,HELS-010,Band 3 (1800MHz),-87.5,-6.8,14.1,25.8,2.6,37.1
2026-07-17 22:00:00,HELS-010-2,HELS-010,Band 3 (1800MHz),-86.6,-7.6,12.6,23.2,20.1,6.6
2026-07-17 22:00:00,HELS-010-3,HELS-010,Band 3 (1800MHz),-89.7,-7.2,10.9,13.7,0.0,0.0
2026-07-17 22:00:00,HELS-011-1,HELS-011,Band 1 (2100MHz),-82.4,-3.6,17.5,0.0,20.6,45.7
2026-07-17 22:00:00,HELS-011-2,HELS-011,Band 1 (2100MHz),-80.4,-4.1,14.1,0.0,0.0,58.7
2026-07-17 22:00:00,HELS-011-3,HELS-011,Band 1 (2100MHz),-82.8,-6.2,17.3,1.3,0.0,0.0
2026-07-17 22:00:00,HELS-012-1,HELS-012,Band 3 (1800MHz),-86.8,-11.5,16.5,18.8,7.0,7.5
2026-07-17 22:00:00,HELS-012-2,HELS-012,Band 3 (1800MHz),-96.7,-14.5,3.2,8.8,0.0,0.0
2026-07-17 22:00:00,HELS-012-3,HELS-012,Band 3 (1800MHz),-86.5,-8.7,11.4,25.0,7.4,10.3
2026-07-17 22:00:00,HELS-013-1,HELS-013,Band 1 (2100MHz),-89.9,-6.3,7.5,24.7,14.3,12.9
2026-07-17 22:00:00,HELS-013-2,HELS-013,Band 1 (2100MHz),-83.4,-4.9,13.1,18.5,21.2,0.0
2026-07-17 22:00:00,HELS-013-3,HELS-013,Band 1 (2100MHz),-87.8,-6.7,7.7,0.0,0.0,34.6
2026-07-17 22:00:00,HELS-014-1,HELS-014,Band 3 (1800MHz),-84.0,-9.2,10.9,17.9,0.0,34.0
2026-07-17 22:00:00,HELS-014-2,HELS-014,Band 3 (1800MHz),-82.0,-7.0,18.9,0.4,8.8,0.0
2026-07-17 22:00:00,HELS-014-3,HELS-014,Band 3 (1800MHz),-83.2,-8.8,16.0,9.9,0.0,21.3
2026-07-17 23:00:00,HELS-001-1,HELS-001,Band 1 (2100MHz),-89.0,-7.6,10.9,0.0,0.7,60.6
2026-07-17 23:00:00,HELS-001-2,HELS-001,Band 1 (2100MHz),-94.2,-14.2,4.1,0.0,12.3,12.9
2026-07-17 23:00:00,HELS-001-3,HELS-001,Band 1 (2100MHz),-94.3,-12.4,3.7,13.1,0.0,37.0
2026-07-17 23:00:00,HELS-002-1,HELS-002,Band 3 (1800MHz),-88.8,-6.2,13.5,17.9,20.5,20.1
2026-07-17 23:00:00,HELS-002-2,HELS-002,Band 3 (1800MHz),-88.6,-6.7,11.3,0.0,9.2,0.0
2026-07-17 23:00:00,HELS-002-3,HELS-002,Band 3 (1800MHz),-80.2,-11.3,16.8,17.2,8.1,18.9
2026-07-17 23:00:00,HELS-003-1,HELS-003,Band 1 (2100MHz),-80.1,-11.0,15.5,7.5,5.9,14.1
2026-07-17 23:00:00,HELS-003-2,HELS-003,Band 1 (2100MHz),-84.2,-6.6,23.1,19.1,7.2,26.2
2026-07-17 23:00:00,HELS-003-3,HELS-003,Band 1 (2100MHz),-87.8,-5.7,15.2,6.1,9.0,0.0
2026-07-17 23:00:00,HELS-004-1,HELS-004,Band 3 (1800MHz),-85.5,-8.3,13.0,12.2,25.2,0.0
2026-07-17 23:00:00,HELS-004-2,HELS-004,Band 3 (1800MHz),-92.8,-7.1,17.7,6.5,16.5,53.8
2026-07-17 23:00:00,HELS-004-3,HELS-004,Band 3 (1800MHz),-88.3,-7.0,4.7,12.3,0.0,0.0
2026-07-17 23:00:00,HELS-005-1,HELS-005,Band 1 (2100MHz),-96.0,-7.6,-0.1,29.6,2.5,15.3
2026-07-17 23:00:00,HELS-005-2,HELS-005,Band 1 (2100MHz),-89.7,-9.7,19.5,0.0,26.0,43.0
2026-07-17 23:00:00,HELS-005-3,HELS-005,Band 1 (2100MHz),-80.3,-5.4,17.5,0.0,0.0,42.7
2026-07-17 23:00:00,HELS-006-1,HELS-006,Band 3 (1800MHz),-86.7,-6.6,10.6,14.6,7.0,5.0
2026-07-17 23:00:00,HELS-006-2,HELS-006,Band 3 (1800MHz),-83.2,-5.8,11.4,8.8,8.6,14.0
2026-07-17 23:00:00,HELS-006-3,HELS-006,Band 3 (1800MHz),-84.2,-5.1,0.2,4.1,0.0,17.3
2026-07-17 23:00:00,HELS-007-1,HELS-007,Band 1 (2100MHz),-80.1,-7.5,13.6,22.9,18.0,14.4
2026-07-17 23:00:00,HELS-007-2,HELS-007,Band 1 (2100MHz),-85.8,-6.7,6.4,15.9,0.0,20.0
2026-07-17 23:00:00,HELS-007-3,HELS-007,Band 1 (2100MHz),-85.0,-7.5,12.6,0.0,4.7,6.5
2026-07-17 23:00:00,HELS-008-1,HELS-008,Band 3 (1800MHz),-84.4,-9.4,15.6,0.0,0.0,0.0
2026-07-17 23:00:00,HELS-008-2,HELS-008,Band 3 (1800MHz),-88.1,-7.9,8.0,20.6,0.0,46.2
2026-07-17 23:00:00,HELS-008-3,HELS-008,Band 3 (1800MHz),-78.7,-5.9,15.3,0.0,0.0,34.6
2026-07-17 23:00:00,HELS-009-1,HELS-009,Band 1 (2100MHz),-99.3,-4.6,15.6,7.4,0.0,0.0
2026-07-17 23:00:00,HELS-009-2,HELS-009,Band 1 (2100MHz),-81.9,-9.3,12.1,0.0,0.0,0.0
2026-07-17 23:00:00,HELS-009-3,HELS-009,Band 1 (2100MHz),-88.2,-10.1,6.9,22.4,9.6,48.2
2026-07-17 23:00:00,HELS-010-1,HELS-010,Band 3 (1800MHz),-79.0,-9.8,17.9,8.9,7.9,27.7
2026-07-17 23:00:00,HELS-010-2,HELS-010,Band 3 (1800MHz),-83.1,-10.4,18.9,0.0,12.7,13.7
2026-07-17 23:00:00,HELS-010-3,HELS-010,Band 3 (1800MHz),-86.8,-9.5,15.6,5.6,5.1,28.9
2026-07-17 23:00:00,HELS-011-1,HELS-011,Band 1 (2100MHz),-87.6,-6.7,19.8,15.1,3.3,19.5
2026-07-17 23:00:00,HELS-011-2,HELS-011,Band 1 (2100MHz),-74.7,-10.8,14.9,0.0,0.0,0.0
2026-07-17 23:00:00,HELS-011-3,HELS-011,Band 1 (2100MHz),-86.9,-4.8,13.5,0.0,0.0,40.6
2026-07-17 23:00:00,HELS-012-1,HELS-012,Band 3 (1800MHz),-85.2,-10.6,10.5,0.0,0.0,15.3
2026-07-17 23:00:00,HELS-012-2,HELS-012,Band 3 (1800MHz),-98.6,-12.1,10.4,0.0,0.0,23.4
2026-07-17 23:00:00,HELS-012-3,HELS-012,Band 3 (1800MHz),-80.7,-12.8,12.7,0.0,0.0,41.5
2026-07-17 23:00:00,HELS-013-1,HELS-013,Band 1 (2100MHz),-83.1,-9.3,14.0,28.2,0.0,77.4
2026-07-17 23:00:00,HELS-013-2,HELS-013,Band 1 (2100MHz),-88.2,-10.4,25.5,9.2,0.0,0.0
2026-07-17 23:00:00,HELS-013-3,HELS-013,Band 1 (2100MHz),-82.0,-8.9,13.3,0.0,4.0,12.8
2026-07-17 23:00:00,HELS-014-1,HELS-014,Band 3 (1800MHz),-77.6,-6.7,11.2,0.0,8.5,0.0
2026-07-17 23:00:00,HELS-014-2,HELS-014,Band 3 (1800MHz),-78.9,-6.4,18.7,0.0,8.0,77.0
2026-07-17 23:00:00,HELS-014-3,HELS-014,Band 3 (1800MHz),-85.6,-8.3,12.8,0.0,0.0,35.2
2026-07-18 00:00:00,HELS-001-1,HELS-001,Band 1 (2100MHz),-78.2,-4.7,13.8,0.3,14.7,15.0
2026-07-18 00:00:00,HELS-001-2,HELS-001,Band 1 (2100MHz),-102.1,-10.6,7.6,0.0,0.0,44.9
2026-07-18 00:00:00,HELS-001-3,HELS-001,Band 1 (2100MHz),-99.4,-11.0,4.7,1.7,4.0,16.7
2026-07-18 00:00:00,HELS-002-1,HELS-002,Band 3 (1800MHz),-83.6,-9.3,8.2,23.8,0.0,11.1
2026-07-18 00:00:00,HELS-002-2,HELS-002,Band 3 (1800MHz),-79.5,-6.4,9.9,7.3,9.0,20.9
2026-07-18 00:00:00,HELS-002-3,HELS-002,Band 3 (1800MHz),-86.3,-8.9,6.5,34.0,2.3,0.4
2026-07-18 00:00:00,HELS-003-1,HELS-003,Band 1 (2100MHz),-84.3,-5.2,9.1,28.9,17.0,14.2
2026-07-18 00:00:00,HELS-003-2,HELS-003,Band 1 (2100MHz),-86.9,-10.7,16.6,6.5,9.3,18.3
2026-07-18 00:00:00,HELS-003-3,HELS-003,Band 1 (2100MHz),-82.0,-7.3,25.1,0.0,0.0,36.1
2026-07-18 00:00:00,HELS-004-1,HELS-004,Band 3 (1800MHz),-91.7,-9.7,20.8,7.3,0.0,0.0
2026-07-18 00:00:00,HELS-004-2,HELS-004,Band 3 (1800MHz),-91.5,-6.0,7.5,15.4,0.0,10.3
2026-07-18 00:00:00,HELS-004-3,HELS-004,Band 3 (1800MHz),-79.0,-11.8,5.4,0.0,21.6,17.4
2026-07-18 00:00:00,HELS-005-1,HELS-005,Band 1 (2100MHz),-90.9,-11.2,8.7,10.3,10.3,2.0
2026-07-18 00:00:00,HELS-005-2,HELS-005,Band 1 (2100MHz),-91.3,-8.3,14.2,6.9,4.7,31.3
2026-07-18 00:00:00,HELS-005-3,HELS-005,Band 1 (2100MHz),-83.6,-4.8,10.0,9.0,7.8,0.0
2026-07-18 00:00:00,HELS-006-1,HELS-006,Band 3 (1800MHz),-91.9,-5.6,12.5,17.5,0.0,0.0
2026-07-18 00:00:00,HELS-006-2,HELS-006,Band 3 (1800MHz),-84.7,-13.0,17.4,0.0,14.4,0.0
2026-07-18 00:00:00,HELS-006-3,HELS-006,Band 3 (1800MHz),-83.8,-6.1,17.3,21.3,0.0,0.0
2026-07-18 00:00:00,HELS-007-1,HELS-007,Band 1 (2100MHz),-86.2,-7.5,10.2,20.3,4.1,36.1
2026-07-18 00:00:00,HELS-007-2,HELS-007,Band 1 (2100MHz),-87.1,-7.6,17.1,1.1,17.5,0.6
2026-07-18 00:00:00,HELS-007-3,HELS-007,Band 1 (2100MHz),-78.9,-8.2,19.5,25.3,8.9,23.5
2026-07-18 00:00:00,HELS-008-1,HELS-008,Band 3 (1800MHz),-86.9,-7.8,12.9,2.5,0.0,42.7
2026-07-18 00:00:00,HELS-008-2,HELS-008,Band 3 (1800MHz),-89.8,-8.6,15.3,6.0,0.0,28.0
2026-07-18 00:00:00,HELS-008-3,HELS-008,Band 3 (1800MHz),-83.8,-8.1,4.1,6.9,4.2,29.1
2026-07-18 00:00:00,HELS-009-1,HELS-009,Band 1 (2100MHz),-85.6,-5.7,8.6,0.0,0.0,36.3
2026-07-18 00:00:00,HELS-009-2,HELS-009,Band 1 (2100MHz),-85.6,-6.8,12.9,16.9,10.9,39.3
2026-07-18 00:00:00,HELS-009-3,HELS-009,Band 1 (2100MHz),-78.4,-8.2,11.4,28.6,0.0,16.0
2026-07-18 00:00:00,HELS-010-1,HELS-010,Band 3 (1800MHz),-88.3,-8.1,11.2,27.1,5.2,37.2
2026-07-18 00:00:00,HELS-010-2,HELS-010,Band 3 (1800MHz),-82.6,-8.1,21.2,1.4,6.7,0.0
2026-07-18 00:00:00,HELS-010-3,HELS-010,Band 3 (1800MHz),-92.2,-6.5,16.2,23.6,0.0,19.1
2026-07-18 00:00:00,HELS-011-1,HELS-011,Band 1 (2100MHz),-91.2,-2.5,9.9,15.7,0.1,31.0
2026-07-18 00:00:00,HELS-011-2,HELS-011,Band 1 (2100MHz),-89.7,-10.7,14.0,0.0,11.7,11.2
2026-07-18 00:00:00,HELS-011-3,HELS-011,Band 1 (2100MHz),-81.0,-8.6,14.3,28.6,12.8,63.2
2026-07-18 00:00:00,HELS-012-1,HELS-012,Band 3 (1800MHz),-86.8,-8.9,9.9,0.0,0.0,32.7
2026-07-18 00:00:00,HELS-012-2,HELS-012,Band 3 (1800MHz),-88.6,-13.0,0.2,14.5,12.1,5.9
2026-07-18 00:00:00,HELS-012-3,HELS-012,Band 3 (1800MHz),-86.7,-7.6,7.8,5.1,8.8,8.8
2026-07-18 00:00:00,HELS-013-1,HELS-013,Band 1 (2100MHz),-83.7,-5.7,21.5,8.9,0.0,4.0
2026-07-18 00:00:00,HELS-013-2,HELS-013,Band 1 (2100MHz),-85.4,-8.0,8.4,0.0,13.2,43.2
2026-07-18 00:00:00,HELS-013-3,HELS-013,Band 1 (2100MHz),-87.4,-10.2,15.5,0.6,0.0,29.3
2026-07-18 00:00:00,HELS-014-1,HELS-014,Band 3 (1800MHz),-81.4,-6.7,12.7,11.7,0.7,8.6
2026-07-18 00:00:00,HELS-014-2,HELS-014,Band 3 (1800MHz),-88.0,-8.7,9.3,0.0,0.0,35.8
2026-07-18 00:00:00,HELS-014-3,HELS-014,Band 3 (1800MHz),-87.9,-9.9,2.9,27.6,0.0,11.4
2026-07-18 01:00:00,HELS-001-1,HELS-001,Band 1 (2100MHz),-88.0,-10.3,12.1,17.8,10.8,37.1
2026-07-18 01:00:00,HELS-001-2,HELS-001,Band 1 (2100MHz),-97.9,-12.4,0.7,11.2,22.4,6.9
2026-07-18 01:00:00,HELS-001-3,HELS-001,Band 1 (2100MHz),-105.2,-9.4,2.2,6.7,22.5,24.4
2026-07-18 01:00:00,HELS-002-1,HELS-002,Band 3 (1800MHz),-86.4,-5.9,10.8,0.0,0.5,48.1
2026-07-18 01:00:00,HELS-002-2,HELS-002,Band 3 (1800MHz),-79.5,-5.4,14.9,9.4,0.0,0.0
2026-07-18 01:00:00,HELS-002-3,HELS-002,Band 3 (1800MHz),-80.7,-6.6,14.7,1.5,6.3,18.2
2026-07-18 01:00:00,HELS-003-1,HELS-003,Band 1 (2100MHz),-86.6,-11.2,14.8,15.9,0.0,20.9
2026-07-18 01:00:00,HELS-003-2,HELS-003,Band 1 (2100MHz),-78.8,-8.3,17.4,7.8,0.8,21.7
2026-07-18 01:00:00,HELS-003-3,HELS-003,Band 1 (2100MHz),-83.4,-8.2,17.7,12.1,5.2,25.7
2026-07-18 01:00:00,HELS-004-1,HELS-004,Band 3 (1800MHz),-82.7,-7.3,12.9,28.7,10.6,0.0
2026-07-18 01:00:00,HELS-004-2,HELS-004,Band 3 (1800MHz),-85.3,-9.6,12.8,8.2,11.7,33.6
2026-07-18 01:00:00,HELS-004-3,HELS-004,Band 3 (1800MHz),-83.3,-6.8,16.6,0.0,0.0,41.1
2026-07-18 01:00:00,HELS-005-1,HELS-005,Band 1 (2100MHz),-94.4,-11.7,2.2,20.2,0.0,7.0
2026-07-18 01:00:00,HELS-005-2,HELS-005,Band 1 (2100MHz),-91.9,-5.8,13.6,7.1,0.0,49.0
2026-07-18 01:00:00,HELS-005-3,HELS-005,Band 1 (2100MHz),-86.8,-7.1,15.6,11.1,0.0,0.0
2026-07-18 01:00:00,HELS-006-1,HELS-006,Band 3 (1800MHz),-84.3,-7.8,12.4,2.1,1.9,29.5
2026-07-18 01:00:00,HELS-006-2,HELS-006,Band 3 (1800MHz),-79.9,-6.2,10.3,18.5,8.8,28.1
2026-07-18 01:00:00,HELS-006-3,HELS-006,Band 3 (1800MHz),-87.5,-7.6,8.9,0.0,6.9,37.7
2026-07-18 01:00:00,HELS-007-1,HELS-007,Band 1 (2100MHz),-92.3,-5.5,11.0,14.0,1.4,3.0
2026-07-18 01:00:00,HELS-007-2,HELS-007,Band 1 (2100MHz),-83.9,-5.3,12.6,0.0,6.9,0.3
2026-07-18 01:00:00,HELS-007-3,HELS-007,Band 1 (2100MHz),-88.1,-6.1,16.6,10.7,0.0,0.0
2026-07-18 01:00:00,HELS-008-1,HELS-008,Band 3 (1800MHz),-83.2,-9.9,12.1,0.0,0.0,43.1
2026-07-18 01:00:00,HELS-008-2,HELS-008,Band 3 (1800MHz),-79.8,-6.2,16.7,11.8,0.0,23.3
2026-07-18 01:00:00,HELS-008-3,HELS-008,Band 3 (1800MHz),-86.7,-8.1,12.7,7.3,0.0,9.0
2026-07-18 01:00:00,HELS-009-1,HELS-009,Band 1 (2100MHz),-78.7,-9.1,6.0,3.0,6.3,22.2
2026-07-18 01:00:00,HELS-009-2,HELS-009,Band 1 (2100MHz),-83.8,-8.7,15.2,0.0,0.0,0.0
2026-07-18 01:00:00,HELS-009-3,HELS-009,Band 1 (2100MHz),-76.8,-7.3,12.7,11.3,0.0,0.0
2026-07-18 01:00:00,HELS-010-1,HELS-010,Band 3 (1800MHz),-90.2,-6.5,16.8,24.1,9.2,29.4
2026-07-18 01:00:00,HELS-010-2,HELS-010,Band 3 (1800MHz),-82.8,-9.1,6.6,1.7,5.9,0.0
2026-07-18 01:00:00,HELS-010-3,HELS-010,Band 3 (1800MHz),-82.8,-5.1,15.4,0.0,3.3,0.0
2026-07-18 01:00:00,HELS-011-1,HELS-011,Band 1 (2100MHz),-89.2,-8.8,12.1,0.0,0.0,5.0
2026-07-18 01:00:00,HELS-011-2,HELS-011,Band 1 (2100MHz),-83.1,-8.0,7.3,9.4,16.0,72.1
2026-07-18 01:00:00,HELS-011-3,HELS-011,Band 1 (2100MHz),-85.3,-7.4,9.7,15.3,0.4,18.5
2026-07-18 01:00:00,HELS-012-1,HELS-012,Band 3 (1800MHz),-87.3,-7.0,19.7,18.9,3.1,12.7
2026-07-18 01:00:00,HELS-012-2,HELS-012,Band 3 (1800MHz),-95.6,-11.8,-6.1,17.0,0.0,40.9
2026-07-18 01:00:00,HELS-012-3,HELS-012,Band 3 (1800MHz),-87.9,-10.6,19.4,16.0,4.1,0.0
2026-07-18 01:00:00,HELS-013-1,HELS-013,Band 1 (2100MHz),-81.5,-6.8,13.3,7.3,19.5,0.0
2026-07-18 01:00:00,HELS-013-2,HELS-013,Band 1 (2100MHz),-78.3,-8.5,11.7,0.0,19.4,0.0
2026-07-18 01:00:00,HELS-013-3,HELS-013,Band 1 (2100MHz),-81.6,-9.4,11.4,29.4,12.3,0.0
2026-07-18 01:00:00,HELS-014-1,HELS-014,Band 3 (1800MHz),-87.7,-8.6,19.8,1.0,2.2,3.0
2026-07-18 01:00:00,HELS-014-2,HELS-014,Band 3 (1800MHz),-84.8,-12.6,11.5,15.2,15.3,23.6
2026-07-18 01:00:00,HELS-014-3,HELS-014,Band 3 (1800MHz),-86.8,-8.7,9.7,18.7,0.0,53.6
2026-07-18 02:00:00,HELS-001-1,HELS-001,Band 1 (2100MHz),-82.3,-5.9,14.7,11.5,7.0,0.0
2026-07-18 02:00:00,HELS-001-2,HELS-001,Band 1 (2100MHz),-86.7,-11.2,10.7,30.6,8.4,0.0
2026-07-18 02:00:00,HELS-001-3,HELS-001,Band 1 (2100MHz),-97.8,-12.1,8.7,9.4,0.0,13.4
2026-07-18 02:00:00,HELS-002-1,HELS-002,Band 3 (1800MHz),-84.1,-8.2,8.1,0.0,2.8,11.8
2026-07-18 02:00:00,HELS-002-2,HELS-002,Band 3 (1800MHz),-82.7,-10.9,12.5,0.0,17.0,0.0
2026-07-18 02:00:00,HELS-002-3,HELS-002,Band 3 (1800MHz),-81.9,-4.3,16.1,27.0,6.7,35.0
2026-07-18 02:00:00,HELS-003-1,HELS-003,Band 1 (2100MHz),-87.2,-7.7,14.5,1.2,0.0,29.6
2026-07-18 02:00:00,HELS-003-2,HELS-003,Band 1 (2100MHz),-78.3,-9.3,18.1,7.9,0.0,32.0
2026-07-18 02:00:00,HELS-003-3,HELS-003,Band 1 (2100MHz),-79.1,-8.1,19.0,0.0,12.1,0.0
2026-07-18 02:00:00,HELS-004-1,HELS-004,Band 3 (1800MHz),-87.9,-7.6,17.7,16.0,0.0,32.9
2026-07-18 02:00:00,HELS-004-2,HELS-004,Band 3 (1800MHz),-89.0,-8.5,11.4,2.7,9.2,23.9
2026-07-18 02:00:00,HELS-004-3,HELS-004,Band 3 (1800MHz),-82.6,-8.9,12.6,3.3,5.7,34.3
2026-07-18 02:00:00,HELS-005-1,HELS-005,Band 1 (2100MHz),-94.4,-14.2,7.2,20.8,4.7,16.0
2026-07-18 02:00:00,HELS-005-2,HELS-005,Band 1 (2100MHz),-77.2,-7.9,8.8,5.8,16.3,1.9
2026-07-18 02:00:00,HELS-005-3,HELS-005,Band 1 (2100MHz),-84.2,-7.2,10.9,1.4,12.8,0.0
2026-07-18 02:00:00,HELS-006-1,HELS-006,Band 3 (1800MHz),-83.1,-6.0,14.1,0.0,0.0,0.0
2026-07-18 02:00:00,HELS-006-2,HELS-006,Band 3 (1800MHz),-76.6,-9.3,18.3,28.8,0.0,16.7
2026-07-18 02:00:00,HELS-006-3,HELS-006,Band 3 (1800MHz),-83.1,-6.6,10.1,10.2,7.3,0.0
2026-07-18 02:00:00,HELS-007-1,HELS-007,Band 1 (2100MHz),-86.2,-7.3,13.4,9.8,3.8,24.7
2026-07-18 02:00:00,HELS-007-2,HELS-007,Band 1 (2100MHz),-79.6,-9.0,16.8,0.0,0.9,36.8
2026-07-18 02:00:00,HELS-007-3,HELS-007,Band 1 (2100MHz),-85.1,-6.2,15.2,0.0,0.0,0.0
2026-07-18 02:00:00,HELS-008-1,HELS-008,Band 3 (1800MHz),-87.5,-8.0,20.9,5.4,1.5,0.0
2026-07-18 02:00:00,HELS-008-2,HELS-008,Band 3 (1800MHz),-86.2,-5.3,4.6,27.0,7.7,6.1
2026-07-18 02:00:00,HELS-008-3,HELS-008,Band 3 (1800MHz),-84.1,-3.9,8.0,12.8,6.4,0.0
2026-07-18 02:00:00,HELS-009-1,HELS-009,Band 1 (2100MHz),-75.4,-9.0,11.0,15.3,0.0,46.4
2026-07-18 02:00:00,HELS-009-2,HELS-009,Band 1 (2100MHz),-90.8,-6.8,10.9,0.0,16.0,0.0
2026-07-18 02:00:00,HELS-009-3,HELS-009,Band 1 (2100MHz),-80.6,-8.2,8.8,13.7,1.5,34.4
2026-07-18 02:00:00,HELS-010-1,HELS-010,Band 3 (1800MHz),-82.8,-5.9,12.6,14.6,13.3,32.4
2026-07-18 02:00:00,HELS-010-2,HELS-010,Band 3 (1800MHz),-81.1,-7.9,5.7,2.9,1.9,0.0
2026-07-18 02:00:00,HELS-010-3,HELS-010,Band 3 (1800MHz),-81.1,-5.9,15.2,0.0,0.0,30.7
2026-07-18 02:00:00,HELS-011-1,HELS-011,Band 1 (2100MHz),-86.3,-7.1,11.9,9.9,0.0,0.0
2026-07-18 02:00:00,HELS-011-2,HELS-011,Band 1 (2100MHz),-74.6,-7.3,20.1,31.6,6.4,39.3
2026-07-18 02:00:00,HELS-011-3,HELS-011,Band 1 (2100MHz),-85.9,-9.6,21.2,16.3,15.9,30.2
2026-07-18 02:00:00,HELS-012-1,HELS-012,Band 3 (1800MHz),-80.0,-4.6,15.9,12.5,0.0,0.0
2026-07-18 02:00:00,HELS-012-2,HELS-012,Band 3 (1800MHz),-103.3,-12.6,-0.4,2.2,10.5,38.5
2026-07-18 02:00:00,HELS-012-3,HELS-012,Band 3 (1800MHz),-78.7,-5.3,6.8,5.8,0.0,39.7
2026-07-18 02:00:00,HELS-013-1,HELS-013,Band 1 (2100MHz),-88.4,-11.6,4.7,0.0,0.0,20.0
2026-07-18 02:00:00,HELS-013-2,HELS-013,Band 1 (2100MHz),-88.6,-7.4,9.9,30.7,8.4,23.9
2026-07-18 02:00:00,HELS-013-3,HELS-013,Band 1 (2100MHz),-82.7,-10.8,22.2,12.5,16.9,4.2
2026-07-18 02:00:00,HELS-014-1,HELS-014,Band 3 (1800MHz),-76.1,-8.0,11.5,12.0,11.2,0.0
2026-07-18 02:00:00,HELS-014-2,HELS-014,Band 3 (1800MHz),-84.3,-5.0,6.0,0.0,0.0,40.1
2026-07-18 02:00:00,HELS-014-3,HELS-014,Band 3 (1800MHz),-87.2,-5.7,25.8,0.0,0.9,13.7
2026-07-18 03:00:00,HELS-001-1,HELS-001,Band 1 (2100MHz),-87.1,-6.4,8.4,24.3,1.4,3.2
2026-07-18 03:00:00,HELS-001-2,HELS-001,Band 1 (2100MHz),-101.4,-10.7,-1.2,21.0,0.0,31.0
2026-07-18 03:00:00,HELS-001-3,HELS-001,Band 1 (2100MHz),-100.9,-13.9,5.7,11.2,6.3,0.0
2026-07-18 03:00:00,HELS-002-1,HELS-002,Band 3 (1800MHz),-79.7,-6.1,13.5,4.1,7.4,14.5
2026-07-18 03:00:00,HELS-002-2,HELS-002,Band 3 (1800MHz),-89.9,-1.4,18.5,19.4,9.9,0.0
2026-07-18 03:00:00,HELS-002-3,HELS-002,Band 3 (1800MHz),-82.8,-7.6,8.5,10.0,8.5,0.0
2026-07-18 03:00:00,HELS-003-1,HELS-003,Band 1 (2100MHz),-86.4,-7.9,8.4,6.4,8.5,18.3
2026-07-18 03:00:00,HELS-003-2,HELS-003,Band 1 (2100MHz),-85.7,-11.1,21.2,2.8,0.0,0.0
2026-07-18 03:00:00,HELS-003-3,HELS-003,Band 1 (2100MHz),-91.4,-9.1,10.4,25.0,1.5,41.2
2026-07-18 03:00:00,HELS-004-1,HELS-004,Band 3 (1800MHz),-83.7,-6.7,16.2,0.0,0.0,21.2
2026-07-18 03:00:00,HELS-004-2,HELS-004,Band 3 (1800MHz),-82.0,-8.7,16.3,10.7,0.0,48.8
2026-07-18 03:00:00,HELS-004-3,HELS-004,Band 3 (1800MHz),-83.8,-5.6,1.1,19.9,8.5,5.2
2026-07-18 03:00:00,HELS-005-1,HELS-005,Band 1 (2100MHz),-94.1,-14.9,9.2,5.9,2.4,57.5
2026-07-18 03:00:00,HELS-005-2,HELS-005,Band 1 (2100MHz),-82.7,-6.0,18.2,11.2,4.8,28.1
2026-07-18 03:00:00,HELS-005-3,HELS-005,Band 1 (2100MHz),-82.2,-10.6,6.6,16.2,0.0,45.3
2026-07-18 03:00:00,HELS-006-1,HELS-006,Band 3 (1800MHz),-92.1,-9.4,2.9,19.6,6.4,13.3
2026-07-18 03:00:00,HELS-006-2,HELS-006,Band 3 (1800MHz),-87.9,-6.6,8.1,8.1,18.4,0.0
2026-07-18 03:00:00,HELS-006-3,HELS-006,Band 3 (1800MHz),-84.9,-7.5,10.1,13.2,3.6,0.0
2026-07-18 03:00:00,HELS-007-1,HELS-007,Band 1 (2100MHz),-80.7,-5.7,13.1,18.4,0.0,3.1
2026-07-18 03:00:00,HELS-007-2,HELS-007,Band 1 (2100MHz),-81.0,-6.3,14.6,12.6,16.8,0.0
2026-07-18 03:00:00,HELS-007-3,HELS-007,Band 1 (2100MHz),-84.4,-7.5,22.3,8.2,10.8,34.4
2026-07-18 03:00:00,HELS-008-1,HELS-008,Band 3 (1800MHz),-87.8,-6.3,9.5,20.5,5.9,17.9
2026-07-18 03:00:00,HELS-008-2,HELS-008,Band 3 (1800MHz),-84.7,-3.8,16.5,4.4,8.2,0.0
2026-07-18 03:00:00,HELS-008-3,HELS-008,Band 3 (1800MHz),-83.7,-7.2,15.8,19.1,0.6,4.3
2026-07-18 03:00:00,HELS-009-1,HELS-009,Band 1 (2100MHz),-86.7,-6.0,7.6,14.8,0.0,26.2
2026-07-18 03:00:00,HELS-009-2,HELS-009,Band 1 (2100MHz),-85.9,-9.9,22.6,2.3,1.4,0.0
2026-07-18 03:00:00,HELS-009-3,HELS-009,Band 1 (2100MHz),-81.2,-7.9,17.6,16.4,3.6,0.0
2026-07-18 03:00:00,HELS-010-1,HELS-010,Band 3 (1800MHz),-79.3,-10.1,19.0,15.6,1.5,64.7
2026-07-18 03:00:00,HELS-010-2,HELS-010,Band 3 (1800MHz),-86.0,-9.2,16.0,15.4,0.0,35.7
2026-07-18 03:00:00,HELS-010-3,HELS-010,Band 3 (1800MHz),-86.5,-8.8,6.6,0.0,0.0,18.6
2026-07-18 03:00:00,HELS-011-1,HELS-011,Band 1 (2100MHz),-82.7,-4.1,18.9,18.0,3.0,5.9
2026-07-18 03:00:00,HELS-011-2,HELS-011,Band 1 (2100MHz),-85.0,-6.0,6.4,1.6,13.6,11.4
2026-07-18 03:00:00,HELS-011-3,HELS-011,Band 1 (2100MHz),-82.0,-10.6,16.5,23.0,1.5,18.4
2026-07-18 03:00:00,HELS-012-1,HELS-012,Band 3 (1800MHz),-79.4,-8.3,10.6,0.0,5.0,12.3
2026-07-18 03:00:00,HELS-012-2,HELS-012,Band 3 (1800MHz),-94.1,-13.1,0.7,0.0,0.0,0.0
2026-07-18 03:00:00,HELS-012-3,HELS-012,Band 3 (1800MHz),-82.1,-5.5,21.0,28.2,0.0,34.1
2026-07-18 03:00:00,HELS-013-1,HELS-013,Band 1 (2100MHz),-86.1,-9.1,9.0,18.6,5.9,19.2
2026-07-18 03:00:00,HELS-013-2,HELS-013,Band 1 (2100MHz),-75.2,-8.7,12.3,34.0,0.0,0.6
2026-07-18 03:00:00,HELS-013-3,HELS-013,Band 1 (2100MHz),-86.8,-8.9,16.5,11.8,5.5,21.2
2026-07-18 03:00:00,HELS-014-1,HELS-014,Band 3 (1800MHz),-85.7,-9.2,2.5,6.4,0.0,0.0
2026-07-18 03:00:00,HELS-014-2,HELS-014,Band 3 (1800MHz),-76.6,-5.0,18.0,14.9,18.8,14.1
2026-07-18 03:00:00,HELS-014-3,HELS-014,Band 3 (1800MHz),-87.9,-7.9,9.4,14.6,9.6,34.4
2026-07-18 04:00:00,HELS-001-1,HELS-001,Band 1 (2100MHz),-84.4,-5.9,7.6,3.9,6.2,33.2
2026-07-18 04:00:00,HELS-001-2,HELS-001,Band 1 (2100MHz),-92.4,-10.8,3.8,23.8,0.0,59.3
2026-07-18 04:00:00,HELS-001-3,HELS-001,Band 1 (2100MHz),-97.8,-13.0,13.1,23.3,5.6,0.0
2026-07-18 04:00:00,HELS-002-1,HELS-002,Band 3 (1800MHz),-81.6,-7.9,12.7,16.6,9.5,25.4
2026-07-18 04:00:00,HELS-002-2,HELS-002,Band 3 (1800MHz),-89.3,-7.8,9.6,0.0,13.9,30.6
2026-07-18 04:00:00,HELS-002-3,HELS-002,Band 3 (1800MHz),-81.9,-7.8,15.4,21.8,4.8,45.3
2026-07-18 04:00:00,HELS-003-1,HELS-003,Band 1 (2100MHz),-78.9,-6.2,12.6,12.3,0.6,0.0
2026-07-18 04:00:00,HELS-003-2,HELS-003,Band 1 (2100MHz),-78.8,-5.4,13.0,13.0,7.2,37.0
2026-07-18 04:00:00,HELS-003-3,HELS-003,Band 1 (2100MHz),-85.6,-4.7,20.5,9.0,0.0,28.9
2026-07-18 04:00:00,HELS-004-1,HELS-004,Band 3 (1800MHz),-86.6,-9.1,14.4,12.2,0.1,59.0
2026-07-18 04:00:00,HELS-004-2,HELS-004,Band 3 (1800MHz),-83.0,-5.4,18.1,12.6,0.0,32.2
2026-07-18 04:00:00,HELS-004-3,HELS-004,Band 3 (1800MHz),-80.0,-4.6,12.9,22.7,9.5,17.2
2026-07-18 04:00:00,HELS-005-1,HELS-005,Band 1 (2100MHz),-97.8,-15.1,6.7,0.0,0.0,0.0
2026-07-18 04:00:00,HELS-005-2,HELS-005,Band 1 (2100MHz),-86.2,-3.4,12.7,0.0,0.0,18.2
2026-07-18 04:00:00,HELS-005-3,HELS-005,Band 1 (2100MHz),-88.1,-6.2,15.2,10.9,4.2,0.0
2026-07-18 04:00:00,HELS-006-1,HELS-006,Band 3 (1800MHz),-81.1,-10.7,9.5,5.1,15.6,14.9
2026-07-18 04:00:00,HELS-006-2,HELS-006,Band 3 (1800MHz),-81.2,-6.8,10.7,9.1,17.7,55.1
2026-07-18 04:00:00,HELS-006-3,HELS-006,Band 3 (1800MHz),-85.7,-7.9,16.8,12.2,1.9,27.9
2026-07-18 04:00:00,HELS-007-1,HELS-007,Band 1 (2100MHz),-81.7,-8.8,13.3,5.8,0.0,31.7
2026-07-18 04:00:00,HELS-007-2,HELS-007,Band 1 (2100MHz),-85.8,-9.7,15.5,0.0,0.0,21.5
2026-07-18 04:00:00,HELS-007-3,HELS-007,Band 1 (2100MHz),-81.8,-5.6,21.6,0.8,13.1,0.0
2026-07-18 04:00:00,HELS-008-1,HELS-008,Band 3 (1800MHz),-78.1,-5.8,6.5,0.0,0.0,0.0
2026-07-18 04:00:00,HELS-008-2,HELS-008,Band 3 (1800MHz),-82.8,-9.8,11.4,2.8,2.1,31.5
2026-07-18 04:00:00,HELS-008-3,HELS-008,Band 3 (1800MHz),-79.1,-6.0,16.8,25.3,18.4,0.0
2026-07-18 04:00:00,HELS-009-1,HELS-009,Band 1 (2100MHz),-85.1,-6.6,14.7,0.0,9.8,8.7
2026-07-18 04:00:00,HELS-009-2,HELS-009,Band 1 (2100MHz),-84.7,-8.5,14.8,25.3,4.1,21.9
2026-07-18 04:00:00,HELS-009-3,HELS-009,Band 1 (2100MHz),-83.2,-9.8,11.2,17.2,19.9,14.3
2026-07-18 04:00:00,HELS-010-1,HELS-010,Band 3 (1800MHz),-86.3,-10.1,17.9,0.1,0.0,40.7
2026-07-18 04:00:00,HELS-010-2,HELS-010,Band 3 (1800MHz),-79.7,-10.5,15.0,3.6,19.3,0.0
2026-07-18 04:00:00,HELS-010-3,HELS-010,Band 3 (1800MHz),-80.3,-8.4,10.3,18.0,0.0,27.6
2026-07-18 04:00:00,HELS-011-1,HELS-011,Band 1 (2100MHz),-86.2,-9.3,11.5,17.7,0.8,26.3
2026-07-18 04:00:00,HELS-011-2,HELS-011,Band 1 (2100MHz),-77.6,-7.5,17.2,8.4,10.3,14.7
2026-07-18 04:00:00,HELS-011-3,HELS-011,Band 1 (2100MHz),-83.2,-8.8,13.9,11.7,0.0,2.6
2026-07-18 04:00:00,HELS-012-1,HELS-012,Band 3 (1800MHz),-85.0,-9.3,10.5,0.0,0.0,39.0
2026-07-18 04:00:00,HELS-012-2,HELS-012,Band 3 (1800MHz),-94.9,-14.4,-1.4,17.3,7.3,22.0
2026-07-18 04:00:00,HELS-012-3,HELS-012,Band 3 (1800MHz),-80.3,-4.5,12.5,29.4,10.5,0.0
2026-07-18 04:00:00,HELS-013-1,HELS-013,Band 1 (2100MHz),-86.5,-8.5,20.5,11.5,0.0,51.1
2026-07-18 04:00:00,HELS-013-2,HELS-013,Band 1 (2100MHz),-86.9,-8.6,10.9,21.9,10.5,0.0
2026-07-18 04:00:00,HELS-013-3,HELS-013,Band 1 (2100MHz),-84.2,-6.1,19.7,13.8,0.0,0.0
2026-07-18 04:00:00,HELS-014-1,HELS-014,Band 3 (1800MHz),-79.3,-6.1,7.5,3.2,5.3,14.9
2026-07-18 04:00:00,HELS-014-2,HELS-014,Band 3 (1800MHz),-86.9,-6.0,12.7,12.0,25.8,0.0
2026-07-18 04:00:00,HELS-014-3,HELS-014,Band 3 (1800MHz),-89.3,-9.8,13.7,0.6,21.9,16.6
2026-07-18 05:00:00,HELS-001-1,HELS-001,Band 1 (2100MHz),-83.6,-6.3,13.4,19.5,12.0,16.0
2026-07-18 05:00:00,HELS-001-2,HELS-001,Band 1 (2100MHz),-96.3,-14.0,1.6,12.2,6.2,18.3
2026-07-18 05:00:00,HELS-001-3,HELS-001,Band 1 (2100MHz),-96.8,-13.9,4.4,25.5,27.1,12.0
2026-07-18 05:00:00,HELS-002-1,HELS-002,Band 3 (1800MHz),-86.5,-6.9,12.7,10.8,0.0,19.2
2026-07-18 05:00:00,HELS-002-2,HELS-002,Band 3 (1800MHz),-90.4,-5.0,16.7,4.9,11.4,16.8
2026-07-18 05:00:00,HELS-002-3,HELS-002,Band 3 (1800MHz),-84.9,-8.4,15.5,25.4,20.4,49.3
2026-07-18 05:00:00,HELS-003-1,HELS-003,Band 1 (2100MHz),-80.6,-7.0,14.4,8.6,1.7,5.0
2026-07-18 05:00:00,HELS-003-2,HELS-003,Band 1 (2100MHz),-86.5,-9.4,6.9,0.0,0.0,29.7
2026-07-18 05:00:00,HELS-003-3,HELS-003,Band 1 (2100MHz),-84.8,-6.4,9.7,23.8,0.0,0.0
2026-07-18 05:00:00,HELS-004-1,HELS-004,Band 3 (1800MHz),-80.0,-4.5,17.1,0.0,15.8,0.0
2026-07-18 05:00:00,HELS-004-2,HELS-004,Band 3 (1800MHz),-82.4,-10.7,11.8,28.4,5.2,24.3
2026-07-18 05:00:00,HELS-004-3,HELS-004,Band 3 (1800MHz),-80.2,-7.4,11.4,18.7,0.0,6.7
2026-07-18 05:00:00,HELS-005-1,HELS-005,Band 1 (2100MHz),-94.6,-11.4,10.6,10.5,0.0,24.2
2026-07-18 05:00:00,HELS-005-2,HELS-005,Band 1 (2100MHz),-82.0,-4.9,12.4,7.8,7.6,33.9
2026-07-18 05:00:00,HELS-005-3,HELS-005,Band 1 (2100MHz),-81.7,-6.5,14.4,2.6,3.1,52.9
2026-07-18 05:00:00,HELS-006-1,HELS-006,Band 3 (1800MHz),-83.2,-6.2,18.4,0.0,0.0,22.3
2026-07-18 05:00:00,HELS-006-2,HELS-006,Band 3 (1800MHz),-86.2,-7.6,18.6,24.8,12.0,0.0
2026-07-18 05:00:00,HELS-006-3,HELS-006,Band 3 (1800MHz),-77.1,-11.2,1.3,0.0,0.0,35.1
2026-07-18 05:00:00,HELS-007-1,HELS-007,Band 1 (2100MHz),-85.7,-7.6,17.7,0.0,1.5,0.1
2026-07-18 05:00:00,HELS-007-2,HELS-007,Band 1 (2100MHz),-80.0,-6.9,15.9,11.5,0.0,52.3
2026-07-18 05:00:00,HELS-007-3,HELS-007,Band 1 (2100MHz),-84.2,-7.7,15.3,10.0,3.5,15.1
2026-07-18 05:00:00,HELS-008-1,HELS-008,Band 3 (1800MHz),-85.7,-8.7,6.2,1.0,7.1,34.0
2026-07-18 05:00:00,HELS-008-2,HELS-008,Band 3 (1800MHz),-86.4,-6.4,8.5,6.0,11.6,6.2
2026-07-18 05:00:00,HELS-008-3,HELS-008,Band 3 (1800MHz),-79.7,-6.5,13.5,2.6,17.8,23.7
2026-07-18 05:00:00,HELS-009-1,HELS-009,Band 1 (2100MHz),-91.6,-7.1,16.8,24.7,0.0,3.2
2026-07-18 05:00:00,HELS-009-2,HELS-009,Band 1 (2100MHz),-88.4,-7.0,8.5,0.0,1.8,30.0
2026-07-18 05:00:00,HELS-009-3,HELS-009,Band 1 (2100MHz),-82.9,-9.7,7.5,1.2,13.8,0.0
2026-07-18 05:00:00,HELS-010-1,HELS-010,Band 3 (1800MHz),-87.5,-8.3,13.8,17.7,7.0,45.0
2026-07-18 05:00:00,HELS-010-2,HELS-010,Band 3 (1800MHz),-84.0,-7.3,19.2,1.3,25.1,23.6
2026-07-18 05:00:00,HELS-010-3,HELS-010,Band 3 (1800MHz),-92.7,-10.5,13.0,30.5,15.4,9.4
2026-07-18 05:00:00,HELS-011-1,HELS-011,Band 1 (2100MHz),-87.6,-8.1,16.8,8.0,8.7,22.4
2026-07-18 05:00:00,HELS-011-2,HELS-011,Band 1 (2100MHz),-88.2,-8.9,15.0,32.9,16.4,23.7
2026-07-18 05:00:00,HELS-011-3,HELS-011,Band 1 (2100MHz),-85.4,-3.6,2.0,15.6,0.0,11.4
2026-07-18 05:00:00,HELS-012-1,HELS-012,Band 3 (1800MHz),-87.7,-6.1,1.3,27.3,19.9,18.1
2026-07-18 05:00:00,HELS-012-2,HELS-012,Band 3 (1800MHz),-92.6,-10.3,1.9,0.0,0.0,30.3
2026-07-18 05:00:00,HELS-012-3,HELS-012,Band 3 (1800MHz),-88.1,-9.1,20.4,0.0,18.3,0.0
2026-07-18 05:00:00,HELS-013-1,HELS-013,Band 1 (2100MHz),-84.2,-8.7,15.5,0.0,0.6,49.6
2026-07-18 05:00:00,HELS-013-2,HELS-013,Band 1 (2100MHz),-88.4,-8.9,16.7,14.2,6.2,0.0
2026-07-18 05:00:00,HELS-013-3,HELS-013,Band 1 (2100MHz),-82.1,-1.9,17.7,12.6,15.8,66.6
2026-07-18 05:00:00,HELS-014-1,HELS-014,Band 3 (1800MHz),-80.9,-6.7,16.5,18.5,18.4,0.0
2026-07-18 05:00:00,HELS-014-2,HELS-014,Band 3 (1800MHz),-81.4,-7.9,20.0,36.4,7.9,21.9
2026-07-18 05:00:00,HELS-014-3,HELS-014,Band 3 (1800MHz),-84.2,-9.9,7.8,0.0,5.3,25.5
2026-07-18 06:00:00,HELS-001-1,HELS-001,Band 1 (2100MHz),-75.6,-8.1,15.7,22.8,0.0,71.1
2026-07-18 06:00:00,HELS-001-2,HELS-001,Band 1 (2100MHz),-98.6,-13.4,0.0,27.6,0.0,42.2
2026-07-18 06:00:00,HELS-001-3,HELS-001,Band 1 (2100MHz),-98.3,-11.9,-4.3,29.1,5.6,25.5
2026-07-18 06:00:00,HELS-002-1,HELS-002,Band 3 (1800MHz),-85.2,-5.7,7.0,27.0,18.8,0.0
2026-07-18 06:00:00,HELS-002-2,HELS-002,Band 3 (1800MHz),-78.7,-10.7,22.7,15.0,2.3,58.9
2026-07-18 06:00:00,HELS-002-3,HELS-002,Band 3 (1800MHz),-83.4,-9.2,10.2,11.0,26.5,32.6
2026-07-18 06:00:00,HELS-003-1,HELS-003,Band 1 (2100MHz),-79.7,-11.2,12.4,21.5,8.3,82.1
2026-07-18 06:00:00,HELS-003-2,HELS-003,Band 1 (2100MHz),-84.4,-12.7,14.9,34.9,0.0,37.4
2026-07-18 06:00:00,HELS-003-3,HELS-003,Band 1 (2100MHz),-82.3,-12.0,7.1,32.0,4.6,0.0
2026-07-18 06:00:00,HELS-004-1,HELS-004,Band 3 (1800MHz),-79.2,-8.2,10.9,2.9,5.4,47.4
2026-07-18 06:00:00,HELS-004-2,HELS-004,Band 3 (1800MHz),-79.5,-6.6,7.7,3.5,6.6,44.3
2026-07-18 06:00:00,HELS-004-3,HELS-004,Band 3 (1800MHz),-77.3,-7.4,21.6,20.1,2.0,33.3
2026-07-18 06:00:00,HELS-005-1,HELS-005,Band 1 (2100MHz),-90.9,-7.6,4.3,24.5,22.0,59.8
2026-07-18 06:00:00,HELS-005-2,HELS-005,Band 1 (2100MHz),-84.1,-9.6,8.6,7.4,11.3,51.6
2026-07-18 06:00:00,HELS-005-3,HELS-005,Band 1 (2100MHz),-84.6,-6.7,11.0,31.6,11.7,23.7
2026-07-18 06:00:00,HELS-006-1,HELS-006,Band 3 (1800MHz),-78.6,-8.2,19.4,35.2,15.0,44.3
2026-07-18 06:00:00,HELS-006-2,HELS-006,Band 3 (1800MHz),-82.6,-9.3,11.2,23.3,24.1,29.1
2026-07-18 06:00:00,HELS-006-3,HELS-006,Band 3 (1800MHz),-83.8,-7.2,9.3,15.6,3.1,11.0
2026-07-18 06:00:00,HELS-007-1,HELS-007,Band 1 (2100MHz),-79.9,-8.7,7.8,3.6,9.3,26.8
2026-07-18 06:00:00,HELS-007-2,HELS-007,Band 1 (2100MHz),-80.1,-9.4,9.9,18.7,5.0,17.1
2026-07-18 06:00:00,HELS-007-3,HELS-007,Band 1 (2100MHz),-84.0,-10.4,8.9,15.4,13.7,76.7
2026-07-18 06:00:00,HELS-008-1,HELS-008,Band 3 (1800MHz),-77.1,-7.1,14.0,13.2,26.5,0.0
2026-07-18 06:00:00,HELS-008-2,HELS-008,Band 3 (1800MHz),-81.5,-11.1,19.6,7.0,0.0,7.5
2026-07-18 06:00:00,HELS-008-3,HELS-008,Band 3 (1800MHz),-87.8,-6.0,7.9,45.6,26.1,0.0
2026-07-18 06:00:00,HELS-009-1,HELS-009,Band 1 (2100MHz),-85.8,-9.8,10.2,20.2,17.7,13.7
2026-07-18 06:00:00,HELS-009-2,HELS-009,Band 1 (2100MHz),-88.2,-6.6,13.1,37.0,17.1,40.8
2026-07-18 06:00:00,HELS-009-3,HELS-009,Band 1 (2100MHz),-86.3,-9.8,13.4,34.3,9.3,40.0
2026-07-18 06:00:00,HELS-010-1,HELS-010,Band 3 (1800MHz),-81.5,-6.6,5.8,25.0,20.1,72.5
2026-07-18 06:00:00,HELS-010-2,HELS-010,Band 3 (1800MHz),-79.9,-5.4,8.7,8.7,20.5,48.0
2026-07-18 06:00:00,HELS-010-3,HELS-010,Band 3 (1800MHz),-89.6,-9.2,12.1,21.2,14.2,68.3
2026-07-18 06:00:00,HELS-011-1,HELS-011,Band 1 (2100MHz),-83.7,-11.2,14.0,8.9,7.1,16.4
2026-07-18 06:00:00,HELS-011-2,HELS-011,Band 1 (2100MHz),-84.7,-6.5,13.0,11.8,9.2,77.9
2026-07-18 06:00:00,HELS-011-3,HELS-011,Band 1 (2100MHz),-88.0,-7.9,19.6,22.0,28.2,8.2
2026-07-18 06:00:00,HELS-012-1,HELS-012,Band 3 (1800MHz),-92.1,-8.5,7.2,15.3,27.0,53.2
2026-07-18 06:00:00,HELS-012-2,HELS-012,Band 3 (1800MHz),-95.9,-13.8,15.3,41.5,15.5,36.6
2026-07-18 06:00:00,HELS-012-3,HELS-012,Band 3 (1800MHz),-80.1,-7.7,14.3,49.6,35.0,39.8
2026-07-18 06:00:00,HELS-013-1,HELS-013,Band 1 (2100MHz),-80.1,-7.9,13.7,19.4,15.0,30.6
2026-07-18 06:00:00,HELS-013-2,HELS-013,Band 1 (2100MHz),-78.0,-7.1,7.2,47.3,14.4,24.6
2026-07-18 06:00:00,HELS-013-3,HELS-013,Band 1 (2100MHz),-80.8,-7.8,17.3,40.1,21.8,11.5
2026-07-18 06:00:00,HELS-014-1,HELS-014,Band 3 (1800MHz),-79.9,-10.8,20.2,17.6,16.1,5.0
2026-07-18 06:00:00,HELS-014-2,HELS-014,Band 3 (1800MHz),-90.1,-10.9,18.2,16.8,11.2,74.3
2026-07-18 06:00:00,HELS-014-3,HELS-014,Band 3 (1800MHz),-84.3,-10.4,16.6,21.6,14.5,19.2
2026-07-18 07:00:00,HELS-001-1,HELS-001,Band 1 (2100MHz),-84.0,-10.8,12.5,51.7,39.7,131.3
2026-07-18 07:00:00,HELS-001-2,HELS-001,Band 1 (2100MHz),-100.7,-17.8,2.1,52.8,38.5,72.1
2026-07-18 07:00:00,HELS-001-3,HELS-001,Band 1 (2100MHz),-93.1,-15.4,11.2,52.1,40.6,81.4
2026-07-18 07:00:00,HELS-002-1,HELS-002,Band 3 (1800MHz),-84.4,-10.5,12.2,78.9,54.9,113.1
2026-07-18 07:00:00,HELS-002-2,HELS-002,Band 3 (1800MHz),-86.0,-8.2,15.3,59.9,32.0,76.5
2026-07-18 07:00:00,HELS-002-3,HELS-002,Band 3 (1800MHz),-89.4,-9.9,15.5,76.1,28.4,97.5
2026-07-18 07:00:00,HELS-003-1,HELS-003,Band 1 (2100MHz),-88.9,-6.0,13.9,69.7,22.4,112.0
2026-07-18 07:00:00,HELS-003-2,HELS-003,Band 1 (2100MHz),-87.1,-6.4,18.1,45.3,39.7,93.9
2026-07-18 07:00:00,HELS-003-3,HELS-003,Band 1 (2100MHz),-94.9,-11.9,22.9,63.1,45.1,83.0
2026-07-18 07:00:00,HELS-004-1,HELS-004,Band 3 (1800MHz),-79.0,-11.3,13.7,51.9,38.0,115.4
2026-07-18 07:00:00,HELS-004-2,HELS-004,Band 3 (1800MHz),-88.1,-14.1,11.8,67.5,47.4,78.7
2026-07-18 07:00:00,HELS-004-3,HELS-004,Band 3 (1800MHz),-87.1,-12.9,18.8,40.8,41.3,111.3
2026-07-18 07:00:00,HELS-005-1,HELS-005,Band 1 (2100MHz),-99.3,-14.8,8.0,53.6,42.1,49.4
2026-07-18 07:00:00,HELS-005-2,HELS-005,Band 1 (2100MHz),-76.0,-9.3,15.5,56.9,42.2,105.8
2026-07-18 07:00:00,HELS-005-3,HELS-005,Band 1 (2100MHz),-90.2,-9.3,4.3,84.3,61.2,63.1
2026-07-18 07:00:00,HELS-006-1,HELS-006,Band 3 (1800MHz),-92.0,-9.3,4.5,72.1,47.1,102.2
2026-07-18 07:00:00,HELS-006-2,HELS-006,Band 3 (1800MHz),-89.5,-9.5,20.1,77.0,38.7,82.7
2026-07-18 07:00:00,HELS-006-3,HELS-006,Band 3 (1800MHz),-77.6,-11.0,14.5,59.7,41.6,120.4
2026-07-18 07:00:00,HELS-007-1,HELS-007,Band 1 (2100MHz),-87.1,-8.8,12.9,64.9,39.7,101.1
2026-07-18 07:00:00,HELS-007-2,HELS-007,Band 1 (2100MHz),-78.7,-11.9,13.1,81.2,41.8,109.3
2026-07-18 07:00:00,HELS-007-3,HELS-007,Band 1 (2100MHz),-82.9,-13.3,11.3,68.1,41.0,111.7
2026-07-18 07:00:00,HELS-008-1,HELS-008,Band 3 (1800MHz),-87.9,-11.4,9.6,67.2,40.6,122.3
2026-07-18 07:00:00,HELS-008-2,HELS-008,Band 3 (1800MHz),-88.1,-11.4,8.8,50.5,30.4,102.8
2026-07-18 07:00:00,HELS-008-3,HELS-008,Band 3 (1800MHz),-83.4,-11.2,9.5,50.8,42.7,102.9
2026-07-18 07:00:00,HELS-009-1,HELS-009,Band 1 (2100MHz),-83.6,-12.8,15.6,37.5,36.1,86.8
2026-07-18 07:00:00,HELS-009-2,HELS-009,Band 1 (2100MHz),-91.3,-13.1,10.5,54.3,54.3,103.5
2026-07-18 07:00:00,HELS-009-3,HELS-009,Band 1 (2100MHz),-80.6,-13.5,18.9,61.0,26.5,145.1
2026-07-18 07:00:00,HELS-010-1,HELS-010,Band 3 (1800MHz),-80.4,-13.8,15.0,60.8,26.5,96.4
2026-07-18 07:00:00,HELS-010-2,HELS-010,Band 3 (1800MHz),-81.3,-11.9,9.6,68.7,32.8,90.4
2026-07-18 07:00:00,HELS-010-3,HELS-010,Band 3 (1800MHz),-80.4,-12.7,13.0,51.9,25.5,88.4
2026-07-18 07:00:00,HELS-011-1,HELS-011,Band 1 (2100MHz),-81.7,-10.7,15.0,73.7,35.1,84.2
2026-07-18 07:00:00,HELS-011-2,HELS-011,Band 1 (2100MHz),-80.8,-12.2,19.3,84.9,49.3,59.6
2026-07-18 07:00:00,HELS-011-3,HELS-011,Band 1 (2100MHz),-93.5,-14.1,16.8,47.1,43.0,102.1
2026-07-18 07:00:00,HELS-012-1,HELS-012,Band 3 (1800MHz),-89.3,-10.4,15.4,76.9,34.3,125.7
2026-07-18 07:00:00,HELS-012-2,HELS-012,Band 3 (1800MHz),-97.3,-17.3,-9.9,60.5,24.5,106.5
2026-07-18 07:00:00,HELS-012-3,HELS-012,Band 3 (1800MHz),-86.8,-9.4,12.2,61.3,46.9,88.6
2026-07-18 07:00:00,HELS-013-1,HELS-013,Band 1 (2100MHz),-89.4,-9.8,11.0,63.8,34.7,131.2
2026-07-18 07:00:00,HELS-013-2,HELS-013,Band 1 (2100MHz),-86.5,-11.8,8.6,47.7,36.2,111.7
2026-07-18 07:00:00,HELS-013-3,HELS-013,Band 1 (2100MHz),-81.5,-12.4,13.6,72.6,35.6,98.6
2026-07-18 07:00:00,HELS-014-1,HELS-014,Band 3 (1800MHz),-89.2,-10.5,12.8,68.7,37.4,90.5
2026-07-18 07:00:00,HELS-014-2,HELS-014,Band 3 (1800MHz),-87.6,-10.1,7.6,63.2,20.4,70.3
2026-07-18 07:00:00,HELS-014-3,HELS-014,Band 3 (1800MHz),-85.6,-13.9,15.4,57.7,37.5,98.5
2026-07-18 08:00:00,HELS-001-1,HELS-001,Band 1 (2100MHz),-86.1,-11.1,17.3,58.8,14.2,162.6
2026-07-18 08:00:00,HELS-001-2,HELS-001,Band 1 (2100MHz),-98.6,-16.7,8.3,77.7,57.0,118.5
2026-07-18 08:00:00,HELS-001-3,HELS-001,Band 1 (2100MHz),-103.4,-15.5,9.5,92.1,52.0,124.6
2026-07-18 08:00:00,HELS-002-1,HELS-002,Band 3 (1800MHz),-76.6,-11.0,10.1,95.3,67.6,144.2
2026-07-18 08:00:00,HELS-002-2,HELS-002,Band 3 (1800MHz),-87.8,-8.8,13.9,87.7,46.1,119.8
2026-07-18 08:00:00,HELS-002-3,HELS-002,Band 3 (1800MHz),-89.9,-11.3,9.5,74.1,46.3,115.1
2026-07-18 08:00:00,HELS-003-1,HELS-003,Band 1 (2100MHz),-87.3,-9.6,21.4,95.8,32.2,153.3
2026-07-18 08:00:00,HELS-003-2,HELS-003,Band 1 (2100MHz),-82.1,-8.8,18.5,78.5,51.4,147.1
2026-07-18 08:00:00,HELS-003-3,HELS-003,Band 1 (2100MHz),-82.3,-13.4,12.1,77.5,46.2,140.7
2026-07-18 08:00:00,HELS-004-1,HELS-004,Band 3 (1800MHz),-83.0,-11.6,17.5,92.7,40.2,154.3
2026-07-18 08:00:00,HELS-004-2,HELS-004,Band 3 (1800MHz),-89.9,-10.4,11.7,70.3,57.6,102.0
2026-07-18 08:00:00,HELS-004-3,HELS-004,Band 3 (1800MHz),-85.7,-10.8,14.2,69.8,68.6,106.7
2026-07-18 08:00:00,HELS-005-1,HELS-005,Band 1 (2100MHz),-99.7,-8.7,-3.9,84.9,39.8,109.4
2026-07-18 08:00:00,HELS-005-2,HELS-005,Band 1 (2100MHz),-78.8,-11.5,24.2,77.3,40.5,123.5
2026-07-18 08:00:00,HELS-005-3,HELS-005,Band 1 (2100MHz),-79.1,-13.0,10.4,72.9,57.4,151.2
2026-07-18 08:00:00,HELS-006-1,HELS-006,Band 3 (1800MHz),-79.1,-12.5,14.4,100.0,60.5,148.6
2026-07-18 08:00:00,HELS-006-2,HELS-006,Band 3 (1800MHz),-86.3,-12.1,4.8,94.3,35.4,130.9
2026-07-18 08:00:00,HELS-006-3,HELS-006,Band 3 (1800MHz),-87.0,-12.1,12.9,98.5,34.4,162.4
2026-07-18 08:00:00,HELS-007-1,HELS-007,Band 1 (2100MHz),-82.7,-10.3,4.5,97.6,42.6,148.3
2026-07-18 08:00:00,HELS-007-2,HELS-007,Band 1 (2100MHz),-83.7,-14.5,14.7,70.5,39.3,104.6
2026-07-18 08:00:00,HELS-007-3,HELS-007,Band 1 (2100MHz),-84.9,-12.0,12.3,82.8,45.9,143.5
2026-07-18 08:00:00,HELS-008-1,HELS-008,Band 3 (1800MHz),-85.6,-10.6,11.5,82.4,52.9,156.2
2026-07-18 08:00:00,HELS-008-2,HELS-008,Band 3 (1800MHz),-79.9,-13.2,16.0,82.2,54.4,181.9
2026-07-18 08:00:00,HELS-008-3,HELS-008,Band 3 (1800MHz),-78.2,-10.6,8.6,92.9,54.0,136.9
2026-07-18 08:00:00,HELS-009-1,HELS-009,Band 1 (2100MHz),-83.1,-16.4,17.1,86.0,49.2,122.5
2026-07-18 08:00:00,HELS-009-2,HELS-009,Band 1 (2100MHz),-85.1,-11.3,11.0,82.7,44.3,163.7
2026-07-18 08:00:00,HELS-009-3,HELS-009,Band 1 (2100MHz),-83.5,-14.0,1.2,87.2,51.1,160.7
2026-07-18 08:00:00,HELS-010-1,HELS-010,Band 3 (1800MHz),-78.4,-11.6,7.9,68.2,48.9,147.9
2026-07-18 08:00:00,HELS-010-2,HELS-010,Band 3 (1800MHz),-80.5,-9.1,10.0,67.3,35.6,157.4
2026-07-18 08:00:00,HELS-010-3,HELS-010,Band 3 (1800MHz),-85.6,-14.3,4.9,99.1,55.5,153.8
2026-07-18 08:00:00,HELS-011-1,HELS-011,Band 1 (2100MHz),-91.6,-12.4,13.1,82.0,36.9,112.8
2026-07-18 08:00:00,HELS-011-2,HELS-011,Band 1 (2100MHz),-80.9,-13.7,11.1,92.6,43.6,146.5
2026-07-18 08:00:00,HELS-011-3,HELS-011,Band 1 (2100MHz),-86.3,-15.2,7.1,85.3,63.2,148.2
2026-07-18 08:00:00,HELS-012-1,HELS-012,Band 3 (1800MHz),-82.7,-10.6,15.9,81.2,53.5,158.0
2026-07-18 08:00:00,HELS-012-2,HELS-012,Band 3 (1800MHz),-101.7,-16.4,10.1,90.2,41.0,152.3
2026-07-18 08:00:00,HELS-012-3,HELS-012,Band 3 (1800MHz),-87.2,-9.4,-4.8,91.6,64.0,161.1
2026-07-18 08:00:00,HELS-013-1,HELS-013,Band 1 (2100MHz),-83.5,-10.0,12.8,81.7,52.7,141.9
2026-07-18 08:00:00,HELS-013-2,HELS-013,Band 1 (2100MHz),-88.1,-9.9,5.9,80.0,41.7,127.3
2026-07-18 08:00:00,HELS-013-3,HELS-013,Band 1 (2100MHz),-90.2,-9.6,15.6,100.0,51.2,72.1
2026-07-18 08:00:00,HELS-014-1,HELS-014,Band 3 (1800MHz),-83.8,-8.6,3.6,59.5,48.2,118.0
2026-07-18 08:00:00,HELS-014-2,HELS-014,Band 3 (1800MHz),-77.3,-12.0,11.8,55.9,46.6,143.6
2026-07-18 08:00:00,HELS-014-3,HELS-014,Band 3 (1800MHz),-81.4,-10.4,6.5,93.0,44.3,147.2
2026-07-18 09:00:00,HELS-001-1,HELS-001,Band 1 (2100MHz),-84.7,-9.6,17.6,54.5,37.6,123.2
2026-07-18 09:00:00,HELS-001-2,HELS-001,Band 1 (2100MHz),-89.3,-13.6,3.2,65.2,45.5,107.2
2026-07-18 09:00:00,HELS-001-3,HELS-001,Band 1 (2100MHz),-96.2,-15.6,12.7,51.1,32.0,98.0
2026-07-18 09:00:00,HELS-002-1,HELS-002,Band 3 (1800MHz),-81.4,-10.1,8.7,68.1,43.1,80.7
2026-07-18 09:00:00,HELS-002-2,HELS-002,Band 3 (1800MHz),-82.7,-12.9,4.8,77.4,35.7,89.6
2026-07-18 09:00:00,HELS-002-3,HELS-002,Band 3 (1800MHz),-81.8,-12.5,13.7,60.9,46.6,108.3
2026-07-18 09:00:00,HELS-003-1,HELS-003,Band 1 (2100MHz),-84.6,-11.1,5.1,60.3,48.4,106.7
2026-07-18 09:00:00,HELS-003-2,HELS-003,Band 1 (2100MHz),-87.4,-14.1,13.3,55.4,41.9,98.1
2026-07-18 09:00:00,HELS-003-3,HELS-003,Band 1 (2100MHz),-77.1,-10.0,12.0,54.7,34.9,123.3
2026-07-18 09:00:00,HELS-004-1,HELS-004,Band 3 (1800MHz),-80.1,-9.1,6.1,74.0,48.3,108.3
2026-07-18 09:00:00,HELS-004-2,HELS-004,Band 3 (1800MHz),-82.4,-12.2,22.5,58.2,30.7,107.0
2026-07-18 09:00:00,HELS-004-3,HELS-004,Band 3 (1800MHz),-80.9,-7.2,17.3,69.3,42.2,113.3
2026-07-18 09:00:00,HELS-005-1,HELS-005,Band 1 (2100MHz),-107.3,-17.2,5.6,63.7,27.5,108.8
2026-07-18 09:00:00,HELS-005-2,HELS-005,Band 1 (2100MHz),-87.5,-9.3,25.3,53.5,34.9,63.2
2026-07-18 09:00:00,HELS-005-3,HELS-005,Band 1 (2100MHz),-85.5,-14.4,10.6,50.0,33.4,117.5
2026-07-18 09:00:00,HELS-006-1,HELS-006,Band 3 (1800MHz),-81.6,-9.1,21.2,57.6,31.9,83.0
2026-07-18 09:00:00,HELS-006-2,HELS-006,Band 3 (1800MHz),-83.5,-12.7,20.3,50.8,32.2,115.7
2026-07-18 09:00:00,HELS-006-3,HELS-006,Band 3 (1800MHz),-76.1,-9.8,7.0,64.4,50.1,114.9
2026-07-18 09:00:00,HELS-007-1,HELS-007,Band 1 (2100MHz),-86.2,-11.4,16.1,57.5,42.8,127.6
2026-07-18 09:00:00,HELS-007-2,HELS-007,Band 1 (2100MHz),-83.1,-10.6,10.0,32.1,19.2,158.7
2026-07-18 09:00:00,HELS-007-3,HELS-007,Band 1 (2100MHz),-83.1,-12.5,21.8,69.5,33.2,110.5
2026-07-18 09:00:00,HELS-008-1,HELS-008,Band 3 (1800MHz),-88.5,-15.3,14.5,69.0,44.5,130.9
2026-07-18 09:00:00,HELS-008-2,HELS-008,Band 3 (1800MHz),-91.3,-10.9,13.0,50.0,33.7,57.6
2026-07-18 09:00:00,HELS-008-3,HELS-008,Band 3 (1800MHz),-82.3,-12.0,14.0,72.0,20.1,61.7
2026-07-18 09:00:00,HELS-009-1,HELS-009,Band 1 (2100MHz),-86.0,-14.0,10.1,49.0,34.9,93.7
2026-07-18 09:00:00,HELS-009-2,HELS-009,Band 1 (2100MHz),-85.5,-9.7,13.9,54.2,40.7,110.9
2026-07-18 09:00:00,HELS-009-3,HELS-009,Band 1 (2100MHz),-78.8,-8.3,11.1,57.9,13.3,113.0
2026-07-18 09:00:00,HELS-010-1,HELS-010,Band 3 (1800MHz),-85.9,-9.9,15.6,68.8,37.3,60.8
2026-07-18 09:00:00,HELS-010-2,HELS-010,Band 3 (1800MHz),-82.0,-10.5,14.7,45.9,47.7,83.5
2026-07-18 09:00:00,HELS-010-3,HELS-010,Band 3 (1800MHz),-82.3,-7.6,19.9,79.7,33.7,56.0
2026-07-18 09:00:00,HELS-011-1,HELS-011,Band 1 (2100MHz),-93.7,-12.5,6.3,49.3,18.6,140.3
2026-07-18 09:00:00,HELS-011-2,HELS-011,Band 1 (2100MHz),-74.5,-12.2,6.3,69.4,41.5,117.0
2026-07-18 09:00:00,HELS-011-3,HELS-011,Band 1 (2100MHz),-83.3,-11.8,23.3,65.5,34.6,111.4
2026-07-18 09:00:00,HELS-012-1,HELS-012,Band 3 (1800MHz),-83.8,-8.4,7.8,54.4,37.5,111.2
2026-07-18 09:00:00,HELS-012-2,HELS-012,Band 3 (1800MHz),-102.3,-16.5,5.5,49.4,33.9,100.9
2026-07-18 09:00:00,HELS-012-3,HELS-012,Band 3 (1800MHz),-86.1,-10.5,18.3,57.5,35.4,133.9
2026-07-18 09:00:00,HELS-013-1,HELS-013,Band 1 (2100MHz),-82.9,-13.1,12.6,64.0,35.2,128.0
2026-07-18 09:00:00,HELS-013-2,HELS-013,Band 1 (2100MHz),-79.6,-7.7,9.9,34.3,26.0,122.3
2026-07-18 09:00:00,HELS-013-3,HELS-013,Band 1 (2100MHz),-82.3,-11.0,12.4,66.8,18.7,74.1
2026-07-18 09:00:00,HELS-014-1,HELS-014,Band 3 (1800MHz),-91.1,-10.0,17.6,22.5,43.5,115.4
2026-07-18 09:00:00,HELS-014-2,HELS-014,Band 3 (1800MHz),-77.1,-9.9,17.9,59.0,49.0,96.8
2026-07-18 09:00:00,HELS-014-3,HELS-014,Band 3 (1800MHz),-81.6,-8.6,16.7,55.9,39.7,89.9
2026-07-18 10:00:00,HELS-001-1,HELS-001,Band 1 (2100MHz),-83.1,-9.5,24.3,31.7,21.7,44.9
2026-07-18 10:00:00,HELS-001-2,HELS-001,Band 1 (2100MHz),-97.9,-17.0,1.5,12.0,13.4,31.0
2026-07-18 10:00:00,HELS-001-3,HELS-001,Band 1 (2100MHz),-97.8,-12.4,6.6,26.6,2.9,16.0
2026-07-18 10:00:00,HELS-002-1,HELS-002,Band 3 (1800MHz),-82.0,-9.4,18.7,23.4,18.2,0.0
2026-07-18 10:00:00,HELS-002-2,HELS-002,Band 3 (1800MHz),-86.8,-8.8,14.2,24.3,32.2,67.8
2026-07-18 10:00:00,HELS-002-3,HELS-002,Band 3 (1800MHz),-82.3,-6.4,14.9,12.9,5.5,45.1
2026-07-18 10:00:00,HELS-003-1,HELS-003,Band 1 (2100MHz),-80.9,-8.8,15.7,16.0,13.7,37.9
2026-07-18 10:00:00,HELS-003-2,HELS-003,Band 1 (2100MHz),-78.8,-5.0,13.7,28.0,0.0,59.4
2026-07-18 10:00:00,HELS-003-3,HELS-003,Band 1 (2100MHz),-92.5,-8.7,8.6,14.0,8.1,43.3
2026-07-18 10:00:00,HELS-004-1,HELS-004,Band 3 (1800MHz),-79.8,-7.5,10.8,5.9,14.2,46.3
2026-07-18 10:00:00,HELS-004-2,HELS-004,Band 3 (1800MHz),-80.8,-7.1,12.8,0.0,17.6,1.1
2026-07-18 10:00:00,HELS-004-3,HELS-004,Band 3 (1800MHz),-80.7,-10.7,5.9,25.4,8.6,6.0
2026-07-18 10:00:00,HELS-005-1,HELS-005,Band 1 (2100MHz),-97.1,-11.4,9.3,11.2,9.4,59.2
2026-07-18 10:00:00,HELS-005-2,HELS-005,Band 1 (2100MHz),-81.0,-8.4,10.1,3.1,8.1,37.7
2026-07-18 10:00:00,HELS-005-3,HELS-005,Band 1 (2100MHz),-91.8,-8.0,9.2,24.5,17.2,30.6
2026-07-18 10:00:00,HELS-006-1,HELS-006,Band 3 (1800MHz),-79.7,-12.8,6.0,10.6,14.8,75.1
2026-07-18 10:00:00,HELS-006-2,HELS-006,Band 3 (1800MHz),-86.0,-7.2,9.1,23.4,17.3,37.6
2026-07-18 10:00:00,HELS-006-3,HELS-006,Band 3 (1800MHz),-78.7,-7.7,11.7,34.1,3.0,39.5
2026-07-18 10:00:00,HELS-007-1,HELS-007,Band 1 (2100MHz),-88.6,-9.0,7.8,24.9,22.0,40.4
2026-07-18 10:00:00,HELS-007-2,HELS-007,Band 1 (2100MHz),-82.0,-8.3,7.4,39.2,12.6,33.9
2026-07-18 10:00:00,HELS-007-3,HELS-007,Band 1 (2100MHz),-93.9,-10.6,10.6,26.3,5.9,42.5
2026-07-18 10:00:00,HELS-008-1,HELS-008,Band 3 (1800MHz),-88.1,-6.4,15.0,19.5,21.1,31.6
2026-07-18 10:00:00,HELS-008-2,HELS-008,Band 3 (1800MHz),-76.8,-10.4,4.3,30.0,16.5,0.0
2026-07-18 10:00:00,HELS-008-3,HELS-008,Band 3 (1800MHz),-77.9,-8.5,15.9,13.9,2.6,50.6
2026-07-18 10:00:00,HELS-009-1,HELS-009,Band 1 (2100MHz),-74.5,-8.1,7.0,0.8,9.1,38.4
2026-07-18 10:00:00,HELS-009-2,HELS-009,Band 1 (2100MHz),-89.4,-9.0,8.9,28.2,6.8,48.4
2026-07-18 10:00:00,HELS-009-3,HELS-009,Band 1 (2100MHz),-83.4,-10.4,9.9,13.4,23.4,38.7
2026-07-18 10:00:00,HELS-010-1,HELS-010,Band 3 (1800MHz),-87.5,-6.2,13.5,24.5,11.8,8.2
2026-07-18 10:00:00,HELS-010-2,HELS-010,Band 3 (1800MHz),-84.6,-10.1,7.8,7.3,15.9,31.0
2026-07-18 10:00:00,HELS-010-3,HELS-010,Band 3 (1800MHz),-78.9,-8.5,12.4,14.2,0.0,44.6
2026-07-18 10:00:00,HELS-011-1,HELS-011,Band 1 (2100MHz),-75.7,-9.5,16.2,9.5,9.7,30.1
2026-07-18 10:00:00,HELS-011-2,HELS-011,Band 1 (2100MHz),-89.6,-7.8,18.4,17.1,22.5,44.0
2026-07-18 10:00:00,HELS-011-3,HELS-011,Band 1 (2100MHz),-90.2,-4.5,14.1,40.2,14.4,42.7
2026-07-18 10:00:00,HELS-012-1,HELS-012,Band 3 (1800MHz),-88.2,-7.8,16.8,8.1,23.1,41.5
2026-07-18 10:00:00,HELS-012-2,HELS-012,Band 3 (1800MHz),-94.0,-12.4,4.0,29.9,1.7,14.9
2026-07-18 10:00:00,HELS-012-3,HELS-012,Band 3 (1800MHz),-84.9,-8.0,13.0,15.2,3.0,46.4
2026-07-18 10:00:00,HELS-013-1,HELS-013,Band 1 (2100MHz),-86.7,-9.1,4.6,23.6,4.1,91.0
2026-07-18 10:00:00,HELS-013-2,HELS-013,Band 1 (2100MHz),-80.9,-10.8,8.3,12.4,14.8,9.7
2026-07-18 10:00:00,HELS-013-3,HELS-013,Band 1 (2100MHz),-80.8,-7.2,10.6,14.5,11.6,0.0
2026-07-18 10:00:00,HELS-014-1,HELS-014,Band 3 (1800MHz),-81.9,-11.8,16.7,40.9,11.4,5.5
2026-07-18 10:00:00,HELS-014-2,HELS-014,Band 3 (1800MHz),-82.8,-6.8,7.0,9.1,12.4,30.2
2026-07-18 10:00:00,HELS-014-3,HELS-014,Band 3 (1800MHz),-88.3,-11.8,13.2,20.0,7.1,29.0
2026-07-18 11:00:00,HELS-001-1,HELS-001,Band 1 (2100MHz),-83.3,-12.4,14.0,65.6,10.0,117.1
2026-07-18 11:00:00,HELS-001-2,HELS-001,Band 1 (2100MHz),-101.4,-12.5,13.1,68.3,42.3,70.1
2026-07-18 11:00:00,HELS-001-3,HELS-001,Band 1 (2100MHz),-104.4,-12.9,3.8,57.6,26.1,81.2
2026-07-18 11:00:00,HELS-002-1,HELS-002,Band 3 (1800MHz),-84.1,-9.8,19.8,63.6,22.3,63.2
2026-07-18 11:00:00,HELS-002-2,HELS-002,Band 3 (1800MHz),-93.2,-12.2,15.0,38.7,35.7,97.7
2026-07-18 11:00:00,HELS-002-3,HELS-002,Band 3 (1800MHz),-81.0,-10.5,8.2,60.5,30.7,68.4
2026-07-18 11:00:00,HELS-003-1,HELS-003,Band 1 (2100MHz),-80.4,-11.2,6.4,81.0,16.2,103.6
2026-07-18 11:00:00,HELS-003-2,HELS-003,Band 1 (2100MHz),-84.6,-11.0,17.2,74.4,42.7,59.1
2026-07-18 11:00:00,HELS-003-3,HELS-003,Band 1 (2100MHz),-77.8,-9.9,23.3,32.4,36.0,91.1
2026-07-18 11:00:00,HELS-004-1,HELS-004,Band 3 (1800MHz),-85.5,-9.9,16.2,58.2,59.5,65.5
2026-07-18 11:00:00,HELS-004-2,HELS-004,Band 3 (1800MHz),-84.2,-12.1,8.8,79.5,38.7,90.6
2026-07-18 11:00:00,HELS-004-3,HELS-004,Band 3 (1800MHz),-78.7,-14.5,12.5,73.6,28.9,128.5
2026-07-18 11:00:00,HELS-005-1,HELS-005,Band 1 (2100MHz),-104.6,-20.1,-2.6,71.9,33.3,116.6
2026-07-18 11:00:00,HELS-005-2,HELS-005,Band 1 (2100MHz),-78.0,-10.9,15.3,64.6,20.2,158.1
2026-07-18 11:00:00,HELS-005-3,HELS-005,Band 1 (2100MHz),-80.5,-11.2,12.8,60.4,17.1,135.6
2026-07-18 11:00:00,HELS-006-1,HELS-006,Band 3 (1800MHz),-86.6,-13.0,8.2,66.1,31.4,60.8
2026-07-18 11:00:00,HELS-006-2,HELS-006,Band 3 (1800MHz),-86.6,-9.9,9.7,62.4,39.6,74.6
2026-07-18 11:00:00,HELS-006-3,HELS-006,Band 3 (1800MHz),-85.0,-14.8,9.4,53.7,32.9,130.1
2026-07-18 11:00:00,HELS-007-1,HELS-007,Band 1 (2100MHz),-84.0,-13.2,7.6,57.5,24.0,104.3
2026-07-18 11:00:00,HELS-007-2,HELS-007,Band 1 (2100MHz),-72.3,-9.8,10.5,56.0,23.4,83.8
2026-07-18 11:00:00,HELS-007-3,HELS-007,Band 1 (2100MHz),-83.1,-8.1,21.7,54.1,16.0,99.1
2026-07-18 11:00:00,HELS-008-1,HELS-008,Band 3 (1800MHz),-79.6,-13.4,7.3,62.4,40.8,63.9
2026-07-18 11:00:00,HELS-008-2,HELS-008,Band 3 (1800MHz),-82.8,-10.2,14.0,57.4,28.1,102.4
2026-07-18 11:00:00,HELS-008-3,HELS-008,Band 3 (1800MHz),-80.1,-8.2,11.6,64.7,40.0,45.0
2026-07-18 11:00:00,HELS-009-1,HELS-009,Band 1 (2100MHz),-90.4,-8.3,11.4,53.1,34.7,102.8
2026-07-18 11:00:00,HELS-009-2,HELS-009,Band 1 (2100MHz),-82.2,-10.8,13.0,67.9,32.2,107.8
2026-07-18 11:00:00,HELS-009-3,HELS-009,Band 1 (2100MHz),-89.0,-9.7,14.6,61.5,24.0,105.2
2026-07-18 11:00:00,HELS-010-1,HELS-010,Band 3 (1800MHz),-79.8,-8.4,9.2,56.8,39.5,123.6
2026-07-18 11:00:00,HELS-010-2,HELS-010,Band 3 (1800MHz),-79.5,-10.9,8.8,67.4,22.8,93.6
2026-07-18 11:00:00,HELS-010-3,HELS-010,Band 3 (1800MHz),-86.9,-8.1,15.6,70.2,21.9,102.5
2026-07-18 11:00:00,HELS-011-1,HELS-011,Band 1 (2100MHz),-86.8,-10.3,7.6,73.1,34.4,53.5
2026-07-18 11:00:00,HELS-011-2,HELS-011,Band 1 (2100MHz),-85.1,-12.0,15.0,41.6,21.8,72.2
2026-07-18 11:00:00,HELS-011-3,HELS-011,Band 1 (2100MHz),-86.4,-12.4,16.6,56.3,33.1,103.4
2026-07-18 11:00:00,HELS-012-1,HELS-012,Band 3 (1800MHz),-89.7,-9.9,14.8,46.3,21.2,75.7
2026-07-18 11:00:00,HELS-012-2,HELS-012,Band 3 (1800MHz),-95.3,-15.1,10.3,66.1,43.1,129.0
2026-07-18 11:00:00,HELS-012-3,HELS-012,Band 3 (1800MHz),-84.4,-8.5,5.1,47.2,18.5,130.2
2026-07-18 11:00:00,HELS-013-1,HELS-013,Band 1 (2100MHz),-86.2,-10.0,14.8,50.1,32.6,82.2
2026-07-18 11:00:00,HELS-013-2,HELS-013,Band 1 (2100MHz),-87.0,-11.7,5.9,54.9,25.6,102.0
2026-07-18 11:00:00,HELS-013-3,HELS-013,Band 1 (2100MHz),-85.5,-11.5,16.1,61.2,30.4,44.2
2026-07-18 11:00:00,HELS-014-1,HELS-014,Band 3 (1800MHz),-88.2,-7.5,8.8,40.8,34.5,84.1
2026-07-18 11:00:00,HELS-014-2,HELS-014,Band 3 (1800MHz),-82.9,-9.6,10.3,80.6,42.3,101.9
2026-07-18 11:00:00,HELS-014-3,HELS-014,Band 3 (1800MHz),-86.7,-10.6,12.8,58.0,16.3,89.8
2026-07-18 12:00:00,HELS-001-1,HELS-001,Band 1 (2100MHz),-93.1,-12.1,23.8,55.9,28.9,83.9
2026-07-18 12:00:00,HELS-001-2,HELS-001,Band 1 (2100MHz),-97.0,-13.6,15.1,69.1,34.0,99.6
2026-07-18 12:00:00,HELS-001-3,HELS-001,Band 1 (2100MHz),-90.1,-14.1,7.4,61.7,34.5,90.6
2026-07-18 12:00:00,HELS-002-1,HELS-002,Band 3 (1800MHz),-82.1,-12.3,16.1,50.4,43.4,67.2
2026-07-18 12:00:00,HELS-002-2,HELS-002,Band 3 (1800MHz),-87.0,-13.9,14.4,70.5,23.2,96.9
2026-07-18 12:00:00,HELS-002-3,HELS-002,Band 3 (1800MHz),-84.3,-12.4,14.5,45.4,9.7,50.8
2026-07-18 12:00:00,HELS-003-1,HELS-003,Band 1 (2100MHz),-88.9,-13.5,17.9,50.2,34.7,113.9
2026-07-18 12:00:00,HELS-003-2,HELS-003,Band 1 (2100MHz),-81.1,-11.9,11.0,62.5,25.1,108.3
2026-07-18 12:00:00,HELS-003-3,HELS-003,Band 1 (2100MHz),-89.0,-5.8,7.1,52.3,26.2,111.7
2026-07-18 12:00:00,HELS-004-1,HELS-004,Band 3 (1800MHz),-82.2,-7.1,12.0,46.5,24.9,77.5
2026-07-18 12:00:00,HELS-004-2,HELS-004,Band 3 (1800MHz),-84.2,-11.7,5.6,68.2,30.9,137.5
2026-07-18 12:00:00,HELS-004-3,HELS-004,Band 3 (1800MHz),-80.4,-9.0,15.7,53.3,22.0,130.5
2026-07-18 12:00:00,HELS-005-1,HELS-005,Band 1 (2100MHz),-95.9,-15.6,-1.5,57.9,44.6,119.9
2026-07-18 12:00:00,HELS-005-2,HELS-005,Band 1 (2100MHz),-85.7,-8.3,6.7,43.8,35.2,89.4
2026-07-18 12:00:00,HELS-005-3,HELS-005,Band 1 (2100MHz),-90.3,-13.1,13.0,68.6,50.3,94.7
2026-07-18 12:00:00,HELS-006-1,HELS-006,Band 3 (1800MHz),-92.8,-12.7,18.3,69.2,42.2,139.2
2026-07-18 12:00:00,HELS-006-2,HELS-006,Band 3 (1800MHz),-78.7,-9.8,18.4,54.7,28.2,107.3
2026-07-18 12:00:00,HELS-006-3,HELS-006,Band 3 (1800MHz),-83.1,-11.6,15.8,65.9,19.5,97.1
2026-07-18 12:00:00,HELS-007-1,HELS-007,Band 1 (2100MHz),-92.1,-11.8,13.9,71.3,36.1,110.3
2026-07-18 12:00:00,HELS-007-2,HELS-007,Band 1 (2100MHz),-84.1,-13.7,15.4,69.3,28.1,64.1
2026-07-18 12:00:00,HELS-007-3,HELS-007,Band 1 (2100MHz),-88.7,-12.9,15.2,53.8,38.2,76.2
2026-07-18 12:00:00,HELS-008-1,HELS-008,Band 3 (1800MHz),-84.9,-10.5,7.9,56.2,38.6,123.9
2026-07-18 12:00:00,HELS-008-2,HELS-008,Band 3 (1800MHz),-83.1,-13.3,11.5,43.9,33.8,87.4
2026-07-18 12:00:00,HELS-008-3,HELS-008,Band 3 (1800MHz),-93.7,-11.1,12.1,58.6,32.5,117.8
2026-07-18 12:00:00,HELS-009-1,HELS-009,Band 1 (2100MHz),-82.8,-9.5,17.9,74.3,35.0,113.9
2026-07-18 12:00:00,HELS-009-2,HELS-009,Band 1 (2100MHz),-76.3,-11.6,15.5,71.0,23.8,113.0
2026-07-18 12:00:00,HELS-009-3,HELS-009,Band 1 (2100MHz),-83.4,-12.5,17.7,46.2,35.4,87.9
2026-07-18 12:00:00,HELS-010-1,HELS-010,Band 3 (1800MHz),-81.4,-10.0,15.7,71.9,27.9,68.1
2026-07-18 12:00:00,HELS-010-2,HELS-010,Band 3 (1800MHz),-73.8,-11.1,18.0,63.6,29.9,92.1
2026-07-18 12:00:00,HELS-010-3,HELS-010,Band 3 (1800MHz),-88.4,-13.9,12.6,82.6,50.2,92.5
2026-07-18 12:00:00,HELS-011-1,HELS-011,Band 1 (2100MHz),-87.5,-7.8,14.9,52.0,41.0,103.3
2026-07-18 12:00:00,HELS-011-2,HELS-011,Band 1 (2100MHz),-79.8,-11.8,12.0,48.4,33.8,101.7
2026-07-18 12:00:00,HELS-011-3,HELS-011,Band 1 (2100MHz),-84.0,-12.5,15.7,56.6,31.2,101.8
2026-07-18 12:00:00,HELS-012-1,HELS-012,Band 3 (1800MHz),-82.6,-13.8,11.8,55.0,36.7,101.6
2026-07-18 12:00:00,HELS-012-2,HELS-012,Band 3 (1800MHz),-105.0,-13.5,2.1,69.4,35.6,99.6
2026-07-18 12:00:00,HELS-012-3,HELS-012,Band 3 (1800MHz),-94.8,-10.8,4.8,47.7,44.3,80.9
2026-07-18 12:00:00,HELS-013-1,HELS-013,Band 1 (2100MHz),-86.3,-9.1,9.4,45.5,51.9,78.9
2026-07-18 12:00:00,HELS-013-2,HELS-013,Band 1 (2100MHz),-80.9,-10.5,18.4,67.4,29.3,93.5
2026-07-18 12:00:00,HELS-013-3,HELS-013,Band 1 (2100MHz),-81.0,-14.2,20.3,56.0,31.6,104.5
2026-07-18 12:00:00,HELS-014-1,HELS-014,Band 3 (1800MHz),-90.4,-12.9,8.7,51.6,27.9,104.1
2026-07-18 12:00:00,HELS-014-2,HELS-014,Band 3 (1800MHz),-81.3,-9.7,8.0,61.9,14.8,64.2
2026-07-18 12:00:00,HELS-014-3,HELS-014,Band 3 (1800MHz),-83.0,-10.1,12.7,47.4,26.1,106.6
2026-07-18 13:00:00,HELS-001-1,HELS-001,Band 1 (2100MHz),-80.3,-5.2,12.7,50.7,34.4,65.3
2026-07-18 13:00:00,HELS-001-2,HELS-001,Band 1 (2100MHz),-97.4,-16.5,1.9,60.0,39.5,78.1
2026-07-18 13:00:00,HELS-001-3,HELS-001,Band 1 (2100MHz),-88.6,-13.1,3.1,62.8,23.6,114.9
2026-07-18 13:00:00,HELS-002-1,HELS-002,Band 3 (1800MHz),-90.5,-4.8,8.7,34.8,34.1,101.4
2026-07-18 13:00:00,HELS-002-2,HELS-002,Band 3 (1800MHz),-88.3,-10.9,16.1,82.1,33.2,77.8
2026-07-18 13:00:00,HELS-002-3,HELS-002,Band 3 (1800MHz),-82.8,-11.7,21.3,52.6,39.7,89.0
2026-07-18 13:00:00,HELS-003-1,HELS-003,Band 1 (2100MHz),-79.0,-9.2,11.4,61.1,51.3,46.1
2026-07-18 13:00:00,HELS-003-2,HELS-003,Band 1 (2100MHz),-85.3,-15.0,12.6,61.7,40.4,50.1
2026-07-18 13:00:00,HELS-003-3,HELS-003,Band 1 (2100MHz),-80.5,-13.2,10.4,61.1,42.6,120.0
2026-07-18 13:00:00,HELS-004-1,HELS-004,Band 3 (1800MHz),-91.9,-10.0,13.6,38.6,32.2,53.9
2026-07-18 13:00:00,HELS-004-2,HELS-004,Band 3 (1800MHz),-80.2,-12.8,24.0,69.3,39.1,80.4
2026-07-18 13:00:00,HELS-004-3,HELS-004,Band 3 (1800MHz),-86.6,-9.6,23.5,69.7,14.5,103.0
2026-07-18 13:00:00,HELS-005-1,HELS-005,Band 1 (2100MHz),-93.5,-13.7,-1.0,48.5,22.0,110.0
2026-07-18 13:00:00,HELS-005-2,HELS-005,Band 1 (2100MHz),-90.1,-12.5,9.5,68.6,40.4,97.5
2026-07-18 13:00:00,HELS-005-3,HELS-005,Band 1 (2100MHz),-80.3,-11.0,11.5,65.5,29.4,71.7
2026-07-18 13:00:00,HELS-006-1,HELS-006,Band 3 (1800MHz),-80.8,-12.4,18.0,55.7,24.8,106.8
2026-07-18 13:00:00,HELS-006-2,HELS-006,Band 3 (1800MHz),-80.2,-12.5,21.3,56.2,24.4,89.1
2026-07-18 13:00:00,HELS-006-3,HELS-006,Band 3 (1800MHz),-85.0,-12.4,5.9,68.6,29.0,87.1
2026-07-18 13:00:00,HELS-007-1,HELS-007,Band 1 (2100MHz),-78.1,-9.8,6.4,66.2,43.6,89.9
2026-07-18 13:00:00,HELS-007-2,HELS-007,Band 1 (2100MHz),-81.4,-9.3,22.6,49.2,39.5,122.2
2026-07-18 13:00:00,HELS-007-3,HELS-007,Band 1 (2100MHz),-82.0,-8.3,7.7,75.9,41.8,98.2
2026-07-18 13:00:00,HELS-008-1,HELS-008,Band 3 (1800MHz),-87.0,-11.0,16.0,75.2,44.6,90.8
2026-07-18 13:00:00,HELS-008-2,HELS-008,Band 3 (1800MHz),-86.2,-11.0,9.2,45.7,32.2,97.2
2026-07-18 13:00:00,HELS-008-3,HELS-008,Band 3 (1800MHz),-83.7,-10.2,9.3,53.8,31.1,91.5
2026-07-18 13:00:00,HELS-009-1,HELS-009,Band 1 (2100MHz),-82.4,-11.9,12.9,59.4,26.8,125.4
2026-07-18 13:00:00,HELS-009-2,HELS-009,Band 1 (2100MHz),-88.2,-11.8,16.2,69.7,41.4,113.4
2026-07-18 13:00:00,HELS-009-3,HELS-009,Band 1 (2100MHz),-81.7,-11.5,9.8,35.0,41.1,85.0
2026-07-18 13:00:00,HELS-010-1,HELS-010,Band 3 (1800MHz),-86.1,-8.1,24.7,43.9,36.9,113.0
2026-07-18 13:00:00,HELS-010-2,HELS-010,Band 3 (1800MHz),-84.8,-11.4,13.2,46.0,24.5,100.8
2026-07-18 13:00:00,HELS-010-3,HELS-010,Band 3 (1800MHz),-86.6,-13.0,9.5,63.9,44.9,61.1
2026-07-18 13:00:00,HELS-011-1,HELS-011,Band 1 (2100MHz),-83.1,-9.3,17.7,51.3,39.1,113.8
2026-07-18 13:00:00,HELS-011-2,HELS-011,Band 1 (2100MHz),-76.8,-11.6,8.8,67.7,15.8,74.5
2026-07-18 13:00:00,HELS-011-3,HELS-011,Band 1 (2100MHz),-81.9,-11.0,19.6,64.8,27.2,126.5
2026-07-18 13:00:00,HELS-012-1,HELS-012,Band 3 (1800MHz),-85.8,-11.8,19.0,57.6,30.3,101.4
2026-07-18 13:00:00,HELS-012-2,HELS-012,Band 3 (1800MHz),-95.7,-16.9,2.3,42.1,31.4,76.8
2026-07-18 13:00:00,HELS-012-3,HELS-012,Band 3 (1800MHz),-82.2,-12.7,19.6,68.9,35.0,52.0
2026-07-18 13:00:00,HELS-013-1,HELS-013,Band 1 (2100MHz),-73.3,-11.6,13.2,59.6,33.3,72.1
2026-07-18 13:00:00,HELS-013-2,HELS-013,Band 1 (2100MHz),-84.7,-9.8,16.1,60.6,44.0,105.5
2026-07-18 13:00:00,HELS-013-3,HELS-013,Band 1 (2100MHz),-86.8,-10.3,14.6,51.3,27.9,109.4
2026-07-18 13:00:00,HELS-014-1,HELS-014,Band 3 (1800MHz),-91.5,-11.2,10.8,37.2,27.8,106.5
2026-07-18 13:00:00,HELS-014-2,HELS-014,Band 3 (1800MHz),-85.9,-11.4,13.5,61.6,27.6,95.7
2026-07-18 13:00:00,HELS-014-3,HELS-014,Band 3 (1800MHz),-82.1,-10.4,20.5,46.7,10.5,78.8
2026-07-18 14:00:00,HELS-001-1,HELS-001,Band 1 (2100MHz),-87.6,-16.1,7.2,71.8,34.1,111.1
2026-07-18 14:00:00,HELS-001-2,HELS-001,Band 1 (2100MHz),-90.7,-16.8,5.3,66.0,37.9,94.3
2026-07-18 14:00:00,HELS-001-3,HELS-001,Band 1 (2100MHz),-96.2,-19.2,-1.4,32.6,28.8,82.9
2026-07-18 14:00:00,HELS-002-1,HELS-002,Band 3 (1800MHz),-81.6,-11.0,7.7,58.3,33.2,90.9
2026-07-18 14:00:00,HELS-002-2,HELS-002,Band 3 (1800MHz),-78.3,-12.6,9.5,66.2,22.4,81.7
2026-07-18 14:00:00,HELS-002-3,HELS-002,Band 3 (1800MHz),-81.9,-12.6,20.8,66.2,44.3,107.2
2026-07-18 14:00:00,HELS-003-1,HELS-003,Band 1 (2100MHz),-78.0,-10.5,23.3,29.6,41.8,68.2
2026-07-18 14:00:00,HELS-003-2,HELS-003,Band 1 (2100MHz),-80.7,-8.0,12.7,64.3,28.4,98.3
2026-07-18 14:00:00,HELS-003-3,HELS-003,Band 1 (2100MHz),-81.1,-9.4,12.7,47.5,30.2,117.8
2026-07-18 14:00:00,HELS-004-1,HELS-004,Band 3 (1800MHz),-79.6,-9.4,13.3,64.0,31.1,109.6
2026-07-18 14:00:00,HELS-004-2,HELS-004,Band 3 (1800MHz),-80.6,-12.7,13.8,57.7,24.1,124.1
2026-07-18 14:00:00,HELS-004-3,HELS-004,Band 3 (1800MHz),-80.1,-12.6,11.2,82.8,38.5,75.4
2026-07-18 14:00:00,HELS-005-1,HELS-005,Band 1 (2100MHz),-87.3,-13.7,12.2,56.3,34.3,77.6
2026-07-18 14:00:00,HELS-005-2,HELS-005,Band 1 (2100MHz),-84.4,-11.3,12.7,45.7,32.6,134.3
2026-07-18 14:00:00,HELS-005-3,HELS-005,Band 1 (2100MHz),-83.9,-12.3,13.6,81.3,37.2,79.2
2026-07-18 14:00:00,HELS-006-1,HELS-006,Band 3 (1800MHz),-82.2,-13.2,22.2,42.0,36.8,113.5
2026-07-18 14:00:00,HELS-006-2,HELS-006,Band 3 (1800MHz),-86.7,-11.4,7.2,59.8,28.2,64.9
2026-07-18 14:00:00,HELS-006-3,HELS-006,Band 3 (1800MHz),-84.0,-13.1,15.4,59.3,30.1,119.2
2026-07-18 14:00:00,HELS-007-1,HELS-007,Band 1 (2100MHz),-80.0,-10.0,8.1,54.0,19.9,76.1
2026-07-18 14:00:00,HELS-007-2,HELS-007,Band 1 (2100MHz),-92.9,-9.1,18.6,74.7,35.6,76.9
2026-07-18 14:00:00,HELS-007-3,HELS-007,Band 1 (2100MHz),-79.2,-10.2,13.9,63.3,37.6,82.2
2026-07-18 14:00:00,HELS-008-1,HELS-008,Band 3 (1800MHz),-77.9,-13.2,5.0,44.6,38.1,97.9
2026-07-18 14:00:00,HELS-008-2,HELS-008,Band 3 (1800MHz),-93.4,-10.7,9.0,79.5,51.1,94.1
2026-07-18 14:00:00,HELS-008-3,HELS-008,Band 3 (1800MHz),-76.7,-10.6,14.5,66.0,27.1,91.4
2026-07-18 14:00:00,HELS-009-1,HELS-009,Band 1 (2100MHz),-83.7,-13.0,7.3,59.1,32.7,95.2
2026-07-18 14:00:00,HELS-009-2,HELS-009,Band 1 (2100MHz),-83.4,-11.1,8.2,77.2,20.3,106.5
2026-07-18 14:00:00,HELS-009-3,HELS-009,Band 1 (2100MHz),-86.5,-8.4,15.6,53.4,30.6,62.1
2026-07-18 14:00:00,HELS-010-1,HELS-010,Band 3 (1800MHz),-86.0,-11.5,3.5,26.0,31.8,55.2
2026-07-18 14:00:00,HELS-010-2,HELS-010,Band 3 (1800MHz),-84.0,-11.2,14.5,70.9,20.7,98.9
2026-07-18 14:00:00,HELS-010-3,HELS-010,Band 3 (1800MHz),-85.3,-16.2,21.7,56.8,21.7,85.6
2026-07-18 14:00:00,HELS-011-1,HELS-011,Band 1 (2100MHz),-83.2,-9.7,16.1,43.0,35.1,129.7
2026-07-18 14:00:00,HELS-011-2,HELS-011,Band 1 (2100MHz),-85.7,-15.3,15.6,52.3,25.4,87.9
2026-07-18 14:00:00,HELS-011-3,HELS-011,Band 1 (2100MHz),-82.9,-14.4,15.9,65.2,29.0,104.1
2026-07-18 14:00:00,HELS-012-1,HELS-012,Band 3 (1800MHz),-80.9,-10.9,18.4,47.2,24.4,87.3
2026-07-18 14:00:00,HELS-012-2,HELS-012,Band 3 (1800MHz),-97.8,-16.9,3.1,46.2,26.1,92.9
2026-07-18 14:00:00,HELS-012-3,HELS-012,Band 3 (1800MHz),-85.7,-8.3,14.4,52.4,26.4,50.2
2026-07-18 14:00:00,HELS-013-1,HELS-013,Band 1 (2100MHz),-77.1,-13.0,11.3,82.3,25.7,96.2
2026-07-18 14:00:00,HELS-013-2,HELS-013,Band 1 (2100MHz),-82.2,-9.6,14.7,71.8,35.1,84.7
2026-07-18 14:00:00,HELS-013-3,HELS-013,Band 1 (2100MHz),-82.0,-10.2,11.4,50.0,47.1,74.3
2026-07-18 14:00:00,HELS-014-1,HELS-014,Band 3 (1800MHz),-86.4,-10.2,8.6,51.2,33.4,86.6
2026-07-18 14:00:00,HELS-014-2,HELS-014,Band 3 (1800MHz),-85.4,-9.2,9.3,70.9,28.7,126.1
2026-07-18 14:00:00,HELS-014-3,HELS-014,Band 3 (1800MHz),-82.6,-9.3,11.0,78.4,33.8,62.1
2026-07-18 15:00:00,HELS-001-1,HELS-001,Band 1 (2100MHz),-86.2,-6.5,19.7,18.9,0.0,35.0
2026-07-18 15:00:00,HELS-001-2,HELS-001,Band 1 (2100MHz),-98.1,-13.4,1.7,33.3,14.4,13.8
2026-07-18 15:00:00,HELS-001-3,HELS-001,Band 1 (2100MHz),-96.1,-9.0,10.6,0.0,0.6,53.6
2026-07-18 15:00:00,HELS-002-1,HELS-002,Band 3 (1800MHz),-84.6,-9.9,8.5,13.5,0.0,51.7
2026-07-18 15:00:00,HELS-002-2,HELS-002,Band 3 (1800MHz),-83.0,-6.9,10.9,12.6,5.7,50.1
2026-07-18 15:00:00,HELS-002-3,HELS-002,Band 3 (1800MHz),-84.1,-8.8,18.2,2.2,8.3,23.7
2026-07-18 15:00:00,HELS-003-1,HELS-003,Band 1 (2100MHz),-85.2,-8.6,14.5,7.4,16.1,4.1
2026-07-18 15:00:00,HELS-003-2,HELS-003,Band 1 (2100MHz),-82.6,-7.3,9.4,0.0,22.1,33.2
2026-07-18 15:00:00,HELS-003-3,HELS-003,Band 1 (2100MHz),-82.3,-4.7,18.1,6.0,26.7,22.0
2026-07-18 15:00:00,HELS-004-1,HELS-004,Band 3 (1800MHz),-90.6,-5.6,17.3,25.5,6.5,73.0
2026-07-18 15:00:00,HELS-004-2,HELS-004,Band 3 (1800MHz),-77.5,-5.9,12.9,22.0,27.2,75.6
2026-07-18 15:00:00,HELS-004-3,HELS-004,Band 3 (1800MHz),-84.9,-10.9,7.8,21.5,7.1,47.4
2026-07-18 15:00:00,HELS-005-1,HELS-005,Band 1 (2100MHz),-103.8,-13.5,-10.0,22.9,3.9,28.6
2026-07-18 15:00:00,HELS-005-2,HELS-005,Band 1 (2100MHz),-87.3,-8.7,13.5,32.9,8.9,9.5
2026-07-18 15:00:00,HELS-005-3,HELS-005,Band 1 (2100MHz),-85.8,-10.4,3.2,28.2,0.0,3.4
2026-07-18 15:00:00,HELS-006-1,HELS-006,Band 3 (1800MHz),-84.2,-5.4,7.7,18.8,7.2,12.9
2026-07-18 15:00:00,HELS-006-2,HELS-006,Band 3 (1800MHz),-81.1,-7.5,6.1,20.2,12.3,28.4
2026-07-18 15:00:00,HELS-006-3,HELS-006,Band 3 (1800MHz),-79.0,-6.4,16.7,31.1,10.3,28.4
2026-07-18 15:00:00,HELS-007-1,HELS-007,Band 1 (2100MHz),-85.1,-7.7,0.8,21.5,0.0,36.1
2026-07-18 15:00:00,HELS-007-2,HELS-007,Band 1 (2100MHz),-83.0,-11.6,21.1,35.4,15.4,39.4
2026-07-18 15:00:00,HELS-007-3,HELS-007,Band 1 (2100MHz),-81.5,-9.8,15.0,7.4,22.5,11.8
2026-07-18 15:00:00,HELS-008-1,HELS-008,Band 3 (1800MHz),-85.1,-5.7,8.4,13.8,0.0,0.0
2026-07-18 15:00:00,HELS-008-2,HELS-008,Band 3 (1800MHz),-85.0,-10.4,12.4,33.2,19.4,41.0
2026-07-18 15:00:00,HELS-008-3,HELS-008,Band 3 (1800MHz),-84.9,-13.1,13.8,0.0,18.9,46.7
2026-07-18 15:00:00,HELS-009-1,HELS-009,Band 1 (2100MHz),-78.9,-10.8,19.1,27.6,12.7,57.4
2026-07-18 15:00:00,HELS-009-2,HELS-009,Band 1 (2100MHz),-80.9,-9.1,17.6,0.0,11.5,24.4
2026-07-18 15:00:00,HELS-009-3,HELS-009,Band 1 (2100MHz),-73.3,-8.0,10.0,2.5,14.4,28.5
2026-07-18 15:00:00,HELS-010-1,HELS-010,Band 3 (1800MHz),-88.4,-8.4,17.3,13.8,0.0,15.7
2026-07-18 15:00:00,HELS-010-2,HELS-010,Band 3 (1800MHz),-80.9,-9.8,16.4,7.5,18.4,51.0
2026-07-18 15:00:00,HELS-010-3,HELS-010,Band 3 (1800MHz),-83.6,-10.9,1.1,22.8,3.3,7.1
2026-07-18 15:00:00,HELS-011-1,HELS-011,Band 1 (2100MHz),-83.2,-6.9,14.2,8.9,13.9,0.0
2026-07-18 15:00:00,HELS-011-2,HELS-011,Band 1 (2100MHz),-90.3,-12.1,12.8,19.3,21.3,36.2
2026-07-18 15:00:00,HELS-011-3,HELS-011,Band 1 (2100MHz),-84.9,-13.9,13.8,32.1,11.3,49.5
2026-07-18 15:00:00,HELS-012-1,HELS-012,Band 3 (1800MHz),-84.2,-9.3,2.6,28.6,21.6,11.1
2026-07-18 15:00:00,HELS-012-2,HELS-012,Band 3 (1800MHz),-92.6,-10.8,10.8,27.5,5.2,14.8
2026-07-18 15:00:00,HELS-012-3,HELS-012,Band 3 (1800MHz),-81.7,-8.7,22.2,24.9,2.2,48.5
2026-07-18 15:00:00,HELS-013-1,HELS-013,Band 1 (2100MHz),-84.4,-7.4,2.7,20.7,4.0,52.4
2026-07-18 15:00:00,HELS-013-2,HELS-013,Band 1 (2100MHz),-85.6,-8.2,20.9,36.8,0.0,15.1
2026-07-18 15:00:00,HELS-013-3,HELS-013,Band 1 (2100MHz),-83.8,-11.8,11.2,17.9,11.6,58.8
2026-07-18 15:00:00,HELS-014-1,HELS-014,Band 3 (1800MHz),-86.2,-8.1,16.5,19.8,0.5,2.7
2026-07-18 15:00:00,HELS-014-2,HELS-014,Band 3 (1800MHz),-77.8,-3.6,19.5,47.7,8.7,38.8
2026-07-18 15:00:00,HELS-014-3,HELS-014,Band 3 (1800MHz),-81.8,-7.9,10.8,12.4,9.7,16.1
2026-07-18 16:00:00,HELS-001-1,HELS-001,Band 1 (2100MHz),-85.9,-13.7,11.5,79.8,32.6,138.3
2026-07-18 16:00:00,HELS-001-2,HELS-001,Band 1 (2100MHz),-102.2,-16.5,-0.4,84.2,44.8,116.3
2026-07-18 16:00:00,HELS-001-3,HELS-001,Band 1 (2100MHz),-92.2,-16.5,5.8,77.3,41.4,135.9
2026-07-18 16:00:00,HELS-002-1,HELS-002,Band 3 (1800MHz),-85.2,-14.5,13.2,70.2,36.6,103.2
2026-07-18 16:00:00,HELS-002-2,HELS-002,Band 3 (1800MHz),-86.2,-10.5,6.8,72.2,49.0,119.8
2026-07-18 16:00:00,HELS-002-3,HELS-002,Band 3 (1800MHz),-83.7,-13.1,14.2,81.1,27.4,125.3
2026-07-18 16:00:00,HELS-003-1,HELS-003,Band 1 (2100MHz),-94.0,-10.6,8.3,59.2,53.4,121.8
2026-07-18 16:00:00,HELS-003-2,HELS-003,Band 1 (2100MHz),-81.9,-11.2,21.1,95.1,41.8,107.5
2026-07-18 16:00:00,HELS-003-3,HELS-003,Band 1 (2100MHz),-92.9,-8.8,10.4,76.6,54.5,156.6
2026-07-18 16:00:00,HELS-004-1,HELS-004,Band 3 (1800MHz),-88.7,-9.7,18.0,94.4,46.3,116.2
2026-07-18 16:00:00,HELS-004-2,HELS-004,Band 3 (1800MHz),-80.4,-10.4,17.7,53.2,58.0,121.0
2026-07-18 16:00:00,HELS-004-3,HELS-004,Band 3 (1800MHz),-90.1,-13.0,12.3,79.3,36.2,105.7
2026-07-18 16:00:00,HELS-005-1,HELS-005,Band 1 (2100MHz),-102.5,-15.6,11.4,93.1,34.6,118.7
2026-07-18 16:00:00,HELS-005-2,HELS-005,Band 1 (2100MHz),-85.5,-12.9,10.3,72.8,32.9,139.6
2026-07-18 16:00:00,HELS-005-3,HELS-005,Band 1 (2100MHz),-79.2,-12.4,11.4,70.8,49.8,119.1
2026-07-18 16:00:00,HELS-006-1,HELS-006,Band 3 (1800MHz),-84.5,-9.6,9.2,61.2,47.7,169.0
2026-07-18 16:00:00,HELS-006-2,HELS-006,Band 3 (1800MHz),-83.9,-11.8,12.1,77.1,65.6,143.0
2026-07-18 16:00:00,HELS-006-3,HELS-006,Band 3 (1800MHz),-85.8,-11.0,14.2,77.2,17.0,117.7
2026-07-18 16:00:00,HELS-007-1,HELS-007,Band 1 (2100MHz),-85.7,-12.4,19.6,69.0,43.4,95.3
2026-07-18 16:00:00,HELS-007-2,HELS-007,Band 1 (2100MHz),-80.3,-14.6,15.5,59.5,50.9,124.8
2026-07-18 16:00:00,HELS-007-3,HELS-007,Band 1 (2100MHz),-79.4,-9.4,14.9,70.0,46.6,166.2
2026-07-18 16:00:00,HELS-008-1,HELS-008,Band 3 (1800MHz),-95.2,-11.6,18.9,91.7,48.6,115.2
2026-07-18 16:00:00,HELS-008-2,HELS-008,Band 3 (1800MHz),-86.3,-11.1,15.2,85.6,45.4,144.6
2026-07-18 16:00:00,HELS-008-3,HELS-008,Band 3 (1800MHz),-80.3,-12.2,12.1,59.6,52.3,126.2
2026-07-18 16:00:00,HELS-009-1,HELS-009,Band 1 (2100MHz),-86.3,-14.6,19.7,68.6,51.0,110.6
2026-07-18 16:00:00,HELS-009-2,HELS-009,Band 1 (2100MHz),-82.8,-9.0,13.2,81.4,51.5,139.3
2026-07-18 16:00:00,HELS-009-3,HELS-009,Band 1 (2100MHz),-82.4,-11.2,19.2,78.7,45.1,85.7
2026-07-18 16:00:00,HELS-010-1,HELS-010,Band 3 (1800MHz),-84.5,-8.7,16.4,63.5,70.2,112.1
2026-07-18 16:00:00,HELS-010-2,HELS-010,Band 3 (1800MHz),-82.4,-9.7,13.6,66.6,45.4,109.5
2026-07-18 16:00:00,HELS-010-3,HELS-010,Band 3 (1800MHz),-81.7,-9.9,17.1,71.9,41.4,125.4
2026-07-18 16:00:00,HELS-011-1,HELS-011,Band 1 (2100MHz),-79.7,-8.5,10.9,62.1,34.5,157.3
2026-07-18 16:00:00,HELS-011-2,HELS-011,Band 1 (2100MHz),-82.0,-10.2,3.7,66.3,42.0,132.7
2026-07-18 16:00:00,HELS-011-3,HELS-011,Band 1 (2100MHz),-89.0,-12.9,11.7,89.6,28.2,153.9
2026-07-18 16:00:00,HELS-012-1,HELS-012,Band 3 (1800MHz),-81.7,-7.9,16.6,67.1,41.5,144.3
2026-07-18 16:00:00,HELS-012-2,HELS-012,Band 3 (1800MHz),-99.8,-15.8,10.4,58.5,30.0,134.8
2026-07-18 16:00:00,HELS-012-3,HELS-012,Band 3 (1800MHz),-86.4,-10.5,6.4,63.5,59.7,136.1
2026-07-18 16:00:00,HELS-013-1,HELS-013,Band 1 (2100MHz),-88.3,-9.3,11.2,67.9,31.1,107.7
2026-07-18 16:00:00,HELS-013-2,HELS-013,Band 1 (2100MHz),-85.2,-15.7,13.4,76.8,28.4,121.6
2026-07-18 16:00:00,HELS-013-3,HELS-013,Band 1 (2100MHz),-81.3,-11.9,17.7,62.1,43.3,125.5
2026-07-18 16:00:00,HELS-014-1,HELS-014,Band 3 (1800MHz),-88.6,-12.5,13.3,59.8,35.5,91.2
2026-07-18 16:00:00,HELS-014-2,HELS-014,Band 3 (1800MHz),-80.0,-12.1,20.1,53.7,38.3,101.2
2026-07-18 16:00:00,HELS-014-3,HELS-014,Band 3 (1800MHz),-86.5,-12.8,14.7,79.6,50.9,128.9
2026-07-18 17:00:00,HELS-001-1,HELS-001,Band 1 (2100MHz),-80.6,-13.1,15.1,97.5,63.8,118.9
2026-07-18 17:00:00,HELS-001-2,HELS-001,Band 1 (2100MHz),-88.7,-13.3,0.5,81.1,52.8,152.3
2026-07-18 17:00:00,HELS-001-3,HELS-001,Band 1 (2100MHz),-100.9,-14.2,6.8,87.2,37.1,151.5
2026-07-18 17:00:00,HELS-002-1,HELS-002,Band 3 (1800MHz),-79.7,-13.8,14.2,83.0,35.1,137.7
2026-07-18 17:00:00,HELS-002-2,HELS-002,Band 3 (1800MHz),-85.2,-9.1,9.4,100.0,45.9,132.8
2026-07-18 17:00:00,HELS-002-3,HELS-002,Band 3 (1800MHz),-86.9,-11.7,9.6,98.5,48.8,135.1
2026-07-18 17:00:00,HELS-003-1,HELS-003,Band 1 (2100MHz),-88.9,-13.6,12.0,61.5,87.2,158.7
2026-07-18 17:00:00,HELS-003-2,HELS-003,Band 1 (2100MHz),-83.8,-11.8,3.3,100.0,49.6,188.7
2026-07-18 17:00:00,HELS-003-3,HELS-003,Band 1 (2100MHz),-81.3,-15.3,11.5,100.0,39.1,128.9
2026-07-18 17:00:00,HELS-004-1,HELS-004,Band 3 (1800MHz),-87.4,-10.1,11.8,90.7,48.6,135.6
2026-07-18 17:00:00,HELS-004-2,HELS-004,Band 3 (1800MHz),-89.8,-11.2,14.9,83.4,50.6,170.4
2026-07-18 17:00:00,HELS-004-3,HELS-004,Band 3 (1800MHz),-81.3,-9.2,10.4,88.8,48.5,119.5
2026-07-18 17:00:00,HELS-005-1,HELS-005,Band 1 (2100MHz),-91.9,-15.4,1.3,94.9,49.2,107.1
2026-07-18 17:00:00,HELS-005-2,HELS-005,Band 1 (2100MHz),-85.4,-15.0,22.2,68.1,63.9,110.5
2026-07-18 17:00:00,HELS-005-3,HELS-005,Band 1 (2100MHz),-84.1,-14.9,12.8,89.6,37.2,132.6
2026-07-18 17:00:00,HELS-006-1,HELS-006,Band 3 (1800MHz),-83.6,-13.3,22.0,90.3,53.2,150.2
2026-07-18 17:00:00,HELS-006-2,HELS-006,Band 3 (1800MHz),-81.2,-10.3,8.4,88.8,51.8,84.6
2026-07-18 17:00:00,HELS-006-3,HELS-006,Band 3 (1800MHz),-84.6,-14.8,24.4,77.1,62.6,156.7
2026-07-18 17:00:00,HELS-007-1,HELS-007,Band 1 (2100MHz),-89.3,-14.9,6.2,75.7,48.1,125.4
2026-07-18 17:00:00,HELS-007-2,HELS-007,Band 1 (2100MHz),-78.5,-11.3,9.9,92.0,52.9,126.1
2026-07-18 17:00:00,HELS-007-3,HELS-007,Band 1 (2100MHz),-86.4,-13.3,18.2,95.3,41.4,126.1
2026-07-18 17:00:00,HELS-008-1,HELS-008,Band 3 (1800MHz),-77.6,-13.1,12.0,85.4,35.8,139.1
2026-07-18 17:00:00,HELS-008-2,HELS-008,Band 3 (1800MHz),-86.9,-12.4,8.8,88.4,49.0,136.8
2026-07-18 17:00:00,HELS-008-3,HELS-008,Band 3 (1800MHz),-91.2,-10.6,11.4,100.0,51.4,157.1
2026-07-18 17:00:00,HELS-009-1,HELS-009,Band 1 (2100MHz),-76.6,-9.9,10.4,72.3,66.4,167.1
2026-07-18 17:00:00,HELS-009-2,HELS-009,Band 1 (2100MHz),-82.5,-12.2,9.4,85.3,62.1,112.5
2026-07-18 17:00:00,HELS-009-3,HELS-009,Band 1 (2100MHz),-81.0,-7.9,12.4,80.4,64.8,172.3
2026-07-18 17:00:00,HELS-010-1,HELS-010,Band 3 (1800MHz),-83.6,-9.9,8.7,96.7,60.6,137.0
2026-07-18 17:00:00,HELS-010-2,HELS-010,Band 3 (1800MHz),-86.9,-11.6,2.9,97.2,41.9,143.9
2026-07-18 17:00:00,HELS-010-3,HELS-010,Band 3 (1800MHz),-89.3,-8.1,15.7,63.9,54.4,92.1
2026-07-18 17:00:00,HELS-011-1,HELS-011,Band 1 (2100MHz),-81.2,-10.7,17.3,93.3,65.2,105.4
2026-07-18 17:00:00,HELS-011-2,HELS-011,Band 1 (2100MHz),-76.7,-12.2,12.2,95.5,45.1,154.3
2026-07-18 17:00:00,HELS-011-3,HELS-011,Band 1 (2100MHz),-83.8,-9.4,16.5,90.1,49.6,180.9
2026-07-18 17:00:00,HELS-012-1,HELS-012,Band 3 (1800MHz),-86.7,-13.2,17.2,88.9,44.5,151.1
2026-07-18 17:00:00,HELS-012-2,HELS-012,Band 3 (1800MHz),-91.6,-17.4,5.2,90.9,29.5,145.8
2026-07-18 17:00:00,HELS-012-3,HELS-012,Band 3 (1800MHz),-75.7,-11.3,10.5,85.2,43.2,173.3
2026-07-18 17:00:00,HELS-013-1,HELS-013,Band 1 (2100MHz),-80.1,-10.4,9.2,72.7,54.5,166.4
2026-07-18 17:00:00,HELS-013-2,HELS-013,Band 1 (2100MHz),-85.2,-12.0,12.0,73.8,56.6,164.0
2026-07-18 17:00:00,HELS-013-3,HELS-013,Band 1 (2100MHz),-92.9,-11.2,16.3,68.7,49.3,128.2
2026-07-18 17:00:00,HELS-014-1,HELS-014,Band 3 (1800MHz),-83.2,-12.9,10.2,86.5,43.4,142.9
2026-07-18 17:00:00,HELS-014-2,HELS-014,Band 3 (1800MHz),-83.8,-10.4,2.4,95.5,57.2,139.7
2026-07-18 17:00:00,HELS-014-3,HELS-014,Band 3 (1800MHz),-83.9,-11.8,3.1,99.1,68.5,147.3
2026-07-18 18:00:00,HELS-001-1,HELS-001,Band 1 (2100MHz),-86.0,-13.4,15.1,74.2,65.2,126.2
2026-07-18 18:00:00,HELS-001-2,HELS-001,Band 1 (2100MHz),-96.8,-12.9,-1.1,68.6,55.3,146.1
2026-07-18 18:00:00,HELS-001-3,HELS-001,Band 1 (2100MHz),-94.0,-13.2,6.4,92.7,66.9,150.9
2026-07-18 18:00:00,HELS-002-1,HELS-002,Band 3 (1800MHz),-87.9,-13.6,14.1,100.0,64.3,145.5
2026-07-18 18:00:00,HELS-002-2,HELS-002,Band 3 (1800MHz),-82.5,-11.3,9.6,100.0,39.8,99.0
2026-07-18 18:00:00,HELS-002-3,HELS-002,Band 3 (1800MHz),-87.1,-12.9,7.3,100.0,40.7,171.5
2026-07-18 18:00:00,HELS-003-1,HELS-003,Band 1 (2100MHz),-88.6,-14.3,5.9,83.1,46.8,167.4
2026-07-18 18:00:00,HELS-003-2,HELS-003,Band 1 (2100MHz),-87.9,-13.3,16.0,87.2,44.0,165.9
2026-07-18 18:00:00,HELS-003-3,HELS-003,Band 1 (2100MHz),-86.0,-13.8,15.1,79.6,53.5,112.3
2026-07-18 18:00:00,HELS-004-1,HELS-004,Band 3 (1800MHz),-81.9,-14.5,13.4,96.6,44.5,137.3
2026-07-18 18:00:00,HELS-004-2,HELS-004,Band 3 (1800MHz),-83.7,-8.6,16.0,98.3,39.4,113.9
2026-07-18 18:00:00,HELS-004-3,HELS-004,Band 3 (1800MHz),-82.6,-11.1,18.1,79.5,62.2,154.6
2026-07-18 18:00:00,HELS-005-1,HELS-005,Band 1 (2100MHz),-96.2,-13.7,1.5,89.2,32.1,153.1
2026-07-18 18:00:00,HELS-005-2,HELS-005,Band 1 (2100MHz),-80.8,-10.6,15.5,96.7,34.4,174.6
2026-07-18 18:00:00,HELS-005-3,HELS-005,Band 1 (2100MHz),-85.3,-12.9,20.5,95.1,47.4,136.9
2026-07-18 18:00:00,HELS-006-1,HELS-006,Band 3 (1800MHz),-80.4,-16.7,14.1,100.0,29.4,180.6
2026-07-18 18:00:00,HELS-006-2,HELS-006,Band 3 (1800MHz),-84.7,-12.1,9.7,100.0,42.8,155.9
2026-07-18 18:00:00,HELS-006-3,HELS-006,Band 3 (1800MHz),-83.2,-13.7,12.9,94.0,58.9,155.8
2026-07-18 18:00:00,HELS-007-1,HELS-007,Band 1 (2100MHz),-83.8,-9.5,12.9,86.7,53.3,134.4
2026-07-18 18:00:00,HELS-007-2,HELS-007,Band 1 (2100MHz),-83.7,-10.6,13.8,100.0,63.1,155.7
2026-07-18 18:00:00,HELS-007-3,HELS-007,Band 1 (2100MHz),-86.9,-14.6,20.8,75.5,45.7,149.2
2026-07-18 18:00:00,HELS-008-1,HELS-008,Band 3 (1800MHz),-80.1,-13.1,9.6,100.0,54.0,142.2
2026-07-18 18:00:00,HELS-008-2,HELS-008,Band 3 (1800MHz),-90.0,-12.0,8.0,77.1,49.9,125.9
2026-07-18 18:00:00,HELS-008-3,HELS-008,Band 3 (1800MHz),-77.5,-8.8,12.2,68.3,39.7,119.5
2026-07-18 18:00:00,HELS-009-1,HELS-009,Band 1 (2100MHz),-82.1,-17.9,21.9,93.0,65.7,138.3
2026-07-18 18:00:00,HELS-009-2,HELS-009,Band 1 (2100MHz),-94.6,-11.9,23.8,80.9,63.3,136.9
2026-07-18 18:00:00,HELS-009-3,HELS-009,Band 1 (2100MHz),-78.2,-11.1,16.6,83.2,46.2,118.6
2026-07-18 18:00:00,HELS-010-1,HELS-010,Band 3 (1800MHz),-79.8,-11.4,10.1,77.2,69.5,181.7
2026-07-18 18:00:00,HELS-010-2,HELS-010,Band 3 (1800MHz),-85.7,-13.6,18.7,83.8,77.9,128.5
2026-07-18 18:00:00,HELS-010-3,HELS-010,Band 3 (1800MHz),-84.9,-9.8,12.0,81.9,57.9,185.5
2026-07-18 18:00:00,HELS-011-1,HELS-011,Band 1 (2100MHz),-88.4,-13.3,5.3,100.0,57.5,137.0
2026-07-18 18:00:00,HELS-011-2,HELS-011,Band 1 (2100MHz),-81.5,-12.7,10.4,100.0,55.3,165.7
2026-07-18 18:00:00,HELS-011-3,HELS-011,Band 1 (2100MHz),-79.3,-10.2,11.6,67.2,52.9,148.3
2026-07-18 18:00:00,HELS-012-1,HELS-012,Band 3 (1800MHz),-74.8,-15.9,19.7,88.8,47.4,135.2
2026-07-18 18:00:00,HELS-012-2,HELS-012,Band 3 (1800MHz),-96.8,-15.3,15.0,80.3,49.1,130.0
2026-07-18 18:00:00,HELS-012-3,HELS-012,Band 3 (1800MHz),-82.7,-13.5,17.7,88.6,44.2,180.1
2026-07-18 18:00:00,HELS-013-1,HELS-013,Band 1 (2100MHz),-84.3,-9.2,14.3,89.9,60.8,112.3
2026-07-18 18:00:00,HELS-013-2,HELS-013,Band 1 (2100MHz),-79.0,-14.6,11.5,79.9,47.6,145.7
2026-07-18 18:00:00,HELS-013-3,HELS-013,Band 1 (2100MHz),-83.5,-11.3,9.1,100.0,54.6,144.0
2026-07-18 18:00:00,HELS-014-1,HELS-014,Band 3 (1800MHz),-86.6,-13.8,22.0,76.1,65.2,122.9
2026-07-18 18:00:00,HELS-014-2,HELS-014,Band 3 (1800MHz),-81.5,-13.7,7.4,100.0,48.0,146.8
2026-07-18 18:00:00,HELS-014-3,HELS-014,Band 3 (1800MHz),-83.7,-12.1,23.3,97.4,40.3,126.6
2026-07-18 19:00:00,HELS-001-1,HELS-001,Band 1 (2100MHz),-85.7,-11.7,17.5,54.5,65.9,162.4
2026-07-18 19:00:00,HELS-001-2,HELS-001,Band 1 (2100MHz),-93.8,-14.3,12.2,97.7,47.5,169.6
2026-07-18 19:00:00,HELS-001-3,HELS-001,Band 1 (2100MHz),-100.5,-16.7,-0.5,87.0,44.3,106.8
2026-07-18 19:00:00,HELS-002-1,HELS-002,Band 3 (1800MHz),-88.6,-12.8,5.0,86.0,34.1,144.0
2026-07-18 19:00:00,HELS-002-2,HELS-002,Band 3 (1800MHz),-86.5,-12.1,12.2,87.4,49.8,155.6
2026-07-18 19:00:00,HELS-002-3,HELS-002,Band 3 (1800MHz),-81.7,-12.1,15.6,94.5,43.5,143.6
2026-07-18 19:00:00,HELS-003-1,HELS-003,Band 1 (2100MHz),-87.3,-13.4,12.6,80.7,48.6,145.2
2026-07-18 19:00:00,HELS-003-2,HELS-003,Band 1 (2100MHz),-84.7,-9.7,18.3,90.4,59.5,172.9
2026-07-18 19:00:00,HELS-003-3,HELS-003,Band 1 (2100MHz),-87.2,-9.5,16.8,87.5,58.2,120.3
2026-07-18 19:00:00,HELS-004-1,HELS-004,Band 3 (1800MHz),-78.1,-10.5,15.2,68.4,59.0,123.9
2026-07-18 19:00:00,HELS-004-2,HELS-004,Band 3 (1800MHz),-79.6,-15.1,13.8,76.8,50.0,145.0
2026-07-18 19:00:00,HELS-004-3,HELS-004,Band 3 (1800MHz),-75.5,-12.5,12.6,72.4,53.9,114.6
2026-07-18 19:00:00,HELS-005-1,HELS-005,Band 1 (2100MHz),-95.7,-16.3,4.5,92.3,52.5,125.5
2026-07-18 19:00:00,HELS-005-2,HELS-005,Band 1 (2100MHz),-84.3,-13.8,5.6,94.7,44.9,122.5
2026-07-18 19:00:00,HELS-005-3,HELS-005,Band 1 (2100MHz),-83.8,-12.3,13.8,82.4,60.4,154.4
2026-07-18 19:00:00,HELS-006-1,HELS-006,Band 3 (1800MHz),-80.1,-14.8,12.6,100.0,59.3,165.3
2026-07-18 19:00:00,HELS-006-2,HELS-006,Band 3 (1800MHz),-87.6,-9.3,5.8,73.0,49.1,148.7
2026-07-18 19:00:00,HELS-006-3,HELS-006,Band 3 (1800MHz),-91.8,-13.8,10.8,86.6,53.7,105.0
2026-07-18 19:00:00,HELS-007-1,HELS-007,Band 1 (2100MHz),-91.4,-7.7,13.2,89.8,69.3,110.8
2026-07-18 19:00:00,HELS-007-2,HELS-007,Band 1 (2100MHz),-82.9,-13.9,17.7,85.3,46.7,124.1
2026-07-18 19:00:00,HELS-007-3,HELS-007,Band 1 (2100MHz),-80.1,-12.9,7.6,92.2,50.9,142.8
2026-07-18 19:00:00,HELS-008-1,HELS-008,Band 3 (1800MHz),-87.6,-11.4,11.4,96.7,34.9,152.1
2026-07-18 19:00:00,HELS-008-2,HELS-008,Band 3 (1800MHz),-80.2,-13.4,20.9,90.8,56.7,157.1
2026-07-18 19:00:00,HELS-008-3,HELS-008,Band 3 (1800MHz),-83.1,-12.9,9.5,93.4,60.0,108.4
2026-07-18 19:00:00,HELS-009-1,HELS-009,Band 1 (2100MHz),-92.6,-10.1,10.8,90.2,34.8,144.7
2026-07-18 19:00:00,HELS-009-2,HELS-009,Band 1 (2100MHz),-80.4,-8.2,12.9,100.0,48.7,171.4
2026-07-18 19:00:00,HELS-009-3,HELS-009,Band 1 (2100MHz),-81.7,-14.5,10.3,58.0,49.3,166.6
2026-07-18 19:00:00,HELS-010-1,HELS-010,Band 3 (1800MHz),-88.1,-12.9,10.2,85.2,55.0,123.9
2026-07-18 19:00:00,HELS-010-2,HELS-010,Band 3 (1800MHz),-82.6,-14.7,17.8,83.8,46.9,160.7
2026-07-18 19:00:00,HELS-010-3,HELS-010,Band 3 (1800MHz),-85.3,-11.8,12.9,83.2,57.0,119.2
2026-07-18 19:00:00,HELS-011-1,HELS-011,Band 1 (2100MHz),-81.9,-13.7,17.5,78.3,52.2,166.6
2026-07-18 19:00:00,HELS-011-2,HELS-011,Band 1 (2100MHz),-83.0,-12.3,16.1,87.2,59.8,140.4
2026-07-18 19:00:00,HELS-011-3,HELS-011,Band 1 (2100MHz),-82.2,-12.5,12.7,81.2,53.5,106.0
2026-07-18 19:00:00,HELS-012-1,HELS-012,Band 3 (1800MHz),-85.8,-11.4,16.8,77.8,38.6,149.7
2026-07-18 19:00:00,HELS-012-2,HELS-012,Band 3 (1800MHz),-96.5,-16.2,3.8,73.0,55.0,136.4
2026-07-18 19:00:00,HELS-012-3,HELS-012,Band 3 (1800MHz),-82.2,-13.3,15.5,100.0,47.7,148.8
2026-07-18 19:00:00,HELS-013-1,HELS-013,Band 1 (2100MHz),-87.1,-10.7,-0.8,83.4,35.1,132.2
2026-07-18 19:00:00,HELS-013-2,HELS-013,Band 1 (2100MHz),-81.4,-10.6,15.1,99.2,58.1,125.1
2026-07-18 19:00:00,HELS-013-3,HELS-013,Band 1 (2100MHz),-83.2,-15.1,24.0,100.0,45.9,123.3
2026-07-18 19:00:00,HELS-014-1,HELS-014,Band 3 (1800MHz),-86.9,-10.6,10.0,94.1,44.5,119.4
2026-07-18 19:00:00,HELS-014-2,HELS-014,Band 3 (1800MHz),-82.6,-13.0,15.6,93.2,26.2,125.9
2026-07-18 19:00:00,HELS-014-3,HELS-014,Band 3 (1800MHz),-83.0,-11.6,13.6,91.5,48.2,163.8
2026-07-18 20:00:00,HELS-001-1,HELS-001,Band 1 (2100MHz),-89.4,-11.0,10.7,69.7,40.5,137.5
2026-07-18 20:00:00,HELS-001-2,HELS-001,Band 1 (2100MHz),-90.8,-16.0,0.9,71.4,46.8,112.8
2026-07-18 20:00:00,HELS-001-3,HELS-001,Band 1 (2100MHz),-93.7,-15.0,-0.3,84.5,49.6,126.0
2026-07-18 20:00:00,HELS-002-1,HELS-002,Band 3 (1800MHz),-88.1,-15.2,13.8,77.1,39.7,146.9
2026-07-18 20:00:00,HELS-002-2,HELS-002,Band 3 (1800MHz),-82.9,-9.8,6.4,81.5,56.9,162.2
2026-07-18 20:00:00,HELS-002-3,HELS-002,Band 3 (1800MHz),-77.8,-13.6,9.2,48.7,53.5,113.2
2026-07-18 20:00:00,HELS-003-1,HELS-003,Band 1 (2100MHz),-88.6,-12.2,19.5,76.3,40.9,133.0
2026-07-18 20:00:00,HELS-003-2,HELS-003,Band 1 (2100MHz),-82.5,-11.3,15.8,79.9,44.0,150.2
2026-07-18 20:00:00,HELS-003-3,HELS-003,Band 1 (2100MHz),-80.1,-8.8,14.1,75.2,44.3,101.4
2026-07-18 20:00:00,HELS-004-1,HELS-004,Band 3 (1800MHz),-87.5,-10.7,10.2,86.2,32.8,151.7
2026-07-18 20:00:00,HELS-004-2,HELS-004,Band 3 (1800MHz),-81.5,-9.2,11.7,77.8,44.8,106.3
2026-07-18 20:00:00,HELS-004-3,HELS-004,Band 3 (1800MHz),-83.1,-8.7,17.4,98.8,53.4,143.4
2026-07-18 20:00:00,HELS-005-1,HELS-005,Band 1 (2100MHz),-100.1,-15.9,3.0,81.7,47.5,136.3
2026-07-18 20:00:00,HELS-005-2,HELS-005,Band 1 (2100MHz),-82.7,-11.5,17.0,70.8,35.1,129.0
2026-07-18 20:00:00,HELS-005-3,HELS-005,Band 1 (2100MHz),-85.9,-10.0,7.6,68.1,54.7,168.5
2026-07-18 20:00:00,HELS-006-1,HELS-006,Band 3 (1800MHz),-79.2,-9.0,13.1,70.8,28.3,105.0
2026-07-18 20:00:00,HELS-006-2,HELS-006,Band 3 (1800MHz),-88.6,-10.0,14.3,82.1,45.4,124.6
2026-07-18 20:00:00,HELS-006-3,HELS-006,Band 3 (1800MHz),-76.5,-9.0,3.0,80.1,38.2,121.2
2026-07-18 20:00:00,HELS-007-1,HELS-007,Band 1 (2100MHz),-77.2,-12.2,13.0,75.4,34.8,170.3
2026-07-18 20:00:00,HELS-007-2,HELS-007,Band 1 (2100MHz),-84.2,-11.6,19.8,66.0,45.8,114.4
2026-07-18 20:00:00,HELS-007-3,HELS-007,Band 1 (2100MHz),-84.8,-12.0,10.1,87.5,46.6,118.7
2026-07-18 20:00:00,HELS-008-1,HELS-008,Band 3 (1800MHz),-82.0,-10.1,13.9,68.9,38.9,118.5
2026-07-18 20:00:00,HELS-008-2,HELS-008,Band 3 (1800MHz),-91.7,-9.6,4.9,73.4,58.5,118.4
2026-07-18 20:00:00,HELS-008-3,HELS-008,Band 3 (1800MHz),-84.0,-10.9,16.7,68.4,70.3,126.0
2026-07-18 20:00:00,HELS-009-1,HELS-009,Band 1 (2100MHz),-77.4,-12.3,7.5,93.0,36.5,119.5
2026-07-18 20:00:00,HELS-009-2,HELS-009,Band 1 (2100MHz),-91.8,-10.0,13.7,63.1,27.4,112.7
2026-07-18 20:00:00,HELS-009-3,HELS-009,Band 1 (2100MHz),-93.1,-10.8,19.7,63.5,33.1,136.8
2026-07-18 20:00:00,HELS-010-1,HELS-010,Band 3 (1800MHz),-90.2,-12.0,9.4,70.9,37.2,131.8
2026-07-18 20:00:00,HELS-010-2,HELS-010,Band 3 (1800MHz),-86.7,-11.6,9.4,59.0,39.0,118.6
2026-07-18 20:00:00,HELS-010-3,HELS-010,Band 3 (1800MHz),-90.9,-9.9,6.8,65.8,51.4,126.6
2026-07-18 20:00:00,HELS-011-1,HELS-011,Band 1 (2100MHz),-88.9,-11.6,11.2,69.7,50.3,124.4
2026-07-18 20:00:00,HELS-011-2,HELS-011,Band 1 (2100MHz),-82.9,-12.7,11.2,81.3,36.7,152.8
2026-07-18 20:00:00,HELS-011-3,HELS-011,Band 1 (2100MHz),-78.6,-10.9,15.3,78.6,25.9,128.1
2026-07-18 20:00:00,HELS-012-1,HELS-012,Band 3 (1800MHz),-81.5,-10.5,19.7,91.7,33.6,122.1
2026-07-18 20:00:00,HELS-012-2,HELS-012,Band 3 (1800MHz),-90.2,-16.0,4.7,65.4,55.7,133.0
2026-07-18 20:00:00,HELS-012-3,HELS-012,Band 3 (1800MHz),-89.0,-8.2,9.5,74.7,50.2,109.1
2026-07-18 20:00:00,HELS-013-1,HELS-013,Band 1 (2100MHz),-94.5,-10.6,16.3,73.1,48.8,114.2
2026-07-18 20:00:00,HELS-013-2,HELS-013,Band 1 (2100MHz),-86.9,-12.0,32.4,87.6,31.3,161.2
2026-07-18 20:00:00,HELS-013-3,HELS-013,Band 1 (2100MHz),-95.6,-10.2,11.6,69.9,44.8,158.6
2026-07-18 20:00:00,HELS-014-1,HELS-014,Band 3 (1800MHz),-81.1,-11.9,17.8,54.8,38.4,86.0
2026-07-18 20:00:00,HELS-014-2,HELS-014,Band 3 (1800MHz),-93.5,-11.4,12.4,73.2,33.3,119.6
2026-07-18 20:00:00,HELS-014-3,HELS-014,Band 3 (1800MHz),-80.3,-12.9,19.5,75.5,51.5,76.5
2026-07-18 21:00:00,HELS-001-1,HELS-001,Band 1 (2100MHz),-81.5,-6.5,17.5,18.6,2.3,40.9
2026-07-18 21:00:00,HELS-001-2,HELS-001,Band 1 (2100MHz),-106.2,-12.7,4.1,51.9,10.5,68.7
2026-07-18 21:00:00,HELS-001-3,HELS-001,Band 1 (2100MHz),-96.0,-7.7,2.3,19.1,24.3,51.8
2026-07-18 21:00:00,HELS-002-1,HELS-002,Band 3 (1800MHz),-81.8,-8.6,17.3,16.6,19.2,28.0
2026-07-18 21:00:00,HELS-002-2,HELS-002,Band 3 (1800MHz),-83.0,-12.3,11.7,35.7,10.9,16.3
2026-07-18 21:00:00,HELS-002-3,HELS-002,Band 3 (1800MHz),-86.8,-6.0,7.0,18.7,33.9,0.2
2026-07-18 21:00:00,HELS-003-1,HELS-003,Band 1 (2100MHz),-85.5,-11.1,1.9,30.3,17.9,9.7
2026-07-18 21:00:00,HELS-003-2,HELS-003,Band 1 (2100MHz),-88.3,-9.7,11.5,27.7,15.0,31.1
2026-07-18 21:00:00,HELS-003-3,HELS-003,Band 1 (2100MHz),-85.4,-9.1,15.0,3.4,18.3,37.9
2026-07-18 21:00:00,HELS-004-1,HELS-004,Band 3 (1800MHz),-87.0,-7.5,-1.0,32.6,26.4,27.8
2026-07-18 21:00:00,HELS-004-2,HELS-004,Band 3 (1800MHz),-82.4,-9.8,12.0,21.7,13.4,30.7
2026-07-18 21:00:00,HELS-004-3,HELS-004,Band 3 (1800MHz),-86.0,-11.0,10.3,23.1,6.6,27.9
2026-07-18 21:00:00,HELS-005-1,HELS-005,Band 1 (2100MHz),-99.0,-15.3,5.9,21.2,11.4,56.3
2026-07-18 21:00:00,HELS-005-2,HELS-005,Band 1 (2100MHz),-84.5,-11.4,11.9,0.0,13.0,36.0
2026-07-18 21:00:00,HELS-005-3,HELS-005,Band 1 (2100MHz),-82.6,-9.8,6.0,18.6,4.3,48.3
2026-07-18 21:00:00,HELS-006-1,HELS-006,Band 3 (1800MHz),-87.6,-6.6,9.6,13.8,2.6,76.0
2026-07-18 21:00:00,HELS-006-2,HELS-006,Band 3 (1800MHz),-77.1,-10.5,11.8,24.1,9.6,0.0
2026-07-18 21:00:00,HELS-006-3,HELS-006,Band 3 (1800MHz),-85.0,-6.6,16.2,30.5,6.9,51.5
2026-07-18 21:00:00,HELS-007-1,HELS-007,Band 1 (2100MHz),-84.7,-8.5,13.8,16.4,14.4,53.9
2026-07-18 21:00:00,HELS-007-2,HELS-007,Band 1 (2100MHz),-87.8,-10.9,3.4,16.9,9.2,2.5
2026-07-18 21:00:00,HELS-007-3,HELS-007,Band 1 (2100MHz),-80.2,-9.6,8.8,8.2,3.9,0.0
2026-07-18 21:00:00,HELS-008-1,HELS-008,Band 3 (1800MHz),-82.2,-5.8,14.6,12.2,0.4,48.2
2026-07-18 21:00:00,HELS-008-2,HELS-008,Band 3 (1800MHz),-78.0,-7.9,20.4,35.6,23.9,35.0
2026-07-18 21:00:00,HELS-008-3,HELS-008,Band 3 (1800MHz),-79.1,-9.2,16.2,33.6,13.3,23.3
2026-07-18 21:00:00,HELS-009-1,HELS-009,Band 1 (2100MHz),-77.5,-6.4,8.4,14.5,5.5,20.2
2026-07-18 21:00:00,HELS-009-2,HELS-009,Band 1 (2100MHz),-82.6,-9.0,11.5,22.7,11.3,24.4
2026-07-18 21:00:00,HELS-009-3,HELS-009,Band 1 (2100MHz),-92.0,-8.5,26.4,7.4,15.5,40.4
2026-07-18 21:00:00,HELS-010-1,HELS-010,Band 3 (1800MHz),-85.3,-9.6,7.5,0.0,14.3,43.4
2026-07-18 21:00:00,HELS-010-2,HELS-010,Band 3 (1800MHz),-87.4,-9.5,10.1,10.1,27.8,55.9
2026-07-18 21:00:00,HELS-010-3,HELS-010,Band 3 (1800MHz),-77.7,-10.8,15.5,38.4,14.5,44.2
2026-07-18 21:00:00,HELS-011-1,HELS-011,Band 1 (2100MHz),-86.1,-8.9,16.6,17.3,5.7,0.0
2026-07-18 21:00:00,HELS-011-2,HELS-011,Band 1 (2100MHz),-79.2,-11.3,8.0,18.8,1.5,16.2
2026-07-18 21:00:00,HELS-011-3,HELS-011,Band 1 (2100MHz),-83.6,-9.6,1.7,18.3,22.5,63.3
2026-07-18 21:00:00,HELS-012-1,HELS-012,Band 3 (1800MHz),-86.5,-7.2,11.6,27.0,8.5,36.4
2026-07-18 21:00:00,HELS-012-2,HELS-012,Band 3 (1800MHz),-96.2,-8.4,3.1,22.6,23.6,44.8
2026-07-18 21:00:00,HELS-012-3,HELS-012,Band 3 (1800MHz),-86.5,-7.3,16.8,17.3,2.0,0.0
2026-07-18 21:00:00,HELS-013-1,HELS-013,Band 1 (2100MHz),-83.6,-11.7,15.2,24.5,13.7,30.0
2026-07-18 21:00:00,HELS-013-2,HELS-013,Band 1 (2100MHz),-85.7,-9.2,8.4,5.6,20.8,0.0
2026-07-18 21:00:00,HELS-013-3,HELS-013,Band 1 (2100MHz),-88.1,-11.7,15.2,6.9,22.7,35.0
2026-07-18 21:00:00,HELS-014-1,HELS-014,Band 3 (1800MHz),-85.8,-8.9,15.8,9.1,12.4,48.3
2026-07-18 21:00:00,HELS-014-2,HELS-014,Band 3 (1800MHz),-83.5,-10.2,17.2,13.3,0.9,20.1
2026-07-18 21:00:00,HELS-014-3,HELS-014,Band 3 (1800MHz),-87.1,-10.4,14.8,26.8,10.1,7.6
2026-07-18 22:00:00,HELS-001-1,HELS-001,Band 1 (2100MHz),-88.4,-9.1,14.4,21.8,0.1,48.0
2026-07-18 22:00:00,HELS-001-2,HELS-001,Band 1 (2100MHz),-101.2,-9.9,-0.1,1.6,3.6,12.3
2026-07-18 22:00:00,HELS-001-3,HELS-001,Band 1 (2100MHz),-101.7,-10.8,9.9,16.7,0.0,20.7
2026-07-18 22:00:00,HELS-002-1,HELS-002,Band 3 (1800MHz),-84.5,-9.9,13.7,0.0,5.9,38.5
2026-07-18 22:00:00,HELS-002-2,HELS-002,Band 3 (1800MHz),-81.5,-7.2,8.6,10.9,6.6,7.3
2026-07-18 22:00:00,HELS-002-3,HELS-002,Band 3 (1800MHz),-81.2,-10.4,18.7,20.4,0.0,0.0
2026-07-18 22:00:00,HELS-003-1,HELS-003,Band 1 (2100MHz),-85.7,-9.0,6.1,5.5,10.0,56.7
2026-07-18 22:00:00,HELS-003-2,HELS-003,Band 1 (2100MHz),-79.0,-7.8,10.1,0.0,0.0,40.8
2026-07-18 22:00:00,HELS-003-3,HELS-003,Band 1 (2100MHz),-76.7,-4.7,16.3,10.2,19.0,19.2
2026-07-18 22:00:00,HELS-004-1,HELS-004,Band 3 (1800MHz),-84.2,-8.1,17.0,25.5,5.8,13.7
2026-07-18 22:00:00,HELS-004-2,HELS-004,Band 3 (1800MHz),-83.0,-10.6,20.1,19.7,0.0,2.5
2026-07-18 22:00:00,HELS-004-3,HELS-004,Band 3 (1800MHz),-81.4,-5.0,10.7,1.1,3.8,37.4
2026-07-18 22:00:00,HELS-005-1,HELS-005,Band 1 (2100MHz),-102.0,-9.8,4.1,7.9,11.8,6.3
2026-07-18 22:00:00,HELS-005-2,HELS-005,Band 1 (2100MHz),-90.9,-7.8,8.7,0.0,0.0,17.9
2026-07-18 22:00:00,HELS-005-3,HELS-005,Band 1 (2100MHz),-87.3,-8.0,18.2,1.9,0.7,1.8
2026-07-18 22:00:00,HELS-006-1,HELS-006,Band 3 (1800MHz),-82.5,-8.5,11.1,29.3,10.6,18.6
2026-07-18 22:00:00,HELS-006-2,HELS-006,Band 3 (1800MHz),-87.3,-4.5,14.1,19.2,5.8,2.1
2026-07-18 22:00:00,HELS-006-3,HELS-006,Band 3 (1800MHz),-85.9,-9.6,10.9,0.0,0.0,0.0
2026-07-18 22:00:00,HELS-007-1,HELS-007,Band 1 (2100MHz),-81.4,-7.6,12.1,25.8,8.6,10.8
2026-07-18 22:00:00,HELS-007-2,HELS-007,Band 1 (2100MHz),-87.6,-8.1,14.3,9.1,0.0,0.0
2026-07-18 22:00:00,HELS-007-3,HELS-007,Band 1 (2100MHz),-78.9,-8.5,14.4,2.6,1.3,33.6
2026-07-18 22:00:00,HELS-008-1,HELS-008,Band 3 (1800MHz),-83.0,-10.2,14.3,0.0,4.4,51.2
2026-07-18 22:00:00,HELS-008-2,HELS-008,Band 3 (1800MHz),-90.3,-7.2,17.6,0.0,2.1,49.2
2026-07-18 22:00:00,HELS-008-3,HELS-008,Band 3 (1800MHz),-86.2,-10.7,9.3,0.0,4.2,12.8
2026-07-18 22:00:00,HELS-009-1,HELS-009,Band 1 (2100MHz),-86.3,-5.9,14.3,29.0,21.2,0.0
2026-07-18 22:00:00,HELS-009-2,HELS-009,Band 1 (2100MHz),-76.8,-8.9,12.8,16.4,0.0,7.6
2026-07-18 22:00:00,HELS-009-3,HELS-009,Band 1 (2100MHz),-85.8,-6.7,13.8,5.3,0.0,15.2
2026-07-18 22:00:00,HELS-010-1,HELS-010,Band 3 (1800MHz),-81.7,-8.5,8.1,3.7,17.3,14.3
2026-07-18 22:00:00,HELS-010-2,HELS-010,Band 3 (1800MHz),-86.2,-10.7,9.1,14.4,6.8,1.1
2026-07-18 22:00:00,HELS-010-3,HELS-010,Band 3 (1800MHz),-74.2,-3.0,18.4,17.5,0.0,0.0
2026-07-18 22:00:00,HELS-011-1,HELS-011,Band 1 (2100MHz),-86.4,-8.8,13.2,19.8,0.0,3.6
2026-07-18 22:00:00,HELS-011-2,HELS-011,Band 1 (2100MHz),-81.9,-6.9,11.0,8.2,0.0,12.2
2026-07-18 22:00:00,HELS-011-3,HELS-011,Band 1 (2100MHz),-93.6,-9.3,14.1,7.4,0.0,4.9
2026-07-18 22:00:00,HELS-012-1,HELS-012,Band 3 (1800MHz),-83.9,-10.8,9.4,30.7,9.9,0.0
2026-07-18 22:00:00,HELS-012-2,HELS-012,Band 3 (1800MHz),-91.5,-14.4,14.9,23.4,9.8,0.0
2026-07-18 22:00:00,HELS-012-3,HELS-012,Band 3 (1800MHz),-80.9,-9.0,5.6,8.3,20.4,0.0
2026-07-18 22:00:00,HELS-013-1,HELS-013,Band 1 (2100MHz),-90.1,-6.3,20.2,19.8,7.1,0.0
2026-07-18 22:00:00,HELS-013-2,HELS-013,Band 1 (2100MHz),-85.6,-8.1,17.2,9.9,22.9,27.9
2026-07-18 22:00:00,HELS-013-3,HELS-013,Band 1 (2100MHz),-80.4,-9.5,12.5,19.5,22.7,8.3
2026-07-18 22:00:00,HELS-014-1,HELS-014,Band 3 (1800MHz),-82.2,-9.6,13.2,27.7,8.4,28.0
2026-07-18 22:00:00,HELS-014-2,HELS-014,Band 3 (1800MHz),-80.3,-12.2,16.6,7.5,0.0,66.9
2026-07-18 22:00:00,HELS-014-3,HELS-014,Band 3 (1800MHz),-89.3,-3.0,12.5,5.4,13.8,22.2
2026-07-18 23:00:00,HELS-001-1,HELS-001,Band 1 (2100MHz),-86.6,-10.6,11.3,0.0,4.9,0.0
2026-07-18 23:00:00,HELS-001-2,HELS-001,Band 1 (2100MHz),-103.4,-15.4,-1.2,13.1,15.1,0.0
2026-07-18 23:00:00,HELS-001-3,HELS-001,Band 1 (2100MHz),-91.8,-13.4,8.3,31.3,10.2,33.1
2026-07-18 23:00:00,HELS-002-1,HELS-002,Band 3 (1800MHz),-81.0,-8.7,16.6,5.7,28.4,0.0
2026-07-18 23:00:00,HELS-002-2,HELS-002,Band 3 (1800MHz),-79.1,-4.9,13.5,21.0,0.0,3.0
2026-07-18 23:00:00,HELS-002-3,HELS-002,Band 3 (1800MHz),-93.6,-7.7,15.5,15.5,4.0,33.8
2026-07-18 23:00:00,HELS-003-1,HELS-003,Band 1 (2100MHz),-88.7,-8.1,20.2,7.1,0.0,62.8
2026-07-18 23:00:00,HELS-003-2,HELS-003,Band 1 (2100MHz),-81.7,-9.3,13.9,8.7,15.4,13.3
2026-07-18 23:00:00,HELS-003-3,HELS-003,Band 1 (2100MHz),-83.0,-8.5,5.8,0.0,0.0,0.0
2026-07-18 23:00:00,HELS-004-1,HELS-004,Band 3 (1800MHz),-82.4,-8.7,10.1,8.7,27.2,38.0
2026-07-18 23:00:00,HELS-004-2,HELS-004,Band 3 (1800MHz),-86.1,-7.5,7.9,10.3,0.4,38.4
2026-07-18 23:00:00,HELS-004-3,HELS-004,Band 3 (1800MHz),-83.0,-7.6,19.0,10.2,9.6,0.0
2026-07-18 23:00:00,HELS-005-1,HELS-005,Band 1 (2100MHz),-98.4,-13.1,4.0,6.8,9.7,0.0
2026-07-18 23:00:00,HELS-005-2,HELS-005,Band 1 (2100MHz),-78.5,-8.9,10.4,0.0,5.8,0.0
2026-07-18 23:00:00,HELS-005-3,HELS-005,Band 1 (2100MHz),-87.4,-10.5,4.0,0.0,6.2,8.2
2026-07-18 23:00:00,HELS-006-1,HELS-006,Band 3 (1800MHz),-83.1,-6.2,19.2,25.0,25.5,22.0
2026-07-18 23:00:00,HELS-006-2,HELS-006,Band 3 (1800MHz),-84.6,-8.4,13.6,14.9,7.0,16.6
2026-07-18 23:00:00,HELS-006-3,HELS-006,Band 3 (1800MHz),-86.1,-8.0,7.1,6.7,9.6,0.0
2026-07-18 23:00:00,HELS-007-1,HELS-007,Band 1 (2100MHz),-84.5,-7.2,13.1,13.1,5.7,24.4
2026-07-18 23:00:00,HELS-007-2,HELS-007,Band 1 (2100MHz),-87.1,-8.3,13.6,15.7,15.8,8.3
2026-07-18 23:00:00,HELS-007-3,HELS-007,Band 1 (2100MHz),-89.4,-9.0,14.3,0.0,0.0,52.5
2026-07-18 23:00:00,HELS-008-1,HELS-008,Band 3 (1800MHz),-80.5,-6.7,10.1,29.5,14.4,0.0
2026-07-18 23:00:00,HELS-008-2,HELS-008,Band 3 (1800MHz),-84.4,-7.0,5.3,0.0,20.4,21.2
2026-07-18 23:00:00,HELS-008-3,HELS-008,Band 3 (1800MHz),-86.7,-8.7,12.8,5.0,6.2,19.7
2026-07-18 23:00:00,HELS-009-1,HELS-009,Band 1 (2100MHz),-84.9,-5.2,23.6,21.8,0.0,1.5
2026-07-18 23:00:00,HELS-009-2,HELS-009,Band 1 (2100MHz),-89.6,-6.3,15.1,0.0,26.6,0.9
2026-07-18 23:00:00,HELS-009-3,HELS-009,Band 1 (2100MHz),-87.0,-6.9,6.9,14.8,0.9,19.4
2026-07-18 23:00:00,HELS-010-1,HELS-010,Band 3 (1800MHz),-88.5,-7.7,11.3,0.0,0.0,0.0
2026-07-18 23:00:00,HELS-010-2,HELS-010,Band 3 (1800MHz),-77.1,-10.6,15.5,22.1,0.0,10.0
2026-07-18 23:00:00,HELS-010-3,HELS-010,Band 3 (1800MHz),-83.4,-9.9,14.9,19.9,0.6,31.5
2026-07-18 23:00:00,HELS-011-1,HELS-011,Band 1 (2100MHz),-83.5,-7.8,20.3,0.0,12.8,0.0
2026-07-18 23:00:00,HELS-011-2,HELS-011,Band 1 (2100MHz),-86.3,-7.8,17.6,33.9,2.7,29.3
2026-07-18 23:00:00,HELS-011-3,HELS-011,Band 1 (2100MHz),-82.3,-9.5,7.0,22.9,5.0,0.0
2026-07-18 23:00:00,HELS-012-1,HELS-012,Band 3 (1800MHz),-85.8,-8.2,19.7,0.0,10.2,0.0
2026-07-18 23:00:00,HELS-012-2,HELS-012,Band 3 (1800MHz),-99.9,-11.3,8.0,0.0,0.0,16.2
2026-07-18 23:00:00,HELS-012-3,HELS-012,Band 3 (1800MHz),-81.8,-12.1,16.9,28.5,23.3,20.9
2026-07-18 23:00:00,HELS-013-1,HELS-013,Band 1 (2100MHz),-84.2,-4.4,7.3,0.0,0.0,44.8
2026-07-18 23:00:00,HELS-013-2,HELS-013,Band 1 (2100MHz),-89.9,-10.0,3.3,20.7,2.4,59.8
2026-07-18 23:00:00,HELS-013-3,HELS-013,Band 1 (2100MHz),-82.9,-2.0,12.0,2.5,4.1,0.0
2026-07-18 23:00:00,HELS-014-1,HELS-014,Band 3 (1800MHz),-82.9,-5.4,16.9,19.2,11.3,0.0
2026-07-18 23:00:00,HELS-014-2,HELS-014,Band 3 (1800MHz),-82.8,-9.7,19.3,8.0,0.0,26.0
2026-07-18 23:00:00,HELS-014-3,HELS-014,Band 3 (1800MHz),-82.2,-12.4,9.0,22.4,0.0,30.8
2026-07-19 00:00:00,HELS-001-1,HELS-001,Band 1 (2100MHz),-89.6,-2.5,13.5,16.1,2.8,55.9
2026-07-19 00:00:00,HELS-001-2,HELS-001,Band 1 (2100MHz),-96.8,-12.1,4.5,0.0,9.3,56.0
2026-07-19 00:00:00,HELS-001-3,HELS-001,Band 1 (2100MHz),-92.5,-11.8,5.7,0.0,13.0,45.6
2026-07-19 00:00:00,HELS-002-1,HELS-002,Band 3 (1800MHz),-86.3,-9.5,8.2,19.7,1.0,40.5
2026-07-19 00:00:00,HELS-002-2,HELS-002,Band 3 (1800MHz),-92.5,-7.8,15.2,10.0,8.8,15.8
2026-07-19 00:00:00,HELS-002-3,HELS-002,Band 3 (1800MHz),-75.9,-8.2,13.5,8.6,17.9,59.4
2026-07-19 00:00:00,HELS-003-1,HELS-003,Band 1 (2100MHz),-77.7,-10.7,11.0,4.6,18.8,29.4
2026-07-19 00:00:00,HELS-003-2,HELS-003,Band 1 (2100MHz),-87.3,-9.9,20.3,17.3,0.8,18.4
2026-07-19 00:00:00,HELS-003-3,HELS-003,Band 1 (2100MHz),-92.6,-9.4,18.3,16.2,19.9,0.5
2026-07-19 00:00:00,HELS-004-1,HELS-004,Band 3 (1800MHz),-84.3,-6.0,5.0,1.1,12.5,37.5
2026-07-19 00:00:00,HELS-004-2,HELS-004,Band 3 (1800MHz),-85.4,-11.2,9.3,0.0,0.8,42.0
2026-07-19 00:00:00,HELS-004-3,HELS-004,Band 3 (1800MHz),-92.6,-6.4,12.5,25.1,19.8,0.0
2026-07-19 00:00:00,HELS-005-1,HELS-005,Band 1 (2100MHz),-95.1,-12.9,-0.0,19.8,0.0,22.8
2026-07-19 00:00:00,HELS-005-2,HELS-005,Band 1 (2100MHz),-77.9,-6.0,16.7,28.4,5.1,20.3
2026-07-19 00:00:00,HELS-005-3,HELS-005,Band 1 (2100MHz),-75.3,-5.5,13.4,23.4,3.4,17.8
2026-07-19 00:00:00,HELS-006-1,HELS-006,Band 3 (1800MHz),-95.4,-7.3,11.2,15.7,0.0,28.0
2026-07-19 00:00:00,HELS-006-2,HELS-006,Band 3 (1800MHz),-79.0,-8.9,14.3,0.0,11.3,22.3
2026-07-19 00:00:00,HELS-006-3,HELS-006,Band 3 (1800MHz),-90.9,-9.4,15.6,16.9,19.2,21.7
2026-07-19 00:00:00,HELS-007-1,HELS-007,Band 1 (2100MHz),-85.3,-6.5,1.3,2.9,8.5,0.0
2026-07-19 00:00:00,HELS-007-2,HELS-007,Band 1 (2100MHz),-81.9,-9.9,7.0,11.2,19.6,16.0
2026-07-19 00:00:00,HELS-007-3,HELS-007,Band 1 (2100MHz),-86.6,-3.5,18.8,16.5,0.0,13.3
2026-07-19 00:00:00,HELS-008-1,HELS-008,Band 3 (1800MHz),-83.4,-5.2,9.0,20.1,13.2,27.3
2026-07-19 00:00:00,HELS-008-2,HELS-008,Band 3 (1800MHz),-86.0,-8.4,15.4,9.7,0.0,0.0
2026-07-19 00:00:00,HELS-008-3,HELS-008,Band 3 (1800MHz),-86.0,-6.4,4.1,0.0,0.0,25.7
2026-07-19 00:00:00,HELS-009-1,HELS-009,Band 1 (2100MHz),-84.0,-8.4,20.0,12.4,3.8,0.0
2026-07-19 00:00:00,HELS-009-2,HELS-009,Band 1 (2100MHz),-93.9,-7.7,7.7,0.0,4.2,7.0
2026-07-19 00:00:00,HELS-009-3,HELS-009,Band 1 (2100MHz),-81.5,-5.9,17.1,12.5,0.0,0.0
2026-07-19 00:00:00,HELS-010-1,HELS-010,Band 3 (1800MHz),-84.1,-7.9,23.0,14.9,21.5,5.4
2026-07-19 00:00:00,HELS-010-2,HELS-010,Band 3 (1800MHz),-88.2,-7.7,19.5,32.6,3.2,58.2
2026-07-19 00:00:00,HELS-010-3,HELS-010,Band 3 (1800MHz),-77.4,-8.0,15.8,3.5,0.0,18.4
2026-07-19 00:00:00,HELS-011-1,HELS-011,Band 1 (2100MHz),-91.2,-8.7,20.3,3.5,5.4,0.0
2026-07-19 00:00:00,HELS-011-2,HELS-011,Band 1 (2100MHz),-88.7,-5.8,9.4,23.6,16.0,0.0
2026-07-19 00:00:00,HELS-011-3,HELS-011,Band 1 (2100MHz),-83.6,-7.6,5.3,0.0,16.3,34.5
2026-07-19 00:00:00,HELS-012-1,HELS-012,Band 3 (1800MHz),-86.0,-6.2,4.8,6.6,9.5,0.0
2026-07-19 00:00:00,HELS-012-2,HELS-012,Band 3 (1800MHz),-100.9,-15.4,10.1,0.0,28.5,15.8
2026-07-19 00:00:00,HELS-012-3,HELS-012,Band 3 (1800MHz),-79.3,-8.4,16.7,17.3,10.0,0.0
2026-07-19 00:00:00,HELS-013-1,HELS-013,Band 1 (2100MHz),-89.7,-7.7,4.2,3.8,0.0,4.3
2026-07-19 00:00:00,HELS-013-2,HELS-013,Band 1 (2100MHz),-87.1,-11.4,11.2,5.0,6.9,45.4
2026-07-19 00:00:00,HELS-013-3,HELS-013,Band 1 (2100MHz),-89.6,-6.6,1.7,9.1,0.0,15.9
2026-07-19 00:00:00,HELS-014-1,HELS-014,Band 3 (1800MHz),-87.9,-10.0,15.2,14.9,0.4,17.1
2026-07-19 00:00:00,HELS-014-2,HELS-014,Band 3 (1800MHz),-87.5,-9.4,12.4,0.0,5.6,30.8
2026-07-19 00:00:00,HELS-014-3,HELS-014,Band 3 (1800MHz),-86.8,-5.1,10.9,32.0,16.6,34.3
2026-07-19 01:00:00,HELS-001-1,HELS-001,Band 1 (2100MHz),-83.9,-12.0,10.4,3.8,0.0,1.2
2026-07-19 01:00:00,HELS-001-2,HELS-001,Band 1 (2100MHz),-96.7,-11.2,5.1,22.1,23.1,26.4
2026-07-19 01:00:00,HELS-001-3,HELS-001,Band 1 (2100MHz),-94.5,-15.7,-0.0,0.0,5.6,28.4
2026-07-19 01:00:00,HELS-002-1,HELS-002,Band 3 (1800MHz),-82.4,-9.0,17.6,0.0,0.0,19.5
2026-07-19 01:00:00,HELS-002-2,HELS-002,Band 3 (1800MHz),-83.4,-5.6,18.6,12.2,3.8,0.0
2026-07-19 01:00:00,HELS-002-3,HELS-002,Band 3 (1800MHz),-88.7,-8.2,9.8,16.3,16.7,63.2
2026-07-19 01:00:00,HELS-003-1,HELS-003,Band 1 (2100MHz),-87.3,-10.0,8.0,32.5,0.0,40.9
2026-07-19 01:00:00,HELS-003-2,HELS-003,Band 1 (2100MHz),-82.9,-7.7,3.8,4.8,0.0,35.7
2026-07-19 01:00:00,HELS-003-3,HELS-003,Band 1 (2100MHz),-81.0,-5.1,14.4,25.6,17.1,0.0
2026-07-19 01:00:00,HELS-004-1,HELS-004,Band 3 (1800MHz),-90.9,-7.3,2.2,0.0,0.0,46.1
2026-07-19 01:00:00,HELS-004-2,HELS-004,Band 3 (1800MHz),-79.5,-8.1,7.7,8.9,0.0,2.0
2026-07-19 01:00:00,HELS-004-3,HELS-004,Band 3 (1800MHz),-84.9,-8.8,19.2,5.2,0.0,0.0
2026-07-19 01:00:00,HELS-005-1,HELS-005,Band 1 (2100MHz),-99.2,-11.0,9.9,0.0,0.0,0.0
2026-07-19 01:00:00,HELS-005-2,HELS-005,Band 1 (2100MHz),-89.0,-11.8,6.8,11.8,0.0,6.8
2026-07-19 01:00:00,HELS-005-3,HELS-005,Band 1 (2100MHz),-82.2,-6.9,12.7,0.0,0.0,0.0
2026-07-19 01:00:00,HELS-006-1,HELS-006,Band 3 (1800MHz),-84.7,-4.5,16.6,2.6,0.0,32.5
2026-07-19 01:00:00,HELS-006-2,HELS-006,Band 3 (1800MHz),-86.2,-12.2,12.7,31.5,4.6,48.2
2026-07-19 01:00:00,HELS-006-3,HELS-006,Band 3 (1800MHz),-86.0,-5.2,10.4,15.0,4.3,0.0
2026-07-19 01:00:00,HELS-007-1,HELS-007,Band 1 (2100MHz),-90.5,-3.1,13.2,0.0,11.8,32.4
2026-07-19 01:00:00,HELS-007-2,HELS-007,Band 1 (2100MHz),-78.7,-6.0,9.4,0.0,7.4,0.0
2026-07-19 01:00:00,HELS-007-3,HELS-007,Band 1 (2100MHz),-82.2,-7.6,13.2,0.0,7.7,0.0
2026-07-19 01:00:00,HELS-008-1,HELS-008,Band 3 (1800MHz),-86.5,-6.1,20.6,2.1,16.6,8.1
2026-07-19 01:00:00,HELS-008-2,HELS-008,Band 3 (1800MHz),-88.5,-6.2,7.7,16.6,18.2,11.7
2026-07-19 01:00:00,HELS-008-3,HELS-008,Band 3 (1800MHz),-85.3,-12.1,9.2,20.7,11.5,10.1
2026-07-19 01:00:00,HELS-009-1,HELS-009,Band 1 (2100MHz),-77.1,-8.3,12.3,31.1,9.7,29.5
2026-07-19 01:00:00,HELS-009-2,HELS-009,Band 1 (2100MHz),-91.7,-6.8,3.9,24.6,0.0,0.0
2026-07-19 01:00:00,HELS-009-3,HELS-009,Band 1 (2100MHz),-89.1,-6.9,11.4,0.0,0.0,19.5
2026-07-19 01:00:00,HELS-010-1,HELS-010,Band 3 (1800MHz),-84.8,-8.4,10.4,20.5,14.4,0.0
2026-07-19 01:00:00,HELS-010-2,HELS-010,Band 3 (1800MHz),-87.4,-8.7,9.5,15.4,3.4,7.3
2026-07-19 01:00:00,HELS-010-3,HELS-010,Band 3 (1800MHz),-80.8,-4.7,13.9,21.8,5.2,0.0
2026-07-19 01:00:00,HELS-011-1,HELS-011,Band 1 (2100MHz),-82.0,-5.8,9.4,18.0,4.3,21.3
2026-07-19 01:00:00,HELS-011-2,HELS-011,Band 1 (2100MHz),-84.9,-9.3,13.0,12.1,27.3,0.0
2026-07-19 01:00:00,HELS-011-3,HELS-011,Band 1 (2100MHz),-81.7,-8.3,5.8,17.2,9.7,0.0
2026-07-19 01:00:00,HELS-012-1,HELS-012,Band 3 (1800MHz),-83.8,-6.6,11.5,8.9,14.6,15.9
2026-07-19 01:00:00,HELS-012-2,HELS-012,Band 3 (1800MHz),-100.3,-9.8,2.7,12.9,0.0,27.6
2026-07-19 01:00:00,HELS-012-3,HELS-012,Band 3 (1800MHz),-85.1,-9.7,17.9,11.6,10.9,40.3
2026-07-19 01:00:00,HELS-013-1,HELS-013,Band 1 (2100MHz),-79.9,-8.5,18.4,16.8,8.0,0.0
2026-07-19 01:00:00,HELS-013-2,HELS-013,Band 1 (2100MHz),-79.0,-9.8,6.5,0.0,3.8,0.0
2026-07-19 01:00:00,HELS-013-3,HELS-013,Band 1 (2100MHz),-77.0,-9.5,8.6,9.6,9.2,20.8
2026-07-19 01:00:00,HELS-014-1,HELS-014,Band 3 (1800MHz),-88.1,-8.1,13.5,9.2,0.0,41.8
2026-07-19 01:00:00,HELS-014-2,HELS-014,Band 3 (1800MHz),-79.1,-5.6,9.1,14.3,0.0,15.3
2026-07-19 01:00:00,HELS-014-3,HELS-014,Band 3 (1800MHz),-80.6,-9.7,10.9,5.3,10.3,30.4
2026-07-19 02:00:00,HELS-001-1,HELS-001,Band 1 (2100MHz),-89.4,-9.0,3.6,13.7,6.6,40.3
2026-07-19 02:00:00,HELS-001-2,HELS-001,Band 1 (2100MHz),-96.3,-10.4,8.8,24.0,13.8,0.0
2026-07-19 02:00:00,HELS-001-3,HELS-001,Band 1 (2100MHz),-97.1,-9.9,4.0,15.9,0.0,37.8
2026-07-19 02:00:00,HELS-002-1,HELS-002,Band 3 (1800MHz),-83.2,-5.1,8.3,5.1,0.0,0.0
2026-07-19 02:00:00,HELS-002-2,HELS-002,Band 3 (1800MHz),-82.9,-6.2,19.4,10.9,0.0,8.8
2026-07-19 02:00:00,HELS-002-3,HELS-002,Band 3 (1800MHz),-93.8,-9.7,-0.9,12.6,11.2,69.3
2026-07-19 02:00:00,HELS-003-1,HELS-003,Band 1 (2100MHz),-92.4,-11.7,10.1,23.6,5.9,20.5
2026-07-19 02:00:00,HELS-003-2,HELS-003,Band 1 (2100MHz),-83.3,-7.8,11.3,15.4,8.5,43.8
2026-07-19 02:00:00,HELS-003-3,HELS-003,Band 1 (2100MHz),-78.3,-6.2,5.6,0.1,23.5,15.1
2026-07-19 02:00:00,HELS-004-1,HELS-004,Band 3 (1800MHz),-79.4,-8.9,12.2,0.0,7.6,26.2
2026-07-19 02:00:00,HELS-004-2,HELS-004,Band 3 (1800MHz),-83.5,-6.4,10.1,0.0,12.3,41.3
2026-07-19 02:00:00,HELS-004-3,HELS-004,Band 3 (1800MHz),-87.1,-4.7,10.6,8.2,7.1,0.0
2026-07-19 02:00:00,HELS-005-1,HELS-005,Band 1 (2100MHz),-91.9,-10.1,4.5,14.7,0.0,18.4
2026-07-19 02:00:00,HELS-005-2,HELS-005,Band 1 (2100MHz),-85.6,-8.1,16.8,14.6,9.1,0.0
2026-07-19 02:00:00,HELS-005-3,HELS-005,Band 1 (2100MHz),-82.8,-9.1,19.7,6.9,0.0,11.1
2026-07-19 02:00:00,HELS-006-1,HELS-006,Band 3 (1800MHz),-81.0,-10.3,10.2,0.0,0.0,14.5
2026-07-19 02:00:00,HELS-006-2,HELS-006,Band 3 (1800MHz),-81.5,-10.6,19.7,0.0,0.0,62.3
2026-07-19 02:00:00,HELS-006-3,HELS-006,Band 3 (1800MHz),-85.5,-4.4,13.4,11.9,20.6,22.7
2026-07-19 02:00:00,HELS-007-1,HELS-007,Band 1 (2100MHz),-88.5,-3.4,14.1,0.0,0.0,0.0
2026-07-19 02:00:00,HELS-007-2,HELS-007,Band 1 (2100MHz),-86.2,-8.9,13.7,20.9,11.9,42.1
2026-07-19 02:00:00,HELS-007-3,HELS-007,Band 1 (2100MHz),-85.0,-3.7,19.3,20.3,6.1,19.9
2026-07-19 02:00:00,HELS-008-1,HELS-008,Band 3 (1800MHz),-77.3,-9.1,14.9,0.0,18.3,19.6
2026-07-19 02:00:00,HELS-008-2,HELS-008,Band 3 (1800MHz),-78.4,-9.1,19.4,19.2,19.1,28.0
2026-07-19 02:00:00,HELS-008-3,HELS-008,Band 3 (1800MHz),-76.4,-9.2,9.5,0.0,0.0,58.4
2026-07-19 02:00:00,HELS-009-1,HELS-009,Band 1 (2100MHz),-82.0,-5.3,21.0,0.1,9.9,12.3
2026-07-19 02:00:00,HELS-009-2,HELS-009,Band 1 (2100MHz),-87.2,-4.8,8.9,26.2,1.8,44.7
2026-07-19 02:00:00,HELS-009-3,HELS-009,Band 1 (2100MHz),-86.8,-10.6,12.8,15.8,12.1,44.3
2026-07-19 02:00:00,HELS-010-1,HELS-010,Band 3 (1800MHz),-81.5,-5.8,8.3,25.9,0.0,9.3
2026-07-19 02:00:00,HELS-010-2,HELS-010,Band 3 (1800MHz),-83.0,-5.9,8.0,0.0,1.6,14.3
2026-07-19 02:00:00,HELS-010-3,HELS-010,Band 3 (1800MHz),-91.2,-7.8,20.1,20.3,17.3,0.0
2026-07-19 02:00:00,HELS-011-1,HELS-011,Band 1 (2100MHz),-86.9,-12.4,15.5,15.4,6.0,0.0
2026-07-19 02:00:00,HELS-011-2,HELS-011,Band 1 (2100MHz),-89.6,-6.3,10.4,15.4,3.4,40.1
2026-07-19 02:00:00,HELS-011-3,HELS-011,Band 1 (2100MHz),-85.8,-9.2,8.4,3.2,10.5,0.0
2026-07-19 02:00:00,HELS-012-1,HELS-012,Band 3 (1800MHz),-77.4,-9.5,23.5,0.0,3.5,24.4
2026-07-19 02:00:00,HELS-012-2,HELS-012,Band 3 (1800MHz),-98.7,-12.1,5.5,12.3,18.8,6.0
2026-07-19 02:00:00,HELS-012-3,HELS-012,Band 3 (1800MHz),-74.7,-9.1,9.4,27.5,0.0,57.3
2026-07-19 02:00:00,HELS-013-1,HELS-013,Band 1 (2100MHz),-85.3,-7.2,15.0,0.0,24.9,32.2
2026-07-19 02:00:00,HELS-013-2,HELS-013,Band 1 (2100MHz),-80.2,-5.5,17.9,3.8,8.1,0.0
2026-07-19 02:00:00,HELS-013-3,HELS-013,Band 1 (2100MHz),-82.6,-10.2,11.7,0.0,6.1,24.3
2026-07-19 02:00:00,HELS-014-1,HELS-014,Band 3 (1800MHz),-79.2,-6.9,17.1,0.0,2.3,39.1
2026-07-19 02:00:00,HELS-014-2,HELS-014,Band 3 (1800MHz),-89.2,-5.9,20.8,11.4,1.4,29.9
2026-07-19 02:00:00,HELS-014-3,HELS-014,Band 3 (1800MHz),-86.9,-8.7,7.8,2.1,0.5,15.8
2026-07-19 03:00:00,HELS-001-1,HELS-001,Band 1 (2100MHz),-81.5,-5.6,16.0,7.4,12.8,19.8
2026-07-19 03:00:00,HELS-001-2,HELS-001,Band 1 (2100MHz),-104.4,-13.1,7.6,13.2,15.7,19.7
2026-07-19 03:00:00,HELS-001-3,HELS-001,Band 1 (2100MHz),-94.0,-12.6,1.2,8.2,2.1,32.2
2026-07-19 03:00:00,HELS-002-1,HELS-002,Band 3 (1800MHz),-86.4,-6.8,18.4,26.5,14.9,0.0
2026-07-19 03:00:00,HELS-002-2,HELS-002,Band 3 (1800MHz),-92.4,-7.2,20.4,9.7,14.5,7.5
2026-07-19 03:00:00,HELS-002-3,HELS-002,Band 3 (1800MHz),-88.9,-9.7,16.0,4.5,12.0,0.0
2026-07-19 03:00:00,HELS-003-1,HELS-003,Band 1 (2100MHz),-84.7,-6.9,22.2,8.8,13.3,28.3
2026-07-19 03:00:00,HELS-003-2,HELS-003,Band 1 (2100MHz),-86.3,-6.8,8.5,25.3,0.0,0.0
2026-07-19 03:00:00,HELS-003-3,HELS-003,Band 1 (2100MHz),-85.4,-8.6,10.3,0.0,4.9,39.0
2026-07-19 03:00:00,HELS-004-1,HELS-004,Band 3 (1800MHz),-83.9,-11.1,15.8,9.8,0.0,0.0
2026-07-19 03:00:00,HELS-004-2,HELS-004,Band 3 (1800MHz),-86.9,-7.8,19.8,4.0,3.2,35.6
2026-07-19 03:00:00,HELS-004-3,HELS-004,Band 3 (1800MHz),-84.9,-7.9,18.7,11.5,0.4,0.0
2026-07-19 03:00:00,HELS-005-1,HELS-005,Band 1 (2100MHz),-103.1,-10.1,6.2,10.3,12.3,15.2
2026-07-19 03:00:00,HELS-005-2,HELS-005,Band 1 (2100MHz),-81.2,-10.7,9.2,3.8,13.4,20.3
2026-07-19 03:00:00,HELS-005-3,HELS-005,Band 1 (2100MHz),-84.1,-8.2,13.6,23.5,6.5,48.9
2026-07-19 03:00:00,HELS-006-1,HELS-006,Band 3 (1800MHz),-86.9,-8.6,13.5,20.8,0.0,41.1
2026-07-19 03:00:00,HELS-006-2,HELS-006,Band 3 (1800MHz),-88.0,-10.9,17.4,0.0,20.8,21.1
2026-07-19 03:00:00,HELS-006-3,HELS-006,Band 3 (1800MHz),-86.6,-5.6,17.1,0.0,16.1,0.0
2026-07-19 03:00:00,HELS-007-1,HELS-007,Band 1 (2100MHz),-83.9,-9.7,10.3,0.0,23.4,33.6
2026-07-19 03:00:00,HELS-007-2,HELS-007,Band 1 (2100MHz),-88.5,-9.2,11.6,2.6,16.2,22.7
2026-07-19 03:00:00,HELS-007-3,HELS-007,Band 1 (2100MHz),-82.6,-7.8,14.2,11.7,20.0,0.0
2026-07-19 03:00:00,HELS-008-1,HELS-008,Band 3 (1800MHz),-93.7,-13.9,16.3,15.9,10.9,31.8
2026-07-19 03:00:00,HELS-008-2,HELS-008,Band 3 (1800MHz),-85.1,-4.9,7.2,0.0,8.4,2.8
2026-07-19 03:00:00,HELS-008-3,HELS-008,Band 3 (1800MHz),-90.2,-9.2,18.6,16.4,19.6,10.0
2026-07-19 03:00:00,HELS-009-1,HELS-009,Band 1 (2100MHz),-89.7,-10.7,18.1,12.7,0.0,0.0
2026-07-19 03:00:00,HELS-009-2,HELS-009,Band 1 (2100MHz),-84.2,-9.2,16.7,12.0,6.6,40.6
2026-07-19 03:00:00,HELS-009-3,HELS-009,Band 1 (2100MHz),-89.3,-11.1,5.8,12.0,14.8,39.8
2026-07-19 03:00:00,HELS-010-1,HELS-010,Band 3 (1800MHz),-80.3,-7.5,7.3,23.3,7.6,0.0
2026-07-19 03:00:00,HELS-010-2,HELS-010,Band 3 (1800MHz),-81.0,-10.0,12.7,9.3,18.3,42.1
2026-07-19 03:00:00,HELS-010-3,HELS-010,Band 3 (1800MHz),-91.2,-6.2,7.4,0.0,22.3,43.6
2026-07-19 03:00:00,HELS-011-1,HELS-011,Band 1 (2100MHz),-84.8,-10.8,11.4,10.4,19.5,51.7
2026-07-19 03:00:00,HELS-011-2,HELS-011,Band 1 (2100MHz),-77.6,-6.9,15.6,0.9,1.5,17.5
2026-07-19 03:00:00,HELS-011-3,HELS-011,Band 1 (2100MHz),-83.2,-6.0,17.7,4.8,5.7,3.6
2026-07-19 03:00:00,HELS-012-1,HELS-012,Band 3 (1800MHz),-83.2,-9.3,16.0,0.0,0.4,7.4
2026-07-19 03:00:00,HELS-012-2,HELS-012,Band 3 (1800MHz),-91.6,-7.8,7.6,2.0,0.1,20.7
2026-07-19 03:00:00,HELS-012-3,HELS-012,Band 3 (1800MHz),-78.2,-10.1,10.9,0.0,3.8,24.0
2026-07-19 03:00:00,HELS-013-1,HELS-013,Band 1 (2100MHz),-84.1,-9.9,8.4,0.0,17.8,31.7
2026-07-19 03:00:00,HELS-013-2,HELS-013,Band 1 (2100MHz),-82.6,-6.2,22.3,28.9,0.4,20.2
2026-07-19 03:00:00,HELS-013-3,HELS-013,Band 1 (2100MHz),-85.2,-7.0,9.0,4.7,0.0,0.0
2026-07-19 03:00:00,HELS-014-1,HELS-014,Band 3 (1800MHz),-84.5,-7.2,8.4,8.1,5.6,0.0
2026-07-19 03:00:00,HELS-014-2,HELS-014,Band 3 (1800MHz),-87.2,-6.0,12.8,30.1,5.6,25.8
2026-07-19 03:00:00,HELS-014-3,HELS-014,Band 3 (1800MHz),-90.7,-7.8,20.2,17.3,4.9,12.5
2026-07-19 04:00:00,HELS-001-1,HELS-001,Band 1 (2100MHz),-81.4,-6.4,8.6,0.0,8.0,0.0
2026-07-19 04:00:00,HELS-001-2,HELS-001,Band 1 (2100MHz),-91.7,-12.4,3.6,20.7,9.0,10.1
2026-07-19 04:00:00,HELS-001-3,HELS-001,Band 1 (2100MHz),-99.0,-7.7,13.5,24.5,4.6,8.7
2026-07-19 04:00:00,HELS-002-1,HELS-002,Band 3 (1800MHz),-88.0,-9.1,-2.0,7.0,9.6,13.2
2026-07-19 04:00:00,HELS-002-2,HELS-002,Band 3 (1800MHz),-86.5,-7.4,10.4,17.1,8.1,22.3
2026-07-19 04:00:00,HELS-002-3,HELS-002,Band 3 (1800MHz),-82.3,-5.3,20.5,18.0,0.0,1.0
2026-07-19 04:00:00,HELS-003-1,HELS-003,Band 1 (2100MHz),-82.1,-6.0,10.3,0.0,1.4,30.6
2026-07-19 04:00:00,HELS-003-2,HELS-003,Band 1 (2100MHz),-81.1,-11.9,13.7,2.1,14.4,10.5
2026-07-19 04:00:00,HELS-003-3,HELS-003,Band 1 (2100MHz),-86.2,-9.0,1.0,21.6,6.6,0.0
2026-07-19 04:00:00,HELS-004-1,HELS-004,Band 3 (1800MHz),-85.4,-6.9,9.7,11.1,3.9,3.0
2026-07-19 04:00:00,HELS-004-2,HELS-004,Band 3 (1800MHz),-84.7,-8.5,12.8,0.0,0.0,34.0
2026-07-19 04:00:00,HELS-004-3,HELS-004,Band 3 (1800MHz),-85.2,-8.1,11.3,7.6,18.9,6.4
2026-07-19 04:00:00,HELS-005-1,HELS-005,Band 1 (2100MHz),-97.1,-11.0,5.9,0.0,0.0,28.9
2026-07-19 04:00:00,HELS-005-2,HELS-005,Band 1 (2100MHz),-82.7,-7.3,7.2,5.7,5.1,38.0
2026-07-19 04:00:00,HELS-005-3,HELS-005,Band 1 (2100MHz),-89.3,-5.5,19.7,0.0,20.1,28.4
2026-07-19 04:00:00,HELS-006-1,HELS-006,Band 3 (1800MHz),-75.1,-9.7,6.5,26.7,0.0,20.3
2026-07-19 04:00:00,HELS-006-2,HELS-006,Band 3 (1800MHz),-83.9,-5.6,10.9,0.0,11.9,27.5
2026-07-19 04:00:00,HELS-006-3,HELS-006,Band 3 (1800MHz),-81.9,-7.7,5.8,14.1,1.7,27.9
2026-07-19 04:00:00,HELS-007-1,HELS-007,Band 1 (2100MHz),-84.5,-8.7,10.3,18.7,5.6,0.0
2026-07-19 04:00:00,HELS-007-2,HELS-007,Band 1 (2100MHz),-82.9,-7.3,3.0,0.0,1.2,30.4
2026-07-19 04:00:00,HELS-007-3,HELS-007,Band 1 (2100MHz),-85.5,-9.4,20.3,0.0,26.3,27.5
2026-07-19 04:00:00,HELS-008-1,HELS-008,Band 3 (1800MHz),-83.9,-9.3,8.9,0.0,9.7,5.0
2026-07-19 04:00:00,HELS-008-2,HELS-008,Band 3 (1800MHz),-79.6,-7.1,11.7,19.5,0.0,30.4
2026-07-19 04:00:00,HELS-008-3,HELS-008,Band 3 (1800MHz),-81.0,-7.6,20.3,0.2,10.0,5.5
2026-07-19 04:00:00,HELS-009-1,HELS-009,Band 1 (2100MHz),-91.6,-5.7,16.2,15.7,23.3,30.5
2026-07-19 04:00:00,HELS-009-2,HELS-009,Band 1 (2100MHz),-76.9,-3.7,14.9,9.1,4.6,42.2
2026-07-19 04:00:00,HELS-009-3,HELS-009,Band 1 (2100MHz),-87.7,-12.4,-1.0,3.2,6.6,21.6
2026-07-19 04:00:00,HELS-010-1,HELS-010,Band 3 (1800MHz),-80.8,-7.6,5.2,0.0,20.8,23.0
2026-07-19 04:00:00,HELS-010-2,HELS-010,Band 3 (1800MHz),-87.1,-6.3,13.8,16.7,8.9,0.0
2026-07-19 04:00:00,HELS-010-3,HELS-010,Band 3 (1800MHz),-69.7,-4.7,18.4,6.6,5.0,30.4
2026-07-19 04:00:00,HELS-011-1,HELS-011,Band 1 (2100MHz),-84.2,-5.5,16.2,18.1,3.9,58.5
2026-07-19 04:00:00,HELS-011-2,HELS-011,Band 1 (2100MHz),-87.4,-4.6,4.0,34.2,5.3,35.4
2026-07-19 04:00:00,HELS-011-3,HELS-011,Band 1 (2100MHz),-86.9,-8.7,9.2,0.0,11.3,50.2
2026-07-19 04:00:00,HELS-012-1,HELS-012,Band 3 (1800MHz),-86.1,-7.8,9.5,14.9,0.0,21.0
2026-07-19 04:00:00,HELS-012-2,HELS-012,Band 3 (1800MHz),-99.1,-10.5,6.2,0.0,0.0,44.7
2026-07-19 04:00:00,HELS-012-3,HELS-012,Band 3 (1800MHz),-88.3,-10.3,18.1,14.8,3.9,43.0
2026-07-19 04:00:00,HELS-013-1,HELS-013,Band 1 (2100MHz),-77.8,-6.6,11.6,7.6,0.0,12.8
2026-07-19 04:00:00,HELS-013-2,HELS-013,Band 1 (2100MHz),-88.3,-7.1,8.7,22.8,8.1,0.0
2026-07-19 04:00:00,HELS-013-3,HELS-013,Band 1 (2100MHz),-82.8,-8.5,21.3,32.6,7.3,22.7
2026-07-19 04:00:00,HELS-014-1,HELS-014,Band 3 (1800MHz),-81.7,-7.8,13.9,24.4,6.0,0.0
2026-07-19 04:00:00,HELS-014-2,HELS-014,Band 3 (1800MHz),-82.2,-8.6,3.5,14.4,30.3,12.1
2026-07-19 04:00:00,HELS-014-3,HELS-014,Band 3 (1800MHz),-85.2,-7.5,12.7,14.4,0.0,46.6
2026-07-19 05:00:00,HELS-001-1,HELS-001,Band 1 (2100MHz),-83.9,-11.0,17.1,14.6,10.0,0.0
2026-07-19 05:00:00,HELS-001-2,HELS-001,Band 1 (2100MHz),-97.3,-11.4,13.5,4.6,0.0,37.2
2026-07-19 05:00:00,HELS-001-3,HELS-001,Band 1 (2100MHz),-101.5,-10.0,13.7,16.4,16.6,12.5
2026-07-19 05:00:00,HELS-002-1,HELS-002,Band 3 (1800MHz),-81.8,-8.1,15.5,7.8,0.0,15.8
2026-07-19 05:00:00,HELS-002-2,HELS-002,Band 3 (1800MHz),-93.9,-7.8,29.9,3.9,0.0,27.4
2026-07-19 05:00:00,HELS-002-3,HELS-002,Band 3 (1800MHz),-85.2,-6.6,20.7,10.0,0.0,8.3
2026-07-19 05:00:00,HELS-003-1,HELS-003,Band 1 (2100MHz),-82.2,-10.1,14.1,0.0,5.1,0.0
2026-07-19 05:00:00,HELS-003-2,HELS-003,Band 1 (2100MHz),-82.9,-8.5,10.8,16.4,27.7,35.8
2026-07-19 05:00:00,HELS-003-3,HELS-003,Band 1 (2100MHz),-81.8,-8.6,10.3,10.5,2.2,0.0
2026-07-19 05:00:00,HELS-004-1,HELS-004,Band 3 (1800MHz),-78.0,-4.7,12.2,8.5,2.1,4.7
2026-07-19 05:00:00,HELS-004-2,HELS-004,Band 3 (1800MHz),-80.9,-10.3,9.8,9.6,12.7,50.6
2026-07-19 05:00:00,HELS-004-3,HELS-004,Band 3 (1800MHz),-85.1,-5.9,15.8,7.6,8.7,13.7
2026-07-19 05:00:00,HELS-005-1,HELS-005,Band 1 (2100MHz),-97.5,-9.8,5.7,0.0,13.9,5.4
2026-07-19 05:00:00,HELS-005-2,HELS-005,Band 1 (2100MHz),-85.4,-7.8,13.1,0.1,3.2,9.1
2026-07-19 05:00:00,HELS-005-3,HELS-005,Band 1 (2100MHz),-86.5,-10.7,13.4,7.9,22.1,2.1
2026-07-19 05:00:00,HELS-006-1,HELS-006,Band 3 (1800MHz),-87.8,-11.8,10.4,0.0,0.0,0.0
2026-07-19 05:00:00,HELS-006-2,HELS-006,Band 3 (1800MHz),-81.3,-9.9,15.5,21.2,9.4,34.3
2026-07-19 05:00:00,HELS-006-3,HELS-006,Band 3 (1800MHz),-83.3,-6.3,13.4,15.3,5.9,18.4
2026-07-19 05:00:00,HELS-007-1,HELS-007,Band 1 (2100MHz),-83.2,-7.8,10.0,0.0,9.0,34.6
2026-07-19 05:00:00,HELS-007-2,HELS-007,Band 1 (2100MHz),-81.3,-7.5,14.2,31.0,0.0,0.0
2026-07-19 05:00:00,HELS-007-3,HELS-007,Band 1 (2100MHz),-86.1,-10.3,4.1,21.2,14.9,2.9
2026-07-19 05:00:00,HELS-008-1,HELS-008,Band 3 (1800MHz),-90.9,-12.9,3.3,0.0,6.0,1.2
2026-07-19 05:00:00,HELS-008-2,HELS-008,Band 3 (1800MHz),-83.0,-7.6,10.3,5.6,9.5,52.0
2026-07-19 05:00:00,HELS-008-3,HELS-008,Band 3 (1800MHz),-88.7,-11.2,11.4,23.6,7.4,9.4
2026-07-19 05:00:00,HELS-009-1,HELS-009,Band 1 (2100MHz),-85.1,-8.8,20.7,0.0,0.0,0.0
2026-07-19 05:00:00,HELS-009-2,HELS-009,Band 1 (2100MHz),-84.2,-8.7,18.9,6.1,0.1,0.0
2026-07-19 05:00:00,HELS-009-3,HELS-009,Band 1 (2100MHz),-78.7,-10.2,16.2,14.3,0.0,28.1
2026-07-19 05:00:00,HELS-010-1,HELS-010,Band 3 (1800MHz),-84.9,-7.2,16.7,38.8,6.6,40.1
2026-07-19 05:00:00,HELS-010-2,HELS-010,Band 3 (1800MHz),-89.7,-9.5,10.2,2.9,0.0,0.0
2026-07-19 05:00:00,HELS-010-3,HELS-010,Band 3 (1800MHz),-84.4,-5.3,17.1,10.7,2.4,40.9
2026-07-19 05:00:00,HELS-011-1,HELS-011,Band 1 (2100MHz),-89.8,-7.9,5.1,0.0,23.5,44.4
2026-07-19 05:00:00,HELS-011-2,HELS-011,Band 1 (2100MHz),-85.5,-9.0,15.1,1.0,16.0,18.1
2026-07-19 05:00:00,HELS-011-3,HELS-011,Band 1 (2100MHz),-84.6,-7.6,9.7,5.3,5.9,3.0
2026-07-19 05:00:00,HELS-012-1,HELS-012,Band 3 (1800MHz),-78.1,-8.1,17.9,17.3,24.7,29.8
2026-07-19 05:00:00,HELS-012-2,HELS-012,Band 3 (1800MHz),-94.2,-13.4,5.5,9.2,18.6,0.0
2026-07-19 05:00:00,HELS-012-3,HELS-012,Band 3 (1800MHz),-83.4,-7.8,20.7,1.5,10.8,2.6
2026-07-19 05:00:00,HELS-013-1,HELS-013,Band 1 (2100MHz),-85.2,-9.4,14.9,12.3,7.9,0.9
2026-07-19 05:00:00,HELS-013-2,HELS-013,Band 1 (2100MHz),-87.3,-8.8,9.0,0.0,3.3,3.2
2026-07-19 05:00:00,HELS-013-3,HELS-013,Band 1 (2100MHz),-93.3,-5.6,20.3,3.4,7.4,26.8
2026-07-19 05:00:00,HELS-014-1,HELS-014,Band 3 (1800MHz),-88.1,-6.8,23.5,0.0,5.9,0.8
2026-07-19 05:00:00,HELS-014-2,HELS-014,Band 3 (1800MHz),-83.9,-9.4,16.7,0.9,3.6,0.6
2026-07-19 05:00:00,HELS-014-3,HELS-014,Band 3 (1800MHz),-78.9,-12.6,9.0,22.6,1.1,3.3
2026-07-19 06:00:00,HELS-001-1,HELS-001,Band 1 (2100MHz),-80.8,-10.0,8.0,22.8,0.0,65.2
2026-07-19 06:00:00,HELS-001-2,HELS-001,Band 1 (2100MHz),-91.0,-13.9,10.5,15.1,0.0,53.3
2026-07-19 06:00:00,HELS-001-3,HELS-001,Band 1 (2100MHz),-95.9,-13.2,14.7,0.0,13.3,52.8
2026-07-19 06:00:00,HELS-002-1,HELS-002,Band 3 (1800MHz),-86.7,-8.1,5.5,15.8,7.9,16.7
2026-07-19 06:00:00,HELS-002-2,HELS-002,Band 3 (1800MHz),-86.8,-7.3,10.4,23.1,23.1,22.6
2026-07-19 06:00:00,HELS-002-3,HELS-002,Band 3 (1800MHz),-81.2,-8.0,9.1,1.7,19.7,58.3
2026-07-19 06:00:00,HELS-003-1,HELS-003,Band 1 (2100MHz),-87.2,-9.5,9.6,29.3,13.7,51.0
2026-07-19 06:00:00,HELS-003-2,HELS-003,Band 1 (2100MHz),-80.5,-8.8,9.8,21.3,6.8,49.4
2026-07-19 06:00:00,HELS-003-3,HELS-003,Band 1 (2100MHz),-88.2,-9.9,14.8,1.2,18.8,0.0
2026-07-19 06:00:00,HELS-004-1,HELS-004,Band 3 (1800MHz),-76.1,-8.0,12.2,22.1,13.6,32.8
2026-07-19 06:00:00,HELS-004-2,HELS-004,Band 3 (1800MHz),-79.1,-11.1,20.2,48.5,9.6,13.8
2026-07-19 06:00:00,HELS-004-3,HELS-004,Band 3 (1800MHz),-90.9,-9.4,7.1,22.5,21.6,23.2
2026-07-19 06:00:00,HELS-005-1,HELS-005,Band 1 (2100MHz),-96.8,-10.6,3.2,11.3,0.0,46.8
2026-07-19 06:00:00,HELS-005-2,HELS-005,Band 1 (2100MHz),-86.9,-9.9,3.0,18.1,17.2,47.2
2026-07-19 06:00:00,HELS-005-3,HELS-005,Band 1 (2100MHz),-83.0,-6.9,2.9,24.4,15.6,30.1
2026-07-19 06:00:00,HELS-006-1,HELS-006,Band 3 (1800MHz),-80.1,-11.2,-4.1,41.0,13.7,37.3
2026-07-19 06:00:00,HELS-006-2,HELS-006,Band 3 (1800MHz),-81.9,-6.0,12.3,18.4,13.9,74.2
2026-07-19 06:00:00,HELS-006-3,HELS-006,Band 3 (1800MHz),-80.2,-8.8,14.1,30.5,0.0,4.3
2026-07-19 06:00:00,HELS-007-1,HELS-007,Band 1 (2100MHz),-78.0,-10.3,9.4,26.1,10.0,0.0
2026-07-19 06:00:00,HELS-007-2,HELS-007,Band 1 (2100MHz),-87.0,-7.8,12.3,0.0,11.0,45.4
2026-07-19 06:00:00,HELS-007-3,HELS-007,Band 1 (2100MHz),-86.6,-5.5,5.9,34.7,27.4,61.1
2026-07-19 06:00:00,HELS-008-1,HELS-008,Band 3 (1800MHz),-87.5,-12.9,8.6,16.8,21.3,14.0
2026-07-19 06:00:00,HELS-008-2,HELS-008,Band 3 (1800MHz),-83.4,-10.3,13.8,16.2,19.8,35.2
2026-07-19 06:00:00,HELS-008-3,HELS-008,Band 3 (1800MHz),-90.9,-9.5,16.7,17.9,20.6,11.6
2026-07-19 06:00:00,HELS-009-1,HELS-009,Band 1 (2100MHz),-87.5,-7.8,12.4,23.8,22.0,37.0
2026-07-19 06:00:00,HELS-009-2,HELS-009,Band 1 (2100MHz),-86.7,-8.1,16.1,7.4,16.9,35.2
2026-07-19 06:00:00,HELS-009-3,HELS-009,Band 1 (2100MHz),-82.1,-6.4,23.6,19.1,0.0,47.4
2026-07-19 06:00:00,HELS-010-1,HELS-010,Band 3 (1800MHz),-83.0,-12.5,11.4,18.4,5.3,9.5
2026-07-19 06:00:00,HELS-010-2,HELS-010,Band 3 (1800MHz),-82.1,-11.5,27.6,38.5,2.5,47.2
2026-07-19 06:00:00,HELS-010-3,HELS-010,Band 3 (1800MHz),-85.3,-8.3,11.8,43.9,26.5,37.0
2026-07-19 06:00:00,HELS-011-1,HELS-011,Band 1 (2100MHz),-88.9,-7.7,10.0,12.2,2.4,38.2
2026-07-19 06:00:00,HELS-011-2,HELS-011,Band 1 (2100MHz),-80.6,-11.7,11.6,42.0,27.4,98.6
2026-07-19 06:00:00,HELS-011-3,HELS-011,Band 1 (2100MHz),-79.4,-10.3,21.0,37.5,4.8,45.5
2026-07-19 06:00:00,HELS-012-1,HELS-012,Band 3 (1800MHz),-87.0,-11.0,12.5,1.0,4.2,17.6
2026-07-19 06:00:00,HELS-012-2,HELS-012,Band 3 (1800MHz),-82.8,-9.0,4.5,26.1,3.6,41.9
2026-07-19 06:00:00,HELS-012-3,HELS-012,Band 3 (1800MHz),-87.4,-7.3,2.8,19.8,4.4,16.8
2026-07-19 06:00:00,HELS-013-1,HELS-013,Band 1 (2100MHz),-94.7,-7.7,17.8,28.9,27.4,15.2
2026-07-19 06:00:00,HELS-013-2,HELS-013,Band 1 (2100MHz),-89.4,-8.2,11.3,15.8,20.8,29.7
2026-07-19 06:00:00,HELS-013-3,HELS-013,Band 1 (2100MHz),-81.9,-10.2,13.2,8.7,4.0,68.5
2026-07-19 06:00:00,HELS-014-1,HELS-014,Band 3 (1800MHz),-84.4,-6.9,10.1,12.3,0.0,53.1
2026-07-19 06:00:00,HELS-014-2,HELS-014,Band 3 (1800MHz),-74.1,-8.1,-5.8,13.7,0.0,0.0
2026-07-19 06:00:00,HELS-014-3,HELS-014,Band 3 (1800MHz),-78.8,-8.3,16.6,36.4,7.4,22.1
2026-07-19 07:00:00,HELS-001-1,HELS-001,Band 1 (2100MHz),-80.5,-13.2,19.6,63.6,48.5,49.4
2026-07-19 07:00:00,HELS-001-2,HELS-001,Band 1 (2100MHz),-99.4,-14.6,6.0,69.8,34.8,122.6
2026-07-19 07:00:00,HELS-001-3,HELS-001,Band 1 (2100MHz),-101.0,-13.1,3.5,62.3,37.6,85.3
2026-07-19 07:00:00,HELS-002-1,HELS-002,Band 3 (1800MHz),-82.0,-11.4,17.6,60.6,37.4,96.2
2026-07-19 07:00:00,HELS-002-2,HELS-002,Band 3 (1800MHz),-83.8,-6.7,13.0,34.5,34.9,94.2
2026-07-19 07:00:00,HELS-002-3,HELS-002,Band 3 (1800MHz),-87.5,-12.2,7.9,58.3,47.9,124.4
2026-07-19 07:00:00,HELS-003-1,HELS-003,Band 1 (2100MHz),-86.8,-10.9,9.2,77.8,44.0,78.6
2026-07-19 07:00:00,HELS-003-2,HELS-003,Band 1 (2100MHz),-86.7,-8.1,16.1,44.6,34.4,92.5
2026-07-19 07:00:00,HELS-003-3,HELS-003,Band 1 (2100MHz),-88.3,-10.9,8.5,42.8,45.8,80.2
2026-07-19 07:00:00,HELS-004-1,HELS-004,Band 3 (1800MHz),-81.9,-10.7,13.4,74.1,43.5,99.5
2026-07-19 07:00:00,HELS-004-2,HELS-004,Band 3 (1800MHz),-87.4,-10.4,7.6,52.3,25.3,82.8
2026-07-19 07:00:00,HELS-004-3,HELS-004,Band 3 (1800MHz),-84.5,-12.5,10.6,75.3,41.9,98.2
2026-07-19 07:00:00,HELS-005-1,HELS-005,Band 1 (2100MHz),-96.3,-14.2,0.4,77.6,43.2,116.9
2026-07-19 07:00:00,HELS-005-2,HELS-005,Band 1 (2100MHz),-83.3,-10.7,11.3,81.7,49.7,103.6
2026-07-19 07:00:00,HELS-005-3,HELS-005,Band 1 (2100MHz),-88.6,-9.9,17.4,70.7,25.1,104.5
2026-07-19 07:00:00,HELS-006-1,HELS-006,Band 3 (1800MHz),-87.0,-9.8,5.6,63.4,44.4,94.3
2026-07-19 07:00:00,HELS-006-2,HELS-006,Band 3 (1800MHz),-83.7,-10.3,9.7,90.1,34.7,135.9
2026-07-19 07:00:00,HELS-006-3,HELS-006,Band 3 (1800MHz),-84.3,-11.2,3.2,55.1,37.9,91.9
2026-07-19 07:00:00,HELS-007-1,HELS-007,Band 1 (2100MHz),-88.0,-9.6,20.1,65.4,29.0,69.9
2026-07-19 07:00:00,HELS-007-2,HELS-007,Band 1 (2100MHz),-85.1,-8.1,11.8,63.2,43.2,110.1
2026-07-19 07:00:00,HELS-007-3,HELS-007,Band 1 (2100MHz),-80.8,-12.1,10.0,74.6,18.7,119.9
2026-07-19 07:00:00,HELS-008-1,HELS-008,Band 3 (1800MHz),-83.2,-10.5,13.5,60.3,35.3,87.1
2026-07-19 07:00:00,HELS-008-2,HELS-008,Band 3 (1800MHz),-80.9,-8.1,21.9,51.9,34.4,108.7
2026-07-19 07:00:00,HELS-008-3,HELS-008,Band 3 (1800MHz),-84.8,-14.5,13.8,63.0,31.2,112.7
2026-07-19 07:00:00,HELS-009-1,HELS-009,Band 1 (2100MHz),-83.4,-11.2,17.6,54.3,38.0,110.3
2026-07-19 07:00:00,HELS-009-2,HELS-009,Band 1 (2100MHz),-79.9,-11.0,9.4,59.4,46.5,103.1
2026-07-19 07:00:00,HELS-009-3,HELS-009,Band 1 (2100MHz),-85.8,-10.6,16.5,74.3,56.7,75.6
2026-07-19 07:00:00,HELS-010-1,HELS-010,Band 3 (1800MHz),-73.4,-11.0,14.4,39.4,28.8,132.3
2026-07-19 07:00:00,HELS-010-2,HELS-010,Band 3 (1800MHz),-85.7,-7.8,13.9,80.2,26.8,113.0
2026-07-19 07:00:00,HELS-010-3,HELS-010,Band 3 (1800MHz),-81.2,-12.8,3.3,40.3,32.4,83.2
2026-07-19 07:00:00,HELS-011-1,HELS-011,Band 1 (2100MHz),-81.2,-11.9,6.1,70.1,30.4,100.5
2026-07-19 07:00:00,HELS-011-2,HELS-011,Band 1 (2100MHz),-89.3,-11.1,12.2,40.6,31.2,104.0
2026-07-19 07:00:00,HELS-011-3,HELS-011,Band 1 (2100MHz),-83.7,-11.1,8.4,62.0,36.4,107.2
2026-07-19 07:00:00,HELS-012-1,HELS-012,Band 3 (1800MHz),-81.3,-13.4,11.1,74.4,27.7,65.8
2026-07-19 07:00:00,HELS-012-2,HELS-012,Band 3 (1800MHz),-91.6,-16.9,5.4,66.5,40.8,87.3
2026-07-19 07:00:00,HELS-012-3,HELS-012,Band 3 (1800MHz),-80.9,-11.9,9.0,57.9,35.9,116.7
2026-07-19 07:00:00,HELS-013-1,HELS-013,Band 1 (2100MHz),-79.6,-10.6,18.3,31.3,12.3,79.9
2026-07-19 07:00:00,HELS-013-2,HELS-013,Band 1 (2100MHz),-94.6,-8.1,20.5,63.8,30.5,128.7
2026-07-19 07:00:00,HELS-013-3,HELS-013,Band 1 (2100MHz),-74.6,-9.5,18.0,65.7,37.5,110.6
2026-07-19 07:00:00,HELS-014-1,HELS-014,Band 3 (1800MHz),-82.2,-13.2,7.5,59.7,49.3,87.2
2026-07-19 07:00:00,HELS-014-2,HELS-014,Band 3 (1800MHz),-78.4,-7.3,8.7,73.3,32.0,117.8
2026-07-19 07:00:00,HELS-014-3,HELS-014,Band 3 (1800MHz),-77.5,-11.2,19.0,69.0,27.0,121.3
2026-07-19 08:00:00,HELS-001-1,HELS-001,Band 1 (2100MHz),-80.5,-11.3,14.2,80.2,36.6,118.6
2026-07-19 08:00:00,HELS-001-2,HELS-001,Band 1 (2100MHz),-100.0,-19.1,9.0,60.7,57.6,127.3
2026-07-19 08:00:00,HELS-001-3,HELS-001,Band 1 (2100MHz),-96.8,-15.0,-1.6,100.0,37.2,122.6
2026-07-19 08:00:00,HELS-002-1,HELS-002,Band 3 (1800MHz),-92.9,-10.5,17.6,100.0,48.1,150.6
2026-07-19 08:00:00,HELS-002-2,HELS-002,Band 3 (1800MHz),-84.5,-9.7,19.3,77.5,27.3,160.0
2026-07-19 08:00:00,HELS-002-3,HELS-002,Band 3 (1800MHz),-86.0,-10.2,7.6,65.6,44.8,107.7
2026-07-19 08:00:00,HELS-003-1,HELS-003,Band 1 (2100MHz),-83.9,-12.5,19.1,73.8,36.6,99.9
2026-07-19 08:00:00,HELS-003-2,HELS-003,Band 1 (2100MHz),-79.8,-11.7,17.4,86.1,42.7,152.8
2026-07-19 08:00:00,HELS-003-3,HELS-003,Band 1 (2100MHz),-79.3,-10.2,14.6,95.2,54.8,106.2
2026-07-19 08:00:00,HELS-004-1,HELS-004,Band 3 (1800MHz),-80.3,-11.6,10.5,81.9,44.1,153.5
2026-07-19 08:00:00,HELS-004-2,HELS-004,Band 3 (1800MHz),-80.3,-11.5,10.9,76.3,40.3,154.0
2026-07-19 08:00:00,HELS-004-3,HELS-004,Band 3 (1800MHz),-90.1,-11.1,17.7,76.3,57.5,143.8
2026-07-19 08:00:00,HELS-005-1,HELS-005,Band 1 (2100MHz),-99.4,-14.9,-0.5,75.4,66.0,72.8
2026-07-19 08:00:00,HELS-005-2,HELS-005,Band 1 (2100MHz),-85.0,-10.9,8.9,79.2,63.0,147.5
2026-07-19 08:00:00,HELS-005-3,HELS-005,Band 1 (2100MHz),-77.7,-12.7,12.0,66.0,59.3,118.3
2026-07-19 08:00:00,HELS-006-1,HELS-006,Band 3 (1800MHz),-77.4,-10.9,13.6,76.2,42.1,163.4
2026-07-19 08:00:00,HELS-006-2,HELS-006,Band 3 (1800MHz),-88.0,-12.8,16.3,83.1,59.4,159.8
2026-07-19 08:00:00,HELS-006-3,HELS-006,Band 3 (1800MHz),-81.2,-9.7,17.7,100.0,29.0,138.1
2026-07-19 08:00:00,HELS-007-1,HELS-007,Band 1 (2100MHz),-84.2,-12.1,12.2,100.0,46.3,125.2
2026-07-19 08:00:00,HELS-007-2,HELS-007,Band 1 (2100MHz),-78.2,-14.0,11.0,83.9,30.9,111.3
2026-07-19 08:00:00,HELS-007-3,HELS-007,Band 1 (2100MHz),-82.4,-10.0,15.8,74.7,47.9,139.0
2026-07-19 08:00:00,HELS-008-1,HELS-008,Band 3 (1800MHz),-79.8,-13.3,8.5,69.0,62.0,144.8
2026-07-19 08:00:00,HELS-008-2,HELS-008,Band 3 (1800MHz),-80.9,-13.9,11.0,60.5,63.8,113.7
2026-07-19 08:00:00,HELS-008-3,HELS-008,Band 3 (1800MHz),-79.0,-12.5,9.8,99.7,47.0,161.0
2026-07-19 08:00:00,HELS-009-1,HELS-009,Band 1 (2100MHz),-86.1,-13.4,14.7,81.7,38.9,117.0
2026-07-19 08:00:00,HELS-009-2,HELS-009,Band 1 (2100MHz),-80.8,-12.1,10.5,97.1,48.8,132.1
2026-07-19 08:00:00,HELS-009-3,HELS-009,Band 1 (2100MHz),-82.0,-13.5,16.6,81.8,34.9,116.3
2026-07-19 08:00:00,HELS-010-1,HELS-010,Band 3 (1800MHz),-79.8,-14.1,18.5,87.3,37.1,119.2
2026-07-19 08:00:00,HELS-010-2,HELS-010,Band 3 (1800MHz),-83.4,-9.3,13.5,73.7,36.6,103.3
2026-07-19 08:00:00,HELS-010-3,HELS-010,Band 3 (1800MHz),-85.5,-11.6,14.3,84.2,52.0,158.1
2026-07-19 08:00:00,HELS-011-1,HELS-011,Band 1 (2100MHz),-76.8,-11.8,10.2,100.0,58.1,148.4
2026-07-19 08:00:00,HELS-011-2,HELS-011,Band 1 (2100MHz),-81.9,-10.9,3.8,83.8,40.4,150.2
2026-07-19 08:00:00,HELS-011-3,HELS-011,Band 1 (2100MHz),-83.7,-10.8,3.8,100.0,40.9,142.5
2026-07-19 08:00:00,HELS-012-1,HELS-012,Band 3 (1800MHz),-85.6,-13.6,20.9,85.3,61.6,150.6
2026-07-19 08:00:00,HELS-012-2,HELS-012,Band 3 (1800MHz),-104.2,-13.5,2.7,74.7,57.3,141.4
2026-07-19 08:00:00,HELS-012-3,HELS-012,Band 3 (1800MHz),-82.1,-15.2,20.3,91.9,41.2,99.8
2026-07-19 08:00:00,HELS-013-1,HELS-013,Band 1 (2100MHz),-85.6,-13.8,18.1,67.7,47.3,98.7
2026-07-19 08:00:00,HELS-013-2,HELS-013,Band 1 (2100MHz),-80.0,-12.0,18.7,79.2,53.3,139.3
2026-07-19 08:00:00,HELS-013-3,HELS-013,Band 1 (2100MHz),-81.4,-9.9,13.9,79.8,53.8,141.4
2026-07-19 08:00:00,HELS-014-1,HELS-014,Band 3 (1800MHz),-79.7,-8.5,13.5,96.3,58.6,133.9
2026-07-19 08:00:00,HELS-014-2,HELS-014,Band 3 (1800MHz),-85.5,-15.4,16.1,73.4,37.1,137.2
2026-07-19 08:00:00,HELS-014-3,HELS-014,Band 3 (1800MHz),-89.5,-13.7,16.5,99.2,37.5,146.9
2026-07-19 09:00:00,HELS-001-1,HELS-001,Band 1 (2100MHz),-87.0,-11.6,21.9,55.5,34.2,86.5
2026-07-19 09:00:00,HELS-001-2,HELS-001,Band 1 (2100MHz),-95.7,-16.0,10.5,82.6,52.8,113.1
2026-07-19 09:00:00,HELS-001-3,HELS-001,Band 1 (2100MHz),-103.9,-13.3,6.0,48.7,16.5,95.3
2026-07-19 09:00:00,HELS-002-1,HELS-002,Band 3 (1800MHz),-86.6,-9.9,8.5,77.7,44.2,76.7
2026-07-19 09:00:00,HELS-002-2,HELS-002,Band 3 (1800MHz),-85.2,-10.7,14.2,71.5,34.6,118.8
2026-07-19 09:00:00,HELS-002-3,HELS-002,Band 3 (1800MHz),-83.3,-8.8,17.6,68.7,42.5,104.9
2026-07-19 09:00:00,HELS-003-1,HELS-003,Band 1 (2100MHz),-87.2,-10.9,11.6,44.7,18.0,92.1
2026-07-19 09:00:00,HELS-003-2,HELS-003,Band 1 (2100MHz),-91.2,-9.8,19.6,76.1,33.7,101.7
2026-07-19 09:00:00,HELS-003-3,HELS-003,Band 1 (2100MHz),-81.6,-13.2,10.6,85.3,42.9,112.5
2026-07-19 09:00:00,HELS-004-1,HELS-004,Band 3 (1800MHz),-81.7,-11.8,18.8,39.5,41.6,81.7
2026-07-19 09:00:00,HELS-004-2,HELS-004,Band 3 (1800MHz),-78.9,-11.8,10.9,52.1,48.5,103.3
2026-07-19 09:00:00,HELS-004-3,HELS-004,Band 3 (1800MHz),-83.8,-12.3,9.2,67.6,37.7,82.2
2026-07-19 09:00:00,HELS-005-1,HELS-005,Band 1 (2100MHz),-94.8,-13.8,-1.5,59.7,36.3,112.9
2026-07-19 09:00:00,HELS-005-2,HELS-005,Band 1 (2100MHz),-87.5,-13.5,14.1,63.2,43.7,112.4
2026-07-19 09:00:00,HELS-005-3,HELS-005,Band 1 (2100MHz),-90.3,-14.3,15.7,54.5,50.6,93.7
2026-07-19 09:00:00,HELS-006-1,HELS-006,Band 3 (1800MHz),-82.6,-8.0,15.7,53.3,35.8,89.9
2026-07-19 09:00:00,HELS-006-2,HELS-006,Band 3 (1800MHz),-87.1,-11.2,14.0,59.1,49.0,75.4
2026-07-19 09:00:00,HELS-006-3,HELS-006,Band 3 (1800MHz),-86.2,-13.3,18.1,58.5,33.4,103.1
2026-07-19 09:00:00,HELS-007-1,HELS-007,Band 1 (2100MHz),-74.9,-11.8,13.1,58.4,28.3,122.7
2026-07-19 09:00:00,HELS-007-2,HELS-007,Band 1 (2100MHz),-90.7,-7.0,8.1,71.4,20.2,128.4
2026-07-19 09:00:00,HELS-007-3,HELS-007,Band 1 (2100MHz),-81.7,-9.6,6.1,63.7,29.6,114.0
2026-07-19 09:00:00,HELS-008-1,HELS-008,Band 3 (1800MHz),-79.9,-12.7,18.5,63.3,49.6,82.2
2026-07-19 09:00:00,HELS-008-2,HELS-008,Band 3 (1800MHz),-85.9,-9.1,8.9,63.5,41.5,132.2
2026-07-19 09:00:00,HELS-008-3,HELS-008,Band 3 (1800MHz),-79.9,-10.3,13.6,100.0,48.8,125.5
2026-07-19 09:00:00,HELS-009-1,HELS-009,Band 1 (2100MHz),-80.5,-12.9,16.2,70.9,30.7,111.3
2026-07-19 09:00:00,HELS-009-2,HELS-009,Band 1 (2100MHz),-83.5,-7.8,11.6,58.4,27.3,126.9
2026-07-19 09:00:00,HELS-009-3,HELS-009,Band 1 (2100MHz),-85.6,-8.4,19.6,72.0,34.8,95.0
2026-07-19 09:00:00,HELS-010-1,HELS-010,Band 3 (1800MHz),-84.6,-11.7,13.4,61.7,39.1,101.6
2026-07-19 09:00:00,HELS-010-2,HELS-010,Band 3 (1800MHz),-81.0,-8.7,19.2,75.7,46.2,99.0
2026-07-19 09:00:00,HELS-010-3,HELS-010,Band 3 (1800MHz),-90.7,-8.0,12.3,65.0,38.5,74.2
2026-07-19 09:00:00,HELS-011-1,HELS-011,Band 1 (2100MHz),-80.5,-15.4,13.3,73.1,31.8,59.1
2026-07-19 09:00:00,HELS-011-2,HELS-011,Band 1 (2100MHz),-80.9,-10.0,17.2,50.7,39.5,99.6
2026-07-19 09:00:00,HELS-011-3,HELS-011,Band 1 (2100MHz),-89.0,-10.5,9.6,80.0,23.8,99.5
2026-07-19 09:00:00,HELS-012-1,HELS-012,Band 3 (1800MHz),-83.2,-10.6,20.5,77.0,29.7,110.9
2026-07-19 09:00:00,HELS-012-2,HELS-012,Band 3 (1800MHz),-98.1,-14.3,3.9,87.3,34.3,77.7
2026-07-19 09:00:00,HELS-012-3,HELS-012,Band 3 (1800MHz),-86.8,-12.7,17.9,66.6,22.2,93.1
2026-07-19 09:00:00,HELS-013-1,HELS-013,Band 1 (2100MHz),-86.5,-11.8,12.8,85.7,26.1,119.1
2026-07-19 09:00:00,HELS-013-2,HELS-013,Band 1 (2100MHz),-81.3,-8.4,11.5,74.6,44.5,103.3
2026-07-19 09:00:00,HELS-013-3,HELS-013,Band 1 (2100MHz),-75.5,-11.8,8.3,61.5,39.5,109.1
2026-07-19 09:00:00,HELS-014-1,HELS-014,Band 3 (1800MHz),-91.6,-11.7,5.0,66.4,25.9,142.4
2026-07-19 09:00:00,HELS-014-2,HELS-014,Band 3 (1800MHz),-93.0,-12.5,15.5,61.1,46.9,111.1
2026-07-19 09:00:00,HELS-014-3,HELS-014,Band 3 (1800MHz),-84.3,-11.0,12.9,56.2,37.4,124.0
2026-07-19 10:00:00,HELS-001-1,HELS-001,Band 1 (2100MHz),-82.0,-7.1,10.4,30.9,4.9,23.7
2026-07-19 10:00:00,HELS-001-2,HELS-001,Band 1 (2100MHz),-96.3,-15.4,2.3,27.1,12.1,21.4
2026-07-19 10:00:00,HELS-001-3,HELS-001,Band 1 (2100MHz),-99.7,-10.7,2.7,1.2,10.9,18.7
2026-07-19 10:00:00,HELS-002-1,HELS-002,Band 3 (1800MHz),-87.0,-7.4,17.4,23.8,18.3,54.3
2026-07-19 10:00:00,HELS-002-2,HELS-002,Band 3 (1800MHz),-86.5,-6.9,10.1,10.0,2.2,40.1
2026-07-19 10:00:00,HELS-002-3,HELS-002,Band 3 (1800MHz),-87.5,-8.5,15.6,31.3,1.5,66.8
2026-07-19 10:00:00,HELS-003-1,HELS-003,Band 1 (2100MHz),-81.4,-7.5,6.6,29.5,13.6,0.0
2026-07-19 10:00:00,HELS-003-2,HELS-003,Band 1 (2100MHz),-91.8,-6.6,14.7,16.3,16.1,22.9
2026-07-19 10:00:00,HELS-003-3,HELS-003,Band 1 (2100MHz),-82.7,-8.8,15.0,19.6,12.5,0.1
2026-07-19 10:00:00,HELS-004-1,HELS-004,Band 3 (1800MHz),-90.1,-5.7,13.4,33.8,20.1,46.5
2026-07-19 10:00:00,HELS-004-2,HELS-004,Band 3 (1800MHz),-84.3,-8.2,23.0,25.9,3.4,41.4
2026-07-19 10:00:00,HELS-004-3,HELS-004,Band 3 (1800MHz),-78.4,-8.9,20.9,33.1,0.0,0.0
2026-07-19 10:00:00,HELS-005-1,HELS-005,Band 1 (2100MHz),-95.0,-13.7,18.3,24.1,2.0,51.9
2026-07-19 10:00:00,HELS-005-2,HELS-005,Band 1 (2100MHz),-85.9,-10.7,13.5,25.2,24.7,37.5
2026-07-19 10:00:00,HELS-005-3,HELS-005,Band 1 (2100MHz),-86.2,-7.6,5.6,19.0,5.3,28.2
2026-07-19 10:00:00,HELS-006-1,HELS-006,Band 3 (1800MHz),-84.6,-5.9,2.3,2.9,10.9,10.6
2026-07-19 10:00:00,HELS-006-2,HELS-006,Band 3 (1800MHz),-83.9,-6.5,19.4,0.0,28.6,40.4
2026-07-19 10:00:00,HELS-006-3,HELS-006,Band 3 (1800MHz),-87.5,-9.0,10.3,22.6,11.3,25.2
2026-07-19 10:00:00,HELS-007-1,HELS-007,Band 1 (2100MHz),-81.1,-9.8,11.9,31.5,13.7,25.8
2026-07-19 10:00:00,HELS-007-2,HELS-007,Band 1 (2100MHz),-78.5,-11.3,6.2,40.7,8.8,23.8
2026-07-19 10:00:00,HELS-007-3,HELS-007,Band 1 (2100MHz),-79.5,-8.1,15.2,9.0,5.4,43.0
2026-07-19 10:00:00,HELS-008-1,HELS-008,Band 3 (1800MHz),-71.7,-10.8,2.2,33.1,9.3,19.1
2026-07-19 10:00:00,HELS-008-2,HELS-008,Band 3 (1800MHz),-84.2,-6.2,8.4,33.9,9.4,4.0
2026-07-19 10:00:00,HELS-008-3,HELS-008,Band 3 (1800MHz),-83.0,-7.8,2.2,24.0,12.3,15.4
2026-07-19 10:00:00,HELS-009-1,HELS-009,Band 1 (2100MHz),-81.1,-8.5,8.9,26.8,23.6,0.0
2026-07-19 10:00:00,HELS-009-2,HELS-009,Band 1 (2100MHz),-81.1,-9.6,11.9,31.3,1.2,36.6
2026-07-19 10:00:00,HELS-009-3,HELS-009,Band 1 (2100MHz),-86.3,-12.0,12.4,15.0,8.1,7.9
2026-07-19 10:00:00,HELS-010-1,HELS-010,Band 3 (1800MHz),-85.1,-13.9,15.1,23.8,29.9,24.9
2026-07-19 10:00:00,HELS-010-2,HELS-010,Band 3 (1800MHz),-86.1,-8.4,13.3,22.6,10.1,41.9
2026-07-19 10:00:00,HELS-010-3,HELS-010,Band 3 (1800MHz),-81.9,-7.5,18.4,18.7,0.1,32.7
2026-07-19 10:00:00,HELS-011-1,HELS-011,Band 1 (2100MHz),-80.0,-11.1,14.5,0.0,20.0,5.3
2026-07-19 10:00:00,HELS-011-2,HELS-011,Band 1 (2100MHz),-79.2,-8.3,13.0,18.8,10.1,33.0
2026-07-19 10:00:00,HELS-011-3,HELS-011,Band 1 (2100MHz),-78.4,-5.1,13.3,6.6,1.7,78.1
2026-07-19 10:00:00,HELS-012-1,HELS-012,Band 3 (1800MHz),-90.7,-9.9,3.9,28.6,3.1,0.0
2026-07-19 10:00:00,HELS-012-2,HELS-012,Band 3 (1800MHz),-96.8,-14.9,3.4,0.0,0.0,61.6
2026-07-19 10:00:00,HELS-012-3,HELS-012,Band 3 (1800MHz),-86.4,-9.6,9.3,57.0,3.0,16.7
2026-07-19 10:00:00,HELS-013-1,HELS-013,Band 1 (2100MHz),-86.5,-8.9,11.0,35.2,7.8,58.0
2026-07-19 10:00:00,HELS-013-2,HELS-013,Band 1 (2100MHz),-85.4,-6.4,14.7,7.8,0.0,34.0
2026-07-19 10:00:00,HELS-013-3,HELS-013,Band 1 (2100MHz),-79.9,-7.9,16.9,30.2,21.3,18.3
2026-07-19 10:00:00,HELS-014-1,HELS-014,Band 3 (1800MHz),-87.1,-8.1,16.9,33.1,19.6,40.7
2026-07-19 10:00:00,HELS-014-2,HELS-014,Band 3 (1800MHz),-89.5,-7.0,6.7,5.4,6.0,36.8
2026-07-19 10:00:00,HELS-014-3,HELS-014,Band 3 (1800MHz),-94.1,-6.4,18.2,12.8,11.1,22.8
2026-07-19 11:00:00,HELS-001-1,HELS-001,Band 1 (2100MHz),-83.4,-11.4,15.4,57.2,48.6,135.5
2026-07-19 11:00:00,HELS-001-2,HELS-001,Band 1 (2100MHz),-96.3,-13.8,5.4,48.0,33.8,93.2
2026-07-19 11:00:00,HELS-001-3,HELS-001,Band 1 (2100MHz),-101.8,-15.6,10.8,59.6,17.8,75.1
2026-07-19 11:00:00,HELS-002-1,HELS-002,Band 3 (1800MHz),-94.6,-7.9,18.8,45.7,37.5,97.9
2026-07-19 11:00:00,HELS-002-2,HELS-002,Band 3 (1800MHz),-83.4,-10.6,16.2,58.8,31.7,86.9
2026-07-19 11:00:00,HELS-002-3,HELS-002,Band 3 (1800MHz),-85.6,-12.7,8.8,59.3,32.2,100.4
2026-07-19 11:00:00,HELS-003-1,HELS-003,Band 1 (2100MHz),-78.9,-8.8,11.1,51.4,43.6,56.8
2026-07-19 11:00:00,HELS-003-2,HELS-003,Band 1 (2100MHz),-81.7,-12.1,8.5,51.0,39.1,81.4
2026-07-19 11:00:00,HELS-003-3,HELS-003,Band 1 (2100MHz),-87.7,-9.0,12.4,35.2,21.5,90.1
2026-07-19 11:00:00,HELS-004-1,HELS-004,Band 3 (1800MHz),-92.1,-9.1,12.5,81.1,29.4,106.1
2026-07-19 11:00:00,HELS-004-2,HELS-004,Band 3 (1800MHz),-87.0,-11.0,19.7,48.9,25.3,148.1
2026-07-19 11:00:00,HELS-004-3,HELS-004,Band 3 (1800MHz),-83.6,-6.4,12.5,78.2,28.6,51.6
2026-07-19 11:00:00,HELS-005-1,HELS-005,Band 1 (2100MHz),-97.7,-14.2,-5.6,66.2,48.4,113.8
2026-07-19 11:00:00,HELS-005-2,HELS-005,Band 1 (2100MHz),-81.5,-12.1,10.5,67.6,26.1,61.1
2026-07-19 11:00:00,HELS-005-3,HELS-005,Band 1 (2100MHz),-79.2,-11.2,16.4,70.0,29.0,82.9
2026-07-19 11:00:00,HELS-006-1,HELS-006,Band 3 (1800MHz),-84.4,-9.6,11.7,77.1,34.5,57.3
2026-07-19 11:00:00,HELS-006-2,HELS-006,Band 3 (1800MHz),-79.7,-14.8,11.5,83.2,17.6,105.0
2026-07-19 11:00:00,HELS-006-3,HELS-006,Band 3 (1800MHz),-84.5,-8.9,17.0,49.9,47.1,52.6
2026-07-19 11:00:00,HELS-007-1,HELS-007,Band 1 (2100MHz),-80.8,-11.9,7.2,43.2,29.4,94.9
2026-07-19 11:00:00,HELS-007-2,HELS-007,Band 1 (2100MHz),-76.2,-9.8,10.7,56.6,25.3,67.8
2026-07-19 11:00:00,HELS-007-3,HELS-007,Band 1 (2100MHz),-82.5,-11.0,14.1,68.8,41.7,134.4
2026-07-19 11:00:00,HELS-008-1,HELS-008,Band 3 (1800MHz),-85.6,-8.9,11.8,38.6,42.0,117.2
2026-07-19 11:00:00,HELS-008-2,HELS-008,Band 3 (1800MHz),-77.6,-13.1,16.3,52.3,27.0,70.8
2026-07-19 11:00:00,HELS-008-3,HELS-008,Band 3 (1800MHz),-80.1,-11.7,13.0,90.9,24.5,75.3
2026-07-19 11:00:00,HELS-009-1,HELS-009,Band 1 (2100MHz),-84.3,-12.1,17.3,45.5,45.8,86.7
2026-07-19 11:00:00,HELS-009-2,HELS-009,Band 1 (2100MHz),-83.6,-8.7,8.1,55.5,35.7,100.3
2026-07-19 11:00:00,HELS-009-3,HELS-009,Band 1 (2100MHz),-84.9,-8.4,11.2,46.3,35.5,47.9
2026-07-19 11:00:00,HELS-010-1,HELS-010,Band 3 (1800MHz),-85.2,-13.0,12.9,62.9,47.4,105.6
2026-07-19 11:00:00,HELS-010-2,HELS-010,Band 3 (1800MHz),-90.4,-12.4,8.2,60.5,43.9,129.5
2026-07-19 11:00:00,HELS-010-3,HELS-010,Band 3 (1800MHz),-85.4,-12.8,18.1,81.4,29.6,98.8
2026-07-19 11:00:00,HELS-011-1,HELS-011,Band 1 (2100MHz),-81.2,-11.4,17.6,66.4,13.3,110.2
2026-07-19 11:00:00,HELS-011-2,HELS-011,Band 1 (2100MHz),-82.3,-12.4,21.3,61.7,36.6,63.4
2026-07-19 11:00:00,HELS-011-3,HELS-011,Band 1 (2100MHz),-86.7,-10.3,7.2,50.1,31.3,101.5
2026-07-19 11:00:00,HELS-012-1,HELS-012,Band 3 (1800MHz),-85.7,-10.5,14.0,68.6,34.7,70.8
2026-07-19 11:00:00,HELS-012-2,HELS-012,Band 3 (1800MHz),-85.6,-13.3,6.9,51.2,22.0,81.9
2026-07-19 11:00:00,HELS-012-3,HELS-012,Band 3 (1800MHz),-86.7,-12.1,9.4,67.7,41.1,66.7
2026-07-19 11:00:00,HELS-013-1,HELS-013,Band 1 (2100MHz),-88.0,-7.9,9.8,43.9,32.8,112.7
2026-07-19 11:00:00,HELS-013-2,HELS-013,Band 1 (2100MHz),-84.5,-11.1,7.4,63.3,33.9,91.0
2026-07-19 11:00:00,HELS-013-3,HELS-013,Band 1 (2100MHz),-84.5,-9.1,24.4,34.8,38.7,91.2
2026-07-19 11:00:00,HELS-014-1,HELS-014,Band 3 (1800MHz),-83.3,-9.2,19.8,67.6,26.6,122.8
2026-07-19 11:00:00,HELS-014-2,HELS-014,Band 3 (1800MHz),-86.5,-14.6,12.9,37.8,34.8,104.7
2026-07-19 11:00:00,HELS-014-3,HELS-014,Band 3 (1800MHz),-89.4,-10.4,13.2,54.8,49.5,71.6
2026-07-19 12:00:00,HELS-001-1,HELS-001,Band 1 (2100MHz),-79.2,-18.2,8.8,54.1,32.6,101.7
2026-07-19 12:00:00,HELS-001-2,HELS-001,Band 1 (2100MHz),-95.5,-15.1,3.5,62.0,25.6,118.4
2026-07-19 12:00:00,HELS-001-3,HELS-001,Band 1 (2100MHz),-96.5,-17.1,-3.0,64.9,32.4,78.2
2026-07-19 12:00:00,HELS-002-1,HELS-002,Band 3 (1800MHz),-82.2,-11.0,17.7,41.3,42.8,81.1
2026-07-19 12:00:00,HELS-002-2,HELS-002,Band 3 (1800MHz),-86.2,-11.2,14.9,66.8,37.8,108.5
2026-07-19 12:00:00,HELS-002-3,HELS-002,Band 3 (1800MHz),-78.4,-11.8,11.3,64.2,33.6,97.1
2026-07-19 12:00:00,HELS-003-1,HELS-003,Band 1 (2100MHz),-78.9,-7.0,9.2,34.6,41.9,115.4
2026-07-19 12:00:00,HELS-003-2,HELS-003,Band 1 (2100MHz),-86.3,-10.2,8.4,45.0,34.9,86.4
2026-07-19 12:00:00,HELS-003-3,HELS-003,Band 1 (2100MHz),-84.7,-7.9,14.3,48.1,39.5,89.6
2026-07-19 12:00:00,HELS-004-1,HELS-004,Band 3 (1800MHz),-82.8,-11.1,18.6,67.6,28.8,110.2
2026-07-19 12:00:00,HELS-004-2,HELS-004,Band 3 (1800MHz),-87.7,-14.5,23.5,64.5,44.6,75.7
2026-07-19 12:00:00,HELS-004-3,HELS-004,Band 3 (1800MHz),-81.6,-12.6,17.2,69.6,29.0,102.3
2026-07-19 12:00:00,HELS-005-1,HELS-005,Band 1 (2100MHz),-92.5,-18.0,2.4,54.3,22.9,119.2
2026-07-19 12:00:00,HELS-005-2,HELS-005,Band 1 (2100MHz),-83.9,-10.4,1.7,53.0,34.4,107.5
2026-07-19 12:00:00,HELS-005-3,HELS-005,Band 1 (2100MHz),-86.2,-16.0,12.0,33.1,40.5,127.8
2026-07-19 12:00:00,HELS-006-1,HELS-006,Band 3 (1800MHz),-78.5,-10.3,13.9,65.5,21.5,100.3
2026-07-19 12:00:00,HELS-006-2,HELS-006,Band 3 (1800MHz),-78.6,-8.8,15.4,65.8,42.9,78.4
2026-07-19 12:00:00,HELS-006-3,HELS-006,Band 3 (1800MHz),-86.4,-14.6,12.2,51.9,50.6,84.5
2026-07-19 12:00:00,HELS-007-1,HELS-007,Band 1 (2100MHz),-84.3,-11.0,8.1,52.7,31.7,127.2
2026-07-19 12:00:00,HELS-007-2,HELS-007,Band 1 (2100MHz),-80.8,-7.6,16.9,67.7,38.2,75.1
2026-07-19 12:00:00,HELS-007-3,HELS-007,Band 1 (2100MHz),-89.8,-11.2,14.9,30.5,17.4,81.4
2026-07-19 12:00:00,HELS-008-1,HELS-008,Band 3 (1800MHz),-89.5,-11.1,10.9,55.8,43.0,73.2
2026-07-19 12:00:00,HELS-008-2,HELS-008,Band 3 (1800MHz),-84.2,-11.1,17.2,32.7,35.0,102.4
2026-07-19 12:00:00,HELS-008-3,HELS-008,Band 3 (1800MHz),-84.4,-10.7,7.3,37.0,23.7,80.3
2026-07-19 12:00:00,HELS-009-1,HELS-009,Band 1 (2100MHz),-83.1,-13.5,10.4,50.2,40.5,87.7
2026-07-19 12:00:00,HELS-009-2,HELS-009,Band 1 (2100MHz),-79.4,-11.6,8.9,49.8,36.9,112.8
2026-07-19 12:00:00,HELS-009-3,HELS-009,Band 1 (2100MHz),-84.6,-9.9,10.9,75.4,37.6,72.3
2026-07-19 12:00:00,HELS-010-1,HELS-010,Band 3 (1800MHz),-81.4,-12.9,7.3,54.2,28.3,121.1
2026-07-19 12:00:00,HELS-010-2,HELS-010,Band 3 (1800MHz),-79.6,-12.5,5.2,55.2,47.7,86.0
2026-07-19 12:00:00,HELS-010-3,HELS-010,Band 3 (1800MHz),-91.0,-9.3,15.1,55.2,26.3,110.5
2026-07-19 12:00:00,HELS-011-1,HELS-011,Band 1 (2100MHz),-88.6,-11.5,14.1,49.0,29.6,78.9
2026-07-19 12:00:00,HELS-011-2,HELS-011,Band 1 (2100MHz),-88.6,-9.9,10.6,41.1,26.9,106.8
2026-07-19 12:00:00,HELS-011-3,HELS-011,Band 1 (2100MHz),-91.0,-11.9,14.9,60.7,39.4,42.2
2026-07-19 12:00:00,HELS-012-1,HELS-012,Band 3 (1800MHz),-86.4,-12.6,10.6,62.8,38.1,79.7
2026-07-19 12:00:00,HELS-012-2,HELS-012,Band 3 (1800MHz),-98.8,-13.2,1.3,35.6,31.5,117.5
2026-07-19 12:00:00,HELS-012-3,HELS-012,Band 3 (1800MHz),-82.8,-10.3,18.5,64.5,28.6,64.4
2026-07-19 12:00:00,HELS-013-1,HELS-013,Band 1 (2100MHz),-88.6,-11.1,16.4,71.7,46.9,62.2
2026-07-19 12:00:00,HELS-013-2,HELS-013,Band 1 (2100MHz),-80.5,-12.8,13.1,54.4,27.6,86.8
2026-07-19 12:00:00,HELS-013-3,HELS-013,Band 1 (2100MHz),-85.2,-12.8,6.8,63.8,38.3,97.9
2026-07-19 12:00:00,HELS-014-1,HELS-014,Band 3 (1800MHz),-85.1,-9.2,9.9,51.0,21.7,87.3
2026-07-19 12:00:00,HELS-014-2,HELS-014,Band 3 (1800MHz),-82.5,-10.0,19.4,51.9,36.7,104.1
2026-07-19 12:00:00,HELS-014-3,HELS-014,Band 3 (1800MHz),-82.5,-10.7,11.6,46.2,31.9,48.0
2026-07-19 13:00:00,HELS-001-1,HELS-001,Band 1 (2100MHz),-76.6,-10.8,14.8,40.9,19.0,104.5
2026-07-19 13:00:00,HELS-001-2,HELS-001,Band 1 (2100MHz),-87.2,-12.4,-4.2,52.7,35.9,141.2
2026-07-19 13:00:00,HELS-001-3,HELS-001,Band 1 (2100MHz),-97.7,-14.6,10.2,86.6,20.3,89.6
2026-07-19 13:00:00,HELS-002-1,HELS-002,Band 3 (1800MHz),-84.1,-13.7,17.3,69.0,29.8,114.0
2026-07-19 13:00:00,HELS-002-2,HELS-002,Band 3 (1800MHz),-85.0,-12.1,11.3,71.2,31.4,71.0
2026-07-19 13:00:00,HELS-002-3,HELS-002,Band 3 (1800MHz),-84.3,-12.1,13.5,62.2,38.9,122.3
2026-07-19 13:00:00,HELS-003-1,HELS-003,Band 1 (2100MHz),-81.8,-10.3,7.5,59.8,24.9,39.6
2026-07-19 13:00:00,HELS-003-2,HELS-003,Band 1 (2100MHz),-77.2,-9.5,15.9,62.3,29.0,90.2
2026-07-19 13:00:00,HELS-003-3,HELS-003,Band 1 (2100MHz),-81.1,-11.0,16.3,46.8,29.8,84.5
2026-07-19 13:00:00,HELS-004-1,HELS-004,Band 3 (1800MHz),-83.7,-10.6,12.6,88.6,41.9,102.0
2026-07-19 13:00:00,HELS-004-2,HELS-004,Band 3 (1800MHz),-78.5,-8.7,15.8,62.8,35.3,90.9
2026-07-19 13:00:00,HELS-004-3,HELS-004,Band 3 (1800MHz),-87.3,-10.7,10.4,53.4,30.1,85.2
2026-07-19 13:00:00,HELS-005-1,HELS-005,Band 1 (2100MHz),-97.2,-13.3,-9.1,54.0,31.3,88.0
2026-07-19 13:00:00,HELS-005-2,HELS-005,Band 1 (2100MHz),-86.4,-13.5,4.4,68.0,14.0,69.0
2026-07-19 13:00:00,HELS-005-3,HELS-005,Band 1 (2100MHz),-88.0,-10.1,13.5,62.2,38.1,103.9
2026-07-19 13:00:00,HELS-006-1,HELS-006,Band 3 (1800MHz),-87.3,-9.8,8.1,67.1,42.4,102.1
2026-07-19 13:00:00,HELS-006-2,HELS-006,Band 3 (1800MHz),-82.4,-11.6,13.7,50.8,32.1,105.9
2026-07-19 13:00:00,HELS-006-3,HELS-006,Band 3 (1800MHz),-85.4,-12.3,20.2,67.2,28.9,131.3
2026-07-19 13:00:00,HELS-007-1,HELS-007,Band 1 (2100MHz),-85.8,-12.3,21.1,84.1,32.5,91.5
2026-07-19 13:00:00,HELS-007-2,HELS-007,Band 1 (2100MHz),-87.7,-9.2,11.5,39.9,34.4,94.4
2026-07-19 13:00:00,HELS-007-3,HELS-007,Band 1 (2100MHz),-84.9,-10.4,10.4,51.1,24.4,84.9
2026-07-19 13:00:00,HELS-008-1,HELS-008,Band 3 (1800MHz),-83.7,-12.1,18.2,71.2,41.5,90.5
2026-07-19 13:00:00,HELS-008-2,HELS-008,Band 3 (1800MHz),-84.1,-12.3,6.0,47.7,16.6,83.5
2026-07-19 13:00:00,HELS-008-3,HELS-008,Band 3 (1800MHz),-92.3,-10.1,17.6,51.5,39.5,95.3
2026-07-19 13:00:00,HELS-009-1,HELS-009,Band 1 (2100MHz),-87.7,-6.1,12.2,54.5,36.2,101.6
2026-07-19 13:00:00,HELS-009-2,HELS-009,Band 1 (2100MHz),-85.8,-8.5,18.8,70.3,36.9,59.4
2026-07-19 13:00:00,HELS-009-3,HELS-009,Band 1 (2100MHz),-81.7,-10.9,14.9,55.8,26.2,101.7
2026-07-19 13:00:00,HELS-010-1,HELS-010,Band 3 (1800MHz),-88.1,-13.4,0.1,60.2,23.5,75.1
2026-07-19 13:00:00,HELS-010-2,HELS-010,Band 3 (1800MHz),-95.0,-10.5,7.5,69.7,17.5,92.7
2026-07-19 13:00:00,HELS-010-3,HELS-010,Band 3 (1800MHz),-80.3,-12.3,17.7,39.9,29.9,87.4
2026-07-19 13:00:00,HELS-011-1,HELS-011,Band 1 (2100MHz),-80.6,-12.9,14.4,76.4,45.2,53.6
2026-07-19 13:00:00,HELS-011-2,HELS-011,Band 1 (2100MHz),-78.0,-7.1,11.0,53.1,29.1,89.3
2026-07-19 13:00:00,HELS-011-3,HELS-011,Band 1 (2100MHz),-77.9,-10.7,8.0,39.5,35.3,46.6
2026-07-19 13:00:00,HELS-012-1,HELS-012,Band 3 (1800MHz),-90.6,-9.4,12.1,71.7,20.1,93.5
2026-07-19 13:00:00,HELS-012-2,HELS-012,Band 3 (1800MHz),-98.0,-16.4,1.5,74.2,29.2,100.9
2026-07-19 13:00:00,HELS-012-3,HELS-012,Band 3 (1800MHz),-87.6,-12.3,20.0,74.5,40.5,145.8
2026-07-19 13:00:00,HELS-013-1,HELS-013,Band 1 (2100MHz),-81.0,-9.1,0.3,83.5,53.2,95.0
2026-07-19 13:00:00,HELS-013-2,HELS-013,Band 1 (2100MHz),-76.9,-11.5,16.9,56.8,33.3,123.3
2026-07-19 13:00:00,HELS-013-3,HELS-013,Band 1 (2100MHz),-79.1,-9.9,6.2,58.0,46.4,113.8
2026-07-19 13:00:00,HELS-014-1,HELS-014,Band 3 (1800MHz),-87.6,-13.4,12.2,55.9,28.3,40.5
2026-07-19 13:00:00,HELS-014-2,HELS-014,Band 3 (1800MHz),-81.1,-10.6,5.5,43.5,43.8,94.2
2026-07-19 13:00:00,HELS-014-3,HELS-014,Band 3 (1800MHz),-84.8,-9.7,13.6,76.0,27.0,92.0
2026-07-19 14:00:00,HELS-001-1,HELS-001,Band 1 (2100MHz),-83.3,-11.1,17.7,58.5,32.7,133.1
2026-07-19 14:00:00,HELS-001-2,HELS-001,Band 1 (2100MHz),-88.8,-14.3,7.0,48.4,27.3,142.6
2026-07-19 14:00:00,HELS-001-3,HELS-001,Band 1 (2100MHz),-99.7,-12.5,12.6,63.9,15.8,120.5
2026-07-19 14:00:00,HELS-002-1,HELS-002,Band 3 (1800MHz),-92.8,-7.5,14.9,65.5,39.3,95.4
2026-07-19 14:00:00,HELS-002-2,HELS-002,Band 3 (1800MHz),-83.7,-12.1,21.8,56.7,35.5,88.5
2026-07-19 14:00:00,HELS-002-3,HELS-002,Band 3 (1800MHz),-80.9,-12.5,7.0,53.4,11.0,139.6
2026-07-19 14:00:00,HELS-003-1,HELS-003,Band 1 (2100MHz),-80.7,-7.6,16.6,43.7,31.2,106.5
2026-07-19 14:00:00,HELS-003-2,HELS-003,Band 1 (2100MHz),-76.0,-10.2,22.3,45.7,19.3,100.3
2026-07-19 14:00:00,HELS-003-3,HELS-003,Band 1 (2100MHz),-84.3,-9.7,14.4,51.5,34.1,120.4
2026-07-19 14:00:00,HELS-004-1,HELS-004,Band 3 (1800MHz),-86.2,-8.1,4.9,55.6,35.9,105.4
2026-07-19 14:00:00,HELS-004-2,HELS-004,Band 3 (1800MHz),-90.3,-9.6,16.2,61.4,29.0,71.9
2026-07-19 14:00:00,HELS-004-3,HELS-004,Band 3 (1800MHz),-85.3,-10.5,14.9,43.6,53.5,94.3
2026-07-19 14:00:00,HELS-005-1,HELS-005,Band 1 (2100MHz),-95.8,-10.9,-5.1,45.4,30.5,99.8
2026-07-19 14:00:00,HELS-005-2,HELS-005,Band 1 (2100MHz),-89.8,-7.7,11.3,76.1,40.3,106.4
2026-07-19 14:00:00,HELS-005-3,HELS-005,Band 1 (2100MHz),-89.5,-4.7,16.9,54.0,27.1,142.2
2026-07-19 14:00:00,HELS-006-1,HELS-006,Band 3 (1800MHz),-86.1,-10.7,19.5,39.2,42.6,78.3
2026-07-19 14:00:00,HELS-006-2,HELS-006,Band 3 (1800MHz),-88.0,-10.6,9.6,37.8,20.7,84.2
2026-07-19 14:00:00,HELS-006-3,HELS-006,Band 3 (1800MHz),-79.9,-9.7,18.4,49.9,33.5,85.4
2026-07-19 14:00:00,HELS-007-1,HELS-007,Band 1 (2100MHz),-84.7,-11.9,21.2,64.0,23.5,115.7
2026-07-19 14:00:00,HELS-007-2,HELS-007,Band 1 (2100MHz),-78.4,-11.9,11.0,56.5,37.1,107.1
2026-07-19 14:00:00,HELS-007-3,HELS-007,Band 1 (2100MHz),-85.9,-12.2,22.8,59.0,42.9,97.3
2026-07-19 14:00:00,HELS-008-1,HELS-008,Band 3 (1800MHz),-86.1,-8.1,21.0,37.0,36.0,73.6
2026-07-19 14:00:00,HELS-008-2,HELS-008,Band 3 (1800MHz),-79.6,-9.6,13.0,59.5,39.2,93.7
2026-07-19 14:00:00,HELS-008-3,HELS-008,Band 3 (1800MHz),-89.1,-11.3,19.2,65.6,27.4,125.3
2026-07-19 14:00:00,HELS-009-1,HELS-009,Band 1 (2100MHz),-86.8,-9.8,12.5,81.1,26.5,105.2
2026-07-19 14:00:00,HELS-009-2,HELS-009,Band 1 (2100MHz),-82.8,-8.9,20.0,65.6,41.3,103.0
2026-07-19 14:00:00,HELS-009-3,HELS-009,Band 1 (2100MHz),-88.0,-12.0,13.2,49.5,30.6,94.3
2026-07-19 14:00:00,HELS-010-1,HELS-010,Band 3 (1800MHz),-84.4,-9.7,14.6,44.3,35.4,99.6
2026-07-19 14:00:00,HELS-010-2,HELS-010,Band 3 (1800MHz),-82.0,-10.3,15.7,54.1,11.8,88.3
2026-07-19 14:00:00,HELS-010-3,HELS-010,Band 3 (1800MHz),-80.0,-11.9,6.4,63.0,26.9,99.2
2026-07-19 14:00:00,HELS-011-1,HELS-011,Band 1 (2100MHz),-84.6,-11.4,7.4,56.0,27.0,117.1
2026-07-19 14:00:00,HELS-011-2,HELS-011,Band 1 (2100MHz),-81.3,-12.6,13.1,58.7,40.1,89.1
2026-07-19 14:00:00,HELS-011-3,HELS-011,Band 1 (2100MHz),-86.1,-9.8,12.8,62.6,41.7,122.3
2026-07-19 14:00:00,HELS-012-1,HELS-012,Band 3 (1800MHz),-83.7,-12.3,17.6,51.0,25.8,84.2
2026-07-19 14:00:00,HELS-012-2,HELS-012,Band 3 (1800MHz),-96.3,-13.0,6.1,44.5,36.9,114.2
2026-07-19 14:00:00,HELS-012-3,HELS-012,Band 3 (1800MHz),-87.8,-10.9,13.2,63.8,29.6,66.2
2026-07-19 14:00:00,HELS-013-1,HELS-013,Band 1 (2100MHz),-85.0,-12.0,8.0,44.6,12.6,115.4
2026-07-19 14:00:00,HELS-013-2,HELS-013,Band 1 (2100MHz),-85.7,-9.6,17.6,67.5,27.8,106.0
2026-07-19 14:00:00,HELS-013-3,HELS-013,Band 1 (2100MHz),-87.1,-10.2,15.6,80.8,35.2,95.6
2026-07-19 14:00:00,HELS-014-1,HELS-014,Band 3 (1800MHz),-79.5,-9.3,17.7,42.9,41.0,72.4
2026-07-19 14:00:00,HELS-014-2,HELS-014,Band 3 (1800MHz),-81.6,-9.3,8.6,50.5,23.0,91.6
2026-07-19 14:00:00,HELS-014-3,HELS-014,Band 3 (1800MHz),-88.2,-8.3,13.5,67.3,30.2,126.6
2026-07-19 15:00:00,HELS-001-1,HELS-001,Band 1 (2100MHz),-90.0,-6.1,19.4,30.6,0.0,19.7
2026-07-19 15:00:00,HELS-001-2,HELS-001,Band 1 (2100MHz),-95.7,-10.4,10.3,36.6,6.4,36.9
2026-07-19 15:00:00,HELS-001-3,HELS-001,Band 1 (2100MHz),-100.8,-10.9,3.0,25.3,13.6,20.2
2026-07-19 15:00:00,HELS-002-1,HELS-002,Band 3 (1800MHz),-82.1,-9.9,6.4,30.2,6.8,33.4
2026-07-19 15:00:00,HELS-002-2,HELS-002,Band 3 (1800MHz),-77.3,-11.0,11.5,16.0,7.1,28.8
2026-07-19 15:00:00,HELS-002-3,HELS-002,Band 3 (1800MHz),-85.6,-8.9,22.7,23.8,21.1,3.2
2026-07-19 15:00:00,HELS-003-1,HELS-003,Band 1 (2100MHz),-89.8,-5.8,12.1,31.9,26.3,40.0
2026-07-19 15:00:00,HELS-003-2,HELS-003,Band 1 (2100MHz),-81.5,-13.4,11.7,10.7,1.2,48.7
2026-07-19 15:00:00,HELS-003-3,HELS-003,Band 1 (2100MHz),-87.6,-6.5,12.5,34.1,16.2,41.6
2026-07-19 15:00:00,HELS-004-1,HELS-004,Band 3 (1800MHz),-81.4,-7.5,15.4,0.0,13.5,19.1
2026-07-19 15:00:00,HELS-004-2,HELS-004,Band 3 (1800MHz),-88.8,-9.9,17.3,10.1,14.8,17.2
2026-07-19 15:00:00,HELS-004-3,HELS-004,Band 3 (1800MHz),-84.1,-6.7,18.1,16.5,7.0,6.8
2026-07-19 15:00:00,HELS-005-1,HELS-005,Band 1 (2100MHz),-103.0,-15.4,8.4,6.2,0.9,23.4
2026-07-19 15:00:00,HELS-005-2,HELS-005,Band 1 (2100MHz),-77.8,-7.9,17.0,19.9,8.8,38.0
2026-07-19 15:00:00,HELS-005-3,HELS-005,Band 1 (2100MHz),-83.8,-8.3,4.9,17.5,11.3,30.6
2026-07-19 15:00:00,HELS-006-1,HELS-006,Band 3 (1800MHz),-86.4,-7.7,5.1,22.8,0.0,20.3
2026-07-19 15:00:00,HELS-006-2,HELS-006,Band 3 (1800MHz),-88.2,-6.5,12.0,29.2,3.5,34.3
2026-07-19 15:00:00,HELS-006-3,HELS-006,Band 3 (1800MHz),-82.7,-7.7,17.0,27.6,2.2,43.9
2026-07-19 15:00:00,HELS-007-1,HELS-007,Band 1 (2100MHz),-82.0,-8.0,11.3,14.7,22.0,24.2
2026-07-19 15:00:00,HELS-007-2,HELS-007,Band 1 (2100MHz),-84.3,-3.8,7.1,11.4,11.8,58.2
2026-07-19 15:00:00,HELS-007-3,HELS-007,Band 1 (2100MHz),-83.3,-8.3,18.1,15.5,10.7,34.7
2026-07-19 15:00:00,HELS-008-1,HELS-008,Band 3 (1800MHz),-79.0,-8.7,10.5,8.2,0.0,78.0
2026-07-19 15:00:00,HELS-008-2,HELS-008,Band 3 (1800MHz),-85.1,-8.7,5.4,25.6,13.7,25.4
2026-07-19 15:00:00,HELS-008-3,HELS-008,Band 3 (1800MHz),-79.5,-12.7,6.0,25.6,19.0,60.0
2026-07-19 15:00:00,HELS-009-1,HELS-009,Band 1 (2100MHz),-82.0,-9.5,13.3,23.3,14.4,22.4
2026-07-19 15:00:00,HELS-009-2,HELS-009,Band 1 (2100MHz),-87.1,-7.9,12.0,17.0,22.5,9.1
2026-07-19 15:00:00,HELS-009-3,HELS-009,Band 1 (2100MHz),-87.8,-4.5,18.2,36.1,0.0,20.1
2026-07-19 15:00:00,HELS-010-1,HELS-010,Band 3 (1800MHz),-87.7,-4.2,6.4,39.1,6.5,97.9
2026-07-19 15:00:00,HELS-010-2,HELS-010,Band 3 (1800MHz),-83.7,-11.1,19.4,18.3,13.7,22.8
2026-07-19 15:00:00,HELS-010-3,HELS-010,Band 3 (1800MHz),-93.3,-7.7,14.1,7.8,19.9,41.3
2026-07-19 15:00:00,HELS-011-1,HELS-011,Band 1 (2100MHz),-85.8,-8.9,11.1,23.2,11.3,32.4
2026-07-19 15:00:00,HELS-011-2,HELS-011,Band 1 (2100MHz),-78.5,-4.8,12.8,16.3,21.3,36.3
2026-07-19 15:00:00,HELS-011-3,HELS-011,Band 1 (2100MHz),-91.0,-8.5,13.4,41.2,1.4,43.3
2026-07-19 15:00:00,HELS-012-1,HELS-012,Band 3 (1800MHz),-79.7,-9.4,8.6,10.5,16.8,25.8
2026-07-19 15:00:00,HELS-012-2,HELS-012,Band 3 (1800MHz),-88.8,-13.6,7.1,7.5,10.7,16.9
2026-07-19 15:00:00,HELS-012-3,HELS-012,Band 3 (1800MHz),-83.8,-8.9,15.2,24.4,12.2,61.9
2026-07-19 15:00:00,HELS-013-1,HELS-013,Band 1 (2100MHz),-87.5,-9.4,9.3,23.3,3.6,47.2
2026-07-19 15:00:00,HELS-013-2,HELS-013,Band 1 (2100MHz),-86.2,-10.1,17.2,18.3,26.6,6.0
2026-07-19 15:00:00,HELS-013-3,HELS-013,Band 1 (2100MHz),-89.6,-9.2,14.5,23.8,5.2,21.9
2026-07-19 15:00:00,HELS-014-1,HELS-014,Band 3 (1800MHz),-78.4,-6.3,8.4,7.9,11.3,30.2
2026-07-19 15:00:00,HELS-014-2,HELS-014,Band 3 (1800MHz),-81.3,-9.0,4.1,0.0,0.0,23.8
2026-07-19 15:00:00,HELS-014-3,HELS-014,Band 3 (1800MHz),-87.4,-11.9,11.0,6.5,4.4,27.3
2026-07-19 16:00:00,HELS-001-1,HELS-001,Band 1 (2100MHz),-84.8,-10.6,8.2,80.1,58.5,109.8
2026-07-19 16:00:00,HELS-001-2,HELS-001,Band 1 (2100MHz),-95.6,-13.6,3.0,82.5,36.7,123.6
2026-07-19 16:00:00,HELS-001-3,HELS-001,Band 1 (2100MHz),-87.8,-18.1,12.0,70.7,45.6,100.2
2026-07-19 16:00:00,HELS-002-1,HELS-002,Band 3 (1800MHz),-82.1,-10.6,12.6,82.8,49.2,83.7
2026-07-19 16:00:00,HELS-002-2,HELS-002,Band 3 (1800MHz),-81.6,-10.3,12.0,86.9,38.7,168.4
2026-07-19 16:00:00,HELS-002-3,HELS-002,Band 3 (1800MHz),-86.2,-10.3,8.2,60.1,30.5,115.6
2026-07-19 16:00:00,HELS-003-1,HELS-003,Band 1 (2100MHz),-84.0,-14.4,5.3,77.1,55.6,136.3
2026-07-19 16:00:00,HELS-003-2,HELS-003,Band 1 (2100MHz),-92.3,-11.5,11.1,77.8,34.8,111.0
2026-07-19 16:00:00,HELS-003-3,HELS-003,Band 1 (2100MHz),-81.1,-12.0,18.3,81.9,43.4,129.9
2026-07-19 16:00:00,HELS-004-1,HELS-004,Band 3 (1800MHz),-83.1,-12.6,9.1,84.6,36.0,93.4
2026-07-19 16:00:00,HELS-004-2,HELS-004,Band 3 (1800MHz),-85.0,-10.7,16.5,94.0,43.7,122.3
2026-07-19 16:00:00,HELS-004-3,HELS-004,Band 3 (1800MHz),-76.8,-11.4,0.7,92.8,40.1,158.1
2026-07-19 16:00:00,HELS-005-1,HELS-005,Band 1 (2100MHz),-102.3,-12.9,7.6,82.4,47.3,111.3
2026-07-19 16:00:00,HELS-005-2,HELS-005,Band 1 (2100MHz),-82.5,-9.7,12.5,76.2,52.8,128.5
2026-07-19 16:00:00,HELS-005-3,HELS-005,Band 1 (2100MHz),-79.4,-10.6,13.3,93.2,32.4,163.3
2026-07-19 16:00:00,HELS-006-1,HELS-006,Band 3 (1800MHz),-79.5,-12.2,15.0,84.2,45.4,98.6
2026-07-19 16:00:00,HELS-006-2,HELS-006,Band 3 (1800MHz),-83.5,-11.8,14.9,61.9,52.5,122.4
2026-07-19 16:00:00,HELS-006-3,HELS-006,Band 3 (1800MHz),-86.9,-11.4,14.5,73.7,35.6,114.4
2026-07-19 16:00:00,HELS-007-1,HELS-007,Band 1 (2100MHz),-81.9,-12.6,17.2,81.8,28.3,117.4
2026-07-19 16:00:00,HELS-007-2,HELS-007,Band 1 (2100MHz),-85.9,-10.4,25.8,77.2,43.1,142.1
2026-07-19 16:00:00,HELS-007-3,HELS-007,Band 1 (2100MHz),-79.4,-10.3,10.9,75.3,33.8,136.1
2026-07-19 16:00:00,HELS-008-1,HELS-008,Band 3 (1800MHz),-81.4,-13.4,9.1,71.9,39.5,121.2
2026-07-19 16:00:00,HELS-008-2,HELS-008,Band 3 (1800MHz),-85.3,-11.4,11.8,72.9,46.4,127.9
2026-07-19 16:00:00,HELS-008-3,HELS-008,Band 3 (1800MHz),-73.5,-7.6,9.4,83.2,39.4,117.1
2026-07-19 16:00:00,HELS-009-1,HELS-009,Band 1 (2100MHz),-87.3,-8.6,7.0,63.9,41.8,137.6
2026-07-19 16:00:00,HELS-009-2,HELS-009,Band 1 (2100MHz),-85.6,-13.3,22.4,63.9,37.0,151.3
2026-07-19 16:00:00,HELS-009-3,HELS-009,Band 1 (2100MHz),-79.2,-14.6,6.6,76.6,63.9,89.7
2026-07-19 16:00:00,HELS-010-1,HELS-010,Band 3 (1800MHz),-83.0,-11.9,10.6,76.0,47.9,115.4
2026-07-19 16:00:00,HELS-010-2,HELS-010,Band 3 (1800MHz),-84.3,-13.3,9.3,71.3,46.2,178.7
2026-07-19 16:00:00,HELS-010-3,HELS-010,Band 3 (1800MHz),-84.8,-9.9,10.3,61.9,44.2,136.4
2026-07-19 16:00:00,HELS-011-1,HELS-011,Band 1 (2100MHz),-83.6,-14.4,8.5,74.6,51.1,107.8
2026-07-19 16:00:00,HELS-011-2,HELS-011,Band 1 (2100MHz),-80.9,-13.2,10.2,73.8,41.1,149.8
2026-07-19 16:00:00,HELS-011-3,HELS-011,Band 1 (2100MHz),-86.9,-14.1,7.7,75.4,49.3,147.8
2026-07-19 16:00:00,HELS-012-1,HELS-012,Band 3 (1800MHz),-80.3,-12.6,23.1,71.2,42.5,133.6
2026-07-19 16:00:00,HELS-012-2,HELS-012,Band 3 (1800MHz),-93.2,-13.4,0.9,61.2,53.7,116.8
2026-07-19 16:00:00,HELS-012-3,HELS-012,Band 3 (1800MHz),-80.7,-13.7,18.8,94.2,53.0,122.8
2026-07-19 16:00:00,HELS-013-1,HELS-013,Band 1 (2100MHz),-81.1,-10.3,7.0,90.9,35.7,125.6
2026-07-19 16:00:00,HELS-013-2,HELS-013,Band 1 (2100MHz),-84.3,-7.2,15.5,82.4,42.2,95.7
2026-07-19 16:00:00,HELS-013-3,HELS-013,Band 1 (2100MHz),-85.0,-9.2,17.1,73.9,46.6,122.9
2026-07-19 16:00:00,HELS-014-1,HELS-014,Band 3 (1800MHz),-75.3,-9.7,13.3,67.3,58.9,169.4
2026-07-19 16:00:00,HELS-014-2,HELS-014,Band 3 (1800MHz),-84.7,-8.2,19.9,73.1,48.8,130.2
2026-07-19 16:00:00,HELS-014-3,HELS-014,Band 3 (1800MHz),-80.2,-9.3,10.4,60.3,39.2,109.5
2026-07-19 17:00:00,HELS-001-1,HELS-001,Band 1 (2100MHz),-92.0,-15.1,19.2,88.6,59.0,158.0
2026-07-19 17:00:00,HELS-001-2,HELS-001,Band 1 (2100MHz),-109.8,-16.1,9.4,89.7,35.7,105.1
2026-07-19 17:00:00,HELS-001-3,HELS-001,Band 1 (2100MHz),-99.5,-18.1,9.0,88.6,47.8,132.5
2026-07-19 17:00:00,HELS-002-1,HELS-002,Band 3 (1800MHz),-77.0,-15.1,13.7,82.5,42.3,110.5
2026-07-19 17:00:00,HELS-002-2,HELS-002,Band 3 (1800MHz),-84.7,-15.7,9.5,79.4,44.9,134.6
2026-07-19 17:00:00,HELS-002-3,HELS-002,Band 3 (1800MHz),-84.8,-11.9,17.7,100.0,45.2,164.0
2026-07-19 17:00:00,HELS-003-1,HELS-003,Band 1 (2100MHz),-84.8,-10.1,17.6,82.1,54.3,113.7
2026-07-19 17:00:00,HELS-003-2,HELS-003,Band 1 (2100MHz),-87.6,-14.3,19.0,99.6,48.1,117.2
2026-07-19 17:00:00,HELS-003-3,HELS-003,Band 1 (2100MHz),-78.6,-12.9,12.5,82.2,69.5,121.7
2026-07-19 17:00:00,HELS-004-1,HELS-004,Band 3 (1800MHz),-83.5,-12.5,12.7,92.6,43.4,144.9
2026-07-19 17:00:00,HELS-004-2,HELS-004,Band 3 (1800MHz),-82.4,-12.2,5.8,97.8,49.7,138.0
2026-07-19 17:00:00,HELS-004-3,HELS-004,Band 3 (1800MHz),-80.8,-12.0,23.8,97.3,48.1,135.4
2026-07-19 17:00:00,HELS-005-1,HELS-005,Band 1 (2100MHz),-96.8,-21.0,11.8,96.2,51.2,125.5
2026-07-19 17:00:00,HELS-005-2,HELS-005,Band 1 (2100MHz),-80.9,-12.2,7.5,79.0,51.2,131.3
2026-07-19 17:00:00,HELS-005-3,HELS-005,Band 1 (2100MHz),-76.0,-10.2,12.0,84.6,59.8,110.5
2026-07-19 17:00:00,HELS-006-1,HELS-006,Band 3 (1800MHz),-88.9,-14.3,5.6,76.6,55.9,145.3
2026-07-19 17:00:00,HELS-006-2,HELS-006,Band 3 (1800MHz),-89.3,-11.8,15.0,100.0,62.5,148.8
2026-07-19 17:00:00,HELS-006-3,HELS-006,Band 3 (1800MHz),-83.0,-13.6,17.1,91.8,51.2,109.4
2026-07-19 17:00:00,HELS-007-1,HELS-007,Band 1 (2100MHz),-82.0,-10.0,12.2,91.8,44.9,133.0
2026-07-19 17:00:00,HELS-007-2,HELS-007,Band 1 (2100MHz),-87.6,-2.1,13.9,61.9,42.8,179.4
2026-07-19 17:00:00,HELS-007-3,HELS-007,Band 1 (2100MHz),-83.8,-13.1,12.7,68.0,41.3,145.3
2026-07-19 17:00:00,HELS-008-1,HELS-008,Band 3 (1800MHz),-81.9,-13.5,10.7,77.6,44.3,122.0
2026-07-19 17:00:00,HELS-008-2,HELS-008,Band 3 (1800MHz),-85.1,-11.4,15.1,78.8,38.4,138.8
2026-07-19 17:00:00,HELS-008-3,HELS-008,Band 3 (1800MHz),-88.7,-14.7,16.7,77.6,44.5,138.9
2026-07-19 17:00:00,HELS-009-1,HELS-009,Band 1 (2100MHz),-89.1,-11.8,14.6,67.2,44.3,129.3
2026-07-19 17:00:00,HELS-009-2,HELS-009,Band 1 (2100MHz),-89.8,-11.7,4.4,76.9,52.5,146.6
2026-07-19 17:00:00,HELS-009-3,HELS-009,Band 1 (2100MHz),-80.2,-12.7,11.5,91.8,61.8,124.3
2026-07-19 17:00:00,HELS-010-1,HELS-010,Band 3 (1800MHz),-80.6,-12.7,11.1,100.0,54.0,134.8
2026-07-19 17:00:00,HELS-010-2,HELS-010,Band 3 (1800MHz),-80.6,-12.6,20.4,82.1,40.5,105.6
2026-07-19 17:00:00,HELS-010-3,HELS-010,Band 3 (1800MHz),-81.1,-10.6,11.0,78.3,54.6,120.3
2026-07-19 17:00:00,HELS-011-1,HELS-011,Band 1 (2100MHz),-77.0,-12.1,13.4,80.5,62.3,155.2
2026-07-19 17:00:00,HELS-011-2,HELS-011,Band 1 (2100MHz),-81.9,-10.1,19.3,80.6,37.5,144.4
2026-07-19 17:00:00,HELS-011-3,HELS-011,Band 1 (2100MHz),-80.9,-11.7,16.9,75.2,54.5,168.7
2026-07-19 17:00:00,HELS-012-1,HELS-012,Band 3 (1800MHz),-78.0,-13.8,2.3,86.3,52.3,145.9
2026-07-19 17:00:00,HELS-012-2,HELS-012,Band 3 (1800MHz),-94.3,-15.3,1.5,89.9,44.6,113.7
2026-07-19 17:00:00,HELS-012-3,HELS-012,Band 3 (1800MHz),-85.4,-14.1,14.6,86.6,40.1,107.7
2026-07-19 17:00:00,HELS-013-1,HELS-013,Band 1 (2100MHz),-93.0,-13.3,9.8,92.6,39.8,125.8
2026-07-19 17:00:00,HELS-013-2,HELS-013,Band 1 (2100MHz),-86.6,-11.6,8.8,72.9,65.2,132.0
2026-07-19 17:00:00,HELS-013-3,HELS-013,Band 1 (2100MHz),-86.8,-11.7,19.9,88.2,44.1,111.3
2026-07-19 17:00:00,HELS-014-1,HELS-014,Band 3 (1800MHz),-81.7,-8.8,9.0,98.8,52.9,137.4
2026-07-19 17:00:00,HELS-014-2,HELS-014,Band 3 (1800MHz),-81.1,-10.2,6.3,55.8,40.4,103.4
2026-07-19 17:00:00,HELS-014-3,HELS-014,Band 3 (1800MHz),-89.3,-12.3,1.0,100.0,40.2,142.9
2026-07-19 18:00:00,HELS-001-1,HELS-001,Band 1 (2100MHz),-88.8,-8.0,16.4,84.0,48.4,151.0
2026-07-19 18:00:00,HELS-001-2,HELS-001,Band 1 (2100MHz),-96.8,-19.6,2.5,90.0,46.9,175.8
2026-07-19 18:00:00,HELS-001-3,HELS-001,Band 1 (2100MHz),-96.7,-15.8,-1.3,76.3,54.8,160.4
2026-07-19 18:00:00,HELS-002-1,HELS-002,Band 3 (1800MHz),-81.5,-14.0,6.6,80.6,61.1,155.7
2026-07-19 18:00:00,HELS-002-2,HELS-002,Band 3 (1800MHz),-85.7,-6.4,12.6,85.0,46.6,160.2
2026-07-19 18:00:00,HELS-002-3,HELS-002,Band 3 (1800MHz),-84.7,-14.0,11.7,84.6,46.9,122.9
2026-07-19 18:00:00,HELS-003-1,HELS-003,Band 1 (2100MHz),-83.2,-10.6,8.6,95.2,48.5,155.3
2026-07-19 18:00:00,HELS-003-2,HELS-003,Band 1 (2100MHz),-87.2,-15.8,13.4,84.1,48.0,136.8
2026-07-19 18:00:00,HELS-003-3,HELS-003,Band 1 (2100MHz),-86.7,-13.6,10.9,64.5,56.8,189.7
2026-07-19 18:00:00,HELS-004-1,HELS-004,Band 3 (1800MHz),-90.5,-15.8,9.4,89.2,51.8,165.3
2026-07-19 18:00:00,HELS-004-2,HELS-004,Band 3 (1800MHz),-83.7,-11.9,7.3,80.8,34.7,162.9
2026-07-19 18:00:00,HELS-004-3,HELS-004,Band 3 (1800MHz),-88.5,-12.9,14.1,79.3,55.6,132.2
2026-07-19 18:00:00,HELS-005-1,HELS-005,Band 1 (2100MHz),-93.8,-13.5,6.2,93.4,50.6,134.1
2026-07-19 18:00:00,HELS-005-2,HELS-005,Band 1 (2100MHz),-84.1,-9.5,13.0,79.4,76.8,212.7
2026-07-19 18:00:00,HELS-005-3,HELS-005,Band 1 (2100MHz),-80.6,-10.9,5.4,80.6,54.8,130.2
2026-07-19 18:00:00,HELS-006-1,HELS-006,Band 3 (1800MHz),-81.9,-14.4,8.1,87.6,60.1,141.0
2026-07-19 18:00:00,HELS-006-2,HELS-006,Band 3 (1800MHz),-86.2,-8.9,15.6,81.4,52.1,150.7
2026-07-19 18:00:00,HELS-006-3,HELS-006,Band 3 (1800MHz),-81.4,-10.4,11.5,97.0,36.6,149.4
2026-07-19 18:00:00,HELS-007-1,HELS-007,Band 1 (2100MHz),-80.5,-12.6,-0.4,86.2,61.5,126.0
2026-07-19 18:00:00,HELS-007-2,HELS-007,Band 1 (2100MHz),-88.6,-14.9,13.0,75.4,52.6,103.2
2026-07-19 18:00:00,HELS-007-3,HELS-007,Band 1 (2100MHz),-80.5,-14.5,25.5,73.5,37.9,142.1
2026-07-19 18:00:00,HELS-008-1,HELS-008,Band 3 (1800MHz),-90.1,-9.0,23.4,96.2,48.2,161.9
2026-07-19 18:00:00,HELS-008-2,HELS-008,Band 3 (1800MHz),-82.3,-14.8,9.5,74.7,43.0,124.3
2026-07-19 18:00:00,HELS-008-3,HELS-008,Band 3 (1800MHz),-80.6,-11.9,11.4,92.1,53.5,160.4
2026-07-19 18:00:00,HELS-009-1,HELS-009,Band 1 (2100MHz),-87.3,-12.3,13.4,94.3,59.8,126.1
2026-07-19 18:00:00,HELS-009-2,HELS-009,Band 1 (2100MHz),-79.5,-12.1,3.1,83.8,58.1,175.7
2026-07-19 18:00:00,HELS-009-3,HELS-009,Band 1 (2100MHz),-89.2,-10.3,3.8,70.3,46.7,118.5
2026-07-19 18:00:00,HELS-010-1,HELS-010,Band 3 (1800MHz),-77.5,-10.1,15.4,88.8,42.8,157.3
2026-07-19 18:00:00,HELS-010-2,HELS-010,Band 3 (1800MHz),-81.1,-12.4,22.3,100.0,47.9,167.0
2026-07-19 18:00:00,HELS-010-3,HELS-010,Band 3 (1800MHz),-87.1,-11.1,10.2,87.9,49.0,187.3
2026-07-19 18:00:00,HELS-011-1,HELS-011,Band 1 (2100MHz),-89.3,-11.3,13.1,89.3,65.2,132.0
2026-07-19 18:00:00,HELS-011-2,HELS-011,Band 1 (2100MHz),-91.2,-12.4,19.8,92.3,68.5,136.8
2026-07-19 18:00:00,HELS-011-3,HELS-011,Band 1 (2100MHz),-85.6,-13.2,12.5,77.9,56.8,144.6
2026-07-19 18:00:00,HELS-012-1,HELS-012,Band 3 (1800MHz),-83.2,-15.0,17.0,100.0,50.4,127.0
2026-07-19 18:00:00,HELS-012-2,HELS-012,Band 3 (1800MHz),-89.2,-17.5,4.9,87.6,40.8,148.7
2026-07-19 18:00:00,HELS-012-3,HELS-012,Band 3 (1800MHz),-88.1,-12.2,16.8,78.4,52.6,143.5
2026-07-19 18:00:00,HELS-013-1,HELS-013,Band 1 (2100MHz),-89.8,-10.4,12.1,90.3,75.9,156.6
2026-07-19 18:00:00,HELS-013-2,HELS-013,Band 1 (2100MHz),-89.0,-14.3,13.4,100.0,58.9,147.8
2026-07-19 18:00:00,HELS-013-3,HELS-013,Band 1 (2100MHz),-93.3,-9.0,13.1,75.1,55.2,130.8
2026-07-19 18:00:00,HELS-014-1,HELS-014,Band 3 (1800MHz),-86.0,-12.3,6.2,100.0,66.4,144.6
2026-07-19 18:00:00,HELS-014-2,HELS-014,Band 3 (1800MHz),-82.2,-9.0,1.8,71.8,41.2,108.9
2026-07-19 18:00:00,HELS-014-3,HELS-014,Band 3 (1800MHz),-86.0,-8.6,11.8,83.5,35.7,164.3
2026-07-19 19:00:00,HELS-001-1,HELS-001,Band 1 (2100MHz),-82.0,-10.8,16.7,97.7,31.0,102.9
2026-07-19 19:00:00,HELS-001-2,HELS-001,Band 1 (2100MHz),-102.9,-18.6,3.6,66.5,47.4,139.1
2026-07-19 19:00:00,HELS-001-3,HELS-001,Band 1 (2100MHz),-96.8,-18.7,4.7,96.6,56.4,140.5
2026-07-19 19:00:00,HELS-002-1,HELS-002,Band 3 (1800MHz),-84.4,-12.1,15.9,90.1,60.1,150.1
2026-07-19 19:00:00,HELS-002-2,HELS-002,Band 3 (1800MHz),-86.2,-12.6,5.8,88.5,38.1,149.0
2026-07-19 19:00:00,HELS-002-3,HELS-002,Band 3 (1800MHz),-89.2,-11.8,9.3,88.6,56.9,129.3
2026-07-19 19:00:00,HELS-003-1,HELS-003,Band 1 (2100MHz),-81.2,-10.6,16.5,99.3,49.8,165.1
2026-07-19 19:00:00,HELS-003-2,HELS-003,Band 1 (2100MHz),-86.6,-9.5,12.4,93.5,37.1,116.7
2026-07-19 19:00:00,HELS-003-3,HELS-003,Band 1 (2100MHz),-87.4,-11.3,17.2,87.5,48.8,136.4
2026-07-19 19:00:00,HELS-004-1,HELS-004,Band 3 (1800MHz),-87.9,-10.1,16.3,79.8,43.8,131.5
2026-07-19 19:00:00,HELS-004-2,HELS-004,Band 3 (1800MHz),-79.2,-10.0,10.0,86.0,44.8,137.6
2026-07-19 19:00:00,HELS-004-3,HELS-004,Band 3 (1800MHz),-78.6,-12.0,11.0,67.1,48.0,96.4
2026-07-19 19:00:00,HELS-005-1,HELS-005,Band 1 (2100MHz),-94.7,-16.8,7.1,66.1,49.8,146.3
2026-07-19 19:00:00,HELS-005-2,HELS-005,Band 1 (2100MHz),-85.5,-14.7,14.5,91.3,36.3,165.4
2026-07-19 19:00:00,HELS-005-3,HELS-005,Band 1 (2100MHz),-85.9,-10.3,14.8,98.3,55.1,118.2
2026-07-19 19:00:00,HELS-006-1,HELS-006,Band 3 (1800MHz),-83.3,-10.2,20.1,78.1,53.0,98.0
2026-07-19 19:00:00,HELS-006-2,HELS-006,Band 3 (1800MHz),-89.6,-11.7,11.4,97.9,25.9,102.4
2026-07-19 19:00:00,HELS-006-3,HELS-006,Band 3 (1800MHz),-88.3,-9.8,14.6,66.2,43.2,147.5
2026-07-19 19:00:00,HELS-007-1,HELS-007,Band 1 (2100MHz),-94.5,-6.9,19.2,68.7,52.9,113.9
2026-07-19 19:00:00,HELS-007-2,HELS-007,Band 1 (2100MHz),-75.7,-11.0,19.4,68.8,43.4,132.3
2026-07-19 19:00:00,HELS-007-3,HELS-007,Band 1 (2100MHz),-80.8,-9.7,7.9,88.1,41.8,154.7
2026-07-19 19:00:00,HELS-008-1,HELS-008,Band 3 (1800MHz),-86.0,-13.1,12.8,81.1,45.7,132.5
2026-07-19 19:00:00,HELS-008-2,HELS-008,Band 3 (1800MHz),-84.8,-13.4,16.1,96.6,55.0,133.9
2026-07-19 19:00:00,HELS-008-3,HELS-008,Band 3 (1800MHz),-89.3,-10.4,6.4,84.8,52.7,127.4
2026-07-19 19:00:00,HELS-009-1,HELS-009,Band 1 (2100MHz),-79.2,-12.9,12.5,79.3,55.5,154.0
2026-07-19 19:00:00,HELS-009-2,HELS-009,Band 1 (2100MHz),-90.9,-10.3,13.1,62.0,47.3,130.3
2026-07-19 19:00:00,HELS-009-3,HELS-009,Band 1 (2100MHz),-74.3,-13.6,11.5,90.2,39.6,149.1
2026-07-19 19:00:00,HELS-010-1,HELS-010,Band 3 (1800MHz),-87.7,-13.3,8.6,80.5,48.5,135.1
2026-07-19 19:00:00,HELS-010-2,HELS-010,Band 3 (1800MHz),-91.1,-9.3,8.3,87.9,47.4,139.8
2026-07-19 19:00:00,HELS-010-3,HELS-010,Band 3 (1800MHz),-82.9,-12.0,18.4,83.7,60.4,153.6
2026-07-19 19:00:00,HELS-011-1,HELS-011,Band 1 (2100MHz),-82.0,-10.2,3.7,70.8,60.8,181.2
2026-07-19 19:00:00,HELS-011-2,HELS-011,Band 1 (2100MHz),-86.2,-10.6,10.2,84.3,60.3,146.2
2026-07-19 19:00:00,HELS-011-3,HELS-011,Band 1 (2100MHz),-83.0,-13.2,11.1,100.0,48.0,96.9
2026-07-19 19:00:00,HELS-012-1,HELS-012,Band 3 (1800MHz),-80.5,-9.8,12.2,85.7,41.5,146.1
2026-07-19 19:00:00,HELS-012-2,HELS-012,Band 3 (1800MHz),-97.7,-12.6,2.6,71.0,46.5,149.2
2026-07-19 19:00:00,HELS-012-3,HELS-012,Band 3 (1800MHz),-86.7,-13.2,17.8,85.9,69.1,137.5
2026-07-19 19:00:00,HELS-013-1,HELS-013,Band 1 (2100MHz),-80.7,-14.1,11.9,82.4,44.2,156.6
2026-07-19 19:00:00,HELS-013-2,HELS-013,Band 1 (2100MHz),-88.1,-11.0,12.4,80.1,56.5,175.0
2026-07-19 19:00:00,HELS-013-3,HELS-013,Band 1 (2100MHz),-77.1,-9.9,10.8,68.8,39.8,120.7
2026-07-19 19:00:00,HELS-014-1,HELS-014,Band 3 (1800MHz),-78.8,-10.8,1.7,81.9,48.6,153.6
2026-07-19 19:00:00,HELS-014-2,HELS-014,Band 3 (1800MHz),-89.1,-9.0,3.3,100.0,47.3,118.1
2026-07-19 19:00:00,HELS-014-3,HELS-014,Band 3 (1800MHz),-85.5,-10.5,4.2,81.0,33.9,144.5
2026-07-19 20:00:00,HELS-001-1,HELS-001,Band 1 (2100MHz),-84.9,-11.4,9.0,74.7,47.2,128.1
2026-07-19 20:00:00,HELS-001-2,HELS-001,Band 1 (2100MHz),-97.4,-18.2,-0.1,77.6,52.0,139.3
2026-07-19 20:00:00,HELS-001-3,HELS-001,Band 1 (2100MHz),-98.9,-16.3,3.1,59.9,46.3,141.3
2026-07-19 20:00:00,HELS-002-1,HELS-002,Band 3 (1800MHz),-84.4,-11.2,16.3,71.9,42.1,126.8
2026-07-19 20:00:00,HELS-002-2,HELS-002,Band 3 (1800MHz),-83.1,-11.8,16.8,78.8,61.3,116.3
2026-07-19 20:00:00,HELS-002-3,HELS-002,Band 3 (1800MHz),-86.6,-12.6,6.5,75.9,48.0,147.7
2026-07-19 20:00:00,HELS-003-1,HELS-003,Band 1 (2100MHz),-86.6,-7.7,9.4,75.1,28.0,114.4
2026-07-19 20:00:00,HELS-003-2,HELS-003,Band 1 (2100MHz),-77.9,-12.8,13.7,75.0,46.6,141.8
2026-07-19 20:00:00,HELS-003-3,HELS-003,Band 1 (2100MHz),-85.6,-11.6,9.6,79.0,38.4,94.3
2026-07-19 20:00:00,HELS-004-1,HELS-004,Band 3 (1800MHz),-81.0,-10.3,6.2,75.1,23.1,161.5
2026-07-19 20:00:00,HELS-004-2,HELS-004,Band 3 (1800MHz),-86.3,-13.3,8.8,92.9,48.4,132.7
2026-07-19 20:00:00,HELS-004-3,HELS-004,Band 3 (1800MHz),-84.4,-13.4,10.3,86.5,39.2,147.2
2026-07-19 20:00:00,HELS-005-1,HELS-005,Band 1 (2100MHz),-99.1,-15.2,7.8,76.8,51.0,85.1
2026-07-19 20:00:00,HELS-005-2,HELS-005,Band 1 (2100MHz),-79.3,-13.0,5.0,74.4,49.5,141.3
2026-07-19 20:00:00,HELS-005-3,HELS-005,Band 1 (2100MHz),-81.3,-11.3,18.8,79.7,39.1,94.7
2026-07-19 20:00:00,HELS-006-1,HELS-006,Band 3 (1800MHz),-82.3,-11.3,16.4,63.7,46.6,94.1
2026-07-19 20:00:00,HELS-006-2,HELS-006,Band 3 (1800MHz),-80.0,-8.0,15.6,77.7,34.9,129.6
2026-07-19 20:00:00,HELS-006-3,HELS-006,Band 3 (1800MHz),-76.8,-13.3,15.6,92.9,59.5,112.3
2026-07-19 20:00:00,HELS-007-1,HELS-007,Band 1 (2100MHz),-79.0,-11.6,16.1,77.0,52.2,101.1
2026-07-19 20:00:00,HELS-007-2,HELS-007,Band 1 (2100MHz),-86.9,-12.4,13.5,79.3,50.6,75.7
2026-07-19 20:00:00,HELS-007-3,HELS-007,Band 1 (2100MHz),-84.9,-11.5,22.8,88.5,36.9,150.4
2026-07-19 20:00:00,HELS-008-1,HELS-008,Band 3 (1800MHz),-86.2,-10.8,15.7,74.1,45.0,94.6
2026-07-19 20:00:00,HELS-008-2,HELS-008,Band 3 (1800MHz),-91.0,-13.4,11.2,65.7,54.2,83.9
2026-07-19 20:00:00,HELS-008-3,HELS-008,Band 3 (1800MHz),-78.2,-12.1,13.3,79.6,42.4,108.3
2026-07-19 20:00:00,HELS-009-1,HELS-009,Band 1 (2100MHz),-89.0,-11.3,7.8,57.6,40.4,113.7
2026-07-19 20:00:00,HELS-009-2,HELS-009,Band 1 (2100MHz),-84.1,-13.2,11.1,64.6,52.8,116.7
2026-07-19 20:00:00,HELS-009-3,HELS-009,Band 1 (2100MHz),-81.4,-14.2,15.2,63.6,37.3,106.6
2026-07-19 20:00:00,HELS-010-1,HELS-010,Band 3 (1800MHz),-78.7,-7.6,11.1,76.9,36.0,115.7
2026-07-19 20:00:00,HELS-010-2,HELS-010,Band 3 (1800MHz),-90.2,-12.7,21.7,85.0,36.7,86.4
2026-07-19 20:00:00,HELS-010-3,HELS-010,Band 3 (1800MHz),-80.8,-12.9,7.6,85.4,47.1,123.1
2026-07-19 20:00:00,HELS-011-1,HELS-011,Band 1 (2100MHz),-81.2,-15.6,22.8,86.1,44.5,119.4
2026-07-19 20:00:00,HELS-011-2,HELS-011,Band 1 (2100MHz),-85.8,-9.8,16.6,73.0,39.0,131.2
2026-07-19 20:00:00,HELS-011-3,HELS-011,Band 1 (2100MHz),-79.3,-12.5,7.1,82.3,52.4,106.1
2026-07-19 20:00:00,HELS-012-1,HELS-012,Band 3 (1800MHz),-87.6,-12.6,11.6,73.5,44.4,117.0
2026-07-19 20:00:00,HELS-012-2,HELS-012,Band 3 (1800MHz),-87.3,-13.4,14.9,96.8,30.9,155.5
2026-07-19 20:00:00,HELS-012-3,HELS-012,Band 3 (1800MHz),-89.5,-10.2,16.7,66.5,43.5,86.2
2026-07-19 20:00:00,HELS-013-1,HELS-013,Band 1 (2100MHz),-89.0,-8.6,20.4,84.7,47.2,108.4
2026-07-19 20:00:00,HELS-013-2,HELS-013,Band 1 (2100MHz),-87.5,-13.1,11.0,64.5,41.6,168.4
2026-07-19 20:00:00,HELS-013-3,HELS-013,Band 1 (2100MHz),-87.7,-9.4,17.5,75.9,40.3,149.9
2026-07-19 20:00:00,HELS-014-1,HELS-014,Band 3 (1800MHz),-86.0,-15.3,13.2,55.2,49.3,110.7
2026-07-19 20:00:00,HELS-014-2,HELS-014,Band 3 (1800MHz),-83.9,-8.0,12.1,75.3,62.6,119.2
2026-07-19 20:00:00,HELS-014-3,HELS-014,Band 3 (1800MHz),-84.4,-13.7,2.2,73.1,49.6,128.1
2026-07-19 21:00:00,HELS-001-1,HELS-001,Band 1 (2100MHz),-88.5,-9.4,11.4,12.8,17.9,0.0
2026-07-19 21:00:00,HELS-001-2,HELS-001,Band 1 (2100MHz),-97.0,-11.6,2.3,14.5,2.0,71.1
2026-07-19 21:00:00,HELS-001-3,HELS-001,Band 1 (2100MHz),-98.5,-10.6,10.3,13.0,5.6,54.1
2026-07-19 21:00:00,HELS-002-1,HELS-002,Band 3 (1800MHz),-81.7,-8.3,9.3,30.1,10.4,18.1
2026-07-19 21:00:00,HELS-002-2,HELS-002,Band 3 (1800MHz),-78.0,-5.6,10.2,11.7,6.6,45.9
2026-07-19 21:00:00,HELS-002-3,HELS-002,Band 3 (1800MHz),-80.1,-5.1,13.0,13.3,17.7,64.9
2026-07-19 21:00:00,HELS-003-1,HELS-003,Band 1 (2100MHz),-82.0,-9.2,15.8,21.5,0.2,35.2
2026-07-19 21:00:00,HELS-003-2,HELS-003,Band 1 (2100MHz),-82.8,-9.5,13.7,8.5,12.8,58.7
2026-07-19 21:00:00,HELS-003-3,HELS-003,Band 1 (2100MHz),-83.3,-9.5,19.2,32.8,11.0,21.4
2026-07-19 21:00:00,HELS-004-1,HELS-004,Band 3 (1800MHz),-78.4,-7.5,15.1,27.9,7.3,22.6
2026-07-19 21:00:00,HELS-004-2,HELS-004,Band 3 (1800MHz),-84.2,-10.7,14.8,9.1,14.8,45.9
2026-07-19 21:00:00,HELS-004-3,HELS-004,Band 3 (1800MHz),-84.8,-4.8,7.6,17.3,25.2,8.4
2026-07-19 21:00:00,HELS-005-1,HELS-005,Band 1 (2100MHz),-98.8,-15.9,15.6,9.0,22.4,0.0
2026-07-19 21:00:00,HELS-005-2,HELS-005,Band 1 (2100MHz),-85.0,-9.9,14.5,8.0,17.8,43.8
2026-07-19 21:00:00,HELS-005-3,HELS-005,Band 1 (2100MHz),-85.0,-12.0,19.0,30.3,3.0,66.3
2026-07-19 21:00:00,HELS-006-1,HELS-006,Band 3 (1800MHz),-77.8,-10.0,11.8,21.8,5.7,13.4
2026-07-19 21:00:00,HELS-006-2,HELS-006,Band 3 (1800MHz),-88.0,-8.5,15.6,23.4,3.4,48.0
2026-07-19 21:00:00,HELS-006-3,HELS-006,Band 3 (1800MHz),-83.9,-9.1,10.6,2.5,5.3,47.3
2026-07-19 21:00:00,HELS-007-1,HELS-007,Band 1 (2100MHz),-82.0,-8.2,4.1,0.0,12.0,48.1
2026-07-19 21:00:00,HELS-007-2,HELS-007,Band 1 (2100MHz),-88.9,-11.8,8.3,28.9,5.6,50.5
2026-07-19 21:00:00,HELS-007-3,HELS-007,Band 1 (2100MHz),-81.8,-9.8,7.0,17.1,15.5,45.0
2026-07-19 21:00:00,HELS-008-1,HELS-008,Band 3 (1800MHz),-86.3,-9.6,6.1,17.3,0.0,6.3
2026-07-19 21:00:00,HELS-008-2,HELS-008,Band 3 (1800MHz),-82.5,-8.1,23.2,29.8,15.5,67.0
2026-07-19 21:00:00,HELS-008-3,HELS-008,Band 3 (1800MHz),-85.5,-12.5,12.9,18.2,0.0,31.4
2026-07-19 21:00:00,HELS-009-1,HELS-009,Band 1 (2100MHz),-89.8,-9.3,22.2,13.5,11.6,26.1
2026-07-19 21:00:00,HELS-009-2,HELS-009,Band 1 (2100MHz),-82.0,-7.6,9.9,9.9,4.5,60.4
2026-07-19 21:00:00,HELS-009-3,HELS-009,Band 1 (2100MHz),-81.7,-7.5,14.8,13.8,0.0,2.9
2026-07-19 21:00:00,HELS-010-1,HELS-010,Band 3 (1800MHz),-74.7,-7.0,10.5,15.9,13.1,28.9
2026-07-19 21:00:00,HELS-010-2,HELS-010,Band 3 (1800MHz),-82.2,-11.1,17.8,11.1,19.9,8.6
2026-07-19 21:00:00,HELS-010-3,HELS-010,Band 3 (1800MHz),-81.0,-7.2,16.2,40.0,8.2,34.6
2026-07-19 21:00:00,HELS-011-1,HELS-011,Band 1 (2100MHz),-84.8,-10.8,0.8,30.1,12.9,37.0
2026-07-19 21:00:00,HELS-011-2,HELS-011,Band 1 (2100MHz),-82.2,-6.8,9.7,7.1,19.8,23.9
2026-07-19 21:00:00,HELS-011-3,HELS-011,Band 1 (2100MHz),-87.1,-6.5,8.7,24.7,11.5,31.6
2026-07-19 21:00:00,HELS-012-1,HELS-012,Band 3 (1800MHz),-85.1,-4.7,16.9,26.8,12.4,22.5
2026-07-19 21:00:00,HELS-012-2,HELS-012,Band 3 (1800MHz),-96.2,-11.6,-0.6,39.5,0.0,11.3
2026-07-19 21:00:00,HELS-012-3,HELS-012,Band 3 (1800MHz),-87.5,-7.8,14.8,14.9,3.7,79.6
2026-07-19 21:00:00,HELS-013-1,HELS-013,Band 1 (2100MHz),-90.8,-7.8,24.0,28.4,5.1,61.1
2026-07-19 21:00:00,HELS-013-2,HELS-013,Band 1 (2100MHz),-82.3,-9.7,19.4,11.8,0.0,0.0
2026-07-19 21:00:00,HELS-013-3,HELS-013,Band 1 (2100MHz),-83.8,-9.1,14.0,0.9,0.0,33.3
2026-07-19 21:00:00,HELS-014-1,HELS-014,Band 3 (1800MHz),-87.5,-8.8,17.8,32.0,27.0,42.3
2026-07-19 21:00:00,HELS-014-2,HELS-014,Band 3 (1800MHz),-87.5,-9.3,7.3,36.4,9.1,52.9
2026-07-19 21:00:00,HELS-014-3,HELS-014,Band 3 (1800MHz),-79.3,-13.6,17.5,14.7,18.3,2.8
2026-07-19 22:00:00,HELS-001-1,HELS-001,Band 1 (2100MHz),-81.6,-2.8,1.8,21.2,14.6,48.5
2026-07-19 22:00:00,HELS-001-2,HELS-001,Band 1 (2100MHz),-97.9,-8.7,-0.5,0.0,6.1,33.1
2026-07-19 22:00:00,HELS-001-3,HELS-001,Band 1 (2100MHz),-94.6,-10.0,11.4,9.8,0.0,8.8
2026-07-19 22:00:00,HELS-002-1,HELS-002,Band 3 (1800MHz),-85.5,-11.5,8.2,38.8,0.0,0.0
2026-07-19 22:00:00,HELS-002-2,HELS-002,Band 3 (1800MHz),-83.1,-8.4,11.1,16.8,5.3,37.7
2026-07-19 22:00:00,HELS-002-3,HELS-002,Band 3 (1800MHz),-82.9,-8.5,15.1,0.0,0.0,47.5
2026-07-19 22:00:00,HELS-003-1,HELS-003,Band 1 (2100MHz),-84.9,-8.6,11.8,20.8,14.3,19.5
2026-07-19 22:00:00,HELS-003-2,HELS-003,Band 1 (2100MHz),-83.0,-6.9,14.7,29.0,0.0,42.8
2026-07-19 22:00:00,HELS-003-3,HELS-003,Band 1 (2100MHz),-88.3,-7.3,10.9,12.4,0.0,31.5
2026-07-19 22:00:00,HELS-004-1,HELS-004,Band 3 (1800MHz),-81.7,-7.4,21.4,1.8,6.5,3.4
2026-07-19 22:00:00,HELS-004-2,HELS-004,Band 3 (1800MHz),-80.8,-9.0,18.7,21.3,9.0,6.6
2026-07-19 22:00:00,HELS-004-3,HELS-004,Band 3 (1800MHz),-85.5,-6.9,10.3,13.9,0.0,43.9
2026-07-19 22:00:00,HELS-005-1,HELS-005,Band 1 (2100MHz),-97.0,-10.1,6.4,11.6,10.0,9.6
2026-07-19 22:00:00,HELS-005-2,HELS-005,Band 1 (2100MHz),-87.5,-8.9,15.1,14.3,0.0,40.0
2026-07-19 22:00:00,HELS-005-3,HELS-005,Band 1 (2100MHz),-85.1,-8.9,11.6,12.4,5.8,13.2
2026-07-19 22:00:00,HELS-006-1,HELS-006,Band 3 (1800MHz),-79.2,-11.2,22.3,5.9,7.0,12.8
2026-07-19 22:00:00,HELS-006-2,HELS-006,Band 3 (1800MHz),-76.9,-9.3,13.5,12.3,0.0,20.4
2026-07-19 22:00:00,HELS-006-3,HELS-006,Band 3 (1800MHz),-80.9,-9.0,9.3,15.8,2.6,8.8
2026-07-19 22:00:00,HELS-007-1,HELS-007,Band 1 (2100MHz),-92.2,-9.9,5.5,0.0,15.4,0.0
2026-07-19 22:00:00,HELS-007-2,HELS-007,Band 1 (2100MHz),-78.9,-8.9,10.3,0.0,12.9,6.8
2026-07-19 22:00:00,HELS-007-3,HELS-007,Band 1 (2100MHz),-83.3,-8.8,14.9,5.9,0.0,0.0
2026-07-19 22:00:00,HELS-008-1,HELS-008,Band 3 (1800MHz),-83.0,-6.9,13.0,5.8,7.6,11.3
2026-07-19 22:00:00,HELS-008-2,HELS-008,Band 3 (1800MHz),-88.3,-9.0,18.4,13.0,5.4,0.0
2026-07-19 22:00:00,HELS-008-3,HELS-008,Band 3 (1800MHz),-88.3,-8.4,15.0,1.9,13.9,8.2
2026-07-19 22:00:00,HELS-009-1,HELS-009,Band 1 (2100MHz),-85.9,-7.2,13.7,1.1,0.0,29.8
2026-07-19 22:00:00,HELS-009-2,HELS-009,Band 1 (2100MHz),-82.6,-9.3,13.6,0.0,8.1,22.5
2026-07-19 22:00:00,HELS-009-3,HELS-009,Band 1 (2100MHz),-85.5,-8.6,16.4,18.4,15.6,47.2
2026-07-19 22:00:00,HELS-010-1,HELS-010,Band 3 (1800MHz),-85.4,-8.2,10.9,0.0,0.0,25.9
2026-07-19 22:00:00,HELS-010-2,HELS-010,Band 3 (1800MHz),-76.0,-6.5,13.1,17.7,15.2,0.0
2026-07-19 22:00:00,HELS-010-3,HELS-010,Band 3 (1800MHz),-86.2,-3.9,11.1,27.4,2.2,1.8
2026-07-19 22:00:00,HELS-011-1,HELS-011,Band 1 (2100MHz),-81.9,-8.7,12.1,0.0,3.7,0.0
2026-07-19 22:00:00,HELS-011-2,HELS-011,Band 1 (2100MHz),-78.4,-9.2,22.0,13.7,8.0,25.4
2026-07-19 22:00:00,HELS-011-3,HELS-011,Band 1 (2100MHz),-87.2,-9.5,14.3,0.0,19.8,0.5
2026-07-19 22:00:00,HELS-012-1,HELS-012,Band 3 (1800MHz),-78.0,-6.8,11.1,16.7,0.0,28.7
2026-07-19 22:00:00,HELS-012-2,HELS-012,Band 3 (1800MHz),-104.8,-12.4,7.4,20.3,0.0,23.0
2026-07-19 22:00:00,HELS-012-3,HELS-012,Band 3 (1800MHz),-94.7,-7.4,7.6,7.6,16.5,21.3
2026-07-19 22:00:00,HELS-013-1,HELS-013,Band 1 (2100MHz),-84.5,-7.3,5.5,29.1,2.7,23.8
2026-07-19 22:00:00,HELS-013-2,HELS-013,Band 1 (2100MHz),-87.0,-8.0,12.3,4.2,13.5,26.8
2026-07-19 22:00:00,HELS-013-3,HELS-013,Band 1 (2100MHz),-88.6,-10.4,6.7,0.0,13.0,0.0
2026-07-19 22:00:00,HELS-014-1,HELS-014,Band 3 (1800MHz),-91.1,-9.0,6.9,26.9,0.0,16.1
2026-07-19 22:00:00,HELS-014-2,HELS-014,Band 3 (1800MHz),-88.3,-9.9,15.7,29.8,23.6,33.2
2026-07-19 22:00:00,HELS-014-3,HELS-014,Band 3 (1800MHz),-86.3,-8.8,7.9,13.0,2.9,42.3
2026-07-19 23:00:00,HELS-001-1,HELS-001,Band 1 (2100MHz),-76.5,-9.7,11.5,30.1,0.0,8.2
2026-07-19 23:00:00,HELS-001-2,HELS-001,Band 1 (2100MHz),-93.9,-11.9,16.4,17.6,0.0,28.8
2026-07-19 23:00:00,HELS-001-3,HELS-001,Band 1 (2100MHz),-103.6,-10.0,2.9,8.4,0.0,9.5
2026-07-19 23:00:00,HELS-002-1,HELS-002,Band 3 (1800MHz),-96.1,-9.3,18.4,0.0,21.5,0.0
2026-07-19 23:00:00,HELS-002-2,HELS-002,Band 3 (1800MHz),-87.3,-8.8,22.5,13.5,0.0,67.2
2026-07-19 23:00:00,HELS-002-3,HELS-002,Band 3 (1800MHz),-94.7,-11.5,16.7,24.8,0.0,0.0
2026-07-19 23:00:00,HELS-003-1,HELS-003,Band 1 (2100MHz),-81.1,-7.7,11.2,0.0,0.0,22.3
2026-07-19 23:00:00,HELS-003-2,HELS-003,Band 1 (2100MHz),-86.9,-8.4,15.4,3.0,11.0,0.0
2026-07-19 23:00:00,HELS-003-3,HELS-003,Band 1 (2100MHz),-83.3,-6.7,13.8,9.9,0.0,42.0
2026-07-19 23:00:00,HELS-004-1,HELS-004,Band 3 (1800MHz),-85.7,-9.7,8.3,16.3,13.6,54.4
2026-07-19 23:00:00,HELS-004-2,HELS-004,Band 3 (1800MHz),-80.7,-9.3,7.2,19.5,0.0,21.3
2026-07-19 23:00:00,HELS-004-3,HELS-004,Band 3 (1800MHz),-85.0,-8.4,22.2,10.4,16.8,0.0
2026-07-19 23:00:00,HELS-005-1,HELS-005,Band 1 (2100MHz),-99.2,-8.0,10.3,30.6,11.2,0.0
2026-07-19 23:00:00,HELS-005-2,HELS-005,Band 1 (2100MHz),-82.5,-7.7,12.7,4.6,0.0,0.0
2026-07-19 23:00:00,HELS-005-3,HELS-005,Band 1 (2100MHz),-87.1,-7.7,3.7,19.9,15.2,0.0
2026-07-19 23:00:00,HELS-006-1,HELS-006,Band 3 (1800MHz),-87.3,-5.0,15.3,34.4,0.0,32.3
2026-07-19 23:00:00,HELS-006-2,HELS-006,Band 3 (1800MHz),-85.0,-6.7,12.9,10.1,2.4,7.9
2026-07-19 23:00:00,HELS-006-3,HELS-006,Band 3 (1800MHz),-87.5,-10.2,7.6,13.2,9.6,58.0
2026-07-19 23:00:00,HELS-007-1,HELS-007,Band 1 (2100MHz),-84.4,-6.7,17.7,4.1,22.3,3.4
2026-07-19 23:00:00,HELS-007-2,HELS-007,Band 1 (2100MHz),-84.7,-9.9,6.1,7.6,6.0,53.8
2026-07-19 23:00:00,HELS-007-3,HELS-007,Band 1 (2100MHz),-82.6,-5.5,10.8,8.8,9.0,53.8
2026-07-19 23:00:00,HELS-008-1,HELS-008,Band 3 (1800MHz),-90.6,-11.2,16.1,0.0,18.5,21.4
2026-07-19 23:00:00,HELS-008-2,HELS-008,Band 3 (1800MHz),-93.9,-6.6,24.0,37.2,0.0,0.0
2026-07-19 23:00:00,HELS-008-3,HELS-008,Band 3 (1800MHz),-89.1,-7.1,5.3,2.1,13.6,51.0
2026-07-19 23:00:00,HELS-009-1,HELS-009,Band 1 (2100MHz),-81.7,-9.5,20.4,36.7,0.0,0.0
2026-07-19 23:00:00,HELS-009-2,HELS-009,Band 1 (2100MHz),-88.7,-7.2,18.4,16.8,0.0,0.0
2026-07-19 23:00:00,HELS-009-3,HELS-009,Band 1 (2100MHz),-84.4,-8.7,8.8,13.0,28.0,5.1
2026-07-19 23:00:00,HELS-010-1,HELS-010,Band 3 (1800MHz),-86.2,-7.5,11.2,12.0,13.8,29.4
2026-07-19 23:00:00,HELS-010-2,HELS-010,Band 3 (1800MHz),-88.8,-5.3,13.6,16.8,5.4,28.4
2026-07-19 23:00:00,HELS-010-3,HELS-010,Band 3 (1800MHz),-84.1,-5.3,18.2,7.2,16.3,0.0
2026-07-19 23:00:00,HELS-011-1,HELS-011,Band 1 (2100MHz),-84.8,-8.0,7.7,27.7,17.5,23.5
2026-07-19 23:00:00,HELS-011-2,HELS-011,Band 1 (2100MHz),-86.9,-9.2,7.5,8.2,2.7,18.2
2026-07-19 23:00:00,HELS-011-3,HELS-011,Band 1 (2100MHz),-85.7,-5.5,16.3,3.8,0.0,24.5
2026-07-19 23:00:00,HELS-012-1,HELS-012,Band 3 (1800MHz),-80.6,-12.2,16.1,22.5,6.7,33.9
2026-07-19 23:00:00,HELS-012-2,HELS-012,Band 3 (1800MHz),-99.3,-9.4,1.4,11.0,5.9,0.0
2026-07-19 23:00:00,HELS-012-3,HELS-012,Band 3 (1800MHz),-88.8,-8.8,5.5,23.3,5.9,3.2
2026-07-19 23:00:00,HELS-013-1,HELS-013,Band 1 (2100MHz),-83.5,-6.2,17.8,4.8,3.5,9.9
2026-07-19 23:00:00,HELS-013-2,HELS-013,Band 1 (2100MHz),-87.9,-6.6,14.1,22.7,12.7,0.0
2026-07-19 23:00:00,HELS-013-3,HELS-013,Band 1 (2100MHz),-85.5,-7.0,13.2,19.0,5.0,33.4
2026-07-19 23:00:00,HELS-014-1,HELS-014,Band 3 (1800MHz),-80.5,-5.0,15.8,1.0,9.0,1.7
2026-07-19 23:00:00,HELS-014-2,HELS-014,Band 3 (1800MHz),-88.9,-8.3,19.4,0.0,5.5,6.1
2026-07-19 23:00:00,HELS-014-3,HELS-014,Band 3 (1800MHz),-87.2,-6.6,13.5,21.6,1.7,42.4
2026-07-20 00:00:00,HELS-001-1,HELS-001,Band 1 (2100MHz),-86.0,-7.9,10.9,6.4,0.0,27.7
2026-07-20 00:00:00,HELS-001-2,HELS-001,Band 1 (2100MHz),-98.9,-14.3,10.3,21.7,2.3,35.7
2026-07-20 00:00:00,HELS-001-3,HELS-001,Band 1 (2100MHz),-97.4,-15.7,0.8,6.2,12.5,0.0
2026-07-20 00:00:00,HELS-002-1,HELS-002,Band 3 (1800MHz),-80.7,-7.4,7.8,4.8,5.2,26.4
2026-07-20 00:00:00,HELS-002-2,HELS-002,Band 3 (1800MHz),-79.8,-5.3,17.7,0.0,0.0,0.0
2026-07-20 00:00:00,HELS-002-3,HELS-002,Band 3 (1800MHz),-84.4,-9.1,15.5,15.5,0.0,10.9
2026-07-20 00:00:00,HELS-003-1,HELS-003,Band 1 (2100MHz),-85.3,-5.1,11.4,26.8,17.1,19.0
2026-07-20 00:00:00,HELS-003-2,HELS-003,Band 1 (2100MHz),-88.6,-8.5,12.5,0.0,0.0,36.1
2026-07-20 00:00:00,HELS-003-3,HELS-003,Band 1 (2100MHz),-85.2,-8.2,14.9,8.0,10.6,3.1
2026-07-20 00:00:00,HELS-004-1,HELS-004,Band 3 (1800MHz),-91.4,-9.3,18.8,23.6,3.9,24.1
2026-07-20 00:00:00,HELS-004-2,HELS-004,Band 3 (1800MHz),-83.4,-12.0,14.3,8.1,7.8,7.9
2026-07-20 00:00:00,HELS-004-3,HELS-004,Band 3 (1800MHz),-85.3,-7.4,10.2,9.4,0.0,11.1
2026-07-20 00:00:00,HELS-005-1,HELS-005,Band 1 (2100MHz),-96.6,-12.6,-2.4,13.5,1.3,0.0
2026-07-20 00:00:00,HELS-005-2,HELS-005,Band 1 (2100MHz),-75.4,-8.4,10.4,26.9,18.8,0.0
2026-07-20 00:00:00,HELS-005-3,HELS-005,Band 1 (2100MHz),-83.8,-6.7,18.2,0.0,11.5,2.8
2026-07-20 00:00:00,HELS-006-1,HELS-006,Band 3 (1800MHz),-86.2,-7.6,8.0,25.6,19.9,47.5
2026-07-20 00:00:00,HELS-006-2,HELS-006,Band 3 (1800MHz),-82.7,-5.9,8.6,0.0,4.1,68.5
2026-07-20 00:00:00,HELS-006-3,HELS-006,Band 3 (1800MHz),-81.0,-8.5,12.5,26.0,27.6,15.0
2026-07-20 00:00:00,HELS-007-1,HELS-007,Band 1 (2100MHz),-83.5,-8.1,8.2,4.6,11.4,37.1
2026-07-20 00:00:00,HELS-007-2,HELS-007,Band 1 (2100MHz),-77.1,-6.8,23.9,0.0,12.4,4.1
2026-07-20 00:00:00,HELS-007-3,HELS-007,Band 1 (2100MHz),-76.5,-11.5,17.8,5.5,16.1,39.2
2026-07-20 00:00:00,HELS-008-1,HELS-008,Band 3 (1800MHz),-83.8,-6.5,20.3,18.9,10.7,40.2
2026-07-20 00:00:00,HELS-008-2,HELS-008,Band 3 (1800MHz),-89.2,-10.9,15.9,4.1,9.3,40.6
2026-07-20 00:00:00,HELS-008-3,HELS-008,Band 3 (1800MHz),-87.6,-9.7,14.9,6.3,0.8,15.5
2026-07-20 00:00:00,HELS-009-1,HELS-009,Band 1 (2100MHz),-82.1,-9.6,19.2,3.1,9.3,15.4
2026-07-20 00:00:00,HELS-009-2,HELS-009,Band 1 (2100MHz),-87.8,-10.3,11.5,4.8,1.2,17.3
2026-07-20 00:00:00,HELS-009-3,HELS-009,Band 1 (2100MHz),-80.4,-8.4,12.2,6.3,6.7,0.0
2026-07-20 00:00:00,HELS-010-1,HELS-010,Band 3 (1800MHz),-83.7,-7.1,11.7,9.3,6.2,0.0
2026-07-20 00:00:00,HELS-010-2,HELS-010,Band 3 (1800MHz),-84.6,-8.6,13.1,3.7,20.8,0.0
2026-07-20 00:00:00,HELS-010-3,HELS-010,Band 3 (1800MHz),-84.8,-5.9,11.5,14.0,1.8,28.0
2026-07-20 00:00:00,HELS-011-1,HELS-011,Band 1 (2100MHz),-86.8,-7.3,14.8,0.0,0.0,7.7
2026-07-20 00:00:00,HELS-011-2,HELS-011,Band 1 (2100MHz),-82.8,-7.3,14.6,7.2,1.8,0.0
2026-07-20 00:00:00,HELS-011-3,HELS-011,Band 1 (2100MHz),-83.0,-10.4,21.6,35.7,0.0,16.1
2026-07-20 00:00:00,HELS-012-1,HELS-012,Band 3 (1800MHz),-82.0,-9.4,10.1,0.3,4.5,0.0
2026-07-20 00:00:00,HELS-012-2,HELS-012,Band 3 (1800MHz),-101.6,-14.1,9.4,20.4,13.4,42.3
2026-07-20 00:00:00,HELS-012-3,HELS-012,Band 3 (1800MHz),-73.7,-7.4,18.9,3.4,6.2,15.4
2026-07-20 00:00:00,HELS-013-1,HELS-013,Band 1 (2100MHz),-84.9,-8.7,1.3,4.6,3.1,0.0
2026-07-20 00:00:00,HELS-013-2,HELS-013,Band 1 (2100MHz),-81.7,-12.2,11.8,17.3,12.5,10.9
2026-07-20 00:00:00,HELS-013-3,HELS-013,Band 1 (2100MHz),-78.0,-9.6,12.8,36.9,0.0,14.5
2026-07-20 00:00:00,HELS-014-1,HELS-014,Band 3 (1800MHz),-88.1,-9.4,6.7,13.3,0.0,39.8
2026-07-20 00:00:00,HELS-014-2,HELS-014,Band 3 (1800MHz),-84.1,-7.3,9.3,30.4,0.0,21.9
2026-07-20 00:00:00,HELS-014-3,HELS-014,Band 3 (1800MHz),-88.9,-9.6,12.2,9.9,0.0,30.2
2026-07-20 01:00:00,HELS-001-1,HELS-001,Band 1 (2100MHz),-85.6,-10.6,13.2,0.0,10.8,42.1
2026-07-20 01:00:00,HELS-001-2,HELS-001,Band 1 (2100MHz),-102.6,-9.8,11.0,13.0,21.1,25.4
2026-07-20 01:00:00,HELS-001-3,HELS-001,Band 1 (2100MHz),-95.4,-13.4,7.0,4.5,8.9,36.4
2026-07-20 01:00:00,HELS-002-1,HELS-002,Band 3 (1800MHz),-86.5,-6.5,21.1,5.9,0.0,3.0
2026-07-20 01:00:00,HELS-002-2,HELS-002,Band 3 (1800MHz),-85.3,-7.6,21.7,0.0,6.3,13.5
2026-07-20 01:00:00,HELS-002-3,HELS-002,Band 3 (1800MHz),-76.7,-10.3,15.1,11.9,0.0,34.4
2026-07-20 01:00:00,HELS-003-1,HELS-003,Band 1 (2100MHz),-82.7,-12.1,5.3,21.2,13.4,0.0
2026-07-20 01:00:00,HELS-003-2,HELS-003,Band 1 (2100MHz),-76.6,-7.1,9.4,14.4,0.5,53.0
2026-07-20 01:00:00,HELS-003-3,HELS-003,Band 1 (2100MHz),-80.5,-6.4,17.5,0.0,8.9,20.1
2026-07-20 01:00:00,HELS-004-1,HELS-004,Band 3 (1800MHz),-87.6,-9.6,17.4,6.9,4.3,0.4
2026-07-20 01:00:00,HELS-004-2,HELS-004,Band 3 (1800MHz),-85.0,-9.6,17.0,11.8,13.2,25.0
2026-07-20 01:00:00,HELS-004-3,HELS-004,Band 3 (1800MHz),-87.5,-10.4,12.7,14.6,37.5,14.6
2026-07-20 01:00:00,HELS-005-1,HELS-005,Band 1 (2100MHz),-90.5,-12.7,9.9,21.8,0.0,0.5
2026-07-20 01:00:00,HELS-005-2,HELS-005,Band 1 (2100MHz),-86.3,-9.8,8.7,16.5,2.4,2.1
2026-07-20 01:00:00,HELS-005-3,HELS-005,Band 1 (2100MHz),-86.5,-8.8,10.0,0.0,15.1,38.9
2026-07-20 01:00:00,HELS-006-1,HELS-006,Band 3 (1800MHz),-80.4,-7.5,3.2,0.0,0.0,27.7
2026-07-20 01:00:00,HELS-006-2,HELS-006,Band 3 (1800MHz),-85.3,-9.7,5.4,2.4,14.9,20.9
2026-07-20 01:00:00,HELS-006-3,HELS-006,Band 3 (1800MHz),-84.0,-8.5,15.7,32.5,2.7,44.2
2026-07-20 01:00:00,HELS-007-1,HELS-007,Band 1 (2100MHz),-84.0,-7.8,10.0,5.4,9.7,0.0
2026-07-20 01:00:00,HELS-007-2,HELS-007,Band 1 (2100MHz),-81.0,-4.5,9.2,0.0,0.0,25.5
2026-07-20 01:00:00,HELS-007-3,HELS-007,Band 1 (2100MHz),-92.2,-5.7,16.6,21.6,1.1,17.7
2026-07-20 01:00:00,HELS-008-1,HELS-008,Band 3 (1800MHz),-87.0,-7.5,21.7,9.4,0.0,0.0
2026-07-20 01:00:00,HELS-008-2,HELS-008,Band 3 (1800MHz),-84.0,-11.2,12.6,22.8,0.0,1.0
2026-07-20 01:00:00,HELS-008-3,HELS-008,Band 3 (1800MHz),-79.3,-11.4,11.4,12.4,1.7,40.8
2026-07-20 01:00:00,HELS-009-1,HELS-009,Band 1 (2100MHz),-79.8,-7.9,6.9,11.7,7.2,76.7
2026-07-20 01:00:00,HELS-009-2,HELS-009,Band 1 (2100MHz),-84.6,-7.7,23.4,3.0,4.8,0.0
2026-07-20 01:00:00,HELS-009-3,HELS-009,Band 1 (2100MHz),-85.9,-5.9,7.7,25.5,0.0,8.6
2026-07-20 01:00:00,HELS-010-1,HELS-010,Band 3 (1800MHz),-85.8,-7.1,16.4,0.0,9.0,7.8
2026-07-20 01:00:00,HELS-010-2,HELS-010,Band 3 (1800MHz),-84.7,-11.9,13.4,8.8,2.4,6.3
2026-07-20 01:00:00,HELS-010-3,HELS-010,Band 3 (1800MHz),-87.0,-6.4,13.6,9.5,1.1,10.3
2026-07-20 01:00:00,HELS-011-1,HELS-011,Band 1 (2100MHz),-78.6,-3.2,12.2,8.1,0.0,18.6
2026-07-20 01:00:00,HELS-011-2,HELS-011,Band 1 (2100MHz),-91.4,-7.6,16.1,9.8,0.0,59.1
2026-07-20 01:00:00,HELS-011-3,HELS-011,Band 1 (2100MHz),-80.5,-6.9,10.8,0.0,0.0,0.0
2026-07-20 01:00:00,HELS-012-1,HELS-012,Band 3 (1800MHz),-93.4,-3.6,17.7,15.4,20.2,0.0
2026-07-20 01:00:00,HELS-012-2,HELS-012,Band 3 (1800MHz),-95.6,-12.2,-0.2,15.8,1.4,0.0
2026-07-20 01:00:00,HELS-012-3,HELS-012,Band 3 (1800MHz),-84.2,-7.9,14.2,17.4,2.3,9.6
2026-07-20 01:00:00,HELS-013-1,HELS-013,Band 1 (2100MHz),-82.2,-7.1,4.4,0.0,16.3,15.6
2026-07-20 01:00:00,HELS-013-2,HELS-013,Band 1 (2100MHz),-82.7,-5.7,20.1,0.0,11.7,33.2
2026-07-20 01:00:00,HELS-013-3,HELS-013,Band 1 (2100MHz),-89.0,-7.2,8.7,16.1,13.2,50.5
2026-07-20 01:00:00,HELS-014-1,HELS-014,Band 3 (1800MHz),-80.9,-8.9,17.7,0.0,29.4,3.2
2026-07-20 01:00:00,HELS-014-2,HELS-014,Band 3 (1800MHz),-81.2,-9.8,14.3,16.8,1.8,31.8
2026-07-20 01:00:00,HELS-014-3,HELS-014,Band 3 (1800MHz),-84.6,-9.2,9.4,21.2,14.3,0.0
2026-07-20 02:00:00,HELS-001-1,HELS-001,Band 1 (2100MHz),-87.0,-7.9,10.8,23.2,1.4,37.2
2026-07-20 02:00:00,HELS-001-2,HELS-001,Band 1 (2100MHz),-92.1,-14.0,8.1,11.5,2.2,21.3
2026-07-20 02:00:00,HELS-001-3,HELS-001,Band 1 (2100MHz),-95.1,-12.4,-3.7,13.6,6.7,41.4
2026-07-20 02:00:00,HELS-002-1,HELS-002,Band 3 (1800MHz),-84.7,-9.3,13.3,19.1,5.7,64.8
2026-07-20 02:00:00,HELS-002-2,HELS-002,Band 3 (1800MHz),-84.0,-9.1,8.0,8.9,0.0,22.9
2026-07-20 02:00:00,HELS-002-3,HELS-002,Band 3 (1800MHz),-85.1,-6.2,17.4,0.0,0.0,0.0
2026-07-20 02:00:00,HELS-003-1,HELS-003,Band 1 (2100MHz),-86.0,-9.6,11.9,6.8,10.9,21.5
2026-07-20 02:00:00,HELS-003-2,HELS-003,Band 1 (2100MHz),-81.3,-9.3,17.1,6.6,1.9,74.3
2026-07-20 02:00:00,HELS-003-3,HELS-003,Band 1 (2100MHz),-79.0,-9.2,5.0,23.9,1.4,51.2
2026-07-20 02:00:00,HELS-004-1,HELS-004,Band 3 (1800MHz),-85.3,-5.3,19.3,34.7,13.0,12.1
2026-07-20 02:00:00,HELS-004-2,HELS-004,Band 3 (1800MHz),-81.9,-7.9,9.9,6.3,12.3,25.8
2026-07-20 02:00:00,HELS-004-3,HELS-004,Band 3 (1800MHz),-77.8,-4.9,8.0,14.7,14.0,0.0
2026-07-20 02:00:00,HELS-005-1,HELS-005,Band 1 (2100MHz),-82.8,-9.9,8.3,11.7,0.7,23.2
2026-07-20 02:00:00,HELS-005-2,HELS-005,Band 1 (2100MHz),-89.1,-7.7,15.8,0.0,20.6,19.8
2026-07-20 02:00:00,HELS-005-3,HELS-005,Band 1 (2100MHz),-92.7,-7.4,11.4,14.8,7.5,0.0
2026-07-20 02:00:00,HELS-006-1,HELS-006,Band 3 (1800MHz),-89.0,-6.8,10.2,0.0,0.7,21.6
2026-07-20 02:00:00,HELS-006-2,HELS-006,Band 3 (1800MHz),-92.8,-7.1,6.2,5.0,0.8,14.7
2026-07-20 02:00:00,HELS-006-3,HELS-006,Band 3 (1800MHz),-84.3,-8.2,21.6,13.6,14.8,16.1
2026-07-20 02:00:00,HELS-007-1,HELS-007,Band 1 (2100MHz),-85.8,-7.5,-1.3,15.3,11.9,19.5
2026-07-20 02:00:00,HELS-007-2,HELS-007,Band 1 (2100MHz),-83.6,-8.2,18.7,13.4,5.0,0.0
2026-07-20 02:00:00,HELS-007-3,HELS-007,Band 1 (2100MHz),-81.8,-7.6,9.2,13.6,10.9,11.4
2026-07-20 02:00:00,HELS-008-1,HELS-008,Band 3 (1800MHz),-87.2,-6.4,17.1,15.2,6.6,9.7
2026-07-20 02:00:00,HELS-008-2,HELS-008,Band 3 (1800MHz),-83.7,-8.8,10.3,29.8,5.7,16.1
2026-07-20 02:00:00,HELS-008-3,HELS-008,Band 3 (1800MHz),-85.9,-9.0,9.1,28.9,8.8,30.7
2026-07-20 02:00:00,HELS-009-1,HELS-009,Band 1 (2100MHz),-83.0,-6.5,19.7,22.2,2.4,7.7
2026-07-20 02:00:00,HELS-009-2,HELS-009,Band 1 (2100MHz),-77.7,-5.9,16.3,26.9,7.1,28.7
2026-07-20 02:00:00,HELS-009-3,HELS-009,Band 1 (2100MHz),-82.9,-4.8,11.3,28.0,3.6,10.8
2026-07-20 02:00:00,HELS-010-1,HELS-010,Band 3 (1800MHz),-85.6,-7.3,6.0,7.9,3.8,7.3
2026-07-20 02:00:00,HELS-010-2,HELS-010,Band 3 (1800MHz),-88.1,-7.5,12.8,30.0,12.5,12.5
2026-07-20 02:00:00,HELS-010-3,HELS-010,Band 3 (1800MHz),-84.8,-9.4,13.2,40.8,1.5,0.2
2026-07-20 02:00:00,HELS-011-1,HELS-011,Band 1 (2100MHz),-87.7,-6.2,16.9,3.7,0.0,3.9
2026-07-20 02:00:00,HELS-011-2,HELS-011,Band 1 (2100MHz),-86.4,-8.0,15.2,11.0,0.0,27.8
2026-07-20 02:00:00,HELS-011-3,HELS-011,Band 1 (2100MHz),-81.6,-3.7,18.3,6.3,15.1,0.0
2026-07-20 02:00:00,HELS-012-1,HELS-012,Band 3 (1800MHz),-88.8,-8.1,9.9,6.4,9.2,0.0
2026-07-20 02:00:00,HELS-012-2,HELS-012,Band 3 (1800MHz),-99.1,-8.6,7.3,0.0,1.1,16.6
2026-07-20 02:00:00,HELS-012-3,HELS-012,Band 3 (1800MHz),-79.3,-7.9,10.8,9.6,0.0,35.1
2026-07-20 02:00:00,HELS-013-1,HELS-013,Band 1 (2100MHz),-86.0,-4.5,7.9,0.0,0.0,40.7
2026-07-20 02:00:00,HELS-013-2,HELS-013,Band 1 (2100MHz),-93.1,-11.8,15.0,26.7,10.8,19.5
2026-07-20 02:00:00,HELS-013-3,HELS-013,Band 1 (2100MHz),-87.0,-8.5,8.3,35.8,0.0,3.8
2026-07-20 02:00:00,HELS-014-1,HELS-014,Band 3 (1800MHz),-83.5,-11.7,16.3,28.1,5.5,12.4
2026-07-20 02:00:00,HELS-014-2,HELS-014,Band 3 (1800MHz),-85.6,-9.5,9.9,6.7,2.2,14.0
2026-07-20 02:00:00,HELS-014-3,HELS-014,Band 3 (1800MHz),-85.9,-6.5,9.9,29.0,0.0,7.2
2026-07-20 03:00:00,HELS-001-1,HELS-001,Band 1 (2100MHz),-81.2,-4.8,9.5,15.4,4.6,0.0
2026-07-20 03:00:00,HELS-001-2,HELS-001,Band 1 (2100MHz),-93.0,-9.4,12.4,27.8,9.1,21.9
2026-07-20 03:00:00,HELS-001-3,HELS-001,Band 1 (2100MHz),-93.3,-12.6,-0.4,19.4,12.0,0.0
2026-07-20 03:00:00,HELS-002-1,HELS-002,Band 3 (1800MHz),-78.0,-4.6,19.5,6.7,5.4,19.9
2026-07-20 03:00:00,HELS-002-2,HELS-002,Band 3 (1800MHz),-82.7,-10.9,8.8,19.0,1.0,37.8
2026-07-20 03:00:00,HELS-002-3,HELS-002,Band 3 (1800MHz),-81.5,-9.4,18.0,3.7,11.0,13.4
2026-07-20 03:00:00,HELS-003-1,HELS-003,Band 1 (2100MHz),-87.1,-10.3,14.9,11.3,1.9,34.0
2026-07-20 03:00:00,HELS-003-2,HELS-003,Band 1 (2100MHz),-86.2,-7.0,12.0,9.9,0.0,18.3
2026-07-20 03:00:00,HELS-003-3,HELS-003,Band 1 (2100MHz),-85.0,-9.4,20.1,16.8,11.0,32.7
2026-07-20 03:00:00,HELS-004-1,HELS-004,Band 3 (1800MHz),-84.6,-9.2,11.0,2.2,20.6,51.3
2026-07-20 03:00:00,HELS-004-2,HELS-004,Band 3 (1800MHz),-85.3,-12.0,20.6,10.6,4.6,24.3
2026-07-20 03:00:00,HELS-004-3,HELS-004,Band 3 (1800MHz),-86.1,-6.9,17.8,32.3,0.0,44.3
2026-07-20 03:00:00,HELS-005-1,HELS-005,Band 1 (2100MHz),-93.5,-8.1,7.3,9.1,10.4,21.4
2026-07-20 03:00:00,HELS-005-2,HELS-005,Band 1 (2100MHz),-82.3,-6.2,11.8,13.0,18.6,2.4
2026-07-20 03:00:00,HELS-005-3,HELS-005,Band 1 (2100MHz),-87.9,-8.9,12.5,7.6,0.0,46.5
2026-07-20 03:00:00,HELS-006-1,HELS-006,Band 3 (1800MHz),-89.3,-6.7,16.3,29.0,9.9,42.5
2026-07-20 03:00:00,HELS-006-2,HELS-006,Band 3 (1800MHz),-86.5,-11.9,1.5,0.0,12.2,21.9
2026-07-20 03:00:00,HELS-006-3,HELS-006,Band 3 (1800MHz),-81.4,-4.5,1.6,9.2,14.2,41.7
2026-07-20 03:00:00,HELS-007-1,HELS-007,Band 1 (2100MHz),-86.3,-7.3,10.0,12.5,14.5,0.0
2026-07-20 03:00:00,HELS-007-2,HELS-007,Band 1 (2100MHz),-91.7,-8.3,7.2,0.0,0.0,10.2
2026-07-20 03:00:00,HELS-007-3,HELS-007,Band 1 (2100MHz),-86.0,-7.3,12.2,15.9,0.0,0.0
2026-07-20 03:00:00,HELS-008-1,HELS-008,Band 3 (1800MHz),-87.2,-10.6,6.5,4.7,0.9,13.0
2026-07-20 03:00:00,HELS-008-2,HELS-008,Band 3 (1800MHz),-80.6,-8.6,15.7,0.0,20.1,0.0
2026-07-20 03:00:00,HELS-008-3,HELS-008,Band 3 (1800MHz),-87.4,-9.8,1.3,7.4,9.8,36.9
2026-07-20 03:00:00,HELS-009-1,HELS-009,Band 1 (2100MHz),-84.7,-6.4,12.6,13.0,13.6,70.2
2026-07-20 03:00:00,HELS-009-2,HELS-009,Band 1 (2100MHz),-85.7,-6.9,9.9,4.6,13.6,2.6
2026-07-20 03:00:00,HELS-009-3,HELS-009,Band 1 (2100MHz),-91.6,-6.8,16.2,4.2,0.0,0.0
2026-07-20 03:00:00,HELS-010-1,HELS-010,Band 3 (1800MHz),-83.1,-8.0,8.2,37.1,4.1,0.0
2026-07-20 03:00:00,HELS-010-2,HELS-010,Band 3 (1800MHz),-88.5,-9.1,13.8,10.5,3.0,42.2
2026-07-20 03:00:00,HELS-010-3,HELS-010,Band 3 (1800MHz),-84.9,-3.7,13.6,0.0,18.3,0.0
2026-07-20 03:00:00,HELS-011-1,HELS-011,Band 1 (2100MHz),-81.5,-9.7,10.1,1.3,0.0,16.4
2026-07-20 03:00:00,HELS-011-2,HELS-011,Band 1 (2100MHz),-90.4,-10.2,11.9,13.5,1.4,0.0
2026-07-20 03:00:00,HELS-011-3,HELS-011,Band 1 (2100MHz),-87.1,-7.9,20.3,21.7,0.0,25.3
2026-07-20 03:00:00,HELS-012-1,HELS-012,Band 3 (1800MHz),-83.3,-6.3,19.1,30.1,5.3,21.9
2026-07-20 03:00:00,HELS-012-2,HELS-012,Band 3 (1800MHz),-97.0,-13.9,4.3,0.0,28.3,56.3
2026-07-20 03:00:00,HELS-012-3,HELS-012,Band 3 (1800MHz),-89.4,-8.0,13.7,11.6,4.2,39.1
2026-07-20 03:00:00,HELS-013-1,HELS-013,Band 1 (2100MHz),-85.1,-6.8,19.7,14.7,9.6,42.1
2026-07-20 03:00:00,HELS-013-2,HELS-013,Band 1 (2100MHz),-80.2,-4.8,16.4,0.0,10.6,28.6
2026-07-20 03:00:00,HELS-013-3,HELS-013,Band 1 (2100MHz),-85.4,-8.5,9.5,0.0,0.0,38.3
2026-07-20 03:00:00,HELS-014-1,HELS-014,Band 3 (1800MHz),-80.9,-10.5,13.5,23.1,0.0,13.4
2026-07-20 03:00:00,HELS-014-2,HELS-014,Band 3 (1800MHz),-90.3,-6.6,15.7,14.3,1.5,5.5
2026-07-20 03:00:00,HELS-014-3,HELS-014,Band 3 (1800MHz),-78.9,-5.5,17.6,9.6,0.0,27.3
2026-07-20 04:00:00,HELS-001-1,HELS-001,Band 1 (2100MHz),-81.3,-7.9,18.7,18.3,11.3,16.1
2026-07-20 04:00:00,HELS-001-2,HELS-001,Band 1 (2100MHz),-90.9,-12.3,-3.7,0.0,6.9,34.2
2026-07-20 04:00:00,HELS-001-3,HELS-001,Band 1 (2100MHz),-102.3,-13.6,-0.3,7.4,2.7,51.2
2026-07-20 04:00:00,HELS-002-1,HELS-002,Band 3 (1800MHz),-85.9,-2.3,9.4,0.0,4.8,14.2
2026-07-20 04:00:00,HELS-002-2,HELS-002,Band 3 (1800MHz),-88.2,-1.8,14.7,19.4,2.6,49.9
2026-07-20 04:00:00,HELS-002-3,HELS-002,Band 3 (1800MHz),-73.3,-9.8,13.5,12.2,0.0,0.0
2026-07-20 04:00:00,HELS-003-1,HELS-003,Band 1 (2100MHz),-83.7,-8.8,12.3,19.4,11.3,9.5
2026-07-20 04:00:00,HELS-003-2,HELS-003,Band 1 (2100MHz),-83.3,-2.8,16.3,14.5,5.6,22.7
2026-07-20 04:00:00,HELS-003-3,HELS-003,Band 1 (2100MHz),-85.3,-9.7,26.0,18.5,12.1,1.6
2026-07-20 04:00:00,HELS-004-1,HELS-004,Band 3 (1800MHz),-84.1,-9.1,17.3,5.2,1.3,9.9
2026-07-20 04:00:00,HELS-004-2,HELS-004,Band 3 (1800MHz),-83.9,-6.6,10.7,0.0,2.7,3.1
2026-07-20 04:00:00,HELS-004-3,HELS-004,Band 3 (1800MHz),-81.3,-8.9,11.2,20.1,0.0,13.7
2026-07-20 04:00:00,HELS-005-1,HELS-005,Band 1 (2100MHz),-101.9,-14.3,4.0,0.0,0.0,23.3
2026-07-20 04:00:00,HELS-005-2,HELS-005,Band 1 (2100MHz),-78.8,-5.5,14.1,0.0,19.3,21.7
2026-07-20 04:00:00,HELS-005-3,HELS-005,Band 1 (2100MHz),-85.6,-6.1,10.4,0.0,14.2,44.6
2026-07-20 04:00:00,HELS-006-1,HELS-006,Band 3 (1800MHz),-80.4,-5.7,26.1,33.7,3.0,38.5
2026-07-20 04:00:00,HELS-006-2,HELS-006,Band 3 (1800MHz),-89.5,-7.7,13.1,13.3,0.0,0.0
2026-07-20 04:00:00,HELS-006-3,HELS-006,Band 3 (1800MHz),-84.5,-9.3,15.3,0.0,11.2,31.4
2026-07-20 04:00:00,HELS-007-1,HELS-007,Band 1 (2100MHz),-85.8,-6.8,11.7,2.4,0.9,39.4
2026-07-20 04:00:00,HELS-007-2,HELS-007,Band 1 (2100MHz),-78.6,-3.4,20.1,9.6,4.0,5.5
2026-07-20 04:00:00,HELS-007-3,HELS-007,Band 1 (2100MHz),-76.6,-6.3,5.7,14.5,19.2,17.3
2026-07-20 04:00:00,HELS-008-1,HELS-008,Band 3 (1800MHz),-90.3,-7.3,7.1,32.7,19.4,0.0
2026-07-20 04:00:00,HELS-008-2,HELS-008,Band 3 (1800MHz),-80.8,-9.8,8.2,4.8,16.7,48.4
2026-07-20 04:00:00,HELS-008-3,HELS-008,Band 3 (1800MHz),-85.8,-8.8,7.3,15.2,0.0,9.9
2026-07-20 04:00:00,HELS-009-1,HELS-009,Band 1 (2100MHz),-87.5,-6.8,8.5,27.0,0.0,3.6
2026-07-20 04:00:00,HELS-009-2,HELS-009,Band 1 (2100MHz),-85.6,-5.5,10.0,0.0,2.9,15.8
2026-07-20 04:00:00,HELS-009-3,HELS-009,Band 1 (2100MHz),-79.9,-7.1,16.2,0.0,10.6,3.4
2026-07-20 04:00:00,HELS-010-1,HELS-010,Band 3 (1800MHz),-82.1,-7.5,13.4,12.6,1.3,32.2
2026-07-20 04:00:00,HELS-010-2,HELS-010,Band 3 (1800MHz),-86.1,-6.4,13.8,10.9,0.0,56.9
2026-07-20 04:00:00,HELS-010-3,HELS-010,Band 3 (1800MHz),-82.9,-7.7,12.1,3.6,5.6,0.0
2026-07-20 04:00:00,HELS-011-1,HELS-011,Band 1 (2100MHz),-84.2,-8.5,14.7,25.8,0.0,0.0
2026-07-20 04:00:00,HELS-011-2,HELS-011,Band 1 (2100MHz),-83.3,-7.8,17.7,11.1,6.1,22.0
2026-07-20 04:00:00,HELS-011-3,HELS-011,Band 1 (2100MHz),-90.2,-9.5,13.0,9.3,29.4,7.4
2026-07-20 04:00:00,HELS-012-1,HELS-012,Band 3 (1800MHz),-84.3,-6.1,19.7,9.4,0.0,31.2
2026-07-20 04:00:00,HELS-012-2,HELS-012,Band 3 (1800MHz),-96.7,-13.3,7.0,22.2,10.1,0.0
2026-07-20 04:00:00,HELS-012-3,HELS-012,Band 3 (1800MHz),-76.7,-10.6,21.1,2.7,0.0,50.5
2026-07-20 04:00:00,HELS-013-1,HELS-013,Band 1 (2100MHz),-84.8,-8.4,21.0,0.0,17.9,31.9
2026-07-20 04:00:00,HELS-013-2,HELS-013,Band 1 (2100MHz),-84.1,-3.2,20.7,6.9,0.0,20.4
2026-07-20 04:00:00,HELS-013-3,HELS-013,Band 1 (2100MHz),-79.6,-8.2,9.7,16.9,0.0,32.5
2026-07-20 04:00:00,HELS-014-1,HELS-014,Band 3 (1800MHz),-77.5,-9.9,19.6,24.8,0.0,39.1
2026-07-20 04:00:00,HELS-014-2,HELS-014,Band 3 (1800MHz),-86.1,-4.8,7.2,15.1,1.6,12.2
2026-07-20 04:00:00,HELS-014-3,HELS-014,Band 3 (1800MHz),-85.8,-7.8,21.9,10.0,14.1,0.0
2026-07-20 05:00:00,HELS-001-1,HELS-001,Band 1 (2100MHz),-78.7,-6.2,12.1,17.9,0.0,36.8
2026-07-20 05:00:00,HELS-001-2,HELS-001,Band 1 (2100MHz),-97.3,-10.0,4.7,13.5,2.3,18.2
2026-07-20 05:00:00,HELS-001-3,HELS-001,Band 1 (2100MHz),-98.4,-11.9,11.4,16.5,7.6,33.7
2026-07-20 05:00:00,HELS-002-1,HELS-002,Band 3 (1800MHz),-86.6,-9.4,15.8,0.0,0.0,0.0
2026-07-20 05:00:00,HELS-002-2,HELS-002,Band 3 (1800MHz),-88.6,-10.1,6.5,11.7,10.4,0.0
2026-07-20 05:00:00,HELS-002-3,HELS-002,Band 3 (1800MHz),-86.6,-6.3,12.7,23.0,15.7,43.8
2026-07-20 05:00:00,HELS-003-1,HELS-003,Band 1 (2100MHz),-83.0,-8.3,9.0,10.9,12.8,20.1
2026-07-20 05:00:00,HELS-003-2,HELS-003,Band 1 (2100MHz),-84.8,-10.3,14.2,0.0,10.4,7.6
2026-07-20 05:00:00,HELS-003-3,HELS-003,Band 1 (2100MHz),-80.6,-12.3,10.3,13.5,0.0,0.0
2026-07-20 05:00:00,HELS-004-1,HELS-004,Band 3 (1800MHz),-82.8,-10.9,17.9,19.9,20.9,17.0
2026-07-20 05:00:00,HELS-004-2,HELS-004,Band 3 (1800MHz),-87.4,-11.8,8.0,3.9,2.5,44.6
2026-07-20 05:00:00,HELS-004-3,HELS-004,Band 3 (1800MHz),-78.8,-10.7,20.2,0.0,3.9,12.6
2026-07-20 05:00:00,HELS-005-1,HELS-005,Band 1 (2100MHz),-102.5,-11.4,4.2,15.9,14.7,69.6
2026-07-20 05:00:00,HELS-005-2,HELS-005,Band 1 (2100MHz),-85.2,-8.2,15.4,2.6,9.5,17.1
2026-07-20 05:00:00,HELS-005-3,HELS-005,Band 1 (2100MHz),-85.4,-4.8,5.3,28.1,8.0,9.0
2026-07-20 05:00:00,HELS-006-1,HELS-006,Band 3 (1800MHz),-79.0,-5.4,9.3,22.1,0.0,9.9
2026-07-20 05:00:00,HELS-006-2,HELS-006,Band 3 (1800MHz),-84.3,-9.8,17.8,0.0,6.8,28.3
2026-07-20 05:00:00,HELS-006-3,HELS-006,Band 3 (1800MHz),-83.7,-8.0,22.9,10.0,17.0,0.0
2026-07-20 05:00:00,HELS-007-1,HELS-007,Band 1 (2100MHz),-86.0,-6.2,10.4,32.4,0.0,0.0
2026-07-20 05:00:00,HELS-007-2,HELS-007,Band 1 (2100MHz),-82.7,-11.9,12.9,0.0,0.0,0.0
2026-07-20 05:00:00,HELS-007-3,HELS-007,Band 1 (2100MHz),-81.5,-10.6,9.4,13.5,1.5,0.0
2026-07-20 05:00:00,HELS-008-1,HELS-008,Band 3 (1800MHz),-87.2,-5.0,12.3,3.9,0.0,1.9
2026-07-20 05:00:00,HELS-008-2,HELS-008,Band 3 (1800MHz),-99.2,-5.5,10.9,18.8,5.7,7.2
2026-07-20 05:00:00,HELS-008-3,HELS-008,Band 3 (1800MHz),-81.5,-6.8,9.9,29.6,15.1,19.7
2026-07-20 05:00:00,HELS-009-1,HELS-009,Band 1 (2100MHz),-91.7,-10.0,15.6,22.0,10.7,20.4
2026-07-20 05:00:00,HELS-009-2,HELS-009,Band 1 (2100MHz),-84.3,-5.6,17.9,3.5,1.1,51.3
2026-07-20 05:00:00,HELS-009-3,HELS-009,Band 1 (2100MHz),-83.4,-11.2,17.9,22.8,0.0,38.6
2026-07-20 05:00:00,HELS-010-1,HELS-010,Band 3 (1800MHz),-84.4,-7.6,13.2,0.0,0.0,24.1
2026-07-20 05:00:00,HELS-010-2,HELS-010,Band 3 (1800MHz),-91.6,-9.6,17.7,15.5,0.0,56.0
2026-07-20 05:00:00,HELS-010-3,HELS-010,Band 3 (1800MHz),-85.1,-7.3,16.0,6.0,4.0,23.3
2026-07-20 05:00:00,HELS-011-1,HELS-011,Band 1 (2100MHz),-84.6,-6.7,19.4,0.0,8.6,16.7
2026-07-20 05:00:00,HELS-011-2,HELS-011,Band 1 (2100MHz),-79.6,-8.1,19.1,5.6,9.0,41.0
2026-07-20 05:00:00,HELS-011-3,HELS-011,Band 1 (2100MHz),-85.1,-8.8,14.2,0.0,8.2,38.9
2026-07-20 05:00:00,HELS-012-1,HELS-012,Band 3 (1800MHz),-79.6,-8.2,13.5,0.0,0.0,12.8
2026-07-20 05:00:00,HELS-012-2,HELS-012,Band 3 (1800MHz),-93.6,-10.0,-5.9,10.7,11.3,31.1
2026-07-20 05:00:00,HELS-012-3,HELS-012,Band 3 (1800MHz),-79.7,-11.7,17.9,16.5,12.0,0.0
2026-07-20 05:00:00,HELS-013-1,HELS-013,Band 1 (2100MHz),-78.6,-9.8,14.4,29.2,6.4,4.2
2026-07-20 05:00:00,HELS-013-2,HELS-013,Band 1 (2100MHz),-88.3,-5.7,13.1,15.9,0.0,9.8
2026-07-20 05:00:00,HELS-013-3,HELS-013,Band 1 (2100MHz),-84.3,-8.9,11.2,17.6,15.2,64.2
2026-07-20 05:00:00,HELS-014-1,HELS-014,Band 3 (1800MHz),-85.3,-7.8,14.2,4.3,0.0,21.4
2026-07-20 05:00:00,HELS-014-2,HELS-014,Band 3 (1800MHz),-85.4,-11.2,17.8,15.2,1.6,23.1
2026-07-20 05:00:00,HELS-014-3,HELS-014,Band 3 (1800MHz),-87.5,-6.3,15.9,0.0,4.6,18.3
2026-07-20 06:00:00,HELS-001-1,HELS-001,Band 1 (2100MHz),-82.1,-5.7,12.9,29.8,11.1,48.4
2026-07-20 06:00:00,HELS-001-2,HELS-001,Band 1 (2100MHz),-103.0,-11.5,5.6,42.6,0.0,59.5
2026-07-20 06:00:00,HELS-001-3,HELS-001,Band 1 (2100MHz),-96.9,-12.2,6.3,17.6,20.0,16.0
2026-07-20 06:00:00,HELS-002-1,HELS-002,Band 3 (1800MHz),-86.9,-6.9,19.9,29.4,0.0,39.5
2026-07-20 06:00:00,HELS-002-2,HELS-002,Band 3 (1800MHz),-84.0,-9.0,12.3,7.3,5.4,37.8
2026-07-20 06:00:00,HELS-002-3,HELS-002,Band 3 (1800MHz),-77.4,-7.8,11.1,14.5,29.5,49.5
2026-07-20 06:00:00,HELS-003-1,HELS-003,Band 1 (2100MHz),-79.8,-9.4,10.4,18.4,1.7,16.3
2026-07-20 06:00:00,HELS-003-2,HELS-003,Band 1 (2100MHz),-82.4,-5.3,10.5,21.9,19.9,12.0
2026-07-20 06:00:00,HELS-003-3,HELS-003,Band 1 (2100MHz),-89.5,-9.4,11.9,33.1,15.4,36.9
2026-07-20 06:00:00,HELS-004-1,HELS-004,Band 3 (1800MHz),-89.8,-9.1,11.5,9.3,13.9,15.5
2026-07-20 06:00:00,HELS-004-2,HELS-004,Band 3 (1800MHz),-86.5,-8.6,12.7,20.3,14.9,56.0
2026-07-20 06:00:00,HELS-004-3,HELS-004,Band 3 (1800MHz),-87.9,-8.9,7.9,18.9,31.2,20.2
2026-07-20 06:00:00,HELS-005-1,HELS-005,Band 1 (2100MHz),-96.8,-6.8,1.7,25.2,16.0,33.2
2026-07-20 06:00:00,HELS-005-2,HELS-005,Band 1 (2100MHz),-84.5,-5.3,16.4,14.9,7.5,31.5
2026-07-20 06:00:00,HELS-005-3,HELS-005,Band 1 (2100MHz),-79.6,-11.2,18.2,0.0,15.1,16.2
2026-07-20 06:00:00,HELS-006-1,HELS-006,Band 3 (1800MHz),-87.8,-7.8,21.0,18.1,7.5,33.0
2026-07-20 06:00:00,HELS-006-2,HELS-006,Band 3 (1800MHz),-82.5,-8.1,14.8,19.5,16.7,33.6
2026-07-20 06:00:00,HELS-006-3,HELS-006,Band 3 (1800MHz),-88.7,-8.8,9.6,24.1,0.0,56.1
2026-07-20 06:00:00,HELS-007-1,HELS-007,Band 1 (2100MHz),-83.3,-8.2,13.5,0.0,9.0,20.9
2026-07-20 06:00:00,HELS-007-2,HELS-007,Band 1 (2100MHz),-77.7,-6.2,14.0,25.5,4.1,33.0
2026-07-20 06:00:00,HELS-007-3,HELS-007,Band 1 (2100MHz),-82.0,-7.6,3.9,21.5,19.0,42.4
2026-07-20 06:00:00,HELS-008-1,HELS-008,Band 3 (1800MHz),-83.6,-5.2,15.5,44.5,0.0,10.2
2026-07-20 06:00:00,HELS-008-2,HELS-008,Band 3 (1800MHz),-85.9,-9.9,12.4,37.4,4.0,22.7
2026-07-20 06:00:00,HELS-008-3,HELS-008,Band 3 (1800MHz),-87.9,-6.8,14.3,33.9,25.1,12.2
2026-07-20 06:00:00,HELS-009-1,HELS-009,Band 1 (2100MHz),-83.1,-7.3,23.8,25.2,8.5,15.1
2026-07-20 06:00:00,HELS-009-2,HELS-009,Band 1 (2100MHz),-81.9,-5.1,9.0,6.0,13.1,10.2
2026-07-20 06:00:00,HELS-009-3,HELS-009,Band 1 (2100MHz),-83.0,-4.8,13.7,22.6,8.6,51.8
2026-07-20 06:00:00,HELS-010-1,HELS-010,Band 3 (1800MHz),-86.6,-11.1,15.5,0.0,22.1,21.6
2026-07-20 06:00:00,HELS-010-2,HELS-010,Band 3 (1800MHz),-82.5,-8.6,7.0,13.2,3.5,10.5
2026-07-20 06:00:00,HELS-010-3,HELS-010,Band 3 (1800MHz),-89.5,-8.7,15.8,36.3,23.0,47.6
2026-07-20 06:00:00,HELS-011-1,HELS-011,Band 1 (2100MHz),-85.3,-4.8,18.0,38.3,19.9,20.1
2026-07-20 06:00:00,HELS-011-2,HELS-011,Band 1 (2100MHz),-84.7,-8.8,24.0,18.3,2.9,21.9
2026-07-20 06:00:00,HELS-011-3,HELS-011,Band 1 (2100MHz),-89.7,-10.3,20.6,8.5,20.6,43.3
2026-07-20 06:00:00,HELS-012-1,HELS-012,Band 3 (1800MHz),-84.1,-9.6,9.2,5.5,17.9,18.7
2026-07-20 06:00:00,HELS-012-2,HELS-012,Band 3 (1800MHz),-97.0,-15.9,9.0,25.8,11.1,34.6
2026-07-20 06:00:00,HELS-012-3,HELS-012,Band 3 (1800MHz),-80.6,-9.8,22.0,29.7,2.6,19.9
2026-07-20 06:00:00,HELS-013-1,HELS-013,Band 1 (2100MHz),-83.3,-8.7,7.8,20.4,4.1,37.6
2026-07-20 06:00:00,HELS-013-2,HELS-013,Band 1 (2100MHz),-83.6,-8.8,15.8,10.9,4.8,58.0
2026-07-20 06:00:00,HELS-013-3,HELS-013,Band 1 (2100MHz),-77.1,-5.9,11.0,25.3,12.2,13.4
2026-07-20 06:00:00,HELS-014-1,HELS-014,Band 3 (1800MHz),-88.6,-9.3,16.1,0.0,7.2,35.6
2026-07-20 06:00:00,HELS-014-2,HELS-014,Band 3 (1800MHz),-81.8,-10.7,12.0,8.9,28.8,28.5
2026-07-20 06:00:00,HELS-014-3,HELS-014,Band 3 (1800MHz),-77.0,-7.5,12.1,7.5,6.2,18.9
2026-07-20 07:00:00,HELS-001-1,HELS-001,Band 1 (2100MHz),-78.4,-9.1,3.2,64.1,43.8,71.5
2026-07-20 07:00:00,HELS-001-2,HELS-001,Band 1 (2100MHz),-94.2,-16.8,6.7,57.2,46.9,87.7
2026-07-20 07:00:00,HELS-001-3,HELS-001,Band 1 (2100MHz),-103.1,-14.8,12.7,69.2,45.0,98.7
2026-07-20 07:00:00,HELS-002-1,HELS-002,Band 3 (1800MHz),-84.9,-14.3,12.8,46.1,40.4,89.5
2026-07-20 07:00:00,HELS-002-2,HELS-002,Band 3 (1800MHz),-84.1,-10.9,11.1,71.5,36.4,78.6
2026-07-20 07:00:00,HELS-002-3,HELS-002,Band 3 (1800MHz),-81.1,-12.2,12.2,71.7,33.7,84.5
2026-07-20 07:00:00,HELS-003-1,HELS-003,Band 1 (2100MHz),-87.1,-10.5,5.7,58.3,29.3,81.4
2026-07-20 07:00:00,HELS-003-2,HELS-003,Band 1 (2100MHz),-79.5,-7.3,10.3,59.8,44.3,119.2
2026-07-20 07:00:00,HELS-003-3,HELS-003,Band 1 (2100MHz),-81.6,-10.5,12.0,42.0,38.7,114.1
2026-07-20 07:00:00,HELS-004-1,HELS-004,Band 3 (1800MHz),-87.4,-8.2,12.6,97.0,42.6,115.8
2026-07-20 07:00:00,HELS-004-2,HELS-004,Band 3 (1800MHz),-82.4,-11.9,14.3,57.3,45.3,141.2
2026-07-20 07:00:00,HELS-004-3,HELS-004,Band 3 (1800MHz),-87.0,-9.3,17.1,66.4,45.8,83.0
2026-07-20 07:00:00,HELS-005-1,HELS-005,Band 1 (2100MHz),-93.4,-19.0,1.8,78.7,35.8,110.9
2026-07-20 07:00:00,HELS-005-2,HELS-005,Band 1 (2100MHz),-85.3,-11.4,14.1,42.4,41.2,121.8
2026-07-20 07:00:00,HELS-005-3,HELS-005,Band 1 (2100MHz),-81.6,-6.5,9.1,65.3,52.2,82.4
2026-07-20 07:00:00,HELS-006-1,HELS-006,Band 3 (1800MHz),-79.4,-8.0,19.0,54.2,52.6,89.3
2026-07-20 07:00:00,HELS-006-2,HELS-006,Band 3 (1800MHz),-81.6,-8.9,9.1,66.9,37.7,115.9
2026-07-20 07:00:00,HELS-006-3,HELS-006,Band 3 (1800MHz),-81.9,-8.0,18.8,66.8,38.5,131.5
2026-07-20 07:00:00,HELS-007-1,HELS-007,Band 1 (2100MHz),-85.8,-11.0,22.9,66.0,39.1,109.9
2026-07-20 07:00:00,HELS-007-2,HELS-007,Band 1 (2100MHz),-80.3,-11.3,14.3,67.4,28.6,79.6
2026-07-20 07:00:00,HELS-007-3,HELS-007,Band 1 (2100MHz),-83.6,-9.7,13.4,70.3,26.4,115.8
2026-07-20 07:00:00,HELS-008-1,HELS-008,Band 3 (1800MHz),-89.8,-10.1,19.1,73.0,40.4,116.6
2026-07-20 07:00:00,HELS-008-2,HELS-008,Band 3 (1800MHz),-76.5,-11.9,13.6,62.8,17.2,93.6
2026-07-20 07:00:00,HELS-008-3,HELS-008,Band 3 (1800MHz),-88.8,-13.8,10.5,70.5,22.7,111.2
2026-07-20 07:00:00,HELS-009-1,HELS-009,Band 1 (2100MHz),-91.4,-11.6,4.5,59.5,25.1,147.3
2026-07-20 07:00:00,HELS-009-2,HELS-009,Band 1 (2100MHz),-87.2,-14.9,16.5,65.0,31.8,110.1
2026-07-20 07:00:00,HELS-009-3,HELS-009,Band 1 (2100MHz),-82.7,-15.7,2.7,43.6,40.6,87.2
2026-07-20 07:00:00,HELS-010-1,HELS-010,Band 3 (1800MHz),-84.9,-8.9,10.7,81.1,40.2,84.5
2026-07-20 07:00:00,HELS-010-2,HELS-010,Band 3 (1800MHz),-86.9,-13.7,19.2,42.6,37.2,152.2
2026-07-20 07:00:00,HELS-010-3,HELS-010,Band 3 (1800MHz),-89.0,-8.1,11.8,67.4,30.9,88.3
2026-07-20 07:00:00,HELS-011-1,HELS-011,Band 1 (2100MHz),-84.8,-8.6,18.4,52.5,32.9,95.9
2026-07-20 07:00:00,HELS-011-2,HELS-011,Band 1 (2100MHz),-82.8,-8.3,13.1,77.0,50.0,104.0
2026-07-20 07:00:00,HELS-011-3,HELS-011,Band 1 (2100MHz),-84.6,-13.3,20.1,41.3,34.9,113.1
2026-07-20 07:00:00,HELS-012-1,HELS-012,Band 3 (1800MHz),-82.7,-10.6,17.2,68.6,33.4,72.3
2026-07-20 07:00:00,HELS-012-2,HELS-012,Band 3 (1800MHz),-95.2,-16.5,10.1,67.7,27.1,142.1
2026-07-20 07:00:00,HELS-012-3,HELS-012,Band 3 (1800MHz),-79.1,-11.7,11.8,56.7,31.1,88.4
2026-07-20 07:00:00,HELS-013-1,HELS-013,Band 1 (2100MHz),-85.4,-11.4,19.8,54.0,21.4,146.2
2026-07-20 07:00:00,HELS-013-2,HELS-013,Band 1 (2100MHz),-81.2,-8.2,20.7,50.7,41.4,100.8
2026-07-20 07:00:00,HELS-013-3,HELS-013,Band 1 (2100MHz),-81.7,-9.4,20.6,43.0,36.0,98.3
2026-07-20 07:00:00,HELS-014-1,HELS-014,Band 3 (1800MHz),-77.6,-11.8,3.5,38.3,36.8,83.4
2026-07-20 07:00:00,HELS-014-2,HELS-014,Band 3 (1800MHz),-82.9,-10.7,20.7,50.7,35.1,96.7
2026-07-20 07:00:00,HELS-014-3,HELS-014,Band 3 (1800MHz),-89.3,-14.8,17.8,47.1,24.0,154.9
2026-07-20 08:00:00,HELS-001-1,HELS-001,Band 1 (2100MHz),-77.6,-13.0,8.6,100.0,42.9,149.6
2026-07-20 08:00:00,HELS-001-2,HELS-001,Band 1 (2100MHz),-97.7,-18.7,10.5,63.6,31.4,110.8
2026-07-20 08:00:00,HELS-001-3,HELS-001,Band 1 (2100MHz),-102.2,-15.7,2.0,70.4,52.0,122.8
2026-07-20 08:00:00,HELS-002-1,HELS-002,Band 3 (1800MHz),-86.3,-14.0,11.9,95.2,55.7,119.9
2026-07-20 08:00:00,HELS-002-2,HELS-002,Band 3 (1800MHz),-87.7,-11.6,17.6,98.3,36.6,198.7
2026-07-20 08:00:00,HELS-002-3,HELS-002,Band 3 (1800MHz),-84.5,-10.4,3.1,73.3,42.8,107.2
2026-07-20 08:00:00,HELS-003-1,HELS-003,Band 1 (2100MHz),-81.1,-12.7,17.3,75.3,64.6,151.0
2026-07-20 08:00:00,HELS-003-2,HELS-003,Band 1 (2100MHz),-87.3,-14.3,9.7,81.3,47.1,131.8
2026-07-20 08:00:00,HELS-003-3,HELS-003,Band 1 (2100MHz),-86.5,-11.5,10.0,84.9,52.6,138.6
2026-07-20 08:00:00,HELS-004-1,HELS-004,Band 3 (1800MHz),-91.7,-12.2,18.9,73.5,42.4,111.0
2026-07-20 08:00:00,HELS-004-2,HELS-004,Band 3 (1800MHz),-83.7,-14.2,15.7,86.1,43.0,123.2
2026-07-20 08:00:00,HELS-004-3,HELS-004,Band 3 (1800MHz),-87.3,-11.0,19.2,100.0,61.4,119.2
2026-07-20 08:00:00,HELS-005-1,HELS-005,Band 1 (2100MHz),-96.4,-16.1,9.6,79.6,53.7,185.7
2026-07-20 08:00:00,HELS-005-2,HELS-005,Band 1 (2100MHz),-80.8,-14.3,16.1,66.8,50.7,120.6
2026-07-20 08:00:00,HELS-005-3,HELS-005,Band 1 (2100MHz),-88.0,-10.1,8.9,74.3,51.1,169.8
2026-07-20 08:00:00,HELS-006-1,HELS-006,Band 3 (1800MHz),-81.7,-7.6,18.6,100.0,57.3,116.1
2026-07-20 08:00:00,HELS-006-2,HELS-006,Band 3 (1800MHz),-90.6,-11.1,11.6,93.8,44.0,130.0
2026-07-20 08:00:00,HELS-006-3,HELS-006,Band 3 (1800MHz),-79.9,-9.2,12.2,98.6,59.5,134.9
2026-07-20 08:00:00,HELS-007-1,HELS-007,Band 1 (2100MHz),-89.3,-12.7,17.2,100.0,35.1,147.5
2026-07-20 08:00:00,HELS-007-2,HELS-007,Band 1 (2100MHz),-89.5,-13.8,8.2,82.2,42.4,112.0
2026-07-20 08:00:00,HELS-007-3,HELS-007,Band 1 (2100MHz),-83.0,-13.2,14.4,93.3,42.6,134.1
2026-07-20 08:00:00,HELS-008-1,HELS-008,Band 3 (1800MHz),-87.4,-8.8,14.0,61.8,41.2,133.8
2026-07-20 08:00:00,HELS-008-2,HELS-008,Band 3 (1800MHz),-81.3,-10.9,16.6,91.4,49.7,127.4
2026-07-20 08:00:00,HELS-008-3,HELS-008,Band 3 (1800MHz),-89.8,-12.9,16.4,73.5,46.3,136.4
2026-07-20 08:00:00,HELS-009-1,HELS-009,Band 1 (2100MHz),-85.8,-15.5,7.4,86.5,39.8,124.3
2026-07-20 08:00:00,HELS-009-2,HELS-009,Band 1 (2100MHz),-82.3,-11.5,13.6,83.5,56.1,152.7
2026-07-20 08:00:00,HELS-009-3,HELS-009,Band 1 (2100MHz),-83.7,-9.2,12.4,93.2,43.8,129.6
2026-07-20 08:00:00,HELS-010-1,HELS-010,Band 3 (1800MHz),-88.2,-12.7,18.3,80.2,53.3,104.3
2026-07-20 08:00:00,HELS-010-2,HELS-010,Band 3 (1800MHz),-88.6,-9.4,16.7,89.7,45.5,122.6
2026-07-20 08:00:00,HELS-010-3,HELS-010,Band 3 (1800MHz),-86.5,-11.5,15.9,83.6,56.4,94.9
2026-07-20 08:00:00,HELS-011-1,HELS-011,Band 1 (2100MHz),-81.3,-14.0,13.8,91.4,36.5,98.7
2026-07-20 08:00:00,HELS-011-2,HELS-011,Band 1 (2100MHz),-84.2,-12.2,16.2,75.3,34.9,150.3
2026-07-20 08:00:00,HELS-011-3,HELS-011,Band 1 (2100MHz),-79.5,-13.6,17.6,82.1,47.8,122.3
2026-07-20 08:00:00,HELS-012-1,HELS-012,Band 3 (1800MHz),-83.2,-12.4,20.4,81.0,47.6,114.1
2026-07-20 08:00:00,HELS-012-2,HELS-012,Band 3 (1800MHz),-93.6,-15.5,8.8,69.8,36.8,119.7
2026-07-20 08:00:00,HELS-012-3,HELS-012,Band 3 (1800MHz),-83.7,-14.6,15.2,80.1,40.6,145.8
2026-07-20 08:00:00,HELS-013-1,HELS-013,Band 1 (2100MHz),-84.1,-15.1,7.9,79.1,61.0,182.5
2026-07-20 08:00:00,HELS-013-2,HELS-013,Band 1 (2100MHz),-78.5,-8.4,25.0,83.7,27.8,151.8
2026-07-20 08:00:00,HELS-013-3,HELS-013,Band 1 (2100MHz),-90.9,-9.3,16.8,79.6,39.2,95.8
2026-07-20 08:00:00,HELS-014-1,HELS-014,Band 3 (1800MHz),-85.7,-12.7,13.6,81.4,50.9,102.9
2026-07-20 08:00:00,HELS-014-2,HELS-014,Band 3 (1800MHz),-86.2,-11.9,6.6,71.6,41.3,131.4
2026-07-20 08:00:00,HELS-014-3,HELS-014,Band 3 (1800MHz),-79.5,-10.1,10.5,90.0,52.3,141.6
2026-07-20 09:00:00,HELS-001-1,HELS-001,Band 1 (2100MHz),-86.0,-10.8,15.9,71.0,48.9,64.7
2026-07-20 09:00:00,HELS-001-2,HELS-001,Band 1 (2100MHz),-98.6,-15.9,5.0,69.4,27.0,101.6
2026-07-20 09:00:00,HELS-001-3,HELS-001,Band 1 (2100MHz),-99.9,-16.9,-4.7,76.5,36.8,111.4
2026-07-20 09:00:00,HELS-002-1,HELS-002,Band 3 (1800MHz),-92.0,-12.9,20.8,64.1,33.0,73.2
2026-07-20 09:00:00,HELS-002-2,HELS-002,Band 3 (1800MHz),-90.3,-11.2,-1.3,67.8,36.2,87.5
2026-07-20 09:00:00,HELS-002-3,HELS-002,Band 3 (1800MHz),-81.5,-11.9,15.4,52.9,40.4,88.3
2026-07-20 09:00:00,HELS-003-1,HELS-003,Band 1 (2100MHz),-85.3,-10.3,10.5,43.3,41.9,86.9
2026-07-20 09:00:00,HELS-003-2,HELS-003,Band 1 (2100MHz),-84.3,-13.6,14.7,62.1,47.4,94.0
2026-07-20 09:00:00,HELS-003-3,HELS-003,Band 1 (2100MHz),-84.6,-13.7,18.9,70.8,27.0,107.0
2026-07-20 09:00:00,HELS-004-1,HELS-004,Band 3 (1800MHz),-91.8,-12.0,15.5,56.2,32.9,131.2
2026-07-20 09:00:00,HELS-004-2,HELS-004,Band 3 (1800MHz),-86.6,-12.7,15.5,70.9,41.1,93.3
2026-07-20 09:00:00,HELS-004-3,HELS-004,Band 3 (1800MHz),-80.6,-5.7,16.9,48.1,37.0,96.1
2026-07-20 09:00:00,HELS-005-1,HELS-005,Band 1 (2100MHz),-100.6,-13.2,4.5,50.1,21.0,86.5
2026-07-20 09:00:00,HELS-005-2,HELS-005,Band 1 (2100MHz),-80.0,-14.5,21.7,78.3,31.1,114.2
2026-07-20 09:00:00,HELS-005-3,HELS-005,Band 1 (2100MHz),-85.3,-9.1,8.8,52.5,25.7,77.3
2026-07-20 09:00:00,HELS-006-1,HELS-006,Band 3 (1800MHz),-89.2,-14.3,11.7,83.5,24.0,97.8
2026-07-20 09:00:00,HELS-006-2,HELS-006,Band 3 (1800MHz),-84.7,-10.4,9.5,75.2,38.5,109.4
2026-07-20 09:00:00,HELS-006-3,HELS-006,Band 3 (1800MHz),-85.8,-13.6,9.9,52.4,45.3,102.1
2026-07-20 09:00:00,HELS-007-1,HELS-007,Band 1 (2100MHz),-81.5,-10.3,4.6,55.1,46.2,141.5
2026-07-20 09:00:00,HELS-007-2,HELS-007,Band 1 (2100MHz),-89.1,-14.7,5.4,57.9,33.2,139.1
2026-07-20 09:00:00,HELS-007-3,HELS-007,Band 1 (2100MHz),-88.8,-11.4,8.3,46.6,39.8,58.4
2026-07-20 09:00:00,HELS-008-1,HELS-008,Band 3 (1800MHz),-88.2,-11.2,11.7,58.3,53.4,99.8
2026-07-20 09:00:00,HELS-008-2,HELS-008,Band 3 (1800MHz),-85.2,-9.9,13.7,65.7,26.7,125.7
2026-07-20 09:00:00,HELS-008-3,HELS-008,Band 3 (1800MHz),-72.9,-10.7,8.0,60.1,30.6,95.8
2026-07-20 09:00:00,HELS-009-1,HELS-009,Band 1 (2100MHz),-89.1,-10.3,10.4,73.9,33.3,133.0
2026-07-20 09:00:00,HELS-009-2,HELS-009,Band 1 (2100MHz),-82.6,-13.8,10.4,61.7,58.1,108.3
2026-07-20 09:00:00,HELS-009-3,HELS-009,Band 1 (2100MHz),-88.1,-14.8,19.7,51.5,49.0,105.5
2026-07-20 09:00:00,HELS-010-1,HELS-010,Band 3 (1800MHz),-84.7,-7.5,12.6,42.2,27.8,95.0
2026-07-20 09:00:00,HELS-010-2,HELS-010,Band 3 (1800MHz),-83.9,-14.3,4.5,60.2,37.3,127.6
2026-07-20 09:00:00,HELS-010-3,HELS-010,Band 3 (1800MHz),-82.8,-13.4,17.2,61.9,35.1,111.2
2026-07-20 09:00:00,HELS-011-1,HELS-011,Band 1 (2100MHz),-85.5,-11.2,8.7,61.1,36.7,37.2
2026-07-20 09:00:00,HELS-011-2,HELS-011,Band 1 (2100MHz),-87.6,-10.5,12.8,72.2,41.8,104.4
2026-07-20 09:00:00,HELS-011-3,HELS-011,Band 1 (2100MHz),-86.0,-11.1,18.8,64.6,38.8,138.2
2026-07-20 09:00:00,HELS-012-1,HELS-012,Band 3 (1800MHz),-87.1,-10.9,14.4,49.8,34.1,84.0
2026-07-20 09:00:00,HELS-012-2,HELS-012,Band 3 (1800MHz),-100.6,-13.1,-3.6,55.6,31.7,113.3
2026-07-20 09:00:00,HELS-012-3,HELS-012,Band 3 (1800MHz),-77.2,-11.2,8.5,37.9,54.5,123.7
2026-07-20 09:00:00,HELS-013-1,HELS-013,Band 1 (2100MHz),-81.5,-10.0,13.4,71.4,18.4,123.5
2026-07-20 09:00:00,HELS-013-2,HELS-013,Band 1 (2100MHz),-90.6,-9.8,20.6,60.5,52.8,88.2
2026-07-20 09:00:00,HELS-013-3,HELS-013,Band 1 (2100MHz),-81.9,-9.4,10.2,46.8,21.9,89.7
2026-07-20 09:00:00,HELS-014-1,HELS-014,Band 3 (1800MHz),-93.9,-10.0,12.9,78.9,36.7,100.7
2026-07-20 09:00:00,HELS-014-2,HELS-014,Band 3 (1800MHz),-87.1,-9.1,14.3,48.5,34.9,136.9
2026-07-20 09:00:00,HELS-014-3,HELS-014,Band 3 (1800MHz),-86.4,-11.1,21.8,49.6,42.5,130.5
2026-07-20 10:00:00,HELS-001-1,HELS-001,Band 1 (2100MHz),-85.6,-7.5,13.0,13.3,25.1,33.2
2026-07-20 10:00:00,HELS-001-2,HELS-001,Band 1 (2100MHz),-94.3,-10.8,2.0,23.2,7.4,48.6
2026-07-20 10:00:00,HELS-001-3,HELS-001,Band 1 (2100MHz),-96.1,-12.2,8.6,24.2,25.5,55.0
2026-07-20 10:00:00,HELS-002-1,HELS-002,Band 3 (1800MHz),-86.0,-7.4,20.2,19.8,9.2,47.2
2026-07-20 10:00:00,HELS-002-2,HELS-002,Band 3 (1800MHz),-80.7,-9.6,12.1,15.9,2.7,21.5
2026-07-20 10:00:00,HELS-002-3,HELS-002,Band 3 (1800MHz),-86.1,-9.3,13.9,19.0,10.8,18.6
2026-07-20 10:00:00,HELS-003-1,HELS-003,Band 1 (2100MHz),-86.1,-8.3,10.4,8.6,8.9,64.6
2026-07-20 10:00:00,HELS-003-2,HELS-003,Band 1 (2100MHz),-80.0,-5.3,14.4,3.6,14.0,27.4
2026-07-20 10:00:00,HELS-003-3,HELS-003,Band 1 (2100MHz),-83.5,-10.7,16.7,38.3,10.5,50.9
2026-07-20 10:00:00,HELS-004-1,HELS-004,Band 3 (1800MHz),-90.0,-10.4,23.6,28.1,5.6,37.8
2026-07-20 10:00:00,HELS-004-2,HELS-004,Band 3 (1800MHz),-86.0,-8.5,12.8,0.4,16.7,28.2
2026-07-20 10:00:00,HELS-004-3,HELS-004,Band 3 (1800MHz),-91.3,-11.3,18.4,14.1,7.8,39.6
2026-07-20 10:00:00,HELS-005-1,HELS-005,Band 1 (2100MHz),-101.1,-13.7,1.2,0.0,23.9,0.0
2026-07-20 10:00:00,HELS-005-2,HELS-005,Band 1 (2100MHz),-87.4,-7.6,11.7,13.8,26.0,70.9
2026-07-20 10:00:00,HELS-005-3,HELS-005,Band 1 (2100MHz),-83.4,-7.7,13.2,43.1,19.8,56.4
2026-07-20 10:00:00,HELS-006-1,HELS-006,Band 3 (1800MHz),-84.8,-8.8,12.5,0.0,0.0,13.6
2026-07-20 10:00:00,HELS-006-2,HELS-006,Band 3 (1800MHz),-82.1,-8.2,19.9,29.7,21.9,21.9
2026-07-20 10:00:00,HELS-006-3,HELS-006,Band 3 (1800MHz),-78.5,-6.8,13.6,16.1,22.1,53.2
2026-07-20 10:00:00,HELS-007-1,HELS-007,Band 1 (2100MHz),-84.2,-9.7,11.4,5.5,9.2,34.0
2026-07-20 10:00:00,HELS-007-2,HELS-007,Band 1 (2100MHz),-80.1,-9.6,9.9,19.9,25.8,34.0
2026-07-20 10:00:00,HELS-007-3,HELS-007,Band 1 (2100MHz),-82.5,-4.6,10.5,27.7,3.5,21.3
2026-07-20 10:00:00,HELS-008-1,HELS-008,Band 3 (1800MHz),-82.4,-7.0,16.6,33.3,16.5,25.2
2026-07-20 10:00:00,HELS-008-2,HELS-008,Band 3 (1800MHz),-83.2,-9.5,8.6,35.4,21.5,0.0
2026-07-20 10:00:00,HELS-008-3,HELS-008,Band 3 (1800MHz),-88.4,-11.0,9.7,48.7,3.6,32.4
2026-07-20 10:00:00,HELS-009-1,HELS-009,Band 1 (2100MHz),-83.2,-4.3,16.2,33.0,0.0,23.4
2026-07-20 10:00:00,HELS-009-2,HELS-009,Band 1 (2100MHz),-86.2,-8.3,14.2,15.1,16.7,14.4
2026-07-20 10:00:00,HELS-009-3,HELS-009,Band 1 (2100MHz),-83.5,-8.1,17.5,23.0,9.5,22.0
2026-07-20 10:00:00,HELS-010-1,HELS-010,Band 3 (1800MHz),-86.7,-9.0,17.3,24.0,15.8,0.0
2026-07-20 10:00:00,HELS-010-2,HELS-010,Band 3 (1800MHz),-84.2,-7.8,18.5,27.8,7.9,0.0
2026-07-20 10:00:00,HELS-010-3,HELS-010,Band 3 (1800MHz),-80.4,-10.7,11.3,24.3,12.7,0.0
2026-07-20 10:00:00,HELS-011-1,HELS-011,Band 1 (2100MHz),-88.9,-8.4,9.4,40.0,0.0,38.2
2026-07-20 10:00:00,HELS-011-2,HELS-011,Band 1 (2100MHz),-89.3,-8.4,18.1,0.0,5.5,43.7
2026-07-20 10:00:00,HELS-011-3,HELS-011,Band 1 (2100MHz),-85.1,-11.6,19.2,44.5,21.1,0.0
2026-07-20 10:00:00,HELS-012-1,HELS-012,Band 3 (1800MHz),-82.8,-6.8,12.5,25.5,25.2,27.6
2026-07-20 10:00:00,HELS-012-2,HELS-012,Band 3 (1800MHz),-93.7,-11.2,9.8,22.8,14.5,37.7
2026-07-20 10:00:00,HELS-012-3,HELS-012,Band 3 (1800MHz),-88.4,-9.8,18.1,15.8,0.0,0.0
2026-07-20 10:00:00,HELS-013-1,HELS-013,Band 1 (2100MHz),-89.8,-8.3,12.6,25.3,25.8,71.8
2026-07-20 10:00:00,HELS-013-2,HELS-013,Band 1 (2100MHz),-79.2,-5.4,3.2,1.9,16.5,13.2
2026-07-20 10:00:00,HELS-013-3,HELS-013,Band 1 (2100MHz),-85.3,-7.7,8.8,22.4,22.7,18.3
2026-07-20 10:00:00,HELS-014-1,HELS-014,Band 3 (1800MHz),-89.3,-8.7,8.7,18.9,9.8,24.8
2026-07-20 10:00:00,HELS-014-2,HELS-014,Band 3 (1800MHz),-80.6,-7.6,20.8,28.5,5.9,54.9
2026-07-20 10:00:00,HELS-014-3,HELS-014,Band 3 (1800MHz),-89.3,-6.0,15.2,26.9,5.3,10.6
2026-07-20 11:00:00,HELS-001-1,HELS-001,Band 1 (2100MHz),-83.9,-10.1,13.3,53.4,33.8,62.6
2026-07-20 11:00:00,HELS-001-2,HELS-001,Band 1 (2100MHz),-102.0,-13.3,7.3,75.7,37.7,62.0
2026-07-20 11:00:00,HELS-001-3,HELS-001,Band 1 (2100MHz),-88.7,-18.4,3.7,65.3,25.2,126.9
2026-07-20 11:00:00,HELS-002-1,HELS-002,Band 3 (1800MHz),-83.0,-9.3,8.3,67.2,26.5,82.9
2026-07-20 11:00:00,HELS-002-2,HELS-002,Band 3 (1800MHz),-81.3,-13.6,10.0,44.3,22.6,114.3
2026-07-20 11:00:00,HELS-002-3,HELS-002,Band 3 (1800MHz),-90.4,-13.0,3.2,68.6,20.4,50.7
2026-07-20 11:00:00,HELS-003-1,HELS-003,Band 1 (2100MHz),-85.9,-10.0,14.3,60.6,26.2,97.2
2026-07-20 11:00:00,HELS-003-2,HELS-003,Band 1 (2100MHz),-81.9,-7.0,10.8,48.5,30.4,98.3
2026-07-20 11:00:00,HELS-003-3,HELS-003,Band 1 (2100MHz),-83.6,-8.8,10.9,51.9,38.6,88.1
2026-07-20 11:00:00,HELS-004-1,HELS-004,Band 3 (1800MHz),-85.6,-9.1,20.5,76.2,37.6,87.7
2026-07-20 11:00:00,HELS-004-2,HELS-004,Band 3 (1800MHz),-83.9,-12.8,13.7,71.2,44.1,103.0
2026-07-20 11:00:00,HELS-004-3,HELS-004,Band 3 (1800MHz),-80.1,-10.7,10.0,55.5,39.0,62.3
2026-07-20 11:00:00,HELS-005-1,HELS-005,Band 1 (2100MHz),-101.4,-16.6,2.3,49.4,22.3,110.2
2026-07-20 11:00:00,HELS-005-2,HELS-005,Band 1 (2100MHz),-77.6,-13.1,12.9,49.7,29.2,68.8
2026-07-20 11:00:00,HELS-005-3,HELS-005,Band 1 (2100MHz),-81.6,-9.7,19.3,49.5,37.1,75.2
2026-07-20 11:00:00,HELS-006-1,HELS-006,Band 3 (1800MHz),-81.4,-12.4,9.3,55.4,21.6,84.9
2026-07-20 11:00:00,HELS-006-2,HELS-006,Band 3 (1800MHz),-86.8,-11.8,7.9,53.5,26.8,48.4
2026-07-20 11:00:00,HELS-006-3,HELS-006,Band 3 (1800MHz),-83.3,-10.2,10.9,56.5,20.8,71.8
2026-07-20 11:00:00,HELS-007-1,HELS-007,Band 1 (2100MHz),-87.8,-13.4,17.4,54.7,32.4,95.5
2026-07-20 11:00:00,HELS-007-2,HELS-007,Band 1 (2100MHz),-80.6,-12.2,17.5,49.4,18.0,100.6
2026-07-20 11:00:00,HELS-007-3,HELS-007,Band 1 (2100MHz),-80.5,-14.4,14.0,56.1,41.5,104.5
2026-07-20 11:00:00,HELS-008-1,HELS-008,Band 3 (1800MHz),-80.3,-10.6,19.4,58.5,36.4,68.3
2026-07-20 11:00:00,HELS-008-2,HELS-008,Band 3 (1800MHz),-83.8,-10.2,16.1,44.4,40.3,122.7
2026-07-20 11:00:00,HELS-008-3,HELS-008,Band 3 (1800MHz),-82.3,-12.1,17.1,54.2,25.6,122.3
2026-07-20 11:00:00,HELS-009-1,HELS-009,Band 1 (2100MHz),-87.4,-11.9,13.7,49.0,41.3,92.9
2026-07-20 11:00:00,HELS-009-2,HELS-009,Band 1 (2100MHz),-78.5,-11.7,19.3,59.0,16.5,129.1
2026-07-20 11:00:00,HELS-009-3,HELS-009,Band 1 (2100MHz),-87.5,-9.9,13.7,62.0,42.4,83.6
2026-07-20 11:00:00,HELS-010-1,HELS-010,Band 3 (1800MHz),-87.4,-9.8,9.7,79.5,43.4,74.8
2026-07-20 11:00:00,HELS-010-2,HELS-010,Band 3 (1800MHz),-86.9,-8.9,9.0,62.4,49.8,66.6
2026-07-20 11:00:00,HELS-010-3,HELS-010,Band 3 (1800MHz),-91.1,-7.0,14.4,73.0,28.1,113.2
2026-07-20 11:00:00,HELS-011-1,HELS-011,Band 1 (2100MHz),-77.4,-11.0,10.1,65.8,42.5,112.6
2026-07-20 11:00:00,HELS-011-2,HELS-011,Band 1 (2100MHz),-83.9,-10.4,16.2,48.6,27.0,103.6
2026-07-20 11:00:00,HELS-011-3,HELS-011,Band 1 (2100MHz),-83.5,-9.3,14.6,75.8,40.3,132.7
2026-07-20 11:00:00,HELS-012-1,HELS-012,Band 3 (1800MHz),-89.4,-9.8,12.0,78.3,17.9,118.2
2026-07-20 11:00:00,HELS-012-2,HELS-012,Band 3 (1800MHz),-99.7,-16.0,6.7,51.0,26.5,86.0
2026-07-20 11:00:00,HELS-012-3,HELS-012,Band 3 (1800MHz),-78.1,-10.2,11.8,56.1,37.5,57.7
2026-07-20 11:00:00,HELS-013-1,HELS-013,Band 1 (2100MHz),-85.9,-11.1,8.9,61.6,53.9,107.9
2026-07-20 11:00:00,HELS-013-2,HELS-013,Band 1 (2100MHz),-73.5,-4.4,24.3,57.9,38.7,96.8
2026-07-20 11:00:00,HELS-013-3,HELS-013,Band 1 (2100MHz),-80.3,-11.3,13.7,31.0,30.8,63.6
2026-07-20 11:00:00,HELS-014-1,HELS-014,Band 3 (1800MHz),-82.4,-11.5,14.4,61.2,37.0,98.5
2026-07-20 11:00:00,HELS-014-2,HELS-014,Band 3 (1800MHz),-78.5,-7.4,7.9,58.8,18.8,91.6
2026-07-20 11:00:00,HELS-014-3,HELS-014,Band 3 (1800MHz),-86.1,-11.9,13.5,79.3,20.5,109.3
2026-07-20 12:00:00,HELS-001-1,HELS-001,Band 1 (2100MHz),-80.7,-9.2,17.6,64.0,42.2,110.4
2026-07-20 12:00:00,HELS-001-2,HELS-001,Band 1 (2100MHz),-88.7,-16.3,1.7,50.2,33.8,123.0
2026-07-20 12:00:00,HELS-001-3,HELS-001,Band 1 (2100MHz),-98.4,-12.8,2.5,57.4,31.0,120.2
2026-07-20 12:00:00,HELS-002-1,HELS-002,Band 3 (1800MHz),-83.1,-8.9,13.5,57.1,46.0,104.0
2026-07-20 12:00:00,HELS-002-2,HELS-002,Band 3 (1800MHz),-88.9,-11.5,5.3,46.6,31.1,91.9
2026-07-20 12:00:00,HELS-002-3,HELS-002,Band 3 (1800MHz),-86.9,-8.0,10.0,59.2,35.6,65.7
2026-07-20 12:00:00,HELS-003-1,HELS-003,Band 1 (2100MHz),-80.7,-10.6,6.8,58.2,36.3,89.0
2026-07-20 12:00:00,HELS-003-2,HELS-003,Band 1 (2100MHz),-78.4,-12.8,15.9,66.9,26.3,89.5
2026-07-20 12:00:00,HELS-003-3,HELS-003,Band 1 (2100MHz),-84.4,-11.7,20.6,65.4,29.8,82.0
2026-07-20 12:00:00,HELS-004-1,HELS-004,Band 3 (1800MHz),-81.9,-9.0,12.2,57.2,40.3,95.7
2026-07-20 12:00:00,HELS-004-2,HELS-004,Band 3 (1800MHz),-84.7,-14.8,21.1,61.5,28.4,56.8
2026-07-20 12:00:00,HELS-004-3,HELS-004,Band 3 (1800MHz),-82.4,-9.5,15.5,37.2,29.1,118.2
2026-07-20 12:00:00,HELS-005-1,HELS-005,Band 1 (2100MHz),-97.5,-18.5,-4.5,48.0,31.5,60.0
2026-07-20 12:00:00,HELS-005-2,HELS-005,Band 1 (2100MHz),-86.2,-8.8,12.8,46.1,42.7,49.8
2026-07-20 12:00:00,HELS-005-3,HELS-005,Band 1 (2100MHz),-89.5,-10.1,6.8,60.8,33.1,92.0
2026-07-20 12:00:00,HELS-006-1,HELS-006,Band 3 (1800MHz),-86.0,-10.0,9.2,54.3,19.9,104.9
2026-07-20 12:00:00,HELS-006-2,HELS-006,Band 3 (1800MHz),-89.2,-8.7,10.6,47.2,30.6,92.5
2026-07-20 12:00:00,HELS-006-3,HELS-006,Band 3 (1800MHz),-83.7,-11.5,11.8,57.9,46.4,99.9
2026-07-20 12:00:00,HELS-007-1,HELS-007,Band 1 (2100MHz),-84.5,-13.1,13.5,52.8,34.4,61.1
2026-07-20 12:00:00,HELS-007-2,HELS-007,Band 1 (2100MHz),-85.7,-7.7,10.1,51.7,23.7,135.6
2026-07-20 12:00:00,HELS-007-3,HELS-007,Band 1 (2100MHz),-85.0,-11.3,11.1,69.6,32.4,83.4
2026-07-20 12:00:00,HELS-008-1,HELS-008,Band 3 (1800MHz),-77.3,-13.2,15.8,63.2,19.1,79.6
2026-07-20 12:00:00,HELS-008-2,HELS-008,Band 3 (1800MHz),-82.7,-13.0,16.7,44.9,39.3,51.5
2026-07-20 12:00:00,HELS-008-3,HELS-008,Band 3 (1800MHz),-85.6,-12.6,4.7,36.0,48.1,80.4
2026-07-20 12:00:00,HELS-009-1,HELS-009,Band 1 (2100MHz),-79.9,-9.8,5.7,53.4,37.9,126.2
2026-07-20 12:00:00,HELS-009-2,HELS-009,Band 1 (2100MHz),-86.2,-8.8,18.5,53.5,31.3,98.6
2026-07-20 12:00:00,HELS-009-3,HELS-009,Band 1 (2100MHz),-78.8,-13.4,19.8,32.3,34.4,83.0
2026-07-20 12:00:00,HELS-010-1,HELS-010,Band 3 (1800MHz),-83.2,-10.0,11.4,48.8,29.5,106.4
2026-07-20 12:00:00,HELS-010-2,HELS-010,Band 3 (1800MHz),-86.8,-14.3,18.5,63.3,34.2,103.3
2026-07-20 12:00:00,HELS-010-3,HELS-010,Band 3 (1800MHz),-86.0,-8.7,10.1,51.1,41.2,79.9
2026-07-20 12:00:00,HELS-011-1,HELS-011,Band 1 (2100MHz),-83.9,-11.5,12.2,37.8,31.3,91.2
2026-07-20 12:00:00,HELS-011-2,HELS-011,Band 1 (2100MHz),-74.8,-12.3,18.0,62.6,37.8,68.6
2026-07-20 12:00:00,HELS-011-3,HELS-011,Band 1 (2100MHz),-82.1,-10.8,14.8,54.8,32.3,84.2
2026-07-20 12:00:00,HELS-012-1,HELS-012,Band 3 (1800MHz),-74.4,-11.9,22.1,79.3,27.3,121.9
2026-07-20 12:00:00,HELS-012-2,HELS-012,Band 3 (1800MHz),-89.4,-13.0,9.3,51.8,23.4,80.7
2026-07-20 12:00:00,HELS-012-3,HELS-012,Band 3 (1800MHz),-79.7,-7.5,8.7,64.9,42.3,95.0
2026-07-20 12:00:00,HELS-013-1,HELS-013,Band 1 (2100MHz),-81.1,-9.5,14.0,66.3,27.2,97.5
2026-07-20 12:00:00,HELS-013-2,HELS-013,Band 1 (2100MHz),-87.6,-10.4,11.7,64.4,45.9,90.9
2026-07-20 12:00:00,HELS-013-3,HELS-013,Band 1 (2100MHz),-78.4,-10.1,15.3,50.2,37.2,115.3
2026-07-20 12:00:00,HELS-014-1,HELS-014,Band 3 (1800MHz),-76.1,-11.0,15.1,53.0,33.7,93.5
2026-07-20 12:00:00,HELS-014-2,HELS-014,Band 3 (1800MHz),-88.3,-9.4,13.1,54.2,35.4,91.2
2026-07-20 12:00:00,HELS-014-3,HELS-014,Band 3 (1800MHz),-87.5,-11.1,9.4,73.5,21.1,72.9
2026-07-20 13:00:00,HELS-001-1,HELS-001,Band 1 (2100MHz),-84.2,-11.0,15.2,36.6,28.8,115.2
2026-07-20 13:00:00,HELS-001-2,HELS-001,Band 1 (2100MHz),-104.5,-19.5,2.8,42.7,19.6,97.7
2026-07-20 13:00:00,HELS-001-3,HELS-001,Band 1 (2100MHz),-102.8,-18.2,4.6,54.2,31.4,62.9
2026-07-20 13:00:00,HELS-002-1,HELS-002,Band 3 (1800MHz),-83.3,-12.3,11.2,48.0,34.8,122.4
2026-07-20 13:00:00,HELS-002-2,HELS-002,Band 3 (1800MHz),-80.8,-11.6,10.6,64.2,46.2,84.1
2026-07-20 13:00:00,HELS-002-3,HELS-002,Band 3 (1800MHz),-85.7,-11.1,15.1,59.0,24.2,94.1
2026-07-20 13:00:00,HELS-003-1,HELS-003,Band 1 (2100MHz),-80.7,-8.1,20.3,55.7,36.4,82.4
2026-07-20 13:00:00,HELS-003-2,HELS-003,Band 1 (2100MHz),-82.2,-12.0,12.7,85.2,29.6,104.0
2026-07-20 13:00:00,HELS-003-3,HELS-003,Band 1 (2100MHz),-89.7,-8.3,21.1,50.8,19.1,88.0
2026-07-20 13:00:00,HELS-004-1,HELS-004,Band 3 (1800MHz),-81.7,-9.3,6.9,61.2,33.5,86.6
2026-07-20 13:00:00,HELS-004-2,HELS-004,Band 3 (1800MHz),-78.2,-9.4,5.2,74.8,33.5,104.5
2026-07-20 13:00:00,HELS-004-3,HELS-004,Band 3 (1800MHz),-90.1,-11.5,8.2,57.1,23.0,93.7
2026-07-20 13:00:00,HELS-005-1,HELS-005,Band 1 (2100MHz),-99.3,-15.8,0.1,56.2,17.8,101.3
2026-07-20 13:00:00,HELS-005-2,HELS-005,Band 1 (2100MHz),-80.4,-12.3,20.3,66.7,50.8,105.4
2026-07-20 13:00:00,HELS-005-3,HELS-005,Band 1 (2100MHz),-85.7,-14.4,23.9,60.0,21.0,97.0
2026-07-20 13:00:00,HELS-006-1,HELS-006,Band 3 (1800MHz),-83.1,-10.1,17.5,58.3,35.9,69.0
2026-07-20 13:00:00,HELS-006-2,HELS-006,Band 3 (1800MHz),-86.4,-8.2,16.3,59.2,25.0,113.6
2026-07-20 13:00:00,HELS-006-3,HELS-006,Band 3 (1800MHz),-86.1,-14.0,6.8,43.3,20.7,92.6
2026-07-20 13:00:00,HELS-007-1,HELS-007,Band 1 (2100MHz),-85.1,-12.4,10.2,56.9,21.6,78.2
2026-07-20 13:00:00,HELS-007-2,HELS-007,Band 1 (2100MHz),-82.2,-10.4,12.3,32.6,41.4,82.9
2026-07-20 13:00:00,HELS-007-3,HELS-007,Band 1 (2100MHz),-84.7,-12.0,16.8,37.3,36.3,114.6
2026-07-20 13:00:00,HELS-008-1,HELS-008,Band 3 (1800MHz),-83.8,-10.5,14.0,59.8,30.6,45.7
2026-07-20 13:00:00,HELS-008-2,HELS-008,Band 3 (1800MHz),-87.9,-11.1,14.2,69.2,28.7,89.4
2026-07-20 13:00:00,HELS-008-3,HELS-008,Band 3 (1800MHz),-82.5,-11.8,10.0,64.0,32.4,125.7
2026-07-20 13:00:00,HELS-009-1,HELS-009,Band 1 (2100MHz),-82.8,-10.8,4.6,67.9,26.8,59.2
2026-07-20 13:00:00,HELS-009-2,HELS-009,Band 1 (2100MHz),-86.9,-9.4,15.3,51.4,35.6,113.7
2026-07-20 13:00:00,HELS-009-3,HELS-009,Band 1 (2100MHz),-79.2,-6.3,11.1,59.0,34.8,69.4
2026-07-20 13:00:00,HELS-010-1,HELS-010,Band 3 (1800MHz),-81.9,-7.6,13.1,54.1,36.0,99.5
2026-07-20 13:00:00,HELS-010-2,HELS-010,Band 3 (1800MHz),-77.9,-11.5,11.5,79.6,26.3,51.8
2026-07-20 13:00:00,HELS-010-3,HELS-010,Band 3 (1800MHz),-84.1,-9.5,11.3,50.9,43.8,46.5
2026-07-20 13:00:00,HELS-011-1,HELS-011,Band 1 (2100MHz),-79.1,-9.5,11.6,65.5,19.8,84.2
2026-07-20 13:00:00,HELS-011-2,HELS-011,Band 1 (2100MHz),-81.2,-11.7,13.4,58.2,16.7,85.7
2026-07-20 13:00:00,HELS-011-3,HELS-011,Band 1 (2100MHz),-86.4,-8.3,12.4,45.5,24.8,87.9
2026-07-20 13:00:00,HELS-012-1,HELS-012,Band 3 (1800MHz),-84.4,-10.2,19.7,85.9,32.7,95.6
2026-07-20 13:00:00,HELS-012-2,HELS-012,Band 3 (1800MHz),-93.7,-13.2,1.5,30.2,38.7,118.8
2026-07-20 13:00:00,HELS-012-3,HELS-012,Band 3 (1800MHz),-87.5,-13.9,16.7,43.4,43.3,69.6
2026-07-20 13:00:00,HELS-013-1,HELS-013,Band 1 (2100MHz),-81.9,-12.9,20.0,57.7,35.5,79.3
2026-07-20 13:00:00,HELS-013-2,HELS-013,Band 1 (2100MHz),-91.2,-8.5,8.6,57.7,15.7,65.1
2026-07-20 13:00:00,HELS-013-3,HELS-013,Band 1 (2100MHz),-80.3,-10.0,14.5,53.9,27.7,98.1
2026-07-20 13:00:00,HELS-014-1,HELS-014,Band 3 (1800MHz),-83.5,-8.4,10.9,65.7,17.3,124.3
2026-07-20 13:00:00,HELS-014-2,HELS-014,Band 3 (1800MHz),-92.7,-9.5,10.8,70.4,42.1,104.2
2026-07-20 13:00:00,HELS-014-3,HELS-014,Band 3 (1800MHz),-84.1,-12.2,11.2,63.5,50.2,166.7
2026-07-20 14:00:00,HELS-001-1,HELS-001,Band 1 (2100MHz),-85.8,-12.0,17.9,52.3,33.0,116.5
2026-07-20 14:00:00,HELS-001-2,HELS-001,Band 1 (2100MHz),-98.3,-12.8,-1.0,29.3,22.5,49.2
2026-07-20 14:00:00,HELS-001-3,HELS-001,Band 1 (2100MHz),-100.4,-15.6,0.7,57.7,44.5,53.0
2026-07-20 14:00:00,HELS-002-1,HELS-002,Band 3 (1800MHz),-93.3,-12.2,14.7,65.5,49.6,97.9
2026-07-20 14:00:00,HELS-002-2,HELS-002,Band 3 (1800MHz),-80.0,-6.5,14.4,69.2,32.0,75.8
2026-07-20 14:00:00,HELS-002-3,HELS-002,Band 3 (1800MHz),-80.8,-8.1,15.0,51.6,29.7,92.8
2026-07-20 14:00:00,HELS-003-1,HELS-003,Band 1 (2100MHz),-81.7,-9.2,13.7,34.8,24.8,108.7
2026-07-20 14:00:00,HELS-003-2,HELS-003,Band 1 (2100MHz),-78.4,-7.3,12.9,90.8,28.2,108.9
2026-07-20 14:00:00,HELS-003-3,HELS-003,Band 1 (2100MHz),-82.5,-10.3,9.5,55.4,43.4,109.5
2026-07-20 14:00:00,HELS-004-1,HELS-004,Band 3 (1800MHz),-80.1,-10.2,10.4,46.2,36.2,78.7
2026-07-20 14:00:00,HELS-004-2,HELS-004,Band 3 (1800MHz),-82.1,-8.2,17.5,53.9,37.9,72.9
2026-07-20 14:00:00,HELS-004-3,HELS-004,Band 3 (1800MHz),-89.4,-12.9,10.0,35.5,48.1,116.3
2026-07-20 14:00:00,HELS-005-1,HELS-005,Band 1 (2100MHz),-96.9,-13.3,5.2,58.0,29.2,76.8
2026-07-20 14:00:00,HELS-005-2,HELS-005,Band 1 (2100MHz),-78.2,-9.2,18.1,68.9,37.5,41.0
2026-07-20 14:00:00,HELS-005-3,HELS-005,Band 1 (2100MHz),-80.7,-9.8,7.8,45.9,36.3,87.4
2026-07-20 14:00:00,HELS-006-1,HELS-006,Band 3 (1800MHz),-78.8,-11.2,6.9,56.4,35.9,91.9
2026-07-20 14:00:00,HELS-006-2,HELS-006,Band 3 (1800MHz),-80.5,-11.2,3.3,54.1,36.3,101.3
2026-07-20 14:00:00,HELS-006-3,HELS-006,Band 3 (1800MHz),-77.8,-11.2,10.6,62.4,33.4,94.0
2026-07-20 14:00:00,HELS-007-1,HELS-007,Band 1 (2100MHz),-85.9,-9.1,13.9,75.7,45.5,110.7
2026-07-20 14:00:00,HELS-007-2,HELS-007,Band 1 (2100MHz),-83.3,-8.8,9.0,41.0,28.1,132.4
2026-07-20 14:00:00,HELS-007-3,HELS-007,Band 1 (2100MHz),-84.1,-10.1,11.6,73.1,36.3,86.2
2026-07-20 14:00:00,HELS-008-1,HELS-008,Band 3 (1800MHz),-87.4,-11.4,5.7,76.0,24.4,126.8
2026-07-20 14:00:00,HELS-008-2,HELS-008,Band 3 (1800MHz),-81.1,-10.7,7.2,63.2,29.2,103.3
2026-07-20 14:00:00,HELS-008-3,HELS-008,Band 3 (1800MHz),-80.2,-10.3,16.7,60.1,30.7,97.4
2026-07-20 14:00:00,HELS-009-1,HELS-009,Band 1 (2100MHz),-85.8,-7.6,7.4,60.6,56.2,61.0
2026-07-20 14:00:00,HELS-009-2,HELS-009,Band 1 (2100MHz),-83.8,-10.8,15.2,67.9,24.0,110.0
2026-07-20 14:00:00,HELS-009-3,HELS-009,Band 1 (2100MHz),-88.7,-9.3,19.5,45.5,28.5,129.0
2026-07-20 14:00:00,HELS-010-1,HELS-010,Band 3 (1800MHz),-79.3,-11.4,16.4,70.3,43.8,104.2
2026-07-20 14:00:00,HELS-010-2,HELS-010,Band 3 (1800MHz),-84.6,-14.7,2.0,74.7,23.3,103.1
2026-07-20 14:00:00,HELS-010-3,HELS-010,Band 3 (1800MHz),-78.7,-8.9,12.7,81.4,12.4,126.9
2026-07-20 14:00:00,HELS-011-1,HELS-011,Band 1 (2100MHz),-86.8,-6.5,10.5,64.9,36.9,99.7
2026-07-20 14:00:00,HELS-011-2,HELS-011,Band 1 (2100MHz),-85.2,-11.1,18.7,58.0,37.8,120.7
2026-07-20 14:00:00,HELS-011-3,HELS-011,Band 1 (2100MHz),-75.8,-8.7,13.3,50.2,35.5,87.2
2026-07-20 14:00:00,HELS-012-1,HELS-012,Band 3 (1800MHz),-84.5,-9.2,10.6,46.5,35.1,83.9
2026-07-20 14:00:00,HELS-012-2,HELS-012,Band 3 (1800MHz),-105.4,-13.6,7.4,48.8,50.7,61.2
2026-07-20 14:00:00,HELS-012-3,HELS-012,Band 3 (1800MHz),-92.4,-11.7,17.2,59.3,31.1,101.0
2026-07-20 14:00:00,HELS-013-1,HELS-013,Band 1 (2100MHz),-91.6,-9.8,26.0,66.6,28.6,96.2
2026-07-20 14:00:00,HELS-013-2,HELS-013,Band 1 (2100MHz),-84.1,-11.4,17.3,40.4,27.5,76.0
2026-07-20 14:00:00,HELS-013-3,HELS-013,Band 1 (2100MHz),-86.5,-7.0,17.5,60.7,18.7,94.8
2026-07-20 14:00:00,HELS-014-1,HELS-014,Band 3 (1800MHz),-89.7,-10.6,16.9,37.6,45.6,59.0
2026-07-20 14:00:00,HELS-014-2,HELS-014,Band 3 (1800MHz),-85.7,-13.6,15.7,54.9,44.0,123.7
2026-07-20 14:00:00,HELS-014-3,HELS-014,Band 3 (1800MHz),-85.5,-9.0,17.2,56.7,29.0,106.2
2026-07-20 15:00:00,HELS-001-1,HELS-001,Band 1 (2100MHz),-85.0,-9.9,9.5,32.2,6.1,46.3
2026-07-20 15:00:00,HELS-001-2,HELS-001,Band 1 (2100MHz),-97.0,-10.9,13.1,15.5,11.2,46.7
2026-07-20 15:00:00,HELS-001-3,HELS-001,Band 1 (2100MHz),-94.3,-12.9,-0.8,0.0,16.5,32.2
2026-07-20 15:00:00,HELS-002-1,HELS-002,Band 3 (1800MHz),-82.7,-7.7,8.9,12.0,11.8,48.8
2026-07-20 15:00:00,HELS-002-2,HELS-002,Band 3 (1800MHz),-78.2,-7.9,19.7,0.0,12.7,41.0
2026-07-20 15:00:00,HELS-002-3,HELS-002,Band 3 (1800MHz),-89.3,-8.0,15.3,28.9,12.0,15.7
2026-07-20 15:00:00,HELS-003-1,HELS-003,Band 1 (2100MHz),-82.7,-11.5,13.5,41.6,21.3,26.5
2026-07-20 15:00:00,HELS-003-2,HELS-003,Band 1 (2100MHz),-83.9,-7.2,13.3,33.1,5.4,10.3
2026-07-20 15:00:00,HELS-003-3,HELS-003,Band 1 (2100MHz),-84.0,-8.3,18.6,24.1,26.8,64.0
2026-07-20 15:00:00,HELS-004-1,HELS-004,Band 3 (1800MHz),-84.3,-12.2,14.2,31.4,10.0,30.5
2026-07-20 15:00:00,HELS-004-2,HELS-004,Band 3 (1800MHz),-84.0,-9.9,6.2,9.9,6.4,48.4
2026-07-20 15:00:00,HELS-004-3,HELS-004,Band 3 (1800MHz),-79.3,-8.9,18.7,30.6,0.0,36.3
2026-07-20 15:00:00,HELS-005-1,HELS-005,Band 1 (2100MHz),-102.7,-12.6,-0.6,19.5,6.9,39.4
2026-07-20 15:00:00,HELS-005-2,HELS-005,Band 1 (2100MHz),-80.5,-8.9,7.4,19.3,0.2,0.0
2026-07-20 15:00:00,HELS-005-3,HELS-005,Band 1 (2100MHz),-82.6,-7.4,6.1,2.6,10.4,96.5
2026-07-20 15:00:00,HELS-006-1,HELS-006,Band 3 (1800MHz),-83.7,-9.0,16.6,12.8,0.0,31.6
2026-07-20 15:00:00,HELS-006-2,HELS-006,Band 3 (1800MHz),-87.7,-6.6,11.6,0.0,5.9,37.8
2026-07-20 15:00:00,HELS-006-3,HELS-006,Band 3 (1800MHz),-79.8,-10.9,1.0,0.3,2.4,37.7
2026-07-20 15:00:00,HELS-007-1,HELS-007,Band 1 (2100MHz),-80.4,-7.7,12.8,42.1,9.9,11.6
2026-07-20 15:00:00,HELS-007-2,HELS-007,Band 1 (2100MHz),-79.0,-9.5,13.5,20.6,0.0,54.5
2026-07-20 15:00:00,HELS-007-3,HELS-007,Band 1 (2100MHz),-76.2,-9.2,10.0,31.9,0.0,13.1
2026-07-20 15:00:00,HELS-008-1,HELS-008,Band 3 (1800MHz),-85.9,-9.6,12.9,20.5,0.0,69.9
2026-07-20 15:00:00,HELS-008-2,HELS-008,Band 3 (1800MHz),-84.8,-13.0,16.7,19.5,10.5,21.0
2026-07-20 15:00:00,HELS-008-3,HELS-008,Band 3 (1800MHz),-83.7,-5.0,14.2,13.8,1.1,5.8
2026-07-20 15:00:00,HELS-009-1,HELS-009,Band 1 (2100MHz),-78.4,-10.0,13.3,30.3,6.8,28.6
2026-07-20 15:00:00,HELS-009-2,HELS-009,Band 1 (2100MHz),-82.4,-5.8,17.0,20.3,7.3,9.6
2026-07-20 15:00:00,HELS-009-3,HELS-009,Band 1 (2100MHz),-78.8,-6.9,16.7,21.9,18.1,23.0
2026-07-20 15:00:00,HELS-010-1,HELS-010,Band 3 (1800MHz),-85.6,-8.6,5.9,25.1,12.0,25.7
2026-07-20 15:00:00,HELS-010-2,HELS-010,Band 3 (1800MHz),-84.7,-6.3,14.6,20.4,22.1,52.6
2026-07-20 15:00:00,HELS-010-3,HELS-010,Band 3 (1800MHz),-82.0,-5.6,13.8,21.1,0.0,11.8
2026-07-20 15:00:00,HELS-011-1,HELS-011,Band 1 (2100MHz),-84.5,-9.4,18.4,28.6,23.5,25.9
2026-07-20 15:00:00,HELS-011-2,HELS-011,Band 1 (2100MHz),-89.3,-13.6,9.0,0.0,12.8,0.0
2026-07-20 15:00:00,HELS-011-3,HELS-011,Band 1 (2100MHz),-76.6,-6.0,14.8,24.3,36.2,63.3
2026-07-20 15:00:00,HELS-012-1,HELS-012,Band 3 (1800MHz),-87.9,-7.1,20.8,31.4,28.1,14.3
2026-07-20 15:00:00,HELS-012-2,HELS-012,Band 3 (1800MHz),-99.5,-12.1,3.4,14.6,15.0,46.9
2026-07-20 15:00:00,HELS-012-3,HELS-012,Band 3 (1800MHz),-77.8,-8.9,14.7,31.6,13.0,25.5
2026-07-20 15:00:00,HELS-013-1,HELS-013,Band 1 (2100MHz),-80.9,-6.6,12.9,16.1,14.5,19.2
2026-07-20 15:00:00,HELS-013-2,HELS-013,Band 1 (2100MHz),-83.4,-11.0,8.3,11.5,11.0,41.5
2026-07-20 15:00:00,HELS-013-3,HELS-013,Band 1 (2100MHz),-81.7,-11.8,14.0,15.1,9.8,0.0
2026-07-20 15:00:00,HELS-014-1,HELS-014,Band 3 (1800MHz),-87.5,-9.2,14.2,0.0,14.8,0.0
2026-07-20 15:00:00,HELS-014-2,HELS-014,Band 3 (1800MHz),-83.6,-9.1,20.9,31.1,6.3,27.3
2026-07-20 15:00:00,HELS-014-3,HELS-014,Band 3 (1800MHz),-78.1,-11.9,6.0,14.7,5.3,52.7
2026-07-20 16:00:00,HELS-001-1,HELS-001,Band 1 (2100MHz),-78.4,-12.5,9.1,72.1,39.9,89.0
2026-07-20 16:00:00,HELS-001-2,HELS-001,Band 1 (2100MHz),-97.0,-15.8,1.0,81.5,35.9,139.6
2026-07-20 16:00:00,HELS-001-3,HELS-001,Band 1 (2100MHz),-97.9,-12.4,-5.6,82.9,37.3,122.7
2026-07-20 16:00:00,HELS-002-1,HELS-002,Band 3 (1800MHz),-91.7,-11.9,11.9,81.9,36.2,113.9
2026-07-20 16:00:00,HELS-002-2,HELS-002,Band 3 (1800MHz),-84.5,-13.6,17.0,61.9,30.7,139.4
2026-07-20 16:00:00,HELS-002-3,HELS-002,Band 3 (1800MHz),-83.5,-12.0,22.2,53.5,39.8,131.6
2026-07-20 16:00:00,HELS-003-1,HELS-003,Band 1 (2100MHz),-77.9,-9.9,7.1,73.0,49.3,101.0
2026-07-20 16:00:00,HELS-003-2,HELS-003,Band 1 (2100MHz),-86.0,-12.2,18.3,82.0,57.4,114.5
2026-07-20 16:00:00,HELS-003-3,HELS-003,Band 1 (2100MHz),-78.1,-15.7,8.8,71.6,36.3,118.7
2026-07-20 16:00:00,HELS-004-1,HELS-004,Band 3 (1800MHz),-86.9,-11.7,7.1,68.9,43.4,172.1
2026-07-20 16:00:00,HELS-004-2,HELS-004,Band 3 (1800MHz),-85.4,-12.2,11.6,85.4,32.3,95.2
2026-07-20 16:00:00,HELS-004-3,HELS-004,Band 3 (1800MHz),-80.0,-14.6,22.1,77.8,56.7,140.6
2026-07-20 16:00:00,HELS-005-1,HELS-005,Band 1 (2100MHz),-93.2,-14.9,5.2,88.5,53.5,92.1
2026-07-20 16:00:00,HELS-005-2,HELS-005,Band 1 (2100MHz),-85.7,-8.1,18.2,77.9,42.7,93.0
2026-07-20 16:00:00,HELS-005-3,HELS-005,Band 1 (2100MHz),-88.0,-11.1,5.5,88.3,47.9,144.1
2026-07-20 16:00:00,HELS-006-1,HELS-006,Band 3 (1800MHz),-78.4,-10.8,7.2,78.4,31.7,156.9
2026-07-20 16:00:00,HELS-006-2,HELS-006,Band 3 (1800MHz),-83.7,-11.0,16.7,87.0,51.6,71.6
2026-07-20 16:00:00,HELS-006-3,HELS-006,Band 3 (1800MHz),-81.4,-14.6,13.4,79.5,43.7,96.6
2026-07-20 16:00:00,HELS-007-1,HELS-007,Band 1 (2100MHz),-80.2,-10.7,24.4,57.5,39.1,113.8
2026-07-20 16:00:00,HELS-007-2,HELS-007,Band 1 (2100MHz),-87.4,-10.8,16.1,74.6,54.3,109.1
2026-07-20 16:00:00,HELS-007-3,HELS-007,Band 1 (2100MHz),-88.6,-10.1,18.8,58.6,43.3,135.3
2026-07-20 16:00:00,HELS-008-1,HELS-008,Band 3 (1800MHz),-85.7,-11.9,11.0,77.0,50.6,147.7
2026-07-20 16:00:00,HELS-008-2,HELS-008,Band 3 (1800MHz),-83.8,-11.1,12.8,94.4,50.6,105.3
2026-07-20 16:00:00,HELS-008-3,HELS-008,Band 3 (1800MHz),-86.0,-9.4,9.9,66.2,39.4,151.5
2026-07-20 16:00:00,HELS-009-1,HELS-009,Band 1 (2100MHz),-84.4,-7.0,19.0,77.7,41.5,204.4
2026-07-20 16:00:00,HELS-009-2,HELS-009,Band 1 (2100MHz),-80.1,-14.6,9.5,94.6,55.3,96.9
2026-07-20 16:00:00,HELS-009-3,HELS-009,Band 1 (2100MHz),-81.8,-7.9,12.2,78.7,49.5,113.8
2026-07-20 16:00:00,HELS-010-1,HELS-010,Band 3 (1800MHz),-84.9,-12.4,9.5,68.4,43.2,103.8
2026-07-20 16:00:00,HELS-010-2,HELS-010,Band 3 (1800MHz),-86.0,-8.1,8.1,70.6,35.9,152.2
2026-07-20 16:00:00,HELS-010-3,HELS-010,Band 3 (1800MHz),-83.4,-11.8,12.2,79.5,58.6,96.2
2026-07-20 16:00:00,HELS-011-1,HELS-011,Band 1 (2100MHz),-86.1,-9.8,9.9,60.0,40.9,155.1
2026-07-20 16:00:00,HELS-011-2,HELS-011,Band 1 (2100MHz),-81.3,-12.1,18.0,69.2,34.1,108.5
2026-07-20 16:00:00,HELS-011-3,HELS-011,Band 1 (2100MHz),-89.0,-10.5,8.1,77.1,54.2,170.0
2026-07-20 16:00:00,HELS-012-1,HELS-012,Band 3 (1800MHz),-86.1,-10.0,12.0,68.6,35.9,124.8
2026-07-20 16:00:00,HELS-012-2,HELS-012,Band 3 (1800MHz),-103.0,-18.1,0.8,75.1,52.1,93.9
2026-07-20 16:00:00,HELS-012-3,HELS-012,Band 3 (1800MHz),-85.5,-13.3,18.2,69.7,41.6,154.4
2026-07-20 16:00:00,HELS-013-1,HELS-013,Band 1 (2100MHz),-82.6,-11.6,15.4,80.9,42.7,112.8
2026-07-20 16:00:00,HELS-013-2,HELS-013,Band 1 (2100MHz),-82.9,-8.6,13.0,81.0,57.2,158.7
2026-07-20 16:00:00,HELS-013-3,HELS-013,Band 1 (2100MHz),-82.2,-14.5,8.0,83.8,43.6,105.2
2026-07-20 16:00:00,HELS-014-1,HELS-014,Band 3 (1800MHz),-85.4,-13.3,18.9,69.1,31.8,148.9
2026-07-20 16:00:00,HELS-014-2,HELS-014,Band 3 (1800MHz),-81.4,-11.3,23.7,89.2,48.3,93.3
2026-07-20 16:00:00,HELS-014-3,HELS-014,Band 3 (1800MHz),-81.8,-14.3,13.1,90.4,47.7,137.2
2026-07-20 17:00:00,HELS-001-1,HELS-001,Band 1 (2100MHz),-78.7,-12.6,16.4,70.7,52.3,126.4
2026-07-20 17:00:00,HELS-001-2,HELS-001,Band 1 (2100MHz),-99.6,-14.6,11.3,76.3,38.7,139.1
2026-07-20 17:00:00,HELS-001-3,HELS-001,Band 1 (2100MHz),-90.2,-13.7,2.4,100.0,42.4,130.1
2026-07-20 17:00:00,HELS-002-1,HELS-002,Band 3 (1800MHz),-86.7,-11.5,5.0,95.0,69.8,146.1
2026-07-20 17:00:00,HELS-002-2,HELS-002,Band 3 (1800MHz),-89.5,-16.4,23.0,89.2,63.2,107.2
2026-07-20 17:00:00,HELS-002-3,HELS-002,Band 3 (1800MHz),-95.0,-13.1,19.4,83.0,44.6,110.5
2026-07-20 17:00:00,HELS-003-1,HELS-003,Band 1 (2100MHz),-83.5,-10.1,12.8,80.5,62.8,131.1
2026-07-20 17:00:00,HELS-003-2,HELS-003,Band 1 (2100MHz),-85.9,-14.9,17.4,84.8,47.1,122.3
2026-07-20 17:00:00,HELS-003-3,HELS-003,Band 1 (2100MHz),-86.9,-11.1,16.2,87.8,48.2,184.7
2026-07-20 17:00:00,HELS-004-1,HELS-004,Band 3 (1800MHz),-84.5,-14.6,10.1,83.8,50.3,138.1
2026-07-20 17:00:00,HELS-004-2,HELS-004,Band 3 (1800MHz),-89.8,-7.8,8.3,71.9,60.0,89.4
2026-07-20 17:00:00,HELS-004-3,HELS-004,Band 3 (1800MHz),-83.0,-11.9,11.2,79.4,47.3,170.4
2026-07-20 17:00:00,HELS-005-1,HELS-005,Band 1 (2100MHz),-93.2,-13.9,3.6,77.5,55.4,132.9
2026-07-20 17:00:00,HELS-005-2,HELS-005,Band 1 (2100MHz),-79.8,-9.8,18.0,79.4,45.0,159.6
2026-07-20 17:00:00,HELS-005-3,HELS-005,Band 1 (2100MHz),-75.3,-14.7,9.5,64.1,40.7,152.2
2026-07-20 17:00:00,HELS-006-1,HELS-006,Band 3 (1800MHz),-86.1,-13.4,14.3,67.3,61.5,190.5
2026-07-20 17:00:00,HELS-006-2,HELS-006,Band 3 (1800MHz),-87.0,-11.2,14.2,78.0,44.3,183.9
2026-07-20 17:00:00,HELS-006-3,HELS-006,Band 3 (1800MHz),-74.8,-11.6,12.6,73.7,33.0,127.9
2026-07-20 17:00:00,HELS-007-1,HELS-007,Band 1 (2100MHz),-88.8,-14.9,22.8,66.4,54.0,130.7
2026-07-20 17:00:00,HELS-007-2,HELS-007,Band 1 (2100MHz),-88.0,-12.0,16.7,95.8,39.7,171.0
2026-07-20 17:00:00,HELS-007-3,HELS-007,Band 1 (2100MHz),-83.7,-15.1,15.6,69.6,40.3,119.0
2026-07-20 17:00:00,HELS-008-1,HELS-008,Band 3 (1800MHz),-87.9,-12.1,13.9,87.3,58.8,148.1
2026-07-20 17:00:00,HELS-008-2,HELS-008,Band 3 (1800MHz),-83.1,-9.5,9.4,88.0,60.9,126.2
2026-07-20 17:00:00,HELS-008-3,HELS-008,Band 3 (1800MHz),-84.3,-11.3,22.1,74.8,54.5,132.9
2026-07-20 17:00:00,HELS-009-1,HELS-009,Band 1 (2100MHz),-86.0,-12.3,18.9,88.3,37.6,138.4
2026-07-20 17:00:00,HELS-009-2,HELS-009,Band 1 (2100MHz),-81.9,-15.3,13.1,66.7,41.9,100.6
2026-07-20 17:00:00,HELS-009-3,HELS-009,Band 1 (2100MHz),-85.8,-12.3,17.7,88.4,44.4,158.8
2026-07-20 17:00:00,HELS-010-1,HELS-010,Band 3 (1800MHz),-80.0,-12.1,4.6,91.6,47.9,116.8
2026-07-20 17:00:00,HELS-010-2,HELS-010,Band 3 (1800MHz),-86.5,-9.4,10.1,71.1,55.3,137.5
2026-07-20 17:00:00,HELS-010-3,HELS-010,Band 3 (1800MHz),-88.4,-14.1,11.5,73.9,39.2,118.3
2026-07-20 17:00:00,HELS-011-1,HELS-011,Band 1 (2100MHz),-88.2,-13.0,10.8,87.5,60.0,141.6
2026-07-20 17:00:00,HELS-011-2,HELS-011,Band 1 (2100MHz),-87.1,-10.4,3.7,93.0,45.2,138.7
2026-07-20 17:00:00,HELS-011-3,HELS-011,Band 1 (2100MHz),-77.2,-10.9,15.2,65.8,46.7,117.8
2026-07-20 17:00:00,HELS-012-1,HELS-012,Band 3 (1800MHz),-85.1,-16.8,20.3,83.9,50.1,117.8
2026-07-20 17:00:00,HELS-012-2,HELS-012,Band 3 (1800MHz),-88.5,-15.3,1.1,65.6,41.4,133.2
2026-07-20 17:00:00,HELS-012-3,HELS-012,Band 3 (1800MHz),-92.6,-11.5,27.9,74.7,54.8,82.5
2026-07-20 17:00:00,HELS-013-1,HELS-013,Band 1 (2100MHz),-93.1,-10.7,16.0,95.4,47.0,123.9
2026-07-20 17:00:00,HELS-013-2,HELS-013,Band 1 (2100MHz),-80.5,-9.0,16.2,76.7,33.1,169.7
2026-07-20 17:00:00,HELS-013-3,HELS-013,Band 1 (2100MHz),-82.5,-13.2,18.2,81.6,43.5,157.1
2026-07-20 17:00:00,HELS-014-1,HELS-014,Band 3 (1800MHz),-84.2,-10.6,10.7,73.1,43.8,179.8
2026-07-20 17:00:00,HELS-014-2,HELS-014,Band 3 (1800MHz),-84.4,-13.2,18.3,94.0,60.3,85.9
2026-07-20 17:00:00,HELS-014-3,HELS-014,Band 3 (1800MHz),-82.9,-13.4,9.6,98.1,44.6,177.0
2026-07-20 18:00:00,HELS-001-1,HELS-001,Band 1 (2100MHz),-84.0,-14.1,16.1,82.7,46.9,136.9
2026-07-20 18:00:00,HELS-001-2,HELS-001,Band 1 (2100MHz),-97.3,-15.8,10.3,91.7,45.7,167.4
2026-07-20 18:00:00,HELS-001-3,HELS-001,Band 1 (2100MHz),-92.6,-17.1,-2.0,65.5,60.6,153.9
2026-07-20 18:00:00,HELS-002-1,HELS-002,Band 3 (1800MHz),-87.4,-10.1,19.6,93.3,45.3,154.9
2026-07-20 18:00:00,HELS-002-2,HELS-002,Band 3 (1800MHz),-87.3,-11.9,19.9,91.6,43.7,151.9
2026-07-20 18:00:00,HELS-002-3,HELS-002,Band 3 (1800MHz),-86.0,-15.5,17.1,81.0,47.0,140.9
2026-07-20 18:00:00,HELS-003-1,HELS-003,Band 1 (2100MHz),-84.7,-15.8,19.7,83.5,57.6,127.7
2026-07-20 18:00:00,HELS-003-2,HELS-003,Band 1 (2100MHz),-86.9,-13.2,12.4,79.6,42.4,123.5
2026-07-20 18:00:00,HELS-003-3,HELS-003,Band 1 (2100MHz),-85.5,-11.8,10.2,74.1,52.6,162.8
2026-07-20 18:00:00,HELS-004-1,HELS-004,Band 3 (1800MHz),-89.1,-12.3,12.9,82.3,38.3,124.4
2026-07-20 18:00:00,HELS-004-2,HELS-004,Band 3 (1800MHz),-85.1,-10.9,10.7,100.0,59.3,146.7
2026-07-20 18:00:00,HELS-004-3,HELS-004,Band 3 (1800MHz),-81.5,-12.8,5.4,100.0,57.0,138.0
2026-07-20 18:00:00,HELS-005-1,HELS-005,Band 1 (2100MHz),-94.1,-14.0,8.6,60.0,42.0,154.1
2026-07-20 18:00:00,HELS-005-2,HELS-005,Band 1 (2100MHz),-82.4,-10.7,16.4,97.9,59.3,149.0
2026-07-20 18:00:00,HELS-005-3,HELS-005,Band 1 (2100MHz),-84.7,-13.7,9.6,89.3,45.7,141.2
2026-07-20 18:00:00,HELS-006-1,HELS-006,Band 3 (1800MHz),-83.1,-11.5,14.3,100.0,48.8,121.3
2026-07-20 18:00:00,HELS-006-2,HELS-006,Band 3 (1800MHz),-85.1,-14.1,13.1,98.3,60.9,166.7
2026-07-20 18:00:00,HELS-006-3,HELS-006,Band 3 (1800MHz),-77.2,-13.3,18.1,100.0,43.7,134.7
2026-07-20 18:00:00,HELS-007-1,HELS-007,Band 1 (2100MHz),-85.0,-12.7,12.9,98.1,59.9,181.7
2026-07-20 18:00:00,HELS-007-2,HELS-007,Band 1 (2100MHz),-80.1,-13.9,9.4,88.1,44.1,146.5
2026-07-20 18:00:00,HELS-007-3,HELS-007,Band 1 (2100MHz),-91.0,-10.6,11.7,85.9,44.4,144.1
2026-07-20 18:00:00,HELS-008-1,HELS-008,Band 3 (1800MHz),-87.0,-13.6,5.3,100.0,37.9,127.5
2026-07-20 18:00:00,HELS-008-2,HELS-008,Band 3 (1800MHz),-85.9,-13.9,17.9,87.5,60.7,151.6
2026-07-20 18:00:00,HELS-008-3,HELS-008,Band 3 (1800MHz),-82.7,-9.1,14.9,84.9,56.2,139.9
2026-07-20 18:00:00,HELS-009-1,HELS-009,Band 1 (2100MHz),-84.5,-13.4,13.8,99.5,56.1,130.8
2026-07-20 18:00:00,HELS-009-2,HELS-009,Band 1 (2100MHz),-82.9,-14.4,12.5,100.0,54.1,157.5
2026-07-20 18:00:00,HELS-009-3,HELS-009,Band 1 (2100MHz),-86.8,-11.7,5.5,86.3,54.2,141.5
2026-07-20 18:00:00,HELS-010-1,HELS-010,Band 3 (1800MHz),-78.3,-13.0,11.7,97.8,41.0,171.6
2026-07-20 18:00:00,HELS-010-2,HELS-010,Band 3 (1800MHz),-80.9,-9.6,14.4,80.0,65.4,135.9
2026-07-20 18:00:00,HELS-010-3,HELS-010,Band 3 (1800MHz),-79.7,-10.2,16.5,97.3,51.7,188.1
2026-07-20 18:00:00,HELS-011-1,HELS-011,Band 1 (2100MHz),-88.4,-10.5,21.0,75.2,44.4,142.8
2026-07-20 18:00:00,HELS-011-2,HELS-011,Band 1 (2100MHz),-87.2,-11.2,13.7,97.8,49.1,151.8
2026-07-20 18:00:00,HELS-011-3,HELS-011,Band 1 (2100MHz),-79.3,-12.9,11.3,93.1,51.7,133.0
2026-07-20 18:00:00,HELS-012-1,HELS-012,Band 3 (1800MHz),-81.0,-9.0,10.9,97.7,37.6,149.3
2026-07-20 18:00:00,HELS-012-2,HELS-012,Band 3 (1800MHz),-97.2,-17.3,-0.1,83.8,49.2,166.8
2026-07-20 18:00:00,HELS-012-3,HELS-012,Band 3 (1800MHz),-80.6,-13.4,19.1,85.0,52.2,99.8
2026-07-20 18:00:00,HELS-013-1,HELS-013,Band 1 (2100MHz),-78.3,-11.5,2.1,98.7,65.0,81.9
2026-07-20 18:00:00,HELS-013-2,HELS-013,Band 1 (2100MHz),-87.8,-12.6,23.4,79.9,56.2,169.0
2026-07-20 18:00:00,HELS-013-3,HELS-013,Band 1 (2100MHz),-84.9,-11.8,0.8,75.2,50.6,124.2
2026-07-20 18:00:00,HELS-014-1,HELS-014,Band 3 (1800MHz),-84.3,-11.1,12.2,81.6,48.4,160.3
2026-07-20 18:00:00,HELS-014-2,HELS-014,Band 3 (1800MHz),-81.6,-13.6,6.9,89.7,53.1,132.8
2026-07-20 18:00:00,HELS-014-3,HELS-014,Band 3 (1800MHz),-81.9,-12.1,21.7,82.9,63.1,146.1
2026-07-20 19:00:00,HELS-001-1,HELS-001,Band 1 (2100MHz),-79.7,-8.6,14.7,89.4,48.6,157.0
2026-07-20 19:00:00,HELS-001-2,HELS-001,Band 1 (2100MHz),-104.4,-15.5,6.6,83.8,44.2,137.9
2026-07-20 19:00:00,HELS-001-3,HELS-001,Band 1 (2100MHz),-91.3,-15.9,-0.2,95.0,47.5,170.7
2026-07-20 19:00:00,HELS-002-1,HELS-002,Band 3 (1800MHz),-81.9,-9.6,19.2,95.3,61.2,168.0
2026-07-20 19:00:00,HELS-002-2,HELS-002,Band 3 (1800MHz),-82.3,-12.2,16.0,83.7,50.8,148.7
2026-07-20 19:00:00,HELS-002-3,HELS-002,Band 3 (1800MHz),-83.7,-9.6,14.5,86.5,47.4,159.7
2026-07-20 19:00:00,HELS-003-1,HELS-003,Band 1 (2100MHz),-89.4,-15.3,8.7,81.1,47.7,142.8
2026-07-20 19:00:00,HELS-003-2,HELS-003,Band 1 (2100MHz),-84.0,-13.6,19.2,87.9,36.8,145.3
2026-07-20 19:00:00,HELS-003-3,HELS-003,Band 1 (2100MHz),-84.4,-11.9,12.8,89.8,42.8,187.9
2026-07-20 19:00:00,HELS-004-1,HELS-004,Band 3 (1800MHz),-82.2,-14.3,17.1,86.1,59.1,133.9
2026-07-20 19:00:00,HELS-004-2,HELS-004,Band 3 (1800MHz),-76.0,-15.1,12.6,73.8,69.5,121.9
2026-07-20 19:00:00,HELS-004-3,HELS-004,Band 3 (1800MHz),-81.5,-14.4,23.0,79.3,53.0,149.6
2026-07-20 19:00:00,HELS-005-1,HELS-005,Band 1 (2100MHz),-93.8,-14.5,1.0,94.6,39.8,122.6
2026-07-20 19:00:00,HELS-005-2,HELS-005,Band 1 (2100MHz),-83.0,-9.7,10.1,58.9,56.2,155.8
2026-07-20 19:00:00,HELS-005-3,HELS-005,Band 1 (2100MHz),-81.8,-12.6,13.2,82.7,50.3,130.6
2026-07-20 19:00:00,HELS-006-1,HELS-006,Band 3 (1800MHz),-83.9,-8.7,12.1,91.1,30.1,123.2
2026-07-20 19:00:00,HELS-006-2,HELS-006,Band 3 (1800MHz),-78.4,-14.8,11.2,81.4,49.1,160.5
2026-07-20 19:00:00,HELS-006-3,HELS-006,Band 3 (1800MHz),-86.8,-11.9,11.3,84.3,49.1,92.0
2026-07-20 19:00:00,HELS-007-1,HELS-007,Band 1 (2100MHz),-80.4,-13.2,12.2,87.9,57.8,122.2
2026-07-20 19:00:00,HELS-007-2,HELS-007,Band 1 (2100MHz),-83.6,-15.7,14.2,100.0,61.9,135.3
2026-07-20 19:00:00,HELS-007-3,HELS-007,Band 1 (2100MHz),-86.4,-8.9,24.0,65.9,56.3,169.4
2026-07-20 19:00:00,HELS-008-1,HELS-008,Band 3 (1800MHz),-88.5,-14.0,12.7,82.5,39.7,110.9
2026-07-20 19:00:00,HELS-008-2,HELS-008,Band 3 (1800MHz),-85.2,-14.5,6.1,92.8,40.3,121.7
2026-07-20 19:00:00,HELS-008-3,HELS-008,Band 3 (1800MHz),-88.6,-12.5,23.4,72.3,42.7,84.2
2026-07-20 19:00:00,HELS-009-1,HELS-009,Band 1 (2100MHz),-78.9,-15.7,21.3,76.2,39.1,165.8
2026-07-20 19:00:00,HELS-009-2,HELS-009,Band 1 (2100MHz),-78.2,-12.7,11.0,91.8,43.6,163.5
2026-07-20 19:00:00,HELS-009-3,HELS-009,Band 1 (2100MHz),-84.6,-15.2,9.4,88.2,45.9,156.6
2026-07-20 19:00:00,HELS-010-1,HELS-010,Band 3 (1800MHz),-81.3,-13.0,13.6,94.3,54.8,82.4
2026-07-20 19:00:00,HELS-010-2,HELS-010,Band 3 (1800MHz),-82.5,-8.3,20.2,82.3,47.7,175.9
2026-07-20 19:00:00,HELS-010-3,HELS-010,Band 3 (1800MHz),-87.7,-12.5,8.4,78.3,47.1,138.0
2026-07-20 19:00:00,HELS-011-1,HELS-011,Band 1 (2100MHz),-81.1,-11.8,16.6,82.4,31.0,127.5
2026-07-20 19:00:00,HELS-011-2,HELS-011,Band 1 (2100MHz),-87.9,-14.2,18.5,84.2,51.2,101.5
2026-07-20 19:00:00,HELS-011-3,HELS-011,Band 1 (2100MHz),-86.8,-14.5,16.2,92.6,48.2,122.7
2026-07-20 19:00:00,HELS-012-1,HELS-012,Band 3 (1800MHz),-85.4,-14.2,-3.6,77.3,54.7,116.1
2026-07-20 19:00:00,HELS-012-2,HELS-012,Band 3 (1800MHz),-88.2,-14.7,19.0,100.0,43.1,157.0
2026-07-20 19:00:00,HELS-012-3,HELS-012,Band 3 (1800MHz),-78.7,-11.9,13.6,81.1,51.0,148.0
2026-07-20 19:00:00,HELS-013-1,HELS-013,Band 1 (2100MHz),-84.8,-12.8,18.8,76.4,34.4,152.1
2026-07-20 19:00:00,HELS-013-2,HELS-013,Band 1 (2100MHz),-80.8,-10.8,16.0,79.3,38.3,135.3
2026-07-20 19:00:00,HELS-013-3,HELS-013,Band 1 (2100MHz),-84.3,-12.1,15.8,82.5,41.7,156.7
2026-07-20 19:00:00,HELS-014-1,HELS-014,Band 3 (1800MHz),-78.8,-10.3,16.6,96.1,43.8,159.0
2026-07-20 19:00:00,HELS-014-2,HELS-014,Band 3 (1800MHz),-92.0,-11.4,10.8,76.1,50.5,142.1
2026-07-20 19:00:00,HELS-014-3,HELS-014,Band 3 (1800MHz),-86.1,-9.8,11.7,75.9,38.9,150.2
2026-07-20 20:00:00,HELS-001-1,HELS-001,Band 1 (2100MHz),-81.9,-10.0,2.2,69.8,43.3,164.6
2026-07-20 20:00:00,HELS-001-2,HELS-001,Band 1 (2100MHz),-91.8,-15.8,10.4,71.2,46.1,114.5
2026-07-20 20:00:00,HELS-001-3,HELS-001,Band 1 (2100MHz),-96.1,-13.5,4.4,67.3,44.5,150.7
2026-07-20 20:00:00,HELS-002-1,HELS-002,Band 3 (1800MHz),-79.4,-11.5,14.6,79.6,52.3,113.0
2026-07-20 20:00:00,HELS-002-2,HELS-002,Band 3 (1800MHz),-90.4,-15.8,17.4,59.8,42.3,155.4
2026-07-20 20:00:00,HELS-002-3,HELS-002,Band 3 (1800MHz),-87.2,-15.5,17.9,66.7,46.5,84.9
2026-07-20 20:00:00,HELS-003-1,HELS-003,Band 1 (2100MHz),-88.6,-14.6,9.0,75.3,48.9,104.3
2026-07-20 20:00:00,HELS-003-2,HELS-003,Band 1 (2100MHz),-76.3,-9.2,16.4,70.5,54.4,111.5
2026-07-20 20:00:00,HELS-003-3,HELS-003,Band 1 (2100MHz),-84.4,-9.0,15.4,65.4,45.5,144.9
2026-07-20 20:00:00,HELS-004-1,HELS-004,Band 3 (1800MHz),-82.0,-13.1,16.2,89.9,34.7,119.9
2026-07-20 20:00:00,HELS-004-2,HELS-004,Band 3 (1800MHz),-79.8,-10.4,12.1,67.0,39.3,129.8
2026-07-20 20:00:00,HELS-004-3,HELS-004,Band 3 (1800MHz),-84.5,-9.6,12.3,75.6,56.9,108.4
2026-07-20 20:00:00,HELS-005-1,HELS-005,Band 1 (2100MHz),-103.0,-18.3,11.5,87.8,38.4,122.2
2026-07-20 20:00:00,HELS-005-2,HELS-005,Band 1 (2100MHz),-79.2,-10.7,9.4,93.9,49.2,129.4
2026-07-20 20:00:00,HELS-005-3,HELS-005,Band 1 (2100MHz),-76.6,-8.8,13.7,73.4,34.6,177.1
2026-07-20 20:00:00,HELS-006-1,HELS-006,Band 3 (1800MHz),-83.3,-9.8,5.9,97.7,38.8,102.3
2026-07-20 20:00:00,HELS-006-2,HELS-006,Band 3 (1800MHz),-85.4,-11.8,11.3,67.2,56.2,112.6
2026-07-20 20:00:00,HELS-006-3,HELS-006,Band 3 (1800MHz),-81.8,-12.6,13.1,83.8,48.7,78.6
2026-07-20 20:00:00,HELS-007-1,HELS-007,Band 1 (2100MHz),-84.0,-10.6,16.5,76.0,36.0,90.9
2026-07-20 20:00:00,HELS-007-2,HELS-007,Band 1 (2100MHz),-91.8,-9.6,18.1,93.7,43.4,137.0
2026-07-20 20:00:00,HELS-007-3,HELS-007,Band 1 (2100MHz),-84.0,-12.4,11.8,87.9,62.4,121.8
2026-07-20 20:00:00,HELS-008-1,HELS-008,Band 3 (1800MHz),-78.7,-12.0,14.7,64.6,36.0,146.0
2026-07-20 20:00:00,HELS-008-2,HELS-008,Band 3 (1800MHz),-85.0,-11.6,24.3,79.5,38.4,91.0
2026-07-20 20:00:00,HELS-008-3,HELS-008,Band 3 (1800MHz),-90.3,-11.4,3.0,78.5,51.9,85.9
2026-07-20 20:00:00,HELS-009-1,HELS-009,Band 1 (2100MHz),-81.7,-7.5,17.4,91.2,40.4,120.6
2026-07-20 20:00:00,HELS-009-2,HELS-009,Band 1 (2100MHz),-91.6,-8.7,14.8,90.1,59.9,146.0
2026-07-20 20:00:00,HELS-009-3,HELS-009,Band 1 (2100MHz),-79.8,-10.8,10.0,70.6,36.6,125.4
2026-07-20 20:00:00,HELS-010-1,HELS-010,Band 3 (1800MHz),-88.0,-12.0,17.0,98.7,59.5,129.7
2026-07-20 20:00:00,HELS-010-2,HELS-010,Band 3 (1800MHz),-81.2,-11.6,8.0,63.8,24.1,148.6
2026-07-20 20:00:00,HELS-010-3,HELS-010,Band 3 (1800MHz),-82.0,-11.9,4.0,63.3,28.7,119.5
2026-07-20 20:00:00,HELS-011-1,HELS-011,Band 1 (2100MHz),-86.6,-11.4,17.7,73.8,47.7,138.5
2026-07-20 20:00:00,HELS-011-2,HELS-011,Band 1 (2100MHz),-83.8,-12.7,12.1,75.5,50.5,133.8
2026-07-20 20:00:00,HELS-011-3,HELS-011,Band 1 (2100MHz),-86.6,-12.3,16.4,81.9,45.7,111.8
2026-07-20 20:00:00,HELS-012-1,HELS-012,Band 3 (1800MHz),-79.1,-11.3,10.1,70.5,30.4,87.8
2026-07-20 20:00:00,HELS-012-2,HELS-012,Band 3 (1800MHz),-103.4,-15.0,-0.8,67.8,41.1,96.2
2026-07-20 20:00:00,HELS-012-3,HELS-012,Band 3 (1800MHz),-83.9,-11.0,12.1,74.1,31.4,99.9
2026-07-20 20:00:00,HELS-013-1,HELS-013,Band 1 (2100MHz),-86.7,-15.1,13.9,77.0,41.9,117.8
2026-07-20 20:00:00,HELS-013-2,HELS-013,Band 1 (2100MHz),-86.8,-10.2,10.0,74.8,38.1,132.0
2026-07-20 20:00:00,HELS-013-3,HELS-013,Band 1 (2100MHz),-93.5,-13.0,5.0,68.9,38.2,117.0
2026-07-20 20:00:00,HELS-014-1,HELS-014,Band 3 (1800MHz),-85.2,-10.7,13.4,71.9,56.7,124.8
2026-07-20 20:00:00,HELS-014-2,HELS-014,Band 3 (1800MHz),-75.1,-12.5,13.7,92.8,43.2,152.7
2026-07-20 20:00:00,HELS-014-3,HELS-014,Band 3 (1800MHz),-81.0,-14.0,15.8,83.5,48.0,130.3
2026-07-20 21:00:00,HELS-001-1,HELS-001,Band 1 (2100MHz),-88.8,-11.7,9.1,15.7,13.4,48.1
2026-07-20 21:00:00,HELS-001-2,HELS-001,Band 1 (2100MHz),-96.8,-14.0,1.2,1.9,20.1,42.3
2026-07-20 21:00:00,HELS-001-3,HELS-001,Band 1 (2100MHz),-95.3,-12.3,6.4,34.6,13.4,24.7
2026-07-20 21:00:00,HELS-002-1,HELS-002,Band 3 (1800MHz),-85.1,-7.6,9.2,13.0,0.0,52.1
2026-07-20 21:00:00,HELS-002-2,HELS-002,Band 3 (1800MHz),-92.9,-11.5,18.2,4.6,17.3,26.8
2026-07-20 21:00:00,HELS-002-3,HELS-002,Band 3 (1800MHz),-84.9,-7.7,17.2,2.7,3.7,9.7
2026-07-20 21:00:00,HELS-003-1,HELS-003,Band 1 (2100MHz),-75.4,-8.4,15.2,13.5,8.2,33.9
2026-07-20 21:00:00,HELS-003-2,HELS-003,Band 1 (2100MHz),-84.1,-8.7,23.0,25.3,13.9,57.4
2026-07-20 21:00:00,HELS-003-3,HELS-003,Band 1 (2100MHz),-85.9,-7.0,6.5,1.9,11.2,48.8
2026-07-20 21:00:00,HELS-004-1,HELS-004,Band 3 (1800MHz),-82.4,-6.2,8.6,25.7,7.3,21.9
2026-07-20 21:00:00,HELS-004-2,HELS-004,Band 3 (1800MHz),-82.9,-8.9,4.2,38.8,8.9,76.7
2026-07-20 21:00:00,HELS-004-3,HELS-004,Band 3 (1800MHz),-82.2,-13.8,12.1,33.8,0.0,0.0
2026-07-20 21:00:00,HELS-005-1,HELS-005,Band 1 (2100MHz),-90.8,-10.8,-2.6,9.3,17.3,0.0
2026-07-20 21:00:00,HELS-005-2,HELS-005,Band 1 (2100MHz),-89.4,-7.0,17.0,21.2,5.5,54.6
2026-07-20 21:00:00,HELS-005-3,HELS-005,Band 1 (2100MHz),-80.9,-8.4,11.2,37.6,18.2,24.6
2026-07-20 21:00:00,HELS-006-1,HELS-006,Band 3 (1800MHz),-81.4,-8.6,9.8,26.7,13.7,58.8
2026-07-20 21:00:00,HELS-006-2,HELS-006,Band 3 (1800MHz),-79.1,-11.4,15.5,26.5,16.0,45.6
2026-07-20 21:00:00,HELS-006-3,HELS-006,Band 3 (1800MHz),-75.8,-6.6,17.3,32.5,2.2,58.6
2026-07-20 21:00:00,HELS-007-1,HELS-007,Band 1 (2100MHz),-79.6,-6.2,17.4,8.6,12.6,74.5
2026-07-20 21:00:00,HELS-007-2,HELS-007,Band 1 (2100MHz),-89.9,-10.1,13.5,22.3,15.5,61.4
2026-07-20 21:00:00,HELS-007-3,HELS-007,Band 1 (2100MHz),-83.3,-10.7,13.0,29.1,17.7,46.2
2026-07-20 21:00:00,HELS-008-1,HELS-008,Band 3 (1800MHz),-89.5,-11.1,14.7,17.9,16.0,57.0
2026-07-20 21:00:00,HELS-008-2,HELS-008,Band 3 (1800MHz),-86.3,-10.5,15.9,16.6,12.4,5.4
2026-07-20 21:00:00,HELS-008-3,HELS-008,Band 3 (1800MHz),-95.2,-7.8,9.5,23.4,21.9,0.0
2026-07-20 21:00:00,HELS-009-1,HELS-009,Band 1 (2100MHz),-87.9,-7.3,7.2,16.5,24.9,33.6
2026-07-20 21:00:00,HELS-009-2,HELS-009,Band 1 (2100MHz),-85.9,-12.1,15.2,18.1,27.4,65.8
2026-07-20 21:00:00,HELS-009-3,HELS-009,Band 1 (2100MHz),-80.8,-6.2,5.3,31.8,14.3,33.0
2026-07-20 21:00:00,HELS-010-1,HELS-010,Band 3 (1800MHz),-80.8,-7.8,12.4,26.1,9.1,18.2
2026-07-20 21:00:00,HELS-010-2,HELS-010,Band 3 (1800MHz),-78.7,-7.1,10.3,20.6,9.9,46.9
2026-07-20 21:00:00,HELS-010-3,HELS-010,Band 3 (1800MHz),-84.1,-10.3,16.0,3.4,18.2,9.1
2026-07-20 21:00:00,HELS-011-1,HELS-011,Band 1 (2100MHz),-83.3,-10.1,-0.7,23.3,6.7,42.2
2026-07-20 21:00:00,HELS-011-2,HELS-011,Band 1 (2100MHz),-82.9,-7.0,11.6,35.6,14.6,47.9
2026-07-20 21:00:00,HELS-011-3,HELS-011,Band 1 (2100MHz),-83.2,-6.5,9.5,22.9,16.8,39.4
2026-07-20 21:00:00,HELS-012-1,HELS-012,Band 3 (1800MHz),-81.8,-11.9,15.0,21.6,10.3,14.2
2026-07-20 21:00:00,HELS-012-2,HELS-012,Band 3 (1800MHz),-101.3,-10.3,5.5,13.5,8.4,0.0
2026-07-20 21:00:00,HELS-012-3,HELS-012,Band 3 (1800MHz),-89.7,-7.7,13.9,32.2,0.0,16.6
2026-07-20 21:00:00,HELS-013-1,HELS-013,Band 1 (2100MHz),-85.9,-7.8,21.1,22.2,10.2,6.8
2026-07-20 21:00:00,HELS-013-2,HELS-013,Band 1 (2100MHz),-82.4,-9.0,13.2,12.0,14.0,42.3
2026-07-20 21:00:00,HELS-013-3,HELS-013,Band 1 (2100MHz),-82.8,-11.1,7.5,27.0,15.1,46.7
2026-07-20 21:00:00,HELS-014-1,HELS-014,Band 3 (1800MHz),-81.7,-5.0,9.2,17.4,11.6,7.4
2026-07-20 21:00:00,HELS-014-2,HELS-014,Band 3 (1800MHz),-80.7,-7.9,9.0,34.6,26.0,65.5
2026-07-20 21:00:00,HELS-014-3,HELS-014,Band 3 (1800MHz),-83.3,-7.0,11.3,13.1,12.9,25.6
2026-07-20 22:00:00,HELS-001-1,HELS-001,Band 1 (2100MHz),-80.0,-8.7,10.6,7.9,6.8,41.7
2026-07-20 22:00:00,HELS-001-2,HELS-001,Band 1 (2100MHz),-92.5,-12.1,6.3,16.4,15.6,0.0
2026-07-20 22:00:00,HELS-001-3,HELS-001,Band 1 (2100MHz),-99.8,-13.6,0.1,0.0,15.6,0.0
2026-07-20 22:00:00,HELS-002-1,HELS-002,Band 3 (1800MHz),-73.4,-6.2,12.2,16.7,13.3,0.0
2026-07-20 22:00:00,HELS-002-2,HELS-002,Band 3 (1800MHz),-81.1,-9.7,12.5,19.3,0.0,6.7
2026-07-20 22:00:00,HELS-002-3,HELS-002,Band 3 (1800MHz),-85.4,-8.8,-0.2,1.5,2.7,0.0
2026-07-20 22:00:00,HELS-003-1,HELS-003,Band 1 (2100MHz),-84.2,-8.8,9.5,0.0,3.0,5.7
2026-07-20 22:00:00,HELS-003-2,HELS-003,Band 1 (2100MHz),-88.7,-7.1,23.1,0.0,3.5,51.4
2026-07-20 22:00:00,HELS-003-3,HELS-003,Band 1 (2100MHz),-88.6,-6.3,9.8,22.8,13.0,0.0
2026-07-20 22:00:00,HELS-004-1,HELS-004,Band 3 (1800MHz),-87.7,-5.5,22.3,7.0,20.1,0.8
2026-07-20 22:00:00,HELS-004-2,HELS-004,Band 3 (1800MHz),-82.4,-7.6,11.4,6.9,0.0,25.3
2026-07-20 22:00:00,HELS-004-3,HELS-004,Band 3 (1800MHz),-89.0,-11.1,13.2,16.8,0.5,57.7
2026-07-20 22:00:00,HELS-005-1,HELS-005,Band 1 (2100MHz),-96.3,-11.0,2.2,0.1,9.1,27.9
2026-07-20 22:00:00,HELS-005-2,HELS-005,Band 1 (2100MHz),-90.1,-11.1,17.2,25.0,8.5,57.5
2026-07-20 22:00:00,HELS-005-3,HELS-005,Band 1 (2100MHz),-80.8,-6.5,9.6,38.9,6.5,30.0
2026-07-20 22:00:00,HELS-006-1,HELS-006,Band 3 (1800MHz),-84.7,-8.0,11.5,16.4,0.0,34.0
2026-07-20 22:00:00,HELS-006-2,HELS-006,Band 3 (1800MHz),-82.1,-7.9,6.4,2.3,4.3,33.0
2026-07-20 22:00:00,HELS-006-3,HELS-006,Band 3 (1800MHz),-84.1,-6.1,6.7,19.5,0.0,36.2
2026-07-20 22:00:00,HELS-007-1,HELS-007,Band 1 (2100MHz),-84.7,-9.1,9.3,28.1,9.2,21.3
2026-07-20 22:00:00,HELS-007-2,HELS-007,Band 1 (2100MHz),-87.2,-4.8,10.4,9.0,0.0,30.6
2026-07-20 22:00:00,HELS-007-3,HELS-007,Band 1 (2100MHz),-83.5,-10.1,6.5,0.0,17.2,17.7
2026-07-20 22:00:00,HELS-008-1,HELS-008,Band 3 (1800MHz),-88.7,-8.9,14.0,28.7,18.6,0.0
2026-07-20 22:00:00,HELS-008-2,HELS-008,Band 3 (1800MHz),-89.0,-5.9,19.7,0.0,16.2,0.0
2026-07-20 22:00:00,HELS-008-3,HELS-008,Band 3 (1800MHz),-91.3,-8.5,9.5,12.7,0.0,0.2
2026-07-20 22:00:00,HELS-009-1,HELS-009,Band 1 (2100MHz),-84.8,-6.5,13.4,18.8,0.0,21.6
2026-07-20 22:00:00,HELS-009-2,HELS-009,Band 1 (2100MHz),-82.9,-6.7,10.4,0.0,0.0,8.6
2026-07-20 22:00:00,HELS-009-3,HELS-009,Band 1 (2100MHz),-84.0,-7.8,2.4,2.0,0.9,29.6
2026-07-20 22:00:00,HELS-010-1,HELS-010,Band 3 (1800MHz),-89.2,-11.7,13.2,10.5,0.0,2.0
2026-07-20 22:00:00,HELS-010-2,HELS-010,Band 3 (1800MHz),-88.3,-10.1,13.5,5.5,15.6,25.8
2026-07-20 22:00:00,HELS-010-3,HELS-010,Band 3 (1800MHz),-85.9,-9.1,11.2,2.7,14.3,27.9
2026-07-20 22:00:00,HELS-011-1,HELS-011,Band 1 (2100MHz),-88.3,-8.3,11.0,42.8,8.6,66.9
2026-07-20 22:00:00,HELS-011-2,HELS-011,Band 1 (2100MHz),-81.9,-6.7,18.6,3.1,3.9,25.0
2026-07-20 22:00:00,HELS-011-3,HELS-011,Band 1 (2100MHz),-82.7,-6.4,18.4,18.9,13.2,0.0
2026-07-20 22:00:00,HELS-012-1,HELS-012,Band 3 (1800MHz),-84.2,-8.9,12.3,26.1,20.0,20.7
2026-07-20 22:00:00,HELS-012-2,HELS-012,Band 3 (1800MHz),-97.0,-11.3,10.5,0.0,2.8,0.0
2026-07-20 22:00:00,HELS-012-3,HELS-012,Band 3 (1800MHz),-81.8,-11.6,14.2,23.1,4.9,43.6
2026-07-20 22:00:00,HELS-013-1,HELS-013,Band 1 (2100MHz),-86.4,-5.2,6.8,0.0,8.4,4.3
2026-07-20 22:00:00,HELS-013-2,HELS-013,Band 1 (2100MHz),-87.0,-7.5,7.3,16.7,3.5,26.9
2026-07-20 22:00:00,HELS-013-3,HELS-013,Band 1 (2100MHz),-81.6,-7.8,16.8,10.6,0.0,31.8
2026-07-20 22:00:00,HELS-014-1,HELS-014,Band 3 (1800MHz),-79.5,-9.7,6.8,7.8,4.0,0.0
2026-07-20 22:00:00,HELS-014-2,HELS-014,Band 3 (1800MHz),-88.6,-7.9,11.7,21.7,15.7,29.9
2026-07-20 22:00:00,HELS-014-3,HELS-014,Band 3 (1800MHz),-89.2,-4.9,12.8,20.1,0.0,26.2
2026-07-20 23:00:00,HELS-001-1,HELS-001,Band 1 (2100MHz),-80.5,-7.2,5.1,23.4,4.4,15.5
2026-07-20 23:00:00,HELS-001-2,HELS-001,Band 1 (2100MHz),-101.3,-10.2,-2.6,12.6,3.8,40.0
2026-07-20 23:00:00,HELS-001-3,HELS-001,Band 1 (2100MHz),-97.1,-13.3,6.3,11.6,7.4,36.4
2026-07-20 23:00:00,HELS-002-1,HELS-002,Band 3 (1800MHz),-83.6,-8.2,9.0,13.9,5.9,44.7
2026-07-20 23:00:00,HELS-002-2,HELS-002,Band 3 (1800MHz),-80.9,-4.3,12.1,9.2,3.7,34.2
2026-07-20 23:00:00,HELS-002-3,HELS-002,Band 3 (1800MHz),-87.6,-7.8,16.3,6.3,14.8,41.2
2026-07-20 23:00:00,HELS-003-1,HELS-003,Band 1 (2100MHz),-91.2,-8.2,10.3,14.7,0.0,56.1
2026-07-20 23:00:00,HELS-003-2,HELS-003,Band 1 (2100MHz),-92.0,-10.1,12.6,1.6,16.0,2.3
2026-07-20 23:00:00,HELS-003-3,HELS-003,Band 1 (2100MHz),-86.7,-10.2,19.2,0.0,1.5,18.0
2026-07-20 23:00:00,HELS-004-1,HELS-004,Band 3 (1800MHz),-92.5,-7.7,9.6,18.6,15.7,0.0
2026-07-20 23:00:00,HELS-004-2,HELS-004,Band 3 (1800MHz),-81.4,-8.0,11.6,19.6,0.2,0.0
2026-07-20 23:00:00,HELS-004-3,HELS-004,Band 3 (1800MHz),-82.8,-9.3,10.8,13.0,16.2,0.0
2026-07-20 23:00:00,HELS-005-1,HELS-005,Band 1 (2100MHz),-100.2,-10.6,-0.9,18.7,1.4,18.3
2026-07-20 23:00:00,HELS-005-2,HELS-005,Band 1 (2100MHz),-84.1,-6.8,12.0,9.0,5.1,10.1
2026-07-20 23:00:00,HELS-005-3,HELS-005,Band 1 (2100MHz),-91.0,-4.4,20.8,2.0,0.0,8.2
2026-07-20 23:00:00,HELS-006-1,HELS-006,Band 3 (1800MHz),-83.1,-5.8,16.8,16.6,6.5,31.5
2026-07-20 23:00:00,HELS-006-2,HELS-006,Band 3 (1800MHz),-83.0,-10.0,18.6,1.7,0.0,8.9
2026-07-20 23:00:00,HELS-006-3,HELS-006,Band 3 (1800MHz),-79.9,-8.4,12.1,9.0,22.2,12.3
2026-07-20 23:00:00,HELS-007-1,HELS-007,Band 1 (2100MHz),-87.3,-12.6,3.3,0.0,6.0,9.1
2026-07-20 23:00:00,HELS-007-2,HELS-007,Band 1 (2100MHz),-76.2,-4.5,18.5,0.0,5.5,19.9
2026-07-20 23:00:00,HELS-007-3,HELS-007,Band 1 (2100MHz),-81.7,-9.6,11.3,39.0,13.3,0.0
2026-07-20 23:00:00,HELS-008-1,HELS-008,Band 3 (1800MHz),-76.8,-8.1,10.2,1.1,8.3,0.0
2026-07-20 23:00:00,HELS-008-2,HELS-008,Band 3 (1800MHz),-87.3,-8.3,16.1,7.3,10.3,1.7
2026-07-20 23:00:00,HELS-008-3,HELS-008,Band 3 (1800MHz),-88.7,-7.9,17.1,0.0,17.1,0.0
2026-07-20 23:00:00,HELS-009-1,HELS-009,Band 1 (2100MHz),-87.0,-6.0,19.6,0.0,0.0,25.8
2026-07-20 23:00:00,HELS-009-2,HELS-009,Band 1 (2100MHz),-88.3,-10.0,5.7,39.3,0.7,39.1
2026-07-20 23:00:00,HELS-009-3,HELS-009,Band 1 (2100MHz),-80.8,-9.0,14.9,0.0,16.6,18.5
2026-07-20 23:00:00,HELS-010-1,HELS-010,Band 3 (1800MHz),-88.7,-5.6,17.2,9.2,17.5,10.6
2026-07-20 23:00:00,HELS-010-2,HELS-010,Band 3 (1800MHz),-81.5,-5.7,9.9,1.9,6.0,0.0
2026-07-20 23:00:00,HELS-010-3,HELS-010,Band 3 (1800MHz),-81.4,-6.0,24.0,11.1,12.1,31.7
2026-07-20 23:00:00,HELS-011-1,HELS-011,Band 1 (2100MHz),-77.6,-10.0,12.0,8.7,20.2,22.2
2026-07-20 23:00:00,HELS-011-2,HELS-011,Band 1 (2100MHz),-84.6,-8.4,15.6,14.7,0.0,0.0
2026-07-20 23:00:00,HELS-011-3,HELS-011,Band 1 (2100MHz),-84.7,-9.1,24.4,16.0,3.8,51.1
2026-07-20 23:00:00,HELS-012-1,HELS-012,Band 3 (1800MHz),-89.4,-5.1,16.2,0.0,14.7,62.8
2026-07-20 23:00:00,HELS-012-2,HELS-012,Band 3 (1800MHz),-99.9,-12.2,-2.7,29.1,1.6,50.1
2026-07-20 23:00:00,HELS-012-3,HELS-012,Band 3 (1800MHz),-85.2,-8.3,13.0,3.8,0.0,0.0
2026-07-20 23:00:00,HELS-013-1,HELS-013,Band 1 (2100MHz),-82.1,-6.7,13.9,0.0,4.5,0.0
2026-07-20 23:00:00,HELS-013-2,HELS-013,Band 1 (2100MHz),-90.4,-6.8,10.9,20.3,0.0,1.1
2026-07-20 23:00:00,HELS-013-3,HELS-013,Band 1 (2100MHz),-84.3,-9.8,21.7,13.1,0.0,34.5
2026-07-20 23:00:00,HELS-014-1,HELS-014,Band 3 (1800MHz),-86.5,-5.6,7.3,10.6,12.8,8.7
2026-07-20 23:00:00,HELS-014-2,HELS-014,Band 3 (1800MHz),-75.5,-5.1,7.9,0.0,4.3,8.6
2026-07-20 23:00:00,HELS-014-3,HELS-014,Band 3 (1800MHz),-86.6,-9.0,8.5,0.0,12.3,0.0
2026-07-21 00:00:00,HELS-001-1,HELS-001,Band 1 (2100MHz),-91.0,-7.1,17.2,4.6,9.7,39.6
2026-07-21 00:00:00,HELS-001-2,HELS-001,Band 1 (2100MHz),-95.4,-12.7,15.3,0.0,0.7,34.7
2026-07-21 00:00:00,HELS-001-3,HELS-001,Band 1 (2100MHz),-104.4,-11.5,3.0,0.0,0.0,0.0
2026-07-21 00:00:00,HELS-002-1,HELS-002,Band 3 (1800MHz),-83.3,-8.5,16.7,0.0,17.8,18.0
2026-07-21 00:00:00,HELS-002-2,HELS-002,Band 3 (1800MHz),-76.7,-8.6,7.1,11.9,6.3,0.4
2026-07-21 00:00:00,HELS-002-3,HELS-002,Band 3 (1800MHz),-90.3,-9.2,11.4,6.5,18.3,16.9
2026-07-21 00:00:00,HELS-003-1,HELS-003,Band 1 (2100MHz),-78.8,-10.4,12.6,32.6,0.0,5.8
2026-07-21 00:00:00,HELS-003-2,HELS-003,Band 1 (2100MHz),-80.2,-11.0,10.2,26.6,2.6,10.6
2026-07-21 00:00:00,HELS-003-3,HELS-003,Band 1 (2100MHz),-85.2,-8.7,9.4,0.0,26.3,46.8
2026-07-21 00:00:00,HELS-004-1,HELS-004,Band 3 (1800MHz),-83.1,-6.5,14.2,16.4,11.7,28.3
2026-07-21 00:00:00,HELS-004-2,HELS-004,Band 3 (1800MHz),-86.7,-9.2,5.1,16.9,13.7,3.5
2026-07-21 00:00:00,HELS-004-3,HELS-004,Band 3 (1800MHz),-87.3,-7.0,8.4,27.4,16.5,14.0
2026-07-21 00:00:00,HELS-005-1,HELS-005,Band 1 (2100MHz),-92.8,-17.2,12.7,0.8,7.8,11.5
2026-07-21 00:00:00,HELS-005-2,HELS-005,Band 1 (2100MHz),-79.6,-4.6,8.4,4.3,4.7,20.4
2026-07-21 00:00:00,HELS-005-3,HELS-005,Band 1 (2100MHz),-89.8,-6.0,10.7,10.9,0.0,15.9
2026-07-21 00:00:00,HELS-006-1,HELS-006,Band 3 (1800MHz),-88.0,-8.1,17.3,28.5,0.0,9.1
2026-07-21 00:00:00,HELS-006-2,HELS-006,Band 3 (1800MHz),-93.2,-11.3,12.5,15.1,3.8,23.9
2026-07-21 00:00:00,HELS-006-3,HELS-006,Band 3 (1800MHz),-76.1,-10.0,13.1,32.8,17.2,24.9
2026-07-21 00:00:00,HELS-007-1,HELS-007,Band 1 (2100MHz),-80.9,-8.9,18.8,0.4,15.0,44.9
2026-07-21 00:00:00,HELS-007-2,HELS-007,Band 1 (2100MHz),-86.1,-9.3,25.5,12.5,10.5,11.6
2026-07-21 00:00:00,HELS-007-3,HELS-007,Band 1 (2100MHz),-85.0,-10.5,18.7,9.4,0.0,39.6
2026-07-21 00:00:00,HELS-008-1,HELS-008,Band 3 (1800MHz),-82.8,-6.2,3.6,7.5,8.3,25.6
2026-07-21 00:00:00,HELS-008-2,HELS-008,Band 3 (1800MHz),-79.4,-9.9,14.0,19.1,0.3,33.0
2026-07-21 00:00:00,HELS-008-3,HELS-008,Band 3 (1800MHz),-82.5,-5.9,10.1,0.0,5.7,0.0
2026-07-21 00:00:00,HELS-009-1,HELS-009,Band 1 (2100MHz),-81.4,-7.5,13.5,0.0,9.5,26.4
2026-07-21 00:00:00,HELS-009-2,HELS-009,Band 1 (2100MHz),-84.1,-9.1,10.0,13.1,0.0,65.3
2026-07-21 00:00:00,HELS-009-3,HELS-009,Band 1 (2100MHz),-82.5,-7.6,11.1,10.9,6.5,24.4
2026-07-21 00:00:00,HELS-010-1,HELS-010,Band 3 (1800MHz),-76.1,-10.4,10.3,38.3,8.0,48.6
2026-07-21 00:00:00,HELS-010-2,HELS-010,Band 3 (1800MHz),-86.7,-7.2,21.3,10.7,0.0,0.0
2026-07-21 00:00:00,HELS-010-3,HELS-010,Band 3 (1800MHz),-83.9,-11.2,8.5,1.6,0.0,36.0
2026-07-21 00:00:00,HELS-011-1,HELS-011,Band 1 (2100MHz),-80.0,-7.3,19.1,41.1,11.3,25.7
2026-07-21 00:00:00,HELS-011-2,HELS-011,Band 1 (2100MHz),-90.2,-9.1,8.4,18.3,9.3,7.5
2026-07-21 00:00:00,HELS-011-3,HELS-011,Band 1 (2100MHz),-83.6,-8.6,12.5,0.0,3.8,0.0
2026-07-21 00:00:00,HELS-012-1,HELS-012,Band 3 (1800MHz),-79.0,-8.8,2.9,0.0,0.4,0.0
2026-07-21 00:00:00,HELS-012-2,HELS-012,Band 3 (1800MHz),-90.1,-12.0,1.9,15.3,8.5,34.2
2026-07-21 00:00:00,HELS-012-3,HELS-012,Band 3 (1800MHz),-88.5,-7.2,15.8,0.0,0.0,0.0
2026-07-21 00:00:00,HELS-013-1,HELS-013,Band 1 (2100MHz),-85.9,-9.0,12.4,11.0,6.2,21.9
2026-07-21 00:00:00,HELS-013-2,HELS-013,Band 1 (2100MHz),-87.7,-7.2,14.1,19.2,11.4,37.3
2026-07-21 00:00:00,HELS-013-3,HELS-013,Band 1 (2100MHz),-83.8,-11.2,7.3,22.1,12.3,0.0
2026-07-21 00:00:00,HELS-014-1,HELS-014,Band 3 (1800MHz),-79.9,-7.2,7.7,25.0,0.0,0.0
2026-07-21 00:00:00,HELS-014-2,HELS-014,Band 3 (1800MHz),-81.9,-9.2,16.0,31.6,17.6,43.6
2026-07-21 00:00:00,HELS-014-3,HELS-014,Band 3 (1800MHz),-86.5,-6.1,17.7,12.3,12.2,8.8
2026-07-21 01:00:00,HELS-001-1,HELS-001,Band 1 (2100MHz),-96.5,-7.2,15.3,0.0,7.4,21.7
2026-07-21 01:00:00,HELS-001-2,HELS-001,Band 1 (2100MHz),-95.0,-12.4,2.6,0.0,17.0,32.3
2026-07-21 01:00:00,HELS-001-3,HELS-001,Band 1 (2100MHz),-97.5,-14.8,10.4,11.4,0.0,20.3
2026-07-21 01:00:00,HELS-002-1,HELS-002,Band 3 (1800MHz),-88.1,-8.8,14.0,9.8,12.4,55.7
2026-07-21 01:00:00,HELS-002-2,HELS-002,Band 3 (1800MHz),-72.3,-6.4,12.1,7.7,0.0,19.0
2026-07-21 01:00:00,HELS-002-3,HELS-002,Band 3 (1800MHz),-90.5,-6.4,8.5,19.4,4.7,0.0
2026-07-21 01:00:00,HELS-003-1,HELS-003,Band 1 (2100MHz),-75.6,-8.1,12.6,12.1,0.2,18.5
2026-07-21 01:00:00,HELS-003-2,HELS-003,Band 1 (2100MHz),-87.8,-11.1,16.4,0.0,0.0,25.7
2026-07-21 01:00:00,HELS-003-3,HELS-003,Band 1 (2100MHz),-82.7,-9.5,12.9,1.1,0.0,29.8
2026-07-21 01:00:00,HELS-004-1,HELS-004,Band 3 (1800MHz),-86.8,-5.8,10.3,11.3,10.1,0.0
2026-07-21 01:00:00,HELS-004-2,HELS-004,Band 3 (1800MHz),-84.4,-9.9,6.3,8.1,8.0,0.0
2026-07-21 01:00:00,HELS-004-3,HELS-004,Band 3 (1800MHz),-91.0,-6.6,20.5,8.8,3.8,21.1
2026-07-21 01:00:00,HELS-005-1,HELS-005,Band 1 (2100MHz),-99.4,-9.6,4.8,29.0,13.6,0.1
2026-07-21 01:00:00,HELS-005-2,HELS-005,Band 1 (2100MHz),-82.8,-8.6,10.0,24.9,6.4,0.0
2026-07-21 01:00:00,HELS-005-3,HELS-005,Band 1 (2100MHz),-82.7,-11.2,13.7,15.4,1.4,0.0
2026-07-21 01:00:00,HELS-006-1,HELS-006,Band 3 (1800MHz),-86.6,-8.8,19.2,0.0,14.8,3.1
2026-07-21 01:00:00,HELS-006-2,HELS-006,Band 3 (1800MHz),-86.0,-11.0,8.7,7.2,6.2,38.1
2026-07-21 01:00:00,HELS-006-3,HELS-006,Band 3 (1800MHz),-76.4,-8.6,11.7,7.7,0.0,0.0
2026-07-21 01:00:00,HELS-007-1,HELS-007,Band 1 (2100MHz),-83.4,-11.4,8.0,7.8,9.5,0.0
2026-07-21 01:00:00,HELS-007-2,HELS-007,Band 1 (2100MHz),-82.5,-6.0,14.1,13.8,0.0,0.0
2026-07-21 01:00:00,HELS-007-3,HELS-007,Band 1 (2100MHz),-80.1,-10.3,7.6,23.1,15.3,36.3
2026-07-21 01:00:00,HELS-008-1,HELS-008,Band 3 (1800MHz),-82.0,-6.8,13.0,46.3,0.4,30.4
2026-07-21 01:00:00,HELS-008-2,HELS-008,Band 3 (1800MHz),-84.2,-6.1,8.2,6.8,22.9,41.3
2026-07-21 01:00:00,HELS-008-3,HELS-008,Band 3 (1800MHz),-81.4,-6.4,8.0,4.6,20.4,0.0
2026-07-21 01:00:00,HELS-009-1,HELS-009,Band 1 (2100MHz),-87.3,-8.2,18.0,0.0,16.2,6.2
2026-07-21 01:00:00,HELS-009-2,HELS-009,Band 1 (2100MHz),-78.1,-10.0,19.5,24.3,0.0,0.0
2026-07-21 01:00:00,HELS-009-3,HELS-009,Band 1 (2100MHz),-83.7,-9.6,8.2,0.9,0.0,29.7
2026-07-21 01:00:00,HELS-010-1,HELS-010,Band 3 (1800MHz),-83.8,-7.4,10.8,19.0,10.3,58.3
2026-07-21 01:00:00,HELS-010-2,HELS-010,Band 3 (1800MHz),-85.0,-6.8,7.6,18.9,8.6,57.6
2026-07-21 01:00:00,HELS-010-3,HELS-010,Band 3 (1800MHz),-90.1,-7.8,14.5,0.0,0.0,12.9
2026-07-21 01:00:00,HELS-011-1,HELS-011,Band 1 (2100MHz),-80.8,-4.2,12.7,38.2,7.0,30.7
2026-07-21 01:00:00,HELS-011-2,HELS-011,Band 1 (2100MHz),-89.3,-8.6,6.5,21.1,14.7,11.8
2026-07-21 01:00:00,HELS-011-3,HELS-011,Band 1 (2100MHz),-89.4,-8.8,9.5,2.8,13.6,0.8
2026-07-21 01:00:00,HELS-012-1,HELS-012,Band 3 (1800MHz),-81.9,-5.5,5.2,20.7,18.4,36.5
2026-07-21 01:00:00,HELS-012-2,HELS-012,Band 3 (1800MHz),-99.8,-8.8,6.4,5.6,4.6,10.9
2026-07-21 01:00:00,HELS-012-3,HELS-012,Band 3 (1800MHz),-85.8,-7.6,18.9,2.8,3.6,10.9
2026-07-21 01:00:00,HELS-013-1,HELS-013,Band 1 (2100MHz),-84.1,-7.8,18.1,25.0,3.0,24.2
2026-07-21 01:00:00,HELS-013-2,HELS-013,Band 1 (2100MHz),-84.8,-10.8,8.6,13.7,20.7,35.5
2026-07-21 01:00:00,HELS-013-3,HELS-013,Band 1 (2100MHz),-85.1,-7.1,11.8,24.8,2.2,0.0
2026-07-21 01:00:00,HELS-014-1,HELS-014,Band 3 (1800MHz),-94.3,-8.0,10.4,0.0,0.0,0.0
2026-07-21 01:00:00,HELS-014-2,HELS-014,Band 3 (1800MHz),-78.0,-7.9,18.0,0.0,0.0,0.0
2026-07-21 01:00:00,HELS-014-3,HELS-014,Band 3 (1800MHz),-77.4,-6.9,18.8,32.2,8.5,0.0
2026-07-21 02:00:00,HELS-001-1,HELS-001,Band 1 (2100MHz),-80.9,-9.3,17.0,0.0,0.0,18.3
2026-07-21 02:00:00,HELS-001-2,HELS-001,Band 1 (2100MHz),-100.2,-11.5,2.5,17.2,10.0,23.7
2026-07-21 02:00:00,HELS-001-3,HELS-001,Band 1 (2100MHz),-99.9,-12.4,3.4,2.7,6.4,31.6
2026-07-21 02:00:00,HELS-002-1,HELS-002,Band 3 (1800MHz),-81.0,-10.5,10.9,13.0,0.0,21.6
2026-07-21 02:00:00,HELS-002-2,HELS-002,Band 3 (1800MHz),-88.7,-8.5,9.9,7.8,13.2,19.8
2026-07-21 02:00:00,HELS-002-3,HELS-002,Band 3 (1800MHz),-91.5,-6.9,13.8,15.5,27.2,5.3
2026-07-21 02:00:00,HELS-003-1,HELS-003,Band 1 (2100MHz),-85.9,-10.4,7.5,2.5,11.5,23.5
2026-07-21 02:00:00,HELS-003-2,HELS-003,Band 1 (2100MHz),-83.9,-3.6,10.0,0.0,7.2,38.4
2026-07-21 02:00:00,HELS-003-3,HELS-003,Band 1 (2100MHz),-84.7,-8.3,17.6,0.0,12.8,3.3
2026-07-21 02:00:00,HELS-004-1,HELS-004,Band 3 (1800MHz),-77.3,-10.0,12.2,28.6,0.0,0.0
2026-07-21 02:00:00,HELS-004-2,HELS-004,Band 3 (1800MHz),-86.0,-7.6,12.6,0.0,7.1,5.7
2026-07-21 02:00:00,HELS-004-3,HELS-004,Band 3 (1800MHz),-87.9,-8.5,22.4,7.8,20.7,18.6
2026-07-21 02:00:00,HELS-005-1,HELS-005,Band 1 (2100MHz),-89.9,-13.3,0.9,16.6,10.1,0.1
2026-07-21 02:00:00,HELS-005-2,HELS-005,Band 1 (2100MHz),-90.0,-7.5,3.6,10.7,14.6,34.5
2026-07-21 02:00:00,HELS-005-3,HELS-005,Band 1 (2100MHz),-79.1,-7.3,16.6,43.1,0.0,51.9
2026-07-21 02:00:00,HELS-006-1,HELS-006,Band 3 (1800MHz),-83.7,-5.7,8.4,22.6,3.4,5.1
2026-07-21 02:00:00,HELS-006-2,HELS-006,Band 3 (1800MHz),-87.5,-7.4,20.1,22.5,11.3,12.2
2026-07-21 02:00:00,HELS-006-3,HELS-006,Band 3 (1800MHz),-79.5,-5.0,9.2,0.0,26.4,9.0
2026-07-21 02:00:00,HELS-007-1,HELS-007,Band 1 (2100MHz),-78.5,-9.7,12.0,25.6,0.0,49.0
2026-07-21 02:00:00,HELS-007-2,HELS-007,Band 1 (2100MHz),-83.0,-6.1,15.2,0.0,3.1,3.8
2026-07-21 02:00:00,HELS-007-3,HELS-007,Band 1 (2100MHz),-89.8,-5.4,12.2,14.1,0.0,6.2
2026-07-21 02:00:00,HELS-008-1,HELS-008,Band 3 (1800MHz),-80.8,-7.3,7.9,11.6,0.0,24.9
2026-07-21 02:00:00,HELS-008-2,HELS-008,Band 3 (1800MHz),-78.0,-6.1,15.9,9.7,12.8,0.0
2026-07-21 02:00:00,HELS-008-3,HELS-008,Band 3 (1800MHz),-85.0,-8.8,15.3,17.7,0.1,0.0
2026-07-21 02:00:00,HELS-009-1,HELS-009,Band 1 (2100MHz),-83.9,-9.8,7.7,14.0,14.5,37.2
2026-07-21 02:00:00,HELS-009-2,HELS-009,Band 1 (2100MHz),-84.6,-7.8,20.5,10.0,11.7,8.2
2026-07-21 02:00:00,HELS-009-3,HELS-009,Band 1 (2100MHz),-81.5,-7.0,22.4,6.8,4.8,30.1
2026-07-21 02:00:00,HELS-010-1,HELS-010,Band 3 (1800MHz),-85.8,-9.2,7.0,2.5,0.7,8.3
2026-07-21 02:00:00,HELS-010-2,HELS-010,Band 3 (1800MHz),-89.2,-7.7,11.3,5.2,8.7,0.0
2026-07-21 02:00:00,HELS-010-3,HELS-010,Band 3 (1800MHz),-84.7,-6.8,13.3,6.4,12.4,31.7
2026-07-21 02:00:00,HELS-011-1,HELS-011,Band 1 (2100MHz),-89.1,-5.3,18.3,42.7,8.8,40.6
2026-07-21 02:00:00,HELS-011-2,HELS-011,Band 1 (2100MHz),-79.5,-8.4,16.4,0.0,9.7,41.4
2026-07-21 02:00:00,HELS-011-3,HELS-011,Band 1 (2100MHz),-86.4,-10.4,7.3,0.0,9.0,19.1
2026-07-21 02:00:00,HELS-012-1,HELS-012,Band 3 (1800MHz),-79.6,-9.6,16.1,19.1,14.0,0.0
2026-07-21 02:00:00,HELS-012-2,HELS-012,Band 3 (1800MHz),-103.8,-11.8,11.4,9.6,18.7,12.3
2026-07-21 02:00:00,HELS-012-3,HELS-012,Band 3 (1800MHz),-79.3,-9.2,15.8,0.0,16.4,0.0
2026-07-21 02:00:00,HELS-013-1,HELS-013,Band 1 (2100MHz),-77.1,-3.3,15.6,4.4,6.7,0.0
2026-07-21 02:00:00,HELS-013-2,HELS-013,Band 1 (2100MHz),-79.4,-8.8,15.0,9.1,2.8,24.0
2026-07-21 02:00:00,HELS-013-3,HELS-013,Band 1 (2100MHz),-93.7,-8.3,8.1,23.5,2.6,12.5
2026-07-21 02:00:00,HELS-014-1,HELS-014,Band 3 (1800MHz),-76.3,-10.3,13.5,6.0,23.2,15.5
2026-07-21 02:00:00,HELS-014-2,HELS-014,Band 3 (1800MHz),-82.0,-8.9,20.1,13.9,5.1,26.3
2026-07-21 02:00:00,HELS-014-3,HELS-014,Band 3 (1800MHz),-84.0,-8.5,12.6,0.0,1.6,9.8
2026-07-21 03:00:00,HELS-001-1,HELS-001,Band 1 (2100MHz),-92.1,-9.2,8.6,5.1,6.0,0.0
2026-07-21 03:00:00,HELS-001-2,HELS-001,Band 1 (2100MHz),-98.4,-15.4,4.8,0.0,13.9,13.2
2026-07-21 03:00:00,HELS-001-3,HELS-001,Band 1 (2100MHz),-100.5,-9.0,10.3,8.2,0.0,26.6
2026-07-21 03:00:00,HELS-002-1,HELS-002,Band 3 (1800MHz),-82.9,-8.2,5.4,29.0,0.0,25.8
2026-07-21 03:00:00,HELS-002-2,HELS-002,Band 3 (1800MHz),-80.2,-7.4,4.0,1.1,17.1,45.1
2026-07-21 03:00:00,HELS-002-3,HELS-002,Band 3 (1800MHz),-83.9,-10.7,13.0,27.0,11.2,14.0
2026-07-21 03:00:00,HELS-003-1,HELS-003,Band 1 (2100MHz),-87.9,-8.0,6.4,6.6,0.3,35.1
2026-07-21 03:00:00,HELS-003-2,HELS-003,Band 1 (2100MHz),-72.6,-6.5,14.0,27.7,0.0,16.6
2026-07-21 03:00:00,HELS-003-3,HELS-003,Band 1 (2100MHz),-79.1,-11.4,13.9,21.5,0.0,39.8
2026-07-21 03:00:00,HELS-004-1,HELS-004,Band 3 (1800MHz),-85.9,-6.9,18.0,13.2,32.4,31.5
2026-07-21 03:00:00,HELS-004-2,HELS-004,Band 3 (1800MHz),-92.2,-9.2,8.4,15.3,6.2,0.0
2026-07-21 03:00:00,HELS-004-3,HELS-004,Band 3 (1800MHz),-91.2,-9.7,12.7,20.8,11.6,24.1
2026-07-21 03:00:00,HELS-005-1,HELS-005,Band 1 (2100MHz),-96.1,-10.4,5.2,10.1,14.5,0.0
2026-07-21 03:00:00,HELS-005-2,HELS-005,Band 1 (2100MHz),-75.8,-5.5,7.8,0.0,5.5,0.0
2026-07-21 03:00:00,HELS-005-3,HELS-005,Band 1 (2100MHz),-83.3,-7.9,5.7,21.3,0.0,2.3
2026-07-21 03:00:00,HELS-006-1,HELS-006,Band 3 (1800MHz),-83.0,-7.7,11.4,8.3,8.1,63.4
2026-07-21 03:00:00,HELS-006-2,HELS-006,Band 3 (1800MHz),-79.4,-7.2,19.2,4.8,20.0,0.0
2026-07-21 03:00:00,HELS-006-3,HELS-006,Band 3 (1800MHz),-84.9,-7.6,3.1,1.9,10.7,30.6
2026-07-21 03:00:00,HELS-007-1,HELS-007,Band 1 (2100MHz),-82.4,-7.1,9.1,0.0,9.9,0.0
2026-07-21 03:00:00,HELS-007-2,HELS-007,Band 1 (2100MHz),-83.0,-6.6,6.5,0.0,10.2,39.7
2026-07-21 03:00:00,HELS-007-3,HELS-007,Band 1 (2100MHz),-84.4,-7.0,9.4,4.2,0.0,4.4
2026-07-21 03:00:00,HELS-008-1,HELS-008,Band 3 (1800MHz),-90.0,-8.8,23.7,0.0,11.2,40.8
2026-07-21 03:00:00,HELS-008-2,HELS-008,Band 3 (1800MHz),-87.0,-12.2,9.6,0.0,0.0,33.5
2026-07-21 03:00:00,HELS-008-3,HELS-008,Band 3 (1800MHz),-83.4,-9.1,13.7,0.0,11.4,0.0
2026-07-21 03:00:00,HELS-009-1,HELS-009,Band 1 (2100MHz),-85.9,-6.9,21.6,0.0,0.6,0.3
2026-07-21 03:00:00,HELS-009-2,HELS-009,Band 1 (2100MHz),-85.5,-6.0,18.6,10.2,0.0,12.0
2026-07-21 03:00:00,HELS-009-3,HELS-009,Band 1 (2100MHz),-84.9,-7.9,21.5,21.5,2.8,32.1
2026-07-21 03:00:00,HELS-010-1,HELS-010,Band 3 (1800MHz),-81.6,-11.6,10.6,28.5,1.6,11.8
2026-07-21 03:00:00,HELS-010-2,HELS-010,Band 3 (1800MHz),-81.5,-5.3,21.7,31.8,8.0,16.6
2026-07-21 03:00:00,HELS-010-3,HELS-010,Band 3 (1800MHz),-95.2,-11.3,18.0,11.8,9.3,25.3
2026-07-21 03:00:00,HELS-011-1,HELS-011,Band 1 (2100MHz),-85.2,-9.4,16.8,21.0,5.1,0.4
2026-07-21 03:00:00,HELS-011-2,HELS-011,Band 1 (2100MHz),-85.7,-8.6,10.0,10.2,0.9,28.3
2026-07-21 03:00:00,HELS-011-3,HELS-011,Band 1 (2100MHz),-82.6,-6.9,11.6,0.0,2.0,6.5
2026-07-21 03:00:00,HELS-012-1,HELS-012,Band 3 (1800MHz),-84.7,-7.6,12.8,16.1,13.7,0.0
2026-07-21 03:00:00,HELS-012-2,HELS-012,Band 3 (1800MHz),-97.8,-12.0,0.2,1.8,18.0,65.2
2026-07-21 03:00:00,HELS-012-3,HELS-012,Band 3 (1800MHz),-85.6,-9.6,8.6,20.2,6.3,0.0
2026-07-21 03:00:00,HELS-013-1,HELS-013,Band 1 (2100MHz),-86.0,-7.5,7.9,0.0,8.3,0.0
2026-07-21 03:00:00,HELS-013-2,HELS-013,Band 1 (2100MHz),-86.1,-3.8,10.8,22.0,0.0,12.2
2026-07-21 03:00:00,HELS-013-3,HELS-013,Band 1 (2100MHz),-85.5,-12.0,7.9,6.0,3.5,4.9
2026-07-21 03:00:00,HELS-014-1,HELS-014,Band 3 (1800MHz),-90.8,-8.7,25.0,9.8,7.0,0.0
2026-07-21 03:00:00,HELS-014-2,HELS-014,Band 3 (1800MHz),-84.8,-3.7,11.1,8.3,0.0,18.4
2026-07-21 03:00:00,HELS-014-3,HELS-014,Band 3 (1800MHz),-82.0,-8.5,16.5,6.6,5.1,7.8
2026-07-21 04:00:00,HELS-001-1,HELS-001,Band 1 (2100MHz),-87.4,-10.1,14.1,0.0,0.0,0.0
2026-07-21 04:00:00,HELS-001-2,HELS-001,Band 1 (2100MHz),-101.6,-9.7,-0.3,13.8,11.2,29.4
2026-07-21 04:00:00,HELS-001-3,HELS-001,Band 1 (2100MHz),-95.0,-13.7,5.3,2.8,6.0,54.4
2026-07-21 04:00:00,HELS-002-1,HELS-002,Band 3 (1800MHz),-85.4,-7.7,6.9,22.5,0.0,26.0
2026-07-21 04:00:00,HELS-002-2,HELS-002,Band 3 (1800MHz),-93.9,-7.0,12.0,0.6,15.3,18.9
2026-07-21 04:00:00,HELS-002-3,HELS-002,Band 3 (1800MHz),-82.5,-5.3,18.1,21.6,9.9,9.0
2026-07-21 04:00:00,HELS-003-1,HELS-003,Band 1 (2100MHz),-81.6,-5.7,14.6,15.6,3.2,31.7
2026-07-21 04:00:00,HELS-003-2,HELS-003,Band 1 (2100MHz),-87.7,-7.6,10.9,9.9,0.0,52.7
2026-07-21 04:00:00,HELS-003-3,HELS-003,Band 1 (2100MHz),-87.3,-11.9,9.4,19.3,8.1,0.0
2026-07-21 04:00:00,HELS-004-1,HELS-004,Band 3 (1800MHz),-89.9,-8.5,15.1,11.4,7.6,13.1
2026-07-21 04:00:00,HELS-004-2,HELS-004,Band 3 (1800MHz),-84.4,-11.3,13.6,0.0,0.0,11.6
2026-07-21 04:00:00,HELS-004-3,HELS-004,Band 3 (1800MHz),-85.9,-8.8,9.2,18.1,15.2,22.0
2026-07-21 04:00:00,HELS-005-1,HELS-005,Band 1 (2100MHz),-85.4,-13.3,7.8,0.0,10.1,46.4
2026-07-21 04:00:00,HELS-005-2,HELS-005,Band 1 (2100MHz),-92.5,-6.9,6.9,4.4,7.6,21.6
2026-07-21 04:00:00,HELS-005-3,HELS-005,Band 1 (2100MHz),-89.9,-9.1,18.1,0.0,11.0,0.0
2026-07-21 04:00:00,HELS-006-1,HELS-006,Band 3 (1800MHz),-75.8,-7.5,20.6,10.7,4.0,17.3
2026-07-21 04:00:00,HELS-006-2,HELS-006,Band 3 (1800MHz),-90.4,-6.0,15.7,11.4,8.9,28.8
2026-07-21 04:00:00,HELS-006-3,HELS-006,Band 3 (1800MHz),-78.3,-8.9,13.2,14.7,19.9,52.4
2026-07-21 04:00:00,HELS-007-1,HELS-007,Band 1 (2100MHz),-86.2,-9.9,18.8,16.2,18.5,0.0
2026-07-21 04:00:00,HELS-007-2,HELS-007,Band 1 (2100MHz),-77.1,-5.0,10.1,10.0,0.0,9.7
2026-07-21 04:00:00,HELS-007-3,HELS-007,Band 1 (2100MHz),-82.0,-5.2,10.9,14.4,4.7,41.1
2026-07-21 04:00:00,HELS-008-1,HELS-008,Band 3 (1800MHz),-81.0,-7.9,9.6,39.6,0.0,10.5
2026-07-21 04:00:00,HELS-008-2,HELS-008,Band 3 (1800MHz),-86.3,-9.2,11.5,0.4,8.3,27.6
2026-07-21 04:00:00,HELS-008-3,HELS-008,Band 3 (1800MHz),-83.7,-5.6,10.9,22.2,16.0,3.3
2026-07-21 04:00:00,HELS-009-1,HELS-009,Band 1 (2100MHz),-77.7,-9.4,20.2,19.6,24.7,9.9
2026-07-21 04:00:00,HELS-009-2,HELS-009,Band 1 (2100MHz),-82.8,-5.5,21.3,0.0,7.1,54.5
2026-07-21 04:00:00,HELS-009-3,HELS-009,Band 1 (2100MHz),-88.3,-5.6,16.8,14.4,9.2,84.7
2026-07-21 04:00:00,HELS-010-1,HELS-010,Band 3 (1800MHz),-78.4,-6.0,9.0,39.4,0.0,0.0
2026-07-21 04:00:00,HELS-010-2,HELS-010,Band 3 (1800MHz),-84.5,-11.2,18.2,2.1,11.6,0.0
2026-07-21 04:00:00,HELS-010-3,HELS-010,Band 3 (1800MHz),-86.6,-11.5,8.7,19.3,0.0,23.6
2026-07-21 04:00:00,HELS-011-1,HELS-011,Band 1 (2100MHz),-89.8,-5.4,4.8,8.5,0.5,0.0
2026-07-21 04:00:00,HELS-011-2,HELS-011,Band 1 (2100MHz),-80.4,-8.4,11.6,0.0,0.0,28.2
2026-07-21 04:00:00,HELS-011-3,HELS-011,Band 1 (2100MHz),-86.7,-6.7,9.1,8.1,0.0,7.7
2026-07-21 04:00:00,HELS-012-1,HELS-012,Band 3 (1800MHz),-81.9,-4.7,13.1,28.6,5.4,6.3
2026-07-21 04:00:00,HELS-012-2,HELS-012,Band 3 (1800MHz),-98.5,-11.9,0.7,15.7,24.4,0.0
2026-07-21 04:00:00,HELS-012-3,HELS-012,Band 3 (1800MHz),-88.2,-9.1,-1.9,15.4,0.2,20.1
2026-07-21 04:00:00,HELS-013-1,HELS-013,Band 1 (2100MHz),-82.7,-7.0,16.7,16.0,2.9,18.7
2026-07-21 04:00:00,HELS-013-2,HELS-013,Band 1 (2100MHz),-86.1,-10.8,22.3,13.4,0.0,3.6
2026-07-21 04:00:00,HELS-013-3,HELS-013,Band 1 (2100MHz),-82.8,-7.6,13.9,0.0,0.0,0.6
2026-07-21 04:00:00,HELS-014-1,HELS-014,Band 3 (1800MHz),-84.6,-4.2,4.6,12.5,0.0,2.9
2026-07-21 04:00:00,HELS-014-2,HELS-014,Band 3 (1800MHz),-84.9,-11.0,10.9,18.2,8.7,29.2
2026-07-21 04:00:00,HELS-014-3,HELS-014,Band 3 (1800MHz),-87.1,-7.2,18.6,0.0,18.0,14.9
2026-07-21 05:00:00,HELS-001-1,HELS-001,Band 1 (2100MHz),-85.0,-6.0,15.4,8.2,8.0,29.6
2026-07-21 05:00:00,HELS-001-2,HELS-001,Band 1 (2100MHz),-97.3,-10.7,2.9,0.0,10.4,38.8
2026-07-21 05:00:00,HELS-001-3,HELS-001,Band 1 (2100MHz),-93.5,-10.8,10.3,18.2,6.1,0.0
2026-07-21 05:00:00,HELS-002-1,HELS-002,Band 3 (1800MHz),-84.6,-12.0,10.9,11.2,1.5,40.0
2026-07-21 05:00:00,HELS-002-2,HELS-002,Band 3 (1800MHz),-86.1,-7.8,23.9,0.0,12.7,0.0
2026-07-21 05:00:00,HELS-002-3,HELS-002,Band 3 (1800MHz),-82.2,-8.4,13.9,17.5,12.4,20.1
2026-07-21 05:00:00,HELS-003-1,HELS-003,Band 1 (2100MHz),-80.7,-4.2,18.4,21.5,12.0,14.4
2026-07-21 05:00:00,HELS-003-2,HELS-003,Band 1 (2100MHz),-77.3,-5.9,17.0,0.0,2.7,38.9
2026-07-21 05:00:00,HELS-003-3,HELS-003,Band 1 (2100MHz),-88.3,-6.2,23.5,2.5,5.7,25.8
2026-07-21 05:00:00,HELS-004-1,HELS-004,Band 3 (1800MHz),-79.9,-10.0,18.2,1.4,3.5,36.9
2026-07-21 05:00:00,HELS-004-2,HELS-004,Band 3 (1800MHz),-74.6,-8.8,15.3,0.0,5.9,13.8
2026-07-21 05:00:00,HELS-004-3,HELS-004,Band 3 (1800MHz),-84.1,-7.8,9.4,19.4,0.0,0.0
2026-07-21 05:00:00,HELS-005-1,HELS-005,Band 1 (2100MHz),-87.4,-10.8,-1.8,0.0,7.8,19.2
2026-07-21 05:00:00,HELS-005-2,HELS-005,Band 1 (2100MHz),-77.0,-10.7,13.2,13.2,5.2,0.0
2026-07-21 05:00:00,HELS-005-3,HELS-005,Band 1 (2100MHz),-79.2,-9.2,16.2,17.5,8.6,0.0
2026-07-21 05:00:00,HELS-006-1,HELS-006,Band 3 (1800MHz),-85.7,-11.0,13.5,23.2,5.9,35.4
2026-07-21 05:00:00,HELS-006-2,HELS-006,Band 3 (1800MHz),-91.1,-8.5,17.5,8.7,17.9,22.3
2026-07-21 05:00:00,HELS-006-3,HELS-006,Band 3 (1800MHz),-86.1,-8.9,13.2,30.3,6.9,27.5
2026-07-21 05:00:00,HELS-007-1,HELS-007,Band 1 (2100MHz),-87.9,-10.0,17.6,6.5,7.9,20.3
2026-07-21 05:00:00,HELS-007-2,HELS-007,Band 1 (2100MHz),-84.8,-6.0,6.9,0.0,7.9,47.2
2026-07-21 05:00:00,HELS-007-3,HELS-007,Band 1 (2100MHz),-79.3,-9.5,12.3,10.3,0.0,0.0
2026-07-21 05:00:00,HELS-008-1,HELS-008,Band 3 (1800MHz),-83.9,-4.3,10.5,8.2,0.0,11.6
2026-07-21 05:00:00,HELS-008-2,HELS-008,Band 3 (1800MHz),-78.4,-10.9,14.5,6.4,13.9,11.8
2026-07-21 05:00:00,HELS-008-3,HELS-008,Band 3 (1800MHz),-81.3,-10.8,11.4,16.2,0.0,12.2
2026-07-21 05:00:00,HELS-009-1,HELS-009,Band 1 (2100MHz),-82.6,-7.7,9.3,5.2,0.0,0.0
2026-07-21 05:00:00,HELS-009-2,HELS-009,Band 1 (2100MHz),-80.9,-6.5,11.5,4.5,3.3,33.6
2026-07-21 05:00:00,HELS-009-3,HELS-009,Band 1 (2100MHz),-85.4,-8.3,12.2,13.6,0.9,28.4
2026-07-21 05:00:00,HELS-010-1,HELS-010,Band 3 (1800MHz),-78.0,-5.7,8.0,26.7,8.3,19.2
2026-07-21 05:00:00,HELS-010-2,HELS-010,Band 3 (1800MHz),-86.4,-6.0,15.3,32.0,8.7,0.0
2026-07-21 05:00:00,HELS-010-3,HELS-010,Band 3 (1800MHz),-90.6,-7.2,19.9,2.9,14.0,39.7
2026-07-21 05:00:00,HELS-011-1,HELS-011,Band 1 (2100MHz),-82.4,-6.0,12.7,0.6,0.0,0.0
2026-07-21 05:00:00,HELS-011-2,HELS-011,Band 1 (2100MHz),-87.1,-9.9,14.8,11.8,7.5,1.2
2026-07-21 05:00:00,HELS-011-3,HELS-011,Band 1 (2100MHz),-80.9,-9.1,0.9,0.0,4.8,11.0
2026-07-21 05:00:00,HELS-012-1,HELS-012,Band 3 (1800MHz),-90.8,-9.4,13.2,0.0,21.6,9.1
2026-07-21 05:00:00,HELS-012-2,HELS-012,Band 3 (1800MHz),-97.3,-12.7,5.3,0.0,11.3,19.3
2026-07-21 05:00:00,HELS-012-3,HELS-012,Band 3 (1800MHz),-81.4,-8.4,7.1,9.0,0.0,2.5
2026-07-21 05:00:00,HELS-013-1,HELS-013,Band 1 (2100MHz),-86.1,-12.2,7.0,15.9,12.2,9.6
2026-07-21 05:00:00,HELS-013-2,HELS-013,Band 1 (2100MHz),-88.3,-10.7,11.5,6.4,8.5,0.0
2026-07-21 05:00:00,HELS-013-3,HELS-013,Band 1 (2100MHz),-85.4,-6.9,9.0,2.3,0.0,28.6
2026-07-21 05:00:00,HELS-014-1,HELS-014,Band 3 (1800MHz),-91.7,-6.5,16.1,28.0,14.2,12.2
2026-07-21 05:00:00,HELS-014-2,HELS-014,Band 3 (1800MHz),-83.5,-10.4,8.4,22.0,17.5,17.0
2026-07-21 05:00:00,HELS-014-3,HELS-014,Band 3 (1800MHz),-86.7,-8.6,5.0,19.8,0.0,56.4
2026-07-21 06:00:00,HELS-001-1,HELS-001,Band 1 (2100MHz),-87.1,-9.6,11.9,15.2,6.7,70.8
2026-07-21 06:00:00,HELS-001-2,HELS-001,Band 1 (2100MHz),-96.7,-11.4,0.1,19.8,1.8,0.0
2026-07-21 06:00:00,HELS-001-3,HELS-001,Band 1 (2100MHz),-102.1,-13.5,12.8,24.7,30.4,28.8
2026-07-21 06:00:00,HELS-002-1,HELS-002,Band 3 (1800MHz),-90.6,-9.3,15.2,11.9,1.1,2.6
2026-07-21 06:00:00,HELS-002-2,HELS-002,Band 3 (1800MHz),-86.3,-5.9,16.4,0.0,26.0,30.8
2026-07-21 06:00:00,HELS-002-3,HELS-002,Band 3 (1800MHz),-79.7,-7.6,17.8,21.0,19.1,19.1
2026-07-21 06:00:00,HELS-003-1,HELS-003,Band 1 (2100MHz),-85.9,-10.2,19.8,0.0,26.1,43.9
2026-07-21 06:00:00,HELS-003-2,HELS-003,Band 1 (2100MHz),-85.6,-5.5,17.1,0.0,21.7,72.5
2026-07-21 06:00:00,HELS-003-3,HELS-003,Band 1 (2100MHz),-86.1,-7.6,14.2,28.7,14.9,33.1
2026-07-21 06:00:00,HELS-004-1,HELS-004,Band 3 (1800MHz),-85.5,-8.3,20.0,16.0,10.3,41.6
2026-07-21 06:00:00,HELS-004-2,HELS-004,Band 3 (1800MHz),-84.4,-3.2,16.5,16.6,10.3,61.8
2026-07-21 06:00:00,HELS-004-3,HELS-004,Band 3 (1800MHz),-73.6,-10.0,9.4,13.5,6.6,41.7
2026-07-21 06:00:00,HELS-005-1,HELS-005,Band 1 (2100MHz),-92.0,-11.3,4.9,2.5,12.1,59.5
2026-07-21 06:00:00,HELS-005-2,HELS-005,Band 1 (2100MHz),-88.6,-10.5,16.5,18.8,28.4,28.1
2026-07-21 06:00:00,HELS-005-3,HELS-005,Band 1 (2100MHz),-85.4,-7.6,14.5,0.0,13.0,46.8
2026-07-21 06:00:00,HELS-006-1,HELS-006,Band 3 (1800MHz),-84.8,-10.0,8.5,2.9,0.0,15.2
2026-07-21 06:00:00,HELS-006-2,HELS-006,Band 3 (1800MHz),-81.7,-4.9,12.1,37.1,12.6,48.6
2026-07-21 06:00:00,HELS-006-3,HELS-006,Band 3 (1800MHz),-80.2,-8.7,12.9,15.1,22.7,29.2
2026-07-21 06:00:00,HELS-007-1,HELS-007,Band 1 (2100MHz),-81.2,-7.1,15.4,13.2,15.5,41.9
2026-07-21 06:00:00,HELS-007-2,HELS-007,Band 1 (2100MHz),-87.4,-6.0,16.1,17.1,7.7,35.0
2026-07-21 06:00:00,HELS-007-3,HELS-007,Band 1 (2100MHz),-83.5,-3.1,11.8,16.6,7.3,0.0
2026-07-21 06:00:00,HELS-008-1,HELS-008,Band 3 (1800MHz),-82.6,-7.2,15.0,19.2,6.9,41.1
2026-07-21 06:00:00,HELS-008-2,HELS-008,Band 3 (1800MHz),-86.3,-9.4,17.5,0.7,11.2,53.8
2026-07-21 06:00:00,HELS-008-3,HELS-008,Band 3 (1800MHz),-77.6,-7.7,12.5,0.0,15.1,44.9
2026-07-21 06:00:00,HELS-009-1,HELS-009,Band 1 (2100MHz),-81.5,-8.1,8.3,36.2,6.1,82.5
2026-07-21 06:00:00,HELS-009-2,HELS-009,Band 1 (2100MHz),-87.7,-8.6,12.6,23.2,25.4,51.1
2026-07-21 06:00:00,HELS-009-3,HELS-009,Band 1 (2100MHz),-79.4,-11.1,16.8,19.9,15.0,13.8
2026-07-21 06:00:00,HELS-010-1,HELS-010,Band 3 (1800MHz),-83.9,-6.7,9.2,3.7,0.0,39.1
2026-07-21 06:00:00,HELS-010-2,HELS-010,Band 3 (1800MHz),-84.6,-8.1,12.5,9.1,29.1,75.6
2026-07-21 06:00:00,HELS-010-3,HELS-010,Band 3 (1800MHz),-85.7,-6.5,13.7,29.7,16.5,62.7
2026-07-21 06:00:00,HELS-011-1,HELS-011,Band 1 (2100MHz),-83.7,-5.9,17.8,14.1,0.0,8.9
2026-07-21 06:00:00,HELS-011-2,HELS-011,Band 1 (2100MHz),-88.9,-8.1,15.6,13.4,12.3,26.5
2026-07-21 06:00:00,HELS-011-3,HELS-011,Band 1 (2100MHz),-81.9,-6.6,8.3,15.0,9.9,38.6
2026-07-21 06:00:00,HELS-012-1,HELS-012,Band 3 (1800MHz),-81.9,-6.2,16.6,12.8,9.1,63.5
2026-07-21 06:00:00,HELS-012-2,HELS-012,Band 3 (1800MHz),-90.1,-13.4,8.5,16.2,4.7,55.0
2026-07-21 06:00:00,HELS-012-3,HELS-012,Band 3 (1800MHz),-87.8,-8.5,16.0,18.6,14.1,21.0
2026-07-21 06:00:00,HELS-013-1,HELS-013,Band 1 (2100MHz),-83.8,-7.3,8.4,0.0,0.0,34.4
2026-07-21 06:00:00,HELS-013-2,HELS-013,Band 1 (2100MHz),-89.1,-7.8,3.5,29.8,4.8,10.1
2026-07-21 06:00:00,HELS-013-3,HELS-013,Band 1 (2100MHz),-93.6,-7.0,17.0,10.1,6.4,11.6
2026-07-21 06:00:00,HELS-014-1,HELS-014,Band 3 (1800MHz),-87.1,-8.3,17.0,18.7,23.5,0.0
2026-07-21 06:00:00,HELS-014-2,HELS-014,Band 3 (1800MHz),-75.8,-8.7,12.0,15.5,4.9,36.5
2026-07-21 06:00:00,HELS-014-3,HELS-014,Band 3 (1800MHz),-80.7,-14.9,14.3,35.5,8.4,57.6
2026-07-21 07:00:00,HELS-001-1,HELS-001,Band 1 (2100MHz),-83.5,-8.1,15.8,82.6,28.1,93.6
2026-07-21 07:00:00,HELS-001-2,HELS-001,Band 1 (2100MHz),-94.7,-12.3,-0.5,55.4,36.5,124.5
2026-07-21 07:00:00,HELS-001-3,HELS-001,Band 1 (2100MHz),-100.3,-15.6,2.6,71.3,27.8,124.1
2026-07-21 07:00:00,HELS-002-1,HELS-002,Band 3 (1800MHz),-81.4,-11.4,13.6,58.3,45.9,101.3
2026-07-21 07:00:00,HELS-002-2,HELS-002,Band 3 (1800MHz),-82.5,-8.6,10.2,58.6,29.9,114.2
2026-07-21 07:00:00,HELS-002-3,HELS-002,Band 3 (1800MHz),-79.2,-9.9,12.7,61.4,28.4,133.8
2026-07-21 07:00:00,HELS-003-1,HELS-003,Band 1 (2100MHz),-81.1,-9.0,16.4,46.9,27.3,110.3
2026-07-21 07:00:00,HELS-003-2,HELS-003,Band 1 (2100MHz),-86.7,-13.5,11.9,56.1,44.3,137.5
2026-07-21 07:00:00,HELS-003-3,HELS-003,Band 1 (2100MHz),-85.4,-12.8,16.8,43.5,42.4,117.4
2026-07-21 07:00:00,HELS-004-1,HELS-004,Band 3 (1800MHz),-81.1,-10.5,14.1,57.1,36.2,108.9
2026-07-21 07:00:00,HELS-004-2,HELS-004,Band 3 (1800MHz),-89.9,-11.1,15.2,57.4,39.2,77.1
2026-07-21 07:00:00,HELS-004-3,HELS-004,Band 3 (1800MHz),-78.5,-10.7,8.5,60.6,46.6,125.5
2026-07-21 07:00:00,HELS-005-1,HELS-005,Band 1 (2100MHz),-98.8,-15.8,3.3,62.4,42.3,139.7
2026-07-21 07:00:00,HELS-005-2,HELS-005,Band 1 (2100MHz),-89.7,-13.4,6.7,43.7,48.3,108.1
2026-07-21 07:00:00,HELS-005-3,HELS-005,Band 1 (2100MHz),-79.3,-14.7,15.4,86.3,38.0,65.2
2026-07-21 07:00:00,HELS-006-1,HELS-006,Band 3 (1800MHz),-86.3,-12.8,1.2,62.1,29.2,109.4
2026-07-21 07:00:00,HELS-006-2,HELS-006,Band 3 (1800MHz),-79.0,-13.5,13.9,68.9,19.5,114.4
2026-07-21 07:00:00,HELS-006-3,HELS-006,Band 3 (1800MHz),-82.8,-10.1,14.6,53.1,47.3,123.6
2026-07-21 07:00:00,HELS-007-1,HELS-007,Band 1 (2100MHz),-78.3,-13.5,5.3,59.0,36.1,82.8
2026-07-21 07:00:00,HELS-007-2,HELS-007,Band 1 (2100MHz),-74.8,-10.6,20.0,45.3,39.8,52.6
2026-07-21 07:00:00,HELS-007-3,HELS-007,Band 1 (2100MHz),-91.2,-14.2,16.0,79.6,49.2,118.7
2026-07-21 07:00:00,HELS-008-1,HELS-008,Band 3 (1800MHz),-82.7,-13.3,3.7,54.8,44.8,116.7
2026-07-21 07:00:00,HELS-008-2,HELS-008,Band 3 (1800MHz),-85.5,-10.9,6.4,69.1,40.8,116.1
2026-07-21 07:00:00,HELS-008-3,HELS-008,Band 3 (1800MHz),-84.9,-13.0,16.2,61.0,36.4,102.7
2026-07-21 07:00:00,HELS-009-1,HELS-009,Band 1 (2100MHz),-76.3,-12.8,11.2,69.4,17.4,96.9
2026-07-21 07:00:00,HELS-009-2,HELS-009,Band 1 (2100MHz),-82.7,-6.4,7.3,82.2,31.8,71.8
2026-07-21 07:00:00,HELS-009-3,HELS-009,Band 1 (2100MHz),-79.8,-8.0,21.0,75.8,37.3,113.9
2026-07-21 07:00:00,HELS-010-1,HELS-010,Band 3 (1800MHz),-82.7,-13.3,4.8,87.5,32.1,137.6
2026-07-21 07:00:00,HELS-010-2,HELS-010,Band 3 (1800MHz),-83.4,-9.3,0.8,40.5,23.3,79.3
2026-07-21 07:00:00,HELS-010-3,HELS-010,Band 3 (1800MHz),-75.5,-13.2,7.0,58.6,30.6,96.2
2026-07-21 07:00:00,HELS-011-1,HELS-011,Band 1 (2100MHz),-86.7,-12.1,13.4,32.6,35.4,92.6
2026-07-21 07:00:00,HELS-011-2,HELS-011,Band 1 (2100MHz),-90.1,-8.7,17.6,70.5,26.9,115.2
2026-07-21 07:00:00,HELS-011-3,HELS-011,Band 1 (2100MHz),-83.6,-10.6,-0.8,47.2,52.0,121.5
2026-07-21 07:00:00,HELS-012-1,HELS-012,Band 3 (1800MHz),-83.8,-12.3,11.8,56.4,39.9,132.9
2026-07-21 07:00:00,HELS-012-2,HELS-012,Band 3 (1800MHz),-95.3,-18.6,-1.4,73.8,14.6,98.6
2026-07-21 07:00:00,HELS-012-3,HELS-012,Band 3 (1800MHz),-85.9,-11.7,7.4,63.7,50.4,115.0
2026-07-21 07:00:00,HELS-013-1,HELS-013,Band 1 (2100MHz),-81.8,-13.4,13.1,71.1,44.5,95.1
2026-07-21 07:00:00,HELS-013-2,HELS-013,Band 1 (2100MHz),-81.9,-9.1,14.0,59.2,26.2,103.6
2026-07-21 07:00:00,HELS-013-3,HELS-013,Band 1 (2100MHz),-88.3,-8.4,17.5,81.0,40.7,140.0
2026-07-21 07:00:00,HELS-014-1,HELS-014,Band 3 (1800MHz),-79.7,-8.9,14.2,58.4,48.0,102.8
2026-07-21 07:00:00,HELS-014-2,HELS-014,Band 3 (1800MHz),-89.5,-9.4,20.8,61.5,30.7,103.4
2026-07-21 07:00:00,HELS-014-3,HELS-014,Band 3 (1800MHz),-79.6,-12.5,-1.9,59.4,41.6,123.6
2026-07-21 08:00:00,HELS-001-1,HELS-001,Band 1 (2100MHz),-79.1,-13.4,16.6,84.6,58.5,150.3
2026-07-21 08:00:00,HELS-001-2,HELS-001,Band 1 (2100MHz),-102.4,-15.8,12.8,79.1,38.4,127.2
2026-07-21 08:00:00,HELS-001-3,HELS-001,Band 1 (2100MHz),-99.2,-17.5,8.3,75.3,51.8,150.1
2026-07-21 08:00:00,HELS-002-1,HELS-002,Band 3 (1800MHz),-84.7,-10.3,18.0,100.0,55.3,148.5
2026-07-21 08:00:00,HELS-002-2,HELS-002,Band 3 (1800MHz),-82.6,-8.8,15.2,70.5,48.8,76.1
2026-07-21 08:00:00,HELS-002-3,HELS-002,Band 3 (1800MHz),-84.0,-8.2,9.8,82.4,38.9,174.3
2026-07-21 08:00:00,HELS-003-1,HELS-003,Band 1 (2100MHz),-79.6,-10.5,25.8,90.1,46.5,158.6
2026-07-21 08:00:00,HELS-003-2,HELS-003,Band 1 (2100MHz),-81.9,-13.4,17.9,47.6,39.1,129.5
2026-07-21 08:00:00,HELS-003-3,HELS-003,Band 1 (2100MHz),-79.2,-11.8,20.1,51.5,70.4,129.7
2026-07-21 08:00:00,HELS-004-1,HELS-004,Band 3 (1800MHz),-83.4,-10.4,5.8,84.2,53.5,146.7
2026-07-21 08:00:00,HELS-004-2,HELS-004,Band 3 (1800MHz),-75.7,-10.7,13.5,100.0,49.2,110.9
2026-07-21 08:00:00,HELS-004-3,HELS-004,Band 3 (1800MHz),-78.8,-11.3,14.1,87.4,38.5,158.9
2026-07-21 08:00:00,HELS-005-1,HELS-005,Band 1 (2100MHz),-89.1,-19.1,5.3,76.5,56.6,142.3
2026-07-21 08:00:00,HELS-005-2,HELS-005,Band 1 (2100MHz),-85.8,-11.9,9.9,75.9,35.4,129.4
2026-07-21 08:00:00,HELS-005-3,HELS-005,Band 1 (2100MHz),-81.9,-9.2,10.1,93.7,37.4,120.7
2026-07-21 08:00:00,HELS-006-1,HELS-006,Band 3 (1800MHz),-81.5,-11.9,4.5,70.1,36.9,128.3
2026-07-21 08:00:00,HELS-006-2,HELS-006,Band 3 (1800MHz),-87.3,-15.3,5.8,65.2,43.1,111.9
2026-07-21 08:00:00,HELS-006-3,HELS-006,Band 3 (1800MHz),-83.4,-10.3,25.4,93.6,52.8,142.8
2026-07-21 08:00:00,HELS-007-1,HELS-007,Band 1 (2100MHz),-79.6,-9.7,19.8,80.9,57.7,144.6
2026-07-21 08:00:00,HELS-007-2,HELS-007,Band 1 (2100MHz),-85.8,-9.6,9.6,89.7,54.7,129.5
2026-07-21 08:00:00,HELS-007-3,HELS-007,Band 1 (2100MHz),-76.9,-13.8,21.5,84.5,44.7,149.2
2026-07-21 08:00:00,HELS-008-1,HELS-008,Band 3 (1800MHz),-80.9,-12.5,9.5,76.9,61.1,104.3
2026-07-21 08:00:00,HELS-008-2,HELS-008,Band 3 (1800MHz),-88.6,-11.0,11.7,61.8,58.3,146.8
2026-07-21 08:00:00,HELS-008-3,HELS-008,Band 3 (1800MHz),-84.9,-13.9,10.7,52.5,44.4,142.8
2026-07-21 08:00:00,HELS-009-1,HELS-009,Band 1 (2100MHz),-78.8,-12.8,14.2,100.0,48.6,187.1
2026-07-21 08:00:00,HELS-009-2,HELS-009,Band 1 (2100MHz),-87.2,-11.3,14.6,74.0,43.4,109.9
2026-07-21 08:00:00,HELS-009-3,HELS-009,Band 1 (2100MHz),-88.0,-13.9,6.4,75.0,55.8,93.6
2026-07-21 08:00:00,HELS-010-1,HELS-010,Band 3 (1800MHz),-83.6,-13.1,12.1,64.5,43.8,140.1
2026-07-21 08:00:00,HELS-010-2,HELS-010,Band 3 (1800MHz),-88.5,-11.2,7.8,93.4,46.4,155.8
2026-07-21 08:00:00,HELS-010-3,HELS-010,Band 3 (1800MHz),-87.7,-13.2,12.3,80.1,27.4,125.2
2026-07-21 08:00:00,HELS-011-1,HELS-011,Band 1 (2100MHz),-82.2,-14.6,16.1,97.2,45.4,125.0
2026-07-21 08:00:00,HELS-011-2,HELS-011,Band 1 (2100MHz),-91.7,-9.6,12.4,93.7,48.1,159.4
2026-07-21 08:00:00,HELS-011-3,HELS-011,Band 1 (2100MHz),-81.5,-13.0,16.8,98.4,32.1,102.1
2026-07-21 08:00:00,HELS-012-1,HELS-012,Band 3 (1800MHz),-87.8,-13.5,15.2,93.1,38.6,147.9
2026-07-21 08:00:00,HELS-012-2,HELS-012,Band 3 (1800MHz),-108.3,-15.5,8.0,94.7,54.8,110.3
2026-07-21 08:00:00,HELS-012-3,HELS-012,Band 3 (1800MHz),-84.0,-14.7,6.6,79.9,42.9,151.7
2026-07-21 08:00:00,HELS-013-1,HELS-013,Band 1 (2100MHz),-80.1,-16.5,15.8,100.0,42.1,143.5
2026-07-21 08:00:00,HELS-013-2,HELS-013,Band 1 (2100MHz),-82.0,-11.9,15.5,83.5,52.2,103.6
2026-07-21 08:00:00,HELS-013-3,HELS-013,Band 1 (2100MHz),-82.8,-8.4,12.7,83.5,44.6,98.8
2026-07-21 08:00:00,HELS-014-1,HELS-014,Band 3 (1800MHz),-85.6,-8.2,13.4,80.5,53.2,130.3
2026-07-21 08:00:00,HELS-014-2,HELS-014,Band 3 (1800MHz),-83.5,-9.8,13.1,76.6,30.4,150.3
2026-07-21 08:00:00,HELS-014-3,HELS-014,Band 3 (1800MHz),-87.1,-9.4,9.4,88.6,41.9,144.9
2026-07-21 09:00:00,HELS-001-1,HELS-001,Band 1 (2100MHz),-86.0,-8.8,8.9,59.6,39.4,74.7
2026-07-21 09:00:00,HELS-001-2,HELS-001,Band 1 (2100MHz),-98.4,-18.4,10.0,85.3,43.5,73.0
2026-07-21 09:00:00,HELS-001-3,HELS-001,Band 1 (2100MHz),-96.5,-16.1,3.1,73.6,36.7,102.6
2026-07-21 09:00:00,HELS-002-1,HELS-002,Band 3 (1800MHz),-82.3,-10.6,7.9,59.7,26.9,113.1
2026-07-21 09:00:00,HELS-002-2,HELS-002,Band 3 (1800MHz),-85.2,-13.0,17.9,59.5,35.1,79.5
2026-07-21 09:00:00,HELS-002-3,HELS-002,Band 3 (1800MHz),-86.0,-9.4,5.7,54.6,27.2,81.6
2026-07-21 09:00:00,HELS-003-1,HELS-003,Band 1 (2100MHz),-81.0,-8.4,12.6,81.4,55.2,90.9
2026-07-21 09:00:00,HELS-003-2,HELS-003,Band 1 (2100MHz),-81.4,-10.1,9.8,60.8,43.4,122.2
2026-07-21 09:00:00,HELS-003-3,HELS-003,Band 1 (2100MHz),-81.9,-10.9,19.1,57.4,49.7,76.4
2026-07-21 09:00:00,HELS-004-1,HELS-004,Band 3 (1800MHz),-85.9,-12.5,12.2,46.6,35.7,80.6
2026-07-21 09:00:00,HELS-004-2,HELS-004,Band 3 (1800MHz),-82.9,-12.3,16.2,85.4,55.3,99.1
2026-07-21 09:00:00,HELS-004-3,HELS-004,Band 3 (1800MHz),-82.0,-12.6,11.4,54.9,41.5,113.4
2026-07-21 09:00:00,HELS-005-1,HELS-005,Band 1 (2100MHz),-94.9,-16.8,2.8,62.0,35.5,94.9
2026-07-21 09:00:00,HELS-005-2,HELS-005,Band 1 (2100MHz),-85.5,-9.5,20.2,53.3,62.0,127.3
2026-07-21 09:00:00,HELS-005-3,HELS-005,Band 1 (2100MHz),-81.1,-13.4,12.7,75.2,36.7,166.9
2026-07-21 09:00:00,HELS-006-1,HELS-006,Band 3 (1800MHz),-81.6,-8.9,11.4,58.6,39.7,66.7
2026-07-21 09:00:00,HELS-006-2,HELS-006,Band 3 (1800MHz),-90.2,-10.3,16.8,73.2,36.9,123.0
2026-07-21 09:00:00,HELS-006-3,HELS-006,Band 3 (1800MHz),-84.5,-10.0,11.5,62.9,44.6,106.3
2026-07-21 09:00:00,HELS-007-1,HELS-007,Band 1 (2100MHz),-80.4,-9.3,13.9,80.6,44.8,96.4
2026-07-21 09:00:00,HELS-007-2,HELS-007,Band 1 (2100MHz),-82.9,-10.3,8.9,37.2,33.8,135.2
2026-07-21 09:00:00,HELS-007-3,HELS-007,Band 1 (2100MHz),-73.4,-9.4,13.4,28.5,50.1,120.4
2026-07-21 09:00:00,HELS-008-1,HELS-008,Band 3 (1800MHz),-81.3,-6.7,11.6,57.6,23.7,135.5
2026-07-21 09:00:00,HELS-008-2,HELS-008,Band 3 (1800MHz),-84.5,-10.1,15.3,75.3,49.3,159.9
2026-07-21 09:00:00,HELS-008-3,HELS-008,Band 3 (1800MHz),-82.8,-10.0,9.1,83.0,40.1,116.9
2026-07-21 09:00:00,HELS-009-1,HELS-009,Band 1 (2100MHz),-86.5,-10.5,13.9,78.0,36.3,113.5
2026-07-21 09:00:00,HELS-009-2,HELS-009,Band 1 (2100MHz),-85.7,-13.0,14.9,80.9,43.6,103.3
2026-07-21 09:00:00,HELS-009-3,HELS-009,Band 1 (2100MHz),-88.8,-11.7,3.5,57.3,27.5,123.0
2026-07-21 09:00:00,HELS-010-1,HELS-010,Band 3 (1800MHz),-84.7,-10.4,10.9,52.2,44.1,76.5
2026-07-21 09:00:00,HELS-010-2,HELS-010,Band 3 (1800MHz),-85.8,-11.4,19.2,40.5,37.1,97.7
2026-07-21 09:00:00,HELS-010-3,HELS-010,Band 3 (1800MHz),-84.6,-8.8,16.5,55.2,24.2,124.7
2026-07-21 09:00:00,HELS-011-1,HELS-011,Band 1 (2100MHz),-88.0,-11.8,8.5,67.9,32.5,98.4
2026-07-21 09:00:00,HELS-011-2,HELS-011,Band 1 (2100MHz),-79.5,-12.0,11.4,68.9,49.2,119.5
2026-07-21 09:00:00,HELS-011-3,HELS-011,Band 1 (2100MHz),-88.6,-10.8,19.0,63.8,49.7,120.8
2026-07-21 09:00:00,HELS-012-1,HELS-012,Band 3 (1800MHz),-78.0,-9.2,3.0,48.4,42.8,127.2
2026-07-21 09:00:00,HELS-012-2,HELS-012,Band 3 (1800MHz),-93.2,-14.0,6.4,68.4,30.2,117.6
2026-07-21 09:00:00,HELS-012-3,HELS-012,Band 3 (1800MHz),-85.7,-11.7,12.3,69.6,32.6,96.5
2026-07-21 09:00:00,HELS-013-1,HELS-013,Band 1 (2100MHz),-80.7,-10.7,4.1,73.5,29.8,98.4
2026-07-21 09:00:00,HELS-013-2,HELS-013,Band 1 (2100MHz),-84.7,-14.2,19.2,59.3,30.1,109.9
2026-07-21 09:00:00,HELS-013-3,HELS-013,Band 1 (2100MHz),-79.9,-8.6,18.6,84.6,44.8,77.9
2026-07-21 09:00:00,HELS-014-1,HELS-014,Band 3 (1800MHz),-79.7,-9.2,4.5,65.1,35.6,106.6
2026-07-21 09:00:00,HELS-014-2,HELS-014,Band 3 (1800MHz),-82.8,-10.5,9.1,90.3,44.3,128.8
2026-07-21 09:00:00,HELS-014-3,HELS-014,Band 3 (1800MHz),-82.2,-15.9,9.9,74.0,39.3,87.0
2026-07-21 10:00:00,HELS-001-1,HELS-001,Band 1 (2100MHz),-78.2,-8.7,10.4,0.0,26.1,24.1
2026-07-21 10:00:00,HELS-001-2,HELS-001,Band 1 (2100MHz),-89.3,-11.0,9.4,28.1,10.0,29.7
2026-07-21 10:00:00,HELS-001-3,HELS-001,Band 1 (2100MHz),-96.3,-12.4,5.2,38.6,16.0,28.7
2026-07-21 10:00:00,HELS-002-1,HELS-002,Band 3 (1800MHz),-85.9,-10.7,7.4,8.6,0.0,38.9
2026-07-21 10:00:00,HELS-002-2,HELS-002,Band 3 (1800MHz),-91.5,-4.9,23.3,5.7,0.0,31.3
2026-07-21 10:00:00,HELS-002-3,HELS-002,Band 3 (1800MHz),-83.4,-8.8,12.7,23.5,8.4,61.9
2026-07-21 10:00:00,HELS-003-1,HELS-003,Band 1 (2100MHz),-85.8,-10.6,14.0,27.2,8.2,19.8
2026-07-21 10:00:00,HELS-003-2,HELS-003,Band 1 (2100MHz),-83.5,-11.5,22.6,12.1,17.6,0.0
2026-07-21 10:00:00,HELS-003-3,HELS-003,Band 1 (2100MHz),-81.8,-9.9,13.8,12.5,4.3,33.6
2026-07-21 10:00:00,HELS-004-1,HELS-004,Band 3 (1800MHz),-77.0,-10.9,16.3,41.4,17.4,14.8
2026-07-21 10:00:00,HELS-004-2,HELS-004,Band 3 (1800MHz),-95.0,-9.7,17.8,15.3,15.4,17.2
2026-07-21 10:00:00,HELS-004-3,HELS-004,Band 3 (1800MHz),-89.9,-8.1,16.8,32.6,8.1,37.9
2026-07-21 10:00:00,HELS-005-1,HELS-005,Band 1 (2100MHz),-92.2,-14.6,4.7,28.2,11.4,4.8
2026-07-21 10:00:00,HELS-005-2,HELS-005,Band 1 (2100MHz),-87.1,-9.4,17.8,38.7,18.1,33.7
2026-07-21 10:00:00,HELS-005-3,HELS-005,Band 1 (2100MHz),-78.3,-10.4,14.2,35.5,23.1,62.2
2026-07-21 10:00:00,HELS-006-1,HELS-006,Band 3 (1800MHz),-84.9,-12.5,16.6,0.0,5.4,60.9
2026-07-21 10:00:00,HELS-006-2,HELS-006,Band 3 (1800MHz),-84.1,-9.0,10.8,22.5,6.5,53.6
2026-07-21 10:00:00,HELS-006-3,HELS-006,Band 3 (1800MHz),-82.6,-10.4,9.4,14.4,21.6,10.6
2026-07-21 10:00:00,HELS-007-1,HELS-007,Band 1 (2100MHz),-90.2,-7.6,8.8,7.8,6.5,24.0
2026-07-21 10:00:00,HELS-007-2,HELS-007,Band 1 (2100MHz),-88.0,-7.8,7.5,20.1,13.3,0.0
2026-07-21 10:00:00,HELS-007-3,HELS-007,Band 1 (2100MHz),-76.8,-4.4,13.4,11.0,1.1,12.0
2026-07-21 10:00:00,HELS-008-1,HELS-008,Band 3 (1800MHz),-82.5,-7.9,7.5,24.8,0.8,66.4
2026-07-21 10:00:00,HELS-008-2,HELS-008,Band 3 (1800MHz),-88.6,-6.6,20.5,10.2,15.9,21.3
2026-07-21 10:00:00,HELS-008-3,HELS-008,Band 3 (1800MHz),-82.7,-9.6,14.8,16.2,7.8,57.8
2026-07-21 10:00:00,HELS-009-1,HELS-009,Band 1 (2100MHz),-78.5,-6.4,9.7,13.0,12.2,54.0
2026-07-21 10:00:00,HELS-009-2,HELS-009,Band 1 (2100MHz),-83.2,-9.1,7.7,3.0,5.3,28.8
2026-07-21 10:00:00,HELS-009-3,HELS-009,Band 1 (2100MHz),-88.5,-9.3,22.0,29.0,13.0,7.0
2026-07-21 10:00:00,HELS-010-1,HELS-010,Band 3 (1800MHz),-83.4,-8.7,6.3,5.3,15.0,26.0
2026-07-21 10:00:00,HELS-010-2,HELS-010,Band 3 (1800MHz),-89.0,-4.3,16.8,29.3,26.7,30.3
2026-07-21 10:00:00,HELS-010-3,HELS-010,Band 3 (1800MHz),-88.7,-8.9,16.8,14.3,22.9,22.1
2026-07-21 10:00:00,HELS-011-1,HELS-011,Band 1 (2100MHz),-90.0,-8.7,26.6,12.0,9.6,8.0
2026-07-21 10:00:00,HELS-011-2,HELS-011,Band 1 (2100MHz),-77.2,-5.4,10.7,33.3,14.3,32.0
2026-07-21 10:00:00,HELS-011-3,HELS-011,Band 1 (2100MHz),-74.1,-9.4,16.1,15.5,20.3,65.0
2026-07-21 10:00:00,HELS-012-1,HELS-012,Band 3 (1800MHz),-81.9,-9.2,5.8,25.3,8.6,44.9
2026-07-21 10:00:00,HELS-012-2,HELS-012,Band 3 (1800MHz),-90.3,-11.1,4.4,0.0,24.5,20.2
2026-07-21 10:00:00,HELS-012-3,HELS-012,Band 3 (1800MHz),-87.2,-10.8,11.2,47.7,22.7,20.6
2026-07-21 10:00:00,HELS-013-1,HELS-013,Band 1 (2100MHz),-86.4,-10.8,8.9,34.6,7.2,50.7
2026-07-21 10:00:00,HELS-013-2,HELS-013,Band 1 (2100MHz),-82.9,-8.6,13.3,4.2,21.3,19.6
2026-07-21 10:00:00,HELS-013-3,HELS-013,Band 1 (2100MHz),-84.6,-5.2,6.8,10.0,3.2,47.1
2026-07-21 10:00:00,HELS-014-1,HELS-014,Band 3 (1800MHz),-85.6,-10.7,15.8,47.9,13.1,32.2
2026-07-21 10:00:00,HELS-014-2,HELS-014,Band 3 (1800MHz),-87.5,-8.5,16.7,33.7,14.0,54.6
2026-07-21 10:00:00,HELS-014-3,HELS-014,Band 3 (1800MHz),-87.8,-7.0,10.3,41.2,6.5,10.5
2026-07-21 11:00:00,HELS-001-1,HELS-001,Band 1 (2100MHz),-85.5,-8.3,15.0,62.7,42.7,99.0
2026-07-21 11:00:00,HELS-001-2,HELS-001,Band 1 (2100MHz),-96.3,-14.0,10.8,50.6,25.4,72.2
2026-07-21 11:00:00,HELS-001-3,HELS-001,Band 1 (2100MHz),-88.2,-16.1,-3.4,58.2,26.5,96.5
2026-07-21 11:00:00,HELS-002-1,HELS-002,Band 3 (1800MHz),-84.1,-8.7,9.5,37.0,23.2,80.7
2026-07-21 11:00:00,HELS-002-2,HELS-002,Band 3 (1800MHz),-80.8,-7.7,7.3,50.0,49.7,128.2
2026-07-21 11:00:00,HELS-002-3,HELS-002,Band 3 (1800MHz),-85.1,-15.8,18.2,46.3,23.7,92.9
2026-07-21 11:00:00,HELS-003-1,HELS-003,Band 1 (2100MHz),-87.3,-6.3,20.3,50.6,27.3,56.1
2026-07-21 11:00:00,HELS-003-2,HELS-003,Band 1 (2100MHz),-73.3,-8.8,16.5,54.9,37.8,95.1
2026-07-21 11:00:00,HELS-003-3,HELS-003,Band 1 (2100MHz),-81.0,-10.3,11.1,72.0,37.5,69.7
2026-07-21 11:00:00,HELS-004-1,HELS-004,Band 3 (1800MHz),-79.9,-11.2,10.1,62.7,43.8,119.0
2026-07-21 11:00:00,HELS-004-2,HELS-004,Band 3 (1800MHz),-77.5,-9.8,23.0,45.4,24.7,87.7
2026-07-21 11:00:00,HELS-004-3,HELS-004,Band 3 (1800MHz),-91.8,-12.4,16.8,38.3,36.8,77.5
2026-07-21 11:00:00,HELS-005-1,HELS-005,Band 1 (2100MHz),-93.1,-17.1,8.6,52.8,22.6,113.9
2026-07-21 11:00:00,HELS-005-2,HELS-005,Band 1 (2100MHz),-90.0,-11.3,16.1,57.1,23.3,66.5
2026-07-21 11:00:00,HELS-005-3,HELS-005,Band 1 (2100MHz),-85.3,-10.6,12.8,59.3,38.2,106.7
2026-07-21 11:00:00,HELS-006-1,HELS-006,Band 3 (1800MHz),-77.7,-14.0,12.8,58.3,27.0,107.5
2026-07-21 11:00:00,HELS-006-2,HELS-006,Band 3 (1800MHz),-77.6,-12.8,8.9,63.2,36.8,123.8
2026-07-21 11:00:00,HELS-006-3,HELS-006,Band 3 (1800MHz),-78.4,-9.2,11.1,62.6,33.4,140.6
2026-07-21 11:00:00,HELS-007-1,HELS-007,Band 1 (2100MHz),-86.2,-13.1,13.1,71.9,20.2,80.9
2026-07-21 11:00:00,HELS-007-2,HELS-007,Band 1 (2100MHz),-87.5,-9.4,15.0,61.4,40.6,87.4
2026-07-21 11:00:00,HELS-007-3,HELS-007,Band 1 (2100MHz),-77.8,-10.4,11.0,48.0,29.0,92.4
2026-07-21 11:00:00,HELS-008-1,HELS-008,Band 3 (1800MHz),-80.1,-8.4,14.1,45.8,39.3,72.4
2026-07-21 11:00:00,HELS-008-2,HELS-008,Band 3 (1800MHz),-79.5,-10.5,11.5,64.7,39.0,90.6
2026-07-21 11:00:00,HELS-008-3,HELS-008,Band 3 (1800MHz),-81.6,-10.3,15.1,76.4,26.7,68.5
2026-07-21 11:00:00,HELS-009-1,HELS-009,Band 1 (2100MHz),-90.1,-12.8,22.2,31.5,45.7,53.0
2026-07-21 11:00:00,HELS-009-2,HELS-009,Band 1 (2100MHz),-87.6,-10.2,5.3,70.3,26.4,144.0
2026-07-21 11:00:00,HELS-009-3,HELS-009,Band 1 (2100MHz),-81.3,-11.3,17.4,73.6,24.9,133.2
2026-07-21 11:00:00,HELS-010-1,HELS-010,Band 3 (1800MHz),-87.6,-6.5,13.5,49.0,39.3,77.7
2026-07-21 11:00:00,HELS-010-2,HELS-010,Band 3 (1800MHz),-84.7,-11.8,13.6,43.4,42.9,85.8
2026-07-21 11:00:00,HELS-010-3,HELS-010,Band 3 (1800MHz),-87.4,-8.1,10.7,51.7,27.5,80.3
2026-07-21 11:00:00,HELS-011-1,HELS-011,Band 1 (2100MHz),-85.3,-10.8,22.3,63.8,28.8,90.7
2026-07-21 11:00:00,HELS-011-2,HELS-011,Band 1 (2100MHz),-86.1,-10.9,3.4,67.0,29.3,109.1
2026-07-21 11:00:00,HELS-011-3,HELS-011,Band 1 (2100MHz),-81.4,-9.1,20.9,68.3,32.3,131.1
2026-07-21 11:00:00,HELS-012-1,HELS-012,Band 3 (1800MHz),-80.7,-10.1,11.5,68.7,20.4,81.3
2026-07-21 11:00:00,HELS-012-2,HELS-012,Band 3 (1800MHz),-89.9,-16.8,13.7,63.3,38.7,105.7
2026-07-21 11:00:00,HELS-012-3,HELS-012,Band 3 (1800MHz),-83.8,-10.0,9.9,57.4,25.8,99.0
2026-07-21 11:00:00,HELS-013-1,HELS-013,Band 1 (2100MHz),-85.8,-9.8,14.5,62.4,22.0,90.4
2026-07-21 11:00:00,HELS-013-2,HELS-013,Band 1 (2100MHz),-90.9,-13.9,11.6,67.1,38.0,116.4
2026-07-21 11:00:00,HELS-013-3,HELS-013,Band 1 (2100MHz),-76.3,-4.9,20.6,47.3,46.7,94.2
2026-07-21 11:00:00,HELS-014-1,HELS-014,Band 3 (1800MHz),-81.5,-8.8,16.6,51.8,42.7,107.8
2026-07-21 11:00:00,HELS-014-2,HELS-014,Band 3 (1800MHz),-87.5,-11.0,5.8,66.1,39.1,69.9
2026-07-21 11:00:00,HELS-014-3,HELS-014,Band 3 (1800MHz),-77.3,-10.9,16.5,65.1,37.3,69.7
2026-07-21 12:00:00,HELS-001-1,HELS-001,Band 1 (2100MHz),-83.8,-7.5,19.9,52.4,45.0,106.3
2026-07-21 12:00:00,HELS-001-2,HELS-001,Band 1 (2100MHz),-98.0,-12.6,-2.1,77.9,42.1,88.9
2026-07-21 12:00:00,HELS-001-3,HELS-001,Band 1 (2100MHz),-97.9,-14.8,7.4,58.5,43.2,89.1
2026-07-21 12:00:00,HELS-002-1,HELS-002,Band 3 (1800MHz),-85.3,-7.1,15.8,68.3,30.0,94.2
2026-07-21 12:00:00,HELS-002-2,HELS-002,Band 3 (1800MHz),-80.3,-12.5,11.1,55.0,36.5,64.2
2026-07-21 12:00:00,HELS-002-3,HELS-002,Band 3 (1800MHz),-78.9,-10.5,17.7,51.9,39.2,85.2
2026-07-21 12:00:00,HELS-003-1,HELS-003,Band 1 (2100MHz),-81.6,-5.8,12.0,55.8,50.5,89.5
2026-07-21 12:00:00,HELS-003-2,HELS-003,Band 1 (2100MHz),-81.8,-10.5,20.4,53.3,20.5,102.3
2026-07-21 12:00:00,HELS-003-3,HELS-003,Band 1 (2100MHz),-80.3,-9.8,16.0,43.8,31.1,73.5
2026-07-21 12:00:00,HELS-004-1,HELS-004,Band 3 (1800MHz),-79.2,-8.9,9.2,64.9,42.6,143.0
2026-07-21 12:00:00,HELS-004-2,HELS-004,Band 3 (1800MHz),-80.1,-11.3,13.8,40.8,28.0,107.2
2026-07-21 12:00:00,HELS-004-3,HELS-004,Band 3 (1800MHz),-86.0,-11.5,15.1,67.3,32.2,106.9
2026-07-21 12:00:00,HELS-005-1,HELS-005,Band 1 (2100MHz),-102.5,-15.3,-1.7,34.9,39.8,97.0
2026-07-21 12:00:00,HELS-005-2,HELS-005,Band 1 (2100MHz),-80.0,-8.4,9.9,56.8,32.0,63.5
2026-07-21 12:00:00,HELS-005-3,HELS-005,Band 1 (2100MHz),-86.4,-9.3,-5.2,38.0,21.9,110.4
2026-07-21 12:00:00,HELS-006-1,HELS-006,Band 3 (1800MHz),-86.4,-15.6,24.5,64.9,24.4,118.4
2026-07-21 12:00:00,HELS-006-2,HELS-006,Band 3 (1800MHz),-85.4,-10.9,11.3,37.2,40.4,112.7
2026-07-21 12:00:00,HELS-006-3,HELS-006,Band 3 (1800MHz),-87.3,-9.7,14.2,47.4,39.5,106.3
2026-07-21 12:00:00,HELS-007-1,HELS-007,Band 1 (2100MHz),-83.4,-8.1,11.9,53.4,36.2,98.5
2026-07-21 12:00:00,HELS-007-2,HELS-007,Band 1 (2100MHz),-73.4,-13.6,12.6,74.1,39.9,91.0
2026-07-21 12:00:00,HELS-007-3,HELS-007,Band 1 (2100MHz),-83.2,-9.2,15.3,62.6,48.9,107.2
2026-07-21 12:00:00,HELS-008-1,HELS-008,Band 3 (1800MHz),-76.2,-10.1,15.3,70.9,33.1,118.6
2026-07-21 12:00:00,HELS-008-2,HELS-008,Band 3 (1800MHz),-83.3,-10.9,22.8,55.3,15.5,69.1
2026-07-21 12:00:00,HELS-008-3,HELS-008,Band 3 (1800MHz),-91.5,-11.4,10.3,55.6,30.6,86.1
2026-07-21 12:00:00,HELS-009-1,HELS-009,Band 1 (2100MHz),-83.5,-9.9,3.9,50.5,23.9,117.6
2026-07-21 12:00:00,HELS-009-2,HELS-009,Band 1 (2100MHz),-86.8,-11.4,15.4,54.2,15.2,94.9
2026-07-21 12:00:00,HELS-009-3,HELS-009,Band 1 (2100MHz),-85.9,-10.8,9.7,60.6,34.9,62.6
2026-07-21 12:00:00,HELS-010-1,HELS-010,Band 3 (1800MHz),-86.9,-7.7,8.9,53.6,34.7,100.2
2026-07-21 12:00:00,HELS-010-2,HELS-010,Band 3 (1800MHz),-84.1,-11.9,10.6,41.8,40.2,112.4
2026-07-21 12:00:00,HELS-010-3,HELS-010,Band 3 (1800MHz),-80.7,-8.2,14.5,56.7,25.4,70.7
2026-07-21 12:00:00,HELS-011-1,HELS-011,Band 1 (2100MHz),-82.9,-9.4,9.5,41.2,55.2,66.5
2026-07-21 12:00:00,HELS-011-2,HELS-011,Band 1 (2100MHz),-79.9,-8.2,6.9,68.7,42.2,78.2
2026-07-21 12:00:00,HELS-011-3,HELS-011,Band 1 (2100MHz),-92.2,-12.2,15.2,65.7,42.6,116.5
2026-07-21 12:00:00,HELS-012-1,HELS-012,Band 3 (1800MHz),-80.9,-7.7,5.4,53.5,18.2,64.5
2026-07-21 12:00:00,HELS-012-2,HELS-012,Band 3 (1800MHz),-97.0,-17.3,5.3,60.5,20.1,93.9
2026-07-21 12:00:00,HELS-012-3,HELS-012,Band 3 (1800MHz),-82.4,-10.4,5.7,56.2,17.4,74.8
2026-07-21 12:00:00,HELS-013-1,HELS-013,Band 1 (2100MHz),-81.7,-11.5,10.5,37.0,21.6,97.5
2026-07-21 12:00:00,HELS-013-2,HELS-013,Band 1 (2100MHz),-86.1,-10.0,10.8,47.6,30.7,60.8
2026-07-21 12:00:00,HELS-013-3,HELS-013,Band 1 (2100MHz),-85.6,-10.4,6.4,51.7,35.0,85.9
2026-07-21 12:00:00,HELS-014-1,HELS-014,Band 3 (1800MHz),-89.7,-8.4,7.1,55.6,38.1,86.8
2026-07-21 12:00:00,HELS-014-2,HELS-014,Band 3 (1800MHz),-79.4,-11.2,17.8,62.3,43.6,108.0
2026-07-21 12:00:00,HELS-014-3,HELS-014,Band 3 (1800MHz),-79.5,-12.5,19.4,69.8,28.0,82.2
2026-07-21 13:00:00,HELS-001-1,HELS-001,Band 1 (2100MHz),-86.1,-8.1,13.4,58.7,33.9,107.8
2026-07-21 13:00:00,HELS-001-2,HELS-001,Band 1 (2100MHz),-90.9,-14.6,-1.4,60.0,30.3,64.4
2026-07-21 13:00:00,HELS-001-3,HELS-001,Band 1 (2100MHz),-99.8,-16.7,2.9,46.1,19.1,140.1
2026-07-21 13:00:00,HELS-002-1,HELS-002,Band 3 (1800MHz),-83.6,-10.3,7.2,36.2,51.7,53.9
2026-07-21 13:00:00,HELS-002-2,HELS-002,Band 3 (1800MHz),-82.3,-9.3,10.9,74.8,29.9,77.8
2026-07-21 13:00:00,HELS-002-3,HELS-002,Band 3 (1800MHz),-86.8,-10.4,14.1,72.2,26.2,98.0
2026-07-21 13:00:00,HELS-003-1,HELS-003,Band 1 (2100MHz),-82.3,-10.9,14.5,33.9,32.9,107.5
2026-07-21 13:00:00,HELS-003-2,HELS-003,Band 1 (2100MHz),-80.8,-14.9,10.0,47.4,33.0,82.2
2026-07-21 13:00:00,HELS-003-3,HELS-003,Band 1 (2100MHz),-86.6,-12.2,16.1,89.2,36.9,118.3
2026-07-21 13:00:00,HELS-004-1,HELS-004,Band 3 (1800MHz),-81.4,-9.7,17.3,56.7,27.2,96.6
2026-07-21 13:00:00,HELS-004-2,HELS-004,Band 3 (1800MHz),-75.5,-15.0,7.3,59.7,23.5,124.9
2026-07-21 13:00:00,HELS-004-3,HELS-004,Band 3 (1800MHz),-86.2,-6.8,10.4,34.5,21.5,46.1
2026-07-21 13:00:00,HELS-005-1,HELS-005,Band 1 (2100MHz),-95.0,-12.8,5.9,55.7,26.1,111.1
2026-07-21 13:00:00,HELS-005-2,HELS-005,Band 1 (2100MHz),-80.9,-12.2,8.5,70.8,27.3,105.3
2026-07-21 13:00:00,HELS-005-3,HELS-005,Band 1 (2100MHz),-76.5,-9.7,11.2,60.6,13.2,95.8
2026-07-21 13:00:00,HELS-006-1,HELS-006,Band 3 (1800MHz),-92.4,-12.1,7.2,49.9,25.3,100.3
2026-07-21 13:00:00,HELS-006-2,HELS-006,Band 3 (1800MHz),-87.3,-12.0,11.4,49.6,31.0,81.1
2026-07-21 13:00:00,HELS-006-3,HELS-006,Band 3 (1800MHz),-82.6,-10.4,7.9,66.2,34.9,70.6
2026-07-21 13:00:00,HELS-007-1,HELS-007,Band 1 (2100MHz),-84.8,-11.6,9.1,45.3,25.0,126.3
2026-07-21 13:00:00,HELS-007-2,HELS-007,Band 1 (2100MHz),-83.5,-11.1,6.3,56.7,27.5,120.9
2026-07-21 13:00:00,HELS-007-3,HELS-007,Band 1 (2100MHz),-85.5,-14.9,6.1,62.9,30.7,29.4
2026-07-21 13:00:00,HELS-008-1,HELS-008,Band 3 (1800MHz),-80.7,-12.3,16.8,57.2,24.8,101.3
2026-07-21 13:00:00,HELS-008-2,HELS-008,Band 3 (1800MHz),-79.2,-10.4,13.9,74.1,33.2,124.2
2026-07-21 13:00:00,HELS-008-3,HELS-008,Band 3 (1800MHz),-77.0,-9.9,23.1,64.6,28.3,99.4
2026-07-21 13:00:00,HELS-009-1,HELS-009,Band 1 (2100MHz),-84.3,-13.3,12.8,58.5,28.2,105.7
2026-07-21 13:00:00,HELS-009-2,HELS-009,Band 1 (2100MHz),-90.8,-10.7,4.7,89.0,28.7,102.0
2026-07-21 13:00:00,HELS-009-3,HELS-009,Band 1 (2100MHz),-80.9,-10.1,14.0,59.9,27.9,140.5
2026-07-21 13:00:00,HELS-010-1,HELS-010,Band 3 (1800MHz),-84.9,-9.5,8.6,52.0,34.9,81.5
2026-07-21 13:00:00,HELS-010-2,HELS-010,Band 3 (1800MHz),-85.0,-12.5,6.0,61.7,33.2,92.1
2026-07-21 13:00:00,HELS-010-3,HELS-010,Band 3 (1800MHz),-83.8,-12.9,22.4,47.8,33.6,98.5
2026-07-21 13:00:00,HELS-011-1,HELS-011,Band 1 (2100MHz),-83.5,-13.3,13.8,48.5,12.4,139.3
2026-07-21 13:00:00,HELS-011-2,HELS-011,Band 1 (2100MHz),-81.9,-7.2,14.9,32.7,28.6,84.0
2026-07-21 13:00:00,HELS-011-3,HELS-011,Band 1 (2100MHz),-86.9,-10.5,19.8,67.9,46.4,105.4
2026-07-21 13:00:00,HELS-012-1,HELS-012,Band 3 (1800MHz),-89.3,-10.3,11.1,63.1,31.4,78.3
2026-07-21 13:00:00,HELS-012-2,HELS-012,Band 3 (1800MHz),-99.2,-16.4,4.7,62.8,29.2,64.0
2026-07-21 13:00:00,HELS-012-3,HELS-012,Band 3 (1800MHz),-84.2,-13.4,10.9,40.5,21.0,108.7
2026-07-21 13:00:00,HELS-013-1,HELS-013,Band 1 (2100MHz),-87.2,-10.8,14.0,63.9,36.4,89.7
2026-07-21 13:00:00,HELS-013-2,HELS-013,Band 1 (2100MHz),-83.3,-8.0,6.0,51.0,42.3,75.4
2026-07-21 13:00:00,HELS-013-3,HELS-013,Band 1 (2100MHz),-80.7,-6.7,21.5,36.8,37.0,112.7
2026-07-21 13:00:00,HELS-014-1,HELS-014,Band 3 (1800MHz),-78.8,-13.5,16.3,67.0,36.2,91.7
2026-07-21 13:00:00,HELS-014-2,HELS-014,Band 3 (1800MHz),-84.8,-13.0,12.5,59.6,36.5,103.8
2026-07-21 13:00:00,HELS-014-3,HELS-014,Band 3 (1800MHz),-91.7,-14.2,13.5,73.0,36.6,57.2
2026-07-21 14:00:00,HELS-001-1,HELS-001,Band 1 (2100MHz),-85.6,-9.8,10.2,63.6,40.5,76.4
2026-07-21 14:00:00,HELS-001-2,HELS-001,Band 1 (2100MHz),-97.3,-13.1,9.1,59.6,42.4,100.9
2026-07-21 14:00:00,HELS-001-3,HELS-001,Band 1 (2100MHz),-102.4,-10.3,3.1,57.6,36.7,48.8
2026-07-21 14:00:00,HELS-002-1,HELS-002,Band 3 (1800MHz),-85.8,-11.0,14.8,60.1,25.0,101.6
2026-07-21 14:00:00,HELS-002-2,HELS-002,Band 3 (1800MHz),-83.2,-9.0,12.1,54.5,29.9,113.7
2026-07-21 14:00:00,HELS-002-3,HELS-002,Band 3 (1800MHz),-83.7,-9.1,15.8,47.7,43.9,56.6
2026-07-21 14:00:00,HELS-003-1,HELS-003,Band 1 (2100MHz),-90.0,-8.6,13.6,45.8,20.1,99.5
2026-07-21 14:00:00,HELS-003-2,HELS-003,Band 1 (2100MHz),-83.4,-15.4,23.9,48.3,38.5,95.8
2026-07-21 14:00:00,HELS-003-3,HELS-003,Band 1 (2100MHz),-83.2,-6.8,10.5,53.1,33.5,99.2
2026-07-21 14:00:00,HELS-004-1,HELS-004,Band 3 (1800MHz),-83.4,-11.2,6.6,44.7,62.2,42.1
2026-07-21 14:00:00,HELS-004-2,HELS-004,Band 3 (1800MHz),-82.3,-10.4,16.3,63.9,23.5,105.2
2026-07-21 14:00:00,HELS-004-3,HELS-004,Band 3 (1800MHz),-72.1,-11.9,18.0,64.3,19.3,62.7
2026-07-21 14:00:00,HELS-005-1,HELS-005,Band 1 (2100MHz),-94.2,-14.1,4.7,50.8,25.8,78.4
2026-07-21 14:00:00,HELS-005-2,HELS-005,Band 1 (2100MHz),-84.9,-7.5,12.4,70.3,19.5,55.7
2026-07-21 14:00:00,HELS-005-3,HELS-005,Band 1 (2100MHz),-79.7,-8.2,16.8,45.4,27.3,137.6
2026-07-21 14:00:00,HELS-006-1,HELS-006,Band 3 (1800MHz),-80.4,-11.3,24.6,61.2,41.7,143.8
2026-07-21 14:00:00,HELS-006-2,HELS-006,Band 3 (1800MHz),-81.4,-13.0,16.7,53.1,24.8,105.6
2026-07-21 14:00:00,HELS-006-3,HELS-006,Band 3 (1800MHz),-84.5,-8.6,26.4,23.0,33.9,102.0
2026-07-21 14:00:00,HELS-007-1,HELS-007,Band 1 (2100MHz),-77.0,-10.5,7.1,51.5,43.6,73.4
2026-07-21 14:00:00,HELS-007-2,HELS-007,Band 1 (2100MHz),-77.2,-11.5,11.8,54.1,25.5,68.1
2026-07-21 14:00:00,HELS-007-3,HELS-007,Band 1 (2100MHz),-77.9,-8.2,5.6,51.1,39.0,95.8
2026-07-21 14:00:00,HELS-008-1,HELS-008,Band 3 (1800MHz),-87.2,-11.5,9.7,19.6,42.4,64.9
2026-07-21 14:00:00,HELS-008-2,HELS-008,Band 3 (1800MHz),-87.5,-6.8,20.0,59.5,34.7,89.1
2026-07-21 14:00:00,HELS-008-3,HELS-008,Band 3 (1800MHz),-85.9,-12.4,7.3,49.2,20.6,85.4
2026-07-21 14:00:00,HELS-009-1,HELS-009,Band 1 (2100MHz),-83.2,-11.3,10.8,78.8,22.5,82.4
2026-07-21 14:00:00,HELS-009-2,HELS-009,Band 1 (2100MHz),-86.3,-11.1,9.9,53.6,41.4,73.9
2026-07-21 14:00:00,HELS-009-3,HELS-009,Band 1 (2100MHz),-81.1,-11.5,5.9,62.8,29.2,101.3
2026-07-21 14:00:00,HELS-010-1,HELS-010,Band 3 (1800MHz),-81.1,-9.4,14.2,53.2,23.5,84.7
2026-07-21 14:00:00,HELS-010-2,HELS-010,Band 3 (1800MHz),-83.3,-11.4,13.4,65.7,24.5,123.8
2026-07-21 14:00:00,HELS-010-3,HELS-010,Band 3 (1800MHz),-82.9,-10.9,13.0,50.6,27.2,86.5
2026-07-21 14:00:00,HELS-011-1,HELS-011,Band 1 (2100MHz),-78.8,-7.4,20.5,48.3,39.8,81.3
2026-07-21 14:00:00,HELS-011-2,HELS-011,Band 1 (2100MHz),-78.4,-6.0,6.7,53.4,18.5,67.1
2026-07-21 14:00:00,HELS-011-3,HELS-011,Band 1 (2100MHz),-87.0,-10.4,19.0,54.6,38.4,89.1
2026-07-21 14:00:00,HELS-012-1,HELS-012,Band 3 (1800MHz),-92.7,-8.2,21.4,56.2,43.6,72.0
2026-07-21 14:00:00,HELS-012-2,HELS-012,Band 3 (1800MHz),-97.2,-16.9,4.4,57.9,44.8,71.1
2026-07-21 14:00:00,HELS-012-3,HELS-012,Band 3 (1800MHz),-81.5,-12.1,9.0,43.9,36.2,126.2
2026-07-21 14:00:00,HELS-013-1,HELS-013,Band 1 (2100MHz),-84.4,-12.7,14.4,70.1,45.6,124.5
2026-07-21 14:00:00,HELS-013-2,HELS-013,Band 1 (2100MHz),-83.5,-10.1,14.0,39.8,19.4,95.7
2026-07-21 14:00:00,HELS-013-3,HELS-013,Band 1 (2100MHz),-80.7,-10.1,12.3,70.0,28.6,113.1
2026-07-21 14:00:00,HELS-014-1,HELS-014,Band 3 (1800MHz),-81.4,-12.9,18.4,69.9,41.7,102.2
2026-07-21 14:00:00,HELS-014-2,HELS-014,Band 3 (1800MHz),-81.1,-10.8,11.6,48.3,24.5,95.9
2026-07-21 14:00:00,HELS-014-3,HELS-014,Band 3 (1800MHz),-84.5,-10.4,8.9,71.2,28.1,89.0
2026-07-21 15:00:00,HELS-001-1,HELS-001,Band 1 (2100MHz),-84.1,-8.1,11.9,23.3,7.8,6.7
2026-07-21 15:00:00,HELS-001-2,HELS-001,Band 1 (2100MHz),-98.6,-11.1,7.0,32.2,12.8,2.2
2026-07-21 15:00:00,HELS-001-3,HELS-001,Band 1 (2100MHz),-90.5,-10.7,4.6,0.0,0.4,41.6
2026-07-21 15:00:00,HELS-002-1,HELS-002,Band 3 (1800MHz),-84.7,-10.9,12.7,24.6,14.3,25.7
2026-07-21 15:00:00,HELS-002-2,HELS-002,Band 3 (1800MHz),-75.9,-7.5,12.5,5.4,7.0,27.9
2026-07-21 15:00:00,HELS-002-3,HELS-002,Band 3 (1800MHz),-88.1,-6.7,13.8,45.4,23.2,28.0
2026-07-21 15:00:00,HELS-003-1,HELS-003,Band 1 (2100MHz),-78.7,-8.1,13.9,11.2,18.4,12.7
2026-07-21 15:00:00,HELS-003-2,HELS-003,Band 1 (2100MHz),-87.5,-11.7,10.8,28.4,21.0,50.7
2026-07-21 15:00:00,HELS-003-3,HELS-003,Band 1 (2100MHz),-78.5,-7.1,16.8,2.3,2.0,16.3
2026-07-21 15:00:00,HELS-004-1,HELS-004,Band 3 (1800MHz),-83.6,-11.3,22.9,10.5,15.2,23.0
2026-07-21 15:00:00,HELS-004-2,HELS-004,Band 3 (1800MHz),-83.3,-7.9,13.1,15.3,12.7,29.1
2026-07-21 15:00:00,HELS-004-3,HELS-004,Band 3 (1800MHz),-80.6,-10.1,0.2,13.0,9.1,47.1
2026-07-21 15:00:00,HELS-005-1,HELS-005,Band 1 (2100MHz),-102.7,-12.9,-3.1,28.5,0.5,34.1
2026-07-21 15:00:00,HELS-005-2,HELS-005,Band 1 (2100MHz),-82.2,-6.5,12.2,15.2,9.3,54.7
2026-07-21 15:00:00,HELS-005-3,HELS-005,Band 1 (2100MHz),-82.3,-5.5,8.9,20.0,0.0,26.0
2026-07-21 15:00:00,HELS-006-1,HELS-006,Band 3 (1800MHz),-83.6,-12.2,19.8,18.0,0.5,23.6
2026-07-21 15:00:00,HELS-006-2,HELS-006,Band 3 (1800MHz),-80.6,-8.0,16.3,0.0,20.1,35.0
2026-07-21 15:00:00,HELS-006-3,HELS-006,Band 3 (1800MHz),-96.6,-9.3,15.8,15.3,14.0,25.4
2026-07-21 15:00:00,HELS-007-1,HELS-007,Band 1 (2100MHz),-82.3,-9.0,2.7,16.6,0.0,21.4
2026-07-21 15:00:00,HELS-007-2,HELS-007,Band 1 (2100MHz),-76.6,-10.3,15.6,23.0,4.8,28.0
2026-07-21 15:00:00,HELS-007-3,HELS-007,Band 1 (2100MHz),-85.9,-7.1,9.1,0.4,6.1,27.2
2026-07-21 15:00:00,HELS-008-1,HELS-008,Band 3 (1800MHz),-79.1,-6.1,14.2,16.6,7.0,72.8
2026-07-21 15:00:00,HELS-008-2,HELS-008,Band 3 (1800MHz),-86.2,-9.4,16.2,6.4,20.4,6.0
2026-07-21 15:00:00,HELS-008-3,HELS-008,Band 3 (1800MHz),-77.5,-9.6,9.4,34.0,10.8,36.3
2026-07-21 15:00:00,HELS-009-1,HELS-009,Band 1 (2100MHz),-82.6,-9.6,12.8,22.2,13.6,34.2
2026-07-21 15:00:00,HELS-009-2,HELS-009,Band 1 (2100MHz),-80.8,-8.8,14.9,21.1,0.0,43.4
2026-07-21 15:00:00,HELS-009-3,HELS-009,Band 1 (2100MHz),-84.7,-11.4,15.1,30.0,17.5,25.5
2026-07-21 15:00:00,HELS-010-1,HELS-010,Band 3 (1800MHz),-86.4,-6.4,4.1,11.1,16.9,23.4
2026-07-21 15:00:00,HELS-010-2,HELS-010,Band 3 (1800MHz),-84.3,-8.5,16.1,27.1,5.5,26.6
2026-07-21 15:00:00,HELS-010-3,HELS-010,Band 3 (1800MHz),-89.1,-7.6,6.9,17.8,16.6,61.8
2026-07-21 15:00:00,HELS-011-1,HELS-011,Band 1 (2100MHz),-87.0,-13.1,5.6,32.6,13.5,25.4
2026-07-21 15:00:00,HELS-011-2,HELS-011,Band 1 (2100MHz),-85.4,-7.9,8.4,10.6,19.6,89.0
2026-07-21 15:00:00,HELS-011-3,HELS-011,Band 1 (2100MHz),-80.5,-7.1,11.9,29.0,23.4,51.9
2026-07-21 15:00:00,HELS-012-1,HELS-012,Band 3 (1800MHz),-87.9,-6.8,12.4,0.0,7.8,40.7
2026-07-21 15:00:00,HELS-012-2,HELS-012,Band 3 (1800MHz),-95.1,-11.1,7.2,18.3,3.3,37.8
2026-07-21 15:00:00,HELS-012-3,HELS-012,Band 3 (1800MHz),-82.0,-6.5,10.7,31.2,11.0,30.8
2026-07-21 15:00:00,HELS-013-1,HELS-013,Band 1 (2100MHz),-83.0,-4.7,6.8,23.0,15.0,26.6
2026-07-21 15:00:00,HELS-013-2,HELS-013,Band 1 (2100MHz),-85.7,-9.9,13.1,31.4,6.4,0.0
2026-07-21 15:00:00,HELS-013-3,HELS-013,Band 1 (2100MHz),-87.1,-10.5,2.1,43.5,0.0,13.6
2026-07-21 15:00:00,HELS-014-1,HELS-014,Band 3 (1800MHz),-85.7,-4.9,11.2,35.3,15.2,28.9
2026-07-21 15:00:00,HELS-014-2,HELS-014,Band 3 (1800MHz),-86.3,-7.1,7.4,30.1,28.1,44.0
2026-07-21 15:00:00,HELS-014-3,HELS-014,Band 3 (1800MHz),-82.9,-7.8,7.5,14.1,9.1,24.7
2026-07-21 16:00:00,HELS-001-1,HELS-001,Band 1 (2100MHz),-85.1,-13.9,12.8,75.8,46.6,153.4
2026-07-21 16:00:00,HELS-001-2,HELS-001,Band 1 (2100MHz),-99.3,-15.1,6.1,71.7,50.1,110.9
2026-07-21 16:00:00,HELS-001-3,HELS-001,Band 1 (2100MHz),-90.0,-17.5,-5.1,68.5,55.2,131.1
2026-07-21 16:00:00,HELS-002-1,HELS-002,Band 3 (1800MHz),-87.7,-15.3,10.6,51.7,35.6,158.3
2026-07-21 16:00:00,HELS-002-2,HELS-002,Band 3 (1800MHz),-80.6,-8.9,20.5,79.9,44.5,112.2
2026-07-21 16:00:00,HELS-002-3,HELS-002,Band 3 (1800MHz),-85.5,-12.0,15.0,94.3,51.4,142.6
2026-07-21 16:00:00,HELS-003-1,HELS-003,Band 1 (2100MHz),-86.5,-12.8,21.5,78.4,49.2,120.9
2026-07-21 16:00:00,HELS-003-2,HELS-003,Band 1 (2100MHz),-83.9,-10.7,8.5,63.2,40.1,113.5
2026-07-21 16:00:00,HELS-003-3,HELS-003,Band 1 (2100MHz),-92.1,-12.3,18.5,86.6,29.6,153.7
2026-07-21 16:00:00,HELS-004-1,HELS-004,Band 3 (1800MHz),-85.3,-12.9,23.2,81.8,52.2,108.2
2026-07-21 16:00:00,HELS-004-2,HELS-004,Band 3 (1800MHz),-93.1,-10.2,23.0,76.3,67.2,76.7
2026-07-21 16:00:00,HELS-004-3,HELS-004,Band 3 (1800MHz),-90.3,-12.3,12.1,88.1,38.8,159.4
2026-07-21 16:00:00,HELS-005-1,HELS-005,Band 1 (2100MHz),-95.7,-19.0,10.6,77.9,47.5,122.7
2026-07-21 16:00:00,HELS-005-2,HELS-005,Band 1 (2100MHz),-82.0,-11.1,7.0,83.1,42.6,154.1
2026-07-21 16:00:00,HELS-005-3,HELS-005,Band 1 (2100MHz),-88.0,-15.8,13.0,73.7,34.2,126.0
2026-07-21 16:00:00,HELS-006-1,HELS-006,Band 3 (1800MHz),-90.5,-9.5,1.8,87.1,17.7,104.8
2026-07-21 16:00:00,HELS-006-2,HELS-006,Band 3 (1800MHz),-81.1,-10.4,17.6,64.0,43.7,100.7
2026-07-21 16:00:00,HELS-006-3,HELS-006,Band 3 (1800MHz),-87.4,-12.1,15.5,78.4,56.3,124.1
2026-07-21 16:00:00,HELS-007-1,HELS-007,Band 1 (2100MHz),-83.6,-9.5,15.0,88.4,35.4,117.7
2026-07-21 16:00:00,HELS-007-2,HELS-007,Band 1 (2100MHz),-85.3,-12.7,10.1,83.7,42.4,117.4
2026-07-21 16:00:00,HELS-007-3,HELS-007,Band 1 (2100MHz),-78.8,-12.7,12.8,84.4,42.5,117.6
2026-07-21 16:00:00,HELS-008-1,HELS-008,Band 3 (1800MHz),-88.0,-14.0,13.8,71.6,56.3,124.4
2026-07-21 16:00:00,HELS-008-2,HELS-008,Band 3 (1800MHz),-77.9,-9.6,20.8,72.1,51.4,115.1
2026-07-21 16:00:00,HELS-008-3,HELS-008,Band 3 (1800MHz),-88.0,-12.7,19.1,63.1,56.8,135.6
2026-07-21 16:00:00,HELS-009-1,HELS-009,Band 1 (2100MHz),-86.3,-9.8,7.5,60.0,28.8,92.8
2026-07-21 16:00:00,HELS-009-2,HELS-009,Band 1 (2100MHz),-87.2,-13.7,14.6,56.6,40.7,135.9
2026-07-21 16:00:00,HELS-009-3,HELS-009,Band 1 (2100MHz),-78.0,-8.3,11.2,69.1,65.4,111.8
2026-07-21 16:00:00,HELS-010-1,HELS-010,Band 3 (1800MHz),-78.2,-9.4,14.5,72.6,44.0,168.0
2026-07-21 16:00:00,HELS-010-2,HELS-010,Band 3 (1800MHz),-81.4,-11.9,7.7,62.8,26.2,107.5
2026-07-21 16:00:00,HELS-010-3,HELS-010,Band 3 (1800MHz),-79.2,-11.3,10.8,69.4,46.1,102.5
2026-07-21 16:00:00,HELS-011-1,HELS-011,Band 1 (2100MHz),-85.9,-12.4,9.4,86.3,38.8,100.5
2026-07-21 16:00:00,HELS-011-2,HELS-011,Band 1 (2100MHz),-88.8,-10.8,11.4,70.9,42.5,165.9
2026-07-21 16:00:00,HELS-011-3,HELS-011,Band 1 (2100MHz),-86.7,-6.9,10.7,74.1,22.4,123.9
2026-07-21 16:00:00,HELS-012-1,HELS-012,Band 3 (1800MHz),-90.1,-8.4,5.6,71.9,48.9,137.5
2026-07-21 16:00:00,HELS-012-2,HELS-012,Band 3 (1800MHz),-96.7,-14.8,-6.4,71.0,49.0,165.3
2026-07-21 16:00:00,HELS-012-3,HELS-012,Band 3 (1800MHz),-85.6,-15.5,15.2,78.5,42.9,160.7
2026-07-21 16:00:00,HELS-013-1,HELS-013,Band 1 (2100MHz),-79.6,-12.1,9.3,59.6,53.3,158.8
2026-07-21 16:00:00,HELS-013-2,HELS-013,Band 1 (2100MHz),-86.2,-10.7,13.3,70.4,31.6,123.2
2026-07-21 16:00:00,HELS-013-3,HELS-013,Band 1 (2100MHz),-78.7,-10.3,9.7,91.2,49.4,172.1
2026-07-21 16:00:00,HELS-014-1,HELS-014,Band 3 (1800MHz),-84.5,-15.8,15.4,82.5,36.3,141.1
2026-07-21 16:00:00,HELS-014-2,HELS-014,Band 3 (1800MHz),-85.2,-12.3,17.3,94.1,41.1,106.5
2026-07-21 16:00:00,HELS-014-3,HELS-014,Band 3 (1800MHz),-89.0,-12.4,16.8,79.4,39.3,134.5
2026-07-21 17:00:00,HELS-001-1,HELS-001,Band 1 (2100MHz),-86.6,-12.6,14.1,62.1,47.4,127.0
2026-07-21 17:00:00,HELS-001-2,HELS-001,Band 1 (2100MHz),-93.1,-11.9,0.4,96.5,37.0,180.7
2026-07-21 17:00:00,HELS-001-3,HELS-001,Band 1 (2100MHz),-95.1,-18.4,2.0,89.9,58.9,127.9
2026-07-21 17:00:00,HELS-002-1,HELS-002,Band 3 (1800MHz),-81.9,-10.2,10.5,96.6,51.8,144.1
2026-07-21 17:00:00,HELS-002-2,HELS-002,Band 3 (1800MHz),-87.8,-12.0,16.2,93.7,60.4,146.5
2026-07-21 17:00:00,HELS-002-3,HELS-002,Band 3 (1800MHz),-87.0,-13.8,2.2,87.5,47.2,122.4
2026-07-21 17:00:00,HELS-003-1,HELS-003,Band 1 (2100MHz),-85.9,-12.6,23.5,88.0,43.6,151.1
2026-07-21 17:00:00,HELS-003-2,HELS-003,Band 1 (2100MHz),-83.7,-13.5,21.9,88.6,49.7,138.8
2026-07-21 17:00:00,HELS-003-3,HELS-003,Band 1 (2100MHz),-80.4,-13.8,4.7,100.0,49.6,127.1
2026-07-21 17:00:00,HELS-004-1,HELS-004,Band 3 (1800MHz),-82.6,-13.4,5.9,76.6,63.7,148.8
2026-07-21 17:00:00,HELS-004-2,HELS-004,Band 3 (1800MHz),-82.6,-11.5,19.6,61.3,56.1,166.9
2026-07-21 17:00:00,HELS-004-3,HELS-004,Band 3 (1800MHz),-92.6,-15.4,4.7,93.4,31.2,125.3
2026-07-21 17:00:00,HELS-005-1,HELS-005,Band 1 (2100MHz),-89.6,-13.8,-4.3,97.6,55.7,102.6
2026-07-21 17:00:00,HELS-005-2,HELS-005,Band 1 (2100MHz),-81.9,-15.9,2.7,78.8,35.3,156.3
2026-07-21 17:00:00,HELS-005-3,HELS-005,Band 1 (2100MHz),-83.9,-10.3,10.8,73.9,45.9,112.0
2026-07-21 17:00:00,HELS-006-1,HELS-006,Band 3 (1800MHz),-85.5,-10.1,12.1,90.7,44.5,140.5
2026-07-21 17:00:00,HELS-006-2,HELS-006,Band 3 (1800MHz),-86.3,-13.4,12.9,90.8,38.6,167.9
2026-07-21 17:00:00,HELS-006-3,HELS-006,Band 3 (1800MHz),-76.1,-11.1,13.5,70.3,45.2,170.7
2026-07-21 17:00:00,HELS-007-1,HELS-007,Band 1 (2100MHz),-83.7,-14.1,20.7,82.8,48.8,148.0
2026-07-21 17:00:00,HELS-007-2,HELS-007,Band 1 (2100MHz),-86.5,-12.3,11.2,75.3,58.4,108.8
2026-07-21 17:00:00,HELS-007-3,HELS-007,Band 1 (2100MHz),-89.0,-13.5,14.6,68.7,46.8,92.0
2026-07-21 17:00:00,HELS-008-1,HELS-008,Band 3 (1800MHz),-85.5,-11.3,15.3,85.5,41.9,128.3
2026-07-21 17:00:00,HELS-008-2,HELS-008,Band 3 (1800MHz),-83.1,-15.8,13.9,86.7,35.3,152.2
2026-07-21 17:00:00,HELS-008-3,HELS-008,Band 3 (1800MHz),-84.7,-9.2,13.8,100.0,69.1,146.6
2026-07-21 17:00:00,HELS-009-1,HELS-009,Band 1 (2100MHz),-79.6,-14.2,8.2,88.8,53.9,115.9
2026-07-21 17:00:00,HELS-009-2,HELS-009,Band 1 (2100MHz),-84.9,-11.1,9.1,71.1,45.7,151.3
2026-07-21 17:00:00,HELS-009-3,HELS-009,Band 1 (2100MHz),-85.4,-10.9,10.2,88.4,38.7,152.3
2026-07-21 17:00:00,HELS-010-1,HELS-010,Band 3 (1800MHz),-83.8,-12.6,16.1,98.9,38.9,167.1
2026-07-21 17:00:00,HELS-010-2,HELS-010,Band 3 (1800MHz),-88.0,-11.3,15.4,84.8,62.5,122.9
2026-07-21 17:00:00,HELS-010-3,HELS-010,Band 3 (1800MHz),-86.6,-14.9,12.8,93.2,42.3,153.7
2026-07-21 17:00:00,HELS-011-1,HELS-011,Band 1 (2100MHz),-78.1,-14.4,15.6,72.4,63.3,124.3
2026-07-21 17:00:00,HELS-011-2,HELS-011,Band 1 (2100MHz),-84.5,-12.7,9.2,100.0,34.5,150.2
2026-07-21 17:00:00,HELS-011-3,HELS-011,Band 1 (2100MHz),-90.3,-12.8,14.7,100.0,50.0,105.3
2026-07-21 17:00:00,HELS-012-1,HELS-012,Band 3 (1800MHz),-74.4,-10.1,11.0,90.5,51.8,130.9
2026-07-21 17:00:00,HELS-012-2,HELS-012,Band 3 (1800MHz),-92.7,-15.4,1.5,79.9,52.8,207.2
2026-07-21 17:00:00,HELS-012-3,HELS-012,Band 3 (1800MHz),-81.3,-12.5,8.7,84.9,49.6,173.5
2026-07-21 17:00:00,HELS-013-1,HELS-013,Band 1 (2100MHz),-87.7,-9.7,9.6,89.4,45.1,93.2
2026-07-21 17:00:00,HELS-013-2,HELS-013,Band 1 (2100MHz),-89.1,-11.7,19.7,93.1,47.1,165.5
2026-07-21 17:00:00,HELS-013-3,HELS-013,Band 1 (2100MHz),-88.7,-10.8,11.9,70.6,31.1,132.0
2026-07-21 17:00:00,HELS-014-1,HELS-014,Band 3 (1800MHz),-86.8,-12.0,19.7,79.9,48.9,101.0
2026-07-21 17:00:00,HELS-014-2,HELS-014,Band 3 (1800MHz),-79.8,-12.2,7.4,61.0,48.1,113.6
2026-07-21 17:00:00,HELS-014-3,HELS-014,Band 3 (1800MHz),-82.9,-12.4,11.7,73.8,65.7,126.9
2026-07-21 18:00:00,HELS-001-1,HELS-001,Band 1 (2100MHz),-88.9,-10.6,7.1,82.1,50.5,172.1
2026-07-21 18:00:00,HELS-001-2,HELS-001,Band 1 (2100MHz),-93.6,-17.0,9.2,92.4,39.0,153.0
2026-07-21 18:00:00,HELS-001-3,HELS-001,Band 1 (2100MHz),-96.6,-18.1,-1.7,93.4,68.9,117.2
2026-07-21 18:00:00,HELS-002-1,HELS-002,Band 3 (1800MHz),-82.0,-13.5,7.1,83.0,65.2,126.0
2026-07-21 18:00:00,HELS-002-2,HELS-002,Band 3 (1800MHz),-81.4,-15.6,8.2,88.1,47.9,118.6
2026-07-21 18:00:00,HELS-002-3,HELS-002,Band 3 (1800MHz),-86.4,-12.2,7.9,96.2,45.1,146.6
2026-07-21 18:00:00,HELS-003-1,HELS-003,Band 1 (2100MHz),-72.6,-14.2,9.1,85.2,23.9,130.9
2026-07-21 18:00:00,HELS-003-2,HELS-003,Band 1 (2100MHz),-80.0,-14.4,12.4,89.1,59.5,168.4
2026-07-21 18:00:00,HELS-003-3,HELS-003,Band 1 (2100MHz),-85.9,-9.5,14.0,100.0,59.2,171.7
2026-07-21 18:00:00,HELS-004-1,HELS-004,Band 3 (1800MHz),-82.8,-13.2,11.4,100.0,52.5,110.2
2026-07-21 18:00:00,HELS-004-2,HELS-004,Band 3 (1800MHz),-85.2,-10.5,7.8,88.2,68.0,127.9
2026-07-21 18:00:00,HELS-004-3,HELS-004,Band 3 (1800MHz),-79.9,-13.1,13.8,100.0,49.8,126.0
2026-07-21 18:00:00,HELS-005-1,HELS-005,Band 1 (2100MHz),-97.8,-17.4,6.2,100.0,22.3,91.1
2026-07-21 18:00:00,HELS-005-2,HELS-005,Band 1 (2100MHz),-87.3,-11.3,3.9,96.8,64.3,129.7
2026-07-21 18:00:00,HELS-005-3,HELS-005,Band 1 (2100MHz),-89.8,-11.6,11.7,83.8,41.6,170.2
2026-07-21 18:00:00,HELS-006-1,HELS-006,Band 3 (1800MHz),-82.6,-14.3,17.8,93.9,46.0,142.4
2026-07-21 18:00:00,HELS-006-2,HELS-006,Band 3 (1800MHz),-73.2,-12.0,12.2,91.1,59.0,142.3
2026-07-21 18:00:00,HELS-006-3,HELS-006,Band 3 (1800MHz),-82.0,-11.9,20.3,100.0,46.5,134.8
2026-07-21 18:00:00,HELS-007-1,HELS-007,Band 1 (2100MHz),-78.9,-12.2,13.4,94.0,53.1,138.3
2026-07-21 18:00:00,HELS-007-2,HELS-007,Band 1 (2100MHz),-86.3,-11.0,-1.1,83.7,58.2,124.3
2026-07-21 18:00:00,HELS-007-3,HELS-007,Band 1 (2100MHz),-83.0,-17.5,12.6,77.2,46.6,129.6
2026-07-21 18:00:00,HELS-008-1,HELS-008,Band 3 (1800MHz),-90.3,-10.7,9.8,100.0,45.2,159.8
2026-07-21 18:00:00,HELS-008-2,HELS-008,Band 3 (1800MHz),-88.3,-12.8,16.5,76.0,50.6,169.1
2026-07-21 18:00:00,HELS-008-3,HELS-008,Band 3 (1800MHz),-78.9,-11.3,4.4,80.7,65.4,192.8
2026-07-21 18:00:00,HELS-009-1,HELS-009,Band 1 (2100MHz),-79.4,-14.2,3.4,85.8,57.7,162.3
2026-07-21 18:00:00,HELS-009-2,HELS-009,Band 1 (2100MHz),-86.4,-11.5,11.5,91.5,49.3,165.1
2026-07-21 18:00:00,HELS-009-3,HELS-009,Band 1 (2100MHz),-84.7,-10.0,8.6,79.5,58.9,143.5
2026-07-21 18:00:00,HELS-010-1,HELS-010,Band 3 (1800MHz),-82.7,-14.7,15.4,76.7,50.1,158.1
2026-07-21 18:00:00,HELS-010-2,HELS-010,Band 3 (1800MHz),-82.7,-15.1,21.3,81.7,61.9,126.1
2026-07-21 18:00:00,HELS-010-3,HELS-010,Band 3 (1800MHz),-84.3,-12.8,8.9,85.5,47.7,151.0
2026-07-21 18:00:00,HELS-011-1,HELS-011,Band 1 (2100MHz),-82.5,-14.7,6.4,99.3,36.1,146.0
2026-07-21 18:00:00,HELS-011-2,HELS-011,Band 1 (2100MHz),-82.2,-11.3,16.7,99.0,60.6,135.5
2026-07-21 18:00:00,HELS-011-3,HELS-011,Band 1 (2100MHz),-82.1,-11.7,15.4,66.3,41.7,141.9
2026-07-21 18:00:00,HELS-012-1,HELS-012,Band 3 (1800MHz),-85.6,-10.0,10.9,83.7,53.8,138.7
2026-07-21 18:00:00,HELS-012-2,HELS-012,Band 3 (1800MHz),-98.6,-14.7,-2.3,85.9,57.4,175.8
2026-07-21 18:00:00,HELS-012-3,HELS-012,Band 3 (1800MHz),-87.1,-10.6,16.2,87.4,51.0,166.0
2026-07-21 18:00:00,HELS-013-1,HELS-013,Band 1 (2100MHz),-82.3,-13.6,7.4,85.6,59.6,140.0
2026-07-21 18:00:00,HELS-013-2,HELS-013,Band 1 (2100MHz),-77.3,-12.1,14.8,100.0,63.8,193.6
2026-07-21 18:00:00,HELS-013-3,HELS-013,Band 1 (2100MHz),-88.4,-14.4,16.8,100.0,47.4,78.3
2026-07-21 18:00:00,HELS-014-1,HELS-014,Band 3 (1800MHz),-83.1,-11.4,21.0,96.9,47.7,159.0
2026-07-21 18:00:00,HELS-014-2,HELS-014,Band 3 (1800MHz),-81.6,-8.9,22.8,94.9,54.3,127.6
2026-07-21 18:00:00,HELS-014-3,HELS-014,Band 3 (1800MHz),-82.9,-11.0,9.1,72.0,41.6,108.3
2026-07-21 19:00:00,HELS-001-1,HELS-001,Band 1 (2100MHz),-79.3,-10.7,11.7,79.0,58.4,105.8
2026-07-21 19:00:00,HELS-001-2,HELS-001,Band 1 (2100MHz),-93.8,-17.2,2.8,69.4,53.3,117.7
2026-07-21 19:00:00,HELS-001-3,HELS-001,Band 1 (2100MHz),-105.7,-12.2,-1.7,64.9,42.4,162.7
2026-07-21 19:00:00,HELS-002-1,HELS-002,Band 3 (1800MHz),-82.2,-14.4,8.0,89.7,45.4,109.8
2026-07-21 19:00:00,HELS-002-2,HELS-002,Band 3 (1800MHz),-89.8,-8.9,7.0,77.1,52.3,142.6
2026-07-21 19:00:00,HELS-002-3,HELS-002,Band 3 (1800MHz),-83.6,-12.7,4.6,85.0,52.0,164.1
2026-07-21 19:00:00,HELS-003-1,HELS-003,Band 1 (2100MHz),-82.7,-7.7,9.8,95.0,48.1,107.2
2026-07-21 19:00:00,HELS-003-2,HELS-003,Band 1 (2100MHz),-81.3,-11.6,23.7,100.0,70.6,170.7
2026-07-21 19:00:00,HELS-003-3,HELS-003,Band 1 (2100MHz),-87.4,-10.4,5.8,79.1,50.2,152.2
2026-07-21 19:00:00,HELS-004-1,HELS-004,Band 3 (1800MHz),-89.9,-10.5,17.7,91.0,45.5,139.2
2026-07-21 19:00:00,HELS-004-2,HELS-004,Band 3 (1800MHz),-85.7,-11.6,7.8,71.1,31.6,181.3
2026-07-21 19:00:00,HELS-004-3,HELS-004,Band 3 (1800MHz),-87.2,-11.5,2.1,100.0,44.1,183.2
2026-07-21 19:00:00,HELS-005-1,HELS-005,Band 1 (2100MHz),-95.1,-15.7,1.8,97.3,45.7,145.0
2026-07-21 19:00:00,HELS-005-2,HELS-005,Band 1 (2100MHz),-83.4,-10.2,11.5,85.4,50.8,111.3
2026-07-21 19:00:00,HELS-005-3,HELS-005,Band 1 (2100MHz),-83.3,-12.7,14.0,77.2,58.3,120.6
2026-07-21 19:00:00,HELS-006-1,HELS-006,Band 3 (1800MHz),-84.1,-13.0,7.9,100.0,54.4,159.6
2026-07-21 19:00:00,HELS-006-2,HELS-006,Band 3 (1800MHz),-82.3,-9.0,14.0,90.7,60.6,146.0
2026-07-21 19:00:00,HELS-006-3,HELS-006,Band 3 (1800MHz),-90.9,-15.3,16.5,83.6,46.9,119.9
2026-07-21 19:00:00,HELS-007-1,HELS-007,Band 1 (2100MHz),-85.2,-8.5,12.1,100.0,48.1,159.1
2026-07-21 19:00:00,HELS-007-2,HELS-007,Band 1 (2100MHz),-89.0,-12.1,10.8,72.1,36.7,135.7
2026-07-21 19:00:00,HELS-007-3,HELS-007,Band 1 (2100MHz),-85.3,-12.2,9.6,98.7,38.7,145.3
2026-07-21 19:00:00,HELS-008-1,HELS-008,Band 3 (1800MHz),-87.7,-5.6,14.4,84.2,42.6,144.0
2026-07-21 19:00:00,HELS-008-2,HELS-008,Band 3 (1800MHz),-90.2,-11.3,17.9,95.6,46.3,139.2
2026-07-21 19:00:00,HELS-008-3,HELS-008,Band 3 (1800MHz),-81.8,-13.6,6.3,73.1,52.1,145.0
2026-07-21 19:00:00,HELS-009-1,HELS-009,Band 1 (2100MHz),-80.5,-15.1,11.7,70.9,29.8,205.6
2026-07-21 19:00:00,HELS-009-2,HELS-009,Band 1 (2100MHz),-83.0,-11.7,9.5,90.9,29.9,121.2
2026-07-21 19:00:00,HELS-009-3,HELS-009,Band 1 (2100MHz),-83.8,-10.6,7.3,82.1,41.6,91.3
2026-07-21 19:00:00,HELS-010-1,HELS-010,Band 3 (1800MHz),-81.7,-12.9,3.8,81.9,41.3,120.1
2026-07-21 19:00:00,HELS-010-2,HELS-010,Band 3 (1800MHz),-92.8,-11.8,12.3,84.7,61.4,143.9
2026-07-21 19:00:00,HELS-010-3,HELS-010,Band 3 (1800MHz),-81.6,-11.8,5.1,64.2,48.9,135.6
2026-07-21 19:00:00,HELS-011-1,HELS-011,Band 1 (2100MHz),-84.7,-14.8,9.8,95.8,50.6,113.4
2026-07-21 19:00:00,HELS-011-2,HELS-011,Band 1 (2100MHz),-87.1,-14.7,8.9,86.0,50.9,128.4
2026-07-21 19:00:00,HELS-011-3,HELS-011,Band 1 (2100MHz),-90.9,-11.1,-5.0,100.0,53.3,162.1
2026-07-21 19:00:00,HELS-012-1,HELS-012,Band 3 (1800MHz),-84.3,-11.9,10.3,83.1,41.4,132.3
2026-07-21 19:00:00,HELS-012-2,HELS-012,Band 3 (1800MHz),-89.8,-17.4,15.9,91.3,28.4,149.7
2026-07-21 19:00:00,HELS-012-3,HELS-012,Band 3 (1800MHz),-77.6,-10.9,13.1,86.3,39.5,148.0
2026-07-21 19:00:00,HELS-013-1,HELS-013,Band 1 (2100MHz),-79.6,-12.0,1.8,91.8,55.3,133.2
2026-07-21 19:00:00,HELS-013-2,HELS-013,Band 1 (2100MHz),-91.1,-15.5,13.9,100.0,51.6,143.3
2026-07-21 19:00:00,HELS-013-3,HELS-013,Band 1 (2100MHz),-85.0,-11.4,9.2,92.1,54.9,113.3
2026-07-21 19:00:00,HELS-014-1,HELS-014,Band 3 (1800MHz),-81.0,-11.4,10.1,71.3,50.3,133.1
2026-07-21 19:00:00,HELS-014-2,HELS-014,Band 3 (1800MHz),-85.4,-13.6,13.5,80.2,53.0,87.8
2026-07-21 19:00:00,HELS-014-3,HELS-014,Band 3 (1800MHz),-87.9,-10.2,10.1,67.1,49.9,137.3
2026-07-21 20:00:00,HELS-001-1,HELS-001,Band 1 (2100MHz),-80.9,-11.8,8.4,76.2,49.6,110.4
2026-07-21 20:00:00,HELS-001-2,HELS-001,Band 1 (2100MHz),-95.6,-17.5,15.2,74.3,41.4,115.7
2026-07-21 20:00:00,HELS-001-3,HELS-001,Band 1 (2100MHz),-88.9,-16.6,2.6,76.4,46.0,98.5
2026-07-21 20:00:00,HELS-002-1,HELS-002,Band 3 (1800MHz),-82.9,-12.1,20.7,95.1,56.2,116.8
2026-07-21 20:00:00,HELS-002-2,HELS-002,Band 3 (1800MHz),-83.1,-9.6,10.7,75.6,33.0,164.5
2026-07-21 20:00:00,HELS-002-3,HELS-002,Band 3 (1800MHz),-91.1,-11.9,6.6,60.6,22.2,148.1
2026-07-21 20:00:00,HELS-003-1,HELS-003,Band 1 (2100MHz),-86.6,-11.7,11.5,85.2,49.5,103.3
2026-07-21 20:00:00,HELS-003-2,HELS-003,Band 1 (2100MHz),-81.7,-12.3,11.7,37.6,41.8,184.6
2026-07-21 20:00:00,HELS-003-3,HELS-003,Band 1 (2100MHz),-80.6,-9.7,15.9,75.3,29.0,150.8
2026-07-21 20:00:00,HELS-004-1,HELS-004,Band 3 (1800MHz),-85.3,-10.4,5.4,89.6,35.1,136.9
2026-07-21 20:00:00,HELS-004-2,HELS-004,Band 3 (1800MHz),-84.9,-11.5,12.3,78.6,54.3,105.4
2026-07-21 20:00:00,HELS-004-3,HELS-004,Band 3 (1800MHz),-90.1,-12.9,11.7,82.9,48.4,133.1
2026-07-21 20:00:00,HELS-005-1,HELS-005,Band 1 (2100MHz),-94.4,-13.4,11.2,58.1,49.8,134.7
2026-07-21 20:00:00,HELS-005-2,HELS-005,Band 1 (2100MHz),-81.1,-11.2,9.8,82.3,43.1,115.8
2026-07-21 20:00:00,HELS-005-3,HELS-005,Band 1 (2100MHz),-85.0,-13.9,5.7,70.6,43.6,120.5
2026-07-21 20:00:00,HELS-006-1,HELS-006,Band 3 (1800MHz),-82.1,-15.2,22.4,59.1,39.3,86.9
2026-07-21 20:00:00,HELS-006-2,HELS-006,Band 3 (1800MHz),-87.8,-10.8,13.7,83.1,44.4,133.0
2026-07-21 20:00:00,HELS-006-3,HELS-006,Band 3 (1800MHz),-89.9,-9.9,12.1,88.0,29.5,172.5
2026-07-21 20:00:00,HELS-007-1,HELS-007,Band 1 (2100MHz),-83.5,-13.4,11.3,65.8,46.4,135.7
2026-07-21 20:00:00,HELS-007-2,HELS-007,Band 1 (2100MHz),-85.3,-14.5,12.3,55.0,51.4,102.9
2026-07-21 20:00:00,HELS-007-3,HELS-007,Band 1 (2100MHz),-80.4,-12.2,14.8,84.2,52.0,87.8
2026-07-21 20:00:00,HELS-008-1,HELS-008,Band 3 (1800MHz),-87.0,-12.8,12.0,53.9,58.8,111.9
2026-07-21 20:00:00,HELS-008-2,HELS-008,Band 3 (1800MHz),-80.1,-15.1,7.1,82.4,45.5,147.5
2026-07-21 20:00:00,HELS-008-3,HELS-008,Band 3 (1800MHz),-78.6,-12.3,5.0,85.5,40.7,146.1
2026-07-21 20:00:00,HELS-009-1,HELS-009,Band 1 (2100MHz),-78.8,-11.1,25.6,83.9,57.5,120.5
2026-07-21 20:00:00,HELS-009-2,HELS-009,Band 1 (2100MHz),-81.4,-11.6,21.2,88.3,50.8,155.0
2026-07-21 20:00:00,HELS-009-3,HELS-009,Band 1 (2100MHz),-86.9,-14.3,21.6,71.4,56.0,133.6
2026-07-21 20:00:00,HELS-010-1,HELS-010,Band 3 (1800MHz),-85.4,-13.4,5.4,75.5,33.5,143.4
2026-07-21 20:00:00,HELS-010-2,HELS-010,Band 3 (1800MHz),-86.2,-13.9,15.8,57.0,43.6,140.7
2026-07-21 20:00:00,HELS-010-3,HELS-010,Band 3 (1800MHz),-85.5,-11.4,7.9,61.9,37.5,110.7
2026-07-21 20:00:00,HELS-011-1,HELS-011,Band 1 (2100MHz),-79.7,-11.1,17.7,68.8,36.1,110.1
2026-07-21 20:00:00,HELS-011-2,HELS-011,Band 1 (2100MHz),-75.7,-9.7,7.6,90.7,47.0,105.1
2026-07-21 20:00:00,HELS-011-3,HELS-011,Band 1 (2100MHz),-87.6,-14.7,8.3,100.0,47.8,123.1
2026-07-21 20:00:00,HELS-012-1,HELS-012,Band 3 (1800MHz),-83.5,-16.2,10.9,66.0,54.4,146.0
2026-07-21 20:00:00,HELS-012-2,HELS-012,Band 3 (1800MHz),-101.7,-17.2,5.8,84.5,41.2,114.3
2026-07-21 20:00:00,HELS-012-3,HELS-012,Band 3 (1800MHz),-92.7,-7.5,18.7,73.1,33.4,73.8
2026-07-21 20:00:00,HELS-013-1,HELS-013,Band 1 (2100MHz),-93.3,-11.5,15.9,79.9,63.2,136.6
2026-07-21 20:00:00,HELS-013-2,HELS-013,Band 1 (2100MHz),-88.1,-9.6,7.4,77.9,44.7,132.3
2026-07-21 20:00:00,HELS-013-3,HELS-013,Band 1 (2100MHz),-84.6,-10.6,12.2,73.5,41.9,111.6
2026-07-21 20:00:00,HELS-014-1,HELS-014,Band 3 (1800MHz),-84.6,-10.3,20.7,74.2,34.8,141.3
2026-07-21 20:00:00,HELS-014-2,HELS-014,Band 3 (1800MHz),-85.7,-9.9,20.8,43.5,45.4,133.2
2026-07-21 20:00:00,HELS-014-3,HELS-014,Band 3 (1800MHz),-85.3,-11.0,14.6,73.4,32.0,61.2
2026-07-21 21:00:00,HELS-001-1,HELS-001,Band 1 (2100MHz),-84.0,-8.2,8.0,27.2,17.9,22.3
2026-07-21 21:00:00,HELS-001-2,HELS-001,Band 1 (2100MHz),-98.2,-15.8,10.4,14.6,9.4,59.6
2026-07-21 21:00:00,HELS-001-3,HELS-001,Band 1 (2100MHz),-94.8,-8.9,1.8,6.8,0.0,0.0
2026-07-21 21:00:00,HELS-002-1,HELS-002,Band 3 (1800MHz),-80.8,-10.8,17.1,8.4,15.9,47.9
2026-07-21 21:00:00,HELS-002-2,HELS-002,Band 3 (1800MHz),-85.7,-8.4,19.0,37.4,15.1,58.2
2026-07-21 21:00:00,HELS-002-3,HELS-002,Band 3 (1800MHz),-91.6,-8.5,14.5,25.5,21.3,7.4
2026-07-21 21:00:00,HELS-003-1,HELS-003,Band 1 (2100MHz),-85.6,-6.1,-1.9,17.9,0.0,18.2
2026-07-21 21:00:00,HELS-003-2,HELS-003,Band 1 (2100MHz),-88.1,-7.7,13.3,11.9,19.3,42.3
2026-07-21 21:00:00,HELS-003-3,HELS-003,Band 1 (2100MHz),-84.1,-6.6,13.6,26.2,17.1,0.0
2026-07-21 21:00:00,HELS-004-1,HELS-004,Band 3 (1800MHz),-86.5,-8.4,15.3,12.4,26.3,3.0
2026-07-21 21:00:00,HELS-004-2,HELS-004,Band 3 (1800MHz),-85.0,-10.2,11.7,23.9,13.2,12.8
2026-07-21 21:00:00,HELS-004-3,HELS-004,Band 3 (1800MHz),-85.0,-6.8,17.9,1.4,0.8,10.1
2026-07-21 21:00:00,HELS-005-1,HELS-005,Band 1 (2100MHz),-100.8,-13.3,4.0,8.1,6.0,23.8
2026-07-21 21:00:00,HELS-005-2,HELS-005,Band 1 (2100MHz),-90.3,-9.3,10.8,10.4,13.9,5.9
2026-07-21 21:00:00,HELS-005-3,HELS-005,Band 1 (2100MHz),-76.7,-6.6,17.9,0.0,7.1,42.5
2026-07-21 21:00:00,HELS-006-1,HELS-006,Band 3 (1800MHz),-82.6,-10.7,19.5,21.5,15.1,34.3
2026-07-21 21:00:00,HELS-006-2,HELS-006,Band 3 (1800MHz),-83.9,-9.2,5.0,15.2,1.3,2.1
2026-07-21 21:00:00,HELS-006-3,HELS-006,Band 3 (1800MHz),-84.1,-10.2,13.1,17.6,5.3,36.2
2026-07-21 21:00:00,HELS-007-1,HELS-007,Band 1 (2100MHz),-84.9,-8.9,8.2,24.7,1.8,8.3
2026-07-21 21:00:00,HELS-007-2,HELS-007,Band 1 (2100MHz),-87.7,-9.1,9.6,11.5,4.4,2.3
2026-07-21 21:00:00,HELS-007-3,HELS-007,Band 1 (2100MHz),-81.3,-12.8,9.0,21.3,11.3,60.6
2026-07-21 21:00:00,HELS-008-1,HELS-008,Band 3 (1800MHz),-89.8,-9.8,16.1,20.0,0.0,47.0
2026-07-21 21:00:00,HELS-008-2,HELS-008,Band 3 (1800MHz),-83.9,-8.5,11.6,27.2,14.0,43.6
2026-07-21 21:00:00,HELS-008-3,HELS-008,Band 3 (1800MHz),-87.2,-10.5,12.4,14.4,9.4,64.1
2026-07-21 21:00:00,HELS-009-1,HELS-009,Band 1 (2100MHz),-83.2,-9.3,7.2,29.5,2.6,42.9
2026-07-21 21:00:00,HELS-009-2,HELS-009,Band 1 (2100MHz),-91.2,-11.4,13.8,16.0,1.0,8.8
2026-07-21 21:00:00,HELS-009-3,HELS-009,Band 1 (2100MHz),-85.3,-8.6,12.1,15.1,7.8,6.1
2026-07-21 21:00:00,HELS-010-1,HELS-010,Band 3 (1800MHz),-86.1,-9.2,9.7,10.8,20.8,34.3
2026-07-21 21:00:00,HELS-010-2,HELS-010,Band 3 (1800MHz),-85.1,-7.7,13.4,38.7,14.2,61.0
2026-07-21 21:00:00,HELS-010-3,HELS-010,Band 3 (1800MHz),-86.2,-5.9,19.7,31.2,15.4,123.5
2026-07-21 21:00:00,HELS-011-1,HELS-011,Band 1 (2100MHz),-86.6,-9.1,17.2,46.7,21.5,58.9
2026-07-21 21:00:00,HELS-011-2,HELS-011,Band 1 (2100MHz),-78.6,-10.0,16.9,36.0,3.6,59.7
2026-07-21 21:00:00,HELS-011-3,HELS-011,Band 1 (2100MHz),-81.6,-12.3,10.8,12.6,10.6,46.3
2026-07-21 21:00:00,HELS-012-1,HELS-012,Band 3 (1800MHz),-83.9,-8.5,14.8,12.1,18.1,9.0
2026-07-21 21:00:00,HELS-012-2,HELS-012,Band 3 (1800MHz),-97.1,-9.6,7.9,6.3,12.8,68.1
2026-07-21 21:00:00,HELS-012-3,HELS-012,Band 3 (1800MHz),-82.0,-6.7,4.2,9.4,13.8,37.1
2026-07-21 21:00:00,HELS-013-1,HELS-013,Band 1 (2100MHz),-87.2,-12.4,8.9,5.9,7.9,6.8
2026-07-21 21:00:00,HELS-013-2,HELS-013,Band 1 (2100MHz),-76.6,-11.5,3.9,10.3,9.4,66.3
2026-07-21 21:00:00,HELS-013-3,HELS-013,Band 1 (2100MHz),-89.2,-11.8,13.7,12.9,19.7,2.7
2026-07-21 21:00:00,HELS-014-1,HELS-014,Band 3 (1800MHz),-77.6,-8.1,22.1,31.2,4.6,19.7
2026-07-21 21:00:00,HELS-014-2,HELS-014,Band 3 (1800MHz),-86.9,-10.6,10.6,9.8,9.4,21.9
2026-07-21 21:00:00,HELS-014-3,HELS-014,Band 3 (1800MHz),-87.3,-8.6,12.1,18.8,7.8,34.6
2026-07-21 22:00:00,HELS-001-1,HELS-001,Band 1 (2100MHz),-78.3,-9.8,7.9,30.6,3.9,34.1
2026-07-21 22:00:00,HELS-001-2,HELS-001,Band 1 (2100MHz),-99.8,-12.0,2.8,10.8,5.5,0.0
2026-07-21 22:00:00,HELS-001-3,HELS-001,Band 1 (2100MHz),-97.7,-11.1,0.5,9.8,4.6,0.0
2026-07-21 22:00:00,HELS-002-1,HELS-002,Band 3 (1800MHz),-95.8,-6.9,15.7,0.0,0.0,18.6
2026-07-21 22:00:00,HELS-002-2,HELS-002,Band 3 (1800MHz),-79.9,-7.8,18.1,24.1,0.0,35.7
2026-07-21 22:00:00,HELS-002-3,HELS-002,Band 3 (1800MHz),-80.3,-7.8,10.9,0.7,4.2,68.4
2026-07-21 22:00:00,HELS-003-1,HELS-003,Band 1 (2100MHz),-77.8,-7.6,13.8,0.0,0.0,20.0
2026-07-21 22:00:00,HELS-003-2,HELS-003,Band 1 (2100MHz),-79.3,-8.4,14.5,9.9,0.0,16.6
2026-07-21 22:00:00,HELS-003-3,HELS-003,Band 1 (2100MHz),-80.5,-8.4,21.9,0.0,6.0,7.7
2026-07-21 22:00:00,HELS-004-1,HELS-004,Band 3 (1800MHz),-83.4,-8.9,16.7,7.1,9.9,23.3
2026-07-21 22:00:00,HELS-004-2,HELS-004,Band 3 (1800MHz),-78.6,-14.0,16.5,32.6,10.1,5.1
2026-07-21 22:00:00,HELS-004-3,HELS-004,Band 3 (1800MHz),-88.0,-10.1,9.7,13.5,0.0,63.8
2026-07-21 22:00:00,HELS-005-1,HELS-005,Band 1 (2100MHz),-97.4,-11.0,13.3,0.0,0.0,13.5
2026-07-21 22:00:00,HELS-005-2,HELS-005,Band 1 (2100MHz),-86.0,-8.3,9.7,0.0,7.6,13.0
2026-07-21 22:00:00,HELS-005-3,HELS-005,Band 1 (2100MHz),-86.1,-8.9,13.0,21.7,7.5,36.5
2026-07-21 22:00:00,HELS-006-1,HELS-006,Band 3 (1800MHz),-90.0,-12.0,16.3,5.5,24.2,19.0
2026-07-21 22:00:00,HELS-006-2,HELS-006,Band 3 (1800MHz),-79.9,-10.3,7.7,23.2,0.0,38.9
2026-07-21 22:00:00,HELS-006-3,HELS-006,Band 3 (1800MHz),-80.9,-9.2,15.7,16.1,24.7,49.2
2026-07-21 22:00:00,HELS-007-1,HELS-007,Band 1 (2100MHz),-87.5,-6.6,14.6,2.9,2.7,33.6
2026-07-21 22:00:00,HELS-007-2,HELS-007,Band 1 (2100MHz),-85.1,-8.5,15.1,12.0,3.6,31.8
2026-07-21 22:00:00,HELS-007-3,HELS-007,Band 1 (2100MHz),-88.2,-11.3,1.2,14.8,11.0,13.0
2026-07-21 22:00:00,HELS-008-1,HELS-008,Band 3 (1800MHz),-83.9,-8.9,10.0,8.8,6.8,35.2
2026-07-21 22:00:00,HELS-008-2,HELS-008,Band 3 (1800MHz),-83.2,-9.5,21.5,0.0,7.2,30.8
2026-07-21 22:00:00,HELS-008-3,HELS-008,Band 3 (1800MHz),-83.8,-7.5,13.1,8.3,10.1,29.5
2026-07-21 22:00:00,HELS-009-1,HELS-009,Band 1 (2100MHz),-85.6,-4.1,6.3,0.0,16.7,24.5
2026-07-21 22:00:00,HELS-009-2,HELS-009,Band 1 (2100MHz),-80.0,-7.3,19.4,2.8,0.0,6.0
2026-07-21 22:00:00,HELS-009-3,HELS-009,Band 1 (2100MHz),-84.1,-9.6,16.8,17.3,6.3,31.4
2026-07-21 22:00:00,HELS-010-1,HELS-010,Band 3 (1800MHz),-79.2,-7.4,18.7,19.8,0.0,9.2
2026-07-21 22:00:00,HELS-010-2,HELS-010,Band 3 (1800MHz),-86.8,-9.0,23.4,0.0,0.1,0.0
2026-07-21 22:00:00,HELS-010-3,HELS-010,Band 3 (1800MHz),-79.9,-8.2,17.3,45.4,4.6,46.9
2026-07-21 22:00:00,HELS-011-1,HELS-011,Band 1 (2100MHz),-82.5,-6.6,10.7,22.2,12.5,31.6
2026-07-21 22:00:00,HELS-011-2,HELS-011,Band 1 (2100MHz),-84.4,-8.9,13.7,18.3,10.1,20.4
2026-07-21 22:00:00,HELS-011-3,HELS-011,Band 1 (2100MHz),-85.0,-9.6,3.1,27.4,13.5,41.2
2026-07-21 22:00:00,HELS-012-1,HELS-012,Band 3 (1800MHz),-84.9,-8.3,12.2,14.1,8.6,16.5
2026-07-21 22:00:00,HELS-012-2,HELS-012,Band 3 (1800MHz),-101.6,-12.8,11.7,15.2,0.0,29.4
2026-07-21 22:00:00,HELS-012-3,HELS-012,Band 3 (1800MHz),-88.2,-7.6,9.9,0.0,13.7,23.5
2026-07-21 22:00:00,HELS-013-1,HELS-013,Band 1 (2100MHz),-83.8,-7.1,11.7,0.0,0.0,34.0
2026-07-21 22:00:00,HELS-013-2,HELS-013,Band 1 (2100MHz),-85.1,-8.1,9.0,0.0,9.8,35.1
2026-07-21 22:00:00,HELS-013-3,HELS-013,Band 1 (2100MHz),-87.9,-7.7,3.4,7.2,0.3,5.0
2026-07-21 22:00:00,HELS-014-1,HELS-014,Band 3 (1800MHz),-82.1,-8.8,17.6,25.8,4.0,13.6
2026-07-21 22:00:00,HELS-014-2,HELS-014,Band 3 (1800MHz),-82.1,-10.8,0.7,0.0,23.7,0.0
2026-07-21 22:00:00,HELS-014-3,HELS-014,Band 3 (1800MHz),-77.1,-9.8,14.3,0.0,1.7,0.0
2026-07-21 23:00:00,HELS-001-1,HELS-001,Band 1 (2100MHz),-70.9,-12.8,17.1,13.6,6.2,14.5
2026-07-21 23:00:00,HELS-001-2,HELS-001,Band 1 (2100MHz),-97.1,-8.2,7.6,25.0,13.5,18.1
2026-07-21 23:00:00,HELS-001-3,HELS-001,Band 1 (2100MHz),-100.2,-6.9,6.3,25.4,5.0,7.5
2026-07-21 23:00:00,HELS-002-1,HELS-002,Band 3 (1800MHz),-81.0,-7.4,10.6,13.4,13.8,0.0
2026-07-21 23:00:00,HELS-002-2,HELS-002,Band 3 (1800MHz),-85.4,-5.5,11.6,29.0,13.6,0.0
2026-07-21 23:00:00,HELS-002-3,HELS-002,Band 3 (1800MHz),-87.4,-4.8,14.8,0.0,0.0,0.0
2026-07-21 23:00:00,HELS-003-1,HELS-003,Band 1 (2100MHz),-83.3,-8.7,17.5,3.3,18.4,0.0
2026-07-21 23:00:00,HELS-003-2,HELS-003,Band 1 (2100MHz),-90.3,-7.3,10.4,32.6,22.9,0.7
2026-07-21 23:00:00,HELS-003-3,HELS-003,Band 1 (2100MHz),-93.1,-10.7,14.0,30.3,0.0,0.0
2026-07-21 23:00:00,HELS-004-1,HELS-004,Band 3 (1800MHz),-85.1,-7.1,12.0,7.5,19.0,40.2
2026-07-21 23:00:00,HELS-004-2,HELS-004,Band 3 (1800MHz),-78.9,-8.2,15.3,31.5,1.8,8.4
2026-07-21 23:00:00,HELS-004-3,HELS-004,Band 3 (1800MHz),-78.4,-2.7,1.4,30.6,2.4,50.1
2026-07-21 23:00:00,HELS-005-1,HELS-005,Band 1 (2100MHz),-100.0,-12.8,11.8,14.5,10.3,21.2
2026-07-21 23:00:00,HELS-005-2,HELS-005,Band 1 (2100MHz),-83.6,-9.0,20.5,2.6,3.6,10.2
2026-07-21 23:00:00,HELS-005-3,HELS-005,Band 1 (2100MHz),-79.0,-8.9,18.2,33.6,5.4,29.3
2026-07-21 23:00:00,HELS-006-1,HELS-006,Band 3 (1800MHz),-82.8,-8.2,14.1,23.7,20.5,5.4
2026-07-21 23:00:00,HELS-006-2,HELS-006,Band 3 (1800MHz),-82.4,-7.4,16.2,0.5,0.0,48.6
2026-07-21 23:00:00,HELS-006-3,HELS-006,Band 3 (1800MHz),-86.4,-7.1,11.4,0.0,1.0,13.3
2026-07-21 23:00:00,HELS-007-1,HELS-007,Band 1 (2100MHz),-81.7,-7.4,8.6,4.0,2.1,47.1
2026-07-21 23:00:00,HELS-007-2,HELS-007,Band 1 (2100MHz),-87.2,-8.6,16.3,16.6,13.4,33.1
2026-07-21 23:00:00,HELS-007-3,HELS-007,Band 1 (2100MHz),-86.9,-6.7,14.1,39.7,4.1,27.9
2026-07-21 23:00:00,HELS-008-1,HELS-008,Band 3 (1800MHz),-79.4,-6.6,3.3,0.0,16.2,2.6
2026-07-21 23:00:00,HELS-008-2,HELS-008,Band 3 (1800MHz),-83.9,-8.6,8.3,2.2,8.7,0.0
2026-07-21 23:00:00,HELS-008-3,HELS-008,Band 3 (1800MHz),-81.0,-6.3,18.7,6.2,4.6,46.9
2026-07-21 23:00:00,HELS-009-1,HELS-009,Band 1 (2100MHz),-79.7,-7.1,11.2,8.4,10.8,29.5
2026-07-21 23:00:00,HELS-009-2,HELS-009,Band 1 (2100MHz),-80.4,-6.6,13.8,8.0,0.4,70.7
2026-07-21 23:00:00,HELS-009-3,HELS-009,Band 1 (2100MHz),-81.0,-4.5,15.1,0.0,8.0,5.7
2026-07-21 23:00:00,HELS-010-1,HELS-010,Band 3 (1800MHz),-82.9,-8.4,10.1,21.5,0.8,11.4
2026-07-21 23:00:00,HELS-010-2,HELS-010,Band 3 (1800MHz),-80.3,-8.5,18.5,8.1,0.0,26.5
2026-07-21 23:00:00,HELS-010-3,HELS-010,Band 3 (1800MHz),-82.6,-8.2,13.5,0.0,11.7,0.0
2026-07-21 23:00:00,HELS-011-1,HELS-011,Band 1 (2100MHz),-81.0,-9.2,20.0,19.7,3.7,54.7
2026-07-21 23:00:00,HELS-011-2,HELS-011,Band 1 (2100MHz),-91.2,-6.8,15.4,8.2,1.4,46.4
2026-07-21 23:00:00,HELS-011-3,HELS-011,Band 1 (2100MHz),-91.1,-6.9,17.5,9.5,13.8,34.0
2026-07-21 23:00:00,HELS-012-1,HELS-012,Band 3 (1800MHz),-84.7,-5.6,16.8,5.5,0.0,0.0
2026-07-21 23:00:00,HELS-012-2,HELS-012,Band 3 (1800MHz),-104.8,-15.2,6.8,11.8,0.0,38.4
2026-07-21 23:00:00,HELS-012-3,HELS-012,Band 3 (1800MHz),-82.7,-6.6,9.2,22.5,7.1,24.6
2026-07-21 23:00:00,HELS-013-1,HELS-013,Band 1 (2100MHz),-88.7,-8.5,13.5,26.4,0.0,48.2
2026-07-21 23:00:00,HELS-013-2,HELS-013,Band 1 (2100MHz),-82.8,-9.6,19.2,7.6,0.0,30.9
2026-07-21 23:00:00,HELS-013-3,HELS-013,Band 1 (2100MHz),-78.6,-6.7,10.0,15.5,2.9,12.2
2026-07-21 23:00:00,HELS-014-1,HELS-014,Band 3 (1800MHz),-78.1,-7.9,9.7,0.0,5.4,57.5
2026-07-21 23:00:00,HELS-014-2,HELS-014,Band 3 (1800MHz),-87.1,-7.9,11.6,18.3,0.0,19.8
2026-07-21 23:00:00,HELS-014-3,HELS-014,Band 3 (1800MHz),-78.8,-7.1,11.3,1.8,0.0,17.4
2026-07-22 00:00:00,HELS-001-1,HELS-001,Band 1 (2100MHz),-84.3,-8.9,14.6,14.0,18.7,26.2
2026-07-22 00:00:00,HELS-001-2,HELS-001,Band 1 (2100MHz),-96.8,-10.2,6.1,0.0,0.0,47.7
2026-07-22 00:00:00,HELS-001-3,HELS-001,Band 1 (2100MHz),-96.1,-9.8,0.7,31.0,4.2,1.6
2026-07-22 00:00:00,HELS-002-1,HELS-002,Band 3 (1800MHz),-85.2,-10.9,11.7,26.7,7.8,16.0
2026-07-22 00:00:00,HELS-002-2,HELS-002,Band 3 (1800MHz),-88.0,-10.2,9.2,12.8,3.5,0.0
2026-07-22 00:00:00,HELS-002-3,HELS-002,Band 3 (1800MHz),-86.4,-8.0,9.6,25.9,0.5,61.4
2026-07-22 00:00:00,HELS-003-1,HELS-003,Band 1 (2100MHz),-82.1,-7.9,8.3,8.6,0.0,19.5
2026-07-22 00:00:00,HELS-003-2,HELS-003,Band 1 (2100MHz),-79.9,-8.9,16.7,26.4,13.1,20.2
2026-07-22 00:00:00,HELS-003-3,HELS-003,Band 1 (2100MHz),-80.5,-8.2,12.2,34.9,14.0,0.0
2026-07-22 00:00:00,HELS-004-1,HELS-004,Band 3 (1800MHz),-84.1,-9.3,7.1,24.8,0.0,12.4
2026-07-22 00:00:00,HELS-004-2,HELS-004,Band 3 (1800MHz),-84.7,-8.5,9.1,14.0,16.1,0.0
2026-07-22 00:00:00,HELS-004-3,HELS-004,Band 3 (1800MHz),-87.5,-7.7,4.9,6.8,6.9,63.8
2026-07-22 00:00:00,HELS-005-1,HELS-005,Band 1 (2100MHz),-88.6,-12.1,3.5,0.0,5.4,22.9
2026-07-22 00:00:00,HELS-005-2,HELS-005,Band 1 (2100MHz),-82.8,-7.3,16.9,0.7,9.2,16.9
2026-07-22 00:00:00,HELS-005-3,HELS-005,Band 1 (2100MHz),-85.1,-7.1,16.8,9.9,10.8,0.0
2026-07-22 00:00:00,HELS-006-1,HELS-006,Band 3 (1800MHz),-85.5,-10.1,12.8,0.0,2.1,55.9
2026-07-22 00:00:00,HELS-006-2,HELS-006,Band 3 (1800MHz),-72.7,-7.3,6.4,4.3,0.0,0.9
2026-07-22 00:00:00,HELS-006-3,HELS-006,Band 3 (1800MHz),-89.9,-10.3,13.0,15.8,2.9,22.5
2026-07-22 00:00:00,HELS-007-1,HELS-007,Band 1 (2100MHz),-84.7,-7.9,16.9,18.0,2.0,17.8
2026-07-22 00:00:00,HELS-007-2,HELS-007,Band 1 (2100MHz),-86.9,-1.6,9.8,26.2,0.0,0.0
2026-07-22 00:00:00,HELS-007-3,HELS-007,Band 1 (2100MHz),-82.7,-6.4,20.8,0.0,6.6,13.6
2026-07-22 00:00:00,HELS-008-1,HELS-008,Band 3 (1800MHz),-84.2,-9.0,5.4,11.5,9.0,14.1
2026-07-22 00:00:00,HELS-008-2,HELS-008,Band 3 (1800MHz),-84.9,-10.7,15.8,17.4,14.5,7.2
2026-07-22 00:00:00,HELS-008-3,HELS-008,Band 3 (1800MHz),-84.2,-10.3,14.1,0.0,0.0,32.1
2026-07-22 00:00:00,HELS-009-1,HELS-009,Band 1 (2100MHz),-85.3,-9.1,5.9,11.3,0.0,20.6
2026-07-22 00:00:00,HELS-009-2,HELS-009,Band 1 (2100MHz),-78.7,-7.4,15.1,1.9,0.0,35.5
2026-07-22 00:00:00,HELS-009-3,HELS-009,Band 1 (2100MHz),-82.0,-9.8,6.6,11.8,0.0,6.5
2026-07-22 00:00:00,HELS-010-1,HELS-010,Band 3 (1800MHz),-85.0,-9.6,6.1,9.5,0.0,41.7
2026-07-22 00:00:00,HELS-010-2,HELS-010,Band 3 (1800MHz),-89.2,-10.2,20.0,8.6,0.0,3.8
2026-07-22 00:00:00,HELS-010-3,HELS-010,Band 3 (1800MHz),-79.8,-6.6,15.8,21.0,7.2,17.7
2026-07-22 00:00:00,HELS-011-1,HELS-011,Band 1 (2100MHz),-83.5,-6.3,19.2,20.5,1.8,0.0
2026-07-22 00:00:00,HELS-011-2,HELS-011,Band 1 (2100MHz),-78.4,-5.3,9.1,0.0,29.2,16.6
2026-07-22 00:00:00,HELS-011-3,HELS-011,Band 1 (2100MHz),-78.2,-5.7,11.5,16.0,2.9,11.8
2026-07-22 00:00:00,HELS-012-1,HELS-012,Band 3 (1800MHz),-90.6,-6.3,16.3,12.8,0.0,18.3
2026-07-22 00:00:00,HELS-012-2,HELS-012,Band 3 (1800MHz),-92.9,-12.8,6.4,0.0,1.9,32.8
2026-07-22 00:00:00,HELS-012-3,HELS-012,Band 3 (1800MHz),-82.3,-10.1,18.2,13.0,0.0,2.5
2026-07-22 00:00:00,HELS-013-1,HELS-013,Band 1 (2100MHz),-80.5,-6.5,12.4,0.0,9.2,20.0
2026-07-22 00:00:00,HELS-013-2,HELS-013,Band 1 (2100MHz),-88.1,-8.6,12.5,0.0,5.9,0.0
2026-07-22 00:00:00,HELS-013-3,HELS-013,Band 1 (2100MHz),-87.0,-6.8,19.3,0.0,4.9,36.1
2026-07-22 00:00:00,HELS-014-1,HELS-014,Band 3 (1800MHz),-88.2,-8.2,14.1,1.4,2.8,18.0
2026-07-22 00:00:00,HELS-014-2,HELS-014,Band 3 (1800MHz),-81.6,-5.6,3.4,0.0,0.0,0.0
2026-07-22 00:00:00,HELS-014-3,HELS-014,Band 3 (1800MHz),-88.5,-9.4,23.2,0.1,19.0,18.9
2026-07-22 01:00:00,HELS-001-1,HELS-001,Band 1 (2100MHz),-84.5,-8.9,16.8,0.0,2.2,27.8
2026-07-22 01:00:00,HELS-001-2,HELS-001,Band 1 (2100MHz),-94.0,-7.5,1.9,22.0,5.0,0.0
2026-07-22 01:00:00,HELS-001-3,HELS-001,Band 1 (2100MHz),-95.2,-13.9,-3.7,1.1,0.0,33.6
2026-07-22 01:00:00,HELS-002-1,HELS-002,Band 3 (1800MHz),-78.8,-12.7,15.1,23.9,7.5,2.9
2026-07-22 01:00:00,HELS-002-2,HELS-002,Band 3 (1800MHz),-86.7,-9.4,8.7,2.8,1.5,3.4
2026-07-22 01:00:00,HELS-002-3,HELS-002,Band 3 (1800MHz),-92.1,-8.3,6.5,1.2,10.1,22.4
2026-07-22 01:00:00,HELS-003-1,HELS-003,Band 1 (2100MHz),-82.7,-7.8,9.5,0.0,6.0,32.8
2026-07-22 01:00:00,HELS-003-2,HELS-003,Band 1 (2100MHz),-83.9,-12.8,4.3,19.3,19.7,19.5
2026-07-22 01:00:00,HELS-003-3,HELS-003,Band 1 (2100MHz),-86.9,-4.4,15.4,11.1,12.4,0.0
2026-07-22 01:00:00,HELS-004-1,HELS-004,Band 3 (1800MHz),-89.3,-5.8,13.9,11.4,9.0,9.9
2026-07-22 01:00:00,HELS-004-2,HELS-004,Band 3 (1800MHz),-88.3,-10.1,12.2,17.7,0.0,5.4
2026-07-22 01:00:00,HELS-004-3,HELS-004,Band 3 (1800MHz),-82.6,-6.4,13.0,10.9,14.5,0.0
2026-07-22 01:00:00,HELS-005-1,HELS-005,Band 1 (2100MHz),-98.4,-14.0,14.7,0.0,27.9,0.0
2026-07-22 01:00:00,HELS-005-2,HELS-005,Band 1 (2100MHz),-79.6,-11.5,17.0,9.6,0.0,1.5
2026-07-22 01:00:00,HELS-005-3,HELS-005,Band 1 (2100MHz),-85.3,-6.8,11.0,15.1,1.6,68.5
2026-07-22 01:00:00,HELS-006-1,HELS-006,Band 3 (1800MHz),-88.4,-7.5,7.7,29.6,0.4,35.9
2026-07-22 01:00:00,HELS-006-2,HELS-006,Band 3 (1800MHz),-77.5,-8.6,12.5,10.4,0.0,32.9
2026-07-22 01:00:00,HELS-006-3,HELS-006,Band 3 (1800MHz),-81.7,-9.5,18.8,0.0,0.0,56.1
2026-07-22 01:00:00,HELS-007-1,HELS-007,Band 1 (2100MHz),-82.8,-6.5,19.2,4.2,5.7,0.0
2026-07-22 01:00:00,HELS-007-2,HELS-007,Band 1 (2100MHz),-84.2,-7.9,9.5,0.0,10.1,15.4
2026-07-22 01:00:00,HELS-007-3,HELS-007,Band 1 (2100MHz),-77.7,-11.0,13.9,13.1,7.0,23.1
2026-07-22 01:00:00,HELS-008-1,HELS-008,Band 3 (1800MHz),-84.2,-6.7,13.8,3.3,15.5,0.7
2026-07-22 01:00:00,HELS-008-2,HELS-008,Band 3 (1800MHz),-82.3,-8.8,15.6,0.0,23.6,0.0
2026-07-22 01:00:00,HELS-008-3,HELS-008,Band 3 (1800MHz),-78.5,-7.0,20.6,4.2,7.2,65.1
2026-07-22 01:00:00,HELS-009-1,HELS-009,Band 1 (2100MHz),-86.0,-8.9,9.8,9.9,3.0,51.4
2026-07-22 01:00:00,HELS-009-2,HELS-009,Band 1 (2100MHz),-84.9,-10.1,5.8,10.5,16.7,10.4
2026-07-22 01:00:00,HELS-009-3,HELS-009,Band 1 (2100MHz),-84.3,-5.8,15.9,26.6,22.0,40.8
2026-07-22 01:00:00,HELS-010-1,HELS-010,Band 3 (1800MHz),-73.9,-8.2,15.3,0.0,0.0,19.9
2026-07-22 01:00:00,HELS-010-2,HELS-010,Band 3 (1800MHz),-81.1,-7.1,13.1,2.8,21.0,19.4
2026-07-22 01:00:00,HELS-010-3,HELS-010,Band 3 (1800MHz),-83.5,-8.1,10.9,6.2,0.0,0.0
2026-07-22 01:00:00,HELS-011-1,HELS-011,Band 1 (2100MHz),-81.4,-8.6,9.5,4.6,0.0,31.5
2026-07-22 01:00:00,HELS-011-2,HELS-011,Band 1 (2100MHz),-82.7,-6.0,12.8,0.0,13.5,51.5
2026-07-22 01:00:00,HELS-011-3,HELS-011,Band 1 (2100MHz),-83.9,-6.2,17.1,3.3,0.0,3.5
2026-07-22 01:00:00,HELS-012-1,HELS-012,Band 3 (1800MHz),-77.8,-5.6,15.7,15.3,1.0,2.6
2026-07-22 01:00:00,HELS-012-2,HELS-012,Band 3 (1800MHz),-97.0,-13.4,5.7,15.4,0.2,6.6
2026-07-22 01:00:00,HELS-012-3,HELS-012,Band 3 (1800MHz),-87.9,-9.2,20.4,23.9,8.2,59.5
2026-07-22 01:00:00,HELS-013-1,HELS-013,Band 1 (2100MHz),-78.0,-10.9,21.2,22.9,3.7,0.0
2026-07-22 01:00:00,HELS-013-2,HELS-013,Band 1 (2100MHz),-80.8,-10.6,13.4,2.1,19.7,5.0
2026-07-22 01:00:00,HELS-013-3,HELS-013,Band 1 (2100MHz),-86.7,-9.8,21.1,17.3,0.0,62.5
2026-07-22 01:00:00,HELS-014-1,HELS-014,Band 3 (1800MHz),-90.4,-10.5,15.1,12.8,19.6,14.4
2026-07-22 01:00:00,HELS-014-2,HELS-014,Band 3 (1800MHz),-84.5,-9.2,14.4,5.5,0.0,40.7
2026-07-22 01:00:00,HELS-014-3,HELS-014,Band 3 (1800MHz),-88.3,-5.0,16.6,14.4,25.3,13.5
2026-07-22 02:00:00,HELS-001-1,HELS-001,Band 1 (2100MHz),-81.9,-8.5,13.8,15.8,16.5,0.0
2026-07-22 02:00:00,HELS-001-2,HELS-001,Band 1 (2100MHz),-92.0,-9.5,-1.9,10.8,20.0,0.0
2026-07-22 02:00:00,HELS-001-3,HELS-001,Band 1 (2100MHz),-107.7,-10.3,1.9,25.0,5.5,4.4
2026-07-22 02:00:00,HELS-002-1,HELS-002,Band 3 (1800MHz),-84.7,-8.6,12.1,30.0,20.9,9.0
2026-07-22 02:00:00,HELS-002-2,HELS-002,Band 3 (1800MHz),-82.6,-5.8,10.7,19.2,4.6,62.0
2026-07-22 02:00:00,HELS-002-3,HELS-002,Band 3 (1800MHz),-83.4,-8.6,13.3,20.3,13.0,14.2
2026-07-22 02:00:00,HELS-003-1,HELS-003,Band 1 (2100MHz),-87.8,-9.3,5.2,2.4,3.3,25.5
2026-07-22 02:00:00,HELS-003-2,HELS-003,Band 1 (2100MHz),-82.9,-10.5,12.4,23.4,0.0,11.4
2026-07-22 02:00:00,HELS-003-3,HELS-003,Band 1 (2100MHz),-74.9,-4.1,8.4,27.0,0.0,28.9
2026-07-22 02:00:00,HELS-004-1,HELS-004,Band 3 (1800MHz),-81.9,-9.5,8.4,9.5,5.1,31.5
2026-07-22 02:00:00,HELS-004-2,HELS-004,Band 3 (1800MHz),-80.5,-7.5,12.7,1.2,12.0,47.2
2026-07-22 02:00:00,HELS-004-3,HELS-004,Band 3 (1800MHz),-83.9,-8.5,10.4,19.3,0.0,30.4
2026-07-22 02:00:00,HELS-005-1,HELS-005,Band 1 (2100MHz),-98.1,-12.8,8.2,8.9,0.0,0.0
2026-07-22 02:00:00,HELS-005-2,HELS-005,Band 1 (2100MHz),-83.6,-9.2,15.8,8.4,5.9,16.7
2026-07-22 02:00:00,HELS-005-3,HELS-005,Band 1 (2100MHz),-76.5,-10.7,9.4,9.4,22.8,19.2
2026-07-22 02:00:00,HELS-006-1,HELS-006,Band 3 (1800MHz),-81.3,-8.4,12.5,34.0,20.0,7.6
2026-07-22 02:00:00,HELS-006-2,HELS-006,Band 3 (1800MHz),-79.2,-7.6,19.0,0.0,12.5,4.6
2026-07-22 02:00:00,HELS-006-3,HELS-006,Band 3 (1800MHz),-92.7,-5.3,10.5,16.4,6.6,29.7
2026-07-22 02:00:00,HELS-007-1,HELS-007,Band 1 (2100MHz),-77.0,-9.0,11.1,19.8,1.2,48.1
2026-07-22 02:00:00,HELS-007-2,HELS-007,Band 1 (2100MHz),-85.2,-5.2,7.5,22.8,4.2,39.1
2026-07-22 02:00:00,HELS-007-3,HELS-007,Band 1 (2100MHz),-79.1,-7.4,9.6,18.4,9.1,15.2
2026-07-22 02:00:00,HELS-008-1,HELS-008,Band 3 (1800MHz),-80.1,-8.1,12.7,9.4,8.8,3.9
2026-07-22 02:00:00,HELS-008-2,HELS-008,Band 3 (1800MHz),-82.3,-9.1,13.0,14.2,0.0,1.8
2026-07-22 02:00:00,HELS-008-3,HELS-008,Band 3 (1800MHz),-84.7,-4.2,12.3,22.4,4.0,9.4
2026-07-22 02:00:00,HELS-009-1,HELS-009,Band 1 (2100MHz),-91.2,-7.6,6.0,14.0,6.6,51.7
2026-07-22 02:00:00,HELS-009-2,HELS-009,Band 1 (2100MHz),-83.8,-6.1,13.2,0.8,10.5,30.2
2026-07-22 02:00:00,HELS-009-3,HELS-009,Band 1 (2100MHz),-87.1,-8.4,15.9,24.3,5.5,0.0
2026-07-22 02:00:00,HELS-010-1,HELS-010,Band 3 (1800MHz),-86.3,-9.7,19.0,1.0,12.9,0.0
2026-07-22 02:00:00,HELS-010-2,HELS-010,Band 3 (1800MHz),-89.0,-9.2,19.1,18.0,8.1,40.2
2026-07-22 02:00:00,HELS-010-3,HELS-010,Band 3 (1800MHz),-85.8,-11.2,6.2,0.0,23.2,0.0
2026-07-22 02:00:00,HELS-011-1,HELS-011,Band 1 (2100MHz),-93.3,-10.7,4.5,11.0,0.0,22.5
2026-07-22 02:00:00,HELS-011-2,HELS-011,Band 1 (2100MHz),-86.5,-9.5,19.1,2.3,3.0,27.4
2026-07-22 02:00:00,HELS-011-3,HELS-011,Band 1 (2100MHz),-90.5,-8.4,15.6,20.7,0.7,7.6
2026-07-22 02:00:00,HELS-012-1,HELS-012,Band 3 (1800MHz),-84.1,-10.4,11.8,0.0,8.5,15.1
2026-07-22 02:00:00,HELS-012-2,HELS-012,Band 3 (1800MHz),-94.7,-11.4,-6.4,4.1,22.8,11.5
2026-07-22 02:00:00,HELS-012-3,HELS-012,Band 3 (1800MHz),-88.7,-8.0,7.4,12.5,1.4,31.3
2026-07-22 02:00:00,HELS-013-1,HELS-013,Band 1 (2100MHz),-85.3,-8.8,5.6,10.5,20.4,18.5
2026-07-22 02:00:00,HELS-013-2,HELS-013,Band 1 (2100MHz),-79.7,-8.6,5.3,42.5,0.0,10.1
2026-07-22 02:00:00,HELS-013-3,HELS-013,Band 1 (2100MHz),-85.2,-5.9,5.8,21.9,2.2,14.8
2026-07-22 02:00:00,HELS-014-1,HELS-014,Band 3 (1800MHz),-82.7,-9.6,5.4,34.5,16.7,12.3
2026-07-22 02:00:00,HELS-014-2,HELS-014,Band 3 (1800MHz),-84.9,-9.8,17.7,13.3,6.9,51.8
2026-07-22 02:00:00,HELS-014-3,HELS-014,Band 3 (1800MHz),-85.5,-4.9,4.6,7.7,0.3,0.0
2026-07-22 03:00:00,HELS-001-1,HELS-001,Band 1 (2100MHz),-80.6,-8.0,24.2,6.9,6.8,0.0
2026-07-22 03:00:00,HELS-001-2,HELS-001,Band 1 (2100MHz),-90.3,-15.5,4.2,4.4,11.2,7.0
2026-07-22 03:00:00,HELS-001-3,HELS-001,Band 1 (2100MHz),-93.3,-12.2,1.1,29.2,9.7,8.5
2026-07-22 03:00:00,HELS-002-1,HELS-002,Band 3 (1800MHz),-84.0,-7.8,7.9,8.6,6.1,17.2
2026-07-22 03:00:00,HELS-002-2,HELS-002,Band 3 (1800MHz),-79.3,-8.7,11.3,1.4,20.4,56.1
2026-07-22 03:00:00,HELS-002-3,HELS-002,Band 3 (1800MHz),-74.7,-8.8,9.0,0.0,24.4,56.4
2026-07-22 03:00:00,HELS-003-1,HELS-003,Band 1 (2100MHz),-74.3,-6.8,15.5,29.8,11.1,20.1
2026-07-22 03:00:00,HELS-003-2,HELS-003,Band 1 (2100MHz),-80.2,-8.0,16.6,6.1,6.4,0.0
2026-07-22 03:00:00,HELS-003-3,HELS-003,Band 1 (2100MHz),-87.8,-12.6,5.2,22.4,0.0,4.2
2026-07-22 03:00:00,HELS-004-1,HELS-004,Band 3 (1800MHz),-85.0,-8.1,12.2,7.1,0.0,13.4
2026-07-22 03:00:00,HELS-004-2,HELS-004,Band 3 (1800MHz),-82.1,-9.7,12.6,0.0,10.2,6.5
2026-07-22 03:00:00,HELS-004-3,HELS-004,Band 3 (1800MHz),-84.1,-7.9,17.2,0.0,11.5,13.8
2026-07-22 03:00:00,HELS-005-1,HELS-005,Band 1 (2100MHz),-101.5,-9.0,3.7,0.0,3.1,4.8
2026-07-22 03:00:00,HELS-005-2,HELS-005,Band 1 (2100MHz),-90.0,-8.6,5.1,8.4,3.5,68.5
2026-07-22 03:00:00,HELS-005-3,HELS-005,Band 1 (2100MHz),-83.5,-8.2,20.9,3.3,0.0,0.0
2026-07-22 03:00:00,HELS-006-1,HELS-006,Band 3 (1800MHz),-87.6,-11.9,13.7,5.6,23.9,0.0
2026-07-22 03:00:00,HELS-006-2,HELS-006,Band 3 (1800MHz),-86.2,-6.9,4.9,19.7,11.8,0.0
2026-07-22 03:00:00,HELS-006-3,HELS-006,Band 3 (1800MHz),-80.8,-5.9,18.7,4.7,10.3,40.9
2026-07-22 03:00:00,HELS-007-1,HELS-007,Band 1 (2100MHz),-78.7,-9.2,22.6,9.1,5.8,0.0
2026-07-22 03:00:00,HELS-007-2,HELS-007,Band 1 (2100MHz),-82.7,-9.9,9.0,0.0,0.0,0.0
2026-07-22 03:00:00,HELS-007-3,HELS-007,Band 1 (2100MHz),-79.9,-7.8,18.3,0.0,9.8,6.2
2026-07-22 03:00:00,HELS-008-1,HELS-008,Band 3 (1800MHz),-83.9,-11.9,5.5,19.6,2.8,22.0
2026-07-22 03:00:00,HELS-008-2,HELS-008,Band 3 (1800MHz),-79.0,-9.1,9.6,33.8,0.0,25.3
2026-07-22 03:00:00,HELS-008-3,HELS-008,Band 3 (1800MHz),-89.0,-9.6,19.0,5.8,0.0,41.8
2026-07-22 03:00:00,HELS-009-1,HELS-009,Band 1 (2100MHz),-94.0,-8.5,15.3,16.8,12.4,20.8
2026-07-22 03:00:00,HELS-009-2,HELS-009,Band 1 (2100MHz),-82.4,-5.6,3.8,22.1,5.2,0.0
2026-07-22 03:00:00,HELS-009-3,HELS-009,Band 1 (2100MHz),-86.5,-6.9,14.3,0.0,0.0,6.0
2026-07-22 03:00:00,HELS-010-1,HELS-010,Band 3 (1800MHz),-85.1,-6.3,12.2,0.0,6.6,8.2
2026-07-22 03:00:00,HELS-010-2,HELS-010,Band 3 (1800MHz),-85.0,-7.1,9.8,0.0,6.2,0.0
2026-07-22 03:00:00,HELS-010-3,HELS-010,Band 3 (1800MHz),-87.5,-4.4,10.2,7.6,9.1,0.0
2026-07-22 03:00:00,HELS-011-1,HELS-011,Band 1 (2100MHz),-82.5,-9.9,18.2,11.3,5.0,13.4
2026-07-22 03:00:00,HELS-011-2,HELS-011,Band 1 (2100MHz),-86.4,-8.4,16.0,0.0,5.7,3.7
2026-07-22 03:00:00,HELS-011-3,HELS-011,Band 1 (2100MHz),-89.3,-5.6,24.9,47.7,0.0,12.1
2026-07-22 03:00:00,HELS-012-1,HELS-012,Band 3 (1800MHz),-86.2,-10.5,13.0,6.2,0.0,19.1
2026-07-22 03:00:00,HELS-012-2,HELS-012,Band 3 (1800MHz),-101.5,-10.2,14.4,8.7,0.0,0.0
2026-07-22 03:00:00,HELS-012-3,HELS-012,Band 3 (1800MHz),-78.9,-8.4,7.7,7.6,17.6,11.3
2026-07-22 03:00:00,HELS-013-1,HELS-013,Band 1 (2100MHz),-84.0,-7.6,8.8,21.2,6.6,4.5
2026-07-22 03:00:00,HELS-013-2,HELS-013,Band 1 (2100MHz),-87.1,-10.1,11.2,31.9,4.9,21.4
2026-07-22 03:00:00,HELS-013-3,HELS-013,Band 1 (2100MHz),-81.3,-7.5,20.1,13.5,0.0,25.0
2026-07-22 03:00:00,HELS-014-1,HELS-014,Band 3 (1800MHz),-91.3,-8.4,9.2,6.0,14.6,23.9
2026-07-22 03:00:00,HELS-014-2,HELS-014,Band 3 (1800MHz),-86.6,-7.1,15.6,15.9,0.0,0.0
2026-07-22 03:00:00,HELS-014-3,HELS-014,Band 3 (1800MHz),-90.1,-10.5,15.9,0.0,2.3,2.0
2026-07-22 04:00:00,HELS-001-1,HELS-001,Band 1 (2100MHz),-76.0,-9.7,11.0,0.0,7.4,0.0
2026-07-22 04:00:00,HELS-001-2,HELS-001,Band 1 (2100MHz),-101.7,-7.6,2.5,11.2,0.0,19.1
2026-07-22 04:00:00,HELS-001-3,HELS-001,Band 1 (2100MHz),-102.9,-16.8,4.7,1.3,8.5,20.1
2026-07-22 04:00:00,HELS-002-1,HELS-002,Band 3 (1800MHz),-87.0,-8.1,13.6,17.1,22.3,44.5
2026-07-22 04:00:00,HELS-002-2,HELS-002,Band 3 (1800MHz),-82.9,-9.0,10.8,0.0,0.0,56.2
2026-07-22 04:00:00,HELS-002-3,HELS-002,Band 3 (1800MHz),-84.5,-9.0,15.8,2.3,8.4,12.7
2026-07-22 04:00:00,HELS-003-1,HELS-003,Band 1 (2100MHz),-91.1,-14.2,9.7,18.3,9.0,67.3
2026-07-22 04:00:00,HELS-003-2,HELS-003,Band 1 (2100MHz),-81.6,-8.2,2.1,0.0,9.2,31.2
2026-07-22 04:00:00,HELS-003-3,HELS-003,Band 1 (2100MHz),-90.1,-13.0,13.9,4.7,0.0,10.6
2026-07-22 04:00:00,HELS-004-1,HELS-004,Band 3 (1800MHz),-90.8,-7.2,12.3,20.6,16.6,9.3
2026-07-22 04:00:00,HELS-004-2,HELS-004,Band 3 (1800MHz),-84.0,-4.7,15.8,0.0,3.1,12.8
2026-07-22 04:00:00,HELS-004-3,HELS-004,Band 3 (1800MHz),-79.9,-9.6,15.0,12.0,16.9,16.8
2026-07-22 04:00:00,HELS-005-1,HELS-005,Band 1 (2100MHz),-97.4,-11.6,4.7,0.0,0.0,39.6
2026-07-22 04:00:00,HELS-005-2,HELS-005,Band 1 (2100MHz),-87.3,-6.3,14.3,23.9,9.8,0.0
2026-07-22 04:00:00,HELS-005-3,HELS-005,Band 1 (2100MHz),-86.4,-8.8,13.1,23.8,0.0,41.8
2026-07-22 04:00:00,HELS-006-1,HELS-006,Band 3 (1800MHz),-87.9,-10.6,10.3,0.0,12.9,20.7
2026-07-22 04:00:00,HELS-006-2,HELS-006,Band 3 (1800MHz),-84.6,-7.4,13.5,0.0,17.7,26.0
2026-07-22 04:00:00,HELS-006-3,HELS-006,Band 3 (1800MHz),-91.3,-7.3,8.3,1.4,8.1,11.7
2026-07-22 04:00:00,HELS-007-1,HELS-007,Band 1 (2100MHz),-76.9,-7.2,14.1,9.6,6.3,36.4
2026-07-22 04:00:00,HELS-007-2,HELS-007,Band 1 (2100MHz),-83.3,-5.0,12.2,48.7,12.2,0.0
2026-07-22 04:00:00,HELS-007-3,HELS-007,Band 1 (2100MHz),-85.5,-7.4,9.2,2.8,7.6,0.0
2026-07-22 04:00:00,HELS-008-1,HELS-008,Band 3 (1800MHz),-88.6,-7.9,7.4,7.2,6.5,14.4
2026-07-22 04:00:00,HELS-008-2,HELS-008,Band 3 (1800MHz),-85.1,-3.4,18.9,19.1,0.0,47.7
2026-07-22 04:00:00,HELS-008-3,HELS-008,Band 3 (1800MHz),-77.9,-11.1,9.3,23.4,14.0,0.0
2026-07-22 04:00:00,HELS-009-1,HELS-009,Band 1 (2100MHz),-86.4,-8.0,14.9,0.0,9.7,33.2
2026-07-22 04:00:00,HELS-009-2,HELS-009,Band 1 (2100MHz),-76.6,-7.7,7.6,3.8,0.6,0.0
2026-07-22 04:00:00,HELS-009-3,HELS-009,Band 1 (2100MHz),-79.0,-6.1,11.6,22.2,7.5,3.3
2026-07-22 04:00:00,HELS-010-1,HELS-010,Band 3 (1800MHz),-86.2,-11.1,17.3,9.4,9.7,0.0
2026-07-22 04:00:00,HELS-010-2,HELS-010,Band 3 (1800MHz),-84.8,-10.0,20.8,16.3,0.0,22.3
2026-07-22 04:00:00,HELS-010-3,HELS-010,Band 3 (1800MHz),-84.3,-11.4,21.6,0.0,11.7,20.6
2026-07-22 04:00:00,HELS-011-1,HELS-011,Band 1 (2100MHz),-90.1,-5.8,13.6,0.0,5.4,35.5
2026-07-22 04:00:00,HELS-011-2,HELS-011,Band 1 (2100MHz),-87.8,-5.4,12.0,25.9,0.0,36.8
2026-07-22 04:00:00,HELS-011-3,HELS-011,Band 1 (2100MHz),-83.4,-7.9,17.7,0.0,0.0,27.5
2026-07-22 04:00:00,HELS-012-1,HELS-012,Band 3 (1800MHz),-84.1,-9.6,13.5,11.7,18.7,18.9
2026-07-22 04:00:00,HELS-012-2,HELS-012,Band 3 (1800MHz),-88.7,-13.4,3.2,27.5,0.1,0.0
2026-07-22 04:00:00,HELS-012-3,HELS-012,Band 3 (1800MHz),-77.7,-9.1,0.3,5.2,1.8,14.2
2026-07-22 04:00:00,HELS-013-1,HELS-013,Band 1 (2100MHz),-83.4,-9.6,0.5,2.2,20.9,55.6
2026-07-22 04:00:00,HELS-013-2,HELS-013,Band 1 (2100MHz),-88.1,-10.5,13.1,0.0,9.9,2.9
2026-07-22 04:00:00,HELS-013-3,HELS-013,Band 1 (2100MHz),-75.4,-5.1,10.3,0.0,25.1,0.0
2026-07-22 04:00:00,HELS-014-1,HELS-014,Band 3 (1800MHz),-84.3,-7.7,10.6,7.6,19.2,68.3
2026-07-22 04:00:00,HELS-014-2,HELS-014,Band 3 (1800MHz),-88.5,-9.1,26.8,8.5,16.3,0.0
2026-07-22 04:00:00,HELS-014-3,HELS-014,Band 3 (1800MHz),-87.4,-4.7,12.8,27.0,0.0,0.0
2026-07-22 05:00:00,HELS-001-1,HELS-001,Band 1 (2100MHz),-77.9,-7.4,24.3,0.5,0.0,26.1
2026-07-22 05:00:00,HELS-001-2,HELS-001,Band 1 (2100MHz),-98.9,-10.0,6.4,10.5,10.5,3.3
2026-07-22 05:00:00,HELS-001-3,HELS-001,Band 1 (2100MHz),-97.5,-11.9,6.1,14.3,13.4,2.1
2026-07-22 05:00:00,HELS-002-1,HELS-002,Band 3 (1800MHz),-85.3,-6.1,9.5,6.3,26.3,33.2
2026-07-22 05:00:00,HELS-002-2,HELS-002,Band 3 (1800MHz),-85.8,-6.6,18.8,32.9,2.5,41.0
2026-07-22 05:00:00,HELS-002-3,HELS-002,Band 3 (1800MHz),-84.0,-10.3,8.8,15.1,36.0,30.9
2026-07-22 05:00:00,HELS-003-1,HELS-003,Band 1 (2100MHz),-85.5,-10.4,12.0,29.4,7.2,23.3
2026-07-22 05:00:00,HELS-003-2,HELS-003,Band 1 (2100MHz),-77.8,-4.4,16.5,8.7,19.7,6.9
2026-07-22 05:00:00,HELS-003-3,HELS-003,Band 1 (2100MHz),-86.4,-8.1,13.5,14.8,0.0,45.4
2026-07-22 05:00:00,HELS-004-1,HELS-004,Band 3 (1800MHz),-84.1,-10.5,17.8,17.5,0.9,0.0
2026-07-22 05:00:00,HELS-004-2,HELS-004,Band 3 (1800MHz),-78.2,-6.0,21.1,0.0,12.2,14.8
2026-07-22 05:00:00,HELS-004-3,HELS-004,Band 3 (1800MHz),-84.5,-9.6,16.9,28.7,21.0,21.3
2026-07-22 05:00:00,HELS-005-1,HELS-005,Band 1 (2100MHz),-102.4,-8.9,-5.0,0.0,1.6,23.5
2026-07-22 05:00:00,HELS-005-2,HELS-005,Band 1 (2100MHz),-79.9,-5.7,20.3,0.0,0.0,4.3
2026-07-22 05:00:00,HELS-005-3,HELS-005,Band 1 (2100MHz),-85.8,-7.3,17.1,0.0,5.2,7.5
2026-07-22 05:00:00,HELS-006-1,HELS-006,Band 3 (1800MHz),-82.3,-12.3,-1.2,12.5,0.0,38.2
2026-07-22 05:00:00,HELS-006-2,HELS-006,Band 3 (1800MHz),-81.0,-6.7,15.9,8.7,7.8,0.0
2026-07-22 05:00:00,HELS-006-3,HELS-006,Band 3 (1800MHz),-87.3,-8.0,13.7,12.6,4.5,0.0
2026-07-22 05:00:00,HELS-007-1,HELS-007,Band 1 (2100MHz),-79.9,-8.7,8.5,0.0,8.8,17.3
2026-07-22 05:00:00,HELS-007-2,HELS-007,Band 1 (2100MHz),-87.3,-8.3,13.2,14.3,0.0,40.5
2026-07-22 05:00:00,HELS-007-3,HELS-007,Band 1 (2100MHz),-87.1,-5.1,9.5,17.3,7.1,7.7
2026-07-22 05:00:00,HELS-008-1,HELS-008,Band 3 (1800MHz),-83.9,-8.8,16.3,5.1,0.0,48.3
2026-07-22 05:00:00,HELS-008-2,HELS-008,Band 3 (1800MHz),-84.0,-9.9,14.3,0.0,8.7,31.4
2026-07-22 05:00:00,HELS-008-3,HELS-008,Band 3 (1800MHz),-81.8,-9.8,13.9,8.5,9.0,16.3
2026-07-22 05:00:00,HELS-009-1,HELS-009,Band 1 (2100MHz),-86.4,-8.9,18.3,9.1,9.4,29.7
2026-07-22 05:00:00,HELS-009-2,HELS-009,Band 1 (2100MHz),-79.5,-8.4,19.9,14.1,1.3,4.7
2026-07-22 05:00:00,HELS-009-3,HELS-009,Band 1 (2100MHz),-89.7,-9.7,13.7,12.1,9.9,21.0
2026-07-22 05:00:00,HELS-010-1,HELS-010,Band 3 (1800MHz),-83.2,-6.7,16.0,0.0,3.6,10.0
2026-07-22 05:00:00,HELS-010-2,HELS-010,Band 3 (1800MHz),-77.1,-6.8,16.9,0.0,10.2,0.0
2026-07-22 05:00:00,HELS-010-3,HELS-010,Band 3 (1800MHz),-82.7,-9.4,19.4,4.3,17.3,27.1
2026-07-22 05:00:00,HELS-011-1,HELS-011,Band 1 (2100MHz),-87.3,-8.8,14.1,0.0,0.0,0.0
2026-07-22 05:00:00,HELS-011-2,HELS-011,Band 1 (2100MHz),-81.3,-5.3,9.8,0.0,7.6,20.3
2026-07-22 05:00:00,HELS-011-3,HELS-011,Band 1 (2100MHz),-87.8,-9.4,10.7,21.6,0.0,37.5
2026-07-22 05:00:00,HELS-012-1,HELS-012,Band 3 (1800MHz),-81.7,-8.6,20.6,16.5,0.0,15.2
2026-07-22 05:00:00,HELS-012-2,HELS-012,Band 3 (1800MHz),-99.8,-13.5,3.0,11.6,0.0,2.5
2026-07-22 05:00:00,HELS-012-3,HELS-012,Band 3 (1800MHz),-79.2,-5.0,11.7,15.2,1.5,34.8
2026-07-22 05:00:00,HELS-013-1,HELS-013,Band 1 (2100MHz),-86.8,-9.6,10.6,16.4,8.9,24.9
2026-07-22 05:00:00,HELS-013-2,HELS-013,Band 1 (2100MHz),-80.1,-11.7,19.8,5.3,16.5,0.0
2026-07-22 05:00:00,HELS-013-3,HELS-013,Band 1 (2100MHz),-78.4,-10.5,7.4,0.0,8.0,13.3
2026-07-22 05:00:00,HELS-014-1,HELS-014,Band 3 (1800MHz),-88.2,-6.5,19.7,7.8,3.0,28.1
2026-07-22 05:00:00,HELS-014-2,HELS-014,Band 3 (1800MHz),-84.7,-9.5,10.6,0.0,0.0,76.2
2026-07-22 05:00:00,HELS-014-3,HELS-014,Band 3 (1800MHz),-83.2,-7.9,6.3,10.8,0.0,67.1
2026-07-22 06:00:00,HELS-001-1,HELS-001,Band 1 (2100MHz),-87.8,-7.8,13.4,33.8,5.4,9.6
2026-07-22 06:00:00,HELS-001-2,HELS-001,Band 1 (2100MHz),-101.8,-14.2,0.6,27.0,14.8,0.0
2026-07-22 06:00:00,HELS-001-3,HELS-001,Band 1 (2100MHz),-100.6,-13.4,3.6,16.1,14.6,33.2
2026-07-22 06:00:00,HELS-002-1,HELS-002,Band 3 (1800MHz),-81.6,-10.9,8.1,17.3,10.5,0.0
2026-07-22 06:00:00,HELS-002-2,HELS-002,Band 3 (1800MHz),-82.6,-9.2,11.7,0.0,15.1,46.8
2026-07-22 06:00:00,HELS-002-3,HELS-002,Band 3 (1800MHz),-83.6,-10.3,20.1,47.0,2.3,0.0
2026-07-22 06:00:00,HELS-003-1,HELS-003,Band 1 (2100MHz),-78.6,-11.6,13.7,36.0,15.1,8.2
2026-07-22 06:00:00,HELS-003-2,HELS-003,Band 1 (2100MHz),-80.2,-11.3,8.9,29.3,9.1,0.0
2026-07-22 06:00:00,HELS-003-3,HELS-003,Band 1 (2100MHz),-81.8,-8.1,13.4,17.7,0.0,50.1
2026-07-22 06:00:00,HELS-004-1,HELS-004,Band 3 (1800MHz),-81.5,-7.2,9.9,12.3,10.3,58.5
2026-07-22 06:00:00,HELS-004-2,HELS-004,Band 3 (1800MHz),-80.2,-10.7,18.7,14.9,6.0,33.3
2026-07-22 06:00:00,HELS-004-3,HELS-004,Band 3 (1800MHz),-86.2,-9.5,10.9,32.9,11.4,2.8
2026-07-22 06:00:00,HELS-005-1,HELS-005,Band 1 (2100MHz),-100.3,-16.7,8.9,26.3,4.5,4.3
2026-07-22 06:00:00,HELS-005-2,HELS-005,Band 1 (2100MHz),-81.2,-13.0,11.2,30.9,8.7,64.2
2026-07-22 06:00:00,HELS-005-3,HELS-005,Band 1 (2100MHz),-84.5,-11.5,12.4,18.0,15.8,43.1
2026-07-22 06:00:00,HELS-006-1,HELS-006,Band 3 (1800MHz),-84.1,-10.8,19.5,11.5,0.0,33.8
2026-07-22 06:00:00,HELS-006-2,HELS-006,Band 3 (1800MHz),-76.0,-7.4,9.4,32.7,10.0,0.0
2026-07-22 06:00:00,HELS-006-3,HELS-006,Band 3 (1800MHz),-78.3,-10.9,16.7,8.3,14.9,38.3
2026-07-22 06:00:00,HELS-007-1,HELS-007,Band 1 (2100MHz),-86.0,-9.1,9.8,25.7,15.1,43.3
2026-07-22 06:00:00,HELS-007-2,HELS-007,Band 1 (2100MHz),-84.6,-8.5,7.3,19.5,18.9,35.2
2026-07-22 06:00:00,HELS-007-3,HELS-007,Band 1 (2100MHz),-82.4,-5.2,10.0,26.4,6.4,26.4
2026-07-22 06:00:00,HELS-008-1,HELS-008,Band 3 (1800MHz),-84.3,-11.9,13.5,13.7,6.7,59.7
2026-07-22 06:00:00,HELS-008-2,HELS-008,Band 3 (1800MHz),-87.9,-7.0,7.5,2.4,24.3,0.0
2026-07-22 06:00:00,HELS-008-3,HELS-008,Band 3 (1800MHz),-79.9,-9.0,15.1,3.2,12.7,7.6
2026-07-22 06:00:00,HELS-009-1,HELS-009,Band 1 (2100MHz),-83.8,-9.2,7.0,24.0,0.0,40.9
2026-07-22 06:00:00,HELS-009-2,HELS-009,Band 1 (2100MHz),-90.7,-8.4,13.2,25.8,11.7,81.5
2026-07-22 06:00:00,HELS-009-3,HELS-009,Band 1 (2100MHz),-82.8,-8.4,8.6,23.2,10.5,30.5
2026-07-22 06:00:00,HELS-010-1,HELS-010,Band 3 (1800MHz),-78.4,-6.0,10.4,0.0,7.2,61.5
2026-07-22 06:00:00,HELS-010-2,HELS-010,Band 3 (1800MHz),-79.8,-9.2,9.2,26.4,32.9,0.0
2026-07-22 06:00:00,HELS-010-3,HELS-010,Band 3 (1800MHz),-77.7,-4.7,22.5,25.3,5.1,28.6
2026-07-22 06:00:00,HELS-011-1,HELS-011,Band 1 (2100MHz),-80.8,-6.4,14.5,23.8,25.7,19.2
2026-07-22 06:00:00,HELS-011-2,HELS-011,Band 1 (2100MHz),-81.6,-6.6,8.5,43.9,11.8,15.3
2026-07-22 06:00:00,HELS-011-3,HELS-011,Band 1 (2100MHz),-84.6,-8.6,6.5,20.3,6.2,0.0
2026-07-22 06:00:00,HELS-012-1,HELS-012,Band 3 (1800MHz),-83.0,-9.8,12.6,13.7,22.9,38.9
2026-07-22 06:00:00,HELS-012-2,HELS-012,Band 3 (1800MHz),-96.6,-12.2,-0.5,9.5,16.1,20.3
2026-07-22 06:00:00,HELS-012-3,HELS-012,Band 3 (1800MHz),-88.1,-7.4,14.4,25.1,11.8,13.0
2026-07-22 06:00:00,HELS-013-1,HELS-013,Band 1 (2100MHz),-84.4,-8.1,11.7,24.7,18.8,51.2
2026-07-22 06:00:00,HELS-013-2,HELS-013,Band 1 (2100MHz),-85.0,-11.8,16.2,15.8,13.5,21.7
2026-07-22 06:00:00,HELS-013-3,HELS-013,Band 1 (2100MHz),-85.6,-12.6,18.2,17.5,3.0,35.9
2026-07-22 06:00:00,HELS-014-1,HELS-014,Band 3 (1800MHz),-84.5,-4.1,7.5,25.1,0.1,41.9
2026-07-22 06:00:00,HELS-014-2,HELS-014,Band 3 (1800MHz),-79.9,-6.7,18.1,34.0,22.1,80.2
2026-07-22 06:00:00,HELS-014-3,HELS-014,Band 3 (1800MHz),-89.8,-8.3,14.3,13.1,30.8,0.0
2026-07-22 07:00:00,HELS-001-1,HELS-001,Band 1 (2100MHz),-87.7,-10.2,15.0,62.3,16.5,108.7
2026-07-22 07:00:00,HELS-001-2,HELS-001,Band 1 (2100MHz),-96.8,-14.7,-3.5,76.2,50.1,102.9
2026-07-22 07:00:00,HELS-001-3,HELS-001,Band 1 (2100MHz),-98.3,-16.5,4.4,50.3,39.5,71.0
2026-07-22 07:00:00,HELS-002-1,HELS-002,Band 3 (1800MHz),-88.8,-8.3,13.8,71.5,37.1,117.7
2026-07-22 07:00:00,HELS-002-2,HELS-002,Band 3 (1800MHz),-85.6,-9.8,20.2,55.9,24.9,129.2
2026-07-22 07:00:00,HELS-002-3,HELS-002,Band 3 (1800MHz),-89.7,-12.0,11.5,73.9,43.6,143.8
2026-07-22 07:00:00,HELS-003-1,HELS-003,Band 1 (2100MHz),-84.0,-12.7,20.4,53.0,32.4,71.9
2026-07-22 07:00:00,HELS-003-2,HELS-003,Band 1 (2100MHz),-84.1,-12.5,11.8,73.7,40.2,102.9
2026-07-22 07:00:00,HELS-003-3,HELS-003,Band 1 (2100MHz),-83.8,-13.7,10.7,68.9,41.9,92.7
2026-07-22 07:00:00,HELS-004-1,HELS-004,Band 3 (1800MHz),-83.2,-12.5,10.4,63.2,53.5,100.4
2026-07-22 07:00:00,HELS-004-2,HELS-004,Band 3 (1800MHz),-90.9,-11.2,15.4,38.5,24.2,116.9
2026-07-22 07:00:00,HELS-004-3,HELS-004,Band 3 (1800MHz),-81.3,-11.6,19.7,50.1,26.6,110.3
2026-07-22 07:00:00,HELS-005-1,HELS-005,Band 1 (2100MHz),-94.2,-14.0,-6.5,73.6,33.6,101.9
2026-07-22 07:00:00,HELS-005-2,HELS-005,Band 1 (2100MHz),-80.4,-15.3,14.0,74.0,48.3,110.1
2026-07-22 07:00:00,HELS-005-3,HELS-005,Band 1 (2100MHz),-92.6,-15.2,5.3,66.8,24.2,129.3
2026-07-22 07:00:00,HELS-006-1,HELS-006,Band 3 (1800MHz),-80.1,-9.6,19.1,64.6,22.6,78.3
2026-07-22 07:00:00,HELS-006-2,HELS-006,Band 3 (1800MHz),-79.2,-10.9,11.7,53.5,37.7,106.5
2026-07-22 07:00:00,HELS-006-3,HELS-006,Band 3 (1800MHz),-81.8,-13.3,16.4,77.4,48.4,109.4
2026-07-22 07:00:00,HELS-007-1,HELS-007,Band 1 (2100MHz),-78.9,-8.9,14.3,82.8,37.0,105.4
2026-07-22 07:00:00,HELS-007-2,HELS-007,Band 1 (2100MHz),-83.4,-9.2,13.1,65.6,39.4,122.8
2026-07-22 07:00:00,HELS-007-3,HELS-007,Band 1 (2100MHz),-87.4,-9.6,12.4,57.3,36.1,66.3
2026-07-22 07:00:00,HELS-008-1,HELS-008,Band 3 (1800MHz),-88.9,-15.6,21.6,66.1,30.8,87.6
2026-07-22 07:00:00,HELS-008-2,HELS-008,Band 3 (1800MHz),-86.7,-9.4,15.8,74.3,30.6,108.2
2026-07-22 07:00:00,HELS-008-3,HELS-008,Band 3 (1800MHz),-80.6,-8.4,16.3,67.1,24.2,123.9
2026-07-22 07:00:00,HELS-009-1,HELS-009,Band 1 (2100MHz),-81.1,-10.1,9.8,74.6,47.8,77.0
2026-07-22 07:00:00,HELS-009-2,HELS-009,Band 1 (2100MHz),-80.3,-11.0,6.1,62.0,29.8,108.4
2026-07-22 07:00:00,HELS-009-3,HELS-009,Band 1 (2100MHz),-83.2,-12.6,16.4,80.6,60.3,92.8
2026-07-22 07:00:00,HELS-010-1,HELS-010,Band 3 (1800MHz),-85.2,-15.0,10.4,91.3,22.9,100.3
2026-07-22 07:00:00,HELS-010-2,HELS-010,Band 3 (1800MHz),-85.9,-7.6,11.6,60.8,37.6,91.5
2026-07-22 07:00:00,HELS-010-3,HELS-010,Band 3 (1800MHz),-74.6,-11.6,15.9,60.1,17.4,91.7
2026-07-22 07:00:00,HELS-011-1,HELS-011,Band 1 (2100MHz),-85.5,-9.2,9.4,72.8,29.9,133.9
2026-07-22 07:00:00,HELS-011-2,HELS-011,Band 1 (2100MHz),-86.4,-11.7,15.2,65.3,40.6,123.2
2026-07-22 07:00:00,HELS-011-3,HELS-011,Band 1 (2100MHz),-74.1,-9.8,12.8,61.1,32.5,104.4
2026-07-22 07:00:00,HELS-012-1,HELS-012,Band 3 (1800MHz),-88.4,-11.8,16.2,75.3,29.5,133.9
2026-07-22 07:00:00,HELS-012-2,HELS-012,Band 3 (1800MHz),-100.1,-15.1,6.8,66.8,48.1,101.7
2026-07-22 07:00:00,HELS-012-3,HELS-012,Band 3 (1800MHz),-80.1,-10.8,18.0,39.8,30.4,78.6
2026-07-22 07:00:00,HELS-013-1,HELS-013,Band 1 (2100MHz),-89.0,-11.2,18.0,43.3,37.2,112.1
2026-07-22 07:00:00,HELS-013-2,HELS-013,Band 1 (2100MHz),-85.9,-11.2,14.2,36.9,34.2,68.7
2026-07-22 07:00:00,HELS-013-3,HELS-013,Band 1 (2100MHz),-85.3,-10.0,12.8,67.2,44.9,95.6
2026-07-22 07:00:00,HELS-014-1,HELS-014,Band 3 (1800MHz),-88.1,-11.4,15.5,71.9,47.1,63.6
2026-07-22 07:00:00,HELS-014-2,HELS-014,Band 3 (1800MHz),-85.6,-9.7,13.5,55.0,52.7,97.7
2026-07-22 07:00:00,HELS-014-3,HELS-014,Band 3 (1800MHz),-87.2,-14.5,15.1,58.7,49.5,120.0
2026-07-22 08:00:00,HELS-001-1,HELS-001,Band 1 (2100MHz),-79.1,-11.2,18.3,65.5,56.7,144.7
2026-07-22 08:00:00,HELS-001-2,HELS-001,Band 1 (2100MHz),-95.6,-20.1,2.2,90.2,46.8,127.0
2026-07-22 08:00:00,HELS-001-3,HELS-001,Band 1 (2100MHz),-100.9,-19.1,5.3,92.2,46.2,117.2
2026-07-22 08:00:00,HELS-002-1,HELS-002,Band 3 (1800MHz),-86.7,-16.2,6.4,76.4,60.5,95.4
2026-07-22 08:00:00,HELS-002-2,HELS-002,Band 3 (1800MHz),-82.5,-11.4,20.2,87.2,38.1,130.6
2026-07-22 08:00:00,HELS-002-3,HELS-002,Band 3 (1800MHz),-76.1,-12.5,9.9,78.0,37.5,153.2
2026-07-22 08:00:00,HELS-003-1,HELS-003,Band 1 (2100MHz),-86.2,-13.1,10.1,75.6,51.9,112.5
2026-07-22 08:00:00,HELS-003-2,HELS-003,Band 1 (2100MHz),-88.5,-13.4,12.2,82.2,71.9,140.1
2026-07-22 08:00:00,HELS-003-3,HELS-003,Band 1 (2100MHz),-83.6,-12.6,8.4,73.5,46.3,151.5
2026-07-22 08:00:00,HELS-004-1,HELS-004,Band 3 (1800MHz),-89.5,-10.9,3.5,96.3,40.7,157.9
2026-07-22 08:00:00,HELS-004-2,HELS-004,Band 3 (1800MHz),-87.0,-10.4,15.4,100.0,38.8,142.9
2026-07-22 08:00:00,HELS-004-3,HELS-004,Band 3 (1800MHz),-86.2,-10.0,14.7,62.7,61.5,103.9
2026-07-22 08:00:00,HELS-005-1,HELS-005,Band 1 (2100MHz),-94.6,-19.1,5.0,94.7,33.6,186.4
2026-07-22 08:00:00,HELS-005-2,HELS-005,Band 1 (2100MHz),-83.3,-14.6,14.8,67.9,51.2,142.5
2026-07-22 08:00:00,HELS-005-3,HELS-005,Band 1 (2100MHz),-84.1,-12.1,8.0,75.6,43.9,105.1
2026-07-22 08:00:00,HELS-006-1,HELS-006,Band 3 (1800MHz),-86.0,-12.5,16.0,76.1,48.7,154.1
2026-07-22 08:00:00,HELS-006-2,HELS-006,Band 3 (1800MHz),-87.1,-12.5,11.4,79.3,62.5,160.3
2026-07-22 08:00:00,HELS-006-3,HELS-006,Band 3 (1800MHz),-82.8,-11.7,13.4,90.0,46.1,143.3
2026-07-22 08:00:00,HELS-007-1,HELS-007,Band 1 (2100MHz),-77.8,-13.4,16.6,91.7,56.1,151.7
2026-07-22 08:00:00,HELS-007-2,HELS-007,Band 1 (2100MHz),-89.5,-11.4,11.5,80.6,45.4,113.0
2026-07-22 08:00:00,HELS-007-3,HELS-007,Band 1 (2100MHz),-85.6,-12.0,8.1,77.7,31.1,113.5
2026-07-22 08:00:00,HELS-008-1,HELS-008,Band 3 (1800MHz),-83.5,-11.8,14.5,66.3,43.0,90.6
2026-07-22 08:00:00,HELS-008-2,HELS-008,Band 3 (1800MHz),-83.7,-10.1,10.2,73.2,43.9,102.7
2026-07-22 08:00:00,HELS-008-3,HELS-008,Band 3 (1800MHz),-83.0,-11.4,13.3,64.8,42.7,133.7
2026-07-22 08:00:00,HELS-009-1,HELS-009,Band 1 (2100MHz),-84.5,-9.9,15.0,69.6,36.7,72.6
2026-07-22 08:00:00,HELS-009-2,HELS-009,Band 1 (2100MHz),-89.9,-13.4,14.9,54.0,54.2,117.4
2026-07-22 08:00:00,HELS-009-3,HELS-009,Band 1 (2100MHz),-82.9,-10.6,9.8,77.2,46.7,130.3
2026-07-22 08:00:00,HELS-010-1,HELS-010,Band 3 (1800MHz),-85.6,-16.4,15.9,69.7,55.1,125.0
2026-07-22 08:00:00,HELS-010-2,HELS-010,Band 3 (1800MHz),-79.7,-12.9,6.5,82.1,58.2,178.6
2026-07-22 08:00:00,HELS-010-3,HELS-010,Band 3 (1800MHz),-83.2,-10.5,20.3,96.9,49.2,74.7
2026-07-22 08:00:00,HELS-011-1,HELS-011,Band 1 (2100MHz),-80.5,-12.0,10.9,84.2,49.2,116.0
2026-07-22 08:00:00,HELS-011-2,HELS-011,Band 1 (2100MHz),-89.1,-11.2,15.0,54.9,55.1,114.0
2026-07-22 08:00:00,HELS-011-3,HELS-011,Band 1 (2100MHz),-83.1,-10.5,6.7,97.0,47.5,142.8
2026-07-22 08:00:00,HELS-012-1,HELS-012,Band 3 (1800MHz),-83.9,-12.5,7.9,83.3,46.0,102.3
2026-07-22 08:00:00,HELS-012-2,HELS-012,Band 3 (1800MHz),-96.9,-15.8,6.3,63.4,52.8,119.7
2026-07-22 08:00:00,HELS-012-3,HELS-012,Band 3 (1800MHz),-81.8,-9.9,18.8,90.0,47.3,151.7
2026-07-22 08:00:00,HELS-013-1,HELS-013,Band 1 (2100MHz),-84.0,-9.0,10.7,83.0,59.0,123.1
2026-07-22 08:00:00,HELS-013-2,HELS-013,Band 1 (2100MHz),-78.1,-11.7,12.3,62.1,75.6,136.1
2026-07-22 08:00:00,HELS-013-3,HELS-013,Band 1 (2100MHz),-77.2,-12.3,8.0,85.1,58.3,132.1
2026-07-22 08:00:00,HELS-014-1,HELS-014,Band 3 (1800MHz),-81.1,-12.7,14.3,85.8,37.9,154.1
2026-07-22 08:00:00,HELS-014-2,HELS-014,Band 3 (1800MHz),-83.2,-15.6,15.9,72.3,43.7,142.4
2026-07-22 08:00:00,HELS-014-3,HELS-014,Band 3 (1800MHz),-87.1,-12.3,9.8,54.5,44.1,132.9
2026-07-22 09:00:00,HELS-001-1,HELS-001,Band 1 (2100MHz),-87.2,-9.6,12.0,67.4,49.5,142.3
2026-07-22 09:00:00,HELS-001-2,HELS-001,Band 1 (2100MHz),-100.8,-17.7,4.3,61.6,43.7,115.6
2026-07-22 09:00:00,HELS-001-3,HELS-001,Band 1 (2100MHz),-100.1,-10.9,1.3,79.2,60.9,86.0
2026-07-22 09:00:00,HELS-002-1,HELS-002,Band 3 (1800MHz),-83.1,-10.3,17.6,76.7,56.6,105.7
2026-07-22 09:00:00,HELS-002-2,HELS-002,Band 3 (1800MHz),-84.2,-11.1,9.4,58.9,40.8,89.7
2026-07-22 09:00:00,HELS-002-3,HELS-002,Band 3 (1800MHz),-89.4,-13.3,15.8,56.0,37.3,100.0
2026-07-22 09:00:00,HELS-003-1,HELS-003,Band 1 (2100MHz),-89.4,-13.3,10.9,50.4,48.7,92.1
2026-07-22 09:00:00,HELS-003-2,HELS-003,Band 1 (2100MHz),-79.7,-9.3,7.7,58.4,44.7,128.8
2026-07-22 09:00:00,HELS-003-3,HELS-003,Band 1 (2100MHz),-82.3,-9.0,6.5,68.9,29.9,118.4
2026-07-22 09:00:00,HELS-004-1,HELS-004,Band 3 (1800MHz),-86.0,-9.0,18.7,46.9,24.7,100.6
2026-07-22 09:00:00,HELS-004-2,HELS-004,Band 3 (1800MHz),-79.7,-13.3,12.7,50.5,44.4,76.5
2026-07-22 09:00:00,HELS-004-3,HELS-004,Band 3 (1800MHz),-80.6,-13.4,15.8,52.4,35.0,105.2
2026-07-22 09:00:00,HELS-005-1,HELS-005,Band 1 (2100MHz),-97.1,-17.4,6.1,60.2,35.9,109.6
2026-07-22 09:00:00,HELS-005-2,HELS-005,Band 1 (2100MHz),-85.8,-11.7,15.6,49.9,41.9,91.3
2026-07-22 09:00:00,HELS-005-3,HELS-005,Band 1 (2100MHz),-86.0,-10.8,10.5,64.7,23.6,115.8
2026-07-22 09:00:00,HELS-006-1,HELS-006,Band 3 (1800MHz),-88.2,-12.6,9.1,61.4,35.4,59.4
2026-07-22 09:00:00,HELS-006-2,HELS-006,Band 3 (1800MHz),-86.5,-9.0,11.9,45.5,27.0,75.5
2026-07-22 09:00:00,HELS-006-3,HELS-006,Band 3 (1800MHz),-81.3,-9.6,15.6,62.5,34.0,86.1
2026-07-22 09:00:00,HELS-007-1,HELS-007,Band 1 (2100MHz),-84.4,-9.5,18.2,49.1,37.0,95.3
2026-07-22 09:00:00,HELS-007-2,HELS-007,Band 1 (2100MHz),-92.8,-8.9,18.4,88.4,27.5,89.2
2026-07-22 09:00:00,HELS-007-3,HELS-007,Band 1 (2100MHz),-81.8,-8.6,21.2,68.8,32.9,93.1
2026-07-22 09:00:00,HELS-008-1,HELS-008,Band 3 (1800MHz),-87.6,-12.7,10.5,59.0,36.8,96.7
2026-07-22 09:00:00,HELS-008-2,HELS-008,Band 3 (1800MHz),-86.8,-10.9,6.7,54.5,21.1,120.1
2026-07-22 09:00:00,HELS-008-3,HELS-008,Band 3 (1800MHz),-82.0,-10.0,17.2,88.6,23.9,132.5
2026-07-22 09:00:00,HELS-009-1,HELS-009,Band 1 (2100MHz),-88.0,-14.0,12.5,71.7,48.6,130.9
2026-07-22 09:00:00,HELS-009-2,HELS-009,Band 1 (2100MHz),-88.4,-9.1,13.6,89.5,23.8,111.2
2026-07-22 09:00:00,HELS-009-3,HELS-009,Band 1 (2100MHz),-87.9,-7.0,1.0,54.8,25.1,130.6
2026-07-22 09:00:00,HELS-010-1,HELS-010,Band 3 (1800MHz),-79.0,-8.7,5.8,76.0,41.1,90.7
2026-07-22 09:00:00,HELS-010-2,HELS-010,Band 3 (1800MHz),-80.4,-11.8,18.3,55.1,42.1,104.8
2026-07-22 09:00:00,HELS-010-3,HELS-010,Band 3 (1800MHz),-85.2,-6.6,15.0,71.9,41.4,138.9
2026-07-22 09:00:00,HELS-011-1,HELS-011,Band 1 (2100MHz),-74.6,-8.9,7.9,63.8,42.0,65.5
2026-07-22 09:00:00,HELS-011-2,HELS-011,Band 1 (2100MHz),-83.4,-12.1,7.1,55.9,32.0,123.1
2026-07-22 09:00:00,HELS-011-3,HELS-011,Band 1 (2100MHz),-84.6,-9.3,24.1,77.0,34.8,76.2
2026-07-22 09:00:00,HELS-012-1,HELS-012,Band 3 (1800MHz),-89.7,-8.6,11.1,59.5,36.5,152.9
2026-07-22 09:00:00,HELS-012-2,HELS-012,Band 3 (1800MHz),-96.8,-11.3,-4.5,60.1,30.4,117.7
2026-07-22 09:00:00,HELS-012-3,HELS-012,Band 3 (1800MHz),-87.1,-12.3,12.7,54.5,41.2,138.2
2026-07-22 09:00:00,HELS-013-1,HELS-013,Band 1 (2100MHz),-80.0,-12.4,21.6,63.7,35.9,93.3
2026-07-22 09:00:00,HELS-013-2,HELS-013,Band 1 (2100MHz),-80.3,-13.1,-0.7,40.8,42.9,102.8
2026-07-22 09:00:00,HELS-013-3,HELS-013,Band 1 (2100MHz),-82.1,-9.1,10.0,68.8,28.5,61.0
2026-07-22 09:00:00,HELS-014-1,HELS-014,Band 3 (1800MHz),-77.0,-11.4,12.1,49.7,35.1,94.2
2026-07-22 09:00:00,HELS-014-2,HELS-014,Band 3 (1800MHz),-82.2,-12.7,6.4,84.9,33.9,117.7
2026-07-22 09:00:00,HELS-014-3,HELS-014,Band 3 (1800MHz),-86.8,-10.4,14.9,63.0,36.4,83.2
2026-07-22 10:00:00,HELS-001-1,HELS-001,Band 1 (2100MHz),-78.1,-9.6,10.4,0.0,15.1,44.4
2026-07-22 10:00:00,HELS-001-2,HELS-001,Band 1 (2100MHz),-98.1,-12.9,-3.9,16.7,17.3,49.0
2026-07-22 10:00:00,HELS-001-3,HELS-001,Band 1 (2100MHz),-101.0,-11.0,-4.6,23.3,0.0,19.7
2026-07-22 10:00:00,HELS-002-1,HELS-002,Band 3 (1800MHz),-86.0,-9.9,8.7,10.2,13.9,51.9
2026-07-22 10:00:00,HELS-002-2,HELS-002,Band 3 (1800MHz),-86.6,-9.9,13.9,11.2,11.9,14.2
2026-07-22 10:00:00,HELS-002-3,HELS-002,Band 3 (1800MHz),-85.9,-9.4,18.5,17.2,6.3,28.0
2026-07-22 10:00:00,HELS-003-1,HELS-003,Band 1 (2100MHz),-82.0,-6.2,12.9,25.4,11.5,0.0
2026-07-22 10:00:00,HELS-003-2,HELS-003,Band 1 (2100MHz),-81.5,-9.5,5.6,21.0,20.0,59.8
2026-07-22 10:00:00,HELS-003-3,HELS-003,Band 1 (2100MHz),-79.5,-9.0,3.3,58.4,12.5,50.2
2026-07-22 10:00:00,HELS-004-1,HELS-004,Band 3 (1800MHz),-83.8,-8.4,8.7,22.2,0.0,46.2
2026-07-22 10:00:00,HELS-004-2,HELS-004,Band 3 (1800MHz),-80.3,-5.7,13.5,20.9,4.9,54.4
2026-07-22 10:00:00,HELS-004-3,HELS-004,Band 3 (1800MHz),-84.4,-9.7,23.5,18.3,13.3,36.3
2026-07-22 10:00:00,HELS-005-1,HELS-005,Band 1 (2100MHz),-89.3,-14.3,-2.2,36.9,3.1,14.2
2026-07-22 10:00:00,HELS-005-2,HELS-005,Band 1 (2100MHz),-83.5,-8.1,7.9,20.9,1.1,35.6
2026-07-22 10:00:00,HELS-005-3,HELS-005,Band 1 (2100MHz),-82.6,-10.5,7.4,19.4,27.5,21.5
2026-07-22 10:00:00,HELS-006-1,HELS-006,Band 3 (1800MHz),-83.1,-9.2,18.9,35.8,2.7,23.2
2026-07-22 10:00:00,HELS-006-2,HELS-006,Band 3 (1800MHz),-89.7,-7.3,14.2,4.3,10.9,66.1
2026-07-22 10:00:00,HELS-006-3,HELS-006,Band 3 (1800MHz),-80.7,-10.3,11.1,38.6,9.8,11.5
2026-07-22 10:00:00,HELS-007-1,HELS-007,Band 1 (2100MHz),-82.6,-11.5,5.9,23.6,2.7,49.7
2026-07-22 10:00:00,HELS-007-2,HELS-007,Band 1 (2100MHz),-90.6,-6.3,16.7,11.5,0.0,12.0
2026-07-22 10:00:00,HELS-007-3,HELS-007,Band 1 (2100MHz),-81.9,-9.1,20.3,28.7,0.0,47.6
2026-07-22 10:00:00,HELS-008-1,HELS-008,Band 3 (1800MHz),-82.4,-7.4,9.1,38.9,7.4,44.5
2026-07-22 10:00:00,HELS-008-2,HELS-008,Band 3 (1800MHz),-83.2,-10.3,19.2,16.7,3.7,28.3
2026-07-22 10:00:00,HELS-008-3,HELS-008,Band 3 (1800MHz),-80.9,-14.4,7.8,32.1,25.1,38.2
2026-07-22 10:00:00,HELS-009-1,HELS-009,Band 1 (2100MHz),-83.2,-9.3,9.6,23.1,4.7,64.9
2026-07-22 10:00:00,HELS-009-2,HELS-009,Band 1 (2100MHz),-76.9,-9.1,9.1,30.1,16.6,45.1
2026-07-22 10:00:00,HELS-009-3,HELS-009,Band 1 (2100MHz),-85.8,-11.5,14.8,23.0,15.8,56.2
2026-07-22 10:00:00,HELS-010-1,HELS-010,Band 3 (1800MHz),-85.7,-7.3,5.8,11.3,11.5,49.0
2026-07-22 10:00:00,HELS-010-2,HELS-010,Band 3 (1800MHz),-82.9,-10.1,10.7,15.9,8.0,35.3
2026-07-22 10:00:00,HELS-010-3,HELS-010,Band 3 (1800MHz),-86.5,-11.2,16.3,20.8,0.0,37.9
2026-07-22 10:00:00,HELS-011-1,HELS-011,Band 1 (2100MHz),-83.0,-6.5,9.4,11.4,17.1,56.9
2026-07-22 10:00:00,HELS-011-2,HELS-011,Band 1 (2100MHz),-88.1,-6.4,9.3,21.1,0.0,81.8
2026-07-22 10:00:00,HELS-011-3,HELS-011,Band 1 (2100MHz),-89.2,-9.7,16.6,19.3,13.6,0.0
2026-07-22 10:00:00,HELS-012-1,HELS-012,Band 3 (1800MHz),-87.9,-6.9,15.0,29.4,23.0,37.1
2026-07-22 10:00:00,HELS-012-2,HELS-012,Band 3 (1800MHz),-100.9,-11.3,6.7,15.7,19.2,48.9
2026-07-22 10:00:00,HELS-012-3,HELS-012,Band 3 (1800MHz),-85.3,-9.7,15.8,19.8,11.8,32.5
2026-07-22 10:00:00,HELS-013-1,HELS-013,Band 1 (2100MHz),-77.6,-7.3,11.7,25.4,15.3,25.9
2026-07-22 10:00:00,HELS-013-2,HELS-013,Band 1 (2100MHz),-80.7,-9.3,21.3,20.7,26.4,22.8
2026-07-22 10:00:00,HELS-013-3,HELS-013,Band 1 (2100MHz),-93.3,-10.0,16.8,44.5,5.9,28.0
2026-07-22 10:00:00,HELS-014-1,HELS-014,Band 3 (1800MHz),-86.5,-6.1,13.1,4.8,1.3,48.7
2026-07-22 10:00:00,HELS-014-2,HELS-014,Band 3 (1800MHz),-88.6,-13.1,17.0,0.0,2.4,22.1
2026-07-22 10:00:00,HELS-014-3,HELS-014,Band 3 (1800MHz),-83.7,-10.1,12.5,5.3,4.0,9.0
2026-07-22 11:00:00,HELS-001-1,HELS-001,Band 1 (2100MHz),-80.0,-8.2,11.6,82.3,52.6,134.0
2026-07-22 11:00:00,HELS-001-2,HELS-001,Band 1 (2100MHz),-96.8,-15.3,5.1,49.2,9.9,62.5
2026-07-22 11:00:00,HELS-001-3,HELS-001,Band 1 (2100MHz),-99.3,-16.7,-3.3,61.0,12.9,80.2
2026-07-22 11:00:00,HELS-002-1,HELS-002,Band 3 (1800MHz),-88.4,-12.7,25.7,50.0,20.0,117.2
2026-07-22 11:00:00,HELS-002-2,HELS-002,Band 3 (1800MHz),-86.0,-7.8,12.5,69.5,30.6,103.1
2026-07-22 11:00:00,HELS-002-3,HELS-002,Band 3 (1800MHz),-89.8,-12.7,11.9,38.8,31.6,111.5
2026-07-22 11:00:00,HELS-003-1,HELS-003,Band 1 (2100MHz),-87.2,-9.3,7.9,47.0,35.9,84.2
2026-07-22 11:00:00,HELS-003-2,HELS-003,Band 1 (2100MHz),-79.9,-6.9,8.7,54.7,28.8,93.4
2026-07-22 11:00:00,HELS-003-3,HELS-003,Band 1 (2100MHz),-84.9,-10.8,13.9,67.0,28.0,74.3
2026-07-22 11:00:00,HELS-004-1,HELS-004,Band 3 (1800MHz),-77.2,-13.5,20.0,58.6,23.6,79.5
2026-07-22 11:00:00,HELS-004-2,HELS-004,Band 3 (1800MHz),-81.9,-10.9,15.7,38.3,43.9,93.3
2026-07-22 11:00:00,HELS-004-3,HELS-004,Band 3 (1800MHz),-77.9,-8.4,20.9,57.1,20.8,81.5
2026-07-22 11:00:00,HELS-005-1,HELS-005,Band 1 (2100MHz),-98.6,-17.8,6.1,62.1,26.2,114.5
2026-07-22 11:00:00,HELS-005-2,HELS-005,Band 1 (2100MHz),-82.5,-9.2,4.3,55.5,50.9,111.9
2026-07-22 11:00:00,HELS-005-3,HELS-005,Band 1 (2100MHz),-87.9,-8.3,11.7,46.0,28.8,103.1
2026-07-22 11:00:00,HELS-006-1,HELS-006,Band 3 (1800MHz),-79.8,-9.0,12.7,51.2,25.3,134.7
2026-07-22 11:00:00,HELS-006-2,HELS-006,Band 3 (1800MHz),-82.0,-8.7,6.1,54.5,51.4,80.4
2026-07-22 11:00:00,HELS-006-3,HELS-006,Band 3 (1800MHz),-88.1,-7.6,11.4,62.7,42.0,108.5
2026-07-22 11:00:00,HELS-007-1,HELS-007,Band 1 (2100MHz),-84.2,-9.4,14.2,63.3,17.3,123.7
2026-07-22 11:00:00,HELS-007-2,HELS-007,Band 1 (2100MHz),-86.6,-8.7,10.1,68.2,36.7,101.8
2026-07-22 11:00:00,HELS-007-3,HELS-007,Band 1 (2100MHz),-88.2,-9.8,6.4,65.1,37.9,120.1
2026-07-22 11:00:00,HELS-008-1,HELS-008,Band 3 (1800MHz),-84.2,-11.4,11.9,32.5,40.3,64.6
2026-07-22 11:00:00,HELS-008-2,HELS-008,Band 3 (1800MHz),-76.1,-13.5,7.2,53.9,23.9,102.2
2026-07-22 11:00:00,HELS-008-3,HELS-008,Band 3 (1800MHz),-83.7,-11.6,26.6,46.0,25.6,91.7
2026-07-22 11:00:00,HELS-009-1,HELS-009,Band 1 (2100MHz),-85.0,-10.3,13.6,42.5,42.9,88.8
2026-07-22 11:00:00,HELS-009-2,HELS-009,Band 1 (2100MHz),-85.0,-11.6,7.8,54.8,36.3,119.2
2026-07-22 11:00:00,HELS-009-3,HELS-009,Band 1 (2100MHz),-88.3,-10.6,-0.8,79.1,30.2,105.1
2026-07-22 11:00:00,HELS-010-1,HELS-010,Band 3 (1800MHz),-82.7,-7.8,13.7,33.1,29.9,130.4
2026-07-22 11:00:00,HELS-010-2,HELS-010,Band 3 (1800MHz),-86.6,-13.2,6.1,62.3,23.4,84.5
2026-07-22 11:00:00,HELS-010-3,HELS-010,Band 3 (1800MHz),-91.5,-10.2,13.5,53.2,40.2,104.6
2026-07-22 11:00:00,HELS-011-1,HELS-011,Band 1 (2100MHz),-81.7,-8.4,5.6,37.0,27.3,89.5
2026-07-22 11:00:00,HELS-011-2,HELS-011,Band 1 (2100MHz),-78.4,-9.7,12.1,37.7,35.1,130.3
2026-07-22 11:00:00,HELS-011-3,HELS-011,Band 1 (2100MHz),-85.4,-10.3,8.8,49.5,41.6,130.2
2026-07-22 11:00:00,HELS-012-1,HELS-012,Band 3 (1800MHz),-81.1,-12.0,7.5,45.3,18.0,60.0
2026-07-22 11:00:00,HELS-012-2,HELS-012,Band 3 (1800MHz),-98.1,-15.5,12.5,55.1,14.5,64.1
2026-07-22 11:00:00,HELS-012-3,HELS-012,Band 3 (1800MHz),-88.7,-7.7,13.9,67.1,37.4,94.7
2026-07-22 11:00:00,HELS-013-1,HELS-013,Band 1 (2100MHz),-88.2,-9.4,12.5,47.1,37.7,116.1
2026-07-22 11:00:00,HELS-013-2,HELS-013,Band 1 (2100MHz),-79.4,-7.8,12.7,47.8,31.8,92.4
2026-07-22 11:00:00,HELS-013-3,HELS-013,Band 1 (2100MHz),-83.6,-11.0,7.8,76.0,37.7,98.9
2026-07-22 11:00:00,HELS-014-1,HELS-014,Band 3 (1800MHz),-77.0,-9.0,20.0,51.6,36.0,117.6
2026-07-22 11:00:00,HELS-014-2,HELS-014,Band 3 (1800MHz),-82.1,-11.2,12.4,38.5,31.2,48.4
2026-07-22 11:00:00,HELS-014-3,HELS-014,Band 3 (1800MHz),-86.0,-11.4,17.1,76.7,8.5,109.4
2026-07-22 12:00:00,HELS-001-1,HELS-001,Band 1 (2100MHz),-80.9,-9.1,16.4,31.5,38.9,83.2
2026-07-22 12:00:00,HELS-001-2,HELS-001,Band 1 (2100MHz),-99.9,-11.7,11.0,56.8,45.5,104.3
2026-07-22 12:00:00,HELS-001-3,HELS-001,Band 1 (2100MHz),-96.1,-13.4,10.1,47.6,34.3,95.7
2026-07-22 12:00:00,HELS-002-1,HELS-002,Band 3 (1800MHz),-86.1,-10.6,9.3,56.5,39.4,96.9
2026-07-22 12:00:00,HELS-002-2,HELS-002,Band 3 (1800MHz),-86.0,-10.6,19.9,78.5,23.7,79.8
2026-07-22 12:00:00,HELS-002-3,HELS-002,Band 3 (1800MHz),-82.7,-13.7,20.1,52.0,31.0,70.8
2026-07-22 12:00:00,HELS-003-1,HELS-003,Band 1 (2100MHz),-81.8,-8.8,8.4,41.1,39.1,92.9
2026-07-22 12:00:00,HELS-003-2,HELS-003,Band 1 (2100MHz),-87.9,-9.6,7.5,60.0,22.8,123.0
2026-07-22 12:00:00,HELS-003-3,HELS-003,Band 1 (2100MHz),-80.2,-12.0,5.3,49.2,42.2,44.0
2026-07-22 12:00:00,HELS-004-1,HELS-004,Band 3 (1800MHz),-82.0,-14.1,17.3,71.9,30.2,115.5
2026-07-22 12:00:00,HELS-004-2,HELS-004,Band 3 (1800MHz),-81.8,-7.4,13.3,66.3,29.9,122.9
2026-07-22 12:00:00,HELS-004-3,HELS-004,Band 3 (1800MHz),-83.2,-9.1,8.2,63.2,18.0,100.2
2026-07-22 12:00:00,HELS-005-1,HELS-005,Band 1 (2100MHz),-101.0,-18.0,7.6,81.5,38.3,64.8
2026-07-22 12:00:00,HELS-005-2,HELS-005,Band 1 (2100MHz),-78.3,-9.5,8.6,28.5,36.3,86.2
2026-07-22 12:00:00,HELS-005-3,HELS-005,Band 1 (2100MHz),-84.1,-7.5,14.2,62.9,35.0,114.5
2026-07-22 12:00:00,HELS-006-1,HELS-006,Band 3 (1800MHz),-79.8,-10.3,15.4,58.9,34.8,100.1
2026-07-22 12:00:00,HELS-006-2,HELS-006,Band 3 (1800MHz),-77.1,-4.7,12.9,44.7,44.1,102.1
2026-07-22 12:00:00,HELS-006-3,HELS-006,Band 3 (1800MHz),-84.6,-8.7,10.1,51.9,22.9,113.3
2026-07-22 12:00:00,HELS-007-1,HELS-007,Band 1 (2100MHz),-80.4,-8.9,3.6,45.5,31.4,90.1
2026-07-22 12:00:00,HELS-007-2,HELS-007,Band 1 (2100MHz),-90.4,-8.8,1.6,71.5,24.9,89.3
2026-07-22 12:00:00,HELS-007-3,HELS-007,Band 1 (2100MHz),-83.8,-9.3,13.8,69.3,22.4,117.7
2026-07-22 12:00:00,HELS-008-1,HELS-008,Band 3 (1800MHz),-86.3,-11.2,15.7,54.4,24.2,108.2
2026-07-22 12:00:00,HELS-008-2,HELS-008,Band 3 (1800MHz),-80.5,-13.1,4.9,83.9,32.2,74.7
2026-07-22 12:00:00,HELS-008-3,HELS-008,Band 3 (1800MHz),-85.2,-14.3,8.7,72.9,43.3,119.0
2026-07-22 12:00:00,HELS-009-1,HELS-009,Band 1 (2100MHz),-84.2,-10.6,15.4,55.7,47.2,114.6
2026-07-22 12:00:00,HELS-009-2,HELS-009,Band 1 (2100MHz),-88.5,-9.7,11.1,55.4,33.7,69.7
2026-07-22 12:00:00,HELS-009-3,HELS-009,Band 1 (2100MHz),-90.7,-12.4,7.5,59.5,28.3,108.3
2026-07-22 12:00:00,HELS-010-1,HELS-010,Band 3 (1800MHz),-76.0,-6.7,6.3,73.7,26.3,70.7
2026-07-22 12:00:00,HELS-010-2,HELS-010,Band 3 (1800MHz),-83.8,-8.6,15.2,51.8,26.6,70.0
2026-07-22 12:00:00,HELS-010-3,HELS-010,Band 3 (1800MHz),-85.1,-10.3,17.3,53.2,28.2,62.5
2026-07-22 12:00:00,HELS-011-1,HELS-011,Band 1 (2100MHz),-87.6,-14.6,9.1,69.5,8.0,142.5
2026-07-22 12:00:00,HELS-011-2,HELS-011,Band 1 (2100MHz),-98.2,-13.5,15.6,48.6,25.3,81.5
2026-07-22 12:00:00,HELS-011-3,HELS-011,Band 1 (2100MHz),-90.6,-14.3,18.9,72.4,42.3,84.5
2026-07-22 12:00:00,HELS-012-1,HELS-012,Band 3 (1800MHz),-85.7,-11.6,8.1,56.4,36.2,76.9
2026-07-22 12:00:00,HELS-012-2,HELS-012,Band 3 (1800MHz),-94.4,-11.4,4.0,53.1,33.8,106.2
2026-07-22 12:00:00,HELS-012-3,HELS-012,Band 3 (1800MHz),-88.4,-11.8,15.3,64.4,39.8,92.9
2026-07-22 12:00:00,HELS-013-1,HELS-013,Band 1 (2100MHz),-85.5,-10.3,21.8,66.4,28.1,112.7
2026-07-22 12:00:00,HELS-013-2,HELS-013,Band 1 (2100MHz),-84.0,-8.3,18.7,57.5,31.7,99.6
2026-07-22 12:00:00,HELS-013-3,HELS-013,Band 1 (2100MHz),-80.4,-11.4,11.5,61.4,30.7,74.7
2026-07-22 12:00:00,HELS-014-1,HELS-014,Band 3 (1800MHz),-79.8,-10.9,12.3,39.0,23.8,106.5
2026-07-22 12:00:00,HELS-014-2,HELS-014,Band 3 (1800MHz),-81.8,-9.9,7.5,76.5,35.4,80.8
2026-07-22 12:00:00,HELS-014-3,HELS-014,Band 3 (1800MHz),-83.8,-12.6,7.6,68.3,10.6,98.9
2026-07-22 13:00:00,HELS-001-1,HELS-001,Band 1 (2100MHz),-86.6,-9.9,16.6,69.8,36.2,88.1
2026-07-22 13:00:00,HELS-001-2,HELS-001,Band 1 (2100MHz),-98.9,-14.1,0.1,58.6,40.2,100.7
2026-07-22 13:00:00,HELS-001-3,HELS-001,Band 1 (2100MHz),-100.7,-15.7,6.5,51.1,40.3,72.1
2026-07-22 13:00:00,HELS-002-1,HELS-002,Band 3 (1800MHz),-86.4,-11.7,5.3,59.5,27.4,112.3
2026-07-22 13:00:00,HELS-002-2,HELS-002,Band 3 (1800MHz),-82.7,-9.8,18.3,79.0,42.3,93.3
2026-07-22 13:00:00,HELS-002-3,HELS-002,Band 3 (1800MHz),-82.5,-11.4,16.2,51.4,31.3,65.3
2026-07-22 13:00:00,HELS-003-1,HELS-003,Band 1 (2100MHz),-79.7,-10.5,13.4,58.6,28.1,85.6
2026-07-22 13:00:00,HELS-003-2,HELS-003,Band 1 (2100MHz),-81.6,-11.3,14.4,68.1,24.0,80.1
2026-07-22 13:00:00,HELS-003-3,HELS-003,Band 1 (2100MHz),-85.6,-9.6,18.8,60.7,25.9,109.7
2026-07-22 13:00:00,HELS-004-1,HELS-004,Band 3 (1800MHz),-83.6,-11.2,12.8,47.0,20.0,103.2
2026-07-22 13:00:00,HELS-004-2,HELS-004,Band 3 (1800MHz),-86.9,-8.8,24.3,68.5,30.0,114.6
2026-07-22 13:00:00,HELS-004-3,HELS-004,Band 3 (1800MHz),-89.9,-11.2,16.5,74.9,38.0,106.6
2026-07-22 13:00:00,HELS-005-1,HELS-005,Band 1 (2100MHz),-98.0,-12.1,-1.4,48.6,23.5,58.9
2026-07-22 13:00:00,HELS-005-2,HELS-005,Band 1 (2100MHz),-84.3,-10.3,18.6,65.7,24.4,126.1
2026-07-22 13:00:00,HELS-005-3,HELS-005,Band 1 (2100MHz),-73.5,-14.6,2.2,65.9,25.5,86.3
2026-07-22 13:00:00,HELS-006-1,HELS-006,Band 3 (1800MHz),-86.6,-13.3,16.7,54.7,56.6,123.7
2026-07-22 13:00:00,HELS-006-2,HELS-006,Band 3 (1800MHz),-84.5,-8.3,5.4,64.8,41.4,128.6
2026-07-22 13:00:00,HELS-006-3,HELS-006,Band 3 (1800MHz),-80.7,-8.3,16.2,54.8,25.1,89.5
2026-07-22 13:00:00,HELS-007-1,HELS-007,Band 1 (2100MHz),-82.1,-8.8,10.0,41.4,23.4,92.0
2026-07-22 13:00:00,HELS-007-2,HELS-007,Band 1 (2100MHz),-82.5,-11.2,-2.7,41.4,35.8,95.6
2026-07-22 13:00:00,HELS-007-3,HELS-007,Band 1 (2100MHz),-83.6,-4.4,-1.8,40.5,35.2,114.0
2026-07-22 13:00:00,HELS-008-1,HELS-008,Band 3 (1800MHz),-79.2,-9.6,1.1,69.0,23.7,81.4
2026-07-22 13:00:00,HELS-008-2,HELS-008,Band 3 (1800MHz),-83.6,-8.0,14.0,52.8,19.5,85.4
2026-07-22 13:00:00,HELS-008-3,HELS-008,Band 3 (1800MHz),-81.7,-9.9,19.2,67.6,28.7,98.5
2026-07-22 13:00:00,HELS-009-1,HELS-009,Band 1 (2100MHz),-89.1,-10.7,9.8,69.6,31.6,94.0
2026-07-22 13:00:00,HELS-009-2,HELS-009,Band 1 (2100MHz),-78.4,-12.8,9.2,56.6,29.9,105.6
2026-07-22 13:00:00,HELS-009-3,HELS-009,Band 1 (2100MHz),-83.7,-7.3,9.7,76.7,33.0,78.6
2026-07-22 13:00:00,HELS-010-1,HELS-010,Band 3 (1800MHz),-88.8,-9.8,19.4,72.0,25.7,80.6
2026-07-22 13:00:00,HELS-010-2,HELS-010,Band 3 (1800MHz),-83.7,-11.2,16.2,70.3,40.0,72.6
2026-07-22 13:00:00,HELS-010-3,HELS-010,Band 3 (1800MHz),-85.4,-12.9,3.4,47.4,45.8,129.2
2026-07-22 13:00:00,HELS-011-1,HELS-011,Band 1 (2100MHz),-79.7,-9.4,14.5,43.7,24.7,123.4
2026-07-22 13:00:00,HELS-011-2,HELS-011,Band 1 (2100MHz),-73.8,-14.3,7.1,59.0,28.4,60.4
2026-07-22 13:00:00,HELS-011-3,HELS-011,Band 1 (2100MHz),-89.7,-12.1,14.7,35.9,21.6,99.2
2026-07-22 13:00:00,HELS-012-1,HELS-012,Band 3 (1800MHz),-77.8,-9.2,16.7,64.3,32.3,77.9
2026-07-22 13:00:00,HELS-012-2,HELS-012,Band 3 (1800MHz),-91.0,-12.9,7.3,75.0,40.7,98.1
2026-07-22 13:00:00,HELS-012-3,HELS-012,Band 3 (1800MHz),-87.7,-13.7,19.1,64.8,35.7,117.9
2026-07-22 13:00:00,HELS-013-1,HELS-013,Band 1 (2100MHz),-86.3,-7.1,8.0,54.2,25.5,92.0
2026-07-22 13:00:00,HELS-013-2,HELS-013,Band 1 (2100MHz),-81.5,-8.7,3.9,62.4,23.2,105.9
2026-07-22 13:00:00,HELS-013-3,HELS-013,Band 1 (2100MHz),-84.3,-9.5,5.5,60.6,35.0,99.5
2026-07-22 13:00:00,HELS-014-1,HELS-014,Band 3 (1800MHz),-83.1,-9.0,20.2,70.5,35.7,71.9
2026-07-22 13:00:00,HELS-014-2,HELS-014,Band 3 (1800MHz),-75.9,-9.7,8.0,78.2,29.9,117.1
2026-07-22 13:00:00,HELS-014-3,HELS-014,Band 3 (1800MHz),-89.9,-8.7,-0.2,49.7,13.9,102.5
2026-07-22 14:00:00,HELS-001-1,HELS-001,Band 1 (2100MHz),-79.6,-10.6,15.5,54.6,24.2,58.6
2026-07-22 14:00:00,HELS-001-2,HELS-001,Band 1 (2100MHz),-94.8,-17.1,11.2,61.2,29.7,41.9
2026-07-22 14:00:00,HELS-001-3,HELS-001,Band 1 (2100MHz),-96.5,-12.8,6.5,62.9,30.7,67.7
2026-07-22 14:00:00,HELS-002-1,HELS-002,Band 3 (1800MHz),-76.2,-15.4,17.2,56.1,46.7,141.6
2026-07-22 14:00:00,HELS-002-2,HELS-002,Band 3 (1800MHz),-81.0,-11.7,8.0,59.8,38.7,120.3
2026-07-22 14:00:00,HELS-002-3,HELS-002,Band 3 (1800MHz),-82.1,-10.5,18.0,63.4,23.6,89.9
2026-07-22 14:00:00,HELS-003-1,HELS-003,Band 1 (2100MHz),-79.4,-10.7,13.6,57.1,38.3,112.4
2026-07-22 14:00:00,HELS-003-2,HELS-003,Band 1 (2100MHz),-88.5,-11.3,13.9,58.1,30.1,97.4
2026-07-22 14:00:00,HELS-003-3,HELS-003,Band 1 (2100MHz),-81.8,-12.5,10.1,12.7,47.7,104.3
2026-07-22 14:00:00,HELS-004-1,HELS-004,Band 3 (1800MHz),-80.9,-12.7,10.7,51.5,13.6,62.9
2026-07-22 14:00:00,HELS-004-2,HELS-004,Band 3 (1800MHz),-81.6,-11.0,4.7,42.8,25.2,107.0
2026-07-22 14:00:00,HELS-004-3,HELS-004,Band 3 (1800MHz),-88.0,-12.7,15.8,57.8,30.3,103.0
2026-07-22 14:00:00,HELS-005-1,HELS-005,Band 1 (2100MHz),-99.1,-16.8,-1.3,61.9,43.6,92.9
2026-07-22 14:00:00,HELS-005-2,HELS-005,Band 1 (2100MHz),-79.6,-11.9,0.4,69.6,27.4,96.9
2026-07-22 14:00:00,HELS-005-3,HELS-005,Band 1 (2100MHz),-82.1,-10.0,4.4,68.0,41.1,80.7
2026-07-22 14:00:00,HELS-006-1,HELS-006,Band 3 (1800MHz),-84.7,-11.9,16.9,48.2,43.6,105.6
2026-07-22 14:00:00,HELS-006-2,HELS-006,Band 3 (1800MHz),-89.9,-11.3,14.8,77.9,31.4,96.1
2026-07-22 14:00:00,HELS-006-3,HELS-006,Band 3 (1800MHz),-86.5,-10.4,16.3,68.8,34.8,106.8
2026-07-22 14:00:00,HELS-007-1,HELS-007,Band 1 (2100MHz),-76.2,-11.8,13.2,50.7,37.7,104.2
2026-07-22 14:00:00,HELS-007-2,HELS-007,Band 1 (2100MHz),-92.1,-9.1,12.0,58.2,41.8,124.1
2026-07-22 14:00:00,HELS-007-3,HELS-007,Band 1 (2100MHz),-85.4,-7.7,16.2,29.4,15.3,101.0
2026-07-22 14:00:00,HELS-008-1,HELS-008,Band 3 (1800MHz),-89.0,-8.2,8.9,56.9,42.4,126.4
2026-07-22 14:00:00,HELS-008-2,HELS-008,Band 3 (1800MHz),-85.7,-9.3,11.2,50.7,23.3,85.9
2026-07-22 14:00:00,HELS-008-3,HELS-008,Band 3 (1800MHz),-83.8,-12.4,20.8,66.9,44.0,94.7
2026-07-22 14:00:00,HELS-009-1,HELS-009,Band 1 (2100MHz),-83.6,-7.6,9.5,52.1,31.5,109.4
2026-07-22 14:00:00,HELS-009-2,HELS-009,Band 1 (2100MHz),-90.4,-9.7,13.3,55.1,30.6,69.0
2026-07-22 14:00:00,HELS-009-3,HELS-009,Band 1 (2100MHz),-88.4,-7.2,10.4,42.6,33.0,113.0
2026-07-22 14:00:00,HELS-010-1,HELS-010,Band 3 (1800MHz),-88.5,-10.4,10.9,60.1,21.7,69.3
2026-07-22 14:00:00,HELS-010-2,HELS-010,Band 3 (1800MHz),-88.7,-10.7,20.7,63.1,17.8,148.3
2026-07-22 14:00:00,HELS-010-3,HELS-010,Band 3 (1800MHz),-88.5,-9.6,14.3,53.2,42.1,81.4
2026-07-22 14:00:00,HELS-011-1,HELS-011,Band 1 (2100MHz),-79.4,-14.2,14.1,56.3,46.7,89.2
2026-07-22 14:00:00,HELS-011-2,HELS-011,Band 1 (2100MHz),-83.2,-8.2,16.0,51.0,37.3,91.5
2026-07-22 14:00:00,HELS-011-3,HELS-011,Band 1 (2100MHz),-79.3,-9.1,28.2,56.8,38.8,78.7
2026-07-22 14:00:00,HELS-012-1,HELS-012,Band 3 (1800MHz),-83.8,-10.8,11.7,62.4,33.7,87.3
2026-07-22 14:00:00,HELS-012-2,HELS-012,Band 3 (1800MHz),-99.0,-16.1,4.2,54.3,42.9,110.6
2026-07-22 14:00:00,HELS-012-3,HELS-012,Band 3 (1800MHz),-89.0,-13.5,12.8,54.8,37.6,121.9
2026-07-22 14:00:00,HELS-013-1,HELS-013,Band 1 (2100MHz),-89.3,-15.0,15.1,43.5,25.5,108.4
2026-07-22 14:00:00,HELS-013-2,HELS-013,Band 1 (2100MHz),-84.4,-9.7,19.0,66.9,30.8,86.9
2026-07-22 14:00:00,HELS-013-3,HELS-013,Band 1 (2100MHz),-79.5,-10.7,17.2,62.0,25.4,129.5
2026-07-22 14:00:00,HELS-014-1,HELS-014,Band 3 (1800MHz),-82.1,-8.3,17.1,54.0,20.1,87.2
2026-07-22 14:00:00,HELS-014-2,HELS-014,Band 3 (1800MHz),-86.4,-14.1,9.4,50.3,18.5,102.0
2026-07-22 14:00:00,HELS-014-3,HELS-014,Band 3 (1800MHz),-82.9,-10.1,18.7,51.4,36.9,110.2
2026-07-22 15:00:00,HELS-001-1,HELS-001,Band 1 (2100MHz),-86.5,-10.1,8.4,45.6,12.8,54.8
2026-07-22 15:00:00,HELS-001-2,HELS-001,Band 1 (2100MHz),-98.7,-14.3,4.8,9.6,3.2,24.6
2026-07-22 15:00:00,HELS-001-3,HELS-001,Band 1 (2100MHz),-99.3,-15.2,7.9,29.6,11.8,14.9
2026-07-22 15:00:00,HELS-002-1,HELS-002,Band 3 (1800MHz),-83.4,-4.5,10.9,6.9,15.2,28.4
2026-07-22 15:00:00,HELS-002-2,HELS-002,Band 3 (1800MHz),-81.0,-11.4,9.3,16.0,0.0,31.1
2026-07-22 15:00:00,HELS-002-3,HELS-002,Band 3 (1800MHz),-88.8,-9.6,16.3,43.9,6.0,52.7
2026-07-22 15:00:00,HELS-003-1,HELS-003,Band 1 (2100MHz),-82.4,-8.8,13.4,0.0,3.7,10.7
2026-07-22 15:00:00,HELS-003-2,HELS-003,Band 1 (2100MHz),-85.2,-6.7,13.9,21.1,9.3,0.0
2026-07-22 15:00:00,HELS-003-3,HELS-003,Band 1 (2100MHz),-81.4,-11.3,25.6,26.0,7.5,62.2
2026-07-22 15:00:00,HELS-004-1,HELS-004,Band 3 (1800MHz),-87.4,-9.1,9.6,24.4,15.7,1.4
2026-07-22 15:00:00,HELS-004-2,HELS-004,Band 3 (1800MHz),-82.4,-5.6,18.0,31.8,11.6,41.7
2026-07-22 15:00:00,HELS-004-3,HELS-004,Band 3 (1800MHz),-79.1,-11.8,10.0,0.8,4.9,48.4
2026-07-22 15:00:00,HELS-005-1,HELS-005,Band 1 (2100MHz),-97.9,-17.8,6.7,0.7,0.0,61.5
2026-07-22 15:00:00,HELS-005-2,HELS-005,Band 1 (2100MHz),-90.9,-7.2,11.3,13.1,17.9,7.3
2026-07-22 15:00:00,HELS-005-3,HELS-005,Band 1 (2100MHz),-83.2,-5.5,18.2,30.0,12.6,45.5
2026-07-22 15:00:00,HELS-006-1,HELS-006,Band 3 (1800MHz),-88.0,-11.5,12.6,34.9,22.4,39.9
2026-07-22 15:00:00,HELS-006-2,HELS-006,Band 3 (1800MHz),-83.2,-9.5,12.5,32.9,11.7,12.0
2026-07-22 15:00:00,HELS-006-3,HELS-006,Band 3 (1800MHz),-83.3,-5.0,16.2,26.7,3.6,57.7
2026-07-22 15:00:00,HELS-007-1,HELS-007,Band 1 (2100MHz),-89.9,-6.7,13.9,7.3,16.5,0.0
2026-07-22 15:00:00,HELS-007-2,HELS-007,Band 1 (2100MHz),-79.6,-10.5,11.9,24.6,15.6,19.9
2026-07-22 15:00:00,HELS-007-3,HELS-007,Band 1 (2100MHz),-88.1,-6.7,16.6,25.3,4.1,96.0
2026-07-22 15:00:00,HELS-008-1,HELS-008,Band 3 (1800MHz),-91.7,-8.5,13.3,9.6,10.1,43.8
2026-07-22 15:00:00,HELS-008-2,HELS-008,Band 3 (1800MHz),-87.3,-9.7,16.6,7.1,2.1,26.4
2026-07-22 15:00:00,HELS-008-3,HELS-008,Band 3 (1800MHz),-85.6,-6.7,15.3,32.5,9.9,57.7
2026-07-22 15:00:00,HELS-009-1,HELS-009,Band 1 (2100MHz),-86.1,-9.7,15.8,8.2,17.2,2.1
2026-07-22 15:00:00,HELS-009-2,HELS-009,Band 1 (2100MHz),-86.2,-9.8,15.6,29.8,15.3,51.2
2026-07-22 15:00:00,HELS-009-3,HELS-009,Band 1 (2100MHz),-88.7,-9.8,16.8,8.3,2.8,37.3
2026-07-22 15:00:00,HELS-010-1,HELS-010,Band 3 (1800MHz),-89.4,-5.9,16.4,10.7,20.8,0.0
2026-07-22 15:00:00,HELS-010-2,HELS-010,Band 3 (1800MHz),-83.2,-7.3,10.7,24.4,8.1,37.0
2026-07-22 15:00:00,HELS-010-3,HELS-010,Band 3 (1800MHz),-81.6,-7.1,13.6,40.6,8.2,50.7
2026-07-22 15:00:00,HELS-011-1,HELS-011,Band 1 (2100MHz),-82.1,-10.2,11.2,32.4,23.1,30.6
2026-07-22 15:00:00,HELS-011-2,HELS-011,Band 1 (2100MHz),-78.9,-7.1,16.3,27.3,0.0,51.2
2026-07-22 15:00:00,HELS-011-3,HELS-011,Band 1 (2100MHz),-90.6,-8.3,19.2,10.8,21.2,37.7
2026-07-22 15:00:00,HELS-012-1,HELS-012,Band 3 (1800MHz),-82.2,-11.2,17.6,18.2,11.9,42.9
2026-07-22 15:00:00,HELS-012-2,HELS-012,Band 3 (1800MHz),-103.5,-13.9,2.1,22.6,0.0,44.9
2026-07-22 15:00:00,HELS-012-3,HELS-012,Band 3 (1800MHz),-88.6,-7.0,0.5,4.9,9.3,0.0
2026-07-22 15:00:00,HELS-013-1,HELS-013,Band 1 (2100MHz),-86.0,-8.8,13.3,0.0,14.6,33.6
2026-07-22 15:00:00,HELS-013-2,HELS-013,Band 1 (2100MHz),-82.7,-5.1,14.7,22.4,6.4,12.7
2026-07-22 15:00:00,HELS-013-3,HELS-013,Band 1 (2100MHz),-84.3,-8.7,13.8,37.4,10.9,50.3
2026-07-22 15:00:00,HELS-014-1,HELS-014,Band 3 (1800MHz),-86.7,-7.8,23.0,30.8,4.5,39.1
2026-07-22 15:00:00,HELS-014-2,HELS-014,Band 3 (1800MHz),-89.9,-8.8,10.5,30.4,6.0,3.8
2026-07-22 15:00:00,HELS-014-3,HELS-014,Band 3 (1800MHz),-86.2,-6.3,15.1,33.3,12.9,46.1
2026-07-22 16:00:00,HELS-001-1,HELS-001,Band 1 (2100MHz),-81.1,-11.8,13.0,81.7,45.6,92.0
2026-07-22 16:00:00,HELS-001-2,HELS-001,Band 1 (2100MHz),-96.8,-17.7,-1.7,88.7,34.5,103.6
2026-07-22 16:00:00,HELS-001-3,HELS-001,Band 1 (2100MHz),-94.5,-14.5,6.2,72.1,50.8,130.5
2026-07-22 16:00:00,HELS-002-1,HELS-002,Band 3 (1800MHz),-91.3,-10.7,18.4,66.8,54.6,112.2
2026-07-22 16:00:00,HELS-002-2,HELS-002,Band 3 (1800MHz),-87.0,-14.7,16.8,81.0,48.2,134.8
2026-07-22 16:00:00,HELS-002-3,HELS-002,Band 3 (1800MHz),-87.5,-12.5,12.6,60.8,46.8,123.0
2026-07-22 16:00:00,HELS-003-1,HELS-003,Band 1 (2100MHz),-79.9,-10.5,10.3,42.2,51.3,132.9
2026-07-22 16:00:00,HELS-003-2,HELS-003,Band 1 (2100MHz),-87.9,-9.9,14.6,96.9,48.4,118.4
2026-07-22 16:00:00,HELS-003-3,HELS-003,Band 1 (2100MHz),-87.3,-11.8,8.7,68.6,54.6,96.8
2026-07-22 16:00:00,HELS-004-1,HELS-004,Band 3 (1800MHz),-84.3,-11.1,14.4,71.7,36.3,102.7
2026-07-22 16:00:00,HELS-004-2,HELS-004,Band 3 (1800MHz),-75.1,-11.4,8.3,79.7,48.2,123.2
2026-07-22 16:00:00,HELS-004-3,HELS-004,Band 3 (1800MHz),-78.1,-12.1,14.7,58.2,35.9,194.4
2026-07-22 16:00:00,HELS-005-1,HELS-005,Band 1 (2100MHz),-102.6,-15.9,6.0,70.9,42.5,134.4
2026-07-22 16:00:00,HELS-005-2,HELS-005,Band 1 (2100MHz),-82.3,-11.7,18.0,82.5,21.2,93.6
2026-07-22 16:00:00,HELS-005-3,HELS-005,Band 1 (2100MHz),-89.5,-16.2,18.4,75.1,45.4,105.0
2026-07-22 16:00:00,HELS-006-1,HELS-006,Band 3 (1800MHz),-81.0,-12.2,5.9,77.0,35.4,128.5
2026-07-22 16:00:00,HELS-006-2,HELS-006,Band 3 (1800MHz),-86.0,-11.3,11.4,88.3,55.4,106.9
2026-07-22 16:00:00,HELS-006-3,HELS-006,Band 3 (1800MHz),-86.8,-11.3,6.8,79.6,56.0,129.4
2026-07-22 16:00:00,HELS-007-1,HELS-007,Band 1 (2100MHz),-81.5,-15.9,16.2,87.8,34.9,114.7
2026-07-22 16:00:00,HELS-007-2,HELS-007,Band 1 (2100MHz),-85.1,-10.2,12.7,82.9,52.8,121.6
2026-07-22 16:00:00,HELS-007-3,HELS-007,Band 1 (2100MHz),-79.9,-10.4,12.0,83.6,44.1,168.6
2026-07-22 16:00:00,HELS-008-1,HELS-008,Band 3 (1800MHz),-84.4,-10.1,15.6,84.2,47.2,119.8
2026-07-22 16:00:00,HELS-008-2,HELS-008,Band 3 (1800MHz),-82.8,-8.7,18.1,68.3,45.0,121.3
2026-07-22 16:00:00,HELS-008-3,HELS-008,Band 3 (1800MHz),-86.9,-9.5,20.1,73.3,45.2,149.2
2026-07-22 16:00:00,HELS-009-1,HELS-009,Band 1 (2100MHz),-80.9,-15.8,17.2,52.8,56.4,103.9
2026-07-22 16:00:00,HELS-009-2,HELS-009,Band 1 (2100MHz),-81.8,-14.2,16.8,66.7,38.5,82.8
2026-07-22 16:00:00,HELS-009-3,HELS-009,Band 1 (2100MHz),-81.6,-12.3,12.8,76.4,44.7,109.2
2026-07-22 16:00:00,HELS-010-1,HELS-010,Band 3 (1800MHz),-86.3,-14.7,16.9,70.2,48.1,129.4
2026-07-22 16:00:00,HELS-010-2,HELS-010,Band 3 (1800MHz),-87.7,-13.3,11.7,69.9,39.0,153.4
2026-07-22 16:00:00,HELS-010-3,HELS-010,Band 3 (1800MHz),-78.7,-13.8,16.5,57.8,51.7,145.0
2026-07-22 16:00:00,HELS-011-1,HELS-011,Band 1 (2100MHz),-85.8,-14.6,12.5,53.6,32.6,120.9
2026-07-22 16:00:00,HELS-011-2,HELS-011,Band 1 (2100MHz),-84.3,-11.5,6.0,77.1,48.6,154.1
2026-07-22 16:00:00,HELS-011-3,HELS-011,Band 1 (2100MHz),-80.9,-10.1,18.3,62.0,41.3,162.7
2026-07-22 16:00:00,HELS-012-1,HELS-012,Band 3 (1800MHz),-79.0,-10.3,5.8,70.8,52.4,82.7
2026-07-22 16:00:00,HELS-012-2,HELS-012,Band 3 (1800MHz),-97.4,-16.2,5.9,80.0,55.1,135.1
2026-07-22 16:00:00,HELS-012-3,HELS-012,Band 3 (1800MHz),-86.4,-13.4,16.9,66.6,33.3,158.5
2026-07-22 16:00:00,HELS-013-1,HELS-013,Band 1 (2100MHz),-84.5,-13.3,11.8,73.6,43.3,142.3
2026-07-22 16:00:00,HELS-013-2,HELS-013,Band 1 (2100MHz),-85.8,-8.9,5.8,68.4,50.2,143.0
2026-07-22 16:00:00,HELS-013-3,HELS-013,Band 1 (2100MHz),-81.3,-13.3,13.8,74.5,47.8,108.6
2026-07-22 16:00:00,HELS-014-1,HELS-014,Band 3 (1800MHz),-77.4,-9.3,21.5,78.1,44.7,105.1
2026-07-22 16:00:00,HELS-014-2,HELS-014,Band 3 (1800MHz),-83.6,-12.0,11.6,92.0,50.8,102.8
2026-07-22 16:00:00,HELS-014-3,HELS-014,Band 3 (1800MHz),-86.7,-11.2,14.5,54.5,31.4,177.0
2026-07-22 17:00:00,HELS-001-1,HELS-001,Band 1 (2100MHz),-80.5,-10.9,18.6,83.3,45.7,140.7
2026-07-22 17:00:00,HELS-001-2,HELS-001,Band 1 (2100MHz),-94.3,-16.2,2.6,89.0,56.0,154.3
2026-07-22 17:00:00,HELS-001-3,HELS-001,Band 1 (2100MHz),-98.4,-14.2,4.6,72.5,43.6,131.7
2026-07-22 17:00:00,HELS-002-1,HELS-002,Band 3 (1800MHz),-84.4,-12.8,15.4,79.4,54.8,143.8
2026-07-22 17:00:00,HELS-002-2,HELS-002,Band 3 (1800MHz),-84.5,-10.3,18.0,66.4,49.6,141.6
2026-07-22 17:00:00,HELS-002-3,HELS-002,Band 3 (1800MHz),-85.6,-10.4,14.6,71.6,38.4,167.6
2026-07-22 17:00:00,HELS-003-1,HELS-003,Band 1 (2100MHz),-88.2,-10.2,14.2,77.3,30.2,120.5
2026-07-22 17:00:00,HELS-003-2,HELS-003,Band 1 (2100MHz),-77.3,-15.5,11.4,85.6,40.1,138.4
2026-07-22 17:00:00,HELS-003-3,HELS-003,Band 1 (2100MHz),-83.3,-10.4,8.9,100.0,62.2,127.7
2026-07-22 17:00:00,HELS-004-1,HELS-004,Band 3 (1800MHz),-81.8,-11.7,9.0,97.7,41.9,152.9
2026-07-22 17:00:00,HELS-004-2,HELS-004,Band 3 (1800MHz),-80.1,-16.1,15.1,95.1,41.5,102.5
2026-07-22 17:00:00,HELS-004-3,HELS-004,Band 3 (1800MHz),-87.7,-14.9,13.0,86.8,48.5,157.2
2026-07-22 17:00:00,HELS-005-1,HELS-005,Band 1 (2100MHz),-90.5,-15.0,1.1,68.7,40.3,132.0
2026-07-22 17:00:00,HELS-005-2,HELS-005,Band 1 (2100MHz),-87.7,-12.1,10.4,87.4,46.5,148.9
2026-07-22 17:00:00,HELS-005-3,HELS-005,Band 1 (2100MHz),-80.1,-14.2,9.5,68.1,57.3,155.4
2026-07-22 17:00:00,HELS-006-1,HELS-006,Band 3 (1800MHz),-83.1,-11.3,11.4,100.0,41.2,137.1
2026-07-22 17:00:00,HELS-006-2,HELS-006,Band 3 (1800MHz),-83.3,-12.5,8.8,91.5,46.1,145.7
2026-07-22 17:00:00,HELS-006-3,HELS-006,Band 3 (1800MHz),-87.3,-11.1,5.9,85.1,59.5,152.4
2026-07-22 17:00:00,HELS-007-1,HELS-007,Band 1 (2100MHz),-84.6,-9.0,19.8,86.4,38.3,144.3
2026-07-22 17:00:00,HELS-007-2,HELS-007,Band 1 (2100MHz),-77.3,-8.8,13.0,81.3,50.1,121.8
2026-07-22 17:00:00,HELS-007-3,HELS-007,Band 1 (2100MHz),-93.4,-13.7,17.2,99.6,44.7,162.8
2026-07-22 17:00:00,HELS-008-1,HELS-008,Band 3 (1800MHz),-79.5,-12.0,7.7,96.6,48.2,145.6
2026-07-22 17:00:00,HELS-008-2,HELS-008,Band 3 (1800MHz),-79.3,-11.8,8.2,79.5,33.9,163.7
2026-07-22 17:00:00,HELS-008-3,HELS-008,Band 3 (1800MHz),-84.5,-12.0,17.1,62.7,59.5,129.7
2026-07-22 17:00:00,HELS-009-1,HELS-009,Band 1 (2100MHz),-80.0,-10.9,8.1,86.5,56.9,133.9
2026-07-22 17:00:00,HELS-009-2,HELS-009,Band 1 (2100MHz),-89.2,-10.2,12.0,82.8,52.3,128.5
2026-07-22 17:00:00,HELS-009-3,HELS-009,Band 1 (2100MHz),-81.8,-15.4,17.0,90.8,43.1,132.4
2026-07-22 17:00:00,HELS-010-1,HELS-010,Band 3 (1800MHz),-83.8,-14.7,10.9,82.9,40.7,51.0
2026-07-22 17:00:00,HELS-010-2,HELS-010,Band 3 (1800MHz),-84.4,-12.2,9.9,88.0,34.3,128.5
2026-07-22 17:00:00,HELS-010-3,HELS-010,Band 3 (1800MHz),-77.1,-11.8,8.5,100.0,39.1,166.9
2026-07-22 17:00:00,HELS-011-1,HELS-011,Band 1 (2100MHz),-87.4,-14.9,13.5,87.7,60.8,148.4
2026-07-22 17:00:00,HELS-011-2,HELS-011,Band 1 (2100MHz),-80.6,-14.6,16.2,83.9,41.8,127.0
2026-07-22 17:00:00,HELS-011-3,HELS-011,Band 1 (2100MHz),-85.4,-13.6,6.8,97.4,31.4,148.6
2026-07-22 17:00:00,HELS-012-1,HELS-012,Band 3 (1800MHz),-82.8,-10.6,11.8,90.9,52.8,200.5
2026-07-22 17:00:00,HELS-012-2,HELS-012,Band 3 (1800MHz),-92.6,-10.8,-1.1,88.8,44.9,147.4
2026-07-22 17:00:00,HELS-012-3,HELS-012,Band 3 (1800MHz),-88.0,-10.9,11.7,99.2,39.3,115.6
2026-07-22 17:00:00,HELS-013-1,HELS-013,Band 1 (2100MHz),-76.7,-10.7,11.1,88.0,56.4,128.3
2026-07-22 17:00:00,HELS-013-2,HELS-013,Band 1 (2100MHz),-86.0,-11.6,11.9,75.1,66.2,141.3
2026-07-22 17:00:00,HELS-013-3,HELS-013,Band 1 (2100MHz),-80.2,-11.7,15.6,90.1,44.1,167.3
2026-07-22 17:00:00,HELS-014-1,HELS-014,Band 3 (1800MHz),-73.9,-10.7,11.0,92.5,50.4,157.3
2026-07-22 17:00:00,HELS-014-2,HELS-014,Band 3 (1800MHz),-80.3,-11.8,2.6,67.7,42.6,121.2
2026-07-22 17:00:00,HELS-014-3,HELS-014,Band 3 (1800MHz),-83.7,-11.9,11.1,76.3,59.8,111.0
2026-07-22 18:00:00,HELS-001-1,HELS-001,Band 1 (2100MHz),-90.4,-11.4,19.0,82.0,65.3,120.6
2026-07-22 18:00:00,HELS-001-2,HELS-001,Band 1 (2100MHz),-102.0,-15.5,8.8,93.9,50.4,151.4
2026-07-22 18:00:00,HELS-001-3,HELS-001,Band 1 (2100MHz),-96.7,-17.1,10.6,89.3,55.7,141.5
2026-07-22 18:00:00,HELS-002-1,HELS-002,Band 3 (1800MHz),-88.2,-11.6,9.2,84.9,48.1,121.5
2026-07-22 18:00:00,HELS-002-2,HELS-002,Band 3 (1800MHz),-81.1,-13.1,14.8,97.6,53.7,112.4
2026-07-22 18:00:00,HELS-002-3,HELS-002,Band 3 (1800MHz),-76.0,-12.5,15.8,73.9,76.1,162.2
2026-07-22 18:00:00,HELS-003-1,HELS-003,Band 1 (2100MHz),-80.8,-6.8,14.5,74.6,51.8,134.2
2026-07-22 18:00:00,HELS-003-2,HELS-003,Band 1 (2100MHz),-77.7,-11.6,11.6,86.5,47.4,144.3
2026-07-22 18:00:00,HELS-003-3,HELS-003,Band 1 (2100MHz),-92.7,-16.3,16.6,100.0,46.6,149.1
2026-07-22 18:00:00,HELS-004-1,HELS-004,Band 3 (1800MHz),-86.7,-10.0,7.6,70.6,32.4,119.8
2026-07-22 18:00:00,HELS-004-2,HELS-004,Band 3 (1800MHz),-85.8,-7.4,16.3,87.6,68.4,137.9
2026-07-22 18:00:00,HELS-004-3,HELS-004,Band 3 (1800MHz),-87.6,-12.9,18.4,76.0,64.3,165.5
2026-07-22 18:00:00,HELS-005-1,HELS-005,Band 1 (2100MHz),-103.1,-15.7,5.1,93.3,49.1,165.7
2026-07-22 18:00:00,HELS-005-2,HELS-005,Band 1 (2100MHz),-82.9,-9.7,11.7,93.5,55.4,174.1
2026-07-22 18:00:00,HELS-005-3,HELS-005,Band 1 (2100MHz),-86.9,-11.5,11.8,99.0,47.9,114.2
2026-07-22 18:00:00,HELS-006-1,HELS-006,Band 3 (1800MHz),-86.8,-13.3,16.5,88.1,50.9,127.1
2026-07-22 18:00:00,HELS-006-2,HELS-006,Band 3 (1800MHz),-80.6,-10.4,7.8,76.7,45.7,158.1
2026-07-22 18:00:00,HELS-006-3,HELS-006,Band 3 (1800MHz),-91.3,-13.8,19.5,100.0,66.5,168.1
2026-07-22 18:00:00,HELS-007-1,HELS-007,Band 1 (2100MHz),-86.6,-9.6,12.3,100.0,55.0,139.6
2026-07-22 18:00:00,HELS-007-2,HELS-007,Band 1 (2100MHz),-84.8,-12.8,8.4,91.4,49.5,105.6
2026-07-22 18:00:00,HELS-007-3,HELS-007,Band 1 (2100MHz),-82.5,-11.1,10.8,100.0,55.0,131.2
2026-07-22 18:00:00,HELS-008-1,HELS-008,Band 3 (1800MHz),-82.8,-11.1,14.5,96.8,47.1,152.8
2026-07-22 18:00:00,HELS-008-2,HELS-008,Band 3 (1800MHz),-82.9,-10.6,8.6,95.3,45.8,133.5
2026-07-22 18:00:00,HELS-008-3,HELS-008,Band 3 (1800MHz),-80.6,-10.8,17.6,90.8,47.5,164.8
2026-07-22 18:00:00,HELS-009-1,HELS-009,Band 1 (2100MHz),-87.7,-10.3,10.4,70.9,66.6,124.5
2026-07-22 18:00:00,HELS-009-2,HELS-009,Band 1 (2100MHz),-77.9,-13.0,12.7,76.5,60.6,170.7
2026-07-22 18:00:00,HELS-009-3,HELS-009,Band 1 (2100MHz),-79.2,-7.9,10.4,96.4,46.1,109.5
2026-07-22 18:00:00,HELS-010-1,HELS-010,Band 3 (1800MHz),-87.3,-9.2,14.4,74.2,51.7,161.0
2026-07-22 18:00:00,HELS-010-2,HELS-010,Band 3 (1800MHz),-78.8,-10.6,15.0,81.0,34.2,133.9
2026-07-22 18:00:00,HELS-010-3,HELS-010,Band 3 (1800MHz),-89.0,-14.9,2.3,80.0,51.5,126.0
2026-07-22 18:00:00,HELS-011-1,HELS-011,Band 1 (2100MHz),-81.5,-13.5,12.7,77.0,57.3,194.3
2026-07-22 18:00:00,HELS-011-2,HELS-011,Band 1 (2100MHz),-93.2,-15.6,16.5,80.5,56.4,150.8
2026-07-22 18:00:00,HELS-011-3,HELS-011,Band 1 (2100MHz),-92.4,-14.0,9.5,100.0,44.0,128.9
2026-07-22 18:00:00,HELS-012-1,HELS-012,Band 3 (1800MHz),-80.3,-12.3,6.8,100.0,46.2,106.1
2026-07-22 18:00:00,HELS-012-2,HELS-012,Band 3 (1800MHz),-102.7,-16.7,10.6,73.8,41.0,161.4
2026-07-22 18:00:00,HELS-012-3,HELS-012,Band 3 (1800MHz),-89.6,-12.7,7.9,92.4,49.9,149.9
2026-07-22 18:00:00,HELS-013-1,HELS-013,Band 1 (2100MHz),-81.7,-10.5,8.9,100.0,47.5,148.6
2026-07-22 18:00:00,HELS-013-2,HELS-013,Band 1 (2100MHz),-82.7,-16.6,14.5,79.2,45.4,187.7
2026-07-22 18:00:00,HELS-013-3,HELS-013,Band 1 (2100MHz),-84.9,-10.5,12.2,81.2,40.5,130.8
2026-07-22 18:00:00,HELS-014-1,HELS-014,Band 3 (1800MHz),-78.0,-12.4,10.8,94.8,44.0,147.9
2026-07-22 18:00:00,HELS-014-2,HELS-014,Band 3 (1800MHz),-88.4,-11.0,11.4,84.2,62.6,155.3
2026-07-22 18:00:00,HELS-014-3,HELS-014,Band 3 (1800MHz),-82.4,-17.7,14.9,100.0,45.7,127.6
2026-07-22 19:00:00,HELS-001-1,HELS-001,Band 1 (2100MHz),-82.5,-12.5,1.9,91.3,53.1,147.4
2026-07-22 19:00:00,HELS-001-2,HELS-001,Band 1 (2100MHz),-105.3,-17.4,-0.3,84.2,52.9,115.3
2026-07-22 19:00:00,HELS-001-3,HELS-001,Band 1 (2100MHz),-103.8,-18.3,12.4,74.0,57.1,124.1
2026-07-22 19:00:00,HELS-002-1,HELS-002,Band 3 (1800MHz),-80.5,-10.3,24.8,74.2,67.0,114.9
2026-07-22 19:00:00,HELS-002-2,HELS-002,Band 3 (1800MHz),-81.4,-12.3,16.8,91.6,41.9,112.2
2026-07-22 19:00:00,HELS-002-3,HELS-002,Band 3 (1800MHz),-91.3,-10.2,17.5,82.5,53.2,132.3
2026-07-22 19:00:00,HELS-003-1,HELS-003,Band 1 (2100MHz),-86.6,-12.1,18.1,88.0,40.8,182.3
2026-07-22 19:00:00,HELS-003-2,HELS-003,Band 1 (2100MHz),-83.6,-9.4,7.7,96.0,52.4,155.5
2026-07-22 19:00:00,HELS-003-3,HELS-003,Band 1 (2100MHz),-82.0,-8.1,13.2,73.0,48.9,168.9
2026-07-22 19:00:00,HELS-004-1,HELS-004,Band 3 (1800MHz),-91.2,-12.5,12.7,96.7,44.1,133.9
2026-07-22 19:00:00,HELS-004-2,HELS-004,Band 3 (1800MHz),-81.7,-10.7,18.7,100.0,45.6,130.9
2026-07-22 19:00:00,HELS-004-3,HELS-004,Band 3 (1800MHz),-77.3,-12.0,7.1,92.7,56.0,137.0
2026-07-22 19:00:00,HELS-005-1,HELS-005,Band 1 (2100MHz),-98.7,-21.4,9.7,100.0,49.7,114.4
2026-07-22 19:00:00,HELS-005-2,HELS-005,Band 1 (2100MHz),-87.9,-13.0,12.9,93.3,41.3,175.1
2026-07-22 19:00:00,HELS-005-3,HELS-005,Band 1 (2100MHz),-71.4,-8.7,10.1,76.2,51.6,152.7
2026-07-22 19:00:00,HELS-006-1,HELS-006,Band 3 (1800MHz),-89.2,-10.1,12.6,91.7,49.6,134.5
2026-07-22 19:00:00,HELS-006-2,HELS-006,Band 3 (1800MHz),-84.6,-12.1,9.9,87.3,51.2,120.6
2026-07-22 19:00:00,HELS-006-3,HELS-006,Band 3 (1800MHz),-83.2,-10.0,22.0,98.4,53.7,135.8
2026-07-22 19:00:00,HELS-007-1,HELS-007,Band 1 (2100MHz),-83.4,-9.1,9.5,93.8,54.9,119.7
2026-07-22 19:00:00,HELS-007-2,HELS-007,Band 1 (2100MHz),-79.8,-13.7,3.4,74.6,46.8,164.4
2026-07-22 19:00:00,HELS-007-3,HELS-007,Band 1 (2100MHz),-81.6,-15.3,18.1,70.0,49.5,159.4
2026-07-22 19:00:00,HELS-008-1,HELS-008,Band 3 (1800MHz),-80.3,-13.0,8.0,80.3,37.8,121.7
2026-07-22 19:00:00,HELS-008-2,HELS-008,Band 3 (1800MHz),-81.5,-12.1,15.9,93.6,41.2,134.1
2026-07-22 19:00:00,HELS-008-3,HELS-008,Band 3 (1800MHz),-87.2,-13.1,21.3,86.1,35.4,167.3
2026-07-22 19:00:00,HELS-009-1,HELS-009,Band 1 (2100MHz),-85.6,-13.5,11.0,72.4,43.3,186.0
2026-07-22 19:00:00,HELS-009-2,HELS-009,Band 1 (2100MHz),-84.7,-14.6,12.7,100.0,49.4,119.4
2026-07-22 19:00:00,HELS-009-3,HELS-009,Band 1 (2100MHz),-89.6,-9.3,16.2,70.7,66.8,129.6
2026-07-22 19:00:00,HELS-010-1,HELS-010,Band 3 (1800MHz),-82.9,-11.3,14.9,86.5,47.7,121.6
2026-07-22 19:00:00,HELS-010-2,HELS-010,Band 3 (1800MHz),-84.1,-12.9,16.4,88.4,52.7,110.6
2026-07-22 19:00:00,HELS-010-3,HELS-010,Band 3 (1800MHz),-86.4,-12.8,18.6,81.7,57.0,187.3
2026-07-22 19:00:00,HELS-011-1,HELS-011,Band 1 (2100MHz),-83.3,-12.7,11.9,92.0,49.5,100.3
2026-07-22 19:00:00,HELS-011-2,HELS-011,Band 1 (2100MHz),-84.7,-12.4,8.0,88.1,37.9,131.9
2026-07-22 19:00:00,HELS-011-3,HELS-011,Band 1 (2100MHz),-83.1,-14.6,9.4,97.5,44.7,123.8
2026-07-22 19:00:00,HELS-012-1,HELS-012,Band 3 (1800MHz),-82.5,-13.4,9.8,90.2,29.6,112.5
2026-07-22 19:00:00,HELS-012-2,HELS-012,Band 3 (1800MHz),-96.9,-16.6,-3.2,74.5,50.4,119.4
2026-07-22 19:00:00,HELS-012-3,HELS-012,Band 3 (1800MHz),-88.1,-10.8,12.7,65.0,49.7,190.6
2026-07-22 19:00:00,HELS-013-1,HELS-013,Band 1 (2100MHz),-82.7,-13.1,8.4,84.0,56.2,126.2
2026-07-22 19:00:00,HELS-013-2,HELS-013,Band 1 (2100MHz),-87.0,-14.0,19.1,87.0,62.0,157.2
2026-07-22 19:00:00,HELS-013-3,HELS-013,Band 1 (2100MHz),-81.9,-11.9,7.3,89.1,67.6,118.1
2026-07-22 19:00:00,HELS-014-1,HELS-014,Band 3 (1800MHz),-78.7,-9.3,10.5,84.6,50.7,112.5
2026-07-22 19:00:00,HELS-014-2,HELS-014,Band 3 (1800MHz),-80.0,-13.3,16.4,79.4,38.7,124.1
2026-07-22 19:00:00,HELS-014-3,HELS-014,Band 3 (1800MHz),-78.9,-9.2,2.8,75.8,41.4,181.7
2026-07-22 20:00:00,HELS-001-1,HELS-001,Band 1 (2100MHz),-87.4,-9.4,13.0,55.6,42.8,136.5
2026-07-22 20:00:00,HELS-001-2,HELS-001,Band 1 (2100MHz),-94.0,-16.7,10.4,66.9,66.4,158.4
2026-07-22 20:00:00,HELS-001-3,HELS-001,Band 1 (2100MHz),-97.9,-18.0,4.1,91.1,42.8,123.4
2026-07-22 20:00:00,HELS-002-1,HELS-002,Band 3 (1800MHz),-85.5,-12.7,3.2,81.0,38.2,114.0
2026-07-22 20:00:00,HELS-002-2,HELS-002,Band 3 (1800MHz),-90.6,-12.7,13.6,80.7,35.2,109.2
2026-07-22 20:00:00,HELS-002-3,HELS-002,Band 3 (1800MHz),-83.3,-11.5,17.9,74.4,41.9,106.5
2026-07-22 20:00:00,HELS-003-1,HELS-003,Band 1 (2100MHz),-83.0,-10.7,13.7,89.0,42.1,139.7
2026-07-22 20:00:00,HELS-003-2,HELS-003,Band 1 (2100MHz),-85.7,-10.6,5.9,82.4,32.4,112.4
2026-07-22 20:00:00,HELS-003-3,HELS-003,Band 1 (2100MHz),-76.5,-10.8,10.5,65.8,43.0,118.2
2026-07-22 20:00:00,HELS-004-1,HELS-004,Band 3 (1800MHz),-89.7,-12.3,19.1,87.1,31.8,152.7
2026-07-22 20:00:00,HELS-004-2,HELS-004,Band 3 (1800MHz),-83.4,-10.7,13.5,72.5,63.5,121.1
2026-07-22 20:00:00,HELS-004-3,HELS-004,Band 3 (1800MHz),-85.8,-12.9,6.7,68.9,30.8,95.0
2026-07-22 20:00:00,HELS-005-1,HELS-005,Band 1 (2100MHz),-102.8,-13.8,2.7,83.5,54.7,89.4
2026-07-22 20:00:00,HELS-005-2,HELS-005,Band 1 (2100MHz),-88.2,-12.0,5.9,78.4,30.9,140.0
2026-07-22 20:00:00,HELS-005-3,HELS-005,Band 1 (2100MHz),-84.9,-12.0,12.8,61.3,43.5,129.7
2026-07-22 20:00:00,HELS-006-1,HELS-006,Band 3 (1800MHz),-82.9,-14.1,8.8,83.3,42.8,154.6
2026-07-22 20:00:00,HELS-006-2,HELS-006,Band 3 (1800MHz),-83.1,-12.0,9.7,69.1,39.1,99.1
2026-07-22 20:00:00,HELS-006-3,HELS-006,Band 3 (1800MHz),-76.4,-10.5,16.1,74.7,47.2,178.1
2026-07-22 20:00:00,HELS-007-1,HELS-007,Band 1 (2100MHz),-92.4,-9.1,14.3,86.8,33.0,95.6
2026-07-22 20:00:00,HELS-007-2,HELS-007,Band 1 (2100MHz),-85.2,-14.0,20.1,77.1,41.2,124.8
2026-07-22 20:00:00,HELS-007-3,HELS-007,Band 1 (2100MHz),-81.3,-14.4,13.4,70.7,49.9,103.1
2026-07-22 20:00:00,HELS-008-1,HELS-008,Band 3 (1800MHz),-91.5,-11.9,12.8,86.0,44.1,138.7
2026-07-22 20:00:00,HELS-008-2,HELS-008,Band 3 (1800MHz),-84.3,-5.6,16.6,79.7,58.3,129.2
2026-07-22 20:00:00,HELS-008-3,HELS-008,Band 3 (1800MHz),-81.9,-10.9,17.2,68.1,49.2,125.7
2026-07-22 20:00:00,HELS-009-1,HELS-009,Band 1 (2100MHz),-85.5,-9.8,12.4,79.9,53.7,110.9
2026-07-22 20:00:00,HELS-009-2,HELS-009,Band 1 (2100MHz),-75.5,-12.7,10.9,88.9,35.2,104.6
2026-07-22 20:00:00,HELS-009-3,HELS-009,Band 1 (2100MHz),-77.1,-11.0,13.2,77.8,27.6,161.1
2026-07-22 20:00:00,HELS-010-1,HELS-010,Band 3 (1800MHz),-92.2,-12.8,14.1,63.8,26.2,116.1
2026-07-22 20:00:00,HELS-010-2,HELS-010,Band 3 (1800MHz),-82.4,-10.9,17.4,90.5,34.2,108.8
2026-07-22 20:00:00,HELS-010-3,HELS-010,Band 3 (1800MHz),-84.9,-7.9,9.7,66.2,41.0,121.8
2026-07-22 20:00:00,HELS-011-1,HELS-011,Band 1 (2100MHz),-87.6,-10.6,17.8,76.7,27.8,118.0
2026-07-22 20:00:00,HELS-011-2,HELS-011,Band 1 (2100MHz),-91.9,-13.6,6.9,86.6,38.7,114.8
2026-07-22 20:00:00,HELS-011-3,HELS-011,Band 1 (2100MHz),-82.9,-11.7,11.1,56.7,42.4,108.1
2026-07-22 20:00:00,HELS-012-1,HELS-012,Band 3 (1800MHz),-87.9,-11.1,8.0,78.8,32.7,125.0
2026-07-22 20:00:00,HELS-012-2,HELS-012,Band 3 (1800MHz),-100.2,-17.4,15.6,54.4,33.1,144.6
2026-07-22 20:00:00,HELS-012-3,HELS-012,Band 3 (1800MHz),-82.5,-10.3,13.0,71.1,34.6,123.1
2026-07-22 20:00:00,HELS-013-1,HELS-013,Band 1 (2100MHz),-81.5,-12.6,11.8,84.7,43.0,149.7
2026-07-22 20:00:00,HELS-013-2,HELS-013,Band 1 (2100MHz),-78.7,-11.6,6.8,59.2,47.3,65.9
2026-07-22 20:00:00,HELS-013-3,HELS-013,Band 1 (2100MHz),-78.1,-10.9,17.3,74.2,27.8,136.4
2026-07-22 20:00:00,HELS-014-1,HELS-014,Band 3 (1800MHz),-84.8,-11.0,13.0,63.7,62.8,147.8
2026-07-22 20:00:00,HELS-014-2,HELS-014,Band 3 (1800MHz),-87.5,-9.4,9.8,64.6,50.4,153.2
2026-07-22 20:00:00,HELS-014-3,HELS-014,Band 3 (1800MHz),-78.7,-15.1,13.0,65.5,38.4,158.5
2026-07-22 21:00:00,HELS-001-1,HELS-001,Band 1 (2100MHz),-84.5,-8.5,16.3,43.7,0.0,0.0
2026-07-22 21:00:00,HELS-001-2,HELS-001,Band 1 (2100MHz),-98.0,-9.9,6.3,30.1,0.0,34.9
2026-07-22 21:00:00,HELS-001-3,HELS-001,Band 1 (2100MHz),-95.1,-14.1,7.2,0.0,10.8,0.0
2026-07-22 21:00:00,HELS-002-1,HELS-002,Band 3 (1800MHz),-85.7,-11.5,2.7,26.7,13.2,41.2
2026-07-22 21:00:00,HELS-002-2,HELS-002,Band 3 (1800MHz),-89.2,-10.5,19.6,0.0,17.0,34.7
2026-07-22 21:00:00,HELS-002-3,HELS-002,Band 3 (1800MHz),-88.5,-7.8,9.5,27.0,17.7,31.7
2026-07-22 21:00:00,HELS-003-1,HELS-003,Band 1 (2100MHz),-79.5,-7.1,13.4,6.2,8.2,0.0
2026-07-22 21:00:00,HELS-003-2,HELS-003,Band 1 (2100MHz),-82.0,-6.4,12.0,21.2,8.6,15.1
2026-07-22 21:00:00,HELS-003-3,HELS-003,Band 1 (2100MHz),-78.8,-8.7,11.0,4.2,22.1,30.3
2026-07-22 21:00:00,HELS-004-1,HELS-004,Band 3 (1800MHz),-83.5,-11.2,8.6,34.5,0.0,50.3
2026-07-22 21:00:00,HELS-004-2,HELS-004,Band 3 (1800MHz),-84.1,-10.0,12.1,25.0,10.8,3.7
2026-07-22 21:00:00,HELS-004-3,HELS-004,Band 3 (1800MHz),-85.6,-7.7,7.9,24.1,9.1,62.0
2026-07-22 21:00:00,HELS-005-1,HELS-005,Band 1 (2100MHz),-96.4,-13.1,12.0,34.9,7.3,27.7
2026-07-22 21:00:00,HELS-005-2,HELS-005,Band 1 (2100MHz),-84.9,-12.0,11.2,29.1,0.0,33.3
2026-07-22 21:00:00,HELS-005-3,HELS-005,Band 1 (2100MHz),-84.3,-11.1,10.0,0.7,0.0,48.2
2026-07-22 21:00:00,HELS-006-1,HELS-006,Band 3 (1800MHz),-84.1,-8.9,10.6,33.9,8.3,43.3
2026-07-22 21:00:00,HELS-006-2,HELS-006,Band 3 (1800MHz),-83.2,-10.0,19.5,27.5,2.9,0.0
2026-07-22 21:00:00,HELS-006-3,HELS-006,Band 3 (1800MHz),-85.1,-9.0,14.9,7.7,9.2,44.2
2026-07-22 21:00:00,HELS-007-1,HELS-007,Band 1 (2100MHz),-77.4,-6.4,14.4,0.0,7.0,8.6
2026-07-22 21:00:00,HELS-007-2,HELS-007,Band 1 (2100MHz),-86.8,-10.7,16.0,36.3,25.3,77.5
2026-07-22 21:00:00,HELS-007-3,HELS-007,Band 1 (2100MHz),-84.7,-5.0,18.5,19.7,17.7,9.8
2026-07-22 21:00:00,HELS-008-1,HELS-008,Band 3 (1800MHz),-87.4,-9.4,20.4,20.7,23.8,30.8
2026-07-22 21:00:00,HELS-008-2,HELS-008,Band 3 (1800MHz),-84.2,-8.2,9.7,11.6,17.7,30.4
2026-07-22 21:00:00,HELS-008-3,HELS-008,Band 3 (1800MHz),-86.5,-10.0,5.6,12.4,8.6,37.3
2026-07-22 21:00:00,HELS-009-1,HELS-009,Band 1 (2100MHz),-89.2,-9.8,12.7,32.4,14.1,34.6
2026-07-22 21:00:00,HELS-009-2,HELS-009,Band 1 (2100MHz),-77.7,-10.3,21.5,19.6,8.1,18.6
2026-07-22 21:00:00,HELS-009-3,HELS-009,Band 1 (2100MHz),-78.5,-9.9,12.8,9.3,24.6,29.8
2026-07-22 21:00:00,HELS-010-1,HELS-010,Band 3 (1800MHz),-82.0,-6.4,16.2,19.5,22.6,42.9
2026-07-22 21:00:00,HELS-010-2,HELS-010,Band 3 (1800MHz),-79.9,-8.2,12.9,35.6,20.7,20.5
2026-07-22 21:00:00,HELS-010-3,HELS-010,Band 3 (1800MHz),-85.6,-7.4,16.2,14.9,29.8,0.0
2026-07-22 21:00:00,HELS-011-1,HELS-011,Band 1 (2100MHz),-85.6,-11.5,8.1,22.9,19.8,53.2
2026-07-22 21:00:00,HELS-011-2,HELS-011,Band 1 (2100MHz),-89.0,-7.2,11.5,36.9,19.8,53.0
2026-07-22 21:00:00,HELS-011-3,HELS-011,Band 1 (2100MHz),-86.1,-11.3,11.4,27.7,13.8,53.7
2026-07-22 21:00:00,HELS-012-1,HELS-012,Band 3 (1800MHz),-81.6,-7.1,14.6,8.4,0.0,39.7
2026-07-22 21:00:00,HELS-012-2,HELS-012,Band 3 (1800MHz),-94.1,-10.4,0.6,2.7,9.8,47.9
2026-07-22 21:00:00,HELS-012-3,HELS-012,Band 3 (1800MHz),-81.4,-8.8,22.4,6.3,17.0,50.0
2026-07-22 21:00:00,HELS-013-1,HELS-013,Band 1 (2100MHz),-76.5,-7.6,16.1,9.0,1.6,4.0
2026-07-22 21:00:00,HELS-013-2,HELS-013,Band 1 (2100MHz),-78.8,-9.1,28.5,3.9,3.3,63.9
2026-07-22 21:00:00,HELS-013-3,HELS-013,Band 1 (2100MHz),-83.9,-9.7,21.6,39.3,31.3,21.8
2026-07-22 21:00:00,HELS-014-1,HELS-014,Band 3 (1800MHz),-81.1,-5.4,18.9,28.2,9.2,33.7
2026-07-22 21:00:00,HELS-014-2,HELS-014,Band 3 (1800MHz),-85.8,-5.6,12.5,9.4,0.0,33.2
2026-07-22 21:00:00,HELS-014-3,HELS-014,Band 3 (1800MHz),-78.9,-5.2,15.8,8.2,5.5,53.5
2026-07-22 22:00:00,HELS-001-1,HELS-001,Band 1 (2100MHz),-81.0,-9.0,6.4,9.6,20.7,28.2
2026-07-22 22:00:00,HELS-001-2,HELS-001,Band 1 (2100MHz),-92.2,-12.8,-2.9,0.0,13.1,0.0
2026-07-22 22:00:00,HELS-001-3,HELS-001,Band 1 (2100MHz),-92.8,-12.4,2.8,0.0,16.2,10.2
2026-07-22 22:00:00,HELS-002-1,HELS-002,Band 3 (1800MHz),-81.2,-9.5,13.1,6.9,0.9,0.0
2026-07-22 22:00:00,HELS-002-2,HELS-002,Band 3 (1800MHz),-93.6,-11.2,8.9,14.4,0.0,30.8
2026-07-22 22:00:00,HELS-002-3,HELS-002,Band 3 (1800MHz),-83.6,-8.4,15.6,0.0,10.1,54.8
2026-07-22 22:00:00,HELS-003-1,HELS-003,Band 1 (2100MHz),-86.4,-8.6,9.1,8.6,5.7,28.9
2026-07-22 22:00:00,HELS-003-2,HELS-003,Band 1 (2100MHz),-80.1,-10.7,18.9,16.7,7.6,0.0
2026-07-22 22:00:00,HELS-003-3,HELS-003,Band 1 (2100MHz),-84.9,-10.6,18.5,15.6,6.5,17.3
2026-07-22 22:00:00,HELS-004-1,HELS-004,Band 3 (1800MHz),-86.1,-8.5,6.6,10.5,15.8,0.0
2026-07-22 22:00:00,HELS-004-2,HELS-004,Band 3 (1800MHz),-79.6,-11.6,18.1,16.3,10.2,15.6
2026-07-22 22:00:00,HELS-004-3,HELS-004,Band 3 (1800MHz),-85.1,-11.7,6.9,0.0,0.0,11.8
2026-07-22 22:00:00,HELS-005-1,HELS-005,Band 1 (2100MHz),-102.3,-8.9,0.4,1.3,0.0,42.2
2026-07-22 22:00:00,HELS-005-2,HELS-005,Band 1 (2100MHz),-85.7,-10.8,10.8,25.5,6.7,13.5
2026-07-22 22:00:00,HELS-005-3,HELS-005,Band 1 (2100MHz),-79.9,-5.9,18.8,12.2,3.2,0.0
2026-07-22 22:00:00,HELS-006-1,HELS-006,Band 3 (1800MHz),-82.2,-6.5,10.7,12.7,10.1,32.2
2026-07-22 22:00:00,HELS-006-2,HELS-006,Band 3 (1800MHz),-86.5,-4.4,11.1,0.0,3.5,50.3
2026-07-22 22:00:00,HELS-006-3,HELS-006,Band 3 (1800MHz),-84.4,-9.4,12.2,20.7,19.8,0.0
2026-07-22 22:00:00,HELS-007-1,HELS-007,Band 1 (2100MHz),-77.1,-8.6,17.2,26.7,10.8,57.7
2026-07-22 22:00:00,HELS-007-2,HELS-007,Band 1 (2100MHz),-77.0,-8.2,16.8,6.0,23.4,14.6
2026-07-22 22:00:00,HELS-007-3,HELS-007,Band 1 (2100MHz),-84.0,-4.7,13.0,35.3,0.0,8.2
2026-07-22 22:00:00,HELS-008-1,HELS-008,Band 3 (1800MHz),-87.1,-9.2,13.6,10.2,5.2,37.3
2026-07-22 22:00:00,HELS-008-2,HELS-008,Band 3 (1800MHz),-86.1,-8.1,22.4,13.5,11.5,5.4
2026-07-22 22:00:00,HELS-008-3,HELS-008,Band 3 (1800MHz),-80.3,-9.0,17.7,14.2,0.0,0.0
2026-07-22 22:00:00,HELS-009-1,HELS-009,Band 1 (2100MHz),-84.6,-9.8,19.1,6.3,6.5,21.6
2026-07-22 22:00:00,HELS-009-2,HELS-009,Band 1 (2100MHz),-80.5,-8.4,13.0,0.0,10.8,31.9
2026-07-22 22:00:00,HELS-009-3,HELS-009,Band 1 (2100MHz),-82.3,-8.0,6.7,16.4,0.0,18.7
2026-07-22 22:00:00,HELS-010-1,HELS-010,Band 3 (1800MHz),-79.9,-6.1,14.3,16.5,13.6,19.1
2026-07-22 22:00:00,HELS-010-2,HELS-010,Band 3 (1800MHz),-77.8,-6.8,11.5,2.7,0.0,45.6
2026-07-22 22:00:00,HELS-010-3,HELS-010,Band 3 (1800MHz),-89.0,-7.4,15.5,15.4,20.5,0.0
2026-07-22 22:00:00,HELS-011-1,HELS-011,Band 1 (2100MHz),-79.8,-8.5,20.8,2.8,7.9,68.5
2026-07-22 22:00:00,HELS-011-2,HELS-011,Band 1 (2100MHz),-87.4,-10.2,15.0,1.5,0.0,52.5
2026-07-22 22:00:00,HELS-011-3,HELS-011,Band 1 (2100MHz),-76.7,-9.9,10.5,14.2,8.3,24.2
2026-07-22 22:00:00,HELS-012-1,HELS-012,Band 3 (1800MHz),-86.5,-8.6,17.5,16.4,20.6,46.3
2026-07-22 22:00:00,HELS-012-2,HELS-012,Band 3 (1800MHz),-90.3,-15.1,4.9,0.0,0.0,0.6
2026-07-22 22:00:00,HELS-012-3,HELS-012,Band 3 (1800MHz),-84.9,-11.8,5.9,4.2,0.0,16.1
2026-07-22 22:00:00,HELS-013-1,HELS-013,Band 1 (2100MHz),-87.2,-9.5,16.0,0.0,0.0,19.9
2026-07-22 22:00:00,HELS-013-2,HELS-013,Band 1 (2100MHz),-93.7,-7.6,8.6,5.8,6.3,0.0
2026-07-22 22:00:00,HELS-013-3,HELS-013,Band 1 (2100MHz),-78.3,-8.9,15.7,25.0,0.0,36.8
2026-07-22 22:00:00,HELS-014-1,HELS-014,Band 3 (1800MHz),-82.5,-5.9,4.7,2.5,0.0,9.0
2026-07-22 22:00:00,HELS-014-2,HELS-014,Band 3 (1800MHz),-80.9,-6.7,11.5,19.1,0.0,25.3
2026-07-22 22:00:00,HELS-014-3,HELS-014,Band 3 (1800MHz),-84.2,-7.4,14.1,24.6,10.4,7.5
2026-07-22 23:00:00,HELS-001-1,HELS-001,Band 1 (2100MHz),-88.3,-5.3,13.6,19.9,0.0,19.6
2026-07-22 23:00:00,HELS-001-2,HELS-001,Band 1 (2100MHz),-97.7,-11.4,9.2,13.9,4.8,43.3
2026-07-22 23:00:00,HELS-001-3,HELS-001,Band 1 (2100MHz),-94.0,-8.7,5.3,1.6,0.0,8.5
2026-07-22 23:00:00,HELS-002-1,HELS-002,Band 3 (1800MHz),-85.3,-9.3,8.0,0.0,26.1,5.4
2026-07-22 23:00:00,HELS-002-2,HELS-002,Band 3 (1800MHz),-84.0,-10.4,19.4,4.1,11.2,17.9
2026-07-22 23:00:00,HELS-002-3,HELS-002,Band 3 (1800MHz),-86.8,-8.3,14.2,24.4,6.9,30.7
2026-07-22 23:00:00,HELS-003-1,HELS-003,Band 1 (2100MHz),-88.1,-8.3,7.7,0.0,5.7,16.8
2026-07-22 23:00:00,HELS-003-2,HELS-003,Band 1 (2100MHz),-92.8,-11.7,-1.8,13.9,0.0,0.0
2026-07-22 23:00:00,HELS-003-3,HELS-003,Band 1 (2100MHz),-84.2,-10.2,8.5,26.1,6.5,3.7
2026-07-22 23:00:00,HELS-004-1,HELS-004,Band 3 (1800MHz),-82.8,-6.0,13.9,8.4,0.0,0.0
2026-07-22 23:00:00,HELS-004-2,HELS-004,Band 3 (1800MHz),-82.2,-7.8,7.0,2.5,13.9,42.8
2026-07-22 23:00:00,HELS-004-3,HELS-004,Band 3 (1800MHz),-83.6,-8.2,20.8,12.0,0.0,66.6
2026-07-22 23:00:00,HELS-005-1,HELS-005,Band 1 (2100MHz),-94.2,-14.3,5.0,10.2,4.9,8.6
2026-07-22 23:00:00,HELS-005-2,HELS-005,Band 1 (2100MHz),-82.8,-9.0,11.7,0.0,6.7,12.6
2026-07-22 23:00:00,HELS-005-3,HELS-005,Band 1 (2100MHz),-87.4,-6.4,16.2,31.1,7.0,1.9
2026-07-22 23:00:00,HELS-006-1,HELS-006,Band 3 (1800MHz),-78.9,-6.6,22.1,10.1,3.1,0.0
2026-07-22 23:00:00,HELS-006-2,HELS-006,Band 3 (1800MHz),-80.6,-6.1,7.7,2.0,0.0,33.3
2026-07-22 23:00:00,HELS-006-3,HELS-006,Band 3 (1800MHz),-87.8,-9.6,14.7,0.0,0.2,13.7
2026-07-22 23:00:00,HELS-007-1,HELS-007,Band 1 (2100MHz),-90.4,-10.8,13.1,0.0,0.5,36.6
2026-07-22 23:00:00,HELS-007-2,HELS-007,Band 1 (2100MHz),-83.2,-9.1,16.7,0.0,0.0,11.5
2026-07-22 23:00:00,HELS-007-3,HELS-007,Band 1 (2100MHz),-85.9,-10.2,12.6,12.4,2.1,0.0
2026-07-22 23:00:00,HELS-008-1,HELS-008,Band 3 (1800MHz),-79.8,-7.0,14.3,14.4,0.0,1.0
2026-07-22 23:00:00,HELS-008-2,HELS-008,Band 3 (1800MHz),-87.7,-11.6,19.6,18.2,4.5,25.2
2026-07-22 23:00:00,HELS-008-3,HELS-008,Band 3 (1800MHz),-83.0,-8.1,12.0,21.0,10.1,15.9
2026-07-22 23:00:00,HELS-009-1,HELS-009,Band 1 (2100MHz),-80.3,-3.2,16.1,27.9,10.0,15.7
2026-07-22 23:00:00,HELS-009-2,HELS-009,Band 1 (2100MHz),-86.3,-10.7,9.7,0.0,4.2,8.0
2026-07-22 23:00:00,HELS-009-3,HELS-009,Band 1 (2100MHz),-80.9,-6.8,12.5,22.5,9.3,38.3
2026-07-22 23:00:00,HELS-010-1,HELS-010,Band 3 (1800MHz),-90.2,-5.4,10.6,21.0,20.9,0.0
2026-07-22 23:00:00,HELS-010-2,HELS-010,Band 3 (1800MHz),-91.3,-12.1,7.4,18.0,9.4,0.0
2026-07-22 23:00:00,HELS-010-3,HELS-010,Band 3 (1800MHz),-88.1,-5.4,9.7,20.4,0.0,16.6
2026-07-22 23:00:00,HELS-011-1,HELS-011,Band 1 (2100MHz),-85.3,-11.2,19.1,2.8,13.7,60.2
2026-07-22 23:00:00,HELS-011-2,HELS-011,Band 1 (2100MHz),-84.6,-9.0,4.9,0.0,12.7,0.0
2026-07-22 23:00:00,HELS-011-3,HELS-011,Band 1 (2100MHz),-87.8,-7.3,27.5,17.4,0.0,4.4
2026-07-22 23:00:00,HELS-012-1,HELS-012,Band 3 (1800MHz),-79.6,-8.3,12.7,20.4,23.7,22.7
2026-07-22 23:00:00,HELS-012-2,HELS-012,Band 3 (1800MHz),-102.0,-8.7,4.2,30.8,29.7,12.2
2026-07-22 23:00:00,HELS-012-3,HELS-012,Band 3 (1800MHz),-85.4,-9.8,22.4,8.6,0.0,21.5
2026-07-22 23:00:00,HELS-013-1,HELS-013,Band 1 (2100MHz),-79.5,-7.6,12.7,8.5,13.9,7.7
2026-07-22 23:00:00,HELS-013-2,HELS-013,Band 1 (2100MHz),-80.1,-6.2,8.8,32.7,0.0,14.0
2026-07-22 23:00:00,HELS-013-3,HELS-013,Band 1 (2100MHz),-88.9,-9.4,6.5,3.4,4.8,0.0
2026-07-22 23:00:00,HELS-014-1,HELS-014,Band 3 (1800MHz),-83.7,-8.0,11.0,6.3,13.5,0.0
2026-07-22 23:00:00,HELS-014-2,HELS-014,Band 3 (1800MHz),-85.3,-9.8,13.1,5.7,9.9,12.9
2026-07-22 23:00:00,HELS-014-3,HELS-014,Band 3 (1800MHz),-81.1,-8.9,12.2,33.7,12.8,0.0
