timestamp_utc,cell_id,enodeb_id,frequency_band,avg_rsrp_dBm,avg_rsrq_dB,avg_sinr_dB,prb_utilization_dl_pct,prb_utilization_ul_pct,active_ue_avg
2026-01-13 00:00:00,KYIV-001-1,KYIV-001,Band 1 (2100MHz),-93.4,-9.5,14.3,0.0,20.9,7.0
2026-01-13 00:00:00,KYIV-001-2,KYIV-001,Band 1 (2100MHz),-91.6,-10.1,19.8,11.6,0.0,0.0
2026-01-13 00:00:00,KYIV-001-3,KYIV-001,Band 1 (2100MHz),-89.0,-6.9,12.0,28.7,13.2,5.2
2026-01-13 00:00:00,KYIV-002-1,KYIV-002,Band 3 (1800MHz),-95.5,-12.8,4.0,0.0,24.0,34.7
2026-01-13 00:00:00,KYIV-002-2,KYIV-002,Band 3 (1800MHz),-98.6,-12.7,1.7,11.8,16.9,16.4
2026-01-13 00:00:00,KYIV-002-3,KYIV-002,Band 3 (1800MHz),-90.9,-9.7,19.7,23.2,0.0,2.9
2026-01-13 00:00:00,KYIV-003-1,KYIV-003,Band 1 (2100MHz),-87.9,-9.7,8.6,13.1,0.0,29.0
2026-01-13 00:00:00,KYIV-003-2,KYIV-003,Band 1 (2100MHz),-86.2,-6.4,8.1,20.9,1.0,0.0
2026-01-13 00:00:00,KYIV-003-3,KYIV-003,Band 1 (2100MHz),-90.3,-7.1,14.8,26.0,19.0,7.7
2026-01-13 00:00:00,KYIV-004-1,KYIV-004,Band 3 (1800MHz),-84.9,-5.3,8.9,1.0,3.2,1.0
2026-01-13 00:00:00,KYIV-004-2,KYIV-004,Band 3 (1800MHz),-89.8,-9.5,5.0,26.5,7.3,0.0
2026-01-13 00:00:00,KYIV-004-3,KYIV-004,Band 3 (1800MHz),-82.7,-5.7,23.4,8.9,9.5,0.0
2026-01-13 00:00:00,KYIV-005-1,KYIV-005,Band 1 (2100MHz),-91.0,-7.5,11.3,0.0,6.4,31.5
2026-01-13 00:00:00,KYIV-005-2,KYIV-005,Band 1 (2100MHz),-91.0,-9.6,10.6,0.0,12.7,20.4
2026-01-13 00:00:00,KYIV-005-3,KYIV-005,Band 1 (2100MHz),-103.7,-12.3,9.5,33.7,4.6,0.0
2026-01-13 00:00:00,KYIV-006-1,KYIV-006,Band 3 (1800MHz),-89.5,-6.7,9.5,4.5,8.5,0.0
2026-01-13 00:00:00,KYIV-006-2,KYIV-006,Band 3 (1800MHz),-80.0,-7.2,13.4,13.0,0.0,11.2
2026-01-13 00:00:00,KYIV-006-3,KYIV-006,Band 3 (1800MHz),-79.5,-6.5,26.0,0.0,15.5,27.0
2026-01-13 00:00:00,KYIV-007-1,KYIV-007,Band 1 (2100MHz),-86.3,-6.4,12.8,15.5,8.0,25.8
2026-01-13 00:00:00,KYIV-007-2,KYIV-007,Band 1 (2100MHz),-91.3,-6.5,9.2,5.6,4.6,49.5
2026-01-13 00:00:00,KYIV-007-3,KYIV-007,Band 1 (2100MHz),-90.5,-6.6,6.5,0.0,4.1,30.8
2026-01-13 00:00:00,KYIV-008-1,KYIV-008,Band 3 (1800MHz),-92.3,-7.6,8.2,5.6,0.0,14.4
2026-01-13 00:00:00,KYIV-008-2,KYIV-008,Band 3 (1800MHz),-87.2,-9.2,16.7,12.1,17.2,15.8
2026-01-13 00:00:00,KYIV-008-3,KYIV-008,Band 3 (1800MHz),-87.6,-7.6,13.4,28.2,8.1,44.2
2026-01-13 00:00:00,KYIV-009-1,KYIV-009,Band 1 (2100MHz),-95.2,-6.8,17.3,4.1,5.9,0.0
2026-01-13 00:00:00,KYIV-009-2,KYIV-009,Band 1 (2100MHz),-86.6,-6.0,9.3,0.0,0.0,31.4
2026-01-13 00:00:00,KYIV-009-3,KYIV-009,Band 1 (2100MHz),-92.0,-7.8,14.5,3.5,0.2,20.0
2026-01-13 00:00:00,KYIV-010-1,KYIV-010,Band 3 (1800MHz),-90.1,-10.2,13.7,12.4,7.2,8.9
2026-01-13 00:00:00,KYIV-010-2,KYIV-010,Band 3 (1800MHz),-81.6,-5.2,9.6,27.2,5.1,25.2
2026-01-13 00:00:00,KYIV-010-3,KYIV-010,Band 3 (1800MHz),-84.7,-8.6,15.7,26.2,2.2,0.0
2026-01-13 00:00:00,KYIV-011-1,KYIV-011,Band 1 (2100MHz),-83.5,-9.6,17.9,17.8,4.8,19.5
2026-01-13 00:00:00,KYIV-011-2,KYIV-011,Band 1 (2100MHz),-85.6,-7.5,16.0,0.0,4.7,0.4
2026-01-13 00:00:00,KYIV-011-3,KYIV-011,Band 1 (2100MHz),-88.9,-2.7,11.6,23.5,21.8,44.8
2026-01-13 00:00:00,KYIV-012-1,KYIV-012,Band 3 (1800MHz),-88.2,-11.5,17.1,12.2,7.6,14.7
2026-01-13 00:00:00,KYIV-012-2,KYIV-012,Band 3 (1800MHz),-84.7,-8.9,5.5,8.3,18.7,0.0
2026-01-13 00:00:00,KYIV-012-3,KYIV-012,Band 3 (1800MHz),-90.4,-8.8,11.3,14.5,0.0,10.0
2026-01-13 00:00:00,KYIV-013-1,KYIV-013,Band 1 (2100MHz),-86.3,-8.8,13.5,17.5,17.3,22.8
2026-01-13 00:00:00,KYIV-013-2,KYIV-013,Band 1 (2100MHz),-91.9,-8.2,14.1,16.1,9.1,0.0
2026-01-13 00:00:00,KYIV-013-3,KYIV-013,Band 1 (2100MHz),-94.5,-10.5,10.4,16.3,0.0,29.4
2026-01-13 00:00:00,KYIV-014-1,KYIV-014,Band 3 (1800MHz),-97.5,-6.0,9.4,31.9,0.0,4.4
2026-01-13 00:00:00,KYIV-014-2,KYIV-014,Band 3 (1800MHz),-94.9,-10.7,6.7,23.0,6.9,9.1
2026-01-13 00:00:00,KYIV-014-3,KYIV-014,Band 3 (1800MHz),-89.7,-6.4,6.5,23.0,3.6,8.9
2026-01-13 00:00:00,KYIV-015-1,KYIV-015,Band 1 (2100MHz),-87.1,-9.2,11.3,12.7,0.0,5.2
2026-01-13 00:00:00,KYIV-015-2,KYIV-015,Band 1 (2100MHz),-85.7,-5.8,19.3,19.8,11.9,0.0
2026-01-13 00:00:00,KYIV-015-3,KYIV-015,Band 1 (2100MHz),-89.4,-8.8,17.1,26.7,0.0,32.7
2026-01-13 00:00:00,KYIV-016-1,KYIV-016,Band 3 (1800MHz),-88.5,-11.3,21.6,3.7,0.0,11.2
2026-01-13 00:00:00,KYIV-016-2,KYIV-016,Band 3 (1800MHz),-93.1,-7.4,16.3,20.5,9.3,0.0
2026-01-13 00:00:00,KYIV-016-3,KYIV-016,Band 3 (1800MHz),-85.8,-7.3,9.9,12.5,8.7,35.0
2026-01-13 01:00:00,KYIV-001-1,KYIV-001,Band 1 (2100MHz),-87.6,-7.5,9.1,6.7,10.9,41.7
2026-01-13 01:00:00,KYIV-001-2,KYIV-001,Band 1 (2100MHz),-87.8,-6.5,10.2,0.0,9.7,0.0
2026-01-13 01:00:00,KYIV-001-3,KYIV-001,Band 1 (2100MHz),-87.7,-7.5,23.4,4.5,0.0,31.4
2026-01-13 01:00:00,KYIV-002-1,KYIV-002,Band 3 (1800MHz),-103.8,-7.2,6.7,0.0,0.8,0.0
2026-01-13 01:00:00,KYIV-002-2,KYIV-002,Band 3 (1800MHz),-105.9,-9.1,-3.6,5.7,3.2,6.5
2026-01-13 01:00:00,KYIV-002-3,KYIV-002,Band 3 (1800MHz),-85.3,-6.4,12.2,3.1,12.8,0.0
2026-01-13 01:00:00,KYIV-003-1,KYIV-003,Band 1 (2100MHz),-87.7,-9.1,12.5,23.0,0.0,0.0
2026-01-13 01:00:00,KYIV-003-2,KYIV-003,Band 1 (2100MHz),-86.7,-9.4,20.8,17.1,0.0,25.9
2026-01-13 01:00:00,KYIV-003-3,KYIV-003,Band 1 (2100MHz),-87.2,-6.3,19.0,14.5,12.9,0.0
2026-01-13 01:00:00,KYIV-004-1,KYIV-004,Band 3 (1800MHz),-85.3,-7.6,13.3,14.8,11.6,11.9
2026-01-13 01:00:00,KYIV-004-2,KYIV-004,Band 3 (1800MHz),-86.1,-4.7,11.0,4.4,2.8,0.0
2026-01-13 01:00:00,KYIV-004-3,KYIV-004,Band 3 (1800MHz),-91.2,-8.0,9.9,30.0,1.4,13.1
2026-01-13 01:00:00,KYIV-005-1,KYIV-005,Band 1 (2100MHz),-86.4,-6.0,10.2,6.6,10.3,34.7
2026-01-13 01:00:00,KYIV-005-2,KYIV-005,Band 1 (2100MHz),-88.3,-3.9,16.6,0.0,3.0,25.5
2026-01-13 01:00:00,KYIV-005-3,KYIV-005,Band 1 (2100MHz),-101.2,-13.2,5.9,0.0,5.1,29.7
2026-01-13 01:00:00,KYIV-006-1,KYIV-006,Band 3 (1800MHz),-87.3,-9.8,14.1,0.8,18.6,34.3
2026-01-13 01:00:00,KYIV-006-2,KYIV-006,Band 3 (1800MHz),-74.9,-12.2,10.8,28.3,0.0,28.2
2026-01-13 01:00:00,KYIV-006-3,KYIV-006,Band 3 (1800MHz),-92.0,-5.3,13.5,16.5,0.0,19.4
2026-01-13 01:00:00,KYIV-007-1,KYIV-007,Band 1 (2100MHz),-87.0,-6.7,20.0,12.5,11.7,2.7
2026-01-13 01:00:00,KYIV-007-2,KYIV-007,Band 1 (2100MHz),-93.7,-9.4,20.7,14.5,15.6,27.7
2026-01-13 01:00:00,KYIV-007-3,KYIV-007,Band 1 (2100MHz),-87.6,-8.9,14.7,17.7,4.2,0.0
2026-01-13 01:00:00,KYIV-008-1,KYIV-008,Band 3 (1800MHz),-95.9,-5.5,10.0,8.2,0.0,6.6
2026-01-13 01:00:00,KYIV-008-2,KYIV-008,Band 3 (1800MHz),-90.9,-7.7,18.0,18.8,0.0,0.0
2026-01-13 01:00:00,KYIV-008-3,KYIV-008,Band 3 (1800MHz),-88.4,-6.3,13.5,1.1,0.0,22.0
2026-01-13 01:00:00,KYIV-009-1,KYIV-009,Band 1 (2100MHz),-87.2,-5.1,10.5,0.2,9.8,8.2
2026-01-13 01:00:00,KYIV-009-2,KYIV-009,Band 1 (2100MHz),-88.8,-3.1,9.1,7.3,0.0,10.2
2026-01-13 01:00:00,KYIV-009-3,KYIV-009,Band 1 (2100MHz),-85.5,-8.5,5.6,0.0,7.9,33.9
2026-01-13 01:00:00,KYIV-010-1,KYIV-010,Band 3 (1800MHz),-93.7,-7.6,6.4,28.1,8.3,79.4
2026-01-13 01:00:00,KYIV-010-2,KYIV-010,Band 3 (1800MHz),-85.4,-7.3,9.7,0.0,0.0,0.0
2026-01-13 01:00:00,KYIV-010-3,KYIV-010,Band 3 (1800MHz),-78.7,-8.4,12.9,3.6,6.5,34.1
2026-01-13 01:00:00,KYIV-011-1,KYIV-011,Band 1 (2100MHz),-81.9,-6.5,7.3,0.0,0.0,31.9
2026-01-13 01:00:00,KYIV-011-2,KYIV-011,Band 1 (2100MHz),-90.5,-3.8,15.0,5.2,12.5,4.6
2026-01-13 01:00:00,KYIV-011-3,KYIV-011,Band 1 (2100MHz),-84.5,-4.9,-1.7,22.1,1.5,3.0
2026-01-13 01:00:00,KYIV-012-1,KYIV-012,Band 3 (1800MHz),-88.9,-9.4,14.9,9.7,0.0,0.0
2026-01-13 01:00:00,KYIV-012-2,KYIV-012,Band 3 (1800MHz),-89.2,-9.3,14.6,1.7,0.0,16.1
2026-01-13 01:00:00,KYIV-012-3,KYIV-012,Band 3 (1800MHz),-86.6,-5.1,12.9,18.5,4.0,38.8
2026-01-13 01:00:00,KYIV-013-1,KYIV-013,Band 1 (2100MHz),-89.9,-8.7,23.9,21.1,14.1,7.7
2026-01-13 01:00:00,KYIV-013-2,KYIV-013,Band 1 (2100MHz),-83.7,-6.1,12.0,0.0,6.0,7.0
2026-01-13 01:00:00,KYIV-013-3,KYIV-013,Band 1 (2100MHz),-85.8,-7.4,14.0,0.0,5.1,34.9
2026-01-13 01:00:00,KYIV-014-1,KYIV-014,Band 3 (1800MHz),-83.7,-8.6,17.3,0.0,7.7,0.0
2026-01-13 01:00:00,KYIV-014-2,KYIV-014,Band 3 (1800MHz),-102.7,-7.8,-3.7,2.3,15.5,0.0
2026-01-13 01:00:00,KYIV-014-3,KYIV-014,Band 3 (1800MHz),-91.5,-13.3,13.3,18.0,6.7,0.0
2026-01-13 01:00:00,KYIV-015-1,KYIV-015,Band 1 (2100MHz),-89.7,-7.2,10.3,21.8,25.0,53.3
2026-01-13 01:00:00,KYIV-015-2,KYIV-015,Band 1 (2100MHz),-85.5,-8.4,13.1,12.3,12.5,0.0
2026-01-13 01:00:00,KYIV-015-3,KYIV-015,Band 1 (2100MHz),-81.8,-10.4,11.2,0.0,11.9,10.9
2026-01-13 01:00:00,KYIV-016-1,KYIV-016,Band 3 (1800MHz),-79.8,-6.8,5.1,3.9,15.2,0.0
2026-01-13 01:00:00,KYIV-016-2,KYIV-016,Band 3 (1800MHz),-85.8,-8.9,8.0,19.3,1.0,4.3
2026-01-13 01:00:00,KYIV-016-3,KYIV-016,Band 3 (1800MHz),-88.2,-3.8,11.6,2.9,15.3,9.1
2026-01-13 02:00:00,KYIV-001-1,KYIV-001,Band 1 (2100MHz),-85.8,-7.4,9.7,25.2,8.0,20.8
2026-01-13 02:00:00,KYIV-001-2,KYIV-001,Band 1 (2100MHz),-81.3,-9.7,12.7,20.6,0.0,11.5
2026-01-13 02:00:00,KYIV-001-3,KYIV-001,Band 1 (2100MHz),-89.9,-7.0,11.8,0.0,0.0,0.0
2026-01-13 02:00:00,KYIV-002-1,KYIV-002,Band 3 (1800MHz),-99.3,-11.0,10.5,12.3,0.0,0.0
2026-01-13 02:00:00,KYIV-002-2,KYIV-002,Band 3 (1800MHz),-96.6,-10.6,7.8,21.8,5.0,56.0
2026-01-13 02:00:00,KYIV-002-3,KYIV-002,Band 3 (1800MHz),-88.2,-9.0,15.6,14.2,9.7,0.0
2026-01-13 02:00:00,KYIV-003-1,KYIV-003,Band 1 (2100MHz),-87.3,-6.8,17.4,0.0,0.0,50.0
2026-01-13 02:00:00,KYIV-003-2,KYIV-003,Band 1 (2100MHz),-94.4,-9.4,10.7,20.3,0.0,23.7
2026-01-13 02:00:00,KYIV-003-3,KYIV-003,Band 1 (2100MHz),-86.9,-7.4,6.6,0.0,3.2,23.5
2026-01-13 02:00:00,KYIV-004-1,KYIV-004,Band 3 (1800MHz),-90.4,-8.4,3.6,1.9,0.0,18.0
2026-01-13 02:00:00,KYIV-004-2,KYIV-004,Band 3 (1800MHz),-87.4,-5.8,-1.6,1.6,2.5,28.8
2026-01-13 02:00:00,KYIV-004-3,KYIV-004,Band 3 (1800MHz),-89.6,-10.0,16.0,0.5,12.8,2.9
2026-01-13 02:00:00,KYIV-005-1,KYIV-005,Band 1 (2100MHz),-89.1,-4.4,15.8,8.6,0.0,0.0
2026-01-13 02:00:00,KYIV-005-2,KYIV-005,Band 1 (2100MHz),-85.0,-5.0,21.5,0.0,23.0,0.0
2026-01-13 02:00:00,KYIV-005-3,KYIV-005,Band 1 (2100MHz),-98.5,-7.9,2.7,0.0,5.7,0.0
2026-01-13 02:00:00,KYIV-006-1,KYIV-006,Band 3 (1800MHz),-91.8,-12.0,20.3,0.0,17.2,0.0
2026-01-13 02:00:00,KYIV-006-2,KYIV-006,Band 3 (1800MHz),-84.6,-8.8,6.4,7.1,4.7,0.0
2026-01-13 02:00:00,KYIV-006-3,KYIV-006,Band 3 (1800MHz),-87.7,-7.3,10.2,12.8,0.2,7.9
2026-01-13 02:00:00,KYIV-007-1,KYIV-007,Band 1 (2100MHz),-84.1,-6.4,4.6,0.0,8.9,26.8
2026-01-13 02:00:00,KYIV-007-2,KYIV-007,Band 1 (2100MHz),-95.0,-4.4,17.2,4.5,0.0,9.8
2026-01-13 02:00:00,KYIV-007-3,KYIV-007,Band 1 (2100MHz),-85.6,-8.0,20.4,22.7,0.0,0.0
2026-01-13 02:00:00,KYIV-008-1,KYIV-008,Band 3 (1800MHz),-90.4,-8.4,20.8,7.4,11.4,24.2
2026-01-13 02:00:00,KYIV-008-2,KYIV-008,Band 3 (1800MHz),-91.1,-7.6,5.8,0.0,0.0,36.2
2026-01-13 02:00:00,KYIV-008-3,KYIV-008,Band 3 (1800MHz),-84.7,-7.0,14.6,9.1,0.0,15.5
2026-01-13 02:00:00,KYIV-009-1,KYIV-009,Band 1 (2100MHz),-89.4,-4.2,20.0,0.0,0.0,24.6
2026-01-13 02:00:00,KYIV-009-2,KYIV-009,Band 1 (2100MHz),-90.0,-5.3,10.0,25.6,14.8,13.0
2026-01-13 02:00:00,KYIV-009-3,KYIV-009,Band 1 (2100MHz),-90.7,-6.0,11.8,0.0,12.5,12.9
2026-01-13 02:00:00,KYIV-010-1,KYIV-010,Band 3 (1800MHz),-87.1,-7.6,12.3,32.6,0.0,44.2
2026-01-13 02:00:00,KYIV-010-2,KYIV-010,Band 3 (1800MHz),-87.1,-9.0,15.0,14.8,4.6,27.2
2026-01-13 02:00:00,KYIV-010-3,KYIV-010,Band 3 (1800MHz),-94.2,-6.3,15.4,19.9,0.0,18.1
2026-01-13 02:00:00,KYIV-011-1,KYIV-011,Band 1 (2100MHz),-84.4,-4.9,9.0,12.0,14.7,1.1
2026-01-13 02:00:00,KYIV-011-2,KYIV-011,Band 1 (2100MHz),-88.5,-6.7,14.4,25.0,5.4,27.4
2026-01-13 02:00:00,KYIV-011-3,KYIV-011,Band 1 (2100MHz),-88.4,-6.6,16.9,7.2,0.0,6.4
2026-01-13 02:00:00,KYIV-012-1,KYIV-012,Band 3 (1800MHz),-85.7,-8.4,13.4,12.9,31.1,54.4
2026-01-13 02:00:00,KYIV-012-2,KYIV-012,Band 3 (1800MHz),-91.7,-10.4,13.2,0.0,18.9,0.0
2026-01-13 02:00:00,KYIV-012-3,KYIV-012,Band 3 (1800MHz),-85.0,-9.4,19.5,4.2,14.0,37.6
2026-01-13 02:00:00,KYIV-013-1,KYIV-013,Band 1 (2100MHz),-85.1,-5.9,19.1,36.3,0.0,38.2
2026-01-13 02:00:00,KYIV-013-2,KYIV-013,Band 1 (2100MHz),-89.3,-11.3,11.5,0.0,0.0,21.5
2026-01-13 02:00:00,KYIV-013-3,KYIV-013,Band 1 (2100MHz),-86.2,-8.1,12.0,9.3,8.0,61.7
2026-01-13 02:00:00,KYIV-014-1,KYIV-014,Band 3 (1800MHz),-78.9,-4.5,17.1,5.8,14.7,38.7
2026-01-13 02:00:00,KYIV-014-2,KYIV-014,Band 3 (1800MHz),-96.4,-12.7,10.0,0.0,6.0,24.1
2026-01-13 02:00:00,KYIV-014-3,KYIV-014,Band 3 (1800MHz),-81.7,-5.5,13.6,3.5,1.3,0.0
2026-01-13 02:00:00,KYIV-015-1,KYIV-015,Band 1 (2100MHz),-87.1,-8.3,18.7,15.0,4.7,0.0
2026-01-13 02:00:00,KYIV-015-2,KYIV-015,Band 1 (2100MHz),-84.6,-6.3,1.2,14.3,4.9,15.3
2026-01-13 02:00:00,KYIV-015-3,KYIV-015,Band 1 (2100MHz),-91.3,-8.2,19.1,0.8,20.6,35.5
2026-01-13 02:00:00,KYIV-016-1,KYIV-016,Band 3 (1800MHz),-87.4,-7.5,6.6,5.7,10.2,0.0
2026-01-13 02:00:00,KYIV-016-2,KYIV-016,Band 3 (1800MHz),-90.0,-7.8,12.1,0.0,4.6,0.0
2026-01-13 02:00:00,KYIV-016-3,KYIV-016,Band 3 (1800MHz),-80.5,-5.3,9.7,8.0,0.0,27.0
2026-01-13 03:00:00,KYIV-001-1,KYIV-001,Band 1 (2100MHz),-89.8,-6.0,17.8,0.0,14.8,46.3
2026-01-13 03:00:00,KYIV-001-2,KYIV-001,Band 1 (2100MHz),-80.5,-7.2,12.8,13.8,0.9,4.8
2026-01-13 03:00:00,KYIV-001-3,KYIV-001,Band 1 (2100MHz),-85.7,-8.9,9.6,0.0,1.5,40.7
2026-01-13 03:00:00,KYIV-002-1,KYIV-002,Band 3 (1800MHz),-101.3,-11.4,1.7,12.0,10.6,0.0
2026-01-13 03:00:00,KYIV-002-2,KYIV-002,Band 3 (1800MHz),-94.1,-11.1,1.1,10.2,0.7,0.0
2026-01-13 03:00:00,KYIV-002-3,KYIV-002,Band 3 (1800MHz),-86.9,-6.4,17.7,17.7,5.8,39.7
2026-01-13 03:00:00,KYIV-003-1,KYIV-003,Band 1 (2100MHz),-90.6,-5.4,5.5,8.8,0.0,63.0
2026-01-13 03:00:00,KYIV-003-2,KYIV-003,Band 1 (2100MHz),-80.6,-8.7,11.7,6.6,12.0,16.4
2026-01-13 03:00:00,KYIV-003-3,KYIV-003,Band 1 (2100MHz),-83.2,-5.6,5.7,0.0,17.6,8.4
2026-01-13 03:00:00,KYIV-004-1,KYIV-004,Band 3 (1800MHz),-80.9,-8.2,14.3,14.5,0.0,0.0
2026-01-13 03:00:00,KYIV-004-2,KYIV-004,Band 3 (1800MHz),-91.4,-9.7,8.6,0.0,0.0,43.4
2026-01-13 03:00:00,KYIV-004-3,KYIV-004,Band 3 (1800MHz),-84.1,-8.8,17.7,9.0,12.7,11.1
2026-01-13 03:00:00,KYIV-005-1,KYIV-005,Band 1 (2100MHz),-91.2,-6.6,8.1,24.4,0.0,29.5
2026-01-13 03:00:00,KYIV-005-2,KYIV-005,Band 1 (2100MHz),-82.1,-6.2,15.8,8.9,8.3,60.2
2026-01-13 03:00:00,KYIV-005-3,KYIV-005,Band 1 (2100MHz),-98.6,-11.0,3.0,0.0,19.7,62.6
2026-01-13 03:00:00,KYIV-006-1,KYIV-006,Band 3 (1800MHz),-89.8,-10.5,13.9,8.3,18.4,11.4
2026-01-13 03:00:00,KYIV-006-2,KYIV-006,Band 3 (1800MHz),-90.5,-10.7,14.6,0.0,0.0,51.2
2026-01-13 03:00:00,KYIV-006-3,KYIV-006,Band 3 (1800MHz),-84.4,-9.5,6.6,0.0,3.4,30.8
2026-01-13 03:00:00,KYIV-007-1,KYIV-007,Band 1 (2100MHz),-92.5,-6.7,11.9,1.8,14.2,11.2
2026-01-13 03:00:00,KYIV-007-2,KYIV-007,Band 1 (2100MHz),-81.8,-5.7,14.1,12.1,3.1,0.0
2026-01-13 03:00:00,KYIV-007-3,KYIV-007,Band 1 (2100MHz),-85.1,-6.4,4.2,12.8,9.1,4.0
2026-01-13 03:00:00,KYIV-008-1,KYIV-008,Band 3 (1800MHz),-86.4,-3.7,19.0,0.0,0.0,0.0
2026-01-13 03:00:00,KYIV-008-2,KYIV-008,Band 3 (1800MHz),-82.6,-9.1,23.3,1.0,12.1,7.6
2026-01-13 03:00:00,KYIV-008-3,KYIV-008,Band 3 (1800MHz),-94.0,-7.8,17.0,0.0,0.0,0.0
2026-01-13 03:00:00,KYIV-009-1,KYIV-009,Band 1 (2100MHz),-93.5,-7.2,23.5,23.9,0.5,0.0
2026-01-13 03:00:00,KYIV-009-2,KYIV-009,Band 1 (2100MHz),-91.0,-4.3,6.0,17.1,7.1,10.4
2026-01-13 03:00:00,KYIV-009-3,KYIV-009,Band 1 (2100MHz),-80.3,-3.7,4.7,26.4,0.0,0.0
2026-01-13 03:00:00,KYIV-010-1,KYIV-010,Band 3 (1800MHz),-89.9,-7.8,16.6,0.0,10.2,0.0
2026-01-13 03:00:00,KYIV-010-2,KYIV-010,Band 3 (1800MHz),-80.9,-9.8,21.5,4.6,4.5,3.0
2026-01-13 03:00:00,KYIV-010-3,KYIV-010,Band 3 (1800MHz),-85.2,-7.1,11.2,0.0,0.0,6.8
2026-01-13 03:00:00,KYIV-011-1,KYIV-011,Band 1 (2100MHz),-93.8,-6.7,0.8,22.4,0.0,46.6
2026-01-13 03:00:00,KYIV-011-2,KYIV-011,Band 1 (2100MHz),-87.3,-8.7,13.2,18.5,12.5,13.3
2026-01-13 03:00:00,KYIV-011-3,KYIV-011,Band 1 (2100MHz),-85.0,-4.3,11.0,0.0,0.2,19.8
2026-01-13 03:00:00,KYIV-012-1,KYIV-012,Band 3 (1800MHz),-85.4,-4.6,19.2,4.9,22.4,13.8
2026-01-13 03:00:00,KYIV-012-2,KYIV-012,Band 3 (1800MHz),-86.6,-5.7,6.4,6.4,7.3,14.7
2026-01-13 03:00:00,KYIV-012-3,KYIV-012,Band 3 (1800MHz),-88.4,-7.3,14.3,8.6,6.5,0.0
2026-01-13 03:00:00,KYIV-013-1,KYIV-013,Band 1 (2100MHz),-91.8,-6.2,11.7,12.8,8.5,2.7
2026-01-13 03:00:00,KYIV-013-2,KYIV-013,Band 1 (2100MHz),-85.6,-6.9,21.3,2.9,3.7,24.2
2026-01-13 03:00:00,KYIV-013-3,KYIV-013,Band 1 (2100MHz),-88.0,-6.9,12.0,0.0,2.2,26.7
2026-01-13 03:00:00,KYIV-014-1,KYIV-014,Band 3 (1800MHz),-88.3,-3.3,12.2,17.7,3.6,2.7
2026-01-13 03:00:00,KYIV-014-2,KYIV-014,Band 3 (1800MHz),-94.4,-11.6,7.4,5.5,10.8,0.0
2026-01-13 03:00:00,KYIV-014-3,KYIV-014,Band 3 (1800MHz),-91.2,-6.8,13.2,11.3,0.8,16.5
2026-01-13 03:00:00,KYIV-015-1,KYIV-015,Band 1 (2100MHz),-93.6,-7.7,14.7,19.3,0.0,0.0
2026-01-13 03:00:00,KYIV-015-2,KYIV-015,Band 1 (2100MHz),-91.0,-7.1,12.9,0.0,5.1,29.2
2026-01-13 03:00:00,KYIV-015-3,KYIV-015,Band 1 (2100MHz),-90.6,-9.0,21.9,0.0,0.0,21.1
2026-01-13 03:00:00,KYIV-016-1,KYIV-016,Band 3 (1800MHz),-88.6,-6.5,16.2,2.2,0.0,16.3
2026-01-13 03:00:00,KYIV-016-2,KYIV-016,Band 3 (1800MHz),-87.8,-8.4,12.6,17.2,7.8,0.0
2026-01-13 03:00:00,KYIV-016-3,KYIV-016,Band 3 (1800MHz),-91.3,-9.0,8.4,19.7,12.0,26.5
2026-01-13 04:00:00,KYIV-001-1,KYIV-001,Band 1 (2100MHz),-84.0,-4.9,15.3,18.5,9.0,0.0
2026-01-13 04:00:00,KYIV-001-2,KYIV-001,Band 1 (2100MHz),-80.0,-8.5,14.5,4.5,0.0,0.0
2026-01-13 04:00:00,KYIV-001-3,KYIV-001,Band 1 (2100MHz),-83.1,-8.6,13.4,0.0,22.1,15.3
2026-01-13 04:00:00,KYIV-002-1,KYIV-002,Band 3 (1800MHz),-100.4,-10.9,5.0,18.8,7.9,0.0
2026-01-13 04:00:00,KYIV-002-2,KYIV-002,Band 3 (1800MHz),-97.4,-11.9,-1.9,20.3,3.5,3.6
2026-01-13 04:00:00,KYIV-002-3,KYIV-002,Band 3 (1800MHz),-84.9,-5.6,16.5,3.8,12.6,40.6
2026-01-13 04:00:00,KYIV-003-1,KYIV-003,Band 1 (2100MHz),-84.9,-7.5,12.5,0.0,0.0,0.0
2026-01-13 04:00:00,KYIV-003-2,KYIV-003,Band 1 (2100MHz),-85.9,-6.8,4.2,0.3,21.8,5.6
2026-01-13 04:00:00,KYIV-003-3,KYIV-003,Band 1 (2100MHz),-92.2,-9.8,23.0,0.0,11.1,10.6
2026-01-13 04:00:00,KYIV-004-1,KYIV-004,Band 3 (1800MHz),-91.3,-9.2,15.0,0.0,1.5,33.7
2026-01-13 04:00:00,KYIV-004-2,KYIV-004,Band 3 (1800MHz),-86.9,-6.4,16.0,11.9,9.4,0.0
2026-01-13 04:00:00,KYIV-004-3,KYIV-004,Band 3 (1800MHz),-90.3,-12.9,18.5,13.5,0.0,43.5
2026-01-13 04:00:00,KYIV-005-1,KYIV-005,Band 1 (2100MHz),-91.5,-6.7,7.6,0.0,0.0,14.4
2026-01-13 04:00:00,KYIV-005-2,KYIV-005,Band 1 (2100MHz),-91.1,-9.3,12.8,27.0,3.1,0.0
2026-01-13 04:00:00,KYIV-005-3,KYIV-005,Band 1 (2100MHz),-105.1,-10.1,10.9,12.6,12.1,13.8
2026-01-13 04:00:00,KYIV-006-1,KYIV-006,Band 3 (1800MHz),-81.5,-9.4,19.6,18.5,0.5,0.0
2026-01-13 04:00:00,KYIV-006-2,KYIV-006,Band 3 (1800MHz),-85.9,-9.2,13.5,7.8,3.1,14.8
2026-01-13 04:00:00,KYIV-006-3,KYIV-006,Band 3 (1800MHz),-81.7,-6.4,5.9,0.2,3.2,37.7
2026-01-13 04:00:00,KYIV-007-1,KYIV-007,Band 1 (2100MHz),-90.9,-6.5,13.1,6.6,1.5,8.4
2026-01-13 04:00:00,KYIV-007-2,KYIV-007,Band 1 (2100MHz),-89.6,-8.5,28.8,0.0,8.8,11.8
2026-01-13 04:00:00,KYIV-007-3,KYIV-007,Band 1 (2100MHz),-87.2,-5.4,1.6,19.1,10.2,28.7
2026-01-13 04:00:00,KYIV-008-1,KYIV-008,Band 3 (1800MHz),-82.2,-8.1,16.6,4.3,1.6,0.0
2026-01-13 04:00:00,KYIV-008-2,KYIV-008,Band 3 (1800MHz),-85.8,-2.5,8.0,0.0,11.4,0.0
2026-01-13 04:00:00,KYIV-008-3,KYIV-008,Band 3 (1800MHz),-88.9,-5.8,11.4,6.1,0.0,0.0
2026-01-13 04:00:00,KYIV-009-1,KYIV-009,Band 1 (2100MHz),-84.3,-8.0,9.0,0.0,4.7,0.0
2026-01-13 04:00:00,KYIV-009-2,KYIV-009,Band 1 (2100MHz),-87.1,-9.8,21.3,0.0,10.3,34.4
2026-01-13 04:00:00,KYIV-009-3,KYIV-009,Band 1 (2100MHz),-92.1,-6.9,4.9,0.0,2.7,40.0
2026-01-13 04:00:00,KYIV-010-1,KYIV-010,Band 3 (1800MHz),-92.3,-6.5,16.2,5.4,2.1,28.3
2026-01-13 04:00:00,KYIV-010-2,KYIV-010,Band 3 (1800MHz),-88.3,-6.8,8.7,34.0,3.8,14.8
2026-01-13 04:00:00,KYIV-010-3,KYIV-010,Band 3 (1800MHz),-88.9,-12.0,-1.7,0.0,0.0,0.0
2026-01-13 04:00:00,KYIV-011-1,KYIV-011,Band 1 (2100MHz),-88.4,-8.1,9.4,17.8,0.0,23.3
2026-01-13 04:00:00,KYIV-011-2,KYIV-011,Band 1 (2100MHz),-79.7,-10.1,7.7,13.9,8.9,20.8
2026-01-13 04:00:00,KYIV-011-3,KYIV-011,Band 1 (2100MHz),-89.2,-10.3,19.5,6.3,0.0,0.0
2026-01-13 04:00:00,KYIV-012-1,KYIV-012,Band 3 (1800MHz),-91.2,-8.8,16.8,1.5,0.0,0.0
2026-01-13 04:00:00,KYIV-012-2,KYIV-012,Band 3 (1800MHz),-84.2,-10.2,5.1,7.3,12.4,9.3
2026-01-13 04:00:00,KYIV-012-3,KYIV-012,Band 3 (1800MHz),-85.0,-10.3,11.5,12.5,10.1,10.6
2026-01-13 04:00:00,KYIV-013-1,KYIV-013,Band 1 (2100MHz),-86.6,-7.6,14.0,8.0,0.0,17.1
2026-01-13 04:00:00,KYIV-013-2,KYIV-013,Band 1 (2100MHz),-87.4,-5.0,3.7,0.0,5.2,0.9
2026-01-13 04:00:00,KYIV-013-3,KYIV-013,Band 1 (2100MHz),-77.2,-6.9,15.1,17.1,19.4,27.0
2026-01-13 04:00:00,KYIV-014-1,KYIV-014,Band 3 (1800MHz),-88.1,-9.6,-0.0,7.1,18.0,37.1
2026-01-13 04:00:00,KYIV-014-2,KYIV-014,Band 3 (1800MHz),-101.1,-14.6,4.7,18.6,14.3,2.0
2026-01-13 04:00:00,KYIV-014-3,KYIV-014,Band 3 (1800MHz),-86.0,-8.8,7.5,13.7,0.0,16.9
2026-01-13 04:00:00,KYIV-015-1,KYIV-015,Band 1 (2100MHz),-85.2,-7.0,16.5,13.0,10.2,0.0
2026-01-13 04:00:00,KYIV-015-2,KYIV-015,Band 1 (2100MHz),-82.6,-6.4,4.8,14.4,15.6,12.9
2026-01-13 04:00:00,KYIV-015-3,KYIV-015,Band 1 (2100MHz),-90.5,-9.0,8.2,0.0,8.9,60.2
2026-01-13 04:00:00,KYIV-016-1,KYIV-016,Band 3 (1800MHz),-79.7,-6.5,12.4,0.0,10.9,19.2
2026-01-13 04:00:00,KYIV-016-2,KYIV-016,Band 3 (1800MHz),-87.7,-2.4,3.6,28.7,0.0,3.3
2026-01-13 04:00:00,KYIV-016-3,KYIV-016,Band 3 (1800MHz),-90.2,-6.8,11.5,15.8,5.0,34.6
2026-01-13 05:00:00,KYIV-001-1,KYIV-001,Band 1 (2100MHz),-90.4,-5.6,16.2,11.8,2.6,18.1
2026-01-13 05:00:00,KYIV-001-2,KYIV-001,Band 1 (2100MHz),-83.0,-11.5,17.7,0.0,16.9,44.9
2026-01-13 05:00:00,KYIV-001-3,KYIV-001,Band 1 (2100MHz),-78.8,-9.3,14.9,9.8,6.2,4.3
2026-01-13 05:00:00,KYIV-002-1,KYIV-002,Band 3 (1800MHz),-105.0,-11.4,-7.8,0.0,17.3,37.9
2026-01-13 05:00:00,KYIV-002-2,KYIV-002,Band 3 (1800MHz),-106.1,-16.8,5.3,7.2,8.8,29.1
2026-01-13 05:00:00,KYIV-002-3,KYIV-002,Band 3 (1800MHz),-89.0,-9.2,4.8,16.2,6.6,31.5
2026-01-13 05:00:00,KYIV-003-1,KYIV-003,Band 1 (2100MHz),-90.1,-10.8,16.3,12.1,0.0,8.2
2026-01-13 05:00:00,KYIV-003-2,KYIV-003,Band 1 (2100MHz),-96.4,-5.3,12.4,0.0,8.7,39.0
2026-01-13 05:00:00,KYIV-003-3,KYIV-003,Band 1 (2100MHz),-80.0,-10.3,16.7,13.6,0.0,0.0
2026-01-13 05:00:00,KYIV-004-1,KYIV-004,Band 3 (1800MHz),-94.6,-7.7,9.0,13.6,3.1,0.0
2026-01-13 05:00:00,KYIV-004-2,KYIV-004,Band 3 (1800MHz),-88.8,-9.0,10.4,0.0,0.0,10.0
2026-01-13 05:00:00,KYIV-004-3,KYIV-004,Band 3 (1800MHz),-86.5,-10.4,10.3,16.2,0.0,0.0
2026-01-13 05:00:00,KYIV-005-1,KYIV-005,Band 1 (2100MHz),-84.6,-9.9,22.4,0.0,6.8,33.5
2026-01-13 05:00:00,KYIV-005-2,KYIV-005,Band 1 (2100MHz),-86.3,-6.0,15.0,22.7,22.4,0.5
2026-01-13 05:00:00,KYIV-005-3,KYIV-005,Band 1 (2100MHz),-104.6,-13.6,-1.2,16.5,3.5,28.5
2026-01-13 05:00:00,KYIV-006-1,KYIV-006,Band 3 (1800MHz),-84.1,-10.7,9.6,0.8,3.1,0.0
2026-01-13 05:00:00,KYIV-006-2,KYIV-006,Band 3 (1800MHz),-85.1,-8.1,13.1,30.0,0.0,15.9
2026-01-13 05:00:00,KYIV-006-3,KYIV-006,Band 3 (1800MHz),-83.0,-10.6,22.5,0.0,26.4,11.8
2026-01-13 05:00:00,KYIV-007-1,KYIV-007,Band 1 (2100MHz),-93.6,-6.0,19.4,17.6,0.0,30.0
2026-01-13 05:00:00,KYIV-007-2,KYIV-007,Band 1 (2100MHz),-85.9,-7.7,17.6,7.9,0.0,0.0
2026-01-13 05:00:00,KYIV-007-3,KYIV-007,Band 1 (2100MHz),-86.0,-5.8,17.6,11.3,1.0,31.4
2026-01-13 05:00:00,KYIV-008-1,KYIV-008,Band 3 (1800MHz),-93.1,-7.4,14.5,17.9,0.0,16.1
2026-01-13 05:00:00,KYIV-008-2,KYIV-008,Band 3 (1800MHz),-87.9,-5.9,18.6,0.0,1.8,38.1
2026-01-13 05:00:00,KYIV-008-3,KYIV-008,Band 3 (1800MHz),-90.2,-5.9,13.0,8.8,0.8,0.0
2026-01-13 05:00:00,KYIV-009-1,KYIV-009,Band 1 (2100MHz),-91.4,-10.4,16.4,23.0,13.1,7.7
2026-01-13 05:00:00,KYIV-009-2,KYIV-009,Band 1 (2100MHz),-87.8,-7.6,10.2,0.0,0.0,17.5
2026-01-13 05:00:00,KYIV-009-3,KYIV-009,Band 1 (2100MHz),-86.3,-9.2,17.1,4.1,3.7,14.5
2026-01-13 05:00:00,KYIV-010-1,KYIV-010,Band 3 (1800MHz),-84.6,-9.2,16.4,21.2,3.1,0.0
2026-01-13 05:00:00,KYIV-010-2,KYIV-010,Band 3 (1800MHz),-92.0,-10.3,15.0,16.8,0.0,82.4
2026-01-13 05:00:00,KYIV-010-3,KYIV-010,Band 3 (1800MHz),-94.2,-6.7,14.9,16.4,0.0,0.0
2026-01-13 05:00:00,KYIV-011-1,KYIV-011,Band 1 (2100MHz),-82.8,-6.5,19.5,11.3,6.2,40.7
2026-01-13 05:00:00,KYIV-011-2,KYIV-011,Band 1 (2100MHz),-85.5,-8.6,13.2,27.8,18.5,38.3
2026-01-13 05:00:00,KYIV-011-3,KYIV-011,Band 1 (2100MHz),-89.6,-5.6,3.6,8.0,0.0,9.7
2026-01-13 05:00:00,KYIV-012-1,KYIV-012,Band 3 (1800MHz),-91.3,-9.0,10.7,0.0,1.2,7.5
2026-01-13 05:00:00,KYIV-012-2,KYIV-012,Band 3 (1800MHz),-86.2,-9.0,15.2,0.0,7.7,0.0
2026-01-13 05:00:00,KYIV-012-3,KYIV-012,Band 3 (1800MHz),-84.4,-5.6,6.9,6.9,10.5,11.3
2026-01-13 05:00:00,KYIV-013-1,KYIV-013,Band 1 (2100MHz),-90.5,-7.2,15.6,0.0,23.6,0.0
2026-01-13 05:00:00,KYIV-013-2,KYIV-013,Band 1 (2100MHz),-87.4,-7.9,-1.5,16.0,0.0,0.0
2026-01-13 05:00:00,KYIV-013-3,KYIV-013,Band 1 (2100MHz),-84.2,-6.2,5.6,13.6,0.0,30.0
2026-01-13 05:00:00,KYIV-014-1,KYIV-014,Band 3 (1800MHz),-87.4,-5.1,15.3,25.5,18.7,0.9
2026-01-13 05:00:00,KYIV-014-2,KYIV-014,Band 3 (1800MHz),-102.5,-13.1,8.3,16.0,13.6,28.2
2026-01-13 05:00:00,KYIV-014-3,KYIV-014,Band 3 (1800MHz),-93.1,-7.9,11.5,4.8,0.0,26.2
2026-01-13 05:00:00,KYIV-015-1,KYIV-015,Band 1 (2100MHz),-86.4,-8.6,4.8,19.3,17.4,20.0
2026-01-13 05:00:00,KYIV-015-2,KYIV-015,Band 1 (2100MHz),-76.6,-8.0,18.2,0.0,0.0,48.3
2026-01-13 05:00:00,KYIV-015-3,KYIV-015,Band 1 (2100MHz),-86.5,-8.1,13.8,8.6,15.3,20.9
2026-01-13 05:00:00,KYIV-016-1,KYIV-016,Band 3 (1800MHz),-86.3,-8.7,19.7,0.0,8.2,2.9
2026-01-13 05:00:00,KYIV-016-2,KYIV-016,Band 3 (1800MHz),-80.4,-7.5,14.2,34.7,8.8,12.5
2026-01-13 05:00:00,KYIV-016-3,KYIV-016,Band 3 (1800MHz),-83.3,-11.3,16.0,6.1,21.2,23.9
2026-01-13 06:00:00,KYIV-001-1,KYIV-001,Band 1 (2100MHz),-100.6,-6.8,2.7,23.1,4.7,31.6
2026-01-13 06:00:00,KYIV-001-2,KYIV-001,Band 1 (2100MHz),-91.1,-9.7,9.2,32.5,3.9,44.8
2026-01-13 06:00:00,KYIV-001-3,KYIV-001,Band 1 (2100MHz),-91.0,-8.4,2.2,0.0,4.7,0.0
2026-01-13 06:00:00,KYIV-002-1,KYIV-002,Band 3 (1800MHz),-95.2,-11.2,1.7,14.8,0.6,0.0
2026-01-13 06:00:00,KYIV-002-2,KYIV-002,Band 3 (1800MHz),-98.8,-11.5,4.6,10.1,2.0,44.2
2026-01-13 06:00:00,KYIV-002-3,KYIV-002,Band 3 (1800MHz),-83.5,-6.7,28.3,12.8,0.9,47.0
2026-01-13 06:00:00,KYIV-003-1,KYIV-003,Band 1 (2100MHz),-86.5,-10.4,15.3,2.9,6.7,33.4
2026-01-13 06:00:00,KYIV-003-2,KYIV-003,Band 1 (2100MHz),-87.7,-10.6,26.8,34.7,10.3,24.8
2026-01-13 06:00:00,KYIV-003-3,KYIV-003,Band 1 (2100MHz),-80.4,-8.1,13.0,36.3,9.4,17.3
2026-01-13 06:00:00,KYIV-004-1,KYIV-004,Band 3 (1800MHz),-88.5,-7.5,2.3,15.8,0.0,22.6
2026-01-13 06:00:00,KYIV-004-2,KYIV-004,Band 3 (1800MHz),-84.5,-7.3,12.5,30.0,9.4,10.0
2026-01-13 06:00:00,KYIV-004-3,KYIV-004,Band 3 (1800MHz),-90.0,-8.7,9.4,26.6,7.7,43.7
2026-01-13 06:00:00,KYIV-005-1,KYIV-005,Band 1 (2100MHz),-78.5,-12.7,10.0,0.8,4.8,41.2
2026-01-13 06:00:00,KYIV-005-2,KYIV-005,Band 1 (2100MHz),-91.1,-4.7,8.2,0.3,17.8,48.7
2026-01-13 06:00:00,KYIV-005-3,KYIV-005,Band 1 (2100MHz),-95.1,-13.7,5.0,20.4,20.1,34.8
2026-01-13 06:00:00,KYIV-006-1,KYIV-006,Band 3 (1800MHz),-86.0,-7.5,17.2,19.3,0.0,0.0
2026-01-13 06:00:00,KYIV-006-2,KYIV-006,Band 3 (1800MHz),-84.8,-5.3,10.7,8.0,9.9,10.5
2026-01-13 06:00:00,KYIV-006-3,KYIV-006,Band 3 (1800MHz),-94.6,-10.2,10.9,12.9,4.1,41.2
2026-01-13 06:00:00,KYIV-007-1,KYIV-007,Band 1 (2100MHz),-84.1,-10.7,12.3,25.6,12.0,14.2
2026-01-13 06:00:00,KYIV-007-2,KYIV-007,Band 1 (2100MHz),-84.6,-6.0,9.3,18.2,7.8,5.9
2026-01-13 06:00:00,KYIV-007-3,KYIV-007,Band 1 (2100MHz),-90.4,-11.0,17.7,24.8,3.6,18.2
2026-01-13 06:00:00,KYIV-008-1,KYIV-008,Band 3 (1800MHz),-93.0,-6.2,12.7,22.1,0.0,43.6
2026-01-13 06:00:00,KYIV-008-2,KYIV-008,Band 3 (1800MHz),-90.5,-7.1,12.9,21.4,4.3,21.0
2026-01-13 06:00:00,KYIV-008-3,KYIV-008,Band 3 (1800MHz),-83.4,-5.1,14.4,35.9,2.4,63.9
2026-01-13 06:00:00,KYIV-009-1,KYIV-009,Band 1 (2100MHz),-89.9,-8.8,18.2,17.9,17.5,15.9
2026-01-13 06:00:00,KYIV-009-2,KYIV-009,Band 1 (2100MHz),-92.9,-6.9,14.6,0.0,10.9,28.6
2026-01-13 06:00:00,KYIV-009-3,KYIV-009,Band 1 (2100MHz),-86.3,-5.9,14.5,23.2,0.0,47.6
2026-01-13 06:00:00,KYIV-010-1,KYIV-010,Band 3 (1800MHz),-81.8,-8.1,9.3,37.9,6.5,20.4
2026-01-13 06:00:00,KYIV-010-2,KYIV-010,Band 3 (1800MHz),-86.0,-8.8,4.5,18.8,12.4,0.0
2026-01-13 06:00:00,KYIV-010-3,KYIV-010,Band 3 (1800MHz),-93.5,-11.2,14.1,31.7,4.9,32.2
2026-01-13 06:00:00,KYIV-011-1,KYIV-011,Band 1 (2100MHz),-87.8,-5.8,6.6,13.3,5.8,39.6
2026-01-13 06:00:00,KYIV-011-2,KYIV-011,Band 1 (2100MHz),-83.5,-4.8,11.8,11.3,22.7,37.3
2026-01-13 06:00:00,KYIV-011-3,KYIV-011,Band 1 (2100MHz),-79.7,-9.9,10.9,12.4,11.5,47.7
2026-01-13 06:00:00,KYIV-012-1,KYIV-012,Band 3 (1800MHz),-82.7,-9.8,9.8,9.6,13.8,21.3
2026-01-13 06:00:00,KYIV-012-2,KYIV-012,Band 3 (1800MHz),-88.9,-7.6,8.5,35.3,5.8,15.8
2026-01-13 06:00:00,KYIV-012-3,KYIV-012,Band 3 (1800MHz),-90.9,-9.6,7.9,11.5,10.1,0.7
2026-01-13 06:00:00,KYIV-013-1,KYIV-013,Band 1 (2100MHz),-87.8,-10.3,20.7,31.3,0.0,0.0
2026-01-13 06:00:00,KYIV-013-2,KYIV-013,Band 1 (2100MHz),-92.6,-5.8,13.7,0.0,8.8,11.2
2026-01-13 06:00:00,KYIV-013-3,KYIV-013,Band 1 (2100MHz),-80.6,-10.1,11.9,10.9,0.2,14.7
2026-01-13 06:00:00,KYIV-014-1,KYIV-014,Band 3 (1800MHz),-94.3,-8.4,6.6,27.2,8.8,15.2
2026-01-13 06:00:00,KYIV-014-2,KYIV-014,Band 3 (1800MHz),-94.5,-9.9,-1.0,22.9,10.6,9.9
2026-01-13 06:00:00,KYIV-014-3,KYIV-014,Band 3 (1800MHz),-80.8,-9.6,8.5,22.2,21.0,17.5
2026-01-13 06:00:00,KYIV-015-1,KYIV-015,Band 1 (2100MHz),-82.4,-11.9,11.4,19.0,8.9,23.9
2026-01-13 06:00:00,KYIV-015-2,KYIV-015,Band 1 (2100MHz),-81.4,-2.8,11.5,12.5,13.5,36.7
2026-01-13 06:00:00,KYIV-015-3,KYIV-015,Band 1 (2100MHz),-92.0,-6.8,20.5,30.6,8.4,53.2
2026-01-13 06:00:00,KYIV-016-1,KYIV-016,Band 3 (1800MHz),-89.5,-7.1,14.0,16.9,7.4,43.3
2026-01-13 06:00:00,KYIV-016-2,KYIV-016,Band 3 (1800MHz),-87.6,-9.9,8.3,29.6,7.1,48.7
2026-01-13 06:00:00,KYIV-016-3,KYIV-016,Band 3 (1800MHz),-90.4,-8.2,7.1,29.0,0.0,7.3
2026-01-13 07:00:00,KYIV-001-1,KYIV-001,Band 1 (2100MHz),-85.7,-10.5,9.9,50.0,36.8,75.9
2026-01-13 07:00:00,KYIV-001-2,KYIV-001,Band 1 (2100MHz),-92.8,-9.9,8.1,45.3,29.8,77.0
2026-01-13 07:00:00,KYIV-001-3,KYIV-001,Band 1 (2100MHz),-88.2,-8.3,11.3,53.6,27.3,101.9
2026-01-13 07:00:00,KYIV-002-1,KYIV-002,Band 3 (1800MHz),-103.5,-14.3,0.2,36.7,35.0,25.4
2026-01-13 07:00:00,KYIV-002-2,KYIV-002,Band 3 (1800MHz),-99.2,-14.8,2.4,55.5,31.5,61.0
2026-01-13 07:00:00,KYIV-002-3,KYIV-002,Band 3 (1800MHz),-78.7,-12.1,3.5,20.7,28.3,87.0
2026-01-13 07:00:00,KYIV-003-1,KYIV-003,Band 1 (2100MHz),-86.2,-9.9,16.2,40.5,38.6,84.2
2026-01-13 07:00:00,KYIV-003-2,KYIV-003,Band 1 (2100MHz),-82.9,-9.2,9.3,62.9,30.1,84.9
2026-01-13 07:00:00,KYIV-003-3,KYIV-003,Band 1 (2100MHz),-89.2,-10.7,15.5,67.1,25.3,107.2
2026-01-13 07:00:00,KYIV-004-1,KYIV-004,Band 3 (1800MHz),-89.2,-13.2,8.2,61.5,25.7,92.8
2026-01-13 07:00:00,KYIV-004-2,KYIV-004,Band 3 (1800MHz),-89.0,-9.1,15.5,59.4,40.0,124.8
2026-01-13 07:00:00,KYIV-004-3,KYIV-004,Band 3 (1800MHz),-85.5,-12.0,19.1,56.5,28.5,81.1
2026-01-13 07:00:00,KYIV-005-1,KYIV-005,Band 1 (2100MHz),-85.5,-10.9,16.8,58.8,32.2,74.6
2026-01-13 07:00:00,KYIV-005-2,KYIV-005,Band 1 (2100MHz),-89.2,-9.1,17.1,55.0,43.8,21.1
2026-01-13 07:00:00,KYIV-005-3,KYIV-005,Band 1 (2100MHz),-99.7,-15.7,1.6,73.4,39.0,89.0
2026-01-13 07:00:00,KYIV-006-1,KYIV-006,Band 3 (1800MHz),-82.2,-8.2,26.1,29.4,25.6,123.6
2026-01-13 07:00:00,KYIV-006-2,KYIV-006,Band 3 (1800MHz),-85.5,-9.1,9.8,49.3,25.5,95.3
2026-01-13 07:00:00,KYIV-006-3,KYIV-006,Band 3 (1800MHz),-94.8,-8.3,15.6,69.6,26.8,76.7
2026-01-13 07:00:00,KYIV-007-1,KYIV-007,Band 1 (2100MHz),-85.5,-8.2,9.6,51.0,35.5,122.8
2026-01-13 07:00:00,KYIV-007-2,KYIV-007,Band 1 (2100MHz),-97.9,-9.7,10.3,58.9,34.8,90.4
2026-01-13 07:00:00,KYIV-007-3,KYIV-007,Band 1 (2100MHz),-90.8,-10.2,13.8,30.1,14.2,65.2
2026-01-13 07:00:00,KYIV-008-1,KYIV-008,Band 3 (1800MHz),-95.6,-7.1,15.3,45.1,17.8,78.0
2026-01-13 07:00:00,KYIV-008-2,KYIV-008,Band 3 (1800MHz),-81.1,-10.3,7.1,49.4,38.7,101.2
2026-01-13 07:00:00,KYIV-008-3,KYIV-008,Band 3 (1800MHz),-89.8,-10.5,13.6,66.8,33.9,94.2
2026-01-13 07:00:00,KYIV-009-1,KYIV-009,Band 1 (2100MHz),-88.3,-6.4,20.2,84.7,26.6,95.2
2026-01-13 07:00:00,KYIV-009-2,KYIV-009,Band 1 (2100MHz),-82.6,-9.2,13.7,48.9,38.0,98.8
2026-01-13 07:00:00,KYIV-009-3,KYIV-009,Band 1 (2100MHz),-89.1,-12.6,12.3,38.7,40.5,88.3
2026-01-13 07:00:00,KYIV-010-1,KYIV-010,Band 3 (1800MHz),-90.1,-12.6,11.5,70.0,19.2,81.7
2026-01-13 07:00:00,KYIV-010-2,KYIV-010,Band 3 (1800MHz),-85.4,-10.0,16.6,44.7,28.8,60.4
2026-01-13 07:00:00,KYIV-010-3,KYIV-010,Band 3 (1800MHz),-84.2,-9.3,17.3,46.2,27.2,85.4
2026-01-13 07:00:00,KYIV-011-1,KYIV-011,Band 1 (2100MHz),-88.8,-14.7,11.1,57.1,32.3,101.4
2026-01-13 07:00:00,KYIV-011-2,KYIV-011,Band 1 (2100MHz),-82.6,-8.4,11.4,67.7,30.7,86.0
2026-01-13 07:00:00,KYIV-011-3,KYIV-011,Band 1 (2100MHz),-83.9,-12.5,14.7,47.7,52.1,118.2
2026-01-13 07:00:00,KYIV-012-1,KYIV-012,Band 3 (1800MHz),-84.8,-13.1,5.8,40.2,24.8,70.0
2026-01-13 07:00:00,KYIV-012-2,KYIV-012,Band 3 (1800MHz),-86.4,-9.1,18.8,72.9,43.9,96.8
2026-01-13 07:00:00,KYIV-012-3,KYIV-012,Band 3 (1800MHz),-90.2,-10.9,4.4,58.7,32.5,59.1
2026-01-13 07:00:00,KYIV-013-1,KYIV-013,Band 1 (2100MHz),-87.4,-10.2,13.9,54.7,15.6,91.0
2026-01-13 07:00:00,KYIV-013-2,KYIV-013,Band 1 (2100MHz),-85.0,-10.5,8.0,64.3,24.1,93.9
2026-01-13 07:00:00,KYIV-013-3,KYIV-013,Band 1 (2100MHz),-88.3,-9.8,10.4,35.5,20.5,98.5
2026-01-13 07:00:00,KYIV-014-1,KYIV-014,Band 3 (1800MHz),-85.2,-11.7,9.5,49.0,29.3,76.4
2026-01-13 07:00:00,KYIV-014-2,KYIV-014,Band 3 (1800MHz),-92.7,-17.8,8.8,48.3,16.5,66.7
2026-01-13 07:00:00,KYIV-014-3,KYIV-014,Band 3 (1800MHz),-88.3,-15.5,13.0,50.1,11.3,126.1
2026-01-13 07:00:00,KYIV-015-1,KYIV-015,Band 1 (2100MHz),-80.2,-8.0,15.8,49.4,32.2,63.7
2026-01-13 07:00:00,KYIV-015-2,KYIV-015,Band 1 (2100MHz),-84.6,-10.6,10.1,64.1,36.1,75.8
2026-01-13 07:00:00,KYIV-015-3,KYIV-015,Band 1 (2100MHz),-92.7,-10.6,15.6,58.4,36.6,92.8
2026-01-13 07:00:00,KYIV-016-1,KYIV-016,Band 3 (1800MHz),-80.9,-12.5,12.8,54.4,42.9,73.5
2026-01-13 07:00:00,KYIV-016-2,KYIV-016,Band 3 (1800MHz),-96.9,-11.1,12.6,61.3,39.7,120.3
2026-01-13 07:00:00,KYIV-016-3,KYIV-016,Band 3 (1800MHz),-88.9,-13.3,13.5,42.0,32.9,113.4
2026-01-13 08:00:00,KYIV-001-1,KYIV-001,Band 1 (2100MHz),-86.5,-12.0,15.7,78.3,30.6,88.7
2026-01-13 08:00:00,KYIV-001-2,KYIV-001,Band 1 (2100MHz),-87.4,-5.2,18.5,48.3,45.3,92.8
2026-01-13 08:00:00,KYIV-001-3,KYIV-001,Band 1 (2100MHz),-84.4,-13.7,13.1,77.1,35.4,97.9
2026-01-13 08:00:00,KYIV-002-1,KYIV-002,Band 3 (1800MHz),-96.0,-13.0,2.7,51.5,55.3,115.1
2026-01-13 08:00:00,KYIV-002-2,KYIV-002,Band 3 (1800MHz),-104.4,-15.8,3.5,59.4,40.1,106.2
2026-01-13 08:00:00,KYIV-002-3,KYIV-002,Band 3 (1800MHz),-84.4,-8.3,15.0,94.7,29.5,82.2
2026-01-13 08:00:00,KYIV-003-1,KYIV-003,Band 1 (2100MHz),-86.8,-9.1,0.2,82.6,39.5,87.3
2026-01-13 08:00:00,KYIV-003-2,KYIV-003,Band 1 (2100MHz),-89.4,-11.9,17.0,71.8,40.0,120.0
2026-01-13 08:00:00,KYIV-003-3,KYIV-003,Band 1 (2100MHz),-84.0,-10.6,7.0,58.4,42.4,64.7
2026-01-13 08:00:00,KYIV-004-1,KYIV-004,Band 3 (1800MHz),-83.5,-7.8,23.0,67.0,49.1,129.3
2026-01-13 08:00:00,KYIV-004-2,KYIV-004,Band 3 (1800MHz),-87.3,-11.6,4.5,91.7,38.3,90.4
2026-01-13 08:00:00,KYIV-004-3,KYIV-004,Band 3 (1800MHz),-87.3,-14.7,9.3,68.3,34.7,123.7
2026-01-13 08:00:00,KYIV-005-1,KYIV-005,Band 1 (2100MHz),-87.2,-13.8,10.4,54.7,42.2,104.8
2026-01-13 08:00:00,KYIV-005-2,KYIV-005,Band 1 (2100MHz),-81.4,-11.6,17.2,72.3,30.3,133.2
2026-01-13 08:00:00,KYIV-005-3,KYIV-005,Band 1 (2100MHz),-101.8,-15.1,-3.9,60.9,38.3,85.7
2026-01-13 08:00:00,KYIV-006-1,KYIV-006,Band 3 (1800MHz),-90.6,-12.0,7.0,72.1,39.7,88.5
2026-01-13 08:00:00,KYIV-006-2,KYIV-006,Band 3 (1800MHz),-86.9,-10.9,13.1,61.9,39.3,127.3
2026-01-13 08:00:00,KYIV-006-3,KYIV-006,Band 3 (1800MHz),-88.3,-8.6,6.4,75.8,37.8,136.7
2026-01-13 08:00:00,KYIV-007-1,KYIV-007,Band 1 (2100MHz),-84.4,-15.6,16.4,90.7,35.8,140.7
2026-01-13 08:00:00,KYIV-007-2,KYIV-007,Band 1 (2100MHz),-83.4,-11.5,17.1,81.0,41.8,121.3
2026-01-13 08:00:00,KYIV-007-3,KYIV-007,Band 1 (2100MHz),-84.4,-13.1,16.6,82.6,40.6,97.6
2026-01-13 08:00:00,KYIV-008-1,KYIV-008,Band 3 (1800MHz),-77.7,-10.8,15.9,75.2,42.7,128.9
2026-01-13 08:00:00,KYIV-008-2,KYIV-008,Band 3 (1800MHz),-82.7,-8.0,8.2,65.1,27.1,133.2
2026-01-13 08:00:00,KYIV-008-3,KYIV-008,Band 3 (1800MHz),-88.3,-11.9,22.7,67.8,32.5,111.8
2026-01-13 08:00:00,KYIV-009-1,KYIV-009,Band 1 (2100MHz),-82.1,-10.7,10.1,65.1,24.0,110.6
2026-01-13 08:00:00,KYIV-009-2,KYIV-009,Band 1 (2100MHz),-87.6,-9.3,6.6,60.9,33.2,101.0
2026-01-13 08:00:00,KYIV-009-3,KYIV-009,Band 1 (2100MHz),-84.9,-10.9,12.4,70.3,38.6,110.9
2026-01-13 08:00:00,KYIV-010-1,KYIV-010,Band 3 (1800MHz),-83.5,-11.4,4.9,69.4,43.4,99.3
2026-01-13 08:00:00,KYIV-010-2,KYIV-010,Band 3 (1800MHz),-91.7,-9.9,11.2,32.5,35.9,95.0
2026-01-13 08:00:00,KYIV-010-3,KYIV-010,Band 3 (1800MHz),-87.2,-10.5,16.3,84.8,37.5,108.2
2026-01-13 08:00:00,KYIV-011-1,KYIV-011,Band 1 (2100MHz),-91.0,-12.5,11.6,88.0,38.1,128.4
2026-01-13 08:00:00,KYIV-011-2,KYIV-011,Band 1 (2100MHz),-79.6,-9.9,5.7,49.6,50.4,95.5
2026-01-13 08:00:00,KYIV-011-3,KYIV-011,Band 1 (2100MHz),-88.6,-10.7,24.3,58.6,37.0,45.2
2026-01-13 08:00:00,KYIV-012-1,KYIV-012,Band 3 (1800MHz),-89.5,-9.9,17.3,68.8,35.9,116.9
2026-01-13 08:00:00,KYIV-012-2,KYIV-012,Band 3 (1800MHz),-81.9,-11.3,19.2,59.8,34.2,116.0
2026-01-13 08:00:00,KYIV-012-3,KYIV-012,Band 3 (1800MHz),-85.1,-12.0,15.2,45.3,17.5,123.4
2026-01-13 08:00:00,KYIV-013-1,KYIV-013,Band 1 (2100MHz),-80.3,-14.1,14.2,60.3,48.1,93.8
2026-01-13 08:00:00,KYIV-013-2,KYIV-013,Band 1 (2100MHz),-83.5,-11.8,16.2,88.4,24.6,84.7
2026-01-13 08:00:00,KYIV-013-3,KYIV-013,Band 1 (2100MHz),-87.0,-12.8,22.8,60.5,33.4,78.5
2026-01-13 08:00:00,KYIV-014-1,KYIV-014,Band 3 (1800MHz),-92.4,-11.4,11.4,88.5,32.5,123.2
2026-01-13 08:00:00,KYIV-014-2,KYIV-014,Band 3 (1800MHz),-98.6,-14.2,4.9,47.6,41.6,96.6
2026-01-13 08:00:00,KYIV-014-3,KYIV-014,Band 3 (1800MHz),-82.5,-11.7,17.6,87.0,43.6,142.3
2026-01-13 08:00:00,KYIV-015-1,KYIV-015,Band 1 (2100MHz),-85.4,-14.2,12.6,70.9,44.2,134.7
2026-01-13 08:00:00,KYIV-015-2,KYIV-015,Band 1 (2100MHz),-90.2,-9.6,26.3,88.8,48.6,125.9
2026-01-13 08:00:00,KYIV-015-3,KYIV-015,Band 1 (2100MHz),-84.9,-13.4,11.5,54.3,37.0,133.2
2026-01-13 08:00:00,KYIV-016-1,KYIV-016,Band 3 (1800MHz),-88.8,-10.7,18.8,59.5,49.2,129.2
2026-01-13 08:00:00,KYIV-016-2,KYIV-016,Band 3 (1800MHz),-82.4,-11.6,9.2,48.8,42.3,135.3
2026-01-13 08:00:00,KYIV-016-3,KYIV-016,Band 3 (1800MHz),-76.4,-9.9,11.2,58.9,29.0,94.6
2026-01-13 09:00:00,KYIV-001-1,KYIV-001,Band 1 (2100MHz),-85.7,-12.8,17.6,69.3,30.5,88.7
2026-01-13 09:00:00,KYIV-001-2,KYIV-001,Band 1 (2100MHz),-86.2,-5.9,11.5,44.8,24.9,58.2
2026-01-13 09:00:00,KYIV-001-3,KYIV-001,Band 1 (2100MHz),-92.3,-11.7,19.1,55.0,29.4,94.3
2026-01-13 09:00:00,KYIV-002-1,KYIV-002,Band 3 (1800MHz),-91.8,-14.4,1.9,45.9,18.0,134.8
2026-01-13 09:00:00,KYIV-002-2,KYIV-002,Band 3 (1800MHz),-100.5,-15.6,3.8,71.8,38.5,67.1
2026-01-13 09:00:00,KYIV-002-3,KYIV-002,Band 3 (1800MHz),-89.1,-8.3,14.5,57.1,21.5,56.5
2026-01-13 09:00:00,KYIV-003-1,KYIV-003,Band 1 (2100MHz),-93.9,-12.0,21.7,45.0,35.4,71.9
2026-01-13 09:00:00,KYIV-003-2,KYIV-003,Band 1 (2100MHz),-91.2,-9.8,6.0,57.6,24.3,76.6
2026-01-13 09:00:00,KYIV-003-3,KYIV-003,Band 1 (2100MHz),-87.5,-11.0,4.7,59.6,33.4,82.6
2026-01-13 09:00:00,KYIV-004-1,KYIV-004,Band 3 (1800MHz),-90.8,-12.7,12.5,39.0,8.4,137.5
2026-01-13 09:00:00,KYIV-004-2,KYIV-004,Band 3 (1800MHz),-84.8,-11.4,19.2,55.7,17.5,67.3
2026-01-13 09:00:00,KYIV-004-3,KYIV-004,Band 3 (1800MHz),-86.6,-9.5,6.7,44.7,15.7,88.9
2026-01-13 09:00:00,KYIV-005-1,KYIV-005,Band 1 (2100MHz),-83.0,-10.5,16.9,58.6,32.3,84.2
2026-01-13 09:00:00,KYIV-005-2,KYIV-005,Band 1 (2100MHz),-89.8,-14.0,10.7,57.7,32.7,96.2
2026-01-13 09:00:00,KYIV-005-3,KYIV-005,Band 1 (2100MHz),-99.3,-13.8,3.9,46.6,10.7,42.5
2026-01-13 09:00:00,KYIV-006-1,KYIV-006,Band 3 (1800MHz),-94.2,-9.6,17.0,49.4,23.8,73.6
2026-01-13 09:00:00,KYIV-006-2,KYIV-006,Band 3 (1800MHz),-92.8,-12.7,21.9,48.5,37.3,70.3
2026-01-13 09:00:00,KYIV-006-3,KYIV-006,Band 3 (1800MHz),-82.7,-10.6,5.1,65.1,26.5,65.2
2026-01-13 09:00:00,KYIV-007-1,KYIV-007,Band 1 (2100MHz),-86.0,-13.1,21.5,63.1,37.5,96.6
2026-01-13 09:00:00,KYIV-007-2,KYIV-007,Band 1 (2100MHz),-82.6,-13.2,14.9,57.2,37.2,69.6
2026-01-13 09:00:00,KYIV-007-3,KYIV-007,Band 1 (2100MHz),-86.5,-11.1,11.5,49.9,28.8,101.7
2026-01-13 09:00:00,KYIV-008-1,KYIV-008,Band 3 (1800MHz),-85.2,-12.0,20.8,56.9,29.0,125.7
2026-01-13 09:00:00,KYIV-008-2,KYIV-008,Band 3 (1800MHz),-87.7,-8.4,15.8,40.1,42.1,70.9
2026-01-13 09:00:00,KYIV-008-3,KYIV-008,Band 3 (1800MHz),-88.3,-13.5,13.9,57.4,45.1,129.5
2026-01-13 09:00:00,KYIV-009-1,KYIV-009,Band 1 (2100MHz),-87.8,-6.9,17.7,35.3,22.2,65.9
2026-01-13 09:00:00,KYIV-009-2,KYIV-009,Band 1 (2100MHz),-85.9,-11.8,10.0,65.3,33.3,75.1
2026-01-13 09:00:00,KYIV-009-3,KYIV-009,Band 1 (2100MHz),-93.0,-15.2,18.0,49.5,15.9,90.0
2026-01-13 09:00:00,KYIV-010-1,KYIV-010,Band 3 (1800MHz),-84.0,-12.8,16.7,57.7,31.3,64.0
2026-01-13 09:00:00,KYIV-010-2,KYIV-010,Band 3 (1800MHz),-81.4,-9.7,14.5,26.2,40.0,82.9
2026-01-13 09:00:00,KYIV-010-3,KYIV-010,Band 3 (1800MHz),-89.6,-9.6,15.8,73.6,29.8,119.3
2026-01-13 09:00:00,KYIV-011-1,KYIV-011,Band 1 (2100MHz),-84.4,-11.7,12.6,39.6,31.6,101.1
2026-01-13 09:00:00,KYIV-011-2,KYIV-011,Band 1 (2100MHz),-87.7,-12.9,11.9,31.9,30.6,71.6
2026-01-13 09:00:00,KYIV-011-3,KYIV-011,Band 1 (2100MHz),-88.1,-10.8,18.8,51.9,37.4,58.9
2026-01-13 09:00:00,KYIV-012-1,KYIV-012,Band 3 (1800MHz),-87.3,-10.4,17.5,60.1,20.5,58.2
2026-01-13 09:00:00,KYIV-012-2,KYIV-012,Band 3 (1800MHz),-86.6,-10.1,8.6,29.2,27.1,69.4
2026-01-13 09:00:00,KYIV-012-3,KYIV-012,Band 3 (1800MHz),-84.9,-11.3,17.6,42.6,29.1,111.1
2026-01-13 09:00:00,KYIV-013-1,KYIV-013,Band 1 (2100MHz),-90.1,-11.1,20.0,66.3,31.5,81.1
2026-01-13 09:00:00,KYIV-013-2,KYIV-013,Band 1 (2100MHz),-90.9,-9.8,26.1,50.5,19.2,61.3
2026-01-13 09:00:00,KYIV-013-3,KYIV-013,Band 1 (2100MHz),-87.5,-8.6,17.6,59.0,31.2,117.1
2026-01-13 09:00:00,KYIV-014-1,KYIV-014,Band 3 (1800MHz),-85.8,-10.8,6.3,57.7,35.9,50.8
2026-01-13 09:00:00,KYIV-014-2,KYIV-014,Band 3 (1800MHz),-99.4,-15.6,9.0,44.4,13.9,81.2
2026-01-13 09:00:00,KYIV-014-3,KYIV-014,Band 3 (1800MHz),-86.4,-9.0,13.6,57.9,36.3,76.0
2026-01-13 09:00:00,KYIV-015-1,KYIV-015,Band 1 (2100MHz),-83.3,-8.8,11.9,39.8,17.3,67.3
2026-01-13 09:00:00,KYIV-015-2,KYIV-015,Band 1 (2100MHz),-90.0,-13.1,-2.0,62.5,28.9,82.5
2026-01-13 09:00:00,KYIV-015-3,KYIV-015,Band 1 (2100MHz),-83.4,-12.1,8.9,49.9,41.5,96.2
2026-01-13 09:00:00,KYIV-016-1,KYIV-016,Band 3 (1800MHz),-86.0,-10.2,13.6,56.9,36.6,85.1
2026-01-13 09:00:00,KYIV-016-2,KYIV-016,Band 3 (1800MHz),-93.2,-10.8,6.8,48.7,15.9,80.0
2026-01-13 09:00:00,KYIV-016-3,KYIV-016,Band 3 (1800MHz),-89.6,-7.5,18.6,59.9,24.8,52.7
2026-01-13 10:00:00,KYIV-001-1,KYIV-001,Band 1 (2100MHz),-92.5,-6.7,8.6,10.8,13.1,12.2
2026-01-13 10:00:00,KYIV-001-2,KYIV-001,Band 1 (2100MHz),-84.5,-10.1,15.2,19.6,9.8,30.9
2026-01-13 10:00:00,KYIV-001-3,KYIV-001,Band 1 (2100MHz),-91.6,-9.2,16.1,5.8,9.0,24.7
2026-01-13 10:00:00,KYIV-002-1,KYIV-002,Band 3 (1800MHz),-90.4,-9.8,7.4,30.0,0.0,85.7
2026-01-13 10:00:00,KYIV-002-2,KYIV-002,Band 3 (1800MHz),-98.3,-12.5,5.4,8.1,16.4,26.7
2026-01-13 10:00:00,KYIV-002-3,KYIV-002,Band 3 (1800MHz),-87.8,-8.5,12.9,29.6,21.0,40.8
2026-01-13 10:00:00,KYIV-003-1,KYIV-003,Band 1 (2100MHz),-85.5,-3.8,15.3,10.8,19.6,2.3
2026-01-13 10:00:00,KYIV-003-2,KYIV-003,Band 1 (2100MHz),-89.9,-8.3,13.6,14.1,15.5,20.5
2026-01-13 10:00:00,KYIV-003-3,KYIV-003,Band 1 (2100MHz),-82.5,-8.2,12.1,35.4,13.4,17.0
2026-01-13 10:00:00,KYIV-004-1,KYIV-004,Band 3 (1800MHz),-90.4,-8.8,2.4,0.0,15.9,67.5
2026-01-13 10:00:00,KYIV-004-2,KYIV-004,Band 3 (1800MHz),-92.0,-8.1,11.3,40.5,12.4,0.0
2026-01-13 10:00:00,KYIV-004-3,KYIV-004,Band 3 (1800MHz),-90.8,-9.2,17.3,15.6,16.3,20.7
2026-01-13 10:00:00,KYIV-005-1,KYIV-005,Band 1 (2100MHz),-86.2,-12.8,18.2,33.2,0.0,33.9
2026-01-13 10:00:00,KYIV-005-2,KYIV-005,Band 1 (2100MHz),-87.6,-5.9,11.3,14.4,7.6,0.0
2026-01-13 10:00:00,KYIV-005-3,KYIV-005,Band 1 (2100MHz),-102.5,-11.6,2.2,9.4,17.4,39.6
2026-01-13 10:00:00,KYIV-006-1,KYIV-006,Band 3 (1800MHz),-95.1,-10.0,-0.1,23.0,7.9,0.8
2026-01-13 10:00:00,KYIV-006-2,KYIV-006,Band 3 (1800MHz),-81.6,-9.2,21.6,25.2,0.0,55.3
2026-01-13 10:00:00,KYIV-006-3,KYIV-006,Band 3 (1800MHz),-89.7,-6.0,18.3,2.4,3.9,92.2
2026-01-13 10:00:00,KYIV-007-1,KYIV-007,Band 1 (2100MHz),-86.5,-5.4,14.5,17.4,3.9,15.1
2026-01-13 10:00:00,KYIV-007-2,KYIV-007,Band 1 (2100MHz),-86.6,-8.1,13.6,21.8,28.4,34.1
2026-01-13 10:00:00,KYIV-007-3,KYIV-007,Band 1 (2100MHz),-88.0,-11.3,18.3,18.2,25.4,23.7
2026-01-13 10:00:00,KYIV-008-1,KYIV-008,Band 3 (1800MHz),-90.5,-9.8,14.3,30.9,3.8,18.4
2026-01-13 10:00:00,KYIV-008-2,KYIV-008,Band 3 (1800MHz),-87.9,-5.3,17.1,19.4,0.0,38.1
2026-01-13 10:00:00,KYIV-008-3,KYIV-008,Band 3 (1800MHz),-86.9,-9.5,9.9,54.6,10.0,62.7
2026-01-13 10:00:00,KYIV-009-1,KYIV-009,Band 1 (2100MHz),-88.7,-5.1,15.1,8.0,16.8,9.5
2026-01-13 10:00:00,KYIV-009-2,KYIV-009,Band 1 (2100MHz),-86.2,-9.0,19.6,6.5,0.0,24.5
2026-01-13 10:00:00,KYIV-009-3,KYIV-009,Band 1 (2100MHz),-80.2,-7.4,16.7,18.0,11.6,22.7
2026-01-13 10:00:00,KYIV-010-1,KYIV-010,Band 3 (1800MHz),-86.6,-11.5,15.7,26.1,0.0,1.9
2026-01-13 10:00:00,KYIV-010-2,KYIV-010,Band 3 (1800MHz),-82.6,-9.3,17.6,12.6,0.0,35.5
2026-01-13 10:00:00,KYIV-010-3,KYIV-010,Band 3 (1800MHz),-84.9,-9.0,14.2,19.4,14.4,0.0
2026-01-13 10:00:00,KYIV-011-1,KYIV-011,Band 1 (2100MHz),-87.4,-9.8,21.2,25.6,6.2,13.1
2026-01-13 10:00:00,KYIV-011-2,KYIV-011,Band 1 (2100MHz),-80.8,-6.6,20.4,31.2,4.8,23.6
2026-01-13 10:00:00,KYIV-011-3,KYIV-011,Band 1 (2100MHz),-87.7,-9.7,11.9,30.1,4.0,44.2
2026-01-13 10:00:00,KYIV-012-1,KYIV-012,Band 3 (1800MHz),-86.3,-5.2,21.5,27.9,0.8,0.0
2026-01-13 10:00:00,KYIV-012-2,KYIV-012,Band 3 (1800MHz),-81.0,-8.6,14.7,21.8,15.6,59.8
2026-01-13 10:00:00,KYIV-012-3,KYIV-012,Band 3 (1800MHz),-90.3,-5.9,14.4,0.0,8.5,47.3
2026-01-13 10:00:00,KYIV-013-1,KYIV-013,Band 1 (2100MHz),-82.1,-10.1,-1.7,13.8,11.4,14.6
2026-01-13 10:00:00,KYIV-013-2,KYIV-013,Band 1 (2100MHz),-85.8,-9.6,10.4,22.3,6.0,58.1
2026-01-13 10:00:00,KYIV-013-3,KYIV-013,Band 1 (2100MHz),-84.9,-10.0,10.7,42.4,0.4,0.0
2026-01-13 10:00:00,KYIV-014-1,KYIV-014,Band 3 (1800MHz),-86.7,-9.3,13.6,14.1,4.2,13.3
2026-01-13 10:00:00,KYIV-014-2,KYIV-014,Band 3 (1800MHz),-98.7,-14.3,2.7,9.3,0.0,45.4
2026-01-13 10:00:00,KYIV-014-3,KYIV-014,Band 3 (1800MHz),-86.1,-6.3,18.8,26.8,2.8,31.8
2026-01-13 10:00:00,KYIV-015-1,KYIV-015,Band 1 (2100MHz),-82.4,-7.2,15.7,13.4,13.1,20.6
2026-01-13 10:00:00,KYIV-015-2,KYIV-015,Band 1 (2100MHz),-88.1,-7.7,17.3,0.8,7.4,33.3
2026-01-13 10:00:00,KYIV-015-3,KYIV-015,Band 1 (2100MHz),-85.4,-7.4,6.2,0.0,12.0,76.3
2026-01-13 10:00:00,KYIV-016-1,KYIV-016,Band 3 (1800MHz),-91.7,-4.8,12.2,16.7,1.1,46.9
2026-01-13 10:00:00,KYIV-016-2,KYIV-016,Band 3 (1800MHz),-85.9,-6.6,7.0,18.2,4.3,28.4
2026-01-13 10:00:00,KYIV-016-3,KYIV-016,Band 3 (1800MHz),-90.1,-11.5,10.7,1.9,30.2,25.5
2026-01-13 11:00:00,KYIV-001-1,KYIV-001,Band 1 (2100MHz),-88.1,-10.1,30.5,30.6,32.3,80.4
2026-01-13 11:00:00,KYIV-001-2,KYIV-001,Band 1 (2100MHz),-83.7,-9.5,13.4,33.9,28.9,67.7
2026-01-13 11:00:00,KYIV-001-3,KYIV-001,Band 1 (2100MHz),-88.1,-9.2,13.9,33.2,39.5,132.9
2026-01-13 11:00:00,KYIV-002-1,KYIV-002,Band 3 (1800MHz),-103.7,-13.1,6.6,44.7,26.9,108.8
2026-01-13 11:00:00,KYIV-002-2,KYIV-002,Band 3 (1800MHz),-102.1,-13.2,2.9,45.9,19.8,84.1
2026-01-13 11:00:00,KYIV-002-3,KYIV-002,Band 3 (1800MHz),-81.7,-7.0,3.6,53.5,10.2,107.9
2026-01-13 11:00:00,KYIV-003-1,KYIV-003,Band 1 (2100MHz),-90.4,-9.0,9.5,55.8,22.6,60.8
2026-01-13 11:00:00,KYIV-003-2,KYIV-003,Band 1 (2100MHz),-88.0,-8.1,18.2,41.0,18.7,89.6
2026-01-13 11:00:00,KYIV-003-3,KYIV-003,Band 1 (2100MHz),-85.2,-12.1,16.0,52.7,25.0,108.6
2026-01-13 11:00:00,KYIV-004-1,KYIV-004,Band 3 (1800MHz),-83.5,-9.4,11.4,64.8,42.5,70.3
2026-01-13 11:00:00,KYIV-004-2,KYIV-004,Band 3 (1800MHz),-85.3,-9.6,13.3,27.3,25.8,98.2
2026-01-13 11:00:00,KYIV-004-3,KYIV-004,Band 3 (1800MHz),-96.5,-8.9,11.7,52.6,15.6,27.8
2026-01-13 11:00:00,KYIV-005-1,KYIV-005,Band 1 (2100MHz),-90.6,-12.4,7.7,31.2,40.9,79.6
2026-01-13 11:00:00,KYIV-005-2,KYIV-005,Band 1 (2100MHz),-88.9,-9.7,12.1,54.0,26.3,76.6
2026-01-13 11:00:00,KYIV-005-3,KYIV-005,Band 1 (2100MHz),-96.8,-14.2,8.7,50.6,23.5,119.1
2026-01-13 11:00:00,KYIV-006-1,KYIV-006,Band 3 (1800MHz),-90.6,-7.1,13.1,64.9,40.4,78.0
2026-01-13 11:00:00,KYIV-006-2,KYIV-006,Band 3 (1800MHz),-89.6,-11.2,6.2,48.0,24.5,98.7
2026-01-13 11:00:00,KYIV-006-3,KYIV-006,Band 3 (1800MHz),-80.8,-9.7,2.7,60.9,25.9,66.2
2026-01-13 11:00:00,KYIV-007-1,KYIV-007,Band 1 (2100MHz),-88.8,-7.5,14.8,35.8,40.5,66.8
2026-01-13 11:00:00,KYIV-007-2,KYIV-007,Band 1 (2100MHz),-76.1,-10.9,9.5,47.5,23.9,72.0
2026-01-13 11:00:00,KYIV-007-3,KYIV-007,Band 1 (2100MHz),-88.0,-12.3,13.3,57.8,11.6,125.8
2026-01-13 11:00:00,KYIV-008-1,KYIV-008,Band 3 (1800MHz),-86.7,-15.1,9.1,24.3,23.2,120.8
2026-01-13 11:00:00,KYIV-008-2,KYIV-008,Band 3 (1800MHz),-83.1,-8.4,14.7,28.9,28.0,81.2
2026-01-13 11:00:00,KYIV-008-3,KYIV-008,Band 3 (1800MHz),-88.4,-13.0,13.5,59.7,21.7,70.3
2026-01-13 11:00:00,KYIV-009-1,KYIV-009,Band 1 (2100MHz),-87.4,-7.8,7.8,43.3,19.8,54.1
2026-01-13 11:00:00,KYIV-009-2,KYIV-009,Band 1 (2100MHz),-89.1,-9.4,9.8,66.5,14.1,120.0
2026-01-13 11:00:00,KYIV-009-3,KYIV-009,Band 1 (2100MHz),-93.6,-9.0,10.8,38.6,27.5,98.4
2026-01-13 11:00:00,KYIV-010-1,KYIV-010,Band 3 (1800MHz),-84.5,-10.3,16.9,73.5,18.8,103.7
2026-01-13 11:00:00,KYIV-010-2,KYIV-010,Band 3 (1800MHz),-90.4,-10.0,5.7,42.6,39.5,82.7
2026-01-13 11:00:00,KYIV-010-3,KYIV-010,Band 3 (1800MHz),-86.4,-10.9,15.1,44.6,26.3,87.3
2026-01-13 11:00:00,KYIV-011-1,KYIV-011,Band 1 (2100MHz),-92.5,-8.3,9.4,35.4,31.9,66.3
2026-01-13 11:00:00,KYIV-011-2,KYIV-011,Band 1 (2100MHz),-87.5,-12.3,9.3,53.3,27.9,76.3
2026-01-13 11:00:00,KYIV-011-3,KYIV-011,Band 1 (2100MHz),-85.4,-6.4,9.3,45.2,43.0,97.1
2026-01-13 11:00:00,KYIV-012-1,KYIV-012,Band 3 (1800MHz),-93.4,-11.6,3.6,40.6,39.1,49.6
2026-01-13 11:00:00,KYIV-012-2,KYIV-012,Band 3 (1800MHz),-85.9,-12.2,5.1,63.1,16.1,63.6
2026-01-13 11:00:00,KYIV-012-3,KYIV-012,Band 3 (1800MHz),-85.9,-12.3,16.8,41.7,16.3,58.2
2026-01-13 11:00:00,KYIV-013-1,KYIV-013,Band 1 (2100MHz),-89.4,-12.1,8.2,36.8,21.4,67.8
2026-01-13 11:00:00,KYIV-013-2,KYIV-013,Band 1 (2100MHz),-88.3,-10.0,9.6,47.6,43.5,51.0
2026-01-13 11:00:00,KYIV-013-3,KYIV-013,Band 1 (2100MHz),-93.4,-10.0,10.1,29.8,22.3,124.9
2026-01-13 11:00:00,KYIV-014-1,KYIV-014,Band 3 (1800MHz),-89.3,-12.3,11.3,54.4,23.3,95.5
2026-01-13 11:00:00,KYIV-014-2,KYIV-014,Band 3 (1800MHz),-96.0,-15.7,3.3,60.7,23.3,62.6
2026-01-13 11:00:00,KYIV-014-3,KYIV-014,Band 3 (1800MHz),-87.9,-7.5,-4.6,43.9,20.2,56.9
2026-01-13 11:00:00,KYIV-015-1,KYIV-015,Band 1 (2100MHz),-92.2,-11.0,12.7,60.6,27.1,106.0
2026-01-13 11:00:00,KYIV-015-2,KYIV-015,Band 1 (2100MHz),-88.4,-7.6,21.2,41.9,25.1,52.0
2026-01-13 11:00:00,KYIV-015-3,KYIV-015,Band 1 (2100MHz),-86.3,-8.4,10.0,35.5,19.9,48.2
2026-01-13 11:00:00,KYIV-016-1,KYIV-016,Band 3 (1800MHz),-93.2,-10.3,18.4,45.7,26.9,80.3
2026-01-13 11:00:00,KYIV-016-2,KYIV-016,Band 3 (1800MHz),-81.0,-11.1,16.3,43.2,38.7,95.4
2026-01-13 11:00:00,KYIV-016-3,KYIV-016,Band 3 (1800MHz),-90.3,-10.9,12.4,51.7,28.4,67.7
2026-01-13 12:00:00,KYIV-001-1,KYIV-001,Band 1 (2100MHz),-91.9,-10.4,13.0,46.2,17.7,66.2
2026-01-13 12:00:00,KYIV-001-2,KYIV-001,Band 1 (2100MHz),-85.7,-10.4,11.2,54.8,31.5,70.7
2026-01-13 12:00:00,KYIV-001-3,KYIV-001,Band 1 (2100MHz),-79.6,-11.8,23.0,63.4,26.9,75.6
2026-01-13 12:00:00,KYIV-002-1,KYIV-002,Band 3 (1800MHz),-96.5,-14.4,5.3,47.1,34.4,78.6
2026-01-13 12:00:00,KYIV-002-2,KYIV-002,Band 3 (1800MHz),-102.1,-12.0,13.6,45.0,12.5,83.7
2026-01-13 12:00:00,KYIV-002-3,KYIV-002,Band 3 (1800MHz),-95.6,-9.5,4.3,26.3,31.2,60.4
2026-01-13 12:00:00,KYIV-003-1,KYIV-003,Band 1 (2100MHz),-86.4,-9.3,0.3,58.2,20.9,6.6
2026-01-13 12:00:00,KYIV-003-2,KYIV-003,Band 1 (2100MHz),-83.2,-10.8,15.6,43.3,37.5,88.3
2026-01-13 12:00:00,KYIV-003-3,KYIV-003,Band 1 (2100MHz),-89.9,-7.7,13.1,16.4,42.6,83.6
2026-01-13 12:00:00,KYIV-004-1,KYIV-004,Band 3 (1800MHz),-92.0,-12.0,7.4,46.1,39.2,110.4
2026-01-13 12:00:00,KYIV-004-2,KYIV-004,Band 3 (1800MHz),-88.1,-10.8,18.7,51.5,26.6,60.3
2026-01-13 12:00:00,KYIV-004-3,KYIV-004,Band 3 (1800MHz),-84.5,-13.4,22.8,33.0,20.0,73.4
2026-01-13 12:00:00,KYIV-005-1,KYIV-005,Band 1 (2100MHz),-80.2,-12.9,15.8,50.4,14.8,80.6
2026-01-13 12:00:00,KYIV-005-2,KYIV-005,Band 1 (2100MHz),-85.2,-9.6,10.4,44.9,18.5,70.7
2026-01-13 12:00:00,KYIV-005-3,KYIV-005,Band 1 (2100MHz),-101.4,-10.0,4.0,43.1,26.4,106.6
2026-01-13 12:00:00,KYIV-006-1,KYIV-006,Band 3 (1800MHz),-80.9,-10.7,18.2,32.4,23.4,81.0
2026-01-13 12:00:00,KYIV-006-2,KYIV-006,Band 3 (1800MHz),-94.0,-13.5,17.5,39.1,16.8,79.4
2026-01-13 12:00:00,KYIV-006-3,KYIV-006,Band 3 (1800MHz),-85.3,-7.5,5.5,64.2,31.2,68.5
2026-01-13 12:00:00,KYIV-007-1,KYIV-007,Band 1 (2100MHz),-83.9,-10.7,17.7,69.0,31.3,61.5
2026-01-13 12:00:00,KYIV-007-2,KYIV-007,Band 1 (2100MHz),-88.2,-11.5,14.6,49.5,38.8,58.3
2026-01-13 12:00:00,KYIV-007-3,KYIV-007,Band 1 (2100MHz),-88.2,-11.6,15.2,32.1,28.3,70.6
2026-01-13 12:00:00,KYIV-008-1,KYIV-008,Band 3 (1800MHz),-80.0,-11.6,22.4,35.9,14.1,35.1
2026-01-13 12:00:00,KYIV-008-2,KYIV-008,Band 3 (1800MHz),-86.5,-11.1,8.9,40.0,23.2,91.7
2026-01-13 12:00:00,KYIV-008-3,KYIV-008,Band 3 (1800MHz),-91.5,-9.6,7.1,44.8,25.2,82.0
2026-01-13 12:00:00,KYIV-009-1,KYIV-009,Band 1 (2100MHz),-83.9,-10.8,5.2,45.9,12.9,52.1
2026-01-13 12:00:00,KYIV-009-2,KYIV-009,Band 1 (2100MHz),-87.2,-10.5,15.1,59.9,40.0,72.5
2026-01-13 12:00:00,KYIV-009-3,KYIV-009,Band 1 (2100MHz),-90.6,-7.8,17.6,53.3,44.7,98.5
2026-01-13 12:00:00,KYIV-010-1,KYIV-010,Band 3 (1800MHz),-82.6,-12.9,15.0,67.2,26.8,60.9
2026-01-13 12:00:00,KYIV-010-2,KYIV-010,Band 3 (1800MHz),-88.9,-10.5,14.8,44.8,46.2,36.2
2026-01-13 12:00:00,KYIV-010-3,KYIV-010,Band 3 (1800MHz),-87.0,-10.9,15.5,47.4,20.6,64.4
2026-01-13 12:00:00,KYIV-011-1,KYIV-011,Band 1 (2100MHz),-87.5,-9.7,12.2,47.3,43.2,17.9
2026-01-13 12:00:00,KYIV-011-2,KYIV-011,Band 1 (2100MHz),-83.2,-12.1,15.9,35.8,29.3,76.6
2026-01-13 12:00:00,KYIV-011-3,KYIV-011,Band 1 (2100MHz),-83.4,-12.3,14.2,67.3,24.5,94.1
2026-01-13 12:00:00,KYIV-012-1,KYIV-012,Band 3 (1800MHz),-87.2,-10.9,19.4,35.3,32.4,56.7
2026-01-13 12:00:00,KYIV-012-2,KYIV-012,Band 3 (1800MHz),-91.8,-9.2,9.9,38.5,22.0,45.9
2026-01-13 12:00:00,KYIV-012-3,KYIV-012,Band 3 (1800MHz),-85.5,-7.8,15.5,56.3,27.0,106.1
2026-01-13 12:00:00,KYIV-013-1,KYIV-013,Band 1 (2100MHz),-85.0,-5.6,14.6,41.6,45.2,90.1
2026-01-13 12:00:00,KYIV-013-2,KYIV-013,Band 1 (2100MHz),-89.4,-5.9,14.8,26.6,13.4,81.1
2026-01-13 12:00:00,KYIV-013-3,KYIV-013,Band 1 (2100MHz),-88.9,-7.5,17.1,39.5,22.3,60.2
2026-01-13 12:00:00,KYIV-014-1,KYIV-014,Band 3 (1800MHz),-88.8,-10.6,16.7,50.1,29.2,125.4
2026-01-13 12:00:00,KYIV-014-2,KYIV-014,Band 3 (1800MHz),-95.1,-15.3,1.9,37.5,26.0,101.8
2026-01-13 12:00:00,KYIV-014-3,KYIV-014,Band 3 (1800MHz),-88.9,-8.9,15.8,38.9,25.9,88.9
2026-01-13 12:00:00,KYIV-015-1,KYIV-015,Band 1 (2100MHz),-90.0,-9.7,10.4,55.1,17.6,77.8
2026-01-13 12:00:00,KYIV-015-2,KYIV-015,Band 1 (2100MHz),-90.5,-9.9,8.2,33.1,33.9,96.9
2026-01-13 12:00:00,KYIV-015-3,KYIV-015,Band 1 (2100MHz),-88.6,-8.1,20.9,33.1,25.2,40.8
2026-01-13 12:00:00,KYIV-016-1,KYIV-016,Band 3 (1800MHz),-93.3,-11.7,8.9,43.4,27.8,65.8
2026-01-13 12:00:00,KYIV-016-2,KYIV-016,Band 3 (1800MHz),-77.4,-11.5,15.0,49.0,38.4,56.5
2026-01-13 12:00:00,KYIV-016-3,KYIV-016,Band 3 (1800MHz),-86.2,-8.3,14.3,31.0,33.1,82.1
2026-01-13 13:00:00,KYIV-001-1,KYIV-001,Band 1 (2100MHz),-88.4,-11.3,4.7,60.9,25.3,44.0
2026-01-13 13:00:00,KYIV-001-2,KYIV-001,Band 1 (2100MHz),-80.7,-9.2,13.1,55.9,34.8,83.8
2026-01-13 13:00:00,KYIV-001-3,KYIV-001,Band 1 (2100MHz),-89.0,-9.9,12.7,38.0,43.1,126.3
2026-01-13 13:00:00,KYIV-002-1,KYIV-002,Band 3 (1800MHz),-97.5,-20.8,4.9,36.8,14.8,90.0
2026-01-13 13:00:00,KYIV-002-2,KYIV-002,Band 3 (1800MHz),-99.5,-15.7,16.8,49.1,19.3,97.9
2026-01-13 13:00:00,KYIV-002-3,KYIV-002,Band 3 (1800MHz),-86.9,-8.7,11.4,36.5,22.9,32.1
2026-01-13 13:00:00,KYIV-003-1,KYIV-003,Band 1 (2100MHz),-86.3,-8.5,14.0,69.4,28.7,73.8
2026-01-13 13:00:00,KYIV-003-2,KYIV-003,Band 1 (2100MHz),-88.8,-11.5,16.3,29.4,21.5,44.6
2026-01-13 13:00:00,KYIV-003-3,KYIV-003,Band 1 (2100MHz),-88.2,-6.6,9.2,32.7,26.6,95.6
2026-01-13 13:00:00,KYIV-004-1,KYIV-004,Band 3 (1800MHz),-89.1,-9.1,4.6,52.8,17.0,88.3
2026-01-13 13:00:00,KYIV-004-2,KYIV-004,Band 3 (1800MHz),-84.5,-8.3,17.9,59.7,34.6,93.1
2026-01-13 13:00:00,KYIV-004-3,KYIV-004,Band 3 (1800MHz),-93.1,-9.1,8.1,35.6,28.3,64.2
2026-01-13 13:00:00,KYIV-005-1,KYIV-005,Band 1 (2100MHz),-91.6,-11.8,6.2,42.5,14.0,86.2
2026-01-13 13:00:00,KYIV-005-2,KYIV-005,Band 1 (2100MHz),-81.2,-9.3,7.8,50.9,19.8,34.4
2026-01-13 13:00:00,KYIV-005-3,KYIV-005,Band 1 (2100MHz),-101.9,-15.1,10.3,35.9,27.3,95.4
2026-01-13 13:00:00,KYIV-006-1,KYIV-006,Band 3 (1800MHz),-84.7,-11.8,14.7,35.7,38.1,78.9
2026-01-13 13:00:00,KYIV-006-2,KYIV-006,Band 3 (1800MHz),-92.4,-9.4,18.4,61.3,31.9,60.1
2026-01-13 13:00:00,KYIV-006-3,KYIV-006,Band 3 (1800MHz),-85.4,-8.5,23.5,48.5,17.1,69.6
2026-01-13 13:00:00,KYIV-007-1,KYIV-007,Band 1 (2100MHz),-89.1,-8.9,6.0,33.9,21.3,33.6
2026-01-13 13:00:00,KYIV-007-2,KYIV-007,Band 1 (2100MHz),-85.0,-9.8,12.8,43.7,27.5,95.3
2026-01-13 13:00:00,KYIV-007-3,KYIV-007,Band 1 (2100MHz),-86.5,-8.3,10.3,45.0,30.4,77.3
2026-01-13 13:00:00,KYIV-008-1,KYIV-008,Band 3 (1800MHz),-85.4,-8.9,11.3,44.0,13.5,69.7
2026-01-13 13:00:00,KYIV-008-2,KYIV-008,Band 3 (1800MHz),-90.5,-11.9,12.6,59.4,38.3,64.9
2026-01-13 13:00:00,KYIV-008-3,KYIV-008,Band 3 (1800MHz),-91.0,-11.3,10.2,44.1,33.3,57.5
2026-01-13 13:00:00,KYIV-009-1,KYIV-009,Band 1 (2100MHz),-89.6,-12.1,14.8,59.8,39.8,120.9
2026-01-13 13:00:00,KYIV-009-2,KYIV-009,Band 1 (2100MHz),-92.1,-10.9,20.6,56.9,29.8,101.5
2026-01-13 13:00:00,KYIV-009-3,KYIV-009,Band 1 (2100MHz),-82.1,-11.8,11.3,63.3,30.9,96.4
2026-01-13 13:00:00,KYIV-010-1,KYIV-010,Band 3 (1800MHz),-91.8,-8.7,18.3,55.3,7.9,92.3
2026-01-13 13:00:00,KYIV-010-2,KYIV-010,Band 3 (1800MHz),-93.4,-10.5,12.4,64.5,22.1,84.5
2026-01-13 13:00:00,KYIV-010-3,KYIV-010,Band 3 (1800MHz),-83.4,-11.6,10.9,44.1,23.0,51.7
2026-01-13 13:00:00,KYIV-011-1,KYIV-011,Band 1 (2100MHz),-85.1,-8.2,11.7,43.0,30.4,73.9
2026-01-13 13:00:00,KYIV-011-2,KYIV-011,Band 1 (2100MHz),-85.0,-8.5,23.0,53.2,30.0,51.9
2026-01-13 13:00:00,KYIV-011-3,KYIV-011,Band 1 (2100MHz),-78.1,-8.4,5.3,36.2,28.6,75.3
2026-01-13 13:00:00,KYIV-012-1,KYIV-012,Band 3 (1800MHz),-81.9,-8.5,15.4,66.2,11.5,105.0
2026-01-13 13:00:00,KYIV-012-2,KYIV-012,Band 3 (1800MHz),-85.2,-8.5,8.8,20.3,20.8,73.5
2026-01-13 13:00:00,KYIV-012-3,KYIV-012,Band 3 (1800MHz),-82.5,-10.5,10.0,53.8,10.0,100.5
2026-01-13 13:00:00,KYIV-013-1,KYIV-013,Band 1 (2100MHz),-79.5,-12.4,15.7,50.4,8.3,78.6
2026-01-13 13:00:00,KYIV-013-2,KYIV-013,Band 1 (2100MHz),-88.0,-12.0,18.3,42.2,23.7,93.6
2026-01-13 13:00:00,KYIV-013-3,KYIV-013,Band 1 (2100MHz),-87.1,-9.1,15.9,51.6,27.5,82.1
2026-01-13 13:00:00,KYIV-014-1,KYIV-014,Band 3 (1800MHz),-88.6,-11.8,19.0,57.9,37.3,47.9
2026-01-13 13:00:00,KYIV-014-2,KYIV-014,Band 3 (1800MHz),-98.0,-13.7,6.9,55.5,20.6,74.9
2026-01-13 13:00:00,KYIV-014-3,KYIV-014,Band 3 (1800MHz),-86.3,-10.8,11.7,36.9,15.3,122.7
2026-01-13 13:00:00,KYIV-015-1,KYIV-015,Band 1 (2100MHz),-85.8,-10.1,14.0,64.3,31.9,68.1
2026-01-13 13:00:00,KYIV-015-2,KYIV-015,Band 1 (2100MHz),-85.8,-10.2,10.1,50.4,40.3,58.6
2026-01-13 13:00:00,KYIV-015-3,KYIV-015,Band 1 (2100MHz),-90.2,-11.9,7.8,55.4,28.3,86.1
2026-01-13 13:00:00,KYIV-016-1,KYIV-016,Band 3 (1800MHz),-96.6,-8.2,14.7,40.0,13.1,78.8
2026-01-13 13:00:00,KYIV-016-2,KYIV-016,Band 3 (1800MHz),-84.0,-6.9,12.3,47.7,10.1,50.6
2026-01-13 13:00:00,KYIV-016-3,KYIV-016,Band 3 (1800MHz),-78.1,-9.1,18.9,36.5,24.8,109.5
2026-01-13 14:00:00,KYIV-001-1,KYIV-001,Band 1 (2100MHz),-86.3,-10.3,2.8,54.7,25.9,83.5
2026-01-13 14:00:00,KYIV-001-2,KYIV-001,Band 1 (2100MHz),-84.4,-6.7,8.5,42.7,20.2,69.0
2026-01-13 14:00:00,KYIV-001-3,KYIV-001,Band 1 (2100MHz),-90.3,-9.5,8.7,40.7,29.1,89.6
2026-01-13 14:00:00,KYIV-002-1,KYIV-002,Band 3 (1800MHz),-98.9,-13.4,0.9,69.2,30.9,115.4
2026-01-13 14:00:00,KYIV-002-2,KYIV-002,Band 3 (1800MHz),-103.4,-13.3,2.8,47.9,36.2,116.5
2026-01-13 14:00:00,KYIV-002-3,KYIV-002,Band 3 (1800MHz),-86.5,-11.7,5.9,41.1,38.9,80.5
2026-01-13 14:00:00,KYIV-003-1,KYIV-003,Band 1 (2100MHz),-84.0,-7.9,3.7,33.0,30.0,49.4
2026-01-13 14:00:00,KYIV-003-2,KYIV-003,Band 1 (2100MHz),-78.4,-7.9,11.4,44.3,23.5,70.9
2026-01-13 14:00:00,KYIV-003-3,KYIV-003,Band 1 (2100MHz),-88.6,-10.2,11.6,38.8,19.4,39.4
2026-01-13 14:00:00,KYIV-004-1,KYIV-004,Band 3 (1800MHz),-90.0,-11.4,10.5,61.0,40.5,88.6
2026-01-13 14:00:00,KYIV-004-2,KYIV-004,Band 3 (1800MHz),-88.8,-11.2,6.0,57.7,27.6,94.9
2026-01-13 14:00:00,KYIV-004-3,KYIV-004,Band 3 (1800MHz),-86.8,-6.9,14.7,33.4,26.8,53.3
2026-01-13 14:00:00,KYIV-005-1,KYIV-005,Band 1 (2100MHz),-93.0,-9.3,16.2,45.8,20.2,68.5
2026-01-13 14:00:00,KYIV-005-2,KYIV-005,Band 1 (2100MHz),-86.4,-11.9,15.5,45.7,26.2,76.9
2026-01-13 14:00:00,KYIV-005-3,KYIV-005,Band 1 (2100MHz),-100.3,-16.0,3.5,33.0,27.2,71.5
2026-01-13 14:00:00,KYIV-006-1,KYIV-006,Band 3 (1800MHz),-82.6,-9.3,9.8,33.8,35.6,59.2
2026-01-13 14:00:00,KYIV-006-2,KYIV-006,Band 3 (1800MHz),-95.5,-9.8,9.0,55.1,21.1,74.3
2026-01-13 14:00:00,KYIV-006-3,KYIV-006,Band 3 (1800MHz),-87.9,-7.2,16.8,43.6,25.8,96.7
2026-01-13 14:00:00,KYIV-007-1,KYIV-007,Band 1 (2100MHz),-87.0,-11.5,17.6,36.1,41.3,66.9
2026-01-13 14:00:00,KYIV-007-2,KYIV-007,Band 1 (2100MHz),-83.3,-10.9,13.4,39.3,18.9,109.1
2026-01-13 14:00:00,KYIV-007-3,KYIV-007,Band 1 (2100MHz),-89.8,-6.8,10.5,23.1,20.5,67.2
2026-01-13 14:00:00,KYIV-008-1,KYIV-008,Band 3 (1800MHz),-90.9,-12.0,9.7,42.2,28.3,104.5
2026-01-13 14:00:00,KYIV-008-2,KYIV-008,Band 3 (1800MHz),-86.3,-10.7,13.3,53.2,39.4,100.6
2026-01-13 14:00:00,KYIV-008-3,KYIV-008,Band 3 (1800MHz),-88.6,-11.9,3.4,34.2,38.6,62.7
2026-01-13 14:00:00,KYIV-009-1,KYIV-009,Band 1 (2100MHz),-89.8,-9.5,8.8,51.6,18.0,104.1
2026-01-13 14:00:00,KYIV-009-2,KYIV-009,Band 1 (2100MHz),-87.4,-5.5,16.2,45.7,28.1,72.3
2026-01-13 14:00:00,KYIV-009-3,KYIV-009,Band 1 (2100MHz),-86.1,-8.0,2.1,39.6,31.8,83.8
2026-01-13 14:00:00,KYIV-010-1,KYIV-010,Band 3 (1800MHz),-89.7,-9.4,6.5,42.7,27.2,67.9
2026-01-13 14:00:00,KYIV-010-2,KYIV-010,Band 3 (1800MHz),-92.0,-8.8,16.8,62.0,36.7,72.6
2026-01-13 14:00:00,KYIV-010-3,KYIV-010,Band 3 (1800MHz),-89.4,-11.8,0.2,48.7,25.9,100.0
2026-01-13 14:00:00,KYIV-011-1,KYIV-011,Band 1 (2100MHz),-85.9,-8.6,9.0,44.3,25.7,49.5
2026-01-13 14:00:00,KYIV-011-2,KYIV-011,Band 1 (2100MHz),-87.7,-10.3,11.9,62.9,20.1,121.2
2026-01-13 14:00:00,KYIV-011-3,KYIV-011,Band 1 (2100MHz),-83.7,-10.4,10.5,40.8,27.5,67.2
2026-01-13 14:00:00,KYIV-012-1,KYIV-012,Band 3 (1800MHz),-82.7,-9.2,14.1,25.6,28.6,79.2
2026-01-13 14:00:00,KYIV-012-2,KYIV-012,Band 3 (1800MHz),-86.5,-11.8,18.2,79.3,20.8,73.4
2026-01-13 14:00:00,KYIV-012-3,KYIV-012,Band 3 (1800MHz),-90.1,-11.5,11.4,31.8,19.0,94.7
2026-01-13 14:00:00,KYIV-013-1,KYIV-013,Band 1 (2100MHz),-84.7,-13.7,21.7,54.0,9.7,39.4
2026-01-13 14:00:00,KYIV-013-2,KYIV-013,Band 1 (2100MHz),-87.5,-10.0,9.9,65.8,15.1,64.4
2026-01-13 14:00:00,KYIV-013-3,KYIV-013,Band 1 (2100MHz),-80.8,-12.6,14.6,51.9,34.2,59.3
2026-01-13 14:00:00,KYIV-014-1,KYIV-014,Band 3 (1800MHz),-86.1,-6.1,15.0,38.5,31.5,94.8
2026-01-13 14:00:00,KYIV-014-2,KYIV-014,Band 3 (1800MHz),-97.1,-15.7,3.9,53.3,23.8,99.9
2026-01-13 14:00:00,KYIV-014-3,KYIV-014,Band 3 (1800MHz),-90.2,-8.6,11.6,41.0,30.8,46.7
2026-01-13 14:00:00,KYIV-015-1,KYIV-015,Band 1 (2100MHz),-82.0,-8.7,5.2,79.6,19.7,37.9
2026-01-13 14:00:00,KYIV-015-2,KYIV-015,Band 1 (2100MHz),-82.2,-8.8,12.2,49.0,38.3,41.4
2026-01-13 14:00:00,KYIV-015-3,KYIV-015,Band 1 (2100MHz),-87.4,-8.5,21.0,67.5,40.4,67.9
2026-01-13 14:00:00,KYIV-016-1,KYIV-016,Band 3 (1800MHz),-79.2,-6.2,14.2,67.7,33.0,26.1
2026-01-13 14:00:00,KYIV-016-2,KYIV-016,Band 3 (1800MHz),-80.9,-6.3,5.7,37.3,31.7,45.8
2026-01-13 14:00:00,KYIV-016-3,KYIV-016,Band 3 (1800MHz),-87.3,-11.6,18.0,30.2,28.6,80.3
2026-01-13 15:00:00,KYIV-001-1,KYIV-001,Band 1 (2100MHz),-88.2,-3.9,6.8,33.2,0.8,21.8
2026-01-13 15:00:00,KYIV-001-2,KYIV-001,Band 1 (2100MHz),-84.4,-9.8,15.7,0.0,0.0,36.8
2026-01-13 15:00:00,KYIV-001-3,KYIV-001,Band 1 (2100MHz),-88.8,-8.3,22.3,0.9,18.8,13.3
2026-01-13 15:00:00,KYIV-002-1,KYIV-002,Band 3 (1800MHz),-101.5,-15.3,7.6,7.7,25.7,0.0
2026-01-13 15:00:00,KYIV-002-2,KYIV-002,Band 3 (1800MHz),-102.7,-11.0,9.9,3.3,26.0,11.6
2026-01-13 15:00:00,KYIV-002-3,KYIV-002,Band 3 (1800MHz),-92.7,-6.8,10.3,1.1,8.0,17.5
2026-01-13 15:00:00,KYIV-003-1,KYIV-003,Band 1 (2100MHz),-82.9,-8.5,13.8,19.6,0.0,43.5
2026-01-13 15:00:00,KYIV-003-2,KYIV-003,Band 1 (2100MHz),-90.5,-8.5,10.8,21.5,6.2,47.4
2026-01-13 15:00:00,KYIV-003-3,KYIV-003,Band 1 (2100MHz),-86.4,-10.8,4.4,20.5,9.5,44.0
2026-01-13 15:00:00,KYIV-004-1,KYIV-004,Band 3 (1800MHz),-91.9,-10.8,2.2,31.9,16.4,72.7
2026-01-13 15:00:00,KYIV-004-2,KYIV-004,Band 3 (1800MHz),-84.1,-9.6,13.1,16.4,0.0,25.9
2026-01-13 15:00:00,KYIV-004-3,KYIV-004,Band 3 (1800MHz),-92.5,-8.9,9.2,6.5,16.5,11.7
2026-01-13 15:00:00,KYIV-005-1,KYIV-005,Band 1 (2100MHz),-82.8,-5.6,11.8,21.5,11.1,26.1
2026-01-13 15:00:00,KYIV-005-2,KYIV-005,Band 1 (2100MHz),-88.9,-10.1,17.2,35.6,0.0,66.3
2026-01-13 15:00:00,KYIV-005-3,KYIV-005,Band 1 (2100MHz),-95.4,-11.8,12.4,16.6,5.8,52.0
2026-01-13 15:00:00,KYIV-006-1,KYIV-006,Band 3 (1800MHz),-87.5,-9.6,10.6,37.4,7.4,0.5
2026-01-13 15:00:00,KYIV-006-2,KYIV-006,Band 3 (1800MHz),-87.8,-12.7,10.5,22.2,6.9,65.9
2026-01-13 15:00:00,KYIV-006-3,KYIV-006,Band 3 (1800MHz),-86.5,-9.2,13.3,32.9,21.0,48.3
2026-01-13 15:00:00,KYIV-007-1,KYIV-007,Band 1 (2100MHz),-94.3,-5.4,16.9,22.8,0.9,25.3
2026-01-13 15:00:00,KYIV-007-2,KYIV-007,Band 1 (2100MHz),-88.0,-10.4,19.3,12.2,2.5,60.5
2026-01-13 15:00:00,KYIV-007-3,KYIV-007,Band 1 (2100MHz),-85.9,-6.3,18.6,11.1,2.0,28.4
2026-01-13 15:00:00,KYIV-008-1,KYIV-008,Band 3 (1800MHz),-92.4,-11.8,5.6,32.8,4.5,0.0
2026-01-13 15:00:00,KYIV-008-2,KYIV-008,Band 3 (1800MHz),-92.2,-8.8,16.4,15.2,7.1,0.0
2026-01-13 15:00:00,KYIV-008-3,KYIV-008,Band 3 (1800MHz),-86.3,-9.4,13.8,21.2,5.5,55.2
2026-01-13 15:00:00,KYIV-009-1,KYIV-009,Band 1 (2100MHz),-85.3,-9.6,-2.3,23.3,5.4,26.3
2026-01-13 15:00:00,KYIV-009-2,KYIV-009,Band 1 (2100MHz),-86.9,-2.7,13.3,18.3,12.0,20.0
2026-01-13 15:00:00,KYIV-009-3,KYIV-009,Band 1 (2100MHz),-89.2,-5.2,16.8,19.0,30.0,50.4
2026-01-13 15:00:00,KYIV-010-1,KYIV-010,Band 3 (1800MHz),-89.7,-7.8,15.8,23.5,19.5,74.0
2026-01-13 15:00:00,KYIV-010-2,KYIV-010,Band 3 (1800MHz),-90.8,-10.6,7.0,3.9,14.6,9.6
2026-01-13 15:00:00,KYIV-010-3,KYIV-010,Band 3 (1800MHz),-89.2,-5.4,10.3,12.9,4.8,27.4
2026-01-13 15:00:00,KYIV-011-1,KYIV-011,Band 1 (2100MHz),-92.0,-5.4,6.1,0.0,17.8,24.7
2026-01-13 15:00:00,KYIV-011-2,KYIV-011,Band 1 (2100MHz),-88.5,-7.3,5.9,16.7,0.0,84.7
2026-01-13 15:00:00,KYIV-011-3,KYIV-011,Band 1 (2100MHz),-91.4,-8.2,13.2,30.6,8.4,37.1
2026-01-13 15:00:00,KYIV-012-1,KYIV-012,Band 3 (1800MHz),-82.0,-10.1,17.7,26.2,23.6,62.9
2026-01-13 15:00:00,KYIV-012-2,KYIV-012,Band 3 (1800MHz),-83.7,-7.0,16.5,25.1,13.5,15.0
2026-01-13 15:00:00,KYIV-012-3,KYIV-012,Band 3 (1800MHz),-81.8,-11.8,10.3,18.0,14.9,47.3
2026-01-13 15:00:00,KYIV-013-1,KYIV-013,Band 1 (2100MHz),-82.0,-2.4,19.7,17.2,20.4,57.9
2026-01-13 15:00:00,KYIV-013-2,KYIV-013,Band 1 (2100MHz),-80.3,-9.2,13.4,5.2,0.7,19.4
2026-01-13 15:00:00,KYIV-013-3,KYIV-013,Band 1 (2100MHz),-91.2,-8.1,14.4,28.7,20.7,0.0
2026-01-13 15:00:00,KYIV-014-1,KYIV-014,Band 3 (1800MHz),-87.7,-5.0,10.7,23.1,3.3,32.7
2026-01-13 15:00:00,KYIV-014-2,KYIV-014,Band 3 (1800MHz),-96.7,-11.6,5.8,53.8,7.7,9.9
2026-01-13 15:00:00,KYIV-014-3,KYIV-014,Band 3 (1800MHz),-87.2,-9.9,16.6,13.9,19.0,36.7
2026-01-13 15:00:00,KYIV-015-1,KYIV-015,Band 1 (2100MHz),-85.0,-10.6,16.4,19.6,0.0,0.0
2026-01-13 15:00:00,KYIV-015-2,KYIV-015,Band 1 (2100MHz),-85.5,-6.1,15.7,26.0,4.0,38.3
2026-01-13 15:00:00,KYIV-015-3,KYIV-015,Band 1 (2100MHz),-88.0,-7.4,14.3,8.3,11.7,0.0
2026-01-13 15:00:00,KYIV-016-1,KYIV-016,Band 3 (1800MHz),-92.2,-6.2,8.1,26.7,23.5,13.1
2026-01-13 15:00:00,KYIV-016-2,KYIV-016,Band 3 (1800MHz),-88.1,-6.4,17.3,29.7,5.7,23.9
2026-01-13 15:00:00,KYIV-016-3,KYIV-016,Band 3 (1800MHz),-86.8,-9.1,8.8,21.0,0.0,0.0
2026-01-13 16:00:00,KYIV-001-1,KYIV-001,Band 1 (2100MHz),-88.2,-9.1,10.1,59.8,17.4,82.9
2026-01-13 16:00:00,KYIV-001-2,KYIV-001,Band 1 (2100MHz),-92.1,-10.2,8.1,55.9,47.1,100.5
2026-01-13 16:00:00,KYIV-001-3,KYIV-001,Band 1 (2100MHz),-82.5,-10.6,13.5,84.4,34.7,121.6
2026-01-13 16:00:00,KYIV-002-1,KYIV-002,Band 3 (1800MHz),-103.3,-16.3,-2.7,30.0,47.7,80.0
2026-01-13 16:00:00,KYIV-002-2,KYIV-002,Band 3 (1800MHz),-96.9,-14.7,5.5,52.7,43.3,106.9
2026-01-13 16:00:00,KYIV-002-3,KYIV-002,Band 3 (1800MHz),-87.5,-9.3,5.5,58.0,27.6,120.8
2026-01-13 16:00:00,KYIV-003-1,KYIV-003,Band 1 (2100MHz),-85.5,-10.4,5.8,61.6,28.8,74.6
2026-01-13 16:00:00,KYIV-003-2,KYIV-003,Band 1 (2100MHz),-85.5,-10.3,12.5,63.8,31.3,119.0
2026-01-13 16:00:00,KYIV-003-3,KYIV-003,Band 1 (2100MHz),-84.8,-9.3,20.3,58.6,34.4,99.7
2026-01-13 16:00:00,KYIV-004-1,KYIV-004,Band 3 (1800MHz),-82.5,-10.7,5.5,78.2,36.7,104.4
2026-01-13 16:00:00,KYIV-004-2,KYIV-004,Band 3 (1800MHz),-87.5,-14.6,16.7,65.2,32.2,90.1
2026-01-13 16:00:00,KYIV-004-3,KYIV-004,Band 3 (1800MHz),-82.1,-9.1,13.5,83.1,31.9,123.7
2026-01-13 16:00:00,KYIV-005-1,KYIV-005,Band 1 (2100MHz),-90.2,-14.2,10.6,47.5,23.3,116.5
2026-01-13 16:00:00,KYIV-005-2,KYIV-005,Band 1 (2100MHz),-81.6,-10.1,6.3,55.5,30.0,86.5
2026-01-13 16:00:00,KYIV-005-3,KYIV-005,Band 1 (2100MHz),-105.7,-17.7,12.0,59.0,35.3,68.5
2026-01-13 16:00:00,KYIV-006-1,KYIV-006,Band 3 (1800MHz),-88.3,-10.2,7.5,55.0,33.1,119.9
2026-01-13 16:00:00,KYIV-006-2,KYIV-006,Band 3 (1800MHz),-88.3,-11.3,14.2,63.6,29.8,96.0
2026-01-13 16:00:00,KYIV-006-3,KYIV-006,Band 3 (1800MHz),-84.2,-10.6,12.6,70.2,29.6,115.9
2026-01-13 16:00:00,KYIV-007-1,KYIV-007,Band 1 (2100MHz),-85.8,-9.8,13.4,60.2,34.5,131.9
2026-01-13 16:00:00,KYIV-007-2,KYIV-007,Band 1 (2100MHz),-82.5,-16.0,11.8,69.8,39.6,63.2
2026-01-13 16:00:00,KYIV-007-3,KYIV-007,Band 1 (2100MHz),-89.2,-13.9,10.1,86.8,27.4,78.9
2026-01-13 16:00:00,KYIV-008-1,KYIV-008,Band 3 (1800MHz),-86.0,-11.2,16.3,64.5,37.6,106.0
2026-01-13 16:00:00,KYIV-008-2,KYIV-008,Band 3 (1800MHz),-84.8,-13.5,-3.2,55.5,29.8,108.2
2026-01-13 16:00:00,KYIV-008-3,KYIV-008,Band 3 (1800MHz),-93.4,-13.9,22.8,79.6,33.7,136.5
2026-01-13 16:00:00,KYIV-009-1,KYIV-009,Band 1 (2100MHz),-89.2,-12.7,5.6,83.1,28.9,115.6
2026-01-13 16:00:00,KYIV-009-2,KYIV-009,Band 1 (2100MHz),-93.6,-11.2,18.5,54.1,61.5,106.8
2026-01-13 16:00:00,KYIV-009-3,KYIV-009,Band 1 (2100MHz),-87.4,-10.6,18.3,73.4,38.4,132.1
2026-01-13 16:00:00,KYIV-010-1,KYIV-010,Band 3 (1800MHz),-85.7,-12.6,15.9,79.2,33.6,82.1
2026-01-13 16:00:00,KYIV-010-2,KYIV-010,Band 3 (1800MHz),-81.4,-8.4,11.0,71.6,43.1,125.4
2026-01-13 16:00:00,KYIV-010-3,KYIV-010,Band 3 (1800MHz),-80.4,-7.2,9.2,78.8,21.9,88.2
2026-01-13 16:00:00,KYIV-011-1,KYIV-011,Band 1 (2100MHz),-87.2,-10.2,9.9,55.6,43.7,98.1
2026-01-13 16:00:00,KYIV-011-2,KYIV-011,Band 1 (2100MHz),-92.0,-12.9,21.6,75.8,40.9,85.1
2026-01-13 16:00:00,KYIV-011-3,KYIV-011,Band 1 (2100MHz),-89.0,-10.1,9.8,59.8,55.2,101.2
2026-01-13 16:00:00,KYIV-012-1,KYIV-012,Band 3 (1800MHz),-89.3,-11.3,16.2,54.1,42.8,133.2
2026-01-13 16:00:00,KYIV-012-2,KYIV-012,Band 3 (1800MHz),-85.9,-8.8,7.7,78.0,38.6,114.4
2026-01-13 16:00:00,KYIV-012-3,KYIV-012,Band 3 (1800MHz),-90.0,-11.1,16.1,53.6,30.5,135.3
2026-01-13 16:00:00,KYIV-013-1,KYIV-013,Band 1 (2100MHz),-87.8,-10.5,15.0,52.0,24.9,123.3
2026-01-13 16:00:00,KYIV-013-2,KYIV-013,Band 1 (2100MHz),-80.8,-10.6,5.4,74.0,41.3,126.9
2026-01-13 16:00:00,KYIV-013-3,KYIV-013,Band 1 (2100MHz),-90.0,-10.3,16.2,58.2,43.9,123.2
2026-01-13 16:00:00,KYIV-014-1,KYIV-014,Band 3 (1800MHz),-85.2,-11.3,10.3,80.9,30.3,111.8
2026-01-13 16:00:00,KYIV-014-2,KYIV-014,Band 3 (1800MHz),-98.5,-16.5,-4.9,66.0,38.1,94.6
2026-01-13 16:00:00,KYIV-014-3,KYIV-014,Band 3 (1800MHz),-83.5,-11.3,17.9,68.4,36.2,73.7
2026-01-13 16:00:00,KYIV-015-1,KYIV-015,Band 1 (2100MHz),-89.2,-15.8,7.2,30.8,34.8,114.5
2026-01-13 16:00:00,KYIV-015-2,KYIV-015,Band 1 (2100MHz),-85.7,-7.2,15.4,55.9,32.9,83.4
2026-01-13 16:00:00,KYIV-015-3,KYIV-015,Band 1 (2100MHz),-85.4,-10.7,9.8,44.1,19.8,86.0
2026-01-13 16:00:00,KYIV-016-1,KYIV-016,Band 3 (1800MHz),-84.5,-9.6,17.5,68.6,21.9,118.2
2026-01-13 16:00:00,KYIV-016-2,KYIV-016,Band 3 (1800MHz),-82.8,-11.4,10.4,58.3,23.4,123.2
2026-01-13 16:00:00,KYIV-016-3,KYIV-016,Band 3 (1800MHz),-81.0,-12.3,9.5,72.1,45.7,114.5
2026-01-13 17:00:00,KYIV-001-1,KYIV-001,Band 1 (2100MHz),-85.4,-12.4,12.1,80.3,36.1,80.1
2026-01-13 17:00:00,KYIV-001-2,KYIV-001,Band 1 (2100MHz),-85.3,-12.0,23.7,67.6,42.6,118.4
2026-01-13 17:00:00,KYIV-001-3,KYIV-001,Band 1 (2100MHz),-88.1,-11.9,25.1,74.9,27.4,124.8
2026-01-13 17:00:00,KYIV-002-1,KYIV-002,Band 3 (1800MHz),-101.4,-16.7,9.1,86.9,54.5,141.6
2026-01-13 17:00:00,KYIV-002-2,KYIV-002,Band 3 (1800MHz),-96.1,-14.9,0.4,51.7,58.1,110.0
2026-01-13 17:00:00,KYIV-002-3,KYIV-002,Band 3 (1800MHz),-88.7,-6.4,10.7,66.8,26.0,124.6
2026-01-13 17:00:00,KYIV-003-1,KYIV-003,Band 1 (2100MHz),-81.8,-11.6,10.0,59.1,38.7,132.1
2026-01-13 17:00:00,KYIV-003-2,KYIV-003,Band 1 (2100MHz),-87.6,-9.9,6.6,64.8,39.9,96.2
2026-01-13 17:00:00,KYIV-003-3,KYIV-003,Band 1 (2100MHz),-77.0,-16.7,18.6,90.6,47.3,134.1
2026-01-13 17:00:00,KYIV-004-1,KYIV-004,Band 3 (1800MHz),-83.3,-11.2,8.8,63.3,39.6,112.5
2026-01-13 17:00:00,KYIV-004-2,KYIV-004,Band 3 (1800MHz),-89.4,-12.9,13.0,76.3,36.0,110.8
2026-01-13 17:00:00,KYIV-004-3,KYIV-004,Band 3 (1800MHz),-83.7,-9.8,13.0,92.7,52.2,129.8
2026-01-13 17:00:00,KYIV-005-1,KYIV-005,Band 1 (2100MHz),-84.5,-10.3,5.6,81.5,32.1,115.7
2026-01-13 17:00:00,KYIV-005-2,KYIV-005,Band 1 (2100MHz),-88.2,-11.6,8.7,86.5,27.4,133.0
2026-01-13 17:00:00,KYIV-005-3,KYIV-005,Band 1 (2100MHz),-95.1,-16.0,0.9,64.8,46.8,103.3
2026-01-13 17:00:00,KYIV-006-1,KYIV-006,Band 3 (1800MHz),-78.4,-9.4,9.9,58.9,45.5,144.8
2026-01-13 17:00:00,KYIV-006-2,KYIV-006,Band 3 (1800MHz),-91.7,-14.1,21.7,81.9,31.8,130.6
2026-01-13 17:00:00,KYIV-006-3,KYIV-006,Band 3 (1800MHz),-85.2,-10.4,16.0,68.2,42.5,110.2
2026-01-13 17:00:00,KYIV-007-1,KYIV-007,Band 1 (2100MHz),-89.1,-11.5,6.4,70.9,27.8,95.4
2026-01-13 17:00:00,KYIV-007-2,KYIV-007,Band 1 (2100MHz),-89.5,-8.0,8.6,81.8,47.3,138.5
2026-01-13 17:00:00,KYIV-007-3,KYIV-007,Band 1 (2100MHz),-84.2,-12.0,11.5,55.7,48.1,67.4
2026-01-13 17:00:00,KYIV-008-1,KYIV-008,Band 3 (1800MHz),-83.6,-10.9,18.6,58.7,40.9,83.6
2026-01-13 17:00:00,KYIV-008-2,KYIV-008,Band 3 (1800MHz),-88.4,-6.5,7.9,55.9,40.4,117.1
2026-01-13 17:00:00,KYIV-008-3,KYIV-008,Band 3 (1800MHz),-86.4,-13.4,0.9,86.9,39.5,124.5
2026-01-13 17:00:00,KYIV-009-1,KYIV-009,Band 1 (2100MHz),-90.1,-10.2,12.0,70.5,42.1,132.4
2026-01-13 17:00:00,KYIV-009-2,KYIV-009,Band 1 (2100MHz),-85.1,-12.1,3.7,73.6,54.9,114.8
2026-01-13 17:00:00,KYIV-009-3,KYIV-009,Band 1 (2100MHz),-84.3,-13.1,13.1,58.2,38.5,130.3
2026-01-13 17:00:00,KYIV-010-1,KYIV-010,Band 3 (1800MHz),-85.6,-12.9,18.6,71.1,31.6,88.7
2026-01-13 17:00:00,KYIV-010-2,KYIV-010,Band 3 (1800MHz),-81.9,-12.1,12.4,76.5,40.3,127.1
2026-01-13 17:00:00,KYIV-010-3,KYIV-010,Band 3 (1800MHz),-87.4,-11.6,12.6,58.0,41.0,124.8
2026-01-13 17:00:00,KYIV-011-1,KYIV-011,Band 1 (2100MHz),-83.1,-11.8,13.8,70.2,40.4,141.0
2026-01-13 17:00:00,KYIV-011-2,KYIV-011,Band 1 (2100MHz),-82.1,-11.0,10.9,60.3,27.0,89.0
2026-01-13 17:00:00,KYIV-011-3,KYIV-011,Band 1 (2100MHz),-91.6,-11.2,4.5,73.0,38.1,123.6
2026-01-13 17:00:00,KYIV-012-1,KYIV-012,Band 3 (1800MHz),-83.5,-12.3,7.3,76.4,29.0,110.3
2026-01-13 17:00:00,KYIV-012-2,KYIV-012,Band 3 (1800MHz),-86.7,-12.0,17.6,80.3,52.9,125.1
2026-01-13 17:00:00,KYIV-012-3,KYIV-012,Band 3 (1800MHz),-87.2,-8.9,12.6,62.5,49.4,125.9
2026-01-13 17:00:00,KYIV-013-1,KYIV-013,Band 1 (2100MHz),-85.8,-11.5,6.8,77.0,25.9,105.5
2026-01-13 17:00:00,KYIV-013-2,KYIV-013,Band 1 (2100MHz),-80.6,-12.1,12.1,59.8,35.7,79.6
2026-01-13 17:00:00,KYIV-013-3,KYIV-013,Band 1 (2100MHz),-85.5,-12.1,19.8,64.6,45.7,101.1
2026-01-13 17:00:00,KYIV-014-1,KYIV-014,Band 3 (1800MHz),-87.1,-14.3,15.1,46.1,29.8,99.6
2026-01-13 17:00:00,KYIV-014-2,KYIV-014,Band 3 (1800MHz),-100.9,-13.3,8.5,77.1,33.1,100.0
2026-01-13 17:00:00,KYIV-014-3,KYIV-014,Band 3 (1800MHz),-86.7,-10.3,11.6,70.5,42.9,87.7
2026-01-13 17:00:00,KYIV-015-1,KYIV-015,Band 1 (2100MHz),-84.4,-9.5,13.7,58.3,51.4,143.1
2026-01-13 17:00:00,KYIV-015-2,KYIV-015,Band 1 (2100MHz),-92.4,-11.0,18.6,79.8,48.3,122.8
2026-01-13 17:00:00,KYIV-015-3,KYIV-015,Band 1 (2100MHz),-84.2,-13.0,7.8,61.9,34.7,97.2
2026-01-13 17:00:00,KYIV-016-1,KYIV-016,Band 3 (1800MHz),-90.6,-8.6,16.7,66.7,43.2,103.9
2026-01-13 17:00:00,KYIV-016-2,KYIV-016,Band 3 (1800MHz),-83.4,-11.8,19.1,63.1,44.8,148.5
2026-01-13 17:00:00,KYIV-016-3,KYIV-016,Band 3 (1800MHz),-87.4,-13.7,11.1,80.0,39.8,141.5
2026-01-13 18:00:00,KYIV-001-1,KYIV-001,Band 1 (2100MHz),-92.7,-13.1,14.8,52.2,40.5,136.1
2026-01-13 18:00:00,KYIV-001-2,KYIV-001,Band 1 (2100MHz),-88.4,-14.8,-3.2,58.5,40.7,109.5
2026-01-13 18:00:00,KYIV-001-3,KYIV-001,Band 1 (2100MHz),-92.8,-11.6,17.6,99.2,46.3,68.2
2026-01-13 18:00:00,KYIV-002-1,KYIV-002,Band 3 (1800MHz),-101.0,-16.0,4.1,53.4,44.7,124.4
2026-01-13 18:00:00,KYIV-002-2,KYIV-002,Band 3 (1800MHz),-102.3,-18.0,5.7,75.0,45.3,81.1
2026-01-13 18:00:00,KYIV-002-3,KYIV-002,Band 3 (1800MHz),-88.8,-9.1,15.0,71.1,44.3,107.3
2026-01-13 18:00:00,KYIV-003-1,KYIV-003,Band 1 (2100MHz),-88.4,-10.9,14.3,66.9,43.0,113.5
2026-01-13 18:00:00,KYIV-003-2,KYIV-003,Band 1 (2100MHz),-77.9,-11.9,9.3,66.5,43.4,114.1
2026-01-13 18:00:00,KYIV-003-3,KYIV-003,Band 1 (2100MHz),-86.7,-15.1,8.5,70.6,42.0,128.3
2026-01-13 18:00:00,KYIV-004-1,KYIV-004,Band 3 (1800MHz),-92.9,-10.2,28.0,83.5,41.8,61.0
2026-01-13 18:00:00,KYIV-004-2,KYIV-004,Band 3 (1800MHz),-86.6,-9.2,15.8,68.9,31.2,153.1
2026-01-13 18:00:00,KYIV-004-3,KYIV-004,Band 3 (1800MHz),-92.6,-13.5,20.4,77.0,45.3,162.5
2026-01-13 18:00:00,KYIV-005-1,KYIV-005,Band 1 (2100MHz),-84.1,-11.8,17.4,67.6,31.1,104.4
2026-01-13 18:00:00,KYIV-005-2,KYIV-005,Band 1 (2100MHz),-80.9,-11.6,21.5,77.0,40.2,152.8
2026-01-13 18:00:00,KYIV-005-3,KYIV-005,Band 1 (2100MHz),-99.8,-14.5,12.7,87.7,50.6,129.4
2026-01-13 18:00:00,KYIV-006-1,KYIV-006,Band 3 (1800MHz),-90.5,-12.2,9.5,65.9,52.7,87.3
2026-01-13 18:00:00,KYIV-006-2,KYIV-006,Band 3 (1800MHz),-83.4,-10.8,9.6,74.9,42.1,76.3
2026-01-13 18:00:00,KYIV-006-3,KYIV-006,Band 3 (1800MHz),-76.6,-10.3,14.2,75.5,33.3,77.9
2026-01-13 18:00:00,KYIV-007-1,KYIV-007,Band 1 (2100MHz),-90.0,-8.9,13.8,55.2,20.3,122.0
2026-01-13 18:00:00,KYIV-007-2,KYIV-007,Band 1 (2100MHz),-89.5,-11.9,19.2,82.2,31.2,78.9
2026-01-13 18:00:00,KYIV-007-3,KYIV-007,Band 1 (2100MHz),-76.3,-14.1,14.9,67.6,46.7,61.7
2026-01-13 18:00:00,KYIV-008-1,KYIV-008,Band 3 (1800MHz),-81.5,-12.1,11.2,96.3,51.5,147.9
2026-01-13 18:00:00,KYIV-008-2,KYIV-008,Band 3 (1800MHz),-82.7,-14.1,16.4,57.7,16.2,126.7
2026-01-13 18:00:00,KYIV-008-3,KYIV-008,Band 3 (1800MHz),-81.3,-12.1,8.6,72.9,21.6,138.1
2026-01-13 18:00:00,KYIV-009-1,KYIV-009,Band 1 (2100MHz),-90.5,-11.4,6.7,83.9,29.0,124.4
2026-01-13 18:00:00,KYIV-009-2,KYIV-009,Band 1 (2100MHz),-89.5,-12.7,17.9,95.8,30.5,141.9
2026-01-13 18:00:00,KYIV-009-3,KYIV-009,Band 1 (2100MHz),-87.7,-14.9,17.4,62.7,44.1,129.4
2026-01-13 18:00:00,KYIV-010-1,KYIV-010,Band 3 (1800MHz),-91.6,-12.3,12.8,75.3,42.7,101.0
2026-01-13 18:00:00,KYIV-010-2,KYIV-010,Band 3 (1800MHz),-90.8,-10.2,13.4,75.1,42.0,106.4
2026-01-13 18:00:00,KYIV-010-3,KYIV-010,Band 3 (1800MHz),-87.8,-13.7,13.1,68.7,56.7,141.6
2026-01-13 18:00:00,KYIV-011-1,KYIV-011,Band 1 (2100MHz),-86.3,-13.6,3.4,62.9,56.3,141.4
2026-01-13 18:00:00,KYIV-011-2,KYIV-011,Band 1 (2100MHz),-84.1,-11.0,10.6,86.2,40.8,89.5
2026-01-13 18:00:00,KYIV-011-3,KYIV-011,Band 1 (2100MHz),-88.5,-8.8,19.4,72.0,60.1,130.7
2026-01-13 18:00:00,KYIV-012-1,KYIV-012,Band 3 (1800MHz),-82.7,-12.3,8.8,63.6,54.1,177.9
2026-01-13 18:00:00,KYIV-012-2,KYIV-012,Band 3 (1800MHz),-85.5,-10.0,16.1,71.1,34.2,137.2
2026-01-13 18:00:00,KYIV-012-3,KYIV-012,Band 3 (1800MHz),-92.4,-11.6,6.9,76.0,44.7,108.1
2026-01-13 18:00:00,KYIV-013-1,KYIV-013,Band 1 (2100MHz),-87.1,-11.1,10.8,50.7,30.2,116.7
2026-01-13 18:00:00,KYIV-013-2,KYIV-013,Band 1 (2100MHz),-85.1,-9.1,13.0,64.2,63.8,78.7
2026-01-13 18:00:00,KYIV-013-3,KYIV-013,Band 1 (2100MHz),-89.6,-13.1,15.3,63.4,48.8,107.2
2026-01-13 18:00:00,KYIV-014-1,KYIV-014,Band 3 (1800MHz),-83.4,-12.2,6.0,64.2,44.1,82.8
2026-01-13 18:00:00,KYIV-014-2,KYIV-014,Band 3 (1800MHz),-97.9,-15.9,14.5,54.5,44.3,114.1
2026-01-13 18:00:00,KYIV-014-3,KYIV-014,Band 3 (1800MHz),-88.6,-9.7,12.9,90.6,44.1,135.4
2026-01-13 18:00:00,KYIV-015-1,KYIV-015,Band 1 (2100MHz),-88.0,-12.9,22.9,53.6,22.0,111.9
2026-01-13 18:00:00,KYIV-015-2,KYIV-015,Band 1 (2100MHz),-83.9,-11.7,6.5,94.5,42.3,116.5
2026-01-13 18:00:00,KYIV-015-3,KYIV-015,Band 1 (2100MHz),-87.2,-13.4,15.9,58.8,36.4,136.2
2026-01-13 18:00:00,KYIV-016-1,KYIV-016,Band 3 (1800MHz),-77.8,-12.0,5.9,95.7,48.8,88.2
2026-01-13 18:00:00,KYIV-016-2,KYIV-016,Band 3 (1800MHz),-89.7,-12.7,20.0,87.8,53.8,113.5
2026-01-13 18:00:00,KYIV-016-3,KYIV-016,Band 3 (1800MHz),-89.0,-10.1,22.2,89.7,59.5,141.0
2026-01-13 19:00:00,KYIV-001-1,KYIV-001,Band 1 (2100MHz),-85.0,-12.9,17.8,65.6,47.6,114.2
2026-01-13 19:00:00,KYIV-001-2,KYIV-001,Band 1 (2100MHz),-88.1,-12.3,8.5,58.2,35.1,151.7
2026-01-13 19:00:00,KYIV-001-3,KYIV-001,Band 1 (2100MHz),-87.0,-12.3,9.5,62.9,45.5,117.9
2026-01-13 19:00:00,KYIV-002-1,KYIV-002,Band 3 (1800MHz),-106.8,-15.1,1.0,72.3,29.8,114.6
2026-01-13 19:00:00,KYIV-002-2,KYIV-002,Band 3 (1800MHz),-104.6,-14.3,11.1,56.3,34.6,162.3
2026-01-13 19:00:00,KYIV-002-3,KYIV-002,Band 3 (1800MHz),-88.9,-9.3,23.4,85.2,23.7,80.9
2026-01-13 19:00:00,KYIV-003-1,KYIV-003,Band 1 (2100MHz),-94.2,-11.3,20.9,79.9,34.9,109.1
2026-01-13 19:00:00,KYIV-003-2,KYIV-003,Band 1 (2100MHz),-89.0,-12.2,15.2,64.4,35.4,124.8
2026-01-13 19:00:00,KYIV-003-3,KYIV-003,Band 1 (2100MHz),-78.9,-14.8,6.0,68.6,37.9,93.3
2026-01-13 19:00:00,KYIV-004-1,KYIV-004,Band 3 (1800MHz),-87.6,-10.7,16.2,69.5,44.9,121.4
2026-01-13 19:00:00,KYIV-004-2,KYIV-004,Band 3 (1800MHz),-85.3,-13.2,7.9,90.8,27.9,126.6
2026-01-13 19:00:00,KYIV-004-3,KYIV-004,Band 3 (1800MHz),-84.7,-11.7,10.3,88.1,19.9,77.2
2026-01-13 19:00:00,KYIV-005-1,KYIV-005,Band 1 (2100MHz),-86.8,-14.3,12.1,68.2,40.3,103.9
2026-01-13 19:00:00,KYIV-005-2,KYIV-005,Band 1 (2100MHz),-85.5,-11.0,5.5,67.7,30.2,132.6
2026-01-13 19:00:00,KYIV-005-3,KYIV-005,Band 1 (2100MHz),-100.6,-10.8,1.4,64.9,47.3,90.6
2026-01-13 19:00:00,KYIV-006-1,KYIV-006,Band 3 (1800MHz),-90.5,-8.6,12.7,74.7,33.7,146.1
2026-01-13 19:00:00,KYIV-006-2,KYIV-006,Band 3 (1800MHz),-84.2,-11.8,15.3,63.8,38.1,115.6
2026-01-13 19:00:00,KYIV-006-3,KYIV-006,Band 3 (1800MHz),-94.1,-12.4,11.3,61.3,61.9,143.9
2026-01-13 19:00:00,KYIV-007-1,KYIV-007,Band 1 (2100MHz),-87.3,-12.4,21.2,58.3,50.1,145.0
2026-01-13 19:00:00,KYIV-007-2,KYIV-007,Band 1 (2100MHz),-84.5,-8.3,7.7,85.1,44.9,108.6
2026-01-13 19:00:00,KYIV-007-3,KYIV-007,Band 1 (2100MHz),-86.7,-12.6,20.2,100.0,53.5,78.5
2026-01-13 19:00:00,KYIV-008-1,KYIV-008,Band 3 (1800MHz),-93.9,-7.5,9.5,81.3,33.1,143.0
2026-01-13 19:00:00,KYIV-008-2,KYIV-008,Band 3 (1800MHz),-81.9,-13.5,15.1,71.7,27.6,144.7
2026-01-13 19:00:00,KYIV-008-3,KYIV-008,Band 3 (1800MHz),-93.3,-11.4,13.1,55.6,38.9,131.4
2026-01-13 19:00:00,KYIV-009-1,KYIV-009,Band 1 (2100MHz),-77.1,-10.3,13.6,72.0,42.7,150.8
2026-01-13 19:00:00,KYIV-009-2,KYIV-009,Band 1 (2100MHz),-87.6,-15.6,5.0,85.6,29.2,138.3
2026-01-13 19:00:00,KYIV-009-3,KYIV-009,Band 1 (2100MHz),-91.7,-10.2,7.3,64.2,63.0,96.1
2026-01-13 19:00:00,KYIV-010-1,KYIV-010,Band 3 (1800MHz),-86.3,-8.5,15.1,64.3,38.0,128.8
2026-01-13 19:00:00,KYIV-010-2,KYIV-010,Band 3 (1800MHz),-92.3,-11.6,13.7,60.9,25.7,99.5
2026-01-13 19:00:00,KYIV-010-3,KYIV-010,Band 3 (1800MHz),-88.0,-10.8,8.2,74.6,40.7,118.9
2026-01-13 19:00:00,KYIV-011-1,KYIV-011,Band 1 (2100MHz),-80.9,-10.0,4.8,73.8,32.7,128.6
2026-01-13 19:00:00,KYIV-011-2,KYIV-011,Band 1 (2100MHz),-85.3,-14.6,3.9,88.3,41.0,131.1
2026-01-13 19:00:00,KYIV-011-3,KYIV-011,Band 1 (2100MHz),-87.2,-14.8,5.0,66.9,43.4,117.8
2026-01-13 19:00:00,KYIV-012-1,KYIV-012,Band 3 (1800MHz),-88.1,-10.8,10.2,35.4,39.9,118.8
2026-01-13 19:00:00,KYIV-012-2,KYIV-012,Band 3 (1800MHz),-94.9,-9.6,13.5,65.7,40.8,122.7
2026-01-13 19:00:00,KYIV-012-3,KYIV-012,Band 3 (1800MHz),-84.8,-9.3,21.7,59.9,36.0,119.4
2026-01-13 19:00:00,KYIV-013-1,KYIV-013,Band 1 (2100MHz),-84.1,-12.0,14.0,48.0,41.3,76.0
2026-01-13 19:00:00,KYIV-013-2,KYIV-013,Band 1 (2100MHz),-83.6,-12.6,9.5,56.1,38.8,97.7
2026-01-13 19:00:00,KYIV-013-3,KYIV-013,Band 1 (2100MHz),-85.0,-12.3,11.2,71.6,46.5,122.5
2026-01-13 19:00:00,KYIV-014-1,KYIV-014,Band 3 (1800MHz),-90.1,-11.1,17.7,74.8,45.9,135.3
2026-01-13 19:00:00,KYIV-014-2,KYIV-014,Band 3 (1800MHz),-94.9,-10.8,8.9,76.9,44.7,80.4
2026-01-13 19:00:00,KYIV-014-3,KYIV-014,Band 3 (1800MHz),-94.8,-11.1,1.4,66.5,33.3,113.1
2026-01-13 19:00:00,KYIV-015-1,KYIV-015,Band 1 (2100MHz),-91.1,-16.3,11.4,72.9,40.0,77.6
2026-01-13 19:00:00,KYIV-015-2,KYIV-015,Band 1 (2100MHz),-80.6,-10.8,8.9,69.6,40.4,80.4
2026-01-13 19:00:00,KYIV-015-3,KYIV-015,Band 1 (2100MHz),-89.0,-13.7,9.6,54.7,41.6,136.9
2026-01-13 19:00:00,KYIV-016-1,KYIV-016,Band 3 (1800MHz),-82.0,-13.9,6.5,75.0,38.7,166.9
2026-01-13 19:00:00,KYIV-016-2,KYIV-016,Band 3 (1800MHz),-84.2,-11.2,21.8,47.8,30.3,140.5
2026-01-13 19:00:00,KYIV-016-3,KYIV-016,Band 3 (1800MHz),-78.9,-12.0,19.4,72.5,51.1,148.2
2026-01-13 20:00:00,KYIV-001-1,KYIV-001,Band 1 (2100MHz),-79.1,-10.3,5.4,66.0,45.8,96.2
2026-01-13 20:00:00,KYIV-001-2,KYIV-001,Band 1 (2100MHz),-83.2,-9.4,12.8,67.2,24.1,128.5
2026-01-13 20:00:00,KYIV-001-3,KYIV-001,Band 1 (2100MHz),-88.5,-12.0,10.8,52.6,34.2,93.7
2026-01-13 20:00:00,KYIV-002-1,KYIV-002,Band 3 (1800MHz),-100.3,-10.9,3.6,50.7,51.7,68.4
2026-01-13 20:00:00,KYIV-002-2,KYIV-002,Band 3 (1800MHz),-102.7,-13.2,11.5,41.2,47.0,147.4
2026-01-13 20:00:00,KYIV-002-3,KYIV-002,Band 3 (1800MHz),-90.4,-8.1,4.7,61.9,30.6,119.1
2026-01-13 20:00:00,KYIV-003-1,KYIV-003,Band 1 (2100MHz),-82.0,-9.1,7.2,47.6,32.1,117.4
2026-01-13 20:00:00,KYIV-003-2,KYIV-003,Band 1 (2100MHz),-90.1,-11.7,7.8,53.7,50.4,95.3
2026-01-13 20:00:00,KYIV-003-3,KYIV-003,Band 1 (2100MHz),-85.5,-8.3,16.0,72.0,27.4,135.0
2026-01-13 20:00:00,KYIV-004-1,KYIV-004,Band 3 (1800MHz),-85.2,-11.0,12.8,56.0,33.8,92.5
2026-01-13 20:00:00,KYIV-004-2,KYIV-004,Band 3 (1800MHz),-85.0,-8.5,13.3,40.7,31.9,87.8
2026-01-13 20:00:00,KYIV-004-3,KYIV-004,Band 3 (1800MHz),-90.0,-14.1,9.0,78.0,40.3,102.9
2026-01-13 20:00:00,KYIV-005-1,KYIV-005,Band 1 (2100MHz),-87.1,-11.8,10.0,65.2,33.3,112.7
2026-01-13 20:00:00,KYIV-005-2,KYIV-005,Band 1 (2100MHz),-86.8,-12.2,18.2,53.0,34.2,78.0
2026-01-13 20:00:00,KYIV-005-3,KYIV-005,Band 1 (2100MHz),-102.3,-10.8,5.9,60.6,19.0,107.2
2026-01-13 20:00:00,KYIV-006-1,KYIV-006,Band 3 (1800MHz),-86.1,-7.5,9.7,67.2,26.8,88.9
2026-01-13 20:00:00,KYIV-006-2,KYIV-006,Band 3 (1800MHz),-85.6,-8.2,11.1,73.0,33.1,86.6
2026-01-13 20:00:00,KYIV-006-3,KYIV-006,Band 3 (1800MHz),-85.8,-11.6,18.3,61.6,35.7,94.3
2026-01-13 20:00:00,KYIV-007-1,KYIV-007,Band 1 (2100MHz),-85.2,-11.9,17.6,50.2,45.7,157.0
2026-01-13 20:00:00,KYIV-007-2,KYIV-007,Band 1 (2100MHz),-95.4,-12.8,16.4,38.1,42.6,122.3
2026-01-13 20:00:00,KYIV-007-3,KYIV-007,Band 1 (2100MHz),-84.9,-11.7,13.5,60.1,32.6,91.6
2026-01-13 20:00:00,KYIV-008-1,KYIV-008,Band 3 (1800MHz),-82.7,-10.7,9.0,72.0,34.1,110.0
2026-01-13 20:00:00,KYIV-008-2,KYIV-008,Band 3 (1800MHz),-97.8,-14.5,5.7,53.6,54.3,66.1
2026-01-13 20:00:00,KYIV-008-3,KYIV-008,Band 3 (1800MHz),-85.3,-11.9,4.6,81.4,36.8,60.4
2026-01-13 20:00:00,KYIV-009-1,KYIV-009,Band 1 (2100MHz),-91.4,-11.8,12.9,75.7,43.6,67.6
2026-01-13 20:00:00,KYIV-009-2,KYIV-009,Band 1 (2100MHz),-91.8,-9.5,8.3,57.9,38.2,135.9
2026-01-13 20:00:00,KYIV-009-3,KYIV-009,Band 1 (2100MHz),-77.9,-11.8,20.1,60.1,27.4,106.1
2026-01-13 20:00:00,KYIV-010-1,KYIV-010,Band 3 (1800MHz),-90.4,-11.7,13.4,67.2,39.2,104.5
2026-01-13 20:00:00,KYIV-010-2,KYIV-010,Band 3 (1800MHz),-83.9,-13.3,10.2,71.2,25.0,79.6
2026-01-13 20:00:00,KYIV-010-3,KYIV-010,Band 3 (1800MHz),-88.4,-13.0,11.4,68.8,28.7,72.4
2026-01-13 20:00:00,KYIV-011-1,KYIV-011,Band 1 (2100MHz),-91.4,-9.6,16.3,68.4,39.7,124.1
2026-01-13 20:00:00,KYIV-011-2,KYIV-011,Band 1 (2100MHz),-88.4,-12.1,11.3,36.6,45.2,85.4
2026-01-13 20:00:00,KYIV-011-3,KYIV-011,Band 1 (2100MHz),-92.8,-10.6,5.2,55.6,36.4,68.8
2026-01-13 20:00:00,KYIV-012-1,KYIV-012,Band 3 (1800MHz),-93.8,-10.9,17.7,73.1,45.6,59.5
2026-01-13 20:00:00,KYIV-012-2,KYIV-012,Band 3 (1800MHz),-85.5,-9.5,14.5,52.7,46.8,63.2
2026-01-13 20:00:00,KYIV-012-3,KYIV-012,Band 3 (1800MHz),-83.8,-9.6,8.8,70.7,25.5,120.8
2026-01-13 20:00:00,KYIV-013-1,KYIV-013,Band 1 (2100MHz),-89.1,-6.8,18.7,57.2,39.6,114.9
2026-01-13 20:00:00,KYIV-013-2,KYIV-013,Band 1 (2100MHz),-88.3,-10.4,9.6,69.1,23.1,114.3
2026-01-13 20:00:00,KYIV-013-3,KYIV-013,Band 1 (2100MHz),-92.6,-11.3,4.7,71.5,36.9,107.7
2026-01-13 20:00:00,KYIV-014-1,KYIV-014,Band 3 (1800MHz),-93.8,-10.6,18.6,59.1,29.2,87.3
2026-01-13 20:00:00,KYIV-014-2,KYIV-014,Band 3 (1800MHz),-104.0,-14.8,-1.4,62.5,33.3,113.1
2026-01-13 20:00:00,KYIV-014-3,KYIV-014,Band 3 (1800MHz),-87.1,-14.4,19.2,73.8,36.0,67.2
2026-01-13 20:00:00,KYIV-015-1,KYIV-015,Band 1 (2100MHz),-81.7,-12.7,8.2,68.7,55.4,100.6
2026-01-13 20:00:00,KYIV-015-2,KYIV-015,Band 1 (2100MHz),-86.0,-13.0,3.5,34.4,30.4,89.4
2026-01-13 20:00:00,KYIV-015-3,KYIV-015,Band 1 (2100MHz),-91.9,-10.1,9.5,69.5,29.3,94.8
2026-01-13 20:00:00,KYIV-016-1,KYIV-016,Band 3 (1800MHz),-85.6,-13.2,18.7,75.5,23.2,100.9
2026-01-13 20:00:00,KYIV-016-2,KYIV-016,Band 3 (1800MHz),-88.8,-10.5,13.2,67.1,41.7,94.4
2026-01-13 20:00:00,KYIV-016-3,KYIV-016,Band 3 (1800MHz),-88.7,-10.7,15.2,81.4,36.9,99.5
2026-01-13 21:00:00,KYIV-001-1,KYIV-001,Band 1 (2100MHz),-86.0,-8.4,14.1,27.6,8.1,56.0
2026-01-13 21:00:00,KYIV-001-2,KYIV-001,Band 1 (2100MHz),-89.3,-5.6,19.1,12.3,0.0,45.3
2026-01-13 21:00:00,KYIV-001-3,KYIV-001,Band 1 (2100MHz),-89.4,-8.2,12.7,0.0,3.2,32.2
2026-01-13 21:00:00,KYIV-002-1,KYIV-002,Band 3 (1800MHz),-96.7,-11.6,1.9,4.0,0.0,23.6
2026-01-13 21:00:00,KYIV-002-2,KYIV-002,Band 3 (1800MHz),-105.6,-9.7,-1.9,34.1,21.4,62.8
2026-01-13 21:00:00,KYIV-002-3,KYIV-002,Band 3 (1800MHz),-88.5,-8.0,21.1,0.1,9.6,29.0
2026-01-13 21:00:00,KYIV-003-1,KYIV-003,Band 1 (2100MHz),-84.9,-9.0,14.8,25.1,15.8,0.0
2026-01-13 21:00:00,KYIV-003-2,KYIV-003,Band 1 (2100MHz),-86.9,-5.9,7.5,18.3,4.1,10.7
2026-01-13 21:00:00,KYIV-003-3,KYIV-003,Band 1 (2100MHz),-83.1,-9.4,22.7,11.8,21.2,47.5
2026-01-13 21:00:00,KYIV-004-1,KYIV-004,Band 3 (1800MHz),-84.0,-6.6,19.4,20.4,0.0,58.4
2026-01-13 21:00:00,KYIV-004-2,KYIV-004,Band 3 (1800MHz),-86.2,-9.9,10.1,23.2,0.3,25.9
2026-01-13 21:00:00,KYIV-004-3,KYIV-004,Band 3 (1800MHz),-94.2,-10.6,10.1,22.6,0.0,0.0
2026-01-13 21:00:00,KYIV-005-1,KYIV-005,Band 1 (2100MHz),-95.9,-7.1,14.4,8.2,17.7,41.2
2026-01-13 21:00:00,KYIV-005-2,KYIV-005,Band 1 (2100MHz),-94.8,-8.4,27.2,14.7,12.7,54.1
2026-01-13 21:00:00,KYIV-005-3,KYIV-005,Band 1 (2100MHz),-104.4,-13.5,-0.4,13.4,13.8,55.0
2026-01-13 21:00:00,KYIV-006-1,KYIV-006,Band 3 (1800MHz),-80.8,-7.7,15.8,5.1,0.0,39.8
2026-01-13 21:00:00,KYIV-006-2,KYIV-006,Band 3 (1800MHz),-90.3,-7.4,20.1,0.0,17.6,27.4
2026-01-13 21:00:00,KYIV-006-3,KYIV-006,Band 3 (1800MHz),-79.8,-6.3,9.3,14.4,14.2,29.3
2026-01-13 21:00:00,KYIV-007-1,KYIV-007,Band 1 (2100MHz),-88.6,-10.7,10.9,10.9,10.8,7.3
2026-01-13 21:00:00,KYIV-007-2,KYIV-007,Band 1 (2100MHz),-96.7,-5.9,8.4,25.9,11.2,29.7
2026-01-13 21:00:00,KYIV-007-3,KYIV-007,Band 1 (2100MHz),-84.2,-7.0,19.6,20.1,8.0,0.0
2026-01-13 21:00:00,KYIV-008-1,KYIV-008,Band 3 (1800MHz),-83.1,-11.4,10.4,11.4,0.0,63.9
2026-01-13 21:00:00,KYIV-008-2,KYIV-008,Band 3 (1800MHz),-85.3,-7.9,22.0,0.0,5.4,43.7
2026-01-13 21:00:00,KYIV-008-3,KYIV-008,Band 3 (1800MHz),-91.9,-3.9,14.4,20.2,0.6,46.0
2026-01-13 21:00:00,KYIV-009-1,KYIV-009,Band 1 (2100MHz),-82.5,-6.1,16.0,5.6,6.5,0.0
2026-01-13 21:00:00,KYIV-009-2,KYIV-009,Band 1 (2100MHz),-86.7,-10.5,21.7,28.9,0.6,11.9
2026-01-13 21:00:00,KYIV-009-3,KYIV-009,Band 1 (2100MHz),-89.5,-10.1,15.1,26.5,9.6,60.4
2026-01-13 21:00:00,KYIV-010-1,KYIV-010,Band 3 (1800MHz),-89.7,-9.1,18.3,11.7,0.5,56.1
2026-01-13 21:00:00,KYIV-010-2,KYIV-010,Band 3 (1800MHz),-88.7,-10.0,7.4,21.3,9.6,43.1
2026-01-13 21:00:00,KYIV-010-3,KYIV-010,Band 3 (1800MHz),-86.5,-7.8,10.0,0.0,15.3,11.9
2026-01-13 21:00:00,KYIV-011-1,KYIV-011,Band 1 (2100MHz),-87.1,-10.6,18.4,23.1,0.0,0.0
2026-01-13 21:00:00,KYIV-011-2,KYIV-011,Band 1 (2100MHz),-85.0,-6.7,17.9,31.8,6.2,27.4
2026-01-13 21:00:00,KYIV-011-3,KYIV-011,Band 1 (2100MHz),-74.6,-11.5,13.5,0.7,13.8,56.9
2026-01-13 21:00:00,KYIV-012-1,KYIV-012,Band 3 (1800MHz),-92.0,-9.6,6.0,8.8,20.1,22.6
2026-01-13 21:00:00,KYIV-012-2,KYIV-012,Band 3 (1800MHz),-85.6,-11.1,15.8,0.0,0.0,14.9
2026-01-13 21:00:00,KYIV-012-3,KYIV-012,Band 3 (1800MHz),-87.2,-11.7,8.5,34.5,13.1,41.4
2026-01-13 21:00:00,KYIV-013-1,KYIV-013,Band 1 (2100MHz),-80.4,-7.1,1.1,18.8,0.0,15.6
2026-01-13 21:00:00,KYIV-013-2,KYIV-013,Band 1 (2100MHz),-82.1,-9.3,8.1,11.0,14.2,0.0
2026-01-13 21:00:00,KYIV-013-3,KYIV-013,Band 1 (2100MHz),-90.3,-10.0,14.3,33.3,15.2,0.0
2026-01-13 21:00:00,KYIV-014-1,KYIV-014,Band 3 (1800MHz),-90.9,-10.0,15.6,4.2,19.9,0.0
2026-01-13 21:00:00,KYIV-014-2,KYIV-014,Band 3 (1800MHz),-96.3,-15.4,6.4,15.5,9.2,22.9
2026-01-13 21:00:00,KYIV-014-3,KYIV-014,Band 3 (1800MHz),-80.2,-6.5,21.8,0.0,16.6,30.2
2026-01-13 21:00:00,KYIV-015-1,KYIV-015,Band 1 (2100MHz),-96.7,-10.0,19.5,13.3,5.5,30.3
2026-01-13 21:00:00,KYIV-015-2,KYIV-015,Band 1 (2100MHz),-89.3,-8.7,14.2,17.8,6.6,36.9
2026-01-13 21:00:00,KYIV-015-3,KYIV-015,Band 1 (2100MHz),-87.6,-8.7,12.4,31.9,8.0,0.0
2026-01-13 21:00:00,KYIV-016-1,KYIV-016,Band 3 (1800MHz),-86.0,-9.7,16.9,3.1,0.0,51.7
2026-01-13 21:00:00,KYIV-016-2,KYIV-016,Band 3 (1800MHz),-88.9,-7.1,7.6,7.0,8.0,45.5
2026-01-13 21:00:00,KYIV-016-3,KYIV-016,Band 3 (1800MHz),-84.9,-10.1,9.9,15.2,14.4,48.4
2026-01-13 22:00:00,KYIV-001-1,KYIV-001,Band 1 (2100MHz),-83.2,-11.6,14.6,11.7,5.3,5.2
2026-01-13 22:00:00,KYIV-001-2,KYIV-001,Band 1 (2100MHz),-85.6,-4.5,9.4,0.0,0.0,14.4
2026-01-13 22:00:00,KYIV-001-3,KYIV-001,Band 1 (2100MHz),-86.1,-5.4,18.6,0.0,21.3,0.0
2026-01-13 22:00:00,KYIV-002-1,KYIV-002,Band 3 (1800MHz),-96.0,-14.2,-4.0,29.7,0.0,6.7
2026-01-13 22:00:00,KYIV-002-2,KYIV-002,Band 3 (1800MHz),-108.9,-10.8,-0.0,0.0,13.2,26.6
2026-01-13 22:00:00,KYIV-002-3,KYIV-002,Band 3 (1800MHz),-95.2,-6.4,6.6,27.3,1.5,21.0
2026-01-13 22:00:00,KYIV-003-1,KYIV-003,Band 1 (2100MHz),-85.9,-8.9,14.6,9.9,0.0,0.0
2026-01-13 22:00:00,KYIV-003-2,KYIV-003,Band 1 (2100MHz),-87.5,-8.2,16.3,22.1,0.0,49.4
2026-01-13 22:00:00,KYIV-003-3,KYIV-003,Band 1 (2100MHz),-83.2,-6.9,16.8,0.0,1.3,0.0
2026-01-13 22:00:00,KYIV-004-1,KYIV-004,Band 3 (1800MHz),-90.9,-5.7,7.1,12.3,0.0,5.9
2026-01-13 22:00:00,KYIV-004-2,KYIV-004,Band 3 (1800MHz),-88.4,-10.4,14.7,38.2,4.8,24.4
2026-01-13 22:00:00,KYIV-004-3,KYIV-004,Band 3 (1800MHz),-89.1,-6.8,17.5,0.0,30.3,0.0
2026-01-13 22:00:00,KYIV-005-1,KYIV-005,Band 1 (2100MHz),-87.2,-8.0,11.5,23.7,8.3,8.1
2026-01-13 22:00:00,KYIV-005-2,KYIV-005,Band 1 (2100MHz),-87.0,-7.8,14.8,0.0,0.0,25.3
2026-01-13 22:00:00,KYIV-005-3,KYIV-005,Band 1 (2100MHz),-106.0,-10.5,17.2,0.0,13.9,0.0
2026-01-13 22:00:00,KYIV-006-1,KYIV-006,Band 3 (1800MHz),-87.3,-5.9,12.1,0.0,6.0,0.0
2026-01-13 22:00:00,KYIV-006-2,KYIV-006,Band 3 (1800MHz),-87.6,-12.7,5.8,0.0,4.9,25.4
2026-01-13 22:00:00,KYIV-006-3,KYIV-006,Band 3 (1800MHz),-84.4,-7.2,6.4,0.0,0.0,51.6
2026-01-13 22:00:00,KYIV-007-1,KYIV-007,Band 1 (2100MHz),-92.3,-6.6,20.8,2.2,0.0,41.4
2026-01-13 22:00:00,KYIV-007-2,KYIV-007,Band 1 (2100MHz),-87.8,-5.6,28.2,2.0,5.0,7.2
2026-01-13 22:00:00,KYIV-007-3,KYIV-007,Band 1 (2100MHz),-86.4,-5.8,10.2,26.5,0.0,0.8
2026-01-13 22:00:00,KYIV-008-1,KYIV-008,Band 3 (1800MHz),-83.5,-8.5,14.3,16.8,0.0,0.4
2026-01-13 22:00:00,KYIV-008-2,KYIV-008,Band 3 (1800MHz),-80.1,-10.3,16.5,6.1,13.2,0.0
2026-01-13 22:00:00,KYIV-008-3,KYIV-008,Band 3 (1800MHz),-86.7,-7.6,14.2,1.9,0.0,0.0
2026-01-13 22:00:00,KYIV-009-1,KYIV-009,Band 1 (2100MHz),-86.6,-8.1,14.2,20.4,0.0,37.3
2026-01-13 22:00:00,KYIV-009-2,KYIV-009,Band 1 (2100MHz),-80.1,-6.4,12.7,5.9,0.0,36.8
2026-01-13 22:00:00,KYIV-009-3,KYIV-009,Band 1 (2100MHz),-81.3,-7.8,16.3,24.6,0.0,35.5
2026-01-13 22:00:00,KYIV-010-1,KYIV-010,Band 3 (1800MHz),-95.9,-7.8,12.1,16.2,10.1,40.6
2026-01-13 22:00:00,KYIV-010-2,KYIV-010,Band 3 (1800MHz),-85.8,-4.3,17.2,3.2,2.1,4.1
2026-01-13 22:00:00,KYIV-010-3,KYIV-010,Band 3 (1800MHz),-91.7,-8.4,8.9,7.7,12.4,0.0
2026-01-13 22:00:00,KYIV-011-1,KYIV-011,Band 1 (2100MHz),-84.6,-6.3,3.6,13.1,10.4,3.7
2026-01-13 22:00:00,KYIV-011-2,KYIV-011,Band 1 (2100MHz),-89.1,-10.8,11.4,12.9,0.0,0.0
2026-01-13 22:00:00,KYIV-011-3,KYIV-011,Band 1 (2100MHz),-85.5,-6.6,14.1,23.9,4.1,18.2
2026-01-13 22:00:00,KYIV-012-1,KYIV-012,Band 3 (1800MHz),-82.5,-9.7,3.9,0.0,2.5,15.4
2026-01-13 22:00:00,KYIV-012-2,KYIV-012,Band 3 (1800MHz),-94.7,-8.9,18.9,0.2,0.0,1.2
2026-01-13 22:00:00,KYIV-012-3,KYIV-012,Band 3 (1800MHz),-89.0,-7.0,10.1,20.7,1.9,32.6
2026-01-13 22:00:00,KYIV-013-1,KYIV-013,Band 1 (2100MHz),-87.0,-8.7,16.6,3.9,0.0,15.9
2026-01-13 22:00:00,KYIV-013-2,KYIV-013,Band 1 (2100MHz),-84.7,-10.3,17.6,27.5,0.0,55.2
2026-01-13 22:00:00,KYIV-013-3,KYIV-013,Band 1 (2100MHz),-96.5,-9.4,3.9,11.8,4.4,1.9
2026-01-13 22:00:00,KYIV-014-1,KYIV-014,Band 3 (1800MHz),-79.6,-12.9,11.7,0.0,15.5,40.7
2026-01-13 22:00:00,KYIV-014-2,KYIV-014,Band 3 (1800MHz),-100.7,-10.9,5.8,0.0,2.5,0.0
2026-01-13 22:00:00,KYIV-014-3,KYIV-014,Band 3 (1800MHz),-92.9,-7.6,14.3,16.2,2.6,21.3
2026-01-13 22:00:00,KYIV-015-1,KYIV-015,Band 1 (2100MHz),-80.9,-11.1,22.7,0.0,0.0,20.1
2026-01-13 22:00:00,KYIV-015-2,KYIV-015,Band 1 (2100MHz),-83.9,-3.6,19.1,0.0,0.0,0.0
2026-01-13 22:00:00,KYIV-015-3,KYIV-015,Band 1 (2100MHz),-88.4,-10.6,13.4,7.2,0.0,44.6
2026-01-13 22:00:00,KYIV-016-1,KYIV-016,Band 3 (1800MHz),-87.2,-7.1,17.7,11.6,9.7,0.0
2026-01-13 22:00:00,KYIV-016-2,KYIV-016,Band 3 (1800MHz),-86.0,-5.5,18.7,2.3,7.4,27.1
2026-01-13 22:00:00,KYIV-016-3,KYIV-016,Band 3 (1800MHz),-91.7,-6.1,12.9,2.2,0.0,0.0
2026-01-13 23:00:00,KYIV-001-1,KYIV-001,Band 1 (2100MHz),-88.4,-6.7,15.3,0.0,15.6,24.9
2026-01-13 23:00:00,KYIV-001-2,KYIV-001,Band 1 (2100MHz),-85.6,-8.0,14.7,0.0,10.7,24.4
2026-01-13 23:00:00,KYIV-001-3,KYIV-001,Band 1 (2100MHz),-87.5,-5.9,18.2,17.2,4.0,22.3
2026-01-13 23:00:00,KYIV-002-1,KYIV-002,Band 3 (1800MHz),-94.1,-13.5,13.2,7.2,27.0,2.6
2026-01-13 23:00:00,KYIV-002-2,KYIV-002,Band 3 (1800MHz),-98.8,-11.1,9.6,24.4,7.1,19.1
2026-01-13 23:00:00,KYIV-002-3,KYIV-002,Band 3 (1800MHz),-84.2,-9.3,7.2,0.0,11.7,5.2
2026-01-13 23:00:00,KYIV-003-1,KYIV-003,Band 1 (2100MHz),-92.9,-7.9,9.1,20.3,9.8,44.0
2026-01-13 23:00:00,KYIV-003-2,KYIV-003,Band 1 (2100MHz),-88.2,-4.0,20.3,0.0,11.1,39.7
2026-01-13 23:00:00,KYIV-003-3,KYIV-003,Band 1 (2100MHz),-86.7,-6.8,11.7,18.1,0.0,0.0
2026-01-13 23:00:00,KYIV-004-1,KYIV-004,Band 3 (1800MHz),-85.2,-5.3,18.1,12.0,11.1,0.0
2026-01-13 23:00:00,KYIV-004-2,KYIV-004,Band 3 (1800MHz),-87.0,-9.1,10.9,0.0,0.0,0.0
2026-01-13 23:00:00,KYIV-004-3,KYIV-004,Band 3 (1800MHz),-89.9,-8.8,24.6,12.4,13.4,0.0
2026-01-13 23:00:00,KYIV-005-1,KYIV-005,Band 1 (2100MHz),-88.7,-9.4,12.6,17.2,0.0,3.4
2026-01-13 23:00:00,KYIV-005-2,KYIV-005,Band 1 (2100MHz),-86.5,-9.3,7.5,0.0,0.4,1.4
2026-01-13 23:00:00,KYIV-005-3,KYIV-005,Band 1 (2100MHz),-102.9,-9.8,3.0,16.9,1.2,0.0
2026-01-13 23:00:00,KYIV-006-1,KYIV-006,Band 3 (1800MHz),-93.3,-8.2,8.7,0.0,5.3,0.0
2026-01-13 23:00:00,KYIV-006-2,KYIV-006,Band 3 (1800MHz),-89.5,-8.8,15.1,0.0,0.9,51.0
2026-01-13 23:00:00,KYIV-006-3,KYIV-006,Band 3 (1800MHz),-84.6,-7.0,8.1,18.8,4.4,24.2
2026-01-13 23:00:00,KYIV-007-1,KYIV-007,Band 1 (2100MHz),-80.4,-7.6,12.4,37.7,5.4,20.9
2026-01-13 23:00:00,KYIV-007-2,KYIV-007,Band 1 (2100MHz),-85.3,-7.1,14.9,1.8,9.3,8.1
2026-01-13 23:00:00,KYIV-007-3,KYIV-007,Band 1 (2100MHz),-84.1,-8.0,14.9,0.0,7.9,4.5
2026-01-13 23:00:00,KYIV-008-1,KYIV-008,Band 3 (1800MHz),-89.1,-7.7,20.8,0.0,12.1,26.7
2026-01-13 23:00:00,KYIV-008-2,KYIV-008,Band 3 (1800MHz),-89.8,-3.5,14.9,13.4,6.8,34.5
2026-01-13 23:00:00,KYIV-008-3,KYIV-008,Band 3 (1800MHz),-86.1,-9.4,17.8,34.6,11.4,17.4
2026-01-13 23:00:00,KYIV-009-1,KYIV-009,Band 1 (2100MHz),-86.9,-6.5,18.5,21.9,5.8,11.4
2026-01-13 23:00:00,KYIV-009-2,KYIV-009,Band 1 (2100MHz),-86.8,-7.1,13.3,10.6,0.0,0.0
2026-01-13 23:00:00,KYIV-009-3,KYIV-009,Band 1 (2100MHz),-84.9,-8.5,8.3,40.1,0.0,49.8
2026-01-13 23:00:00,KYIV-010-1,KYIV-010,Band 3 (1800MHz),-90.6,-9.5,13.5,17.5,8.3,8.2
2026-01-13 23:00:00,KYIV-010-2,KYIV-010,Band 3 (1800MHz),-87.6,-6.6,12.3,15.2,0.0,37.5
2026-01-13 23:00:00,KYIV-010-3,KYIV-010,Band 3 (1800MHz),-82.7,-9.4,14.8,6.8,7.9,21.0
2026-01-13 23:00:00,KYIV-011-1,KYIV-011,Band 1 (2100MHz),-79.4,-11.0,16.6,7.0,6.9,0.0
2026-01-13 23:00:00,KYIV-011-2,KYIV-011,Band 1 (2100MHz),-84.3,-12.1,16.6,4.2,0.0,19.1
2026-01-13 23:00:00,KYIV-011-3,KYIV-011,Band 1 (2100MHz),-80.7,-6.0,7.5,1.3,0.0,22.3
2026-01-13 23:00:00,KYIV-012-1,KYIV-012,Band 3 (1800MHz),-83.6,-10.4,11.6,0.0,3.4,0.0
2026-01-13 23:00:00,KYIV-012-2,KYIV-012,Band 3 (1800MHz),-83.6,-8.5,17.2,18.1,0.0,18.9
2026-01-13 23:00:00,KYIV-012-3,KYIV-012,Band 3 (1800MHz),-90.9,-11.3,9.9,0.4,1.7,0.0
2026-01-13 23:00:00,KYIV-013-1,KYIV-013,Band 1 (2100MHz),-90.5,-10.7,0.6,3.9,1.0,23.6
2026-01-13 23:00:00,KYIV-013-2,KYIV-013,Band 1 (2100MHz),-80.3,-9.6,6.8,13.9,10.5,26.2
2026-01-13 23:00:00,KYIV-013-3,KYIV-013,Band 1 (2100MHz),-89.2,-11.2,6.9,35.9,0.5,0.0
2026-01-13 23:00:00,KYIV-014-1,KYIV-014,Band 3 (1800MHz),-82.8,-6.4,13.7,0.0,0.0,5.1
2026-01-13 23:00:00,KYIV-014-2,KYIV-014,Band 3 (1800MHz),-100.0,-10.9,2.3,15.8,0.0,0.0
2026-01-13 23:00:00,KYIV-014-3,KYIV-014,Band 3 (1800MHz),-88.3,-9.6,21.1,12.7,0.0,32.1
2026-01-13 23:00:00,KYIV-015-1,KYIV-015,Band 1 (2100MHz),-82.3,-9.7,7.4,21.0,12.7,31.1
2026-01-13 23:00:00,KYIV-015-2,KYIV-015,Band 1 (2100MHz),-90.5,-7.0,12.3,0.0,1.8,0.0
2026-01-13 23:00:00,KYIV-015-3,KYIV-015,Band 1 (2100MHz),-85.6,-8.9,16.1,10.0,9.6,7.3
2026-01-13 23:00:00,KYIV-016-1,KYIV-016,Band 3 (1800MHz),-89.4,-8.2,9.7,16.3,0.0,0.0
2026-01-13 23:00:00,KYIV-016-2,KYIV-016,Band 3 (1800MHz),-89.0,-9.4,17.2,15.4,2.7,3.7
2026-01-13 23:00:00,KYIV-016-3,KYIV-016,Band 3 (1800MHz),-89.3,-7.2,19.5,3.9,2.7,0.0
2026-01-14 00:00:00,KYIV-001-1,KYIV-001,Band 1 (2100MHz),-88.8,-11.5,16.8,26.0,0.0,0.0
2026-01-14 00:00:00,KYIV-001-2,KYIV-001,Band 1 (2100MHz),-90.7,-7.7,15.9,0.3,12.5,0.0
2026-01-14 00:00:00,KYIV-001-3,KYIV-001,Band 1 (2100MHz),-86.2,-7.8,18.0,5.6,11.2,41.8
2026-01-14 00:00:00,KYIV-002-1,KYIV-002,Band 3 (1800MHz),-98.2,-12.7,5.5,0.0,0.0,61.7
2026-01-14 00:00:00,KYIV-002-2,KYIV-002,Band 3 (1800MHz),-102.4,-13.8,9.4,9.1,0.0,17.4
2026-01-14 00:00:00,KYIV-002-3,KYIV-002,Band 3 (1800MHz),-83.3,-7.2,16.0,1.9,26.4,47.4
2026-01-14 00:00:00,KYIV-003-1,KYIV-003,Band 1 (2100MHz),-86.7,-4.8,14.9,11.0,3.3,48.2
2026-01-14 00:00:00,KYIV-003-2,KYIV-003,Band 1 (2100MHz),-88.2,-8.0,11.1,0.0,7.4,12.6
2026-01-14 00:00:00,KYIV-003-3,KYIV-003,Band 1 (2100MHz),-92.2,-11.2,15.5,13.3,3.3,46.3
2026-01-14 00:00:00,KYIV-004-1,KYIV-004,Band 3 (1800MHz),-96.9,-7.7,20.2,5.2,13.1,9.2
2026-01-14 00:00:00,KYIV-004-2,KYIV-004,Band 3 (1800MHz),-85.9,-7.9,21.9,0.5,0.6,0.0
2026-01-14 00:00:00,KYIV-004-3,KYIV-004,Band 3 (1800MHz),-91.0,-6.1,13.0,0.0,0.5,12.8
2026-01-14 00:00:00,KYIV-005-1,KYIV-005,Band 1 (2100MHz),-85.0,-9.0,12.5,12.6,8.7,46.7
2026-01-14 00:00:00,KYIV-005-2,KYIV-005,Band 1 (2100MHz),-93.5,-4.5,16.1,0.0,0.0,0.0
2026-01-14 00:00:00,KYIV-005-3,KYIV-005,Band 1 (2100MHz),-96.1,-14.9,-5.2,0.0,0.8,2.1
2026-01-14 00:00:00,KYIV-006-1,KYIV-006,Band 3 (1800MHz),-88.6,-6.7,17.3,0.0,4.2,0.0
2026-01-14 00:00:00,KYIV-006-2,KYIV-006,Band 3 (1800MHz),-81.7,-6.4,4.6,16.4,16.3,0.0
2026-01-14 00:00:00,KYIV-006-3,KYIV-006,Band 3 (1800MHz),-83.3,-8.7,15.6,0.0,14.5,0.7
2026-01-14 00:00:00,KYIV-007-1,KYIV-007,Band 1 (2100MHz),-86.5,-9.4,11.0,7.2,6.3,4.2
2026-01-14 00:00:00,KYIV-007-2,KYIV-007,Band 1 (2100MHz),-85.4,-9.6,6.2,10.3,6.9,11.9
2026-01-14 00:00:00,KYIV-007-3,KYIV-007,Band 1 (2100MHz),-90.5,-10.9,18.9,22.3,6.5,41.3
2026-01-14 00:00:00,KYIV-008-1,KYIV-008,Band 3 (1800MHz),-78.7,-5.4,14.3,0.0,0.0,27.5
2026-01-14 00:00:00,KYIV-008-2,KYIV-008,Band 3 (1800MHz),-83.7,-6.6,4.8,0.0,14.5,21.0
2026-01-14 00:00:00,KYIV-008-3,KYIV-008,Band 3 (1800MHz),-83.5,-8.3,5.9,0.0,8.7,0.6
2026-01-14 00:00:00,KYIV-009-1,KYIV-009,Band 1 (2100MHz),-86.8,-7.8,15.5,6.0,0.0,0.0
2026-01-14 00:00:00,KYIV-009-2,KYIV-009,Band 1 (2100MHz),-86.1,-8.9,8.3,0.0,0.0,0.0
2026-01-14 00:00:00,KYIV-009-3,KYIV-009,Band 1 (2100MHz),-89.9,-6.8,4.9,0.0,10.3,33.1
2026-01-14 00:00:00,KYIV-010-1,KYIV-010,Band 3 (1800MHz),-84.7,-6.4,11.7,4.4,6.3,20.3
2026-01-14 00:00:00,KYIV-010-2,KYIV-010,Band 3 (1800MHz),-84.0,-8.6,7.7,13.8,12.9,0.0
2026-01-14 00:00:00,KYIV-010-3,KYIV-010,Band 3 (1800MHz),-87.5,-6.7,15.0,0.0,6.3,5.5
2026-01-14 00:00:00,KYIV-011-1,KYIV-011,Band 1 (2100MHz),-88.8,-6.4,12.1,0.0,0.0,26.6
2026-01-14 00:00:00,KYIV-011-2,KYIV-011,Band 1 (2100MHz),-82.6,-8.2,17.3,4.6,1.1,4.2
2026-01-14 00:00:00,KYIV-011-3,KYIV-011,Band 1 (2100MHz),-94.5,-6.8,9.8,17.1,0.0,30.5
2026-01-14 00:00:00,KYIV-012-1,KYIV-012,Band 3 (1800MHz),-81.6,-8.3,9.4,5.8,5.7,6.9
2026-01-14 00:00:00,KYIV-012-2,KYIV-012,Band 3 (1800MHz),-91.2,-5.6,11.3,3.0,8.9,24.6
2026-01-14 00:00:00,KYIV-012-3,KYIV-012,Band 3 (1800MHz),-86.6,-7.9,20.5,23.0,0.7,16.9
2026-01-14 00:00:00,KYIV-013-1,KYIV-013,Band 1 (2100MHz),-84.8,-11.1,14.7,0.0,13.2,20.9
2026-01-14 00:00:00,KYIV-013-2,KYIV-013,Band 1 (2100MHz),-88.7,-10.2,13.4,0.0,1.6,0.0
2026-01-14 00:00:00,KYIV-013-3,KYIV-013,Band 1 (2100MHz),-86.8,-8.9,7.3,0.0,0.0,17.5
2026-01-14 00:00:00,KYIV-014-1,KYIV-014,Band 3 (1800MHz),-82.3,-7.7,9.3,11.7,7.2,0.0
2026-01-14 00:00:00,KYIV-014-2,KYIV-014,Band 3 (1800MHz),-102.5,-11.0,6.7,3.8,0.0,46.2
2026-01-14 00:00:00,KYIV-014-3,KYIV-014,Band 3 (1800MHz),-83.6,-10.3,4.8,0.0,0.0,19.9
2026-01-14 00:00:00,KYIV-015-1,KYIV-015,Band 1 (2100MHz),-92.3,-6.3,21.1,0.0,1.2,47.3
2026-01-14 00:00:00,KYIV-015-2,KYIV-015,Band 1 (2100MHz),-86.2,-5.6,14.3,29.9,11.5,33.6
2026-01-14 00:00:00,KYIV-015-3,KYIV-015,Band 1 (2100MHz),-81.8,-7.2,12.1,1.9,11.0,29.8
2026-01-14 00:00:00,KYIV-016-1,KYIV-016,Band 3 (1800MHz),-88.9,-3.5,7.4,0.0,15.3,1.1
2026-01-14 00:00:00,KYIV-016-2,KYIV-016,Band 3 (1800MHz),-88.9,-7.0,16.7,0.0,9.3,16.4
2026-01-14 00:00:00,KYIV-016-3,KYIV-016,Band 3 (1800MHz),-91.0,-9.5,9.0,27.3,4.4,0.0
2026-01-14 01:00:00,KYIV-001-1,KYIV-001,Band 1 (2100MHz),-98.2,-8.3,13.6,4.3,1.1,40.2
2026-01-14 01:00:00,KYIV-001-2,KYIV-001,Band 1 (2100MHz),-93.4,-11.1,18.6,0.0,10.8,6.4
2026-01-14 01:00:00,KYIV-001-3,KYIV-001,Band 1 (2100MHz),-85.5,-8.8,21.3,0.0,2.6,0.0
2026-01-14 01:00:00,KYIV-002-1,KYIV-002,Band 3 (1800MHz),-103.6,-14.1,5.9,0.0,1.0,34.4
2026-01-14 01:00:00,KYIV-002-2,KYIV-002,Band 3 (1800MHz),-96.3,-9.5,9.2,18.2,0.0,0.0
2026-01-14 01:00:00,KYIV-002-3,KYIV-002,Band 3 (1800MHz),-86.8,-9.1,8.3,3.7,0.0,15.7
2026-01-14 01:00:00,KYIV-003-1,KYIV-003,Band 1 (2100MHz),-84.2,-9.3,17.6,14.8,17.0,41.4
2026-01-14 01:00:00,KYIV-003-2,KYIV-003,Band 1 (2100MHz),-86.7,-9.6,9.3,4.4,5.5,0.0
2026-01-14 01:00:00,KYIV-003-3,KYIV-003,Band 1 (2100MHz),-97.1,-10.5,3.7,5.7,8.1,50.0
2026-01-14 01:00:00,KYIV-004-1,KYIV-004,Band 3 (1800MHz),-86.6,-8.6,14.8,9.2,5.8,25.8
2026-01-14 01:00:00,KYIV-004-2,KYIV-004,Band 3 (1800MHz),-85.2,-9.2,13.1,5.4,0.0,20.6
2026-01-14 01:00:00,KYIV-004-3,KYIV-004,Band 3 (1800MHz),-89.6,-5.5,13.3,0.0,4.7,30.8
2026-01-14 01:00:00,KYIV-005-1,KYIV-005,Band 1 (2100MHz),-85.8,-10.1,4.4,20.0,0.0,0.0
2026-01-14 01:00:00,KYIV-005-2,KYIV-005,Band 1 (2100MHz),-86.2,-6.9,12.0,11.3,12.1,11.4
2026-01-14 01:00:00,KYIV-005-3,KYIV-005,Band 1 (2100MHz),-100.8,-12.6,5.0,9.6,0.0,36.9
2026-01-14 01:00:00,KYIV-006-1,KYIV-006,Band 3 (1800MHz),-84.2,-14.0,11.8,12.7,11.6,17.3
2026-01-14 01:00:00,KYIV-006-2,KYIV-006,Band 3 (1800MHz),-80.5,-5.0,16.1,13.9,8.5,35.5
2026-01-14 01:00:00,KYIV-006-3,KYIV-006,Band 3 (1800MHz),-89.5,-8.7,20.6,0.0,1.0,0.0
2026-01-14 01:00:00,KYIV-007-1,KYIV-007,Band 1 (2100MHz),-82.4,-6.7,24.7,7.3,3.8,14.8
2026-01-14 01:00:00,KYIV-007-2,KYIV-007,Band 1 (2100MHz),-88.7,-9.1,10.1,2.4,17.6,1.3
2026-01-14 01:00:00,KYIV-007-3,KYIV-007,Band 1 (2100MHz),-88.7,-7.0,22.0,26.0,8.1,53.4
2026-01-14 01:00:00,KYIV-008-1,KYIV-008,Band 3 (1800MHz),-89.5,-8.8,10.0,15.4,23.0,23.6
2026-01-14 01:00:00,KYIV-008-2,KYIV-008,Band 3 (1800MHz),-86.8,-8.4,12.2,27.4,0.0,34.4
2026-01-14 01:00:00,KYIV-008-3,KYIV-008,Band 3 (1800MHz),-85.6,-9.1,7.8,24.6,15.9,46.7
2026-01-14 01:00:00,KYIV-009-1,KYIV-009,Band 1 (2100MHz),-90.4,-6.6,8.5,12.8,0.0,8.4
2026-01-14 01:00:00,KYIV-009-2,KYIV-009,Band 1 (2100MHz),-89.4,-8.9,14.7,24.4,0.0,0.0
2026-01-14 01:00:00,KYIV-009-3,KYIV-009,Band 1 (2100MHz),-91.5,-7.6,10.7,1.7,0.0,14.0
2026-01-14 01:00:00,KYIV-010-1,KYIV-010,Band 3 (1800MHz),-85.7,-8.0,15.2,0.0,6.5,42.6
2026-01-14 01:00:00,KYIV-010-2,KYIV-010,Band 3 (1800MHz),-91.5,-7.0,24.6,30.7,0.0,29.0
2026-01-14 01:00:00,KYIV-010-3,KYIV-010,Band 3 (1800MHz),-87.5,-9.5,16.9,22.9,13.7,27.8
2026-01-14 01:00:00,KYIV-011-1,KYIV-011,Band 1 (2100MHz),-87.4,-8.1,13.4,0.0,0.0,18.3
2026-01-14 01:00:00,KYIV-011-2,KYIV-011,Band 1 (2100MHz),-80.2,-8.6,13.7,31.4,0.0,0.0
2026-01-14 01:00:00,KYIV-011-3,KYIV-011,Band 1 (2100MHz),-86.4,-9.4,10.1,3.1,6.6,0.0
2026-01-14 01:00:00,KYIV-012-1,KYIV-012,Band 3 (1800MHz),-85.1,-7.0,15.1,20.1,6.0,20.3
2026-01-14 01:00:00,KYIV-012-2,KYIV-012,Band 3 (1800MHz),-85.8,-10.8,19.7,21.4,22.2,41.6
2026-01-14 01:00:00,KYIV-012-3,KYIV-012,Band 3 (1800MHz),-88.5,-11.0,19.1,16.8,0.0,0.0
2026-01-14 01:00:00,KYIV-013-1,KYIV-013,Band 1 (2100MHz),-86.0,-4.9,17.3,10.4,12.3,36.5
2026-01-14 01:00:00,KYIV-013-2,KYIV-013,Band 1 (2100MHz),-94.7,-8.3,19.1,16.2,14.0,34.0
2026-01-14 01:00:00,KYIV-013-3,KYIV-013,Band 1 (2100MHz),-79.5,-9.1,11.4,30.8,0.0,33.3
2026-01-14 01:00:00,KYIV-014-1,KYIV-014,Band 3 (1800MHz),-83.5,-9.5,21.5,2.3,5.2,0.0
2026-01-14 01:00:00,KYIV-014-2,KYIV-014,Band 3 (1800MHz),-101.0,-16.0,12.3,29.2,0.0,23.4
2026-01-14 01:00:00,KYIV-014-3,KYIV-014,Band 3 (1800MHz),-83.1,-6.2,11.1,21.9,16.4,35.2
2026-01-14 01:00:00,KYIV-015-1,KYIV-015,Band 1 (2100MHz),-87.9,-6.4,7.5,19.3,10.5,0.0
2026-01-14 01:00:00,KYIV-015-2,KYIV-015,Band 1 (2100MHz),-89.4,-4.0,17.6,22.1,1.1,8.5
2026-01-14 01:00:00,KYIV-015-3,KYIV-015,Band 1 (2100MHz),-83.4,-4.5,12.0,16.6,21.1,22.5
2026-01-14 01:00:00,KYIV-016-1,KYIV-016,Band 3 (1800MHz),-79.9,-8.2,9.7,8.8,11.0,9.3
2026-01-14 01:00:00,KYIV-016-2,KYIV-016,Band 3 (1800MHz),-89.6,-6.4,14.6,9.6,16.7,0.0
2026-01-14 01:00:00,KYIV-016-3,KYIV-016,Band 3 (1800MHz),-86.9,-11.1,16.9,9.9,2.3,26.1
2026-01-14 02:00:00,KYIV-001-1,KYIV-001,Band 1 (2100MHz),-83.5,-10.2,4.8,0.0,3.1,40.0
2026-01-14 02:00:00,KYIV-001-2,KYIV-001,Band 1 (2100MHz),-83.0,-7.3,11.3,7.4,8.3,0.0
2026-01-14 02:00:00,KYIV-001-3,KYIV-001,Band 1 (2100MHz),-85.2,-7.7,9.1,0.0,8.1,0.0
2026-01-14 02:00:00,KYIV-002-1,KYIV-002,Band 3 (1800MHz),-95.4,-11.3,-0.9,10.5,0.0,28.1
2026-01-14 02:00:00,KYIV-002-2,KYIV-002,Band 3 (1800MHz),-104.1,-9.6,-0.1,10.6,24.6,0.0
2026-01-14 02:00:00,KYIV-002-3,KYIV-002,Band 3 (1800MHz),-86.1,-10.0,6.5,8.3,0.0,13.9
2026-01-14 02:00:00,KYIV-003-1,KYIV-003,Band 1 (2100MHz),-83.2,-4.4,5.2,24.5,0.0,14.0
2026-01-14 02:00:00,KYIV-003-2,KYIV-003,Band 1 (2100MHz),-85.5,-10.2,7.3,13.1,0.7,11.2
2026-01-14 02:00:00,KYIV-003-3,KYIV-003,Band 1 (2100MHz),-81.6,-8.4,4.2,4.2,0.4,23.8
2026-01-14 02:00:00,KYIV-004-1,KYIV-004,Band 3 (1800MHz),-87.6,-9.5,13.3,10.7,0.0,19.6
2026-01-14 02:00:00,KYIV-004-2,KYIV-004,Band 3 (1800MHz),-88.3,-12.4,21.0,0.0,0.0,0.0
2026-01-14 02:00:00,KYIV-004-3,KYIV-004,Band 3 (1800MHz),-81.9,-7.1,6.5,6.9,0.0,17.1
2026-01-14 02:00:00,KYIV-005-1,KYIV-005,Band 1 (2100MHz),-93.5,-6.7,11.4,4.0,1.2,13.3
2026-01-14 02:00:00,KYIV-005-2,KYIV-005,Band 1 (2100MHz),-85.4,-6.0,15.6,0.0,9.8,0.0
2026-01-14 02:00:00,KYIV-005-3,KYIV-005,Band 1 (2100MHz),-100.4,-13.9,6.7,0.0,0.0,21.8
2026-01-14 02:00:00,KYIV-006-1,KYIV-006,Band 3 (1800MHz),-92.4,-8.9,10.0,0.0,0.5,14.1
2026-01-14 02:00:00,KYIV-006-2,KYIV-006,Band 3 (1800MHz),-83.0,-7.9,14.6,13.0,0.0,0.0
2026-01-14 02:00:00,KYIV-006-3,KYIV-006,Band 3 (1800MHz),-91.5,-8.2,13.7,0.0,4.5,38.0
2026-01-14 02:00:00,KYIV-007-1,KYIV-007,Band 1 (2100MHz),-83.6,-12.1,9.4,4.2,0.0,12.5
2026-01-14 02:00:00,KYIV-007-2,KYIV-007,Band 1 (2100MHz),-80.7,-8.5,9.0,21.3,0.0,2.4
2026-01-14 02:00:00,KYIV-007-3,KYIV-007,Band 1 (2100MHz),-84.8,-6.9,15.4,9.2,11.3,48.9
2026-01-14 02:00:00,KYIV-008-1,KYIV-008,Band 3 (1800MHz),-86.8,-11.0,22.9,7.3,0.0,0.0
2026-01-14 02:00:00,KYIV-008-2,KYIV-008,Band 3 (1800MHz),-90.3,-5.4,13.7,9.3,13.8,0.0
2026-01-14 02:00:00,KYIV-008-3,KYIV-008,Band 3 (1800MHz),-86.6,-9.7,11.8,25.8,11.7,8.7
2026-01-14 02:00:00,KYIV-009-1,KYIV-009,Band 1 (2100MHz),-83.7,-9.0,9.8,6.9,0.0,19.4
2026-01-14 02:00:00,KYIV-009-2,KYIV-009,Band 1 (2100MHz),-91.5,-8.3,18.6,0.0,30.1,43.4
2026-01-14 02:00:00,KYIV-009-3,KYIV-009,Band 1 (2100MHz),-92.5,-6.4,8.0,0.0,25.7,51.1
2026-01-14 02:00:00,KYIV-010-1,KYIV-010,Band 3 (1800MHz),-95.0,-9.8,3.4,5.1,0.0,12.4
2026-01-14 02:00:00,KYIV-010-2,KYIV-010,Band 3 (1800MHz),-84.9,-6.2,14.8,12.1,11.4,35.7
2026-01-14 02:00:00,KYIV-010-3,KYIV-010,Band 3 (1800MHz),-86.0,-8.9,9.4,0.0,0.0,50.6
2026-01-14 02:00:00,KYIV-011-1,KYIV-011,Band 1 (2100MHz),-82.4,-8.9,13.4,0.9,6.9,27.1
2026-01-14 02:00:00,KYIV-011-2,KYIV-011,Band 1 (2100MHz),-89.4,-10.1,10.3,28.0,4.8,6.2
2026-01-14 02:00:00,KYIV-011-3,KYIV-011,Band 1 (2100MHz),-85.2,-7.9,14.0,14.3,7.0,17.6
2026-01-14 02:00:00,KYIV-012-1,KYIV-012,Band 3 (1800MHz),-85.7,-5.6,10.1,21.7,18.9,53.8
2026-01-14 02:00:00,KYIV-012-2,KYIV-012,Band 3 (1800MHz),-95.0,-5.9,17.4,0.0,2.2,5.6
2026-01-14 02:00:00,KYIV-012-3,KYIV-012,Band 3 (1800MHz),-89.5,-8.2,13.0,9.6,8.5,15.1
2026-01-14 02:00:00,KYIV-013-1,KYIV-013,Band 1 (2100MHz),-90.9,-7.3,11.1,18.0,7.7,10.6
2026-01-14 02:00:00,KYIV-013-2,KYIV-013,Band 1 (2100MHz),-85.0,-9.8,8.0,0.0,10.3,0.0
2026-01-14 02:00:00,KYIV-013-3,KYIV-013,Band 1 (2100MHz),-83.6,-11.3,23.2,2.7,9.9,0.0
2026-01-14 02:00:00,KYIV-014-1,KYIV-014,Band 3 (1800MHz),-88.1,-6.6,4.2,0.0,0.0,18.8
2026-01-14 02:00:00,KYIV-014-2,KYIV-014,Band 3 (1800MHz),-107.3,-11.6,13.1,0.0,11.8,17.8
2026-01-14 02:00:00,KYIV-014-3,KYIV-014,Band 3 (1800MHz),-85.7,-8.1,10.8,0.0,3.6,36.4
2026-01-14 02:00:00,KYIV-015-1,KYIV-015,Band 1 (2100MHz),-82.2,-10.1,12.2,5.2,11.4,34.1
2026-01-14 02:00:00,KYIV-015-2,KYIV-015,Band 1 (2100MHz),-86.9,-6.5,11.6,0.0,0.0,34.2
2026-01-14 02:00:00,KYIV-015-3,KYIV-015,Band 1 (2100MHz),-81.6,-8.8,4.7,22.8,6.3,0.0
2026-01-14 02:00:00,KYIV-016-1,KYIV-016,Band 3 (1800MHz),-88.1,-10.2,21.3,0.0,12.3,31.2
2026-01-14 02:00:00,KYIV-016-2,KYIV-016,Band 3 (1800MHz),-83.6,-8.6,10.7,0.0,6.0,3.9
2026-01-14 02:00:00,KYIV-016-3,KYIV-016,Band 3 (1800MHz),-86.4,-8.5,25.6,8.0,12.0,21.3
2026-01-14 03:00:00,KYIV-001-1,KYIV-001,Band 1 (2100MHz),-86.9,-6.2,0.5,26.0,0.0,0.0
2026-01-14 03:00:00,KYIV-001-2,KYIV-001,Band 1 (2100MHz),-84.9,-6.5,15.2,0.0,16.1,0.0
2026-01-14 03:00:00,KYIV-001-3,KYIV-001,Band 1 (2100MHz),-91.0,-5.1,22.5,10.0,0.3,1.1
2026-01-14 03:00:00,KYIV-002-1,KYIV-002,Band 3 (1800MHz),-98.3,-14.8,5.6,4.4,0.0,31.9
2026-01-14 03:00:00,KYIV-002-2,KYIV-002,Band 3 (1800MHz),-104.6,-11.5,6.4,0.0,0.0,18.7
2026-01-14 03:00:00,KYIV-002-3,KYIV-002,Band 3 (1800MHz),-83.1,-13.5,18.6,12.7,0.2,24.4
2026-01-14 03:00:00,KYIV-003-1,KYIV-003,Band 1 (2100MHz),-90.6,-6.4,14.6,21.9,0.0,16.1
2026-01-14 03:00:00,KYIV-003-2,KYIV-003,Band 1 (2100MHz),-88.0,-6.1,17.4,21.4,9.1,0.0
2026-01-14 03:00:00,KYIV-003-3,KYIV-003,Band 1 (2100MHz),-89.9,-6.5,15.8,4.7,4.5,15.1
2026-01-14 03:00:00,KYIV-004-1,KYIV-004,Band 3 (1800MHz),-85.4,-3.4,20.2,3.4,5.8,4.9
2026-01-14 03:00:00,KYIV-004-2,KYIV-004,Band 3 (1800MHz),-80.7,-5.4,21.6,34.1,5.5,27.7
2026-01-14 03:00:00,KYIV-004-3,KYIV-004,Band 3 (1800MHz),-83.1,-5.1,7.8,9.3,6.9,35.2
2026-01-14 03:00:00,KYIV-005-1,KYIV-005,Band 1 (2100MHz),-86.3,-8.4,18.8,0.0,0.0,0.0
2026-01-14 03:00:00,KYIV-005-2,KYIV-005,Band 1 (2100MHz),-90.6,-10.8,11.0,9.2,27.4,0.0
2026-01-14 03:00:00,KYIV-005-3,KYIV-005,Band 1 (2100MHz),-96.9,-14.8,3.9,12.3,0.0,0.0
2026-01-14 03:00:00,KYIV-006-1,KYIV-006,Band 3 (1800MHz),-86.3,-9.0,-3.5,13.3,13.7,47.8
2026-01-14 03:00:00,KYIV-006-2,KYIV-006,Band 3 (1800MHz),-88.7,-5.8,10.4,7.6,5.8,0.0
2026-01-14 03:00:00,KYIV-006-3,KYIV-006,Band 3 (1800MHz),-88.9,-8.2,21.7,24.1,2.0,10.3
2026-01-14 03:00:00,KYIV-007-1,KYIV-007,Band 1 (2100MHz),-85.4,-9.8,19.7,0.0,15.7,4.2
2026-01-14 03:00:00,KYIV-007-2,KYIV-007,Band 1 (2100MHz),-80.7,-6.4,13.2,1.0,0.0,20.2
2026-01-14 03:00:00,KYIV-007-3,KYIV-007,Band 1 (2100MHz),-82.7,-7.3,16.9,18.1,0.0,14.0
2026-01-14 03:00:00,KYIV-008-1,KYIV-008,Band 3 (1800MHz),-94.8,-7.5,5.4,12.3,8.3,29.9
2026-01-14 03:00:00,KYIV-008-2,KYIV-008,Band 3 (1800MHz),-83.8,-6.0,6.9,17.1,16.0,2.9
2026-01-14 03:00:00,KYIV-008-3,KYIV-008,Band 3 (1800MHz),-85.8,-11.4,20.9,8.4,9.4,41.3
2026-01-14 03:00:00,KYIV-009-1,KYIV-009,Band 1 (2100MHz),-79.2,-6.4,6.7,0.5,13.1,6.1
2026-01-14 03:00:00,KYIV-009-2,KYIV-009,Band 1 (2100MHz),-81.6,-5.7,12.6,13.1,0.0,38.9
2026-01-14 03:00:00,KYIV-009-3,KYIV-009,Band 1 (2100MHz),-82.0,-10.5,13.6,12.4,9.0,49.8
2026-01-14 03:00:00,KYIV-010-1,KYIV-010,Band 3 (1800MHz),-88.1,-11.9,10.1,0.0,16.5,0.0
2026-01-14 03:00:00,KYIV-010-2,KYIV-010,Band 3 (1800MHz),-76.7,-3.8,11.5,4.7,0.0,0.0
2026-01-14 03:00:00,KYIV-010-3,KYIV-010,Band 3 (1800MHz),-97.2,-6.7,14.2,0.0,17.2,31.5
2026-01-14 03:00:00,KYIV-011-1,KYIV-011,Band 1 (2100MHz),-84.4,-8.5,7.3,0.0,11.7,16.7
2026-01-14 03:00:00,KYIV-011-2,KYIV-011,Band 1 (2100MHz),-90.1,-6.8,11.4,6.8,11.7,0.0
2026-01-14 03:00:00,KYIV-011-3,KYIV-011,Band 1 (2100MHz),-78.0,-8.4,18.8,9.3,0.6,48.3
2026-01-14 03:00:00,KYIV-012-1,KYIV-012,Band 3 (1800MHz),-86.7,-6.7,13.8,1.7,0.0,21.0
2026-01-14 03:00:00,KYIV-012-2,KYIV-012,Band 3 (1800MHz),-84.7,-8.0,16.3,12.7,0.0,37.6
2026-01-14 03:00:00,KYIV-012-3,KYIV-012,Band 3 (1800MHz),-88.8,-8.2,17.0,20.6,0.0,31.9
2026-01-14 03:00:00,KYIV-013-1,KYIV-013,Band 1 (2100MHz),-84.7,-10.5,12.3,8.2,0.0,25.9
2026-01-14 03:00:00,KYIV-013-2,KYIV-013,Band 1 (2100MHz),-88.4,-7.2,10.2,24.0,0.3,0.0
2026-01-14 03:00:00,KYIV-013-3,KYIV-013,Band 1 (2100MHz),-87.9,-8.4,10.4,30.3,8.4,48.5
2026-01-14 03:00:00,KYIV-014-1,KYIV-014,Band 3 (1800MHz),-84.9,-14.1,14.7,0.0,0.0,33.1
2026-01-14 03:00:00,KYIV-014-2,KYIV-014,Band 3 (1800MHz),-104.4,-13.9,-2.6,0.0,5.9,0.0
2026-01-14 03:00:00,KYIV-014-3,KYIV-014,Band 3 (1800MHz),-90.0,-7.7,14.9,11.6,6.4,18.3
2026-01-14 03:00:00,KYIV-015-1,KYIV-015,Band 1 (2100MHz),-87.2,-9.6,8.2,10.8,6.4,0.0
2026-01-14 03:00:00,KYIV-015-2,KYIV-015,Band 1 (2100MHz),-91.6,-12.8,17.0,21.1,8.3,0.0
2026-01-14 03:00:00,KYIV-015-3,KYIV-015,Band 1 (2100MHz),-90.3,-7.3,12.1,0.0,16.4,5.9
2026-01-14 03:00:00,KYIV-016-1,KYIV-016,Band 3 (1800MHz),-88.2,-8.8,9.9,21.3,0.0,21.0
2026-01-14 03:00:00,KYIV-016-2,KYIV-016,Band 3 (1800MHz),-82.1,-10.1,17.7,0.1,0.0,2.8
2026-01-14 03:00:00,KYIV-016-3,KYIV-016,Band 3 (1800MHz),-83.9,-5.9,15.3,0.0,0.0,36.3
2026-01-14 04:00:00,KYIV-001-1,KYIV-001,Band 1 (2100MHz),-84.9,-5.2,15.2,13.2,10.3,0.1
2026-01-14 04:00:00,KYIV-001-2,KYIV-001,Band 1 (2100MHz),-87.9,-7.1,9.9,10.4,6.9,8.3
2026-01-14 04:00:00,KYIV-001-3,KYIV-001,Band 1 (2100MHz),-86.7,-7.1,1.0,16.9,3.5,39.8
2026-01-14 04:00:00,KYIV-002-1,KYIV-002,Band 3 (1800MHz),-97.6,-11.9,13.7,17.7,14.1,1.1
2026-01-14 04:00:00,KYIV-002-2,KYIV-002,Band 3 (1800MHz),-104.4,-10.9,1.3,3.1,0.0,11.0
2026-01-14 04:00:00,KYIV-002-3,KYIV-002,Band 3 (1800MHz),-84.6,-10.8,8.0,31.8,0.9,50.0
2026-01-14 04:00:00,KYIV-003-1,KYIV-003,Band 1 (2100MHz),-87.0,-10.2,8.3,6.4,16.8,0.0
2026-01-14 04:00:00,KYIV-003-2,KYIV-003,Band 1 (2100MHz),-82.4,-5.9,17.4,3.3,7.3,0.0
2026-01-14 04:00:00,KYIV-003-3,KYIV-003,Band 1 (2100MHz),-83.1,-4.5,5.7,12.0,0.0,44.0
2026-01-14 04:00:00,KYIV-004-1,KYIV-004,Band 3 (1800MHz),-92.1,-7.6,13.7,0.0,0.0,5.5
2026-01-14 04:00:00,KYIV-004-2,KYIV-004,Band 3 (1800MHz),-84.5,-5.0,10.2,28.3,12.1,3.4
2026-01-14 04:00:00,KYIV-004-3,KYIV-004,Band 3 (1800MHz),-89.1,-7.0,24.1,4.5,0.0,29.4
2026-01-14 04:00:00,KYIV-005-1,KYIV-005,Band 1 (2100MHz),-92.8,-6.5,28.0,35.7,6.3,26.2
2026-01-14 04:00:00,KYIV-005-2,KYIV-005,Band 1 (2100MHz),-81.7,-8.3,13.0,10.1,0.0,0.0
2026-01-14 04:00:00,KYIV-005-3,KYIV-005,Band 1 (2100MHz),-99.3,-14.2,-3.8,2.2,17.5,33.4
2026-01-14 04:00:00,KYIV-006-1,KYIV-006,Band 3 (1800MHz),-84.2,-5.8,19.2,17.0,4.3,6.2
2026-01-14 04:00:00,KYIV-006-2,KYIV-006,Band 3 (1800MHz),-88.4,-7.9,5.9,14.7,11.1,20.2
2026-01-14 04:00:00,KYIV-006-3,KYIV-006,Band 3 (1800MHz),-85.3,-8.2,15.7,17.2,8.1,12.0
2026-01-14 04:00:00,KYIV-007-1,KYIV-007,Band 1 (2100MHz),-90.4,-8.3,12.7,13.0,0.0,18.7
2026-01-14 04:00:00,KYIV-007-2,KYIV-007,Band 1 (2100MHz),-87.3,-7.4,11.6,8.5,6.4,0.0
2026-01-14 04:00:00,KYIV-007-3,KYIV-007,Band 1 (2100MHz),-77.9,-9.3,6.4,0.0,3.9,4.8
2026-01-14 04:00:00,KYIV-008-1,KYIV-008,Band 3 (1800MHz),-90.4,-5.8,13.5,0.0,2.4,30.5
2026-01-14 04:00:00,KYIV-008-2,KYIV-008,Band 3 (1800MHz),-88.4,-6.7,5.0,9.3,0.0,0.0
2026-01-14 04:00:00,KYIV-008-3,KYIV-008,Band 3 (1800MHz),-84.6,-8.5,10.5,7.1,3.6,14.1
2026-01-14 04:00:00,KYIV-009-1,KYIV-009,Band 1 (2100MHz),-91.6,-9.9,21.9,2.0,0.0,10.1
2026-01-14 04:00:00,KYIV-009-2,KYIV-009,Band 1 (2100MHz),-89.1,-9.3,13.1,0.0,7.2,34.7
2026-01-14 04:00:00,KYIV-009-3,KYIV-009,Band 1 (2100MHz),-83.0,-5.7,17.4,12.4,7.7,9.7
2026-01-14 04:00:00,KYIV-010-1,KYIV-010,Band 3 (1800MHz),-87.9,-8.5,10.9,10.3,17.6,23.2
2026-01-14 04:00:00,KYIV-010-2,KYIV-010,Band 3 (1800MHz),-85.6,-9.4,14.3,3.8,0.0,33.2
2026-01-14 04:00:00,KYIV-010-3,KYIV-010,Band 3 (1800MHz),-84.6,-12.1,18.7,0.0,0.0,0.0
2026-01-14 04:00:00,KYIV-011-1,KYIV-011,Band 1 (2100MHz),-81.4,-5.3,14.9,0.0,0.0,11.3
2026-01-14 04:00:00,KYIV-011-2,KYIV-011,Band 1 (2100MHz),-74.2,-8.3,0.6,5.2,13.1,25.7
2026-01-14 04:00:00,KYIV-011-3,KYIV-011,Band 1 (2100MHz),-86.0,-8.2,15.8,23.3,0.0,0.0
2026-01-14 04:00:00,KYIV-012-1,KYIV-012,Band 3 (1800MHz),-88.8,-8.9,8.1,15.4,7.3,0.0
2026-01-14 04:00:00,KYIV-012-2,KYIV-012,Band 3 (1800MHz),-84.8,-8.2,21.2,5.8,0.0,15.4
2026-01-14 04:00:00,KYIV-012-3,KYIV-012,Band 3 (1800MHz),-85.5,-8.5,8.4,8.2,0.0,0.0
2026-01-14 04:00:00,KYIV-013-1,KYIV-013,Band 1 (2100MHz),-86.0,-8.8,26.2,16.6,6.5,30.8
2026-01-14 04:00:00,KYIV-013-2,KYIV-013,Band 1 (2100MHz),-83.0,-9.2,12.4,5.9,6.6,14.2
2026-01-14 04:00:00,KYIV-013-3,KYIV-013,Band 1 (2100MHz),-89.2,-7.9,9.7,2.8,9.3,18.8
2026-01-14 04:00:00,KYIV-014-1,KYIV-014,Band 3 (1800MHz),-90.1,-11.4,7.6,17.8,18.0,30.9
2026-01-14 04:00:00,KYIV-014-2,KYIV-014,Band 3 (1800MHz),-101.8,-8.5,-7.5,0.0,0.0,13.1
2026-01-14 04:00:00,KYIV-014-3,KYIV-014,Band 3 (1800MHz),-84.6,-6.9,11.8,12.6,27.4,0.0
2026-01-14 04:00:00,KYIV-015-1,KYIV-015,Band 1 (2100MHz),-83.9,-8.5,4.9,14.8,6.3,24.8
2026-01-14 04:00:00,KYIV-015-2,KYIV-015,Band 1 (2100MHz),-89.1,-5.9,17.5,15.0,7.6,1.8
2026-01-14 04:00:00,KYIV-015-3,KYIV-015,Band 1 (2100MHz),-83.5,-6.6,5.0,14.9,8.5,20.5
2026-01-14 04:00:00,KYIV-016-1,KYIV-016,Band 3 (1800MHz),-88.6,-10.0,16.9,0.0,11.3,28.4
2026-01-14 04:00:00,KYIV-016-2,KYIV-016,Band 3 (1800MHz),-85.1,-6.7,19.0,0.0,5.1,0.6
2026-01-14 04:00:00,KYIV-016-3,KYIV-016,Band 3 (1800MHz),-94.3,-10.5,9.4,14.5,0.0,12.1
2026-01-14 05:00:00,KYIV-001-1,KYIV-001,Band 1 (2100MHz),-95.6,-7.1,11.4,9.7,25.3,41.5
2026-01-14 05:00:00,KYIV-001-2,KYIV-001,Band 1 (2100MHz),-84.3,-9.8,5.5,0.0,3.4,39.3
2026-01-14 05:00:00,KYIV-001-3,KYIV-001,Band 1 (2100MHz),-81.3,-5.5,12.6,2.5,0.6,10.0
2026-01-14 05:00:00,KYIV-002-1,KYIV-002,Band 3 (1800MHz),-103.4,-10.2,-0.1,11.7,4.8,35.1
2026-01-14 05:00:00,KYIV-002-2,KYIV-002,Band 3 (1800MHz),-96.3,-10.6,9.4,25.3,10.2,52.3
2026-01-14 05:00:00,KYIV-002-3,KYIV-002,Band 3 (1800MHz),-93.0,-7.6,15.2,20.0,0.0,6.6
2026-01-14 05:00:00,KYIV-003-1,KYIV-003,Band 1 (2100MHz),-82.7,-9.7,15.0,4.7,5.9,33.4
2026-01-14 05:00:00,KYIV-003-2,KYIV-003,Band 1 (2100MHz),-86.3,-8.6,12.0,7.3,2.8,1.7
2026-01-14 05:00:00,KYIV-003-3,KYIV-003,Band 1 (2100MHz),-87.8,-8.1,15.6,15.3,0.0,37.9
2026-01-14 05:00:00,KYIV-004-1,KYIV-004,Band 3 (1800MHz),-85.0,-5.6,14.3,13.2,15.0,0.0
2026-01-14 05:00:00,KYIV-004-2,KYIV-004,Band 3 (1800MHz),-87.7,-8.7,8.3,22.7,1.6,9.6
2026-01-14 05:00:00,KYIV-004-3,KYIV-004,Band 3 (1800MHz),-90.9,-10.8,9.7,10.7,2.8,20.8
2026-01-14 05:00:00,KYIV-005-1,KYIV-005,Band 1 (2100MHz),-87.5,-11.7,10.0,0.0,5.0,41.3
2026-01-14 05:00:00,KYIV-005-2,KYIV-005,Band 1 (2100MHz),-84.7,-8.5,14.6,14.2,5.7,7.2
2026-01-14 05:00:00,KYIV-005-3,KYIV-005,Band 1 (2100MHz),-100.1,-14.4,0.2,10.4,17.0,29.3
2026-01-14 05:00:00,KYIV-006-1,KYIV-006,Band 3 (1800MHz),-84.5,-7.8,9.1,0.0,0.0,24.9
2026-01-14 05:00:00,KYIV-006-2,KYIV-006,Band 3 (1800MHz),-92.9,-9.5,15.5,8.5,3.6,9.1
2026-01-14 05:00:00,KYIV-006-3,KYIV-006,Band 3 (1800MHz),-86.6,-7.7,15.4,4.5,0.0,10.7
2026-01-14 05:00:00,KYIV-007-1,KYIV-007,Band 1 (2100MHz),-85.1,-5.4,9.5,9.9,6.7,17.0
2026-01-14 05:00:00,KYIV-007-2,KYIV-007,Band 1 (2100MHz),-93.4,-6.4,6.7,14.2,8.6,30.0
2026-01-14 05:00:00,KYIV-007-3,KYIV-007,Band 1 (2100MHz),-85.9,-7.6,10.1,11.2,6.0,11.5
2026-01-14 05:00:00,KYIV-008-1,KYIV-008,Band 3 (1800MHz),-89.7,-8.1,9.0,37.5,12.7,0.0
2026-01-14 05:00:00,KYIV-008-2,KYIV-008,Band 3 (1800MHz),-85.9,-8.9,12.4,11.1,9.4,5.3
2026-01-14 05:00:00,KYIV-008-3,KYIV-008,Band 3 (1800MHz),-85.2,-7.4,12.0,22.7,16.4,0.0
2026-01-14 05:00:00,KYIV-009-1,KYIV-009,Band 1 (2100MHz),-92.2,-6.4,13.6,10.7,0.7,54.5
2026-01-14 05:00:00,KYIV-009-2,KYIV-009,Band 1 (2100MHz),-86.5,-6.0,13.8,11.8,25.1,28.0
2026-01-14 05:00:00,KYIV-009-3,KYIV-009,Band 1 (2100MHz),-89.5,-4.2,1.7,18.7,13.2,11.0
2026-01-14 05:00:00,KYIV-010-1,KYIV-010,Band 3 (1800MHz),-82.6,-8.9,13.8,11.0,4.0,42.1
2026-01-14 05:00:00,KYIV-010-2,KYIV-010,Band 3 (1800MHz),-81.8,-8.3,11.3,16.3,0.0,26.3
2026-01-14 05:00:00,KYIV-010-3,KYIV-010,Band 3 (1800MHz),-87.2,-8.7,12.6,0.0,1.7,22.3
2026-01-14 05:00:00,KYIV-011-1,KYIV-011,Band 1 (2100MHz),-84.3,-3.3,15.7,24.2,1.8,27.1
2026-01-14 05:00:00,KYIV-011-2,KYIV-011,Band 1 (2100MHz),-85.5,-10.9,7.2,3.8,7.1,0.0
2026-01-14 05:00:00,KYIV-011-3,KYIV-011,Band 1 (2100MHz),-85.0,-7.4,2.8,13.5,0.0,59.3
2026-01-14 05:00:00,KYIV-012-1,KYIV-012,Band 3 (1800MHz),-87.9,-5.7,11.8,8.1,3.7,15.8
2026-01-14 05:00:00,KYIV-012-2,KYIV-012,Band 3 (1800MHz),-90.3,-9.8,2.2,3.8,0.3,19.7
2026-01-14 05:00:00,KYIV-012-3,KYIV-012,Band 3 (1800MHz),-85.3,-8.2,1.0,0.0,3.6,54.9
2026-01-14 05:00:00,KYIV-013-1,KYIV-013,Band 1 (2100MHz),-85.2,-10.9,10.8,7.5,5.6,23.9
2026-01-14 05:00:00,KYIV-013-2,KYIV-013,Band 1 (2100MHz),-90.4,-9.6,8.6,3.1,0.0,0.0
2026-01-14 05:00:00,KYIV-013-3,KYIV-013,Band 1 (2100MHz),-93.3,-5.0,29.8,13.8,1.9,42.3
2026-01-14 05:00:00,KYIV-014-1,KYIV-014,Band 3 (1800MHz),-88.7,-9.4,13.4,31.6,2.8,0.0
2026-01-14 05:00:00,KYIV-014-2,KYIV-014,Band 3 (1800MHz),-98.7,-7.3,0.2,7.9,1.6,0.0
2026-01-14 05:00:00,KYIV-014-3,KYIV-014,Band 3 (1800MHz),-80.3,-10.0,12.7,0.4,18.2,15.3
2026-01-14 05:00:00,KYIV-015-1,KYIV-015,Band 1 (2100MHz),-83.3,-6.8,21.4,0.0,0.0,13.6
2026-01-14 05:00:00,KYIV-015-2,KYIV-015,Band 1 (2100MHz),-86.3,-7.0,11.4,17.8,13.2,27.2
2026-01-14 05:00:00,KYIV-015-3,KYIV-015,Band 1 (2100MHz),-89.4,-8.3,16.4,16.9,1.2,6.2
2026-01-14 05:00:00,KYIV-016-1,KYIV-016,Band 3 (1800MHz),-89.5,-8.3,14.9,0.0,11.0,0.0
2026-01-14 05:00:00,KYIV-016-2,KYIV-016,Band 3 (1800MHz),-92.5,-6.9,8.6,17.2,0.0,0.0
2026-01-14 05:00:00,KYIV-016-3,KYIV-016,Band 3 (1800MHz),-90.5,-7.0,12.9,18.7,8.6,5.6
2026-01-14 06:00:00,KYIV-001-1,KYIV-001,Band 1 (2100MHz),-86.1,-7.2,12.9,0.0,11.8,58.3
2026-01-14 06:00:00,KYIV-001-2,KYIV-001,Band 1 (2100MHz),-84.1,-6.6,19.2,17.6,17.7,23.2
2026-01-14 06:00:00,KYIV-001-3,KYIV-001,Band 1 (2100MHz),-91.5,-6.5,18.9,0.0,4.0,5.4
2026-01-14 06:00:00,KYIV-002-1,KYIV-002,Band 3 (1800MHz),-107.8,-10.4,5.5,30.1,6.8,39.9
2026-01-14 06:00:00,KYIV-002-2,KYIV-002,Band 3 (1800MHz),-95.9,-14.8,3.6,32.1,1.2,47.4
2026-01-14 06:00:00,KYIV-002-3,KYIV-002,Band 3 (1800MHz),-87.0,-6.0,-4.1,36.4,19.7,11.4
2026-01-14 06:00:00,KYIV-003-1,KYIV-003,Band 1 (2100MHz),-83.8,-9.3,12.5,7.3,16.2,14.6
2026-01-14 06:00:00,KYIV-003-2,KYIV-003,Band 1 (2100MHz),-81.4,-8.6,11.2,4.0,1.8,13.6
2026-01-14 06:00:00,KYIV-003-3,KYIV-003,Band 1 (2100MHz),-89.2,-6.6,8.4,9.6,9.6,11.2
2026-01-14 06:00:00,KYIV-004-1,KYIV-004,Band 3 (1800MHz),-80.2,-9.1,17.4,11.4,14.6,37.4
2026-01-14 06:00:00,KYIV-004-2,KYIV-004,Band 3 (1800MHz),-84.1,-12.1,21.9,6.1,30.1,46.1
2026-01-14 06:00:00,KYIV-004-3,KYIV-004,Band 3 (1800MHz),-88.7,-9.3,13.6,0.0,5.9,58.8
2026-01-14 06:00:00,KYIV-005-1,KYIV-005,Band 1 (2100MHz),-83.8,-10.1,19.6,3.3,10.5,2.8
2026-01-14 06:00:00,KYIV-005-2,KYIV-005,Band 1 (2100MHz),-81.7,-5.2,8.8,24.3,15.4,30.2
2026-01-14 06:00:00,KYIV-005-3,KYIV-005,Band 1 (2100MHz),-96.6,-16.5,6.1,4.8,0.0,28.0
2026-01-14 06:00:00,KYIV-006-1,KYIV-006,Band 3 (1800MHz),-84.5,-11.2,13.2,15.0,11.8,45.8
2026-01-14 06:00:00,KYIV-006-2,KYIV-006,Band 3 (1800MHz),-84.2,-12.7,12.5,21.6,11.8,41.8
2026-01-14 06:00:00,KYIV-006-3,KYIV-006,Band 3 (1800MHz),-88.9,-7.6,11.3,23.0,9.3,12.2
2026-01-14 06:00:00,KYIV-007-1,KYIV-007,Band 1 (2100MHz),-82.6,-7.1,13.6,23.2,8.2,22.5
2026-01-14 06:00:00,KYIV-007-2,KYIV-007,Band 1 (2100MHz),-85.4,-8.4,23.7,7.0,0.0,5.0
2026-01-14 06:00:00,KYIV-007-3,KYIV-007,Band 1 (2100MHz),-84.9,-9.4,14.0,0.0,4.1,16.5
2026-01-14 06:00:00,KYIV-008-1,KYIV-008,Band 3 (1800MHz),-95.7,-10.6,17.9,26.9,25.6,33.9
2026-01-14 06:00:00,KYIV-008-2,KYIV-008,Band 3 (1800MHz),-88.4,-11.1,9.0,27.5,7.6,29.8
2026-01-14 06:00:00,KYIV-008-3,KYIV-008,Band 3 (1800MHz),-88.2,-6.2,12.1,19.4,0.0,62.2
2026-01-14 06:00:00,KYIV-009-1,KYIV-009,Band 1 (2100MHz),-91.6,-4.1,14.6,0.0,2.7,66.8
2026-01-14 06:00:00,KYIV-009-2,KYIV-009,Band 1 (2100MHz),-86.9,-4.5,14.3,7.8,0.9,6.5
2026-01-14 06:00:00,KYIV-009-3,KYIV-009,Band 1 (2100MHz),-85.2,-8.8,22.8,24.0,6.3,9.3
2026-01-14 06:00:00,KYIV-010-1,KYIV-010,Band 3 (1800MHz),-82.4,-5.4,11.1,15.4,8.1,39.1
2026-01-14 06:00:00,KYIV-010-2,KYIV-010,Band 3 (1800MHz),-89.1,-13.2,14.8,4.0,0.0,31.5
2026-01-14 06:00:00,KYIV-010-3,KYIV-010,Band 3 (1800MHz),-91.0,-9.1,14.8,27.2,14.5,23.9
2026-01-14 06:00:00,KYIV-011-1,KYIV-011,Band 1 (2100MHz),-88.8,-8.1,10.1,31.1,11.4,50.2
2026-01-14 06:00:00,KYIV-011-2,KYIV-011,Band 1 (2100MHz),-81.2,-6.2,23.0,18.1,26.3,28.6
2026-01-14 06:00:00,KYIV-011-3,KYIV-011,Band 1 (2100MHz),-84.7,-7.9,6.9,15.8,0.0,19.5
2026-01-14 06:00:00,KYIV-012-1,KYIV-012,Band 3 (1800MHz),-86.2,-6.0,11.1,11.6,0.0,59.4
2026-01-14 06:00:00,KYIV-012-2,KYIV-012,Band 3 (1800MHz),-90.7,-6.4,15.5,27.3,12.8,1.8
2026-01-14 06:00:00,KYIV-012-3,KYIV-012,Band 3 (1800MHz),-78.8,-9.2,14.9,22.3,9.7,28.6
2026-01-14 06:00:00,KYIV-013-1,KYIV-013,Band 1 (2100MHz),-82.4,-9.8,12.7,10.4,0.5,20.4
2026-01-14 06:00:00,KYIV-013-2,KYIV-013,Band 1 (2100MHz),-92.8,-8.3,9.9,28.9,0.0,40.8
2026-01-14 06:00:00,KYIV-013-3,KYIV-013,Band 1 (2100MHz),-87.0,-4.8,15.7,16.4,0.0,5.2
2026-01-14 06:00:00,KYIV-014-1,KYIV-014,Band 3 (1800MHz),-84.4,-7.9,15.6,0.0,0.0,24.7
2026-01-14 06:00:00,KYIV-014-2,KYIV-014,Band 3 (1800MHz),-95.2,-14.9,1.5,10.6,27.7,7.4
2026-01-14 06:00:00,KYIV-014-3,KYIV-014,Band 3 (1800MHz),-90.5,-7.4,18.6,11.2,18.1,12.5
2026-01-14 06:00:00,KYIV-015-1,KYIV-015,Band 1 (2100MHz),-92.5,-8.7,9.7,15.9,5.5,42.9
2026-01-14 06:00:00,KYIV-015-2,KYIV-015,Band 1 (2100MHz),-88.1,-8.2,18.8,20.9,10.4,0.0
2026-01-14 06:00:00,KYIV-015-3,KYIV-015,Band 1 (2100MHz),-84.5,-7.8,12.3,20.7,12.3,64.7
2026-01-14 06:00:00,KYIV-016-1,KYIV-016,Band 3 (1800MHz),-90.7,-7.7,16.8,20.8,3.0,0.0
2026-01-14 06:00:00,KYIV-016-2,KYIV-016,Band 3 (1800MHz),-83.0,-11.7,14.7,25.7,9.7,35.9
2026-01-14 06:00:00,KYIV-016-3,KYIV-016,Band 3 (1800MHz),-90.9,-4.1,10.5,23.7,15.3,20.9
2026-01-14 07:00:00,KYIV-001-1,KYIV-001,Band 1 (2100MHz),-84.6,-13.5,10.0,59.2,41.5,120.1
2026-01-14 07:00:00,KYIV-001-2,KYIV-001,Band 1 (2100MHz),-90.7,-8.5,14.5,55.1,28.5,102.4
2026-01-14 07:00:00,KYIV-001-3,KYIV-001,Band 1 (2100MHz),-80.2,-12.5,9.7,40.4,24.6,106.5
2026-01-14 07:00:00,KYIV-002-1,KYIV-002,Band 3 (1800MHz),-100.0,-12.3,2.8,64.6,25.6,114.1
2026-01-14 07:00:00,KYIV-002-2,KYIV-002,Band 3 (1800MHz),-115.7,-13.0,2.8,61.3,18.5,76.6
2026-01-14 07:00:00,KYIV-002-3,KYIV-002,Band 3 (1800MHz),-80.9,-8.7,19.4,26.5,28.5,74.7
2026-01-14 07:00:00,KYIV-003-1,KYIV-003,Band 1 (2100MHz),-88.3,-12.3,5.0,48.3,34.6,95.6
2026-01-14 07:00:00,KYIV-003-2,KYIV-003,Band 1 (2100MHz),-87.9,-7.8,14.6,74.2,37.6,121.9
2026-01-14 07:00:00,KYIV-003-3,KYIV-003,Band 1 (2100MHz),-81.1,-14.5,10.6,52.7,29.1,57.1
2026-01-14 07:00:00,KYIV-004-1,KYIV-004,Band 3 (1800MHz),-86.2,-10.4,6.7,42.8,34.8,116.3
2026-01-14 07:00:00,KYIV-004-2,KYIV-004,Band 3 (1800MHz),-88.5,-8.3,10.3,58.6,28.4,93.1
2026-01-14 07:00:00,KYIV-004-3,KYIV-004,Band 3 (1800MHz),-78.3,-12.9,8.5,65.1,34.2,92.7
2026-01-14 07:00:00,KYIV-005-1,KYIV-005,Band 1 (2100MHz),-89.0,-8.9,7.1,66.1,32.3,116.2
2026-01-14 07:00:00,KYIV-005-2,KYIV-005,Band 1 (2100MHz),-83.9,-9.4,23.4,50.1,32.5,37.1
2026-01-14 07:00:00,KYIV-005-3,KYIV-005,Band 1 (2100MHz),-111.0,-13.2,17.3,54.9,17.0,109.6
2026-01-14 07:00:00,KYIV-006-1,KYIV-006,Band 3 (1800MHz),-92.7,-7.4,10.8,56.3,40.1,64.7
2026-01-14 07:00:00,KYIV-006-2,KYIV-006,Band 3 (1800MHz),-86.6,-8.9,15.2,47.7,19.0,88.6
2026-01-14 07:00:00,KYIV-006-3,KYIV-006,Band 3 (1800MHz),-85.9,-11.8,19.4,71.0,26.7,78.6
2026-01-14 07:00:00,KYIV-007-1,KYIV-007,Band 1 (2100MHz),-87.3,-9.7,23.8,59.6,27.7,81.3
2026-01-14 07:00:00,KYIV-007-2,KYIV-007,Band 1 (2100MHz),-88.6,-9.2,10.8,49.2,20.3,122.1
2026-01-14 07:00:00,KYIV-007-3,KYIV-007,Band 1 (2100MHz),-93.7,-12.5,23.7,20.8,23.9,53.6
2026-01-14 07:00:00,KYIV-008-1,KYIV-008,Band 3 (1800MHz),-84.5,-12.3,16.4,47.0,18.5,52.3
2026-01-14 07:00:00,KYIV-008-2,KYIV-008,Band 3 (1800MHz),-82.9,-10.7,14.9,56.1,43.1,101.9
2026-01-14 07:00:00,KYIV-008-3,KYIV-008,Band 3 (1800MHz),-96.7,-8.0,10.0,63.8,24.3,63.3
2026-01-14 07:00:00,KYIV-009-1,KYIV-009,Band 1 (2100MHz),-80.8,-11.2,14.2,60.7,28.3,48.8
2026-01-14 07:00:00,KYIV-009-2,KYIV-009,Band 1 (2100MHz),-87.8,-13.8,16.2,33.2,36.5,97.8
2026-01-14 07:00:00,KYIV-009-3,KYIV-009,Band 1 (2100MHz),-84.7,-8.6,10.0,58.1,8.4,59.4
2026-01-14 07:00:00,KYIV-010-1,KYIV-010,Band 3 (1800MHz),-87.1,-12.1,13.9,68.8,23.7,84.9
2026-01-14 07:00:00,KYIV-010-2,KYIV-010,Band 3 (1800MHz),-87.5,-12.9,19.5,36.1,37.5,98.6
2026-01-14 07:00:00,KYIV-010-3,KYIV-010,Band 3 (1800MHz),-83.8,-9.3,16.4,58.4,29.9,125.2
2026-01-14 07:00:00,KYIV-011-1,KYIV-011,Band 1 (2100MHz),-87.8,-10.0,12.4,44.8,40.1,75.7
2026-01-14 07:00:00,KYIV-011-2,KYIV-011,Band 1 (2100MHz),-88.9,-11.5,18.4,36.2,51.3,107.5
2026-01-14 07:00:00,KYIV-011-3,KYIV-011,Band 1 (2100MHz),-94.1,-8.4,6.5,57.3,33.2,76.9
2026-01-14 07:00:00,KYIV-012-1,KYIV-012,Band 3 (1800MHz),-82.1,-9.3,11.4,48.0,33.9,101.2
2026-01-14 07:00:00,KYIV-012-2,KYIV-012,Band 3 (1800MHz),-87.3,-14.7,13.9,53.3,29.7,101.2
2026-01-14 07:00:00,KYIV-012-3,KYIV-012,Band 3 (1800MHz),-95.1,-11.4,9.3,60.1,37.7,98.9
2026-01-14 07:00:00,KYIV-013-1,KYIV-013,Band 1 (2100MHz),-85.9,-9.2,6.2,50.6,21.8,57.2
2026-01-14 07:00:00,KYIV-013-2,KYIV-013,Band 1 (2100MHz),-89.5,-7.6,11.0,64.4,26.9,85.4
2026-01-14 07:00:00,KYIV-013-3,KYIV-013,Band 1 (2100MHz),-87.3,-12.8,1.2,63.2,28.5,108.0
2026-01-14 07:00:00,KYIV-014-1,KYIV-014,Band 3 (1800MHz),-90.7,-8.7,15.4,75.0,43.5,81.3
2026-01-14 07:00:00,KYIV-014-2,KYIV-014,Band 3 (1800MHz),-100.9,-15.2,-3.6,47.7,21.7,137.7
2026-01-14 07:00:00,KYIV-014-3,KYIV-014,Band 3 (1800MHz),-84.8,-9.3,15.2,49.7,30.1,120.3
2026-01-14 07:00:00,KYIV-015-1,KYIV-015,Band 1 (2100MHz),-83.5,-8.8,4.4,52.6,36.4,92.3
2026-01-14 07:00:00,KYIV-015-2,KYIV-015,Band 1 (2100MHz),-83.6,-10.9,8.1,46.5,34.2,72.9
2026-01-14 07:00:00,KYIV-015-3,KYIV-015,Band 1 (2100MHz),-83.6,-7.0,14.5,44.2,28.0,89.1
2026-01-14 07:00:00,KYIV-016-1,KYIV-016,Band 3 (1800MHz),-95.0,-8.3,14.3,69.5,37.5,51.5
2026-01-14 07:00:00,KYIV-016-2,KYIV-016,Band 3 (1800MHz),-83.7,-9.9,15.2,44.2,35.6,124.9
2026-01-14 07:00:00,KYIV-016-3,KYIV-016,Band 3 (1800MHz),-84.9,-13.6,10.2,61.9,35.0,53.7
2026-01-14 08:00:00,KYIV-001-1,KYIV-001,Band 1 (2100MHz),-80.3,-10.4,16.8,51.9,62.3,89.6
2026-01-14 08:00:00,KYIV-001-2,KYIV-001,Band 1 (2100MHz),-80.9,-13.5,16.9,48.8,45.3,94.8
2026-01-14 08:00:00,KYIV-001-3,KYIV-001,Band 1 (2100MHz),-91.4,-10.0,14.6,60.5,32.6,152.7
2026-01-14 08:00:00,KYIV-002-1,KYIV-002,Band 3 (1800MHz),-99.2,-13.4,2.9,62.8,46.9,113.2
2026-01-14 08:00:00,KYIV-002-2,KYIV-002,Band 3 (1800MHz),-99.6,-16.7,8.8,50.9,32.3,102.7
2026-01-14 08:00:00,KYIV-002-3,KYIV-002,Band 3 (1800MHz),-90.6,-14.0,11.7,59.6,21.0,119.4
2026-01-14 08:00:00,KYIV-003-1,KYIV-003,Band 1 (2100MHz),-87.8,-11.9,11.5,66.0,39.7,122.1
2026-01-14 08:00:00,KYIV-003-2,KYIV-003,Band 1 (2100MHz),-86.5,-12.9,8.7,92.0,51.2,89.5
2026-01-14 08:00:00,KYIV-003-3,KYIV-003,Band 1 (2100MHz),-89.6,-9.1,7.4,72.6,49.3,111.9
2026-01-14 08:00:00,KYIV-004-1,KYIV-004,Band 3 (1800MHz),-85.6,-12.3,10.8,79.9,32.4,105.1
2026-01-14 08:00:00,KYIV-004-2,KYIV-004,Band 3 (1800MHz),-85.3,-8.0,11.4,68.3,54.5,101.9
2026-01-14 08:00:00,KYIV-004-3,KYIV-004,Band 3 (1800MHz),-97.6,-11.1,12.8,69.3,24.8,120.1
2026-01-14 08:00:00,KYIV-005-1,KYIV-005,Band 1 (2100MHz),-93.2,-7.9,14.7,52.9,49.1,104.7
2026-01-14 08:00:00,KYIV-005-2,KYIV-005,Band 1 (2100MHz),-86.4,-11.5,22.2,74.2,39.6,93.7
2026-01-14 08:00:00,KYIV-005-3,KYIV-005,Band 1 (2100MHz),-96.2,-16.1,10.0,79.0,38.1,78.8
2026-01-14 08:00:00,KYIV-006-1,KYIV-006,Band 3 (1800MHz),-87.1,-9.9,7.0,60.7,37.6,87.6
2026-01-14 08:00:00,KYIV-006-2,KYIV-006,Band 3 (1800MHz),-83.3,-13.4,11.1,96.5,31.2,114.1
2026-01-14 08:00:00,KYIV-006-3,KYIV-006,Band 3 (1800MHz),-90.8,-11.4,7.9,48.6,41.4,116.9
2026-01-14 08:00:00,KYIV-007-1,KYIV-007,Band 1 (2100MHz),-90.3,-9.9,12.3,85.7,25.5,107.3
2026-01-14 08:00:00,KYIV-007-2,KYIV-007,Band 1 (2100MHz),-90.9,-11.8,14.5,76.8,33.0,120.2
2026-01-14 08:00:00,KYIV-007-3,KYIV-007,Band 1 (2100MHz),-80.7,-8.9,16.8,54.1,44.7,109.5
2026-01-14 08:00:00,KYIV-008-1,KYIV-008,Band 3 (1800MHz),-90.6,-6.6,10.2,71.9,34.2,126.3
2026-01-14 08:00:00,KYIV-008-2,KYIV-008,Band 3 (1800MHz),-81.2,-11.2,13.5,70.2,38.5,147.8
2026-01-14 08:00:00,KYIV-008-3,KYIV-008,Band 3 (1800MHz),-85.5,-11.8,6.8,74.6,41.5,139.5
2026-01-14 08:00:00,KYIV-009-1,KYIV-009,Band 1 (2100MHz),-88.3,-12.1,17.0,72.8,41.3,110.8
2026-01-14 08:00:00,KYIV-009-2,KYIV-009,Band 1 (2100MHz),-90.3,-10.8,16.0,66.4,36.0,94.6
2026-01-14 08:00:00,KYIV-009-3,KYIV-009,Band 1 (2100MHz),-85.9,-11.3,9.7,60.1,54.7,95.5
2026-01-14 08:00:00,KYIV-010-1,KYIV-010,Band 3 (1800MHz),-87.1,-11.6,6.4,74.2,56.0,84.4
2026-01-14 08:00:00,KYIV-010-2,KYIV-010,Band 3 (1800MHz),-80.9,-12.2,7.8,43.0,52.7,84.4
2026-01-14 08:00:00,KYIV-010-3,KYIV-010,Band 3 (1800MHz),-79.5,-12.9,11.2,71.5,41.5,87.5
2026-01-14 08:00:00,KYIV-011-1,KYIV-011,Band 1 (2100MHz),-83.5,-13.0,19.1,69.7,54.0,91.8
2026-01-14 08:00:00,KYIV-011-2,KYIV-011,Band 1 (2100MHz),-88.7,-14.3,10.2,73.0,48.3,137.6
2026-01-14 08:00:00,KYIV-011-3,KYIV-011,Band 1 (2100MHz),-88.1,-13.2,10.9,84.0,23.7,143.1
2026-01-14 08:00:00,KYIV-012-1,KYIV-012,Band 3 (1800MHz),-90.3,-12.6,18.2,57.0,33.6,98.5
2026-01-14 08:00:00,KYIV-012-2,KYIV-012,Band 3 (1800MHz),-88.5,-8.4,21.0,50.7,35.3,118.5
2026-01-14 08:00:00,KYIV-012-3,KYIV-012,Band 3 (1800MHz),-85.8,-10.7,2.1,73.0,46.2,167.9
2026-01-14 08:00:00,KYIV-013-1,KYIV-013,Band 1 (2100MHz),-87.1,-12.3,17.8,60.3,49.6,74.7
2026-01-14 08:00:00,KYIV-013-2,KYIV-013,Band 1 (2100MHz),-91.4,-9.1,14.5,81.2,41.5,131.4
2026-01-14 08:00:00,KYIV-013-3,KYIV-013,Band 1 (2100MHz),-87.5,-9.5,8.7,64.9,28.0,123.1
2026-01-14 08:00:00,KYIV-014-1,KYIV-014,Band 3 (1800MHz),-84.6,-8.9,13.8,60.3,39.5,112.7
2026-01-14 08:00:00,KYIV-014-2,KYIV-014,Band 3 (1800MHz),-99.1,-14.8,4.0,94.4,41.2,128.0
2026-01-14 08:00:00,KYIV-014-3,KYIV-014,Band 3 (1800MHz),-81.9,-7.2,19.3,40.0,34.9,104.9
2026-01-14 08:00:00,KYIV-015-1,KYIV-015,Band 1 (2100MHz),-83.8,-12.4,14.5,65.2,38.1,101.1
2026-01-14 08:00:00,KYIV-015-2,KYIV-015,Band 1 (2100MHz),-89.7,-10.6,11.9,84.1,31.8,112.7
2026-01-14 08:00:00,KYIV-015-3,KYIV-015,Band 1 (2100MHz),-87.7,-13.8,13.7,69.8,27.5,61.7
2026-01-14 08:00:00,KYIV-016-1,KYIV-016,Band 3 (1800MHz),-85.6,-10.5,11.2,49.1,33.5,123.7
2026-01-14 08:00:00,KYIV-016-2,KYIV-016,Band 3 (1800MHz),-91.1,-10.2,6.3,76.1,47.0,47.2
2026-01-14 08:00:00,KYIV-016-3,KYIV-016,Band 3 (1800MHz),-85.8,-9.6,9.1,53.6,30.0,120.5
2026-01-14 09:00:00,KYIV-001-1,KYIV-001,Band 1 (2100MHz),-90.1,-12.9,8.5,71.5,22.4,87.6
2026-01-14 09:00:00,KYIV-001-2,KYIV-001,Band 1 (2100MHz),-91.4,-9.1,4.2,60.1,30.8,69.8
2026-01-14 09:00:00,KYIV-001-3,KYIV-001,Band 1 (2100MHz),-90.0,-13.9,12.7,38.5,35.0,81.7
2026-01-14 09:00:00,KYIV-002-1,KYIV-002,Band 3 (1800MHz),-103.7,-12.9,7.7,53.6,34.2,85.8
2026-01-14 09:00:00,KYIV-002-2,KYIV-002,Band 3 (1800MHz),-100.0,-14.5,-1.3,47.2,32.0,108.9
2026-01-14 09:00:00,KYIV-002-3,KYIV-002,Band 3 (1800MHz),-86.4,-12.6,13.1,43.3,24.6,88.0
2026-01-14 09:00:00,KYIV-003-1,KYIV-003,Band 1 (2100MHz),-90.9,-13.0,12.1,46.2,29.7,83.8
2026-01-14 09:00:00,KYIV-003-2,KYIV-003,Band 1 (2100MHz),-83.6,-10.5,3.9,59.8,15.2,93.4
2026-01-14 09:00:00,KYIV-003-3,KYIV-003,Band 1 (2100MHz),-87.1,-11.5,12.5,69.3,24.8,82.8
2026-01-14 09:00:00,KYIV-004-1,KYIV-004,Band 3 (1800MHz),-87.6,-8.8,6.6,48.0,14.9,112.5
2026-01-14 09:00:00,KYIV-004-2,KYIV-004,Band 3 (1800MHz),-87.2,-9.6,1.1,72.1,33.6,89.8
2026-01-14 09:00:00,KYIV-004-3,KYIV-004,Band 3 (1800MHz),-97.1,-7.3,10.6,60.1,44.2,99.4
2026-01-14 09:00:00,KYIV-005-1,KYIV-005,Band 1 (2100MHz),-87.7,-10.0,6.8,87.3,33.5,98.7
2026-01-14 09:00:00,KYIV-005-2,KYIV-005,Band 1 (2100MHz),-89.5,-10.0,16.2,30.2,29.8,74.8
2026-01-14 09:00:00,KYIV-005-3,KYIV-005,Band 1 (2100MHz),-100.7,-15.9,4.5,64.2,36.0,96.1
2026-01-14 09:00:00,KYIV-006-1,KYIV-006,Band 3 (1800MHz),-86.9,-11.4,7.2,50.9,28.6,70.5
2026-01-14 09:00:00,KYIV-006-2,KYIV-006,Band 3 (1800MHz),-86.7,-15.8,16.0,31.0,32.0,96.1
2026-01-14 09:00:00,KYIV-006-3,KYIV-006,Band 3 (1800MHz),-83.8,-8.7,7.9,46.9,42.5,87.1
2026-01-14 09:00:00,KYIV-007-1,KYIV-007,Band 1 (2100MHz),-83.9,-9.9,18.3,51.3,14.6,101.4
2026-01-14 09:00:00,KYIV-007-2,KYIV-007,Band 1 (2100MHz),-91.9,-6.1,10.3,52.3,25.2,69.7
2026-01-14 09:00:00,KYIV-007-3,KYIV-007,Band 1 (2100MHz),-88.1,-12.0,16.7,32.0,9.7,56.0
2026-01-14 09:00:00,KYIV-008-1,KYIV-008,Band 3 (1800MHz),-86.8,-10.5,10.9,38.7,19.3,78.8
2026-01-14 09:00:00,KYIV-008-2,KYIV-008,Band 3 (1800MHz),-88.8,-15.6,10.4,52.0,28.6,79.9
2026-01-14 09:00:00,KYIV-008-3,KYIV-008,Band 3 (1800MHz),-85.3,-13.2,18.9,49.7,22.6,86.4
2026-01-14 09:00:00,KYIV-009-1,KYIV-009,Band 1 (2100MHz),-90.4,-9.1,18.4,47.1,16.6,90.1
2026-01-14 09:00:00,KYIV-009-2,KYIV-009,Band 1 (2100MHz),-80.5,-12.6,16.8,58.2,36.3,112.3
2026-01-14 09:00:00,KYIV-009-3,KYIV-009,Band 1 (2100MHz),-85.5,-11.5,14.8,52.5,47.7,90.5
2026-01-14 09:00:00,KYIV-010-1,KYIV-010,Band 3 (1800MHz),-86.3,-9.1,17.4,73.6,19.8,78.1
2026-01-14 09:00:00,KYIV-010-2,KYIV-010,Band 3 (1800MHz),-92.3,-11.2,3.2,66.5,43.1,27.5
2026-01-14 09:00:00,KYIV-010-3,KYIV-010,Band 3 (1800MHz),-81.9,-11.5,9.3,39.3,36.6,116.4
2026-01-14 09:00:00,KYIV-011-1,KYIV-011,Band 1 (2100MHz),-80.6,-12.0,10.8,47.9,41.0,87.3
2026-01-14 09:00:00,KYIV-011-2,KYIV-011,Band 1 (2100MHz),-83.9,-10.0,12.6,22.9,42.1,68.0
2026-01-14 09:00:00,KYIV-011-3,KYIV-011,Band 1 (2100MHz),-85.0,-8.5,14.6,33.7,17.4,110.3
2026-01-14 09:00:00,KYIV-012-1,KYIV-012,Band 3 (1800MHz),-90.2,-10.7,20.8,59.6,35.9,114.1
2026-01-14 09:00:00,KYIV-012-2,KYIV-012,Band 3 (1800MHz),-80.9,-10.5,17.6,45.4,22.6,67.6
2026-01-14 09:00:00,KYIV-012-3,KYIV-012,Band 3 (1800MHz),-92.0,-14.5,5.4,57.0,21.4,76.1
2026-01-14 09:00:00,KYIV-013-1,KYIV-013,Band 1 (2100MHz),-90.0,-9.6,13.8,35.4,45.6,83.6
2026-01-14 09:00:00,KYIV-013-2,KYIV-013,Band 1 (2100MHz),-95.6,-10.4,9.5,44.2,33.1,140.0
2026-01-14 09:00:00,KYIV-013-3,KYIV-013,Band 1 (2100MHz),-88.1,-11.4,11.0,34.9,42.4,121.4
2026-01-14 09:00:00,KYIV-014-1,KYIV-014,Band 3 (1800MHz),-81.9,-11.5,4.3,26.1,40.4,110.8
2026-01-14 09:00:00,KYIV-014-2,KYIV-014,Band 3 (1800MHz),-99.8,-12.1,11.5,66.3,28.2,101.3
2026-01-14 09:00:00,KYIV-014-3,KYIV-014,Band 3 (1800MHz),-81.3,-8.8,19.2,56.7,21.0,95.3
2026-01-14 09:00:00,KYIV-015-1,KYIV-015,Band 1 (2100MHz),-88.2,-7.8,16.3,56.9,32.6,88.0
2026-01-14 09:00:00,KYIV-015-2,KYIV-015,Band 1 (2100MHz),-86.2,-8.5,19.0,60.5,43.1,77.6
2026-01-14 09:00:00,KYIV-015-3,KYIV-015,Band 1 (2100MHz),-84.5,-8.5,21.0,55.8,25.6,104.1
2026-01-14 09:00:00,KYIV-016-1,KYIV-016,Band 3 (1800MHz),-85.3,-12.1,12.2,63.2,20.2,93.4
2026-01-14 09:00:00,KYIV-016-2,KYIV-016,Band 3 (1800MHz),-92.9,-9.4,15.0,50.9,26.3,98.5
2026-01-14 09:00:00,KYIV-016-3,KYIV-016,Band 3 (1800MHz),-89.2,-10.7,16.7,40.4,38.0,81.0
2026-01-14 10:00:00,KYIV-001-1,KYIV-001,Band 1 (2100MHz),-82.9,-8.6,9.5,17.4,6.4,16.4
2026-01-14 10:00:00,KYIV-001-2,KYIV-001,Band 1 (2100MHz),-90.6,-10.4,15.6,25.7,11.8,3.1
2026-01-14 10:00:00,KYIV-001-3,KYIV-001,Band 1 (2100MHz),-84.7,-10.0,8.5,1.2,0.0,23.9
2026-01-14 10:00:00,KYIV-002-1,KYIV-002,Band 3 (1800MHz),-99.7,-7.8,0.2,25.6,21.4,45.3
2026-01-14 10:00:00,KYIV-002-2,KYIV-002,Band 3 (1800MHz),-91.4,-11.5,-4.3,12.8,28.9,4.8
2026-01-14 10:00:00,KYIV-002-3,KYIV-002,Band 3 (1800MHz),-86.8,-7.2,13.2,28.0,17.2,73.6
2026-01-14 10:00:00,KYIV-003-1,KYIV-003,Band 1 (2100MHz),-86.3,-12.0,12.0,13.2,3.3,18.0
2026-01-14 10:00:00,KYIV-003-2,KYIV-003,Band 1 (2100MHz),-86.5,-6.6,9.7,10.2,0.0,0.0
2026-01-14 10:00:00,KYIV-003-3,KYIV-003,Band 1 (2100MHz),-87.5,-11.3,9.4,0.0,7.0,35.2
2026-01-14 10:00:00,KYIV-004-1,KYIV-004,Band 3 (1800MHz),-82.2,-5.2,10.9,18.8,0.3,0.0
2026-01-14 10:00:00,KYIV-004-2,KYIV-004,Band 3 (1800MHz),-84.7,-8.2,17.4,9.3,17.0,16.1
2026-01-14 10:00:00,KYIV-004-3,KYIV-004,Band 3 (1800MHz),-82.3,-8.3,3.6,14.7,33.0,23.7
2026-01-14 10:00:00,KYIV-005-1,KYIV-005,Band 1 (2100MHz),-88.2,-8.3,9.2,21.8,0.0,44.9
2026-01-14 10:00:00,KYIV-005-2,KYIV-005,Band 1 (2100MHz),-79.1,-4.2,14.6,0.0,14.8,36.7
2026-01-14 10:00:00,KYIV-005-3,KYIV-005,Band 1 (2100MHz),-101.3,-10.7,3.6,16.4,0.5,0.0
2026-01-14 10:00:00,KYIV-006-1,KYIV-006,Band 3 (1800MHz),-85.2,-7.0,5.0,6.6,19.6,14.9
2026-01-14 10:00:00,KYIV-006-2,KYIV-006,Band 3 (1800MHz),-91.6,-6.5,8.8,32.2,23.2,47.2
2026-01-14 10:00:00,KYIV-006-3,KYIV-006,Band 3 (1800MHz),-89.1,-6.7,13.9,42.9,1.5,41.6
2026-01-14 10:00:00,KYIV-007-1,KYIV-007,Band 1 (2100MHz),-84.1,-4.1,2.7,37.7,21.4,19.6
2026-01-14 10:00:00,KYIV-007-2,KYIV-007,Band 1 (2100MHz),-88.9,-9.1,13.1,19.4,2.6,26.7
2026-01-14 10:00:00,KYIV-007-3,KYIV-007,Band 1 (2100MHz),-91.3,-7.8,10.6,23.6,11.2,1.6
2026-01-14 10:00:00,KYIV-008-1,KYIV-008,Band 3 (1800MHz),-87.3,-7.3,7.8,9.0,1.3,77.4
2026-01-14 10:00:00,KYIV-008-2,KYIV-008,Band 3 (1800MHz),-81.9,-9.3,16.7,28.2,17.5,0.3
2026-01-14 10:00:00,KYIV-008-3,KYIV-008,Band 3 (1800MHz),-86.3,-11.1,22.4,0.0,18.9,15.7
2026-01-14 10:00:00,KYIV-009-1,KYIV-009,Band 1 (2100MHz),-87.7,-9.5,11.5,0.0,11.5,0.0
2026-01-14 10:00:00,KYIV-009-2,KYIV-009,Band 1 (2100MHz),-87.3,-10.2,-0.7,4.1,5.1,45.9
2026-01-14 10:00:00,KYIV-009-3,KYIV-009,Band 1 (2100MHz),-86.5,-11.5,21.6,8.0,0.0,5.4
2026-01-14 10:00:00,KYIV-010-1,KYIV-010,Band 3 (1800MHz),-88.3,-7.4,27.3,12.5,15.1,13.1
2026-01-14 10:00:00,KYIV-010-2,KYIV-010,Band 3 (1800MHz),-84.9,-9.7,15.0,30.2,1.3,33.2
2026-01-14 10:00:00,KYIV-010-3,KYIV-010,Band 3 (1800MHz),-88.9,-9.7,13.1,0.0,8.2,35.9
2026-01-14 10:00:00,KYIV-011-1,KYIV-011,Band 1 (2100MHz),-83.2,-8.2,10.1,15.9,9.3,20.1
2026-01-14 10:00:00,KYIV-011-2,KYIV-011,Band 1 (2100MHz),-86.6,-7.9,23.4,29.3,12.6,44.3
2026-01-14 10:00:00,KYIV-011-3,KYIV-011,Band 1 (2100MHz),-89.4,-7.9,13.2,1.2,0.0,38.4
2026-01-14 10:00:00,KYIV-012-1,KYIV-012,Band 3 (1800MHz),-87.5,-6.9,6.6,19.0,5.0,0.0
2026-01-14 10:00:00,KYIV-012-2,KYIV-012,Band 3 (1800MHz),-88.5,-9.4,5.6,27.8,0.0,19.0
2026-01-14 10:00:00,KYIV-012-3,KYIV-012,Band 3 (1800MHz),-86.6,-8.0,3.5,28.3,11.6,5.8
2026-01-14 10:00:00,KYIV-013-1,KYIV-013,Band 1 (2100MHz),-87.3,-7.7,20.0,20.1,18.5,21.3
2026-01-14 10:00:00,KYIV-013-2,KYIV-013,Band 1 (2100MHz),-81.7,-3.9,9.0,13.4,10.7,32.0
2026-01-14 10:00:00,KYIV-013-3,KYIV-013,Band 1 (2100MHz),-91.5,-6.1,10.2,19.7,16.5,14.3
2026-01-14 10:00:00,KYIV-014-1,KYIV-014,Band 3 (1800MHz),-85.7,-7.3,10.6,13.2,14.9,25.1
2026-01-14 10:00:00,KYIV-014-2,KYIV-014,Band 3 (1800MHz),-101.0,-11.8,-0.2,11.0,0.0,65.0
2026-01-14 10:00:00,KYIV-014-3,KYIV-014,Band 3 (1800MHz),-88.5,-8.4,15.9,6.0,21.5,27.8
2026-01-14 10:00:00,KYIV-015-1,KYIV-015,Band 1 (2100MHz),-79.6,-5.0,13.2,11.7,11.9,17.7
2026-01-14 10:00:00,KYIV-015-2,KYIV-015,Band 1 (2100MHz),-84.6,-7.7,19.4,23.1,0.0,41.2
2026-01-14 10:00:00,KYIV-015-3,KYIV-015,Band 1 (2100MHz),-84.0,-9.4,4.5,30.1,4.3,5.5
2026-01-14 10:00:00,KYIV-016-1,KYIV-016,Band 3 (1800MHz),-82.3,-9.2,11.0,52.0,9.2,0.0
2026-01-14 10:00:00,KYIV-016-2,KYIV-016,Band 3 (1800MHz),-90.6,-8.4,15.4,13.2,0.0,53.6
2026-01-14 10:00:00,KYIV-016-3,KYIV-016,Band 3 (1800MHz),-88.7,-5.8,17.1,4.3,10.6,36.1
2026-01-14 11:00:00,KYIV-001-1,KYIV-001,Band 1 (2100MHz),-79.9,-12.0,5.5,47.1,24.3,74.8
2026-01-14 11:00:00,KYIV-001-2,KYIV-001,Band 1 (2100MHz),-84.2,-5.9,4.3,72.4,14.4,112.6
2026-01-14 11:00:00,KYIV-001-3,KYIV-001,Band 1 (2100MHz),-87.9,-8.1,14.4,38.9,11.6,60.3
2026-01-14 11:00:00,KYIV-002-1,KYIV-002,Band 3 (1800MHz),-98.4,-14.6,1.9,56.5,36.4,42.6
2026-01-14 11:00:00,KYIV-002-2,KYIV-002,Band 3 (1800MHz),-101.4,-12.7,15.5,35.1,19.9,52.7
2026-01-14 11:00:00,KYIV-002-3,KYIV-002,Band 3 (1800MHz),-89.2,-8.1,15.0,21.6,15.6,82.4
2026-01-14 11:00:00,KYIV-003-1,KYIV-003,Band 1 (2100MHz),-85.1,-14.3,16.7,53.6,29.8,82.2
2026-01-14 11:00:00,KYIV-003-2,KYIV-003,Band 1 (2100MHz),-84.1,-11.6,14.5,49.0,26.8,88.7
2026-01-14 11:00:00,KYIV-003-3,KYIV-003,Band 1 (2100MHz),-89.5,-8.3,12.8,50.5,16.1,64.2
2026-01-14 11:00:00,KYIV-004-1,KYIV-004,Band 3 (1800MHz),-91.7,-10.4,8.8,36.1,24.0,74.1
2026-01-14 11:00:00,KYIV-004-2,KYIV-004,Band 3 (1800MHz),-83.2,-8.9,16.8,32.9,19.8,45.4
2026-01-14 11:00:00,KYIV-004-3,KYIV-004,Band 3 (1800MHz),-87.3,-13.1,6.2,28.9,39.9,48.7
2026-01-14 11:00:00,KYIV-005-1,KYIV-005,Band 1 (2100MHz),-93.7,-8.9,12.5,70.6,24.7,65.5
2026-01-14 11:00:00,KYIV-005-2,KYIV-005,Band 1 (2100MHz),-84.4,-9.5,15.2,69.2,26.6,90.9
2026-01-14 11:00:00,KYIV-005-3,KYIV-005,Band 1 (2100MHz),-101.2,-15.9,2.2,26.4,16.0,109.6
2026-01-14 11:00:00,KYIV-006-1,KYIV-006,Band 3 (1800MHz),-88.9,-12.1,26.4,35.4,35.8,37.6
2026-01-14 11:00:00,KYIV-006-2,KYIV-006,Band 3 (1800MHz),-89.4,-11.1,14.4,60.6,34.9,108.5
2026-01-14 11:00:00,KYIV-006-3,KYIV-006,Band 3 (1800MHz),-85.5,-10.5,15.8,54.3,27.0,97.0
2026-01-14 11:00:00,KYIV-007-1,KYIV-007,Band 1 (2100MHz),-88.9,-13.9,18.3,58.5,15.2,110.1
2026-01-14 11:00:00,KYIV-007-2,KYIV-007,Band 1 (2100MHz),-83.2,-13.1,7.8,34.2,32.8,60.1
2026-01-14 11:00:00,KYIV-007-3,KYIV-007,Band 1 (2100MHz),-89.7,-12.6,6.1,42.1,20.7,88.5
2026-01-14 11:00:00,KYIV-008-1,KYIV-008,Band 3 (1800MHz),-87.4,-9.4,19.8,43.3,33.3,99.5
2026-01-14 11:00:00,KYIV-008-2,KYIV-008,Band 3 (1800MHz),-88.8,-6.2,22.6,33.0,14.1,84.6
2026-01-14 11:00:00,KYIV-008-3,KYIV-008,Band 3 (1800MHz),-91.1,-11.2,9.5,44.7,26.8,36.4
2026-01-14 11:00:00,KYIV-009-1,KYIV-009,Band 1 (2100MHz),-87.9,-6.7,16.8,33.0,44.8,62.2
2026-01-14 11:00:00,KYIV-009-2,KYIV-009,Band 1 (2100MHz),-83.2,-10.6,18.3,48.9,22.5,102.8
2026-01-14 11:00:00,KYIV-009-3,KYIV-009,Band 1 (2100MHz),-88.2,-10.8,25.3,42.7,36.0,60.0
2026-01-14 11:00:00,KYIV-010-1,KYIV-010,Band 3 (1800MHz),-82.7,-12.1,22.3,36.6,20.3,54.4
2026-01-14 11:00:00,KYIV-010-2,KYIV-010,Band 3 (1800MHz),-83.1,-11.4,15.9,28.7,36.6,86.0
2026-01-14 11:00:00,KYIV-010-3,KYIV-010,Band 3 (1800MHz),-82.4,-10.0,6.9,47.8,18.7,47.3
2026-01-14 11:00:00,KYIV-011-1,KYIV-011,Band 1 (2100MHz),-87.8,-11.2,17.2,49.0,11.9,107.6
2026-01-14 11:00:00,KYIV-011-2,KYIV-011,Band 1 (2100MHz),-86.1,-10.5,4.5,63.4,26.1,50.3
2026-01-14 11:00:00,KYIV-011-3,KYIV-011,Band 1 (2100MHz),-92.4,-7.4,18.1,46.7,34.1,75.2
2026-01-14 11:00:00,KYIV-012-1,KYIV-012,Band 3 (1800MHz),-88.2,-12.1,1.7,41.4,27.7,90.7
2026-01-14 11:00:00,KYIV-012-2,KYIV-012,Band 3 (1800MHz),-92.0,-9.0,1.5,38.1,35.4,93.8
2026-01-14 11:00:00,KYIV-012-3,KYIV-012,Band 3 (1800MHz),-84.3,-7.8,-1.3,46.9,43.0,66.9
2026-01-14 11:00:00,KYIV-013-1,KYIV-013,Band 1 (2100MHz),-83.4,-10.2,19.3,73.8,25.6,67.6
2026-01-14 11:00:00,KYIV-013-2,KYIV-013,Band 1 (2100MHz),-83.1,-9.6,10.1,33.1,26.5,41.0
2026-01-14 11:00:00,KYIV-013-3,KYIV-013,Band 1 (2100MHz),-90.0,-9.8,10.9,53.4,13.5,76.9
2026-01-14 11:00:00,KYIV-014-1,KYIV-014,Band 3 (1800MHz),-89.5,-11.1,3.8,41.3,37.6,110.3
2026-01-14 11:00:00,KYIV-014-2,KYIV-014,Band 3 (1800MHz),-99.8,-14.9,4.7,41.4,19.0,52.9
2026-01-14 11:00:00,KYIV-014-3,KYIV-014,Band 3 (1800MHz),-84.9,-7.3,21.9,42.6,24.0,100.2
2026-01-14 11:00:00,KYIV-015-1,KYIV-015,Band 1 (2100MHz),-93.6,-13.1,6.0,49.9,30.4,76.3
2026-01-14 11:00:00,KYIV-015-2,KYIV-015,Band 1 (2100MHz),-88.7,-10.1,16.1,77.0,29.3,75.4
2026-01-14 11:00:00,KYIV-015-3,KYIV-015,Band 1 (2100MHz),-87.2,-9.2,7.1,52.3,16.3,83.6
2026-01-14 11:00:00,KYIV-016-1,KYIV-016,Band 3 (1800MHz),-90.3,-7.6,11.1,49.0,25.6,81.0
2026-01-14 11:00:00,KYIV-016-2,KYIV-016,Band 3 (1800MHz),-87.3,-9.9,15.8,66.2,25.5,93.7
2026-01-14 11:00:00,KYIV-016-3,KYIV-016,Band 3 (1800MHz),-86.5,-11.7,14.5,58.3,31.2,106.9
2026-01-14 12:00:00,KYIV-001-1,KYIV-001,Band 1 (2100MHz),-86.1,-11.5,10.3,35.9,27.0,62.9
2026-01-14 12:00:00,KYIV-001-2,KYIV-001,Band 1 (2100MHz),-90.4,-12.0,5.0,60.3,29.0,96.0
2026-01-14 12:00:00,KYIV-001-3,KYIV-001,Band 1 (2100MHz),-87.2,-10.0,10.8,26.8,36.0,69.1
2026-01-14 12:00:00,KYIV-002-1,KYIV-002,Band 3 (1800MHz),-93.4,-14.9,6.1,26.8,26.8,75.7
2026-01-14 12:00:00,KYIV-002-2,KYIV-002,Band 3 (1800MHz),-97.5,-11.8,10.5,58.3,31.4,88.9
2026-01-14 12:00:00,KYIV-002-3,KYIV-002,Band 3 (1800MHz),-87.9,-9.5,12.4,36.0,31.0,75.7
2026-01-14 12:00:00,KYIV-003-1,KYIV-003,Band 1 (2100MHz),-84.1,-9.3,16.8,50.2,41.5,62.2
2026-01-14 12:00:00,KYIV-003-2,KYIV-003,Band 1 (2100MHz),-82.6,-11.0,7.7,43.8,40.3,101.9
2026-01-14 12:00:00,KYIV-003-3,KYIV-003,Band 1 (2100MHz),-94.9,-13.3,14.7,45.9,28.8,93.0
2026-01-14 12:00:00,KYIV-004-1,KYIV-004,Band 3 (1800MHz),-88.4,-11.3,9.6,42.7,33.8,78.0
2026-01-14 12:00:00,KYIV-004-2,KYIV-004,Band 3 (1800MHz),-85.4,-8.8,12.2,33.8,26.8,73.3
2026-01-14 12:00:00,KYIV-004-3,KYIV-004,Band 3 (1800MHz),-79.3,-9.8,6.1,45.9,43.9,90.9
2026-01-14 12:00:00,KYIV-005-1,KYIV-005,Band 1 (2100MHz),-83.2,-11.2,11.8,48.5,19.2,64.5
2026-01-14 12:00:00,KYIV-005-2,KYIV-005,Band 1 (2100MHz),-77.1,-6.0,18.3,38.9,7.5,107.9
2026-01-14 12:00:00,KYIV-005-3,KYIV-005,Band 1 (2100MHz),-100.9,-12.9,13.3,48.6,38.4,99.9
2026-01-14 12:00:00,KYIV-006-1,KYIV-006,Band 3 (1800MHz),-83.7,-6.2,21.3,39.2,29.0,62.9
2026-01-14 12:00:00,KYIV-006-2,KYIV-006,Band 3 (1800MHz),-85.2,-8.1,20.0,57.5,16.8,64.8
2026-01-14 12:00:00,KYIV-006-3,KYIV-006,Band 3 (1800MHz),-85.4,-10.9,14.5,36.3,26.8,25.3
2026-01-14 12:00:00,KYIV-007-1,KYIV-007,Band 1 (2100MHz),-87.0,-13.0,9.2,49.1,26.8,75.8
2026-01-14 12:00:00,KYIV-007-2,KYIV-007,Band 1 (2100MHz),-91.0,-9.0,14.1,40.4,20.5,78.4
2026-01-14 12:00:00,KYIV-007-3,KYIV-007,Band 1 (2100MHz),-88.6,-6.6,18.0,41.2,33.0,37.0
2026-01-14 12:00:00,KYIV-008-1,KYIV-008,Band 3 (1800MHz),-83.2,-7.4,17.0,64.7,17.3,56.5
2026-01-14 12:00:00,KYIV-008-2,KYIV-008,Band 3 (1800MHz),-88.2,-9.4,19.7,40.7,32.8,78.1
2026-01-14 12:00:00,KYIV-008-3,KYIV-008,Band 3 (1800MHz),-81.7,-9.6,9.3,30.9,30.8,107.6
2026-01-14 12:00:00,KYIV-009-1,KYIV-009,Band 1 (2100MHz),-81.7,-13.4,20.5,40.2,20.4,70.9
2026-01-14 12:00:00,KYIV-009-2,KYIV-009,Band 1 (2100MHz),-88.7,-11.4,4.0,45.4,32.6,70.5
2026-01-14 12:00:00,KYIV-009-3,KYIV-009,Band 1 (2100MHz),-81.0,-11.8,12.7,21.6,32.3,50.9
2026-01-14 12:00:00,KYIV-010-1,KYIV-010,Band 3 (1800MHz),-82.1,-9.4,19.7,24.2,23.8,59.8
2026-01-14 12:00:00,KYIV-010-2,KYIV-010,Band 3 (1800MHz),-86.2,-10.1,10.6,39.3,19.5,83.8
2026-01-14 12:00:00,KYIV-010-3,KYIV-010,Band 3 (1800MHz),-77.2,-11.9,22.4,61.2,21.0,70.1
2026-01-14 12:00:00,KYIV-011-1,KYIV-011,Band 1 (2100MHz),-88.1,-9.9,18.0,67.6,27.4,71.7
2026-01-14 12:00:00,KYIV-011-2,KYIV-011,Band 1 (2100MHz),-97.9,-9.0,10.3,55.5,18.5,44.4
2026-01-14 12:00:00,KYIV-011-3,KYIV-011,Band 1 (2100MHz),-79.3,-11.8,20.5,58.8,20.9,84.5
2026-01-14 12:00:00,KYIV-012-1,KYIV-012,Band 3 (1800MHz),-83.2,-11.8,14.3,40.0,29.8,73.8
2026-01-14 12:00:00,KYIV-012-2,KYIV-012,Band 3 (1800MHz),-89.0,-10.8,25.4,43.5,41.4,122.5
2026-01-14 12:00:00,KYIV-012-3,KYIV-012,Band 3 (1800MHz),-92.2,-8.5,8.1,60.8,34.0,80.8
2026-01-14 12:00:00,KYIV-013-1,KYIV-013,Band 1 (2100MHz),-89.4,-13.7,13.5,63.5,35.4,75.2
2026-01-14 12:00:00,KYIV-013-2,KYIV-013,Band 1 (2100MHz),-86.1,-7.6,11.1,45.5,39.5,101.3
2026-01-14 12:00:00,KYIV-013-3,KYIV-013,Band 1 (2100MHz),-84.3,-9.3,17.9,59.7,23.3,89.5
2026-01-14 12:00:00,KYIV-014-1,KYIV-014,Band 3 (1800MHz),-79.2,-8.0,11.9,23.6,19.5,72.9
2026-01-14 12:00:00,KYIV-014-2,KYIV-014,Band 3 (1800MHz),-101.0,-13.3,-0.0,48.3,26.4,71.7
2026-01-14 12:00:00,KYIV-014-3,KYIV-014,Band 3 (1800MHz),-86.7,-6.7,9.8,42.5,29.0,72.1
2026-01-14 12:00:00,KYIV-015-1,KYIV-015,Band 1 (2100MHz),-87.1,-7.5,15.3,45.6,28.8,116.0
2026-01-14 12:00:00,KYIV-015-2,KYIV-015,Band 1 (2100MHz),-85.0,-10.2,10.5,32.1,21.4,23.6
2026-01-14 12:00:00,KYIV-015-3,KYIV-015,Band 1 (2100MHz),-84.3,-13.0,14.9,48.1,35.8,72.0
2026-01-14 12:00:00,KYIV-016-1,KYIV-016,Band 3 (1800MHz),-87.0,-11.0,13.6,36.0,20.3,93.2
2026-01-14 12:00:00,KYIV-016-2,KYIV-016,Band 3 (1800MHz),-84.5,-12.9,9.3,44.5,14.8,65.5
2026-01-14 12:00:00,KYIV-016-3,KYIV-016,Band 3 (1800MHz),-91.2,-11.3,9.6,56.3,30.1,76.5
2026-01-14 13:00:00,KYIV-001-1,KYIV-001,Band 1 (2100MHz),-89.4,-8.6,13.7,46.1,20.7,52.9
2026-01-14 13:00:00,KYIV-001-2,KYIV-001,Band 1 (2100MHz),-93.9,-9.0,10.5,56.4,36.5,78.2
2026-01-14 13:00:00,KYIV-001-3,KYIV-001,Band 1 (2100MHz),-86.6,-13.6,5.4,64.9,48.3,78.1
2026-01-14 13:00:00,KYIV-002-1,KYIV-002,Band 3 (1800MHz),-102.1,-14.6,10.5,55.9,41.2,77.8
2026-01-14 13:00:00,KYIV-002-2,KYIV-002,Band 3 (1800MHz),-99.3,-12.1,1.1,45.4,24.7,123.7
2026-01-14 13:00:00,KYIV-002-3,KYIV-002,Band 3 (1800MHz),-80.7,-11.9,9.6,50.3,20.8,82.3
2026-01-14 13:00:00,KYIV-003-1,KYIV-003,Band 1 (2100MHz),-95.3,-12.8,8.4,42.8,21.9,130.9
2026-01-14 13:00:00,KYIV-003-2,KYIV-003,Band 1 (2100MHz),-84.3,-9.0,11.6,44.1,8.9,96.1
2026-01-14 13:00:00,KYIV-003-3,KYIV-003,Band 1 (2100MHz),-99.3,-9.9,7.3,36.9,30.0,107.0
2026-01-14 13:00:00,KYIV-004-1,KYIV-004,Band 3 (1800MHz),-90.3,-8.9,17.1,34.8,32.0,110.2
2026-01-14 13:00:00,KYIV-004-2,KYIV-004,Band 3 (1800MHz),-96.7,-13.4,10.6,45.7,13.1,110.4
2026-01-14 13:00:00,KYIV-004-3,KYIV-004,Band 3 (1800MHz),-89.8,-10.4,10.1,74.0,19.1,53.2
2026-01-14 13:00:00,KYIV-005-1,KYIV-005,Band 1 (2100MHz),-89.1,-12.8,12.0,47.6,19.8,81.6
2026-01-14 13:00:00,KYIV-005-2,KYIV-005,Band 1 (2100MHz),-79.0,-12.5,8.7,42.6,37.6,27.2
2026-01-14 13:00:00,KYIV-005-3,KYIV-005,Band 1 (2100MHz),-96.9,-17.5,8.5,50.4,25.3,69.0
2026-01-14 13:00:00,KYIV-006-1,KYIV-006,Band 3 (1800MHz),-86.3,-7.7,16.2,28.9,17.6,100.5
2026-01-14 13:00:00,KYIV-006-2,KYIV-006,Band 3 (1800MHz),-89.8,-8.8,12.4,55.6,19.4,88.0
2026-01-14 13:00:00,KYIV-006-3,KYIV-006,Band 3 (1800MHz),-76.4,-11.3,12.0,50.9,33.3,62.5
2026-01-14 13:00:00,KYIV-007-1,KYIV-007,Band 1 (2100MHz),-84.3,-10.0,10.7,46.6,40.6,69.9
2026-01-14 13:00:00,KYIV-007-2,KYIV-007,Band 1 (2100MHz),-86.0,-8.3,6.5,65.5,25.9,81.0
2026-01-14 13:00:00,KYIV-007-3,KYIV-007,Band 1 (2100MHz),-89.2,-12.4,12.0,46.4,16.6,103.1
2026-01-14 13:00:00,KYIV-008-1,KYIV-008,Band 3 (1800MHz),-92.7,-11.8,12.2,49.0,39.8,112.5
2026-01-14 13:00:00,KYIV-008-2,KYIV-008,Band 3 (1800MHz),-86.2,-10.1,5.3,44.4,19.4,93.3
2026-01-14 13:00:00,KYIV-008-3,KYIV-008,Band 3 (1800MHz),-86.4,-11.6,26.8,58.7,48.9,92.9
2026-01-14 13:00:00,KYIV-009-1,KYIV-009,Band 1 (2100MHz),-92.0,-9.5,14.6,50.5,30.3,54.1
2026-01-14 13:00:00,KYIV-009-2,KYIV-009,Band 1 (2100MHz),-82.2,-10.0,18.9,41.4,21.9,78.4
2026-01-14 13:00:00,KYIV-009-3,KYIV-009,Band 1 (2100MHz),-87.8,-10.1,7.0,48.6,40.5,84.4
2026-01-14 13:00:00,KYIV-010-1,KYIV-010,Band 3 (1800MHz),-88.2,-11.2,10.9,36.6,9.3,111.6
2026-01-14 13:00:00,KYIV-010-2,KYIV-010,Band 3 (1800MHz),-87.8,-11.2,8.5,42.2,25.7,40.1
2026-01-14 13:00:00,KYIV-010-3,KYIV-010,Band 3 (1800MHz),-90.8,-8.6,14.2,38.7,23.5,111.9
2026-01-14 13:00:00,KYIV-011-1,KYIV-011,Band 1 (2100MHz),-94.6,-9.9,18.9,45.7,28.4,69.5
2026-01-14 13:00:00,KYIV-011-2,KYIV-011,Band 1 (2100MHz),-87.0,-11.9,8.9,52.7,32.8,102.1
2026-01-14 13:00:00,KYIV-011-3,KYIV-011,Band 1 (2100MHz),-84.4,-9.5,14.4,43.9,45.9,88.0
2026-01-14 13:00:00,KYIV-012-1,KYIV-012,Band 3 (1800MHz),-83.8,-10.7,14.6,78.7,47.9,70.0
2026-01-14 13:00:00,KYIV-012-2,KYIV-012,Band 3 (1800MHz),-87.2,-8.4,19.5,29.3,19.5,83.1
2026-01-14 13:00:00,KYIV-012-3,KYIV-012,Band 3 (1800MHz),-86.3,-8.7,22.5,36.4,22.8,26.2
2026-01-14 13:00:00,KYIV-013-1,KYIV-013,Band 1 (2100MHz),-86.6,-8.6,17.9,30.2,25.0,103.7
2026-01-14 13:00:00,KYIV-013-2,KYIV-013,Band 1 (2100MHz),-93.1,-11.9,13.9,51.6,27.6,102.6
2026-01-14 13:00:00,KYIV-013-3,KYIV-013,Band 1 (2100MHz),-82.8,-8.9,13.0,49.2,28.3,65.0
2026-01-14 13:00:00,KYIV-014-1,KYIV-014,Band 3 (1800MHz),-84.6,-9.6,10.0,49.7,34.2,111.4
2026-01-14 13:00:00,KYIV-014-2,KYIV-014,Band 3 (1800MHz),-102.8,-11.0,-2.6,61.4,38.6,67.9
2026-01-14 13:00:00,KYIV-014-3,KYIV-014,Band 3 (1800MHz),-84.6,-12.6,17.3,46.5,44.5,107.9
2026-01-14 13:00:00,KYIV-015-1,KYIV-015,Band 1 (2100MHz),-87.9,-11.0,11.3,37.0,26.3,108.3
2026-01-14 13:00:00,KYIV-015-2,KYIV-015,Band 1 (2100MHz),-86.4,-11.2,10.5,36.7,6.2,91.0
2026-01-14 13:00:00,KYIV-015-3,KYIV-015,Band 1 (2100MHz),-87.2,-5.8,11.0,31.2,28.9,88.7
2026-01-14 13:00:00,KYIV-016-1,KYIV-016,Band 3 (1800MHz),-90.1,-11.4,17.8,19.1,23.2,83.7
2026-01-14 13:00:00,KYIV-016-2,KYIV-016,Band 3 (1800MHz),-81.3,-10.2,19.9,52.2,26.7,82.5
2026-01-14 13:00:00,KYIV-016-3,KYIV-016,Band 3 (1800MHz),-86.3,-7.2,9.9,48.0,39.6,79.2
2026-01-14 14:00:00,KYIV-001-1,KYIV-001,Band 1 (2100MHz),-85.0,-11.5,17.2,40.2,34.9,49.7
2026-01-14 14:00:00,KYIV-001-2,KYIV-001,Band 1 (2100MHz),-92.6,-6.0,14.6,39.6,13.7,64.7
2026-01-14 14:00:00,KYIV-001-3,KYIV-001,Band 1 (2100MHz),-90.9,-9.9,17.0,38.0,25.2,91.4
2026-01-14 14:00:00,KYIV-002-1,KYIV-002,Band 3 (1800MHz),-98.9,-10.7,9.2,44.5,40.4,46.0
2026-01-14 14:00:00,KYIV-002-2,KYIV-002,Band 3 (1800MHz),-96.8,-14.3,7.5,49.8,18.0,72.7
2026-01-14 14:00:00,KYIV-002-3,KYIV-002,Band 3 (1800MHz),-83.4,-8.3,18.1,61.0,22.4,69.3
2026-01-14 14:00:00,KYIV-003-1,KYIV-003,Band 1 (2100MHz),-75.8,-8.6,6.4,23.7,23.9,42.6
2026-01-14 14:00:00,KYIV-003-2,KYIV-003,Band 1 (2100MHz),-82.8,-10.6,18.3,45.1,39.3,71.8
2026-01-14 14:00:00,KYIV-003-3,KYIV-003,Band 1 (2100MHz),-88.4,-12.0,10.7,54.5,23.9,91.5
2026-01-14 14:00:00,KYIV-004-1,KYIV-004,Band 3 (1800MHz),-84.7,-11.7,9.5,37.0,31.5,114.3
2026-01-14 14:00:00,KYIV-004-2,KYIV-004,Band 3 (1800MHz),-91.8,-11.9,11.4,59.7,20.7,97.9
2026-01-14 14:00:00,KYIV-004-3,KYIV-004,Band 3 (1800MHz),-91.4,-14.3,7.6,35.3,31.2,69.7
2026-01-14 14:00:00,KYIV-005-1,KYIV-005,Band 1 (2100MHz),-86.4,-9.5,11.5,49.2,22.9,66.2
2026-01-14 14:00:00,KYIV-005-2,KYIV-005,Band 1 (2100MHz),-84.2,-9.2,16.2,35.0,27.0,96.7
2026-01-14 14:00:00,KYIV-005-3,KYIV-005,Band 1 (2100MHz),-96.8,-13.4,8.6,43.6,18.8,81.3
2026-01-14 14:00:00,KYIV-006-1,KYIV-006,Band 3 (1800MHz),-77.7,-8.6,18.1,33.7,25.4,102.7
2026-01-14 14:00:00,KYIV-006-2,KYIV-006,Band 3 (1800MHz),-85.7,-12.0,18.8,44.7,35.4,87.9
2026-01-14 14:00:00,KYIV-006-3,KYIV-006,Band 3 (1800MHz),-86.8,-10.9,10.2,42.6,35.9,63.8
2026-01-14 14:00:00,KYIV-007-1,KYIV-007,Band 1 (2100MHz),-89.6,-9.4,8.3,34.8,36.9,55.1
2026-01-14 14:00:00,KYIV-007-2,KYIV-007,Band 1 (2100MHz),-93.0,-8.0,24.3,60.2,29.2,64.1
2026-01-14 14:00:00,KYIV-007-3,KYIV-007,Band 1 (2100MHz),-88.0,-11.2,18.7,41.2,29.0,57.8
2026-01-14 14:00:00,KYIV-008-1,KYIV-008,Band 3 (1800MHz),-88.2,-11.0,12.7,38.1,17.3,96.9
2026-01-14 14:00:00,KYIV-008-2,KYIV-008,Band 3 (1800MHz),-93.3,-8.5,7.9,34.9,47.8,102.6
2026-01-14 14:00:00,KYIV-008-3,KYIV-008,Band 3 (1800MHz),-87.8,-9.3,12.9,44.0,22.8,93.8
2026-01-14 14:00:00,KYIV-009-1,KYIV-009,Band 1 (2100MHz),-86.3,-7.1,12.3,45.3,34.8,69.0
2026-01-14 14:00:00,KYIV-009-2,KYIV-009,Band 1 (2100MHz),-87.4,-9.2,14.3,44.7,25.6,97.7
2026-01-14 14:00:00,KYIV-009-3,KYIV-009,Band 1 (2100MHz),-91.4,-10.3,11.0,52.3,20.1,94.1
2026-01-14 14:00:00,KYIV-010-1,KYIV-010,Band 3 (1800MHz),-84.6,-7.7,10.9,49.8,41.0,86.8
2026-01-14 14:00:00,KYIV-010-2,KYIV-010,Band 3 (1800MHz),-88.6,-7.6,22.1,56.3,18.3,79.5
2026-01-14 14:00:00,KYIV-010-3,KYIV-010,Band 3 (1800MHz),-86.7,-7.2,8.1,20.7,32.0,46.0
2026-01-14 14:00:00,KYIV-011-1,KYIV-011,Band 1 (2100MHz),-85.7,-11.3,20.8,58.1,18.5,93.3
2026-01-14 14:00:00,KYIV-011-2,KYIV-011,Band 1 (2100MHz),-88.8,-9.3,12.6,42.4,29.8,87.2
2026-01-14 14:00:00,KYIV-011-3,KYIV-011,Band 1 (2100MHz),-85.8,-8.1,13.2,42.1,15.4,78.4
2026-01-14 14:00:00,KYIV-012-1,KYIV-012,Band 3 (1800MHz),-82.3,-9.8,19.2,34.9,29.3,99.3
2026-01-14 14:00:00,KYIV-012-2,KYIV-012,Band 3 (1800MHz),-86.4,-10.1,7.4,66.1,24.2,59.9
2026-01-14 14:00:00,KYIV-012-3,KYIV-012,Band 3 (1800MHz),-90.0,-7.5,8.5,50.9,31.0,54.5
2026-01-14 14:00:00,KYIV-013-1,KYIV-013,Band 1 (2100MHz),-88.7,-8.3,7.2,22.7,23.8,105.9
2026-01-14 14:00:00,KYIV-013-2,KYIV-013,Band 1 (2100MHz),-93.0,-11.0,8.4,56.9,17.8,74.3
2026-01-14 14:00:00,KYIV-013-3,KYIV-013,Band 1 (2100MHz),-87.5,-13.4,11.3,47.4,22.5,54.8
2026-01-14 14:00:00,KYIV-014-1,KYIV-014,Band 3 (1800MHz),-90.6,-11.7,10.7,38.9,16.9,58.8
2026-01-14 14:00:00,KYIV-014-2,KYIV-014,Band 3 (1800MHz),-98.3,-11.8,8.1,33.3,11.9,75.7
2026-01-14 14:00:00,KYIV-014-3,KYIV-014,Band 3 (1800MHz),-90.9,-8.1,2.0,47.4,29.2,100.1
2026-01-14 14:00:00,KYIV-015-1,KYIV-015,Band 1 (2100MHz),-84.7,-12.8,16.0,54.5,18.1,116.3
2026-01-14 14:00:00,KYIV-015-2,KYIV-015,Band 1 (2100MHz),-82.5,-8.1,19.4,32.8,14.8,11.7
2026-01-14 14:00:00,KYIV-015-3,KYIV-015,Band 1 (2100MHz),-88.1,-5.3,14.7,36.1,33.2,55.3
2026-01-14 14:00:00,KYIV-016-1,KYIV-016,Band 3 (1800MHz),-87.1,-10.4,7.7,65.1,22.9,44.0
2026-01-14 14:00:00,KYIV-016-2,KYIV-016,Band 3 (1800MHz),-92.0,-11.2,11.6,39.8,27.2,140.4
2026-01-14 14:00:00,KYIV-016-3,KYIV-016,Band 3 (1800MHz),-89.1,-9.9,11.0,37.4,28.0,39.9
2026-01-14 15:00:00,KYIV-001-1,KYIV-001,Band 1 (2100MHz),-84.6,-10.9,9.7,16.8,0.0,37.9
2026-01-14 15:00:00,KYIV-001-2,KYIV-001,Band 1 (2100MHz),-93.4,-5.5,18.8,16.7,9.0,11.6
2026-01-14 15:00:00,KYIV-001-3,KYIV-001,Band 1 (2100MHz),-85.3,-10.9,15.0,9.2,5.2,0.0
2026-01-14 15:00:00,KYIV-002-1,KYIV-002,Band 3 (1800MHz),-105.7,-11.5,10.8,2.8,10.5,35.3
2026-01-14 15:00:00,KYIV-002-2,KYIV-002,Band 3 (1800MHz),-101.6,-9.3,3.2,5.2,7.4,14.3
2026-01-14 15:00:00,KYIV-002-3,KYIV-002,Band 3 (1800MHz),-87.0,-10.5,11.2,0.0,2.7,26.9
2026-01-14 15:00:00,KYIV-003-1,KYIV-003,Band 1 (2100MHz),-90.8,-9.8,7.8,36.6,13.0,34.9
2026-01-14 15:00:00,KYIV-003-2,KYIV-003,Band 1 (2100MHz),-84.1,-10.4,14.9,0.5,6.0,38.8
2026-01-14 15:00:00,KYIV-003-3,KYIV-003,Band 1 (2100MHz),-84.9,-9.3,15.1,0.0,20.2,90.2
2026-01-14 15:00:00,KYIV-004-1,KYIV-004,Band 3 (1800MHz),-85.6,-8.3,3.0,8.1,20.7,20.7
2026-01-14 15:00:00,KYIV-004-2,KYIV-004,Band 3 (1800MHz),-96.6,-9.0,12.4,12.1,19.0,17.2
2026-01-14 15:00:00,KYIV-004-3,KYIV-004,Band 3 (1800MHz),-85.2,-6.1,10.0,26.2,4.1,29.9
2026-01-14 15:00:00,KYIV-005-1,KYIV-005,Band 1 (2100MHz),-85.7,-8.8,0.3,10.3,12.8,29.1
2026-01-14 15:00:00,KYIV-005-2,KYIV-005,Band 1 (2100MHz),-85.0,-7.9,3.2,20.0,11.0,38.0
2026-01-14 15:00:00,KYIV-005-3,KYIV-005,Band 1 (2100MHz),-98.5,-14.3,-0.7,0.0,20.8,19.8
2026-01-14 15:00:00,KYIV-006-1,KYIV-006,Band 3 (1800MHz),-85.6,-6.7,6.9,0.0,8.3,35.8
2026-01-14 15:00:00,KYIV-006-2,KYIV-006,Band 3 (1800MHz),-87.5,-7.8,20.6,6.2,8.9,3.7
2026-01-14 15:00:00,KYIV-006-3,KYIV-006,Band 3 (1800MHz),-92.9,-7.4,9.0,23.7,22.1,18.4
2026-01-14 15:00:00,KYIV-007-1,KYIV-007,Band 1 (2100MHz),-92.4,-9.1,12.6,32.5,6.0,31.2
2026-01-14 15:00:00,KYIV-007-2,KYIV-007,Band 1 (2100MHz),-84.3,-10.7,9.6,28.3,19.5,17.2
2026-01-14 15:00:00,KYIV-007-3,KYIV-007,Band 1 (2100MHz),-82.3,-7.4,18.1,15.8,25.8,52.0
2026-01-14 15:00:00,KYIV-008-1,KYIV-008,Band 3 (1800MHz),-86.2,-8.0,7.9,9.0,8.8,8.0
2026-01-14 15:00:00,KYIV-008-2,KYIV-008,Band 3 (1800MHz),-89.0,-8.2,5.4,1.0,21.7,46.4
2026-01-14 15:00:00,KYIV-008-3,KYIV-008,Band 3 (1800MHz),-83.9,-7.0,18.7,22.0,18.2,42.3
2026-01-14 15:00:00,KYIV-009-1,KYIV-009,Band 1 (2100MHz),-90.9,-8.8,15.1,18.3,0.5,25.6
2026-01-14 15:00:00,KYIV-009-2,KYIV-009,Band 1 (2100MHz),-93.0,-10.9,17.8,8.2,0.0,52.4
2026-01-14 15:00:00,KYIV-009-3,KYIV-009,Band 1 (2100MHz),-86.3,-11.0,11.7,29.6,0.0,29.1
2026-01-14 15:00:00,KYIV-010-1,KYIV-010,Band 3 (1800MHz),-81.1,-6.1,20.9,10.2,3.7,16.5
2026-01-14 15:00:00,KYIV-010-2,KYIV-010,Band 3 (1800MHz),-79.7,-9.0,7.1,27.3,8.1,45.3
2026-01-14 15:00:00,KYIV-010-3,KYIV-010,Band 3 (1800MHz),-83.0,-12.2,16.2,16.5,6.4,11.0
2026-01-14 15:00:00,KYIV-011-1,KYIV-011,Band 1 (2100MHz),-81.5,-4.7,11.5,24.8,20.1,47.1
2026-01-14 15:00:00,KYIV-011-2,KYIV-011,Band 1 (2100MHz),-85.2,-10.9,14.4,23.5,18.5,5.8
2026-01-14 15:00:00,KYIV-011-3,KYIV-011,Band 1 (2100MHz),-83.8,-6.2,10.9,13.6,7.5,4.7
2026-01-14 15:00:00,KYIV-012-1,KYIV-012,Band 3 (1800MHz),-83.0,-8.2,12.4,19.7,6.2,31.7
2026-01-14 15:00:00,KYIV-012-2,KYIV-012,Band 3 (1800MHz),-85.5,-5.1,8.2,7.0,19.0,19.7
2026-01-14 15:00:00,KYIV-012-3,KYIV-012,Band 3 (1800MHz),-89.2,-9.9,10.6,0.0,10.9,18.0
2026-01-14 15:00:00,KYIV-013-1,KYIV-013,Band 1 (2100MHz),-88.2,-7.2,13.4,26.8,4.7,28.6
2026-01-14 15:00:00,KYIV-013-2,KYIV-013,Band 1 (2100MHz),-87.6,-8.9,15.3,24.6,2.8,23.0
2026-01-14 15:00:00,KYIV-013-3,KYIV-013,Band 1 (2100MHz),-88.8,-7.7,17.3,8.1,2.5,39.6
2026-01-14 15:00:00,KYIV-014-1,KYIV-014,Band 3 (1800MHz),-84.8,-9.4,6.9,0.8,4.4,49.0
2026-01-14 15:00:00,KYIV-014-2,KYIV-014,Band 3 (1800MHz),-94.6,-15.1,-2.3,0.0,10.8,25.0
2026-01-14 15:00:00,KYIV-014-3,KYIV-014,Band 3 (1800MHz),-78.7,-8.9,12.0,31.1,1.1,27.1
2026-01-14 15:00:00,KYIV-015-1,KYIV-015,Band 1 (2100MHz),-80.8,-7.7,12.8,2.5,1.2,19.1
2026-01-14 15:00:00,KYIV-015-2,KYIV-015,Band 1 (2100MHz),-88.9,-10.2,16.3,25.1,28.1,32.7
2026-01-14 15:00:00,KYIV-015-3,KYIV-015,Band 1 (2100MHz),-90.3,-8.4,20.3,16.9,1.5,0.0
2026-01-14 15:00:00,KYIV-016-1,KYIV-016,Band 3 (1800MHz),-81.6,-10.9,6.7,17.0,8.5,29.7
2026-01-14 15:00:00,KYIV-016-2,KYIV-016,Band 3 (1800MHz),-86.9,-10.2,19.3,15.3,18.9,49.0
2026-01-14 15:00:00,KYIV-016-3,KYIV-016,Band 3 (1800MHz),-92.9,-6.3,20.6,11.4,3.2,17.4
2026-01-14 16:00:00,KYIV-001-1,KYIV-001,Band 1 (2100MHz),-95.8,-12.2,12.2,56.4,38.4,83.2
2026-01-14 16:00:00,KYIV-001-2,KYIV-001,Band 1 (2100MHz),-86.4,-15.3,12.3,78.8,37.0,109.0
2026-01-14 16:00:00,KYIV-001-3,KYIV-001,Band 1 (2100MHz),-84.2,-12.6,14.1,63.6,35.7,108.2
2026-01-14 16:00:00,KYIV-002-1,KYIV-002,Band 3 (1800MHz),-97.7,-15.2,3.2,66.5,40.3,132.6
2026-01-14 16:00:00,KYIV-002-2,KYIV-002,Band 3 (1800MHz),-102.3,-10.3,-0.5,60.5,20.7,102.2
2026-01-14 16:00:00,KYIV-002-3,KYIV-002,Band 3 (1800MHz),-87.8,-13.1,7.1,59.3,47.7,109.8
2026-01-14 16:00:00,KYIV-003-1,KYIV-003,Band 1 (2100MHz),-83.3,-10.3,4.1,70.9,43.2,126.6
2026-01-14 16:00:00,KYIV-003-2,KYIV-003,Band 1 (2100MHz),-87.1,-11.4,11.7,57.1,45.4,96.4
2026-01-14 16:00:00,KYIV-003-3,KYIV-003,Band 1 (2100MHz),-89.1,-9.9,14.7,54.0,39.6,89.4
2026-01-14 16:00:00,KYIV-004-1,KYIV-004,Band 3 (1800MHz),-87.3,-15.0,4.8,41.5,17.4,112.7
2026-01-14 16:00:00,KYIV-004-2,KYIV-004,Band 3 (1800MHz),-90.5,-7.8,6.9,64.7,37.6,100.0
2026-01-14 16:00:00,KYIV-004-3,KYIV-004,Band 3 (1800MHz),-83.1,-10.7,10.1,69.8,44.6,122.7
2026-01-14 16:00:00,KYIV-005-1,KYIV-005,Band 1 (2100MHz),-86.4,-12.1,21.3,81.7,40.4,136.7
2026-01-14 16:00:00,KYIV-005-2,KYIV-005,Band 1 (2100MHz),-87.5,-11.0,16.3,74.9,34.6,176.7
2026-01-14 16:00:00,KYIV-005-3,KYIV-005,Band 1 (2100MHz),-96.1,-18.0,-1.3,56.2,47.1,142.5
2026-01-14 16:00:00,KYIV-006-1,KYIV-006,Band 3 (1800MHz),-93.5,-11.8,20.4,39.6,37.4,89.1
2026-01-14 16:00:00,KYIV-006-2,KYIV-006,Band 3 (1800MHz),-84.4,-11.3,17.1,86.0,42.9,122.5
2026-01-14 16:00:00,KYIV-006-3,KYIV-006,Band 3 (1800MHz),-87.4,-11.5,14.8,60.6,18.6,90.3
2026-01-14 16:00:00,KYIV-007-1,KYIV-007,Band 1 (2100MHz),-91.2,-12.9,3.6,49.3,41.0,90.4
2026-01-14 16:00:00,KYIV-007-2,KYIV-007,Band 1 (2100MHz),-87.9,-13.6,10.3,70.9,40.9,78.5
2026-01-14 16:00:00,KYIV-007-3,KYIV-007,Band 1 (2100MHz),-93.2,-11.4,8.4,60.1,39.8,151.5
2026-01-14 16:00:00,KYIV-008-1,KYIV-008,Band 3 (1800MHz),-91.9,-9.5,16.4,76.7,21.1,120.9
2026-01-14 16:00:00,KYIV-008-2,KYIV-008,Band 3 (1800MHz),-88.4,-12.3,4.6,69.4,31.0,101.5
2026-01-14 16:00:00,KYIV-008-3,KYIV-008,Band 3 (1800MHz),-82.6,-12.6,13.9,48.3,45.2,94.6
2026-01-14 16:00:00,KYIV-009-1,KYIV-009,Band 1 (2100MHz),-89.5,-11.0,11.2,51.3,43.2,112.5
2026-01-14 16:00:00,KYIV-009-2,KYIV-009,Band 1 (2100MHz),-92.6,-11.5,11.1,69.1,54.0,70.3
2026-01-14 16:00:00,KYIV-009-3,KYIV-009,Band 1 (2100MHz),-80.6,-9.4,10.6,56.1,46.0,102.9
2026-01-14 16:00:00,KYIV-010-1,KYIV-010,Band 3 (1800MHz),-89.6,-10.0,16.5,48.7,46.3,142.8
2026-01-14 16:00:00,KYIV-010-2,KYIV-010,Band 3 (1800MHz),-82.3,-10.3,15.3,87.7,35.1,98.7
2026-01-14 16:00:00,KYIV-010-3,KYIV-010,Band 3 (1800MHz),-87.5,-12.8,11.4,46.4,31.1,92.8
2026-01-14 16:00:00,KYIV-011-1,KYIV-011,Band 1 (2100MHz),-84.9,-11.6,13.7,84.2,44.5,123.7
2026-01-14 16:00:00,KYIV-011-2,KYIV-011,Band 1 (2100MHz),-82.6,-7.2,13.0,59.8,23.8,99.6
2026-01-14 16:00:00,KYIV-011-3,KYIV-011,Band 1 (2100MHz),-89.6,-13.9,0.3,51.1,15.7,79.6
2026-01-14 16:00:00,KYIV-012-1,KYIV-012,Band 3 (1800MHz),-85.9,-11.5,3.0,77.7,35.9,124.4
2026-01-14 16:00:00,KYIV-012-2,KYIV-012,Band 3 (1800MHz),-84.7,-7.1,5.3,64.9,1.8,125.9
2026-01-14 16:00:00,KYIV-012-3,KYIV-012,Band 3 (1800MHz),-87.5,-11.0,13.5,50.6,32.3,104.3
2026-01-14 16:00:00,KYIV-013-1,KYIV-013,Band 1 (2100MHz),-80.4,-10.7,11.6,44.8,37.4,95.9
2026-01-14 16:00:00,KYIV-013-2,KYIV-013,Band 1 (2100MHz),-88.9,-10.7,17.7,45.4,37.2,119.2
2026-01-14 16:00:00,KYIV-013-3,KYIV-013,Band 1 (2100MHz),-85.8,-11.1,15.4,58.3,34.4,103.1
2026-01-14 16:00:00,KYIV-014-1,KYIV-014,Band 3 (1800MHz),-87.0,-10.2,9.9,66.7,23.2,125.3
2026-01-14 16:00:00,KYIV-014-2,KYIV-014,Band 3 (1800MHz),-97.2,-12.4,5.2,69.8,29.6,83.0
2026-01-14 16:00:00,KYIV-014-3,KYIV-014,Band 3 (1800MHz),-87.3,-7.7,18.5,59.9,32.1,110.7
2026-01-14 16:00:00,KYIV-015-1,KYIV-015,Band 1 (2100MHz),-85.7,-8.9,23.5,73.8,45.1,120.4
2026-01-14 16:00:00,KYIV-015-2,KYIV-015,Band 1 (2100MHz),-82.8,-7.0,16.9,65.3,20.6,117.2
2026-01-14 16:00:00,KYIV-015-3,KYIV-015,Band 1 (2100MHz),-94.0,-8.4,10.7,57.0,37.9,124.2
2026-01-14 16:00:00,KYIV-016-1,KYIV-016,Band 3 (1800MHz),-90.4,-11.2,9.2,55.7,39.0,84.1
2026-01-14 16:00:00,KYIV-016-2,KYIV-016,Band 3 (1800MHz),-89.8,-11.9,3.8,73.2,34.9,88.6
2026-01-14 16:00:00,KYIV-016-3,KYIV-016,Band 3 (1800MHz),-84.8,-9.3,13.6,39.8,45.0,135.9
2026-01-14 17:00:00,KYIV-001-1,KYIV-001,Band 1 (2100MHz),-89.9,-14.5,10.8,66.4,48.1,84.4
2026-01-14 17:00:00,KYIV-001-2,KYIV-001,Band 1 (2100MHz),-82.4,-11.6,13.1,70.9,39.6,153.4
2026-01-14 17:00:00,KYIV-001-3,KYIV-001,Band 1 (2100MHz),-85.9,-12.0,9.1,88.3,60.2,121.5
2026-01-14 17:00:00,KYIV-002-1,KYIV-002,Band 3 (1800MHz),-101.3,-18.2,10.2,75.9,51.8,128.1
2026-01-14 17:00:00,KYIV-002-2,KYIV-002,Band 3 (1800MHz),-107.4,-15.3,4.7,78.4,41.6,108.2
2026-01-14 17:00:00,KYIV-002-3,KYIV-002,Band 3 (1800MHz),-90.5,-9.9,18.1,56.8,32.1,123.9
2026-01-14 17:00:00,KYIV-003-1,KYIV-003,Band 1 (2100MHz),-89.4,-8.0,22.7,87.3,25.3,102.5
2026-01-14 17:00:00,KYIV-003-2,KYIV-003,Band 1 (2100MHz),-83.9,-9.6,16.4,82.6,36.6,79.4
2026-01-14 17:00:00,KYIV-003-3,KYIV-003,Band 1 (2100MHz),-92.0,-10.6,16.4,61.6,50.7,75.7
2026-01-14 17:00:00,KYIV-004-1,KYIV-004,Band 3 (1800MHz),-82.6,-12.5,7.8,100.0,22.8,154.6
2026-01-14 17:00:00,KYIV-004-2,KYIV-004,Band 3 (1800MHz),-86.2,-13.6,3.0,68.6,42.8,81.8
2026-01-14 17:00:00,KYIV-004-3,KYIV-004,Band 3 (1800MHz),-89.9,-7.8,3.3,63.0,61.2,95.6
2026-01-14 17:00:00,KYIV-005-1,KYIV-005,Band 1 (2100MHz),-86.2,-8.3,15.3,52.1,22.7,104.1
2026-01-14 17:00:00,KYIV-005-2,KYIV-005,Band 1 (2100MHz),-91.2,-15.3,7.7,75.6,52.9,101.8
2026-01-14 17:00:00,KYIV-005-3,KYIV-005,Band 1 (2100MHz),-103.3,-14.5,2.2,58.0,37.5,171.0
2026-01-14 17:00:00,KYIV-006-1,KYIV-006,Band 3 (1800MHz),-81.3,-10.4,18.1,74.4,42.6,126.5
2026-01-14 17:00:00,KYIV-006-2,KYIV-006,Band 3 (1800MHz),-81.6,-9.4,10.5,64.2,50.0,112.8
2026-01-14 17:00:00,KYIV-006-3,KYIV-006,Band 3 (1800MHz),-84.6,-10.8,17.6,59.9,41.5,75.0
2026-01-14 17:00:00,KYIV-007-1,KYIV-007,Band 1 (2100MHz),-83.5,-11.6,18.3,83.4,33.0,116.3
2026-01-14 17:00:00,KYIV-007-2,KYIV-007,Band 1 (2100MHz),-90.7,-8.5,19.1,65.1,57.6,141.5
2026-01-14 17:00:00,KYIV-007-3,KYIV-007,Band 1 (2100MHz),-85.9,-11.4,8.6,62.4,32.6,85.9
2026-01-14 17:00:00,KYIV-008-1,KYIV-008,Band 3 (1800MHz),-91.1,-10.0,18.9,45.7,27.5,149.4
2026-01-14 17:00:00,KYIV-008-2,KYIV-008,Band 3 (1800MHz),-88.6,-11.9,12.4,66.1,45.2,103.6
2026-01-14 17:00:00,KYIV-008-3,KYIV-008,Band 3 (1800MHz),-80.4,-11.7,9.1,74.1,44.4,122.0
2026-01-14 17:00:00,KYIV-009-1,KYIV-009,Band 1 (2100MHz),-85.9,-9.3,10.3,70.9,41.3,155.3
2026-01-14 17:00:00,KYIV-009-2,KYIV-009,Band 1 (2100MHz),-88.4,-9.3,19.6,52.7,39.0,80.5
2026-01-14 17:00:00,KYIV-009-3,KYIV-009,Band 1 (2100MHz),-84.1,-8.3,19.1,40.9,50.8,125.0
2026-01-14 17:00:00,KYIV-010-1,KYIV-010,Band 3 (1800MHz),-86.5,-11.2,5.5,53.8,36.7,93.6
2026-01-14 17:00:00,KYIV-010-2,KYIV-010,Band 3 (1800MHz),-92.2,-12.5,23.4,73.4,47.2,116.3
2026-01-14 17:00:00,KYIV-010-3,KYIV-010,Band 3 (1800MHz),-89.2,-8.7,15.8,46.0,40.9,133.7
2026-01-14 17:00:00,KYIV-011-1,KYIV-011,Band 1 (2100MHz),-88.0,-14.2,17.7,65.8,44.7,131.2
2026-01-14 17:00:00,KYIV-011-2,KYIV-011,Band 1 (2100MHz),-82.2,-14.1,11.2,72.3,38.5,96.5
2026-01-14 17:00:00,KYIV-011-3,KYIV-011,Band 1 (2100MHz),-84.0,-12.3,9.8,66.5,35.2,111.4
2026-01-14 17:00:00,KYIV-012-1,KYIV-012,Band 3 (1800MHz),-90.8,-8.5,13.9,69.4,37.7,141.9
2026-01-14 17:00:00,KYIV-012-2,KYIV-012,Band 3 (1800MHz),-89.9,-13.9,14.5,78.9,51.6,133.7
2026-01-14 17:00:00,KYIV-012-3,KYIV-012,Band 3 (1800MHz),-97.4,-12.5,10.6,63.2,50.2,79.7
2026-01-14 17:00:00,KYIV-013-1,KYIV-013,Band 1 (2100MHz),-93.1,-13.1,8.2,73.8,45.3,120.3
2026-01-14 17:00:00,KYIV-013-2,KYIV-013,Band 1 (2100MHz),-96.1,-11.4,20.0,53.3,29.6,120.6
2026-01-14 17:00:00,KYIV-013-3,KYIV-013,Band 1 (2100MHz),-91.2,-11.4,9.9,58.3,52.9,107.6
2026-01-14 17:00:00,KYIV-014-1,KYIV-014,Band 3 (1800MHz),-93.5,-13.2,23.6,59.3,21.8,71.7
2026-01-14 17:00:00,KYIV-014-2,KYIV-014,Band 3 (1800MHz),-101.5,-15.7,2.8,70.3,52.5,108.9
2026-01-14 17:00:00,KYIV-014-3,KYIV-014,Band 3 (1800MHz),-89.1,-16.3,10.0,62.1,28.2,93.6
2026-01-14 17:00:00,KYIV-015-1,KYIV-015,Band 1 (2100MHz),-85.1,-9.3,17.4,55.5,34.6,94.6
2026-01-14 17:00:00,KYIV-015-2,KYIV-015,Band 1 (2100MHz),-86.5,-14.2,5.5,81.8,18.5,120.3
2026-01-14 17:00:00,KYIV-015-3,KYIV-015,Band 1 (2100MHz),-85.1,-11.7,13.7,60.5,33.7,123.3
2026-01-14 17:00:00,KYIV-016-1,KYIV-016,Band 3 (1800MHz),-86.6,-11.0,7.1,86.6,55.6,143.5
2026-01-14 17:00:00,KYIV-016-2,KYIV-016,Band 3 (1800MHz),-81.4,-13.5,15.4,67.5,50.4,122.4
2026-01-14 17:00:00,KYIV-016-3,KYIV-016,Band 3 (1800MHz),-80.7,-12.4,8.2,82.7,32.7,105.4
2026-01-14 18:00:00,KYIV-001-1,KYIV-001,Band 1 (2100MHz),-87.8,-9.6,11.1,72.1,29.7,108.0
2026-01-14 18:00:00,KYIV-001-2,KYIV-001,Band 1 (2100MHz),-94.6,-10.6,10.4,75.0,50.0,121.0
2026-01-14 18:00:00,KYIV-001-3,KYIV-001,Band 1 (2100MHz),-84.3,-15.8,14.6,88.0,42.7,126.2
2026-01-14 18:00:00,KYIV-002-1,KYIV-002,Band 3 (1800MHz),-96.3,-16.6,5.6,85.8,41.7,148.8
2026-01-14 18:00:00,KYIV-002-2,KYIV-002,Band 3 (1800MHz),-108.2,-16.8,7.5,94.5,38.9,89.0
2026-01-14 18:00:00,KYIV-002-3,KYIV-002,Band 3 (1800MHz),-89.5,-15.3,16.6,71.5,50.9,90.8
2026-01-14 18:00:00,KYIV-003-1,KYIV-003,Band 1 (2100MHz),-81.5,-9.8,12.4,71.7,30.0,104.4
2026-01-14 18:00:00,KYIV-003-2,KYIV-003,Band 1 (2100MHz),-90.0,-7.8,22.8,71.3,43.0,138.3
2026-01-14 18:00:00,KYIV-003-3,KYIV-003,Band 1 (2100MHz),-94.4,-8.9,10.8,87.1,51.0,128.2
2026-01-14 18:00:00,KYIV-004-1,KYIV-004,Band 3 (1800MHz),-91.4,-8.6,23.7,62.8,49.1,118.7
2026-01-14 18:00:00,KYIV-004-2,KYIV-004,Band 3 (1800MHz),-92.0,-11.7,20.6,77.6,36.8,115.7
2026-01-14 18:00:00,KYIV-004-3,KYIV-004,Band 3 (1800MHz),-84.9,-7.4,10.9,74.2,34.3,115.8
2026-01-14 18:00:00,KYIV-005-1,KYIV-005,Band 1 (2100MHz),-87.5,-9.7,18.7,79.4,47.8,89.4
2026-01-14 18:00:00,KYIV-005-2,KYIV-005,Band 1 (2100MHz),-89.1,-13.0,9.7,74.7,52.1,130.3
2026-01-14 18:00:00,KYIV-005-3,KYIV-005,Band 1 (2100MHz),-101.2,-17.5,1.9,62.3,41.1,128.4
2026-01-14 18:00:00,KYIV-006-1,KYIV-006,Band 3 (1800MHz),-87.4,-11.2,18.2,82.5,67.0,143.9
2026-01-14 18:00:00,KYIV-006-2,KYIV-006,Band 3 (1800MHz),-83.1,-13.6,6.4,84.7,45.5,94.4
2026-01-14 18:00:00,KYIV-006-3,KYIV-006,Band 3 (1800MHz),-91.6,-14.5,10.5,70.5,24.5,98.1
2026-01-14 18:00:00,KYIV-007-1,KYIV-007,Band 1 (2100MHz),-88.3,-10.7,13.8,60.4,28.4,135.5
2026-01-14 18:00:00,KYIV-007-2,KYIV-007,Band 1 (2100MHz),-84.7,-11.5,9.8,76.7,46.6,145.5
2026-01-14 18:00:00,KYIV-007-3,KYIV-007,Band 1 (2100MHz),-85.0,-12.8,6.8,60.1,37.3,143.7
2026-01-14 18:00:00,KYIV-008-1,KYIV-008,Band 3 (1800MHz),-87.4,-10.7,18.2,78.3,47.9,121.8
2026-01-14 18:00:00,KYIV-008-2,KYIV-008,Band 3 (1800MHz),-91.7,-11.3,12.3,83.3,45.5,185.1
2026-01-14 18:00:00,KYIV-008-3,KYIV-008,Band 3 (1800MHz),-82.3,-12.9,8.5,60.8,53.2,127.0
2026-01-14 18:00:00,KYIV-009-1,KYIV-009,Band 1 (2100MHz),-93.2,-12.2,9.4,71.6,57.2,145.9
2026-01-14 18:00:00,KYIV-009-2,KYIV-009,Band 1 (2100MHz),-77.7,-12.5,4.7,56.5,42.1,117.1
2026-01-14 18:00:00,KYIV-009-3,KYIV-009,Band 1 (2100MHz),-90.0,-11.8,19.2,67.8,39.7,108.7
2026-01-14 18:00:00,KYIV-010-1,KYIV-010,Band 3 (1800MHz),-85.2,-9.9,16.1,62.7,36.5,125.4
2026-01-14 18:00:00,KYIV-010-2,KYIV-010,Band 3 (1800MHz),-88.9,-11.5,12.6,95.6,33.5,120.0
2026-01-14 18:00:00,KYIV-010-3,KYIV-010,Band 3 (1800MHz),-90.6,-13.7,10.4,71.8,22.3,135.5
2026-01-14 18:00:00,KYIV-011-1,KYIV-011,Band 1 (2100MHz),-84.8,-13.2,10.9,100.0,45.2,148.1
2026-01-14 18:00:00,KYIV-011-2,KYIV-011,Band 1 (2100MHz),-83.9,-9.6,12.1,73.6,43.2,94.1
2026-01-14 18:00:00,KYIV-011-3,KYIV-011,Band 1 (2100MHz),-86.9,-12.1,17.2,82.7,46.6,141.0
2026-01-14 18:00:00,KYIV-012-1,KYIV-012,Band 3 (1800MHz),-89.7,-11.9,14.8,71.5,47.4,86.1
2026-01-14 18:00:00,KYIV-012-2,KYIV-012,Band 3 (1800MHz),-87.6,-12.5,10.0,63.2,44.3,98.3
2026-01-14 18:00:00,KYIV-012-3,KYIV-012,Band 3 (1800MHz),-83.3,-10.2,10.3,77.9,30.9,144.2
2026-01-14 18:00:00,KYIV-013-1,KYIV-013,Band 1 (2100MHz),-80.4,-7.5,7.4,70.6,40.3,84.1
2026-01-14 18:00:00,KYIV-013-2,KYIV-013,Band 1 (2100MHz),-89.7,-10.0,12.8,73.3,47.2,115.5
2026-01-14 18:00:00,KYIV-013-3,KYIV-013,Band 1 (2100MHz),-81.2,-11.6,7.3,70.5,51.5,67.1
2026-01-14 18:00:00,KYIV-014-1,KYIV-014,Band 3 (1800MHz),-83.8,-10.3,8.4,75.1,24.9,128.6
2026-01-14 18:00:00,KYIV-014-2,KYIV-014,Band 3 (1800MHz),-100.2,-18.1,12.7,74.6,31.9,110.9
2026-01-14 18:00:00,KYIV-014-3,KYIV-014,Band 3 (1800MHz),-85.5,-11.4,12.8,71.0,31.2,127.8
2026-01-14 18:00:00,KYIV-015-1,KYIV-015,Band 1 (2100MHz),-92.2,-12.1,11.8,65.7,47.0,105.3
2026-01-14 18:00:00,KYIV-015-2,KYIV-015,Band 1 (2100MHz),-86.6,-13.4,11.7,67.4,27.9,135.5
2026-01-14 18:00:00,KYIV-015-3,KYIV-015,Band 1 (2100MHz),-81.9,-15.9,4.9,55.8,27.4,107.3
2026-01-14 18:00:00,KYIV-016-1,KYIV-016,Band 3 (1800MHz),-88.7,-9.9,22.5,66.0,33.0,147.6
2026-01-14 18:00:00,KYIV-016-2,KYIV-016,Band 3 (1800MHz),-89.9,-14.5,10.0,84.5,45.8,131.6
2026-01-14 18:00:00,KYIV-016-3,KYIV-016,Band 3 (1800MHz),-86.5,-9.6,13.9,62.2,53.3,117.8
2026-01-14 19:00:00,KYIV-001-1,KYIV-001,Band 1 (2100MHz),-91.3,-9.1,10.1,67.4,29.1,123.1
2026-01-14 19:00:00,KYIV-001-2,KYIV-001,Band 1 (2100MHz),-90.3,-11.0,4.7,56.6,37.2,131.1
2026-01-14 19:00:00,KYIV-001-3,KYIV-001,Band 1 (2100MHz),-87.1,-8.4,9.2,73.6,46.4,110.2
2026-01-14 19:00:00,KYIV-002-1,KYIV-002,Band 3 (1800MHz),-105.0,-17.0,10.1,65.1,49.6,120.3
2026-01-14 19:00:00,KYIV-002-2,KYIV-002,Band 3 (1800MHz),-94.1,-13.7,9.1,79.1,35.0,118.8
2026-01-14 19:00:00,KYIV-002-3,KYIV-002,Band 3 (1800MHz),-88.5,-12.3,16.8,69.0,43.1,95.9
2026-01-14 19:00:00,KYIV-003-1,KYIV-003,Band 1 (2100MHz),-89.8,-9.7,12.0,61.5,38.7,88.9
2026-01-14 19:00:00,KYIV-003-2,KYIV-003,Band 1 (2100MHz),-82.9,-12.7,20.6,73.9,35.9,133.5
2026-01-14 19:00:00,KYIV-003-3,KYIV-003,Band 1 (2100MHz),-89.9,-13.5,2.6,69.2,51.8,96.4
2026-01-14 19:00:00,KYIV-004-1,KYIV-004,Band 3 (1800MHz),-86.2,-10.7,13.2,64.9,39.3,88.2
2026-01-14 19:00:00,KYIV-004-2,KYIV-004,Band 3 (1800MHz),-94.4,-9.2,15.7,63.0,37.7,95.5
2026-01-14 19:00:00,KYIV-004-3,KYIV-004,Band 3 (1800MHz),-85.5,-15.4,12.9,84.6,47.0,129.1
2026-01-14 19:00:00,KYIV-005-1,KYIV-005,Band 1 (2100MHz),-91.2,-14.2,13.9,48.4,49.2,109.8
2026-01-14 19:00:00,KYIV-005-2,KYIV-005,Band 1 (2100MHz),-86.6,-12.7,15.7,91.9,36.7,121.4
2026-01-14 19:00:00,KYIV-005-3,KYIV-005,Band 1 (2100MHz),-101.8,-11.1,1.7,79.1,42.6,159.3
2026-01-14 19:00:00,KYIV-006-1,KYIV-006,Band 3 (1800MHz),-89.9,-11.9,12.4,73.6,36.8,123.6
2026-01-14 19:00:00,KYIV-006-2,KYIV-006,Band 3 (1800MHz),-87.4,-10.8,10.3,49.8,42.8,128.4
2026-01-14 19:00:00,KYIV-006-3,KYIV-006,Band 3 (1800MHz),-91.5,-9.7,7.7,85.8,50.4,107.6
2026-01-14 19:00:00,KYIV-007-1,KYIV-007,Band 1 (2100MHz),-92.8,-11.2,15.1,65.5,37.4,89.7
2026-01-14 19:00:00,KYIV-007-2,KYIV-007,Band 1 (2100MHz),-92.9,-13.7,18.1,79.8,31.9,130.1
2026-01-14 19:00:00,KYIV-007-3,KYIV-007,Band 1 (2100MHz),-95.5,-11.3,19.1,57.7,38.0,87.3
2026-01-14 19:00:00,KYIV-008-1,KYIV-008,Band 3 (1800MHz),-94.0,-10.3,15.7,41.9,53.0,134.3
2026-01-14 19:00:00,KYIV-008-2,KYIV-008,Band 3 (1800MHz),-84.7,-15.1,14.0,69.5,52.7,93.8
2026-01-14 19:00:00,KYIV-008-3,KYIV-008,Band 3 (1800MHz),-85.3,-11.8,9.6,71.1,48.8,100.6
2026-01-14 19:00:00,KYIV-009-1,KYIV-009,Band 1 (2100MHz),-84.0,-11.6,18.2,75.7,44.3,96.2
2026-01-14 19:00:00,KYIV-009-2,KYIV-009,Band 1 (2100MHz),-93.0,-11.2,6.3,87.0,44.9,114.0
2026-01-14 19:00:00,KYIV-009-3,KYIV-009,Band 1 (2100MHz),-92.5,-11.1,14.0,62.9,48.7,114.7
2026-01-14 19:00:00,KYIV-010-1,KYIV-010,Band 3 (1800MHz),-83.4,-12.0,8.3,100.0,32.7,93.1
2026-01-14 19:00:00,KYIV-010-2,KYIV-010,Band 3 (1800MHz),-84.1,-12.9,19.5,61.6,38.1,126.5
2026-01-14 19:00:00,KYIV-010-3,KYIV-010,Band 3 (1800MHz),-90.5,-10.7,15.5,78.5,49.4,80.7
2026-01-14 19:00:00,KYIV-011-1,KYIV-011,Band 1 (2100MHz),-86.2,-10.4,-3.0,76.3,40.2,109.6
2026-01-14 19:00:00,KYIV-011-2,KYIV-011,Band 1 (2100MHz),-85.6,-8.6,20.2,50.6,41.8,88.2
2026-01-14 19:00:00,KYIV-011-3,KYIV-011,Band 1 (2100MHz),-84.8,-6.1,14.3,48.8,50.6,107.4
2026-01-14 19:00:00,KYIV-012-1,KYIV-012,Band 3 (1800MHz),-86.1,-12.3,9.3,80.8,33.0,102.8
2026-01-14 19:00:00,KYIV-012-2,KYIV-012,Band 3 (1800MHz),-83.8,-13.8,24.1,84.9,30.7,106.6
2026-01-14 19:00:00,KYIV-012-3,KYIV-012,Band 3 (1800MHz),-85.7,-12.6,12.1,52.3,26.0,149.4
2026-01-14 19:00:00,KYIV-013-1,KYIV-013,Band 1 (2100MHz),-86.6,-12.2,11.7,74.4,60.3,98.5
2026-01-14 19:00:00,KYIV-013-2,KYIV-013,Band 1 (2100MHz),-83.0,-11.8,4.9,76.1,46.5,124.0
2026-01-14 19:00:00,KYIV-013-3,KYIV-013,Band 1 (2100MHz),-94.6,-9.9,18.7,73.0,49.5,87.3
2026-01-14 19:00:00,KYIV-014-1,KYIV-014,Band 3 (1800MHz),-92.8,-7.4,20.5,68.7,37.4,119.1
2026-01-14 19:00:00,KYIV-014-2,KYIV-014,Band 3 (1800MHz),-91.6,-13.9,7.2,68.7,43.8,127.0
2026-01-14 19:00:00,KYIV-014-3,KYIV-014,Band 3 (1800MHz),-87.4,-13.2,12.3,81.8,38.0,76.1
2026-01-14 19:00:00,KYIV-015-1,KYIV-015,Band 1 (2100MHz),-94.8,-10.7,17.8,75.1,48.3,104.8
2026-01-14 19:00:00,KYIV-015-2,KYIV-015,Band 1 (2100MHz),-89.9,-10.7,19.7,87.3,47.4,114.0
2026-01-14 19:00:00,KYIV-015-3,KYIV-015,Band 1 (2100MHz),-81.1,-13.3,13.4,83.0,53.8,113.8
2026-01-14 19:00:00,KYIV-016-1,KYIV-016,Band 3 (1800MHz),-91.8,-11.9,8.7,50.8,48.5,96.2
2026-01-14 19:00:00,KYIV-016-2,KYIV-016,Band 3 (1800MHz),-89.4,-8.7,16.8,48.1,30.7,133.3
2026-01-14 19:00:00,KYIV-016-3,KYIV-016,Band 3 (1800MHz),-88.7,-12.7,18.9,83.7,44.5,134.1
2026-01-14 20:00:00,KYIV-001-1,KYIV-001,Band 1 (2100MHz),-85.1,-12.5,12.7,37.9,36.1,74.5
2026-01-14 20:00:00,KYIV-001-2,KYIV-001,Band 1 (2100MHz),-85.0,-5.4,8.8,51.4,42.7,97.1
2026-01-14 20:00:00,KYIV-001-3,KYIV-001,Band 1 (2100MHz),-85.8,-7.6,20.6,48.5,23.2,154.1
2026-01-14 20:00:00,KYIV-002-1,KYIV-002,Band 3 (1800MHz),-105.2,-13.4,1.6,52.9,64.4,97.0
2026-01-14 20:00:00,KYIV-002-2,KYIV-002,Band 3 (1800MHz),-98.4,-17.1,7.0,47.7,43.8,94.0
2026-01-14 20:00:00,KYIV-002-3,KYIV-002,Band 3 (1800MHz),-89.4,-10.5,13.7,59.5,32.8,112.7
2026-01-14 20:00:00,KYIV-003-1,KYIV-003,Band 1 (2100MHz),-81.5,-10.1,11.6,60.5,29.0,86.8
2026-01-14 20:00:00,KYIV-003-2,KYIV-003,Band 1 (2100MHz),-84.9,-10.9,9.0,76.5,41.2,86.6
2026-01-14 20:00:00,KYIV-003-3,KYIV-003,Band 1 (2100MHz),-91.0,-10.6,13.9,51.9,42.1,78.7
2026-01-14 20:00:00,KYIV-004-1,KYIV-004,Band 3 (1800MHz),-95.2,-11.2,17.5,57.0,46.7,103.4
2026-01-14 20:00:00,KYIV-004-2,KYIV-004,Band 3 (1800MHz),-84.0,-9.4,13.8,78.2,35.3,100.5
2026-01-14 20:00:00,KYIV-004-3,KYIV-004,Band 3 (1800MHz),-89.3,-15.3,13.8,86.1,29.9,123.0
2026-01-14 20:00:00,KYIV-005-1,KYIV-005,Band 1 (2100MHz),-88.2,-8.7,8.7,81.7,41.1,98.2
2026-01-14 20:00:00,KYIV-005-2,KYIV-005,Band 1 (2100MHz),-83.7,-11.1,15.8,63.7,42.9,111.8
2026-01-14 20:00:00,KYIV-005-3,KYIV-005,Band 1 (2100MHz),-98.3,-14.5,7.0,68.2,35.6,122.5
2026-01-14 20:00:00,KYIV-006-1,KYIV-006,Band 3 (1800MHz),-89.2,-11.7,12.5,30.8,42.0,91.6
2026-01-14 20:00:00,KYIV-006-2,KYIV-006,Band 3 (1800MHz),-82.5,-9.0,7.4,54.8,24.3,87.0
2026-01-14 20:00:00,KYIV-006-3,KYIV-006,Band 3 (1800MHz),-85.6,-11.6,10.6,50.3,34.6,97.5
2026-01-14 20:00:00,KYIV-007-1,KYIV-007,Band 1 (2100MHz),-82.5,-11.6,12.9,56.2,23.4,150.8
2026-01-14 20:00:00,KYIV-007-2,KYIV-007,Band 1 (2100MHz),-85.7,-9.3,16.2,47.3,30.4,100.0
2026-01-14 20:00:00,KYIV-007-3,KYIV-007,Band 1 (2100MHz),-89.4,-13.4,4.4,79.6,41.0,112.5
2026-01-14 20:00:00,KYIV-008-1,KYIV-008,Band 3 (1800MHz),-85.6,-10.9,6.8,61.9,53.8,87.9
2026-01-14 20:00:00,KYIV-008-2,KYIV-008,Band 3 (1800MHz),-87.4,-8.6,14.0,64.0,40.4,127.6
2026-01-14 20:00:00,KYIV-008-3,KYIV-008,Band 3 (1800MHz),-85.2,-8.9,7.7,47.2,20.5,83.0
2026-01-14 20:00:00,KYIV-009-1,KYIV-009,Band 1 (2100MHz),-88.1,-11.7,15.7,53.7,25.5,68.7
2026-01-14 20:00:00,KYIV-009-2,KYIV-009,Band 1 (2100MHz),-94.2,-12.1,2.5,42.5,33.9,90.4
2026-01-14 20:00:00,KYIV-009-3,KYIV-009,Band 1 (2100MHz),-81.1,-5.9,12.6,62.5,42.3,156.6
2026-01-14 20:00:00,KYIV-010-1,KYIV-010,Band 3 (1800MHz),-87.7,-10.4,8.5,65.3,41.2,154.1
2026-01-14 20:00:00,KYIV-010-2,KYIV-010,Band 3 (1800MHz),-87.1,-14.1,8.8,61.3,39.0,68.9
2026-01-14 20:00:00,KYIV-010-3,KYIV-010,Band 3 (1800MHz),-90.5,-12.5,14.4,34.1,46.2,78.8
2026-01-14 20:00:00,KYIV-011-1,KYIV-011,Band 1 (2100MHz),-83.4,-10.2,12.4,52.5,41.1,79.9
2026-01-14 20:00:00,KYIV-011-2,KYIV-011,Band 1 (2100MHz),-87.2,-10.7,12.9,62.9,34.1,90.4
2026-01-14 20:00:00,KYIV-011-3,KYIV-011,Band 1 (2100MHz),-86.7,-10.6,5.9,65.7,31.4,106.2
2026-01-14 20:00:00,KYIV-012-1,KYIV-012,Band 3 (1800MHz),-84.7,-10.6,12.2,62.2,36.3,59.7
2026-01-14 20:00:00,KYIV-012-2,KYIV-012,Band 3 (1800MHz),-99.8,-8.4,16.6,70.4,39.5,78.0
2026-01-14 20:00:00,KYIV-012-3,KYIV-012,Band 3 (1800MHz),-94.0,-12.3,12.1,67.7,29.6,83.8
2026-01-14 20:00:00,KYIV-013-1,KYIV-013,Band 1 (2100MHz),-89.7,-14.0,9.3,45.3,45.3,122.5
2026-01-14 20:00:00,KYIV-013-2,KYIV-013,Band 1 (2100MHz),-86.9,-9.4,11.3,68.1,25.3,94.8
2026-01-14 20:00:00,KYIV-013-3,KYIV-013,Band 1 (2100MHz),-88.1,-12.1,17.9,49.7,53.4,92.1
2026-01-14 20:00:00,KYIV-014-1,KYIV-014,Band 3 (1800MHz),-94.8,-10.3,12.3,52.0,21.9,81.7
2026-01-14 20:00:00,KYIV-014-2,KYIV-014,Band 3 (1800MHz),-101.2,-12.6,8.5,39.7,41.3,61.0
2026-01-14 20:00:00,KYIV-014-3,KYIV-014,Band 3 (1800MHz),-86.9,-9.3,20.1,69.8,39.3,107.6
2026-01-14 20:00:00,KYIV-015-1,KYIV-015,Band 1 (2100MHz),-95.2,-10.8,6.7,36.7,33.1,122.4
2026-01-14 20:00:00,KYIV-015-2,KYIV-015,Band 1 (2100MHz),-84.6,-11.6,11.3,65.9,43.1,148.3
2026-01-14 20:00:00,KYIV-015-3,KYIV-015,Band 1 (2100MHz),-87.7,-8.8,17.8,80.4,33.2,108.7
2026-01-14 20:00:00,KYIV-016-1,KYIV-016,Band 3 (1800MHz),-82.2,-10.5,10.9,84.1,42.5,92.4
2026-01-14 20:00:00,KYIV-016-2,KYIV-016,Band 3 (1800MHz),-82.0,-10.3,12.9,58.4,40.2,73.3
2026-01-14 20:00:00,KYIV-016-3,KYIV-016,Band 3 (1800MHz),-90.9,-8.8,5.6,60.2,26.8,90.9
2026-01-14 21:00:00,KYIV-001-1,KYIV-001,Band 1 (2100MHz),-85.8,-9.3,15.7,3.9,20.2,52.4
2026-01-14 21:00:00,KYIV-001-2,KYIV-001,Band 1 (2100MHz),-88.3,-7.2,16.6,16.6,4.9,0.0
2026-01-14 21:00:00,KYIV-001-3,KYIV-001,Band 1 (2100MHz),-82.9,-7.2,6.1,33.3,5.4,25.0
2026-01-14 21:00:00,KYIV-002-1,KYIV-002,Band 3 (1800MHz),-100.1,-13.4,6.3,7.8,3.8,21.2
2026-01-14 21:00:00,KYIV-002-2,KYIV-002,Band 3 (1800MHz),-97.2,-10.2,5.6,0.0,31.2,1.4
2026-01-14 21:00:00,KYIV-002-3,KYIV-002,Band 3 (1800MHz),-91.8,-5.7,14.1,10.1,11.2,0.0
2026-01-14 21:00:00,KYIV-003-1,KYIV-003,Band 1 (2100MHz),-91.0,-8.9,12.8,0.0,0.0,34.9
2026-01-14 21:00:00,KYIV-003-2,KYIV-003,Band 1 (2100MHz),-85.2,-8.3,9.2,5.6,6.3,55.7
2026-01-14 21:00:00,KYIV-003-3,KYIV-003,Band 1 (2100MHz),-86.0,-7.2,10.7,15.3,12.3,65.7
2026-01-14 21:00:00,KYIV-004-1,KYIV-004,Band 3 (1800MHz),-90.6,-10.5,14.4,13.9,9.7,24.5
2026-01-14 21:00:00,KYIV-004-2,KYIV-004,Band 3 (1800MHz),-86.3,-9.4,14.0,20.1,0.0,32.2
2026-01-14 21:00:00,KYIV-004-3,KYIV-004,Band 3 (1800MHz),-80.9,-8.6,14.7,19.0,9.5,37.6
2026-01-14 21:00:00,KYIV-005-1,KYIV-005,Band 1 (2100MHz),-90.4,-5.7,11.0,15.4,0.0,16.0
2026-01-14 21:00:00,KYIV-005-2,KYIV-005,Band 1 (2100MHz),-86.6,-6.5,7.0,18.9,1.2,12.0
2026-01-14 21:00:00,KYIV-005-3,KYIV-005,Band 1 (2100MHz),-100.2,-13.1,-2.1,13.8,8.1,53.9
2026-01-14 21:00:00,KYIV-006-1,KYIV-006,Band 3 (1800MHz),-83.4,-6.9,9.0,5.1,22.8,50.5
2026-01-14 21:00:00,KYIV-006-2,KYIV-006,Band 3 (1800MHz),-84.1,-6.1,20.4,0.7,19.5,0.9
2026-01-14 21:00:00,KYIV-006-3,KYIV-006,Band 3 (1800MHz),-81.4,-7.3,18.4,0.0,0.0,46.5
2026-01-14 21:00:00,KYIV-007-1,KYIV-007,Band 1 (2100MHz),-82.3,-8.3,15.8,0.1,19.7,17.2
2026-01-14 21:00:00,KYIV-007-2,KYIV-007,Band 1 (2100MHz),-88.4,-5.8,13.3,0.0,8.6,43.2
2026-01-14 21:00:00,KYIV-007-3,KYIV-007,Band 1 (2100MHz),-83.5,-6.8,10.9,3.9,0.0,21.3
2026-01-14 21:00:00,KYIV-008-1,KYIV-008,Band 3 (1800MHz),-86.5,-5.7,12.9,40.6,2.2,61.6
2026-01-14 21:00:00,KYIV-008-2,KYIV-008,Band 3 (1800MHz),-83.8,-7.0,3.9,3.7,4.8,20.6
2026-01-14 21:00:00,KYIV-008-3,KYIV-008,Band 3 (1800MHz),-88.4,-7.7,12.2,0.0,14.8,44.9
2026-01-14 21:00:00,KYIV-009-1,KYIV-009,Band 1 (2100MHz),-93.6,-6.6,19.8,10.3,0.0,50.4
2026-01-14 21:00:00,KYIV-009-2,KYIV-009,Band 1 (2100MHz),-89.8,-9.2,16.9,16.1,23.2,2.0
2026-01-14 21:00:00,KYIV-009-3,KYIV-009,Band 1 (2100MHz),-89.9,-6.3,14.8,13.3,29.8,9.9
2026-01-14 21:00:00,KYIV-010-1,KYIV-010,Band 3 (1800MHz),-89.7,-10.0,13.2,11.4,8.6,30.6
2026-01-14 21:00:00,KYIV-010-2,KYIV-010,Band 3 (1800MHz),-85.7,-10.8,9.8,3.8,17.2,15.4
2026-01-14 21:00:00,KYIV-010-3,KYIV-010,Band 3 (1800MHz),-92.1,-10.8,3.8,2.2,2.5,38.1
2026-01-14 21:00:00,KYIV-011-1,KYIV-011,Band 1 (2100MHz),-80.2,-5.1,11.2,17.5,15.0,4.9
2026-01-14 21:00:00,KYIV-011-2,KYIV-011,Band 1 (2100MHz),-85.5,-12.2,16.6,12.2,19.0,47.2
2026-01-14 21:00:00,KYIV-011-3,KYIV-011,Band 1 (2100MHz),-87.9,-7.3,20.9,0.0,0.0,44.3
2026-01-14 21:00:00,KYIV-012-1,KYIV-012,Band 3 (1800MHz),-93.1,-7.6,7.8,44.8,16.2,39.1
2026-01-14 21:00:00,KYIV-012-2,KYIV-012,Band 3 (1800MHz),-83.3,-8.1,11.9,13.3,2.0,28.2
2026-01-14 21:00:00,KYIV-012-3,KYIV-012,Band 3 (1800MHz),-85.8,-8.5,8.8,0.0,4.4,42.6
2026-01-14 21:00:00,KYIV-013-1,KYIV-013,Band 1 (2100MHz),-87.4,-6.5,10.5,10.6,17.0,8.9
2026-01-14 21:00:00,KYIV-013-2,KYIV-013,Band 1 (2100MHz),-86.8,-9.9,8.9,13.8,0.3,30.4
2026-01-14 21:00:00,KYIV-013-3,KYIV-013,Band 1 (2100MHz),-84.2,-4.6,13.4,15.9,16.7,2.3
2026-01-14 21:00:00,KYIV-014-1,KYIV-014,Band 3 (1800MHz),-83.6,-7.7,19.1,30.7,35.3,0.0
2026-01-14 21:00:00,KYIV-014-2,KYIV-014,Band 3 (1800MHz),-104.4,-13.3,2.1,19.5,11.1,37.6
2026-01-14 21:00:00,KYIV-014-3,KYIV-014,Band 3 (1800MHz),-84.2,-9.7,6.1,37.9,15.9,66.6
2026-01-14 21:00:00,KYIV-015-1,KYIV-015,Band 1 (2100MHz),-84.9,-7.9,11.6,34.3,8.5,43.5
2026-01-14 21:00:00,KYIV-015-2,KYIV-015,Band 1 (2100MHz),-86.0,-7.1,7.5,0.0,0.0,13.1
2026-01-14 21:00:00,KYIV-015-3,KYIV-015,Band 1 (2100MHz),-85.1,-8.1,14.4,43.6,3.9,2.7
2026-01-14 21:00:00,KYIV-016-1,KYIV-016,Band 3 (1800MHz),-83.0,-6.9,19.4,35.0,13.7,37.0
2026-01-14 21:00:00,KYIV-016-2,KYIV-016,Band 3 (1800MHz),-81.5,-6.1,20.6,15.7,7.8,45.8
2026-01-14 21:00:00,KYIV-016-3,KYIV-016,Band 3 (1800MHz),-79.3,-6.1,21.0,33.6,12.8,50.7
2026-01-14 22:00:00,KYIV-001-1,KYIV-001,Band 1 (2100MHz),-83.5,-11.1,3.4,11.9,13.2,2.3
2026-01-14 22:00:00,KYIV-001-2,KYIV-001,Band 1 (2100MHz),-86.3,-1.2,14.4,0.0,0.0,6.5
2026-01-14 22:00:00,KYIV-001-3,KYIV-001,Band 1 (2100MHz),-89.2,-5.2,13.8,14.0,16.6,22.9
2026-01-14 22:00:00,KYIV-002-1,KYIV-002,Band 3 (1800MHz),-100.2,-12.0,4.0,0.0,13.3,42.7
2026-01-14 22:00:00,KYIV-002-2,KYIV-002,Band 3 (1800MHz),-103.6,-13.2,9.1,14.0,4.5,40.7
2026-01-14 22:00:00,KYIV-002-3,KYIV-002,Band 3 (1800MHz),-86.0,-7.0,6.0,7.5,6.0,8.9
2026-01-14 22:00:00,KYIV-003-1,KYIV-003,Band 1 (2100MHz),-80.9,-5.7,15.2,29.8,19.1,2.5
2026-01-14 22:00:00,KYIV-003-2,KYIV-003,Band 1 (2100MHz),-85.9,-5.6,16.7,22.2,7.0,28.2
2026-01-14 22:00:00,KYIV-003-3,KYIV-003,Band 1 (2100MHz),-82.5,-7.8,11.0,8.1,5.5,7.2
2026-01-14 22:00:00,KYIV-004-1,KYIV-004,Band 3 (1800MHz),-86.3,-10.7,15.8,16.4,0.0,0.0
2026-01-14 22:00:00,KYIV-004-2,KYIV-004,Band 3 (1800MHz),-88.8,-7.5,8.4,21.1,15.7,0.8
2026-01-14 22:00:00,KYIV-004-3,KYIV-004,Band 3 (1800MHz),-90.5,-9.4,19.3,11.9,16.0,21.4
2026-01-14 22:00:00,KYIV-005-1,KYIV-005,Band 1 (2100MHz),-87.3,-7.6,11.2,0.0,0.0,4.1
2026-01-14 22:00:00,KYIV-005-2,KYIV-005,Band 1 (2100MHz),-90.5,-6.6,10.2,1.6,0.0,0.0
2026-01-14 22:00:00,KYIV-005-3,KYIV-005,Band 1 (2100MHz),-108.3,-7.0,-2.5,8.2,3.6,17.7
2026-01-14 22:00:00,KYIV-006-1,KYIV-006,Band 3 (1800MHz),-80.9,-7.6,15.2,21.8,7.0,9.9
2026-01-14 22:00:00,KYIV-006-2,KYIV-006,Band 3 (1800MHz),-94.3,-10.4,16.6,3.7,6.6,37.3
2026-01-14 22:00:00,KYIV-006-3,KYIV-006,Band 3 (1800MHz),-82.2,-8.1,19.9,0.0,0.0,0.0
2026-01-14 22:00:00,KYIV-007-1,KYIV-007,Band 1 (2100MHz),-92.8,-5.3,14.3,27.6,14.7,0.0
2026-01-14 22:00:00,KYIV-007-2,KYIV-007,Band 1 (2100MHz),-88.0,-7.6,7.4,0.0,0.0,8.8
2026-01-14 22:00:00,KYIV-007-3,KYIV-007,Band 1 (2100MHz),-88.3,-5.1,14.0,23.2,0.0,0.0
2026-01-14 22:00:00,KYIV-008-1,KYIV-008,Band 3 (1800MHz),-91.7,-7.2,19.9,0.0,4.7,0.0
2026-01-14 22:00:00,KYIV-008-2,KYIV-008,Band 3 (1800MHz),-86.1,-7.9,8.3,0.0,6.6,33.8
2026-01-14 22:00:00,KYIV-008-3,KYIV-008,Band 3 (1800MHz),-93.5,-4.7,9.8,0.0,2.8,30.3
2026-01-14 22:00:00,KYIV-009-1,KYIV-009,Band 1 (2100MHz),-86.3,-6.6,11.9,0.0,0.0,38.7
2026-01-14 22:00:00,KYIV-009-2,KYIV-009,Band 1 (2100MHz),-86.3,-8.2,16.2,1.8,11.6,29.4
2026-01-14 22:00:00,KYIV-009-3,KYIV-009,Band 1 (2100MHz),-84.0,-6.1,18.1,6.0,25.7,38.2
2026-01-14 22:00:00,KYIV-010-1,KYIV-010,Band 3 (1800MHz),-83.5,-6.5,18.7,1.8,14.6,38.7
2026-01-14 22:00:00,KYIV-010-2,KYIV-010,Band 3 (1800MHz),-83.0,-8.7,13.8,9.7,8.5,0.0
2026-01-14 22:00:00,KYIV-010-3,KYIV-010,Band 3 (1800MHz),-86.0,-7.5,10.1,22.9,7.7,0.0
2026-01-14 22:00:00,KYIV-011-1,KYIV-011,Band 1 (2100MHz),-86.2,-7.3,3.5,17.3,21.6,13.9
2026-01-14 22:00:00,KYIV-011-2,KYIV-011,Band 1 (2100MHz),-80.7,-9.2,16.9,0.0,0.0,0.0
2026-01-14 22:00:00,KYIV-011-3,KYIV-011,Band 1 (2100MHz),-85.7,-8.9,14.2,13.0,16.2,0.0
2026-01-14 22:00:00,KYIV-012-1,KYIV-012,Band 3 (1800MHz),-83.6,-8.5,23.3,0.0,12.9,56.9
2026-01-14 22:00:00,KYIV-012-2,KYIV-012,Band 3 (1800MHz),-79.9,-8.2,17.7,2.2,7.2,0.0
2026-01-14 22:00:00,KYIV-012-3,KYIV-012,Band 3 (1800MHz),-88.7,-4.5,15.9,14.8,0.0,14.9
2026-01-14 22:00:00,KYIV-013-1,KYIV-013,Band 1 (2100MHz),-83.6,-10.2,17.7,10.8,5.3,0.0
2026-01-14 22:00:00,KYIV-013-2,KYIV-013,Band 1 (2100MHz),-81.1,-9.0,17.1,3.8,13.2,0.0
2026-01-14 22:00:00,KYIV-013-3,KYIV-013,Band 1 (2100MHz),-87.6,-8.0,16.2,7.3,22.6,48.7
2026-01-14 22:00:00,KYIV-014-1,KYIV-014,Band 3 (1800MHz),-90.1,-7.0,7.0,0.0,0.0,5.0
2026-01-14 22:00:00,KYIV-014-2,KYIV-014,Band 3 (1800MHz),-99.5,-14.3,-7.6,13.4,1.9,62.3
2026-01-14 22:00:00,KYIV-014-3,KYIV-014,Band 3 (1800MHz),-80.3,-8.9,10.4,0.0,0.0,29.3
2026-01-14 22:00:00,KYIV-015-1,KYIV-015,Band 1 (2100MHz),-87.8,-5.5,16.9,9.4,0.0,0.0
2026-01-14 22:00:00,KYIV-015-2,KYIV-015,Band 1 (2100MHz),-92.5,-9.0,14.0,7.5,7.7,27.8
2026-01-14 22:00:00,KYIV-015-3,KYIV-015,Band 1 (2100MHz),-86.4,-7.3,15.2,15.6,0.9,12.1
2026-01-14 22:00:00,KYIV-016-1,KYIV-016,Band 3 (1800MHz),-94.2,-8.1,16.5,11.3,0.0,56.5
2026-01-14 22:00:00,KYIV-016-2,KYIV-016,Band 3 (1800MHz),-93.3,-7.8,11.3,19.0,21.5,21.8
2026-01-14 22:00:00,KYIV-016-3,KYIV-016,Band 3 (1800MHz),-83.3,-8.8,11.9,34.9,0.0,6.1
2026-01-14 23:00:00,KYIV-001-1,KYIV-001,Band 1 (2100MHz),-87.9,-7.7,13.7,17.2,0.0,14.6
2026-01-14 23:00:00,KYIV-001-2,KYIV-001,Band 1 (2100MHz),-83.9,-10.2,11.1,12.0,0.0,19.5
2026-01-14 23:00:00,KYIV-001-3,KYIV-001,Band 1 (2100MHz),-80.6,-9.0,10.5,0.0,13.6,0.3
2026-01-14 23:00:00,KYIV-002-1,KYIV-002,Band 3 (1800MHz),-100.0,-15.1,7.9,24.4,0.0,0.0
2026-01-14 23:00:00,KYIV-002-2,KYIV-002,Band 3 (1800MHz),-99.9,-11.3,2.2,0.0,3.2,21.8
2026-01-14 23:00:00,KYIV-002-3,KYIV-002,Band 3 (1800MHz),-88.0,-6.3,10.0,16.9,12.5,0.0
2026-01-14 23:00:00,KYIV-003-1,KYIV-003,Band 1 (2100MHz),-89.8,-6.4,4.2,5.7,0.0,0.0
2026-01-14 23:00:00,KYIV-003-2,KYIV-003,Band 1 (2100MHz),-87.7,-7.1,15.9,0.0,0.0,11.9
2026-01-14 23:00:00,KYIV-003-3,KYIV-003,Band 1 (2100MHz),-87.7,-7.9,9.7,5.6,19.2,28.7
2026-01-14 23:00:00,KYIV-004-1,KYIV-004,Band 3 (1800MHz),-88.8,-6.4,8.2,18.4,0.0,29.8
2026-01-14 23:00:00,KYIV-004-2,KYIV-004,Band 3 (1800MHz),-86.2,-7.7,17.0,18.8,4.9,16.6
2026-01-14 23:00:00,KYIV-004-3,KYIV-004,Band 3 (1800MHz),-88.5,-6.9,6.6,20.0,22.2,0.0
2026-01-14 23:00:00,KYIV-005-1,KYIV-005,Band 1 (2100MHz),-84.3,-5.5,11.9,13.2,0.0,22.6
2026-01-14 23:00:00,KYIV-005-2,KYIV-005,Band 1 (2100MHz),-81.1,-7.7,11.8,5.4,9.4,12.6
2026-01-14 23:00:00,KYIV-005-3,KYIV-005,Band 1 (2100MHz),-103.5,-10.2,8.4,18.1,2.0,0.0
2026-01-14 23:00:00,KYIV-006-1,KYIV-006,Band 3 (1800MHz),-84.2,-8.0,17.4,0.0,0.4,63.7
2026-01-14 23:00:00,KYIV-006-2,KYIV-006,Band 3 (1800MHz),-84.8,-8.0,11.1,19.3,7.5,3.9
2026-01-14 23:00:00,KYIV-006-3,KYIV-006,Band 3 (1800MHz),-83.6,-5.2,12.2,0.0,4.8,0.0
2026-01-14 23:00:00,KYIV-007-1,KYIV-007,Band 1 (2100MHz),-85.0,-12.3,12.8,8.3,0.0,22.3
2026-01-14 23:00:00,KYIV-007-2,KYIV-007,Band 1 (2100MHz),-85.6,-7.4,15.0,17.9,0.9,29.5
2026-01-14 23:00:00,KYIV-007-3,KYIV-007,Band 1 (2100MHz),-91.9,-7.5,11.2,22.3,7.8,22.1
2026-01-14 23:00:00,KYIV-008-1,KYIV-008,Band 3 (1800MHz),-83.5,-7.5,20.5,6.3,4.2,0.0
2026-01-14 23:00:00,KYIV-008-2,KYIV-008,Band 3 (1800MHz),-86.0,-5.0,15.8,5.5,15.1,0.0
2026-01-14 23:00:00,KYIV-008-3,KYIV-008,Band 3 (1800MHz),-89.6,-10.8,16.4,25.2,0.0,25.1
2026-01-14 23:00:00,KYIV-009-1,KYIV-009,Band 1 (2100MHz),-91.3,-6.0,8.9,19.7,15.0,0.0
2026-01-14 23:00:00,KYIV-009-2,KYIV-009,Band 1 (2100MHz),-83.4,-10.3,10.3,15.0,0.0,5.4
2026-01-14 23:00:00,KYIV-009-3,KYIV-009,Band 1 (2100MHz),-89.1,-6.4,19.9,0.0,0.0,0.0
2026-01-14 23:00:00,KYIV-010-1,KYIV-010,Band 3 (1800MHz),-93.3,-9.8,20.2,7.3,0.3,28.3
2026-01-14 23:00:00,KYIV-010-2,KYIV-010,Band 3 (1800MHz),-84.0,-9.2,17.7,6.8,8.1,35.7
2026-01-14 23:00:00,KYIV-010-3,KYIV-010,Band 3 (1800MHz),-85.6,-7.8,8.5,18.4,8.0,21.5
2026-01-14 23:00:00,KYIV-011-1,KYIV-011,Band 1 (2100MHz),-92.4,-7.5,11.5,17.8,10.4,0.0
2026-01-14 23:00:00,KYIV-011-2,KYIV-011,Band 1 (2100MHz),-92.5,-9.4,11.5,41.5,11.0,10.9
2026-01-14 23:00:00,KYIV-011-3,KYIV-011,Band 1 (2100MHz),-87.3,-9.7,12.0,11.9,7.2,52.6
2026-01-14 23:00:00,KYIV-012-1,KYIV-012,Band 3 (1800MHz),-90.9,-9.2,18.7,8.0,0.0,15.6
2026-01-14 23:00:00,KYIV-012-2,KYIV-012,Band 3 (1800MHz),-93.3,-6.0,6.3,8.7,0.0,29.7
2026-01-14 23:00:00,KYIV-012-3,KYIV-012,Band 3 (1800MHz),-83.2,-8.4,20.1,15.4,4.1,0.0
2026-01-14 23:00:00,KYIV-013-1,KYIV-013,Band 1 (2100MHz),-83.4,-8.8,6.9,12.2,3.7,17.6
2026-01-14 23:00:00,KYIV-013-2,KYIV-013,Band 1 (2100MHz),-91.2,-10.5,6.7,0.0,2.8,28.1
2026-01-14 23:00:00,KYIV-013-3,KYIV-013,Band 1 (2100MHz),-89.9,-7.9,11.2,0.0,0.0,0.0
2026-01-14 23:00:00,KYIV-014-1,KYIV-014,Band 3 (1800MHz),-88.1,-4.8,7.4,10.4,0.0,4.7
2026-01-14 23:00:00,KYIV-014-2,KYIV-014,Band 3 (1800MHz),-96.5,-11.2,5.2,1.1,3.8,0.0
2026-01-14 23:00:00,KYIV-014-3,KYIV-014,Band 3 (1800MHz),-84.5,-5.2,12.5,17.7,0.0,43.2
2026-01-14 23:00:00,KYIV-015-1,KYIV-015,Band 1 (2100MHz),-79.5,-9.1,11.1,5.8,1.3,2.5
2026-01-14 23:00:00,KYIV-015-2,KYIV-015,Band 1 (2100MHz),-79.1,-7.4,9.1,12.6,20.1,2.1
2026-01-14 23:00:00,KYIV-015-3,KYIV-015,Band 1 (2100MHz),-88.1,-7.9,8.3,21.9,12.1,0.0
2026-01-14 23:00:00,KYIV-016-1,KYIV-016,Band 3 (1800MHz),-89.2,-11.0,10.9,8.6,0.0,1.8
2026-01-14 23:00:00,KYIV-016-2,KYIV-016,Band 3 (1800MHz),-88.0,-8.8,17.0,9.6,4.7,1.3
2026-01-14 23:00:00,KYIV-016-3,KYIV-016,Band 3 (1800MHz),-85.8,-8.6,11.4,19.4,10.9,13.5
2026-01-15 00:00:00,KYIV-001-1,KYIV-001,Band 1 (2100MHz),-86.7,-10.0,17.6,13.2,8.3,17.4
2026-01-15 00:00:00,KYIV-001-2,KYIV-001,Band 1 (2100MHz),-84.3,-9.8,9.1,27.1,3.8,0.0
2026-01-15 00:00:00,KYIV-001-3,KYIV-001,Band 1 (2100MHz),-87.4,-7.3,14.0,25.3,25.0,54.2
2026-01-15 00:00:00,KYIV-002-1,KYIV-002,Band 3 (1800MHz),-100.0,-11.5,8.0,21.3,6.7,2.6
2026-01-15 00:00:00,KYIV-002-2,KYIV-002,Band 3 (1800MHz),-107.9,-10.8,5.9,2.6,13.7,0.0
2026-01-15 00:00:00,KYIV-002-3,KYIV-002,Band 3 (1800MHz),-79.6,-6.8,17.2,0.0,0.0,0.0
2026-01-15 00:00:00,KYIV-003-1,KYIV-003,Band 1 (2100MHz),-89.8,-7.8,16.9,0.0,7.9,9.0
2026-01-15 00:00:00,KYIV-003-2,KYIV-003,Band 1 (2100MHz),-88.2,-9.4,1.5,3.9,1.2,5.4
2026-01-15 00:00:00,KYIV-003-3,KYIV-003,Band 1 (2100MHz),-91.0,-5.8,20.1,14.5,4.4,18.6
2026-01-15 00:00:00,KYIV-004-1,KYIV-004,Band 3 (1800MHz),-84.2,-5.7,12.2,4.8,12.3,6.0
2026-01-15 00:00:00,KYIV-004-2,KYIV-004,Band 3 (1800MHz),-84.5,-6.1,7.4,21.3,0.0,13.4
2026-01-15 00:00:00,KYIV-004-3,KYIV-004,Band 3 (1800MHz),-87.0,-6.3,14.7,0.0,4.3,19.4
2026-01-15 00:00:00,KYIV-005-1,KYIV-005,Band 1 (2100MHz),-87.0,-7.0,21.6,17.5,2.3,5.3
2026-01-15 00:00:00,KYIV-005-2,KYIV-005,Band 1 (2100MHz),-89.3,-6.5,9.4,0.9,27.1,24.4
2026-01-15 00:00:00,KYIV-005-3,KYIV-005,Band 1 (2100MHz),-96.0,-10.6,-3.2,10.5,13.3,5.1
2026-01-15 00:00:00,KYIV-006-1,KYIV-006,Band 3 (1800MHz),-86.6,-10.8,16.8,16.2,0.9,20.9
2026-01-15 00:00:00,KYIV-006-2,KYIV-006,Band 3 (1800MHz),-89.2,-8.0,8.2,8.2,8.1,6.5
2026-01-15 00:00:00,KYIV-006-3,KYIV-006,Band 3 (1800MHz),-83.6,-5.2,7.5,3.8,18.4,39.8
2026-01-15 00:00:00,KYIV-007-1,KYIV-007,Band 1 (2100MHz),-94.9,-5.5,20.6,12.6,6.5,9.0
2026-01-15 00:00:00,KYIV-007-2,KYIV-007,Band 1 (2100MHz),-95.3,-12.7,15.2,0.0,5.3,14.7
2026-01-15 00:00:00,KYIV-007-3,KYIV-007,Band 1 (2100MHz),-85.3,-7.4,6.8,0.0,9.7,3.0
2026-01-15 00:00:00,KYIV-008-1,KYIV-008,Band 3 (1800MHz),-83.7,-5.9,10.9,11.9,12.5,0.2
2026-01-15 00:00:00,KYIV-008-2,KYIV-008,Band 3 (1800MHz),-89.0,-6.9,17.5,12.9,0.3,41.0
2026-01-15 00:00:00,KYIV-008-3,KYIV-008,Band 3 (1800MHz),-83.6,-7.2,12.0,0.0,8.6,40.0
2026-01-15 00:00:00,KYIV-009-1,KYIV-009,Band 1 (2100MHz),-89.4,-7.6,12.2,0.0,0.0,11.3
2026-01-15 00:00:00,KYIV-009-2,KYIV-009,Band 1 (2100MHz),-80.0,-8.8,19.1,15.6,0.4,0.0
2026-01-15 00:00:00,KYIV-009-3,KYIV-009,Band 1 (2100MHz),-88.1,-3.7,7.9,0.0,7.1,32.6
2026-01-15 00:00:00,KYIV-010-1,KYIV-010,Band 3 (1800MHz),-85.4,-8.9,12.0,0.0,8.1,31.0
2026-01-15 00:00:00,KYIV-010-2,KYIV-010,Band 3 (1800MHz),-82.5,-8.6,3.7,25.1,0.0,7.5
2026-01-15 00:00:00,KYIV-010-3,KYIV-010,Band 3 (1800MHz),-84.1,-9.2,16.9,7.8,11.6,26.3
2026-01-15 00:00:00,KYIV-011-1,KYIV-011,Band 1 (2100MHz),-84.1,-7.6,17.2,6.1,0.4,22.5
2026-01-15 00:00:00,KYIV-011-2,KYIV-011,Band 1 (2100MHz),-87.3,-7.3,12.6,18.7,0.0,9.1
2026-01-15 00:00:00,KYIV-011-3,KYIV-011,Band 1 (2100MHz),-89.9,-6.0,12.1,23.8,11.1,0.0
2026-01-15 00:00:00,KYIV-012-1,KYIV-012,Band 3 (1800MHz),-86.1,-2.1,15.1,4.3,9.9,0.0
2026-01-15 00:00:00,KYIV-012-2,KYIV-012,Band 3 (1800MHz),-92.9,-8.6,11.4,0.0,0.0,0.0
2026-01-15 00:00:00,KYIV-012-3,KYIV-012,Band 3 (1800MHz),-86.7,-8.3,17.6,0.0,3.5,0.0
2026-01-15 00:00:00,KYIV-013-1,KYIV-013,Band 1 (2100MHz),-81.0,-8.3,10.2,16.6,10.8,3.0
2026-01-15 00:00:00,KYIV-013-2,KYIV-013,Band 1 (2100MHz),-95.3,-8.8,16.4,0.0,11.3,3.1
2026-01-15 00:00:00,KYIV-013-3,KYIV-013,Band 1 (2100MHz),-88.9,-7.3,9.9,33.9,0.0,4.7
2026-01-15 00:00:00,KYIV-014-1,KYIV-014,Band 3 (1800MHz),-85.3,-9.2,20.7,0.0,0.0,1.8
2026-01-15 00:00:00,KYIV-014-2,KYIV-014,Band 3 (1800MHz),-104.5,-12.5,13.0,14.1,24.4,10.5
2026-01-15 00:00:00,KYIV-014-3,KYIV-014,Band 3 (1800MHz),-96.3,-5.9,15.0,0.0,17.0,9.8
2026-01-15 00:00:00,KYIV-015-1,KYIV-015,Band 1 (2100MHz),-84.8,-6.4,11.1,0.0,2.0,11.9
2026-01-15 00:00:00,KYIV-015-2,KYIV-015,Band 1 (2100MHz),-88.0,-9.1,12.3,16.5,4.1,0.0
2026-01-15 00:00:00,KYIV-015-3,KYIV-015,Band 1 (2100MHz),-84.5,-6.8,15.6,26.5,16.9,39.0
2026-01-15 00:00:00,KYIV-016-1,KYIV-016,Band 3 (1800MHz),-84.5,-10.6,6.9,23.3,0.0,16.2
2026-01-15 00:00:00,KYIV-016-2,KYIV-016,Band 3 (1800MHz),-87.6,-8.1,21.9,26.7,0.4,0.0
2026-01-15 00:00:00,KYIV-016-3,KYIV-016,Band 3 (1800MHz),-82.1,-11.6,9.8,10.3,0.0,0.0
2026-01-15 01:00:00,KYIV-001-1,KYIV-001,Band 1 (2100MHz),-82.8,-7.6,19.6,13.6,0.0,0.0
2026-01-15 01:00:00,KYIV-001-2,KYIV-001,Band 1 (2100MHz),-84.4,-9.1,8.6,10.0,12.2,36.5
2026-01-15 01:00:00,KYIV-001-3,KYIV-001,Band 1 (2100MHz),-90.1,-3.7,8.7,0.0,0.0,22.3
2026-01-15 01:00:00,KYIV-002-1,KYIV-002,Band 3 (1800MHz),-96.4,-13.7,6.1,13.9,2.8,23.7
2026-01-15 01:00:00,KYIV-002-2,KYIV-002,Band 3 (1800MHz),-104.4,-10.3,12.1,18.2,1.7,39.8
2026-01-15 01:00:00,KYIV-002-3,KYIV-002,Band 3 (1800MHz),-88.6,-6.3,18.8,0.0,7.7,0.0
2026-01-15 01:00:00,KYIV-003-1,KYIV-003,Band 1 (2100MHz),-80.3,-8.7,6.9,5.4,17.3,18.0
2026-01-15 01:00:00,KYIV-003-2,KYIV-003,Band 1 (2100MHz),-82.1,-6.6,8.5,0.0,0.0,18.0
2026-01-15 01:00:00,KYIV-003-3,KYIV-003,Band 1 (2100MHz),-76.7,-10.9,10.9,15.4,0.0,21.8
2026-01-15 01:00:00,KYIV-004-1,KYIV-004,Band 3 (1800MHz),-83.6,-7.2,10.2,15.9,0.0,15.6
2026-01-15 01:00:00,KYIV-004-2,KYIV-004,Band 3 (1800MHz),-86.5,-11.0,20.8,8.6,0.0,35.2
2026-01-15 01:00:00,KYIV-004-3,KYIV-004,Band 3 (1800MHz),-87.3,-10.4,1.3,0.0,0.0,0.0
2026-01-15 01:00:00,KYIV-005-1,KYIV-005,Band 1 (2100MHz),-81.1,-9.9,15.2,7.7,0.9,10.4
2026-01-15 01:00:00,KYIV-005-2,KYIV-005,Band 1 (2100MHz),-84.2,-10.2,10.0,0.6,12.0,63.3
2026-01-15 01:00:00,KYIV-005-3,KYIV-005,Band 1 (2100MHz),-104.8,-12.3,3.7,14.9,9.1,0.0
2026-01-15 01:00:00,KYIV-006-1,KYIV-006,Band 3 (1800MHz),-89.5,-8.3,13.7,4.8,2.3,0.0
2026-01-15 01:00:00,KYIV-006-2,KYIV-006,Band 3 (1800MHz),-83.9,-5.6,7.5,20.5,9.4,18.2
2026-01-15 01:00:00,KYIV-006-3,KYIV-006,Band 3 (1800MHz),-87.0,-10.0,10.1,0.0,0.0,46.9
2026-01-15 01:00:00,KYIV-007-1,KYIV-007,Band 1 (2100MHz),-85.0,-9.3,16.4,16.0,9.8,20.3
2026-01-15 01:00:00,KYIV-007-2,KYIV-007,Band 1 (2100MHz),-90.3,-11.5,14.8,15.8,0.0,17.7
2026-01-15 01:00:00,KYIV-007-3,KYIV-007,Band 1 (2100MHz),-89.0,-6.2,8.0,0.0,8.3,20.2
2026-01-15 01:00:00,KYIV-008-1,KYIV-008,Band 3 (1800MHz),-88.7,-6.2,6.7,0.0,1.8,0.0
2026-01-15 01:00:00,KYIV-008-2,KYIV-008,Band 3 (1800MHz),-86.6,-5.5,10.4,2.9,5.4,0.0
2026-01-15 01:00:00,KYIV-008-3,KYIV-008,Band 3 (1800MHz),-83.9,-9.3,14.7,4.5,7.7,0.0
2026-01-15 01:00:00,KYIV-009-1,KYIV-009,Band 1 (2100MHz),-89.8,-8.1,11.0,0.0,0.0,53.3
2026-01-15 01:00:00,KYIV-009-2,KYIV-009,Band 1 (2100MHz),-84.0,-10.3,3.0,0.0,12.0,0.0
2026-01-15 01:00:00,KYIV-009-3,KYIV-009,Band 1 (2100MHz),-89.4,-8.9,11.5,8.1,5.5,20.9
2026-01-15 01:00:00,KYIV-010-1,KYIV-010,Band 3 (1800MHz),-88.4,-11.3,15.2,0.0,0.0,43.6
2026-01-15 01:00:00,KYIV-010-2,KYIV-010,Band 3 (1800MHz),-88.4,-9.5,9.2,19.6,10.8,4.2
2026-01-15 01:00:00,KYIV-010-3,KYIV-010,Band 3 (1800MHz),-87.2,-10.4,5.4,44.9,0.4,11.8
2026-01-15 01:00:00,KYIV-011-1,KYIV-011,Band 1 (2100MHz),-86.3,-9.0,14.4,22.7,10.5,18.7
2026-01-15 01:00:00,KYIV-011-2,KYIV-011,Band 1 (2100MHz),-83.0,-5.3,13.0,0.0,4.3,0.0
2026-01-15 01:00:00,KYIV-011-3,KYIV-011,Band 1 (2100MHz),-89.5,-6.1,8.3,7.3,13.0,24.7
2026-01-15 01:00:00,KYIV-012-1,KYIV-012,Band 3 (1800MHz),-84.6,-6.4,6.1,13.1,8.3,5.2
2026-01-15 01:00:00,KYIV-012-2,KYIV-012,Band 3 (1800MHz),-87.0,-10.0,9.3,0.0,1.3,0.0
2026-01-15 01:00:00,KYIV-012-3,KYIV-012,Band 3 (1800MHz),-82.0,-10.7,20.9,9.8,0.0,26.5
2026-01-15 01:00:00,KYIV-013-1,KYIV-013,Band 1 (2100MHz),-81.5,-8.2,10.1,23.8,6.4,8.9
2026-01-15 01:00:00,KYIV-013-2,KYIV-013,Band 1 (2100MHz),-84.3,-10.5,8.6,18.5,20.9,26.1
2026-01-15 01:00:00,KYIV-013-3,KYIV-013,Band 1 (2100MHz),-88.2,-9.0,12.8,27.9,0.0,17.4
2026-01-15 01:00:00,KYIV-014-1,KYIV-014,Band 3 (1800MHz),-83.3,-15.9,12.0,2.8,16.7,0.0
2026-01-15 01:00:00,KYIV-014-2,KYIV-014,Band 3 (1800MHz),-98.9,-11.7,-1.5,22.6,7.3,2.0
2026-01-15 01:00:00,KYIV-014-3,KYIV-014,Band 3 (1800MHz),-83.9,-6.8,6.0,16.2,17.6,8.8
2026-01-15 01:00:00,KYIV-015-1,KYIV-015,Band 1 (2100MHz),-84.4,-9.4,16.4,8.0,0.0,37.5
2026-01-15 01:00:00,KYIV-015-2,KYIV-015,Band 1 (2100MHz),-89.2,-8.6,11.0,0.0,14.6,18.2
2026-01-15 01:00:00,KYIV-015-3,KYIV-015,Band 1 (2100MHz),-85.9,-6.6,13.4,6.6,6.8,0.0
2026-01-15 01:00:00,KYIV-016-1,KYIV-016,Band 3 (1800MHz),-84.9,-9.2,13.3,19.7,0.0,21.5
2026-01-15 01:00:00,KYIV-016-2,KYIV-016,Band 3 (1800MHz),-83.2,-10.4,11.2,5.7,1.7,27.2
2026-01-15 01:00:00,KYIV-016-3,KYIV-016,Band 3 (1800MHz),-89.5,-7.1,12.3,19.8,2.5,33.0
2026-01-15 02:00:00,KYIV-001-1,KYIV-001,Band 1 (2100MHz),-85.8,-7.1,17.2,11.9,24.7,51.4
2026-01-15 02:00:00,KYIV-001-2,KYIV-001,Band 1 (2100MHz),-87.5,-7.7,9.6,27.5,0.0,29.7
2026-01-15 02:00:00,KYIV-001-3,KYIV-001,Band 1 (2100MHz),-94.8,-7.4,8.9,3.7,19.5,32.8
2026-01-15 02:00:00,KYIV-002-1,KYIV-002,Band 3 (1800MHz),-99.0,-12.2,7.4,16.8,8.3,0.0
2026-01-15 02:00:00,KYIV-002-2,KYIV-002,Band 3 (1800MHz),-104.1,-12.7,7.3,9.8,12.9,37.2
2026-01-15 02:00:00,KYIV-002-3,KYIV-002,Band 3 (1800MHz),-83.6,-10.2,4.6,18.4,7.3,36.4
2026-01-15 02:00:00,KYIV-003-1,KYIV-003,Band 1 (2100MHz),-91.4,-8.4,10.6,0.0,0.0,11.8
2026-01-15 02:00:00,KYIV-003-2,KYIV-003,Band 1 (2100MHz),-81.2,-7.2,6.2,18.7,0.0,34.2
2026-01-15 02:00:00,KYIV-003-3,KYIV-003,Band 1 (2100MHz),-87.1,-9.0,14.3,15.5,13.5,34.1
2026-01-15 02:00:00,KYIV-004-1,KYIV-004,Band 3 (1800MHz),-84.9,-7.9,12.2,0.0,7.7,51.6
2026-01-15 02:00:00,KYIV-004-2,KYIV-004,Band 3 (1800MHz),-86.0,-5.4,5.7,43.7,0.2,34.1
2026-01-15 02:00:00,KYIV-004-3,KYIV-004,Band 3 (1800MHz),-86.4,-7.2,11.1,10.6,5.4,0.0
2026-01-15 02:00:00,KYIV-005-1,KYIV-005,Band 1 (2100MHz),-86.0,-3.4,6.1,0.5,0.0,0.0
2026-01-15 02:00:00,KYIV-005-2,KYIV-005,Band 1 (2100MHz),-93.7,-10.3,11.0,7.9,22.6,0.0
2026-01-15 02:00:00,KYIV-005-3,KYIV-005,Band 1 (2100MHz),-102.1,-16.9,5.0,28.2,11.9,4.0
2026-01-15 02:00:00,KYIV-006-1,KYIV-006,Band 3 (1800MHz),-84.4,-9.4,13.9,0.0,0.0,17.1
2026-01-15 02:00:00,KYIV-006-2,KYIV-006,Band 3 (1800MHz),-91.9,-6.4,19.9,1.7,7.3,31.5
2026-01-15 02:00:00,KYIV-006-3,KYIV-006,Band 3 (1800MHz),-92.2,-8.8,16.4,1.2,1.2,41.7
2026-01-15 02:00:00,KYIV-007-1,KYIV-007,Band 1 (2100MHz),-88.3,-4.3,21.8,0.0,7.0,0.0
2026-01-15 02:00:00,KYIV-007-2,KYIV-007,Band 1 (2100MHz),-81.7,-10.4,16.0,0.0,0.0,0.0
2026-01-15 02:00:00,KYIV-007-3,KYIV-007,Band 1 (2100MHz),-87.3,-7.4,5.2,2.5,10.1,30.3
2026-01-15 02:00:00,KYIV-008-1,KYIV-008,Band 3 (1800MHz),-87.3,-7.5,9.3,7.8,0.0,52.1
2026-01-15 02:00:00,KYIV-008-2,KYIV-008,Band 3 (1800MHz),-81.8,-6.9,15.8,24.9,0.0,0.0
2026-01-15 02:00:00,KYIV-008-3,KYIV-008,Band 3 (1800MHz),-85.8,-7.8,9.5,9.0,8.3,0.0
2026-01-15 02:00:00,KYIV-009-1,KYIV-009,Band 1 (2100MHz),-85.9,-10.0,12.6,9.1,22.2,47.9
2026-01-15 02:00:00,KYIV-009-2,KYIV-009,Band 1 (2100MHz),-87.8,-10.7,4.2,17.5,16.1,31.8
2026-01-15 02:00:00,KYIV-009-3,KYIV-009,Band 1 (2100MHz),-85.2,-8.7,14.6,12.9,0.0,50.3
2026-01-15 02:00:00,KYIV-010-1,KYIV-010,Band 3 (1800MHz),-87.3,-10.7,15.4,13.8,0.0,4.2
2026-01-15 02:00:00,KYIV-010-2,KYIV-010,Band 3 (1800MHz),-88.9,-7.6,21.8,0.0,0.2,19.7
2026-01-15 02:00:00,KYIV-010-3,KYIV-010,Band 3 (1800MHz),-89.7,-10.5,16.4,7.6,2.0,6.1
2026-01-15 02:00:00,KYIV-011-1,KYIV-011,Band 1 (2100MHz),-84.1,-7.4,9.9,5.0,0.8,43.6
2026-01-15 02:00:00,KYIV-011-2,KYIV-011,Band 1 (2100MHz),-88.0,-6.2,19.2,0.0,6.4,40.4
2026-01-15 02:00:00,KYIV-011-3,KYIV-011,Band 1 (2100MHz),-86.8,-12.8,20.9,5.9,0.0,41.2
2026-01-15 02:00:00,KYIV-012-1,KYIV-012,Band 3 (1800MHz),-87.4,-7.2,12.6,25.7,9.3,30.1
2026-01-15 02:00:00,KYIV-012-2,KYIV-012,Band 3 (1800MHz),-93.1,-3.1,14.1,9.6,0.0,25.5
2026-01-15 02:00:00,KYIV-012-3,KYIV-012,Band 3 (1800MHz),-86.9,-6.3,13.4,13.0,0.0,29.1
2026-01-15 02:00:00,KYIV-013-1,KYIV-013,Band 1 (2100MHz),-88.9,-7.9,20.9,0.0,9.5,32.1
2026-01-15 02:00:00,KYIV-013-2,KYIV-013,Band 1 (2100MHz),-94.4,-10.2,14.5,21.8,5.4,23.0
2026-01-15 02:00:00,KYIV-013-3,KYIV-013,Band 1 (2100MHz),-87.3,-8.3,10.8,9.1,0.0,20.7
2026-01-15 02:00:00,KYIV-014-1,KYIV-014,Band 3 (1800MHz),-92.3,-6.5,14.8,0.7,5.1,0.0
2026-01-15 02:00:00,KYIV-014-2,KYIV-014,Band 3 (1800MHz),-96.1,-15.1,2.6,2.0,4.0,14.6
2026-01-15 02:00:00,KYIV-014-3,KYIV-014,Band 3 (1800MHz),-81.2,-7.3,9.1,20.4,8.3,13.6
2026-01-15 02:00:00,KYIV-015-1,KYIV-015,Band 1 (2100MHz),-89.6,-7.9,15.4,16.9,2.0,18.3
2026-01-15 02:00:00,KYIV-015-2,KYIV-015,Band 1 (2100MHz),-87.3,-6.3,18.4,0.0,13.3,6.3
2026-01-15 02:00:00,KYIV-015-3,KYIV-015,Band 1 (2100MHz),-87.5,-8.0,15.9,2.1,0.0,2.0
2026-01-15 02:00:00,KYIV-016-1,KYIV-016,Band 3 (1800MHz),-90.2,-8.3,4.7,27.1,16.2,0.0
2026-01-15 02:00:00,KYIV-016-2,KYIV-016,Band 3 (1800MHz),-88.3,-8.2,10.3,16.0,5.5,0.0
2026-01-15 02:00:00,KYIV-016-3,KYIV-016,Band 3 (1800MHz),-90.3,-6.0,9.0,19.5,10.6,0.0
2026-01-15 03:00:00,KYIV-001-1,KYIV-001,Band 1 (2100MHz),-88.2,-6.2,16.9,6.7,21.0,0.0
2026-01-15 03:00:00,KYIV-001-2,KYIV-001,Band 1 (2100MHz),-84.5,-5.0,15.9,11.2,19.0,17.1
2026-01-15 03:00:00,KYIV-001-3,KYIV-001,Band 1 (2100MHz),-86.5,-11.4,6.6,7.5,16.0,59.7
2026-01-15 03:00:00,KYIV-002-1,KYIV-002,Band 3 (1800MHz),-96.4,-13.9,2.4,0.0,5.0,26.5
2026-01-15 03:00:00,KYIV-002-2,KYIV-002,Band 3 (1800MHz),-102.0,-12.3,1.9,16.1,12.4,0.0
2026-01-15 03:00:00,KYIV-002-3,KYIV-002,Band 3 (1800MHz),-80.7,-6.2,18.3,3.0,13.0,17.5
2026-01-15 03:00:00,KYIV-003-1,KYIV-003,Band 1 (2100MHz),-81.3,-4.7,18.8,15.5,0.0,0.0
2026-01-15 03:00:00,KYIV-003-2,KYIV-003,Band 1 (2100MHz),-86.5,-8.8,2.8,28.7,0.0,9.4
2026-01-15 03:00:00,KYIV-003-3,KYIV-003,Band 1 (2100MHz),-83.0,-11.2,7.3,17.3,8.2,0.0
2026-01-15 03:00:00,KYIV-004-1,KYIV-004,Band 3 (1800MHz),-75.1,-7.2,10.1,7.9,0.6,0.0
2026-01-15 03:00:00,KYIV-004-2,KYIV-004,Band 3 (1800MHz),-81.9,-12.7,11.1,31.1,14.5,11.3
2026-01-15 03:00:00,KYIV-004-3,KYIV-004,Band 3 (1800MHz),-88.3,-8.4,9.5,21.1,4.0,21.9
2026-01-15 03:00:00,KYIV-005-1,KYIV-005,Band 1 (2100MHz),-89.0,-12.3,6.7,35.8,4.4,1.5
2026-01-15 03:00:00,KYIV-005-2,KYIV-005,Band 1 (2100MHz),-86.1,-10.2,8.0,0.0,2.8,15.1
2026-01-15 03:00:00,KYIV-005-3,KYIV-005,Band 1 (2100MHz),-98.7,-11.9,1.0,13.0,2.7,0.0
2026-01-15 03:00:00,KYIV-006-1,KYIV-006,Band 3 (1800MHz),-97.8,-7.6,11.1,1.2,0.0,0.0
2026-01-15 03:00:00,KYIV-006-2,KYIV-006,Band 3 (1800MHz),-89.4,-11.1,9.7,0.0,14.5,9.6
2026-01-15 03:00:00,KYIV-006-3,KYIV-006,Band 3 (1800MHz),-86.5,-10.7,17.8,0.0,17.7,0.0
2026-01-15 03:00:00,KYIV-007-1,KYIV-007,Band 1 (2100MHz),-84.0,-7.8,17.9,7.1,0.0,20.0
2026-01-15 03:00:00,KYIV-007-2,KYIV-007,Band 1 (2100MHz),-89.2,-5.7,16.4,11.0,0.0,8.6
2026-01-15 03:00:00,KYIV-007-3,KYIV-007,Band 1 (2100MHz),-87.0,-8.1,9.7,0.0,3.9,24.3
2026-01-15 03:00:00,KYIV-008-1,KYIV-008,Band 3 (1800MHz),-87.8,-9.1,9.9,0.0,9.3,1.0
2026-01-15 03:00:00,KYIV-008-2,KYIV-008,Band 3 (1800MHz),-86.3,-11.1,12.8,0.0,6.5,0.0
2026-01-15 03:00:00,KYIV-008-3,KYIV-008,Band 3 (1800MHz),-85.0,-8.5,7.2,0.0,4.7,8.4
2026-01-15 03:00:00,KYIV-009-1,KYIV-009,Band 1 (2100MHz),-87.9,-6.7,10.4,3.3,0.0,7.2
2026-01-15 03:00:00,KYIV-009-2,KYIV-009,Band 1 (2100MHz),-80.3,-12.0,14.3,0.0,9.6,0.0
2026-01-15 03:00:00,KYIV-009-3,KYIV-009,Band 1 (2100MHz),-82.7,-9.2,14.1,0.0,14.0,0.0
2026-01-15 03:00:00,KYIV-010-1,KYIV-010,Band 3 (1800MHz),-87.2,-2.8,2.3,0.0,0.0,0.0
2026-01-15 03:00:00,KYIV-010-2,KYIV-010,Band 3 (1800MHz),-96.5,-8.5,15.8,9.1,0.0,42.2
2026-01-15 03:00:00,KYIV-010-3,KYIV-010,Band 3 (1800MHz),-88.8,-5.6,7.4,13.4,0.0,0.0
2026-01-15 03:00:00,KYIV-011-1,KYIV-011,Band 1 (2100MHz),-81.6,-10.8,18.6,3.7,0.0,26.9
2026-01-15 03:00:00,KYIV-011-2,KYIV-011,Band 1 (2100MHz),-86.9,-4.9,9.9,17.6,0.0,5.2
2026-01-15 03:00:00,KYIV-011-3,KYIV-011,Band 1 (2100MHz),-86.5,-7.3,17.5,0.0,7.6,0.0
2026-01-15 03:00:00,KYIV-012-1,KYIV-012,Band 3 (1800MHz),-90.5,-7.8,2.4,7.1,11.4,19.9
2026-01-15 03:00:00,KYIV-012-2,KYIV-012,Band 3 (1800MHz),-90.6,-5.9,14.9,6.2,4.1,14.0
2026-01-15 03:00:00,KYIV-012-3,KYIV-012,Band 3 (1800MHz),-88.3,-6.8,22.2,0.0,7.1,37.0
2026-01-15 03:00:00,KYIV-013-1,KYIV-013,Band 1 (2100MHz),-80.2,-10.3,16.8,21.2,0.0,9.4
2026-01-15 03:00:00,KYIV-013-2,KYIV-013,Band 1 (2100MHz),-84.8,-2.6,23.6,26.6,0.0,0.0
2026-01-15 03:00:00,KYIV-013-3,KYIV-013,Band 1 (2100MHz),-85.6,-7.8,12.0,27.8,3.0,28.8
2026-01-15 03:00:00,KYIV-014-1,KYIV-014,Band 3 (1800MHz),-94.8,-7.5,16.2,0.0,0.0,0.0
2026-01-15 03:00:00,KYIV-014-2,KYIV-014,Band 3 (1800MHz),-103.4,-10.9,3.9,3.5,0.0,0.1
2026-01-15 03:00:00,KYIV-014-3,KYIV-014,Band 3 (1800MHz),-87.5,-4.4,13.9,24.2,0.0,0.0
2026-01-15 03:00:00,KYIV-015-1,KYIV-015,Band 1 (2100MHz),-85.9,-5.5,11.1,35.0,0.0,20.5
2026-01-15 03:00:00,KYIV-015-2,KYIV-015,Band 1 (2100MHz),-78.5,-11.9,6.9,9.8,0.0,34.0
2026-01-15 03:00:00,KYIV-015-3,KYIV-015,Band 1 (2100MHz),-82.7,-9.1,15.4,0.0,5.3,0.0
2026-01-15 03:00:00,KYIV-016-1,KYIV-016,Band 3 (1800MHz),-85.8,-9.6,10.3,0.0,0.0,0.0
2026-01-15 03:00:00,KYIV-016-2,KYIV-016,Band 3 (1800MHz),-91.3,-8.5,14.1,0.0,13.1,0.0
2026-01-15 03:00:00,KYIV-016-3,KYIV-016,Band 3 (1800MHz),-87.9,-10.6,19.5,0.0,16.7,5.5
2026-01-15 04:00:00,KYIV-001-1,KYIV-001,Band 1 (2100MHz),-88.5,-7.1,9.0,13.0,0.0,41.0
2026-01-15 04:00:00,KYIV-001-2,KYIV-001,Band 1 (2100MHz),-95.6,-8.8,31.2,12.9,2.5,19.7
2026-01-15 04:00:00,KYIV-001-3,KYIV-001,Band 1 (2100MHz),-83.4,-7.1,14.5,11.1,12.1,10.5
2026-01-15 04:00:00,KYIV-002-1,KYIV-002,Band 3 (1800MHz),-95.4,-13.4,10.9,0.0,8.5,0.0
2026-01-15 04:00:00,KYIV-002-2,KYIV-002,Band 3 (1800MHz),-107.2,-12.3,0.6,0.0,7.5,0.0
2026-01-15 04:00:00,KYIV-002-3,KYIV-002,Band 3 (1800MHz),-94.5,-8.3,11.7,3.8,17.2,25.8
2026-01-15 04:00:00,KYIV-003-1,KYIV-003,Band 1 (2100MHz),-90.3,-7.1,19.4,0.0,19.4,29.7
2026-01-15 04:00:00,KYIV-003-2,KYIV-003,Band 1 (2100MHz),-85.6,-11.8,8.7,9.8,0.0,13.4
2026-01-15 04:00:00,KYIV-003-3,KYIV-003,Band 1 (2100MHz),-90.5,-6.6,16.5,9.4,0.0,0.0
2026-01-15 04:00:00,KYIV-004-1,KYIV-004,Band 3 (1800MHz),-85.2,-11.2,0.2,3.5,9.3,0.0
2026-01-15 04:00:00,KYIV-004-2,KYIV-004,Band 3 (1800MHz),-83.5,-10.2,16.9,0.0,8.0,5.9
2026-01-15 04:00:00,KYIV-004-3,KYIV-004,Band 3 (1800MHz),-86.4,-8.7,9.0,8.2,5.6,19.9
2026-01-15 04:00:00,KYIV-005-1,KYIV-005,Band 1 (2100MHz),-89.4,-7.6,22.1,3.4,5.4,0.0
2026-01-15 04:00:00,KYIV-005-2,KYIV-005,Band 1 (2100MHz),-83.7,-8.2,7.3,15.5,19.6,25.5
2026-01-15 04:00:00,KYIV-005-3,KYIV-005,Band 1 (2100MHz),-103.5,-13.0,8.3,18.3,0.5,22.6
2026-01-15 04:00:00,KYIV-006-1,KYIV-006,Band 3 (1800MHz),-89.9,-7.3,13.3,17.5,0.0,34.2
2026-01-15 04:00:00,KYIV-006-2,KYIV-006,Band 3 (1800MHz),-94.6,-10.9,19.5,0.0,0.0,26.8
2026-01-15 04:00:00,KYIV-006-3,KYIV-006,Band 3 (1800MHz),-87.5,-10.4,14.8,9.7,2.9,56.1
2026-01-15 04:00:00,KYIV-007-1,KYIV-007,Band 1 (2100MHz),-81.3,-6.9,5.9,10.9,21.0,43.4
2026-01-15 04:00:00,KYIV-007-2,KYIV-007,Band 1 (2100MHz),-85.5,-6.7,16.1,0.0,0.0,12.0
2026-01-15 04:00:00,KYIV-007-3,KYIV-007,Band 1 (2100MHz),-88.9,-4.0,18.4,30.6,10.0,2.5
2026-01-15 04:00:00,KYIV-008-1,KYIV-008,Band 3 (1800MHz),-89.9,-5.9,14.0,12.2,10.9,8.7
2026-01-15 04:00:00,KYIV-008-2,KYIV-008,Band 3 (1800MHz),-83.0,-8.9,19.3,11.0,1.7,17.5
2026-01-15 04:00:00,KYIV-008-3,KYIV-008,Band 3 (1800MHz),-89.0,-8.6,15.1,4.0,3.2,27.9
2026-01-15 04:00:00,KYIV-009-1,KYIV-009,Band 1 (2100MHz),-85.5,-3.5,11.8,18.0,0.0,0.0
2026-01-15 04:00:00,KYIV-009-2,KYIV-009,Band 1 (2100MHz),-83.0,-3.6,14.3,20.3,5.2,0.0
2026-01-15 04:00:00,KYIV-009-3,KYIV-009,Band 1 (2100MHz),-83.8,-8.2,17.1,12.0,0.0,0.6
2026-01-15 04:00:00,KYIV-010-1,KYIV-010,Band 3 (1800MHz),-85.6,-10.6,7.8,0.0,22.7,1.3
2026-01-15 04:00:00,KYIV-010-2,KYIV-010,Band 3 (1800MHz),-79.0,-9.3,14.5,0.0,9.2,34.9
2026-01-15 04:00:00,KYIV-010-3,KYIV-010,Band 3 (1800MHz),-85.6,-8.7,20.6,0.5,0.0,42.2
2026-01-15 04:00:00,KYIV-011-1,KYIV-011,Band 1 (2100MHz),-83.9,-6.3,18.1,11.9,13.2,3.8
2026-01-15 04:00:00,KYIV-011-2,KYIV-011,Band 1 (2100MHz),-87.2,-8.5,18.3,18.7,15.4,45.3
2026-01-15 04:00:00,KYIV-011-3,KYIV-011,Band 1 (2100MHz),-91.8,-9.3,13.4,14.1,0.0,0.0
2026-01-15 04:00:00,KYIV-012-1,KYIV-012,Band 3 (1800MHz),-90.0,-12.2,9.0,25.5,0.0,0.0
2026-01-15 04:00:00,KYIV-012-2,KYIV-012,Band 3 (1800MHz),-84.3,-8.2,8.7,2.2,18.8,0.0
2026-01-15 04:00:00,KYIV-012-3,KYIV-012,Band 3 (1800MHz),-85.0,-10.8,8.3,27.2,1.5,24.6
2026-01-15 04:00:00,KYIV-013-1,KYIV-013,Band 1 (2100MHz),-80.9,-10.5,6.6,0.0,7.1,48.9
2026-01-15 04:00:00,KYIV-013-2,KYIV-013,Band 1 (2100MHz),-79.8,-8.5,5.7,4.8,5.9,11.5
2026-01-15 04:00:00,KYIV-013-3,KYIV-013,Band 1 (2100MHz),-85.0,-9.5,4.2,16.0,0.0,9.3
2026-01-15 04:00:00,KYIV-014-1,KYIV-014,Band 3 (1800MHz),-86.4,-5.9,9.4,16.6,2.0,52.5
2026-01-15 04:00:00,KYIV-014-2,KYIV-014,Band 3 (1800MHz),-103.1,-12.4,3.6,6.0,10.9,23.5
2026-01-15 04:00:00,KYIV-014-3,KYIV-014,Band 3 (1800MHz),-86.5,-7.4,19.8,20.3,16.6,26.6
2026-01-15 04:00:00,KYIV-015-1,KYIV-015,Band 1 (2100MHz),-94.1,-10.3,9.9,3.9,0.0,0.0
2026-01-15 04:00:00,KYIV-015-2,KYIV-015,Band 1 (2100MHz),-82.3,-9.4,4.3,0.8,8.7,23.5
2026-01-15 04:00:00,KYIV-015-3,KYIV-015,Band 1 (2100MHz),-88.1,-5.2,16.1,3.3,1.2,0.0
2026-01-15 04:00:00,KYIV-016-1,KYIV-016,Band 3 (1800MHz),-86.6,-8.4,16.6,10.4,0.0,0.0
2026-01-15 04:00:00,KYIV-016-2,KYIV-016,Band 3 (1800MHz),-87.1,-9.8,11.8,14.1,0.0,20.4
2026-01-15 04:00:00,KYIV-016-3,KYIV-016,Band 3 (1800MHz),-83.6,-8.2,3.8,10.5,12.0,0.0
2026-01-15 05:00:00,KYIV-001-1,KYIV-001,Band 1 (2100MHz),-88.0,-5.2,17.0,4.2,5.9,17.8
2026-01-15 05:00:00,KYIV-001-2,KYIV-001,Band 1 (2100MHz),-96.0,-5.5,17.4,19.7,5.7,24.6
2026-01-15 05:00:00,KYIV-001-3,KYIV-001,Band 1 (2100MHz),-86.3,-6.9,14.0,32.3,10.3,0.0
2026-01-15 05:00:00,KYIV-002-1,KYIV-002,Band 3 (1800MHz),-101.0,-12.2,-1.2,8.4,7.8,36.4
2026-01-15 05:00:00,KYIV-002-2,KYIV-002,Band 3 (1800MHz),-94.7,-12.8,-1.0,9.6,0.0,0.9
2026-01-15 05:00:00,KYIV-002-3,KYIV-002,Band 3 (1800MHz),-88.9,-2.0,11.4,2.3,0.0,19.2
2026-01-15 05:00:00,KYIV-003-1,KYIV-003,Band 1 (2100MHz),-86.7,-6.5,14.6,8.6,5.3,5.5
2026-01-15 05:00:00,KYIV-003-2,KYIV-003,Band 1 (2100MHz),-80.7,-6.3,15.8,0.0,0.0,0.0
2026-01-15 05:00:00,KYIV-003-3,KYIV-003,Band 1 (2100MHz),-95.7,-9.0,12.8,27.3,6.0,4.8
2026-01-15 05:00:00,KYIV-004-1,KYIV-004,Band 3 (1800MHz),-85.3,-10.5,13.4,0.0,10.1,25.9
2026-01-15 05:00:00,KYIV-004-2,KYIV-004,Band 3 (1800MHz),-81.7,-7.4,10.5,16.9,3.3,3.6
2026-01-15 05:00:00,KYIV-004-3,KYIV-004,Band 3 (1800MHz),-94.4,-7.3,16.0,10.5,2.9,43.1
2026-01-15 05:00:00,KYIV-005-1,KYIV-005,Band 1 (2100MHz),-82.9,-7.2,12.9,16.1,9.6,17.8
2026-01-15 05:00:00,KYIV-005-2,KYIV-005,Band 1 (2100MHz),-92.6,-10.1,15.8,18.6,2.5,27.8
2026-01-15 05:00:00,KYIV-005-3,KYIV-005,Band 1 (2100MHz),-96.0,-10.9,4.1,20.4,8.1,24.3
2026-01-15 05:00:00,KYIV-006-1,KYIV-006,Band 3 (1800MHz),-87.5,-6.1,11.4,32.2,7.6,9.0
2026-01-15 05:00:00,KYIV-006-2,KYIV-006,Band 3 (1800MHz),-87.7,-8.8,8.8,14.3,0.0,0.0
2026-01-15 05:00:00,KYIV-006-3,KYIV-006,Band 3 (1800MHz),-86.7,-8.8,11.5,0.0,2.1,27.5
2026-01-15 05:00:00,KYIV-007-1,KYIV-007,Band 1 (2100MHz),-92.7,-9.5,1.0,7.2,8.6,0.0
2026-01-15 05:00:00,KYIV-007-2,KYIV-007,Band 1 (2100MHz),-85.8,-2.7,18.6,10.3,6.2,7.3
2026-01-15 05:00:00,KYIV-007-3,KYIV-007,Band 1 (2100MHz),-86.1,-6.5,16.7,8.9,5.1,0.0
2026-01-15 05:00:00,KYIV-008-1,KYIV-008,Band 3 (1800MHz),-90.8,-6.1,13.6,19.8,0.0,0.0
2026-01-15 05:00:00,KYIV-008-2,KYIV-008,Band 3 (1800MHz),-85.8,-8.6,16.2,0.0,13.2,37.2
2026-01-15 05:00:00,KYIV-008-3,KYIV-008,Band 3 (1800MHz),-84.3,-4.8,12.4,38.5,11.1,9.5
2026-01-15 05:00:00,KYIV-009-1,KYIV-009,Band 1 (2100MHz),-92.6,-5.6,10.8,13.6,5.4,0.0
2026-01-15 05:00:00,KYIV-009-2,KYIV-009,Band 1 (2100MHz),-83.1,-6.2,8.5,4.3,7.2,5.5
2026-01-15 05:00:00,KYIV-009-3,KYIV-009,Band 1 (2100MHz),-83.8,-7.2,8.3,19.4,9.9,4.5
2026-01-15 05:00:00,KYIV-010-1,KYIV-010,Band 3 (1800MHz),-82.6,-5.3,23.7,16.8,2.2,2.8
2026-01-15 05:00:00,KYIV-010-2,KYIV-010,Band 3 (1800MHz),-90.4,-12.9,15.7,0.0,0.0,13.6
2026-01-15 05:00:00,KYIV-010-3,KYIV-010,Band 3 (1800MHz),-90.5,-10.9,18.7,30.2,0.0,0.0
2026-01-15 05:00:00,KYIV-011-1,KYIV-011,Band 1 (2100MHz),-82.6,-6.4,8.1,12.7,0.0,22.0
2026-01-15 05:00:00,KYIV-011-2,KYIV-011,Band 1 (2100MHz),-85.4,-10.2,16.2,0.0,6.0,48.2
2026-01-15 05:00:00,KYIV-011-3,KYIV-011,Band 1 (2100MHz),-79.0,-10.3,8.8,0.0,11.5,0.0
2026-01-15 05:00:00,KYIV-012-1,KYIV-012,Band 3 (1800MHz),-87.8,-10.5,8.4,1.6,0.0,18.9
2026-01-15 05:00:00,KYIV-012-2,KYIV-012,Band 3 (1800MHz),-86.9,-7.6,15.8,25.6,4.3,2.0
2026-01-15 05:00:00,KYIV-012-3,KYIV-012,Band 3 (1800MHz),-80.4,-10.6,17.9,15.8,19.5,0.0
2026-01-15 05:00:00,KYIV-013-1,KYIV-013,Band 1 (2100MHz),-78.2,-8.5,16.7,12.9,4.9,0.0
2026-01-15 05:00:00,KYIV-013-2,KYIV-013,Band 1 (2100MHz),-89.7,-6.9,3.7,18.5,1.7,0.0
2026-01-15 05:00:00,KYIV-013-3,KYIV-013,Band 1 (2100MHz),-75.4,-9.9,11.5,14.9,4.9,44.2
2026-01-15 05:00:00,KYIV-014-1,KYIV-014,Band 3 (1800MHz),-88.8,-8.4,19.3,5.2,5.8,41.1
2026-01-15 05:00:00,KYIV-014-2,KYIV-014,Band 3 (1800MHz),-99.8,-14.5,8.2,0.0,5.6,20.9
2026-01-15 05:00:00,KYIV-014-3,KYIV-014,Band 3 (1800MHz),-90.2,-8.8,13.2,9.2,16.8,4.5
2026-01-15 05:00:00,KYIV-015-1,KYIV-015,Band 1 (2100MHz),-87.8,-7.9,7.7,0.0,6.7,0.0
2026-01-15 05:00:00,KYIV-015-2,KYIV-015,Band 1 (2100MHz),-88.8,-9.4,15.7,29.6,0.0,24.4
2026-01-15 05:00:00,KYIV-015-3,KYIV-015,Band 1 (2100MHz),-86.9,-2.5,21.4,0.0,30.3,16.3
2026-01-15 05:00:00,KYIV-016-1,KYIV-016,Band 3 (1800MHz),-79.7,-10.3,20.2,0.0,7.4,15.7
2026-01-15 05:00:00,KYIV-016-2,KYIV-016,Band 3 (1800MHz),-95.0,-8.6,9.4,0.5,0.0,2.9
2026-01-15 05:00:00,KYIV-016-3,KYIV-016,Band 3 (1800MHz),-85.7,-10.6,15.4,19.7,0.0,19.7
2026-01-15 06:00:00,KYIV-001-1,KYIV-001,Band 1 (2100MHz),-82.1,-5.9,17.0,26.0,0.0,58.2
2026-01-15 06:00:00,KYIV-001-2,KYIV-001,Band 1 (2100MHz),-85.0,-9.4,12.5,6.2,0.0,31.0
2026-01-15 06:00:00,KYIV-001-3,KYIV-001,Band 1 (2100MHz),-99.0,-10.1,17.1,28.0,20.0,1.3
2026-01-15 06:00:00,KYIV-002-1,KYIV-002,Band 3 (1800MHz),-104.7,-10.9,1.8,11.0,12.8,41.4
2026-01-15 06:00:00,KYIV-002-2,KYIV-002,Band 3 (1800MHz),-98.6,-14.3,-1.7,20.9,15.4,11.5
2026-01-15 06:00:00,KYIV-002-3,KYIV-002,Band 3 (1800MHz),-86.8,-5.8,11.5,15.0,9.9,39.4
2026-01-15 06:00:00,KYIV-003-1,KYIV-003,Band 1 (2100MHz),-90.0,-6.4,21.6,9.8,12.9,12.2
2026-01-15 06:00:00,KYIV-003-2,KYIV-003,Band 1 (2100MHz),-84.7,-6.8,12.5,6.8,6.2,42.0
2026-01-15 06:00:00,KYIV-003-3,KYIV-003,Band 1 (2100MHz),-82.3,-9.7,4.0,19.4,11.5,0.0
2026-01-15 06:00:00,KYIV-004-1,KYIV-004,Band 3 (1800MHz),-87.6,-8.7,7.4,46.6,1.8,51.4
2026-01-15 06:00:00,KYIV-004-2,KYIV-004,Band 3 (1800MHz),-88.5,-8.0,8.3,4.7,22.6,39.3
2026-01-15 06:00:00,KYIV-004-3,KYIV-004,Band 3 (1800MHz),-87.8,-9.8,13.1,9.1,11.8,43.9
2026-01-15 06:00:00,KYIV-005-1,KYIV-005,Band 1 (2100MHz),-82.7,-5.9,6.8,23.0,0.0,30.7
2026-01-15 06:00:00,KYIV-005-2,KYIV-005,Band 1 (2100MHz),-87.6,-10.2,10.8,21.2,6.6,0.0
2026-01-15 06:00:00,KYIV-005-3,KYIV-005,Band 1 (2100MHz),-101.2,-11.6,9.7,20.2,0.0,6.5
2026-01-15 06:00:00,KYIV-006-1,KYIV-006,Band 3 (1800MHz),-83.3,-7.5,10.2,16.6,15.1,8.8
2026-01-15 06:00:00,KYIV-006-2,KYIV-006,Band 3 (1800MHz),-84.4,-8.8,7.7,28.4,2.9,15.5
2026-01-15 06:00:00,KYIV-006-3,KYIV-006,Band 3 (1800MHz),-86.9,-4.6,11.0,24.0,0.0,34.7
2026-01-15 06:00:00,KYIV-007-1,KYIV-007,Band 1 (2100MHz),-88.5,-7.3,9.6,10.3,4.3,31.9
2026-01-15 06:00:00,KYIV-007-2,KYIV-007,Band 1 (2100MHz),-87.6,-8.6,3.1,4.6,24.1,34.1
2026-01-15 06:00:00,KYIV-007-3,KYIV-007,Band 1 (2100MHz),-87.3,-9.8,11.8,1.7,0.0,2.9
2026-01-15 06:00:00,KYIV-008-1,KYIV-008,Band 3 (1800MHz),-89.9,-6.3,8.2,12.7,25.7,15.4
2026-01-15 06:00:00,KYIV-008-2,KYIV-008,Band 3 (1800MHz),-87.7,-9.0,15.6,15.6,10.7,42.3
2026-01-15 06:00:00,KYIV-008-3,KYIV-008,Band 3 (1800MHz),-89.6,-8.4,8.9,3.3,4.7,47.6
2026-01-15 06:00:00,KYIV-009-1,KYIV-009,Band 1 (2100MHz),-91.9,-7.7,24.3,19.2,20.3,8.2
2026-01-15 06:00:00,KYIV-009-2,KYIV-009,Band 1 (2100MHz),-92.6,-3.1,18.6,30.5,7.4,42.5
2026-01-15 06:00:00,KYIV-009-3,KYIV-009,Band 1 (2100MHz),-84.9,-8.9,9.5,11.7,0.0,23.0
2026-01-15 06:00:00,KYIV-010-1,KYIV-010,Band 3 (1800MHz),-93.3,-7.4,16.4,11.7,0.0,46.7
2026-01-15 06:00:00,KYIV-010-2,KYIV-010,Band 3 (1800MHz),-85.3,-4.1,1.9,19.3,1.9,51.6
2026-01-15 06:00:00,KYIV-010-3,KYIV-010,Band 3 (1800MHz),-88.1,-13.4,20.5,30.1,11.7,19.0
2026-01-15 06:00:00,KYIV-011-1,KYIV-011,Band 1 (2100MHz),-94.5,-7.6,17.2,5.2,3.6,3.9
2026-01-15 06:00:00,KYIV-011-2,KYIV-011,Band 1 (2100MHz),-87.4,-9.8,4.7,14.0,4.3,22.3
2026-01-15 06:00:00,KYIV-011-3,KYIV-011,Band 1 (2100MHz),-71.3,-7.8,17.9,15.9,14.7,41.0
2026-01-15 06:00:00,KYIV-012-1,KYIV-012,Band 3 (1800MHz),-87.4,-9.5,11.7,15.4,6.3,55.4
2026-01-15 06:00:00,KYIV-012-2,KYIV-012,Band 3 (1800MHz),-87.3,-10.1,23.8,9.6,7.7,9.1
2026-01-15 06:00:00,KYIV-012-3,KYIV-012,Band 3 (1800MHz),-85.2,-12.3,20.9,9.7,12.0,8.6
2026-01-15 06:00:00,KYIV-013-1,KYIV-013,Band 1 (2100MHz),-77.1,-6.2,15.6,18.0,5.9,36.9
2026-01-15 06:00:00,KYIV-013-2,KYIV-013,Band 1 (2100MHz),-85.3,-8.9,24.1,4.2,0.0,49.8
2026-01-15 06:00:00,KYIV-013-3,KYIV-013,Band 1 (2100MHz),-86.8,-5.8,17.0,0.0,6.3,0.0
2026-01-15 06:00:00,KYIV-014-1,KYIV-014,Band 3 (1800MHz),-82.6,-7.8,14.5,4.2,5.7,0.0
2026-01-15 06:00:00,KYIV-014-2,KYIV-014,Band 3 (1800MHz),-102.5,-10.5,14.6,24.3,23.1,3.7
2026-01-15 06:00:00,KYIV-014-3,KYIV-014,Band 3 (1800MHz),-96.3,-10.9,18.9,28.8,13.9,27.7
2026-01-15 06:00:00,KYIV-015-1,KYIV-015,Band 1 (2100MHz),-91.4,-11.2,8.3,20.2,0.0,3.7
2026-01-15 06:00:00,KYIV-015-2,KYIV-015,Band 1 (2100MHz),-84.9,-4.7,15.3,5.5,2.8,22.6
2026-01-15 06:00:00,KYIV-015-3,KYIV-015,Band 1 (2100MHz),-93.2,-7.6,22.6,28.5,6.8,45.0
2026-01-15 06:00:00,KYIV-016-1,KYIV-016,Band 3 (1800MHz),-85.1,-9.1,10.2,28.7,11.6,1.4
2026-01-15 06:00:00,KYIV-016-2,KYIV-016,Band 3 (1800MHz),-93.2,-8.9,6.7,18.1,8.9,52.9
2026-01-15 06:00:00,KYIV-016-3,KYIV-016,Band 3 (1800MHz),-90.4,-8.9,2.9,16.1,19.9,46.3
2026-01-15 07:00:00,KYIV-001-1,KYIV-001,Band 1 (2100MHz),-91.0,-9.0,17.6,62.5,45.6,77.9
2026-01-15 07:00:00,KYIV-001-2,KYIV-001,Band 1 (2100MHz),-87.1,-9.9,10.2,40.4,28.1,80.4
2026-01-15 07:00:00,KYIV-001-3,KYIV-001,Band 1 (2100MHz),-83.1,-9.4,14.4,52.9,33.2,101.6
2026-01-15 07:00:00,KYIV-002-1,KYIV-002,Band 3 (1800MHz),-102.1,-14.6,6.6,50.9,25.3,110.1
2026-01-15 07:00:00,KYIV-002-2,KYIV-002,Band 3 (1800MHz),-105.8,-15.4,7.8,66.5,20.5,112.1
2026-01-15 07:00:00,KYIV-002-3,KYIV-002,Band 3 (1800MHz),-78.4,-12.9,9.4,54.3,34.7,46.8
2026-01-15 07:00:00,KYIV-003-1,KYIV-003,Band 1 (2100MHz),-86.8,-9.9,13.7,68.2,46.1,107.7
2026-01-15 07:00:00,KYIV-003-2,KYIV-003,Band 1 (2100MHz),-86.6,-12.3,19.0,58.8,29.7,96.1
2026-01-15 07:00:00,KYIV-003-3,KYIV-003,Band 1 (2100MHz),-93.0,-8.9,12.2,71.8,35.2,74.3
2026-01-15 07:00:00,KYIV-004-1,KYIV-004,Band 3 (1800MHz),-83.7,-11.0,14.5,34.1,13.0,104.8
2026-01-15 07:00:00,KYIV-004-2,KYIV-004,Band 3 (1800MHz),-83.2,-11.0,7.5,50.6,44.1,105.6
2026-01-15 07:00:00,KYIV-004-3,KYIV-004,Band 3 (1800MHz),-84.5,-12.7,3.1,45.1,34.3,80.1
2026-01-15 07:00:00,KYIV-005-1,KYIV-005,Band 1 (2100MHz),-80.6,-11.9,13.2,81.5,23.7,78.7
2026-01-15 07:00:00,KYIV-005-2,KYIV-005,Band 1 (2100MHz),-93.4,-8.4,15.4,54.0,35.6,91.2
2026-01-15 07:00:00,KYIV-005-3,KYIV-005,Band 1 (2100MHz),-96.8,-14.2,-2.0,64.1,31.7,103.0
2026-01-15 07:00:00,KYIV-006-1,KYIV-006,Band 3 (1800MHz),-90.7,-8.1,20.3,43.7,35.2,104.9
2026-01-15 07:00:00,KYIV-006-2,KYIV-006,Band 3 (1800MHz),-79.1,-10.3,20.3,64.6,25.1,98.5
2026-01-15 07:00:00,KYIV-006-3,KYIV-006,Band 3 (1800MHz),-85.3,-7.8,12.0,46.3,24.6,97.5
2026-01-15 07:00:00,KYIV-007-1,KYIV-007,Band 1 (2100MHz),-82.6,-13.1,19.5,38.5,28.9,136.4
2026-01-15 07:00:00,KYIV-007-2,KYIV-007,Band 1 (2100MHz),-83.8,-9.0,11.0,49.0,39.7,70.4
2026-01-15 07:00:00,KYIV-007-3,KYIV-007,Band 1 (2100MHz),-89.6,-8.6,16.5,33.5,43.1,69.9
2026-01-15 07:00:00,KYIV-008-1,KYIV-008,Band 3 (1800MHz),-89.7,-4.7,10.8,32.0,24.3,102.7
2026-01-15 07:00:00,KYIV-008-2,KYIV-008,Band 3 (1800MHz),-92.8,-9.5,21.8,38.4,50.6,87.5
2026-01-15 07:00:00,KYIV-008-3,KYIV-008,Band 3 (1800MHz),-83.1,-7.5,0.9,47.8,37.2,83.2
2026-01-15 07:00:00,KYIV-009-1,KYIV-009,Band 1 (2100MHz),-78.6,-9.5,14.1,57.6,37.4,95.2
2026-01-15 07:00:00,KYIV-009-2,KYIV-009,Band 1 (2100MHz),-84.1,-10.7,17.7,50.3,18.8,103.0
2026-01-15 07:00:00,KYIV-009-3,KYIV-009,Band 1 (2100MHz),-76.7,-10.6,15.7,25.1,17.4,136.6
2026-01-15 07:00:00,KYIV-010-1,KYIV-010,Band 3 (1800MHz),-91.4,-13.7,17.0,77.4,43.6,103.3
2026-01-15 07:00:00,KYIV-010-2,KYIV-010,Band 3 (1800MHz),-86.0,-11.1,9.4,47.4,12.6,58.0
2026-01-15 07:00:00,KYIV-010-3,KYIV-010,Band 3 (1800MHz),-83.5,-10.3,11.6,47.8,31.3,71.3
2026-01-15 07:00:00,KYIV-011-1,KYIV-011,Band 1 (2100MHz),-91.0,-13.1,18.6,48.9,39.2,77.0
2026-01-15 07:00:00,KYIV-011-2,KYIV-011,Band 1 (2100MHz),-85.2,-9.6,17.5,22.5,23.4,90.6
2026-01-15 07:00:00,KYIV-011-3,KYIV-011,Band 1 (2100MHz),-86.4,-13.3,13.3,51.7,27.7,103.0
2026-01-15 07:00:00,KYIV-012-1,KYIV-012,Band 3 (1800MHz),-87.9,-12.8,20.8,49.4,29.3,69.8
2026-01-15 07:00:00,KYIV-012-2,KYIV-012,Band 3 (1800MHz),-86.2,-11.4,8.8,61.0,30.2,112.7
2026-01-15 07:00:00,KYIV-012-3,KYIV-012,Band 3 (1800MHz),-95.4,-7.8,12.6,54.1,21.1,74.6
2026-01-15 07:00:00,KYIV-013-1,KYIV-013,Band 1 (2100MHz),-87.2,-11.1,9.7,49.9,29.2,85.9
2026-01-15 07:00:00,KYIV-013-2,KYIV-013,Band 1 (2100MHz),-80.5,-10.5,16.9,40.1,49.7,47.9
2026-01-15 07:00:00,KYIV-013-3,KYIV-013,Band 1 (2100MHz),-88.2,-15.5,23.2,47.5,24.1,87.4
2026-01-15 07:00:00,KYIV-014-1,KYIV-014,Band 3 (1800MHz),-88.1,-11.8,19.2,53.5,38.1,68.0
2026-01-15 07:00:00,KYIV-014-2,KYIV-014,Band 3 (1800MHz),-100.0,-15.1,-1.2,49.9,29.8,104.4
2026-01-15 07:00:00,KYIV-014-3,KYIV-014,Band 3 (1800MHz),-90.3,-12.8,21.7,35.2,25.2,98.3
2026-01-15 07:00:00,KYIV-015-1,KYIV-015,Band 1 (2100MHz),-86.9,-10.7,14.7,34.7,35.6,102.3
2026-01-15 07:00:00,KYIV-015-2,KYIV-015,Band 1 (2100MHz),-88.5,-10.7,12.4,56.6,40.1,93.8
2026-01-15 07:00:00,KYIV-015-3,KYIV-015,Band 1 (2100MHz),-86.7,-6.7,15.8,54.0,26.3,80.0
2026-01-15 07:00:00,KYIV-016-1,KYIV-016,Band 3 (1800MHz),-88.5,-9.7,8.3,44.7,32.2,65.7
2026-01-15 07:00:00,KYIV-016-2,KYIV-016,Band 3 (1800MHz),-89.2,-8.0,23.4,57.7,15.9,101.6
2026-01-15 07:00:00,KYIV-016-3,KYIV-016,Band 3 (1800MHz),-88.2,-10.0,16.8,52.5,32.9,91.5
2026-01-15 08:00:00,KYIV-001-1,KYIV-001,Band 1 (2100MHz),-90.1,-8.5,7.6,72.3,45.0,127.0
2026-01-15 08:00:00,KYIV-001-2,KYIV-001,Band 1 (2100MHz),-89.5,-13.4,17.2,75.7,37.8,79.1
2026-01-15 08:00:00,KYIV-001-3,KYIV-001,Band 1 (2100MHz),-82.0,-10.5,14.7,80.3,50.0,107.9
2026-01-15 08:00:00,KYIV-002-1,KYIV-002,Band 3 (1800MHz),-104.8,-12.5,3.0,65.7,36.0,61.9
2026-01-15 08:00:00,KYIV-002-2,KYIV-002,Band 3 (1800MHz),-95.3,-13.8,-2.9,92.1,42.7,103.7
2026-01-15 08:00:00,KYIV-002-3,KYIV-002,Band 3 (1800MHz),-87.5,-9.2,17.3,51.4,45.0,88.3
2026-01-15 08:00:00,KYIV-003-1,KYIV-003,Band 1 (2100MHz),-90.3,-11.5,8.4,54.6,14.2,89.8
2026-01-15 08:00:00,KYIV-003-2,KYIV-003,Band 1 (2100MHz),-90.6,-11.3,15.5,68.7,43.0,73.8
2026-01-15 08:00:00,KYIV-003-3,KYIV-003,Band 1 (2100MHz),-93.1,-9.1,16.3,78.2,41.0,105.7
2026-01-15 08:00:00,KYIV-004-1,KYIV-004,Band 3 (1800MHz),-86.5,-9.1,21.8,65.1,38.4,136.3
2026-01-15 08:00:00,KYIV-004-2,KYIV-004,Band 3 (1800MHz),-84.7,-6.9,16.9,68.4,20.6,85.4
2026-01-15 08:00:00,KYIV-004-3,KYIV-004,Band 3 (1800MHz),-83.1,-10.3,10.2,73.8,41.8,121.2
2026-01-15 08:00:00,KYIV-005-1,KYIV-005,Band 1 (2100MHz),-86.0,-11.0,12.9,78.3,25.6,57.8
2026-01-15 08:00:00,KYIV-005-2,KYIV-005,Band 1 (2100MHz),-94.6,-8.3,17.6,65.0,23.9,120.7
2026-01-15 08:00:00,KYIV-005-3,KYIV-005,Band 1 (2100MHz),-98.3,-17.0,11.5,64.7,40.8,120.0
2026-01-15 08:00:00,KYIV-006-1,KYIV-006,Band 3 (1800MHz),-81.8,-13.5,11.7,65.9,35.5,112.8
2026-01-15 08:00:00,KYIV-006-2,KYIV-006,Band 3 (1800MHz),-86.9,-12.8,11.9,50.3,33.3,118.1
2026-01-15 08:00:00,KYIV-006-3,KYIV-006,Band 3 (1800MHz),-80.4,-11.2,11.9,88.8,21.8,137.0
2026-01-15 08:00:00,KYIV-007-1,KYIV-007,Band 1 (2100MHz),-84.9,-10.4,10.0,59.1,33.3,102.2
2026-01-15 08:00:00,KYIV-007-2,KYIV-007,Band 1 (2100MHz),-86.7,-7.7,22.6,65.4,40.5,116.1
2026-01-15 08:00:00,KYIV-007-3,KYIV-007,Band 1 (2100MHz),-84.0,-12.7,19.7,64.6,38.9,84.3
2026-01-15 08:00:00,KYIV-008-1,KYIV-008,Band 3 (1800MHz),-89.1,-13.4,21.5,78.3,47.5,127.3
2026-01-15 08:00:00,KYIV-008-2,KYIV-008,Band 3 (1800MHz),-95.5,-13.0,11.9,62.5,43.8,114.1
2026-01-15 08:00:00,KYIV-008-3,KYIV-008,Band 3 (1800MHz),-85.3,-14.2,10.8,81.2,36.7,66.0
2026-01-15 08:00:00,KYIV-009-1,KYIV-009,Band 1 (2100MHz),-90.5,-10.9,10.5,80.5,44.6,76.2
2026-01-15 08:00:00,KYIV-009-2,KYIV-009,Band 1 (2100MHz),-89.5,-9.3,9.8,74.1,28.5,113.6
2026-01-15 08:00:00,KYIV-009-3,KYIV-009,Band 1 (2100MHz),-83.4,-9.5,10.1,57.4,45.5,106.1
2026-01-15 08:00:00,KYIV-010-1,KYIV-010,Band 3 (1800MHz),-87.2,-13.7,12.4,77.5,48.5,123.9
2026-01-15 08:00:00,KYIV-010-2,KYIV-010,Band 3 (1800MHz),-89.5,-11.0,8.9,72.5,39.9,119.1
2026-01-15 08:00:00,KYIV-010-3,KYIV-010,Band 3 (1800MHz),-89.2,-10.8,13.7,76.5,32.6,120.9
2026-01-15 08:00:00,KYIV-011-1,KYIV-011,Band 1 (2100MHz),-86.1,-10.5,4.2,65.7,27.8,98.7
2026-01-15 08:00:00,KYIV-011-2,KYIV-011,Band 1 (2100MHz),-93.3,-11.4,8.6,57.4,40.9,95.0
2026-01-15 08:00:00,KYIV-011-3,KYIV-011,Band 1 (2100MHz),-76.0,-10.4,17.7,69.3,29.8,120.6
2026-01-15 08:00:00,KYIV-012-1,KYIV-012,Band 3 (1800MHz),-91.3,-12.4,22.5,68.5,39.4,105.6
2026-01-15 08:00:00,KYIV-012-2,KYIV-012,Band 3 (1800MHz),-85.9,-12.1,16.2,58.7,36.8,82.8
2026-01-15 08:00:00,KYIV-012-3,KYIV-012,Band 3 (1800MHz),-82.1,-6.5,20.2,84.9,48.0,133.7
2026-01-15 08:00:00,KYIV-013-1,KYIV-013,Band 1 (2100MHz),-87.1,-11.4,18.2,65.8,40.5,47.9
2026-01-15 08:00:00,KYIV-013-2,KYIV-013,Band 1 (2100MHz),-87.4,-13.6,9.6,87.8,36.1,138.0
2026-01-15 08:00:00,KYIV-013-3,KYIV-013,Band 1 (2100MHz),-91.7,-8.9,18.8,63.2,25.8,103.2
2026-01-15 08:00:00,KYIV-014-1,KYIV-014,Band 3 (1800MHz),-92.0,-12.2,14.5,56.9,57.6,113.1
2026-01-15 08:00:00,KYIV-014-2,KYIV-014,Band 3 (1800MHz),-97.6,-12.5,8.6,76.7,40.1,101.2
2026-01-15 08:00:00,KYIV-014-3,KYIV-014,Band 3 (1800MHz),-83.1,-9.6,18.5,92.5,47.7,126.9
2026-01-15 08:00:00,KYIV-015-1,KYIV-015,Band 1 (2100MHz),-83.9,-13.0,19.9,83.7,34.8,148.7
2026-01-15 08:00:00,KYIV-015-2,KYIV-015,Band 1 (2100MHz),-83.7,-11.7,3.6,70.4,34.2,77.7
2026-01-15 08:00:00,KYIV-015-3,KYIV-015,Band 1 (2100MHz),-83.0,-12.3,7.5,53.3,48.9,112.4
2026-01-15 08:00:00,KYIV-016-1,KYIV-016,Band 3 (1800MHz),-91.5,-13.6,19.8,42.9,48.7,150.4
2026-01-15 08:00:00,KYIV-016-2,KYIV-016,Band 3 (1800MHz),-83.5,-12.1,16.0,61.3,34.8,117.5
2026-01-15 08:00:00,KYIV-016-3,KYIV-016,Band 3 (1800MHz),-86.4,-12.5,14.4,54.0,28.6,90.0
2026-01-15 09:00:00,KYIV-001-1,KYIV-001,Band 1 (2100MHz),-89.4,-8.6,14.8,42.1,39.5,101.2
2026-01-15 09:00:00,KYIV-001-2,KYIV-001,Band 1 (2100MHz),-80.8,-10.5,8.9,50.6,28.2,108.7
2026-01-15 09:00:00,KYIV-001-3,KYIV-001,Band 1 (2100MHz),-96.9,-12.7,13.1,49.5,33.5,83.3
2026-01-15 09:00:00,KYIV-002-1,KYIV-002,Band 3 (1800MHz),-106.9,-11.8,-0.2,51.4,34.9,68.7
2026-01-15 09:00:00,KYIV-002-2,KYIV-002,Band 3 (1800MHz),-100.8,-12.7,3.6,52.7,33.5,67.9
2026-01-15 09:00:00,KYIV-002-3,KYIV-002,Band 3 (1800MHz),-90.4,-12.7,24.0,55.7,21.0,79.1
2026-01-15 09:00:00,KYIV-003-1,KYIV-003,Band 1 (2100MHz),-84.5,-15.7,17.7,29.2,36.5,73.7
2026-01-15 09:00:00,KYIV-003-2,KYIV-003,Band 1 (2100MHz),-91.2,-9.3,9.1,70.4,37.8,109.0
2026-01-15 09:00:00,KYIV-003-3,KYIV-003,Band 1 (2100MHz),-86.8,-9.0,7.2,58.7,38.3,65.5
2026-01-15 09:00:00,KYIV-004-1,KYIV-004,Band 3 (1800MHz),-88.1,-11.5,3.2,50.3,25.4,131.2
2026-01-15 09:00:00,KYIV-004-2,KYIV-004,Band 3 (1800MHz),-88.7,-7.6,13.3,43.9,34.9,64.1
2026-01-15 09:00:00,KYIV-004-3,KYIV-004,Band 3 (1800MHz),-84.1,-16.3,10.6,53.5,27.8,103.7
2026-01-15 09:00:00,KYIV-005-1,KYIV-005,Band 1 (2100MHz),-85.2,-9.3,0.4,61.3,25.6,79.6
2026-01-15 09:00:00,KYIV-005-2,KYIV-005,Band 1 (2100MHz),-86.9,-8.4,12.9,42.9,16.4,100.8
2026-01-15 09:00:00,KYIV-005-3,KYIV-005,Band 1 (2100MHz),-105.4,-13.9,5.8,70.7,36.3,101.2
2026-01-15 09:00:00,KYIV-006-1,KYIV-006,Band 3 (1800MHz),-87.5,-10.4,8.3,71.7,36.7,88.8
2026-01-15 09:00:00,KYIV-006-2,KYIV-006,Band 3 (1800MHz),-79.1,-13.1,16.3,63.8,18.4,88.4
2026-01-15 09:00:00,KYIV-006-3,KYIV-006,Band 3 (1800MHz),-90.4,-10.9,10.6,47.5,15.0,83.8
2026-01-15 09:00:00,KYIV-007-1,KYIV-007,Band 1 (2100MHz),-83.4,-11.6,5.8,35.6,22.7,50.4
2026-01-15 09:00:00,KYIV-007-2,KYIV-007,Band 1 (2100MHz),-88.6,-9.1,13.3,47.5,26.4,61.6
2026-01-15 09:00:00,KYIV-007-3,KYIV-007,Band 1 (2100MHz),-88.5,-13.1,14.2,66.4,34.3,101.4
2026-01-15 09:00:00,KYIV-008-1,KYIV-008,Band 3 (1800MHz),-86.7,-11.4,16.5,41.7,27.1,98.5
2026-01-15 09:00:00,KYIV-008-2,KYIV-008,Band 3 (1800MHz),-86.8,-15.2,23.0,48.8,32.9,138.6
2026-01-15 09:00:00,KYIV-008-3,KYIV-008,Band 3 (1800MHz),-84.7,-13.9,15.6,51.4,23.8,68.5
2026-01-15 09:00:00,KYIV-009-1,KYIV-009,Band 1 (2100MHz),-93.2,-11.3,9.4,44.6,14.8,83.1
2026-01-15 09:00:00,KYIV-009-2,KYIV-009,Band 1 (2100MHz),-92.1,-8.3,5.4,68.4,31.1,74.5
2026-01-15 09:00:00,KYIV-009-3,KYIV-009,Band 1 (2100MHz),-84.8,-9.5,13.7,59.7,29.7,81.3
2026-01-15 09:00:00,KYIV-010-1,KYIV-010,Band 3 (1800MHz),-82.8,-11.1,15.5,42.8,36.8,80.7
2026-01-15 09:00:00,KYIV-010-2,KYIV-010,Band 3 (1800MHz),-90.4,-9.6,7.6,72.1,25.7,112.3
2026-01-15 09:00:00,KYIV-010-3,KYIV-010,Band 3 (1800MHz),-85.3,-10.8,16.9,41.2,23.8,49.9
2026-01-15 09:00:00,KYIV-011-1,KYIV-011,Band 1 (2100MHz),-84.6,-8.4,3.7,70.6,47.0,101.8
2026-01-15 09:00:00,KYIV-011-2,KYIV-011,Band 1 (2100MHz),-87.8,-14.6,5.2,55.6,24.2,118.3
2026-01-15 09:00:00,KYIV-011-3,KYIV-011,Band 1 (2100MHz),-84.2,-11.7,10.7,49.0,38.8,87.7
2026-01-15 09:00:00,KYIV-012-1,KYIV-012,Band 3 (1800MHz),-86.3,-11.9,5.7,57.9,15.9,82.8
2026-01-15 09:00:00,KYIV-012-2,KYIV-012,Band 3 (1800MHz),-89.9,-10.2,5.8,40.5,27.5,116.8
2026-01-15 09:00:00,KYIV-012-3,KYIV-012,Band 3 (1800MHz),-91.1,-9.7,13.3,35.0,21.6,72.1
2026-01-15 09:00:00,KYIV-013-1,KYIV-013,Band 1 (2100MHz),-91.5,-12.6,15.7,53.3,36.6,83.4
2026-01-15 09:00:00,KYIV-013-2,KYIV-013,Band 1 (2100MHz),-84.9,-10.2,8.4,58.4,25.4,77.0
2026-01-15 09:00:00,KYIV-013-3,KYIV-013,Band 1 (2100MHz),-88.9,-11.0,14.4,34.6,40.0,63.6
2026-01-15 09:00:00,KYIV-014-1,KYIV-014,Band 3 (1800MHz),-83.5,-12.3,17.5,59.6,36.6,85.6
2026-01-15 09:00:00,KYIV-014-2,KYIV-014,Band 3 (1800MHz),-104.7,-14.5,7.2,53.3,36.9,61.9
2026-01-15 09:00:00,KYIV-014-3,KYIV-014,Band 3 (1800MHz),-83.2,-11.7,9.1,63.6,25.3,108.5
2026-01-15 09:00:00,KYIV-015-1,KYIV-015,Band 1 (2100MHz),-92.9,-9.2,22.3,57.6,35.0,98.6
2026-01-15 09:00:00,KYIV-015-2,KYIV-015,Band 1 (2100MHz),-81.6,-9.5,17.9,57.0,42.9,82.4
2026-01-15 09:00:00,KYIV-015-3,KYIV-015,Band 1 (2100MHz),-94.0,-12.4,11.0,63.6,26.0,29.9
2026-01-15 09:00:00,KYIV-016-1,KYIV-016,Band 3 (1800MHz),-86.3,-10.2,13.1,46.0,30.2,73.7
2026-01-15 09:00:00,KYIV-016-2,KYIV-016,Band 3 (1800MHz),-88.8,-13.4,19.1,57.4,30.1,70.6
2026-01-15 09:00:00,KYIV-016-3,KYIV-016,Band 3 (1800MHz),-86.6,-7.1,12.6,52.0,30.2,52.1
2026-01-15 10:00:00,KYIV-001-1,KYIV-001,Band 1 (2100MHz),-85.1,-7.6,6.4,0.0,14.5,0.0
2026-01-15 10:00:00,KYIV-001-2,KYIV-001,Band 1 (2100MHz),-84.0,-7.6,15.8,16.8,0.0,0.0
2026-01-15 10:00:00,KYIV-001-3,KYIV-001,Band 1 (2100MHz),-93.9,-7.3,9.3,2.1,7.2,11.2
2026-01-15 10:00:00,KYIV-002-1,KYIV-002,Band 3 (1800MHz),-105.4,-10.8,6.0,31.3,0.0,0.0
2026-01-15 10:00:00,KYIV-002-2,KYIV-002,Band 3 (1800MHz),-97.8,-14.4,1.5,8.7,6.9,46.3
2026-01-15 10:00:00,KYIV-002-3,KYIV-002,Band 3 (1800MHz),-86.3,-9.7,10.5,12.7,3.2,62.5
2026-01-15 10:00:00,KYIV-003-1,KYIV-003,Band 1 (2100MHz),-89.7,-5.1,8.4,23.5,0.0,0.0
2026-01-15 10:00:00,KYIV-003-2,KYIV-003,Band 1 (2100MHz),-85.5,-7.7,12.3,21.7,10.8,4.6
2026-01-15 10:00:00,KYIV-003-3,KYIV-003,Band 1 (2100MHz),-87.6,-7.8,14.0,28.8,0.0,0.0
2026-01-15 10:00:00,KYIV-004-1,KYIV-004,Band 3 (1800MHz),-86.2,-12.9,10.8,14.8,3.1,4.4
2026-01-15 10:00:00,KYIV-004-2,KYIV-004,Band 3 (1800MHz),-89.3,-8.5,12.9,2.1,7.1,0.0
2026-01-15 10:00:00,KYIV-004-3,KYIV-004,Band 3 (1800MHz),-90.0,-6.9,15.0,13.7,20.2,0.0
2026-01-15 10:00:00,KYIV-005-1,KYIV-005,Band 1 (2100MHz),-89.2,-8.2,9.6,3.7,6.3,75.5
2026-01-15 10:00:00,KYIV-005-2,KYIV-005,Band 1 (2100MHz),-77.1,-7.9,14.6,2.0,0.0,19.2
2026-01-15 10:00:00,KYIV-005-3,KYIV-005,Band 1 (2100MHz),-96.5,-13.9,4.6,15.7,0.0,33.0
2026-01-15 10:00:00,KYIV-006-1,KYIV-006,Band 3 (1800MHz),-83.9,-6.5,12.5,0.0,13.8,37.8
2026-01-15 10:00:00,KYIV-006-2,KYIV-006,Band 3 (1800MHz),-82.0,-6.3,23.6,17.3,3.6,41.1
2026-01-15 10:00:00,KYIV-006-3,KYIV-006,Band 3 (1800MHz),-86.6,-2.4,8.5,6.2,21.9,0.0
2026-01-15 10:00:00,KYIV-007-1,KYIV-007,Band 1 (2100MHz),-83.6,-4.8,16.1,25.4,26.4,24.9
2026-01-15 10:00:00,KYIV-007-2,KYIV-007,Band 1 (2100MHz),-92.7,-7.1,4.7,1.6,9.5,3.2
2026-01-15 10:00:00,KYIV-007-3,KYIV-007,Band 1 (2100MHz),-87.5,-7.5,15.2,25.7,13.3,18.7
2026-01-15 10:00:00,KYIV-008-1,KYIV-008,Band 3 (1800MHz),-89.3,-6.9,11.2,31.1,0.0,4.9
2026-01-15 10:00:00,KYIV-008-2,KYIV-008,Band 3 (1800MHz),-85.2,-9.0,15.0,8.8,33.1,1.2
2026-01-15 10:00:00,KYIV-008-3,KYIV-008,Band 3 (1800MHz),-94.7,-8.5,9.6,28.4,0.0,24.2
2026-01-15 10:00:00,KYIV-009-1,KYIV-009,Band 1 (2100MHz),-87.9,-6.3,11.6,0.0,28.9,5.2
2026-01-15 10:00:00,KYIV-009-2,KYIV-009,Band 1 (2100MHz),-90.1,-8.2,4.5,24.1,6.5,36.7
2026-01-15 10:00:00,KYIV-009-3,KYIV-009,Band 1 (2100MHz),-83.4,-5.9,16.9,14.1,12.4,43.1
2026-01-15 10:00:00,KYIV-010-1,KYIV-010,Band 3 (1800MHz),-94.1,-8.1,6.1,24.2,0.0,20.9
2026-01-15 10:00:00,KYIV-010-2,KYIV-010,Band 3 (1800MHz),-87.6,-9.9,3.8,12.8,15.6,37.9
2026-01-15 10:00:00,KYIV-010-3,KYIV-010,Band 3 (1800MHz),-87.7,-10.8,10.7,0.0,1.6,35.2
2026-01-15 10:00:00,KYIV-011-1,KYIV-011,Band 1 (2100MHz),-83.9,-9.5,14.1,0.0,21.3,27.8
2026-01-15 10:00:00,KYIV-011-2,KYIV-011,Band 1 (2100MHz),-79.6,-5.6,8.2,20.2,0.0,34.7
2026-01-15 10:00:00,KYIV-011-3,KYIV-011,Band 1 (2100MHz),-93.0,-9.9,21.6,18.6,4.0,45.2
2026-01-15 10:00:00,KYIV-012-1,KYIV-012,Band 3 (1800MHz),-86.2,-6.9,16.5,16.4,11.8,38.8
2026-01-15 10:00:00,KYIV-012-2,KYIV-012,Band 3 (1800MHz),-90.7,-9.0,7.1,22.3,0.0,30.6
2026-01-15 10:00:00,KYIV-012-3,KYIV-012,Band 3 (1800MHz),-80.8,-8.6,21.0,7.1,10.4,12.6
2026-01-15 10:00:00,KYIV-013-1,KYIV-013,Band 1 (2100MHz),-89.2,-8.6,5.7,36.6,6.5,31.1
2026-01-15 10:00:00,KYIV-013-2,KYIV-013,Band 1 (2100MHz),-87.6,-7.7,22.5,18.5,0.0,35.9
2026-01-15 10:00:00,KYIV-013-3,KYIV-013,Band 1 (2100MHz),-85.9,-4.4,16.7,11.8,2.5,44.0
2026-01-15 10:00:00,KYIV-014-1,KYIV-014,Band 3 (1800MHz),-82.1,-5.9,16.3,5.1,9.6,18.1
2026-01-15 10:00:00,KYIV-014-2,KYIV-014,Band 3 (1800MHz),-100.0,-11.8,7.8,0.0,17.4,50.4
2026-01-15 10:00:00,KYIV-014-3,KYIV-014,Band 3 (1800MHz),-92.2,-4.8,10.9,12.4,2.6,18.5
2026-01-15 10:00:00,KYIV-015-1,KYIV-015,Band 1 (2100MHz),-87.6,-7.4,17.3,10.9,0.0,19.3
2026-01-15 10:00:00,KYIV-015-2,KYIV-015,Band 1 (2100MHz),-89.8,-12.4,15.3,8.4,20.3,59.0
2026-01-15 10:00:00,KYIV-015-3,KYIV-015,Band 1 (2100MHz),-85.2,-8.9,11.2,24.6,6.7,45.9
2026-01-15 10:00:00,KYIV-016-1,KYIV-016,Band 3 (1800MHz),-88.4,-10.3,16.1,40.5,3.3,55.8
2026-01-15 10:00:00,KYIV-016-2,KYIV-016,Band 3 (1800MHz),-84.8,-11.5,12.9,16.3,13.3,37.2
2026-01-15 10:00:00,KYIV-016-3,KYIV-016,Band 3 (1800MHz),-86.7,-10.0,11.1,47.1,8.2,6.0
2026-01-15 11:00:00,KYIV-001-1,KYIV-001,Band 1 (2100MHz),-87.3,-12.1,11.6,32.1,37.5,44.7
2026-01-15 11:00:00,KYIV-001-2,KYIV-001,Band 1 (2100MHz),-90.8,-8.8,16.5,44.9,20.4,74.9
2026-01-15 11:00:00,KYIV-001-3,KYIV-001,Band 1 (2100MHz),-87.1,-8.8,12.7,45.1,21.7,77.1
2026-01-15 11:00:00,KYIV-002-1,KYIV-002,Band 3 (1800MHz),-100.1,-14.9,-0.8,59.1,24.2,99.6
2026-01-15 11:00:00,KYIV-002-2,KYIV-002,Band 3 (1800MHz),-101.6,-15.0,-1.7,29.0,25.2,101.1
2026-01-15 11:00:00,KYIV-002-3,KYIV-002,Band 3 (1800MHz),-90.3,-8.3,8.1,60.0,35.3,96.0
2026-01-15 11:00:00,KYIV-003-1,KYIV-003,Band 1 (2100MHz),-88.6,-6.2,19.7,25.3,28.2,46.0
2026-01-15 11:00:00,KYIV-003-2,KYIV-003,Band 1 (2100MHz),-86.7,-6.6,9.4,28.4,18.2,92.0
2026-01-15 11:00:00,KYIV-003-3,KYIV-003,Band 1 (2100MHz),-80.8,-11.8,17.1,55.0,21.0,79.4
2026-01-15 11:00:00,KYIV-004-1,KYIV-004,Band 3 (1800MHz),-90.7,-9.6,15.2,38.1,32.9,101.8
2026-01-15 11:00:00,KYIV-004-2,KYIV-004,Band 3 (1800MHz),-81.6,-10.8,12.5,33.9,33.3,69.5
2026-01-15 11:00:00,KYIV-004-3,KYIV-004,Band 3 (1800MHz),-86.9,-12.1,7.8,45.6,35.1,66.6
2026-01-15 11:00:00,KYIV-005-1,KYIV-005,Band 1 (2100MHz),-85.8,-11.2,19.2,51.3,23.2,84.7
2026-01-15 11:00:00,KYIV-005-2,KYIV-005,Band 1 (2100MHz),-80.2,-11.2,15.8,48.0,39.8,84.1
2026-01-15 11:00:00,KYIV-005-3,KYIV-005,Band 1 (2100MHz),-102.2,-9.8,7.7,58.0,36.8,50.9
2026-01-15 11:00:00,KYIV-006-1,KYIV-006,Band 3 (1800MHz),-80.5,-4.9,19.4,51.9,19.1,79.5
2026-01-15 11:00:00,KYIV-006-2,KYIV-006,Band 3 (1800MHz),-88.6,-13.7,10.2,36.9,10.8,104.9
2026-01-15 11:00:00,KYIV-006-3,KYIV-006,Band 3 (1800MHz),-86.4,-8.4,5.1,31.2,32.6,82.7
2026-01-15 11:00:00,KYIV-007-1,KYIV-007,Band 1 (2100MHz),-88.9,-9.8,12.8,50.2,41.6,76.9
2026-01-15 11:00:00,KYIV-007-2,KYIV-007,Band 1 (2100MHz),-87.5,-8.8,21.6,52.5,49.1,24.6
2026-01-15 11:00:00,KYIV-007-3,KYIV-007,Band 1 (2100MHz),-82.1,-10.7,11.6,48.2,24.5,39.0
2026-01-15 11:00:00,KYIV-008-1,KYIV-008,Band 3 (1800MHz),-90.9,-10.7,11.4,55.2,35.3,43.8
2026-01-15 11:00:00,KYIV-008-2,KYIV-008,Band 3 (1800MHz),-85.3,-11.1,15.6,65.7,24.7,102.9
2026-01-15 11:00:00,KYIV-008-3,KYIV-008,Band 3 (1800MHz),-94.7,-8.5,23.9,51.0,21.6,103.4
2026-01-15 11:00:00,KYIV-009-1,KYIV-009,Band 1 (2100MHz),-93.7,-7.2,19.6,53.4,27.8,75.5
2026-01-15 11:00:00,KYIV-009-2,KYIV-009,Band 1 (2100MHz),-90.0,-8.9,6.9,51.5,27.7,60.0
2026-01-15 11:00:00,KYIV-009-3,KYIV-009,Band 1 (2100MHz),-85.4,-6.9,7.7,44.1,39.2,84.8
2026-01-15 11:00:00,KYIV-010-1,KYIV-010,Band 3 (1800MHz),-89.9,-11.3,11.4,52.9,29.7,63.8
2026-01-15 11:00:00,KYIV-010-2,KYIV-010,Band 3 (1800MHz),-82.2,-9.9,14.5,31.9,20.4,58.1
2026-01-15 11:00:00,KYIV-010-3,KYIV-010,Band 3 (1800MHz),-86.3,-8.5,1.2,49.1,43.5,43.4
2026-01-15 11:00:00,KYIV-011-1,KYIV-011,Band 1 (2100MHz),-81.8,-6.4,13.6,53.3,18.8,87.9
2026-01-15 11:00:00,KYIV-011-2,KYIV-011,Band 1 (2100MHz),-78.5,-12.4,13.9,74.5,38.5,89.1
2026-01-15 11:00:00,KYIV-011-3,KYIV-011,Band 1 (2100MHz),-82.6,-11.2,3.2,61.0,20.4,82.2
2026-01-15 11:00:00,KYIV-012-1,KYIV-012,Band 3 (1800MHz),-87.7,-11.9,10.6,66.4,36.6,112.8
2026-01-15 11:00:00,KYIV-012-2,KYIV-012,Band 3 (1800MHz),-81.6,-10.0,14.6,67.1,29.4,53.6
2026-01-15 11:00:00,KYIV-012-3,KYIV-012,Band 3 (1800MHz),-92.4,-8.7,13.5,62.4,32.2,97.8
2026-01-15 11:00:00,KYIV-013-1,KYIV-013,Band 1 (2100MHz),-86.0,-8.6,15.7,49.1,41.3,31.4
2026-01-15 11:00:00,KYIV-013-2,KYIV-013,Band 1 (2100MHz),-84.6,-2.8,15.4,54.1,16.5,48.8
2026-01-15 11:00:00,KYIV-013-3,KYIV-013,Band 1 (2100MHz),-85.5,-8.4,2.8,48.5,34.0,74.9
2026-01-15 11:00:00,KYIV-014-1,KYIV-014,Band 3 (1800MHz),-87.6,-12.8,21.5,51.5,26.9,49.3
2026-01-15 11:00:00,KYIV-014-2,KYIV-014,Band 3 (1800MHz),-96.0,-13.4,2.8,60.8,29.5,72.3
2026-01-15 11:00:00,KYIV-014-3,KYIV-014,Band 3 (1800MHz),-90.7,-8.6,18.1,49.9,22.0,118.6
2026-01-15 11:00:00,KYIV-015-1,KYIV-015,Band 1 (2100MHz),-96.3,-10.6,7.3,37.3,26.4,81.5
2026-01-15 11:00:00,KYIV-015-2,KYIV-015,Band 1 (2100MHz),-87.9,-12.3,15.7,52.3,19.3,99.0
2026-01-15 11:00:00,KYIV-015-3,KYIV-015,Band 1 (2100MHz),-93.3,-9.2,10.3,43.5,26.5,79.6
2026-01-15 11:00:00,KYIV-016-1,KYIV-016,Band 3 (1800MHz),-85.4,-10.7,12.6,42.0,20.7,70.3
2026-01-15 11:00:00,KYIV-016-2,KYIV-016,Band 3 (1800MHz),-83.4,-8.5,19.7,60.0,27.6,80.8
2026-01-15 11:00:00,KYIV-016-3,KYIV-016,Band 3 (1800MHz),-91.6,-10.2,16.6,48.2,24.7,51.3
2026-01-15 12:00:00,KYIV-001-1,KYIV-001,Band 1 (2100MHz),-88.5,-7.5,17.9,47.0,24.1,60.7
2026-01-15 12:00:00,KYIV-001-2,KYIV-001,Band 1 (2100MHz),-88.3,-6.5,9.3,39.7,19.7,102.6
2026-01-15 12:00:00,KYIV-001-3,KYIV-001,Band 1 (2100MHz),-85.3,-8.2,9.6,41.2,29.3,101.9
2026-01-15 12:00:00,KYIV-002-1,KYIV-002,Band 3 (1800MHz),-93.8,-13.4,4.2,58.9,24.1,4.5
2026-01-15 12:00:00,KYIV-002-2,KYIV-002,Band 3 (1800MHz),-104.3,-15.0,3.1,32.1,40.5,104.9
2026-01-15 12:00:00,KYIV-002-3,KYIV-002,Band 3 (1800MHz),-90.5,-11.9,22.9,61.2,4.3,59.0
2026-01-15 12:00:00,KYIV-003-1,KYIV-003,Band 1 (2100MHz),-94.4,-10.8,15.7,47.5,27.3,45.3
2026-01-15 12:00:00,KYIV-003-2,KYIV-003,Band 1 (2100MHz),-82.8,-12.5,16.5,39.5,21.1,60.2
2026-01-15 12:00:00,KYIV-003-3,KYIV-003,Band 1 (2100MHz),-89.0,-10.6,15.6,35.6,29.9,79.8
2026-01-15 12:00:00,KYIV-004-1,KYIV-004,Band 3 (1800MHz),-88.3,-10.6,18.8,43.2,30.5,112.1
2026-01-15 12:00:00,KYIV-004-2,KYIV-004,Band 3 (1800MHz),-85.7,-9.5,8.3,55.7,20.6,106.1
2026-01-15 12:00:00,KYIV-004-3,KYIV-004,Band 3 (1800MHz),-83.8,-6.5,15.5,45.0,28.3,79.4
2026-01-15 12:00:00,KYIV-005-1,KYIV-005,Band 1 (2100MHz),-92.3,-11.3,15.6,23.3,31.0,91.4
2026-01-15 12:00:00,KYIV-005-2,KYIV-005,Band 1 (2100MHz),-87.7,-8.3,11.6,32.2,9.5,86.4
2026-01-15 12:00:00,KYIV-005-3,KYIV-005,Band 1 (2100MHz),-98.1,-12.5,7.3,45.3,18.8,74.1
2026-01-15 12:00:00,KYIV-006-1,KYIV-006,Band 3 (1800MHz),-92.6,-9.7,13.9,51.4,12.1,73.3
2026-01-15 12:00:00,KYIV-006-2,KYIV-006,Band 3 (1800MHz),-87.2,-12.4,10.4,43.5,28.7,44.7
2026-01-15 12:00:00,KYIV-006-3,KYIV-006,Band 3 (1800MHz),-87.8,-9.0,13.5,69.9,29.5,96.5
2026-01-15 12:00:00,KYIV-007-1,KYIV-007,Band 1 (2100MHz),-85.3,-10.2,15.9,64.8,14.2,92.3
2026-01-15 12:00:00,KYIV-007-2,KYIV-007,Band 1 (2100MHz),-85.3,-12.4,13.1,43.8,36.4,88.1
2026-01-15 12:00:00,KYIV-007-3,KYIV-007,Band 1 (2100MHz),-87.8,-10.4,10.4,41.7,17.9,80.4
2026-01-15 12:00:00,KYIV-008-1,KYIV-008,Band 3 (1800MHz),-85.3,-10.1,13.6,51.1,28.4,84.7
2026-01-15 12:00:00,KYIV-008-2,KYIV-008,Band 3 (1800MHz),-89.4,-8.0,4.1,49.1,26.5,99.7
2026-01-15 12:00:00,KYIV-008-3,KYIV-008,Band 3 (1800MHz),-84.5,-9.9,14.3,58.6,30.9,96.9
2026-01-15 12:00:00,KYIV-009-1,KYIV-009,Band 1 (2100MHz),-76.9,-9.3,11.5,49.9,28.0,82.3
2026-01-15 12:00:00,KYIV-009-2,KYIV-009,Band 1 (2100MHz),-90.1,-10.0,12.4,44.0,6.4,74.2
2026-01-15 12:00:00,KYIV-009-3,KYIV-009,Band 1 (2100MHz),-97.0,-7.5,13.8,51.3,8.5,81.5
2026-01-15 12:00:00,KYIV-010-1,KYIV-010,Band 3 (1800MHz),-84.3,-8.0,11.5,59.7,35.5,88.8
2026-01-15 12:00:00,KYIV-010-2,KYIV-010,Band 3 (1800MHz),-80.3,-8.8,11.9,45.6,27.4,99.2
2026-01-15 12:00:00,KYIV-010-3,KYIV-010,Band 3 (1800MHz),-79.9,-10.2,9.0,37.2,39.8,94.0
2026-01-15 12:00:00,KYIV-011-1,KYIV-011,Band 1 (2100MHz),-85.0,-9.2,2.5,54.9,31.3,106.0
2026-01-15 12:00:00,KYIV-011-2,KYIV-011,Band 1 (2100MHz),-88.9,-8.5,14.7,38.7,23.8,55.0
2026-01-15 12:00:00,KYIV-011-3,KYIV-011,Band 1 (2100MHz),-84.4,-10.2,15.9,54.8,21.9,67.0
2026-01-15 12:00:00,KYIV-012-1,KYIV-012,Band 3 (1800MHz),-94.1,-11.9,9.9,51.4,23.3,99.6
2026-01-15 12:00:00,KYIV-012-2,KYIV-012,Band 3 (1800MHz),-80.7,-8.6,12.5,36.8,12.3,88.8
2026-01-15 12:00:00,KYIV-012-3,KYIV-012,Band 3 (1800MHz),-91.4,-7.1,8.9,46.5,28.0,77.6
2026-01-15 12:00:00,KYIV-013-1,KYIV-013,Band 1 (2100MHz),-90.6,-9.5,13.0,43.2,30.9,117.3
2026-01-15 12:00:00,KYIV-013-2,KYIV-013,Band 1 (2100MHz),-84.4,-11.1,9.6,46.0,23.3,57.7
2026-01-15 12:00:00,KYIV-013-3,KYIV-013,Band 1 (2100MHz),-88.6,-12.4,15.1,54.1,38.8,57.4
2026-01-15 12:00:00,KYIV-014-1,KYIV-014,Band 3 (1800MHz),-85.1,-12.4,8.4,39.1,7.8,69.8
2026-01-15 12:00:00,KYIV-014-2,KYIV-014,Band 3 (1800MHz),-98.8,-13.1,6.6,36.6,25.7,56.5
2026-01-15 12:00:00,KYIV-014-3,KYIV-014,Band 3 (1800MHz),-92.1,-11.7,0.1,53.3,21.2,111.1
2026-01-15 12:00:00,KYIV-015-1,KYIV-015,Band 1 (2100MHz),-84.6,-8.4,10.5,54.8,27.1,90.6
2026-01-15 12:00:00,KYIV-015-2,KYIV-015,Band 1 (2100MHz),-85.1,-7.4,13.1,42.8,30.4,81.5
2026-01-15 12:00:00,KYIV-015-3,KYIV-015,Band 1 (2100MHz),-93.6,-10.5,18.4,45.3,31.6,81.6
2026-01-15 12:00:00,KYIV-016-1,KYIV-016,Band 3 (1800MHz),-82.9,-11.1,8.3,46.8,21.0,46.5
2026-01-15 12:00:00,KYIV-016-2,KYIV-016,Band 3 (1800MHz),-91.6,-9.4,11.3,33.7,14.3,67.4
2026-01-15 12:00:00,KYIV-016-3,KYIV-016,Band 3 (1800MHz),-92.4,-8.7,3.4,25.8,25.1,60.7
2026-01-15 13:00:00,KYIV-001-1,KYIV-001,Band 1 (2100MHz),-84.1,-11.3,15.0,44.2,23.8,108.3
2026-01-15 13:00:00,KYIV-001-2,KYIV-001,Band 1 (2100MHz),-93.8,-9.6,15.2,51.8,29.9,71.0
2026-01-15 13:00:00,KYIV-001-3,KYIV-001,Band 1 (2100MHz),-85.8,-11.5,12.7,48.0,20.3,82.5
2026-01-15 13:00:00,KYIV-002-1,KYIV-002,Band 3 (1800MHz),-97.1,-14.5,9.8,48.9,24.9,86.4
2026-01-15 13:00:00,KYIV-002-2,KYIV-002,Band 3 (1800MHz),-104.0,-11.6,8.5,42.5,13.5,97.8
2026-01-15 13:00:00,KYIV-002-3,KYIV-002,Band 3 (1800MHz),-84.6,-7.3,11.6,24.6,27.9,69.8
2026-01-15 13:00:00,KYIV-003-1,KYIV-003,Band 1 (2100MHz),-90.2,-9.8,10.2,56.8,31.3,77.8
2026-01-15 13:00:00,KYIV-003-2,KYIV-003,Band 1 (2100MHz),-91.8,-10.6,13.6,50.2,40.2,60.4
2026-01-15 13:00:00,KYIV-003-3,KYIV-003,Band 1 (2100MHz),-86.3,-12.8,10.3,42.0,20.6,87.7
2026-01-15 13:00:00,KYIV-004-1,KYIV-004,Band 3 (1800MHz),-87.8,-12.6,17.1,50.6,36.3,74.0
2026-01-15 13:00:00,KYIV-004-2,KYIV-004,Band 3 (1800MHz),-92.3,-10.0,13.5,63.5,24.5,89.6
2026-01-15 13:00:00,KYIV-004-3,KYIV-004,Band 3 (1800MHz),-89.2,-7.3,24.4,43.3,30.0,67.3
2026-01-15 13:00:00,KYIV-005-1,KYIV-005,Band 1 (2100MHz),-91.1,-9.9,7.6,55.0,27.6,110.1
2026-01-15 13:00:00,KYIV-005-2,KYIV-005,Band 1 (2100MHz),-88.0,-10.6,11.7,35.1,28.8,45.2
2026-01-15 13:00:00,KYIV-005-3,KYIV-005,Band 1 (2100MHz),-95.8,-14.3,4.6,55.9,30.7,61.1
2026-01-15 13:00:00,KYIV-006-1,KYIV-006,Band 3 (1800MHz),-90.7,-10.8,8.2,36.4,35.1,58.5
2026-01-15 13:00:00,KYIV-006-2,KYIV-006,Band 3 (1800MHz),-81.7,-8.2,16.8,54.6,24.8,80.1
2026-01-15 13:00:00,KYIV-006-3,KYIV-006,Band 3 (1800MHz),-85.7,-10.4,12.8,62.7,6.7,70.4
2026-01-15 13:00:00,KYIV-007-1,KYIV-007,Band 1 (2100MHz),-87.2,-8.5,22.2,43.4,19.9,49.5
2026-01-15 13:00:00,KYIV-007-2,KYIV-007,Band 1 (2100MHz),-86.6,-7.0,15.4,52.2,23.3,67.1
2026-01-15 13:00:00,KYIV-007-3,KYIV-007,Band 1 (2100MHz),-84.1,-11.0,16.5,36.9,23.1,77.3
2026-01-15 13:00:00,KYIV-008-1,KYIV-008,Band 3 (1800MHz),-91.3,-10.5,14.0,37.4,31.6,106.6
2026-01-15 13:00:00,KYIV-008-2,KYIV-008,Band 3 (1800MHz),-93.6,-9.5,14.4,24.0,15.8,48.3
2026-01-15 13:00:00,KYIV-008-3,KYIV-008,Band 3 (1800MHz),-86.1,-12.6,9.2,61.6,17.0,88.6
2026-01-15 13:00:00,KYIV-009-1,KYIV-009,Band 1 (2100MHz),-86.4,-10.9,12.0,52.7,32.5,43.1
2026-01-15 13:00:00,KYIV-009-2,KYIV-009,Band 1 (2100MHz),-86.6,-9.3,9.3,56.9,25.6,81.9
2026-01-15 13:00:00,KYIV-009-3,KYIV-009,Band 1 (2100MHz),-87.3,-13.2,17.2,50.9,18.0,97.0
2026-01-15 13:00:00,KYIV-010-1,KYIV-010,Band 3 (1800MHz),-88.8,-9.0,16.5,21.6,17.1,79.5
2026-01-15 13:00:00,KYIV-010-2,KYIV-010,Band 3 (1800MHz),-82.1,-10.5,12.5,33.6,14.8,65.5
2026-01-15 13:00:00,KYIV-010-3,KYIV-010,Band 3 (1800MHz),-84.5,-10.5,4.1,65.6,28.7,50.7
2026-01-15 13:00:00,KYIV-011-1,KYIV-011,Band 1 (2100MHz),-83.7,-15.2,24.1,53.8,26.4,90.0
2026-01-15 13:00:00,KYIV-011-2,KYIV-011,Band 1 (2100MHz),-82.7,-9.3,17.1,40.2,40.1,40.5
2026-01-15 13:00:00,KYIV-011-3,KYIV-011,Band 1 (2100MHz),-81.2,-10.4,21.2,60.2,17.7,125.2
2026-01-15 13:00:00,KYIV-012-1,KYIV-012,Band 3 (1800MHz),-86.2,-8.2,12.3,58.7,21.6,60.6
2026-01-15 13:00:00,KYIV-012-2,KYIV-012,Band 3 (1800MHz),-87.1,-7.4,19.9,47.2,27.0,70.7
2026-01-15 13:00:00,KYIV-012-3,KYIV-012,Band 3 (1800MHz),-85.5,-11.1,13.5,46.2,24.2,78.8
2026-01-15 13:00:00,KYIV-013-1,KYIV-013,Band 1 (2100MHz),-89.2,-11.2,14.3,45.0,39.2,62.6
2026-01-15 13:00:00,KYIV-013-2,KYIV-013,Band 1 (2100MHz),-83.0,-7.3,13.6,37.8,37.5,62.4
2026-01-15 13:00:00,KYIV-013-3,KYIV-013,Band 1 (2100MHz),-86.5,-9.9,12.3,37.7,38.5,89.5
2026-01-15 13:00:00,KYIV-014-1,KYIV-014,Band 3 (1800MHz),-84.9,-11.7,13.0,42.6,13.5,84.6
2026-01-15 13:00:00,KYIV-014-2,KYIV-014,Band 3 (1800MHz),-104.0,-12.6,-2.6,55.0,17.2,85.0
2026-01-15 13:00:00,KYIV-014-3,KYIV-014,Band 3 (1800MHz),-88.0,-12.1,7.1,45.7,19.6,85.4
2026-01-15 13:00:00,KYIV-015-1,KYIV-015,Band 1 (2100MHz),-93.2,-12.1,14.3,35.8,27.6,47.9
2026-01-15 13:00:00,KYIV-015-2,KYIV-015,Band 1 (2100MHz),-89.0,-11.4,11.6,37.9,27.7,57.8
2026-01-15 13:00:00,KYIV-015-3,KYIV-015,Band 1 (2100MHz),-86.9,-12.7,13.8,35.2,19.3,58.4
2026-01-15 13:00:00,KYIV-016-1,KYIV-016,Band 3 (1800MHz),-88.0,-11.8,15.1,44.2,17.7,28.8
2026-01-15 13:00:00,KYIV-016-2,KYIV-016,Band 3 (1800MHz),-92.9,-9.0,21.4,59.8,31.0,84.3
2026-01-15 13:00:00,KYIV-016-3,KYIV-016,Band 3 (1800MHz),-91.2,-8.7,15.2,62.5,19.1,94.2
2026-01-15 14:00:00,KYIV-001-1,KYIV-001,Band 1 (2100MHz),-80.9,-10.8,16.0,38.4,45.0,85.3
2026-01-15 14:00:00,KYIV-001-2,KYIV-001,Band 1 (2100MHz),-89.0,-12.4,3.7,47.8,20.7,60.5
2026-01-15 14:00:00,KYIV-001-3,KYIV-001,Band 1 (2100MHz),-89.0,-11.2,13.6,30.4,28.1,108.2
2026-01-15 14:00:00,KYIV-002-1,KYIV-002,Band 3 (1800MHz),-95.5,-13.9,6.4,48.0,32.1,60.8
2026-01-15 14:00:00,KYIV-002-2,KYIV-002,Band 3 (1800MHz),-97.7,-12.4,4.9,62.1,34.5,100.3
2026-01-15 14:00:00,KYIV-002-3,KYIV-002,Band 3 (1800MHz),-90.2,-8.5,17.6,47.7,28.5,103.3
2026-01-15 14:00:00,KYIV-003-1,KYIV-003,Band 1 (2100MHz),-86.2,-7.6,14.8,64.1,27.5,66.0
2026-01-15 14:00:00,KYIV-003-2,KYIV-003,Band 1 (2100MHz),-87.9,-10.3,16.1,26.4,29.2,116.9
2026-01-15 14:00:00,KYIV-003-3,KYIV-003,Band 1 (2100MHz),-88.0,-10.4,9.1,44.7,20.9,80.7
2026-01-15 14:00:00,KYIV-004-1,KYIV-004,Band 3 (1800MHz),-83.9,-9.6,10.5,62.2,24.9,84.5
2026-01-15 14:00:00,KYIV-004-2,KYIV-004,Band 3 (1800MHz),-86.3,-9.9,15.8,51.5,10.9,63.7
2026-01-15 14:00:00,KYIV-004-3,KYIV-004,Band 3 (1800MHz),-91.0,-11.2,7.4,46.3,34.3,69.3
2026-01-15 14:00:00,KYIV-005-1,KYIV-005,Band 1 (2100MHz),-87.4,-12.7,13.5,33.1,31.8,100.4
2026-01-15 14:00:00,KYIV-005-2,KYIV-005,Band 1 (2100MHz),-83.0,-7.7,14.1,69.6,21.7,74.7
2026-01-15 14:00:00,KYIV-005-3,KYIV-005,Band 1 (2100MHz),-102.5,-12.3,4.7,53.9,43.4,76.5
2026-01-15 14:00:00,KYIV-006-1,KYIV-006,Band 3 (1800MHz),-84.5,-11.2,8.8,46.2,22.3,105.4
2026-01-15 14:00:00,KYIV-006-2,KYIV-006,Band 3 (1800MHz),-89.0,-8.4,16.3,41.5,32.0,54.3
2026-01-15 14:00:00,KYIV-006-3,KYIV-006,Band 3 (1800MHz),-84.8,-12.4,3.1,33.7,25.9,84.8
2026-01-15 14:00:00,KYIV-007-1,KYIV-007,Band 1 (2100MHz),-88.6,-10.8,9.0,5.9,24.8,62.4
2026-01-15 14:00:00,KYIV-007-2,KYIV-007,Band 1 (2100MHz),-87.9,-10.0,10.3,35.2,18.5,84.1
2026-01-15 14:00:00,KYIV-007-3,KYIV-007,Band 1 (2100MHz),-83.2,-11.7,15.3,76.5,43.5,89.3
2026-01-15 14:00:00,KYIV-008-1,KYIV-008,Band 3 (1800MHz),-82.7,-7.2,22.6,37.5,20.2,52.6
2026-01-15 14:00:00,KYIV-008-2,KYIV-008,Band 3 (1800MHz),-85.0,-12.3,14.5,58.5,18.2,91.8
2026-01-15 14:00:00,KYIV-008-3,KYIV-008,Band 3 (1800MHz),-90.4,-10.5,12.5,16.1,28.7,66.1
2026-01-15 14:00:00,KYIV-009-1,KYIV-009,Band 1 (2100MHz),-82.8,-11.0,8.8,66.2,27.2,63.8
2026-01-15 14:00:00,KYIV-009-2,KYIV-009,Band 1 (2100MHz),-91.0,-10.2,13.2,39.4,22.1,81.9
2026-01-15 14:00:00,KYIV-009-3,KYIV-009,Band 1 (2100MHz),-91.7,-10.9,10.0,46.8,21.0,80.2
2026-01-15 14:00:00,KYIV-010-1,KYIV-010,Band 3 (1800MHz),-84.5,-13.3,4.7,51.0,23.5,78.5
2026-01-15 14:00:00,KYIV-010-2,KYIV-010,Band 3 (1800MHz),-82.6,-9.5,12.2,42.9,27.1,87.4
2026-01-15 14:00:00,KYIV-010-3,KYIV-010,Band 3 (1800MHz),-86.2,-6.9,15.1,59.1,31.1,89.0
2026-01-15 14:00:00,KYIV-011-1,KYIV-011,Band 1 (2100MHz),-89.0,-8.6,20.6,61.6,9.6,96.8
2026-01-15 14:00:00,KYIV-011-2,KYIV-011,Band 1 (2100MHz),-80.9,-9.7,9.3,64.0,35.9,89.7
2026-01-15 14:00:00,KYIV-011-3,KYIV-011,Band 1 (2100MHz),-85.3,-12.4,11.1,61.0,33.9,62.3
2026-01-15 14:00:00,KYIV-012-1,KYIV-012,Band 3 (1800MHz),-81.4,-10.9,5.1,67.5,33.2,68.4
2026-01-15 14:00:00,KYIV-012-2,KYIV-012,Band 3 (1800MHz),-89.2,-5.7,12.4,45.7,39.8,64.4
2026-01-15 14:00:00,KYIV-012-3,KYIV-012,Band 3 (1800MHz),-87.8,-10.9,15.2,45.6,35.6,70.2
2026-01-15 14:00:00,KYIV-013-1,KYIV-013,Band 1 (2100MHz),-89.4,-11.1,10.9,47.5,36.2,71.0
2026-01-15 14:00:00,KYIV-013-2,KYIV-013,Band 1 (2100MHz),-82.4,-6.6,19.6,31.1,24.8,90.2
2026-01-15 14:00:00,KYIV-013-3,KYIV-013,Band 1 (2100MHz),-84.9,-8.8,26.8,57.7,24.9,41.7
2026-01-15 14:00:00,KYIV-014-1,KYIV-014,Band 3 (1800MHz),-88.0,-11.8,15.9,54.3,8.5,79.2
2026-01-15 14:00:00,KYIV-014-2,KYIV-014,Band 3 (1800MHz),-102.4,-13.1,10.9,23.1,34.1,51.4
2026-01-15 14:00:00,KYIV-014-3,KYIV-014,Band 3 (1800MHz),-89.7,-9.5,11.0,53.6,44.5,88.0
2026-01-15 14:00:00,KYIV-015-1,KYIV-015,Band 1 (2100MHz),-87.8,-9.9,15.1,48.9,29.7,93.4
2026-01-15 14:00:00,KYIV-015-2,KYIV-015,Band 1 (2100MHz),-92.1,-12.2,14.7,45.6,32.6,91.5
2026-01-15 14:00:00,KYIV-015-3,KYIV-015,Band 1 (2100MHz),-83.6,-9.3,4.7,29.9,26.8,75.2
2026-01-15 14:00:00,KYIV-016-1,KYIV-016,Band 3 (1800MHz),-81.6,-9.6,14.7,35.3,21.2,87.3
2026-01-15 14:00:00,KYIV-016-2,KYIV-016,Band 3 (1800MHz),-87.6,-11.7,5.2,57.0,21.8,124.0
2026-01-15 14:00:00,KYIV-016-3,KYIV-016,Band 3 (1800MHz),-91.4,-10.6,10.1,51.4,21.5,64.9
2026-01-15 15:00:00,KYIV-001-1,KYIV-001,Band 1 (2100MHz),-87.0,-7.1,11.8,12.4,23.9,63.5
2026-01-15 15:00:00,KYIV-001-2,KYIV-001,Band 1 (2100MHz),-79.2,-10.9,3.0,33.2,0.0,24.8
2026-01-15 15:00:00,KYIV-001-3,KYIV-001,Band 1 (2100MHz),-90.2,-10.6,7.3,7.7,9.9,28.3
2026-01-15 15:00:00,KYIV-002-1,KYIV-002,Band 3 (1800MHz),-91.5,-13.8,1.2,16.3,10.8,35.9
2026-01-15 15:00:00,KYIV-002-2,KYIV-002,Band 3 (1800MHz),-99.1,-13.3,4.3,0.0,5.9,0.0
2026-01-15 15:00:00,KYIV-002-3,KYIV-002,Band 3 (1800MHz),-87.8,-9.8,19.4,21.5,0.0,31.2
2026-01-15 15:00:00,KYIV-003-1,KYIV-003,Band 1 (2100MHz),-91.3,-8.4,6.3,36.3,6.0,48.9
2026-01-15 15:00:00,KYIV-003-2,KYIV-003,Band 1 (2100MHz),-86.6,-6.7,4.1,28.5,2.8,60.2
2026-01-15 15:00:00,KYIV-003-3,KYIV-003,Band 1 (2100MHz),-85.9,-8.5,9.4,34.6,3.2,0.0
2026-01-15 15:00:00,KYIV-004-1,KYIV-004,Band 3 (1800MHz),-96.7,-6.7,16.0,19.6,0.0,11.9
2026-01-15 15:00:00,KYIV-004-2,KYIV-004,Band 3 (1800MHz),-83.4,-10.7,22.6,16.3,0.0,39.9
2026-01-15 15:00:00,KYIV-004-3,KYIV-004,Band 3 (1800MHz),-90.8,-10.7,12.0,18.1,9.9,0.0
2026-01-15 15:00:00,KYIV-005-1,KYIV-005,Band 1 (2100MHz),-88.9,-8.0,13.7,16.6,16.3,25.1
2026-01-15 15:00:00,KYIV-005-2,KYIV-005,Band 1 (2100MHz),-86.2,-8.1,20.2,42.6,20.1,42.2
2026-01-15 15:00:00,KYIV-005-3,KYIV-005,Band 1 (2100MHz),-101.1,-13.0,2.0,24.7,0.0,22.9
2026-01-15 15:00:00,KYIV-006-1,KYIV-006,Band 3 (1800MHz),-90.6,-13.2,14.4,20.0,17.3,35.8
2026-01-15 15:00:00,KYIV-006-2,KYIV-006,Band 3 (1800MHz),-90.1,-6.3,3.1,0.0,9.7,34.9
2026-01-15 15:00:00,KYIV-006-3,KYIV-006,Band 3 (1800MHz),-91.0,-9.7,11.1,5.3,0.7,15.4
2026-01-15 15:00:00,KYIV-007-1,KYIV-007,Band 1 (2100MHz),-89.6,-6.7,15.0,3.5,7.1,18.6
2026-01-15 15:00:00,KYIV-007-2,KYIV-007,Band 1 (2100MHz),-91.8,-8.1,12.6,29.9,0.0,30.5
2026-01-15 15:00:00,KYIV-007-3,KYIV-007,Band 1 (2100MHz),-86.5,-10.0,7.9,16.6,6.3,4.3
2026-01-15 15:00:00,KYIV-008-1,KYIV-008,Band 3 (1800MHz),-86.2,-4.7,7.9,18.0,4.1,0.0
2026-01-15 15:00:00,KYIV-008-2,KYIV-008,Band 3 (1800MHz),-82.8,-12.2,26.0,16.7,1.1,0.0
2026-01-15 15:00:00,KYIV-008-3,KYIV-008,Band 3 (1800MHz),-90.6,-8.2,21.3,22.7,17.6,43.2
2026-01-15 15:00:00,KYIV-009-1,KYIV-009,Band 1 (2100MHz),-88.9,-9.4,11.0,0.8,19.4,60.5
2026-01-15 15:00:00,KYIV-009-2,KYIV-009,Band 1 (2100MHz),-94.2,-6.2,10.8,9.2,16.0,46.9
2026-01-15 15:00:00,KYIV-009-3,KYIV-009,Band 1 (2100MHz),-92.1,-11.2,15.8,29.3,0.0,33.5
2026-01-15 15:00:00,KYIV-010-1,KYIV-010,Band 3 (1800MHz),-89.7,-9.1,7.2,26.9,22.4,11.3
2026-01-15 15:00:00,KYIV-010-2,KYIV-010,Band 3 (1800MHz),-79.3,-8.5,15.4,22.2,0.0,4.0
2026-01-15 15:00:00,KYIV-010-3,KYIV-010,Band 3 (1800MHz),-88.4,-7.4,13.5,28.9,7.1,33.4
2026-01-15 15:00:00,KYIV-011-1,KYIV-011,Band 1 (2100MHz),-83.6,-6.3,18.6,6.4,22.2,20.1
2026-01-15 15:00:00,KYIV-011-2,KYIV-011,Band 1 (2100MHz),-78.2,-7.8,14.0,24.0,10.8,33.1
2026-01-15 15:00:00,KYIV-011-3,KYIV-011,Band 1 (2100MHz),-88.3,-7.1,14.2,21.3,19.1,35.8
2026-01-15 15:00:00,KYIV-012-1,KYIV-012,Band 3 (1800MHz),-85.5,-8.2,8.6,25.2,12.0,2.3
2026-01-15 15:00:00,KYIV-012-2,KYIV-012,Band 3 (1800MHz),-86.3,-9.2,5.2,0.0,4.8,37.1
2026-01-15 15:00:00,KYIV-012-3,KYIV-012,Band 3 (1800MHz),-90.6,-9.0,14.8,5.8,9.0,18.5
2026-01-15 15:00:00,KYIV-013-1,KYIV-013,Band 1 (2100MHz),-83.3,-3.8,26.1,26.0,7.9,30.4
2026-01-15 15:00:00,KYIV-013-2,KYIV-013,Band 1 (2100MHz),-88.1,-10.7,19.9,0.0,2.5,42.2
2026-01-15 15:00:00,KYIV-013-3,KYIV-013,Band 1 (2100MHz),-91.0,-8.1,8.0,8.2,12.6,51.0
2026-01-15 15:00:00,KYIV-014-1,KYIV-014,Band 3 (1800MHz),-83.7,-5.6,10.5,26.5,10.9,70.6
2026-01-15 15:00:00,KYIV-014-2,KYIV-014,Band 3 (1800MHz),-102.8,-13.1,-2.3,17.0,0.0,42.9
2026-01-15 15:00:00,KYIV-014-3,KYIV-014,Band 3 (1800MHz),-83.6,-8.2,18.8,26.8,1.0,27.7
2026-01-15 15:00:00,KYIV-015-1,KYIV-015,Band 1 (2100MHz),-84.9,-6.3,14.4,19.6,21.9,0.0
2026-01-15 15:00:00,KYIV-015-2,KYIV-015,Band 1 (2100MHz),-86.3,-10.8,12.4,21.2,11.0,23.2
2026-01-15 15:00:00,KYIV-015-3,KYIV-015,Band 1 (2100MHz),-91.1,-8.8,10.5,7.5,1.5,27.0
2026-01-15 15:00:00,KYIV-016-1,KYIV-016,Band 3 (1800MHz),-89.3,-10.4,11.4,0.9,15.6,51.0
2026-01-15 15:00:00,KYIV-016-2,KYIV-016,Band 3 (1800MHz),-85.7,-8.8,22.6,13.7,0.0,23.1
2026-01-15 15:00:00,KYIV-016-3,KYIV-016,Band 3 (1800MHz),-82.6,-6.6,6.8,37.9,5.0,25.7
2026-01-15 16:00:00,KYIV-001-1,KYIV-001,Band 1 (2100MHz),-88.8,-8.9,7.4,63.4,37.3,101.8
2026-01-15 16:00:00,KYIV-001-2,KYIV-001,Band 1 (2100MHz),-84.5,-12.5,16.4,40.3,28.4,110.3
2026-01-15 16:00:00,KYIV-001-3,KYIV-001,Band 1 (2100MHz),-88.2,-10.1,12.3,60.1,35.2,97.1
2026-01-15 16:00:00,KYIV-002-1,KYIV-002,Band 3 (1800MHz),-103.0,-17.3,12.3,56.4,44.7,98.3
2026-01-15 16:00:00,KYIV-002-2,KYIV-002,Band 3 (1800MHz),-97.5,-16.1,-5.2,66.6,47.3,71.7
2026-01-15 16:00:00,KYIV-002-3,KYIV-002,Band 3 (1800MHz),-87.2,-11.6,6.3,44.9,41.3,127.8
2026-01-15 16:00:00,KYIV-003-1,KYIV-003,Band 1 (2100MHz),-80.7,-9.0,6.9,62.5,42.1,70.7
2026-01-15 16:00:00,KYIV-003-2,KYIV-003,Band 1 (2100MHz),-87.2,-6.3,11.1,57.3,28.7,114.7
2026-01-15 16:00:00,KYIV-003-3,KYIV-003,Band 1 (2100MHz),-88.0,-10.1,17.1,56.5,33.6,89.0
2026-01-15 16:00:00,KYIV-004-1,KYIV-004,Band 3 (1800MHz),-85.3,-11.9,10.6,51.9,25.9,108.6
2026-01-15 16:00:00,KYIV-004-2,KYIV-004,Band 3 (1800MHz),-80.0,-10.6,14.6,65.4,43.7,116.2
2026-01-15 16:00:00,KYIV-004-3,KYIV-004,Band 3 (1800MHz),-87.8,-12.3,8.9,67.8,28.9,124.7
2026-01-15 16:00:00,KYIV-005-1,KYIV-005,Band 1 (2100MHz),-83.9,-8.6,17.4,61.2,35.7,108.6
2026-01-15 16:00:00,KYIV-005-2,KYIV-005,Band 1 (2100MHz),-80.6,-8.8,14.7,69.0,41.3,70.0
2026-01-15 16:00:00,KYIV-005-3,KYIV-005,Band 1 (2100MHz),-102.3,-17.0,7.0,83.6,50.8,98.7
2026-01-15 16:00:00,KYIV-006-1,KYIV-006,Band 3 (1800MHz),-85.8,-8.6,17.2,67.1,26.5,86.6
2026-01-15 16:00:00,KYIV-006-2,KYIV-006,Band 3 (1800MHz),-86.3,-10.4,6.3,58.4,22.9,114.0
2026-01-15 16:00:00,KYIV-006-3,KYIV-006,Band 3 (1800MHz),-84.7,-11.1,23.5,76.3,20.6,76.0
2026-01-15 16:00:00,KYIV-007-1,KYIV-007,Band 1 (2100MHz),-81.1,-14.6,10.7,54.6,39.6,114.0
2026-01-15 16:00:00,KYIV-007-2,KYIV-007,Band 1 (2100MHz),-84.5,-12.5,17.8,60.4,29.2,117.1
2026-01-15 16:00:00,KYIV-007-3,KYIV-007,Band 1 (2100MHz),-88.1,-9.4,14.3,51.7,47.8,66.4
2026-01-15 16:00:00,KYIV-008-1,KYIV-008,Band 3 (1800MHz),-84.0,-15.3,5.1,56.9,21.7,166.5
2026-01-15 16:00:00,KYIV-008-2,KYIV-008,Band 3 (1800MHz),-88.8,-12.6,11.6,61.2,39.6,95.5
2026-01-15 16:00:00,KYIV-008-3,KYIV-008,Band 3 (1800MHz),-85.3,-9.8,4.9,54.1,35.2,63.5
2026-01-15 16:00:00,KYIV-009-1,KYIV-009,Band 1 (2100MHz),-90.8,-8.4,15.0,75.3,15.8,99.6
2026-01-15 16:00:00,KYIV-009-2,KYIV-009,Band 1 (2100MHz),-88.1,-10.9,13.9,64.0,26.9,98.2
2026-01-15 16:00:00,KYIV-009-3,KYIV-009,Band 1 (2100MHz),-85.4,-10.5,11.6,66.6,35.3,81.7
2026-01-15 16:00:00,KYIV-010-1,KYIV-010,Band 3 (1800MHz),-87.6,-13.6,10.1,71.6,49.6,105.8
2026-01-15 16:00:00,KYIV-010-2,KYIV-010,Band 3 (1800MHz),-88.2,-11.3,16.3,59.7,41.1,87.0
2026-01-15 16:00:00,KYIV-010-3,KYIV-010,Band 3 (1800MHz),-79.7,-9.9,21.2,75.8,36.7,91.3
2026-01-15 16:00:00,KYIV-011-1,KYIV-011,Band 1 (2100MHz),-89.2,-11.9,9.9,44.9,29.9,105.6
2026-01-15 16:00:00,KYIV-011-2,KYIV-011,Band 1 (2100MHz),-89.1,-13.9,7.6,67.1,26.4,79.9
2026-01-15 16:00:00,KYIV-011-3,KYIV-011,Band 1 (2100MHz),-83.9,-6.4,13.6,84.1,42.2,97.1
2026-01-15 16:00:00,KYIV-012-1,KYIV-012,Band 3 (1800MHz),-83.9,-8.3,12.7,55.9,45.2,109.9
2026-01-15 16:00:00,KYIV-012-2,KYIV-012,Band 3 (1800MHz),-84.5,-11.3,14.3,61.7,32.1,117.6
2026-01-15 16:00:00,KYIV-012-3,KYIV-012,Band 3 (1800MHz),-84.3,-9.1,18.5,49.9,39.7,105.6
2026-01-15 16:00:00,KYIV-013-1,KYIV-013,Band 1 (2100MHz),-84.7,-9.2,13.6,63.5,36.3,107.7
2026-01-15 16:00:00,KYIV-013-2,KYIV-013,Band 1 (2100MHz),-82.3,-11.1,18.9,61.1,27.0,84.9
2026-01-15 16:00:00,KYIV-013-3,KYIV-013,Band 1 (2100MHz),-97.2,-14.0,7.4,65.7,38.9,129.5
2026-01-15 16:00:00,KYIV-014-1,KYIV-014,Band 3 (1800MHz),-87.3,-11.8,6.7,71.2,55.9,102.9
2026-01-15 16:00:00,KYIV-014-2,KYIV-014,Band 3 (1800MHz),-94.3,-13.5,5.3,77.7,29.8,85.1
2026-01-15 16:00:00,KYIV-014-3,KYIV-014,Band 3 (1800MHz),-82.3,-11.7,18.4,70.5,29.0,87.7
2026-01-15 16:00:00,KYIV-015-1,KYIV-015,Band 1 (2100MHz),-85.0,-14.0,16.9,59.1,36.8,72.3
2026-01-15 16:00:00,KYIV-015-2,KYIV-015,Band 1 (2100MHz),-92.2,-9.2,16.1,67.2,39.5,98.0
2026-01-15 16:00:00,KYIV-015-3,KYIV-015,Band 1 (2100MHz),-83.2,-15.2,10.8,35.8,25.1,70.7
2026-01-15 16:00:00,KYIV-016-1,KYIV-016,Band 3 (1800MHz),-82.8,-12.2,10.5,41.6,51.2,89.8
2026-01-15 16:00:00,KYIV-016-2,KYIV-016,Band 3 (1800MHz),-87.6,-9.8,10.8,76.9,36.8,94.9
2026-01-15 16:00:00,KYIV-016-3,KYIV-016,Band 3 (1800MHz),-89.2,-12.5,8.5,62.9,38.6,84.9
2026-01-15 17:00:00,KYIV-001-1,KYIV-001,Band 1 (2100MHz),-81.9,-11.4,8.6,73.1,42.8,137.0
2026-01-15 17:00:00,KYIV-001-2,KYIV-001,Band 1 (2100MHz),-77.3,-10.8,17.4,89.1,40.9,140.3
2026-01-15 17:00:00,KYIV-001-3,KYIV-001,Band 1 (2100MHz),-86.7,-12.3,15.2,56.6,43.1,115.9
2026-01-15 17:00:00,KYIV-002-1,KYIV-002,Band 3 (1800MHz),-98.8,-15.1,1.2,73.7,53.8,114.2
2026-01-15 17:00:00,KYIV-002-2,KYIV-002,Band 3 (1800MHz),-101.1,-14.8,-1.3,66.3,45.7,134.5
2026-01-15 17:00:00,KYIV-002-3,KYIV-002,Band 3 (1800MHz),-90.8,-12.2,11.2,68.7,45.3,119.9
2026-01-15 17:00:00,KYIV-003-1,KYIV-003,Band 1 (2100MHz),-86.6,-10.1,13.3,71.2,47.0,117.3
2026-01-15 17:00:00,KYIV-003-2,KYIV-003,Band 1 (2100MHz),-79.5,-12.2,9.3,95.3,24.8,113.8
2026-01-15 17:00:00,KYIV-003-3,KYIV-003,Band 1 (2100MHz),-86.6,-10.4,10.4,60.0,35.7,99.7
2026-01-15 17:00:00,KYIV-004-1,KYIV-004,Band 3 (1800MHz),-87.6,-8.1,5.2,71.1,51.1,120.2
2026-01-15 17:00:00,KYIV-004-2,KYIV-004,Band 3 (1800MHz),-92.3,-14.5,16.0,54.1,33.2,72.8
2026-01-15 17:00:00,KYIV-004-3,KYIV-004,Band 3 (1800MHz),-90.8,-9.1,20.5,59.7,42.0,141.4
2026-01-15 17:00:00,KYIV-005-1,KYIV-005,Band 1 (2100MHz),-84.8,-13.9,9.8,84.2,37.0,147.9
2026-01-15 17:00:00,KYIV-005-2,KYIV-005,Band 1 (2100MHz),-85.7,-9.6,10.9,69.9,33.1,57.4
2026-01-15 17:00:00,KYIV-005-3,KYIV-005,Band 1 (2100MHz),-96.6,-12.6,3.9,47.0,36.9,121.4
2026-01-15 17:00:00,KYIV-006-1,KYIV-006,Band 3 (1800MHz),-88.3,-8.8,11.4,92.6,42.8,121.0
2026-01-15 17:00:00,KYIV-006-2,KYIV-006,Band 3 (1800MHz),-86.2,-9.9,9.9,81.3,32.6,146.5
2026-01-15 17:00:00,KYIV-006-3,KYIV-006,Band 3 (1800MHz),-86.9,-11.9,20.0,81.3,31.3,174.8
2026-01-15 17:00:00,KYIV-007-1,KYIV-007,Band 1 (2100MHz),-86.9,-14.0,12.2,92.8,28.1,118.5
2026-01-15 17:00:00,KYIV-007-2,KYIV-007,Band 1 (2100MHz),-85.3,-10.5,13.4,65.3,40.2,112.4
2026-01-15 17:00:00,KYIV-007-3,KYIV-007,Band 1 (2100MHz),-81.4,-14.5,17.1,67.0,34.9,63.8
2026-01-15 17:00:00,KYIV-008-1,KYIV-008,Band 3 (1800MHz),-81.4,-12.7,10.1,46.7,48.0,91.7
2026-01-15 17:00:00,KYIV-008-2,KYIV-008,Band 3 (1800MHz),-91.5,-12.4,8.9,77.2,51.6,110.4
2026-01-15 17:00:00,KYIV-008-3,KYIV-008,Band 3 (1800MHz),-89.8,-14.2,14.8,79.6,38.2,143.1
2026-01-15 17:00:00,KYIV-009-1,KYIV-009,Band 1 (2100MHz),-85.7,-11.7,18.0,49.3,47.9,117.1
2026-01-15 17:00:00,KYIV-009-2,KYIV-009,Band 1 (2100MHz),-90.1,-9.5,20.8,64.8,50.3,151.5
2026-01-15 17:00:00,KYIV-009-3,KYIV-009,Band 1 (2100MHz),-83.9,-13.1,3.4,64.7,34.1,106.6
2026-01-15 17:00:00,KYIV-010-1,KYIV-010,Band 3 (1800MHz),-86.1,-16.1,16.5,65.1,33.7,133.6
2026-01-15 17:00:00,KYIV-010-2,KYIV-010,Band 3 (1800MHz),-87.8,-13.2,7.9,84.5,36.9,170.2
2026-01-15 17:00:00,KYIV-010-3,KYIV-010,Band 3 (1800MHz),-88.8,-12.1,20.2,83.2,40.7,101.8
2026-01-15 17:00:00,KYIV-011-1,KYIV-011,Band 1 (2100MHz),-88.3,-11.2,10.5,57.9,42.9,118.5
2026-01-15 17:00:00,KYIV-011-2,KYIV-011,Band 1 (2100MHz),-85.7,-9.4,9.9,58.3,70.2,162.3
2026-01-15 17:00:00,KYIV-011-3,KYIV-011,Band 1 (2100MHz),-87.8,-10.6,15.3,72.0,54.7,115.5
2026-01-15 17:00:00,KYIV-012-1,KYIV-012,Band 3 (1800MHz),-97.2,-11.5,17.5,68.6,39.6,120.1
2026-01-15 17:00:00,KYIV-012-2,KYIV-012,Band 3 (1800MHz),-89.6,-8.1,15.7,65.1,43.8,108.0
2026-01-15 17:00:00,KYIV-012-3,KYIV-012,Band 3 (1800MHz),-87.2,-9.5,10.3,72.9,36.4,111.2
2026-01-15 17:00:00,KYIV-013-1,KYIV-013,Band 1 (2100MHz),-86.2,-11.2,7.0,58.8,51.5,101.3
2026-01-15 17:00:00,KYIV-013-2,KYIV-013,Band 1 (2100MHz),-85.4,-11.1,15.6,65.5,60.9,123.4
2026-01-15 17:00:00,KYIV-013-3,KYIV-013,Band 1 (2100MHz),-84.4,-9.2,14.2,48.1,36.8,124.6
2026-01-15 17:00:00,KYIV-014-1,KYIV-014,Band 3 (1800MHz),-86.1,-10.9,15.5,54.4,33.7,101.0
2026-01-15 17:00:00,KYIV-014-2,KYIV-014,Band 3 (1800MHz),-92.6,-13.4,2.7,59.5,56.6,133.1
2026-01-15 17:00:00,KYIV-014-3,KYIV-014,Band 3 (1800MHz),-81.0,-8.6,15.3,61.9,39.7,149.3
2026-01-15 17:00:00,KYIV-015-1,KYIV-015,Band 1 (2100MHz),-88.5,-12.2,19.6,57.8,24.1,106.1
2026-01-15 17:00:00,KYIV-015-2,KYIV-015,Band 1 (2100MHz),-88.7,-13.2,19.2,55.8,34.2,120.9
2026-01-15 17:00:00,KYIV-015-3,KYIV-015,Band 1 (2100MHz),-84.4,-11.1,7.0,70.9,43.4,94.1
2026-01-15 17:00:00,KYIV-016-1,KYIV-016,Band 3 (1800MHz),-81.7,-10.4,14.5,82.3,47.9,143.2
2026-01-15 17:00:00,KYIV-016-2,KYIV-016,Band 3 (1800MHz),-84.0,-13.4,12.8,76.5,32.6,80.1
2026-01-15 17:00:00,KYIV-016-3,KYIV-016,Band 3 (1800MHz),-92.9,-11.9,1.9,63.6,49.4,118.1
2026-01-15 18:00:00,KYIV-001-1,KYIV-001,Band 1 (2100MHz),-88.0,-12.4,11.2,52.6,51.7,100.3
2026-01-15 18:00:00,KYIV-001-2,KYIV-001,Band 1 (2100MHz),-87.0,-10.1,6.6,72.1,43.4,84.1
2026-01-15 18:00:00,KYIV-001-3,KYIV-001,Band 1 (2100MHz),-89.6,-10.5,22.2,74.9,45.9,108.9
2026-01-15 18:00:00,KYIV-002-1,KYIV-002,Band 3 (1800MHz),-95.1,-11.3,1.2,69.9,45.7,123.1
2026-01-15 18:00:00,KYIV-002-2,KYIV-002,Band 3 (1800MHz),-93.1,-15.7,15.2,75.0,44.2,174.8
2026-01-15 18:00:00,KYIV-002-3,KYIV-002,Band 3 (1800MHz),-84.2,-13.8,16.9,88.0,49.5,121.8
2026-01-15 18:00:00,KYIV-003-1,KYIV-003,Band 1 (2100MHz),-87.0,-10.6,9.1,73.1,45.6,141.2
2026-01-15 18:00:00,KYIV-003-2,KYIV-003,Band 1 (2100MHz),-93.8,-12.7,9.7,82.6,36.5,106.7
2026-01-15 18:00:00,KYIV-003-3,KYIV-003,Band 1 (2100MHz),-92.0,-10.5,8.4,48.1,39.4,129.2
2026-01-15 18:00:00,KYIV-004-1,KYIV-004,Band 3 (1800MHz),-84.5,-10.6,16.9,69.3,43.6,114.2
2026-01-15 18:00:00,KYIV-004-2,KYIV-004,Band 3 (1800MHz),-88.9,-11.0,18.8,67.2,47.0,155.7
2026-01-15 18:00:00,KYIV-004-3,KYIV-004,Band 3 (1800MHz),-89.6,-9.8,8.1,71.8,46.9,93.5
2026-01-15 18:00:00,KYIV-005-1,KYIV-005,Band 1 (2100MHz),-85.6,-10.4,11.5,55.9,31.0,142.3
2026-01-15 18:00:00,KYIV-005-2,KYIV-005,Band 1 (2100MHz),-86.8,-13.8,14.9,53.8,44.5,131.5
2026-01-15 18:00:00,KYIV-005-3,KYIV-005,Band 1 (2100MHz),-100.5,-16.9,1.3,76.9,51.4,107.0
2026-01-15 18:00:00,KYIV-006-1,KYIV-006,Band 3 (1800MHz),-88.4,-10.9,19.2,75.7,41.7,93.0
2026-01-15 18:00:00,KYIV-006-2,KYIV-006,Band 3 (1800MHz),-93.8,-11.0,14.2,62.3,45.4,131.6
2026-01-15 18:00:00,KYIV-006-3,KYIV-006,Band 3 (1800MHz),-91.5,-14.7,15.1,92.2,22.1,84.0
2026-01-15 18:00:00,KYIV-007-1,KYIV-007,Band 1 (2100MHz),-95.1,-14.8,9.0,57.3,26.5,104.8
2026-01-15 18:00:00,KYIV-007-2,KYIV-007,Band 1 (2100MHz),-92.6,-10.9,12.9,84.7,43.0,94.3
2026-01-15 18:00:00,KYIV-007-3,KYIV-007,Band 1 (2100MHz),-83.2,-12.6,16.8,67.6,45.3,108.6
2026-01-15 18:00:00,KYIV-008-1,KYIV-008,Band 3 (1800MHz),-91.3,-13.1,3.3,80.2,35.0,116.7
2026-01-15 18:00:00,KYIV-008-2,KYIV-008,Band 3 (1800MHz),-86.7,-11.8,6.5,82.2,34.5,99.5
2026-01-15 18:00:00,KYIV-008-3,KYIV-008,Band 3 (1800MHz),-90.7,-12.0,15.8,58.9,41.0,129.3
2026-01-15 18:00:00,KYIV-009-1,KYIV-009,Band 1 (2100MHz),-87.1,-11.4,8.9,64.1,36.5,120.8
2026-01-15 18:00:00,KYIV-009-2,KYIV-009,Band 1 (2100MHz),-86.7,-8.4,4.2,97.4,50.1,150.3
2026-01-15 18:00:00,KYIV-009-3,KYIV-009,Band 1 (2100MHz),-81.5,-14.4,7.3,65.4,49.6,118.6
2026-01-15 18:00:00,KYIV-010-1,KYIV-010,Band 3 (1800MHz),-87.6,-10.5,7.0,75.2,36.8,136.9
2026-01-15 18:00:00,KYIV-010-2,KYIV-010,Band 3 (1800MHz),-90.0,-14.9,16.3,84.3,38.8,101.9
2026-01-15 18:00:00,KYIV-010-3,KYIV-010,Band 3 (1800MHz),-86.7,-12.1,7.0,100.0,38.5,150.7
2026-01-15 18:00:00,KYIV-011-1,KYIV-011,Band 1 (2100MHz),-88.9,-14.7,15.7,62.5,45.6,91.5
2026-01-15 18:00:00,KYIV-011-2,KYIV-011,Band 1 (2100MHz),-86.7,-10.0,18.0,51.0,40.7,120.4
2026-01-15 18:00:00,KYIV-011-3,KYIV-011,Band 1 (2100MHz),-79.7,-12.2,17.2,91.9,38.5,107.2
2026-01-15 18:00:00,KYIV-012-1,KYIV-012,Band 3 (1800MHz),-92.9,-10.7,6.6,100.0,39.2,109.3
2026-01-15 18:00:00,KYIV-012-2,KYIV-012,Band 3 (1800MHz),-93.5,-13.2,10.8,88.4,39.1,91.4
2026-01-15 18:00:00,KYIV-012-3,KYIV-012,Band 3 (1800MHz),-87.7,-9.4,15.2,60.8,67.3,102.4
2026-01-15 18:00:00,KYIV-013-1,KYIV-013,Band 1 (2100MHz),-80.9,-9.3,14.2,92.4,46.9,99.2
2026-01-15 18:00:00,KYIV-013-2,KYIV-013,Band 1 (2100MHz),-81.1,-11.3,8.4,86.3,56.6,154.5
2026-01-15 18:00:00,KYIV-013-3,KYIV-013,Band 1 (2100MHz),-84.0,-12.4,5.8,72.6,54.4,181.3
2026-01-15 18:00:00,KYIV-014-1,KYIV-014,Band 3 (1800MHz),-93.5,-7.7,17.9,84.2,26.0,79.3
2026-01-15 18:00:00,KYIV-014-2,KYIV-014,Band 3 (1800MHz),-100.3,-18.2,7.0,71.2,49.6,112.2
2026-01-15 18:00:00,KYIV-014-3,KYIV-014,Band 3 (1800MHz),-95.3,-7.8,17.9,92.8,36.5,91.1
2026-01-15 18:00:00,KYIV-015-1,KYIV-015,Band 1 (2100MHz),-84.9,-8.9,17.6,65.0,51.4,161.1
2026-01-15 18:00:00,KYIV-015-2,KYIV-015,Band 1 (2100MHz),-86.2,-15.1,6.1,70.9,39.2,117.8
2026-01-15 18:00:00,KYIV-015-3,KYIV-015,Band 1 (2100MHz),-78.7,-11.5,10.6,38.6,29.7,106.9
2026-01-15 18:00:00,KYIV-016-1,KYIV-016,Band 3 (1800MHz),-91.6,-9.6,12.9,68.2,52.6,124.6
2026-01-15 18:00:00,KYIV-016-2,KYIV-016,Band 3 (1800MHz),-88.8,-13.1,16.9,79.2,54.2,128.9
2026-01-15 18:00:00,KYIV-016-3,KYIV-016,Band 3 (1800MHz),-87.5,-12.8,15.4,83.1,42.3,126.1
2026-01-15 19:00:00,KYIV-001-1,KYIV-001,Band 1 (2100MHz),-89.8,-9.7,20.2,51.2,45.0,121.8
2026-01-15 19:00:00,KYIV-001-2,KYIV-001,Band 1 (2100MHz),-91.9,-10.1,6.6,65.2,22.6,128.8
2026-01-15 19:00:00,KYIV-001-3,KYIV-001,Band 1 (2100MHz),-88.5,-8.9,18.3,77.1,35.6,104.8
2026-01-15 19:00:00,KYIV-002-1,KYIV-002,Band 3 (1800MHz),-98.7,-16.2,5.8,77.7,30.6,138.4
2026-01-15 19:00:00,KYIV-002-2,KYIV-002,Band 3 (1800MHz),-100.0,-14.3,7.2,57.3,37.6,138.3
2026-01-15 19:00:00,KYIV-002-3,KYIV-002,Band 3 (1800MHz),-91.0,-9.3,18.8,89.5,42.8,82.9
2026-01-15 19:00:00,KYIV-003-1,KYIV-003,Band 1 (2100MHz),-88.3,-13.8,8.3,63.1,34.1,106.5
2026-01-15 19:00:00,KYIV-003-2,KYIV-003,Band 1 (2100MHz),-83.9,-11.8,28.8,96.0,35.5,133.2
2026-01-15 19:00:00,KYIV-003-3,KYIV-003,Band 1 (2100MHz),-89.4,-12.2,8.3,88.0,55.5,125.7
2026-01-15 19:00:00,KYIV-004-1,KYIV-004,Band 3 (1800MHz),-88.4,-13.9,0.8,98.4,39.6,112.5
2026-01-15 19:00:00,KYIV-004-2,KYIV-004,Band 3 (1800MHz),-88.1,-12.0,14.7,59.4,34.7,140.3
2026-01-15 19:00:00,KYIV-004-3,KYIV-004,Band 3 (1800MHz),-83.9,-11.6,7.1,76.7,47.6,151.1
2026-01-15 19:00:00,KYIV-005-1,KYIV-005,Band 1 (2100MHz),-88.8,-10.0,8.7,74.3,38.1,93.0
2026-01-15 19:00:00,KYIV-005-2,KYIV-005,Band 1 (2100MHz),-94.0,-9.5,15.4,75.4,48.3,102.5
2026-01-15 19:00:00,KYIV-005-3,KYIV-005,Band 1 (2100MHz),-104.2,-14.8,5.4,85.6,38.0,110.5
2026-01-15 19:00:00,KYIV-006-1,KYIV-006,Band 3 (1800MHz),-93.8,-14.0,13.4,71.5,49.3,71.1
2026-01-15 19:00:00,KYIV-006-2,KYIV-006,Band 3 (1800MHz),-84.8,-16.1,19.5,77.5,44.1,96.4
2026-01-15 19:00:00,KYIV-006-3,KYIV-006,Band 3 (1800MHz),-90.6,-10.2,7.4,71.6,39.3,98.2
2026-01-15 19:00:00,KYIV-007-1,KYIV-007,Band 1 (2100MHz),-85.3,-13.8,17.2,68.0,37.0,130.4
2026-01-15 19:00:00,KYIV-007-2,KYIV-007,Band 1 (2100MHz),-82.5,-12.0,17.2,62.5,35.3,136.6
2026-01-15 19:00:00,KYIV-007-3,KYIV-007,Band 1 (2100MHz),-89.3,-8.9,11.8,76.0,33.3,160.8
2026-01-15 19:00:00,KYIV-008-1,KYIV-008,Band 3 (1800MHz),-88.7,-10.2,7.8,79.6,44.0,156.7
2026-01-15 19:00:00,KYIV-008-2,KYIV-008,Band 3 (1800MHz),-83.0,-12.9,10.6,61.2,42.6,87.6
2026-01-15 19:00:00,KYIV-008-3,KYIV-008,Band 3 (1800MHz),-83.4,-13.0,8.3,81.8,44.3,97.1
2026-01-15 19:00:00,KYIV-009-1,KYIV-009,Band 1 (2100MHz),-82.4,-9.9,19.0,86.2,38.9,122.1
2026-01-15 19:00:00,KYIV-009-2,KYIV-009,Band 1 (2100MHz),-85.3,-10.7,14.7,72.0,35.1,95.0
2026-01-15 19:00:00,KYIV-009-3,KYIV-009,Band 1 (2100MHz),-97.4,-10.0,15.0,81.7,32.7,123.5
2026-01-15 19:00:00,KYIV-010-1,KYIV-010,Band 3 (1800MHz),-87.7,-11.0,5.7,62.0,28.6,122.5
2026-01-15 19:00:00,KYIV-010-2,KYIV-010,Band 3 (1800MHz),-90.6,-12.2,10.1,67.5,43.0,118.2
2026-01-15 19:00:00,KYIV-010-3,KYIV-010,Band 3 (1800MHz),-88.7,-10.5,10.6,49.5,37.2,87.5
2026-01-15 19:00:00,KYIV-011-1,KYIV-011,Band 1 (2100MHz),-89.5,-14.7,22.1,65.2,38.3,124.4
2026-01-15 19:00:00,KYIV-011-2,KYIV-011,Band 1 (2100MHz),-82.8,-11.7,7.5,96.0,40.5,87.1
2026-01-15 19:00:00,KYIV-011-3,KYIV-011,Band 1 (2100MHz),-90.5,-15.4,8.7,74.0,44.0,119.5
2026-01-15 19:00:00,KYIV-012-1,KYIV-012,Band 3 (1800MHz),-87.1,-13.7,12.6,64.9,47.9,104.9
2026-01-15 19:00:00,KYIV-012-2,KYIV-012,Band 3 (1800MHz),-89.7,-10.5,12.5,82.8,36.6,93.4
2026-01-15 19:00:00,KYIV-012-3,KYIV-012,Band 3 (1800MHz),-85.4,-12.8,9.2,81.7,50.6,143.4
2026-01-15 19:00:00,KYIV-013-1,KYIV-013,Band 1 (2100MHz),-86.8,-10.7,14.1,64.4,33.4,102.1
2026-01-15 19:00:00,KYIV-013-2,KYIV-013,Band 1 (2100MHz),-82.5,-10.8,18.2,76.6,26.7,132.2
2026-01-15 19:00:00,KYIV-013-3,KYIV-013,Band 1 (2100MHz),-79.4,-11.9,14.5,77.5,47.0,116.9
2026-01-15 19:00:00,KYIV-014-1,KYIV-014,Band 3 (1800MHz),-84.7,-9.9,18.8,51.3,28.7,148.1
2026-01-15 19:00:00,KYIV-014-2,KYIV-014,Band 3 (1800MHz),-106.2,-17.3,2.6,85.6,43.8,101.3
2026-01-15 19:00:00,KYIV-014-3,KYIV-014,Band 3 (1800MHz),-82.2,-13.1,15.5,67.6,34.9,129.5
2026-01-15 19:00:00,KYIV-015-1,KYIV-015,Band 1 (2100MHz),-93.7,-9.0,12.2,56.1,52.8,131.0
2026-01-15 19:00:00,KYIV-015-2,KYIV-015,Band 1 (2100MHz),-80.7,-12.8,26.8,63.8,40.6,77.2
2026-01-15 19:00:00,KYIV-015-3,KYIV-015,Band 1 (2100MHz),-88.8,-11.2,14.1,55.4,43.8,147.2
2026-01-15 19:00:00,KYIV-016-1,KYIV-016,Band 3 (1800MHz),-83.1,-10.2,16.4,58.6,60.9,134.9
2026-01-15 19:00:00,KYIV-016-2,KYIV-016,Band 3 (1800MHz),-89.1,-12.9,8.1,69.6,41.8,128.3
2026-01-15 19:00:00,KYIV-016-3,KYIV-016,Band 3 (1800MHz),-79.7,-15.8,19.4,60.4,32.1,131.1
2026-01-15 20:00:00,KYIV-001-1,KYIV-001,Band 1 (2100MHz),-88.7,-14.2,10.3,70.8,38.0,74.7
2026-01-15 20:00:00,KYIV-001-2,KYIV-001,Band 1 (2100MHz),-86.0,-9.0,4.7,80.6,46.6,96.2
2026-01-15 20:00:00,KYIV-001-3,KYIV-001,Band 1 (2100MHz),-91.4,-12.5,10.4,66.1,50.8,111.2
2026-01-15 20:00:00,KYIV-002-1,KYIV-002,Band 3 (1800MHz),-100.8,-15.3,6.1,75.5,32.3,77.5
2026-01-15 20:00:00,KYIV-002-2,KYIV-002,Band 3 (1800MHz),-98.3,-17.0,4.7,65.1,43.7,96.4
2026-01-15 20:00:00,KYIV-002-3,KYIV-002,Band 3 (1800MHz),-82.7,-11.0,16.2,70.0,42.2,96.6
2026-01-15 20:00:00,KYIV-003-1,KYIV-003,Band 1 (2100MHz),-86.9,-13.2,14.2,68.6,45.4,107.5
2026-01-15 20:00:00,KYIV-003-2,KYIV-003,Band 1 (2100MHz),-91.0,-14.1,16.2,77.9,32.9,106.6
2026-01-15 20:00:00,KYIV-003-3,KYIV-003,Band 1 (2100MHz),-85.8,-12.8,10.3,68.1,31.9,136.1
2026-01-15 20:00:00,KYIV-004-1,KYIV-004,Band 3 (1800MHz),-85.0,-13.9,14.3,42.9,39.9,98.9
2026-01-15 20:00:00,KYIV-004-2,KYIV-004,Band 3 (1800MHz),-95.5,-8.8,2.3,60.2,46.3,137.4
2026-01-15 20:00:00,KYIV-004-3,KYIV-004,Band 3 (1800MHz),-88.9,-8.8,12.1,50.5,65.7,86.7
2026-01-15 20:00:00,KYIV-005-1,KYIV-005,Band 1 (2100MHz),-86.1,-13.2,7.1,58.0,43.3,68.1
2026-01-15 20:00:00,KYIV-005-2,KYIV-005,Band 1 (2100MHz),-92.6,-10.0,18.1,56.0,37.5,77.0
2026-01-15 20:00:00,KYIV-005-3,KYIV-005,Band 1 (2100MHz),-94.1,-17.6,0.9,51.8,47.0,115.4
2026-01-15 20:00:00,KYIV-006-1,KYIV-006,Band 3 (1800MHz),-85.2,-11.4,14.8,36.2,34.1,115.2
2026-01-15 20:00:00,KYIV-006-2,KYIV-006,Band 3 (1800MHz),-79.5,-13.9,18.2,70.6,31.9,123.5
2026-01-15 20:00:00,KYIV-006-3,KYIV-006,Band 3 (1800MHz),-89.3,-10.6,19.0,65.7,42.7,62.7
2026-01-15 20:00:00,KYIV-007-1,KYIV-007,Band 1 (2100MHz),-90.3,-7.2,21.1,63.8,39.0,116.3
2026-01-15 20:00:00,KYIV-007-2,KYIV-007,Band 1 (2100MHz),-88.3,-10.4,23.0,71.0,21.9,69.3
2026-01-15 20:00:00,KYIV-007-3,KYIV-007,Band 1 (2100MHz),-79.5,-9.5,8.6,60.0,29.3,95.2
2026-01-15 20:00:00,KYIV-008-1,KYIV-008,Band 3 (1800MHz),-89.1,-10.3,13.4,65.9,31.9,107.1
2026-01-15 20:00:00,KYIV-008-2,KYIV-008,Band 3 (1800MHz),-81.2,-10.2,9.5,77.3,35.5,116.8
2026-01-15 20:00:00,KYIV-008-3,KYIV-008,Band 3 (1800MHz),-88.0,-11.1,15.3,55.0,28.5,145.7
2026-01-15 20:00:00,KYIV-009-1,KYIV-009,Band 1 (2100MHz),-87.3,-9.3,11.5,61.3,32.6,72.5
2026-01-15 20:00:00,KYIV-009-2,KYIV-009,Band 1 (2100MHz),-91.0,-11.4,17.9,69.4,34.8,121.8
2026-01-15 20:00:00,KYIV-009-3,KYIV-009,Band 1 (2100MHz),-82.7,-12.5,14.4,76.4,47.8,115.3
2026-01-15 20:00:00,KYIV-010-1,KYIV-010,Band 3 (1800MHz),-87.8,-8.3,-0.4,57.3,42.4,89.0
2026-01-15 20:00:00,KYIV-010-2,KYIV-010,Band 3 (1800MHz),-88.9,-9.3,9.7,56.9,17.5,137.5
2026-01-15 20:00:00,KYIV-010-3,KYIV-010,Band 3 (1800MHz),-92.3,-12.9,14.1,66.0,28.9,69.4
2026-01-15 20:00:00,KYIV-011-1,KYIV-011,Band 1 (2100MHz),-86.4,-11.3,14.6,39.9,38.4,122.4
2026-01-15 20:00:00,KYIV-011-2,KYIV-011,Band 1 (2100MHz),-84.3,-9.6,10.5,69.6,47.6,90.6
2026-01-15 20:00:00,KYIV-011-3,KYIV-011,Band 1 (2100MHz),-82.0,-11.6,8.6,41.2,28.9,69.3
2026-01-15 20:00:00,KYIV-012-1,KYIV-012,Band 3 (1800MHz),-87.9,-10.7,16.6,49.7,21.0,78.6
2026-01-15 20:00:00,KYIV-012-2,KYIV-012,Band 3 (1800MHz),-84.1,-12.3,8.4,63.4,34.7,72.9
2026-01-15 20:00:00,KYIV-012-3,KYIV-012,Band 3 (1800MHz),-93.3,-6.0,16.0,78.5,41.5,106.2
2026-01-15 20:00:00,KYIV-013-1,KYIV-013,Band 1 (2100MHz),-92.9,-9.8,8.5,62.6,38.8,96.8
2026-01-15 20:00:00,KYIV-013-2,KYIV-013,Band 1 (2100MHz),-87.8,-10.7,7.3,62.0,36.1,98.9
2026-01-15 20:00:00,KYIV-013-3,KYIV-013,Band 1 (2100MHz),-92.2,-9.8,12.2,69.6,28.9,94.8
2026-01-15 20:00:00,KYIV-014-1,KYIV-014,Band 3 (1800MHz),-84.9,-12.7,11.7,71.0,50.8,96.4
2026-01-15 20:00:00,KYIV-014-2,KYIV-014,Band 3 (1800MHz),-101.7,-12.7,1.4,46.8,42.1,100.3
2026-01-15 20:00:00,KYIV-014-3,KYIV-014,Band 3 (1800MHz),-85.3,-9.5,9.6,40.0,21.7,80.2
2026-01-15 20:00:00,KYIV-015-1,KYIV-015,Band 1 (2100MHz),-84.5,-8.8,12.1,77.7,48.6,73.8
2026-01-15 20:00:00,KYIV-015-2,KYIV-015,Band 1 (2100MHz),-91.5,-11.1,15.6,77.5,35.9,78.5
2026-01-15 20:00:00,KYIV-015-3,KYIV-015,Band 1 (2100MHz),-86.5,-9.4,17.3,71.7,21.6,80.1
2026-01-15 20:00:00,KYIV-016-1,KYIV-016,Band 3 (1800MHz),-93.1,-6.8,13.4,50.7,52.6,136.3
2026-01-15 20:00:00,KYIV-016-2,KYIV-016,Band 3 (1800MHz),-88.7,-11.2,13.4,57.3,44.9,132.3
2026-01-15 20:00:00,KYIV-016-3,KYIV-016,Band 3 (1800MHz),-85.7,-8.8,16.4,57.4,45.5,85.9
2026-01-15 21:00:00,KYIV-001-1,KYIV-001,Band 1 (2100MHz),-87.5,-9.3,15.6,10.8,24.9,58.0
2026-01-15 21:00:00,KYIV-001-2,KYIV-001,Band 1 (2100MHz),-84.6,-8.3,11.4,31.0,21.5,13.9
2026-01-15 21:00:00,KYIV-001-3,KYIV-001,Band 1 (2100MHz),-90.0,-6.9,19.7,24.4,1.9,19.6
2026-01-15 21:00:00,KYIV-002-1,KYIV-002,Band 3 (1800MHz),-96.6,-12.9,9.4,25.8,13.5,34.6
2026-01-15 21:00:00,KYIV-002-2,KYIV-002,Band 3 (1800MHz),-96.7,-15.8,6.6,51.3,0.0,15.3
2026-01-15 21:00:00,KYIV-002-3,KYIV-002,Band 3 (1800MHz),-91.5,-10.1,8.1,24.2,13.2,6.7
2026-01-15 21:00:00,KYIV-003-1,KYIV-003,Band 1 (2100MHz),-86.1,-6.9,15.9,8.2,7.6,60.8
2026-01-15 21:00:00,KYIV-003-2,KYIV-003,Band 1 (2100MHz),-83.1,-8.9,3.1,39.5,0.5,14.5
2026-01-15 21:00:00,KYIV-003-3,KYIV-003,Band 1 (2100MHz),-84.1,-8.2,20.7,13.7,17.1,53.8
2026-01-15 21:00:00,KYIV-004-1,KYIV-004,Band 3 (1800MHz),-81.2,-10.3,7.3,22.5,10.3,53.4
2026-01-15 21:00:00,KYIV-004-2,KYIV-004,Band 3 (1800MHz),-89.4,-4.0,7.8,13.5,9.9,14.8
2026-01-15 21:00:00,KYIV-004-3,KYIV-004,Band 3 (1800MHz),-84.4,-8.5,11.9,35.9,12.1,37.3
2026-01-15 21:00:00,KYIV-005-1,KYIV-005,Band 1 (2100MHz),-82.9,-6.0,15.5,25.7,7.5,40.2
2026-01-15 21:00:00,KYIV-005-2,KYIV-005,Band 1 (2100MHz),-89.2,-9.7,8.3,28.1,0.0,47.1
2026-01-15 21:00:00,KYIV-005-3,KYIV-005,Band 1 (2100MHz),-105.7,-11.9,8.9,21.8,4.4,39.7
2026-01-15 21:00:00,KYIV-006-1,KYIV-006,Band 3 (1800MHz),-82.2,-10.2,8.9,1.6,14.5,53.8
2026-01-15 21:00:00,KYIV-006-2,KYIV-006,Band 3 (1800MHz),-84.4,-7.2,13.3,15.8,5.5,31.4
2026-01-15 21:00:00,KYIV-006-3,KYIV-006,Band 3 (1800MHz),-84.3,-6.1,11.1,13.3,0.0,21.8
2026-01-15 21:00:00,KYIV-007-1,KYIV-007,Band 1 (2100MHz),-82.6,-8.5,13.8,25.4,9.1,32.4
2026-01-15 21:00:00,KYIV-007-2,KYIV-007,Band 1 (2100MHz),-93.0,-9.7,13.3,12.5,0.0,42.4
2026-01-15 21:00:00,KYIV-007-3,KYIV-007,Band 1 (2100MHz),-92.4,-8.8,13.8,22.3,0.0,49.3
2026-01-15 21:00:00,KYIV-008-1,KYIV-008,Band 3 (1800MHz),-90.5,-6.4,16.6,0.0,5.5,30.0
2026-01-15 21:00:00,KYIV-008-2,KYIV-008,Band 3 (1800MHz),-92.5,-8.2,14.6,9.5,17.8,50.0
2026-01-15 21:00:00,KYIV-008-3,KYIV-008,Band 3 (1800MHz),-88.0,-9.0,10.7,8.5,0.0,16.5
2026-01-15 21:00:00,KYIV-009-1,KYIV-009,Band 1 (2100MHz),-84.4,-9.5,5.5,14.9,10.3,34.2
2026-01-15 21:00:00,KYIV-009-2,KYIV-009,Band 1 (2100MHz),-92.6,-11.3,6.6,42.4,21.6,4.5
2026-01-15 21:00:00,KYIV-009-3,KYIV-009,Band 1 (2100MHz),-79.5,-6.7,18.4,12.6,7.4,44.9
2026-01-15 21:00:00,KYIV-010-1,KYIV-010,Band 3 (1800MHz),-84.7,-9.4,15.9,13.6,21.6,35.3
2026-01-15 21:00:00,KYIV-010-2,KYIV-010,Band 3 (1800MHz),-87.1,-8.8,10.1,27.2,1.7,28.0
2026-01-15 21:00:00,KYIV-010-3,KYIV-010,Band 3 (1800MHz),-90.9,-3.1,11.8,20.4,4.5,0.0
2026-01-15 21:00:00,KYIV-011-1,KYIV-011,Band 1 (2100MHz),-85.5,-7.0,21.5,27.9,15.1,1.3
2026-01-15 21:00:00,KYIV-011-2,KYIV-011,Band 1 (2100MHz),-88.9,-9.2,9.5,1.2,5.2,12.3
2026-01-15 21:00:00,KYIV-011-3,KYIV-011,Band 1 (2100MHz),-89.2,-10.9,9.5,7.4,8.9,31.6
2026-01-15 21:00:00,KYIV-012-1,KYIV-012,Band 3 (1800MHz),-81.9,-9.5,13.9,12.7,0.0,0.0
2026-01-15 21:00:00,KYIV-012-2,KYIV-012,Band 3 (1800MHz),-87.6,-6.3,14.6,11.4,1.5,13.0
2026-01-15 21:00:00,KYIV-012-3,KYIV-012,Band 3 (1800MHz),-85.1,-8.1,14.1,14.8,0.0,0.0
2026-01-15 21:00:00,KYIV-013-1,KYIV-013,Band 1 (2100MHz),-85.0,-9.6,15.8,5.6,7.3,0.0
2026-01-15 21:00:00,KYIV-013-2,KYIV-013,Band 1 (2100MHz),-89.5,-5.0,10.9,14.9,0.0,36.3
2026-01-15 21:00:00,KYIV-013-3,KYIV-013,Band 1 (2100MHz),-94.0,-9.8,9.8,23.7,2.5,29.3
2026-01-15 21:00:00,KYIV-014-1,KYIV-014,Band 3 (1800MHz),-83.5,-6.4,14.2,8.2,17.5,34.7
2026-01-15 21:00:00,KYIV-014-2,KYIV-014,Band 3 (1800MHz),-98.0,-11.5,0.6,15.0,20.6,20.0
2026-01-15 21:00:00,KYIV-014-3,KYIV-014,Band 3 (1800MHz),-92.9,-6.4,11.9,31.2,4.9,2.9
2026-01-15 21:00:00,KYIV-015-1,KYIV-015,Band 1 (2100MHz),-89.0,-6.4,13.5,0.0,11.5,0.0
2026-01-15 21:00:00,KYIV-015-2,KYIV-015,Band 1 (2100MHz),-89.3,-5.4,16.1,17.4,20.4,7.1
2026-01-15 21:00:00,KYIV-015-3,KYIV-015,Band 1 (2100MHz),-90.1,-8.4,5.9,36.8,11.3,41.8
2026-01-15 21:00:00,KYIV-016-1,KYIV-016,Band 3 (1800MHz),-86.9,-6.4,11.5,4.8,3.3,50.2
2026-01-15 21:00:00,KYIV-016-2,KYIV-016,Band 3 (1800MHz),-89.8,-7.3,18.3,19.7,2.2,33.0
2026-01-15 21:00:00,KYIV-016-3,KYIV-016,Band 3 (1800MHz),-81.8,-11.0,12.2,0.0,0.8,18.4
2026-01-15 22:00:00,KYIV-001-1,KYIV-001,Band 1 (2100MHz),-85.6,-6.7,14.9,19.9,4.3,31.7
2026-01-15 22:00:00,KYIV-001-2,KYIV-001,Band 1 (2100MHz),-85.8,-7.3,18.4,0.0,9.4,9.5
2026-01-15 22:00:00,KYIV-001-3,KYIV-001,Band 1 (2100MHz),-83.3,-6.6,9.5,11.8,13.6,0.0
2026-01-15 22:00:00,KYIV-002-1,KYIV-002,Band 3 (1800MHz),-102.7,-12.6,2.4,17.5,1.9,32.5
2026-01-15 22:00:00,KYIV-002-2,KYIV-002,Band 3 (1800MHz),-99.3,-13.9,3.3,6.5,4.6,0.0
2026-01-15 22:00:00,KYIV-002-3,KYIV-002,Band 3 (1800MHz),-89.4,-6.4,17.6,11.9,12.0,0.0
2026-01-15 22:00:00,KYIV-003-1,KYIV-003,Band 1 (2100MHz),-84.8,-9.1,11.0,0.0,12.2,0.0
2026-01-15 22:00:00,KYIV-003-2,KYIV-003,Band 1 (2100MHz),-84.2,-9.2,13.7,0.0,0.0,51.9
2026-01-15 22:00:00,KYIV-003-3,KYIV-003,Band 1 (2100MHz),-88.4,-7.6,18.7,8.2,0.0,23.8
2026-01-15 22:00:00,KYIV-004-1,KYIV-004,Band 3 (1800MHz),-89.4,-7.3,15.0,0.0,13.1,35.8
2026-01-15 22:00:00,KYIV-004-2,KYIV-004,Band 3 (1800MHz),-83.8,-10.9,11.8,12.8,12.9,26.4
2026-01-15 22:00:00,KYIV-004-3,KYIV-004,Band 3 (1800MHz),-79.4,-7.3,10.6,0.0,0.0,5.8
2026-01-15 22:00:00,KYIV-005-1,KYIV-005,Band 1 (2100MHz),-88.6,-5.1,17.5,7.9,0.0,4.4
2026-01-15 22:00:00,KYIV-005-2,KYIV-005,Band 1 (2100MHz),-84.4,-4.6,5.8,17.0,13.7,0.0
2026-01-15 22:00:00,KYIV-005-3,KYIV-005,Band 1 (2100MHz),-98.4,-8.4,9.5,20.8,5.1,9.4
2026-01-15 22:00:00,KYIV-006-1,KYIV-006,Band 3 (1800MHz),-79.8,-7.1,10.8,2.0,0.0,29.3
2026-01-15 22:00:00,KYIV-006-2,KYIV-006,Band 3 (1800MHz),-84.4,-9.9,8.8,0.0,0.0,15.3
2026-01-15 22:00:00,KYIV-006-3,KYIV-006,Band 3 (1800MHz),-94.0,-8.3,18.8,10.1,0.0,24.5
2026-01-15 22:00:00,KYIV-007-1,KYIV-007,Band 1 (2100MHz),-94.0,-10.9,15.0,7.3,0.0,0.2
2026-01-15 22:00:00,KYIV-007-2,KYIV-007,Band 1 (2100MHz),-92.0,-10.2,19.0,19.4,6.8,19.5
2026-01-15 22:00:00,KYIV-007-3,KYIV-007,Band 1 (2100MHz),-86.3,-9.8,14.7,0.0,9.4,13.7
2026-01-15 22:00:00,KYIV-008-1,KYIV-008,Band 3 (1800MHz),-83.9,-8.1,11.9,25.4,6.8,50.6
2026-01-15 22:00:00,KYIV-008-2,KYIV-008,Band 3 (1800MHz),-88.1,-10.5,22.6,3.0,6.2,9.2
2026-01-15 22:00:00,KYIV-008-3,KYIV-008,Band 3 (1800MHz),-90.9,-9.5,11.4,5.9,7.1,0.0
2026-01-15 22:00:00,KYIV-009-1,KYIV-009,Band 1 (2100MHz),-90.0,-10.2,18.3,24.8,0.1,65.0
2026-01-15 22:00:00,KYIV-009-2,KYIV-009,Band 1 (2100MHz),-89.0,-11.9,18.9,14.6,30.5,0.0
2026-01-15 22:00:00,KYIV-009-3,KYIV-009,Band 1 (2100MHz),-80.3,-9.1,2.4,0.0,12.3,0.0
2026-01-15 22:00:00,KYIV-010-1,KYIV-010,Band 3 (1800MHz),-84.1,-10.1,2.0,19.6,9.4,3.3
2026-01-15 22:00:00,KYIV-010-2,KYIV-010,Band 3 (1800MHz),-89.3,-12.0,19.4,0.0,4.7,22.8
2026-01-15 22:00:00,KYIV-010-3,KYIV-010,Band 3 (1800MHz),-86.1,-8.3,16.3,11.0,15.0,20.3
2026-01-15 22:00:00,KYIV-011-1,KYIV-011,Band 1 (2100MHz),-85.6,-9.3,10.3,15.1,28.4,40.5
2026-01-15 22:00:00,KYIV-011-2,KYIV-011,Band 1 (2100MHz),-90.5,-8.9,17.1,15.4,2.9,24.5
2026-01-15 22:00:00,KYIV-011-3,KYIV-011,Band 1 (2100MHz),-85.5,-7.3,19.3,13.3,0.0,22.4
2026-01-15 22:00:00,KYIV-012-1,KYIV-012,Band 3 (1800MHz),-81.2,-7.9,9.9,30.9,11.2,0.0
2026-01-15 22:00:00,KYIV-012-2,KYIV-012,Band 3 (1800MHz),-85.6,-8.2,12.3,8.4,11.4,0.0
2026-01-15 22:00:00,KYIV-012-3,KYIV-012,Band 3 (1800MHz),-88.3,-6.8,14.5,10.1,0.0,33.6
2026-01-15 22:00:00,KYIV-013-1,KYIV-013,Band 1 (2100MHz),-83.8,-11.5,21.1,0.0,1.8,0.0
2026-01-15 22:00:00,KYIV-013-2,KYIV-013,Band 1 (2100MHz),-88.4,-6.5,18.3,9.5,0.0,15.3
2026-01-15 22:00:00,KYIV-013-3,KYIV-013,Band 1 (2100MHz),-88.7,-6.8,11.4,2.2,2.3,0.0
2026-01-15 22:00:00,KYIV-014-1,KYIV-014,Band 3 (1800MHz),-78.9,-6.2,27.1,7.3,0.0,0.0
2026-01-15 22:00:00,KYIV-014-2,KYIV-014,Band 3 (1800MHz),-101.0,-11.2,1.7,9.3,6.0,34.9
2026-01-15 22:00:00,KYIV-014-3,KYIV-014,Band 3 (1800MHz),-87.8,-8.4,12.0,25.9,15.6,0.0
2026-01-15 22:00:00,KYIV-015-1,KYIV-015,Band 1 (2100MHz),-93.6,-9.8,17.9,0.0,4.5,0.0
2026-01-15 22:00:00,KYIV-015-2,KYIV-015,Band 1 (2100MHz),-82.7,-5.2,13.5,14.1,11.4,9.3
2026-01-15 22:00:00,KYIV-015-3,KYIV-015,Band 1 (2100MHz),-84.1,-3.9,21.9,0.0,1.0,0.0
2026-01-15 22:00:00,KYIV-016-1,KYIV-016,Band 3 (1800MHz),-88.5,-7.5,10.3,6.2,12.7,19.1
2026-01-15 22:00:00,KYIV-016-2,KYIV-016,Band 3 (1800MHz),-83.1,-7.5,23.5,22.2,4.9,0.0
2026-01-15 22:00:00,KYIV-016-3,KYIV-016,Band 3 (1800MHz),-87.0,-13.1,17.0,4.1,14.8,6.9
2026-01-15 23:00:00,KYIV-001-1,KYIV-001,Band 1 (2100MHz),-87.3,-10.8,6.8,0.0,0.0,19.3
2026-01-15 23:00:00,KYIV-001-2,KYIV-001,Band 1 (2100MHz),-84.6,-8.2,7.3,18.7,4.3,2.1
2026-01-15 23:00:00,KYIV-001-3,KYIV-001,Band 1 (2100MHz),-81.6,-5.3,9.6,0.0,4.4,29.9
2026-01-15 23:00:00,KYIV-002-1,KYIV-002,Band 3 (1800MHz),-102.1,-13.4,12.4,18.2,4.7,0.0
2026-01-15 23:00:00,KYIV-002-2,KYIV-002,Band 3 (1800MHz),-100.8,-11.2,13.9,0.0,17.3,11.3
2026-01-15 23:00:00,KYIV-002-3,KYIV-002,Band 3 (1800MHz),-96.0,-10.5,2.8,29.2,8.0,0.0
2026-01-15 23:00:00,KYIV-003-1,KYIV-003,Band 1 (2100MHz),-88.0,-5.9,6.2,0.0,0.8,3.2
2026-01-15 23:00:00,KYIV-003-2,KYIV-003,Band 1 (2100MHz),-79.6,-6.4,8.7,0.0,2.6,30.5
2026-01-15 23:00:00,KYIV-003-3,KYIV-003,Band 1 (2100MHz),-84.9,-7.2,9.5,15.8,0.0,0.0
2026-01-15 23:00:00,KYIV-004-1,KYIV-004,Band 3 (1800MHz),-92.4,-8.4,16.7,4.5,3.4,0.0
2026-01-15 23:00:00,KYIV-004-2,KYIV-004,Band 3 (1800MHz),-90.9,-9.5,12.6,14.2,0.0,19.2
2026-01-15 23:00:00,KYIV-004-3,KYIV-004,Band 3 (1800MHz),-84.0,-5.7,17.0,15.3,0.0,22.7
2026-01-15 23:00:00,KYIV-005-1,KYIV-005,Band 1 (2100MHz),-89.6,-6.6,10.1,0.0,4.3,6.5
2026-01-15 23:00:00,KYIV-005-2,KYIV-005,Band 1 (2100MHz),-82.4,-9.7,20.7,21.2,6.5,0.0
2026-01-15 23:00:00,KYIV-005-3,KYIV-005,Band 1 (2100MHz),-98.3,-11.5,12.2,16.0,7.4,0.0
2026-01-15 23:00:00,KYIV-006-1,KYIV-006,Band 3 (1800MHz),-86.8,-5.6,20.2,0.0,21.9,58.6
2026-01-15 23:00:00,KYIV-006-2,KYIV-006,Band 3 (1800MHz),-91.7,-5.6,10.1,7.6,9.8,0.0
2026-01-15 23:00:00,KYIV-006-3,KYIV-006,Band 3 (1800MHz),-91.9,-7.8,13.0,25.2,0.0,0.0
2026-01-15 23:00:00,KYIV-007-1,KYIV-007,Band 1 (2100MHz),-87.2,-6.5,12.9,11.8,2.1,23.4
2026-01-15 23:00:00,KYIV-007-2,KYIV-007,Band 1 (2100MHz),-85.7,-10.2,14.8,17.4,1.3,23.4
2026-01-15 23:00:00,KYIV-007-3,KYIV-007,Band 1 (2100MHz),-82.5,-5.3,13.4,9.3,12.4,27.7
2026-01-15 23:00:00,KYIV-008-1,KYIV-008,Band 3 (1800MHz),-86.8,-9.6,23.7,4.5,0.0,29.4
2026-01-15 23:00:00,KYIV-008-2,KYIV-008,Band 3 (1800MHz),-85.0,-10.0,8.3,0.0,9.1,12.0
2026-01-15 23:00:00,KYIV-008-3,KYIV-008,Band 3 (1800MHz),-86.2,-8.1,10.9,51.3,0.0,0.0
2026-01-15 23:00:00,KYIV-009-1,KYIV-009,Band 1 (2100MHz),-94.3,-9.3,16.3,19.4,8.6,56.8
2026-01-15 23:00:00,KYIV-009-2,KYIV-009,Band 1 (2100MHz),-87.0,-8.1,13.6,2.6,5.1,0.0
2026-01-15 23:00:00,KYIV-009-3,KYIV-009,Band 1 (2100MHz),-89.9,-9.2,9.1,7.2,0.0,0.0
2026-01-15 23:00:00,KYIV-010-1,KYIV-010,Band 3 (1800MHz),-89.7,-5.6,24.9,13.7,0.0,0.0
2026-01-15 23:00:00,KYIV-010-2,KYIV-010,Band 3 (1800MHz),-94.0,-7.3,14.3,17.6,0.0,28.5
2026-01-15 23:00:00,KYIV-010-3,KYIV-010,Band 3 (1800MHz),-90.3,-10.7,12.1,0.0,10.3,53.8
2026-01-15 23:00:00,KYIV-011-1,KYIV-011,Band 1 (2100MHz),-84.2,-6.0,10.8,6.0,0.8,0.0
2026-01-15 23:00:00,KYIV-011-2,KYIV-011,Band 1 (2100MHz),-84.8,-5.2,14.3,14.8,11.9,6.9
2026-01-15 23:00:00,KYIV-011-3,KYIV-011,Band 1 (2100MHz),-93.5,-9.7,17.0,14.5,1.8,11.2
2026-01-15 23:00:00,KYIV-012-1,KYIV-012,Band 3 (1800MHz),-81.4,-8.4,18.9,25.9,7.0,32.9
2026-01-15 23:00:00,KYIV-012-2,KYIV-012,Band 3 (1800MHz),-82.1,-6.5,11.3,15.5,0.0,55.9
2026-01-15 23:00:00,KYIV-012-3,KYIV-012,Band 3 (1800MHz),-91.6,-6.2,20.5,4.1,6.2,26.8
2026-01-15 23:00:00,KYIV-013-1,KYIV-013,Band 1 (2100MHz),-81.9,-5.4,12.6,0.1,5.3,7.8
2026-01-15 23:00:00,KYIV-013-2,KYIV-013,Band 1 (2100MHz),-84.7,-6.1,9.4,27.6,0.0,34.1
2026-01-15 23:00:00,KYIV-013-3,KYIV-013,Band 1 (2100MHz),-87.3,-9.0,12.8,7.7,2.3,32.6
2026-01-15 23:00:00,KYIV-014-1,KYIV-014,Band 3 (1800MHz),-93.8,-6.1,11.2,16.9,14.0,22.7
2026-01-15 23:00:00,KYIV-014-2,KYIV-014,Band 3 (1800MHz),-100.6,-17.4,-2.6,3.9,21.8,0.0
2026-01-15 23:00:00,KYIV-014-3,KYIV-014,Band 3 (1800MHz),-88.5,-8.8,1.5,1.0,3.5,87.9
2026-01-15 23:00:00,KYIV-015-1,KYIV-015,Band 1 (2100MHz),-81.6,-4.0,13.5,40.7,21.9,0.0
2026-01-15 23:00:00,KYIV-015-2,KYIV-015,Band 1 (2100MHz),-88.1,-6.5,12.9,10.9,0.0,5.1
2026-01-15 23:00:00,KYIV-015-3,KYIV-015,Band 1 (2100MHz),-90.5,-6.1,10.5,6.1,9.0,4.8
2026-01-15 23:00:00,KYIV-016-1,KYIV-016,Band 3 (1800MHz),-83.2,-9.5,13.9,0.0,4.7,9.7
2026-01-15 23:00:00,KYIV-016-2,KYIV-016,Band 3 (1800MHz),-89.0,-8.9,18.2,0.0,0.0,29.8
2026-01-15 23:00:00,KYIV-016-3,KYIV-016,Band 3 (1800MHz),-88.5,-10.0,17.9,19.6,1.7,0.0
2026-01-16 00:00:00,KYIV-001-1,KYIV-001,Band 1 (2100MHz),-90.1,-8.8,21.0,18.1,0.0,37.9
2026-01-16 00:00:00,KYIV-001-2,KYIV-001,Band 1 (2100MHz),-89.0,-4.4,5.4,11.1,1.5,14.4
2026-01-16 00:00:00,KYIV-001-3,KYIV-001,Band 1 (2100MHz),-90.0,-8.5,9.6,0.0,0.0,4.3
2026-01-16 00:00:00,KYIV-002-1,KYIV-002,Band 3 (1800MHz),-108.0,-15.1,8.4,0.5,8.8,0.0
2026-01-16 00:00:00,KYIV-002-2,KYIV-002,Band 3 (1800MHz),-98.6,-11.3,6.1,0.0,4.4,7.3
2026-01-16 00:00:00,KYIV-002-3,KYIV-002,Band 3 (1800MHz),-88.4,-11.7,12.6,5.5,16.5,0.0
2026-01-16 00:00:00,KYIV-003-1,KYIV-003,Band 1 (2100MHz),-79.9,-11.9,13.3,1.8,10.5,36.9
2026-01-16 00:00:00,KYIV-003-2,KYIV-003,Band 1 (2100MHz),-87.8,-11.3,17.0,3.7,0.0,8.6
2026-01-16 00:00:00,KYIV-003-3,KYIV-003,Band 1 (2100MHz),-92.2,-6.9,22.1,0.0,10.4,32.4
2026-01-16 00:00:00,KYIV-004-1,KYIV-004,Band 3 (1800MHz),-80.3,-9.4,10.1,13.2,0.3,51.3
2026-01-16 00:00:00,KYIV-004-2,KYIV-004,Band 3 (1800MHz),-87.6,-7.8,15.9,17.3,0.2,0.0
2026-01-16 00:00:00,KYIV-004-3,KYIV-004,Band 3 (1800MHz),-86.3,-3.4,16.4,0.8,29.9,0.9
2026-01-16 00:00:00,KYIV-005-1,KYIV-005,Band 1 (2100MHz),-86.1,-8.3,8.8,19.4,0.0,7.9
2026-01-16 00:00:00,KYIV-005-2,KYIV-005,Band 1 (2100MHz),-88.6,-10.0,16.3,0.0,0.0,61.6
2026-01-16 00:00:00,KYIV-005-3,KYIV-005,Band 1 (2100MHz),-97.1,-8.3,4.3,18.4,21.0,52.2
2026-01-16 00:00:00,KYIV-006-1,KYIV-006,Band 3 (1800MHz),-89.6,-9.5,13.7,10.4,0.0,26.5
2026-01-16 00:00:00,KYIV-006-2,KYIV-006,Band 3 (1800MHz),-86.1,-5.9,20.2,0.0,0.0,21.2
2026-01-16 00:00:00,KYIV-006-3,KYIV-006,Band 3 (1800MHz),-91.3,-10.9,9.6,2.3,2.2,0.0
2026-01-16 00:00:00,KYIV-007-1,KYIV-007,Band 1 (2100MHz),-85.1,-7.9,9.9,15.7,1.0,0.0
2026-01-16 00:00:00,KYIV-007-2,KYIV-007,Band 1 (2100MHz),-86.6,-8.9,7.7,0.0,19.0,18.5
2026-01-16 00:00:00,KYIV-007-3,KYIV-007,Band 1 (2100MHz),-77.7,-7.6,15.0,10.2,3.2,29.7
2026-01-16 00:00:00,KYIV-008-1,KYIV-008,Band 3 (1800MHz),-87.8,-7.6,8.5,15.6,17.5,6.2
2026-01-16 00:00:00,KYIV-008-2,KYIV-008,Band 3 (1800MHz),-93.1,-10.4,8.0,2.7,0.0,0.1
2026-01-16 00:00:00,KYIV-008-3,KYIV-008,Band 3 (1800MHz),-85.4,-8.3,7.7,0.0,0.5,0.1
2026-01-16 00:00:00,KYIV-009-1,KYIV-009,Band 1 (2100MHz),-92.2,-9.7,16.6,0.0,6.9,19.0
2026-01-16 00:00:00,KYIV-009-2,KYIV-009,Band 1 (2100MHz),-91.2,-7.2,8.8,10.2,0.0,58.8
2026-01-16 00:00:00,KYIV-009-3,KYIV-009,Band 1 (2100MHz),-91.7,-8.5,12.7,16.6,0.0,0.0
2026-01-16 00:00:00,KYIV-010-1,KYIV-010,Band 3 (1800MHz),-85.5,-8.5,13.9,14.4,23.5,0.0
2026-01-16 00:00:00,KYIV-010-2,KYIV-010,Band 3 (1800MHz),-84.1,-7.8,14.1,24.9,0.0,38.5
2026-01-16 00:00:00,KYIV-010-3,KYIV-010,Band 3 (1800MHz),-82.6,-3.6,10.1,0.0,11.2,16.4
2026-01-16 00:00:00,KYIV-011-1,KYIV-011,Band 1 (2100MHz),-82.0,-7.1,12.2,0.0,13.4,0.0
2026-01-16 00:00:00,KYIV-011-2,KYIV-011,Band 1 (2100MHz),-83.1,-4.9,2.1,7.5,3.2,26.4
2026-01-16 00:00:00,KYIV-011-3,KYIV-011,Band 1 (2100MHz),-83.1,-6.2,17.9,0.9,0.0,52.3
2026-01-16 00:00:00,KYIV-012-1,KYIV-012,Band 3 (1800MHz),-83.3,-6.4,11.7,7.1,0.0,7.4
2026-01-16 00:00:00,KYIV-012-2,KYIV-012,Band 3 (1800MHz),-93.2,-9.7,11.7,6.8,10.2,21.4
2026-01-16 00:00:00,KYIV-012-3,KYIV-012,Band 3 (1800MHz),-90.2,-4.5,13.5,10.6,1.8,3.3
2026-01-16 00:00:00,KYIV-013-1,KYIV-013,Band 1 (2100MHz),-81.7,-8.7,15.6,16.9,4.9,10.8
2026-01-16 00:00:00,KYIV-013-2,KYIV-013,Band 1 (2100MHz),-85.5,-5.5,16.2,0.0,12.0,0.0
2026-01-16 00:00:00,KYIV-013-3,KYIV-013,Band 1 (2100MHz),-86.9,-9.3,11.8,0.5,22.5,23.3
2026-01-16 00:00:00,KYIV-014-1,KYIV-014,Band 3 (1800MHz),-93.0,-3.3,13.1,17.0,7.5,13.6
2026-01-16 00:00:00,KYIV-014-2,KYIV-014,Band 3 (1800MHz),-92.7,-10.0,0.1,5.2,10.5,0.0
2026-01-16 00:00:00,KYIV-014-3,KYIV-014,Band 3 (1800MHz),-81.2,-9.6,11.4,24.0,0.0,2.6
2026-01-16 00:00:00,KYIV-015-1,KYIV-015,Band 1 (2100MHz),-83.0,-10.6,7.7,29.5,18.7,12.3
2026-01-16 00:00:00,KYIV-015-2,KYIV-015,Band 1 (2100MHz),-89.8,-10.3,5.3,20.7,0.0,43.6
2026-01-16 00:00:00,KYIV-015-3,KYIV-015,Band 1 (2100MHz),-86.9,-5.1,13.9,27.1,6.1,26.4
2026-01-16 00:00:00,KYIV-016-1,KYIV-016,Band 3 (1800MHz),-88.2,-5.8,3.0,30.1,4.6,20.1
2026-01-16 00:00:00,KYIV-016-2,KYIV-016,Band 3 (1800MHz),-82.6,-8.8,21.8,0.0,8.4,0.0
2026-01-16 00:00:00,KYIV-016-3,KYIV-016,Band 3 (1800MHz),-84.7,-10.1,10.8,28.3,14.9,23.2
2026-01-16 01:00:00,KYIV-001-1,KYIV-001,Band 1 (2100MHz),-89.5,-9.6,16.6,8.5,0.0,27.0
2026-01-16 01:00:00,KYIV-001-2,KYIV-001,Band 1 (2100MHz),-92.2,-6.0,14.5,0.0,0.0,27.7
2026-01-16 01:00:00,KYIV-001-3,KYIV-001,Band 1 (2100MHz),-86.5,-5.7,16.1,7.1,6.1,54.2
2026-01-16 01:00:00,KYIV-002-1,KYIV-002,Band 3 (1800MHz),-103.8,-11.8,3.3,18.8,1.3,54.4
2026-01-16 01:00:00,KYIV-002-2,KYIV-002,Band 3 (1800MHz),-100.2,-8.7,12.1,10.9,0.0,4.5
2026-01-16 01:00:00,KYIV-002-3,KYIV-002,Band 3 (1800MHz),-85.5,-5.9,6.0,15.9,10.3,15.8
2026-01-16 01:00:00,KYIV-003-1,KYIV-003,Band 1 (2100MHz),-88.3,-6.5,13.4,6.1,0.7,22.9
2026-01-16 01:00:00,KYIV-003-2,KYIV-003,Band 1 (2100MHz),-81.0,-6.2,7.6,0.0,9.3,9.5
2026-01-16 01:00:00,KYIV-003-3,KYIV-003,Band 1 (2100MHz),-87.8,-7.9,13.6,4.5,0.0,8.5
2026-01-16 01:00:00,KYIV-004-1,KYIV-004,Band 3 (1800MHz),-81.8,-7.8,7.6,2.2,0.0,0.0
2026-01-16 01:00:00,KYIV-004-2,KYIV-004,Band 3 (1800MHz),-84.2,-8.3,10.0,9.7,5.2,3.0
2026-01-16 01:00:00,KYIV-004-3,KYIV-004,Band 3 (1800MHz),-88.8,-4.2,10.7,1.9,11.9,43.2
2026-01-16 01:00:00,KYIV-005-1,KYIV-005,Band 1 (2100MHz),-86.1,-6.8,19.0,4.1,0.0,45.3
2026-01-16 01:00:00,KYIV-005-2,KYIV-005,Band 1 (2100MHz),-92.1,-7.5,10.6,0.0,8.3,39.1
2026-01-16 01:00:00,KYIV-005-3,KYIV-005,Band 1 (2100MHz),-96.6,-8.0,6.3,1.6,19.1,33.6
2026-01-16 01:00:00,KYIV-006-1,KYIV-006,Band 3 (1800MHz),-97.7,-7.6,13.9,17.3,18.6,25.3
2026-01-16 01:00:00,KYIV-006-2,KYIV-006,Band 3 (1800MHz),-87.7,-7.5,9.9,6.3,2.4,46.2
2026-01-16 01:00:00,KYIV-006-3,KYIV-006,Band 3 (1800MHz),-90.6,-6.5,12.3,12.2,0.0,6.5
2026-01-16 01:00:00,KYIV-007-1,KYIV-007,Band 1 (2100MHz),-93.4,-8.2,6.0,0.0,12.8,8.0
2026-01-16 01:00:00,KYIV-007-2,KYIV-007,Band 1 (2100MHz),-87.5,-10.2,18.9,0.0,12.4,29.8
2026-01-16 01:00:00,KYIV-007-3,KYIV-007,Band 1 (2100MHz),-86.6,-8.7,16.1,13.3,5.6,19.0
2026-01-16 01:00:00,KYIV-008-1,KYIV-008,Band 3 (1800MHz),-84.1,-7.1,5.3,17.9,22.0,0.0
2026-01-16 01:00:00,KYIV-008-2,KYIV-008,Band 3 (1800MHz),-86.9,-7.0,16.2,13.3,24.1,0.0
2026-01-16 01:00:00,KYIV-008-3,KYIV-008,Band 3 (1800MHz),-82.2,-8.5,10.2,24.9,0.0,15.6
2026-01-16 01:00:00,KYIV-009-1,KYIV-009,Band 1 (2100MHz),-86.8,-9.0,9.6,29.3,19.5,19.5
2026-01-16 01:00:00,KYIV-009-2,KYIV-009,Band 1 (2100MHz),-84.7,-12.6,3.3,8.4,0.3,21.5
2026-01-16 01:00:00,KYIV-009-3,KYIV-009,Band 1 (2100MHz),-86.2,-9.8,9.3,12.5,2.2,32.4
2026-01-16 01:00:00,KYIV-010-1,KYIV-010,Band 3 (1800MHz),-88.2,-10.9,15.5,0.0,2.1,8.0
2026-01-16 01:00:00,KYIV-010-2,KYIV-010,Band 3 (1800MHz),-86.4,-9.3,6.3,8.6,12.2,0.0
2026-01-16 01:00:00,KYIV-010-3,KYIV-010,Band 3 (1800MHz),-83.5,-11.2,14.0,18.9,27.0,16.7
2026-01-16 01:00:00,KYIV-011-1,KYIV-011,Band 1 (2100MHz),-87.4,-5.6,6.2,0.0,5.2,62.7
2026-01-16 01:00:00,KYIV-011-2,KYIV-011,Band 1 (2100MHz),-81.7,-12.4,16.3,0.0,10.5,13.4
2026-01-16 01:00:00,KYIV-011-3,KYIV-011,Band 1 (2100MHz),-85.6,-8.3,17.4,0.0,8.9,19.4
2026-01-16 01:00:00,KYIV-012-1,KYIV-012,Band 3 (1800MHz),-80.0,-7.0,6.4,4.6,0.0,7.7
2026-01-16 01:00:00,KYIV-012-2,KYIV-012,Band 3 (1800MHz),-85.8,-11.3,11.1,7.7,2.2,0.0
2026-01-16 01:00:00,KYIV-012-3,KYIV-012,Band 3 (1800MHz),-80.4,-12.1,3.7,19.7,0.0,36.0
2026-01-16 01:00:00,KYIV-013-1,KYIV-013,Band 1 (2100MHz),-78.1,-6.8,9.8,18.8,10.2,32.9
2026-01-16 01:00:00,KYIV-013-2,KYIV-013,Band 1 (2100MHz),-74.6,-8.3,15.6,15.8,8.5,14.5
2026-01-16 01:00:00,KYIV-013-3,KYIV-013,Band 1 (2100MHz),-93.0,-11.5,9.0,11.0,24.3,27.3
2026-01-16 01:00:00,KYIV-014-1,KYIV-014,Band 3 (1800MHz),-83.2,-8.2,8.7,9.7,0.0,2.3
2026-01-16 01:00:00,KYIV-014-2,KYIV-014,Band 3 (1800MHz),-99.4,-13.4,1.1,11.8,0.6,4.2
2026-01-16 01:00:00,KYIV-014-3,KYIV-014,Band 3 (1800MHz),-89.2,-10.1,9.7,0.0,8.0,26.5
2026-01-16 01:00:00,KYIV-015-1,KYIV-015,Band 1 (2100MHz),-82.6,-8.5,17.7,0.0,0.0,0.0
2026-01-16 01:00:00,KYIV-015-2,KYIV-015,Band 1 (2100MHz),-83.0,-6.9,17.3,6.6,0.0,42.1
2026-01-16 01:00:00,KYIV-015-3,KYIV-015,Band 1 (2100MHz),-82.3,-8.9,15.4,23.4,3.8,38.4
2026-01-16 01:00:00,KYIV-016-1,KYIV-016,Band 3 (1800MHz),-84.7,-7.2,19.0,20.8,5.8,3.2
2026-01-16 01:00:00,KYIV-016-2,KYIV-016,Band 3 (1800MHz),-83.0,-10.3,4.7,16.4,4.9,0.5
2026-01-16 01:00:00,KYIV-016-3,KYIV-016,Band 3 (1800MHz),-89.9,-7.1,12.9,13.5,12.0,0.0
2026-01-16 02:00:00,KYIV-001-1,KYIV-001,Band 1 (2100MHz),-87.6,-7.7,18.6,22.6,9.4,9.1
2026-01-16 02:00:00,KYIV-001-2,KYIV-001,Band 1 (2100MHz),-85.1,-11.2,20.2,8.5,17.2,0.0
2026-01-16 02:00:00,KYIV-001-3,KYIV-001,Band 1 (2100MHz),-83.3,-7.8,16.3,0.0,8.4,41.1
2026-01-16 02:00:00,KYIV-002-1,KYIV-002,Band 3 (1800MHz),-104.2,-10.2,9.5,27.6,7.4,0.0
2026-01-16 02:00:00,KYIV-002-2,KYIV-002,Band 3 (1800MHz),-90.6,-11.0,6.6,2.3,0.0,0.0
2026-01-16 02:00:00,KYIV-002-3,KYIV-002,Band 3 (1800MHz),-93.7,-4.9,8.2,0.0,15.4,0.0
2026-01-16 02:00:00,KYIV-003-1,KYIV-003,Band 1 (2100MHz),-87.3,-6.7,8.8,6.2,10.0,34.3
2026-01-16 02:00:00,KYIV-003-2,KYIV-003,Band 1 (2100MHz),-85.7,-9.8,13.6,22.2,21.9,0.0
2026-01-16 02:00:00,KYIV-003-3,KYIV-003,Band 1 (2100MHz),-97.0,-6.7,9.8,17.7,17.8,0.0
2026-01-16 02:00:00,KYIV-004-1,KYIV-004,Band 3 (1800MHz),-85.3,-8.1,20.1,3.9,7.2,0.0
2026-01-16 02:00:00,KYIV-004-2,KYIV-004,Band 3 (1800MHz),-84.4,-8.4,10.0,14.1,6.8,0.0
2026-01-16 02:00:00,KYIV-004-3,KYIV-004,Band 3 (1800MHz),-80.5,-8.2,8.4,0.0,16.2,2.3
2026-01-16 02:00:00,KYIV-005-1,KYIV-005,Band 1 (2100MHz),-91.1,-7.2,14.1,6.9,19.8,0.0
2026-01-16 02:00:00,KYIV-005-2,KYIV-005,Band 1 (2100MHz),-87.8,-9.5,16.7,0.0,0.0,10.0
2026-01-16 02:00:00,KYIV-005-3,KYIV-005,Band 1 (2100MHz),-101.9,-14.8,1.9,14.1,5.8,0.0
2026-01-16 02:00:00,KYIV-006-1,KYIV-006,Band 3 (1800MHz),-82.8,-8.2,15.9,22.6,14.6,0.4
2026-01-16 02:00:00,KYIV-006-2,KYIV-006,Band 3 (1800MHz),-89.6,-10.7,19.3,3.7,6.8,27.4
2026-01-16 02:00:00,KYIV-006-3,KYIV-006,Band 3 (1800MHz),-83.7,-11.2,10.2,0.0,0.9,0.0
2026-01-16 02:00:00,KYIV-007-1,KYIV-007,Band 1 (2100MHz),-82.1,-4.0,18.8,0.0,0.0,13.7
2026-01-16 02:00:00,KYIV-007-2,KYIV-007,Band 1 (2100MHz),-88.8,-7.1,4.7,7.2,5.8,32.8
2026-01-16 02:00:00,KYIV-007-3,KYIV-007,Band 1 (2100MHz),-89.7,-8.6,14.0,0.0,13.5,38.3
2026-01-16 02:00:00,KYIV-008-1,KYIV-008,Band 3 (1800MHz),-88.9,-9.0,9.0,3.8,3.1,0.0
2026-01-16 02:00:00,KYIV-008-2,KYIV-008,Band 3 (1800MHz),-86.1,-6.7,10.0,0.0,7.1,15.2
2026-01-16 02:00:00,KYIV-008-3,KYIV-008,Band 3 (1800MHz),-76.2,-8.1,14.0,16.6,20.8,12.3
2026-01-16 02:00:00,KYIV-009-1,KYIV-009,Band 1 (2100MHz),-93.8,-5.9,15.9,12.8,0.0,30.6
2026-01-16 02:00:00,KYIV-009-2,KYIV-009,Band 1 (2100MHz),-92.4,-10.0,4.0,19.9,13.0,25.5
2026-01-16 02:00:00,KYIV-009-3,KYIV-009,Band 1 (2100MHz),-84.5,-3.2,9.5,5.1,1.8,3.2
2026-01-16 02:00:00,KYIV-010-1,KYIV-010,Band 3 (1800MHz),-89.0,-10.3,1.6,0.0,0.0,30.7
2026-01-16 02:00:00,KYIV-010-2,KYIV-010,Band 3 (1800MHz),-77.5,-9.7,7.8,17.2,19.7,55.2
2026-01-16 02:00:00,KYIV-010-3,KYIV-010,Band 3 (1800MHz),-87.7,-5.6,16.2,11.2,0.0,8.9
2026-01-16 02:00:00,KYIV-011-1,KYIV-011,Band 1 (2100MHz),-88.1,-5.6,16.8,28.7,0.9,36.5
2026-01-16 02:00:00,KYIV-011-2,KYIV-011,Band 1 (2100MHz),-85.1,-8.4,18.1,0.0,0.0,1.5
2026-01-16 02:00:00,KYIV-011-3,KYIV-011,Band 1 (2100MHz),-84.6,-8.6,12.2,0.0,11.0,7.5
2026-01-16 02:00:00,KYIV-012-1,KYIV-012,Band 3 (1800MHz),-90.7,-7.7,23.4,2.2,9.6,0.0
2026-01-16 02:00:00,KYIV-012-2,KYIV-012,Band 3 (1800MHz),-88.6,-7.2,15.5,0.0,7.7,7.1
2026-01-16 02:00:00,KYIV-012-3,KYIV-012,Band 3 (1800MHz),-92.9,-8.2,19.0,0.0,0.0,10.4
2026-01-16 02:00:00,KYIV-013-1,KYIV-013,Band 1 (2100MHz),-83.6,-6.5,15.9,5.4,12.7,0.0
2026-01-16 02:00:00,KYIV-013-2,KYIV-013,Band 1 (2100MHz),-84.6,-8.5,17.9,0.0,13.0,3.3
2026-01-16 02:00:00,KYIV-013-3,KYIV-013,Band 1 (2100MHz),-87.2,-6.2,8.5,0.0,0.0,0.0
2026-01-16 02:00:00,KYIV-014-1,KYIV-014,Band 3 (1800MHz),-86.4,-8.3,8.4,0.0,3.8,0.0
2026-01-16 02:00:00,KYIV-014-2,KYIV-014,Band 3 (1800MHz),-107.2,-11.8,9.6,0.0,14.0,27.9
2026-01-16 02:00:00,KYIV-014-3,KYIV-014,Band 3 (1800MHz),-85.3,-9.4,13.8,9.6,1.5,21.2
2026-01-16 02:00:00,KYIV-015-1,KYIV-015,Band 1 (2100MHz),-83.8,-5.8,9.2,14.8,5.4,70.5
2026-01-16 02:00:00,KYIV-015-2,KYIV-015,Band 1 (2100MHz),-84.4,-8.8,20.4,13.9,10.7,14.8
2026-01-16 02:00:00,KYIV-015-3,KYIV-015,Band 1 (2100MHz),-81.7,-7.3,1.0,42.7,9.9,1.9
2026-01-16 02:00:00,KYIV-016-1,KYIV-016,Band 3 (1800MHz),-83.0,-9.6,17.9,0.0,0.5,18.7
2026-01-16 02:00:00,KYIV-016-2,KYIV-016,Band 3 (1800MHz),-74.4,-9.0,13.7,2.8,21.3,34.2
2026-01-16 02:00:00,KYIV-016-3,KYIV-016,Band 3 (1800MHz),-83.4,-6.0,6.7,34.5,4.5,0.0
2026-01-16 03:00:00,KYIV-001-1,KYIV-001,Band 1 (2100MHz),-84.3,-8.1,3.7,5.9,10.5,0.0
2026-01-16 03:00:00,KYIV-001-2,KYIV-001,Band 1 (2100MHz),-75.3,-13.6,11.5,1.8,0.0,33.7
2026-01-16 03:00:00,KYIV-001-3,KYIV-001,Band 1 (2100MHz),-87.5,-10.6,19.7,3.3,0.1,0.0
2026-01-16 03:00:00,KYIV-002-1,KYIV-002,Band 3 (1800MHz),-104.7,-13.2,4.1,10.4,8.2,0.0
2026-01-16 03:00:00,KYIV-002-2,KYIV-002,Band 3 (1800MHz),-104.6,-9.4,4.6,0.0,33.1,16.7
2026-01-16 03:00:00,KYIV-002-3,KYIV-002,Band 3 (1800MHz),-91.5,-8.5,15.1,29.3,19.1,11.5
2026-01-16 03:00:00,KYIV-003-1,KYIV-003,Band 1 (2100MHz),-88.8,-4.9,8.0,19.0,0.0,0.0
2026-01-16 03:00:00,KYIV-003-2,KYIV-003,Band 1 (2100MHz),-82.4,-8.7,12.9,17.1,0.0,14.9
2026-01-16 03:00:00,KYIV-003-3,KYIV-003,Band 1 (2100MHz),-81.9,-6.4,2.9,2.9,15.5,63.6
2026-01-16 03:00:00,KYIV-004-1,KYIV-004,Band 3 (1800MHz),-87.6,-8.4,19.2,2.0,15.2,6.5
2026-01-16 03:00:00,KYIV-004-2,KYIV-004,Band 3 (1800MHz),-88.8,-9.7,13.4,0.0,4.1,4.2
2026-01-16 03:00:00,KYIV-004-3,KYIV-004,Band 3 (1800MHz),-84.2,-9.3,14.2,1.6,9.5,17.7
2026-01-16 03:00:00,KYIV-005-1,KYIV-005,Band 1 (2100MHz),-85.4,-8.2,11.0,7.4,0.0,3.9
2026-01-16 03:00:00,KYIV-005-2,KYIV-005,Band 1 (2100MHz),-88.3,-8.4,11.1,16.6,0.0,10.4
2026-01-16 03:00:00,KYIV-005-3,KYIV-005,Band 1 (2100MHz),-108.4,-13.5,9.2,10.9,12.0,0.0
2026-01-16 03:00:00,KYIV-006-1,KYIV-006,Band 3 (1800MHz),-86.8,-9.7,8.2,0.0,10.7,0.0
2026-01-16 03:00:00,KYIV-006-2,KYIV-006,Band 3 (1800MHz),-84.7,-9.3,15.7,6.2,5.8,64.3
2026-01-16 03:00:00,KYIV-006-3,KYIV-006,Band 3 (1800MHz),-78.9,-9.6,20.5,6.4,3.2,0.0
2026-01-16 03:00:00,KYIV-007-1,KYIV-007,Band 1 (2100MHz),-88.9,-5.4,21.2,23.9,21.5,2.6
2026-01-16 03:00:00,KYIV-007-2,KYIV-007,Band 1 (2100MHz),-85.9,-4.4,9.9,6.6,3.8,26.2
2026-01-16 03:00:00,KYIV-007-3,KYIV-007,Band 1 (2100MHz),-90.6,-9.4,15.2,31.1,1.6,0.0
2026-01-16 03:00:00,KYIV-008-1,KYIV-008,Band 3 (1800MHz),-88.9,-6.3,15.1,0.0,10.3,51.3
2026-01-16 03:00:00,KYIV-008-2,KYIV-008,Band 3 (1800MHz),-86.0,-9.3,13.6,0.0,12.9,0.0
2026-01-16 03:00:00,KYIV-008-3,KYIV-008,Band 3 (1800MHz),-86.6,-4.8,8.3,0.0,4.4,27.0
2026-01-16 03:00:00,KYIV-009-1,KYIV-009,Band 1 (2100MHz),-90.3,-8.7,7.2,0.0,5.8,23.1
2026-01-16 03:00:00,KYIV-009-2,KYIV-009,Band 1 (2100MHz),-85.9,-7.8,2.5,0.0,0.0,0.0
2026-01-16 03:00:00,KYIV-009-3,KYIV-009,Band 1 (2100MHz),-83.7,-10.0,5.8,36.0,12.7,0.0
2026-01-16 03:00:00,KYIV-010-1,KYIV-010,Band 3 (1800MHz),-84.6,-6.3,19.6,0.0,13.8,31.9
2026-01-16 03:00:00,KYIV-010-2,KYIV-010,Band 3 (1800MHz),-86.1,-9.4,21.0,5.3,0.0,3.6
2026-01-16 03:00:00,KYIV-010-3,KYIV-010,Band 3 (1800MHz),-86.6,-6.4,14.6,2.9,26.1,15.9
2026-01-16 03:00:00,KYIV-011-1,KYIV-011,Band 1 (2100MHz),-83.6,-2.9,16.2,1.4,12.0,0.0
2026-01-16 03:00:00,KYIV-011-2,KYIV-011,Band 1 (2100MHz),-90.6,-10.6,20.3,12.9,0.9,20.9
2026-01-16 03:00:00,KYIV-011-3,KYIV-011,Band 1 (2100MHz),-94.3,-9.9,9.6,0.0,0.0,0.0
2026-01-16 03:00:00,KYIV-012-1,KYIV-012,Band 3 (1800MHz),-80.5,-8.5,20.2,0.0,0.0,30.2
2026-01-16 03:00:00,KYIV-012-2,KYIV-012,Band 3 (1800MHz),-87.8,-10.5,4.1,5.0,12.9,0.0
2026-01-16 03:00:00,KYIV-012-3,KYIV-012,Band 3 (1800MHz),-96.6,-6.6,27.5,0.7,0.0,0.0
2026-01-16 03:00:00,KYIV-013-1,KYIV-013,Band 1 (2100MHz),-88.4,-6.9,10.1,10.3,0.0,42.3
2026-01-16 03:00:00,KYIV-013-2,KYIV-013,Band 1 (2100MHz),-92.2,-9.5,12.5,6.4,11.5,31.1
2026-01-16 03:00:00,KYIV-013-3,KYIV-013,Band 1 (2100MHz),-82.2,-6.1,18.0,13.0,10.7,0.0
2026-01-16 03:00:00,KYIV-014-1,KYIV-014,Band 3 (1800MHz),-92.8,-10.8,13.3,0.0,11.2,50.2
2026-01-16 03:00:00,KYIV-014-2,KYIV-014,Band 3 (1800MHz),-99.5,-14.1,12.6,13.1,10.1,0.0
2026-01-16 03:00:00,KYIV-014-3,KYIV-014,Band 3 (1800MHz),-88.1,-5.9,7.5,10.5,7.5,0.9
2026-01-16 03:00:00,KYIV-015-1,KYIV-015,Band 1 (2100MHz),-85.0,-6.5,6.7,18.3,8.2,0.0
2026-01-16 03:00:00,KYIV-015-2,KYIV-015,Band 1 (2100MHz),-86.4,-8.3,6.5,16.9,0.0,43.8
2026-01-16 03:00:00,KYIV-015-3,KYIV-015,Band 1 (2100MHz),-91.5,-8.5,10.0,0.0,0.0,26.8
2026-01-16 03:00:00,KYIV-016-1,KYIV-016,Band 3 (1800MHz),-88.4,-9.1,21.7,10.8,22.2,21.2
2026-01-16 03:00:00,KYIV-016-2,KYIV-016,Band 3 (1800MHz),-88.7,-9.7,17.7,6.6,3.4,27.6
2026-01-16 03:00:00,KYIV-016-3,KYIV-016,Band 3 (1800MHz),-88.8,-10.0,9.1,14.9,2.6,0.0
2026-01-16 04:00:00,KYIV-001-1,KYIV-001,Band 1 (2100MHz),-83.0,-4.3,6.0,19.5,0.0,0.0
2026-01-16 04:00:00,KYIV-001-2,KYIV-001,Band 1 (2100MHz),-88.0,-9.4,9.2,14.8,2.9,0.0
2026-01-16 04:00:00,KYIV-001-3,KYIV-001,Band 1 (2100MHz),-86.1,-6.2,21.3,0.0,0.0,23.6
2026-01-16 04:00:00,KYIV-002-1,KYIV-002,Band 3 (1800MHz),-103.4,-12.4,11.7,0.0,1.8,11.7
2026-01-16 04:00:00,KYIV-002-2,KYIV-002,Band 3 (1800MHz),-102.2,-10.9,6.4,0.0,18.6,38.3
2026-01-16 04:00:00,KYIV-002-3,KYIV-002,Band 3 (1800MHz),-98.1,-5.4,15.6,9.6,0.8,43.1
2026-01-16 04:00:00,KYIV-003-1,KYIV-003,Band 1 (2100MHz),-90.6,-7.3,21.9,21.4,0.0,8.6
2026-01-16 04:00:00,KYIV-003-2,KYIV-003,Band 1 (2100MHz),-85.5,-10.1,14.9,4.2,10.1,5.9
2026-01-16 04:00:00,KYIV-003-3,KYIV-003,Band 1 (2100MHz),-93.7,-6.5,15.7,14.5,0.0,37.9
2026-01-16 04:00:00,KYIV-004-1,KYIV-004,Band 3 (1800MHz),-86.0,-7.8,17.3,20.7,2.9,25.0
2026-01-16 04:00:00,KYIV-004-2,KYIV-004,Band 3 (1800MHz),-90.3,-10.1,16.7,10.5,0.0,18.4
2026-01-16 04:00:00,KYIV-004-3,KYIV-004,Band 3 (1800MHz),-92.3,-8.2,6.8,0.0,5.6,29.7
2026-01-16 04:00:00,KYIV-005-1,KYIV-005,Band 1 (2100MHz),-90.8,-6.7,14.5,17.9,0.9,29.4
2026-01-16 04:00:00,KYIV-005-2,KYIV-005,Band 1 (2100MHz),-88.5,-5.3,2.3,0.0,10.0,64.5
2026-01-16 04:00:00,KYIV-005-3,KYIV-005,Band 1 (2100MHz),-102.3,-11.3,5.4,9.1,0.0,16.9
2026-01-16 04:00:00,KYIV-006-1,KYIV-006,Band 3 (1800MHz),-85.5,-7.0,15.1,18.6,2.5,0.0
2026-01-16 04:00:00,KYIV-006-2,KYIV-006,Band 3 (1800MHz),-83.5,-10.6,18.0,5.0,6.2,18.9
2026-01-16 04:00:00,KYIV-006-3,KYIV-006,Band 3 (1800MHz),-87.5,-7.5,12.7,19.3,17.8,33.5
2026-01-16 04:00:00,KYIV-007-1,KYIV-007,Band 1 (2100MHz),-83.6,-6.7,8.9,21.3,10.6,27.2
2026-01-16 04:00:00,KYIV-007-2,KYIV-007,Band 1 (2100MHz),-83.5,-7.2,4.5,0.0,8.1,0.0
2026-01-16 04:00:00,KYIV-007-3,KYIV-007,Band 1 (2100MHz),-82.1,-6.8,8.0,19.7,12.6,18.1
2026-01-16 04:00:00,KYIV-008-1,KYIV-008,Band 3 (1800MHz),-89.9,-12.9,13.1,39.4,2.0,0.2
2026-01-16 04:00:00,KYIV-008-2,KYIV-008,Band 3 (1800MHz),-84.1,-9.4,16.6,29.3,4.7,15.1
2026-01-16 04:00:00,KYIV-008-3,KYIV-008,Band 3 (1800MHz),-82.9,-7.5,19.0,12.5,19.9,31.8
2026-01-16 04:00:00,KYIV-009-1,KYIV-009,Band 1 (2100MHz),-82.6,-6.0,16.6,20.7,2.0,0.0
2026-01-16 04:00:00,KYIV-009-2,KYIV-009,Band 1 (2100MHz),-85.3,-6.0,13.7,0.0,0.0,6.1
2026-01-16 04:00:00,KYIV-009-3,KYIV-009,Band 1 (2100MHz),-84.7,-9.0,11.7,6.3,0.8,13.8
2026-01-16 04:00:00,KYIV-010-1,KYIV-010,Band 3 (1800MHz),-82.4,-5.3,16.8,26.5,0.0,39.6
2026-01-16 04:00:00,KYIV-010-2,KYIV-010,Band 3 (1800MHz),-82.4,-12.9,9.6,0.0,4.1,18.8
2026-01-16 04:00:00,KYIV-010-3,KYIV-010,Band 3 (1800MHz),-84.8,-7.1,11.5,5.8,9.0,14.3
2026-01-16 04:00:00,KYIV-011-1,KYIV-011,Band 1 (2100MHz),-87.8,-6.5,8.5,23.2,7.3,28.6
2026-01-16 04:00:00,KYIV-011-2,KYIV-011,Band 1 (2100MHz),-86.6,-8.1,11.6,0.0,18.6,0.0
2026-01-16 04:00:00,KYIV-011-3,KYIV-011,Band 1 (2100MHz),-92.1,-7.9,13.4,0.0,9.1,5.0
2026-01-16 04:00:00,KYIV-012-1,KYIV-012,Band 3 (1800MHz),-87.6,-10.1,9.4,7.5,0.0,27.9
2026-01-16 04:00:00,KYIV-012-2,KYIV-012,Band 3 (1800MHz),-89.0,-6.4,17.4,28.0,4.3,13.9
2026-01-16 04:00:00,KYIV-012-3,KYIV-012,Band 3 (1800MHz),-82.8,-6.6,3.1,11.0,0.0,0.0
2026-01-16 04:00:00,KYIV-013-1,KYIV-013,Band 1 (2100MHz),-82.8,-7.0,21.3,16.5,10.3,0.4
2026-01-16 04:00:00,KYIV-013-2,KYIV-013,Band 1 (2100MHz),-86.4,-7.4,12.8,2.2,1.9,52.2
2026-01-16 04:00:00,KYIV-013-3,KYIV-013,Band 1 (2100MHz),-83.8,-8.0,13.1,6.4,2.8,54.6
2026-01-16 04:00:00,KYIV-014-1,KYIV-014,Band 3 (1800MHz),-96.1,-8.6,12.5,0.0,0.0,30.2
2026-01-16 04:00:00,KYIV-014-2,KYIV-014,Band 3 (1800MHz),-99.9,-10.4,-4.3,0.0,8.9,14.2
2026-01-16 04:00:00,KYIV-014-3,KYIV-014,Band 3 (1800MHz),-83.5,-10.5,14.3,25.6,23.5,4.4
2026-01-16 04:00:00,KYIV-015-1,KYIV-015,Band 1 (2100MHz),-85.6,-7.9,17.7,0.0,7.3,7.0
2026-01-16 04:00:00,KYIV-015-2,KYIV-015,Band 1 (2100MHz),-85.4,-9.2,12.8,12.4,0.0,33.0
2026-01-16 04:00:00,KYIV-015-3,KYIV-015,Band 1 (2100MHz),-85.4,-8.9,6.8,13.6,6.1,10.6
2026-01-16 04:00:00,KYIV-016-1,KYIV-016,Band 3 (1800MHz),-88.6,-4.4,12.1,0.0,0.0,32.2
2026-01-16 04:00:00,KYIV-016-2,KYIV-016,Band 3 (1800MHz),-86.8,-6.7,13.7,6.8,0.0,0.0
2026-01-16 04:00:00,KYIV-016-3,KYIV-016,Band 3 (1800MHz),-87.8,-7.9,18.9,27.6,0.0,42.8
2026-01-16 05:00:00,KYIV-001-1,KYIV-001,Band 1 (2100MHz),-85.8,-7.1,2.6,28.8,22.7,27.9
2026-01-16 05:00:00,KYIV-001-2,KYIV-001,Band 1 (2100MHz),-77.6,-9.9,14.0,16.9,12.6,48.7
2026-01-16 05:00:00,KYIV-001-3,KYIV-001,Band 1 (2100MHz),-83.0,-6.2,9.7,8.9,9.0,18.3
2026-01-16 05:00:00,KYIV-002-1,KYIV-002,Band 3 (1800MHz),-91.3,-10.5,4.1,0.0,1.7,9.2
2026-01-16 05:00:00,KYIV-002-2,KYIV-002,Band 3 (1800MHz),-100.1,-12.7,12.9,21.2,1.2,33.9
2026-01-16 05:00:00,KYIV-002-3,KYIV-002,Band 3 (1800MHz),-86.5,-11.1,3.5,14.3,14.5,49.6
2026-01-16 05:00:00,KYIV-003-1,KYIV-003,Band 1 (2100MHz),-84.1,-7.7,13.2,26.0,0.0,31.8
2026-01-16 05:00:00,KYIV-003-2,KYIV-003,Band 1 (2100MHz),-92.4,-7.5,10.5,18.0,7.3,0.0
2026-01-16 05:00:00,KYIV-003-3,KYIV-003,Band 1 (2100MHz),-84.9,-6.6,5.8,10.9,10.4,23.5
2026-01-16 05:00:00,KYIV-004-1,KYIV-004,Band 3 (1800MHz),-82.2,-10.9,11.4,34.5,9.6,14.0
2026-01-16 05:00:00,KYIV-004-2,KYIV-004,Band 3 (1800MHz),-87.1,-8.7,9.3,6.7,0.0,27.5
2026-01-16 05:00:00,KYIV-004-3,KYIV-004,Band 3 (1800MHz),-90.8,-8.4,13.9,0.0,0.0,7.9
2026-01-16 05:00:00,KYIV-005-1,KYIV-005,Band 1 (2100MHz),-86.6,-10.6,8.6,0.0,4.7,0.0
2026-01-16 05:00:00,KYIV-005-2,KYIV-005,Band 1 (2100MHz),-88.5,-7.9,15.7,11.4,0.0,18.1
2026-01-16 05:00:00,KYIV-005-3,KYIV-005,Band 1 (2100MHz),-97.7,-12.3,-0.3,17.8,0.0,0.0
2026-01-16 05:00:00,KYIV-006-1,KYIV-006,Band 3 (1800MHz),-80.8,-9.4,21.6,21.5,15.6,30.0
2026-01-16 05:00:00,KYIV-006-2,KYIV-006,Band 3 (1800MHz),-86.6,-9.8,18.7,4.2,14.1,49.2
2026-01-16 05:00:00,KYIV-006-3,KYIV-006,Band 3 (1800MHz),-85.0,-3.2,21.6,13.9,0.0,0.0
2026-01-16 05:00:00,KYIV-007-1,KYIV-007,Band 1 (2100MHz),-82.3,-8.8,9.2,19.2,3.1,31.8
2026-01-16 05:00:00,KYIV-007-2,KYIV-007,Band 1 (2100MHz),-91.3,-5.9,18.1,26.2,15.7,22.7
2026-01-16 05:00:00,KYIV-007-3,KYIV-007,Band 1 (2100MHz),-89.4,-7.4,12.5,8.3,4.4,33.0
2026-01-16 05:00:00,KYIV-008-1,KYIV-008,Band 3 (1800MHz),-86.1,-7.6,6.8,0.0,20.3,0.0
2026-01-16 05:00:00,KYIV-008-2,KYIV-008,Band 3 (1800MHz),-86.3,-10.6,20.0,0.0,6.4,9.0
2026-01-16 05:00:00,KYIV-008-3,KYIV-008,Band 3 (1800MHz),-81.8,-9.3,19.7,0.0,7.7,27.9
2026-01-16 05:00:00,KYIV-009-1,KYIV-009,Band 1 (2100MHz),-90.3,-8.7,9.3,21.6,11.1,38.7
2026-01-16 05:00:00,KYIV-009-2,KYIV-009,Band 1 (2100MHz),-85.9,-1.5,8.6,0.0,0.0,30.1
2026-01-16 05:00:00,KYIV-009-3,KYIV-009,Band 1 (2100MHz),-83.9,-7.8,8.3,6.3,0.0,0.0
2026-01-16 05:00:00,KYIV-010-1,KYIV-010,Band 3 (1800MHz),-93.9,-10.1,13.2,3.4,17.7,17.7
2026-01-16 05:00:00,KYIV-010-2,KYIV-010,Band 3 (1800MHz),-80.9,-9.1,2.8,3.5,8.4,0.0
2026-01-16 05:00:00,KYIV-010-3,KYIV-010,Band 3 (1800MHz),-85.1,-10.6,11.0,15.9,14.4,38.5
2026-01-16 05:00:00,KYIV-011-1,KYIV-011,Band 1 (2100MHz),-93.8,-13.1,18.1,1.8,17.4,5.0
2026-01-16 05:00:00,KYIV-011-2,KYIV-011,Band 1 (2100MHz),-89.1,-7.2,16.7,2.8,10.9,35.1
2026-01-16 05:00:00,KYIV-011-3,KYIV-011,Band 1 (2100MHz),-84.2,-6.1,6.1,0.0,6.7,32.2
2026-01-16 05:00:00,KYIV-012-1,KYIV-012,Band 3 (1800MHz),-84.0,-8.2,10.8,5.9,9.3,10.6
2026-01-16 05:00:00,KYIV-012-2,KYIV-012,Band 3 (1800MHz),-80.7,-7.3,8.3,27.5,11.9,0.0
2026-01-16 05:00:00,KYIV-012-3,KYIV-012,Band 3 (1800MHz),-85.8,-5.4,8.5,24.1,5.5,0.0
2026-01-16 05:00:00,KYIV-013-1,KYIV-013,Band 1 (2100MHz),-78.0,-8.5,11.1,6.4,9.8,0.0
2026-01-16 05:00:00,KYIV-013-2,KYIV-013,Band 1 (2100MHz),-93.4,-8.1,11.5,13.7,16.2,0.0
2026-01-16 05:00:00,KYIV-013-3,KYIV-013,Band 1 (2100MHz),-86.6,-8.7,14.8,11.5,0.0,35.0
2026-01-16 05:00:00,KYIV-014-1,KYIV-014,Band 3 (1800MHz),-87.3,-11.2,13.1,0.0,1.8,0.0
2026-01-16 05:00:00,KYIV-014-2,KYIV-014,Band 3 (1800MHz),-97.0,-13.0,7.8,0.0,0.0,0.0
2026-01-16 05:00:00,KYIV-014-3,KYIV-014,Band 3 (1800MHz),-83.6,-7.7,15.5,16.0,0.0,9.5
2026-01-16 05:00:00,KYIV-015-1,KYIV-015,Band 1 (2100MHz),-84.1,-7.0,7.7,20.9,0.0,0.0
2026-01-16 05:00:00,KYIV-015-2,KYIV-015,Band 1 (2100MHz),-85.8,-9.8,4.3,13.1,0.0,1.2
2026-01-16 05:00:00,KYIV-015-3,KYIV-015,Band 1 (2100MHz),-85.1,-4.8,6.8,0.0,17.2,1.6
2026-01-16 05:00:00,KYIV-016-1,KYIV-016,Band 3 (1800MHz),-87.1,-7.6,14.1,10.3,4.5,0.0
2026-01-16 05:00:00,KYIV-016-2,KYIV-016,Band 3 (1800MHz),-86.3,-5.1,22.9,13.3,18.5,0.0
2026-01-16 05:00:00,KYIV-016-3,KYIV-016,Band 3 (1800MHz),-87.0,-7.7,5.5,17.6,3.7,0.0
2026-01-16 06:00:00,KYIV-001-1,KYIV-001,Band 1 (2100MHz),-79.6,-10.9,16.3,0.4,18.0,38.7
2026-01-16 06:00:00,KYIV-001-2,KYIV-001,Band 1 (2100MHz),-94.9,-9.6,20.5,9.4,18.6,18.4
2026-01-16 06:00:00,KYIV-001-3,KYIV-001,Band 1 (2100MHz),-83.2,-8.2,21.1,11.8,10.3,33.2
2026-01-16 06:00:00,KYIV-002-1,KYIV-002,Band 3 (1800MHz),-99.3,-11.2,6.4,14.3,5.6,22.2
2026-01-16 06:00:00,KYIV-002-2,KYIV-002,Band 3 (1800MHz),-99.0,-11.5,-0.5,30.2,3.0,20.2
2026-01-16 06:00:00,KYIV-002-3,KYIV-002,Band 3 (1800MHz),-91.8,-8.5,16.3,0.0,0.0,47.3
2026-01-16 06:00:00,KYIV-003-1,KYIV-003,Band 1 (2100MHz),-87.3,-10.1,7.8,15.6,0.0,57.8
2026-01-16 06:00:00,KYIV-003-2,KYIV-003,Band 1 (2100MHz),-91.6,-11.3,14.6,26.6,23.6,40.3
2026-01-16 06:00:00,KYIV-003-3,KYIV-003,Band 1 (2100MHz),-79.2,-5.7,11.7,4.8,5.6,65.8
2026-01-16 06:00:00,KYIV-004-1,KYIV-004,Band 3 (1800MHz),-85.1,-8.3,14.1,9.1,0.0,28.7
2026-01-16 06:00:00,KYIV-004-2,KYIV-004,Band 3 (1800MHz),-90.0,-10.1,16.6,3.6,9.6,4.3
2026-01-16 06:00:00,KYIV-004-3,KYIV-004,Band 3 (1800MHz),-83.4,-9.9,16.8,19.9,1.3,0.0
2026-01-16 06:00:00,KYIV-005-1,KYIV-005,Band 1 (2100MHz),-88.2,-8.9,14.1,19.9,7.8,30.9
2026-01-16 06:00:00,KYIV-005-2,KYIV-005,Band 1 (2100MHz),-82.3,-6.5,5.4,26.1,8.4,41.1
2026-01-16 06:00:00,KYIV-005-3,KYIV-005,Band 1 (2100MHz),-101.3,-11.4,-0.8,0.0,7.3,48.8
2026-01-16 06:00:00,KYIV-006-1,KYIV-006,Band 3 (1800MHz),-91.1,-4.5,15.2,13.1,6.5,13.6
2026-01-16 06:00:00,KYIV-006-2,KYIV-006,Band 3 (1800MHz),-86.8,-9.6,12.1,19.6,0.0,0.0
2026-01-16 06:00:00,KYIV-006-3,KYIV-006,Band 3 (1800MHz),-86.2,-8.9,8.1,5.3,20.7,17.9
2026-01-16 06:00:00,KYIV-007-1,KYIV-007,Band 1 (2100MHz),-86.0,-8.1,18.7,24.2,10.5,40.4
2026-01-16 06:00:00,KYIV-007-2,KYIV-007,Band 1 (2100MHz),-84.0,-11.6,9.9,7.0,15.0,46.8
2026-01-16 06:00:00,KYIV-007-3,KYIV-007,Band 1 (2100MHz),-87.0,-5.8,11.3,30.1,0.0,36.5
2026-01-16 06:00:00,KYIV-008-1,KYIV-008,Band 3 (1800MHz),-92.9,-10.4,18.2,8.2,3.2,27.9
2026-01-16 06:00:00,KYIV-008-2,KYIV-008,Band 3 (1800MHz),-86.7,-8.2,12.8,9.1,17.5,34.8
2026-01-16 06:00:00,KYIV-008-3,KYIV-008,Band 3 (1800MHz),-87.0,-12.3,11.4,0.0,9.3,71.5
2026-01-16 06:00:00,KYIV-009-1,KYIV-009,Band 1 (2100MHz),-89.1,-8.4,10.3,30.5,0.0,0.0
2026-01-16 06:00:00,KYIV-009-2,KYIV-009,Band 1 (2100MHz),-84.2,-7.9,7.9,24.2,8.9,77.8
2026-01-16 06:00:00,KYIV-009-3,KYIV-009,Band 1 (2100MHz),-88.2,-10.1,15.9,30.9,4.3,23.4
2026-01-16 06:00:00,KYIV-010-1,KYIV-010,Band 3 (1800MHz),-82.2,-4.7,8.7,4.1,9.3,2.7
2026-01-16 06:00:00,KYIV-010-2,KYIV-010,Band 3 (1800MHz),-86.0,-9.8,11.1,4.9,19.8,16.9
2026-01-16 06:00:00,KYIV-010-3,KYIV-010,Band 3 (1800MHz),-85.5,-8.5,15.0,11.9,1.8,30.5
2026-01-16 06:00:00,KYIV-011-1,KYIV-011,Band 1 (2100MHz),-82.1,-11.2,17.4,25.1,21.7,31.3
2026-01-16 06:00:00,KYIV-011-2,KYIV-011,Band 1 (2100MHz),-79.8,-8.5,16.8,34.6,12.0,24.3
2026-01-16 06:00:00,KYIV-011-3,KYIV-011,Band 1 (2100MHz),-89.4,-10.1,4.4,7.1,0.0,0.0
2026-01-16 06:00:00,KYIV-012-1,KYIV-012,Band 3 (1800MHz),-91.3,-9.9,13.9,18.7,10.2,46.7
2026-01-16 06:00:00,KYIV-012-2,KYIV-012,Band 3 (1800MHz),-90.3,-9.5,15.6,10.5,22.1,10.5
2026-01-16 06:00:00,KYIV-012-3,KYIV-012,Band 3 (1800MHz),-93.1,-10.2,17.4,19.1,5.4,24.4
2026-01-16 06:00:00,KYIV-013-1,KYIV-013,Band 1 (2100MHz),-85.1,-12.3,15.2,26.1,8.4,19.9
2026-01-16 06:00:00,KYIV-013-2,KYIV-013,Band 1 (2100MHz),-83.3,-8.1,4.2,5.6,9.8,5.2
2026-01-16 06:00:00,KYIV-013-3,KYIV-013,Band 1 (2100MHz),-91.3,-8.5,22.0,20.3,7.1,53.4
2026-01-16 06:00:00,KYIV-014-1,KYIV-014,Band 3 (1800MHz),-84.9,-6.9,17.8,28.1,13.0,53.4
2026-01-16 06:00:00,KYIV-014-2,KYIV-014,Band 3 (1800MHz),-100.2,-14.3,3.1,17.5,13.0,3.4
2026-01-16 06:00:00,KYIV-014-3,KYIV-014,Band 3 (1800MHz),-75.8,-9.3,8.0,11.2,0.0,10.5
2026-01-16 06:00:00,KYIV-015-1,KYIV-015,Band 1 (2100MHz),-90.3,-8.8,13.8,15.6,10.1,66.8
2026-01-16 06:00:00,KYIV-015-2,KYIV-015,Band 1 (2100MHz),-88.4,-8.3,14.0,9.7,0.6,8.5
2026-01-16 06:00:00,KYIV-015-3,KYIV-015,Band 1 (2100MHz),-86.7,-11.0,8.5,18.0,12.7,10.0
2026-01-16 06:00:00,KYIV-016-1,KYIV-016,Band 3 (1800MHz),-85.4,-7.9,13.4,17.0,10.4,24.3
2026-01-16 06:00:00,KYIV-016-2,KYIV-016,Band 3 (1800MHz),-84.8,-8.3,2.1,25.8,0.0,0.0
2026-01-16 06:00:00,KYIV-016-3,KYIV-016,Band 3 (1800MHz),-86.1,-8.8,12.3,0.0,20.6,15.9
2026-01-16 07:00:00,KYIV-001-1,KYIV-001,Band 1 (2100MHz),-91.2,-11.1,19.7,42.4,37.2,96.1
2026-01-16 07:00:00,KYIV-001-2,KYIV-001,Band 1 (2100MHz),-83.7,-12.4,11.1,59.9,36.9,50.9
2026-01-16 07:00:00,KYIV-001-3,KYIV-001,Band 1 (2100MHz),-93.5,-13.5,6.8,58.9,43.0,78.9
2026-01-16 07:00:00,KYIV-002-1,KYIV-002,Band 3 (1800MHz),-101.5,-15.3,4.1,57.8,37.1,100.0
2026-01-16 07:00:00,KYIV-002-2,KYIV-002,Band 3 (1800MHz),-100.4,-16.2,4.1,29.5,45.7,69.9
2026-01-16 07:00:00,KYIV-002-3,KYIV-002,Band 3 (1800MHz),-83.5,-10.7,12.7,52.6,26.2,116.1
2026-01-16 07:00:00,KYIV-003-1,KYIV-003,Band 1 (2100MHz),-87.8,-9.5,11.4,56.8,35.7,109.3
2026-01-16 07:00:00,KYIV-003-2,KYIV-003,Band 1 (2100MHz),-87.1,-13.7,10.9,66.2,45.2,65.3
2026-01-16 07:00:00,KYIV-003-3,KYIV-003,Band 1 (2100MHz),-87.5,-9.5,2.4,35.0,35.6,83.7
2026-01-16 07:00:00,KYIV-004-1,KYIV-004,Band 3 (1800MHz),-86.7,-9.7,23.2,72.6,43.5,99.1
2026-01-16 07:00:00,KYIV-004-2,KYIV-004,Band 3 (1800MHz),-88.3,-13.9,23.2,36.4,35.5,67.2
2026-01-16 07:00:00,KYIV-004-3,KYIV-004,Band 3 (1800MHz),-82.9,-12.5,12.0,90.5,20.2,96.2
2026-01-16 07:00:00,KYIV-005-1,KYIV-005,Band 1 (2100MHz),-83.6,-12.8,13.5,50.8,31.3,85.6
2026-01-16 07:00:00,KYIV-005-2,KYIV-005,Band 1 (2100MHz),-91.8,-10.1,11.4,59.6,30.7,91.6
2026-01-16 07:00:00,KYIV-005-3,KYIV-005,Band 1 (2100MHz),-97.3,-14.5,-1.7,43.6,40.6,96.8
2026-01-16 07:00:00,KYIV-006-1,KYIV-006,Band 3 (1800MHz),-88.4,-10.2,11.5,61.8,13.9,104.0
2026-01-16 07:00:00,KYIV-006-2,KYIV-006,Band 3 (1800MHz),-82.1,-9.1,18.8,37.9,22.5,96.6
2026-01-16 07:00:00,KYIV-006-3,KYIV-006,Band 3 (1800MHz),-89.5,-7.8,8.9,65.5,25.4,136.1
2026-01-16 07:00:00,KYIV-007-1,KYIV-007,Band 1 (2100MHz),-87.9,-9.4,4.0,39.3,49.6,124.6
2026-01-16 07:00:00,KYIV-007-2,KYIV-007,Band 1 (2100MHz),-90.5,-11.2,19.1,50.8,35.8,76.7
2026-01-16 07:00:00,KYIV-007-3,KYIV-007,Band 1 (2100MHz),-84.4,-7.6,20.6,55.6,34.8,66.3
2026-01-16 07:00:00,KYIV-008-1,KYIV-008,Band 3 (1800MHz),-95.0,-8.3,16.6,51.8,35.6,107.8
2026-01-16 07:00:00,KYIV-008-2,KYIV-008,Band 3 (1800MHz),-87.5,-11.4,24.5,65.0,29.0,51.9
2026-01-16 07:00:00,KYIV-008-3,KYIV-008,Band 3 (1800MHz),-91.6,-12.0,15.8,52.5,53.6,66.0
2026-01-16 07:00:00,KYIV-009-1,KYIV-009,Band 1 (2100MHz),-85.8,-10.4,2.0,65.6,24.1,119.8
2026-01-16 07:00:00,KYIV-009-2,KYIV-009,Band 1 (2100MHz),-85.7,-8.2,14.1,29.6,25.3,87.2
2026-01-16 07:00:00,KYIV-009-3,KYIV-009,Band 1 (2100MHz),-86.9,-6.2,16.3,47.6,33.8,87.3
2026-01-16 07:00:00,KYIV-010-1,KYIV-010,Band 3 (1800MHz),-88.4,-9.3,4.2,41.1,35.4,95.1
2026-01-16 07:00:00,KYIV-010-2,KYIV-010,Band 3 (1800MHz),-86.8,-8.5,2.9,62.5,28.7,69.6
2026-01-16 07:00:00,KYIV-010-3,KYIV-010,Band 3 (1800MHz),-89.6,-12.0,24.5,61.1,23.2,80.9
2026-01-16 07:00:00,KYIV-011-1,KYIV-011,Band 1 (2100MHz),-95.3,-7.9,8.5,52.5,39.0,46.4
2026-01-16 07:00:00,KYIV-011-2,KYIV-011,Band 1 (2100MHz),-86.5,-8.6,12.3,48.6,25.3,80.5
2026-01-16 07:00:00,KYIV-011-3,KYIV-011,Band 1 (2100MHz),-85.0,-16.5,19.2,53.4,21.4,94.6
2026-01-16 07:00:00,KYIV-012-1,KYIV-012,Band 3 (1800MHz),-85.1,-12.8,10.0,59.8,23.7,93.9
2026-01-16 07:00:00,KYIV-012-2,KYIV-012,Band 3 (1800MHz),-92.1,-10.0,13.4,46.4,28.9,73.9
2026-01-16 07:00:00,KYIV-012-3,KYIV-012,Band 3 (1800MHz),-87.6,-10.4,2.6,45.0,17.2,101.2
2026-01-16 07:00:00,KYIV-013-1,KYIV-013,Band 1 (2100MHz),-85.0,-7.0,10.1,58.2,31.7,86.7
2026-01-16 07:00:00,KYIV-013-2,KYIV-013,Band 1 (2100MHz),-86.8,-8.4,13.5,32.4,31.0,63.1
2026-01-16 07:00:00,KYIV-013-3,KYIV-013,Band 1 (2100MHz),-84.0,-9.9,18.6,41.8,30.4,112.3
2026-01-16 07:00:00,KYIV-014-1,KYIV-014,Band 3 (1800MHz),-88.4,-6.9,19.9,53.4,32.1,117.9
2026-01-16 07:00:00,KYIV-014-2,KYIV-014,Band 3 (1800MHz),-100.3,-13.0,8.8,31.2,20.8,87.5
2026-01-16 07:00:00,KYIV-014-3,KYIV-014,Band 3 (1800MHz),-91.8,-11.7,11.0,61.0,40.4,64.1
2026-01-16 07:00:00,KYIV-015-1,KYIV-015,Band 1 (2100MHz),-86.3,-10.3,9.0,38.6,30.7,70.8
2026-01-16 07:00:00,KYIV-015-2,KYIV-015,Band 1 (2100MHz),-88.6,-4.3,13.8,48.3,34.8,43.9
2026-01-16 07:00:00,KYIV-015-3,KYIV-015,Band 1 (2100MHz),-91.2,-10.1,14.3,55.7,35.7,108.2
2026-01-16 07:00:00,KYIV-016-1,KYIV-016,Band 3 (1800MHz),-93.2,-16.1,13.0,67.0,38.3,69.5
2026-01-16 07:00:00,KYIV-016-2,KYIV-016,Band 3 (1800MHz),-81.0,-13.2,17.6,50.6,37.4,66.8
2026-01-16 07:00:00,KYIV-016-3,KYIV-016,Band 3 (1800MHz),-94.2,-12.3,7.1,62.5,21.0,104.7
2026-01-16 08:00:00,KYIV-001-1,KYIV-001,Band 1 (2100MHz),-89.3,-8.6,12.9,68.3,33.5,122.3
2026-01-16 08:00:00,KYIV-001-2,KYIV-001,Band 1 (2100MHz),-86.9,-12.7,17.3,76.3,37.5,108.0
2026-01-16 08:00:00,KYIV-001-3,KYIV-001,Band 1 (2100MHz),-89.5,-10.7,16.5,71.5,29.4,115.2
2026-01-16 08:00:00,KYIV-002-1,KYIV-002,Band 3 (1800MHz),-106.3,-15.9,9.8,57.2,45.8,140.2
2026-01-16 08:00:00,KYIV-002-2,KYIV-002,Band 3 (1800MHz),-103.0,-13.6,3.3,66.5,36.0,59.9
2026-01-16 08:00:00,KYIV-002-3,KYIV-002,Band 3 (1800MHz),-85.7,-11.4,11.9,64.0,36.5,132.9
2026-01-16 08:00:00,KYIV-003-1,KYIV-003,Band 1 (2100MHz),-86.7,-12.9,17.3,70.4,30.5,124.4
2026-01-16 08:00:00,KYIV-003-2,KYIV-003,Band 1 (2100MHz),-87.5,-10.3,11.8,67.7,49.9,155.4
2026-01-16 08:00:00,KYIV-003-3,KYIV-003,Band 1 (2100MHz),-89.9,-10.9,18.9,76.2,26.2,163.6
2026-01-16 08:00:00,KYIV-004-1,KYIV-004,Band 3 (1800MHz),-89.0,-10.7,16.6,44.7,38.6,103.7
2026-01-16 08:00:00,KYIV-004-2,KYIV-004,Band 3 (1800MHz),-84.4,-10.8,18.3,57.8,35.3,92.5
2026-01-16 08:00:00,KYIV-004-3,KYIV-004,Band 3 (1800MHz),-85.5,-10.7,9.0,65.8,38.3,86.2
2026-01-16 08:00:00,KYIV-005-1,KYIV-005,Band 1 (2100MHz),-87.7,-12.1,23.1,54.5,42.8,137.5
2026-01-16 08:00:00,KYIV-005-2,KYIV-005,Band 1 (2100MHz),-95.3,-7.9,20.5,77.1,40.0,146.0
2026-01-16 08:00:00,KYIV-005-3,KYIV-005,Band 1 (2100MHz),-101.0,-15.4,8.4,65.9,52.4,69.5
2026-01-16 08:00:00,KYIV-006-1,KYIV-006,Band 3 (1800MHz),-93.4,-10.0,16.7,69.7,40.3,101.3
2026-01-16 08:00:00,KYIV-006-2,KYIV-006,Band 3 (1800MHz),-82.9,-11.6,12.1,67.4,50.9,85.0
2026-01-16 08:00:00,KYIV-006-3,KYIV-006,Band 3 (1800MHz),-88.5,-12.2,10.9,62.2,26.2,112.0
2026-01-16 08:00:00,KYIV-007-1,KYIV-007,Band 1 (2100MHz),-85.6,-10.6,6.9,67.4,56.4,90.5
2026-01-16 08:00:00,KYIV-007-2,KYIV-007,Band 1 (2100MHz),-84.1,-15.1,8.4,68.0,30.2,110.7
2026-01-16 08:00:00,KYIV-007-3,KYIV-007,Band 1 (2100MHz),-84.6,-11.9,5.5,67.1,27.7,89.3
2026-01-16 08:00:00,KYIV-008-1,KYIV-008,Band 3 (1800MHz),-89.9,-11.1,5.7,51.9,44.1,88.8
2026-01-16 08:00:00,KYIV-008-2,KYIV-008,Band 3 (1800MHz),-92.8,-15.3,9.7,66.9,38.3,158.3
2026-01-16 08:00:00,KYIV-008-3,KYIV-008,Band 3 (1800MHz),-93.6,-16.1,11.0,69.0,50.9,101.9
2026-01-16 08:00:00,KYIV-009-1,KYIV-009,Band 1 (2100MHz),-90.9,-7.9,18.9,61.3,40.2,122.7
2026-01-16 08:00:00,KYIV-009-2,KYIV-009,Band 1 (2100MHz),-88.2,-13.5,8.3,75.8,39.7,137.3
2026-01-16 08:00:00,KYIV-009-3,KYIV-009,Band 1 (2100MHz),-79.3,-14.9,8.7,64.3,42.6,114.4
2026-01-16 08:00:00,KYIV-010-1,KYIV-010,Band 3 (1800MHz),-89.5,-10.8,18.2,70.4,41.9,129.2
2026-01-16 08:00:00,KYIV-010-2,KYIV-010,Band 3 (1800MHz),-86.0,-9.5,14.2,39.3,35.3,84.7
2026-01-16 08:00:00,KYIV-010-3,KYIV-010,Band 3 (1800MHz),-87.5,-9.3,9.9,63.7,26.8,69.8
2026-01-16 08:00:00,KYIV-011-1,KYIV-011,Band 1 (2100MHz),-95.9,-14.6,6.2,74.2,24.2,89.9
2026-01-16 08:00:00,KYIV-011-2,KYIV-011,Band 1 (2100MHz),-95.9,-11.6,14.0,58.4,38.2,112.8
2026-01-16 08:00:00,KYIV-011-3,KYIV-011,Band 1 (2100MHz),-89.2,-13.4,12.9,51.4,35.5,84.9
2026-01-16 08:00:00,KYIV-012-1,KYIV-012,Band 3 (1800MHz),-97.9,-13.1,16.1,55.9,42.8,134.2
2026-01-16 08:00:00,KYIV-012-2,KYIV-012,Band 3 (1800MHz),-84.7,-8.2,12.3,83.7,46.8,114.0
2026-01-16 08:00:00,KYIV-012-3,KYIV-012,Band 3 (1800MHz),-91.6,-13.3,9.6,60.3,32.4,100.7
2026-01-16 08:00:00,KYIV-013-1,KYIV-013,Band 1 (2100MHz),-87.9,-13.1,7.8,51.1,35.9,110.1
2026-01-16 08:00:00,KYIV-013-2,KYIV-013,Band 1 (2100MHz),-87.1,-15.6,21.3,64.3,19.8,117.6
2026-01-16 08:00:00,KYIV-013-3,KYIV-013,Band 1 (2100MHz),-84.5,-10.3,12.4,57.5,36.6,78.2
2026-01-16 08:00:00,KYIV-014-1,KYIV-014,Band 3 (1800MHz),-84.2,-9.6,15.9,67.8,36.6,150.1
2026-01-16 08:00:00,KYIV-014-2,KYIV-014,Band 3 (1800MHz),-98.5,-16.9,10.5,55.4,43.9,146.2
2026-01-16 08:00:00,KYIV-014-3,KYIV-014,Band 3 (1800MHz),-90.6,-12.3,10.5,74.1,55.2,104.4
2026-01-16 08:00:00,KYIV-015-1,KYIV-015,Band 1 (2100MHz),-91.3,-8.4,15.0,52.1,31.9,116.3
2026-01-16 08:00:00,KYIV-015-2,KYIV-015,Band 1 (2100MHz),-86.6,-11.4,9.6,75.5,32.8,82.3
2026-01-16 08:00:00,KYIV-015-3,KYIV-015,Band 1 (2100MHz),-92.4,-10.7,18.4,86.0,37.2,128.1
2026-01-16 08:00:00,KYIV-016-1,KYIV-016,Band 3 (1800MHz),-84.1,-11.3,19.9,73.6,31.7,138.0
2026-01-16 08:00:00,KYIV-016-2,KYIV-016,Band 3 (1800MHz),-90.8,-12.7,12.8,58.4,48.6,38.0
2026-01-16 08:00:00,KYIV-016-3,KYIV-016,Band 3 (1800MHz),-88.9,-11.7,11.9,71.1,40.7,91.4
2026-01-16 09:00:00,KYIV-001-1,KYIV-001,Band 1 (2100MHz),-79.2,-10.8,9.0,47.9,27.5,70.9
2026-01-16 09:00:00,KYIV-001-2,KYIV-001,Band 1 (2100MHz),-89.4,-9.3,9.2,55.2,41.4,50.0
2026-01-16 09:00:00,KYIV-001-3,KYIV-001,Band 1 (2100MHz),-90.6,-9.4,4.9,37.0,21.7,73.9
2026-01-16 09:00:00,KYIV-002-1,KYIV-002,Band 3 (1800MHz),-102.5,-17.1,8.3,56.1,26.0,71.9
2026-01-16 09:00:00,KYIV-002-2,KYIV-002,Band 3 (1800MHz),-104.8,-14.4,-0.8,50.9,25.5,111.6
2026-01-16 09:00:00,KYIV-002-3,KYIV-002,Band 3 (1800MHz),-83.5,-12.8,9.9,31.3,25.0,46.2
2026-01-16 09:00:00,KYIV-003-1,KYIV-003,Band 1 (2100MHz),-88.3,-10.6,8.8,69.1,28.4,71.8
2026-01-16 09:00:00,KYIV-003-2,KYIV-003,Band 1 (2100MHz),-84.4,-10.4,13.7,46.0,45.5,135.9
2026-01-16 09:00:00,KYIV-003-3,KYIV-003,Band 1 (2100MHz),-83.9,-11.2,10.4,72.6,27.5,98.0
2026-01-16 09:00:00,KYIV-004-1,KYIV-004,Band 3 (1800MHz),-89.1,-9.0,9.8,65.8,33.8,70.2
2026-01-16 09:00:00,KYIV-004-2,KYIV-004,Band 3 (1800MHz),-93.9,-10.3,9.5,52.7,21.6,91.2
2026-01-16 09:00:00,KYIV-004-3,KYIV-004,Band 3 (1800MHz),-89.2,-12.4,12.0,46.5,44.1,112.2
2026-01-16 09:00:00,KYIV-005-1,KYIV-005,Band 1 (2100MHz),-86.5,-12.9,11.7,55.5,37.2,122.9
2026-01-16 09:00:00,KYIV-005-2,KYIV-005,Band 1 (2100MHz),-86.8,-7.5,14.1,21.4,18.2,75.7
2026-01-16 09:00:00,KYIV-005-3,KYIV-005,Band 1 (2100MHz),-91.6,-11.4,3.0,77.5,34.9,91.6
2026-01-16 09:00:00,KYIV-006-1,KYIV-006,Band 3 (1800MHz),-87.0,-9.7,20.1,38.1,32.1,87.6
2026-01-16 09:00:00,KYIV-006-2,KYIV-006,Band 3 (1800MHz),-79.5,-9.8,15.8,47.7,24.1,64.7
2026-01-16 09:00:00,KYIV-006-3,KYIV-006,Band 3 (1800MHz),-94.0,-8.5,16.1,38.9,43.4,113.5
2026-01-16 09:00:00,KYIV-007-1,KYIV-007,Band 1 (2100MHz),-84.6,-8.5,15.4,56.9,28.4,91.1
2026-01-16 09:00:00,KYIV-007-2,KYIV-007,Band 1 (2100MHz),-88.4,-12.3,10.9,65.2,35.7,46.6
2026-01-16 09:00:00,KYIV-007-3,KYIV-007,Band 1 (2100MHz),-90.4,-7.9,16.8,72.2,19.1,81.1
2026-01-16 09:00:00,KYIV-008-1,KYIV-008,Band 3 (1800MHz),-87.4,-13.6,6.0,63.9,19.5,72.5
2026-01-16 09:00:00,KYIV-008-2,KYIV-008,Band 3 (1800MHz),-88.5,-10.9,24.4,62.7,35.4,66.0
2026-01-16 09:00:00,KYIV-008-3,KYIV-008,Band 3 (1800MHz),-96.9,-10.5,20.4,46.7,45.8,92.2
2026-01-16 09:00:00,KYIV-009-1,KYIV-009,Band 1 (2100MHz),-85.1,-8.5,15.7,27.6,15.4,69.2
2026-01-16 09:00:00,KYIV-009-2,KYIV-009,Band 1 (2100MHz),-89.7,-10.8,15.8,44.4,39.8,109.7
2026-01-16 09:00:00,KYIV-009-3,KYIV-009,Band 1 (2100MHz),-81.9,-9.2,6.2,35.7,28.5,22.9
2026-01-16 09:00:00,KYIV-010-1,KYIV-010,Band 3 (1800MHz),-84.2,-12.6,4.1,54.9,34.0,74.9
2026-01-16 09:00:00,KYIV-010-2,KYIV-010,Band 3 (1800MHz),-83.3,-13.4,11.5,45.1,38.7,80.8
2026-01-16 09:00:00,KYIV-010-3,KYIV-010,Band 3 (1800MHz),-89.8,-12.8,1.6,39.6,16.8,110.6
2026-01-16 09:00:00,KYIV-011-1,KYIV-011,Band 1 (2100MHz),-91.6,-6.3,10.1,53.1,12.0,47.6
2026-01-16 09:00:00,KYIV-011-2,KYIV-011,Band 1 (2100MHz),-84.1,-12.8,13.9,45.3,31.0,81.1
2026-01-16 09:00:00,KYIV-011-3,KYIV-011,Band 1 (2100MHz),-83.3,-13.5,17.3,44.2,20.7,47.7
2026-01-16 09:00:00,KYIV-012-1,KYIV-012,Band 3 (1800MHz),-91.8,-9.6,17.8,54.0,42.6,53.1
2026-01-16 09:00:00,KYIV-012-2,KYIV-012,Band 3 (1800MHz),-94.4,-13.7,7.7,46.4,42.6,81.3
2026-01-16 09:00:00,KYIV-012-3,KYIV-012,Band 3 (1800MHz),-90.5,-7.4,6.8,46.2,27.1,113.8
2026-01-16 09:00:00,KYIV-013-1,KYIV-013,Band 1 (2100MHz),-85.5,-13.8,10.7,47.0,22.5,65.0
2026-01-16 09:00:00,KYIV-013-2,KYIV-013,Band 1 (2100MHz),-89.7,-9.4,10.1,56.9,33.5,83.8
2026-01-16 09:00:00,KYIV-013-3,KYIV-013,Band 1 (2100MHz),-87.1,-10.1,9.4,58.3,25.2,66.5
2026-01-16 09:00:00,KYIV-014-1,KYIV-014,Band 3 (1800MHz),-88.9,-9.6,4.0,67.6,38.7,93.1
2026-01-16 09:00:00,KYIV-014-2,KYIV-014,Band 3 (1800MHz),-101.2,-15.3,8.5,47.1,28.9,109.1
2026-01-16 09:00:00,KYIV-014-3,KYIV-014,Band 3 (1800MHz),-92.9,-10.0,20.2,57.4,31.0,71.5
2026-01-16 09:00:00,KYIV-015-1,KYIV-015,Band 1 (2100MHz),-87.6,-12.8,18.6,66.1,42.1,98.9
2026-01-16 09:00:00,KYIV-015-2,KYIV-015,Band 1 (2100MHz),-88.8,-7.2,8.9,69.8,18.1,99.3
2026-01-16 09:00:00,KYIV-015-3,KYIV-015,Band 1 (2100MHz),-90.8,-9.0,10.0,42.3,20.7,108.4
2026-01-16 09:00:00,KYIV-016-1,KYIV-016,Band 3 (1800MHz),-87.1,-10.5,7.4,60.1,29.6,83.4
2026-01-16 09:00:00,KYIV-016-2,KYIV-016,Band 3 (1800MHz),-82.1,-11.1,7.5,58.6,29.3,75.4
2026-01-16 09:00:00,KYIV-016-3,KYIV-016,Band 3 (1800MHz),-93.0,-8.2,14.9,42.0,36.7,66.9
2026-01-16 10:00:00,KYIV-001-1,KYIV-001,Band 1 (2100MHz),-93.8,-8.0,10.3,22.5,0.0,0.0
2026-01-16 10:00:00,KYIV-001-2,KYIV-001,Band 1 (2100MHz),-82.0,-8.4,11.4,9.9,5.6,0.0
2026-01-16 10:00:00,KYIV-001-3,KYIV-001,Band 1 (2100MHz),-84.7,-7.8,11.9,30.8,8.6,44.4
2026-01-16 10:00:00,KYIV-002-1,KYIV-002,Band 3 (1800MHz),-99.2,-14.4,6.7,21.4,1.2,29.7
2026-01-16 10:00:00,KYIV-002-2,KYIV-002,Band 3 (1800MHz),-104.8,-11.6,7.8,23.5,5.3,16.8
2026-01-16 10:00:00,KYIV-002-3,KYIV-002,Band 3 (1800MHz),-81.5,-10.0,6.2,29.2,0.0,15.9
2026-01-16 10:00:00,KYIV-003-1,KYIV-003,Band 1 (2100MHz),-90.3,-10.3,14.6,0.0,14.0,0.0
2026-01-16 10:00:00,KYIV-003-2,KYIV-003,Band 1 (2100MHz),-82.9,-9.4,18.5,17.9,9.6,62.5
2026-01-16 10:00:00,KYIV-003-3,KYIV-003,Band 1 (2100MHz),-94.3,-11.8,10.8,25.8,2.8,18.4
2026-01-16 10:00:00,KYIV-004-1,KYIV-004,Band 3 (1800MHz),-93.1,-11.2,20.5,24.9,0.0,25.3
2026-01-16 10:00:00,KYIV-004-2,KYIV-004,Band 3 (1800MHz),-86.8,-7.5,15.0,44.7,7.5,22.0
2026-01-16 10:00:00,KYIV-004-3,KYIV-004,Band 3 (1800MHz),-89.7,-10.3,15.7,10.5,17.6,43.2
2026-01-16 10:00:00,KYIV-005-1,KYIV-005,Band 1 (2100MHz),-89.2,-9.3,4.1,13.4,1.6,38.9
2026-01-16 10:00:00,KYIV-005-2,KYIV-005,Band 1 (2100MHz),-89.3,-8.4,11.0,20.7,4.0,27.1
2026-01-16 10:00:00,KYIV-005-3,KYIV-005,Band 1 (2100MHz),-97.8,-13.8,6.5,0.9,17.2,30.9
2026-01-16 10:00:00,KYIV-006-1,KYIV-006,Band 3 (1800MHz),-90.4,-4.8,15.6,0.0,1.2,3.5
2026-01-16 10:00:00,KYIV-006-2,KYIV-006,Band 3 (1800MHz),-81.5,-10.9,1.5,17.6,22.9,4.6
2026-01-16 10:00:00,KYIV-006-3,KYIV-006,Band 3 (1800MHz),-88.7,-7.3,11.8,9.1,6.7,32.2
2026-01-16 10:00:00,KYIV-007-1,KYIV-007,Band 1 (2100MHz),-91.2,-7.1,12.2,17.6,21.5,45.3
2026-01-16 10:00:00,KYIV-007-2,KYIV-007,Band 1 (2100MHz),-88.8,-9.1,15.9,19.5,8.5,6.9
2026-01-16 10:00:00,KYIV-007-3,KYIV-007,Band 1 (2100MHz),-88.0,-11.0,14.1,15.8,21.2,0.0
2026-01-16 10:00:00,KYIV-008-1,KYIV-008,Band 3 (1800MHz),-86.9,-11.0,1.9,3.9,24.3,26.9
2026-01-16 10:00:00,KYIV-008-2,KYIV-008,Band 3 (1800MHz),-84.0,-8.4,-0.0,21.4,11.7,20.4
2026-01-16 10:00:00,KYIV-008-3,KYIV-008,Band 3 (1800MHz),-81.1,-9.7,15.9,42.1,15.9,40.6
2026-01-16 10:00:00,KYIV-009-1,KYIV-009,Band 1 (2100MHz),-88.0,-6.6,15.0,33.9,19.7,20.6
2026-01-16 10:00:00,KYIV-009-2,KYIV-009,Band 1 (2100MHz),-90.8,-5.2,17.0,11.3,5.9,4.6
2026-01-16 10:00:00,KYIV-009-3,KYIV-009,Band 1 (2100MHz),-89.3,-5.5,10.6,23.4,9.2,35.1
2026-01-16 10:00:00,KYIV-010-1,KYIV-010,Band 3 (1800MHz),-88.0,-8.8,6.4,29.1,8.0,0.0
2026-01-16 10:00:00,KYIV-010-2,KYIV-010,Band 3 (1800MHz),-93.7,-9.7,13.1,12.7,6.1,0.0
2026-01-16 10:00:00,KYIV-010-3,KYIV-010,Band 3 (1800MHz),-97.6,-6.5,19.2,14.0,5.0,1.2
2026-01-16 10:00:00,KYIV-011-1,KYIV-011,Band 1 (2100MHz),-84.8,-10.1,19.2,33.7,20.4,61.8
2026-01-16 10:00:00,KYIV-011-2,KYIV-011,Band 1 (2100MHz),-82.4,-6.7,15.6,18.6,9.4,26.9
2026-01-16 10:00:00,KYIV-011-3,KYIV-011,Band 1 (2100MHz),-87.7,-9.0,11.1,0.0,14.2,30.4
2026-01-16 10:00:00,KYIV-012-1,KYIV-012,Band 3 (1800MHz),-84.5,-6.1,7.1,13.3,28.0,34.9
2026-01-16 10:00:00,KYIV-012-2,KYIV-012,Band 3 (1800MHz),-77.0,-6.2,8.6,13.4,12.2,39.2
2026-01-16 10:00:00,KYIV-012-3,KYIV-012,Band 3 (1800MHz),-85.7,-9.3,14.7,4.5,29.1,65.3
2026-01-16 10:00:00,KYIV-013-1,KYIV-013,Band 1 (2100MHz),-90.0,-8.8,16.5,22.2,4.3,83.0
2026-01-16 10:00:00,KYIV-013-2,KYIV-013,Band 1 (2100MHz),-93.0,-10.6,16.7,20.4,8.0,37.4
2026-01-16 10:00:00,KYIV-013-3,KYIV-013,Band 1 (2100MHz),-83.0,-8.7,15.1,15.0,5.0,33.8
2026-01-16 10:00:00,KYIV-014-1,KYIV-014,Band 3 (1800MHz),-83.5,-9.5,19.4,13.5,8.6,0.0
2026-01-16 10:00:00,KYIV-014-2,KYIV-014,Band 3 (1800MHz),-106.2,-12.3,3.9,10.4,2.5,17.0
2026-01-16 10:00:00,KYIV-014-3,KYIV-014,Band 3 (1800MHz),-82.8,-8.8,14.2,0.0,23.4,14.1
2026-01-16 10:00:00,KYIV-015-1,KYIV-015,Band 1 (2100MHz),-84.1,-9.3,15.5,9.7,6.3,82.9
2026-01-16 10:00:00,KYIV-015-2,KYIV-015,Band 1 (2100MHz),-86.7,-7.6,12.5,20.2,0.0,0.9
2026-01-16 10:00:00,KYIV-015-3,KYIV-015,Band 1 (2100MHz),-87.9,-4.5,13.3,28.7,8.2,39.0
2026-01-16 10:00:00,KYIV-016-1,KYIV-016,Band 3 (1800MHz),-93.1,-7.1,17.7,0.0,24.4,0.0
2026-01-16 10:00:00,KYIV-016-2,KYIV-016,Band 3 (1800MHz),-79.9,-2.6,18.5,9.9,18.4,7.1
2026-01-16 10:00:00,KYIV-016-3,KYIV-016,Band 3 (1800MHz),-87.6,-9.1,14.0,28.5,3.8,23.9
2026-01-16 11:00:00,KYIV-001-1,KYIV-001,Band 1 (2100MHz),-91.0,-11.3,10.4,20.9,10.2,104.3
2026-01-16 11:00:00,KYIV-001-2,KYIV-001,Band 1 (2100MHz),-81.2,-9.0,16.1,58.4,30.9,75.6
2026-01-16 11:00:00,KYIV-001-3,KYIV-001,Band 1 (2100MHz),-88.4,-11.7,4.8,58.1,18.4,115.6
2026-01-16 11:00:00,KYIV-002-1,KYIV-002,Band 3 (1800MHz),-98.2,-16.5,2.9,48.0,40.0,49.5
2026-01-16 11:00:00,KYIV-002-2,KYIV-002,Band 3 (1800MHz),-95.2,-10.7,7.8,48.6,25.3,90.2
2026-01-16 11:00:00,KYIV-002-3,KYIV-002,Band 3 (1800MHz),-87.0,-8.3,14.2,50.4,28.9,73.8
2026-01-16 11:00:00,KYIV-003-1,KYIV-003,Band 1 (2100MHz),-90.6,-9.7,9.0,56.9,26.4,65.9
2026-01-16 11:00:00,KYIV-003-2,KYIV-003,Band 1 (2100MHz),-86.6,-10.0,13.8,42.9,10.8,51.0
2026-01-16 11:00:00,KYIV-003-3,KYIV-003,Band 1 (2100MHz),-92.2,-11.4,6.4,36.1,12.6,78.0
2026-01-16 11:00:00,KYIV-004-1,KYIV-004,Band 3 (1800MHz),-79.4,-9.7,9.3,61.7,6.9,60.6
2026-01-16 11:00:00,KYIV-004-2,KYIV-004,Band 3 (1800MHz),-94.1,-10.1,24.2,56.8,17.8,116.1
2026-01-16 11:00:00,KYIV-004-3,KYIV-004,Band 3 (1800MHz),-81.3,-13.3,13.9,52.5,25.4,83.0
2026-01-16 11:00:00,KYIV-005-1,KYIV-005,Band 1 (2100MHz),-84.9,-11.1,14.9,26.2,29.2,72.4
2026-01-16 11:00:00,KYIV-005-2,KYIV-005,Band 1 (2100MHz),-80.1,-13.9,6.7,53.8,17.5,109.9
2026-01-16 11:00:00,KYIV-005-3,KYIV-005,Band 1 (2100MHz),-101.8,-11.9,5.6,51.0,15.1,33.2
2026-01-16 11:00:00,KYIV-006-1,KYIV-006,Band 3 (1800MHz),-89.6,-11.9,18.2,30.4,24.7,75.7
2026-01-16 11:00:00,KYIV-006-2,KYIV-006,Band 3 (1800MHz),-86.0,-6.7,8.8,40.8,22.1,44.2
2026-01-16 11:00:00,KYIV-006-3,KYIV-006,Band 3 (1800MHz),-87.2,-14.0,6.7,36.8,19.2,86.2
2026-01-16 11:00:00,KYIV-007-1,KYIV-007,Band 1 (2100MHz),-83.0,-8.0,15.4,69.1,31.2,98.7
2026-01-16 11:00:00,KYIV-007-2,KYIV-007,Band 1 (2100MHz),-94.1,-10.4,13.3,56.2,29.7,60.4
2026-01-16 11:00:00,KYIV-007-3,KYIV-007,Band 1 (2100MHz),-89.5,-11.0,20.8,57.1,17.9,95.5
2026-01-16 11:00:00,KYIV-008-1,KYIV-008,Band 3 (1800MHz),-93.1,-9.5,8.4,41.1,39.4,35.7
2026-01-16 11:00:00,KYIV-008-2,KYIV-008,Band 3 (1800MHz),-86.9,-6.7,13.9,68.7,41.8,106.2
2026-01-16 11:00:00,KYIV-008-3,KYIV-008,Band 3 (1800MHz),-85.8,-10.0,10.7,55.2,39.2,40.4
2026-01-16 11:00:00,KYIV-009-1,KYIV-009,Band 1 (2100MHz),-86.6,-9.9,10.4,66.7,16.7,86.5
2026-01-16 11:00:00,KYIV-009-2,KYIV-009,Band 1 (2100MHz),-83.5,-11.0,16.1,50.1,19.1,65.7
2026-01-16 11:00:00,KYIV-009-3,KYIV-009,Band 1 (2100MHz),-91.2,-10.6,17.7,63.2,23.8,95.0
2026-01-16 11:00:00,KYIV-010-1,KYIV-010,Band 3 (1800MHz),-89.9,-8.7,15.3,27.3,40.7,80.7
2026-01-16 11:00:00,KYIV-010-2,KYIV-010,Band 3 (1800MHz),-85.6,-7.3,13.5,48.3,58.3,105.7
2026-01-16 11:00:00,KYIV-010-3,KYIV-010,Band 3 (1800MHz),-82.2,-8.2,24.1,41.4,17.3,70.7
2026-01-16 11:00:00,KYIV-011-1,KYIV-011,Band 1 (2100MHz),-85.8,-6.8,19.0,48.7,18.9,77.8
2026-01-16 11:00:00,KYIV-011-2,KYIV-011,Band 1 (2100MHz),-84.8,-9.4,6.0,47.9,18.0,75.9
2026-01-16 11:00:00,KYIV-011-3,KYIV-011,Band 1 (2100MHz),-85.6,-8.1,12.1,38.9,37.3,40.5
2026-01-16 11:00:00,KYIV-012-1,KYIV-012,Band 3 (1800MHz),-87.8,-9.8,15.4,55.1,21.6,97.3
2026-01-16 11:00:00,KYIV-012-2,KYIV-012,Band 3 (1800MHz),-83.4,-7.8,9.5,36.3,18.9,99.8
2026-01-16 11:00:00,KYIV-012-3,KYIV-012,Band 3 (1800MHz),-83.8,-11.6,7.4,45.6,35.6,80.9
2026-01-16 11:00:00,KYIV-013-1,KYIV-013,Band 1 (2100MHz),-85.6,-8.7,13.8,26.0,26.4,91.3
2026-01-16 11:00:00,KYIV-013-2,KYIV-013,Band 1 (2100MHz),-83.2,-8.3,12.3,39.7,15.2,134.4
2026-01-16 11:00:00,KYIV-013-3,KYIV-013,Band 1 (2100MHz),-87.4,-9.5,20.9,34.0,29.9,69.7
2026-01-16 11:00:00,KYIV-014-1,KYIV-014,Band 3 (1800MHz),-83.3,-10.5,16.4,45.5,23.3,8.4
2026-01-16 11:00:00,KYIV-014-2,KYIV-014,Band 3 (1800MHz),-98.1,-16.9,-2.1,53.1,37.2,83.9
2026-01-16 11:00:00,KYIV-014-3,KYIV-014,Band 3 (1800MHz),-77.7,-9.1,8.3,52.7,10.9,40.5
2026-01-16 11:00:00,KYIV-015-1,KYIV-015,Band 1 (2100MHz),-88.5,-10.8,10.2,46.8,21.3,110.4
2026-01-16 11:00:00,KYIV-015-2,KYIV-015,Band 1 (2100MHz),-87.3,-8.4,13.5,52.5,3.2,86.0
2026-01-16 11:00:00,KYIV-015-3,KYIV-015,Band 1 (2100MHz),-85.1,-13.6,13.4,73.4,29.7,96.1
2026-01-16 11:00:00,KYIV-016-1,KYIV-016,Band 3 (1800MHz),-85.5,-10.8,17.5,44.6,37.1,66.8
2026-01-16 11:00:00,KYIV-016-2,KYIV-016,Band 3 (1800MHz),-90.6,-10.0,9.6,47.2,29.2,77.8
2026-01-16 11:00:00,KYIV-016-3,KYIV-016,Band 3 (1800MHz),-81.5,-7.8,14.6,61.4,24.8,90.9
2026-01-16 12:00:00,KYIV-001-1,KYIV-001,Band 1 (2100MHz),-81.7,-11.0,9.3,34.9,22.9,32.1
2026-01-16 12:00:00,KYIV-001-2,KYIV-001,Band 1 (2100MHz),-83.3,-8.3,10.4,12.2,21.4,55.5
2026-01-16 12:00:00,KYIV-001-3,KYIV-001,Band 1 (2100MHz),-90.1,-14.2,11.8,34.3,26.3,76.7
2026-01-16 12:00:00,KYIV-002-1,KYIV-002,Band 3 (1800MHz),-104.9,-17.4,4.3,36.6,35.8,102.4
2026-01-16 12:00:00,KYIV-002-2,KYIV-002,Band 3 (1800MHz),-96.8,-18.0,8.8,48.0,29.4,83.2
2026-01-16 12:00:00,KYIV-002-3,KYIV-002,Band 3 (1800MHz),-89.2,-10.3,10.0,55.5,29.5,59.7
2026-01-16 12:00:00,KYIV-003-1,KYIV-003,Band 1 (2100MHz),-93.5,-12.0,9.6,44.5,23.2,101.3
2026-01-16 12:00:00,KYIV-003-2,KYIV-003,Band 1 (2100MHz),-87.9,-12.7,17.5,46.0,11.1,46.4
2026-01-16 12:00:00,KYIV-003-3,KYIV-003,Band 1 (2100MHz),-80.3,-9.6,16.8,43.4,46.2,66.9
2026-01-16 12:00:00,KYIV-004-1,KYIV-004,Band 3 (1800MHz),-85.4,-10.3,12.2,32.9,41.4,63.3
2026-01-16 12:00:00,KYIV-004-2,KYIV-004,Band 3 (1800MHz),-88.4,-13.2,20.2,39.2,24.7,47.2
2026-01-16 12:00:00,KYIV-004-3,KYIV-004,Band 3 (1800MHz),-92.5,-9.5,11.5,52.7,29.3,87.7
2026-01-16 12:00:00,KYIV-005-1,KYIV-005,Band 1 (2100MHz),-93.0,-11.8,20.2,65.1,28.0,61.1
2026-01-16 12:00:00,KYIV-005-2,KYIV-005,Band 1 (2100MHz),-87.7,-10.5,12.9,44.3,31.8,68.9
2026-01-16 12:00:00,KYIV-005-3,KYIV-005,Band 1 (2100MHz),-100.3,-11.9,8.7,48.5,21.0,98.6
2026-01-16 12:00:00,KYIV-006-1,KYIV-006,Band 3 (1800MHz),-95.0,-11.2,10.2,29.2,29.0,22.4
2026-01-16 12:00:00,KYIV-006-2,KYIV-006,Band 3 (1800MHz),-86.6,-10.5,19.9,73.2,39.0,89.4
2026-01-16 12:00:00,KYIV-006-3,KYIV-006,Band 3 (1800MHz),-91.8,-11.7,13.5,36.2,26.2,124.3
2026-01-16 12:00:00,KYIV-007-1,KYIV-007,Band 1 (2100MHz),-87.9,-14.1,20.3,73.5,19.2,43.5
2026-01-16 12:00:00,KYIV-007-2,KYIV-007,Band 1 (2100MHz),-86.3,-5.5,28.6,47.4,24.4,57.7
2026-01-16 12:00:00,KYIV-007-3,KYIV-007,Band 1 (2100MHz),-96.4,-11.6,13.4,70.8,19.7,109.9
2026-01-16 12:00:00,KYIV-008-1,KYIV-008,Band 3 (1800MHz),-87.6,-7.9,13.4,62.4,29.3,86.8
2026-01-16 12:00:00,KYIV-008-2,KYIV-008,Band 3 (1800MHz),-94.2,-8.3,15.3,38.7,28.7,67.6
2026-01-16 12:00:00,KYIV-008-3,KYIV-008,Band 3 (1800MHz),-91.5,-12.4,15.8,58.3,29.2,62.1
2026-01-16 12:00:00,KYIV-009-1,KYIV-009,Band 1 (2100MHz),-87.2,-10.2,16.4,39.6,35.5,99.5
2026-01-16 12:00:00,KYIV-009-2,KYIV-009,Band 1 (2100MHz),-85.9,-12.8,11.1,39.8,25.9,69.3
2026-01-16 12:00:00,KYIV-009-3,KYIV-009,Band 1 (2100MHz),-86.3,-10.4,22.1,44.0,42.5,46.0
2026-01-16 12:00:00,KYIV-010-1,KYIV-010,Band 3 (1800MHz),-89.1,-10.6,15.2,46.3,32.6,33.4
2026-01-16 12:00:00,KYIV-010-2,KYIV-010,Band 3 (1800MHz),-91.3,-10.4,15.4,36.3,31.4,56.8
2026-01-16 12:00:00,KYIV-010-3,KYIV-010,Band 3 (1800MHz),-89.8,-9.0,12.1,59.5,21.9,130.8
2026-01-16 12:00:00,KYIV-011-1,KYIV-011,Band 1 (2100MHz),-91.0,-9.2,17.9,66.6,21.4,63.9
2026-01-16 12:00:00,KYIV-011-2,KYIV-011,Band 1 (2100MHz),-88.4,-10.7,9.3,45.6,21.1,127.2
2026-01-16 12:00:00,KYIV-011-3,KYIV-011,Band 1 (2100MHz),-82.7,-13.1,16.2,56.6,21.0,77.9
2026-01-16 12:00:00,KYIV-012-1,KYIV-012,Band 3 (1800MHz),-84.5,-11.9,17.2,55.8,31.1,33.7
2026-01-16 12:00:00,KYIV-012-2,KYIV-012,Band 3 (1800MHz),-81.1,-12.6,14.6,43.2,27.7,97.3
2026-01-16 12:00:00,KYIV-012-3,KYIV-012,Band 3 (1800MHz),-89.6,-11.3,13.1,51.8,11.9,62.1
2026-01-16 12:00:00,KYIV-013-1,KYIV-013,Band 1 (2100MHz),-80.6,-8.3,13.3,39.6,30.0,68.1
2026-01-16 12:00:00,KYIV-013-2,KYIV-013,Band 1 (2100MHz),-90.4,-9.8,9.2,41.9,31.8,91.0
2026-01-16 12:00:00,KYIV-013-3,KYIV-013,Band 1 (2100MHz),-87.0,-10.1,9.6,37.3,27.6,80.3
2026-01-16 12:00:00,KYIV-014-1,KYIV-014,Band 3 (1800MHz),-95.5,-11.1,12.9,47.2,23.7,71.8
2026-01-16 12:00:00,KYIV-014-2,KYIV-014,Band 3 (1800MHz),-101.8,-15.8,11.1,15.3,23.7,101.1
2026-01-16 12:00:00,KYIV-014-3,KYIV-014,Band 3 (1800MHz),-86.8,-4.9,13.6,32.4,19.7,107.4
2026-01-16 12:00:00,KYIV-015-1,KYIV-015,Band 1 (2100MHz),-88.4,-9.3,19.6,49.6,26.7,78.9
2026-01-16 12:00:00,KYIV-015-2,KYIV-015,Band 1 (2100MHz),-83.7,-6.7,11.4,70.3,12.3,70.5
2026-01-16 12:00:00,KYIV-015-3,KYIV-015,Band 1 (2100MHz),-90.0,-10.8,12.9,32.6,29.6,62.5
2026-01-16 12:00:00,KYIV-016-1,KYIV-016,Band 3 (1800MHz),-89.3,-9.7,16.9,43.4,32.9,69.3
2026-01-16 12:00:00,KYIV-016-2,KYIV-016,Band 3 (1800MHz),-80.1,-12.8,0.9,59.5,22.6,74.9
2026-01-16 12:00:00,KYIV-016-3,KYIV-016,Band 3 (1800MHz),-85.2,-7.6,7.8,41.5,22.8,67.3
2026-01-16 13:00:00,KYIV-001-1,KYIV-001,Band 1 (2100MHz),-88.9,-11.6,14.8,64.0,32.7,69.7
2026-01-16 13:00:00,KYIV-001-2,KYIV-001,Band 1 (2100MHz),-92.5,-10.4,17.5,72.1,39.2,78.6
2026-01-16 13:00:00,KYIV-001-3,KYIV-001,Band 1 (2100MHz),-84.9,-8.5,19.1,47.4,31.0,121.7
2026-01-16 13:00:00,KYIV-002-1,KYIV-002,Band 3 (1800MHz),-103.1,-17.3,3.9,30.0,13.4,92.0
2026-01-16 13:00:00,KYIV-002-2,KYIV-002,Band 3 (1800MHz),-103.5,-13.0,-10.0,35.7,26.9,78.7
2026-01-16 13:00:00,KYIV-002-3,KYIV-002,Band 3 (1800MHz),-87.3,-12.2,16.1,27.1,18.1,78.1
2026-01-16 13:00:00,KYIV-003-1,KYIV-003,Band 1 (2100MHz),-87.8,-8.5,10.7,60.5,21.6,53.3
2026-01-16 13:00:00,KYIV-003-2,KYIV-003,Band 1 (2100MHz),-87.3,-11.4,2.6,68.7,39.5,87.2
2026-01-16 13:00:00,KYIV-003-3,KYIV-003,Band 1 (2100MHz),-84.4,-14.3,9.1,30.9,32.7,82.3
2026-01-16 13:00:00,KYIV-004-1,KYIV-004,Band 3 (1800MHz),-85.8,-11.9,5.8,37.3,29.4,82.3
2026-01-16 13:00:00,KYIV-004-2,KYIV-004,Band 3 (1800MHz),-88.2,-8.5,6.5,33.8,26.5,98.0
2026-01-16 13:00:00,KYIV-004-3,KYIV-004,Band 3 (1800MHz),-93.0,-10.8,20.3,38.9,26.4,79.6
2026-01-16 13:00:00,KYIV-005-1,KYIV-005,Band 1 (2100MHz),-85.5,-9.8,10.0,55.6,27.0,79.7
2026-01-16 13:00:00,KYIV-005-2,KYIV-005,Band 1 (2100MHz),-84.1,-7.5,11.3,47.9,37.6,111.5
2026-01-16 13:00:00,KYIV-005-3,KYIV-005,Band 1 (2100MHz),-98.8,-15.9,3.1,51.6,31.4,79.7
2026-01-16 13:00:00,KYIV-006-1,KYIV-006,Band 3 (1800MHz),-88.4,-7.6,14.9,49.3,34.2,85.9
2026-01-16 13:00:00,KYIV-006-2,KYIV-006,Band 3 (1800MHz),-84.7,-8.1,9.4,44.2,48.8,82.4
2026-01-16 13:00:00,KYIV-006-3,KYIV-006,Band 3 (1800MHz),-88.8,-11.0,14.0,51.3,16.8,58.7
2026-01-16 13:00:00,KYIV-007-1,KYIV-007,Band 1 (2100MHz),-78.5,-9.9,12.3,48.1,25.0,101.0
2026-01-16 13:00:00,KYIV-007-2,KYIV-007,Band 1 (2100MHz),-88.6,-9.3,17.9,49.4,31.0,91.2
2026-01-16 13:00:00,KYIV-007-3,KYIV-007,Band 1 (2100MHz),-81.2,-10.9,16.7,37.8,0.0,45.2
2026-01-16 13:00:00,KYIV-008-1,KYIV-008,Band 3 (1800MHz),-86.6,-10.5,14.8,32.9,19.9,90.3
2026-01-16 13:00:00,KYIV-008-2,KYIV-008,Band 3 (1800MHz),-82.8,-10.2,13.1,44.2,38.3,63.9
2026-01-16 13:00:00,KYIV-008-3,KYIV-008,Band 3 (1800MHz),-80.4,-9.1,6.4,56.7,15.5,112.7
2026-01-16 13:00:00,KYIV-009-1,KYIV-009,Band 1 (2100MHz),-90.9,-9.8,18.0,64.1,17.3,85.8
2026-01-16 13:00:00,KYIV-009-2,KYIV-009,Band 1 (2100MHz),-90.6,-13.4,13.9,32.4,35.8,83.6
2026-01-16 13:00:00,KYIV-009-3,KYIV-009,Band 1 (2100MHz),-87.0,-11.7,18.4,48.4,35.0,93.4
2026-01-16 13:00:00,KYIV-010-1,KYIV-010,Band 3 (1800MHz),-83.3,-9.8,18.0,51.1,11.6,94.4
2026-01-16 13:00:00,KYIV-010-2,KYIV-010,Band 3 (1800MHz),-88.8,-12.1,-0.7,56.5,36.2,88.9
2026-01-16 13:00:00,KYIV-010-3,KYIV-010,Band 3 (1800MHz),-81.2,-9.0,14.6,43.3,22.1,129.9
2026-01-16 13:00:00,KYIV-011-1,KYIV-011,Band 1 (2100MHz),-85.0,-11.6,16.4,53.8,31.2,104.2
2026-01-16 13:00:00,KYIV-011-2,KYIV-011,Band 1 (2100MHz),-85.0,-10.4,8.7,48.5,19.7,68.7
2026-01-16 13:00:00,KYIV-011-3,KYIV-011,Band 1 (2100MHz),-89.3,-11.3,13.6,54.7,32.3,95.4
2026-01-16 13:00:00,KYIV-012-1,KYIV-012,Band 3 (1800MHz),-82.6,-11.7,2.1,49.3,19.5,94.1
2026-01-16 13:00:00,KYIV-012-2,KYIV-012,Band 3 (1800MHz),-88.5,-6.4,12.1,50.3,26.2,68.8
2026-01-16 13:00:00,KYIV-012-3,KYIV-012,Band 3 (1800MHz),-85.2,-11.8,11.7,52.4,20.3,78.1
2026-01-16 13:00:00,KYIV-013-1,KYIV-013,Band 1 (2100MHz),-86.6,-14.8,12.3,60.3,43.7,95.6
2026-01-16 13:00:00,KYIV-013-2,KYIV-013,Band 1 (2100MHz),-92.2,-10.2,12.7,55.6,21.7,56.4
2026-01-16 13:00:00,KYIV-013-3,KYIV-013,Band 1 (2100MHz),-90.7,-10.2,11.2,50.3,30.4,68.7
2026-01-16 13:00:00,KYIV-014-1,KYIV-014,Band 3 (1800MHz),-92.9,-11.1,7.8,38.3,21.1,51.5
2026-01-16 13:00:00,KYIV-014-2,KYIV-014,Band 3 (1800MHz),-98.1,-12.9,5.2,53.9,18.5,30.0
2026-01-16 13:00:00,KYIV-014-3,KYIV-014,Band 3 (1800MHz),-93.1,-8.1,18.2,49.8,23.8,92.9
2026-01-16 13:00:00,KYIV-015-1,KYIV-015,Band 1 (2100MHz),-90.3,-8.9,14.7,46.9,25.8,77.2
2026-01-16 13:00:00,KYIV-015-2,KYIV-015,Band 1 (2100MHz),-87.1,-9.9,19.3,36.8,31.5,69.3
2026-01-16 13:00:00,KYIV-015-3,KYIV-015,Band 1 (2100MHz),-84.7,-12.6,21.4,65.0,24.4,115.3
2026-01-16 13:00:00,KYIV-016-1,KYIV-016,Band 3 (1800MHz),-88.9,-9.2,23.0,48.4,12.2,74.0
2026-01-16 13:00:00,KYIV-016-2,KYIV-016,Band 3 (1800MHz),-85.8,-8.7,23.6,54.7,25.4,52.8
2026-01-16 13:00:00,KYIV-016-3,KYIV-016,Band 3 (1800MHz),-92.5,-9.1,5.3,33.3,18.3,81.6
2026-01-16 14:00:00,KYIV-001-1,KYIV-001,Band 1 (2100MHz),-82.6,-13.1,12.3,42.4,43.1,47.6
2026-01-16 14:00:00,KYIV-001-2,KYIV-001,Band 1 (2100MHz),-88.2,-13.1,11.7,43.6,21.1,44.4
2026-01-16 14:00:00,KYIV-001-3,KYIV-001,Band 1 (2100MHz),-86.9,-11.7,11.3,22.4,38.5,52.1
2026-01-16 14:00:00,KYIV-002-1,KYIV-002,Band 3 (1800MHz),-106.3,-9.5,9.9,17.3,19.3,114.5
2026-01-16 14:00:00,KYIV-002-2,KYIV-002,Band 3 (1800MHz),-104.5,-14.1,4.2,42.0,30.2,51.0
2026-01-16 14:00:00,KYIV-002-3,KYIV-002,Band 3 (1800MHz),-85.8,-8.5,11.4,35.4,23.5,131.2
2026-01-16 14:00:00,KYIV-003-1,KYIV-003,Band 1 (2100MHz),-88.0,-10.1,14.2,56.9,25.0,45.3
2026-01-16 14:00:00,KYIV-003-2,KYIV-003,Band 1 (2100MHz),-87.3,-7.3,13.1,26.4,12.5,86.4
2026-01-16 14:00:00,KYIV-003-3,KYIV-003,Band 1 (2100MHz),-85.7,-10.4,13.5,44.3,13.3,105.3
2026-01-16 14:00:00,KYIV-004-1,KYIV-004,Band 3 (1800MHz),-87.6,-10.3,14.0,43.5,34.5,76.6
2026-01-16 14:00:00,KYIV-004-2,KYIV-004,Band 3 (1800MHz),-89.8,-10.5,16.9,52.6,36.2,91.6
2026-01-16 14:00:00,KYIV-004-3,KYIV-004,Band 3 (1800MHz),-84.9,-8.1,8.7,51.8,23.0,96.0
2026-01-16 14:00:00,KYIV-005-1,KYIV-005,Band 1 (2100MHz),-86.0,-8.5,7.0,57.6,10.6,117.7
2026-01-16 14:00:00,KYIV-005-2,KYIV-005,Band 1 (2100MHz),-89.5,-10.5,14.7,41.9,46.4,91.6
2026-01-16 14:00:00,KYIV-005-3,KYIV-005,Band 1 (2100MHz),-93.3,-15.8,-0.5,60.7,31.7,94.8
2026-01-16 14:00:00,KYIV-006-1,KYIV-006,Band 3 (1800MHz),-81.6,-11.5,13.9,73.3,13.6,72.9
2026-01-16 14:00:00,KYIV-006-2,KYIV-006,Band 3 (1800MHz),-89.2,-10.7,8.4,56.2,23.2,12.0
2026-01-16 14:00:00,KYIV-006-3,KYIV-006,Band 3 (1800MHz),-89.4,-5.6,9.6,26.1,22.4,44.1
2026-01-16 14:00:00,KYIV-007-1,KYIV-007,Band 1 (2100MHz),-94.9,-10.6,10.9,21.8,24.8,102.8
2026-01-16 14:00:00,KYIV-007-2,KYIV-007,Band 1 (2100MHz),-89.5,-8.3,3.8,52.7,35.3,80.8
2026-01-16 14:00:00,KYIV-007-3,KYIV-007,Band 1 (2100MHz),-85.2,-10.7,16.7,64.2,29.9,44.9
2026-01-16 14:00:00,KYIV-008-1,KYIV-008,Band 3 (1800MHz),-85.0,-10.6,17.6,61.8,21.0,83.4
2026-01-16 14:00:00,KYIV-008-2,KYIV-008,Band 3 (1800MHz),-80.7,-11.1,12.4,51.8,18.8,41.6
2026-01-16 14:00:00,KYIV-008-3,KYIV-008,Band 3 (1800MHz),-88.2,-12.7,12.2,50.0,30.5,90.2
2026-01-16 14:00:00,KYIV-009-1,KYIV-009,Band 1 (2100MHz),-81.5,-8.8,16.8,45.8,25.5,84.3
2026-01-16 14:00:00,KYIV-009-2,KYIV-009,Band 1 (2100MHz),-85.1,-11.8,3.1,49.4,31.1,69.3
2026-01-16 14:00:00,KYIV-009-3,KYIV-009,Band 1 (2100MHz),-85.0,-10.8,15.9,27.8,12.7,41.2
2026-01-16 14:00:00,KYIV-010-1,KYIV-010,Band 3 (1800MHz),-87.0,-8.7,3.6,44.4,38.9,80.7
2026-01-16 14:00:00,KYIV-010-2,KYIV-010,Band 3 (1800MHz),-84.1,-13.4,14.2,47.2,32.0,33.0
2026-01-16 14:00:00,KYIV-010-3,KYIV-010,Band 3 (1800MHz),-92.6,-9.5,17.4,56.6,26.7,142.4
2026-01-16 14:00:00,KYIV-011-1,KYIV-011,Band 1 (2100MHz),-91.3,-9.2,5.8,65.7,29.5,111.0
2026-01-16 14:00:00,KYIV-011-2,KYIV-011,Band 1 (2100MHz),-97.5,-10.6,14.4,38.3,30.5,57.1
2026-01-16 14:00:00,KYIV-011-3,KYIV-011,Band 1 (2100MHz),-85.7,-9.5,15.2,55.2,40.0,59.5
2026-01-16 14:00:00,KYIV-012-1,KYIV-012,Band 3 (1800MHz),-89.9,-7.1,17.8,57.7,32.2,62.1
2026-01-16 14:00:00,KYIV-012-2,KYIV-012,Band 3 (1800MHz),-79.3,-12.5,21.9,47.4,30.2,35.5
2026-01-16 14:00:00,KYIV-012-3,KYIV-012,Band 3 (1800MHz),-85.9,-12.3,21.4,63.6,28.4,70.4
2026-01-16 14:00:00,KYIV-013-1,KYIV-013,Band 1 (2100MHz),-87.4,-9.1,12.2,47.3,35.0,55.6
2026-01-16 14:00:00,KYIV-013-2,KYIV-013,Band 1 (2100MHz),-92.3,-12.4,16.2,71.2,26.5,76.8
2026-01-16 14:00:00,KYIV-013-3,KYIV-013,Band 1 (2100MHz),-86.0,-7.4,19.1,42.8,20.7,36.0
2026-01-16 14:00:00,KYIV-014-1,KYIV-014,Band 3 (1800MHz),-86.4,-10.5,4.9,72.0,30.0,37.4
2026-01-16 14:00:00,KYIV-014-2,KYIV-014,Band 3 (1800MHz),-98.2,-12.7,-2.7,44.7,41.7,61.6
2026-01-16 14:00:00,KYIV-014-3,KYIV-014,Band 3 (1800MHz),-86.2,-6.7,13.5,70.9,19.2,78.1
2026-01-16 14:00:00,KYIV-015-1,KYIV-015,Band 1 (2100MHz),-92.9,-11.2,16.8,51.6,46.5,68.9
2026-01-16 14:00:00,KYIV-015-2,KYIV-015,Band 1 (2100MHz),-87.4,-13.6,5.2,69.6,33.9,87.1
2026-01-16 14:00:00,KYIV-015-3,KYIV-015,Band 1 (2100MHz),-91.4,-8.5,13.4,59.3,23.4,75.6
2026-01-16 14:00:00,KYIV-016-1,KYIV-016,Band 3 (1800MHz),-88.9,-6.9,12.5,48.5,21.5,96.6
2026-01-16 14:00:00,KYIV-016-2,KYIV-016,Band 3 (1800MHz),-89.2,-10.4,16.6,26.9,14.7,82.7
2026-01-16 14:00:00,KYIV-016-3,KYIV-016,Band 3 (1800MHz),-75.6,-8.0,15.7,62.8,20.8,77.1
2026-01-16 15:00:00,KYIV-001-1,KYIV-001,Band 1 (2100MHz),-92.6,-6.9,6.1,21.5,0.0,60.6
2026-01-16 15:00:00,KYIV-001-2,KYIV-001,Band 1 (2100MHz),-83.8,-8.5,17.4,11.0,22.8,33.4
2026-01-16 15:00:00,KYIV-001-3,KYIV-001,Band 1 (2100MHz),-88.8,-9.4,16.2,29.3,16.9,0.0
2026-01-16 15:00:00,KYIV-002-1,KYIV-002,Band 3 (1800MHz),-98.4,-11.8,-1.2,11.3,3.0,25.6
2026-01-16 15:00:00,KYIV-002-2,KYIV-002,Band 3 (1800MHz),-94.0,-10.7,1.9,14.9,8.8,36.2
2026-01-16 15:00:00,KYIV-002-3,KYIV-002,Band 3 (1800MHz),-78.2,-5.4,9.5,28.1,0.0,0.0
2026-01-16 15:00:00,KYIV-003-1,KYIV-003,Band 1 (2100MHz),-94.7,-13.9,14.2,23.3,33.3,0.0
2026-01-16 15:00:00,KYIV-003-2,KYIV-003,Band 1 (2100MHz),-83.7,-6.3,12.7,31.2,7.3,13.0
2026-01-16 15:00:00,KYIV-003-3,KYIV-003,Band 1 (2100MHz),-91.6,-7.5,17.4,12.1,23.2,51.0
2026-01-16 15:00:00,KYIV-004-1,KYIV-004,Band 3 (1800MHz),-92.2,-7.2,18.0,32.7,3.0,25.5
2026-01-16 15:00:00,KYIV-004-2,KYIV-004,Band 3 (1800MHz),-88.1,-10.8,10.2,38.0,6.6,0.0
2026-01-16 15:00:00,KYIV-004-3,KYIV-004,Band 3 (1800MHz),-91.4,-7.8,4.2,8.1,3.5,8.7
2026-01-16 15:00:00,KYIV-005-1,KYIV-005,Band 1 (2100MHz),-87.3,-8.2,22.3,17.3,0.0,18.9
2026-01-16 15:00:00,KYIV-005-2,KYIV-005,Band 1 (2100MHz),-85.3,-8.2,0.4,4.9,24.3,70.4
2026-01-16 15:00:00,KYIV-005-3,KYIV-005,Band 1 (2100MHz),-99.3,-11.4,-0.4,8.0,25.1,12.3
2026-01-16 15:00:00,KYIV-006-1,KYIV-006,Band 3 (1800MHz),-92.1,-9.3,20.1,33.3,10.9,1.8
2026-01-16 15:00:00,KYIV-006-2,KYIV-006,Band 3 (1800MHz),-90.6,-7.5,7.0,16.2,13.1,7.8
2026-01-16 15:00:00,KYIV-006-3,KYIV-006,Band 3 (1800MHz),-85.8,-8.4,2.7,10.3,15.2,15.1
2026-01-16 15:00:00,KYIV-007-1,KYIV-007,Band 1 (2100MHz),-85.4,-7.6,15.2,22.4,13.4,13.9
2026-01-16 15:00:00,KYIV-007-2,KYIV-007,Band 1 (2100MHz),-80.8,-9.4,20.8,14.7,6.7,31.6
2026-01-16 15:00:00,KYIV-007-3,KYIV-007,Band 1 (2100MHz),-85.8,-7.9,6.1,17.0,12.7,5.2
2026-01-16 15:00:00,KYIV-008-1,KYIV-008,Band 3 (1800MHz),-91.5,-9.7,14.3,18.9,0.0,0.5
2026-01-16 15:00:00,KYIV-008-2,KYIV-008,Band 3 (1800MHz),-86.1,-9.5,16.1,1.9,1.3,12.2
2026-01-16 15:00:00,KYIV-008-3,KYIV-008,Band 3 (1800MHz),-84.5,-6.2,15.0,28.3,9.1,43.9
2026-01-16 15:00:00,KYIV-009-1,KYIV-009,Band 1 (2100MHz),-92.2,-4.9,17.7,7.7,0.0,34.4
2026-01-16 15:00:00,KYIV-009-2,KYIV-009,Band 1 (2100MHz),-87.4,-10.2,15.4,35.3,2.4,49.5
2026-01-16 15:00:00,KYIV-009-3,KYIV-009,Band 1 (2100MHz),-89.5,-7.5,25.5,24.1,5.8,0.0
2026-01-16 15:00:00,KYIV-010-1,KYIV-010,Band 3 (1800MHz),-86.9,-10.1,5.7,9.5,11.0,4.4
2026-01-16 15:00:00,KYIV-010-2,KYIV-010,Band 3 (1800MHz),-86.7,-6.4,11.5,16.1,9.8,14.2
2026-01-16 15:00:00,KYIV-010-3,KYIV-010,Band 3 (1800MHz),-88.1,-8.2,8.3,10.2,10.9,49.4
2026-01-16 15:00:00,KYIV-011-1,KYIV-011,Band 1 (2100MHz),-85.6,-7.7,20.7,5.7,12.6,5.2
2026-01-16 15:00:00,KYIV-011-2,KYIV-011,Band 1 (2100MHz),-81.9,-7.1,14.5,23.0,12.4,66.9
2026-01-16 15:00:00,KYIV-011-3,KYIV-011,Band 1 (2100MHz),-83.0,-7.9,6.0,8.2,0.7,28.0
2026-01-16 15:00:00,KYIV-012-1,KYIV-012,Band 3 (1800MHz),-85.3,-6.9,18.5,31.9,11.0,81.5
2026-01-16 15:00:00,KYIV-012-2,KYIV-012,Band 3 (1800MHz),-89.4,-7.8,5.0,24.4,11.4,80.1
2026-01-16 15:00:00,KYIV-012-3,KYIV-012,Band 3 (1800MHz),-87.6,-10.3,16.8,28.9,16.9,42.2
2026-01-16 15:00:00,KYIV-013-1,KYIV-013,Band 1 (2100MHz),-86.7,-7.5,10.3,21.5,9.3,47.2
2026-01-16 15:00:00,KYIV-013-2,KYIV-013,Band 1 (2100MHz),-88.7,-7.4,15.6,25.4,14.2,77.1
2026-01-16 15:00:00,KYIV-013-3,KYIV-013,Band 1 (2100MHz),-88.8,-5.6,7.7,14.7,5.9,25.7
2026-01-16 15:00:00,KYIV-014-1,KYIV-014,Band 3 (1800MHz),-85.1,-12.8,7.6,8.6,16.3,41.9
2026-01-16 15:00:00,KYIV-014-2,KYIV-014,Band 3 (1800MHz),-97.7,-11.6,6.6,24.6,2.0,32.0
2026-01-16 15:00:00,KYIV-014-3,KYIV-014,Band 3 (1800MHz),-81.6,-7.5,18.8,17.5,9.4,35.3
2026-01-16 15:00:00,KYIV-015-1,KYIV-015,Band 1 (2100MHz),-93.4,-7.1,2.2,4.3,7.0,26.2
2026-01-16 15:00:00,KYIV-015-2,KYIV-015,Band 1 (2100MHz),-85.0,-10.7,8.6,22.4,0.0,30.0
2026-01-16 15:00:00,KYIV-015-3,KYIV-015,Band 1 (2100MHz),-89.9,-10.0,6.5,9.3,5.0,40.7
2026-01-16 15:00:00,KYIV-016-1,KYIV-016,Band 3 (1800MHz),-92.6,-7.7,12.4,0.0,10.1,26.5
2026-01-16 15:00:00,KYIV-016-2,KYIV-016,Band 3 (1800MHz),-85.2,-8.8,15.1,16.6,10.7,39.7
2026-01-16 15:00:00,KYIV-016-3,KYIV-016,Band 3 (1800MHz),-85.7,-9.7,14.3,18.2,19.2,35.2
2026-01-16 16:00:00,KYIV-001-1,KYIV-001,Band 1 (2100MHz),-84.9,-11.4,13.7,67.9,46.2,108.3
2026-01-16 16:00:00,KYIV-001-2,KYIV-001,Band 1 (2100MHz),-88.9,-5.3,11.6,71.7,40.5,104.2
2026-01-16 16:00:00,KYIV-001-3,KYIV-001,Band 1 (2100MHz),-89.3,-10.9,20.3,57.9,25.7,85.1
2026-01-16 16:00:00,KYIV-002-1,KYIV-002,Band 3 (1800MHz),-103.2,-19.2,7.5,61.8,15.7,68.8
2026-01-16 16:00:00,KYIV-002-2,KYIV-002,Band 3 (1800MHz),-97.9,-17.0,5.1,68.4,37.2,111.8
2026-01-16 16:00:00,KYIV-002-3,KYIV-002,Band 3 (1800MHz),-81.6,-14.4,18.1,47.8,32.4,95.3
2026-01-16 16:00:00,KYIV-003-1,KYIV-003,Band 1 (2100MHz),-91.4,-12.6,11.7,57.1,26.2,116.5
2026-01-16 16:00:00,KYIV-003-2,KYIV-003,Band 1 (2100MHz),-82.8,-11.7,13.7,73.2,40.6,67.2
2026-01-16 16:00:00,KYIV-003-3,KYIV-003,Band 1 (2100MHz),-89.4,-10.9,10.5,73.7,31.8,103.1
2026-01-16 16:00:00,KYIV-004-1,KYIV-004,Band 3 (1800MHz),-90.0,-11.4,15.3,71.4,30.9,99.7
2026-01-16 16:00:00,KYIV-004-2,KYIV-004,Band 3 (1800MHz),-87.7,-9.7,9.5,48.9,25.9,110.7
2026-01-16 16:00:00,KYIV-004-3,KYIV-004,Band 3 (1800MHz),-86.0,-9.9,7.9,67.7,42.3,119.2
2026-01-16 16:00:00,KYIV-005-1,KYIV-005,Band 1 (2100MHz),-79.6,-8.2,13.3,54.9,37.2,69.6
2026-01-16 16:00:00,KYIV-005-2,KYIV-005,Band 1 (2100MHz),-84.8,-5.7,20.9,52.0,35.3,130.5
2026-01-16 16:00:00,KYIV-005-3,KYIV-005,Band 1 (2100MHz),-98.7,-11.1,-2.7,51.5,47.8,96.9
2026-01-16 16:00:00,KYIV-006-1,KYIV-006,Band 3 (1800MHz),-81.7,-10.9,12.6,56.1,30.1,103.6
2026-01-16 16:00:00,KYIV-006-2,KYIV-006,Band 3 (1800MHz),-83.5,-7.2,14.8,73.0,40.3,126.9
2026-01-16 16:00:00,KYIV-006-3,KYIV-006,Band 3 (1800MHz),-84.7,-10.9,10.5,49.8,31.5,124.4
2026-01-16 16:00:00,KYIV-007-1,KYIV-007,Band 1 (2100MHz),-84.1,-11.8,14.7,61.8,22.4,140.0
2026-01-16 16:00:00,KYIV-007-2,KYIV-007,Band 1 (2100MHz),-86.9,-11.1,13.5,63.5,37.7,130.5
2026-01-16 16:00:00,KYIV-007-3,KYIV-007,Band 1 (2100MHz),-87.8,-12.2,10.8,57.1,34.5,86.7
2026-01-16 16:00:00,KYIV-008-1,KYIV-008,Band 3 (1800MHz),-85.2,-16.1,20.3,38.9,52.3,104.1
2026-01-16 16:00:00,KYIV-008-2,KYIV-008,Band 3 (1800MHz),-88.3,-10.1,6.0,69.8,31.1,125.5
2026-01-16 16:00:00,KYIV-008-3,KYIV-008,Band 3 (1800MHz),-86.3,-10.6,13.8,52.0,26.0,77.0
2026-01-16 16:00:00,KYIV-009-1,KYIV-009,Band 1 (2100MHz),-85.8,-9.8,21.8,68.6,39.5,128.8
2026-01-16 16:00:00,KYIV-009-2,KYIV-009,Band 1 (2100MHz),-93.9,-9.6,13.2,64.9,37.8,118.2
2026-01-16 16:00:00,KYIV-009-3,KYIV-009,Band 1 (2100MHz),-80.4,-12.4,16.5,73.1,31.1,106.0
2026-01-16 16:00:00,KYIV-010-1,KYIV-010,Band 3 (1800MHz),-93.8,-7.9,13.9,74.7,45.9,80.5
2026-01-16 16:00:00,KYIV-010-2,KYIV-010,Band 3 (1800MHz),-85.0,-9.3,11.1,67.6,32.7,155.9
2026-01-16 16:00:00,KYIV-010-3,KYIV-010,Band 3 (1800MHz),-86.0,-11.5,16.6,67.7,43.3,127.8
2026-01-16 16:00:00,KYIV-011-1,KYIV-011,Band 1 (2100MHz),-86.7,-10.1,13.0,57.3,46.0,129.0
2026-01-16 16:00:00,KYIV-011-2,KYIV-011,Band 1 (2100MHz),-79.4,-8.5,6.2,64.8,28.9,84.3
2026-01-16 16:00:00,KYIV-011-3,KYIV-011,Band 1 (2100MHz),-83.7,-9.2,13.0,45.4,37.8,104.7
2026-01-16 16:00:00,KYIV-012-1,KYIV-012,Band 3 (1800MHz),-85.0,-11.7,14.9,83.9,18.8,96.8
2026-01-16 16:00:00,KYIV-012-2,KYIV-012,Band 3 (1800MHz),-85.2,-10.0,9.1,46.5,14.1,73.6
2026-01-16 16:00:00,KYIV-012-3,KYIV-012,Band 3 (1800MHz),-84.6,-12.9,9.5,66.9,32.2,108.5
2026-01-16 16:00:00,KYIV-013-1,KYIV-013,Band 1 (2100MHz),-92.3,-17.6,13.3,80.7,30.1,68.8
2026-01-16 16:00:00,KYIV-013-2,KYIV-013,Band 1 (2100MHz),-85.0,-9.4,17.4,78.3,35.0,122.0
2026-01-16 16:00:00,KYIV-013-3,KYIV-013,Band 1 (2100MHz),-92.1,-8.1,14.7,77.1,36.1,118.5
2026-01-16 16:00:00,KYIV-014-1,KYIV-014,Band 3 (1800MHz),-89.4,-10.2,17.9,58.0,49.6,112.4
2026-01-16 16:00:00,KYIV-014-2,KYIV-014,Band 3 (1800MHz),-100.3,-18.2,6.0,65.6,43.6,122.3
2026-01-16 16:00:00,KYIV-014-3,KYIV-014,Band 3 (1800MHz),-82.8,-12.4,1.7,64.1,30.8,131.6
2026-01-16 16:00:00,KYIV-015-1,KYIV-015,Band 1 (2100MHz),-84.0,-15.6,12.4,66.3,42.0,82.6
2026-01-16 16:00:00,KYIV-015-2,KYIV-015,Band 1 (2100MHz),-88.2,-9.2,9.9,64.3,29.0,95.8
2026-01-16 16:00:00,KYIV-015-3,KYIV-015,Band 1 (2100MHz),-86.1,-10.4,15.1,76.8,29.1,109.0
2026-01-16 16:00:00,KYIV-016-1,KYIV-016,Band 3 (1800MHz),-82.5,-13.9,10.5,48.4,41.4,100.1
2026-01-16 16:00:00,KYIV-016-2,KYIV-016,Band 3 (1800MHz),-86.8,-13.4,15.0,72.1,32.3,95.2
2026-01-16 16:00:00,KYIV-016-3,KYIV-016,Band 3 (1800MHz),-85.1,-9.2,16.9,68.6,42.0,86.9
2026-01-16 17:00:00,KYIV-001-1,KYIV-001,Band 1 (2100MHz),-85.7,-13.1,10.2,70.9,58.8,113.0
2026-01-16 17:00:00,KYIV-001-2,KYIV-001,Band 1 (2100MHz),-89.6,-13.3,12.3,57.2,39.4,86.7
2026-01-16 17:00:00,KYIV-001-3,KYIV-001,Band 1 (2100MHz),-82.0,-12.8,18.7,72.2,35.3,174.2
2026-01-16 17:00:00,KYIV-002-1,KYIV-002,Band 3 (1800MHz),-95.5,-16.2,1.5,77.2,47.5,136.5
2026-01-16 17:00:00,KYIV-002-2,KYIV-002,Band 3 (1800MHz),-100.0,-15.0,0.0,75.8,44.5,139.7
2026-01-16 17:00:00,KYIV-002-3,KYIV-002,Band 3 (1800MHz),-85.8,-12.0,11.2,62.3,48.2,124.7
2026-01-16 17:00:00,KYIV-003-1,KYIV-003,Band 1 (2100MHz),-82.3,-11.1,20.1,83.1,40.2,115.0
2026-01-16 17:00:00,KYIV-003-2,KYIV-003,Band 1 (2100MHz),-88.9,-9.2,14.6,81.1,47.2,108.7
2026-01-16 17:00:00,KYIV-003-3,KYIV-003,Band 1 (2100MHz),-86.6,-10.5,4.7,79.3,47.6,139.4
2026-01-16 17:00:00,KYIV-004-1,KYIV-004,Band 3 (1800MHz),-90.2,-13.8,15.5,66.1,40.9,114.2
2026-01-16 17:00:00,KYIV-004-2,KYIV-004,Band 3 (1800MHz),-96.4,-9.4,-4.1,78.8,45.1,138.9
2026-01-16 17:00:00,KYIV-004-3,KYIV-004,Band 3 (1800MHz),-83.4,-12.3,17.9,72.0,47.1,100.0
2026-01-16 17:00:00,KYIV-005-1,KYIV-005,Band 1 (2100MHz),-85.4,-9.9,18.4,53.0,48.6,98.4
2026-01-16 17:00:00,KYIV-005-2,KYIV-005,Band 1 (2100MHz),-86.2,-13.6,11.0,95.4,32.5,126.6
2026-01-16 17:00:00,KYIV-005-3,KYIV-005,Band 1 (2100MHz),-99.3,-16.0,1.3,70.3,44.1,95.8
2026-01-16 17:00:00,KYIV-006-1,KYIV-006,Band 3 (1800MHz),-88.0,-12.8,17.7,62.9,42.7,146.3
2026-01-16 17:00:00,KYIV-006-2,KYIV-006,Band 3 (1800MHz),-84.9,-10.8,9.5,74.7,42.7,119.4
2026-01-16 17:00:00,KYIV-006-3,KYIV-006,Band 3 (1800MHz),-78.6,-8.4,4.4,59.4,37.7,119.6
2026-01-16 17:00:00,KYIV-007-1,KYIV-007,Band 1 (2100MHz),-94.1,-10.5,3.5,69.3,38.1,117.1
2026-01-16 17:00:00,KYIV-007-2,KYIV-007,Band 1 (2100MHz),-87.4,-10.3,6.4,74.4,27.9,100.3
2026-01-16 17:00:00,KYIV-007-3,KYIV-007,Band 1 (2100MHz),-84.1,-11.3,8.7,85.9,45.2,127.2
2026-01-16 17:00:00,KYIV-008-1,KYIV-008,Band 3 (1800MHz),-79.8,-11.1,18.6,61.0,49.7,86.9
2026-01-16 17:00:00,KYIV-008-2,KYIV-008,Band 3 (1800MHz),-89.3,-14.3,14.4,73.1,30.2,131.8
2026-01-16 17:00:00,KYIV-008-3,KYIV-008,Band 3 (1800MHz),-82.9,-14.1,5.2,52.1,56.3,92.9
2026-01-16 17:00:00,KYIV-009-1,KYIV-009,Band 1 (2100MHz),-86.5,-14.8,15.0,58.4,37.5,130.3
2026-01-16 17:00:00,KYIV-009-2,KYIV-009,Band 1 (2100MHz),-83.9,-6.5,10.9,68.3,42.3,62.4
2026-01-16 17:00:00,KYIV-009-3,KYIV-009,Band 1 (2100MHz),-87.0,-13.3,14.7,69.3,39.2,147.6
2026-01-16 17:00:00,KYIV-010-1,KYIV-010,Band 3 (1800MHz),-86.1,-12.0,16.5,76.6,45.6,156.8
2026-01-16 17:00:00,KYIV-010-2,KYIV-010,Band 3 (1800MHz),-89.5,-9.3,17.0,77.1,46.5,104.7
2026-01-16 17:00:00,KYIV-010-3,KYIV-010,Band 3 (1800MHz),-83.3,-11.8,14.1,61.6,45.2,134.1
2026-01-16 17:00:00,KYIV-011-1,KYIV-011,Band 1 (2100MHz),-84.4,-9.6,11.5,51.1,47.6,117.6
2026-01-16 17:00:00,KYIV-011-2,KYIV-011,Band 1 (2100MHz),-88.2,-12.8,1.3,68.5,27.7,95.9
2026-01-16 17:00:00,KYIV-011-3,KYIV-011,Band 1 (2100MHz),-83.9,-13.5,23.3,50.2,33.0,115.0
2026-01-16 17:00:00,KYIV-012-1,KYIV-012,Band 3 (1800MHz),-98.1,-12.4,14.2,67.8,21.6,122.8
2026-01-16 17:00:00,KYIV-012-2,KYIV-012,Band 3 (1800MHz),-84.0,-10.1,3.2,70.8,48.2,145.0
2026-01-16 17:00:00,KYIV-012-3,KYIV-012,Band 3 (1800MHz),-83.6,-10.1,12.2,72.5,52.1,106.6
2026-01-16 17:00:00,KYIV-013-1,KYIV-013,Band 1 (2100MHz),-88.3,-12.3,13.4,78.2,47.8,142.6
2026-01-16 17:00:00,KYIV-013-2,KYIV-013,Band 1 (2100MHz),-86.6,-13.0,17.0,74.5,33.0,110.8
2026-01-16 17:00:00,KYIV-013-3,KYIV-013,Band 1 (2100MHz),-92.2,-11.1,15.8,69.1,42.5,114.4
2026-01-16 17:00:00,KYIV-014-1,KYIV-014,Band 3 (1800MHz),-81.2,-12.2,16.9,58.2,39.4,87.4
2026-01-16 17:00:00,KYIV-014-2,KYIV-014,Band 3 (1800MHz),-100.1,-16.3,1.6,66.9,39.7,121.8
2026-01-16 17:00:00,KYIV-014-3,KYIV-014,Band 3 (1800MHz),-84.3,-11.9,6.8,56.3,50.4,91.0
2026-01-16 17:00:00,KYIV-015-1,KYIV-015,Band 1 (2100MHz),-85.0,-9.2,20.2,59.3,41.3,136.0
2026-01-16 17:00:00,KYIV-015-2,KYIV-015,Band 1 (2100MHz),-88.5,-15.2,12.7,51.3,52.1,79.3
2026-01-16 17:00:00,KYIV-015-3,KYIV-015,Band 1 (2100MHz),-87.8,-9.2,17.2,70.3,37.7,149.5
2026-01-16 17:00:00,KYIV-016-1,KYIV-016,Band 3 (1800MHz),-89.0,-10.5,9.3,71.1,34.2,143.9
2026-01-16 17:00:00,KYIV-016-2,KYIV-016,Band 3 (1800MHz),-82.8,-14.3,18.3,84.7,41.3,72.6
2026-01-16 17:00:00,KYIV-016-3,KYIV-016,Band 3 (1800MHz),-86.7,-14.4,9.8,66.4,30.9,111.8
2026-01-16 18:00:00,KYIV-001-1,KYIV-001,Band 1 (2100MHz),-81.6,-12.1,17.6,78.8,36.4,123.2
2026-01-16 18:00:00,KYIV-001-2,KYIV-001,Band 1 (2100MHz),-90.4,-11.7,14.4,71.0,44.2,144.0
2026-01-16 18:00:00,KYIV-001-3,KYIV-001,Band 1 (2100MHz),-83.2,-11.4,21.3,59.8,41.9,143.5
2026-01-16 18:00:00,KYIV-002-1,KYIV-002,Band 3 (1800MHz),-94.4,-14.1,-4.1,73.2,53.4,121.5
2026-01-16 18:00:00,KYIV-002-2,KYIV-002,Band 3 (1800MHz),-94.4,-12.1,3.3,55.9,52.3,128.2
2026-01-16 18:00:00,KYIV-002-3,KYIV-002,Band 3 (1800MHz),-85.7,-11.4,21.3,80.6,49.1,106.2
2026-01-16 18:00:00,KYIV-003-1,KYIV-003,Band 1 (2100MHz),-82.8,-12.5,14.6,89.1,27.0,138.6
2026-01-16 18:00:00,KYIV-003-2,KYIV-003,Band 1 (2100MHz),-84.3,-11.0,9.7,97.5,33.3,133.6
2026-01-16 18:00:00,KYIV-003-3,KYIV-003,Band 1 (2100MHz),-88.2,-12.1,9.2,75.0,32.2,107.6
2026-01-16 18:00:00,KYIV-004-1,KYIV-004,Band 3 (1800MHz),-86.6,-12.5,14.3,55.3,60.3,112.5
2026-01-16 18:00:00,KYIV-004-2,KYIV-004,Band 3 (1800MHz),-87.3,-13.9,7.0,64.6,47.5,137.6
2026-01-16 18:00:00,KYIV-004-3,KYIV-004,Band 3 (1800MHz),-90.7,-12.5,22.2,90.6,57.8,79.9
2026-01-16 18:00:00,KYIV-005-1,KYIV-005,Band 1 (2100MHz),-88.1,-12.4,8.0,67.1,34.7,147.1
2026-01-16 18:00:00,KYIV-005-2,KYIV-005,Band 1 (2100MHz),-94.2,-11.1,8.3,76.6,32.8,101.3
2026-01-16 18:00:00,KYIV-005-3,KYIV-005,Band 1 (2100MHz),-91.6,-18.8,12.4,85.8,48.3,135.6
2026-01-16 18:00:00,KYIV-006-1,KYIV-006,Band 3 (1800MHz),-90.6,-13.8,15.6,44.5,48.9,135.2
2026-01-16 18:00:00,KYIV-006-2,KYIV-006,Band 3 (1800MHz),-91.2,-7.9,15.4,65.9,47.9,101.1
2026-01-16 18:00:00,KYIV-006-3,KYIV-006,Band 3 (1800MHz),-87.3,-10.9,11.9,81.6,31.2,156.5
2026-01-16 18:00:00,KYIV-007-1,KYIV-007,Band 1 (2100MHz),-80.1,-12.8,14.5,84.0,51.8,142.2
2026-01-16 18:00:00,KYIV-007-2,KYIV-007,Band 1 (2100MHz),-85.5,-10.5,16.9,76.6,26.5,133.6
2026-01-16 18:00:00,KYIV-007-3,KYIV-007,Band 1 (2100MHz),-85.6,-8.8,15.3,91.6,29.1,93.0
2026-01-16 18:00:00,KYIV-008-1,KYIV-008,Band 3 (1800MHz),-86.9,-11.0,12.0,94.2,45.0,136.6
2026-01-16 18:00:00,KYIV-008-2,KYIV-008,Band 3 (1800MHz),-95.3,-10.1,20.0,100.0,20.4,150.8
2026-01-16 18:00:00,KYIV-008-3,KYIV-008,Band 3 (1800MHz),-85.9,-9.6,20.9,83.7,37.8,134.3
2026-01-16 18:00:00,KYIV-009-1,KYIV-009,Band 1 (2100MHz),-85.8,-7.9,16.9,69.5,33.0,115.3
2026-01-16 18:00:00,KYIV-009-2,KYIV-009,Band 1 (2100MHz),-88.8,-13.7,12.8,81.9,58.8,112.9
2026-01-16 18:00:00,KYIV-009-3,KYIV-009,Band 1 (2100MHz),-83.9,-14.9,15.6,73.3,45.0,143.5
2026-01-16 18:00:00,KYIV-010-1,KYIV-010,Band 3 (1800MHz),-82.1,-13.9,12.9,88.5,47.0,128.9
2026-01-16 18:00:00,KYIV-010-2,KYIV-010,Band 3 (1800MHz),-86.5,-11.6,17.0,80.6,46.0,100.9
2026-01-16 18:00:00,KYIV-010-3,KYIV-010,Band 3 (1800MHz),-80.7,-13.2,12.0,90.6,59.1,129.1
2026-01-16 18:00:00,KYIV-011-1,KYIV-011,Band 1 (2100MHz),-85.8,-11.6,7.3,51.6,28.0,167.2
2026-01-16 18:00:00,KYIV-011-2,KYIV-011,Band 1 (2100MHz),-87.7,-12.6,4.9,49.7,38.9,118.3
2026-01-16 18:00:00,KYIV-011-3,KYIV-011,Band 1 (2100MHz),-87.5,-11.2,7.3,59.7,34.2,136.1
2026-01-16 18:00:00,KYIV-012-1,KYIV-012,Band 3 (1800MHz),-86.4,-14.5,4.0,77.5,40.4,153.9
2026-01-16 18:00:00,KYIV-012-2,KYIV-012,Band 3 (1800MHz),-89.0,-11.5,18.9,85.7,38.0,117.8
2026-01-16 18:00:00,KYIV-012-3,KYIV-012,Band 3 (1800MHz),-80.7,-13.9,8.1,81.9,43.9,121.8
2026-01-16 18:00:00,KYIV-013-1,KYIV-013,Band 1 (2100MHz),-86.1,-10.0,18.2,79.2,31.5,94.6
2026-01-16 18:00:00,KYIV-013-2,KYIV-013,Band 1 (2100MHz),-88.4,-12.8,11.6,50.2,48.7,94.6
2026-01-16 18:00:00,KYIV-013-3,KYIV-013,Band 1 (2100MHz),-88.5,-12.7,8.3,52.4,41.6,110.7
2026-01-16 18:00:00,KYIV-014-1,KYIV-014,Band 3 (1800MHz),-85.1,-10.1,15.6,65.0,50.4,121.3
2026-01-16 18:00:00,KYIV-014-2,KYIV-014,Band 3 (1800MHz),-99.8,-14.8,8.6,64.6,35.3,114.1
2026-01-16 18:00:00,KYIV-014-3,KYIV-014,Band 3 (1800MHz),-85.3,-13.0,15.6,74.2,32.0,126.9
2026-01-16 18:00:00,KYIV-015-1,KYIV-015,Band 1 (2100MHz),-93.6,-8.8,15.7,67.9,45.9,113.6
2026-01-16 18:00:00,KYIV-015-2,KYIV-015,Band 1 (2100MHz),-87.7,-9.6,10.9,44.0,51.3,108.8
2026-01-16 18:00:00,KYIV-015-3,KYIV-015,Band 1 (2100MHz),-86.8,-11.1,17.3,74.3,47.9,145.6
2026-01-16 18:00:00,KYIV-016-1,KYIV-016,Band 3 (1800MHz),-84.8,-11.1,6.9,89.0,38.4,121.8
2026-01-16 18:00:00,KYIV-016-2,KYIV-016,Band 3 (1800MHz),-88.7,-10.6,14.6,99.3,35.1,85.1
2026-01-16 18:00:00,KYIV-016-3,KYIV-016,Band 3 (1800MHz),-92.5,-12.3,17.9,70.1,39.0,140.4
2026-01-16 19:00:00,KYIV-001-1,KYIV-001,Band 1 (2100MHz),-90.7,-12.4,12.1,67.9,41.2,146.7
2026-01-16 19:00:00,KYIV-001-2,KYIV-001,Band 1 (2100MHz),-87.5,-13.6,19.8,71.8,41.9,119.4
2026-01-16 19:00:00,KYIV-001-3,KYIV-001,Band 1 (2100MHz),-89.2,-11.0,12.0,90.4,48.4,82.7
2026-01-16 19:00:00,KYIV-002-1,KYIV-002,Band 3 (1800MHz),-95.4,-16.1,4.5,64.3,44.4,94.8
2026-01-16 19:00:00,KYIV-002-2,KYIV-002,Band 3 (1800MHz),-96.3,-15.7,18.3,53.0,47.8,128.6
2026-01-16 19:00:00,KYIV-002-3,KYIV-002,Band 3 (1800MHz),-88.4,-8.5,7.3,72.0,19.7,121.2
2026-01-16 19:00:00,KYIV-003-1,KYIV-003,Band 1 (2100MHz),-88.1,-10.8,17.4,59.0,22.1,124.6
2026-01-16 19:00:00,KYIV-003-2,KYIV-003,Band 1 (2100MHz),-84.7,-11.6,15.1,69.3,40.6,96.2
2026-01-16 19:00:00,KYIV-003-3,KYIV-003,Band 1 (2100MHz),-84.7,-10.0,9.3,72.2,43.1,90.4
2026-01-16 19:00:00,KYIV-004-1,KYIV-004,Band 3 (1800MHz),-86.8,-13.2,7.9,70.3,24.3,94.8
2026-01-16 19:00:00,KYIV-004-2,KYIV-004,Band 3 (1800MHz),-84.1,-10.7,18.1,68.2,46.8,99.9
2026-01-16 19:00:00,KYIV-004-3,KYIV-004,Band 3 (1800MHz),-93.9,-10.5,11.2,78.7,40.9,89.5
2026-01-16 19:00:00,KYIV-005-1,KYIV-005,Band 1 (2100MHz),-89.6,-11.8,8.4,69.6,26.8,101.7
2026-01-16 19:00:00,KYIV-005-2,KYIV-005,Band 1 (2100MHz),-87.0,-10.0,10.4,71.5,62.3,134.1
2026-01-16 19:00:00,KYIV-005-3,KYIV-005,Band 1 (2100MHz),-100.5,-14.7,2.4,100.0,45.3,125.1
2026-01-16 19:00:00,KYIV-006-1,KYIV-006,Band 3 (1800MHz),-85.9,-14.9,10.5,67.1,37.9,103.1
2026-01-16 19:00:00,KYIV-006-2,KYIV-006,Band 3 (1800MHz),-82.8,-13.4,6.2,66.9,38.5,83.9
2026-01-16 19:00:00,KYIV-006-3,KYIV-006,Band 3 (1800MHz),-81.4,-5.7,-0.8,65.2,40.8,138.3
2026-01-16 19:00:00,KYIV-007-1,KYIV-007,Band 1 (2100MHz),-93.1,-15.9,15.0,60.9,48.4,113.9
2026-01-16 19:00:00,KYIV-007-2,KYIV-007,Band 1 (2100MHz),-90.1,-10.1,8.3,59.2,33.4,107.8
2026-01-16 19:00:00,KYIV-007-3,KYIV-007,Band 1 (2100MHz),-77.7,-11.4,21.0,62.6,45.9,124.8
2026-01-16 19:00:00,KYIV-008-1,KYIV-008,Band 3 (1800MHz),-90.8,-10.7,14.4,53.2,36.7,108.8
2026-01-16 19:00:00,KYIV-008-2,KYIV-008,Band 3 (1800MHz),-84.8,-14.2,9.1,48.1,54.9,91.0
2026-01-16 19:00:00,KYIV-008-3,KYIV-008,Band 3 (1800MHz),-89.5,-9.3,22.5,42.8,40.1,156.3
2026-01-16 19:00:00,KYIV-009-1,KYIV-009,Band 1 (2100MHz),-81.0,-12.5,19.4,82.0,44.1,82.4
2026-01-16 19:00:00,KYIV-009-2,KYIV-009,Band 1 (2100MHz),-88.4,-9.4,9.3,60.6,49.7,127.1
2026-01-16 19:00:00,KYIV-009-3,KYIV-009,Band 1 (2100MHz),-81.1,-11.5,11.1,74.1,33.5,125.7
2026-01-16 19:00:00,KYIV-010-1,KYIV-010,Band 3 (1800MHz),-92.7,-15.6,14.0,64.4,50.5,114.9
2026-01-16 19:00:00,KYIV-010-2,KYIV-010,Band 3 (1800MHz),-87.7,-11.2,21.2,73.0,40.5,125.4
2026-01-16 19:00:00,KYIV-010-3,KYIV-010,Band 3 (1800MHz),-83.9,-10.5,9.4,52.4,32.7,173.8
2026-01-16 19:00:00,KYIV-011-1,KYIV-011,Band 1 (2100MHz),-86.5,-8.6,18.3,70.1,38.2,120.0
2026-01-16 19:00:00,KYIV-011-2,KYIV-011,Band 1 (2100MHz),-83.0,-11.5,10.3,60.2,29.2,138.0
2026-01-16 19:00:00,KYIV-011-3,KYIV-011,Band 1 (2100MHz),-85.2,-7.9,9.9,78.8,41.1,129.0
2026-01-16 19:00:00,KYIV-012-1,KYIV-012,Band 3 (1800MHz),-92.4,-14.8,13.5,72.6,43.7,120.6
2026-01-16 19:00:00,KYIV-012-2,KYIV-012,Band 3 (1800MHz),-87.3,-9.0,15.6,63.3,36.8,93.0
2026-01-16 19:00:00,KYIV-012-3,KYIV-012,Band 3 (1800MHz),-78.9,-11.2,13.5,62.9,37.8,136.2
2026-01-16 19:00:00,KYIV-013-1,KYIV-013,Band 1 (2100MHz),-84.5,-7.9,2.1,82.9,24.7,101.7
2026-01-16 19:00:00,KYIV-013-2,KYIV-013,Band 1 (2100MHz),-85.1,-11.8,4.9,56.0,40.5,123.9
2026-01-16 19:00:00,KYIV-013-3,KYIV-013,Band 1 (2100MHz),-95.2,-11.1,6.4,50.2,63.6,151.8
2026-01-16 19:00:00,KYIV-014-1,KYIV-014,Band 3 (1800MHz),-92.7,-12.6,12.2,71.1,25.7,107.2
2026-01-16 19:00:00,KYIV-014-2,KYIV-014,Band 3 (1800MHz),-100.5,-15.0,4.1,56.4,38.9,106.4
2026-01-16 19:00:00,KYIV-014-3,KYIV-014,Band 3 (1800MHz),-85.2,-12.1,13.1,72.8,48.7,123.6
2026-01-16 19:00:00,KYIV-015-1,KYIV-015,Band 1 (2100MHz),-84.4,-13.0,17.6,67.3,48.5,115.8
2026-01-16 19:00:00,KYIV-015-2,KYIV-015,Band 1 (2100MHz),-93.1,-9.3,13.6,83.7,44.6,140.5
2026-01-16 19:00:00,KYIV-015-3,KYIV-015,Band 1 (2100MHz),-95.1,-9.9,15.7,73.8,42.9,106.0
2026-01-16 19:00:00,KYIV-016-1,KYIV-016,Band 3 (1800MHz),-94.2,-7.8,18.4,63.8,40.7,121.1
2026-01-16 19:00:00,KYIV-016-2,KYIV-016,Band 3 (1800MHz),-87.8,-8.8,9.4,71.8,26.0,107.5
2026-01-16 19:00:00,KYIV-016-3,KYIV-016,Band 3 (1800MHz),-85.7,-10.0,8.0,61.8,41.0,76.7
2026-01-16 20:00:00,KYIV-001-1,KYIV-001,Band 1 (2100MHz),-83.2,-11.8,8.9,60.0,43.5,84.5
2026-01-16 20:00:00,KYIV-001-2,KYIV-001,Band 1 (2100MHz),-88.2,-11.7,7.4,55.9,41.3,106.2
2026-01-16 20:00:00,KYIV-001-3,KYIV-001,Band 1 (2100MHz),-86.2,-11.2,10.8,85.2,43.0,141.2
2026-01-16 20:00:00,KYIV-002-1,KYIV-002,Band 3 (1800MHz),-99.1,-16.0,8.5,76.6,26.2,73.9
2026-01-16 20:00:00,KYIV-002-2,KYIV-002,Band 3 (1800MHz),-99.8,-15.2,6.8,79.7,28.6,147.7
2026-01-16 20:00:00,KYIV-002-3,KYIV-002,Band 3 (1800MHz),-86.7,-12.4,15.0,55.5,38.2,110.3
2026-01-16 20:00:00,KYIV-003-1,KYIV-003,Band 1 (2100MHz),-83.0,-11.6,2.3,68.7,19.2,112.4
2026-01-16 20:00:00,KYIV-003-2,KYIV-003,Band 1 (2100MHz),-86.8,-10.7,2.7,66.7,27.7,98.2
2026-01-16 20:00:00,KYIV-003-3,KYIV-003,Band 1 (2100MHz),-80.9,-13.0,11.6,69.7,40.5,49.2
2026-01-16 20:00:00,KYIV-004-1,KYIV-004,Band 3 (1800MHz),-87.8,-10.3,15.5,62.1,31.9,84.4
2026-01-16 20:00:00,KYIV-004-2,KYIV-004,Band 3 (1800MHz),-85.0,-12.0,7.3,64.8,42.3,98.7
2026-01-16 20:00:00,KYIV-004-3,KYIV-004,Band 3 (1800MHz),-83.4,-10.1,19.5,63.8,35.2,64.1
2026-01-16 20:00:00,KYIV-005-1,KYIV-005,Band 1 (2100MHz),-86.0,-9.3,11.3,48.7,45.2,110.4
2026-01-16 20:00:00,KYIV-005-2,KYIV-005,Band 1 (2100MHz),-88.7,-13.4,11.9,48.2,35.4,104.0
2026-01-16 20:00:00,KYIV-005-3,KYIV-005,Band 1 (2100MHz),-103.8,-14.9,0.6,63.4,34.0,72.8
2026-01-16 20:00:00,KYIV-006-1,KYIV-006,Band 3 (1800MHz),-88.0,-12.0,8.2,73.7,43.2,104.3
2026-01-16 20:00:00,KYIV-006-2,KYIV-006,Band 3 (1800MHz),-86.7,-7.2,8.7,44.9,29.2,128.1
2026-01-16 20:00:00,KYIV-006-3,KYIV-006,Band 3 (1800MHz),-89.9,-13.2,16.3,70.5,34.6,102.0
2026-01-16 20:00:00,KYIV-007-1,KYIV-007,Band 1 (2100MHz),-78.9,-9.9,11.9,58.5,48.0,108.5
2026-01-16 20:00:00,KYIV-007-2,KYIV-007,Band 1 (2100MHz),-83.1,-9.3,23.0,54.6,18.4,125.6
2026-01-16 20:00:00,KYIV-007-3,KYIV-007,Band 1 (2100MHz),-84.3,-8.8,16.4,37.3,27.4,114.4
2026-01-16 20:00:00,KYIV-008-1,KYIV-008,Band 3 (1800MHz),-88.6,-13.2,13.2,74.2,32.9,82.0
2026-01-16 20:00:00,KYIV-008-2,KYIV-008,Band 3 (1800MHz),-92.8,-9.9,22.3,51.7,43.0,98.7
2026-01-16 20:00:00,KYIV-008-3,KYIV-008,Band 3 (1800MHz),-83.4,-11.5,15.4,73.2,34.7,99.8
2026-01-16 20:00:00,KYIV-009-1,KYIV-009,Band 1 (2100MHz),-84.7,-11.4,15.6,64.9,38.5,80.6
2026-01-16 20:00:00,KYIV-009-2,KYIV-009,Band 1 (2100MHz),-86.9,-9.1,18.6,48.6,35.8,83.4
2026-01-16 20:00:00,KYIV-009-3,KYIV-009,Band 1 (2100MHz),-86.2,-13.2,17.1,63.1,34.6,63.9
2026-01-16 20:00:00,KYIV-010-1,KYIV-010,Band 3 (1800MHz),-84.0,-9.7,17.2,73.7,44.9,81.6
2026-01-16 20:00:00,KYIV-010-2,KYIV-010,Band 3 (1800MHz),-86.4,-7.0,16.4,66.6,44.4,112.4
2026-01-16 20:00:00,KYIV-010-3,KYIV-010,Band 3 (1800MHz),-87.2,-12.4,11.7,57.9,37.3,90.1
2026-01-16 20:00:00,KYIV-011-1,KYIV-011,Band 1 (2100MHz),-89.5,-9.4,12.5,72.8,40.5,119.7
2026-01-16 20:00:00,KYIV-011-2,KYIV-011,Band 1 (2100MHz),-85.4,-11.2,16.8,57.4,38.4,87.9
2026-01-16 20:00:00,KYIV-011-3,KYIV-011,Band 1 (2100MHz),-86.3,-10.4,10.0,65.0,51.9,158.8
2026-01-16 20:00:00,KYIV-012-1,KYIV-012,Band 3 (1800MHz),-82.4,-9.8,10.3,45.3,24.9,130.7
2026-01-16 20:00:00,KYIV-012-2,KYIV-012,Band 3 (1800MHz),-93.5,-13.9,16.6,53.6,25.6,68.0
2026-01-16 20:00:00,KYIV-012-3,KYIV-012,Band 3 (1800MHz),-84.6,-10.7,15.3,70.2,43.5,122.1
2026-01-16 20:00:00,KYIV-013-1,KYIV-013,Band 1 (2100MHz),-88.8,-12.6,5.7,52.5,36.7,111.1
2026-01-16 20:00:00,KYIV-013-2,KYIV-013,Band 1 (2100MHz),-89.7,-11.8,5.3,76.7,31.0,104.7
2026-01-16 20:00:00,KYIV-013-3,KYIV-013,Band 1 (2100MHz),-91.6,-9.4,7.9,72.3,34.9,88.6
2026-01-16 20:00:00,KYIV-014-1,KYIV-014,Band 3 (1800MHz),-77.7,-10.1,9.8,59.3,45.1,120.4
2026-01-16 20:00:00,KYIV-014-2,KYIV-014,Band 3 (1800MHz),-96.5,-13.4,7.6,81.9,21.1,89.9
2026-01-16 20:00:00,KYIV-014-3,KYIV-014,Band 3 (1800MHz),-88.0,-11.6,17.0,57.7,41.4,86.2
2026-01-16 20:00:00,KYIV-015-1,KYIV-015,Band 1 (2100MHz),-91.2,-11.4,12.2,51.7,43.5,63.4
2026-01-16 20:00:00,KYIV-015-2,KYIV-015,Band 1 (2100MHz),-78.7,-12.2,11.6,56.8,39.1,114.6
2026-01-16 20:00:00,KYIV-015-3,KYIV-015,Band 1 (2100MHz),-92.1,-13.4,10.0,58.0,30.1,69.9
2026-01-16 20:00:00,KYIV-016-1,KYIV-016,Band 3 (1800MHz),-86.3,-9.8,24.9,66.8,40.1,123.6
2026-01-16 20:00:00,KYIV-016-2,KYIV-016,Band 3 (1800MHz),-89.7,-8.5,13.1,38.4,17.6,101.4
2026-01-16 20:00:00,KYIV-016-3,KYIV-016,Band 3 (1800MHz),-93.2,-8.8,22.5,57.8,34.7,109.5
2026-01-16 21:00:00,KYIV-001-1,KYIV-001,Band 1 (2100MHz),-85.7,-9.5,10.4,0.0,14.5,54.5
2026-01-16 21:00:00,KYIV-001-2,KYIV-001,Band 1 (2100MHz),-86.9,-10.8,17.5,9.9,3.9,21.9
2026-01-16 21:00:00,KYIV-001-3,KYIV-001,Band 1 (2100MHz),-84.1,-7.9,6.7,24.9,1.5,32.7
2026-01-16 21:00:00,KYIV-002-1,KYIV-002,Band 3 (1800MHz),-99.6,-12.5,3.4,24.6,10.6,37.0
2026-01-16 21:00:00,KYIV-002-2,KYIV-002,Band 3 (1800MHz),-101.4,-12.8,2.2,32.5,0.0,17.5
2026-01-16 21:00:00,KYIV-002-3,KYIV-002,Band 3 (1800MHz),-88.0,-9.5,4.9,6.4,11.4,40.6
2026-01-16 21:00:00,KYIV-003-1,KYIV-003,Band 1 (2100MHz),-87.1,-7.8,15.2,7.0,0.0,0.0
2026-01-16 21:00:00,KYIV-003-2,KYIV-003,Band 1 (2100MHz),-85.0,-9.8,5.6,20.0,10.3,35.7
2026-01-16 21:00:00,KYIV-003-3,KYIV-003,Band 1 (2100MHz),-88.5,-7.9,9.5,23.4,5.2,53.2
2026-01-16 21:00:00,KYIV-004-1,KYIV-004,Band 3 (1800MHz),-89.1,-5.2,20.3,25.5,0.0,78.5
2026-01-16 21:00:00,KYIV-004-2,KYIV-004,Band 3 (1800MHz),-88.9,-6.3,22.8,5.6,0.0,16.7
2026-01-16 21:00:00,KYIV-004-3,KYIV-004,Band 3 (1800MHz),-75.9,-8.9,9.2,3.8,0.0,8.5
2026-01-16 21:00:00,KYIV-005-1,KYIV-005,Band 1 (2100MHz),-84.4,-12.9,14.0,12.0,11.4,0.0
2026-01-16 21:00:00,KYIV-005-2,KYIV-005,Band 1 (2100MHz),-88.5,-8.8,14.8,22.3,4.2,31.1
2026-01-16 21:00:00,KYIV-005-3,KYIV-005,Band 1 (2100MHz),-98.1,-13.4,1.7,4.5,14.8,29.7
2026-01-16 21:00:00,KYIV-006-1,KYIV-006,Band 3 (1800MHz),-94.0,-8.9,14.4,14.5,6.6,20.1
2026-01-16 21:00:00,KYIV-006-2,KYIV-006,Band 3 (1800MHz),-86.5,-9.5,13.7,0.0,5.9,20.3
2026-01-16 21:00:00,KYIV-006-3,KYIV-006,Band 3 (1800MHz),-86.8,-7.1,7.5,40.6,4.8,19.6
2026-01-16 21:00:00,KYIV-007-1,KYIV-007,Band 1 (2100MHz),-87.6,-8.8,22.3,25.4,7.1,0.2
2026-01-16 21:00:00,KYIV-007-2,KYIV-007,Band 1 (2100MHz),-87.9,-10.6,4.4,49.0,13.7,48.9
2026-01-16 21:00:00,KYIV-007-3,KYIV-007,Band 1 (2100MHz),-95.1,-6.9,9.3,20.1,6.2,26.0
2026-01-16 21:00:00,KYIV-008-1,KYIV-008,Band 3 (1800MHz),-83.7,-7.9,14.7,0.0,0.0,29.3
2026-01-16 21:00:00,KYIV-008-2,KYIV-008,Band 3 (1800MHz),-91.7,-7.6,18.2,0.0,0.0,47.1
2026-01-16 21:00:00,KYIV-008-3,KYIV-008,Band 3 (1800MHz),-88.4,-7.8,15.0,15.8,0.0,0.0
2026-01-16 21:00:00,KYIV-009-1,KYIV-009,Band 1 (2100MHz),-90.4,-9.0,15.8,10.2,6.3,29.6
2026-01-16 21:00:00,KYIV-009-2,KYIV-009,Band 1 (2100MHz),-85.3,-5.4,10.8,8.0,0.0,21.5
2026-01-16 21:00:00,KYIV-009-3,KYIV-009,Band 1 (2100MHz),-78.5,-7.6,16.3,9.3,4.8,35.6
2026-01-16 21:00:00,KYIV-010-1,KYIV-010,Band 3 (1800MHz),-88.7,-7.2,13.4,8.1,3.7,0.0
2026-01-16 21:00:00,KYIV-010-2,KYIV-010,Band 3 (1800MHz),-90.0,-10.8,11.2,0.0,4.8,33.6
2026-01-16 21:00:00,KYIV-010-3,KYIV-010,Band 3 (1800MHz),-78.5,-5.2,24.7,0.0,20.6,12.5
2026-01-16 21:00:00,KYIV-011-1,KYIV-011,Band 1 (2100MHz),-77.9,-7.9,15.1,15.3,6.9,12.1
2026-01-16 21:00:00,KYIV-011-2,KYIV-011,Band 1 (2100MHz),-79.4,-8.6,9.1,22.0,17.1,15.3
2026-01-16 21:00:00,KYIV-011-3,KYIV-011,Band 1 (2100MHz),-88.7,-7.9,10.1,15.3,0.0,9.7
2026-01-16 21:00:00,KYIV-012-1,KYIV-012,Band 3 (1800MHz),-82.2,-5.2,19.8,12.5,0.6,7.8
2026-01-16 21:00:00,KYIV-012-2,KYIV-012,Band 3 (1800MHz),-77.6,-10.1,5.9,17.3,22.6,0.0
2026-01-16 21:00:00,KYIV-012-3,KYIV-012,Band 3 (1800MHz),-87.4,-5.7,14.0,0.0,11.4,17.3
2026-01-16 21:00:00,KYIV-013-1,KYIV-013,Band 1 (2100MHz),-88.7,-7.7,5.5,0.0,22.6,3.1
2026-01-16 21:00:00,KYIV-013-2,KYIV-013,Band 1 (2100MHz),-89.7,-4.4,11.8,0.0,6.8,23.3
2026-01-16 21:00:00,KYIV-013-3,KYIV-013,Band 1 (2100MHz),-87.8,-8.3,21.9,7.0,11.6,17.0
2026-01-16 21:00:00,KYIV-014-1,KYIV-014,Band 3 (1800MHz),-86.2,-7.4,14.0,17.5,14.2,0.0
2026-01-16 21:00:00,KYIV-014-2,KYIV-014,Band 3 (1800MHz),-101.6,-14.8,15.0,31.4,14.5,0.9
2026-01-16 21:00:00,KYIV-014-3,KYIV-014,Band 3 (1800MHz),-86.1,-8.1,17.7,0.0,15.7,9.1
2026-01-16 21:00:00,KYIV-015-1,KYIV-015,Band 1 (2100MHz),-82.7,-7.0,10.8,2.3,6.6,31.6
2026-01-16 21:00:00,KYIV-015-2,KYIV-015,Band 1 (2100MHz),-83.2,-10.5,10.3,26.7,0.0,40.1
2026-01-16 21:00:00,KYIV-015-3,KYIV-015,Band 1 (2100MHz),-92.3,-6.2,10.3,4.5,14.4,16.4
2026-01-16 21:00:00,KYIV-016-1,KYIV-016,Band 3 (1800MHz),-92.1,-9.0,14.1,25.2,2.2,0.0
2026-01-16 21:00:00,KYIV-016-2,KYIV-016,Band 3 (1800MHz),-81.3,-5.6,17.9,20.8,12.5,9.0
2026-01-16 21:00:00,KYIV-016-3,KYIV-016,Band 3 (1800MHz),-86.9,-9.8,15.0,27.3,0.0,0.0
2026-01-16 22:00:00,KYIV-001-1,KYIV-001,Band 1 (2100MHz),-81.7,-10.2,12.6,1.4,11.6,7.0
2026-01-16 22:00:00,KYIV-001-2,KYIV-001,Band 1 (2100MHz),-91.5,-8.3,5.2,8.5,0.0,0.0
2026-01-16 22:00:00,KYIV-001-3,KYIV-001,Band 1 (2100MHz),-90.9,-8.2,25.8,0.0,2.5,31.1
2026-01-16 22:00:00,KYIV-002-1,KYIV-002,Band 3 (1800MHz),-100.6,-11.1,5.8,24.9,7.3,1.2
2026-01-16 22:00:00,KYIV-002-2,KYIV-002,Band 3 (1800MHz),-100.7,-13.9,5.4,28.5,4.0,31.8
2026-01-16 22:00:00,KYIV-002-3,KYIV-002,Band 3 (1800MHz),-86.5,-6.2,5.6,11.5,5.1,32.5
2026-01-16 22:00:00,KYIV-003-1,KYIV-003,Band 1 (2100MHz),-86.2,-10.7,14.1,33.3,21.1,0.0
2026-01-16 22:00:00,KYIV-003-2,KYIV-003,Band 1 (2100MHz),-87.2,-8.2,6.0,6.1,11.6,31.2
2026-01-16 22:00:00,KYIV-003-3,KYIV-003,Band 1 (2100MHz),-97.9,-10.8,15.2,0.0,0.3,0.0
2026-01-16 22:00:00,KYIV-004-1,KYIV-004,Band 3 (1800MHz),-89.0,-7.3,17.6,1.9,9.5,0.0
2026-01-16 22:00:00,KYIV-004-2,KYIV-004,Band 3 (1800MHz),-83.7,-7.9,8.8,18.0,0.0,9.4
2026-01-16 22:00:00,KYIV-004-3,KYIV-004,Band 3 (1800MHz),-90.0,-5.4,17.8,1.9,15.2,4.3
2026-01-16 22:00:00,KYIV-005-1,KYIV-005,Band 1 (2100MHz),-79.3,-12.3,12.3,0.0,0.3,68.6
2026-01-16 22:00:00,KYIV-005-2,KYIV-005,Band 1 (2100MHz),-84.3,-9.0,9.1,0.0,9.3,11.9
2026-01-16 22:00:00,KYIV-005-3,KYIV-005,Band 1 (2100MHz),-102.1,-13.6,3.5,0.0,8.6,0.0
2026-01-16 22:00:00,KYIV-006-1,KYIV-006,Band 3 (1800MHz),-83.8,-8.5,11.2,0.0,13.7,25.3
2026-01-16 22:00:00,KYIV-006-2,KYIV-006,Band 3 (1800MHz),-85.3,-4.0,18.0,3.4,20.9,0.0
2026-01-16 22:00:00,KYIV-006-3,KYIV-006,Band 3 (1800MHz),-89.9,-9.0,12.3,15.6,10.0,37.0
2026-01-16 22:00:00,KYIV-007-1,KYIV-007,Band 1 (2100MHz),-84.7,-3.0,11.4,0.0,2.1,0.0
2026-01-16 22:00:00,KYIV-007-2,KYIV-007,Band 1 (2100MHz),-82.8,-11.1,14.6,13.1,7.2,21.3
2026-01-16 22:00:00,KYIV-007-3,KYIV-007,Band 1 (2100MHz),-84.9,-5.9,11.6,19.3,0.0,8.0
2026-01-16 22:00:00,KYIV-008-1,KYIV-008,Band 3 (1800MHz),-84.1,-8.9,20.7,35.3,5.0,19.4
2026-01-16 22:00:00,KYIV-008-2,KYIV-008,Band 3 (1800MHz),-91.8,-8.6,14.7,6.8,8.4,26.2
2026-01-16 22:00:00,KYIV-008-3,KYIV-008,Band 3 (1800MHz),-88.6,-6.7,8.1,3.5,9.7,33.1
2026-01-16 22:00:00,KYIV-009-1,KYIV-009,Band 1 (2100MHz),-84.5,-9.0,8.5,3.5,11.4,0.0
2026-01-16 22:00:00,KYIV-009-2,KYIV-009,Band 1 (2100MHz),-82.0,-5.6,10.1,0.0,0.0,7.2
2026-01-16 22:00:00,KYIV-009-3,KYIV-009,Band 1 (2100MHz),-81.9,-8.9,8.7,0.0,7.6,15.9
2026-01-16 22:00:00,KYIV-010-1,KYIV-010,Band 3 (1800MHz),-83.4,-8.4,17.3,12.6,7.7,44.8
2026-01-16 22:00:00,KYIV-010-2,KYIV-010,Band 3 (1800MHz),-89.2,-7.1,7.0,27.0,3.8,24.9
2026-01-16 22:00:00,KYIV-010-3,KYIV-010,Band 3 (1800MHz),-85.5,-11.4,11.8,8.1,0.0,21.0
2026-01-16 22:00:00,KYIV-011-1,KYIV-011,Band 1 (2100MHz),-94.0,-7.1,13.4,0.0,5.7,0.0
2026-01-16 22:00:00,KYIV-011-2,KYIV-011,Band 1 (2100MHz),-88.6,-8.3,18.0,5.9,12.7,13.1
2026-01-16 22:00:00,KYIV-011-3,KYIV-011,Band 1 (2100MHz),-90.6,-9.3,15.8,14.8,12.1,0.0
2026-01-16 22:00:00,KYIV-012-1,KYIV-012,Band 3 (1800MHz),-87.1,-5.1,8.9,3.8,21.0,40.1
2026-01-16 22:00:00,KYIV-012-2,KYIV-012,Band 3 (1800MHz),-90.4,-9.4,12.8,28.1,8.6,0.0
2026-01-16 22:00:00,KYIV-012-3,KYIV-012,Band 3 (1800MHz),-78.6,-12.0,9.1,28.2,7.2,68.0
2026-01-16 22:00:00,KYIV-013-1,KYIV-013,Band 1 (2100MHz),-94.7,-6.8,10.6,7.8,0.0,0.0
2026-01-16 22:00:00,KYIV-013-2,KYIV-013,Band 1 (2100MHz),-89.7,-5.0,8.6,0.0,9.5,22.3
2026-01-16 22:00:00,KYIV-013-3,KYIV-013,Band 1 (2100MHz),-84.7,-6.4,13.4,2.4,0.7,49.1
2026-01-16 22:00:00,KYIV-014-1,KYIV-014,Band 3 (1800MHz),-89.8,-9.3,19.6,2.0,12.1,10.9
2026-01-16 22:00:00,KYIV-014-2,KYIV-014,Band 3 (1800MHz),-100.3,-14.0,17.2,0.0,17.9,0.0
2026-01-16 22:00:00,KYIV-014-3,KYIV-014,Band 3 (1800MHz),-82.6,-10.4,14.7,4.8,8.4,0.0
2026-01-16 22:00:00,KYIV-015-1,KYIV-015,Band 1 (2100MHz),-86.0,-8.6,7.9,32.1,0.0,28.0
2026-01-16 22:00:00,KYIV-015-2,KYIV-015,Band 1 (2100MHz),-90.0,-7.1,3.4,38.8,9.5,0.0
2026-01-16 22:00:00,KYIV-015-3,KYIV-015,Band 1 (2100MHz),-87.2,-13.5,8.0,7.5,16.0,8.6
2026-01-16 22:00:00,KYIV-016-1,KYIV-016,Band 3 (1800MHz),-94.2,-10.2,20.3,5.4,21.0,8.7
2026-01-16 22:00:00,KYIV-016-2,KYIV-016,Band 3 (1800MHz),-90.2,-8.1,18.0,10.0,3.8,0.0
2026-01-16 22:00:00,KYIV-016-3,KYIV-016,Band 3 (1800MHz),-92.6,-8.0,7.5,30.1,14.5,0.0
2026-01-16 23:00:00,KYIV-001-1,KYIV-001,Band 1 (2100MHz),-89.1,-5.8,17.5,0.1,19.8,19.1
2026-01-16 23:00:00,KYIV-001-2,KYIV-001,Band 1 (2100MHz),-90.0,-7.7,12.4,34.5,3.3,16.1
2026-01-16 23:00:00,KYIV-001-3,KYIV-001,Band 1 (2100MHz),-89.8,-6.9,14.9,47.6,13.5,26.4
2026-01-16 23:00:00,KYIV-002-1,KYIV-002,Band 3 (1800MHz),-99.7,-9.6,19.7,0.0,0.0,38.8
2026-01-16 23:00:00,KYIV-002-2,KYIV-002,Band 3 (1800MHz),-104.8,-13.7,8.9,18.4,0.0,28.8
2026-01-16 23:00:00,KYIV-002-3,KYIV-002,Band 3 (1800MHz),-94.1,-5.8,18.8,6.0,13.1,11.4
2026-01-16 23:00:00,KYIV-003-1,KYIV-003,Band 1 (2100MHz),-83.1,-6.6,13.5,0.7,12.5,49.2
2026-01-16 23:00:00,KYIV-003-2,KYIV-003,Band 1 (2100MHz),-87.2,-7.7,13.2,1.0,0.0,0.0
2026-01-16 23:00:00,KYIV-003-3,KYIV-003,Band 1 (2100MHz),-85.6,-5.4,11.8,26.8,2.3,0.0
2026-01-16 23:00:00,KYIV-004-1,KYIV-004,Band 3 (1800MHz),-83.5,-12.0,15.5,14.1,0.7,32.4
2026-01-16 23:00:00,KYIV-004-2,KYIV-004,Band 3 (1800MHz),-89.0,-5.0,14.1,9.8,2.2,2.3
2026-01-16 23:00:00,KYIV-004-3,KYIV-004,Band 3 (1800MHz),-87.0,-8.0,2.7,9.2,4.5,0.0
2026-01-16 23:00:00,KYIV-005-1,KYIV-005,Band 1 (2100MHz),-90.2,-6.8,14.1,8.9,0.0,15.2
2026-01-16 23:00:00,KYIV-005-2,KYIV-005,Band 1 (2100MHz),-91.0,-9.7,11.8,18.5,0.0,4.2
2026-01-16 23:00:00,KYIV-005-3,KYIV-005,Band 1 (2100MHz),-107.3,-13.4,0.7,4.3,0.0,0.0
2026-01-16 23:00:00,KYIV-006-1,KYIV-006,Band 3 (1800MHz),-84.0,-5.0,11.3,9.0,0.0,25.2
2026-01-16 23:00:00,KYIV-006-2,KYIV-006,Band 3 (1800MHz),-88.7,-6.1,18.3,2.4,5.4,0.0
2026-01-16 23:00:00,KYIV-006-3,KYIV-006,Band 3 (1800MHz),-84.0,-5.4,12.7,32.0,6.1,0.0
2026-01-16 23:00:00,KYIV-007-1,KYIV-007,Band 1 (2100MHz),-85.1,-5.9,7.1,30.0,14.6,0.0
2026-01-16 23:00:00,KYIV-007-2,KYIV-007,Band 1 (2100MHz),-93.9,-7.3,4.8,3.4,16.2,0.0
2026-01-16 23:00:00,KYIV-007-3,KYIV-007,Band 1 (2100MHz),-88.9,-6.8,14.9,11.2,11.8,18.6
2026-01-16 23:00:00,KYIV-008-1,KYIV-008,Band 3 (1800MHz),-85.6,-5.5,11.0,0.0,7.9,2.0
2026-01-16 23:00:00,KYIV-008-2,KYIV-008,Band 3 (1800MHz),-87.1,-8.5,6.6,24.7,11.6,7.0
2026-01-16 23:00:00,KYIV-008-3,KYIV-008,Band 3 (1800MHz),-92.2,-8.7,18.6,14.3,4.7,33.3
2026-01-16 23:00:00,KYIV-009-1,KYIV-009,Band 1 (2100MHz),-94.6,-8.9,10.0,0.0,0.0,0.0
2026-01-16 23:00:00,KYIV-009-2,KYIV-009,Band 1 (2100MHz),-90.8,-8.2,15.8,7.1,5.5,33.2
2026-01-16 23:00:00,KYIV-009-3,KYIV-009,Band 1 (2100MHz),-85.2,-7.4,13.9,17.7,26.4,15.9
2026-01-16 23:00:00,KYIV-010-1,KYIV-010,Band 3 (1800MHz),-83.3,-5.1,7.0,25.7,0.0,53.1
2026-01-16 23:00:00,KYIV-010-2,KYIV-010,Band 3 (1800MHz),-94.2,-7.3,11.7,0.0,5.2,14.2
2026-01-16 23:00:00,KYIV-010-3,KYIV-010,Band 3 (1800MHz),-93.0,-7.6,10.5,16.0,5.3,40.2
2026-01-16 23:00:00,KYIV-011-1,KYIV-011,Band 1 (2100MHz),-88.7,-5.1,18.6,0.0,15.0,28.2
2026-01-16 23:00:00,KYIV-011-2,KYIV-011,Band 1 (2100MHz),-82.6,-9.2,11.4,14.5,0.0,2.5
2026-01-16 23:00:00,KYIV-011-3,KYIV-011,Band 1 (2100MHz),-86.0,-9.6,14.5,21.7,0.0,56.4
2026-01-16 23:00:00,KYIV-012-1,KYIV-012,Band 3 (1800MHz),-84.5,-6.5,15.1,0.0,12.5,0.8
2026-01-16 23:00:00,KYIV-012-2,KYIV-012,Band 3 (1800MHz),-90.4,-9.6,19.7,0.0,0.0,14.0
2026-01-16 23:00:00,KYIV-012-3,KYIV-012,Band 3 (1800MHz),-87.3,-9.3,16.0,19.1,10.3,30.8
2026-01-16 23:00:00,KYIV-013-1,KYIV-013,Band 1 (2100MHz),-91.3,-7.5,16.2,21.7,7.7,21.8
2026-01-16 23:00:00,KYIV-013-2,KYIV-013,Band 1 (2100MHz),-81.2,-7.5,14.2,4.8,10.6,11.3
2026-01-16 23:00:00,KYIV-013-3,KYIV-013,Band 1 (2100MHz),-83.3,-8.8,5.9,17.7,2.6,50.1
2026-01-16 23:00:00,KYIV-014-1,KYIV-014,Band 3 (1800MHz),-91.9,-8.2,22.1,0.0,0.0,0.0
2026-01-16 23:00:00,KYIV-014-2,KYIV-014,Band 3 (1800MHz),-99.8,-12.3,12.0,12.3,5.2,10.9
2026-01-16 23:00:00,KYIV-014-3,KYIV-014,Band 3 (1800MHz),-89.3,-10.8,7.8,0.0,6.4,30.4
2026-01-16 23:00:00,KYIV-015-1,KYIV-015,Band 1 (2100MHz),-87.3,-5.7,9.8,6.4,0.0,0.0
2026-01-16 23:00:00,KYIV-015-2,KYIV-015,Band 1 (2100MHz),-76.8,-7.1,16.5,0.0,12.4,48.8
2026-01-16 23:00:00,KYIV-015-3,KYIV-015,Band 1 (2100MHz),-85.5,-8.8,16.6,0.0,0.0,30.5
2026-01-16 23:00:00,KYIV-016-1,KYIV-016,Band 3 (1800MHz),-91.6,-9.5,13.3,17.5,6.4,0.0
2026-01-16 23:00:00,KYIV-016-2,KYIV-016,Band 3 (1800MHz),-88.2,-6.9,3.7,2.6,6.5,21.9
2026-01-16 23:00:00,KYIV-016-3,KYIV-016,Band 3 (1800MHz),-87.3,-3.6,23.3,0.0,0.0,0.0
2026-01-17 00:00:00,KYIV-001-1,KYIV-001,Band 1 (2100MHz),-81.3,-8.1,15.7,0.0,0.0,25.3
2026-01-17 00:00:00,KYIV-001-2,KYIV-001,Band 1 (2100MHz),-89.4,-7.1,22.8,0.0,9.9,0.0
2026-01-17 00:00:00,KYIV-001-3,KYIV-001,Band 1 (2100MHz),-79.6,-7.0,14.6,11.9,11.2,0.0
2026-01-17 00:00:00,KYIV-002-1,KYIV-002,Band 3 (1800MHz),-93.8,-11.7,6.6,24.8,12.0,0.0
2026-01-17 00:00:00,KYIV-002-2,KYIV-002,Band 3 (1800MHz),-100.3,-11.8,7.5,4.3,6.7,0.0
2026-01-17 00:00:00,KYIV-002-3,KYIV-002,Band 3 (1800MHz),-88.0,-8.6,16.7,22.1,15.8,0.0
2026-01-17 00:00:00,KYIV-003-1,KYIV-003,Band 1 (2100MHz),-82.8,-11.1,18.0,0.0,13.9,0.0
2026-01-17 00:00:00,KYIV-003-2,KYIV-003,Band 1 (2100MHz),-87.9,-9.1,12.7,31.4,10.7,18.3
2026-01-17 00:00:00,KYIV-003-3,KYIV-003,Band 1 (2100MHz),-88.4,-9.3,14.5,0.6,2.7,33.0
2026-01-17 00:00:00,KYIV-004-1,KYIV-004,Band 3 (1800MHz),-81.8,-11.7,15.1,14.3,11.0,34.1
2026-01-17 00:00:00,KYIV-004-2,KYIV-004,Band 3 (1800MHz),-82.4,-12.3,27.3,15.3,0.0,0.0
2026-01-17 00:00:00,KYIV-004-3,KYIV-004,Band 3 (1800MHz),-86.2,-3.3,15.1,11.6,9.6,38.5
2026-01-17 00:00:00,KYIV-005-1,KYIV-005,Band 1 (2100MHz),-91.3,-9.9,3.7,35.0,19.2,28.0
2026-01-17 00:00:00,KYIV-005-2,KYIV-005,Band 1 (2100MHz),-84.5,-7.7,13.7,27.7,0.0,0.0
2026-01-17 00:00:00,KYIV-005-3,KYIV-005,Band 1 (2100MHz),-95.4,-11.4,6.6,1.9,13.9,15.0
2026-01-17 00:00:00,KYIV-006-1,KYIV-006,Band 3 (1800MHz),-87.2,-4.0,16.1,6.6,0.0,0.0
2026-01-17 00:00:00,KYIV-006-2,KYIV-006,Band 3 (1800MHz),-93.9,-3.7,5.1,0.0,8.7,17.1
2026-01-17 00:00:00,KYIV-006-3,KYIV-006,Band 3 (1800MHz),-86.4,-10.8,3.6,5.3,8.7,0.0
2026-01-17 00:00:00,KYIV-007-1,KYIV-007,Band 1 (2100MHz),-84.7,-8.0,22.0,8.3,8.0,46.8
2026-01-17 00:00:00,KYIV-007-2,KYIV-007,Band 1 (2100MHz),-92.8,-10.9,17.7,6.5,17.6,0.0
2026-01-17 00:00:00,KYIV-007-3,KYIV-007,Band 1 (2100MHz),-93.1,-9.3,11.0,7.8,19.0,0.0
2026-01-17 00:00:00,KYIV-008-1,KYIV-008,Band 3 (1800MHz),-79.2,-8.4,4.0,21.6,0.0,28.9
2026-01-17 00:00:00,KYIV-008-2,KYIV-008,Band 3 (1800MHz),-81.9,-5.8,21.1,0.0,0.0,13.8
2026-01-17 00:00:00,KYIV-008-3,KYIV-008,Band 3 (1800MHz),-93.6,-7.3,16.5,7.8,5.9,0.0
2026-01-17 00:00:00,KYIV-009-1,KYIV-009,Band 1 (2100MHz),-85.4,-4.6,17.5,17.4,11.8,18.6
2026-01-17 00:00:00,KYIV-009-2,KYIV-009,Band 1 (2100MHz),-84.7,-6.5,12.6,0.0,1.6,17.1
2026-01-17 00:00:00,KYIV-009-3,KYIV-009,Band 1 (2100MHz),-83.8,-8.2,22.2,1.6,1.2,2.3
2026-01-17 00:00:00,KYIV-010-1,KYIV-010,Band 3 (1800MHz),-86.1,-9.1,16.4,22.1,14.5,50.5
2026-01-17 00:00:00,KYIV-010-2,KYIV-010,Band 3 (1800MHz),-88.5,-8.2,13.7,16.8,0.0,18.4
2026-01-17 00:00:00,KYIV-010-3,KYIV-010,Band 3 (1800MHz),-84.2,-11.0,15.8,17.0,5.2,0.0
2026-01-17 00:00:00,KYIV-011-1,KYIV-011,Band 1 (2100MHz),-89.9,-8.9,21.5,0.8,0.0,0.0
2026-01-17 00:00:00,KYIV-011-2,KYIV-011,Band 1 (2100MHz),-85.8,-4.5,24.4,23.2,0.0,8.0
2026-01-17 00:00:00,KYIV-011-3,KYIV-011,Band 1 (2100MHz),-88.1,-5.9,12.7,13.3,0.0,17.9
2026-01-17 00:00:00,KYIV-012-1,KYIV-012,Band 3 (1800MHz),-84.0,-5.6,10.1,11.4,0.0,17.6
2026-01-17 00:00:00,KYIV-012-2,KYIV-012,Band 3 (1800MHz),-89.2,-7.1,20.8,21.9,0.0,0.0
2026-01-17 00:00:00,KYIV-012-3,KYIV-012,Band 3 (1800MHz),-94.6,-8.3,10.9,3.1,15.5,0.0
2026-01-17 00:00:00,KYIV-013-1,KYIV-013,Band 1 (2100MHz),-88.9,-6.2,16.6,0.0,6.3,18.5
2026-01-17 00:00:00,KYIV-013-2,KYIV-013,Band 1 (2100MHz),-82.7,-9.6,12.9,21.1,11.8,0.0
2026-01-17 00:00:00,KYIV-013-3,KYIV-013,Band 1 (2100MHz),-85.5,-5.5,10.6,22.7,0.0,42.3
2026-01-17 00:00:00,KYIV-014-1,KYIV-014,Band 3 (1800MHz),-91.5,-8.3,17.6,17.3,8.4,11.4
2026-01-17 00:00:00,KYIV-014-2,KYIV-014,Band 3 (1800MHz),-103.5,-9.8,1.1,0.0,0.0,43.0
2026-01-17 00:00:00,KYIV-014-3,KYIV-014,Band 3 (1800MHz),-82.9,-3.6,9.1,9.5,14.8,62.1
2026-01-17 00:00:00,KYIV-015-1,KYIV-015,Band 1 (2100MHz),-84.7,-6.3,15.4,8.3,4.5,21.4
2026-01-17 00:00:00,KYIV-015-2,KYIV-015,Band 1 (2100MHz),-87.8,-5.3,4.4,6.9,19.6,15.4
2026-01-17 00:00:00,KYIV-015-3,KYIV-015,Band 1 (2100MHz),-85.8,-7.7,14.7,23.1,9.6,70.1
2026-01-17 00:00:00,KYIV-016-1,KYIV-016,Band 3 (1800MHz),-84.6,-13.7,16.1,22.1,15.8,46.7
2026-01-17 00:00:00,KYIV-016-2,KYIV-016,Band 3 (1800MHz),-88.7,-7.0,14.3,0.0,0.0,0.0
2026-01-17 00:00:00,KYIV-016-3,KYIV-016,Band 3 (1800MHz),-84.2,-8.6,14.0,0.0,1.9,5.9
2026-01-17 01:00:00,KYIV-001-1,KYIV-001,Band 1 (2100MHz),-83.6,-10.6,24.5,3.2,0.1,0.0
2026-01-17 01:00:00,KYIV-001-2,KYIV-001,Band 1 (2100MHz),-82.6,-10.3,7.7,0.0,13.4,0.0
2026-01-17 01:00:00,KYIV-001-3,KYIV-001,Band 1 (2100MHz),-91.9,-10.9,15.5,0.0,3.8,12.9
2026-01-17 01:00:00,KYIV-002-1,KYIV-002,Band 3 (1800MHz),-98.4,-14.2,2.9,12.1,15.5,0.0
2026-01-17 01:00:00,KYIV-002-2,KYIV-002,Band 3 (1800MHz),-99.5,-11.5,8.9,1.3,3.2,3.0
2026-01-17 01:00:00,KYIV-002-3,KYIV-002,Band 3 (1800MHz),-92.1,-8.9,9.4,0.0,20.0,37.0
2026-01-17 01:00:00,KYIV-003-1,KYIV-003,Band 1 (2100MHz),-92.8,-6.9,12.2,0.8,6.2,9.0
2026-01-17 01:00:00,KYIV-003-2,KYIV-003,Band 1 (2100MHz),-83.9,-6.8,11.6,18.8,8.5,26.8
2026-01-17 01:00:00,KYIV-003-3,KYIV-003,Band 1 (2100MHz),-87.2,-9.3,10.5,8.7,0.0,56.3
2026-01-17 01:00:00,KYIV-004-1,KYIV-004,Band 3 (1800MHz),-87.7,-7.2,4.6,18.0,0.0,41.0
2026-01-17 01:00:00,KYIV-004-2,KYIV-004,Band 3 (1800MHz),-88.7,-8.9,19.7,12.2,5.5,0.0
2026-01-17 01:00:00,KYIV-004-3,KYIV-004,Band 3 (1800MHz),-94.3,-9.0,8.0,28.2,4.0,10.8
2026-01-17 01:00:00,KYIV-005-1,KYIV-005,Band 1 (2100MHz),-86.2,-8.4,13.6,22.5,15.2,1.3
2026-01-17 01:00:00,KYIV-005-2,KYIV-005,Band 1 (2100MHz),-80.5,-9.0,10.5,22.1,8.2,0.0
2026-01-17 01:00:00,KYIV-005-3,KYIV-005,Band 1 (2100MHz),-93.0,-14.2,13.7,38.9,5.4,33.8
2026-01-17 01:00:00,KYIV-006-1,KYIV-006,Band 3 (1800MHz),-80.0,-8.7,14.4,21.5,7.8,20.2
2026-01-17 01:00:00,KYIV-006-2,KYIV-006,Band 3 (1800MHz),-83.6,-7.9,9.3,26.3,0.0,19.8
2026-01-17 01:00:00,KYIV-006-3,KYIV-006,Band 3 (1800MHz),-87.5,-6.0,19.1,14.3,0.0,7.0
2026-01-17 01:00:00,KYIV-007-1,KYIV-007,Band 1 (2100MHz),-91.4,-10.8,20.2,0.0,11.2,32.9
2026-01-17 01:00:00,KYIV-007-2,KYIV-007,Band 1 (2100MHz),-84.9,-4.6,19.2,4.9,7.2,20.6
2026-01-17 01:00:00,KYIV-007-3,KYIV-007,Band 1 (2100MHz),-85.7,-5.5,21.1,13.0,6.0,32.2
2026-01-17 01:00:00,KYIV-008-1,KYIV-008,Band 3 (1800MHz),-89.2,-6.6,18.6,13.8,11.5,12.3
2026-01-17 01:00:00,KYIV-008-2,KYIV-008,Band 3 (1800MHz),-89.4,-9.7,6.3,24.1,0.0,1.6
2026-01-17 01:00:00,KYIV-008-3,KYIV-008,Band 3 (1800MHz),-87.7,-5.3,10.5,0.0,0.0,15.3
2026-01-17 01:00:00,KYIV-009-1,KYIV-009,Band 1 (2100MHz),-84.4,-10.8,14.6,0.1,6.5,0.0
2026-01-17 01:00:00,KYIV-009-2,KYIV-009,Band 1 (2100MHz),-82.0,-8.4,15.5,0.0,0.0,23.8
2026-01-17 01:00:00,KYIV-009-3,KYIV-009,Band 1 (2100MHz),-81.6,-7.5,14.6,6.8,6.6,18.4
2026-01-17 01:00:00,KYIV-010-1,KYIV-010,Band 3 (1800MHz),-90.8,-8.6,11.5,14.9,19.0,58.6
2026-01-17 01:00:00,KYIV-010-2,KYIV-010,Band 3 (1800MHz),-84.8,-10.2,20.1,6.4,39.9,0.0
2026-01-17 01:00:00,KYIV-010-3,KYIV-010,Band 3 (1800MHz),-88.7,-10.6,16.7,26.8,4.5,0.0
2026-01-17 01:00:00,KYIV-011-1,KYIV-011,Band 1 (2100MHz),-88.8,-9.7,15.2,17.0,11.1,14.3
2026-01-17 01:00:00,KYIV-011-2,KYIV-011,Band 1 (2100MHz),-85.0,-6.2,10.3,0.0,11.2,0.0
2026-01-17 01:00:00,KYIV-011-3,KYIV-011,Band 1 (2100MHz),-81.0,-9.1,12.0,14.0,9.1,0.0
2026-01-17 01:00:00,KYIV-012-1,KYIV-012,Band 3 (1800MHz),-81.9,-11.1,15.0,9.6,21.7,3.4
2026-01-17 01:00:00,KYIV-012-2,KYIV-012,Band 3 (1800MHz),-87.3,-7.2,3.4,23.1,11.8,0.0
2026-01-17 01:00:00,KYIV-012-3,KYIV-012,Band 3 (1800MHz),-85.3,-5.5,11.7,0.0,12.2,26.6
2026-01-17 01:00:00,KYIV-013-1,KYIV-013,Band 1 (2100MHz),-90.0,-7.1,11.9,7.6,8.4,0.0
2026-01-17 01:00:00,KYIV-013-2,KYIV-013,Band 1 (2100MHz),-87.6,-9.4,16.2,8.9,0.0,0.0
2026-01-17 01:00:00,KYIV-013-3,KYIV-013,Band 1 (2100MHz),-94.9,-4.0,11.4,17.9,0.0,32.8
2026-01-17 01:00:00,KYIV-014-1,KYIV-014,Band 3 (1800MHz),-91.2,-8.3,18.3,21.9,0.0,0.0
2026-01-17 01:00:00,KYIV-014-2,KYIV-014,Band 3 (1800MHz),-102.6,-10.2,8.7,23.7,19.5,34.0
2026-01-17 01:00:00,KYIV-014-3,KYIV-014,Band 3 (1800MHz),-91.5,-5.3,6.1,24.2,1.8,25.1
2026-01-17 01:00:00,KYIV-015-1,KYIV-015,Band 1 (2100MHz),-89.7,-6.4,16.8,5.8,0.5,14.4
2026-01-17 01:00:00,KYIV-015-2,KYIV-015,Band 1 (2100MHz),-83.9,-8.5,19.1,7.0,0.0,33.6
2026-01-17 01:00:00,KYIV-015-3,KYIV-015,Band 1 (2100MHz),-93.1,-4.0,11.3,6.9,0.0,11.2
2026-01-17 01:00:00,KYIV-016-1,KYIV-016,Band 3 (1800MHz),-86.4,-7.2,14.4,0.0,0.0,0.0
2026-01-17 01:00:00,KYIV-016-2,KYIV-016,Band 3 (1800MHz),-90.0,-9.9,0.7,18.7,21.1,57.2
2026-01-17 01:00:00,KYIV-016-3,KYIV-016,Band 3 (1800MHz),-90.0,-6.7,17.4,30.9,1.8,24.1
2026-01-17 02:00:00,KYIV-001-1,KYIV-001,Band 1 (2100MHz),-86.4,-6.7,21.5,1.8,19.0,43.0
2026-01-17 02:00:00,KYIV-001-2,KYIV-001,Band 1 (2100MHz),-93.3,-2.4,8.2,19.0,14.3,0.0
2026-01-17 02:00:00,KYIV-001-3,KYIV-001,Band 1 (2100MHz),-93.9,-5.9,7.9,10.2,2.1,0.0
2026-01-17 02:00:00,KYIV-002-1,KYIV-002,Band 3 (1800MHz),-103.2,-14.0,9.7,25.5,0.0,39.9
2026-01-17 02:00:00,KYIV-002-2,KYIV-002,Band 3 (1800MHz),-106.6,-12.1,6.2,10.6,9.2,0.0
2026-01-17 02:00:00,KYIV-002-3,KYIV-002,Band 3 (1800MHz),-82.9,-7.4,9.4,19.7,4.5,0.0
2026-01-17 02:00:00,KYIV-003-1,KYIV-003,Band 1 (2100MHz),-92.0,-8.9,18.3,3.2,10.5,18.6
2026-01-17 02:00:00,KYIV-003-2,KYIV-003,Band 1 (2100MHz),-95.0,-7.6,16.0,11.0,14.0,51.7
2026-01-17 02:00:00,KYIV-003-3,KYIV-003,Band 1 (2100MHz),-85.6,-7.8,9.5,4.5,18.1,29.7
2026-01-17 02:00:00,KYIV-004-1,KYIV-004,Band 3 (1800MHz),-92.6,-9.6,8.8,2.7,8.5,19.7
2026-01-17 02:00:00,KYIV-004-2,KYIV-004,Band 3 (1800MHz),-84.8,-10.1,5.0,27.8,0.1,54.5
2026-01-17 02:00:00,KYIV-004-3,KYIV-004,Band 3 (1800MHz),-85.9,-8.8,9.5,0.0,0.0,26.1
2026-01-17 02:00:00,KYIV-005-1,KYIV-005,Band 1 (2100MHz),-83.9,-6.9,0.2,0.0,28.7,50.9
2026-01-17 02:00:00,KYIV-005-2,KYIV-005,Band 1 (2100MHz),-85.6,-6.3,8.5,0.0,19.4,4.1
2026-01-17 02:00:00,KYIV-005-3,KYIV-005,Band 1 (2100MHz),-102.1,-11.8,11.6,21.4,8.8,16.6
2026-01-17 02:00:00,KYIV-006-1,KYIV-006,Band 3 (1800MHz),-90.4,-7.4,21.2,10.2,0.0,3.7
2026-01-17 02:00:00,KYIV-006-2,KYIV-006,Band 3 (1800MHz),-87.3,-5.5,9.5,18.0,0.0,32.3
2026-01-17 02:00:00,KYIV-006-3,KYIV-006,Band 3 (1800MHz),-85.3,-6.5,19.0,16.3,19.4,29.0
2026-01-17 02:00:00,KYIV-007-1,KYIV-007,Band 1 (2100MHz),-88.7,-6.1,11.3,0.0,2.5,42.9
2026-01-17 02:00:00,KYIV-007-2,KYIV-007,Band 1 (2100MHz),-90.4,-9.8,20.6,7.6,0.0,17.2
2026-01-17 02:00:00,KYIV-007-3,KYIV-007,Band 1 (2100MHz),-82.8,-5.4,23.5,30.8,3.4,34.4
2026-01-17 02:00:00,KYIV-008-1,KYIV-008,Band 3 (1800MHz),-89.6,-7.4,5.9,21.3,20.9,4.2
2026-01-17 02:00:00,KYIV-008-2,KYIV-008,Band 3 (1800MHz),-86.6,-10.4,15.8,24.8,14.5,47.2
2026-01-17 02:00:00,KYIV-008-3,KYIV-008,Band 3 (1800MHz),-88.9,-7.8,8.8,0.0,0.0,4.3
2026-01-17 02:00:00,KYIV-009-1,KYIV-009,Band 1 (2100MHz),-90.4,-9.2,13.4,19.8,7.1,0.0
2026-01-17 02:00:00,KYIV-009-2,KYIV-009,Band 1 (2100MHz),-80.0,-7.8,12.0,4.4,3.9,32.6
2026-01-17 02:00:00,KYIV-009-3,KYIV-009,Band 1 (2100MHz),-93.9,-7.7,13.3,4.8,3.6,0.0
2026-01-17 02:00:00,KYIV-010-1,KYIV-010,Band 3 (1800MHz),-89.7,-8.6,7.7,4.6,5.4,43.7
2026-01-17 02:00:00,KYIV-010-2,KYIV-010,Band 3 (1800MHz),-88.8,-8.3,10.4,13.9,0.0,2.5
2026-01-17 02:00:00,KYIV-010-3,KYIV-010,Band 3 (1800MHz),-86.4,-6.6,6.9,14.8,1.9,2.4
2026-01-17 02:00:00,KYIV-011-1,KYIV-011,Band 1 (2100MHz),-81.7,-10.0,17.0,10.1,1.6,45.2
2026-01-17 02:00:00,KYIV-011-2,KYIV-011,Band 1 (2100MHz),-86.4,-5.3,6.5,9.4,11.5,20.4
2026-01-17 02:00:00,KYIV-011-3,KYIV-011,Band 1 (2100MHz),-83.9,-9.0,12.8,0.0,0.0,2.1
2026-01-17 02:00:00,KYIV-012-1,KYIV-012,Band 3 (1800MHz),-85.1,-6.8,11.3,20.8,5.1,25.5
2026-01-17 02:00:00,KYIV-012-2,KYIV-012,Band 3 (1800MHz),-86.6,-10.8,8.7,9.4,0.0,8.2
2026-01-17 02:00:00,KYIV-012-3,KYIV-012,Band 3 (1800MHz),-84.5,-11.4,4.3,26.0,10.1,3.7
2026-01-17 02:00:00,KYIV-013-1,KYIV-013,Band 1 (2100MHz),-87.0,-9.1,14.9,4.3,6.2,0.0
2026-01-17 02:00:00,KYIV-013-2,KYIV-013,Band 1 (2100MHz),-85.9,-9.6,9.2,9.9,0.0,21.5
2026-01-17 02:00:00,KYIV-013-3,KYIV-013,Band 1 (2100MHz),-92.5,-9.0,7.0,17.1,6.6,10.7
2026-01-17 02:00:00,KYIV-014-1,KYIV-014,Band 3 (1800MHz),-84.5,-4.7,15.1,13.4,7.8,44.1
2026-01-17 02:00:00,KYIV-014-2,KYIV-014,Band 3 (1800MHz),-100.7,-12.8,-0.8,0.0,19.2,14.7
2026-01-17 02:00:00,KYIV-014-3,KYIV-014,Band 3 (1800MHz),-82.8,-8.5,10.6,0.0,4.6,8.5
2026-01-17 02:00:00,KYIV-015-1,KYIV-015,Band 1 (2100MHz),-86.3,-8.1,14.9,9.4,0.0,37.7
2026-01-17 02:00:00,KYIV-015-2,KYIV-015,Band 1 (2100MHz),-92.8,-7.6,5.0,0.2,0.0,16.2
2026-01-17 02:00:00,KYIV-015-3,KYIV-015,Band 1 (2100MHz),-93.1,-8.7,10.9,13.4,27.1,0.0
2026-01-17 02:00:00,KYIV-016-1,KYIV-016,Band 3 (1800MHz),-85.0,-6.6,14.2,24.0,4.2,4.1
2026-01-17 02:00:00,KYIV-016-2,KYIV-016,Band 3 (1800MHz),-90.6,-7.4,17.0,6.0,0.1,32.7
2026-01-17 02:00:00,KYIV-016-3,KYIV-016,Band 3 (1800MHz),-87.8,-3.7,7.3,0.0,0.0,0.0
2026-01-17 03:00:00,KYIV-001-1,KYIV-001,Band 1 (2100MHz),-82.6,-7.9,8.6,0.0,0.0,0.0
2026-01-17 03:00:00,KYIV-001-2,KYIV-001,Band 1 (2100MHz),-88.3,-10.6,17.3,14.5,27.7,34.0
2026-01-17 03:00:00,KYIV-001-3,KYIV-001,Band 1 (2100MHz),-79.2,-6.7,2.9,0.0,7.1,0.0
2026-01-17 03:00:00,KYIV-002-1,KYIV-002,Band 3 (1800MHz),-107.6,-11.1,7.3,20.8,1.7,0.0
2026-01-17 03:00:00,KYIV-002-2,KYIV-002,Band 3 (1800MHz),-97.2,-14.5,7.1,0.0,0.0,0.0
2026-01-17 03:00:00,KYIV-002-3,KYIV-002,Band 3 (1800MHz),-89.4,-8.2,3.2,6.5,7.4,12.3
2026-01-17 03:00:00,KYIV-003-1,KYIV-003,Band 1 (2100MHz),-83.6,-7.2,19.3,4.2,0.0,25.9
2026-01-17 03:00:00,KYIV-003-2,KYIV-003,Band 1 (2100MHz),-87.2,-9.1,14.9,8.2,1.2,0.0
2026-01-17 03:00:00,KYIV-003-3,KYIV-003,Band 1 (2100MHz),-88.4,-8.0,12.0,3.8,0.5,23.3
2026-01-17 03:00:00,KYIV-004-1,KYIV-004,Band 3 (1800MHz),-89.7,-9.0,15.3,14.7,4.1,0.0
2026-01-17 03:00:00,KYIV-004-2,KYIV-004,Band 3 (1800MHz),-86.1,-4.4,11.0,11.3,4.1,0.0
2026-01-17 03:00:00,KYIV-004-3,KYIV-004,Band 3 (1800MHz),-88.9,-5.8,11.0,0.0,0.0,0.0
2026-01-17 03:00:00,KYIV-005-1,KYIV-005,Band 1 (2100MHz),-88.0,-6.8,14.1,12.5,8.2,0.0
2026-01-17 03:00:00,KYIV-005-2,KYIV-005,Band 1 (2100MHz),-90.7,-8.1,10.1,0.0,9.1,13.5
2026-01-17 03:00:00,KYIV-005-3,KYIV-005,Band 1 (2100MHz),-104.2,-11.0,5.6,9.6,20.0,25.7
2026-01-17 03:00:00,KYIV-006-1,KYIV-006,Band 3 (1800MHz),-84.7,-7.8,15.7,9.0,0.0,0.0
2026-01-17 03:00:00,KYIV-006-2,KYIV-006,Band 3 (1800MHz),-86.1,-11.7,20.4,23.7,5.6,11.1
2026-01-17 03:00:00,KYIV-006-3,KYIV-006,Band 3 (1800MHz),-81.0,-7.1,14.3,24.4,14.3,36.0
2026-01-17 03:00:00,KYIV-007-1,KYIV-007,Band 1 (2100MHz),-88.4,-6.5,11.2,9.7,0.6,0.0
2026-01-17 03:00:00,KYIV-007-2,KYIV-007,Band 1 (2100MHz),-81.0,-9.4,11.8,0.0,0.0,0.0
2026-01-17 03:00:00,KYIV-007-3,KYIV-007,Band 1 (2100MHz),-91.7,-5.6,14.2,9.3,6.5,0.0
2026-01-17 03:00:00,KYIV-008-1,KYIV-008,Band 3 (1800MHz),-91.9,-8.1,6.5,26.6,2.6,12.7
2026-01-17 03:00:00,KYIV-008-2,KYIV-008,Band 3 (1800MHz),-91.3,-10.3,3.9,13.5,8.4,45.5
2026-01-17 03:00:00,KYIV-008-3,KYIV-008,Band 3 (1800MHz),-95.3,-10.4,13.6,33.9,10.2,19.1
2026-01-17 03:00:00,KYIV-009-1,KYIV-009,Band 1 (2100MHz),-77.0,-7.9,17.6,0.0,8.3,42.6
2026-01-17 03:00:00,KYIV-009-2,KYIV-009,Band 1 (2100MHz),-91.5,-7.5,13.4,10.8,0.0,0.0
2026-01-17 03:00:00,KYIV-009-3,KYIV-009,Band 1 (2100MHz),-86.1,-8.9,5.0,0.0,1.5,10.5
2026-01-17 03:00:00,KYIV-010-1,KYIV-010,Band 3 (1800MHz),-87.6,-6.8,16.7,8.0,5.0,1.9
2026-01-17 03:00:00,KYIV-010-2,KYIV-010,Band 3 (1800MHz),-91.0,-8.4,9.2,18.1,0.0,12.7
2026-01-17 03:00:00,KYIV-010-3,KYIV-010,Band 3 (1800MHz),-92.1,-4.3,17.7,0.0,9.4,13.8
2026-01-17 03:00:00,KYIV-011-1,KYIV-011,Band 1 (2100MHz),-85.4,-8.0,10.9,0.0,9.6,32.6
2026-01-17 03:00:00,KYIV-011-2,KYIV-011,Band 1 (2100MHz),-87.8,-8.4,5.2,17.9,0.0,28.2
2026-01-17 03:00:00,KYIV-011-3,KYIV-011,Band 1 (2100MHz),-85.3,-10.2,13.9,18.9,0.0,0.0
2026-01-17 03:00:00,KYIV-012-1,KYIV-012,Band 3 (1800MHz),-83.1,-8.6,6.8,22.5,2.1,34.0
2026-01-17 03:00:00,KYIV-012-2,KYIV-012,Band 3 (1800MHz),-91.6,-11.0,9.1,14.9,0.0,3.5
2026-01-17 03:00:00,KYIV-012-3,KYIV-012,Band 3 (1800MHz),-89.1,-6.8,23.5,0.0,9.9,16.1
2026-01-17 03:00:00,KYIV-013-1,KYIV-013,Band 1 (2100MHz),-84.8,-5.4,4.9,0.0,2.7,0.0
2026-01-17 03:00:00,KYIV-013-2,KYIV-013,Band 1 (2100MHz),-81.6,-11.9,16.4,16.2,33.3,6.7
2026-01-17 03:00:00,KYIV-013-3,KYIV-013,Band 1 (2100MHz),-89.9,-7.8,7.9,0.5,11.0,13.8
2026-01-17 03:00:00,KYIV-014-1,KYIV-014,Band 3 (1800MHz),-88.6,-7.5,19.1,8.9,18.4,26.0
2026-01-17 03:00:00,KYIV-014-2,KYIV-014,Band 3 (1800MHz),-99.1,-11.5,10.3,12.8,0.0,4.0
2026-01-17 03:00:00,KYIV-014-3,KYIV-014,Band 3 (1800MHz),-87.4,-10.8,15.7,6.5,0.0,11.4
2026-01-17 03:00:00,KYIV-015-1,KYIV-015,Band 1 (2100MHz),-78.8,-9.2,14.6,0.0,0.0,27.8
2026-01-17 03:00:00,KYIV-015-2,KYIV-015,Band 1 (2100MHz),-88.2,-7.3,15.3,30.5,4.3,5.5
2026-01-17 03:00:00,KYIV-015-3,KYIV-015,Band 1 (2100MHz),-83.5,-12.0,14.4,0.0,0.0,46.0
2026-01-17 03:00:00,KYIV-016-1,KYIV-016,Band 3 (1800MHz),-80.9,-10.3,12.3,14.1,0.0,24.2
2026-01-17 03:00:00,KYIV-016-2,KYIV-016,Band 3 (1800MHz),-88.3,-9.3,12.4,0.0,0.0,1.0
2026-01-17 03:00:00,KYIV-016-3,KYIV-016,Band 3 (1800MHz),-93.9,-5.9,8.0,0.0,1.8,18.9
2026-01-17 04:00:00,KYIV-001-1,KYIV-001,Band 1 (2100MHz),-91.6,-8.3,7.6,8.2,7.3,0.0
2026-01-17 04:00:00,KYIV-001-2,KYIV-001,Band 1 (2100MHz),-96.9,-8.6,21.9,18.5,7.4,43.4
2026-01-17 04:00:00,KYIV-001-3,KYIV-001,Band 1 (2100MHz),-88.1,-8.6,21.3,24.9,0.0,13.0
2026-01-17 04:00:00,KYIV-002-1,KYIV-002,Band 3 (1800MHz),-102.0,-13.6,8.1,13.1,8.7,3.9
2026-01-17 04:00:00,KYIV-002-2,KYIV-002,Band 3 (1800MHz),-95.4,-8.2,6.4,3.9,0.0,0.0
2026-01-17 04:00:00,KYIV-002-3,KYIV-002,Band 3 (1800MHz),-79.5,-8.3,20.7,13.5,1.8,49.7
2026-01-17 04:00:00,KYIV-003-1,KYIV-003,Band 1 (2100MHz),-87.3,-8.7,2.9,8.3,0.0,0.0
2026-01-17 04:00:00,KYIV-003-2,KYIV-003,Band 1 (2100MHz),-80.0,-8.7,16.1,20.5,0.0,37.8
2026-01-17 04:00:00,KYIV-003-3,KYIV-003,Band 1 (2100MHz),-92.5,-6.5,3.8,0.9,6.3,0.0
2026-01-17 04:00:00,KYIV-004-1,KYIV-004,Band 3 (1800MHz),-91.8,-8.7,13.8,0.0,0.0,36.5
2026-01-17 04:00:00,KYIV-004-2,KYIV-004,Band 3 (1800MHz),-86.2,-13.2,21.5,27.0,21.1,0.8
2026-01-17 04:00:00,KYIV-004-3,KYIV-004,Band 3 (1800MHz),-89.9,-8.5,18.3,10.4,7.9,0.0
2026-01-17 04:00:00,KYIV-005-1,KYIV-005,Band 1 (2100MHz),-91.9,-7.0,13.0,28.4,7.3,30.9
2026-01-17 04:00:00,KYIV-005-2,KYIV-005,Band 1 (2100MHz),-87.5,-7.6,24.5,0.0,0.0,19.1
2026-01-17 04:00:00,KYIV-005-3,KYIV-005,Band 1 (2100MHz),-98.6,-13.6,0.9,0.0,11.3,28.2
2026-01-17 04:00:00,KYIV-006-1,KYIV-006,Band 3 (1800MHz),-82.0,-11.5,14.2,23.5,5.6,0.0
2026-01-17 04:00:00,KYIV-006-2,KYIV-006,Band 3 (1800MHz),-86.2,-9.8,13.7,0.0,2.6,1.6
2026-01-17 04:00:00,KYIV-006-3,KYIV-006,Band 3 (1800MHz),-86.0,-6.7,16.2,7.1,20.6,0.0
2026-01-17 04:00:00,KYIV-007-1,KYIV-007,Band 1 (2100MHz),-90.8,-6.3,13.8,0.0,0.0,0.0
2026-01-17 04:00:00,KYIV-007-2,KYIV-007,Band 1 (2100MHz),-79.4,-6.2,13.4,0.0,4.8,15.0
2026-01-17 04:00:00,KYIV-007-3,KYIV-007,Band 1 (2100MHz),-87.5,-10.4,8.9,10.1,8.5,10.5
2026-01-17 04:00:00,KYIV-008-1,KYIV-008,Band 3 (1800MHz),-85.6,-5.3,9.3,18.1,16.5,22.2
2026-01-17 04:00:00,KYIV-008-2,KYIV-008,Band 3 (1800MHz),-86.6,-7.1,17.1,9.7,0.1,22.5
2026-01-17 04:00:00,KYIV-008-3,KYIV-008,Band 3 (1800MHz),-87.9,-9.2,13.5,12.7,8.8,20.5
2026-01-17 04:00:00,KYIV-009-1,KYIV-009,Band 1 (2100MHz),-88.0,-11.2,6.3,0.0,0.0,25.8
2026-01-17 04:00:00,KYIV-009-2,KYIV-009,Band 1 (2100MHz),-83.8,-7.2,8.3,10.6,2.8,36.7
2026-01-17 04:00:00,KYIV-009-3,KYIV-009,Band 1 (2100MHz),-87.6,-9.2,20.1,20.3,21.5,13.7
2026-01-17 04:00:00,KYIV-010-1,KYIV-010,Band 3 (1800MHz),-88.5,-4.7,5.0,0.0,2.9,0.6
2026-01-17 04:00:00,KYIV-010-2,KYIV-010,Band 3 (1800MHz),-85.5,-12.5,11.9,24.4,0.0,0.0
2026-01-17 04:00:00,KYIV-010-3,KYIV-010,Band 3 (1800MHz),-92.9,-9.3,14.7,12.6,1.3,41.9
2026-01-17 04:00:00,KYIV-011-1,KYIV-011,Band 1 (2100MHz),-89.6,-6.0,17.3,13.5,3.0,34.8
2026-01-17 04:00:00,KYIV-011-2,KYIV-011,Band 1 (2100MHz),-90.4,-9.2,12.9,18.5,11.0,23.0
2026-01-17 04:00:00,KYIV-011-3,KYIV-011,Band 1 (2100MHz),-85.0,-11.1,10.0,1.2,16.8,15.6
2026-01-17 04:00:00,KYIV-012-1,KYIV-012,Band 3 (1800MHz),-85.4,-8.4,4.9,20.7,0.0,0.0
2026-01-17 04:00:00,KYIV-012-2,KYIV-012,Band 3 (1800MHz),-79.6,-7.5,14.0,7.9,0.0,8.3
2026-01-17 04:00:00,KYIV-012-3,KYIV-012,Band 3 (1800MHz),-77.8,-8.5,18.7,13.3,0.0,0.0
2026-01-17 04:00:00,KYIV-013-1,KYIV-013,Band 1 (2100MHz),-88.6,-12.1,18.1,1.5,6.5,12.1
2026-01-17 04:00:00,KYIV-013-2,KYIV-013,Band 1 (2100MHz),-83.5,-5.2,10.1,0.1,2.3,9.8
2026-01-17 04:00:00,KYIV-013-3,KYIV-013,Band 1 (2100MHz),-88.8,-8.3,15.2,27.3,2.8,40.2
2026-01-17 04:00:00,KYIV-014-1,KYIV-014,Band 3 (1800MHz),-88.4,-9.0,16.7,0.0,0.0,47.9
2026-01-17 04:00:00,KYIV-014-2,KYIV-014,Band 3 (1800MHz),-98.7,-16.0,1.5,23.0,0.0,28.4
2026-01-17 04:00:00,KYIV-014-3,KYIV-014,Band 3 (1800MHz),-88.6,-5.8,3.7,0.0,9.8,12.2
2026-01-17 04:00:00,KYIV-015-1,KYIV-015,Band 1 (2100MHz),-93.2,-8.1,10.4,10.1,2.7,9.2
2026-01-17 04:00:00,KYIV-015-2,KYIV-015,Band 1 (2100MHz),-92.2,-9.5,9.5,0.0,9.2,24.0
2026-01-17 04:00:00,KYIV-015-3,KYIV-015,Band 1 (2100MHz),-90.5,-5.4,13.2,0.0,0.0,6.2
2026-01-17 04:00:00,KYIV-016-1,KYIV-016,Band 3 (1800MHz),-88.0,-8.9,19.5,0.8,1.2,51.3
2026-01-17 04:00:00,KYIV-016-2,KYIV-016,Band 3 (1800MHz),-84.9,-8.6,4.3,0.0,5.1,8.1
2026-01-17 04:00:00,KYIV-016-3,KYIV-016,Band 3 (1800MHz),-85.9,-9.5,16.9,0.0,5.0,11.0
2026-01-17 05:00:00,KYIV-001-1,KYIV-001,Band 1 (2100MHz),-83.5,-6.3,8.5,0.0,11.8,14.4
2026-01-17 05:00:00,KYIV-001-2,KYIV-001,Band 1 (2100MHz),-84.4,-12.4,7.0,7.8,9.3,10.1
2026-01-17 05:00:00,KYIV-001-3,KYIV-001,Band 1 (2100MHz),-87.3,-6.2,29.6,28.5,0.0,32.8
2026-01-17 05:00:00,KYIV-002-1,KYIV-002,Band 3 (1800MHz),-98.0,-10.3,3.1,23.0,0.0,14.6
2026-01-17 05:00:00,KYIV-002-2,KYIV-002,Band 3 (1800MHz),-97.0,-12.5,10.0,5.0,0.0,32.7
2026-01-17 05:00:00,KYIV-002-3,KYIV-002,Band 3 (1800MHz),-90.4,-8.8,18.3,0.0,4.5,0.0
2026-01-17 05:00:00,KYIV-003-1,KYIV-003,Band 1 (2100MHz),-89.8,-4.6,14.9,12.2,0.0,29.0
2026-01-17 05:00:00,KYIV-003-2,KYIV-003,Band 1 (2100MHz),-83.0,-5.8,11.8,13.2,11.4,25.7
2026-01-17 05:00:00,KYIV-003-3,KYIV-003,Band 1 (2100MHz),-75.4,-9.0,10.1,17.8,6.1,67.6
2026-01-17 05:00:00,KYIV-004-1,KYIV-004,Band 3 (1800MHz),-88.5,-9.0,8.4,2.9,0.0,20.4
2026-01-17 05:00:00,KYIV-004-2,KYIV-004,Band 3 (1800MHz),-92.0,-5.0,2.7,0.0,9.5,0.0
2026-01-17 05:00:00,KYIV-004-3,KYIV-004,Band 3 (1800MHz),-84.0,-9.9,12.6,46.8,2.2,26.2
2026-01-17 05:00:00,KYIV-005-1,KYIV-005,Band 1 (2100MHz),-88.9,-5.8,13.6,15.2,7.6,19.2
2026-01-17 05:00:00,KYIV-005-2,KYIV-005,Band 1 (2100MHz),-90.1,-8.8,17.3,5.2,0.0,36.4
2026-01-17 05:00:00,KYIV-005-3,KYIV-005,Band 1 (2100MHz),-99.6,-12.2,3.6,0.0,2.5,39.6
2026-01-17 05:00:00,KYIV-006-1,KYIV-006,Band 3 (1800MHz),-93.2,-10.1,6.3,11.6,0.0,26.5
2026-01-17 05:00:00,KYIV-006-2,KYIV-006,Band 3 (1800MHz),-89.7,-8.1,8.0,31.1,13.7,24.2
2026-01-17 05:00:00,KYIV-006-3,KYIV-006,Band 3 (1800MHz),-87.3,-7.2,13.0,17.4,0.0,31.5
2026-01-17 05:00:00,KYIV-007-1,KYIV-007,Band 1 (2100MHz),-86.3,-6.9,12.0,25.3,2.7,25.5
2026-01-17 05:00:00,KYIV-007-2,KYIV-007,Band 1 (2100MHz),-88.7,-9.1,14.9,3.2,0.0,1.1
2026-01-17 05:00:00,KYIV-007-3,KYIV-007,Band 1 (2100MHz),-83.3,-8.2,11.8,25.3,12.5,55.2
2026-01-17 05:00:00,KYIV-008-1,KYIV-008,Band 3 (1800MHz),-78.8,-7.8,7.6,0.0,0.0,0.0
2026-01-17 05:00:00,KYIV-008-2,KYIV-008,Band 3 (1800MHz),-83.6,-7.5,18.8,0.0,7.5,22.9
2026-01-17 05:00:00,KYIV-008-3,KYIV-008,Band 3 (1800MHz),-81.5,-4.1,11.5,3.0,0.0,16.4
2026-01-17 05:00:00,KYIV-009-1,KYIV-009,Band 1 (2100MHz),-86.9,-6.2,10.0,19.3,5.0,16.0
2026-01-17 05:00:00,KYIV-009-2,KYIV-009,Band 1 (2100MHz),-85.0,-11.5,7.7,0.0,0.0,27.7
2026-01-17 05:00:00,KYIV-009-3,KYIV-009,Band 1 (2100MHz),-92.4,-4.7,6.9,0.0,0.0,0.0
2026-01-17 05:00:00,KYIV-010-1,KYIV-010,Band 3 (1800MHz),-85.6,-5.4,11.1,18.8,7.3,54.0
2026-01-17 05:00:00,KYIV-010-2,KYIV-010,Band 3 (1800MHz),-86.1,-5.5,19.2,3.9,3.5,0.0
2026-01-17 05:00:00,KYIV-010-3,KYIV-010,Band 3 (1800MHz),-95.0,-14.4,18.7,0.0,5.8,9.1
2026-01-17 05:00:00,KYIV-011-1,KYIV-011,Band 1 (2100MHz),-84.2,-4.8,13.4,16.0,6.7,14.8
2026-01-17 05:00:00,KYIV-011-2,KYIV-011,Band 1 (2100MHz),-86.6,-10.3,9.4,7.0,20.6,0.0
2026-01-17 05:00:00,KYIV-011-3,KYIV-011,Band 1 (2100MHz),-84.4,-8.1,13.7,0.0,0.0,0.0
2026-01-17 05:00:00,KYIV-012-1,KYIV-012,Band 3 (1800MHz),-77.5,-6.1,12.9,24.0,9.6,3.6
2026-01-17 05:00:00,KYIV-012-2,KYIV-012,Band 3 (1800MHz),-89.1,-13.2,3.5,22.6,0.0,11.1
2026-01-17 05:00:00,KYIV-012-3,KYIV-012,Band 3 (1800MHz),-88.6,-7.8,14.3,4.3,0.0,12.0
2026-01-17 05:00:00,KYIV-013-1,KYIV-013,Band 1 (2100MHz),-89.5,-8.3,17.1,13.6,2.6,0.0
2026-01-17 05:00:00,KYIV-013-2,KYIV-013,Band 1 (2100MHz),-87.1,-8.1,12.3,0.0,0.0,9.9
2026-01-17 05:00:00,KYIV-013-3,KYIV-013,Band 1 (2100MHz),-83.6,-8.1,13.1,10.8,11.9,43.1
2026-01-17 05:00:00,KYIV-014-1,KYIV-014,Band 3 (1800MHz),-87.3,-7.5,11.9,0.0,0.0,42.7
2026-01-17 05:00:00,KYIV-014-2,KYIV-014,Band 3 (1800MHz),-99.4,-10.9,8.7,0.0,20.9,0.0
2026-01-17 05:00:00,KYIV-014-3,KYIV-014,Band 3 (1800MHz),-88.8,-7.7,11.5,16.5,10.0,5.4
2026-01-17 05:00:00,KYIV-015-1,KYIV-015,Band 1 (2100MHz),-82.4,-8.3,13.3,24.4,15.2,26.0
2026-01-17 05:00:00,KYIV-015-2,KYIV-015,Band 1 (2100MHz),-91.4,-11.9,8.6,32.3,5.8,0.0
2026-01-17 05:00:00,KYIV-015-3,KYIV-015,Band 1 (2100MHz),-87.1,-5.5,17.9,2.4,2.7,3.9
2026-01-17 05:00:00,KYIV-016-1,KYIV-016,Band 3 (1800MHz),-86.9,-5.3,10.6,8.2,9.5,34.3
2026-01-17 05:00:00,KYIV-016-2,KYIV-016,Band 3 (1800MHz),-82.9,-8.3,17.4,3.6,17.8,29.6
2026-01-17 05:00:00,KYIV-016-3,KYIV-016,Band 3 (1800MHz),-93.9,-8.0,5.5,12.9,10.6,32.3
2026-01-17 06:00:00,KYIV-001-1,KYIV-001,Band 1 (2100MHz),-92.0,-5.2,10.5,5.4,0.0,6.8
2026-01-17 06:00:00,KYIV-001-2,KYIV-001,Band 1 (2100MHz),-83.1,-7.4,15.7,11.3,23.8,10.8
2026-01-17 06:00:00,KYIV-001-3,KYIV-001,Band 1 (2100MHz),-85.9,-8.5,11.8,19.7,7.1,24.4
2026-01-17 06:00:00,KYIV-002-1,KYIV-002,Band 3 (1800MHz),-97.1,-13.3,0.7,27.5,5.6,29.4
2026-01-17 06:00:00,KYIV-002-2,KYIV-002,Band 3 (1800MHz),-99.6,-12.7,7.7,25.8,5.5,49.9
2026-01-17 06:00:00,KYIV-002-3,KYIV-002,Band 3 (1800MHz),-89.8,-7.0,15.8,24.6,11.2,49.7
2026-01-17 06:00:00,KYIV-003-1,KYIV-003,Band 1 (2100MHz),-89.6,-9.9,19.4,16.0,25.4,39.1
2026-01-17 06:00:00,KYIV-003-2,KYIV-003,Band 1 (2100MHz),-87.9,-10.6,16.1,15.3,0.0,0.0
2026-01-17 06:00:00,KYIV-003-3,KYIV-003,Band 1 (2100MHz),-82.0,-12.7,9.2,12.6,7.6,17.8
2026-01-17 06:00:00,KYIV-004-1,KYIV-004,Band 3 (1800MHz),-82.0,-3.9,8.9,22.5,12.2,20.2
2026-01-17 06:00:00,KYIV-004-2,KYIV-004,Band 3 (1800MHz),-94.9,-7.5,15.1,23.9,26.8,48.3
2026-01-17 06:00:00,KYIV-004-3,KYIV-004,Band 3 (1800MHz),-87.1,-8.6,17.2,15.1,15.0,13.4
2026-01-17 06:00:00,KYIV-005-1,KYIV-005,Band 1 (2100MHz),-84.4,-9.2,14.4,28.2,6.2,14.3
2026-01-17 06:00:00,KYIV-005-2,KYIV-005,Band 1 (2100MHz),-85.8,-10.8,15.0,21.6,7.8,41.9
2026-01-17 06:00:00,KYIV-005-3,KYIV-005,Band 1 (2100MHz),-98.2,-15.4,6.0,28.8,21.8,33.9
2026-01-17 06:00:00,KYIV-006-1,KYIV-006,Band 3 (1800MHz),-92.4,-6.5,7.1,10.0,4.6,28.0
2026-01-17 06:00:00,KYIV-006-2,KYIV-006,Band 3 (1800MHz),-85.5,-7.1,25.6,6.8,5.4,0.0
2026-01-17 06:00:00,KYIV-006-3,KYIV-006,Band 3 (1800MHz),-85.2,-7.4,13.9,27.2,8.6,25.8
2026-01-17 06:00:00,KYIV-007-1,KYIV-007,Band 1 (2100MHz),-81.2,-9.0,8.2,6.3,5.9,21.6
2026-01-17 06:00:00,KYIV-007-2,KYIV-007,Band 1 (2100MHz),-85.2,-8.0,10.8,15.0,18.0,0.0
2026-01-17 06:00:00,KYIV-007-3,KYIV-007,Band 1 (2100MHz),-80.4,-14.2,15.5,2.8,9.6,43.9
2026-01-17 06:00:00,KYIV-008-1,KYIV-008,Band 3 (1800MHz),-91.5,-5.6,14.9,14.7,5.5,23.4
2026-01-17 06:00:00,KYIV-008-2,KYIV-008,Band 3 (1800MHz),-87.7,-8.1,13.2,2.3,13.9,32.2
2026-01-17 06:00:00,KYIV-008-3,KYIV-008,Band 3 (1800MHz),-89.5,-5.4,11.6,0.0,26.9,26.6
2026-01-17 06:00:00,KYIV-009-1,KYIV-009,Band 1 (2100MHz),-93.8,-7.6,13.7,0.0,0.0,34.7
2026-01-17 06:00:00,KYIV-009-2,KYIV-009,Band 1 (2100MHz),-80.5,-13.2,16.3,0.0,5.6,6.0
2026-01-17 06:00:00,KYIV-009-3,KYIV-009,Band 1 (2100MHz),-84.7,-12.2,10.9,7.9,13.7,26.5
2026-01-17 06:00:00,KYIV-010-1,KYIV-010,Band 3 (1800MHz),-84.2,-6.3,3.3,7.7,6.1,0.0
2026-01-17 06:00:00,KYIV-010-2,KYIV-010,Band 3 (1800MHz),-94.8,-6.7,13.8,23.1,5.7,0.0
2026-01-17 06:00:00,KYIV-010-3,KYIV-010,Band 3 (1800MHz),-88.0,-7.2,13.3,18.2,3.0,34.2
2026-01-17 06:00:00,KYIV-011-1,KYIV-011,Band 1 (2100MHz),-82.2,-8.1,12.0,21.1,3.1,0.0
2026-01-17 06:00:00,KYIV-011-2,KYIV-011,Band 1 (2100MHz),-91.4,-13.1,15.0,10.3,19.3,53.1
2026-01-17 06:00:00,KYIV-011-3,KYIV-011,Band 1 (2100MHz),-85.5,-8.9,6.1,10.4,0.0,71.5
2026-01-17 06:00:00,KYIV-012-1,KYIV-012,Band 3 (1800MHz),-91.3,-7.3,18.3,9.6,10.1,0.0
2026-01-17 06:00:00,KYIV-012-2,KYIV-012,Band 3 (1800MHz),-85.8,-7.9,9.7,18.4,7.2,19.2
2026-01-17 06:00:00,KYIV-012-3,KYIV-012,Band 3 (1800MHz),-82.1,-8.9,13.5,31.2,13.8,48.2
2026-01-17 06:00:00,KYIV-013-1,KYIV-013,Band 1 (2100MHz),-84.7,-8.9,8.5,14.6,24.0,0.0
2026-01-17 06:00:00,KYIV-013-2,KYIV-013,Band 1 (2100MHz),-89.7,-8.7,6.3,26.0,25.8,13.4
2026-01-17 06:00:00,KYIV-013-3,KYIV-013,Band 1 (2100MHz),-80.8,-5.3,6.2,14.7,7.6,76.7
2026-01-17 06:00:00,KYIV-014-1,KYIV-014,Band 3 (1800MHz),-87.5,-12.5,21.8,14.0,7.9,27.3
2026-01-17 06:00:00,KYIV-014-2,KYIV-014,Band 3 (1800MHz),-101.0,-12.1,0.1,28.9,0.0,27.8
2026-01-17 06:00:00,KYIV-014-3,KYIV-014,Band 3 (1800MHz),-92.6,-8.4,10.1,26.5,0.0,0.0
2026-01-17 06:00:00,KYIV-015-1,KYIV-015,Band 1 (2100MHz),-87.2,-4.3,15.1,17.4,0.0,11.0
2026-01-17 06:00:00,KYIV-015-2,KYIV-015,Band 1 (2100MHz),-86.4,-7.9,17.0,0.0,2.2,34.3
2026-01-17 06:00:00,KYIV-015-3,KYIV-015,Band 1 (2100MHz),-89.1,-9.8,10.5,20.3,4.7,27.7
2026-01-17 06:00:00,KYIV-016-1,KYIV-016,Band 3 (1800MHz),-96.4,-11.6,22.7,2.6,19.9,0.0
2026-01-17 06:00:00,KYIV-016-2,KYIV-016,Band 3 (1800MHz),-90.6,-8.4,17.4,0.0,20.9,0.3
2026-01-17 06:00:00,KYIV-016-3,KYIV-016,Band 3 (1800MHz),-90.4,-9.7,17.8,10.6,3.4,24.9
2026-01-17 07:00:00,KYIV-001-1,KYIV-001,Band 1 (2100MHz),-96.1,-14.4,12.4,21.0,39.3,131.4
2026-01-17 07:00:00,KYIV-001-2,KYIV-001,Band 1 (2100MHz),-86.6,-9.1,17.2,42.7,23.1,74.7
2026-01-17 07:00:00,KYIV-001-3,KYIV-001,Band 1 (2100MHz),-86.8,-10.9,16.7,31.4,45.0,85.3
2026-01-17 07:00:00,KYIV-002-1,KYIV-002,Band 3 (1800MHz),-99.0,-13.2,2.8,22.6,55.4,102.7
2026-01-17 07:00:00,KYIV-002-2,KYIV-002,Band 3 (1800MHz),-103.7,-17.8,-0.6,37.7,17.3,73.3
2026-01-17 07:00:00,KYIV-002-3,KYIV-002,Band 3 (1800MHz),-89.8,-7.1,13.6,48.5,41.3,91.4
2026-01-17 07:00:00,KYIV-003-1,KYIV-003,Band 1 (2100MHz),-88.4,-12.6,2.8,54.9,40.1,81.2
2026-01-17 07:00:00,KYIV-003-2,KYIV-003,Band 1 (2100MHz),-86.9,-7.6,12.1,64.9,25.0,117.0
2026-01-17 07:00:00,KYIV-003-3,KYIV-003,Band 1 (2100MHz),-84.2,-11.9,17.1,74.4,37.4,123.4
2026-01-17 07:00:00,KYIV-004-1,KYIV-004,Band 3 (1800MHz),-84.5,-6.2,11.5,53.9,34.8,95.6
2026-01-17 07:00:00,KYIV-004-2,KYIV-004,Band 3 (1800MHz),-86.2,-11.1,22.3,42.5,29.4,89.2
2026-01-17 07:00:00,KYIV-004-3,KYIV-004,Band 3 (1800MHz),-87.8,-11.1,4.1,33.0,36.6,42.7
2026-01-17 07:00:00,KYIV-005-1,KYIV-005,Band 1 (2100MHz),-92.7,-8.4,19.1,38.2,35.0,66.5
2026-01-17 07:00:00,KYIV-005-2,KYIV-005,Band 1 (2100MHz),-93.7,-10.6,12.5,42.2,27.5,56.1
2026-01-17 07:00:00,KYIV-005-3,KYIV-005,Band 1 (2100MHz),-99.1,-13.2,15.6,34.0,36.1,49.8
2026-01-17 07:00:00,KYIV-006-1,KYIV-006,Band 3 (1800MHz),-90.7,-16.4,16.8,39.5,22.8,86.5
2026-01-17 07:00:00,KYIV-006-2,KYIV-006,Band 3 (1800MHz),-82.8,-11.7,3.6,67.8,29.8,87.8
2026-01-17 07:00:00,KYIV-006-3,KYIV-006,Band 3 (1800MHz),-83.0,-9.3,9.3,50.9,39.2,98.3
2026-01-17 07:00:00,KYIV-007-1,KYIV-007,Band 1 (2100MHz),-91.7,-4.1,16.9,51.7,36.2,67.3
2026-01-17 07:00:00,KYIV-007-2,KYIV-007,Band 1 (2100MHz),-85.4,-9.5,19.8,39.3,34.0,84.6
2026-01-17 07:00:00,KYIV-007-3,KYIV-007,Band 1 (2100MHz),-86.8,-11.5,12.4,51.1,32.6,87.1
2026-01-17 07:00:00,KYIV-008-1,KYIV-008,Band 3 (1800MHz),-84.6,-11.4,9.0,44.8,31.7,71.1
2026-01-17 07:00:00,KYIV-008-2,KYIV-008,Band 3 (1800MHz),-89.1,-10.8,1.4,52.5,38.8,91.8
2026-01-17 07:00:00,KYIV-008-3,KYIV-008,Band 3 (1800MHz),-87.8,-15.0,19.6,78.9,36.4,89.3
2026-01-17 07:00:00,KYIV-009-1,KYIV-009,Band 1 (2100MHz),-88.0,-10.1,21.0,33.6,30.5,72.8
2026-01-17 07:00:00,KYIV-009-2,KYIV-009,Band 1 (2100MHz),-90.1,-9.2,13.6,45.5,27.5,89.6
2026-01-17 07:00:00,KYIV-009-3,KYIV-009,Band 1 (2100MHz),-88.8,-10.1,16.1,40.1,25.8,61.7
2026-01-17 07:00:00,KYIV-010-1,KYIV-010,Band 3 (1800MHz),-89.5,-14.2,12.4,65.3,29.0,68.6
2026-01-17 07:00:00,KYIV-010-2,KYIV-010,Band 3 (1800MHz),-83.1,-7.7,20.5,72.9,20.6,87.4
2026-01-17 07:00:00,KYIV-010-3,KYIV-010,Band 3 (1800MHz),-83.3,-10.3,24.4,74.2,32.5,77.1
2026-01-17 07:00:00,KYIV-011-1,KYIV-011,Band 1 (2100MHz),-86.0,-12.1,0.1,54.1,30.6,79.1
2026-01-17 07:00:00,KYIV-011-2,KYIV-011,Band 1 (2100MHz),-93.1,-11.5,8.9,59.5,42.9,104.4
2026-01-17 07:00:00,KYIV-011-3,KYIV-011,Band 1 (2100MHz),-84.4,-15.2,9.8,56.4,30.0,110.6
2026-01-17 07:00:00,KYIV-012-1,KYIV-012,Band 3 (1800MHz),-82.9,-13.4,16.8,44.9,37.2,59.8
2026-01-17 07:00:00,KYIV-012-2,KYIV-012,Band 3 (1800MHz),-96.0,-13.3,10.5,48.0,11.0,80.3
2026-01-17 07:00:00,KYIV-012-3,KYIV-012,Band 3 (1800MHz),-90.4,-9.2,12.4,25.7,32.7,97.6
2026-01-17 07:00:00,KYIV-013-1,KYIV-013,Band 1 (2100MHz),-90.4,-10.4,6.6,43.8,27.4,93.9
2026-01-17 07:00:00,KYIV-013-2,KYIV-013,Band 1 (2100MHz),-83.8,-9.4,10.7,47.1,17.3,41.6
2026-01-17 07:00:00,KYIV-013-3,KYIV-013,Band 1 (2100MHz),-92.1,-10.1,16.2,69.5,42.6,83.0
2026-01-17 07:00:00,KYIV-014-1,KYIV-014,Band 3 (1800MHz),-86.4,-11.0,20.0,80.2,37.4,85.9
2026-01-17 07:00:00,KYIV-014-2,KYIV-014,Band 3 (1800MHz),-102.1,-15.6,8.4,51.9,24.4,111.4
2026-01-17 07:00:00,KYIV-014-3,KYIV-014,Band 3 (1800MHz),-82.9,-9.3,5.9,49.7,17.0,66.4
2026-01-17 07:00:00,KYIV-015-1,KYIV-015,Band 1 (2100MHz),-94.0,-9.5,20.6,58.8,20.2,59.7
2026-01-17 07:00:00,KYIV-015-2,KYIV-015,Band 1 (2100MHz),-88.4,-12.8,10.6,42.6,38.6,123.9
2026-01-17 07:00:00,KYIV-015-3,KYIV-015,Band 1 (2100MHz),-94.7,-10.0,18.5,50.0,48.0,71.7
2026-01-17 07:00:00,KYIV-016-1,KYIV-016,Band 3 (1800MHz),-88.1,-9.9,21.8,34.7,21.0,84.5
2026-01-17 07:00:00,KYIV-016-2,KYIV-016,Band 3 (1800MHz),-92.0,-7.6,16.0,46.6,40.7,82.4
2026-01-17 07:00:00,KYIV-016-3,KYIV-016,Band 3 (1800MHz),-84.6,-11.7,10.5,50.6,34.1,101.8
2026-01-17 08:00:00,KYIV-001-1,KYIV-001,Band 1 (2100MHz),-88.1,-13.0,15.7,51.8,31.8,73.7
2026-01-17 08:00:00,KYIV-001-2,KYIV-001,Band 1 (2100MHz),-81.2,-14.1,9.4,61.4,50.9,86.7
2026-01-17 08:00:00,KYIV-001-3,KYIV-001,Band 1 (2100MHz),-80.8,-8.2,15.5,64.5,30.8,91.7
2026-01-17 08:00:00,KYIV-002-1,KYIV-002,Band 3 (1800MHz),-102.4,-18.3,1.1,65.6,42.8,117.5
2026-01-17 08:00:00,KYIV-002-2,KYIV-002,Band 3 (1800MHz),-103.1,-14.4,5.3,71.1,18.0,119.3
2026-01-17 08:00:00,KYIV-002-3,KYIV-002,Band 3 (1800MHz),-88.5,-10.1,10.2,79.0,32.3,80.8
2026-01-17 08:00:00,KYIV-003-1,KYIV-003,Band 1 (2100MHz),-89.6,-10.8,6.0,80.5,46.0,134.5
2026-01-17 08:00:00,KYIV-003-2,KYIV-003,Band 1 (2100MHz),-73.6,-7.0,17.2,50.4,51.0,98.1
2026-01-17 08:00:00,KYIV-003-3,KYIV-003,Band 1 (2100MHz),-90.9,-11.7,10.8,50.2,39.2,92.8
2026-01-17 08:00:00,KYIV-004-1,KYIV-004,Band 3 (1800MHz),-85.4,-11.3,14.4,47.2,37.9,131.2
2026-01-17 08:00:00,KYIV-004-2,KYIV-004,Band 3 (1800MHz),-85.4,-10.8,22.3,70.3,38.8,103.2
2026-01-17 08:00:00,KYIV-004-3,KYIV-004,Band 3 (1800MHz),-84.6,-9.0,12.2,55.8,52.3,102.5
2026-01-17 08:00:00,KYIV-005-1,KYIV-005,Band 1 (2100MHz),-79.7,-10.9,19.9,57.5,32.8,112.4
2026-01-17 08:00:00,KYIV-005-2,KYIV-005,Band 1 (2100MHz),-82.1,-8.1,18.0,58.4,34.0,126.6
2026-01-17 08:00:00,KYIV-005-3,KYIV-005,Band 1 (2100MHz),-93.3,-13.5,0.3,59.0,34.0,135.5
2026-01-17 08:00:00,KYIV-006-1,KYIV-006,Band 3 (1800MHz),-93.3,-14.5,6.4,64.7,52.0,117.3
2026-01-17 08:00:00,KYIV-006-2,KYIV-006,Band 3 (1800MHz),-88.0,-11.8,13.2,81.3,32.7,133.1
2026-01-17 08:00:00,KYIV-006-3,KYIV-006,Band 3 (1800MHz),-81.1,-14.1,9.3,81.8,39.8,129.7
2026-01-17 08:00:00,KYIV-007-1,KYIV-007,Band 1 (2100MHz),-86.4,-8.8,14.5,53.1,40.1,130.1
2026-01-17 08:00:00,KYIV-007-2,KYIV-007,Band 1 (2100MHz),-86.9,-10.2,10.9,48.0,49.7,70.3
2026-01-17 08:00:00,KYIV-007-3,KYIV-007,Band 1 (2100MHz),-84.9,-13.6,8.7,64.3,41.8,86.7
2026-01-17 08:00:00,KYIV-008-1,KYIV-008,Band 3 (1800MHz),-88.0,-9.9,11.1,77.7,37.8,115.2
2026-01-17 08:00:00,KYIV-008-2,KYIV-008,Band 3 (1800MHz),-78.8,-12.4,8.9,63.8,49.7,86.9
2026-01-17 08:00:00,KYIV-008-3,KYIV-008,Band 3 (1800MHz),-87.2,-11.0,13.9,69.2,28.6,117.1
2026-01-17 08:00:00,KYIV-009-1,KYIV-009,Band 1 (2100MHz),-89.3,-7.5,7.5,91.5,37.6,44.3
2026-01-17 08:00:00,KYIV-009-2,KYIV-009,Band 1 (2100MHz),-83.9,-10.1,6.0,73.1,52.0,91.4
2026-01-17 08:00:00,KYIV-009-3,KYIV-009,Band 1 (2100MHz),-90.3,-11.2,16.8,84.1,38.1,79.2
2026-01-17 08:00:00,KYIV-010-1,KYIV-010,Band 3 (1800MHz),-90.8,-12.2,14.8,78.6,41.5,118.0
2026-01-17 08:00:00,KYIV-010-2,KYIV-010,Band 3 (1800MHz),-87.4,-14.7,8.6,72.3,28.0,114.8
2026-01-17 08:00:00,KYIV-010-3,KYIV-010,Band 3 (1800MHz),-84.2,-10.7,12.5,47.9,43.2,96.0
2026-01-17 08:00:00,KYIV-011-1,KYIV-011,Band 1 (2100MHz),-82.8,-10.1,16.8,69.4,53.3,135.6
2026-01-17 08:00:00,KYIV-011-2,KYIV-011,Band 1 (2100MHz),-87.4,-11.8,16.0,80.5,30.0,129.5
2026-01-17 08:00:00,KYIV-011-3,KYIV-011,Band 1 (2100MHz),-85.1,-11.8,18.1,83.9,50.3,107.5
2026-01-17 08:00:00,KYIV-012-1,KYIV-012,Band 3 (1800MHz),-89.7,-15.8,4.1,44.8,60.0,131.4
2026-01-17 08:00:00,KYIV-012-2,KYIV-012,Band 3 (1800MHz),-85.2,-10.3,23.7,55.3,54.0,111.7
2026-01-17 08:00:00,KYIV-012-3,KYIV-012,Band 3 (1800MHz),-84.9,-13.8,5.9,77.5,38.9,110.8
2026-01-17 08:00:00,KYIV-013-1,KYIV-013,Band 1 (2100MHz),-92.6,-12.4,17.6,60.9,45.7,134.5
2026-01-17 08:00:00,KYIV-013-2,KYIV-013,Band 1 (2100MHz),-84.7,-9.5,11.4,69.5,43.7,109.5
2026-01-17 08:00:00,KYIV-013-3,KYIV-013,Band 1 (2100MHz),-83.9,-12.9,16.9,59.3,50.5,85.7
2026-01-17 08:00:00,KYIV-014-1,KYIV-014,Band 3 (1800MHz),-85.5,-11.5,17.7,72.9,55.8,138.2
2026-01-17 08:00:00,KYIV-014-2,KYIV-014,Band 3 (1800MHz),-96.4,-17.9,-5.1,71.1,39.0,124.6
2026-01-17 08:00:00,KYIV-014-3,KYIV-014,Band 3 (1800MHz),-96.6,-9.7,8.5,72.0,44.6,149.1
2026-01-17 08:00:00,KYIV-015-1,KYIV-015,Band 1 (2100MHz),-82.9,-11.7,8.6,84.3,48.6,131.7
2026-01-17 08:00:00,KYIV-015-2,KYIV-015,Band 1 (2100MHz),-91.8,-12.9,11.7,61.5,36.0,104.7
2026-01-17 08:00:00,KYIV-015-3,KYIV-015,Band 1 (2100MHz),-91.0,-12.1,10.4,77.0,31.2,136.2
2026-01-17 08:00:00,KYIV-016-1,KYIV-016,Band 3 (1800MHz),-86.1,-11.7,11.4,70.1,56.7,81.1
2026-01-17 08:00:00,KYIV-016-2,KYIV-016,Band 3 (1800MHz),-90.7,-7.1,11.1,60.1,29.8,105.2
2026-01-17 08:00:00,KYIV-016-3,KYIV-016,Band 3 (1800MHz),-83.6,-13.4,12.5,76.3,24.9,124.7
2026-01-17 09:00:00,KYIV-001-1,KYIV-001,Band 1 (2100MHz),-89.8,-7.7,3.6,50.6,27.4,35.5
2026-01-17 09:00:00,KYIV-001-2,KYIV-001,Band 1 (2100MHz),-86.7,-13.7,16.9,57.7,43.6,129.9
2026-01-17 09:00:00,KYIV-001-3,KYIV-001,Band 1 (2100MHz),-84.5,-12.1,17.1,30.4,21.8,53.5
2026-01-17 09:00:00,KYIV-002-1,KYIV-002,Band 3 (1800MHz),-98.8,-15.1,2.0,56.9,33.2,92.8
2026-01-17 09:00:00,KYIV-002-2,KYIV-002,Band 3 (1800MHz),-100.3,-15.6,11.7,42.6,25.2,58.9
2026-01-17 09:00:00,KYIV-002-3,KYIV-002,Band 3 (1800MHz),-92.3,-7.8,10.7,46.4,27.8,80.2
2026-01-17 09:00:00,KYIV-003-1,KYIV-003,Band 1 (2100MHz),-82.7,-10.9,15.6,35.4,41.3,66.2
2026-01-17 09:00:00,KYIV-003-2,KYIV-003,Band 1 (2100MHz),-89.4,-11.9,14.4,53.3,27.8,62.3
2026-01-17 09:00:00,KYIV-003-3,KYIV-003,Band 1 (2100MHz),-81.3,-12.9,12.4,54.0,33.5,129.1
2026-01-17 09:00:00,KYIV-004-1,KYIV-004,Band 3 (1800MHz),-90.7,-8.3,17.9,69.4,35.7,77.0
2026-01-17 09:00:00,KYIV-004-2,KYIV-004,Band 3 (1800MHz),-88.2,-13.0,13.1,62.4,33.4,108.6
2026-01-17 09:00:00,KYIV-004-3,KYIV-004,Band 3 (1800MHz),-83.1,-10.1,12.9,70.4,25.7,69.6
2026-01-17 09:00:00,KYIV-005-1,KYIV-005,Band 1 (2100MHz),-84.3,-10.3,18.9,54.5,23.8,87.5
2026-01-17 09:00:00,KYIV-005-2,KYIV-005,Band 1 (2100MHz),-83.5,-9.8,19.4,61.2,27.4,107.5
2026-01-17 09:00:00,KYIV-005-3,KYIV-005,Band 1 (2100MHz),-99.1,-14.2,7.5,50.6,32.4,88.8
2026-01-17 09:00:00,KYIV-006-1,KYIV-006,Band 3 (1800MHz),-86.5,-8.4,12.4,64.5,24.5,64.0
2026-01-17 09:00:00,KYIV-006-2,KYIV-006,Band 3 (1800MHz),-86.9,-13.6,17.0,28.2,25.8,90.3
2026-01-17 09:00:00,KYIV-006-3,KYIV-006,Band 3 (1800MHz),-87.8,-9.9,14.1,63.4,23.3,99.5
2026-01-17 09:00:00,KYIV-007-1,KYIV-007,Band 1 (2100MHz),-87.3,-11.1,10.5,70.3,36.2,88.3
2026-01-17 09:00:00,KYIV-007-2,KYIV-007,Band 1 (2100MHz),-87.0,-13.5,9.8,45.5,27.6,119.5
2026-01-17 09:00:00,KYIV-007-3,KYIV-007,Band 1 (2100MHz),-85.7,-12.5,13.2,61.1,36.4,105.3
2026-01-17 09:00:00,KYIV-008-1,KYIV-008,Band 3 (1800MHz),-91.5,-10.2,19.0,50.6,36.2,77.8
2026-01-17 09:00:00,KYIV-008-2,KYIV-008,Band 3 (1800MHz),-81.7,-8.2,5.0,58.9,32.6,84.0
2026-01-17 09:00:00,KYIV-008-3,KYIV-008,Band 3 (1800MHz),-92.7,-5.1,16.5,54.1,28.1,71.1
2026-01-17 09:00:00,KYIV-009-1,KYIV-009,Band 1 (2100MHz),-82.9,-12.5,9.9,56.3,34.4,53.3
2026-01-17 09:00:00,KYIV-009-2,KYIV-009,Band 1 (2100MHz),-79.9,-6.3,16.3,50.0,10.4,76.3
2026-01-17 09:00:00,KYIV-009-3,KYIV-009,Band 1 (2100MHz),-91.3,-8.1,1.5,67.6,27.9,90.7
2026-01-17 09:00:00,KYIV-010-1,KYIV-010,Band 3 (1800MHz),-87.2,-15.1,16.6,51.4,37.4,67.8
2026-01-17 09:00:00,KYIV-010-2,KYIV-010,Band 3 (1800MHz),-92.6,-10.1,7.3,55.2,38.5,124.1
2026-01-17 09:00:00,KYIV-010-3,KYIV-010,Band 3 (1800MHz),-94.7,-9.3,13.8,44.6,32.4,57.3
2026-01-17 09:00:00,KYIV-011-1,KYIV-011,Band 1 (2100MHz),-93.0,-10.3,14.8,36.2,25.1,64.0
2026-01-17 09:00:00,KYIV-011-2,KYIV-011,Band 1 (2100MHz),-83.8,-12.1,7.0,71.3,45.3,44.5
2026-01-17 09:00:00,KYIV-011-3,KYIV-011,Band 1 (2100MHz),-86.0,-15.6,13.3,58.1,22.4,104.9
2026-01-17 09:00:00,KYIV-012-1,KYIV-012,Band 3 (1800MHz),-87.8,-9.2,28.4,41.1,31.6,111.0
2026-01-17 09:00:00,KYIV-012-2,KYIV-012,Band 3 (1800MHz),-82.8,-7.9,5.6,51.6,26.6,140.4
2026-01-17 09:00:00,KYIV-012-3,KYIV-012,Band 3 (1800MHz),-85.8,-9.3,11.5,41.5,24.2,89.7
2026-01-17 09:00:00,KYIV-013-1,KYIV-013,Band 1 (2100MHz),-87.2,-10.2,10.1,45.6,26.2,51.7
2026-01-17 09:00:00,KYIV-013-2,KYIV-013,Band 1 (2100MHz),-93.6,-9.9,10.9,42.0,30.7,56.6
2026-01-17 09:00:00,KYIV-013-3,KYIV-013,Band 1 (2100MHz),-89.0,-10.8,13.9,61.4,24.1,68.8
2026-01-17 09:00:00,KYIV-014-1,KYIV-014,Band 3 (1800MHz),-89.1,-9.7,14.8,43.7,42.8,78.2
2026-01-17 09:00:00,KYIV-014-2,KYIV-014,Band 3 (1800MHz),-106.3,-15.6,9.0,51.5,31.9,106.8
2026-01-17 09:00:00,KYIV-014-3,KYIV-014,Band 3 (1800MHz),-84.2,-10.1,9.1,55.4,44.4,100.1
2026-01-17 09:00:00,KYIV-015-1,KYIV-015,Band 1 (2100MHz),-86.9,-8.9,16.7,55.5,41.3,82.5
2026-01-17 09:00:00,KYIV-015-2,KYIV-015,Band 1 (2100MHz),-91.9,-12.3,12.7,76.9,37.8,55.9
2026-01-17 09:00:00,KYIV-015-3,KYIV-015,Band 1 (2100MHz),-85.0,-12.0,5.4,66.8,17.9,79.8
2026-01-17 09:00:00,KYIV-016-1,KYIV-016,Band 3 (1800MHz),-86.7,-8.7,15.3,65.6,16.2,44.5
2026-01-17 09:00:00,KYIV-016-2,KYIV-016,Band 3 (1800MHz),-91.9,-12.5,6.9,79.7,24.5,68.2
2026-01-17 09:00:00,KYIV-016-3,KYIV-016,Band 3 (1800MHz),-84.9,-12.7,13.0,54.1,33.1,108.4
2026-01-17 10:00:00,KYIV-001-1,KYIV-001,Band 1 (2100MHz),-80.8,-7.0,11.7,12.6,2.5,22.6
2026-01-17 10:00:00,KYIV-001-2,KYIV-001,Band 1 (2100MHz),-86.9,-4.2,10.5,4.6,9.1,51.4
2026-01-17 10:00:00,KYIV-001-3,KYIV-001,Band 1 (2100MHz),-84.5,-5.0,10.4,16.2,14.0,12.6
2026-01-17 10:00:00,KYIV-002-1,KYIV-002,Band 3 (1800MHz),-97.4,-11.9,3.2,16.7,21.9,73.2
2026-01-17 10:00:00,KYIV-002-2,KYIV-002,Band 3 (1800MHz),-103.1,-10.6,1.5,16.4,1.4,11.2
2026-01-17 10:00:00,KYIV-002-3,KYIV-002,Band 3 (1800MHz),-94.1,-4.0,22.7,30.1,5.1,52.5
2026-01-17 10:00:00,KYIV-003-1,KYIV-003,Band 1 (2100MHz),-83.8,-6.0,11.8,30.6,18.8,3.8
2026-01-17 10:00:00,KYIV-003-2,KYIV-003,Band 1 (2100MHz),-89.7,-10.7,11.4,18.6,0.0,12.4
2026-01-17 10:00:00,KYIV-003-3,KYIV-003,Band 1 (2100MHz),-93.3,-8.2,23.4,20.4,11.6,0.0
2026-01-17 10:00:00,KYIV-004-1,KYIV-004,Band 3 (1800MHz),-90.2,-6.7,8.6,6.5,11.4,30.3
2026-01-17 10:00:00,KYIV-004-2,KYIV-004,Band 3 (1800MHz),-89.2,-7.3,9.3,27.8,11.3,0.0
2026-01-17 10:00:00,KYIV-004-3,KYIV-004,Band 3 (1800MHz),-85.3,-13.4,9.4,0.0,0.0,0.2
2026-01-17 10:00:00,KYIV-005-1,KYIV-005,Band 1 (2100MHz),-83.3,-3.6,13.3,10.7,30.8,12.7
2026-01-17 10:00:00,KYIV-005-2,KYIV-005,Band 1 (2100MHz),-83.4,-10.2,12.7,0.0,6.1,17.4
2026-01-17 10:00:00,KYIV-005-3,KYIV-005,Band 1 (2100MHz),-98.9,-12.9,8.8,6.8,1.2,34.5
2026-01-17 10:00:00,KYIV-006-1,KYIV-006,Band 3 (1800MHz),-85.2,-5.9,8.6,23.8,12.4,9.1
2026-01-17 10:00:00,KYIV-006-2,KYIV-006,Band 3 (1800MHz),-89.8,-9.8,14.8,26.2,16.2,26.3
2026-01-17 10:00:00,KYIV-006-3,KYIV-006,Band 3 (1800MHz),-88.5,-9.7,13.8,8.7,10.5,0.6
2026-01-17 10:00:00,KYIV-007-1,KYIV-007,Band 1 (2100MHz),-94.1,-2.4,17.0,21.2,17.8,12.7
2026-01-17 10:00:00,KYIV-007-2,KYIV-007,Band 1 (2100MHz),-86.0,-8.6,10.4,13.6,6.1,37.5
2026-01-17 10:00:00,KYIV-007-3,KYIV-007,Band 1 (2100MHz),-82.2,-6.6,15.9,14.6,0.0,44.9
2026-01-17 10:00:00,KYIV-008-1,KYIV-008,Band 3 (1800MHz),-89.3,-10.4,14.4,15.4,4.6,28.6
2026-01-17 10:00:00,KYIV-008-2,KYIV-008,Band 3 (1800MHz),-90.6,-9.4,19.6,4.9,12.7,11.6
2026-01-17 10:00:00,KYIV-008-3,KYIV-008,Band 3 (1800MHz),-82.7,-8.0,16.4,5.2,11.8,42.4
2026-01-17 10:00:00,KYIV-009-1,KYIV-009,Band 1 (2100MHz),-91.3,-8.4,17.4,37.6,3.0,47.5
2026-01-17 10:00:00,KYIV-009-2,KYIV-009,Band 1 (2100MHz),-85.0,-13.6,16.9,27.8,22.6,34.9
2026-01-17 10:00:00,KYIV-009-3,KYIV-009,Band 1 (2100MHz),-89.7,-6.4,15.3,10.1,1.8,20.5
2026-01-17 10:00:00,KYIV-010-1,KYIV-010,Band 3 (1800MHz),-87.7,-6.4,17.8,9.2,7.6,17.5
2026-01-17 10:00:00,KYIV-010-2,KYIV-010,Band 3 (1800MHz),-87.8,-8.4,22.8,42.6,18.3,51.4
2026-01-17 10:00:00,KYIV-010-3,KYIV-010,Band 3 (1800MHz),-91.0,-10.1,4.7,20.1,0.2,33.4
2026-01-17 10:00:00,KYIV-011-1,KYIV-011,Band 1 (2100MHz),-88.6,-6.4,10.2,13.1,20.1,41.2
2026-01-17 10:00:00,KYIV-011-2,KYIV-011,Band 1 (2100MHz),-89.9,-6.2,12.3,33.4,2.8,35.0
2026-01-17 10:00:00,KYIV-011-3,KYIV-011,Band 1 (2100MHz),-89.5,-11.8,7.2,23.7,22.2,8.8
2026-01-17 10:00:00,KYIV-012-1,KYIV-012,Band 3 (1800MHz),-95.9,-7.8,11.6,0.0,11.6,41.8
2026-01-17 10:00:00,KYIV-012-2,KYIV-012,Band 3 (1800MHz),-89.3,-6.0,11.9,30.4,0.0,22.5
2026-01-17 10:00:00,KYIV-012-3,KYIV-012,Band 3 (1800MHz),-88.3,-5.1,8.0,8.0,4.3,4.2
2026-01-17 10:00:00,KYIV-013-1,KYIV-013,Band 1 (2100MHz),-89.1,-11.8,13.8,15.8,11.0,0.0
2026-01-17 10:00:00,KYIV-013-2,KYIV-013,Band 1 (2100MHz),-88.4,-7.2,6.0,0.0,14.2,25.0
2026-01-17 10:00:00,KYIV-013-3,KYIV-013,Band 1 (2100MHz),-87.8,-9.8,14.0,8.0,3.9,33.2
2026-01-17 10:00:00,KYIV-014-1,KYIV-014,Band 3 (1800MHz),-90.4,-10.8,11.9,8.1,7.7,20.8
2026-01-17 10:00:00,KYIV-014-2,KYIV-014,Band 3 (1800MHz),-99.0,-11.7,0.1,8.1,0.0,39.9
2026-01-17 10:00:00,KYIV-014-3,KYIV-014,Band 3 (1800MHz),-90.6,-11.2,17.2,14.4,11.8,16.9
2026-01-17 10:00:00,KYIV-015-1,KYIV-015,Band 1 (2100MHz),-88.4,-8.8,6.5,38.7,18.5,13.0
2026-01-17 10:00:00,KYIV-015-2,KYIV-015,Band 1 (2100MHz),-94.9,-9.2,14.8,23.7,10.9,22.1
2026-01-17 10:00:00,KYIV-015-3,KYIV-015,Band 1 (2100MHz),-89.1,-9.8,21.4,3.8,5.3,20.5
2026-01-17 10:00:00,KYIV-016-1,KYIV-016,Band 3 (1800MHz),-87.4,-7.6,9.5,6.2,21.4,25.0
2026-01-17 10:00:00,KYIV-016-2,KYIV-016,Band 3 (1800MHz),-88.0,-9.8,12.8,6.2,20.3,42.9
2026-01-17 10:00:00,KYIV-016-3,KYIV-016,Band 3 (1800MHz),-85.4,-11.7,31.1,37.8,21.5,6.4
2026-01-17 11:00:00,KYIV-001-1,KYIV-001,Band 1 (2100MHz),-83.2,-10.8,20.1,55.7,29.6,85.6
2026-01-17 11:00:00,KYIV-001-2,KYIV-001,Band 1 (2100MHz),-93.7,-10.9,9.5,62.4,20.1,54.6
2026-01-17 11:00:00,KYIV-001-3,KYIV-001,Band 1 (2100MHz),-91.5,-10.1,12.0,42.5,31.4,91.4
2026-01-17 11:00:00,KYIV-002-1,KYIV-002,Band 3 (1800MHz),-103.0,-16.8,9.8,65.4,35.8,74.0
2026-01-17 11:00:00,KYIV-002-2,KYIV-002,Band 3 (1800MHz),-95.8,-14.3,9.2,43.4,23.0,95.9
2026-01-17 11:00:00,KYIV-002-3,KYIV-002,Band 3 (1800MHz),-86.5,-11.1,7.5,31.4,9.5,107.8
2026-01-17 11:00:00,KYIV-003-1,KYIV-003,Band 1 (2100MHz),-92.1,-10.7,23.1,38.4,45.4,45.5
2026-01-17 11:00:00,KYIV-003-2,KYIV-003,Band 1 (2100MHz),-83.3,-13.2,7.3,37.1,32.7,83.2
2026-01-17 11:00:00,KYIV-003-3,KYIV-003,Band 1 (2100MHz),-86.4,-10.6,16.2,42.9,15.2,58.8
2026-01-17 11:00:00,KYIV-004-1,KYIV-004,Band 3 (1800MHz),-86.8,-13.2,1.6,51.2,37.4,51.5
2026-01-17 11:00:00,KYIV-004-2,KYIV-004,Band 3 (1800MHz),-95.3,-7.1,11.3,37.4,17.1,111.6
2026-01-17 11:00:00,KYIV-004-3,KYIV-004,Band 3 (1800MHz),-83.9,-8.8,3.6,51.7,37.1,64.7
2026-01-17 11:00:00,KYIV-005-1,KYIV-005,Band 1 (2100MHz),-91.4,-14.2,14.0,45.9,28.9,73.8
2026-01-17 11:00:00,KYIV-005-2,KYIV-005,Band 1 (2100MHz),-80.6,-8.6,9.9,51.3,10.2,80.1
2026-01-17 11:00:00,KYIV-005-3,KYIV-005,Band 1 (2100MHz),-102.6,-17.5,11.0,29.9,31.5,64.2
2026-01-17 11:00:00,KYIV-006-1,KYIV-006,Band 3 (1800MHz),-85.7,-12.2,17.6,62.4,41.5,65.0
2026-01-17 11:00:00,KYIV-006-2,KYIV-006,Band 3 (1800MHz),-86.2,-9.7,14.2,43.1,40.3,63.5
2026-01-17 11:00:00,KYIV-006-3,KYIV-006,Band 3 (1800MHz),-93.5,-9.5,12.5,39.9,36.5,93.8
2026-01-17 11:00:00,KYIV-007-1,KYIV-007,Band 1 (2100MHz),-88.0,-10.3,11.7,42.3,26.3,59.6
2026-01-17 11:00:00,KYIV-007-2,KYIV-007,Band 1 (2100MHz),-85.5,-9.7,3.8,37.9,18.8,67.5
2026-01-17 11:00:00,KYIV-007-3,KYIV-007,Band 1 (2100MHz),-83.5,-12.8,16.0,55.5,27.4,87.6
2026-01-17 11:00:00,KYIV-008-1,KYIV-008,Band 3 (1800MHz),-85.7,-7.3,13.1,44.3,23.5,118.8
2026-01-17 11:00:00,KYIV-008-2,KYIV-008,Band 3 (1800MHz),-84.4,-12.4,10.1,41.1,30.7,72.6
2026-01-17 11:00:00,KYIV-008-3,KYIV-008,Band 3 (1800MHz),-87.3,-7.8,14.2,43.3,15.7,77.6
2026-01-17 11:00:00,KYIV-009-1,KYIV-009,Band 1 (2100MHz),-86.9,-13.5,14.2,32.5,25.7,61.0
2026-01-17 11:00:00,KYIV-009-2,KYIV-009,Band 1 (2100MHz),-87.2,-12.5,21.9,39.7,19.0,75.5
2026-01-17 11:00:00,KYIV-009-3,KYIV-009,Band 1 (2100MHz),-89.5,-11.4,6.3,65.7,17.6,33.5
2026-01-17 11:00:00,KYIV-010-1,KYIV-010,Band 3 (1800MHz),-85.2,-9.6,14.9,43.3,23.1,68.6
2026-01-17 11:00:00,KYIV-010-2,KYIV-010,Band 3 (1800MHz),-88.3,-7.3,5.4,34.0,34.1,80.6
2026-01-17 11:00:00,KYIV-010-3,KYIV-010,Band 3 (1800MHz),-92.9,-12.3,12.4,51.4,21.9,110.9
2026-01-17 11:00:00,KYIV-011-1,KYIV-011,Band 1 (2100MHz),-82.4,-8.9,3.5,54.8,26.4,108.0
2026-01-17 11:00:00,KYIV-011-2,KYIV-011,Band 1 (2100MHz),-89.1,-10.8,17.5,25.3,30.1,111.7
2026-01-17 11:00:00,KYIV-011-3,KYIV-011,Band 1 (2100MHz),-86.2,-7.3,15.0,42.2,38.6,78.5
2026-01-17 11:00:00,KYIV-012-1,KYIV-012,Band 3 (1800MHz),-92.9,-9.1,10.1,53.6,30.0,67.4
2026-01-17 11:00:00,KYIV-012-2,KYIV-012,Band 3 (1800MHz),-89.6,-9.7,18.5,64.5,17.9,87.7
2026-01-17 11:00:00,KYIV-012-3,KYIV-012,Band 3 (1800MHz),-82.8,-11.5,14.9,42.0,29.9,91.7
2026-01-17 11:00:00,KYIV-013-1,KYIV-013,Band 1 (2100MHz),-93.2,-10.8,10.1,34.9,28.4,88.4
2026-01-17 11:00:00,KYIV-013-2,KYIV-013,Band 1 (2100MHz),-88.1,-12.2,8.9,52.4,27.1,56.7
2026-01-17 11:00:00,KYIV-013-3,KYIV-013,Band 1 (2100MHz),-97.7,-10.2,15.9,62.7,29.2,58.5
2026-01-17 11:00:00,KYIV-014-1,KYIV-014,Band 3 (1800MHz),-88.8,-7.1,12.6,43.6,26.0,27.0
2026-01-17 11:00:00,KYIV-014-2,KYIV-014,Band 3 (1800MHz),-103.0,-17.4,3.4,32.9,38.7,70.9
2026-01-17 11:00:00,KYIV-014-3,KYIV-014,Band 3 (1800MHz),-85.8,-8.1,18.4,36.5,29.9,93.7
2026-01-17 11:00:00,KYIV-015-1,KYIV-015,Band 1 (2100MHz),-87.3,-7.3,11.6,47.5,55.0,99.4
2026-01-17 11:00:00,KYIV-015-2,KYIV-015,Band 1 (2100MHz),-86.9,-11.5,7.2,40.0,33.9,75.6
2026-01-17 11:00:00,KYIV-015-3,KYIV-015,Band 1 (2100MHz),-92.4,-8.2,14.6,34.2,25.5,81.1
2026-01-17 11:00:00,KYIV-016-1,KYIV-016,Band 3 (1800MHz),-92.0,-9.5,12.1,18.6,25.8,104.5
2026-01-17 11:00:00,KYIV-016-2,KYIV-016,Band 3 (1800MHz),-81.4,-12.8,15.3,56.3,18.4,61.5
2026-01-17 11:00:00,KYIV-016-3,KYIV-016,Band 3 (1800MHz),-87.1,-8.9,17.3,54.5,36.2,82.8
2026-01-17 12:00:00,KYIV-001-1,KYIV-001,Band 1 (2100MHz),-85.1,-9.0,11.3,42.5,40.2,72.3
2026-01-17 12:00:00,KYIV-001-2,KYIV-001,Band 1 (2100MHz),-88.8,-12.1,11.9,54.4,22.9,29.0
2026-01-17 12:00:00,KYIV-001-3,KYIV-001,Band 1 (2100MHz),-83.4,-10.5,15.9,42.5,19.1,115.6
2026-01-17 12:00:00,KYIV-002-1,KYIV-002,Band 3 (1800MHz),-105.3,-14.8,2.6,42.6,19.9,60.0
2026-01-17 12:00:00,KYIV-002-2,KYIV-002,Band 3 (1800MHz),-106.9,-13.2,12.1,58.2,26.3,74.8
2026-01-17 12:00:00,KYIV-002-3,KYIV-002,Band 3 (1800MHz),-93.9,-12.1,13.4,44.5,44.2,37.1
2026-01-17 12:00:00,KYIV-003-1,KYIV-003,Band 1 (2100MHz),-89.8,-10.9,15.5,33.1,25.3,116.9
2026-01-17 12:00:00,KYIV-003-2,KYIV-003,Band 1 (2100MHz),-90.4,-8.5,19.0,39.6,44.1,70.8
2026-01-17 12:00:00,KYIV-003-3,KYIV-003,Band 1 (2100MHz),-85.0,-9.4,13.0,34.3,21.0,57.0
2026-01-17 12:00:00,KYIV-004-1,KYIV-004,Band 3 (1800MHz),-86.7,-10.9,19.6,62.7,19.6,17.9
2026-01-17 12:00:00,KYIV-004-2,KYIV-004,Band 3 (1800MHz),-83.8,-8.7,19.9,49.9,24.2,88.1
2026-01-17 12:00:00,KYIV-004-3,KYIV-004,Band 3 (1800MHz),-87.8,-9.8,19.6,65.2,17.4,117.0
2026-01-17 12:00:00,KYIV-005-1,KYIV-005,Band 1 (2100MHz),-86.6,-13.0,18.4,55.6,40.2,86.5
2026-01-17 12:00:00,KYIV-005-2,KYIV-005,Band 1 (2100MHz),-79.8,-9.4,14.0,51.6,28.8,85.5
2026-01-17 12:00:00,KYIV-005-3,KYIV-005,Band 1 (2100MHz),-104.4,-18.3,5.1,46.7,36.8,91.1
2026-01-17 12:00:00,KYIV-006-1,KYIV-006,Band 3 (1800MHz),-83.4,-12.1,10.6,50.2,33.3,80.1
2026-01-17 12:00:00,KYIV-006-2,KYIV-006,Band 3 (1800MHz),-81.5,-10.4,17.0,57.8,9.4,108.3
2026-01-17 12:00:00,KYIV-006-3,KYIV-006,Band 3 (1800MHz),-87.6,-8.2,11.4,58.5,34.0,43.0
2026-01-17 12:00:00,KYIV-007-1,KYIV-007,Band 1 (2100MHz),-83.3,-11.3,16.1,53.3,20.1,101.8
2026-01-17 12:00:00,KYIV-007-2,KYIV-007,Band 1 (2100MHz),-83.0,-9.3,7.3,40.8,28.4,82.5
2026-01-17 12:00:00,KYIV-007-3,KYIV-007,Band 1 (2100MHz),-92.0,-10.2,15.5,47.5,21.0,69.0
2026-01-17 12:00:00,KYIV-008-1,KYIV-008,Band 3 (1800MHz),-86.0,-6.0,20.1,44.8,31.3,101.5
2026-01-17 12:00:00,KYIV-008-2,KYIV-008,Band 3 (1800MHz),-88.5,-8.1,13.0,37.7,27.6,100.3
2026-01-17 12:00:00,KYIV-008-3,KYIV-008,Band 3 (1800MHz),-82.0,-6.2,9.0,43.2,28.3,85.8
2026-01-17 12:00:00,KYIV-009-1,KYIV-009,Band 1 (2100MHz),-86.6,-11.5,18.9,65.3,33.3,69.2
2026-01-17 12:00:00,KYIV-009-2,KYIV-009,Band 1 (2100MHz),-86.0,-10.9,16.4,39.0,26.0,84.3
2026-01-17 12:00:00,KYIV-009-3,KYIV-009,Band 1 (2100MHz),-87.7,-7.6,7.7,62.3,19.4,38.3
2026-01-17 12:00:00,KYIV-010-1,KYIV-010,Band 3 (1800MHz),-79.7,-7.8,18.8,51.8,22.8,89.1
2026-01-17 12:00:00,KYIV-010-2,KYIV-010,Band 3 (1800MHz),-80.6,-9.1,16.8,43.1,30.0,72.8
2026-01-17 12:00:00,KYIV-010-3,KYIV-010,Band 3 (1800MHz),-88.7,-8.5,7.2,53.1,21.5,72.2
2026-01-17 12:00:00,KYIV-011-1,KYIV-011,Band 1 (2100MHz),-85.5,-11.4,0.7,5.3,18.6,76.7
2026-01-17 12:00:00,KYIV-011-2,KYIV-011,Band 1 (2100MHz),-81.6,-14.0,17.2,64.4,25.1,61.8
2026-01-17 12:00:00,KYIV-011-3,KYIV-011,Band 1 (2100MHz),-82.4,-12.4,13.2,44.2,26.6,71.3
2026-01-17 12:00:00,KYIV-012-1,KYIV-012,Band 3 (1800MHz),-83.2,-9.0,21.4,39.0,41.7,92.5
2026-01-17 12:00:00,KYIV-012-2,KYIV-012,Band 3 (1800MHz),-85.2,-9.7,19.7,21.8,41.8,80.4
2026-01-17 12:00:00,KYIV-012-3,KYIV-012,Band 3 (1800MHz),-87.3,-8.7,14.0,28.0,31.8,52.5
2026-01-17 12:00:00,KYIV-013-1,KYIV-013,Band 1 (2100MHz),-84.2,-8.2,10.8,56.8,44.4,55.9
2026-01-17 12:00:00,KYIV-013-2,KYIV-013,Band 1 (2100MHz),-91.0,-12.1,9.0,71.9,20.4,50.3
2026-01-17 12:00:00,KYIV-013-3,KYIV-013,Band 1 (2100MHz),-84.0,-13.0,3.4,53.5,29.9,101.9
2026-01-17 12:00:00,KYIV-014-1,KYIV-014,Band 3 (1800MHz),-83.8,-12.1,7.5,56.8,37.4,104.8
2026-01-17 12:00:00,KYIV-014-2,KYIV-014,Band 3 (1800MHz),-97.3,-16.0,14.8,59.2,23.9,89.5
2026-01-17 12:00:00,KYIV-014-3,KYIV-014,Band 3 (1800MHz),-83.0,-10.1,23.1,46.9,26.8,42.2
2026-01-17 12:00:00,KYIV-015-1,KYIV-015,Band 1 (2100MHz),-79.1,-7.2,14.8,52.8,13.4,48.3
2026-01-17 12:00:00,KYIV-015-2,KYIV-015,Band 1 (2100MHz),-89.6,-11.7,19.8,42.2,39.8,70.8
2026-01-17 12:00:00,KYIV-015-3,KYIV-015,Band 1 (2100MHz),-82.7,-11.7,6.0,57.7,42.1,81.8
2026-01-17 12:00:00,KYIV-016-1,KYIV-016,Band 3 (1800MHz),-81.4,-9.5,13.4,33.7,31.4,111.8
2026-01-17 12:00:00,KYIV-016-2,KYIV-016,Band 3 (1800MHz),-81.9,-7.3,21.3,38.1,19.6,86.5
2026-01-17 12:00:00,KYIV-016-3,KYIV-016,Band 3 (1800MHz),-81.2,-7.3,10.1,48.7,34.9,75.2
2026-01-17 13:00:00,KYIV-001-1,KYIV-001,Band 1 (2100MHz),-84.6,-9.9,17.1,58.1,34.0,52.7
2026-01-17 13:00:00,KYIV-001-2,KYIV-001,Band 1 (2100MHz),-90.7,-9.0,5.2,45.2,37.0,79.3
2026-01-17 13:00:00,KYIV-001-3,KYIV-001,Band 1 (2100MHz),-91.7,-11.1,15.8,34.6,41.7,109.5
2026-01-17 13:00:00,KYIV-002-1,KYIV-002,Band 3 (1800MHz),-104.5,-12.9,0.4,53.4,35.4,104.2
2026-01-17 13:00:00,KYIV-002-2,KYIV-002,Band 3 (1800MHz),-99.9,-14.0,3.8,29.9,41.6,39.2
2026-01-17 13:00:00,KYIV-002-3,KYIV-002,Band 3 (1800MHz),-89.1,-10.4,18.4,64.4,43.0,89.0
2026-01-17 13:00:00,KYIV-003-1,KYIV-003,Band 1 (2100MHz),-83.1,-12.4,10.1,38.9,27.8,72.3
2026-01-17 13:00:00,KYIV-003-2,KYIV-003,Band 1 (2100MHz),-89.5,-11.0,6.9,42.1,34.5,79.2
2026-01-17 13:00:00,KYIV-003-3,KYIV-003,Band 1 (2100MHz),-84.6,-10.5,11.1,57.8,29.5,57.5
2026-01-17 13:00:00,KYIV-004-1,KYIV-004,Band 3 (1800MHz),-92.8,-9.0,21.0,26.9,31.1,111.5
2026-01-17 13:00:00,KYIV-004-2,KYIV-004,Band 3 (1800MHz),-79.7,-7.1,13.3,39.0,24.6,64.5
2026-01-17 13:00:00,KYIV-004-3,KYIV-004,Band 3 (1800MHz),-84.6,-12.2,5.5,34.0,24.3,86.5
2026-01-17 13:00:00,KYIV-005-1,KYIV-005,Band 1 (2100MHz),-88.1,-12.8,18.5,36.0,32.2,70.0
2026-01-17 13:00:00,KYIV-005-2,KYIV-005,Band 1 (2100MHz),-80.7,-13.6,7.7,54.7,24.2,85.8
2026-01-17 13:00:00,KYIV-005-3,KYIV-005,Band 1 (2100MHz),-97.2,-12.5,5.1,50.7,26.4,52.1
2026-01-17 13:00:00,KYIV-006-1,KYIV-006,Band 3 (1800MHz),-80.8,-9.7,12.1,37.4,35.3,94.0
2026-01-17 13:00:00,KYIV-006-2,KYIV-006,Band 3 (1800MHz),-89.1,-7.3,5.6,66.4,34.2,112.6
2026-01-17 13:00:00,KYIV-006-3,KYIV-006,Band 3 (1800MHz),-95.7,-10.7,11.8,67.4,22.9,83.1
2026-01-17 13:00:00,KYIV-007-1,KYIV-007,Band 1 (2100MHz),-87.9,-12.1,21.9,49.9,29.7,101.4
2026-01-17 13:00:00,KYIV-007-2,KYIV-007,Band 1 (2100MHz),-94.6,-11.3,19.4,45.8,31.1,44.1
2026-01-17 13:00:00,KYIV-007-3,KYIV-007,Band 1 (2100MHz),-83.7,-11.1,18.9,58.7,17.9,103.6
2026-01-17 13:00:00,KYIV-008-1,KYIV-008,Band 3 (1800MHz),-89.9,-11.7,15.6,66.9,46.0,73.7
2026-01-17 13:00:00,KYIV-008-2,KYIV-008,Band 3 (1800MHz),-85.5,-8.2,20.1,66.9,8.4,96.2
2026-01-17 13:00:00,KYIV-008-3,KYIV-008,Band 3 (1800MHz),-84.7,-11.2,14.6,58.9,46.4,52.5
2026-01-17 13:00:00,KYIV-009-1,KYIV-009,Band 1 (2100MHz),-93.0,-12.4,4.9,60.4,32.6,57.6
2026-01-17 13:00:00,KYIV-009-2,KYIV-009,Band 1 (2100MHz),-91.8,-10.8,16.8,37.9,23.5,94.7
2026-01-17 13:00:00,KYIV-009-3,KYIV-009,Band 1 (2100MHz),-84.4,-13.7,9.2,55.7,17.6,121.0
2026-01-17 13:00:00,KYIV-010-1,KYIV-010,Band 3 (1800MHz),-88.9,-12.6,8.6,40.2,31.6,108.5
2026-01-17 13:00:00,KYIV-010-2,KYIV-010,Band 3 (1800MHz),-82.2,-8.3,18.8,28.2,32.6,64.2
2026-01-17 13:00:00,KYIV-010-3,KYIV-010,Band 3 (1800MHz),-87.9,-8.1,11.5,51.3,40.5,83.2
2026-01-17 13:00:00,KYIV-011-1,KYIV-011,Band 1 (2100MHz),-79.6,-13.1,18.9,29.3,31.4,22.7
2026-01-17 13:00:00,KYIV-011-2,KYIV-011,Band 1 (2100MHz),-86.5,-12.7,12.0,50.1,25.2,47.6
2026-01-17 13:00:00,KYIV-011-3,KYIV-011,Band 1 (2100MHz),-89.2,-9.9,10.1,47.1,24.6,85.9
2026-01-17 13:00:00,KYIV-012-1,KYIV-012,Band 3 (1800MHz),-87.4,-8.7,12.0,45.3,40.0,76.4
2026-01-17 13:00:00,KYIV-012-2,KYIV-012,Band 3 (1800MHz),-87.9,-8.6,18.2,54.4,24.7,26.4
2026-01-17 13:00:00,KYIV-012-3,KYIV-012,Band 3 (1800MHz),-84.0,-12.9,7.8,55.2,21.5,43.3
2026-01-17 13:00:00,KYIV-013-1,KYIV-013,Band 1 (2100MHz),-89.4,-11.8,8.6,26.1,27.3,69.7
2026-01-17 13:00:00,KYIV-013-2,KYIV-013,Band 1 (2100MHz),-92.4,-8.7,11.5,38.7,29.8,91.8
2026-01-17 13:00:00,KYIV-013-3,KYIV-013,Band 1 (2100MHz),-85.3,-13.7,12.8,50.4,53.7,91.9
2026-01-17 13:00:00,KYIV-014-1,KYIV-014,Band 3 (1800MHz),-83.5,-7.7,11.6,53.4,39.3,69.5
2026-01-17 13:00:00,KYIV-014-2,KYIV-014,Band 3 (1800MHz),-105.0,-13.0,12.2,51.7,26.8,71.1
2026-01-17 13:00:00,KYIV-014-3,KYIV-014,Band 3 (1800MHz),-88.7,-13.1,18.4,32.5,24.6,77.2
2026-01-17 13:00:00,KYIV-015-1,KYIV-015,Band 1 (2100MHz),-86.4,-9.0,9.6,50.9,37.4,59.4
2026-01-17 13:00:00,KYIV-015-2,KYIV-015,Band 1 (2100MHz),-89.7,-7.4,15.4,32.7,22.6,95.3
2026-01-17 13:00:00,KYIV-015-3,KYIV-015,Band 1 (2100MHz),-89.0,-9.4,17.4,35.8,38.7,77.9
2026-01-17 13:00:00,KYIV-016-1,KYIV-016,Band 3 (1800MHz),-89.4,-10.7,11.9,47.0,37.4,87.4
2026-01-17 13:00:00,KYIV-016-2,KYIV-016,Band 3 (1800MHz),-93.6,-10.5,13.2,52.3,16.4,84.2
2026-01-17 13:00:00,KYIV-016-3,KYIV-016,Band 3 (1800MHz),-86.9,-11.1,13.4,34.8,28.2,81.0
2026-01-17 14:00:00,KYIV-001-1,KYIV-001,Band 1 (2100MHz),-84.6,-9.6,19.1,62.3,19.2,76.1
2026-01-17 14:00:00,KYIV-001-2,KYIV-001,Band 1 (2100MHz),-81.4,-13.9,13.7,51.7,25.1,46.6
2026-01-17 14:00:00,KYIV-001-3,KYIV-001,Band 1 (2100MHz),-88.4,-12.2,19.6,46.4,24.2,87.5
2026-01-17 14:00:00,KYIV-002-1,KYIV-002,Band 3 (1800MHz),-97.1,-12.9,6.3,45.4,25.6,90.5
2026-01-17 14:00:00,KYIV-002-2,KYIV-002,Band 3 (1800MHz),-105.4,-13.3,7.8,50.0,45.3,63.0
2026-01-17 14:00:00,KYIV-002-3,KYIV-002,Band 3 (1800MHz),-84.2,-10.2,14.8,62.4,21.6,120.5
2026-01-17 14:00:00,KYIV-003-1,KYIV-003,Band 1 (2100MHz),-89.0,-13.6,8.5,51.6,25.4,78.1
2026-01-17 14:00:00,KYIV-003-2,KYIV-003,Band 1 (2100MHz),-82.9,-10.0,11.7,16.0,19.6,84.1
2026-01-17 14:00:00,KYIV-003-3,KYIV-003,Band 1 (2100MHz),-83.4,-12.1,14.2,44.8,28.0,69.8
2026-01-17 14:00:00,KYIV-004-1,KYIV-004,Band 3 (1800MHz),-86.9,-8.7,15.1,39.4,31.0,85.2
2026-01-17 14:00:00,KYIV-004-2,KYIV-004,Band 3 (1800MHz),-82.5,-11.9,25.1,60.6,20.2,84.2
2026-01-17 14:00:00,KYIV-004-3,KYIV-004,Band 3 (1800MHz),-82.5,-12.2,17.5,53.3,31.1,123.2
2026-01-17 14:00:00,KYIV-005-1,KYIV-005,Band 1 (2100MHz),-90.1,-10.2,16.5,34.5,31.6,53.8
2026-01-17 14:00:00,KYIV-005-2,KYIV-005,Band 1 (2100MHz),-82.4,-8.8,23.0,57.3,20.8,86.3
2026-01-17 14:00:00,KYIV-005-3,KYIV-005,Band 1 (2100MHz),-93.7,-14.6,1.6,56.3,28.7,117.2
2026-01-17 14:00:00,KYIV-006-1,KYIV-006,Band 3 (1800MHz),-88.1,-12.5,13.2,58.0,21.0,73.4
2026-01-17 14:00:00,KYIV-006-2,KYIV-006,Band 3 (1800MHz),-89.1,-11.9,19.2,61.9,32.4,45.7
2026-01-17 14:00:00,KYIV-006-3,KYIV-006,Band 3 (1800MHz),-84.8,-7.9,14.9,49.0,19.4,127.4
2026-01-17 14:00:00,KYIV-007-1,KYIV-007,Band 1 (2100MHz),-90.1,-9.4,11.0,40.2,32.4,102.5
2026-01-17 14:00:00,KYIV-007-2,KYIV-007,Band 1 (2100MHz),-90.9,-11.2,12.7,44.9,27.3,97.1
2026-01-17 14:00:00,KYIV-007-3,KYIV-007,Band 1 (2100MHz),-77.5,-9.7,12.6,50.9,41.0,83.4
2026-01-17 14:00:00,KYIV-008-1,KYIV-008,Band 3 (1800MHz),-86.3,-7.8,20.6,43.2,46.1,90.5
2026-01-17 14:00:00,KYIV-008-2,KYIV-008,Band 3 (1800MHz),-83.9,-11.2,6.3,33.3,11.2,41.9
2026-01-17 14:00:00,KYIV-008-3,KYIV-008,Band 3 (1800MHz),-85.0,-9.7,18.3,50.5,27.8,90.6
2026-01-17 14:00:00,KYIV-009-1,KYIV-009,Band 1 (2100MHz),-83.5,-10.0,10.4,48.6,18.4,57.9
2026-01-17 14:00:00,KYIV-009-2,KYIV-009,Band 1 (2100MHz),-86.6,-15.5,7.1,24.9,11.6,81.6
2026-01-17 14:00:00,KYIV-009-3,KYIV-009,Band 1 (2100MHz),-84.8,-7.7,14.9,57.6,34.0,48.9
2026-01-17 14:00:00,KYIV-010-1,KYIV-010,Band 3 (1800MHz),-87.5,-12.3,18.9,53.1,20.0,75.6
2026-01-17 14:00:00,KYIV-010-2,KYIV-010,Band 3 (1800MHz),-81.1,-8.4,13.9,30.9,17.3,32.4
2026-01-17 14:00:00,KYIV-010-3,KYIV-010,Band 3 (1800MHz),-81.5,-13.0,9.3,55.5,49.9,82.3
2026-01-17 14:00:00,KYIV-011-1,KYIV-011,Band 1 (2100MHz),-92.3,-6.6,10.2,40.2,22.5,108.7
2026-01-17 14:00:00,KYIV-011-2,KYIV-011,Band 1 (2100MHz),-86.3,-11.8,6.7,36.1,38.2,68.5
2026-01-17 14:00:00,KYIV-011-3,KYIV-011,Band 1 (2100MHz),-84.6,-10.5,7.3,40.9,26.2,62.5
2026-01-17 14:00:00,KYIV-012-1,KYIV-012,Band 3 (1800MHz),-87.4,-6.6,14.7,43.4,33.4,57.7
2026-01-17 14:00:00,KYIV-012-2,KYIV-012,Band 3 (1800MHz),-91.2,-13.3,17.9,47.4,27.3,44.5
2026-01-17 14:00:00,KYIV-012-3,KYIV-012,Band 3 (1800MHz),-93.3,-11.7,8.4,24.7,32.0,107.9
2026-01-17 14:00:00,KYIV-013-1,KYIV-013,Band 1 (2100MHz),-86.1,-12.0,10.6,32.0,25.6,89.6
2026-01-17 14:00:00,KYIV-013-2,KYIV-013,Band 1 (2100MHz),-88.7,-11.0,12.1,53.4,35.8,76.9
2026-01-17 14:00:00,KYIV-013-3,KYIV-013,Band 1 (2100MHz),-84.5,-11.9,13.8,45.5,24.2,94.5
2026-01-17 14:00:00,KYIV-014-1,KYIV-014,Band 3 (1800MHz),-87.6,-6.8,14.8,54.7,20.1,101.6
2026-01-17 14:00:00,KYIV-014-2,KYIV-014,Band 3 (1800MHz),-99.1,-13.2,2.8,54.4,30.8,76.0
2026-01-17 14:00:00,KYIV-014-3,KYIV-014,Band 3 (1800MHz),-85.6,-8.2,19.3,36.7,32.6,93.3
2026-01-17 14:00:00,KYIV-015-1,KYIV-015,Band 1 (2100MHz),-86.5,-10.2,16.7,39.4,16.8,48.7
2026-01-17 14:00:00,KYIV-015-2,KYIV-015,Band 1 (2100MHz),-90.7,-12.3,2.7,52.4,12.8,85.2
2026-01-17 14:00:00,KYIV-015-3,KYIV-015,Band 1 (2100MHz),-90.5,-9.6,12.8,51.0,39.0,51.8
2026-01-17 14:00:00,KYIV-016-1,KYIV-016,Band 3 (1800MHz),-87.2,-11.4,7.0,58.5,43.0,76.5
2026-01-17 14:00:00,KYIV-016-2,KYIV-016,Band 3 (1800MHz),-89.0,-9.9,10.8,69.0,25.8,58.6
2026-01-17 14:00:00,KYIV-016-3,KYIV-016,Band 3 (1800MHz),-86.3,-10.1,5.8,31.1,35.8,58.1
2026-01-17 15:00:00,KYIV-001-1,KYIV-001,Band 1 (2100MHz),-78.1,-8.8,13.4,13.8,0.0,34.4
2026-01-17 15:00:00,KYIV-001-2,KYIV-001,Band 1 (2100MHz),-83.0,-8.6,8.2,0.0,3.2,40.4
2026-01-17 15:00:00,KYIV-001-3,KYIV-001,Band 1 (2100MHz),-86.1,-6.7,17.8,18.5,3.1,39.7
2026-01-17 15:00:00,KYIV-002-1,KYIV-002,Band 3 (1800MHz),-99.9,-13.6,11.8,11.6,23.3,55.4
2026-01-17 15:00:00,KYIV-002-2,KYIV-002,Band 3 (1800MHz),-97.3,-11.9,3.2,9.3,0.0,32.2
2026-01-17 15:00:00,KYIV-002-3,KYIV-002,Band 3 (1800MHz),-84.9,-9.3,10.8,17.8,2.0,2.6
2026-01-17 15:00:00,KYIV-003-1,KYIV-003,Band 1 (2100MHz),-86.0,-12.1,21.3,17.6,15.4,15.0
2026-01-17 15:00:00,KYIV-003-2,KYIV-003,Band 1 (2100MHz),-81.8,-6.2,13.3,13.5,15.8,50.6
2026-01-17 15:00:00,KYIV-003-3,KYIV-003,Band 1 (2100MHz),-86.0,-10.1,12.8,21.5,14.5,19.4
2026-01-17 15:00:00,KYIV-004-1,KYIV-004,Band 3 (1800MHz),-85.3,-8.7,16.1,13.2,14.0,54.2
2026-01-17 15:00:00,KYIV-004-2,KYIV-004,Band 3 (1800MHz),-87.9,-7.7,13.2,14.2,21.8,10.6
2026-01-17 15:00:00,KYIV-004-3,KYIV-004,Band 3 (1800MHz),-92.2,-5.4,13.3,4.3,0.6,1.1
2026-01-17 15:00:00,KYIV-005-1,KYIV-005,Band 1 (2100MHz),-88.8,-4.1,13.0,31.1,13.5,21.6
2026-01-17 15:00:00,KYIV-005-2,KYIV-005,Band 1 (2100MHz),-83.1,-10.6,9.3,0.0,17.4,35.0
2026-01-17 15:00:00,KYIV-005-3,KYIV-005,Band 1 (2100MHz),-99.5,-11.3,2.8,0.0,13.8,45.4
2026-01-17 15:00:00,KYIV-006-1,KYIV-006,Band 3 (1800MHz),-86.3,-9.8,11.3,24.5,10.9,31.5
2026-01-17 15:00:00,KYIV-006-2,KYIV-006,Band 3 (1800MHz),-89.3,-7.2,9.0,3.7,11.8,0.0
2026-01-17 15:00:00,KYIV-006-3,KYIV-006,Band 3 (1800MHz),-81.4,-6.2,23.1,0.0,2.2,2.9
2026-01-17 15:00:00,KYIV-007-1,KYIV-007,Band 1 (2100MHz),-84.1,-7.2,14.5,22.0,4.1,36.6
2026-01-17 15:00:00,KYIV-007-2,KYIV-007,Band 1 (2100MHz),-85.8,-9.4,14.8,34.8,14.9,40.6
2026-01-17 15:00:00,KYIV-007-3,KYIV-007,Band 1 (2100MHz),-93.2,-9.0,11.4,2.5,6.3,63.3
2026-01-17 15:00:00,KYIV-008-1,KYIV-008,Band 3 (1800MHz),-85.4,-10.8,12.9,10.0,13.6,41.5
2026-01-17 15:00:00,KYIV-008-2,KYIV-008,Band 3 (1800MHz),-86.2,-9.3,11.5,8.0,9.3,51.0
2026-01-17 15:00:00,KYIV-008-3,KYIV-008,Band 3 (1800MHz),-92.8,-9.0,10.1,14.7,7.5,27.0
2026-01-17 15:00:00,KYIV-009-1,KYIV-009,Band 1 (2100MHz),-87.0,-6.8,3.8,24.4,4.2,0.0
2026-01-17 15:00:00,KYIV-009-2,KYIV-009,Band 1 (2100MHz),-85.4,-10.8,17.1,0.6,0.0,0.0
2026-01-17 15:00:00,KYIV-009-3,KYIV-009,Band 1 (2100MHz),-90.9,-9.3,8.2,18.3,8.8,46.5
2026-01-17 15:00:00,KYIV-010-1,KYIV-010,Band 3 (1800MHz),-91.1,-9.1,8.3,5.0,14.5,37.8
2026-01-17 15:00:00,KYIV-010-2,KYIV-010,Band 3 (1800MHz),-88.2,-11.8,15.4,8.8,2.9,33.8
2026-01-17 15:00:00,KYIV-010-3,KYIV-010,Band 3 (1800MHz),-84.7,-8.2,15.6,17.4,7.8,69.9
2026-01-17 15:00:00,KYIV-011-1,KYIV-011,Band 1 (2100MHz),-84.8,-9.8,14.0,16.3,0.0,26.2
2026-01-17 15:00:00,KYIV-011-2,KYIV-011,Band 1 (2100MHz),-89.6,-9.8,13.5,19.0,18.4,63.0
2026-01-17 15:00:00,KYIV-011-3,KYIV-011,Band 1 (2100MHz),-86.0,-9.6,14.1,9.2,13.1,55.3
2026-01-17 15:00:00,KYIV-012-1,KYIV-012,Band 3 (1800MHz),-83.4,-8.3,4.0,12.5,9.7,22.6
2026-01-17 15:00:00,KYIV-012-2,KYIV-012,Band 3 (1800MHz),-87.1,-9.8,15.0,24.7,5.7,54.0
2026-01-17 15:00:00,KYIV-012-3,KYIV-012,Band 3 (1800MHz),-88.1,-11.2,27.3,9.6,0.0,0.0
2026-01-17 15:00:00,KYIV-013-1,KYIV-013,Band 1 (2100MHz),-90.5,-10.1,17.4,0.0,24.2,5.7
2026-01-17 15:00:00,KYIV-013-2,KYIV-013,Band 1 (2100MHz),-84.9,-6.2,18.2,2.9,9.5,20.5
2026-01-17 15:00:00,KYIV-013-3,KYIV-013,Band 1 (2100MHz),-88.4,-7.2,9.1,8.9,14.0,58.6
2026-01-17 15:00:00,KYIV-014-1,KYIV-014,Band 3 (1800MHz),-88.2,-9.6,15.0,14.2,0.6,21.6
2026-01-17 15:00:00,KYIV-014-2,KYIV-014,Band 3 (1800MHz),-95.3,-14.0,-4.6,8.8,0.2,13.7
2026-01-17 15:00:00,KYIV-014-3,KYIV-014,Band 3 (1800MHz),-85.5,-9.5,24.6,35.4,20.7,11.6
2026-01-17 15:00:00,KYIV-015-1,KYIV-015,Band 1 (2100MHz),-90.6,-7.3,8.5,0.3,0.0,36.2
2026-01-17 15:00:00,KYIV-015-2,KYIV-015,Band 1 (2100MHz),-89.6,-5.3,13.7,26.4,20.1,52.9
2026-01-17 15:00:00,KYIV-015-3,KYIV-015,Band 1 (2100MHz),-78.7,-10.0,12.9,16.8,0.0,21.7
2026-01-17 15:00:00,KYIV-016-1,KYIV-016,Band 3 (1800MHz),-90.8,-5.5,11.7,19.6,11.6,30.3
2026-01-17 15:00:00,KYIV-016-2,KYIV-016,Band 3 (1800MHz),-86.1,-8.9,12.1,30.5,9.0,22.5
2026-01-17 15:00:00,KYIV-016-3,KYIV-016,Band 3 (1800MHz),-90.6,-8.3,15.2,11.3,9.2,10.6
2026-01-17 16:00:00,KYIV-001-1,KYIV-001,Band 1 (2100MHz),-88.3,-9.9,19.9,48.8,42.0,90.9
2026-01-17 16:00:00,KYIV-001-2,KYIV-001,Band 1 (2100MHz),-84.8,-12.0,17.9,53.3,46.0,117.2
2026-01-17 16:00:00,KYIV-001-3,KYIV-001,Band 1 (2100MHz),-92.8,-9.7,18.3,60.3,41.4,100.8
2026-01-17 16:00:00,KYIV-002-1,KYIV-002,Band 3 (1800MHz),-106.7,-12.3,-1.7,52.9,32.6,78.8
2026-01-17 16:00:00,KYIV-002-2,KYIV-002,Band 3 (1800MHz),-99.4,-16.5,3.6,68.8,40.2,86.0
2026-01-17 16:00:00,KYIV-002-3,KYIV-002,Band 3 (1800MHz),-87.0,-12.0,11.2,52.5,53.4,125.7
2026-01-17 16:00:00,KYIV-003-1,KYIV-003,Band 1 (2100MHz),-82.3,-12.5,19.1,59.5,29.8,114.2
2026-01-17 16:00:00,KYIV-003-2,KYIV-003,Band 1 (2100MHz),-82.0,-12.4,6.6,69.9,27.7,116.0
2026-01-17 16:00:00,KYIV-003-3,KYIV-003,Band 1 (2100MHz),-83.9,-13.9,11.2,50.1,38.7,76.9
2026-01-17 16:00:00,KYIV-004-1,KYIV-004,Band 3 (1800MHz),-89.4,-9.8,17.1,71.6,51.2,120.2
2026-01-17 16:00:00,KYIV-004-2,KYIV-004,Band 3 (1800MHz),-78.6,-8.8,18.7,49.4,40.3,134.9
2026-01-17 16:00:00,KYIV-004-3,KYIV-004,Band 3 (1800MHz),-84.0,-10.7,16.3,43.7,36.4,127.8
2026-01-17 16:00:00,KYIV-005-1,KYIV-005,Band 1 (2100MHz),-88.0,-8.5,-0.1,54.7,51.4,132.7
2026-01-17 16:00:00,KYIV-005-2,KYIV-005,Band 1 (2100MHz),-86.6,-11.4,7.6,45.0,38.4,63.7
2026-01-17 16:00:00,KYIV-005-3,KYIV-005,Band 1 (2100MHz),-98.5,-14.8,1.7,71.2,14.3,109.6
2026-01-17 16:00:00,KYIV-006-1,KYIV-006,Band 3 (1800MHz),-83.2,-12.7,12.1,85.0,21.8,79.8
2026-01-17 16:00:00,KYIV-006-2,KYIV-006,Band 3 (1800MHz),-82.6,-12.6,6.5,96.4,39.4,104.4
2026-01-17 16:00:00,KYIV-006-3,KYIV-006,Band 3 (1800MHz),-88.2,-9.9,3.8,57.5,40.0,128.2
2026-01-17 16:00:00,KYIV-007-1,KYIV-007,Band 1 (2100MHz),-87.6,-11.3,9.8,51.6,37.3,71.7
2026-01-17 16:00:00,KYIV-007-2,KYIV-007,Band 1 (2100MHz),-89.1,-13.9,10.9,81.0,34.1,112.5
2026-01-17 16:00:00,KYIV-007-3,KYIV-007,Band 1 (2100MHz),-92.9,-11.1,4.9,44.5,34.6,81.2
2026-01-17 16:00:00,KYIV-008-1,KYIV-008,Band 3 (1800MHz),-85.6,-11.2,7.7,72.2,37.3,106.0
2026-01-17 16:00:00,KYIV-008-2,KYIV-008,Band 3 (1800MHz),-86.8,-13.1,3.1,55.9,35.5,110.4
2026-01-17 16:00:00,KYIV-008-3,KYIV-008,Band 3 (1800MHz),-89.2,-8.3,15.9,75.2,37.1,78.2
2026-01-17 16:00:00,KYIV-009-1,KYIV-009,Band 1 (2100MHz),-85.4,-9.3,10.1,60.0,18.1,145.8
2026-01-17 16:00:00,KYIV-009-2,KYIV-009,Band 1 (2100MHz),-94.1,-9.3,14.2,66.5,34.3,101.5
2026-01-17 16:00:00,KYIV-009-3,KYIV-009,Band 1 (2100MHz),-86.1,-10.2,15.2,53.3,27.9,98.0
2026-01-17 16:00:00,KYIV-010-1,KYIV-010,Band 3 (1800MHz),-90.5,-13.8,5.7,54.1,54.9,126.9
2026-01-17 16:00:00,KYIV-010-2,KYIV-010,Band 3 (1800MHz),-86.6,-13.3,9.0,56.1,42.6,73.4
2026-01-17 16:00:00,KYIV-010-3,KYIV-010,Band 3 (1800MHz),-91.9,-12.7,18.8,49.6,40.3,92.2
2026-01-17 16:00:00,KYIV-011-1,KYIV-011,Band 1 (2100MHz),-90.9,-10.2,3.4,76.4,39.1,122.0
2026-01-17 16:00:00,KYIV-011-2,KYIV-011,Band 1 (2100MHz),-84.5,-9.1,12.4,56.2,37.7,74.9
2026-01-17 16:00:00,KYIV-011-3,KYIV-011,Band 1 (2100MHz),-84.2,-12.7,10.8,58.3,37.3,106.9
2026-01-17 16:00:00,KYIV-012-1,KYIV-012,Band 3 (1800MHz),-85.3,-12.4,5.3,76.8,45.4,166.0
2026-01-17 16:00:00,KYIV-012-2,KYIV-012,Band 3 (1800MHz),-90.2,-11.1,5.1,51.2,39.4,94.8
2026-01-17 16:00:00,KYIV-012-3,KYIV-012,Band 3 (1800MHz),-80.0,-10.0,13.8,71.2,57.9,75.8
2026-01-17 16:00:00,KYIV-013-1,KYIV-013,Band 1 (2100MHz),-84.4,-9.7,13.1,48.0,28.4,92.5
2026-01-17 16:00:00,KYIV-013-2,KYIV-013,Band 1 (2100MHz),-92.8,-12.8,15.2,78.2,31.1,99.2
2026-01-17 16:00:00,KYIV-013-3,KYIV-013,Band 1 (2100MHz),-88.2,-12.3,8.9,69.8,42.7,126.3
2026-01-17 16:00:00,KYIV-014-1,KYIV-014,Band 3 (1800MHz),-89.2,-11.7,11.0,79.4,14.6,79.3
2026-01-17 16:00:00,KYIV-014-2,KYIV-014,Band 3 (1800MHz),-97.2,-18.5,-1.2,58.8,25.0,141.1
2026-01-17 16:00:00,KYIV-014-3,KYIV-014,Band 3 (1800MHz),-91.0,-9.8,16.5,55.2,29.5,94.7
2026-01-17 16:00:00,KYIV-015-1,KYIV-015,Band 1 (2100MHz),-88.4,-11.6,19.0,48.2,34.0,90.7
2026-01-17 16:00:00,KYIV-015-2,KYIV-015,Band 1 (2100MHz),-87.7,-11.3,5.2,54.0,28.1,111.3
2026-01-17 16:00:00,KYIV-015-3,KYIV-015,Band 1 (2100MHz),-84.8,-10.9,20.3,53.5,30.2,83.7
2026-01-17 16:00:00,KYIV-016-1,KYIV-016,Band 3 (1800MHz),-93.4,-11.0,4.1,74.2,30.7,159.1
2026-01-17 16:00:00,KYIV-016-2,KYIV-016,Band 3 (1800MHz),-86.6,-10.7,13.6,55.2,39.7,73.1
2026-01-17 16:00:00,KYIV-016-3,KYIV-016,Band 3 (1800MHz),-89.7,-9.8,12.3,63.0,42.3,153.2
2026-01-17 17:00:00,KYIV-001-1,KYIV-001,Band 1 (2100MHz),-94.4,-8.7,17.5,77.3,39.9,114.6
2026-01-17 17:00:00,KYIV-001-2,KYIV-001,Band 1 (2100MHz),-85.2,-12.3,9.7,87.6,28.0,99.1
2026-01-17 17:00:00,KYIV-001-3,KYIV-001,Band 1 (2100MHz),-90.8,-12.5,15.3,62.2,16.7,97.2
2026-01-17 17:00:00,KYIV-002-1,KYIV-002,Band 3 (1800MHz),-108.1,-11.8,4.6,63.2,28.8,129.9
2026-01-17 17:00:00,KYIV-002-2,KYIV-002,Band 3 (1800MHz),-95.3,-14.8,12.4,65.9,49.0,95.4
2026-01-17 17:00:00,KYIV-002-3,KYIV-002,Band 3 (1800MHz),-89.6,-16.0,13.2,48.9,38.1,111.1
2026-01-17 17:00:00,KYIV-003-1,KYIV-003,Band 1 (2100MHz),-87.0,-10.6,17.9,79.1,30.3,121.1
2026-01-17 17:00:00,KYIV-003-2,KYIV-003,Band 1 (2100MHz),-88.4,-9.3,10.0,69.8,37.9,110.3
2026-01-17 17:00:00,KYIV-003-3,KYIV-003,Band 1 (2100MHz),-86.5,-12.1,22.6,74.7,45.7,124.8
2026-01-17 17:00:00,KYIV-004-1,KYIV-004,Band 3 (1800MHz),-87.3,-11.2,18.3,50.3,44.4,72.1
2026-01-17 17:00:00,KYIV-004-2,KYIV-004,Band 3 (1800MHz),-83.3,-14.5,16.0,97.5,53.0,118.0
2026-01-17 17:00:00,KYIV-004-3,KYIV-004,Band 3 (1800MHz),-84.8,-12.8,8.9,64.9,48.9,129.7
2026-01-17 17:00:00,KYIV-005-1,KYIV-005,Band 1 (2100MHz),-90.4,-13.7,23.0,70.7,52.1,95.0
2026-01-17 17:00:00,KYIV-005-2,KYIV-005,Band 1 (2100MHz),-87.8,-14.7,8.9,84.1,34.1,100.0
2026-01-17 17:00:00,KYIV-005-3,KYIV-005,Band 1 (2100MHz),-99.6,-15.2,6.7,74.7,53.1,94.5
2026-01-17 17:00:00,KYIV-006-1,KYIV-006,Band 3 (1800MHz),-87.0,-8.6,22.1,59.0,31.6,119.9
2026-01-17 17:00:00,KYIV-006-2,KYIV-006,Band 3 (1800MHz),-87.0,-15.8,-1.3,69.5,38.5,110.2
2026-01-17 17:00:00,KYIV-006-3,KYIV-006,Band 3 (1800MHz),-85.2,-12.7,8.9,66.5,33.2,76.4
2026-01-17 17:00:00,KYIV-007-1,KYIV-007,Band 1 (2100MHz),-88.4,-7.0,13.9,81.3,33.4,107.2
2026-01-17 17:00:00,KYIV-007-2,KYIV-007,Band 1 (2100MHz),-84.6,-10.9,19.4,67.4,56.9,144.2
2026-01-17 17:00:00,KYIV-007-3,KYIV-007,Band 1 (2100MHz),-87.9,-8.6,5.9,72.5,33.0,110.9
2026-01-17 17:00:00,KYIV-008-1,KYIV-008,Band 3 (1800MHz),-79.4,-6.4,14.2,81.6,45.9,88.2
2026-01-17 17:00:00,KYIV-008-2,KYIV-008,Band 3 (1800MHz),-90.2,-8.7,12.5,73.8,35.4,91.2
2026-01-17 17:00:00,KYIV-008-3,KYIV-008,Band 3 (1800MHz),-86.6,-10.5,16.9,65.6,35.5,90.9
2026-01-17 17:00:00,KYIV-009-1,KYIV-009,Band 1 (2100MHz),-84.6,-15.2,7.2,62.3,28.3,111.1
2026-01-17 17:00:00,KYIV-009-2,KYIV-009,Band 1 (2100MHz),-88.6,-9.6,12.3,62.0,23.4,111.7
2026-01-17 17:00:00,KYIV-009-3,KYIV-009,Band 1 (2100MHz),-84.5,-14.4,4.1,79.6,48.1,117.5
2026-01-17 17:00:00,KYIV-010-1,KYIV-010,Band 3 (1800MHz),-89.8,-9.5,17.6,79.6,39.2,106.0
2026-01-17 17:00:00,KYIV-010-2,KYIV-010,Band 3 (1800MHz),-92.1,-11.2,18.5,59.5,44.6,120.6
2026-01-17 17:00:00,KYIV-010-3,KYIV-010,Band 3 (1800MHz),-89.3,-11.9,2.4,63.1,52.0,107.1
2026-01-17 17:00:00,KYIV-011-1,KYIV-011,Band 1 (2100MHz),-94.6,-8.4,17.8,63.9,32.5,116.7
2026-01-17 17:00:00,KYIV-011-2,KYIV-011,Band 1 (2100MHz),-84.3,-10.2,12.0,72.2,36.5,143.5
2026-01-17 17:00:00,KYIV-011-3,KYIV-011,Band 1 (2100MHz),-84.1,-11.2,15.0,82.2,48.7,132.7
2026-01-17 17:00:00,KYIV-012-1,KYIV-012,Band 3 (1800MHz),-84.4,-11.4,9.9,72.1,50.1,79.2
2026-01-17 17:00:00,KYIV-012-2,KYIV-012,Band 3 (1800MHz),-82.6,-11.1,16.1,62.1,46.3,97.6
2026-01-17 17:00:00,KYIV-012-3,KYIV-012,Band 3 (1800MHz),-85.4,-10.0,10.5,69.6,33.4,109.2
2026-01-17 17:00:00,KYIV-013-1,KYIV-013,Band 1 (2100MHz),-91.6,-14.1,8.4,85.3,24.7,116.0
2026-01-17 17:00:00,KYIV-013-2,KYIV-013,Band 1 (2100MHz),-81.6,-9.8,9.4,70.4,47.0,87.6
2026-01-17 17:00:00,KYIV-013-3,KYIV-013,Band 1 (2100MHz),-84.9,-11.0,16.6,70.7,38.8,104.7
2026-01-17 17:00:00,KYIV-014-1,KYIV-014,Band 3 (1800MHz),-86.5,-10.8,17.1,74.1,56.9,152.7
2026-01-17 17:00:00,KYIV-014-2,KYIV-014,Band 3 (1800MHz),-100.9,-20.3,1.4,80.1,26.8,65.5
2026-01-17 17:00:00,KYIV-014-3,KYIV-014,Band 3 (1800MHz),-85.1,-10.7,15.2,66.3,47.2,110.8
2026-01-17 17:00:00,KYIV-015-1,KYIV-015,Band 1 (2100MHz),-87.1,-10.0,12.3,75.4,43.1,97.4
2026-01-17 17:00:00,KYIV-015-2,KYIV-015,Band 1 (2100MHz),-90.4,-15.0,5.9,58.5,47.6,109.6
2026-01-17 17:00:00,KYIV-015-3,KYIV-015,Band 1 (2100MHz),-88.8,-11.1,11.8,58.8,44.6,114.0
2026-01-17 17:00:00,KYIV-016-1,KYIV-016,Band 3 (1800MHz),-82.8,-9.9,14.1,75.6,38.5,129.8
2026-01-17 17:00:00,KYIV-016-2,KYIV-016,Band 3 (1800MHz),-86.8,-11.8,7.0,60.9,41.9,130.2
2026-01-17 17:00:00,KYIV-016-3,KYIV-016,Band 3 (1800MHz),-80.1,-7.3,8.7,76.7,44.7,82.4
2026-01-17 18:00:00,KYIV-001-1,KYIV-001,Band 1 (2100MHz),-93.1,-8.4,8.2,62.5,32.8,98.7
2026-01-17 18:00:00,KYIV-001-2,KYIV-001,Band 1 (2100MHz),-82.8,-8.2,12.9,78.1,44.8,91.3
2026-01-17 18:00:00,KYIV-001-3,KYIV-001,Band 1 (2100MHz),-84.3,-9.9,4.1,83.3,33.6,119.7
2026-01-17 18:00:00,KYIV-002-1,KYIV-002,Band 3 (1800MHz),-96.9,-17.7,-6.2,87.1,39.0,116.0
2026-01-17 18:00:00,KYIV-002-2,KYIV-002,Band 3 (1800MHz),-99.2,-16.5,11.1,46.0,56.7,132.1
2026-01-17 18:00:00,KYIV-002-3,KYIV-002,Band 3 (1800MHz),-84.5,-9.1,11.6,93.0,47.9,94.7
2026-01-17 18:00:00,KYIV-003-1,KYIV-003,Band 1 (2100MHz),-89.9,-16.1,10.5,66.3,28.7,121.2
2026-01-17 18:00:00,KYIV-003-2,KYIV-003,Band 1 (2100MHz),-85.6,-13.2,12.6,69.6,40.9,126.5
2026-01-17 18:00:00,KYIV-003-3,KYIV-003,Band 1 (2100MHz),-89.3,-10.1,11.8,90.8,32.4,150.5
2026-01-17 18:00:00,KYIV-004-1,KYIV-004,Band 3 (1800MHz),-91.6,-11.9,13.1,70.5,46.8,156.9
2026-01-17 18:00:00,KYIV-004-2,KYIV-004,Band 3 (1800MHz),-82.8,-14.0,15.0,59.2,50.8,124.6
2026-01-17 18:00:00,KYIV-004-3,KYIV-004,Band 3 (1800MHz),-87.3,-14.6,9.8,74.2,32.3,120.9
2026-01-17 18:00:00,KYIV-005-1,KYIV-005,Band 1 (2100MHz),-90.2,-11.7,13.6,84.9,61.1,106.3
2026-01-17 18:00:00,KYIV-005-2,KYIV-005,Band 1 (2100MHz),-86.9,-14.0,22.4,67.9,43.6,143.8
2026-01-17 18:00:00,KYIV-005-3,KYIV-005,Band 1 (2100MHz),-106.2,-16.7,-1.0,87.7,38.1,133.8
2026-01-17 18:00:00,KYIV-006-1,KYIV-006,Band 3 (1800MHz),-92.3,-12.1,-2.1,66.6,39.3,112.4
2026-01-17 18:00:00,KYIV-006-2,KYIV-006,Band 3 (1800MHz),-91.9,-14.0,10.8,69.8,36.4,84.2
2026-01-17 18:00:00,KYIV-006-3,KYIV-006,Band 3 (1800MHz),-84.0,-10.0,21.0,68.2,29.5,156.0
2026-01-17 18:00:00,KYIV-007-1,KYIV-007,Band 1 (2100MHz),-83.1,-8.1,3.3,82.0,52.7,146.7
2026-01-17 18:00:00,KYIV-007-2,KYIV-007,Band 1 (2100MHz),-83.0,-13.6,15.5,64.1,42.7,121.3
2026-01-17 18:00:00,KYIV-007-3,KYIV-007,Band 1 (2100MHz),-86.9,-15.2,12.1,71.2,34.6,140.7
2026-01-17 18:00:00,KYIV-008-1,KYIV-008,Band 3 (1800MHz),-81.5,-13.9,13.8,75.9,47.3,134.3
2026-01-17 18:00:00,KYIV-008-2,KYIV-008,Band 3 (1800MHz),-85.2,-12.6,14.6,86.2,48.5,132.7
2026-01-17 18:00:00,KYIV-008-3,KYIV-008,Band 3 (1800MHz),-81.4,-10.7,19.5,51.9,48.4,115.2
2026-01-17 18:00:00,KYIV-009-1,KYIV-009,Band 1 (2100MHz),-92.3,-12.1,11.1,77.3,48.5,126.0
2026-01-17 18:00:00,KYIV-009-2,KYIV-009,Band 1 (2100MHz),-88.8,-7.9,11.3,86.4,34.0,105.7
2026-01-17 18:00:00,KYIV-009-3,KYIV-009,Band 1 (2100MHz),-91.3,-10.5,11.0,95.9,42.7,132.7
2026-01-17 18:00:00,KYIV-010-1,KYIV-010,Band 3 (1800MHz),-86.3,-12.6,15.0,64.9,39.0,111.2
2026-01-17 18:00:00,KYIV-010-2,KYIV-010,Band 3 (1800MHz),-88.0,-11.9,20.3,76.9,31.6,120.7
2026-01-17 18:00:00,KYIV-010-3,KYIV-010,Band 3 (1800MHz),-84.4,-12.8,5.3,67.5,74.7,70.5
2026-01-17 18:00:00,KYIV-011-1,KYIV-011,Band 1 (2100MHz),-82.8,-13.7,15.7,57.2,46.7,112.1
2026-01-17 18:00:00,KYIV-011-2,KYIV-011,Band 1 (2100MHz),-87.9,-8.9,9.3,74.2,44.5,58.1
2026-01-17 18:00:00,KYIV-011-3,KYIV-011,Band 1 (2100MHz),-93.1,-10.8,7.9,88.4,52.3,107.8
2026-01-17 18:00:00,KYIV-012-1,KYIV-012,Band 3 (1800MHz),-91.2,-10.1,16.6,59.1,43.3,61.8
2026-01-17 18:00:00,KYIV-012-2,KYIV-012,Band 3 (1800MHz),-87.9,-10.1,17.0,99.3,49.2,118.8
2026-01-17 18:00:00,KYIV-012-3,KYIV-012,Band 3 (1800MHz),-87.9,-13.4,14.1,87.9,38.1,108.9
2026-01-17 18:00:00,KYIV-013-1,KYIV-013,Band 1 (2100MHz),-95.3,-10.9,6.4,70.7,42.3,88.9
2026-01-17 18:00:00,KYIV-013-2,KYIV-013,Band 1 (2100MHz),-97.0,-7.8,8.4,70.2,49.2,142.4
2026-01-17 18:00:00,KYIV-013-3,KYIV-013,Band 1 (2100MHz),-86.0,-11.2,1.5,87.4,33.2,133.1
2026-01-17 18:00:00,KYIV-014-1,KYIV-014,Band 3 (1800MHz),-88.5,-9.0,13.1,67.8,37.1,134.5
2026-01-17 18:00:00,KYIV-014-2,KYIV-014,Band 3 (1800MHz),-92.4,-16.0,6.4,57.9,53.2,80.4
2026-01-17 18:00:00,KYIV-014-3,KYIV-014,Band 3 (1800MHz),-94.3,-12.7,18.0,91.7,47.3,100.6
2026-01-17 18:00:00,KYIV-015-1,KYIV-015,Band 1 (2100MHz),-85.5,-11.6,10.4,87.7,30.2,121.4
2026-01-17 18:00:00,KYIV-015-2,KYIV-015,Band 1 (2100MHz),-82.5,-11.8,11.4,85.9,30.8,145.4
2026-01-17 18:00:00,KYIV-015-3,KYIV-015,Band 1 (2100MHz),-84.3,-10.7,13.4,69.5,44.0,104.1
2026-01-17 18:00:00,KYIV-016-1,KYIV-016,Band 3 (1800MHz),-82.1,-12.2,12.3,67.5,39.4,106.9
2026-01-17 18:00:00,KYIV-016-2,KYIV-016,Band 3 (1800MHz),-86.6,-10.7,14.9,77.0,42.8,131.8
2026-01-17 18:00:00,KYIV-016-3,KYIV-016,Band 3 (1800MHz),-84.1,-13.5,8.0,84.2,42.8,129.0
2026-01-17 19:00:00,KYIV-001-1,KYIV-001,Band 1 (2100MHz),-82.5,-8.1,12.3,73.0,33.2,112.1
2026-01-17 19:00:00,KYIV-001-2,KYIV-001,Band 1 (2100MHz),-81.6,-12.5,18.7,84.1,39.8,130.0
2026-01-17 19:00:00,KYIV-001-3,KYIV-001,Band 1 (2100MHz),-91.8,-12.2,13.2,77.4,48.8,122.1
2026-01-17 19:00:00,KYIV-002-1,KYIV-002,Band 3 (1800MHz),-103.2,-13.0,2.8,71.6,44.4,127.2
2026-01-17 19:00:00,KYIV-002-2,KYIV-002,Band 3 (1800MHz),-90.2,-18.2,8.1,100.0,41.6,113.4
2026-01-17 19:00:00,KYIV-002-3,KYIV-002,Band 3 (1800MHz),-88.6,-13.0,12.6,72.7,44.0,105.8
2026-01-17 19:00:00,KYIV-003-1,KYIV-003,Band 1 (2100MHz),-87.9,-11.5,17.9,72.6,30.9,104.3
2026-01-17 19:00:00,KYIV-003-2,KYIV-003,Band 1 (2100MHz),-85.9,-12.2,12.9,73.2,44.9,134.7
2026-01-17 19:00:00,KYIV-003-3,KYIV-003,Band 1 (2100MHz),-81.8,-10.2,15.2,79.1,28.8,91.8
2026-01-17 19:00:00,KYIV-004-1,KYIV-004,Band 3 (1800MHz),-90.8,-7.6,6.4,57.1,37.9,119.0
2026-01-17 19:00:00,KYIV-004-2,KYIV-004,Band 3 (1800MHz),-83.7,-12.0,7.1,78.3,50.9,93.3
2026-01-17 19:00:00,KYIV-004-3,KYIV-004,Band 3 (1800MHz),-89.6,-13.7,11.0,71.8,40.3,97.1
2026-01-17 19:00:00,KYIV-005-1,KYIV-005,Band 1 (2100MHz),-87.6,-9.7,5.9,62.1,47.2,102.2
2026-01-17 19:00:00,KYIV-005-2,KYIV-005,Band 1 (2100MHz),-85.8,-7.0,8.6,64.2,30.5,111.1
2026-01-17 19:00:00,KYIV-005-3,KYIV-005,Band 1 (2100MHz),-98.0,-18.9,8.1,65.2,53.5,97.1
2026-01-17 19:00:00,KYIV-006-1,KYIV-006,Band 3 (1800MHz),-89.5,-10.1,14.0,55.0,40.3,119.5
2026-01-17 19:00:00,KYIV-006-2,KYIV-006,Band 3 (1800MHz),-94.4,-9.9,12.9,66.7,49.3,91.1
2026-01-17 19:00:00,KYIV-006-3,KYIV-006,Band 3 (1800MHz),-86.2,-8.5,10.4,49.5,44.3,58.1
2026-01-17 19:00:00,KYIV-007-1,KYIV-007,Band 1 (2100MHz),-92.6,-8.1,3.7,79.4,30.8,122.4
2026-01-17 19:00:00,KYIV-007-2,KYIV-007,Band 1 (2100MHz),-88.9,-8.4,9.2,64.4,48.2,114.0
2026-01-17 19:00:00,KYIV-007-3,KYIV-007,Band 1 (2100MHz),-88.0,-9.4,15.0,76.3,44.1,119.2
2026-01-17 19:00:00,KYIV-008-1,KYIV-008,Band 3 (1800MHz),-91.7,-12.7,8.6,78.2,29.9,112.6
2026-01-17 19:00:00,KYIV-008-2,KYIV-008,Band 3 (1800MHz),-78.9,-12.9,14.8,61.3,40.7,113.0
2026-01-17 19:00:00,KYIV-008-3,KYIV-008,Band 3 (1800MHz),-83.7,-14.3,16.3,64.4,38.7,91.5
2026-01-17 19:00:00,KYIV-009-1,KYIV-009,Band 1 (2100MHz),-80.1,-10.2,17.1,48.7,41.2,113.4
2026-01-17 19:00:00,KYIV-009-2,KYIV-009,Band 1 (2100MHz),-90.7,-10.4,9.5,75.6,40.3,117.6
2026-01-17 19:00:00,KYIV-009-3,KYIV-009,Band 1 (2100MHz),-91.1,-12.2,11.7,84.3,45.0,138.5
2026-01-17 19:00:00,KYIV-010-1,KYIV-010,Band 3 (1800MHz),-92.2,-12.8,12.1,88.6,36.5,83.1
2026-01-17 19:00:00,KYIV-010-2,KYIV-010,Band 3 (1800MHz),-89.7,-11.6,15.1,60.3,38.3,97.6
2026-01-17 19:00:00,KYIV-010-3,KYIV-010,Band 3 (1800MHz),-89.5,-10.8,16.8,70.4,49.1,109.3
2026-01-17 19:00:00,KYIV-011-1,KYIV-011,Band 1 (2100MHz),-83.6,-9.1,16.6,52.0,35.8,93.7
2026-01-17 19:00:00,KYIV-011-2,KYIV-011,Band 1 (2100MHz),-87.0,-11.4,5.1,67.1,49.4,88.4
2026-01-17 19:00:00,KYIV-011-3,KYIV-011,Band 1 (2100MHz),-89.9,-7.6,11.4,75.0,48.5,116.6
2026-01-17 19:00:00,KYIV-012-1,KYIV-012,Band 3 (1800MHz),-95.3,-10.2,15.7,55.8,50.3,99.9
2026-01-17 19:00:00,KYIV-012-2,KYIV-012,Band 3 (1800MHz),-88.0,-8.8,15.5,84.9,31.8,122.5
2026-01-17 19:00:00,KYIV-012-3,KYIV-012,Band 3 (1800MHz),-86.2,-10.7,11.2,83.0,55.9,123.7
2026-01-17 19:00:00,KYIV-013-1,KYIV-013,Band 1 (2100MHz),-90.0,-10.4,14.7,66.9,26.1,46.9
2026-01-17 19:00:00,KYIV-013-2,KYIV-013,Band 1 (2100MHz),-80.5,-13.4,8.3,84.0,47.7,149.3
2026-01-17 19:00:00,KYIV-013-3,KYIV-013,Band 1 (2100MHz),-90.8,-12.9,12.9,62.0,41.2,72.6
2026-01-17 19:00:00,KYIV-014-1,KYIV-014,Band 3 (1800MHz),-80.3,-14.3,10.3,72.1,40.4,125.3
2026-01-17 19:00:00,KYIV-014-2,KYIV-014,Band 3 (1800MHz),-100.3,-15.7,5.5,72.3,35.9,53.3
2026-01-17 19:00:00,KYIV-014-3,KYIV-014,Band 3 (1800MHz),-90.3,-11.0,9.8,71.8,32.6,145.7
2026-01-17 19:00:00,KYIV-015-1,KYIV-015,Band 1 (2100MHz),-94.5,-14.0,10.4,87.3,46.8,118.5
2026-01-17 19:00:00,KYIV-015-2,KYIV-015,Band 1 (2100MHz),-86.0,-9.2,11.5,85.1,41.7,142.8
2026-01-17 19:00:00,KYIV-015-3,KYIV-015,Band 1 (2100MHz),-86.8,-10.7,16.3,64.0,45.5,135.6
2026-01-17 19:00:00,KYIV-016-1,KYIV-016,Band 3 (1800MHz),-87.6,-11.7,10.9,59.4,37.8,84.4
2026-01-17 19:00:00,KYIV-016-2,KYIV-016,Band 3 (1800MHz),-90.9,-13.5,19.5,74.6,58.2,131.6
2026-01-17 19:00:00,KYIV-016-3,KYIV-016,Band 3 (1800MHz),-86.3,-11.7,23.3,89.2,38.7,139.3
2026-01-17 20:00:00,KYIV-001-1,KYIV-001,Band 1 (2100MHz),-85.6,-10.2,11.5,74.9,35.5,136.8
2026-01-17 20:00:00,KYIV-001-2,KYIV-001,Band 1 (2100MHz),-83.1,-10.1,17.3,59.3,38.5,64.6
2026-01-17 20:00:00,KYIV-001-3,KYIV-001,Band 1 (2100MHz),-90.7,-11.2,16.0,47.8,44.7,88.8
2026-01-17 20:00:00,KYIV-002-1,KYIV-002,Band 3 (1800MHz),-103.1,-13.0,1.5,58.1,34.4,104.9
2026-01-17 20:00:00,KYIV-002-2,KYIV-002,Band 3 (1800MHz),-99.4,-15.3,4.7,56.6,33.2,65.4
2026-01-17 20:00:00,KYIV-002-3,KYIV-002,Band 3 (1800MHz),-84.7,-10.6,11.4,42.4,16.4,74.0
2026-01-17 20:00:00,KYIV-003-1,KYIV-003,Band 1 (2100MHz),-86.5,-10.6,17.8,75.2,32.4,143.8
2026-01-17 20:00:00,KYIV-003-2,KYIV-003,Band 1 (2100MHz),-85.1,-8.3,9.5,46.9,29.3,59.0
2026-01-17 20:00:00,KYIV-003-3,KYIV-003,Band 1 (2100MHz),-85.6,-12.4,15.5,61.5,34.9,109.6
2026-01-17 20:00:00,KYIV-004-1,KYIV-004,Band 3 (1800MHz),-79.5,-13.1,13.4,60.9,57.9,164.6
2026-01-17 20:00:00,KYIV-004-2,KYIV-004,Band 3 (1800MHz),-88.1,-12.1,17.7,76.4,43.9,101.5
2026-01-17 20:00:00,KYIV-004-3,KYIV-004,Band 3 (1800MHz),-87.9,-12.2,6.8,50.5,33.9,107.8
2026-01-17 20:00:00,KYIV-005-1,KYIV-005,Band 1 (2100MHz),-84.2,-12.3,15.3,71.7,30.1,118.0
2026-01-17 20:00:00,KYIV-005-2,KYIV-005,Band 1 (2100MHz),-89.7,-11.2,14.0,70.8,39.7,156.0
2026-01-17 20:00:00,KYIV-005-3,KYIV-005,Band 1 (2100MHz),-105.9,-17.2,-1.5,81.5,24.2,80.5
2026-01-17 20:00:00,KYIV-006-1,KYIV-006,Band 3 (1800MHz),-87.6,-11.5,17.9,88.2,38.8,57.7
2026-01-17 20:00:00,KYIV-006-2,KYIV-006,Band 3 (1800MHz),-83.5,-14.4,11.3,60.1,35.4,124.1
2026-01-17 20:00:00,KYIV-006-3,KYIV-006,Band 3 (1800MHz),-87.7,-10.2,17.7,74.9,16.9,90.4
2026-01-17 20:00:00,KYIV-007-1,KYIV-007,Band 1 (2100MHz),-93.3,-15.1,15.8,56.7,40.0,108.8
2026-01-17 20:00:00,KYIV-007-2,KYIV-007,Band 1 (2100MHz),-83.8,-10.1,15.9,36.9,37.6,103.5
2026-01-17 20:00:00,KYIV-007-3,KYIV-007,Band 1 (2100MHz),-90.0,-12.4,11.2,52.7,34.9,86.3
2026-01-17 20:00:00,KYIV-008-1,KYIV-008,Band 3 (1800MHz),-88.5,-9.5,14.5,54.2,42.3,107.7
2026-01-17 20:00:00,KYIV-008-2,KYIV-008,Band 3 (1800MHz),-88.9,-10.2,13.6,77.4,40.8,102.5
2026-01-17 20:00:00,KYIV-008-3,KYIV-008,Band 3 (1800MHz),-81.0,-10.9,10.2,61.2,33.7,112.4
2026-01-17 20:00:00,KYIV-009-1,KYIV-009,Band 1 (2100MHz),-89.9,-6.2,21.6,60.0,48.6,87.6
2026-01-17 20:00:00,KYIV-009-2,KYIV-009,Band 1 (2100MHz),-90.9,-10.3,27.1,59.7,33.5,68.6
2026-01-17 20:00:00,KYIV-009-3,KYIV-009,Band 1 (2100MHz),-83.9,-10.3,4.2,67.7,45.2,78.6
2026-01-17 20:00:00,KYIV-010-1,KYIV-010,Band 3 (1800MHz),-85.5,-11.9,15.8,72.4,43.4,117.7
2026-01-17 20:00:00,KYIV-010-2,KYIV-010,Band 3 (1800MHz),-82.8,-11.9,8.1,65.6,46.1,110.8
2026-01-17 20:00:00,KYIV-010-3,KYIV-010,Band 3 (1800MHz),-88.9,-9.4,5.3,74.1,33.6,106.1
2026-01-17 20:00:00,KYIV-011-1,KYIV-011,Band 1 (2100MHz),-86.1,-12.4,8.4,62.9,45.8,128.7
2026-01-17 20:00:00,KYIV-011-2,KYIV-011,Band 1 (2100MHz),-88.2,-10.5,10.3,80.6,40.8,110.3
2026-01-17 20:00:00,KYIV-011-3,KYIV-011,Band 1 (2100MHz),-89.5,-14.0,15.4,53.7,22.0,121.5
2026-01-17 20:00:00,KYIV-012-1,KYIV-012,Band 3 (1800MHz),-84.0,-10.1,9.1,76.3,38.5,110.8
2026-01-17 20:00:00,KYIV-012-2,KYIV-012,Band 3 (1800MHz),-92.6,-12.7,16.7,56.0,51.2,67.9
2026-01-17 20:00:00,KYIV-012-3,KYIV-012,Band 3 (1800MHz),-86.6,-9.2,12.2,50.4,28.0,72.7
2026-01-17 20:00:00,KYIV-013-1,KYIV-013,Band 1 (2100MHz),-87.0,-4.8,11.4,51.8,42.7,136.8
2026-01-17 20:00:00,KYIV-013-2,KYIV-013,Band 1 (2100MHz),-86.0,-9.7,13.7,43.8,24.9,106.1
2026-01-17 20:00:00,KYIV-013-3,KYIV-013,Band 1 (2100MHz),-91.2,-10.5,8.2,97.0,25.0,102.6
2026-01-17 20:00:00,KYIV-014-1,KYIV-014,Band 3 (1800MHz),-91.3,-10.1,15.0,60.9,39.3,123.2
2026-01-17 20:00:00,KYIV-014-2,KYIV-014,Band 3 (1800MHz),-101.3,-17.2,1.6,45.7,36.7,115.6
2026-01-17 20:00:00,KYIV-014-3,KYIV-014,Band 3 (1800MHz),-86.5,-10.8,13.3,66.0,39.5,93.0
2026-01-17 20:00:00,KYIV-015-1,KYIV-015,Band 1 (2100MHz),-86.6,-14.1,10.0,62.0,33.4,149.3
2026-01-17 20:00:00,KYIV-015-2,KYIV-015,Band 1 (2100MHz),-89.3,-10.7,12.3,56.9,33.2,85.8
2026-01-17 20:00:00,KYIV-015-3,KYIV-015,Band 1 (2100MHz),-89.2,-11.7,12.9,78.5,43.1,102.0
2026-01-17 20:00:00,KYIV-016-1,KYIV-016,Band 3 (1800MHz),-89.2,-10.1,17.2,51.6,30.6,70.1
2026-01-17 20:00:00,KYIV-016-2,KYIV-016,Band 3 (1800MHz),-89.4,-11.8,11.3,55.0,33.6,126.6
2026-01-17 20:00:00,KYIV-016-3,KYIV-016,Band 3 (1800MHz),-75.2,-7.9,9.5,65.6,43.7,79.5
2026-01-17 21:00:00,KYIV-001-1,KYIV-001,Band 1 (2100MHz),-85.8,-10.8,7.3,36.9,13.7,11.3
2026-01-17 21:00:00,KYIV-001-2,KYIV-001,Band 1 (2100MHz),-79.9,-9.5,14.6,29.1,5.1,20.2
2026-01-17 21:00:00,KYIV-001-3,KYIV-001,Band 1 (2100MHz),-90.2,-9.4,4.3,4.6,16.5,55.3
2026-01-17 21:00:00,KYIV-002-1,KYIV-002,Band 3 (1800MHz),-100.5,-10.5,8.5,36.6,6.2,18.2
2026-01-17 21:00:00,KYIV-002-2,KYIV-002,Band 3 (1800MHz),-103.9,-13.4,7.4,4.9,4.7,8.2
2026-01-17 21:00:00,KYIV-002-3,KYIV-002,Band 3 (1800MHz),-84.5,-8.2,15.9,13.5,2.3,4.2
2026-01-17 21:00:00,KYIV-003-1,KYIV-003,Band 1 (2100MHz),-91.3,-7.3,8.4,11.2,12.6,45.5
2026-01-17 21:00:00,KYIV-003-2,KYIV-003,Band 1 (2100MHz),-86.7,-9.7,18.4,3.7,21.4,20.6
2026-01-17 21:00:00,KYIV-003-3,KYIV-003,Band 1 (2100MHz),-91.6,-10.8,19.1,20.1,24.8,0.0
2026-01-17 21:00:00,KYIV-004-1,KYIV-004,Band 3 (1800MHz),-89.9,-12.3,11.5,16.9,0.2,0.0
2026-01-17 21:00:00,KYIV-004-2,KYIV-004,Band 3 (1800MHz),-87.1,-7.8,11.8,31.9,0.6,25.0
2026-01-17 21:00:00,KYIV-004-3,KYIV-004,Band 3 (1800MHz),-86.4,-7.3,17.1,0.0,6.7,19.9
2026-01-17 21:00:00,KYIV-005-1,KYIV-005,Band 1 (2100MHz),-90.0,-8.1,14.8,3.2,0.0,15.2
2026-01-17 21:00:00,KYIV-005-2,KYIV-005,Band 1 (2100MHz),-85.1,-5.5,1.7,25.4,13.8,53.5
2026-01-17 21:00:00,KYIV-005-3,KYIV-005,Band 1 (2100MHz),-102.2,-14.8,8.6,17.4,1.5,53.9
2026-01-17 21:00:00,KYIV-006-1,KYIV-006,Band 3 (1800MHz),-88.1,-7.9,14.3,13.2,0.0,19.9
2026-01-17 21:00:00,KYIV-006-2,KYIV-006,Band 3 (1800MHz),-81.7,-7.0,11.2,34.7,3.4,0.0
2026-01-17 21:00:00,KYIV-006-3,KYIV-006,Band 3 (1800MHz),-85.6,-6.0,10.3,17.7,2.2,4.0
2026-01-17 21:00:00,KYIV-007-1,KYIV-007,Band 1 (2100MHz),-91.8,-5.4,-1.9,26.0,2.7,39.5
2026-01-17 21:00:00,KYIV-007-2,KYIV-007,Band 1 (2100MHz),-89.6,-7.6,15.7,21.6,22.1,36.8
2026-01-17 21:00:00,KYIV-007-3,KYIV-007,Band 1 (2100MHz),-83.8,-8.8,4.8,3.4,5.3,37.5
2026-01-17 21:00:00,KYIV-008-1,KYIV-008,Band 3 (1800MHz),-97.4,-8.7,21.8,26.1,18.4,45.7
2026-01-17 21:00:00,KYIV-008-2,KYIV-008,Band 3 (1800MHz),-89.6,-8.2,17.4,18.8,16.4,82.8
2026-01-17 21:00:00,KYIV-008-3,KYIV-008,Band 3 (1800MHz),-91.6,-13.5,2.8,1.9,8.3,34.4
2026-01-17 21:00:00,KYIV-009-1,KYIV-009,Band 1 (2100MHz),-87.2,-9.2,16.2,5.2,0.0,8.0
2026-01-17 21:00:00,KYIV-009-2,KYIV-009,Band 1 (2100MHz),-89.2,-8.3,16.4,34.1,5.7,24.6
2026-01-17 21:00:00,KYIV-009-3,KYIV-009,Band 1 (2100MHz),-91.1,-10.3,19.7,15.8,11.4,20.8
2026-01-17 21:00:00,KYIV-010-1,KYIV-010,Band 3 (1800MHz),-83.3,-7.9,11.8,22.4,24.8,50.1
2026-01-17 21:00:00,KYIV-010-2,KYIV-010,Band 3 (1800MHz),-84.9,-6.8,12.9,15.6,17.2,36.1
2026-01-17 21:00:00,KYIV-010-3,KYIV-010,Band 3 (1800MHz),-87.3,-12.0,6.3,18.1,7.3,13.3
2026-01-17 21:00:00,KYIV-011-1,KYIV-011,Band 1 (2100MHz),-86.6,-5.3,20.4,0.0,0.0,0.0
2026-01-17 21:00:00,KYIV-011-2,KYIV-011,Band 1 (2100MHz),-90.0,-11.3,7.8,14.1,10.8,37.8
2026-01-17 21:00:00,KYIV-011-3,KYIV-011,Band 1 (2100MHz),-91.3,-5.0,18.3,15.7,12.1,40.3
2026-01-17 21:00:00,KYIV-012-1,KYIV-012,Band 3 (1800MHz),-88.8,-8.9,18.2,0.0,12.9,11.6
2026-01-17 21:00:00,KYIV-012-2,KYIV-012,Band 3 (1800MHz),-81.0,-6.9,5.7,4.8,6.5,2.9
2026-01-17 21:00:00,KYIV-012-3,KYIV-012,Band 3 (1800MHz),-88.9,-7.5,5.6,6.1,16.9,52.7
2026-01-17 21:00:00,KYIV-013-1,KYIV-013,Band 1 (2100MHz),-90.2,-7.8,4.2,14.9,3.3,11.5
2026-01-17 21:00:00,KYIV-013-2,KYIV-013,Band 1 (2100MHz),-88.3,-8.3,8.4,18.8,10.4,31.4
2026-01-17 21:00:00,KYIV-013-3,KYIV-013,Band 1 (2100MHz),-87.8,-10.7,11.2,19.7,21.8,24.0
2026-01-17 21:00:00,KYIV-014-1,KYIV-014,Band 3 (1800MHz),-89.0,-5.4,18.1,9.6,0.9,38.5
2026-01-17 21:00:00,KYIV-014-2,KYIV-014,Band 3 (1800MHz),-93.7,-10.1,6.7,15.5,7.8,56.4
2026-01-17 21:00:00,KYIV-014-3,KYIV-014,Band 3 (1800MHz),-89.2,-7.3,14.5,36.0,2.0,0.0
2026-01-17 21:00:00,KYIV-015-1,KYIV-015,Band 1 (2100MHz),-84.1,-8.1,13.6,0.0,4.0,23.8
2026-01-17 21:00:00,KYIV-015-2,KYIV-015,Band 1 (2100MHz),-84.8,-8.2,14.1,7.0,20.8,57.4
2026-01-17 21:00:00,KYIV-015-3,KYIV-015,Band 1 (2100MHz),-89.2,-8.9,13.0,20.5,29.1,0.0
2026-01-17 21:00:00,KYIV-016-1,KYIV-016,Band 3 (1800MHz),-89.8,-9.1,18.3,13.3,14.3,0.0
2026-01-17 21:00:00,KYIV-016-2,KYIV-016,Band 3 (1800MHz),-84.4,-11.4,12.4,16.6,12.0,30.5
2026-01-17 21:00:00,KYIV-016-3,KYIV-016,Band 3 (1800MHz),-89.0,-8.8,2.9,14.5,0.0,40.8
2026-01-17 22:00:00,KYIV-001-1,KYIV-001,Band 1 (2100MHz),-97.8,-6.5,12.6,0.0,0.0,19.4
2026-01-17 22:00:00,KYIV-001-2,KYIV-001,Band 1 (2100MHz),-90.7,-6.8,8.4,0.0,17.4,0.0
2026-01-17 22:00:00,KYIV-001-3,KYIV-001,Band 1 (2100MHz),-88.6,-8.0,16.1,12.1,0.0,0.0
2026-01-17 22:00:00,KYIV-002-1,KYIV-002,Band 3 (1800MHz),-99.8,-7.6,3.3,0.0,2.5,7.2
2026-01-17 22:00:00,KYIV-002-2,KYIV-002,Band 3 (1800MHz),-104.4,-10.4,7.8,8.6,0.0,7.1
2026-01-17 22:00:00,KYIV-002-3,KYIV-002,Band 3 (1800MHz),-85.5,-8.9,15.4,35.7,11.3,47.6
2026-01-17 22:00:00,KYIV-003-1,KYIV-003,Band 1 (2100MHz),-81.0,-5.4,5.1,1.3,7.8,18.8
2026-01-17 22:00:00,KYIV-003-2,KYIV-003,Band 1 (2100MHz),-81.9,-10.1,10.6,2.9,7.4,8.8
2026-01-17 22:00:00,KYIV-003-3,KYIV-003,Band 1 (2100MHz),-88.1,-7.6,9.1,0.0,4.9,69.4
2026-01-17 22:00:00,KYIV-004-1,KYIV-004,Band 3 (1800MHz),-94.1,-6.1,6.2,17.3,10.1,5.4
2026-01-17 22:00:00,KYIV-004-2,KYIV-004,Band 3 (1800MHz),-85.6,-8.6,22.0,4.1,15.2,21.6
2026-01-17 22:00:00,KYIV-004-3,KYIV-004,Band 3 (1800MHz),-83.2,-4.6,16.1,28.4,0.0,24.4
2026-01-17 22:00:00,KYIV-005-1,KYIV-005,Band 1 (2100MHz),-85.4,-5.1,14.7,8.4,12.1,0.0
2026-01-17 22:00:00,KYIV-005-2,KYIV-005,Band 1 (2100MHz),-92.9,-6.8,13.7,11.7,10.6,24.9
2026-01-17 22:00:00,KYIV-005-3,KYIV-005,Band 1 (2100MHz),-92.5,-12.3,5.2,6.1,12.1,50.8
2026-01-17 22:00:00,KYIV-006-1,KYIV-006,Band 3 (1800MHz),-88.7,-11.7,8.3,11.2,16.0,0.0
2026-01-17 22:00:00,KYIV-006-2,KYIV-006,Band 3 (1800MHz),-86.6,-7.0,12.0,7.6,6.5,8.3
2026-01-17 22:00:00,KYIV-006-3,KYIV-006,Band 3 (1800MHz),-87.2,-8.3,10.9,0.0,0.0,49.3
2026-01-17 22:00:00,KYIV-007-1,KYIV-007,Band 1 (2100MHz),-89.4,-7.2,2.5,33.1,13.5,19.2
2026-01-17 22:00:00,KYIV-007-2,KYIV-007,Band 1 (2100MHz),-89.3,-8.9,2.1,19.6,3.7,0.0
2026-01-17 22:00:00,KYIV-007-3,KYIV-007,Band 1 (2100MHz),-78.8,-9.7,16.9,7.4,1.6,17.3
2026-01-17 22:00:00,KYIV-008-1,KYIV-008,Band 3 (1800MHz),-87.5,-1.5,7.1,14.4,0.0,40.7
2026-01-17 22:00:00,KYIV-008-2,KYIV-008,Band 3 (1800MHz),-92.6,-7.1,13.4,0.0,2.6,30.1
2026-01-17 22:00:00,KYIV-008-3,KYIV-008,Band 3 (1800MHz),-86.5,-8.4,18.0,31.0,5.0,0.0
2026-01-17 22:00:00,KYIV-009-1,KYIV-009,Band 1 (2100MHz),-99.9,-9.7,12.5,10.5,7.6,10.9
2026-01-17 22:00:00,KYIV-009-2,KYIV-009,Band 1 (2100MHz),-90.2,-7.5,7.5,8.8,0.0,0.0
2026-01-17 22:00:00,KYIV-009-3,KYIV-009,Band 1 (2100MHz),-83.2,-7.6,21.4,14.8,0.0,0.0
2026-01-17 22:00:00,KYIV-010-1,KYIV-010,Band 3 (1800MHz),-92.6,-7.6,16.1,0.0,5.3,27.4
2026-01-17 22:00:00,KYIV-010-2,KYIV-010,Band 3 (1800MHz),-89.6,-10.2,12.1,0.0,0.0,3.9
2026-01-17 22:00:00,KYIV-010-3,KYIV-010,Band 3 (1800MHz),-84.5,-5.3,2.5,5.9,8.4,20.3
2026-01-17 22:00:00,KYIV-011-1,KYIV-011,Band 1 (2100MHz),-82.0,-4.8,12.6,13.3,19.6,23.7
2026-01-17 22:00:00,KYIV-011-2,KYIV-011,Band 1 (2100MHz),-83.4,-6.8,9.1,5.4,7.2,14.7
2026-01-17 22:00:00,KYIV-011-3,KYIV-011,Band 1 (2100MHz),-83.2,-6.8,19.4,26.4,12.4,31.4
2026-01-17 22:00:00,KYIV-012-1,KYIV-012,Band 3 (1800MHz),-90.3,-7.1,15.8,11.8,0.0,21.8
2026-01-17 22:00:00,KYIV-012-2,KYIV-012,Band 3 (1800MHz),-84.2,-9.0,5.9,8.1,8.8,3.2
2026-01-17 22:00:00,KYIV-012-3,KYIV-012,Band 3 (1800MHz),-89.5,-10.7,8.8,0.0,36.7,15.1
2026-01-17 22:00:00,KYIV-013-1,KYIV-013,Band 1 (2100MHz),-84.7,-4.3,11.7,20.0,4.8,0.0
2026-01-17 22:00:00,KYIV-013-2,KYIV-013,Band 1 (2100MHz),-90.5,-6.6,7.2,5.8,19.1,4.7
2026-01-17 22:00:00,KYIV-013-3,KYIV-013,Band 1 (2100MHz),-85.4,-7.5,12.3,0.0,16.8,0.0
2026-01-17 22:00:00,KYIV-014-1,KYIV-014,Band 3 (1800MHz),-91.4,-8.5,17.1,0.0,0.0,0.0
2026-01-17 22:00:00,KYIV-014-2,KYIV-014,Band 3 (1800MHz),-93.0,-13.5,1.3,0.0,5.5,21.9
2026-01-17 22:00:00,KYIV-014-3,KYIV-014,Band 3 (1800MHz),-87.7,-9.0,15.1,17.0,2.3,0.0
2026-01-17 22:00:00,KYIV-015-1,KYIV-015,Band 1 (2100MHz),-80.5,-9.1,6.0,16.7,6.9,4.8
2026-01-17 22:00:00,KYIV-015-2,KYIV-015,Band 1 (2100MHz),-89.3,-7.0,12.4,0.0,5.7,39.7
2026-01-17 22:00:00,KYIV-015-3,KYIV-015,Band 1 (2100MHz),-80.4,-12.2,13.7,21.5,0.0,32.0
2026-01-17 22:00:00,KYIV-016-1,KYIV-016,Band 3 (1800MHz),-86.7,-11.6,6.5,11.2,3.4,3.4
2026-01-17 22:00:00,KYIV-016-2,KYIV-016,Band 3 (1800MHz),-90.5,-6.6,10.8,7.4,17.4,36.7
2026-01-17 22:00:00,KYIV-016-3,KYIV-016,Band 3 (1800MHz),-81.6,-8.4,12.3,27.9,10.0,0.0
2026-01-17 23:00:00,KYIV-001-1,KYIV-001,Band 1 (2100MHz),-79.5,-7.3,20.1,31.7,8.2,24.8
2026-01-17 23:00:00,KYIV-001-2,KYIV-001,Band 1 (2100MHz),-95.7,-11.7,16.0,6.3,7.2,20.3
2026-01-17 23:00:00,KYIV-001-3,KYIV-001,Band 1 (2100MHz),-85.9,-7.3,17.1,8.6,2.5,0.0
2026-01-17 23:00:00,KYIV-002-1,KYIV-002,Band 3 (1800MHz),-97.7,-10.7,9.2,8.0,15.2,0.0
2026-01-17 23:00:00,KYIV-002-2,KYIV-002,Band 3 (1800MHz),-103.4,-9.2,4.5,0.0,5.7,5.3
2026-01-17 23:00:00,KYIV-002-3,KYIV-002,Band 3 (1800MHz),-83.3,-12.2,11.1,13.8,10.4,24.8
2026-01-17 23:00:00,KYIV-003-1,KYIV-003,Band 1 (2100MHz),-79.7,-9.8,24.1,29.0,13.4,4.1
2026-01-17 23:00:00,KYIV-003-2,KYIV-003,Band 1 (2100MHz),-83.8,-8.7,17.9,5.6,1.7,0.0
2026-01-17 23:00:00,KYIV-003-3,KYIV-003,Band 1 (2100MHz),-91.6,-7.1,10.7,0.0,8.0,3.0
2026-01-17 23:00:00,KYIV-004-1,KYIV-004,Band 3 (1800MHz),-89.4,-8.0,1.1,0.0,31.5,5.3
2026-01-17 23:00:00,KYIV-004-2,KYIV-004,Band 3 (1800MHz),-79.8,-3.4,14.8,0.0,4.7,1.9
2026-01-17 23:00:00,KYIV-004-3,KYIV-004,Band 3 (1800MHz),-88.3,-7.6,21.2,3.3,6.9,0.0
2026-01-17 23:00:00,KYIV-005-1,KYIV-005,Band 1 (2100MHz),-88.7,-9.9,12.5,13.5,0.0,1.2
2026-01-17 23:00:00,KYIV-005-2,KYIV-005,Band 1 (2100MHz),-89.7,-7.0,13.3,0.0,6.3,0.4
2026-01-17 23:00:00,KYIV-005-3,KYIV-005,Band 1 (2100MHz),-97.8,-10.0,4.4,22.2,8.6,0.0
2026-01-17 23:00:00,KYIV-006-1,KYIV-006,Band 3 (1800MHz),-82.5,-7.1,8.6,19.4,0.0,15.7
2026-01-17 23:00:00,KYIV-006-2,KYIV-006,Band 3 (1800MHz),-88.0,-7.9,-3.7,16.1,16.5,25.7
2026-01-17 23:00:00,KYIV-006-3,KYIV-006,Band 3 (1800MHz),-87.4,-5.1,17.3,14.5,5.9,63.8
2026-01-17 23:00:00,KYIV-007-1,KYIV-007,Band 1 (2100MHz),-87.6,-8.6,6.0,1.1,0.0,13.2
2026-01-17 23:00:00,KYIV-007-2,KYIV-007,Band 1 (2100MHz),-89.3,-10.8,14.4,1.8,5.0,42.6
2026-01-17 23:00:00,KYIV-007-3,KYIV-007,Band 1 (2100MHz),-85.3,-8.0,12.9,20.4,2.0,45.4
2026-01-17 23:00:00,KYIV-008-1,KYIV-008,Band 3 (1800MHz),-84.4,-9.0,15.4,0.0,14.2,25.9
2026-01-17 23:00:00,KYIV-008-2,KYIV-008,Band 3 (1800MHz),-85.2,-7.4,13.4,0.0,0.0,15.6
2026-01-17 23:00:00,KYIV-008-3,KYIV-008,Band 3 (1800MHz),-81.7,-8.8,11.1,21.2,4.6,0.0
2026-01-17 23:00:00,KYIV-009-1,KYIV-009,Band 1 (2100MHz),-87.4,-6.7,4.9,0.0,5.7,18.3
2026-01-17 23:00:00,KYIV-009-2,KYIV-009,Band 1 (2100MHz),-89.9,-4.5,13.5,36.4,0.0,0.0
2026-01-17 23:00:00,KYIV-009-3,KYIV-009,Band 1 (2100MHz),-87.2,-12.1,9.6,1.6,0.0,16.0
2026-01-17 23:00:00,KYIV-010-1,KYIV-010,Band 3 (1800MHz),-82.4,-9.2,18.0,0.0,8.2,18.8
2026-01-17 23:00:00,KYIV-010-2,KYIV-010,Band 3 (1800MHz),-87.2,-8.9,14.7,12.3,7.5,0.0
2026-01-17 23:00:00,KYIV-010-3,KYIV-010,Band 3 (1800MHz),-73.1,-7.4,20.8,9.8,0.0,31.0
2026-01-17 23:00:00,KYIV-011-1,KYIV-011,Band 1 (2100MHz),-90.7,-5.6,6.4,0.0,8.7,45.4
2026-01-17 23:00:00,KYIV-011-2,KYIV-011,Band 1 (2100MHz),-83.1,-9.7,11.7,13.0,0.0,10.3
2026-01-17 23:00:00,KYIV-011-3,KYIV-011,Band 1 (2100MHz),-90.9,-5.9,5.7,0.0,1.1,3.0
2026-01-17 23:00:00,KYIV-012-1,KYIV-012,Band 3 (1800MHz),-87.0,-5.6,12.7,0.0,0.0,0.0
2026-01-17 23:00:00,KYIV-012-2,KYIV-012,Band 3 (1800MHz),-93.4,-7.6,14.2,5.1,8.5,14.1
2026-01-17 23:00:00,KYIV-012-3,KYIV-012,Band 3 (1800MHz),-87.1,-8.1,13.6,25.7,5.0,0.0
2026-01-17 23:00:00,KYIV-013-1,KYIV-013,Band 1 (2100MHz),-88.2,-8.5,7.2,10.6,1.1,15.4
2026-01-17 23:00:00,KYIV-013-2,KYIV-013,Band 1 (2100MHz),-96.7,-8.2,18.2,15.6,2.1,0.0
2026-01-17 23:00:00,KYIV-013-3,KYIV-013,Band 1 (2100MHz),-78.3,-7.5,6.2,25.9,0.0,8.6
2026-01-17 23:00:00,KYIV-014-1,KYIV-014,Band 3 (1800MHz),-89.5,-7.0,18.7,16.9,2.2,32.8
2026-01-17 23:00:00,KYIV-014-2,KYIV-014,Band 3 (1800MHz),-104.2,-10.4,5.4,15.7,17.9,6.9
2026-01-17 23:00:00,KYIV-014-3,KYIV-014,Band 3 (1800MHz),-90.2,-9.2,21.0,4.7,7.2,6.7
2026-01-17 23:00:00,KYIV-015-1,KYIV-015,Band 1 (2100MHz),-88.1,-7.3,19.6,8.0,1.2,10.7
2026-01-17 23:00:00,KYIV-015-2,KYIV-015,Band 1 (2100MHz),-87.5,-5.1,11.3,0.0,1.8,0.0
2026-01-17 23:00:00,KYIV-015-3,KYIV-015,Band 1 (2100MHz),-88.2,-5.1,15.5,0.0,19.3,0.0
2026-01-17 23:00:00,KYIV-016-1,KYIV-016,Band 3 (1800MHz),-88.3,-6.5,15.4,24.0,1.9,22.3
2026-01-17 23:00:00,KYIV-016-2,KYIV-016,Band 3 (1800MHz),-87.5,-7.8,13.6,0.0,22.3,21.2
2026-01-17 23:00:00,KYIV-016-3,KYIV-016,Band 3 (1800MHz),-91.6,-10.5,20.9,0.0,0.0,49.5
2026-01-18 00:00:00,KYIV-001-1,KYIV-001,Band 1 (2100MHz),-85.2,-4.1,16.0,24.1,8.6,15.8
2026-01-18 00:00:00,KYIV-001-2,KYIV-001,Band 1 (2100MHz),-84.1,-8.9,11.4,0.0,10.4,0.0
2026-01-18 00:00:00,KYIV-001-3,KYIV-001,Band 1 (2100MHz),-92.4,-9.2,9.3,16.0,10.5,47.9
2026-01-18 00:00:00,KYIV-002-1,KYIV-002,Band 3 (1800MHz),-99.8,-11.4,14.2,19.4,4.1,45.2
2026-01-18 00:00:00,KYIV-002-2,KYIV-002,Band 3 (1800MHz),-94.6,-11.1,4.6,25.1,0.0,13.1
2026-01-18 00:00:00,KYIV-002-3,KYIV-002,Band 3 (1800MHz),-89.3,-10.7,9.9,0.0,12.4,36.5
2026-01-18 00:00:00,KYIV-003-1,KYIV-003,Band 1 (2100MHz),-87.0,-11.7,12.3,0.0,8.0,22.3
2026-01-18 00:00:00,KYIV-003-2,KYIV-003,Band 1 (2100MHz),-77.9,-12.9,15.1,12.1,2.6,60.7
2026-01-18 00:00:00,KYIV-003-3,KYIV-003,Band 1 (2100MHz),-88.1,-5.2,12.9,0.0,12.7,31.0
2026-01-18 00:00:00,KYIV-004-1,KYIV-004,Band 3 (1800MHz),-77.8,-4.0,7.3,1.1,15.0,4.4
2026-01-18 00:00:00,KYIV-004-2,KYIV-004,Band 3 (1800MHz),-83.9,-8.5,14.4,27.5,14.6,0.0
2026-01-18 00:00:00,KYIV-004-3,KYIV-004,Band 3 (1800MHz),-82.3,-6.9,17.3,29.3,0.1,23.2
2026-01-18 00:00:00,KYIV-005-1,KYIV-005,Band 1 (2100MHz),-86.8,-8.9,3.5,25.8,0.0,0.0
2026-01-18 00:00:00,KYIV-005-2,KYIV-005,Band 1 (2100MHz),-87.9,-5.2,13.2,19.7,6.1,27.5
2026-01-18 00:00:00,KYIV-005-3,KYIV-005,Band 1 (2100MHz),-104.7,-12.0,-8.7,12.0,2.5,32.4
2026-01-18 00:00:00,KYIV-006-1,KYIV-006,Band 3 (1800MHz),-86.3,-10.1,15.7,16.8,0.0,0.0
2026-01-18 00:00:00,KYIV-006-2,KYIV-006,Band 3 (1800MHz),-86.5,-6.9,15.0,46.5,16.5,22.2
2026-01-18 00:00:00,KYIV-006-3,KYIV-006,Band 3 (1800MHz),-90.8,-6.2,12.7,0.0,13.2,12.7
2026-01-18 00:00:00,KYIV-007-1,KYIV-007,Band 1 (2100MHz),-80.9,-12.3,7.5,3.2,6.4,78.3
2026-01-18 00:00:00,KYIV-007-2,KYIV-007,Band 1 (2100MHz),-80.7,-8.4,-0.3,7.7,18.4,21.0
2026-01-18 00:00:00,KYIV-007-3,KYIV-007,Band 1 (2100MHz),-83.2,-9.3,10.2,17.3,0.0,0.0
2026-01-18 00:00:00,KYIV-008-1,KYIV-008,Band 3 (1800MHz),-85.6,-8.1,10.7,21.6,6.1,13.7
2026-01-18 00:00:00,KYIV-008-2,KYIV-008,Band 3 (1800MHz),-91.9,-9.6,15.9,0.0,5.2,18.9
2026-01-18 00:00:00,KYIV-008-3,KYIV-008,Band 3 (1800MHz),-89.6,-6.9,13.0,6.9,0.0,2.5
2026-01-18 00:00:00,KYIV-009-1,KYIV-009,Band 1 (2100MHz),-82.0,-5.0,6.8,27.6,2.9,0.0
2026-01-18 00:00:00,KYIV-009-2,KYIV-009,Band 1 (2100MHz),-92.2,-6.6,15.1,2.0,0.0,11.7
2026-01-18 00:00:00,KYIV-009-3,KYIV-009,Band 1 (2100MHz),-88.6,-10.5,7.7,24.5,10.5,0.1
2026-01-18 00:00:00,KYIV-010-1,KYIV-010,Band 3 (1800MHz),-87.0,-9.6,2.8,8.0,12.3,24.0
2026-01-18 00:00:00,KYIV-010-2,KYIV-010,Band 3 (1800MHz),-88.0,-8.3,10.9,8.0,11.6,3.0
2026-01-18 00:00:00,KYIV-010-3,KYIV-010,Band 3 (1800MHz),-79.9,-10.5,10.1,3.1,10.2,3.9
2026-01-18 00:00:00,KYIV-011-1,KYIV-011,Band 1 (2100MHz),-81.5,-10.3,13.9,25.8,8.4,0.0
2026-01-18 00:00:00,KYIV-011-2,KYIV-011,Band 1 (2100MHz),-85.7,-6.6,15.8,12.0,0.0,0.0
2026-01-18 00:00:00,KYIV-011-3,KYIV-011,Band 1 (2100MHz),-83.8,-7.2,15.8,0.0,2.3,2.3
2026-01-18 00:00:00,KYIV-012-1,KYIV-012,Band 3 (1800MHz),-84.1,-5.1,13.8,8.6,0.6,13.2
2026-01-18 00:00:00,KYIV-012-2,KYIV-012,Band 3 (1800MHz),-81.8,-11.3,9.3,17.4,11.7,1.7
2026-01-18 00:00:00,KYIV-012-3,KYIV-012,Band 3 (1800MHz),-90.9,-9.6,15.3,12.7,1.6,14.3
2026-01-18 00:00:00,KYIV-013-1,KYIV-013,Band 1 (2100MHz),-92.7,-11.6,3.3,22.2,18.7,25.3
2026-01-18 00:00:00,KYIV-013-2,KYIV-013,Band 1 (2100MHz),-82.9,-9.6,11.0,11.3,18.5,0.0
2026-01-18 00:00:00,KYIV-013-3,KYIV-013,Band 1 (2100MHz),-85.7,-5.2,5.5,0.0,0.0,0.0
2026-01-18 00:00:00,KYIV-014-1,KYIV-014,Band 3 (1800MHz),-83.6,-10.2,18.3,8.8,0.0,29.4
2026-01-18 00:00:00,KYIV-014-2,KYIV-014,Band 3 (1800MHz),-105.6,-11.4,4.6,4.2,11.0,9.7
2026-01-18 00:00:00,KYIV-014-3,KYIV-014,Band 3 (1800MHz),-83.4,-6.7,27.0,2.0,0.2,0.0
2026-01-18 00:00:00,KYIV-015-1,KYIV-015,Band 1 (2100MHz),-86.7,-8.7,12.8,0.0,6.0,11.9
2026-01-18 00:00:00,KYIV-015-2,KYIV-015,Band 1 (2100MHz),-88.6,-10.1,11.3,0.0,0.0,3.6
2026-01-18 00:00:00,KYIV-015-3,KYIV-015,Band 1 (2100MHz),-87.2,-10.1,13.9,20.7,0.0,32.0
2026-01-18 00:00:00,KYIV-016-1,KYIV-016,Band 3 (1800MHz),-88.1,-8.2,18.1,9.4,0.0,23.3
2026-01-18 00:00:00,KYIV-016-2,KYIV-016,Band 3 (1800MHz),-85.2,-8.1,10.9,0.0,6.3,49.4
2026-01-18 00:00:00,KYIV-016-3,KYIV-016,Band 3 (1800MHz),-89.3,-9.6,8.7,0.0,11.1,19.1
2026-01-18 01:00:00,KYIV-001-1,KYIV-001,Band 1 (2100MHz),-79.2,-7.9,12.0,4.9,14.8,17.1
2026-01-18 01:00:00,KYIV-001-2,KYIV-001,Band 1 (2100MHz),-92.5,-4.2,10.2,6.3,7.7,26.2
2026-01-18 01:00:00,KYIV-001-3,KYIV-001,Band 1 (2100MHz),-96.2,-5.2,10.9,8.6,0.0,0.0
2026-01-18 01:00:00,KYIV-002-1,KYIV-002,Band 3 (1800MHz),-100.9,-7.4,2.0,0.6,25.1,0.0
2026-01-18 01:00:00,KYIV-002-2,KYIV-002,Band 3 (1800MHz),-107.5,-12.0,-1.6,27.4,0.0,7.0
2026-01-18 01:00:00,KYIV-002-3,KYIV-002,Band 3 (1800MHz),-90.6,-7.6,9.6,0.0,1.6,0.0
2026-01-18 01:00:00,KYIV-003-1,KYIV-003,Band 1 (2100MHz),-85.1,-7.3,9.6,6.3,0.0,0.0
2026-01-18 01:00:00,KYIV-003-2,KYIV-003,Band 1 (2100MHz),-87.2,-7.7,10.7,7.5,7.4,28.1
2026-01-18 01:00:00,KYIV-003-3,KYIV-003,Band 1 (2100MHz),-87.4,-10.0,12.7,20.7,0.0,39.3
2026-01-18 01:00:00,KYIV-004-1,KYIV-004,Band 3 (1800MHz),-80.7,-3.7,10.0,0.0,5.6,0.0
2026-01-18 01:00:00,KYIV-004-2,KYIV-004,Band 3 (1800MHz),-82.2,-6.5,12.6,28.4,0.0,0.0
2026-01-18 01:00:00,KYIV-004-3,KYIV-004,Band 3 (1800MHz),-88.8,-4.1,11.1,24.8,8.9,0.0
2026-01-18 01:00:00,KYIV-005-1,KYIV-005,Band 1 (2100MHz),-84.9,-6.3,17.3,20.1,0.0,0.0
2026-01-18 01:00:00,KYIV-005-2,KYIV-005,Band 1 (2100MHz),-84.2,-10.2,19.3,0.0,2.3,0.0
2026-01-18 01:00:00,KYIV-005-3,KYIV-005,Band 1 (2100MHz),-97.6,-12.2,3.7,0.1,16.8,0.0
2026-01-18 01:00:00,KYIV-006-1,KYIV-006,Band 3 (1800MHz),-81.8,-9.2,5.4,20.8,3.7,17.1
2026-01-18 01:00:00,KYIV-006-2,KYIV-006,Band 3 (1800MHz),-92.8,-12.0,16.6,7.0,18.9,16.4
2026-01-18 01:00:00,KYIV-006-3,KYIV-006,Band 3 (1800MHz),-78.5,-10.7,11.7,9.0,0.0,0.0
2026-01-18 01:00:00,KYIV-007-1,KYIV-007,Band 1 (2100MHz),-83.0,-6.7,17.5,0.0,9.0,0.0
2026-01-18 01:00:00,KYIV-007-2,KYIV-007,Band 1 (2100MHz),-83.0,-9.0,14.2,29.6,13.5,35.8
2026-01-18 01:00:00,KYIV-007-3,KYIV-007,Band 1 (2100MHz),-87.3,-8.7,20.1,7.5,0.0,29.2
2026-01-18 01:00:00,KYIV-008-1,KYIV-008,Band 3 (1800MHz),-88.4,-7.4,10.8,29.4,12.8,23.2
2026-01-18 01:00:00,KYIV-008-2,KYIV-008,Band 3 (1800MHz),-85.8,-6.3,14.0,13.3,0.0,10.4
2026-01-18 01:00:00,KYIV-008-3,KYIV-008,Band 3 (1800MHz),-87.7,-10.1,6.4,0.0,0.5,20.8
2026-01-18 01:00:00,KYIV-009-1,KYIV-009,Band 1 (2100MHz),-87.1,-12.0,16.8,4.8,0.0,2.4
2026-01-18 01:00:00,KYIV-009-2,KYIV-009,Band 1 (2100MHz),-97.1,-7.5,14.1,5.6,11.7,20.3
2026-01-18 01:00:00,KYIV-009-3,KYIV-009,Band 1 (2100MHz),-93.6,-6.1,10.7,0.0,6.4,32.8
2026-01-18 01:00:00,KYIV-010-1,KYIV-010,Band 3 (1800MHz),-92.8,-9.6,12.2,0.0,0.0,17.6
2026-01-18 01:00:00,KYIV-010-2,KYIV-010,Band 3 (1800MHz),-85.9,-8.5,14.9,7.6,0.0,0.0
2026-01-18 01:00:00,KYIV-010-3,KYIV-010,Band 3 (1800MHz),-85.6,-9.6,14.8,12.0,7.3,9.7
2026-01-18 01:00:00,KYIV-011-1,KYIV-011,Band 1 (2100MHz),-79.6,-6.3,10.2,7.0,16.4,0.0
2026-01-18 01:00:00,KYIV-011-2,KYIV-011,Band 1 (2100MHz),-83.7,-12.2,13.1,3.1,0.0,0.0
2026-01-18 01:00:00,KYIV-011-3,KYIV-011,Band 1 (2100MHz),-80.4,-15.1,13.8,25.0,0.9,20.0
2026-01-18 01:00:00,KYIV-012-1,KYIV-012,Band 3 (1800MHz),-84.1,-5.6,22.1,2.8,17.0,0.0
2026-01-18 01:00:00,KYIV-012-2,KYIV-012,Band 3 (1800MHz),-90.6,-3.6,4.4,1.8,16.3,18.9
2026-01-18 01:00:00,KYIV-012-3,KYIV-012,Band 3 (1800MHz),-88.1,-7.4,17.0,8.0,0.0,0.0
2026-01-18 01:00:00,KYIV-013-1,KYIV-013,Band 1 (2100MHz),-87.8,-8.7,2.5,0.0,13.8,0.0
2026-01-18 01:00:00,KYIV-013-2,KYIV-013,Band 1 (2100MHz),-86.9,-6.0,5.0,22.4,1.3,26.9
2026-01-18 01:00:00,KYIV-013-3,KYIV-013,Band 1 (2100MHz),-79.5,-4.2,3.5,19.5,5.5,11.7
2026-01-18 01:00:00,KYIV-014-1,KYIV-014,Band 3 (1800MHz),-81.7,-8.6,18.1,9.9,17.7,0.8
2026-01-18 01:00:00,KYIV-014-2,KYIV-014,Band 3 (1800MHz),-94.3,-11.7,3.5,20.0,2.9,0.0
2026-01-18 01:00:00,KYIV-014-3,KYIV-014,Band 3 (1800MHz),-86.7,-9.4,15.8,6.7,2.1,13.1
2026-01-18 01:00:00,KYIV-015-1,KYIV-015,Band 1 (2100MHz),-84.4,-14.3,10.1,0.0,8.6,36.9
2026-01-18 01:00:00,KYIV-015-2,KYIV-015,Band 1 (2100MHz),-88.6,-5.9,7.5,9.1,4.8,21.9
2026-01-18 01:00:00,KYIV-015-3,KYIV-015,Band 1 (2100MHz),-88.4,-10.6,11.6,5.3,3.8,18.3
2026-01-18 01:00:00,KYIV-016-1,KYIV-016,Band 3 (1800MHz),-90.3,-10.2,26.0,3.6,0.0,0.0
2026-01-18 01:00:00,KYIV-016-2,KYIV-016,Band 3 (1800MHz),-82.3,-8.8,15.6,13.3,0.0,28.4
2026-01-18 01:00:00,KYIV-016-3,KYIV-016,Band 3 (1800MHz),-92.9,-8.9,6.0,0.0,11.5,6.8
2026-01-18 02:00:00,KYIV-001-1,KYIV-001,Band 1 (2100MHz),-82.0,-6.3,14.3,26.9,0.0,7.3
2026-01-18 02:00:00,KYIV-001-2,KYIV-001,Band 1 (2100MHz),-92.2,-4.8,13.6,1.7,0.0,1.0
2026-01-18 02:00:00,KYIV-001-3,KYIV-001,Band 1 (2100MHz),-86.3,-5.5,10.2,20.9,1.5,0.0
2026-01-18 02:00:00,KYIV-002-1,KYIV-002,Band 3 (1800MHz),-103.4,-12.5,-3.2,13.4,7.4,0.0
2026-01-18 02:00:00,KYIV-002-2,KYIV-002,Band 3 (1800MHz),-107.5,-13.3,3.7,13.8,12.7,0.0
2026-01-18 02:00:00,KYIV-002-3,KYIV-002,Band 3 (1800MHz),-86.3,-7.2,17.9,14.8,14.1,42.9
2026-01-18 02:00:00,KYIV-003-1,KYIV-003,Band 1 (2100MHz),-81.2,-8.7,17.0,0.0,5.4,42.8
2026-01-18 02:00:00,KYIV-003-2,KYIV-003,Band 1 (2100MHz),-91.9,-8.2,7.0,0.0,9.8,50.2
2026-01-18 02:00:00,KYIV-003-3,KYIV-003,Band 1 (2100MHz),-84.3,-8.1,14.0,0.0,4.9,0.0
2026-01-18 02:00:00,KYIV-004-1,KYIV-004,Band 3 (1800MHz),-92.0,-6.8,19.3,9.2,9.6,0.0
2026-01-18 02:00:00,KYIV-004-2,KYIV-004,Band 3 (1800MHz),-84.3,-5.0,22.4,0.0,13.3,0.8
2026-01-18 02:00:00,KYIV-004-3,KYIV-004,Band 3 (1800MHz),-92.1,-8.7,6.6,6.1,6.0,26.5
2026-01-18 02:00:00,KYIV-005-1,KYIV-005,Band 1 (2100MHz),-85.9,-9.8,3.2,12.2,5.9,0.0
2026-01-18 02:00:00,KYIV-005-2,KYIV-005,Band 1 (2100MHz),-89.3,-7.6,11.6,10.3,19.9,29.2
2026-01-18 02:00:00,KYIV-005-3,KYIV-005,Band 1 (2100MHz),-92.9,-11.5,5.3,2.6,0.0,0.0
2026-01-18 02:00:00,KYIV-006-1,KYIV-006,Band 3 (1800MHz),-77.9,-4.5,6.2,13.1,11.6,51.8
2026-01-18 02:00:00,KYIV-006-2,KYIV-006,Band 3 (1800MHz),-89.3,-7.5,7.2,22.1,0.0,22.6
2026-01-18 02:00:00,KYIV-006-3,KYIV-006,Band 3 (1800MHz),-94.5,-10.4,10.3,21.3,6.2,0.0
2026-01-18 02:00:00,KYIV-007-1,KYIV-007,Band 1 (2100MHz),-82.3,-5.5,13.7,37.4,0.0,22.6
2026-01-18 02:00:00,KYIV-007-2,KYIV-007,Band 1 (2100MHz),-92.2,-9.2,15.8,0.0,4.6,35.3
2026-01-18 02:00:00,KYIV-007-3,KYIV-007,Band 1 (2100MHz),-84.3,-6.3,3.2,28.0,0.0,14.5
2026-01-18 02:00:00,KYIV-008-1,KYIV-008,Band 3 (1800MHz),-85.5,-8.3,-1.4,0.0,2.6,19.2
2026-01-18 02:00:00,KYIV-008-2,KYIV-008,Band 3 (1800MHz),-85.8,-4.8,7.0,16.1,15.1,0.0
2026-01-18 02:00:00,KYIV-008-3,KYIV-008,Band 3 (1800MHz),-98.6,-6.6,21.2,18.9,1.6,44.0
2026-01-18 02:00:00,KYIV-009-1,KYIV-009,Band 1 (2100MHz),-88.5,-4.5,2.4,21.8,19.3,29.0
2026-01-18 02:00:00,KYIV-009-2,KYIV-009,Band 1 (2100MHz),-83.5,-8.1,15.9,24.2,19.1,18.7
2026-01-18 02:00:00,KYIV-009-3,KYIV-009,Band 1 (2100MHz),-90.3,-11.9,17.9,0.0,9.8,19.9
2026-01-18 02:00:00,KYIV-010-1,KYIV-010,Band 3 (1800MHz),-81.3,-9.8,12.8,0.0,5.5,0.0
2026-01-18 02:00:00,KYIV-010-2,KYIV-010,Band 3 (1800MHz),-83.9,-8.0,19.5,22.6,0.0,9.9
2026-01-18 02:00:00,KYIV-010-3,KYIV-010,Band 3 (1800MHz),-93.1,-8.0,6.7,17.0,0.0,0.0
2026-01-18 02:00:00,KYIV-011-1,KYIV-011,Band 1 (2100MHz),-78.3,-5.8,24.1,0.0,14.0,16.2
2026-01-18 02:00:00,KYIV-011-2,KYIV-011,Band 1 (2100MHz),-83.8,-7.9,11.1,18.7,2.8,32.4
2026-01-18 02:00:00,KYIV-011-3,KYIV-011,Band 1 (2100MHz),-84.6,-4.7,17.1,3.6,3.5,0.0
2026-01-18 02:00:00,KYIV-012-1,KYIV-012,Band 3 (1800MHz),-82.7,-10.2,18.5,14.9,8.4,0.0
2026-01-18 02:00:00,KYIV-012-2,KYIV-012,Band 3 (1800MHz),-90.8,-6.1,12.6,0.0,7.7,40.5
2026-01-18 02:00:00,KYIV-012-3,KYIV-012,Band 3 (1800MHz),-86.0,-8.5,12.4,13.2,9.2,0.0
2026-01-18 02:00:00,KYIV-013-1,KYIV-013,Band 1 (2100MHz),-83.9,-7.8,14.6,18.3,0.0,20.0
2026-01-18 02:00:00,KYIV-013-2,KYIV-013,Band 1 (2100MHz),-89.6,-5.1,7.2,0.0,7.3,15.5
2026-01-18 02:00:00,KYIV-013-3,KYIV-013,Band 1 (2100MHz),-84.5,-7.7,9.9,13.1,5.2,0.0
2026-01-18 02:00:00,KYIV-014-1,KYIV-014,Band 3 (1800MHz),-83.3,-5.9,12.0,6.3,0.0,0.0
2026-01-18 02:00:00,KYIV-014-2,KYIV-014,Band 3 (1800MHz),-105.8,-8.9,2.3,8.5,8.8,0.1
2026-01-18 02:00:00,KYIV-014-3,KYIV-014,Band 3 (1800MHz),-89.6,-8.0,8.9,3.2,3.8,22.1
2026-01-18 02:00:00,KYIV-015-1,KYIV-015,Band 1 (2100MHz),-88.8,-3.5,15.2,0.0,0.0,17.3
2026-01-18 02:00:00,KYIV-015-2,KYIV-015,Band 1 (2100MHz),-89.7,-9.2,9.1,0.0,4.8,14.8
2026-01-18 02:00:00,KYIV-015-3,KYIV-015,Band 1 (2100MHz),-84.3,-10.8,14.8,22.9,15.3,13.9
2026-01-18 02:00:00,KYIV-016-1,KYIV-016,Band 3 (1800MHz),-83.0,-9.4,11.3,15.6,4.8,0.0
2026-01-18 02:00:00,KYIV-016-2,KYIV-016,Band 3 (1800MHz),-90.3,-9.7,12.2,0.3,0.0,7.9
2026-01-18 02:00:00,KYIV-016-3,KYIV-016,Band 3 (1800MHz),-86.1,-9.2,10.3,0.0,0.0,0.0
2026-01-18 03:00:00,KYIV-001-1,KYIV-001,Band 1 (2100MHz),-85.9,-8.6,5.3,19.3,0.0,10.4
2026-01-18 03:00:00,KYIV-001-2,KYIV-001,Band 1 (2100MHz),-81.6,-8.8,13.5,20.6,0.0,0.0
2026-01-18 03:00:00,KYIV-001-3,KYIV-001,Band 1 (2100MHz),-89.5,-5.8,16.0,0.0,2.1,5.7
2026-01-18 03:00:00,KYIV-002-1,KYIV-002,Band 3 (1800MHz),-98.6,-13.7,2.3,0.0,0.0,16.8
2026-01-18 03:00:00,KYIV-002-2,KYIV-002,Band 3 (1800MHz),-106.9,-16.4,9.8,0.0,16.8,12.1
2026-01-18 03:00:00,KYIV-002-3,KYIV-002,Band 3 (1800MHz),-91.2,-8.4,5.5,20.1,0.0,0.0
2026-01-18 03:00:00,KYIV-003-1,KYIV-003,Band 1 (2100MHz),-88.5,-6.9,9.9,6.7,0.0,1.3
2026-01-18 03:00:00,KYIV-003-2,KYIV-003,Band 1 (2100MHz),-86.1,-7.6,13.6,7.9,0.0,19.3
2026-01-18 03:00:00,KYIV-003-3,KYIV-003,Band 1 (2100MHz),-83.7,-8.9,10.3,23.4,0.0,20.9
2026-01-18 03:00:00,KYIV-004-1,KYIV-004,Band 3 (1800MHz),-80.3,-11.3,12.4,0.0,12.5,11.3
2026-01-18 03:00:00,KYIV-004-2,KYIV-004,Band 3 (1800MHz),-85.2,-9.3,20.0,8.8,0.0,0.0
2026-01-18 03:00:00,KYIV-004-3,KYIV-004,Band 3 (1800MHz),-82.1,-9.2,18.4,14.4,0.0,27.2
2026-01-18 03:00:00,KYIV-005-1,KYIV-005,Band 1 (2100MHz),-82.5,-6.5,11.3,18.8,10.0,0.0
2026-01-18 03:00:00,KYIV-005-2,KYIV-005,Band 1 (2100MHz),-90.8,-10.4,15.9,12.6,13.2,4.5
2026-01-18 03:00:00,KYIV-005-3,KYIV-005,Band 1 (2100MHz),-97.8,-12.2,10.0,35.6,0.0,19.8
2026-01-18 03:00:00,KYIV-006-1,KYIV-006,Band 3 (1800MHz),-90.3,-10.7,12.9,12.0,0.0,21.8
2026-01-18 03:00:00,KYIV-006-2,KYIV-006,Band 3 (1800MHz),-82.5,-8.2,14.2,16.9,6.7,11.4
2026-01-18 03:00:00,KYIV-006-3,KYIV-006,Band 3 (1800MHz),-84.9,-4.8,14.8,16.0,12.2,25.9
2026-01-18 03:00:00,KYIV-007-1,KYIV-007,Band 1 (2100MHz),-90.5,-8.7,9.9,0.0,0.0,5.3
2026-01-18 03:00:00,KYIV-007-2,KYIV-007,Band 1 (2100MHz),-79.9,-6.9,8.9,0.0,7.6,45.3
2026-01-18 03:00:00,KYIV-007-3,KYIV-007,Band 1 (2100MHz),-91.5,-9.9,9.9,3.5,0.6,10.4
2026-01-18 03:00:00,KYIV-008-1,KYIV-008,Band 3 (1800MHz),-85.5,-6.4,12.8,21.5,11.6,6.2
2026-01-18 03:00:00,KYIV-008-2,KYIV-008,Band 3 (1800MHz),-80.8,-6.6,20.5,7.5,0.0,76.8
2026-01-18 03:00:00,KYIV-008-3,KYIV-008,Band 3 (1800MHz),-88.6,-7.5,18.5,0.0,0.0,7.4
2026-01-18 03:00:00,KYIV-009-1,KYIV-009,Band 1 (2100MHz),-87.8,-9.3,14.2,14.5,0.0,31.6
2026-01-18 03:00:00,KYIV-009-2,KYIV-009,Band 1 (2100MHz),-81.0,-7.5,7.9,11.6,0.0,1.3
2026-01-18 03:00:00,KYIV-009-3,KYIV-009,Band 1 (2100MHz),-90.3,-6.5,17.7,19.9,0.0,21.7
2026-01-18 03:00:00,KYIV-010-1,KYIV-010,Band 3 (1800MHz),-86.9,-5.3,8.2,2.7,7.2,60.8
2026-01-18 03:00:00,KYIV-010-2,KYIV-010,Band 3 (1800MHz),-87.2,-5.4,18.1,22.2,1.6,41.8
2026-01-18 03:00:00,KYIV-010-3,KYIV-010,Band 3 (1800MHz),-83.2,-5.5,20.6,20.7,0.0,59.7
2026-01-18 03:00:00,KYIV-011-1,KYIV-011,Band 1 (2100MHz),-93.6,-5.3,14.2,9.3,5.4,4.8
2026-01-18 03:00:00,KYIV-011-2,KYIV-011,Band 1 (2100MHz),-79.6,-6.6,10.8,37.2,7.7,47.9
2026-01-18 03:00:00,KYIV-011-3,KYIV-011,Band 1 (2100MHz),-83.6,-7.1,10.2,25.2,5.4,0.0
2026-01-18 03:00:00,KYIV-012-1,KYIV-012,Band 3 (1800MHz),-85.5,-9.8,8.6,28.1,0.0,0.0
2026-01-18 03:00:00,KYIV-012-2,KYIV-012,Band 3 (1800MHz),-93.4,-8.7,5.5,10.1,1.3,23.2
2026-01-18 03:00:00,KYIV-012-3,KYIV-012,Band 3 (1800MHz),-93.9,-8.5,11.5,4.1,0.9,38.5
2026-01-18 03:00:00,KYIV-013-1,KYIV-013,Band 1 (2100MHz),-89.6,-11.6,19.7,9.0,0.0,3.9
2026-01-18 03:00:00,KYIV-013-2,KYIV-013,Band 1 (2100MHz),-92.1,-4.9,8.9,6.3,10.3,15.4
2026-01-18 03:00:00,KYIV-013-3,KYIV-013,Band 1 (2100MHz),-87.7,-7.5,11.9,20.7,0.0,10.7
2026-01-18 03:00:00,KYIV-014-1,KYIV-014,Band 3 (1800MHz),-77.4,-9.4,10.8,11.5,5.7,52.9
2026-01-18 03:00:00,KYIV-014-2,KYIV-014,Band 3 (1800MHz),-96.8,-13.0,2.9,7.3,0.0,0.0
2026-01-18 03:00:00,KYIV-014-3,KYIV-014,Band 3 (1800MHz),-89.4,-9.5,13.8,25.5,6.0,12.6
2026-01-18 03:00:00,KYIV-015-1,KYIV-015,Band 1 (2100MHz),-89.3,-9.0,14.6,21.4,0.0,27.4
2026-01-18 03:00:00,KYIV-015-2,KYIV-015,Band 1 (2100MHz),-89.5,-12.1,15.8,23.1,0.0,27.0
2026-01-18 03:00:00,KYIV-015-3,KYIV-015,Band 1 (2100MHz),-77.2,-9.0,13.8,7.4,3.5,31.1
2026-01-18 03:00:00,KYIV-016-1,KYIV-016,Band 3 (1800MHz),-85.4,-9.7,8.4,24.1,6.9,0.0
2026-01-18 03:00:00,KYIV-016-2,KYIV-016,Band 3 (1800MHz),-88.7,-9.1,18.2,11.8,9.7,0.0
2026-01-18 03:00:00,KYIV-016-3,KYIV-016,Band 3 (1800MHz),-87.1,-5.5,6.9,0.0,6.4,16.1
2026-01-18 04:00:00,KYIV-001-1,KYIV-001,Band 1 (2100MHz),-86.7,-9.0,11.4,17.4,16.8,0.0
2026-01-18 04:00:00,KYIV-001-2,KYIV-001,Band 1 (2100MHz),-87.0,-11.3,21.4,0.0,5.4,30.3
2026-01-18 04:00:00,KYIV-001-3,KYIV-001,Band 1 (2100MHz),-83.6,-6.2,6.1,1.1,19.7,0.0
2026-01-18 04:00:00,KYIV-002-1,KYIV-002,Band 3 (1800MHz),-97.6,-14.2,6.7,7.2,6.3,13.5
2026-01-18 04:00:00,KYIV-002-2,KYIV-002,Band 3 (1800MHz),-98.3,-12.0,3.2,4.9,6.0,6.7
2026-01-18 04:00:00,KYIV-002-3,KYIV-002,Band 3 (1800MHz),-87.5,-6.1,6.8,8.0,0.9,4.6
2026-01-18 04:00:00,KYIV-003-1,KYIV-003,Band 1 (2100MHz),-86.5,-6.7,16.0,11.4,10.8,38.8
2026-01-18 04:00:00,KYIV-003-2,KYIV-003,Band 1 (2100MHz),-86.0,-8.2,2.7,17.4,8.6,1.3
2026-01-18 04:00:00,KYIV-003-3,KYIV-003,Band 1 (2100MHz),-80.9,-8.0,10.5,5.9,0.0,55.1
2026-01-18 04:00:00,KYIV-004-1,KYIV-004,Band 3 (1800MHz),-82.5,-9.3,1.1,17.2,16.2,0.1
2026-01-18 04:00:00,KYIV-004-2,KYIV-004,Band 3 (1800MHz),-92.7,-6.2,16.5,0.0,13.2,0.0
2026-01-18 04:00:00,KYIV-004-3,KYIV-004,Band 3 (1800MHz),-98.9,-10.8,8.9,0.0,0.0,0.0
2026-01-18 04:00:00,KYIV-005-1,KYIV-005,Band 1 (2100MHz),-86.2,-6.3,6.5,4.1,3.8,0.0
2026-01-18 04:00:00,KYIV-005-2,KYIV-005,Band 1 (2100MHz),-85.9,-9.4,15.2,12.1,2.6,0.0
2026-01-18 04:00:00,KYIV-005-3,KYIV-005,Band 1 (2100MHz),-105.5,-13.4,10.5,20.2,0.0,17.6
2026-01-18 04:00:00,KYIV-006-1,KYIV-006,Band 3 (1800MHz),-86.8,-14.1,17.8,0.0,2.4,41.3
2026-01-18 04:00:00,KYIV-006-2,KYIV-006,Band 3 (1800MHz),-89.9,-7.6,18.2,20.1,9.5,56.4
2026-01-18 04:00:00,KYIV-006-3,KYIV-006,Band 3 (1800MHz),-87.6,-9.1,12.1,7.9,5.0,16.5
2026-01-18 04:00:00,KYIV-007-1,KYIV-007,Band 1 (2100MHz),-84.0,-10.8,12.8,6.2,0.0,13.4
2026-01-18 04:00:00,KYIV-007-2,KYIV-007,Band 1 (2100MHz),-84.6,-4.0,14.2,24.0,26.9,6.4
2026-01-18 04:00:00,KYIV-007-3,KYIV-007,Band 1 (2100MHz),-86.3,-9.1,19.8,0.0,8.8,6.5
2026-01-18 04:00:00,KYIV-008-1,KYIV-008,Band 3 (1800MHz),-86.3,-5.3,8.3,0.0,0.0,3.8
2026-01-18 04:00:00,KYIV-008-2,KYIV-008,Band 3 (1800MHz),-86.8,-3.1,16.9,21.4,10.2,24.7
2026-01-18 04:00:00,KYIV-008-3,KYIV-008,Band 3 (1800MHz),-94.4,-6.9,9.3,9.0,15.3,14.9
2026-01-18 04:00:00,KYIV-009-1,KYIV-009,Band 1 (2100MHz),-86.4,-6.6,6.6,2.7,12.8,22.2
2026-01-18 04:00:00,KYIV-009-2,KYIV-009,Band 1 (2100MHz),-84.2,-7.1,13.5,0.3,0.0,10.9
2026-01-18 04:00:00,KYIV-009-3,KYIV-009,Band 1 (2100MHz),-85.5,-7.8,10.3,29.0,6.9,0.0
2026-01-18 04:00:00,KYIV-010-1,KYIV-010,Band 3 (1800MHz),-85.9,-5.8,9.5,0.0,2.0,38.4
2026-01-18 04:00:00,KYIV-010-2,KYIV-010,Band 3 (1800MHz),-88.2,-9.2,24.1,1.3,1.8,2.9
2026-01-18 04:00:00,KYIV-010-3,KYIV-010,Band 3 (1800MHz),-81.8,-9.1,11.5,17.7,0.0,20.0
2026-01-18 04:00:00,KYIV-011-1,KYIV-011,Band 1 (2100MHz),-89.9,-6.7,19.4,14.5,8.1,0.0
2026-01-18 04:00:00,KYIV-011-2,KYIV-011,Band 1 (2100MHz),-92.8,-8.5,18.0,24.1,2.5,0.0
2026-01-18 04:00:00,KYIV-011-3,KYIV-011,Band 1 (2100MHz),-90.4,-12.7,13.4,0.0,1.9,18.0
2026-01-18 04:00:00,KYIV-012-1,KYIV-012,Band 3 (1800MHz),-83.1,-7.0,15.4,0.0,0.0,11.0
2026-01-18 04:00:00,KYIV-012-2,KYIV-012,Band 3 (1800MHz),-91.2,-9.0,15.8,13.9,15.7,0.0
2026-01-18 04:00:00,KYIV-012-3,KYIV-012,Band 3 (1800MHz),-87.0,-5.8,18.3,27.7,14.9,30.5
2026-01-18 04:00:00,KYIV-013-1,KYIV-013,Band 1 (2100MHz),-95.6,-3.4,13.1,0.0,5.7,61.2
2026-01-18 04:00:00,KYIV-013-2,KYIV-013,Band 1 (2100MHz),-87.1,-9.3,13.2,14.0,0.0,41.2
2026-01-18 04:00:00,KYIV-013-3,KYIV-013,Band 1 (2100MHz),-83.5,-7.3,19.3,0.0,12.2,0.6
2026-01-18 04:00:00,KYIV-014-1,KYIV-014,Band 3 (1800MHz),-86.0,-6.4,18.2,0.0,17.3,4.7
2026-01-18 04:00:00,KYIV-014-2,KYIV-014,Band 3 (1800MHz),-102.6,-10.4,13.1,0.0,18.5,55.2
2026-01-18 04:00:00,KYIV-014-3,KYIV-014,Band 3 (1800MHz),-84.6,-8.0,20.4,31.9,8.9,23.6
2026-01-18 04:00:00,KYIV-015-1,KYIV-015,Band 1 (2100MHz),-89.3,-8.2,10.1,0.0,5.3,7.4
2026-01-18 04:00:00,KYIV-015-2,KYIV-015,Band 1 (2100MHz),-93.4,-4.8,15.1,0.0,0.0,0.0
2026-01-18 04:00:00,KYIV-015-3,KYIV-015,Band 1 (2100MHz),-89.9,-7.7,8.3,2.6,0.0,78.1
2026-01-18 04:00:00,KYIV-016-1,KYIV-016,Band 3 (1800MHz),-90.2,-9.0,8.6,15.0,5.9,0.0
2026-01-18 04:00:00,KYIV-016-2,KYIV-016,Band 3 (1800MHz),-78.4,-8.4,9.2,0.2,0.0,26.4
2026-01-18 04:00:00,KYIV-016-3,KYIV-016,Band 3 (1800MHz),-90.3,-7.0,13.8,3.7,0.0,0.0
2026-01-18 05:00:00,KYIV-001-1,KYIV-001,Band 1 (2100MHz),-85.6,-7.6,13.1,17.3,16.4,0.0
2026-01-18 05:00:00,KYIV-001-2,KYIV-001,Band 1 (2100MHz),-81.6,-8.0,16.3,0.0,0.0,0.0
2026-01-18 05:00:00,KYIV-001-3,KYIV-001,Band 1 (2100MHz),-81.9,-9.3,11.3,0.0,8.0,34.1
2026-01-18 05:00:00,KYIV-002-1,KYIV-002,Band 3 (1800MHz),-96.6,-10.9,1.1,0.0,4.9,22.9
2026-01-18 05:00:00,KYIV-002-2,KYIV-002,Band 3 (1800MHz),-101.7,-13.4,6.9,0.0,13.9,56.3
2026-01-18 05:00:00,KYIV-002-3,KYIV-002,Band 3 (1800MHz),-81.0,-6.4,14.6,12.1,0.0,41.4
2026-01-18 05:00:00,KYIV-003-1,KYIV-003,Band 1 (2100MHz),-89.7,-7.4,14.6,0.0,3.8,54.8
2026-01-18 05:00:00,KYIV-003-2,KYIV-003,Band 1 (2100MHz),-88.5,-9.5,8.5,0.0,0.9,0.0
2026-01-18 05:00:00,KYIV-003-3,KYIV-003,Band 1 (2100MHz),-93.5,-8.7,1.8,0.0,4.6,30.3
2026-01-18 05:00:00,KYIV-004-1,KYIV-004,Band 3 (1800MHz),-87.5,-7.0,12.6,0.0,9.5,6.2
2026-01-18 05:00:00,KYIV-004-2,KYIV-004,Band 3 (1800MHz),-89.8,-9.0,21.2,11.6,2.5,5.6
2026-01-18 05:00:00,KYIV-004-3,KYIV-004,Band 3 (1800MHz),-92.0,-7.1,0.4,9.7,0.3,30.7
2026-01-18 05:00:00,KYIV-005-1,KYIV-005,Band 1 (2100MHz),-90.7,-10.1,2.4,5.1,0.0,27.5
2026-01-18 05:00:00,KYIV-005-2,KYIV-005,Band 1 (2100MHz),-91.0,-9.8,11.8,0.0,20.1,34.5
2026-01-18 05:00:00,KYIV-005-3,KYIV-005,Band 1 (2100MHz),-109.6,-10.7,5.7,29.7,0.0,0.0
2026-01-18 05:00:00,KYIV-006-1,KYIV-006,Band 3 (1800MHz),-91.5,-6.8,16.7,3.4,12.6,0.0
2026-01-18 05:00:00,KYIV-006-2,KYIV-006,Band 3 (1800MHz),-80.3,-11.0,15.9,13.0,0.0,0.0
2026-01-18 05:00:00,KYIV-006-3,KYIV-006,Band 3 (1800MHz),-88.2,-4.7,18.7,0.0,1.9,32.4
2026-01-18 05:00:00,KYIV-007-1,KYIV-007,Band 1 (2100MHz),-91.8,-6.5,12.6,5.3,0.0,0.0
2026-01-18 05:00:00,KYIV-007-2,KYIV-007,Band 1 (2100MHz),-85.5,-9.1,7.2,11.0,12.4,42.8
2026-01-18 05:00:00,KYIV-007-3,KYIV-007,Band 1 (2100MHz),-85.3,-6.7,7.6,1.6,10.9,18.9
2026-01-18 05:00:00,KYIV-008-1,KYIV-008,Band 3 (1800MHz),-83.2,-6.7,18.0,3.4,4.9,0.0
2026-01-18 05:00:00,KYIV-008-2,KYIV-008,Band 3 (1800MHz),-83.5,-6.0,12.8,9.0,9.3,53.8
2026-01-18 05:00:00,KYIV-008-3,KYIV-008,Band 3 (1800MHz),-85.0,-7.5,12.0,16.4,5.9,14.0
2026-01-18 05:00:00,KYIV-009-1,KYIV-009,Band 1 (2100MHz),-86.3,-5.9,9.4,4.8,0.0,57.7
2026-01-18 05:00:00,KYIV-009-2,KYIV-009,Band 1 (2100MHz),-84.7,-7.6,11.6,0.0,0.0,0.0
2026-01-18 05:00:00,KYIV-009-3,KYIV-009,Band 1 (2100MHz),-83.5,-11.1,10.7,35.5,9.1,22.5
2026-01-18 05:00:00,KYIV-010-1,KYIV-010,Band 3 (1800MHz),-88.0,-7.9,17.0,12.9,6.3,20.9
2026-01-18 05:00:00,KYIV-010-2,KYIV-010,Band 3 (1800MHz),-81.2,-10.4,20.0,16.0,0.0,0.0
2026-01-18 05:00:00,KYIV-010-3,KYIV-010,Band 3 (1800MHz),-79.3,-5.5,8.4,2.5,18.5,22.0
2026-01-18 05:00:00,KYIV-011-1,KYIV-011,Band 1 (2100MHz),-94.0,-9.2,27.4,20.2,12.0,57.4
2026-01-18 05:00:00,KYIV-011-2,KYIV-011,Band 1 (2100MHz),-86.0,-5.7,13.6,0.0,11.9,0.0
2026-01-18 05:00:00,KYIV-011-3,KYIV-011,Band 1 (2100MHz),-91.4,-4.8,7.3,26.0,1.6,16.0
2026-01-18 05:00:00,KYIV-012-1,KYIV-012,Band 3 (1800MHz),-88.0,-5.7,12.4,12.3,0.0,3.9
2026-01-18 05:00:00,KYIV-012-2,KYIV-012,Band 3 (1800MHz),-81.0,-6.6,7.3,0.0,5.0,0.0
2026-01-18 05:00:00,KYIV-012-3,KYIV-012,Band 3 (1800MHz),-91.8,-10.8,15.3,15.2,17.0,40.0
2026-01-18 05:00:00,KYIV-013-1,KYIV-013,Band 1 (2100MHz),-86.7,-9.4,14.5,10.6,6.3,0.0
2026-01-18 05:00:00,KYIV-013-2,KYIV-013,Band 1 (2100MHz),-97.0,-9.3,15.0,0.0,21.9,0.0
2026-01-18 05:00:00,KYIV-013-3,KYIV-013,Band 1 (2100MHz),-86.9,-8.4,9.9,24.3,13.0,37.8
2026-01-18 05:00:00,KYIV-014-1,KYIV-014,Band 3 (1800MHz),-83.4,-5.5,19.3,18.7,15.2,43.3
2026-01-18 05:00:00,KYIV-014-2,KYIV-014,Band 3 (1800MHz),-97.1,-12.9,-3.6,0.0,0.0,0.0
2026-01-18 05:00:00,KYIV-014-3,KYIV-014,Band 3 (1800MHz),-91.5,-6.4,8.3,0.0,0.0,12.8
2026-01-18 05:00:00,KYIV-015-1,KYIV-015,Band 1 (2100MHz),-89.0,-6.7,12.3,9.4,0.0,35.8
2026-01-18 05:00:00,KYIV-015-2,KYIV-015,Band 1 (2100MHz),-86.0,-7.5,9.1,17.1,26.4,35.1
2026-01-18 05:00:00,KYIV-015-3,KYIV-015,Band 1 (2100MHz),-83.6,-8.1,14.1,29.6,12.5,27.6
2026-01-18 05:00:00,KYIV-016-1,KYIV-016,Band 3 (1800MHz),-86.5,-5.1,17.9,12.4,10.9,25.6
2026-01-18 05:00:00,KYIV-016-2,KYIV-016,Band 3 (1800MHz),-87.9,-7.2,13.4,4.8,5.0,19.7
2026-01-18 05:00:00,KYIV-016-3,KYIV-016,Band 3 (1800MHz),-89.8,-9.1,13.4,11.3,19.5,35.1
2026-01-18 06:00:00,KYIV-001-1,KYIV-001,Band 1 (2100MHz),-90.9,-8.2,21.3,14.4,8.5,11.6
2026-01-18 06:00:00,KYIV-001-2,KYIV-001,Band 1 (2100MHz),-84.7,-8.7,21.8,23.6,2.4,0.0
2026-01-18 06:00:00,KYIV-001-3,KYIV-001,Band 1 (2100MHz),-83.2,-5.7,18.2,14.7,1.6,0.0
2026-01-18 06:00:00,KYIV-002-1,KYIV-002,Band 3 (1800MHz),-110.0,-10.3,-2.0,35.5,15.6,0.0
2026-01-18 06:00:00,KYIV-002-2,KYIV-002,Band 3 (1800MHz),-95.3,-11.7,-2.9,41.7,0.0,21.6
2026-01-18 06:00:00,KYIV-002-3,KYIV-002,Band 3 (1800MHz),-86.1,-8.4,22.8,23.8,32.2,19.2
2026-01-18 06:00:00,KYIV-003-1,KYIV-003,Band 1 (2100MHz),-86.7,-6.3,9.2,0.0,0.0,19.6
2026-01-18 06:00:00,KYIV-003-2,KYIV-003,Band 1 (2100MHz),-86.9,-9.5,15.5,32.4,3.3,30.7
2026-01-18 06:00:00,KYIV-003-3,KYIV-003,Band 1 (2100MHz),-85.4,-7.3,14.6,0.0,13.3,47.1
2026-01-18 06:00:00,KYIV-004-1,KYIV-004,Band 3 (1800MHz),-86.7,-6.1,16.1,7.5,11.8,49.5
2026-01-18 06:00:00,KYIV-004-2,KYIV-004,Band 3 (1800MHz),-81.8,-11.7,14.3,6.3,15.6,9.5
2026-01-18 06:00:00,KYIV-004-3,KYIV-004,Band 3 (1800MHz),-88.8,-10.3,17.4,26.7,8.8,40.5
2026-01-18 06:00:00,KYIV-005-1,KYIV-005,Band 1 (2100MHz),-83.2,-4.4,11.1,34.9,0.0,32.6
2026-01-18 06:00:00,KYIV-005-2,KYIV-005,Band 1 (2100MHz),-84.9,-6.0,20.8,0.0,5.4,42.2
2026-01-18 06:00:00,KYIV-005-3,KYIV-005,Band 1 (2100MHz),-98.4,-12.8,-0.3,14.0,0.0,67.6
2026-01-18 06:00:00,KYIV-006-1,KYIV-006,Band 3 (1800MHz),-88.6,-8.8,7.0,13.5,10.9,39.3
2026-01-18 06:00:00,KYIV-006-2,KYIV-006,Band 3 (1800MHz),-79.0,-7.0,10.6,15.0,5.0,45.3
2026-01-18 06:00:00,KYIV-006-3,KYIV-006,Band 3 (1800MHz),-79.9,-7.2,19.9,8.3,9.2,29.9
2026-01-18 06:00:00,KYIV-007-1,KYIV-007,Band 1 (2100MHz),-89.2,-6.1,16.5,22.0,6.1,35.7
2026-01-18 06:00:00,KYIV-007-2,KYIV-007,Band 1 (2100MHz),-85.6,-8.0,15.1,35.8,3.7,11.5
2026-01-18 06:00:00,KYIV-007-3,KYIV-007,Band 1 (2100MHz),-94.1,-11.6,13.7,22.6,7.0,53.3
2026-01-18 06:00:00,KYIV-008-1,KYIV-008,Band 3 (1800MHz),-85.0,-10.0,12.0,9.9,30.0,55.0
2026-01-18 06:00:00,KYIV-008-2,KYIV-008,Band 3 (1800MHz),-85.5,-5.6,13.6,30.9,7.5,16.8
2026-01-18 06:00:00,KYIV-008-3,KYIV-008,Band 3 (1800MHz),-85.9,-8.7,13.2,14.1,0.0,43.5
2026-01-18 06:00:00,KYIV-009-1,KYIV-009,Band 1 (2100MHz),-86.4,-11.5,11.3,21.8,13.7,24.5
2026-01-18 06:00:00,KYIV-009-2,KYIV-009,Band 1 (2100MHz),-89.5,-10.9,9.2,5.8,8.2,0.0
2026-01-18 06:00:00,KYIV-009-3,KYIV-009,Band 1 (2100MHz),-88.7,-7.8,7.6,26.8,9.8,21.8
2026-01-18 06:00:00,KYIV-010-1,KYIV-010,Band 3 (1800MHz),-83.4,-7.5,14.0,10.7,18.7,45.5
2026-01-18 06:00:00,KYIV-010-2,KYIV-010,Band 3 (1800MHz),-87.7,-2.9,6.2,12.0,8.5,31.1
2026-01-18 06:00:00,KYIV-010-3,KYIV-010,Band 3 (1800MHz),-86.8,-10.0,17.1,22.6,8.4,47.4
2026-01-18 06:00:00,KYIV-011-1,KYIV-011,Band 1 (2100MHz),-91.2,-7.9,11.1,0.0,16.7,17.7
2026-01-18 06:00:00,KYIV-011-2,KYIV-011,Band 1 (2100MHz),-89.9,-9.1,23.7,8.0,2.2,0.0
2026-01-18 06:00:00,KYIV-011-3,KYIV-011,Band 1 (2100MHz),-78.5,-9.1,13.0,0.5,15.9,22.1
2026-01-18 06:00:00,KYIV-012-1,KYIV-012,Band 3 (1800MHz),-90.3,-8.9,16.5,23.8,7.6,56.8
2026-01-18 06:00:00,KYIV-012-2,KYIV-012,Band 3 (1800MHz),-81.2,-6.6,4.9,21.9,8.7,31.7
2026-01-18 06:00:00,KYIV-012-3,KYIV-012,Band 3 (1800MHz),-83.1,-11.3,18.6,0.0,5.3,20.8
2026-01-18 06:00:00,KYIV-013-1,KYIV-013,Band 1 (2100MHz),-85.4,-8.8,8.9,6.1,0.0,40.0
2026-01-18 06:00:00,KYIV-013-2,KYIV-013,Band 1 (2100MHz),-84.7,-11.3,10.8,24.7,10.5,56.1
2026-01-18 06:00:00,KYIV-013-3,KYIV-013,Band 1 (2100MHz),-91.8,-4.2,13.8,1.2,20.3,19.6
2026-01-18 06:00:00,KYIV-014-1,KYIV-014,Band 3 (1800MHz),-86.4,-7.3,5.2,14.8,3.4,57.0
2026-01-18 06:00:00,KYIV-014-2,KYIV-014,Band 3 (1800MHz),-100.7,-12.7,5.5,35.5,0.0,41.8
2026-01-18 06:00:00,KYIV-014-3,KYIV-014,Band 3 (1800MHz),-85.1,-4.8,19.2,15.5,0.0,18.8
2026-01-18 06:00:00,KYIV-015-1,KYIV-015,Band 1 (2100MHz),-81.0,-8.8,15.2,15.5,16.5,0.0
2026-01-18 06:00:00,KYIV-015-2,KYIV-015,Band 1 (2100MHz),-89.3,-7.0,14.6,22.2,10.2,39.8
2026-01-18 06:00:00,KYIV-015-3,KYIV-015,Band 1 (2100MHz),-91.1,-6.7,15.6,27.3,14.7,24.2
2026-01-18 06:00:00,KYIV-016-1,KYIV-016,Band 3 (1800MHz),-78.0,-10.9,16.5,0.0,0.0,27.1
2026-01-18 06:00:00,KYIV-016-2,KYIV-016,Band 3 (1800MHz),-88.2,-8.0,18.3,2.6,16.8,52.7
2026-01-18 06:00:00,KYIV-016-3,KYIV-016,Band 3 (1800MHz),-89.3,-4.7,11.2,8.8,25.4,9.6
2026-01-18 07:00:00,KYIV-001-1,KYIV-001,Band 1 (2100MHz),-87.1,-9.5,12.5,51.1,15.8,81.3
2026-01-18 07:00:00,KYIV-001-2,KYIV-001,Band 1 (2100MHz),-83.6,-10.1,9.3,45.2,30.8,115.0
2026-01-18 07:00:00,KYIV-001-3,KYIV-001,Band 1 (2100MHz),-83.6,-11.0,12.4,67.1,27.5,95.7
2026-01-18 07:00:00,KYIV-002-1,KYIV-002,Band 3 (1800MHz),-99.8,-14.5,5.9,50.9,34.4,71.0
2026-01-18 07:00:00,KYIV-002-2,KYIV-002,Band 3 (1800MHz),-108.6,-18.1,-2.3,45.5,26.3,97.0
2026-01-18 07:00:00,KYIV-002-3,KYIV-002,Band 3 (1800MHz),-84.0,-9.3,10.7,42.3,17.2,102.6
2026-01-18 07:00:00,KYIV-003-1,KYIV-003,Band 1 (2100MHz),-85.7,-10.8,8.0,57.6,35.4,87.2
2026-01-18 07:00:00,KYIV-003-2,KYIV-003,Band 1 (2100MHz),-88.9,-6.2,8.0,23.5,23.6,93.6
2026-01-18 07:00:00,KYIV-003-3,KYIV-003,Band 1 (2100MHz),-93.0,-11.2,17.7,40.3,22.7,83.8
2026-01-18 07:00:00,KYIV-004-1,KYIV-004,Band 3 (1800MHz),-89.4,-9.0,7.4,33.4,32.8,62.3
2026-01-18 07:00:00,KYIV-004-2,KYIV-004,Band 3 (1800MHz),-95.2,-9.6,17.0,62.5,22.1,82.7
2026-01-18 07:00:00,KYIV-004-3,KYIV-004,Band 3 (1800MHz),-82.0,-13.0,11.7,33.4,48.8,68.1
2026-01-18 07:00:00,KYIV-005-1,KYIV-005,Band 1 (2100MHz),-84.0,-13.0,11.6,37.0,42.6,81.3
2026-01-18 07:00:00,KYIV-005-2,KYIV-005,Band 1 (2100MHz),-89.3,-12.3,9.4,58.5,19.6,63.3
2026-01-18 07:00:00,KYIV-005-3,KYIV-005,Band 1 (2100MHz),-98.0,-16.5,5.8,48.4,21.2,74.5
2026-01-18 07:00:00,KYIV-006-1,KYIV-006,Band 3 (1800MHz),-90.7,-11.9,14.9,46.4,29.5,92.9
2026-01-18 07:00:00,KYIV-006-2,KYIV-006,Band 3 (1800MHz),-83.7,-5.8,7.5,42.4,36.5,101.6
2026-01-18 07:00:00,KYIV-006-3,KYIV-006,Band 3 (1800MHz),-86.5,-8.2,15.1,42.5,26.5,94.9
2026-01-18 07:00:00,KYIV-007-1,KYIV-007,Band 1 (2100MHz),-84.7,-9.7,8.7,40.3,20.3,38.0
2026-01-18 07:00:00,KYIV-007-2,KYIV-007,Band 1 (2100MHz),-81.7,-10.7,11.7,62.0,29.2,107.7
2026-01-18 07:00:00,KYIV-007-3,KYIV-007,Band 1 (2100MHz),-83.0,-10.8,12.8,50.0,30.6,94.3
2026-01-18 07:00:00,KYIV-008-1,KYIV-008,Band 3 (1800MHz),-84.2,-13.5,7.3,55.4,23.6,54.4
2026-01-18 07:00:00,KYIV-008-2,KYIV-008,Band 3 (1800MHz),-90.7,-7.8,17.2,55.1,29.1,97.8
2026-01-18 07:00:00,KYIV-008-3,KYIV-008,Band 3 (1800MHz),-84.3,-10.0,25.6,53.3,37.3,24.7
2026-01-18 07:00:00,KYIV-009-1,KYIV-009,Band 1 (2100MHz),-91.1,-11.5,7.4,46.1,29.5,127.3
2026-01-18 07:00:00,KYIV-009-2,KYIV-009,Band 1 (2100MHz),-80.7,-11.7,13.2,43.0,19.1,69.2
2026-01-18 07:00:00,KYIV-009-3,KYIV-009,Band 1 (2100MHz),-93.9,-9.4,15.9,41.2,31.6,139.4
2026-01-18 07:00:00,KYIV-010-1,KYIV-010,Band 3 (1800MHz),-80.7,-9.0,16.9,43.6,26.9,87.6
2026-01-18 07:00:00,KYIV-010-2,KYIV-010,Band 3 (1800MHz),-90.0,-10.3,10.8,36.8,33.7,70.1
2026-01-18 07:00:00,KYIV-010-3,KYIV-010,Band 3 (1800MHz),-85.1,-9.6,16.5,48.3,30.4,62.9
2026-01-18 07:00:00,KYIV-011-1,KYIV-011,Band 1 (2100MHz),-79.4,-12.8,13.2,60.1,13.8,56.0
2026-01-18 07:00:00,KYIV-011-2,KYIV-011,Band 1 (2100MHz),-82.7,-11.6,14.4,30.4,35.5,40.1
2026-01-18 07:00:00,KYIV-011-3,KYIV-011,Band 1 (2100MHz),-85.9,-7.9,7.3,73.2,39.8,75.5
2026-01-18 07:00:00,KYIV-012-1,KYIV-012,Band 3 (1800MHz),-88.0,-11.2,12.9,37.8,25.5,93.0
2026-01-18 07:00:00,KYIV-012-2,KYIV-012,Band 3 (1800MHz),-88.3,-9.4,6.0,55.1,33.2,68.9
2026-01-18 07:00:00,KYIV-012-3,KYIV-012,Band 3 (1800MHz),-87.8,-10.3,11.6,71.6,26.2,95.6
2026-01-18 07:00:00,KYIV-013-1,KYIV-013,Band 1 (2100MHz),-91.8,-10.5,11.8,32.9,36.1,112.8
2026-01-18 07:00:00,KYIV-013-2,KYIV-013,Band 1 (2100MHz),-93.3,-11.5,7.3,44.4,32.4,95.6
2026-01-18 07:00:00,KYIV-013-3,KYIV-013,Band 1 (2100MHz),-88.8,-13.2,8.7,37.8,25.0,96.2
2026-01-18 07:00:00,KYIV-014-1,KYIV-014,Band 3 (1800MHz),-86.7,-10.4,12.4,66.5,36.4,72.1
2026-01-18 07:00:00,KYIV-014-2,KYIV-014,Band 3 (1800MHz),-95.3,-14.3,5.5,54.3,18.5,86.1
2026-01-18 07:00:00,KYIV-014-3,KYIV-014,Band 3 (1800MHz),-93.1,-10.4,17.2,45.2,30.7,65.2
2026-01-18 07:00:00,KYIV-015-1,KYIV-015,Band 1 (2100MHz),-87.7,-8.9,23.9,63.9,30.4,83.6
2026-01-18 07:00:00,KYIV-015-2,KYIV-015,Band 1 (2100MHz),-86.5,-10.0,17.6,56.6,15.3,91.1
2026-01-18 07:00:00,KYIV-015-3,KYIV-015,Band 1 (2100MHz),-85.4,-12.1,18.9,45.5,35.4,99.7
2026-01-18 07:00:00,KYIV-016-1,KYIV-016,Band 3 (1800MHz),-89.9,-9.6,12.1,60.2,33.5,80.9
2026-01-18 07:00:00,KYIV-016-2,KYIV-016,Band 3 (1800MHz),-86.4,-8.4,9.2,39.0,41.8,87.6
2026-01-18 07:00:00,KYIV-016-3,KYIV-016,Band 3 (1800MHz),-80.8,-13.5,12.2,50.4,30.0,112.2
2026-01-18 08:00:00,KYIV-001-1,KYIV-001,Band 1 (2100MHz),-86.8,-9.9,9.4,65.0,45.6,119.2
2026-01-18 08:00:00,KYIV-001-2,KYIV-001,Band 1 (2100MHz),-91.6,-10.3,11.9,81.5,40.6,87.0
2026-01-18 08:00:00,KYIV-001-3,KYIV-001,Band 1 (2100MHz),-88.8,-10.6,17.3,73.5,46.5,75.4
2026-01-18 08:00:00,KYIV-002-1,KYIV-002,Band 3 (1800MHz),-110.6,-18.4,19.1,67.2,40.5,110.5
2026-01-18 08:00:00,KYIV-002-2,KYIV-002,Band 3 (1800MHz),-102.7,-13.5,10.5,56.3,36.4,76.8
2026-01-18 08:00:00,KYIV-002-3,KYIV-002,Band 3 (1800MHz),-80.1,-12.1,7.3,92.9,36.1,119.9
2026-01-18 08:00:00,KYIV-003-1,KYIV-003,Band 1 (2100MHz),-86.8,-11.1,9.9,60.3,42.6,121.0
2026-01-18 08:00:00,KYIV-003-2,KYIV-003,Band 1 (2100MHz),-85.0,-12.2,6.3,80.4,42.9,123.8
2026-01-18 08:00:00,KYIV-003-3,KYIV-003,Band 1 (2100MHz),-84.9,-10.0,2.2,65.0,35.9,127.1
2026-01-18 08:00:00,KYIV-004-1,KYIV-004,Band 3 (1800MHz),-90.6,-10.6,7.0,69.2,32.5,166.4
2026-01-18 08:00:00,KYIV-004-2,KYIV-004,Band 3 (1800MHz),-94.9,-14.2,6.2,73.8,25.8,127.0
2026-01-18 08:00:00,KYIV-004-3,KYIV-004,Band 3 (1800MHz),-90.9,-10.4,11.4,68.6,42.5,95.6
2026-01-18 08:00:00,KYIV-005-1,KYIV-005,Band 1 (2100MHz),-87.6,-13.4,21.7,52.7,53.9,102.7
2026-01-18 08:00:00,KYIV-005-2,KYIV-005,Band 1 (2100MHz),-89.6,-12.9,13.7,79.1,36.6,110.4
2026-01-18 08:00:00,KYIV-005-3,KYIV-005,Band 1 (2100MHz),-100.7,-14.2,3.9,43.7,43.7,91.8
2026-01-18 08:00:00,KYIV-006-1,KYIV-006,Band 3 (1800MHz),-90.0,-13.3,14.4,80.2,45.5,120.4
2026-01-18 08:00:00,KYIV-006-2,KYIV-006,Band 3 (1800MHz),-83.8,-12.3,-1.6,62.1,35.3,95.0
2026-01-18 08:00:00,KYIV-006-3,KYIV-006,Band 3 (1800MHz),-88.9,-10.6,11.1,61.5,27.1,60.4
2026-01-18 08:00:00,KYIV-007-1,KYIV-007,Band 1 (2100MHz),-81.9,-12.2,3.8,55.6,52.5,104.8
2026-01-18 08:00:00,KYIV-007-2,KYIV-007,Band 1 (2100MHz),-81.4,-13.2,13.3,65.7,44.9,107.1
2026-01-18 08:00:00,KYIV-007-3,KYIV-007,Band 1 (2100MHz),-79.0,-13.0,15.0,81.7,59.3,89.6
2026-01-18 08:00:00,KYIV-008-1,KYIV-008,Band 3 (1800MHz),-86.9,-12.9,22.4,67.0,30.2,100.0
2026-01-18 08:00:00,KYIV-008-2,KYIV-008,Band 3 (1800MHz),-92.6,-10.4,1.8,63.1,36.0,62.4
2026-01-18 08:00:00,KYIV-008-3,KYIV-008,Band 3 (1800MHz),-80.2,-14.7,4.7,33.7,38.4,113.3
2026-01-18 08:00:00,KYIV-009-1,KYIV-009,Band 1 (2100MHz),-97.8,-10.9,10.4,82.0,30.1,106.8
2026-01-18 08:00:00,KYIV-009-2,KYIV-009,Band 1 (2100MHz),-89.5,-4.6,13.0,86.1,44.1,129.6
2026-01-18 08:00:00,KYIV-009-3,KYIV-009,Band 1 (2100MHz),-82.4,-11.7,9.6,73.5,36.7,69.6
2026-01-18 08:00:00,KYIV-010-1,KYIV-010,Band 3 (1800MHz),-91.9,-10.9,11.6,65.0,48.9,92.9
2026-01-18 08:00:00,KYIV-010-2,KYIV-010,Band 3 (1800MHz),-80.0,-14.2,14.8,83.6,42.2,139.9
2026-01-18 08:00:00,KYIV-010-3,KYIV-010,Band 3 (1800MHz),-84.0,-9.3,6.9,74.2,38.7,132.2
2026-01-18 08:00:00,KYIV-011-1,KYIV-011,Band 1 (2100MHz),-89.1,-12.9,12.5,95.5,47.9,104.1
2026-01-18 08:00:00,KYIV-011-2,KYIV-011,Band 1 (2100MHz),-81.7,-12.1,17.5,83.0,31.6,108.3
2026-01-18 08:00:00,KYIV-011-3,KYIV-011,Band 1 (2100MHz),-89.9,-11.4,14.0,57.8,50.3,144.0
2026-01-18 08:00:00,KYIV-012-1,KYIV-012,Band 3 (1800MHz),-82.6,-9.5,11.5,75.5,37.2,104.0
2026-01-18 08:00:00,KYIV-012-2,KYIV-012,Band 3 (1800MHz),-87.8,-10.8,10.7,63.0,46.8,114.3
2026-01-18 08:00:00,KYIV-012-3,KYIV-012,Band 3 (1800MHz),-91.2,-12.5,4.2,52.9,57.2,78.3
2026-01-18 08:00:00,KYIV-013-1,KYIV-013,Band 1 (2100MHz),-82.2,-10.7,12.5,49.3,59.4,106.7
2026-01-18 08:00:00,KYIV-013-2,KYIV-013,Band 1 (2100MHz),-94.2,-12.3,20.8,72.0,35.4,91.3
2026-01-18 08:00:00,KYIV-013-3,KYIV-013,Band 1 (2100MHz),-89.3,-10.9,8.5,49.7,38.2,117.4
2026-01-18 08:00:00,KYIV-014-1,KYIV-014,Band 3 (1800MHz),-93.2,-12.3,9.8,67.5,41.4,77.2
2026-01-18 08:00:00,KYIV-014-2,KYIV-014,Band 3 (1800MHz),-97.4,-16.5,6.3,69.0,31.9,71.9
2026-01-18 08:00:00,KYIV-014-3,KYIV-014,Band 3 (1800MHz),-85.3,-10.2,11.0,71.1,30.3,132.3
2026-01-18 08:00:00,KYIV-015-1,KYIV-015,Band 1 (2100MHz),-83.2,-9.3,19.8,80.1,32.4,112.7
2026-01-18 08:00:00,KYIV-015-2,KYIV-015,Band 1 (2100MHz),-92.9,-7.7,18.2,69.7,29.1,71.9
2026-01-18 08:00:00,KYIV-015-3,KYIV-015,Band 1 (2100MHz),-89.8,-10.6,11.3,69.8,43.3,123.7
2026-01-18 08:00:00,KYIV-016-1,KYIV-016,Band 3 (1800MHz),-94.7,-14.0,16.4,73.7,31.0,108.4
2026-01-18 08:00:00,KYIV-016-2,KYIV-016,Band 3 (1800MHz),-88.1,-15.0,15.3,69.2,45.4,124.5
2026-01-18 08:00:00,KYIV-016-3,KYIV-016,Band 3 (1800MHz),-86.6,-12.5,20.0,68.3,49.5,97.9
2026-01-18 09:00:00,KYIV-001-1,KYIV-001,Band 1 (2100MHz),-85.7,-12.4,19.9,43.3,31.2,81.0
2026-01-18 09:00:00,KYIV-001-2,KYIV-001,Band 1 (2100MHz),-83.1,-10.1,8.9,56.5,52.0,47.6
2026-01-18 09:00:00,KYIV-001-3,KYIV-001,Band 1 (2100MHz),-89.2,-8.0,16.9,70.8,31.2,88.7
2026-01-18 09:00:00,KYIV-002-1,KYIV-002,Band 3 (1800MHz),-102.3,-15.1,1.5,58.5,33.2,107.1
2026-01-18 09:00:00,KYIV-002-2,KYIV-002,Band 3 (1800MHz),-101.0,-13.0,12.6,65.4,34.3,84.2
2026-01-18 09:00:00,KYIV-002-3,KYIV-002,Band 3 (1800MHz),-90.0,-10.5,9.4,39.4,18.4,85.7
2026-01-18 09:00:00,KYIV-003-1,KYIV-003,Band 1 (2100MHz),-90.1,-10.5,13.1,33.3,37.6,32.1
2026-01-18 09:00:00,KYIV-003-2,KYIV-003,Band 1 (2100MHz),-79.2,-12.0,9.0,50.7,25.8,140.2
2026-01-18 09:00:00,KYIV-003-3,KYIV-003,Band 1 (2100MHz),-83.0,-12.8,14.4,52.7,35.6,65.7
2026-01-18 09:00:00,KYIV-004-1,KYIV-004,Band 3 (1800MHz),-88.3,-10.3,17.6,68.9,38.2,67.7
2026-01-18 09:00:00,KYIV-004-2,KYIV-004,Band 3 (1800MHz),-85.0,-9.3,13.5,59.9,35.0,125.6
2026-01-18 09:00:00,KYIV-004-3,KYIV-004,Band 3 (1800MHz),-87.5,-7.6,12.6,53.5,22.7,101.7
2026-01-18 09:00:00,KYIV-005-1,KYIV-005,Band 1 (2100MHz),-95.9,-11.1,15.3,48.8,24.7,77.2
2026-01-18 09:00:00,KYIV-005-2,KYIV-005,Band 1 (2100MHz),-89.1,-9.4,18.8,54.3,21.4,91.9
2026-01-18 09:00:00,KYIV-005-3,KYIV-005,Band 1 (2100MHz),-113.3,-14.2,13.6,69.0,22.4,18.6
2026-01-18 09:00:00,KYIV-006-1,KYIV-006,Band 3 (1800MHz),-82.7,-9.3,22.2,43.4,36.2,99.1
2026-01-18 09:00:00,KYIV-006-2,KYIV-006,Band 3 (1800MHz),-80.9,-11.8,17.8,45.3,47.3,72.1
2026-01-18 09:00:00,KYIV-006-3,KYIV-006,Band 3 (1800MHz),-79.2,-12.1,14.8,46.4,35.0,110.3
2026-01-18 09:00:00,KYIV-007-1,KYIV-007,Band 1 (2100MHz),-84.9,-10.3,15.0,49.3,36.9,61.1
2026-01-18 09:00:00,KYIV-007-2,KYIV-007,Band 1 (2100MHz),-82.3,-13.7,2.2,49.1,27.7,75.4
2026-01-18 09:00:00,KYIV-007-3,KYIV-007,Band 1 (2100MHz),-89.1,-9.6,15.7,31.5,21.7,97.5
2026-01-18 09:00:00,KYIV-008-1,KYIV-008,Band 3 (1800MHz),-90.1,-10.4,12.4,45.2,26.6,122.7
2026-01-18 09:00:00,KYIV-008-2,KYIV-008,Band 3 (1800MHz),-87.3,-10.0,11.7,54.6,39.8,86.1
2026-01-18 09:00:00,KYIV-008-3,KYIV-008,Band 3 (1800MHz),-89.2,-7.2,2.9,42.1,34.4,116.5
2026-01-18 09:00:00,KYIV-009-1,KYIV-009,Band 1 (2100MHz),-92.9,-6.8,17.8,38.9,22.2,99.0
2026-01-18 09:00:00,KYIV-009-2,KYIV-009,Band 1 (2100MHz),-93.8,-9.6,12.4,48.0,41.2,77.2
2026-01-18 09:00:00,KYIV-009-3,KYIV-009,Band 1 (2100MHz),-85.8,-7.4,15.8,57.6,14.8,81.0
2026-01-18 09:00:00,KYIV-010-1,KYIV-010,Band 3 (1800MHz),-85.4,-11.5,7.9,58.4,23.0,49.9
2026-01-18 09:00:00,KYIV-010-2,KYIV-010,Band 3 (1800MHz),-88.1,-14.2,12.7,68.8,32.0,76.1
2026-01-18 09:00:00,KYIV-010-3,KYIV-010,Band 3 (1800MHz),-75.2,-8.1,15.2,45.7,43.8,48.5
2026-01-18 09:00:00,KYIV-011-1,KYIV-011,Band 1 (2100MHz),-88.2,-11.2,11.7,58.9,47.2,108.5
2026-01-18 09:00:00,KYIV-011-2,KYIV-011,Band 1 (2100MHz),-88.0,-6.1,13.7,45.3,25.3,57.0
2026-01-18 09:00:00,KYIV-011-3,KYIV-011,Band 1 (2100MHz),-87.7,-10.0,7.8,57.8,31.2,69.1
2026-01-18 09:00:00,KYIV-012-1,KYIV-012,Band 3 (1800MHz),-90.9,-14.0,19.2,57.4,23.8,84.2
2026-01-18 09:00:00,KYIV-012-2,KYIV-012,Band 3 (1800MHz),-82.8,-15.2,15.1,46.6,31.3,73.4
2026-01-18 09:00:00,KYIV-012-3,KYIV-012,Band 3 (1800MHz),-88.5,-9.3,16.5,63.0,36.0,96.5
2026-01-18 09:00:00,KYIV-013-1,KYIV-013,Band 1 (2100MHz),-82.7,-9.5,23.5,24.7,26.8,81.4
2026-01-18 09:00:00,KYIV-013-2,KYIV-013,Band 1 (2100MHz),-93.1,-9.4,7.8,65.3,27.0,84.9
2026-01-18 09:00:00,KYIV-013-3,KYIV-013,Band 1 (2100MHz),-87.9,-12.7,20.2,60.6,33.4,72.1
2026-01-18 09:00:00,KYIV-014-1,KYIV-014,Band 3 (1800MHz),-80.5,-11.2,15.5,50.8,41.5,71.3
2026-01-18 09:00:00,KYIV-014-2,KYIV-014,Band 3 (1800MHz),-101.8,-13.6,11.2,49.7,22.7,84.5
2026-01-18 09:00:00,KYIV-014-3,KYIV-014,Band 3 (1800MHz),-92.2,-6.3,14.5,61.7,28.7,96.2
2026-01-18 09:00:00,KYIV-015-1,KYIV-015,Band 1 (2100MHz),-92.8,-8.9,7.4,45.5,26.1,115.9
2026-01-18 09:00:00,KYIV-015-2,KYIV-015,Band 1 (2100MHz),-83.7,-10.8,6.9,52.4,31.6,86.0
2026-01-18 09:00:00,KYIV-015-3,KYIV-015,Band 1 (2100MHz),-86.6,-10.0,17.4,50.5,36.3,91.8
2026-01-18 09:00:00,KYIV-016-1,KYIV-016,Band 3 (1800MHz),-82.6,-8.3,15.2,61.1,29.5,83.4
2026-01-18 09:00:00,KYIV-016-2,KYIV-016,Band 3 (1800MHz),-90.4,-9.7,11.5,39.3,18.5,77.6
2026-01-18 09:00:00,KYIV-016-3,KYIV-016,Band 3 (1800MHz),-81.5,-8.7,10.7,23.1,30.0,165.6
2026-01-18 10:00:00,KYIV-001-1,KYIV-001,Band 1 (2100MHz),-86.8,-4.8,18.9,6.2,5.7,38.1
2026-01-18 10:00:00,KYIV-001-2,KYIV-001,Band 1 (2100MHz),-87.7,-10.1,9.8,29.0,17.2,5.1
2026-01-18 10:00:00,KYIV-001-3,KYIV-001,Band 1 (2100MHz),-82.9,-9.6,12.0,1.6,20.8,34.2
2026-01-18 10:00:00,KYIV-002-1,KYIV-002,Band 3 (1800MHz),-101.8,-14.6,8.4,8.7,2.3,11.6
2026-01-18 10:00:00,KYIV-002-2,KYIV-002,Band 3 (1800MHz),-98.8,-14.9,7.4,18.3,5.2,36.9
2026-01-18 10:00:00,KYIV-002-3,KYIV-002,Band 3 (1800MHz),-87.9,-9.4,13.5,0.0,2.3,13.7
2026-01-18 10:00:00,KYIV-003-1,KYIV-003,Band 1 (2100MHz),-82.2,-10.3,17.1,30.5,3.8,34.5
2026-01-18 10:00:00,KYIV-003-2,KYIV-003,Band 1 (2100MHz),-80.8,-9.6,8.7,14.2,7.2,60.1
2026-01-18 10:00:00,KYIV-003-3,KYIV-003,Band 1 (2100MHz),-79.0,-7.6,21.1,0.0,15.1,31.5
2026-01-18 10:00:00,KYIV-004-1,KYIV-004,Band 3 (1800MHz),-87.2,-10.3,10.4,19.2,10.3,24.6
2026-01-18 10:00:00,KYIV-004-2,KYIV-004,Band 3 (1800MHz),-89.6,-11.1,12.4,0.0,0.0,16.4
2026-01-18 10:00:00,KYIV-004-3,KYIV-004,Band 3 (1800MHz),-88.1,-4.6,11.0,8.1,32.1,17.6
2026-01-18 10:00:00,KYIV-005-1,KYIV-005,Band 1 (2100MHz),-87.0,-8.2,8.3,18.0,10.6,0.0
2026-01-18 10:00:00,KYIV-005-2,KYIV-005,Band 1 (2100MHz),-84.9,-6.1,13.9,23.3,16.5,58.9
2026-01-18 10:00:00,KYIV-005-3,KYIV-005,Band 1 (2100MHz),-100.9,-13.1,6.9,26.3,0.0,0.0
2026-01-18 10:00:00,KYIV-006-1,KYIV-006,Band 3 (1800MHz),-86.9,-9.0,14.0,28.7,22.6,0.0
2026-01-18 10:00:00,KYIV-006-2,KYIV-006,Band 3 (1800MHz),-88.5,-8.7,8.6,0.0,5.3,59.2
2026-01-18 10:00:00,KYIV-006-3,KYIV-006,Band 3 (1800MHz),-87.6,-9.1,18.9,1.6,20.4,31.1
2026-01-18 10:00:00,KYIV-007-1,KYIV-007,Band 1 (2100MHz),-86.8,-11.1,4.3,10.5,4.8,1.1
2026-01-18 10:00:00,KYIV-007-2,KYIV-007,Band 1 (2100MHz),-88.3,-6.3,14.3,1.6,16.4,27.8
2026-01-18 10:00:00,KYIV-007-3,KYIV-007,Band 1 (2100MHz),-82.2,-7.7,19.1,38.8,23.3,39.2
2026-01-18 10:00:00,KYIV-008-1,KYIV-008,Band 3 (1800MHz),-82.9,-5.6,12.5,7.3,4.4,7.0
2026-01-18 10:00:00,KYIV-008-2,KYIV-008,Band 3 (1800MHz),-79.1,-6.3,11.5,7.2,11.3,21.8
2026-01-18 10:00:00,KYIV-008-3,KYIV-008,Band 3 (1800MHz),-93.4,-10.1,6.6,9.6,14.4,29.7
2026-01-18 10:00:00,KYIV-009-1,KYIV-009,Band 1 (2100MHz),-86.2,-8.3,13.9,26.4,20.7,51.1
2026-01-18 10:00:00,KYIV-009-2,KYIV-009,Band 1 (2100MHz),-83.2,-8.6,13.2,9.3,11.9,0.0
2026-01-18 10:00:00,KYIV-009-3,KYIV-009,Band 1 (2100MHz),-92.6,-8.6,3.1,19.7,10.6,21.8
2026-01-18 10:00:00,KYIV-010-1,KYIV-010,Band 3 (1800MHz),-92.5,-7.5,21.6,40.2,16.7,24.3
2026-01-18 10:00:00,KYIV-010-2,KYIV-010,Band 3 (1800MHz),-86.6,-5.6,9.1,31.0,4.3,65.0
2026-01-18 10:00:00,KYIV-010-3,KYIV-010,Band 3 (1800MHz),-83.6,-9.8,14.7,25.2,30.5,0.0
2026-01-18 10:00:00,KYIV-011-1,KYIV-011,Band 1 (2100MHz),-88.3,-9.2,7.9,4.1,5.8,13.1
2026-01-18 10:00:00,KYIV-011-2,KYIV-011,Band 1 (2100MHz),-88.1,-8.5,23.4,32.4,20.7,0.0
2026-01-18 10:00:00,KYIV-011-3,KYIV-011,Band 1 (2100MHz),-92.2,-10.1,13.2,17.4,0.0,0.0
2026-01-18 10:00:00,KYIV-012-1,KYIV-012,Band 3 (1800MHz),-96.0,-11.6,14.4,25.6,6.7,19.3
2026-01-18 10:00:00,KYIV-012-2,KYIV-012,Band 3 (1800MHz),-85.7,-8.7,21.2,26.4,25.7,53.8
2026-01-18 10:00:00,KYIV-012-3,KYIV-012,Band 3 (1800MHz),-79.4,-7.3,15.1,25.3,1.3,38.3
2026-01-18 10:00:00,KYIV-013-1,KYIV-013,Band 1 (2100MHz),-85.9,-7.5,13.9,16.0,15.3,4.5
2026-01-18 10:00:00,KYIV-013-2,KYIV-013,Band 1 (2100MHz),-87.1,-13.0,11.2,39.2,21.4,53.0
2026-01-18 10:00:00,KYIV-013-3,KYIV-013,Band 1 (2100MHz),-89.5,-5.3,17.6,0.0,24.7,10.3
2026-01-18 10:00:00,KYIV-014-1,KYIV-014,Band 3 (1800MHz),-94.2,-9.5,12.4,11.8,10.5,5.7
2026-01-18 10:00:00,KYIV-014-2,KYIV-014,Band 3 (1800MHz),-88.1,-13.3,5.9,21.9,5.2,29.4
2026-01-18 10:00:00,KYIV-014-3,KYIV-014,Band 3 (1800MHz),-90.4,-8.6,11.3,18.0,14.6,10.2
2026-01-18 10:00:00,KYIV-015-1,KYIV-015,Band 1 (2100MHz),-86.7,-6.6,20.7,27.7,6.7,20.4
2026-01-18 10:00:00,KYIV-015-2,KYIV-015,Band 1 (2100MHz),-84.8,-11.3,-3.0,32.5,22.4,36.1
2026-01-18 10:00:00,KYIV-015-3,KYIV-015,Band 1 (2100MHz),-91.1,-7.6,13.5,10.4,2.5,73.9
2026-01-18 10:00:00,KYIV-016-1,KYIV-016,Band 3 (1800MHz),-84.5,-10.0,9.3,11.0,23.6,67.6
2026-01-18 10:00:00,KYIV-016-2,KYIV-016,Band 3 (1800MHz),-88.1,-9.8,11.6,9.3,0.0,27.3
2026-01-18 10:00:00,KYIV-016-3,KYIV-016,Band 3 (1800MHz),-89.9,-12.6,21.8,18.5,25.2,28.6
2026-01-18 11:00:00,KYIV-001-1,KYIV-001,Band 1 (2100MHz),-86.2,-14.0,14.9,44.8,29.9,64.3
2026-01-18 11:00:00,KYIV-001-2,KYIV-001,Band 1 (2100MHz),-87.3,-11.0,8.6,56.1,21.1,75.5
2026-01-18 11:00:00,KYIV-001-3,KYIV-001,Band 1 (2100MHz),-90.6,-12.2,12.2,44.8,29.2,41.7
2026-01-18 11:00:00,KYIV-002-1,KYIV-002,Band 3 (1800MHz),-101.4,-12.0,2.9,58.0,4.6,97.6
2026-01-18 11:00:00,KYIV-002-2,KYIV-002,Band 3 (1800MHz),-101.4,-14.0,6.9,46.1,22.5,66.3
2026-01-18 11:00:00,KYIV-002-3,KYIV-002,Band 3 (1800MHz),-91.4,-7.4,14.2,59.3,31.9,93.3
2026-01-18 11:00:00,KYIV-003-1,KYIV-003,Band 1 (2100MHz),-88.1,-10.4,19.0,37.0,29.4,90.1
2026-01-18 11:00:00,KYIV-003-2,KYIV-003,Band 1 (2100MHz),-81.4,-7.2,23.4,40.5,27.9,87.2
2026-01-18 11:00:00,KYIV-003-3,KYIV-003,Band 1 (2100MHz),-90.6,-9.2,17.2,43.6,7.8,82.3
2026-01-18 11:00:00,KYIV-004-1,KYIV-004,Band 3 (1800MHz),-88.7,-11.0,8.5,51.4,15.5,81.1
2026-01-18 11:00:00,KYIV-004-2,KYIV-004,Band 3 (1800MHz),-92.1,-5.9,7.3,72.9,11.2,103.5
2026-01-18 11:00:00,KYIV-004-3,KYIV-004,Band 3 (1800MHz),-86.0,-9.8,3.3,56.8,14.7,81.7
2026-01-18 11:00:00,KYIV-005-1,KYIV-005,Band 1 (2100MHz),-89.1,-7.7,12.3,32.7,24.1,123.1
2026-01-18 11:00:00,KYIV-005-2,KYIV-005,Band 1 (2100MHz),-83.1,-9.0,0.6,43.0,17.5,64.3
2026-01-18 11:00:00,KYIV-005-3,KYIV-005,Band 1 (2100MHz),-98.8,-10.9,2.0,33.2,21.5,19.4
2026-01-18 11:00:00,KYIV-006-1,KYIV-006,Band 3 (1800MHz),-84.1,-10.7,8.0,59.4,20.7,60.8
2026-01-18 11:00:00,KYIV-006-2,KYIV-006,Band 3 (1800MHz),-87.1,-10.0,8.9,41.6,35.8,96.1
2026-01-18 11:00:00,KYIV-006-3,KYIV-006,Band 3 (1800MHz),-79.2,-9.9,14.4,38.2,29.5,52.5
2026-01-18 11:00:00,KYIV-007-1,KYIV-007,Band 1 (2100MHz),-86.4,-9.5,10.9,49.7,34.4,57.3
2026-01-18 11:00:00,KYIV-007-2,KYIV-007,Band 1 (2100MHz),-84.0,-10.1,11.2,32.9,17.4,64.2
2026-01-18 11:00:00,KYIV-007-3,KYIV-007,Band 1 (2100MHz),-89.7,-12.4,11.8,54.2,39.2,62.6
2026-01-18 11:00:00,KYIV-008-1,KYIV-008,Band 3 (1800MHz),-88.6,-7.7,6.2,42.9,34.0,64.4
2026-01-18 11:00:00,KYIV-008-2,KYIV-008,Band 3 (1800MHz),-86.0,-9.0,8.5,42.0,29.0,82.4
2026-01-18 11:00:00,KYIV-008-3,KYIV-008,Band 3 (1800MHz),-91.5,-9.1,16.4,40.4,11.9,57.4
2026-01-18 11:00:00,KYIV-009-1,KYIV-009,Band 1 (2100MHz),-85.0,-7.6,8.9,35.9,43.5,60.0
2026-01-18 11:00:00,KYIV-009-2,KYIV-009,Band 1 (2100MHz),-90.9,-12.1,14.1,41.7,32.0,75.5
2026-01-18 11:00:00,KYIV-009-3,KYIV-009,Band 1 (2100MHz),-89.8,-11.0,3.2,37.7,3.5,71.2
2026-01-18 11:00:00,KYIV-010-1,KYIV-010,Band 3 (1800MHz),-92.4,-4.7,10.4,47.5,38.6,114.9
2026-01-18 11:00:00,KYIV-010-2,KYIV-010,Band 3 (1800MHz),-94.1,-10.3,10.4,51.4,9.3,82.8
2026-01-18 11:00:00,KYIV-010-3,KYIV-010,Band 3 (1800MHz),-91.3,-6.5,10.8,61.2,24.7,60.6
2026-01-18 11:00:00,KYIV-011-1,KYIV-011,Band 1 (2100MHz),-89.6,-10.0,3.4,63.6,13.1,89.4
2026-01-18 11:00:00,KYIV-011-2,KYIV-011,Band 1 (2100MHz),-91.4,-10.5,16.2,58.3,31.8,67.2
2026-01-18 11:00:00,KYIV-011-3,KYIV-011,Band 1 (2100MHz),-90.4,-10.0,9.0,40.2,39.4,52.7
2026-01-18 11:00:00,KYIV-012-1,KYIV-012,Band 3 (1800MHz),-86.1,-11.4,12.5,43.7,37.3,81.7
2026-01-18 11:00:00,KYIV-012-2,KYIV-012,Band 3 (1800MHz),-82.9,-9.0,19.5,45.1,29.2,89.9
2026-01-18 11:00:00,KYIV-012-3,KYIV-012,Band 3 (1800MHz),-86.0,-7.1,16.9,37.1,19.1,64.8
2026-01-18 11:00:00,KYIV-013-1,KYIV-013,Band 1 (2100MHz),-91.8,-7.3,10.4,25.4,23.4,46.4
2026-01-18 11:00:00,KYIV-013-2,KYIV-013,Band 1 (2100MHz),-83.4,-13.0,20.4,43.1,22.7,78.0
2026-01-18 11:00:00,KYIV-013-3,KYIV-013,Band 1 (2100MHz),-92.2,-14.0,12.7,41.8,30.5,92.9
2026-01-18 11:00:00,KYIV-014-1,KYIV-014,Band 3 (1800MHz),-86.2,-9.3,8.0,48.4,40.9,79.7
2026-01-18 11:00:00,KYIV-014-2,KYIV-014,Band 3 (1800MHz),-100.6,-18.0,-1.1,34.8,24.9,104.1
2026-01-18 11:00:00,KYIV-014-3,KYIV-014,Band 3 (1800MHz),-93.8,-7.7,7.6,23.0,35.1,85.9
2026-01-18 11:00:00,KYIV-015-1,KYIV-015,Band 1 (2100MHz),-87.7,-9.6,17.1,39.0,15.4,84.2
2026-01-18 11:00:00,KYIV-015-2,KYIV-015,Band 1 (2100MHz),-80.3,-7.8,12.4,38.1,37.0,54.1
2026-01-18 11:00:00,KYIV-015-3,KYIV-015,Band 1 (2100MHz),-78.8,-9.3,18.1,39.1,22.7,83.7
2026-01-18 11:00:00,KYIV-016-1,KYIV-016,Band 3 (1800MHz),-88.9,-8.4,12.4,52.8,16.6,69.6
2026-01-18 11:00:00,KYIV-016-2,KYIV-016,Band 3 (1800MHz),-91.8,-6.3,11.5,51.4,45.2,44.4
2026-01-18 11:00:00,KYIV-016-3,KYIV-016,Band 3 (1800MHz),-87.2,-8.7,3.4,30.8,21.4,73.6
2026-01-18 12:00:00,KYIV-001-1,KYIV-001,Band 1 (2100MHz),-92.3,-10.3,16.7,64.3,26.7,65.3
2026-01-18 12:00:00,KYIV-001-2,KYIV-001,Band 1 (2100MHz),-82.6,-9.7,3.4,36.9,21.8,82.5
2026-01-18 12:00:00,KYIV-001-3,KYIV-001,Band 1 (2100MHz),-88.7,-7.1,14.3,46.8,25.9,69.9
2026-01-18 12:00:00,KYIV-002-1,KYIV-002,Band 3 (1800MHz),-100.9,-12.3,3.6,21.5,21.6,100.9
2026-01-18 12:00:00,KYIV-002-2,KYIV-002,Band 3 (1800MHz),-101.6,-14.1,5.6,50.3,28.6,31.9
2026-01-18 12:00:00,KYIV-002-3,KYIV-002,Band 3 (1800MHz),-90.6,-8.5,13.1,46.3,25.7,114.3
2026-01-18 12:00:00,KYIV-003-1,KYIV-003,Band 1 (2100MHz),-83.5,-11.2,18.9,54.9,18.4,99.1
2026-01-18 12:00:00,KYIV-003-2,KYIV-003,Band 1 (2100MHz),-87.5,-9.4,8.1,21.5,34.4,88.7
2026-01-18 12:00:00,KYIV-003-3,KYIV-003,Band 1 (2100MHz),-88.0,-9.0,21.0,46.0,26.1,76.7
2026-01-18 12:00:00,KYIV-004-1,KYIV-004,Band 3 (1800MHz),-92.1,-9.6,19.2,63.3,27.5,60.9
2026-01-18 12:00:00,KYIV-004-2,KYIV-004,Band 3 (1800MHz),-83.7,-8.3,12.4,48.9,12.0,94.7
2026-01-18 12:00:00,KYIV-004-3,KYIV-004,Band 3 (1800MHz),-89.3,-9.8,13.8,35.0,24.6,37.4
2026-01-18 12:00:00,KYIV-005-1,KYIV-005,Band 1 (2100MHz),-89.1,-11.3,18.0,48.0,18.3,100.5
2026-01-18 12:00:00,KYIV-005-2,KYIV-005,Band 1 (2100MHz),-81.9,-7.5,7.3,71.9,30.5,65.9
2026-01-18 12:00:00,KYIV-005-3,KYIV-005,Band 1 (2100MHz),-100.0,-14.8,4.3,35.5,17.4,92.2
2026-01-18 12:00:00,KYIV-006-1,KYIV-006,Band 3 (1800MHz),-83.9,-13.6,13.7,64.4,15.2,54.6
2026-01-18 12:00:00,KYIV-006-2,KYIV-006,Band 3 (1800MHz),-82.8,-10.5,17.0,46.2,25.3,41.7
2026-01-18 12:00:00,KYIV-006-3,KYIV-006,Band 3 (1800MHz),-83.5,-9.7,12.3,22.4,20.2,78.8
2026-01-18 12:00:00,KYIV-007-1,KYIV-007,Band 1 (2100MHz),-79.5,-8.5,13.6,30.8,34.6,79.4
2026-01-18 12:00:00,KYIV-007-2,KYIV-007,Band 1 (2100MHz),-88.6,-9.3,5.7,28.1,13.8,110.1
2026-01-18 12:00:00,KYIV-007-3,KYIV-007,Band 1 (2100MHz),-86.5,-8.3,10.4,62.3,28.6,72.9
2026-01-18 12:00:00,KYIV-008-1,KYIV-008,Band 3 (1800MHz),-82.3,-9.2,19.2,45.8,39.6,113.5
2026-01-18 12:00:00,KYIV-008-2,KYIV-008,Band 3 (1800MHz),-86.1,-8.6,21.2,36.7,19.1,62.7
2026-01-18 12:00:00,KYIV-008-3,KYIV-008,Band 3 (1800MHz),-88.0,-11.3,12.4,39.5,24.2,94.1
2026-01-18 12:00:00,KYIV-009-1,KYIV-009,Band 1 (2100MHz),-77.3,-12.1,16.2,28.5,37.4,89.4
2026-01-18 12:00:00,KYIV-009-2,KYIV-009,Band 1 (2100MHz),-86.1,-7.3,11.4,55.1,12.4,87.5
2026-01-18 12:00:00,KYIV-009-3,KYIV-009,Band 1 (2100MHz),-91.7,-8.1,16.4,32.2,17.0,92.4
2026-01-18 12:00:00,KYIV-010-1,KYIV-010,Band 3 (1800MHz),-87.4,-11.3,12.8,27.5,16.0,55.8
2026-01-18 12:00:00,KYIV-010-2,KYIV-010,Band 3 (1800MHz),-86.4,-7.8,10.4,56.3,10.0,55.5
2026-01-18 12:00:00,KYIV-010-3,KYIV-010,Band 3 (1800MHz),-91.2,-6.5,15.7,46.0,43.6,66.0
2026-01-18 12:00:00,KYIV-011-1,KYIV-011,Band 1 (2100MHz),-85.0,-10.2,0.9,64.3,34.9,107.5
2026-01-18 12:00:00,KYIV-011-2,KYIV-011,Band 1 (2100MHz),-91.8,-9.5,19.7,55.7,21.6,96.8
2026-01-18 12:00:00,KYIV-011-3,KYIV-011,Band 1 (2100MHz),-85.5,-13.6,10.9,44.4,41.0,62.6
2026-01-18 12:00:00,KYIV-012-1,KYIV-012,Band 3 (1800MHz),-91.9,-9.5,0.7,32.9,40.9,66.9
2026-01-18 12:00:00,KYIV-012-2,KYIV-012,Band 3 (1800MHz),-85.2,-10.0,9.1,43.3,9.0,93.6
2026-01-18 12:00:00,KYIV-012-3,KYIV-012,Band 3 (1800MHz),-87.2,-10.3,4.6,56.8,40.5,49.6
2026-01-18 12:00:00,KYIV-013-1,KYIV-013,Band 1 (2100MHz),-88.0,-9.3,18.7,41.9,20.3,90.4
2026-01-18 12:00:00,KYIV-013-2,KYIV-013,Band 1 (2100MHz),-84.2,-8.0,17.7,73.8,33.7,92.7
2026-01-18 12:00:00,KYIV-013-3,KYIV-013,Band 1 (2100MHz),-87.2,-11.7,14.0,28.5,22.4,90.7
2026-01-18 12:00:00,KYIV-014-1,KYIV-014,Band 3 (1800MHz),-90.3,-10.6,12.6,53.4,12.9,79.4
2026-01-18 12:00:00,KYIV-014-2,KYIV-014,Band 3 (1800MHz),-99.5,-13.6,-0.2,50.8,22.2,63.8
2026-01-18 12:00:00,KYIV-014-3,KYIV-014,Band 3 (1800MHz),-95.7,-11.8,17.7,34.8,26.4,51.9
2026-01-18 12:00:00,KYIV-015-1,KYIV-015,Band 1 (2100MHz),-89.3,-12.4,22.8,60.1,37.8,61.9
2026-01-18 12:00:00,KYIV-015-2,KYIV-015,Band 1 (2100MHz),-95.5,-11.0,17.5,35.0,42.6,81.8
2026-01-18 12:00:00,KYIV-015-3,KYIV-015,Band 1 (2100MHz),-87.3,-9.5,21.3,59.0,25.3,93.1
2026-01-18 12:00:00,KYIV-016-1,KYIV-016,Band 3 (1800MHz),-79.3,-8.7,12.2,44.2,23.6,91.6
2026-01-18 12:00:00,KYIV-016-2,KYIV-016,Band 3 (1800MHz),-77.5,-13.8,10.7,44.8,30.6,60.0
2026-01-18 12:00:00,KYIV-016-3,KYIV-016,Band 3 (1800MHz),-86.2,-10.6,9.8,80.4,18.4,90.5
2026-01-18 13:00:00,KYIV-001-1,KYIV-001,Band 1 (2100MHz),-88.3,-9.3,10.7,44.2,14.8,90.2
2026-01-18 13:00:00,KYIV-001-2,KYIV-001,Band 1 (2100MHz),-81.4,-9.4,6.8,9.1,14.9,99.4
2026-01-18 13:00:00,KYIV-001-3,KYIV-001,Band 1 (2100MHz),-83.8,-12.1,12.5,52.6,21.7,88.2
2026-01-18 13:00:00,KYIV-002-1,KYIV-002,Band 3 (1800MHz),-103.2,-12.9,4.6,58.4,32.0,87.2
2026-01-18 13:00:00,KYIV-002-2,KYIV-002,Band 3 (1800MHz),-102.2,-11.9,12.9,62.8,30.6,44.5
2026-01-18 13:00:00,KYIV-002-3,KYIV-002,Band 3 (1800MHz),-84.0,-13.8,9.5,62.2,14.7,74.7
2026-01-18 13:00:00,KYIV-003-1,KYIV-003,Band 1 (2100MHz),-88.5,-8.5,18.2,38.3,35.0,97.6
2026-01-18 13:00:00,KYIV-003-2,KYIV-003,Band 1 (2100MHz),-89.5,-10.7,16.3,48.9,35.0,53.4
2026-01-18 13:00:00,KYIV-003-3,KYIV-003,Band 1 (2100MHz),-86.9,-12.8,11.3,42.2,41.1,54.1
2026-01-18 13:00:00,KYIV-004-1,KYIV-004,Band 3 (1800MHz),-84.0,-7.9,15.9,29.3,34.7,78.0
2026-01-18 13:00:00,KYIV-004-2,KYIV-004,Band 3 (1800MHz),-86.1,-6.4,14.6,46.5,20.3,68.7
2026-01-18 13:00:00,KYIV-004-3,KYIV-004,Band 3 (1800MHz),-89.7,-8.7,14.3,57.6,35.8,66.0
2026-01-18 13:00:00,KYIV-005-1,KYIV-005,Band 1 (2100MHz),-87.2,-10.8,9.9,20.0,29.6,65.1
2026-01-18 13:00:00,KYIV-005-2,KYIV-005,Band 1 (2100MHz),-89.3,-7.5,12.8,52.6,16.9,95.7
2026-01-18 13:00:00,KYIV-005-3,KYIV-005,Band 1 (2100MHz),-99.5,-15.7,5.0,25.5,30.8,54.2
2026-01-18 13:00:00,KYIV-006-1,KYIV-006,Band 3 (1800MHz),-87.4,-7.6,21.4,63.3,19.8,11.4
2026-01-18 13:00:00,KYIV-006-2,KYIV-006,Band 3 (1800MHz),-89.3,-10.2,16.8,73.7,30.1,105.3
2026-01-18 13:00:00,KYIV-006-3,KYIV-006,Band 3 (1800MHz),-80.9,-8.4,6.3,57.7,26.9,87.0
2026-01-18 13:00:00,KYIV-007-1,KYIV-007,Band 1 (2100MHz),-82.5,-15.3,6.8,44.0,26.6,75.6
2026-01-18 13:00:00,KYIV-007-2,KYIV-007,Band 1 (2100MHz),-87.9,-8.3,16.6,45.3,42.1,80.0
2026-01-18 13:00:00,KYIV-007-3,KYIV-007,Band 1 (2100MHz),-79.9,-12.1,16.0,40.1,36.0,63.1
2026-01-18 13:00:00,KYIV-008-1,KYIV-008,Band 3 (1800MHz),-87.3,-8.3,22.5,38.8,32.6,50.6
2026-01-18 13:00:00,KYIV-008-2,KYIV-008,Band 3 (1800MHz),-84.7,-10.2,7.5,68.5,21.7,78.6
2026-01-18 13:00:00,KYIV-008-3,KYIV-008,Band 3 (1800MHz),-87.2,-9.8,14.2,43.5,15.9,80.4
2026-01-18 13:00:00,KYIV-009-1,KYIV-009,Band 1 (2100MHz),-84.8,-10.5,10.2,30.7,38.2,23.2
2026-01-18 13:00:00,KYIV-009-2,KYIV-009,Band 1 (2100MHz),-86.3,-9.8,13.4,57.2,12.1,103.6
2026-01-18 13:00:00,KYIV-009-3,KYIV-009,Band 1 (2100MHz),-88.8,-9.9,10.4,54.0,34.1,40.7
2026-01-18 13:00:00,KYIV-010-1,KYIV-010,Band 3 (1800MHz),-86.4,-11.4,14.6,40.3,9.0,80.3
2026-01-18 13:00:00,KYIV-010-2,KYIV-010,Band 3 (1800MHz),-93.5,-10.9,14.0,52.1,34.3,48.4
2026-01-18 13:00:00,KYIV-010-3,KYIV-010,Band 3 (1800MHz),-82.2,-5.1,5.5,43.4,29.6,41.4
2026-01-18 13:00:00,KYIV-011-1,KYIV-011,Band 1 (2100MHz),-89.7,-10.9,19.5,41.7,53.7,97.1
2026-01-18 13:00:00,KYIV-011-2,KYIV-011,Band 1 (2100MHz),-77.1,-9.6,14.8,44.0,23.6,52.3
2026-01-18 13:00:00,KYIV-011-3,KYIV-011,Band 1 (2100MHz),-89.1,-10.4,11.8,46.5,28.2,68.8
2026-01-18 13:00:00,KYIV-012-1,KYIV-012,Band 3 (1800MHz),-90.1,-11.1,14.4,70.9,37.6,109.1
2026-01-18 13:00:00,KYIV-012-2,KYIV-012,Band 3 (1800MHz),-92.1,-12.8,15.1,28.0,31.0,83.1
2026-01-18 13:00:00,KYIV-012-3,KYIV-012,Band 3 (1800MHz),-90.2,-11.5,18.5,56.7,42.7,140.7
2026-01-18 13:00:00,KYIV-013-1,KYIV-013,Band 1 (2100MHz),-87.5,-8.7,18.5,53.1,35.3,77.3
2026-01-18 13:00:00,KYIV-013-2,KYIV-013,Band 1 (2100MHz),-93.2,-10.8,6.5,39.9,22.9,97.6
2026-01-18 13:00:00,KYIV-013-3,KYIV-013,Band 1 (2100MHz),-81.2,-9.3,5.8,60.9,29.6,65.7
2026-01-18 13:00:00,KYIV-014-1,KYIV-014,Band 3 (1800MHz),-88.1,-11.4,16.8,37.9,16.3,52.8
2026-01-18 13:00:00,KYIV-014-2,KYIV-014,Band 3 (1800MHz),-105.1,-16.9,3.7,57.1,34.8,93.6
2026-01-18 13:00:00,KYIV-014-3,KYIV-014,Band 3 (1800MHz),-90.6,-12.5,17.5,77.6,17.2,68.5
2026-01-18 13:00:00,KYIV-015-1,KYIV-015,Band 1 (2100MHz),-87.2,-8.2,13.0,53.5,29.5,93.9
2026-01-18 13:00:00,KYIV-015-2,KYIV-015,Band 1 (2100MHz),-90.6,-9.8,18.3,28.4,43.9,75.3
2026-01-18 13:00:00,KYIV-015-3,KYIV-015,Band 1 (2100MHz),-83.2,-10.2,5.0,37.0,39.1,34.7
2026-01-18 13:00:00,KYIV-016-1,KYIV-016,Band 3 (1800MHz),-87.3,-6.2,10.5,49.4,31.8,74.5
2026-01-18 13:00:00,KYIV-016-2,KYIV-016,Band 3 (1800MHz),-85.4,-10.7,6.9,56.4,9.1,52.2
2026-01-18 13:00:00,KYIV-016-3,KYIV-016,Band 3 (1800MHz),-85.3,-8.8,12.5,58.8,22.7,56.9
2026-01-18 14:00:00,KYIV-001-1,KYIV-001,Band 1 (2100MHz),-88.9,-9.9,3.0,28.0,8.7,57.0
2026-01-18 14:00:00,KYIV-001-2,KYIV-001,Band 1 (2100MHz),-90.1,-9.2,13.8,62.8,18.2,71.9
2026-01-18 14:00:00,KYIV-001-3,KYIV-001,Band 1 (2100MHz),-86.5,-10.6,6.8,31.9,20.4,90.4
2026-01-18 14:00:00,KYIV-002-1,KYIV-002,Band 3 (1800MHz),-101.0,-16.4,-2.4,62.2,10.6,114.7
2026-01-18 14:00:00,KYIV-002-2,KYIV-002,Band 3 (1800MHz),-101.3,-14.2,1.9,35.8,31.2,11.9
2026-01-18 14:00:00,KYIV-002-3,KYIV-002,Band 3 (1800MHz),-88.5,-11.1,22.5,57.5,14.9,54.2
2026-01-18 14:00:00,KYIV-003-1,KYIV-003,Band 1 (2100MHz),-87.1,-13.0,7.7,50.1,36.0,94.7
2026-01-18 14:00:00,KYIV-003-2,KYIV-003,Band 1 (2100MHz),-84.9,-9.3,9.4,52.0,36.9,67.8
2026-01-18 14:00:00,KYIV-003-3,KYIV-003,Band 1 (2100MHz),-84.1,-12.3,13.5,46.9,24.8,91.6
2026-01-18 14:00:00,KYIV-004-1,KYIV-004,Band 3 (1800MHz),-81.8,-11.8,9.7,35.8,35.2,19.0
2026-01-18 14:00:00,KYIV-004-2,KYIV-004,Band 3 (1800MHz),-88.2,-10.0,15.1,26.7,9.5,35.9
2026-01-18 14:00:00,KYIV-004-3,KYIV-004,Band 3 (1800MHz),-79.2,-11.4,10.1,41.8,29.7,100.1
2026-01-18 14:00:00,KYIV-005-1,KYIV-005,Band 1 (2100MHz),-91.8,-9.8,7.9,45.3,41.4,84.8
2026-01-18 14:00:00,KYIV-005-2,KYIV-005,Band 1 (2100MHz),-90.7,-7.0,18.8,40.9,29.9,42.8
2026-01-18 14:00:00,KYIV-005-3,KYIV-005,Band 1 (2100MHz),-97.2,-13.7,6.6,44.4,31.6,63.6
2026-01-18 14:00:00,KYIV-006-1,KYIV-006,Band 3 (1800MHz),-85.5,-10.5,10.8,45.4,8.9,75.3
2026-01-18 14:00:00,KYIV-006-2,KYIV-006,Band 3 (1800MHz),-86.6,-8.2,19.7,42.4,5.0,70.8
2026-01-18 14:00:00,KYIV-006-3,KYIV-006,Band 3 (1800MHz),-90.6,-8.9,9.0,43.4,26.4,97.9
2026-01-18 14:00:00,KYIV-007-1,KYIV-007,Band 1 (2100MHz),-85.3,-5.8,9.2,60.3,36.5,61.6
2026-01-18 14:00:00,KYIV-007-2,KYIV-007,Band 1 (2100MHz),-90.6,-7.3,12.4,45.2,22.7,83.0
2026-01-18 14:00:00,KYIV-007-3,KYIV-007,Band 1 (2100MHz),-89.9,-7.0,19.7,52.7,23.1,118.0
2026-01-18 14:00:00,KYIV-008-1,KYIV-008,Band 3 (1800MHz),-84.2,-12.6,8.8,30.4,17.4,54.4
2026-01-18 14:00:00,KYIV-008-2,KYIV-008,Band 3 (1800MHz),-84.2,-10.1,14.4,42.6,24.9,82.1
2026-01-18 14:00:00,KYIV-008-3,KYIV-008,Band 3 (1800MHz),-92.1,-8.5,14.3,31.6,39.8,80.7
2026-01-18 14:00:00,KYIV-009-1,KYIV-009,Band 1 (2100MHz),-81.6,-5.8,11.0,48.0,23.8,90.6
2026-01-18 14:00:00,KYIV-009-2,KYIV-009,Band 1 (2100MHz),-85.1,-10.2,13.5,49.7,12.2,99.3
2026-01-18 14:00:00,KYIV-009-3,KYIV-009,Band 1 (2100MHz),-83.3,-13.2,19.6,40.1,42.3,44.3
2026-01-18 14:00:00,KYIV-010-1,KYIV-010,Band 3 (1800MHz),-87.1,-11.8,13.0,25.3,27.2,106.3
2026-01-18 14:00:00,KYIV-010-2,KYIV-010,Band 3 (1800MHz),-82.7,-12.4,12.7,57.9,45.9,88.4
2026-01-18 14:00:00,KYIV-010-3,KYIV-010,Band 3 (1800MHz),-88.9,-9.9,9.7,41.2,28.2,80.0
2026-01-18 14:00:00,KYIV-011-1,KYIV-011,Band 1 (2100MHz),-90.0,-10.1,14.2,45.6,46.4,32.6
2026-01-18 14:00:00,KYIV-011-2,KYIV-011,Band 1 (2100MHz),-85.6,-8.0,13.9,70.9,36.1,59.2
2026-01-18 14:00:00,KYIV-011-3,KYIV-011,Band 1 (2100MHz),-80.3,-9.3,21.3,42.7,33.1,66.9
2026-01-18 14:00:00,KYIV-012-1,KYIV-012,Band 3 (1800MHz),-87.3,-7.9,10.0,30.3,20.9,80.3
2026-01-18 14:00:00,KYIV-012-2,KYIV-012,Band 3 (1800MHz),-86.5,-12.2,19.4,47.4,27.0,64.8
2026-01-18 14:00:00,KYIV-012-3,KYIV-012,Band 3 (1800MHz),-90.7,-6.6,17.1,64.3,18.6,80.2
2026-01-18 14:00:00,KYIV-013-1,KYIV-013,Band 1 (2100MHz),-92.0,-10.1,20.1,58.1,22.2,85.4
2026-01-18 14:00:00,KYIV-013-2,KYIV-013,Band 1 (2100MHz),-85.0,-11.8,12.9,54.2,33.8,83.3
2026-01-18 14:00:00,KYIV-013-3,KYIV-013,Band 1 (2100MHz),-84.2,-9.5,14.6,58.6,37.5,75.0
2026-01-18 14:00:00,KYIV-014-1,KYIV-014,Band 3 (1800MHz),-92.0,-8.2,10.8,48.1,31.7,59.4
2026-01-18 14:00:00,KYIV-014-2,KYIV-014,Band 3 (1800MHz),-101.0,-16.5,-3.2,56.8,24.4,77.1
2026-01-18 14:00:00,KYIV-014-3,KYIV-014,Band 3 (1800MHz),-92.2,-9.9,19.1,62.8,36.5,116.7
2026-01-18 14:00:00,KYIV-015-1,KYIV-015,Band 1 (2100MHz),-87.3,-7.6,13.4,36.4,46.7,85.5
2026-01-18 14:00:00,KYIV-015-2,KYIV-015,Band 1 (2100MHz),-94.3,-12.7,10.3,67.7,18.2,80.9
2026-01-18 14:00:00,KYIV-015-3,KYIV-015,Band 1 (2100MHz),-90.2,-13.8,21.0,67.2,28.5,93.9
2026-01-18 14:00:00,KYIV-016-1,KYIV-016,Band 3 (1800MHz),-85.1,-10.3,4.2,58.0,29.8,31.5
2026-01-18 14:00:00,KYIV-016-2,KYIV-016,Band 3 (1800MHz),-89.5,-10.3,5.6,58.8,28.9,116.6
2026-01-18 14:00:00,KYIV-016-3,KYIV-016,Band 3 (1800MHz),-91.6,-8.5,15.6,51.0,15.5,82.0
2026-01-18 15:00:00,KYIV-001-1,KYIV-001,Band 1 (2100MHz),-86.1,-13.4,8.3,15.0,9.6,10.0
2026-01-18 15:00:00,KYIV-001-2,KYIV-001,Band 1 (2100MHz),-90.8,-7.3,7.8,22.1,11.9,6.7
2026-01-18 15:00:00,KYIV-001-3,KYIV-001,Band 1 (2100MHz),-87.9,-8.0,15.5,14.8,0.0,18.5
2026-01-18 15:00:00,KYIV-002-1,KYIV-002,Band 3 (1800MHz),-98.1,-12.7,7.9,14.5,0.0,60.9
2026-01-18 15:00:00,KYIV-002-2,KYIV-002,Band 3 (1800MHz),-97.0,-10.3,9.4,11.6,15.7,75.1
2026-01-18 15:00:00,KYIV-002-3,KYIV-002,Band 3 (1800MHz),-80.5,-8.4,22.8,16.0,10.9,12.7
2026-01-18 15:00:00,KYIV-003-1,KYIV-003,Band 1 (2100MHz),-83.2,-8.7,11.8,4.5,10.7,63.0
2026-01-18 15:00:00,KYIV-003-2,KYIV-003,Band 1 (2100MHz),-84.5,-9.5,23.9,23.2,17.1,0.0
2026-01-18 15:00:00,KYIV-003-3,KYIV-003,Band 1 (2100MHz),-87.2,-9.9,8.3,18.2,24.6,33.8
2026-01-18 15:00:00,KYIV-004-1,KYIV-004,Band 3 (1800MHz),-84.4,-8.5,20.3,2.7,0.6,0.0
2026-01-18 15:00:00,KYIV-004-2,KYIV-004,Band 3 (1800MHz),-78.5,-10.9,12.4,20.0,18.9,13.0
2026-01-18 15:00:00,KYIV-004-3,KYIV-004,Band 3 (1800MHz),-84.0,-8.7,7.8,25.0,0.0,34.2
2026-01-18 15:00:00,KYIV-005-1,KYIV-005,Band 1 (2100MHz),-81.6,-13.2,9.1,0.0,4.2,20.4
2026-01-18 15:00:00,KYIV-005-2,KYIV-005,Band 1 (2100MHz),-92.0,-4.0,14.1,8.0,10.5,41.0
2026-01-18 15:00:00,KYIV-005-3,KYIV-005,Band 1 (2100MHz),-101.0,-16.5,-1.2,0.0,11.8,36.3
2026-01-18 15:00:00,KYIV-006-1,KYIV-006,Band 3 (1800MHz),-87.4,-8.4,5.0,8.0,7.0,13.0
2026-01-18 15:00:00,KYIV-006-2,KYIV-006,Band 3 (1800MHz),-83.5,-12.1,7.0,19.2,7.0,19.4
2026-01-18 15:00:00,KYIV-006-3,KYIV-006,Band 3 (1800MHz),-92.4,-12.2,9.5,17.1,14.2,21.1
2026-01-18 15:00:00,KYIV-007-1,KYIV-007,Band 1 (2100MHz),-88.4,-6.3,9.8,12.5,10.3,14.2
2026-01-18 15:00:00,KYIV-007-2,KYIV-007,Band 1 (2100MHz),-81.1,-12.8,21.2,5.5,2.3,37.2
2026-01-18 15:00:00,KYIV-007-3,KYIV-007,Band 1 (2100MHz),-86.3,-8.4,7.6,15.7,3.9,41.7
2026-01-18 15:00:00,KYIV-008-1,KYIV-008,Band 3 (1800MHz),-87.0,-8.3,7.9,3.6,0.0,21.1
2026-01-18 15:00:00,KYIV-008-2,KYIV-008,Band 3 (1800MHz),-82.0,-5.2,19.0,15.7,14.0,43.7
2026-01-18 15:00:00,KYIV-008-3,KYIV-008,Band 3 (1800MHz),-81.1,-11.5,15.1,15.4,0.0,58.5
2026-01-18 15:00:00,KYIV-009-1,KYIV-009,Band 1 (2100MHz),-87.5,-8.6,18.5,16.3,5.9,6.0
2026-01-18 15:00:00,KYIV-009-2,KYIV-009,Band 1 (2100MHz),-87.7,-9.6,16.3,6.9,0.0,29.5
2026-01-18 15:00:00,KYIV-009-3,KYIV-009,Band 1 (2100MHz),-88.9,-8.6,3.8,0.0,12.2,12.7
2026-01-18 15:00:00,KYIV-010-1,KYIV-010,Band 3 (1800MHz),-77.2,-10.5,11.7,0.0,1.9,32.1
2026-01-18 15:00:00,KYIV-010-2,KYIV-010,Band 3 (1800MHz),-81.0,-7.7,15.9,19.7,0.6,11.9
2026-01-18 15:00:00,KYIV-010-3,KYIV-010,Band 3 (1800MHz),-89.8,-7.6,16.4,45.1,0.0,59.5
2026-01-18 15:00:00,KYIV-011-1,KYIV-011,Band 1 (2100MHz),-88.6,-11.3,22.6,14.2,25.8,41.7
2026-01-18 15:00:00,KYIV-011-2,KYIV-011,Band 1 (2100MHz),-87.3,-9.7,21.7,23.9,10.1,18.8
2026-01-18 15:00:00,KYIV-011-3,KYIV-011,Band 1 (2100MHz),-87.8,-9.9,13.7,6.5,12.0,36.9
2026-01-18 15:00:00,KYIV-012-1,KYIV-012,Band 3 (1800MHz),-84.8,-8.7,16.9,3.7,9.7,64.8
2026-01-18 15:00:00,KYIV-012-2,KYIV-012,Band 3 (1800MHz),-92.3,-9.4,0.3,0.9,10.9,45.5
2026-01-18 15:00:00,KYIV-012-3,KYIV-012,Band 3 (1800MHz),-91.0,-7.4,13.2,0.0,0.0,23.3
2026-01-18 15:00:00,KYIV-013-1,KYIV-013,Band 1 (2100MHz),-89.8,-10.3,15.2,15.1,11.2,19.2
2026-01-18 15:00:00,KYIV-013-2,KYIV-013,Band 1 (2100MHz),-82.7,-8.0,7.5,18.4,9.0,51.9
2026-01-18 15:00:00,KYIV-013-3,KYIV-013,Band 1 (2100MHz),-95.4,-7.3,11.4,27.4,15.0,85.2
2026-01-18 15:00:00,KYIV-014-1,KYIV-014,Band 3 (1800MHz),-88.0,-7.4,10.0,0.7,6.4,30.6
2026-01-18 15:00:00,KYIV-014-2,KYIV-014,Band 3 (1800MHz),-101.8,-12.9,0.6,19.2,9.6,14.9
2026-01-18 15:00:00,KYIV-014-3,KYIV-014,Band 3 (1800MHz),-87.7,-5.9,6.3,28.5,21.6,37.6
2026-01-18 15:00:00,KYIV-015-1,KYIV-015,Band 1 (2100MHz),-84.9,-7.3,19.3,37.2,8.3,37.0
2026-01-18 15:00:00,KYIV-015-2,KYIV-015,Band 1 (2100MHz),-92.4,-5.2,9.9,23.1,21.8,61.9
2026-01-18 15:00:00,KYIV-015-3,KYIV-015,Band 1 (2100MHz),-91.1,-7.3,12.2,16.1,5.3,43.7
2026-01-18 15:00:00,KYIV-016-1,KYIV-016,Band 3 (1800MHz),-90.7,-8.2,11.4,19.8,0.0,28.3
2026-01-18 15:00:00,KYIV-016-2,KYIV-016,Band 3 (1800MHz),-88.2,-8.9,18.9,39.3,11.4,30.4
2026-01-18 15:00:00,KYIV-016-3,KYIV-016,Band 3 (1800MHz),-91.7,-5.0,13.8,16.0,14.0,7.8
2026-01-18 16:00:00,KYIV-001-1,KYIV-001,Band 1 (2100MHz),-75.3,-14.5,9.7,76.2,30.6,105.1
2026-01-18 16:00:00,KYIV-001-2,KYIV-001,Band 1 (2100MHz),-90.4,-7.4,16.1,70.2,27.0,129.7
2026-01-18 16:00:00,KYIV-001-3,KYIV-001,Band 1 (2100MHz),-89.7,-10.5,5.2,76.6,33.1,79.8
2026-01-18 16:00:00,KYIV-002-1,KYIV-002,Band 3 (1800MHz),-99.4,-21.1,3.2,56.0,34.6,67.9
2026-01-18 16:00:00,KYIV-002-2,KYIV-002,Band 3 (1800MHz),-96.6,-17.1,-3.8,70.2,35.2,96.4
2026-01-18 16:00:00,KYIV-002-3,KYIV-002,Band 3 (1800MHz),-89.3,-11.2,11.4,63.6,36.6,92.6
2026-01-18 16:00:00,KYIV-003-1,KYIV-003,Band 1 (2100MHz),-87.8,-10.9,15.0,50.0,27.1,88.5
2026-01-18 16:00:00,KYIV-003-2,KYIV-003,Band 1 (2100MHz),-86.1,-6.4,22.1,62.5,35.4,70.6
2026-01-18 16:00:00,KYIV-003-3,KYIV-003,Band 1 (2100MHz),-88.6,-12.1,7.8,60.9,52.3,111.5
2026-01-18 16:00:00,KYIV-004-1,KYIV-004,Band 3 (1800MHz),-84.7,-11.0,15.8,65.9,37.3,64.4
2026-01-18 16:00:00,KYIV-004-2,KYIV-004,Band 3 (1800MHz),-88.7,-11.8,17.3,67.2,44.7,119.1
2026-01-18 16:00:00,KYIV-004-3,KYIV-004,Band 3 (1800MHz),-86.7,-14.9,10.0,64.0,50.6,77.0
2026-01-18 16:00:00,KYIV-005-1,KYIV-005,Band 1 (2100MHz),-89.5,-13.8,17.4,77.3,42.2,111.4
2026-01-18 16:00:00,KYIV-005-2,KYIV-005,Band 1 (2100MHz),-87.2,-7.8,17.4,45.3,45.8,73.6
2026-01-18 16:00:00,KYIV-005-3,KYIV-005,Band 1 (2100MHz),-99.3,-14.8,6.5,50.7,34.2,118.8
2026-01-18 16:00:00,KYIV-006-1,KYIV-006,Band 3 (1800MHz),-79.8,-12.2,16.3,44.4,25.1,99.2
2026-01-18 16:00:00,KYIV-006-2,KYIV-006,Band 3 (1800MHz),-98.6,-10.6,13.4,53.8,35.2,56.3
2026-01-18 16:00:00,KYIV-006-3,KYIV-006,Band 3 (1800MHz),-78.0,-10.8,11.4,74.7,33.7,131.9
2026-01-18 16:00:00,KYIV-007-1,KYIV-007,Band 1 (2100MHz),-84.8,-12.3,15.9,59.5,50.1,110.1
2026-01-18 16:00:00,KYIV-007-2,KYIV-007,Band 1 (2100MHz),-78.8,-12.2,8.1,55.1,39.0,151.3
2026-01-18 16:00:00,KYIV-007-3,KYIV-007,Band 1 (2100MHz),-84.6,-9.8,7.6,59.5,41.6,105.4
2026-01-18 16:00:00,KYIV-008-1,KYIV-008,Band 3 (1800MHz),-87.5,-7.9,20.2,60.9,45.5,108.1
2026-01-18 16:00:00,KYIV-008-2,KYIV-008,Band 3 (1800MHz),-86.7,-15.9,13.0,88.8,18.9,57.7
2026-01-18 16:00:00,KYIV-008-3,KYIV-008,Band 3 (1800MHz),-86.3,-14.5,19.6,57.5,34.5,107.9
2026-01-18 16:00:00,KYIV-009-1,KYIV-009,Band 1 (2100MHz),-84.1,-9.5,20.4,52.2,19.4,89.9
2026-01-18 16:00:00,KYIV-009-2,KYIV-009,Band 1 (2100MHz),-80.8,-10.1,18.3,59.1,34.7,119.6
2026-01-18 16:00:00,KYIV-009-3,KYIV-009,Band 1 (2100MHz),-83.2,-10.4,12.5,80.3,35.0,76.7
2026-01-18 16:00:00,KYIV-010-1,KYIV-010,Band 3 (1800MHz),-80.8,-10.4,20.8,85.0,43.6,104.9
2026-01-18 16:00:00,KYIV-010-2,KYIV-010,Band 3 (1800MHz),-90.0,-9.1,12.1,39.0,38.2,123.3
2026-01-18 16:00:00,KYIV-010-3,KYIV-010,Band 3 (1800MHz),-85.5,-12.3,2.1,76.3,40.9,72.1
2026-01-18 16:00:00,KYIV-011-1,KYIV-011,Band 1 (2100MHz),-80.0,-11.3,9.1,57.8,43.5,123.8
2026-01-18 16:00:00,KYIV-011-2,KYIV-011,Band 1 (2100MHz),-85.6,-11.6,0.7,60.2,57.7,111.9
2026-01-18 16:00:00,KYIV-011-3,KYIV-011,Band 1 (2100MHz),-94.5,-11.4,12.5,79.5,20.9,94.6
2026-01-18 16:00:00,KYIV-012-1,KYIV-012,Band 3 (1800MHz),-88.1,-11.4,13.4,46.1,12.3,90.0
2026-01-18 16:00:00,KYIV-012-2,KYIV-012,Band 3 (1800MHz),-85.3,-10.7,3.6,69.6,32.4,98.4
2026-01-18 16:00:00,KYIV-012-3,KYIV-012,Band 3 (1800MHz),-91.8,-6.4,10.3,68.0,44.5,80.1
2026-01-18 16:00:00,KYIV-013-1,KYIV-013,Band 1 (2100MHz),-78.5,-9.3,10.8,72.4,46.7,77.5
2026-01-18 16:00:00,KYIV-013-2,KYIV-013,Band 1 (2100MHz),-87.8,-9.0,8.8,57.6,40.5,97.1
2026-01-18 16:00:00,KYIV-013-3,KYIV-013,Band 1 (2100MHz),-85.7,-12.6,14.8,58.6,46.0,109.7
2026-01-18 16:00:00,KYIV-014-1,KYIV-014,Band 3 (1800MHz),-88.8,-10.9,8.7,87.6,43.2,125.7
2026-01-18 16:00:00,KYIV-014-2,KYIV-014,Band 3 (1800MHz),-97.0,-17.5,11.5,65.2,61.1,113.4
2026-01-18 16:00:00,KYIV-014-3,KYIV-014,Band 3 (1800MHz),-84.9,-13.7,22.9,60.9,44.0,133.6
2026-01-18 16:00:00,KYIV-015-1,KYIV-015,Band 1 (2100MHz),-84.8,-13.6,18.0,66.3,25.4,78.4
2026-01-18 16:00:00,KYIV-015-2,KYIV-015,Band 1 (2100MHz),-92.8,-11.1,16.2,72.2,48.4,89.3
2026-01-18 16:00:00,KYIV-015-3,KYIV-015,Band 1 (2100MHz),-88.4,-10.1,11.1,73.3,51.3,101.6
2026-01-18 16:00:00,KYIV-016-1,KYIV-016,Band 3 (1800MHz),-82.6,-9.0,16.7,70.8,33.3,82.1
2026-01-18 16:00:00,KYIV-016-2,KYIV-016,Band 3 (1800MHz),-84.7,-10.8,10.0,73.1,31.6,142.2
2026-01-18 16:00:00,KYIV-016-3,KYIV-016,Band 3 (1800MHz),-85.6,-10.2,14.4,56.2,31.2,90.2
2026-01-18 17:00:00,KYIV-001-1,KYIV-001,Band 1 (2100MHz),-83.0,-12.1,12.7,91.0,29.6,76.3
2026-01-18 17:00:00,KYIV-001-2,KYIV-001,Band 1 (2100MHz),-90.5,-11.4,15.4,66.0,36.4,112.8
2026-01-18 17:00:00,KYIV-001-3,KYIV-001,Band 1 (2100MHz),-84.6,-9.0,14.7,67.8,50.3,82.6
2026-01-18 17:00:00,KYIV-002-1,KYIV-002,Band 3 (1800MHz),-99.5,-15.4,2.3,94.3,33.0,65.5
2026-01-18 17:00:00,KYIV-002-2,KYIV-002,Band 3 (1800MHz),-98.5,-18.4,14.4,52.5,45.2,144.0
2026-01-18 17:00:00,KYIV-002-3,KYIV-002,Band 3 (1800MHz),-82.4,-11.5,7.4,76.9,38.1,153.5
2026-01-18 17:00:00,KYIV-003-1,KYIV-003,Band 1 (2100MHz),-88.0,-11.0,9.0,56.9,53.7,72.3
2026-01-18 17:00:00,KYIV-003-2,KYIV-003,Band 1 (2100MHz),-82.7,-10.0,17.9,58.3,57.4,118.0
2026-01-18 17:00:00,KYIV-003-3,KYIV-003,Band 1 (2100MHz),-84.3,-11.8,9.1,78.4,45.7,135.7
2026-01-18 17:00:00,KYIV-004-1,KYIV-004,Band 3 (1800MHz),-82.4,-13.3,3.4,92.4,41.4,111.8
2026-01-18 17:00:00,KYIV-004-2,KYIV-004,Band 3 (1800MHz),-89.9,-10.0,15.6,59.2,34.2,109.1
2026-01-18 17:00:00,KYIV-004-3,KYIV-004,Band 3 (1800MHz),-89.4,-10.4,15.1,68.1,47.4,121.5
2026-01-18 17:00:00,KYIV-005-1,KYIV-005,Band 1 (2100MHz),-89.5,-13.0,14.2,63.8,42.6,126.6
2026-01-18 17:00:00,KYIV-005-2,KYIV-005,Band 1 (2100MHz),-88.1,-8.3,15.2,71.8,38.0,125.1
2026-01-18 17:00:00,KYIV-005-3,KYIV-005,Band 1 (2100MHz),-99.8,-12.2,8.0,86.8,35.4,106.3
2026-01-18 17:00:00,KYIV-006-1,KYIV-006,Band 3 (1800MHz),-91.6,-10.9,18.9,98.6,27.2,116.1
2026-01-18 17:00:00,KYIV-006-2,KYIV-006,Band 3 (1800MHz),-88.2,-12.7,21.5,52.6,40.8,93.3
2026-01-18 17:00:00,KYIV-006-3,KYIV-006,Band 3 (1800MHz),-83.2,-10.1,7.9,77.3,45.2,96.2
2026-01-18 17:00:00,KYIV-007-1,KYIV-007,Band 1 (2100MHz),-89.9,-13.4,8.3,69.1,55.8,107.2
2026-01-18 17:00:00,KYIV-007-2,KYIV-007,Band 1 (2100MHz),-86.2,-10.5,15.7,72.7,46.8,72.7
2026-01-18 17:00:00,KYIV-007-3,KYIV-007,Band 1 (2100MHz),-88.9,-10.9,11.1,62.3,59.3,112.7
2026-01-18 17:00:00,KYIV-008-1,KYIV-008,Band 3 (1800MHz),-92.6,-11.6,13.9,68.2,47.9,125.3
2026-01-18 17:00:00,KYIV-008-2,KYIV-008,Band 3 (1800MHz),-90.8,-12.2,15.5,60.4,52.8,168.8
2026-01-18 17:00:00,KYIV-008-3,KYIV-008,Band 3 (1800MHz),-84.1,-10.6,15.4,62.5,25.7,117.5
2026-01-18 17:00:00,KYIV-009-1,KYIV-009,Band 1 (2100MHz),-89.0,-11.5,10.3,64.9,40.5,107.4
2026-01-18 17:00:00,KYIV-009-2,KYIV-009,Band 1 (2100MHz),-91.4,-11.4,20.3,76.2,23.6,166.1
2026-01-18 17:00:00,KYIV-009-3,KYIV-009,Band 1 (2100MHz),-94.4,-11.4,12.2,51.7,36.4,135.2
2026-01-18 17:00:00,KYIV-010-1,KYIV-010,Band 3 (1800MHz),-94.0,-11.5,5.9,66.5,46.7,74.0
2026-01-18 17:00:00,KYIV-010-2,KYIV-010,Band 3 (1800MHz),-83.9,-12.6,7.7,97.1,33.3,103.1
2026-01-18 17:00:00,KYIV-010-3,KYIV-010,Band 3 (1800MHz),-95.3,-12.9,10.9,55.7,37.8,138.2
2026-01-18 17:00:00,KYIV-011-1,KYIV-011,Band 1 (2100MHz),-85.2,-12.2,13.5,69.0,32.1,72.6
2026-01-18 17:00:00,KYIV-011-2,KYIV-011,Band 1 (2100MHz),-88.9,-10.4,15.3,56.5,37.9,133.5
2026-01-18 17:00:00,KYIV-011-3,KYIV-011,Band 1 (2100MHz),-89.4,-10.9,17.3,63.4,36.3,90.8
2026-01-18 17:00:00,KYIV-012-1,KYIV-012,Band 3 (1800MHz),-92.1,-9.0,7.2,59.9,49.8,118.6
2026-01-18 17:00:00,KYIV-012-2,KYIV-012,Band 3 (1800MHz),-91.0,-10.8,10.3,95.2,55.1,129.1
2026-01-18 17:00:00,KYIV-012-3,KYIV-012,Band 3 (1800MHz),-89.1,-11.9,17.6,71.5,31.9,149.6
2026-01-18 17:00:00,KYIV-013-1,KYIV-013,Band 1 (2100MHz),-89.7,-9.2,14.7,96.6,40.6,126.1
2026-01-18 17:00:00,KYIV-013-2,KYIV-013,Band 1 (2100MHz),-83.6,-11.3,16.7,51.9,31.8,87.6
2026-01-18 17:00:00,KYIV-013-3,KYIV-013,Band 1 (2100MHz),-83.7,-9.5,22.3,79.3,53.4,83.1
2026-01-18 17:00:00,KYIV-014-1,KYIV-014,Band 3 (1800MHz),-88.5,-8.1,11.4,70.4,41.3,71.0
2026-01-18 17:00:00,KYIV-014-2,KYIV-014,Band 3 (1800MHz),-96.6,-10.9,12.6,66.4,48.8,115.4
2026-01-18 17:00:00,KYIV-014-3,KYIV-014,Band 3 (1800MHz),-83.9,-12.0,17.7,65.7,47.2,127.0
2026-01-18 17:00:00,KYIV-015-1,KYIV-015,Band 1 (2100MHz),-83.9,-10.0,19.3,63.7,24.7,120.5
2026-01-18 17:00:00,KYIV-015-2,KYIV-015,Band 1 (2100MHz),-92.9,-10.3,21.9,75.6,38.4,116.4
2026-01-18 17:00:00,KYIV-015-3,KYIV-015,Band 1 (2100MHz),-86.0,-12.0,15.2,53.4,37.6,91.6
2026-01-18 17:00:00,KYIV-016-1,KYIV-016,Band 3 (1800MHz),-94.9,-10.1,19.4,50.2,46.7,100.2
2026-01-18 17:00:00,KYIV-016-2,KYIV-016,Band 3 (1800MHz),-88.9,-11.9,18.4,65.6,51.2,116.6
2026-01-18 17:00:00,KYIV-016-3,KYIV-016,Band 3 (1800MHz),-86.9,-8.5,12.6,61.8,43.5,80.3
2026-01-18 18:00:00,KYIV-001-1,KYIV-001,Band 1 (2100MHz),-79.3,-14.6,14.4,66.4,28.2,123.7
2026-01-18 18:00:00,KYIV-001-2,KYIV-001,Band 1 (2100MHz),-91.1,-15.8,16.2,53.3,35.8,94.5
2026-01-18 18:00:00,KYIV-001-3,KYIV-001,Band 1 (2100MHz),-84.5,-10.0,17.6,75.6,40.1,85.1
2026-01-18 18:00:00,KYIV-002-1,KYIV-002,Band 3 (1800MHz),-102.1,-13.6,0.0,94.4,44.3,161.3
2026-01-18 18:00:00,KYIV-002-2,KYIV-002,Band 3 (1800MHz),-102.3,-15.6,17.5,67.0,57.9,117.8
2026-01-18 18:00:00,KYIV-002-3,KYIV-002,Band 3 (1800MHz),-94.8,-9.9,21.7,77.8,50.5,110.4
2026-01-18 18:00:00,KYIV-003-1,KYIV-003,Band 1 (2100MHz),-80.6,-9.8,11.3,60.5,47.9,109.1
2026-01-18 18:00:00,KYIV-003-2,KYIV-003,Band 1 (2100MHz),-90.1,-10.6,14.2,66.5,43.7,141.5
2026-01-18 18:00:00,KYIV-003-3,KYIV-003,Band 1 (2100MHz),-83.8,-11.9,14.5,76.8,36.1,120.1
2026-01-18 18:00:00,KYIV-004-1,KYIV-004,Band 3 (1800MHz),-82.1,-12.3,12.6,81.8,40.1,87.6
2026-01-18 18:00:00,KYIV-004-2,KYIV-004,Band 3 (1800MHz),-86.4,-9.3,6.9,77.8,51.3,94.4
2026-01-18 18:00:00,KYIV-004-3,KYIV-004,Band 3 (1800MHz),-89.7,-9.3,12.5,63.8,18.3,101.5
2026-01-18 18:00:00,KYIV-005-1,KYIV-005,Band 1 (2100MHz),-84.4,-14.2,6.0,100.0,43.0,121.9
2026-01-18 18:00:00,KYIV-005-2,KYIV-005,Band 1 (2100MHz),-82.7,-12.1,3.0,100.0,33.6,122.8
2026-01-18 18:00:00,KYIV-005-3,KYIV-005,Band 1 (2100MHz),-94.6,-18.7,4.3,73.3,43.5,148.7
2026-01-18 18:00:00,KYIV-006-1,KYIV-006,Band 3 (1800MHz),-81.6,-11.1,18.1,74.7,40.0,120.9
2026-01-18 18:00:00,KYIV-006-2,KYIV-006,Band 3 (1800MHz),-89.9,-11.9,19.2,63.0,44.7,114.8
2026-01-18 18:00:00,KYIV-006-3,KYIV-006,Band 3 (1800MHz),-86.1,-13.6,15.8,88.9,42.2,81.0
2026-01-18 18:00:00,KYIV-007-1,KYIV-007,Band 1 (2100MHz),-90.4,-7.0,12.2,73.7,37.6,159.4
2026-01-18 18:00:00,KYIV-007-2,KYIV-007,Band 1 (2100MHz),-83.0,-9.8,17.0,61.8,24.5,140.9
2026-01-18 18:00:00,KYIV-007-3,KYIV-007,Band 1 (2100MHz),-86.2,-11.0,14.2,74.2,47.6,154.0
2026-01-18 18:00:00,KYIV-008-1,KYIV-008,Band 3 (1800MHz),-88.6,-14.2,9.7,75.5,34.8,145.6
2026-01-18 18:00:00,KYIV-008-2,KYIV-008,Band 3 (1800MHz),-85.1,-6.3,10.2,64.0,55.2,141.5
2026-01-18 18:00:00,KYIV-008-3,KYIV-008,Band 3 (1800MHz),-89.0,-9.7,12.9,48.7,47.1,84.0
2026-01-18 18:00:00,KYIV-009-1,KYIV-009,Band 1 (2100MHz),-78.8,-8.2,21.1,81.6,51.6,99.4
2026-01-18 18:00:00,KYIV-009-2,KYIV-009,Band 1 (2100MHz),-81.1,-9.8,5.6,58.3,33.1,120.3
2026-01-18 18:00:00,KYIV-009-3,KYIV-009,Band 1 (2100MHz),-91.8,-9.0,9.5,68.7,20.2,96.8
2026-01-18 18:00:00,KYIV-010-1,KYIV-010,Band 3 (1800MHz),-80.5,-9.2,12.6,66.6,41.4,138.0
2026-01-18 18:00:00,KYIV-010-2,KYIV-010,Band 3 (1800MHz),-88.7,-13.4,16.8,62.8,60.6,119.7
2026-01-18 18:00:00,KYIV-010-3,KYIV-010,Band 3 (1800MHz),-80.8,-9.6,6.2,59.7,49.0,112.8
2026-01-18 18:00:00,KYIV-011-1,KYIV-011,Band 1 (2100MHz),-85.5,-14.5,9.4,67.1,64.2,134.4
2026-01-18 18:00:00,KYIV-011-2,KYIV-011,Band 1 (2100MHz),-85.5,-14.0,7.2,76.0,32.0,105.3
2026-01-18 18:00:00,KYIV-011-3,KYIV-011,Band 1 (2100MHz),-87.3,-8.8,6.6,80.0,45.7,116.4
2026-01-18 18:00:00,KYIV-012-1,KYIV-012,Band 3 (1800MHz),-90.0,-11.9,18.4,73.1,45.5,148.0
2026-01-18 18:00:00,KYIV-012-2,KYIV-012,Band 3 (1800MHz),-93.4,-10.2,20.5,57.9,42.7,152.2
2026-01-18 18:00:00,KYIV-012-3,KYIV-012,Band 3 (1800MHz),-84.5,-5.7,16.4,85.3,43.5,120.3
2026-01-18 18:00:00,KYIV-013-1,KYIV-013,Band 1 (2100MHz),-85.5,-13.5,12.0,68.9,47.7,129.5
2026-01-18 18:00:00,KYIV-013-2,KYIV-013,Band 1 (2100MHz),-92.1,-9.5,13.5,74.5,48.0,135.2
2026-01-18 18:00:00,KYIV-013-3,KYIV-013,Band 1 (2100MHz),-95.1,-12.2,12.1,56.3,53.1,90.4
2026-01-18 18:00:00,KYIV-014-1,KYIV-014,Band 3 (1800MHz),-93.1,-8.8,16.0,90.6,54.4,124.2
2026-01-18 18:00:00,KYIV-014-2,KYIV-014,Band 3 (1800MHz),-98.2,-15.4,14.4,64.8,43.3,98.8
2026-01-18 18:00:00,KYIV-014-3,KYIV-014,Band 3 (1800MHz),-91.3,-14.3,11.7,100.0,50.7,110.7
2026-01-18 18:00:00,KYIV-015-1,KYIV-015,Band 1 (2100MHz),-88.3,-10.6,11.9,64.3,56.3,116.9
2026-01-18 18:00:00,KYIV-015-2,KYIV-015,Band 1 (2100MHz),-82.1,-10.1,13.3,58.1,61.0,135.7
2026-01-18 18:00:00,KYIV-015-3,KYIV-015,Band 1 (2100MHz),-85.6,-11.2,13.9,69.0,39.7,105.3
2026-01-18 18:00:00,KYIV-016-1,KYIV-016,Band 3 (1800MHz),-94.3,-8.1,8.4,80.5,39.0,110.7
2026-01-18 18:00:00,KYIV-016-2,KYIV-016,Band 3 (1800MHz),-87.6,-13.3,21.0,60.8,42.1,135.1
2026-01-18 18:00:00,KYIV-016-3,KYIV-016,Band 3 (1800MHz),-89.7,-9.5,13.2,68.5,47.8,103.4
2026-01-18 19:00:00,KYIV-001-1,KYIV-001,Band 1 (2100MHz),-87.6,-9.3,10.2,76.2,24.6,104.9
2026-01-18 19:00:00,KYIV-001-2,KYIV-001,Band 1 (2100MHz),-87.6,-9.0,22.5,61.1,40.6,97.8
2026-01-18 19:00:00,KYIV-001-3,KYIV-001,Band 1 (2100MHz),-87.5,-11.3,17.4,64.7,47.5,99.2
2026-01-18 19:00:00,KYIV-002-1,KYIV-002,Band 3 (1800MHz),-98.7,-15.6,10.1,73.4,41.1,124.7
2026-01-18 19:00:00,KYIV-002-2,KYIV-002,Band 3 (1800MHz),-99.0,-15.2,-7.0,72.5,42.1,118.6
2026-01-18 19:00:00,KYIV-002-3,KYIV-002,Band 3 (1800MHz),-87.1,-12.5,21.6,56.3,42.5,139.0
2026-01-18 19:00:00,KYIV-003-1,KYIV-003,Band 1 (2100MHz),-88.6,-9.1,12.1,63.7,34.9,125.3
2026-01-18 19:00:00,KYIV-003-2,KYIV-003,Band 1 (2100MHz),-84.6,-10.5,13.0,77.5,26.1,110.5
2026-01-18 19:00:00,KYIV-003-3,KYIV-003,Band 1 (2100MHz),-90.0,-7.4,5.6,81.1,64.6,116.6
2026-01-18 19:00:00,KYIV-004-1,KYIV-004,Band 3 (1800MHz),-82.9,-12.0,14.0,65.3,37.2,105.7
2026-01-18 19:00:00,KYIV-004-2,KYIV-004,Band 3 (1800MHz),-86.4,-10.8,11.3,58.4,30.4,96.6
2026-01-18 19:00:00,KYIV-004-3,KYIV-004,Band 3 (1800MHz),-83.7,-10.4,4.4,90.4,49.0,161.8
2026-01-18 19:00:00,KYIV-005-1,KYIV-005,Band 1 (2100MHz),-88.8,-9.5,15.8,58.2,42.0,113.0
2026-01-18 19:00:00,KYIV-005-2,KYIV-005,Band 1 (2100MHz),-87.2,-12.8,22.4,64.7,29.6,117.2
2026-01-18 19:00:00,KYIV-005-3,KYIV-005,Band 1 (2100MHz),-101.0,-18.3,6.4,79.7,50.8,117.9
2026-01-18 19:00:00,KYIV-006-1,KYIV-006,Band 3 (1800MHz),-87.6,-13.5,22.2,82.6,41.7,99.3
2026-01-18 19:00:00,KYIV-006-2,KYIV-006,Band 3 (1800MHz),-84.8,-14.0,10.8,46.1,35.0,89.8
2026-01-18 19:00:00,KYIV-006-3,KYIV-006,Band 3 (1800MHz),-87.2,-13.1,13.1,56.7,41.8,91.2
2026-01-18 19:00:00,KYIV-007-1,KYIV-007,Band 1 (2100MHz),-87.3,-12.4,13.7,88.4,49.6,123.3
2026-01-18 19:00:00,KYIV-007-2,KYIV-007,Band 1 (2100MHz),-83.3,-12.4,19.8,73.1,34.3,126.1
2026-01-18 19:00:00,KYIV-007-3,KYIV-007,Band 1 (2100MHz),-93.0,-14.7,7.3,81.3,52.3,126.6
2026-01-18 19:00:00,KYIV-008-1,KYIV-008,Band 3 (1800MHz),-98.5,-11.1,17.1,48.2,43.3,129.3
2026-01-18 19:00:00,KYIV-008-2,KYIV-008,Band 3 (1800MHz),-82.6,-13.2,7.7,73.9,41.7,132.7
2026-01-18 19:00:00,KYIV-008-3,KYIV-008,Band 3 (1800MHz),-86.1,-10.5,14.8,82.2,67.2,133.8
2026-01-18 19:00:00,KYIV-009-1,KYIV-009,Band 1 (2100MHz),-84.3,-10.5,7.4,82.6,44.3,131.9
2026-01-18 19:00:00,KYIV-009-2,KYIV-009,Band 1 (2100MHz),-93.9,-9.5,18.8,72.8,36.4,105.5
2026-01-18 19:00:00,KYIV-009-3,KYIV-009,Band 1 (2100MHz),-85.0,-12.1,15.2,89.9,44.1,71.2
2026-01-18 19:00:00,KYIV-010-1,KYIV-010,Band 3 (1800MHz),-92.0,-9.9,8.2,57.4,52.1,150.5
2026-01-18 19:00:00,KYIV-010-2,KYIV-010,Band 3 (1800MHz),-86.9,-9.9,19.9,68.6,49.2,153.0
2026-01-18 19:00:00,KYIV-010-3,KYIV-010,Band 3 (1800MHz),-85.9,-11.5,8.7,65.8,49.7,129.8
2026-01-18 19:00:00,KYIV-011-1,KYIV-011,Band 1 (2100MHz),-88.7,-10.5,10.3,62.8,53.0,107.5
2026-01-18 19:00:00,KYIV-011-2,KYIV-011,Band 1 (2100MHz),-87.1,-9.8,8.8,64.4,49.4,108.8
2026-01-18 19:00:00,KYIV-011-3,KYIV-011,Band 1 (2100MHz),-87.1,-9.5,6.0,87.0,43.5,156.1
2026-01-18 19:00:00,KYIV-012-1,KYIV-012,Band 3 (1800MHz),-82.1,-12.8,16.8,47.0,39.8,108.6
2026-01-18 19:00:00,KYIV-012-2,KYIV-012,Band 3 (1800MHz),-82.4,-11.3,14.9,60.4,46.6,118.9
2026-01-18 19:00:00,KYIV-012-3,KYIV-012,Band 3 (1800MHz),-89.8,-13.9,7.0,61.0,21.0,87.6
2026-01-18 19:00:00,KYIV-013-1,KYIV-013,Band 1 (2100MHz),-84.3,-15.0,28.7,58.9,34.8,162.3
2026-01-18 19:00:00,KYIV-013-2,KYIV-013,Band 1 (2100MHz),-81.2,-12.6,13.9,95.2,40.9,106.8
2026-01-18 19:00:00,KYIV-013-3,KYIV-013,Band 1 (2100MHz),-76.7,-10.2,17.0,69.6,27.6,98.9
2026-01-18 19:00:00,KYIV-014-1,KYIV-014,Band 3 (1800MHz),-79.7,-12.0,22.4,80.5,54.9,129.2
2026-01-18 19:00:00,KYIV-014-2,KYIV-014,Band 3 (1800MHz),-102.5,-12.3,4.2,66.6,42.8,121.7
2026-01-18 19:00:00,KYIV-014-3,KYIV-014,Band 3 (1800MHz),-88.5,-13.4,20.2,67.2,24.6,137.0
2026-01-18 19:00:00,KYIV-015-1,KYIV-015,Band 1 (2100MHz),-86.0,-11.4,14.7,80.1,41.8,66.2
2026-01-18 19:00:00,KYIV-015-2,KYIV-015,Band 1 (2100MHz),-89.8,-12.4,12.0,57.2,44.9,111.9
2026-01-18 19:00:00,KYIV-015-3,KYIV-015,Band 1 (2100MHz),-100.2,-13.2,9.5,68.4,62.4,110.5
2026-01-18 19:00:00,KYIV-016-1,KYIV-016,Band 3 (1800MHz),-92.0,-13.5,22.3,71.5,53.9,115.3
2026-01-18 19:00:00,KYIV-016-2,KYIV-016,Band 3 (1800MHz),-89.7,-12.2,13.7,76.7,38.7,103.5
2026-01-18 19:00:00,KYIV-016-3,KYIV-016,Band 3 (1800MHz),-82.0,-5.7,13.5,43.6,30.4,115.7
2026-01-18 20:00:00,KYIV-001-1,KYIV-001,Band 1 (2100MHz),-82.8,-9.2,16.4,59.0,46.7,121.4
2026-01-18 20:00:00,KYIV-001-2,KYIV-001,Band 1 (2100MHz),-85.4,-12.6,14.9,69.1,50.5,94.4
2026-01-18 20:00:00,KYIV-001-3,KYIV-001,Band 1 (2100MHz),-95.0,-11.1,14.7,62.9,33.7,106.6
2026-01-18 20:00:00,KYIV-002-1,KYIV-002,Band 3 (1800MHz),-96.5,-14.0,12.9,53.2,26.5,140.6
2026-01-18 20:00:00,KYIV-002-2,KYIV-002,Band 3 (1800MHz),-103.4,-12.5,5.4,51.7,23.2,106.6
2026-01-18 20:00:00,KYIV-002-3,KYIV-002,Band 3 (1800MHz),-86.8,-11.5,14.1,62.6,38.9,86.8
2026-01-18 20:00:00,KYIV-003-1,KYIV-003,Band 1 (2100MHz),-81.4,-12.8,8.5,64.7,40.3,107.3
2026-01-18 20:00:00,KYIV-003-2,KYIV-003,Band 1 (2100MHz),-91.7,-8.8,16.2,45.1,42.7,93.2
2026-01-18 20:00:00,KYIV-003-3,KYIV-003,Band 1 (2100MHz),-81.0,-12.7,11.6,55.5,57.3,112.0
2026-01-18 20:00:00,KYIV-004-1,KYIV-004,Band 3 (1800MHz),-84.1,-10.3,14.6,52.7,24.9,94.3
2026-01-18 20:00:00,KYIV-004-2,KYIV-004,Band 3 (1800MHz),-90.6,-11.6,8.8,53.0,40.3,91.1
2026-01-18 20:00:00,KYIV-004-3,KYIV-004,Band 3 (1800MHz),-86.5,-8.1,19.0,50.4,39.8,102.6
2026-01-18 20:00:00,KYIV-005-1,KYIV-005,Band 1 (2100MHz),-91.3,-9.6,19.9,77.3,32.7,84.4
2026-01-18 20:00:00,KYIV-005-2,KYIV-005,Band 1 (2100MHz),-82.0,-15.5,16.4,48.4,19.7,131.1
2026-01-18 20:00:00,KYIV-005-3,KYIV-005,Band 1 (2100MHz),-98.4,-14.4,9.6,73.4,40.7,95.7
2026-01-18 20:00:00,KYIV-006-1,KYIV-006,Band 3 (1800MHz),-80.3,-10.6,11.6,65.5,33.1,95.8
2026-01-18 20:00:00,KYIV-006-2,KYIV-006,Band 3 (1800MHz),-90.5,-13.2,9.1,47.6,12.5,86.9
2026-01-18 20:00:00,KYIV-006-3,KYIV-006,Band 3 (1800MHz),-89.6,-9.4,9.3,82.4,30.7,127.2
2026-01-18 20:00:00,KYIV-007-1,KYIV-007,Band 1 (2100MHz),-88.8,-9.9,16.6,58.4,24.8,74.6
2026-01-18 20:00:00,KYIV-007-2,KYIV-007,Band 1 (2100MHz),-84.6,-9.7,11.7,51.4,35.8,95.3
2026-01-18 20:00:00,KYIV-007-3,KYIV-007,Band 1 (2100MHz),-92.5,-13.1,7.7,52.7,48.5,109.2
2026-01-18 20:00:00,KYIV-008-1,KYIV-008,Band 3 (1800MHz),-91.5,-9.7,20.7,79.3,52.7,109.3
2026-01-18 20:00:00,KYIV-008-2,KYIV-008,Band 3 (1800MHz),-93.1,-10.4,8.1,64.3,35.6,101.3
2026-01-18 20:00:00,KYIV-008-3,KYIV-008,Band 3 (1800MHz),-94.2,-11.8,13.8,76.2,28.8,72.4
2026-01-18 20:00:00,KYIV-009-1,KYIV-009,Band 1 (2100MHz),-88.4,-9.4,9.3,54.7,22.3,135.0
2026-01-18 20:00:00,KYIV-009-2,KYIV-009,Band 1 (2100MHz),-83.0,-14.9,3.9,60.3,50.3,70.6
2026-01-18 20:00:00,KYIV-009-3,KYIV-009,Band 1 (2100MHz),-88.0,-8.8,12.0,54.0,27.8,69.6
2026-01-18 20:00:00,KYIV-010-1,KYIV-010,Band 3 (1800MHz),-86.4,-10.7,20.6,69.5,49.8,127.2
2026-01-18 20:00:00,KYIV-010-2,KYIV-010,Band 3 (1800MHz),-88.3,-9.3,5.5,76.7,28.3,105.2
2026-01-18 20:00:00,KYIV-010-3,KYIV-010,Band 3 (1800MHz),-85.1,-9.7,6.5,76.2,31.9,102.5
2026-01-18 20:00:00,KYIV-011-1,KYIV-011,Band 1 (2100MHz),-86.8,-11.2,13.8,75.9,54.6,111.3
2026-01-18 20:00:00,KYIV-011-2,KYIV-011,Band 1 (2100MHz),-79.2,-6.6,7.5,63.1,34.9,111.1
2026-01-18 20:00:00,KYIV-011-3,KYIV-011,Band 1 (2100MHz),-89.4,-11.0,19.9,64.1,31.5,47.6
2026-01-18 20:00:00,KYIV-012-1,KYIV-012,Band 3 (1800MHz),-91.8,-14.1,16.9,53.0,32.5,63.4
2026-01-18 20:00:00,KYIV-012-2,KYIV-012,Band 3 (1800MHz),-86.4,-8.1,8.6,83.2,42.8,131.7
2026-01-18 20:00:00,KYIV-012-3,KYIV-012,Band 3 (1800MHz),-84.3,-13.7,9.1,49.7,34.8,120.8
2026-01-18 20:00:00,KYIV-013-1,KYIV-013,Band 1 (2100MHz),-91.3,-10.4,14.1,58.2,25.5,99.3
2026-01-18 20:00:00,KYIV-013-2,KYIV-013,Band 1 (2100MHz),-87.7,-12.5,14.9,74.2,44.3,142.3
2026-01-18 20:00:00,KYIV-013-3,KYIV-013,Band 1 (2100MHz),-94.2,-10.7,16.6,66.5,35.3,96.1
2026-01-18 20:00:00,KYIV-014-1,KYIV-014,Band 3 (1800MHz),-86.8,-8.7,6.0,80.7,43.8,113.0
2026-01-18 20:00:00,KYIV-014-2,KYIV-014,Band 3 (1800MHz),-104.7,-16.4,7.6,53.0,25.1,91.0
2026-01-18 20:00:00,KYIV-014-3,KYIV-014,Band 3 (1800MHz),-83.7,-12.3,15.0,41.8,24.2,90.9
2026-01-18 20:00:00,KYIV-015-1,KYIV-015,Band 1 (2100MHz),-86.0,-13.1,6.1,57.7,34.5,77.0
2026-01-18 20:00:00,KYIV-015-2,KYIV-015,Band 1 (2100MHz),-81.2,-11.6,12.9,67.1,36.0,75.1
2026-01-18 20:00:00,KYIV-015-3,KYIV-015,Band 1 (2100MHz),-88.1,-7.6,8.9,68.0,38.7,104.3
2026-01-18 20:00:00,KYIV-016-1,KYIV-016,Band 3 (1800MHz),-88.1,-9.6,12.9,76.4,40.6,99.0
2026-01-18 20:00:00,KYIV-016-2,KYIV-016,Band 3 (1800MHz),-84.4,-10.5,12.1,47.3,23.6,102.8
2026-01-18 20:00:00,KYIV-016-3,KYIV-016,Band 3 (1800MHz),-91.5,-10.7,13.5,47.7,29.8,115.5
2026-01-18 21:00:00,KYIV-001-1,KYIV-001,Band 1 (2100MHz),-84.7,-8.1,14.3,20.7,14.1,24.3
2026-01-18 21:00:00,KYIV-001-2,KYIV-001,Band 1 (2100MHz),-81.5,-7.9,14.5,25.0,19.3,3.9
2026-01-18 21:00:00,KYIV-001-3,KYIV-001,Band 1 (2100MHz),-94.4,-5.9,12.4,3.9,16.6,7.9
2026-01-18 21:00:00,KYIV-002-1,KYIV-002,Band 3 (1800MHz),-101.8,-12.6,-0.3,9.7,19.0,0.0
2026-01-18 21:00:00,KYIV-002-2,KYIV-002,Band 3 (1800MHz),-97.3,-12.7,3.0,24.8,0.0,22.5
2026-01-18 21:00:00,KYIV-002-3,KYIV-002,Band 3 (1800MHz),-90.0,-6.0,14.6,24.1,2.1,16.5
2026-01-18 21:00:00,KYIV-003-1,KYIV-003,Band 1 (2100MHz),-80.4,-10.9,11.9,35.5,11.4,81.5
2026-01-18 21:00:00,KYIV-003-2,KYIV-003,Band 1 (2100MHz),-87.9,-7.9,16.5,4.8,2.0,37.8
2026-01-18 21:00:00,KYIV-003-3,KYIV-003,Band 1 (2100MHz),-87.0,-6.2,10.6,34.3,23.2,42.5
2026-01-18 21:00:00,KYIV-004-1,KYIV-004,Band 3 (1800MHz),-81.8,-6.2,9.4,0.0,0.0,8.8
2026-01-18 21:00:00,KYIV-004-2,KYIV-004,Band 3 (1800MHz),-85.7,-10.2,12.4,3.6,7.4,22.1
2026-01-18 21:00:00,KYIV-004-3,KYIV-004,Band 3 (1800MHz),-84.1,-10.7,14.1,32.5,7.6,35.7
2026-01-18 21:00:00,KYIV-005-1,KYIV-005,Band 1 (2100MHz),-86.5,-10.2,14.4,9.7,9.3,0.7
2026-01-18 21:00:00,KYIV-005-2,KYIV-005,Band 1 (2100MHz),-85.6,-10.6,18.7,34.1,16.3,31.5
2026-01-18 21:00:00,KYIV-005-3,KYIV-005,Band 1 (2100MHz),-99.7,-14.8,-2.8,22.9,11.5,0.0
2026-01-18 21:00:00,KYIV-006-1,KYIV-006,Band 3 (1800MHz),-92.7,-6.7,3.9,3.2,1.8,50.2
2026-01-18 21:00:00,KYIV-006-2,KYIV-006,Band 3 (1800MHz),-79.7,-10.9,14.4,14.1,14.7,46.7
2026-01-18 21:00:00,KYIV-006-3,KYIV-006,Band 3 (1800MHz),-85.5,-7.9,11.3,0.0,0.0,35.4
2026-01-18 21:00:00,KYIV-007-1,KYIV-007,Band 1 (2100MHz),-95.2,-7.6,17.6,8.0,1.7,59.7
2026-01-18 21:00:00,KYIV-007-2,KYIV-007,Band 1 (2100MHz),-79.9,-7.8,13.2,13.5,0.0,22.1
2026-01-18 21:00:00,KYIV-007-3,KYIV-007,Band 1 (2100MHz),-81.8,-11.1,7.6,20.6,7.5,25.3
2026-01-18 21:00:00,KYIV-008-1,KYIV-008,Band 3 (1800MHz),-86.7,-11.1,10.3,18.8,0.0,3.0
2026-01-18 21:00:00,KYIV-008-2,KYIV-008,Band 3 (1800MHz),-86.2,-7.4,13.3,38.3,20.0,41.9
2026-01-18 21:00:00,KYIV-008-3,KYIV-008,Band 3 (1800MHz),-81.9,-5.9,9.5,9.5,2.7,39.0
2026-01-18 21:00:00,KYIV-009-1,KYIV-009,Band 1 (2100MHz),-90.0,-8.5,18.4,24.3,8.5,40.0
2026-01-18 21:00:00,KYIV-009-2,KYIV-009,Band 1 (2100MHz),-85.2,-7.9,15.1,26.8,12.1,11.4
2026-01-18 21:00:00,KYIV-009-3,KYIV-009,Band 1 (2100MHz),-87.8,-7.6,10.3,19.9,0.0,10.4
2026-01-18 21:00:00,KYIV-010-1,KYIV-010,Band 3 (1800MHz),-87.5,-7.3,17.0,7.8,0.0,57.9
2026-01-18 21:00:00,KYIV-010-2,KYIV-010,Band 3 (1800MHz),-90.0,-4.3,19.6,6.0,6.6,37.8
2026-01-18 21:00:00,KYIV-010-3,KYIV-010,Band 3 (1800MHz),-87.0,-12.5,6.2,20.0,14.8,58.5
2026-01-18 21:00:00,KYIV-011-1,KYIV-011,Band 1 (2100MHz),-94.0,-5.2,17.0,2.9,7.4,45.8
2026-01-18 21:00:00,KYIV-011-2,KYIV-011,Band 1 (2100MHz),-86.0,-6.3,10.0,17.5,15.4,20.2
2026-01-18 21:00:00,KYIV-011-3,KYIV-011,Band 1 (2100MHz),-95.3,-9.4,17.3,21.1,14.4,45.5
2026-01-18 21:00:00,KYIV-012-1,KYIV-012,Band 3 (1800MHz),-82.6,-10.6,20.7,36.7,10.6,42.9
2026-01-18 21:00:00,KYIV-012-2,KYIV-012,Band 3 (1800MHz),-82.2,-8.5,8.6,5.7,10.5,15.7
2026-01-18 21:00:00,KYIV-012-3,KYIV-012,Band 3 (1800MHz),-83.0,-8.1,7.1,40.4,10.5,47.4
2026-01-18 21:00:00,KYIV-013-1,KYIV-013,Band 1 (2100MHz),-85.2,-7.5,8.5,16.2,2.9,0.0
2026-01-18 21:00:00,KYIV-013-2,KYIV-013,Band 1 (2100MHz),-88.9,-10.8,15.6,9.5,2.4,52.8
2026-01-18 21:00:00,KYIV-013-3,KYIV-013,Band 1 (2100MHz),-88.4,-8.0,8.2,0.0,19.6,42.0
2026-01-18 21:00:00,KYIV-014-1,KYIV-014,Band 3 (1800MHz),-79.3,-9.8,5.3,18.9,15.6,30.6
2026-01-18 21:00:00,KYIV-014-2,KYIV-014,Band 3 (1800MHz),-99.8,-10.0,5.2,22.5,15.7,22.7
2026-01-18 21:00:00,KYIV-014-3,KYIV-014,Band 3 (1800MHz),-88.1,-9.9,6.6,6.3,7.1,36.2
2026-01-18 21:00:00,KYIV-015-1,KYIV-015,Band 1 (2100MHz),-92.9,-7.3,20.2,12.9,18.3,27.2
2026-01-18 21:00:00,KYIV-015-2,KYIV-015,Band 1 (2100MHz),-90.6,-9.5,6.6,20.9,4.9,32.8
2026-01-18 21:00:00,KYIV-015-3,KYIV-015,Band 1 (2100MHz),-89.2,-9.7,7.3,2.4,3.4,86.1
2026-01-18 21:00:00,KYIV-016-1,KYIV-016,Band 3 (1800MHz),-88.5,-12.4,20.0,4.5,12.0,8.8
2026-01-18 21:00:00,KYIV-016-2,KYIV-016,Band 3 (1800MHz),-86.2,-8.2,13.7,34.6,3.3,8.6
2026-01-18 21:00:00,KYIV-016-3,KYIV-016,Band 3 (1800MHz),-91.9,-7.7,12.2,1.2,27.5,41.5
2026-01-18 22:00:00,KYIV-001-1,KYIV-001,Band 1 (2100MHz),-84.1,-7.4,13.9,0.0,0.0,2.9
2026-01-18 22:00:00,KYIV-001-2,KYIV-001,Band 1 (2100MHz),-91.0,-9.9,14.7,5.7,7.9,59.1
2026-01-18 22:00:00,KYIV-001-3,KYIV-001,Band 1 (2100MHz),-82.0,-5.7,14.1,5.7,4.2,0.0
2026-01-18 22:00:00,KYIV-002-1,KYIV-002,Band 3 (1800MHz),-97.9,-13.3,0.5,10.0,0.0,20.0
2026-01-18 22:00:00,KYIV-002-2,KYIV-002,Band 3 (1800MHz),-102.7,-14.8,2.4,9.4,2.8,19.0
2026-01-18 22:00:00,KYIV-002-3,KYIV-002,Band 3 (1800MHz),-76.4,-6.7,11.5,0.0,4.3,33.8
2026-01-18 22:00:00,KYIV-003-1,KYIV-003,Band 1 (2100MHz),-86.5,-9.5,22.8,7.1,15.5,9.8
2026-01-18 22:00:00,KYIV-003-2,KYIV-003,Band 1 (2100MHz),-86.0,-5.8,1.5,5.5,10.7,0.0
2026-01-18 22:00:00,KYIV-003-3,KYIV-003,Band 1 (2100MHz),-88.1,-4.7,10.7,0.0,0.0,11.4
2026-01-18 22:00:00,KYIV-004-1,KYIV-004,Band 3 (1800MHz),-87.8,-5.0,16.3,9.7,0.0,0.0
2026-01-18 22:00:00,KYIV-004-2,KYIV-004,Band 3 (1800MHz),-82.5,-8.0,14.7,4.1,6.7,16.9
2026-01-18 22:00:00,KYIV-004-3,KYIV-004,Band 3 (1800MHz),-83.9,-10.3,5.8,0.0,5.8,32.9
2026-01-18 22:00:00,KYIV-005-1,KYIV-005,Band 1 (2100MHz),-84.5,-9.2,9.8,6.7,15.6,0.0
2026-01-18 22:00:00,KYIV-005-2,KYIV-005,Band 1 (2100MHz),-86.6,-13.8,13.5,0.0,0.0,6.2
2026-01-18 22:00:00,KYIV-005-3,KYIV-005,Band 1 (2100MHz),-102.4,-15.0,4.6,9.2,2.7,49.2
2026-01-18 22:00:00,KYIV-006-1,KYIV-006,Band 3 (1800MHz),-87.0,-10.2,5.8,13.3,10.9,9.1
2026-01-18 22:00:00,KYIV-006-2,KYIV-006,Band 3 (1800MHz),-81.9,-6.9,15.5,18.4,0.0,0.0
2026-01-18 22:00:00,KYIV-006-3,KYIV-006,Band 3 (1800MHz),-91.0,-7.6,16.0,16.4,3.2,0.0
2026-01-18 22:00:00,KYIV-007-1,KYIV-007,Band 1 (2100MHz),-92.4,-9.0,12.0,0.0,6.9,36.7
2026-01-18 22:00:00,KYIV-007-2,KYIV-007,Band 1 (2100MHz),-88.2,-9.4,16.8,12.4,3.1,0.0
2026-01-18 22:00:00,KYIV-007-3,KYIV-007,Band 1 (2100MHz),-86.5,-8.6,10.0,13.9,13.5,14.8
2026-01-18 22:00:00,KYIV-008-1,KYIV-008,Band 3 (1800MHz),-85.3,-11.4,20.7,8.7,8.9,8.3
2026-01-18 22:00:00,KYIV-008-2,KYIV-008,Band 3 (1800MHz),-89.3,-8.3,16.6,6.2,4.9,14.1
2026-01-18 22:00:00,KYIV-008-3,KYIV-008,Band 3 (1800MHz),-93.7,-9.3,10.8,30.1,0.0,34.9
2026-01-18 22:00:00,KYIV-009-1,KYIV-009,Band 1 (2100MHz),-96.5,-7.7,14.1,25.7,0.0,0.0
2026-01-18 22:00:00,KYIV-009-2,KYIV-009,Band 1 (2100MHz),-86.3,-6.8,21.4,6.9,0.9,21.5
2026-01-18 22:00:00,KYIV-009-3,KYIV-009,Band 1 (2100MHz),-94.4,-8.9,12.0,30.2,2.9,45.5
2026-01-18 22:00:00,KYIV-010-1,KYIV-010,Band 3 (1800MHz),-92.3,-9.6,12.9,0.0,0.0,74.6
2026-01-18 22:00:00,KYIV-010-2,KYIV-010,Band 3 (1800MHz),-93.5,-8.8,7.3,0.0,14.7,0.7
2026-01-18 22:00:00,KYIV-010-3,KYIV-010,Band 3 (1800MHz),-84.2,-9.5,16.2,26.9,3.3,23.8
2026-01-18 22:00:00,KYIV-011-1,KYIV-011,Band 1 (2100MHz),-77.3,-10.9,15.2,9.3,4.2,0.0
2026-01-18 22:00:00,KYIV-011-2,KYIV-011,Band 1 (2100MHz),-81.4,-9.5,13.4,0.5,0.0,27.9
2026-01-18 22:00:00,KYIV-011-3,KYIV-011,Band 1 (2100MHz),-83.1,-6.4,12.4,15.0,2.8,13.4
2026-01-18 22:00:00,KYIV-012-1,KYIV-012,Band 3 (1800MHz),-86.3,-7.4,11.5,0.0,4.5,1.0
2026-01-18 22:00:00,KYIV-012-2,KYIV-012,Band 3 (1800MHz),-86.9,-9.2,25.3,28.0,0.8,62.7
2026-01-18 22:00:00,KYIV-012-3,KYIV-012,Band 3 (1800MHz),-81.5,-10.1,15.5,3.0,1.3,0.0
2026-01-18 22:00:00,KYIV-013-1,KYIV-013,Band 1 (2100MHz),-91.8,-7.9,7.0,0.0,0.0,24.7
2026-01-18 22:00:00,KYIV-013-2,KYIV-013,Band 1 (2100MHz),-86.5,-9.1,8.2,1.8,11.3,4.4
2026-01-18 22:00:00,KYIV-013-3,KYIV-013,Band 1 (2100MHz),-88.4,-7.3,6.9,0.8,0.0,0.0
2026-01-18 22:00:00,KYIV-014-1,KYIV-014,Band 3 (1800MHz),-80.7,-10.7,13.2,30.2,0.0,23.7
2026-01-18 22:00:00,KYIV-014-2,KYIV-014,Band 3 (1800MHz),-103.1,-8.8,3.9,0.0,7.6,25.0
2026-01-18 22:00:00,KYIV-014-3,KYIV-014,Band 3 (1800MHz),-83.7,-3.9,11.5,0.6,0.5,19.8
2026-01-18 22:00:00,KYIV-015-1,KYIV-015,Band 1 (2100MHz),-82.7,-4.0,17.1,0.7,8.2,6.3
2026-01-18 22:00:00,KYIV-015-2,KYIV-015,Band 1 (2100MHz),-87.9,-7.6,12.4,19.9,7.3,0.0
2026-01-18 22:00:00,KYIV-015-3,KYIV-015,Band 1 (2100MHz),-92.0,-5.2,12.1,17.5,8.3,19.2
2026-01-18 22:00:00,KYIV-016-1,KYIV-016,Band 3 (1800MHz),-84.8,-8.7,14.7,0.0,0.0,3.5
2026-01-18 22:00:00,KYIV-016-2,KYIV-016,Band 3 (1800MHz),-79.4,-7.2,10.8,15.5,0.0,7.1
2026-01-18 22:00:00,KYIV-016-3,KYIV-016,Band 3 (1800MHz),-86.8,-8.2,13.5,23.5,0.0,43.3
2026-01-18 23:00:00,KYIV-001-1,KYIV-001,Band 1 (2100MHz),-88.7,-6.7,13.0,30.3,0.1,3.9
2026-01-18 23:00:00,KYIV-001-2,KYIV-001,Band 1 (2100MHz),-86.4,-8.9,8.2,0.0,4.9,4.1
2026-01-18 23:00:00,KYIV-001-3,KYIV-001,Band 1 (2100MHz),-89.6,-8.0,16.2,29.8,0.0,1.4
2026-01-18 23:00:00,KYIV-002-1,KYIV-002,Band 3 (1800MHz),-99.6,-9.9,6.5,0.0,0.0,0.0
2026-01-18 23:00:00,KYIV-002-2,KYIV-002,Band 3 (1800MHz),-91.6,-10.5,-2.5,24.0,19.5,21.7
2026-01-18 23:00:00,KYIV-002-3,KYIV-002,Band 3 (1800MHz),-86.9,-12.0,9.9,15.4,14.8,0.0
2026-01-18 23:00:00,KYIV-003-1,KYIV-003,Band 1 (2100MHz),-80.4,-3.2,17.1,6.4,13.7,42.8
2026-01-18 23:00:00,KYIV-003-2,KYIV-003,Band 1 (2100MHz),-83.1,-6.5,13.2,39.8,0.0,50.8
2026-01-18 23:00:00,KYIV-003-3,KYIV-003,Band 1 (2100MHz),-94.2,-4.6,15.8,21.7,0.0,54.4
2026-01-18 23:00:00,KYIV-004-1,KYIV-004,Band 3 (1800MHz),-86.4,-6.9,8.8,8.5,31.0,22.9
2026-01-18 23:00:00,KYIV-004-2,KYIV-004,Band 3 (1800MHz),-86.6,-5.0,6.9,0.0,0.6,1.4
2026-01-18 23:00:00,KYIV-004-3,KYIV-004,Band 3 (1800MHz),-85.6,-7.8,8.0,14.3,0.9,18.3
2026-01-18 23:00:00,KYIV-005-1,KYIV-005,Band 1 (2100MHz),-84.2,-9.1,10.0,10.1,0.0,19.4
2026-01-18 23:00:00,KYIV-005-2,KYIV-005,Band 1 (2100MHz),-91.0,-9.9,17.1,14.1,13.5,18.7
2026-01-18 23:00:00,KYIV-005-3,KYIV-005,Band 1 (2100MHz),-96.0,-16.3,2.7,18.3,10.7,20.2
2026-01-18 23:00:00,KYIV-006-1,KYIV-006,Band 3 (1800MHz),-83.5,-3.9,17.8,24.9,13.0,13.7
2026-01-18 23:00:00,KYIV-006-2,KYIV-006,Band 3 (1800MHz),-88.6,-7.9,15.5,22.0,7.2,0.0
2026-01-18 23:00:00,KYIV-006-3,KYIV-006,Band 3 (1800MHz),-84.6,-13.6,16.7,0.0,19.2,0.0
2026-01-18 23:00:00,KYIV-007-1,KYIV-007,Band 1 (2100MHz),-91.3,-8.0,17.8,10.5,0.0,4.3
2026-01-18 23:00:00,KYIV-007-2,KYIV-007,Band 1 (2100MHz),-90.0,-9.2,14.6,5.6,26.6,5.6
2026-01-18 23:00:00,KYIV-007-3,KYIV-007,Band 1 (2100MHz),-87.0,-8.6,9.6,10.3,6.5,15.5
2026-01-18 23:00:00,KYIV-008-1,KYIV-008,Band 3 (1800MHz),-87.7,-8.6,18.7,0.1,0.0,26.0
2026-01-18 23:00:00,KYIV-008-2,KYIV-008,Band 3 (1800MHz),-84.9,-8.3,16.2,10.4,14.7,0.0
2026-01-18 23:00:00,KYIV-008-3,KYIV-008,Band 3 (1800MHz),-88.1,-5.0,16.1,10.3,0.0,40.4
2026-01-18 23:00:00,KYIV-009-1,KYIV-009,Band 1 (2100MHz),-88.1,-8.1,13.2,20.5,2.4,44.9
2026-01-18 23:00:00,KYIV-009-2,KYIV-009,Band 1 (2100MHz),-86.4,-7.1,7.3,12.5,2.3,50.8
2026-01-18 23:00:00,KYIV-009-3,KYIV-009,Band 1 (2100MHz),-84.4,-11.2,9.3,0.0,15.3,0.0
2026-01-18 23:00:00,KYIV-010-1,KYIV-010,Band 3 (1800MHz),-84.4,-6.1,15.3,0.8,0.0,25.9
2026-01-18 23:00:00,KYIV-010-2,KYIV-010,Band 3 (1800MHz),-87.2,-7.9,11.2,0.0,9.6,38.8
2026-01-18 23:00:00,KYIV-010-3,KYIV-010,Band 3 (1800MHz),-84.8,-9.0,7.3,0.0,16.9,18.3
2026-01-18 23:00:00,KYIV-011-1,KYIV-011,Band 1 (2100MHz),-92.5,-7.8,7.9,13.1,16.4,19.8
2026-01-18 23:00:00,KYIV-011-2,KYIV-011,Band 1 (2100MHz),-86.0,-8.4,9.7,7.6,9.6,0.0
2026-01-18 23:00:00,KYIV-011-3,KYIV-011,Band 1 (2100MHz),-83.2,-4.6,7.8,38.7,0.0,41.1
2026-01-18 23:00:00,KYIV-012-1,KYIV-012,Band 3 (1800MHz),-80.1,-7.6,18.4,10.3,0.0,2.9
2026-01-18 23:00:00,KYIV-012-2,KYIV-012,Band 3 (1800MHz),-91.7,-10.9,15.9,33.9,14.4,11.4
2026-01-18 23:00:00,KYIV-012-3,KYIV-012,Band 3 (1800MHz),-90.7,-9.6,14.0,3.6,0.0,13.8
2026-01-18 23:00:00,KYIV-013-1,KYIV-013,Band 1 (2100MHz),-88.6,-5.8,14.2,0.0,20.7,20.5
2026-01-18 23:00:00,KYIV-013-2,KYIV-013,Band 1 (2100MHz),-91.0,-9.4,13.4,10.6,9.0,53.5
2026-01-18 23:00:00,KYIV-013-3,KYIV-013,Band 1 (2100MHz),-82.1,-10.4,7.8,5.3,3.1,10.8
2026-01-18 23:00:00,KYIV-014-1,KYIV-014,Band 3 (1800MHz),-85.0,-7.7,3.5,29.8,7.3,1.8
2026-01-18 23:00:00,KYIV-014-2,KYIV-014,Band 3 (1800MHz),-99.0,-11.4,-5.0,19.7,7.5,0.6
2026-01-18 23:00:00,KYIV-014-3,KYIV-014,Band 3 (1800MHz),-84.4,-7.1,14.9,8.8,3.0,21.2
2026-01-18 23:00:00,KYIV-015-1,KYIV-015,Band 1 (2100MHz),-89.6,-10.1,26.9,0.0,12.2,31.9
2026-01-18 23:00:00,KYIV-015-2,KYIV-015,Band 1 (2100MHz),-87.9,-9.0,14.8,18.3,1.6,6.2
2026-01-18 23:00:00,KYIV-015-3,KYIV-015,Band 1 (2100MHz),-90.0,-11.4,15.6,9.7,3.9,0.0
2026-01-18 23:00:00,KYIV-016-1,KYIV-016,Band 3 (1800MHz),-94.8,-7.0,10.3,17.7,2.5,8.6
2026-01-18 23:00:00,KYIV-016-2,KYIV-016,Band 3 (1800MHz),-85.4,-8.3,15.0,32.6,0.4,31.4
2026-01-18 23:00:00,KYIV-016-3,KYIV-016,Band 3 (1800MHz),-80.6,-6.2,7.5,12.4,0.0,0.0
2026-01-19 00:00:00,KYIV-001-1,KYIV-001,Band 1 (2100MHz),-84.2,-10.2,15.1,0.0,6.8,76.7
2026-01-19 00:00:00,KYIV-001-2,KYIV-001,Band 1 (2100MHz),-86.5,-8.4,10.0,0.0,12.4,13.0
2026-01-19 00:00:00,KYIV-001-3,KYIV-001,Band 1 (2100MHz),-81.9,-10.0,4.1,20.3,16.2,0.0
2026-01-19 00:00:00,KYIV-002-1,KYIV-002,Band 3 (1800MHz),-96.8,-13.9,15.5,12.9,3.3,16.1
2026-01-19 00:00:00,KYIV-002-2,KYIV-002,Band 3 (1800MHz),-97.1,-11.3,9.6,0.0,0.0,0.0
2026-01-19 00:00:00,KYIV-002-3,KYIV-002,Band 3 (1800MHz),-89.8,-8.5,17.8,19.8,18.3,37.8
2026-01-19 00:00:00,KYIV-003-1,KYIV-003,Band 1 (2100MHz),-86.3,-10.9,4.0,32.0,0.0,32.6
2026-01-19 00:00:00,KYIV-003-2,KYIV-003,Band 1 (2100MHz),-88.3,-7.1,21.0,5.5,3.1,36.7
2026-01-19 00:00:00,KYIV-003-3,KYIV-003,Band 1 (2100MHz),-84.6,-10.8,8.9,6.0,0.0,22.8
2026-01-19 00:00:00,KYIV-004-1,KYIV-004,Band 3 (1800MHz),-89.4,-11.0,8.6,8.7,5.0,54.6
2026-01-19 00:00:00,KYIV-004-2,KYIV-004,Band 3 (1800MHz),-86.6,-10.1,14.6,0.0,3.6,25.3
2026-01-19 00:00:00,KYIV-004-3,KYIV-004,Band 3 (1800MHz),-91.9,-8.2,14.8,5.5,10.2,10.9
2026-01-19 00:00:00,KYIV-005-1,KYIV-005,Band 1 (2100MHz),-89.8,-9.8,7.0,11.7,10.9,23.5
2026-01-19 00:00:00,KYIV-005-2,KYIV-005,Band 1 (2100MHz),-89.8,-8.4,16.2,0.0,0.0,15.5
2026-01-19 00:00:00,KYIV-005-3,KYIV-005,Band 1 (2100MHz),-101.0,-11.2,4.8,8.5,24.0,36.6
2026-01-19 00:00:00,KYIV-006-1,KYIV-006,Band 3 (1800MHz),-91.4,-9.3,21.1,0.0,7.1,7.0
2026-01-19 00:00:00,KYIV-006-2,KYIV-006,Band 3 (1800MHz),-90.7,-6.8,7.0,0.0,1.3,35.5
2026-01-19 00:00:00,KYIV-006-3,KYIV-006,Band 3 (1800MHz),-89.0,-8.9,11.0,25.4,1.1,0.0
2026-01-19 00:00:00,KYIV-007-1,KYIV-007,Band 1 (2100MHz),-85.8,-9.7,10.1,0.0,19.6,0.0
2026-01-19 00:00:00,KYIV-007-2,KYIV-007,Band 1 (2100MHz),-95.8,-3.2,12.3,9.0,6.0,39.3
2026-01-19 00:00:00,KYIV-007-3,KYIV-007,Band 1 (2100MHz),-86.1,-6.9,11.1,38.4,14.4,32.1
2026-01-19 00:00:00,KYIV-008-1,KYIV-008,Band 3 (1800MHz),-86.9,-10.5,13.5,15.5,2.1,16.4
2026-01-19 00:00:00,KYIV-008-2,KYIV-008,Band 3 (1800MHz),-91.0,-10.1,13.9,15.7,1.4,12.5
2026-01-19 00:00:00,KYIV-008-3,KYIV-008,Band 3 (1800MHz),-87.5,-10.6,10.2,8.7,0.0,16.8
2026-01-19 00:00:00,KYIV-009-1,KYIV-009,Band 1 (2100MHz),-83.2,-8.0,10.4,3.2,0.0,24.3
2026-01-19 00:00:00,KYIV-009-2,KYIV-009,Band 1 (2100MHz),-83.5,-8.6,16.3,8.3,0.0,34.4
2026-01-19 00:00:00,KYIV-009-3,KYIV-009,Band 1 (2100MHz),-90.3,-11.4,14.4,0.0,0.0,24.9
2026-01-19 00:00:00,KYIV-010-1,KYIV-010,Band 3 (1800MHz),-93.2,-8.5,24.1,21.6,0.0,44.7
2026-01-19 00:00:00,KYIV-010-2,KYIV-010,Band 3 (1800MHz),-80.3,-7.2,4.6,0.0,6.8,33.8
2026-01-19 00:00:00,KYIV-010-3,KYIV-010,Band 3 (1800MHz),-91.2,-8.2,19.5,22.0,15.0,21.8
2026-01-19 00:00:00,KYIV-011-1,KYIV-011,Band 1 (2100MHz),-84.1,-7.1,11.0,13.1,0.0,29.8
2026-01-19 00:00:00,KYIV-011-2,KYIV-011,Band 1 (2100MHz),-90.6,-8.4,10.4,25.0,12.0,22.2
2026-01-19 00:00:00,KYIV-011-3,KYIV-011,Band 1 (2100MHz),-88.2,-11.1,14.1,0.0,12.8,54.4
2026-01-19 00:00:00,KYIV-012-1,KYIV-012,Band 3 (1800MHz),-87.3,-8.1,14.1,0.6,4.8,14.5
2026-01-19 00:00:00,KYIV-012-2,KYIV-012,Band 3 (1800MHz),-87.1,-10.2,8.8,8.2,11.7,31.4
2026-01-19 00:00:00,KYIV-012-3,KYIV-012,Band 3 (1800MHz),-81.9,-6.1,19.3,15.7,12.7,0.0
2026-01-19 00:00:00,KYIV-013-1,KYIV-013,Band 1 (2100MHz),-92.3,-8.1,6.1,19.9,2.8,0.0
2026-01-19 00:00:00,KYIV-013-2,KYIV-013,Band 1 (2100MHz),-93.3,-5.7,-0.7,31.1,4.3,0.0
2026-01-19 00:00:00,KYIV-013-3,KYIV-013,Band 1 (2100MHz),-87.8,-5.3,13.1,2.0,4.6,45.2
2026-01-19 00:00:00,KYIV-014-1,KYIV-014,Band 3 (1800MHz),-92.8,-7.9,23.4,20.9,0.0,23.5
2026-01-19 00:00:00,KYIV-014-2,KYIV-014,Band 3 (1800MHz),-105.2,-10.6,5.4,11.0,0.0,33.2
2026-01-19 00:00:00,KYIV-014-3,KYIV-014,Band 3 (1800MHz),-88.6,-6.8,2.7,24.5,22.9,0.0
2026-01-19 00:00:00,KYIV-015-1,KYIV-015,Band 1 (2100MHz),-84.9,-8.0,12.1,0.0,2.4,16.8
2026-01-19 00:00:00,KYIV-015-2,KYIV-015,Band 1 (2100MHz),-91.9,-8.6,17.7,0.0,0.0,21.6
2026-01-19 00:00:00,KYIV-015-3,KYIV-015,Band 1 (2100MHz),-88.6,-4.4,16.6,22.1,11.8,37.0
2026-01-19 00:00:00,KYIV-016-1,KYIV-016,Band 3 (1800MHz),-90.1,-7.7,12.8,17.7,14.2,0.0
2026-01-19 00:00:00,KYIV-016-2,KYIV-016,Band 3 (1800MHz),-82.4,-5.0,19.8,13.5,0.0,4.8
2026-01-19 00:00:00,KYIV-016-3,KYIV-016,Band 3 (1800MHz),-87.2,-5.6,26.3,18.4,0.0,5.7
2026-01-19 01:00:00,KYIV-001-1,KYIV-001,Band 1 (2100MHz),-83.4,-4.5,5.9,20.4,18.3,0.0
2026-01-19 01:00:00,KYIV-001-2,KYIV-001,Band 1 (2100MHz),-86.3,-9.3,20.0,12.4,0.0,0.0
2026-01-19 01:00:00,KYIV-001-3,KYIV-001,Band 1 (2100MHz),-85.6,-9.4,11.6,9.1,7.1,15.7
2026-01-19 01:00:00,KYIV-002-1,KYIV-002,Band 3 (1800MHz),-102.5,-8.8,7.8,22.5,9.7,34.7
2026-01-19 01:00:00,KYIV-002-2,KYIV-002,Band 3 (1800MHz),-103.9,-9.9,9.1,12.3,18.1,1.0
2026-01-19 01:00:00,KYIV-002-3,KYIV-002,Band 3 (1800MHz),-89.9,-8.5,11.7,2.2,17.8,0.0
2026-01-19 01:00:00,KYIV-003-1,KYIV-003,Band 1 (2100MHz),-88.5,-5.1,15.6,0.0,12.6,9.5
2026-01-19 01:00:00,KYIV-003-2,KYIV-003,Band 1 (2100MHz),-81.4,-7.3,13.0,19.3,17.4,15.9
2026-01-19 01:00:00,KYIV-003-3,KYIV-003,Band 1 (2100MHz),-82.1,-9.6,18.6,26.5,14.3,0.7
2026-01-19 01:00:00,KYIV-004-1,KYIV-004,Band 3 (1800MHz),-79.8,-5.9,5.8,11.3,0.0,40.6
2026-01-19 01:00:00,KYIV-004-2,KYIV-004,Band 3 (1800MHz),-80.8,-3.3,19.3,4.0,8.1,43.2
2026-01-19 01:00:00,KYIV-004-3,KYIV-004,Band 3 (1800MHz),-83.5,-9.5,14.1,30.3,22.4,0.0
2026-01-19 01:00:00,KYIV-005-1,KYIV-005,Band 1 (2100MHz),-89.8,-7.3,0.5,17.6,7.1,0.0
2026-01-19 01:00:00,KYIV-005-2,KYIV-005,Band 1 (2100MHz),-78.7,-5.5,8.7,34.7,10.8,20.6
2026-01-19 01:00:00,KYIV-005-3,KYIV-005,Band 1 (2100MHz),-100.0,-9.6,-1.5,0.0,10.3,0.5
2026-01-19 01:00:00,KYIV-006-1,KYIV-006,Band 3 (1800MHz),-92.2,-7.0,8.2,5.8,2.4,36.5
2026-01-19 01:00:00,KYIV-006-2,KYIV-006,Band 3 (1800MHz),-88.8,-7.5,17.9,24.0,3.6,14.6
2026-01-19 01:00:00,KYIV-006-3,KYIV-006,Band 3 (1800MHz),-88.1,-5.8,12.3,11.8,0.0,26.8
2026-01-19 01:00:00,KYIV-007-1,KYIV-007,Band 1 (2100MHz),-83.9,-9.1,20.9,28.6,15.1,0.0
2026-01-19 01:00:00,KYIV-007-2,KYIV-007,Band 1 (2100MHz),-80.2,-4.6,14.7,35.2,6.9,26.4
2026-01-19 01:00:00,KYIV-007-3,KYIV-007,Band 1 (2100MHz),-87.9,-7.5,4.7,15.4,10.6,5.0
2026-01-19 01:00:00,KYIV-008-1,KYIV-008,Band 3 (1800MHz),-87.0,-8.2,16.6,0.0,0.0,0.0
2026-01-19 01:00:00,KYIV-008-2,KYIV-008,Band 3 (1800MHz),-86.7,-9.8,16.4,17.0,0.0,26.3
2026-01-19 01:00:00,KYIV-008-3,KYIV-008,Band 3 (1800MHz),-94.9,-10.4,12.9,2.8,0.0,24.3
2026-01-19 01:00:00,KYIV-009-1,KYIV-009,Band 1 (2100MHz),-86.9,-6.5,19.4,0.0,0.0,27.0
2026-01-19 01:00:00,KYIV-009-2,KYIV-009,Band 1 (2100MHz),-86.5,-8.1,15.7,0.0,7.5,11.3
2026-01-19 01:00:00,KYIV-009-3,KYIV-009,Band 1 (2100MHz),-79.7,-9.8,22.0,7.3,19.2,40.9
2026-01-19 01:00:00,KYIV-010-1,KYIV-010,Band 3 (1800MHz),-85.9,-9.0,8.6,11.2,13.9,44.9
2026-01-19 01:00:00,KYIV-010-2,KYIV-010,Band 3 (1800MHz),-88.7,-8.3,9.3,25.0,0.0,35.3
2026-01-19 01:00:00,KYIV-010-3,KYIV-010,Band 3 (1800MHz),-97.5,-7.9,18.0,26.3,0.0,6.6
2026-01-19 01:00:00,KYIV-011-1,KYIV-011,Band 1 (2100MHz),-89.9,-10.6,11.0,13.1,0.0,0.0
2026-01-19 01:00:00,KYIV-011-2,KYIV-011,Band 1 (2100MHz),-92.6,-7.7,10.8,11.4,14.9,0.0
2026-01-19 01:00:00,KYIV-011-3,KYIV-011,Band 1 (2100MHz),-82.7,-5.0,13.9,0.0,13.9,5.2
2026-01-19 01:00:00,KYIV-012-1,KYIV-012,Band 3 (1800MHz),-83.4,-9.3,11.7,20.8,0.0,31.6
2026-01-19 01:00:00,KYIV-012-2,KYIV-012,Band 3 (1800MHz),-82.9,-8.9,23.5,0.0,1.3,51.0
2026-01-19 01:00:00,KYIV-012-3,KYIV-012,Band 3 (1800MHz),-83.5,-4.6,15.8,27.2,1.0,28.3
2026-01-19 01:00:00,KYIV-013-1,KYIV-013,Band 1 (2100MHz),-84.5,-9.1,11.6,3.1,23.2,12.2
2026-01-19 01:00:00,KYIV-013-2,KYIV-013,Band 1 (2100MHz),-89.0,-9.2,13.9,8.8,12.1,27.6
2026-01-19 01:00:00,KYIV-013-3,KYIV-013,Band 1 (2100MHz),-89.8,-7.9,18.3,6.3,0.0,50.1
2026-01-19 01:00:00,KYIV-014-1,KYIV-014,Band 3 (1800MHz),-80.6,-9.3,15.6,16.8,0.0,0.0
2026-01-19 01:00:00,KYIV-014-2,KYIV-014,Band 3 (1800MHz),-96.8,-11.7,5.0,3.2,2.3,0.0
2026-01-19 01:00:00,KYIV-014-3,KYIV-014,Band 3 (1800MHz),-86.3,-9.0,16.0,19.0,1.2,79.2
2026-01-19 01:00:00,KYIV-015-1,KYIV-015,Band 1 (2100MHz),-88.9,-7.3,13.5,7.4,0.0,39.5
2026-01-19 01:00:00,KYIV-015-2,KYIV-015,Band 1 (2100MHz),-89.1,-6.8,9.2,26.8,0.0,0.0
2026-01-19 01:00:00,KYIV-015-3,KYIV-015,Band 1 (2100MHz),-86.3,-8.3,19.5,2.1,0.0,20.0
2026-01-19 01:00:00,KYIV-016-1,KYIV-016,Band 3 (1800MHz),-88.6,-10.1,8.3,0.0,1.0,41.0
2026-01-19 01:00:00,KYIV-016-2,KYIV-016,Band 3 (1800MHz),-84.4,-8.7,11.8,0.0,7.3,0.0
2026-01-19 01:00:00,KYIV-016-3,KYIV-016,Band 3 (1800MHz),-88.5,-4.9,15.1,12.6,9.5,22.2
2026-01-19 02:00:00,KYIV-001-1,KYIV-001,Band 1 (2100MHz),-85.0,-5.7,12.8,22.0,0.0,17.9
2026-01-19 02:00:00,KYIV-001-2,KYIV-001,Band 1 (2100MHz),-89.6,-11.4,14.8,15.7,0.0,4.7
2026-01-19 02:00:00,KYIV-001-3,KYIV-001,Band 1 (2100MHz),-82.7,-8.5,16.0,0.0,17.5,1.7
2026-01-19 02:00:00,KYIV-002-1,KYIV-002,Band 3 (1800MHz),-98.2,-12.3,4.6,6.6,0.0,3.3
2026-01-19 02:00:00,KYIV-002-2,KYIV-002,Band 3 (1800MHz),-100.6,-11.6,-2.6,24.1,17.0,30.3
2026-01-19 02:00:00,KYIV-002-3,KYIV-002,Band 3 (1800MHz),-84.5,-6.5,11.6,29.5,19.0,24.6
2026-01-19 02:00:00,KYIV-003-1,KYIV-003,Band 1 (2100MHz),-90.4,-7.6,5.5,0.7,9.4,0.0
2026-01-19 02:00:00,KYIV-003-2,KYIV-003,Band 1 (2100MHz),-93.6,-9.9,11.9,20.1,0.0,28.6
2026-01-19 02:00:00,KYIV-003-3,KYIV-003,Band 1 (2100MHz),-87.0,-9.8,16.6,0.0,0.0,0.0
2026-01-19 02:00:00,KYIV-004-1,KYIV-004,Band 3 (1800MHz),-87.8,-7.5,7.0,0.0,15.4,41.1
2026-01-19 02:00:00,KYIV-004-2,KYIV-004,Band 3 (1800MHz),-85.8,-8.5,20.3,9.4,18.0,13.8
2026-01-19 02:00:00,KYIV-004-3,KYIV-004,Band 3 (1800MHz),-84.9,-12.5,19.4,37.6,13.7,0.0
2026-01-19 02:00:00,KYIV-005-1,KYIV-005,Band 1 (2100MHz),-86.3,-7.0,13.0,25.8,0.0,0.0
2026-01-19 02:00:00,KYIV-005-2,KYIV-005,Band 1 (2100MHz),-89.4,-11.2,10.9,16.9,2.2,16.5
2026-01-19 02:00:00,KYIV-005-3,KYIV-005,Band 1 (2100MHz),-106.7,-11.0,9.3,0.0,0.5,0.0
2026-01-19 02:00:00,KYIV-006-1,KYIV-006,Band 3 (1800MHz),-85.3,-7.7,9.0,6.5,17.2,0.0
2026-01-19 02:00:00,KYIV-006-2,KYIV-006,Band 3 (1800MHz),-84.4,-7.5,14.7,18.4,8.9,25.1
2026-01-19 02:00:00,KYIV-006-3,KYIV-006,Band 3 (1800MHz),-85.9,-10.5,2.5,9.6,10.2,10.6
2026-01-19 02:00:00,KYIV-007-1,KYIV-007,Band 1 (2100MHz),-88.8,-6.3,19.0,7.0,2.9,43.3
2026-01-19 02:00:00,KYIV-007-2,KYIV-007,Band 1 (2100MHz),-79.6,-9.6,9.8,4.1,0.0,16.3
2026-01-19 02:00:00,KYIV-007-3,KYIV-007,Band 1 (2100MHz),-90.4,-7.9,11.5,0.0,16.9,13.0
2026-01-19 02:00:00,KYIV-008-1,KYIV-008,Band 3 (1800MHz),-85.7,-8.5,11.5,10.2,16.1,0.0
2026-01-19 02:00:00,KYIV-008-2,KYIV-008,Band 3 (1800MHz),-87.5,-6.5,15.6,6.2,0.0,3.7
2026-01-19 02:00:00,KYIV-008-3,KYIV-008,Band 3 (1800MHz),-89.1,-5.2,17.9,42.3,12.0,15.6
2026-01-19 02:00:00,KYIV-009-1,KYIV-009,Band 1 (2100MHz),-92.5,-3.0,16.6,0.0,17.9,24.3
2026-01-19 02:00:00,KYIV-009-2,KYIV-009,Band 1 (2100MHz),-89.3,-11.0,15.8,24.4,0.0,0.0
2026-01-19 02:00:00,KYIV-009-3,KYIV-009,Band 1 (2100MHz),-81.9,-4.1,14.8,2.6,0.0,0.0
2026-01-19 02:00:00,KYIV-010-1,KYIV-010,Band 3 (1800MHz),-86.1,-8.9,20.0,9.2,13.8,11.9
2026-01-19 02:00:00,KYIV-010-2,KYIV-010,Band 3 (1800MHz),-89.3,-6.5,11.4,21.2,12.2,0.0
2026-01-19 02:00:00,KYIV-010-3,KYIV-010,Band 3 (1800MHz),-84.5,-7.8,9.4,29.4,0.9,0.0
2026-01-19 02:00:00,KYIV-011-1,KYIV-011,Band 1 (2100MHz),-87.8,-6.6,19.3,33.5,3.0,8.4
2026-01-19 02:00:00,KYIV-011-2,KYIV-011,Band 1 (2100MHz),-81.3,-4.5,14.9,11.6,16.0,49.0
2026-01-19 02:00:00,KYIV-011-3,KYIV-011,Band 1 (2100MHz),-86.9,-9.2,16.6,27.5,4.4,0.0
2026-01-19 02:00:00,KYIV-012-1,KYIV-012,Band 3 (1800MHz),-86.0,-9.8,6.9,28.0,13.3,0.0
2026-01-19 02:00:00,KYIV-012-2,KYIV-012,Band 3 (1800MHz),-90.4,-5.3,10.8,10.6,6.7,0.0
2026-01-19 02:00:00,KYIV-012-3,KYIV-012,Band 3 (1800MHz),-88.0,-7.0,12.0,1.4,0.0,19.6
2026-01-19 02:00:00,KYIV-013-1,KYIV-013,Band 1 (2100MHz),-80.8,-11.6,12.6,15.1,3.8,0.0
2026-01-19 02:00:00,KYIV-013-2,KYIV-013,Band 1 (2100MHz),-96.2,-11.1,2.5,7.2,2.0,37.8
2026-01-19 02:00:00,KYIV-013-3,KYIV-013,Band 1 (2100MHz),-82.7,-9.3,10.9,4.7,16.6,22.5
2026-01-19 02:00:00,KYIV-014-1,KYIV-014,Band 3 (1800MHz),-92.7,-10.4,20.5,0.0,5.6,35.6
2026-01-19 02:00:00,KYIV-014-2,KYIV-014,Band 3 (1800MHz),-95.9,-6.6,7.5,8.8,0.0,40.7
2026-01-19 02:00:00,KYIV-014-3,KYIV-014,Band 3 (1800MHz),-88.0,-12.1,18.3,0.0,19.7,18.6
2026-01-19 02:00:00,KYIV-015-1,KYIV-015,Band 1 (2100MHz),-95.6,-8.4,7.9,0.0,0.0,17.0
2026-01-19 02:00:00,KYIV-015-2,KYIV-015,Band 1 (2100MHz),-81.2,-6.9,11.6,4.0,0.0,14.4
2026-01-19 02:00:00,KYIV-015-3,KYIV-015,Band 1 (2100MHz),-97.7,-8.0,17.2,4.7,0.0,18.7
2026-01-19 02:00:00,KYIV-016-1,KYIV-016,Band 3 (1800MHz),-91.1,-9.8,13.7,25.6,5.2,6.3
2026-01-19 02:00:00,KYIV-016-2,KYIV-016,Band 3 (1800MHz),-91.4,-3.9,12.5,0.0,7.3,4.5
2026-01-19 02:00:00,KYIV-016-3,KYIV-016,Band 3 (1800MHz),-90.8,-10.2,6.1,23.6,4.4,14.2
2026-01-19 03:00:00,KYIV-001-1,KYIV-001,Band 1 (2100MHz),-85.7,-9.6,15.8,0.0,25.8,5.4
2026-01-19 03:00:00,KYIV-001-2,KYIV-001,Band 1 (2100MHz),-89.4,-10.4,13.3,0.0,18.1,3.6
2026-01-19 03:00:00,KYIV-001-3,KYIV-001,Band 1 (2100MHz),-89.6,-9.6,16.7,15.9,0.0,11.9
2026-01-19 03:00:00,KYIV-002-1,KYIV-002,Band 3 (1800MHz),-96.3,-10.6,4.8,19.1,0.0,0.0
2026-01-19 03:00:00,KYIV-002-2,KYIV-002,Band 3 (1800MHz),-104.8,-9.5,1.3,5.8,3.1,44.2
2026-01-19 03:00:00,KYIV-002-3,KYIV-002,Band 3 (1800MHz),-85.8,-12.1,10.6,28.8,0.0,15.5
2026-01-19 03:00:00,KYIV-003-1,KYIV-003,Band 1 (2100MHz),-84.5,-5.5,19.7,27.6,0.0,13.8
2026-01-19 03:00:00,KYIV-003-2,KYIV-003,Band 1 (2100MHz),-83.5,-5.4,15.4,3.7,0.0,9.1
2026-01-19 03:00:00,KYIV-003-3,KYIV-003,Band 1 (2100MHz),-86.9,-8.8,14.7,14.2,5.1,46.1
2026-01-19 03:00:00,KYIV-004-1,KYIV-004,Band 3 (1800MHz),-85.1,-8.3,18.8,13.3,4.5,9.4
2026-01-19 03:00:00,KYIV-004-2,KYIV-004,Band 3 (1800MHz),-90.4,-6.9,6.1,0.0,0.0,20.4
2026-01-19 03:00:00,KYIV-004-3,KYIV-004,Band 3 (1800MHz),-86.5,-8.4,19.6,9.7,0.0,29.8
2026-01-19 03:00:00,KYIV-005-1,KYIV-005,Band 1 (2100MHz),-85.2,-10.3,18.7,12.9,0.0,2.2
2026-01-19 03:00:00,KYIV-005-2,KYIV-005,Band 1 (2100MHz),-87.7,-8.4,16.1,17.0,3.7,4.2
2026-01-19 03:00:00,KYIV-005-3,KYIV-005,Band 1 (2100MHz),-96.3,-11.5,2.8,1.7,25.5,47.8
2026-01-19 03:00:00,KYIV-006-1,KYIV-006,Band 3 (1800MHz),-91.8,-6.7,14.3,8.9,0.0,22.9
2026-01-19 03:00:00,KYIV-006-2,KYIV-006,Band 3 (1800MHz),-87.0,-5.3,17.7,8.3,4.4,2.1
2026-01-19 03:00:00,KYIV-006-3,KYIV-006,Band 3 (1800MHz),-90.8,-6.7,12.5,0.0,5.7,11.4
2026-01-19 03:00:00,KYIV-007-1,KYIV-007,Band 1 (2100MHz),-89.4,-10.0,17.7,0.0,9.3,34.7
2026-01-19 03:00:00,KYIV-007-2,KYIV-007,Band 1 (2100MHz),-88.5,-10.0,14.0,10.4,0.0,11.6
2026-01-19 03:00:00,KYIV-007-3,KYIV-007,Band 1 (2100MHz),-80.7,-6.3,16.4,6.6,7.6,0.0
2026-01-19 03:00:00,KYIV-008-1,KYIV-008,Band 3 (1800MHz),-82.0,-4.7,7.2,0.0,5.4,19.9
2026-01-19 03:00:00,KYIV-008-2,KYIV-008,Band 3 (1800MHz),-86.9,-5.9,13.7,11.7,16.6,38.2
2026-01-19 03:00:00,KYIV-008-3,KYIV-008,Band 3 (1800MHz),-85.5,-7.3,15.8,7.6,0.0,7.6
2026-01-19 03:00:00,KYIV-009-1,KYIV-009,Band 1 (2100MHz),-91.5,-2.7,9.2,1.1,0.0,40.3
2026-01-19 03:00:00,KYIV-009-2,KYIV-009,Band 1 (2100MHz),-87.4,-7.8,11.9,27.1,0.8,0.0
2026-01-19 03:00:00,KYIV-009-3,KYIV-009,Band 1 (2100MHz),-90.6,-6.8,11.9,8.4,10.6,0.0
2026-01-19 03:00:00,KYIV-010-1,KYIV-010,Band 3 (1800MHz),-82.6,-7.9,8.6,20.2,1.2,26.0
2026-01-19 03:00:00,KYIV-010-2,KYIV-010,Band 3 (1800MHz),-87.1,-7.4,10.9,24.0,0.0,0.0
2026-01-19 03:00:00,KYIV-010-3,KYIV-010,Band 3 (1800MHz),-88.9,-6.7,20.1,9.9,12.6,71.2
2026-01-19 03:00:00,KYIV-011-1,KYIV-011,Band 1 (2100MHz),-86.6,-9.5,13.7,0.0,0.0,23.7
2026-01-19 03:00:00,KYIV-011-2,KYIV-011,Band 1 (2100MHz),-85.9,-8.6,9.3,14.5,8.0,33.7
2026-01-19 03:00:00,KYIV-011-3,KYIV-011,Band 1 (2100MHz),-82.3,-5.4,12.7,0.0,13.9,0.8
2026-01-19 03:00:00,KYIV-012-1,KYIV-012,Band 3 (1800MHz),-93.8,-8.5,3.6,0.0,10.1,22.0
2026-01-19 03:00:00,KYIV-012-2,KYIV-012,Band 3 (1800MHz),-79.9,-7.5,13.9,9.9,18.3,48.4
2026-01-19 03:00:00,KYIV-012-3,KYIV-012,Band 3 (1800MHz),-85.6,-8.0,15.2,27.3,5.3,14.1
2026-01-19 03:00:00,KYIV-013-1,KYIV-013,Band 1 (2100MHz),-92.0,-7.9,9.7,13.3,0.0,13.9
2026-01-19 03:00:00,KYIV-013-2,KYIV-013,Band 1 (2100MHz),-84.7,-8.2,21.9,0.0,3.5,43.5
2026-01-19 03:00:00,KYIV-013-3,KYIV-013,Band 1 (2100MHz),-88.3,-7.2,10.4,11.0,9.4,0.0
2026-01-19 03:00:00,KYIV-014-1,KYIV-014,Band 3 (1800MHz),-87.7,-8.3,16.5,16.9,0.0,0.0
2026-01-19 03:00:00,KYIV-014-2,KYIV-014,Band 3 (1800MHz),-100.9,-12.1,6.9,0.0,11.4,0.0
2026-01-19 03:00:00,KYIV-014-3,KYIV-014,Band 3 (1800MHz),-84.0,-10.5,15.4,0.0,15.2,10.1
2026-01-19 03:00:00,KYIV-015-1,KYIV-015,Band 1 (2100MHz),-85.1,-7.9,16.8,30.9,20.4,0.0
2026-01-19 03:00:00,KYIV-015-2,KYIV-015,Band 1 (2100MHz),-84.0,-8.6,14.4,7.6,5.9,54.1
2026-01-19 03:00:00,KYIV-015-3,KYIV-015,Band 1 (2100MHz),-87.9,-9.1,2.3,18.3,15.2,0.0
2026-01-19 03:00:00,KYIV-016-1,KYIV-016,Band 3 (1800MHz),-88.9,-4.2,15.0,0.8,3.4,0.0
2026-01-19 03:00:00,KYIV-016-2,KYIV-016,Band 3 (1800MHz),-83.9,-11.9,18.7,27.7,17.1,6.6
2026-01-19 03:00:00,KYIV-016-3,KYIV-016,Band 3 (1800MHz),-90.7,-8.4,8.9,11.0,17.6,14.8
2026-01-19 04:00:00,KYIV-001-1,KYIV-001,Band 1 (2100MHz),-88.6,-5.5,6.6,17.3,4.0,0.0
2026-01-19 04:00:00,KYIV-001-2,KYIV-001,Band 1 (2100MHz),-91.2,-4.8,25.3,9.3,0.0,16.8
2026-01-19 04:00:00,KYIV-001-3,KYIV-001,Band 1 (2100MHz),-79.6,-6.9,11.9,31.2,3.1,2.7
2026-01-19 04:00:00,KYIV-002-1,KYIV-002,Band 3 (1800MHz),-107.7,-13.6,11.0,19.3,7.3,1.3
2026-01-19 04:00:00,KYIV-002-2,KYIV-002,Band 3 (1800MHz),-96.0,-10.5,8.4,0.0,6.4,33.5
2026-01-19 04:00:00,KYIV-002-3,KYIV-002,Band 3 (1800MHz),-85.6,-7.9,13.5,11.7,2.1,0.0
2026-01-19 04:00:00,KYIV-003-1,KYIV-003,Band 1 (2100MHz),-82.3,-8.6,11.8,9.8,0.0,0.0
2026-01-19 04:00:00,KYIV-003-2,KYIV-003,Band 1 (2100MHz),-88.9,-6.8,16.0,10.4,0.0,0.0
2026-01-19 04:00:00,KYIV-003-3,KYIV-003,Band 1 (2100MHz),-87.2,-13.1,5.5,2.8,6.3,26.9
2026-01-19 04:00:00,KYIV-004-1,KYIV-004,Band 3 (1800MHz),-79.7,-3.6,15.2,3.9,0.0,14.1
2026-01-19 04:00:00,KYIV-004-2,KYIV-004,Band 3 (1800MHz),-92.7,-5.4,12.0,13.8,0.0,19.7
2026-01-19 04:00:00,KYIV-004-3,KYIV-004,Band 3 (1800MHz),-82.1,-8.4,9.2,2.5,10.8,0.0
2026-01-19 04:00:00,KYIV-005-1,KYIV-005,Band 1 (2100MHz),-83.9,-7.2,10.6,12.1,7.8,3.5
2026-01-19 04:00:00,KYIV-005-2,KYIV-005,Band 1 (2100MHz),-87.9,-10.7,15.0,0.0,5.2,11.4
2026-01-19 04:00:00,KYIV-005-3,KYIV-005,Band 1 (2100MHz),-99.0,-11.6,1.0,16.3,1.3,22.5
2026-01-19 04:00:00,KYIV-006-1,KYIV-006,Band 3 (1800MHz),-86.9,-9.5,11.9,6.9,0.0,0.0
2026-01-19 04:00:00,KYIV-006-2,KYIV-006,Band 3 (1800MHz),-84.4,-10.2,9.6,18.7,16.4,13.4
2026-01-19 04:00:00,KYIV-006-3,KYIV-006,Band 3 (1800MHz),-86.9,-5.0,13.8,31.6,0.0,9.7
2026-01-19 04:00:00,KYIV-007-1,KYIV-007,Band 1 (2100MHz),-86.4,-10.2,17.3,19.1,12.9,0.9
2026-01-19 04:00:00,KYIV-007-2,KYIV-007,Band 1 (2100MHz),-88.2,-8.3,14.9,0.0,7.5,37.6
2026-01-19 04:00:00,KYIV-007-3,KYIV-007,Band 1 (2100MHz),-89.2,-9.6,11.8,12.6,0.0,0.0
2026-01-19 04:00:00,KYIV-008-1,KYIV-008,Band 3 (1800MHz),-91.4,-11.6,13.9,0.0,0.0,9.9
2026-01-19 04:00:00,KYIV-008-2,KYIV-008,Band 3 (1800MHz),-86.2,-5.7,17.4,11.9,0.0,0.0
2026-01-19 04:00:00,KYIV-008-3,KYIV-008,Band 3 (1800MHz),-90.8,-4.9,16.5,14.1,0.0,29.2
2026-01-19 04:00:00,KYIV-009-1,KYIV-009,Band 1 (2100MHz),-87.5,-10.1,22.2,4.9,17.3,0.0
2026-01-19 04:00:00,KYIV-009-2,KYIV-009,Band 1 (2100MHz),-90.6,-9.1,10.4,4.2,0.0,32.6
2026-01-19 04:00:00,KYIV-009-3,KYIV-009,Band 1 (2100MHz),-92.6,-9.4,4.0,7.7,14.6,27.0
2026-01-19 04:00:00,KYIV-010-1,KYIV-010,Band 3 (1800MHz),-90.8,-6.9,25.4,0.0,0.0,4.7
2026-01-19 04:00:00,KYIV-010-2,KYIV-010,Band 3 (1800MHz),-88.3,-9.2,12.1,13.1,8.8,8.8
2026-01-19 04:00:00,KYIV-010-3,KYIV-010,Band 3 (1800MHz),-88.7,-6.7,8.1,0.0,3.3,12.2
2026-01-19 04:00:00,KYIV-011-1,KYIV-011,Band 1 (2100MHz),-87.0,-7.4,12.9,0.7,0.0,0.0
2026-01-19 04:00:00,KYIV-011-2,KYIV-011,Band 1 (2100MHz),-90.2,-9.0,17.6,0.0,0.0,51.9
2026-01-19 04:00:00,KYIV-011-3,KYIV-011,Band 1 (2100MHz),-81.8,-5.2,14.7,18.3,16.2,35.5
2026-01-19 04:00:00,KYIV-012-1,KYIV-012,Band 3 (1800MHz),-86.7,-9.6,12.6,26.2,9.4,42.3
2026-01-19 04:00:00,KYIV-012-2,KYIV-012,Band 3 (1800MHz),-90.5,-10.9,15.5,11.9,13.0,3.7
2026-01-19 04:00:00,KYIV-012-3,KYIV-012,Band 3 (1800MHz),-89.5,-9.5,12.9,25.4,8.3,53.7
2026-01-19 04:00:00,KYIV-013-1,KYIV-013,Band 1 (2100MHz),-91.5,-7.0,9.5,6.6,1.5,0.0
2026-01-19 04:00:00,KYIV-013-2,KYIV-013,Band 1 (2100MHz),-90.7,-4.1,12.9,22.6,19.7,37.7
2026-01-19 04:00:00,KYIV-013-3,KYIV-013,Band 1 (2100MHz),-92.6,-9.1,18.8,0.0,8.3,0.0
2026-01-19 04:00:00,KYIV-014-1,KYIV-014,Band 3 (1800MHz),-88.8,-8.5,17.1,21.6,0.7,31.3
2026-01-19 04:00:00,KYIV-014-2,KYIV-014,Band 3 (1800MHz),-95.4,-13.5,10.0,0.0,8.4,13.4
2026-01-19 04:00:00,KYIV-014-3,KYIV-014,Band 3 (1800MHz),-84.2,-11.0,27.9,22.4,11.5,12.7
2026-01-19 04:00:00,KYIV-015-1,KYIV-015,Band 1 (2100MHz),-87.1,-7.1,5.9,8.6,10.5,0.0
2026-01-19 04:00:00,KYIV-015-2,KYIV-015,Band 1 (2100MHz),-79.2,-8.4,12.8,18.7,11.7,0.0
2026-01-19 04:00:00,KYIV-015-3,KYIV-015,Band 1 (2100MHz),-93.9,-9.1,5.8,11.2,0.0,11.6
2026-01-19 04:00:00,KYIV-016-1,KYIV-016,Band 3 (1800MHz),-89.3,-10.5,20.4,9.2,7.3,34.0
2026-01-19 04:00:00,KYIV-016-2,KYIV-016,Band 3 (1800MHz),-88.1,-9.8,21.0,8.7,9.4,0.0
2026-01-19 04:00:00,KYIV-016-3,KYIV-016,Band 3 (1800MHz),-95.4,-6.9,20.3,0.0,7.3,0.0
2026-01-19 05:00:00,KYIV-001-1,KYIV-001,Band 1 (2100MHz),-91.1,-6.6,11.2,16.1,2.2,26.5
2026-01-19 05:00:00,KYIV-001-2,KYIV-001,Band 1 (2100MHz),-85.4,-6.7,14.6,0.0,15.9,36.0
2026-01-19 05:00:00,KYIV-001-3,KYIV-001,Band 1 (2100MHz),-84.7,-5.5,11.0,15.5,12.7,0.4
2026-01-19 05:00:00,KYIV-002-1,KYIV-002,Band 3 (1800MHz),-100.9,-14.4,1.1,6.6,15.9,5.2
2026-01-19 05:00:00,KYIV-002-2,KYIV-002,Band 3 (1800MHz),-100.0,-13.5,-2.1,0.0,5.8,36.2
2026-01-19 05:00:00,KYIV-002-3,KYIV-002,Band 3 (1800MHz),-89.6,-8.4,16.1,19.3,7.3,8.4
2026-01-19 05:00:00,KYIV-003-1,KYIV-003,Band 1 (2100MHz),-88.1,-7.7,8.8,5.6,4.9,58.2
2026-01-19 05:00:00,KYIV-003-2,KYIV-003,Band 1 (2100MHz),-90.1,-7.7,10.5,22.7,0.0,0.0
2026-01-19 05:00:00,KYIV-003-3,KYIV-003,Band 1 (2100MHz),-89.9,-5.7,4.6,11.0,0.0,4.3
2026-01-19 05:00:00,KYIV-004-1,KYIV-004,Band 3 (1800MHz),-92.4,-10.7,13.3,0.0,7.2,2.0
2026-01-19 05:00:00,KYIV-004-2,KYIV-004,Band 3 (1800MHz),-87.7,-7.0,14.3,14.5,0.0,0.0
2026-01-19 05:00:00,KYIV-004-3,KYIV-004,Band 3 (1800MHz),-96.2,-3.6,17.9,0.0,10.9,19.7
2026-01-19 05:00:00,KYIV-005-1,KYIV-005,Band 1 (2100MHz),-88.1,-5.5,13.7,33.5,14.4,0.0
2026-01-19 05:00:00,KYIV-005-2,KYIV-005,Band 1 (2100MHz),-93.0,-9.9,15.6,0.0,11.8,44.3
2026-01-19 05:00:00,KYIV-005-3,KYIV-005,Band 1 (2100MHz),-98.0,-10.1,-7.7,24.8,0.0,0.0
2026-01-19 05:00:00,KYIV-006-1,KYIV-006,Band 3 (1800MHz),-88.9,-9.6,13.7,11.3,5.1,40.4
2026-01-19 05:00:00,KYIV-006-2,KYIV-006,Band 3 (1800MHz),-94.2,-10.1,6.7,0.0,8.4,9.3
2026-01-19 05:00:00,KYIV-006-3,KYIV-006,Band 3 (1800MHz),-88.7,-8.6,6.6,0.0,3.7,9.8
2026-01-19 05:00:00,KYIV-007-1,KYIV-007,Band 1 (2100MHz),-83.9,-12.3,14.4,0.0,1.3,0.0
2026-01-19 05:00:00,KYIV-007-2,KYIV-007,Band 1 (2100MHz),-90.6,-8.0,16.4,17.0,17.4,0.0
2026-01-19 05:00:00,KYIV-007-3,KYIV-007,Band 1 (2100MHz),-90.7,-8.4,6.2,5.3,1.9,3.7
2026-01-19 05:00:00,KYIV-008-1,KYIV-008,Band 3 (1800MHz),-84.5,-5.7,19.7,5.1,14.0,6.9
2026-01-19 05:00:00,KYIV-008-2,KYIV-008,Band 3 (1800MHz),-88.9,-10.1,16.3,7.7,13.1,25.4
2026-01-19 05:00:00,KYIV-008-3,KYIV-008,Band 3 (1800MHz),-86.1,-11.9,16.0,12.9,12.9,25.1
2026-01-19 05:00:00,KYIV-009-1,KYIV-009,Band 1 (2100MHz),-80.7,-10.4,10.5,20.6,0.9,0.0
2026-01-19 05:00:00,KYIV-009-2,KYIV-009,Band 1 (2100MHz),-88.5,-7.7,12.3,10.4,0.0,34.6
2026-01-19 05:00:00,KYIV-009-3,KYIV-009,Band 1 (2100MHz),-87.9,-9.0,13.8,15.3,12.0,3.4
2026-01-19 05:00:00,KYIV-010-1,KYIV-010,Band 3 (1800MHz),-87.2,-10.6,4.7,0.0,0.0,31.4
2026-01-19 05:00:00,KYIV-010-2,KYIV-010,Band 3 (1800MHz),-90.0,-5.9,19.9,9.5,0.0,0.0
2026-01-19 05:00:00,KYIV-010-3,KYIV-010,Band 3 (1800MHz),-87.3,-7.3,10.9,17.6,0.0,6.7
2026-01-19 05:00:00,KYIV-011-1,KYIV-011,Band 1 (2100MHz),-87.0,-7.1,5.1,24.1,3.4,9.3
2026-01-19 05:00:00,KYIV-011-2,KYIV-011,Band 1 (2100MHz),-85.5,-7.2,22.6,9.5,8.6,20.0
2026-01-19 05:00:00,KYIV-011-3,KYIV-011,Band 1 (2100MHz),-85.1,-7.0,17.7,9.7,5.3,0.0
2026-01-19 05:00:00,KYIV-012-1,KYIV-012,Band 3 (1800MHz),-90.1,-8.1,13.4,0.0,3.6,0.0
2026-01-19 05:00:00,KYIV-012-2,KYIV-012,Band 3 (1800MHz),-86.6,-9.7,18.7,3.5,0.0,4.3
2026-01-19 05:00:00,KYIV-012-3,KYIV-012,Band 3 (1800MHz),-87.2,-8.5,9.1,15.8,0.0,7.8
2026-01-19 05:00:00,KYIV-013-1,KYIV-013,Band 1 (2100MHz),-92.8,-10.8,11.7,8.2,0.0,34.7
2026-01-19 05:00:00,KYIV-013-2,KYIV-013,Band 1 (2100MHz),-88.0,-7.2,11.5,20.7,9.6,15.2
2026-01-19 05:00:00,KYIV-013-3,KYIV-013,Band 1 (2100MHz),-80.8,-7.4,6.1,29.5,4.1,26.3
2026-01-19 05:00:00,KYIV-014-1,KYIV-014,Band 3 (1800MHz),-87.3,-9.2,9.3,11.3,4.6,32.9
2026-01-19 05:00:00,KYIV-014-2,KYIV-014,Band 3 (1800MHz),-99.2,-11.5,5.0,2.4,6.3,42.7
2026-01-19 05:00:00,KYIV-014-3,KYIV-014,Band 3 (1800MHz),-80.2,-11.4,10.1,3.1,4.8,26.6
2026-01-19 05:00:00,KYIV-015-1,KYIV-015,Band 1 (2100MHz),-82.8,-6.0,7.2,15.3,13.6,0.0
2026-01-19 05:00:00,KYIV-015-2,KYIV-015,Band 1 (2100MHz),-87.3,-9.1,10.3,10.5,13.4,38.3
2026-01-19 05:00:00,KYIV-015-3,KYIV-015,Band 1 (2100MHz),-88.5,-4.3,7.8,33.7,5.6,24.8
2026-01-19 05:00:00,KYIV-016-1,KYIV-016,Band 3 (1800MHz),-82.0,-4.3,25.6,0.4,11.2,50.2
2026-01-19 05:00:00,KYIV-016-2,KYIV-016,Band 3 (1800MHz),-89.9,-12.1,7.9,0.0,5.7,48.1
2026-01-19 05:00:00,KYIV-016-3,KYIV-016,Band 3 (1800MHz),-84.0,-11.2,12.4,0.0,14.5,9.6
2026-01-19 06:00:00,KYIV-001-1,KYIV-001,Band 1 (2100MHz),-89.0,-8.4,12.2,14.4,0.0,21.9
2026-01-19 06:00:00,KYIV-001-2,KYIV-001,Band 1 (2100MHz),-86.1,-8.8,-1.6,20.6,5.2,22.9
2026-01-19 06:00:00,KYIV-001-3,KYIV-001,Band 1 (2100MHz),-87.2,-10.1,8.4,19.9,4.4,21.2
2026-01-19 06:00:00,KYIV-002-1,KYIV-002,Band 3 (1800MHz),-99.5,-13.1,4.9,12.2,14.2,41.4
2026-01-19 06:00:00,KYIV-002-2,KYIV-002,Band 3 (1800MHz),-100.6,-10.2,4.0,39.2,18.7,36.6
2026-01-19 06:00:00,KYIV-002-3,KYIV-002,Band 3 (1800MHz),-82.1,-9.2,12.8,41.2,7.6,40.3
2026-01-19 06:00:00,KYIV-003-1,KYIV-003,Band 1 (2100MHz),-94.1,-8.8,16.0,23.7,17.3,11.5
2026-01-19 06:00:00,KYIV-003-2,KYIV-003,Band 1 (2100MHz),-87.4,-8.1,13.0,16.7,9.1,59.0
2026-01-19 06:00:00,KYIV-003-3,KYIV-003,Band 1 (2100MHz),-88.6,-4.4,16.2,5.0,16.5,11.4
2026-01-19 06:00:00,KYIV-004-1,KYIV-004,Band 3 (1800MHz),-90.3,-10.1,11.5,25.9,29.5,19.8
2026-01-19 06:00:00,KYIV-004-2,KYIV-004,Band 3 (1800MHz),-86.8,-9.6,18.1,16.0,5.0,40.2
2026-01-19 06:00:00,KYIV-004-3,KYIV-004,Band 3 (1800MHz),-81.2,-6.2,14.4,14.4,0.0,38.7
2026-01-19 06:00:00,KYIV-005-1,KYIV-005,Band 1 (2100MHz),-84.8,-9.1,6.5,25.9,13.7,33.6
2026-01-19 06:00:00,KYIV-005-2,KYIV-005,Band 1 (2100MHz),-88.1,-8.7,13.2,4.0,0.0,9.7
2026-01-19 06:00:00,KYIV-005-3,KYIV-005,Band 1 (2100MHz),-102.0,-16.4,6.3,0.0,13.6,11.6
2026-01-19 06:00:00,KYIV-006-1,KYIV-006,Band 3 (1800MHz),-85.0,-8.8,7.3,38.3,8.8,40.5
2026-01-19 06:00:00,KYIV-006-2,KYIV-006,Band 3 (1800MHz),-96.2,-11.4,7.4,8.3,0.0,37.3
2026-01-19 06:00:00,KYIV-006-3,KYIV-006,Band 3 (1800MHz),-84.9,-7.6,15.7,30.6,14.4,19.7
2026-01-19 06:00:00,KYIV-007-1,KYIV-007,Band 1 (2100MHz),-82.1,-11.9,7.4,19.6,2.8,2.1
2026-01-19 06:00:00,KYIV-007-2,KYIV-007,Band 1 (2100MHz),-88.8,-8.7,7.4,8.2,7.2,54.1
2026-01-19 06:00:00,KYIV-007-3,KYIV-007,Band 1 (2100MHz),-86.1,-9.9,12.1,17.1,7.0,78.6
2026-01-19 06:00:00,KYIV-008-1,KYIV-008,Band 3 (1800MHz),-87.9,-5.2,3.5,12.4,15.8,2.7
2026-01-19 06:00:00,KYIV-008-2,KYIV-008,Band 3 (1800MHz),-89.0,-13.0,4.9,17.2,17.0,29.1
2026-01-19 06:00:00,KYIV-008-3,KYIV-008,Band 3 (1800MHz),-86.6,-8.7,13.8,0.0,21.9,7.1
2026-01-19 06:00:00,KYIV-009-1,KYIV-009,Band 1 (2100MHz),-82.9,-9.6,14.1,27.1,13.3,60.6
2026-01-19 06:00:00,KYIV-009-2,KYIV-009,Band 1 (2100MHz),-96.1,-8.5,17.1,10.5,9.0,36.7
2026-01-19 06:00:00,KYIV-009-3,KYIV-009,Band 1 (2100MHz),-87.9,-7.7,20.8,3.7,13.8,35.0
2026-01-19 06:00:00,KYIV-010-1,KYIV-010,Band 3 (1800MHz),-89.4,-9.9,12.8,0.0,14.6,46.1
2026-01-19 06:00:00,KYIV-010-2,KYIV-010,Band 3 (1800MHz),-92.0,-11.3,12.1,5.9,6.2,39.1
2026-01-19 06:00:00,KYIV-010-3,KYIV-010,Band 3 (1800MHz),-85.4,-7.7,7.4,9.8,6.9,4.6
2026-01-19 06:00:00,KYIV-011-1,KYIV-011,Band 1 (2100MHz),-88.4,-8.1,14.7,19.8,22.5,58.6
2026-01-19 06:00:00,KYIV-011-2,KYIV-011,Band 1 (2100MHz),-82.9,-11.7,14.7,14.3,17.3,45.6
2026-01-19 06:00:00,KYIV-011-3,KYIV-011,Band 1 (2100MHz),-88.4,-11.1,11.3,31.4,0.6,40.5
2026-01-19 06:00:00,KYIV-012-1,KYIV-012,Band 3 (1800MHz),-89.6,-7.1,7.4,16.8,18.1,21.9
2026-01-19 06:00:00,KYIV-012-2,KYIV-012,Band 3 (1800MHz),-92.7,-9.3,16.7,13.5,8.2,12.1
2026-01-19 06:00:00,KYIV-012-3,KYIV-012,Band 3 (1800MHz),-89.3,-3.6,8.2,25.1,8.0,34.4
2026-01-19 06:00:00,KYIV-013-1,KYIV-013,Band 1 (2100MHz),-84.3,-10.8,19.9,28.7,8.7,57.7
2026-01-19 06:00:00,KYIV-013-2,KYIV-013,Band 1 (2100MHz),-90.5,-7.5,0.4,33.4,10.1,0.0
2026-01-19 06:00:00,KYIV-013-3,KYIV-013,Band 1 (2100MHz),-82.8,-8.8,10.4,1.4,0.0,28.6
2026-01-19 06:00:00,KYIV-014-1,KYIV-014,Band 3 (1800MHz),-89.8,-9.7,8.8,0.0,0.0,31.7
2026-01-19 06:00:00,KYIV-014-2,KYIV-014,Band 3 (1800MHz),-99.1,-11.4,-2.5,0.0,12.0,10.4
2026-01-19 06:00:00,KYIV-014-3,KYIV-014,Band 3 (1800MHz),-89.3,-7.5,18.9,0.0,16.2,2.6
2026-01-19 06:00:00,KYIV-015-1,KYIV-015,Band 1 (2100MHz),-91.6,-6.0,9.5,17.8,13.6,35.7
2026-01-19 06:00:00,KYIV-015-2,KYIV-015,Band 1 (2100MHz),-85.9,-4.5,14.4,2.9,12.5,19.7
2026-01-19 06:00:00,KYIV-015-3,KYIV-015,Band 1 (2100MHz),-87.9,-11.3,21.0,7.4,4.1,43.5
2026-01-19 06:00:00,KYIV-016-1,KYIV-016,Band 3 (1800MHz),-87.0,-7.9,20.9,11.9,0.0,18.4
2026-01-19 06:00:00,KYIV-016-2,KYIV-016,Band 3 (1800MHz),-93.6,-9.8,24.0,6.1,0.0,10.5
2026-01-19 06:00:00,KYIV-016-3,KYIV-016,Band 3 (1800MHz),-87.1,-9.9,11.9,4.7,30.2,41.4
2026-01-19 07:00:00,KYIV-001-1,KYIV-001,Band 1 (2100MHz),-89.2,-8.9,11.9,48.7,19.3,106.4
2026-01-19 07:00:00,KYIV-001-2,KYIV-001,Band 1 (2100MHz),-74.6,-12.1,10.2,34.6,32.0,39.9
2026-01-19 07:00:00,KYIV-001-3,KYIV-001,Band 1 (2100MHz),-80.1,-11.3,24.0,71.0,26.5,114.8
2026-01-19 07:00:00,KYIV-002-1,KYIV-002,Band 3 (1800MHz),-101.6,-12.0,2.9,65.7,18.9,68.8
2026-01-19 07:00:00,KYIV-002-2,KYIV-002,Band 3 (1800MHz),-106.1,-12.3,8.1,71.4,29.4,125.5
2026-01-19 07:00:00,KYIV-002-3,KYIV-002,Band 3 (1800MHz),-83.3,-11.0,9.8,60.0,35.7,79.4
2026-01-19 07:00:00,KYIV-003-1,KYIV-003,Band 1 (2100MHz),-84.7,-9.9,9.6,54.9,23.8,109.5
2026-01-19 07:00:00,KYIV-003-2,KYIV-003,Band 1 (2100MHz),-85.2,-10.5,12.1,34.7,47.1,59.2
2026-01-19 07:00:00,KYIV-003-3,KYIV-003,Band 1 (2100MHz),-91.9,-10.7,20.7,34.1,24.2,82.2
2026-01-19 07:00:00,KYIV-004-1,KYIV-004,Band 3 (1800MHz),-100.6,-9.9,17.7,76.3,35.6,122.6
2026-01-19 07:00:00,KYIV-004-2,KYIV-004,Band 3 (1800MHz),-93.4,-13.4,15.5,48.1,34.7,85.6
2026-01-19 07:00:00,KYIV-004-3,KYIV-004,Band 3 (1800MHz),-89.7,-9.6,13.1,61.2,27.2,82.7
2026-01-19 07:00:00,KYIV-005-1,KYIV-005,Band 1 (2100MHz),-86.5,-9.3,7.2,62.6,31.0,94.6
2026-01-19 07:00:00,KYIV-005-2,KYIV-005,Band 1 (2100MHz),-89.9,-11.3,3.9,57.3,31.8,97.9
2026-01-19 07:00:00,KYIV-005-3,KYIV-005,Band 1 (2100MHz),-107.1,-16.9,7.6,58.2,24.3,69.9
2026-01-19 07:00:00,KYIV-006-1,KYIV-006,Band 3 (1800MHz),-85.8,-11.8,14.4,50.6,39.2,67.5
2026-01-19 07:00:00,KYIV-006-2,KYIV-006,Band 3 (1800MHz),-88.9,-11.4,15.5,62.5,26.3,96.9
2026-01-19 07:00:00,KYIV-006-3,KYIV-006,Band 3 (1800MHz),-84.4,-12.5,10.1,48.3,33.2,92.7
2026-01-19 07:00:00,KYIV-007-1,KYIV-007,Band 1 (2100MHz),-79.6,-7.0,5.7,55.5,15.6,57.8
2026-01-19 07:00:00,KYIV-007-2,KYIV-007,Band 1 (2100MHz),-83.5,-9.8,12.9,55.8,40.0,71.7
2026-01-19 07:00:00,KYIV-007-3,KYIV-007,Band 1 (2100MHz),-82.2,-11.4,13.1,43.0,38.0,40.9
2026-01-19 07:00:00,KYIV-008-1,KYIV-008,Band 3 (1800MHz),-90.9,-9.2,17.6,26.7,18.5,92.4
2026-01-19 07:00:00,KYIV-008-2,KYIV-008,Band 3 (1800MHz),-94.0,-13.7,11.0,66.4,26.8,108.1
2026-01-19 07:00:00,KYIV-008-3,KYIV-008,Band 3 (1800MHz),-87.6,-12.8,11.7,54.5,27.3,142.2
2026-01-19 07:00:00,KYIV-009-1,KYIV-009,Band 1 (2100MHz),-87.9,-8.7,13.8,46.6,32.0,97.5
2026-01-19 07:00:00,KYIV-009-2,KYIV-009,Band 1 (2100MHz),-83.7,-10.3,5.7,45.5,24.9,50.3
2026-01-19 07:00:00,KYIV-009-3,KYIV-009,Band 1 (2100MHz),-81.2,-12.7,4.6,28.3,37.1,77.9
2026-01-19 07:00:00,KYIV-010-1,KYIV-010,Band 3 (1800MHz),-86.9,-9.0,6.1,57.5,22.6,83.8
2026-01-19 07:00:00,KYIV-010-2,KYIV-010,Band 3 (1800MHz),-87.7,-10.8,3.7,53.2,26.9,105.0
2026-01-19 07:00:00,KYIV-010-3,KYIV-010,Band 3 (1800MHz),-87.5,-9.4,9.5,57.5,28.0,54.1
2026-01-19 07:00:00,KYIV-011-1,KYIV-011,Band 1 (2100MHz),-86.4,-7.6,13.4,59.7,45.3,125.2
2026-01-19 07:00:00,KYIV-011-2,KYIV-011,Band 1 (2100MHz),-87.8,-10.3,9.1,54.7,46.2,55.1
2026-01-19 07:00:00,KYIV-011-3,KYIV-011,Band 1 (2100MHz),-86.6,-9.8,14.1,38.2,45.0,58.4
2026-01-19 07:00:00,KYIV-012-1,KYIV-012,Band 3 (1800MHz),-77.4,-8.7,16.8,45.6,33.8,69.2
2026-01-19 07:00:00,KYIV-012-2,KYIV-012,Band 3 (1800MHz),-85.9,-9.3,27.1,87.4,40.6,105.3
2026-01-19 07:00:00,KYIV-012-3,KYIV-012,Band 3 (1800MHz),-79.3,-13.1,18.5,44.7,27.7,43.0
2026-01-19 07:00:00,KYIV-013-1,KYIV-013,Band 1 (2100MHz),-85.6,-7.9,9.7,50.1,45.9,86.9
2026-01-19 07:00:00,KYIV-013-2,KYIV-013,Band 1 (2100MHz),-83.7,-8.8,21.2,42.5,27.2,114.4
2026-01-19 07:00:00,KYIV-013-3,KYIV-013,Band 1 (2100MHz),-79.0,-11.1,9.8,43.8,27.7,49.9
2026-01-19 07:00:00,KYIV-014-1,KYIV-014,Band 3 (1800MHz),-81.7,-13.6,3.7,62.5,16.2,88.9
2026-01-19 07:00:00,KYIV-014-2,KYIV-014,Band 3 (1800MHz),-100.5,-17.9,10.4,27.3,40.8,117.2
2026-01-19 07:00:00,KYIV-014-3,KYIV-014,Band 3 (1800MHz),-92.4,-11.3,4.7,56.3,26.9,50.5
2026-01-19 07:00:00,KYIV-015-1,KYIV-015,Band 1 (2100MHz),-82.8,-11.7,3.3,49.0,43.7,80.3
2026-01-19 07:00:00,KYIV-015-2,KYIV-015,Band 1 (2100MHz),-89.8,-10.5,12.8,47.2,34.0,92.6
2026-01-19 07:00:00,KYIV-015-3,KYIV-015,Band 1 (2100MHz),-78.4,-10.4,17.2,50.5,44.5,87.7
2026-01-19 07:00:00,KYIV-016-1,KYIV-016,Band 3 (1800MHz),-89.6,-12.7,11.2,45.3,31.3,85.8
2026-01-19 07:00:00,KYIV-016-2,KYIV-016,Band 3 (1800MHz),-85.9,-9.1,1.9,48.0,34.6,107.3
2026-01-19 07:00:00,KYIV-016-3,KYIV-016,Band 3 (1800MHz),-84.9,-8.2,16.0,49.9,36.6,106.4
2026-01-19 08:00:00,KYIV-001-1,KYIV-001,Band 1 (2100MHz),-92.1,-8.6,18.0,75.1,34.8,129.2
2026-01-19 08:00:00,KYIV-001-2,KYIV-001,Band 1 (2100MHz),-91.3,-8.2,13.3,62.9,40.5,65.5
2026-01-19 08:00:00,KYIV-001-3,KYIV-001,Band 1 (2100MHz),-89.2,-13.1,3.4,63.9,63.2,121.7
2026-01-19 08:00:00,KYIV-002-1,KYIV-002,Band 3 (1800MHz),-101.4,-15.3,2.2,69.3,35.8,139.2
2026-01-19 08:00:00,KYIV-002-2,KYIV-002,Band 3 (1800MHz),-95.7,-15.2,-0.2,50.6,43.4,135.6
2026-01-19 08:00:00,KYIV-002-3,KYIV-002,Band 3 (1800MHz),-82.3,-14.3,11.5,50.2,29.5,130.3
2026-01-19 08:00:00,KYIV-003-1,KYIV-003,Band 1 (2100MHz),-88.6,-12.0,5.8,71.4,37.0,82.9
2026-01-19 08:00:00,KYIV-003-2,KYIV-003,Band 1 (2100MHz),-86.1,-8.4,6.0,45.5,41.7,71.6
2026-01-19 08:00:00,KYIV-003-3,KYIV-003,Band 1 (2100MHz),-86.0,-10.1,15.2,67.7,37.3,143.4
2026-01-19 08:00:00,KYIV-004-1,KYIV-004,Band 3 (1800MHz),-77.4,-12.7,4.8,63.3,46.4,68.6
2026-01-19 08:00:00,KYIV-004-2,KYIV-004,Band 3 (1800MHz),-89.9,-12.3,12.3,61.1,31.6,152.4
2026-01-19 08:00:00,KYIV-004-3,KYIV-004,Band 3 (1800MHz),-87.3,-10.5,12.8,50.7,29.5,93.4
2026-01-19 08:00:00,KYIV-005-1,KYIV-005,Band 1 (2100MHz),-92.3,-15.2,16.0,74.8,35.4,104.6
2026-01-19 08:00:00,KYIV-005-2,KYIV-005,Band 1 (2100MHz),-84.8,-9.9,8.8,73.3,35.4,116.3
2026-01-19 08:00:00,KYIV-005-3,KYIV-005,Band 1 (2100MHz),-96.8,-14.1,2.1,74.8,32.6,114.4
2026-01-19 08:00:00,KYIV-006-1,KYIV-006,Band 3 (1800MHz),-87.5,-5.7,11.7,73.1,43.7,161.6
2026-01-19 08:00:00,KYIV-006-2,KYIV-006,Band 3 (1800MHz),-90.0,-9.5,13.2,80.5,31.8,76.0
2026-01-19 08:00:00,KYIV-006-3,KYIV-006,Band 3 (1800MHz),-87.9,-11.8,7.5,74.4,39.7,93.3
2026-01-19 08:00:00,KYIV-007-1,KYIV-007,Band 1 (2100MHz),-76.8,-14.0,10.6,47.0,49.1,140.9
2026-01-19 08:00:00,KYIV-007-2,KYIV-007,Band 1 (2100MHz),-86.8,-12.6,12.6,80.2,36.3,128.3
2026-01-19 08:00:00,KYIV-007-3,KYIV-007,Band 1 (2100MHz),-91.9,-12.3,12.0,54.2,37.0,123.6
2026-01-19 08:00:00,KYIV-008-1,KYIV-008,Band 3 (1800MHz),-93.8,-12.5,11.7,49.2,43.9,114.8
2026-01-19 08:00:00,KYIV-008-2,KYIV-008,Band 3 (1800MHz),-90.0,-10.0,15.3,45.8,27.8,109.8
2026-01-19 08:00:00,KYIV-008-3,KYIV-008,Band 3 (1800MHz),-89.8,-10.1,13.6,80.5,37.4,115.6
2026-01-19 08:00:00,KYIV-009-1,KYIV-009,Band 1 (2100MHz),-84.2,-8.3,2.7,94.2,40.2,119.1
2026-01-19 08:00:00,KYIV-009-2,KYIV-009,Band 1 (2100MHz),-87.2,-12.8,14.2,73.3,18.9,99.2
2026-01-19 08:00:00,KYIV-009-3,KYIV-009,Band 1 (2100MHz),-86.3,-10.2,10.0,58.2,35.5,108.7
2026-01-19 08:00:00,KYIV-010-1,KYIV-010,Band 3 (1800MHz),-84.4,-11.8,14.6,48.7,48.1,148.8
2026-01-19 08:00:00,KYIV-010-2,KYIV-010,Band 3 (1800MHz),-86.0,-9.9,9.7,52.0,35.8,120.5
2026-01-19 08:00:00,KYIV-010-3,KYIV-010,Band 3 (1800MHz),-86.6,-13.5,15.3,76.0,50.2,109.3
2026-01-19 08:00:00,KYIV-011-1,KYIV-011,Band 1 (2100MHz),-89.0,-11.8,16.2,71.1,32.9,131.1
2026-01-19 08:00:00,KYIV-011-2,KYIV-011,Band 1 (2100MHz),-86.7,-9.0,16.0,65.3,46.3,105.8
2026-01-19 08:00:00,KYIV-011-3,KYIV-011,Band 1 (2100MHz),-87.8,-13.7,5.1,74.4,51.9,137.8
2026-01-19 08:00:00,KYIV-012-1,KYIV-012,Band 3 (1800MHz),-89.8,-9.9,9.8,66.3,37.7,120.5
2026-01-19 08:00:00,KYIV-012-2,KYIV-012,Band 3 (1800MHz),-85.8,-13.4,14.5,58.3,23.5,115.8
2026-01-19 08:00:00,KYIV-012-3,KYIV-012,Band 3 (1800MHz),-82.7,-11.2,21.0,68.0,26.7,132.2
2026-01-19 08:00:00,KYIV-013-1,KYIV-013,Band 1 (2100MHz),-86.7,-12.5,15.3,75.1,35.3,118.6
2026-01-19 08:00:00,KYIV-013-2,KYIV-013,Band 1 (2100MHz),-85.0,-11.5,12.4,57.4,32.9,120.4
2026-01-19 08:00:00,KYIV-013-3,KYIV-013,Band 1 (2100MHz),-87.0,-8.4,8.8,76.0,44.6,115.7
2026-01-19 08:00:00,KYIV-014-1,KYIV-014,Band 3 (1800MHz),-85.3,-12.3,6.1,81.0,39.2,84.9
2026-01-19 08:00:00,KYIV-014-2,KYIV-014,Band 3 (1800MHz),-102.9,-12.4,-5.3,75.0,48.0,109.2
2026-01-19 08:00:00,KYIV-014-3,KYIV-014,Band 3 (1800MHz),-89.1,-10.3,12.6,96.2,33.4,95.8
2026-01-19 08:00:00,KYIV-015-1,KYIV-015,Band 1 (2100MHz),-90.1,-11.4,12.2,70.3,39.6,148.7
2026-01-19 08:00:00,KYIV-015-2,KYIV-015,Band 1 (2100MHz),-94.4,-14.9,13.4,82.3,40.6,96.7
2026-01-19 08:00:00,KYIV-015-3,KYIV-015,Band 1 (2100MHz),-84.4,-11.7,11.9,62.6,47.9,126.3
2026-01-19 08:00:00,KYIV-016-1,KYIV-016,Band 3 (1800MHz),-88.3,-13.6,20.7,65.1,41.9,98.8
2026-01-19 08:00:00,KYIV-016-2,KYIV-016,Band 3 (1800MHz),-88.8,-13.0,11.2,74.3,54.1,118.0
2026-01-19 08:00:00,KYIV-016-3,KYIV-016,Band 3 (1800MHz),-90.6,-9.2,6.7,62.6,53.4,102.7
2026-01-19 09:00:00,KYIV-001-1,KYIV-001,Band 1 (2100MHz),-81.6,-7.6,4.7,29.9,34.6,72.1
2026-01-19 09:00:00,KYIV-001-2,KYIV-001,Band 1 (2100MHz),-84.9,-8.3,9.8,36.7,26.8,99.0
2026-01-19 09:00:00,KYIV-001-3,KYIV-001,Band 1 (2100MHz),-85.0,-8.9,18.8,36.8,20.7,101.0
2026-01-19 09:00:00,KYIV-002-1,KYIV-002,Band 3 (1800MHz),-102.8,-12.3,-3.7,54.6,29.6,53.3
2026-01-19 09:00:00,KYIV-002-2,KYIV-002,Band 3 (1800MHz),-95.3,-16.8,3.5,78.8,27.2,91.5
2026-01-19 09:00:00,KYIV-002-3,KYIV-002,Band 3 (1800MHz),-85.8,-11.9,8.5,65.3,41.2,75.9
2026-01-19 09:00:00,KYIV-003-1,KYIV-003,Band 1 (2100MHz),-86.9,-8.3,19.2,48.1,28.1,69.6
2026-01-19 09:00:00,KYIV-003-2,KYIV-003,Band 1 (2100MHz),-86.1,-9.2,16.0,58.2,25.0,131.3
2026-01-19 09:00:00,KYIV-003-3,KYIV-003,Band 1 (2100MHz),-90.6,-11.2,14.1,62.4,24.2,131.6
2026-01-19 09:00:00,KYIV-004-1,KYIV-004,Band 3 (1800MHz),-86.7,-6.8,-0.1,63.6,29.6,80.6
2026-01-19 09:00:00,KYIV-004-2,KYIV-004,Band 3 (1800MHz),-87.7,-11.1,10.4,61.0,34.2,70.4
2026-01-19 09:00:00,KYIV-004-3,KYIV-004,Band 3 (1800MHz),-88.2,-10.7,14.3,41.5,34.1,110.6
2026-01-19 09:00:00,KYIV-005-1,KYIV-005,Band 1 (2100MHz),-95.7,-12.0,10.1,49.6,24.4,122.2
2026-01-19 09:00:00,KYIV-005-2,KYIV-005,Band 1 (2100MHz),-90.5,-12.0,12.2,9.5,21.5,96.5
2026-01-19 09:00:00,KYIV-005-3,KYIV-005,Band 1 (2100MHz),-98.6,-15.2,-0.6,52.8,35.8,101.4
2026-01-19 09:00:00,KYIV-006-1,KYIV-006,Band 3 (1800MHz),-83.8,-12.7,17.9,66.8,28.1,53.8
2026-01-19 09:00:00,KYIV-006-2,KYIV-006,Band 3 (1800MHz),-82.8,-10.0,16.7,32.9,36.6,40.5
2026-01-19 09:00:00,KYIV-006-3,KYIV-006,Band 3 (1800MHz),-78.9,-7.7,9.6,55.2,21.6,63.9
2026-01-19 09:00:00,KYIV-007-1,KYIV-007,Band 1 (2100MHz),-84.4,-8.6,11.4,60.5,29.9,104.7
2026-01-19 09:00:00,KYIV-007-2,KYIV-007,Band 1 (2100MHz),-89.6,-12.4,20.5,41.4,29.3,70.1
2026-01-19 09:00:00,KYIV-007-3,KYIV-007,Band 1 (2100MHz),-91.0,-11.9,15.6,68.5,36.1,100.8
2026-01-19 09:00:00,KYIV-008-1,KYIV-008,Band 3 (1800MHz),-86.9,-10.2,18.2,77.4,31.9,32.9
2026-01-19 09:00:00,KYIV-008-2,KYIV-008,Band 3 (1800MHz),-94.9,-9.1,26.8,57.4,37.6,55.2
2026-01-19 09:00:00,KYIV-008-3,KYIV-008,Band 3 (1800MHz),-87.3,-9.9,12.4,40.8,18.5,102.2
2026-01-19 09:00:00,KYIV-009-1,KYIV-009,Band 1 (2100MHz),-93.1,-9.7,22.0,56.9,13.4,77.5
2026-01-19 09:00:00,KYIV-009-2,KYIV-009,Band 1 (2100MHz),-89.6,-11.7,12.4,71.9,13.0,61.6
2026-01-19 09:00:00,KYIV-009-3,KYIV-009,Band 1 (2100MHz),-83.3,-10.5,11.8,49.9,33.3,89.6
2026-01-19 09:00:00,KYIV-010-1,KYIV-010,Band 3 (1800MHz),-88.1,-12.5,21.6,54.3,27.3,70.4
2026-01-19 09:00:00,KYIV-010-2,KYIV-010,Band 3 (1800MHz),-79.8,-11.0,4.8,47.7,35.9,70.4
2026-01-19 09:00:00,KYIV-010-3,KYIV-010,Band 3 (1800MHz),-94.3,-8.8,9.7,63.3,36.6,116.2
2026-01-19 09:00:00,KYIV-011-1,KYIV-011,Band 1 (2100MHz),-85.9,-9.8,5.3,40.1,37.6,81.4
2026-01-19 09:00:00,KYIV-011-2,KYIV-011,Band 1 (2100MHz),-90.7,-13.9,11.0,53.0,34.6,85.7
2026-01-19 09:00:00,KYIV-011-3,KYIV-011,Band 1 (2100MHz),-97.0,-14.0,7.3,38.0,6.5,45.9
2026-01-19 09:00:00,KYIV-012-1,KYIV-012,Band 3 (1800MHz),-83.7,-7.5,4.6,38.7,26.3,83.2
2026-01-19 09:00:00,KYIV-012-2,KYIV-012,Band 3 (1800MHz),-79.7,-16.9,4.4,67.5,32.2,84.1
2026-01-19 09:00:00,KYIV-012-3,KYIV-012,Band 3 (1800MHz),-84.2,-11.3,9.4,71.8,35.4,67.8
2026-01-19 09:00:00,KYIV-013-1,KYIV-013,Band 1 (2100MHz),-82.5,-6.4,7.5,41.5,41.1,74.6
2026-01-19 09:00:00,KYIV-013-2,KYIV-013,Band 1 (2100MHz),-89.3,-11.4,17.3,64.4,33.2,46.4
2026-01-19 09:00:00,KYIV-013-3,KYIV-013,Band 1 (2100MHz),-82.3,-9.7,10.1,60.6,45.8,86.2
2026-01-19 09:00:00,KYIV-014-1,KYIV-014,Band 3 (1800MHz),-88.2,-10.7,15.0,63.5,45.0,104.3
2026-01-19 09:00:00,KYIV-014-2,KYIV-014,Band 3 (1800MHz),-97.1,-14.1,13.4,43.1,12.9,90.2
2026-01-19 09:00:00,KYIV-014-3,KYIV-014,Band 3 (1800MHz),-90.7,-12.7,21.7,33.0,33.6,54.5
2026-01-19 09:00:00,KYIV-015-1,KYIV-015,Band 1 (2100MHz),-86.6,-9.2,9.8,54.4,33.7,122.5
2026-01-19 09:00:00,KYIV-015-2,KYIV-015,Band 1 (2100MHz),-88.7,-8.9,16.7,27.3,29.1,98.8
2026-01-19 09:00:00,KYIV-015-3,KYIV-015,Band 1 (2100MHz),-88.4,-8.1,11.7,60.0,35.3,93.3
2026-01-19 09:00:00,KYIV-016-1,KYIV-016,Band 3 (1800MHz),-88.3,-8.5,11.8,63.9,24.2,81.1
2026-01-19 09:00:00,KYIV-016-2,KYIV-016,Band 3 (1800MHz),-80.8,-11.6,13.8,49.1,25.7,62.5
2026-01-19 09:00:00,KYIV-016-3,KYIV-016,Band 3 (1800MHz),-94.1,-10.1,25.6,40.8,31.2,77.2
2026-01-19 10:00:00,KYIV-001-1,KYIV-001,Band 1 (2100MHz),-95.4,-8.2,15.4,7.1,0.0,10.1
2026-01-19 10:00:00,KYIV-001-2,KYIV-001,Band 1 (2100MHz),-90.4,-8.0,7.1,17.3,0.0,34.1
2026-01-19 10:00:00,KYIV-001-3,KYIV-001,Band 1 (2100MHz),-91.1,-9.7,21.4,4.1,20.1,59.2
2026-01-19 10:00:00,KYIV-002-1,KYIV-002,Band 3 (1800MHz),-106.8,-11.4,-0.7,6.7,5.7,6.6
2026-01-19 10:00:00,KYIV-002-2,KYIV-002,Band 3 (1800MHz),-100.4,-10.3,3.3,24.5,8.0,0.0
2026-01-19 10:00:00,KYIV-002-3,KYIV-002,Band 3 (1800MHz),-87.4,-12.6,20.9,25.6,11.6,0.0
2026-01-19 10:00:00,KYIV-003-1,KYIV-003,Band 1 (2100MHz),-89.8,-7.5,15.2,17.5,8.2,55.2
2026-01-19 10:00:00,KYIV-003-2,KYIV-003,Band 1 (2100MHz),-87.0,-5.1,7.8,18.2,12.5,18.8
2026-01-19 10:00:00,KYIV-003-3,KYIV-003,Band 1 (2100MHz),-88.1,-6.5,9.5,20.0,11.7,10.0
2026-01-19 10:00:00,KYIV-004-1,KYIV-004,Band 3 (1800MHz),-90.2,-9.9,2.4,24.6,0.0,42.4
2026-01-19 10:00:00,KYIV-004-2,KYIV-004,Band 3 (1800MHz),-81.9,-6.9,8.3,21.3,13.2,0.0
2026-01-19 10:00:00,KYIV-004-3,KYIV-004,Band 3 (1800MHz),-84.5,-7.3,16.9,13.8,0.0,0.0
2026-01-19 10:00:00,KYIV-005-1,KYIV-005,Band 1 (2100MHz),-80.6,-6.8,13.3,7.3,5.4,27.3
2026-01-19 10:00:00,KYIV-005-2,KYIV-005,Band 1 (2100MHz),-84.7,-10.7,11.7,4.4,11.4,23.4
2026-01-19 10:00:00,KYIV-005-3,KYIV-005,Band 1 (2100MHz),-99.8,-11.7,0.7,21.7,14.1,25.2
2026-01-19 10:00:00,KYIV-006-1,KYIV-006,Band 3 (1800MHz),-85.8,-9.9,20.7,1.3,11.3,18.3
2026-01-19 10:00:00,KYIV-006-2,KYIV-006,Band 3 (1800MHz),-91.1,-7.0,16.5,0.0,0.0,9.4
2026-01-19 10:00:00,KYIV-006-3,KYIV-006,Band 3 (1800MHz),-84.1,-8.5,15.3,0.0,0.4,10.7
2026-01-19 10:00:00,KYIV-007-1,KYIV-007,Band 1 (2100MHz),-89.0,-5.2,6.1,27.1,6.2,38.0
2026-01-19 10:00:00,KYIV-007-2,KYIV-007,Band 1 (2100MHz),-87.4,-7.8,20.2,8.0,16.2,30.1
2026-01-19 10:00:00,KYIV-007-3,KYIV-007,Band 1 (2100MHz),-88.8,-7.0,14.5,24.9,16.8,28.3
2026-01-19 10:00:00,KYIV-008-1,KYIV-008,Band 3 (1800MHz),-84.7,-7.5,11.4,0.0,0.0,0.0
2026-01-19 10:00:00,KYIV-008-2,KYIV-008,Band 3 (1800MHz),-87.0,-6.9,4.7,29.6,1.1,25.1
2026-01-19 10:00:00,KYIV-008-3,KYIV-008,Band 3 (1800MHz),-87.1,-8.4,11.7,41.4,14.4,13.4
2026-01-19 10:00:00,KYIV-009-1,KYIV-009,Band 1 (2100MHz),-93.4,-10.9,13.4,12.5,8.9,17.5
2026-01-19 10:00:00,KYIV-009-2,KYIV-009,Band 1 (2100MHz),-88.0,-9.4,18.9,23.3,6.2,4.9
2026-01-19 10:00:00,KYIV-009-3,KYIV-009,Band 1 (2100MHz),-87.0,-5.8,12.1,21.8,26.2,2.6
2026-01-19 10:00:00,KYIV-010-1,KYIV-010,Band 3 (1800MHz),-85.7,-8.6,11.2,6.2,0.7,51.2
2026-01-19 10:00:00,KYIV-010-2,KYIV-010,Band 3 (1800MHz),-85.3,-7.0,17.3,14.2,21.5,27.7
2026-01-19 10:00:00,KYIV-010-3,KYIV-010,Band 3 (1800MHz),-88.9,-12.4,15.7,21.5,16.0,58.3
2026-01-19 10:00:00,KYIV-011-1,KYIV-011,Band 1 (2100MHz),-86.5,-6.8,23.6,22.8,5.7,0.0
2026-01-19 10:00:00,KYIV-011-2,KYIV-011,Band 1 (2100MHz),-95.1,-7.9,12.1,4.9,15.2,22.6
2026-01-19 10:00:00,KYIV-011-3,KYIV-011,Band 1 (2100MHz),-84.4,-6.5,22.3,14.7,31.3,1.9
2026-01-19 10:00:00,KYIV-012-1,KYIV-012,Band 3 (1800MHz),-88.5,-9.4,21.2,19.8,0.0,44.2
2026-01-19 10:00:00,KYIV-012-2,KYIV-012,Band 3 (1800MHz),-86.5,-11.7,20.6,20.9,12.3,31.0
2026-01-19 10:00:00,KYIV-012-3,KYIV-012,Band 3 (1800MHz),-95.2,-7.5,2.3,28.1,9.3,0.0
2026-01-19 10:00:00,KYIV-013-1,KYIV-013,Band 1 (2100MHz),-86.6,-9.7,7.7,6.5,0.0,14.1
2026-01-19 10:00:00,KYIV-013-2,KYIV-013,Band 1 (2100MHz),-96.0,-7.0,5.6,20.0,0.0,37.7
2026-01-19 10:00:00,KYIV-013-3,KYIV-013,Band 1 (2100MHz),-82.0,-8.4,19.3,37.3,23.0,27.3
2026-01-19 10:00:00,KYIV-014-1,KYIV-014,Band 3 (1800MHz),-92.7,-8.2,6.6,20.8,1.3,6.8
2026-01-19 10:00:00,KYIV-014-2,KYIV-014,Band 3 (1800MHz),-103.2,-13.6,10.6,16.8,6.9,4.1
2026-01-19 10:00:00,KYIV-014-3,KYIV-014,Band 3 (1800MHz),-86.3,-3.1,13.0,34.1,7.7,23.7
2026-01-19 10:00:00,KYIV-015-1,KYIV-015,Band 1 (2100MHz),-86.4,-9.0,13.9,14.6,17.7,61.0
2026-01-19 10:00:00,KYIV-015-2,KYIV-015,Band 1 (2100MHz),-92.4,-7.6,9.6,27.5,8.3,44.7
2026-01-19 10:00:00,KYIV-015-3,KYIV-015,Band 1 (2100MHz),-86.2,-5.1,10.9,18.9,18.5,38.7
2026-01-19 10:00:00,KYIV-016-1,KYIV-016,Band 3 (1800MHz),-84.0,-10.2,12.1,21.8,14.4,2.0
2026-01-19 10:00:00,KYIV-016-2,KYIV-016,Band 3 (1800MHz),-92.3,-9.5,2.0,19.7,4.4,16.1
2026-01-19 10:00:00,KYIV-016-3,KYIV-016,Band 3 (1800MHz),-92.6,-5.1,11.2,15.7,25.4,0.0
2026-01-19 11:00:00,KYIV-001-1,KYIV-001,Band 1 (2100MHz),-87.9,-11.8,9.5,35.3,35.2,98.4
2026-01-19 11:00:00,KYIV-001-2,KYIV-001,Band 1 (2100MHz),-87.2,-13.9,19.9,46.9,30.7,76.6
2026-01-19 11:00:00,KYIV-001-3,KYIV-001,Band 1 (2100MHz),-90.2,-6.6,9.7,55.1,20.5,65.8
2026-01-19 11:00:00,KYIV-002-1,KYIV-002,Band 3 (1800MHz),-91.5,-17.6,-7.3,45.8,36.5,52.3
2026-01-19 11:00:00,KYIV-002-2,KYIV-002,Band 3 (1800MHz),-98.3,-12.9,-5.4,53.9,24.4,87.5
2026-01-19 11:00:00,KYIV-002-3,KYIV-002,Band 3 (1800MHz),-82.7,-10.2,19.0,58.9,35.1,69.8
2026-01-19 11:00:00,KYIV-003-1,KYIV-003,Band 1 (2100MHz),-84.8,-9.9,13.5,53.5,23.1,104.4
2026-01-19 11:00:00,KYIV-003-2,KYIV-003,Band 1 (2100MHz),-84.4,-10.0,14.3,39.6,42.2,11.9
2026-01-19 11:00:00,KYIV-003-3,KYIV-003,Band 1 (2100MHz),-91.6,-9.3,16.8,54.9,16.2,90.1
2026-01-19 11:00:00,KYIV-004-1,KYIV-004,Band 3 (1800MHz),-95.5,-11.3,11.1,63.9,33.8,67.5
2026-01-19 11:00:00,KYIV-004-2,KYIV-004,Band 3 (1800MHz),-86.9,-11.5,19.0,36.8,32.3,109.5
2026-01-19 11:00:00,KYIV-004-3,KYIV-004,Band 3 (1800MHz),-82.7,-9.1,7.3,59.7,20.4,85.8
2026-01-19 11:00:00,KYIV-005-1,KYIV-005,Band 1 (2100MHz),-87.4,-6.5,12.6,60.8,18.0,83.5
2026-01-19 11:00:00,KYIV-005-2,KYIV-005,Band 1 (2100MHz),-88.4,-9.9,14.2,27.2,44.0,62.6
2026-01-19 11:00:00,KYIV-005-3,KYIV-005,Band 1 (2100MHz),-98.4,-12.7,-0.1,44.0,19.0,98.0
2026-01-19 11:00:00,KYIV-006-1,KYIV-006,Band 3 (1800MHz),-86.9,-7.8,10.8,53.7,36.1,100.1
2026-01-19 11:00:00,KYIV-006-2,KYIV-006,Band 3 (1800MHz),-88.9,-10.0,12.4,56.1,9.5,43.5
2026-01-19 11:00:00,KYIV-006-3,KYIV-006,Band 3 (1800MHz),-83.6,-11.5,15.2,63.2,19.4,93.2
2026-01-19 11:00:00,KYIV-007-1,KYIV-007,Band 1 (2100MHz),-89.3,-8.3,16.7,45.2,37.4,62.2
2026-01-19 11:00:00,KYIV-007-2,KYIV-007,Band 1 (2100MHz),-84.8,-8.7,17.0,57.8,44.4,60.0
2026-01-19 11:00:00,KYIV-007-3,KYIV-007,Band 1 (2100MHz),-89.2,-8.1,8.3,45.6,25.8,88.3
2026-01-19 11:00:00,KYIV-008-1,KYIV-008,Band 3 (1800MHz),-89.9,-11.2,16.4,56.2,22.6,72.8
2026-01-19 11:00:00,KYIV-008-2,KYIV-008,Band 3 (1800MHz),-94.8,-10.1,16.2,56.5,30.5,53.8
2026-01-19 11:00:00,KYIV-008-3,KYIV-008,Band 3 (1800MHz),-81.8,-9.7,16.3,48.3,30.4,81.1
2026-01-19 11:00:00,KYIV-009-1,KYIV-009,Band 1 (2100MHz),-80.1,-6.7,16.1,53.3,26.3,71.7
2026-01-19 11:00:00,KYIV-009-2,KYIV-009,Band 1 (2100MHz),-83.5,-8.9,20.3,41.2,16.4,90.8
2026-01-19 11:00:00,KYIV-009-3,KYIV-009,Band 1 (2100MHz),-85.5,-7.6,16.0,47.2,11.0,84.7
2026-01-19 11:00:00,KYIV-010-1,KYIV-010,Band 3 (1800MHz),-78.8,-10.5,19.2,51.0,30.4,77.3
2026-01-19 11:00:00,KYIV-010-2,KYIV-010,Band 3 (1800MHz),-90.7,-10.5,19.5,38.2,42.2,69.8
2026-01-19 11:00:00,KYIV-010-3,KYIV-010,Band 3 (1800MHz),-87.8,-12.2,14.1,43.6,25.4,106.9
2026-01-19 11:00:00,KYIV-011-1,KYIV-011,Band 1 (2100MHz),-93.3,-12.8,20.0,45.5,24.9,52.7
2026-01-19 11:00:00,KYIV-011-2,KYIV-011,Band 1 (2100MHz),-86.7,-9.6,10.2,54.9,26.8,106.0
2026-01-19 11:00:00,KYIV-011-3,KYIV-011,Band 1 (2100MHz),-86.6,-10.9,11.4,38.4,35.4,80.8
2026-01-19 11:00:00,KYIV-012-1,KYIV-012,Band 3 (1800MHz),-86.7,-11.4,21.8,50.7,30.1,58.7
2026-01-19 11:00:00,KYIV-012-2,KYIV-012,Band 3 (1800MHz),-93.6,-11.0,6.1,35.7,23.9,57.3
2026-01-19 11:00:00,KYIV-012-3,KYIV-012,Band 3 (1800MHz),-86.3,-12.8,4.0,39.9,40.7,113.5
2026-01-19 11:00:00,KYIV-013-1,KYIV-013,Band 1 (2100MHz),-88.2,-9.1,6.7,51.1,31.4,45.6
2026-01-19 11:00:00,KYIV-013-2,KYIV-013,Band 1 (2100MHz),-84.2,-6.7,10.3,33.4,42.5,90.3
2026-01-19 11:00:00,KYIV-013-3,KYIV-013,Band 1 (2100MHz),-89.7,-10.4,15.2,48.2,17.4,79.4
2026-01-19 11:00:00,KYIV-014-1,KYIV-014,Band 3 (1800MHz),-84.2,-8.2,9.9,37.2,37.9,73.0
2026-01-19 11:00:00,KYIV-014-2,KYIV-014,Band 3 (1800MHz),-94.9,-10.9,-0.8,45.9,29.3,51.5
2026-01-19 11:00:00,KYIV-014-3,KYIV-014,Band 3 (1800MHz),-92.2,-10.6,17.9,45.9,47.1,36.8
2026-01-19 11:00:00,KYIV-015-1,KYIV-015,Band 1 (2100MHz),-91.5,-9.0,-0.8,39.9,10.3,90.5
2026-01-19 11:00:00,KYIV-015-2,KYIV-015,Band 1 (2100MHz),-88.5,-8.3,13.0,48.0,31.4,111.0
2026-01-19 11:00:00,KYIV-015-3,KYIV-015,Band 1 (2100MHz),-89.9,-7.9,14.9,45.5,18.4,101.7
2026-01-19 11:00:00,KYIV-016-1,KYIV-016,Band 3 (1800MHz),-86.5,-8.2,19.2,58.6,28.0,107.3
2026-01-19 11:00:00,KYIV-016-2,KYIV-016,Band 3 (1800MHz),-89.5,-9.0,13.3,64.0,24.3,86.0
2026-01-19 11:00:00,KYIV-016-3,KYIV-016,Band 3 (1800MHz),-90.5,-8.8,19.2,39.4,37.2,63.6
2026-01-19 12:00:00,KYIV-001-1,KYIV-001,Band 1 (2100MHz),-85.9,-10.3,8.2,49.5,35.3,58.7
2026-01-19 12:00:00,KYIV-001-2,KYIV-001,Band 1 (2100MHz),-87.1,-13.1,7.5,51.1,33.3,83.0
2026-01-19 12:00:00,KYIV-001-3,KYIV-001,Band 1 (2100MHz),-91.8,-10.7,14.2,46.8,17.2,70.1
2026-01-19 12:00:00,KYIV-002-1,KYIV-002,Band 3 (1800MHz),-102.0,-14.2,3.0,36.2,34.6,91.9
2026-01-19 12:00:00,KYIV-002-2,KYIV-002,Band 3 (1800MHz),-95.7,-13.5,10.0,65.0,26.0,77.7
2026-01-19 12:00:00,KYIV-002-3,KYIV-002,Band 3 (1800MHz),-85.3,-12.2,16.5,45.7,21.6,75.0
2026-01-19 12:00:00,KYIV-003-1,KYIV-003,Band 1 (2100MHz),-84.0,-9.1,10.1,41.3,17.1,78.3
2026-01-19 12:00:00,KYIV-003-2,KYIV-003,Band 1 (2100MHz),-83.1,-12.5,20.6,33.9,12.5,81.9
2026-01-19 12:00:00,KYIV-003-3,KYIV-003,Band 1 (2100MHz),-82.2,-11.6,4.3,49.3,33.0,75.8
2026-01-19 12:00:00,KYIV-004-1,KYIV-004,Band 3 (1800MHz),-83.7,-8.1,10.0,30.6,16.7,94.9
2026-01-19 12:00:00,KYIV-004-2,KYIV-004,Band 3 (1800MHz),-87.4,-7.2,6.7,26.6,41.0,89.9
2026-01-19 12:00:00,KYIV-004-3,KYIV-004,Band 3 (1800MHz),-83.2,-8.1,8.1,29.7,35.1,109.0
2026-01-19 12:00:00,KYIV-005-1,KYIV-005,Band 1 (2100MHz),-89.2,-10.6,14.2,55.4,37.0,95.0
2026-01-19 12:00:00,KYIV-005-2,KYIV-005,Band 1 (2100MHz),-92.4,-11.0,9.1,54.4,28.5,91.3
2026-01-19 12:00:00,KYIV-005-3,KYIV-005,Band 1 (2100MHz),-99.8,-12.9,7.7,61.4,35.7,42.3
2026-01-19 12:00:00,KYIV-006-1,KYIV-006,Band 3 (1800MHz),-82.0,-9.5,20.1,61.3,32.9,56.0
2026-01-19 12:00:00,KYIV-006-2,KYIV-006,Band 3 (1800MHz),-92.6,-10.2,13.1,56.2,10.0,71.7
2026-01-19 12:00:00,KYIV-006-3,KYIV-006,Band 3 (1800MHz),-86.5,-7.3,21.2,54.4,23.4,80.5
2026-01-19 12:00:00,KYIV-007-1,KYIV-007,Band 1 (2100MHz),-89.6,-10.2,22.8,53.9,24.4,66.2
2026-01-19 12:00:00,KYIV-007-2,KYIV-007,Band 1 (2100MHz),-86.5,-8.8,18.9,40.0,7.2,54.3
2026-01-19 12:00:00,KYIV-007-3,KYIV-007,Band 1 (2100MHz),-79.2,-9.8,5.5,49.4,14.5,80.1
2026-01-19 12:00:00,KYIV-008-1,KYIV-008,Band 3 (1800MHz),-86.9,-10.1,21.4,41.2,17.5,78.6
2026-01-19 12:00:00,KYIV-008-2,KYIV-008,Band 3 (1800MHz),-80.5,-6.3,5.7,43.3,25.2,39.5
2026-01-19 12:00:00,KYIV-008-3,KYIV-008,Band 3 (1800MHz),-87.7,-11.7,10.3,42.5,32.7,85.5
2026-01-19 12:00:00,KYIV-009-1,KYIV-009,Band 1 (2100MHz),-90.2,-10.0,11.9,53.6,29.8,73.2
2026-01-19 12:00:00,KYIV-009-2,KYIV-009,Band 1 (2100MHz),-94.9,-9.6,7.8,60.3,25.8,43.0
2026-01-19 12:00:00,KYIV-009-3,KYIV-009,Band 1 (2100MHz),-84.9,-9.2,16.1,61.5,39.5,56.2
2026-01-19 12:00:00,KYIV-010-1,KYIV-010,Band 3 (1800MHz),-87.3,-9.2,13.5,32.2,8.6,38.9
2026-01-19 12:00:00,KYIV-010-2,KYIV-010,Band 3 (1800MHz),-93.6,-12.1,11.5,59.5,42.7,56.4
2026-01-19 12:00:00,KYIV-010-3,KYIV-010,Band 3 (1800MHz),-82.6,-10.3,16.1,72.7,23.2,80.3
2026-01-19 12:00:00,KYIV-011-1,KYIV-011,Band 1 (2100MHz),-87.0,-13.3,-0.1,43.1,28.0,77.9
2026-01-19 12:00:00,KYIV-011-2,KYIV-011,Band 1 (2100MHz),-83.6,-10.1,13.7,40.0,35.4,76.9
2026-01-19 12:00:00,KYIV-011-3,KYIV-011,Band 1 (2100MHz),-83.6,-6.3,18.1,43.0,26.2,121.1
2026-01-19 12:00:00,KYIV-012-1,KYIV-012,Band 3 (1800MHz),-86.0,-12.9,10.3,26.4,26.9,70.0
2026-01-19 12:00:00,KYIV-012-2,KYIV-012,Band 3 (1800MHz),-85.9,-9.6,14.5,56.3,41.6,52.8
2026-01-19 12:00:00,KYIV-012-3,KYIV-012,Band 3 (1800MHz),-87.8,-9.4,12.9,64.9,37.0,77.0
2026-01-19 12:00:00,KYIV-013-1,KYIV-013,Band 1 (2100MHz),-90.6,-11.0,6.0,46.0,20.7,62.6
2026-01-19 12:00:00,KYIV-013-2,KYIV-013,Band 1 (2100MHz),-87.5,-9.1,7.9,59.5,23.6,71.1
2026-01-19 12:00:00,KYIV-013-3,KYIV-013,Band 1 (2100MHz),-89.0,-11.9,9.8,59.6,24.9,85.5
2026-01-19 12:00:00,KYIV-014-1,KYIV-014,Band 3 (1800MHz),-76.3,-11.6,11.7,54.7,25.2,53.8
2026-01-19 12:00:00,KYIV-014-2,KYIV-014,Band 3 (1800MHz),-92.5,-13.9,11.0,43.1,16.4,115.5
2026-01-19 12:00:00,KYIV-014-3,KYIV-014,Band 3 (1800MHz),-90.5,-9.6,17.8,49.3,33.1,64.2
2026-01-19 12:00:00,KYIV-015-1,KYIV-015,Band 1 (2100MHz),-93.3,-10.4,14.5,53.7,22.2,119.2
2026-01-19 12:00:00,KYIV-015-2,KYIV-015,Band 1 (2100MHz),-88.2,-8.8,12.6,48.4,29.3,54.3
2026-01-19 12:00:00,KYIV-015-3,KYIV-015,Band 1 (2100MHz),-93.7,-9.1,14.1,49.3,39.6,90.5
2026-01-19 12:00:00,KYIV-016-1,KYIV-016,Band 3 (1800MHz),-85.3,-6.5,15.9,74.5,14.4,91.8
2026-01-19 12:00:00,KYIV-016-2,KYIV-016,Band 3 (1800MHz),-88.9,-8.3,7.7,51.1,26.1,108.5
2026-01-19 12:00:00,KYIV-016-3,KYIV-016,Band 3 (1800MHz),-87.2,-8.7,13.8,58.7,30.4,85.8
2026-01-19 13:00:00,KYIV-001-1,KYIV-001,Band 1 (2100MHz),-79.4,-11.0,14.8,40.4,22.4,79.8
2026-01-19 13:00:00,KYIV-001-2,KYIV-001,Band 1 (2100MHz),-81.9,-12.8,15.8,59.3,29.8,110.8
2026-01-19 13:00:00,KYIV-001-3,KYIV-001,Band 1 (2100MHz),-90.8,-10.5,16.7,50.5,26.3,65.2
2026-01-19 13:00:00,KYIV-002-1,KYIV-002,Band 3 (1800MHz),-99.6,-14.4,11.0,36.6,23.5,104.7
2026-01-19 13:00:00,KYIV-002-2,KYIV-002,Band 3 (1800MHz),-95.3,-15.3,5.0,42.2,31.0,63.3
2026-01-19 13:00:00,KYIV-002-3,KYIV-002,Band 3 (1800MHz),-89.6,-11.5,5.7,47.0,29.4,71.2
2026-01-19 13:00:00,KYIV-003-1,KYIV-003,Band 1 (2100MHz),-88.3,-7.5,10.8,44.6,33.4,103.1
2026-01-19 13:00:00,KYIV-003-2,KYIV-003,Band 1 (2100MHz),-86.6,-8.8,12.4,53.7,37.3,91.5
2026-01-19 13:00:00,KYIV-003-3,KYIV-003,Band 1 (2100MHz),-83.6,-10.4,17.8,63.5,16.7,71.0
2026-01-19 13:00:00,KYIV-004-1,KYIV-004,Band 3 (1800MHz),-85.1,-11.6,19.1,42.1,27.4,103.4
2026-01-19 13:00:00,KYIV-004-2,KYIV-004,Band 3 (1800MHz),-88.6,-9.7,12.4,50.5,32.4,86.1
2026-01-19 13:00:00,KYIV-004-3,KYIV-004,Band 3 (1800MHz),-87.2,-8.5,15.8,43.1,30.8,77.2
2026-01-19 13:00:00,KYIV-005-1,KYIV-005,Band 1 (2100MHz),-91.1,-10.4,8.2,41.6,8.1,96.6
2026-01-19 13:00:00,KYIV-005-2,KYIV-005,Band 1 (2100MHz),-87.0,-13.4,15.9,47.6,49.6,84.3
2026-01-19 13:00:00,KYIV-005-3,KYIV-005,Band 1 (2100MHz),-97.0,-14.6,11.1,35.5,21.8,71.3
2026-01-19 13:00:00,KYIV-006-1,KYIV-006,Band 3 (1800MHz),-82.1,-4.1,-0.5,46.0,43.3,71.8
2026-01-19 13:00:00,KYIV-006-2,KYIV-006,Band 3 (1800MHz),-84.0,-9.0,6.0,37.4,42.3,66.1
2026-01-19 13:00:00,KYIV-006-3,KYIV-006,Band 3 (1800MHz),-85.4,-14.8,11.4,60.6,30.8,85.3
2026-01-19 13:00:00,KYIV-007-1,KYIV-007,Band 1 (2100MHz),-86.8,-10.3,13.3,44.1,32.5,108.5
2026-01-19 13:00:00,KYIV-007-2,KYIV-007,Band 1 (2100MHz),-87.4,-8.8,14.9,45.1,12.8,122.3
2026-01-19 13:00:00,KYIV-007-3,KYIV-007,Band 1 (2100MHz),-81.0,-10.5,9.8,54.8,16.7,72.5
2026-01-19 13:00:00,KYIV-008-1,KYIV-008,Band 3 (1800MHz),-93.2,-13.0,11.6,42.7,21.8,75.1
2026-01-19 13:00:00,KYIV-008-2,KYIV-008,Band 3 (1800MHz),-75.5,-11.4,6.2,41.1,26.3,79.7
2026-01-19 13:00:00,KYIV-008-3,KYIV-008,Band 3 (1800MHz),-86.3,-9.6,14.7,74.6,11.7,93.9
2026-01-19 13:00:00,KYIV-009-1,KYIV-009,Band 1 (2100MHz),-83.0,-9.6,17.5,47.5,32.8,71.8
2026-01-19 13:00:00,KYIV-009-2,KYIV-009,Band 1 (2100MHz),-94.0,-12.0,18.1,37.1,32.2,55.4
2026-01-19 13:00:00,KYIV-009-3,KYIV-009,Band 1 (2100MHz),-86.7,-10.7,21.0,51.6,42.8,69.8
2026-01-19 13:00:00,KYIV-010-1,KYIV-010,Band 3 (1800MHz),-91.6,-9.2,17.8,46.0,48.1,73.5
2026-01-19 13:00:00,KYIV-010-2,KYIV-010,Band 3 (1800MHz),-88.8,-10.2,11.2,51.6,31.8,53.4
2026-01-19 13:00:00,KYIV-010-3,KYIV-010,Band 3 (1800MHz),-86.0,-10.8,14.6,48.2,23.3,107.2
2026-01-19 13:00:00,KYIV-011-1,KYIV-011,Band 1 (2100MHz),-80.1,-8.2,11.4,19.7,47.3,59.4
2026-01-19 13:00:00,KYIV-011-2,KYIV-011,Band 1 (2100MHz),-88.8,-9.5,16.9,56.3,35.1,118.7
2026-01-19 13:00:00,KYIV-011-3,KYIV-011,Band 1 (2100MHz),-93.4,-13.1,19.2,20.3,30.2,63.5
2026-01-19 13:00:00,KYIV-012-1,KYIV-012,Band 3 (1800MHz),-93.5,-8.1,12.9,45.0,9.8,68.8
2026-01-19 13:00:00,KYIV-012-2,KYIV-012,Band 3 (1800MHz),-88.0,-10.7,10.2,38.2,43.4,78.9
2026-01-19 13:00:00,KYIV-012-3,KYIV-012,Band 3 (1800MHz),-78.3,-8.5,6.5,54.5,41.1,98.5
2026-01-19 13:00:00,KYIV-013-1,KYIV-013,Band 1 (2100MHz),-85.7,-11.0,11.9,40.0,26.4,80.6
2026-01-19 13:00:00,KYIV-013-2,KYIV-013,Band 1 (2100MHz),-85.6,-8.5,17.1,27.5,29.3,84.4
2026-01-19 13:00:00,KYIV-013-3,KYIV-013,Band 1 (2100MHz),-90.9,-10.1,9.9,60.8,24.0,53.4
2026-01-19 13:00:00,KYIV-014-1,KYIV-014,Band 3 (1800MHz),-88.3,-9.9,9.1,34.7,40.1,54.6
2026-01-19 13:00:00,KYIV-014-2,KYIV-014,Band 3 (1800MHz),-105.2,-13.1,3.9,45.5,39.3,59.9
2026-01-19 13:00:00,KYIV-014-3,KYIV-014,Band 3 (1800MHz),-88.0,-11.6,2.1,31.9,16.3,105.6
2026-01-19 13:00:00,KYIV-015-1,KYIV-015,Band 1 (2100MHz),-85.3,-5.2,14.0,56.4,43.4,82.3
2026-01-19 13:00:00,KYIV-015-2,KYIV-015,Band 1 (2100MHz),-88.2,-8.8,16.6,54.5,25.6,64.4
2026-01-19 13:00:00,KYIV-015-3,KYIV-015,Band 1 (2100MHz),-83.4,-11.2,21.8,65.7,34.4,97.7
2026-01-19 13:00:00,KYIV-016-1,KYIV-016,Band 3 (1800MHz),-90.4,-12.9,13.2,70.9,20.8,76.0
2026-01-19 13:00:00,KYIV-016-2,KYIV-016,Band 3 (1800MHz),-85.1,-6.3,19.8,28.7,21.8,111.7
2026-01-19 13:00:00,KYIV-016-3,KYIV-016,Band 3 (1800MHz),-80.9,-11.4,10.1,28.8,27.2,73.2
2026-01-19 14:00:00,KYIV-001-1,KYIV-001,Band 1 (2100MHz),-86.0,-12.7,8.5,41.4,21.9,65.6
2026-01-19 14:00:00,KYIV-001-2,KYIV-001,Band 1 (2100MHz),-84.7,-9.4,13.1,45.7,27.7,82.5
2026-01-19 14:00:00,KYIV-001-3,KYIV-001,Band 1 (2100MHz),-88.3,-13.6,10.8,41.8,22.6,68.3
2026-01-19 14:00:00,KYIV-002-1,KYIV-002,Band 3 (1800MHz),-95.3,-15.4,22.8,34.1,27.1,48.5
2026-01-19 14:00:00,KYIV-002-2,KYIV-002,Band 3 (1800MHz),-102.6,-15.4,6.1,25.4,25.1,58.7
2026-01-19 14:00:00,KYIV-002-3,KYIV-002,Band 3 (1800MHz),-91.4,-14.1,12.6,68.6,26.6,76.9
2026-01-19 14:00:00,KYIV-003-1,KYIV-003,Band 1 (2100MHz),-80.8,-10.1,14.5,57.2,25.5,73.3
2026-01-19 14:00:00,KYIV-003-2,KYIV-003,Band 1 (2100MHz),-91.1,-7.6,12.3,40.8,44.7,113.7
2026-01-19 14:00:00,KYIV-003-3,KYIV-003,Band 1 (2100MHz),-88.8,-10.2,9.2,47.9,42.6,70.0
2026-01-19 14:00:00,KYIV-004-1,KYIV-004,Band 3 (1800MHz),-86.7,-12.0,10.9,45.8,35.2,77.9
2026-01-19 14:00:00,KYIV-004-2,KYIV-004,Band 3 (1800MHz),-94.9,-11.6,9.7,42.5,33.7,66.8
2026-01-19 14:00:00,KYIV-004-3,KYIV-004,Band 3 (1800MHz),-87.5,-10.3,7.7,48.8,28.5,83.3
2026-01-19 14:00:00,KYIV-005-1,KYIV-005,Band 1 (2100MHz),-93.4,-8.0,3.2,30.3,30.1,79.1
2026-01-19 14:00:00,KYIV-005-2,KYIV-005,Band 1 (2100MHz),-82.4,-8.3,11.2,30.7,38.7,65.0
2026-01-19 14:00:00,KYIV-005-3,KYIV-005,Band 1 (2100MHz),-105.3,-13.4,12.0,47.2,31.9,91.7
2026-01-19 14:00:00,KYIV-006-1,KYIV-006,Band 3 (1800MHz),-79.1,-13.1,12.2,39.2,29.2,47.3
2026-01-19 14:00:00,KYIV-006-2,KYIV-006,Band 3 (1800MHz),-82.7,-6.9,11.9,46.0,20.7,72.8
2026-01-19 14:00:00,KYIV-006-3,KYIV-006,Band 3 (1800MHz),-91.9,-7.5,15.4,42.4,18.5,66.1
2026-01-19 14:00:00,KYIV-007-1,KYIV-007,Band 1 (2100MHz),-94.8,-8.6,11.3,45.1,34.0,81.4
2026-01-19 14:00:00,KYIV-007-2,KYIV-007,Band 1 (2100MHz),-82.4,-7.7,4.3,56.9,14.3,68.6
2026-01-19 14:00:00,KYIV-007-3,KYIV-007,Band 1 (2100MHz),-89.2,-13.5,6.7,32.1,34.4,114.9
2026-01-19 14:00:00,KYIV-008-1,KYIV-008,Band 3 (1800MHz),-87.9,-8.5,7.2,21.5,29.4,103.1
2026-01-19 14:00:00,KYIV-008-2,KYIV-008,Band 3 (1800MHz),-81.3,-11.0,14.9,44.5,28.0,55.8
2026-01-19 14:00:00,KYIV-008-3,KYIV-008,Band 3 (1800MHz),-86.4,-12.7,21.3,35.5,36.8,68.2
2026-01-19 14:00:00,KYIV-009-1,KYIV-009,Band 1 (2100MHz),-92.9,-13.1,6.8,28.4,48.1,79.7
2026-01-19 14:00:00,KYIV-009-2,KYIV-009,Band 1 (2100MHz),-82.7,-6.7,8.6,42.1,32.5,76.8
2026-01-19 14:00:00,KYIV-009-3,KYIV-009,Band 1 (2100MHz),-86.6,-9.5,13.0,52.4,40.9,88.1
2026-01-19 14:00:00,KYIV-010-1,KYIV-010,Band 3 (1800MHz),-82.6,-11.2,6.0,48.6,40.3,73.3
2026-01-19 14:00:00,KYIV-010-2,KYIV-010,Band 3 (1800MHz),-91.9,-8.3,10.9,40.9,19.6,84.1
2026-01-19 14:00:00,KYIV-010-3,KYIV-010,Band 3 (1800MHz),-90.7,-7.9,16.3,54.5,34.9,108.8
2026-01-19 14:00:00,KYIV-011-1,KYIV-011,Band 1 (2100MHz),-86.8,-8.7,12.6,34.2,27.1,64.8
2026-01-19 14:00:00,KYIV-011-2,KYIV-011,Band 1 (2100MHz),-93.7,-11.4,19.5,47.8,21.1,81.4
2026-01-19 14:00:00,KYIV-011-3,KYIV-011,Band 1 (2100MHz),-79.7,-10.4,14.6,53.3,20.8,93.5
2026-01-19 14:00:00,KYIV-012-1,KYIV-012,Band 3 (1800MHz),-83.6,-9.6,12.6,38.5,28.8,111.4
2026-01-19 14:00:00,KYIV-012-2,KYIV-012,Band 3 (1800MHz),-82.3,-8.8,12.9,45.8,4.8,73.2
2026-01-19 14:00:00,KYIV-012-3,KYIV-012,Band 3 (1800MHz),-91.3,-9.2,13.7,45.7,31.9,77.2
2026-01-19 14:00:00,KYIV-013-1,KYIV-013,Band 1 (2100MHz),-84.6,-6.3,14.8,36.4,27.9,74.3
2026-01-19 14:00:00,KYIV-013-2,KYIV-013,Band 1 (2100MHz),-88.6,-8.5,12.8,59.5,21.5,88.3
2026-01-19 14:00:00,KYIV-013-3,KYIV-013,Band 1 (2100MHz),-84.7,-11.6,1.6,56.7,19.1,96.8
2026-01-19 14:00:00,KYIV-014-1,KYIV-014,Band 3 (1800MHz),-87.4,-8.9,6.5,39.6,16.8,51.7
2026-01-19 14:00:00,KYIV-014-2,KYIV-014,Band 3 (1800MHz),-98.7,-14.3,9.9,51.0,32.0,75.1
2026-01-19 14:00:00,KYIV-014-3,KYIV-014,Band 3 (1800MHz),-81.8,-10.6,10.6,71.0,41.5,76.8
2026-01-19 14:00:00,KYIV-015-1,KYIV-015,Band 1 (2100MHz),-91.6,-11.0,14.6,35.9,17.6,52.9
2026-01-19 14:00:00,KYIV-015-2,KYIV-015,Band 1 (2100MHz),-93.2,-8.9,24.6,39.5,34.8,83.2
2026-01-19 14:00:00,KYIV-015-3,KYIV-015,Band 1 (2100MHz),-86.9,-7.7,9.0,48.0,16.9,68.6
2026-01-19 14:00:00,KYIV-016-1,KYIV-016,Band 3 (1800MHz),-87.4,-8.0,8.7,21.7,40.1,78.9
2026-01-19 14:00:00,KYIV-016-2,KYIV-016,Band 3 (1800MHz),-89.2,-10.6,6.6,42.7,15.1,31.6
2026-01-19 14:00:00,KYIV-016-3,KYIV-016,Band 3 (1800MHz),-87.4,-11.9,8.2,32.3,27.2,87.0
2026-01-19 15:00:00,KYIV-001-1,KYIV-001,Band 1 (2100MHz),-89.2,-5.9,17.9,0.0,25.7,10.7
2026-01-19 15:00:00,KYIV-001-2,KYIV-001,Band 1 (2100MHz),-85.5,-9.5,7.9,33.0,0.9,24.0
2026-01-19 15:00:00,KYIV-001-3,KYIV-001,Band 1 (2100MHz),-87.7,-5.4,12.8,12.4,0.0,14.0
2026-01-19 15:00:00,KYIV-002-1,KYIV-002,Band 3 (1800MHz),-95.7,-10.4,6.7,0.0,20.5,32.3
2026-01-19 15:00:00,KYIV-002-2,KYIV-002,Band 3 (1800MHz),-98.6,-11.3,-7.4,17.0,3.2,49.7
2026-01-19 15:00:00,KYIV-002-3,KYIV-002,Band 3 (1800MHz),-86.0,-3.3,8.2,5.5,6.2,0.0
2026-01-19 15:00:00,KYIV-003-1,KYIV-003,Band 1 (2100MHz),-86.2,-5.6,14.0,0.0,6.2,6.8
2026-01-19 15:00:00,KYIV-003-2,KYIV-003,Band 1 (2100MHz),-87.0,-9.8,11.2,7.7,0.3,0.0
2026-01-19 15:00:00,KYIV-003-3,KYIV-003,Band 1 (2100MHz),-80.6,-7.6,4.4,10.8,19.1,38.1
2026-01-19 15:00:00,KYIV-004-1,KYIV-004,Band 3 (1800MHz),-85.4,-9.3,8.3,39.4,3.9,53.4
2026-01-19 15:00:00,KYIV-004-2,KYIV-004,Band 3 (1800MHz),-85.0,-7.0,22.5,23.5,17.4,13.8
2026-01-19 15:00:00,KYIV-004-3,KYIV-004,Band 3 (1800MHz),-87.0,-9.2,19.3,0.0,7.2,20.1
2026-01-19 15:00:00,KYIV-005-1,KYIV-005,Band 1 (2100MHz),-81.7,-9.4,14.6,22.6,26.3,49.5
2026-01-19 15:00:00,KYIV-005-2,KYIV-005,Band 1 (2100MHz),-88.0,-10.4,17.6,22.7,14.4,31.2
2026-01-19 15:00:00,KYIV-005-3,KYIV-005,Band 1 (2100MHz),-102.8,-9.9,1.2,2.1,0.0,45.7
2026-01-19 15:00:00,KYIV-006-1,KYIV-006,Band 3 (1800MHz),-91.9,-6.1,15.8,10.9,6.8,6.2
2026-01-19 15:00:00,KYIV-006-2,KYIV-006,Band 3 (1800MHz),-83.3,-9.8,11.1,9.3,12.6,53.8
2026-01-19 15:00:00,KYIV-006-3,KYIV-006,Band 3 (1800MHz),-83.9,-4.2,13.4,18.0,16.7,14.8
2026-01-19 15:00:00,KYIV-007-1,KYIV-007,Band 1 (2100MHz),-80.6,-11.8,14.3,11.9,14.1,3.5
2026-01-19 15:00:00,KYIV-007-2,KYIV-007,Band 1 (2100MHz),-89.9,-9.8,15.5,10.4,5.5,27.8
2026-01-19 15:00:00,KYIV-007-3,KYIV-007,Band 1 (2100MHz),-84.0,-6.4,14.6,0.6,13.3,11.5
2026-01-19 15:00:00,KYIV-008-1,KYIV-008,Band 3 (1800MHz),-86.7,-9.8,17.9,16.4,4.9,19.5
2026-01-19 15:00:00,KYIV-008-2,KYIV-008,Band 3 (1800MHz),-95.7,-7.4,21.9,4.9,10.3,8.0
2026-01-19 15:00:00,KYIV-008-3,KYIV-008,Band 3 (1800MHz),-83.7,-2.9,11.4,16.3,6.7,15.9
2026-01-19 15:00:00,KYIV-009-1,KYIV-009,Band 1 (2100MHz),-85.4,-11.8,17.9,0.0,6.7,37.2
2026-01-19 15:00:00,KYIV-009-2,KYIV-009,Band 1 (2100MHz),-89.6,-6.7,15.6,45.1,0.0,6.8
2026-01-19 15:00:00,KYIV-009-3,KYIV-009,Band 1 (2100MHz),-84.1,-6.9,-0.2,20.0,17.2,0.0
2026-01-19 15:00:00,KYIV-010-1,KYIV-010,Band 3 (1800MHz),-90.3,-7.9,16.4,15.9,29.2,17.4
2026-01-19 15:00:00,KYIV-010-2,KYIV-010,Band 3 (1800MHz),-90.2,-8.8,18.0,0.0,4.8,28.0
2026-01-19 15:00:00,KYIV-010-3,KYIV-010,Band 3 (1800MHz),-82.5,-6.2,5.4,10.5,12.8,71.0
2026-01-19 15:00:00,KYIV-011-1,KYIV-011,Band 1 (2100MHz),-91.2,-5.8,14.5,0.0,0.8,17.9
2026-01-19 15:00:00,KYIV-011-2,KYIV-011,Band 1 (2100MHz),-84.9,-8.3,18.8,18.3,15.1,8.0
2026-01-19 15:00:00,KYIV-011-3,KYIV-011,Band 1 (2100MHz),-81.6,-10.5,15.1,0.0,11.9,0.0
2026-01-19 15:00:00,KYIV-012-1,KYIV-012,Band 3 (1800MHz),-90.2,-10.4,7.0,0.0,12.0,0.7
2026-01-19 15:00:00,KYIV-012-2,KYIV-012,Band 3 (1800MHz),-89.6,-9.4,14.2,21.9,16.8,50.3
2026-01-19 15:00:00,KYIV-012-3,KYIV-012,Band 3 (1800MHz),-81.4,-8.1,-3.3,7.3,19.4,0.0
2026-01-19 15:00:00,KYIV-013-1,KYIV-013,Band 1 (2100MHz),-85.4,-7.2,12.5,0.0,12.2,18.5
2026-01-19 15:00:00,KYIV-013-2,KYIV-013,Band 1 (2100MHz),-78.6,-9.5,11.2,13.3,0.0,53.2
2026-01-19 15:00:00,KYIV-013-3,KYIV-013,Band 1 (2100MHz),-94.2,-8.1,17.4,0.0,25.4,31.8
2026-01-19 15:00:00,KYIV-014-1,KYIV-014,Band 3 (1800MHz),-84.4,-9.4,16.2,4.0,0.0,23.2
2026-01-19 15:00:00,KYIV-014-2,KYIV-014,Band 3 (1800MHz),-94.3,-13.1,-0.4,7.5,4.2,37.4
2026-01-19 15:00:00,KYIV-014-3,KYIV-014,Band 3 (1800MHz),-93.3,-9.1,14.4,18.0,18.7,25.7
2026-01-19 15:00:00,KYIV-015-1,KYIV-015,Band 1 (2100MHz),-83.6,-7.1,19.2,13.8,2.0,47.5
2026-01-19 15:00:00,KYIV-015-2,KYIV-015,Band 1 (2100MHz),-80.7,-8.5,12.5,4.0,2.8,53.4
2026-01-19 15:00:00,KYIV-015-3,KYIV-015,Band 1 (2100MHz),-87.3,-5.8,13.6,24.2,31.0,29.8
2026-01-19 15:00:00,KYIV-016-1,KYIV-016,Band 3 (1800MHz),-89.5,-6.8,15.8,13.5,15.5,0.0
2026-01-19 15:00:00,KYIV-016-2,KYIV-016,Band 3 (1800MHz),-90.0,-8.7,6.1,0.0,0.0,48.6
2026-01-19 15:00:00,KYIV-016-3,KYIV-016,Band 3 (1800MHz),-92.1,-9.4,14.6,14.8,0.0,12.3
2026-01-19 16:00:00,KYIV-001-1,KYIV-001,Band 1 (2100MHz),-79.7,-11.0,19.2,50.9,39.7,116.8
2026-01-19 16:00:00,KYIV-001-2,KYIV-001,Band 1 (2100MHz),-78.8,-8.9,11.6,56.1,51.5,106.8
2026-01-19 16:00:00,KYIV-001-3,KYIV-001,Band 1 (2100MHz),-84.5,-9.6,13.5,68.3,34.6,102.6
2026-01-19 16:00:00,KYIV-002-1,KYIV-002,Band 3 (1800MHz),-95.9,-18.0,0.6,73.9,29.7,72.2
2026-01-19 16:00:00,KYIV-002-2,KYIV-002,Band 3 (1800MHz),-101.1,-13.3,7.4,48.0,25.9,119.1
2026-01-19 16:00:00,KYIV-002-3,KYIV-002,Band 3 (1800MHz),-90.1,-10.7,18.3,72.1,24.5,78.7
2026-01-19 16:00:00,KYIV-003-1,KYIV-003,Band 1 (2100MHz),-84.1,-10.3,14.6,42.1,36.9,88.7
2026-01-19 16:00:00,KYIV-003-2,KYIV-003,Band 1 (2100MHz),-82.4,-9.5,16.5,64.1,22.8,154.2
2026-01-19 16:00:00,KYIV-003-3,KYIV-003,Band 1 (2100MHz),-90.4,-8.8,14.4,67.6,33.9,109.0
2026-01-19 16:00:00,KYIV-004-1,KYIV-004,Band 3 (1800MHz),-85.9,-10.6,12.0,63.7,19.4,116.9
2026-01-19 16:00:00,KYIV-004-2,KYIV-004,Band 3 (1800MHz),-91.7,-12.8,9.1,59.2,51.3,108.1
2026-01-19 16:00:00,KYIV-004-3,KYIV-004,Band 3 (1800MHz),-93.6,-11.6,10.6,51.1,43.2,93.6
2026-01-19 16:00:00,KYIV-005-1,KYIV-005,Band 1 (2100MHz),-85.7,-9.0,20.2,61.5,38.3,96.8
2026-01-19 16:00:00,KYIV-005-2,KYIV-005,Band 1 (2100MHz),-81.9,-11.8,13.2,58.6,50.9,105.8
2026-01-19 16:00:00,KYIV-005-3,KYIV-005,Band 1 (2100MHz),-101.1,-16.8,0.6,50.0,27.9,111.1
2026-01-19 16:00:00,KYIV-006-1,KYIV-006,Band 3 (1800MHz),-86.5,-10.3,12.9,66.7,35.9,135.5
2026-01-19 16:00:00,KYIV-006-2,KYIV-006,Band 3 (1800MHz),-83.0,-10.7,8.6,48.2,29.6,108.2
2026-01-19 16:00:00,KYIV-006-3,KYIV-006,Band 3 (1800MHz),-87.4,-12.0,5.3,51.6,31.0,116.7
2026-01-19 16:00:00,KYIV-007-1,KYIV-007,Band 1 (2100MHz),-86.1,-11.5,0.5,65.2,34.8,77.1
2026-01-19 16:00:00,KYIV-007-2,KYIV-007,Band 1 (2100MHz),-82.1,-10.6,18.2,64.5,35.9,116.5
2026-01-19 16:00:00,KYIV-007-3,KYIV-007,Band 1 (2100MHz),-84.6,-12.5,9.7,66.1,28.1,111.5
2026-01-19 16:00:00,KYIV-008-1,KYIV-008,Band 3 (1800MHz),-91.3,-13.7,12.2,59.2,33.9,112.5
2026-01-19 16:00:00,KYIV-008-2,KYIV-008,Band 3 (1800MHz),-85.3,-11.0,13.5,68.5,35.8,133.1
2026-01-19 16:00:00,KYIV-008-3,KYIV-008,Band 3 (1800MHz),-91.6,-10.8,11.8,54.4,37.2,112.5
2026-01-19 16:00:00,KYIV-009-1,KYIV-009,Band 1 (2100MHz),-85.9,-14.5,19.1,65.1,34.4,60.6
2026-01-19 16:00:00,KYIV-009-2,KYIV-009,Band 1 (2100MHz),-83.7,-15.0,12.6,55.7,53.3,140.6
2026-01-19 16:00:00,KYIV-009-3,KYIV-009,Band 1 (2100MHz),-84.4,-12.7,13.3,49.8,19.0,141.8
2026-01-19 16:00:00,KYIV-010-1,KYIV-010,Band 3 (1800MHz),-83.9,-11.2,6.4,41.5,44.5,95.2
2026-01-19 16:00:00,KYIV-010-2,KYIV-010,Band 3 (1800MHz),-88.8,-8.3,12.5,46.4,43.8,122.1
2026-01-19 16:00:00,KYIV-010-3,KYIV-010,Band 3 (1800MHz),-88.9,-10.5,12.2,69.7,47.5,133.4
2026-01-19 16:00:00,KYIV-011-1,KYIV-011,Band 1 (2100MHz),-81.3,-12.2,15.1,67.5,35.3,90.7
2026-01-19 16:00:00,KYIV-011-2,KYIV-011,Band 1 (2100MHz),-90.2,-10.9,19.6,65.1,27.7,118.3
2026-01-19 16:00:00,KYIV-011-3,KYIV-011,Band 1 (2100MHz),-89.3,-10.5,15.1,73.0,50.6,115.3
2026-01-19 16:00:00,KYIV-012-1,KYIV-012,Band 3 (1800MHz),-82.5,-9.6,13.0,68.1,29.6,139.8
2026-01-19 16:00:00,KYIV-012-2,KYIV-012,Band 3 (1800MHz),-89.5,-10.2,17.4,87.0,34.3,124.0
2026-01-19 16:00:00,KYIV-012-3,KYIV-012,Band 3 (1800MHz),-95.2,-7.3,24.3,77.6,31.8,125.5
2026-01-19 16:00:00,KYIV-013-1,KYIV-013,Band 1 (2100MHz),-84.0,-8.6,12.5,75.6,45.5,84.8
2026-01-19 16:00:00,KYIV-013-2,KYIV-013,Band 1 (2100MHz),-83.6,-13.4,12.2,62.0,26.9,99.1
2026-01-19 16:00:00,KYIV-013-3,KYIV-013,Band 1 (2100MHz),-86.2,-11.8,8.9,64.9,34.2,87.9
2026-01-19 16:00:00,KYIV-014-1,KYIV-014,Band 3 (1800MHz),-88.4,-8.9,13.2,47.4,31.4,113.5
2026-01-19 16:00:00,KYIV-014-2,KYIV-014,Band 3 (1800MHz),-99.7,-16.4,9.6,71.6,32.3,67.8
2026-01-19 16:00:00,KYIV-014-3,KYIV-014,Band 3 (1800MHz),-86.2,-8.2,12.4,58.8,24.7,124.0
2026-01-19 16:00:00,KYIV-015-1,KYIV-015,Band 1 (2100MHz),-84.1,-10.3,15.9,64.3,54.7,121.4
2026-01-19 16:00:00,KYIV-015-2,KYIV-015,Band 1 (2100MHz),-83.1,-12.9,-0.2,79.3,49.8,139.7
2026-01-19 16:00:00,KYIV-015-3,KYIV-015,Band 1 (2100MHz),-78.5,-9.4,20.8,53.0,21.9,121.7
2026-01-19 16:00:00,KYIV-016-1,KYIV-016,Band 3 (1800MHz),-88.4,-11.3,17.5,52.9,45.0,158.6
2026-01-19 16:00:00,KYIV-016-2,KYIV-016,Band 3 (1800MHz),-92.4,-10.2,18.9,49.6,15.3,93.5
2026-01-19 16:00:00,KYIV-016-3,KYIV-016,Band 3 (1800MHz),-81.5,-8.4,7.6,60.6,34.8,93.8
2026-01-19 17:00:00,KYIV-001-1,KYIV-001,Band 1 (2100MHz),-80.1,-12.6,17.4,85.5,38.5,100.9
2026-01-19 17:00:00,KYIV-001-2,KYIV-001,Band 1 (2100MHz),-82.1,-12.6,10.2,69.8,43.5,121.6
2026-01-19 17:00:00,KYIV-001-3,KYIV-001,Band 1 (2100MHz),-89.0,-10.8,17.7,81.0,44.3,103.1
2026-01-19 17:00:00,KYIV-002-1,KYIV-002,Band 3 (1800MHz),-95.2,-12.8,4.9,51.0,33.3,129.9
2026-01-19 17:00:00,KYIV-002-2,KYIV-002,Band 3 (1800MHz),-100.0,-14.8,-9.3,62.1,49.4,132.4
2026-01-19 17:00:00,KYIV-002-3,KYIV-002,Band 3 (1800MHz),-82.5,-11.4,23.7,80.2,51.7,82.4
2026-01-19 17:00:00,KYIV-003-1,KYIV-003,Band 1 (2100MHz),-88.3,-10.1,10.4,100.0,29.0,75.5
2026-01-19 17:00:00,KYIV-003-2,KYIV-003,Band 1 (2100MHz),-85.2,-11.7,15.1,82.1,55.3,109.0
2026-01-19 17:00:00,KYIV-003-3,KYIV-003,Band 1 (2100MHz),-83.3,-11.2,11.8,54.3,54.9,109.6
2026-01-19 17:00:00,KYIV-004-1,KYIV-004,Band 3 (1800MHz),-82.7,-10.2,18.0,61.7,47.5,114.3
2026-01-19 17:00:00,KYIV-004-2,KYIV-004,Band 3 (1800MHz),-92.0,-9.5,9.1,75.5,33.1,110.5
2026-01-19 17:00:00,KYIV-004-3,KYIV-004,Band 3 (1800MHz),-87.2,-15.2,13.0,74.0,54.3,115.1
2026-01-19 17:00:00,KYIV-005-1,KYIV-005,Band 1 (2100MHz),-82.4,-12.7,14.0,84.3,39.5,154.8
2026-01-19 17:00:00,KYIV-005-2,KYIV-005,Band 1 (2100MHz),-82.2,-10.2,16.1,85.1,49.6,129.8
2026-01-19 17:00:00,KYIV-005-3,KYIV-005,Band 1 (2100MHz),-99.9,-14.2,6.7,53.6,43.1,107.1
2026-01-19 17:00:00,KYIV-006-1,KYIV-006,Band 3 (1800MHz),-82.6,-13.8,24.5,68.6,41.1,109.7
2026-01-19 17:00:00,KYIV-006-2,KYIV-006,Band 3 (1800MHz),-84.6,-10.5,11.8,74.3,47.4,111.5
2026-01-19 17:00:00,KYIV-006-3,KYIV-006,Band 3 (1800MHz),-88.2,-8.8,20.9,64.5,58.8,95.6
2026-01-19 17:00:00,KYIV-007-1,KYIV-007,Band 1 (2100MHz),-88.1,-10.4,12.8,74.2,46.8,115.2
2026-01-19 17:00:00,KYIV-007-2,KYIV-007,Band 1 (2100MHz),-87.9,-11.7,13.6,74.1,39.5,138.2
2026-01-19 17:00:00,KYIV-007-3,KYIV-007,Band 1 (2100MHz),-83.1,-10.5,15.0,85.5,42.2,137.5
2026-01-19 17:00:00,KYIV-008-1,KYIV-008,Band 3 (1800MHz),-79.9,-15.4,2.8,73.7,38.1,113.2
2026-01-19 17:00:00,KYIV-008-2,KYIV-008,Band 3 (1800MHz),-82.3,-12.7,10.1,63.5,36.3,115.2
2026-01-19 17:00:00,KYIV-008-3,KYIV-008,Band 3 (1800MHz),-84.5,-11.6,6.9,74.5,31.2,121.2
2026-01-19 17:00:00,KYIV-009-1,KYIV-009,Band 1 (2100MHz),-88.1,-8.8,9.8,59.0,39.3,117.4
2026-01-19 17:00:00,KYIV-009-2,KYIV-009,Band 1 (2100MHz),-85.2,-11.0,11.7,86.2,45.8,115.3
2026-01-19 17:00:00,KYIV-009-3,KYIV-009,Band 1 (2100MHz),-91.1,-12.5,16.9,73.8,45.1,109.9
2026-01-19 17:00:00,KYIV-010-1,KYIV-010,Band 3 (1800MHz),-85.4,-9.8,18.9,69.5,51.9,154.3
2026-01-19 17:00:00,KYIV-010-2,KYIV-010,Band 3 (1800MHz),-78.3,-9.8,18.0,81.9,41.0,122.6
2026-01-19 17:00:00,KYIV-010-3,KYIV-010,Band 3 (1800MHz),-88.3,-12.8,10.7,68.0,52.5,95.0
2026-01-19 17:00:00,KYIV-011-1,KYIV-011,Band 1 (2100MHz),-78.3,-12.3,12.2,73.2,50.4,135.4
2026-01-19 17:00:00,KYIV-011-2,KYIV-011,Band 1 (2100MHz),-87.9,-12.2,16.3,80.4,34.2,124.4
2026-01-19 17:00:00,KYIV-011-3,KYIV-011,Band 1 (2100MHz),-89.2,-12.2,6.6,59.8,31.5,73.8
2026-01-19 17:00:00,KYIV-012-1,KYIV-012,Band 3 (1800MHz),-83.6,-11.9,24.1,56.9,51.8,163.6
2026-01-19 17:00:00,KYIV-012-2,KYIV-012,Band 3 (1800MHz),-83.3,-10.3,11.2,73.3,29.7,118.4
2026-01-19 17:00:00,KYIV-012-3,KYIV-012,Band 3 (1800MHz),-88.2,-9.5,14.2,64.0,43.5,91.9
2026-01-19 17:00:00,KYIV-013-1,KYIV-013,Band 1 (2100MHz),-83.7,-8.3,6.2,64.1,41.9,126.2
2026-01-19 17:00:00,KYIV-013-2,KYIV-013,Band 1 (2100MHz),-77.8,-10.0,13.9,73.2,28.9,135.0
2026-01-19 17:00:00,KYIV-013-3,KYIV-013,Band 1 (2100MHz),-91.1,-11.7,13.4,77.2,49.4,151.9
2026-01-19 17:00:00,KYIV-014-1,KYIV-014,Band 3 (1800MHz),-85.6,-7.9,11.8,78.3,39.0,152.2
2026-01-19 17:00:00,KYIV-014-2,KYIV-014,Band 3 (1800MHz),-100.6,-17.5,9.3,49.2,41.1,87.8
2026-01-19 17:00:00,KYIV-014-3,KYIV-014,Band 3 (1800MHz),-88.7,-12.4,14.4,72.3,26.9,111.4
2026-01-19 17:00:00,KYIV-015-1,KYIV-015,Band 1 (2100MHz),-82.0,-9.6,13.5,67.3,43.4,117.9
2026-01-19 17:00:00,KYIV-015-2,KYIV-015,Band 1 (2100MHz),-92.4,-9.1,18.3,64.6,42.9,125.3
2026-01-19 17:00:00,KYIV-015-3,KYIV-015,Band 1 (2100MHz),-89.9,-11.1,20.9,67.9,57.8,127.9
2026-01-19 17:00:00,KYIV-016-1,KYIV-016,Band 3 (1800MHz),-79.6,-7.2,11.9,88.7,29.9,104.2
2026-01-19 17:00:00,KYIV-016-2,KYIV-016,Band 3 (1800MHz),-88.3,-14.1,18.9,77.0,45.8,131.9
2026-01-19 17:00:00,KYIV-016-3,KYIV-016,Band 3 (1800MHz),-91.8,-8.8,20.1,62.8,34.4,105.7
2026-01-19 18:00:00,KYIV-001-1,KYIV-001,Band 1 (2100MHz),-86.2,-11.7,15.7,76.0,36.4,110.9
2026-01-19 18:00:00,KYIV-001-2,KYIV-001,Band 1 (2100MHz),-82.5,-11.3,14.4,71.2,52.1,75.0
2026-01-19 18:00:00,KYIV-001-3,KYIV-001,Band 1 (2100MHz),-89.5,-14.0,16.7,89.6,44.8,91.6
2026-01-19 18:00:00,KYIV-002-1,KYIV-002,Band 3 (1800MHz),-99.4,-13.0,-1.1,73.4,45.0,123.6
2026-01-19 18:00:00,KYIV-002-2,KYIV-002,Band 3 (1800MHz),-101.3,-19.8,2.1,77.4,47.4,133.4
2026-01-19 18:00:00,KYIV-002-3,KYIV-002,Band 3 (1800MHz),-82.5,-11.5,18.2,44.0,48.5,137.1
2026-01-19 18:00:00,KYIV-003-1,KYIV-003,Band 1 (2100MHz),-88.1,-15.9,14.0,51.6,35.9,121.0
2026-01-19 18:00:00,KYIV-003-2,KYIV-003,Band 1 (2100MHz),-79.6,-10.8,11.1,76.7,34.1,124.9
2026-01-19 18:00:00,KYIV-003-3,KYIV-003,Band 1 (2100MHz),-92.3,-14.4,6.4,72.8,39.4,124.8
2026-01-19 18:00:00,KYIV-004-1,KYIV-004,Band 3 (1800MHz),-79.8,-17.8,19.7,67.6,54.4,89.8
2026-01-19 18:00:00,KYIV-004-2,KYIV-004,Band 3 (1800MHz),-80.6,-9.9,20.8,82.0,25.5,88.6
2026-01-19 18:00:00,KYIV-004-3,KYIV-004,Band 3 (1800MHz),-84.1,-8.8,12.1,75.0,48.2,123.5
2026-01-19 18:00:00,KYIV-005-1,KYIV-005,Band 1 (2100MHz),-86.3,-11.3,12.8,65.5,39.4,138.3
2026-01-19 18:00:00,KYIV-005-2,KYIV-005,Band 1 (2100MHz),-83.6,-9.2,6.2,93.8,43.8,112.9
2026-01-19 18:00:00,KYIV-005-3,KYIV-005,Band 1 (2100MHz),-100.9,-14.7,-1.7,55.9,32.0,122.5
2026-01-19 18:00:00,KYIV-006-1,KYIV-006,Band 3 (1800MHz),-88.9,-11.2,14.8,74.8,46.3,129.5
2026-01-19 18:00:00,KYIV-006-2,KYIV-006,Band 3 (1800MHz),-86.6,-13.2,8.7,54.1,43.6,123.4
2026-01-19 18:00:00,KYIV-006-3,KYIV-006,Band 3 (1800MHz),-83.8,-11.8,10.4,76.2,49.6,111.3
2026-01-19 18:00:00,KYIV-007-1,KYIV-007,Band 1 (2100MHz),-86.8,-6.8,11.3,98.4,34.5,140.0
2026-01-19 18:00:00,KYIV-007-2,KYIV-007,Band 1 (2100MHz),-83.5,-12.2,8.1,63.8,43.0,99.2
2026-01-19 18:00:00,KYIV-007-3,KYIV-007,Band 1 (2100MHz),-86.8,-13.7,8.6,81.2,53.3,120.9
2026-01-19 18:00:00,KYIV-008-1,KYIV-008,Band 3 (1800MHz),-85.0,-10.9,8.9,68.9,52.1,137.7
2026-01-19 18:00:00,KYIV-008-2,KYIV-008,Band 3 (1800MHz),-88.0,-13.0,6.7,48.7,47.3,135.4
2026-01-19 18:00:00,KYIV-008-3,KYIV-008,Band 3 (1800MHz),-81.0,-15.3,13.7,49.7,47.3,102.7
2026-01-19 18:00:00,KYIV-009-1,KYIV-009,Band 1 (2100MHz),-81.9,-7.3,8.8,71.1,46.4,132.9
2026-01-19 18:00:00,KYIV-009-2,KYIV-009,Band 1 (2100MHz),-89.4,-9.2,6.1,62.0,58.0,105.6
2026-01-19 18:00:00,KYIV-009-3,KYIV-009,Band 1 (2100MHz),-88.2,-12.4,21.2,70.1,52.6,164.3
2026-01-19 18:00:00,KYIV-010-1,KYIV-010,Band 3 (1800MHz),-83.2,-14.3,8.2,67.7,25.4,116.0
2026-01-19 18:00:00,KYIV-010-2,KYIV-010,Band 3 (1800MHz),-85.0,-11.4,8.8,70.2,46.6,107.9
2026-01-19 18:00:00,KYIV-010-3,KYIV-010,Band 3 (1800MHz),-82.2,-11.5,11.5,66.2,43.6,116.0
2026-01-19 18:00:00,KYIV-011-1,KYIV-011,Band 1 (2100MHz),-78.4,-15.1,10.4,84.2,43.2,124.7
2026-01-19 18:00:00,KYIV-011-2,KYIV-011,Band 1 (2100MHz),-81.2,-13.5,8.5,76.9,32.2,89.6
2026-01-19 18:00:00,KYIV-011-3,KYIV-011,Band 1 (2100MHz),-88.2,-6.2,15.9,69.3,56.4,121.2
2026-01-19 18:00:00,KYIV-012-1,KYIV-012,Band 3 (1800MHz),-84.4,-11.5,11.3,82.5,42.4,134.1
2026-01-19 18:00:00,KYIV-012-2,KYIV-012,Band 3 (1800MHz),-83.8,-13.2,12.1,62.0,31.0,119.0
2026-01-19 18:00:00,KYIV-012-3,KYIV-012,Band 3 (1800MHz),-92.6,-9.7,17.6,68.4,31.4,132.1
2026-01-19 18:00:00,KYIV-013-1,KYIV-013,Band 1 (2100MHz),-91.7,-9.1,10.8,61.3,35.0,99.2
2026-01-19 18:00:00,KYIV-013-2,KYIV-013,Band 1 (2100MHz),-89.2,-7.6,14.6,76.5,50.2,152.7
2026-01-19 18:00:00,KYIV-013-3,KYIV-013,Band 1 (2100MHz),-79.3,-11.0,1.3,76.6,40.6,140.9
2026-01-19 18:00:00,KYIV-014-1,KYIV-014,Band 3 (1800MHz),-87.4,-12.8,10.7,55.0,46.1,111.3
2026-01-19 18:00:00,KYIV-014-2,KYIV-014,Band 3 (1800MHz),-100.4,-13.2,11.7,83.6,50.9,87.6
2026-01-19 18:00:00,KYIV-014-3,KYIV-014,Band 3 (1800MHz),-87.3,-11.1,11.6,65.4,27.9,117.2
2026-01-19 18:00:00,KYIV-015-1,KYIV-015,Band 1 (2100MHz),-80.4,-12.2,21.3,82.9,49.4,90.4
2026-01-19 18:00:00,KYIV-015-2,KYIV-015,Band 1 (2100MHz),-82.6,-14.7,16.5,76.9,47.7,145.7
2026-01-19 18:00:00,KYIV-015-3,KYIV-015,Band 1 (2100MHz),-90.2,-14.4,24.5,82.7,46.0,97.5
2026-01-19 18:00:00,KYIV-016-1,KYIV-016,Band 3 (1800MHz),-92.5,-9.7,17.4,71.9,50.4,117.9
2026-01-19 18:00:00,KYIV-016-2,KYIV-016,Band 3 (1800MHz),-87.5,-14.8,3.5,68.6,53.8,109.1
2026-01-19 18:00:00,KYIV-016-3,KYIV-016,Band 3 (1800MHz),-93.2,-14.3,10.2,79.3,51.0,113.3
2026-01-19 19:00:00,KYIV-001-1,KYIV-001,Band 1 (2100MHz),-91.7,-9.6,11.5,76.0,55.0,117.9
2026-01-19 19:00:00,KYIV-001-2,KYIV-001,Band 1 (2100MHz),-86.2,-11.5,9.7,62.9,37.7,99.0
2026-01-19 19:00:00,KYIV-001-3,KYIV-001,Band 1 (2100MHz),-91.5,-12.2,15.2,71.7,52.6,117.2
2026-01-19 19:00:00,KYIV-002-1,KYIV-002,Band 3 (1800MHz),-105.8,-16.6,10.0,68.3,44.2,139.5
2026-01-19 19:00:00,KYIV-002-2,KYIV-002,Band 3 (1800MHz),-99.9,-16.5,4.4,64.5,40.9,140.2
2026-01-19 19:00:00,KYIV-002-3,KYIV-002,Band 3 (1800MHz),-87.2,-10.4,12.3,84.8,49.9,111.1
2026-01-19 19:00:00,KYIV-003-1,KYIV-003,Band 1 (2100MHz),-85.7,-9.7,15.7,51.5,42.7,102.5
2026-01-19 19:00:00,KYIV-003-2,KYIV-003,Band 1 (2100MHz),-82.1,-13.5,21.9,90.2,29.3,130.8
2026-01-19 19:00:00,KYIV-003-3,KYIV-003,Band 1 (2100MHz),-87.4,-10.6,11.9,73.5,44.9,132.8
2026-01-19 19:00:00,KYIV-004-1,KYIV-004,Band 3 (1800MHz),-82.9,-11.2,20.9,100.0,28.5,84.0
2026-01-19 19:00:00,KYIV-004-2,KYIV-004,Band 3 (1800MHz),-86.1,-11.4,12.0,83.0,46.1,102.8
2026-01-19 19:00:00,KYIV-004-3,KYIV-004,Band 3 (1800MHz),-88.3,-10.1,7.4,77.7,57.2,154.7
2026-01-19 19:00:00,KYIV-005-1,KYIV-005,Band 1 (2100MHz),-82.8,-10.1,6.2,77.3,35.3,93.7
2026-01-19 19:00:00,KYIV-005-2,KYIV-005,Band 1 (2100MHz),-89.6,-12.5,14.5,70.5,35.4,124.1
2026-01-19 19:00:00,KYIV-005-3,KYIV-005,Band 1 (2100MHz),-94.9,-13.7,3.4,81.5,38.3,123.6
2026-01-19 19:00:00,KYIV-006-1,KYIV-006,Band 3 (1800MHz),-93.9,-10.8,11.1,71.9,31.6,122.5
2026-01-19 19:00:00,KYIV-006-2,KYIV-006,Band 3 (1800MHz),-87.3,-4.8,17.7,66.5,36.6,84.4
2026-01-19 19:00:00,KYIV-006-3,KYIV-006,Band 3 (1800MHz),-87.5,-11.9,11.2,76.2,39.3,136.7
2026-01-19 19:00:00,KYIV-007-1,KYIV-007,Band 1 (2100MHz),-87.1,-12.4,12.4,77.6,51.0,132.1
2026-01-19 19:00:00,KYIV-007-2,KYIV-007,Band 1 (2100MHz),-88.0,-12.5,21.7,61.5,44.4,147.7
2026-01-19 19:00:00,KYIV-007-3,KYIV-007,Band 1 (2100MHz),-80.9,-12.6,10.5,71.0,47.1,123.2
2026-01-19 19:00:00,KYIV-008-1,KYIV-008,Band 3 (1800MHz),-95.5,-14.2,17.8,68.4,41.8,102.2
2026-01-19 19:00:00,KYIV-008-2,KYIV-008,Band 3 (1800MHz),-87.2,-11.3,12.5,69.2,30.3,130.0
2026-01-19 19:00:00,KYIV-008-3,KYIV-008,Band 3 (1800MHz),-86.2,-14.1,14.2,61.3,45.2,128.3
2026-01-19 19:00:00,KYIV-009-1,KYIV-009,Band 1 (2100MHz),-87.0,-15.2,8.0,82.6,52.3,106.9
2026-01-19 19:00:00,KYIV-009-2,KYIV-009,Band 1 (2100MHz),-86.6,-11.7,12.9,84.0,40.6,110.5
2026-01-19 19:00:00,KYIV-009-3,KYIV-009,Band 1 (2100MHz),-83.1,-11.3,22.3,68.7,32.4,132.5
2026-01-19 19:00:00,KYIV-010-1,KYIV-010,Band 3 (1800MHz),-87.2,-10.2,23.8,55.1,40.8,119.0
2026-01-19 19:00:00,KYIV-010-2,KYIV-010,Band 3 (1800MHz),-84.9,-11.3,18.8,79.6,41.6,130.2
2026-01-19 19:00:00,KYIV-010-3,KYIV-010,Band 3 (1800MHz),-91.8,-9.8,20.5,74.3,35.9,132.7
2026-01-19 19:00:00,KYIV-011-1,KYIV-011,Band 1 (2100MHz),-94.0,-12.1,9.3,72.4,46.4,90.5
2026-01-19 19:00:00,KYIV-011-2,KYIV-011,Band 1 (2100MHz),-86.0,-10.0,23.6,75.2,35.7,114.8
2026-01-19 19:00:00,KYIV-011-3,KYIV-011,Band 1 (2100MHz),-91.1,-10.3,23.6,67.7,52.6,79.1
2026-01-19 19:00:00,KYIV-012-1,KYIV-012,Band 3 (1800MHz),-91.2,-9.7,21.5,63.3,35.7,133.3
2026-01-19 19:00:00,KYIV-012-2,KYIV-012,Band 3 (1800MHz),-84.8,-9.8,19.9,57.5,32.4,132.5
2026-01-19 19:00:00,KYIV-012-3,KYIV-012,Band 3 (1800MHz),-80.9,-9.0,13.3,93.6,53.6,113.2
2026-01-19 19:00:00,KYIV-013-1,KYIV-013,Band 1 (2100MHz),-85.3,-10.7,13.4,71.9,45.0,106.7
2026-01-19 19:00:00,KYIV-013-2,KYIV-013,Band 1 (2100MHz),-94.8,-12.4,19.4,69.1,43.2,150.0
2026-01-19 19:00:00,KYIV-013-3,KYIV-013,Band 1 (2100MHz),-85.4,-12.6,8.0,67.9,43.0,118.5
2026-01-19 19:00:00,KYIV-014-1,KYIV-014,Band 3 (1800MHz),-87.5,-10.9,10.5,66.7,40.5,116.8
2026-01-19 19:00:00,KYIV-014-2,KYIV-014,Band 3 (1800MHz),-103.1,-15.4,3.3,60.5,47.6,115.4
2026-01-19 19:00:00,KYIV-014-3,KYIV-014,Band 3 (1800MHz),-76.6,-8.9,17.4,87.1,43.9,147.9
2026-01-19 19:00:00,KYIV-015-1,KYIV-015,Band 1 (2100MHz),-84.5,-8.5,17.3,59.9,47.7,92.7
2026-01-19 19:00:00,KYIV-015-2,KYIV-015,Band 1 (2100MHz),-84.7,-13.7,6.4,89.2,39.0,159.8
2026-01-19 19:00:00,KYIV-015-3,KYIV-015,Band 1 (2100MHz),-88.2,-15.6,13.6,69.0,32.2,136.9
2026-01-19 19:00:00,KYIV-016-1,KYIV-016,Band 3 (1800MHz),-84.8,-9.6,2.6,78.1,46.6,117.6
2026-01-19 19:00:00,KYIV-016-2,KYIV-016,Band 3 (1800MHz),-88.3,-10.9,12.3,80.0,29.4,122.4
2026-01-19 19:00:00,KYIV-016-3,KYIV-016,Band 3 (1800MHz),-88.5,-11.0,16.5,57.8,45.9,144.7
2026-01-19 20:00:00,KYIV-001-1,KYIV-001,Band 1 (2100MHz),-87.1,-10.7,2.6,70.9,41.9,122.4
2026-01-19 20:00:00,KYIV-001-2,KYIV-001,Band 1 (2100MHz),-84.2,-7.6,12.5,64.5,26.4,101.0
2026-01-19 20:00:00,KYIV-001-3,KYIV-001,Band 1 (2100MHz),-87.4,-10.4,8.4,80.7,46.1,96.4
2026-01-19 20:00:00,KYIV-002-1,KYIV-002,Band 3 (1800MHz),-96.3,-17.6,9.9,100.0,38.1,106.7
2026-01-19 20:00:00,KYIV-002-2,KYIV-002,Band 3 (1800MHz),-99.8,-15.6,12.0,48.5,33.4,114.9
2026-01-19 20:00:00,KYIV-002-3,KYIV-002,Band 3 (1800MHz),-88.8,-11.2,1.8,68.5,35.3,108.7
2026-01-19 20:00:00,KYIV-003-1,KYIV-003,Band 1 (2100MHz),-86.4,-12.1,14.7,54.3,35.8,112.7
2026-01-19 20:00:00,KYIV-003-2,KYIV-003,Band 1 (2100MHz),-88.3,-9.7,9.6,59.5,38.2,124.6
2026-01-19 20:00:00,KYIV-003-3,KYIV-003,Band 1 (2100MHz),-83.4,-11.2,-1.5,71.8,24.4,66.7
2026-01-19 20:00:00,KYIV-004-1,KYIV-004,Band 3 (1800MHz),-92.9,-11.9,14.2,52.1,39.9,84.4
2026-01-19 20:00:00,KYIV-004-2,KYIV-004,Band 3 (1800MHz),-90.5,-8.9,15.1,51.1,36.7,147.5
2026-01-19 20:00:00,KYIV-004-3,KYIV-004,Band 3 (1800MHz),-85.0,-10.3,17.8,58.5,34.9,127.9
2026-01-19 20:00:00,KYIV-005-1,KYIV-005,Band 1 (2100MHz),-85.7,-9.3,9.7,77.2,43.9,120.9
2026-01-19 20:00:00,KYIV-005-2,KYIV-005,Band 1 (2100MHz),-83.5,-10.2,18.3,81.9,38.8,90.7
2026-01-19 20:00:00,KYIV-005-3,KYIV-005,Band 1 (2100MHz),-93.3,-13.9,-1.6,75.2,35.3,132.8
2026-01-19 20:00:00,KYIV-006-1,KYIV-006,Band 3 (1800MHz),-94.0,-10.6,5.8,69.7,34.8,123.4
2026-01-19 20:00:00,KYIV-006-2,KYIV-006,Band 3 (1800MHz),-82.8,-11.4,17.3,70.6,55.7,120.5
2026-01-19 20:00:00,KYIV-006-3,KYIV-006,Band 3 (1800MHz),-94.9,-10.3,12.3,50.3,42.0,118.9
2026-01-19 20:00:00,KYIV-007-1,KYIV-007,Band 1 (2100MHz),-82.7,-7.8,11.8,69.3,35.4,103.3
2026-01-19 20:00:00,KYIV-007-2,KYIV-007,Band 1 (2100MHz),-90.2,-14.0,12.0,57.9,42.3,132.7
2026-01-19 20:00:00,KYIV-007-3,KYIV-007,Band 1 (2100MHz),-82.6,-10.7,4.2,58.9,20.8,77.2
2026-01-19 20:00:00,KYIV-008-1,KYIV-008,Band 3 (1800MHz),-91.2,-7.5,16.6,57.9,32.4,139.6
2026-01-19 20:00:00,KYIV-008-2,KYIV-008,Band 3 (1800MHz),-82.9,-14.9,19.8,64.3,39.4,131.7
2026-01-19 20:00:00,KYIV-008-3,KYIV-008,Band 3 (1800MHz),-85.4,-8.9,6.3,79.0,37.8,137.8
2026-01-19 20:00:00,KYIV-009-1,KYIV-009,Band 1 (2100MHz),-89.0,-11.6,16.9,61.2,45.0,100.2
2026-01-19 20:00:00,KYIV-009-2,KYIV-009,Band 1 (2100MHz),-84.6,-11.9,9.7,87.1,49.6,111.1
2026-01-19 20:00:00,KYIV-009-3,KYIV-009,Band 1 (2100MHz),-88.7,-14.9,16.9,70.5,40.9,78.9
2026-01-19 20:00:00,KYIV-010-1,KYIV-010,Band 3 (1800MHz),-87.7,-12.6,18.9,48.0,34.3,119.9
2026-01-19 20:00:00,KYIV-010-2,KYIV-010,Band 3 (1800MHz),-88.1,-13.5,2.6,53.3,37.0,90.2
2026-01-19 20:00:00,KYIV-010-3,KYIV-010,Band 3 (1800MHz),-84.0,-11.4,7.9,71.3,19.2,89.2
2026-01-19 20:00:00,KYIV-011-1,KYIV-011,Band 1 (2100MHz),-87.9,-13.0,17.6,56.9,34.7,117.9
2026-01-19 20:00:00,KYIV-011-2,KYIV-011,Band 1 (2100MHz),-78.7,-12.5,11.9,42.0,41.1,91.2
2026-01-19 20:00:00,KYIV-011-3,KYIV-011,Band 1 (2100MHz),-89.1,-10.1,6.6,56.7,34.7,92.9
2026-01-19 20:00:00,KYIV-012-1,KYIV-012,Band 3 (1800MHz),-83.3,-11.5,15.6,54.4,38.9,89.5
2026-01-19 20:00:00,KYIV-012-2,KYIV-012,Band 3 (1800MHz),-89.8,-12.4,9.7,33.5,40.2,128.1
2026-01-19 20:00:00,KYIV-012-3,KYIV-012,Band 3 (1800MHz),-83.4,-11.3,15.6,66.4,33.5,93.0
2026-01-19 20:00:00,KYIV-013-1,KYIV-013,Band 1 (2100MHz),-84.6,-10.7,4.8,53.2,29.9,70.3
2026-01-19 20:00:00,KYIV-013-2,KYIV-013,Band 1 (2100MHz),-87.4,-13.8,19.1,60.6,29.9,87.3
2026-01-19 20:00:00,KYIV-013-3,KYIV-013,Band 1 (2100MHz),-81.1,-10.9,7.9,61.3,26.5,102.0
2026-01-19 20:00:00,KYIV-014-1,KYIV-014,Band 3 (1800MHz),-87.6,-11.7,7.3,52.3,19.4,103.7
2026-01-19 20:00:00,KYIV-014-2,KYIV-014,Band 3 (1800MHz),-105.8,-13.8,0.3,62.6,30.7,94.8
2026-01-19 20:00:00,KYIV-014-3,KYIV-014,Band 3 (1800MHz),-87.0,-15.2,9.2,54.0,51.0,94.1
2026-01-19 20:00:00,KYIV-015-1,KYIV-015,Band 1 (2100MHz),-82.5,-11.9,12.5,85.9,33.7,86.2
2026-01-19 20:00:00,KYIV-015-2,KYIV-015,Band 1 (2100MHz),-85.4,-13.7,20.6,64.0,15.8,131.0
2026-01-19 20:00:00,KYIV-015-3,KYIV-015,Band 1 (2100MHz),-84.3,-12.1,10.0,40.3,37.8,118.5
2026-01-19 20:00:00,KYIV-016-1,KYIV-016,Band 3 (1800MHz),-92.2,-11.3,12.3,64.4,26.0,108.2
2026-01-19 20:00:00,KYIV-016-2,KYIV-016,Band 3 (1800MHz),-96.1,-9.0,12.0,40.4,49.0,113.7
2026-01-19 20:00:00,KYIV-016-3,KYIV-016,Band 3 (1800MHz),-89.1,-9.6,12.9,72.8,44.3,109.1
2026-01-19 21:00:00,KYIV-001-1,KYIV-001,Band 1 (2100MHz),-89.2,-8.2,13.4,18.7,3.2,0.0
2026-01-19 21:00:00,KYIV-001-2,KYIV-001,Band 1 (2100MHz),-86.4,-9.2,27.1,21.9,1.5,1.3
2026-01-19 21:00:00,KYIV-001-3,KYIV-001,Band 1 (2100MHz),-89.2,-7.4,18.3,34.0,10.3,36.5
2026-01-19 21:00:00,KYIV-002-1,KYIV-002,Band 3 (1800MHz),-102.9,-11.7,5.4,0.0,0.3,0.0
2026-01-19 21:00:00,KYIV-002-2,KYIV-002,Band 3 (1800MHz),-104.5,-13.3,5.7,12.9,21.2,12.1
2026-01-19 21:00:00,KYIV-002-3,KYIV-002,Band 3 (1800MHz),-88.3,-4.8,14.7,11.4,1.6,69.1
2026-01-19 21:00:00,KYIV-003-1,KYIV-003,Band 1 (2100MHz),-80.9,-8.6,9.2,12.3,21.0,13.4
2026-01-19 21:00:00,KYIV-003-2,KYIV-003,Band 1 (2100MHz),-90.7,-10.8,10.1,0.4,1.0,27.1
2026-01-19 21:00:00,KYIV-003-3,KYIV-003,Band 1 (2100MHz),-84.5,-11.2,15.4,39.9,0.0,36.8
2026-01-19 21:00:00,KYIV-004-1,KYIV-004,Band 3 (1800MHz),-92.2,-6.4,13.4,5.5,0.0,31.2
2026-01-19 21:00:00,KYIV-004-2,KYIV-004,Band 3 (1800MHz),-96.5,-9.1,10.1,10.1,0.0,34.4
2026-01-19 21:00:00,KYIV-004-3,KYIV-004,Band 3 (1800MHz),-87.8,-9.4,14.9,8.3,0.0,53.7
2026-01-19 21:00:00,KYIV-005-1,KYIV-005,Band 1 (2100MHz),-83.0,-9.4,18.0,0.0,4.1,61.0
2026-01-19 21:00:00,KYIV-005-2,KYIV-005,Band 1 (2100MHz),-88.1,-8.4,12.8,31.9,17.0,15.8
2026-01-19 21:00:00,KYIV-005-3,KYIV-005,Band 1 (2100MHz),-98.2,-12.4,-1.0,23.1,0.0,42.5
2026-01-19 21:00:00,KYIV-006-1,KYIV-006,Band 3 (1800MHz),-86.3,-9.2,8.6,1.2,21.6,40.9
2026-01-19 21:00:00,KYIV-006-2,KYIV-006,Band 3 (1800MHz),-89.1,-7.7,14.5,8.6,9.9,43.8
2026-01-19 21:00:00,KYIV-006-3,KYIV-006,Band 3 (1800MHz),-90.5,-4.4,17.2,30.0,15.9,10.3
2026-01-19 21:00:00,KYIV-007-1,KYIV-007,Band 1 (2100MHz),-87.7,-9.3,13.4,2.5,1.0,0.0
2026-01-19 21:00:00,KYIV-007-2,KYIV-007,Band 1 (2100MHz),-86.0,-10.7,8.5,32.2,16.3,5.9
2026-01-19 21:00:00,KYIV-007-3,KYIV-007,Band 1 (2100MHz),-90.0,-5.6,20.3,15.3,17.5,19.3
2026-01-19 21:00:00,KYIV-008-1,KYIV-008,Band 3 (1800MHz),-84.4,-6.1,16.3,21.4,9.8,3.6
2026-01-19 21:00:00,KYIV-008-2,KYIV-008,Band 3 (1800MHz),-86.0,-8.9,11.8,33.9,6.6,20.9
2026-01-19 21:00:00,KYIV-008-3,KYIV-008,Band 3 (1800MHz),-90.1,-9.6,7.8,8.0,0.0,55.0
2026-01-19 21:00:00,KYIV-009-1,KYIV-009,Band 1 (2100MHz),-88.5,-9.1,17.2,24.6,19.6,33.9
2026-01-19 21:00:00,KYIV-009-2,KYIV-009,Band 1 (2100MHz),-94.1,-9.4,8.5,10.8,26.3,29.1
2026-01-19 21:00:00,KYIV-009-3,KYIV-009,Band 1 (2100MHz),-89.9,-10.4,13.3,10.7,7.8,46.3
2026-01-19 21:00:00,KYIV-010-1,KYIV-010,Band 3 (1800MHz),-84.3,-5.4,6.5,7.8,25.8,3.7
2026-01-19 21:00:00,KYIV-010-2,KYIV-010,Band 3 (1800MHz),-85.4,-8.4,12.7,14.9,0.0,16.1
2026-01-19 21:00:00,KYIV-010-3,KYIV-010,Band 3 (1800MHz),-86.8,-8.7,14.1,10.3,4.8,9.3
2026-01-19 21:00:00,KYIV-011-1,KYIV-011,Band 1 (2100MHz),-75.7,-8.8,16.9,30.3,14.2,4.5
2026-01-19 21:00:00,KYIV-011-2,KYIV-011,Band 1 (2100MHz),-88.5,-6.5,18.0,18.6,0.0,0.0
2026-01-19 21:00:00,KYIV-011-3,KYIV-011,Band 1 (2100MHz),-91.6,-8.4,8.4,15.4,7.7,23.3
2026-01-19 21:00:00,KYIV-012-1,KYIV-012,Band 3 (1800MHz),-83.3,-11.5,16.0,0.0,4.1,20.3
2026-01-19 21:00:00,KYIV-012-2,KYIV-012,Band 3 (1800MHz),-90.5,-9.4,19.0,3.1,9.5,50.0
2026-01-19 21:00:00,KYIV-012-3,KYIV-012,Band 3 (1800MHz),-81.8,-11.1,18.1,17.0,6.2,12.1
2026-01-19 21:00:00,KYIV-013-1,KYIV-013,Band 1 (2100MHz),-88.2,-7.1,8.8,16.7,12.0,0.0
2026-01-19 21:00:00,KYIV-013-2,KYIV-013,Band 1 (2100MHz),-95.6,-10.4,17.5,10.3,20.5,29.8
2026-01-19 21:00:00,KYIV-013-3,KYIV-013,Band 1 (2100MHz),-85.3,-8.6,18.3,0.0,0.3,0.0
2026-01-19 21:00:00,KYIV-014-1,KYIV-014,Band 3 (1800MHz),-90.8,-11.0,7.8,17.9,12.1,32.1
2026-01-19 21:00:00,KYIV-014-2,KYIV-014,Band 3 (1800MHz),-106.3,-8.2,11.5,21.8,10.5,30.2
2026-01-19 21:00:00,KYIV-014-3,KYIV-014,Band 3 (1800MHz),-85.2,-9.5,14.6,0.0,12.0,64.0
2026-01-19 21:00:00,KYIV-015-1,KYIV-015,Band 1 (2100MHz),-84.8,-6.5,15.2,28.6,15.4,32.5
2026-01-19 21:00:00,KYIV-015-2,KYIV-015,Band 1 (2100MHz),-83.9,-6.8,23.6,9.3,10.3,0.0
2026-01-19 21:00:00,KYIV-015-3,KYIV-015,Band 1 (2100MHz),-86.0,-6.7,16.1,16.2,7.3,5.9
2026-01-19 21:00:00,KYIV-016-1,KYIV-016,Band 3 (1800MHz),-87.5,-6.1,5.6,36.5,10.3,52.4
2026-01-19 21:00:00,KYIV-016-2,KYIV-016,Band 3 (1800MHz),-90.7,-6.4,6.3,5.9,10.6,0.0
2026-01-19 21:00:00,KYIV-016-3,KYIV-016,Band 3 (1800MHz),-86.9,-8.8,7.6,24.9,36.5,64.2
2026-01-19 22:00:00,KYIV-001-1,KYIV-001,Band 1 (2100MHz),-82.9,-8.3,19.3,1.6,0.0,35.0
2026-01-19 22:00:00,KYIV-001-2,KYIV-001,Band 1 (2100MHz),-89.9,-10.6,14.2,2.0,0.0,0.0
2026-01-19 22:00:00,KYIV-001-3,KYIV-001,Band 1 (2100MHz),-85.8,-6.0,14.2,17.5,24.8,10.1
2026-01-19 22:00:00,KYIV-002-1,KYIV-002,Band 3 (1800MHz),-106.2,-12.6,2.4,27.8,0.0,0.0
2026-01-19 22:00:00,KYIV-002-2,KYIV-002,Band 3 (1800MHz),-97.9,-7.6,6.6,1.7,0.0,22.4
2026-01-19 22:00:00,KYIV-002-3,KYIV-002,Band 3 (1800MHz),-86.6,-5.6,7.7,16.0,8.2,26.8
2026-01-19 22:00:00,KYIV-003-1,KYIV-003,Band 1 (2100MHz),-89.2,-8.1,6.6,14.2,0.0,10.2
2026-01-19 22:00:00,KYIV-003-2,KYIV-003,Band 1 (2100MHz),-90.3,-7.8,17.4,13.5,15.1,16.3
2026-01-19 22:00:00,KYIV-003-3,KYIV-003,Band 1 (2100MHz),-85.3,-6.9,13.5,17.6,0.0,21.1
2026-01-19 22:00:00,KYIV-004-1,KYIV-004,Band 3 (1800MHz),-88.0,-6.2,8.7,0.0,0.7,0.0
2026-01-19 22:00:00,KYIV-004-2,KYIV-004,Band 3 (1800MHz),-86.3,-6.2,4.1,11.2,0.0,14.0
2026-01-19 22:00:00,KYIV-004-3,KYIV-004,Band 3 (1800MHz),-91.0,-6.8,6.3,6.4,10.3,10.2
2026-01-19 22:00:00,KYIV-005-1,KYIV-005,Band 1 (2100MHz),-92.1,-6.0,14.0,36.0,0.0,0.0
2026-01-19 22:00:00,KYIV-005-2,KYIV-005,Band 1 (2100MHz),-87.5,-8.5,10.0,5.8,0.0,0.0
2026-01-19 22:00:00,KYIV-005-3,KYIV-005,Band 1 (2100MHz),-107.3,-11.1,9.3,10.9,10.3,0.0
2026-01-19 22:00:00,KYIV-006-1,KYIV-006,Band 3 (1800MHz),-87.6,-7.8,19.3,32.5,14.4,3.5
2026-01-19 22:00:00,KYIV-006-2,KYIV-006,Band 3 (1800MHz),-89.0,-6.0,4.1,3.3,0.0,0.0
2026-01-19 22:00:00,KYIV-006-3,KYIV-006,Band 3 (1800MHz),-88.4,-4.9,17.2,2.4,2.5,7.2
2026-01-19 22:00:00,KYIV-007-1,KYIV-007,Band 1 (2100MHz),-90.0,-10.2,17.7,26.6,10.9,16.2
2026-01-19 22:00:00,KYIV-007-2,KYIV-007,Band 1 (2100MHz),-91.5,-5.3,10.4,14.6,5.5,6.0
2026-01-19 22:00:00,KYIV-007-3,KYIV-007,Band 1 (2100MHz),-86.3,-8.2,7.6,0.0,8.6,0.0
2026-01-19 22:00:00,KYIV-008-1,KYIV-008,Band 3 (1800MHz),-82.4,-6.9,12.1,7.5,12.5,3.4
2026-01-19 22:00:00,KYIV-008-2,KYIV-008,Band 3 (1800MHz),-88.3,-8.3,15.6,11.9,0.0,5.8
2026-01-19 22:00:00,KYIV-008-3,KYIV-008,Band 3 (1800MHz),-81.2,-6.8,9.4,26.5,13.3,62.6
2026-01-19 22:00:00,KYIV-009-1,KYIV-009,Band 1 (2100MHz),-83.7,-2.5,4.2,11.2,17.3,28.5
2026-01-19 22:00:00,KYIV-009-2,KYIV-009,Band 1 (2100MHz),-93.9,-5.4,17.7,9.2,14.9,14.2
2026-01-19 22:00:00,KYIV-009-3,KYIV-009,Band 1 (2100MHz),-83.2,-6.9,15.0,7.5,0.0,24.6
2026-01-19 22:00:00,KYIV-010-1,KYIV-010,Band 3 (1800MHz),-86.9,-10.7,17.3,0.0,0.0,0.4
2026-01-19 22:00:00,KYIV-010-2,KYIV-010,Band 3 (1800MHz),-88.9,-9.0,19.8,0.0,0.0,0.0
2026-01-19 22:00:00,KYIV-010-3,KYIV-010,Band 3 (1800MHz),-86.4,-6.7,13.5,8.8,7.0,0.0
2026-01-19 22:00:00,KYIV-011-1,KYIV-011,Band 1 (2100MHz),-88.3,-6.8,9.2,0.0,1.1,3.7
2026-01-19 22:00:00,KYIV-011-2,KYIV-011,Band 1 (2100MHz),-89.9,-6.5,11.6,0.0,0.0,0.0
2026-01-19 22:00:00,KYIV-011-3,KYIV-011,Band 1 (2100MHz),-87.0,-8.9,12.5,21.9,10.4,33.3
2026-01-19 22:00:00,KYIV-012-1,KYIV-012,Band 3 (1800MHz),-82.7,-8.2,18.8,26.7,16.2,23.4
2026-01-19 22:00:00,KYIV-012-2,KYIV-012,Band 3 (1800MHz),-90.7,-10.0,7.7,0.0,3.0,31.6
2026-01-19 22:00:00,KYIV-012-3,KYIV-012,Band 3 (1800MHz),-82.7,-6.9,15.9,0.0,4.2,54.3
2026-01-19 22:00:00,KYIV-013-1,KYIV-013,Band 1 (2100MHz),-84.8,-4.4,3.7,0.0,11.3,20.3
2026-01-19 22:00:00,KYIV-013-2,KYIV-013,Band 1 (2100MHz),-83.4,-6.4,11.0,0.0,0.0,4.3
2026-01-19 22:00:00,KYIV-013-3,KYIV-013,Band 1 (2100MHz),-83.5,-7.7,11.8,23.7,7.2,53.3
2026-01-19 22:00:00,KYIV-014-1,KYIV-014,Band 3 (1800MHz),-91.1,-8.0,12.4,3.0,8.7,28.7
2026-01-19 22:00:00,KYIV-014-2,KYIV-014,Band 3 (1800MHz),-100.7,-12.3,0.4,15.8,0.2,24.5
2026-01-19 22:00:00,KYIV-014-3,KYIV-014,Band 3 (1800MHz),-89.1,-7.2,10.9,7.5,0.0,0.2
2026-01-19 22:00:00,KYIV-015-1,KYIV-015,Band 1 (2100MHz),-94.3,-8.5,14.7,27.1,0.0,26.3
2026-01-19 22:00:00,KYIV-015-2,KYIV-015,Band 1 (2100MHz),-88.9,-9.2,21.1,4.1,15.2,18.9
2026-01-19 22:00:00,KYIV-015-3,KYIV-015,Band 1 (2100MHz),-77.8,-6.5,17.4,21.7,12.0,20.3
2026-01-19 22:00:00,KYIV-016-1,KYIV-016,Band 3 (1800MHz),-88.5,-8.0,13.4,3.9,10.6,58.1
2026-01-19 22:00:00,KYIV-016-2,KYIV-016,Band 3 (1800MHz),-84.5,-8.3,7.7,0.0,7.3,0.0
2026-01-19 22:00:00,KYIV-016-3,KYIV-016,Band 3 (1800MHz),-83.3,-8.8,20.4,6.8,10.1,0.0
2026-01-19 23:00:00,KYIV-001-1,KYIV-001,Band 1 (2100MHz),-86.6,-5.6,10.1,29.7,0.0,9.9
2026-01-19 23:00:00,KYIV-001-2,KYIV-001,Band 1 (2100MHz),-84.8,-12.4,11.8,7.1,0.0,22.5
2026-01-19 23:00:00,KYIV-001-3,KYIV-001,Band 1 (2100MHz),-88.3,-11.0,25.0,0.0,0.0,11.6
2026-01-19 23:00:00,KYIV-002-1,KYIV-002,Band 3 (1800MHz),-95.1,-12.0,11.4,6.0,16.6,26.0
2026-01-19 23:00:00,KYIV-002-2,KYIV-002,Band 3 (1800MHz),-97.8,-13.2,3.7,6.5,9.5,2.0
2026-01-19 23:00:00,KYIV-002-3,KYIV-002,Band 3 (1800MHz),-76.5,-7.3,13.4,0.0,0.0,6.2
2026-01-19 23:00:00,KYIV-003-1,KYIV-003,Band 1 (2100MHz),-85.5,-11.0,11.6,8.0,13.4,0.0
2026-01-19 23:00:00,KYIV-003-2,KYIV-003,Band 1 (2100MHz),-89.8,-13.1,13.3,13.8,16.0,34.8
2026-01-19 23:00:00,KYIV-003-3,KYIV-003,Band 1 (2100MHz),-79.2,-8.4,14.6,0.0,0.0,0.0
2026-01-19 23:00:00,KYIV-004-1,KYIV-004,Band 3 (1800MHz),-93.6,-8.2,10.3,0.0,7.7,23.3
2026-01-19 23:00:00,KYIV-004-2,KYIV-004,Band 3 (1800MHz),-82.6,-7.7,14.9,13.5,12.5,0.7
2026-01-19 23:00:00,KYIV-004-3,KYIV-004,Band 3 (1800MHz),-83.6,-9.6,6.9,3.5,0.0,41.1
2026-01-19 23:00:00,KYIV-005-1,KYIV-005,Band 1 (2100MHz),-86.2,-7.5,1.6,0.0,8.0,2.3
2026-01-19 23:00:00,KYIV-005-2,KYIV-005,Band 1 (2100MHz),-96.8,-10.3,5.8,2.4,14.3,35.5
2026-01-19 23:00:00,KYIV-005-3,KYIV-005,Band 1 (2100MHz),-97.4,-11.4,4.7,0.0,9.2,0.0
2026-01-19 23:00:00,KYIV-006-1,KYIV-006,Band 3 (1800MHz),-82.6,-9.7,9.2,6.3,0.0,39.2
2026-01-19 23:00:00,KYIV-006-2,KYIV-006,Band 3 (1800MHz),-82.8,-9.3,15.0,27.5,0.0,0.0
2026-01-19 23:00:00,KYIV-006-3,KYIV-006,Band 3 (1800MHz),-90.6,-7.8,10.6,4.8,0.9,30.8
2026-01-19 23:00:00,KYIV-007-1,KYIV-007,Band 1 (2100MHz),-81.0,-11.0,13.8,23.0,1.9,21.9
2026-01-19 23:00:00,KYIV-007-2,KYIV-007,Band 1 (2100MHz),-84.8,-6.8,22.3,17.4,0.0,19.0
2026-01-19 23:00:00,KYIV-007-3,KYIV-007,Band 1 (2100MHz),-85.7,-9.9,15.9,14.4,0.0,35.9
2026-01-19 23:00:00,KYIV-008-1,KYIV-008,Band 3 (1800MHz),-92.3,-8.5,14.4,21.0,0.0,18.9
2026-01-19 23:00:00,KYIV-008-2,KYIV-008,Band 3 (1800MHz),-85.6,-8.5,10.3,1.8,5.2,16.1
2026-01-19 23:00:00,KYIV-008-3,KYIV-008,Band 3 (1800MHz),-92.0,-9.1,10.6,7.4,0.7,13.0
2026-01-19 23:00:00,KYIV-009-1,KYIV-009,Band 1 (2100MHz),-91.9,-7.1,12.6,0.0,3.9,0.0
2026-01-19 23:00:00,KYIV-009-2,KYIV-009,Band 1 (2100MHz),-83.2,-7.5,-2.5,17.8,13.7,10.6
2026-01-19 23:00:00,KYIV-009-3,KYIV-009,Band 1 (2100MHz),-86.4,-6.7,9.5,0.0,4.7,22.5
2026-01-19 23:00:00,KYIV-010-1,KYIV-010,Band 3 (1800MHz),-82.8,-10.7,10.0,21.2,22.7,0.0
2026-01-19 23:00:00,KYIV-010-2,KYIV-010,Band 3 (1800MHz),-86.7,-9.3,16.5,18.9,4.9,14.8
2026-01-19 23:00:00,KYIV-010-3,KYIV-010,Band 3 (1800MHz),-89.4,-4.6,14.7,14.9,0.0,0.0
2026-01-19 23:00:00,KYIV-011-1,KYIV-011,Band 1 (2100MHz),-91.5,-9.9,16.5,1.1,0.0,10.0
2026-01-19 23:00:00,KYIV-011-2,KYIV-011,Band 1 (2100MHz),-90.2,-10.5,17.8,6.6,14.6,20.3
2026-01-19 23:00:00,KYIV-011-3,KYIV-011,Band 1 (2100MHz),-90.1,-8.9,14.8,14.1,11.4,2.7
2026-01-19 23:00:00,KYIV-012-1,KYIV-012,Band 3 (1800MHz),-86.9,-7.5,25.8,15.5,9.0,48.1
2026-01-19 23:00:00,KYIV-012-2,KYIV-012,Band 3 (1800MHz),-87.6,-10.8,14.3,3.0,7.2,27.3
2026-01-19 23:00:00,KYIV-012-3,KYIV-012,Band 3 (1800MHz),-83.3,-8.1,14.6,2.7,0.0,28.1
2026-01-19 23:00:00,KYIV-013-1,KYIV-013,Band 1 (2100MHz),-85.6,-10.6,5.7,0.0,0.0,20.9
2026-01-19 23:00:00,KYIV-013-2,KYIV-013,Band 1 (2100MHz),-87.5,-11.7,10.5,0.0,12.7,3.4
2026-01-19 23:00:00,KYIV-013-3,KYIV-013,Band 1 (2100MHz),-84.0,-8.6,16.6,0.0,3.2,4.5
2026-01-19 23:00:00,KYIV-014-1,KYIV-014,Band 3 (1800MHz),-95.8,-6.1,6.2,2.5,2.3,26.2
2026-01-19 23:00:00,KYIV-014-2,KYIV-014,Band 3 (1800MHz),-105.1,-12.1,7.9,0.0,5.4,0.0
2026-01-19 23:00:00,KYIV-014-3,KYIV-014,Band 3 (1800MHz),-77.4,-9.7,22.2,0.0,0.0,9.2
2026-01-19 23:00:00,KYIV-015-1,KYIV-015,Band 1 (2100MHz),-84.2,-12.0,12.5,0.0,17.2,17.1
2026-01-19 23:00:00,KYIV-015-2,KYIV-015,Band 1 (2100MHz),-91.4,-8.4,14.4,14.2,14.3,6.4
2026-01-19 23:00:00,KYIV-015-3,KYIV-015,Band 1 (2100MHz),-83.7,-8.1,8.0,15.0,6.4,38.3
2026-01-19 23:00:00,KYIV-016-1,KYIV-016,Band 3 (1800MHz),-84.6,-6.4,11.0,14.2,0.0,19.2
2026-01-19 23:00:00,KYIV-016-2,KYIV-016,Band 3 (1800MHz),-82.0,-10.6,11.3,8.1,9.0,0.0
2026-01-19 23:00:00,KYIV-016-3,KYIV-016,Band 3 (1800MHz),-89.2,-12.9,19.1,15.6,7.0,16.2
2026-01-20 00:00:00,KYIV-001-1,KYIV-001,Band 1 (2100MHz),-81.7,-4.9,16.2,26.5,0.0,7.6
2026-01-20 00:00:00,KYIV-001-2,KYIV-001,Band 1 (2100MHz),-82.3,-7.5,14.7,3.7,0.0,0.0
2026-01-20 00:00:00,KYIV-001-3,KYIV-001,Band 1 (2100MHz),-92.2,-8.6,5.8,22.1,0.0,1.5
2026-01-20 00:00:00,KYIV-002-1,KYIV-002,Band 3 (1800MHz),-101.9,-10.2,4.3,13.5,15.8,0.0
2026-01-20 00:00:00,KYIV-002-2,KYIV-002,Band 3 (1800MHz),-100.6,-12.3,8.7,32.6,2.0,8.6
2026-01-20 00:00:00,KYIV-002-3,KYIV-002,Band 3 (1800MHz),-76.5,-7.4,5.4,3.9,0.0,0.0
2026-01-20 00:00:00,KYIV-003-1,KYIV-003,Band 1 (2100MHz),-89.6,-8.3,16.5,20.5,14.3,0.0
2026-01-20 00:00:00,KYIV-003-2,KYIV-003,Band 1 (2100MHz),-96.7,-6.7,6.1,12.9,11.3,6.6
2026-01-20 00:00:00,KYIV-003-3,KYIV-003,Band 1 (2100MHz),-85.2,-6.5,7.2,7.2,0.0,7.6
2026-01-20 00:00:00,KYIV-004-1,KYIV-004,Band 3 (1800MHz),-87.0,-9.6,16.4,17.5,0.0,19.4
2026-01-20 00:00:00,KYIV-004-2,KYIV-004,Band 3 (1800MHz),-87.4,-5.0,12.5,10.9,0.0,16.8
2026-01-20 00:00:00,KYIV-004-3,KYIV-004,Band 3 (1800MHz),-85.4,-6.5,18.9,9.7,0.0,18.6
2026-01-20 00:00:00,KYIV-005-1,KYIV-005,Band 1 (2100MHz),-92.3,-7.2,10.6,0.0,12.2,0.0
2026-01-20 00:00:00,KYIV-005-2,KYIV-005,Band 1 (2100MHz),-90.0,-3.6,13.8,27.3,19.1,14.3
2026-01-20 00:00:00,KYIV-005-3,KYIV-005,Band 1 (2100MHz),-99.4,-15.2,3.2,23.2,12.1,3.7
2026-01-20 00:00:00,KYIV-006-1,KYIV-006,Band 3 (1800MHz),-90.5,-7.2,10.4,7.6,4.7,0.0
2026-01-20 00:00:00,KYIV-006-2,KYIV-006,Band 3 (1800MHz),-86.1,-7.9,19.9,17.3,0.0,30.7
2026-01-20 00:00:00,KYIV-006-3,KYIV-006,Band 3 (1800MHz),-83.5,-8.2,9.8,7.1,0.0,38.6
2026-01-20 00:00:00,KYIV-007-1,KYIV-007,Band 1 (2100MHz),-92.4,-6.2,20.6,15.7,4.6,3.5
2026-01-20 00:00:00,KYIV-007-2,KYIV-007,Band 1 (2100MHz),-91.7,-7.9,12.1,29.6,10.5,17.9
2026-01-20 00:00:00,KYIV-007-3,KYIV-007,Band 1 (2100MHz),-80.0,-9.1,16.3,0.0,6.0,1.0
2026-01-20 00:00:00,KYIV-008-1,KYIV-008,Band 3 (1800MHz),-85.4,-11.5,15.3,4.8,12.7,4.4
2026-01-20 00:00:00,KYIV-008-2,KYIV-008,Band 3 (1800MHz),-83.9,-11.4,5.5,10.5,3.9,1.0
2026-01-20 00:00:00,KYIV-008-3,KYIV-008,Band 3 (1800MHz),-87.3,-9.1,12.4,23.7,0.0,6.4
2026-01-20 00:00:00,KYIV-009-1,KYIV-009,Band 1 (2100MHz),-82.0,-6.7,18.7,12.1,8.9,0.0
2026-01-20 00:00:00,KYIV-009-2,KYIV-009,Band 1 (2100MHz),-87.3,-9.7,10.6,13.4,5.4,7.9
2026-01-20 00:00:00,KYIV-009-3,KYIV-009,Band 1 (2100MHz),-87.3,-9.8,10.8,4.6,15.3,47.8
2026-01-20 00:00:00,KYIV-010-1,KYIV-010,Band 3 (1800MHz),-88.2,-10.5,10.6,14.8,9.5,0.0
2026-01-20 00:00:00,KYIV-010-2,KYIV-010,Band 3 (1800MHz),-90.6,-7.7,7.6,14.2,3.7,23.3
2026-01-20 00:00:00,KYIV-010-3,KYIV-010,Band 3 (1800MHz),-89.1,-3.8,7.2,0.0,0.0,36.5
2026-01-20 00:00:00,KYIV-011-1,KYIV-011,Band 1 (2100MHz),-79.6,-7.0,3.8,5.8,0.0,0.0
2026-01-20 00:00:00,KYIV-011-2,KYIV-011,Band 1 (2100MHz),-85.4,-5.5,12.9,6.9,9.9,4.2
2026-01-20 00:00:00,KYIV-011-3,KYIV-011,Band 1 (2100MHz),-81.1,-9.3,6.9,0.0,0.0,12.2
2026-01-20 00:00:00,KYIV-012-1,KYIV-012,Band 3 (1800MHz),-92.8,-6.3,19.3,7.2,7.8,0.0
2026-01-20 00:00:00,KYIV-012-2,KYIV-012,Band 3 (1800MHz),-81.8,-7.5,15.3,12.9,0.0,0.0
2026-01-20 00:00:00,KYIV-012-3,KYIV-012,Band 3 (1800MHz),-85.8,-4.6,11.8,10.8,6.8,37.5
2026-01-20 00:00:00,KYIV-013-1,KYIV-013,Band 1 (2100MHz),-85.7,-9.6,10.9,0.0,14.2,0.0
2026-01-20 00:00:00,KYIV-013-2,KYIV-013,Band 1 (2100MHz),-88.5,-6.2,8.4,18.7,10.4,0.0
2026-01-20 00:00:00,KYIV-013-3,KYIV-013,Band 1 (2100MHz),-89.8,-6.3,8.0,25.0,0.0,13.6
2026-01-20 00:00:00,KYIV-014-1,KYIV-014,Band 3 (1800MHz),-88.6,-6.8,12.5,0.0,19.9,6.8
2026-01-20 00:00:00,KYIV-014-2,KYIV-014,Band 3 (1800MHz),-101.5,-7.2,8.5,5.1,13.0,0.0
2026-01-20 00:00:00,KYIV-014-3,KYIV-014,Band 3 (1800MHz),-88.4,-6.4,13.8,10.2,9.2,1.1
2026-01-20 00:00:00,KYIV-015-1,KYIV-015,Band 1 (2100MHz),-86.4,-5.5,10.5,22.6,0.0,0.0
2026-01-20 00:00:00,KYIV-015-2,KYIV-015,Band 1 (2100MHz),-84.1,-7.7,8.1,0.0,0.2,0.0
2026-01-20 00:00:00,KYIV-015-3,KYIV-015,Band 1 (2100MHz),-86.6,-3.2,17.9,1.4,3.2,0.0
2026-01-20 00:00:00,KYIV-016-1,KYIV-016,Band 3 (1800MHz),-88.0,-7.6,26.8,1.8,2.9,29.6
2026-01-20 00:00:00,KYIV-016-2,KYIV-016,Band 3 (1800MHz),-88.8,-6.1,12.9,4.4,10.6,0.0
2026-01-20 00:00:00,KYIV-016-3,KYIV-016,Band 3 (1800MHz),-94.2,-7.5,9.6,15.3,0.0,10.5
2026-01-20 01:00:00,KYIV-001-1,KYIV-001,Band 1 (2100MHz),-86.0,-9.1,15.3,0.0,11.3,4.1
2026-01-20 01:00:00,KYIV-001-2,KYIV-001,Band 1 (2100MHz),-86.0,-9.3,11.8,11.3,3.0,6.9
2026-01-20 01:00:00,KYIV-001-3,KYIV-001,Band 1 (2100MHz),-87.5,-4.7,10.2,33.9,4.4,5.2
2026-01-20 01:00:00,KYIV-002-1,KYIV-002,Band 3 (1800MHz),-103.0,-13.6,4.7,9.4,8.3,35.6
2026-01-20 01:00:00,KYIV-002-2,KYIV-002,Band 3 (1800MHz),-101.8,-11.9,7.6,6.0,4.4,5.0
2026-01-20 01:00:00,KYIV-002-3,KYIV-002,Band 3 (1800MHz),-83.6,-8.5,15.8,6.2,0.0,5.2
2026-01-20 01:00:00,KYIV-003-1,KYIV-003,Band 1 (2100MHz),-86.7,-9.4,11.6,5.1,1.6,2.4
2026-01-20 01:00:00,KYIV-003-2,KYIV-003,Band 1 (2100MHz),-90.5,-4.2,9.0,8.1,0.0,5.7
2026-01-20 01:00:00,KYIV-003-3,KYIV-003,Band 1 (2100MHz),-90.0,-11.6,7.2,0.0,8.6,17.3
2026-01-20 01:00:00,KYIV-004-1,KYIV-004,Band 3 (1800MHz),-96.7,-12.7,6.1,13.5,8.8,18.5
2026-01-20 01:00:00,KYIV-004-2,KYIV-004,Band 3 (1800MHz),-86.3,-7.2,15.2,9.4,2.4,43.4
2026-01-20 01:00:00,KYIV-004-3,KYIV-004,Band 3 (1800MHz),-92.0,-7.9,9.6,24.5,6.9,34.4
2026-01-20 01:00:00,KYIV-005-1,KYIV-005,Band 1 (2100MHz),-83.8,-4.9,10.6,21.5,5.6,0.0
2026-01-20 01:00:00,KYIV-005-2,KYIV-005,Band 1 (2100MHz),-88.7,-2.2,20.7,27.4,0.0,26.2
2026-01-20 01:00:00,KYIV-005-3,KYIV-005,Band 1 (2100MHz),-98.4,-13.8,3.1,34.9,14.7,40.6
2026-01-20 01:00:00,KYIV-006-1,KYIV-006,Band 3 (1800MHz),-92.1,-6.8,13.6,12.6,0.0,14.2
2026-01-20 01:00:00,KYIV-006-2,KYIV-006,Band 3 (1800MHz),-93.5,-10.6,20.2,7.5,18.5,0.0
2026-01-20 01:00:00,KYIV-006-3,KYIV-006,Band 3 (1800MHz),-82.1,-5.3,14.1,0.0,4.4,0.0
2026-01-20 01:00:00,KYIV-007-1,KYIV-007,Band 1 (2100MHz),-81.2,-8.4,12.5,6.0,7.5,14.8
2026-01-20 01:00:00,KYIV-007-2,KYIV-007,Band 1 (2100MHz),-83.8,-9.3,19.3,0.0,0.0,15.6
2026-01-20 01:00:00,KYIV-007-3,KYIV-007,Band 1 (2100MHz),-87.1,-8.1,6.2,5.5,0.0,25.2
2026-01-20 01:00:00,KYIV-008-1,KYIV-008,Band 3 (1800MHz),-78.5,-7.7,6.9,0.7,10.3,30.3
2026-01-20 01:00:00,KYIV-008-2,KYIV-008,Band 3 (1800MHz),-89.0,-9.7,9.2,26.9,0.0,45.5
2026-01-20 01:00:00,KYIV-008-3,KYIV-008,Band 3 (1800MHz),-98.5,-8.6,12.8,21.8,0.0,0.0
2026-01-20 01:00:00,KYIV-009-1,KYIV-009,Band 1 (2100MHz),-86.1,-6.9,17.3,0.0,0.0,0.0
2026-01-20 01:00:00,KYIV-009-2,KYIV-009,Band 1 (2100MHz),-87.1,-10.0,18.7,15.6,7.5,32.8
2026-01-20 01:00:00,KYIV-009-3,KYIV-009,Band 1 (2100MHz),-92.1,-10.4,21.0,0.0,8.6,10.5
2026-01-20 01:00:00,KYIV-010-1,KYIV-010,Band 3 (1800MHz),-82.7,-7.3,17.5,13.2,13.4,5.1
2026-01-20 01:00:00,KYIV-010-2,KYIV-010,Band 3 (1800MHz),-84.3,-10.0,14.6,7.1,0.0,4.4
2026-01-20 01:00:00,KYIV-010-3,KYIV-010,Band 3 (1800MHz),-90.6,-4.0,15.5,5.9,19.4,15.3
2026-01-20 01:00:00,KYIV-011-1,KYIV-011,Band 1 (2100MHz),-81.0,-7.9,6.1,0.0,9.2,18.9
2026-01-20 01:00:00,KYIV-011-2,KYIV-011,Band 1 (2100MHz),-89.6,-2.6,12.9,1.5,3.5,35.0
2026-01-20 01:00:00,KYIV-011-3,KYIV-011,Band 1 (2100MHz),-86.5,-7.0,13.5,20.7,0.0,7.8
2026-01-20 01:00:00,KYIV-012-1,KYIV-012,Band 3 (1800MHz),-90.8,-8.9,14.1,13.9,16.4,30.4
2026-01-20 01:00:00,KYIV-012-2,KYIV-012,Band 3 (1800MHz),-85.4,-8.6,7.0,14.0,14.4,26.7
2026-01-20 01:00:00,KYIV-012-3,KYIV-012,Band 3 (1800MHz),-90.1,-9.7,1.4,26.1,12.0,13.1
2026-01-20 01:00:00,KYIV-013-1,KYIV-013,Band 1 (2100MHz),-84.2,-7.5,10.5,17.6,0.7,12.0
2026-01-20 01:00:00,KYIV-013-2,KYIV-013,Band 1 (2100MHz),-88.9,-5.7,17.6,13.5,0.0,31.0
2026-01-20 01:00:00,KYIV-013-3,KYIV-013,Band 1 (2100MHz),-84.8,-7.1,9.5,1.5,8.0,0.0
2026-01-20 01:00:00,KYIV-014-1,KYIV-014,Band 3 (1800MHz),-86.2,-11.4,10.6,23.7,8.9,13.3
2026-01-20 01:00:00,KYIV-014-2,KYIV-014,Band 3 (1800MHz),-102.5,-12.1,2.0,14.4,0.0,0.0
2026-01-20 01:00:00,KYIV-014-3,KYIV-014,Band 3 (1800MHz),-85.0,-8.6,6.6,10.5,9.5,0.0
2026-01-20 01:00:00,KYIV-015-1,KYIV-015,Band 1 (2100MHz),-89.0,-7.0,15.5,14.1,11.0,28.9
2026-01-20 01:00:00,KYIV-015-2,KYIV-015,Band 1 (2100MHz),-91.7,-8.0,10.6,7.3,11.2,13.7
2026-01-20 01:00:00,KYIV-015-3,KYIV-015,Band 1 (2100MHz),-91.8,-7.3,24.3,26.2,0.0,36.8
2026-01-20 01:00:00,KYIV-016-1,KYIV-016,Band 3 (1800MHz),-85.8,-4.8,16.7,10.8,11.1,12.4
2026-01-20 01:00:00,KYIV-016-2,KYIV-016,Band 3 (1800MHz),-90.2,-6.5,9.6,23.2,15.2,28.3
2026-01-20 01:00:00,KYIV-016-3,KYIV-016,Band 3 (1800MHz),-87.0,-10.4,12.5,0.0,12.2,29.6
2026-01-20 02:00:00,KYIV-001-1,KYIV-001,Band 1 (2100MHz),-91.7,-3.0,11.3,0.0,0.0,10.3
2026-01-20 02:00:00,KYIV-001-2,KYIV-001,Band 1 (2100MHz),-90.1,-10.0,11.5,6.3,9.4,0.0
2026-01-20 02:00:00,KYIV-001-3,KYIV-001,Band 1 (2100MHz),-88.3,-9.2,9.4,25.9,0.0,0.0
2026-01-20 02:00:00,KYIV-002-1,KYIV-002,Band 3 (1800MHz),-106.4,-13.0,13.1,6.2,0.0,18.1
2026-01-20 02:00:00,KYIV-002-2,KYIV-002,Band 3 (1800MHz),-99.8,-12.3,6.8,0.0,4.6,0.0
2026-01-20 02:00:00,KYIV-002-3,KYIV-002,Band 3 (1800MHz),-84.4,-8.1,11.5,24.3,10.7,27.4
2026-01-20 02:00:00,KYIV-003-1,KYIV-003,Band 1 (2100MHz),-86.6,-12.3,9.0,0.0,12.5,35.0
2026-01-20 02:00:00,KYIV-003-2,KYIV-003,Band 1 (2100MHz),-93.4,-7.1,17.0,0.0,11.7,19.1
2026-01-20 02:00:00,KYIV-003-3,KYIV-003,Band 1 (2100MHz),-88.4,-8.2,13.6,8.7,0.0,0.0
2026-01-20 02:00:00,KYIV-004-1,KYIV-004,Band 3 (1800MHz),-80.3,-9.7,22.2,3.4,3.4,10.8
2026-01-20 02:00:00,KYIV-004-2,KYIV-004,Band 3 (1800MHz),-85.6,-5.9,13.8,12.4,5.5,0.0
2026-01-20 02:00:00,KYIV-004-3,KYIV-004,Band 3 (1800MHz),-84.1,-9.3,13.6,3.7,3.5,38.9
2026-01-20 02:00:00,KYIV-005-1,KYIV-005,Band 1 (2100MHz),-83.4,-11.4,13.5,1.3,4.4,38.9
2026-01-20 02:00:00,KYIV-005-2,KYIV-005,Band 1 (2100MHz),-90.9,-6.2,19.5,0.0,8.3,0.0
2026-01-20 02:00:00,KYIV-005-3,KYIV-005,Band 1 (2100MHz),-100.0,-10.6,1.5,0.0,4.7,2.7
2026-01-20 02:00:00,KYIV-006-1,KYIV-006,Band 3 (1800MHz),-86.4,-10.8,11.9,0.0,0.0,33.5
2026-01-20 02:00:00,KYIV-006-2,KYIV-006,Band 3 (1800MHz),-81.1,-6.8,10.4,8.4,8.3,3.1
2026-01-20 02:00:00,KYIV-006-3,KYIV-006,Band 3 (1800MHz),-90.9,-10.7,8.8,11.2,0.0,54.4
2026-01-20 02:00:00,KYIV-007-1,KYIV-007,Band 1 (2100MHz),-84.7,-10.3,18.5,13.8,9.9,7.0
2026-01-20 02:00:00,KYIV-007-2,KYIV-007,Band 1 (2100MHz),-81.4,-7.2,5.5,1.1,7.5,0.0
2026-01-20 02:00:00,KYIV-007-3,KYIV-007,Band 1 (2100MHz),-94.6,-10.0,15.3,8.5,13.3,2.4
2026-01-20 02:00:00,KYIV-008-1,KYIV-008,Band 3 (1800MHz),-81.3,-7.3,10.7,0.0,3.7,15.9
2026-01-20 02:00:00,KYIV-008-2,KYIV-008,Band 3 (1800MHz),-83.5,-2.9,12.3,33.9,4.5,0.0
2026-01-20 02:00:00,KYIV-008-3,KYIV-008,Band 3 (1800MHz),-85.0,-6.6,10.1,0.0,3.5,25.2
2026-01-20 02:00:00,KYIV-009-1,KYIV-009,Band 1 (2100MHz),-84.5,-12.6,23.7,4.0,8.9,0.0
2026-01-20 02:00:00,KYIV-009-2,KYIV-009,Band 1 (2100MHz),-81.2,-8.8,23.8,13.3,18.1,0.0
2026-01-20 02:00:00,KYIV-009-3,KYIV-009,Band 1 (2100MHz),-86.1,-8.5,10.9,9.7,7.7,29.2
2026-01-20 02:00:00,KYIV-010-1,KYIV-010,Band 3 (1800MHz),-83.2,-12.2,17.4,14.2,11.7,0.0
2026-01-20 02:00:00,KYIV-010-2,KYIV-010,Band 3 (1800MHz),-86.4,-8.4,9.2,36.5,5.8,5.3
2026-01-20 02:00:00,KYIV-010-3,KYIV-010,Band 3 (1800MHz),-92.9,-6.3,8.6,5.2,23.4,29.2
2026-01-20 02:00:00,KYIV-011-1,KYIV-011,Band 1 (2100MHz),-82.7,-8.0,19.4,9.6,0.0,44.3
2026-01-20 02:00:00,KYIV-011-2,KYIV-011,Band 1 (2100MHz),-90.1,-12.5,9.5,14.5,9.6,1.0
2026-01-20 02:00:00,KYIV-011-3,KYIV-011,Band 1 (2100MHz),-83.4,-10.7,9.3,4.7,0.0,36.3
2026-01-20 02:00:00,KYIV-012-1,KYIV-012,Band 3 (1800MHz),-81.3,-8.5,4.2,17.6,12.0,0.0
2026-01-20 02:00:00,KYIV-012-2,KYIV-012,Band 3 (1800MHz),-82.7,-6.1,11.5,20.0,11.3,32.4
2026-01-20 02:00:00,KYIV-012-3,KYIV-012,Band 3 (1800MHz),-81.5,-7.4,19.1,23.2,19.4,60.6
2026-01-20 02:00:00,KYIV-013-1,KYIV-013,Band 1 (2100MHz),-78.2,-5.9,17.2,13.0,7.7,3.2
2026-01-20 02:00:00,KYIV-013-2,KYIV-013,Band 1 (2100MHz),-81.2,-6.3,16.4,23.9,13.8,23.0
2026-01-20 02:00:00,KYIV-013-3,KYIV-013,Band 1 (2100MHz),-86.9,-5.5,10.8,0.0,11.2,15.5
2026-01-20 02:00:00,KYIV-014-1,KYIV-014,Band 3 (1800MHz),-88.4,-8.2,12.5,20.3,14.4,0.0
2026-01-20 02:00:00,KYIV-014-2,KYIV-014,Band 3 (1800MHz),-102.5,-10.2,1.8,8.3,7.9,10.1
2026-01-20 02:00:00,KYIV-014-3,KYIV-014,Band 3 (1800MHz),-86.4,-6.7,7.2,13.8,8.2,29.2
2026-01-20 02:00:00,KYIV-015-1,KYIV-015,Band 1 (2100MHz),-85.4,-8.6,11.5,14.4,0.0,20.9
2026-01-20 02:00:00,KYIV-015-2,KYIV-015,Band 1 (2100MHz),-83.9,-5.6,12.6,17.0,3.4,17.7
2026-01-20 02:00:00,KYIV-015-3,KYIV-015,Band 1 (2100MHz),-83.4,-7.7,10.5,10.9,0.0,0.0
2026-01-20 02:00:00,KYIV-016-1,KYIV-016,Band 3 (1800MHz),-93.1,-10.1,16.4,8.9,1.1,11.9
2026-01-20 02:00:00,KYIV-016-2,KYIV-016,Band 3 (1800MHz),-81.6,-8.0,13.1,0.0,4.6,27.0
2026-01-20 02:00:00,KYIV-016-3,KYIV-016,Band 3 (1800MHz),-93.5,-7.9,17.2,0.0,13.5,29.6
2026-01-20 03:00:00,KYIV-001-1,KYIV-001,Band 1 (2100MHz),-88.2,-9.8,16.2,18.7,4.3,35.0
2026-01-20 03:00:00,KYIV-001-2,KYIV-001,Band 1 (2100MHz),-83.6,-6.7,17.1,0.0,9.0,9.2
2026-01-20 03:00:00,KYIV-001-3,KYIV-001,Band 1 (2100MHz),-86.3,-6.4,20.5,0.0,0.0,28.0
2026-01-20 03:00:00,KYIV-002-1,KYIV-002,Band 3 (1800MHz),-100.4,-11.5,-0.4,0.0,0.0,0.0
2026-01-20 03:00:00,KYIV-002-2,KYIV-002,Band 3 (1800MHz),-103.4,-10.4,5.4,5.3,1.6,54.4
2026-01-20 03:00:00,KYIV-002-3,KYIV-002,Band 3 (1800MHz),-79.9,-9.0,15.9,0.0,7.8,13.7
2026-01-20 03:00:00,KYIV-003-1,KYIV-003,Band 1 (2100MHz),-84.5,-5.3,15.1,9.3,0.8,35.0
2026-01-20 03:00:00,KYIV-003-2,KYIV-003,Band 1 (2100MHz),-84.6,-6.5,14.6,0.0,9.9,0.0
2026-01-20 03:00:00,KYIV-003-3,KYIV-003,Band 1 (2100MHz),-88.5,-6.5,20.5,29.0,0.0,0.0
2026-01-20 03:00:00,KYIV-004-1,KYIV-004,Band 3 (1800MHz),-82.8,-8.8,4.4,13.5,0.0,0.0
2026-01-20 03:00:00,KYIV-004-2,KYIV-004,Band 3 (1800MHz),-89.9,-7.8,11.1,0.0,0.0,0.7
2026-01-20 03:00:00,KYIV-004-3,KYIV-004,Band 3 (1800MHz),-84.9,-7.1,19.1,21.9,14.5,21.3
2026-01-20 03:00:00,KYIV-005-1,KYIV-005,Band 1 (2100MHz),-88.8,-5.6,11.9,12.7,13.1,28.0
2026-01-20 03:00:00,KYIV-005-2,KYIV-005,Band 1 (2100MHz),-82.0,-3.7,11.3,16.2,30.7,33.4
2026-01-20 03:00:00,KYIV-005-3,KYIV-005,Band 1 (2100MHz),-92.6,-12.8,10.8,17.2,0.0,35.3
2026-01-20 03:00:00,KYIV-006-1,KYIV-006,Band 3 (1800MHz),-84.3,-10.3,16.9,0.3,5.1,0.8
2026-01-20 03:00:00,KYIV-006-2,KYIV-006,Band 3 (1800MHz),-87.8,-7.7,2.6,0.0,9.4,60.8
2026-01-20 03:00:00,KYIV-006-3,KYIV-006,Band 3 (1800MHz),-94.7,-6.9,11.4,2.3,8.6,10.3
2026-01-20 03:00:00,KYIV-007-1,KYIV-007,Band 1 (2100MHz),-89.0,-7.1,13.5,8.7,0.0,0.0
2026-01-20 03:00:00,KYIV-007-2,KYIV-007,Band 1 (2100MHz),-83.8,-11.2,3.7,10.6,14.7,0.0
2026-01-20 03:00:00,KYIV-007-3,KYIV-007,Band 1 (2100MHz),-88.1,-5.8,11.7,16.1,0.0,19.2
2026-01-20 03:00:00,KYIV-008-1,KYIV-008,Band 3 (1800MHz),-86.2,-9.5,10.0,31.5,0.0,18.5
2026-01-20 03:00:00,KYIV-008-2,KYIV-008,Band 3 (1800MHz),-84.6,-6.3,2.1,7.7,5.0,10.4
2026-01-20 03:00:00,KYIV-008-3,KYIV-008,Band 3 (1800MHz),-84.1,-6.7,6.2,0.9,23.8,0.0
2026-01-20 03:00:00,KYIV-009-1,KYIV-009,Band 1 (2100MHz),-94.9,-8.7,9.7,0.8,4.8,40.7
2026-01-20 03:00:00,KYIV-009-2,KYIV-009,Band 1 (2100MHz),-87.9,-5.3,3.9,6.6,14.3,30.9
2026-01-20 03:00:00,KYIV-009-3,KYIV-009,Band 1 (2100MHz),-85.3,-6.4,16.0,17.3,15.5,17.3
2026-01-20 03:00:00,KYIV-010-1,KYIV-010,Band 3 (1800MHz),-91.3,-8.0,10.1,10.3,2.9,12.3
2026-01-20 03:00:00,KYIV-010-2,KYIV-010,Band 3 (1800MHz),-88.5,-9.5,17.1,25.7,6.5,41.1
2026-01-20 03:00:00,KYIV-010-3,KYIV-010,Band 3 (1800MHz),-84.8,-6.2,13.5,0.0,9.4,65.1
2026-01-20 03:00:00,KYIV-011-1,KYIV-011,Band 1 (2100MHz),-87.0,-10.2,16.4,0.1,13.7,8.4
2026-01-20 03:00:00,KYIV-011-2,KYIV-011,Band 1 (2100MHz),-87.0,-10.1,6.4,28.2,3.0,8.1
2026-01-20 03:00:00,KYIV-011-3,KYIV-011,Band 1 (2100MHz),-88.0,-10.3,15.9,0.0,13.5,14.4
2026-01-20 03:00:00,KYIV-012-1,KYIV-012,Band 3 (1800MHz),-85.3,-11.1,16.7,15.6,15.3,41.5
2026-01-20 03:00:00,KYIV-012-2,KYIV-012,Band 3 (1800MHz),-80.7,-7.5,5.8,0.0,0.8,30.5
2026-01-20 03:00:00,KYIV-012-3,KYIV-012,Band 3 (1800MHz),-85.5,-10.6,23.3,3.1,11.8,11.8
2026-01-20 03:00:00,KYIV-013-1,KYIV-013,Band 1 (2100MHz),-80.5,-4.4,14.2,12.7,13.7,7.0
2026-01-20 03:00:00,KYIV-013-2,KYIV-013,Band 1 (2100MHz),-82.5,-8.5,8.4,0.0,0.0,28.7
2026-01-20 03:00:00,KYIV-013-3,KYIV-013,Band 1 (2100MHz),-93.2,-8.8,16.1,36.6,5.7,35.4
2026-01-20 03:00:00,KYIV-014-1,KYIV-014,Band 3 (1800MHz),-82.5,-8.2,13.1,12.5,2.7,0.6
2026-01-20 03:00:00,KYIV-014-2,KYIV-014,Band 3 (1800MHz),-103.6,-13.8,4.6,6.0,4.8,42.3
2026-01-20 03:00:00,KYIV-014-3,KYIV-014,Band 3 (1800MHz),-84.3,-9.8,5.0,0.0,2.4,0.0
2026-01-20 03:00:00,KYIV-015-1,KYIV-015,Band 1 (2100MHz),-92.8,-7.4,5.3,3.1,0.0,15.0
2026-01-20 03:00:00,KYIV-015-2,KYIV-015,Band 1 (2100MHz),-90.6,-6.9,12.5,11.2,18.1,44.9
2026-01-20 03:00:00,KYIV-015-3,KYIV-015,Band 1 (2100MHz),-89.3,-8.2,22.1,0.0,7.4,12.9
2026-01-20 03:00:00,KYIV-016-1,KYIV-016,Band 3 (1800MHz),-83.9,-6.5,14.5,16.4,4.6,44.3
2026-01-20 03:00:00,KYIV-016-2,KYIV-016,Band 3 (1800MHz),-90.1,-6.3,19.4,3.6,17.4,0.0
2026-01-20 03:00:00,KYIV-016-3,KYIV-016,Band 3 (1800MHz),-82.2,-10.4,31.4,7.1,8.8,0.0
2026-01-20 04:00:00,KYIV-001-1,KYIV-001,Band 1 (2100MHz),-84.4,-5.9,6.4,17.8,4.9,16.3
2026-01-20 04:00:00,KYIV-001-2,KYIV-001,Band 1 (2100MHz),-87.1,-6.3,8.3,10.0,3.8,17.3
2026-01-20 04:00:00,KYIV-001-3,KYIV-001,Band 1 (2100MHz),-87.6,-7.1,-2.5,8.4,17.3,14.0
2026-01-20 04:00:00,KYIV-002-1,KYIV-002,Band 3 (1800MHz),-105.0,-12.7,1.7,5.8,4.7,30.2
2026-01-20 04:00:00,KYIV-002-2,KYIV-002,Band 3 (1800MHz),-91.7,-8.3,-2.5,1.6,0.0,39.0
2026-01-20 04:00:00,KYIV-002-3,KYIV-002,Band 3 (1800MHz),-82.4,-8.6,17.7,11.8,10.9,31.8
2026-01-20 04:00:00,KYIV-003-1,KYIV-003,Band 1 (2100MHz),-84.4,-11.3,14.1,29.3,0.0,37.1
2026-01-20 04:00:00,KYIV-003-2,KYIV-003,Band 1 (2100MHz),-87.9,-4.6,12.9,0.0,3.2,84.1
2026-01-20 04:00:00,KYIV-003-3,KYIV-003,Band 1 (2100MHz),-94.6,-5.7,21.5,0.0,9.1,8.5
2026-01-20 04:00:00,KYIV-004-1,KYIV-004,Band 3 (1800MHz),-82.2,-6.7,1.3,19.4,11.8,1.9
2026-01-20 04:00:00,KYIV-004-2,KYIV-004,Band 3 (1800MHz),-81.7,-6.5,20.4,10.5,3.9,5.6
2026-01-20 04:00:00,KYIV-004-3,KYIV-004,Band 3 (1800MHz),-86.8,-6.9,11.9,0.0,0.0,24.2
2026-01-20 04:00:00,KYIV-005-1,KYIV-005,Band 1 (2100MHz),-93.2,-10.7,15.0,13.6,6.6,0.0
2026-01-20 04:00:00,KYIV-005-2,KYIV-005,Band 1 (2100MHz),-80.3,-7.0,-0.2,10.8,3.2,42.4
2026-01-20 04:00:00,KYIV-005-3,KYIV-005,Band 1 (2100MHz),-105.4,-12.3,12.9,0.0,16.3,0.0
2026-01-20 04:00:00,KYIV-006-1,KYIV-006,Band 3 (1800MHz),-84.4,-8.9,8.1,14.9,3.2,0.0
2026-01-20 04:00:00,KYIV-006-2,KYIV-006,Band 3 (1800MHz),-82.9,-10.8,13.3,17.1,2.5,1.4
2026-01-20 04:00:00,KYIV-006-3,KYIV-006,Band 3 (1800MHz),-97.7,-7.8,15.0,0.0,13.6,43.6
2026-01-20 04:00:00,KYIV-007-1,KYIV-007,Band 1 (2100MHz),-87.0,-5.6,9.3,5.6,5.7,39.1
2026-01-20 04:00:00,KYIV-007-2,KYIV-007,Band 1 (2100MHz),-90.0,-7.2,20.5,10.8,9.7,24.9
2026-01-20 04:00:00,KYIV-007-3,KYIV-007,Band 1 (2100MHz),-84.5,-5.6,7.4,12.6,0.9,0.7
2026-01-20 04:00:00,KYIV-008-1,KYIV-008,Band 3 (1800MHz),-90.3,-6.3,6.4,20.0,0.3,18.3
2026-01-20 04:00:00,KYIV-008-2,KYIV-008,Band 3 (1800MHz),-88.0,-7.3,11.1,0.0,1.6,0.0
2026-01-20 04:00:00,KYIV-008-3,KYIV-008,Band 3 (1800MHz),-85.6,-7.0,15.8,2.4,0.0,31.1
2026-01-20 04:00:00,KYIV-009-1,KYIV-009,Band 1 (2100MHz),-95.5,-8.1,7.2,20.3,0.0,25.0
2026-01-20 04:00:00,KYIV-009-2,KYIV-009,Band 1 (2100MHz),-88.5,-9.8,14.8,15.3,5.7,0.0
2026-01-20 04:00:00,KYIV-009-3,KYIV-009,Band 1 (2100MHz),-82.0,-7.4,10.2,6.7,0.0,23.7
2026-01-20 04:00:00,KYIV-010-1,KYIV-010,Band 3 (1800MHz),-91.7,-7.1,7.5,21.7,10.1,16.5
2026-01-20 04:00:00,KYIV-010-2,KYIV-010,Band 3 (1800MHz),-88.6,-6.1,15.4,9.8,0.7,38.7
2026-01-20 04:00:00,KYIV-010-3,KYIV-010,Band 3 (1800MHz),-84.0,-7.4,12.6,12.5,0.0,0.0
2026-01-20 04:00:00,KYIV-011-1,KYIV-011,Band 1 (2100MHz),-86.2,-6.2,16.3,9.4,1.9,23.4
2026-01-20 04:00:00,KYIV-011-2,KYIV-011,Band 1 (2100MHz),-84.9,-9.7,16.3,10.7,2.9,5.4
2026-01-20 04:00:00,KYIV-011-3,KYIV-011,Band 1 (2100MHz),-87.6,-9.7,14.7,3.9,1.1,0.6
2026-01-20 04:00:00,KYIV-012-1,KYIV-012,Band 3 (1800MHz),-86.5,-7.1,6.8,0.9,2.8,0.0
2026-01-20 04:00:00,KYIV-012-2,KYIV-012,Band 3 (1800MHz),-84.5,-8.9,13.4,2.4,11.3,0.0
2026-01-20 04:00:00,KYIV-012-3,KYIV-012,Band 3 (1800MHz),-84.7,-9.7,15.8,8.4,1.5,65.2
2026-01-20 04:00:00,KYIV-013-1,KYIV-013,Band 1 (2100MHz),-86.0,-5.9,8.9,26.7,4.2,91.7
2026-01-20 04:00:00,KYIV-013-2,KYIV-013,Band 1 (2100MHz),-88.8,-10.9,13.7,10.5,1.9,20.5
2026-01-20 04:00:00,KYIV-013-3,KYIV-013,Band 1 (2100MHz),-89.2,-11.4,10.8,0.0,15.9,6.5
2026-01-20 04:00:00,KYIV-014-1,KYIV-014,Band 3 (1800MHz),-86.9,-5.1,10.5,0.0,9.8,52.5
2026-01-20 04:00:00,KYIV-014-2,KYIV-014,Band 3 (1800MHz),-99.8,-11.3,3.7,1.0,20.2,0.0
2026-01-20 04:00:00,KYIV-014-3,KYIV-014,Band 3 (1800MHz),-89.0,-7.4,13.9,4.1,22.2,4.2
2026-01-20 04:00:00,KYIV-015-1,KYIV-015,Band 1 (2100MHz),-88.5,-10.1,11.5,19.7,0.0,52.6
2026-01-20 04:00:00,KYIV-015-2,KYIV-015,Band 1 (2100MHz),-87.2,-7.4,9.7,0.0,4.1,6.9
2026-01-20 04:00:00,KYIV-015-3,KYIV-015,Band 1 (2100MHz),-88.6,-9.6,15.8,0.0,0.0,16.1
2026-01-20 04:00:00,KYIV-016-1,KYIV-016,Band 3 (1800MHz),-85.8,-8.9,17.9,0.4,3.1,15.4
2026-01-20 04:00:00,KYIV-016-2,KYIV-016,Band 3 (1800MHz),-80.9,-7.3,8.1,10.0,8.3,38.1
2026-01-20 04:00:00,KYIV-016-3,KYIV-016,Band 3 (1800MHz),-83.2,-4.4,18.4,12.5,15.5,14.0
2026-01-20 05:00:00,KYIV-001-1,KYIV-001,Band 1 (2100MHz),-97.1,-7.5,13.6,0.0,17.6,0.0
2026-01-20 05:00:00,KYIV-001-2,KYIV-001,Band 1 (2100MHz),-90.5,-9.4,9.2,22.4,9.4,42.1
2026-01-20 05:00:00,KYIV-001-3,KYIV-001,Band 1 (2100MHz),-86.4,-9.3,14.3,0.0,22.7,19.4
2026-01-20 05:00:00,KYIV-002-1,KYIV-002,Band 3 (1800MHz),-102.6,-10.5,4.1,0.0,0.0,0.0
2026-01-20 05:00:00,KYIV-002-2,KYIV-002,Band 3 (1800MHz),-103.6,-12.0,10.4,5.5,19.1,16.1
2026-01-20 05:00:00,KYIV-002-3,KYIV-002,Band 3 (1800MHz),-88.1,-7.2,5.0,15.5,0.0,49.0
2026-01-20 05:00:00,KYIV-003-1,KYIV-003,Band 1 (2100MHz),-82.5,-7.6,11.3,6.4,6.8,23.9
2026-01-20 05:00:00,KYIV-003-2,KYIV-003,Band 1 (2100MHz),-89.2,-6.9,9.5,15.5,6.6,0.0
2026-01-20 05:00:00,KYIV-003-3,KYIV-003,Band 1 (2100MHz),-84.5,-9.7,11.5,6.6,0.0,0.0
2026-01-20 05:00:00,KYIV-004-1,KYIV-004,Band 3 (1800MHz),-89.2,-7.9,15.0,28.9,18.6,1.5
2026-01-20 05:00:00,KYIV-004-2,KYIV-004,Band 3 (1800MHz),-95.0,-6.1,12.8,0.0,0.0,13.7
2026-01-20 05:00:00,KYIV-004-3,KYIV-004,Band 3 (1800MHz),-86.1,-6.4,13.5,0.0,11.7,0.0
2026-01-20 05:00:00,KYIV-005-1,KYIV-005,Band 1 (2100MHz),-84.5,-6.9,-1.4,24.7,0.0,0.0
2026-01-20 05:00:00,KYIV-005-2,KYIV-005,Band 1 (2100MHz),-83.6,-5.6,11.4,7.2,5.4,15.8
2026-01-20 05:00:00,KYIV-005-3,KYIV-005,Band 1 (2100MHz),-97.0,-14.2,1.9,15.1,7.0,45.9
2026-01-20 05:00:00,KYIV-006-1,KYIV-006,Band 3 (1800MHz),-80.6,-6.0,12.9,0.0,8.4,5.0
2026-01-20 05:00:00,KYIV-006-2,KYIV-006,Band 3 (1800MHz),-90.3,-4.9,8.8,0.0,15.4,11.0
2026-01-20 05:00:00,KYIV-006-3,KYIV-006,Band 3 (1800MHz),-90.2,-8.8,12.3,4.4,0.0,0.0
2026-01-20 05:00:00,KYIV-007-1,KYIV-007,Band 1 (2100MHz),-85.2,-6.0,16.4,2.1,7.0,26.0
2026-01-20 05:00:00,KYIV-007-2,KYIV-007,Band 1 (2100MHz),-83.1,-7.1,11.5,24.6,0.0,0.0
2026-01-20 05:00:00,KYIV-007-3,KYIV-007,Band 1 (2100MHz),-87.8,-10.8,12.2,0.0,8.5,1.5
2026-01-20 05:00:00,KYIV-008-1,KYIV-008,Band 3 (1800MHz),-90.1,-6.2,13.7,27.8,1.6,11.5
2026-01-20 05:00:00,KYIV-008-2,KYIV-008,Band 3 (1800MHz),-84.4,-7.8,5.4,20.8,0.0,0.0
2026-01-20 05:00:00,KYIV-008-3,KYIV-008,Band 3 (1800MHz),-93.7,-3.8,15.5,5.2,20.2,12.4
2026-01-20 05:00:00,KYIV-009-1,KYIV-009,Band 1 (2100MHz),-93.7,-8.0,8.8,3.0,9.0,0.0
2026-01-20 05:00:00,KYIV-009-2,KYIV-009,Band 1 (2100MHz),-84.7,-5.6,17.0,15.0,11.2,25.8
2026-01-20 05:00:00,KYIV-009-3,KYIV-009,Band 1 (2100MHz),-92.2,-6.1,21.5,1.4,11.1,1.4
2026-01-20 05:00:00,KYIV-010-1,KYIV-010,Band 3 (1800MHz),-87.3,-11.9,18.9,4.0,7.8,65.0
2026-01-20 05:00:00,KYIV-010-2,KYIV-010,Band 3 (1800MHz),-95.3,-8.0,12.6,0.0,1.7,0.0
2026-01-20 05:00:00,KYIV-010-3,KYIV-010,Band 3 (1800MHz),-89.0,-9.1,7.6,7.2,0.0,36.6
2026-01-20 05:00:00,KYIV-011-1,KYIV-011,Band 1 (2100MHz),-92.8,-9.1,14.8,0.3,6.7,13.9
2026-01-20 05:00:00,KYIV-011-2,KYIV-011,Band 1 (2100MHz),-77.5,-7.7,17.4,7.0,11.8,13.4
2026-01-20 05:00:00,KYIV-011-3,KYIV-011,Band 1 (2100MHz),-92.4,-3.2,12.8,3.4,1.8,3.5
2026-01-20 05:00:00,KYIV-012-1,KYIV-012,Band 3 (1800MHz),-91.8,-10.4,11.3,13.3,0.0,10.9
2026-01-20 05:00:00,KYIV-012-2,KYIV-012,Band 3 (1800MHz),-94.1,-9.8,14.5,25.3,11.2,21.1
2026-01-20 05:00:00,KYIV-012-3,KYIV-012,Band 3 (1800MHz),-92.5,-7.5,19.3,0.0,0.0,22.9
2026-01-20 05:00:00,KYIV-013-1,KYIV-013,Band 1 (2100MHz),-91.4,-7.9,4.8,7.7,8.4,53.0
2026-01-20 05:00:00,KYIV-013-2,KYIV-013,Band 1 (2100MHz),-87.6,-7.7,24.5,0.0,0.0,11.9
2026-01-20 05:00:00,KYIV-013-3,KYIV-013,Band 1 (2100MHz),-88.9,-7.1,10.0,34.1,0.0,9.6
2026-01-20 05:00:00,KYIV-014-1,KYIV-014,Band 3 (1800MHz),-89.4,-7.1,17.6,0.0,0.0,27.7
2026-01-20 05:00:00,KYIV-014-2,KYIV-014,Band 3 (1800MHz),-93.2,-10.5,16.0,35.9,1.0,40.0
2026-01-20 05:00:00,KYIV-014-3,KYIV-014,Band 3 (1800MHz),-90.7,-8.6,6.8,0.0,3.7,15.4
2026-01-20 05:00:00,KYIV-015-1,KYIV-015,Band 1 (2100MHz),-89.4,-11.1,14.5,3.9,12.9,46.8
2026-01-20 05:00:00,KYIV-015-2,KYIV-015,Band 1 (2100MHz),-83.8,-11.2,8.8,0.0,16.7,14.1
2026-01-20 05:00:00,KYIV-015-3,KYIV-015,Band 1 (2100MHz),-88.3,-6.8,13.6,0.0,0.4,35.6
2026-01-20 05:00:00,KYIV-016-1,KYIV-016,Band 3 (1800MHz),-79.8,-9.1,15.8,7.3,17.3,43.8
2026-01-20 05:00:00,KYIV-016-2,KYIV-016,Band 3 (1800MHz),-91.1,-9.4,12.5,22.2,8.1,55.3
2026-01-20 05:00:00,KYIV-016-3,KYIV-016,Band 3 (1800MHz),-92.8,-11.4,1.8,25.3,22.7,0.0
2026-01-20 06:00:00,KYIV-001-1,KYIV-001,Band 1 (2100MHz),-88.7,-3.6,10.7,17.6,13.0,0.0
2026-01-20 06:00:00,KYIV-001-2,KYIV-001,Band 1 (2100MHz),-90.5,-11.3,20.9,20.4,6.1,28.6
2026-01-20 06:00:00,KYIV-001-3,KYIV-001,Band 1 (2100MHz),-92.2,-3.3,8.1,20.3,19.6,50.2
2026-01-20 06:00:00,KYIV-002-1,KYIV-002,Band 3 (1800MHz),-90.3,-15.4,5.4,18.0,3.1,29.3
2026-01-20 06:00:00,KYIV-002-2,KYIV-002,Band 3 (1800MHz),-108.7,-13.6,7.9,10.9,0.0,32.0
2026-01-20 06:00:00,KYIV-002-3,KYIV-002,Band 3 (1800MHz),-84.3,-7.8,13.2,13.0,20.0,58.5
2026-01-20 06:00:00,KYIV-003-1,KYIV-003,Band 1 (2100MHz),-84.4,-10.0,24.2,29.9,10.8,0.0
2026-01-20 06:00:00,KYIV-003-2,KYIV-003,Band 1 (2100MHz),-87.4,-9.3,17.9,1.8,28.1,3.6
2026-01-20 06:00:00,KYIV-003-3,KYIV-003,Band 1 (2100MHz),-86.7,-11.9,5.1,16.0,11.5,32.6
2026-01-20 06:00:00,KYIV-004-1,KYIV-004,Band 3 (1800MHz),-84.8,-9.1,16.6,13.6,11.5,21.1
2026-01-20 06:00:00,KYIV-004-2,KYIV-004,Band 3 (1800MHz),-81.0,-10.3,10.0,0.0,2.3,57.6
2026-01-20 06:00:00,KYIV-004-3,KYIV-004,Band 3 (1800MHz),-86.2,-10.0,16.3,24.5,11.4,0.0
2026-01-20 06:00:00,KYIV-005-1,KYIV-005,Band 1 (2100MHz),-89.7,-8.3,8.5,20.7,0.0,26.4
2026-01-20 06:00:00,KYIV-005-2,KYIV-005,Band 1 (2100MHz),-84.0,-11.2,9.9,12.5,1.9,34.5
2026-01-20 06:00:00,KYIV-005-3,KYIV-005,Band 1 (2100MHz),-95.3,-11.5,6.8,20.9,14.5,30.8
2026-01-20 06:00:00,KYIV-006-1,KYIV-006,Band 3 (1800MHz),-92.0,-6.5,3.0,8.8,0.0,28.1
2026-01-20 06:00:00,KYIV-006-2,KYIV-006,Band 3 (1800MHz),-88.8,-7.1,13.2,20.6,2.1,66.0
2026-01-20 06:00:00,KYIV-006-3,KYIV-006,Band 3 (1800MHz),-80.8,-10.3,12.0,25.0,3.9,64.3
2026-01-20 06:00:00,KYIV-007-1,KYIV-007,Band 1 (2100MHz),-84.1,-7.6,18.6,20.6,0.0,30.1
2026-01-20 06:00:00,KYIV-007-2,KYIV-007,Band 1 (2100MHz),-87.2,-9.2,18.5,6.7,17.4,102.5
2026-01-20 06:00:00,KYIV-007-3,KYIV-007,Band 1 (2100MHz),-84.5,-3.5,2.7,23.9,0.0,42.5
2026-01-20 06:00:00,KYIV-008-1,KYIV-008,Band 3 (1800MHz),-85.3,-5.9,0.7,18.6,13.8,0.0
2026-01-20 06:00:00,KYIV-008-2,KYIV-008,Band 3 (1800MHz),-94.1,-11.0,4.3,36.8,9.4,2.6
2026-01-20 06:00:00,KYIV-008-3,KYIV-008,Band 3 (1800MHz),-82.5,-11.1,14.7,8.0,10.7,70.9
2026-01-20 06:00:00,KYIV-009-1,KYIV-009,Band 1 (2100MHz),-89.2,-10.5,17.6,31.8,9.2,0.0
2026-01-20 06:00:00,KYIV-009-2,KYIV-009,Band 1 (2100MHz),-90.5,-5.5,3.9,6.9,0.0,24.1
2026-01-20 06:00:00,KYIV-009-3,KYIV-009,Band 1 (2100MHz),-84.6,-7.6,11.5,21.7,5.7,17.4
2026-01-20 06:00:00,KYIV-010-1,KYIV-010,Band 3 (1800MHz),-88.8,-8.3,7.1,31.7,14.3,23.3
2026-01-20 06:00:00,KYIV-010-2,KYIV-010,Band 3 (1800MHz),-95.5,-7.0,10.3,15.9,4.1,30.6
2026-01-20 06:00:00,KYIV-010-3,KYIV-010,Band 3 (1800MHz),-94.8,-6.5,2.2,33.9,8.9,12.7
2026-01-20 06:00:00,KYIV-011-1,KYIV-011,Band 1 (2100MHz),-88.6,-7.6,12.0,5.6,9.2,49.2
2026-01-20 06:00:00,KYIV-011-2,KYIV-011,Band 1 (2100MHz),-80.6,-9.0,12.5,0.0,21.7,40.3
2026-01-20 06:00:00,KYIV-011-3,KYIV-011,Band 1 (2100MHz),-84.2,-5.9,2.9,1.0,10.9,31.7
2026-01-20 06:00:00,KYIV-012-1,KYIV-012,Band 3 (1800MHz),-92.8,-8.3,16.9,5.3,30.9,20.7
2026-01-20 06:00:00,KYIV-012-2,KYIV-012,Band 3 (1800MHz),-90.0,-6.3,10.6,16.4,11.5,33.1
2026-01-20 06:00:00,KYIV-012-3,KYIV-012,Band 3 (1800MHz),-84.3,-9.7,9.4,19.4,18.1,37.2
2026-01-20 06:00:00,KYIV-013-1,KYIV-013,Band 1 (2100MHz),-87.8,-6.5,13.1,11.5,27.2,20.8
2026-01-20 06:00:00,KYIV-013-2,KYIV-013,Band 1 (2100MHz),-85.3,-10.4,7.7,14.2,5.8,65.3
2026-01-20 06:00:00,KYIV-013-3,KYIV-013,Band 1 (2100MHz),-90.1,-11.5,11.4,1.7,2.6,14.3
2026-01-20 06:00:00,KYIV-014-1,KYIV-014,Band 3 (1800MHz),-80.9,-10.3,5.0,32.0,18.8,33.0
2026-01-20 06:00:00,KYIV-014-2,KYIV-014,Band 3 (1800MHz),-109.1,-15.6,13.5,29.9,0.0,35.5
2026-01-20 06:00:00,KYIV-014-3,KYIV-014,Band 3 (1800MHz),-87.2,-7.6,0.9,28.2,17.8,51.1
2026-01-20 06:00:00,KYIV-015-1,KYIV-015,Band 1 (2100MHz),-85.1,-7.8,19.5,9.9,8.2,4.1
2026-01-20 06:00:00,KYIV-015-2,KYIV-015,Band 1 (2100MHz),-94.0,-8.1,11.2,30.9,2.1,72.1
2026-01-20 06:00:00,KYIV-015-3,KYIV-015,Band 1 (2100MHz),-93.6,-9.8,17.8,0.0,11.8,6.7
2026-01-20 06:00:00,KYIV-016-1,KYIV-016,Band 3 (1800MHz),-86.6,-10.4,15.5,12.0,12.0,0.0
2026-01-20 06:00:00,KYIV-016-2,KYIV-016,Band 3 (1800MHz),-94.5,-8.6,10.9,0.0,8.3,49.4
2026-01-20 06:00:00,KYIV-016-3,KYIV-016,Band 3 (1800MHz),-81.4,-8.4,8.0,10.1,3.4,0.0
2026-01-20 07:00:00,KYIV-001-1,KYIV-001,Band 1 (2100MHz),-91.0,-11.2,13.2,64.5,26.1,85.6
2026-01-20 07:00:00,KYIV-001-2,KYIV-001,Band 1 (2100MHz),-84.1,-9.1,14.6,59.0,45.1,71.6
2026-01-20 07:00:00,KYIV-001-3,KYIV-001,Band 1 (2100MHz),-89.9,-10.2,18.9,68.1,46.1,96.9
2026-01-20 07:00:00,KYIV-002-1,KYIV-002,Band 3 (1800MHz),-101.2,-18.8,2.4,44.7,37.3,87.1
2026-01-20 07:00:00,KYIV-002-2,KYIV-002,Band 3 (1800MHz),-100.3,-17.3,2.3,37.1,26.0,109.1
2026-01-20 07:00:00,KYIV-002-3,KYIV-002,Band 3 (1800MHz),-90.9,-8.2,14.3,66.6,17.4,102.7
2026-01-20 07:00:00,KYIV-003-1,KYIV-003,Band 1 (2100MHz),-83.3,-10.8,7.6,60.3,36.0,96.4
2026-01-20 07:00:00,KYIV-003-2,KYIV-003,Band 1 (2100MHz),-83.8,-10.8,19.3,44.0,26.9,99.5
2026-01-20 07:00:00,KYIV-003-3,KYIV-003,Band 1 (2100MHz),-82.4,-8.2,12.9,17.1,30.8,71.8
2026-01-20 07:00:00,KYIV-004-1,KYIV-004,Band 3 (1800MHz),-85.1,-9.9,17.8,76.2,35.8,61.3
2026-01-20 07:00:00,KYIV-004-2,KYIV-004,Band 3 (1800MHz),-86.7,-9.6,9.8,58.1,26.9,93.7
2026-01-20 07:00:00,KYIV-004-3,KYIV-004,Band 3 (1800MHz),-83.4,-12.1,13.3,45.6,30.3,69.2
2026-01-20 07:00:00,KYIV-005-1,KYIV-005,Band 1 (2100MHz),-84.8,-9.7,16.9,40.2,25.6,76.1
2026-01-20 07:00:00,KYIV-005-2,KYIV-005,Band 1 (2100MHz),-88.7,-10.7,10.0,33.8,31.7,72.1
2026-01-20 07:00:00,KYIV-005-3,KYIV-005,Band 1 (2100MHz),-104.9,-13.2,4.7,54.1,24.1,54.2
2026-01-20 07:00:00,KYIV-006-1,KYIV-006,Band 3 (1800MHz),-97.0,-11.6,8.2,47.8,28.7,78.5
2026-01-20 07:00:00,KYIV-006-2,KYIV-006,Band 3 (1800MHz),-88.5,-9.4,18.1,67.2,23.8,82.5
2026-01-20 07:00:00,KYIV-006-3,KYIV-006,Band 3 (1800MHz),-85.2,-10.8,13.9,53.4,28.8,97.4
2026-01-20 07:00:00,KYIV-007-1,KYIV-007,Band 1 (2100MHz),-81.7,-8.0,17.2,56.4,38.5,125.3
2026-01-20 07:00:00,KYIV-007-2,KYIV-007,Band 1 (2100MHz),-81.2,-8.2,19.9,30.1,7.4,78.2
2026-01-20 07:00:00,KYIV-007-3,KYIV-007,Band 1 (2100MHz),-86.3,-9.7,10.9,57.6,27.3,87.1
2026-01-20 07:00:00,KYIV-008-1,KYIV-008,Band 3 (1800MHz),-90.7,-12.2,3.9,53.6,22.4,90.5
2026-01-20 07:00:00,KYIV-008-2,KYIV-008,Band 3 (1800MHz),-88.5,-9.1,4.8,40.0,24.9,75.7
2026-01-20 07:00:00,KYIV-008-3,KYIV-008,Band 3 (1800MHz),-85.2,-10.7,17.1,54.0,28.6,69.4
2026-01-20 07:00:00,KYIV-009-1,KYIV-009,Band 1 (2100MHz),-83.8,-10.4,22.1,51.8,30.2,45.8
2026-01-20 07:00:00,KYIV-009-2,KYIV-009,Band 1 (2100MHz),-92.8,-7.0,3.2,39.1,37.0,90.2
2026-01-20 07:00:00,KYIV-009-3,KYIV-009,Band 1 (2100MHz),-85.0,-10.4,6.7,51.2,37.6,52.6
2026-01-20 07:00:00,KYIV-010-1,KYIV-010,Band 3 (1800MHz),-86.8,-12.0,9.9,64.3,26.4,96.9
2026-01-20 07:00:00,KYIV-010-2,KYIV-010,Band 3 (1800MHz),-81.1,-9.8,15.0,46.6,26.2,88.2
2026-01-20 07:00:00,KYIV-010-3,KYIV-010,Band 3 (1800MHz),-89.2,-8.7,9.5,57.5,33.0,77.2
2026-01-20 07:00:00,KYIV-011-1,KYIV-011,Band 1 (2100MHz),-96.9,-7.3,13.6,58.0,33.5,76.6
2026-01-20 07:00:00,KYIV-011-2,KYIV-011,Band 1 (2100MHz),-87.7,-10.8,0.1,48.8,26.5,82.2
2026-01-20 07:00:00,KYIV-011-3,KYIV-011,Band 1 (2100MHz),-85.3,-9.5,16.2,56.1,19.3,64.5
2026-01-20 07:00:00,KYIV-012-1,KYIV-012,Band 3 (1800MHz),-90.9,-9.8,15.7,44.0,28.4,89.6
2026-01-20 07:00:00,KYIV-012-2,KYIV-012,Band 3 (1800MHz),-82.5,-9.7,12.0,71.8,43.7,83.7
2026-01-20 07:00:00,KYIV-012-3,KYIV-012,Band 3 (1800MHz),-93.9,-9.3,12.2,41.7,24.6,78.5
2026-01-20 07:00:00,KYIV-013-1,KYIV-013,Band 1 (2100MHz),-87.0,-11.9,20.2,49.9,28.1,112.1
2026-01-20 07:00:00,KYIV-013-2,KYIV-013,Band 1 (2100MHz),-85.5,-13.1,8.0,65.1,27.7,118.8
2026-01-20 07:00:00,KYIV-013-3,KYIV-013,Band 1 (2100MHz),-94.6,-13.8,5.8,69.1,31.0,106.7
2026-01-20 07:00:00,KYIV-014-1,KYIV-014,Band 3 (1800MHz),-85.5,-9.4,15.6,56.7,20.9,58.5
2026-01-20 07:00:00,KYIV-014-2,KYIV-014,Band 3 (1800MHz),-99.8,-13.0,8.5,54.2,30.2,109.1
2026-01-20 07:00:00,KYIV-014-3,KYIV-014,Band 3 (1800MHz),-88.7,-11.5,15.0,43.3,24.4,42.0
2026-01-20 07:00:00,KYIV-015-1,KYIV-015,Band 1 (2100MHz),-87.2,-7.9,17.5,57.9,33.6,103.6
2026-01-20 07:00:00,KYIV-015-2,KYIV-015,Band 1 (2100MHz),-90.6,-7.6,18.7,47.7,45.2,75.1
2026-01-20 07:00:00,KYIV-015-3,KYIV-015,Band 1 (2100MHz),-85.4,-9.7,13.3,60.8,23.1,83.9
2026-01-20 07:00:00,KYIV-016-1,KYIV-016,Band 3 (1800MHz),-92.8,-9.9,14.7,65.6,31.2,87.3
2026-01-20 07:00:00,KYIV-016-2,KYIV-016,Band 3 (1800MHz),-85.5,-9.3,3.3,62.8,33.1,117.1
2026-01-20 07:00:00,KYIV-016-3,KYIV-016,Band 3 (1800MHz),-89.6,-6.5,13.9,67.8,32.5,78.7
2026-01-20 08:00:00,KYIV-001-1,KYIV-001,Band 1 (2100MHz),-88.2,-9.9,8.3,74.0,33.4,93.5
2026-01-20 08:00:00,KYIV-001-2,KYIV-001,Band 1 (2100MHz),-90.6,-10.1,8.9,73.6,29.6,125.3
2026-01-20 08:00:00,KYIV-001-3,KYIV-001,Band 1 (2100MHz),-89.3,-9.5,10.8,69.0,34.5,139.7
2026-01-20 08:00:00,KYIV-002-1,KYIV-002,Band 3 (1800MHz),-99.8,-18.9,0.4,62.3,45.9,99.0
2026-01-20 08:00:00,KYIV-002-2,KYIV-002,Band 3 (1800MHz),-101.8,-16.0,6.5,81.3,25.8,90.3
2026-01-20 08:00:00,KYIV-002-3,KYIV-002,Band 3 (1800MHz),-89.4,-12.6,18.8,60.2,42.1,77.0
2026-01-20 08:00:00,KYIV-003-1,KYIV-003,Band 1 (2100MHz),-100.0,-12.2,8.8,97.2,35.4,112.3
2026-01-20 08:00:00,KYIV-003-2,KYIV-003,Band 1 (2100MHz),-87.0,-13.2,13.7,51.5,42.5,128.1
2026-01-20 08:00:00,KYIV-003-3,KYIV-003,Band 1 (2100MHz),-89.8,-10.2,16.6,68.3,32.0,65.0
2026-01-20 08:00:00,KYIV-004-1,KYIV-004,Band 3 (1800MHz),-87.9,-12.9,6.3,74.9,33.5,56.1
2026-01-20 08:00:00,KYIV-004-2,KYIV-004,Band 3 (1800MHz),-85.7,-8.5,18.9,71.7,45.2,78.0
2026-01-20 08:00:00,KYIV-004-3,KYIV-004,Band 3 (1800MHz),-85.3,-9.6,13.9,73.9,47.7,125.0
2026-01-20 08:00:00,KYIV-005-1,KYIV-005,Band 1 (2100MHz),-87.3,-10.7,12.4,78.6,42.0,151.7
2026-01-20 08:00:00,KYIV-005-2,KYIV-005,Band 1 (2100MHz),-84.3,-15.8,13.7,60.9,30.7,108.0
2026-01-20 08:00:00,KYIV-005-3,KYIV-005,Band 1 (2100MHz),-107.1,-16.6,6.6,62.1,43.9,135.7
2026-01-20 08:00:00,KYIV-006-1,KYIV-006,Band 3 (1800MHz),-81.5,-10.8,8.7,60.6,38.8,108.6
2026-01-20 08:00:00,KYIV-006-2,KYIV-006,Band 3 (1800MHz),-90.6,-7.6,17.2,81.4,46.2,111.9
2026-01-20 08:00:00,KYIV-006-3,KYIV-006,Band 3 (1800MHz),-93.4,-10.0,16.6,76.5,46.5,138.7
2026-01-20 08:00:00,KYIV-007-1,KYIV-007,Band 1 (2100MHz),-86.2,-12.9,14.0,75.5,35.2,131.9
2026-01-20 08:00:00,KYIV-007-2,KYIV-007,Band 1 (2100MHz),-90.8,-10.5,10.9,77.6,46.2,93.7
2026-01-20 08:00:00,KYIV-007-3,KYIV-007,Band 1 (2100MHz),-86.5,-10.6,15.8,73.0,39.9,131.8
2026-01-20 08:00:00,KYIV-008-1,KYIV-008,Band 3 (1800MHz),-91.6,-11.0,7.2,66.5,42.3,119.3
2026-01-20 08:00:00,KYIV-008-2,KYIV-008,Band 3 (1800MHz),-91.8,-6.5,22.3,60.9,43.7,108.1
2026-01-20 08:00:00,KYIV-008-3,KYIV-008,Band 3 (1800MHz),-85.8,-12.7,16.9,70.1,32.8,134.3
2026-01-20 08:00:00,KYIV-009-1,KYIV-009,Band 1 (2100MHz),-87.0,-10.2,13.1,90.2,36.2,151.5
2026-01-20 08:00:00,KYIV-009-2,KYIV-009,Band 1 (2100MHz),-87.8,-6.6,7.4,81.1,35.7,122.9
2026-01-20 08:00:00,KYIV-009-3,KYIV-009,Band 1 (2100MHz),-88.3,-12.1,19.5,72.3,42.7,89.4
2026-01-20 08:00:00,KYIV-010-1,KYIV-010,Band 3 (1800MHz),-92.9,-9.7,7.5,89.3,25.7,76.0
2026-01-20 08:00:00,KYIV-010-2,KYIV-010,Band 3 (1800MHz),-90.5,-12.4,7.8,75.7,32.8,87.2
2026-01-20 08:00:00,KYIV-010-3,KYIV-010,Band 3 (1800MHz),-85.4,-11.0,11.1,90.0,45.2,95.3
2026-01-20 08:00:00,KYIV-011-1,KYIV-011,Band 1 (2100MHz),-86.1,-10.3,9.7,74.3,34.6,82.0
2026-01-20 08:00:00,KYIV-011-2,KYIV-011,Band 1 (2100MHz),-88.9,-8.9,24.0,73.4,32.2,125.2
2026-01-20 08:00:00,KYIV-011-3,KYIV-011,Band 1 (2100MHz),-84.6,-13.2,22.0,71.7,46.8,96.9
2026-01-20 08:00:00,KYIV-012-1,KYIV-012,Band 3 (1800MHz),-91.1,-10.6,14.9,73.9,38.3,128.1
2026-01-20 08:00:00,KYIV-012-2,KYIV-012,Band 3 (1800MHz),-90.7,-9.9,0.6,79.3,22.4,121.6
2026-01-20 08:00:00,KYIV-012-3,KYIV-012,Band 3 (1800MHz),-86.6,-9.3,7.5,47.2,42.0,130.5
2026-01-20 08:00:00,KYIV-013-1,KYIV-013,Band 1 (2100MHz),-84.3,-11.8,12.7,62.1,35.8,109.4
2026-01-20 08:00:00,KYIV-013-2,KYIV-013,Band 1 (2100MHz),-83.5,-8.1,16.3,52.7,33.3,80.8
2026-01-20 08:00:00,KYIV-013-3,KYIV-013,Band 1 (2100MHz),-81.4,-11.1,10.9,55.1,43.2,94.8
2026-01-20 08:00:00,KYIV-014-1,KYIV-014,Band 3 (1800MHz),-89.8,-10.9,19.3,47.2,27.6,52.7
2026-01-20 08:00:00,KYIV-014-2,KYIV-014,Band 3 (1800MHz),-99.7,-10.1,0.7,52.2,38.5,126.7
2026-01-20 08:00:00,KYIV-014-3,KYIV-014,Band 3 (1800MHz),-86.1,-11.2,18.6,77.8,41.0,100.3
2026-01-20 08:00:00,KYIV-015-1,KYIV-015,Band 1 (2100MHz),-86.8,-9.2,9.2,64.5,52.6,109.6
2026-01-20 08:00:00,KYIV-015-2,KYIV-015,Band 1 (2100MHz),-82.3,-11.1,21.5,58.5,47.4,68.3
2026-01-20 08:00:00,KYIV-015-3,KYIV-015,Band 1 (2100MHz),-89.7,-11.1,4.8,78.4,33.0,87.6
2026-01-20 08:00:00,KYIV-016-1,KYIV-016,Band 3 (1800MHz),-92.8,-12.7,15.2,57.4,49.6,82.4
2026-01-20 08:00:00,KYIV-016-2,KYIV-016,Band 3 (1800MHz),-82.3,-9.4,7.1,73.4,50.7,130.7
2026-01-20 08:00:00,KYIV-016-3,KYIV-016,Band 3 (1800MHz),-95.3,-7.6,14.3,79.7,48.0,123.6
2026-01-20 09:00:00,KYIV-001-1,KYIV-001,Band 1 (2100MHz),-81.2,-11.8,16.3,66.1,30.6,102.8
2026-01-20 09:00:00,KYIV-001-2,KYIV-001,Band 1 (2100MHz),-77.5,-11.0,15.5,43.3,29.2,84.3
2026-01-20 09:00:00,KYIV-001-3,KYIV-001,Band 1 (2100MHz),-88.2,-9.0,12.7,26.8,42.6,80.9
2026-01-20 09:00:00,KYIV-002-1,KYIV-002,Band 3 (1800MHz),-99.5,-15.8,3.5,46.4,20.6,58.0
2026-01-20 09:00:00,KYIV-002-2,KYIV-002,Band 3 (1800MHz),-100.2,-15.0,10.8,47.7,35.8,39.2
2026-01-20 09:00:00,KYIV-002-3,KYIV-002,Band 3 (1800MHz),-94.1,-13.9,16.8,37.2,36.3,91.5
2026-01-20 09:00:00,KYIV-003-1,KYIV-003,Band 1 (2100MHz),-87.9,-7.8,0.1,51.7,22.3,139.1
2026-01-20 09:00:00,KYIV-003-2,KYIV-003,Band 1 (2100MHz),-89.6,-9.2,11.3,38.5,29.6,54.1
2026-01-20 09:00:00,KYIV-003-3,KYIV-003,Band 1 (2100MHz),-88.1,-12.7,13.1,64.1,35.0,74.8
2026-01-20 09:00:00,KYIV-004-1,KYIV-004,Band 3 (1800MHz),-79.2,-7.9,5.3,61.9,27.3,141.8
2026-01-20 09:00:00,KYIV-004-2,KYIV-004,Band 3 (1800MHz),-87.1,-3.7,12.4,56.4,32.1,103.6
2026-01-20 09:00:00,KYIV-004-3,KYIV-004,Band 3 (1800MHz),-82.9,-10.2,17.8,54.1,22.9,108.8
2026-01-20 09:00:00,KYIV-005-1,KYIV-005,Band 1 (2100MHz),-88.8,-10.3,2.4,58.5,41.8,73.3
2026-01-20 09:00:00,KYIV-005-2,KYIV-005,Band 1 (2100MHz),-91.5,-5.0,15.4,55.3,35.5,90.4
2026-01-20 09:00:00,KYIV-005-3,KYIV-005,Band 1 (2100MHz),-97.4,-13.1,-2.0,40.9,27.4,80.4
2026-01-20 09:00:00,KYIV-006-1,KYIV-006,Band 3 (1800MHz),-82.8,-10.7,18.1,57.5,31.6,68.5
2026-01-20 09:00:00,KYIV-006-2,KYIV-006,Band 3 (1800MHz),-86.0,-8.4,20.9,52.8,30.0,76.2
2026-01-20 09:00:00,KYIV-006-3,KYIV-006,Band 3 (1800MHz),-90.9,-14.5,11.7,70.8,24.7,99.6
2026-01-20 09:00:00,KYIV-007-1,KYIV-007,Band 1 (2100MHz),-93.1,-10.9,14.5,56.6,38.4,108.3
2026-01-20 09:00:00,KYIV-007-2,KYIV-007,Band 1 (2100MHz),-89.0,-10.4,15.5,61.6,25.9,110.2
2026-01-20 09:00:00,KYIV-007-3,KYIV-007,Band 1 (2100MHz),-77.6,-11.3,15.2,48.3,43.5,107.7
2026-01-20 09:00:00,KYIV-008-1,KYIV-008,Band 3 (1800MHz),-89.3,-8.4,17.7,28.3,37.2,87.5
2026-01-20 09:00:00,KYIV-008-2,KYIV-008,Band 3 (1800MHz),-81.9,-10.2,6.4,57.8,33.6,79.2
2026-01-20 09:00:00,KYIV-008-3,KYIV-008,Band 3 (1800MHz),-85.7,-10.4,17.9,59.8,21.9,92.3
2026-01-20 09:00:00,KYIV-009-1,KYIV-009,Band 1 (2100MHz),-95.2,-12.2,8.4,53.3,42.3,100.6
2026-01-20 09:00:00,KYIV-009-2,KYIV-009,Band 1 (2100MHz),-87.9,-11.5,12.4,36.5,23.4,88.7
2026-01-20 09:00:00,KYIV-009-3,KYIV-009,Band 1 (2100MHz),-87.3,-12.5,15.2,77.9,18.3,98.8
2026-01-20 09:00:00,KYIV-010-1,KYIV-010,Band 3 (1800MHz),-85.0,-10.3,19.7,66.2,39.7,85.1
2026-01-20 09:00:00,KYIV-010-2,KYIV-010,Band 3 (1800MHz),-83.9,-7.9,13.6,37.7,37.0,102.8
2026-01-20 09:00:00,KYIV-010-3,KYIV-010,Band 3 (1800MHz),-94.9,-9.2,18.0,63.0,31.7,66.2
2026-01-20 09:00:00,KYIV-011-1,KYIV-011,Band 1 (2100MHz),-86.1,-9.4,12.7,73.0,18.4,92.6
2026-01-20 09:00:00,KYIV-011-2,KYIV-011,Band 1 (2100MHz),-80.3,-10.9,10.3,61.3,39.6,96.6
2026-01-20 09:00:00,KYIV-011-3,KYIV-011,Band 1 (2100MHz),-88.5,-9.0,14.2,35.8,35.9,70.8
2026-01-20 09:00:00,KYIV-012-1,KYIV-012,Band 3 (1800MHz),-95.4,-10.5,13.2,59.4,35.1,115.0
2026-01-20 09:00:00,KYIV-012-2,KYIV-012,Band 3 (1800MHz),-93.1,-9.5,12.1,37.7,39.1,117.8
2026-01-20 09:00:00,KYIV-012-3,KYIV-012,Band 3 (1800MHz),-87.5,-10.3,9.0,41.9,39.6,120.3
2026-01-20 09:00:00,KYIV-013-1,KYIV-013,Band 1 (2100MHz),-81.3,-8.5,12.8,54.9,37.8,76.4
2026-01-20 09:00:00,KYIV-013-2,KYIV-013,Band 1 (2100MHz),-88.1,-9.7,14.1,38.6,24.9,110.7
2026-01-20 09:00:00,KYIV-013-3,KYIV-013,Band 1 (2100MHz),-86.2,-9.8,18.8,47.8,33.0,72.6
2026-01-20 09:00:00,KYIV-014-1,KYIV-014,Band 3 (1800MHz),-84.7,-8.4,14.1,66.6,29.9,66.6
2026-01-20 09:00:00,KYIV-014-2,KYIV-014,Band 3 (1800MHz),-98.1,-12.5,-6.9,53.7,36.0,121.5
2026-01-20 09:00:00,KYIV-014-3,KYIV-014,Band 3 (1800MHz),-86.8,-8.0,9.0,60.9,34.7,93.7
2026-01-20 09:00:00,KYIV-015-1,KYIV-015,Band 1 (2100MHz),-93.2,-10.6,13.0,48.9,35.2,76.1
2026-01-20 09:00:00,KYIV-015-2,KYIV-015,Band 1 (2100MHz),-78.6,-12.8,17.3,51.0,45.6,103.7
2026-01-20 09:00:00,KYIV-015-3,KYIV-015,Band 1 (2100MHz),-84.9,-12.8,12.9,51.9,26.8,116.5
2026-01-20 09:00:00,KYIV-016-1,KYIV-016,Band 3 (1800MHz),-89.4,-8.8,14.4,49.6,36.5,89.3
2026-01-20 09:00:00,KYIV-016-2,KYIV-016,Band 3 (1800MHz),-86.9,-8.4,8.6,64.2,40.8,128.9
2026-01-20 09:00:00,KYIV-016-3,KYIV-016,Band 3 (1800MHz),-83.8,-11.8,9.4,45.6,36.5,92.5
2026-01-20 10:00:00,KYIV-001-1,KYIV-001,Band 1 (2100MHz),-85.2,-11.5,22.0,28.0,1.1,13.6
2026-01-20 10:00:00,KYIV-001-2,KYIV-001,Band 1 (2100MHz),-87.5,-7.5,14.3,6.6,0.0,24.6
2026-01-20 10:00:00,KYIV-001-3,KYIV-001,Band 1 (2100MHz),-82.8,-6.5,17.2,5.5,16.2,18.7
2026-01-20 10:00:00,KYIV-002-1,KYIV-002,Band 3 (1800MHz),-99.8,-14.6,-0.8,23.9,1.8,27.3
2026-01-20 10:00:00,KYIV-002-2,KYIV-002,Band 3 (1800MHz),-96.7,-12.8,3.0,38.8,1.6,37.9
2026-01-20 10:00:00,KYIV-002-3,KYIV-002,Band 3 (1800MHz),-87.4,-8.5,12.4,16.4,24.7,0.0
2026-01-20 10:00:00,KYIV-003-1,KYIV-003,Band 1 (2100MHz),-90.3,-9.9,12.3,33.5,6.5,22.1
2026-01-20 10:00:00,KYIV-003-2,KYIV-003,Band 1 (2100MHz),-82.5,-9.4,11.5,21.7,2.0,5.0
2026-01-20 10:00:00,KYIV-003-3,KYIV-003,Band 1 (2100MHz),-85.8,-7.9,15.6,21.7,0.0,19.0
2026-01-20 10:00:00,KYIV-004-1,KYIV-004,Band 3 (1800MHz),-89.4,-14.0,15.1,31.7,13.2,10.7
2026-01-20 10:00:00,KYIV-004-2,KYIV-004,Band 3 (1800MHz),-83.8,-6.8,13.4,14.1,19.9,0.0
2026-01-20 10:00:00,KYIV-004-3,KYIV-004,Band 3 (1800MHz),-91.2,-5.6,19.6,23.3,8.0,36.3
2026-01-20 10:00:00,KYIV-005-1,KYIV-005,Band 1 (2100MHz),-84.0,-8.7,5.1,3.2,6.5,17.8
2026-01-20 10:00:00,KYIV-005-2,KYIV-005,Band 1 (2100MHz),-86.3,-6.8,11.9,30.1,23.7,34.4
2026-01-20 10:00:00,KYIV-005-3,KYIV-005,Band 1 (2100MHz),-101.6,-12.1,10.0,21.9,21.4,23.2
2026-01-20 10:00:00,KYIV-006-1,KYIV-006,Band 3 (1800MHz),-86.9,-9.1,9.8,5.7,6.1,55.3
2026-01-20 10:00:00,KYIV-006-2,KYIV-006,Band 3 (1800MHz),-84.8,-7.5,12.4,25.6,19.3,56.2
2026-01-20 10:00:00,KYIV-006-3,KYIV-006,Band 3 (1800MHz),-90.1,-11.4,8.8,38.4,0.0,19.6
2026-01-20 10:00:00,KYIV-007-1,KYIV-007,Band 1 (2100MHz),-86.4,-7.9,12.6,19.0,0.0,23.3
2026-01-20 10:00:00,KYIV-007-2,KYIV-007,Band 1 (2100MHz),-82.0,-8.7,12.9,1.3,0.3,29.7
2026-01-20 10:00:00,KYIV-007-3,KYIV-007,Band 1 (2100MHz),-92.0,-8.7,12.0,27.6,9.5,55.2
2026-01-20 10:00:00,KYIV-008-1,KYIV-008,Band 3 (1800MHz),-86.5,-10.0,8.5,6.2,18.8,15.3
2026-01-20 10:00:00,KYIV-008-2,KYIV-008,Band 3 (1800MHz),-85.6,-10.8,12.9,30.6,18.5,18.6
2026-01-20 10:00:00,KYIV-008-3,KYIV-008,Band 3 (1800MHz),-82.3,-9.5,3.9,28.1,22.3,27.4
2026-01-20 10:00:00,KYIV-009-1,KYIV-009,Band 1 (2100MHz),-95.5,-8.4,13.6,2.3,7.5,35.6
2026-01-20 10:00:00,KYIV-009-2,KYIV-009,Band 1 (2100MHz),-81.7,-5.6,7.9,13.0,5.1,49.0
2026-01-20 10:00:00,KYIV-009-3,KYIV-009,Band 1 (2100MHz),-88.6,-9.7,14.7,0.0,0.0,38.2
2026-01-20 10:00:00,KYIV-010-1,KYIV-010,Band 3 (1800MHz),-89.2,-8.7,19.3,19.7,21.0,4.9
2026-01-20 10:00:00,KYIV-010-2,KYIV-010,Band 3 (1800MHz),-91.4,-8.3,14.2,10.3,9.6,0.0
2026-01-20 10:00:00,KYIV-010-3,KYIV-010,Band 3 (1800MHz),-93.9,-7.6,17.8,20.0,5.1,33.4
2026-01-20 10:00:00,KYIV-011-1,KYIV-011,Band 1 (2100MHz),-88.5,-9.7,5.8,5.9,17.9,26.5
2026-01-20 10:00:00,KYIV-011-2,KYIV-011,Band 1 (2100MHz),-85.5,-8.1,22.7,0.6,3.1,29.8
2026-01-20 10:00:00,KYIV-011-3,KYIV-011,Band 1 (2100MHz),-83.7,-7.9,15.2,12.8,7.7,70.7
2026-01-20 10:00:00,KYIV-012-1,KYIV-012,Band 3 (1800MHz),-83.5,-6.0,21.4,4.2,10.6,50.1
2026-01-20 10:00:00,KYIV-012-2,KYIV-012,Band 3 (1800MHz),-89.4,-10.8,10.3,3.5,0.0,87.8
2026-01-20 10:00:00,KYIV-012-3,KYIV-012,Band 3 (1800MHz),-88.3,-9.9,12.9,17.7,6.0,10.2
2026-01-20 10:00:00,KYIV-013-1,KYIV-013,Band 1 (2100MHz),-90.7,-8.2,13.0,20.6,8.1,63.7
2026-01-20 10:00:00,KYIV-013-2,KYIV-013,Band 1 (2100MHz),-85.9,-5.8,18.2,38.5,9.6,19.8
2026-01-20 10:00:00,KYIV-013-3,KYIV-013,Band 1 (2100MHz),-97.7,-8.1,16.2,5.3,23.1,25.7
2026-01-20 10:00:00,KYIV-014-1,KYIV-014,Band 3 (1800MHz),-88.0,-8.2,21.3,18.7,4.1,50.6
2026-01-20 10:00:00,KYIV-014-2,KYIV-014,Band 3 (1800MHz),-100.4,-10.5,9.6,15.3,0.8,20.9
2026-01-20 10:00:00,KYIV-014-3,KYIV-014,Band 3 (1800MHz),-85.8,-6.9,14.3,18.1,7.5,42.4
2026-01-20 10:00:00,KYIV-015-1,KYIV-015,Band 1 (2100MHz),-90.1,-8.1,21.9,4.5,2.9,0.0
2026-01-20 10:00:00,KYIV-015-2,KYIV-015,Band 1 (2100MHz),-87.7,-10.0,16.6,33.9,9.0,0.0
2026-01-20 10:00:00,KYIV-015-3,KYIV-015,Band 1 (2100MHz),-88.1,-7.2,18.6,18.0,16.4,34.0
2026-01-20 10:00:00,KYIV-016-1,KYIV-016,Band 3 (1800MHz),-93.7,-8.4,17.5,40.9,14.7,66.9
2026-01-20 10:00:00,KYIV-016-2,KYIV-016,Band 3 (1800MHz),-84.3,-5.5,12.9,18.4,3.1,20.5
2026-01-20 10:00:00,KYIV-016-3,KYIV-016,Band 3 (1800MHz),-81.9,-8.1,3.5,22.6,11.9,32.7
2026-01-20 11:00:00,KYIV-001-1,KYIV-001,Band 1 (2100MHz),-89.1,-7.5,7.1,44.1,25.3,88.5
2026-01-20 11:00:00,KYIV-001-2,KYIV-001,Band 1 (2100MHz),-87.5,-11.7,11.7,33.8,22.2,86.2
2026-01-20 11:00:00,KYIV-001-3,KYIV-001,Band 1 (2100MHz),-83.8,-9.1,8.8,40.8,25.3,79.0
2026-01-20 11:00:00,KYIV-002-1,KYIV-002,Band 3 (1800MHz),-97.5,-13.3,9.3,31.0,41.1,68.9
2026-01-20 11:00:00,KYIV-002-2,KYIV-002,Band 3 (1800MHz),-102.5,-14.1,-5.3,49.6,42.9,73.2
2026-01-20 11:00:00,KYIV-002-3,KYIV-002,Band 3 (1800MHz),-90.3,-8.0,8.9,31.7,27.0,69.3
2026-01-20 11:00:00,KYIV-003-1,KYIV-003,Band 1 (2100MHz),-88.4,-10.0,18.7,44.0,23.9,88.3
2026-01-20 11:00:00,KYIV-003-2,KYIV-003,Band 1 (2100MHz),-82.7,-12.1,12.0,42.9,17.9,80.2
2026-01-20 11:00:00,KYIV-003-3,KYIV-003,Band 1 (2100MHz),-86.7,-9.5,11.4,37.9,24.9,81.2
2026-01-20 11:00:00,KYIV-004-1,KYIV-004,Band 3 (1800MHz),-80.2,-12.3,17.8,68.3,37.5,96.6
2026-01-20 11:00:00,KYIV-004-2,KYIV-004,Band 3 (1800MHz),-84.5,-9.1,16.4,45.4,18.7,83.8
2026-01-20 11:00:00,KYIV-004-3,KYIV-004,Band 3 (1800MHz),-87.4,-10.9,15.8,18.9,17.2,87.3
2026-01-20 11:00:00,KYIV-005-1,KYIV-005,Band 1 (2100MHz),-91.7,-12.5,7.2,54.3,37.2,60.5
2026-01-20 11:00:00,KYIV-005-2,KYIV-005,Band 1 (2100MHz),-97.0,-12.5,14.8,55.2,8.1,76.0
2026-01-20 11:00:00,KYIV-005-3,KYIV-005,Band 1 (2100MHz),-99.9,-15.0,5.2,48.2,39.3,53.9
2026-01-20 11:00:00,KYIV-006-1,KYIV-006,Band 3 (1800MHz),-85.4,-10.1,7.6,38.9,38.3,101.6
2026-01-20 11:00:00,KYIV-006-2,KYIV-006,Band 3 (1800MHz),-87.2,-8.3,13.2,48.3,26.0,72.0
2026-01-20 11:00:00,KYIV-006-3,KYIV-006,Band 3 (1800MHz),-85.8,-10.6,17.6,40.8,24.3,80.4
2026-01-20 11:00:00,KYIV-007-1,KYIV-007,Band 1 (2100MHz),-86.7,-10.1,11.3,48.4,8.1,62.7
2026-01-20 11:00:00,KYIV-007-2,KYIV-007,Band 1 (2100MHz),-85.1,-10.1,14.3,43.3,38.0,70.5
2026-01-20 11:00:00,KYIV-007-3,KYIV-007,Band 1 (2100MHz),-78.8,-12.7,14.8,50.9,23.5,61.5
2026-01-20 11:00:00,KYIV-008-1,KYIV-008,Band 3 (1800MHz),-87.7,-8.7,11.7,50.9,35.8,46.8
2026-01-20 11:00:00,KYIV-008-2,KYIV-008,Band 3 (1800MHz),-75.7,-11.9,12.8,53.4,40.1,74.4
2026-01-20 11:00:00,KYIV-008-3,KYIV-008,Band 3 (1800MHz),-88.7,-9.8,14.3,51.4,38.4,69.7
2026-01-20 11:00:00,KYIV-009-1,KYIV-009,Band 1 (2100MHz),-82.6,-8.0,6.6,42.7,21.9,101.9
2026-01-20 11:00:00,KYIV-009-2,KYIV-009,Band 1 (2100MHz),-89.0,-10.3,12.0,47.7,15.5,73.5
2026-01-20 11:00:00,KYIV-009-3,KYIV-009,Band 1 (2100MHz),-86.0,-7.3,24.9,52.0,25.4,109.5
2026-01-20 11:00:00,KYIV-010-1,KYIV-010,Band 3 (1800MHz),-90.8,-12.3,5.6,50.8,25.4,40.1
2026-01-20 11:00:00,KYIV-010-2,KYIV-010,Band 3 (1800MHz),-85.8,-8.5,11.1,32.4,29.0,61.0
2026-01-20 11:00:00,KYIV-010-3,KYIV-010,Band 3 (1800MHz),-91.1,-9.5,10.2,45.5,12.3,73.7
2026-01-20 11:00:00,KYIV-011-1,KYIV-011,Band 1 (2100MHz),-87.6,-10.2,11.1,23.8,12.6,90.6
2026-01-20 11:00:00,KYIV-011-2,KYIV-011,Band 1 (2100MHz),-87.7,-13.4,8.8,40.2,44.6,89.2
2026-01-20 11:00:00,KYIV-011-3,KYIV-011,Band 1 (2100MHz),-92.6,-10.9,9.8,52.8,39.8,71.8
2026-01-20 11:00:00,KYIV-012-1,KYIV-012,Band 3 (1800MHz),-80.4,-9.1,13.7,47.4,24.2,55.8
2026-01-20 11:00:00,KYIV-012-2,KYIV-012,Band 3 (1800MHz),-90.1,-12.3,10.8,44.0,27.9,84.1
2026-01-20 11:00:00,KYIV-012-3,KYIV-012,Band 3 (1800MHz),-83.9,-10.6,14.0,42.1,19.4,82.1
2026-01-20 11:00:00,KYIV-013-1,KYIV-013,Band 1 (2100MHz),-92.6,-10.3,17.1,48.3,44.8,73.1
2026-01-20 11:00:00,KYIV-013-2,KYIV-013,Band 1 (2100MHz),-77.5,-11.0,8.2,37.7,23.4,92.8
2026-01-20 11:00:00,KYIV-013-3,KYIV-013,Band 1 (2100MHz),-84.2,-11.5,1.9,56.1,10.5,49.0
2026-01-20 11:00:00,KYIV-014-1,KYIV-014,Band 3 (1800MHz),-91.7,-8.9,8.0,35.0,32.8,43.6
2026-01-20 11:00:00,KYIV-014-2,KYIV-014,Band 3 (1800MHz),-104.0,-13.7,-2.8,74.3,36.7,95.3
2026-01-20 11:00:00,KYIV-014-3,KYIV-014,Band 3 (1800MHz),-89.9,-8.6,15.1,47.6,23.2,112.9
2026-01-20 11:00:00,KYIV-015-1,KYIV-015,Band 1 (2100MHz),-79.3,-9.1,19.2,47.4,18.9,109.5
2026-01-20 11:00:00,KYIV-015-2,KYIV-015,Band 1 (2100MHz),-90.4,-10.6,11.2,36.0,26.6,52.8
2026-01-20 11:00:00,KYIV-015-3,KYIV-015,Band 1 (2100MHz),-83.1,-10.5,6.2,53.9,28.0,97.9
2026-01-20 11:00:00,KYIV-016-1,KYIV-016,Band 3 (1800MHz),-92.0,-12.4,11.6,47.7,43.9,90.2
2026-01-20 11:00:00,KYIV-016-2,KYIV-016,Band 3 (1800MHz),-83.7,-10.4,20.8,57.1,13.8,20.7
2026-01-20 11:00:00,KYIV-016-3,KYIV-016,Band 3 (1800MHz),-84.0,-16.7,4.2,28.8,20.1,63.3
2026-01-20 12:00:00,KYIV-001-1,KYIV-001,Band 1 (2100MHz),-90.1,-12.9,13.5,40.1,26.0,62.1
2026-01-20 12:00:00,KYIV-001-2,KYIV-001,Band 1 (2100MHz),-91.9,-9.3,15.7,63.2,40.6,105.2
2026-01-20 12:00:00,KYIV-001-3,KYIV-001,Band 1 (2100MHz),-88.4,-9.2,22.1,44.2,39.2,109.7
2026-01-20 12:00:00,KYIV-002-1,KYIV-002,Band 3 (1800MHz),-98.5,-15.8,6.3,48.7,21.0,66.6
2026-01-20 12:00:00,KYIV-002-2,KYIV-002,Band 3 (1800MHz),-96.6,-12.2,9.0,54.5,35.8,43.4
2026-01-20 12:00:00,KYIV-002-3,KYIV-002,Band 3 (1800MHz),-87.7,-13.5,14.7,47.1,24.0,81.5
2026-01-20 12:00:00,KYIV-003-1,KYIV-003,Band 1 (2100MHz),-86.2,-10.8,7.9,31.4,28.8,41.6
2026-01-20 12:00:00,KYIV-003-2,KYIV-003,Band 1 (2100MHz),-85.5,-10.4,16.0,37.9,27.4,76.7
2026-01-20 12:00:00,KYIV-003-3,KYIV-003,Band 1 (2100MHz),-77.8,-13.6,10.0,31.2,25.2,65.7
2026-01-20 12:00:00,KYIV-004-1,KYIV-004,Band 3 (1800MHz),-77.8,-10.9,19.6,44.9,22.8,75.0
2026-01-20 12:00:00,KYIV-004-2,KYIV-004,Band 3 (1800MHz),-84.9,-8.3,10.6,82.5,24.3,51.1
2026-01-20 12:00:00,KYIV-004-3,KYIV-004,Band 3 (1800MHz),-80.0,-10.5,14.0,40.8,29.3,97.0
2026-01-20 12:00:00,KYIV-005-1,KYIV-005,Band 1 (2100MHz),-88.0,-7.2,10.6,51.8,24.7,84.5
2026-01-20 12:00:00,KYIV-005-2,KYIV-005,Band 1 (2100MHz),-85.3,-6.6,13.7,35.7,11.8,67.8
2026-01-20 12:00:00,KYIV-005-3,KYIV-005,Band 1 (2100MHz),-102.3,-12.8,3.3,62.4,41.2,22.8
2026-01-20 12:00:00,KYIV-006-1,KYIV-006,Band 3 (1800MHz),-89.2,-12.2,19.7,59.6,18.9,45.0
2026-01-20 12:00:00,KYIV-006-2,KYIV-006,Band 3 (1800MHz),-89.7,-11.4,3.8,38.5,40.8,52.0
2026-01-20 12:00:00,KYIV-006-3,KYIV-006,Band 3 (1800MHz),-88.3,-7.2,1.7,61.2,23.1,80.7
2026-01-20 12:00:00,KYIV-007-1,KYIV-007,Band 1 (2100MHz),-90.3,-11.0,7.1,57.2,43.3,66.3
2026-01-20 12:00:00,KYIV-007-2,KYIV-007,Band 1 (2100MHz),-92.2,-10.2,5.4,32.5,23.6,97.9
2026-01-20 12:00:00,KYIV-007-3,KYIV-007,Band 1 (2100MHz),-86.6,-10.1,15.6,43.6,24.3,85.6
2026-01-20 12:00:00,KYIV-008-1,KYIV-008,Band 3 (1800MHz),-84.6,-10.5,17.1,57.5,44.0,104.7
2026-01-20 12:00:00,KYIV-008-2,KYIV-008,Band 3 (1800MHz),-88.3,-13.2,18.0,36.5,19.8,68.1
2026-01-20 12:00:00,KYIV-008-3,KYIV-008,Band 3 (1800MHz),-88.6,-8.6,10.1,63.4,46.3,53.1
2026-01-20 12:00:00,KYIV-009-1,KYIV-009,Band 1 (2100MHz),-88.8,-6.8,16.1,36.9,31.3,51.6
2026-01-20 12:00:00,KYIV-009-2,KYIV-009,Band 1 (2100MHz),-88.7,-11.3,12.2,29.8,27.6,70.0
2026-01-20 12:00:00,KYIV-009-3,KYIV-009,Band 1 (2100MHz),-86.1,-12.4,10.0,40.6,28.4,40.6
2026-01-20 12:00:00,KYIV-010-1,KYIV-010,Band 3 (1800MHz),-85.3,-9.5,6.0,27.2,28.9,86.5
2026-01-20 12:00:00,KYIV-010-2,KYIV-010,Band 3 (1800MHz),-91.3,-11.9,5.8,57.9,27.6,82.0
2026-01-20 12:00:00,KYIV-010-3,KYIV-010,Band 3 (1800MHz),-83.9,-10.9,12.3,36.1,16.6,66.1
2026-01-20 12:00:00,KYIV-011-1,KYIV-011,Band 1 (2100MHz),-84.5,-14.0,20.3,44.5,33.3,104.5
2026-01-20 12:00:00,KYIV-011-2,KYIV-011,Band 1 (2100MHz),-88.3,-9.0,7.8,30.0,14.1,86.7
2026-01-20 12:00:00,KYIV-011-3,KYIV-011,Band 1 (2100MHz),-88.3,-8.8,16.1,52.8,37.6,57.3
2026-01-20 12:00:00,KYIV-012-1,KYIV-012,Band 3 (1800MHz),-83.1,-10.8,5.7,47.4,37.5,57.5
2026-01-20 12:00:00,KYIV-012-2,KYIV-012,Band 3 (1800MHz),-90.9,-8.4,20.8,55.9,24.3,63.1
2026-01-20 12:00:00,KYIV-012-3,KYIV-012,Band 3 (1800MHz),-87.4,-11.8,15.7,48.0,37.2,120.6
2026-01-20 12:00:00,KYIV-013-1,KYIV-013,Band 1 (2100MHz),-87.3,-9.2,10.5,36.4,27.9,110.4
2026-01-20 12:00:00,KYIV-013-2,KYIV-013,Band 1 (2100MHz),-84.5,-11.5,12.0,66.6,27.4,111.9
2026-01-20 12:00:00,KYIV-013-3,KYIV-013,Band 1 (2100MHz),-93.2,-5.6,8.1,40.1,21.7,68.6
2026-01-20 12:00:00,KYIV-014-1,KYIV-014,Band 3 (1800MHz),-88.1,-9.8,15.1,61.3,33.8,73.9
2026-01-20 12:00:00,KYIV-014-2,KYIV-014,Band 3 (1800MHz),-97.5,-13.5,9.0,43.1,35.9,54.0
2026-01-20 12:00:00,KYIV-014-3,KYIV-014,Band 3 (1800MHz),-89.7,-8.4,15.4,15.7,31.4,29.2
2026-01-20 12:00:00,KYIV-015-1,KYIV-015,Band 1 (2100MHz),-94.9,-11.1,18.5,56.0,32.1,72.2
2026-01-20 12:00:00,KYIV-015-2,KYIV-015,Band 1 (2100MHz),-88.2,-9.2,19.6,40.6,23.6,77.1
2026-01-20 12:00:00,KYIV-015-3,KYIV-015,Band 1 (2100MHz),-84.7,-12.3,13.2,31.3,26.2,56.4
2026-01-20 12:00:00,KYIV-016-1,KYIV-016,Band 3 (1800MHz),-89.1,-11.8,7.1,47.8,22.3,108.3
2026-01-20 12:00:00,KYIV-016-2,KYIV-016,Band 3 (1800MHz),-87.8,-8.3,8.9,43.3,21.9,106.6
2026-01-20 12:00:00,KYIV-016-3,KYIV-016,Band 3 (1800MHz),-80.9,-9.6,13.0,51.1,22.6,57.8
2026-01-20 13:00:00,KYIV-001-1,KYIV-001,Band 1 (2100MHz),-89.4,-11.3,5.5,59.3,24.6,112.4
2026-01-20 13:00:00,KYIV-001-2,KYIV-001,Band 1 (2100MHz),-93.4,-8.9,15.1,42.7,32.3,41.3
2026-01-20 13:00:00,KYIV-001-3,KYIV-001,Band 1 (2100MHz),-84.4,-11.6,17.6,61.3,26.6,51.7
2026-01-20 13:00:00,KYIV-002-1,KYIV-002,Band 3 (1800MHz),-100.6,-11.9,0.0,39.3,29.8,85.8
2026-01-20 13:00:00,KYIV-002-2,KYIV-002,Band 3 (1800MHz),-100.5,-11.8,3.3,39.3,22.2,100.7
2026-01-20 13:00:00,KYIV-002-3,KYIV-002,Band 3 (1800MHz),-90.1,-6.8,16.8,40.0,8.5,85.6
2026-01-20 13:00:00,KYIV-003-1,KYIV-003,Band 1 (2100MHz),-85.6,-6.1,11.5,26.7,26.0,88.1
2026-01-20 13:00:00,KYIV-003-2,KYIV-003,Band 1 (2100MHz),-82.0,-12.5,9.0,46.5,37.0,48.3
2026-01-20 13:00:00,KYIV-003-3,KYIV-003,Band 1 (2100MHz),-81.3,-7.9,12.8,44.0,30.3,102.0
2026-01-20 13:00:00,KYIV-004-1,KYIV-004,Band 3 (1800MHz),-83.0,-11.3,15.6,35.9,29.2,53.3
2026-01-20 13:00:00,KYIV-004-2,KYIV-004,Band 3 (1800MHz),-87.9,-12.2,11.8,46.9,25.0,89.5
2026-01-20 13:00:00,KYIV-004-3,KYIV-004,Band 3 (1800MHz),-82.2,-10.6,5.0,48.9,26.3,85.4
2026-01-20 13:00:00,KYIV-005-1,KYIV-005,Band 1 (2100MHz),-95.4,-9.3,15.7,72.4,32.6,97.1
2026-01-20 13:00:00,KYIV-005-2,KYIV-005,Band 1 (2100MHz),-83.7,-14.9,17.1,53.1,45.1,114.5
2026-01-20 13:00:00,KYIV-005-3,KYIV-005,Band 1 (2100MHz),-97.1,-14.2,6.5,45.4,17.8,52.7
2026-01-20 13:00:00,KYIV-006-1,KYIV-006,Band 3 (1800MHz),-86.4,-11.2,9.0,38.9,24.7,76.8
2026-01-20 13:00:00,KYIV-006-2,KYIV-006,Band 3 (1800MHz),-90.8,-12.4,11.7,61.8,34.8,94.5
2026-01-20 13:00:00,KYIV-006-3,KYIV-006,Band 3 (1800MHz),-86.4,-6.5,12.5,55.9,32.6,48.3
2026-01-20 13:00:00,KYIV-007-1,KYIV-007,Band 1 (2100MHz),-81.0,-10.1,15.2,25.1,28.2,75.1
2026-01-20 13:00:00,KYIV-007-2,KYIV-007,Band 1 (2100MHz),-78.2,-9.9,11.1,37.8,29.4,99.5
2026-01-20 13:00:00,KYIV-007-3,KYIV-007,Band 1 (2100MHz),-88.5,-9.6,15.0,55.0,37.2,72.7
2026-01-20 13:00:00,KYIV-008-1,KYIV-008,Band 3 (1800MHz),-85.2,-11.6,20.0,50.8,6.7,89.6
2026-01-20 13:00:00,KYIV-008-2,KYIV-008,Band 3 (1800MHz),-87.3,-8.6,13.5,42.9,24.9,60.5
2026-01-20 13:00:00,KYIV-008-3,KYIV-008,Band 3 (1800MHz),-86.5,-8.9,12.8,61.3,31.4,82.2
2026-01-20 13:00:00,KYIV-009-1,KYIV-009,Band 1 (2100MHz),-92.8,-9.1,20.9,48.3,22.1,73.4
2026-01-20 13:00:00,KYIV-009-2,KYIV-009,Band 1 (2100MHz),-91.3,-7.6,15.8,67.7,31.7,87.9
2026-01-20 13:00:00,KYIV-009-3,KYIV-009,Band 1 (2100MHz),-83.4,-8.4,11.3,55.7,45.1,86.7
2026-01-20 13:00:00,KYIV-010-1,KYIV-010,Band 3 (1800MHz),-91.0,-13.3,1.8,56.1,23.4,72.5
2026-01-20 13:00:00,KYIV-010-2,KYIV-010,Band 3 (1800MHz),-78.0,-11.2,15.4,58.8,32.2,58.1
2026-01-20 13:00:00,KYIV-010-3,KYIV-010,Band 3 (1800MHz),-87.7,-10.6,19.5,57.5,27.3,62.2
2026-01-20 13:00:00,KYIV-011-1,KYIV-011,Band 1 (2100MHz),-86.0,-9.8,14.3,67.1,39.0,70.3
2026-01-20 13:00:00,KYIV-011-2,KYIV-011,Band 1 (2100MHz),-87.0,-11.1,18.5,48.9,14.3,89.4
2026-01-20 13:00:00,KYIV-011-3,KYIV-011,Band 1 (2100MHz),-87.4,-9.0,5.8,44.0,24.9,82.0
2026-01-20 13:00:00,KYIV-012-1,KYIV-012,Band 3 (1800MHz),-87.1,-9.6,7.1,52.7,21.6,114.1
2026-01-20 13:00:00,KYIV-012-2,KYIV-012,Band 3 (1800MHz),-85.7,-9.3,13.9,82.1,29.1,74.1
2026-01-20 13:00:00,KYIV-012-3,KYIV-012,Band 3 (1800MHz),-83.2,-8.6,8.7,31.4,31.1,60.2
2026-01-20 13:00:00,KYIV-013-1,KYIV-013,Band 1 (2100MHz),-84.8,-11.5,14.1,64.2,31.4,129.5
2026-01-20 13:00:00,KYIV-013-2,KYIV-013,Band 1 (2100MHz),-84.2,-9.5,15.7,33.0,31.8,76.0
2026-01-20 13:00:00,KYIV-013-3,KYIV-013,Band 1 (2100MHz),-81.2,-12.3,17.8,45.5,44.8,104.0
2026-01-20 13:00:00,KYIV-014-1,KYIV-014,Band 3 (1800MHz),-95.0,-9.0,12.0,65.8,25.8,96.2
2026-01-20 13:00:00,KYIV-014-2,KYIV-014,Band 3 (1800MHz),-104.0,-14.8,-2.3,68.9,19.4,71.0
2026-01-20 13:00:00,KYIV-014-3,KYIV-014,Band 3 (1800MHz),-90.3,-7.8,14.3,35.0,22.7,81.3
2026-01-20 13:00:00,KYIV-015-1,KYIV-015,Band 1 (2100MHz),-88.9,-4.2,7.2,51.8,12.5,73.2
2026-01-20 13:00:00,KYIV-015-2,KYIV-015,Band 1 (2100MHz),-89.0,-15.5,13.4,62.2,30.9,66.2
2026-01-20 13:00:00,KYIV-015-3,KYIV-015,Band 1 (2100MHz),-88.5,-10.9,19.3,39.8,28.9,78.3
2026-01-20 13:00:00,KYIV-016-1,KYIV-016,Band 3 (1800MHz),-84.2,-9.1,22.8,37.5,22.8,77.1
2026-01-20 13:00:00,KYIV-016-2,KYIV-016,Band 3 (1800MHz),-82.5,-10.2,11.5,62.3,27.2,82.7
2026-01-20 13:00:00,KYIV-016-3,KYIV-016,Band 3 (1800MHz),-85.5,-11.5,17.7,63.7,34.9,72.3
2026-01-20 14:00:00,KYIV-001-1,KYIV-001,Band 1 (2100MHz),-80.5,-10.7,16.2,24.9,27.4,39.2
2026-01-20 14:00:00,KYIV-001-2,KYIV-001,Band 1 (2100MHz),-79.9,-9.2,14.4,83.1,21.6,77.4
2026-01-20 14:00:00,KYIV-001-3,KYIV-001,Band 1 (2100MHz),-83.3,-10.0,16.4,34.1,38.6,65.3
2026-01-20 14:00:00,KYIV-002-1,KYIV-002,Band 3 (1800MHz),-98.8,-12.8,5.7,41.0,29.3,71.3
2026-01-20 14:00:00,KYIV-002-2,KYIV-002,Band 3 (1800MHz),-93.1,-12.7,1.4,42.2,24.0,46.4
2026-01-20 14:00:00,KYIV-002-3,KYIV-002,Band 3 (1800MHz),-87.8,-15.5,11.2,59.1,27.8,94.3
2026-01-20 14:00:00,KYIV-003-1,KYIV-003,Band 1 (2100MHz),-83.1,-9.6,10.3,40.9,24.1,77.9
2026-01-20 14:00:00,KYIV-003-2,KYIV-003,Band 1 (2100MHz),-88.3,-9.1,12.3,54.6,21.6,93.6
2026-01-20 14:00:00,KYIV-003-3,KYIV-003,Band 1 (2100MHz),-92.1,-10.7,14.4,65.1,26.0,78.0
2026-01-20 14:00:00,KYIV-004-1,KYIV-004,Band 3 (1800MHz),-86.5,-8.9,12.0,64.0,37.1,68.3
2026-01-20 14:00:00,KYIV-004-2,KYIV-004,Band 3 (1800MHz),-86.7,-11.3,17.4,60.9,32.5,88.7
2026-01-20 14:00:00,KYIV-004-3,KYIV-004,Band 3 (1800MHz),-89.0,-8.9,23.1,64.7,17.5,111.2
2026-01-20 14:00:00,KYIV-005-1,KYIV-005,Band 1 (2100MHz),-89.1,-10.2,10.7,45.6,14.0,86.8
2026-01-20 14:00:00,KYIV-005-2,KYIV-005,Band 1 (2100MHz),-79.9,-11.9,14.4,34.6,30.1,85.3
2026-01-20 14:00:00,KYIV-005-3,KYIV-005,Band 1 (2100MHz),-105.1,-11.4,5.9,31.1,25.8,79.7
2026-01-20 14:00:00,KYIV-006-1,KYIV-006,Band 3 (1800MHz),-81.6,-11.3,10.5,45.2,23.2,73.0
2026-01-20 14:00:00,KYIV-006-2,KYIV-006,Band 3 (1800MHz),-81.2,-11.0,16.8,58.8,34.7,80.6
2026-01-20 14:00:00,KYIV-006-3,KYIV-006,Band 3 (1800MHz),-86.5,-11.0,4.3,48.0,31.1,89.3
2026-01-20 14:00:00,KYIV-007-1,KYIV-007,Band 1 (2100MHz),-92.1,-7.5,11.4,48.5,33.5,107.3
2026-01-20 14:00:00,KYIV-007-2,KYIV-007,Band 1 (2100MHz),-87.3,-13.2,13.5,34.3,36.9,89.2
2026-01-20 14:00:00,KYIV-007-3,KYIV-007,Band 1 (2100MHz),-79.2,-8.8,12.1,50.2,18.9,65.9
2026-01-20 14:00:00,KYIV-008-1,KYIV-008,Band 3 (1800MHz),-81.6,-9.8,23.6,42.7,27.8,78.4
2026-01-20 14:00:00,KYIV-008-2,KYIV-008,Band 3 (1800MHz),-84.4,-11.4,14.3,46.4,43.5,77.9
2026-01-20 14:00:00,KYIV-008-3,KYIV-008,Band 3 (1800MHz),-86.0,-8.7,20.4,61.4,27.8,114.1
2026-01-20 14:00:00,KYIV-009-1,KYIV-009,Band 1 (2100MHz),-91.8,-10.8,18.5,55.0,31.1,140.2
2026-01-20 14:00:00,KYIV-009-2,KYIV-009,Band 1 (2100MHz),-85.2,-7.8,13.9,38.3,37.1,73.0
2026-01-20 14:00:00,KYIV-009-3,KYIV-009,Band 1 (2100MHz),-83.4,-13.2,13.1,55.7,33.0,96.4
2026-01-20 14:00:00,KYIV-010-1,KYIV-010,Band 3 (1800MHz),-82.1,-7.8,7.0,31.7,28.5,95.6
2026-01-20 14:00:00,KYIV-010-2,KYIV-010,Band 3 (1800MHz),-84.7,-7.9,12.7,53.5,22.3,65.3
2026-01-20 14:00:00,KYIV-010-3,KYIV-010,Band 3 (1800MHz),-87.9,-9.9,16.9,33.9,30.0,95.8
2026-01-20 14:00:00,KYIV-011-1,KYIV-011,Band 1 (2100MHz),-83.9,-11.8,17.1,62.7,20.3,110.3
2026-01-20 14:00:00,KYIV-011-2,KYIV-011,Band 1 (2100MHz),-89.0,-7.5,20.4,50.0,45.9,81.6
2026-01-20 14:00:00,KYIV-011-3,KYIV-011,Band 1 (2100MHz),-83.4,-12.4,11.6,30.5,28.8,90.2
2026-01-20 14:00:00,KYIV-012-1,KYIV-012,Band 3 (1800MHz),-84.1,-8.9,20.5,24.3,23.6,60.6
2026-01-20 14:00:00,KYIV-012-2,KYIV-012,Band 3 (1800MHz),-92.2,-12.4,11.8,61.6,24.7,71.7
2026-01-20 14:00:00,KYIV-012-3,KYIV-012,Band 3 (1800MHz),-82.9,-10.5,14.8,59.0,32.0,72.3
2026-01-20 14:00:00,KYIV-013-1,KYIV-013,Band 1 (2100MHz),-89.0,-11.7,15.3,35.5,37.0,54.9
2026-01-20 14:00:00,KYIV-013-2,KYIV-013,Band 1 (2100MHz),-92.4,-11.6,8.5,38.2,25.9,76.4
2026-01-20 14:00:00,KYIV-013-3,KYIV-013,Band 1 (2100MHz),-80.8,-11.7,10.8,50.2,36.1,111.5
2026-01-20 14:00:00,KYIV-014-1,KYIV-014,Band 3 (1800MHz),-82.9,-4.3,11.2,59.5,27.8,78.5
2026-01-20 14:00:00,KYIV-014-2,KYIV-014,Band 3 (1800MHz),-100.2,-13.2,2.9,38.7,31.0,42.6
2026-01-20 14:00:00,KYIV-014-3,KYIV-014,Band 3 (1800MHz),-91.0,-12.1,9.4,37.8,23.5,94.9
2026-01-20 14:00:00,KYIV-015-1,KYIV-015,Band 1 (2100MHz),-83.2,-10.2,10.7,60.9,24.8,59.4
2026-01-20 14:00:00,KYIV-015-2,KYIV-015,Band 1 (2100MHz),-80.1,-8.7,7.5,33.7,28.5,62.7
2026-01-20 14:00:00,KYIV-015-3,KYIV-015,Band 1 (2100MHz),-90.2,-9.3,8.7,46.3,32.8,105.9
2026-01-20 14:00:00,KYIV-016-1,KYIV-016,Band 3 (1800MHz),-86.6,-8.5,15.8,55.1,42.2,107.5
2026-01-20 14:00:00,KYIV-016-2,KYIV-016,Band 3 (1800MHz),-90.6,-11.9,10.5,53.2,37.1,79.4
2026-01-20 14:00:00,KYIV-016-3,KYIV-016,Band 3 (1800MHz),-90.0,-8.5,14.4,63.1,23.5,92.4
2026-01-20 15:00:00,KYIV-001-1,KYIV-001,Band 1 (2100MHz),-87.6,-6.6,5.9,31.2,8.8,36.0
2026-01-20 15:00:00,KYIV-001-2,KYIV-001,Band 1 (2100MHz),-85.1,-8.2,14.8,0.0,10.6,62.7
2026-01-20 15:00:00,KYIV-001-3,KYIV-001,Band 1 (2100MHz),-83.8,-12.4,6.7,0.0,15.5,7.6
2026-01-20 15:00:00,KYIV-002-1,KYIV-002,Band 3 (1800MHz),-99.8,-17.7,4.3,11.1,9.2,29.7
2026-01-20 15:00:00,KYIV-002-2,KYIV-002,Band 3 (1800MHz),-105.6,-10.6,2.0,16.2,8.8,57.7
2026-01-20 15:00:00,KYIV-002-3,KYIV-002,Band 3 (1800MHz),-86.4,-3.3,26.2,24.8,15.1,29.9
2026-01-20 15:00:00,KYIV-003-1,KYIV-003,Band 1 (2100MHz),-84.0,-5.4,12.7,34.4,5.7,37.7
2026-01-20 15:00:00,KYIV-003-2,KYIV-003,Band 1 (2100MHz),-90.3,-7.9,13.1,3.2,6.4,20.8
2026-01-20 15:00:00,KYIV-003-3,KYIV-003,Band 1 (2100MHz),-84.0,-3.5,14.0,27.2,16.8,29.4
2026-01-20 15:00:00,KYIV-004-1,KYIV-004,Band 3 (1800MHz),-94.2,-11.9,22.0,36.0,15.7,45.8
2026-01-20 15:00:00,KYIV-004-2,KYIV-004,Band 3 (1800MHz),-88.2,-5.3,16.9,7.5,16.6,19.8
2026-01-20 15:00:00,KYIV-004-3,KYIV-004,Band 3 (1800MHz),-77.8,-7.8,10.3,34.8,8.4,13.0
2026-01-20 15:00:00,KYIV-005-1,KYIV-005,Band 1 (2100MHz),-86.4,-8.4,15.9,9.0,17.0,1.2
2026-01-20 15:00:00,KYIV-005-2,KYIV-005,Band 1 (2100MHz),-88.8,-9.9,16.1,4.3,19.5,43.6
2026-01-20 15:00:00,KYIV-005-3,KYIV-005,Band 1 (2100MHz),-103.9,-11.9,2.5,44.2,0.0,13.6
2026-01-20 15:00:00,KYIV-006-1,KYIV-006,Band 3 (1800MHz),-83.6,-8.9,13.2,8.2,12.7,1.3
2026-01-20 15:00:00,KYIV-006-2,KYIV-006,Band 3 (1800MHz),-85.5,-12.3,15.7,18.9,8.8,0.0
2026-01-20 15:00:00,KYIV-006-3,KYIV-006,Band 3 (1800MHz),-87.7,-5.9,23.6,26.6,11.9,6.5
2026-01-20 15:00:00,KYIV-007-1,KYIV-007,Band 1 (2100MHz),-85.4,-10.4,15.9,27.0,3.2,43.2
2026-01-20 15:00:00,KYIV-007-2,KYIV-007,Band 1 (2100MHz),-90.5,-6.4,12.3,10.1,17.0,66.9
2026-01-20 15:00:00,KYIV-007-3,KYIV-007,Band 1 (2100MHz),-80.8,-10.0,-3.4,10.2,2.8,0.0
2026-01-20 15:00:00,KYIV-008-1,KYIV-008,Band 3 (1800MHz),-82.3,-10.0,10.3,36.1,18.4,35.1
2026-01-20 15:00:00,KYIV-008-2,KYIV-008,Band 3 (1800MHz),-89.2,-8.1,13.9,0.0,9.5,22.0
2026-01-20 15:00:00,KYIV-008-3,KYIV-008,Band 3 (1800MHz),-82.8,-7.5,16.4,12.5,12.0,31.8
2026-01-20 15:00:00,KYIV-009-1,KYIV-009,Band 1 (2100MHz),-89.8,-9.0,17.1,12.7,4.7,45.5
2026-01-20 15:00:00,KYIV-009-2,KYIV-009,Band 1 (2100MHz),-89.0,-4.1,9.8,31.3,0.7,34.7
2026-01-20 15:00:00,KYIV-009-3,KYIV-009,Band 1 (2100MHz),-89.7,-12.2,10.3,11.1,0.0,3.4
2026-01-20 15:00:00,KYIV-010-1,KYIV-010,Band 3 (1800MHz),-93.6,-11.8,7.1,14.0,1.3,36.4
2026-01-20 15:00:00,KYIV-010-2,KYIV-010,Band 3 (1800MHz),-90.4,-5.4,12.0,0.0,12.2,54.9
2026-01-20 15:00:00,KYIV-010-3,KYIV-010,Band 3 (1800MHz),-93.0,-7.4,12.8,4.4,19.1,28.2
2026-01-20 15:00:00,KYIV-011-1,KYIV-011,Band 1 (2100MHz),-91.5,-6.1,7.3,34.6,3.1,26.2
2026-01-20 15:00:00,KYIV-011-2,KYIV-011,Band 1 (2100MHz),-85.7,-10.4,13.8,14.0,6.8,21.9
2026-01-20 15:00:00,KYIV-011-3,KYIV-011,Band 1 (2100MHz),-81.8,-7.9,8.9,7.1,0.0,0.0
2026-01-20 15:00:00,KYIV-012-1,KYIV-012,Band 3 (1800MHz),-84.4,-10.4,17.1,6.9,7.6,39.9
2026-01-20 15:00:00,KYIV-012-2,KYIV-012,Band 3 (1800MHz),-85.5,-7.5,12.7,0.9,16.5,71.5
2026-01-20 15:00:00,KYIV-012-3,KYIV-012,Band 3 (1800MHz),-94.4,-4.8,8.3,12.6,6.1,35.1
2026-01-20 15:00:00,KYIV-013-1,KYIV-013,Band 1 (2100MHz),-84.6,-10.0,16.4,0.0,25.5,47.2
2026-01-20 15:00:00,KYIV-013-2,KYIV-013,Band 1 (2100MHz),-89.8,-6.4,22.2,25.1,22.8,25.7
2026-01-20 15:00:00,KYIV-013-3,KYIV-013,Band 1 (2100MHz),-86.0,-8.9,9.7,12.6,1.7,0.0
2026-01-20 15:00:00,KYIV-014-1,KYIV-014,Band 3 (1800MHz),-90.7,-4.8,17.2,14.8,1.9,24.7
2026-01-20 15:00:00,KYIV-014-2,KYIV-014,Band 3 (1800MHz),-95.2,-9.6,6.5,15.0,13.9,35.7
2026-01-20 15:00:00,KYIV-014-3,KYIV-014,Band 3 (1800MHz),-85.3,-4.9,7.7,24.2,12.4,34.2
2026-01-20 15:00:00,KYIV-015-1,KYIV-015,Band 1 (2100MHz),-88.9,-7.1,13.4,20.2,1.0,18.5
2026-01-20 15:00:00,KYIV-015-2,KYIV-015,Band 1 (2100MHz),-85.5,-9.1,4.2,24.4,14.7,18.2
2026-01-20 15:00:00,KYIV-015-3,KYIV-015,Band 1 (2100MHz),-97.7,-8.3,12.7,4.1,7.8,18.5
2026-01-20 15:00:00,KYIV-016-1,KYIV-016,Band 3 (1800MHz),-86.3,-8.4,19.8,5.9,3.0,34.3
2026-01-20 15:00:00,KYIV-016-2,KYIV-016,Band 3 (1800MHz),-84.9,-11.6,16.0,11.2,5.0,18.5
2026-01-20 15:00:00,KYIV-016-3,KYIV-016,Band 3 (1800MHz),-83.4,-13.5,8.0,15.8,2.6,38.3
2026-01-20 16:00:00,KYIV-001-1,KYIV-001,Band 1 (2100MHz),-90.3,-11.1,19.5,20.3,41.5,73.2
2026-01-20 16:00:00,KYIV-001-2,KYIV-001,Band 1 (2100MHz),-81.1,-8.7,8.0,66.1,39.1,119.0
2026-01-20 16:00:00,KYIV-001-3,KYIV-001,Band 1 (2100MHz),-82.9,-7.2,11.3,69.0,29.7,125.4
2026-01-20 16:00:00,KYIV-002-1,KYIV-002,Band 3 (1800MHz),-100.3,-17.9,6.1,60.2,59.3,87.7
2026-01-20 16:00:00,KYIV-002-2,KYIV-002,Band 3 (1800MHz),-95.3,-13.2,10.8,70.3,51.3,89.2
2026-01-20 16:00:00,KYIV-002-3,KYIV-002,Band 3 (1800MHz),-80.2,-8.9,12.8,53.0,38.0,152.6
2026-01-20 16:00:00,KYIV-003-1,KYIV-003,Band 1 (2100MHz),-84.1,-12.0,21.0,69.9,46.3,111.2
2026-01-20 16:00:00,KYIV-003-2,KYIV-003,Band 1 (2100MHz),-89.6,-9.9,23.4,64.8,52.5,92.1
2026-01-20 16:00:00,KYIV-003-3,KYIV-003,Band 1 (2100MHz),-90.0,-10.4,16.7,32.2,30.7,66.2
2026-01-20 16:00:00,KYIV-004-1,KYIV-004,Band 3 (1800MHz),-83.8,-10.0,12.4,39.1,37.8,123.3
2026-01-20 16:00:00,KYIV-004-2,KYIV-004,Band 3 (1800MHz),-84.4,-8.8,14.6,62.9,40.6,127.0
2026-01-20 16:00:00,KYIV-004-3,KYIV-004,Band 3 (1800MHz),-86.7,-8.4,21.9,66.3,45.7,106.9
2026-01-20 16:00:00,KYIV-005-1,KYIV-005,Band 1 (2100MHz),-84.0,-11.3,19.3,69.2,44.6,111.3
2026-01-20 16:00:00,KYIV-005-2,KYIV-005,Band 1 (2100MHz),-92.9,-13.0,13.4,56.6,42.3,117.6
2026-01-20 16:00:00,KYIV-005-3,KYIV-005,Band 1 (2100MHz),-104.4,-16.0,8.1,59.8,40.6,73.3
2026-01-20 16:00:00,KYIV-006-1,KYIV-006,Band 3 (1800MHz),-83.0,-15.0,18.3,55.2,36.6,88.1
2026-01-20 16:00:00,KYIV-006-2,KYIV-006,Band 3 (1800MHz),-89.1,-6.2,12.2,68.1,21.1,90.5
2026-01-20 16:00:00,KYIV-006-3,KYIV-006,Band 3 (1800MHz),-87.3,-10.2,14.5,77.4,45.7,77.6
2026-01-20 16:00:00,KYIV-007-1,KYIV-007,Band 1 (2100MHz),-87.4,-10.3,13.6,23.1,23.9,93.7
2026-01-20 16:00:00,KYIV-007-2,KYIV-007,Band 1 (2100MHz),-83.0,-10.2,11.6,86.6,42.9,105.7
2026-01-20 16:00:00,KYIV-007-3,KYIV-007,Band 1 (2100MHz),-87.2,-13.4,3.1,34.3,39.3,91.2
2026-01-20 16:00:00,KYIV-008-1,KYIV-008,Band 3 (1800MHz),-81.6,-11.7,20.4,52.1,31.9,75.4
2026-01-20 16:00:00,KYIV-008-2,KYIV-008,Band 3 (1800MHz),-88.2,-10.8,19.3,49.7,42.8,93.8
2026-01-20 16:00:00,KYIV-008-3,KYIV-008,Band 3 (1800MHz),-87.7,-11.9,12.0,70.2,32.1,82.7
2026-01-20 16:00:00,KYIV-009-1,KYIV-009,Band 1 (2100MHz),-92.3,-10.9,8.0,65.8,37.5,81.4
2026-01-20 16:00:00,KYIV-009-2,KYIV-009,Band 1 (2100MHz),-84.0,-8.1,1.5,63.1,36.3,129.9
2026-01-20 16:00:00,KYIV-009-3,KYIV-009,Band 1 (2100MHz),-83.7,-12.6,6.5,55.1,41.0,109.2
2026-01-20 16:00:00,KYIV-010-1,KYIV-010,Band 3 (1800MHz),-81.5,-11.3,16.5,78.0,27.4,127.4
2026-01-20 16:00:00,KYIV-010-2,KYIV-010,Band 3 (1800MHz),-88.3,-11.1,7.3,60.0,30.8,106.7
2026-01-20 16:00:00,KYIV-010-3,KYIV-010,Band 3 (1800MHz),-91.9,-10.2,17.3,53.9,23.8,104.4
2026-01-20 16:00:00,KYIV-011-1,KYIV-011,Band 1 (2100MHz),-89.3,-11.0,6.0,67.3,54.9,98.6
2026-01-20 16:00:00,KYIV-011-2,KYIV-011,Band 1 (2100MHz),-86.5,-10.3,14.6,67.3,40.2,96.2
2026-01-20 16:00:00,KYIV-011-3,KYIV-011,Band 1 (2100MHz),-81.6,-11.2,13.9,74.9,46.0,93.9
2026-01-20 16:00:00,KYIV-012-1,KYIV-012,Band 3 (1800MHz),-97.5,-10.7,11.5,68.4,24.1,83.3
2026-01-20 16:00:00,KYIV-012-2,KYIV-012,Band 3 (1800MHz),-92.6,-11.8,14.8,77.5,18.6,95.3
2026-01-20 16:00:00,KYIV-012-3,KYIV-012,Band 3 (1800MHz),-82.9,-10.4,13.2,78.4,44.1,102.4
2026-01-20 16:00:00,KYIV-013-1,KYIV-013,Band 1 (2100MHz),-82.2,-10.4,6.5,57.5,17.0,75.3
2026-01-20 16:00:00,KYIV-013-2,KYIV-013,Band 1 (2100MHz),-84.1,-16.3,22.5,66.7,44.8,108.1
2026-01-20 16:00:00,KYIV-013-3,KYIV-013,Band 1 (2100MHz),-84.8,-11.0,17.9,68.8,51.0,90.8
2026-01-20 16:00:00,KYIV-014-1,KYIV-014,Band 3 (1800MHz),-89.1,-10.0,3.3,87.4,34.5,144.1
2026-01-20 16:00:00,KYIV-014-2,KYIV-014,Band 3 (1800MHz),-100.1,-15.7,-5.0,55.2,38.3,127.6
2026-01-20 16:00:00,KYIV-014-3,KYIV-014,Band 3 (1800MHz),-87.9,-9.0,12.6,81.2,42.8,116.4
2026-01-20 16:00:00,KYIV-015-1,KYIV-015,Band 1 (2100MHz),-84.4,-8.0,13.2,61.2,48.5,65.7
2026-01-20 16:00:00,KYIV-015-2,KYIV-015,Band 1 (2100MHz),-89.2,-10.4,13.4,65.3,50.4,152.0
2026-01-20 16:00:00,KYIV-015-3,KYIV-015,Band 1 (2100MHz),-80.2,-13.2,10.6,38.1,52.6,140.7
2026-01-20 16:00:00,KYIV-016-1,KYIV-016,Band 3 (1800MHz),-86.5,-10.9,9.0,59.4,34.2,75.0
2026-01-20 16:00:00,KYIV-016-2,KYIV-016,Band 3 (1800MHz),-82.1,-10.2,12.4,59.2,38.4,91.8
2026-01-20 16:00:00,KYIV-016-3,KYIV-016,Band 3 (1800MHz),-88.5,-10.3,11.6,83.4,26.5,107.1
2026-01-20 17:00:00,KYIV-001-1,KYIV-001,Band 1 (2100MHz),-89.3,-14.7,19.7,91.5,37.4,122.9
2026-01-20 17:00:00,KYIV-001-2,KYIV-001,Band 1 (2100MHz),-89.1,-12.4,14.5,70.3,59.6,81.2
2026-01-20 17:00:00,KYIV-001-3,KYIV-001,Band 1 (2100MHz),-95.7,-11.1,12.5,42.9,37.2,155.0
2026-01-20 17:00:00,KYIV-002-1,KYIV-002,Band 3 (1800MHz),-102.5,-14.1,14.4,94.4,52.3,119.6
2026-01-20 17:00:00,KYIV-002-2,KYIV-002,Band 3 (1800MHz),-97.9,-17.2,9.9,90.7,52.3,108.8
2026-01-20 17:00:00,KYIV-002-3,KYIV-002,Band 3 (1800MHz),-83.3,-8.4,16.6,54.5,38.9,120.8
2026-01-20 17:00:00,KYIV-003-1,KYIV-003,Band 1 (2100MHz),-88.0,-11.5,16.5,64.1,34.5,119.9
2026-01-20 17:00:00,KYIV-003-2,KYIV-003,Band 1 (2100MHz),-90.5,-10.1,7.8,85.0,49.3,144.6
2026-01-20 17:00:00,KYIV-003-3,KYIV-003,Band 1 (2100MHz),-86.1,-10.0,10.8,92.4,50.0,118.7
2026-01-20 17:00:00,KYIV-004-1,KYIV-004,Band 3 (1800MHz),-89.9,-14.4,22.4,86.7,44.7,113.2
2026-01-20 17:00:00,KYIV-004-2,KYIV-004,Band 3 (1800MHz),-88.6,-11.0,11.8,70.0,38.7,94.2
2026-01-20 17:00:00,KYIV-004-3,KYIV-004,Band 3 (1800MHz),-87.3,-12.6,9.7,79.0,35.2,114.2
2026-01-20 17:00:00,KYIV-005-1,KYIV-005,Band 1 (2100MHz),-93.7,-11.1,11.5,78.5,38.9,111.2
2026-01-20 17:00:00,KYIV-005-2,KYIV-005,Band 1 (2100MHz),-80.6,-13.5,9.0,86.6,52.5,145.1
2026-01-20 17:00:00,KYIV-005-3,KYIV-005,Band 1 (2100MHz),-96.3,-18.4,-3.3,47.9,42.8,99.0
2026-01-20 17:00:00,KYIV-006-1,KYIV-006,Band 3 (1800MHz),-88.6,-11.0,12.1,63.1,43.1,116.3
2026-01-20 17:00:00,KYIV-006-2,KYIV-006,Band 3 (1800MHz),-84.7,-12.3,15.1,45.6,42.3,89.2
2026-01-20 17:00:00,KYIV-006-3,KYIV-006,Band 3 (1800MHz),-90.9,-12.4,20.4,71.2,34.4,136.1
2026-01-20 17:00:00,KYIV-007-1,KYIV-007,Band 1 (2100MHz),-88.6,-13.6,7.7,50.9,47.9,122.2
2026-01-20 17:00:00,KYIV-007-2,KYIV-007,Band 1 (2100MHz),-79.7,-11.7,16.3,71.9,38.4,94.6
2026-01-20 17:00:00,KYIV-007-3,KYIV-007,Band 1 (2100MHz),-84.3,-11.1,6.9,75.0,50.4,78.3
2026-01-20 17:00:00,KYIV-008-1,KYIV-008,Band 3 (1800MHz),-85.6,-12.2,11.8,45.4,27.3,113.0
2026-01-20 17:00:00,KYIV-008-2,KYIV-008,Band 3 (1800MHz),-96.2,-11.3,7.4,76.8,39.4,115.1
2026-01-20 17:00:00,KYIV-008-3,KYIV-008,Band 3 (1800MHz),-85.3,-13.5,15.9,85.0,48.0,81.3
2026-01-20 17:00:00,KYIV-009-1,KYIV-009,Band 1 (2100MHz),-84.3,-12.0,18.1,83.4,35.8,108.9
2026-01-20 17:00:00,KYIV-009-2,KYIV-009,Band 1 (2100MHz),-80.3,-13.9,16.0,65.1,33.6,122.7
2026-01-20 17:00:00,KYIV-009-3,KYIV-009,Band 1 (2100MHz),-79.7,-10.0,19.4,64.8,49.8,108.1
2026-01-20 17:00:00,KYIV-010-1,KYIV-010,Band 3 (1800MHz),-94.4,-9.2,4.3,66.7,36.8,158.4
2026-01-20 17:00:00,KYIV-010-2,KYIV-010,Band 3 (1800MHz),-94.7,-11.4,10.9,76.4,59.9,119.6
2026-01-20 17:00:00,KYIV-010-3,KYIV-010,Band 3 (1800MHz),-85.3,-11.6,9.0,72.7,43.0,141.5
2026-01-20 17:00:00,KYIV-011-1,KYIV-011,Band 1 (2100MHz),-81.5,-11.6,7.0,85.3,27.2,113.1
2026-01-20 17:00:00,KYIV-011-2,KYIV-011,Band 1 (2100MHz),-83.8,-11.6,13.9,73.0,45.7,97.9
2026-01-20 17:00:00,KYIV-011-3,KYIV-011,Band 1 (2100MHz),-83.7,-12.0,18.5,98.1,31.6,92.8
2026-01-20 17:00:00,KYIV-012-1,KYIV-012,Band 3 (1800MHz),-90.0,-12.9,14.2,75.6,38.1,101.0
2026-01-20 17:00:00,KYIV-012-2,KYIV-012,Band 3 (1800MHz),-80.3,-10.2,11.0,93.5,23.1,120.9
2026-01-20 17:00:00,KYIV-012-3,KYIV-012,Band 3 (1800MHz),-95.9,-10.9,8.9,38.9,42.7,115.8
2026-01-20 17:00:00,KYIV-013-1,KYIV-013,Band 1 (2100MHz),-86.7,-10.4,15.0,55.7,42.0,143.3
2026-01-20 17:00:00,KYIV-013-2,KYIV-013,Band 1 (2100MHz),-83.2,-9.3,13.6,70.7,34.4,94.5
2026-01-20 17:00:00,KYIV-013-3,KYIV-013,Band 1 (2100MHz),-87.6,-13.8,10.1,63.8,46.5,88.5
2026-01-20 17:00:00,KYIV-014-1,KYIV-014,Band 3 (1800MHz),-88.3,-10.3,10.0,91.1,50.6,104.6
2026-01-20 17:00:00,KYIV-014-2,KYIV-014,Band 3 (1800MHz),-96.0,-17.7,13.1,74.5,38.2,104.3
2026-01-20 17:00:00,KYIV-014-3,KYIV-014,Band 3 (1800MHz),-83.0,-10.5,14.7,84.7,39.2,86.9
2026-01-20 17:00:00,KYIV-015-1,KYIV-015,Band 1 (2100MHz),-89.7,-11.0,12.7,54.4,45.0,110.8
2026-01-20 17:00:00,KYIV-015-2,KYIV-015,Band 1 (2100MHz),-92.0,-12.3,8.2,47.9,56.5,132.5
2026-01-20 17:00:00,KYIV-015-3,KYIV-015,Band 1 (2100MHz),-99.2,-12.3,17.9,62.2,30.5,107.9
2026-01-20 17:00:00,KYIV-016-1,KYIV-016,Band 3 (1800MHz),-93.2,-8.3,13.5,45.5,51.4,111.0
2026-01-20 17:00:00,KYIV-016-2,KYIV-016,Band 3 (1800MHz),-86.6,-10.5,9.9,77.5,39.3,90.0
2026-01-20 17:00:00,KYIV-016-3,KYIV-016,Band 3 (1800MHz),-90.1,-13.3,12.3,66.8,44.6,125.9
2026-01-20 18:00:00,KYIV-001-1,KYIV-001,Band 1 (2100MHz),-85.8,-6.7,-1.6,82.0,30.5,88.7
2026-01-20 18:00:00,KYIV-001-2,KYIV-001,Band 1 (2100MHz),-85.2,-11.7,16.5,77.2,41.7,145.4
2026-01-20 18:00:00,KYIV-001-3,KYIV-001,Band 1 (2100MHz),-82.0,-15.0,8.1,80.8,42.3,138.8
2026-01-20 18:00:00,KYIV-002-1,KYIV-002,Band 3 (1800MHz),-101.3,-16.2,7.8,53.5,35.0,125.1
2026-01-20 18:00:00,KYIV-002-2,KYIV-002,Band 3 (1800MHz),-98.6,-13.6,8.2,75.0,32.3,126.0
2026-01-20 18:00:00,KYIV-002-3,KYIV-002,Band 3 (1800MHz),-83.6,-9.5,12.8,74.8,26.4,159.6
2026-01-20 18:00:00,KYIV-003-1,KYIV-003,Band 1 (2100MHz),-90.3,-13.2,9.7,69.9,51.1,106.7
2026-01-20 18:00:00,KYIV-003-2,KYIV-003,Band 1 (2100MHz),-86.3,-10.5,25.1,82.8,38.4,119.0
2026-01-20 18:00:00,KYIV-003-3,KYIV-003,Band 1 (2100MHz),-89.3,-10.8,13.6,86.7,39.5,122.4
2026-01-20 18:00:00,KYIV-004-1,KYIV-004,Band 3 (1800MHz),-85.4,-12.7,3.0,82.8,27.5,154.6
2026-01-20 18:00:00,KYIV-004-2,KYIV-004,Band 3 (1800MHz),-90.2,-13.3,12.9,95.4,43.4,131.0
2026-01-20 18:00:00,KYIV-004-3,KYIV-004,Band 3 (1800MHz),-85.4,-11.9,15.0,60.4,32.4,116.9
2026-01-20 18:00:00,KYIV-005-1,KYIV-005,Band 1 (2100MHz),-85.4,-8.9,16.4,70.3,32.1,110.2
2026-01-20 18:00:00,KYIV-005-2,KYIV-005,Band 1 (2100MHz),-90.2,-11.4,11.9,83.3,47.4,148.3
2026-01-20 18:00:00,KYIV-005-3,KYIV-005,Band 1 (2100MHz),-106.4,-15.9,4.7,84.6,24.1,140.9
2026-01-20 18:00:00,KYIV-006-1,KYIV-006,Band 3 (1800MHz),-88.8,-9.5,19.7,70.7,42.0,115.6
2026-01-20 18:00:00,KYIV-006-2,KYIV-006,Band 3 (1800MHz),-90.7,-10.7,14.8,70.8,50.2,149.3
2026-01-20 18:00:00,KYIV-006-3,KYIV-006,Band 3 (1800MHz),-83.2,-10.2,23.7,75.6,32.0,100.9
2026-01-20 18:00:00,KYIV-007-1,KYIV-007,Band 1 (2100MHz),-89.2,-12.8,13.5,81.0,43.1,164.3
2026-01-20 18:00:00,KYIV-007-2,KYIV-007,Band 1 (2100MHz),-86.2,-14.3,19.2,79.4,21.6,120.3
2026-01-20 18:00:00,KYIV-007-3,KYIV-007,Band 1 (2100MHz),-80.7,-8.5,15.9,60.7,49.7,120.9
2026-01-20 18:00:00,KYIV-008-1,KYIV-008,Band 3 (1800MHz),-92.3,-6.7,14.8,68.3,47.3,138.6
2026-01-20 18:00:00,KYIV-008-2,KYIV-008,Band 3 (1800MHz),-89.7,-9.7,14.4,70.8,30.2,108.1
2026-01-20 18:00:00,KYIV-008-3,KYIV-008,Band 3 (1800MHz),-84.2,-11.1,22.2,96.0,51.3,100.9
2026-01-20 18:00:00,KYIV-009-1,KYIV-009,Band 1 (2100MHz),-84.2,-9.3,13.6,64.3,42.5,127.5
2026-01-20 18:00:00,KYIV-009-2,KYIV-009,Band 1 (2100MHz),-93.1,-10.2,12.1,66.0,21.8,81.7
2026-01-20 18:00:00,KYIV-009-3,KYIV-009,Band 1 (2100MHz),-86.4,-11.5,23.3,67.5,54.1,148.2
2026-01-20 18:00:00,KYIV-010-1,KYIV-010,Band 3 (1800MHz),-91.6,-8.2,14.3,66.5,54.7,174.1
2026-01-20 18:00:00,KYIV-010-2,KYIV-010,Band 3 (1800MHz),-90.0,-15.0,8.7,90.6,58.0,112.7
2026-01-20 18:00:00,KYIV-010-3,KYIV-010,Band 3 (1800MHz),-85.6,-14.7,11.7,76.0,62.9,120.9
2026-01-20 18:00:00,KYIV-011-1,KYIV-011,Band 1 (2100MHz),-84.1,-8.5,11.2,73.9,49.2,144.2
2026-01-20 18:00:00,KYIV-011-2,KYIV-011,Band 1 (2100MHz),-96.2,-14.8,10.8,73.0,38.7,110.5
2026-01-20 18:00:00,KYIV-011-3,KYIV-011,Band 1 (2100MHz),-90.0,-12.6,9.2,73.0,38.8,94.3
2026-01-20 18:00:00,KYIV-012-1,KYIV-012,Band 3 (1800MHz),-88.6,-8.7,19.6,64.5,35.5,124.3
2026-01-20 18:00:00,KYIV-012-2,KYIV-012,Band 3 (1800MHz),-90.5,-9.5,13.7,93.3,36.8,94.0
2026-01-20 18:00:00,KYIV-012-3,KYIV-012,Band 3 (1800MHz),-85.5,-9.6,8.1,53.3,38.1,131.7
2026-01-20 18:00:00,KYIV-013-1,KYIV-013,Band 1 (2100MHz),-77.7,-14.0,15.7,68.3,47.7,131.1
2026-01-20 18:00:00,KYIV-013-2,KYIV-013,Band 1 (2100MHz),-89.6,-11.9,22.4,88.3,44.9,103.0
2026-01-20 18:00:00,KYIV-013-3,KYIV-013,Band 1 (2100MHz),-82.3,-9.7,15.0,73.1,54.0,136.1
2026-01-20 18:00:00,KYIV-014-1,KYIV-014,Band 3 (1800MHz),-82.9,-14.5,11.8,74.3,39.4,108.2
2026-01-20 18:00:00,KYIV-014-2,KYIV-014,Band 3 (1800MHz),-101.7,-12.3,11.2,72.0,32.2,125.7
2026-01-20 18:00:00,KYIV-014-3,KYIV-014,Band 3 (1800MHz),-86.7,-10.4,10.5,62.2,39.4,121.5
2026-01-20 18:00:00,KYIV-015-1,KYIV-015,Band 1 (2100MHz),-90.1,-13.5,13.4,48.2,68.6,137.4
2026-01-20 18:00:00,KYIV-015-2,KYIV-015,Band 1 (2100MHz),-86.8,-13.4,10.3,58.5,28.8,100.7
2026-01-20 18:00:00,KYIV-015-3,KYIV-015,Band 1 (2100MHz),-80.9,-13.8,9.7,65.2,42.8,125.7
2026-01-20 18:00:00,KYIV-016-1,KYIV-016,Band 3 (1800MHz),-82.2,-8.8,12.2,74.3,32.1,102.7
2026-01-20 18:00:00,KYIV-016-2,KYIV-016,Band 3 (1800MHz),-93.7,-12.0,9.9,91.1,41.6,110.4
2026-01-20 18:00:00,KYIV-016-3,KYIV-016,Band 3 (1800MHz),-86.1,-7.5,18.4,68.4,30.3,109.3
2026-01-20 19:00:00,KYIV-001-1,KYIV-001,Band 1 (2100MHz),-90.8,-11.7,11.8,78.8,40.4,111.9
2026-01-20 19:00:00,KYIV-001-2,KYIV-001,Band 1 (2100MHz),-85.1,-6.9,0.1,77.7,40.2,108.6
2026-01-20 19:00:00,KYIV-001-3,KYIV-001,Band 1 (2100MHz),-90.2,-12.4,11.2,63.7,36.5,95.9
2026-01-20 19:00:00,KYIV-002-1,KYIV-002,Band 3 (1800MHz),-99.9,-15.4,4.6,52.9,43.1,111.4
2026-01-20 19:00:00,KYIV-002-2,KYIV-002,Band 3 (1800MHz),-106.2,-14.4,3.9,53.9,33.6,133.1
2026-01-20 19:00:00,KYIV-002-3,KYIV-002,Band 3 (1800MHz),-84.3,-11.6,9.8,93.1,36.2,91.9
2026-01-20 19:00:00,KYIV-003-1,KYIV-003,Band 1 (2100MHz),-91.1,-12.3,11.0,60.3,38.2,143.5
2026-01-20 19:00:00,KYIV-003-2,KYIV-003,Band 1 (2100MHz),-83.4,-12.9,4.7,67.4,49.7,109.4
2026-01-20 19:00:00,KYIV-003-3,KYIV-003,Band 1 (2100MHz),-82.5,-10.4,8.3,67.3,50.5,97.3
2026-01-20 19:00:00,KYIV-004-1,KYIV-004,Band 3 (1800MHz),-87.9,-17.0,7.6,55.0,38.3,144.7
2026-01-20 19:00:00,KYIV-004-2,KYIV-004,Band 3 (1800MHz),-93.0,-11.3,17.2,81.1,46.3,139.6
2026-01-20 19:00:00,KYIV-004-3,KYIV-004,Band 3 (1800MHz),-94.3,-11.1,11.9,71.7,53.8,139.5
2026-01-20 19:00:00,KYIV-005-1,KYIV-005,Band 1 (2100MHz),-84.3,-11.4,10.1,58.1,59.6,101.7
2026-01-20 19:00:00,KYIV-005-2,KYIV-005,Band 1 (2100MHz),-84.0,-12.9,11.2,88.5,27.5,132.9
2026-01-20 19:00:00,KYIV-005-3,KYIV-005,Band 1 (2100MHz),-99.6,-15.5,4.6,63.0,45.8,107.8
2026-01-20 19:00:00,KYIV-006-1,KYIV-006,Band 3 (1800MHz),-82.9,-13.9,14.4,82.8,57.6,111.9
2026-01-20 19:00:00,KYIV-006-2,KYIV-006,Band 3 (1800MHz),-91.9,-8.1,11.2,69.6,35.5,142.6
2026-01-20 19:00:00,KYIV-006-3,KYIV-006,Band 3 (1800MHz),-84.6,-14.8,4.2,78.5,39.2,98.6
2026-01-20 19:00:00,KYIV-007-1,KYIV-007,Band 1 (2100MHz),-82.5,-13.3,4.7,82.9,35.6,68.7
2026-01-20 19:00:00,KYIV-007-2,KYIV-007,Band 1 (2100MHz),-83.4,-11.1,17.6,60.4,35.4,53.7
2026-01-20 19:00:00,KYIV-007-3,KYIV-007,Band 1 (2100MHz),-90.3,-12.0,9.6,67.0,49.4,117.4
2026-01-20 19:00:00,KYIV-008-1,KYIV-008,Band 3 (1800MHz),-89.0,-13.4,21.3,80.6,40.4,137.9
2026-01-20 19:00:00,KYIV-008-2,KYIV-008,Band 3 (1800MHz),-82.1,-13.4,8.7,56.7,35.8,135.5
2026-01-20 19:00:00,KYIV-008-3,KYIV-008,Band 3 (1800MHz),-88.6,-7.2,9.9,59.2,51.3,122.0
2026-01-20 19:00:00,KYIV-009-1,KYIV-009,Band 1 (2100MHz),-82.2,-11.5,7.1,78.4,48.3,147.2
2026-01-20 19:00:00,KYIV-009-2,KYIV-009,Band 1 (2100MHz),-88.5,-13.9,16.6,71.7,41.1,90.0
2026-01-20 19:00:00,KYIV-009-3,KYIV-009,Band 1 (2100MHz),-92.5,-16.5,21.4,66.7,46.6,129.3
2026-01-20 19:00:00,KYIV-010-1,KYIV-010,Band 3 (1800MHz),-82.9,-8.9,7.0,64.2,34.8,124.2
2026-01-20 19:00:00,KYIV-010-2,KYIV-010,Band 3 (1800MHz),-90.8,-15.4,12.9,50.1,53.7,137.9
2026-01-20 19:00:00,KYIV-010-3,KYIV-010,Band 3 (1800MHz),-80.1,-10.2,12.7,53.3,43.0,94.1
2026-01-20 19:00:00,KYIV-011-1,KYIV-011,Band 1 (2100MHz),-88.1,-10.6,9.8,64.5,43.1,81.2
2026-01-20 19:00:00,KYIV-011-2,KYIV-011,Band 1 (2100MHz),-86.9,-12.7,9.0,75.4,47.6,126.8
2026-01-20 19:00:00,KYIV-011-3,KYIV-011,Band 1 (2100MHz),-85.0,-10.3,11.5,79.2,47.5,115.0
2026-01-20 19:00:00,KYIV-012-1,KYIV-012,Band 3 (1800MHz),-83.9,-11.2,18.5,70.5,52.5,87.6
2026-01-20 19:00:00,KYIV-012-2,KYIV-012,Band 3 (1800MHz),-89.9,-14.1,14.7,63.8,38.3,110.9
2026-01-20 19:00:00,KYIV-012-3,KYIV-012,Band 3 (1800MHz),-96.4,-14.4,18.8,85.9,43.1,99.3
2026-01-20 19:00:00,KYIV-013-1,KYIV-013,Band 1 (2100MHz),-84.3,-12.1,12.6,75.8,33.0,112.0
2026-01-20 19:00:00,KYIV-013-2,KYIV-013,Band 1 (2100MHz),-90.3,-11.7,8.2,74.7,39.0,104.2
2026-01-20 19:00:00,KYIV-013-3,KYIV-013,Band 1 (2100MHz),-87.9,-13.3,9.2,74.9,37.0,164.2
2026-01-20 19:00:00,KYIV-014-1,KYIV-014,Band 3 (1800MHz),-88.9,-6.2,13.6,67.5,46.5,154.7
2026-01-20 19:00:00,KYIV-014-2,KYIV-014,Band 3 (1800MHz),-94.3,-14.6,3.9,97.5,50.0,126.3
2026-01-20 19:00:00,KYIV-014-3,KYIV-014,Band 3 (1800MHz),-87.0,-15.0,9.2,68.9,36.9,115.0
2026-01-20 19:00:00,KYIV-015-1,KYIV-015,Band 1 (2100MHz),-90.2,-12.3,19.4,81.8,32.7,129.0
2026-01-20 19:00:00,KYIV-015-2,KYIV-015,Band 1 (2100MHz),-83.9,-12.7,13.4,88.2,44.1,117.3
2026-01-20 19:00:00,KYIV-015-3,KYIV-015,Band 1 (2100MHz),-90.1,-7.6,6.4,80.2,39.2,114.0
2026-01-20 19:00:00,KYIV-016-1,KYIV-016,Band 3 (1800MHz),-89.5,-7.3,11.7,82.2,57.3,123.8
2026-01-20 19:00:00,KYIV-016-2,KYIV-016,Band 3 (1800MHz),-79.9,-11.6,15.2,85.1,33.9,126.2
2026-01-20 19:00:00,KYIV-016-3,KYIV-016,Band 3 (1800MHz),-94.0,-11.3,15.0,74.3,36.2,102.5
2026-01-20 20:00:00,KYIV-001-1,KYIV-001,Band 1 (2100MHz),-87.7,-14.3,20.2,60.7,41.1,114.3
2026-01-20 20:00:00,KYIV-001-2,KYIV-001,Band 1 (2100MHz),-83.6,-13.0,15.4,55.4,39.9,115.9
2026-01-20 20:00:00,KYIV-001-3,KYIV-001,Band 1 (2100MHz),-93.7,-11.5,8.1,77.5,34.1,86.1
2026-01-20 20:00:00,KYIV-002-1,KYIV-002,Band 3 (1800MHz),-99.3,-13.5,11.2,84.0,37.3,132.3
2026-01-20 20:00:00,KYIV-002-2,KYIV-002,Band 3 (1800MHz),-103.5,-13.5,11.6,60.6,26.4,136.1
2026-01-20 20:00:00,KYIV-002-3,KYIV-002,Band 3 (1800MHz),-87.7,-13.1,18.3,51.3,34.0,137.7
2026-01-20 20:00:00,KYIV-003-1,KYIV-003,Band 1 (2100MHz),-83.0,-10.9,14.9,52.6,32.4,63.9
2026-01-20 20:00:00,KYIV-003-2,KYIV-003,Band 1 (2100MHz),-86.2,-7.1,16.0,67.2,48.2,112.7
2026-01-20 20:00:00,KYIV-003-3,KYIV-003,Band 1 (2100MHz),-87.2,-11.7,11.2,51.5,22.0,143.3
2026-01-20 20:00:00,KYIV-004-1,KYIV-004,Band 3 (1800MHz),-89.8,-10.0,9.8,63.3,38.3,113.5
2026-01-20 20:00:00,KYIV-004-2,KYIV-004,Band 3 (1800MHz),-85.2,-8.9,9.4,56.0,40.5,93.9
2026-01-20 20:00:00,KYIV-004-3,KYIV-004,Band 3 (1800MHz),-85.8,-12.5,12.0,62.5,45.3,100.4
2026-01-20 20:00:00,KYIV-005-1,KYIV-005,Band 1 (2100MHz),-82.7,-8.3,18.3,68.0,39.6,104.3
2026-01-20 20:00:00,KYIV-005-2,KYIV-005,Band 1 (2100MHz),-82.9,-11.5,14.7,34.7,53.5,99.6
2026-01-20 20:00:00,KYIV-005-3,KYIV-005,Band 1 (2100MHz),-95.9,-16.8,1.1,69.1,26.1,106.4
2026-01-20 20:00:00,KYIV-006-1,KYIV-006,Band 3 (1800MHz),-83.0,-11.0,18.4,58.8,40.2,119.3
2026-01-20 20:00:00,KYIV-006-2,KYIV-006,Band 3 (1800MHz),-76.2,-7.1,25.5,76.7,21.3,76.3
2026-01-20 20:00:00,KYIV-006-3,KYIV-006,Band 3 (1800MHz),-91.1,-8.4,7.3,57.5,21.2,96.5
2026-01-20 20:00:00,KYIV-007-1,KYIV-007,Band 1 (2100MHz),-91.1,-6.9,12.6,63.6,42.8,117.6
2026-01-20 20:00:00,KYIV-007-2,KYIV-007,Band 1 (2100MHz),-94.9,-11.0,14.1,51.4,36.0,145.9
2026-01-20 20:00:00,KYIV-007-3,KYIV-007,Band 1 (2100MHz),-83.3,-11.7,15.8,52.0,28.7,95.4
2026-01-20 20:00:00,KYIV-008-1,KYIV-008,Band 3 (1800MHz),-90.8,-9.0,4.3,67.7,28.9,81.3
2026-01-20 20:00:00,KYIV-008-2,KYIV-008,Band 3 (1800MHz),-86.6,-11.9,14.9,56.5,51.7,90.7
2026-01-20 20:00:00,KYIV-008-3,KYIV-008,Band 3 (1800MHz),-86.4,-12.3,11.0,56.7,36.6,61.0
2026-01-20 20:00:00,KYIV-009-1,KYIV-009,Band 1 (2100MHz),-82.3,-11.2,12.5,70.6,30.8,93.0
2026-01-20 20:00:00,KYIV-009-2,KYIV-009,Band 1 (2100MHz),-92.1,-9.7,10.1,38.5,45.1,97.0
2026-01-20 20:00:00,KYIV-009-3,KYIV-009,Band 1 (2100MHz),-88.1,-9.9,5.3,83.4,28.6,88.1
2026-01-20 20:00:00,KYIV-010-1,KYIV-010,Band 3 (1800MHz),-86.2,-14.3,18.8,75.0,32.3,130.0
2026-01-20 20:00:00,KYIV-010-2,KYIV-010,Band 3 (1800MHz),-91.5,-12.4,11.7,80.6,35.4,101.0
2026-01-20 20:00:00,KYIV-010-3,KYIV-010,Band 3 (1800MHz),-91.4,-8.1,13.2,58.5,46.6,90.8
2026-01-20 20:00:00,KYIV-011-1,KYIV-011,Band 1 (2100MHz),-90.1,-9.5,7.3,58.4,37.3,110.8
2026-01-20 20:00:00,KYIV-011-2,KYIV-011,Band 1 (2100MHz),-86.6,-13.2,5.6,62.8,25.0,129.1
2026-01-20 20:00:00,KYIV-011-3,KYIV-011,Band 1 (2100MHz),-82.1,-9.5,3.3,61.1,29.0,94.0
2026-01-20 20:00:00,KYIV-012-1,KYIV-012,Band 3 (1800MHz),-85.7,-7.5,21.6,74.8,37.9,80.7
2026-01-20 20:00:00,KYIV-012-2,KYIV-012,Band 3 (1800MHz),-81.0,-10.0,7.7,64.3,19.3,105.0
2026-01-20 20:00:00,KYIV-012-3,KYIV-012,Band 3 (1800MHz),-83.9,-14.2,9.9,36.2,28.2,95.7
2026-01-20 20:00:00,KYIV-013-1,KYIV-013,Band 1 (2100MHz),-81.4,-8.5,11.7,60.2,30.7,137.9
2026-01-20 20:00:00,KYIV-013-2,KYIV-013,Band 1 (2100MHz),-84.5,-9.7,12.7,84.4,36.9,60.3
2026-01-20 20:00:00,KYIV-013-3,KYIV-013,Band 1 (2100MHz),-88.6,-12.3,18.4,55.8,47.0,109.8
2026-01-20 20:00:00,KYIV-014-1,KYIV-014,Band 3 (1800MHz),-93.3,-9.4,7.6,62.5,36.6,116.5
2026-01-20 20:00:00,KYIV-014-2,KYIV-014,Band 3 (1800MHz),-99.8,-14.9,5.3,94.2,30.5,124.9
2026-01-20 20:00:00,KYIV-014-3,KYIV-014,Band 3 (1800MHz),-85.1,-10.5,11.0,49.4,47.2,85.4
2026-01-20 20:00:00,KYIV-015-1,KYIV-015,Band 1 (2100MHz),-93.6,-9.4,6.4,82.2,54.0,116.0
2026-01-20 20:00:00,KYIV-015-2,KYIV-015,Band 1 (2100MHz),-84.9,-13.1,8.8,69.4,24.4,94.4
2026-01-20 20:00:00,KYIV-015-3,KYIV-015,Band 1 (2100MHz),-87.9,-9.7,16.3,50.8,36.2,117.6
2026-01-20 20:00:00,KYIV-016-1,KYIV-016,Band 3 (1800MHz),-90.1,-12.5,2.3,74.9,30.4,58.5
2026-01-20 20:00:00,KYIV-016-2,KYIV-016,Band 3 (1800MHz),-89.4,-10.6,13.7,68.0,36.1,143.0
2026-01-20 20:00:00,KYIV-016-3,KYIV-016,Band 3 (1800MHz),-83.7,-10.9,11.9,48.3,44.5,99.1
2026-01-20 21:00:00,KYIV-001-1,KYIV-001,Band 1 (2100MHz),-93.6,-5.9,7.4,19.6,10.0,14.6
2026-01-20 21:00:00,KYIV-001-2,KYIV-001,Band 1 (2100MHz),-89.1,-8.2,15.8,9.4,3.8,40.3
2026-01-20 21:00:00,KYIV-001-3,KYIV-001,Band 1 (2100MHz),-86.5,-9.8,18.3,17.3,20.6,55.4
2026-01-20 21:00:00,KYIV-002-1,KYIV-002,Band 3 (1800MHz),-104.0,-12.9,9.7,13.8,21.7,0.0
2026-01-20 21:00:00,KYIV-002-2,KYIV-002,Band 3 (1800MHz),-102.5,-14.5,8.4,12.9,0.0,74.4
2026-01-20 21:00:00,KYIV-002-3,KYIV-002,Band 3 (1800MHz),-81.8,-7.4,7.0,17.9,26.6,17.4
2026-01-20 21:00:00,KYIV-003-1,KYIV-003,Band 1 (2100MHz),-85.4,-9.2,16.0,25.7,0.0,0.0
2026-01-20 21:00:00,KYIV-003-2,KYIV-003,Band 1 (2100MHz),-73.1,-11.1,14.1,9.9,8.4,10.5
2026-01-20 21:00:00,KYIV-003-3,KYIV-003,Band 1 (2100MHz),-89.7,-9.4,10.7,53.8,5.9,84.6
2026-01-20 21:00:00,KYIV-004-1,KYIV-004,Band 3 (1800MHz),-87.7,-9.5,16.0,0.0,1.6,0.0
2026-01-20 21:00:00,KYIV-004-2,KYIV-004,Band 3 (1800MHz),-86.5,-7.9,4.6,17.5,7.6,30.8
2026-01-20 21:00:00,KYIV-004-3,KYIV-004,Band 3 (1800MHz),-86.1,-5.6,15.7,13.3,20.7,49.0
2026-01-20 21:00:00,KYIV-005-1,KYIV-005,Band 1 (2100MHz),-85.7,-6.8,11.4,21.4,14.8,51.7
2026-01-20 21:00:00,KYIV-005-2,KYIV-005,Band 1 (2100MHz),-88.2,-11.4,10.3,23.0,7.0,3.1
2026-01-20 21:00:00,KYIV-005-3,KYIV-005,Band 1 (2100MHz),-98.3,-7.8,6.8,40.0,9.7,40.3
2026-01-20 21:00:00,KYIV-006-1,KYIV-006,Band 3 (1800MHz),-93.5,-7.4,14.4,3.8,3.7,6.0
2026-01-20 21:00:00,KYIV-006-2,KYIV-006,Band 3 (1800MHz),-86.8,-5.8,15.2,31.8,10.2,44.4
2026-01-20 21:00:00,KYIV-006-3,KYIV-006,Band 3 (1800MHz),-83.6,-11.5,18.6,2.3,10.4,28.5
2026-01-20 21:00:00,KYIV-007-1,KYIV-007,Band 1 (2100MHz),-91.4,-11.8,4.3,32.3,14.6,57.4
2026-01-20 21:00:00,KYIV-007-2,KYIV-007,Band 1 (2100MHz),-85.6,-9.1,14.4,25.6,6.4,29.5
2026-01-20 21:00:00,KYIV-007-3,KYIV-007,Band 1 (2100MHz),-90.8,-8.8,20.8,25.6,0.0,22.3
2026-01-20 21:00:00,KYIV-008-1,KYIV-008,Band 3 (1800MHz),-92.9,-7.7,6.0,30.8,14.2,0.0
2026-01-20 21:00:00,KYIV-008-2,KYIV-008,Band 3 (1800MHz),-91.6,-11.0,21.8,9.1,11.8,0.0
2026-01-20 21:00:00,KYIV-008-3,KYIV-008,Band 3 (1800MHz),-80.8,-10.1,7.9,0.0,20.3,39.3
2026-01-20 21:00:00,KYIV-009-1,KYIV-009,Band 1 (2100MHz),-92.7,-6.7,12.2,13.0,15.0,44.2
2026-01-20 21:00:00,KYIV-009-2,KYIV-009,Band 1 (2100MHz),-91.0,-9.6,10.9,32.2,7.7,67.4
2026-01-20 21:00:00,KYIV-009-3,KYIV-009,Band 1 (2100MHz),-92.6,-9.9,11.3,28.9,10.6,11.4
2026-01-20 21:00:00,KYIV-010-1,KYIV-010,Band 3 (1800MHz),-86.9,-10.0,10.2,32.1,14.4,67.5
2026-01-20 21:00:00,KYIV-010-2,KYIV-010,Band 3 (1800MHz),-82.7,-8.2,10.4,7.1,14.4,23.6
2026-01-20 21:00:00,KYIV-010-3,KYIV-010,Band 3 (1800MHz),-93.9,-7.7,12.9,9.6,0.0,24.6
2026-01-20 21:00:00,KYIV-011-1,KYIV-011,Band 1 (2100MHz),-90.4,-5.7,6.1,20.4,8.1,34.0
2026-01-20 21:00:00,KYIV-011-2,KYIV-011,Band 1 (2100MHz),-85.7,-8.4,8.2,31.1,27.4,6.1
2026-01-20 21:00:00,KYIV-011-3,KYIV-011,Band 1 (2100MHz),-81.9,-9.5,11.2,10.0,23.4,13.4
2026-01-20 21:00:00,KYIV-012-1,KYIV-012,Band 3 (1800MHz),-85.4,-6.3,12.9,16.2,0.0,34.0
2026-01-20 21:00:00,KYIV-012-2,KYIV-012,Band 3 (1800MHz),-86.1,-11.5,17.4,18.1,8.5,50.9
2026-01-20 21:00:00,KYIV-012-3,KYIV-012,Band 3 (1800MHz),-86.8,-7.6,22.2,20.0,3.3,38.2
2026-01-20 21:00:00,KYIV-013-1,KYIV-013,Band 1 (2100MHz),-88.9,-10.4,8.2,11.5,1.4,37.5
2026-01-20 21:00:00,KYIV-013-2,KYIV-013,Band 1 (2100MHz),-85.3,-6.5,14.3,24.0,21.1,30.0
2026-01-20 21:00:00,KYIV-013-3,KYIV-013,Band 1 (2100MHz),-89.6,-10.5,9.8,9.9,35.2,49.9
2026-01-20 21:00:00,KYIV-014-1,KYIV-014,Band 3 (1800MHz),-94.8,-11.0,13.7,26.4,11.6,3.7
2026-01-20 21:00:00,KYIV-014-2,KYIV-014,Band 3 (1800MHz),-103.3,-15.8,-0.1,0.0,7.0,19.7
2026-01-20 21:00:00,KYIV-014-3,KYIV-014,Band 3 (1800MHz),-89.6,-9.9,15.0,0.0,21.5,44.3
2026-01-20 21:00:00,KYIV-015-1,KYIV-015,Band 1 (2100MHz),-87.2,-11.1,11.0,21.1,12.5,0.7
2026-01-20 21:00:00,KYIV-015-2,KYIV-015,Band 1 (2100MHz),-80.7,-10.3,21.2,11.3,9.1,56.8
2026-01-20 21:00:00,KYIV-015-3,KYIV-015,Band 1 (2100MHz),-84.1,-7.6,19.5,0.0,1.3,23.6
2026-01-20 21:00:00,KYIV-016-1,KYIV-016,Band 3 (1800MHz),-83.1,-9.3,15.1,12.8,33.2,13.3
2026-01-20 21:00:00,KYIV-016-2,KYIV-016,Band 3 (1800MHz),-91.3,-5.7,16.9,24.2,17.5,0.0
2026-01-20 21:00:00,KYIV-016-3,KYIV-016,Band 3 (1800MHz),-86.0,-11.6,16.2,10.0,8.7,59.9
2026-01-20 22:00:00,KYIV-001-1,KYIV-001,Band 1 (2100MHz),-88.6,-5.4,9.7,0.0,10.3,0.0
2026-01-20 22:00:00,KYIV-001-2,KYIV-001,Band 1 (2100MHz),-89.1,-5.4,6.4,7.9,0.0,10.4
2026-01-20 22:00:00,KYIV-001-3,KYIV-001,Band 1 (2100MHz),-90.9,-10.2,13.9,0.0,4.7,25.8
2026-01-20 22:00:00,KYIV-002-1,KYIV-002,Band 3 (1800MHz),-98.3,-12.7,0.6,1.2,2.0,32.1
2026-01-20 22:00:00,KYIV-002-2,KYIV-002,Band 3 (1800MHz),-96.5,-10.7,7.5,6.5,17.1,37.5
2026-01-20 22:00:00,KYIV-002-3,KYIV-002,Band 3 (1800MHz),-91.7,-6.1,12.6,16.6,11.8,19.4
2026-01-20 22:00:00,KYIV-003-1,KYIV-003,Band 1 (2100MHz),-88.3,-10.7,12.5,0.0,2.2,25.4
2026-01-20 22:00:00,KYIV-003-2,KYIV-003,Band 1 (2100MHz),-83.5,-9.0,18.9,7.4,0.0,31.8
2026-01-20 22:00:00,KYIV-003-3,KYIV-003,Band 1 (2100MHz),-92.2,-9.4,11.3,11.4,0.0,0.0
2026-01-20 22:00:00,KYIV-004-1,KYIV-004,Band 3 (1800MHz),-86.9,-5.3,14.8,17.3,0.2,5.0
2026-01-20 22:00:00,KYIV-004-2,KYIV-004,Band 3 (1800MHz),-88.3,-5.5,19.7,2.2,5.6,2.2
2026-01-20 22:00:00,KYIV-004-3,KYIV-004,Band 3 (1800MHz),-84.0,-7.1,15.2,25.0,9.5,2.1
2026-01-20 22:00:00,KYIV-005-1,KYIV-005,Band 1 (2100MHz),-88.2,-5.9,15.9,6.8,0.0,51.0
2026-01-20 22:00:00,KYIV-005-2,KYIV-005,Band 1 (2100MHz),-91.9,-7.3,20.0,0.0,1.8,19.2
2026-01-20 22:00:00,KYIV-005-3,KYIV-005,Band 1 (2100MHz),-92.7,-11.0,4.9,17.6,16.5,5.1
2026-01-20 22:00:00,KYIV-006-1,KYIV-006,Band 3 (1800MHz),-83.9,-5.6,7.4,18.6,0.0,0.0
2026-01-20 22:00:00,KYIV-006-2,KYIV-006,Band 3 (1800MHz),-82.1,-6.7,4.3,3.7,3.4,11.8
2026-01-20 22:00:00,KYIV-006-3,KYIV-006,Band 3 (1800MHz),-81.5,-8.1,11.8,0.0,24.2,0.0
2026-01-20 22:00:00,KYIV-007-1,KYIV-007,Band 1 (2100MHz),-83.9,-9.8,8.1,9.9,20.1,33.6
2026-01-20 22:00:00,KYIV-007-2,KYIV-007,Band 1 (2100MHz),-86.9,-8.9,6.0,8.0,4.5,6.5
2026-01-20 22:00:00,KYIV-007-3,KYIV-007,Band 1 (2100MHz),-87.8,-9.0,14.9,1.8,0.0,30.2
2026-01-20 22:00:00,KYIV-008-1,KYIV-008,Band 3 (1800MHz),-84.6,-5.0,17.4,1.6,9.3,1.8
2026-01-20 22:00:00,KYIV-008-2,KYIV-008,Band 3 (1800MHz),-91.0,-9.6,14.9,4.4,0.0,9.8
2026-01-20 22:00:00,KYIV-008-3,KYIV-008,Band 3 (1800MHz),-90.7,-3.2,8.6,6.0,6.5,16.2
2026-01-20 22:00:00,KYIV-009-1,KYIV-009,Band 1 (2100MHz),-83.4,-11.4,12.2,1.5,5.3,26.7
2026-01-20 22:00:00,KYIV-009-2,KYIV-009,Band 1 (2100MHz),-84.2,-5.5,14.1,8.5,13.2,24.9
2026-01-20 22:00:00,KYIV-009-3,KYIV-009,Band 1 (2100MHz),-86.2,-7.1,21.0,10.2,3.3,33.5
2026-01-20 22:00:00,KYIV-010-1,KYIV-010,Band 3 (1800MHz),-93.4,-8.4,15.4,8.1,3.3,7.7
2026-01-20 22:00:00,KYIV-010-2,KYIV-010,Band 3 (1800MHz),-88.9,-7.8,24.0,19.5,0.0,0.0
2026-01-20 22:00:00,KYIV-010-3,KYIV-010,Band 3 (1800MHz),-83.5,-8.4,19.3,14.7,9.6,29.2
2026-01-20 22:00:00,KYIV-011-1,KYIV-011,Band 1 (2100MHz),-81.3,-11.0,14.4,3.4,15.4,0.0
2026-01-20 22:00:00,KYIV-011-2,KYIV-011,Band 1 (2100MHz),-88.1,-7.6,13.1,17.1,0.0,0.0
2026-01-20 22:00:00,KYIV-011-3,KYIV-011,Band 1 (2100MHz),-84.7,-7.2,17.7,0.0,7.0,20.1
2026-01-20 22:00:00,KYIV-012-1,KYIV-012,Band 3 (1800MHz),-92.4,-8.3,13.2,22.0,0.0,0.0
2026-01-20 22:00:00,KYIV-012-2,KYIV-012,Band 3 (1800MHz),-89.8,-9.1,9.8,0.6,0.0,17.2
2026-01-20 22:00:00,KYIV-012-3,KYIV-012,Band 3 (1800MHz),-81.2,-7.8,13.0,11.8,0.0,41.7
2026-01-20 22:00:00,KYIV-013-1,KYIV-013,Band 1 (2100MHz),-84.2,-10.1,13.2,0.0,4.5,0.0
2026-01-20 22:00:00,KYIV-013-2,KYIV-013,Band 1 (2100MHz),-90.1,-5.3,11.2,22.3,0.0,57.5
2026-01-20 22:00:00,KYIV-013-3,KYIV-013,Band 1 (2100MHz),-84.4,-7.1,2.6,7.4,15.4,0.0
2026-01-20 22:00:00,KYIV-014-1,KYIV-014,Band 3 (1800MHz),-87.4,-7.4,8.6,0.0,9.8,0.0
2026-01-20 22:00:00,KYIV-014-2,KYIV-014,Band 3 (1800MHz),-92.8,-11.6,11.6,23.1,5.2,59.0
2026-01-20 22:00:00,KYIV-014-3,KYIV-014,Band 3 (1800MHz),-93.0,-6.8,19.1,16.7,0.0,3.4
2026-01-20 22:00:00,KYIV-015-1,KYIV-015,Band 1 (2100MHz),-85.6,-11.0,10.5,14.3,0.8,0.0
2026-01-20 22:00:00,KYIV-015-2,KYIV-015,Band 1 (2100MHz),-82.6,-6.1,10.5,15.9,8.6,29.8
2026-01-20 22:00:00,KYIV-015-3,KYIV-015,Band 1 (2100MHz),-86.7,-8.7,15.3,14.9,8.4,0.0
2026-01-20 22:00:00,KYIV-016-1,KYIV-016,Band 3 (1800MHz),-83.2,-4.6,25.0,24.2,12.6,2.7
2026-01-20 22:00:00,KYIV-016-2,KYIV-016,Band 3 (1800MHz),-92.1,-11.2,16.1,0.0,1.5,29.6
2026-01-20 22:00:00,KYIV-016-3,KYIV-016,Band 3 (1800MHz),-90.3,-9.1,15.4,0.0,11.3,2.8
2026-01-20 23:00:00,KYIV-001-1,KYIV-001,Band 1 (2100MHz),-86.5,-10.1,15.2,3.3,0.0,13.7
2026-01-20 23:00:00,KYIV-001-2,KYIV-001,Band 1 (2100MHz),-91.1,-7.8,7.3,1.8,6.8,0.0
2026-01-20 23:00:00,KYIV-001-3,KYIV-001,Band 1 (2100MHz),-91.9,-6.8,5.5,9.4,4.2,7.6
2026-01-20 23:00:00,KYIV-002-1,KYIV-002,Band 3 (1800MHz),-105.1,-8.8,-2.7,0.0,0.0,31.1
2026-01-20 23:00:00,KYIV-002-2,KYIV-002,Band 3 (1800MHz),-101.5,-14.8,4.8,21.8,9.0,25.2
2026-01-20 23:00:00,KYIV-002-3,KYIV-002,Band 3 (1800MHz),-88.0,-5.4,13.3,0.0,0.0,0.0
2026-01-20 23:00:00,KYIV-003-1,KYIV-003,Band 1 (2100MHz),-86.5,-5.8,15.8,0.0,0.0,13.2
2026-01-20 23:00:00,KYIV-003-2,KYIV-003,Band 1 (2100MHz),-90.7,-6.4,1.8,8.1,13.1,18.7
2026-01-20 23:00:00,KYIV-003-3,KYIV-003,Band 1 (2100MHz),-88.7,-8.5,5.5,5.0,13.2,30.3
2026-01-20 23:00:00,KYIV-004-1,KYIV-004,Band 3 (1800MHz),-89.6,-6.3,14.8,14.6,9.2,0.0
2026-01-20 23:00:00,KYIV-004-2,KYIV-004,Band 3 (1800MHz),-83.8,-8.5,14.4,33.0,3.4,0.0
2026-01-20 23:00:00,KYIV-004-3,KYIV-004,Band 3 (1800MHz),-87.4,-6.2,6.8,4.1,17.0,0.3
2026-01-20 23:00:00,KYIV-005-1,KYIV-005,Band 1 (2100MHz),-87.6,-9.3,14.3,2.0,18.5,34.9
2026-01-20 23:00:00,KYIV-005-2,KYIV-005,Band 1 (2100MHz),-90.2,-6.8,3.7,0.0,13.1,0.0
2026-01-20 23:00:00,KYIV-005-3,KYIV-005,Band 1 (2100MHz),-93.9,-13.0,7.7,0.0,12.5,13.7
2026-01-20 23:00:00,KYIV-006-1,KYIV-006,Band 3 (1800MHz),-90.1,-8.1,10.3,0.0,6.5,12.6
2026-01-20 23:00:00,KYIV-006-2,KYIV-006,Band 3 (1800MHz),-93.4,-4.8,13.6,26.1,11.0,0.0
2026-01-20 23:00:00,KYIV-006-3,KYIV-006,Band 3 (1800MHz),-86.7,-4.9,19.0,0.0,7.5,34.0
2026-01-20 23:00:00,KYIV-007-1,KYIV-007,Band 1 (2100MHz),-80.2,-8.8,8.1,7.8,18.0,3.0
2026-01-20 23:00:00,KYIV-007-2,KYIV-007,Band 1 (2100MHz),-78.4,-8.0,18.4,8.0,14.7,32.3
2026-01-20 23:00:00,KYIV-007-3,KYIV-007,Band 1 (2100MHz),-89.0,-8.0,5.5,9.8,9.4,22.7
2026-01-20 23:00:00,KYIV-008-1,KYIV-008,Band 3 (1800MHz),-84.0,-7.5,6.2,12.5,0.0,0.0
2026-01-20 23:00:00,KYIV-008-2,KYIV-008,Band 3 (1800MHz),-81.7,-11.8,20.0,0.0,14.7,0.0
2026-01-20 23:00:00,KYIV-008-3,KYIV-008,Band 3 (1800MHz),-84.2,-12.2,13.3,10.6,2.3,7.1
2026-01-20 23:00:00,KYIV-009-1,KYIV-009,Band 1 (2100MHz),-84.6,-5.0,18.1,0.0,0.0,14.9
2026-01-20 23:00:00,KYIV-009-2,KYIV-009,Band 1 (2100MHz),-81.1,-6.2,23.6,9.5,0.0,29.2
2026-01-20 23:00:00,KYIV-009-3,KYIV-009,Band 1 (2100MHz),-93.3,-10.8,12.7,0.0,14.8,51.0
2026-01-20 23:00:00,KYIV-010-1,KYIV-010,Band 3 (1800MHz),-84.8,-9.2,22.1,30.1,11.1,40.1
2026-01-20 23:00:00,KYIV-010-2,KYIV-010,Band 3 (1800MHz),-82.9,-8.8,16.6,12.4,0.0,8.1
2026-01-20 23:00:00,KYIV-010-3,KYIV-010,Band 3 (1800MHz),-83.3,-10.7,16.5,25.8,5.6,24.1
2026-01-20 23:00:00,KYIV-011-1,KYIV-011,Band 1 (2100MHz),-92.1,-7.0,12.8,7.4,6.4,34.3
2026-01-20 23:00:00,KYIV-011-2,KYIV-011,Band 1 (2100MHz),-84.3,-6.5,13.7,0.0,8.1,21.0
2026-01-20 23:00:00,KYIV-011-3,KYIV-011,Band 1 (2100MHz),-80.6,-4.4,5.8,20.2,0.0,10.5
2026-01-20 23:00:00,KYIV-012-1,KYIV-012,Band 3 (1800MHz),-81.1,-7.6,16.5,10.4,0.0,42.3
2026-01-20 23:00:00,KYIV-012-2,KYIV-012,Band 3 (1800MHz),-81.3,-6.2,9.5,0.6,23.5,12.7
2026-01-20 23:00:00,KYIV-012-3,KYIV-012,Band 3 (1800MHz),-89.3,-10.8,12.7,8.6,14.5,33.5
2026-01-20 23:00:00,KYIV-013-1,KYIV-013,Band 1 (2100MHz),-78.6,-10.2,12.4,3.0,11.7,15.3
2026-01-20 23:00:00,KYIV-013-2,KYIV-013,Band 1 (2100MHz),-84.4,-8.1,15.3,22.2,31.1,16.5
2026-01-20 23:00:00,KYIV-013-3,KYIV-013,Band 1 (2100MHz),-83.7,-3.3,16.6,15.9,26.7,24.9
2026-01-20 23:00:00,KYIV-014-1,KYIV-014,Band 3 (1800MHz),-87.3,-6.3,5.1,13.0,11.6,15.5
2026-01-20 23:00:00,KYIV-014-2,KYIV-014,Band 3 (1800MHz),-96.7,-12.5,7.5,0.9,2.8,22.1
2026-01-20 23:00:00,KYIV-014-3,KYIV-014,Band 3 (1800MHz),-78.7,-7.7,17.5,0.7,6.4,45.6
2026-01-20 23:00:00,KYIV-015-1,KYIV-015,Band 1 (2100MHz),-86.3,-8.2,17.3,7.9,7.3,0.0
2026-01-20 23:00:00,KYIV-015-2,KYIV-015,Band 1 (2100MHz),-87.9,-6.2,19.4,4.0,5.3,27.5
2026-01-20 23:00:00,KYIV-015-3,KYIV-015,Band 1 (2100MHz),-84.6,-6.8,21.8,2.6,15.2,0.0
2026-01-20 23:00:00,KYIV-016-1,KYIV-016,Band 3 (1800MHz),-87.1,-7.1,7.7,40.6,3.3,8.3
2026-01-20 23:00:00,KYIV-016-2,KYIV-016,Band 3 (1800MHz),-85.4,-7.1,18.8,19.3,0.0,0.0
2026-01-20 23:00:00,KYIV-016-3,KYIV-016,Band 3 (1800MHz),-94.8,-9.8,14.0,12.4,28.0,13.3
